source_index,J,parity,original_rank,observed_cm,state,v,Lambda,Sigma,Omega,input_weight,calculated_cm,residual_cm,ef
1,0.0,+,1,0.0,1,0,0.0,0.0,0.0,1.0,0.0,0.0,e
2,0.0,+,2,792.6879589,1,1,0.0,0.0,0.0,1.0,792.692786010189,-0.004827110189012274,e
3,1.0,-,1,1.0999934,1,0,0.0,0.0,0.0,1.0,1.099981482507,1.191749300000211e-05,e
4,1.0,-,2,793.7780516,1,1,0.0,0.0,0.0,1.0,793.782864256841,-0.0048126568409543324,e
5,2.0,+,1,3.2998689,1,0,0.0,0.0,0.0,1.0,3.299919318862,-5.0418862000078946e-05,e
6,2.0,+,2,795.9588465,1,1,0.0,0.0,0.0,1.0,795.962995667183,-0.0041491671829589905,e
7,2.0,+,3,1579.0919263,1,2,0.0,0.0,0.0,1.0,1579.095364740753,-0.0034384407529159944,e
8,3.0,-,1,6.6001029,1,0,0.0,0.0,0.0,1.0,6.59976325161,0.0003396483900006686,e
9,3.0,-,2,799.2279753,1,1,0.0,0.0,0.0,1.0,799.233130074931,-0.005154774930929307,e
10,3.0,-,3,1582.3331811,1,2,0.0,0.0,0.0,1.0,1582.336009876803,-0.0028287768029713334,e
11,3.0,-,4,2356.0276841,1,3,0.0,0.0,0.0,1.0,2356.02992409216,-0.0022399921599571826,e
12,4.0,+,1,10.9993343,1,0,0.0,0.0,0.0,1.0,10.999437893895,-0.00010359389500003147,e
13,4.0,+,2,803.5884402,1,1,0.0,0.0,0.0,1.0,803.59319223023,-0.0047520302299517425,e
14,4.0,+,3,1586.6534244,1,2,0.0,0.0,0.0,1.0,1586.656753233167,-0.003328833166960976,e
15,4.0,+,4,2360.3104926,1,3,0.0,0.0,0.0,1.0,2360.311635054675,-0.0011424546751186426,e
16,5.0,-,1,16.4991429,1,0,0.0,0.0,0.0,1.0,16.498842728604,0.00030017139599891607,e
17,5.0,-,2,809.0387112,1,1,0.0,0.0,0.0,1.0,809.043081798609,-0.004370598609057197,e
18,5.0,-,3,1592.0545342,1,2,0.0,0.0,0.0,1.0,1592.057494672547,-0.002960472546874371,e
19,5.0,-,4,2365.6626361,1,3,0.0,0.0,0.0,1.0,2365.66358639508,-0.000950295080201613,e
20,6.0,+,1,23.0981464,1,0,0.0,0.0,0.0,1.0,23.097852107611,0.00029429238900036125,e
21,6.0,+,2,815.57832,1,1,0.0,0.0,0.0,1.0,815.582673360202,-0.004353360202003387,e
22,6.0,+,3,1598.5351639,1,2,0.0,0.0,0.0,1.0,1598.53810902167,-0.0029451216698817007,e
23,6.0,+,4,2372.0847113,1,3,0.0,0.0,0.0,1.0,2372.08565320233,-0.000941902329941513,e
24,6.0,+,5,3136.3425996,1,4,0.0,0.0,0.0,1.0,3136.342034097418,0.0005655025820487936,e
25,7.0,-,1,30.7966019,1,0,0.0,0.0,0.0,1.0,30.796315250253,0.0002866497470002116,e
26,7.0,-,2,823.2074826,1,1,0.0,0.0,0.0,1.0,823.211816408553,-0.004333808552928531,e
27,7.0,-,3,1606.0955222,1,2,0.0,0.0,0.0,1.0,1606.098446070008,-0.0029238700080895796,e
28,7.0,-,4,2379.5767527,1,3,0.0,0.0,0.0,1.0,2379.577685580734,-0.0009328807341262291,e
29,7.0,-,5,3143.7668204,1,4,0.0,0.0,0.0,1.0,3143.766255234996,0.0005651650039908418,e
30,8.0,+,1,39.5943332,1,0,0.0,0.0,0.0,1.0,39.594056241824,0.0002769581760020401,e
31,8.0,+,2,831.9260231,1,1,0.0,0.0,0.0,1.0,831.930335348887,-0.004312248887003989,e
32,8.0,+,3,1614.7354301,1,2,0.0,0.0,0.0,1.0,1614.738330568202,-0.0029004682019149186,e
33,8.0,+,4,2388.1385852,1,3,0.0,0.0,0.0,1.0,2388.139508648286,-0.0009234482863575977,e
34,8.0,+,5,3152.2511462,1,4,0.0,0.0,0.0,1.0,3152.250580851,0.0005653490002259787,e
35,9.0,-,1,49.4911422,1,0,0.0,0.0,0.0,1.0,49.49087403186,0.0002681681399963054,e
36,9.0,-,2,841.7337449,1,1,0.0,0.0,0.0,1.0,841.738029496629,-0.0042845966289633,e
37,9.0,-,3,1624.454688,1,2,0.0,0.0,0.0,1.0,1624.457562226563,-0.0028742265628807218,e
38,9.0,-,4,2397.7704295,1,3,0.0,0.0,0.0,1.0,2397.770922535291,-0.0004930352911287628,e
39,9.0,-,5,3161.7980513,1,4,0.0,0.0,0.0,1.0,3161.794811519646,0.0032397803543062764,e
40,10.0,+,1,60.4868037,1,0,0.0,0.0,0.0,1.0,60.486542432088,0.0002612679120019834,e
41,10.0,+,2,852.6304169,1,1,0.0,0.0,0.0,1.0,852.634673075367,-0.004256175367004289,e
42,10.0,+,3,1635.253072,1,2,0.0,0.0,0.0,1.0,1635.255915713123,-0.002843713122956615,e
43,10.0,+,4,2408.4697709,1,3,0.0,0.0,0.0,1.0,2408.471702382423,-0.001931482422605768,e
44,10.0,+,5,3172.3969891,1,4,0.0,0.0,0.0,1.0,3172.398722881292,-0.001733781291932246,e
45,10.0,+,6,6137.479694,1,8,0.0,0.0,0.0,1.0,6137.485067372172,-0.005373372172471136,e
46,11.0,-,1,72.5810636,1,0,0.0,0.0,0.0,1.0,72.580810114059,0.0002534859409877299,e
47,11.0,-,2,864.6157918,1,1,0.0,0.0,0.0,1.0,864.620015214585,-0.004223414584998864,e
48,11.0,-,3,1647.1303315,1,2,0.0,0.0,0.0,1.0,1647.133140651446,-0.0028091514459447353,e
49,11.0,-,4,2420.2408384,1,3,0.0,0.0,0.0,1.0,2420.241598338686,-0.0007599386858601065,e
50,11.0,-,5,3184.0589839,1,4,0.0,0.0,0.0,1.0,3184.062065640308,-0.0030817403080618533,e
51,11.0,-,6,5420.9274237,1,7,0.0,0.0,0.0,1.0,5420.92937587533,-0.0019521753301887657,e
52,12.0,+,1,85.7734732,1,0,0.0,0.0,0.0,1.0,85.773400606563,7.259343699672627e-05,e
53,12.0,+,2,877.6892945,1,1,0.0,0.0,0.0,1.0,877.693779947184,-0.004485447184038094,e
54,12.0,+,3,1660.0864698,1,2,0.0,0.0,0.0,1.0,1660.088961618234,-0.0024918182339206396,e
55,12.0,+,4,2433.0798513,1,3,0.0,0.0,0.0,1.0,2433.080335558921,-0.0004842589210056758,e
56,12.0,+,5,3196.7851948,1,4,0.0,0.0,0.0,1.0,3196.784565562728,0.0006292372722782602,e
57,12.0,+,6,4696.7856526,1,6,0.0,0.0,0.0,1.0,4696.785887676599,-0.0002350765989831416,e
58,12.0,+,7,6160.993195,1,8,0.0,0.0,0.0,1.0,6160.995956545858,-0.0027615458575382945,e
59,13.0,-,1,100.0642708,1,0,0.0,0.0,0.0,1.0,100.064012292844,0.0002585071560048391,e
60,13.0,-,2,891.8512602,1,1,0.0,0.0,0.0,1.0,891.855666206817,-0.00440600681702108,e
61,13.0,-,3,1674.120561,1,2,0.0,0.0,0.0,1.0,1674.123078140767,-0.002517140766940429,e
62,13.0,-,4,2446.9875729,1,3,0.0,0.0,0.0,1.0,2446.987614201489,-4.130148909098352e-05,e
63,13.0,-,5,3210.565811,1,4,0.0,0.0,0.0,1.0,3210.565923473876,-0.00011247387601542869,e
64,13.0,-,6,3964.9718701,1,5,0.0,0.0,0.0,1.0,3964.971882479048,-1.2379047802824061e-05,e
65,13.0,-,7,4710.3179569,1,6,0.0,0.0,0.0,1.0,4710.318139501313,-0.00018260131309943972,e
66,13.0,-,8,5446.717117,1,7,0.0,0.0,0.0,1.0,5446.717299928159,-0.00018292815911991056,e
67,14.0,+,1,115.4525736,1,0,0.0,0.0,0.0,1.0,115.452318407602,0.00025519239800075866,e
68,14.0,+,2,907.1012758,1,1,0.0,0.0,0.0,1.0,907.105347824954,-0.00407202495398451,e
69,14.0,+,3,1689.2324615,1,2,0.0,0.0,0.0,1.0,1689.235164693947,-0.0027031939468997734,e
70,14.0,+,4,2461.962767,1,3,0.0,0.0,0.0,1.0,2461.963109425356,-0.000342425355938758,e
71,14.0,+,5,3225.4067859,1,4,0.0,0.0,0.0,1.0,3225.405815255678,0.0009706443220238725,e
72,14.0,+,6,3979.6769907,1,5,0.0,0.0,0.0,1.0,3979.677152255699,-0.00016155569937836844,e
73,14.0,+,7,4724.8905283,1,6,0.0,0.0,0.0,1.0,4724.889770793962,0.0007575060380986542,e
74,14.0,+,8,5461.1550254,1,7,0.0,0.0,0.0,1.0,5461.156285760296,-0.00126036029541865,e
75,15.0,-,1,131.9379149,1,0,0.0,0.0,0.0,1.0,131.937967033483,-5.21334829954867e-05,e
76,15.0,-,2,923.4386243,1,1,0.0,0.0,0.0,1.0,923.442473527542,-0.0038492275419912403,e
77,15.0,-,3,1705.4227595,1,2,0.0,0.0,0.0,1.0,1705.424870697218,-0.0021111972180278826,e
78,15.0,-,4,2478.0080176,1,3,0.0,0.0,0.0,1.0,2478.006471386948,0.0015462130522791995,e
79,15.0,-,5,3241.3045429,1,4,0.0,0.0,0.0,1.0,3241.303891843607,0.0006510563930532953,e
80,15.0,-,6,3995.4317485,1,5,0.0,0.0,0.0,1.0,3995.43099523513,0.0007532648701271683,e
81,15.0,-,7,4740.499113,1,6,0.0,0.0,0.0,1.0,4740.500434182783,-0.001321182782703545,e
82,15.0,-,8,5476.6235257,1,7,0.0,0.0,0.0,1.0,5476.6248337834,-0.0013080834005450015,e
83,15.0,-,9,6203.9156294,1,8,0.0,0.0,0.0,1.0,6203.917658270217,-0.0020288702162361005,e
84,16.0,+,1,149.520503,1,0,0.0,0.0,0.0,1.0,149.520581097471,-7.809747100395725e-05,e
85,16.0,+,2,940.8628167,1,1,0.0,0.0,0.0,1.0,940.866666931649,-0.0038502316489257282,e
86,16.0,+,3,1722.6893955,1,2,0.0,0.0,0.0,1.0,1722.69182051125,-0.0024250112498975795,e
87,16.0,+,4,2495.1173125,1,3,0.0,0.0,0.0,1.0,2495.117325237196,-1.273719590244582e-05,e
88,16.0,+,5,3258.2619272,1,4,0.0,0.0,0.0,1.0,3258.259779223545,0.00214797645503495,e
89,16.0,+,6,4012.2331996,1,5,0.0,0.0,0.0,1.0,4012.233038284981,0.00016131501888594357,e
90,16.0,+,7,4757.1497897,1,6,0.0,0.0,0.0,1.0,4757.14975746818,3.2231820114247967e-05,e
91,16.0,+,8,5493.1224402,1,7,0.0,0.0,0.0,1.0,5493.122572787123,-0.0001325871235167142,e
92,17.0,-,1,168.200068,1,0,0.0,0.0,0.0,1.0,168.199758367202,0.0003096327979790203,e
93,17.0,-,2,959.3731833,1,1,0.0,0.0,0.0,1.0,959.377526541643,-0.0043432416429141085,e
94,17.0,-,3,1741.0329765,1,2,0.0,0.0,0.0,1.0,1741.035613434265,-0.0026369342651832994,e
95,17.0,-,4,2513.294796,1,3,0.0,0.0,0.0,1.0,2513.295271117704,-0.00047511770389974117,e
96,17.0,-,5,3276.2734748,1,4,0.0,0.0,0.0,1.0,3276.273078428486,0.0003963715139434498,e
97,17.0,-,6,4030.0830228,1,5,0.0,0.0,0.0,1.0,4030.082883379407,0.00013942059285909636,e
98,17.0,-,7,4774.8360906,1,6,0.0,0.0,0.0,1.0,4774.837343619904,-0.0012530199037428247,e
99,17.0,-,10,6955.8818255,1,9,0.0,0.0,0.0,1.0,6955.899990659436,-0.018165159436648537,e
100,18.0,+,1,187.9752926,1,0,0.0,0.0,0.0,1.0,187.975071446642,0.00022115335798389424,e
101,18.0,+,2,978.9710668,1,1,0.0,0.0,0.0,1.0,978.974625745355,-0.003558945354939169,e
102,18.0,+,3,1760.4533952,1,2,0.0,0.0,0.0,1.0,1760.455823698189,-0.0024284981891469215,e
103,18.0,+,4,2532.5391656,1,3,0.0,0.0,0.0,1.0,2532.53988415725,-0.0007185572499111004,e
104,18.0,+,5,3295.343989,1,4,0.0,0.0,0.0,1.0,3295.343365534728,0.0006234652719285805,e
105,18.0,+,6,4048.9805902,1,5,0.0,0.0,0.0,1.0,4048.980107595443,0.0004826045569643611,e
106,18.0,+,7,5529.1966455,1,7,0.0,0.0,0.0,1.0,5529.204015071274,-0.007369571273557085,e
107,18.0,+,8,6256.0126651,1,8,0.0,0.0,0.0,1.0,6256.017362118339,-0.004697018339356873,e
108,19.0,-,1,208.8466153,1,0,0.0,0.0,0.0,1.0,208.846067771889,0.0005475281109852403,e
109,19.0,-,2,999.6536711,1,1,0.0,0.0,0.0,1.0,999.657512809806,-0.00384170980601084,e
110,19.0,-,3,1780.9503825,1,2,0.0,0.0,0.0,1.0,1780.952000464669,-0.0016179646690943628,e
111,19.0,-,4,2552.8503663,1,3,0.0,0.0,0.0,1.0,2552.85071446769,-0.00034816768993550795,e
112,19.0,-,5,3315.4705711,1,4,0.0,0.0,0.0,1.0,3315.470191658178,0.00037944182213323074,e
113,19.0,-,6,4068.9249519,1,5,0.0,0.0,0.0,1.0,4068.924263109135,0.0006887908648423036,e
114,19.0,-,7,4813.3259189,1,6,0.0,0.0,0.0,1.0,4813.32559222661,0.0003266733901909902,e
115,19.0,-,8,5548.7849651,1,7,0.0,0.0,0.0,1.0,5548.786852097141,-0.0018869971409003483,e
116,20.0,+,1,230.8116135,1,0,0.0,0.0,0.0,1.0,230.812269606208,-0.0006561062079981639,e
117,20.0,+,2,1021.4225216,1,1,0.0,0.0,0.0,1.0,1021.425710876509,-0.003189276509033334,e
118,20.0,+,3,1802.521403,1,2,0.0,0.0,0.0,1.0,1802.523667820642,-0.002264820642039922,e
119,20.0,+,4,2574.2275772,1,3,0.0,0.0,0.0,1.0,2574.227287139835,0.0002900601648434531,e
120,20.0,+,5,3336.653174,1,4,0.0,0.0,0.0,1.0,3336.653082950153,9.104984701480134e-05,e
121,20.0,+,6,4089.9152117,1,5,0.0,0.0,0.0,1.0,4089.914877191766,0.0003345082336636551,e
122,20.0,+,7,4834.123355,1,6,0.0,0.0,0.0,1.0,4834.125336435265,-0.001981435265406617,e
123,20.0,+,8,5569.3973633,1,7,0.0,0.0,0.0,1.0,5569.397147587334,0.0002157126655220054,e
124,21.0,-,1,253.8731121,1,0,0.0,0.0,0.0,1.0,253.873174035528,-6.193552800937141e-05,e
125,21.0,-,2,1044.2741363,1,1,0.0,0.0,0.0,1.0,1044.278717957247,-0.004581657246944815,e
126,21.0,-,3,1825.1687953,1,2,0.0,0.0,0.0,1.0,1825.170324773821,-0.0015294738209377101,e
127,21.0,-,4,2596.6681339,1,3,0.0,0.0,0.0,1.0,2596.669102238953,-0.0009683389530437125,e
128,21.0,-,5,3358.8921152,1,4,0.0,0.0,0.0,1.0,3358.891540593206,0.0005746067936343024,e
129,21.0,-,6,4111.9509945,1,5,0.0,0.0,0.0,1.0,4111.951452205542,-0.0004577055424306309,e
130,21.0,-,7,4855.9625398,1,6,0.0,0.0,0.0,1.0,4855.961507009861,0.0010327901391065097,e
131,21.0,-,9,6317.2850927,1,8,0.0,0.0,0.0,1.0,6317.283740195919,0.0013525040812965017,e
132,21.0,-,10,7034.8142759,1,9,0.0,0.0,0.0,1.0,7034.824568217659,-0.010292317659150285,e
133,22.0,+,1,278.0282621,1,0,0.0,0.0,0.0,1.0,278.028252962801,9.137199015185615e-06,e
134,22.0,+,2,1068.2120738,1,1,0.0,0.0,0.0,1.0,1068.216006928531,-0.003933128530889007,e
135,22.0,+,3,1848.8888521,1,2,0.0,0.0,0.0,1.0,1848.89144524773,-0.0025931477300673578,e
136,22.0,+,4,2620.1755543,1,3,0.0,0.0,0.0,1.0,2620.17563479998,-8.049997995840386e-05,e
137,22.0,+,5,3382.1842316,1,4,0.0,0.0,0.0,1.0,3382.185040796223,-0.0008091962226899341,e
138,22.0,+,6,4135.033936,1,5,0.0,0.0,0.0,1.0,4135.033465599155,0.00047040084518812364,e
139,22.0,+,7,4878.8335,1,6,0.0,0.0,0.0,1.0,4878.83358271076,-8.271076058008475e-05,e
140,22.0,+,8,5613.6987423,1,7,0.0,0.0,0.0,1.0,5613.698108915867,0.00063338413292513,e
141,22.0,+,9,6339.7386513,1,8,0.0,0.0,0.0,1.0,6339.740658843531,-0.002007543530453404,e
142,23.0,-,1,303.2769997,1,0,0.0,0.0,0.0,1.0,303.276953102963,4.659703699871898e-05,e
143,23.0,-,2,1093.2331713,1,1,0.0,0.0,0.0,1.0,1093.237025526676,-0.0038542266759122867,e
144,23.0,-,3,1873.6847841,1,2,0.0,0.0,0.0,1.0,1873.686478076883,-0.0016939768831889523,e
145,23.0,-,4,2644.7454534,1,3,0.0,0.0,0.0,1.0,2644.746334822897,-0.0008814228972369165,e
146,23.0,-,5,3406.5335271,1,4,0.0,0.0,0.0,1.0,3406.533034790141,0.0004923098590552399,e
147,23.0,-,6,4159.1597529,1,5,0.0,0.0,0.0,1.0,4159.160369903349,-0.0006170033493617666,e
148,23.0,-,7,4902.7422222,1,6,0.0,0.0,0.0,1.0,4902.741017443956,0.0012047560439896188,e
149,23.0,-,8,5637.3865575,1,7,0.0,0.0,0.0,1.0,5637.38771027109,-0.001152771090346505,e
150,24.0,+,1,329.6172291,1,0,0.0,0.0,0.0,1.0,329.618695976848,-0.0014668768480419203,e
151,24.0,+,2,1119.3376964,1,1,0.0,0.0,0.0,1.0,1119.341196342232,-0.0034999422321106977,e
152,24.0,+,3,1899.5525489,1,2,0.0,0.0,0.0,1.0,1899.554847001168,-0.0022981011679803487,e
153,24.0,+,4,2670.3807747,1,3,0.0,0.0,0.0,1.0,2670.380627267126,0.0001474328742006037,e
154,24.0,+,5,3431.9343385,1,4,0.0,0.0,0.0,1.0,3431.934948822494,-0.0006103224936850893,e
155,24.0,+,6,4184.3319819,1,5,0.0,0.0,0.0,1.0,4184.331592725715,0.0003891742844643886,e
156,24.0,+,7,4927.6823741,1,6,0.0,0.0,0.0,1.0,4927.68324025625,-0.0008661562505949405,e
157,24.0,+,8,5662.1069012,1,7,0.0,0.0,0.0,1.0,5662.102641115816,0.004260084183442814,e
158,25.0,-,1,357.0534536,1,0,0.0,0.0,0.0,1.0,357.052877905557,0.0005756944430004296,e
159,25.0,-,2,1146.5229088,1,1,0.0,0.0,0.0,1.0,1146.527916814265,-0.005008014264831218,e
160,25.0,-,3,1926.4947514,1,2,0.0,0.0,0.0,1.0,1926.49595066056,-0.0011992605600426032,e
161,25.0,-,4,2697.0773555,1,3,0.0,0.0,0.0,1.0,2697.07791204664,-0.0005565466399275465,e
162,25.0,-,5,3458.3905635,1,4,0.0,0.0,0.0,1.0,3458.390184152387,0.0003793476130340423,e
163,25.0,-,6,4210.5456507,1,5,0.0,0.0,0.0,1.0,4210.546536745957,-0.0008860459574862034,e
164,25.0,-,7,4953.6602446,1,6,0.0,0.0,0.0,1.0,4953.659655330474,0.0005892695253351121,e
165,25.0,-,8,5687.8429876,1,7,0.0,0.0,0.0,1.0,5687.842307227919,0.0006803720807511127,e
166,25.0,-,9,6413.2053666,1,8,0.0,0.0,0.0,1.0,6413.208189458373,-0.002822858373292547,e
167,25.0,-,10,7129.8617642,1,9,0.0,0.0,0.0,1.0,7129.872502118234,-0.01073791823364445,e
168,26.0,+,1,385.5788546,1,0,0.0,0.0,0.0,1.0,385.578870003893,-1.540389297360889e-05,e
169,26.0,+,2,1174.7935762,1,1,0.0,0.0,0.0,1.0,1174.796559224207,-0.002983024206969276,e
170,26.0,+,3,1954.5070568,1,2,0.0,0.0,0.0,1.0,1954.509162589036,-0.002105789035795169,e
171,26.0,+,4,2724.8377694,1,3,0.0,0.0,0.0,1.0,2724.837564023705,0.0002053762950708915,e
172,26.0,+,5,3485.8981653,1,4,0.0,0.0,0.0,1.0,3485.898117044892,4.8255108140438097e-05,e
173,26.0,+,6,4237.8050881,1,5,0.0,0.0,0.0,1.0,4237.804579710257,0.000508389743117732,e
174,26.0,+,7,4980.6697979,1,6,0.0,0.0,0.0,1.0,4980.669641980259,0.00015591974079143256,e
175,26.0,+,8,5714.6073731,1,7,0.0,0.0,0.0,1.0,5714.606089584348,0.001283515651266498,e
176,26.0,+,9,6439.7273463,1,8,0.0,0.0,0.0,1.0,6439.727649464405,-0.0003031644046131987,e
177,27.0,-,1,415.1943752,1,0,0.0,0.0,0.0,1.0,415.196018173938,-0.0016429739379759667,e
178,27.0,-,2,1204.1432101,1,1,0.0,0.0,0.0,1.0,1204.146470689742,-0.0032605897420125984,e
179,27.0,-,3,1983.5927471,1,2,0.0,0.0,0.0,1.0,1983.593831208691,-0.001084108690974972,e
180,27.0,-,4,2753.6586651,1,3,0.0,0.0,0.0,1.0,2753.658933003538,-0.000267903538315295,e
181,27.0,-,5,3514.4587493,1,4,0.0,0.0,0.0,1.0,3514.458098765354,0.0006505346459562134,e
182,27.0,-,6,4266.1050384,1,5,0.0,0.0,0.0,1.0,4266.105074425913,-3.60259127774043e-05,e
183,27.0,-,7,5008.7132903,1,6,0.0,0.0,0.0,1.0,5008.71255464472,0.000735655280550418,e
184,27.0,-,8,5742.3948796,1,7,0.0,0.0,0.0,1.0,5742.393344356059,0.0015352439413618413,e
185,28.0,+,1,445.9041894,1,0,0.0,0.0,0.0,1.0,445.903643098306,0.0005463016939870613,e
186,28.0,+,2,1234.5741236,1,1,0.0,0.0,0.0,1.0,1234.576973158124,-0.002849558124125906,e
187,28.0,+,3,2013.7477338,1,2,0.0,0.0,0.0,1.0,2013.749279823317,-0.0015460233169051207,e
188,28.0,+,4,2783.5417601,1,3,0.0,0.0,0.0,1.0,2783.541343727807,0.00041637219283074955,e
189,28.0,+,5,3544.0699523,1,4,0.0,0.0,0.0,1.0,3544.069455573498,0.0004967265017512545,e
190,28.0,+,6,4295.4481978,1,5,0.0,0.0,0.0,1.0,4295.447348755509,0.000849044491587847,e
191,28.0,+,7,5037.7888337,1,6,0.0,0.0,0.0,1.0,5037.787722882839,0.0011108171611340367,e
192,28.0,+,9,6495.8081501,1,8,0.0,0.0,0.0,1.0,6495.808179350909,-2.9250909392430913e-05,e
193,29.0,-,1,477.7014795,1,0,0.0,0.0,0.0,1.0,477.701040233049,0.0004392669509911684,e
194,29.0,-,2,1266.0848307,1,1,0.0,0.0,0.0,1.0,1266.087363399595,-0.0025326995948944386,e
195,29.0,-,3,2044.9736118,1,2,0.0,0.0,0.0,1.0,2044.974806611924,-0.0011948119238240906,e
196,29.0,-,4,2814.484526,1,3,0.0,0.0,0.0,1.0,2814.484095868469,0.00043013153117499314,e
197,29.0,-,5,3574.7321414,1,4,0.0,0.0,0.0,1.0,3574.731488717121,0.0006526828788082639,e
198,29.0,-,6,4325.8307682,1,5,0.0,0.0,0.0,1.0,4325.830705610909,6.258909161260817e-05,e
199,29.0,-,7,5067.8950096,1,6,0.0,0.0,0.0,1.0,5067.894451367822,0.0005582321782640065,e
200,29.0,-,8,5801.0362072,1,7,0.0,0.0,0.0,1.0,5801.035571766808,0.0006354331917464151,e
201,29.0,-,10,7240.9990395,1,9,0.0,0.0,0.0,1.0,7241.006774611586,-0.007735111585134291,e
202,30.0,+,1,510.5880594,1,0,0.0,0.0,0.0,1.0,510.587479800244,0.0005795997560085198,e
203,30.0,+,2,1298.6745136,1,1,0.0,0.0,0.0,1.0,1298.676913000038,-0.002399400038029853,e
204,30.0,+,3,2077.2688249,1,2,0.0,0.0,0.0,1.0,2077.26968462173,-0.0008597217301939963,e
205,30.0,+,4,2846.4869554,1,3,0.0,0.0,0.0,1.0,2846.486464020894,0.0004913791062790551,e
206,30.0,+,5,3606.4443206,1,4,0.0,0.0,0.0,1.0,3606.443474425671,0.0008461743291263701,e
207,30.0,+,6,4357.2549611,1,5,0.0,0.0,0.0,1.0,4357.254422946923,0.0005381530772865517,e
208,30.0,+,7,5099.0329653,1,6,0.0,0.0,0.0,1.0,5099.032019880828,0.0009454191722397809,e
209,30.0,+,9,6555.9396689,1,8,0.0,0.0,0.0,1.0,6555.939620518257,4.83817429994815e-05,e
210,31.0,-,1,544.5624127,1,0,0.0,0.0,0.0,1.0,544.562206780311,0.00020591968893768353,e
211,31.0,-,2,1332.3426563,1,1,0.0,0.0,0.0,1.0,1332.344868353799,-0.0022120537989849254,e
212,31.0,-,3,2110.6324679,1,2,0.0,0.0,0.0,1.0,2110.633161761217,-0.0006938612168596592,e
213,31.0,-,4,2879.5484744,1,3,0.0,0.0,0.0,1.0,2879.547697697218,0.0007767027818772476,e
214,31.0,-,5,3639.2054482,1,4,0.0,0.0,0.0,1.0,3639.204663903586,0.0007842964137125819,e
215,31.0,-,6,4389.7184571,1,5,0.0,0.0,0.0,1.0,4389.717753755074,0.0007033449255686719,e
216,31.0,-,7,5131.2000251,1,6,0.0,0.0,0.0,1.0,5131.199683304986,0.0003417950138100423,e
217,31.0,-,8,5863.76468,1,7,0.0,0.0,0.0,1.0,5863.763342499786,0.0013375002145039616,e
218,31.0,-,9,6587.5219094,1,8,0.0,0.0,0.0,1.0,6587.522626817557,-0.0007174175561885932,e
219,32.0,+,1,579.6252752,1,0,0.0,0.0,0.0,1.0,579.624440904293,0.0008342957070226475,e
220,32.0,+,2,1367.0879723,1,1,0.0,0.0,0.0,1.0,1367.090450656082,-0.0024783560820651473,e
221,32.0,+,3,2145.0638048,1,2,0.0,0.0,0.0,1.0,2145.064460792737,-0.0006559927369380603,e
222,32.0,+,4,2913.6678071,1,3,0.0,0.0,0.0,1.0,2913.667021319015,0.0007857809850975173,e
223,32.0,+,5,3673.0151854,1,4,0.0,0.0,0.0,1.0,3673.014283323311,0.0009020766892717802,e
224,32.0,+,6,4423.2201877,1,5,0.0,0.0,0.0,1.0,4423.219926056559,0.0002616434403535095,e
225,32.0,+,7,5164.3973423,1,6,0.0,0.0,0.0,1.0,5164.396671618792,0.0006706812073389301,e
226,32.0,+,8,5896.6579275,1,7,0.0,0.0,0.0,1.0,5896.657433316797,0.0004941832030453952,e
227,32.0,+,9,6620.117684,1,8,0.0,0.0,0.0,1.0,6620.116144205965,0.0015397940351249417,e
228,33.0,-,1,615.7737192,1,0,0.0,0.0,0.0,1.0,615.773376645644,0.00034255435593877337,e
229,33.0,-,2,1402.9109575,1,1,0.0,0.0,0.0,1.0,1402.912855895176,-0.0018983951761128992,e
230,33.0,-,3,2180.5622499,1,2,0.0,0.0,0.0,1.0,2180.562779324913,-0.0005294249131111428,e
231,33.0,-,4,2948.8445478,1,3,0.0,0.0,0.0,1.0,2948.843634210058,0.0009135899417742621,e
232,33.0,-,5,3707.8723005,1,4,0.0,0.0,0.0,1.0,3707.871533818274,0.0007666817259632808,e
233,33.0,-,6,4457.7613009,1,5,0.0,0.0,0.0,1.0,4457.76014289561,0.0011580043892536196,e
234,33.0,-,7,5198.622587,1,6,0.0,0.0,0.0,1.0,5198.622189889415,0.0003971105852542678,e
235,33.0,-,8,5930.5744593,1,7,0.0,0.0,0.0,1.0,5930.570612335287,0.0038469647133752005,e
236,33.0,-,9,6653.718273,1,8,0.0,0.0,0.0,1.0,6653.719382186247,-0.0011091862461398705,e
237,33.0,-,10,7368.1758755,1,9,0.0,0.0,0.0,1.0,7368.184056174435,-0.008180674434697721,e
238,34.0,+,1,653.0090056,1,0,0.0,0.0,0.0,1.0,653.008183211475,0.0008223885250799867,e
239,34.0,+,2,1439.8092642,1,1,0.0,0.0,0.0,1.0,1439.811254844064,-0.0019906440641079826,e
240,34.0,+,3,2217.1270391,1,2,0.0,0.0,0.0,1.0,2217.127289804717,-0.0002507047170183796,e
241,34.0,+,4,2985.0777017,1,3,0.0,0.0,0.0,1.0,2985.07671058865,0.0009911113502312219,e
242,34.0,+,5,3743.7766198,1,4,0.0,0.0,0.0,1.0,3743.775591475303,0.0010283246970175242,e
243,34.0,+,6,4493.3378143,1,5,0.0,0.0,0.0,1.0,4493.33758233213,0.00023196786969492678,e
244,34.0,+,7,5233.876126,1,6,0.0,0.0,0.0,1.0,5233.8754182659,0.0007077340997057036,e
245,34.0,+,8,5965.5031654,1,7,0.0,0.0,0.0,1.0,5965.502061923053,0.001103476947719173,e
246,34.0,+,9,6688.330373,1,8,0.0,0.0,0.0,1.0,6688.331525488657,-0.001152488656771311,e
247,35.0,-,1,691.3289175,1,0,0.0,0.0,0.0,1.0,691.328004534178,0.0009129658219535486,e
248,35.0,-,2,1477.7830727,1,1,0.0,0.0,0.0,1.0,1477.784793052257,-0.001720352257052582,e
249,35.0,-,3,2254.7570742,1,2,0.0,0.0,0.0,1.0,2254.757139509391,-6.53093911751057e-05,e
250,35.0,-,4,3022.3665354,1,3,0.0,0.0,0.0,1.0,3022.36539955957,0.0011358404299244285,e
251,35.0,-,5,3780.7265801,1,4,0.0,0.0,0.0,1.0,3780.725607326985,0.0009727730148370028,e
252,35.0,-,6,4529.952174,1,5,0.0,0.0,0.0,1.0,4529.951397434316,0.0007765656837364077,e
253,35.0,-,7,5270.1560494,1,6,0.0,0.0,0.0,1.0,5270.155511971976,0.0005374280235628248,e
254,35.0,-,8,6001.4492726,1,7,0.0,0.0,0.0,1.0,6001.450939593273,-0.001666993272920081,e
255,36.0,+,1,730.7323455,1,0,0.0,0.0,0.0,1.0,730.731959262093,0.0003862379069232702,e
256,36.0,+,2,1516.8310866,1,1,0.0,0.0,0.0,1.0,1516.832590837003,-0.0015042370030187158,e
257,36.0,+,3,2293.4514467,1,2,0.0,0.0,0.0,1.0,2293.451450538089,-3.838089014607249e-06,e
258,36.0,+,4,3060.7099914,1,3,0.0,0.0,0.0,1.0,3060.708825106204,0.0011662937959044939,e
259,36.0,+,5,3818.7215939,1,4,0.0,0.0,0.0,1.0,3818.720707343933,0.0008865560666890815,e
260,36.0,+,6,4567.6015423,1,5,0.0,0.0,0.0,1.0,4567.60071627109,0.0008260289096142515,e
261,36.0,+,7,5307.4622639,1,6,0.0,0.0,0.0,1.0,5307.461601298589,0.0006626014110224787,e
262,36.0,+,8,6038.4183693,1,7,0.0,0.0,0.0,1.0,6038.416377997525,0.001991302475289558,e
263,37.0,-,1,771.220192,1,0,0.0,0.0,0.0,1.0,771.21914075051,0.0010512494900467573,e
264,37.0,-,2,1556.9521855,1,1,0.0,0.0,0.0,1.0,1556.953743274429,-0.0015577744288748363,e
265,37.0,-,3,2333.209329,1,2,0.0,0.0,0.0,1.0,2333.209319803137,9.196862720273202e-06,e
266,37.0,-,4,3100.1071606,1,3,0.0,0.0,0.0,1.0,3100.106086081977,0.0010745180229605467,e
267,37.0,-,5,3857.7606802,1,4,0.0,0.0,0.0,1.0,3857.75999242636,0.0006877736400383583,e
268,37.0,-,6,4606.2853167,1,5,0.0,0.0,0.0,1.0,4606.284641904111,0.0006747958896085038,e
269,37.0,-,7,5345.794048,1,6,0.0,0.0,0.0,1.0,5345.792791596438,0.0012564035614559543,e
270,38.0,+,1,812.7889756,1,0,0.0,0.0,0.0,1.0,812.788617051678,0.0003585483219694652,e
271,38.0,+,2,1598.1457194,1,1,0.0,0.0,0.0,1.0,1598.147320190131,-0.001600790131078611,e
272,38.0,+,3,2374.0298207,1,2,0.0,0.0,0.0,1.0,2374.029819021089,1.6789108485681936e-06,e
273,38.0,+,4,3140.5578158,1,3,0.0,0.0,0.0,1.0,3140.556256201576,0.0015595984236824734,e
274,38.0,+,5,3897.8434091,1,4,0.0,0.0,0.0,1.0,3897.842538395973,0.0008707040269655408,e
275,38.0,+,6,4646.0026515,1,5,0.0,0.0,0.0,1.0,4646.002252379738,0.00039912026204547146,e
276,38.0,+,8,6115.395656,1,7,0.0,0.0,0.0,1.0,6115.393343262752,0.0023127372478484176,e
277,38.0,+,10,7549.6311195,1,9,0.0,0.0,0.0,1.0,7549.639904463244,-0.008784963244579558,e
278,39.0,-,1,855.4393294,1,0,0.0,0.0,0.0,1.0,855.439430905251,-0.00010150525099561492,e
279,39.0,-,2,1640.4109423,1,1,0.0,0.0,0.0,1.0,1640.412366149881,-0.0014238498811209865,e
280,39.0,-,3,2415.9122335,1,2,0.0,0.0,0.0,1.0,2415.911994703669,0.00023879633135948097,e
281,39.0,-,4,3182.0594515,1,3,0.0,0.0,0.0,1.0,3182.058384032377,0.001067467622760887,e
282,39.0,-,5,3938.9681486,1,4,0.0,0.0,0.0,1.0,3938.967395987071,0.0007526129288635275,e
283,39.0,-,6,4686.7537355,1,5,0.0,0.0,0.0,1.0,4686.752600720534,0.0011347794661560329,e
284,39.0,-,7,5425.5280695,1,6,0.0,0.0,0.0,1.0,5425.526771760351,0.0012977396490896353,e
285,39.0,-,8,6155.4064232,1,7,0.0,0.0,0.0,1.0,6155.403011052517,0.0034121474827770726,e
286,39.0,-,9,6876.4948831,1,8,0.0,0.0,0.0,1.0,6876.495552487091,-0.0006693870909657562,e
287,39.0,-,10,7588.9176867,1,9,0.0,0.0,0.0,1.0,7588.920290240168,-0.002603540167910978,e
288,40.0,+,1,899.1710381,1,0,0.0,0.0,0.0,1.0,899.170599727836,0.00043837216401243495,e
289,40.0,+,2,1683.7464655,1,1,0.0,0.0,0.0,1.0,1683.747900449687,-0.0014349496868817369,e
290,40.0,+,3,2458.8553132,1,2,0.0,0.0,0.0,1.0,2458.854868148116,0.00044505188407129026,e
291,40.0,+,4,3224.6124706,1,3,0.0,0.0,0.0,1.0,3224.61149298486,0.000977615140072885,e
292,40.0,+,5,3981.1347107,1,4,0.0,0.0,0.0,1.0,3981.133590837755,0.0011198622451047413,e
293,40.0,+,6,4728.5351356,1,5,0.0,0.0,0.0,1.0,4728.534714916806,0.0004206831945339218,e
294,40.0,+,7,5466.9293142,1,6,0.0,0.0,0.0,1.0,5466.927647554927,0.0016666450728735072,e
295,40.0,+,8,6196.4266294,1,7,0.0,0.0,0.0,1.0,6196.425521418368,0.0011079816322308034,e
296,40.0,+,9,6917.1461777,1,8,0.0,0.0,0.0,1.0,6917.142618959796,0.0035587402044257033,e
297,41.0,-,1,943.9811378,1,0,0.0,0.0,0.0,1.0,943.98111560269,2.2197310045157792e-05,e
298,41.0,-,2,1728.1517844,1,1,0.0,0.0,0.0,1.0,1728.152917105779,-0.0011327057789003447,e
299,41.0,-,3,2502.8578338,1,2,0.0,0.0,0.0,1.0,2502.85743542771,0.00039837229041950195,e
300,41.0,-,4,3268.2162493,1,3,0.0,0.0,0.0,1.0,3268.214581303494,0.0016679965060575341,e
301,41.0,-,5,4024.3410163,1,4,0.0,0.0,0.0,1.0,4024.340123480804,0.000892819195996708,e
302,41.0,-,6,4771.3484062,1,5,0.0,0.0,0.0,1.0,4771.347597917669,0.0008082823305812781,e
303,41.0,-,7,5509.3507479,1,6,0.0,0.0,0.0,1.0,5509.349796161016,0.0009517389844404534,e
304,41.0,-,8,6238.4631415,1,7,0.0,0.0,0.0,1.0,6238.45988259075,0.0032589092506896122,e
305,41.0,-,9,6958.7917292,1,8,0.0,0.0,0.0,1.0,6958.792189669409,-0.00046046940860833274,e
306,42.0,+,1,989.8702208,1,0,0.0,0.0,0.0,1.0,989.869945268907,0.0002755310929387633,e
307,42.0,+,2,1773.6251349,1,1,0.0,0.0,0.0,1.0,1773.626384844279,-0.0012499442791522597,e
308,42.0,+,3,2547.9194781,1,2,0.0,0.0,0.0,1.0,2547.918667381466,0.0008107185340122669,e
309,42.0,+,4,3312.8679093,1,3,0.0,0.0,0.0,1.0,3312.866622056826,0.0012872431739197054,e
310,42.0,+,5,4068.5870134,1,4,0.0,0.0,0.0,1.0,4068.585969334194,0.001044065806127037,e
311,42.0,+,6,4815.1906192,1,5,0.0,0.0,0.0,1.0,4815.190227621945,0.0003915780544048175,e
312,42.0,+,7,5552.7933376,1,6,0.0,0.0,0.0,1.0,5552.792198106113,0.0011394938874218496,e
313,42.0,+,8,6281.5070405,1,7,0.0,0.0,0.0,1.0,6281.505077891868,0.001962608132089372,e
314,42.0,+,9,7001.4434589,1,8,0.0,0.0,0.0,1.0,7001.443250917085,0.00020798291552637238,e
315,43.0,-,1,1036.8359428,1,0,0.0,0.0,0.0,1.0,1036.836030110238,-8.731023785912839e-05,e
316,43.0,-,2,1820.1662316,1,1,0.0,0.0,0.0,1.0,1820.167247090516,-0.0010154905160106864,e
317,43.0,-,3,2594.037857,1,2,0.0,0.0,0.0,1.0,2594.037509604026,0.0003473959736766119,e
318,43.0,-,4,3358.5680547,1,3,0.0,0.0,0.0,1.0,3358.56656312762,0.0014915723800186242,e
319,43.0,-,5,4113.8709985,1,4,0.0,0.0,0.0,1.0,4113.870078691409,0.0009198085908792564,e
320,43.0,-,6,4860.0618126,1,5,0.0,0.0,0.0,1.0,4860.061556868828,0.0002557311718192068,e
321,43.0,-,7,5597.2554343,1,6,0.0,0.0,0.0,1.0,5597.25380892702,0.001625372980015527,e
322,43.0,-,8,6325.5589777,1,7,0.0,0.0,0.0,1.0,6325.56006572693,-0.0010880269301196677,e
323,43.0,-,9,7045.0979681,1,8,0.0,0.0,0.0,1.0,7045.09476416623,0.0032039337702371995,e
324,43.0,-,10,7755.9710349,1,9,0.0,0.0,0.0,1.0,7755.974058413749,-0.003023513749212725,e
325,44.0,+,1,1084.8786424,1,0,0.0,0.0,0.0,1.0,1084.878286143857,0.0003562561430499045,e
326,44.0,+,2,1867.7731596,1,1,0.0,0.0,0.0,1.0,1867.774421958212,-0.0012623582119886123,e
327,44.0,+,3,2641.2137819,1,2,0.0,0.0,0.0,1.0,2641.212882435117,0.0008994648828775098,e
328,44.0,+,4,3405.3144817,1,3,0.0,0.0,0.0,1.0,3405.313327202543,0.0011544974572643696,e
329,44.0,+,5,4160.1924837,1,4,0.0,0.0,0.0,1.0,4160.191376711618,0.0011069883812524495,e
330,44.0,+,6,4905.960593,1,5,0.0,0.0,0.0,1.0,4905.960513428361,7.957163870742079e-05,e
331,44.0,+,7,5642.7345991,1,6,0.0,0.0,0.0,1.0,5642.733559160678,0.001039939322254213,e
332,44.0,+,8,6370.6262045,1,7,0.0,0.0,0.0,1.0,6370.623779575506,0.002424924494334846,e
333,44.0,+,9,7089.7492258,1,8,0.0,0.0,0.0,1.0,7089.745666034133,0.0035597658670667442,e
334,44.0,+,10,7800.2111303,1,9,0.0,0.0,0.0,1.0,7800.215442232667,-0.004311932666496432,e
335,45.0,-,1,1133.9951,1,0,0.0,0.0,0.0,1.0,1133.995604008592,-0.0005040085918608384,e
336,45.0,-,2,1916.446476,1,1,0.0,0.0,0.0,1.0,1916.446802238044,-0.00032623804395370826,e
337,45.0,-,3,2689.4440851,1,2,0.0,0.0,0.0,1.0,2689.443680948593,0.0004041514071104757,e
338,45.0,-,4,3453.1073729,1,3,0.0,0.0,0.0,1.0,3453.105811761672,0.00156113832781557,e
339,45.0,-,5,4207.5494849,1,4,0.0,0.0,0.0,1.0,4207.54876340936,0.0007214906399894971,e
340,45.0,-,6,4952.8867211,1,5,0.0,0.0,0.0,1.0,4952.885999991438,0.0007211085612652823,e
341,45.0,-,7,5689.2310198,1,6,0.0,0.0,0.0,1.0,5689.230354334696,0.0006654653034274816,e
342,45.0,-,8,6416.6984099,1,7,0.0,0.0,0.0,1.0,6416.695127982455,0.0032819175448821625,e
343,45.0,-,9,7135.3972188,1,8,0.0,0.0,0.0,1.0,7135.394868283473,0.002350516526348656,e
344,46.0,+,1,1184.1869369,1,0,0.0,0.0,0.0,1.0,1184.186848952982,8.794701807346428e-05,e
345,46.0,+,2,1966.1821775,1,1,0.0,0.0,0.0,1.0,1966.183255386419,-0.0010778864188978332,e
346,46.0,+,3,2738.7301293,1,2,0.0,0.0,0.0,1.0,2738.728774941391,0.0013543586092055193,e
347,46.0,+,4,3501.943989,1,3,0.0,0.0,0.0,1.0,3501.942889067782,0.001099932218039612,e
348,46.0,+,5,4255.9420251,1,4,0.0,0.0,0.0,1.0,4255.941113644247,0.0009114557533393963,e
349,46.0,+,6,5000.8370121,1,5,0.0,0.0,0.0,1.0,5000.836894159957,0.00011794004240073264,e
350,46.0,+,7,5736.7441668,1,6,0.0,0.0,0.0,1.0,5736.743074957732,0.0010918422685790574,e
351,46.0,+,8,6463.7753006,1,7,0.0,0.0,0.0,1.0,6463.772994548863,0.002306051137566101,e
352,46.0,+,9,7182.048374,1,8,0.0,0.0,0.0,1.0,7182.041257813848,0.007116186152416049,e
353,47.0,-,1,1235.4502561,1,0,0.0,0.0,0.0,1.0,1235.450860822976,-0.000604722976049743,e
354,47.0,-,2,2016.9823089,1,1,0.0,0.0,0.0,1.0,2016.982623513473,-0.0003146134731650818,e
355,47.0,-,3,2789.0678157,1,2,0.0,0.0,0.0,1.0,2789.06700892215,0.0008067778503573209,e
356,47.0,-,4,3551.8251162,1,3,0.0,0.0,0.0,1.0,3551.823406155179,0.0017100448212659103,e
357,47.0,-,5,4305.367679,1,4,0.0,0.0,0.0,1.0,4305.367277110088,0.0004018899116999819,e
358,47.0,-,6,5049.8125496,1,5,0.0,0.0,0.0,1.0,5049.812048436213,0.0005011637867937679,e
359,47.0,-,7,5785.2716053,1,6,0.0,0.0,0.0,1.0,5785.270576509566,0.0010287904342476395,e
360,47.0,-,8,6511.8604135,1,7,0.0,0.0,0.0,1.0,6511.856237922386,0.004175577613750647,e
361,47.0,-,9,7229.686018,1,8,0.0,0.0,0.0,1.0,7229.683696652579,0.002321347421457176,e
362,48.0,+,1,1287.7863624,1,0,0.0,0.0,0.0,1.0,1287.786454049388,-9.164938819594681e-05,e
363,48.0,+,2,2068.8430103,1,1,0.0,0.0,0.0,1.0,2068.843723371026,-0.0007130710259843909,e
364,48.0,+,3,2840.4587247,1,2,0.0,0.0,0.0,1.0,2840.457202099427,0.0015226005730255565,e
365,48.0,+,4,3602.7472137,1,3,0.0,0.0,0.0,1.0,3602.746184818434,0.0010288815660715045,e
366,48.0,+,5,4355.8269443,1,4,0.0,0.0,0.0,1.0,4355.826078324043,0.0008659759569127345,e
367,48.0,+,6,5099.8099006,1,5,0.0,0.0,0.0,1.0,5099.810290212528,-0.0003896125281244167,e
368,48.0,+,7,5834.8137261,1,6,0.0,0.0,0.0,1.0,5834.811689430837,0.0020366691633171286,e
369,48.0,+,8,6560.9456853,1,7,0.0,0.0,0.0,1.0,6560.94369178772,0.001993512280023424,e
370,49.0,-,1,1341.1917138,1,0,0.0,0.0,0.0,1.0,1341.192417634958,-0.0007038349581307557,e
371,49.0,-,2,2121.7653746,1,1,0.0,0.0,0.0,1.0,2121.765346340304,2.8259696136956336e-05,e
372,49.0,-,3,2892.8991316,1,2,0.0,0.0,0.0,1.0,2892.898148369829,0.000983230171186733,e
373,49.0,-,4,3654.7122269,1,3,0.0,0.0,0.0,1.0,3654.710021600793,0.00220529920716217,e
374,49.0,-,5,4407.3167669,1,4,0.0,0.0,0.0,1.0,4407.316316615343,0.00045028465774521464,e
375,49.0,-,6,5150.8315101,1,5,0.0,0.0,0.0,1.0,5150.830421760184,0.0010883398153964663,e
376,49.0,-,7,5885.3645028,1,6,0.0,0.0,0.0,1.0,5885.365219112788,-0.0007163127875173814,e
377,49.0,-,8,6611.0376826,1,7,0.0,0.0,0.0,1.0,6611.034164856655,0.0035177433455828577,e
378,49.0,-,9,7327.9545375,1,8,0.0,0.0,0.0,1.0,7327.952045948958,0.0024915510421124054,e
379,49.0,-,10,8036.2321466,1,9,0.0,0.0,0.0,1.0,8036.235461808895,-0.0033152088944916613,e
380,50.0,+,1,1395.6674697,1,0,0.0,0.0,0.0,1.0,1395.667515141091,-4.544109083326475e-05,e
381,50.0,+,2,2175.7454696,1,1,0.0,0.0,0.0,1.0,2175.746258419024,-0.0007888190239100368,e
382,50.0,+,3,2946.3904285,1,2,0.0,0.0,0.0,1.0,2946.388616305685,0.0018121943148798891,e
383,50.0,+,4,3707.715081,1,3,0.0,0.0,0.0,1.0,3707.713687782222,0.0013932177776041499,e
384,50.0,+,5,4459.8380289,1,4,0.0,0.0,0.0,1.0,4459.836766113727,0.001262786272491212,e
385,50.0,+,6,5202.8712544,1,5,0.0,0.0,0.0,1.0,5202.871220218654,3.4181345654360484e-05,e
386,50.0,+,7,5936.9323223,1,6,0.0,0.0,0.0,1.0,5936.929945886453,0.002376413546699041,e
387,50.0,+,8,6662.1280405,1,7,0.0,0.0,0.0,1.0,6662.12644085807,0.0015996419297152897,e
388,50.0,+,9,7378.5797337,1,8,0.0,0.0,0.0,1.0,7378.57555601786,0.0041776821399253095,e
389,51.0,-,1,1451.209407,1,0,0.0,0.0,0.0,1.0,1451.210484674357,-0.0010776743570204417,e
390,51.0,-,2,2230.7856608,1,1,0.0,0.0,0.0,1.0,2230.78520020866,0.00046059134001552593,e
391,51.0,-,3,3000.9281628,1,2,0.0,0.0,0.0,1.0,3000.927349142436,0.0008136575638673094,e
392,51.0,-,4,3761.7580796,1,3,0.0,0.0,0.0,1.0,3761.755929367328,0.002150232672192942,e
393,51.0,-,5,4513.3862218,1,4,0.0,0.0,0.0,1.0,4513.386175737752,4.6062248657108285e-05,e
394,51.0,-,6,5255.931589,1,5,0.0,0.0,0.0,1.0,5255.931437583871,0.00015141612857405562,e
395,51.0,-,7,5989.5056789,1,6,0.0,0.0,0.0,1.0,5989.504625011991,0.001053888008755166,e
396,51.0,-,8,6714.2231446,1,7,0.0,0.0,0.0,1.0,6714.219278527477,0.003866072522214381,e
397,51.0,-,9,7430.1947548,1,8,0.0,0.0,0.0,1.0,7430.190314598181,0.004440201818397327,e
398,52.0,+,1,1507.82011,1,0,0.0,0.0,0.0,1.0,1507.820038872694,7.112730600056238e-05,e
399,52.0,+,2,2286.880314,1,1,0.0,0.0,0.0,1.0,2286.880886900906,-0.0005729009058086376,e
400,52.0,+,3,3056.5150219,1,2,0.0,0.0,0.0,1.0,3056.513064765962,0.0019571340380935,e
401,52.0,+,4,3816.8363246,1,3,0.0,0.0,0.0,1.0,3816.835467072824,0.0008575271758672898,e
402,52.0,+,5,4567.964088,1,4,0.0,0.0,0.0,1.0,4567.963269182657,0.0008188173424059642,e
403,52.0,+,6,5310.0092371,1,5,0.0,0.0,0.0,1.0,5310.009800696809,-0.0005635968091155519,e
404,52.0,+,7,6043.0894021,1,6,0.0,0.0,0.0,1.0,6043.087986667373,0.0014154326272546314,e
405,52.0,+,8,6767.3151737,1,7,0.0,0.0,0.0,1.0,6767.311411596441,0.003762103558983654,e
406,53.0,-,1,1565.4935273,1,0,0.0,0.0,0.0,1.0,1565.49486489123,-0.0013375912299125048,e
407,53.0,-,2,2344.0328223,1,1,0.0,0.0,0.0,1.0,2344.032008264283,0.0008140357172123913,e
408,53.0,-,3,3113.1455059,1,2,0.0,0.0,0.0,1.0,3113.144455699271,0.0010502007289687754,e
409,53.0,-,4,3872.9532429,1,3,0.0,0.0,0.0,1.0,3872.950996314872,0.002246585127977596,e
410,53.0,-,5,4623.5667267,1,4,0.0,0.0,0.0,1.0,4623.566744908164,-1.820816396502778e-05,e
411,53.0,-,6,5365.1057503,1,5,0.0,0.0,0.0,1.0,5365.105011231602,0.0007390683986159274,e
412,53.0,-,7,6097.6790819,1,6,0.0,0.0,0.0,1.0,6097.678735937094,0.0003459629060671432,e
413,53.0,-,8,7536.3934215,1,8,0.0,0.0,0.0,1.0,7536.388502467801,0.004919032198813511,e
414,54.0,+,1,1624.233534,1,0,0.0,0.0,0.0,1.0,1624.233624387723,-9.038772304847953e-05,e
415,54.0,+,2,2402.2369662,1,1,0.0,0.0,0.0,1.0,2402.237228630034,-0.00026243003412673716,e
416,54.0,+,3,3170.8225202,1,2,0.0,0.0,0.0,1.0,3170.82018908905,0.0023311109498536098,e
417,54.0,+,4,3930.1020471,1,3,0.0,0.0,0.0,1.0,3930.101187195962,0.0008599040379522194,e
418,54.0,+,5,4680.1962704,1,4,0.0,0.0,0.0,1.0,4680.195276125699,0.0009942743008650723,e
419,54.0,+,6,5421.2150379,1,5,0.0,0.0,0.0,1.0,5421.215745683433,-0.0007077834325173171,e
420,54.0,+,7,6153.2769433,1,6,0.0,0.0,0.0,1.0,6153.275552800502,0.0013904994984841323,e
421,54.0,+,8,6876.4910564,1,7,0.0,0.0,0.0,1.0,6876.48837377499,0.0026826250104932114,e
422,54.0,+,9,7590.9723726,1,8,0.0,0.0,0.0,1.0,7590.969332009553,0.0030405904471990652,e
423,55.0,-,1,1684.0334287,1,0,0.0,0.0,0.0,1.0,1684.034953507795,-0.001524807795021843,e
424,55.0,-,2,2461.4956618,1,1,0.0,0.0,0.0,1.0,2461.495186878069,0.0004749219310724584,e
425,55.0,-,3,3229.5402083,1,2,0.0,0.0,0.0,1.0,3229.538906692057,0.0013016079428780358,e
426,55.0,-,4,3988.2867322,1,3,0.0,0.0,0.0,1.0,3988.284684491725,0.002047708275313198,e
427,55.0,-,5,4737.8468464,1,4,0.0,0.0,0.0,1.0,4737.847510785712,-0.000664385712298099,e
428,55.0,-,6,5478.3408464,1,5,0.0,0.0,0.0,1.0,5478.340655355944,0.00019104405600955943,e
429,55.0,-,7,6209.8771177,1,6,0.0,0.0,0.0,1.0,6209.877092120046,2.5579954126442317e-05,e
430,55.0,-,8,6932.5742256,1,7,0.0,0.0,0.0,1.0,6932.570545230023,0.003680369977701048,e
431,55.0,-,9,7646.5422145,1,8,0.0,0.0,0.0,1.0,7646.536210546737,0.00600395326364378,e
432,55.0,-,10,8351.8884767,1,9,0.0,0.0,0.0,1.0,8351.891202804762,-0.0027261047616775613,e
433,56.0,+,1,1744.896674,1,0,0.0,0.0,0.0,1.0,1744.897462869709,-0.0007888697089128982,e
434,56.0,+,2,2521.8047408,1,1,0.0,0.0,0.0,1.0,2521.804496422265,0.00024437773527097306,e
435,56.0,+,3,3289.3015198,1,2,0.0,0.0,0.0,1.0,3289.299224860928,0.0022949390718167706,e
436,56.0,+,4,4047.5011499,1,3,0.0,0.0,0.0,1.0,4047.50010763724,0.0010422627601656131,e
437,56.0,+,5,4796.5229474,1,4,0.0,0.0,0.0,1.0,4796.522071564362,0.0008758356379985344,e
438,56.0,+,6,5536.4770007,1,5,0.0,0.0,0.0,1.0,5536.478366348812,-0.001365648812679865,e
439,56.0,+,7,6267.4826687,1,6,0.0,0.0,0.0,1.0,6267.48198362906,0.0006850709405625821,e
440,56.0,+,8,6989.6497356,1,7,0.0,0.0,0.0,1.0,6989.646696752789,0.0030388472114282195,e
441,56.0,+,9,7703.0902303,1,8,0.0,0.0,0.0,1.0,7703.087775823321,0.002454476679304207,e
442,57.0,-,1,1806.8183765,1,0,0.0,0.0,0.0,1.0,1806.819737549024,-0.001361049023898886,e
443,57.0,-,2,2583.1645905,1,1,0.0,0.0,0.0,1.0,2583.16374519566,0.0008453043401459581,e
444,57.0,-,3,3350.1016657,1,2,0.0,0.0,0.0,1.0,3350.099734529836,0.001931170163970819,e
445,57.0,-,4,4107.7471976,1,3,0.0,0.0,0.0,1.0,4107.746050713049,0.0011468869506643387,e
446,57.0,-,5,4856.2172683,1,4,0.0,0.0,0.0,1.0,4856.217555850063,-0.0002875500631489558,e
447,57.0,-,6,5595.6270917,1,5,0.0,0.0,0.0,1.0,5595.627479544594,-0.0003878445941154496,e
448,57.0,-,7,6326.0902612,1,6,0.0,0.0,0.0,1.0,6326.088831919252,0.0014292807481979253,e
449,57.0,-,8,7047.7188096,1,7,0.0,0.0,0.0,1.0,7047.71543688886,0.0033727111404004972,e
450,58.0,+,1,1869.7991448,1,0,0.0,0.0,0.0,1.0,1869.800337062765,-0.001192262765016494,e
451,58.0,+,2,2645.5719313,1,1,0.0,0.0,0.0,1.0,2645.571495635385,0.0004356646149972221,e
452,58.0,+,3,3411.9409824,1,2,0.0,0.0,0.0,1.0,3411.939001199999,0.001981200000955141,e
453,58.0,+,4,4169.0224138,1,3,0.0,0.0,0.0,1.0,4169.02108243125,0.001331368750470574,e
454,58.0,+,5,4916.9325773,1,4,0.0,0.0,0.0,1.0,4916.932535729995,4.1570005123503506e-05,e
455,58.0,+,6,5655.7858989,1,5,0.0,0.0,0.0,1.0,5655.786570595774,-0.0006716957741446095,e
456,58.0,+,7,6385.6969746,1,6,0.0,0.0,0.0,1.0,6385.69621642848,0.0007581715208289097,e
457,58.0,+,8,7106.7790537,1,7,0.0,0.0,0.0,1.0,7106.775349111773,0.0037045882272650488,e
458,58.0,+,9,7819.1457027,1,8,0.0,0.0,0.0,1.0,7819.139392697104,0.0063100028955886955,e
459,59.0,-,1,1933.8363034,1,0,0.0,0.0,0.0,1.0,1933.837795353118,-0.0014919531181476486,e
460,59.0,-,2,2709.0269311,1,1,0.0,0.0,0.0,1.0,2709.026284667007,0.0006464329931077373,e
461,59.0,-,3,3474.8176527,1,2,0.0,0.0,0.0,1.0,3474.815564924441,0.0020877755591754976,e
462,59.0,-,4,4231.3255162,1,3,0.0,0.0,0.0,1.0,4231.323746120688,0.0017700793114272528,e
463,59.0,-,5,4978.6655367,1,4,0.0,0.0,0.0,1.0,4978.66555797585,-2.1275849576340988e-05,e
464,59.0,-,6,5716.9535039,1,5,0.0,0.0,0.0,1.0,5716.954189910958,-0.0006860109579065465,e
465,59.0,-,7,6446.3030668,1,6,0.0,0.0,0.0,1.0,6446.302691427544,0.00037537245589192025,e
466,59.0,-,8,7166.8285785,1,7,0.0,0.0,0.0,1.0,7166.824991810718,0.003586689282201405,e
467,60.0,+,1,1998.9289637,1,0,0.0,0.0,0.0,1.0,1998.930620771152,-0.0016570711520671466,e
468,60.0,+,2,2773.5273704,1,1,0.0,0.0,0.0,1.0,2773.526623688725,0.0007467112750418892,e
469,60.0,+,3,3538.7302192,1,2,0.0,0.0,0.0,1.0,3538.727940292893,0.0022789071072111255,e
470,60.0,+,4,4294.654088,1,3,0.0,0.0,0.0,1.0,4294.652559712315,0.0015282876847777516,e
471,60.0,+,5,5041.4146979,1,4,0.0,0.0,0.0,1.0,5041.415144029621,-0.0004461296211957233,e
472,60.0,+,6,5779.1281911,1,5,0.0,0.0,0.0,1.0,5779.128862641524,-0.0006715415247526835,e
473,60.0,+,7,6507.9068437,1,6,0.0,0.0,0.0,1.0,6507.906786007176,5.7692823247634806e-05,e
474,60.0,+,8,7227.8667159,1,7,0.0,0.0,0.0,1.0,7227.862898278295,0.0038176217049112893,e
475,61.0,-,1,2065.075116,1,0,0.0,0.0,0.0,1.0,2065.077296059838,-0.0021800598378831637,e
476,61.0,-,2,2839.071964,1,1,0.0,0.0,0.0,1.0,2839.070998555287,0.0009654447130742483,e
477,61.0,-,3,3603.6768593,1,2,0.0,0.0,0.0,1.0,3603.674616416033,0.0022428839670283196,e
478,61.0,-,4,4359.0073156,1,3,0.0,0.0,0.0,1.0,4359.006015724034,0.0012998759657421033,e
479,61.0,-,5,5105.1797027,1,4,0.0,0.0,0.0,1.0,5105.179789989041,-8.728904049348785e-05,e
480,61.0,-,6,5842.3078794,1,5,0.0,0.0,0.0,1.0,5842.309088667164,-0.0012092671640857588,e
481,61.0,-,7,6570.5078693,1,6,0.0,0.0,0.0,1.0,6570.507004064648,0.000865235351739102,e
482,61.0,-,8,7289.8893176,1,7,0.0,0.0,0.0,1.0,7289.887576697603,0.0017409023967047688,e
483,61.0,-,9,8000.5703367,1,8,0.0,0.0,0.0,1.0,8000.566475632592,0.003861067407342489,e
484,62.0,+,1,2132.2742502,1,0,0.0,0.0,0.0,1.0,2132.276278336947,-0.0020281369470467325,e
485,62.0,+,2,2905.6585997,1,1,0.0,0.0,0.0,1.0,2905.657869561463,0.0007301385371647484,e
486,62.0,+,3,3669.6563305,1,2,0.0,0.0,0.0,1.0,3669.654056909819,0.0022735901811756776,e
487,62.0,+,4,4424.3837476,1,3,0.0,0.0,0.0,1.0,4424.382581245405,0.0011663545947158127,e
488,62.0,+,5,5169.9572043,1,4,0.0,0.0,0.0,1.0,5169.957966592676,-0.0007622926759722759,e
489,62.0,+,6,5906.4914186,1,5,0.0,0.0,0.0,1.0,5906.493342581987,-0.0019239819876020192,e
490,62.0,+,7,6634.1012967,1,6,0.0,0.0,0.0,1.0,6634.101824290135,-0.0005275901348795742,e
491,62.0,+,8,7352.9010664,1,7,0.0,0.0,0.0,1.0,7352.897510129678,0.003556270321496413,e
492,62.0,+,9,8063.000361,1,8,0.0,0.0,0.0,1.0,8062.996154717322,0.00420628267875145,e
493,63.0,-,1,2200.5239975,1,0,0.0,0.0,0.0,1.0,2200.525999077634,-0.0020015776340187585,e
494,63.0,-,2,2973.2864694,1,1,0.0,0.0,0.0,1.0,2973.285671425216,0.0007979747838362528,e
495,63.0,-,3,3736.6669338,1,2,0.0,0.0,0.0,1.0,3736.664699878899,0.0022339211013786553,e
496,63.0,-,4,4490.7816515,1,3,0.0,0.0,0.0,1.0,4490.780697921714,0.0009535782864986686,e
497,63.0,-,5,5235.7471142,1,4,0.0,0.0,0.0,1.0,5235.748119204733,-0.0010050047321783495,e
498,63.0,-,6,5971.6782402,1,5,0.0,0.0,0.0,1.0,5971.68007367967,-0.001833479670494853,e
499,63.0,-,7,6698.6890329,1,6,0.0,0.0,0.0,1.0,6698.689700152881,-0.0006672528816125123,e
500,63.0,-,8,7416.893869,1,7,0.0,0.0,0.0,1.0,7416.891156500039,0.0027124999614898115,e
501,63.0,-,9,8126.4060964,1,8,0.0,0.0,0.0,1.0,8126.400284879842,0.005811520158204075,e
502,64.0,+,1,2269.8225309,1,0,0.0,0.0,0.0,1.0,2269.824864096253,-0.0023331962529482553,e
503,64.0,+,2,3041.9537907,1,1,0.0,0.0,0.0,1.0,3041.952813270393,0.000977429606791702,e
504,64.0,+,3,3804.7071438,1,2,0.0,0.0,0.0,1.0,3804.704957900229,0.0021858997706658556,e
505,64.0,+,4,4558.1998158,1,3,0.0,0.0,0.0,1.0,4558.19878193812,0.0010338618794776266,e
506,64.0,+,5,5302.547448,1,4,0.0,0.0,0.0,1.0,5302.548667799651,-0.0012197996511531528,e
507,64.0,+,6,6037.8659453,1,5,0.0,0.0,0.0,1.0,6037.867705938722,-0.0017606387218620512,e
508,64.0,+,7,6764.2685131,1,6,0.0,0.0,0.0,1.0,6764.269059886887,-0.0005467868868436199,e
509,64.0,+,8,7481.8701428,1,7,0.0,0.0,0.0,1.0,7481.86694858566,0.0031942143405103707,e
510,64.0,+,9,8190.7776327,1,8,0.0,0.0,0.0,1.0,8190.777303759621,0.00032894037940423004,e
511,65.0,-,1,2340.1688325,1,0,0.0,0.0,0.0,1.0,2340.171253528511,-0.00242102851098025,e
512,65.0,-,2,3111.6586402,1,1,0.0,0.0,0.0,1.0,3111.657678609601,0.0009615903986741614,e
513,65.0,-,3,3873.7755968,1,2,0.0,0.0,0.0,1.0,3873.773218006236,0.0023787937639099255,e
514,65.0,-,4,4626.6360028,1,3,0.0,0.0,0.0,1.0,4626.635224003296,0.0007787967042531818,e
515,65.0,-,5,5370.3564379,1,4,0.0,0.0,0.0,1.0,5370.358006946302,-0.0015690463023929624,e
516,65.0,-,6,6105.0523279,1,5,0.0,0.0,0.0,1.0,6105.054638007362,-0.002310107362063718,e
517,65.0,-,7,6830.8375557,1,6,0.0,0.0,0.0,1.0,6830.838306476709,-0.0007507767086281092,e
518,65.0,-,8,7547.8242576,1,7,0.0,0.0,0.0,1.0,7547.823294001145,0.0009635988553782227,e
519,66.0,+,1,2411.5604876,1,0,0.0,0.0,0.0,1.0,2411.563521812605,-0.003034212604688946,e
520,66.0,+,2,3182.3996145,1,1,0.0,0.0,0.0,1.0,3182.398625325902,0.0009891740983221098,e
521,66.0,+,3,3943.8702863,1,2,0.0,0.0,0.0,1.0,3943.867841667392,0.002444632607875974,e
522,66.0,+,4,4696.088985,1,3,0.0,0.0,0.0,1.0,4696.088389332665,0.0005956673348919139,e
523,66.0,+,5,5439.172923,1,4,0.0,0.0,0.0,1.0,5439.174505791809,-0.001582791808687034,e
524,66.0,+,6,6173.2369921,1,5,0.0,0.0,0.0,1.0,6173.23924318796,-0.002251087959848519,e
525,66.0,+,7,6898.3948092,1,6,0.0,0.0,0.0,1.0,6898.395817642554,-0.0010084425539389485,e
526,66.0,+,8,7614.7617056,1,7,0.0,0.0,0.0,1.0,7614.758575184925,0.0031304150752475834,e
527,67.0,-,1,2483.9966598,1,0,0.0,0.0,0.0,1.0,2483.999997670466,-0.003337870466111781,e
528,67.0,-,2,3254.1750574,1,1,0.0,0.0,0.0,1.0,3254.173985655007,0.0010717449927142297,e
529,67.0,-,3,4014.9896364,1,2,0.0,0.0,0.0,1.0,4014.987164774827,0.0024716251732570527,e
530,67.0,-,4,4766.5569337,1,3,0.0,0.0,0.0,1.0,4766.556617631495,0.000316068504616851,e
531,67.0,-,5,5508.9947887,1,4,0.0,0.0,0.0,1.0,5508.996508045425,-0.0017193454250445939,e
532,67.0,-,6,6242.416944,1,5,0.0,0.0,0.0,1.0,6242.419869421627,-0.0029254216269691824,e
533,67.0,-,7,6966.9392018,1,6,0.0,0.0,0.0,1.0,6966.939945825616,-0.0007440256158588454,e
534,67.0,-,8,8389.7346568,1,8,0.0,0.0,0.0,1.0,8389.729693003239,0.004963796760421246,e
535,68.0,+,1,2557.4762601,1,0,0.0,0.0,0.0,1.0,2557.478984088314,-0.0027239883138463483,e
536,68.0,+,2,3326.9834298,1,1,0.0,0.0,0.0,1.0,3326.982066166431,0.0013636335688715917,e
537,68.0,+,3,4087.1315438,1,2,0.0,0.0,0.0,1.0,4087.12949762224,0.0020461777603486553,e
538,68.0,+,4,4838.0392357,1,3,0.0,0.0,0.0,1.0,4838.038223077625,0.001012622375128558,e
539,68.0,+,5,5579.8203133,1,4,0.0,0.0,0.0,1.0,5579.822331961605,-0.002018661605688976,e
540,68.0,+,6,6312.5925343,1,5,0.0,0.0,0.0,1.0,6312.594839271883,-0.002304971882949758,e
541,68.0,+,7,7036.4681846,1,6,0.0,0.0,0.0,1.0,7036.469018172568,-0.0008335725678989547,e
542,68.0,+,8,7751.5623272,1,7,0.0,0.0,0.0,1.0,7751.559348646286,0.0029785537144562113,e
543,69.0,-,1,2631.9959426,1,0,0.0,0.0,0.0,1.0,2631.998758297044,-0.0028156970438431017,e
544,69.0,-,2,3400.8223474,1,1,0.0,0.0,0.0,1.0,3400.821147744769,0.0011996552311757114,e
545,69.0,-,3,4160.2956912,1,2,0.0,0.0,0.0,1.0,4160.293124887786,0.002566312214185018,e
546,69.0,-,4,4910.5319653,1,3,0.0,0.0,0.0,1.0,4910.531494303598,0.0004709964014182333,e
547,69.0,-,5,5651.6483764,1,4,0.0,0.0,0.0,1.0,5651.650270323074,-0.0018939230740215862,e
548,69.0,-,6,6383.7598912,1,5,0.0,0.0,0.0,1.0,6383.762449908466,-0.0025587084655853687,e
549,69.0,-,7,7106.9807037,1,6,0.0,0.0,0.0,1.0,7106.981336520194,-0.0006328201943688327,e
550,69.0,-,8,7821.4261579,1,7,0.0,0.0,0.0,1.0,7821.421479792344,0.004678107656218344,e
551,69.0,-,9,8527.204278,1,8,0.0,0.0,0.0,1.0,8527.199290827519,0.004987172480468871,e
552,70.0,+,1,2707.5544302,1,0,0.0,0.0,0.0,1.0,2707.557571752221,-0.0031415522212228097,e
553,70.0,+,2,3475.6906942,1,1,0.0,0.0,0.0,1.0,3475.689485570385,0.0012086296151210263,e
554,70.0,+,3,4234.4786658,1,2,0.0,0.0,0.0,1.0,4234.476305615509,0.0023601844914082903,e
555,70.0,+,4,4984.0353814,1,3,0.0,0.0,0.0,1.0,4984.034694379151,0.0006870208489999641,e
556,70.0,+,5,5724.4763783,1,4,0.0,0.0,0.0,1.0,5724.478590423655,-0.0022121236552266055,e
557,70.0,+,6,6455.9187769,1,5,0.0,0.0,0.0,1.0,6455.920973091002,-0.002196191002440173,e
558,70.0,+,7,7178.4727828,1,6,0.0,0.0,0.0,1.0,7178.475177379833,-0.0023945798338900204,e
559,70.0,+,8,7892.2594956,1,7,0.0,0.0,0.0,1.0,7892.255824414465,0.0036711855354951695,e
560,70.0,+,9,8597.3804885,1,8,0.0,0.0,0.0,1.0,8597.379427730672,0.0010607693293422926,e
561,71.0,-,1,2784.1503049,1,0,0.0,0.0,0.0,1.0,2784.153650113551,-0.0033452135512561654,e
562,71.0,-,2,3551.5869223,1,1,0.0,0.0,0.0,1.0,3551.585309099752,0.0016132002479025687,e
563,71.0,-,3,4309.6800014,1,2,0.0,0.0,0.0,1.0,4309.677273196209,0.002728203790866246,e
564,71.0,-,4,5058.5468375,1,3,0.0,0.0,0.0,1.0,5058.546060792427,0.0007767075730953366,e
565,71.0,-,5,5798.3039699,1,4,0.0,0.0,0.0,1.0,5798.305534050442,-0.0015641504414816154,e
566,71.0,-,6,6529.0651208,1,5,0.0,0.0,0.0,1.0,6529.068655151872,-0.0035343518720765132,e
567,71.0,-,7,7250.9488492,1,6,0.0,0.0,0.0,1.0,7250.948791921138,5.727886218664935e-05,e
568,71.0,-,8,7964.0600848,1,7,0.0,0.0,0.0,1.0,7964.06063885471,-0.0005540547099371906,e
569,72.0,+,1,2861.7820451,1,0,0.0,0.0,0.0,1.0,2861.785193224209,-0.003148124209019443,e
570,72.0,+,2,3628.5083083,1,1,0.0,0.0,0.0,1.0,3628.506822045626,0.001486254373958218,e
571,72.0,+,3,4385.8971977,1,2,0.0,0.0,0.0,1.0,4385.894235348384,0.0029623516156789265,e
572,72.0,+,4,5134.0643884,1,3,0.0,0.0,0.0,1.0,5134.063805431689,0.0005829683113915962,e
573,72.0,+,5,5873.1272117,1,4,0.0,0.0,0.0,1.0,5873.129317466087,-0.0021057660869701067,e
574,72.0,+,6,6603.2003484,1,5,0.0,0.0,0.0,1.0,6603.203716979096,-0.0033685790958770667,e
575,72.0,+,7,7324.3988473,1,6,0.0,0.0,0.0,1.0,7324.400405955873,-0.0015586558729410172,e
576,72.0,+,8,8036.8344161,1,7,0.0,0.0,0.0,1.0,8036.834154190897,0.0002619091037558974,e
577,72.0,+,9,8740.622561,1,8,0.0,0.0,0.0,1.0,8740.621686940496,0.000874059503985336,e
578,73.0,-,1,2940.4464458,1,0,0.0,0.0,0.0,1.0,2940.450375089635,-0.003929289634925226,e
579,73.0,-,2,3706.4543923,1,1,0.0,0.0,0.0,1.0,3706.452202356474,0.0021899435259911115,e
580,73.0,-,3,4463.1280818,1,2,0.0,0.0,0.0,1.0,4463.125374098456,0.0027077015438408125,e
581,73.0,-,4,5210.5865591,1,3,0.0,0.0,0.0,1.0,5210.586114566175,0.00044453382542997133,e
582,73.0,-,5,5948.9455307,1,4,0.0,0.0,0.0,1.0,5948.948131390311,-0.002600690310828213,e
583,73.0,-,6,6678.3200141,1,5,0.0,0.0,0.0,1.0,6678.324353998953,-0.004339898952821386,e
584,73.0,-,7,7398.8255574,1,6,0.0,0.0,0.0,1.0,7398.828219921445,-0.0026625214450177737,e
585,73.0,-,8,8110.5765248,1,7,0.0,0.0,0.0,1.0,8110.574576221278,0.0019485787215671735,e
586,74.0,+,1,3020.1447685,1,0,0.0,0.0,0.0,1.0,3020.147343855911,-0.0025753559111763025,e
587,74.0,+,2,3785.4212095,1,1,0.0,0.0,0.0,1.0,3785.419602195927,0.0016073040728770138,e
588,74.0,+,3,4541.3721353,1,2,0.0,0.0,0.0,1.0,4541.36884576077,0.0032895392305363202,e
589,74.0,+,4,5288.1114902,1,3,0.0,0.0,0.0,1.0,5288.111148826879,0.0003413731210457627,e
590,74.0,+,5,6025.7574721,1,4,0.0,0.0,0.0,1.0,6025.76014098157,-0.0026688815696616075,e
591,74.0,+,6,6754.4248991,1,5,0.0,0.0,0.0,1.0,6754.428736158237,-0.003837058236968005,e
592,74.0,+,7,7474.2285023,1,6,0.0,0.0,0.0,1.0,7474.230408863852,-0.001906563851662213,e
593,74.0,+,8,8185.2812144,1,7,0.0,0.0,0.0,1.0,8185.280085448548,0.0011289514523014077,e
594,75.0,-,9,3100.8702485,1,0,0.0,0.0,0.0,1.0,3100.874221787858,-0.003973287858116237,e
595,75.0,-,1,3865.4098922,1,1,0.0,0.0,0.0,1.0,3865.40714792163,0.0027442783698461426,e
596,75.0,-,2,4620.6255004,1,2,0.0,0.0,0.0,1.0,4620.622780917321,0.0027194826798222493,e
597,75.0,-,3,5366.6377967,1,3,0.0,0.0,0.0,1.0,5366.637043186859,0.0007535131408076268,e
598,75.0,-,4,6103.5608643,1,4,0.0,0.0,0.0,1.0,6103.563485817943,-0.0026215179432256264,e
599,75.0,-,5,6831.5113714,1,5,0.0,0.0,0.0,1.0,6831.515007905999,-0.003636505998656503,e
600,75.0,-,6,7550.6028453,1,6,0.0,0.0,0.0,1.0,7550.605122420895,-0.002277120895087137,e
601,75.0,-,7,8260.9476993,1,7,0.0,0.0,0.0,1.0,8260.948837064067,-0.0011377640657883603,e
602,76.0,+,1,3182.6256455,1,0,0.0,0.0,0.0,1.0,3182.629105246621,-0.0034597466210470884,e
603,76.0,+,2,3946.4144566,1,1,0.0,0.0,0.0,1.0,3946.412940063648,0.0015165363520281971,e
604,76.0,+,3,4700.8887381,1,2,0.0,0.0,0.0,1.0,4700.885284396884,0.0034537031160652987,e
605,76.0,+,4,5446.1622788,1,3,0.0,0.0,0.0,1.0,5446.161906941256,0.0003718587440744159,e
606,76.0,+,5,6182.3536927,1,4,0.0,0.0,0.0,1.0,6182.356279878064,-0.0025871780644592945,e
607,76.0,+,6,6909.5778426,1,5,0.0,0.0,0.0,1.0,6909.58128817555,-0.003445575550358626,e
608,76.0,+,7,7627.9467273,1,6,0.0,0.0,0.0,1.0,7627.950484804594,-0.0037575045944322483,e
609,76.0,+,8,8337.5800487,1,7,0.0,0.0,0.0,1.0,8337.578960931565,0.0010877684344450245,e
610,77.0,-,1,3265.4059396,1,0,0.0,0.0,0.0,1.0,3265.410064667181,-0.004125067181121267,e
611,77.0,-,2,4028.4377894,1,1,0.0,0.0,0.0,1.0,4028.435053302824,0.00273609717578438,e
612,77.0,-,3,4782.1574067,1,2,0.0,0.0,0.0,1.0,4782.154435254027,0.002971445973344089,e
613,77.0,-,4,5526.6843137,1,3,0.0,0.0,0.0,1.0,5526.68382368682,0.000490013179842208,e
614,77.0,-,5,6262.1336543,1,4,0.0,0.0,0.0,1.0,6262.136611521409,-0.0029572214089057525,e
615,77.0,-,6,6988.6209715,1,5,0.0,0.0,0.0,1.0,6988.625670365337,-0.00469886533664976,e
616,77.0,-,7,7706.2604077,1,6,0.0,0.0,0.0,1.0,7706.264594783538,-0.004187083538454317,e
617,78.0,+,1,3349.2115765,1,0,0.0,0.0,0.0,1.0,3349.215144534884,-0.003568034884210647,e
618,78.0,+,2,4111.4737342,1,1,0.0,0.0,0.0,1.0,4111.471536448448,0.0021977515516482526,e
619,78.0,+,3,4864.4319361,1,2,0.0,0.0,0.0,1.0,4864.428286747654,0.0036493523457465926,e
620,78.0,+,4,5608.200967,1,3,0.0,0.0,0.0,1.0,5608.200851301524,0.00011569847538339673,e
621,78.0,+,5,6342.8992083,1,4,0.0,0.0,0.0,1.0,6342.902543468609,-0.0033351686088280985,e
622,78.0,+,6,7068.6418111,1,5,0.0,0.0,0.0,1.0,7068.646222320431,-0.004411220430483809,e
623,78.0,+,7,7785.5440685,1,6,0.0,0.0,0.0,1.0,7785.545525665156,-0.001457165155443363,e
624,78.0,+,8,8493.7151569,1,7,0.0,0.0,0.0,1.0,8493.715718138981,-0.0005612389813904883,e
625,79.0,-,1,3434.0375834,1,0,0.0,0.0,0.0,1.0,3434.042363362145,-0.004779962144766614,e
626,79.0,-,2,4195.5234968,1,1,0.0,0.0,0.0,1.0,4195.520412415509,0.003084384491558012,e
627,79.0,-,3,4947.7080757,1,2,0.0,0.0,0.0,1.0,4947.704866319011,0.0032093809895741288,e
628,79.0,-,4,5690.7120385,1,3,0.0,0.0,0.0,1.0,5690.711021923063,0.0010165769372179057,e
629,79.0,-,5,6424.6485846,1,4,0.0,0.0,0.0,1.0,6424.65211278103,-0.0035281810305605177,e
630,79.0,-,6,7149.637121,1,5,0.0,0.0,0.0,1.0,7149.640986312893,-0.0038653128931400715,e
631,79.0,-,7,7865.786412,1,6,0.0,0.0,0.0,1.0,7865.791325277146,-0.004913277145533357,e
632,79.0,-,8,8573.2208335,1,7,0.0,0.0,0.0,1.0,8573.218484418181,0.0023490818184654927,e
633,80.0,+,1,3519.8860832,1,0,0.0,0.0,0.0,1.0,3519.889713664414,-0.003630464414072776,e
634,80.0,+,2,4280.582247,1,1,0.0,0.0,0.0,1.0,4280.579678201861,0.002568798139691353,e
635,80.0,+,3,5031.9861659,1,2,0.0,0.0,0.0,1.0,5031.982175569756,0.0039903302440507105,e
636,80.0,+,4,5774.2124043,1,3,0.0,0.0,0.0,1.0,5774.212341927783,6.23722171440022e-05,e
637,80.0,+,5,6507.3798203,1,4,0.0,0.0,0.0,1.0,6507.38333084026,-0.003510540260322159,e
638,80.0,+,6,7231.6029937,1,5,0.0,0.0,0.0,1.0,7231.60797902235,-0.0049853223499667365,e
639,80.0,+,7,7946.9973877,1,6,0.0,0.0,0.0,1.0,7947.000015949435,-0.0026282494345650775,e
640,81.0,-,1,3606.7505802,1,0,0.0,0.0,0.0,1.0,3606.755161935848,-0.004581735847750679,e
641,81.0,-,2,4366.650945,1,1,0.0,0.0,0.0,1.0,4366.647304864628,0.003640135372734221,e
642,81.0,-,3,5117.2614645,1,2,0.0,0.0,0.0,1.0,5117.258190238967,0.003274261033766379,e
643,81.0,-,4,5858.7031071,1,3,0.0,0.0,0.0,1.0,5858.70279190876,0.0003151912396788248,e
644,81.0,-,5,6591.0893262,1,4,0.0,0.0,0.0,1.0,6591.094183327314,-0.004857127313698584,e
645,81.0,-,6,7314.5399986,1,5,0.0,0.0,0.0,1.0,7314.545191516001,-0.005192916000851255,e
646,81.0,-,7,8029.1641316,1,6,0.0,0.0,0.0,1.0,8029.169594494987,-0.005462894987431355,e
647,82.0,+,1,3694.6329192,1,0,0.0,0.0,0.0,1.0,3694.636648624502,-0.0037294245021257666,e
648,82.0,+,2,4453.7246098,1,1,0.0,0.0,0.0,1.0,4453.721237496435,0.003372303564901813,e
649,82.0,+,3,5203.5353908,1,2,0.0,0.0,0.0,1.0,5203.530860180462,0.004530619537945313,e
650,82.0,+,4,5944.1793467,1,3,0.0,0.0,0.0,1.0,5944.180326653553,-0.0009799535528145498,e
651,82.0,+,5,6675.7796208,1,4,0.0,0.0,0.0,1.0,6675.782630201171,-0.003009401170857018,e
652,82.0,+,6,7398.4443318,1,5,0.0,0.0,0.0,1.0,7398.450589228581,-0.006257428580283886,e
653,82.0,+,7,8112.2952634,1,6,0.0,0.0,0.0,1.0,8112.298032191059,-0.002768791058770148,e
654,83.0,-,1,3783.5273735,1,0,0.0,0.0,0.0,1.0,3783.532088107243,-0.004714607242931379,e
655,83.0,-,2,4541.8027507,1,1,0.0,0.0,0.0,1.0,4541.799395201276,0.0033554987239767797,e
656,83.0,-,3,5290.8015102,1,2,0.0,0.0,0.0,1.0,5290.798109339338,0.003400860661713523,e
657,83.0,-,4,6030.6438053,1,3,0.0,0.0,0.0,1.0,6030.642875121856,0.0009301781437898171,e
658,83.0,-,5,6761.4416485,1,4,0.0,0.0,0.0,1.0,6761.446605677466,-0.004957177466167195,e
659,83.0,-,6,7483.3173429,1,5,0.0,0.0,0.0,1.0,7483.322111941453,-0.0047690414530734415,e
660,83.0,-,7,8196.381661,1,6,0.0,0.0,0.0,1.0,8196.383274759719,-0.0016137597194756381,e
661,84.0,+,1,3873.4349466,1,0,0.0,0.0,0.0,1.0,3873.439368664043,-0.004422064042955753,e
662,84.0,+,2,4630.8825354,1,1,0.0,0.0,0.0,1.0,4630.87967106973,0.0028643302703130757,e
663,84.0,+,3,5379.0619695,1,2,0.0,0.0,0.0,1.0,5379.057835728096,0.004133771903980232,e
664,84.0,+,4,6118.0879774,1,3,0.0,0.0,0.0,1.0,6118.088340422497,-0.000363022496458143,e
665,84.0,+,5,6848.0801182,1,4,0.0,0.0,0.0,1.0,6848.084018206237,-0.0039000062370178057,e
666,84.0,+,6,7569.1532599,1,5,0.0,0.0,0.0,1.0,7569.157673762183,-0.004413862182445882,e
667,84.0,+,7,8281.4237161,1,6,0.0,0.0,0.0,1.0,8281.423242348259,0.000473751741083106,e
668,85.0,-,1,3964.3510646,1,0,0.0,0.0,0.0,1.0,3964.356352451942,-0.005287851941830013,e
669,85.0,-,2,4720.9637514,1,1,0.0,0.0,0.0,1.0,4720.959932153895,0.003819246104285412,e
670,85.0,-,3,5468.3109565,1,2,0.0,0.0,0.0,1.0,5468.307911402519,0.003045097481845005,e
671,85.0,-,4,6206.5147112,1,3,0.0,0.0,0.0,1.0,6206.514599790043,0.00011140995775349438,e
672,85.0,-,5,6935.6890902,1,4,0.0,0.0,0.0,1.0,6935.69275044985,-0.003660249850327091,e
673,85.0,-,6,7655.9545944,1,5,0.0,0.0,0.0,1.0,7655.955163103002,-0.0005687030015906203,e
674,86.0,+,1,4056.2763702,1,0,0.0,0.0,0.0,1.0,4056.280875478679,-0.004505278678607283,e
675,86.0,+,2,4812.0403398,1,1,0.0,0.0,0.0,1.0,4812.03801944207,0.0023203579294204246,e
676,86.0,+,3,5558.5501387,1,2,0.0,0.0,0.0,1.0,5558.54618243716,0.003956262840802083,e
677,86.0,+,4,6295.9183306,1,3,0.0,0.0,0.0,1.0,6295.919504561438,-0.0011739614374164375,e
678,86.0,+,5,7024.2677695,1,4,0.0,0.0,0.0,1.0,7024.270659260253,-0.0028897602524011745,e
679,86.0,+,6,7743.7054861,1,5,0.0,0.0,0.0,1.0,7743.712442659544,-0.006956559544050833,e
680,87.0,-,1,4149.2043115,1,0,0.0,0.0,0.0,1.0,4149.210747575758,-0.006436075758756488,e
681,87.0,-,2,4904.1157576,1,1,0.0,0.0,0.0,1.0,4904.111747832651,0.004009767348179594,e
682,87.0,-,3,5649.7730126,1,2,0.0,0.0,0.0,1.0,5649.770468900201,0.0025436997984797927,e
683,87.0,-,4,6386.3022755,1,3,0.0,0.0,0.0,1.0,6386.300880151637,0.0013953483630757546,e
684,87.0,-,5,7113.8099907,1,4,0.0,0.0,0.0,1.0,7113.815575655927,-0.005584955927588453,e
685,87.0,-,6,7832.4213687,1,5,0.0,0.0,0.0,1.0,7832.427349388831,-0.005980688831186853,e
686,88.0,+,1,4243.1392135,1,0,0.0,0.0,0.0,1.0,4243.143752371078,-0.004538871078693774,e
687,88.0,+,2,4997.1816798,1,1,0.0,0.0,0.0,1.0,4997.178906107958,0.0027736920419556554,e
688,88.0,+,3,5741.9828022,1,2,0.0,0.0,0.0,1.0,5741.97856482829,0.0042373717105874675,e
689,88.0,+,4,6477.6551288,1,3,0.0,0.0,0.0,1.0,6477.656526029349,-0.0013972293490951415,e
690,88.0,+,5,7204.3220025,1,4,0.0,0.0,0.0,1.0,7204.325304798642,-0.0033022986417563516,e
691,89.0,-,1,4338.0729301,1,0,0.0,0.0,0.0,1.0,4338.077647261133,-0.004717161133157788,e
692,89.0,-,2,5091.2418314,1,1,0.0,0.0,0.0,1.0,5091.23725690739,0.004574492610117886,e
693,89.0,-,3,5835.1715858,1,2,0.0,0.0,0.0,1.0,5835.16823820038,0.0033475996197012137,e
694,89.0,-,4,6569.9853993,1,3,0.0,0.0,0.0,1.0,6569.984215692119,0.0011836078811029438,e
695,89.0,-,5,7295.7927887,1,4,0.0,0.0,0.0,1.0,7295.797625969527,-0.004837269527342869,e
696,89.0,-,6,8012.7176219,1,5,0.0,0.0,0.0,1.0,8012.721263368097,-0.0036414680971574853,e
697,90.0,+,1,4434.0051917,1,0,0.0,0.0,0.0,1.0,4434.010163382826,-0.004971682826180768,e
698,90.0,+,2,5186.2884021,1,1,0.0,0.0,0.0,1.0,5186.284536700245,0.003865399755341059,e
699,90.0,+,3,5929.3424836,1,2,0.0,0.0,0.0,1.0,5929.337230911839,0.005252688161817787,e
700,90.0,+,4,6663.2809611,1,3,0.0,0.0,0.0,1.0,6663.281696641185,-0.0007355411844400805,e
701,90.0,+,5,7388.2271031,1,4,0.0,0.0,0.0,1.0,7388.23029254518,-0.003189445180396433,e
702,91.0,-,1,4530.9333757,1,0,0.0,0.0,0.0,1.0,4530.939005584873,-0.005629884872178081,e
703,91.0,-,2,5282.3234639,1,1,0.0,0.0,0.0,1.0,5282.318455758163,0.005008141837606672,e
704,91.0,-,3,6024.4874355,1,2,0.0,0.0,0.0,1.0,6024.483258747688,0.004176752312559984,e
705,91.0,-,4,6757.5466729,1,3,0.0,0.0,0.0,1.0,6757.546690355825,-1.7455825400247704e-05,e
706,91.0,-,5,7481.6150036,1,4,0.0,0.0,0.0,1.0,7481.621031973066,-0.0060283730663286406,e
707,92.0,+,1,4628.8577585,1,0,0.0,0.0,0.0,1.0,4628.861852398541,-0.004093898540304508,e
708,92.0,+,2,5379.3406884,1,1,0.0,0.0,0.0,1.0,5379.336698126855,0.0039902731450638385,e
709,92.0,+,3,6120.6093303,1,2,0.0,0.0,0.0,1.0,6120.604011355249,0.005318944750797527,e
710,92.0,+,4,6852.7764338,1,3,0.0,0.0,0.0,1.0,6852.776892267152,-0.00045846715238440083,e
711,92.0,+,5,7575.962765,1,4,0.0,0.0,0.0,1.0,7575.967545746606,-0.004780746606229513,e
712,93.0,-,1,4727.7747363,1,0,0.0,0.0,0.0,1.0,4727.776356008068,-0.0016197080685742549,e
713,93.0,-,2,5477.3424485,1,1,0.0,0.0,0.0,1.0,5477.336921597745,0.005526902255041932,e
714,93.0,-,3,6217.7016968,1,2,0.0,0.0,0.0,1.0,6217.697152217071,0.004544582929156604,e
715,93.0,-,4,6948.9708866,1,3,0.0,0.0,0.0,1.0,6948.96997173193,0.0009148680701400735,e
716,93.0,-,5,7671.2618172,1,4,0.0,0.0,0.0,1.0,7671.267509380167,-0.005692180166988692,e
717,94.0,+,1,4827.6774475,1,0,0.0,0.0,0.0,1.0,4827.680142220698,-0.0026947206979457405,e
718,94.0,+,2,5576.3255363,1,1,0.0,0.0,0.0,1.0,5576.316757678937,0.0087786210624472,e
719,94.0,+,3,6315.7663434,1,2,0.0,0.0,0.0,1.0,6315.760318622624,0.0060247773753872025,e
720,94.0,+,4,7046.1248873,1,3,0.0,0.0,0.0,1.0,7046.123572005676,0.0013152943247405346,e
721,95.0,-,1,4928.5684155,1,0,0.0,0.0,0.0,1.0,4928.570810436027,-0.002394936027485528,e
722,95.0,-,2,5676.27929,1,1,0.0,0.0,0.0,1.0,5676.27381156566,0.005478434340147942,e
723,95.0,-,3,6414.7999843,1,2,0.0,0.0,0.0,1.0,6414.791121640028,0.008862659971782705,e
724,95.0,-,4,7144.2358517,1,3,0.0,0.0,0.0,1.0,7144.235310215121,0.0005414848792497651,e
725,96.0,+,1,5777.2147378,1,1,0.0,0.0,0.0,1.0,5777.205662110516,0.009075689484234317,e
726,96.0,+,2,6514.7930789,1,2,0.0,0.0,0.0,1.0,6514.787146087237,0.005932812763603579,e
727,96.0,+,3,7243.3071073,1,3,0.0,0.0,0.0,1.0,7243.302777330875,0.004329969125137723,e
728,97.0,-,1,5133.3006975,1,0,0.0,0.0,0.0,1.0,5133.30305824913,-0.002360749130275508,e
729,97.0,-,2,6615.7549644,1,2,0.0,0.0,0.0,1.0,6615.745950502653,0.00901389734735858,e
730,97.0,-,3,7343.3245056,1,3,0.0,0.0,0.0,1.0,7343.323538139146,0.0009674608536442975,e
731,98.0,+,1,7444.2988213,1,3,0.0,0.0,0.0,1.0,7444.295131213189,0.003690086810820503,e
732,1.0,+,1,43950.2994,2,0,-1.0,0.0,-1.0,1.0,43950.357546277424,-0.05814627742074663,f
733,1.0,-,31,43950.3094,2,0,-1.0,0.0,-1.0,1.0,43950.357714438265,-0.04831443826697068,e
734,1.0,+,2,44742.1894,2,1,-1.0,0.0,-1.0,1.0,44742.12621407238,0.0631859276254545,f
735,1.0,-,32,44742.1394,2,1,-1.0,0.0,-1.0,1.0,44742.126379874375,0.013020125625189394,e
736,1.0,+,3,45521.3694,2,2,-1.0,0.0,-1.0,1.0,45521.49940534766,-0.13000534765888005,f
737,1.0,-,33,45521.4694,2,2,-1.0,0.0,-1.0,1.0,45521.499568766376,-0.030168766374117695,e
738,1.0,+,5,47041.8194,2,4,-1.0,0.0,-1.0,1.0,47041.81289361362,0.006506386380351614,f
739,1.0,-,35,47041.8094,2,4,-1.0,0.0,-1.0,1.0,47041.81305209982,-0.003652099818282295,e
740,2.0,-,1,43952.5494,2,0,-1.0,0.0,-1.0,1.0,43952.572336149664,-0.02293614966038149,f
741,2.0,+,31,43952.5394,2,0,-1.0,0.0,-1.0,1.0,43952.57284060974,-0.03344060973904561,e
742,2.0,-,2,44744.3494,2,1,-1.0,0.0,-1.0,1.0,44744.31919474058,0.030205259419744834,f
743,2.0,+,32,44744.3594,2,1,-1.0,0.0,-1.0,1.0,44744.319692124496,0.039707875504973345,e
744,2.0,-,3,45523.6394,2,2,-1.0,0.0,-1.0,1.0,45523.67038524268,-0.03098524267988978,f
745,2.0,+,33,45523.6594,2,2,-1.0,0.0,-1.0,1.0,45523.67087547684,-0.011475476843770593,e
746,2.0,-,4,46290.2794,2,3,-1.0,0.0,-1.0,1.0,46290.31731654522,-0.03791654521774035,f
747,2.0,+,34,46290.2894,2,3,-1.0,0.0,-1.0,1.0,46290.31779947823,-0.02839947822940303,e
748,2.0,-,5,47043.9394,2,4,-1.0,0.0,-1.0,1.0,47043.9388000194,0.0005999806016916409,f
749,2.0,+,35,47043.9594,2,4,-1.0,0.0,-1.0,1.0,47043.93927545558,0.020124544418649748,e
750,2.0,-,6,47784.2594,2,5,-1.0,0.0,-1.0,1.0,47784.236369708524,0.023030291478789877,f
751,2.0,-,7,48511.2194,2,6,-1.0,0.0,-1.0,1.0,48510.96126879568,0.258131204318488,f
752,3.0,+,1,43955.8394,2,0,-1.0,0.0,-1.0,1.0,43955.894456792856,-0.055056792858522385,f
753,3.0,-,31,43955.8494,2,0,-1.0,0.0,-1.0,1.0,43955.895465646245,-0.04606564624555176,e
754,3.0,+,2,44747.6394,2,1,-1.0,0.0,-1.0,1.0,44747.608601111584,0.030798888416029513,f
755,3.0,-,32,44747.6594,2,1,-1.0,0.0,-1.0,1.0,44747.60959581279,0.04980418720515445,e
756,3.0,+,3,45526.9294,2,2,-1.0,0.0,-1.0,1.0,45526.926789859644,0.002610140356409829,f
757,3.0,-,33,45526.9094,2,2,-1.0,0.0,-1.0,1.0,45526.92777026134,-0.01837026134307962,e
758,3.0,+,4,46293.4994,2,3,-1.0,0.0,-1.0,1.0,46293.54022591304,-0.040825913041771855,f
759,3.0,-,34,46293.5194,2,3,-1.0,0.0,-1.0,1.0,46293.54119171239,-0.021791712395497598,e
760,3.0,+,5,47047.1494,2,4,-1.0,0.0,-1.0,1.0,47047.12759292348,0.02180707651859848,f
761,3.0,-,35,47047.1694,2,4,-1.0,0.0,-1.0,1.0,47047.128543729305,0.040856270694348495,e
762,3.0,+,6,47787.4394,2,5,-1.0,0.0,-1.0,1.0,47787.39036496911,0.049035030890081543,f
763,3.0,-,36,47787.4194,2,5,-1.0,0.0,-1.0,1.0,47787.39130035707,0.028099642928282265,e
764,3.0,-,37,48513.9294,2,6,-1.0,0.0,-1.0,1.0,48514.08070361925,-0.15130361924821045,e
765,4.0,-,1,43960.2794,2,0,-1.0,0.0,-1.0,1.0,43960.3238312074,-0.04443120740324957,f
766,4.0,+,31,43960.2794,2,0,-1.0,0.0,-1.0,1.0,43960.325512481075,-0.04611248107539723,e
767,4.0,-,2,44752.0094,2,1,-1.0,0.0,-1.0,1.0,44751.99435562624,0.015044373765704222,f
768,4.0,+,32,44751.9994,2,1,-1.0,0.0,-1.0,1.0,44751.99601331329,0.0033866867088363506,e
769,4.0,-,3,45531.2594,2,2,-1.0,0.0,-1.0,1.0,45531.268540925616,-0.009140925612882711,f
770,4.0,+,33,45531.2594,2,2,-1.0,0.0,-1.0,1.0,45531.27017478021,-0.010774780210340396,e
771,4.0,-,4,46297.8194,2,3,-1.0,0.0,-1.0,1.0,46297.8373153376,-0.017915337601152714,f
772,4.0,+,34,46297.7994,2,3,-1.0,0.0,-1.0,1.0,46297.83892485538,-0.0395248553759302,e
773,4.0,-,5,47051.4094,2,4,-1.0,0.0,-1.0,1.0,47051.37919227715,0.030207722847990226,f
774,4.0,+,35,47051.3794,2,4,-1.0,0.0,-1.0,1.0,47051.38077680578,-0.0013768057833658531,e
775,4.0,-,6,47791.6394,2,5,-1.0,0.0,-1.0,1.0,47791.59556593525,0.043834064752445556,f
776,4.0,+,36,47791.6294,2,5,-1.0,0.0,-1.0,1.0,47791.597124767184,0.03227523281384492,e
777,4.0,-,7,48518.4694,2,6,-1.0,0.0,-1.0,1.0,48518.237676834906,0.23172316509590019,f
778,4.0,+,37,48518.1494,2,6,-1.0,0.0,-1.0,1.0,48518.23920928291,-0.08980928290839074,e
779,5.0,+,1,43965.8094,2,0,-1.0,0.0,-1.0,1.0,43965.860356724545,-0.05095672454626765,f
780,5.0,-,31,43965.8094,2,0,-1.0,0.0,-1.0,1.0,43965.86287835611,-0.05347835610882612,e
781,5.0,+,2,44757.4794,2,1,-1.0,0.0,-1.0,1.0,44757.47635486926,0.0030451307393377647,f
782,5.0,-,32,44757.4894,2,1,-1.0,0.0,-1.0,1.0,44757.478841121854,0.010558878144365735,e
783,5.0,+,3,45536.6994,2,2,-1.0,0.0,-1.0,1.0,45536.695534073384,0.003865926613798365,f
784,5.0,-,33,45536.6994,2,2,-1.0,0.0,-1.0,1.0,45536.69798457782,0.0014154221789794974,e
785,5.0,+,4,46303.1694,2,3,-1.0,0.0,-1.0,1.0,46303.20847932859,-0.039079328591469675,f
786,5.0,-,34,46303.1694,2,3,-1.0,0.0,-1.0,1.0,46303.2108933276,-0.0414933276042575,e
787,5.0,+,5,47056.6894,2,4,-1.0,0.0,-1.0,1.0,47056.69349134386,-0.004091343856998719,f
788,5.0,-,35,47056.7294,2,4,-1.0,0.0,-1.0,1.0,47056.695867859584,0.033532140412717126,e
789,5.0,+,6,47796.8694,2,5,-1.0,0.0,-1.0,1.0,47796.85186455823,0.017535441773361526,f
790,5.0,-,36,47796.8594,2,5,-1.0,0.0,-1.0,1.0,47796.85420252901,0.00519747099315282,e
791,5.0,+,7,48523.6794,2,6,-1.0,0.0,-1.0,1.0,48523.434837750094,0.244562249907176,f
792,5.0,-,37,48523.3994,2,6,-1.0,0.0,-1.0,1.0,48523.43713614546,-0.037736145459348336,e
793,6.0,-,1,43972.4594,2,0,-1.0,0.0,-1.0,1.0,43972.50390500434,-0.04450500434177229,f
794,6.0,+,31,43972.4694,2,0,-1.0,0.0,-1.0,1.0,43972.50743482007,-0.038034820070606656,e
795,6.0,-,2,44764.0794,2,1,-1.0,0.0,-1.0,1.0,44764.054469567294,0.024930432708060835,f
796,6.0,+,32,44764.0794,2,1,-1.0,0.0,-1.0,1.0,44764.057949854054,0.021450145948620047,e
797,6.0,-,3,45543.2094,2,2,-1.0,0.0,-1.0,1.0,45543.207638838496,0.0017611615039641038,f
798,6.0,+,33,45543.2194,2,2,-1.0,0.0,-1.0,1.0,45543.21106907829,0.008330921715241857,e
799,6.0,-,4,46309.6294,2,3,-1.0,0.0,-1.0,1.0,46309.65358601578,-0.02418601578392554,f
800,6.0,+,34,46309.5894,2,3,-1.0,0.0,-1.0,1.0,46309.65696514866,-0.06756514865992358,e
801,6.0,-,5,47063.1094,2,4,-1.0,0.0,-1.0,1.0,47063.07035669499,0.039043305012455676,f
802,6.0,+,35,47063.0694,2,4,-1.0,0.0,-1.0,1.0,47063.073683350995,-0.004283350994228385,e
803,6.0,-,6,47803.1494,2,5,-1.0,0.0,-1.0,1.0,47803.15912576709,-0.009725767085910775,f
804,6.0,+,36,47803.1594,2,5,-1.0,0.0,-1.0,1.0,47803.162398460714,-0.002998460717208218,e
805,6.0,-,7,48529.9694,2,6,-1.0,0.0,-1.0,1.0,48529.671130090675,0.29826990932633635,f
806,6.0,+,37,48529.6294,2,6,-1.0,0.0,-1.0,1.0,48529.674347379085,-0.044947379086806905,e
807,7.0,+,1,43980.2194,2,0,-1.0,0.0,-1.0,1.0,43980.254322033004,-0.03492203300265828,f
808,7.0,-,31,43980.2194,2,0,-1.0,0.0,-1.0,1.0,43980.25902772542,-0.03962772541854065,e
809,7.0,+,2,44771.7694,2,1,-1.0,0.0,-1.0,1.0,44771.72854458549,0.04085541451058816,f
810,7.0,-,32,44771.7694,2,1,-1.0,0.0,-1.0,1.0,44771.733184241246,0.03621575875149574,e
811,7.0,+,3,45550.7794,2,2,-1.0,0.0,-1.0,1.0,45550.804698654974,-0.02529865497490391,f
812,7.0,-,33,45550.8394,2,2,-1.0,0.0,-1.0,1.0,45550.80927158295,0.030128417049127165,e
813,7.0,+,4,46317.1194,2,3,-1.0,0.0,-1.0,1.0,46317.17247714574,-0.05307714573427802,f
814,7.0,-,34,46317.1494,2,3,-1.0,0.0,-1.0,1.0,46317.17698193119,-0.027581931186432485,e
815,7.0,+,5,47070.5294,2,4,-1.0,0.0,-1.0,1.0,47070.509628203195,0.01977179680397967,f
816,7.0,-,35,47010.5494,2,4,-1.0,0.0,-1.0,0.0,47070.514063019946,-59.964663019942236,e
817,7.0,+,6,47810.5394,2,5,-1.0,0.0,-1.0,1.0,47810.517187463105,0.022212536896404345,f
818,7.0,-,36,47810.5694,2,5,-1.0,0.0,-1.0,1.0,47810.521550330406,0.04784966959414305,e
819,7.0,+,7,48537.2194,2,6,-1.0,0.0,-1.0,1.0,48536.946389780314,0.27301021968742134,f
820,8.0,-,1,43989.0594,2,0,-1.0,0.0,-1.0,1.0,43989.11142811966,-0.052028119658643845,f
821,8.0,+,31,43984.0694,2,0,-1.0,0.0,-1.0,1.0,43989.11747722513,-5.048077225132147,e
822,8.0,-,2,44780.5194,2,1,-1.0,0.0,-1.0,1.0,44780.49839892382,0.02100107618025504,f
823,8.0,+,32,44780.5194,2,1,-1.0,0.0,-1.0,1.0,44780.5043631282,0.01503687179501867,e
824,8.0,-,3,45559.5094,2,2,-1.0,0.0,-1.0,1.0,45559.48653085188,0.02286914812430041,f
825,8.0,+,33,45559.4794,2,2,-1.0,0.0,-1.0,1.0,45559.49240926489,-0.013009264890570194,e
826,8.0,-,4,46325.7394,2,3,-1.0,0.0,-1.0,1.0,46325.764968074865,-0.025568074866896495,f
827,8.0,+,34,46325.6894,2,3,-1.0,0.0,-1.0,1.0,46325.77075887672,-0.08135887671960518,e
828,8.0,-,5,47079.0594,2,4,-1.0,0.0,-1.0,1.0,47079.01111903726,0.04828096273558913,f
829,8.0,+,35,47079.0094,2,4,-1.0,0.0,-1.0,1.0,47079.01681987989,-0.007419879890221637,e
830,8.0,-,6,47818.9394,2,5,-1.0,0.0,-1.0,1.0,47818.925860511175,0.013539488827518653,f
831,8.0,+,36,47818.9094,2,5,-1.0,0.0,-1.0,1.0,47818.93146884797,-0.022068847974878736,e
832,8.0,-,7,48545.5994,2,6,-1.0,0.0,-1.0,1.0,48545.260425374894,0.3389746251050383,f
833,8.0,+,37,48545.1894,2,6,-1.0,0.0,-1.0,1.0,48545.26593873429,-0.07653873428353108,e
834,9.0,+,1,43999.0294,2,0,-1.0,0.0,-1.0,1.0,43999.07501789242,-0.04561789242143277,f
835,9.0,-,31,43999.0394,2,0,-1.0,0.0,-1.0,1.0,43999.082577769004,-0.043177769002795685,e
836,9.0,+,2,44790.3994,2,1,-1.0,0.0,-1.0,1.0,44790.36382571309,0.03557428691419773,f
837,9.0,-,32,44790.3994,2,1,-1.0,0.0,-1.0,1.0,44790.37127946797,0.02812053203524556,e
838,9.0,+,3,45569.2794,2,2,-1.0,0.0,-1.0,1.0,45569.25292664719,0.026473352809261996,f
839,9.0,-,33,45569.2594,2,2,-1.0,0.0,-1.0,1.0,45569.26027316497,-0.0008731649650144391,e
840,9.0,+,4,46335.3794,2,3,-1.0,0.0,-1.0,1.0,46335.43084776378,-0.051447763784381095,f
841,9.0,-,34,46335.3994,2,3,-1.0,0.0,-1.0,1.0,46335.4380847685,-0.0386847685003886,e
842,9.0,+,5,47088.5794,2,4,-1.0,0.0,-1.0,1.0,47088.5746156537,0.004784346303495113,f
843,9.0,-,35,47088.6294,2,4,-1.0,0.0,-1.0,1.0,47088.581740209534,0.04765979046351276,e
844,9.0,+,6,47828.3794,2,5,-1.0,0.0,-1.0,1.0,47828.384928731386,-0.005528731388039887,f
845,9.0,-,36,47828.4194,2,5,-1.0,0.0,-1.0,1.0,47828.39193765598,0.02746234402002301,e
846,9.0,+,7,48554.8894,2,6,-1.0,0.0,-1.0,1.0,48554.61301805107,0.27638194892642787,f
847,9.0,-,37,48554.5694,2,6,-1.0,0.0,-1.0,1.0,48554.61990825653,-0.05050825652870117,e
848,10.0,-,1,44010.1194,2,0,-1.0,0.0,-1.0,1.0,44010.14486029443,-0.025460294426011387,f
849,10.0,+,31,44010.1194,2,0,-1.0,0.0,-1.0,1.0,44010.15409809947,-0.034698099465458654,e
850,10.0,-,2,44801.3494,2,1,-1.0,0.0,-1.0,1.0,44801.32459221005,0.02480778995231958,f
851,10.0,+,32,44801.3594,2,1,-1.0,0.0,-1.0,1.0,44801.33370031701,0.025699682992126327,e
852,10.0,-,3,45580.0794,2,2,-1.0,0.0,-1.0,1.0,45580.10365114228,-0.024251142276625615,f
853,10.0,+,33,45580.0994,2,2,-1.0,0.0,-1.0,1.0,45580.1126281848,-0.013228184798208531,e
854,10.0,-,4,46346.1294,2,3,-1.0,0.0,-1.0,1.0,46346.16987877009,-0.040478770089976024,f
855,10.0,-,5,47099.2294,2,4,-1.0,0.0,-1.0,1.0,47099.199877787985,0.029522212011215743,f
856,10.0,+,35,47099.2194,2,4,-1.0,0.0,-1.0,1.0,47099.208583545274,0.01081645472731907,e
857,10.0,-,6,47838.9094,2,5,-1.0,0.0,-1.0,1.0,47838.89414888809,0.01525111190858297,f
858,10.0,+,36,47838.8994,2,5,-1.0,0.0,-1.0,1.0,47838.902713319505,-0.0033133195029222406,e
859,10.0,-,7,48565.3594,2,6,-1.0,0.0,-1.0,1.0,48565.00392159616,0.3554784038424259,f
860,10.0,+,37,48564.9594,2,6,-1.0,0.0,-1.0,1.0,48565.01234092929,-0.052940929286705796,e
861,11.0,+,1,44022.2994,2,0,-1.0,0.0,-1.0,1.0,44022.32069857851,-0.02129857850377448,f
862,11.0,-,31,44022.2894,2,0,-1.0,0.0,-1.0,1.0,44022.33178124674,-0.04238124674157007,e
863,11.0,+,2,44813.3894,2,1,-1.0,0.0,-1.0,1.0,44813.3804397916,0.008960208397184033,f
864,11.0,-,32,44813.3994,2,1,-1.0,0.0,-1.0,1.0,44813.3913668302,0.008033169804548379,e
865,11.0,-,33,45592.0294,2,2,-1.0,0.0,-1.0,1.0,45592.049213080354,-0.019813080354651902,e
866,11.0,+,4,46357.9394,2,3,-1.0,0.0,-1.0,1.0,46357.98179724,-0.04239723999489797,f
867,11.0,-,34,46357.1694,2,3,-1.0,0.0,-1.0,1.0,46357.992406388774,-0.8230063887749566,e
868,11.0,+,5,47110.8894,2,4,-1.0,0.0,-1.0,1.0,47110.886638444186,0.002761555813776795,f
869,11.0,-,35,47110.9194,2,4,-1.0,0.0,-1.0,1.0,47110.89708266947,0.022317330527585,e
870,11.0,+,6,47850.4694,2,5,-1.0,0.0,-1.0,1.0,47850.45325067896,0.016149321039847564,f
871,11.0,-,36,47850.4694,2,5,-1.0,0.0,-1.0,1.0,47850.46352531481,0.005874685193703044,e
872,11.0,+,7,48576.7794,2,6,-1.0,0.0,-1.0,1.0,48576.432862393835,0.34653760616492946,f
873,11.0,-,37,48576.3694,2,6,-1.0,0.0,-1.0,1.0,48576.4429629157,-0.07356291569885798,e
874,12.0,-,1,44035.5694,2,0,-1.0,0.0,-1.0,1.0,44035.602250302356,-0.032850302355655,f
875,12.0,+,31,44035.5794,2,0,-1.0,0.0,-1.0,1.0,44035.61534452331,-0.035944523304351605,e
876,12.0,-,2,44826.5494,2,1,-1.0,0.0,-1.0,1.0,44826.531083948816,0.018316051187866833,f
877,12.0,+,32,44826.5694,2,1,-1.0,0.0,-1.0,1.0,44826.543994254534,0.025405745465832297,e
878,12.0,-,3,45605.0594,2,2,-1.0,0.0,-1.0,1.0,45605.0570160128,0.0023839872010285035,f
879,12.0,+,33,45605.0694,2,2,-1.0,0.0,-1.0,1.0,45605.06974045501,-0.00034045500797219574,e
880,12.0,-,4,46370.8494,2,3,-1.0,0.0,-1.0,1.0,46370.8663128988,-0.01691289879818214,f
881,12.0,+,34,46370.8494,2,3,-1.0,0.0,-1.0,1.0,46370.87884752346,-0.029447523462295067,e
882,12.0,-,5,47123.6494,2,4,-1.0,0.0,-1.0,1.0,47123.634603885206,0.014796114795899484,f
883,12.0,+,35,47123.6594,2,4,-1.0,0.0,-1.0,1.0,47123.646943600914,0.012456399083021097,e
884,12.0,-,6,47863.0994,2,5,-1.0,0.0,-1.0,1.0,47863.061936721584,0.03746327841508901,f
885,12.0,+,36,47863.0794,2,5,-1.0,0.0,-1.0,1.0,47863.07407601551,0.0053239844928612,e
886,12.0,-,7,48589.3194,2,6,-1.0,0.0,-1.0,1.0,48588.89953940971,0.41986059029295575,f
887,12.0,+,37,48588.8694,2,6,-1.0,0.0,-1.0,1.0,48588.91147293757,-0.04207293756917352,e
888,13.0,+,1,44049.9594,2,0,-1.0,0.0,-1.0,1.0,44049.989207322105,-0.029807322105625644,f
889,13.0,-,31,44049.9794,2,0,-1.0,0.0,-1.0,1.0,44050.00447951816,-0.025079518163693137,e
890,13.0,+,2,44840.8094,2,1,-1.0,0.0,-1.0,1.0,44840.776214280275,0.03318571972340578,f
891,13.0,-,32,44840.8094,2,1,-1.0,0.0,-1.0,1.0,44840.79127192174,0.018128078256268054,e
892,13.0,+,3,45619.1594,2,2,-1.0,0.0,-1.0,1.0,45619.15905594361,0.0003440563887124881,f
893,13.0,-,33,45619.1594,2,2,-1.0,0.0,-1.0,1.0,45619.17389675058,-0.014496750583930407,e
894,13.0,+,4,46384.7794,2,3,-1.0,0.0,-1.0,1.0,46384.823109041245,-0.04370904124516528,f
895,13.0,-,34,46384.7994,2,3,-1.0,0.0,-1.0,1.0,46384.837728396924,-0.038328396920405794,e
896,13.0,+,5,47137.4394,2,4,-1.0,0.0,-1.0,1.0,47137.44345361898,-0.004053618977195583,f
897,13.0,-,35,47137.4694,2,4,-1.0,0.0,-1.0,1.0,47137.457845581754,0.01155441824812442,e
898,13.0,+,6,47876.7394,2,5,-1.0,0.0,-1.0,1.0,47876.71988253937,0.019517460626957472,f
899,13.0,-,36,47876.7194,2,5,-1.0,0.0,-1.0,1.0,47876.73404067928,-0.014640679277363233,e
900,13.0,+,7,48602.9194,2,6,-1.0,0.0,-1.0,1.0,48602.403624175495,0.5157758245040895,f
901,13.0,-,37,48602.3494,2,6,-1.0,0.0,-1.0,1.0,48602.41754226141,-0.068142261414323,e
902,14.0,-,1,44065.4594,2,0,-1.0,0.0,-1.0,1.0,44065.48123578609,-0.021835786086739972,f
903,14.0,+,31,44065.4794,2,0,-1.0,0.0,-1.0,1.0,44065.498852089855,-0.019452089858532418,e
904,14.0,-,2,44856.1594,2,1,-1.0,0.0,-1.0,1.0,44856.11549448461,0.0439055153838126,f
905,14.0,+,32,44856.1694,2,1,-1.0,0.0,-1.0,1.0,44856.13286324209,0.03653675790701527,e
906,14.0,-,3,45646.1294,2,2,-1.0,0.0,-1.0,1.0,45634.34422366739,11.785176332610718,f
907,14.0,+,33,45634.3694,2,2,-1.0,0.0,-1.0,1.0,45634.36134223926,0.008057760744122788,e
908,14.0,-,4,46399.7294,2,3,-1.0,0.0,-1.0,1.0,46399.85184252038,-0.12244252038362902,f
909,14.0,+,34,46399.8294,2,3,-1.0,0.0,-1.0,1.0,46399.86870557416,-0.03930557415878866,e
910,14.0,-,5,47152.3294,2,4,-1.0,0.0,-1.0,1.0,47152.31284038633,0.016559613672143314,f
911,14.0,+,35,47152.3594,2,4,-1.0,0.0,-1.0,1.0,47152.329441065056,0.029958934945170768,e
912,14.0,-,6,47891.4594,2,5,-1.0,0.0,-1.0,1.0,47891.42673654642,0.03266345358133549,f
913,14.0,+,36,47891.4194,2,5,-1.0,0.0,-1.0,1.0,47891.44306743232,-0.02366743232414592,e
914,14.0,-,7,48617.4594,2,6,-1.0,0.0,-1.0,1.0,48616.94476077085,0.5146392291499069,f
915,14.0,-,7,48616.9194,2,6,-1.0,0.0,-1.0,1.0,48616.94476077085,-0.02536077085096622,f
916,15.0,+,1,44082.0594,2,0,-1.0,0.0,-1.0,1.0,44082.07797612745,-0.01857612745516235,f
917,15.0,-,31,44082.0794,2,0,-1.0,0.0,-1.0,1.0,44082.09810236059,-0.018702360590395983,e
918,15.0,+,2,44872.5994,2,1,-1.0,0.0,-1.0,1.0,44872.548562352655,0.0508376473444514,f
919,15.0,-,32,44872.5994,2,1,-1.0,0.0,-1.0,1.0,44872.56840569594,0.030994304055639077,e
920,15.0,+,3,45650.6094,2,2,-1.0,0.0,-1.0,1.0,45650.612153586466,-0.0027535864646779373,f
921,15.0,-,33,45650.6294,2,2,-1.0,0.0,-1.0,1.0,45650.631711012735,-0.002311012736754492,e
922,15.0,+,4,46415.9094,2,3,-1.0,0.0,-1.0,1.0,46415.95214373525,-0.042743735255498905,f
923,15.0,-,34,46415.9594,2,3,-1.0,0.0,-1.0,1.0,46415.97140914425,-0.012009144251351245,e
924,15.0,+,5,47168.2694,2,4,-1.0,0.0,-1.0,1.0,47168.24239014621,0.027009853787603788,f
925,15.0,-,35,47168.2994,2,4,-1.0,0.0,-1.0,1.0,47168.26135569938,0.038044300621550065,e
926,15.0,+,6,47907.2094,2,5,-1.0,0.0,-1.0,1.0,47907.18212002953,0.027279970468953252,f
927,15.0,-,36,47907.1494,2,5,-1.0,0.0,-1.0,1.0,47907.20077725147,-0.051377251467783935,e
928,15.0,+,7,48633.1294,2,6,-1.0,0.0,-1.0,1.0,48632.52256580509,0.6068341949066962,f
929,15.0,-,37,48632.4994,2,6,-1.0,0.0,-1.0,1.0,48632.540906490874,-0.04150649087387137,e
930,16.0,-,1,44099.7594,2,0,-1.0,0.0,-1.0,1.0,44099.77904305722,-0.01964305721776327,f
931,16.0,+,31,44099.7694,2,0,-1.0,0.0,-1.0,1.0,44099.801844707064,-0.032444707067043055,e
932,16.0,-,2,44890.0994,2,1,-1.0,0.0,-1.0,1.0,44890.075029758584,0.024370241415454075,f
933,16.0,+,32,44890.1594,2,1,-1.0,0.0,-1.0,1.0,44890.09751082421,0.061889175784017425,e
934,16.0,-,3,45667.9494,2,2,-1.0,0.0,-1.0,1.0,45667.96245393459,-0.013053934591880534,f
935,16.0,+,33,45667.9894,2,2,-1.0,0.0,-1.0,1.0,45667.98461097264,0.004789027356309816,e
936,16.0,-,4,46433.1294,2,3,-1.0,0.0,-1.0,1.0,46433.12361661869,0.005783381304354407,f
937,16.0,+,34,46433.1294,2,3,-1.0,0.0,-1.0,1.0,46433.14544270767,-0.01604270766983973,e
938,16.0,-,5,47185.2594,2,4,-1.0,0.0,-1.0,1.0,47185.231702059835,0.02769794016785454,f
939,16.0,+,35,47185.2894,2,4,-1.0,0.0,-1.0,1.0,47185.25318831366,0.03621168633981142,e
940,16.0,-,6,47924.0394,2,5,-1.0,0.0,-1.0,1.0,47923.98562713139,0.05377286861039465,f
941,16.0,+,36,47923.7994,2,5,-1.0,0.0,-1.0,1.0,47924.006763947364,-0.20736394736013608,e
942,16.0,-,7,48649.8594,2,6,-1.0,0.0,-1.0,1.0,48649.13662839567,0.7227716043344117,f
943,16.0,+,37,48649.1294,2,6,-1.0,0.0,-1.0,1.0,48649.15740648226,-0.02800648226548219,e
944,17.0,+,1,44118.5594,2,0,-1.0,0.0,-1.0,1.0,44118.58402555532,-0.02462555532110855,f
945,17.0,-,31,44118.5794,2,0,-1.0,0.0,-1.0,1.0,44118.60966775373,-0.030267753725638613,e
946,17.0,+,2,44908.7294,2,1,-1.0,0.0,-1.0,1.0,44908.694482650564,0.034917349432362244,f
947,17.0,-,32,44908.7294,2,1,-1.0,0.0,-1.0,1.0,44908.71976422075,0.009635779249947518,e
948,17.0,+,3,45686.3894,2,2,-1.0,0.0,-1.0,1.0,45686.39470676607,-0.005306766070134472,f
949,17.0,-,33,45686.4494,2,2,-1.0,0.0,-1.0,1.0,45686.41962381889,0.029776181108900346,e
950,17.0,+,4,46451.3294,2,3,-1.0,0.0,-1.0,1.0,46451.36583862243,-0.03643862242461182,f
951,17.0,-,34,46451.3794,2,3,-1.0,0.0,-1.0,1.0,46451.390383361926,-0.010983361928083468,e
952,17.0,+,5,47203.3094,2,4,-1.0,0.0,-1.0,1.0,47203.28034847451,0.02905152548919432,f
953,17.0,-,35,47203.3294,2,4,-1.0,0.0,-1.0,1.0,47203.30451090131,0.02488909869134659,e
954,17.0,+,6,47941.8594,2,5,-1.0,0.0,-1.0,1.0,47941.83682483021,0.02257516979443608,f
955,17.0,-,36,47941.99,2,5,-1.0,0.0,-1.0,1.0,47941.86059414426,0.1294058557396056,e
956,17.0,+,7,48667.5794,2,6,-1.0,0.0,-1.0,1.0,48666.78651014691,0.7928898530954029,f
957,17.0,-,37,48666.7794,2,6,-1.0,0.0,-1.0,1.0,48666.80987590384,-0.03047590384085197,e
958,18.0,-,1,44138.4694,2,0,-1.0,0.0,-1.0,1.0,44138.49248686245,-0.023086862449417822,f
959,18.0,+,31,44138.4994,2,0,-1.0,0.0,-1.0,1.0,44138.521134362985,-0.021734362984716427,e
960,18.0,-,2,44928.4394,2,1,-1.0,0.0,-1.0,1.0,44928.40648104131,0.03291895869188011,f
961,18.0,+,32,44928.4694,2,1,-1.0,0.0,-1.0,1.0,44928.43472552123,0.034674478774832096,e
962,18.0,-,3,45705.9094,2,2,-1.0,0.0,-1.0,1.0,45705.90846794335,0.0009320566459791735,f
963,18.0,+,33,45705.9594,2,2,-1.0,0.0,-1.0,1.0,45705.936305037554,0.0230949624456116,e
964,18.0,-,4,46470.6694,2,3,-1.0,0.0,-1.0,1.0,46470.67836070296,-0.008960702958574984,f
965,18.0,+,34,46470.6794,2,3,-1.0,0.0,-1.0,1.0,46470.70578168747,-0.02638168747216696,e
966,18.0,-,5,47222.4194,2,4,-1.0,0.0,-1.0,1.0,47222.38787490543,0.03152509457140695,f
967,18.0,+,35,47222.4494,2,4,-1.0,0.0,-1.0,1.0,47222.41486860087,0.034531399127445184,e
968,18.0,-,6,47960.7894,2,5,-1.0,0.0,-1.0,1.0,47960.73525291895,0.05414708104945021,f
969,18.0,+,36,47960.78,2,5,-1.0,0.0,-1.0,1.0,47960.76180725871,0.018192741292295977,e
970,18.0,-,7,48686.4094,2,6,-1.0,0.0,-1.0,1.0,48685.47174512614,0.9376548738582642,f
971,18.0,+,37,48685.4594,2,6,-1.0,0.0,-1.0,1.0,48685.49784844709,-0.038448447092378046,e
972,19.0,+,1,44159.4994,2,0,-1.0,0.0,-1.0,1.0,44159.50396447047,-0.004564470465993509,f
973,19.0,-,31,44159.5194,2,0,-1.0,0.0,-1.0,1.0,44159.53578162702,-0.016381627021473832,e
974,19.0,+,2,44949.2594,2,1,-1.0,0.0,-1.0,1.0,44949.210558996754,0.04884100324852625,f
975,19.0,-,32,44949.2794,2,1,-1.0,0.0,-1.0,1.0,44949.24192839278,0.03747160721832188,e
976,19.0,+,3,45726.5094,2,2,-1.0,0.0,-1.0,1.0,45726.50326712417,0.006132875831099227,f
977,19.0,-,33,45726.5394,2,2,-1.0,0.0,-1.0,1.0,45726.534183887896,0.005216112105699722,e
978,19.0,+,4,46491.0294,2,3,-1.0,0.0,-1.0,1.0,46491.060707305674,-0.03130730567499995,f
979,19.0,-,34,46491.0694,2,3,-1.0,0.0,-1.0,1.0,46491.0911617315,-0.021761731499282178,e
980,19.0,+,5,47242.5694,2,4,-1.0,0.0,-1.0,1.0,47242.55380001674,0.015599983256834093,f
981,19.0,-,35,47242.6194,2,4,-1.0,0.0,-1.0,1.0,47242.58377967863,0.03562032137415372,e
982,19.0,+,6,47980.7094,2,5,-1.0,0.0,-1.0,1.0,47980.68042398381,0.02897601619042689,f
983,19.0,-,36,47980.71,2,5,-1.0,0.0,-1.0,1.0,47980.70991547873,8.452127076452598e-05,e
984,19.0,+,7,48706.2494,2,6,-1.0,0.0,-1.0,1.0,48705.19183983799,1.0575601620075759,f
985,19.0,-,37,48705.2194,2,6,-1.0,0.0,-1.0,1.0,48705.22083021922,-0.001430219221219886,e
986,20.0,-,1,44181.6194,2,0,-1.0,0.0,-1.0,1.0,44181.61797011247,0.0014298875321401283,f
987,20.0,+,31,44181.6394,2,0,-1.0,0.0,-1.0,1.0,44181.65312085655,-0.013720856550207827,e
988,20.0,-,2,44971.1594,2,1,-1.0,0.0,-1.0,1.0,44971.106224625706,0.05317537429073127,f
989,20.0,+,32,44971.1694,2,1,-1.0,0.0,-1.0,1.0,44971.14088052342,0.028519476582005154,e
990,20.0,-,3,45748.1894,2,2,-1.0,0.0,-1.0,1.0,45748.17860774813,0.010792251872771885,f
991,20.0,+,33,45748.2194,2,2,-1.0,0.0,-1.0,1.0,45748.21276338952,0.006636610480200034,e
992,20.0,-,4,46512.4994,2,3,-1.0,0.0,-1.0,1.0,46512.51237634804,-0.012976348036318086,f
993,20.0,+,34,46512.5494,2,3,-1.0,0.0,-1.0,1.0,46512.54602099059,0.0033790094166761264,e
994,20.0,-,5,47263.7994,2,4,-1.0,0.0,-1.0,1.0,47263.77761560156,0.021784398442832753,f
995,20.0,+,35,47263.8394,2,4,-1.0,0.0,-1.0,1.0,47263.810735506864,0.028664493132964708,e
996,20.0,-,6,48001.7294,2,5,-1.0,0.0,-1.0,1.0,48001.67182337938,0.05757662061660085,f
997,20.0,+,36,48001.69,2,5,-1.0,0.0,-1.0,1.0,48001.70440373909,-0.014403739085537381,e
998,20.0,-,7,48725.3994,2,6,-1.0,0.0,-1.0,1.0,48725.94627319901,-0.5468731990113156,f
999,20.0,+,37,48725.9694,2,6,-1.0,0.0,-1.0,1.0,48725.97829971705,-0.008899717046006117,e
1000,21.0,+,1,44204.8294,2,0,-1.0,0.0,-1.0,1.0,44204.833989752464,-0.004589752461470198,f
1001,21.0,-,31,44204.8394,2,0,-1.0,0.0,-1.0,1.0,44204.872637571825,-0.0332375718280673,e
1002,21.0,+,2,44994.1294,2,1,-1.0,0.0,-1.0,1.0,44994.09296006721,0.03643993278819835,f
1003,21.0,-,32,44994.1594,2,1,-1.0,0.0,-1.0,1.0,44994.13106360935,0.02833639064920135,e
1004,21.0,+,3,45770.9194,2,2,-1.0,0.0,-1.0,1.0,45770.93396702187,-0.014567021869879682,f
1005,21.0,-,33,45770.9694,2,2,-1.0,0.0,-1.0,1.0,45770.97152030663,-0.002120306628057733,e
1006,21.0,+,4,46535.0094,2,3,-1.0,0.0,-1.0,1.0,46535.03283920147,-0.02343920146813616,f
1007,21.0,-,34,46535.0694,2,3,-1.0,0.0,-1.0,1.0,46535.06983039488,-0.0004303948808228597,e
1008,21.0,+,5,47286.0694,2,4,-1.0,0.0,-1.0,1.0,47286.05878656002,0.010613439982989803,f
1009,21.0,-,35,47286.1394,2,4,-1.0,0.0,-1.0,1.0,47286.09520054444,0.0441994555585552,e
1010,21.0,+,6,48023.7494,2,5,-1.0,0.0,-1.0,1.0,48023.70890920548,0.040490794519428164,f
1011,21.0,-,36,48023.71,2,5,-1.0,0.0,-1.0,1.0,48023.744729696955,-0.034729696955764666,e
1012,21.0,+,7,48747.2294,2,6,-1.0,0.0,-1.0,1.0,48747.73449650845,-0.5050965084519703,f
1013,21.0,-,37,48747.7794,2,6,-1.0,0.0,-1.0,1.0,48747.76970779811,0.00969220189290354,e
1014,22.0,-,1,44229.1494,2,0,-1.0,0.0,-1.0,1.0,44229.151483574555,-0.0020835745526710525,f
1015,22.0,+,31,44229.1694,2,0,-1.0,0.0,-1.0,1.0,44229.19379149082,-0.024391490820562467,e
1016,22.0,-,2,45018.2094,2,1,-1.0,0.0,-1.0,1.0,45018.17022147817,0.0391785218307632,f
1017,22.0,+,32,45018.2294,2,1,-1.0,0.0,-1.0,1.0,45018.21193334287,0.017466657125623897,e
1018,22.0,-,3,45794.7694,2,2,-1.0,0.0,-1.0,1.0,45794.76879590387,0.0006040961307007819,f
1019,22.0,+,33,45794.7994,2,2,-1.0,0.0,-1.0,1.0,45794.80990513361,-0.010505133606784511,e
1020,22.0,-,4,46558.6194,2,3,-1.0,0.0,-1.0,1.0,46558.621540673004,-0.0021406730011221953,f
1021,22.0,+,34,46558.6294,2,3,-1.0,0.0,-1.0,1.0,46558.66203428669,-0.03263428669015411,e
1022,22.0,-,5,47309.4194,2,4,-1.0,0.0,-1.0,1.0,47309.396750877924,0.02264912207465386,f
1023,22.0,+,35,47309.4394,2,4,-1.0,0.0,-1.0,1.0,47309.43661231173,0.002787688274111133,e
1024,22.0,-,6,48046.8194,2,5,-1.0,0.0,-1.0,1.0,48046.791112279505,0.028287720495427493,f
1025,22.0,+,36,48070.9,2,5,-1.0,0.0,-1.0,0.0,48046.83032370564,24.06967629436258,e
1026,22.0,-,7,48770.1094,2,6,-1.0,0.0,-1.0,1.0,48770.555933419506,-0.4465334195047035,f
1027,22.0,+,37,48770.5494,2,6,-1.0,0.0,-1.0,1.0,48770.59447765185,-0.04507765184825985,e
1028,23.0,+,1,44254.5594,2,0,-1.0,0.0,-1.0,1.0,44254.56988597058,-0.010485970582521986,f
1029,23.0,-,31,44254.6094,2,0,-1.0,0.0,-1.0,1.0,44254.61601651738,-0.006616517377551645,e
1030,23.0,+,2,45043.3994,2,1,-1.0,0.0,-1.0,1.0,45043.337439020535,0.06196097946667578,f
1031,23.0,-,32,45043.4094,2,1,-1.0,0.0,-1.0,1.0,45043.38291939927,0.026480600725335535,e
1032,23.0,+,3,45819.6794,2,2,-1.0,0.0,-1.0,1.0,45819.68251908853,-0.0031190885274554603,f
1033,23.0,-,33,45819.7194,2,2,-1.0,0.0,-1.0,1.0,45819.72734207867,-0.007942078671476338,e
1034,23.0,+,4,46583.2494,2,3,-1.0,0.0,-1.0,1.0,46583.277898985485,-0.02849898548447527,f
1035,23.0,-,34,46583.2894,2,3,-1.0,0.0,-1.0,1.0,46583.32205040296,-0.0326504029580974,e
1036,23.0,+,5,47333.7894,2,4,-1.0,0.0,-1.0,1.0,47333.790919601655,-0.001519601653853897,f
1037,23.0,-,35,47333.8494,2,4,-1.0,0.0,-1.0,1.0,47333.834381369976,0.015018630023405422,e
1038,23.0,+,6,48070.9394,2,5,-1.0,0.0,-1.0,1.0,48070.91783610952,0.021563890484685544,f
1039,23.0,-,36,48070.9,2,5,-1.0,0.0,-1.0,1.0,48070.96058878724,-0.060588787237065844,e
1040,23.0,+,7,48794.0194,2,6,-1.0,0.0,-1.0,1.0,48794.40997990742,-0.3905799074200331,f
1041,23.0,-,37,48794.4194,2,6,-1.0,0.0,-1.0,1.0,48794.45200476783,-0.03260476783179911,e
1042,24.0,-,1,44281.0794,2,0,-1.0,0.0,-1.0,1.0,44281.08860552882,-0.009205528818711173,f
1043,24.0,+,31,44281.1194,2,0,-1.0,0.0,-1.0,1.0,44281.138720729956,-0.019320729952596594,e
1044,24.0,-,2,45069.6494,2,1,-1.0,0.0,-1.0,1.0,45069.59401684667,0.05538315333251376,f
1045,24.0,+,32,45069.6594,2,1,-1.0,0.0,-1.0,1.0,45069.64342542273,0.01597457726893481,e
1046,24.0,-,3,45845.6694,2,2,-1.0,0.0,-1.0,1.0,45845.674534989026,-0.005134989027283154,f
1047,24.0,+,33,45845.7094,2,2,-1.0,0.0,-1.0,1.0,45845.723229047435,-0.013829047435137909,e
1048,24.0,-,4,46608.9494,2,3,-1.0,0.0,-1.0,1.0,46609.00130575661,-0.051905756612541154,f
1049,24.0,+,34,46609.0294,2,3,-1.0,0.0,-1.0,1.0,46609.049269853815,-0.01986985381518025,e
1050,24.0,-,5,47359.2494,2,4,-1.0,0.0,-1.0,1.0,47359.240676814654,0.00872318534675287,f
1051,24.0,+,35,47359.2794,2,4,-1.0,0.0,-1.0,1.0,47359.287891293934,-0.008491293934639543,e
1052,24.0,-,6,48096.1294,2,5,-1.0,0.0,-1.0,1.0,48096.08845686503,0.04094313496898394,f
1053,24.0,+,36,48096.08,2,5,-1.0,0.0,-1.0,1.0,48096.1349006034,-0.054900603397982195,e
1054,24.0,-,7,48818.9294,2,6,-1.0,0.0,-1.0,1.0,48819.296004237156,-0.3666042371551157,f
1055,24.0,+,37,48819.3094,2,6,-1.0,0.0,-1.0,1.0,48819.34165690371,-0.03225690370891243,e
1056,25.0,+,1,44308.6994,2,0,-1.0,0.0,-1.0,1.0,44308.70702502058,-0.007625020582054276,f
1057,25.0,-,31,44308.7294,2,0,-1.0,0.0,-1.0,1.0,44308.7612863679,-0.031886367905826773,e
1058,25.0,+,2,45096.9994,2,1,-1.0,0.0,-1.0,1.0,45096.93933308524,0.060066914760682266,f
1059,25.0,-,32,45097.0194,2,1,-1.0,0.0,-1.0,1.0,45096.99282901158,0.026570988418825436,e
1060,25.0,+,3,45872.7494,2,2,-1.0,0.0,-1.0,1.0,45872.744215719445,0.005184280555113219,f
1061,25.0,-,33,45872.7894,2,2,-1.0,0.0,-1.0,1.0,45872.796937623956,-0.007537623954704031,e
1062,25.0,+,4,46635.7694,2,3,-1.0,0.0,-1.0,1.0,46635.79112597727,-0.021725977276219055,f
1063,25.0,-,34,46635.8194,2,3,-1.0,0.0,-1.0,1.0,46635.84305709999,-0.023657099991396535,e
1064,25.0,+,5,47385.7494,2,4,-1.0,0.0,-1.0,1.0,47385.74537961006,0.004020389940706082,f
1065,25.0,-,35,47385.8094,2,4,-1.0,0.0,-1.0,1.0,47385.79649864714,0.012901352856715675,e
1066,25.0,+,6,48122.3294,2,5,-1.0,0.0,-1.0,1.0,48122.30232334676,0.02707665324123809,f
1067,25.0,-,36,48122.3,2,5,-1.0,0.0,-1.0,1.0,48122.35260742461,-0.05260742460814072,e
1068,25.0,+,7,48844.9094,2,6,-1.0,0.0,-1.0,1.0,48845.213346929384,-0.30394692938716616,f
1069,25.0,-,37,48845.2494,2,6,-1.0,0.0,-1.0,1.0,48845.262774050374,-0.013374050373386126,e
1070,26.0,-,1,44337.4194,2,0,-1.0,0.0,-1.0,1.0,44337.424501386755,-0.005101386755995918,f
1071,26.0,+,31,44337.4594,2,0,-1.0,0.0,-1.0,1.0,44337.48306981868,-0.023669818678172305,e
1072,26.0,-,2,45125.4194,2,1,-1.0,0.0,-1.0,1.0,45125.372739825914,0.046660174084536266,f
1073,26.0,+,32,45125.4594,2,1,-1.0,0.0,-1.0,1.0,45125.43048170321,0.02891829678992508,e
1074,26.0,-,3,45900.8894,2,2,-1.0,0.0,-1.0,1.0,45900.89090707632,-0.0015070763183757663,f
1075,26.0,+,33,45900.9194,2,2,-1.0,0.0,-1.0,1.0,45900.94781305351,-0.028413053514668718,e
1076,26.0,-,4,46663.6394,2,3,-1.0,0.0,-1.0,1.0,46663.64669798879,-0.007297988791833632,f
1077,26.0,+,34,46663.6694,2,3,-1.0,0.0,-1.0,1.0,46663.702749931756,-0.03334993175667478,e
1078,26.0,-,5,47413.3194,2,4,-1.0,0.0,-1.0,1.0,47413.30435806438,0.01504193562141154,f
1079,26.0,+,35,47413.3694,2,4,-1.0,0.0,-1.0,1.0,47413.35953295404,0.009867045962892007,e
1080,26.0,-,6,48149.5894,2,5,-1.0,0.0,-1.0,1.0,48149.5587569549,0.030643045094620902,f
1081,26.0,+,36,48149.58,2,5,-1.0,0.0,-1.0,1.0,48149.61303009939,-0.03303009938827017,e
1082,26.0,-,7,48871.8494,2,6,-1.0,0.0,-1.0,1.0,48872.16132072403,-0.3119207240306423,f
1083,26.0,+,37,48872.1794,2,6,-1.0,0.0,-1.0,1.0,48872.21466839667,-0.0352683966702898,e
1084,27.0,+,1,44367.2394,2,0,-1.0,0.0,-1.0,1.0,44367.240365724036,-0.0009657240370870568,f
1085,27.0,-,31,44367.2894,2,0,-1.0,0.0,-1.0,1.0,44367.303401603596,-0.014001603594806511,e
1086,27.0,+,2,45154.9394,2,1,-1.0,0.0,-1.0,1.0,45154.89356310296,0.04583689704304561,f
1087,27.0,-,32,45154.9794,2,1,-1.0,0.0,-1.0,1.0,45154.955708958434,0.023691041562415194,e
1088,27.0,+,3,45930.1094,2,2,-1.0,0.0,-1.0,1.0,45930.1139285191,-0.00452851910085883,f
1089,27.0,-,33,45930.1694,2,2,-1.0,0.0,-1.0,1.0,45930.17517422239,-0.005774222394393291,e
1090,27.0,+,4,46692.5594,2,3,-1.0,0.0,-1.0,1.0,46692.56733345909,-0.007933459091873374,f
1091,27.0,-,34,46692.6294,2,3,-1.0,0.0,-1.0,1.0,46692.62765944358,0.0017405564212822355,e
1092,27.0,+,5,47441.9294,2,4,-1.0,0.0,-1.0,1.0,47441.91691520839,0.01248479160858551,f
1093,27.0,-,35,47441.9994,2,4,-1.0,0.0,-1.0,1.0,47441.9762966724,0.02310332759952871,e
1094,27.0,+,6,48177.8894,2,5,-1.0,0.0,-1.0,1.0,48177.85705165595,0.032348344051570166,f
1095,27.0,-,36,48177.88,2,5,-1.0,0.0,-1.0,1.0,48177.91546202032,-0.03546202032157453,e
1096,27.0,+,7,48899.8894,2,6,-1.0,0.0,-1.0,1.0,48900.139210543755,-0.2498105437553022,f
1097,27.0,-,37,48900.1794,2,6,-1.0,0.0,-1.0,1.0,48900.19662429166,-0.017224291659658775,e
1098,28.0,-,1,44398.1594,2,0,-1.0,0.0,-1.0,1.0,44398.153923270234,0.005476729762449395,f
1099,28.0,+,31,44398.1994,2,0,-1.0,0.0,-1.0,1.0,44398.22158636343,-0.022186363428772893,e
1100,28.0,-,2,45185.5494,2,1,-1.0,0.0,-1.0,1.0,45185.501102878814,0.048297121189534664,f
1101,28.0,-,2,45185.5894,2,1,-1.0,0.0,-1.0,1.0,45185.501102878814,0.08829712118313182,f
1102,28.0,-,3,45960.4194,2,2,-1.0,0.0,-1.0,1.0,45960.41257314964,0.006826850360084791,f
1103,28.0,+,33,45960.4594,2,2,-1.0,0.0,-1.0,1.0,45960.47831363743,-0.018913637431978714,e
1104,28.0,-,4,46722.5194,2,3,-1.0,0.0,-1.0,1.0,46722.552317358,-0.03291735800303286,f
1105,28.0,+,34,46722.5794,2,3,-1.0,0.0,-1.0,1.0,46722.61707001004,-0.037670010038709734,e
1106,28.0,-,5,47471.5894,2,4,-1.0,0.0,-1.0,1.0,47471.58232699759,0.0070730024090153165,f
1107,28.0,+,35,47471.6794,2,4,-1.0,0.0,-1.0,1.0,47471.646065161796,0.033334838204609696,e
1108,28.0,-,6,48207.2294,2,5,-1.0,0.0,-1.0,1.0,48207.19647394779,0.032926052204857115,f
1109,28.0,+,36,48207.22,2,5,-1.0,0.0,-1.0,1.0,48207.25916909002,-0.03916909002145985,e
1110,28.0,-,7,48928.8694,2,6,-1.0,0.0,-1.0,1.0,48929.14627345416,-0.2768734541532467,f
1111,28.0,+,37,48929.1894,2,6,-1.0,0.0,-1.0,1.0,48929.207898206354,-0.018498206351068802,e
1112,29.0,+,1,44430.1694,2,0,-1.0,0.0,-1.0,1.0,44430.164453388854,0.004946611144987401,f
1113,29.0,-,31,44430.2194,2,0,-1.0,0.0,-1.0,1.0,44430.23690284289,-0.017502842885733116,e
1114,29.0,+,2,45217.2394,2,1,-1.0,0.0,-1.0,1.0,45217.194633026695,0.044766973303921986,f
1115,29.0,-,32,45217.2994,2,1,-1.0,0.0,-1.0,1.0,45217.26605851641,0.033341483591357246,e
1116,29.0,+,3,45991.1794,2,2,-1.0,0.0,-1.0,1.0,45991.786107691085,-0.6067076910840115,f
1117,29.0,-,33,45991.8194,2,2,-1.0,0.0,-1.0,1.0,45991.85649740538,-0.03709740538033657,e
1118,29.0,+,4,46753.5794,2,3,-1.0,0.0,-1.0,1.0,46753.60090793061,-0.0215079306071857,f
1119,29.0,-,34,46753.6694,2,3,-1.0,0.0,-1.0,1.0,46753.67023925959,-0.0008392595918849111,e
1120,29.0,+,5,47502.3194,2,4,-1.0,0.0,-1.0,1.0,47502.299842281216,0.019557718784199096,f
1121,29.0,-,35,47502.3794,2,4,-1.0,0.0,-1.0,1.0,47502.368086654395,0.011313345603412017,e
1122,29.0,+,6,48237.6194,2,5,-1.0,0.0,-1.0,1.0,48237.57626282436,0.043137175642186776,f
1123,29.0,-,36,48237.58,2,5,-1.0,0.0,-1.0,1.0,48237.64338968495,-0.06338968494674191,e
1124,29.0,+,7,48958.9394,2,6,-1.0,0.0,-1.0,1.0,48959.18173862404,-0.24233862403343664,f
1125,29.0,-,37,48959.2194,2,6,-1.0,0.0,-1.0,1.0,48959.24771869212,-0.02831869211513549,e
1126,30.0,-,1,44463.2894,2,0,-1.0,0.0,-1.0,1.0,44463.27120955336,0.018190446644439362,f
1127,30.0,+,31,44463.3294,2,0,-1.0,0.0,-1.0,1.0,44463.34860387469,-0.019203874689992517,e
1128,30.0,-,2,45250.0194,2,1,-1.0,0.0,-1.0,1.0,45249.97340131178,0.045998688219697215,f
1129,30.0,+,32,45250.0794,2,1,-1.0,0.0,-1.0,1.0,45250.04970120181,0.029698798192839604,e
1130,30.0,-,3,46024.2194,2,2,-1.0,0.0,-1.0,1.0,46024.233772466185,-0.014372466182976495,f
1131,30.0,+,33,46024.2794,2,2,-1.0,0.0,-1.0,1.0,46024.30896521015,-0.029565210148575716,e
1132,30.0,-,4,46785.6894,2,3,-1.0,0.0,-1.0,1.0,46785.71233667111,-0.022936671106435824,f
1133,30.0,+,34,46785.7794,2,3,-1.0,0.0,-1.0,1.0,46785.78639804798,-0.006998047982051503,e
1134,30.0,-,5,47534.0794,2,4,-1.0,0.0,-1.0,1.0,47534.06868276977,0.010717230230511632,f
1135,30.0,+,35,47534.1594,2,4,-1.0,0.0,-1.0,1.0,47534.14158222201,0.017817777988966554,e
1136,30.0,-,6,48269.0394,2,5,-1.0,0.0,-1.0,1.0,48268.99562973769,0.04377026230940828,f
1137,30.0,+,36,48269.03,2,5,-1.0,0.0,-1.0,1.0,48269.067334617874,-0.03733461787487613,e
1138,30.0,-,7,48990.0094,2,6,-1.0,0.0,-1.0,1.0,48990.24480728288,-0.23540728287480306,f
1139,30.0,+,37,48990.2894,2,6,-1.0,0.0,-1.0,1.0,48990.315286340054,-0.025886340052238666,e
1140,31.0,+,1,44497.4794,2,0,-1.0,0.0,-1.0,1.0,44497.47341933033,0.005980669666314498,f
1141,31.0,-,31,44497.5394,2,0,-1.0,0.0,-1.0,1.0,44497.55591636341,-0.016516363408300094,e
1142,31.0,+,2,45283.8994,2,1,-1.0,0.0,-1.0,1.0,45283.83662937342,0.06277062658045907,f
1143,31.0,-,32,45283.9494,2,1,-1.0,0.0,-1.0,1.0,45283.91795917938,0.03144082061771769,e
1144,31.0,+,3,46057.7294,2,2,-1.0,0.0,-1.0,1.0,46057.754781373056,-0.02538137305964483,f
1145,31.0,-,33,46057.8094,2,2,-1.0,0.0,-1.0,1.0,46057.83493029076,-0.02553029076079838,e
1146,31.0,+,4,46818.8794,2,3,-1.0,0.0,-1.0,1.0,46818.88580829417,-0.006408294175344054,f
1147,31.0,-,34,46818.9394,2,3,-1.0,0.0,-1.0,1.0,46818.9647504301,-0.025350430099933874,e
1148,31.0,+,5,47566.3194,2,4,-1.0,0.0,-1.0,1.0,47566.888043001934,-0.568643001934106,f
1149,31.0,-,35,47566.9794,2,4,-1.0,0.0,-1.0,1.0,47566.96574574244,0.013654257556481753,e
1150,31.0,+,6,48301.4994,2,5,-1.0,0.0,-1.0,1.0,48301.453758558906,0.045641441094630864,f
1151,31.0,-,36,48301.49,2,5,-1.0,0.0,-1.0,1.0,48301.53018709941,-0.040187099410104565,e
1152,31.0,+,7,49022.1194,2,6,-1.0,0.0,-1.0,1.0,49022.334652677244,-0.2152526772406418,f
1153,31.0,-,37,49022.4094,2,6,-1.0,0.0,-1.0,1.0,49022.4097737362,-0.0003737362058018334,e
1154,32.0,-,1,44532.7794,2,0,-1.0,0.0,-1.0,1.0,44532.77028436267,0.009115637330978643,f
1155,32.0,+,31,44532.8494,2,0,-1.0,0.0,-1.0,1.0,44532.858041268366,-0.008641268366773147,e
1156,32.0,-,2,45318.8294,2,1,-1.0,0.0,-1.0,1.0,45318.7835127042,0.04588729580427753,f
1157,32.0,+,32,45318.8794,2,1,-1.0,0.0,-1.0,1.0,45318.8700272598,0.00937274019815959,e
1158,32.0,-,3,46092.3394,2,2,-1.0,0.0,-1.0,1.0,46092.34832186242,-0.008921862419811077,f
1159,32.0,+,33,46092.3994,2,2,-1.0,0.0,-1.0,1.0,46092.43357941618,-0.03417941617954057,e
1160,32.0,-,4,46853.0994,2,3,-1.0,0.0,-1.0,1.0,46853.120500705845,-0.02110070584603818,f
1161,32.0,+,34,46853.1994,2,3,-1.0,0.0,-1.0,1.0,46853.20447362983,-0.005073629828984849,e
1162,32.0,-,5,47600.7594,2,4,-1.0,0.0,-1.0,1.0,47600.75709030893,0.0023096910736057907,f
1163,32.0,-,5,47600.8594,2,4,-1.0,0.0,-1.0,1.0,47600.75709030893,0.1023096910721506,f
1164,32.0,-,6,48334.9794,2,5,-1.0,0.0,-1.0,1.0,48334.94980553874,0.029594461258966476,f
1165,32.0,+,36,48334.99,2,5,-1.0,0.0,-1.0,1.0,48335.03110269727,-0.04110269727243576,e
1166,32.0,-,7,49055.2494,2,6,-1.0,0.0,-1.0,1.0,49055.45042002554,-0.2010200255390373,f
1167,32.0,+,37,49055.5294,2,6,-1.0,0.0,-1.0,1.0,49055.53032541651,-0.0009254165124730207,e
1168,33.0,+,1,44569.1794,2,0,-1.0,0.0,-1.0,1.0,44569.16098035151,0.01841964849154465,f
1169,33.0,-,31,44569.2494,2,0,-1.0,0.0,-1.0,1.0,44569.254153585345,-0.004753585344587918,e
1170,33.0,+,2,45354.8694,2,1,-1.0,0.0,-1.0,1.0,45354.81322063051,0.05617936949420255,f
1171,33.0,-,32,45354.9394,2,1,-1.0,0.0,-1.0,1.0,45354.90507406577,0.03432593423349317,e
1172,33.0,+,3,46127.9994,2,2,-1.0,0.0,-1.0,1.0,46128.01355491223,-0.014154912227240857,f
1173,33.0,-,33,46128.0894,2,2,-1.0,0.0,-1.0,1.0,46128.10407286175,-0.014672861754661426,e
1174,33.0,+,4,46888.3994,2,3,-1.0,0.0,-1.0,1.0,46888.415564973744,-0.016164973741979338,f
1175,33.0,-,34,46888.4994,2,3,-1.0,0.0,-1.0,1.0,46888.504718011645,-0.005318011644703802,e
1176,33.0,+,5,47635.6894,2,4,-1.0,0.0,-1.0,1.0,47635.67496477904,0.014435220960876904,f
1177,33.0,-,35,47635.7594,2,4,-1.0,0.0,-1.0,1.0,47635.762715973644,-0.0033159736412926577,e
1178,33.0,+,6,48369.5194,2,5,-1.0,0.0,-1.0,1.0,48369.48289926453,0.03650073547032662,f
1179,33.0,-,36,48369.52,2,5,-1.0,0.0,-1.0,1.0,48369.569209294794,-0.04920929479703773,e
1180,33.0,+,7,49089.4094,2,6,-1.0,0.0,-1.0,1.0,49089.591226471115,-0.18182647111825645,f
1181,33.0,-,37,49089.6394,2,6,-1.0,0.0,-1.0,1.0,49089.67605782051,-0.036657820506661665,e
1182,34.0,-,1,44606.6494,2,0,-1.0,0.0,-1.0,1.0,44606.64465703763,0.004742962373711634,f
1183,34.0,+,31,44606.7294,2,0,-1.0,0.0,-1.0,1.0,44606.74340232858,-0.014002328585775103,e
1184,34.0,-,2,45391.9694,2,1,-1.0,0.0,-1.0,1.0,45391.92489629034,0.04450370966515038,f
1185,34.0,+,32,45392.0394,2,1,-1.0,0.0,-1.0,1.0,45392.022242011226,0.017157988775579724,e
1186,34.0,-,3,46164.7194,2,2,-1.0,0.0,-1.0,1.0,46164.749615002,-0.030215001999749802,f
1187,34.0,+,33,46164.8094,2,2,-1.0,0.0,-1.0,1.0,46164.845544382486,-0.03614438248769147,e
1188,34.0,-,4,46924.7394,2,3,-1.0,0.0,-1.0,1.0,46924.770125294446,-0.0307252944476204,f
1189,34.0,+,34,46924.8394,2,3,-1.0,0.0,-1.0,1.0,46924.864607047544,-0.025207047547155526,e
1190,34.0,-,5,47671.6194,2,4,-1.0,0.0,-1.0,1.0,47671.64077922007,-0.021379220066592097,f
1191,34.0,+,35,47671.7294,2,4,-1.0,0.0,-1.0,1.0,47671.73377415115,-0.0043741511544794776,e
1192,34.0,-,6,48405.0794,2,5,-1.0,0.0,-1.0,1.0,48405.0521406178,0.02725938220100943,f
1193,34.0,+,36,48405.11,2,5,-1.0,0.0,-1.0,1.0,48405.14360704745,-0.033607047451369,e
1194,34.0,-,7,49124.5794,2,6,-1.0,0.0,-1.0,1.0,49124.756161033685,-0.17676103368285112,f
1195,34.0,+,37,49124.8294,2,6,-1.0,0.0,-1.0,1.0,49124.846059242234,-0.016659242231980897,e
1196,35.0,+,1,44645.2294,2,0,-1.0,0.0,-1.0,1.0,44645.22043818262,0.008961817373347003,f
1197,35.0,-,31,44645.3194,2,0,-1.0,0.0,-1.0,1.0,44645.32491051141,-0.005510511407919694,e
1198,35.0,+,2,45430.1694,2,1,-1.0,0.0,-1.0,1.0,45430.11765661225,0.051743387746682856,f
1199,35.0,-,32,45430.2494,2,1,-1.0,0.0,-1.0,1.0,45430.22064727807,0.02875272193341516,e
1200,35.0,+,3,46202.5394,2,2,-1.0,0.0,-1.0,1.0,46202.55561008559,-0.016210085588681977,f
1201,35.0,-,33,46202.6394,2,2,-1.0,0.0,-1.0,1.0,46202.65710118656,-0.017701186559861526,e
1202,35.0,+,4,46962.1594,2,3,-1.0,0.0,-1.0,1.0,46962.18327896224,-0.023878962245362345,f
1203,35.0,-,34,46962.2594,2,3,-1.0,0.0,-1.0,1.0,46962.283237285636,-0.02383728563290788,e
1204,35.0,+,5,47708.6694,2,4,-1.0,0.0,-1.0,1.0,47708.65361912041,0.015780879592057317,f
1205,35.0,-,35,47708.6694,2,4,-1.0,0.0,-1.0,1.0,47708.75200313859,-0.08260313858772861,e
1206,35.0,+,6,48441.6894,2,5,-1.0,0.0,-1.0,1.0,48441.656602729054,0.03279727094923146,f
1207,35.0,-,36,48441.69,2,5,-1.0,0.0,-1.0,1.0,48441.75336833813,-0.06336833813111298,e
1208,35.0,+,7,49160.7794,2,6,-1.0,0.0,-1.0,1.0,49160.944284559024,-0.16488455902435817,f
1209,35.0,-,37,49160.9994,2,6,-1.0,0.0,-1.0,1.0,49161.03938977997,-0.039989779972529504,e
1210,36.0,-,1,44684.8794,2,0,-1.0,0.0,-1.0,1.0,44684.887421548585,-0.008021548586839344,f
1211,36.0,+,31,44685.0094,2,0,-1.0,0.0,-1.0,1.0,44684.997775126496,0.01162487350666197,e
1212,36.0,-,2,45469.4394,2,1,-1.0,0.0,-1.0,1.0,45469.39059229155,0.04880770845193183,f
1213,36.0,+,32,45469.5494,2,1,-1.0,0.0,-1.0,1.0,45469.49937979453,0.050020205475448165,e
1214,36.0,-,3,46241.3994,2,2,-1.0,0.0,-1.0,1.0,46241.43062156434,-0.031221564335282892,f
1215,36.0,+,33,46241.5094,2,2,-1.0,0.0,-1.0,1.0,46241.53782390828,-0.028423908275726717,e
1216,36.0,-,4,47000.6194,2,3,-1.0,0.0,-1.0,1.0,47000.65409633457,-0.03469633456552401,f
1217,36.0,+,34,47000.7494,2,3,-1.0,0.0,-1.0,1.0,47000.75967831529,-0.010278315290634055,e
1218,36.0,-,5,47746.7094,2,4,-1.0,0.0,-1.0,1.0,47746.712542608984,-0.003142608984489925,f
1219,36.0,+,35,47746.8194,2,4,-1.0,0.0,-1.0,1.0,47746.81646029622,0.0029397037797025405,e
1220,36.0,-,6,48479.3194,2,5,-1.0,0.0,-1.0,1.0,48479.29533093163,0.02406906837131828,f
1221,36.0,+,36,48479.35,2,5,-1.0,0.0,-1.0,1.0,48479.39753773087,-0.04753773086849833,e
1222,36.0,-,7,49197.9994,2,6,-1.0,0.0,-1.0,1.0,49198.15462966733,-0.15522966733260546,f
1223,36.0,+,37,49198.2294,2,6,-1.0,0.0,-1.0,1.0,49198.25508128506,-0.025681285063910764,e
1224,37.0,+,1,44725.6594,2,0,-1.0,0.0,-1.0,1.0,44725.64467887795,0.014721122046466917,f
1225,37.0,-,31,44725.7494,2,0,-1.0,0.0,-1.0,1.0,44725.761067125604,-0.011667125603707973,e
1226,37.0,+,2,45509.7994,2,1,-1.0,0.0,-1.0,1.0,45509.742767767566,0.056632232437550556,f
1227,37.0,-,32,45509.8794,2,1,-1.0,0.0,-1.0,1.0,45509.85750321057,0.021896789425227325,e
1228,37.0,+,3,46281.3594,2,2,-1.0,0.0,-1.0,1.0,46281.37370425737,-0.014304257369076367,f
1229,37.0,-,33,46281.4494,2,2,-1.0,0.0,-1.0,1.0,46281.48676657802,-0.037366578020737506,e
1230,37.0,+,4,47040.1594,2,3,-1.0,0.0,-1.0,1.0,47040.18162079724,-0.022220797240152024,f
1231,37.0,-,34,47040.2694,2,3,-1.0,0.0,-1.0,1.0,47040.29297273355,-0.02357273355301004,e
1232,37.0,+,5,47785.8294,2,4,-1.0,0.0,-1.0,1.0,47785.81658041366,0.012819586343539413,f
1233,37.0,-,35,47785.9294,2,4,-1.0,0.0,-1.0,1.0,47785.92617556194,0.003224438063625712,e
1234,37.0,+,6,48518.0194,2,5,-1.0,0.0,-1.0,1.0,48517.96734271341,0.05205728658620501,f
1235,37.0,-,36,48518.02,2,5,-1.0,0.0,-1.0,1.0,48518.0751319229,-0.05513192290527513,e
1236,37.0,+,7,49236.2594,2,6,-1.0,0.0,-1.0,1.0,49236.38620069983,-0.12680069982889108,f
1237,37.0,-,37,49236.4494,2,6,-1.0,0.0,-1.0,1.0,49236.4921373079,-0.04273730790009722,e
1238,38.0,-,1,44767.4694,2,0,-1.0,0.0,-1.0,1.0,44767.49125587196,-0.021855871957086492,f
1239,38.0,+,31,44767.6294,2,0,-1.0,0.0,-1.0,1.0,44767.613831397735,0.015568602262646891,e
1240,38.0,-,2,45551.1994,2,1,-1.0,0.0,-1.0,1.0,45551.17322119848,0.02617880151956342,f
1241,38.0,+,32,45551.3394,2,1,-1.0,0.0,-1.0,1.0,45551.29405487498,0.04534512501413701,e
1242,38.0,-,3,46322.3294,2,2,-1.0,0.0,-1.0,1.0,46322.38388637267,-0.05448637266817968,f
1243,38.0,+,33,46322.4894,2,2,-1.0,0.0,-1.0,1.0,46322.502956594406,-0.013556594407418743,e
1244,38.0,-,4,47080.7094,2,3,-1.0,0.0,-1.0,1.0,47080.76486872853,-0.055468728533014655,f
1245,38.0,+,34,47080.8894,2,3,-1.0,0.0,-1.0,1.0,47080.8821361081,0.007263891900947783,e
1246,38.0,-,5,47825.9594,2,4,-1.0,0.0,-1.0,1.0,47825.96473581842,-0.0053358184231910855,f
1247,38.0,+,35,47826.0894,2,4,-1.0,0.0,-1.0,1.0,47826.080151408176,0.009248591821233276,e
1248,38.0,-,6,48557.7094,2,5,-1.0,0.0,-1.0,1.0,48557.67162766829,0.037772331706946716,f
1249,38.0,+,36,48557.76,2,5,-1.0,0.0,-1.0,1.0,48557.78513969588,-0.025139695877442136,e
1250,38.0,-,7,49275.4894,2,6,-1.0,0.0,-1.0,1.0,49275.637973662924,-0.14857366292562801,f
1251,38.0,+,37,49275.7294,2,6,-1.0,0.0,-1.0,1.0,49275.74953304278,-0.02013304278079886,e
1252,39.0,+,1,44810.4294,2,0,-1.0,0.0,-1.0,1.0,44810.426172169064,0.0032278309372486547,f
1253,39.0,-,31,44810.5494,2,0,-1.0,0.0,-1.0,1.0,44810.55508674822,-0.005686748219886795,e
1254,39.0,+,2,45593.7294,2,1,-1.0,0.0,-1.0,1.0,45593.68096443636,0.048435563636303414,f
1255,39.0,-,32,45593.8194,2,1,-1.0,0.0,-1.0,1.0,45593.80804580855,0.011354191447026096,e
1256,39.0,+,3,46364.4394,2,2,-1.0,0.0,-1.0,1.0,46364.46016947543,-0.020769475428096484,f
1257,39.0,-,33,46364.5494,2,2,-1.0,0.0,-1.0,1.0,46364.58539469166,-0.035994691657833755,e
1258,39.0,+,4,47122.3694,2,3,-1.0,0.0,-1.0,1.0,47122.402829461585,-0.03342946158227278,f
1259,39.0,-,34,47122.5094,2,3,-1.0,0.0,-1.0,1.0,47122.52615694041,-0.016756940407503862,e
1260,39.0,+,5,47867.1694,2,4,-1.0,0.0,-1.0,1.0,47867.15598461915,0.013415380846709013,f
1261,39.0,-,35,47867.2594,2,4,-1.0,0.0,-1.0,1.0,47867.2773627978,-0.01796279779955512,e
1262,39.0,+,6,48598.4794,2,5,-1.0,0.0,-1.0,1.0,48598.40714744413,0.07225255586672574,f
1263,39.0,-,36,48598.46,2,5,-1.0,0.0,-1.0,1.0,48598.52652186363,-0.06652186362771317,e
1264,39.0,+,7,49315.8194,2,6,-1.0,0.0,-1.0,1.0,49315.908896172135,-0.08949617213511374,f
1265,39.0,-,37,49315.9894,2,6,-1.0,0.0,-1.0,1.0,49316.02621527151,-0.03681527150911279,e
1266,40.0,-,1,44854.4094,2,0,-1.0,0.0,-1.0,1.0,44854.44842132164,-0.03902132164512295,f
1267,40.0,+,31,44854.6094,2,0,-1.0,0.0,-1.0,1.0,44854.58382587513,0.025574124869308434,e
1268,40.0,-,2,45637.2794,2,1,-1.0,0.0,-1.0,1.0,45637.26498300092,0.014416999081731774,f
1269,40.0,+,32,45637.4594,2,1,-1.0,0.0,-1.0,1.0,45637.39846067854,0.06093932146177394,e
1270,40.0,-,3,46407.5594,2,2,-1.0,0.0,-1.0,1.0,46407.60152845731,-0.042128457309445366,f
1271,40.0,+,33,46407.7294,2,2,-1.0,0.0,-1.0,1.0,46407.733054909164,-0.003654909167380538,e
1272,40.0,-,4,47165.0294,2,3,-1.0,0.0,-1.0,1.0,47165.09446524629,-0.0650652462936705,f
1273,40.0,+,34,47165.2294,2,3,-1.0,0.0,-1.0,1.0,47165.22399662718,0.005403372815635521,e
1274,40.0,-,5,47909.3694,2,4,-1.0,0.0,-1.0,1.0,47909.38927507784,-0.01987507783633191,f
1275,40.0,+,35,47909.5194,2,4,-1.0,0.0,-1.0,1.0,47909.51675713872,0.002642861276399344,e
1276,40.0,-,6,48640.2194,2,5,-1.0,0.0,-1.0,1.0,48640.17283569087,0.04656430913018994,f
1277,40.0,+,36,48640.3894,2,5,-1.0,0.0,-1.0,1.0,48640.298211220914,0.0911887790862238,e
1278,40.0,-,7,49357.0594,2,6,-1.0,0.0,-1.0,1.0,49357.197887393,-0.13848739300010493,f
1279,40.0,+,37,49357.2994,2,6,-1.0,0.0,-1.0,1.0,49357.32110230431,-0.02170230430783704,e
1280,41.0,+,1,44899.5394,2,0,-1.0,0.0,-1.0,1.0,44899.55697077348,-0.017570773481565993,f
1281,41.0,-,31,44899.6994,2,0,-1.0,0.0,-1.0,1.0,44899.699015346596,0.0003846534018521197,e
1282,41.0,+,2,45681.9694,2,1,-1.0,0.0,-1.0,1.0,45681.9242360522,0.04516394780512201,f
1283,41.0,-,32,45662.0794,2,1,-1.0,0.0,-1.0,0.0,45682.0642577718,-19.984857771800307,e
1284,41.0,+,3,46451.7794,2,2,-1.0,0.0,-1.0,1.0,46451.80691150304,-0.027511503038113005,f
1285,41.0,-,33,46451.9094,2,2,-1.0,0.0,-1.0,1.0,46451.94488455851,-0.03548455850977916,e
1286,41.0,+,4,47208.7894,2,3,-1.0,0.0,-1.0,1.0,47208.83871120879,-0.04931120878609363,f
1287,41.0,-,34,47208.9494,2,3,-1.0,0.0,-1.0,1.0,47208.97458942062,-0.025189420623064507,e
1288,41.0,+,5,47952.6794,2,4,-1.0,0.0,-1.0,1.0,47952.6635278757,0.01587212429876672,f
1289,41.0,-,35,47952.7094,2,4,-1.0,0.0,-1.0,1.0,47952.79725423629,-0.08785423629160505,e
1290,41.0,+,6,48683.0094,2,5,-1.0,0.0,-1.0,1.0,48682.967598006275,0.041801993727858644,f
1291,41.0,-,36,48683.1694,2,5,-1.0,0.0,-1.0,1.0,48683.09911248892,0.07028751108009601,e
1292,41.0,+,7,49399.3994,2,6,-1.0,0.0,-1.0,1.0,49399.5038379807,-0.10443798069900367,f
1293,41.0,-,37,49399.5994,2,6,-1.0,0.0,-1.0,1.0,49399.633083919536,-0.033683919536997564,e
1294,42.0,-,1,44945.7294,2,0,-1.0,0.0,-1.0,1.0,44945.75076183483,-0.021361834835261106,f
1295,42.0,+,31,44945.9194,2,0,-1.0,0.0,-1.0,1.0,44945.89959557643,0.0198044235658017,e
1296,42.0,-,2,45727.6794,2,1,-1.0,0.0,-1.0,1.0,45727.657656363066,0.02174363693484338,f
1297,42.0,+,32,45727.8594,2,1,-1.0,0.0,-1.0,1.0,45727.804368966674,0.05503103332739556,e
1298,42.0,-,3,46497.0194,2,2,-1.0,0.0,-1.0,1.0,46497.07524005607,-0.0558400560694281,f
1299,42.0,+,33,46497.2094,2,2,-1.0,0.0,-1.0,1.0,46497.219804189066,-0.010404189066321123,e
1300,42.0,-,4,47253.5694,2,3,-1.0,0.0,-1.0,1.0,47253.63447531117,-0.06507531116949394,f
1301,42.0,+,34,47253.7794,2,3,-1.0,0.0,-1.0,1.0,47253.77684238686,0.0025576131374691613,e
1302,42.0,-,5,47996.9494,2,4,-1.0,0.0,-1.0,1.0,47996.97763606396,-0.028236063961230684,f
1303,42.0,+,35,47996.5994,2,4,-1.0,0.0,-1.0,1.0,47997.11774624512,-0.5183462451241212,e
1304,42.0,-,6,48726.8194,2,5,-1.0,0.0,-1.0,1.0,48726.790311879886,0.02908812011446571,f
1305,42.0,+,36,48727.0294,2,5,-1.0,0.0,-1.0,1.0,48726.92810225905,0.10129774094821187,e
1306,42.0,-,7,49442.6894,2,6,-1.0,0.0,-1.0,1.0,49442.82561001869,-0.13621001868887106,f
1307,42.0,+,37,49442.9694,2,6,-1.0,0.0,-1.0,1.0,49442.961021302406,0.008378697595617268,e
1308,43.0,+,1,44993.0194,2,0,-1.0,0.0,-1.0,1.0,44993.02870965759,-0.009309657594712917,f
1309,43.0,-,31,44993.1794,2,0,-1.0,0.0,-1.0,1.0,44993.18448079922,-0.005080799215647858,e
1310,43.0,+,2,45774.4994,2,1,-1.0,0.0,-1.0,1.0,45774.46415029026,0.035249709741037805,f
1311,43.0,-,32,45774.6194,2,1,-1.0,0.0,-1.0,1.0,45774.61769970484,0.001700295164482668,e
1312,43.0,+,3,46543.3694,2,2,-1.0,0.0,-1.0,1.0,46543.40540878458,-0.03600878457655199,f
1313,43.0,-,33,46543.5094,2,2,-1.0,0.0,-1.0,1.0,46543.556707553274,-0.047307553271821234,e
1314,43.0,+,4,47299.4394,2,3,-1.0,0.0,-1.0,1.0,47299.48063830844,-0.04123830844037002,f
1315,43.0,-,34,47299.5994,2,3,-1.0,0.0,-1.0,1.0,47299.62963536528,-0.030235365280532278,e
1316,43.0,+,5,48042.3494,2,4,-1.0,0.0,-1.0,1.0,48042.330465014704,0.01893498529534554,f
1317,43.0,-,35,48042.6694,2,4,-1.0,0.0,-1.0,1.0,48042.47709761881,0.19230238119052956,e
1318,43.0,+,6,48771.6794,2,5,-1.0,0.0,-1.0,1.0,48771.63982663595,0.039573364054376725,f
1319,43.0,-,36,48771.8594,2,5,-1.0,0.0,-1.0,1.0,48771.78402893588,0.07537106412200956,e
1320,43.0,+,7,49487.0594,2,6,-1.0,0.0,-1.0,1.0,49487.162036953516,-0.10263695351750357,f
1321,43.0,-,37,49487.2894,2,6,-1.0,0.0,-1.0,1.0,49487.30374698015,-0.014346980147820432,e
1322,44.0,-,1,45041.3594,2,0,-1.0,0.0,-1.0,1.0,45041.389703210276,-0.030303210274723824,f
1323,44.0,+,31,45041.5794,2,0,-1.0,0.0,-1.0,1.0,45041.55255904489,0.02684095511358464,e
1324,44.0,-,2,45822.3494,2,1,-1.0,0.0,-1.0,1.0,45822.34259774413,0.006802255869843066,f
1325,44.0,+,32,45822.5594,2,1,-1.0,0.0,-1.0,1.0,45822.50312896037,0.05627103962615365,e
1326,44.0,-,3,46590.7294,2,2,-1.0,0.0,-1.0,1.0,46590.79628554439,-0.06688554439460859,f
1327,44.0,+,33,46590.9394,2,2,-1.0,0.0,-1.0,1.0,46590.95446157136,-0.0150615713573643,e
1328,44.0,-,4,47346.3194,2,3,-1.0,0.0,-1.0,1.0,47346.37605370557,-0.05665370557107963,f
1329,44.0,+,34,47346.5394,2,3,-1.0,0.0,-1.0,1.0,47346.53182092234,0.00757907766092103,e
1330,44.0,-,5,48088.7094,2,4,-1.0,0.0,-1.0,1.0,48088.72085236835,-0.011452368351456244,f
1331,44.0,+,35,48089.0294,2,4,-1.0,0.0,-1.0,1.0,48088.874145058646,0.1552549413536326,e
1332,44.0,-,6,48817.5394,2,5,-1.0,0.0,-1.0,1.0,48817.51496337392,0.02443662608129671,f
1333,44.0,+,36,48817.7794,2,5,-1.0,0.0,-1.0,1.0,48817.665712678696,0.11368732130358694,e
1334,44.0,-,7,49532.3894,2,6,-1.0,0.0,-1.0,1.0,49532.511923530845,-0.12252353084477363,f
1335,44.0,+,37,49532.6894,2,6,-1.0,0.0,-1.0,1.0,49532.66006475693,0.02933524307445623,e
1336,45.0,+,1,45090.8194,2,0,-1.0,0.0,-1.0,1.0,45090.83260525093,-0.013205250928876922,f
1337,45.0,-,31,45090.9994,2,0,-1.0,0.0,-1.0,1.0,45091.00269211258,-0.0032921125821303576,e
1338,45.0,+,2,45871.3194,2,1,-1.0,0.0,-1.0,1.0,45871.29185215877,0.027547841229534242,f
1339,45.0,-,32,45871.4994,2,1,-1.0,0.0,-1.0,1.0,45871.45950921042,0.0398907895796583,e
1340,45.0,+,3,46639.1994,2,2,-1.0,0.0,-1.0,1.0,46639.24671134218,-0.047311342183093075,f
1341,45.0,-,33,46639.3794,2,2,-1.0,0.0,-1.0,1.0,46639.4119062924,-0.03250629240210401,e
1342,45.0,+,4,47394.2794,2,3,-1.0,0.0,-1.0,1.0,47394.31954771161,-0.04014771161018871,f
1343,45.0,-,34,47394.4594,2,3,-1.0,0.0,-1.0,1.0,47394.482224309046,-0.022824309045972768,e
1344,45.0,+,5,48136.1494,2,4,-1.0,0.0,-1.0,1.0,48136.14760798134,0.001792018665582873,f
1345,45.0,-,35,48136.3994,2,4,-1.0,0.0,-1.0,1.0,48136.30769746037,0.09170253963384312,e
1346,45.0,+,6,48864.4594,2,5,-1.0,0.0,-1.0,1.0,48864.41451490803,0.04488509197108215,f
1347,45.0,-,36,48864.6394,2,5,-1.0,0.0,-1.0,1.0,48864.57194533961,0.06745466039137682,e
1348,45.0,+,7,49578.7594,2,6,-1.0,0.0,-1.0,1.0,49578.87404572704,-0.1146457270369865,f
1349,45.0,-,37,49579.0194,2,6,-1.0,0.0,-1.0,1.0,49579.02874964699,-0.009349646992632188,e
1350,46.0,-,1,45141.3194,2,0,-1.0,0.0,-1.0,1.0,45141.35625230014,-0.03685230013797991,f
1351,46.0,+,31,45141.5594,2,0,-1.0,0.0,-1.0,1.0,45141.53371554272,0.02568445727956714,e
1352,46.0,-,2,45921.3094,2,1,-1.0,0.0,-1.0,1.0,45921.31074045954,-0.001340459544735495,f
1353,46.0,+,32,45921.5394,2,1,-1.0,0.0,-1.0,1.0,45921.485666402565,0.05373359743680339,e
1354,46.0,-,3,46688.6894,2,2,-1.0,0.0,-1.0,1.0,46688.755500297084,-0.06610029708099319,f
1355,46.0,+,33,46688.9194,2,2,-1.0,0.0,-1.0,1.0,46688.927854857815,-0.008454857816104777,e
1356,46.0,-,4,47443.2394,2,3,-1.0,0.0,-1.0,1.0,47443.309919193685,-0.07051919368677773,f
1357,46.0,+,34,47443.4894,2,3,-1.0,0.0,-1.0,1.0,47443.47964341293,0.009756587067386135,e
1358,46.0,-,5,48184.5894,2,4,-1.0,0.0,-1.0,1.0,48184.60951387073,-0.020113870734348893,f
1359,46.0,+,35,48184.8694,2,4,-1.0,0.0,-1.0,1.0,48184.77653585984,0.09286414016241906,e
1360,46.0,-,6,48912.3594,2,5,-1.0,0.0,-1.0,1.0,48912.33724570486,0.022154295140353497,f
1361,46.0,+,36,48912.5894,2,5,-1.0,0.0,-1.0,1.0,48912.50149040147,0.08790959852922242,e
1362,46.0,-,7,49626.0894,2,6,-1.0,0.0,-1.0,1.0,49626.24715067975,-0.1577506797548267,f
1363,46.0,+,37,49626.4694,2,6,-1.0,0.0,-1.0,1.0,49626.408547804494,0.060852195507322904,e
1364,47.0,+,1,45192.9394,2,0,-1.0,0.0,-1.0,1.0,45192.95945461318,-0.020054613174579572,f
1365,47.0,-,31,45193.1494,2,0,-1.0,0.0,-1.0,1.0,45193.1444385902,0.00496140980249038,e
1366,47.0,+,2,45972.4294,2,1,-1.0,0.0,-1.0,1.0,45972.39806303069,0.031336969310359564,f
1367,47.0,-,32,45972.6194,2,1,-1.0,0.0,-1.0,1.0,45972.58039992265,0.03900007735501276,e
1368,47.0,+,3,46739.2694,2,2,-1.0,0.0,-1.0,1.0,46739.321439600775,-0.05203960077778902,f
1369,47.0,-,33,46739.4594,2,2,-1.0,0.0,-1.0,1.0,46739.50109346056,-0.04169346056005452,e
1370,47.0,+,4,47493.2794,2,3,-1.0,0.0,-1.0,1.0,47493.345939629704,-0.06653962970449356,f
1371,47.0,-,34,47493.4894,2,3,-1.0,0.0,-1.0,1.0,47493.52284871135,-0.03344871135050198,e
1372,47.0,+,5,48234.1194,2,4,-1.0,0.0,-1.0,1.0,48234.105324158765,0.014075841238081921,f
1373,47.0,-,35,48234.3494,2,4,-1.0,0.0,-1.0,1.0,48234.27941337628,0.06998662371915998,e
1374,47.0,+,6,48961.3194,2,5,-1.0,0.0,-1.0,1.0,48961.28189181873,0.03750818126718514,f
1375,47.0,-,36,48961.5094,2,5,-1.0,0.0,-1.0,1.0,48961.45308291497,0.056317085029149894,e
1376,48.0,-,1,45245.5994,2,0,-1.0,0.0,-1.0,1.0,45245.64099615057,-0.041596150571422186,f
1377,48.0,+,31,45245.8494,2,0,-1.0,0.0,-1.0,1.0,45245.8336441943,0.01575580569624435,e
1378,48.0,-,2,46024.5594,2,1,-1.0,0.0,-1.0,1.0,46024.55259368216,0.006806317840528209,f
1379,48.0,+,32,46024.7894,2,1,-1.0,0.0,-1.0,1.0,46024.74248256155,0.04691743844887242,e
1380,48.0,-,3,46790.8794,2,2,-1.0,0.0,-1.0,1.0,46790.943289476985,-0.06388947698724223,f
1381,48.0,+,33,46791.0894,2,2,-1.0,0.0,-1.0,1.0,46791.13038130473,-0.04098130472993944,e
1382,48.0,-,4,47544.3494,2,3,-1.0,0.0,-1.0,1.0,47544.426353058516,-0.0769530585166649,f
1383,48.0,+,34,47544.5794,2,3,-1.0,0.0,-1.0,1.0,47544.610583221736,-0.03118322173395427,e
1384,48.0,-,5,48284.5994,2,4,-1.0,0.0,-1.0,1.0,48284.633765014296,-0.03436501429678174,f
1385,48.0,+,35,48284.8794,2,4,-1.0,0.0,-1.0,1.0,48284.815055155064,0.06434484493365744,e
1386,48.0,-,6,49011.2594,2,5,-1.0,0.0,-1.0,1.0,49011.24716082609,0.012239173913258128,f
1387,48.0,+,36,49011.5194,2,5,-1.0,0.0,-1.0,1.0,49011.425429430274,0.0939705697237514,e
1388,48.0,-,7,49723.8694,2,6,-1.0,0.0,-1.0,1.0,49724.021152787966,-0.15175278796232305,f
1389,48.0,+,37,49724.2094,2,6,-1.0,0.0,-1.0,1.0,49724.19632381349,0.013076186507532839,e
1390,49.0,+,1,45299.3794,2,0,-1.0,0.0,-1.0,1.0,45299.39963454926,-0.020234549265296664,f
1391,49.0,-,31,45299.5994,2,0,-1.0,0.0,-1.0,1.0,45299.6000889501,-0.0006889501019031741,e
1392,49.0,+,2,46077.7894,2,1,-1.0,0.0,-1.0,1.0,46077.77307961402,0.01632038598472718,f
1393,49.0,-,32,46077.9994,2,1,-1.0,0.0,-1.0,1.0,46077.97066047996,0.028739520043018274,e
1394,49.0,+,3,46843.5594,2,2,-1.0,0.0,-1.0,1.0,46843.61978313934,-0.06038313933822792,f
1395,49.0,-,33,46843.7594,2,2,-1.0,0.0,-1.0,1.0,46843.814450563936,-0.055050563933036756,e
1396,49.0,+,4,47596.4694,2,3,-1.0,0.0,-1.0,1.0,47596.54987602925,-0.08047602924489183,f
1397,49.0,-,34,47596.6694,2,3,-1.0,0.0,-1.0,1.0,47596.74156245147,-0.07216245146992151,e
1398,49.0,+,5,48336.1694,2,4,-1.0,0.0,-1.0,1.0,48336.19353459399,-0.024134593993949238,f
1399,49.0,-,35,48336.4194,2,4,-1.0,0.0,-1.0,1.0,48336.38215830845,0.03724169154884294,e
1400,49.0,+,6,49062.2594,2,5,-1.0,0.0,-1.0,1.0,49062.23173175737,0.027668242633808404,f
1401,49.0,-,36,49062.4894,2,5,-1.0,0.0,-1.0,1.0,49062.41720793188,0.07219206811714685,e
1402,49.0,+,7,49774.2894,2,6,-1.0,0.0,-1.0,1.0,49774.41939937964,-0.1299993796419585,f
1403,49.0,-,37,49774.6294,2,6,-1.0,0.0,-1.0,1.0,49774.60164902768,0.02775097231642576,e
1404,50.0,-,1,45354.1794,2,0,-1.0,0.0,-1.0,1.0,45354.234101091366,-0.054701091365132015,f
1405,50.0,+,31,45354.4594,2,0,-1.0,0.0,-1.0,1.0,45354.44250307744,0.016896922563319094,e
1406,50.0,-,2,46132.0594,2,1,-1.0,0.0,-1.0,1.0,46132.058241381594,0.0011586184045881964,f
1407,50.0,+,32,46132.3094,2,1,-1.0,0.0,-1.0,1.0,46132.26365317286,0.04574682714155642,e
1408,50.0,-,3,46897.2694,2,2,-1.0,0.0,-1.0,1.0,46897.34962674793,-0.08022674793028273,f
1409,50.0,+,33,46897.5194,2,2,-1.0,0.0,-1.0,1.0,46897.55200633753,-0.03260633753234288,e
1410,50.0,-,4,47649.6194,2,3,-1.0,0.0,-1.0,1.0,47649.71519754992,-0.0957975499186432,f
1411,50.0,-,34,47649.8694,2,3,-1.0,0.0,-1.0,1.0,47649.71519754992,0.1542024500813568,f
1412,50.0,-,5,48388.7494,2,4,-1.0,0.0,-1.0,1.0,48388.783302980584,-0.0339029805836617,f
1413,50.0,+,35,48389.0194,2,4,-1.0,0.0,-1.0,1.0,48388.979391853245,0.04000814675237052,e
1414,50.0,-,6,49114.2494,2,5,-1.0,0.0,-1.0,1.0,49114.23425502819,0.015144971810514107,f
1415,50.0,+,36,49114.4894,2,5,-1.0,0.0,-1.0,1.0,49114.427067767414,0.06233223258459475,e
1416,50.0,-,7,49825.6694,2,6,-1.0,0.0,-1.0,1.0,49825.82332744876,-0.15392744875862263,f
1417,50.0,+,37,49826.0494,2,6,-1.0,0.0,-1.0,1.0,49826.01278208355,0.03661791645572521,e
1418,51.0,+,1,45410.1094,2,0,-1.0,0.0,-1.0,1.0,45410.14310067312,-0.033700673120620195,f
1419,51.0,-,31,45410.3494,2,0,-1.0,0.0,-1.0,1.0,45410.35959039003,-0.010190390028583352,e
1420,51.0,+,2,46187.4194,2,1,-1.0,0.0,-1.0,1.0,46187.40677285829,0.012627141710254364,f
1421,51.0,-,32,46187.6394,2,1,-1.0,0.0,-1.0,1.0,46187.62015343321,0.01924656679329928,e
1422,51.0,+,3,46952.0594,2,2,-1.0,0.0,-1.0,1.0,46952.13149936468,-0.0720993646827992,f
1423,51.0,-,33,46952.2594,2,2,-1.0,0.0,-1.0,1.0,46952.341726606464,-0.08232660646172008,e
1424,51.0,+,4,47703.8094,2,3,-1.0,0.0,-1.0,1.0,47703.92097903308,-0.11157903308048844,f
1425,51.0,-,34,47704.0794,2,3,-1.0,0.0,-1.0,1.0,47704.12797923241,-0.04857923241070239,e
1426,51.0,+,5,48442.3294,2,4,-1.0,0.0,-1.0,1.0,48442.401712120416,-0.07231212041369872,f
1427,51.0,-,35,48442.6394,2,4,-1.0,0.0,-1.0,1.0,48442.60539664992,0.03400335008336697,e
1428,51.0,+,6,49167.2694,2,5,-1.0,0.0,-1.0,1.0,49167.25335236739,0.016047632605477702,f
1429,51.0,-,36,49167.5094,2,5,-1.0,0.0,-1.0,1.0,49167.45362957735,0.055770422652130947,e
1430,51.0,+,7,49878.1094,2,6,-1.0,0.0,-1.0,1.0,49878.23153883938,-0.12213883938238723,f
1431,51.0,-,37,49878.4094,2,6,-1.0,0.0,-1.0,1.0,49878.428323735076,-0.018923735078715254,e
1432,52.0,-,1,45467.0894,2,0,-1.0,0.0,-1.0,1.0,45467.12531177261,-0.03591177261114353,f
1433,52.0,+,31,45467.3594,2,0,-1.0,0.0,-1.0,1.0,45467.35002826291,0.009371737090987153,e
1434,52.0,-,2,46243.7994,2,1,-1.0,0.0,-1.0,1.0,46243.81734119754,-0.017941197533218656,f
1435,52.0,+,32,46244.0494,2,1,-1.0,0.0,-1.0,1.0,46244.03882731382,0.010572686180239543,e
1436,52.0,-,3,47007.8794,2,2,-1.0,0.0,-1.0,1.0,47007.96405290796,-0.08465290796448244,f
1437,52.0,+,33,47008.0994,2,2,-1.0,0.0,-1.0,1.0,47008.18226218734,-0.08286218734428985,e
1438,52.0,-,4,47759.0694,2,3,-1.0,0.0,-1.0,1.0,47759.1658542412,-0.09645424119662493,f
1439,52.0,+,34,47759.3194,2,3,-1.0,0.0,-1.0,1.0,47759.38070977125,-0.06130977124848869,e
1440,52.0,-,5,48496.9994,2,4,-1.0,0.0,-1.0,1.0,48497.047375759124,-0.047975759123801254,f
1441,52.0,+,35,48491.2594,2,4,-1.0,0.0,-1.0,1.0,48497.25878533662,-5.999385336617706,e
1442,52.0,-,6,49221.2794,2,5,-1.0,0.0,-1.0,1.0,49221.28761674398,-0.008216743983211927,f
1443,52.0,+,36,49221.5594,2,5,-1.0,0.0,-1.0,1.0,49221.4954852207,0.06391477929719258,e
1444,52.0,-,7,49931.4694,2,6,-1.0,0.0,-1.0,1.0,49931.642606102585,-0.17320610258320812,f
1445,53.0,+,1,45525.1594,2,0,-1.0,0.0,-1.0,1.0,45525.17938641644,-0.01998641644604504,f
1446,53.0,-,31,45525.4094,2,0,-1.0,0.0,-1.0,1.0,45525.41246759947,-0.0030675994712510146,e
1447,53.0,+,2,46301.2594,2,1,-1.0,0.0,-1.0,1.0,46301.28858679447,-0.02918679446884198,f
1448,53.0,-,32,46301.5494,2,1,-1.0,0.0,-1.0,1.0,46301.51831408843,0.031085911570698954,e
1449,53.0,+,3,47064.7694,2,2,-1.0,0.0,-1.0,1.0,47064.845912104545,-0.0765121045478736,f
1450,53.0,-,33,47064.9894,2,2,-1.0,0.0,-1.0,1.0,47065.07223668483,-0.08283668482908979,e
1451,53.0,+,4,47815.3294,2,3,-1.0,0.0,-1.0,1.0,47815.44842922966,-0.11902922965964535,f
1452,53.0,-,34,47815.6094,2,3,-1.0,0.0,-1.0,1.0,47815.67127089238,-0.06187089237937471,e
1453,53.0,+,5,48552.6594,2,4,-1.0,0.0,-1.0,1.0,48552.718879374836,-0.059479374838701915,f
1454,53.0,-,35,48552.9494,2,4,-1.0,0.0,-1.0,1.0,48552.93814226409,0.011257735910476185,e
1455,53.0,+,6,49276.3594,2,5,-1.0,0.0,-1.0,1.0,49276.33561229185,0.02378770815266762,f
1456,53.0,-,36,49276.6294,2,5,-1.0,0.0,-1.0,1.0,49276.551197701505,0.07820229849312454,e
1457,53.0,+,7,49985.8894,2,6,-1.0,0.0,-1.0,1.0,49986.05507241505,-0.1656724150525406,f
1458,53.0,-,37,49986.2594,2,6,-1.0,0.0,-1.0,1.0,49986.26688919256,-0.007489192554203328,e
1459,54.0,-,1,45584.2794,2,0,-1.0,0.0,-1.0,1.0,45584.303950145964,-0.02455014596489491,f
1460,54.0,+,31,45584.5594,2,0,-1.0,0.0,-1.0,1.0,45584.54553279772,0.013867202280380297,e
1461,54.0,-,2,46359.8094,2,1,-1.0,0.0,-1.0,1.0,46359.8191232451,-0.009723245100758504,f
1462,54.0,+,32,46360.1094,2,1,-1.0,0.0,-1.0,1.0,46360.05722621169,0.05217378831002861,e
1463,54.0,-,3,47122.6994,2,2,-1.0,0.0,-1.0,1.0,47122.77567444179,-0.076274441795249,f
1464,54.0,+,33,47122.9394,2,2,-1.0,0.0,-1.0,1.0,47123.01024644384,-0.07084644383576233,e
1465,54.0,-,4,47872.6794,2,3,-1.0,0.0,-1.0,1.0,47872.767282288696,-0.08788228869525483,f
1466,54.0,+,34,47872.9294,2,3,-1.0,0.0,-1.0,1.0,47872.998239740846,-0.0688397408448509,e
1467,54.0,-,5,48609.3794,2,4,-1.0,0.0,-1.0,1.0,48609.414780110696,-0.03538011069758795,f
1468,54.0,+,35,48609.6394,2,4,-1.0,0.0,-1.0,1.0,48609.64202342631,-0.002623426313220989,e
1469,54.0,-,6,49332.4194,2,5,-1.0,0.0,-1.0,1.0,49332.39587423341,0.0235257665917743,f
1470,54.0,+,36,49332.6794,2,5,-1.0,0.0,-1.0,1.0,49332.61930109035,0.06009890964924125,e
1471,55.0,+,1,45644.4694,2,0,-1.0,0.0,-1.0,1.0,45644.497601982024,-0.028201982022437733,f
1472,55.0,-,31,45644.7694,2,0,-1.0,0.0,-1.0,1.0,45644.74782171507,0.021578284926363267,e
1473,55.0,+,2,46419.4194,2,1,-1.0,0.0,-1.0,1.0,46419.407537305175,0.011862694824230857,f
1474,55.0,-,32,46419.7094,2,1,-1.0,0.0,-1.0,1.0,46419.65414927829,0.055250721707125194,e
1475,55.0,+,3,47181.6494,2,2,-1.0,0.0,-1.0,1.0,47181.751910117164,-0.10251011716172798,f
1476,55.0,-,33,47181.9594,2,2,-1.0,0.0,-1.0,1.0,47181.99486049915,-0.035460499151668046,e
1477,55.0,+,4,47931.0194,2,3,-1.0,0.0,-1.0,1.0,47931.120963883375,-0.10156388337782118,f
1478,55.0,-,34,47931.3094,2,3,-1.0,0.0,-1.0,1.0,47931.36016561594,-0.05076561593887163,e
1479,55.0,+,5,48667.0994,2,4,-1.0,0.0,-1.0,1.0,48667.13360670445,-0.03420670444756979,f
1480,55.0,-,35,48667.3994,2,4,-1.0,0.0,-1.0,1.0,48667.36895639232,0.030443607683992013,e
1481,55.0,+,6,49389.4894,2,5,-1.0,0.0,-1.0,1.0,49389.466908799935,0.02249120006308658,f
1482,55.0,-,36,49389.7794,2,5,-1.0,0.0,-1.0,1.0,49389.69830044656,0.08109955344116315,e
1483,55.0,+,7,50097.7294,2,6,-1.0,0.0,-1.0,1.0,50097.878227508285,-0.14882750828837743,f
1484,55.0,-,37,50098.0994,2,6,-1.0,0.0,-1.0,1.0,50098.10556366589,-0.006163665893836878,e
1485,56.0,-,1,45705.7594,2,0,-1.0,0.0,-1.0,1.0,45705.75891438917,0.0004856108353124,f
1486,56.0,+,31,45706.0494,2,0,-1.0,0.0,-1.0,1.0,45706.017905632674,0.03149436732928734,e
1487,56.0,-,2,46480.0594,2,1,-1.0,0.0,-1.0,1.0,46480.05238884839,0.007011151610640809,f
1488,56.0,+,32,46480.3694,2,1,-1.0,0.0,-1.0,1.0,46480.307641980005,0.06175801999779651,e
1489,56.0,-,3,47241.7094,2,2,-1.0,0.0,-1.0,1.0,47241.77316198681,-0.06376198680663947,f
1490,56.0,+,33,47241.9594,2,2,-1.0,0.0,-1.0,1.0,47242.02462052415,-0.06522052414948121,e
1491,56.0,-,4,47990.4394,2,3,-1.0,0.0,-1.0,1.0,47990.50799659215,-0.06859659214387648,f
1492,56.0,+,34,47990.6994,2,3,-1.0,0.0,-1.0,1.0,47990.75556991032,-0.05616991032002261,e
1493,56.0,-,5,48725.8494,2,4,-1.0,0.0,-1.0,1.0,48725.87385941757,-0.024459417567413766,f
1494,56.0,+,35,48726.1494,2,4,-1.0,0.0,-1.0,1.0,48726.11744023361,0.03195976639108267,e
1495,56.0,-,6,49447.5894,2,5,-1.0,0.0,-1.0,1.0,49447.547193150844,0.04220684915344464,f
1496,56.0,+,36,49447.8694,2,5,-1.0,0.0,-1.0,1.0,49447.78667173682,0.08272826317988802,e
1497,56.0,-,7,50155.2294,2,6,-1.0,0.0,-1.0,1.0,50155.28585499685,-0.056454996854881756,f
1498,57.0,+,1,45768.0794,2,0,-1.0,0.0,-1.0,1.0,45768.08643323877,-0.007033238769508898,f
1499,57.0,-,31,45768.3894,2,0,-1.0,0.0,-1.0,1.0,45768.354329218084,0.0350707819161471,e
1500,57.0,+,2,46541.7794,2,1,-1.0,0.0,-1.0,1.0,46541.75221082181,0.027189178188564256,f
1501,57.0,-,32,46542.0994,2,1,-1.0,0.0,-1.0,1.0,46542.01623606275,0.08316393724817317,e
1502,57.0,+,3,47302.7794,2,2,-1.0,0.0,-1.0,1.0,47302.8379455129,-0.05854551290394738,f
1503,57.0,-,33,47303.0594,2,2,-1.0,0.0,-1.0,1.0,47303.09804077796,-0.03864077795878984,e
1504,57.0,+,4,48050.8294,2,3,-1.0,0.0,-1.0,1.0,48050.92687504367,-0.09747504366532667,f
1505,57.0,-,34,48051.1394,2,3,-1.0,0.0,-1.0,1.0,48051.182946046036,-0.043546046035771724,e
1506,57.0,+,5,48785.5994,2,4,-1.0,0.0,-1.0,1.0,48785.634009960566,-0.03460996056674048,f
1507,57.0,-,35,48785.9194,2,4,-1.0,0.0,-1.0,1.0,48785.8859454505,0.03345454949885607,e
1508,57.0,+,6,49506.6594,2,5,-1.0,0.0,-1.0,1.0,49506.635175291034,0.024224708962719887,f
1509,57.0,-,36,49506.9694,2,5,-1.0,0.0,-1.0,1.0,49506.88286175217,0.08653824782959418,e
1510,57.0,+,7,50213.5894,2,6,-1.0,0.0,-1.0,1.0,50213.68875877088,-0.09935877087991685,f
1511,57.0,-,37,50213.8994,2,6,-1.0,0.0,-1.0,1.0,50213.93209233549,-0.03269233548780903,e
1512,58.0,-,1,45831.4994,2,0,-1.0,0.0,-1.0,1.0,45831.47867777091,0.020722229091916233,f
1513,58.0,+,31,45831.8094,2,0,-1.0,0.0,-1.0,1.0,45831.75561048857,0.053789511424838565,e
1514,58.0,-,2,46604.5494,2,1,-1.0,0.0,-1.0,1.0,46604.50550920173,0.04389079827524256,f
1515,58.0,+,32,46604.8494,2,1,-1.0,0.0,-1.0,1.0,46604.77843628121,0.07096371879015351,e
1516,58.0,-,3,47364.8794,2,2,-1.0,0.0,-1.0,1.0,47364.944748708826,-0.0653487088275142,f
1517,58.0,+,33,47365.1894,2,2,-1.0,0.0,-1.0,1.0,47365.21360805125,-0.02420805124711478,e
1518,58.0,-,4,48112.2994,2,3,-1.0,0.0,-1.0,1.0,48112.37606585153,-0.07666585152765037,f
1519,58.0,+,34,48112.5994,2,3,-1.0,0.0,-1.0,1.0,48112.64075941029,-0.04135941029380774,e
1520,58.0,-,5,48846.3794,2,4,-1.0,0.0,-1.0,1.0,48846.41250141873,-0.033101418732258026,f
1521,58.0,+,35,48846.7294,2,4,-1.0,0.0,-1.0,1.0,48846.672913897484,0.05648610251228092,e
1522,58.0,-,6,49566.7594,2,5,-1.0,0.0,-1.0,1.0,49566.729273985475,0.030126014527922962,f
1523,58.0,+,36,49567.0494,2,5,-1.0,0.0,-1.0,1.0,49566.9852880239,0.06411197610577801,e
1524,58.0,-,7,50272.9794,2,6,-1.0,0.0,-1.0,0.0,50273.085333824834,-0.10593382483784808,f
1525,58.0,+,37,50273.2994,2,6,-1.0,0.0,-1.0,1.0,50273.33684230257,-0.037442302564159036,e
1526,59.0,+,1,45895.9194,2,0,-1.0,0.0,-1.0,1.0,45895.93414055609,-0.014740556092874613,f
1527,59.0,-,31,45896.2794,2,0,-1.0,0.0,-1.0,1.0,45896.22024077145,0.05915922854910605,e
1528,59.0,+,2,46668.3194,2,1,-1.0,0.0,-1.0,1.0,46668.310762946596,0.00863705340452725,f
1529,59.0,-,32,46668.6894,2,1,-1.0,0.0,-1.0,1.0,46668.59272035281,0.09667964719119482,e
1530,59.0,+,3,47428.0294,2,2,-1.0,0.0,-1.0,1.0,47428.092032083674,-0.06263208367454354,f
1531,59.0,-,33,47428.3594,2,2,-1.0,0.0,-1.0,1.0,47428.369781609734,-0.01038160973257618,e
1532,59.0,+,4,48174.7594,2,3,-1.0,0.0,-1.0,1.0,48174.85400754784,-0.09460754783503944,f
1533,59.0,-,34,48175.0994,2,3,-1.0,0.0,-1.0,1.0,48175.127447288105,-0.028047288105881307,e
1534,59.0,+,5,48908.1894,2,4,-1.0,0.0,-1.0,1.0,48908.207748173736,-0.018348173733102158,f
1535,59.0,-,35,48908.5394,2,4,-1.0,0.0,-1.0,1.0,48908.476758705,0.0626412950005033,e
1536,59.0,+,6,49627.8494,2,5,-1.0,0.0,-1.0,1.0,49627.82787867286,0.02152132713672472,f
1537,59.0,-,36,49628.1694,2,5,-1.0,0.0,-1.0,1.0,49628.09233873553,0.0770612644701032,e
1538,59.0,+,7,50333.3894,2,6,-1.0,0.0,-1.0,0.0,50333.473945241254,-0.0845452412540908,f
1539,60.0,-,1,45961.4794,2,0,-1.0,0.0,-1.0,1.0,45961.4512874544,0.028112545594922267,f
1540,60.0,+,31,45961.8194,2,0,-1.0,0.0,-1.0,1.0,45961.74668466427,0.07271533572929911,e
1541,60.0,-,2,46733.2094,2,1,-1.0,0.0,-1.0,1.0,46733.16642395056,0.042976049437129404,f
1542,60.0,+,32,46733.5394,2,1,-1.0,0.0,-1.0,1.0,46733.457538910705,0.08186108929658076,e
1543,60.0,-,3,47492.2194,2,2,-1.0,0.0,-1.0,1.0,47492.278228584706,-0.05882858470431529,f
1544,60.0,+,33,47492.5494,2,2,-1.0,0.0,-1.0,1.0,47492.564993138,-0.015593137999530882,e
1545,60.0,-,4,48238.2994,2,3,-1.0,0.0,-1.0,1.0,48238.35911051448,-0.05971051447704667,f
1546,60.0,+,34,48238.6094,2,3,-1.0,0.0,-1.0,1.0,48238.641418794854,-0.03201879485277459,e
1547,60.0,-,5,48971.0194,2,4,-1.0,0.0,-1.0,1.0,48971.01813582443,0.0012641755674849264,f
1548,60.0,+,35,48971.3594,2,4,-1.0,0.0,-1.0,1.0,48971.29586420072,0.06353579927963438,e
1549,60.0,-,6,49689.9694,2,5,-1.0,0.0,-1.0,1.0,49689.92934937569,0.040050624309515115,f
1550,60.0,+,36,49690.3294,2,5,-1.0,0.0,-1.0,1.0,49690.20237263434,0.12702736566279782,e
1551,60.0,-,7,50394.7594,2,6,-1.0,0.0,-1.0,1.0,50394.85292809365,-0.09352809364645509,f
1552,60.0,+,37,50395.1494,2,6,-1.0,0.0,-1.0,1.0,50395.12113253367,0.028267466332181357,e
1553,61.0,+,1,46028.0494,2,0,-1.0,0.0,-1.0,1.0,46028.02855757571,0.02084242429555161,f
1554,61.0,-,31,46028.4194,2,0,-1.0,0.0,-1.0,1.0,46028.33337999449,0.08602000551036326,e
1555,61.0,+,2,46799.1094,2,1,-1.0,0.0,-1.0,1.0,46799.070916993885,0.03848300611571176,f
1556,61.0,-,32,46799.4594,2,1,-1.0,0.0,-1.0,1.0,46799.37131545469,0.08808454530662857,e
1557,61.0,+,3,47557.4594,2,2,-1.0,0.0,-1.0,1.0,47557.50174353779,-0.04234353778883815,f
1558,61.0,-,33,47557.8094,2,2,-1.0,0.0,-1.0,1.0,47557.79764667885,0.011753321145079099,e
1559,61.0,+,4,48302.8294,2,3,-1.0,0.0,-1.0,1.0,48302.889756912715,-0.06035691271245014,f
1560,61.0,-,34,48303.1494,2,3,-1.0,0.0,-1.0,1.0,48303.18105480443,-0.031654804428399075,e
1561,61.0,+,5,49034.8494,2,4,-1.0,0.0,-1.0,1.0,49034.84202110591,0.007378894086286891,f
1562,61.0,-,35,49035.1894,2,4,-1.0,0.0,-1.0,1.0,49035.128585827675,0.0608141723278095,e
1563,61.0,+,6,49753.0794,2,5,-1.0,0.0,-1.0,1.0,49753.032016609424,0.04738339057803387,f
1564,61.0,-,36,49753.4494,2,5,-1.0,0.0,-1.0,1.0,49753.31371894021,0.1356810597862932,e
1565,61.0,+,7,50457.1794,2,6,-1.0,0.0,-1.0,1.0,50457.22058734783,-0.041187347829691134,f
1566,61.0,-,37,50457.4994,2,6,-1.0,0.0,-1.0,1.0,50457.49731026232,0.002089737681671977,e
1567,62.0,-,1,46095.7094,2,0,-1.0,0.0,-1.0,1.0,46095.664363236596,0.04503676340391394,f
1568,62.0,+,31,46096.0694,2,0,-1.0,0.0,-1.0,1.0,46095.97873777717,0.09066222282854142,e
1569,62.0,-,2,46866.0794,2,1,-1.0,0.0,-1.0,1.0,46866.02263969325,0.05676030675385846,f
1570,62.0,+,32,46866.4694,2,1,-1.0,0.0,-1.0,1.0,46866.33244630097,0.13695369903143728,e
1571,62.0,-,3,47623.7194,2,2,-1.0,0.0,-1.0,1.0,47623.760954586796,-0.0415545867945184,f
1572,62.0,+,33,47624.0694,2,2,-1.0,0.0,-1.0,1.0,47624.06611857415,0.0032814258520375006,e
1573,62.0,-,4,48368.3794,2,3,-1.0,0.0,-1.0,1.0,48368.44430061124,-0.06490061124350177,f
1574,62.0,+,34,48368.7394,2,3,-1.0,0.0,-1.0,1.0,48368.74470787858,-0.005307878578605596,e
1575,62.0,-,5,49099.6894,2,4,-1.0,0.0,-1.0,1.0,49099.677731805365,0.011668194638332352,f
1576,62.0,+,35,49100.0494,2,4,-1.0,0.0,-1.0,1.0,49099.973250061135,0.07614993886818411,e
1577,62.0,-,6,49817.1994,2,5,-1.0,0.0,-1.0,1.0,49817.134181289206,0.06521871079166885,f
1578,62.0,+,36,49817.5694,2,5,-1.0,0.0,-1.0,1.0,49817.424677251845,0.14472274815489072,e
1579,63.0,+,1,46164.4194,2,0,-1.0,0.0,-1.0,1.0,46164.35708991805,0.06231008195027243,f
1580,63.0,-,31,46164.7794,2,0,-1.0,0.0,-1.0,1.0,46164.681142171874,0.09825782812549733,e
1581,63.0,+,2,46934.0894,2,1,-1.0,0.0,-1.0,1.0,46934.019962449594,0.06943755040265387,f
1582,63.0,-,32,46934.4594,2,1,-1.0,0.0,-1.0,1.0,46934.33930053105,0.12009946894977475,e
1583,63.0,+,3,47690.6394,2,2,-1.0,0.0,-1.0,1.0,47691.054211631774,-0.4148116317737731,f
1584,63.0,-,33,47691.3994,2,2,-1.0,0.0,-1.0,1.0,47691.368757401215,0.030642598787380848,e
1585,63.0,+,4,48434.9694,2,3,-1.0,0.0,-1.0,1.0,48435.021067111185,-0.051667111183633097,f
1586,63.0,-,34,48435.3394,2,3,-1.0,0.0,-1.0,1.0,48435.33070219164,0.00869780835637357,e
1587,63.0,+,5,49165.5094,2,4,-1.0,0.0,-1.0,1.0,49165.52356667668,-0.014166676679451484,f
1588,63.0,-,35,49165.8994,2,4,-1.0,0.0,-1.0,1.0,49165.82815432271,0.07124567728897091,e
1589,63.0,+,6,49882.2894,2,5,-1.0,0.0,-1.0,1.0,49882.234114633684,0.05528536631754832,f
1590,63.0,-,36,49882.6494,2,5,-1.0,0.0,-1.0,1.0,49882.533517451644,0.11588254835805856,e
1591,64.0,-,1,46234.1494,2,0,-1.0,0.0,-1.0,1.0,46234.105096220985,0.04430377901735483,f
1592,64.0,+,31,46234.5694,2,0,-1.0,0.0,-1.0,1.0,46234.43895043935,0.13044956065277802,e
1593,64.0,-,2,47003.0994,2,1,-1.0,0.0,-1.0,1.0,47003.06122839553,0.038171604472154286,f
1594,64.0,+,32,47003.5094,2,1,-1.0,0.0,-1.0,1.0,47003.39021993859,0.11918006141058868,e
1595,64.0,-,3,47759.3394,2,2,-1.0,0.0,-1.0,1.0,47759.379836763605,-0.0404367636074312,f
1596,64.0,+,33,47759.7294,2,2,-1.0,0.0,-1.0,1.0,47759.70388390928,0.025516090718156192,e
1597,64.0,-,4,48502.5694,2,3,-1.0,0.0,-1.0,1.0,48502.61835347091,-0.04895347091223812,f
1598,64.0,+,34,48502.9494,2,3,-1.0,0.0,-1.0,1.0,48502.937333455215,0.012066544783010613,e
1599,64.0,-,5,49232.3694,2,4,-1.0,0.0,-1.0,1.0,49232.37779535249,-0.00839535248815082,f
1600,64.0,+,35,49232.7594,2,4,-1.0,0.0,-1.0,1.0,49232.69156689308,0.06783310692117084,e
1601,64.0,-,6,49948.4094,2,5,-1.0,0.0,-1.0,1.0,49948.33005806726,0.07934193273831625,f
1602,64.0,+,36,49948.7494,2,5,-1.0,0.0,-1.0,1.0,49948.63847960716,0.1109203928426723,e
1603,65.0,+,1,46304.9794,2,0,-1.0,0.0,-1.0,1.0,46304.90671382078,0.0726861792136333,f
1604,65.0,-,31,46305.3594,2,0,-1.0,0.0,-1.0,1.0,46305.25049289499,0.10890710500825662,e
1605,65.0,+,2,47073.2094,2,1,-1.0,0.0,-1.0,1.0,47073.144753341025,0.06464665897510713,f
1606,65.0,-,32,47073.6094,2,1,-1.0,0.0,-1.0,1.0,47073.48351897465,0.12588102534937207,e
1607,65.0,+,3,47828.7194,2,2,-1.0,0.0,-1.0,1.0,47828.73612419918,-0.016724199180316646,f
1608,65.0,-,33,47829.0994,2,2,-1.0,0.0,-1.0,1.0,47829.06979095416,0.029609045835968573,e
1609,65.0,+,4,48571.1994,2,3,-1.0,0.0,-1.0,1.0,48571.23442822674,-0.035028226739086676,f
1610,65.0,-,34,48571.5594,2,3,-1.0,0.0,-1.0,1.0,48571.56286883898,-0.0034688389787334017,e
1611,65.0,+,5,49300.2394,2,4,-1.0,0.0,-1.0,1.0,49300.23865825442,0.0007417455781251192,f
1612,65.0,-,35,49300.6094,2,4,-1.0,0.0,-1.0,1.0,49300.56172682126,0.04767317874211585,e
1613,65.0,+,6,50015.4894,2,5,-1.0,0.0,-1.0,1.0,50015.42022312029,0.06917687971144915,f
1614,65.0,-,36,50015.8494,2,5,-1.0,0.0,-1.0,1.0,50015.73777387158,0.11162612841872033,e
1615,66.0,-,1,46376.8294,2,0,-1.0,0.0,-1.0,1.0,46376.760247421,0.06915257900254801,f
1616,66.0,+,31,46377.2494,2,0,-1.0,0.0,-1.0,1.0,46377.11407286371,0.13532713628956117,e
1617,66.0,-,2,47144.3294,2,1,-1.0,0.0,-1.0,1.0,47144.26882571691,0.06057428309577517,f
1618,66.0,+,32,47144.7394,2,1,-1.0,0.0,-1.0,1.0,47144.61748469289,0.12191530710697407,e
1619,66.0,-,3,47899.0794,2,2,-1.0,0.0,-1.0,1.0,47899.121340212834,-0.04194021283183247,f
1620,66.0,+,33,47899.5194,2,2,-1.0,0.0,-1.0,1.0,47899.46474342885,0.05465657114837086,e
1621,66.0,-,4,48640.8094,2,3,-1.0,0.0,-1.0,1.0,48640.86753131353,-0.05813131353352219,f
1622,66.0,+,34,48641.2194,2,3,-1.0,0.0,-1.0,1.0,48641.20554689169,0.013853108313924167,e
1623,66.0,-,5,49369.0894,2,4,-1.0,0.0,-1.0,1.0,49369.1043665004,-0.014966500406444538,f
1624,66.0,+,35,49369.5394,2,4,-1.0,0.0,-1.0,1.0,49369.43684383314,0.10255616686481517,e
1625,66.0,-,6,50083.5494,2,5,-1.0,0.0,-1.0,1.0,50083.50279132591,0.046608674092567526,f
1626,66.0,+,36,50083.9894,2,5,-1.0,0.0,-1.0,1.0,50083.82958038078,0.1598196192207979,e
1627,67.0,+,1,46449.7394,2,0,-1.0,0.0,-1.0,1.0,46449.6639747059,0.07542529409693088,f
1628,67.0,-,31,46450.1694,2,0,-1.0,0.0,-1.0,1.0,46450.02796663186,0.1414333681386779,e
1629,67.0,+,2,47216.5294,2,1,-1.0,0.0,-1.0,1.0,47216.43170651752,0.0976934824793716,f
1630,67.0,-,32,47216.9294,2,1,-1.0,0.0,-1.0,1.0,47216.79037669063,0.13902330936980434,e
1631,67.0,+,3,47970.5294,2,2,-1.0,0.0,-1.0,1.0,47970.53372306704,-0.004323067041696049,f
1632,67.0,-,33,47970.9094,2,2,-1.0,0.0,-1.0,1.0,47970.88697819589,0.022421804103942122,e
1633,67.0,+,4,48711.4794,2,3,-1.0,0.0,-1.0,1.0,48711.5158739819,-0.0364739819051465,f
1634,67.0,-,34,48711.8694,2,3,-1.0,0.0,-1.0,1.0,48711.863577457516,0.005822542487294413,e
1635,67.0,+,5,49438.9994,2,4,-1.0,0.0,-1.0,1.0,49438.973101810545,0.026298189455701504,f
1636,67.0,-,35,49439.3794,2,4,-1.0,0.0,-1.0,1.0,49439.31509823657,0.06430176342837512,e
1637,67.0,+,6,50152.6894,2,5,-1.0,0.0,-1.0,1.0,50152.575914115354,0.11348588464898057,f
1638,67.0,-,36,50153.0694,2,5,-1.0,0.0,-1.0,1.0,50152.912049148545,0.15735085145570338,e
1639,68.0,-,1,46523.6894,2,0,-1.0,0.0,-1.0,1.0,46523.61614629101,0.07325370899343397,f
1640,68.0,+,31,46524.1594,2,0,-1.0,0.0,-1.0,1.0,46523.99042339798,0.16897660201357212,e
1641,68.0,-,2,47289.7094,2,1,-1.0,0.0,-1.0,1.0,47289.63162924185,0.07777075815101853,f
1642,68.0,+,32,47290.1594,2,1,-1.0,0.0,-1.0,1.0,47290.0004270508,0.15897294919705018,e
1643,68.0,-,3,48042.9294,2,2,-1.0,0.0,-1.0,1.0,48042.97148294067,-0.04208294067211682,f
1644,68.0,+,33,48043.4094,2,2,-1.0,0.0,-1.0,1.0,48043.334704014516,0.07469598548050271,e
1645,68.0,-,4,48783.1094,2,3,-1.0,0.0,-1.0,1.0,48783.17763871329,-0.06823871329106623,f
1646,68.0,+,34,48783.5594,2,3,-1.0,0.0,-1.0,1.0,48783.53514159279,0.024258407211164013,e
1647,68.0,-,5,49509.8394,2,4,-1.0,0.0,-1.0,1.0,49509.843016410014,-0.0036164100165478885,f
1648,68.0,+,35,49510.2994,2,4,-1.0,0.0,-1.0,1.0,49510.19464082433,0.10475917567237047,e
1649,68.0,-,6,50222.6894,2,5,-1.0,0.0,-1.0,1.0,50222.63771271055,0.05168728945136536,f
1650,68.0,+,36,50223.1594,2,5,-1.0,0.0,-1.0,1.0,50222.98329995973,0.1761000402693753,e
1651,69.0,+,1,46598.7094,2,0,-1.0,0.0,-1.0,1.0,46598.61498567361,0.09441432639141567,f
1652,69.0,-,31,46599.1494,2,0,-1.0,0.0,-1.0,1.0,46598.99966522399,0.14973477600869955,e
1653,69.0,+,2,47363.9394,2,1,-1.0,0.0,-1.0,1.0,47363.86679983239,0.07260016761574661,f
1654,69.0,-,32,47364.3594,2,1,-1.0,0.0,-1.0,1.0,47364.24584028127,0.11355971873126691,e
1655,69.0,+,3,48116.4194,2,2,-1.0,0.0,-1.0,1.0,48116.432801855786,-0.013401855787378736,f
1656,69.0,-,33,48116.8294,2,2,-1.0,0.0,-1.0,1.0,48116.80610146786,0.023298532141780015,e
1657,69.0,+,4,48855.7994,2,3,-1.0,0.0,-1.0,1.0,48855.85097913378,-0.05157913377479417,f
1658,69.0,-,34,48856.2194,2,3,-1.0,0.0,-1.0,1.0,48856.218391478105,0.0010085218964377418,e
1659,69.0,+,5,49581.7394,2,4,-1.0,0.0,-1.0,1.0,49581.71223292936,0.027167070635186974,f
1660,69.0,-,35,49582.1694,2,4,-1.0,0.0,-1.0,1.0,49582.07359277558,0.09580722441751277,e
1661,69.0,+,6,50293.7794,2,5,-1.0,0.0,-1.0,1.0,50293.6862780142,0.09312198580300901,f
1662,69.0,-,36,50294.1594,2,5,-1.0,0.0,-1.0,1.0,50294.04142225958,0.11797774041770026,e
1663,70.0,-,1,46674.7294,2,0,-1.0,0.0,-1.0,1.0,46674.658689181015,0.0707108189817518,f
1664,70.0,+,31,46675.2094,2,0,-1.0,0.0,-1.0,1.0,46675.05388698275,0.1555130172491772,e
1665,70.0,-,2,47439.2094,2,1,-1.0,0.0,-1.0,1.0,47439.135396612866,0.07400338713341625,f
1666,70.0,+,32,47439.6594,2,1,-1.0,0.0,-1.0,1.0,47439.524793251585,0.13460674841189757,e
1667,70.0,-,3,48190.9194,2,2,-1.0,0.0,-1.0,1.0,48190.91583360165,0.0035663983508129604,f
1668,70.0,+,33,48191.3594,2,2,-1.0,0.0,-1.0,1.0,48191.29932288758,0.06007711242273217,e
1669,70.0,-,4,48929.4794,2,3,-1.0,0.0,-1.0,1.0,48929.53401992428,-0.0546199242817238,f
1670,70.0,+,34,48929.8894,2,3,-1.0,0.0,-1.0,1.0,48929.911450330306,-0.022050330306228716,e
1671,70.0,-,5,49654.5894,2,4,-1.0,0.0,-1.0,1.0,49654.57884430314,0.010555696855590213,f
1672,70.0,+,35,49655.0694,2,4,-1.0,0.0,-1.0,1.0,49654.9500455533,0.11935444670234574,e
1673,70.0,+,36,50366.2094,2,5,-1.0,0.0,-1.0,1.0,50366.08447504194,0.124924958057818,e
1674,71.0,+,1,46751.8394,2,0,-1.0,0.0,-1.0,1.0,46751.74542591817,0.09397408182849176,f
1675,71.0,-,31,46752.3094,2,0,-1.0,0.0,-1.0,1.0,46752.15125630597,0.1581436940250569,e
1676,71.0,+,2,47515.5294,2,1,-1.0,0.0,-1.0,1.0,47515.435570224385,0.09382977561472217,f
1677,71.0,-,32,47515.9794,2,1,-1.0,0.0,-1.0,1.0,47515.83543513042,0.1439648695741198,e
1678,71.0,+,3,48266.4094,2,2,-1.0,0.0,-1.0,1.0,48266.418703657604,-0.009303657607233617,f
1679,71.0,-,33,48266.8694,2,2,-1.0,0.0,-1.0,1.0,48266.81249227554,0.05690772446541814,e
1680,71.0,+,4,49004.1594,2,3,-1.0,0.0,-1.0,1.0,49004.22485672964,-0.06545672964421101,f
1681,71.0,-,34,49004.6194,2,3,-1.0,0.0,-1.0,1.0,49004.61241231023,0.0069876897759968415,e
1682,71.0,+,5,49728.4394,2,4,-1.0,0.0,-1.0,1.0,49728.440913665676,-0.0015136656729737297,f
1683,71.0,-,35,49728.9294,2,4,-1.0,0.0,-1.0,1.0,49728.822060800594,0.10733919940685155,e
1684,71.0,+,6,50438.7894,2,5,-1.0,0.0,-1.0,1.0,50438.7359200856,0.05347991440066835,f
1685,71.0,-,36,50439.2294,2,5,-1.0,0.0,-1.0,1.0,50439.110486734426,0.11891326557088178,e
1686,72.0,-,1,46829.9294,2,0,-1.0,0.0,-1.0,1.0,46829.87333771336,0.0560622866396443,f
1687,72.0,+,31,46830.4894,2,0,-1.0,0.0,-1.0,1.0,46830.289913530774,0.19948646922421176,e
1688,72.0,-,2,47592.8594,2,1,-1.0,0.0,-1.0,1.0,47592.765443558914,0.09395644108735723,f
1689,72.0,-,2,47593.3094,2,1,-1.0,0.0,-1.0,1.0,47592.765443558914,0.5439564410844469,f
1690,72.0,-,3,48342.9494,2,2,-1.0,0.0,-1.0,1.0,48342.939509112875,0.009890887122310232,f
1691,72.0,+,33,48343.4294,2,2,-1.0,0.0,-1.0,1.0,48343.34370522498,0.0856947750216932,e
1692,72.0,-,4,49079.8794,2,3,-1.0,0.0,-1.0,1.0,49079.92155606448,-0.04215606448269682,f
1693,72.0,+,34,49080.3194,2,3,-1.0,0.0,-1.0,1.0,49080.3193424291,5.757089820690453e-05,e
1694,72.0,-,5,49803.3094,2,4,-1.0,0.0,-1.0,1.0,49803.29647424385,0.012925756149343215,f
1695,72.0,+,35,49803.7694,2,4,-1.0,0.0,-1.0,1.0,49803.687670232954,0.08172976704372559,e
1696,72.0,-,6,50512.7394,2,5,-1.0,0.0,-1.0,1.0,50512.733026038804,0.00637396119418554,f
1697,73.0,+,1,46909.1794,2,0,-1.0,0.0,-1.0,1.0,46909.040539063295,0.13886093670589617,f
1698,73.0,-,31,46909.6394,2,0,-1.0,0.0,-1.0,1.0,46909.467971643324,0.17142835667618783,e
1699,73.0,+,2,47671.2294,2,1,-1.0,0.0,-1.0,1.0,47671.12311169255,0.106288307448267,f
1700,73.0,-,32,47671.6794,2,1,-1.0,0.0,-1.0,1.0,47671.54424338146,0.13515661854034988,e
1701,73.0,+,3,48420.4794,2,2,-1.0,0.0,-1.0,1.0,48420.47631858482,0.003081415175984148,f
1702,73.0,-,33,48420.9394,2,2,-1.0,0.0,-1.0,1.0,48420.89102883866,0.04837116134149255,e
1703,73.0,+,4,49156.5494,2,3,-1.0,0.0,-1.0,1.0,49156.62215521711,-0.07275521710835164,f
1704,73.0,-,34,49157.0394,2,3,-1.0,0.0,-1.0,1.0,49157.030276452795,0.009123547206399962,e
1705,73.0,+,5,49879.1294,2,4,-1.0,0.0,-1.0,1.0,49879.14352924745,-0.014129247450910043,f
1706,73.0,-,35,49879.6494,2,4,-1.0,0.0,-1.0,1.0,49879.544875530744,0.10452446925773984,e
1707,73.0,+,6,50587.7494,2,5,-1.0,0.0,-1.0,1.0,50587.70895683339,0.04044316661020275,f
1708,73.0,-,36,50588.2894,2,5,-1.0,0.0,-1.0,1.0,50588.103347020144,0.18605297985777725,e
1709,74.0,-,1,46989.2594,2,0,-1.0,0.0,-1.0,1.0,46989.24511707614,0.014282923861173913,f
1710,74.0,+,31,46989.2894,2,0,-1.0,0.0,-1.0,1.0,46989.683516223566,-0.39411622356419684,e
1711,74.0,-,2,47750.6094,2,1,-1.0,0.0,-1.0,1.0,47750.50664181485,0.10275818515219726,f
1712,74.0,+,32,47751.0794,2,1,-1.0,0.0,-1.0,1.0,47750.9385689806,0.14083101940195775,e
1713,74.0,-,3,48498.9894,2,2,-1.0,0.0,-1.0,1.0,48499.02717213534,-0.037772135343402624,f
1714,74.0,+,33,48499.5394,2,2,-1.0,0.0,-1.0,1.0,48499.452501644155,0.08689835584664252,e
1715,74.0,-,4,49234.2494,2,3,-1.0,0.0,-1.0,1.0,49234.32466215029,-0.07526215029065497,f
1716,74.0,+,34,49234.7394,2,3,-1.0,0.0,-1.0,1.0,49234.743220802484,-0.0038208024852792732,e
1717,74.0,-,5,49955.9894,2,4,-1.0,0.0,-1.0,1.0,49955.98005175747,0.009348242529085837,f
1718,74.0,+,35,49956.4894,2,4,-1.0,0.0,-1.0,1.0,49956.391648224744,0.09775177525443723,e
1719,74.0,-,6,50663.6994,2,5,-1.0,0.0,-1.0,1.0,50663.66165003848,0.03774996152060339,f
1720,74.0,-,6,50664.1994,2,5,-1.0,0.0,-1.0,1.0,50663.66165003848,0.5377499615206034,f
1721,75.0,-,31,47071.1094,2,0,-1.0,0.0,-1.0,1.0,47070.93460538653,0.17479461347102188,e
1722,75.0,+,2,47830.9794,2,1,-1.0,0.0,-1.0,1.0,47830.91407315828,0.06532684171543224,f
1723,75.0,-,32,47831.4894,2,1,-1.0,0.0,-1.0,1.0,47831.356901801286,0.1324981987127103,e
1724,75.0,+,3,48578.5894,2,2,-1.0,0.0,-1.0,1.0,48578.59008118348,-0.0006811834828113206,f
1725,75.0,-,33,48499.5394,2,2,-1.0,0.0,-1.0,0.0,48579.02613350803,-79.4867335080271,e
1726,75.0,+,4,49312.9794,2,3,-1.0,0.0,-1.0,1.0,49313.02705540016,-0.04765540016524028,f
1727,75.0,-,34,49313.4794,2,3,-1.0,0.0,-1.0,1.0,49313.45615245368,0.023247546319907997,e
1728,75.0,+,5,50033.7894,2,4,-1.0,0.0,-1.0,1.0,50033.80398461098,-0.01458461098081898,f
1729,75.0,-,35,50034.3294,2,4,-1.0,0.0,-1.0,1.0,50034.22592958296,0.10347041704517324,e
1730,75.0,+,6,50740.6494,2,5,-1.0,0.0,-1.0,1.0,50740.589012189936,0.06038781006645877,f
1731,75.0,-,36,50741.1094,2,5,-1.0,0.0,-1.0,1.0,50741.00361467724,0.10578532276122132,e
1732,76.0,+,31,47153.3994,2,0,-1.0,0.0,-1.0,1.0,47153.21926972257,0.18013027743290877,e
1733,76.0,-,2,47912.4194,2,1,-1.0,0.0,-1.0,1.0,47912.34341692441,0.07598307559237583,f
1734,76.0,+,32,47912.9094,2,1,-1.0,0.0,-1.0,1.0,47912.797251479584,0.11214852041302947,e
1735,76.0,-,3,48659.1094,2,2,-1.0,0.0,-1.0,1.0,48659.16302841749,-0.05362841748865321,f
1736,76.0,+,33,48659.6594,2,2,-1.0,0.0,-1.0,1.0,48659.60990554726,0.0494944527381449,e
1737,76.0,-,4,49392.6594,2,3,-1.0,0.0,-1.0,1.0,49392.727283972235,-0.06788397223863285,f
1738,76.0,+,34,49393.1394,2,3,-1.0,0.0,-1.0,1.0,49393.16701883179,-0.027618831787549425,e
1739,76.0,-,5,50112.6194,2,4,-1.0,0.0,-1.0,1.0,50112.61324028305,0.0061597169551532716,f
1740,76.0,+,35,50113.1694,2,4,-1.0,0.0,-1.0,1.0,50113.0456304917,0.123769508296391,e
1741,76.0,-,6,50818.5394,2,5,-1.0,0.0,-1.0,1.0,50818.48891866209,0.050481337908422574,f
1742,77.0,-,31,47236.7094,2,0,-1.0,0.0,-1.0,1.0,47236.535512237046,0.17388776295410935,e
1743,77.0,+,2,47994.8494,2,1,-1.0,0.0,-1.0,1.0,47994.792656208745,0.05674379125412088,f
1744,77.0,+,3,48740.6994,2,2,-1.0,0.0,-1.0,1.0,48740.743967703034,-0.04456770303659141,f
1745,77.0,-,33,48741.2394,2,2,-1.0,0.0,-1.0,1.0,48741.201770037515,0.03762996248406125,e
1746,77.0,+,4,49473.3494,2,3,-1.0,0.0,-1.0,1.0,49473.42326723417,-0.07386723416857421,f
1747,77.0,-,34,49473.8694,2,3,-1.0,0.0,-1.0,1.0,49473.873737705886,-0.004337705882790033,e
1748,77.0,+,5,50192.4194,2,4,-1.0,0.0,-1.0,1.0,50192.40570076648,0.013699233517399989,f
1749,77.0,-,35,50192.9694,2,4,-1.0,0.0,-1.0,1.0,50192.84863133622,0.12076866377901752,e
1750,77.0,+,6,50897.4894,2,5,-1.0,0.0,-1.0,1.0,50897.35921353636,0.13018646364071174,f
1751,77.0,-,36,50891.9394,2,5,-1.0,0.0,-1.0,1.0,50897.79440440084,-5.8550044008370605,e
1752,78.0,+,31,47321.0394,2,0,-1.0,0.0,-1.0,0.0,47320.8813082875,0.1580917125029373,e
1753,78.0,-,2,48078.3494,2,1,-1.0,0.0,-1.0,1.0,48078.25974592301,0.08965407698997296,f
1754,78.0,+,32,48070.8294,2,1,-1.0,0.0,-1.0,1.0,48078.73589925432,-7.906499254320806,e
1755,78.0,-,3,48823.3194,2,2,-1.0,0.0,-1.0,1.0,48823.33082398996,-0.011423989963077474,f
1756,78.0,+,33,48823.8294,2,2,-1.0,0.0,-1.0,1.0,48823.79965032023,0.029749679772066884,e
1757,78.0,-,4,49555.0294,2,3,-1.0,0.0,-1.0,1.0,49555.11289480672,-0.08349480672040954,f
1758,78.0,+,34,49555.5694,2,3,-1.0,0.0,-1.0,1.0,49555.57419707928,-0.004797079280251637,e
1759,78.0,-,5,50273.1594,2,4,-1.0,0.0,-1.0,1.0,50273.17921744777,-0.01981744777003769,f
1760,78.0,+,35,50273.7394,2,4,-1.0,0.0,-1.0,1.0,50273.63278187627,0.10661812372563872,e
1761,78.0,-,6,50977.2394,2,5,-1.0,0.0,-1.0,1.0,50977.197709466345,0.0416905336533091,f
1762,78.0,+,36,50977.7594,2,5,-1.0,0.0,-1.0,1.0,50977.643331498606,0.11606850139651215,e
1763,79.0,-,31,47406.3994,2,0,-1.0,0.0,-1.0,0.0,47406.254605519694,0.14479448030760977,e
1764,79.0,+,2,48162.7494,2,1,-1.0,0.0,-1.0,1.0,48162.74261271603,0.006787283971789293,f
1765,79.0,-,32,48163.3594,2,1,-1.0,0.0,-1.0,1.0,48163.23007568896,0.12932431104127318,e
1766,79.0,+,3,48906.8494,2,2,-1.0,0.0,-1.0,1.0,48906.92149321569,-0.07209321569098393,f
1767,79.0,-,33,48907.4394,2,2,-1.0,0.0,-1.0,1.0,48907.40144070559,0.03795929441548651,e
1768,79.0,+,4,49637.7094,2,3,-1.0,0.0,-1.0,1.0,49637.794026450676,-0.08462645067629637,f
1769,79.0,-,34,49638.2694,2,3,-1.0,0.0,-1.0,1.0,49638.266255076,0.003144923997751903,e
1770,79.0,+,5,50354.9194,2,4,-1.0,0.0,-1.0,1.0,50354.93161098098,-0.012210980981762987,f
1771,79.0,-,35,50355.5694,2,4,-1.0,0.0,-1.0,1.0,50355.395901119395,0.1734988806056208,e
1772,79.0,+,6,51058.0994,2,5,-1.0,0.0,-1.0,1.0,51058.00218754091,0.0972124590916792,f
1773,79.0,-,36,51058.6294,2,5,-1.0,0.0,-1.0,1.0,51058.45832986187,0.17107013813074445,e
1774,80.0,+,31,47492.7894,2,0,-1.0,0.0,-1.0,1.0,47492.653323801984,0.13607619801769033,e
1775,80.0,-,2,48248.3294,2,1,-1.0,0.0,-1.0,1.0,48248.23915489116,0.09024510884046322,f
1776,80.0,-,3,48991.4794,2,2,-1.0,0.0,-1.0,1.0,48991.51384220665,-0.034442206655512564,f
1777,80.0,+,33,48991.9994,2,2,-1.0,0.0,-1.0,1.0,48992.005006375126,-0.005606375125353225,e
1778,80.0,-,4,49721.3794,2,3,-1.0,0.0,-1.0,1.0,49721.46449195222,-0.08509195221995469,f
1779,80.0,+,34,49721.8494,2,3,-1.0,0.0,-1.0,1.0,49721.94773982737,-0.09833982736745384,e
1780,80.0,-,5,50437.6794,2,4,-1.0,0.0,-1.0,1.0,50437.66067115771,0.018728842289419845,f
1781,80.0,+,35,50438.2394,2,4,-1.0,0.0,-1.0,1.0,50438.13577719256,0.10362280743720476,e
1782,80.0,-,6,51139.8794,2,5,-1.0,0.0,-1.0,1.0,51139.770397143075,0.10900285692332545,f
1783,80.0,+,36,51140.3294,2,5,-1.0,0.0,-1.0,1.0,51140.23714720092,0.09225279908423545,e
1784,81.0,-,31,47580.2694,2,0,-1.0,0.0,-1.0,0.0,47580.07535515842,0.19404484157712432,e
1785,81.0,+,2,48334.7794,2,1,-1.0,0.0,-1.0,1.0,48334.747242323356,0.03215767664369196,f
1786,81.0,+,3,49076.9894,2,2,-1.0,0.0,-1.0,1.0,49077.10570857667,-0.11630857667478267,f
1787,81.0,-,33,49017.6694,2,2,-1.0,0.0,-1.0,0.0,49077.60818327843,-59.93878327843413,e
1788,81.0,+,4,49806.0394,2,3,-1.0,0.0,-1.0,1.0,49806.12209100391,-0.08269100391044049,f
1789,81.0,-,34,49806.5594,2,3,-1.0,0.0,-1.0,1.0,49806.616449351895,-0.05704935189714888,e
1790,81.0,-,35,50521.9294,2,4,-1.0,0.0,-1.0,1.0,50521.85016720769,0.07923279231181368,e
1791,81.0,-,36,51222.9994,2,5,-1.0,0.0,-1.0,1.0,51222.97749935769,0.021900642313994467,e
1792,82.0,+,31,47660.6394,2,0,-1.0,0.0,-1.0,1.0,47668.51856369869,-7.879163698693446,e
1793,82.0,-,2,48422.3594,2,1,-1.0,0.0,-1.0,1.0,48422.26471637234,0.09468362766347127,f
1794,82.0,+,32,48422.8494,2,1,-1.0,0.0,-1.0,1.0,48422.786689575565,0.0627104244340444,e
1795,82.0,-,3,49163.6194,2,2,-1.0,0.0,-1.0,1.0,49163.69490062221,-0.0755006222098018,f
1796,82.0,+,33,49164.1694,2,2,-1.0,0.0,-1.0,1.0,49164.20877803056,-0.039378030560328625,e
1797,82.0,-,4,49891.6394,2,3,-1.0,0.0,-1.0,1.0,49891.764593083826,-0.12519308382616146,f
1798,82.0,+,34,49892.1694,2,3,-1.0,0.0,-1.0,1.0,49892.27015143496,-0.10075143496214878,e
1799,82.0,+,35,50606.5494,2,4,-1.0,0.0,-1.0,1.0,50606.536797126726,0.012602873277501203,e
1800,83.0,-,31,47758.2094,2,0,-1.0,0.0,-1.0,0.0,47757.98078554911,0.2286144508907455,e
1801,83.0,+,2,48510.7994,2,1,-1.0,0.0,-1.0,1.0,48510.78938979375,0.010010206256993115,f
1802,83.0,-,32,48511.4794,2,1,-1.0,0.0,-1.0,1.0,48511.323054596025,0.15634540397149976,e
1803,83.0,+,3,49251.1594,2,2,-1.0,0.0,-1.0,1.0,49251.27919721595,-0.1197972159498022,f
1804,83.0,-,33,49251.7894,2,2,-1.0,0.0,-1.0,1.0,49251.804567803956,-0.015167803954682313,e
1805,83.0,+,4,49978.2194,2,3,-1.0,0.0,-1.0,1.0,49978.38973733021,-0.17033733020798536,f
1806,83.0,-,34,49978.8694,2,3,-1.0,0.0,-1.0,1.0,49978.90658350403,-0.037183504027780145,e
1807,83.0,-,35,50692.2594,2,4,-1.0,0.0,-1.0,1.0,50692.193361621634,0.06603837836883031,e
1808,83.0,-,36,51391.4294,2,5,-1.0,0.0,-1.0,1.0,51391.33351126703,0.09588873296888778,e
1809,84.0,-,2,48600.4094,2,1,-1.0,0.0,-1.0,1.0,48600.319046648605,0.09035335139196832,f
1810,84.0,+,32,48600.9294,2,1,-1.0,0.0,-1.0,1.0,48600.86449431,0.06490569000015967,e
1811,84.0,-,3,49339.7994,2,2,-1.0,0.0,-1.0,1.0,49339.85634769602,-0.056947696015413385,f
1812,84.0,+,33,49340.3294,2,2,-1.0,0.0,-1.0,1.0,49340.39330021849,-0.06390021849074401,e
1813,84.0,-,4,50065.8794,2,3,-1.0,0.0,-1.0,1.0,50065.99523241396,-0.11583241396147059,f
1814,84.0,+,34,50066.4394,2,3,-1.0,0.0,-1.0,1.0,50066.52345250034,-0.08405250033683842,e
1815,85.0,+,2,48690.8194,2,1,-1.0,0.0,-1.0,1.0,48690.851442209365,-0.032042209364590235,f
1816,85.0,-,32,48691.6194,2,1,-1.0,0.0,-1.0,1.0,48691.40876226363,0.2106377363743377,e
1817,85.0,+,3,49429.2994,2,2,-1.0,0.0,-1.0,1.0,49429.42407175345,-0.12467175344499992,f
1818,85.0,-,33,49429.9194,2,2,-1.0,0.0,-1.0,1.0,49429.97269322905,-0.05329322905163281,e
1819,85.0,+,4,50154.4194,2,3,-1.0,0.0,-1.0,1.0,50154.57875640756,-0.15935640755924396,f
1820,85.0,-,34,50155.1094,2,3,-1.0,0.0,-1.0,1.0,50155.118434748554,-0.009034748552949168,e
1821,86.0,-,2,48782.4794,2,1,-1.0,0.0,-1.0,1.0,48782.3843028642,0.09509713579609524,f
1822,86.0,+,32,48783.0394,2,1,-1.0,0.0,-1.0,1.0,48782.953583100396,0.08581689960556105,e
1823,86.0,+,33,49520.4794,2,2,-1.0,0.0,-1.0,1.0,49520.5404350088,-0.06103500880271895,e
1824,86.0,-,4,50244.0494,2,3,-1.0,0.0,-1.0,1.0,50244.13795664997,-0.0885566499637207,f
1825,86.0,+,34,50244.6094,2,3,-1.0,0.0,-1.0,1.0,50244.68917582128,-0.07977582127932692,e
1826,87.0,+,3,49611.3694,2,2,-1.0,0.0,-1.0,1.0,49611.521970426125,-0.1525704261221108,f
1827,87.0,+,4,50334.4794,2,3,-1.0,0.0,-1.0,1.0,50334.670449608726,-0.19104960872937227,f
1828,88.0,-,2,48968.5094,2,1,-1.0,0.0,-1.0,1.0,48968.44217999003,0.06722000997251598,f
1829,88.0,+,33,49704.6194,2,2,-1.0,0.0,-1.0,1.0,49704.63156794206,-0.012167942055384628,e
1830,88.0,+,34,50426.6494,2,3,-1.0,0.0,-1.0,1.0,50426.748362140905,-0.09896214090258582,e
1831,89.0,-,32,49063.7494,2,1,-1.0,0.0,-1.0,1.0,49063.568173724656,0.18122627534467028,e
1832,89.0,+,3,49797.4294,2,2,-1.0,0.0,-1.0,1.0,49797.55405331768,-0.12465331768180477,f
1833,89.0,+,4,50518.5294,2,3,-1.0,0.0,-1.0,1.0,50518.64562433361,-0.11622433360753348,f
1834,90.0,-,2,49158.4994,2,1,-1.0,0.0,-1.0,1.0,49158.47390761841,0.025492381588264834,f
1835,90.0,+,33,49892.6594,2,2,-1.0,0.0,-1.0,1.0,49892.64760415793,0.011795842066931073,e
1836,90.0,+,34,50612.6294,2,3,-1.0,0.0,-1.0,1.0,50612.6815556686,-0.0521556685998803,e
1837,91.0,+,3,49901.4094,2,2,-1.0,0.0,-1.0,0.0,49987.50099837854,-86.09159837854531,f
1838,92.0,-,2,49352.4294,2,1,-1.0,0.0,-1.0,1.0,49352.46024657939,-0.030846579385979567,f
1839,92.0,+,33,50084.5594,2,2,-1.0,0.0,-1.0,1.0,50084.56896430828,-0.009564308282278944,e
1840,92.0,+,34,50802.3894,2,3,-1.0,0.0,-1.0,1.0,50802.468799361915,-0.07939936191542074,e
