source_index,J,parity,original_rank,observed_cm,state,v,Lambda,Sigma,Omega,input_weight,calculated_cm,residual_cm,ef,model
1,0.0,+,1,0.0,1,0,0.0,0.0,0.0,1.0,0.0,0.0,e,above_limit_1000
2,0.0,+,2,792.6879589,1,1,0.0,0.0,0.0,1.0,792.692786010177,-0.004827110176961469,e,above_limit_1000
3,1.0,-,1,1.0999934,1,0,0.0,0.0,0.0,1.0,1.099981160804,1.2239196000018993e-05,e,above_limit_1000
4,1.0,-,2,793.7780516,1,1,0.0,0.0,0.0,1.0,793.782863938437,-0.00481233843697737,e,above_limit_1000
5,2.0,+,1,3.2998689,1,0,0.0,0.0,0.0,1.0,3.29991835383,-4.945382999999026e-05,e,above_limit_1000
6,2.0,+,2,795.9588465,1,1,0.0,0.0,0.0,1.0,795.962994711988,-0.004148211987967443,e,above_limit_1000
7,2.0,+,3,1579.0919263,1,2,0.0,0.0,0.0,1.0,1579.095363795589,-0.0034374955889688863,e,above_limit_1000
8,3.0,-,1,6.6001029,1,0,0.0,0.0,0.0,1.0,6.599761321715,0.0003415782850000326,e,above_limit_1000
9,3.0,-,2,799.2279753,1,1,0.0,0.0,0.0,1.0,799.233128164769,-0.005152864769002008,e,above_limit_1000
10,3.0,-,3,1582.3331811,1,2,0.0,0.0,0.0,1.0,1582.336007986633,-0.002826886632874448,e,above_limit_1000
11,3.0,-,4,2356.0276841,1,3,0.0,0.0,0.0,1.0,2356.029922222265,-0.002238122265225684,e,above_limit_1000
12,4.0,+,1,10.9993343,1,0,0.0,0.0,0.0,1.0,10.999434677675,-0.00010037767500037376,e,above_limit_1000
13,4.0,+,2,803.5884402,1,1,0.0,0.0,0.0,1.0,803.593189046898,-0.004748846897996373,e,above_limit_1000
14,4.0,+,3,1586.6534244,1,2,0.0,0.0,0.0,1.0,1586.656750083174,-0.0033256831741255155,e,above_limit_1000
15,4.0,+,4,2360.3104926,1,3,0.0,0.0,0.0,1.0,2360.311631938484,-0.0011393384838811471,e,above_limit_1000
16,5.0,-,1,16.4991429,1,0,0.0,0.0,0.0,1.0,16.498837904981,0.00030499501900038695,e,above_limit_1000
17,5.0,-,2,809.0387112,1,1,0.0,0.0,0.0,1.0,809.043077024268,-0.0043658242680066905,e,above_limit_1000
18,5.0,-,3,1592.0545342,1,2,0.0,0.0,0.0,1.0,1592.057489948211,-0.0029557482109794364,e,above_limit_1000
19,5.0,-,4,2365.6626361,1,3,0.0,0.0,0.0,1.0,2365.663581721396,-0.0009456213961129833,e,above_limit_1000
20,6.0,+,1,23.0981464,1,0,0.0,0.0,0.0,1.0,23.097845355631,0.0003010443689994702,e,above_limit_1000
21,6.0,+,2,815.57832,1,1,0.0,0.0,0.0,1.0,815.58266667724,-0.004346677240050667,e,above_limit_1000
22,6.0,+,3,1598.5351639,1,2,0.0,0.0,0.0,1.0,1598.538102408672,-0.00293850867205947,e,above_limit_1000
23,6.0,+,4,2372.0847113,1,3,0.0,0.0,0.0,1.0,2372.085646660237,-0.0009353602372357273,e,above_limit_1000
24,6.0,+,5,3136.3425996,1,4,0.0,0.0,0.0,1.0,3136.342027625758,0.000571974242120632,e,above_limit_1000
25,7.0,-,1,30.7966019,1,0,0.0,0.0,0.0,1.0,30.796306249274,0.00029565072599879727,e,above_limit_1000
26,7.0,-,2,823.2074826,1,1,0.0,0.0,0.0,1.0,823.211807499552,-0.004324899551988892,e,above_limit_1000
27,7.0,-,3,1606.0955222,1,2,0.0,0.0,0.0,1.0,1606.0984372543,-0.0029150543000469042,e,above_limit_1000
28,7.0,-,4,2379.5767527,1,3,0.0,0.0,0.0,1.0,2379.577676859503,-0.0009241595030289318,e,above_limit_1000
29,7.0,-,5,3143.7668204,1,4,0.0,0.0,0.0,1.0,3143.766246607722,0.000573792277918983,e,above_limit_1000
30,8.0,+,1,39.5943332,1,0,0.0,0.0,0.0,1.0,39.594044671587,0.000288528413001643,e,above_limit_1000
31,8.0,+,2,831.9260231,1,1,0.0,0.0,0.0,1.0,831.930323896847,-0.004300796847019228,e,above_limit_1000
32,8.0,+,3,1614.7354301,1,2,0.0,0.0,0.0,1.0,1614.738319236073,-0.002889136073008558,e,above_limit_1000
33,8.0,+,4,2388.1385852,1,3,0.0,0.0,0.0,1.0,2388.139497437614,-0.000912237614102196,e,above_limit_1000
34,8.0,+,5,3152.2511462,1,4,0.0,0.0,0.0,1.0,3152.250569761081,0.0005764389193245734,e,above_limit_1000
35,9.0,-,1,49.4911422,1,0,0.0,0.0,0.0,1.0,49.490859572521,0.00028262747899532314,e,above_limit_1000
36,9.0,-,2,841.7337449,1,1,0.0,0.0,0.0,1.0,841.73801518501,-0.004270285009965846,e,above_limit_1000
37,9.0,-,3,1624.454688,1,2,0.0,0.0,0.0,1.0,1624.457548064748,-0.0028600647478924657,e,above_limit_1000
38,9.0,-,4,2397.7704295,1,3,0.0,0.0,0.0,1.0,2397.770908525226,-0.0004790252260136185,e,above_limit_1000
39,9.0,-,5,3161.7980513,1,4,0.0,0.0,0.0,1.0,3161.794797660527,0.0032536394733142515,e,above_limit_1000
40,10.0,+,1,60.4868037,1,0,0.0,0.0,0.0,1.0,60.486524764282,0.0002789357180006391,e,above_limit_1000
41,10.0,+,2,852.6304169,1,1,0.0,0.0,0.0,1.0,852.634655588001,-0.004238688001009905,e,above_limit_1000
42,10.0,+,3,1635.253072,1,2,0.0,0.0,0.0,1.0,1635.255898408738,-0.0028264087379739067,e,above_limit_1000
43,10.0,+,4,2408.4697709,1,3,0.0,0.0,0.0,1.0,2408.471685263506,-0.0019143635058753716,e,above_limit_1000
44,10.0,+,5,3172.3969891,1,4,0.0,0.0,0.0,1.0,3172.398705946852,-0.001716846851650189,e,above_limit_1000
45,10.0,+,6,6137.479694,1,8,0.0,0.0,0.0,1.0,6137.485051024792,-0.0053570247919196845,e,above_limit_1000
46,11.0,-,1,72.5810636,1,0,0.0,0.0,0.0,1.0,72.580788918888,0.000274681111989139,e,above_limit_1000
47,11.0,-,2,864.6157918,1,1,0.0,0.0,0.0,1.0,864.619994235781,-0.004202435780939595,e,above_limit_1000
48,11.0,-,3,1647.1303315,1,2,0.0,0.0,0.0,1.0,1647.13311989215,-0.0027883921500233555,e,above_limit_1000
49,11.0,-,4,2420.2408384,1,3,0.0,0.0,0.0,1.0,2420.241577801872,-0.0007394018721242901,e,above_limit_1000
50,11.0,-,5,3184.0589839,1,4,0.0,0.0,0.0,1.0,3184.062045324852,-0.0030614248521487752,e,above_limit_1000
51,11.0,-,6,5420.9274237,1,7,0.0,0.0,0.0,1.0,5420.929356137418,-0.0019324374179632287,e,above_limit_1000
52,12.0,+,1,85.7734732,1,0,0.0,0.0,0.0,1.0,85.773375565759,9.763424100128759e-05,e,above_limit_1000
53,12.0,+,2,877.6892945,1,1,0.0,0.0,0.0,1.0,877.693755161921,-0.004460661921029896,e,above_limit_1000
54,12.0,+,3,1660.0864698,1,2,0.0,0.0,0.0,1.0,1660.088937092235,-0.002467292234996421,e,above_limit_1000
55,12.0,+,4,2433.0798513,1,3,0.0,0.0,0.0,1.0,2433.080311295761,-0.00045999576104804873,e,above_limit_1000
56,12.0,+,5,3196.7851948,1,4,0.0,0.0,0.0,1.0,3196.784541561149,0.0006532388511004683,e,above_limit_1000
57,12.0,+,6,4696.7856526,1,6,0.0,0.0,0.0,1.0,4696.785864159162,-0.00021155916238058126,e,above_limit_1000
58,12.0,+,7,6160.993195,1,8,0.0,0.0,0.0,1.0,6160.995933376968,-0.002738376968409284,e,above_limit_1000
59,13.0,-,1,100.0642708,1,0,0.0,0.0,0.0,1.0,100.063983088751,0.00028771124900117684,e,above_limit_1000
60,13.0,-,2,891.8512602,1,1,0.0,0.0,0.0,1.0,891.855637300593,-0.0043771005930466345,e,above_limit_1000
61,13.0,-,3,1674.120561,1,2,0.0,0.0,0.0,1.0,1674.123049536838,-0.002488536837972788,e,above_limit_1000
62,13.0,-,4,2446.9875729,1,3,0.0,0.0,0.0,1.0,2446.987585904109,-1.3004108950553928e-05,e,above_limit_1000
63,13.0,-,5,3210.565811,1,4,0.0,0.0,0.0,1.0,3210.565895481634,-8.448163407592801e-05,e,above_limit_1000
64,13.0,-,6,3964.9718701,1,5,0.0,0.0,0.0,1.0,3964.971854781087,1.5318913028750103e-05,e,above_limit_1000
65,13.0,-,7,4710.3179569,1,6,0.0,0.0,0.0,1.0,4710.318112073911,-0.00015517391057073837,e,above_limit_1000
66,13.0,-,8,5446.717117,1,7,0.0,0.0,0.0,1.0,5446.71727273227,-0.0001557322702865349,e,above_limit_1000
67,14.0,+,1,115.4525736,1,0,0.0,0.0,0.0,1.0,115.45228472318,0.00028887681999378856,e,above_limit_1000
68,14.0,+,2,907.1012758,1,1,0.0,0.0,0.0,1.0,907.105314483932,-0.004038683931980813,e,above_limit_1000
69,14.0,+,3,1689.2324615,1,2,0.0,0.0,0.0,1.0,1689.235131701534,-0.0026702015341015795,e,above_limit_1000
70,14.0,+,4,2461.962767,1,3,0.0,0.0,0.0,1.0,2461.963076786481,-0.0003097864810115425,e,above_limit_1000
71,14.0,+,5,3225.4067859,1,4,0.0,0.0,0.0,1.0,3225.405782968844,0.0010029311561083887,e,above_limit_1000
72,14.0,+,6,3979.6769907,1,5,0.0,0.0,0.0,1.0,3979.677120308427,-0.00012960842741449596,e,above_limit_1000
73,14.0,+,7,4724.8905283,1,6,0.0,0.0,0.0,1.0,4724.889739158883,0.0007891411178206909,e,above_limit_1000
74,14.0,+,8,5461.1550254,1,7,0.0,0.0,0.0,1.0,5461.156254392368,-0.001228992367941828,e,above_limit_1000
75,15.0,-,1,131.9379149,1,0,0.0,0.0,0.0,1.0,131.93792855238,-1.3652379976747397e-05,e,above_limit_1000
76,15.0,-,2,923.4386243,1,1,0.0,0.0,0.0,1.0,923.442435438549,-0.0038111385489401073,e,above_limit_1000
77,15.0,-,3,1705.4227595,1,2,0.0,0.0,0.0,1.0,1705.42483300642,-0.00207350641994708,e,above_limit_1000
78,15.0,-,4,2478.0080176,1,3,0.0,0.0,0.0,1.0,2478.00643410003,0.0015834999699109176,e,above_limit_1000
79,15.0,-,5,3241.3045429,1,4,0.0,0.0,0.0,1.0,3241.303854958918,0.0006879410821056808,e,above_limit_1000
80,15.0,-,6,3995.4317485,1,5,0.0,0.0,0.0,1.0,3995.430958738456,0.0007897615441834205,e,above_limit_1000
81,15.0,-,7,4740.499113,1,6,0.0,0.0,0.0,1.0,4740.500398042912,-0.001285042912058998,e,above_limit_1000
82,15.0,-,8,5476.6235257,1,7,0.0,0.0,0.0,1.0,5476.62479794894,-0.0012722489400402992,e,above_limit_1000
83,15.0,-,9,6203.9156294,1,8,0.0,0.0,0.0,1.0,6203.91762266688,-0.001993266879253497,e,above_limit_1000
84,16.0,+,1,149.520503,1,0,0.0,0.0,0.0,1.0,149.520537504173,-3.450417301564812e-05,e,above_limit_1000
85,16.0,+,2,940.8628167,1,1,0.0,0.0,0.0,1.0,940.866623782324,-0.0038070823239877427,e,above_limit_1000
86,16.0,+,3,1722.6893955,1,2,0.0,0.0,0.0,1.0,1722.691777812898,-0.002382312897907468,e,above_limit_1000
87,16.0,+,4,2495.1173125,1,3,0.0,0.0,0.0,1.0,2495.117282996359,2.9503641144401627e-05,e,above_limit_1000
88,16.0,+,5,3258.2619272,1,4,0.0,0.0,0.0,1.0,3258.259737438517,0.002189761483350594,e,above_limit_1000
89,16.0,+,6,4012.2331996,1,5,0.0,0.0,0.0,1.0,4012.232996939659,0.0002026603406193317,e,above_limit_1000
90,16.0,+,7,4757.1497897,1,6,0.0,0.0,0.0,1.0,4757.149716527267,7.317273320950335e-05,e,above_limit_1000
91,16.0,+,8,5493.1224402,1,7,0.0,0.0,0.0,1.0,5493.122532192387,-9.199238684232114e-05,e,above_limit_1000
92,17.0,-,1,168.200068,1,0,0.0,0.0,0.0,1.0,168.199709346985,0.0003586530149846112,e,above_limit_1000
93,17.0,-,2,959.3731833,1,1,0.0,0.0,0.0,1.0,959.377478020411,-0.00429472041093959,e,above_limit_1000
94,17.0,-,3,1741.0329765,1,2,0.0,0.0,0.0,1.0,1741.035565419973,-0.0025889199730499968,e,above_limit_1000
95,17.0,-,4,2513.294796,1,3,0.0,0.0,0.0,1.0,2513.295223617932,-0.0004276179320186202,e,above_limit_1000
96,17.0,-,5,3276.2734748,1,4,0.0,0.0,0.0,1.0,3276.27303144133,0.0004433586695995473,e,above_limit_1000
97,17.0,-,6,4030.0830228,1,5,0.0,0.0,0.0,1.0,4030.082836886941,0.0001859130588854896,e,above_limit_1000
98,17.0,-,7,4774.8360906,1,6,0.0,0.0,0.0,1.0,4774.837297582417,-0.0012069824169884669,e,above_limit_1000
99,17.0,-,10,6955.8818255,1,9,0.0,0.0,0.0,1.0,6955.899945474472,-0.018119974472028844,e,above_limit_1000
100,18.0,+,1,187.9752926,1,0,0.0,0.0,0.0,1.0,187.975016685702,0.00027591429798690115,e,above_limit_1000
101,18.0,+,2,978.9710668,1,1,0.0,0.0,0.0,1.0,978.974571541497,-0.0035047414969540114,e,above_limit_1000
102,18.0,+,3,1760.4533952,1,2,0.0,0.0,0.0,1.0,1760.45577006048,-0.0023748604801312467,e,above_limit_1000
103,18.0,+,4,2532.5391656,1,3,0.0,0.0,0.0,1.0,2532.539831094281,-0.0006654942808381747,e,above_limit_1000
104,18.0,+,5,3295.343989,1,4,0.0,0.0,0.0,1.0,3295.343313044571,0.000675955428960151,e,above_limit_1000
105,18.0,+,6,4048.9805902,1,5,0.0,0.0,0.0,1.0,4048.980055658114,0.0005345418858269113,e,above_limit_1000
106,18.0,+,7,5529.1966455,1,7,0.0,0.0,0.0,1.0,5529.203964077894,-0.007318577893784095,e,above_limit_1000
107,18.0,+,8,6256.0126651,1,8,0.0,0.0,0.0,1.0,6256.017311454559,-0.004646354558644816,e,above_limit_1000
108,19.0,-,1,208.8466153,1,0,0.0,0.0,0.0,1.0,208.846006957303,0.000608342697006492,e,above_limit_1000
109,19.0,-,2,999.6536711,1,1,0.0,0.0,0.0,1.0,999.657452613458,-0.003781513457965957,e,above_limit_1000
110,19.0,-,3,1780.9503825,1,2,0.0,0.0,0.0,1.0,1780.951940896893,-0.0015583968929604453,e,above_limit_1000
111,19.0,-,4,2552.8503663,1,3,0.0,0.0,0.0,1.0,2552.850655538194,-0.00028923819400006323,e,above_limit_1000
112,19.0,-,5,3315.4705711,1,4,0.0,0.0,0.0,1.0,3315.470133364955,0.0004377350451250095,e,above_limit_1000
113,19.0,-,6,4068.9249519,1,5,0.0,0.0,0.0,1.0,4068.92420543012,0.000746469880141376,e,above_limit_1000
114,19.0,-,7,4813.3259189,1,6,0.0,0.0,0.0,1.0,4813.325535112661,0.00038378733916033525,e,above_limit_1000
115,19.0,-,8,5548.7849651,1,7,0.0,0.0,0.0,1.0,5548.786795467056,-0.001830367056754767,e,above_limit_1000
116,20.0,+,1,230.8116135,1,0,0.0,0.0,0.0,1.0,230.812202426047,-0.0005889260470155477,e,above_limit_1000
117,20.0,+,2,1021.4225216,1,1,0.0,0.0,0.0,1.0,1021.425644378872,-0.0031227788720116223,e,above_limit_1000
118,20.0,+,3,1802.521403,1,2,0.0,0.0,0.0,1.0,1802.523602017109,-0.002199017108978296,e,above_limit_1000
119,20.0,+,4,2574.2275772,1,3,0.0,0.0,0.0,1.0,2574.227222041378,0.00035515862191459746,e,above_limit_1000
120,20.0,+,5,3336.653174,1,4,0.0,0.0,0.0,1.0,3336.653018554772,0.00015544522784693982,e,above_limit_1000
121,20.0,+,6,4089.9152117,1,5,0.0,0.0,0.0,1.0,4089.914813475125,0.0003982248749707651,e,above_limit_1000
122,20.0,+,7,4834.123355,1,6,0.0,0.0,0.0,1.0,4834.125273343247,-0.0019183432468707906,e,above_limit_1000
123,20.0,+,8,5569.3973633,1,7,0.0,0.0,0.0,1.0,5569.397085030212,0.00027826978748635156,e,above_limit_1000
124,21.0,-,1,253.8731121,1,0,0.0,0.0,0.0,1.0,253.873100178776,1.1921223972422013e-05,e,above_limit_1000
125,21.0,-,2,1044.2741363,1,1,0.0,0.0,0.0,1.0,1044.278644850354,-0.004508550354103136,e,above_limit_1000
126,21.0,-,3,1825.1687953,1,2,0.0,0.0,0.0,1.0,1825.170252429758,-0.0014571297579095699,e,above_limit_1000
127,21.0,-,4,2596.6681339,1,3,0.0,0.0,0.0,1.0,2596.669030670004,-0.0008967700036919268,e,above_limit_1000
128,21.0,-,5,3358.8921152,1,4,0.0,0.0,0.0,1.0,3358.891469797399,0.0006454026006394997,e,above_limit_1000
129,21.0,-,6,4111.9509945,1,5,0.0,0.0,0.0,1.0,4111.951382156294,-0.0003876562941513839,e,above_limit_1000
130,21.0,-,7,4855.9625398,1,6,0.0,0.0,0.0,1.0,4855.96143764779,0.0011021522095688852,e,above_limit_1000
131,21.0,-,9,6317.2850927,1,8,0.0,0.0,0.0,1.0,6317.283671867912,0.0014208320881152758,e,above_limit_1000
132,21.0,-,10,7034.8142759,1,9,0.0,0.0,0.0,1.0,7034.824500143746,-0.010224243746051798,e,above_limit_1000
133,22.0,+,1,278.0282621,1,0,0.0,0.0,0.0,1.0,278.028172119664,8.998033598572874e-05,e,above_limit_1000
134,22.0,+,2,1068.2120738,1,1,0.0,0.0,0.0,1.0,1068.215926905567,-0.0038531055668045155,e,above_limit_1000
135,22.0,+,3,1848.8888521,1,2,0.0,0.0,0.0,1.0,1848.891366059489,-0.002513959489078843,e,above_limit_1000
136,22.0,+,4,2620.1755543,1,3,0.0,0.0,0.0,1.0,2620.175556460198,-2.1601981643470936e-06,e,above_limit_1000
137,22.0,+,5,3382.1842316,1,4,0.0,0.0,0.0,1.0,3382.184963302914,-0.0007317029139812803,e,above_limit_1000
138,22.0,+,6,4135.033936,1,5,0.0,0.0,0.0,1.0,4135.033388923454,0.0005470765454447246,e,above_limit_1000
139,22.0,+,7,4878.8335,1,6,0.0,0.0,0.0,1.0,4878.833506787659,-6.7876590037485585e-06,e,above_limit_1000
140,22.0,+,8,5613.6987423,1,7,0.0,0.0,0.0,1.0,5613.698033637378,0.0007086626219461323,e,above_limit_1000
141,22.0,+,9,6339.7386513,1,8,0.0,0.0,0.0,1.0,6339.740584053194,-0.0019327531936141895,e,above_limit_1000
142,23.0,-,1,303.2769997,1,0,0.0,0.0,0.0,1.0,303.276864964657,0.00013473534295371792,e,above_limit_1000
143,23.0,-,2,1093.2331713,1,1,0.0,0.0,0.0,1.0,1093.236938281906,-0.0037669819059829024,e,above_limit_1000
144,23.0,-,3,1873.6847841,1,2,0.0,0.0,0.0,1.0,1873.686391741809,-0.0016076418091870437,e,above_limit_1000
145,23.0,-,4,2644.7454534,1,3,0.0,0.0,0.0,1.0,2644.746249412807,-0.000796012807313673,e,above_limit_1000
146,23.0,-,5,3406.5335271,1,4,0.0,0.0,0.0,1.0,3406.532950303216,0.0005767967841165955,e,above_limit_1000
147,23.0,-,6,4159.1597529,1,5,0.0,0.0,0.0,1.0,4159.160286308227,-0.0005334082270564977,e,above_limit_1000
148,23.0,-,7,4902.7422222,1,6,0.0,0.0,0.0,1.0,4902.740934669901,0.0012875300981249893,e,above_limit_1000
149,23.0,-,8,5637.3865575,1,7,0.0,0.0,0.0,1.0,5637.387628200412,-0.0010707004121286445,e,above_limit_1000
150,24.0,+,1,329.6172291,1,0,0.0,0.0,0.0,1.0,329.618600235895,-0.0013711358949990426,e,above_limit_1000
151,24.0,+,2,1119.3376964,1,1,0.0,0.0,0.0,1.0,1119.341101571071,-0.0034051710711082706,e,above_limit_1000
152,24.0,+,3,1899.5525489,1,2,0.0,0.0,0.0,1.0,1899.554753217802,-0.0022043178021249332,e,above_limit_1000
153,24.0,+,4,2670.3807747,1,3,0.0,0.0,0.0,1.0,2670.380534488568,0.00024021143190111616,e,above_limit_1000
154,24.0,+,5,3431.9343385,1,4,0.0,0.0,0.0,1.0,3431.934857046966,-0.0005185469658499642,e,above_limit_1000
155,24.0,+,6,4184.3319819,1,5,0.0,0.0,0.0,1.0,4184.331501919436,0.0004799805637958343,e,above_limit_1000
156,24.0,+,7,4927.6823741,1,6,0.0,0.0,0.0,1.0,4927.683150342448,-0.0007762424484099029,e,above_limit_1000
157,24.0,+,8,5662.1069012,1,7,0.0,0.0,0.0,1.0,5662.102551966699,0.004349233300672495,e,above_limit_1000
158,25.0,-,1,357.0534536,1,0,0.0,0.0,0.0,1.0,357.052774255553,0.0006793444470076793,e,above_limit_1000
159,25.0,-,2,1146.5229088,1,1,0.0,0.0,0.0,1.0,1146.527814213282,-0.004905413281903748,e,above_limit_1000
160,25.0,-,3,1926.4947514,1,2,0.0,0.0,0.0,1.0,1926.495849128547,-0.001097728546938015,e,above_limit_1000
161,25.0,-,4,2697.0773555,1,3,0.0,0.0,0.0,1.0,2697.077811602372,-0.0004561023720270896,e,above_limit_1000
162,25.0,-,5,3458.3905635,1,4,0.0,0.0,0.0,1.0,3458.3900847944,0.0004787056000168377,e,above_limit_1000
163,25.0,-,6,4210.5456507,1,5,0.0,0.0,0.0,1.0,4210.546438437849,-0.0007877378493503784,e,above_limit_1000
164,25.0,-,7,4953.6602446,1,6,0.0,0.0,0.0,1.0,4953.659557989288,0.0006866107114547049,e,above_limit_1000
165,25.0,-,8,5687.8429876,1,7,0.0,0.0,0.0,1.0,5687.842210715231,0.0007768847690385883,e,above_limit_1000
166,25.0,-,9,6413.2053666,1,8,0.0,0.0,0.0,1.0,6413.208093573087,-0.002726973087192164,e,above_limit_1000
167,25.0,-,10,7129.8617642,1,9,0.0,0.0,0.0,1.0,7129.872406590422,-0.010642390421708114,e,above_limit_1000
168,26.0,+,1,385.5788546,1,0,0.0,0.0,0.0,1.0,385.578758139757,9.646024301446232e-05,e,above_limit_1000
169,26.0,+,2,1174.7935762,1,1,0.0,0.0,0.0,1.0,1174.79644849126,-0.0028722912600187556,e,above_limit_1000
170,26.0,+,3,1954.5070568,1,2,0.0,0.0,0.0,1.0,1954.509053009296,-0.001996209295839435,e,above_limit_1000
171,26.0,+,4,2724.8377694,1,3,0.0,0.0,0.0,1.0,2724.837455617911,0.0003137820890515286,e,above_limit_1000
172,26.0,+,5,3485.8981653,1,4,0.0,0.0,0.0,1.0,3485.898009811801,0.00015548819919786183,e,above_limit_1000
173,26.0,+,6,4237.8050881,1,5,0.0,0.0,0.0,1.0,4237.804473610886,0.0006144891140138498,e,above_limit_1000
174,26.0,+,7,4980.6697979,1,6,0.0,0.0,0.0,1.0,4980.669536925172,0.00026097482805198524,e,above_limit_1000
175,26.0,+,8,5714.6073731,1,7,0.0,0.0,0.0,1.0,5714.605985424163,0.0013876758366677677,e,above_limit_1000
176,26.0,+,9,6439.7273463,1,8,0.0,0.0,0.0,1.0,6439.727545981933,-0.00019968193282693392,e,above_limit_1000
177,27.0,-,1,415.1943752,1,0,0.0,0.0,0.0,1.0,415.195897791924,-0.0015225919239583163,e,above_limit_1000
178,27.0,-,2,1204.1432101,1,1,0.0,0.0,0.0,1.0,1204.146351523972,-0.0031414239720106707,e,above_limit_1000
179,27.0,-,3,1983.5927471,1,2,0.0,0.0,0.0,1.0,1983.593713283426,-0.0009661834260441537,e,above_limit_1000
180,27.0,-,4,2753.6586651,1,3,0.0,0.0,0.0,1.0,2753.658816341575,-0.0001512415751676599,e,above_limit_1000
181,27.0,-,5,3514.4587493,1,4,0.0,0.0,0.0,1.0,3514.457983365788,0.0007659342118131462,e,above_limit_1000
182,27.0,-,6,4266.1050384,1,5,0.0,0.0,0.0,1.0,4266.104960247078,7.8152921560104e-05,e,above_limit_1000
183,27.0,-,7,5008.7132903,1,6,0.0,0.0,0.0,1.0,5008.712441590527,0.000848709472847986,e,above_limit_1000
184,27.0,-,8,5742.3948796,1,7,0.0,0.0,0.0,1.0,5742.393232265728,0.0016473342720928486,e,above_limit_1000
185,28.0,+,1,445.9041894,1,0,0.0,0.0,0.0,1.0,445.903513896089,0.0006755039109975769,e,above_limit_1000
186,28.0,+,2,1234.5741236,1,1,0.0,0.0,0.0,1.0,1234.576845260056,-0.002721660056067776,e,above_limit_1000
187,28.0,+,3,2013.7477338,1,2,0.0,0.0,0.0,1.0,2013.749153256023,-0.001419456022858867,e,above_limit_1000
188,28.0,+,4,2783.5417601,1,3,0.0,0.0,0.0,1.0,2783.541218516377,0.0005415836230895366,e,above_limit_1000
189,28.0,+,5,3544.0699523,1,4,0.0,0.0,0.0,1.0,3544.069331717393,0.0006205826066434383,e,above_limit_1000
190,28.0,+,6,4295.4481978,1,5,0.0,0.0,0.0,1.0,4295.447226210311,0.0009715896894704201,e,above_limit_1000
191,28.0,+,7,5037.7888337,1,6,0.0,0.0,0.0,1.0,5037.787601545605,0.001232154395438556,e,above_limit_1000
192,28.0,+,9,6495.8081501,1,8,0.0,0.0,0.0,1.0,6495.808059833163,9.026683710544603e-05,e,above_limit_1000
193,29.0,-,1,477.7014795,1,0,0.0,0.0,0.0,1.0,477.700901909641,0.0005775903590006237,e,above_limit_1000
194,29.0,-,2,1266.0848307,1,1,0.0,0.0,0.0,1.0,1266.087226471074,-0.0023957710739068716,e,above_limit_1000
195,29.0,-,3,2044.9736118,1,2,0.0,0.0,0.0,1.0,2044.974671107469,-0.0010593074689495552,e,above_limit_1000
196,29.0,-,4,2814.484526,1,3,0.0,0.0,0.0,1.0,2814.483961815539,0.0005641844613819558,e,above_limit_1000
197,29.0,-,5,3574.7321414,1,4,0.0,0.0,0.0,1.0,3574.731356115701,0.0007852842986721953,e,above_limit_1000
198,29.0,-,6,4325.8307682,1,5,0.0,0.0,0.0,1.0,4325.830574413766,0.0001937862343766028,e,above_limit_1000
199,29.0,-,7,5067.8950096,1,6,0.0,0.0,0.0,1.0,5067.894321464917,0.0006881350827825372,e,above_limit_1000
200,29.0,-,8,5801.0362072,1,7,0.0,0.0,0.0,1.0,5801.035442973354,0.0007642266455150093,e,above_limit_1000
201,29.0,-,10,7240.9990395,1,9,0.0,0.0,0.0,1.0,7241.006647136354,-0.007607636353895941,e,above_limit_1000
202,30.0,+,1,510.5880594,1,0,0.0,0.0,0.0,1.0,510.587332056139,0.0007273438610013727,e,above_limit_1000
203,30.0,+,2,1298.6745136,1,1,0.0,0.0,0.0,1.0,1298.676766744321,-0.0022531443210027646,e,above_limit_1000
204,30.0,+,3,2077.2688249,1,2,0.0,0.0,0.0,1.0,2077.269539886359,-0.0007149863590711902,e,above_limit_1000
205,30.0,+,4,2846.4869554,1,3,0.0,0.0,0.0,1.0,2846.486320835893,0.000634564107258484,e,above_limit_1000
206,30.0,+,5,3606.4443206,1,4,0.0,0.0,0.0,1.0,3606.443332791545,0.0009878084551928623,e,above_limit_1000
207,30.0,+,6,4357.2549611,1,5,0.0,0.0,0.0,1.0,4357.254282813651,0.0006782863492844626,e,above_limit_1000
208,30.0,+,7,5099.0329653,1,6,0.0,0.0,0.0,1.0,5099.031881131024,0.001084168975467037,e,above_limit_1000
209,30.0,+,9,6555.9396689,1,8,0.0,0.0,0.0,1.0,6555.939483852741,0.00018504725812817924,e,above_limit_1000
210,31.0,-,1,544.5624127,1,0,0.0,0.0,0.0,1.0,544.562049317594,0.0003633824060216284,e,above_limit_1000
211,31.0,-,2,1332.3426563,1,1,0.0,0.0,0.0,1.0,1332.344712475714,-0.0020561757139603287,e,above_limit_1000
212,31.0,-,3,2110.6324679,1,2,0.0,0.0,0.0,1.0,2110.633007502684,-0.0005396026840571722,e,above_limit_1000
213,31.0,-,4,2879.5484744,1,3,0.0,0.0,0.0,1.0,2879.547545090975,0.0009293090251958347,e,above_limit_1000
214,31.0,-,5,3639.2054482,1,4,0.0,0.0,0.0,1.0,3639.204512950828,0.0009352491720164835,e,above_limit_1000
215,31.0,-,6,4389.7184571,1,5,0.0,0.0,0.0,1.0,4389.71760440288,0.0008526971196261002,e,above_limit_1000
216,31.0,-,7,5131.2000251,1,6,0.0,0.0,0.0,1.0,5131.199535428445,0.0004896715545328334,e,above_limit_1000
217,31.0,-,8,5863.76468,1,7,0.0,0.0,0.0,1.0,5863.763195888477,0.0014841115234958124,e,above_limit_1000
218,31.0,-,9,6587.5219094,1,8,0.0,0.0,0.0,1.0,6587.522481164336,-0.0005717643352909363,e,above_limit_1000
219,32.0,+,1,579.6252752,1,0,0.0,0.0,0.0,1.0,579.62427342656,0.0010017734400662448,e,above_limit_1000
220,32.0,+,2,1367.0879723,1,1,0.0,0.0,0.0,1.0,1367.090284861958,-0.002312561957978687,e,above_limit_1000
221,32.0,+,3,2145.0638048,1,2,0.0,0.0,0.0,1.0,2145.064296720269,-0.0004919202688142832,e,above_limit_1000
222,32.0,+,4,2913.6678071,1,3,0.0,0.0,0.0,1.0,2913.666859003903,0.0009480960970904562,e,above_limit_1000
223,32.0,+,5,3673.0151854,1,4,0.0,0.0,0.0,1.0,3673.014122767496,0.0010626325042721874,e,above_limit_1000
224,32.0,+,6,4423.2201877,1,5,0.0,0.0,0.0,1.0,4423.219767204153,0.00042049584681080887,e,above_limit_1000
225,32.0,+,7,5164.3973423,1,6,0.0,0.0,0.0,1.0,5164.396514337166,0.0008279628336822498,e,above_limit_1000
226,32.0,+,8,5896.6579275,1,7,0.0,0.0,0.0,1.0,5896.657277382107,0.0006501178932012408,e,above_limit_1000
227,32.0,+,9,6620.117684,1,8,0.0,0.0,0.0,1.0,6620.115989291111,0.001694708888862806,e,above_limit_1000
228,33.0,-,1,615.7737192,1,0,0.0,0.0,0.0,1.0,615.773198858069,0.0005203419309509627,e,above_limit_1000
229,33.0,-,2,1402.9109575,1,1,0.0,0.0,0.0,1.0,1402.912679892879,-0.0017223928789462661,e,above_limit_1000
230,33.0,-,3,2180.5622499,1,2,0.0,0.0,0.0,1.0,2180.562605149333,-0.0003552493330971629,e,above_limit_1000
231,33.0,-,4,2948.8445478,1,3,0.0,0.0,0.0,1.0,2948.843461899979,0.0010859000208256475,e,above_limit_1000
232,33.0,-,5,3707.8723005,1,4,0.0,0.0,0.0,1.0,3707.871363376442,0.000937123558287567,e,above_limit_1000
233,33.0,-,6,4457.7613009,1,5,0.0,0.0,0.0,1.0,4457.759974263207,0.0013266367923279176,e,above_limit_1000
234,33.0,-,7,5198.622587,1,6,0.0,0.0,0.0,1.0,5198.622022925867,0.0005640741328534205,e,above_limit_1000
235,33.0,-,8,5930.5744593,1,7,0.0,0.0,0.0,1.0,5930.57044680289,0.0040124971101249685,e,above_limit_1000
236,33.0,-,9,6653.718273,1,8,0.0,0.0,0.0,1.0,6653.719217737358,-0.0009447373577131657,e,above_limit_1000
237,33.0,-,10,7368.1758755,1,9,0.0,0.0,0.0,1.0,7368.183892340529,-0.008016840529307956,e,above_limit_1000
238,34.0,+,1,653.0090056,1,0,0.0,0.0,0.0,1.0,653.007994820932,0.0010107790679967366,e,above_limit_1000
239,34.0,+,2,1439.8092642,1,1,0.0,0.0,0.0,1.0,1439.811068343133,-0.001804143133085745,e,above_limit_1000
240,34.0,+,3,2217.1270391,1,2,0.0,0.0,0.0,1.0,2217.127105238405,-6.61384051454661e-05,e,above_limit_1000
241,34.0,+,4,2985.0777017,1,3,0.0,0.0,0.0,1.0,2985.076527998992,0.0011737010081560584,e,above_limit_1000
242,34.0,+,5,3743.7766198,1,4,0.0,0.0,0.0,1.0,3743.775410866062,0.001208933937959955,e,above_limit_1000
243,34.0,+,6,4493.3378143,1,5,0.0,0.0,0.0,1.0,4493.337403641473,0.00041065852656174684,e,above_limit_1000
244,34.0,+,7,5233.876126,1,6,0.0,0.0,0.0,1.0,5233.875241345146,0.0008846548544170219,e,above_limit_1000
245,34.0,+,8,5965.5031654,1,7,0.0,0.0,0.0,1.0,5965.501886520125,0.001278879875826533,e,above_limit_1000
246,34.0,+,9,6688.330373,1,8,0.0,0.0,0.0,1.0,6688.331351234783,-0.0009782347833606764,e,above_limit_1000
247,35.0,-,1,691.3289175,1,0,0.0,0.0,0.0,1.0,691.327805249255,0.0011122507449954355,e,above_limit_1000
248,35.0,-,2,1477.7830727,1,1,0.0,0.0,0.0,1.0,1477.784595763906,-0.0015230639060064277,e,above_limit_1000
249,35.0,-,3,2254.7570742,1,2,0.0,0.0,0.0,1.0,2254.756944266399,0.00012993360087421024,e,above_limit_1000
250,35.0,-,4,3022.3665354,1,3,0.0,0.0,0.0,1.0,3022.365206407502,0.001328992498201842,e,above_limit_1000
251,35.0,-,5,3780.7265801,1,4,0.0,0.0,0.0,1.0,3780.72541627062,0.001163829379947856,e,above_limit_1000
252,35.0,-,6,4529.952174,1,5,0.0,0.0,0.0,1.0,4529.951208408803,0.0009655911972004105,e,above_limit_1000
253,35.0,-,7,5270.1560494,1,6,0.0,0.0,0.0,1.0,5270.15532482026,0.0007245797396535636,e,above_limit_1000
254,35.0,-,8,6001.4492726,1,7,0.0,0.0,0.0,1.0,6001.450754048643,-0.001481448643062322,e,above_limit_1000
255,36.0,+,1,730.7323455,1,0,0.0,0.0,0.0,1.0,730.731748793207,0.0005967067929759651,e,above_limit_1000
256,36.0,+,2,1516.8310866,1,1,0.0,0.0,0.0,1.0,1516.832382474191,-0.0012958741911006655,e,above_limit_1000
257,36.0,+,3,2293.4514467,1,2,0.0,0.0,0.0,1.0,2293.45124433419,0.00020236580985510955,e,above_limit_1000
258,36.0,+,4,3060.7099914,1,3,0.0,0.0,0.0,1.0,3060.708621110486,0.0013702895139431348,e,above_limit_1000
259,36.0,+,5,3818.7215939,1,4,0.0,0.0,0.0,1.0,3818.720505562339,0.0010883376608035178,e,above_limit_1000
260,36.0,+,6,4567.6015423,1,5,0.0,0.0,0.0,1.0,4567.600516635766,0.0010256642335662036,e,above_limit_1000
261,36.0,+,7,5307.4622639,1,6,0.0,0.0,0.0,1.0,5307.461403643887,0.00086025611290097,e,above_limit_1000
262,36.0,+,8,6038.4183693,1,7,0.0,0.0,0.0,1.0,6038.416182041616,0.0021872583847653004,e,above_limit_1000
263,37.0,-,1,771.220192,1,0,0.0,0.0,0.0,1.0,771.218918809757,0.0012731902429550246,e,above_limit_1000
264,37.0,-,2,1556.9521855,1,1,0.0,0.0,0.0,1.0,1556.95352355181,-0.0013380518098529137,e,above_limit_1000
265,37.0,-,3,2333.209329,1,2,0.0,0.0,0.0,1.0,2333.209102355745,0.0002266442547806946,e,above_limit_1000
266,37.0,-,4,3100.1071606,1,3,0.0,0.0,0.0,1.0,3100.105870963052,0.0012896369480586145,e,above_limit_1000
267,37.0,-,5,3857.7606802,1,4,0.0,0.0,0.0,1.0,3857.759779643171,0.0009005568290376686,e,above_limit_1000
268,37.0,-,6,4606.2853167,1,5,0.0,0.0,0.0,1.0,4606.2844313857,0.0008853142999214469,e,above_limit_1000
269,37.0,-,7,5345.794048,1,6,0.0,0.0,0.0,1.0,5345.792583168389,0.0014648316109742154,e,above_limit_1000
270,38.0,+,1,812.7889756,1,0,0.0,0.0,0.0,1.0,812.788383353105,0.0005922468949393078,e,above_limit_1000
271,38.0,+,2,1598.1457194,1,1,0.0,0.0,0.0,1.0,1598.147088824233,-0.0013694242329620465,e,above_limit_1000
272,38.0,+,3,2374.0298207,1,2,0.0,0.0,0.0,1.0,2374.029590049521,0.00023065047889758716,e,above_limit_1000
273,38.0,+,4,3140.5578158,1,3,0.0,0.0,0.0,1.0,3140.556029681736,0.0017861182636806916,e,above_limit_1000
274,38.0,+,5,3897.8434091,1,4,0.0,0.0,0.0,1.0,3897.842314336512,0.001094763487799355,e,above_limit_1000
275,38.0,+,6,4646.0026515,1,5,0.0,0.0,0.0,1.0,4646.002030706672,0.0006207933283803868,e,above_limit_1000
276,38.0,+,8,6115.395656,1,7,0.0,0.0,0.0,1.0,6115.393125682367,0.002530317632590595,e,above_limit_1000
277,38.0,+,10,7549.6311195,1,9,0.0,0.0,0.0,1.0,7549.639689120089,-0.008569620089474483,e,above_limit_1000
278,39.0,-,1,855.4393294,1,0,0.0,0.0,0.0,1.0,855.439185164759,0.0001442352410094827,e,above_limit_1000
279,39.0,-,2,1640.4109423,1,1,0.0,0.0,0.0,1.0,1640.412122859083,-0.0011805590829681023,e,above_limit_1000
280,39.0,-,3,2415.9122335,1,2,0.0,0.0,0.0,1.0,2415.911753929002,0.0004795709983227425,e,above_limit_1000
281,39.0,-,4,3182.0594515,1,3,0.0,0.0,0.0,1.0,3182.058145835638,0.0013056643620075192,e,above_limit_1000
282,39.0,-,5,3938.9681486,1,4,0.0,0.0,0.0,1.0,3938.967160378545,0.000988221454917948,e,above_limit_1000
283,39.0,-,6,4686.7537355,1,5,0.0,0.0,0.0,1.0,4686.752367623055,0.001367876945550961,e,above_limit_1000
284,39.0,-,7,5425.5280695,1,6,0.0,0.0,0.0,1.0,5425.526540981363,0.0015285186373148463,e,above_limit_1000
285,39.0,-,8,6155.4064232,1,7,0.0,0.0,0.0,1.0,6155.402782262316,0.003640937684394885,e,above_limit_1000
286,39.0,-,9,6876.4948831,1,8,0.0,0.0,0.0,1.0,6876.495325201025,-0.00044210102441866184,e,above_limit_1000
287,39.0,-,10,7588.9176867,1,9,0.0,0.0,0.0,1.0,7588.920063802953,-0.0023771029536874266,e,above_limit_1000
288,40.0,+,1,899.1710381,1,0,0.0,0.0,0.0,1.0,899.170341663282,0.0006964367180444242,e,above_limit_1000
289,40.0,+,2,1683.7464655,1,1,0.0,0.0,0.0,1.0,1683.747644954243,-0.0011794542429015564,e,above_limit_1000
290,40.0,+,3,2458.8553132,1,2,0.0,0.0,0.0,1.0,2458.854615293364,0.000697906636105472,e,above_limit_1000
291,40.0,+,4,3224.6124706,1,3,0.0,0.0,0.0,1.0,3224.611242837184,0.0012277628161427856,e,above_limit_1000
292,40.0,+,5,3981.1347107,1,4,0.0,0.0,0.0,1.0,3981.133343409146,0.0013672908539774653,e,above_limit_1000
293,40.0,+,6,4728.5351356,1,5,0.0,0.0,0.0,1.0,4728.534470127001,0.0006654729986621533,e,above_limit_1000
294,40.0,+,7,5466.9293142,1,6,0.0,0.0,0.0,1.0,5466.927405201941,0.0019089980587523314,e,above_limit_1000
295,40.0,+,8,6196.4266294,1,7,0.0,0.0,0.0,1.0,6196.425281155735,0.0013482442645909032,e,above_limit_1000
296,40.0,+,9,6917.1461777,1,8,0.0,0.0,0.0,1.0,6917.14238027765,0.003797422350544366,e,above_limit_1000
297,41.0,-,1,943.9811378,1,0,0.0,0.0,0.0,1.0,943.980844934007,0.0002928659930603317,e,above_limit_1000
298,41.0,-,2,1728.1517844,1,1,0.0,0.0,0.0,1.0,1728.152649127949,-0.0008647279489650828,e,above_limit_1000
299,41.0,-,3,2502.8578338,1,2,0.0,0.0,0.0,1.0,2502.857170217748,0.0006635822524003743,e,above_limit_1000
300,41.0,-,4,3268.2162493,1,3,0.0,0.0,0.0,1.0,3268.214318932696,0.0019303673038848501,e,above_limit_1000
301,41.0,-,5,4024.3410163,1,4,0.0,0.0,0.0,1.0,4024.339863963013,0.0011523369867063593,e,above_limit_1000
302,41.0,-,6,4771.3484062,1,5,0.0,0.0,0.0,1.0,4771.347341169497,0.0010650305030139862,e,above_limit_1000
303,41.0,-,7,5509.3507479,1,6,0.0,0.0,0.0,1.0,5509.349541970884,0.0012059291157129337,e,above_limit_1000
304,41.0,-,8,6238.4631415,1,7,0.0,0.0,0.0,1.0,6238.459630594901,0.003510905099574302,e,above_limit_1000
305,41.0,-,9,6958.7917292,1,8,0.0,0.0,0.0,1.0,6958.791939332075,-0.00021013207515352406,e,above_limit_1000
306,42.0,+,1,989.8702208,1,0,0.0,0.0,0.0,1.0,989.869661717977,0.0005590820229599558,e,above_limit_1000
307,42.0,+,2,1773.6251349,1,1,0.0,0.0,0.0,1.0,1773.626104108311,-0.0009692083110621752,e,above_limit_1000
308,42.0,+,3,2547.9194781,1,2,0.0,0.0,0.0,1.0,2547.918389543179,0.0010885568212870567,e,above_limit_1000
309,42.0,+,4,3312.8679093,1,3,0.0,0.0,0.0,1.0,3312.866347192684,0.0015621073162037646,e,above_limit_1000
310,42.0,+,5,4068.5870134,1,4,0.0,0.0,0.0,1.0,4068.585697460009,0.0013159399909454805,e,above_limit_1000
311,42.0,+,6,4815.1906192,1,5,0.0,0.0,0.0,1.0,4815.189958651198,0.0006605488015338778,e,above_limit_1000
312,42.0,+,7,5552.7933376,1,6,0.0,0.0,0.0,1.0,5552.791931817465,0.0014057825346753816,e,above_limit_1000
313,42.0,+,8,6281.5070405,1,7,0.0,0.0,0.0,1.0,6281.504813903817,0.002226596182481444,e,above_limit_1000
314,42.0,+,9,7001.4434589,1,8,0.0,0.0,0.0,1.0,7001.442988667351,0.00047023264960444067,e,above_limit_1000
315,43.0,-,1,1036.8359428,1,0,0.0,0.0,0.0,1.0,1036.835733401043,0.00020939895716765022,e,above_limit_1000
316,43.0,-,2,1820.1662316,1,1,0.0,0.0,0.0,1.0,1820.166953322715,-0.0007217227150704275,e,above_limit_1000
317,43.0,-,3,2594.037857,1,2,0.0,0.0,0.0,1.0,2594.037218866324,0.0006381336756930978,e,above_limit_1000
318,43.0,-,4,3358.5680547,1,3,0.0,0.0,0.0,1.0,3358.566275501872,0.0017791981281334301,e,above_limit_1000
319,43.0,-,5,4113.8709985,1,4,0.0,0.0,0.0,1.0,4113.869794195642,0.0012043043579978985,e,above_limit_1000
320,43.0,-,6,4860.0618126,1,5,0.0,0.0,0.0,1.0,4860.061275413352,0.0005371866482164478,e,above_limit_1000
321,43.0,-,7,5597.2554343,1,6,0.0,0.0,0.0,1.0,5597.253530280433,0.0019040195675188443,e,above_limit_1000
322,43.0,-,8,6325.5589777,1,7,0.0,0.0,0.0,1.0,6325.559789489659,-0.0008117896595649654,e,above_limit_1000
323,43.0,-,9,7045.0979681,1,8,0.0,0.0,0.0,1.0,7045.0944897487,0.0034783513001457322,e,above_limit_1000
324,43.0,-,10,7755.9710349,1,9,0.0,0.0,0.0,1.0,7755.973785017148,-0.0027501171480253106,e,above_limit_1000
325,44.0,+,1,1084.8786424,1,0,0.0,0.0,0.0,1.0,1084.877976002559,0.0006663974409093498,e,above_limit_1000
326,44.0,+,2,1867.7731596,1,1,0.0,0.0,0.0,1.0,1867.774114886922,-0.0009552869219078275,e,above_limit_1000
327,44.0,+,3,2641.2137819,1,2,0.0,0.0,0.0,1.0,2641.212578528894,0.0012033711059302732,e,above_limit_1000
328,44.0,+,4,3405.3144817,1,3,0.0,0.0,0.0,1.0,3405.313026548994,0.0014551510062119632,e,above_limit_1000
329,44.0,+,5,4160.1924837,1,4,0.0,0.0,0.0,1.0,4160.191079331058,0.0014043689416212146,e,above_limit_1000
330,44.0,+,6,4905.960593,1,5,0.0,0.0,0.0,1.0,4905.960219227949,0.0003737720508070197,e,above_limit_1000
331,44.0,+,7,5642.7345991,1,6,0.0,0.0,0.0,1.0,5642.733267898787,0.0013312012133610551,e,above_limit_1000
332,44.0,+,8,6370.6262045,1,7,0.0,0.0,0.0,1.0,6370.62349083393,0.0027136660701216897,e,above_limit_1000
333,44.0,+,9,7089.7492258,1,8,0.0,0.0,0.0,1.0,7089.745379195329,0.003846604670798115,e,above_limit_1000
334,44.0,+,10,7800.2111303,1,9,0.0,0.0,0.0,1.0,7800.215156459479,-0.004026159478598856,e,above_limit_1000
335,45.0,-,1,1133.9951,1,0,0.0,0.0,0.0,1.0,1133.995280163508,-0.0001801635078209074,e,above_limit_1000
336,45.0,-,2,1916.446476,1,1,0.0,0.0,0.0,1.0,1916.446481593791,-5.593791001956561e-06,e,above_limit_1000
337,45.0,-,3,2689.4440851,1,2,0.0,0.0,0.0,1.0,2689.443363606926,0.0007214930737973191,e,above_limit_1000
338,45.0,-,4,3453.1073729,1,3,0.0,0.0,0.0,1.0,3453.105497816184,0.0018750838157757244,e,above_limit_1000
339,45.0,-,5,4207.5494849,1,4,0.0,0.0,0.0,1.0,4207.548452882857,0.0010320171422790736,e,above_limit_1000
340,45.0,-,6,4952.8867211,1,5,0.0,0.0,0.0,1.0,4952.885692787942,0.0010283120573149063,e,above_limit_1000
341,45.0,-,7,5689.2310198,1,6,0.0,0.0,0.0,1.0,5689.230050202071,0.0009695979288153467,e,above_limit_1000
342,45.0,-,8,6416.6984099,1,7,0.0,0.0,0.0,1.0,6416.694826483532,0.0035834164682455594,e,above_limit_1000
343,45.0,-,9,7135.3972188,1,8,0.0,0.0,0.0,1.0,7135.394568771974,0.0026500280255277175,e,above_limit_1000
344,46.0,+,1,1184.1869369,1,0,0.0,0.0,0.0,1.0,1184.186511134666,0.0004257653340573597,e,above_limit_1000
345,46.0,+,2,1966.1821775,1,1,0.0,0.0,0.0,1.0,1966.182920901921,-0.0007434019209995313,e,above_limit_1000
346,46.0,+,3,2738.7301293,1,2,0.0,0.0,0.0,1.0,2738.728443899489,0.001685400511178159,e,above_limit_1000
347,46.0,+,4,3501.943989,1,3,0.0,0.0,0.0,1.0,3501.942561568349,0.001427431650881772,e,above_limit_1000
348,46.0,+,5,4255.9420251,1,4,0.0,0.0,0.0,1.0,4255.940789712762,0.0012353872380117537,e,above_limit_1000
349,46.0,+,6,5000.8370121,1,5,0.0,0.0,0.0,1.0,5000.836573697259,0.00043840274065587437,e,above_limit_1000
350,46.0,+,7,5736.7441668,1,6,0.0,0.0,0.0,1.0,5736.742757701063,0.0014090989370743046,e,above_limit_1000
351,46.0,+,8,6463.7753006,1,7,0.0,0.0,0.0,1.0,6463.772680041478,0.0026205585218121996,e,above_limit_1000
352,46.0,+,9,7182.048374,1,8,0.0,0.0,0.0,1.0,7182.040945380069,0.007428619930578861,e,above_limit_1000
353,47.0,-,1,1235.4502561,1,0,0.0,0.0,0.0,1.0,1235.450508764276,-0.0002526642761040421,e,above_limit_1000
354,47.0,-,2,2016.9823089,1,1,0.0,0.0,0.0,1.0,2016.9822749236,3.39763998908893e-05,e,above_limit_1000
355,47.0,-,3,2789.0678157,1,2,0.0,0.0,0.0,1.0,2789.066663917377,0.0011517826233102824,e,above_limit_1000
356,47.0,-,4,3551.8251162,1,3,0.0,0.0,0.0,1.0,3551.823064841969,0.002051358031167183,e,above_limit_1000
357,47.0,-,5,4305.367679,1,4,0.0,0.0,0.0,1.0,4305.366939516729,0.0007394832709906041,e,above_limit_1000
358,47.0,-,6,5049.8125496,1,5,0.0,0.0,0.0,1.0,5049.81171446035,0.000835139650007477,e,above_limit_1000
359,47.0,-,7,5785.2716053,1,6,0.0,0.0,0.0,1.0,5785.270245877563,0.0013594224374173791,e,above_limit_1000
360,47.0,-,8,6511.8604135,1,7,0.0,0.0,0.0,1.0,6511.85591015754,0.004503342459429405,e,above_limit_1000
361,47.0,-,9,7229.686018,1,8,0.0,0.0,0.0,1.0,7229.683371048991,0.002646951009410259,e,above_limit_1000
362,48.0,+,1,1287.7863624,1,0,0.0,0.0,0.0,1.0,1287.786087485435,0.00027491456489769917,e,above_limit_1000
363,48.0,+,2,2068.8430103,1,1,0.0,0.0,0.0,1.0,2068.843360413058,-0.0003501130577205913,e,above_limit_1000
364,48.0,+,3,2840.4587247,1,2,0.0,0.0,0.0,1.0,2840.456842871442,0.001881828557998233,e,above_limit_1000
365,48.0,+,4,3602.7472137,1,3,0.0,0.0,0.0,1.0,3602.745829433793,0.001384266206969187,e,above_limit_1000
366,48.0,+,5,4355.8269443,1,4,0.0,0.0,0.0,1.0,4355.825726814101,0.0012174858993603266,e,above_limit_1000
367,48.0,+,6,5099.8099006,1,5,0.0,0.0,0.0,1.0,5099.809942471692,-4.18716917920392e-05,e,above_limit_1000
368,48.0,+,7,5834.8137261,1,6,0.0,0.0,0.0,1.0,5834.811345174374,0.0023809256263120915,e,above_limit_1000
369,48.0,+,8,6560.9456853,1,7,0.0,0.0,0.0,1.0,6560.943350518502,0.0023347814985754667,e,above_limit_1000
370,49.0,-,1,1341.1917138,1,0,0.0,0.0,0.0,1.0,1341.192036303226,-0.00032250322601612424,e,above_limit_1000
371,49.0,-,2,2121.7653746,1,1,0.0,0.0,0.0,1.0,2121.764968753666,0.0004058463341607421,e,above_limit_1000
372,49.0,-,3,2892.8991316,1,2,0.0,0.0,0.0,1.0,2892.897774660518,0.0013569394823207404,e,above_limit_1000
373,49.0,-,4,3654.7122269,1,3,0.0,0.0,0.0,1.0,3654.709651889365,0.002575010635155195,e,above_limit_1000
374,49.0,-,5,4407.3167669,1,4,0.0,0.0,0.0,1.0,4407.315950936319,0.0008159636818163563,e,above_limit_1000
375,49.0,-,6,5150.8315101,1,5,0.0,0.0,0.0,1.0,5150.830060004849,0.0014500951510854065,e,above_limit_1000
376,49.0,-,7,5885.3645028,1,6,0.0,0.0,0.0,1.0,5885.364860984951,-0.0003581849505280843,e,above_limit_1000
377,49.0,-,8,6611.0376826,1,7,0.0,0.0,0.0,1.0,6611.033809838339,0.0038727616611140547,e,above_limit_1000
378,49.0,-,9,7327.9545375,1,8,0.0,0.0,0.0,1.0,7327.951693271588,0.002844228411959193,e,above_limit_1000
379,49.0,-,10,8036.2321466,1,9,0.0,0.0,0.0,1.0,8036.235110427711,-0.0029638277110279887,e,above_limit_1000
380,50.0,+,1,1395.6674697,1,0,0.0,0.0,0.0,1.0,1395.667118781549,0.0003509184509766783,e,above_limit_1000
381,50.0,+,2,2175.7454696,1,1,0.0,0.0,0.0,1.0,2175.745865945672,-0.000396345672015741,e,above_limit_1000
382,50.0,+,3,2946.3904285,1,2,0.0,0.0,0.0,1.0,2946.388227859272,0.0022006407280059648,e,above_limit_1000
383,50.0,+,4,3707.715081,1,3,0.0,0.0,0.0,1.0,3707.713303490935,0.0017775090650502534,e,above_limit_1000
384,50.0,+,5,4459.8380289,1,4,0.0,0.0,0.0,1.0,4459.83638601544,0.0016428845592599828,e,above_limit_1000
385,50.0,+,6,5202.8712544,1,5,0.0,0.0,0.0,1.0,5202.87084420143,0.0004101985696252086,e,above_limit_1000
386,50.0,+,7,5936.9323223,1,6,0.0,0.0,0.0,1.0,5936.929573642567,0.0027486574326758273,e,above_limit_1000
387,50.0,+,8,6662.1280405,1,7,0.0,0.0,0.0,1.0,6662.126071848054,0.0019686519453898654,e,above_limit_1000
388,50.0,+,9,7378.5797337,1,8,0.0,0.0,0.0,1.0,7378.57518944065,0.004544259350041102,e,above_limit_1000
389,51.0,-,1,1451.209407,1,0,0.0,0.0,0.0,1.0,1451.21007302932,-0.0006660293199729495,e,above_limit_1000
390,51.0,-,2,2230.7856608,1,1,0.0,0.0,0.0,1.0,2230.784792592798,0.0008682072020747,e,above_limit_1000
391,51.0,-,3,3000.9281628,1,2,0.0,0.0,0.0,1.0,3000.926945705535,0.0012170944646641146,e,above_limit_1000
392,51.0,-,4,3761.7580796,1,3,0.0,0.0,0.0,1.0,3761.755530245405,0.002549354594975739,e,above_limit_1000
393,51.0,-,5,4513.3862218,1,4,0.0,0.0,0.0,1.0,4513.38578097225,0.00044082775002607377,e,above_limit_1000
394,51.0,-,6,5255.931589,1,5,0.0,0.0,0.0,1.0,5255.931047059663,0.0005419403369160136,e,above_limit_1000
395,51.0,-,7,5989.5056789,1,6,0.0,0.0,0.0,1.0,5989.504238409532,0.001440490467757627,e,above_limit_1000
396,51.0,-,8,6714.2231446,1,7,0.0,0.0,0.0,1.0,6714.218895285351,0.004249314648404834,e,above_limit_1000
397,51.0,-,9,7430.1947548,1,8,0.0,0.0,0.0,1.0,7430.189933882042,0.004820917957658821,e,above_limit_1000
398,52.0,+,1,1507.82011,1,0,0.0,0.0,0.0,1.0,1507.819611687151,0.0004983128490039235,e,above_limit_1000
399,52.0,+,2,2286.880314,1,1,0.0,0.0,0.0,1.0,2286.880463889347,-0.00014988934708526358,e,above_limit_1000
400,52.0,+,3,3056.5150219,1,2,0.0,0.0,0.0,1.0,3056.512646087643,0.0023758123570587486,e,above_limit_1000
401,52.0,+,4,3816.8363246,1,3,0.0,0.0,0.0,1.0,3816.835052871968,0.0012717280319520796,e,above_limit_1000
402,52.0,+,5,4567.964088,1,4,0.0,0.0,0.0,1.0,4567.962859504497,0.0012284955028007971,e,above_limit_1000
403,52.0,+,6,5310.0092371,1,5,0.0,0.0,0.0,1.0,5310.009395422924,-0.00015832292410777882,e,above_limit_1000
404,52.0,+,7,6043.0894021,1,6,0.0,0.0,0.0,1.0,6043.087585466204,0.0018166337968068547,e,above_limit_1000
405,52.0,+,8,6767.3151737,1,7,0.0,0.0,0.0,1.0,6767.311013884087,0.004159815913226339,e,above_limit_1000
406,53.0,-,1,1565.4935273,1,0,0.0,0.0,0.0,1.0,1565.49442191252,-0.0008946125199145172,e,above_limit_1000
407,53.0,-,2,2344.0328223,1,1,0.0,0.0,0.0,1.0,2344.031569606184,0.0012526938162409351,e,above_limit_1000
408,53.0,-,3,3113.1455059,1,2,0.0,0.0,0.0,1.0,3113.144021530922,0.0014843690778434393,e,above_limit_1000
409,53.0,-,4,3872.9532429,1,3,0.0,0.0,0.0,1.0,3872.950566789115,0.0026761108852042526,e,above_limit_1000
410,53.0,-,5,4623.5667267,1,4,0.0,0.0,0.0,1.0,4623.566320074134,0.00040662586616235785,e,above_limit_1000
411,53.0,-,6,5365.1057503,1,5,0.0,0.0,0.0,1.0,5365.104590967704,0.0011593322960834485,e,above_limit_1000
412,53.0,-,7,6097.6790819,1,6,0.0,0.0,0.0,1.0,6097.678319899329,0.0007620006708748406,e,above_limit_1000
413,53.0,-,8,7536.3934215,1,8,0.0,0.0,0.0,1.0,7536.388092765229,0.005328734770955634,e,above_limit_1000
414,54.0,+,1,1624.233534,1,0,0.0,0.0,0.0,1.0,1624.233165365829,0.0003686341708544205,e,above_limit_1000
415,54.0,+,2,2402.2369662,1,1,0.0,0.0,0.0,1.0,2402.236774077168,0.00019212283223168924,e,above_limit_1000
416,54.0,+,3,3170.8225202,1,2,0.0,0.0,0.0,1.0,3170.819739184667,0.0027810153328573506,e,above_limit_1000
417,54.0,+,4,3930.1020471,1,3,0.0,0.0,0.0,1.0,3930.100742101849,0.001304998151226755,e,above_limit_1000
418,54.0,+,5,4680.1962704,1,4,0.0,0.0,0.0,1.0,4680.194835895116,0.0014345048839459196,e,above_limit_1000
419,54.0,+,6,5421.2150379,1,5,0.0,0.0,0.0,1.0,5421.215310191507,-0.00027229150691709947,e,above_limit_1000
420,54.0,+,7,6153.2769433,1,6,0.0,0.0,0.0,1.0,6153.275121690696,0.0018216093039882253,e,above_limit_1000
421,54.0,+,8,6876.4910564,1,7,0.0,0.0,0.0,1.0,6876.487946416895,0.003109983104877756,e,above_limit_1000
422,54.0,+,9,7590.9723726,1,8,0.0,0.0,0.0,1.0,7590.968907463963,0.0034651360374482465,e,above_limit_1000
423,55.0,-,1,1684.0334287,1,0,0.0,0.0,0.0,1.0,1684.034478195337,-0.001049495336928885,e,above_limit_1000
424,55.0,-,2,2461.4956618,1,1,0.0,0.0,0.0,1.0,2461.494716184775,0.0009456152251914318,e,above_limit_1000
425,55.0,-,3,3229.5402083,1,2,0.0,0.0,0.0,1.0,3229.538440808153,0.0017674918467491807,e,above_limit_1000
426,55.0,-,4,3988.2867322,1,3,0.0,0.0,0.0,1.0,3988.284223588285,0.0025086117152568477,e,above_limit_1000
427,55.0,-,5,4737.8468464,1,4,0.0,0.0,0.0,1.0,4737.847054920355,-0.00020852035504503874,e,above_limit_1000
428,55.0,-,6,5478.3408464,1,5,0.0,0.0,0.0,1.0,5478.340204400487,0.0006419995133910561,e,above_limit_1000
429,55.0,-,7,6209.8771177,1,6,0.0,0.0,0.0,1.0,6209.876645705103,0.0004719948965430376,e,above_limit_1000
430,55.0,-,8,6932.5742256,1,7,0.0,0.0,0.0,1.0,6932.570102701081,0.004122898919376894,e,above_limit_1000
431,55.0,-,9,7646.5422145,1,8,0.0,0.0,0.0,1.0,7646.535770927914,0.006443572086027416,e,above_limit_1000
432,55.0,-,10,8351.8884767,1,9,0.0,0.0,0.0,1.0,8351.890764765552,-0.0022880655524204485,e,above_limit_1000
433,56.0,+,1,1744.896674,1,0,0.0,0.0,0.0,1.0,1744.896971022028,-0.0002970220280076319,e,above_limit_1000
434,56.0,+,2,2521.8047408,1,1,0.0,0.0,0.0,1.0,2521.804009345439,0.0007314545609915513,e,above_limit_1000
435,56.0,+,3,3289.3015198,1,2,0.0,0.0,0.0,1.0,3289.29874275654,0.0027770434599005966,e,above_limit_1000
436,56.0,+,4,4047.5011499,1,3,0.0,0.0,0.0,1.0,4047.499630686025,0.0015192139753708034,e,above_limit_1000
437,56.0,+,5,4796.5229474,1,4,0.0,0.0,0.0,1.0,4796.521599828454,0.0013475715459208004,e,above_limit_1000
438,56.0,+,6,5536.4770007,1,5,0.0,0.0,0.0,1.0,5536.477899696763,-0.0008989967636807705,e,above_limit_1000
439,56.0,+,7,6267.4826687,1,6,0.0,0.0,0.0,1.0,6267.481521678248,0.0011470217523310566,e,above_limit_1000
440,56.0,+,8,6989.6497356,1,7,0.0,0.0,0.0,1.0,6989.64623882415,0.003496775850180711,e,above_limit_1000
441,56.0,+,9,7703.0902303,1,8,0.0,0.0,0.0,1.0,7703.087320903354,0.002909396645918605,e,above_limit_1000
442,57.0,-,1,1806.8183765,1,0,0.0,0.0,0.0,1.0,1806.81922892414,-0.0008524241397935839,e,above_limit_1000
443,57.0,-,2,2583.1645905,1,1,0.0,0.0,0.0,1.0,2583.163241494986,0.0013490050141626853,e,above_limit_1000
444,57.0,-,3,3350.1016657,1,2,0.0,0.0,0.0,1.0,3350.099235966715,0.002429733285225666,e,above_limit_1000
445,57.0,-,4,4107.7471976,1,3,0.0,0.0,0.0,1.0,4107.745557478324,0.0016401216753365588,e,above_limit_1000
446,57.0,-,5,4856.2172683,1,4,0.0,0.0,0.0,1.0,4856.217068010509,0.00020028949074912816,e,above_limit_1000
447,57.0,-,6,5595.6270917,1,5,0.0,0.0,0.0,1.0,5595.626996965497,9.47345033637248e-05,e,above_limit_1000
448,57.0,-,7,6326.0902612,1,6,0.0,0.0,0.0,1.0,6326.088354204499,0.0019069955005761585,e,above_limit_1000
449,57.0,-,8,7047.7188096,1,7,0.0,0.0,0.0,1.0,7047.7149633341,0.003846265900392609,e,above_limit_1000
450,58.0,+,1,1869.7991448,1,0,0.0,0.0,0.0,1.0,1869.799811421363,-0.0006666213630523998,e,above_limit_1000
451,58.0,+,2,2645.5719313,1,1,0.0,0.0,0.0,1.0,2645.570975073136,0.0009562268637637317,e,above_limit_1000
452,58.0,+,3,3411.9409824,1,2,0.0,0.0,0.0,1.0,3411.938485942478,0.002496457521829143,e,above_limit_1000
453,58.0,+,4,4169.0224138,1,3,0.0,0.0,0.0,1.0,4169.020572679758,0.0018411202427159878,e,above_limit_1000
454,58.0,+,5,4916.9325773,1,4,0.0,0.0,0.0,1.0,4916.932031556261,0.0005457437391669373,e,above_limit_1000
455,58.0,+,6,5655.7858989,1,5,0.0,0.0,0.0,1.0,5655.786071861648,-0.0001729616487864405,e,above_limit_1000
456,58.0,+,7,6385.6969746,1,6,0.0,0.0,0.0,1.0,6385.695722724115,0.0012518758858277579,e,above_limit_1000
457,58.0,+,8,7106.7790537,1,7,0.0,0.0,0.0,1.0,7106.774859706932,0.004193993067929114,e,above_limit_1000
458,58.0,+,9,7819.1457027,1,8,0.0,0.0,0.0,1.0,7819.138906500506,0.0067961994936922565,e,above_limit_1000
459,59.0,-,1,1933.8363034,1,0,0.0,0.0,0.0,1.0,1933.837252458841,-0.0009490588411154022,e,above_limit_1000
460,59.0,-,2,2709.0269311,1,1,0.0,0.0,0.0,1.0,2709.025747008219,0.0011840917813970009,e,above_limit_1000
461,59.0,-,3,3474.8176527,1,2,0.0,0.0,0.0,1.0,3474.815032739628,0.002619960372157948,e,above_limit_1000
462,59.0,-,4,4231.3255162,1,3,0.0,0.0,0.0,1.0,4231.323219621924,0.002296578075402067,e,above_limit_1000
463,59.0,-,5,4978.6655367,1,4,0.0,0.0,0.0,1.0,4978.665037239992,0.0004994600085410639,e,above_limit_1000
464,59.0,-,6,5716.9535039,1,5,0.0,0.0,0.0,1.0,5716.953674796453,-0.0001708964528006618,e,above_limit_1000
465,59.0,-,7,6446.3030668,1,6,0.0,0.0,0.0,1.0,6446.302181510433,0.0008852895671225269,e,above_limit_1000
466,59.0,-,8,7166.8285785,1,7,0.0,0.0,0.0,1.0,7166.824486334295,0.004092165704605577,e,above_limit_1000
467,60.0,+,1,1998.9289637,1,0,0.0,0.0,0.0,1.0,1998.930060390327,-0.0010966903271310002,e,above_limit_1000
468,60.0,+,2,2773.5273704,1,1,0.0,0.0,0.0,1.0,2773.526068701261,0.0013016987390983559,e,above_limit_1000
469,60.0,+,3,3538.7302192,1,2,0.0,0.0,0.0,1.0,3538.727390950582,0.002828249418143969,e,above_limit_1000
470,60.0,+,4,4294.654088,1,3,0.0,0.0,0.0,1.0,4294.652016238513,0.0020717614870591206,e,above_limit_1000
471,60.0,+,5,5041.4146979,1,4,0.0,0.0,0.0,1.0,5041.414606506424,9.139357553067384e-05,e,above_limit_1000
472,60.0,+,6,5779.1281911,1,5,0.0,0.0,0.0,1.0,5779.128330923909,-0.00013982390919409227,e,above_limit_1000
473,60.0,+,7,6507.9068437,1,6,0.0,0.0,0.0,1.0,6507.90625965677,0.0005840432295372011,e,above_limit_1000
474,60.0,+,8,7227.8667159,1,7,0.0,0.0,0.0,1.0,7227.862376511279,0.004339388720836723,e,above_limit_1000
475,61.0,-,1,2065.075116,1,0,0.0,0.0,0.0,1.0,2065.07671796177,-0.001601961770120397,e,above_limit_1000
476,61.0,-,2,2839.071964,1,1,0.0,0.0,0.0,1.0,2839.070426009844,0.0015379901560663711,e,above_limit_1000
477,61.0,-,3,3603.6768593,1,2,0.0,0.0,0.0,1.0,3603.674049688899,0.00280961110138378,e,above_limit_1000
478,61.0,-,4,4359.0073156,1,3,0.0,0.0,0.0,1.0,4359.005455050119,0.0018605498808028642,e,above_limit_1000
479,61.0,-,5,5105.1797027,1,4,0.0,0.0,0.0,1.0,5105.179235456001,0.0004672439990827115,e,above_limit_1000
480,61.0,-,6,5842.3078794,1,5,0.0,0.0,0.0,1.0,5842.308540126403,-0.0006607264031117666,e,above_limit_1000
481,61.0,-,7,6570.5078693,1,6,0.0,0.0,0.0,1.0,6570.506461063035,0.001408236964380194,e,above_limit_1000
482,61.0,-,8,7289.8893176,1,7,0.0,0.0,0.0,1.0,7289.887038423585,0.0022791764149587834,e,above_limit_1000
483,61.0,-,9,8000.5703367,1,8,0.0,0.0,0.0,1.0,8000.565940870747,0.004395829252644035,e,above_limit_1000
484,62.0,+,1,2132.2742502,1,0,0.0,0.0,0.0,1.0,2132.275682293883,-0.0014320938830678642,e,above_limit_1000
485,62.0,+,2,2905.6585997,1,1,0.0,0.0,0.0,1.0,2905.657279231517,0.0013204684832999192,e,above_limit_1000
486,62.0,+,3,3669.6563305,1,2,0.0,0.0,0.0,1.0,3669.653472573221,0.002857926779142872,e,above_limit_1000
487,62.0,+,4,4424.3837476,1,3,0.0,0.0,0.0,1.0,4424.382003149113,0.0017444508866901742,e,above_limit_1000
488,62.0,+,5,5169.9572043,1,4,0.0,0.0,0.0,1.0,5169.957394829983,-0.00019052998322877102,e,above_limit_1000
489,62.0,+,6,5906.4914186,1,5,0.0,0.0,0.0,1.0,5906.492777000717,-0.0013584007174358703,e,above_limit_1000
490,62.0,+,7,6634.1012967,1,6,0.0,0.0,0.0,1.0,6634.101264422015,3.227798424632056e-05,e,above_limit_1000
491,62.0,+,8,7352.9010664,1,7,0.0,0.0,0.0,1.0,7352.896955134672,0.004111265327992442,e,above_limit_1000
492,62.0,+,9,8063.000361,1,8,0.0,0.0,0.0,1.0,8062.995603336662,0.004757663338750717,e,above_limit_1000
493,63.0,-,1,2200.5239975,1,0,0.0,0.0,0.0,1.0,2200.52538486462,-0.0013873646198589995,e,above_limit_1000
494,63.0,-,2,2973.2864694,1,1,0.0,0.0,0.0,1.0,2973.285063087173,0.001406312826929934,e,above_limit_1000
495,63.0,-,3,3736.6669338,1,2,0.0,0.0,0.0,1.0,3736.664097711137,0.0028360888632050774,e,above_limit_1000
496,63.0,-,4,4490.7816515,1,3,0.0,0.0,0.0,1.0,4490.780102183629,0.0015493163709834334,e,above_limit_1000
497,63.0,-,5,5235.7471142,1,4,0.0,0.0,0.0,1.0,5235.747529995475,-0.0004157954745096504,e,above_limit_1000
498,63.0,-,6,5971.6782402,1,5,0.0,0.0,0.0,1.0,5971.679490843323,-0.0012506433231465053,e,above_limit_1000
499,63.0,-,7,6698.6890329,1,6,0.0,0.0,0.0,1.0,6698.689123205657,-9.03056570678018e-05,e,above_limit_1000
500,63.0,-,8,7416.893869,1,7,0.0,0.0,0.0,1.0,7416.890584572772,0.003284427228209097,e,above_limit_1000
501,63.0,-,9,8126.4060964,1,8,0.0,0.0,0.0,1.0,8126.399716669222,0.0063797307784625445,e,above_limit_1000
502,64.0,+,1,2269.8225309,1,0,0.0,0.0,0.0,1.0,2269.824231491549,-0.0017005915492518398,e,above_limit_1000
503,64.0,+,2,3041.9537907,1,1,0.0,0.0,0.0,1.0,3041.952186703759,0.001603996241101413,e,above_limit_1000
504,64.0,+,3,3804.7071438,1,2,0.0,0.0,0.0,1.0,3804.704337682585,0.002806117414820619,e,above_limit_1000
505,64.0,+,4,4558.1998158,1,3,0.0,0.0,0.0,1.0,4558.19816834172,0.0016474582798764459,e,above_limit_1000
506,64.0,+,5,5302.547448,1,4,0.0,0.0,0.0,1.0,5302.548060929671,-0.0006129296707513276,e,above_limit_1000
507,64.0,+,6,6037.8659453,1,5,0.0,0.0,0.0,1.0,6037.867105635471,-0.0011603354705584934,e,above_limit_1000
508,64.0,+,7,6764.2685131,1,6,0.0,0.0,0.0,1.0,6764.268465650706,4.744929356093053e-05,e,above_limit_1000
509,64.0,+,8,7481.8701428,1,7,0.0,0.0,0.0,1.0,7481.866359517448,0.003783282552831224,e,above_limit_1000
510,64.0,+,9,8190.7776327,1,8,0.0,0.0,0.0,1.0,8190.776718510544,0.0009141894561253139,e,above_limit_1000
511,65.0,-,1,2340.1688325,1,0,0.0,0.0,0.0,1.0,2340.170602313268,-0.0017698132678560796,e,above_limit_1000
512,65.0,-,2,3111.6586402,1,1,0.0,0.0,0.0,1.0,3111.657033596692,0.0016066033076640451,e,above_limit_1000
513,65.0,-,3,3873.7755968,1,2,0.0,0.0,0.0,1.0,3873.772579522868,0.0030172771321304026,e,above_limit_1000
514,65.0,-,4,4626.6360028,1,3,0.0,0.0,0.0,1.0,4626.634592334951,0.0014104650490480708,e,above_limit_1000
515,65.0,-,5,5370.3564379,1,4,0.0,0.0,0.0,1.0,5370.357382204341,-0.0009443043409191887,e,above_limit_1000
516,65.0,-,6,6105.0523279,1,5,0.0,0.0,0.0,1.0,6105.054020028265,-0.0016921282649491332,e,above_limit_1000
517,65.0,-,7,6830.8375557,1,6,0.0,0.0,0.0,1.0,6830.837694744437,-0.0001390444367643795,e,above_limit_1000
518,65.0,-,8,7547.8242576,1,7,0.0,0.0,0.0,1.0,7547.822687585911,0.001570014089338656,e,above_limit_1000
519,66.0,+,1,2411.5604876,1,0,0.0,0.0,0.0,1.0,2411.562851771122,-0.0023641711218260753,e,above_limit_1000
520,66.0,+,2,3182.3996145,1,1,0.0,0.0,0.0,1.0,3182.397961652169,0.0016528478308828198,e,above_limit_1000
521,66.0,+,3,3943.8702863,1,2,0.0,0.0,0.0,1.0,3943.867184705422,0.0031015945778563037,e,above_limit_1000
522,66.0,+,4,4696.088985,1,3,0.0,0.0,0.0,1.0,4696.087739381665,0.0012456183349058847,e,above_limit_1000
523,66.0,+,5,5439.172923,1,4,0.0,0.0,0.0,1.0,5439.173862969559,-0.0009399695591127966,e,above_limit_1000
524,66.0,+,6,6173.2369921,1,5,0.0,0.0,0.0,1.0,6173.238607326864,-0.0016152268644873402,e,above_limit_1000
525,66.0,+,7,6898.3948092,1,6,0.0,0.0,0.0,1.0,6898.395188209815,-0.00037900981533312006,e,above_limit_1000
526,66.0,+,8,7614.7617056,1,7,0.0,0.0,0.0,1.0,7614.757951219347,0.0037543806529356516,e,above_limit_1000
527,67.0,-,1,2483.9966598,1,0,0.0,0.0,0.0,1.0,2483.999308590146,-0.0026487901459404384,e,above_limit_1000
528,67.0,-,2,3254.1750574,1,1,0.0,0.0,0.0,1.0,3254.173303108877,0.0017542911227792501,e,above_limit_1000
529,67.0,-,3,4014.9896364,1,2,0.0,0.0,0.0,1.0,4014.986489124424,0.003147275575884123,e,above_limit_1000
530,67.0,-,4,4766.5569337,1,3,0.0,0.0,0.0,1.0,4766.555949190165,0.000984509834779601,e,above_limit_1000
531,67.0,-,5,5508.9947887,1,4,0.0,0.0,0.0,1.0,5508.995846937447,-0.0010582374470686773,e,above_limit_1000
532,67.0,-,6,6242.416944,1,5,0.0,0.0,0.0,1.0,6242.41921547526,-0.002271475260386069,e,above_limit_1000
533,67.0,-,7,6966.9392018,1,6,0.0,0.0,0.0,1.0,6966.939298490876,-9.669087648944696e-05,e,above_limit_1000
534,67.0,-,8,8389.7346568,1,8,0.0,0.0,0.0,1.0,8389.729055412383,0.005601387616479769,e,above_limit_1000
535,68.0,+,1,2557.4762601,1,0,0.0,0.0,0.0,1.0,2557.478275759676,-0.0020156596756351064,e,above_limit_1000
536,68.0,+,2,3326.9834298,1,1,0.0,0.0,0.0,1.0,3326.981364539471,0.0020652605289797066,e,above_limit_1000
537,68.0,+,3,4087.1315438,1,2,0.0,0.0,0.0,1.0,4087.12880307665,0.0027407233501435257,e,above_limit_1000
538,68.0,+,4,4838.0392357,1,3,0.0,0.0,0.0,1.0,4838.037535941243,0.0016997587572404882,e,above_limit_1000
539,68.0,+,5,5579.8203133,1,4,0.0,0.0,0.0,1.0,5579.821652365467,-0.0013390654676186386,e,above_limit_1000
540,68.0,+,6,6312.5925343,1,5,0.0,0.0,0.0,1.0,6312.594167039892,-0.001632739892556856,e,above_limit_1000
541,68.0,+,7,7036.4681846,1,6,0.0,0.0,0.0,1.0,7036.468352737025,-0.00016813702495710459,e,above_limit_1000
542,68.0,+,8,7751.5623272,1,7,0.0,0.0,0.0,1.0,7751.558688980653,0.0036382193475219538,e,above_limit_1000
543,69.0,-,1,2631.9959426,1,0,0.0,0.0,0.0,1.0,2631.998030513801,-0.002087913801005925,e,above_limit_1000
544,69.0,-,2,3400.8223474,1,1,0.0,0.0,0.0,1.0,3400.820426831651,0.0019205683493055403,e,above_limit_1000
545,69.0,-,3,4160.2956912,1,2,0.0,0.0,0.0,1.0,4160.292411243351,0.0032799566488392884,e,above_limit_1000
546,69.0,-,4,4910.5319653,1,3,0.0,0.0,0.0,1.0,4910.530788270639,0.001177029360405868,e,above_limit_1000
547,69.0,-,5,5651.6483764,1,4,0.0,0.0,0.0,1.0,5651.649572039397,-0.0011956393964283052,e,above_limit_1000
548,69.0,-,6,6383.7598912,1,5,0.0,0.0,0.0,1.0,6383.761759193557,-0.0018679935565160122,e,above_limit_1000
549,69.0,-,7,7106.9807037,1,6,0.0,0.0,0.0,1.0,7106.980652788086,5.0911913604068104e-05,e,above_limit_1000
550,69.0,-,8,7821.4261579,1,7,0.0,0.0,0.0,1.0,7821.420801982515,0.005355917485758255,e,above_limit_1000
551,69.0,-,9,8527.204278,1,8,0.0,0.0,0.0,1.0,8527.198617345768,0.005660654231178341,e,above_limit_1000
552,70.0,+,1,2707.5544302,1,0,0.0,0.0,0.0,1.0,2707.556824311378,-0.0023941113781802414,e,above_limit_1000
553,70.0,+,2,3475.6906942,1,1,0.0,0.0,0.0,1.0,3475.688745169078,0.0019490309218781476,e,above_limit_1000
554,70.0,+,3,4234.4786658,1,2,0.0,0.0,0.0,1.0,4234.475572671711,0.0030931282890378498,e,above_limit_1000
555,70.0,+,4,4984.0353814,1,3,0.0,0.0,0.0,1.0,4984.033969251053,0.0014121489466560888,e,above_limit_1000
556,70.0,+,5,5724.4763783,1,4,0.0,0.0,0.0,1.0,5724.477873256052,-0.0014949560518289218,e,above_limit_1000
557,70.0,+,6,6455.9187769,1,5,0.0,0.0,0.0,1.0,6455.920263698728,-0.0014867987283651019,e,above_limit_1000
558,70.0,+,7,7178.4727828,1,6,0.0,0.0,0.0,1.0,7178.474475158182,-0.0016923581824812572,e,above_limit_1000
559,70.0,+,8,7892.2594956,1,7,0.0,0.0,0.0,1.0,7892.255128268056,0.00436733194419503,e,above_limit_1000
560,70.0,+,9,8597.3804885,1,8,0.0,0.0,0.0,1.0,8597.378736012397,0.0017524876038805814,e,above_limit_1000
561,71.0,-,1,2784.1503049,1,0,0.0,0.0,0.0,1.0,2784.152882815384,-0.002577915384335938,e,above_limit_1000
562,71.0,-,2,3551.5869223,1,1,0.0,0.0,0.0,1.0,3551.584549011343,0.0023732886570542178,e,above_limit_1000
563,71.0,-,3,4309.6800014,1,2,0.0,0.0,0.0,1.0,4309.676520755709,0.003480644290903001,e,above_limit_1000
564,71.0,-,4,5058.5468375,1,3,0.0,0.0,0.0,1.0,5058.545316373853,0.0015211261470540194,e,above_limit_1000
565,71.0,-,5,5798.3039699,1,4,0.0,0.0,0.0,1.0,5798.304797805726,-0.0008279057256004307,e,above_limit_1000
566,71.0,-,6,6529.0651208,1,5,0.0,0.0,0.0,1.0,6529.067926890921,-0.002806090920785209,e,above_limit_1000
567,71.0,-,7,7250.9488492,1,6,0.0,0.0,0.0,1.0,7250.948071019939,0.0007781800613884116,e,above_limit_1000
568,71.0,-,8,7964.0600848,1,7,0.0,0.0,0.0,1.0,7964.059924182036,0.00016061796395661077,e,above_limit_1000
569,72.0,+,1,2861.7820451,1,0,0.0,0.0,0.0,1.0,2861.784405872233,-0.0023607722332599224,e,above_limit_1000
570,72.0,+,2,3628.5083083,1,1,0.0,0.0,0.0,1.0,3628.506042074463,0.002266225536914135,e,above_limit_1000
571,72.0,+,3,4385.8971977,1,2,0.0,0.0,0.0,1.0,4385.893463217062,0.0037344829379435396,e,above_limit_1000
572,72.0,+,4,5134.0643884,1,3,0.0,0.0,0.0,1.0,5134.063041530452,0.0013468695478877635,e,above_limit_1000
573,72.0,+,5,5873.1272117,1,4,0.0,0.0,0.0,1.0,5873.128561954051,-0.0013502540514309658,e,above_limit_1000
574,72.0,+,6,6603.2003484,1,5,0.0,0.0,0.0,1.0,6603.202969661128,-0.002621261128297192,e,above_limit_1000
575,72.0,+,7,7324.3988473,1,6,0.0,0.0,0.0,1.0,7324.399666188098,-0.000818888098365278,e,above_limit_1000
576,72.0,+,8,8036.8344161,1,7,0.0,0.0,0.0,1.0,8036.83342080524,0.0009952947602869244,e,above_limit_1000
577,72.0,+,9,8740.622561,1,8,0.0,0.0,0.0,1.0,8740.620958180001,0.0016028199988795677,e,above_limit_1000
578,73.0,-,1,2940.4464458,1,0,0.0,0.0,0.0,1.0,2940.449567490742,-0.0031216907418638584,e,above_limit_1000
579,73.0,-,2,3706.4543923,1,1,0.0,0.0,0.0,1.0,3706.451402310232,0.002989989768138912,e,above_limit_1000
580,73.0,-,3,4463.1280818,1,2,0.0,0.0,0.0,1.0,4463.124582085451,0.003499714548524935,e,above_limit_1000
581,73.0,-,4,5210.5865591,1,3,0.0,0.0,0.0,1.0,5210.585330993324,0.0012281066765353899,e,above_limit_1000
582,73.0,-,5,5948.9455307,1,4,0.0,0.0,0.0,1.0,5948.947356424053,-0.001825724053560407,e,above_limit_1000
583,73.0,-,6,6678.3200141,1,5,0.0,0.0,0.0,1.0,6678.323587438798,-0.003573338798560144,e,above_limit_1000
584,73.0,-,7,7398.8255574,1,6,0.0,0.0,0.0,1.0,7398.827461102947,-0.0019037029469473055,e,above_limit_1000
585,73.0,-,8,8110.5765248,1,7,0.0,0.0,0.0,1.0,8110.573823938596,0.002700861403354793,e,above_limit_1000
586,74.0,+,1,3020.1447685,1,0,0.0,0.0,0.0,1.0,3020.146515820347,-0.0017473203470217413,e,above_limit_1000
587,74.0,+,2,3785.4212095,1,1,0.0,0.0,0.0,1.0,3785.418781885604,0.002427614395855926,e,above_limit_1000
588,74.0,+,3,4541.3721353,1,2,0.0,0.0,0.0,1.0,4541.368033678534,0.004101621466361394,e,above_limit_1000
589,74.0,+,4,5288.1114902,1,3,0.0,0.0,0.0,1.0,5288.110345396663,0.0011448033365013544,e,above_limit_1000
590,74.0,+,5,6025.7574721,1,4,0.0,0.0,0.0,1.0,6025.759346377263,-0.001874277262686519,e,above_limit_1000
591,74.0,+,6,6754.4248991,1,5,0.0,0.0,0.0,1.0,6754.427950173743,-0.0030510737424265244,e,above_limit_1000
592,74.0,+,7,7474.2285023,1,6,0.0,0.0,0.0,1.0,7474.229630813567,-0.001128513566982292,e,above_limit_1000
593,74.0,+,8,8185.2812144,1,7,0.0,0.0,0.0,1.0,8185.279314087795,0.0019003122051799437,e,above_limit_1000
594,75.0,-,9,3100.8702485,1,0,0.0,0.0,0.0,1.0,3100.87337312927,-0.003124629270132573,e,above_limit_1000
595,75.0,-,1,3865.4098922,1,1,0.0,0.0,0.0,1.0,3865.406307161498,0.003585038502023963,e,above_limit_1000
596,75.0,-,2,4620.6255004,1,2,0.0,0.0,0.0,1.0,4620.621948581548,0.0035518184522516094,e,above_limit_1000
597,75.0,-,3,5366.6377967,1,3,0.0,0.0,0.0,1.0,5366.636219716901,0.001576983098857454,e,above_limit_1000
598,75.0,-,4,6103.5608643,1,4,0.0,0.0,0.0,1.0,6103.562671395096,-0.001807095096410194,e,above_limit_1000
599,75.0,-,5,6831.5113714,1,5,0.0,0.0,0.0,1.0,6831.514202318278,-0.002830918278050376,e,above_limit_1000
600,75.0,-,6,7550.6028453,1,6,0.0,0.0,0.0,1.0,7550.604324960842,-0.0014796608420510893,e,above_limit_1000
601,75.0,-,7,8260.9476993,1,7,0.0,0.0,0.0,1.0,8260.948046447047,-0.0003471470463409787,e,above_limit_1000
602,76.0,+,1,3182.6256455,1,0,0.0,0.0,0.0,1.0,3182.628235782187,-0.002590282187156845,e,above_limit_1000
603,76.0,+,2,3946.4144566,1,1,0.0,0.0,0.0,1.0,3946.412078671481,0.002377928518853878,e,above_limit_1000
604,76.0,+,3,4700.8887381,1,2,0.0,0.0,0.0,1.0,4700.884431626673,0.004306473327233107,e,above_limit_1000
605,76.0,+,4,5446.1622788,1,3,0.0,0.0,0.0,1.0,5446.161063252346,0.0012155476542830002,e,above_limit_1000
606,76.0,+,5,6182.3536927,1,4,0.0,0.0,0.0,1.0,6182.355445459361,-0.001752759361806966,e,above_limit_1000
607,76.0,+,6,6909.5778426,1,5,0.0,0.0,0.0,1.0,6909.580462808788,-0.0026202087883575587,e,above_limit_1000
608,76.0,+,7,7627.9467273,1,6,0.0,0.0,0.0,1.0,7627.949667759776,-0.002940459776255011,e,above_limit_1000
609,76.0,+,8,8337.5800487,1,7,0.0,0.0,0.0,1.0,8337.578150882873,0.0018978171265189303,e,above_limit_1000
610,77.0,-,1,3265.4059396,1,0,0.0,0.0,0.0,1.0,3265.409174217479,-0.0032346174793929094,e,above_limit_1000
611,77.0,-,2,4028.4377894,1,1,0.0,0.0,0.0,1.0,4028.434171099845,0.0036183001548124594,e,above_limit_1000
612,77.0,-,3,4782.1574067,1,2,0.0,0.0,0.0,1.0,4782.153561871898,0.003844828102046449,e,above_limit_1000
613,77.0,-,4,5526.6843137,1,3,0.0,0.0,0.0,1.0,5526.682959603301,0.001354096698378271,e,above_limit_1000
614,77.0,-,5,6262.1336543,1,4,0.0,0.0,0.0,1.0,6262.135756932898,-0.002102632898640877,e,above_limit_1000
615,77.0,-,6,6988.6209715,1,5,0.0,0.0,0.0,1.0,6988.62482504705,-0.0038535470494025503,e,above_limit_1000
616,77.0,-,7,7706.2604077,1,6,0.0,0.0,0.0,1.0,7706.263757982146,-0.003350282146129757,e,above_limit_1000
617,78.0,+,1,3349.2115765,1,0,0.0,0.0,0.0,1.0,3349.214232924035,-0.0026564240351945045,e,above_limit_1000
618,78.0,+,2,4111.4737342,1,1,0.0,0.0,0.0,1.0,4111.47063325927,0.003100940730291768,e,above_limit_1000
619,78.0,+,3,4864.4319361,1,2,0.0,0.0,0.0,1.0,4864.427392579559,0.0045435204410750885,e,above_limit_1000
620,78.0,+,4,5608.200967,1,3,0.0,0.0,0.0,1.0,5608.199966650983,0.0010003490169765428,e,above_limit_1000
621,78.0,+,5,6342.8992083,1,4,0.0,0.0,0.0,1.0,6342.901668539648,-0.002460239647916751,e,above_limit_1000
622,78.0,+,6,7068.6418111,1,5,0.0,0.0,0.0,1.0,7068.645356881275,-0.00354578127462446,e,above_limit_1000
623,78.0,+,7,7785.5440685,1,6,0.0,0.0,0.0,1.0,7785.544668938346,-0.0006004383458275697,e,above_limit_1000
624,78.0,+,8,8493.7151569,1,7,0.0,0.0,0.0,1.0,8493.714868712912,0.0002881870877899928,e,above_limit_1000
625,79.0,-,1,3434.0375834,1,0,0.0,0.0,0.0,1.0,3434.041430417833,-0.003847017832868005,e,above_limit_1000
626,79.0,-,2,4195.5234968,1,1,0.0,0.0,0.0,1.0,4195.519488068294,0.004008731706562685,e,above_limit_1000
627,79.0,-,3,4947.7080757,1,2,0.0,0.0,0.0,1.0,4947.703951194356,0.004124505644540477,e,above_limit_1000
628,79.0,-,4,5690.7120385,1,3,0.0,0.0,0.0,1.0,5690.71011653655,0.0019219634496039362,e,above_limit_1000
629,79.0,-,5,6424.6485846,1,4,0.0,0.0,0.0,1.0,6424.651217344308,-0.00263274430835736,e,above_limit_1000
630,79.0,-,6,7149.637121,1,5,0.0,0.0,0.0,1.0,7149.640100586835,-0.002979586834953807,e,above_limit_1000
631,79.0,-,7,7865.786412,1,6,0.0,0.0,0.0,1.0,7865.790448459345,-0.004036459344206378,e,above_limit_1000
632,79.0,-,8,8573.2208335,1,7,0.0,0.0,0.0,1.0,8573.217615052125,0.0032184478750423295,e,above_limit_1000
633,80.0,+,1,3519.8860832,1,0,0.0,0.0,0.0,1.0,3519.888759217879,-0.002676017878911807,e,above_limit_1000
634,80.0,+,2,4280.582247,1,1,0.0,0.0,0.0,1.0,4280.578732528292,0.003514471708513156,e,above_limit_1000
635,80.0,+,3,5031.9861659,1,2,0.0,0.0,0.0,1.0,5031.981239321407,0.004926578592858277,e,above_limit_1000
636,80.0,+,4,5774.2124043,1,3,0.0,0.0,0.0,1.0,5774.21141563986,0.0009886601401376538,e,above_limit_1000
637,80.0,+,5,6507.3798203,1,4,0.0,0.0,0.0,1.0,6507.382414731917,-0.002594431917714246,e,above_limit_1000
638,80.0,+,6,7231.6029937,1,5,0.0,0.0,0.0,1.0,7231.607072846677,-0.004079146676303935,e,above_limit_1000
639,80.0,+,7,7946.9973877,1,6,0.0,0.0,0.0,1.0,7946.999118878161,-0.0017311781612079358,e,above_limit_1000
640,81.0,-,1,3606.7505802,1,0,0.0,0.0,0.0,1.0,3606.754185821952,-0.003605621951919602,e,above_limit_1000
641,81.0,-,2,4366.650945,1,1,0.0,0.0,0.0,1.0,4366.646337699923,0.004607300077623222,e,above_limit_1000
642,81.0,-,3,5117.2614645,1,2,0.0,0.0,0.0,1.0,5117.257232703417,0.00423179658355366,e,above_limit_1000
643,81.0,-,4,5858.7031071,1,3,0.0,0.0,0.0,1.0,5858.701844557393,0.001262542607037176,e,above_limit_1000
644,81.0,-,5,6591.0893262,1,4,0.0,0.0,0.0,1.0,6591.093246386873,-0.003920186873074272,e,above_limit_1000
645,81.0,-,6,7314.5399986,1,5,0.0,0.0,0.0,1.0,7314.544264731323,-0.004266131322765432,e,above_limit_1000
646,81.0,-,7,8029.1641316,1,6,0.0,0.0,0.0,1.0,8029.16867701099,-0.0045454109904312645,e,above_limit_1000
647,82.0,+,1,3694.6329192,1,0,0.0,0.0,0.0,1.0,3694.635650681735,-0.0027314817352817045,e,above_limit_1000
648,82.0,+,2,4453.7246098,1,1,0.0,0.0,0.0,1.0,4453.720248679517,0.004361120482826664,e,above_limit_1000
649,82.0,+,3,5203.5353908,1,2,0.0,0.0,0.0,1.0,5203.529881197735,0.005509602264282876,e,above_limit_1000
650,82.0,+,4,5944.1793467,1,3,0.0,0.0,0.0,1.0,5944.179358080321,-1.138032166636549e-05,e,above_limit_1000
651,82.0,+,5,6675.7796208,1,4,0.0,0.0,0.0,1.0,6675.781672271635,-0.002051471635240887,e,above_limit_1000
652,82.0,+,6,7398.4443318,1,5,0.0,0.0,0.0,1.0,7398.449641678774,-0.005309878773914534,e,above_limit_1000
653,82.0,+,7,8112.2952634,1,6,0.0,0.0,0.0,1.0,8112.297094138257,-0.0018307382570128539,e,above_limit_1000
654,83.0,-,1,3783.5273735,1,0,0.0,0.0,0.0,1.0,3783.5310681778,-0.003694677800012869,e,above_limit_1000
655,83.0,-,2,4541.8027507,1,1,0.0,0.0,0.0,1.0,4541.798384574608,0.004366125392152753,e,above_limit_1000
656,83.0,-,3,5290.8015102,1,2,0.0,0.0,0.0,1.0,5290.797108753007,0.004401446993142599,e,above_limit_1000
657,83.0,-,4,6030.6438053,1,3,0.0,0.0,0.0,1.0,6030.641885171827,0.001920128172969271,e,above_limit_1000
658,83.0,-,5,6761.4416485,1,4,0.0,0.0,0.0,1.0,6761.445626605345,-0.0039781053446859005,e,above_limit_1000
659,83.0,-,6,7483.3173429,1,5,0.0,0.0,0.0,1.0,7483.321143473946,-0.003800573946136865,e,above_limit_1000
660,83.0,-,7,8196.381661,1,6,0.0,0.0,0.0,1.0,8196.38231598529,-0.0006549852896569064,e,above_limit_1000
661,84.0,+,1,3873.4349466,1,0,0.0,0.0,0.0,1.0,3873.438326593791,-0.003379993790986191,e,above_limit_1000
662,84.0,+,2,4630.8825354,1,1,0.0,0.0,0.0,1.0,4630.878638479447,0.003896920553415839,e,above_limit_1000
663,84.0,+,3,5379.0619695,1,2,0.0,0.0,0.0,1.0,5379.056813385422,0.005156114577403059,e,above_limit_1000
664,84.0,+,4,6118.0879774,1,3,0.0,0.0,0.0,1.0,6118.087328944358,0.0006484556424766197,e,above_limit_1000
665,84.0,+,5,6848.0801182,1,4,0.0,0.0,0.0,1.0,6848.083017841511,-0.002899641511248774,e,above_limit_1000
666,84.0,+,6,7569.1532599,1,5,0.0,0.0,0.0,1.0,7569.156684227662,-0.0034243276613779017,e,above_limit_1000
667,84.0,+,7,8281.4237161,1,6,0.0,0.0,0.0,1.0,8281.422262702612,0.0014533973881043494,e,above_limit_1000
668,85.0,-,1,3964.3510646,1,0,0.0,0.0,0.0,1.0,3964.355288090551,-0.00422349055088489,e,above_limit_1000
669,85.0,-,2,4720.9637514,1,1,0.0,0.0,0.0,1.0,4720.958877449917,0.004873950082583178,e,above_limit_1000
670,85.0,-,3,5468.3109565,1,2,0.0,0.0,0.0,1.0,5468.306867154439,0.004089345561624214,e,above_limit_1000
671,85.0,-,4,6206.5147112,1,3,0.0,0.0,0.0,1.0,6206.513566636119,0.0011445638810982928,e,above_limit_1000
672,85.0,-,5,6935.6890902,1,4,0.0,0.0,0.0,1.0,6935.691728646098,-0.002638446098899294,e,above_limit_1000
673,85.0,-,6,7655.9545944,1,5,0.0,0.0,0.0,1.0,7655.954152355685,0.0004420443146955222,e,above_limit_1000
674,86.0,+,1,4056.2763702,1,0,0.0,0.0,0.0,1.0,4056.279788679514,-0.003418479513584316,e,above_limit_1000
675,86.0,+,2,4812.0403398,1,1,0.0,0.0,0.0,1.0,4812.036942477945,0.0033973220552070416,e,above_limit_1000
676,86.0,+,3,5558.5501387,1,2,0.0,0.0,0.0,1.0,5558.545116138267,0.005022561733312614,e,above_limit_1000
677,86.0,+,4,6295.9183306,1,3,0.0,0.0,0.0,1.0,6295.91844958769,-0.00011898768934770487,e,above_limit_1000
678,86.0,+,5,7024.2677695,1,4,0.0,0.0,0.0,1.0,7024.269615874614,-0.0018463746137058479,e,above_limit_1000
679,86.0,+,6,7743.7054861,1,5,0.0,0.0,0.0,1.0,7743.711410557023,-0.005924457022956631,e,above_limit_1000
680,87.0,-,1,4149.2043115,1,0,0.0,0.0,0.0,1.0,4149.209638196048,-0.005326696048541635,e,above_limit_1000
681,87.0,-,2,4904.1157576,1,1,0.0,0.0,0.0,1.0,4904.110648465745,0.005109134254780656,e,above_limit_1000
682,87.0,-,3,5649.7730126,1,2,0.0,0.0,0.0,1.0,5649.769380408867,0.0036321911329650902,e,above_limit_1000
683,87.0,-,4,6386.3022755,1,3,0.0,0.0,0.0,1.0,6386.299803217727,0.0024722822736293892,e,above_limit_1000
684,87.0,-,5,7113.8099907,1,4,0.0,0.0,0.0,1.0,7113.814510549165,-0.004519849165262713,e,above_limit_1000
685,87.0,-,6,7832.4213687,1,5,0.0,0.0,0.0,1.0,7832.426295792304,-0.004927092303660174,e,above_limit_1000
686,88.0,+,1,4243.1392135,1,0,0.0,0.0,0.0,1.0,4243.142620271782,-0.003406771782465512,e,above_limit_1000
687,88.0,+,2,4997.1816798,1,1,0.0,0.0,0.0,1.0,4997.177784199437,0.0038956005628278945,e,above_limit_1000
688,88.0,+,3,5741.9828022,1,2,0.0,0.0,0.0,1.0,5741.977454006592,0.005348193408281077,e,above_limit_1000
689,88.0,+,4,6477.6551288,1,3,0.0,0.0,0.0,1.0,6477.65542699865,-0.0002981986499435152,e,above_limit_1000
690,88.0,+,5,7204.3220025,1,4,0.0,0.0,0.0,1.0,7204.324217835129,-0.002215335129221785,e,above_limit_1000
691,89.0,-,1,4338.0729301,1,0,0.0,0.0,0.0,1.0,4338.076492307144,-0.0035622071436591796,e,above_limit_1000
692,89.0,-,2,5091.2418314,1,1,0.0,0.0,0.0,1.0,5091.236112322206,0.005719077793401084,e,above_limit_1000
693,89.0,-,3,5835.1715858,1,2,0.0,0.0,0.0,1.0,5835.16710491426,0.004480885740122176,e,above_limit_1000
694,89.0,-,4,6569.9853993,1,3,0.0,0.0,0.0,1.0,6569.983094431773,0.002304868226929102,e,above_limit_1000
695,89.0,-,5,7295.7927887,1,4,0.0,0.0,0.0,1.0,7295.796517017336,-0.003728317336026521,e,above_limit_1000
696,89.0,-,6,8012.7176219,1,5,0.0,0.0,0.0,1.0,8012.720166380926,-0.002544480925280368,e,above_limit_1000
697,90.0,+,1,4434.0051917,1,0,0.0,0.0,0.0,1.0,4434.00898544293,-0.0037937429297016934,e,above_limit_1000
698,90.0,+,2,5186.2884021,1,1,0.0,0.0,0.0,1.0,5186.283369307263,0.005032792737438285,e,above_limit_1000
699,90.0,+,3,5929.3424836,1,2,0.0,0.0,0.0,1.0,5929.336075031053,0.00640856894733588,e,above_limit_1000
700,90.0,+,4,6663.2809611,1,3,0.0,0.0,0.0,1.0,6663.280553022105,0.00040807789537211647,e,above_limit_1000
701,90.0,+,5,7388.2271031,1,4,0.0,0.0,0.0,1.0,7388.229161476078,-0.0020583760779118165,e,above_limit_1000
702,91.0,-,1,4530.9333757,1,0,0.0,0.0,0.0,1.0,4530.937804531722,-0.004428831721270399,e,above_limit_1000
703,91.0,-,2,5282.3234639,1,1,0.0,0.0,0.0,1.0,5282.317265430022,0.0061984699777895,e,above_limit_1000
704,91.0,-,3,6024.4874355,1,2,0.0,0.0,0.0,1.0,6024.482080145757,0.005355354242965404,e,above_limit_1000
705,91.0,-,4,6757.5466729,1,3,0.0,0.0,0.0,1.0,6757.545524252604,0.0011486473958939314,e,above_limit_1000
706,91.0,-,5,7481.6150036,1,4,0.0,0.0,0.0,1.0,7481.619878662458,-0.004875062458268076,e,above_limit_1000
707,92.0,+,1,4628.8577585,1,0,0.0,0.0,0.0,1.0,4628.860628108685,-0.002869608684704872,e,above_limit_1000
708,92.0,+,2,5379.3406884,1,1,0.0,0.0,0.0,1.0,5379.335484740194,0.0052036598053746275,e,above_limit_1000
709,92.0,+,3,6120.6093303,1,2,0.0,0.0,0.0,1.0,6120.602809909704,0.006520390295918332,e,above_limit_1000
710,92.0,+,4,6852.7764338,1,3,0.0,0.0,0.0,1.0,6852.775703558441,0.0007302415588128497,e,above_limit_1000
711,92.0,+,5,7575.962765,1,4,0.0,0.0,0.0,1.0,7575.966370073748,-0.003605073748076393,e,above_limit_1000
712,93.0,-,1,4727.7747363,1,0,0.0,0.0,0.0,1.0,4727.775108362091,-0.0003720620907188277,e,above_limit_1000
713,93.0,-,2,5477.3424485,1,1,0.0,0.0,0.0,1.0,5477.335685033122,0.006763466877600877,e,above_limit_1000
714,93.0,-,3,6217.7016968,1,2,0.0,0.0,0.0,1.0,6217.695927809273,0.005768990727119672,e,above_limit_1000
715,93.0,-,4,6948.9708866,1,3,0.0,0.0,0.0,1.0,6948.968760300107,0.0021262998934616917,e,above_limit_1000
716,93.0,-,5,7671.2618172,1,4,0.0,0.0,0.0,1.0,7671.26631122802,-0.004494028019507823,e,above_limit_1000
717,94.0,+,1,4827.6774475,1,0,0.0,0.0,0.0,1.0,4827.678871103172,-0.001423603172042931,e,above_limit_1000
718,94.0,+,2,5576.3255363,1,1,0.0,0.0,0.0,1.0,5576.315497820837,0.010038479163085867,e,above_limit_1000
719,94.0,+,3,6315.7663434,1,2,0.0,0.0,0.0,1.0,6315.759071137912,0.007272262088008574,e,above_limit_1000
720,94.0,+,4,7046.1248873,1,3,0.0,0.0,0.0,1.0,7046.122337737019,0.0025495629815850407,e,above_limit_1000
721,95.0,-,1,4928.5684155,1,0,0.0,0.0,0.0,1.0,4928.569515735501,-0.0011002355013260967,e,above_limit_1000
722,95.0,-,2,5676.27929,1,1,0.0,0.0,0.0,1.0,5676.272528302607,0.006761697393812938,e,above_limit_1000
723,95.0,-,3,6414.7999843,1,2,0.0,0.0,0.0,1.0,6414.789850967654,0.010133332345503732,e,above_limit_1000
724,95.0,-,4,7144.2358517,1,3,0.0,0.0,0.0,1.0,7144.234052999817,0.0017987001829169458,e,above_limit_1000
725,96.0,+,1,5777.2147378,1,1,0.0,0.0,0.0,1.0,5777.204355335057,0.010382464943177183,e,above_limit_1000
726,96.0,+,2,6514.7930789,1,2,0.0,0.0,0.0,1.0,6514.785852120568,0.00722677943213057,e,above_limit_1000
727,96.0,+,3,7243.3071073,1,3,0.0,0.0,0.0,1.0,7243.301497063129,0.005610236870779772,e,above_limit_1000
728,97.0,-,1,5133.3006975,1,0,0.0,0.0,0.0,1.0,5133.301716064369,-0.0010185643695876934,e,above_limit_1000
729,97.0,-,2,6615.7549644,1,2,0.0,0.0,0.0,1.0,6615.744633138947,0.010331261052670015,e,above_limit_1000
730,97.0,-,3,7343.3245056,1,3,0.0,0.0,0.0,1.0,7343.322234717069,0.002270882931043161,e,above_limit_1000
731,98.0,+,1,7444.2988213,1,3,0.0,0.0,0.0,1.0,7444.293804538847,0.005016761152546678,e,above_limit_1000
732,1.0,+,1,43950.2994,2,0,-1.0,0.0,-1.0,1.0,43950.33045148098,-0.03105148097529309,f,above_limit_1000
733,1.0,-,31,43950.3094,2,0,-1.0,0.0,-1.0,1.0,43950.330619988046,-0.021219988047960214,e,above_limit_1000
734,1.0,+,2,44742.1894,2,1,-1.0,0.0,-1.0,1.0,44742.1321865018,0.05721349819941679,f,above_limit_1000
735,1.0,-,32,44742.1394,2,1,-1.0,0.0,-1.0,1.0,44742.13235263215,0.0070473678497364745,e,above_limit_1000
736,1.0,+,3,45521.3694,2,2,-1.0,0.0,-1.0,1.0,45521.498927101864,-0.1295271018607309,f,above_limit_1000
737,1.0,-,33,45521.4694,2,2,-1.0,0.0,-1.0,1.0,45521.499090837824,-0.029690837822272442,e,above_limit_1000
738,1.0,+,5,47041.8194,2,4,-1.0,0.0,-1.0,1.0,47041.81015036278,0.009249637223547325,f,above_limit_1000
739,1.0,-,35,47041.8094,2,4,-1.0,0.0,-1.0,1.0,47041.81030916313,-0.0009091631291084923,e,above_limit_1000
740,2.0,-,1,43952.5494,2,0,-1.0,0.0,-1.0,1.0,43952.54531898835,0.004081011655216571,f,above_limit_1000
741,2.0,+,31,43952.5394,2,0,-1.0,0.0,-1.0,1.0,43952.54582448716,-0.006424487160984427,e,above_limit_1000
742,2.0,-,2,44744.3494,2,1,-1.0,0.0,-1.0,1.0,44744.32518244814,0.024217551857873332,f,above_limit_1000
743,2.0,+,32,44744.3594,2,1,-1.0,0.0,-1.0,1.0,44744.32568081673,0.033719183273206,e,above_limit_1000
744,2.0,-,3,45523.6394,2,2,-1.0,0.0,-1.0,1.0,45523.669891157726,-0.030491157725919038,f,above_limit_1000
745,2.0,+,33,45523.6594,2,2,-1.0,0.0,-1.0,1.0,45523.67038234307,-0.010982343075738754,e,above_limit_1000
746,2.0,-,4,46290.2794,2,3,-1.0,0.0,-1.0,1.0,46290.30800752072,-0.028607520718651358,f,above_limit_1000
747,2.0,+,34,46290.2894,2,3,-1.0,0.0,-1.0,1.0,46290.30849139265,-0.019091392648988403,e,above_limit_1000
748,2.0,-,5,47043.9394,2,4,-1.0,0.0,-1.0,1.0,47043.93607186468,0.0033281353244092315,f,above_limit_1000
749,2.0,+,35,47043.9594,2,4,-1.0,0.0,-1.0,1.0,47043.936548243444,0.022851756555610336,e,above_limit_1000
750,2.0,-,6,47784.2594,2,5,-1.0,0.0,-1.0,1.0,47784.244546649985,0.014853350017801858,f,above_limit_1000
751,2.0,-,7,48511.2194,2,6,-1.0,0.0,-1.0,1.0,48510.93361790891,0.2857820910940063,f,above_limit_1000
752,3.0,+,1,43955.8394,2,0,-1.0,0.0,-1.0,1.0,43955.86755608583,-0.028156085834780242,f,above_limit_1000
753,3.0,-,31,43955.8494,2,0,-1.0,0.0,-1.0,1.0,43955.868567016274,-0.019167016274877824,e,above_limit_1000
754,3.0,+,2,44747.6394,2,1,-1.0,0.0,-1.0,1.0,44747.61461173333,0.024788266673567705,f,above_limit_1000
755,3.0,-,32,44747.6594,2,1,-1.0,0.0,-1.0,1.0,44747.61560840373,0.04379159626842011,e,above_limit_1000
756,3.0,+,3,45526.9294,2,2,-1.0,0.0,-1.0,1.0,45526.926272017445,0.0031279825561796315,f,above_limit_1000
757,3.0,-,33,45526.9094,2,2,-1.0,0.0,-1.0,1.0,45526.927254321476,-0.017854321478807833,e,above_limit_1000
758,3.0,+,4,46293.4994,2,3,-1.0,0.0,-1.0,1.0,46293.530897360084,-0.031497360083449166,f,above_limit_1000
759,3.0,-,34,46293.5194,2,3,-1.0,0.0,-1.0,1.0,46293.531865037265,-0.01246503726724768,e,above_limit_1000
760,3.0,+,5,47047.1494,2,4,-1.0,0.0,-1.0,1.0,47047.12488740221,0.02451259778899839,f,above_limit_1000
761,3.0,-,35,47047.1694,2,4,-1.0,0.0,-1.0,1.0,47047.12584009298,0.04355990701878909,e,above_limit_1000
762,3.0,+,6,47787.4394,2,5,-1.0,0.0,-1.0,1.0,47787.398612704754,0.04078729524917435,f,above_limit_1000
763,3.0,-,36,47787.4194,2,5,-1.0,0.0,-1.0,1.0,47787.399549991795,0.019850008204230107,e,above_limit_1000
764,3.0,-,37,48513.9294,2,6,-1.0,0.0,-1.0,1.0,48514.053125017206,-0.12372501720528817,e,above_limit_1000
765,4.0,-,1,43960.2794,2,0,-1.0,0.0,-1.0,1.0,43960.297085775266,-0.017685775266727433,f,above_limit_1000
766,4.0,+,31,43960.2794,2,0,-1.0,0.0,-1.0,1.0,43960.29877051026,-0.019370510257431306,e,above_limit_1000
767,4.0,-,2,44752.0094,2,1,-1.0,0.0,-1.0,1.0,44752.00039679456,0.009003205443150364,f,above_limit_1000
768,4.0,+,32,44751.9994,2,1,-1.0,0.0,-1.0,1.0,44752.00205776329,-0.0026577632888802327,e,above_limit_1000
769,4.0,-,3,45531.2594,2,2,-1.0,0.0,-1.0,1.0,45531.26799141045,-0.008591410449298564,f,above_limit_1000
770,4.0,+,33,45531.2594,2,2,-1.0,0.0,-1.0,1.0,45531.26962843526,-0.010228435254248325,e,above_limit_1000
771,4.0,-,4,46297.8194,2,3,-1.0,0.0,-1.0,1.0,46297.82796075437,-0.008560754373320378,f,above_limit_1000
772,4.0,+,34,46297.7994,2,3,-1.0,0.0,-1.0,1.0,46297.829573401454,-0.030173401450156234,e,above_limit_1000
773,4.0,-,5,47051.4094,2,4,-1.0,0.0,-1.0,1.0,47051.376516914126,0.03288308587070787,f,above_limit_1000
774,4.0,+,35,47051.3794,2,4,-1.0,0.0,-1.0,1.0,47051.37810458391,0.0012954160847584717,e,above_limit_1000
775,4.0,-,6,47791.6394,2,5,-1.0,0.0,-1.0,1.0,47791.60390794488,0.035492055118083954,f,above_limit_1000
776,4.0,+,36,47791.6294,2,5,-1.0,0.0,-1.0,1.0,47791.60546994159,0.023930058407131582,e,above_limit_1000
777,4.0,-,7,48518.4694,2,6,-1.0,0.0,-1.0,1.0,48518.21018988308,0.25921011692116736,f,above_limit_1000
778,4.0,+,37,48518.1494,2,6,-1.0,0.0,-1.0,1.0,48518.21172546567,-0.06232546566752717,e,above_limit_1000
779,5.0,+,1,43965.8094,2,0,-1.0,0.0,-1.0,1.0,43965.83380539031,-0.024405390315223485,f,above_limit_1000
780,5.0,-,31,43965.8094,2,0,-1.0,0.0,-1.0,1.0,43965.83633221319,-0.02693221319350414,e,above_limit_1000
781,5.0,+,2,44757.4794,2,1,-1.0,0.0,-1.0,1.0,44757.48243421192,-0.0030342119207489304,f,above_limit_1000
782,5.0,-,32,44757.4894,2,1,-1.0,0.0,-1.0,1.0,44757.484925386285,0.004474613713682629,e,above_limit_1000
783,5.0,+,3,45536.6994,2,2,-1.0,0.0,-1.0,1.0,45536.6949449721,0.004455027898075059,f,above_limit_1000
784,5.0,-,33,45536.6994,2,2,-1.0,0.0,-1.0,1.0,45536.69740023108,0.001999768915993627,e,above_limit_1000
785,5.0,+,4,46303.1694,2,3,-1.0,0.0,-1.0,1.0,46303.199092220195,-0.029692220196011476,f,above_limit_1000
786,5.0,-,34,46303.1694,2,3,-1.0,0.0,-1.0,1.0,46303.201510912855,-0.032110912856296636,e,above_limit_1000
787,5.0,+,5,47056.6894,2,4,-1.0,0.0,-1.0,1.0,47056.69085364686,-0.0014536468588630669,f,above_limit_1000
788,5.0,-,35,47056.7294,2,4,-1.0,0.0,-1.0,1.0,47056.69323487354,0.03616512645385228,e,above_limit_1000
789,5.0,+,6,47796.8694,2,5,-1.0,0.0,-1.0,1.0,47796.86032422031,0.009075779693375807,f,above_limit_1000
790,5.0,-,36,47796.8594,2,5,-1.0,0.0,-1.0,1.0,47796.86266693716,-0.0032669371576048434,e,above_limit_1000
791,5.0,+,7,48523.6794,2,6,-1.0,0.0,-1.0,1.0,48523.407467166144,0.27193283385713585,f,above_limit_1000
792,5.0,-,37,48523.3994,2,6,-1.0,0.0,-1.0,1.0,48523.40977026187,-0.010370261865318753,e,above_limit_1000
793,6.0,-,1,43972.4594,2,0,-1.0,0.0,-1.0,1.0,43972.47758659369,-0.0181865936901886,f,above_limit_1000
794,6.0,+,31,43972.4694,2,0,-1.0,0.0,-1.0,1.0,43972.48112367629,-0.01172367628896609,e,above_limit_1000
795,6.0,-,2,44764.0794,2,1,-1.0,0.0,-1.0,1.0,44764.06059470592,0.018805294079356827,f,above_limit_1000
796,6.0,+,32,44764.0794,2,1,-1.0,0.0,-1.0,1.0,44764.06408188193,0.015318118072173093,e,above_limit_1000
797,6.0,-,3,45543.2094,2,2,-1.0,0.0,-1.0,1.0,45543.207002241405,0.0023977585951797664,f,above_limit_1000
798,6.0,+,33,45543.2194,2,2,-1.0,0.0,-1.0,1.0,45543.21043913667,0.008960863335232716,e,above_limit_1000
799,6.0,-,4,46309.6294,2,3,-1.0,0.0,-1.0,1.0,46309.644159896314,-0.014759896315808874,f,above_limit_1000
800,6.0,+,34,46309.5894,2,3,-1.0,0.0,-1.0,1.0,46309.6475455989,-0.05814559890131932,e,above_limit_1000
801,6.0,-,5,47063.1094,2,4,-1.0,0.0,-1.0,1.0,47063.067764150335,0.04163584966590861,f,above_limit_1000
802,6.0,+,35,47063.0694,2,4,-1.0,0.0,-1.0,1.0,47063.07109740049,-0.0016974004902294837,e,above_limit_1000
803,6.0,-,6,47803.1494,2,5,-1.0,0.0,-1.0,1.0,47803.16772633369,-0.01832633368758252,f,above_limit_1000
804,6.0,+,36,47803.1594,2,5,-1.0,0.0,-1.0,1.0,47803.171005670214,-0.011605670217250008,e,above_limit_1000
805,6.0,-,7,48529.9694,2,6,-1.0,0.0,-1.0,1.0,48529.643898346025,0.3255016539769713,f,above_limit_1000
806,6.0,+,37,48529.6294,2,6,-1.0,0.0,-1.0,1.0,48529.647122212715,-0.017722212716762442,e,above_limit_1000
807,7.0,+,1,43980.2194,2,0,-1.0,0.0,-1.0,1.0,43980.22827537484,-0.008875374835042749,f,above_limit_1000
808,7.0,-,31,43980.2194,2,0,-1.0,0.0,-1.0,1.0,43980.23299075455,-0.013590754548204131,e,above_limit_1000
809,7.0,+,2,44771.7694,2,1,-1.0,0.0,-1.0,1.0,44771.73472313451,0.034676865485380404,f,above_limit_1000
810,7.0,-,32,44771.7694,2,1,-1.0,0.0,-1.0,1.0,44771.73937197442,0.030028025576029904,e,above_limit_1000
811,7.0,+,3,45550.7794,2,2,-1.0,0.0,-1.0,1.0,45550.80400665715,-0.02460665714897914,f,above_limit_1000
812,7.0,-,33,45550.8394,2,2,-1.0,0.0,-1.0,1.0,45550.80858845719,0.030811542805167846,e,above_limit_1000
813,7.0,+,4,46317.1194,2,3,-1.0,0.0,-1.0,1.0,46317.16300553928,-0.043605539278360084,f,above_limit_1000
814,7.0,-,34,46317.1494,2,3,-1.0,0.0,-1.0,1.0,46317.16751908286,-0.018119082858902402,e,above_limit_1000
815,7.0,+,5,47070.5294,2,4,-1.0,0.0,-1.0,1.0,47070.507088272665,0.02231172733445419,f,above_limit_1000
816,7.0,-,35,47010.5494,2,4,-1.0,0.0,-1.0,0.0,47070.51153187969,-59.96213187968533,e,above_limit_1000
817,7.0,+,6,47810.5394,2,5,-1.0,0.0,-1.0,1.0,47810.52595203416,0.013447965844534338,f,above_limit_1000
818,7.0,-,36,47810.5694,2,5,-1.0,0.0,-1.0,1.0,47810.53032375608,0.03907624392013531,e,above_limit_1000
819,7.0,+,7,48537.2194,2,6,-1.0,0.0,-1.0,1.0,48536.919318908134,0.3000810918674688,f,above_limit_1000
820,8.0,-,1,43989.0594,2,0,-1.0,0.0,-1.0,1.0,43989.08569204628,-0.026292046284652315,f,above_limit_1000
821,8.0,+,31,43984.0694,2,0,-1.0,0.0,-1.0,1.0,43989.091753604334,-5.022353604334057,e,above_limit_1000
822,8.0,-,2,44780.5194,2,1,-1.0,0.0,-1.0,1.0,44780.5046384893,0.014761510698008351,f,above_limit_1000
823,8.0,+,32,44780.5194,2,1,-1.0,0.0,-1.0,1.0,44780.51061449947,0.008785500525846146,e,above_limit_1000
824,8.0,-,3,45559.5094,2,2,-1.0,0.0,-1.0,1.0,45559.48577555345,0.02362444655591389,f,above_limit_1000
825,8.0,+,33,45559.4794,2,2,-1.0,0.0,-1.0,1.0,45559.49166537117,-0.012265371173270978,e,above_limit_1000
826,8.0,-,4,46325.7394,2,3,-1.0,0.0,-1.0,1.0,46325.755444518465,-0.016044518466515,f,above_limit_1000
827,8.0,+,34,46325.6894,2,3,-1.0,0.0,-1.0,1.0,46325.761246578455,-0.07184657845209586,e,above_limit_1000
828,8.0,-,5,47079.0594,2,4,-1.0,0.0,-1.0,1.0,47079.00863915363,0.050760846366756596,f,above_limit_1000
829,8.0,+,35,47079.0094,2,4,-1.0,0.0,-1.0,1.0,47079.01435129508,-0.004951295079081319,e,above_limit_1000
830,8.0,-,6,47818.9394,2,5,-1.0,0.0,-1.0,1.0,47818.9348120091,0.004587990901200101,f,above_limit_1000
831,8.0,+,36,47818.9094,2,5,-1.0,0.0,-1.0,1.0,47818.94043172668,-0.031031726684886962,e,above_limit_1000
832,8.0,-,7,48545.5994,2,6,-1.0,0.0,-1.0,1.0,48545.23353689583,0.36586310416896595,f,above_limit_1000
833,8.0,+,37,48545.1894,2,6,-1.0,0.0,-1.0,1.0,48545.23906152184,-0.04966152183624217,e,above_limit_1000
834,9.0,+,1,43999.0294,2,0,-1.0,0.0,-1.0,1.0,43999.049631240065,-0.020231240065186284,f,above_limit_1000
835,9.0,-,31,43999.0394,2,0,-1.0,0.0,-1.0,1.0,43999.05720667864,-0.017806678639317397,e,above_limit_1000
836,9.0,+,2,44790.3994,2,1,-1.0,0.0,-1.0,1.0,44790.37013389158,0.029266108424053527,f,above_limit_1000
837,9.0,-,32,44790.3994,2,1,-1.0,0.0,-1.0,1.0,44790.3776023998,0.0217976002022624,e,above_limit_1000
838,9.0,+,3,45569.2794,2,2,-1.0,0.0,-1.0,1.0,45569.252100154576,0.027299845423840452,f,above_limit_1000
839,9.0,-,33,45569.2594,2,2,-1.0,0.0,-1.0,1.0,45569.259460924695,-6.092469266150147e-05,e,above_limit_1000
840,9.0,+,4,46335.3794,2,3,-1.0,0.0,-1.0,1.0,46335.42126580944,-0.04186580944224261,f,above_limit_1000
841,9.0,-,34,46335.3994,2,3,-1.0,0.0,-1.0,1.0,46335.42851688323,-0.029116883226379286,e,above_limit_1000
842,9.0,+,5,47088.5794,2,4,-1.0,0.0,-1.0,1.0,47088.572203216776,0.007196783226390835,f,above_limit_1000
843,9.0,-,35,47088.6294,2,4,-1.0,0.0,-1.0,1.0,47088.579341892444,0.05005810755392304,e,above_limit_1000
844,9.0,+,6,47828.3794,2,5,-1.0,0.0,-1.0,1.0,47828.394089875845,-0.014689875846670475,f,above_limit_1000
845,9.0,-,36,47828.4194,2,5,-1.0,0.0,-1.0,1.0,47828.40111302118,0.018286978818650823,e,above_limit_1000
846,9.0,+,7,48554.8894,2,6,-1.0,0.0,-1.0,1.0,48554.58633289971,0.30306710029253736,f,above_limit_1000
847,9.0,-,37,48554.5694,2,6,-1.0,0.0,-1.0,1.0,48554.59323718028,-0.023837180277041625,e,above_limit_1000
848,10.0,-,1,44010.1194,2,0,-1.0,0.0,-1.0,1.0,44010.11986190338,-0.00046190337889129296,f,above_limit_1000
849,10.0,+,31,44010.1194,2,0,-1.0,0.0,-1.0,1.0,44010.12911872379,-0.009718723784317262,e,above_limit_1000
850,10.0,-,2,44801.3494,2,1,-1.0,0.0,-1.0,1.0,44801.33097658705,0.018423412948322948,f,above_limit_1000
851,10.0,+,32,44801.3594,2,1,-1.0,0.0,-1.0,1.0,44801.34010272111,0.019297278893645853,e,above_limit_1000
852,10.0,-,3,45580.0794,2,2,-1.0,0.0,-1.0,1.0,45580.10274556933,-0.023345569330558646,f,above_limit_1000
853,10.0,+,33,45580.0994,2,2,-1.0,0.0,-1.0,1.0,45580.1117400266,-0.012340026602032594,e,above_limit_1000
854,10.0,-,4,46346.1294,2,3,-1.0,0.0,-1.0,1.0,46346.160231986854,-0.030831986856355797,f,above_limit_1000
855,10.0,-,5,47099.2294,2,4,-1.0,0.0,-1.0,1.0,47099.19754016119,0.031859838803939056,f,above_limit_1000
856,10.0,+,35,47099.2194,2,4,-1.0,0.0,-1.0,1.0,47099.206263170745,0.01313682925683679,e,above_limit_1000
857,10.0,-,6,47838.9094,2,5,-1.0,0.0,-1.0,1.0,47838.90354217066,0.0058578293392201886,f,above_limit_1000
858,10.0,+,36,47838.8994,2,5,-1.0,0.0,-1.0,1.0,47838.912123976035,-0.012723976033157669,e,above_limit_1000
859,10.0,-,7,48565.3594,2,6,-1.0,0.0,-1.0,1.0,48564.97746004571,0.3819399542917381,f,above_limit_1000
860,10.0,+,37,48564.9594,2,6,-1.0,0.0,-1.0,1.0,48564.98589657144,-0.026496571437746752,e,above_limit_1000
861,11.0,+,1,44022.2994,2,0,-1.0,0.0,-1.0,1.0,44022.296127293244,0.003272706759162247,f,above_limit_1000
862,11.0,-,31,44022.2894,2,0,-1.0,0.0,-1.0,1.0,44022.30723277318,-0.01783277317736065,e,above_limit_1000
863,11.0,+,2,44813.3894,2,1,-1.0,0.0,-1.0,1.0,44813.38690794062,0.0024920593787101097,f,above_limit_1000
864,11.0,-,32,44813.3994,2,1,-1.0,0.0,-1.0,1.0,44813.39785660532,0.0015433946828125045,e,above_limit_1000
865,11.0,-,33,45592.0294,2,2,-1.0,0.0,-1.0,1.0,45592.04824144112,-0.01884144112409558,e,above_limit_1000
866,11.0,+,4,46357.9394,2,3,-1.0,0.0,-1.0,1.0,46357.97207921667,-0.03267921666702023,f,above_limit_1000
867,11.0,-,34,46357.1694,2,3,-1.0,0.0,-1.0,1.0,46357.9827089886,-0.8133089886032394,e,above_limit_1000
868,11.0,+,5,47110.8894,2,4,-1.0,0.0,-1.0,1.0,47110.884382951415,0.005017048584704753,f,above_limit_1000
869,11.0,-,35,47110.9194,2,4,-1.0,0.0,-1.0,1.0,47110.89484787243,0.024552127571951132,e,above_limit_1000
870,11.0,+,6,47850.4694,2,5,-1.0,0.0,-1.0,1.0,47850.46289833736,0.006501662639493588,f,above_limit_1000
871,11.0,-,36,47850.4694,2,5,-1.0,0.0,-1.0,1.0,47850.47319381269,-0.003793812691583298,e,above_limit_1000
872,11.0,+,7,48576.7794,2,6,-1.0,0.0,-1.0,1.0,48576.40664398126,0.37275601873989217,f,above_limit_1000
873,11.0,-,37,48576.3694,2,6,-1.0,0.0,-1.0,1.0,48576.41676512008,-0.047365120073664,e,above_limit_1000
874,12.0,-,1,44035.5694,2,0,-1.0,0.0,-1.0,1.0,44035.57814497152,-0.008744971521082334,f,above_limit_1000
875,12.0,+,31,44035.5794,2,0,-1.0,0.0,-1.0,1.0,44035.59126614347,-0.011866143468068913,e,above_limit_1000
876,12.0,-,2,44826.5494,2,1,-1.0,0.0,-1.0,1.0,44826.537643430274,0.011756569729186594,f,above_limit_1000
877,12.0,+,32,44826.5694,2,1,-1.0,0.0,-1.0,1.0,44826.550579285795,0.018820714205503464,e,above_limit_1000
878,12.0,-,3,45605.0594,2,2,-1.0,0.0,-1.0,1.0,45605.05592865619,0.003471343807177618,f,above_limit_1000
879,12.0,+,33,45605.0694,2,2,-1.0,0.0,-1.0,1.0,45605.06867778058,0.0007222194180940278,e,above_limit_1000
880,12.0,-,4,46370.8494,2,3,-1.0,0.0,-1.0,1.0,46370.856517246604,-0.007117246605048422,f,above_limit_1000
881,12.0,+,34,46370.8494,2,3,-1.0,0.0,-1.0,1.0,46370.86907623606,-0.019676236057421193,e,above_limit_1000
882,12.0,-,5,47123.6494,2,4,-1.0,0.0,-1.0,1.0,47123.632437806475,0.016962193527433556,f,above_limit_1000
883,12.0,+,35,47123.6594,2,4,-1.0,0.0,-1.0,1.0,47123.64480197193,0.014598028064938262,e,above_limit_1000
884,12.0,-,6,47863.0994,2,5,-1.0,0.0,-1.0,1.0,47863.07186071472,0.027539285278180614,f,above_limit_1000
885,12.0,+,36,47863.0794,2,5,-1.0,0.0,-1.0,1.0,47863.08402462522,-0.004624625216820277,e,above_limit_1000
886,12.0,-,7,48589.3194,2,6,-1.0,0.0,-1.0,1.0,48588.87358286019,0.44581713980733184,f,above_limit_1000
887,12.0,+,37,48588.8694,2,6,-1.0,0.0,-1.0,1.0,48588.88554073561,-0.016140735606313683,e,above_limit_1000
888,13.0,+,1,44049.9594,2,0,-1.0,0.0,-1.0,1.0,44049.9656067985,-0.006206798498169519,f,above_limit_1000
889,13.0,-,31,44049.9794,2,0,-1.0,0.0,-1.0,1.0,44049.98091042668,-0.001510426685854327,e,above_limit_1000
890,13.0,+,2,44840.8094,2,1,-1.0,0.0,-1.0,1.0,44840.78287264009,0.026527359907049686,f,above_limit_1000
891,13.0,-,32,44840.8094,2,1,-1.0,0.0,-1.0,1.0,44840.79796007926,0.011439920737757348,e,above_limit_1000
892,13.0,+,3,45619.1594,2,2,-1.0,0.0,-1.0,1.0,45619.157865904635,0.0015340953614213504,f,above_limit_1000
893,13.0,-,33,45619.1594,2,2,-1.0,0.0,-1.0,1.0,45619.17273549765,-0.013335497649677563,e,above_limit_1000
894,13.0,+,4,46384.7794,2,3,-1.0,0.0,-1.0,1.0,46384.81322939675,-0.033829396750661545,f,above_limit_1000
895,13.0,-,34,46384.7994,2,3,-1.0,0.0,-1.0,1.0,46384.827877168085,-0.028477168081735726,e,above_limit_1000
896,13.0,+,5,47137.4394,2,4,-1.0,0.0,-1.0,1.0,47137.441384188365,-0.001984188362257555,f,above_limit_1000
897,13.0,-,35,47137.4694,2,4,-1.0,0.0,-1.0,1.0,47137.455804664714,0.013595335287391208,e,above_limit_1000
898,13.0,+,6,47876.7394,2,5,-1.0,0.0,-1.0,1.0,47876.73010452136,0.009295478637795895,f,above_limit_1000
899,13.0,-,36,47876.7194,2,5,-1.0,0.0,-1.0,1.0,47876.74429136538,-0.024891365377698094,e,above_limit_1000
900,13.0,+,7,48602.9194,2,6,-1.0,0.0,-1.0,1.0,48602.3779473259,0.541452674100583,f,above_limit_1000
901,13.0,-,37,48602.3494,2,6,-1.0,0.0,-1.0,1.0,48602.39189379458,-0.042493794579058886,e,above_limit_1000
902,14.0,-,1,44065.4594,2,0,-1.0,0.0,-1.0,1.0,44065.4581789265,0.0012210735003463924,f,above_limit_1000
903,14.0,+,31,44065.4794,2,0,-1.0,0.0,-1.0,1.0,44065.475831485106,0.0035685148905031383,e,above_limit_1000
904,14.0,-,2,44856.1594,2,1,-1.0,0.0,-1.0,1.0,44856.12225925304,0.037140746957447845,f,above_limit_1000
905,14.0,+,32,44856.1694,2,1,-1.0,0.0,-1.0,1.0,44856.1396623794,0.029737620599917136,e,above_limit_1000
906,14.0,-,3,45646.1294,2,2,-1.0,0.0,-1.0,1.0,45634.34292310224,11.786476897759712,f,above_limit_1000
907,14.0,+,33,45634.3694,2,2,-1.0,0.0,-1.0,1.0,45634.360074876444,0.009325123559392523,e,above_limit_1000
908,14.0,-,4,46399.7294,2,3,-1.0,0.0,-1.0,1.0,46399.84187254856,-0.1124725485642557,f,above_limit_1000
909,14.0,+,34,46399.8294,2,3,-1.0,0.0,-1.0,1.0,46399.858768377366,-0.02936837736342568,e,above_limit_1000
910,14.0,-,5,47152.3294,2,4,-1.0,0.0,-1.0,1.0,47152.31087478848,0.018525211518863216,f,above_limit_1000
911,14.0,+,35,47152.3594,2,4,-1.0,0.0,-1.0,1.0,47152.32750835337,0.03189164662762778,e,above_limit_1000
912,14.0,-,6,47891.4594,2,5,-1.0,0.0,-1.0,1.0,47891.4372778409,0.022122159098216798,f,above_limit_1000
913,14.0,+,36,47891.4194,2,5,-1.0,0.0,-1.0,1.0,47891.45364182836,-0.034241828361700755,e,above_limit_1000
914,14.0,-,7,48617.4594,2,6,-1.0,0.0,-1.0,1.0,48616.91938049333,0.5400195066686138,f,above_limit_1000
915,14.0,-,7,48616.9194,2,6,-1.0,0.0,-1.0,1.0,48616.91938049333,1.9506667740643024e-05,f,above_limit_1000
916,15.0,+,1,44082.0594,2,0,-1.0,0.0,-1.0,1.0,44082.0555017924,0.003898207600286696,f,above_limit_1000
917,15.0,-,31,44082.0794,2,0,-1.0,0.0,-1.0,1.0,44082.0756694433,0.0037305567020666786,e,above_limit_1000
918,15.0,+,2,44872.5994,2,1,-1.0,0.0,-1.0,1.0,44872.55544104295,0.043958957052382175,f,above_limit_1000
919,15.0,-,32,44872.5994,2,1,-1.0,0.0,-1.0,1.0,44872.575323648896,0.024076351102849003,e,above_limit_1000
920,15.0,+,3,45650.6094,2,2,-1.0,0.0,-1.0,1.0,45650.61073466585,-0.001334665845206473,f,above_limit_1000
921,15.0,-,33,45650.6294,2,2,-1.0,0.0,-1.0,1.0,45650.63033002247,-0.0009300224701291882,e,above_limit_1000
922,15.0,+,4,46415.9094,2,3,-1.0,0.0,-1.0,1.0,46415.94207713316,-0.03267713316017762,f,above_limit_1000
923,15.0,-,34,46415.9594,2,3,-1.0,0.0,-1.0,1.0,46415.96137998406,-0.0019799840592895634,e,above_limit_1000
924,15.0,+,5,47168.2694,2,4,-1.0,0.0,-1.0,1.0,47168.240535513585,0.028864486412203405,f,above_limit_1000
925,15.0,-,35,47168.2994,2,4,-1.0,0.0,-1.0,1.0,47168.259538633785,0.039861366218246985,e,above_limit_1000
926,15.0,+,6,47907.2094,2,5,-1.0,0.0,-1.0,1.0,47907.1930016045,0.0163983954989817,f,above_limit_1000
927,15.0,-,36,47907.1494,2,5,-1.0,0.0,-1.0,1.0,47907.21169663389,-0.06229663388512563,e,above_limit_1000
928,15.0,+,7,48633.1294,2,6,-1.0,0.0,-1.0,1.0,48632.497497928685,0.631902071312652,f,above_limit_1000
929,15.0,-,37,48632.4994,2,6,-1.0,0.0,-1.0,1.0,48632.51587597552,-0.01647597552073421,e,above_limit_1000
930,16.0,-,1,44099.7594,2,0,-1.0,0.0,-1.0,1.0,44099.75719011032,0.00220988968067104,f,above_limit_1000
931,16.0,+,31,44099.7694,2,0,-1.0,0.0,-1.0,1.0,44099.780038680765,-0.010638680767442565,e,above_limit_1000
932,16.0,-,2,44890.0994,2,1,-1.0,0.0,-1.0,1.0,44890.08202986577,0.017370134228258394,f,above_limit_1000
933,16.0,+,32,44890.1594,2,1,-1.0,0.0,-1.0,1.0,44890.10455540996,0.05484459003491793,e,above_limit_1000
934,16.0,-,3,45667.9494,2,2,-1.0,0.0,-1.0,1.0,45667.960908845445,-0.01150884544767905,f,above_limit_1000
935,16.0,+,33,45667.9894,2,2,-1.0,0.0,-1.0,1.0,45667.983108852844,0.006291147154115606,e,above_limit_1000
936,16.0,-,4,46433.1294,2,3,-1.0,0.0,-1.0,1.0,46433.11344711851,0.015952881491102744,f,above_limit_1000
937,16.0,+,34,46433.1294,2,3,-1.0,0.0,-1.0,1.0,46433.13531562359,-0.005915623594773933,e,above_limit_1000
938,16.0,-,5,47185.2594,2,4,-1.0,0.0,-1.0,1.0,47185.22996547038,0.0294345296206302,f,above_limit_1000
939,16.0,+,35,47185.2894,2,4,-1.0,0.0,-1.0,1.0,47185.251494279524,0.03790572047728347,e,above_limit_1000
940,16.0,-,6,47924.0394,2,5,-1.0,0.0,-1.0,1.0,47923.99686957298,0.042530427024757955,f,above_limit_1000
941,16.0,+,36,47923.7994,2,5,-1.0,0.0,-1.0,1.0,47924.01804920976,-0.21864920975349378,e,above_limit_1000
942,16.0,-,7,48649.8594,2,6,-1.0,0.0,-1.0,1.0,48649.111887628496,0.747512371504854,f,above_limit_1000
943,16.0,+,37,48649.1294,2,6,-1.0,0.0,-1.0,1.0,48649.132708015626,-0.003308015628135763,e,above_limit_1000
944,17.0,+,1,44118.5594,2,0,-1.0,0.0,-1.0,1.0,44118.562832862735,-0.00343286273709964,f,above_limit_1000
945,17.0,-,31,44118.5794,2,0,-1.0,0.0,-1.0,1.0,44118.58852782324,-0.009127823235758115,e,above_limit_1000
946,17.0,+,2,44908.7294,2,1,-1.0,0.0,-1.0,1.0,44908.701611650635,0.02778834936179919,f,above_limit_1000
947,17.0,-,32,44908.7294,2,1,-1.0,0.0,-1.0,1.0,44908.726943236106,0.0024567638902226463,e,above_limit_1000
948,17.0,+,3,45686.3894,2,2,-1.0,0.0,-1.0,1.0,45686.39302771375,-0.0036277137478464283,f,above_limit_1000
949,17.0,-,33,45686.4494,2,2,-1.0,0.0,-1.0,1.0,45686.41799308516,0.031406914837134536,e,above_limit_1000
950,17.0,+,4,46451.3294,2,3,-1.0,0.0,-1.0,1.0,46451.35555999599,-0.026159995984926354,f,above_limit_1000
951,17.0,-,34,46451.3794,2,3,-1.0,0.0,-1.0,1.0,46451.380152431775,-0.0007524317770730704,e,above_limit_1000
952,17.0,+,5,47203.3094,2,4,-1.0,0.0,-1.0,1.0,47203.27873694923,0.0306630507693626,f,above_limit_1000
953,17.0,-,35,47203.3294,2,4,-1.0,0.0,-1.0,1.0,47203.30294722592,0.026452774080098607,e,above_limit_1000
954,17.0,+,6,47941.8594,2,5,-1.0,0.0,-1.0,1.0,47941.848448317185,0.01095168281608494,f,above_limit_1000
955,17.0,-,36,47941.99,2,5,-1.0,0.0,-1.0,1.0,47941.872265771504,0.11773422849364579,e,above_limit_1000
956,17.0,+,7,48667.5794,2,6,-1.0,0.0,-1.0,1.0,48666.76210999641,0.8172900035933708,f,above_limit_1000
957,17.0,-,37,48666.7794,2,6,-1.0,0.0,-1.0,1.0,48666.78552329133,-0.006123291328549385,e,above_limit_1000
958,18.0,-,1,44138.4694,2,0,-1.0,0.0,-1.0,1.0,44138.47199329212,-0.0025932921198545955,f,above_limit_1000
959,18.0,+,31,44138.4994,2,0,-1.0,0.0,-1.0,1.0,44138.50069973439,-0.0012997343874303624,e,above_limit_1000
960,18.0,-,2,44928.4394,2,1,-1.0,0.0,-1.0,1.0,44928.413746389364,0.025653610638983082,f,above_limit_1000
961,18.0,+,32,44928.4694,2,1,-1.0,0.0,-1.0,1.0,44928.4420467415,0.027353258505172562,e,above_limit_1000
962,18.0,-,3,45705.9094,2,2,-1.0,0.0,-1.0,1.0,45705.90664715357,0.0027528464270289987,f,above_limit_1000
963,18.0,+,33,45705.9594,2,2,-1.0,0.0,-1.0,1.0,45705.9345382249,0.02486177509854315,e,above_limit_1000
964,18.0,-,4,46470.6694,2,3,-1.0,0.0,-1.0,1.0,46470.667966765875,0.0014332341233966872,f,above_limit_1000
965,18.0,+,34,46470.6794,2,3,-1.0,0.0,-1.0,1.0,46470.69544103218,-0.01604103217687225,e,above_limit_1000
966,18.0,-,5,47222.4194,2,4,-1.0,0.0,-1.0,1.0,47222.38639540618,0.033004593817167915,f,above_limit_1000
967,18.0,+,35,47222.4494,2,4,-1.0,0.0,-1.0,1.0,47222.41344255188,0.035957448119006585,e,above_limit_1000
968,18.0,-,6,47960.7894,2,5,-1.0,0.0,-1.0,1.0,47960.7472771967,0.04212280330102658,f,above_limit_1000
969,18.0,+,36,47960.78,2,5,-1.0,0.0,-1.0,1.0,47960.773885301176,0.006114698822784703,e,above_limit_1000
970,18.0,-,7,48686.4094,2,6,-1.0,0.0,-1.0,1.0,48685.447697818585,0.9617021814119653,f,above_limit_1000
971,18.0,+,37,48685.4594,2,6,-1.0,0.0,-1.0,1.0,48685.4738542111,-0.014454211101110559,e,above_limit_1000
972,19.0,+,1,44159.4994,2,0,-1.0,0.0,-1.0,1.0,44159.484208891095,0.015191108905128203,f,above_limit_1000
973,19.0,-,31,44159.5194,2,0,-1.0,0.0,-1.0,1.0,44159.51609150574,0.0033084942551795393,e,above_limit_1000
974,19.0,+,2,44949.2594,2,1,-1.0,0.0,-1.0,1.0,44949.21796812636,0.04143187364388723,f,above_limit_1000
975,19.0,-,32,44949.2794,2,1,-1.0,0.0,-1.0,1.0,44949.24939957078,0.030000429222127423,e,above_limit_1000
976,19.0,+,3,45726.5094,2,2,-1.0,0.0,-1.0,1.0,45726.501296845585,0.008103154417767655,f,above_limit_1000
977,19.0,-,33,45726.5394,2,2,-1.0,0.0,-1.0,1.0,45726.532273553756,0.0071264462458202615,e,above_limit_1000
978,19.0,+,4,46491.0294,2,3,-1.0,0.0,-1.0,1.0,46491.05019192155,-0.020791921553609427,f,above_limit_1000
979,19.0,-,34,46491.0694,2,3,-1.0,0.0,-1.0,1.0,46491.08070551883,-0.01130551882670261,e,above_limit_1000
980,19.0,+,5,47242.5694,2,4,-1.0,0.0,-1.0,1.0,47242.55245944478,0.016940555222390685,f,above_limit_1000
981,19.0,-,35,47242.6194,2,4,-1.0,0.0,-1.0,1.0,47242.58249846153,0.03690153847128386,e,above_limit_1000
982,19.0,+,6,47980.7094,2,5,-1.0,0.0,-1.0,1.0,47980.69286833782,0.016531662178749684,f,above_limit_1000
983,19.0,-,36,47980.71,2,5,-1.0,0.0,-1.0,1.0,47980.72241952548,-0.012419525482982863,e,above_limit_1000
984,19.0,+,7,48706.2494,2,6,-1.0,0.0,-1.0,1.0,48705.168156237814,1.0812437621862045,f,above_limit_1000
985,19.0,-,37,48705.2194,2,6,-1.0,0.0,-1.0,1.0,48705.19720551796,0.022194482044142205,e,above_limit_1000
986,20.0,-,1,44181.6194,2,0,-1.0,0.0,-1.0,1.0,44181.598991392566,0.02040860743727535,f,above_limit_1000
987,20.0,+,31,44181.6394,2,0,-1.0,0.0,-1.0,1.0,44181.634214447295,0.005185552705370355,e,above_limit_1000
988,20.0,-,2,44971.1594,2,1,-1.0,0.0,-1.0,1.0,44971.11378494715,0.0456150528480066,f,above_limit_1000
989,20.0,+,32,44971.1694,2,1,-1.0,0.0,-1.0,1.0,44971.148509387494,0.020890612504445016,e,above_limit_1000
990,20.0,-,3,45748.1894,2,2,-1.0,0.0,-1.0,1.0,45748.17648025487,0.012919745131512173,f,above_limit_1000
991,20.0,+,33,45748.2194,2,2,-1.0,0.0,-1.0,1.0,45748.210702115284,0.008697884717548732,e,above_limit_1000
992,20.0,-,4,46512.4994,2,3,-1.0,0.0,-1.0,1.0,46512.501733433375,-0.002333433374587912,f,above_limit_1000
993,20.0,+,34,46512.5494,2,3,-1.0,0.0,-1.0,1.0,46512.53544344125,0.013956558752397541,e,above_limit_1000
994,20.0,-,5,47263.7994,2,4,-1.0,0.0,-1.0,1.0,47263.77642079559,0.022979204411967658,f,above_limit_1000
995,20.0,+,35,47263.8394,2,4,-1.0,0.0,-1.0,1.0,47263.80960626415,0.029793735848215874,e,above_limit_1000
996,20.0,-,6,48001.7294,2,5,-1.0,0.0,-1.0,1.0,48001.68470660998,0.04469339001661865,f,above_limit_1000
997,20.0,+,36,48001.69,2,5,-1.0,0.0,-1.0,1.0,48001.71735289235,-0.027352892349881586,e,above_limit_1000
998,20.0,-,7,48725.3994,2,6,-1.0,0.0,-1.0,1.0,48725.922962725555,-0.5235627255533473,f,above_limit_1000
999,20.0,+,37,48725.9694,2,6,-1.0,0.0,-1.0,1.0,48725.955054261336,0.014345738665724639,e,above_limit_1000
1000,21.0,+,1,44204.8294,2,0,-1.0,0.0,-1.0,1.0,44204.81582675897,0.013573241034464445,f,above_limit_1000
1001,21.0,-,31,44204.8394,2,0,-1.0,0.0,-1.0,1.0,44204.8545540763,-0.015154076303588226,e,above_limit_1000
1002,21.0,+,2,44994.1294,2,1,-1.0,0.0,-1.0,1.0,44994.10067896652,0.028721033479087055,f,above_limit_1000
1003,21.0,-,32,44994.1594,2,1,-1.0,0.0,-1.0,1.0,44994.138857862694,0.020542137302982155,e,above_limit_1000
1004,21.0,+,3,45770.9194,2,2,-1.0,0.0,-1.0,1.0,45770.93167461624,-0.012274616237846203,f,above_limit_1000
1005,21.0,-,33,45770.9694,2,2,-1.0,0.0,-1.0,1.0,45770.96930070138,9.929862426361069e-05,e,above_limit_1000
1006,21.0,+,4,46535.0094,2,3,-1.0,0.0,-1.0,1.0,46535.02206273113,-0.012662731125601567,f,above_limit_1000
1007,21.0,-,34,46535.0694,2,3,-1.0,0.0,-1.0,1.0,46535.05912578588,0.010274214117089286,e,above_limit_1000
1008,21.0,+,5,47286.0694,2,4,-1.0,0.0,-1.0,1.0,47286.05774429556,0.01165570443845354,f,above_limit_1000
1009,21.0,-,35,47286.1394,2,4,-1.0,0.0,-1.0,1.0,47286.09423035346,0.04516964653885225,e,above_limit_1000
1010,21.0,+,6,48023.7494,2,5,-1.0,0.0,-1.0,1.0,48023.722249600265,0.02715039973554667,f,above_limit_1000
1011,21.0,-,36,48023.71,2,5,-1.0,0.0,-1.0,1.0,48023.75814254505,-0.04814254504890414,e,above_limit_1000
1012,21.0,+,7,48747.2294,2,6,-1.0,0.0,-1.0,1.0,48747.711567052866,-0.4821670528690447,f,above_limit_1000
1013,21.0,-,37,48747.7794,2,6,-1.0,0.0,-1.0,1.0,48747.74684976831,0.032550231691857334,e,above_limit_1000
1014,22.0,-,1,44229.1494,2,0,-1.0,0.0,-1.0,1.0,44229.13417517106,0.015224828945065383,f,above_limit_1000
1015,22.0,+,31,44229.1694,2,0,-1.0,0.0,-1.0,1.0,44229.176570106145,-0.00717010614607716,e,above_limit_1000
1016,22.0,-,2,45018.2094,2,1,-1.0,0.0,-1.0,1.0,45018.178106316045,0.03129368395457277,f,above_limit_1000
1017,22.0,+,32,45018.2294,2,1,-1.0,0.0,-1.0,1.0,45018.219900662065,0.00949933793162927,e,above_limit_1000
1018,22.0,-,3,45794.7694,2,2,-1.0,0.0,-1.0,1.0,45794.76633091958,0.0030690804196638055,f,above_limit_1000
1019,22.0,+,33,45794.7994,2,2,-1.0,0.0,-1.0,1.0,45794.807519836286,-0.008119836282276083,e,above_limit_1000
1020,22.0,-,4,46558.6194,2,3,-1.0,0.0,-1.0,1.0,46558.61062468563,0.008775314374361187,f,above_limit_1000
1021,22.0,+,34,46558.6294,2,3,-1.0,0.0,-1.0,1.0,46558.6511969583,-0.021796958302729763,e,above_limit_1000
1022,22.0,-,5,47309.4194,2,4,-1.0,0.0,-1.0,1.0,47309.39586786554,0.02353213445894653,f,above_limit_1000
1023,22.0,+,35,47309.4394,2,4,-1.0,0.0,-1.0,1.0,47309.43580818463,0.0035918153735110536,e,above_limit_1000
1024,22.0,-,6,48046.8194,2,5,-1.0,0.0,-1.0,1.0,48046.804927587465,0.014472412534814794,f,above_limit_1000
1025,22.0,+,36,48070.9,2,5,-1.0,0.0,-1.0,0.0,48046.84421829674,24.055781703260436,e,above_limit_1000
1026,22.0,-,7,48770.1094,2,6,-1.0,0.0,-1.0,1.0,48770.533391258985,-0.42399125898373313,f,above_limit_1000
1027,22.0,+,37,48770.5494,2,6,-1.0,0.0,-1.0,1.0,48770.57201361209,-0.022613612083659973,e,above_limit_1000
1028,23.0,+,1,44254.5594,2,0,-1.0,0.0,-1.0,1.0,44254.55347101602,0.005928983977355529,f,above_limit_1000
1029,23.0,-,31,44254.6094,2,0,-1.0,0.0,-1.0,1.0,44254.59969643499,0.009703565010568127,e,above_limit_1000
1030,23.0,+,2,45043.3994,2,1,-1.0,0.0,-1.0,1.0,45043.34549713061,0.05390286938927602,f,above_limit_1000
1031,23.0,-,32,45043.4094,2,1,-1.0,0.0,-1.0,1.0,45043.391067433025,0.01833256697136676,e,above_limit_1000
1032,23.0,+,3,45819.6794,2,2,-1.0,0.0,-1.0,1.0,45819.67987389367,-0.0004738936695503071,f,above_limit_1000
1033,23.0,-,33,45819.7194,2,2,-1.0,0.0,-1.0,1.0,45819.72478376204,-0.005383762036217377,e,above_limit_1000
1034,23.0,+,4,46583.2494,2,3,-1.0,0.0,-1.0,1.0,46583.2668375893,-0.017437589296605438,f,above_limit_1000
1035,23.0,-,34,46583.2894,2,3,-1.0,0.0,-1.0,1.0,46583.31107476405,-0.021674764051567763,e,above_limit_1000
1036,23.0,+,5,47333.7894,2,4,-1.0,0.0,-1.0,1.0,47333.79020248687,-0.00080248686572304,f,above_limit_1000
1037,23.0,-,35,47333.8494,2,4,-1.0,0.0,-1.0,1.0,47333.833750251855,0.01564974814391462,e,above_limit_1000
1038,23.0,+,6,48070.9394,2,5,-1.0,0.0,-1.0,1.0,48070.93214351388,0.0072564861256978475,f,above_limit_1000
1039,23.0,-,36,48070.9,2,5,-1.0,0.0,-1.0,1.0,48070.97498260189,-0.07498260188731365,e,above_limit_1000
1040,23.0,+,7,48794.0194,2,6,-1.0,0.0,-1.0,1.0,48794.38782961937,-0.36842961937509244,f,above_limit_1000
1041,23.0,-,37,48794.4194,2,6,-1.0,0.0,-1.0,1.0,48794.42993957971,-0.01053957971453201,e,above_limit_1000
1042,24.0,-,1,44281.0794,2,0,-1.0,0.0,-1.0,1.0,44281.073122875205,0.006277124797634315,f,above_limit_1000
1043,24.0,+,31,44281.1194,2,0,-1.0,0.0,-1.0,1.0,44281.123341133185,-0.0039411331817973405,e,above_limit_1000
1044,24.0,-,2,45069.6494,2,1,-1.0,0.0,-1.0,1.0,45069.602255534686,0.04714446531579597,f,above_limit_1000
1045,24.0,+,32,45069.6594,2,1,-1.0,0.0,-1.0,1.0,45069.65176179016,0.007638209834112786,e,above_limit_1000
1046,24.0,-,3,45845.6694,2,2,-1.0,0.0,-1.0,1.0,45845.671701989566,-0.0023019895670586266,f,above_limit_1000
1047,24.0,+,33,45845.7094,2,2,-1.0,0.0,-1.0,1.0,45845.72049042063,-0.011090420630353037,e,above_limit_1000
1048,24.0,-,4,46608.9494,2,3,-1.0,0.0,-1.0,1.0,46608.990093135886,-0.04069313588843215,f,above_limit_1000
1049,24.0,+,34,46609.0294,2,3,-1.0,0.0,-1.0,1.0,46609.038150387765,-0.008750387765758205,e,above_limit_1000
1050,24.0,-,5,47359.2494,2,4,-1.0,0.0,-1.0,1.0,47359.240132176965,0.009267823035770562,f,above_limit_1000
1051,24.0,+,35,47359.2794,2,4,-1.0,0.0,-1.0,1.0,47359.287440063206,-0.008040063206863124,e,above_limit_1000
1052,24.0,-,6,48096.1294,2,5,-1.0,0.0,-1.0,1.0,48096.1032729564,0.02612704359489726,f,above_limit_1000
1053,24.0,+,36,48096.08,2,5,-1.0,0.0,-1.0,1.0,48096.14981052752,-0.06981052751507377,e,above_limit_1000
1054,24.0,-,7,48818.9294,2,6,-1.0,0.0,-1.0,1.0,48819.27424861098,-0.3448486109773512,f,above_limit_1000
1055,24.0,+,37,48819.3094,2,6,-1.0,0.0,-1.0,1.0,48819.319993638135,-0.01059363813692471,e,above_limit_1000
1056,25.0,+,1,44308.6994,2,0,-1.0,0.0,-1.0,1.0,44308.69251351075,0.006886489245516714,f,above_limit_1000
1057,25.0,-,31,44308.7294,2,0,-1.0,0.0,-1.0,1.0,44308.7468864296,-0.01748642960592406,e,above_limit_1000
1058,25.0,+,2,45096.9994,2,1,-1.0,0.0,-1.0,1.0,45096.94775962778,0.05164037222129991,f,above_limit_1000
1059,25.0,-,32,45097.0194,2,1,-1.0,0.0,-1.0,1.0,45097.001361301525,0.018038698472082615,e,above_limit_1000
1060,25.0,+,3,45872.7494,2,2,-1.0,0.0,-1.0,1.0,45872.74118736322,0.008212636777898297,f,above_limit_1000
1061,25.0,-,33,45872.7894,2,2,-1.0,0.0,-1.0,1.0,45872.794011437116,-0.004611437114363071,e,above_limit_1000
1062,25.0,+,4,46635.7694,2,3,-1.0,0.0,-1.0,1.0,46635.77975639901,-0.01035639901238028,f,above_limit_1000
1063,25.0,-,34,46635.8194,2,3,-1.0,0.0,-1.0,1.0,46635.83178837226,-0.012388372262648772,e,above_limit_1000
1064,25.0,+,5,47385.7494,2,4,-1.0,0.0,-1.0,1.0,47385.74501396328,0.004386036722280551,f,above_limit_1000
1065,25.0,-,35,47385.8094,2,4,-1.0,0.0,-1.0,1.0,47385.79623411482,0.013165885175112635,e,above_limit_1000
1066,25.0,+,6,48122.3294,2,5,-1.0,0.0,-1.0,1.0,48122.31766409548,0.01173590452526696,f,above_limit_1000
1067,25.0,-,36,48122.3,2,5,-1.0,0.0,-1.0,1.0,48122.368049722325,-0.06804972232202999,e,above_limit_1000
1068,25.0,+,7,48844.9094,2,6,-1.0,0.0,-1.0,1.0,48845.19198687657,-0.28258687657216797,f,above_limit_1000
1069,25.0,-,37,48845.2494,2,6,-1.0,0.0,-1.0,1.0,48845.241513897534,0.007886102466727607,e,above_limit_1000
1070,26.0,-,1,44337.4194,2,0,-1.0,0.0,-1.0,1.0,44337.41099985229,0.008400147708016448,f,above_limit_1000
1071,26.0,+,31,44337.4594,2,0,-1.0,0.0,-1.0,1.0,44337.46968869891,-0.010288698911608662,e,above_limit_1000
1072,26.0,-,2,45125.4194,2,1,-1.0,0.0,-1.0,1.0,45125.38136146868,0.03803853131830692,f,above_limit_1000
1073,26.0,+,32,45125.4594,2,1,-1.0,0.0,-1.0,1.0,45125.439217472864,0.020182527136057615,e,above_limit_1000
1074,26.0,-,3,45900.8894,2,2,-1.0,0.0,-1.0,1.0,45900.887675856764,0.0017241432360606268,f,above_limit_1000
1075,26.0,+,33,45900.9194,2,2,-1.0,0.0,-1.0,1.0,45900.94469210089,-0.02529210089414846,e,above_limit_1000
1076,26.0,-,4,46663.6394,2,3,-1.0,0.0,-1.0,1.0,46663.63516580984,0.004234190157148987,f,above_limit_1000
1077,26.0,+,34,46663.6694,2,3,-1.0,0.0,-1.0,1.0,46663.691326596,-0.021926596004050225,e,above_limit_1000
1078,26.0,-,5,47413.3194,2,4,-1.0,0.0,-1.0,1.0,47413.30417785632,0.015222143680148292,f,above_limit_1000
1079,26.0,+,35,47413.3694,2,4,-1.0,0.0,-1.0,1.0,47413.35946186435,0.009938135655829683,e,above_limit_1000
1080,26.0,-,6,48149.5894,2,5,-1.0,0.0,-1.0,1.0,48149.57463768325,0.014762316750420723,f,above_limit_1000
1081,26.0,+,36,48149.58,2,5,-1.0,0.0,-1.0,1.0,48149.629020385095,-0.04902038509317208,e,above_limit_1000
1082,26.0,-,7,48871.8494,2,6,-1.0,0.0,-1.0,1.0,48872.14035518734,-0.2909551873381133,f,above_limit_1000
1083,26.0,+,37,48872.1794,2,6,-1.0,0.0,-1.0,1.0,48872.193810574885,-0.014410574884095695,e,above_limit_1000
1084,27.0,+,1,44367.2394,2,0,-1.0,0.0,-1.0,1.0,44367.22791298231,0.011487017691251822,f,above_limit_1000
1085,27.0,-,31,44367.2894,2,0,-1.0,0.0,-1.0,1.0,44367.291078446746,-0.0016784467443358153,e,above_limit_1000
1086,27.0,+,2,45154.9394,2,1,-1.0,0.0,-1.0,1.0,45154.902387060094,0.037012939908890985,f,above_limit_1000
1087,27.0,-,32,45154.9794,2,1,-1.0,0.0,-1.0,1.0,45154.96465573146,0.014744268533831928,e,above_limit_1000
1088,27.0,+,3,45930.1094,2,2,-1.0,0.0,-1.0,1.0,45930.11048697955,-0.0010869795514736325,f,above_limit_1000
1089,27.0,-,33,45930.1694,2,2,-1.0,0.0,-1.0,1.0,45930.17185134678,-0.0024513467797078192,e,above_limit_1000
1090,27.0,+,4,46692.5594,2,3,-1.0,0.0,-1.0,1.0,46692.555633133685,0.003766866313526407,f,above_limit_1000
1091,27.0,-,34,46692.6294,2,3,-1.0,0.0,-1.0,1.0,46692.61607624969,0.013323750310519245,e,above_limit_1000
1092,27.0,+,5,47441.9294,2,4,-1.0,0.0,-1.0,1.0,47441.9169268218,0.012473178197978996,f,above_limit_1000
1093,27.0,-,35,47441.9994,2,4,-1.0,0.0,-1.0,1.0,47441.97642570205,0.022974297949986067,e,above_limit_1000
1094,27.0,+,6,48177.8894,2,5,-1.0,0.0,-1.0,1.0,48177.87348701012,0.015912989882053807,f,above_limit_1000
1095,27.0,-,36,48177.88,2,5,-1.0,0.0,-1.0,1.0,48177.93201523013,-0.052015230132383294,e,above_limit_1000
1096,27.0,+,7,48899.8894,2,6,-1.0,0.0,-1.0,1.0,48900.11863640321,-0.22923640321096173,f,above_limit_1000
1097,27.0,-,37,48900.1794,2,6,-1.0,0.0,-1.0,1.0,48900.17616595387,0.0032340461330022663,e,above_limit_1000
1098,28.0,-,1,44398.1594,2,0,-1.0,0.0,-1.0,1.0,44398.142558121464,0.01684187853243202,f,above_limit_1000
1099,28.0,+,31,44398.1994,2,0,-1.0,0.0,-1.0,1.0,44398.21036029553,-0.010960295534459874,e,above_limit_1000
1100,28.0,-,2,45185.5494,2,1,-1.0,0.0,-1.0,1.0,45185.51013633142,0.03926366858649999,f,above_limit_1000
1101,28.0,-,2,45185.5894,2,1,-1.0,0.0,-1.0,1.0,45185.51013633142,0.07926366858009715,f,above_limit_1000
1102,28.0,-,3,45960.4194,2,2,-1.0,0.0,-1.0,1.0,45960.40891388806,0.010486111939826515,f,above_limit_1000
1103,28.0,+,33,45960.4594,2,2,-1.0,0.0,-1.0,1.0,45960.47478173526,-0.015381735262053553,e,above_limit_1000
1104,28.0,-,4,46722.5194,2,3,-1.0,0.0,-1.0,1.0,46722.54044344545,-0.021043445449322462,f,above_limit_1000
1105,28.0,+,34,46722.5794,2,3,-1.0,0.0,-1.0,1.0,46722.60532181206,-0.02592181205545785,e,above_limit_1000
1106,28.0,-,5,47471.5894,2,4,-1.0,0.0,-1.0,1.0,47471.58253675041,0.006863249589514453,f,above_limit_1000
1107,28.0,+,35,47471.6794,2,4,-1.0,0.0,-1.0,1.0,47471.646400922255,0.03299907774635358,e,above_limit_1000
1108,28.0,-,6,48207.2294,2,5,-1.0,0.0,-1.0,1.0,48207.21347786949,0.01592213050753344,f,above_limit_1000
1109,28.0,+,36,48207.22,2,5,-1.0,0.0,-1.0,1.0,48207.276299453355,-0.05629945335385855,e,above_limit_1000
1110,28.0,-,7,48928.8694,2,6,-1.0,0.0,-1.0,1.0,48929.12608543236,-0.256685432359518,f,above_limit_1000
1111,28.0,+,37,48929.1894,2,6,-1.0,0.0,-1.0,1.0,48929.18783434417,0.0015656558316550218,e,above_limit_1000
1112,29.0,+,1,44430.1694,2,0,-1.0,0.0,-1.0,1.0,44430.154214612885,0.015185387113888282,f,above_limit_1000
1113,29.0,-,31,44430.2194,2,0,-1.0,0.0,-1.0,1.0,44430.22681296764,-0.0074129676359007135,e,above_limit_1000
1114,29.0,+,2,45217.2394,2,1,-1.0,0.0,-1.0,1.0,45217.20388312133,0.03551687867002329,f,above_limit_1000
1115,29.0,-,32,45217.2994,2,1,-1.0,0.0,-1.0,1.0,45217.27544972805,0.023950271955982316,e,above_limit_1000
1116,29.0,+,3,45991.1794,2,2,-1.0,0.0,-1.0,1.0,45991.78222336484,-0.6028233648394234,f,above_limit_1000
1117,29.0,-,33,45991.8194,2,2,-1.0,0.0,-1.0,1.0,45991.85274943055,-0.033349430552334525,e,above_limit_1000
1118,29.0,+,4,46753.5794,2,3,-1.0,0.0,-1.0,1.0,46753.58885510436,-0.009455104358494282,f,above_limit_1000
1119,29.0,-,34,46753.6694,2,3,-1.0,0.0,-1.0,1.0,46753.658321024144,0.011078975854616147,e,above_limit_1000
1120,29.0,+,5,47502.3194,2,4,-1.0,0.0,-1.0,1.0,47502.30025642785,0.01914357214991469,f,above_limit_1000
1121,29.0,-,35,47502.3794,2,4,-1.0,0.0,-1.0,1.0,47502.3686356916,0.010764308397483546,e,above_limit_1000
1122,29.0,+,6,48237.6194,2,5,-1.0,0.0,-1.0,1.0,48237.593848521414,0.025551478589477483,f,above_limit_1000
1123,29.0,-,36,48237.58,2,5,-1.0,0.0,-1.0,1.0,48237.66111069546,-0.08111069545702776,e,above_limit_1000
1124,29.0,+,7,48958.9394,2,6,-1.0,0.0,-1.0,1.0,48959.16192918827,-0.22252918826416135,f,above_limit_1000
1125,29.0,-,37,48959.2194,2,6,-1.0,0.0,-1.0,1.0,48959.22804203927,-0.008642039269034285,e,above_limit_1000
1126,30.0,-,1,44463.2894,2,0,-1.0,0.0,-1.0,1.0,44463.26213590611,0.027264093892881647,f,above_limit_1000
1127,30.0,+,31,44463.3294,2,0,-1.0,0.0,-1.0,1.0,44463.33968927058,-0.010289270576322451,e,above_limit_1000
1128,30.0,-,2,45250.0194,2,1,-1.0,0.0,-1.0,1.0,45249.98287515992,0.03652484007761814,f,above_limit_1000
1129,30.0,+,32,45250.0794,2,1,-1.0,0.0,-1.0,1.0,45250.05932577618,0.02007422382303048,e,above_limit_1000
1130,30.0,-,3,46024.2194,2,2,-1.0,0.0,-1.0,1.0,46024.22965579664,-0.010255796638375614,f,above_limit_1000
1131,30.0,+,33,46024.2794,2,2,-1.0,0.0,-1.0,1.0,46024.304994180275,-0.025594180275220424,e,above_limit_1000
1132,30.0,-,4,46785.6894,2,3,-1.0,0.0,-1.0,1.0,46785.70009972716,-0.010699727157771122,f,above_limit_1000
1133,30.0,+,34,46785.7794,2,3,-1.0,0.0,-1.0,1.0,46785.77430486273,0.005095137268654071,e,above_limit_1000
1134,30.0,-,5,47534.0794,2,4,-1.0,0.0,-1.0,1.0,47534.06930750228,0.010092497723235283,f,above_limit_1000
1135,30.0,+,35,47534.1594,2,4,-1.0,0.0,-1.0,1.0,47534.14235101786,0.01704898213938577,e,above_limit_1000
1136,30.0,-,6,48269.0394,2,5,-1.0,0.0,-1.0,1.0,48269.01380965475,0.025590345248929225,f,above_limit_1000
1137,30.0,+,36,48269.03,2,5,-1.0,0.0,-1.0,1.0,48269.08565900404,-0.05565900404326385,e,above_limit_1000
1138,30.0,-,7,48990.0094,2,6,-1.0,0.0,-1.0,1.0,48990.225366545594,-0.21596654559107265,f,above_limit_1000
1139,30.0,+,37,48990.2894,2,6,-1.0,0.0,-1.0,1.0,48990.29598727135,-0.0065872713457793,e,above_limit_1000
1140,31.0,+,1,44497.4794,2,0,-1.0,0.0,-1.0,1.0,44497.4655495401,0.013850459894456435,f,above_limit_1000
1141,31.0,-,31,44497.5394,2,0,-1.0,0.0,-1.0,1.0,44497.54821607975,-0.008816079745884053,e,above_limit_1000
1142,31.0,+,2,45283.8994,2,1,-1.0,0.0,-1.0,1.0,45283.84633404924,0.0530659507639939,f,above_limit_1000
1143,31.0,-,32,45283.9494,2,1,-1.0,0.0,-1.0,1.0,45283.92782449419,0.02157550580886891,e,above_limit_1000
1144,31.0,+,3,46057.7294,2,2,-1.0,0.0,-1.0,1.0,46057.7504251519,-0.021025151901994832,f,above_limit_1000
1145,31.0,-,33,46057.8094,2,2,-1.0,0.0,-1.0,1.0,46057.8307292913,-0.021329291303118225,e,above_limit_1000
1146,31.0,+,4,46818.8794,2,3,-1.0,0.0,-1.0,1.0,46818.873382160535,0.0060178394633112475,f,above_limit_1000
1147,31.0,-,34,46818.9394,2,3,-1.0,0.0,-1.0,1.0,46818.952477513354,-0.013077513351163361,e,above_limit_1000
1148,31.0,+,5,47566.3194,2,4,-1.0,0.0,-1.0,1.0,47566.888884451095,-0.5694844510944677,f,above_limit_1000
1149,31.0,-,35,47566.9794,2,4,-1.0,0.0,-1.0,1.0,47566.96674071637,0.012659283624088857,e,above_limit_1000
1150,31.0,+,6,48301.4994,2,5,-1.0,0.0,-1.0,1.0,48301.47254434741,0.026855652591621038,f,above_limit_1000
1151,31.0,-,36,48301.49,2,5,-1.0,0.0,-1.0,1.0,48301.549126793696,-0.05912679369794205,e,above_limit_1000
1152,31.0,+,7,49022.1194,2,6,-1.0,0.0,-1.0,1.0,49022.31556829369,-0.19616829368897015,f,above_limit_1000
1153,31.0,-,37,49022.4094,2,6,-1.0,0.0,-1.0,1.0,49022.3908401657,0.018559834294137545,e,above_limit_1000
1154,32.0,-,1,44532.7794,2,0,-1.0,0.0,-1.0,1.0,44532.76365712589,0.015742874107672833,f,above_limit_1000
1155,32.0,+,31,44532.8494,2,0,-1.0,0.0,-1.0,1.0,44532.851594320644,-0.002194320644775871,e,above_limit_1000
1156,32.0,-,2,45318.8294,2,1,-1.0,0.0,-1.0,1.0,45318.79345524405,0.03594475595309632,f,above_limit_1000
1157,32.0,+,32,45318.8794,2,1,-1.0,0.0,-1.0,1.0,45318.880140653484,-0.0007406534859910607,e,above_limit_1000
1158,32.0,-,3,46092.3394,2,2,-1.0,0.0,-1.0,1.0,46092.343718957,-0.004318957006034907,f,above_limit_1000
1159,32.0,+,33,46092.3994,2,2,-1.0,0.0,-1.0,1.0,46092.42914160727,-0.029741607264440972,e,above_limit_1000
1160,32.0,-,4,46853.0994,2,3,-1.0,0.0,-1.0,1.0,46853.1078804526,-0.008480452597723342,f,above_limit_1000
1161,32.0,+,34,46853.1994,2,3,-1.0,0.0,-1.0,1.0,46853.19201634074,0.007383659256447572,e,above_limit_1000
1162,32.0,-,5,47600.7594,2,4,-1.0,0.0,-1.0,1.0,47600.75815454668,0.0012454533207346685,f,above_limit_1000
1163,32.0,-,5,47600.8594,2,4,-1.0,0.0,-1.0,1.0,47600.75815454668,0.10124545331927948,f,above_limit_1000
1164,32.0,-,6,48334.9794,2,5,-1.0,0.0,-1.0,1.0,48334.96920802556,0.010191974433837458,f,above_limit_1000
1165,32.0,+,36,48334.99,2,5,-1.0,0.0,-1.0,1.0,48335.05066880576,-0.06066880575963296,e,above_limit_1000
1166,32.0,-,7,49055.2494,2,6,-1.0,0.0,-1.0,1.0,49055.43167708908,-0.18227708907943452,f,above_limit_1000
1167,32.0,+,37,49055.5294,2,6,-1.0,0.0,-1.0,1.0,49055.51174269286,0.01765730713668745,e,above_limit_1000
1168,33.0,+,1,44569.1794,2,0,-1.0,0.0,-1.0,1.0,44569.15563432828,0.023765671721776016,f,above_limit_1000
1169,33.0,-,31,44569.2494,2,0,-1.0,0.0,-1.0,1.0,44569.24899895101,0.00040104899380821735,e,above_limit_1000
1170,33.0,+,2,45354.8694,2,1,-1.0,0.0,-1.0,1.0,45354.82340803124,0.04599196876370115,f,above_limit_1000
1171,33.0,-,32,45354.9394,2,1,-1.0,0.0,-1.0,1.0,45354.91544283587,0.023957164135936182,e,above_limit_1000
1172,33.0,+,3,46127.9994,2,2,-1.0,0.0,-1.0,1.0,46128.00869827179,-0.009298271790612489,f,above_limit_1000
1173,33.0,-,33,46128.0894,2,2,-1.0,0.0,-1.0,1.0,46128.099391483425,-0.009991483428166248,e,above_limit_1000
1174,33.0,+,4,46888.3994,2,3,-1.0,0.0,-1.0,1.0,46888.40274582271,-0.0033458227044320665,f,above_limit_1000
1175,33.0,-,34,46888.4994,2,3,-1.0,0.0,-1.0,1.0,46888.49207185961,0.007328140389290638,e,above_limit_1000
1176,33.0,+,5,47635.6894,2,4,-1.0,0.0,-1.0,1.0,47635.6762578202,0.013142179799615405,f,above_limit_1000
1177,33.0,-,35,47635.7594,2,4,-1.0,0.0,-1.0,1.0,47635.76418232104,-0.004782321040693205,e,above_limit_1000
1178,33.0,+,6,48369.5194,2,5,-1.0,0.0,-1.0,1.0,48369.50292842113,0.01647157887055073,f,above_limit_1000
1179,33.0,-,36,48369.52,2,5,-1.0,0.0,-1.0,1.0,48369.58941206552,-0.06941206552437507,e,above_limit_1000
1180,33.0,+,7,49089.4094,2,6,-1.0,0.0,-1.0,1.0,49089.57280740531,-0.16340740531450137,f,above_limit_1000
1181,33.0,-,37,49089.6394,2,6,-1.0,0.0,-1.0,1.0,49089.6578086185,-0.018408618503599428,e,above_limit_1000
1182,34.0,-,1,44606.6494,2,0,-1.0,0.0,-1.0,1.0,44606.64063084705,0.008769152955210302,f,above_limit_1000
1183,34.0,+,31,44606.7294,2,0,-1.0,0.0,-1.0,1.0,44606.7395789423,-0.010178942306083627,e,above_limit_1000
1184,34.0,-,2,45391.9694,2,1,-1.0,0.0,-1.0,1.0,45391.9353355083,0.03406449170142878,f,above_limit_1000
1185,34.0,+,32,45392.0394,2,1,-1.0,0.0,-1.0,1.0,45392.03287341254,0.006526587458210997,e,above_limit_1000
1186,34.0,-,3,46164.7194,2,2,-1.0,0.0,-1.0,1.0,46164.74449766377,-0.0250976637689746,f,above_limit_1000
1187,34.0,+,33,46164.8094,2,2,-1.0,0.0,-1.0,1.0,46164.84061276158,-0.03121276158344699,e,above_limit_1000
1188,34.0,-,4,46924.7394,2,3,-1.0,0.0,-1.0,1.0,46924.75710263082,-0.017702630822896026,f,above_limit_1000
1189,34.0,+,34,46924.8394,2,3,-1.0,0.0,-1.0,1.0,46924.85176770375,-0.012367703755444381,e,above_limit_1000
1190,34.0,-,5,47671.6194,2,4,-1.0,0.0,-1.0,1.0,47671.642307024566,-0.02290702456230065,f,above_limit_1000
1191,34.0,+,35,47671.7294,2,4,-1.0,0.0,-1.0,1.0,47671.73548557824,-0.006085578243073542,e,above_limit_1000
1192,34.0,-,6,48405.0794,2,5,-1.0,0.0,-1.0,1.0,48405.07280552758,0.006594472419237718,f,above_limit_1000
1193,34.0,+,36,48405.11,2,5,-1.0,0.0,-1.0,1.0,48405.164455837694,-0.05445583769324003,e,above_limit_1000
1194,34.0,-,7,49124.5794,2,6,-1.0,0.0,-1.0,1.0,49124.73804548169,-0.15864548168610781,f,above_limit_1000
1195,34.0,+,37,49124.8294,2,6,-1.0,0.0,-1.0,1.0,49124.828123452244,0.0012765477586071938,e,above_limit_1000
1196,35.0,+,1,44645.2294,2,0,-1.0,0.0,-1.0,1.0,44645.2177703975,0.011629602493485436,f,above_limit_1000
1197,35.0,-,31,44645.3194,2,0,-1.0,0.0,-1.0,1.0,44645.32245725956,-0.0030572595569537953,e,above_limit_1000
1198,35.0,+,2,45430.1694,2,1,-1.0,0.0,-1.0,1.0,45430.12835456194,0.041045438061701134,f,above_limit_1000
1199,35.0,-,32,45430.2494,2,1,-1.0,0.0,-1.0,1.0,45430.23154852188,0.0178514781218837,e,above_limit_1000
1200,35.0,+,3,46202.5394,2,2,-1.0,0.0,-1.0,1.0,46202.55022518214,-0.010825182136613876,f,above_limit_1000
1201,35.0,-,33,46202.6394,2,2,-1.0,0.0,-1.0,1.0,46202.651912743706,-0.012512743705883622,e,above_limit_1000
1202,35.0,+,4,46962.1594,2,3,-1.0,0.0,-1.0,1.0,46962.17004834551,-0.010648345516528934,f,above_limit_1000
1203,35.0,-,34,46962.2594,2,3,-1.0,0.0,-1.0,1.0,46962.270200593775,-0.010800593772728462,e,above_limit_1000
1204,35.0,+,5,47708.6694,2,4,-1.0,0.0,-1.0,1.0,47708.655387595594,0.0140124044046388,f,above_limit_1000
1205,35.0,-,35,47708.6694,2,4,-1.0,0.0,-1.0,1.0,47708.75396583437,-0.08456583436782239,e,above_limit_1000
1206,35.0,+,6,48441.6894,2,5,-1.0,0.0,-1.0,1.0,48441.67791155425,0.011488445750728715,f,above_limit_1000
1207,35.0,-,36,48441.69,2,5,-1.0,0.0,-1.0,1.0,48441.77487158168,-0.08487158167554298,e,above_limit_1000
1208,35.0,+,7,49160.7794,2,6,-1.0,0.0,-1.0,1.0,49160.92644927007,-0.1470492700682371,f,above_limit_1000
1209,35.0,-,37,49160.9994,2,6,-1.0,0.0,-1.0,1.0,49161.02174439419,-0.022344394186802674,e,above_limit_1000
1210,36.0,-,1,44684.8794,2,0,-1.0,0.0,-1.0,1.0,44684.88615069023,-0.006750690234184731,f,above_limit_1000
1211,36.0,+,31,44685.0094,2,0,-1.0,0.0,-1.0,1.0,44684.99673084225,0.01266915775340749,e,above_limit_1000
1212,36.0,-,2,45469.4394,2,1,-1.0,0.0,-1.0,1.0,45469.40155584445,0.03784415555128362,f,above_limit_1000
1213,36.0,+,32,45469.5494,2,1,-1.0,0.0,-1.0,1.0,45469.51055804729,0.038841952715301886,e,above_limit_1000
1214,36.0,-,3,46241.3994,2,2,-1.0,0.0,-1.0,1.0,46241.424962330144,-0.025562330141838174,f,above_limit_1000
1215,36.0,+,33,46241.5094,2,2,-1.0,0.0,-1.0,1.0,46241.53237216396,-0.022972163955273572,e,above_limit_1000
1216,36.0,-,4,47000.6194,2,3,-1.0,0.0,-1.0,1.0,47000.64065351023,-0.021253510225506034,f,above_limit_1000
1217,36.0,+,34,47000.7494,2,3,-1.0,0.0,-1.0,1.0,47000.7464403038,0.002959696197649464,e,above_limit_1000
1218,36.0,-,5,47746.7094,2,4,-1.0,0.0,-1.0,1.0,47746.71455761219,-0.005157612191396765,f,above_limit_1000
1219,36.0,+,35,47746.8194,2,4,-1.0,0.0,-1.0,1.0,47746.81868039781,0.0007196021906565875,e,above_limit_1000
1220,36.0,-,6,48479.3194,2,5,-1.0,0.0,-1.0,1.0,48479.31729087922,0.0021091207818244584,f,above_limit_1000
1221,36.0,+,36,48479.35,2,5,-1.0,0.0,-1.0,1.0,48479.419702903455,-0.06970290345634567,e,above_limit_1000
1222,36.0,-,7,49197.9994,2,6,-1.0,0.0,-1.0,1.0,49198.13704837912,-0.13764837911730865,f,above_limit_1000
1223,36.0,+,37,49198.2294,2,6,-1.0,0.0,-1.0,1.0,49198.23770027993,-0.008300279936520383,e,above_limit_1000
1224,37.0,+,1,44725.6594,2,0,-1.0,0.0,-1.0,1.0,44725.64484340992,0.01455659007478971,f,above_limit_1000
1225,37.0,-,31,44725.7494,2,0,-1.0,0.0,-1.0,1.0,44725.76147058212,-0.012070582117303275,e,above_limit_1000
1226,37.0,+,2,45509.7994,2,1,-1.0,0.0,-1.0,1.0,45509.75400375076,0.045396249246550724,f,above_limit_1000
1227,37.0,-,32,45509.8794,2,1,-1.0,0.0,-1.0,1.0,45509.868965592956,0.010434407042339444,e,above_limit_1000
1228,37.0,+,3,46281.3594,2,2,-1.0,0.0,-1.0,1.0,46281.36776403695,-0.008364036948478315,f,above_limit_1000
1229,37.0,-,33,46281.4494,2,2,-1.0,0.0,-1.0,1.0,46281.48104516159,-0.03164516159449704,e,above_limit_1000
1230,37.0,+,4,47040.1594,2,3,-1.0,0.0,-1.0,1.0,47040.16796170932,-0.008561709320929367,f,above_limit_1000
1231,37.0,-,34,47040.2694,2,3,-1.0,0.0,-1.0,1.0,47040.27952962757,-0.010129627575224731,e,above_limit_1000
1232,37.0,+,5,47785.8294,2,4,-1.0,0.0,-1.0,1.0,47785.8188477554,0.010552244602877181,f,above_limit_1000
1233,37.0,-,35,47785.9294,2,4,-1.0,0.0,-1.0,1.0,47785.92865915758,0.0007408424207824282,e,above_limit_1000
1234,37.0,+,6,48518.0194,2,5,-1.0,0.0,-1.0,1.0,48517.98996000003,0.02943999996932689,f,above_limit_1000
1235,37.0,-,36,48518.02,2,5,-1.0,0.0,-1.0,1.0,48518.09796550756,-0.07796550756029319,e,above_limit_1000
1236,37.0,+,7,49236.2594,2,6,-1.0,0.0,-1.0,1.0,49236.36884401785,-0.10944401784945512,f,above_limit_1000
1237,37.0,-,37,49236.4494,2,6,-1.0,0.0,-1.0,1.0,49236.47499152296,-0.025591522964532487,e,above_limit_1000
1238,38.0,-,1,44767.4694,2,0,-1.0,0.0,-1.0,1.0,44767.49289419429,-0.023494194290833548,f,above_limit_1000
1239,38.0,+,31,44767.6294,2,0,-1.0,0.0,-1.0,1.0,44767.61572130265,0.013678697345312685,e,above_limit_1000
1240,38.0,-,2,45551.1994,2,1,-1.0,0.0,-1.0,1.0,45551.184736393596,0.014663606401882134,f,above_limit_1000
1241,38.0,+,32,45551.3394,2,1,-1.0,0.0,-1.0,1.0,45551.30580845954,0.033591540457564406,e,above_limit_1000
1242,38.0,-,3,46322.3294,2,2,-1.0,0.0,-1.0,1.0,46322.37765862787,-0.048258627866744064,f,above_limit_1000
1243,38.0,+,33,46322.4894,2,2,-1.0,0.0,-1.0,1.0,46322.49695925047,-0.007559250472695567,e,above_limit_1000
1244,38.0,-,4,47080.7094,2,3,-1.0,0.0,-1.0,1.0,47080.75098953237,-0.04158953236765228,f,above_limit_1000
1245,38.0,+,34,47080.8894,2,3,-1.0,0.0,-1.0,1.0,47080.86848434263,0.0209156573691871,e,above_limit_1000
1246,38.0,-,5,47825.9594,2,4,-1.0,0.0,-1.0,1.0,47825.96726126495,-0.00786126495222561,f,above_limit_1000
1247,38.0,+,35,47826.0894,2,4,-1.0,0.0,-1.0,1.0,47826.082904539995,0.006495460002042819,e,above_limit_1000
1248,38.0,-,6,48557.7094,2,5,-1.0,0.0,-1.0,1.0,48557.694907483645,0.014492516354948748,f,above_limit_1000
1249,38.0,+,36,48557.76,2,5,-1.0,0.0,-1.0,1.0,48557.8086471454,-0.04864714539871784,e,above_limit_1000
1250,38.0,-,7,49275.4894,2,6,-1.0,0.0,-1.0,1.0,49275.62080893606,-0.13140893606032478,f,above_limit_1000
1251,38.0,+,37,49275.7294,2,6,-1.0,0.0,-1.0,1.0,49275.73259005644,-0.0031900564426905476,e,above_limit_1000
1252,39.0,+,1,44810.4294,2,0,-1.0,0.0,-1.0,1.0,44810.42932261128,7.738872227491811e-05,f,above_limit_1000
1253,39.0,-,31,44810.5494,2,0,-1.0,0.0,-1.0,1.0,44810.55850173664,-0.009101736635784619,e,above_limit_1000
1254,39.0,+,2,45593.7294,2,1,-1.0,0.0,-1.0,1.0,45593.69276557822,0.036634421776398085,f,above_limit_1000
1255,39.0,-,32,45593.8194,2,1,-1.0,0.0,-1.0,1.0,45593.82009761943,-0.0006976194272283465,e,above_limit_1000
1256,39.0,+,3,46364.4394,2,2,-1.0,0.0,-1.0,1.0,46364.4536477944,-0.01424779439548729,f,above_limit_1000
1257,39.0,-,33,46364.5494,2,2,-1.0,0.0,-1.0,1.0,46364.57911528928,-0.02971528927446343,e,above_limit_1000
1258,39.0,+,4,47122.3694,2,3,-1.0,0.0,-1.0,1.0,47122.388726537196,-0.019326537192682736,f,above_limit_1000
1259,39.0,-,34,47122.5094,2,3,-1.0,0.0,-1.0,1.0,47122.51229317324,-0.0028931732376804575,e,above_limit_1000
1260,39.0,+,5,47867.1694,2,4,-1.0,0.0,-1.0,1.0,47867.1587738955,0.010626104500261135,f,above_limit_1000
1261,39.0,-,35,47867.2594,2,4,-1.0,0.0,-1.0,1.0,47867.280391464876,-0.020991464873077348,e,above_limit_1000
1262,39.0,+,6,48598.4794,2,5,-1.0,0.0,-1.0,1.0,48598.43109391394,0.04830608605698217,f,above_limit_1000
1263,39.0,-,36,48598.46,2,5,-1.0,0.0,-1.0,1.0,48598.550707564136,-0.09070756413711933,e,above_limit_1000
1264,39.0,+,7,49315.8194,2,6,-1.0,0.0,-1.0,1.0,49315.891887363636,-0.07248736363544594,f,above_limit_1000
1265,39.0,-,37,49315.9894,2,6,-1.0,0.0,-1.0,1.0,49316.0094392717,-0.020039271701534744,e,above_limit_1000
1266,40.0,-,1,44854.4094,2,0,-1.0,0.0,-1.0,1.0,44854.453122136045,-0.043722136048018,f,above_limit_1000
1267,40.0,+,31,44854.6094,2,0,-1.0,0.0,-1.0,1.0,44854.58880450274,0.020595497262547724,e,above_limit_1000
1268,40.0,-,2,45637.2794,2,1,-1.0,0.0,-1.0,1.0,45637.27707677643,0.0023232235689647496,f,above_limit_1000
1269,40.0,+,32,45637.4594,2,1,-1.0,0.0,-1.0,1.0,45637.41081768986,0.04858231014077319,e,above_limit_1000
1270,40.0,-,3,46407.5594,2,2,-1.0,0.0,-1.0,1.0,46407.59470656273,-0.03530656273505883,f,above_limit_1000
1271,40.0,+,33,46407.7294,2,2,-1.0,0.0,-1.0,1.0,46407.726487450476,0.0029125495202606544,e,above_limit_1000
1272,40.0,-,4,47165.0294,2,3,-1.0,0.0,-1.0,1.0,47165.08013521206,-0.05073521206213627,f,above_limit_1000
1273,40.0,+,34,47165.2294,2,3,-1.0,0.0,-1.0,1.0,47165.20991775291,0.019482247087580618,e,above_limit_1000
1274,40.0,-,5,47909.3694,2,4,-1.0,0.0,-1.0,1.0,47909.39233387098,-0.02293387097597588,f,above_limit_1000
1275,40.0,+,35,47909.5194,2,4,-1.0,0.0,-1.0,1.0,47909.52006729967,-0.0006672996751149185,e,above_limit_1000
1276,40.0,-,6,48640.2194,2,5,-1.0,0.0,-1.0,1.0,48640.197451837936,0.021948162066109944,f,above_limit_1000
1277,40.0,+,36,48640.3894,2,5,-1.0,0.0,-1.0,1.0,48640.32307845269,0.06632154731050832,e,above_limit_1000
1278,40.0,-,7,49357.0594,2,6,-1.0,0.0,-1.0,1.0,49357.18099494759,-0.12159494758816436,f,above_limit_1000
1279,40.0,+,37,49357.2994,2,6,-1.0,0.0,-1.0,1.0,49357.30445395553,-0.005053955523180775,e,above_limit_1000
1280,41.0,+,1,44899.5394,2,0,-1.0,0.0,-1.0,1.0,44899.563260127514,-0.023860127512307372,f,above_limit_1000
1281,41.0,-,31,44899.6994,2,0,-1.0,0.0,-1.0,1.0,44899.70559608177,-0.006196081769303419,e,above_limit_1000
1282,41.0,+,2,45681.9694,2,1,-1.0,0.0,-1.0,1.0,45681.93662909919,0.0327709008124657,f,above_limit_1000
1283,41.0,-,32,45662.0794,2,1,-1.0,0.0,-1.0,0.0,45682.07692690646,-19.997526906459825,e,above_limit_1000
1284,41.0,+,3,46451.7794,2,2,-1.0,0.0,-1.0,1.0,46451.79978326103,-0.020383261027745903,f,above_limit_1000
1285,41.0,-,33,46451.9094,2,2,-1.0,0.0,-1.0,1.0,46451.93802318698,-0.028623186983168125,e,above_limit_1000
1286,41.0,+,4,47208.7894,2,3,-1.0,0.0,-1.0,1.0,47208.824150936336,-0.034750936334603466,f,above_limit_1000
1287,41.0,-,34,47208.9494,2,3,-1.0,0.0,-1.0,1.0,47208.96029258496,-0.01089258496358525,e,above_limit_1000
1288,41.0,+,5,47952.6794,2,4,-1.0,0.0,-1.0,1.0,47952.666861837686,0.012538162314740475,f,above_limit_1000
1289,41.0,-,35,47952.7094,2,4,-1.0,0.0,-1.0,1.0,47952.80085181314,-0.09145181313942885,e,above_limit_1000
1290,41.0,+,6,48683.0094,2,5,-1.0,0.0,-1.0,1.0,48682.992885709704,0.016514290298800915,f,above_limit_1000
1291,41.0,-,36,48683.1694,2,5,-1.0,0.0,-1.0,1.0,48683.12466338531,0.04473661469091894,e,above_limit_1000
1292,41.0,+,7,49399.3994,2,6,-1.0,0.0,-1.0,1.0,49399.48701868723,-0.08761868722649524,f,above_limit_1000
1293,41.0,-,37,49399.5994,2,6,-1.0,0.0,-1.0,1.0,49399.61652022514,-0.017120225144026335,e,above_limit_1000
1294,42.0,-,1,44945.7294,2,0,-1.0,0.0,-1.0,1.0,44945.75867780334,-0.029277803339937236,f,above_limit_1000
1295,42.0,+,31,44945.9194,2,0,-1.0,0.0,-1.0,1.0,44945.90781679284,0.011583207160583697,e,above_limit_1000
1296,42.0,-,2,45727.6794,2,1,-1.0,0.0,-1.0,1.0,45727.67035526916,0.009044730839377735,f,above_limit_1000
1297,42.0,+,32,45727.8594,2,1,-1.0,0.0,-1.0,1.0,45727.81735709547,0.042042904533445835,e,above_limit_1000
1298,42.0,-,3,46497.0194,2,2,-1.0,0.0,-1.0,1.0,46497.06779948638,-0.048399486382550094,f,above_limit_1000
1299,42.0,+,33,46497.2094,2,2,-1.0,0.0,-1.0,1.0,46497.212643199826,-0.0032431998261017725,e,above_limit_1000
1300,42.0,-,4,47253.5694,2,3,-1.0,0.0,-1.0,1.0,47253.619681939694,-0.05028193969337735,f,above_limit_1000
1301,42.0,+,34,47253.7794,2,3,-1.0,0.0,-1.0,1.0,47253.76232500203,0.017074997966119554,e,above_limit_1000
1302,42.0,-,5,47996.9494,2,4,-1.0,0.0,-1.0,1.0,47996.981250815224,-0.031850815226789564,f,above_limit_1000
1303,42.0,+,35,47996.5994,2,4,-1.0,0.0,-1.0,1.0,47997.12163712569,-0.5222371256895713,e,above_limit_1000
1304,42.0,-,6,48726.8194,2,5,-1.0,0.0,-1.0,1.0,48726.81627183367,0.0031281663323170505,f,above_limit_1000
1305,42.0,+,36,48727.0294,2,5,-1.0,0.0,-1.0,1.0,48726.9543377654,0.07506223460222827,e,above_limit_1000
1306,42.0,-,7,49442.6894,2,6,-1.0,0.0,-1.0,1.0,49442.80881686707,-0.11941686706995824,f,above_limit_1000
1307,42.0,+,37,49442.9694,2,6,-1.0,0.0,-1.0,1.0,49442.94449546161,0.02490453838981921,e,above_limit_1000
1308,43.0,+,1,44993.0194,2,0,-1.0,0.0,-1.0,1.0,44993.03829021481,-0.018890214814746287,f,above_limit_1000
1309,43.0,-,31,44993.1794,2,0,-1.0,0.0,-1.0,1.0,44993.194380767396,-0.014980767395172734,e,above_limit_1000
1310,43.0,+,2,45774.4994,2,1,-1.0,0.0,-1.0,1.0,45774.47716159129,0.02223840871010907,f,above_limit_1000
1311,43.0,-,32,45774.6194,2,1,-1.0,0.0,-1.0,1.0,45774.63101364434,-0.01161364433937706,e,above_limit_1000
1312,43.0,+,3,46543.3694,2,2,-1.0,0.0,-1.0,1.0,46543.3976500698,-0.028250069794012234,f,above_limit_1000
1313,43.0,-,33,46543.5094,2,2,-1.0,0.0,-1.0,1.0,46543.549241403045,-0.03984140304237371,e,above_limit_1000
1314,43.0,+,4,47299.4394,2,3,-1.0,0.0,-1.0,1.0,47299.46560926067,-0.026209260664472822,f,above_limit_1000
1315,43.0,-,34,47299.5994,2,3,-1.0,0.0,-1.0,1.0,47299.61489512416,-0.015495124163862783,e,above_limit_1000
1316,43.0,+,5,48042.3494,2,4,-1.0,0.0,-1.0,1.0,48042.33436614669,0.015033853305794764,f,above_limit_1000
1317,43.0,-,35,48042.6694,2,4,-1.0,0.0,-1.0,1.0,48042.481287660245,0.18811233975429786,e,above_limit_1000
1318,43.0,+,6,48771.6794,2,5,-1.0,0.0,-1.0,1.0,48771.66645830522,0.012941694782057311,f,above_limit_1000
1319,43.0,-,36,48771.8594,2,5,-1.0,0.0,-1.0,1.0,48771.810948765524,0.04845123447739752,e,above_limit_1000
1320,43.0,+,7,49487.0594,2,6,-1.0,0.0,-1.0,1.0,49487.14521898796,-0.08581898795819143,f,above_limit_1000
1321,43.0,-,37,49487.2894,2,6,-1.0,0.0,-1.0,1.0,49487.28720824058,0.0021917594203841873,e,above_limit_1000
1322,44.0,-,1,45041.3594,2,0,-1.0,0.0,-1.0,1.0,45041.40098622061,-0.04158622060640482,f,above_limit_1000
1323,44.0,+,31,45041.5794,2,0,-1.0,0.0,-1.0,1.0,45041.56417592345,0.015224076552840415,e,above_limit_1000
1324,44.0,-,2,45822.3494,2,1,-1.0,0.0,-1.0,1.0,45822.355927923905,-0.0065279239061055705,f,above_limit_1000
1325,44.0,+,32,45822.5594,2,1,-1.0,0.0,-1.0,1.0,45822.51677547315,0.042624526846338995,e,above_limit_1000
1326,44.0,-,3,46590.7294,2,2,-1.0,0.0,-1.0,1.0,46590.788203040895,-0.05880304089805577,f,above_limit_1000
1327,44.0,+,33,46590.9394,2,2,-1.0,0.0,-1.0,1.0,46590.94668488769,-0.007284887688001618,e,above_limit_1000
1328,44.0,-,4,47346.3194,2,3,-1.0,0.0,-1.0,1.0,47346.36078670303,-0.04138670302927494,f,above_limit_1000
1329,44.0,+,34,47346.5394,2,3,-1.0,0.0,-1.0,1.0,47346.51685581572,0.022544184284924995,e,above_limit_1000
1330,44.0,-,5,48088.7094,2,4,-1.0,0.0,-1.0,1.0,48088.72504544687,-0.015645446866983548,f,above_limit_1000
1331,44.0,+,35,48089.0294,2,4,-1.0,0.0,-1.0,1.0,48088.87864009017,0.15075990982586518,e,above_limit_1000
1332,44.0,-,6,48817.5394,2,5,-1.0,0.0,-1.0,1.0,48817.54226494964,-0.0028649496380239725,f,above_limit_1000
1333,44.0,+,36,48817.7794,2,5,-1.0,0.0,-1.0,1.0,48817.69331526679,0.0860847332078265,e,above_limit_1000
1334,44.0,-,7,49532.3894,2,6,-1.0,0.0,-1.0,1.0,49532.49502569595,-0.1056256959491293,f,above_limit_1000
1335,44.0,+,37,49532.6894,2,6,-1.0,0.0,-1.0,1.0,49532.64345826148,0.045941738520923536,e,above_limit_1000
1336,45.0,+,1,45090.8194,2,0,-1.0,0.0,-1.0,1.0,45090.845628460185,-0.02622846018493874,f,above_limit_1000
1337,45.0,-,31,45090.9994,2,0,-1.0,0.0,-1.0,1.0,45091.0160639388,-0.016663938797137234,e,above_limit_1000
1338,45.0,+,2,45871.3194,2,1,-1.0,0.0,-1.0,1.0,45871.30550764712,0.013892352879338432,f,above_limit_1000
1339,45.0,-,32,45871.4994,2,1,-1.0,0.0,-1.0,1.0,45871.473495002545,0.025904997455654666,e,above_limit_1000
1340,45.0,+,3,46639.1994,2,2,-1.0,0.0,-1.0,1.0,46639.23829959073,-0.03889959073421778,f,above_limit_1000
1341,45.0,-,33,46639.3794,2,2,-1.0,0.0,-1.0,1.0,46639.40381388577,-0.02441388577426551,e,above_limit_1000
1342,45.0,+,4,47394.2794,2,3,-1.0,0.0,-1.0,1.0,47394.304040791634,-0.02464079163473798,f,above_limit_1000
1343,45.0,-,34,47394.4594,2,3,-1.0,0.0,-1.0,1.0,47394.46703264126,-0.007632641259988304,e,above_limit_1000
1344,45.0,+,5,48136.1494,2,4,-1.0,0.0,-1.0,1.0,48136.15209854938,-0.0026985493750544265,f,above_limit_1000
1345,45.0,-,35,48136.3994,2,4,-1.0,0.0,-1.0,1.0,48136.31250328603,0.08689671396859922,e,above_limit_1000
1346,45.0,+,6,48864.4594,2,5,-1.0,0.0,-1.0,1.0,48864.442483259256,0.01691674074390903,f,above_limit_1000
1347,45.0,-,36,48864.6394,2,5,-1.0,0.0,-1.0,1.0,48864.600227796356,0.03917220364382956,e,above_limit_1000
1348,45.0,+,7,49578.7594,2,6,-1.0,0.0,-1.0,1.0,49578.85700870912,-0.09760870911850361,f,above_limit_1000
1349,45.0,-,37,49579.0194,2,6,-1.0,0.0,-1.0,1.0,49579.01201627423,0.0073837257659761235,e,above_limit_1000
1350,46.0,-,1,45141.3194,2,0,-1.0,0.0,-1.0,1.0,45141.371053325915,-0.05165332591423066,f,above_limit_1000
1351,46.0,+,31,45141.5594,2,0,-1.0,0.0,-1.0,1.0,45141.5488802231,0.010519776900764555,e,above_limit_1000
1352,46.0,-,2,45921.3094,2,1,-1.0,0.0,-1.0,1.0,45921.32472763167,-0.015327631670515984,f,above_limit_1000
1353,46.0,+,32,45921.5394,2,1,-1.0,0.0,-1.0,1.0,45921.49999812337,0.03940187663101824,e,above_limit_1000
1354,46.0,-,3,46688.6894,2,2,-1.0,0.0,-1.0,1.0,46688.746754033826,-0.05735403382277582,f,above_limit_1000
1355,46.0,+,33,46688.9194,2,2,-1.0,0.0,-1.0,1.0,46688.919441732134,-4.1732135287020355e-05,e,above_limit_1000
1356,46.0,-,4,47443.2394,2,3,-1.0,0.0,-1.0,1.0,47443.29417072631,-0.05477072631038027,f,above_limit_1000
1357,46.0,+,34,47443.4894,2,3,-1.0,0.0,-1.0,1.0,47443.46422381887,0.02517618113051867,e,above_limit_1000
1358,46.0,-,5,48184.5894,2,4,-1.0,0.0,-1.0,1.0,48184.614307451244,-0.02490745124669047,f,above_limit_1000
1359,46.0,+,35,48184.8694,2,4,-1.0,0.0,-1.0,1.0,48184.78165826124,0.08774173876008717,e,above_limit_1000
1360,46.0,-,6,48912.3594,2,5,-1.0,0.0,-1.0,1.0,48912.36587632908,-0.0064763290793052875,f,above_limit_1000
1361,46.0,+,36,48912.5894,2,5,-1.0,0.0,-1.0,1.0,48912.53044846237,0.05895153762685368,e,above_limit_1000
1362,46.0,-,7,49626.0894,2,6,-1.0,0.0,-1.0,1.0,49626.22991074231,-0.14051074231247185,f,above_limit_1000
1363,46.0,+,37,49626.4694,2,6,-1.0,0.0,-1.0,1.0,49626.39162400363,0.07777599637483945,e,above_limit_1000
1364,47.0,+,1,45192.9394,2,0,-1.0,0.0,-1.0,1.0,45192.976070934325,-0.03667093432159163,f,above_limit_1000
1365,47.0,-,31,45193.1494,2,0,-1.0,0.0,-1.0,1.0,45193.161433890105,-0.012033890103339218,e,above_limit_1000
1366,47.0,+,2,45972.4294,2,1,-1.0,0.0,-1.0,1.0,45972.412388206256,0.01701179374504136,f,above_limit_1000
1367,47.0,-,32,45972.6194,2,1,-1.0,0.0,-1.0,1.0,45972.59508416335,0.024315836650202982,e,above_limit_1000
1368,47.0,+,3,46739.2694,2,2,-1.0,0.0,-1.0,1.0,46739.31235376942,-0.042953769421728794,f,above_limit_1000
1369,47.0,-,33,46739.4594,2,2,-1.0,0.0,-1.0,1.0,46739.49235482492,-0.03295482492103474,e,above_limit_1000
1370,47.0,+,4,47493.2794,2,3,-1.0,0.0,-1.0,1.0,47493.32994833474,-0.05054833473695908,f,above_limit_1000
1371,47.0,-,34,47493.4894,2,3,-1.0,0.0,-1.0,1.0,47493.507200174055,-0.017800174056901596,e,above_limit_1000
1372,47.0,+,5,48234.1194,2,4,-1.0,0.0,-1.0,1.0,48234.11042625664,0.00897374336636858,f,above_limit_1000
1373,47.0,-,35,48234.3494,2,4,-1.0,0.0,-1.0,1.0,48234.28485811487,0.06454188512725523,e,above_limit_1000
1374,47.0,+,6,48961.3194,2,5,-1.0,0.0,-1.0,1.0,48961.31117879007,0.008221209929615725,f,above_limit_1000
1375,47.0,-,36,48961.5094,2,5,-1.0,0.0,-1.0,1.0,48961.482710887896,0.02668911210639635,e,above_limit_1000
1376,48.0,-,1,45245.5994,2,0,-1.0,0.0,-1.0,1.0,45245.65946509739,-0.06006509739381727,f,above_limit_1000
1377,48.0,+,31,45245.8494,2,0,-1.0,0.0,-1.0,1.0,45245.85250772749,-0.003107727490714751,e,above_limit_1000
1378,48.0,-,2,46024.5594,2,1,-1.0,0.0,-1.0,1.0,46024.567263123754,-0.007863123755669221,f,above_limit_1000
1379,48.0,+,32,46024.7894,2,1,-1.0,0.0,-1.0,1.0,46024.75752585424,0.031874145759502426,e,above_limit_1000
1380,48.0,-,3,46790.8794,2,2,-1.0,0.0,-1.0,1.0,46790.93385924061,-0.054459240614960436,f,above_limit_1000
1381,48.0,+,33,46791.0894,2,2,-1.0,0.0,-1.0,1.0,46791.12131258577,-0.03191258577135159,e,above_limit_1000
1382,48.0,-,4,47544.3494,2,3,-1.0,0.0,-1.0,1.0,47544.4101180236,-0.060718023603840265,f,above_limit_1000
1383,48.0,+,34,47544.5794,2,3,-1.0,0.0,-1.0,1.0,47544.59470509023,-0.015305090229958296,e,above_limit_1000
1384,48.0,-,5,48284.5994,2,4,-1.0,0.0,-1.0,1.0,48284.639181118924,-0.039781118925020564,f,above_limit_1000
1385,48.0,+,35,48284.8794,2,4,-1.0,0.0,-1.0,1.0,48284.82082797435,0.058572025649482384,e,above_limit_1000
1386,48.0,-,6,49011.2594,2,5,-1.0,0.0,-1.0,1.0,49011.27709674083,-0.01769674082606798,f,above_limit_1000
1387,48.0,+,36,49011.5194,2,5,-1.0,0.0,-1.0,1.0,49011.45572014218,0.06367985781980678,e,above_limit_1000
1388,48.0,-,7,49723.8694,2,6,-1.0,0.0,-1.0,1.0,49724.00329724347,-0.13389724346779985,f,above_limit_1000
1389,48.0,+,37,49724.2094,2,6,-1.0,0.0,-1.0,1.0,49724.17880992135,0.03059007864794694,e,above_limit_1000
1390,49.0,+,1,45299.3794,2,0,-1.0,0.0,-1.0,1.0,45299.41999329166,-0.04059329166193493,f,above_limit_1000
1391,49.0,-,31,45299.5994,2,0,-1.0,0.0,-1.0,1.0,45299.620858167444,-0.021458167444507126,e,above_limit_1000
1392,49.0,+,2,46077.7894,2,1,-1.0,0.0,-1.0,1.0,46077.788099527024,0.0013004729771637358,f,above_limit_1000
1393,49.0,-,32,46077.9994,2,1,-1.0,0.0,-1.0,1.0,46077.98606929648,0.013330703521205578,e,above_limit_1000
1394,49.0,+,3,46843.5594,2,2,-1.0,0.0,-1.0,1.0,46843.61000389303,-0.05060389303253032,f,above_limit_1000
1395,49.0,-,33,46843.7594,2,2,-1.0,0.0,-1.0,1.0,46843.80504741822,-0.04564741821377538,e,above_limit_1000
1396,49.0,+,4,47596.4694,2,3,-1.0,0.0,-1.0,1.0,47596.53339672871,-0.06399672870611539,f,above_limit_1000
1397,49.0,-,34,47596.6694,2,3,-1.0,0.0,-1.0,1.0,47596.72545445874,-0.05605445874243742,e,above_limit_1000
1398,49.0,+,5,48336.1694,2,4,-1.0,0.0,-1.0,1.0,48336.19927018049,-0.02987018049316248,f,above_limit_1000
1399,49.0,-,35,48336.4194,2,4,-1.0,0.0,-1.0,1.0,48336.38826493501,0.031135064986301586,e,above_limit_1000
1400,49.0,+,6,49062.2594,2,5,-1.0,0.0,-1.0,1.0,49062.26230767699,-0.0029076769860694185,f,above_limit_1000
1401,49.0,-,36,49062.4894,2,5,-1.0,0.0,-1.0,1.0,49062.44815267052,0.041247329478210304,e,above_limit_1000
1402,49.0,+,7,49774.2894,2,6,-1.0,0.0,-1.0,1.0,49774.40112141512,-0.11172141511633527,f,above_limit_1000
1403,49.0,-,37,49774.6294,2,6,-1.0,0.0,-1.0,1.0,49774.583725726785,0.045674273213080596,e,above_limit_1000
1404,50.0,-,1,45354.1794,2,0,-1.0,0.0,-1.0,1.0,45354.25638662767,-0.07698662766779307,f,above_limit_1000
1405,50.0,+,31,45354.4594,2,0,-1.0,0.0,-1.0,1.0,45354.465215255535,-0.005815255535708275,e,above_limit_1000
1406,50.0,-,2,46132.0594,2,1,-1.0,0.0,-1.0,1.0,46132.07361791265,-0.014217912648746278,f,above_limit_1000
1407,50.0,+,32,46132.3094,2,1,-1.0,0.0,-1.0,1.0,46132.27943392441,0.0299660755918012,e,above_limit_1000
1408,50.0,-,3,46897.2694,2,2,-1.0,0.0,-1.0,1.0,46897.33949413223,-0.07009413223568117,f,above_limit_1000
1409,50.0,+,33,46897.5194,2,2,-1.0,0.0,-1.0,1.0,46897.542264664786,-0.022864664788357913,e,above_limit_1000
1410,50.0,-,4,47649.6194,2,3,-1.0,0.0,-1.0,1.0,47649.698473862714,-0.07907386271108408,f,above_limit_1000
1411,50.0,-,34,47649.8694,2,3,-1.0,0.0,-1.0,1.0,47649.698473862714,0.17092613728891592,f,above_limit_1000
1412,50.0,-,5,48388.7494,2,4,-1.0,0.0,-1.0,1.0,48388.78936351148,-0.03996351148089161,f,above_limit_1000
1413,50.0,+,35,48389.0194,2,4,-1.0,0.0,-1.0,1.0,48388.98583799894,0.03356200105918106,e,above_limit_1000
1414,50.0,-,6,49114.2494,2,5,-1.0,0.0,-1.0,1.0,49114.265460418734,-0.016060418733104598,f,above_limit_1000
1415,50.0,+,36,49114.4894,2,5,-1.0,0.0,-1.0,1.0,49114.45865622166,0.030743778341275174,e,above_limit_1000
1416,50.0,-,7,49825.6694,2,6,-1.0,0.0,-1.0,1.0,49825.80454384797,-0.13514384796872037,f,above_limit_1000
1417,50.0,+,37,49826.0494,2,6,-1.0,0.0,-1.0,1.0,49825.99436631679,0.05503368321660673,e,above_limit_1000
1418,51.0,+,1,45410.1094,2,0,-1.0,0.0,-1.0,1.0,45410.167349817886,-0.05794981788494624,f,above_limit_1000
1419,51.0,-,31,45410.3494,2,0,-1.0,0.0,-1.0,1.0,45410.38428261864,-0.034882618638221174,e,above_limit_1000
1420,51.0,+,2,46187.4194,2,1,-1.0,0.0,-1.0,1.0,46187.42251209469,-0.003112094687821809,f,above_limit_1000
1421,51.0,-,32,46187.6394,2,1,-1.0,0.0,-1.0,1.0,46187.63631246863,0.0030875313677825034,e,above_limit_1000
1422,51.0,+,3,46952.0594,2,2,-1.0,0.0,-1.0,1.0,46952.121009279,-0.06160927900054958,f,above_limit_1000
1423,51.0,-,33,46952.2594,2,2,-1.0,0.0,-1.0,1.0,46952.33164256307,-0.07224256306653842,e,above_limit_1000
1424,51.0,+,4,47703.8094,2,3,-1.0,0.0,-1.0,1.0,47703.90401126257,-0.09461126257519936,f,above_limit_1000
1425,51.0,-,34,47704.0794,2,3,-1.0,0.0,-1.0,1.0,47704.1114123484,-0.03201234839798417,e,above_limit_1000
1426,51.0,+,5,48442.3294,2,4,-1.0,0.0,-1.0,1.0,48442.40810304618,-0.07870304617972579,f,above_limit_1000
1427,51.0,-,35,48442.6394,2,4,-1.0,0.0,-1.0,1.0,48442.61218801176,0.027211988242925145,e,above_limit_1000
1428,51.0,+,6,49167.2694,2,5,-1.0,0.0,-1.0,1.0,49167.28517503693,-0.01577503693260951,f,above_limit_1000
1429,51.0,-,36,49167.5094,2,5,-1.0,0.0,-1.0,1.0,49167.4858497734,0.023550226600491442,e,above_limit_1000
1430,51.0,+,7,49878.1094,2,6,-1.0,0.0,-1.0,1.0,49878.21216103142,-0.10276103141950443,f,above_limit_1000
1431,51.0,-,37,49878.4094,2,6,-1.0,0.0,-1.0,1.0,49878.40932708423,7.291576912393793e-05,e,above_limit_1000
1432,52.0,-,1,45467.0894,2,0,-1.0,0.0,-1.0,1.0,45467.151561144055,-0.062161144058336504,f,above_limit_1000
1433,52.0,+,31,45467.3594,2,0,-1.0,0.0,-1.0,1.0,45467.37673743259,-0.017337432589556556,e,above_limit_1000
1434,52.0,-,2,46243.7994,2,1,-1.0,0.0,-1.0,1.0,46243.83344916656,-0.03404916655563284,f,above_limit_1000
1435,52.0,+,32,46244.0494,2,1,-1.0,0.0,-1.0,1.0,46244.05537091942,-0.0059709194174502045,e,above_limit_1000
1436,52.0,-,3,47007.8794,2,2,-1.0,0.0,-1.0,1.0,47007.95320152454,-0.07380152454425115,f,above_limit_1000
1437,52.0,+,33,47008.0994,2,2,-1.0,0.0,-1.0,1.0,47008.17183220024,-0.07243220024247421,e,above_limit_1000
1438,52.0,-,4,47759.0694,2,3,-1.0,0.0,-1.0,1.0,47759.1486431349,-0.07924313489638735,f,above_limit_1000
1439,52.0,+,34,47759.3194,2,3,-1.0,0.0,-1.0,1.0,47759.36391472105,-0.044514721048471984,e,above_limit_1000
1440,52.0,-,5,48496.9994,2,4,-1.0,0.0,-1.0,1.0,48497.05410251801,-0.054702518005797174,f,above_limit_1000
1441,52.0,+,35,48491.2594,2,4,-1.0,0.0,-1.0,1.0,48497.26592759703,-6.006527597026434,e,above_limit_1000
1442,52.0,-,6,49221.2794,2,5,-1.0,0.0,-1.0,1.0,49221.32004277567,-0.04064277566794772,f,above_limit_1000
1443,52.0,+,36,49221.5594,2,5,-1.0,0.0,-1.0,1.0,49221.52832345645,0.031076543549716007,e,above_limit_1000
1444,52.0,-,7,49931.4694,2,6,-1.0,0.0,-1.0,1.0,49931.62253995209,-0.15313995208998676,f,above_limit_1000
1445,53.0,+,1,45525.1594,2,0,-1.0,0.0,-1.0,1.0,45525.207672423254,-0.04827242325700354,f,above_limit_1000
1446,53.0,-,31,45525.4094,2,0,-1.0,0.0,-1.0,1.0,45525.44123038838,-0.03183038838324137,e,above_limit_1000
1447,53.0,+,2,46301.2594,2,1,-1.0,0.0,-1.0,1.0,46301.305069462236,-0.045669462233490776,f,above_limit_1000
1448,53.0,-,32,46301.5494,2,1,-1.0,0.0,-1.0,1.0,46301.535248486965,0.014151513038086705,e,above_limit_1000
1449,53.0,+,3,47064.7694,2,2,-1.0,0.0,-1.0,1.0,47064.83469588346,-0.06529588346165838,f,above_limit_1000
1450,53.0,-,33,47064.9894,2,2,-1.0,0.0,-1.0,1.0,47065.06145746669,-0.07205746669205837,e,above_limit_1000
1451,53.0,+,4,47815.3294,2,3,-1.0,0.0,-1.0,1.0,47815.43097599905,-0.1015759990477818,f,above_limit_1000
1452,53.0,-,34,47815.6094,2,3,-1.0,0.0,-1.0,1.0,47815.65424913864,-0.04484913864143891,e,above_limit_1000
1453,53.0,+,5,48552.6594,2,4,-1.0,0.0,-1.0,1.0,48552.725947392566,-0.06654739256919129,f,above_limit_1000
1454,53.0,-,35,48552.9494,2,4,-1.0,0.0,-1.0,1.0,48552.94564108987,0.0037589101266348734,e,above_limit_1000
1455,53.0,+,6,49276.3594,2,5,-1.0,0.0,-1.0,1.0,49276.368625974035,-0.009225974034052342,f,above_limit_1000
1456,53.0,-,36,49276.6294,2,5,-1.0,0.0,-1.0,1.0,49276.584638475004,0.04476152499410091,e,above_limit_1000
1457,53.0,+,7,49985.8894,2,6,-1.0,0.0,-1.0,1.0,49986.03421800215,-0.14481800214707619,f,above_limit_1000
1458,53.0,-,37,49986.2594,2,6,-1.0,0.0,-1.0,1.0,49986.24644300963,0.012956990372913424,e,above_limit_1000
1459,54.0,-,1,45584.2794,2,0,-1.0,0.0,-1.0,1.0,45584.33430897348,-0.05490897347772261,f,above_limit_1000
1460,54.0,+,31,45584.5594,2,0,-1.0,0.0,-1.0,1.0,45584.57638565748,-0.01698565747938119,e,above_limit_1000
1461,54.0,-,2,46359.8094,2,1,-1.0,0.0,-1.0,1.0,46359.83598651647,-0.026586516469251364,f,above_limit_1000
1462,54.0,+,32,46360.1094,2,1,-1.0,0.0,-1.0,1.0,46360.07455756179,0.03484243821003474,e,above_limit_1000
1463,54.0,-,3,47122.6994,2,2,-1.0,0.0,-1.0,1.0,47122.7640901457,-0.06469014570029685,f,above_limit_1000
1464,54.0,+,33,47122.9394,2,2,-1.0,0.0,-1.0,1.0,47122.999115007435,-0.059715007431805134,e,above_limit_1000
1465,54.0,-,4,47872.6794,2,3,-1.0,0.0,-1.0,1.0,47872.74958862987,-0.07018862987024477,f,above_limit_1000
1466,54.0,+,34,47872.9294,2,3,-1.0,0.0,-1.0,1.0,47872.98099322809,-0.05159322809049627,e,above_limit_1000
1467,54.0,-,5,48609.3794,2,4,-1.0,0.0,-1.0,1.0,48609.42219479858,-0.04279479858087143,f,above_limit_1000
1468,54.0,+,35,48609.6394,2,4,-1.0,0.0,-1.0,1.0,48609.64988446775,-0.010484467748028692,e,above_limit_1000
1469,54.0,-,6,49332.4194,2,5,-1.0,0.0,-1.0,1.0,49332.4294579854,-0.010057985404273495,f,above_limit_1000
1470,54.0,+,36,49332.6794,2,5,-1.0,0.0,-1.0,1.0,49332.65332702683,0.026072973174450453,e,above_limit_1000
1471,55.0,+,1,45644.4694,2,0,-1.0,0.0,-1.0,1.0,45644.530069578126,-0.06066957812436158,f,above_limit_1000
1472,55.0,-,31,45644.7694,2,0,-1.0,0.0,-1.0,1.0,45644.78080085668,-0.011400856681575533,e,above_limit_1000
1473,55.0,+,2,46419.4194,2,1,-1.0,0.0,-1.0,1.0,46419.424787023134,-0.005387023134971969,f,above_limit_1000
1474,55.0,-,32,46419.7094,2,1,-1.0,0.0,-1.0,1.0,46419.67188367379,0.0375163262069691,e,above_limit_1000
1475,55.0,+,3,47181.6494,2,2,-1.0,0.0,-1.0,1.0,47181.73995482686,-0.0905548268565326,f,above_limit_1000
1476,55.0,-,33,47181.9594,2,2,-1.0,0.0,-1.0,1.0,47181.983374173535,-0.02397417353495257,e,above_limit_1000
1477,55.0,+,4,47931.0194,2,3,-1.0,0.0,-1.0,1.0,47931.10303199794,-0.08363199794257525,f,above_limit_1000
1478,55.0,-,34,47931.3094,2,3,-1.0,0.0,-1.0,1.0,47931.342696792504,-0.03329679250600748,e,above_limit_1000
1479,55.0,+,5,48667.0994,2,4,-1.0,0.0,-1.0,1.0,48667.14137345735,-0.04197345735155977,f,above_limit_1000
1480,55.0,-,35,48667.3994,2,4,-1.0,0.0,-1.0,1.0,48667.37718528024,0.022214719763724133,e,above_limit_1000
1481,55.0,+,6,49389.4894,2,5,-1.0,0.0,-1.0,1.0,49389.501043094475,-0.011643094476312399,f,above_limit_1000
1482,55.0,-,36,49389.7794,2,5,-1.0,0.0,-1.0,1.0,49389.732892219916,0.04650778008362977,e,above_limit_1000
1483,55.0,+,7,50097.7294,2,6,-1.0,0.0,-1.0,1.0,50097.85547251882,-0.12607251882582204,f,above_limit_1000
1484,55.0,-,37,50098.0994,2,6,-1.0,0.0,-1.0,1.0,50098.083244495356,0.016155504643393215,e,above_limit_1000
1485,56.0,-,1,45705.7594,2,0,-1.0,0.0,-1.0,1.0,45705.79352644925,-0.034126449245377444,f,above_limit_1000
1486,56.0,+,31,45706.0494,2,0,-1.0,0.0,-1.0,1.0,45706.05304701154,-0.0036470115373958834,e,above_limit_1000
1487,56.0,-,2,46480.0594,2,1,-1.0,0.0,-1.0,1.0,46480.07003079313,-0.010630793134623673,f,above_limit_1000
1488,56.0,+,32,46480.3694,2,1,-1.0,0.0,-1.0,1.0,46480.32578544963,0.04361455036996631,e,above_limit_1000
1489,56.0,-,3,47241.7094,2,2,-1.0,0.0,-1.0,1.0,47241.76083311785,-0.05143311784922844,f,above_limit_1000
1490,56.0,+,33,47241.9594,2,2,-1.0,0.0,-1.0,1.0,47242.01277697025,-0.0533769702524296,e,above_limit_1000
1491,56.0,-,4,47990.4394,2,3,-1.0,0.0,-1.0,1.0,47990.4898292082,-0.05042920819687424,f,above_limit_1000
1492,56.0,+,34,47990.6994,2,3,-1.0,0.0,-1.0,1.0,47990.737881748384,-0.038481748386402614,e,above_limit_1000
1493,56.0,-,5,48725.8494,2,4,-1.0,0.0,-1.0,1.0,48725.88198361003,-0.03258361003099708,f,above_limit_1000
1494,56.0,+,35,48726.1494,2,4,-1.0,0.0,-1.0,1.0,48726.12604257563,0.02335742436844157,e,above_limit_1000
1495,56.0,-,6,49447.5894,2,5,-1.0,0.0,-1.0,1.0,49447.58185643148,0.007543568513938226,f,above_limit_1000
1496,56.0,+,36,49447.8694,2,5,-1.0,0.0,-1.0,1.0,49447.82180798681,0.04759201319393469,e,above_limit_1000
1497,56.0,-,7,50155.2294,2,6,-1.0,0.0,-1.0,1.0,50155.26197493695,-0.03257493695127778,f,above_limit_1000
1498,57.0,+,1,45768.0794,2,0,-1.0,0.0,-1.0,1.0,45768.123225190524,-0.04382519052160205,f,above_limit_1000
1499,57.0,-,31,45768.3894,2,0,-1.0,0.0,-1.0,1.0,45768.391668518794,-0.0022685187941533513,e,above_limit_1000
1500,57.0,+,2,46541.7794,2,1,-1.0,0.0,-1.0,1.0,46541.77025071076,0.009149289238848723,f,above_limit_1000
1501,57.0,-,32,46542.0994,2,1,-1.0,0.0,-1.0,1.0,46542.03479456908,0.06460543091816362,e,above_limit_1000
1502,57.0,+,3,47302.7794,2,2,-1.0,0.0,-1.0,1.0,47302.82524083177,-0.045840831771783996,f,above_limit_1000
1503,57.0,-,33,47303.0594,2,2,-1.0,0.0,-1.0,1.0,47303.08583800578,-0.02643800578516675,e,above_limit_1000
1504,57.0,+,4,48050.8294,2,3,-1.0,0.0,-1.0,1.0,48050.908475437085,-0.07907543708279263,f,above_limit_1000
1505,57.0,-,34,48051.1394,2,3,-1.0,0.0,-1.0,1.0,48051.16504206381,-0.025642063810664695,e,above_limit_1000
1506,57.0,+,5,48785.5994,2,4,-1.0,0.0,-1.0,1.0,48785.642496942564,-0.04309694256517105,f,above_limit_1000
1507,57.0,-,35,48785.9194,2,4,-1.0,0.0,-1.0,1.0,48785.89492682702,0.02447317297628615,e,above_limit_1000
1508,57.0,+,6,49506.6594,2,5,-1.0,0.0,-1.0,1.0,49506.67034388508,-0.010943885084998328,f,above_limit_1000
1509,57.0,-,36,49506.9694,2,5,-1.0,0.0,-1.0,1.0,49506.918518997874,0.050881002127425745,e,above_limit_1000
1510,57.0,+,7,50213.5894,2,6,-1.0,0.0,-1.0,1.0,50213.663628186456,-0.07422818645864027,f,above_limit_1000
1511,57.0,-,37,50213.8994,2,6,-1.0,0.0,-1.0,1.0,50213.90742560841,-0.008025608411116991,e,above_limit_1000
1512,58.0,-,1,45831.4994,2,0,-1.0,0.0,-1.0,1.0,45831.51768475817,-0.018284758167283144,f,above_limit_1000
1513,58.0,+,31,45831.8094,2,0,-1.0,0.0,-1.0,1.0,45831.79518310828,0.014216891715477686,e,above_limit_1000
1514,58.0,-,2,46604.5494,2,1,-1.0,0.0,-1.0,1.0,46604.52395268899,0.025447311010793783,f,above_limit_1000
1515,58.0,+,32,46604.8494,2,1,-1.0,0.0,-1.0,1.0,46604.7974157209,0.05198427909635939,e,above_limit_1000
1516,58.0,-,3,47364.8794,2,2,-1.0,0.0,-1.0,1.0,47364.93166635059,-0.05226635059079854,f,above_limit_1000
1517,58.0,+,33,47365.1894,2,2,-1.0,0.0,-1.0,1.0,47365.20104443637,-0.011644436366623268,e,above_limit_1000
1518,58.0,-,4,48112.2994,2,3,-1.0,0.0,-1.0,1.0,48112.35743786804,-0.05803786803880939,f,above_limit_1000
1519,58.0,+,34,48112.5994,2,3,-1.0,0.0,-1.0,1.0,48112.622643693154,-0.023243693154654466,e,above_limit_1000
1520,58.0,-,5,48846.3794,2,4,-1.0,0.0,-1.0,1.0,48846.421356509425,-0.04195650942710927,f,above_limit_1000
1521,58.0,+,35,48846.7294,2,4,-1.0,0.0,-1.0,1.0,48846.682279854926,0.04712014507094864,e,above_limit_1000
1522,58.0,-,6,49566.7594,2,5,-1.0,0.0,-1.0,1.0,49566.76492201197,-0.005522011968423612,f,above_limit_1000
1523,58.0,+,36,49567.0494,2,5,-1.0,0.0,-1.0,1.0,49567.021440570774,0.027959429229667876,e,above_limit_1000
1524,58.0,-,7,50272.9794,2,6,-1.0,0.0,-1.0,0.0,50273.05882022304,-0.07942022304632701,f,above_limit_1000
1525,58.0,+,37,50273.2994,2,6,-1.0,0.0,-1.0,1.0,50273.310806723195,-0.0114067231916124,e,above_limit_1000
1526,59.0,+,1,45895.9194,2,0,-1.0,0.0,-1.0,1.0,45895.975397422095,-0.05599742209597025,f,above_limit_1000
1527,59.0,-,31,45896.2794,2,0,-1.0,0.0,-1.0,1.0,45896.262081803616,0.017318196383712348,e,above_limit_1000
1528,59.0,+,2,46668.3194,2,1,-1.0,0.0,-1.0,1.0,46668.329615623225,-0.010215623224212322,f,above_limit_1000
1529,59.0,-,32,46668.6894,2,1,-1.0,0.0,-1.0,1.0,46668.61212655671,0.07727344329032348,e,above_limit_1000
1530,59.0,+,3,47428.0294,2,2,-1.0,0.0,-1.0,1.0,47428.07857056937,-0.049170569371199235,f,above_limit_1000
1531,59.0,-,33,47428.3594,2,2,-1.0,0.0,-1.0,1.0,47428.35685591185,0.0025440881508984603,e,above_limit_1000
1532,59.0,+,4,48174.7594,2,3,-1.0,0.0,-1.0,1.0,48174.83515562476,-0.0757556247554021,f,above_limit_1000
1533,59.0,-,34,48175.0994,2,3,-1.0,0.0,-1.0,1.0,48175.109124511015,-0.009724511015519965,e,above_limit_1000
1534,59.0,+,5,48908.1894,2,4,-1.0,0.0,-1.0,1.0,48908.21697665431,-0.027576654305448756,f,above_limit_1000
1535,59.0,-,35,48908.5394,2,4,-1.0,0.0,-1.0,1.0,48908.48651474924,0.052885250763210934,e,above_limit_1000
1536,59.0,+,6,49627.8494,2,5,-1.0,0.0,-1.0,1.0,49627.86397794498,-0.014577944981283508,f,above_limit_1000
1537,59.0,-,36,49628.1694,2,5,-1.0,0.0,-1.0,1.0,49628.12895857831,0.04044142169004772,e,above_limit_1000
1538,59.0,+,7,50333.3894,2,6,-1.0,0.0,-1.0,0.0,50333.44590880402,-0.056508804016630165,f,above_limit_1000
1539,60.0,-,1,45961.4794,2,0,-1.0,0.0,-1.0,1.0,45961.49482872495,-0.015428724953380879,f,above_limit_1000
1540,60.0,+,31,45961.8194,2,0,-1.0,0.0,-1.0,1.0,45961.79082888125,0.028571118753461633,e,above_limit_1000
1541,60.0,-,2,46733.2094,2,1,-1.0,0.0,-1.0,1.0,46733.18569134419,0.02370865581178805,f,above_limit_1000
1542,60.0,+,32,46733.5394,2,1,-1.0,0.0,-1.0,1.0,46733.47737764291,0.06202235709497472,e,above_limit_1000
1543,60.0,-,3,47492.2194,2,2,-1.0,0.0,-1.0,1.0,47492.26438683961,-0.044986839609919116,f,above_limit_1000
1544,60.0,+,33,47492.5494,2,2,-1.0,0.0,-1.0,1.0,47492.55170451817,-0.0023045181660563685,e,above_limit_1000
1545,60.0,-,4,48238.2994,2,3,-1.0,0.0,-1.0,1.0,48238.340039702794,-0.040639702790940646,f,above_limit_1000
1546,60.0,+,34,48238.6094,2,3,-1.0,0.0,-1.0,1.0,48238.62289424405,-0.013494244049070403,e,above_limit_1000
1547,60.0,-,5,48971.0194,2,4,-1.0,0.0,-1.0,1.0,48971.027742929364,-0.008342929366335738,f,above_limit_1000
1548,60.0,+,35,48971.3594,2,4,-1.0,0.0,-1.0,1.0,48971.30601578713,0.053384212871605996,e,above_limit_1000
1549,60.0,-,6,49689.9694,2,5,-1.0,0.0,-1.0,1.0,49689.96586929804,0.003530701964336913,f,above_limit_1000
1550,60.0,+,36,49690.3294,2,5,-1.0,0.0,-1.0,1.0,49690.23942935405,0.08997064595314441,e,above_limit_1000
1551,60.0,-,7,50394.7594,2,6,-1.0,0.0,-1.0,1.0,50394.8232213774,-0.06382137740001781,f,above_limit_1000
1552,60.0,+,37,50395.1494,2,6,-1.0,0.0,-1.0,1.0,50395.091932414485,0.05746758551686071,e,above_limit_1000
1553,61.0,+,1,46028.0494,2,0,-1.0,0.0,-1.0,1.0,46028.07441744089,-0.025017440886585973,f,above_limit_1000
1554,61.0,-,31,46028.4194,2,0,-1.0,0.0,-1.0,1.0,46028.37986182962,0.03953817037836416,e,above_limit_1000
1555,61.0,+,2,46799.1094,2,1,-1.0,0.0,-1.0,1.0,46799.09060456882,0.01879543118411675,f,above_limit_1000
1556,61.0,-,32,46799.4594,2,1,-1.0,0.0,-1.0,1.0,46799.391592413,0.06780758700188017,e,above_limit_1000
1557,61.0,+,3,47557.4594,2,2,-1.0,0.0,-1.0,1.0,47557.48752091047,-0.02812091047235299,f,above_limit_1000
1558,61.0,-,33,47557.8094,2,2,-1.0,0.0,-1.0,1.0,47557.78399471948,0.025405280517588835,e,above_limit_1000
1559,61.0,+,4,48302.8294,2,3,-1.0,0.0,-1.0,1.0,48302.8704728995,-0.041072899497521576,f,above_limit_1000
1560,61.0,-,34,48303.1494,2,3,-1.0,0.0,-1.0,1.0,48303.16233439996,-0.012934399957885034,e,above_limit_1000
1561,61.0,+,5,49034.8494,2,4,-1.0,0.0,-1.0,1.0,49034.852012011885,-0.002612011885503307,f,above_limit_1000
1562,61.0,-,35,49035.1894,2,4,-1.0,0.0,-1.0,1.0,49035.13913835143,0.050261648575542495,e,above_limit_1000
1563,61.0,+,6,49753.0794,2,5,-1.0,0.0,-1.0,1.0,49753.06892406882,0.010475931179826148,f,above_limit_1000
1564,61.0,-,36,49753.4494,2,5,-1.0,0.0,-1.0,1.0,49753.35117959425,0.09822040575090796,e,above_limit_1000
1565,61.0,+,7,50457.1794,2,6,-1.0,0.0,-1.0,1.0,50457.18905496944,-0.009654969442635775,f,above_limit_1000
1566,61.0,-,37,50457.4994,2,6,-1.0,0.0,-1.0,1.0,50457.466298870095,0.03310112990584457,e,above_limit_1000
1567,62.0,-,1,46095.7094,2,0,-1.0,0.0,-1.0,1.0,46095.71257553289,-0.003175532889144961,f,above_limit_1000
1568,62.0,+,31,46096.0694,2,0,-1.0,0.0,-1.0,1.0,46096.027591306236,0.041808693764323834,e,above_limit_1000
1569,62.0,-,2,46866.0794,2,1,-1.0,0.0,-1.0,1.0,46866.04275285062,0.03664714938349789,f,above_limit_1000
1570,62.0,+,32,46866.4694,2,1,-1.0,0.0,-1.0,1.0,46866.35316711759,0.11623288241389673,e,above_limit_1000
1571,62.0,-,3,47623.7194,2,2,-1.0,0.0,-1.0,1.0,47623.74635086843,-0.02695086842868477,f,above_limit_1000
1572,62.0,+,33,47624.0694,2,2,-1.0,0.0,-1.0,1.0,47624.05210329708,0.017296702921157703,e,above_limit_1000
1573,62.0,-,4,48368.3794,2,3,-1.0,0.0,-1.0,1.0,48368.424809741715,-0.04540974171686685,f,above_limit_1000
1574,62.0,+,34,48368.7394,2,3,-1.0,0.0,-1.0,1.0,48368.72579819628,0.013601803715573624,e,above_limit_1000
1575,62.0,-,5,49099.6894,2,4,-1.0,0.0,-1.0,1.0,49099.68811161899,0.001288381012273021,f,above_limit_1000
1576,62.0,+,35,49100.0494,2,4,-1.0,0.0,-1.0,1.0,49099.98420884392,0.06519115608534776,e,above_limit_1000
1577,62.0,-,6,49817.1994,2,5,-1.0,0.0,-1.0,1.0,49817.17144053895,0.027959461047430523,f,above_limit_1000
1578,62.0,+,36,49817.5694,2,5,-1.0,0.0,-1.0,1.0,49817.46250625867,0.10689374132925877,e,above_limit_1000
1579,63.0,+,1,46164.4194,2,0,-1.0,0.0,-1.0,1.0,46164.407688108746,0.011711891253071371,f,above_limit_1000
1580,63.0,-,31,46164.7794,2,0,-1.0,0.0,-1.0,1.0,46164.732401094145,0.04699890585470712,e,above_limit_1000
1581,63.0,+,2,46934.0894,2,1,-1.0,0.0,-1.0,1.0,46934.040506528116,0.04889347188145621,f,above_limit_1000
1582,63.0,-,32,46934.4594,2,1,-1.0,0.0,-1.0,1.0,46934.360470772044,0.09892922795552295,e,above_limit_1000
1583,63.0,+,3,47690.6394,2,2,-1.0,0.0,-1.0,1.0,47691.039227075846,-0.39982707584567834,f,above_limit_1000
1584,63.0,-,33,47691.3994,2,2,-1.0,0.0,-1.0,1.0,47691.354379288765,0.04502071123715723,e,above_limit_1000
1585,63.0,+,4,48434.9694,2,3,-1.0,0.0,-1.0,1.0,48435.00137641172,-0.031976411715731956,f,above_limit_1000
1586,63.0,-,34,48435.3394,2,3,-1.0,0.0,-1.0,1.0,48435.31161048594,0.027789514060714282,e,above_limit_1000
1587,63.0,+,5,49165.5094,2,4,-1.0,0.0,-1.0,1.0,49165.5343404197,-0.02494041969475802,f,above_limit_1000
1588,63.0,-,35,49165.8994,2,4,-1.0,0.0,-1.0,1.0,49165.83952459829,0.059875401711906306,e,above_limit_1000
1589,63.0,+,6,49882.2894,2,5,-1.0,0.0,-1.0,1.0,49882.27168717136,0.017712828645016998,f,above_limit_1000
1590,63.0,-,36,49882.6494,2,5,-1.0,0.0,-1.0,1.0,49882.571676467924,0.07772353207838023,e,above_limit_1000
1591,64.0,-,1,46234.1494,2,0,-1.0,0.0,-1.0,1.0,46234.15811337646,-0.008713376460946165,f,above_limit_1000
1592,64.0,+,31,46234.5694,2,0,-1.0,0.0,-1.0,1.0,46234.49264805723,0.0767519427681691,e,above_limit_1000
1593,64.0,-,2,47003.0994,2,1,-1.0,0.0,-1.0,1.0,47003.08220867196,0.017191328035551123,f,above_limit_1000
1594,64.0,+,32,47003.5094,2,1,-1.0,0.0,-1.0,1.0,47003.41184510485,0.09755489515373483,e,above_limit_1000
1595,64.0,-,3,47759.3394,2,2,-1.0,0.0,-1.0,1.0,47759.36447210684,-0.0250721068441635,f,above_limit_1000
1596,64.0,+,33,47759.7294,2,2,-1.0,0.0,-1.0,1.0,47759.68914392401,0.04025607598305214,e,above_limit_1000
1597,64.0,-,4,48502.5694,2,3,-1.0,0.0,-1.0,1.0,48502.59847067054,-0.029070670541841537,f,above_limit_1000
1598,64.0,+,34,48502.9494,2,3,-1.0,0.0,-1.0,1.0,48502.91806768095,0.03133231904939748,e,above_limit_1000
1599,64.0,-,5,49232.3694,2,4,-1.0,0.0,-1.0,1.0,49232.38896794518,-0.01956794517900562,f,above_limit_1000
1600,64.0,+,35,49232.7594,2,4,-1.0,0.0,-1.0,1.0,49232.703353789846,0.056046210156637244,e,above_limit_1000
1601,64.0,-,6,49948.4094,2,5,-1.0,0.0,-1.0,1.0,49948.367902505066,0.0414974949308089,f,above_limit_1000
1602,64.0,+,36,49948.7494,2,5,-1.0,0.0,-1.0,1.0,49948.67692739826,0.07247260174335679,e,above_limit_1000
1603,65.0,+,1,46304.9794,2,0,-1.0,0.0,-1.0,1.0,46304.96218259856,0.017217401436937507,f,above_limit_1000
1604,65.0,-,31,46305.3594,2,0,-1.0,0.0,-1.0,1.0,46305.30666209445,0.05273790554929292,e,above_limit_1000
1605,65.0,+,2,47073.2094,2,1,-1.0,0.0,-1.0,1.0,47073.16617503069,0.04322496931126807,f,above_limit_1000
1606,65.0,-,32,47073.6094,2,1,-1.0,0.0,-1.0,1.0,47073.50560450291,0.1037954970888677,e,above_limit_1000
1607,65.0,+,3,47828.7194,2,2,-1.0,0.0,-1.0,1.0,47828.72038068192,-0.0009806819216464646,f,above_limit_1000
1608,65.0,-,33,47829.0994,2,2,-1.0,0.0,-1.0,1.0,47829.05469055967,0.04470944032800617,e,above_limit_1000
1609,65.0,+,4,48571.1994,2,3,-1.0,0.0,-1.0,1.0,48571.21436178056,-0.014961780565499794,f,above_limit_1000
1610,65.0,-,34,48571.5594,2,3,-1.0,0.0,-1.0,1.0,48571.5434376745,0.015962325494911056,e,above_limit_1000
1611,65.0,+,5,49300.2394,2,4,-1.0,0.0,-1.0,1.0,49300.250234496096,-0.01083449609723175,f,above_limit_1000
1612,65.0,-,35,49300.6094,2,4,-1.0,0.0,-1.0,1.0,49300.57393534372,0.035464656284602825,e,above_limit_1000
1613,65.0,+,6,50015.4894,2,5,-1.0,0.0,-1.0,1.0,50015.4582950472,0.031104952795431018,f,above_limit_1000
1614,65.0,-,36,50015.8494,2,5,-1.0,0.0,-1.0,1.0,50015.77646617345,0.07293382655188907,e,above_limit_1000
1615,66.0,-,1,46376.8294,2,0,-1.0,0.0,-1.0,1.0,46376.81820004435,0.01119995565386489,f,above_limit_1000
1616,66.0,+,31,46377.2494,2,0,-1.0,0.0,-1.0,1.0,46377.172746092656,0.07665390734473476,e,above_limit_1000
1617,66.0,-,2,47144.3294,2,1,-1.0,0.0,-1.0,1.0,47144.29069397456,0.03870602544338908,f,above_limit_1000
1618,66.0,+,32,47144.7394,2,1,-1.0,0.0,-1.0,1.0,47144.640035955956,0.09936404404288623,e,above_limit_1000
1619,66.0,-,3,47899.0794,2,2,-1.0,0.0,-1.0,1.0,47899.105219601064,-0.025819601061812136,f,above_limit_1000
1620,66.0,+,33,47899.5194,2,2,-1.0,0.0,-1.0,1.0,47899.44928461209,0.07011538790538907,e,above_limit_1000
1621,66.0,-,4,48640.8094,2,3,-1.0,0.0,-1.0,1.0,48640.84729042419,-0.03789042419521138,f,above_limit_1000
1622,66.0,+,34,48641.2194,2,3,-1.0,0.0,-1.0,1.0,48641.18595976018,0.03344023982208455,e,above_limit_1000
1623,66.0,-,5,49369.0894,2,4,-1.0,0.0,-1.0,1.0,49369.1163510475,-0.02695104750455357,f,above_limit_1000
1624,66.0,+,35,49369.5394,2,4,-1.0,0.0,-1.0,1.0,49369.44947883915,0.08992116084846202,e,above_limit_1000
1625,66.0,-,6,50083.5494,2,5,-1.0,0.0,-1.0,1.0,50083.5410431624,0.008356837606697809,f,above_limit_1000
1626,66.0,+,36,50083.9894,2,5,-1.0,0.0,-1.0,1.0,50083.868469754394,0.12093024560454069,e,above_limit_1000
1627,67.0,+,1,46449.7394,2,0,-1.0,0.0,-1.0,1.0,46449.72444294217,0.014957057828723919,f,above_limit_1000
1628,67.0,-,31,46450.1694,2,0,-1.0,0.0,-1.0,1.0,46450.08917587829,0.08022412170976168,e,above_limit_1000
1629,67.0,+,2,47216.5294,2,1,-1.0,0.0,-1.0,1.0,47216.454026438994,0.07537356100510806,f,above_limit_1000
1630,67.0,-,32,47216.9294,2,1,-1.0,0.0,-1.0,1.0,47216.81339899884,0.11600100115902023,e,above_limit_1000
1631,67.0,+,3,47970.5294,2,2,-1.0,0.0,-1.0,1.0,47970.5172276745,0.012172325499705039,f,above_limit_1000
1632,67.0,-,33,47970.9094,2,2,-1.0,0.0,-1.0,1.0,47970.8711634888,0.03823651119455462,e,above_limit_1000
1633,67.0,+,4,48711.4794,2,3,-1.0,0.0,-1.0,1.0,48711.49546862159,-0.016068621596787125,f,above_limit_1000
1634,67.0,-,34,48711.8694,2,3,-1.0,0.0,-1.0,1.0,48711.84384454971,0.025555450294632465,e,above_limit_1000
1635,67.0,+,5,49438.9994,2,4,-1.0,0.0,-1.0,1.0,49438.98549915197,0.013900848032790236,f,above_limit_1000
1636,67.0,-,35,49439.3794,2,4,-1.0,0.0,-1.0,1.0,49439.328164412604,0.05123558739433065,e,above_limit_1000
1637,67.0,+,6,50152.6894,2,5,-1.0,0.0,-1.0,1.0,50152.6142949587,0.07510504130186746,f,above_limit_1000
1638,67.0,-,36,50153.0694,2,5,-1.0,0.0,-1.0,1.0,50152.951084824905,0.11831517509563128,e,above_limit_1000
1639,68.0,-,1,46523.6894,2,0,-1.0,0.0,-1.0,1.0,46523.6791614296,0.010238570401270408,f,above_limit_1000
1640,68.0,+,31,46524.1594,2,0,-1.0,0.0,-1.0,1.0,46524.054200167855,0.10519983214180684,e,above_limit_1000
1641,68.0,-,2,47289.7094,2,1,-1.0,0.0,-1.0,1.0,47289.65440586481,0.05499413519282825,f,above_limit_1000
1642,68.0,+,32,47290.1594,2,1,-1.0,0.0,-1.0,1.0,47290.02392565346,0.13547434653446544,e,above_limit_1000
1643,68.0,-,3,48042.9294,2,2,-1.0,0.0,-1.0,1.0,48042.95461565144,-0.025215651439793874,f,above_limit_1000
1644,68.0,+,33,48043.4094,2,2,-1.0,0.0,-1.0,1.0,48043.31853651665,0.09086348334676586,e,above_limit_1000
1645,68.0,-,4,48783.1094,2,3,-1.0,0.0,-1.0,1.0,48783.15707964617,-0.047679646166216116,f,above_limit_1000
1646,68.0,+,34,48783.5594,2,3,-1.0,0.0,-1.0,1.0,48783.515273888625,0.04412611137377098,e,above_limit_1000
1647,68.0,-,5,49509.8394,2,4,-1.0,0.0,-1.0,1.0,49509.855830838256,-0.016430838259111624,f,above_limit_1000
1648,68.0,+,35,49510.2994,2,4,-1.0,0.0,-1.0,1.0,49510.2081426578,0.09125734220287995,e,above_limit_1000
1649,68.0,-,6,50222.6894,2,5,-1.0,0.0,-1.0,1.0,50222.67616817107,0.013231828932475764,f,above_limit_1000
1650,68.0,+,36,50223.1594,2,5,-1.0,0.0,-1.0,1.0,50223.02242767592,0.13697232407866977,e,above_limit_1000
1651,69.0,+,1,46598.7094,2,0,-1.0,0.0,-1.0,1.0,46598.680578502426,0.028821497573517263,f,above_limit_1000
1652,69.0,-,31,46599.1494,2,0,-1.0,0.0,-1.0,1.0,46599.06604051788,0.08335948212334188,e,above_limit_1000
1653,69.0,+,2,47363.9394,2,1,-1.0,0.0,-1.0,1.0,47363.89003813833,0.04936186167469714,f,above_limit_1000
1654,69.0,-,32,47364.3594,2,1,-1.0,0.0,-1.0,1.0,47364.26982036777,0.08957963222928811,e,above_limit_1000
1655,69.0,+,3,48116.4194,2,2,-1.0,0.0,-1.0,1.0,48116.415566147414,0.0038338525846484117,f,above_limit_1000
1656,69.0,-,33,48116.8294,2,2,-1.0,0.0,-1.0,1.0,48116.78958486986,0.039815130141505506,e,above_limit_1000
1657,69.0,+,4,48855.7994,2,3,-1.0,0.0,-1.0,1.0,48855.83027793666,-0.03087793665326899,f,above_limit_1000
1658,69.0,-,34,48856.2194,2,3,-1.0,0.0,-1.0,1.0,48856.19840076765,0.0209992323507322,e,above_limit_1000
1659,69.0,+,5,49581.7394,2,4,-1.0,0.0,-1.0,1.0,49581.72546851039,0.013931489607784897,f,above_limit_1000
1660,69.0,-,35,49582.1694,2,4,-1.0,0.0,-1.0,1.0,49582.087534522325,0.08186547767400043,e,above_limit_1000
1661,69.0,+,6,50293.7794,2,5,-1.0,0.0,-1.0,1.0,50293.72475004165,0.05464995835063746,f,above_limit_1000
1662,69.0,-,36,50294.1594,2,5,-1.0,0.0,-1.0,1.0,50294.08058408474,0.07881591525801923,e,above_limit_1000
1663,70.0,-,1,46674.7294,2,0,-1.0,0.0,-1.0,1.0,46674.72688996317,0.0025100368293351494,f,above_limit_1000
1664,70.0,+,31,46675.2094,2,0,-1.0,0.0,-1.0,1.0,46675.12289127218,0.08650872782163788,e,above_limit_1000
1665,70.0,-,2,47439.2094,2,1,-1.0,0.0,-1.0,1.0,47439.159101528945,0.05029847105470253,f,above_limit_1000
1666,70.0,+,32,47439.6594,2,1,-1.0,0.0,-1.0,1.0,47439.54925995404,0.11014004595926963,e,above_limit_1000
1667,70.0,-,3,48190.9194,2,2,-1.0,0.0,-1.0,1.0,48190.89823356926,0.02116643073532032,f,above_limit_1000
1668,70.0,+,33,48191.3594,2,2,-1.0,0.0,-1.0,1.0,48191.28246149469,0.07693850531359203,e,above_limit_1000
1669,70.0,-,4,48929.4794,2,3,-1.0,0.0,-1.0,1.0,48929.51318900814,-0.033789008142775856,f,above_limit_1000
1670,70.0,+,34,48929.8894,2,3,-1.0,0.0,-1.0,1.0,48929.891349235004,-0.0019492350038490258,e,above_limit_1000
1671,70.0,-,5,49654.5894,2,4,-1.0,0.0,-1.0,1.0,49654.59250484067,-0.00310484067449579,f,above_limit_1000
1672,70.0,+,35,49655.0694,2,4,-1.0,0.0,-1.0,1.0,49654.96443120355,0.10496879644779256,e,above_limit_1000
1673,70.0,+,36,50366.2094,2,5,-1.0,0.0,-1.0,1.0,50366.1236091929,0.08579080709750997,e,above_limit_1000
1674,71.0,+,1,46751.8394,2,0,-1.0,0.0,-1.0,1.0,46751.8162643675,0.023135632494813763,f,above_limit_1000
1675,71.0,-,31,46752.3094,2,0,-1.0,0.0,-1.0,1.0,46752.222919509135,0.08648049086332321,e,above_limit_1000
1676,71.0,+,2,47515.5294,2,1,-1.0,0.0,-1.0,1.0,47515.45974662512,0.06965337487781653,f,above_limit_1000
1677,71.0,-,32,47515.9794,2,1,-1.0,0.0,-1.0,1.0,47515.86039352463,0.11900647536822362,e,above_limit_1000
1678,71.0,+,3,48266.4094,2,2,-1.0,0.0,-1.0,1.0,48266.40074403797,0.008655962024931796,f,above_limit_1000
1679,71.0,-,33,48266.8694,2,2,-1.0,0.0,-1.0,1.0,48266.795291031965,0.07410896803776268,e,above_limit_1000
1680,71.0,+,4,49004.1594,2,3,-1.0,0.0,-1.0,1.0,49004.203909359865,-0.04450935986824334,f,above_limit_1000
1681,71.0,-,34,49004.6194,2,3,-1.0,0.0,-1.0,1.0,49004.59221430321,0.02718569679564098,e,above_limit_1000
1682,71.0,+,5,49728.4394,2,4,-1.0,0.0,-1.0,1.0,49728.45500266222,-0.015602662213495933,f,above_limit_1000
1683,71.0,-,35,49728.9294,2,4,-1.0,0.0,-1.0,1.0,49728.83689403921,0.09250596079073148,e,above_limit_1000
1684,71.0,+,6,50438.7894,2,5,-1.0,0.0,-1.0,1.0,50438.77423552126,0.015164478740189224,f,above_limit_1000
1685,71.0,-,36,50439.2294,2,5,-1.0,0.0,-1.0,1.0,50439.14952738006,0.079872619935486,e,above_limit_1000
1686,72.0,-,1,46829.9294,2,0,-1.0,0.0,-1.0,1.0,46829.946842969395,-0.01744296939432388,f,above_limit_1000
1687,72.0,+,31,46830.4894,2,0,-1.0,0.0,-1.0,1.0,46830.364264987016,0.12513501298235497,e,above_limit_1000
1688,72.0,-,2,47592.8594,2,1,-1.0,0.0,-1.0,1.0,47592.79009626924,0.06930373076465912,f,above_limit_1000
1689,72.0,-,2,47593.3094,2,1,-1.0,0.0,-1.0,1.0,47592.79009626924,0.5193037307617487,f,above_limit_1000
1690,72.0,-,3,48342.9494,2,2,-1.0,0.0,-1.0,1.0,48342.92119530935,0.028204690650454722,f,above_limit_1000
1691,72.0,+,33,48343.4294,2,2,-1.0,0.0,-1.0,1.0,48343.32616973926,0.10323026074183872,e,above_limit_1000
1692,72.0,-,4,49079.8794,2,3,-1.0,0.0,-1.0,1.0,49079.90050638077,-0.02110638077283511,f,above_limit_1000
1693,72.0,+,34,49080.3194,2,3,-1.0,0.0,-1.0,1.0,49080.29906185515,0.020338144851848483,e,above_limit_1000
1694,72.0,-,5,49803.3094,2,4,-1.0,0.0,-1.0,1.0,49803.31099485778,-0.0015948577784001827,f,above_limit_1000
1695,72.0,+,35,49803.7694,2,4,-1.0,0.0,-1.0,1.0,49803.70295439694,0.06644560305721825,e,above_limit_1000
1696,72.0,-,6,50512.7394,2,5,-1.0,0.0,-1.0,1.0,50512.77116002801,-0.03176002801046707,f,above_limit_1000
1697,73.0,+,1,46909.1794,2,0,-1.0,0.0,-1.0,1.0,46909.116739665435,0.06266033456631703,f,above_limit_1000
1698,73.0,-,31,46909.6394,2,0,-1.0,0.0,-1.0,1.0,46909.54504008791,0.09435991208738415,e,above_limit_1000
1699,73.0,+,2,47671.2294,2,1,-1.0,0.0,-1.0,1.0,47671.14824548981,0.08115451018966269,f,above_limit_1000
1700,73.0,-,32,47671.6794,2,1,-1.0,0.0,-1.0,1.0,47671.570200176786,0.10919982321502175,e,above_limit_1000
1701,73.0,+,3,48420.4794,2,2,-1.0,0.0,-1.0,1.0,48420.457656693005,0.02174330699199345,f,above_limit_1000
1702,73.0,-,33,48420.9394,2,2,-1.0,0.0,-1.0,1.0,48420.8731654082,0.06623459180264035,e,above_limit_1000
1703,73.0,+,4,49156.5494,2,3,-1.0,0.0,-1.0,1.0,49156.60101825248,-0.05161825247341767,f,above_limit_1000
1704,73.0,-,34,49157.0394,2,3,-1.0,0.0,-1.0,1.0,49157.00992854763,0.02947145236976212,e,above_limit_1000
1705,73.0,+,5,49879.1294,2,4,-1.0,0.0,-1.0,1.0,49879.15848424536,-0.029084245361445937,f,above_limit_1000
1706,73.0,-,35,49879.6494,2,4,-1.0,0.0,-1.0,1.0,49879.56061356033,0.08878643967182143,e,above_limit_1000
1707,73.0,+,6,50587.7494,2,5,-1.0,0.0,-1.0,1.0,50587.746834726524,0.0025652734766481444,f,above_limit_1000
1708,73.0,-,36,50588.2894,2,5,-1.0,0.0,-1.0,1.0,50588.141985920105,0.1474140798964072,e,above_limit_1000
1709,74.0,-,1,46989.2594,2,0,-1.0,0.0,-1.0,1.0,46989.32404093728,-0.06464093727845466,f,above_limit_1000
1710,74.0,+,31,46989.2894,2,0,-1.0,0.0,-1.0,1.0,46989.763329760535,-0.47392976053379243,e,above_limit_1000
1711,74.0,-,2,47750.6094,2,1,-1.0,0.0,-1.0,1.0,47750.53226143248,0.07713856751797721,f,above_limit_1000
1712,74.0,+,32,47751.0794,2,1,-1.0,0.0,-1.0,1.0,47750.96503238684,0.11436761316144839,e,above_limit_1000
1713,74.0,-,3,48498.9894,2,2,-1.0,0.0,-1.0,1.0,48499.00816896845,-0.01876896845351439,f,above_limit_1000
1714,74.0,+,33,48499.5394,2,2,-1.0,0.0,-1.0,1.0,48499.43431728162,0.10508271837898064,e,above_limit_1000
1715,74.0,-,4,49234.2494,2,3,-1.0,0.0,-1.0,1.0,49234.30345384955,-0.0540538495479268,f,above_limit_1000
1716,74.0,+,34,49234.7394,2,3,-1.0,0.0,-1.0,1.0,49234.72282171045,0.016578289549215697,e,above_limit_1000
1717,74.0,-,5,49955.9894,2,4,-1.0,0.0,-1.0,1.0,49955.995443461725,-0.006043461726221722,f,above_limit_1000
1718,74.0,+,35,49956.4894,2,4,-1.0,0.0,-1.0,1.0,49956.40784261168,0.08155738831555936,e,above_limit_1000
1719,74.0,-,6,50663.6994,2,5,-1.0,0.0,-1.0,1.0,50663.699192485896,0.0002075141019304283,f,above_limit_1000
1720,74.0,-,6,50664.1994,2,5,-1.0,0.0,-1.0,1.0,50663.699192485896,0.5002075141019304,f,above_limit_1000
1721,75.0,-,31,47071.1094,2,0,-1.0,0.0,-1.0,1.0,47071.01719146166,0.09220853834267473,e,above_limit_1000
1722,75.0,+,2,47830.9794,2,1,-1.0,0.0,-1.0,1.0,47830.94018328887,0.039216711127664894,f,above_limit_1000
1723,75.0,-,32,47831.4894,2,1,-1.0,0.0,-1.0,1.0,47831.38387669818,0.10552330181963043,e,above_limit_1000
1724,75.0,+,3,48578.5894,2,2,-1.0,0.0,-1.0,1.0,48578.57074429944,0.01865570055815624,f,above_limit_1000
1725,75.0,-,33,48499.5394,2,2,-1.0,0.0,-1.0,0.0,48579.007635968155,-79.46823596815375,e,above_limit_1000
1726,75.0,+,4,49312.9794,2,3,-1.0,0.0,-1.0,1.0,49313.00579263737,-0.02639263737364672,f,above_limit_1000
1727,75.0,-,34,49313.4794,2,3,-1.0,0.0,-1.0,1.0,49313.43571924548,0.043680754519300535,e,above_limit_1000
1728,75.0,+,5,50033.7894,2,4,-1.0,0.0,-1.0,1.0,50033.819814841285,-0.030414841283345595,f,above_limit_1000
1729,75.0,-,35,50034.3294,2,4,-1.0,0.0,-1.0,1.0,50034.24258231194,0.08681768806127366,e,above_limit_1000
1730,75.0,+,6,50740.6494,2,5,-1.0,0.0,-1.0,1.0,50740.626134895116,0.02326510488637723,f,above_limit_1000
1731,75.0,-,36,50741.1094,2,5,-1.0,0.0,-1.0,1.0,50741.04153450113,0.06786549887328874,e,above_limit_1000
1732,76.0,+,31,47153.3994,2,0,-1.0,0.0,-1.0,1.0,47153.30465509586,0.09474490414140746,e,above_limit_1000
1733,76.0,-,2,47912.4194,2,1,-1.0,0.0,-1.0,1.0,47912.37002222355,0.04937777644954622,f,above_limit_1000
1734,76.0,+,32,47912.9094,2,1,-1.0,0.0,-1.0,1.0,47912.82474270667,0.08465729332965566,e,above_limit_1000
1735,76.0,-,3,48659.1094,2,2,-1.0,0.0,-1.0,1.0,48659.1433661455,-0.033966145500016864,f,above_limit_1000
1736,76.0,+,33,48659.6594,2,2,-1.0,0.0,-1.0,1.0,48659.5911033529,0.06829664709948702,e,above_limit_1000
1737,76.0,-,4,49392.6594,2,3,-1.0,0.0,-1.0,1.0,49392.70598456659,-0.04658456659672083,f,above_limit_1000
1738,76.0,+,34,49393.1394,2,3,-1.0,0.0,-1.0,1.0,49393.14656952079,-0.007169520788011141,e,above_limit_1000
1739,76.0,-,5,50112.6194,2,4,-1.0,0.0,-1.0,1.0,50112.629510293846,-0.010110293842444662,f,above_limit_1000
1740,76.0,+,35,50113.1694,2,4,-1.0,0.0,-1.0,1.0,50113.0627429776,0.10665702239930397,e,above_limit_1000
1741,76.0,-,6,50818.5394,2,5,-1.0,0.0,-1.0,1.0,50818.52553211949,0.013867880508769304,f,above_limit_1000
1742,77.0,-,31,47236.7094,2,0,-1.0,0.0,-1.0,1.0,47236.62372295375,0.0856770462487475,e,above_limit_1000
1743,77.0,+,2,47994.8494,2,1,-1.0,0.0,-1.0,1.0,47994.819761298924,0.029638701074873097,f,above_limit_1000
1744,77.0,+,3,48740.6994,2,2,-1.0,0.0,-1.0,1.0,48740.72398917129,-0.024589171291154344,f,above_limit_1000
1745,77.0,-,33,48741.2394,2,2,-1.0,0.0,-1.0,1.0,48741.182672507864,0.05672749213408679,e,above_limit_1000
1746,77.0,+,4,49473.3494,2,3,-1.0,0.0,-1.0,1.0,49473.401949965366,-0.05254996536677936,f,above_limit_1000
1747,77.0,-,34,49473.8694,2,3,-1.0,0.0,-1.0,1.0,49473.85329126295,0.016108737050672062,e,above_limit_1000
1748,77.0,+,5,50192.4194,2,4,-1.0,0.0,-1.0,1.0,50192.42241117712,-0.003011177119333297,f,above_limit_1000
1749,77.0,-,35,50192.9694,2,4,-1.0,0.0,-1.0,1.0,50192.86620435359,0.10319564641395118,e,above_limit_1000
1750,77.0,+,6,50897.4894,2,5,-1.0,0.0,-1.0,1.0,50897.39522275341,0.09417724658851512,f,above_limit_1000
1751,77.0,-,36,50891.9394,2,5,-1.0,0.0,-1.0,1.0,50897.83124708907,-5.891847089063958,e,above_limit_1000
1752,78.0,+,31,47321.0394,2,0,-1.0,0.0,-1.0,0.0,47320.972369649,0.06703035100508714,e,above_limit_1000
1753,78.0,-,2,48078.3494,2,1,-1.0,0.0,-1.0,1.0,48078.28735539854,0.062044601458183024,f,above_limit_1000
1754,78.0,+,32,48070.8294,2,1,-1.0,0.0,-1.0,1.0,48078.76443751806,-7.93503751805838,e,above_limit_1000
1755,78.0,-,3,48823.3194,2,2,-1.0,0.0,-1.0,1.0,48823.3105391532,0.008860846799507271,f,above_limit_1000
1756,78.0,+,33,48823.8294,2,2,-1.0,0.0,-1.0,1.0,48823.78026759818,0.04913240182213485,e,above_limit_1000
1757,78.0,-,4,49555.0294,2,3,-1.0,0.0,-1.0,1.0,49555.09157942872,-0.06217942872171989,f,above_limit_1000
1758,78.0,+,34,49555.5694,2,3,-1.0,0.0,-1.0,1.0,49555.55377344611,0.015626553889887873,e,above_limit_1000
1759,78.0,-,5,50273.1594,2,4,-1.0,0.0,-1.0,1.0,50273.196368166835,-0.03696816683805082,f,above_limit_1000
1760,78.0,+,35,50273.7394,2,4,-1.0,0.0,-1.0,1.0,50273.650815483816,0.0885845161828911,e,above_limit_1000
1761,78.0,-,6,50977.2394,2,5,-1.0,0.0,-1.0,1.0,50977.23301366943,0.006386330569512211,f,above_limit_1000
1762,78.0,+,36,50977.7594,2,5,-1.0,0.0,-1.0,1.0,50977.67948741407,0.07991258593392558,e,above_limit_1000
1763,79.0,-,31,47406.3994,2,0,-1.0,0.0,-1.0,0.0,47406.348542053594,0.05085794640763197,e,above_limit_1000
1764,79.0,+,2,48162.7494,2,1,-1.0,0.0,-1.0,1.0,48162.770731147684,-0.02133114768366795,f,above_limit_1000
1765,79.0,-,32,48163.3594,2,1,-1.0,0.0,-1.0,1.0,48163.25914460024,0.10025539976049913,e,above_limit_1000
1766,79.0,+,3,48906.8494,2,2,-1.0,0.0,-1.0,1.0,48906.90091288412,-0.05151288412162103,f,above_limit_1000
1767,79.0,-,33,48907.4394,2,2,-1.0,0.0,-1.0,1.0,48907.38178378685,0.05761621315468801,e,above_limit_1000
1768,79.0,+,4,49637.7094,2,3,-1.0,0.0,-1.0,1.0,49637.77273370398,-0.0633337039835169,f,above_limit_1000
1769,79.0,-,34,49638.2694,2,3,-1.0,0.0,-1.0,1.0,49638.24587517815,0.023524821845057886,e,above_limit_1000
1770,79.0,+,5,50354.9194,2,4,-1.0,0.0,-1.0,1.0,50354.94920112362,-0.029801123622746672,f,above_limit_1000
1771,79.0,-,35,50355.5694,2,4,-1.0,0.0,-1.0,1.0,50355.41439457742,0.1550054225808708,e,above_limit_1000
1772,79.0,+,6,51058.0994,2,5,-1.0,0.0,-1.0,1.0,51058.03667986246,0.06272013753914507,f,above_limit_1000
1773,79.0,-,36,51058.6294,2,5,-1.0,0.0,-1.0,1.0,51058.49369216631,0.13570783368777484,e,above_limit_1000
1774,80.0,+,31,47492.7894,2,0,-1.0,0.0,-1.0,1.0,47492.75015923105,0.039240768950548954,e,above_limit_1000
1775,80.0,-,2,48248.3294,2,1,-1.0,0.0,-1.0,1.0,48248.267786831915,0.06161316808720585,f,above_limit_1000
1776,80.0,-,3,48991.4794,2,2,-1.0,0.0,-1.0,1.0,48991.49297807432,-0.01357807432214031,f,above_limit_1000
1777,80.0,+,33,48991.9994,2,2,-1.0,0.0,-1.0,1.0,48991.98508713605,0.014312863953819033,e,above_limit_1000
1778,80.0,-,4,49721.3794,2,3,-1.0,0.0,-1.0,1.0,49721.44324357389,-0.06384357389470097,f,above_limit_1000
1779,80.0,+,34,49721.8494,2,3,-1.0,0.0,-1.0,1.0,49721.92742558378,-0.07802558378170943,e,above_limit_1000
1780,80.0,-,5,50437.6794,2,4,-1.0,0.0,-1.0,1.0,50437.67869895552,0.0007010444824118167,f,above_limit_1000
1781,80.0,+,35,50438.2394,2,4,-1.0,0.0,-1.0,1.0,50438.15472887186,0.08467112814105349,e,above_limit_1000
1782,80.0,-,6,51139.8794,2,5,-1.0,0.0,-1.0,1.0,51139.80396429119,0.07543570880807238,f,above_limit_1000
1783,80.0,+,36,51140.3294,2,5,-1.0,0.0,-1.0,1.0,51140.271602619934,0.05779738006822299,e,above_limit_1000
1784,81.0,-,31,47580.2694,2,0,-1.0,0.0,-1.0,0.0,47580.175112369565,0.0942876304325182,e,above_limit_1000
1785,81.0,+,2,48334.7794,2,1,-1.0,0.0,-1.0,1.0,48334.776392313914,0.0030076860857661813,f,above_limit_1000
1786,81.0,+,3,49076.9894,2,2,-1.0,0.0,-1.0,1.0,49077.084573250904,-0.09517325090564555,f,above_limit_1000
1787,81.0,-,33,49017.6694,2,2,-1.0,0.0,-1.0,0.0,49077.58801450618,-59.918614506183076,e,above_limit_1000
1788,81.0,+,4,49806.0394,2,3,-1.0,0.0,-1.0,1.0,49806.10090973679,-0.06150973679177696,f,above_limit_1000
1789,81.0,-,34,49806.5594,2,3,-1.0,0.0,-1.0,1.0,49806.59622368405,-0.03682368405134184,e,above_limit_1000
1790,81.0,-,35,50521.9294,2,4,-1.0,0.0,-1.0,1.0,50521.86957449224,0.05982550776388962,e,above_limit_1000
1791,81.0,-,36,51222.9994,2,5,-1.0,0.0,-1.0,1.0,51223.01092782957,-0.011527829570695758,e,above_limit_1000
1792,82.0,+,31,47660.6394,2,0,-1.0,0.0,-1.0,1.0,47668.62126471156,-7.981864711560775,e,above_limit_1000
1793,82.0,-,2,48422.3594,2,1,-1.0,0.0,-1.0,1.0,48422.29438894794,0.06501105205825297,f,above_limit_1000
1794,82.0,+,32,48422.8494,2,1,-1.0,0.0,-1.0,1.0,48422.81737870502,0.03202129498095019,e,above_limit_1000
1795,82.0,-,3,49163.6194,2,2,-1.0,0.0,-1.0,1.0,49163.67350765334,-0.05410765333363088,f,above_limit_1000
1796,82.0,+,33,49164.1694,2,2,-1.0,0.0,-1.0,1.0,49164.18837345204,-0.018973452039062977,e,above_limit_1000
1797,82.0,-,4,49891.6394,2,3,-1.0,0.0,-1.0,1.0,49891.74350268278,-0.10410268278064905,f,above_limit_1000
1798,82.0,+,34,49892.1694,2,3,-1.0,0.0,-1.0,1.0,49892.25003827331,-0.08063827331352513,e,above_limit_1000
1799,82.0,+,35,50606.5494,2,4,-1.0,0.0,-1.0,1.0,50606.5566563066,-0.007256306598719675,e,above_limit_1000
1800,83.0,-,31,47758.2094,2,0,-1.0,0.0,-1.0,0.0,47758.086451482006,0.12294851799379103,e,above_limit_1000
1801,83.0,+,2,48510.7994,2,1,-1.0,0.0,-1.0,1.0,48510.819589490944,-0.020189490940538235,f,above_limit_1000
1802,83.0,-,32,48511.4794,2,1,-1.0,0.0,-1.0,1.0,48511.354293192635,0.12510680736158974,e,above_limit_1000
1803,83.0,+,3,49251.1594,2,2,-1.0,0.0,-1.0,1.0,49251.257561127175,-0.09816112717817305,f,above_limit_1000
1804,83.0,-,33,49251.7894,2,2,-1.0,0.0,-1.0,1.0,49251.783942116104,0.005457883897179272,e,above_limit_1000
1805,83.0,+,4,49978.2194,2,3,-1.0,0.0,-1.0,1.0,49978.368762566715,-0.14936256671353476,f,above_limit_1000
1806,83.0,-,34,49978.8694,2,3,-1.0,0.0,-1.0,1.0,49978.88660779206,-0.017207792057888582,e,above_limit_1000
1807,83.0,-,35,50692.2594,2,4,-1.0,0.0,-1.0,1.0,50692.21366777811,0.045732221893558744,e,above_limit_1000
1808,83.0,-,36,51391.4294,2,5,-1.0,0.0,-1.0,1.0,51391.36449662359,0.06490337641298538,e,above_limit_1000
1809,84.0,-,2,48600.4094,2,1,-1.0,0.0,-1.0,1.0,48600.34977801272,0.05962198727502255,f,above_limit_1000
1810,84.0,+,32,48600.9294,2,1,-1.0,0.0,-1.0,1.0,48600.89628707364,0.03311292635771679,e,above_limit_1000
1811,84.0,-,3,49339.7994,2,2,-1.0,0.0,-1.0,1.0,49339.834484013816,-0.035084013812593184,f,above_limit_1000
1812,84.0,+,33,49340.3294,2,2,-1.0,0.0,-1.0,1.0,49340.37246911874,-0.04306911873572972,e,above_limit_1000
1813,84.0,-,4,50065.8794,2,3,-1.0,0.0,-1.0,1.0,50065.97439907799,-0.09499907799181528,f,above_limit_1000
1814,84.0,+,34,50066.4394,2,3,-1.0,0.0,-1.0,1.0,50066.50364019676,-0.06424019675614545,e,above_limit_1000
1815,85.0,+,2,48690.8194,2,1,-1.0,0.0,-1.0,1.0,48690.882709803016,-0.06330980301572708,f,above_limit_1000
1816,85.0,-,32,48691.6194,2,1,-1.0,0.0,-1.0,1.0,48691.4411139067,0.17828609330172185,e,above_limit_1000
1817,85.0,+,3,49429.2994,2,2,-1.0,0.0,-1.0,1.0,49429.40199703814,-0.10259703813790111,f,above_limit_1000
1818,85.0,-,33,49429.9194,2,2,-1.0,0.0,-1.0,1.0,49429.95167344564,-0.032273445642204024,e,above_limit_1000
1819,85.0,+,4,50154.4194,2,3,-1.0,0.0,-1.0,1.0,50154.55809130664,-0.13869130663806573,f,above_limit_1000
1820,85.0,-,34,50155.1094,2,3,-1.0,0.0,-1.0,1.0,50155.09881282606,0.010587173943349626,e,above_limit_1000
1821,86.0,-,2,48782.4794,2,1,-1.0,0.0,-1.0,1.0,48782.41611127525,0.06328872474841774,f,above_limit_1000
1822,86.0,+,32,48783.0394,2,1,-1.0,0.0,-1.0,1.0,48782.98649835767,0.05290164233156247,e,above_limit_1000
1823,86.0,+,33,49520.4794,2,2,-1.0,0.0,-1.0,1.0,49520.51924433186,-0.03984433186269598,e,above_limit_1000
1824,86.0,-,4,50244.0494,2,3,-1.0,0.0,-1.0,1.0,50244.11748760565,-0.06808760564308614,f,above_limit_1000
1825,86.0,+,34,50244.6094,2,3,-1.0,0.0,-1.0,1.0,50244.669772263085,-0.06037226308399113,e,above_limit_1000
1826,87.0,+,3,49611.3694,2,2,-1.0,0.0,-1.0,1.0,49611.49952761577,-0.1301276157682878,f,above_limit_1000
1827,87.0,+,4,50334.4794,2,3,-1.0,0.0,-1.0,1.0,50334.650205449594,-0.17080544959753752,f,above_limit_1000
1828,88.0,-,2,48968.5094,2,1,-1.0,0.0,-1.0,1.0,48968.47508395073,0.03431604927027365,f,above_limit_1000
1829,88.0,+,33,49704.6194,2,2,-1.0,0.0,-1.0,1.0,49704.61009325076,0.009306749241659418,e,above_limit_1000
1830,88.0,+,34,50426.6494,2,3,-1.0,0.0,-1.0,1.0,50426.72948326334,-0.0800832633394748,e,above_limit_1000
1831,89.0,-,32,49063.7494,2,1,-1.0,0.0,-1.0,1.0,49063.60280859504,0.146591404962237,e,above_limit_1000
1832,89.0,+,3,49797.4294,2,2,-1.0,0.0,-1.0,1.0,49797.5313218358,-0.10192183579783887,f,above_limit_1000
1833,89.0,+,4,50518.5294,2,3,-1.0,0.0,-1.0,1.0,50518.62592040229,-0.09652040229411796,f,above_limit_1000
1834,90.0,-,2,49158.4994,2,1,-1.0,0.0,-1.0,1.0,49158.50792603727,-0.00852603727253154,f,above_limit_1000
1835,90.0,+,33,49892.6594,2,2,-1.0,0.0,-1.0,1.0,49892.62593013303,0.033469866968516726,e,above_limit_1000
1836,90.0,+,34,50612.6294,2,3,-1.0,0.0,-1.0,1.0,50612.66332528369,-0.03392528369295178,e,above_limit_1000
1837,91.0,+,3,49901.4094,2,2,-1.0,0.0,-1.0,0.0,49987.4780670419,-86.06866704190179,f,above_limit_1000
1838,92.0,-,2,49352.4294,2,1,-1.0,0.0,-1.0,1.0,49352.49539895503,-0.0659989550258615,f,above_limit_1000
1839,92.0,+,33,50084.5594,2,2,-1.0,0.0,-1.0,1.0,50084.547185250325,0.012214749673148617,e,above_limit_1000
1840,92.0,+,34,50802.3894,2,3,-1.0,0.0,-1.0,1.0,50802.45134886108,-0.06194886108278297,e,above_limit_1000
