source_index,J,parity,original_rank,observed_cm,state,v,Lambda,Sigma,Omega,input_weight,calculated_cm,residual_cm,ef,model
1,0.0,+,1,0.0,1,0,0.0,0.0,0.0,1.0,0.0,0.0,e,minimum_078
2,0.0,+,2,792.6879589,1,1,0.0,0.0,0.0,1.0,792.692786010177,-0.004827110176961469,e,minimum_078
3,1.0,-,1,1.0999934,1,0,0.0,0.0,0.0,1.0,1.099981482742,1.1917257999982667e-05,e,minimum_078
4,1.0,-,2,793.7780516,1,1,0.0,0.0,0.0,1.0,793.782864222927,-0.004812622926920085,e,minimum_078
5,2.0,+,1,3.2998689,1,0,0.0,0.0,0.0,1.0,3.299919319587,-5.041958700013893e-05,e,minimum_078
6,2.0,+,2,795.9588465,1,1,0.0,0.0,0.0,1.0,795.962995565393,-0.004149065392994089,e,minimum_078
7,2.0,+,3,1579.0919263,1,2,0.0,0.0,0.0,1.0,1579.095364610777,-0.003438310777028164,e,minimum_078
8,3.0,-,1,6.6001029,1,0,0.0,0.0,0.0,1.0,6.599763253098,0.0003396469020007231,e,minimum_078
9,3.0,-,2,799.2279753,1,1,0.0,0.0,0.0,1.0,799.233129871581,-0.005154571580987977,e,minimum_078
10,3.0,-,3,1582.3331811,1,2,0.0,0.0,0.0,1.0,1582.33600961715,-0.002828517149964682,e,minimum_078
11,3.0,-,4,2356.0276841,1,3,0.0,0.0,0.0,1.0,2356.029923797148,-0.002239697148070263,e,minimum_078
12,4.0,+,1,10.9993343,1,0,0.0,0.0,0.0,1.0,10.999437896393,-0.00010359639300006052,e,minimum_078
13,4.0,+,2,803.5884402,1,1,0.0,0.0,0.0,1.0,803.593191891641,-0.00475169164099043,e,minimum_078
14,4.0,+,3,1586.6534244,1,2,0.0,0.0,0.0,1.0,1586.656752800951,-0.003328400950977084,e,minimum_078
15,4.0,+,4,2360.3104926,1,3,0.0,0.0,0.0,1.0,2360.311634563727,-0.0011419637266953941,e,minimum_078
16,5.0,-,1,16.4991429,1,0,0.0,0.0,0.0,1.0,16.49884273244,0.00030016755999895395,e,minimum_078
17,5.0,-,2,809.0387112,1,1,0.0,0.0,0.0,1.0,809.043081291304,-0.004370091304053858,e,minimum_078
18,5.0,-,3,1592.0545342,1,2,0.0,0.0,0.0,1.0,1592.057494025288,-0.0029598252879168285,e,minimum_078
19,5.0,-,4,2365.6626361,1,3,0.0,0.0,0.0,1.0,2365.663585660028,-0.0009495600279478822,e,minimum_078
20,6.0,+,1,23.0981464,1,0,0.0,0.0,0.0,1.0,23.097852113123,0.00029428687700061573,e,minimum_078
21,6.0,+,2,815.57832,1,1,0.0,0.0,0.0,1.0,815.582672651074,-0.004352651073986635,e,minimum_078
22,6.0,+,3,1598.5351639,1,2,0.0,0.0,0.0,1.0,1598.538108117373,-0.0029442173729421484,e,minimum_078
23,6.0,+,4,2372.0847113,1,3,0.0,0.0,0.0,1.0,2372.08565217562,-0.0009408756200173229,e,minimum_078
24,6.0,+,5,3136.3425996,1,4,0.0,0.0,0.0,1.0,3136.342032689581,0.000566910418910993,e,minimum_078
25,7.0,-,1,30.7966019,1,0,0.0,0.0,0.0,1.0,30.796315257774,0.00028664222599772415,e,minimum_078
26,7.0,-,2,823.2074826,1,1,0.0,0.0,0.0,1.0,823.211815464665,-0.004332864665002489,e,minimum_078
27,7.0,-,3,1606.0955222,1,2,0.0,0.0,0.0,1.0,1606.098444867086,-0.0029226670860680315,e,minimum_078
28,7.0,-,4,2379.5767527,1,3,0.0,0.0,0.0,1.0,2379.57768421538,-0.0009315153802162968,e,minimum_078
29,7.0,-,5,3143.7668204,1,4,0.0,0.0,0.0,1.0,3143.766253361941,0.0005670380592164292,e,minimum_078
30,8.0,+,1,39.5943332,1,0,0.0,0.0,0.0,1.0,39.594056251796,0.0002769482040037019,e,minimum_078
31,8.0,+,2,831.9260231,1,1,0.0,0.0,0.0,1.0,831.930334137727,-0.004311037727006806,e,minimum_078
32,8.0,+,3,1614.7354301,1,2,0.0,0.0,0.0,1.0,1614.738329025731,-0.0028989257309604,e,minimum_078
33,8.0,+,4,2388.1385852,1,3,0.0,0.0,0.0,1.0,2388.139506898148,-0.0009216981479767128,e,minimum_078
34,8.0,+,5,3152.2511462,1,4,0.0,0.0,0.0,1.0,3152.250578448681,0.0005677513190676109,e,minimum_078
35,9.0,-,1,49.4911422,1,0,0.0,0.0,0.0,1.0,49.490874044761,0.00026815523899870186,e,minimum_078
36,9.0,-,2,841.7337449,1,1,0.0,0.0,0.0,1.0,841.738027986126,-0.0042830861259517405,e,minimum_078
37,9.0,-,3,1624.454688,1,2,0.0,0.0,0.0,1.0,1624.457560304328,-0.0028723043278660043,e,minimum_078
38,9.0,-,4,2397.7704295,1,3,0.0,0.0,0.0,1.0,2397.770920355142,-0.0004908551422886376,e,minimum_078
39,9.0,-,5,3161.7980513,1,4,0.0,0.0,0.0,1.0,3161.794808525101,0.0032427748992631678,e,minimum_078
40,10.0,+,1,60.4868037,1,0,0.0,0.0,0.0,1.0,60.486542448427,0.00026125157300072033,e,minimum_078
41,10.0,+,2,852.6304169,1,1,0.0,0.0,0.0,1.0,852.634671233818,-0.004254333818039413,e,minimum_078
42,10.0,+,3,1635.253072,1,2,0.0,0.0,0.0,1.0,1635.255913371664,-0.00284137166408982,e,minimum_078
43,10.0,+,4,2408.4697709,1,3,0.0,0.0,0.0,1.0,2408.471699728002,-0.0019288280018372461,e,minimum_078
44,10.0,+,5,3172.3969891,1,4,0.0,0.0,0.0,1.0,3172.398719232647,-0.0017301326470260392,e,minimum_078
45,10.0,+,6,6137.479694,1,8,0.0,0.0,0.0,1.0,6137.485044431037,-0.005350431037186354,e,minimum_078
46,11.0,-,1,72.5810636,1,0,0.0,0.0,0.0,1.0,72.580810134407,0.00025346559299066485,e,minimum_078
47,11.0,-,2,864.6157918,1,1,0.0,0.0,0.0,1.0,864.620013010779,-0.00422121077895099,e,minimum_078
48,11.0,-,3,1647.1303315,1,2,0.0,0.0,0.0,1.0,1647.133137852138,-0.0028063521378953737,e,minimum_078
49,11.0,-,4,2420.2408384,1,3,0.0,0.0,0.0,1.0,2420.241595166767,-0.0007567667671537492,e,minimum_078
50,11.0,-,5,3184.0589839,1,4,0.0,0.0,0.0,1.0,3184.062061276815,-0.0030773768148719682,e,minimum_078
51,11.0,-,6,5420.9274237,1,7,0.0,0.0,0.0,1.0,5420.929357302765,-0.0019336027653480414,e,minimum_078
52,12.0,+,1,85.7734732,1,0,0.0,0.0,0.0,1.0,85.773400631557,7.256844300229659e-05,e,minimum_078
53,12.0,+,2,877.6892945,1,1,0.0,0.0,0.0,1.0,877.693777350546,-0.004482850546082773,e,minimum_078
54,12.0,+,3,1660.0864698,1,2,0.0,0.0,0.0,1.0,1660.088958323452,-0.002488523452029767,e,minimum_078
55,12.0,+,4,2433.0798513,1,3,0.0,0.0,0.0,1.0,2433.080331827572,-0.00048052757210825803,e,minimum_078
56,12.0,+,5,3196.7851948,1,4,0.0,0.0,0.0,1.0,3196.784560425031,0.0006343749691950507,e,minimum_078
57,12.0,+,6,4696.7856526,1,6,0.0,0.0,0.0,1.0,4696.785873798791,-0.00022119879122328712,e,minimum_078
58,12.0,+,7,6160.993195,1,8,0.0,0.0,0.0,1.0,6160.995924038167,-0.0027290381667626207,e,minimum_078
59,13.0,-,1,100.0642708,1,0,0.0,0.0,0.0,1.0,100.064012323261,0.00025847673900614154,e,minimum_078
60,13.0,-,2,891.8512602,1,1,0.0,0.0,0.0,1.0,891.85566318734,-0.004402987340085929,e,minimum_078
61,13.0,-,3,1674.120561,1,2,0.0,0.0,0.0,1.0,1674.123074313879,-0.002513313879035195,e,minimum_078
62,13.0,-,4,2446.9875729,1,3,0.0,0.0,0.0,1.0,2446.987609870025,-3.697002512126346e-05,e,minimum_078
63,13.0,-,5,3210.565811,1,4,0.0,0.0,0.0,1.0,3210.565917504073,-0.00010650407284629182,e,minimum_078
64,13.0,-,6,3964.9718701,1,5,0.0,0.0,0.0,1.0,3964.97187275872,-2.6587199499772396e-06,e,minimum_078
65,13.0,-,7,4710.3179569,1,6,0.0,0.0,0.0,1.0,4710.31812333346,-0.00016643345952616073,e,minimum_078
66,13.0,-,8,5446.717117,1,7,0.0,0.0,0.0,1.0,5446.717274359968,-0.00015735996748844627,e,minimum_078
67,14.0,+,1,115.4525736,1,0,0.0,0.0,0.0,1.0,115.452318444156,0.00025515584398760893,e,minimum_078
68,14.0,+,2,907.1012758,1,1,0.0,0.0,0.0,1.0,907.10534435324,-0.004068553239903849,e,minimum_078
69,14.0,+,3,1689.2324615,1,2,0.0,0.0,0.0,1.0,1689.235160299454,-0.002698799454037726,e,minimum_078
70,14.0,+,4,2461.962767,1,3,0.0,0.0,0.0,1.0,2461.9631044546,-0.00033745459995770943,e,minimum_078
71,14.0,+,5,3225.4067859,1,4,0.0,0.0,0.0,1.0,3225.405808397418,0.0009775025823728356,e,minimum_078
72,14.0,+,6,3979.6769907,1,5,0.0,0.0,0.0,1.0,3979.677141070141,-0.00015037014100016677,e,minimum_078
73,14.0,+,7,4724.8905283,1,6,0.0,0.0,0.0,1.0,4724.889752167086,0.0007761329143249895,e,minimum_078
74,14.0,+,8,5461.1550254,1,7,0.0,0.0,0.0,1.0,5461.156256283765,-0.001230883764947066,e,minimum_078
75,15.0,-,1,131.9379149,1,0,0.0,0.0,0.0,1.0,131.937967076961,-5.2176960991801025e-05,e,minimum_078
76,15.0,-,2,923.4386243,1,1,0.0,0.0,0.0,1.0,923.442469574944,-0.003845274943955701,e,minimum_078
77,15.0,-,3,1705.4227595,1,2,0.0,0.0,0.0,1.0,1705.424865700834,-0.002106200834077754,e,minimum_078
78,15.0,-,4,2478.0080176,1,3,0.0,0.0,0.0,1.0,2478.006465739201,0.0015518607992817124,e,minimum_078
79,15.0,-,5,3241.3045429,1,4,0.0,0.0,0.0,1.0,3241.303884042177,0.0006588578230548592,e,minimum_078
80,15.0,-,6,3995.4317485,1,5,0.0,0.0,0.0,1.0,3995.43098248837,0.0007660116302758979,e,minimum_078
81,15.0,-,7,4740.499113,1,6,0.0,0.0,0.0,1.0,4740.50041292939,-0.0012999293903703801,e,minimum_078
82,15.0,-,8,5476.6235257,1,7,0.0,0.0,0.0,1.0,5476.624800126596,-0.0012744265959554468,e,minimum_078
83,15.0,-,9,6203.9156294,1,8,0.0,0.0,0.0,1.0,6203.917608332822,-0.0019789328216575086,e,minimum_078
84,16.0,+,1,149.520503,1,0,0.0,0.0,0.0,1.0,149.5205811489,-7.814890000190644e-05,e,minimum_078
85,16.0,+,2,940.8628167,1,1,0.0,0.0,0.0,1.0,940.866662470267,-0.003845770266934778,e,minimum_078
86,16.0,+,3,1722.6893955,1,2,0.0,0.0,0.0,1.0,1722.691814879945,-0.002419379944967659,e,minimum_078
87,16.0,+,4,2495.1173125,1,3,0.0,0.0,0.0,1.0,2495.117318876346,-6.376345936587313e-06,e,minimum_078
88,16.0,+,5,3258.2619272,1,4,0.0,0.0,0.0,1.0,3258.259770426059,0.0021567739413512754,e,minimum_078
89,16.0,+,6,4012.2331996,1,5,0.0,0.0,0.0,1.0,4012.23302388297,0.00017571702983332216,e,minimum_078
90,16.0,+,7,4757.1497897,1,6,0.0,0.0,0.0,1.0,4757.149733422503,5.627749669656623e-05,e,minimum_078
91,16.0,+,8,5493.1224402,1,7,0.0,0.0,0.0,1.0,5493.122534679569,-9.447956927033374e-05,e,minimum_078
92,17.0,-,1,168.200068,1,0,0.0,0.0,0.0,1.0,168.199758427559,0.0003095724409831746,e,minimum_078
93,17.0,-,2,959.3731833,1,1,0.0,0.0,0.0,1.0,959.377521544398,-0.004338244397899871,e,minimum_078
94,17.0,-,3,1741.0329765,1,2,0.0,0.0,0.0,1.0,1741.035607136383,-0.0026306363831736235,e,minimum_078
95,17.0,-,4,2513.294796,1,3,0.0,0.0,0.0,1.0,2513.295264009405,-0.0004680094048126193,e,minimum_078
96,17.0,-,5,3276.2734748,1,4,0.0,0.0,0.0,1.0,3276.273068583851,0.00040621614880365087,e,minimum_078
97,17.0,-,6,4030.0830228,1,5,0.0,0.0,0.0,1.0,4030.08286722988,0.00015557012011413462,e,minimum_078
98,17.0,-,7,4774.8360906,1,6,0.0,0.0,0.0,1.0,4774.837316617802,-0.0012260178018550505,e,minimum_078
99,17.0,-,10,6955.8818255,1,9,0.0,0.0,0.0,1.0,6955.899901718915,-0.018076218915666686,e,minimum_078
100,18.0,+,1,187.9752926,1,0,0.0,0.0,0.0,1.0,187.975071517024,0.0002210829759974331,e,minimum_078
101,18.0,+,2,978.9710668,1,1,0.0,0.0,0.0,1.0,978.974620185959,-0.0035533859589804706,e,minimum_078
102,18.0,+,3,1760.4533952,1,2,0.0,0.0,0.0,1.0,1760.455816703529,-0.0024215035291490494,e,minimum_078
103,18.0,+,4,2532.5391656,1,3,0.0,0.0,0.0,1.0,2532.539876268969,-0.0007106689686224854,e,minimum_078
104,18.0,+,5,3295.343989,1,4,0.0,0.0,0.0,1.0,3295.343354593909,0.0006344060907395033,e,minimum_078
105,18.0,+,6,4048.9805902,1,5,0.0,0.0,0.0,1.0,4048.980089608039,0.0005005919606446696,e,minimum_078
106,18.0,+,7,5529.1966455,1,7,0.0,0.0,0.0,1.0,5529.203967256506,-0.00732175650591671,e,minimum_078
107,18.0,+,8,6256.0126651,1,8,0.0,0.0,0.0,1.0,6256.017291082379,-0.004625982379366178,e,minimum_078
108,19.0,-,1,208.8466153,1,0,0.0,0.0,0.0,1.0,208.846067853434,0.0005474465660029182,e,minimum_078
109,19.0,-,2,999.6536711,1,1,0.0,0.0,0.0,1.0,999.657506662916,-0.0038355629160378157,e,minimum_078
110,19.0,-,3,1780.9503825,1,2,0.0,0.0,0.0,1.0,1780.951992744601,-0.0016102446011245775,e,minimum_078
111,19.0,-,4,2552.8503663,1,3,0.0,0.0,0.0,1.0,2552.850705768868,-0.00033946886787816766,e,minimum_078
112,19.0,-,5,3315.4705711,1,4,0.0,0.0,0.0,1.0,3315.470179574195,0.0003915258052984427,e,minimum_078
113,19.0,-,6,4068.9249519,1,5,0.0,0.0,0.0,1.0,4068.924243195583,0.0007087044168656575,e,minimum_078
114,19.0,-,7,4813.3259189,1,6,0.0,0.0,0.0,1.0,4813.325558826356,0.00036007364360557403,e,minimum_078
115,19.0,-,8,5548.7849651,1,7,0.0,0.0,0.0,1.0,5548.786799029052,-0.0018339290527364938,e,minimum_078
116,20.0,+,1,230.8116135,1,0,0.0,0.0,0.0,1.0,230.812269700191,-0.0006562001910026538,e,minimum_078
117,20.0,+,2,1021.4225216,1,1,0.0,0.0,0.0,1.0,1021.425704117767,-0.003182517767072568,e,minimum_078
118,20.0,+,3,1802.521403,1,2,0.0,0.0,0.0,1.0,1802.523659348085,-0.0022563480849839834,e,minimum_078
119,20.0,+,4,2574.2275772,1,3,0.0,0.0,0.0,1.0,2574.227277601836,0.00029959816401969874,e,minimum_078
120,20.0,+,5,3336.653174,1,4,0.0,0.0,0.0,1.0,3336.653069678255,0.00010432174485686119,e,minimum_078
121,20.0,+,6,4089.9152117,1,5,0.0,0.0,0.0,1.0,4089.914855265893,0.0003564341068340582,e,minimum_078
122,20.0,+,7,4834.123355,1,6,0.0,0.0,0.0,1.0,4834.125299597117,-0.001944597117471858,e,minimum_078
123,20.0,+,8,5569.3973633,1,7,0.0,0.0,0.0,1.0,5569.397089001611,0.0002742983888310846,e,minimum_078
124,21.0,-,1,253.8731121,1,0,0.0,0.0,0.0,1.0,253.873174143258,-6.204325802627864e-05,e,minimum_078
125,21.0,-,2,1044.2741363,1,1,0.0,0.0,0.0,1.0,1044.278710563245,-0.0045742632451037935,e,minimum_078
126,21.0,-,3,1825.1687953,1,2,0.0,0.0,0.0,1.0,1825.170315523442,-0.0015202234419575689,e,minimum_078
127,21.0,-,4,2596.6681339,1,3,0.0,0.0,0.0,1.0,2596.66909183533,-0.000957935330006876,e,minimum_078
128,21.0,-,5,3358.8921152,1,4,0.0,0.0,0.0,1.0,3358.891526090754,0.0005891092459933134,e,minimum_078
129,21.0,-,6,4111.9509945,1,5,0.0,0.0,0.0,1.0,4111.951428183381,-0.00043368338083382696,e,minimum_078
130,21.0,-,7,4855.9625398,1,6,0.0,0.0,0.0,1.0,4855.961466577134,0.0010732228656706866,e,minimum_078
131,21.0,-,9,6317.2850927,1,8,0.0,0.0,0.0,1.0,6317.283644426016,0.0014482739843515446,e,minimum_078
132,21.0,-,10,7034.8142759,1,9,0.0,0.0,0.0,1.0,7034.824434144634,-0.010158244634112634,e,minimum_078
133,22.0,+,1,278.0282621,1,0,0.0,0.0,0.0,1.0,278.028253085719,9.01428103361468e-06,e,minimum_078
134,22.0,+,2,1068.2120738,1,1,0.0,0.0,0.0,1.0,1068.215998876883,-0.0039250768829788285,e,minimum_078
135,22.0,+,3,1848.8888521,1,2,0.0,0.0,0.0,1.0,1848.891435195956,-0.0025830959561972122,e,minimum_078
136,22.0,+,4,2620.1755543,1,3,0.0,0.0,0.0,1.0,2620.17562350655,-6.92065500516037e-05,e,minimum_078
137,22.0,+,5,3382.1842316,1,4,0.0,0.0,0.0,1.0,3382.18502502318,-0.0007934231798572,e,minimum_078
138,22.0,+,6,4135.033936,1,5,0.0,0.0,0.0,1.0,4135.033439399079,0.0004966009209965705,e,minimum_078
139,22.0,+,7,4878.8335,1,6,0.0,0.0,0.0,1.0,4878.833538528879,-3.852887948596617e-05,e,minimum_078
140,22.0,+,8,5613.6987423,1,7,0.0,0.0,0.0,1.0,5613.698038508332,0.0007037916684566881,e,minimum_078
141,22.0,+,9,6339.7386513,1,8,0.0,0.0,0.0,1.0,6339.740554027185,-0.001902727184642572,e,minimum_078
142,23.0,-,1,303.2769997,1,0,0.0,0.0,0.0,1.0,303.276953242514,4.645748595066834e-05,e,minimum_078
143,23.0,-,2,1093.2331713,1,1,0.0,0.0,0.0,1.0,1093.237016796159,-0.0038454961588740844,e,minimum_078
144,23.0,-,3,1873.6847841,1,2,0.0,0.0,0.0,1.0,1873.686467201975,-0.0016831019750043197,e,minimum_078
145,23.0,-,4,2644.7454534,1,3,0.0,0.0,0.0,1.0,2644.746322617616,-0.0008692176161275711,e,minimum_078
146,23.0,-,5,3406.5335271,1,4,0.0,0.0,0.0,1.0,3406.53301770869,0.0005093913100608916,e,minimum_078
147,23.0,-,6,4159.1597529,1,5,0.0,0.0,0.0,1.0,4159.16034144594,-0.0005885459395358339,e,minimum_078
148,23.0,-,7,4902.7422222,1,6,0.0,0.0,0.0,1.0,4902.740969360344,0.0012528396555353538,e,minimum_078
149,23.0,-,8,5637.3865575,1,7,0.0,0.0,0.0,1.0,5637.387633562822,-0.0010760628219941282,e,minimum_078
150,24.0,+,1,329.6172291,1,0,0.0,0.0,0.0,1.0,329.61869613466,-0.00146703466003828,e,minimum_078
151,24.0,+,2,1119.3376964,1,1,0.0,0.0,0.0,1.0,1119.341186912756,-0.0034905127561160043,e,minimum_078
152,24.0,+,3,1899.5525489,1,2,0.0,0.0,0.0,1.0,1899.554835283376,-0.0022863833760311536,e,minimum_078
153,24.0,+,4,2670.3807747,1,3,0.0,0.0,0.0,1.0,2670.380614130514,0.00016056948607001686,e,minimum_078
154,24.0,+,5,3431.9343385,1,4,0.0,0.0,0.0,1.0,3431.9349303975,-0.0005918974998166959,e,minimum_078
155,24.0,+,6,4184.3319819,1,5,0.0,0.0,0.0,1.0,4184.33156193411,0.000419965889705054,e,minimum_078
156,24.0,+,7,4927.6823741,1,6,0.0,0.0,0.0,1.0,4927.683188120503,-0.0008140205027302727,e,minimum_078
157,24.0,+,8,5662.1069012,1,7,0.0,0.0,0.0,1.0,5662.102557849224,0.004343350776252919,e,minimum_078
158,25.0,-,1,357.0534536,1,0,0.0,0.0,0.0,1.0,357.052878083214,0.0005755167860002075,e,minimum_078
159,25.0,-,2,1146.5229088,1,1,0.0,0.0,0.0,1.0,1146.527906666908,-0.004997866907842763,e,minimum_078
160,25.0,-,3,1926.4947514,1,2,0.0,0.0,0.0,1.0,1926.495938082085,-0.0011866820850627846,e,minimum_078
161,25.0,-,4,2697.0773555,1,3,0.0,0.0,0.0,1.0,2697.077897961539,-0.0005424615387710219,e,minimum_078
162,25.0,-,5,3458.3905635,1,4,0.0,0.0,0.0,1.0,3458.390164351244,0.00039914875605973066,e,minimum_078
163,25.0,-,6,4210.5456507,1,5,0.0,0.0,0.0,1.0,4210.546503545634,-0.0008528456337444368,e,minimum_078
164,25.0,-,7,4953.6602446,1,6,0.0,0.0,0.0,1.0,4953.659598994265,0.0006456057344621513,e,minimum_078
165,25.0,-,8,5687.8429876,1,7,0.0,0.0,0.0,1.0,5687.842217147017,0.0007704529825787176,e,minimum_078
166,25.0,-,9,6413.2053666,1,8,0.0,0.0,0.0,1.0,6413.208055115457,-0.00268851545661164,e,minimum_078
167,25.0,-,10,7129.8617642,1,9,0.0,0.0,0.0,1.0,7129.872313815844,-0.010549615843956417,e,minimum_078
168,26.0,+,1,385.5788546,1,0,0.0,0.0,0.0,1.0,385.578870203103,-1.5603103008743346e-05,e,minimum_078
169,26.0,+,2,1174.7935762,1,1,0.0,0.0,0.0,1.0,1174.796548341344,-0.002972141344116608,e,minimum_078
170,26.0,+,3,1954.5070568,1,2,0.0,0.0,0.0,1.0,1954.509149134237,-0.002092334236976967,e,minimum_078
171,26.0,+,4,2724.8377694,1,3,0.0,0.0,0.0,1.0,2724.837548975694,0.00022042430600777152,e,minimum_078
172,26.0,+,5,3485.8981653,1,4,0.0,0.0,0.0,1.0,3485.898095837688,6.946231223992072e-05,e,minimum_078
173,26.0,+,6,4237.8050881,1,5,0.0,0.0,0.0,1.0,4237.804544029307,0.0005440706927402061,e,minimum_078
174,26.0,+,7,4980.6697979,1,6,0.0,0.0,0.0,1.0,4980.669581297459,0.0002166025406040717,e,minimum_078
175,26.0,+,8,5714.6073731,1,7,0.0,0.0,0.0,1.0,5714.605992434917,0.001380665082251653,e,minimum_078
176,26.0,+,9,6439.7273463,1,8,0.0,0.0,0.0,1.0,6439.727504487729,-0.00015818772862985497,e,minimum_078
177,27.0,-,1,415.1943752,1,0,0.0,0.0,0.0,1.0,415.19601839647,-0.001643196469956365,e,minimum_078
178,27.0,-,2,1204.1432101,1,1,0.0,0.0,0.0,1.0,1204.146459054991,-0.0032489549910224014,e,minimum_078
179,27.0,-,3,1983.5927471,1,2,0.0,0.0,0.0,1.0,1983.593816864054,-0.001069764053909239,e,minimum_078
180,27.0,-,4,2753.6586651,1,3,0.0,0.0,0.0,1.0,2753.658916980713,-0.0002518807132219081,e,minimum_078
181,27.0,-,5,3514.4587493,1,4,0.0,0.0,0.0,1.0,3514.458076124987,0.000673175012707361,e,minimum_078
182,27.0,-,6,4266.1050384,1,5,0.0,0.0,0.0,1.0,4266.10503619496,2.205039891123306e-06,e,minimum_078
183,27.0,-,7,5008.7132903,1,6,0.0,0.0,0.0,1.0,5008.712489471334,0.0008008286658878205,e,minimum_078
184,27.0,-,8,5742.3948796,1,7,0.0,0.0,0.0,1.0,5742.393239885559,0.0016397144418078824,e,minimum_078
185,28.0,+,1,445.9041894,1,0,0.0,0.0,0.0,1.0,445.90364334605,0.0005460539500177219,e,minimum_078
186,28.0,+,2,1234.5741236,1,1,0.0,0.0,0.0,1.0,1234.576960756572,-0.002837156572013555,e,minimum_078
187,28.0,+,3,2013.7477338,1,2,0.0,0.0,0.0,1.0,2013.749264577657,-0.0015307776568533882,e,minimum_078
188,28.0,+,4,2783.5417601,1,3,0.0,0.0,0.0,1.0,2783.541326721075,0.00043337892475392437,e,minimum_078
189,28.0,+,5,3544.0699523,1,4,0.0,0.0,0.0,1.0,3544.069431475695,0.0005208243046581629,e,minimum_078
190,28.0,+,6,4295.4481978,1,5,0.0,0.0,0.0,1.0,4295.447307907818,0.0008898921823856654,e,minimum_078
191,28.0,+,7,5037.7888337,1,6,0.0,0.0,0.0,1.0,5037.787653077167,0.0011806228330897284,e,minimum_078
192,28.0,+,9,6495.8081501,1,8,0.0,0.0,0.0,1.0,6495.808011926665,0.0001381733345624525,e,minimum_078
193,29.0,-,1,477.7014795,1,0,0.0,0.0,0.0,1.0,477.701040507822,0.00043899217803300417,e,minimum_078
194,29.0,-,2,1266.0848307,1,1,0.0,0.0,0.0,1.0,1266.087350217538,-0.0025195175378485146,e,minimum_078
195,29.0,-,3,2044.9736118,1,2,0.0,0.0,0.0,1.0,2044.974790456251,-0.0011786562508859788,e,minimum_078
196,29.0,-,4,2814.484526,1,3,0.0,0.0,0.0,1.0,2814.484077871457,0.0004481285432120785,e,minimum_078
197,29.0,-,5,3574.7321414,1,4,0.0,0.0,0.0,1.0,3574.731463140417,0.0006782595828553895,e,minimum_078
198,29.0,-,6,4325.8307682,1,5,0.0,0.0,0.0,1.0,4325.830662082324,0.00010611767629598035,e,minimum_078
199,29.0,-,7,5067.8950096,1,6,0.0,0.0,0.0,1.0,5067.894376790234,0.0006328097661025822,e,minimum_078
200,29.0,-,8,5801.0362072,1,7,0.0,0.0,0.0,1.0,5801.035451903236,0.0007552967636001995,e,minimum_078
201,29.0,-,10,7240.9990395,1,9,0.0,0.0,0.0,1.0,7241.006523040565,-0.007483540564862778,e,minimum_078
202,30.0,+,1,510.5880594,1,0,0.0,0.0,0.0,1.0,510.587480104005,0.000579295995009943,e,minimum_078
203,30.0,+,2,1298.6745136,1,1,0.0,0.0,0.0,1.0,1298.676899025376,-0.0023854253761328437,e,minimum_078
204,30.0,+,3,2077.2688249,1,2,0.0,0.0,0.0,1.0,2077.269667549586,-0.000842649586047628,e,minimum_078
205,30.0,+,4,2846.4869554,1,3,0.0,0.0,0.0,1.0,2846.486445030233,0.0005103697671984264,e,minimum_078
206,30.0,+,5,3606.4443206,1,4,0.0,0.0,0.0,1.0,3606.443447351595,0.0008732484052416112,e,minimum_078
207,30.0,+,6,4357.2549611,1,5,0.0,0.0,0.0,1.0,4357.254376676064,0.0005844239367434056,e,minimum_078
208,30.0,+,7,5099.0329653,1,6,0.0,0.0,0.0,1.0,5099.031940393939,0.0010249060605929117,e,minimum_078
209,30.0,+,9,6555.9396689,1,8,0.0,0.0,0.0,1.0,6555.939429080121,0.00023981987851584563,e,minimum_078
210,31.0,-,1,544.5624127,1,0,0.0,0.0,0.0,1.0,544.562207115032,0.00020558496794365055,e,minimum_078
211,31.0,-,2,1332.3426563,1,1,0.0,0.0,0.0,1.0,1332.344853575851,-0.0021972758509036794,e,minimum_078
212,31.0,-,3,2110.6324679,1,2,0.0,0.0,0.0,1.0,2110.633143768564,-0.0006758685640306794,e,minimum_078
213,31.0,-,4,2879.5484744,1,3,0.0,0.0,0.0,1.0,2879.547677712406,0.0007966875941747276,e,minimum_078
214,31.0,-,5,3639.2054482,1,4,0.0,0.0,0.0,1.0,3639.204635316663,0.0008128833369482891,e,minimum_078
215,31.0,-,6,4389.7184571,1,5,0.0,0.0,0.0,1.0,4389.717704683177,0.0007524168231611839,e,minimum_078
216,31.0,-,7,5131.2000251,1,6,0.0,0.0,0.0,1.0,5131.199598773551,0.0004263264490873553,e,minimum_078
217,31.0,-,8,5863.76468,1,7,0.0,0.0,0.0,1.0,5863.763206252389,0.001473747611271392,e,minimum_078
218,31.0,-,9,6587.5219094,1,8,0.0,0.0,0.0,1.0,6587.52242278748,-0.0005133874792591087,e,minimum_078
219,32.0,+,1,579.6252752,1,0,0.0,0.0,0.0,1.0,579.624441272045,0.0008339279550000356,e,minimum_078
220,32.0,+,2,1367.0879723,1,1,0.0,0.0,0.0,1.0,1367.090435065767,-0.002462765766949815,e,minimum_078
221,32.0,+,3,2145.0638048,1,2,0.0,0.0,0.0,1.0,2145.064441878099,-0.0006370780988618208,e,minimum_078
222,32.0,+,4,2913.6678071,1,3,0.0,0.0,0.0,1.0,2913.667000342635,0.0008067573648986581,e,minimum_078
223,32.0,+,5,3673.0151854,1,4,0.0,0.0,0.0,1.0,3673.014253211178,0.0009321888219346874,e,minimum_078
224,32.0,+,6,4423.2201877,1,5,0.0,0.0,0.0,1.0,4423.219874127592,0.0003135724073217716,e,minimum_078
225,32.0,+,7,5164.3973423,1,6,0.0,0.0,0.0,1.0,5164.396581909688,0.0007603903113704291,e,minimum_078
226,32.0,+,8,5896.6579275,1,7,0.0,0.0,0.0,1.0,5896.657288509717,0.0006389902837327099,e,minimum_078
227,32.0,+,9,6620.117684,1,8,0.0,0.0,0.0,1.0,6620.115927195066,0.0017568049333931413,e,minimum_078
228,33.0,-,1,615.7737192,1,0,0.0,0.0,0.0,1.0,615.773377048349,0.00034215165101159073,e,minimum_078
229,33.0,-,2,1402.9109575,1,1,0.0,0.0,0.0,1.0,1402.912839484896,-0.0018819848960447416,e,minimum_078
230,33.0,-,3,2180.5622499,1,2,0.0,0.0,0.0,1.0,2180.562759489396,-0.0005095893957332009,e,minimum_078
231,33.0,-,4,2948.8445478,1,3,0.0,0.0,0.0,1.0,2948.843612247791,0.000935552208829904,e,minimum_078
232,33.0,-,5,3707.8723005,1,4,0.0,0.0,0.0,1.0,3707.871502171567,0.0007983284331203322,e,minimum_078
233,33.0,-,6,4457.7613009,1,5,0.0,0.0,0.0,1.0,4457.760088056266,0.0012128437338105869,e,minimum_078
234,33.0,-,7,5198.622587,1,6,0.0,0.0,0.0,1.0,5198.622094871655,0.0004921283452858916,e,minimum_078
235,33.0,-,8,5930.5744593,1,7,0.0,0.0,0.0,1.0,5930.570458725166,0.004000574834208237,e,minimum_078
236,33.0,-,9,6653.718273,1,8,0.0,0.0,0.0,1.0,6653.719151806255,-0.000878806254149822,e,minimum_078
237,33.0,-,10,7368.1758755,1,9,0.0,0.0,0.0,1.0,7368.183732335314,-0.007856835313759802,e,minimum_078
238,34.0,+,1,653.0090056,1,0,0.0,0.0,0.0,1.0,653.0081836512,0.0008219487999667763,e,minimum_078
239,34.0,+,2,1439.8092642,1,1,0.0,0.0,0.0,1.0,1439.811237608015,-0.0019734080151465605,e,minimum_078
240,34.0,+,3,2217.1270391,1,2,0.0,0.0,0.0,1.0,2217.127269052216,-0.0002299522161592904,e,minimum_078
241,34.0,+,4,2985.0777017,1,3,0.0,0.0,0.0,1.0,2985.076687649315,0.0010140506851712416,e,minimum_078
242,34.0,+,5,3743.7766198,1,4,0.0,0.0,0.0,1.0,3743.775558287849,0.0010615121509545133,e,minimum_078
243,34.0,+,6,4493.3378143,1,5,0.0,0.0,0.0,1.0,4493.337524531808,0.00028976819157833233,e,minimum_078
244,34.0,+,7,5233.876126,1,6,0.0,0.0,0.0,1.0,5233.875317810512,0.0008081894884526264,e,minimum_078
245,34.0,+,8,5965.5031654,1,7,0.0,0.0,0.0,1.0,5965.501899267803,0.0012661321970881545,e,minimum_078
246,34.0,+,9,6688.330373,1,8,0.0,0.0,0.0,1.0,6688.33128135191,-0.0009083519098567194,e,minimum_078
247,35.0,-,1,691.3289175,1,0,0.0,0.0,0.0,1.0,691.328005012934,0.0009124870659888984,e,minimum_078
248,35.0,-,2,1477.7830727,1,1,0.0,0.0,0.0,1.0,1477.784774986237,-0.001702286236877626,e,minimum_078
249,35.0,-,3,2254.7570742,1,2,0.0,0.0,0.0,1.0,2254.75711784653,-4.364653023003484e-05,e,minimum_078
250,35.0,-,4,3022.3665354,1,3,0.0,0.0,0.0,1.0,3022.365375655324,0.0011597446759878949,e,minimum_078
251,35.0,-,5,3780.7265801,1,4,0.0,0.0,0.0,1.0,3780.725572595797,0.0010075042027892778,e,minimum_078
252,35.0,-,6,4529.952174,1,5,0.0,0.0,0.0,1.0,4529.951336625146,0.0008373748541998793,e,minimum_078
253,35.0,-,7,5270.1560494,1,6,0.0,0.0,0.0,1.0,5270.155405951956,0.000643448043774697,e,minimum_078
254,35.0,-,8,6001.4492726,1,7,0.0,0.0,0.0,1.0,6001.450767652046,-0.0014950520462662098,e,minimum_078
255,36.0,+,1,730.7323455,1,0,0.0,0.0,0.0,1.0,730.731959781978,0.0003857180219029033,e,minimum_078
256,36.0,+,2,1516.8310866,1,1,0.0,0.0,0.0,1.0,1516.832571938619,-0.001485338618977039,e,minimum_078
257,36.0,+,3,2293.4514467,1,2,0.0,0.0,0.0,1.0,2293.451427974328,1.8725671907304786e-05,e,minimum_078
258,36.0,+,4,3060.7099914,1,3,0.0,0.0,0.0,1.0,3060.708800252363,0.001191147637200629,e,minimum_078
259,36.0,+,5,3818.7215939,1,4,0.0,0.0,0.0,1.0,3818.72067106915,0.0009228308499587001,e,minimum_078
260,36.0,+,6,4567.6015423,1,5,0.0,0.0,0.0,1.0,4567.600652407855,0.0008898921450963826,e,minimum_078
261,36.0,+,7,5307.4622639,1,6,0.0,0.0,0.0,1.0,5307.461489588905,0.0007743110945739318,e,minimum_078
262,36.0,+,8,6038.4183693,1,7,0.0,0.0,0.0,1.0,6038.416196530517,0.002172769483877346,e,minimum_078
263,37.0,-,1,771.220192,1,0,0.0,0.0,0.0,1.0,771.219141313468,0.0010506865320394354,e,minimum_078
264,37.0,-,2,1556.9521855,1,1,0.0,0.0,0.0,1.0,1556.953723542951,-0.001538042950869567,e,minimum_078
265,37.0,-,3,2333.209329,1,2,0.0,0.0,0.0,1.0,2333.20929635079,3.264920997025911e-05,e,minimum_078
266,37.0,-,4,3100.1071606,1,3,0.0,0.0,0.0,1.0,3100.106060297233,0.0011003027670994925,e,minimum_078
267,37.0,-,5,3857.7606802,1,4,0.0,0.0,0.0,1.0,3857.75995461142,0.0007255885798258532,e,minimum_078
268,37.0,-,6,4606.2853167,1,5,0.0,0.0,0.0,1.0,4606.284574944258,0.0007417557426379062,e,minimum_078
269,37.0,-,7,5345.794048,1,6,0.0,0.0,0.0,1.0,5345.792674073898,0.0013739261021328275,e,minimum_078
270,38.0,+,1,812.7889756,1,0,0.0,0.0,0.0,1.0,812.78861765967,0.0003579403299909245,e,minimum_078
271,38.0,+,2,1598.1457194,1,1,0.0,0.0,0.0,1.0,1598.147299626821,-0.0015802268210336479,e,minimum_078
272,38.0,+,3,2374.0298207,1,2,0.0,0.0,0.0,1.0,2374.029794695571,2.600442894618027e-05,e,minimum_078
273,38.0,+,4,3140.5578158,1,3,0.0,0.0,0.0,1.0,3140.556229508147,0.0015862918526181602,e,minimum_078
274,38.0,+,5,3897.8434091,1,4,0.0,0.0,0.0,1.0,3897.842499047492,0.0009100525080611988,e,minimum_078
275,38.0,+,6,4646.0026515,1,5,0.0,0.0,0.0,1.0,4646.00218228338,0.00046921662033128086,e,minimum_078
276,38.0,+,8,6115.395656,1,7,0.0,0.0,0.0,1.0,6115.393142028258,0.0025139717417914653,e,minimum_078
277,38.0,+,10,7549.6311195,1,9,0.0,0.0,0.0,1.0,7549.63947764434,-0.00835814434049098,e,minimum_078
278,39.0,-,1,855.4393294,1,0,0.0,0.0,0.0,1.0,855.439431560154,-0.000102160154028752,e,minimum_078
279,39.0,-,2,1640.4109423,1,1,0.0,0.0,0.0,1.0,1640.412344757758,-0.001402457758103992,e,minimum_078
280,39.0,-,3,2415.9122335,1,2,0.0,0.0,0.0,1.0,2415.911969523358,0.0002639766421452805,e,minimum_078
281,39.0,-,4,3182.0594515,1,3,0.0,0.0,0.0,1.0,3182.058356455782,0.0010950442178909725,e,minimum_078
282,39.0,-,5,3938.9681486,1,4,0.0,0.0,0.0,1.0,3938.967355114995,0.0007934850050332898,e,minimum_078
283,39.0,-,6,4686.7537355,1,5,0.0,0.0,0.0,1.0,4686.752527450356,0.0012080496444468736,e,minimum_078
284,39.0,-,7,5425.5280695,1,6,0.0,0.0,0.0,1.0,5425.526642249365,0.0014272506350607728,e,minimum_078
285,39.0,-,8,6155.4064232,1,7,0.0,0.0,0.0,1.0,6155.402799577775,0.0036236222249499406,e,minimum_078
286,39.0,-,9,6876.4948831,1,8,0.0,0.0,0.0,1.0,6876.495233759151,-0.00035065915108134504,e,minimum_078
287,39.0,-,10,7588.9176867,1,9,0.0,0.0,0.0,1.0,7588.919841134484,-0.002154434484509693,e,minimum_078
288,40.0,+,1,899.1710381,1,0,0.0,0.0,0.0,1.0,899.170600431523,0.0004376684770477368,e,minimum_078
289,40.0,+,2,1683.7464655,1,1,0.0,0.0,0.0,1.0,1683.747878233826,-0.001412733825873147,e,minimum_078
290,40.0,+,3,2458.8553132,1,2,0.0,0.0,0.0,1.0,2458.854842134556,0.00047106544434427633,e,minimum_078
291,40.0,+,4,3224.6124706,1,3,0.0,0.0,0.0,1.0,3224.611464554231,0.0010060457689178293,e,minimum_078
292,40.0,+,5,3981.1347107,1,4,0.0,0.0,0.0,1.0,3981.133548455162,0.0011622448382695438,e,minimum_078
293,40.0,+,6,4728.5351356,1,5,0.0,0.0,0.0,1.0,4728.534638438014,0.0004971619864591048,e,minimum_078
294,40.0,+,7,5466.9293142,1,6,0.0,0.0,0.0,1.0,5466.927511871545,0.0018023284546870855,e,minimum_078
295,40.0,+,8,6196.4266294,1,7,0.0,0.0,0.0,1.0,6196.425299466337,0.00132993366332812,e,minimum_078
296,40.0,+,9,6917.1461777,1,8,0.0,0.0,0.0,1.0,6917.142284151187,0.0038935488137212815,e,minimum_078
297,41.0,-,1,943.9811378,1,0,0.0,0.0,0.0,1.0,943.98111635693,2.1443070068016823e-05,e,minimum_078
298,41.0,-,2,1728.1517844,1,1,0.0,0.0,0.0,1.0,1728.152894073219,-0.0011096732189344038,e,minimum_078
299,41.0,-,3,2502.8578338,1,2,0.0,0.0,0.0,1.0,2502.857408605593,0.00042519440739852143,e,minimum_078
300,41.0,-,4,3268.2162493,1,3,0.0,0.0,0.0,1.0,3268.214552051488,0.001697248511845828,e,minimum_078
301,41.0,-,5,4024.3410163,1,4,0.0,0.0,0.0,1.0,4024.340079604223,0.0009366957769998407,e,minimum_078
302,41.0,-,6,4771.3484062,1,5,0.0,0.0,0.0,1.0,4771.347518197983,0.0008880020168362535,e,minimum_078
303,41.0,-,7,5509.3507479,1,6,0.0,0.0,0.0,1.0,5509.349654188444,0.0010937115557680954,e,minimum_078
304,41.0,-,8,6238.4631415,1,7,0.0,0.0,0.0,1.0,6238.459649924751,0.0034915752494271146,e,minimum_078
305,41.0,-,9,6958.7917292,1,8,0.0,0.0,0.0,1.0,6958.791838391373,-0.00010919137275777757,e,minimum_078
306,42.0,+,1,989.8702208,1,0,0.0,0.0,0.0,1.0,989.869946075327,0.0002747246729768449,e,minimum_078
307,42.0,+,2,1773.6251349,1,1,0.0,0.0,0.0,1.0,1773.626361004088,-0.0012261040881185181,e,minimum_078
308,42.0,+,3,2547.9194781,1,2,0.0,0.0,0.0,1.0,2547.918639778757,0.000838321243008977,e,minimum_078
309,42.0,+,4,3312.8679093,1,3,0.0,0.0,0.0,1.0,3312.86659201972,0.0013172802800909267,e,minimum_078
310,42.0,+,5,4068.5870134,1,4,0.0,0.0,0.0,1.0,4068.585923983174,0.00108941682628938,e,minimum_078
311,42.0,+,6,4815.1906192,1,5,0.0,0.0,0.0,1.0,4815.190144631428,0.0004745685719171888,e,minimum_078
312,42.0,+,7,5552.7933376,1,6,0.0,0.0,0.0,1.0,5552.792049728809,0.0012878711913799634,e,minimum_078
313,42.0,+,8,6281.5070405,1,7,0.0,0.0,0.0,1.0,6281.504834275176,0.0022062248235670268,e,minimum_078
314,42.0,+,9,7001.4434589,1,8,0.0,0.0,0.0,1.0,7001.442882779862,0.0005761201382483705,e,minimum_078
315,43.0,-,1,1036.8359428,1,0,0.0,0.0,0.0,1.0,1036.836030970381,-8.817038087727269e-05,e,minimum_078
316,43.0,-,2,1820.1662316,1,1,0.0,0.0,0.0,1.0,1820.167222453877,-0.0009908538770559971,e,minimum_078
317,43.0,-,3,2594.037857,1,2,0.0,0.0,0.0,1.0,2594.03748125197,0.000375748029910028,e,minimum_078
318,43.0,-,4,3358.5680547,1,3,0.0,0.0,0.0,1.0,3358.56653234528,0.0015223547202367627,e,minimum_078
319,43.0,-,5,4113.8709985,1,4,0.0,0.0,0.0,1.0,4113.870031888851,0.0009666111482147244,e,minimum_078
320,43.0,-,6,4860.0618126,1,5,0.0,0.0,0.0,1.0,4860.061470579934,0.0003420200655455119,e,minimum_078
321,43.0,-,7,5597.2554343,1,6,0.0,0.0,0.0,1.0,5597.253654030535,0.0017802694655983942,e,minimum_078
322,43.0,-,8,6325.5589777,1,7,0.0,0.0,0.0,1.0,6325.559810922786,-0.0008332227862410946,e,minimum_078
323,43.0,-,9,7045.0979681,1,8,0.0,0.0,0.0,1.0,7045.094378778746,0.003589321253457456,e,minimum_078
324,43.0,-,10,7755.9710349,1,9,0.0,0.0,0.0,1.0,7755.973514482235,-0.0024795822355372366,e,minimum_078
325,44.0,+,1,1084.8786424,1,0,0.0,0.0,0.0,1.0,1084.878287059122,0.00035534087805899617,e,minimum_078
326,44.0,+,2,1867.7731596,1,1,0.0,0.0,0.0,1.0,1867.774396538398,-0.0012369383978239057,e,minimum_078
327,44.0,+,3,2641.2137819,1,2,0.0,0.0,0.0,1.0,2641.212853368393,0.0009285316068599059,e,minimum_078
328,44.0,+,4,3405.3144817,1,3,0.0,0.0,0.0,1.0,3405.313295718493,0.0011859815072057245,e,minimum_078
329,44.0,+,5,4160.1924837,1,4,0.0,0.0,0.0,1.0,4160.191328483616,0.0011552163832675433,e,minimum_078
330,44.0,+,6,4905.960593,1,5,0.0,0.0,0.0,1.0,4905.960423815725,0.00016918427445489215,e,minimum_078
331,44.0,+,7,5642.7345991,1,6,0.0,0.0,0.0,1.0,5642.733397631563,0.0012014684371024487,e,minimum_078
332,44.0,+,8,6370.6262045,1,7,0.0,0.0,0.0,1.0,6370.62351334675,0.0026911532504527713,e,minimum_078
333,44.0,+,9,7089.7492258,1,8,0.0,0.0,0.0,1.0,7089.745263003752,0.003962796247833467,e,minimum_078
334,44.0,+,10,7800.2111303,1,9,0.0,0.0,0.0,1.0,7800.214873164889,-0.0037428648884088034,e,minimum_078
335,45.0,-,1,1133.9951,1,0,0.0,0.0,0.0,1.0,1133.99560498025,-0.0005049802498433564,e,minimum_078
336,45.0,-,2,1916.446476,1,1,0.0,0.0,0.0,1.0,1916.446776050625,-0.00030005062490090495,e,minimum_078
337,45.0,-,3,2689.4440851,1,2,0.0,0.0,0.0,1.0,2689.443651205281,0.0004338947187534359,e,minimum_078
338,45.0,-,4,3453.1073729,1,3,0.0,0.0,0.0,1.0,3453.105779623267,0.001593276732819504,e,minimum_078
339,45.0,-,5,4207.5494849,1,4,0.0,0.0,0.0,1.0,4207.548713785266,0.0007711147336522117,e,minimum_078
340,45.0,-,6,4952.8867211,1,5,0.0,0.0,0.0,1.0,4952.885907031933,0.0008140680665746913,e,minimum_078
341,45.0,-,7,5689.2310198,1,6,0.0,0.0,0.0,1.0,5689.230186060356,0.0008337396438946598,e,minimum_078
342,45.0,-,8,6416.6984099,1,7,0.0,0.0,0.0,1.0,6416.694850091378,0.0035598086224126746,e,minimum_078
343,45.0,-,9,7135.3972188,1,8,0.0,0.0,0.0,1.0,7135.394447215772,0.0027715842279576464,e,minimum_078
344,46.0,+,1,1184.1869369,1,0,0.0,0.0,0.0,1.0,1184.186849982088,8.691791208548239e-05,e,minimum_078
345,46.0,+,2,1966.1821775,1,1,0.0,0.0,0.0,1.0,1966.183228449099,-0.0010509490989534243,e,minimum_078
346,46.0,+,3,2738.7301293,1,2,0.0,0.0,0.0,1.0,2738.728744563072,0.001384736928230268,e,minimum_078
347,46.0,+,4,3501.943989,1,3,0.0,0.0,0.0,1.0,3501.942856325915,0.001132674085056351,e,minimum_078
348,46.0,+,5,4255.9420251,1,4,0.0,0.0,0.0,1.0,4255.941062656416,0.0009624435842852108,e,minimum_078
349,46.0,+,6,5000.8370121,1,5,0.0,0.0,0.0,1.0,5000.836797832288,0.00021426771218102658,e,minimum_078
350,46.0,+,7,5736.7441668,1,6,0.0,0.0,0.0,1.0,5736.742899826048,0.0012669739517150447,e,minimum_078
351,46.0,+,8,6463.7753006,1,7,0.0,0.0,0.0,1.0,6463.772704756776,0.002595843224298733,e,minimum_078
352,46.0,+,9,7182.048374,1,8,0.0,0.0,0.0,1.0,7182.040818312051,0.007555687949206913,e,minimum_078
353,47.0,-,1,1235.4502561,1,0,0.0,0.0,0.0,1.0,1235.450861910424,-0.0006058104240764806,e,minimum_078
354,47.0,-,2,2016.9823089,1,1,0.0,0.0,0.0,1.0,2016.982595846298,-0.00028694629804704164,e,minimum_078
355,47.0,-,3,2789.0678157,1,2,0.0,0.0,0.0,1.0,2789.066977953958,0.0008377460421797878,e,minimum_078
356,47.0,-,4,3551.8251162,1,3,0.0,0.0,0.0,1.0,3551.823372864586,0.0017433354141758173,e,minimum_078
357,47.0,-,5,4305.367679,1,4,0.0,0.0,0.0,1.0,4305.367224794087,0.00045420591322908876,e,minimum_078
358,47.0,-,6,5049.8125496,1,5,0.0,0.0,0.0,1.0,5049.811948721172,0.0006008788286635536,e,minimum_078
359,47.0,-,7,5785.2716053,1,6,0.0,0.0,0.0,1.0,5785.270394408904,0.0012108910959796049,e,minimum_078
360,47.0,-,8,6511.8604135,1,7,0.0,0.0,0.0,1.0,6511.855935989565,0.0044775104342988925,e,minimum_078
361,47.0,-,9,7229.686018,1,8,0.0,0.0,0.0,1.0,7229.683238317488,0.0027796825124823954,e,minimum_078
362,48.0,+,1,1287.7863624,1,0,0.0,0.0,0.0,1.0,1287.786455195867,-9.279586697630293e-05,e,minimum_078
363,48.0,+,2,2068.8430103,1,1,0.0,0.0,0.0,1.0,2068.843694996468,-0.0006846964679425582,e,minimum_078
364,48.0,+,3,2840.4587247,1,2,0.0,0.0,0.0,1.0,2840.457170590167,0.0015541098327958025,e,minimum_078
365,48.0,+,4,3602.7472137,1,3,0.0,0.0,0.0,1.0,3602.746151037667,0.0010626623329699214,e,minimum_078
366,48.0,+,5,4355.8269443,1,4,0.0,0.0,0.0,1.0,4355.826024718484,0.0009195815155180753,e,minimum_078
367,48.0,+,6,5099.8099006,1,5,0.0,0.0,0.0,1.0,5099.8101870926,-0.00028649260002566734,e,minimum_078
368,48.0,+,7,5834.8137261,1,6,0.0,0.0,0.0,1.0,5834.811500249782,0.0022258502185650286,e,minimum_078
369,48.0,+,8,6560.9456853,1,7,0.0,0.0,0.0,1.0,6560.943377472975,0.002307827025106235,e,minimum_078
370,49.0,-,1,1341.1917138,1,0,0.0,0.0,0.0,1.0,1341.192418840863,-0.000705040863067552,e,minimum_078
371,49.0,-,2,2121.7653746,1,1,0.0,0.0,0.0,1.0,2121.765317283099,5.73169008930563e-05,e,minimum_078
372,49.0,-,3,2892.8991316,1,2,0.0,0.0,0.0,1.0,2892.898116371923,0.00101522807699439,e,minimum_078
373,49.0,-,4,3654.7122269,1,3,0.0,0.0,0.0,1.0,3654.709987392115,0.0022395078849513084,e,minimum_078
374,49.0,-,5,4407.3167669,1,4,0.0,0.0,0.0,1.0,4407.316261761851,0.000505138149492268,e,minimum_078
375,49.0,-,6,5150.8315101,1,5,0.0,0.0,0.0,1.0,5150.830315219545,0.0011948804549319902,e,minimum_078
376,49.0,-,7,5885.3645028,1,6,0.0,0.0,0.0,1.0,5885.365022739813,-0.0005199398128752364,e,minimum_078
377,49.0,-,8,6611.0376826,1,7,0.0,0.0,0.0,1.0,6611.033837917091,0.0038446829094027635,e,minimum_078
378,49.0,-,9,7327.9545375,1,8,0.0,0.0,0.0,1.0,7327.951548737929,0.0029887620703448192,e,minimum_078
379,49.0,-,10,8036.2321466,1,9,0.0,0.0,0.0,1.0,8036.23475833361,-0.0026117336101378896,e,minimum_078
380,50.0,+,1,1395.6674697,1,0,0.0,0.0,0.0,1.0,1395.66751640659,-4.670658995564736e-05,e,minimum_078
381,50.0,+,2,2175.7454696,1,1,0.0,0.0,0.0,1.0,2175.746228706448,-0.0007591064481857757,e,minimum_078
382,50.0,+,3,2946.3904285,1,2,0.0,0.0,0.0,1.0,2946.388583875245,0.0018446247549945838,e,minimum_078
383,50.0,+,4,3707.715081,1,3,0.0,0.0,0.0,1.0,3707.713653211689,0.0014277883110480616,e,minimum_078
384,50.0,+,5,4459.8380289,1,4,0.0,0.0,0.0,1.0,4459.8367100568,0.001318843199442199,e,minimum_078
385,50.0,+,6,5202.8712544,1,5,0.0,0.0,0.0,1.0,5202.871110242863,0.00014415713667403907,e,minimum_078
386,50.0,+,7,5936.9323223,1,6,0.0,0.0,0.0,1.0,5936.929742209813,0.002580090186711459,e,minimum_078
387,50.0,+,8,6662.1280405,1,7,0.0,0.0,0.0,1.0,6662.126101048673,0.001939451326506969,e,minimum_078
388,50.0,+,9,7378.5797337,1,8,0.0,0.0,0.0,1.0,7378.575038757227,0.004694942773312505,e,minimum_078
389,51.0,-,1,1451.209407,1,0,0.0,0.0,0.0,1.0,1451.210485999397,-0.0010789993968955969,e,minimum_078
390,51.0,-,2,2230.7856608,1,1,0.0,0.0,0.0,1.0,2230.785169870488,0.0004909295121251489,e,minimum_078
391,51.0,-,3,3000.9281628,1,2,0.0,0.0,0.0,1.0,3000.927316339488,0.0008464605120934721,e,minimum_078
392,51.0,-,4,3761.7580796,1,3,0.0,0.0,0.0,1.0,3761.755894504835,0.002185095165259554,e,minimum_078
393,51.0,-,5,4513.3862218,1,4,0.0,0.0,0.0,1.0,4513.386118524845,0.00010327515519747976,e,minimum_078
394,51.0,-,6,5255.931589,1,5,0.0,0.0,0.0,1.0,5255.931324159864,0.0002648401359692798,e,minimum_078
395,51.0,-,7,5989.5056789,1,6,0.0,0.0,0.0,1.0,5989.504413919381,0.0012649806194531266,e,minimum_078
396,51.0,-,8,6714.2231446,1,7,0.0,0.0,0.0,1.0,6714.218925600831,0.00421899916818802,e,minimum_078
397,51.0,-,9,7430.1947548,1,8,0.0,0.0,0.0,1.0,7430.18977687497,0.0049779250293795485,e,minimum_078
398,52.0,+,1,1507.82011,1,0,0.0,0.0,0.0,1.0,1507.82004025689,6.974311008889345e-05,e,minimum_078
399,52.0,+,2,2286.880314,1,1,0.0,0.0,0.0,1.0,2286.88085596951,-0.0005419695098680677,e,minimum_078
400,52.0,+,3,3056.5150219,1,2,0.0,0.0,0.0,1.0,3056.513031654318,0.0019902456820091174,e,minimum_078
401,52.0,+,4,3816.8363246,1,3,0.0,0.0,0.0,1.0,3816.835431992071,0.0008926079290176858,e,minimum_078
402,52.0,+,5,4567.964088,1,4,0.0,0.0,0.0,1.0,4567.963210863956,0.000877136043527571,e,minimum_078
403,52.0,+,6,5310.0092371,1,5,0.0,0.0,0.0,1.0,5310.009683812657,-0.00044671265732176835,e,minimum_078
404,52.0,+,7,6043.0894021,1,6,0.0,0.0,0.0,1.0,6043.087768045649,0.0016340543515980244,e,minimum_078
405,52.0,+,8,6767.3151737,1,7,0.0,0.0,0.0,1.0,6767.31104530243,0.004128397569729714,e,minimum_078
406,53.0,-,1,1565.4935273,1,0,0.0,0.0,0.0,1.0,1565.494866333861,-0.0013390338608587626,e,minimum_078
407,53.0,-,2,2344.0328223,1,1,0.0,0.0,0.0,1.0,2344.031976774563,0.0008455254369437171,e,minimum_078
408,53.0,-,3,3113.1455059,1,2,0.0,0.0,0.0,1.0,3113.144422346563,0.001083553437183582,e,minimum_078
409,53.0,-,4,3872.9532429,1,3,0.0,0.0,0.0,1.0,3872.950961093323,0.0022818066772742895,e,minimum_078
410,53.0,-,5,4623.5667267,1,4,0.0,0.0,0.0,1.0,4623.56668553657,4.116343006899115e-05,e,minimum_078
411,53.0,-,6,5365.1057503,1,5,0.0,0.0,0.0,1.0,5365.104890876325,0.0008594236751378048,e,minimum_078
412,53.0,-,7,6097.6790819,1,6,0.0,0.0,0.0,1.0,6097.67850967202,0.0005722279802284902,e,minimum_078
413,53.0,-,8,7536.3934215,1,8,0.0,0.0,0.0,1.0,7536.387922562258,0.0054989377422316466,e,minimum_078
414,54.0,+,1,1624.233534,1,0,0.0,0.0,0.0,1.0,1624.233625887718,-9.188771809931495e-05,e,minimum_078
415,54.0,+,2,2402.2369662,1,1,0.0,0.0,0.0,1.0,2402.237196619605,-0.00023041960503178416,e,minimum_078
416,54.0,+,3,3170.8225202,1,2,0.0,0.0,0.0,1.0,3170.820155566929,0.0023646330710107577,e,minimum_078
417,54.0,+,4,3930.1020471,1,3,0.0,0.0,0.0,1.0,3930.101151914895,0.0008951851050369442,e,minimum_078
418,54.0,+,5,4680.1962704,1,4,0.0,0.0,0.0,1.0,4680.195215756713,0.0010546432868068223,e,minimum_078
419,54.0,+,6,5421.2150379,1,5,0.0,0.0,0.0,1.0,5421.215621846795,-0.0005839467949044774,e,minimum_078
420,54.0,+,7,6153.2769433,1,6,0.0,0.0,0.0,1.0,6153.275318776475,0.0016245235256064916,e,minimum_078
421,54.0,+,8,6876.4910564,1,7,0.0,0.0,0.0,1.0,6876.48797998287,0.0030764171306145727,e,minimum_078
422,54.0,+,9,7590.9723726,1,8,0.0,0.0,0.0,1.0,7590.968730373977,0.0036422260227482184,e,minimum_078
423,55.0,-,1,1684.0334287,1,0,0.0,0.0,0.0,1.0,1684.03495506368,-0.0015263636798863445,e,minimum_078
424,55.0,-,2,2461.4956618,1,1,0.0,0.0,0.0,1.0,2461.495154387245,0.0005074127552688878,e,minimum_078
425,55.0,-,3,3229.5402083,1,2,0.0,0.0,0.0,1.0,3229.538873076126,0.0013352238738661981,e,minimum_078
426,55.0,-,4,3988.2867322,1,3,0.0,0.0,0.0,1.0,3988.284649236201,0.0020829637992392236,e,minimum_078
427,55.0,-,5,4737.8468464,1,4,0.0,0.0,0.0,1.0,4737.8474494773,-0.0006030773001839407,e,minimum_078
428,55.0,-,6,5478.3408464,1,5,0.0,0.0,0.0,1.0,5478.340528028224,0.0003183717763022287,e,minimum_078
429,55.0,-,7,6209.8771177,1,6,0.0,0.0,0.0,1.0,6209.876850219725,0.00026748027448775247,e,minimum_078
430,55.0,-,8,6932.5742256,1,7,0.0,0.0,0.0,1.0,6932.570137299657,0.004088300343028095,e,minimum_078
431,55.0,-,9,7646.5422145,1,8,0.0,0.0,0.0,1.0,7646.53558674757,0.00662775243017677,e,minimum_078
432,55.0,-,10,8351.8884767,1,9,0.0,0.0,0.0,1.0,8351.890318246758,-0.0018415467584418366,e,minimum_078
433,56.0,+,1,1744.896674,1,0,0.0,0.0,0.0,1.0,1744.897464479719,-0.0007904797189439705,e,minimum_078
434,56.0,+,2,2521.8047408,1,1,0.0,0.0,0.0,1.0,2521.804463494117,0.00027730588317353977,e,minimum_078
435,56.0,+,3,3289.3015198,1,2,0.0,0.0,0.0,1.0,3289.299191230835,0.0023285691650016815,e,minimum_078
436,56.0,+,4,4047.5011499,1,3,0.0,0.0,0.0,1.0,4047.500072496005,0.0010774039951684244,e,minimum_078
437,56.0,+,5,4796.5229474,1,4,0.0,0.0,0.0,1.0,4796.522009376834,0.000938023165872437,e,minimum_078
438,56.0,+,6,5536.4770007,1,5,0.0,0.0,0.0,1.0,5536.478235520555,-0.0012348205555099412,e,minimum_078
439,56.0,+,7,6267.4826687,1,6,0.0,0.0,0.0,1.0,6267.48173373294,0.0009349670608571614,e,minimum_078
440,56.0,+,8,6989.6497356,1,7,0.0,0.0,0.0,1.0,6989.646274419042,0.0034611809578564134,e,minimum_078
441,56.0,+,9,7703.0902303,1,8,0.0,0.0,0.0,1.0,7703.087129420661,0.0031008793393993983,e,minimum_078
442,57.0,-,1,1806.8183765,1,0,0.0,0.0,0.0,1.0,1806.819739210945,-0.0013627109449316777,e,minimum_078
443,57.0,-,2,2583.1645905,1,1,0.0,0.0,0.0,1.0,2583.163711876152,0.0008786238481661712,e,minimum_078
444,57.0,-,3,3350.1016657,1,2,0.0,0.0,0.0,1.0,3350.099700969325,0.0019647306748993287,e,minimum_078
445,57.0,-,4,4107.7471976,1,3,0.0,0.0,0.0,1.0,4107.746015778737,0.0011818212624348234,e,minimum_078
446,57.0,-,5,4856.2172683,1,4,0.0,0.0,0.0,1.0,4856.21749284611,-0.00022454611007560743,e,minimum_078
447,57.0,-,6,5595.6270917,1,5,0.0,0.0,0.0,1.0,5595.6273452065,-0.000253506499575451,e,minimum_078
448,57.0,-,7,6326.0902612,1,6,0.0,0.0,0.0,1.0,6326.088573905564,0.0016872944361239206,e,minimum_078
449,57.0,-,8,7047.7188096,1,7,0.0,0.0,0.0,1.0,7047.714999881788,0.003809718212323787,e,minimum_078
450,58.0,+,1,1869.7991448,1,0,0.0,0.0,0.0,1.0,1869.800338773906,-0.0011939739060835564,e,minimum_078
451,58.0,+,2,2645.5719313,1,1,0.0,0.0,0.0,1.0,2645.57146197332,0.0004693266801041318,e,minimum_078
452,58.0,+,3,3411.9409824,1,2,0.0,0.0,0.0,1.0,3411.938967796894,0.0020146031060903624,e,minimum_078
453,58.0,+,4,4169.0224138,1,3,0.0,0.0,0.0,1.0,4169.021047800067,0.001365999933113926,e,minimum_078
454,58.0,+,5,4916.9325773,1,4,0.0,0.0,0.0,1.0,4916.932471974324,0.00010532567648624536,e,minimum_078
455,58.0,+,6,5655.7858989,1,5,0.0,0.0,0.0,1.0,5655.786432738304,-0.0005338383043635986,e,minimum_078
456,58.0,+,7,6385.6969746,1,6,0.0,0.0,0.0,1.0,6385.695950172633,0.0010244273671560222,e,minimum_078
457,58.0,+,8,7106.7790537,1,7,0.0,0.0,0.0,1.0,7106.774897156126,0.004156543874159979,e,minimum_078
458,58.0,+,9,7819.1457027,1,8,0.0,0.0,0.0,1.0,7819.138699739658,0.007002960342106235,e,minimum_078
459,59.0,-,1,1933.8363034,1,0,0.0,0.0,0.0,1.0,1933.837797110386,-0.0014937103860575007,e,minimum_078
460,59.0,-,2,2709.0269311,1,1,0.0,0.0,0.0,1.0,2709.026250714129,0.0006803858709645283,e,minimum_078
461,59.0,-,3,3474.8176527,1,2,0.0,0.0,0.0,1.0,3474.815531770756,0.0021209292440289573,e,minimum_078
462,59.0,-,4,4231.3255162,1,3,0.0,0.0,0.0,1.0,4231.323711892591,0.0018043074087472633,e,minimum_078
463,59.0,-,5,4978.6655367,1,4,0.0,0.0,0.0,1.0,4978.66549353517,4.316483045840869e-05,e,minimum_078
464,59.0,-,6,5716.9535039,1,5,0.0,0.0,0.0,1.0,5716.95404852423,-0.0005446242294055992,e,minimum_078
465,59.0,-,7,6446.3030668,1,6,0.0,0.0,0.0,1.0,6446.302416801766,0.0006499982337118126,e,minimum_078
466,59.0,-,8,7166.8285785,1,7,0.0,0.0,0.0,1.0,7166.824524625522,0.0040538744779041735,e,minimum_078
467,60.0,+,1,1998.9289637,1,0,0.0,0.0,0.0,1.0,1998.930622570905,-0.001658870904975629,e,minimum_078
468,60.0,+,2,2773.5273704,1,1,0.0,0.0,0.0,1.0,2773.52658949976,0.0007809002399881138,e,minimum_078
469,60.0,+,3,3538.7302192,1,2,0.0,0.0,0.0,1.0,3538.727907484822,0.002311715178166196,e,minimum_078
470,60.0,+,4,4294.654088,1,3,0.0,0.0,0.0,1.0,4294.652525990851,0.001562009148983634,e,minimum_078
471,60.0,+,5,5041.4146979,1,4,0.0,0.0,0.0,1.0,5041.41507897252,-0.0003810725202129106,e,minimum_078
472,60.0,+,6,5779.1281911,1,5,0.0,0.0,0.0,1.0,5779.128717714688,-0.0005266146881695022,e,minimum_078
473,60.0,+,7,6507.9068437,1,6,0.0,0.0,0.0,1.0,6507.906502880107,0.00034081989269907353,e,minimum_078
474,60.0,+,8,7227.8667159,1,7,0.0,0.0,0.0,1.0,7227.862415576221,0.004300323778807069,e,minimum_078
475,61.0,-,1,2065.075116,1,0,0.0,0.0,0.0,1.0,2065.077297897998,-0.002181897998070781,e,minimum_078
476,61.0,-,2,2839.071964,1,1,0.0,0.0,0.0,1.0,2839.070964188031,0.0009998119689953455,e,minimum_078
477,61.0,-,3,3603.6768593,1,2,0.0,0.0,0.0,1.0,3603.674584054081,0.0022752459190087393,e,minimum_078
478,61.0,-,4,4359.0073156,1,3,0.0,0.0,0.0,1.0,4359.005982616406,0.0013329835937838652,e,minimum_078
479,61.0,-,5,5105.1797027,1,4,0.0,0.0,0.0,1.0,5105.179724385674,-2.168567334592808e-05,e,minimum_078
480,61.0,-,6,5842.3078794,1,5,0.0,0.0,0.0,1.0,5842.308940188621,-0.001060788620634412,e,minimum_078
481,61.0,-,7,6570.5078693,1,6,0.0,0.0,0.0,1.0,6570.506712301005,0.0011569989947020076,e,minimum_078
482,61.0,-,8,7289.8893176,1,7,0.0,0.0,0.0,1.0,7289.887078184606,0.0022394153938876116,e,minimum_078
483,61.0,-,9,8000.5703367,1,8,0.0,0.0,0.0,1.0,8000.565709353663,0.004627346336746996,e,minimum_078
484,62.0,+,1,2132.2742502,1,0,0.0,0.0,0.0,1.0,2132.276280208944,-0.0020300089440752345,e,minimum_078
485,62.0,+,2,2905.6585997,1,1,0.0,0.0,0.0,1.0,2905.657835076795,0.0007646232052138657,e,minimum_078
486,62.0,+,3,3669.6563305,1,2,0.0,0.0,0.0,1.0,3669.654025098623,0.0023054013768160075,e,minimum_078
487,62.0,+,4,4424.3837476,1,3,0.0,0.0,0.0,1.0,4424.382548862234,0.0011987377656623721,e,minimum_078
488,62.0,+,5,5169.9572043,1,4,0.0,0.0,0.0,1.0,5169.957900514725,-0.000696214725394384,e,minimum_078
489,62.0,+,6,5906.4914186,1,5,0.0,0.0,0.0,1.0,5906.493190538657,-0.0017719386569297058,e,minimum_078
490,62.0,+,7,6634.1012967,1,6,0.0,0.0,0.0,1.0,6634.101523750217,-0.00022705021729052532,e,minimum_078
491,62.0,+,8,7352.9010664,1,7,0.0,0.0,0.0,1.0,7352.896995504265,0.004070895734912483,e,minimum_078
492,62.0,+,9,8063.000361,1,8,0.0,0.0,0.0,1.0,8062.99536303129,0.004997968710085843,e,minimum_078
493,63.0,-,1,2200.5239975,1,0,0.0,0.0,0.0,1.0,2200.526000978217,-0.0020034782169204846,e,minimum_078
494,63.0,-,2,2973.2864694,1,1,0.0,0.0,0.0,1.0,2973.285636887129,0.0008325128710566787,e,minimum_078
495,63.0,-,3,3736.6669338,1,2,0.0,0.0,0.0,1.0,3736.664668727529,0.002265072471345775,e,minimum_078
496,63.0,-,4,4490.7816515,1,3,0.0,0.0,0.0,1.0,4490.780666377215,0.0009851227850958821,e,minimum_078
497,63.0,-,5,5235.7471142,1,4,0.0,0.0,0.0,1.0,5235.74805272522,-0.0009385252196807414,e,minimum_078
498,63.0,-,6,5971.6782402,1,5,0.0,0.0,0.0,1.0,5971.679918056849,-0.0016778568488007295,e,minimum_078
499,63.0,-,7,6698.6890329,1,6,0.0,0.0,0.0,1.0,6698.689390692105,-0.0003577921052055899,e,minimum_078
500,63.0,-,8,7416.893869,1,7,0.0,0.0,0.0,1.0,7416.890625452938,0.0032435470620839624,e,minimum_078
501,63.0,-,9,8126.4060964,1,8,0.0,0.0,0.0,1.0,8126.399467286501,0.006629113499002415,e,minimum_078
502,64.0,+,1,2269.8225309,1,0,0.0,0.0,0.0,1.0,2269.824866019733,-0.0023351197328338458,e,minimum_078
503,64.0,+,2,3041.9537907,1,1,0.0,0.0,0.0,1.0,3041.952778746191,0.001011953808756516,e,minimum_078
504,64.0,+,3,3804.7071438,1,2,0.0,0.0,0.0,1.0,3804.704927522042,0.0022162779578138725,e,minimum_078
505,64.0,+,4,4558.1998158,1,3,0.0,0.0,0.0,1.0,4558.198751349889,0.0010644501107890392,e,minimum_078
506,64.0,+,5,5302.547448,1,4,0.0,0.0,0.0,1.0,5302.548600992646,-0.001152992645984341,e,minimum_078
507,64.0,+,6,6037.8659453,1,5,0.0,0.0,0.0,1.0,6037.867546719817,-0.001601419817234273,e,minimum_078
508,64.0,+,7,6764.2685131,1,6,0.0,0.0,0.0,1.0,6764.268741355346,-0.00022825534597359365,e,minimum_078
509,64.0,+,8,7481.8701428,1,7,0.0,0.0,0.0,1.0,7481.866400799046,0.0037420009548441158,e,minimum_078
510,64.0,+,9,8190.7776327,1,8,0.0,0.0,0.0,1.0,8190.776459747742,0.0011729522584573715,e,minimum_078
511,65.0,-,1,2340.1688325,1,0,0.0,0.0,0.0,1.0,2340.171255468598,-0.0024229685977843474,e,minimum_078
512,65.0,-,2,3111.6586402,1,1,0.0,0.0,0.0,1.0,3111.657644169807,0.0009960301927094406,e,minimum_078
513,65.0,-,3,3873.7755968,1,2,0.0,0.0,0.0,1.0,3873.773188518915,0.0024082810850813985,e,minimum_078
514,65.0,-,4,4626.6360028,1,3,0.0,0.0,0.0,1.0,4626.635194492243,0.0008083077573246555,e,minimum_078
515,65.0,-,5,5370.3564379,1,4,0.0,0.0,0.0,1.0,5370.357939886804,-0.001501986804214539,e,minimum_078
516,65.0,-,6,6105.0523279,1,5,0.0,0.0,0.0,1.0,6105.054475173211,-0.002147273211448919,e,minimum_078
517,65.0,-,7,6830.8375557,1,6,0.0,0.0,0.0,1.0,6830.837978718676,-0.00042301867597416276,e,minimum_078
518,65.0,-,8,7547.8242576,1,7,0.0,0.0,0.0,1.0,7547.822729148063,0.0015284519367924077,e,minimum_078
519,66.0,+,1,2411.5604876,1,0,0.0,0.0,0.0,1.0,2411.563523762419,-0.0030361624189936265,e,minimum_078
520,66.0,+,2,3182.3996145,1,1,0.0,0.0,0.0,1.0,3182.398591044397,0.0010234556029899977,e,minimum_078
521,66.0,+,3,3943.8702863,1,2,0.0,0.0,0.0,1.0,3943.867813193063,0.0024731069370318437,e,minimum_078
522,66.0,+,4,4696.088985,1,3,0.0,0.0,0.0,1.0,4696.088361022967,0.0006239770336833317,e,minimum_078
523,66.0,+,5,5439.172923,1,4,0.0,0.0,0.0,1.0,5439.17443855554,-0.0015155555402088794,e,minimum_078
524,66.0,+,6,6173.2369921,1,5,0.0,0.0,0.0,1.0,6173.239076716946,-0.0020846169463766273,e,minimum_078
525,66.0,+,7,6898.3948092,1,6,0.0,0.0,0.0,1.0,6898.39548049596,-0.0006712959602737101,e,minimum_078
526,66.0,+,8,7614.7617056,1,7,0.0,0.0,0.0,1.0,7614.757992928756,0.003712671244102239,e,minimum_078
527,67.0,-,1,2483.9966598,1,0,0.0,0.0,0.0,1.0,2483.999999622471,-0.0033398224709344504,e,minimum_078
528,67.0,-,2,3254.1750574,1,1,0.0,0.0,0.0,1.0,3254.173951608995,0.0011057910046474717,e,minimum_078
529,67.0,-,3,4014.9896364,1,2,0.0,0.0,0.0,1.0,4014.987137439883,0.002498960117009119,e,minimum_078
530,67.0,-,4,4766.5569337,1,3,0.0,0.0,0.0,1.0,4766.556590650519,0.0003430494807616924,e,minimum_078
531,67.0,-,5,5508.9947887,1,4,0.0,0.0,0.0,1.0,5508.996440708494,-0.0016520084946023417,e,minimum_078
532,67.0,-,6,6242.416944,1,5,0.0,0.0,0.0,1.0,6242.419699288951,-0.002755288951448165,e,minimum_078
533,67.0,-,7,6966.9392018,1,6,0.0,0.0,0.0,1.0,6966.939599121511,-0.00039732151071802946,e,minimum_078
534,67.0,-,8,8389.7346568,1,8,0.0,0.0,0.0,1.0,8389.72876654633,0.005890253669349477,e,minimum_078
535,68.0,+,1,2557.4762601,1,0,0.0,0.0,0.0,1.0,2557.478986034382,-0.002725934381942352,e,minimum_078
536,68.0,+,2,3326.9834298,1,1,0.0,0.0,0.0,1.0,3326.982032436608,0.0013973633922432782,e,minimum_078
537,68.0,+,3,4087.1315438,1,2,0.0,0.0,0.0,1.0,4087.129471557644,0.0020722423560073366,e,minimum_078
538,68.0,+,4,4838.0392357,1,3,0.0,0.0,0.0,1.0,4838.038197555808,0.0010381441916251788,e,minimum_078
539,68.0,+,5,5579.8203133,1,4,0.0,0.0,0.0,1.0,5579.822264600399,-0.0019513003990141442,e,minimum_078
540,68.0,+,6,6312.5925343,1,5,0.0,0.0,0.0,1.0,6312.594665449191,-0.002131149190972792,e,minimum_078
541,68.0,+,7,7036.4681846,1,6,0.0,0.0,0.0,1.0,7036.468661734601,-0.0004771346002598875,e,minimum_078
542,68.0,+,8,7751.5623272,1,7,0.0,0.0,0.0,1.0,7751.558730531841,0.0035966681589343352,e,minimum_078
543,69.0,-,1,2631.9959426,1,0,0.0,0.0,0.0,1.0,2631.998760228384,-0.0028176283840366523,e,minimum_078
544,69.0,-,2,3400.8223474,1,1,0.0,0.0,0.0,1.0,3400.821114415307,0.001232984693160688,e,minimum_078
545,69.0,-,3,4160.2956912,1,2,0.0,0.0,0.0,1.0,4160.293100228852,0.002590971147583332,e,minimum_078
546,69.0,-,4,4910.5319653,1,3,0.0,0.0,0.0,1.0,4910.531470374402,0.0004949255981046008,e,minimum_078
547,69.0,-,5,5651.6483764,1,4,0.0,0.0,0.0,1.0,5651.65020301393,-0.0018266139295519679,e,minimum_078
548,69.0,-,6,6383.7598912,1,5,0.0,0.0,0.0,1.0,6383.762272363761,-0.002381163761128846,e,minimum_078
549,69.0,-,7,7106.9807037,1,6,0.0,0.0,0.0,1.0,7106.980970164227,-0.00026646422702469863,e,minimum_078
550,69.0,-,8,7821.4261579,1,7,0.0,0.0,0.0,1.0,7821.420843200034,0.00531469996622036,e,minimum_078
551,69.0,-,9,8527.204278,1,8,0.0,0.0,0.0,1.0,8527.198306615051,0.005971384947770275,e,minimum_078
552,70.0,+,1,2707.5544302,1,0,0.0,0.0,0.0,1.0,2707.557573659373,-0.0031434593729500193,e,minimum_078
553,70.0,+,2,3475.6906942,1,1,0.0,0.0,0.0,1.0,3475.689452729008,0.001241470992226823,e,minimum_078
554,70.0,+,3,4234.4786658,1,2,0.0,0.0,0.0,1.0,4234.476282501982,0.002383298018685309,e,minimum_078
555,70.0,+,4,4984.0353814,1,3,0.0,0.0,0.0,1.0,4984.034672178808,0.0007092211917552049,e,minimum_078
556,70.0,+,5,5724.4763783,1,4,0.0,0.0,0.0,1.0,5724.478523242567,-0.002144942566701502,e,minimum_078
557,70.0,+,6,6455.9187769,1,5,0.0,0.0,0.0,1.0,6455.920791787715,-0.0020148877147221356,e,minimum_078
558,70.0,+,7,7178.4727828,1,6,0.0,0.0,0.0,1.0,7178.474800913017,-0.0020181130175842554,e,minimum_078
559,70.0,+,8,7892.2594956,1,7,0.0,0.0,0.0,1.0,7892.255168962167,0.004326637833401037,e,minimum_078
560,70.0,+,9,8597.3804885,1,8,0.0,0.0,0.0,1.0,8597.378413758433,0.002074741567412275,e,minimum_078
561,71.0,-,1,2784.1503049,1,0,0.0,0.0,0.0,1.0,2784.153651986484,-0.0033470864841547154,e,minimum_078
562,71.0,-,2,3551.5869223,1,1,0.0,0.0,0.0,1.0,3551.585276837898,0.001645462101805606,e,minimum_078
563,71.0,-,3,4309.6800014,1,2,0.0,0.0,0.0,1.0,4309.677251772319,0.002749627680714184,e,minimum_078
564,71.0,-,4,5058.5468375,1,3,0.0,0.0,0.0,1.0,5058.546040460055,0.0007970399447003729,e,minimum_078
565,71.0,-,5,5798.3039699,1,4,0.0,0.0,0.0,1.0,5798.305467072913,-0.0014971729133321787,e,minimum_078
566,71.0,-,6,6529.0651208,1,5,0.0,0.0,0.0,1.0,6529.068470048756,-0.00334924875642173,e,minimum_078
567,71.0,-,7,7250.9488492,1,6,0.0,0.0,0.0,1.0,7250.948405141508,0.00044405849166651024,e,minimum_078
568,71.0,-,8,7964.0600848,1,7,0.0,0.0,0.0,1.0,7964.059964147071,0.00012065292958141072,e,minimum_078
569,72.0,+,1,2861.7820451,1,0,0.0,0.0,0.0,1.0,2861.785195052114,-0.00314995211419955,e,minimum_078
570,72.0,+,2,3628.5083083,1,1,0.0,0.0,0.0,1.0,3628.506790458272,0.001517841727945779,e,minimum_078
571,72.0,+,3,4385.8971977,1,2,0.0,0.0,0.0,1.0,4385.894215762813,0.0029819371875419165,e,minimum_078
572,72.0,+,4,5134.0643884,1,3,0.0,0.0,0.0,1.0,5134.063787108942,0.0006012910580466269,e,minimum_078
573,72.0,+,5,5873.1272117,1,4,0.0,0.0,0.0,1.0,5873.129250766671,-0.0020390666713865357,e,minimum_078
574,72.0,+,6,6603.2003484,1,5,0.0,0.0,0.0,1.0,6603.203528029695,-0.003179629695296171,e,minimum_078
575,72.0,+,7,7324.3988473,1,6,0.0,0.0,0.0,1.0,7324.400008651779,-0.0011613517790465266,e,minimum_078
576,72.0,+,8,8036.8344161,1,7,0.0,0.0,0.0,1.0,8036.833459818819,0.0009562811810610583,e,minimum_078
577,72.0,+,9,8740.622561,1,8,0.0,0.0,0.0,1.0,8740.620611602812,0.0019493971885822248,e,minimum_078
578,73.0,-,1,2940.4464458,1,0,0.0,0.0,0.0,1.0,2940.450376861078,-0.0039310610777647526,e,minimum_078
579,73.0,-,2,3706.4543923,1,1,0.0,0.0,0.0,1.0,3706.452171542384,0.0022207576162145415,e,minimum_078
580,73.0,-,3,4463.1280818,1,2,0.0,0.0,0.0,1.0,4463.125356504288,0.002725295711570652,e,minimum_078
581,73.0,-,4,5210.5865591,1,3,0.0,0.0,0.0,1.0,5210.58609839725,0.000460702750388009,e,minimum_078
582,73.0,-,5,5948.9455307,1,4,0.0,0.0,0.0,1.0,5948.948065042462,-0.002534342462240602,e,minimum_078
583,73.0,-,6,6678.3200141,1,5,0.0,0.0,0.0,1.0,6678.324161151133,-0.004147051133259083,e,minimum_078
584,73.0,-,7,7398.8255574,1,6,0.0,0.0,0.0,1.0,7398.827811870787,-0.002254470786283491,e,minimum_078
585,73.0,-,8,8110.5765248,1,7,0.0,0.0,0.0,1.0,8110.573861760891,0.0026630391084836447,e,minimum_078
586,74.0,+,1,3020.1447685,1,0,0.0,0.0,0.0,1.0,3020.147345558751,-0.0025770587512852217,e,minimum_078
587,74.0,+,2,3785.4212095,1,1,0.0,0.0,0.0,1.0,3785.419572257624,0.0016372423756365606,e,minimum_078
588,74.0,+,3,4541.3721353,1,2,0.0,0.0,0.0,1.0,4541.368830315593,0.003304984406895528,e,minimum_078
589,74.0,+,4,5288.1114902,1,3,0.0,0.0,0.0,1.0,5288.111134958282,0.0003552417183527723,e,minimum_078
590,74.0,+,5,6025.7574721,1,4,0.0,0.0,0.0,1.0,6025.760075057186,-0.0026029571863546153,e,minimum_078
591,74.0,+,6,6754.4248991,1,5,0.0,0.0,0.0,1.0,6754.428539353592,-0.0036402535915840417,e,minimum_078
592,74.0,+,7,7474.2285023,1,6,0.0,0.0,0.0,1.0,7474.229989833536,-0.0014875335355100106,e,minimum_078
593,74.0,+,8,8185.2812144,1,7,0.0,0.0,0.0,1.0,8185.279350460632,0.0018639393683770322,e,minimum_078
594,75.0,-,9,3100.8702485,1,0,0.0,0.0,0.0,1.0,3100.874223409259,-0.003974909258886328,e,minimum_078
595,75.0,-,1,3865.4098922,1,1,0.0,0.0,0.0,1.0,3865.407118965458,0.002773234542019054,e,minimum_078
596,75.0,-,2,4620.6255004,1,2,0.0,0.0,0.0,1.0,4620.62276778305,0.002732616950197553,e,minimum_078
597,75.0,-,3,5366.6377967,1,3,0.0,0.0,0.0,1.0,5366.637031767315,0.0007649326844330062,e,minimum_078
598,75.0,-,4,6103.5608643,1,4,0.0,0.0,0.0,1.0,6103.563420387164,-0.002556087164521159,e,minimum_078
599,75.0,-,5,6831.5113714,1,5,0.0,0.0,0.0,1.0,6831.514807079515,-0.003435679514950607,e,minimum_078
600,75.0,-,6,7550.6028453,1,6,0.0,0.0,0.0,1.0,7550.604692166026,-0.0018468660264261416,e,minimum_078
601,75.0,-,7,8260.9476993,1,7,0.0,0.0,0.0,1.0,8260.94808109304,-0.00038179303919605445,e,minimum_078
602,76.0,+,1,3182.6256455,1,0,0.0,0.0,0.0,1.0,3182.629106773163,-0.003461273163338774,e,minimum_078
603,76.0,+,2,3946.4144566,1,1,0.0,0.0,0.0,1.0,3946.412912199968,0.0015444000318893814,e,minimum_078
604,76.0,+,3,4700.8887381,1,2,0.0,0.0,0.0,1.0,4700.885273739906,0.0034643600947674713,e,minimum_078
605,76.0,+,4,5446.1622788,1,3,0.0,0.0,0.0,1.0,5446.161898121458,0.0003806785425695125,e,minimum_078
606,76.0,+,5,6182.3536927,1,4,0.0,0.0,0.0,1.0,6182.356215008762,-0.002522308762308967,e,minimum_078
607,76.0,+,6,6909.5778426,1,5,0.0,0.0,0.0,1.0,6909.581083254782,-0.003240654782530328,e,minimum_078
608,76.0,+,7,7627.9467273,1,6,0.0,0.0,0.0,1.0,7627.950043067915,-0.003315767915410106,e,minimum_078
609,76.0,+,8,8337.5800487,1,7,0.0,0.0,0.0,1.0,8337.578183504764,0.001865195235950523,e,minimum_078
610,77.0,-,1,3265.4059396,1,0,0.0,0.0,0.0,1.0,3265.410066084662,-0.004126484662265284,e,minimum_078
611,77.0,-,2,4028.4377894,1,1,0.0,0.0,0.0,1.0,4028.435026645848,0.0027627541517176724,e,minimum_078
612,77.0,-,3,4782.1574067,1,2,0.0,0.0,0.0,1.0,4782.154427245123,0.0029794548772770213,e,minimum_078
613,77.0,-,4,5526.6843137,1,3,0.0,0.0,0.0,1.0,5526.68381761945,0.0004960805499649723,e,minimum_078
614,77.0,-,5,6262.1336543,1,4,0.0,0.0,0.0,1.0,6262.136547279079,-0.0028929790796610177,e,minimum_078
615,77.0,-,6,6988.6209715,1,5,0.0,0.0,0.0,1.0,6988.625461270246,-0.004489770245527325,e,minimum_078
616,77.0,-,7,7706.2604077,1,6,0.0,0.0,0.0,1.0,7706.26414129468,-0.003733594679943053,e,minimum_078
617,78.0,+,1,3349.2115765,1,0,0.0,0.0,0.0,1.0,3349.215145828536,-0.0035693285362867755,e,minimum_078
618,78.0,+,2,4111.4737342,1,1,0.0,0.0,0.0,1.0,4111.471511116444,0.002223083555691119,e,minimum_078
619,78.0,+,3,4864.4319361,1,2,0.0,0.0,0.0,1.0,4864.428281561959,0.0036545380407915218,e,minimum_078
620,78.0,+,4,5608.200967,1,3,0.0,0.0,0.0,1.0,5608.20084814078,0.00011885921958310064,e,minimum_078
621,78.0,+,5,6342.8992083,1,4,0.0,0.0,0.0,1.0,6342.902479915707,-0.003271615706580633,e,minimum_078
622,78.0,+,6,7068.6418111,1,5,0.0,0.0,0.0,1.0,7068.646008962483,-0.0041978624831244815,e,minimum_078
623,78.0,+,7,7785.5440685,1,6,0.0,0.0,0.0,1.0,7785.545060139694,-0.0009916396938933758,e,minimum_078
624,78.0,+,8,8493.7151569,1,7,0.0,0.0,0.0,1.0,8493.714896310337,0.0002605896625027526,e,minimum_078
625,79.0,-,1,3434.0375834,1,0,0.0,0.0,0.0,1.0,3434.04236451646,-0.004781116459980694,e,minimum_078
626,79.0,-,2,4195.5234968,1,1,0.0,0.0,0.0,1.0,4195.520388530775,0.003108269225776894,e,minimum_078
627,79.0,-,3,4947.7080757,1,2,0.0,0.0,0.0,1.0,4947.704864136018,0.0032115639824041864,e,minimum_078
628,79.0,-,4,5690.7120385,1,3,0.0,0.0,0.0,1.0,5690.711021824719,0.0010166752808800084,e,minimum_078
629,79.0,-,5,6424.6485846,1,4,0.0,0.0,0.0,1.0,6424.652049976773,-0.003465376773419848,e,minimum_078
630,79.0,-,6,7149.637121,1,5,0.0,0.0,0.0,1.0,7149.640768594661,-0.0036475946608334198,e,minimum_078
631,79.0,-,7,7865.786412,1,6,0.0,0.0,0.0,1.0,7865.790847416194,-0.004435416193700803,e,minimum_078
632,79.0,-,8,8573.2208335,1,7,0.0,0.0,0.0,1.0,8573.217639604793,0.003193895207004971,e,minimum_078
633,80.0,+,1,3519.8860832,1,0,0.0,0.0,0.0,1.0,3519.8897146633,-0.0036314632998255547,e,minimum_078
634,80.0,+,2,4280.582247,1,1,0.0,0.0,0.0,1.0,4280.579655890824,0.0025911091761372518,e,minimum_078
635,80.0,+,3,5031.9861659,1,2,0.0,0.0,0.0,1.0,5031.982176573164,0.003989326835835527,e,minimum_078
636,80.0,+,4,5774.2124043,1,3,0.0,0.0,0.0,1.0,5774.212345048849,5.925115146965254e-05,e,minimum_078
637,80.0,+,5,6507.3798203,1,4,0.0,0.0,0.0,1.0,6507.383268840174,-0.0034485401747588185,e,minimum_078
638,80.0,+,6,7231.6029937,1,5,0.0,0.0,0.0,1.0,7231.607756836785,-0.004763136784276867,e,minimum_078
639,80.0,+,7,7946.9973877,1,6,0.0,0.0,0.0,1.0,7946.99952543857,-0.0021377385701271123,e,minimum_078
640,81.0,-,1,3606.7505802,1,0,0.0,0.0,0.0,1.0,3606.755162762586,-0.004582562586165295,e,minimum_078
641,81.0,-,2,4366.650945,1,1,0.0,0.0,0.0,1.0,4366.647284257926,0.0036607420743166585,e,minimum_078
642,81.0,-,3,5117.2614645,1,2,0.0,0.0,0.0,1.0,5117.258194616767,0.003269883233770088,e,minimum_078
643,81.0,-,4,5858.7031071,1,3,0.0,0.0,0.0,1.0,5858.702798407214,0.0003086927863478195,e,minimum_078
644,81.0,-,5,6591.0893262,1,4,0.0,0.0,0.0,1.0,6591.094122182709,-0.004795982708856172,e,minimum_078
645,81.0,-,6,7314.5399986,1,5,0.0,0.0,0.0,1.0,7314.544964745972,-0.004966145971593505,e,minimum_078
646,81.0,-,7,8029.1641316,1,6,0.0,0.0,0.0,1.0,8029.169091003607,-0.004959403607244894,e,minimum_078
647,82.0,+,1,3694.6329192,1,0,0.0,0.0,0.0,1.0,3694.636649261755,-0.0037300617550499737,e,minimum_078
648,82.0,+,2,4453.7246098,1,1,0.0,0.0,0.0,1.0,4453.721218728871,0.003391071129044576,e,minimum_078
649,82.0,+,3,5203.5353908,1,2,0.0,0.0,0.0,1.0,5203.530868124873,0.004522675126281683,e,minimum_078
650,82.0,+,4,5944.1793467,1,3,0.0,0.0,0.0,1.0,5944.180336688296,-0.000989988296169031,e,minimum_078
651,82.0,+,5,6675.7796208,1,4,0.0,0.0,0.0,1.0,6675.782569958899,-0.0029491588993550977,e,minimum_078
652,82.0,+,6,7398.4443318,1,5,0.0,0.0,0.0,1.0,7398.450357745958,-0.0060259459578446695,e,minimum_078
653,82.0,+,7,8112.2952634,1,6,0.0,0.0,0.0,1.0,8112.297515371445,-0.0022519714448208106,e,minimum_078
654,83.0,-,1,3783.5273735,1,0,0.0,0.0,0.0,1.0,3783.53208853716,-0.004715037159712665,e,minimum_078
655,83.0,-,2,4541.8027507,1,1,0.0,0.0,0.0,1.0,4541.799378412014,0.0033722879852575716,e,minimum_078
656,83.0,-,3,5290.8015102,1,2,0.0,0.0,0.0,1.0,5290.798121046611,0.003389153388525301,e,minimum_078
657,83.0,-,4,6030.6438053,1,3,0.0,0.0,0.0,1.0,6030.642888852244,0.000916447756026173,e,minimum_078
658,83.0,-,5,6761.4416485,1,4,0.0,0.0,0.0,1.0,6761.446546379266,-0.004897879265627125,e,minimum_078
659,83.0,-,6,7483.3173429,1,5,0.0,0.0,0.0,1.0,7483.321875606754,-0.004532706753707316,e,minimum_078
660,83.0,-,7,8196.381661,1,6,0.0,0.0,0.0,1.0,8196.382744246315,-0.0010832463158294559,e,minimum_078
661,84.0,+,1,3873.4349466,1,0,0.0,0.0,0.0,1.0,3873.439368868173,-0.004422268173129851,e,minimum_078
662,84.0,+,2,4630.8825354,1,1,0.0,0.0,0.0,1.0,4630.879656402157,0.002878997843254183,e,minimum_078
663,84.0,+,3,5379.0619695,1,2,0.0,0.0,0.0,1.0,5379.057851398607,0.004118101392123208,e,minimum_078
664,84.0,+,4,6118.0879774,1,3,0.0,0.0,0.0,1.0,6118.088358008274,-0.0003806082731898641,e,minimum_078
665,84.0,+,5,6848.0801182,1,4,0.0,0.0,0.0,1.0,6848.083959888375,-0.0038416883753598086,e,minimum_078
666,84.0,+,6,7569.1532599,1,5,0.0,0.0,0.0,1.0,7569.157432423657,-0.004172523656961857,e,minimum_078
667,84.0,+,7,8281.4237161,1,6,0.0,0.0,0.0,1.0,8281.422697756761,0.001018343238683883,e,minimum_078
668,85.0,-,1,3964.3510646,1,0,0.0,0.0,0.0,1.0,3964.356352411433,-0.005287811432935996,e,minimum_078
669,85.0,-,2,4720.9637514,1,1,0.0,0.0,0.0,1.0,4720.959919755851,0.003831644148704072,e,minimum_078
670,85.0,-,3,5468.3109565,1,2,0.0,0.0,0.0,1.0,5468.307931240581,0.0030252594197008875,e,minimum_078
671,85.0,-,4,6206.5147112,1,3,0.0,0.0,0.0,1.0,6206.514621390946,8.980905477073975e-05,e,minimum_078
672,85.0,-,5,6935.6890902,1,4,0.0,0.0,0.0,1.0,6935.692693142537,-0.0036029425373271806,e,minimum_078
673,85.0,-,6,7655.9545944,1,5,0.0,0.0,0.0,1.0,7655.954916596023,-0.0003221960232622223,e,minimum_078
674,86.0,+,1,4056.2763702,1,0,0.0,0.0,0.0,1.0,4056.280875174184,-0.0045049741838738555,e,minimum_078
675,86.0,+,2,4812.0403398,1,1,0.0,0.0,0.0,1.0,4812.038009465772,0.002330334227735875,e,minimum_078
676,86.0,+,3,5558.5501387,1,2,0.0,0.0,0.0,1.0,5558.546206651041,0.0039320489595411345,e,minimum_078
677,86.0,+,4,6295.9183306,1,3,0.0,0.0,0.0,1.0,6295.919530336958,-0.001199736957460118,e,minimum_078
678,86.0,+,5,7024.2677695,1,4,0.0,0.0,0.0,1.0,7024.270602987215,-0.002833487214957131,e,minimum_078
679,86.0,+,6,7743.7054861,1,5,0.0,0.0,0.0,1.0,7743.712190805854,-0.006704705854644999,e,minimum_078
680,87.0,-,1,4149.2043115,1,0,0.0,0.0,0.0,1.0,4149.210746987544,-0.006435487543967611,e,minimum_078
681,87.0,-,2,4904.1157576,1,1,0.0,0.0,0.0,1.0,4904.11174043483,0.004017165169898362,e,minimum_078
682,87.0,-,3,5649.7730126,1,2,0.0,0.0,0.0,1.0,5649.770497701931,0.002514898068511684,e,minimum_078
683,87.0,-,4,6386.3022755,1,3,0.0,0.0,0.0,1.0,6386.300910260647,0.0013652393536176533,e,minimum_078
684,87.0,-,5,7113.8099907,1,4,0.0,0.0,0.0,1.0,7113.81552043387,-0.005529733870389464,e,minimum_078
685,87.0,-,6,7832.4213687,1,5,0.0,0.0,0.0,1.0,7832.427091995816,-0.005723295816096652,e,minimum_078
686,88.0,+,1,4243.1392135,1,0,0.0,0.0,0.0,1.0,4243.143751479027,-0.004537979027190886,e,minimum_078
687,88.0,+,2,4997.1816798,1,1,0.0,0.0,0.0,1.0,4997.178901449794,0.002778350206426694,e,minimum_078
688,88.0,+,3,5741.9828022,1,2,0.0,0.0,0.0,1.0,5741.978598433548,0.0042037664525196305,e,minimum_078
689,88.0,+,4,6477.6551288,1,3,0.0,0.0,0.0,1.0,6477.656560629966,-0.0014318299663500511,e,minimum_078
690,88.0,+,5,7204.3220025,1,4,0.0,0.0,0.0,1.0,7204.325250636598,-0.0032481365979037946,e,minimum_078
691,89.0,-,1,4338.0729301,1,0,0.0,0.0,0.0,1.0,4338.077646044851,-0.004715944850431697,e,minimum_078
692,89.0,-,2,5091.2418314,1,1,0.0,0.0,0.0,1.0,5091.237255154673,0.004576245326461503,e,minimum_078
693,89.0,-,3,5835.1715858,1,2,0.0,0.0,0.0,1.0,5835.16827682851,0.003308971489786927,e,minimum_078
694,89.0,-,4,6569.9853993,1,3,0.0,0.0,0.0,1.0,6569.984254941068,0.0011443589319242164,e,minimum_078
695,89.0,-,5,7295.7927887,1,4,0.0,0.0,0.0,1.0,7295.797572868345,-0.004784168345395301,e,minimum_078
696,89.0,-,6,8012.7176219,1,5,0.0,0.0,0.0,1.0,8012.720994256984,-0.0033723569840731216,e,minimum_078
697,90.0,+,1,4434.0051917,1,0,0.0,0.0,0.0,1.0,4434.010161821804,-0.004970121804035443,e,minimum_078
698,90.0,+,2,5186.2884021,1,1,0.0,0.0,0.0,1.0,5186.28453802338,0.0038640766197204357,e,minimum_078
699,90.0,+,3,5929.3424836,1,2,0.0,0.0,0.0,1.0,5929.337274785655,0.005208814345678547,e,minimum_078
700,90.0,+,4,6663.2809611,1,3,0.0,0.0,0.0,1.0,6663.281740693831,-0.0007795938308845507,e,minimum_078
701,90.0,+,5,7388.2271031,1,4,0.0,0.0,0.0,1.0,7388.230240497001,-0.003137397001410136,e,minimum_078
702,91.0,-,1,4530.9333757,1,0,0.0,0.0,0.0,1.0,4530.939003658389,-0.005627958388686238,e,minimum_078
703,91.0,-,2,5282.3234639,1,1,0.0,0.0,0.0,1.0,5282.318460332081,0.005003567919629859,e,minimum_078
704,91.0,-,3,6024.4874355,1,2,0.0,0.0,0.0,1.0,6024.483308093187,0.004127406813495327,e,minimum_078
705,91.0,-,4,6757.5466729,1,3,0.0,0.0,0.0,1.0,6757.546739365373,-6.646537258347962e-05,e,minimum_078
706,91.0,-,5,7481.6150036,1,4,0.0,0.0,0.0,1.0,7481.62098096054,-0.005977360539873189,e,minimum_078
707,92.0,+,1,4628.8577585,1,0,0.0,0.0,0.0,1.0,4628.861850085782,-0.004091585781679896,e,minimum_078
708,92.0,+,2,5379.3406884,1,1,0.0,0.0,0.0,1.0,5379.336706131167,0.003982268832260161,e,minimum_078
709,92.0,+,3,6120.6093303,1,2,0.0,0.0,0.0,1.0,6120.604066401797,0.005263898202429118,e,minimum_078
710,92.0,+,4,6852.7764338,1,3,0.0,0.0,0.0,1.0,6852.776946384581,-0.0005125845809743623,e,minimum_078
711,92.0,+,5,7575.962765,1,4,0.0,0.0,0.0,1.0,7575.967495742405,-0.004730742404717603,e,minimum_078
712,93.0,-,1,4727.7747363,1,0,0.0,0.0,0.0,1.0,4727.776353288338,-0.0016169883383554406,e,minimum_078
713,93.0,-,2,5477.3424485,1,1,0.0,0.0,0.0,1.0,5477.336933216828,0.005515283171916963,e,minimum_078
714,93.0,-,3,6217.7016968,1,2,0.0,0.0,0.0,1.0,6217.697213196861,0.004483603138396575,e,minimum_078
715,93.0,-,4,6948.9708866,1,3,0.0,0.0,0.0,1.0,6948.97003110552,0.0008554944797651842,e,minimum_078
716,93.0,-,5,7671.2618172,1,4,0.0,0.0,0.0,1.0,7671.267460346234,-0.005643146233524021,e,minimum_078
717,94.0,+,1,4827.6774475,1,0,0.0,0.0,0.0,1.0,4827.680139073347,-0.002691573346965015,e,minimum_078
718,94.0,+,2,5576.3255363,1,1,0.0,0.0,0.0,1.0,5576.316773101774,0.008763198226006352,e,minimum_078
719,94.0,+,3,6315.7663434,1,2,0.0,0.0,0.0,1.0,6315.760385770812,0.005957629187832936,e,minimum_078
720,94.0,+,4,7046.1248873,1,3,0.0,0.0,0.0,1.0,7046.123636780432,0.001250519568202435,e,minimum_078
721,95.0,-,1,4928.5684155,1,0,0.0,0.0,0.0,1.0,4928.570806840719,-0.0023913407194413594,e,minimum_078
722,95.0,-,2,5676.27929,1,1,0.0,0.0,0.0,1.0,5676.273830986025,0.005459013975269045,e,minimum_078
723,95.0,-,3,6414.7999843,1,2,0.0,0.0,0.0,1.0,6414.791195194366,0.008789105633695726,e,minimum_078
724,95.0,-,4,7144.2358517,1,3,0.0,0.0,0.0,1.0,7144.235380532556,0.0004711674446298275,e,minimum_078
725,96.0,+,1,5777.2147378,1,1,0.0,0.0,0.0,1.0,5777.205685726964,0.009052073036400543,e,minimum_078
726,96.0,+,2,6514.7930789,1,2,0.0,0.0,0.0,1.0,6514.787226287913,0.005852612087437592,e,minimum_078
727,96.0,+,3,7243.3071073,1,3,0.0,0.0,0.0,1.0,7243.30285332833,0.004253971670550527,e,minimum_078
728,97.0,-,1,5133.3006975,1,0,0.0,0.0,0.0,1.0,5133.303053698315,-0.002356198315283109,e,minimum_078
729,97.0,-,2,6615.7549644,1,2,0.0,0.0,0.0,1.0,6615.746037592121,0.008926807879106491,e,minimum_078
730,97.0,-,3,7343.3245056,1,3,0.0,0.0,0.0,1.0,7343.323619949399,0.0008856506010488374,e,minimum_078
731,98.0,+,1,7444.2988213,1,3,0.0,0.0,0.0,1.0,7444.295218963898,0.0036023361017214484,e,minimum_078
732,1.0,+,1,43950.2994,2,0,-1.0,0.0,-1.0,1.0,43950.39123727708,-0.09183727707568323,f,minimum_078
733,1.0,-,31,43950.3094,2,0,-1.0,0.0,-1.0,1.0,43950.39140557432,-0.08200557432428468,e,minimum_078
734,1.0,+,2,44742.1894,2,1,-1.0,0.0,-1.0,1.0,44733.454335445844,8.73506455415918,f,minimum_078
735,1.0,-,32,44742.1394,2,1,-1.0,0.0,-1.0,1.0,44733.45450207305,8.684897926948906,e,minimum_078
736,1.0,+,3,45521.3694,2,2,-1.0,0.0,-1.0,1.0,45514.433474414174,6.935925585828954,f,minimum_078
737,1.0,-,33,45521.4694,2,2,-1.0,0.0,-1.0,1.0,45514.4336395042,7.035760495804425,e,minimum_078
738,1.0,+,5,47041.8194,2,4,-1.0,0.0,-1.0,1.0,47045.736775578145,-3.9173755781448563,f,minimum_078
739,1.0,-,35,47041.8094,2,4,-1.0,0.0,-1.0,1.0,47045.736936374764,-3.927536374765623,e,minimum_078
740,2.0,-,1,43952.5494,2,0,-1.0,0.0,-1.0,1.0,43952.60657585097,-0.05717585096863331,f,minimum_078
741,2.0,+,31,43952.5394,2,0,-1.0,0.0,-1.0,1.0,43952.60708071987,-0.06768071986880386,e,minimum_078
742,2.0,-,2,44744.3494,2,1,-1.0,0.0,-1.0,1.0,44735.650850460435,8.698549539563828,f,minimum_078
743,2.0,+,32,44744.3594,2,1,-1.0,0.0,-1.0,1.0,44735.65135032027,8.708049679727992,e,minimum_078
744,2.0,-,3,45523.6394,2,2,-1.0,0.0,-1.0,1.0,45516.611987774675,7.027412225324952,f,minimum_078
745,2.0,+,33,45523.6594,2,2,-1.0,0.0,-1.0,1.0,45516.612483022676,7.046916977320507,e,minimum_078
746,2.0,-,4,46290.2794,2,3,-1.0,0.0,-1.0,1.0,46289.540608051095,0.7387919489046908,f,minimum_078
747,2.0,+,34,46290.2894,2,3,-1.0,0.0,-1.0,1.0,46289.5410978347,0.748302165302448,e,minimum_078
748,2.0,-,5,47043.9394,2,4,-1.0,0.0,-1.0,1.0,47047.872886501886,-3.933486501882726,f,minimum_078
749,2.0,+,35,47043.9594,2,4,-1.0,0.0,-1.0,1.0,47047.87336886714,-3.9139688671421027,e,minimum_078
750,2.0,-,6,47784.2594,2,5,-1.0,0.0,-1.0,1.0,47783.73727763834,0.5221223616608768,f,minimum_078
751,2.0,-,7,48511.2194,2,6,-1.0,0.0,-1.0,1.0,48486.31778665845,24.90161334154982,f,minimum_078
752,3.0,+,1,43955.8394,2,0,-1.0,0.0,-1.0,1.0,43955.929517932505,-0.09011793250829214,f,minimum_078
753,3.0,-,31,43955.8494,2,0,-1.0,0.0,-1.0,1.0,43955.93052760166,-0.0811276016611373,e,minimum_078
754,3.0,+,2,44747.6394,2,1,-1.0,0.0,-1.0,1.0,44738.94555949769,8.693840502310195,f,minimum_078
755,3.0,-,32,44747.6594,2,1,-1.0,0.0,-1.0,1.0,44738.94655915138,8.712840848616906,e,minimum_078
756,3.0,+,3,45526.9294,2,2,-1.0,0.0,-1.0,1.0,45519.879693743336,7.049706256664649,f,minimum_078
757,3.0,-,33,45526.9094,2,2,-1.0,0.0,-1.0,1.0,45519.880684173,7.028715827000269,e,minimum_078
758,3.0,+,4,46293.4994,2,3,-1.0,0.0,-1.0,1.0,46292.77913869904,0.7202613009576453,f,minimum_078
759,3.0,-,34,46293.5194,2,3,-1.0,0.0,-1.0,1.0,46292.78011819743,0.7392818025691668,e,minimum_078
760,3.0,+,5,47047.1494,2,4,-1.0,0.0,-1.0,1.0,47051.07697931357,-3.9275793135675485,f,minimum_078
761,3.0,-,35,47047.1694,2,4,-1.0,0.0,-1.0,1.0,47051.07794396962,-3.9085439696209505,e,minimum_078
762,3.0,+,6,47787.4394,2,5,-1.0,0.0,-1.0,1.0,47786.89763683961,0.5417631603922928,f,minimum_078
763,3.0,-,36,47787.4194,2,5,-1.0,0.0,-1.0,1.0,47786.89857993006,0.520820069941692,e,minimum_078
764,3.0,-,37,48513.9294,2,6,-1.0,0.0,-1.0,1.0,48489.41893186541,24.510468134591065,e,minimum_078
765,4.0,-,1,43960.2794,2,0,-1.0,0.0,-1.0,1.0,43960.35998458621,-0.08058458621235332,f,minimum_078
766,4.0,+,31,43960.2794,2,0,-1.0,0.0,-1.0,1.0,43960.361667215344,-0.08226721534447279,e,minimum_078
767,4.0,-,2,44752.0094,2,1,-1.0,0.0,-1.0,1.0,44743.338386376425,8.671013623577892,f,minimum_078
768,4.0,+,32,44751.9994,2,1,-1.0,0.0,-1.0,1.0,44743.34005231921,8.659347680790233,e,minimum_078
769,4.0,-,3,45531.2594,2,2,-1.0,0.0,-1.0,1.0,45524.236515432225,7.02288456777751,f,minimum_078
770,4.0,+,33,45531.2594,2,2,-1.0,0.0,-1.0,1.0,45524.238166000934,7.0212339990684995,e,minimum_078
771,4.0,-,4,46297.8194,2,3,-1.0,0.0,-1.0,1.0,46297.09705399401,0.7223460059904028,f,minimum_078
772,4.0,+,34,46297.7994,2,3,-1.0,0.0,-1.0,1.0,46297.098686337624,0.7007136623797123,e,minimum_078
773,4.0,-,5,47051.4094,2,4,-1.0,0.0,-1.0,1.0,47055.348965712816,-3.939565712818876,f,minimum_078
774,4.0,+,35,47051.3794,2,4,-1.0,0.0,-1.0,1.0,47055.35057330751,-3.9711733075091615,e,minimum_078
775,4.0,-,6,47791.6394,2,5,-1.0,0.0,-1.0,1.0,47791.11129056927,0.5281094307283638,f,minimum_078
776,4.0,+,36,47791.6294,2,5,-1.0,0.0,-1.0,1.0,47791.11286220033,0.516537799667276,e,minimum_078
777,4.0,-,7,48518.4694,2,6,-1.0,0.0,-1.0,1.0,48493.55146881781,24.91793118219357,f,minimum_078
778,4.0,+,37,48518.1494,2,6,-1.0,0.0,-1.0,1.0,48493.552985260125,24.59641473987722,e,minimum_078
779,5.0,+,1,43965.8094,2,0,-1.0,0.0,-1.0,1.0,43965.897870564346,-0.08847056434751721,f,minimum_078
780,5.0,-,31,43965.8094,2,0,-1.0,0.0,-1.0,1.0,43965.90039422179,-0.09099422179133398,e,minimum_078
781,5.0,+,2,44757.4794,2,1,-1.0,0.0,-1.0,1.0,44748.82922952249,8.650170477507345,f,minimum_078
782,5.0,-,32,44757.4894,2,1,-1.0,0.0,-1.0,1.0,44748.831728161436,8.657671838562237,e,minimum_078
783,5.0,+,3,45536.6994,2,2,-1.0,0.0,-1.0,1.0,45529.68235032208,7.0170496779173845,f,minimum_078
784,5.0,-,33,45536.6994,2,2,-1.0,0.0,-1.0,1.0,45529.68482589869,7.014574101311155,e,minimum_078
785,5.0,+,4,46303.1694,2,3,-1.0,0.0,-1.0,1.0,46302.49424629473,0.6751537052696222,f,minimum_078
786,5.0,-,34,46303.1694,2,3,-1.0,0.0,-1.0,1.0,46302.49669452216,0.6727054778384627,e,minimum_078
787,5.0,+,5,47056.6894,2,4,-1.0,0.0,-1.0,1.0,47060.68872794559,-3.9993279455884476,f,minimum_078
788,5.0,-,35,47056.7294,2,4,-1.0,0.0,-1.0,1.0,47060.691139027156,-3.9617390271596378,e,minimum_078
789,5.0,+,6,47796.8694,2,5,-1.0,0.0,-1.0,1.0,47796.37810287854,0.49129712146532256,f,minimum_078
790,5.0,-,36,47796.8594,2,5,-1.0,0.0,-1.0,1.0,47796.380459975655,0.4789400243462296,e,minimum_078
791,5.0,+,7,48523.6794,2,6,-1.0,0.0,-1.0,1.0,48498.71795595356,24.96144404644292,f,minimum_078
792,5.0,-,37,48523.3994,2,6,-1.0,0.0,-1.0,1.0,48498.72023019384,24.679169806164282,e,minimum_078
793,6.0,-,1,43972.4594,2,0,-1.0,0.0,-1.0,1.0,43972.54304430688,-0.08364430688379798,f,minimum_078
794,6.0,+,31,43972.4694,2,0,-1.0,0.0,-1.0,1.0,43972.54657694624,-0.07717694623715943,e,minimum_078
795,6.0,-,2,44764.0794,2,1,-1.0,0.0,-1.0,1.0,44755.417961968946,8.661438031056605,f,minimum_078
796,6.0,+,32,44764.0794,2,1,-1.0,0.0,-1.0,1.0,44755.42145960151,8.657940398494247,e,minimum_078
797,6.0,-,3,45543.2094,2,2,-1.0,0.0,-1.0,1.0,45536.217070260594,6.99232973940525,f,minimum_078
798,6.0,+,33,45543.2194,2,2,-1.0,0.0,-1.0,1.0,45536.220535603505,6.998864396497083,e,minimum_078
799,6.0,-,4,46309.6294,2,3,-1.0,0.0,-1.0,1.0,46308.970581036716,0.6588189632821013,f,minimum_078
800,6.0,+,34,46309.5894,2,3,-1.0,0.0,-1.0,1.0,46308.97400807142,0.6153919285789016,e,minimum_078
801,6.0,-,5,47063.1094,2,4,-1.0,0.0,-1.0,1.0,47067.09611878738,-3.986718787382415,f,minimum_078
802,6.0,+,35,47063.0694,2,4,-1.0,0.0,-1.0,1.0,47067.09949378002,-4.030093780020252,e,minimum_078
803,6.0,-,6,47803.1494,2,5,-1.0,0.0,-1.0,1.0,47802.69790375824,0.4514962417597417,f,minimum_078
804,6.0,+,36,47803.1594,2,5,-1.0,0.0,-1.0,1.0,47802.701203107135,0.4581968928614515,e,minimum_078
805,6.0,-,7,48529.9694,2,6,-1.0,0.0,-1.0,1.0,48504.91726863335,25.052131366654066,f,minimum_078
806,6.0,+,37,48529.6294,2,6,-1.0,0.0,-1.0,1.0,48504.92045185856,24.70894814143685,e,minimum_078
807,7.0,+,1,43980.2194,2,0,-1.0,0.0,-1.0,1.0,43980.29534794073,-0.07594794072792865,f,minimum_078
808,7.0,-,31,43980.2194,2,0,-1.0,0.0,-1.0,1.0,43980.30005737858,-0.08065737858123612,e,minimum_078
809,7.0,+,2,44771.7694,2,1,-1.0,0.0,-1.0,1.0,44763.10443135745,8.664968642544409,f,minimum_078
810,7.0,-,32,44771.7694,2,1,-1.0,0.0,-1.0,1.0,44763.109094148764,8.660305851233716,e,minimum_078
811,7.0,+,3,45550.7794,2,2,-1.0,0.0,-1.0,1.0,45543.84052145986,6.93887854013883,f,minimum_078
812,7.0,-,33,45550.8394,2,2,-1.0,0.0,-1.0,1.0,45543.845141194775,6.994258805221762,e,minimum_078
813,7.0,+,4,46317.1194,2,3,-1.0,0.0,-1.0,1.0,46316.52589672337,0.5935032766356017,f,minimum_078
814,7.0,-,34,46317.1494,2,3,-1.0,0.0,-1.0,1.0,46316.530465350515,0.6189346494866186,e,minimum_078
815,7.0,+,5,47070.5294,2,4,-1.0,0.0,-1.0,1.0,47074.57096152131,-4.04156152131327,f,minimum_078
816,7.0,-,35,47010.5494,2,4,-1.0,0.0,-1.0,0.0,47074.57546070035,-64.0260607003438,e,minimum_078
817,7.0,+,6,47810.5394,2,5,-1.0,0.0,-1.0,1.0,47810.07048909022,0.46891090978169814,f,minimum_078
818,7.0,-,36,47810.5694,2,5,-1.0,0.0,-1.0,1.0,47810.07488730857,0.49451269143173704,e,minimum_078
819,7.0,+,7,48537.2194,2,6,-1.0,0.0,-1.0,1.0,48512.14914902199,25.070250978009426,f,minimum_078
820,8.0,-,1,43989.0594,2,0,-1.0,0.0,-1.0,1.0,43989.154597279514,-0.09519727951555979,f,minimum_078
821,8.0,+,31,43984.0694,2,0,-1.0,0.0,-1.0,1.0,43989.16065117192,-5.091251171921613,e,minimum_078
822,8.0,-,2,44780.5194,2,1,-1.0,0.0,-1.0,1.0,44771.88845993854,8.630940061455476,f,minimum_078
823,8.0,+,32,44780.5194,2,1,-1.0,0.0,-1.0,1.0,44771.89445389975,8.624946100244415,e,minimum_078
824,8.0,-,3,45559.5094,2,2,-1.0,0.0,-1.0,1.0,45552.55252449384,6.95687550616276,f,minimum_078
825,8.0,+,33,45559.4794,2,2,-1.0,0.0,-1.0,1.0,45552.55846309172,6.920936908274598,e,minimum_078
826,8.0,-,4,46325.7394,2,3,-1.0,0.0,-1.0,1.0,46325.16000491524,0.5793950847582892,f,minimum_078
827,8.0,+,34,46325.6894,2,3,-1.0,0.0,-1.0,1.0,46325.16587775886,0.5235222411429277,e,minimum_078
828,8.0,-,5,47079.0594,2,4,-1.0,0.0,-1.0,1.0,47083.11304991287,-4.053649912872061,f,minimum_078
829,8.0,+,35,47079.0094,2,4,-1.0,0.0,-1.0,1.0,47083.11883337949,-4.1094333794899285,e,minimum_078
830,8.0,-,6,47818.9394,2,5,-1.0,0.0,-1.0,1.0,47818.495620587746,0.4437794122568448,f,minimum_078
831,8.0,+,36,47818.9094,2,5,-1.0,0.0,-1.0,1.0,47818.501274097194,0.408125902802567,e,minimum_078
832,8.0,-,7,48545.5994,2,6,-1.0,0.0,-1.0,1.0,48520.41329593958,25.186104060419893,f,minimum_078
833,8.0,+,37,48545.1894,2,6,-1.0,0.0,-1.0,1.0,48520.41874984657,24.770650153433962,e,minimum_078
834,9.0,+,1,43999.0294,2,0,-1.0,0.0,-1.0,1.0,43999.12058182292,-0.09118182292149868,f,minimum_078
835,9.0,-,31,43999.0394,2,0,-1.0,0.0,-1.0,1.0,43999.128147643045,-0.08874764304346172,e,minimum_078
836,9.0,+,2,44790.3994,2,1,-1.0,0.0,-1.0,1.0,44781.769844572584,8.629555427418381,f,minimum_078
837,9.0,-,32,44790.3994,2,1,-1.0,0.0,-1.0,1.0,44781.7773355392,8.622064460803813,e,minimum_078
838,9.0,+,3,45569.2794,2,2,-1.0,0.0,-1.0,1.0,45562.352874294906,6.926525705093809,f,minimum_078
839,9.0,-,33,45569.2594,2,2,-1.0,0.0,-1.0,1.0,45562.36029604993,6.899103950076096,e,minimum_078
840,9.0,+,4,46335.3794,2,3,-1.0,0.0,-1.0,1.0,46334.87269021764,0.506709782355756,f,minimum_078
841,9.0,-,34,46335.3994,2,3,-1.0,0.0,-1.0,1.0,46334.88002971767,0.5193702823307831,e,minimum_078
842,9.0,+,5,47088.5794,2,4,-1.0,0.0,-1.0,1.0,47092.72214817866,-4.142748178659531,f,minimum_078
843,9.0,-,35,47088.6294,2,4,-1.0,0.0,-1.0,1.0,47092.72937583551,-4.099975835510122,e,minimum_078
844,9.0,+,6,47828.3794,2,5,-1.0,0.0,-1.0,1.0,47827.973025727,0.40637427299952833,f,minimum_078
845,9.0,-,36,47828.4194,2,5,-1.0,0.0,-1.0,1.0,47827.9800907252,0.4393092747995979,e,minimum_078
846,9.0,+,7,48554.8894,2,6,-1.0,0.0,-1.0,1.0,48529.70936468757,25.180035312427208,f,minimum_078
847,9.0,-,37,48554.5694,2,6,-1.0,0.0,-1.0,1.0,48529.71617978129,24.853220218712522,e,minimum_078
848,10.0,-,1,44010.1194,2,0,-1.0,0.0,-1.0,1.0,44010.1930647564,-0.07366475639719283,f,minimum_078
849,10.0,+,31,44010.1194,2,0,-1.0,0.0,-1.0,1.0,44010.20230977148,-0.0829097714740783,e,minimum_078
850,10.0,-,2,44801.3494,2,1,-1.0,0.0,-1.0,1.0,44792.74835673102,8.601043268979993,f,minimum_078
851,10.0,+,32,44801.3594,2,1,-1.0,0.0,-1.0,1.0,44792.75751034075,8.601889659250446,e,minimum_078
852,10.0,-,3,45580.0794,2,2,-1.0,0.0,-1.0,1.0,45573.24134015038,6.838059849622368,f,minimum_078
853,10.0,+,33,45580.0994,2,2,-1.0,0.0,-1.0,1.0,45573.250409158114,6.848990841885097,e,minimum_078
854,10.0,-,4,46346.1294,2,3,-1.0,0.0,-1.0,1.0,46345.66371026675,0.4656897332461085,f,minimum_078
855,10.0,-,5,47099.2294,2,4,-1.0,0.0,-1.0,1.0,47103.397990952544,-4.1685909525476745,f,minimum_078
856,10.0,+,35,47099.2194,2,4,-1.0,0.0,-1.0,1.0,47103.40682247846,-4.187422478455119,e,minimum_078
857,10.0,-,6,47838.9094,2,5,-1.0,0.0,-1.0,1.0,47838.50239766707,0.4070023329259129,f,minimum_078
858,10.0,+,36,47838.8994,2,5,-1.0,0.0,-1.0,1.0,47838.51103009925,0.3883699007492396,e,minimum_078
859,10.0,-,7,48565.3594,2,6,-1.0,0.0,-1.0,1.0,48540.0369668486,25.32243315139931,f,minimum_078
860,10.0,+,37,48564.9594,2,6,-1.0,0.0,-1.0,1.0,48540.04529329526,24.914106704738515,e,minimum_078
861,11.0,+,1,44022.2994,2,0,-1.0,0.0,-1.0,1.0,44022.37178295009,-0.07238295008573914,f,minimum_078
862,11.0,-,31,44022.2894,2,0,-1.0,0.0,-1.0,1.0,44022.382874198745,-0.09347419874393381,e,minimum_078
863,11.0,+,2,44813.3894,2,1,-1.0,0.0,-1.0,1.0,44804.82374249753,8.565657502469548,f,minimum_078
864,11.0,-,32,44813.3994,2,1,-1.0,0.0,-1.0,1.0,44804.83472416826,8.564675831745262,e,minimum_078
865,11.0,-,33,45592.0294,2,2,-1.0,0.0,-1.0,1.0,45585.22854583281,6.800854167187936,e,minimum_078
866,11.0,+,4,46357.9394,2,3,-1.0,0.0,-1.0,1.0,46357.53279571286,0.4066042871418176,f,minimum_078
867,11.0,-,34,46357.1694,2,3,-1.0,0.0,-1.0,1.0,46357.543554992655,-0.3741549926562584,e,minimum_078
868,11.0,+,5,47110.8894,2,4,-1.0,0.0,-1.0,1.0,47115.14028324544,-4.250883245440491,f,minimum_078
869,11.0,-,35,47110.9194,2,4,-1.0,0.0,-1.0,1.0,47115.15087807082,-4.231478070818412,e,minimum_078
870,11.0,+,6,47850.4694,2,5,-1.0,0.0,-1.0,1.0,47850.08339516046,0.38600483954360243,f,minimum_078
871,11.0,-,36,47850.4694,2,5,-1.0,0.0,-1.0,1.0,47850.09375069139,0.3756493086111732,e,minimum_078
872,11.0,+,7,48576.7794,2,6,-1.0,0.0,-1.0,1.0,48551.395670059814,25.38372994018573,f,minimum_078
873,11.0,-,37,48576.3694,2,6,-1.0,0.0,-1.0,1.0,48551.405657684154,24.96374231584923,e,minimum_078
874,12.0,-,1,44035.5694,2,0,-1.0,0.0,-1.0,1.0,44035.65644695843,-0.0870469584260718,f,minimum_078
875,12.0,+,31,44035.5794,2,0,-1.0,0.0,-1.0,1.0,44035.66955122763,-0.0901512276250287,e,minimum_078
876,12.0,-,2,44826.5494,2,1,-1.0,0.0,-1.0,1.0,44817.995722569285,8.55367743071838,f,minimum_078
877,12.0,+,32,44826.5694,2,1,-1.0,0.0,-1.0,1.0,44818.00869747713,8.56070252286736,e,minimum_078
878,12.0,-,3,45605.0594,2,2,-1.0,0.0,-1.0,1.0,45598.281568921186,6.777831078812596,f,minimum_078
879,12.0,+,33,45605.0694,2,2,-1.0,0.0,-1.0,1.0,45598.29442381451,6.77497618549387,e,minimum_078
880,12.0,-,4,46370.8494,2,3,-1.0,0.0,-1.0,1.0,46370.47965020271,0.3697497972898418,f,minimum_078
881,12.0,+,34,46370.8494,2,3,-1.0,0.0,-1.0,1.0,46370.49236212279,0.35703787720558466,e,minimum_078
882,12.0,-,5,47123.6494,2,4,-1.0,0.0,-1.0,1.0,47127.94870040185,-4.299300401849905,f,minimum_078
883,12.0,+,35,47123.6594,2,4,-1.0,0.0,-1.0,1.0,47127.96121768352,-4.30181768352486,e,minimum_078
884,12.0,-,6,47863.0994,2,5,-1.0,0.0,-1.0,1.0,47862.715642452255,0.383757547744608,f,minimum_078
885,12.0,+,36,47863.0794,2,5,-1.0,0.0,-1.0,1.0,47862.727876437755,0.3515235622471664,e,minimum_078
886,12.0,-,7,48589.3194,2,6,-1.0,0.0,-1.0,1.0,48563.78499775791,25.534402242090437,f,minimum_078
887,12.0,+,37,48588.8694,2,6,-1.0,0.0,-1.0,1.0,48563.79679600779,25.07260399221559,e,minimum_078
888,13.0,+,1,44049.9594,2,0,-1.0,0.0,-1.0,1.0,44050.04674101928,-0.08734101927984739,f,minimum_078
889,13.0,-,31,44049.9794,2,0,-1.0,0.0,-1.0,1.0,44050.062024822015,-0.0826248220182606,e,minimum_078
890,13.0,+,2,44840.8094,2,1,-1.0,0.0,-1.0,1.0,44832.26399225798,8.54540774202178,f,minimum_078
891,13.0,-,32,44840.8094,2,1,-1.0,0.0,-1.0,1.0,44832.27912531593,8.53027468406799,e,minimum_078
892,13.0,+,3,45619.1594,2,2,-1.0,0.0,-1.0,1.0,45612.43274214352,6.7266578564740485,f,minimum_078
893,13.0,-,33,45619.1594,2,2,-1.0,0.0,-1.0,1.0,45612.44773516216,6.711664837835997,e,minimum_078
894,13.0,+,4,46384.7794,2,3,-1.0,0.0,-1.0,1.0,46384.50395035945,0.27544964054686716,f,minimum_078
895,13.0,-,34,46384.7994,2,3,-1.0,0.0,-1.0,1.0,46384.51877639238,0.28062360762123717,e,minimum_078
896,13.0,+,5,47137.4394,2,4,-1.0,0.0,-1.0,1.0,47141.82288805051,-4.383488050509186,f,minimum_078
897,13.0,-,35,47137.4694,2,4,-1.0,0.0,-1.0,1.0,47141.837486646924,-4.3680866469221655,e,minimum_078
898,13.0,+,6,47876.7394,2,5,-1.0,0.0,-1.0,1.0,47876.398729168985,0.34067083101399476,f,minimum_078
899,13.0,-,36,47876.7194,2,5,-1.0,0.0,-1.0,1.0,47876.412996627405,0.3064033725968329,e,minimum_078
900,13.0,+,7,48602.9194,2,6,-1.0,0.0,-1.0,1.0,48577.204428896206,25.714971103792777,f,minimum_078
901,13.0,-,37,48602.3494,2,6,-1.0,0.0,-1.0,1.0,48577.21818680778,25.13121319221682,e,minimum_078
902,14.0,-,1,44065.4594,2,0,-1.0,0.0,-1.0,1.0,44065.54232305342,-0.08292305342183681,f,minimum_078
903,14.0,+,31,44065.4794,2,0,-1.0,0.0,-1.0,1.0,44065.559952605734,-0.08055260573746637,e,minimum_078
904,14.0,-,2,44856.1594,2,1,-1.0,0.0,-1.0,1.0,44847.62822149171,8.531178508288576,f,minimum_078
905,14.0,+,32,44856.1694,2,1,-1.0,0.0,-1.0,1.0,44847.645677327535,8.523722672463919,e,minimum_078
906,14.0,-,3,45646.1294,2,2,-1.0,0.0,-1.0,1.0,45627.67085202276,18.458547977235867,f,minimum_078
907,14.0,+,33,45634.3694,2,2,-1.0,0.0,-1.0,1.0,45627.68814624665,6.681253753355122,e,minimum_078
908,14.0,-,4,46399.7294,2,3,-1.0,0.0,-1.0,1.0,46399.60534576022,0.12405423977907049,f,minimum_078
909,14.0,+,34,46399.8294,2,3,-1.0,0.0,-1.0,1.0,46399.622447079666,0.2069529203363345,e,minimum_078
910,14.0,-,5,47152.3294,2,4,-1.0,0.0,-1.0,1.0,47156.76246205147,-4.43306205146655,f,minimum_078
911,14.0,+,35,47152.3594,2,4,-1.0,0.0,-1.0,1.0,47156.77930049769,-4.419900497690833,e,minimum_078
912,14.0,-,6,47891.4594,2,5,-1.0,0.0,-1.0,1.0,47891.13221019566,0.32718980433855904,f,minimum_078
913,14.0,+,36,47891.4194,2,5,-1.0,0.0,-1.0,1.0,47891.148665779874,0.2707342201247229,e,minimum_078
914,14.0,-,7,48617.4594,2,6,-1.0,0.0,-1.0,1.0,48591.6533976324,25.80600236760074,f,minimum_078
915,14.0,-,7,48616.9194,2,6,-1.0,0.0,-1.0,1.0,48591.6533976324,25.266002367599867,f,minimum_078
916,15.0,+,1,44082.0594,2,0,-1.0,0.0,-1.0,1.0,44082.14282466313,-0.08342466313479235,f,minimum_078
917,15.0,-,31,44082.0794,2,0,-1.0,0.0,-1.0,1.0,44082.16296586137,-0.08356586136505939,e,minimum_078
918,15.0,+,2,44872.5994,2,1,-1.0,0.0,-1.0,1.0,44864.088054816166,8.511345183833328,f,minimum_078
919,15.0,-,32,44872.5994,2,1,-1.0,0.0,-1.0,1.0,44864.10799775033,8.491402249666862,e,minimum_078
920,15.0,+,3,45650.6094,2,2,-1.0,0.0,-1.0,1.0,45643.995539544325,6.613860455676331,f,minimum_078
921,15.0,-,33,45650.6294,2,2,-1.0,0.0,-1.0,1.0,45644.01529774437,6.614102255625767,e,minimum_078
922,15.0,+,4,46415.9094,2,3,-1.0,0.0,-1.0,1.0,46415.78345891245,0.12594108755001798,f,minimum_078
923,15.0,-,34,46415.9594,2,3,-1.0,0.0,-1.0,1.0,46415.80299636967,0.1564036303316243,e,minimum_078
924,15.0,+,5,47168.2694,2,4,-1.0,0.0,-1.0,1.0,47172.76700843688,-4.497608436882729,f,minimum_078
925,15.0,-,35,47168.2994,2,4,-1.0,0.0,-1.0,1.0,47172.786244919494,-4.486844919490977,e,minimum_078
926,15.0,+,6,47907.2094,2,5,-1.0,0.0,-1.0,1.0,47906.915605542046,0.29379445795348147,f,minimum_078
927,15.0,-,36,47907.1494,2,5,-1.0,0.0,-1.0,1.0,47906.934403510175,0.2149964898271719,e,minimum_078
928,15.0,+,7,48633.1294,2,6,-1.0,0.0,-1.0,1.0,48607.131292986225,25.998107013772824,f,minimum_078
929,15.0,-,37,48632.4994,2,6,-1.0,0.0,-1.0,1.0,48607.14941550455,25.349984495449462,e,minimum_078
930,16.0,-,1,44099.7594,2,0,-1.0,0.0,-1.0,1.0,44099.84785113219,-0.08845113218558254,f,minimum_078
931,16.0,+,31,44099.7694,2,0,-1.0,0.0,-1.0,1.0,44099.87066953033,-0.10126953033613972,e,minimum_078
932,16.0,-,2,44890.0994,2,1,-1.0,0.0,-1.0,1.0,44881.64311139594,8.4562886040585,f,minimum_078
933,16.0,+,32,44890.1594,2,1,-1.0,0.0,-1.0,1.0,44881.665705420404,8.493694579592557,e,minimum_078
934,16.0,-,3,45667.9494,2,2,-1.0,0.0,-1.0,1.0,45661.40642001393,6.542979986064893,f,minimum_078
935,16.0,+,33,45667.9894,2,2,-1.0,0.0,-1.0,1.0,45661.42880463039,6.5605953696067445,e,minimum_078
936,16.0,-,4,46433.1294,2,3,-1.0,0.0,-1.0,1.0,46433.03788522746,0.09151477253908524,f,minimum_078
937,16.0,+,34,46433.1294,2,3,-1.0,0.0,-1.0,1.0,46433.06001932872,0.06938067128066905,e,minimum_078
938,16.0,-,5,47185.2594,2,4,-1.0,0.0,-1.0,1.0,47189.83608334769,-4.576683347688231,f,minimum_078
939,16.0,+,35,47185.2894,2,4,-1.0,0.0,-1.0,1.0,47189.857875679845,-4.5684756798436865,e,minimum_078
940,16.0,-,6,47924.0394,2,5,-1.0,0.0,-1.0,1.0,47923.748400197095,0.290999802906299,f,minimum_078
941,16.0,+,36,47923.7994,2,5,-1.0,0.0,-1.0,1.0,47923.769694384224,0.02970561577967601,e,minimum_078
942,16.0,-,7,48649.8594,2,6,-1.0,0.0,-1.0,1.0,48623.63745846558,26.221941534422513,f,minimum_078
943,16.0,+,37,48649.1294,2,6,-1.0,0.0,-1.0,1.0,48623.65798492672,25.471415073276148,e,minimum_078
944,17.0,+,1,44118.5594,2,0,-1.0,0.0,-1.0,1.0,44118.65698142421,-0.0975814242119668,f,minimum_078
945,17.0,-,31,44118.5794,2,0,-1.0,0.0,-1.0,1.0,44118.682642211425,-0.10324221142218448,e,minimum_078
946,17.0,+,2,44908.7294,2,1,-1.0,0.0,-1.0,1.0,44900.29298501682,8.436414983174473,f,minimum_078
947,17.0,-,32,44908.7294,2,1,-1.0,0.0,-1.0,1.0,44900.31839377257,8.411006227426697,e,minimum_078
948,17.0,+,3,45686.3894,2,2,-1.0,0.0,-1.0,1.0,45679.903083049576,6.486316950424225,f,minimum_078
949,17.0,-,33,45686.4494,2,2,-1.0,0.0,-1.0,1.0,45679.92825617009,6.521143829908397,e,minimum_078
950,17.0,+,4,46451.3294,2,3,-1.0,0.0,-1.0,1.0,46451.36819299165,-0.03879299164691474,f,minimum_078
951,17.0,-,34,46451.3794,2,3,-1.0,0.0,-1.0,1.0,46451.39308387487,-0.013683874873095192,e,minimum_078
952,17.0,+,5,47203.3094,2,4,-1.0,0.0,-1.0,1.0,47207.969212964985,-4.659812964986486,f,minimum_078
953,17.0,-,35,47203.3294,2,4,-1.0,0.0,-1.0,1.0,47207.99371856151,-4.664318561510299,e,minimum_078
954,17.0,+,6,47941.8594,2,5,-1.0,0.0,-1.0,1.0,47941.630043970996,0.22935602900543017,f,minimum_078
955,17.0,-,36,47941.99,2,5,-1.0,0.0,-1.0,1.0,47941.65398776039,0.3360122396115912,e,minimum_078
956,17.0,+,7,48667.5794,2,6,-1.0,0.0,-1.0,1.0,48641.17119166015,26.408208339853445,f,minimum_078
957,17.0,-,37,48666.7794,2,6,-1.0,0.0,-1.0,1.0,48641.1942690948,25.585130905201368,e,minimum_078
958,18.0,-,1,44138.4694,2,0,-1.0,0.0,-1.0,1.0,44138.56976818253,-0.10036818253138335,f,minimum_078
959,18.0,+,31,44138.4994,2,0,-1.0,0.0,-1.0,1.0,44138.598436160406,-0.099036160405376,e,minimum_078
960,18.0,-,2,44928.4394,2,1,-1.0,0.0,-1.0,1.0,44920.03724408617,8.402155913834576,f,minimum_078
961,18.0,+,32,44928.4694,2,1,-1.0,0.0,-1.0,1.0,44920.06563084222,8.403769157783245,e,minimum_078
962,18.0,-,3,45705.9094,2,2,-1.0,0.0,-1.0,1.0,45699.48509257258,6.42430742741999,f,minimum_078
963,18.0,+,33,45705.9594,2,2,-1.0,0.0,-1.0,1.0,45699.51321591027,6.446184089727467,e,minimum_078
964,18.0,-,4,46470.6694,2,3,-1.0,0.0,-1.0,1.0,46470.773923336674,-0.10452333667490166,f,minimum_078
965,18.0,+,34,46470.6794,2,3,-1.0,0.0,-1.0,1.0,46470.80173074861,-0.12233074860705528,e,minimum_078
966,18.0,-,5,47222.4194,2,4,-1.0,0.0,-1.0,1.0,47227.16589343573,-4.74649343573401,f,minimum_078
967,18.0,+,35,47222.4494,2,4,-1.0,0.0,-1.0,1.0,47227.1932692877,-4.743869287704001,e,minimum_078
968,18.0,-,6,47960.7894,2,5,-1.0,0.0,-1.0,1.0,47960.55995132515,0.2294486748505733,f,minimum_078
969,18.0,+,36,47960.78,2,5,-1.0,0.0,-1.0,1.0,47960.58669761923,0.19330238077236572,e,minimum_078
970,18.0,-,7,48686.4094,2,6,-1.0,0.0,-1.0,1.0,48659.73174380126,26.67765619873535,f,minimum_078
971,18.0,+,37,48685.4594,2,6,-1.0,0.0,-1.0,1.0,48659.75751864783,25.701881352171768,e,minimum_078
972,19.0,+,1,44159.4994,2,0,-1.0,0.0,-1.0,1.0,44159.585737728485,-0.08633772848406807,f,minimum_078
973,19.0,-,31,44159.5194,2,0,-1.0,0.0,-1.0,1.0,44159.61757728871,-0.09817728870984865,e,minimum_078
974,19.0,+,2,44949.2594,2,1,-1.0,0.0,-1.0,1.0,44940.87543163556,8.38396836444008,f,minimum_078
975,19.0,-,32,44949.2794,2,1,-1.0,0.0,-1.0,1.0,44940.90695926711,8.372440732891846,e,minimum_078
976,19.0,+,3,45726.5094,2,2,-1.0,0.0,-1.0,1.0,45720.151986798584,6.35741320141824,f,minimum_078
977,19.0,-,33,45726.5394,2,2,-1.0,0.0,-1.0,1.0,45720.18322167006,6.356178329944669,e,minimum_078
978,19.0,+,4,46491.0294,2,3,-1.0,0.0,-1.0,1.0,46491.25459020547,-0.225190205470426,f,minimum_078
979,19.0,-,34,46491.0694,2,3,-1.0,0.0,-1.0,1.0,46491.28547347881,-0.2160734788121772,e,minimum_078
980,19.0,+,5,47242.5694,2,4,-1.0,0.0,-1.0,1.0,47247.42559079342,-4.856190793419955,f,minimum_078
981,19.0,-,35,47242.6194,2,4,-1.0,0.0,-1.0,1.0,47247.45599344326,-4.836593443258607,e,minimum_078
982,19.0,+,6,47980.7094,2,5,-1.0,0.0,-1.0,1.0,47980.53750118955,0.17189881044760114,f,minimum_078
983,19.0,-,36,47980.71,2,5,-1.0,0.0,-1.0,1.0,47980.567202380786,0.14279761921352474,e,minimum_078
984,19.0,+,7,48706.2494,2,6,-1.0,0.0,-1.0,1.0,48679.31831928651,26.93108071348979,f,minimum_078
985,19.0,-,37,48705.2194,2,6,-1.0,0.0,-1.0,1.0,48679.34693735346,25.872462646540953,e,minimum_078
986,20.0,-,1,44181.6194,2,0,-1.0,0.0,-1.0,1.0,44181.7043900617,-0.0849900616958621,f,minimum_078
987,20.0,+,31,44181.6394,2,0,-1.0,0.0,-1.0,1.0,44181.739565163254,-0.1001651632541325,e,minimum_078
988,20.0,-,2,44971.1594,2,1,-1.0,0.0,-1.0,1.0,44962.80706532153,8.352334678464103,f,minimum_078
989,20.0,+,32,44971.1694,2,1,-1.0,0.0,-1.0,1.0,44962.84189628828,8.327503711720055,e,minimum_078
990,20.0,-,3,45748.1894,2,2,-1.0,0.0,-1.0,1.0,45741.903278226826,6.286121773177001,f,minimum_078
991,20.0,+,33,45748.2194,2,2,-1.0,0.0,-1.0,1.0,45741.937785530456,6.281614469546184,e,minimum_078
992,20.0,-,4,46512.4994,2,3,-1.0,0.0,-1.0,1.0,46512.80968031757,-0.31028031757159624,f,minimum_078
993,20.0,+,34,46512.5494,2,3,-1.0,0.0,-1.0,1.0,46512.84379834812,-0.2943983481163741,e,minimum_078
994,20.0,-,5,47263.7994,2,4,-1.0,0.0,-1.0,1.0,47268.74774087267,-4.948340872666449,f,minimum_078
995,20.0,+,35,47263.8394,2,4,-1.0,0.0,-1.0,1.0,47268.781326389195,-4.941926389197761,e,minimum_078
996,20.0,-,6,48001.7294,2,5,-1.0,0.0,-1.0,1.0,48001.56203676664,0.16736323335499037,f,minimum_078
997,20.0,+,36,48001.69,2,5,-1.0,0.0,-1.0,1.0,48001.59484470831,0.09515529169584624,e,minimum_078
998,20.0,-,7,48725.3994,2,6,-1.0,0.0,-1.0,1.0,48699.93007516738,25.46932483262208,f,minimum_078
999,20.0,+,37,48725.9694,2,6,-1.0,0.0,-1.0,1.0,48699.96168159543,26.007718404573097,e,minimum_078
1000,21.0,+,1,44204.8294,2,0,-1.0,0.0,-1.0,1.0,44204.925198858284,-0.09579885828134138,f,minimum_078
1001,21.0,-,31,44204.8394,2,0,-1.0,0.0,-1.0,1.0,44204.9638730054,-0.12447300540225115,e,minimum_078
1002,21.0,+,2,44994.1294,2,1,-1.0,0.0,-1.0,1.0,44985.83163742753,8.297762572467036,f,minimum_078
1003,21.0,-,32,44994.1594,2,1,-1.0,0.0,-1.0,1.0,44985.86993375223,8.289466247770179,e,minimum_078
1004,21.0,+,3,45770.9194,2,2,-1.0,0.0,-1.0,1.0,45764.73845362911,6.180946370892343,f,minimum_078
1005,21.0,-,33,45770.9694,2,2,-1.0,0.0,-1.0,1.0,45764.776393823486,6.193006176516064,e,minimum_078
1006,21.0,+,4,46535.0094,2,3,-1.0,0.0,-1.0,1.0,46535.43865313088,-0.42925313087471295,f,minimum_078
1007,21.0,-,34,46535.0694,2,3,-1.0,0.0,-1.0,1.0,46535.47616435426,-0.4067643542584847,e,minimum_078
1008,21.0,+,5,47286.0694,2,4,-1.0,0.0,-1.0,1.0,47291.13174921866,-5.062349218656891,f,minimum_078
1009,21.0,-,35,47286.1394,2,4,-1.0,0.0,-1.0,1.0,47291.168673171196,-5.02927317119611,e,minimum_078
1010,21.0,+,6,48023.7494,2,5,-1.0,0.0,-1.0,1.0,48023.63286532176,0.11653467824362451,f,minimum_078
1011,21.0,-,36,48023.71,2,5,-1.0,0.0,-1.0,1.0,48023.66893129851,0.04106870148825692,e,minimum_078
1012,21.0,+,7,48747.2294,2,6,-1.0,0.0,-1.0,1.0,48721.566120597905,25.663279402091575,f,minimum_078
1013,21.0,-,37,48747.7794,2,6,-1.0,0.0,-1.0,1.0,48721.60085982249,26.178540177512332,e,minimum_078
1014,22.0,-,1,44229.1494,2,0,-1.0,0.0,-1.0,1.0,44229.247611470666,-0.09821147066395497,f,minimum_078
1015,22.0,+,31,44229.1694,2,0,-1.0,0.0,-1.0,1.0,44229.289947689955,-0.12054768995585619,e,minimum_078
1016,22.0,-,2,45018.2094,2,1,-1.0,0.0,-1.0,1.0,45009.94861486497,8.260785135033075,f,minimum_078
1017,22.0,+,32,45018.2294,2,1,-1.0,0.0,-1.0,1.0,45009.990538111604,8.238861888392421,e,minimum_078
1018,22.0,-,3,45794.7694,2,2,-1.0,0.0,-1.0,1.0,45788.65697403781,6.112425962186535,f,minimum_078
1019,22.0,+,33,45794.7994,2,2,-1.0,0.0,-1.0,1.0,45788.698507119465,6.100892880538595,e,minimum_078
1020,22.0,-,4,46558.6194,2,3,-1.0,0.0,-1.0,1.0,46559.140940801415,-0.5215408014119021,f,minimum_078
1021,22.0,+,34,46558.6294,2,3,-1.0,0.0,-1.0,1.0,46559.18200317026,-0.5526031702611363,e,minimum_078
1022,22.0,-,5,47309.4194,2,4,-1.0,0.0,-1.0,1.0,47314.57699098996,-5.157590989962046,f,minimum_078
1023,22.0,+,35,47309.4394,2,4,-1.0,0.0,-1.0,1.0,47314.61740842377,-5.178008423768915,e,minimum_078
1024,22.0,-,6,48046.8194,2,5,-1.0,0.0,-1.0,1.0,48046.749257959134,0.07014204086590325,f,minimum_078
1025,22.0,+,36,48070.9,2,5,-1.0,0.0,-1.0,0.0,48046.78873265777,24.111267342232168,e,minimum_078
1026,22.0,-,7,48770.1094,2,6,-1.0,0.0,-1.0,1.0,48744.225516243874,25.883883756127034,f,minimum_078
1027,22.0,+,37,48770.5494,2,6,-1.0,0.0,-1.0,1.0,48744.26353195512,26.28586804488441,e,minimum_078
1028,23.0,+,1,44254.5594,2,0,-1.0,0.0,-1.0,1.0,44254.67104892656,-0.1116489265623386,f,minimum_078
1029,23.0,-,31,44254.6094,2,0,-1.0,0.0,-1.0,1.0,44254.71720974501,-0.1078097450081259,e,minimum_078
1030,23.0,+,2,45043.3994,2,1,-1.0,0.0,-1.0,1.0,45035.15743917458,8.241960825420392,f,minimum_078
1031,23.0,-,32,45043.4094,2,1,-1.0,0.0,-1.0,1.0,45035.20315042729,8.206249572707748,e,minimum_078
1032,23.0,+,3,45819.6794,2,2,-1.0,0.0,-1.0,1.0,45813.65827473261,6.021125267390744,f,minimum_078
1033,23.0,-,33,45819.7194,2,2,-1.0,0.0,-1.0,1.0,45813.703560214875,6.015839785126445,e,minimum_078
1034,23.0,+,4,46583.2494,2,3,-1.0,0.0,-1.0,1.0,46583.915948140035,-0.6665481400341378,f,minimum_078
1035,23.0,-,34,46583.2894,2,3,-1.0,0.0,-1.0,1.0,46583.96071910133,-0.6713191013259348,e,minimum_078
1036,23.0,+,5,47333.7894,2,4,-1.0,0.0,-1.0,1.0,47339.08281085543,-5.2934108554254635,f,minimum_078
1037,23.0,-,35,47333.8494,2,4,-1.0,0.0,-1.0,1.0,47339.126876266026,-5.277476266026497,e,minimum_078
1038,23.0,+,6,48070.9394,2,5,-1.0,0.0,-1.0,1.0,48070.91044938384,0.028950616164365783,f,minimum_078
1039,23.0,-,36,48070.9,2,5,-1.0,0.0,-1.0,1.0,48070.95348286286,-0.05348286285880022,e,minimum_078
1040,23.0,+,7,48794.0194,2,6,-1.0,0.0,-1.0,1.0,48767.90727364751,26.112126352491032,f,minimum_078
1041,23.0,-,37,48794.4194,2,6,-1.0,0.0,-1.0,1.0,48767.948708752294,26.470691247704963,e,minimum_078
1042,24.0,-,1,44281.0794,2,0,-1.0,0.0,-1.0,1.0,44281.19490592869,-0.11550592869025422,f,minimum_078
1043,24.0,+,31,44281.1194,2,0,-1.0,0.0,-1.0,1.0,44281.245053351005,-0.12565335100225639,e,minimum_078
1044,24.0,-,2,45069.6494,2,1,-1.0,0.0,-1.0,1.0,45061.4575265276,8.191873472402222,f,minimum_078
1045,24.0,+,32,45069.6594,2,1,-1.0,0.0,-1.0,1.0,45061.50718636909,8.152213630906772,e,minimum_078
1046,24.0,-,3,45845.6694,2,2,-1.0,0.0,-1.0,1.0,45839.74176522687,5.927634773128375,f,minimum_078
1047,24.0,+,33,45845.7094,2,2,-1.0,0.0,-1.0,1.0,45839.79096211771,5.9184378822901635,e,minimum_078
1048,24.0,-,4,46608.9494,2,3,-1.0,0.0,-1.0,1.0,46609.7630525667,-0.8136525666996022,f,minimum_078
1049,24.0,+,34,46609.0294,2,3,-1.0,0.0,-1.0,1.0,46609.81168903834,-0.7822890383395134,e,minimum_078
1050,24.0,-,5,47359.2494,2,4,-1.0,0.0,-1.0,1.0,47364.64852288505,-5.399122885050019,f,minimum_078
1051,24.0,+,35,47359.2794,2,4,-1.0,0.0,-1.0,1.0,47364.69639019292,-5.416990192919911,e,minimum_078
1052,24.0,-,6,48096.1294,2,5,-1.0,0.0,-1.0,1.0,48096.115637647585,0.013762352413323242,f,minimum_078
1053,24.0,+,36,48096.08,2,5,-1.0,0.0,-1.0,1.0,48096.16237930804,-0.08237930804170901,e,minimum_078
1054,24.0,-,7,48818.9294,2,6,-1.0,0.0,-1.0,1.0,48792.61035454928,26.319045450720296,f,minimum_078
1055,24.0,+,37,48819.3094,2,6,-1.0,0.0,-1.0,1.0,48792.655351130226,26.65404886977194,e,minimum_078
1056,25.0,+,1,44308.6994,2,0,-1.0,0.0,-1.0,1.0,44308.81855085369,-0.11915085369400913,f,minimum_078
1057,25.0,-,31,44308.7294,2,0,-1.0,0.0,-1.0,1.0,44308.872846340535,-0.14344634053850314,e,minimum_078
1058,25.0,+,2,45096.9994,2,1,-1.0,0.0,-1.0,1.0,45088.848267726935,8.151132273065741,f,minimum_078
1059,25.0,-,32,45097.0194,2,1,-1.0,0.0,-1.0,1.0,45088.902036217245,8.117363782752363,e,minimum_078
1060,25.0,+,3,45872.7494,2,2,-1.0,0.0,-1.0,1.0,45866.906829252104,5.842570747896389,f,minimum_078
1061,25.0,-,33,45872.7894,2,2,-1.0,0.0,-1.0,1.0,45866.96009603268,5.82930396732263,e,minimum_078
1062,25.0,+,4,46635.7694,2,3,-1.0,0.0,-1.0,1.0,46636.681604061865,-0.9122040618676692,f,minimum_078
1063,25.0,-,34,46635.8194,2,3,-1.0,0.0,-1.0,1.0,46636.73426241015,-0.9148624101508176,e,minimum_078
1064,25.0,+,5,47385.7494,2,4,-1.0,0.0,-1.0,1.0,47391.27341043367,-5.5240104336699005,f,minimum_078
1065,25.0,-,35,47385.8094,2,4,-1.0,0.0,-1.0,1.0,47391.325232958865,-5.5158329588666675,e,minimum_078
1066,25.0,+,6,48122.3294,2,5,-1.0,0.0,-1.0,1.0,48122.3639838799,-0.03458387989667244,f,minimum_078
1067,25.0,-,36,48122.3,2,5,-1.0,0.0,-1.0,1.0,48122.41458243492,-0.11458243491506437,e,minimum_078
1068,25.0,+,7,48844.9094,2,6,-1.0,0.0,-1.0,1.0,48818.33367016057,26.57572983942373,f,minimum_078
1069,25.0,-,37,48845.2494,2,6,-1.0,0.0,-1.0,1.0,48818.38236943581,26.867030564193556,e,minimum_078
1070,26.0,-,1,44337.4194,2,0,-1.0,0.0,-1.0,1.0,44337.54132575228,-0.12192575228255009,f,minimum_078
1071,26.0,+,31,44337.4594,2,0,-1.0,0.0,-1.0,1.0,44337.59993019766,-0.14053019766288344,e,minimum_078
1072,26.0,-,2,45125.4194,2,1,-1.0,0.0,-1.0,1.0,45117.329028207794,8.090371792204678,f,minimum_078
1073,26.0,+,32,45125.4594,2,1,-1.0,0.0,-1.0,1.0,45117.38706486263,8.07233513736719,e,minimum_078
1074,26.0,-,3,45900.8894,2,2,-1.0,0.0,-1.0,1.0,45895.152824741956,5.736575258044468,f,minimum_078
1075,26.0,+,33,45900.9194,2,2,-1.0,0.0,-1.0,1.0,45895.21031934513,5.709080654865829,e,minimum_078
1076,26.0,-,4,46663.6394,2,3,-1.0,0.0,-1.0,1.0,46664.67092511457,-1.0315251145730144,f,minimum_078
1077,26.0,+,34,46663.6694,2,3,-1.0,0.0,-1.0,1.0,46664.72776113114,-1.0583611311376444,e,minimum_078
1078,26.0,-,5,47413.3194,2,4,-1.0,0.0,-1.0,1.0,47418.95672601809,-5.637326018091699,f,minimum_078
1079,26.0,+,35,47413.3694,2,4,-1.0,0.0,-1.0,1.0,47419.01265645477,-5.6432564547649235,e,minimum_078
1080,26.0,-,6,48149.5894,2,5,-1.0,0.0,-1.0,1.0,48149.65461200156,-0.0652120015656692,f,minimum_078
1081,26.0,+,36,48149.58,2,5,-1.0,0.0,-1.0,1.0,48149.70921544576,-0.1292154457551078,e,minimum_078
1082,26.0,-,7,48871.8494,2,6,-1.0,0.0,-1.0,1.0,48845.07608038701,26.773319612992054,f,minimum_078
1083,26.0,+,37,48872.1794,2,6,-1.0,0.0,-1.0,1.0,48845.128622668824,27.050777331176505,e,minimum_078
1084,27.0,+,1,44367.2394,2,0,-1.0,0.0,-1.0,1.0,44367.362546348406,-0.12314634840731742,f,minimum_078
1085,27.0,-,31,44367.2894,2,0,-1.0,0.0,-1.0,1.0,44367.42562005768,-0.13622005767683731,e,minimum_078
1086,27.0,+,2,45154.9394,2,1,-1.0,0.0,-1.0,1.0,45146.89914803823,8.040251961770991,f,minimum_078
1087,27.0,-,32,45154.9794,2,1,-1.0,0.0,-1.0,1.0,45146.96161180791,8.017788192089938,e,minimum_078
1088,27.0,+,3,45930.1094,2,2,-1.0,0.0,-1.0,1.0,45924.47908381502,5.630316184979165,f,minimum_078
1089,27.0,-,33,45930.1694,2,2,-1.0,0.0,-1.0,1.0,45924.54096360324,5.628436396757024,e,minimum_078
1090,27.0,+,4,46692.5594,2,3,-1.0,0.0,-1.0,1.0,46693.7303106678,-1.1709106678026728,f,minimum_078
1091,27.0,-,34,46692.6294,2,3,-1.0,0.0,-1.0,1.0,46693.79147954657,-1.1620795465714764,e,minimum_078
1092,27.0,+,5,47441.9294,2,4,-1.0,0.0,-1.0,1.0,47447.69769118728,-5.768291187276191,f,minimum_078
1093,27.0,-,35,47441.9994,2,4,-1.0,0.0,-1.0,1.0,47447.7578815779,-5.758481577897328,e,minimum_078
1094,27.0,+,6,48177.8894,2,5,-1.0,0.0,-1.0,1.0,48177.98660842155,-0.09720842154638376,f,minimum_078
1095,27.0,-,36,48177.88,2,5,-1.0,0.0,-1.0,1.0,48178.04536400072,-0.16536400072072865,e,minimum_078
1096,27.0,+,7,48899.8894,2,6,-1.0,0.0,-1.0,1.0,48872.83639299854,27.053007001457445,f,minimum_078
1097,27.0,-,37,48900.1794,2,6,-1.0,0.0,-1.0,1.0,48872.8929176509,27.286482349103608,e,minimum_078
1098,28.0,-,1,44398.1594,2,0,-1.0,0.0,-1.0,1.0,44398.28150203931,-0.12210203931317665,f,minimum_078
1099,28.0,+,31,44398.1994,2,0,-1.0,0.0,-1.0,1.0,44398.34920470717,-0.1498047071727342,e,minimum_078
1100,28.0,-,2,45185.5494,2,1,-1.0,0.0,-1.0,1.0,45177.55794191982,7.991458080185112,f,minimum_078
1101,28.0,-,2,45185.5894,2,1,-1.0,0.0,-1.0,1.0,45177.55794191982,8.031458080178709,f,minimum_078
1102,28.0,-,3,45960.4194,2,2,-1.0,0.0,-1.0,1.0,45954.88491275544,5.534487244556658,f,minimum_078
1103,28.0,+,33,45960.4594,2,2,-1.0,0.0,-1.0,1.0,45954.95133449994,5.508065500056546,e,minimum_078
1104,28.0,-,4,46722.5194,2,3,-1.0,0.0,-1.0,1.0,46723.859028060484,-1.3396280604865751,f,minimum_078
1105,28.0,+,34,46722.5794,2,3,-1.0,0.0,-1.0,1.0,46723.924684374986,-1.3452843749837484,e,minimum_078
1106,28.0,-,5,47471.5894,2,4,-1.0,0.0,-1.0,1.0,47477.49549638487,-5.906096384875127,f,minimum_078
1107,28.0,+,35,47471.6794,2,4,-1.0,0.0,-1.0,1.0,47477.56009809488,-5.880698094879335,e,minimum_078
1108,28.0,-,6,48207.2294,2,5,-1.0,0.0,-1.0,1.0,48207.359021715914,-0.1296217159178923,f,minimum_078
1109,28.0,+,36,48207.22,2,5,-1.0,0.0,-1.0,1.0,48207.422075896,-0.20207589599885978,e,minimum_078
1110,28.0,-,7,48928.8694,2,6,-1.0,0.0,-1.0,1.0,48901.61336274271,27.25603725729161,f,minimum_078
1111,28.0,+,37,48929.1894,2,6,-1.0,0.0,-1.0,1.0,48901.674008138536,27.515391861466924,e,minimum_078
1112,29.0,+,1,44430.1694,2,0,-1.0,0.0,-1.0,1.0,44430.2974558953,-0.12805589530034922,f,minimum_078
1113,29.0,-,31,44430.2194,2,0,-1.0,0.0,-1.0,1.0,44430.36994658354,-0.15054658353619743,e,minimum_078
1114,29.0,+,2,45217.2394,2,1,-1.0,0.0,-1.0,1.0,45209.304699187414,7.934700812584197,f,minimum_078
1115,29.0,-,32,45217.2994,2,1,-1.0,0.0,-1.0,1.0,45209.376491670846,7.922908329157508,e,minimum_078
1116,29.0,+,3,45991.1794,2,2,-1.0,0.0,-1.0,1.0,45986.36959199393,4.809808006073581,f,minimum_078
1117,29.0,-,33,45991.8194,2,2,-1.0,0.0,-1.0,1.0,45986.44071185264,5.378688147357025,e,minimum_078
1118,29.0,+,4,46753.5794,2,3,-1.0,0.0,-1.0,1.0,46755.05631696624,-1.4769169662395143,f,minimum_078
1119,29.0,-,34,46753.6694,2,3,-1.0,0.0,-1.0,1.0,46755.12661464638,-1.4572146463833633,e,minimum_078
1120,29.0,+,5,47502.3194,2,4,-1.0,0.0,-1.0,1.0,47508.349300804075,-6.029900804074714,f,minimum_078
1121,29.0,-,35,47502.3794,2,4,-1.0,0.0,-1.0,1.0,47508.41846449581,-6.0390644958097255,e,minimum_078
1122,29.0,+,6,48237.6194,2,5,-1.0,0.0,-1.0,1.0,48237.77086228748,-0.15146228747471469,f,minimum_078
1123,29.0,-,36,48237.58,2,5,-1.0,0.0,-1.0,1.0,48237.83836072334,-0.2583607233391376,e,minimum_078
1124,29.0,+,7,48958.9394,2,6,-1.0,0.0,-1.0,1.0,48931.40569039814,27.533709601862938,f,minimum_078
1125,29.0,-,37,48959.2194,2,6,-1.0,0.0,-1.0,1.0,48931.470593875136,27.74880612486595,e,minimum_078
1126,30.0,-,1,44463.2894,2,0,-1.0,0.0,-1.0,1.0,44463.40964465987,-0.12024465986905852,f,minimum_078
1127,30.0,+,31,44463.3294,2,0,-1.0,0.0,-1.0,1.0,44463.487081776264,-0.1576817762615974,e,minimum_078
1128,30.0,-,2,45250.0194,2,1,-1.0,0.0,-1.0,1.0,45242.13868380947,7.880716190527892,f,minimum_078
1129,30.0,+,32,45250.0794,2,1,-1.0,0.0,-1.0,1.0,45242.215376655455,7.864023344547604,e,minimum_078
1130,30.0,-,3,46024.2194,2,2,-1.0,0.0,-1.0,1.0,46018.93237608549,5.287023914512247,f,minimum_078
1131,30.0,+,33,46024.2794,2,2,-1.0,0.0,-1.0,1.0,46019.00834958177,5.271050418232335,e,minimum_078
1132,30.0,-,4,46785.6894,2,3,-1.0,0.0,-1.0,1.0,46787.32138932841,-1.631989328408963,f,minimum_078
1133,30.0,+,34,46785.7794,2,3,-1.0,0.0,-1.0,1.0,46787.39648163762,-1.6170816376179573,e,minimum_078
1134,30.0,-,5,47534.0794,2,4,-1.0,0.0,-1.0,1.0,47540.258232234846,-6.178832234843867,f,minimum_078
1135,30.0,+,35,47534.1594,2,4,-1.0,0.0,-1.0,1.0,47540.33210784218,-6.172707842182717,e,minimum_078
1136,30.0,-,6,48269.0394,2,5,-1.0,0.0,-1.0,1.0,48269.22110200673,-0.18170200673193904,f,minimum_078
1137,30.0,+,36,48269.03,2,5,-1.0,0.0,-1.0,1.0,48269.29318951073,-0.26318951073335484,e,minimum_078
1138,30.0,-,7,48990.0094,2,6,-1.0,0.0,-1.0,1.0,48962.21202176392,27.797378236085933,f,minimum_078
1139,30.0,+,37,48990.2894,2,6,-1.0,0.0,-1.0,1.0,48962.281319579844,28.008080420157057,e,minimum_078
1140,31.0,+,1,44497.4794,2,0,-1.0,0.0,-1.0,1.0,44497.617278750105,-0.13787875010893913,f,minimum_078
1141,31.0,-,31,44497.5394,2,0,-1.0,0.0,-1.0,1.0,44497.699820025264,-0.16042002526228316,e,minimum_078
1142,31.0,+,2,45283.8994,2,1,-1.0,0.0,-1.0,1.0,45276.05913438685,7.840265613151132,f,minimum_078
1143,31.0,-,32,45283.9494,2,1,-1.0,0.0,-1.0,1.0,45276.140884072796,7.80851592720137,e,minimum_078
1144,31.0,+,3,46057.7294,2,2,-1.0,0.0,-1.0,1.0,46052.57249368707,5.156906312928186,f,minimum_078
1145,31.0,-,33,46057.8094,2,2,-1.0,0.0,-1.0,1.0,46052.6534756882,5.155924311795388,e,minimum_078
1146,31.0,+,4,46818.8794,2,3,-1.0,0.0,-1.0,1.0,46820.65342929158,-1.7740292915841565,f,minimum_078
1147,31.0,-,34,46818.9394,2,3,-1.0,0.0,-1.0,1.0,46820.73346880411,-1.7940688041053363,e,minimum_078
1148,31.0,+,5,47566.3194,2,4,-1.0,0.0,-1.0,1.0,47573.22138690263,-6.901986902630597,f,minimum_078
1149,31.0,-,35,47566.9794,2,4,-1.0,0.0,-1.0,1.0,47573.30012360443,-6.320723604432715,e,minimum_078
1150,31.0,+,6,48301.4994,2,5,-1.0,0.0,-1.0,1.0,48301.7086738306,-0.2092738306018873,f,minimum_078
1151,31.0,-,36,48301.49,2,5,-1.0,0.0,-1.0,1.0,48301.78549434094,-0.29549434094224125,e,minimum_078
1152,31.0,+,7,49022.1194,2,6,-1.0,0.0,-1.0,1.0,48994.03094658075,28.08845341925189,f,minimum_078
1153,31.0,-,37,49022.4094,2,6,-1.0,0.0,-1.0,1.0,48994.10477386728,28.304626132718113,e,minimum_078
1154,32.0,-,1,44532.7794,2,0,-1.0,0.0,-1.0,1.0,44532.91954225694,-0.14014225693972548,f,minimum_078
1155,32.0,+,31,44532.8494,2,0,-1.0,0.0,-1.0,1.0,44533.00734472355,-0.1579447235490079,e,minimum_078
1156,32.0,-,2,45318.8294,2,1,-1.0,0.0,-1.0,1.0,45311.06526415269,7.764135847311991,f,minimum_078
1157,32.0,+,32,45318.8794,2,1,-1.0,0.0,-1.0,1.0,45311.15222648565,7.727173514351307,e,minimum_078
1158,32.0,-,3,46092.3394,2,2,-1.0,0.0,-1.0,1.0,46087.289147532676,5.0502524673211155,f,minimum_078
1159,32.0,+,33,46092.3994,2,2,-1.0,0.0,-1.0,1.0,46087.375292228746,5.02410777125624,e,minimum_078
1160,32.0,-,4,46853.0994,2,3,-1.0,0.0,-1.0,1.0,46855.051593129625,-1.9521931296258117,f,minimum_078
1161,32.0,+,34,46853.1994,2,3,-1.0,0.0,-1.0,1.0,46855.13673170715,-1.9373317071513156,e,minimum_078
1162,32.0,-,5,47600.7594,2,4,-1.0,0.0,-1.0,1.0,47607.237829298174,-6.47842929817125,f,minimum_078
1163,32.0,-,5,47600.8594,2,4,-1.0,0.0,-1.0,1.0,47607.237829298174,-6.378429298172705,f,minimum_078
1164,32.0,-,6,48334.9794,2,5,-1.0,0.0,-1.0,1.0,48335.232471401134,-0.25307140113727655,f,minimum_078
1165,32.0,+,36,48334.99,2,5,-1.0,0.0,-1.0,1.0,48335.31416794955,-0.3241679495549761,e,minimum_078
1166,32.0,-,7,49055.2494,2,6,-1.0,0.0,-1.0,1.0,49026.86099737937,28.388402620628767,f,minimum_078
1167,32.0,+,37,49055.5294,2,6,-1.0,0.0,-1.0,1.0,49026.93948809476,28.589911905241024,e,minimum_078
1168,33.0,+,1,44569.1794,2,0,-1.0,0.0,-1.0,1.0,44569.31559294608,-0.13619294607633492,f,minimum_078
1169,33.0,-,31,44569.2494,2,0,-1.0,0.0,-1.0,1.0,44569.40881291674,-0.15941291674243985,e,minimum_078
1170,33.0,+,2,45354.8694,2,1,-1.0,0.0,-1.0,1.0,45347.15626097004,7.713139029961894,f,minimum_078
1171,33.0,-,32,45354.9394,2,1,-1.0,0.0,-1.0,1.0,45347.24859106515,7.690808934850793,e,minimum_078
1172,33.0,+,3,46127.9994,2,2,-1.0,0.0,-1.0,1.0,46123.081514407975,4.917885592025414,f,minimum_078
1173,33.0,-,33,46128.0894,2,2,-1.0,0.0,-1.0,1.0,46123.172975289956,4.9164247100416105,e,minimum_078
1174,33.0,+,4,46888.3994,2,3,-1.0,0.0,-1.0,1.0,46890.5150091692,-2.1156091691955226,f,minimum_078
1175,33.0,-,34,46888.4994,2,3,-1.0,0.0,-1.0,1.0,46890.605397938125,-2.1059979381243465,e,minimum_078
1176,33.0,+,5,47635.6894,2,4,-1.0,0.0,-1.0,1.0,47642.30659199881,-6.617191998804628,f,minimum_078
1177,33.0,-,35,47635.7594,2,4,-1.0,0.0,-1.0,1.0,47642.39549527768,-6.6360952776740305,e,minimum_078
1178,33.0,+,6,48369.5194,2,5,-1.0,0.0,-1.0,1.0,48369.79134862063,-0.2719486206333386,f,minimum_078
1179,33.0,-,36,48369.52,2,5,-1.0,0.0,-1.0,1.0,48369.87806329984,-0.3580632998418878,e,minimum_078
1180,33.0,+,7,49089.4094,2,6,-1.0,0.0,-1.0,1.0,49060.70064825005,28.708751749945804,f,minimum_078
1181,33.0,-,37,49089.6394,2,6,-1.0,0.0,-1.0,1.0,49060.78393513093,28.855464869069692,e,minimum_078
1182,34.0,-,1,44606.6494,2,0,-1.0,0.0,-1.0,1.0,44606.80456225897,-0.15516225896863034,f,minimum_078
1183,34.0,+,31,44606.7294,2,0,-1.0,0.0,-1.0,1.0,44606.90335530463,-0.17395530463545583,e,minimum_078
1184,34.0,-,2,45391.9694,2,1,-1.0,0.0,-1.0,1.0,45384.3312873309,7.638112669104885,f,minimum_078
1185,34.0,+,32,45392.0394,2,1,-1.0,0.0,-1.0,1.0,45384.42913959106,7.610260408939212,e,minimum_078
1186,34.0,-,3,46164.7194,2,2,-1.0,0.0,-1.0,1.0,46159.948745121845,4.770654878157075,f,minimum_078
1187,34.0,+,33,46164.8094,2,2,-1.0,0.0,-1.0,1.0,46160.04567496085,4.763725039148994,e,minimum_078
1188,34.0,-,4,46924.7394,2,3,-1.0,0.0,-1.0,1.0,46927.04277770928,-2.3033777092787204,f,minimum_078
1189,34.0,+,34,46924.8394,2,3,-1.0,0.0,-1.0,1.0,46927.13856703791,-2.2991670379124116,e,minimum_078
1190,34.0,-,5,47671.6194,2,4,-1.0,0.0,-1.0,1.0,47678.42667548001,-6.807275480008684,f,minimum_078
1191,34.0,+,35,47671.7294,2,4,-1.0,0.0,-1.0,1.0,47678.52088260145,-6.791482601453026,e,minimum_078
1192,34.0,-,6,48405.0794,2,5,-1.0,0.0,-1.0,1.0,48405.38411920264,-0.3047192026351695,f,minimum_078
1193,34.0,+,36,48405.11,2,5,-1.0,0.0,-1.0,1.0,48405.47599313367,-0.365993133666052,e,minimum_078
1194,34.0,-,7,49124.5794,2,6,-1.0,0.0,-1.0,1.0,49095.54831352867,29.031086471331946,f,minimum_078
1195,34.0,+,37,49124.8294,2,6,-1.0,0.0,-1.0,1.0,49095.6365280403,29.19287195970537,e,minimum_078
1196,35.0,+,1,44645.2294,2,0,-1.0,0.0,-1.0,1.0,44645.385555313405,-0.15615531340881716,f,minimum_078
1197,35.0,-,31,44645.3194,2,0,-1.0,0.0,-1.0,1.0,44645.49007624188,-0.17067624187620822,e,minimum_078
1198,35.0,+,2,45430.1694,2,1,-1.0,0.0,-1.0,1.0,45422.58948035382,7.579919646181224,f,minimum_078
1199,35.0,-,32,45430.2494,2,1,-1.0,0.0,-1.0,1.0,45422.69300844863,7.556391551370325,e,minimum_078
1200,35.0,+,3,46202.5394,2,2,-1.0,0.0,-1.0,1.0,46197.88996447693,4.64943552306795,f,minimum_078
1201,35.0,-,33,46202.6394,2,2,-1.0,0.0,-1.0,1.0,46197.99251530253,4.646884697467613,e,minimum_078
1202,35.0,+,4,46962.1594,2,3,-1.0,0.0,-1.0,1.0,46964.633970937204,-2.474570937207318,f,minimum_078
1203,35.0,-,34,46962.2594,2,3,-1.0,0.0,-1.0,1.0,46964.73531041239,-2.475910412387748,e,minimum_078
1204,35.0,+,5,47708.6694,2,4,-1.0,0.0,-1.0,1.0,47715.59704791699,-6.92764791699301,f,minimum_078
1205,35.0,-,35,47708.6694,2,4,-1.0,0.0,-1.0,1.0,47715.6967047798,-7.027304779803671,e,minimum_078
1206,35.0,+,6,48441.6894,2,5,-1.0,0.0,-1.0,1.0,48442.00955619841,-0.320156198409677,f,minimum_078
1207,35.0,-,36,48441.69,2,5,-1.0,0.0,-1.0,1.0,48442.106729497165,-0.41672949716303265,e,minimum_078
1208,35.0,+,7,49160.7794,2,6,-1.0,0.0,-1.0,1.0,49131.402346392984,29.377053607015114,f,minimum_078
1209,35.0,-,37,49160.9994,2,6,-1.0,0.0,-1.0,1.0,49131.49561867759,29.50378132241167,e,minimum_078
1210,36.0,-,1,44684.8794,2,0,-1.0,0.0,-1.0,1.0,44685.05765090591,-0.17825090591213666,f,minimum_078
1211,36.0,+,31,44685.0094,2,0,-1.0,0.0,-1.0,1.0,44685.168053740665,-0.15865374066197546,e,minimum_078
1212,36.0,-,2,45469.4394,2,1,-1.0,0.0,-1.0,1.0,45461.92995178056,7.509448219439946,f,minimum_078
1213,36.0,+,32,45469.5494,2,1,-1.0,0.0,-1.0,1.0,45462.03930862566,7.5100913743444835,e,minimum_078
1214,36.0,-,3,46241.3994,2,2,-1.0,0.0,-1.0,1.0,46236.904271238214,4.495128761787782,f,minimum_078
1215,36.0,+,33,46241.5094,2,2,-1.0,0.0,-1.0,1.0,46237.01259431729,4.496805682712875,e,minimum_078
1216,36.0,-,4,47000.6194,2,3,-1.0,0.0,-1.0,1.0,47003.28763283871,-2.6682328387032612,f,minimum_078
1217,36.0,+,34,47000.7494,2,3,-1.0,0.0,-1.0,1.0,47003.394671243106,-2.645271243105526,e,minimum_078
1218,36.0,-,5,47746.7094,2,4,-1.0,0.0,-1.0,1.0,47753.816644976614,-7.107244976614311,f,minimum_078
1219,36.0,+,35,47746.8194,2,4,-1.0,0.0,-1.0,1.0,47753.92189659349,-7.102496593492106,e,minimum_078
1220,36.0,-,6,48479.3194,2,5,-1.0,0.0,-1.0,1.0,48479.666391496634,-0.34699149663356366,f,minimum_078
1221,36.0,+,36,48479.35,2,5,-1.0,0.0,-1.0,1.0,48479.76900324012,-0.4190032401238568,e,minimum_078
1222,36.0,-,7,49197.9994,2,6,-1.0,0.0,-1.0,1.0,49168.261037360644,29.738362639356637,f,minimum_078
1223,36.0,+,37,49198.2294,2,6,-1.0,0.0,-1.0,1.0,49168.35949618514,29.869903814855206,e,minimum_078
1224,37.0,+,1,44725.6594,2,0,-1.0,0.0,-1.0,1.0,44725.819901512914,-0.1605015129171079,f,minimum_078
1225,37.0,-,31,44725.7494,2,0,-1.0,0.0,-1.0,1.0,44725.93633947127,-0.18693947127030697,e,minimum_078
1226,37.0,+,2,45509.7994,2,1,-1.0,0.0,-1.0,1.0,45502.35178797307,7.447612026931893,f,minimum_078
1227,37.0,-,32,45509.8794,2,1,-1.0,0.0,-1.0,1.0,45502.467125709816,7.412274290181813,e,minimum_078
1228,37.0,+,3,46281.3594,2,2,-1.0,0.0,-1.0,1.0,46276.99073809916,4.3686619008440175,f,minimum_078
1229,37.0,-,33,46281.4494,2,2,-1.0,0.0,-1.0,1.0,46277.10498391478,4.344416085215926,e,minimum_078
1230,37.0,+,4,47040.1594,2,3,-1.0,0.0,-1.0,1.0,47043.002779104674,-2.8433791046772967,f,minimum_078
1231,37.0,-,34,47040.2694,2,3,-1.0,0.0,-1.0,1.0,47043.11566439347,-2.8462643934690277,e,minimum_078
1232,37.0,+,5,47785.8294,2,4,-1.0,0.0,-1.0,1.0,47793.084369597884,-7.254969597881427,f,minimum_078
1233,37.0,-,35,47785.9294,2,4,-1.0,0.0,-1.0,1.0,47793.19536006857,-7.265960068565619,e,minimum_078
1234,37.0,+,6,48518.0194,2,5,-1.0,0.0,-1.0,1.0,48518.353315294524,-0.3339152945263777,f,minimum_078
1235,37.0,-,36,48518.02,2,5,-1.0,0.0,-1.0,1.0,48518.4615034867,-0.44150348670518724,e,minimum_078
1236,37.0,+,7,49236.2594,2,6,-1.0,0.0,-1.0,1.0,49206.12261268352,30.136787316485425,f,minimum_078
1237,37.0,-,37,49236.4494,2,6,-1.0,0.0,-1.0,1.0,49206.22638538462,30.223014615374268,e,minimum_078
1238,38.0,-,1,44767.4694,2,0,-1.0,0.0,-1.0,1.0,44767.671333293416,-0.20193329341418575,f,minimum_078
1239,38.0,+,31,44767.6294,2,0,-1.0,0.0,-1.0,1.0,44767.793958765214,-0.1645587652164977,e,minimum_078
1240,38.0,-,2,45551.1994,2,1,-1.0,0.0,-1.0,1.0,45543.85404990901,7.345350090989086,f,minimum_078
1241,38.0,+,32,45551.3394,2,1,-1.0,0.0,-1.0,1.0,45543.97551988333,7.363880116667133,e,minimum_078
1242,38.0,-,3,46322.3294,2,2,-1.0,0.0,-1.0,1.0,46318.14841164622,4.180988353778957,f,minimum_078
1243,38.0,+,33,46322.4894,2,2,-1.0,0.0,-1.0,1.0,46318.268729876356,4.220670123642776,e,minimum_078
1244,38.0,-,4,47080.7094,2,3,-1.0,0.0,-1.0,1.0,47083.778397032045,-3.068997032045445,f,minimum_078
1245,38.0,+,34,47080.8894,2,3,-1.0,0.0,-1.0,1.0,47083.89727630999,-3.0078763099882053,e,minimum_078
1246,38.0,-,5,47825.9594,2,4,-1.0,0.0,-1.0,1.0,47833.3990917613,-7.439691761297581,f,minimum_078
1247,38.0,+,35,47826.0894,2,4,-1.0,0.0,-1.0,1.0,47833.51596424648,-7.4265642464815755,e,minimum_078
1248,38.0,-,6,48557.7094,2,5,-1.0,0.0,-1.0,1.0,48558.06897554038,-0.3595755403803196,f,minimum_078
1249,38.0,+,36,48557.76,2,5,-1.0,0.0,-1.0,1.0,48558.182877076935,-0.42287707693321863,e,minimum_078
1250,38.0,-,7,49275.4894,2,6,-1.0,0.0,-1.0,1.0,49244.9852326281,30.504167371895164,f,minimum_078
1251,38.0,+,37,49275.7294,2,6,-1.0,0.0,-1.0,1.0,49245.09444505579,30.634954944209312,e,minimum_078
1252,39.0,+,1,44810.4294,2,0,-1.0,0.0,-1.0,1.0,44810.6109460908,-0.18154609079647344,f,minimum_078
1253,39.0,-,31,44810.5494,2,0,-1.0,0.0,-1.0,1.0,44810.7399106177,-0.19051061770005617,e,minimum_078
1254,39.0,+,2,45593.7294,2,1,-1.0,0.0,-1.0,1.0,45586.43577317718,7.293626822814986,f,minimum_078
1255,39.0,-,32,45593.8194,2,1,-1.0,0.0,-1.0,1.0,45586.56352591987,7.255874080132344,e,minimum_078
1256,39.0,+,3,46364.4394,2,2,-1.0,0.0,-1.0,1.0,46360.37631232063,4.063087679372984,f,minimum_078
1257,39.0,-,33,46364.5494,2,2,-1.0,0.0,-1.0,1.0,46360.50285181714,4.046548182865081,e,minimum_078
1258,39.0,+,4,47122.3694,2,3,-1.0,0.0,-1.0,1.0,47125.613445420124,-3.2440454201205284,f,minimum_078
1259,39.0,-,34,47122.5094,2,3,-1.0,0.0,-1.0,1.0,47125.73846491838,-3.229064918377844,e,minimum_078
1260,39.0,+,5,47867.1694,2,4,-1.0,0.0,-1.0,1.0,47874.759648247185,-7.590248247186537,f,minimum_078
1261,39.0,-,35,47867.2594,2,4,-1.0,0.0,-1.0,1.0,47874.882544940265,-7.6231449402621365,e,minimum_078
1262,39.0,+,6,48598.4794,2,5,-1.0,0.0,-1.0,1.0,48598.81197734381,-0.3325773438118631,f,minimum_078
1263,39.0,-,36,48598.46,2,5,-1.0,0.0,-1.0,1.0,48598.93172797756,-0.4717279775577481,e,minimum_078
1264,39.0,+,7,49315.8194,2,6,-1.0,0.0,-1.0,1.0,49284.84698963281,30.972410367190605,f,minimum_078
1265,39.0,-,37,49315.9894,2,6,-1.0,0.0,-1.0,1.0,49284.96176609197,31.02763390803011,e,minimum_078
1266,40.0,-,1,44854.4094,2,0,-1.0,0.0,-1.0,1.0,44854.63771343619,-0.22831343619327527,f,minimum_078
1267,40.0,+,31,44854.6094,2,0,-1.0,0.0,-1.0,1.0,44854.773167690495,-0.16376769049384166,e,minimum_078
1268,40.0,-,2,45637.2794,2,1,-1.0,0.0,-1.0,1.0,45630.09596797197,7.183432028032257,f,minimum_078
1269,40.0,+,32,45637.4594,2,1,-1.0,0.0,-1.0,1.0,45630.23015317755,7.229246822447749,e,minimum_078
1270,40.0,-,3,46407.5594,2,2,-1.0,0.0,-1.0,1.0,46403.67343437844,3.8859656215572613,f,minimum_078
1271,40.0,+,33,46407.7294,2,2,-1.0,0.0,-1.0,1.0,46403.806343145836,3.923056854160677,e,minimum_078
1272,40.0,-,4,47165.0294,2,3,-1.0,0.0,-1.0,1.0,47168.506854460844,-3.4774544608444558,f,minimum_078
1273,40.0,+,34,47165.2294,2,3,-1.0,0.0,-1.0,1.0,47168.63815951428,-3.408759514284611,e,minimum_078
1274,40.0,-,5,47909.3694,2,4,-1.0,0.0,-1.0,1.0,47917.16484238034,-7.7954423803385,f,minimum_078
1275,40.0,+,35,47909.5194,2,4,-1.0,0.0,-1.0,1.0,47917.29390448124,-7.774504481240001,e,minimum_078
1276,40.0,-,6,48640.2194,2,5,-1.0,0.0,-1.0,1.0,48640.58088235413,-0.36148235412838403,f,minimum_078
1277,40.0,+,36,48640.3894,2,5,-1.0,0.0,-1.0,1.0,48640.70661665863,-0.3172166586300591,e,minimum_078
1278,40.0,-,7,49357.0594,2,6,-1.0,0.0,-1.0,1.0,49325.70590633301,31.35349366698938,f,minimum_078
1279,40.0,+,37,49357.2994,2,6,-1.0,0.0,-1.0,1.0,49325.82636952302,31.473030476983695,e,minimum_078
1280,41.0,+,1,44899.5394,2,0,-1.0,0.0,-1.0,1.0,44899.7505825518,-0.21118255180044798,f,minimum_078
1281,41.0,-,31,44899.6994,2,0,-1.0,0.0,-1.0,1.0,44899.89267631478,-0.19327631478518015,e,minimum_078
1282,41.0,+,2,45681.9694,2,1,-1.0,0.0,-1.0,1.0,45674.833619086596,7.135780913406052,f,minimum_078
1283,41.0,-,32,45662.0794,2,1,-1.0,0.0,-1.0,0.0,45674.97438559364,-12.894985593637102,e,minimum_078
1284,41.0,+,3,46451.7794,2,2,-1.0,0.0,-1.0,1.0,46448.03874584692,3.7406541530799586,f,minimum_078
1285,41.0,-,33,46451.9094,2,2,-1.0,0.0,-1.0,1.0,46448.17817102106,3.731228978933359,e,minimum_078
1286,41.0,+,4,47208.7894,2,3,-1.0,0.0,-1.0,1.0,47212.45752562486,-3.6681256248557474,f,minimum_078
1287,41.0,-,34,47208.9494,2,3,-1.0,0.0,-1.0,1.0,47212.595260647744,-3.6458606477463036,e,minimum_078
1288,41.0,+,5,47952.6794,2,4,-1.0,0.0,-1.0,1.0,47960.61344376282,-7.934043762819783,f,minimum_078
1289,41.0,-,35,47952.7094,2,4,-1.0,0.0,-1.0,1.0,47960.74881145009,-8.039411450088664,e,minimum_078
1290,41.0,+,6,48683.0094,2,5,-1.0,0.0,-1.0,1.0,48683.37420810211,-0.36480810210923664,f,minimum_078
1291,41.0,-,36,48683.1694,2,5,-1.0,0.0,-1.0,1.0,48683.506059435495,-0.336659435495676,e,minimum_078
1292,41.0,+,7,49399.3994,2,6,-1.0,0.0,-1.0,1.0,49367.55993343975,31.83946656025364,f,minimum_078
1293,41.0,-,37,49399.5994,2,6,-1.0,0.0,-1.0,1.0,49367.68620439063,31.913195609369723,e,minimum_078
1294,42.0,-,1,44945.7294,2,0,-1.0,0.0,-1.0,1.0,44945.94847435443,-0.21907435443426948,f,minimum_078
1295,42.0,+,31,44945.9194,2,0,-1.0,0.0,-1.0,1.0,44946.097356496764,-0.17795649676554604,e,minimum_078
1296,42.0,-,2,45727.6794,2,1,-1.0,0.0,-1.0,1.0,45720.647685906064,7.031714093936898,f,minimum_078
1297,42.0,+,32,45727.8594,2,1,-1.0,0.0,-1.0,1.0,45720.795181676425,7.064218323575915,e,minimum_078
1298,42.0,-,3,46497.0194,2,2,-1.0,0.0,-1.0,1.0,46493.471188479896,3.5482115201011766,f,minimum_078
1299,42.0,+,33,46497.2094,2,2,-1.0,0.0,-1.0,1.0,46493.61727630749,3.592123692513269,e,minimum_078
1300,42.0,-,4,47253.5694,2,3,-1.0,0.0,-1.0,1.0,47257.46433153939,-3.8949315393911093,f,minimum_078
1301,42.0,+,34,47253.7794,2,3,-1.0,0.0,-1.0,1.0,47257.60864000342,-3.8292400034188177,e,minimum_078
1302,42.0,-,5,47996.9494,2,4,-1.0,0.0,-1.0,1.0,48005.104187992794,-8.154787992796628,f,minimum_078
1303,42.0,+,35,47996.5994,2,4,-1.0,0.0,-1.0,1.0,48005.246000396044,-8.64660039604496,e,minimum_078
1304,42.0,-,6,48726.8194,2,5,-1.0,0.0,-1.0,1.0,48727.19042730616,-0.3710273061587941,f,minimum_078
1305,42.0,+,36,48727.0294,2,5,-1.0,0.0,-1.0,1.0,48727.328527773156,-0.29912777315621497,e,minimum_078
1306,42.0,-,7,49442.6894,2,6,-1.0,0.0,-1.0,1.0,49410.40694746129,32.28245253871137,f,minimum_078
1307,42.0,+,37,49442.9694,2,6,-1.0,0.0,-1.0,1.0,49410.53914546881,32.430254531194805,e,minimum_078
1308,43.0,+,1,44993.0194,2,0,-1.0,0.0,-1.0,1.0,44993.230283459714,-0.21088345971656963,f,minimum_078
1309,43.0,-,31,44993.1794,2,0,-1.0,0.0,-1.0,1.0,44993.38610191917,-0.20670191916724434,e,minimum_078
1310,43.0,+,2,45774.4994,2,1,-1.0,0.0,-1.0,1.0,45767.537102399,6.962297600999591,f,minimum_078
1311,43.0,-,32,45774.6194,2,1,-1.0,0.0,-1.0,1.0,45767.69147449788,6.927925502124708,e,minimum_078
1312,43.0,+,3,46543.3694,2,2,-1.0,0.0,-1.0,1.0,46539.96967770894,3.399722291062062,f,minimum_078
1313,43.0,-,33,46543.5094,2,2,-1.0,0.0,-1.0,1.0,46540.12257352615,3.3868264738557627,e,minimum_078
1314,43.0,+,4,47299.4394,2,3,-1.0,0.0,-1.0,1.0,47303.526115862274,-4.086715862271376,f,minimum_078
1315,43.0,-,34,47299.5994,2,3,-1.0,0.0,-1.0,1.0,47303.677140272564,-4.077740272565279,e,minimum_078
1316,43.0,+,5,48042.3494,2,4,-1.0,0.0,-1.0,1.0,48050.63577636894,-8.286376368938363,f,minimum_078
1317,43.0,-,35,48042.6694,2,4,-1.0,0.0,-1.0,1.0,48050.7841715409,-8.114771540902439,e,minimum_078
1318,43.0,+,6,48771.6794,2,5,-1.0,0.0,-1.0,1.0,48772.02796713787,-0.3485671378657571,f,minimum_078
1319,43.0,-,36,48771.8594,2,5,-1.0,0.0,-1.0,1.0,48772.17244755279,-0.3130475527868839,e,minimum_078
1320,43.0,+,7,49487.0594,2,6,-1.0,0.0,-1.0,1.0,49454.244748251134,32.81465174886398,f,minimum_078
1321,43.0,-,37,49487.2894,2,6,-1.0,0.0,-1.0,1.0,49454.38299080768,32.90640919232101,e,minimum_078
1322,44.0,-,1,45041.3594,2,0,-1.0,0.0,-1.0,1.0,45041.59487818699,-0.23547818698716583,f,minimum_078
1323,44.0,+,31,45041.5794,2,0,-1.0,0.0,-1.0,1.0,45041.7577799491,-0.17837994909496047,e,minimum_078
1324,44.0,-,2,45822.3494,2,1,-1.0,0.0,-1.0,1.0,45815.50077710821,6.848622891790001,f,minimum_078
1325,44.0,+,32,45822.5594,2,1,-1.0,0.0,-1.0,1.0,45815.662171684045,6.897228315952816,e,minimum_078
1326,44.0,-,3,46590.7294,2,2,-1.0,0.0,-1.0,1.0,46587.533102592715,3.196297407281236,f,minimum_078
1327,44.0,+,33,46590.9394,2,2,-1.0,0.0,-1.0,1.0,46587.69295080419,3.24644919581624,e,minimum_078
1328,44.0,-,4,47346.3194,2,3,-1.0,0.0,-1.0,1.0,47350.641693148216,-4.3222931482159765,f,minimum_078
1329,44.0,+,34,47346.5394,2,3,-1.0,0.0,-1.0,1.0,47350.79957502007,-4.2601750200701645,e,minimum_078
1330,44.0,-,5,48088.7094,2,4,-1.0,0.0,-1.0,1.0,48097.20687558007,-8.497475580072205,f,minimum_078
1331,44.0,+,35,48089.0294,2,4,-1.0,0.0,-1.0,1.0,48097.36199046866,-8.332590468657145,e,minimum_078
1332,44.0,-,6,48817.5394,2,5,-1.0,0.0,-1.0,1.0,48817.88520844604,-0.3458084460362443,f,minimum_078
1333,44.0,+,36,48817.7794,2,5,-1.0,0.0,-1.0,1.0,48818.0361982938,-0.25679829379805597,e,minimum_078
1334,44.0,-,7,49532.3894,2,6,-1.0,0.0,-1.0,1.0,49499.07105636706,33.31834363294183,f,minimum_078
1335,44.0,+,37,49532.6894,2,6,-1.0,0.0,-1.0,1.0,49499.215459089544,33.47394091045862,e,minimum_078
1336,45.0,+,1,45090.8194,2,0,-1.0,0.0,-1.0,1.0,45091.04110056433,-0.2217005643324228,f,minimum_078
1337,45.0,-,31,45090.9994,2,0,-1.0,0.0,-1.0,1.0,45091.211231641006,-0.2118316410051193,e,minimum_078
1338,45.0,+,2,45871.3194,2,1,-1.0,0.0,-1.0,1.0,45864.53759314041,6.7818068595879595,f,minimum_078
1339,45.0,-,32,45871.4994,2,1,-1.0,0.0,-1.0,1.0,45864.70615540484,6.793244595159194,e,minimum_078
1340,45.0,+,3,46639.1994,2,2,-1.0,0.0,-1.0,1.0,46636.16032576228,3.0390742377203424,f,minimum_078
1341,45.0,-,33,46639.3794,2,2,-1.0,0.0,-1.0,1.0,46636.32726982001,3.0521301799890352,e,minimum_078
1342,45.0,+,4,47394.2794,2,3,-1.0,0.0,-1.0,1.0,47398.80984870834,-4.530448708341282,f,minimum_078
1343,45.0,-,34,47394.4594,2,3,-1.0,0.0,-1.0,1.0,47398.974728544075,-4.515328544075601,e,minimum_078
1344,45.0,+,5,48136.1494,2,4,-1.0,0.0,-1.0,1.0,48144.816117378614,-8.666717378611793,f,minimum_078
1345,45.0,-,35,48136.3994,2,4,-1.0,0.0,-1.0,1.0,48144.97808779853,-8.578687798530154,e,minimum_078
1346,45.0,+,6,48864.4594,2,5,-1.0,0.0,-1.0,1.0,48864.76048493644,-0.3010849364436581,f,minimum_078
1347,45.0,-,36,48864.6394,2,5,-1.0,0.0,-1.0,1.0,48864.918112332656,-0.27871233265614137,e,minimum_078
1348,45.0,+,7,49578.7594,2,6,-1.0,0.0,-1.0,1.0,49544.883510221014,33.875889778988494,f,minimum_078
1349,45.0,-,37,49579.0194,2,6,-1.0,0.0,-1.0,1.0,49545.03418677652,33.98521322348097,e,minimum_078
1350,46.0,-,1,45141.3194,2,0,-1.0,0.0,-1.0,1.0,45141.5677663342,-0.2483663341990905,f,minimum_078
1351,46.0,+,31,45141.5594,2,0,-1.0,0.0,-1.0,1.0,45141.74527174358,-0.18587174358253833,e,minimum_078
1352,46.0,-,2,45921.3094,2,1,-1.0,0.0,-1.0,1.0,45914.646408155015,6.66299184498348,f,minimum_078
1353,46.0,+,32,45921.5394,2,1,-1.0,0.0,-1.0,1.0,45914.82228236284,6.717117637163028,e,minimum_078
1354,46.0,-,3,46688.6894,2,2,-1.0,0.0,-1.0,1.0,46685.85018336415,2.839216635853518,f,minimum_078
1355,46.0,+,33,46688.9194,2,2,-1.0,0.0,-1.0,1.0,46686.02436574685,2.89503425314615,e,minimum_078
1356,46.0,-,4,47443.2394,2,3,-1.0,0.0,-1.0,1.0,47448.029338463486,-4.789938463487488,f,minimum_078
1357,46.0,+,34,47443.4894,2,3,-1.0,0.0,-1.0,1.0,47448.20135572861,-4.711955728613248,e,minimum_078
1358,46.0,-,5,48184.5894,2,4,-1.0,0.0,-1.0,1.0,48193.46209823824,-8.872698238243174,f,minimum_078
1359,46.0,+,35,48184.8694,2,4,-1.0,0.0,-1.0,1.0,48193.63105884205,-8.761658842049656,e,minimum_078
1360,46.0,-,6,48912.3594,2,5,-1.0,0.0,-1.0,1.0,48912.65208230349,-0.29268230348679936,f,minimum_078
1361,46.0,+,36,48912.5894,2,5,-1.0,0.0,-1.0,1.0,48912.81647395404,-0.2270739540399518,e,minimum_078
1362,46.0,-,7,49626.0894,2,6,-1.0,0.0,-1.0,1.0,49591.679663000315,34.40973699968163,f,minimum_078
1363,46.0,+,37,49626.4694,2,6,-1.0,0.0,-1.0,1.0,49591.836725025845,34.632674974156544,e,minimum_078
1364,47.0,+,1,45192.9394,2,0,-1.0,0.0,-1.0,1.0,45193.173664960355,-0.23426496035244782,f,minimum_078
1365,47.0,-,31,45193.1494,2,0,-1.0,0.0,-1.0,1.0,45193.3586887066,-0.20928870659554377,e,minimum_078
1366,47.0,+,2,45972.4294,2,1,-1.0,0.0,-1.0,1.0,45965.826054351004,6.603345648996765,f,minimum_078
1367,47.0,-,32,45972.6194,2,1,-1.0,0.0,-1.0,1.0,45966.00938378054,6.610016219463432,e,minimum_078
1368,47.0,+,3,46739.2694,2,2,-1.0,0.0,-1.0,1.0,46736.60148499928,2.6679150007184944,f,minimum_078
1369,47.0,-,33,46739.4594,2,2,-1.0,0.0,-1.0,1.0,46736.78304719163,2.6763528083683923,e,minimum_078
1370,47.0,+,4,47493.2794,2,3,-1.0,0.0,-1.0,1.0,47498.298888789075,-5.0194887890756945,f,minimum_078
1371,47.0,-,34,47493.4894,2,3,-1.0,0.0,-1.0,1.0,47498.478181888866,-4.988781888867379,e,minimum_078
1372,47.0,+,5,48234.1194,2,4,-1.0,0.0,-1.0,1.0,48243.143378993125,-9.023978993122,f,minimum_078
1373,47.0,-,35,48234.3494,2,4,-1.0,0.0,-1.0,1.0,48243.319463242624,-8.970063242624747,e,minimum_078
1374,47.0,+,6,48961.3194,2,5,-1.0,0.0,-1.0,1.0,48961.5582373112,-0.23883731119713048,f,minimum_078
1375,47.0,-,36,48961.5094,2,5,-1.0,0.0,-1.0,1.0,48961.72951847147,-0.2201184714649571,e,minimum_078
1376,48.0,-,1,45245.5994,2,0,-1.0,0.0,-1.0,1.0,45245.857559633834,-0.25815963383502094,f,minimum_078
1377,48.0,+,31,45245.8494,2,0,-1.0,0.0,-1.0,1.0,45246.05024468685,-0.20084468684945023,e,minimum_078
1378,48.0,-,2,46024.5594,2,1,-1.0,0.0,-1.0,1.0,46018.07533845351,6.484061546485464,f,minimum_078
1379,48.0,+,32,46024.7894,2,1,-1.0,0.0,-1.0,1.0,46018.26626538638,6.523134613620641,e,minimum_078
1380,48.0,-,3,46790.8794,2,2,-1.0,0.0,-1.0,1.0,46788.413013659156,2.4663863408422912,f,minimum_078
1381,48.0,+,33,46791.0894,2,2,-1.0,0.0,-1.0,1.0,46788.60209613013,2.487303869864263,e,minimum_078
1382,48.0,-,4,47544.3494,2,3,-1.0,0.0,-1.0,1.0,47549.61719635252,-5.267796352520236,f,minimum_078
1383,48.0,+,34,47544.5794,2,3,-1.0,0.0,-1.0,1.0,47549.80390260839,-5.224502608391049,e,minimum_078
1384,48.0,-,5,48284.5994,2,4,-1.0,0.0,-1.0,1.0,48293.85848445948,-9.259084459481528,f,minimum_078
1385,48.0,+,35,48284.8794,2,4,-1.0,0.0,-1.0,1.0,48294.041824596185,-9.16242459618661,e,minimum_078
1386,48.0,-,6,49011.2594,2,5,-1.0,0.0,-1.0,1.0,49011.477136820926,-0.2177368209231645,f,minimum_078
1387,48.0,+,36,49011.5194,2,5,-1.0,0.0,-1.0,1.0,49011.655431252686,-0.13603125268855365,e,minimum_078
1388,48.0,-,7,49723.8694,2,6,-1.0,0.0,-1.0,1.0,49688.21283167685,35.6565683231529,f,minimum_078
1389,48.0,+,37,49724.2094,2,6,-1.0,0.0,-1.0,1.0,49688.382991014565,35.82640898543468,e,minimum_078
1390,49.0,+,1,45299.3794,2,0,-1.0,0.0,-1.0,1.0,45299.618187281674,-0.23878728167619556,f,minimum_078
1391,49.0,-,31,45299.5994,2,0,-1.0,0.0,-1.0,1.0,45299.81867555699,-0.21927555699221557,e,minimum_078
1392,49.0,+,2,46077.7894,2,1,-1.0,0.0,-1.0,1.0,46071.39304169805,6.396358301950386,f,minimum_078
1393,49.0,-,32,46077.9994,2,1,-1.0,0.0,-1.0,1.0,46071.59170739976,6.407692600238079,e,minimum_078
1394,49.0,+,3,46843.5594,2,2,-1.0,0.0,-1.0,1.0,46841.28352565743,2.2758743425656576,f,minimum_078
1395,49.0,-,33,46843.7594,2,2,-1.0,0.0,-1.0,1.0,46841.48026783984,2.27913216016168,e,minimum_078
1396,49.0,+,4,47596.4694,2,3,-1.0,0.0,-1.0,1.0,47601.98292794311,-5.513527943105146,f,minimum_078
1397,49.0,-,34,47596.6694,2,3,-1.0,0.0,-1.0,1.0,47602.17718356893,-5.507783568929881,e,minimum_078
1398,49.0,+,5,48336.1694,2,4,-1.0,0.0,-1.0,1.0,48345.605903037045,-9.43650303704635,f,minimum_078
1399,49.0,-,35,48336.4194,2,4,-1.0,0.0,-1.0,1.0,48345.796630052595,-9.377230052596133,e,minimum_078
1400,49.0,+,6,49062.2594,2,5,-1.0,0.0,-1.0,1.0,49062.40691676032,-0.14751676032028627,f,minimum_078
1401,49.0,-,36,49062.4894,2,5,-1.0,0.0,-1.0,1.0,49062.59234668861,-0.10294668861024547,e,minimum_078
1402,49.0,+,7,49774.2894,2,6,-1.0,0.0,-1.0,1.0,49737.944496381046,36.34490361895587,f,minimum_078
1403,49.0,-,37,49774.6294,2,6,-1.0,0.0,-1.0,1.0,49738.12136306559,36.508036934406846,e,minimum_078
1404,50.0,-,1,45354.1794,2,0,-1.0,0.0,-1.0,1.0,45354.45425857436,-0.2748585743611329,f,minimum_078
1405,50.0,+,31,45354.4594,2,0,-1.0,0.0,-1.0,1.0,45354.662690913305,-0.2032909133049543,e,minimum_078
1406,50.0,-,2,46132.0594,2,1,-1.0,0.0,-1.0,1.0,46125.777919813714,6.2814801862841705,f,minimum_078
1407,50.0,+,32,46132.3094,2,1,-1.0,0.0,-1.0,1.0,46125.984464514215,6.324935485783499,e,minimum_078
1408,50.0,-,3,46897.2694,2,2,-1.0,0.0,-1.0,1.0,46895.211750558585,2.05764944141265,f,minimum_078
1409,50.0,+,33,46897.5194,2,2,-1.0,0.0,-1.0,1.0,46895.41629082833,2.1031091716649826,e,minimum_078
1410,50.0,-,4,47649.6194,2,3,-1.0,0.0,-1.0,1.0,47655.39472029236,-5.7753202923559,f,minimum_078
1411,50.0,-,34,47649.8694,2,3,-1.0,0.0,-1.0,1.0,47655.39472029236,-5.5253202923559,f,minimum_078
1412,50.0,-,5,48388.7494,2,4,-1.0,0.0,-1.0,1.0,48398.38408629092,-9.63468629091949,f,minimum_078
1413,50.0,+,35,48389.0194,2,4,-1.0,0.0,-1.0,1.0,48398.58232989726,-9.56292989726353,e,minimum_078
1414,50.0,-,6,49114.2494,2,5,-1.0,0.0,-1.0,1.0,49114.34566103108,-0.09626103108166717,f,minimum_078
1415,50.0,+,36,49114.4894,2,5,-1.0,0.0,-1.0,1.0,49114.538347099224,-0.04894709922518814,e,minimum_078
1416,50.0,-,7,49825.6694,2,6,-1.0,0.0,-1.0,1.0,49788.649149411875,37.02025058812433,f,minimum_078
1417,50.0,+,37,49826.0494,2,6,-1.0,0.0,-1.0,1.0,49788.83282607926,37.21657392074121,e,minimum_078
1418,51.0,+,1,45410.1094,2,0,-1.0,0.0,-1.0,1.0,45410.36445793525,-0.25505793524644105,f,minimum_078
1419,51.0,-,31,45410.3494,2,0,-1.0,0.0,-1.0,1.0,45410.5809740849,-0.23157408490078524,e,minimum_078
1420,51.0,+,2,46187.4194,2,1,-1.0,0.0,-1.0,1.0,46181.22870300529,6.19069699470856,f,minimum_078
1421,51.0,-,32,46187.6394,2,1,-1.0,0.0,-1.0,1.0,46181.44326587883,6.196134121171781,e,minimum_078
1422,51.0,+,3,46952.0594,2,2,-1.0,0.0,-1.0,1.0,46950.19639110106,1.8630088989375508,f,minimum_078
1423,51.0,-,33,46952.2594,2,2,-1.0,0.0,-1.0,1.0,46950.40886675616,1.850533243843529,e,minimum_078
1424,51.0,+,4,47703.8094,2,3,-1.0,0.0,-1.0,1.0,47709.85117988611,-6.041779886108998,f,minimum_078
1425,51.0,-,34,47704.0794,2,3,-1.0,0.0,-1.0,1.0,47710.060938343246,-5.981538343243301,e,minimum_078
1426,51.0,+,5,48442.3294,2,4,-1.0,0.0,-1.0,1.0,48452.19144851108,-9.862048511080502,f,minimum_078
1427,51.0,-,35,48442.6394,2,4,-1.0,0.0,-1.0,1.0,48452.39733710953,-9.75793710952712,e,minimum_078
1428,51.0,+,6,49167.2694,2,5,-1.0,0.0,-1.0,1.0,49167.29140035023,-0.02200035023270175,f,minimum_078
1429,51.0,-,36,49167.5094,2,5,-1.0,0.0,-1.0,1.0,49167.491461573816,0.017938426186447032,e,minimum_078
1430,51.0,+,7,49878.1094,2,6,-1.0,0.0,-1.0,1.0,49840.323861668345,37.785538331656426,f,minimum_078
1431,51.0,-,37,49878.4094,2,6,-1.0,0.0,-1.0,1.0,49840.51444845543,37.89495154456381,e,minimum_078
1432,52.0,-,1,45467.0894,2,0,-1.0,0.0,-1.0,1.0,45467.347443549814,-0.258043549816648,f,minimum_078
1433,52.0,+,31,45467.3594,2,0,-1.0,0.0,-1.0,1.0,45467.57218214383,-0.21278214382618899,e,minimum_078
1434,52.0,-,2,46243.7994,2,1,-1.0,0.0,-1.0,1.0,46237.74409593289,6.0553040671147755,f,minimum_078
1435,52.0,+,32,46244.0494,2,1,-1.0,0.0,-1.0,1.0,46237.96681507879,6.082584921212401,e,minimum_078
1436,52.0,-,3,47007.8794,2,2,-1.0,0.0,-1.0,1.0,47006.2361231187,1.6432768812956056,f,minimum_078
1437,52.0,+,33,47008.0994,2,2,-1.0,0.0,-1.0,1.0,47006.45667035809,1.642729641906044,e,minimum_078
1438,52.0,-,4,47759.0694,2,3,-1.0,0.0,-1.0,1.0,47765.35088276659,-6.281482766586123,f,minimum_078
1439,52.0,+,34,47759.3194,2,3,-1.0,0.0,-1.0,1.0,47765.568592350166,-6.249192350165686,e,minimum_078
1440,52.0,-,5,48496.9994,2,4,-1.0,0.0,-1.0,1.0,48507.02636624951,-10.026966249512043,f,minimum_078
1441,52.0,+,35,48491.2594,2,4,-1.0,0.0,-1.0,1.0,48507.24002690047,-15.98062690046936,e,minimum_078
1442,52.0,-,6,49221.2794,2,5,-1.0,0.0,-1.0,1.0,49221.24211102059,0.03728897940891329,f,minimum_078
1443,52.0,+,36,49221.5594,2,5,-1.0,0.0,-1.0,1.0,49221.44966474044,0.10973525956069352,e,minimum_078
1444,52.0,-,7,49931.4694,2,6,-1.0,0.0,-1.0,1.0,49892.96559385154,38.50380614845926,f,minimum_078
1445,53.0,+,1,45525.1594,2,0,-1.0,0.0,-1.0,1.0,45525.40184737665,-0.24244737665139837,f,minimum_078
1446,53.0,-,31,45525.4094,2,0,-1.0,0.0,-1.0,1.0,45525.6349459153,-0.2255459153020638,e,minimum_078
1447,53.0,+,2,46301.2594,2,1,-1.0,0.0,-1.0,1.0,46295.32277769028,5.936622309724044,f,minimum_078
1448,53.0,-,32,46301.5494,2,1,-1.0,0.0,-1.0,1.0,46295.5537901137,5.99560988630401,e,minimum_078
1449,53.0,+,3,47064.7694,2,2,-1.0,0.0,-1.0,1.0,47063.329595454445,1.4398045455527608,f,minimum_078
1450,53.0,-,33,47064.9894,2,2,-1.0,0.0,-1.0,1.0,47063.558349357496,1.4310506425026688,e,minimum_078
1451,53.0,+,4,47815.3294,2,3,-1.0,0.0,-1.0,1.0,47821.89237432535,-6.56297432534484,f,minimum_078
1452,53.0,-,34,47815.6094,2,3,-1.0,0.0,-1.0,1.0,47822.11816657886,-6.50876657885965,e,minimum_078
1453,53.0,+,5,48552.6594,2,4,-1.0,0.0,-1.0,1.0,48562.8871778329,-10.227777832900756,f,minimum_078
1454,53.0,-,35,48552.9494,2,4,-1.0,0.0,-1.0,1.0,48563.108736224196,-10.159336224198341,e,minimum_078
1455,53.0,+,6,49276.3594,2,5,-1.0,0.0,-1.0,1.0,49276.195713625064,0.16368637493724236,f,minimum_078
1456,53.0,-,36,49276.6294,2,5,-1.0,0.0,-1.0,1.0,49276.41087545774,0.21852454225881957,e,minimum_078
1457,53.0,+,7,49985.8894,2,6,-1.0,0.0,-1.0,1.0,49946.571190815404,39.31820918459562,f,minimum_078
1458,53.0,-,37,49986.2594,2,6,-1.0,0.0,-1.0,1.0,49946.77588768489,39.48351231511333,e,minimum_078
1459,54.0,-,1,45584.2794,2,0,-1.0,0.0,-1.0,1.0,45584.52627515838,-0.24687515838013496,f,minimum_078
1460,54.0,+,31,45584.5594,2,0,-1.0,0.0,-1.0,1.0,45584.76786998945,-0.2084699894548976,e,minimum_078
1461,54.0,-,2,46359.8094,2,1,-1.0,0.0,-1.0,1.0,46353.96340178172,5.845998218275781,f,minimum_078
1462,54.0,+,32,46360.1094,2,1,-1.0,0.0,-1.0,1.0,46354.20284337413,5.9065566258723265,e,minimum_078
1463,54.0,-,3,47122.6994,2,2,-1.0,0.0,-1.0,1.0,47121.475429872,1.2239701279977453,f,minimum_078
1464,54.0,+,33,47122.9394,2,2,-1.0,0.0,-1.0,1.0,47121.71252437722,1.226875622785883,e,minimum_078
1465,54.0,-,4,47872.6794,2,3,-1.0,0.0,-1.0,1.0,47879.474169085326,-6.7947690853252425,f,minimum_078
1466,54.0,+,34,47872.9294,2,3,-1.0,0.0,-1.0,1.0,47879.708174323976,-6.778774323975085,e,minimum_078
1467,54.0,-,5,48609.3794,2,4,-1.0,0.0,-1.0,1.0,48619.77218284994,-10.392782849943615,f,minimum_078
1468,54.0,+,35,48609.6394,2,4,-1.0,0.0,-1.0,1.0,48620.00176326534,-10.362363265339809,e,minimum_078
1469,54.0,-,6,49332.4194,2,5,-1.0,0.0,-1.0,1.0,49332.15007163859,0.26932836140622385,f,minimum_078
1470,54.0,+,36,49332.6794,2,5,-1.0,0.0,-1.0,1.0,49332.3729554265,0.3064445734999026,e,minimum_078
1471,55.0,+,1,45644.4694,2,0,-1.0,0.0,-1.0,1.0,45644.71930643404,-0.24990643403725699,f,minimum_078
1472,55.0,-,31,45644.7694,2,0,-1.0,0.0,-1.0,1.0,45644.96953273337,-0.20013273337099236,e,minimum_078
1473,55.0,+,2,46419.4194,2,1,-1.0,0.0,-1.0,1.0,46413.66459609615,5.754803903852007,f,minimum_078
1474,55.0,-,32,46419.7094,2,1,-1.0,0.0,-1.0,1.0,46413.91260161583,5.796798384166323,e,minimum_078
1475,55.0,+,3,47181.6494,2,2,-1.0,0.0,-1.0,1.0,47180.67222096098,0.9771790390223032,f,minimum_078
1476,55.0,-,33,47181.9594,2,2,-1.0,0.0,-1.0,1.0,47180.91778884558,1.0416111544182058,e,minimum_078
1477,55.0,+,4,47931.0194,2,3,-1.0,0.0,-1.0,1.0,47938.09475047191,-7.075350471910497,f,minimum_078
1478,55.0,-,34,47931.3094,2,3,-1.0,0.0,-1.0,1.0,47938.33709775815,-7.027697758152499,e,minimum_078
1479,55.0,+,5,48667.0994,2,4,-1.0,0.0,-1.0,1.0,48677.67964161217,-10.580241612173268,f,minimum_078
1480,55.0,-,35,48667.3994,2,4,-1.0,0.0,-1.0,1.0,48677.91736689862,-10.517966898616578,e,minimum_078
1481,55.0,+,6,49389.4894,2,5,-1.0,0.0,-1.0,1.0,49389.10298995244,0.3864100475620944,f,minimum_078
1482,55.0,-,36,49389.7794,2,5,-1.0,0.0,-1.0,1.0,49389.33370771106,0.4456922889366979,e,minimum_078
1483,55.0,+,7,50097.7294,2,6,-1.0,0.0,-1.0,1.0,50056.66074104535,41.0686589546458,f,minimum_078
1484,55.0,-,37,50098.0994,2,6,-1.0,0.0,-1.0,1.0,50056.87991556827,41.219484431727324,e,minimum_078
1485,56.0,-,1,45705.7594,2,0,-1.0,0.0,-1.0,1.0,45705.97949455169,-0.22009455168881686,f,minimum_078
1486,56.0,+,31,45706.0494,2,0,-1.0,0.0,-1.0,1.0,45706.23848630443,-0.18908630442456342,e,minimum_078
1487,56.0,-,2,46480.0594,2,1,-1.0,0.0,-1.0,1.0,46474.42496287984,5.634437120155781,f,minimum_078
1488,56.0,+,32,46480.3694,2,1,-1.0,0.0,-1.0,1.0,46474.681665933065,5.687734066937992,e,minimum_078
1489,56.0,-,3,47241.7094,2,2,-1.0,0.0,-1.0,1.0,47240.91853603796,0.7908639620363829,f,minimum_078
1490,56.0,+,33,47241.9594,2,2,-1.0,0.0,-1.0,1.0,47241.17270889669,0.7866911033124779,e,minimum_078
1491,56.0,-,4,47990.4394,2,3,-1.0,0.0,-1.0,1.0,47997.75257057272,-7.313170572713716,f,minimum_078
1492,56.0,+,34,47990.6994,2,3,-1.0,0.0,-1.0,1.0,47998.00338769158,-7.3039876915790956,e,minimum_078
1493,56.0,-,5,48725.8494,2,4,-1.0,0.0,-1.0,1.0,48736.60777458528,-10.758374585282581,f,minimum_078
1494,56.0,+,35,48726.1494,2,4,-1.0,0.0,-1.0,1.0,48736.85376612044,-10.704366120437044,e,minimum_078
1495,56.0,-,6,49447.5894,2,5,-1.0,0.0,-1.0,1.0,49447.05221330316,0.5371866968343966,f,minimum_078
1496,56.0,+,36,49447.8694,2,5,-1.0,0.0,-1.0,1.0,49447.2908751673,0.5785248327010777,e,minimum_078
1497,56.0,-,7,50155.2294,2,6,-1.0,0.0,-1.0,1.0,50113.13774480763,42.09165519236558,f,minimum_078
1498,57.0,+,1,45768.0794,2,0,-1.0,0.0,-1.0,1.0,45768.30536668258,-0.22596668257756392,f,minimum_078
1499,57.0,-,31,45768.3894,2,0,-1.0,0.0,-1.0,1.0,45768.57325666389,-0.18385666389076505,e,minimum_078
1500,57.0,+,2,46541.7794,2,1,-1.0,0.0,-1.0,1.0,46536.24307870702,5.536321292980574,f,minimum_078
1501,57.0,-,32,46542.0994,2,1,-1.0,0.0,-1.0,1.0,46536.50861172865,5.5907882713509025,e,minimum_078
1502,57.0,+,3,47302.7794,2,2,-1.0,0.0,-1.0,1.0,47302.2129150414,0.566484958602814,f,minimum_078
1503,57.0,-,33,47303.0594,2,2,-1.0,0.0,-1.0,1.0,47302.47582326516,0.5835767348398804,e,minimum_078
1504,57.0,+,4,48050.8294,2,3,-1.0,0.0,-1.0,1.0,48058.446049885584,-7.6166498855818645,f,minimum_078
1505,57.0,-,34,48051.1394,2,3,-1.0,0.0,-1.0,1.0,48058.705463320024,-7.566063320024114,e,minimum_078
1506,57.0,+,5,48785.5994,2,4,-1.0,0.0,-1.0,1.0,48796.55476179087,-10.955361790867755,f,minimum_078
1507,57.0,-,35,48785.9194,2,4,-1.0,0.0,-1.0,1.0,48796.809139449295,-10.88973944929603,e,minimum_078
1508,57.0,+,6,49506.6594,2,5,-1.0,0.0,-1.0,1.0,49505.9954245989,0.6639754010975594,f,minimum_078
1509,57.0,-,36,49506.9694,2,5,-1.0,0.0,-1.0,1.0,49506.24213876619,0.7272612338128965,e,minimum_078
1510,57.0,+,7,50213.5894,2,6,-1.0,0.0,-1.0,1.0,50170.56469758331,43.02470241668925,f,minimum_078
1511,57.0,-,37,50213.8994,2,6,-1.0,0.0,-1.0,1.0,50170.79869263207,43.100707367935684,e,minimum_078
1512,58.0,-,1,45831.4994,2,0,-1.0,0.0,-1.0,1.0,45831.69542383587,-0.19602383586607175,f,minimum_078
1513,58.0,+,31,45831.8094,2,0,-1.0,0.0,-1.0,1.0,45831.97234359243,-0.16294359243329382,e,minimum_078
1514,58.0,-,2,46604.5494,2,1,-1.0,0.0,-1.0,1.0,46599.1174944479,5.431905552104581,f,minimum_078
1515,58.0,+,32,46604.8494,2,1,-1.0,0.0,-1.0,1.0,46599.39198868249,5.457411317511287,e,minimum_078
1516,58.0,-,3,47364.8794,2,2,-1.0,0.0,-1.0,1.0,47364.55387042071,0.3255295792914694,f,minimum_078
1517,58.0,+,33,47365.1894,2,2,-1.0,0.0,-1.0,1.0,47364.825643176504,0.3637568234989885,e,minimum_078
1518,58.0,-,4,48112.2994,2,3,-1.0,0.0,-1.0,1.0,48120.173577053894,-7.8741770538908895,f,minimum_078
1519,58.0,+,34,48112.5994,2,3,-1.0,0.0,-1.0,1.0,48120.4417119586,-7.842311958600476,e,minimum_078
1520,58.0,-,5,48846.3794,2,4,-1.0,0.0,-1.0,1.0,48857.5187421759,-11.139342175898491,f,minimum_078
1521,58.0,+,35,48846.7294,2,4,-1.0,0.0,-1.0,1.0,48857.78162429509,-11.052224295090127,e,minimum_078
1522,58.0,-,6,49566.7594,2,5,-1.0,0.0,-1.0,1.0,49565.930243134506,0.8291568654967705,f,minimum_078
1523,58.0,+,36,49567.0494,2,5,-1.0,0.0,-1.0,1.0,49566.18511580764,0.8642841923647211,e,minimum_078
1524,58.0,-,7,50272.9794,2,6,-1.0,0.0,-1.0,0.0,50228.93775411024,44.04164588975982,f,minimum_078
1525,58.0,+,37,50273.2994,2,6,-1.0,0.0,-1.0,1.0,50229.17927953691,44.12012046309246,e,minimum_078
1526,59.0,+,1,45895.9194,2,0,-1.0,0.0,-1.0,1.0,45896.14814087431,-0.22874087431409862,f,minimum_078
1527,59.0,-,31,45896.2794,2,0,-1.0,0.0,-1.0,1.0,45896.434220705705,-0.154820705705788,e,minimum_078
1528,59.0,+,2,46668.3194,2,1,-1.0,0.0,-1.0,1.0,46663.04673523439,5.272664765609079,f,minimum_078
1529,59.0,-,32,46668.6894,2,1,-1.0,0.0,-1.0,1.0,46663.33032071697,5.359079283036408,e,minimum_078
1530,59.0,+,3,47428.0294,2,2,-1.0,0.0,-1.0,1.0,47427.93988702058,0.08951297942257952,f,minimum_078
1531,59.0,-,33,47428.3594,2,2,-1.0,0.0,-1.0,1.0,47428.22065222973,0.13874777027376695,e,minimum_078
1532,59.0,+,4,48174.7594,2,3,-1.0,0.0,-1.0,1.0,48182.933508587674,-8.174108587671071,f,minimum_078
1533,59.0,-,34,48175.0994,2,3,-1.0,0.0,-1.0,1.0,48183.21048876517,-8.111088765173918,e,minimum_078
1534,59.0,+,5,48908.1894,2,4,-1.0,0.0,-1.0,1.0,48919.49781294804,-11.308412948033947,f,minimum_078
1535,59.0,-,35,48908.5394,2,4,-1.0,0.0,-1.0,1.0,48919.769316293576,-11.229916293574206,e,minimum_078
1536,59.0,+,6,49627.8494,2,5,-1.0,0.0,-1.0,1.0,49626.854222687514,0.9951773124848842,f,minimum_078
1537,59.0,-,36,49628.1694,2,5,-1.0,0.0,-1.0,1.0,49627.11735801271,1.0520419872918865,e,minimum_078
1538,59.0,+,7,50333.3894,2,6,-1.0,0.0,-1.0,0.0,50288.25290020892,45.13649979107868,f,minimum_078
1539,60.0,-,1,45961.4794,2,0,-1.0,0.0,-1.0,1.0,45961.66196653093,-0.1825665309370379,f,minimum_078
1540,60.0,+,31,45961.8194,2,0,-1.0,0.0,-1.0,1.0,45961.957335471125,-0.137935471124365,e,minimum_078
1541,60.0,-,2,46733.2094,2,1,-1.0,0.0,-1.0,1.0,46728.02930042377,5.1800995762314415,f,minimum_078
1542,60.0,+,32,46733.5394,2,1,-1.0,0.0,-1.0,1.0,46728.322105960986,5.217294039015542,e,minimum_078
1543,60.0,-,3,47492.2194,2,2,-1.0,0.0,-1.0,1.0,47492.369421957555,-0.1500219575536903,f,minimum_078
1544,60.0,+,33,47492.5494,2,2,-1.0,0.0,-1.0,1.0,47492.65930627489,-0.10990627488354221,e,minimum_078
1545,60.0,-,4,48238.2994,2,3,-1.0,0.0,-1.0,1.0,48246.72416857246,-8.424768572454923,f,minimum_078
1546,60.0,+,34,48238.6094,2,3,-1.0,0.0,-1.0,1.0,48247.01011644644,-8.400716446441947,e,minimum_078
1547,60.0,-,5,48971.0194,2,4,-1.0,0.0,-1.0,1.0,48982.49002887465,-11.470628874652903,f,minimum_078
1548,60.0,+,35,48971.3594,2,4,-1.0,0.0,-1.0,1.0,48982.77026860436,-11.410868604361895,e,minimum_078
1549,60.0,-,6,49689.9694,2,5,-1.0,0.0,-1.0,1.0,49688.76484948217,1.2045505178321037,f,minimum_078
1550,60.0,+,36,49690.3294,2,5,-1.0,0.0,-1.0,1.0,49689.03634948643,1.2930505135736894,e,minimum_078
1551,60.0,-,7,50394.7594,2,6,-1.0,0.0,-1.0,1.0,50348.50593614524,46.25346385476587,f,minimum_078
1552,60.0,+,37,50395.1494,2,6,-1.0,0.0,-1.0,1.0,50348.762743744526,46.38665625547583,e,minimum_078
1553,61.0,+,1,46028.0494,2,0,-1.0,0.0,-1.0,1.0,46028.23532342704,-0.1859234270377783,f,minimum_078
1554,61.0,-,31,46028.4194,2,0,-1.0,0.0,-1.0,1.0,46028.54010922614,-0.12070922613929724,e,minimum_078
1555,61.0,+,2,46799.1094,2,1,-1.0,0.0,-1.0,1.0,46794.06366355889,5.04573644111224,f,minimum_078
1556,61.0,-,32,46799.4594,2,1,-1.0,0.0,-1.0,1.0,46794.36581671026,5.09358328973758,e,minimum_078
1557,61.0,+,3,47557.4594,2,2,-1.0,0.0,-1.0,1.0,47557.840904491204,-0.3815044912043959,f,minimum_078
1558,61.0,-,33,47557.8094,2,2,-1.0,0.0,-1.0,1.0,47558.14003328409,-0.33063328409480164,e,minimum_078
1559,61.0,+,4,48302.8294,2,3,-1.0,0.0,-1.0,1.0,48311.543848361376,-8.714448361373798,f,minimum_078
1560,61.0,-,34,48303.1494,2,3,-1.0,0.0,-1.0,1.0,48311.83888495132,-8.689484951319173,e,minimum_078
1561,61.0,+,5,49034.8494,2,4,-1.0,0.0,-1.0,1.0,49046.493401543674,-11.644001543674676,f,minimum_078
1562,61.0,-,35,49035.1894,2,4,-1.0,0.0,-1.0,1.0,49046.782491171914,-11.59309117191151,e,minimum_078
1563,61.0,+,6,49753.0794,2,5,-1.0,0.0,-1.0,1.0,49751.65954001394,1.4198599860610557,f,minimum_078
1564,61.0,-,36,49753.4494,2,5,-1.0,0.0,-1.0,1.0,49751.93950453861,1.509895461385895,e,minimum_078
1565,61.0,+,7,50457.1794,2,6,-1.0,0.0,-1.0,1.0,50409.69245133382,47.48694866617734,f,minimum_078
1566,61.0,-,37,50457.4994,2,6,-1.0,0.0,-1.0,1.0,50409.95700226575,47.5423977342507,e,minimum_078
1567,62.0,-,1,46095.7094,2,0,-1.0,0.0,-1.0,1.0,46095.866608090786,-0.15720809078629827,f,minimum_078
1568,62.0,+,31,46096.0694,2,0,-1.0,0.0,-1.0,1.0,46096.18093719697,-0.11153719697176712,e,minimum_078
1569,62.0,-,2,46866.0794,2,1,-1.0,0.0,-1.0,1.0,46861.148272326776,4.931127673226001,f,minimum_078
1570,62.0,+,32,46866.4694,2,1,-1.0,0.0,-1.0,1.0,46861.45989938562,5.009500614381977,e,minimum_078
1571,62.0,-,3,47623.7194,2,2,-1.0,0.0,-1.0,1.0,47624.35273588799,-0.633335887985595,f,minimum_078
1572,62.0,+,33,47624.0694,2,2,-1.0,0.0,-1.0,1.0,47624.66123321482,-0.5918332148212357,e,minimum_078
1573,62.0,-,4,48368.3794,2,3,-1.0,0.0,-1.0,1.0,48377.390806253665,-9.011406253666792,f,minimum_078
1574,62.0,+,34,48368.7394,2,3,-1.0,0.0,-1.0,1.0,48377.69505114876,-8.955651148760808,e,minimum_078
1575,62.0,-,5,49099.6894,2,4,-1.0,0.0,-1.0,1.0,49111.50589858345,-11.816498583444627,f,minimum_078
1576,62.0,+,35,49100.0494,2,4,-1.0,0.0,-1.0,1.0,49111.80394994306,-11.75454994305619,e,minimum_078
1577,62.0,-,6,49817.1994,2,5,-1.0,0.0,-1.0,1.0,49815.535638718095,1.6637612819031347,f,minimum_078
1578,62.0,+,36,49817.5694,2,5,-1.0,0.0,-1.0,1.0,49815.82416534953,1.7452346504724119,e,minimum_078
1579,63.0,+,1,46164.4194,2,0,-1.0,0.0,-1.0,1.0,46164.55419097706,-0.1347909770629485,f,minimum_078
1580,63.0,-,31,46164.7794,2,0,-1.0,0.0,-1.0,1.0,46164.87818851859,-0.09878851858957205,e,minimum_078
1581,63.0,+,2,46934.0894,2,1,-1.0,0.0,-1.0,1.0,46929.281548513434,4.807851486562868,f,minimum_078
1582,63.0,-,32,46934.4594,2,1,-1.0,0.0,-1.0,1.0,46929.60277448827,4.856625511733,e,minimum_078
1583,63.0,+,3,47690.6394,2,2,-1.0,0.0,-1.0,1.0,47691.903289277674,-1.263889277674025,f,minimum_078
1584,63.0,-,33,47691.3994,2,2,-1.0,0.0,-1.0,1.0,47692.22127786705,-0.8218778670488973,e,minimum_078
1585,63.0,+,4,48434.9694,2,3,-1.0,0.0,-1.0,1.0,48444.26326715574,-9.293867155734915,f,minimum_078
1586,63.0,-,34,48435.3394,2,3,-1.0,0.0,-1.0,1.0,48444.57683848801,-9.237438488009502,e,minimum_078
1587,63.0,+,5,49165.5094,2,4,-1.0,0.0,-1.0,1.0,49177.52544283883,-12.016042838826252,f,minimum_078
1588,63.0,-,35,49165.8994,2,4,-1.0,0.0,-1.0,1.0,49177.83256604348,-11.933166043476376,e,minimum_078
1589,63.0,+,6,49882.2894,2,5,-1.0,0.0,-1.0,1.0,49880.390415471615,1.8989845283867908,f,minimum_078
1590,63.0,-,36,49882.6494,2,5,-1.0,0.0,-1.0,1.0,49880.68759946862,1.9618005313823232,e,minimum_078
1591,64.0,-,1,46234.1494,2,0,-1.0,0.0,-1.0,1.0,46234.29641648869,-0.1470164886850398,f,minimum_078
1592,64.0,+,31,46234.5694,2,0,-1.0,0.0,-1.0,1.0,46234.63020625649,-0.06080625648610294,e,minimum_078
1593,64.0,-,2,47003.0994,2,1,-1.0,0.0,-1.0,1.0,46998.46188795576,4.637512044238974,f,minimum_078
1594,64.0,+,32,47003.5094,2,1,-1.0,0.0,-1.0,1.0,46998.79283655166,4.716563448346278,e,minimum_078
1595,64.0,-,3,47759.3394,2,2,-1.0,0.0,-1.0,1.0,47760.490909503205,-1.1515095032082172,f,minimum_078
1596,64.0,+,33,47759.7294,2,2,-1.0,0.0,-1.0,1.0,47760.818510732235,-1.0891107322386233,e,minimum_078
1597,64.0,-,4,48502.5694,2,3,-1.0,0.0,-1.0,1.0,48512.1594222251,-9.590022225100256,f,minimum_078
1598,64.0,+,34,48502.9494,2,3,-1.0,0.0,-1.0,1.0,48512.482436643455,-9.533036643457308,e,minimum_078
1599,64.0,-,5,49232.3694,2,4,-1.0,0.0,-1.0,1.0,49244.54991150077,-12.180511500766443,f,minimum_078
1600,64.0,+,35,49232.7594,2,4,-1.0,0.0,-1.0,1.0,49244.86621490587,-12.106814905870124,e,minimum_078
1601,64.0,-,6,49948.4094,2,5,-1.0,0.0,-1.0,1.0,49946.22106291133,2.1883370886644116,f,minimum_078
1602,64.0,+,36,49948.7494,2,5,-1.0,0.0,-1.0,1.0,49946.526997129076,2.2224028709242702,e,minimum_078
1603,65.0,+,1,46304.9794,2,0,-1.0,0.0,-1.0,1.0,46305.0916029984,-0.112202998403518,f,minimum_078
1604,65.0,-,31,46305.3594,2,0,-1.0,0.0,-1.0,1.0,46305.43530742802,-0.0759074280213099,e,minimum_078
1605,65.0,+,2,47073.2094,2,1,-1.0,0.0,-1.0,1.0,47068.687660490854,4.521739509145846,f,minimum_078
1606,65.0,-,32,47073.6094,2,1,-1.0,0.0,-1.0,1.0,47069.02845409035,4.580945909649017,e,minimum_078
1607,65.0,+,3,47828.7194,2,2,-1.0,0.0,-1.0,1.0,47830.11391296148,-1.394512961480359,f,minimum_078
1608,65.0,-,33,47829.0994,2,2,-1.0,0.0,-1.0,1.0,47830.45124683458,-1.3518468345791916,e,minimum_078
1609,65.0,+,4,48571.1994,2,3,-1.0,0.0,-1.0,1.0,48581.077428496894,-9.87802849689615,f,minimum_078
1610,65.0,-,34,48571.5594,2,3,-1.0,0.0,-1.0,1.0,48581.41000113902,-9.85060113902,e,minimum_078
1611,65.0,+,5,49300.2394,2,4,-1.0,0.0,-1.0,1.0,49312.577135187086,-12.337735187087674,f,minimum_078
1612,65.0,-,35,49300.6094,2,4,-1.0,0.0,-1.0,1.0,49312.90272534915,-12.293325349150109,e,minimum_078
1613,65.0,+,6,50015.4894,2,5,-1.0,0.0,-1.0,1.0,50013.02469355127,2.4647064487289754,f,minimum_078
1614,65.0,-,36,50015.8494,2,5,-1.0,0.0,-1.0,1.0,50013.339468360566,2.509931639433489,e,minimum_078
1615,66.0,-,1,46376.8294,2,0,-1.0,0.0,-1.0,1.0,46376.93804287217,-0.10864287216827506,f,minimum_078
1616,66.0,+,31,46377.2494,2,0,-1.0,0.0,-1.0,1.0,46377.29178302691,-0.04238302690646378,e,minimum_078
1617,66.0,-,2,47144.3294,2,1,-1.0,0.0,-1.0,1.0,47139.95720990134,4.37219009866385,f,minimum_078
1618,66.0,+,32,47144.7394,2,1,-1.0,0.0,-1.0,1.0,47140.30796954659,4.431430453405483,e,minimum_078
1619,66.0,-,3,47899.0794,2,2,-1.0,0.0,-1.0,1.0,47900.770587436724,-1.6911874367215205,f,minimum_078
1620,66.0,+,33,47899.5194,2,2,-1.0,0.0,-1.0,1.0,47901.11777256432,-1.598372564323654,e,minimum_078
1621,66.0,-,4,48640.8094,2,3,-1.0,0.0,-1.0,1.0,48651.015408490406,-10.20600849040784,f,minimum_078
1622,66.0,+,34,48641.2194,2,3,-1.0,0.0,-1.0,1.0,48651.35765295628,-10.13825295627612,e,minimum_078
1623,66.0,-,5,49369.0894,2,4,-1.0,0.0,-1.0,1.0,49381.60489696948,-12.515496969484957,f,minimum_078
1624,66.0,+,35,49369.5394,2,4,-1.0,0.0,-1.0,1.0,49381.93987860527,-12.40047860526829,e,minimum_078
1625,66.0,-,6,50083.5494,2,5,-1.0,0.0,-1.0,1.0,50080.79833667966,2.7510633203419275,f,minimum_078
1626,66.0,+,36,50083.9894,2,5,-1.0,0.0,-1.0,1.0,50081.12203988247,2.867360117525095,e,minimum_078
1627,67.0,+,1,46449.7394,2,0,-1.0,0.0,-1.0,1.0,46449.83400249355,-0.09460249355470296,f,minimum_078
1628,67.0,-,31,46450.1694,2,0,-1.0,0.0,-1.0,1.0,46450.19789804691,-0.028498046907770913,e,minimum_078
1629,67.0,+,2,47216.5294,2,1,-1.0,0.0,-1.0,1.0,47212.268853857844,4.260546142155363,f,minimum_078
1630,67.0,-,32,47216.9294,2,1,-1.0,0.0,-1.0,1.0,47212.62969923134,4.299700768664479,e,minimum_078
1631,67.0,+,3,47970.5294,2,2,-1.0,0.0,-1.0,1.0,47972.45919192508,-1.9297919250820996,f,minimum_078
1632,67.0,-,33,47970.9094,2,2,-1.0,0.0,-1.0,1.0,47972.81634550171,-1.906945501716109,e,minimum_078
1633,67.0,+,4,48711.4794,2,3,-1.0,0.0,-1.0,1.0,48721.97144979634,-10.492049796346691,f,minimum_078
1634,67.0,-,34,48711.8694,2,3,-1.0,0.0,-1.0,1.0,48722.32347811983,-10.454078119830228,e,minimum_078
1635,67.0,+,5,49438.9994,2,4,-1.0,0.0,-1.0,1.0,49451.63093134472,-12.631531344719406,f,minimum_078
1636,67.0,-,35,49439.3794,2,4,-1.0,0.0,-1.0,1.0,49451.97540728823,-12.596007288229885,e,minimum_078
1637,67.0,+,6,50152.6894,2,5,-1.0,0.0,-1.0,1.0,50149.53893501367,3.150464986334555,f,minimum_078
1638,67.0,-,36,50153.0694,2,5,-1.0,0.0,-1.0,1.0,50149.871651753354,3.19774824664637,e,minimum_078
1639,68.0,-,1,46523.6894,2,0,-1.0,0.0,-1.0,1.0,46523.777722289655,-0.08832228965184186,f,minimum_078
1640,68.0,+,31,46524.1594,2,0,-1.0,0.0,-1.0,1.0,46524.15189150862,0.007508491376938764,e,minimum_078
1641,68.0,-,2,47289.7094,2,1,-1.0,0.0,-1.0,1.0,47285.620883857046,4.088516142954177,f,minimum_078
1642,68.0,+,32,47290.1594,2,1,-1.0,0.0,-1.0,1.0,47285.99193326331,4.167466736689676,e,minimum_078
1643,68.0,-,3,48042.9294,2,2,-1.0,0.0,-1.0,1.0,48045.17795644983,-2.248556449827447,f,minimum_078
1644,68.0,+,33,48043.4094,2,2,-1.0,0.0,-1.0,1.0,48045.54519423251,-2.1357942325121257,e,minimum_078
1645,68.0,-,4,48783.1094,2,3,-1.0,0.0,-1.0,1.0,48793.94360464227,-10.83420464226947,f,minimum_078
1646,68.0,+,34,48783.5594,2,3,-1.0,0.0,-1.0,1.0,48794.30552726282,-10.746127262820664,e,minimum_078
1647,68.0,-,5,49509.8394,2,4,-1.0,0.0,-1.0,1.0,49522.6529231449,-12.813523144905048,f,minimum_078
1648,68.0,+,35,49510.2994,2,4,-1.0,0.0,-1.0,1.0,49523.00699430394,-12.707594303938095,e,minimum_078
1649,68.0,-,6,50222.6894,2,5,-1.0,0.0,-1.0,1.0,50219.243341087385,3.4460589126174455,f,minimum_078
1650,68.0,+,36,50223.1594,2,5,-1.0,0.0,-1.0,1.0,50219.58515375398,3.574246246018447,e,minimum_078
1651,69.0,+,1,46598.7094,2,0,-1.0,0.0,-1.0,1.0,46598.76741675766,-0.05801675766269909,f,minimum_078
1652,69.0,-,31,46599.1494,2,0,-1.0,0.0,-1.0,1.0,46599.15197648582,-0.0025764858146430925,e,minimum_078
1653,69.0,+,2,47363.9394,2,1,-1.0,0.0,-1.0,1.0,47360.01156515693,3.927834843074379,f,minimum_078
1654,69.0,-,32,47364.3594,2,1,-1.0,0.0,-1.0,1.0,47360.39293550412,3.966464495882974,e,minimum_078
1655,69.0,+,3,48116.4194,2,2,-1.0,0.0,-1.0,1.0,48118.925081867244,-2.5056818672455847,f,minimum_078
1656,69.0,-,33,48116.8294,2,2,-1.0,0.0,-1.0,1.0,48119.302518153774,-2.473118153771793,e,minimum_078
1657,69.0,+,4,48855.7994,2,3,-1.0,0.0,-1.0,1.0,48866.92988943577,-11.130489435767231,f,minimum_078
1658,69.0,-,34,48856.2194,2,3,-1.0,0.0,-1.0,1.0,48867.301815169994,-11.0824151699926,e,minimum_078
1659,69.0,+,5,49581.7394,2,4,-1.0,0.0,-1.0,1.0,49594.6685063839,-12.929106383904582,f,minimum_078
1660,69.0,-,35,49582.1694,2,4,-1.0,0.0,-1.0,1.0,49595.03227169463,-12.862871694633213,e,minimum_078
1661,69.0,+,6,50293.7794,2,5,-1.0,0.0,-1.0,1.0,50289.90831334428,3.8710866557230474,f,minimum_078
1662,69.0,-,36,50294.1594,2,5,-1.0,0.0,-1.0,1.0,50290.25930147332,3.9000985266757198,e,minimum_078
1663,70.0,-,1,46674.7294,2,0,-1.0,0.0,-1.0,1.0,46674.80127449348,-0.07187449348566588,f,minimum_078
1664,70.0,+,31,46675.2094,2,0,-1.0,0.0,-1.0,1.0,46675.19634013443,0.013059865566901863,e,minimum_078
1665,70.0,-,2,47439.2094,2,1,-1.0,0.0,-1.0,1.0,47435.4391367068,3.770263293197786,f,minimum_078
1666,70.0,+,32,47439.6594,2,1,-1.0,0.0,-1.0,1.0,47435.83094348831,3.828456511684635,e,minimum_078
1667,70.0,-,3,48190.9194,2,2,-1.0,0.0,-1.0,1.0,48193.698739662876,-2.779339662876737,f,minimum_078
1668,70.0,+,33,48191.3594,2,2,-1.0,0.0,-1.0,1.0,48194.086487269684,-2.72708726968267,e,minimum_078
1669,70.0,-,4,48929.4794,2,3,-1.0,0.0,-1.0,1.0,48940.92828428394,-11.44888428394188,f,minimum_078
1670,70.0,+,34,48929.8894,2,3,-1.0,0.0,-1.0,1.0,48941.310320296136,-11.420920296135591,e,minimum_078
1671,70.0,-,5,49654.5894,2,4,-1.0,0.0,-1.0,1.0,49667.675263033525,-13.085863033527858,f,minimum_078
1672,70.0,+,35,49655.0694,2,4,-1.0,0.0,-1.0,1.0,49668.04881941349,-12.979419413488358,e,minimum_078
1673,70.0,+,36,50366.2094,2,5,-1.0,0.0,-1.0,1.0,50361.89075206778,4.318647932217573,e,minimum_078
1674,71.0,+,1,46751.8394,2,0,-1.0,0.0,-1.0,1.0,46751.8774582206,-0.038058220605307724,f,minimum_078
1675,71.0,-,31,46752.3094,2,0,-1.0,0.0,-1.0,1.0,46752.283143721885,0.026256278113578446,e,minimum_078
1676,71.0,+,2,47515.5294,2,1,-1.0,0.0,-1.0,1.0,47511.901811074276,3.627588925723103,f,minimum_078
1677,71.0,-,32,47515.9794,2,1,-1.0,0.0,-1.0,1.0,47512.304168350434,3.6752316495621926,e,minimum_078
1678,71.0,+,3,48266.4094,2,2,-1.0,0.0,-1.0,1.0,48269.49707173685,-3.0876717368519166,f,minimum_078
1679,71.0,-,33,48266.8694,2,2,-1.0,0.0,-1.0,1.0,48269.895241977014,-3.025841977010714,e,minimum_078
1680,71.0,+,4,49004.1594,2,3,-1.0,0.0,-1.0,1.0,49015.936732487804,-11.777332487807143,f,minimum_078
1681,71.0,-,34,49004.6194,2,3,-1.0,0.0,-1.0,1.0,49016.3289842602,-11.709584260199335,e,minimum_078
1682,71.0,+,5,49728.4394,2,4,-1.0,0.0,-1.0,1.0,49741.67072172585,-13.23132172584883,f,minimum_078
1683,71.0,-,35,49728.9294,2,4,-1.0,0.0,-1.0,1.0,49742.05416402577,-13.124764025771583,e,minimum_078
1684,71.0,+,6,50438.7894,2,5,-1.0,0.0,-1.0,1.0,50434.106493954496,4.682906045505661,f,minimum_078
1685,71.0,-,36,50439.2294,2,5,-1.0,0.0,-1.0,1.0,50434.47605965415,4.753340345843753,e,minimum_078
1686,72.0,-,1,46829.9294,2,0,-1.0,0.0,-1.0,1.0,46829.99410482131,-0.06470482130680466,f,minimum_078
1687,72.0,+,31,46830.4894,2,0,-1.0,0.0,-1.0,1.0,46830.41052265775,0.07887734224641463,e,minimum_078
1688,72.0,-,2,47592.8594,2,1,-1.0,0.0,-1.0,1.0,47589.397774367535,3.4616256324661663,f,minimum_078
1689,72.0,-,2,47593.3094,2,1,-1.0,0.0,-1.0,1.0,47589.397774367535,3.911625632463256,f,minimum_078
1690,72.0,-,3,48342.9494,2,2,-1.0,0.0,-1.0,1.0,48346.31819017835,-3.3687901783487177,f,minimum_078
1691,72.0,+,33,48343.4294,2,2,-1.0,0.0,-1.0,1.0,48346.72689283911,-3.2974928391122376,e,minimum_078
1692,72.0,-,4,49079.8794,2,3,-1.0,0.0,-1.0,1.0,49091.9531400104,-12.073740010404435,f,minimum_078
1693,72.0,+,34,49080.3194,2,3,-1.0,0.0,-1.0,1.0,49092.35571131304,-12.036311313037004,e,minimum_078
1694,72.0,-,5,49803.3094,2,4,-1.0,0.0,-1.0,1.0,49816.65235637588,-13.34295637588366,f,minimum_078
1695,72.0,+,35,49803.7694,2,4,-1.0,0.0,-1.0,1.0,49817.045777329266,-13.276377329268144,e,minimum_078
1696,72.0,-,6,50512.7394,2,5,-1.0,0.0,-1.0,1.0,50507.632708763915,5.106691236083861,f,minimum_078
1697,73.0,+,1,46909.1794,2,0,-1.0,0.0,-1.0,1.0,46909.14932536816,0.030074631838942878,f,minimum_078
1698,73.0,-,31,46909.6394,2,0,-1.0,0.0,-1.0,1.0,46909.57658652645,0.06281347355252365,e,minimum_078
1699,73.0,+,2,47671.2294,2,1,-1.0,0.0,-1.0,1.0,47667.92518615249,3.3042138475066167,f,minimum_078
1700,73.0,-,32,47671.6794,2,1,-1.0,0.0,-1.0,1.0,47668.348980772644,3.330419227357197,e,minimum_078
1701,73.0,+,3,48420.4794,2,2,-1.0,0.0,-1.0,1.0,48424.16017702896,-3.680777028966986,f,minimum_078
1702,73.0,-,33,48420.9394,2,2,-1.0,0.0,-1.0,1.0,48424.579520349405,-3.640120349402423,e,minimum_078
1703,73.0,+,4,49156.5494,2,3,-1.0,0.0,-1.0,1.0,49168.97537491664,-12.425974916637642,f,minimum_078
1704,73.0,-,34,49157.0394,2,3,-1.0,0.0,-1.0,1.0,49169.388367776075,-12.34896777607355,e,minimum_078
1705,73.0,+,5,49879.1294,2,4,-1.0,0.0,-1.0,1.0,49892.61758471768,-13.48818471768027,f,minimum_078
1706,73.0,-,35,49879.6494,2,4,-1.0,0.0,-1.0,1.0,49893.0210748887,-13.371674888694542,e,minimum_078
1707,73.0,+,6,50587.7494,2,5,-1.0,0.0,-1.0,1.0,50582.10549219987,5.643907800127636,f,minimum_078
1708,73.0,-,36,50588.2894,2,5,-1.0,0.0,-1.0,1.0,50582.49391653254,5.795483467460144,e,minimum_078
1709,74.0,-,1,46989.2594,2,0,-1.0,0.0,-1.0,1.0,46989.34120515765,-0.08180515764979646,f,minimum_078
1710,74.0,+,31,46989.2894,2,0,-1.0,0.0,-1.0,1.0,46989.77941912027,-0.4900191202686983,e,minimum_078
1711,74.0,-,2,47750.6094,2,1,-1.0,0.0,-1.0,1.0,47747.48217936592,3.127220634080004,f,minimum_078
1712,74.0,+,32,47751.0794,2,1,-1.0,0.0,-1.0,1.0,47747.91685787722,3.162542122779996,e,minimum_078
1713,74.0,-,3,48498.9894,2,2,-1.0,0.0,-1.0,1.0,48503.021084033404,-4.031684033405327,f,minimum_078
1714,74.0,+,33,48499.5394,2,2,-1.0,0.0,-1.0,1.0,48503.451174681875,-3.911774681873794,e,minimum_078
1715,74.0,-,4,49234.2494,2,3,-1.0,0.0,-1.0,1.0,49247.00126678347,-12.75186678346654,f,minimum_078
1716,74.0,+,34,49234.7394,2,3,-1.0,0.0,-1.0,1.0,49247.424781451686,-12.685381451687135,e,minimum_078
1717,74.0,-,5,49955.9894,2,4,-1.0,0.0,-1.0,1.0,49969.56376674862,-13.574366748624016,f,minimum_078
1718,74.0,+,35,49956.4894,2,4,-1.0,0.0,-1.0,1.0,49969.977414478075,-13.488014478076366,e,minimum_078
1719,74.0,-,6,50663.6994,2,5,-1.0,0.0,-1.0,1.0,50657.52106076014,6.178339239857451,f,minimum_078
1720,74.0,-,6,50664.1994,2,5,-1.0,0.0,-1.0,1.0,50657.52106076014,6.678339239857451,f,minimum_078
1721,75.0,-,31,47071.1094,2,0,-1.0,0.0,-1.0,1.0,47071.017078474404,0.09232152559707174,e,minimum_078
1722,75.0,+,2,47830.9794,2,1,-1.0,0.0,-1.0,1.0,47828.06686022295,2.912539777047641,f,minimum_078
1723,75.0,-,32,47831.4894,2,1,-1.0,0.0,-1.0,1.0,47828.51253076873,2.9768692312718485,e,minimum_078
1724,75.0,+,3,48578.5894,2,2,-1.0,0.0,-1.0,1.0,48582.89893237818,-4.309532378181757,f,minimum_078
1725,75.0,-,33,48499.5394,2,2,-1.0,0.0,-1.0,0.0,48583.33987542929,-83.80047542928514,e,minimum_078
1726,75.0,+,4,49312.9794,2,3,-1.0,0.0,-1.0,1.0,49326.02860607905,-13.049206079056603,f,minimum_078
1727,75.0,-,34,49313.4794,2,3,-1.0,0.0,-1.0,1.0,49326.4627410006,-12.983341000603104,e,minimum_078
1728,75.0,+,5,50033.7894,2,4,-1.0,0.0,-1.0,1.0,50047.4882030738,-13.698803073799354,f,minimum_078
1729,75.0,-,35,50034.3294,2,4,-1.0,0.0,-1.0,1.0,50047.9120944223,-13.582694422300847,e,minimum_078
1730,75.0,+,6,50740.6494,2,5,-1.0,0.0,-1.0,1.0,50733.87550500657,6.773894993435533,f,minimum_078
1731,75.0,-,36,50741.1094,2,5,-1.0,0.0,-1.0,1.0,50734.283041797935,6.826358202066331,e,minimum_078
1732,76.0,+,31,47153.3994,2,0,-1.0,0.0,-1.0,1.0,47153.28759690335,0.11180309665360255,e,minimum_078
1733,76.0,-,2,47912.4194,2,1,-1.0,0.0,-1.0,1.0,47909.677308120015,2.742091879983491,f,minimum_078
1734,76.0,+,32,47912.9094,2,1,-1.0,0.0,-1.0,1.0,47910.134077318195,2.7753226818022085,e,minimum_078
1735,76.0,-,3,48659.1094,2,2,-1.0,0.0,-1.0,1.0,48663.79171241664,-4.682312416640343,f,minimum_078
1736,76.0,+,33,48659.6594,2,2,-1.0,0.0,-1.0,1.0,48664.24361132786,-4.584211327863159,e,minimum_078
1737,76.0,-,4,49392.6594,2,3,-1.0,0.0,-1.0,1.0,49406.05514350763,-13.395743507629959,f,minimum_078
1738,76.0,+,34,49393.1394,2,3,-1.0,0.0,-1.0,1.0,49406.499995287166,-13.36059528716578,e,minimum_078
1739,76.0,-,5,50112.6194,2,4,-1.0,0.0,-1.0,1.0,50126.3881331424,-13.768733142394922,f,minimum_078
1740,76.0,+,35,50113.1694,2,4,-1.0,0.0,-1.0,1.0,50126.82235183191,-13.652951831907558,e,minimum_078
1741,76.0,-,6,50818.5394,2,5,-1.0,0.0,-1.0,1.0,50811.164782324595,7.3746176754066255,f,minimum_078
1742,77.0,-,31,47236.7094,2,0,-1.0,0.0,-1.0,1.0,47236.588981037734,0.12041896226583049,e,minimum_078
1743,77.0,+,2,47994.8494,2,1,-1.0,0.0,-1.0,1.0,47992.31157553142,2.5378244685780373,f,minimum_078
1744,77.0,+,3,48740.6994,2,2,-1.0,0.0,-1.0,1.0,48745.697383380124,-4.997983380126243,f,minimum_078
1745,77.0,-,33,48741.2394,2,2,-1.0,0.0,-1.0,1.0,48746.16033996882,-4.920939968818857,e,minimum_078
1746,77.0,+,4,49473.3494,2,3,-1.0,0.0,-1.0,1.0,49487.078589320365,-13.729189320365549,f,minimum_078
1747,77.0,-,34,49473.8694,2,3,-1.0,0.0,-1.0,1.0,49487.53425268859,-13.664852688583778,e,minimum_078
1748,77.0,+,5,50192.4194,2,4,-1.0,0.0,-1.0,1.0,50206.260733368195,-13.841333368196501,f,minimum_078
1749,77.0,-,35,50192.9694,2,4,-1.0,0.0,-1.0,1.0,50206.705360720436,-13.735960720434377,e,minimum_078
1750,77.0,+,6,50897.4894,2,5,-1.0,0.0,-1.0,1.0,50889.384708889826,8.104691110173007,f,minimum_078
1751,77.0,-,36,50891.9394,2,5,-1.0,0.0,-1.0,1.0,50889.811582259,2.127817741005856,e,minimum_078
1752,78.0,+,31,47321.0394,2,0,-1.0,0.0,-1.0,0.0,47320.91921186333,0.12018813667236827,e,minimum_078
1753,78.0,-,2,48078.3494,2,1,-1.0,0.0,-1.0,1.0,48075.96768790137,2.3817120986277587,f,minimum_078
1754,78.0,+,32,48070.8294,2,1,-1.0,0.0,-1.0,1.0,48076.44696806675,-5.617568066751119,e,minimum_078
1755,78.0,-,3,48823.3194,2,2,-1.0,0.0,-1.0,1.0,48828.613873074486,-5.2944730744857225,f,minimum_078
1756,78.0,+,33,48823.8294,2,2,-1.0,0.0,-1.0,1.0,48829.087987493964,-5.258587493961386,e,minimum_078
1757,78.0,-,4,49555.0294,2,3,-1.0,0.0,-1.0,1.0,49569.09661258753,-14.067212587528047,f,minimum_078
1758,78.0,+,34,49555.5694,2,3,-1.0,0.0,-1.0,1.0,49569.56318036649,-13.993780366487044,e,minimum_078
1759,78.0,-,5,50273.1594,2,4,-1.0,0.0,-1.0,1.0,50287.10311512417,-13.94371512417274,f,minimum_078
1760,78.0,+,35,50273.7394,2,4,-1.0,0.0,-1.0,1.0,50287.55822999599,-13.818829995994747,e,minimum_078
1761,78.0,-,6,50977.2394,2,5,-1.0,0.0,-1.0,1.0,50968.53095065957,8.708449340425432,f,minimum_078
1762,78.0,+,36,50977.7594,2,5,-1.0,0.0,-1.0,1.0,50968.967566291925,8.79183370807732,e,minimum_078
1763,79.0,-,31,47406.3994,2,0,-1.0,0.0,-1.0,0.0,47406.27624476074,0.12315523926372407,e,minimum_078
1764,79.0,+,2,48162.7494,2,1,-1.0,0.0,-1.0,1.0,48160.64364352902,2.1057564709772123,f,minimum_078
1765,79.0,-,32,48163.3594,2,1,-1.0,0.0,-1.0,1.0,48161.13433286698,2.225067133018456,e,minimum_078
1766,79.0,+,3,48906.8494,2,2,-1.0,0.0,-1.0,1.0,48912.53907756129,-5.689677561291319,f,minimum_078
1767,79.0,-,33,48907.4394,2,2,-1.0,0.0,-1.0,1.0,48913.02444827743,-5.585048277425813,e,minimum_078
1768,79.0,+,4,49637.7094,2,3,-1.0,0.0,-1.0,1.0,49652.106840431414,-14.397440431413997,f,minimum_078
1769,79.0,-,34,49638.2694,2,3,-1.0,0.0,-1.0,1.0,49652.58440349909,-14.31500349909038,e,minimum_078
1770,79.0,+,5,50354.9194,2,4,-1.0,0.0,-1.0,1.0,50368.91232259986,-13.99292259986396,f,minimum_078
1771,79.0,-,35,50355.5694,2,4,-1.0,0.0,-1.0,1.0,50369.37800131633,-13.80860131632653,e,minimum_078
1772,79.0,+,6,51058.0994,2,5,-1.0,0.0,-1.0,1.0,51048.59901305606,9.500386943938793,f,minimum_078
1773,79.0,-,36,51058.6294,2,5,-1.0,0.0,-1.0,1.0,51049.045414474174,9.583985525823664,e,minimum_078
1774,80.0,+,31,47492.7894,2,0,-1.0,0.0,-1.0,1.0,47492.65800954743,0.13139045257412363,e,minimum_078
1775,80.0,-,2,48248.3294,2,1,-1.0,0.0,-1.0,1.0,48246.337413447574,1.9919865524279885,f,minimum_078
1776,80.0,-,3,48991.4794,2,2,-1.0,0.0,-1.0,1.0,48997.47086082313,-5.991460823133821,f,minimum_078
1777,80.0,+,33,48991.9994,2,2,-1.0,0.0,-1.0,1.0,48997.96758458915,-5.968184589146404,e,minimum_078
1778,80.0,-,4,49721.3794,2,3,-1.0,0.0,-1.0,1.0,49736.106857216415,-14.727457216416951,f,minimum_078
1779,80.0,+,34,49721.8494,2,3,-1.0,0.0,-1.0,1.0,49736.59550446993,-14.746104469930287,e,minimum_078
1780,80.0,-,5,50437.6794,2,4,-1.0,0.0,-1.0,1.0,50451.685330510925,-14.005930510924372,f,minimum_078
1781,80.0,+,35,50438.2394,2,4,-1.0,0.0,-1.0,1.0,50452.161646794,-13.922246793998056,e,minimum_078
1782,80.0,-,6,51139.8794,2,5,-1.0,0.0,-1.0,1.0,51129.58422843138,10.2951715686213,f,minimum_078
1783,80.0,+,36,51140.3294,2,5,-1.0,0.0,-1.0,1.0,51130.04045448846,10.288945511543716,e,minimum_078
1784,81.0,-,31,47580.2694,2,0,-1.0,0.0,-1.0,0.0,47580.06241051897,0.20698948102653958,e,minimum_078
1785,81.0,+,2,48334.7794,2,1,-1.0,0.0,-1.0,1.0,48333.04694129706,1.7324587029361282,f,minimum_078
1786,81.0,+,3,49076.9894,2,2,-1.0,0.0,-1.0,1.0,49083.40705441112,-6.417654411117837,f,minimum_078
1787,81.0,-,33,49017.6694,2,2,-1.0,0.0,-1.0,0.0,49083.91522624405,-66.24582624404866,e,minimum_078
1788,81.0,+,4,49806.0394,2,3,-1.0,0.0,-1.0,1.0,49821.09420369475,-15.054803694751172,f,minimum_078
1789,81.0,-,34,49806.5594,2,3,-1.0,0.0,-1.0,1.0,49821.59402201263,-15.03462201263028,e,minimum_078
1790,81.0,-,35,50521.9294,2,4,-1.0,0.0,-1.0,1.0,50535.9060665417,-13.976666541697341,e,minimum_078
1791,81.0,-,36,51222.9994,2,5,-1.0,0.0,-1.0,1.0,51211.94782193285,11.051578067148512,e,minimum_078
1792,82.0,+,31,47660.6394,2,0,-1.0,0.0,-1.0,1.0,47668.48732649382,-7.847926493821433,e,minimum_078
1793,82.0,-,2,48422.3594,2,1,-1.0,0.0,-1.0,1.0,48420.770143190406,1.5892568095950992,f,minimum_078
1794,82.0,+,32,48422.8494,2,1,-1.0,0.0,-1.0,1.0,48421.295655564354,1.5537444356450578,e,minimum_078
1795,82.0,-,3,49163.6194,2,2,-1.0,0.0,-1.0,1.0,49170.34545707551,-6.726057075509743,f,minimum_078
1796,82.0,+,33,49164.1694,2,2,-1.0,0.0,-1.0,1.0,49170.865170230565,-6.695770230566268,e,minimum_078
1797,82.0,-,4,49891.6394,2,3,-1.0,0.0,-1.0,1.0,49907.06637610296,-15.42697610295727,f,minimum_078
1798,82.0,+,34,49892.1694,2,3,-1.0,0.0,-1.0,1.0,49907.57745030703,-15.408050307029043,e,minimum_078
1799,82.0,+,35,50606.5494,2,4,-1.0,0.0,-1.0,1.0,50620.608086039916,-14.058686039912573,e,minimum_078
1800,83.0,-,31,47758.2094,2,0,-1.0,0.0,-1.0,0.0,47757.930610857395,0.2787891426050919,e,minimum_078
1801,83.0,+,2,48510.7994,2,1,-1.0,0.0,-1.0,1.0,48509.50490757169,1.2944924283146975,f,minimum_078
1802,83.0,-,32,48511.4794,2,1,-1.0,0.0,-1.0,1.0,48510.04222067854,1.4371793214595527,e,minimum_078
1803,83.0,+,3,49251.1594,2,2,-1.0,0.0,-1.0,1.0,49258.28383437721,-7.12443437721231,f,minimum_078
1804,83.0,-,33,49251.7894,2,2,-1.0,0.0,-1.0,1.0,49258.8151803225,-7.025780322495848,e,minimum_078
1805,83.0,+,4,49978.2194,2,3,-1.0,0.0,-1.0,1.0,49994.020825208456,-15.80142520845402,f,minimum_078
1806,83.0,-,34,49978.8694,2,3,-1.0,0.0,-1.0,1.0,49994.5432380232,-15.673838023198186,e,minimum_078
1807,83.0,-,35,50692.2594,2,4,-1.0,0.0,-1.0,1.0,50706.26445331279,-14.005053312786913,e,minimum_078
1808,83.0,-,36,51391.4294,2,5,-1.0,0.0,-1.0,1.0,51378.08470208952,13.344697910477407,e,minimum_078
1809,84.0,-,2,48600.4094,2,1,-1.0,0.0,-1.0,1.0,48599.24909506762,1.1603049323748564,f,minimum_078
1810,84.0,+,32,48600.9294,2,1,-1.0,0.0,-1.0,1.0,48599.798302662726,1.1310973372746957,e,minimum_078
1811,84.0,-,3,49339.7994,2,2,-1.0,0.0,-1.0,1.0,49347.21991827899,-7.420518278988311,f,minimum_078
1812,84.0,+,33,49340.3294,2,2,-1.0,0.0,-1.0,1.0,49347.76298667023,-7.433586670224031,e,minimum_078
1813,84.0,-,4,50065.8794,2,3,-1.0,0.0,-1.0,1.0,50081.95495530049,-16.07555530049285,f,minimum_078
1814,84.0,+,34,50066.4394,2,3,-1.0,0.0,-1.0,1.0,50082.48878731232,-16.049387312319595,e,minimum_078
1815,85.0,+,2,48690.8194,2,1,-1.0,0.0,-1.0,1.0,48690.000538331245,0.8188616687548347,f,minimum_078
1816,85.0,-,32,48691.6194,2,1,-1.0,0.0,-1.0,1.0,48690.56173247829,1.057667521716212,e,minimum_078
1817,85.0,+,3,49429.2994,2,2,-1.0,0.0,-1.0,1.0,49437.15140671639,-7.852006716384494,f,minimum_078
1818,85.0,-,33,49429.9194,2,2,-1.0,0.0,-1.0,1.0,49437.706285369946,-7.786885369947413,e,minimum_078
1819,85.0,+,4,50154.4194,2,3,-1.0,0.0,-1.0,1.0,50170.86612312334,-16.446723123342963,f,minimum_078
1820,85.0,-,34,50155.1094,2,3,-1.0,0.0,-1.0,1.0,50171.4114527373,-16.302052737300983,e,minimum_078
1821,86.0,-,2,48782.4794,2,1,-1.0,0.0,-1.0,1.0,48781.757041876954,0.7223581230427953,f,minimum_078
1822,86.0,+,32,48783.0394,2,1,-1.0,0.0,-1.0,1.0,48782.33031293018,0.7090870698229992,e,minimum_078
1823,86.0,+,33,49520.4794,2,2,-1.0,0.0,-1.0,1.0,49528.64273801374,-8.16333801374276,e,minimum_078
1824,86.0,-,4,50244.0494,2,3,-1.0,0.0,-1.0,1.0,50260.75163674669,-16.70223674668523,f,minimum_078
1825,86.0,+,34,50244.6094,2,3,-1.0,0.0,-1.0,1.0,50261.308540142905,-16.69914014290407,e,minimum_078
1826,87.0,+,3,49611.3694,2,2,-1.0,0.0,-1.0,1.0,49619.99121607485,-8.62181607484672,f,minimum_078
1827,87.0,+,4,50334.4794,2,3,-1.0,0.0,-1.0,1.0,50351.608754369605,-17.129354369608336,f,minimum_078
1828,88.0,-,2,48968.5094,2,1,-1.0,0.0,-1.0,1.0,48968.276306132306,0.2330938676968799,f,minimum_078
1829,88.0,+,33,49704.6194,2,2,-1.0,0.0,-1.0,1.0,49713.48557610171,-8.866176101706515,e,minimum_078
1830,88.0,+,34,50426.6494,2,3,-1.0,0.0,-1.0,1.0,50444.01495342225,-17.365553422248922,e,minimum_078
1831,89.0,-,32,49063.7494,2,1,-1.0,0.0,-1.0,1.0,49063.64456008878,0.1048399112187326,e,minimum_078
1832,89.0,+,3,49797.4294,2,2,-1.0,0.0,-1.0,1.0,49806.78414766216,-9.354747662160662,f,minimum_078
1833,89.0,+,4,50518.5294,2,3,-1.0,0.0,-1.0,1.0,50536.22657737443,-17.697177374429884,f,minimum_078
1834,90.0,-,2,49158.4994,2,1,-1.0,0.0,-1.0,1.0,49158.78875437338,-0.28935437338077463,f,minimum_078
1835,90.0,+,33,49892.6594,2,2,-1.0,0.0,-1.0,1.0,49902.27208490351,-9.612684903513582,e,minimum_078
1836,90.0,+,34,50612.6294,2,3,-1.0,0.0,-1.0,1.0,50630.58545218651,-17.95605218651326,e,minimum_078
1837,91.0,+,3,49901.4094,2,2,-1.0,0.0,-1.0,0.0,49997.510510858265,-96.10111085826793,f,minimum_078
1838,92.0,-,2,49352.4294,2,1,-1.0,0.0,-1.0,1.0,49353.27579088027,-0.8463908802659716,f,minimum_078
1839,92.0,+,33,50084.5594,2,2,-1.0,0.0,-1.0,1.0,50094.982263256905,-10.422863256906567,e,minimum_078
1840,92.0,+,34,50802.3894,2,3,-1.0,0.0,-1.0,1.0,50820.9965973937,-18.607197393699607,e,minimum_078
