source_index,J,parity,original_rank,observed_cm,state,v,Lambda,Sigma,Omega,input_weight,calculated_cm,residual_cm,ef,model
1,0.0,+,1,0.0,1,0,0.0,0.0,0.0,1.0,0.0,0.0,e,minimum_5800
2,0.0,+,2,792.6879589,1,1,0.0,0.0,0.0,1.0,792.692786010177,-0.004827110176961469,e,minimum_5800
3,1.0,-,1,1.0999934,1,0,0.0,0.0,0.0,1.0,1.099981482895,1.1917104999925598e-05,e,minimum_5800
4,1.0,-,2,793.7780516,1,1,0.0,0.0,0.0,1.0,793.782864205545,-0.004812605544998405,e,minimum_5800
5,2.0,+,1,3.2998689,1,0,0.0,0.0,0.0,1.0,3.299919320077,-5.0420077000179475e-05,e,minimum_5800
6,2.0,+,2,795.9588465,1,1,0.0,0.0,0.0,1.0,795.962995513365,-0.004149013364894927,e,minimum_5800
7,2.0,+,3,1579.0919263,1,2,0.0,0.0,0.0,1.0,1579.095364539553,-0.0034382395529064524,e,minimum_5800
8,3.0,-,1,6.6001029,1,0,0.0,0.0,0.0,1.0,6.599763254075,0.00033964592500002055,e,minimum_5800
9,3.0,-,2,799.2279753,1,1,0.0,0.0,0.0,1.0,799.233129767616,-0.005154467615966496,e,minimum_5800
10,3.0,-,3,1582.3331811,1,2,0.0,0.0,0.0,1.0,1582.336009474853,-0.002828374852924753,e,minimum_5800
11,3.0,-,4,2356.0276841,1,3,0.0,0.0,0.0,1.0,2356.029923624211,-0.0022395242108359525,e,minimum_5800
12,4.0,+,1,10.9993343,1,0,0.0,0.0,0.0,1.0,10.999437898037,-0.00010359803700055181,e,minimum_5800
13,4.0,+,2,803.5884402,1,1,0.0,0.0,0.0,1.0,803.593191718608,-0.004751518607918115,e,minimum_5800
14,4.0,+,3,1586.6534244,1,2,0.0,0.0,0.0,1.0,1586.656752564161,-0.0033281641610756196,e,minimum_5800
15,4.0,+,4,2360.3104926,1,3,0.0,0.0,0.0,1.0,2360.31163427589,-0.001141675889812177,e,minimum_5800
16,5.0,-,1,16.4991429,1,0,0.0,0.0,0.0,1.0,16.49884273493,0.00030016506999785975,e,minimum_5800
17,5.0,-,2,809.0387112,1,1,0.0,0.0,0.0,1.0,809.043081032273,-0.004369832273027896,e,minimum_5800
18,5.0,-,3,1592.0545342,1,2,0.0,0.0,0.0,1.0,1592.05749367085,-0.002959470849873469,e,minimum_5800
19,5.0,-,4,2365.6626361,1,3,0.0,0.0,0.0,1.0,2365.663585229027,-0.0009491290270489117,e,minimum_5800
20,6.0,+,1,23.0981464,1,0,0.0,0.0,0.0,1.0,23.097852116644,0.00029428335600201194,e,minimum_5800
21,6.0,+,2,815.57832,1,1,0.0,0.0,0.0,1.0,815.582672289205,-0.004352289205030502,e,minimum_5800
22,6.0,+,3,1598.5351639,1,2,0.0,0.0,0.0,1.0,1598.538107622332,-0.0029437223320201156,e,minimum_5800
23,6.0,+,4,2372.0847113,1,3,0.0,0.0,0.0,1.0,2372.085651573526,-0.0009402735258845496,e,minimum_5800
24,6.0,+,5,3136.3425996,1,4,0.0,0.0,0.0,1.0,3136.342031872794,0.0005677272060893301,e,minimum_5800
25,7.0,-,1,30.7966019,1,0,0.0,0.0,0.0,1.0,30.796315262514,0.0002866374859991083,e,minimum_5800
26,7.0,-,2,823.2074826,1,1,0.0,0.0,0.0,1.0,823.211814983426,-0.0043323834260036165,e,minimum_5800
27,7.0,-,3,1606.0955222,1,2,0.0,0.0,0.0,1.0,1606.098444208885,-0.002922008884979732,e,minimum_5800
28,7.0,-,4,2379.5767527,1,3,0.0,0.0,0.0,1.0,2379.577683414582,-0.0009307145824095642,e,minimum_5800
29,7.0,-,5,3143.7668204,1,4,0.0,0.0,0.0,1.0,3143.766252274633,0.000568125366953609,e,minimum_5800
30,8.0,+,1,39.5943332,1,0,0.0,0.0,0.0,1.0,39.594056257943,0.00027694205699901886,e,minimum_5800
31,8.0,+,2,831.9260231,1,1,0.0,0.0,0.0,1.0,831.930333520821,-0.004310420821070693,e,minimum_5800
32,8.0,+,3,1614.7354301,1,2,0.0,0.0,0.0,1.0,1614.738328182194,-0.002898082193951268,e,minimum_5800
33,8.0,+,4,2388.1385852,1,3,0.0,0.0,0.0,1.0,2388.139505871453,-0.0009206714530591853,e,minimum_5800
34,8.0,+,5,3152.2511462,1,4,0.0,0.0,0.0,1.0,3152.250577053425,0.0005691465753443481,e,minimum_5800
35,9.0,-,1,49.4911422,1,0,0.0,0.0,0.0,1.0,49.490874052503,0.0002681474969961073,e,minimum_5800
36,9.0,-,2,841.7337449,1,1,0.0,0.0,0.0,1.0,841.738027217521,-0.004282317520960532,e,minimum_5800
37,9.0,-,3,1624.454688,1,2,0.0,0.0,0.0,1.0,1624.457559253714,-0.0028712537139199412,e,minimum_5800
38,9.0,-,4,2397.7704295,1,3,0.0,0.0,0.0,1.0,2397.770919075865,-0.0004895758652310178,e,minimum_5800
39,9.0,-,5,3161.7980513,1,4,0.0,0.0,0.0,1.0,3161.794806784765,0.003244515235110157,e,minimum_5800
40,10.0,+,1,60.4868037,1,0,0.0,0.0,0.0,1.0,60.486542458029,0.00026124197100330093,e,minimum_5800
41,10.0,+,2,852.6304169,1,1,0.0,0.0,0.0,1.0,852.634670297868,-0.004253397867955755,e,minimum_5800
42,10.0,+,3,1635.253072,1,2,0.0,0.0,0.0,1.0,1635.255912092747,-0.0028400927469647286,e,minimum_5800
43,10.0,+,4,2408.4697709,1,3,0.0,0.0,0.0,1.0,2408.47169816997,-0.0019272699696557538,e,minimum_5800
44,10.0,+,5,3172.3969891,1,4,0.0,0.0,0.0,1.0,3172.398717110614,-0.0017280106139878626,e,minimum_5800
45,10.0,+,6,6137.479694,1,8,0.0,0.0,0.0,1.0,6137.485035283989,-0.005341283989764634,e,minimum_5800
46,11.0,-,1,72.5810636,1,0,0.0,0.0,0.0,1.0,72.580810146099,0.00025345390099573706,e,minimum_5800
47,11.0,-,2,864.6157918,1,1,0.0,0.0,0.0,1.0,864.620011892266,-0.004220092265995845,e,minimum_5800
48,11.0,-,3,1647.1303315,1,2,0.0,0.0,0.0,1.0,1647.133136324278,-0.002804824277973239,e,minimum_5800
49,11.0,-,4,2420.2408384,1,3,0.0,0.0,0.0,1.0,2420.241593304475,-0.0007549044748884626,e,minimum_5800
50,11.0,-,5,3184.0589839,1,4,0.0,0.0,0.0,1.0,3184.062058737007,-0.0030748370072615216,e,minimum_5800
51,11.0,-,6,5420.9274237,1,7,0.0,0.0,0.0,1.0,5420.929349221872,-0.0019255218721809797,e,minimum_5800
52,12.0,+,1,85.7734732,1,0,0.0,0.0,0.0,1.0,85.77340064558,7.255442000086987e-05,e,minimum_5800
53,12.0,+,2,877.6892945,1,1,0.0,0.0,0.0,1.0,877.693776034567,-0.004481534567048584,e,minimum_5800
54,12.0,+,3,1660.0864698,1,2,0.0,0.0,0.0,1.0,1660.088956526607,-0.00248672660700322,e,minimum_5800
55,12.0,+,4,2433.0798513,1,3,0.0,0.0,0.0,1.0,2433.080329636147,-0.0004783361468980729,e,minimum_5800
56,12.0,+,5,3196.7851948,1,4,0.0,0.0,0.0,1.0,3196.784557432024,0.0006373679761964013,e,minimum_5800
57,12.0,+,6,4696.7856526,1,6,0.0,0.0,0.0,1.0,4696.785867135322,-0.00021453532281157095,e,minimum_5800
58,12.0,+,7,6160.993195,1,8,0.0,0.0,0.0,1.0,6160.995911073011,-0.002716073010560649,e,minimum_5800
59,13.0,-,1,100.0642708,1,0,0.0,0.0,0.0,1.0,100.06401233982,0.0002584601800066366,e,minimum_5800
60,13.0,-,2,891.8512602,1,1,0.0,0.0,0.0,1.0,891.855661659501,-0.004401459501082172,e,minimum_5800
61,13.0,-,3,1674.120561,1,2,0.0,0.0,0.0,1.0,1674.123072228698,-0.002511228698040213,e,minimum_5800
62,13.0,-,4,2446.9875729,1,3,0.0,0.0,0.0,1.0,2446.98760732533,-3.4425329886289546e-05,e,minimum_5800
63,13.0,-,5,3210.565811,1,4,0.0,0.0,0.0,1.0,3210.565914023074,-0.00010302307418896817,e,minimum_5800
64,13.0,-,6,3964.9718701,1,5,0.0,0.0,0.0,1.0,3964.971867565002,2.534998202463612e-06,e,minimum_5800
65,13.0,-,7,4710.3179569,1,6,0.0,0.0,0.0,1.0,4710.318115566071,-0.00015866607100178953,e,minimum_5800
66,13.0,-,8,5446.717117,1,7,0.0,0.0,0.0,1.0,5446.717263227978,-0.00014622797789343167,e,minimum_5800
67,14.0,+,1,115.4525736,1,0,0.0,0.0,0.0,1.0,115.452318463559,0.00025513644099817157,e,minimum_5800
68,14.0,+,2,907.1012758,1,1,0.0,0.0,0.0,1.0,907.105342599647,-0.004066799646921027,e,minimum_5800
69,14.0,+,3,1689.2324615,1,2,0.0,0.0,0.0,1.0,1689.235157907319,-0.002696407319035643,e,minimum_5800
70,14.0,+,4,2461.962767,1,3,0.0,0.0,0.0,1.0,2461.963101533185,-0.0003345331851960509,e,minimum_5800
71,14.0,+,5,3225.4067859,1,4,0.0,0.0,0.0,1.0,3225.405804394294,0.0009815057060222898,e,minimum_5800
72,14.0,+,6,3979.6769907,1,5,0.0,0.0,0.0,1.0,3979.677135088249,-0.00014438824928220129,e,minimum_5800
73,14.0,+,7,4724.8905283,1,6,0.0,0.0,0.0,1.0,4724.889743212946,0.000785087054282485,e,minimum_5800
74,14.0,+,8,5461.1550254,1,7,0.0,0.0,0.0,1.0,5461.156243445493,-0.0012180454923509387,e,minimum_5800
75,15.0,-,1,131.9379149,1,0,0.0,0.0,0.0,1.0,131.937967099509,-5.219950898549541e-05,e,minimum_5800
76,15.0,-,2,923.4386243,1,1,0.0,0.0,0.0,1.0,923.442467582187,-0.0038432821869491818,e,minimum_5800
77,15.0,-,3,1705.4227595,1,2,0.0,0.0,0.0,1.0,1705.424862983822,-0.0021034838221112295,e,minimum_5800
78,15.0,-,4,2478.0080176,1,3,0.0,0.0,0.0,1.0,2478.006462418523,0.0015551814772152284,e,minimum_5800
79,15.0,-,5,3241.3045429,1,4,0.0,0.0,0.0,1.0,3241.303879483582,0.0006634164178649371,e,minimum_5800
80,15.0,-,6,3995.4317485,1,5,0.0,0.0,0.0,1.0,3995.430975665191,0.0007728348091404769,e,minimum_5800
81,15.0,-,7,4740.499113,1,6,0.0,0.0,0.0,1.0,4740.50040270606,-0.0012897060605610022,e,minimum_5800
82,15.0,-,8,5476.6235257,1,7,0.0,0.0,0.0,1.0,5476.6247854619,-0.0012597618997460813,e,minimum_5800
83,15.0,-,9,6203.9156294,1,8,0.0,0.0,0.0,1.0,6203.917588405689,-0.001959005688149773,e,minimum_5800
84,16.0,+,1,149.520503,1,0,0.0,0.0,0.0,1.0,149.520581174834,-7.817483401595382e-05,e,minimum_5800
85,16.0,+,2,940.8628167,1,1,0.0,0.0,0.0,1.0,940.86666022551,-0.0038435255099784627,e,minimum_5800
86,16.0,+,3,1722.6893955,1,2,0.0,0.0,0.0,1.0,1722.691811821109,-0.0024163211089671677,e,minimum_5800
87,16.0,+,4,2495.1173125,1,3,0.0,0.0,0.0,1.0,2495.117315134778,-2.634777956700418e-06,e,minimum_5800
88,16.0,+,5,3258.2619272,1,4,0.0,0.0,0.0,1.0,3258.259765279456,0.0021619205440401856,e,minimum_5800
89,16.0,+,6,4012.2331996,1,5,0.0,0.0,0.0,1.0,4012.23301616603,0.00018343396959608071,e,minimum_5800
90,16.0,+,7,4757.1497897,1,6,0.0,0.0,0.0,1.0,4757.149721848103,6.785189725633245e-05,e,minimum_5800
91,16.0,+,8,5493.1224402,1,7,0.0,0.0,0.0,1.0,5493.122518068742,-7.786874175508274e-05,e,minimum_5800
92,17.0,-,1,168.200068,1,0,0.0,0.0,0.0,1.0,168.199758457178,0.00030954282198081273,e,minimum_5800
93,17.0,-,2,959.3731833,1,1,0.0,0.0,0.0,1.0,959.377519035417,-0.00433573541693022,e,minimum_5800
94,17.0,-,3,1741.0329765,1,2,0.0,0.0,0.0,1.0,1741.03560371959,-0.002627219590067398,e,minimum_5800
95,17.0,-,4,2513.294796,1,3,0.0,0.0,0.0,1.0,2513.295259826251,-0.0004638262507796753,e,minimum_5800
96,17.0,-,5,3276.2734748,1,4,0.0,0.0,0.0,1.0,3276.273062817494,0.0004119825057387061,e,minimum_5800
97,17.0,-,6,4030.0830228,1,5,0.0,0.0,0.0,1.0,4030.08285856737,0.00016423263014075928,e,minimum_5800
98,17.0,-,7,4774.8360906,1,6,0.0,0.0,0.0,1.0,4774.837303610895,-0.001213010895298794,e,minimum_5800
99,17.0,-,10,6955.8818255,1,9,0.0,0.0,0.0,1.0,6955.899868916131,-0.01804341613114957,e,minimum_5800
100,18.0,+,1,187.9752926,1,0,0.0,0.0,0.0,1.0,187.975071550681,0.0002210493189807039,e,minimum_5800
101,18.0,+,2,978.9710668,1,1,0.0,0.0,0.0,1.0,978.974617401221,-0.0035506012210362314,e,minimum_5800
102,18.0,+,3,1760.4533952,1,2,0.0,0.0,0.0,1.0,1760.455812913631,-0.0024177136310754577,e,minimum_5800
103,18.0,+,4,2532.5391656,1,3,0.0,0.0,0.0,1.0,2532.539871624514,-0.0007060245138745813,e,minimum_5800
104,18.0,+,5,3295.343989,1,4,0.0,0.0,0.0,1.0,3295.34334817704,0.0006408229601220228,e,minimum_5800
105,18.0,+,6,4048.9805902,1,5,0.0,0.0,0.0,1.0,4048.980079948821,0.0005102511786390096,e,minimum_5800
106,18.0,+,7,5529.1966455,1,7,0.0,0.0,0.0,1.0,5529.203946395773,-0.007300895772459626,e,minimum_5800
107,18.0,+,8,6256.0126651,1,8,0.0,0.0,0.0,1.0,6256.01726271873,-0.004597618730258546,e,minimum_5800
108,19.0,-,1,208.8466153,1,0,0.0,0.0,0.0,1.0,208.84606789136,0.0005474086399885891,e,minimum_5800
109,19.0,-,2,999.6536711,1,1,0.0,0.0,0.0,1.0,999.657503591449,-0.0038324914489749062,e,minimum_5800
110,19.0,-,3,1780.9503825,1,2,0.0,0.0,0.0,1.0,1780.951988567398,-0.0016060673981428408,e,minimum_5800
111,19.0,-,4,2552.8503663,1,3,0.0,0.0,0.0,1.0,2552.850700644461,-0.00033434446095270687,e,minimum_5800
112,19.0,-,5,3315.4705711,1,4,0.0,0.0,0.0,1.0,3315.470172476901,0.00039862309904492577,e,minimum_5800
113,19.0,-,6,4068.9249519,1,5,0.0,0.0,0.0,1.0,4068.924232489358,0.0007194106419774471,e,minimum_5800
114,19.0,-,7,4813.3259189,1,6,0.0,0.0,0.0,1.0,4813.325542712287,0.000376187713300169,e,minimum_5800
115,19.0,-,8,5548.7849651,1,7,0.0,0.0,0.0,1.0,5548.78677586524,-0.0018107652404069086,e,minimum_5800
116,20.0,+,1,230.8116135,1,0,0.0,0.0,0.0,1.0,230.812269742792,-0.000656242792018702,e,minimum_5800
117,20.0,+,2,1021.4225216,1,1,0.0,0.0,0.0,1.0,1021.425700749424,-0.003179149423999661,e,minimum_5800
118,20.0,+,3,1802.521403,1,2,0.0,0.0,0.0,1.0,1802.523654770503,-0.002251770503107764,e,minimum_5800
119,20.0,+,4,2574.2275772,1,3,0.0,0.0,0.0,1.0,2574.227271979999,0.0003052200008824002,e,minimum_5800
120,20.0,+,5,3336.653174,1,4,0.0,0.0,0.0,1.0,3336.653061871673,0.00011212832714591059,e,minimum_5800
121,20.0,+,6,4089.9152117,1,5,0.0,0.0,0.0,1.0,4089.914843463051,0.0003682369488160475,e,minimum_5800
122,20.0,+,7,4834.123355,1,6,0.0,0.0,0.0,1.0,4834.125281809454,-0.0019268094538347214,e,minimum_5800
123,20.0,+,8,5569.3973633,1,7,0.0,0.0,0.0,1.0,5569.397063416558,0.00029988344158482505,e,minimum_5800
124,21.0,-,1,253.8731121,1,0,0.0,0.0,0.0,1.0,253.873174190775,-6.20907750032984e-05,e,minimum_5800
125,21.0,-,2,1044.2741363,1,1,0.0,0.0,0.0,1.0,1044.27870688853,-0.004570588529986708,e,minimum_5800
126,21.0,-,3,1825.1687953,1,2,0.0,0.0,0.0,1.0,1825.170310533428,-0.0015152334278809576,e,minimum_5800
127,21.0,-,4,2596.6681339,1,3,0.0,0.0,0.0,1.0,2596.669085699685,-0.0009517996850263444,e,minimum_5800
128,21.0,-,5,3358.8921152,1,4,0.0,0.0,0.0,1.0,3358.891517547079,0.000597652920987457,e,minimum_5800
129,21.0,-,6,4111.9509945,1,5,0.0,0.0,0.0,1.0,4111.951415235147,-0.00042073514669027645,e,minimum_5800
130,21.0,-,7,4855.9625398,1,6,0.0,0.0,0.0,1.0,4855.961447036704,0.0010927632956736488,e,minimum_5800
131,21.0,-,9,6317.2850927,1,8,0.0,0.0,0.0,1.0,6317.283606160148,0.0014865398516121786,e,minimum_5800
132,21.0,-,10,7034.8142759,1,9,0.0,0.0,0.0,1.0,7034.824384694428,-0.010108794427651446,e,minimum_5800
133,22.0,+,1,278.0282621,1,0,0.0,0.0,0.0,1.0,278.028253138493,8.961506978266698e-06,e,minimum_5800
134,22.0,+,2,1068.2120738,1,1,0.0,0.0,0.0,1.0,1068.215994887157,-0.0039210871568684524,e,minimum_5800
135,22.0,+,3,1848.8888521,1,2,0.0,0.0,0.0,1.0,1848.891429782701,-0.002577682701030426,e,minimum_5800
136,22.0,+,4,2620.1755543,1,3,0.0,0.0,0.0,1.0,2620.175616841927,-6.254192703636363e-05,e,minimum_5800
137,22.0,+,5,3382.1842316,1,4,0.0,0.0,0.0,1.0,3382.185015715629,-0.0007841156289032369,e,minimum_5800
138,22.0,+,6,4135.033936,1,5,0.0,0.0,0.0,1.0,4135.033425257488,0.0005107425122332643,e,minimum_5800
139,22.0,+,7,4878.8335,1,6,0.0,0.0,0.0,1.0,4878.833517156962,-1.7156962712761015e-05,e,minimum_5800
140,22.0,+,8,5613.6987423,1,7,0.0,0.0,0.0,1.0,5613.698007727908,0.0007345720923694898,e,minimum_5800
141,22.0,+,9,6339.7386513,1,8,0.0,0.0,0.0,1.0,6339.74051213648,-0.0018608364798637922,e,minimum_5800
142,23.0,-,1,303.2769997,1,0,0.0,0.0,0.0,1.0,303.276953300886,4.639911395543095e-05,e,minimum_5800
143,23.0,-,2,1093.2331713,1,1,0.0,0.0,0.0,1.0,1093.23701248357,-0.003841183569875284,e,minimum_5800
144,23.0,-,3,1873.6847841,1,2,0.0,0.0,0.0,1.0,1873.686461355845,-0.0016772558451521036,e,minimum_5800
145,23.0,-,4,2644.7454534,1,3,0.0,0.0,0.0,1.0,2644.74631541022,-0.0008620102203167335,e,minimum_5800
146,23.0,-,5,3406.5335271,1,4,0.0,0.0,0.0,1.0,3406.533007611662,0.0005194883378862869,e,minimum_5800
147,23.0,-,6,4159.1597529,1,5,0.0,0.0,0.0,1.0,4159.160326063948,-0.0005731639475925476,e,minimum_5800
148,23.0,-,7,4902.7422222,1,6,0.0,0.0,0.0,1.0,4902.740946078923,0.0012761210764438147,e,minimum_5800
149,23.0,-,8,5637.3865575,1,7,0.0,0.0,0.0,1.0,5637.38760000909,-0.0010425090904391254,e,minimum_5800
150,24.0,+,1,329.6172291,1,0,0.0,0.0,0.0,1.0,329.618696198928,-0.0014670989280034519,e,minimum_5800
151,24.0,+,2,1119.3376964,1,1,0.0,0.0,0.0,1.0,1119.341182270331,-0.003485870331132901,e,minimum_5800
152,24.0,+,3,1899.5525489,1,2,0.0,0.0,0.0,1.0,1899.554828996027,-0.0022800960271069926,e,minimum_5800
153,24.0,+,4,2670.3807747,1,3,0.0,0.0,0.0,1.0,2670.380606367806,0.0001683321938799054,e,minimum_5800
154,24.0,+,5,3431.9343385,1,4,0.0,0.0,0.0,1.0,3431.934919486479,-0.0005809864787806873,e,minimum_5800
155,24.0,+,6,4184.3319819,1,5,0.0,0.0,0.0,1.0,4184.331545265536,0.00043663446376740467,e,minimum_5800
156,24.0,+,7,4927.6823741,1,6,0.0,0.0,0.0,1.0,4927.683162852189,-0.0007887521887823823,e,minimum_5800
157,24.0,+,8,5662.1069012,1,7,0.0,0.0,0.0,1.0,5662.102521405662,0.004379794338092324,e,minimum_5800
158,25.0,-,1,357.0534536,1,0,0.0,0.0,0.0,1.0,357.052878153676,0.000575446324035056,e,minimum_5800
159,25.0,-,2,1146.5229088,1,1,0.0,0.0,0.0,1.0,1146.527901688531,-0.0049928885309782345,e,minimum_5800
160,25.0,-,3,1926.4947514,1,2,0.0,0.0,0.0,1.0,1926.495931346474,-0.001179946473939708,e,minimum_5800
161,25.0,-,4,2697.0773555,1,3,0.0,0.0,0.0,1.0,2697.077889632344,-0.0005341323440006818,e,minimum_5800
162,25.0,-,5,3458.3905635,1,4,0.0,0.0,0.0,1.0,3458.390152602904,0.0004108970961169689,e,minimum_5800
163,25.0,-,6,4210.5456507,1,5,0.0,0.0,0.0,1.0,4210.546485545226,-0.000834845225654135,e,minimum_5800
164,25.0,-,7,4953.6602446,1,6,0.0,0.0,0.0,1.0,4953.659571662242,0.000672937757371983,e,minimum_5800
165,25.0,-,8,5687.8429876,1,7,0.0,0.0,0.0,1.0,5687.842177697575,0.0008099024253169773,e,minimum_5800
166,25.0,-,9,6413.2053666,1,8,0.0,0.0,0.0,1.0,6413.208001383081,-0.002634783080793568,e,minimum_5800
167,25.0,-,10,7129.8617642,1,9,0.0,0.0,0.0,1.0,7129.872244365339,-0.010480165338776715,e,minimum_5800
168,26.0,+,1,385.5788546,1,0,0.0,0.0,0.0,1.0,385.578870280068,-1.568006797469934e-05,e,minimum_5800
169,26.0,+,2,1174.7935762,1,1,0.0,0.0,0.0,1.0,1174.796543021839,-0.0029668218389815593,e,minimum_5800
170,26.0,+,3,1954.5070568,1,2,0.0,0.0,0.0,1.0,1954.509141944671,-0.002085144670900263,e,minimum_5800
171,26.0,+,4,2724.8377694,1,3,0.0,0.0,0.0,1.0,2724.837540070296,0.00022932970387046225,e,minimum_5800
172,26.0,+,5,3485.8981653,1,4,0.0,0.0,0.0,1.0,3485.898083230051,8.206994925785693e-05,e,minimum_5800
173,26.0,+,6,4237.8050881,1,5,0.0,0.0,0.0,1.0,4237.804524652709,0.0005634472909150645,e,minimum_5800
174,26.0,+,7,4980.6697979,1,6,0.0,0.0,0.0,1.0,4980.669551825598,0.0002460744017298566,e,minimum_5800
175,26.0,+,8,5714.6073731,1,7,0.0,0.0,0.0,1.0,5714.605949863923,0.0014232360763344332,e,minimum_5800
176,26.0,+,9,6439.7273463,1,8,0.0,0.0,0.0,1.0,6439.72744648696,-0.00010018695957114687,e,minimum_5800
177,27.0,-,1,415.1943752,1,0,0.0,0.0,0.0,1.0,415.196018480222,-0.0016432802219696896,e,minimum_5800
178,27.0,-,2,1204.1432101,1,1,0.0,0.0,0.0,1.0,1204.146453390159,-0.003243290158934542,e,minimum_5800
179,27.0,-,3,1983.5927471,1,2,0.0,0.0,0.0,1.0,1983.593809216281,-0.0010621162809911766,e,minimum_5800
180,27.0,-,4,2753.6586651,1,3,0.0,0.0,0.0,1.0,2753.658907490851,-0.00024239085132649052,e,minimum_5800
181,27.0,-,5,3514.4587493,1,4,0.0,0.0,0.0,1.0,3514.458062637302,0.0006866626977171109,e,minimum_5800
182,27.0,-,6,4266.1050384,1,5,0.0,0.0,0.0,1.0,4266.105015398804,2.30011955864029e-05,e,minimum_5800
183,27.0,-,7,5008.7132903,1,6,0.0,0.0,0.0,1.0,5008.712457784168,0.0008325158323714277,e,minimum_5800
184,27.0,-,8,5742.3948796,1,7,0.0,0.0,0.0,1.0,5742.393194077793,0.0016855222074809717,e,minimum_5800
185,28.0,+,1,445.9041894,1,0,0.0,0.0,0.0,1.0,445.903643436796,0.0005459632039901408,e,minimum_5800
186,28.0,+,2,1234.5741236,1,1,0.0,0.0,0.0,1.0,1234.576954743162,-0.002831143162211447,e,minimum_5800
187,28.0,+,3,2013.7477338,1,2,0.0,0.0,0.0,1.0,2013.749256468886,-0.0015226688858547277,e,minimum_5800
188,28.0,+,4,2783.5417601,1,3,0.0,0.0,0.0,1.0,2783.541316640026,0.0004434599741216516,e,minimum_5800
189,28.0,+,5,3544.0699523,1,4,0.0,0.0,0.0,1.0,3544.069417088453,0.0005352115467758267,e,minimum_5800
190,28.0,+,6,4295.4481978,1,5,0.0,0.0,0.0,1.0,4295.447285649683,0.000912150317162741,e,minimum_5800
191,28.0,+,7,5037.7888337,1,6,0.0,0.0,0.0,1.0,5037.787619099813,0.0012146001872679335,e,minimum_5800
192,28.0,+,9,6495.8081501,1,8,0.0,0.0,0.0,1.0,6495.807944909253,0.00020519074678304605,e,minimum_5800
193,29.0,-,1,477.7014795,1,0,0.0,0.0,0.0,1.0,477.701040605837,0.0004388941629827059,e,minimum_5800
194,29.0,-,2,1266.0848307,1,1,0.0,0.0,0.0,1.0,1266.087343853422,-0.002513153421887182,e,minimum_5800
195,29.0,-,3,2044.9736118,1,2,0.0,0.0,0.0,1.0,2044.974781885216,-0.001170085216017469,e,minimum_5800
196,29.0,-,4,2814.484526,1,3,0.0,0.0,0.0,1.0,2814.484067194072,0.00045880592824687483,e,minimum_5800
197,29.0,-,5,3574.7321414,1,4,0.0,0.0,0.0,1.0,3574.731447835503,0.0006935644969416899,e,minimum_5800
198,29.0,-,6,4325.8307682,1,5,0.0,0.0,0.0,1.0,4325.830638320857,0.00012987914305995218,e,minimum_5800
199,29.0,-,7,5067.8950096,1,6,0.0,0.0,0.0,1.0,5067.894340448461,0.0006691515391139546,e,minimum_5800
200,29.0,-,8,5801.0362072,1,7,0.0,0.0,0.0,1.0,5801.035399277818,0.0008079221815933124,e,minimum_5800
201,29.0,-,10,7240.9990395,1,9,0.0,0.0,0.0,1.0,7241.006430264539,-0.007390764538286021,e,minimum_5800
202,30.0,+,1,510.5880594,1,0,0.0,0.0,0.0,1.0,510.587480209461,0.000579190539042429,e,minimum_5800
203,30.0,+,2,1298.6745136,1,1,0.0,0.0,0.0,1.0,1298.676892309364,-0.0023787093639384693,e,minimum_5800
204,30.0,+,3,2077.2688249,1,2,0.0,0.0,0.0,1.0,2077.269658516587,-0.0008336165869877732,e,minimum_5800
205,30.0,+,4,2846.4869554,1,3,0.0,0.0,0.0,1.0,2846.486433752937,0.0005216470631239645,e,minimum_5800
206,30.0,+,5,3606.4443206,1,4,0.0,0.0,0.0,1.0,3606.443431112375,0.0008894876250451489,e,minimum_5800
207,30.0,+,6,4357.2549611,1,5,0.0,0.0,0.0,1.0,4357.254351370883,0.0006097291170590324,e,minimum_5800
208,30.0,+,7,5099.0329653,1,6,0.0,0.0,0.0,1.0,5099.031901614254,0.0010636857459758176,e,minimum_5800
209,30.0,+,9,6555.9396689,1,8,0.0,0.0,0.0,1.0,6555.939352408596,0.00031649140328227077,e,minimum_5800
210,31.0,-,1,544.5624127,1,0,0.0,0.0,0.0,1.0,544.562207228116,0.00020547188398722938,e,minimum_5800
211,31.0,-,2,1332.3426563,1,1,0.0,0.0,0.0,1.0,1332.344846507954,-0.002190207953844947,e,minimum_5800
212,31.0,-,3,2110.6324679,1,2,0.0,0.0,0.0,1.0,2110.633134275498,-0.0006663754979854275,e,minimum_5800
213,31.0,-,4,2879.5484744,1,3,0.0,0.0,0.0,1.0,2879.547665833326,0.0008085666740953457,e,minimum_5800
214,31.0,-,5,3639.2054482,1,4,0.0,0.0,0.0,1.0,3639.204618127715,0.000830072284770722,e,minimum_5800
215,31.0,-,6,4389.7184571,1,5,0.0,0.0,0.0,1.0,4389.7176777949,0.0007793050999680418,e,minimum_5800
216,31.0,-,7,5131.2000251,1,6,0.0,0.0,0.0,1.0,5131.199557483007,0.0004676169928643503,e,minimum_5800
217,31.0,-,8,5863.76468,1,7,0.0,0.0,0.0,1.0,5863.763146353298,0.0015336467022279976,e,minimum_5800
218,31.0,-,9,6587.5219094,1,8,0.0,0.0,0.0,1.0,6587.522341050624,-0.0004316506237955764,e,minimum_5800
219,32.0,+,1,579.6252752,1,0,0.0,0.0,0.0,1.0,579.624441392862,0.0008338071380649126,e,minimum_5800
220,32.0,+,2,1367.0879723,1,1,0.0,0.0,0.0,1.0,1367.090427647118,-0.0024553471180297493,e,minimum_5800
221,32.0,+,3,2145.0638048,1,2,0.0,0.0,0.0,1.0,2145.064431928544,-0.0006271285437833285,e,minimum_5800
222,32.0,+,4,2913.6678071,1,3,0.0,0.0,0.0,1.0,2913.666987861628,0.0008192383720597718,e,minimum_5800
223,32.0,+,5,3673.0151854,1,4,0.0,0.0,0.0,1.0,3673.014235058685,0.0009503413152742723,e,minimum_5800
224,32.0,+,6,4423.2201877,1,5,0.0,0.0,0.0,1.0,4423.219845617916,0.0003420820839892258,e,minimum_5800
225,32.0,+,7,5164.3973423,1,6,0.0,0.0,0.0,1.0,5164.396538036036,0.0008042639638006222,e,minimum_5800
226,32.0,+,8,5896.6579275,1,7,0.0,0.0,0.0,1.0,5896.657224803691,0.0007026963094176608,e,minimum_5800
227,32.0,+,9,6620.117684,1,8,0.0,0.0,0.0,1.0,6620.115840234364,0.0018437656353853527,e,minimum_5800
228,33.0,-,1,615.7737192,1,0,0.0,0.0,0.0,1.0,615.773377176957,0.0003420230430037918,e,minimum_5800
229,33.0,-,2,1402.9109575,1,1,0.0,0.0,0.0,1.0,1402.912831717755,-0.0018742177549029293,e,minimum_5800
230,33.0,-,3,2180.5622499,1,2,0.0,0.0,0.0,1.0,2180.562749088613,-0.0004991886130483181,e,minimum_5800
231,33.0,-,4,2948.8445478,1,3,0.0,0.0,0.0,1.0,2948.843599166372,0.0009486336280133401,e,minimum_5800
232,33.0,-,5,3707.8723005,1,4,0.0,0.0,0.0,1.0,3707.871483043029,0.0008174569711627555,e,minimum_5800
233,33.0,-,6,4457.7613009,1,5,0.0,0.0,0.0,1.0,4457.760057887863,0.0012430121369106928,e,minimum_5800
234,33.0,-,7,5198.622587,1,6,0.0,0.0,0.0,1.0,5198.622048343242,0.0005386567581808777,e,minimum_5800
235,33.0,-,8,5930.5744593,1,7,0.0,0.0,0.0,1.0,5930.570391099327,0.004068200672918465,e,minimum_5800
236,33.0,-,9,6653.718273,1,8,0.0,0.0,0.0,1.0,6653.719059463474,-0.0007864634735597065,e,minimum_5800
237,33.0,-,10,7368.1758755,1,9,0.0,0.0,0.0,1.0,7368.183612935282,-0.007737435282251681,e,minimum_5800
238,34.0,+,1,653.0090056,1,0,0.0,0.0,0.0,1.0,653.008183787631,0.0008218123690539869,e,minimum_5800
239,34.0,+,2,1439.8092642,1,1,0.0,0.0,0.0,1.0,1439.81122949585,-0.0019652958501410467,e,minimum_5800
240,34.0,+,3,2217.1270391,1,2,0.0,0.0,0.0,1.0,2217.127258207263,-0.00021910726309215534,e,minimum_5800
241,34.0,+,4,2985.0777017,1,3,0.0,0.0,0.0,1.0,2985.076673970852,0.0010277291480633721,e,minimum_5800
242,34.0,+,5,3743.7766198,1,4,0.0,0.0,0.0,1.0,3743.775538172351,0.0010816276490004384,e,minimum_5800
243,34.0,+,6,4493.3378143,1,5,0.0,0.0,0.0,1.0,4493.337492668449,0.00032163155083253514,e,minimum_5800
244,34.0,+,7,5233.876126,1,6,0.0,0.0,0.0,1.0,5233.875268556379,0.0008574436214985326,e,minimum_5800
245,34.0,+,8,5965.5031654,1,7,0.0,0.0,0.0,1.0,5965.501827609603,0.0013377903969740146,e,minimum_5800
246,34.0,+,9,6688.330373,1,8,0.0,0.0,0.0,1.0,6688.331183469034,-0.0008104690341497189,e,minimum_5800
247,35.0,-,1,691.3289175,1,0,0.0,0.0,0.0,1.0,691.328005157138,0.0009123428619659535,e,minimum_5800
248,35.0,-,2,1477.7830727,1,1,0.0,0.0,0.0,1.0,1477.784766533739,-0.0016938337389547087,e,minimum_5800
249,35.0,-,3,2254.7570742,1,2,0.0,0.0,0.0,1.0,2254.757106566244,-3.236624434066471e-05,e,minimum_5800
250,35.0,-,4,3022.3665354,1,3,0.0,0.0,0.0,1.0,3022.365361384921,0.0011740150789592008,e,minimum_5800
251,35.0,-,5,3780.7265801,1,4,0.0,0.0,0.0,1.0,3780.725551483884,0.0010286161159456242,e,minimum_5800
252,35.0,-,6,4529.952174,1,5,0.0,0.0,0.0,1.0,4529.951303031609,0.0008709683906999999,e,minimum_5800
253,35.0,-,7,5270.1560494,1,6,0.0,0.0,0.0,1.0,5270.15535390168,0.0006954983191462816,e,minimum_5800
254,35.0,-,8,6001.4492726,1,7,0.0,0.0,0.0,1.0,6001.450691849166,-0.0014192491662470275,e,minimum_5800
255,36.0,+,1,730.7323455,1,0,0.0,0.0,0.0,1.0,730.73195993383,0.00038556616993901116,e,minimum_5800
256,36.0,+,2,1516.8310866,1,1,0.0,0.0,0.0,1.0,1516.832563151778,-0.0014765517780688242,e,minimum_5800
257,36.0,+,3,2293.4514467,1,2,0.0,0.0,0.0,1.0,2293.4514162694,3.0430599963438e-05,e,minimum_5800
258,36.0,+,4,3060.7099914,1,3,0.0,0.0,0.0,1.0,3060.708785397131,0.0012060028689120372,e,minimum_5800
259,36.0,+,5,3818.7215939,1,4,0.0,0.0,0.0,1.0,3818.720648952928,0.0009449470717299846,e,minimum_5800
260,36.0,+,6,4567.6015423,1,5,0.0,0.0,0.0,1.0,4567.600617050058,0.0009252499421563698,e,minimum_5800
261,36.0,+,7,5307.4622639,1,6,0.0,0.0,0.0,1.0,5307.461434672675,0.0008292273250845028,e,minimum_5800
262,36.0,+,8,6038.4183693,1,7,0.0,0.0,0.0,1.0,6038.416116470991,0.0022528290091941017,e,minimum_5800
263,37.0,-,1,771.220192,1,0,0.0,0.0,0.0,1.0,771.219141472725,0.0010505272749696815,e,minimum_5800
264,37.0,-,2,1556.9521855,1,1,0.0,0.0,0.0,1.0,1556.953714429066,-0.00152892906589841,e,minimum_5800
265,37.0,-,3,2333.209329,1,2,0.0,0.0,0.0,1.0,2333.209284233774,4.4766225983039476e-05,e,minimum_5800
266,37.0,-,4,3100.1071606,1,3,0.0,0.0,0.0,1.0,3100.10604486606,0.0011157339399687771,e,minimum_5800
267,37.0,-,5,3857.7606802,1,4,0.0,0.0,0.0,1.0,3857.759931484524,0.0007487154762202408,e,minimum_5800
268,37.0,-,6,4606.2853167,1,5,0.0,0.0,0.0,1.0,4606.28453778908,0.0007789109204168199,e,minimum_5800
269,37.0,-,7,5345.794048,1,6,0.0,0.0,0.0,1.0,5345.792616222509,0.0014317774903247482,e,minimum_5800
270,38.0,+,1,812.7889756,1,0,0.0,0.0,0.0,1.0,812.788617826121,0.0003577738789317664,e,minimum_5800
271,38.0,+,2,1598.1457194,1,1,0.0,0.0,0.0,1.0,1598.147290194456,-0.0015707944560290343,e,minimum_5800
272,38.0,+,3,2374.0298207,1,2,0.0,0.0,0.0,1.0,2374.029782180949,3.851905103147146e-05,e,minimum_5800
273,38.0,+,4,3140.5578158,1,3,0.0,0.0,0.0,1.0,3140.556213511861,0.0016022881386561494,e,minimum_5800
274,38.0,+,5,3897.8434091,1,4,0.0,0.0,0.0,1.0,3897.842474905157,0.0009341948430119373,e,minimum_5800
275,38.0,+,6,4646.0026515,1,5,0.0,0.0,0.0,1.0,4646.002143298751,0.0005082012485218002,e,minimum_5800
276,38.0,+,8,6115.395656,1,7,0.0,0.0,0.0,1.0,6115.393053120405,0.002602879594633123,e,minimum_5800
277,38.0,+,10,7549.6311195,1,9,0.0,0.0,0.0,1.0,7549.639320360659,-0.00820086065959913,e,minimum_5800
278,39.0,-,1,855.4393294,1,0,0.0,0.0,0.0,1.0,855.439431733394,-0.00010233339401111152,e,minimum_5800
279,39.0,-,2,1640.4109423,1,1,0.0,0.0,0.0,1.0,1640.412335016949,-0.0013927169491125824,e,minimum_5800
280,39.0,-,3,2415.9122335,1,2,0.0,0.0,0.0,1.0,2415.911956627643,0.00027687235706252977,e,minimum_5800
281,39.0,-,4,3182.0594515,1,3,0.0,0.0,0.0,1.0,3182.058339907236,0.0011115927636637934,e,minimum_5800
282,39.0,-,5,3938.9681486,1,4,0.0,0.0,0.0,1.0,3938.967329953931,0.0008186460690922104,e,minimum_5800
283,39.0,-,6,4686.7537355,1,5,0.0,0.0,0.0,1.0,4686.7524866053,0.001248894700438541,e,minimum_5800
284,39.0,-,7,5425.5280695,1,6,0.0,0.0,0.0,1.0,5425.526578322185,0.0014911778152963961,e,minimum_5800
285,39.0,-,8,6155.4064232,1,7,0.0,0.0,0.0,1.0,6155.402706078669,0.0037171213307374273,e,minimum_5800
286,39.0,-,9,6876.4948831,1,8,0.0,0.0,0.0,1.0,6876.495105811637,-0.0002227116365247639,e,minimum_5800
287,39.0,-,10,7588.9176867,1,9,0.0,0.0,0.0,1.0,7588.919675662975,-0.0019889629757017246,e,minimum_5800
288,40.0,+,1,899.1710381,1,0,0.0,0.0,0.0,1.0,899.170600611081,0.00043748891903305775,e,minimum_5800
289,40.0,+,2,1683.7464655,1,1,0.0,0.0,0.0,1.0,1683.747868195891,-0.0014026958908743836,e,minimum_5800
290,40.0,+,3,2458.8553132,1,2,0.0,0.0,0.0,1.0,2458.854828876251,0.0004843237493332708,e,minimum_5800
291,40.0,+,4,3224.6124706,1,3,0.0,0.0,0.0,1.0,3224.611447468254,0.0010231317460238643,e,minimum_5800
292,40.0,+,5,3981.1347107,1,4,0.0,0.0,0.0,1.0,3981.133522273828,0.0011884261721206713,e,minimum_5800
293,40.0,+,6,4728.5351356,1,5,0.0,0.0,0.0,1.0,4728.534595702542,0.000539897458111227,e,minimum_5800
294,40.0,+,7,5466.9293142,1,6,0.0,0.0,0.0,1.0,5466.927444804756,0.0018693952433750383,e,minimum_5800
295,40.0,+,8,6196.4266294,1,7,0.0,0.0,0.0,1.0,6196.42520126475,0.001428135249625484,e,minimum_5800
296,40.0,+,9,6917.1461777,1,8,0.0,0.0,0.0,1.0,6917.142149718608,0.004027981392027868,e,minimum_5800
297,41.0,-,1,943.9811378,1,0,0.0,0.0,0.0,1.0,943.981116542205,2.1257795083329256e-05,e,minimum_5800
298,41.0,-,2,1728.1517844,1,1,0.0,0.0,0.0,1.0,1728.152883750927,-0.001099350927006526,e,minimum_5800
299,41.0,-,3,2502.8578338,1,2,0.0,0.0,0.0,1.0,2502.857395005231,0.00043879476925212657,e,minimum_5800
300,41.0,-,4,3268.2162493,1,3,0.0,0.0,0.0,1.0,3268.214534444895,0.0017148551050922833,e,minimum_5800
301,41.0,-,5,4024.3410163,1,4,0.0,0.0,0.0,1.0,4024.34005240247,0.0009638975298003061,e,minimum_5800
302,41.0,-,6,4771.3484062,1,5,0.0,0.0,0.0,1.0,4771.347473543131,0.0009326568688265979,e,minimum_5800
303,41.0,-,7,5509.3507479,1,6,0.0,0.0,0.0,1.0,5509.349583914903,0.0011639850972642307,e,minimum_5800
304,41.0,-,8,6238.4631415,1,7,0.0,0.0,0.0,1.0,6238.459546909604,0.003594590396460262,e,minimum_5800
305,41.0,-,9,6958.7917292,1,8,0.0,0.0,0.0,1.0,6958.791697316381,3.18836191581795e-05,e,minimum_5800
306,42.0,+,1,989.8702208,1,0,0.0,0.0,0.0,1.0,989.869946265629,0.00027453437098756694,e,minimum_5800
307,42.0,+,2,1773.6251349,1,1,0.0,0.0,0.0,1.0,1773.626350411712,-0.0012155117121892545,e,minimum_5800
308,42.0,+,3,2547.9194781,1,2,0.0,0.0,0.0,1.0,2547.918625858955,0.0008522410453224438,e,minimum_5800
309,42.0,+,4,3312.8679093,1,3,0.0,0.0,0.0,1.0,3312.866573911371,0.0013353886292861716,e,minimum_5800
310,42.0,+,5,4068.5870134,1,4,0.0,0.0,0.0,1.0,4068.585895762657,0.0011176373432135733,e,minimum_5800
311,42.0,+,6,4815.1906192,1,5,0.0,0.0,0.0,1.0,4815.190098029237,0.0005211707630223827,e,minimum_5800
312,42.0,+,7,5552.7933376,1,6,0.0,0.0,0.0,1.0,5552.791976181727,0.0013614182735182112,e,minimum_5800
313,42.0,+,8,6281.5070405,1,7,0.0,0.0,0.0,1.0,6281.504726335465,0.0023141645342548145,e,minimum_5800
314,42.0,+,9,7001.4434589,1,8,0.0,0.0,0.0,1.0,7001.442734905054,0.0007239949463837547,e,minimum_5800
315,43.0,-,1,1036.8359428,1,0,0.0,0.0,0.0,1.0,1036.836031164866,-8.836486586005776e-05,e,minimum_5800
316,43.0,-,2,1820.1662316,1,1,0.0,0.0,0.0,1.0,1820.167211607123,-0.000980007122961979,e,minimum_5800
317,43.0,-,3,2594.037857,1,2,0.0,0.0,0.0,1.0,2594.037467037559,0.0003899624407495139,e,minimum_5800
318,43.0,-,4,3358.5680547,1,3,0.0,0.0,0.0,1.0,3358.566513756192,0.0015409438083224813,e,minimum_5800
319,43.0,-,5,4113.8709985,1,4,0.0,0.0,0.0,1.0,4113.870002652729,0.0009958472701327992,e,minimum_5800
320,43.0,-,6,4860.0618126,1,5,0.0,0.0,0.0,1.0,4860.061422003403,0.0003905965968442615,e,minimum_5800
321,43.0,-,7,5597.2554343,1,6,0.0,0.0,0.0,1.0,5597.253577143627,0.0018571563732621144,e,minimum_5800
322,43.0,-,8,6325.5589777,1,7,0.0,0.0,0.0,1.0,6325.559697947414,-0.000720247414392361,e,minimum_5800
323,43.0,-,9,7045.0979681,1,8,0.0,0.0,0.0,1.0,7045.094223946606,0.003744153394109162,e,minimum_5800
324,43.0,-,10,7755.9710349,1,9,0.0,0.0,0.0,1.0,7755.973314227822,-0.0022793278221797664,e,minimum_5800
325,44.0,+,1,1084.8786424,1,0,0.0,0.0,0.0,1.0,1084.878287256841,0.0003551431589130516,e,minimum_5800
326,44.0,+,2,1867.7731596,1,1,0.0,0.0,0.0,1.0,1867.77438545451,-0.0012258545098120521,e,minimum_5800
327,44.0,+,3,2641.2137819,1,2,0.0,0.0,0.0,1.0,2641.21283888624,0.0009430137597519206,e,minimum_5800
328,44.0,+,4,3405.3144817,1,3,0.0,0.0,0.0,1.0,3405.313276671721,0.0012050282794007217,e,minimum_5800
329,44.0,+,5,4160.1924837,1,4,0.0,0.0,0.0,1.0,4160.19129823668,0.001185463319416158,e,minimum_5800
330,44.0,+,6,4905.960593,1,5,0.0,0.0,0.0,1.0,4905.960373238811,0.00021976118841848802,e,minimum_5800
331,44.0,+,7,5642.7345991,1,6,0.0,0.0,0.0,1.0,5642.73331733882,0.0012817611805076012,e,minimum_5800
332,44.0,+,8,6370.6262045,1,7,0.0,0.0,0.0,1.0,6370.623395224683,0.0028092753173041274,e,minimum_5800
333,44.0,+,9,7089.7492258,1,8,0.0,0.0,0.0,1.0,7089.745101056547,0.004124743452848634,e,minimum_5800
334,44.0,+,10,7800.2111303,1,9,0.0,0.0,0.0,1.0,7800.214663707002,-0.00353340700166882,e,minimum_5800
335,45.0,-,1,1133.9951,1,0,0.0,0.0,0.0,1.0,1133.995605180033,-0.000505180032860153,e,minimum_5800
336,45.0,-,2,1916.446476,1,1,0.0,0.0,0.0,1.0,1916.446764748371,-0.0002887483708491345,e,minimum_5800
337,45.0,-,3,2689.4440851,1,2,0.0,0.0,0.0,1.0,2689.443636484566,0.00044861543392471503,e,minimum_5800
338,45.0,-,4,3453.1073729,1,3,0.0,0.0,0.0,1.0,3453.10576014392,0.0016127560797940532,e,minimum_5800
339,45.0,-,5,4207.5494849,1,4,0.0,0.0,0.0,1.0,4207.548682533858,0.0008023661421248107,e,minimum_5800
340,45.0,-,6,4952.8867211,1,5,0.0,0.0,0.0,1.0,4952.885854429492,0.0008666705080031534,e,minimum_5800
341,45.0,-,7,5689.2310198,1,6,0.0,0.0,0.0,1.0,5689.230102296068,0.0009175039313049638,e,minimum_5800
342,45.0,-,8,6416.6984099,1,7,0.0,0.0,0.0,1.0,6416.694726711447,0.0036831885527135455,e,minimum_5800
343,45.0,-,9,7135.3972188,1,8,0.0,0.0,0.0,1.0,7135.394277995577,0.002940804422905785,e,minimum_5800
344,46.0,+,1,1184.1869369,1,0,0.0,0.0,0.0,1.0,1184.186850182701,8.671729915477044e-05,e,minimum_5800
345,46.0,+,2,1966.1821775,1,1,0.0,0.0,0.0,1.0,1966.183216948864,-0.0010394488638212351,e,minimum_5800
346,46.0,+,3,2738.7301293,1,2,0.0,0.0,0.0,1.0,2738.72872963519,0.0013996648099237063,e,minimum_5800
347,46.0,+,4,3501.943989,1,3,0.0,0.0,0.0,1.0,3501.942836441424,0.0011525585759954993,e,minimum_5800
348,46.0,+,5,4255.9420251,1,4,0.0,0.0,0.0,1.0,4255.941030408599,0.0009946914015017683,e,minimum_5800
349,46.0,+,6,5000.8370121,1,5,0.0,0.0,0.0,1.0,5000.836743180244,0.0002689197553991107,e,minimum_5800
350,46.0,+,7,5736.7441668,1,6,0.0,0.0,0.0,1.0,5736.742812524934,0.0013542750657506986,e,minimum_5800
351,46.0,+,8,6463.7753006,1,7,0.0,0.0,0.0,1.0,6463.772576007659,0.0027245923411101103,e,minimum_5800
352,46.0,+,9,7182.048374,1,8,0.0,0.0,0.0,1.0,7182.040641660671,0.007732339328867965,e,minimum_5800
353,47.0,-,1,1235.4502561,1,0,0.0,0.0,0.0,1.0,1235.450862110455,-0.000606010455157957,e,minimum_5800
354,47.0,-,2,2016.9823089,1,1,0.0,0.0,0.0,1.0,2016.982584170048,-0.00027527004817784473,e,minimum_5800
355,47.0,-,3,2789.0678157,1,2,0.0,0.0,0.0,1.0,2789.066962852554,0.0008528474463673774,e,minimum_5800
356,47.0,-,4,3551.8251162,1,3,0.0,0.0,0.0,1.0,3551.823352604432,0.001763595568263554,e,minimum_5800
357,47.0,-,5,4305.367679,1,4,0.0,0.0,0.0,1.0,4305.36719155945,0.0004874405503869639,e,minimum_5800
358,47.0,-,6,5049.8125496,1,5,0.0,0.0,0.0,1.0,5049.811891996151,0.0006576038495040848,e,minimum_5800
359,47.0,-,7,5785.2716053,1,6,0.0,0.0,0.0,1.0,5785.270303505752,0.0013017942483202205,e,minimum_5800
360,47.0,-,8,6511.8604135,1,7,0.0,0.0,0.0,1.0,6511.855801759716,0.00461174028350797,e,minimum_5800
361,47.0,-,9,7229.686018,1,8,0.0,0.0,0.0,1.0,7229.683054076323,0.002963923677270941,e,minimum_5800
362,48.0,+,1,1287.7863624,1,0,0.0,0.0,0.0,1.0,1287.786455393668,-9.299366797677067e-05,e,minimum_5800
363,48.0,+,2,2068.8430103,1,1,0.0,0.0,0.0,1.0,2068.843683167774,-0.0006728677740284184,e,minimum_5800
364,48.0,+,3,2840.4587247,1,2,0.0,0.0,0.0,1.0,2840.457155351174,0.0015693488257966237,e,minimum_5800
365,48.0,+,4,3602.7472137,1,3,0.0,0.0,0.0,1.0,3602.746130433456,0.001083266543901118,e,minimum_5800
366,48.0,+,5,4355.8269443,1,4,0.0,0.0,0.0,1.0,4355.82599050819,0.0009537918094792985,e,minimum_5800
367,48.0,+,6,5099.8099006,1,5,0.0,0.0,0.0,1.0,5099.81012827206,-0.00022767205973650562,e,minimum_5800
368,48.0,+,7,5834.8137261,1,6,0.0,0.0,0.0,1.0,5834.81140567951,0.0023204204899229808,e,minimum_5800
369,48.0,+,8,6560.9456853,1,7,0.0,0.0,0.0,1.0,6560.943237650564,0.0024476494363625534,e,minimum_5800
370,49.0,-,1,1341.1917138,1,0,0.0,0.0,0.0,1.0,1341.192419034617,-0.0007052346170439705,e,minimum_5800
371,49.0,-,2,2121.7653746,1,1,0.0,0.0,0.0,1.0,2121.765305327216,6.927278400326031e-05,e,minimum_5800
372,49.0,-,3,2892.8991316,1,2,0.0,0.0,0.0,1.0,2892.898101033633,0.0010305663672625087,e,minimum_5800
373,49.0,-,4,3654.7122269,1,3,0.0,0.0,0.0,1.0,3654.709966477705,0.002260422294966702,e,minimum_5800
374,49.0,-,5,4407.3167669,1,4,0.0,0.0,0.0,1.0,4407.316226588614,0.0005403113864304032,e,minimum_5800
375,49.0,-,6,5150.8315101,1,5,0.0,0.0,0.0,1.0,5150.830254281907,0.001255818092431582,e,minimum_5800
376,49.0,-,7,5885.3645028,1,6,0.0,0.0,0.0,1.0,5885.364924437581,-0.0004216375809846795,e,minimum_5800
377,49.0,-,8,6611.0376826,1,7,0.0,0.0,0.0,1.0,6611.033692389966,0.003990210034316988,e,minimum_5800
378,49.0,-,9,7327.9545375,1,8,0.0,0.0,0.0,1.0,7327.95134883973,0.0031886602700978983,e,minimum_5800
379,49.0,-,10,8036.2321466,1,9,0.0,0.0,0.0,1.0,8036.234499807115,-0.002353207114538236,e,minimum_5800
380,50.0,+,1,1395.6674697,1,0,0.0,0.0,0.0,1.0,1395.667516594348,-4.6894347860870766e-05,e,minimum_5800
381,50.0,+,2,2175.7454696,1,1,0.0,0.0,0.0,1.0,2175.746216650363,-0.0007470503628610459,e,minimum_5800
382,50.0,+,3,2946.3904285,1,2,0.0,0.0,0.0,1.0,2946.388568478371,0.0018600216289996752,e,minimum_5800
383,50.0,+,4,3707.715081,1,3,0.0,0.0,0.0,1.0,3707.713632023162,0.0014489768377643486,e,minimum_5800
384,50.0,+,5,4459.8380289,1,4,0.0,0.0,0.0,1.0,4459.836673934959,0.001354965040263778,e,minimum_5800
385,50.0,+,6,5202.8712544,1,5,0.0,0.0,0.0,1.0,5202.871047167098,0.00020723290163005004,e,minimum_5800
386,50.0,+,7,5936.9323223,1,6,0.0,0.0,0.0,1.0,5936.929640110709,0.0026821892906809808,e,minimum_5800
387,50.0,+,8,6662.1280405,1,7,0.0,0.0,0.0,1.0,6662.125949704248,0.0020907957514282316,e,minimum_5800
388,50.0,+,9,7378.5797337,1,8,0.0,0.0,0.0,1.0,7378.574830790712,0.00490290928792092,e,minimum_5800
389,51.0,-,1,1451.209407,1,0,0.0,0.0,0.0,1.0,1451.210486178936,-0.001079178935924574,e,minimum_5800
390,51.0,-,2,2230.7856608,1,1,0.0,0.0,0.0,1.0,2230.785157742778,0.0005030572219766327,e,minimum_5800
391,51.0,-,3,3000.9281628,1,2,0.0,0.0,0.0,1.0,3000.927300927041,0.0008618729589215945,e,minimum_5800
392,51.0,-,4,3761.7580796,1,3,0.0,0.0,0.0,1.0,3761.755873080432,0.002206519568062504,e,minimum_5800
393,51.0,-,5,4513.3862218,1,4,0.0,0.0,0.0,1.0,4513.386081470208,0.0001403297919750912,e,minimum_5800
394,51.0,-,6,5255.931589,1,5,0.0,0.0,0.0,1.0,5255.931258925796,0.00033007420370267937,e,minimum_5800
395,51.0,-,7,5989.5056789,1,6,0.0,0.0,0.0,1.0,5989.504307958534,0.001370941466120712,e,minimum_5800
396,51.0,-,8,6714.2231446,1,7,0.0,0.0,0.0,1.0,6714.21876832608,0.004376273919660889,e,minimum_5800
397,51.0,-,9,7430.1947548,1,8,0.0,0.0,0.0,1.0,7430.189560679475,0.005194120524720347,e,minimum_5800
398,52.0,+,1,1507.82011,1,0,0.0,0.0,0.0,1.0,1507.820040425833,6.957416712793929e-05,e,minimum_5800
399,52.0,+,2,2286.880314,1,1,0.0,0.0,0.0,1.0,2286.880843800619,-0.0005298006190059823,e,minimum_5800
400,52.0,+,3,3056.5150219,1,2,0.0,0.0,0.0,1.0,3056.513016271748,0.002005628252391034,e,minimum_5800
401,52.0,+,4,3816.8363246,1,3,0.0,0.0,0.0,1.0,3816.835410372235,0.0009142277649516473,e,minimum_5800
402,52.0,+,5,4567.964088,1,4,0.0,0.0,0.0,1.0,4567.963172893934,0.0009151060658041388,e,minimum_5800
403,52.0,+,6,5310.0092371,1,5,0.0,0.0,0.0,1.0,5310.009616400739,-0.00037930073904135497,e,minimum_5800
404,52.0,+,7,6043.0894021,1,6,0.0,0.0,0.0,1.0,6043.087658158092,0.0017439419079892104,e,minimum_5800
405,52.0,+,8,6767.3151737,1,7,0.0,0.0,0.0,1.0,6767.310881983647,0.004291716352781805,e,minimum_5800
406,53.0,-,1,1565.4935273,1,0,0.0,0.0,0.0,1.0,1565.494866489564,-0.0013391895638505957,e,minimum_5800
407,53.0,-,2,2344.0328223,1,1,0.0,0.0,0.0,1.0,2344.031964596641,0.0008577033590881911,e,minimum_5800
408,53.0,-,3,3113.1455059,1,2,0.0,0.0,0.0,1.0,3113.144407041747,0.0010988582530444546,e,minimum_5800
409,53.0,-,4,3872.9532429,1,3,0.0,0.0,0.0,1.0,3872.950939320723,0.0023035792769405816,e,minimum_5800
410,53.0,-,5,4623.5667267,1,4,0.0,0.0,0.0,1.0,4623.566646669948,8.00300522314501e-05,e,minimum_5800
411,53.0,-,6,5365.1057503,1,5,0.0,0.0,0.0,1.0,5365.104821267581,0.0009290324187531951,e,minimum_5800
412,53.0,-,7,6097.6790819,1,6,0.0,0.0,0.0,1.0,6097.678395792618,0.0006861073816253338,e,minimum_5800
413,53.0,-,8,7536.3934215,1,8,0.0,0.0,0.0,1.0,7536.387689423853,0.005732076147069165,e,minimum_5800
414,54.0,+,1,1624.233534,1,0,0.0,0.0,0.0,1.0,1624.233626027329,-9.202732894664223e-05,e,minimum_5800
415,54.0,+,2,2402.2369662,1,1,0.0,0.0,0.0,1.0,2402.237184466575,-0.00021826657484780299,e,minimum_5800
416,54.0,+,3,3170.8225202,1,2,0.0,0.0,0.0,1.0,3170.820140390239,0.0023798097608960234,e,minimum_5800
417,54.0,+,4,3930.1020471,1,3,0.0,0.0,0.0,1.0,3930.101130034429,0.0009170655712296139,e,minimum_5800
418,54.0,+,5,4680.1962704,1,4,0.0,0.0,0.0,1.0,4680.195176013802,0.0010943861980194924,e,minimum_5800
419,54.0,+,6,5421.2150379,1,5,0.0,0.0,0.0,1.0,5421.215550022763,-0.0005121227623021696,e,minimum_5800
420,54.0,+,7,6153.2769433,1,6,0.0,0.0,0.0,1.0,6153.275200839872,0.0017424601282982621,e,minimum_5800
421,54.0,+,8,6876.4910564,1,7,0.0,0.0,0.0,1.0,6876.487804232475,0.003252167524806282,e,minimum_5800
422,54.0,+,9,7590.9723726,1,8,0.0,0.0,0.0,1.0,7590.968488519969,0.0038840800316393143,e,minimum_5800
423,55.0,-,1,1684.0334287,1,0,0.0,0.0,0.0,1.0,1684.034955184119,-0.0015264841190401057,e,minimum_5800
424,55.0,-,2,2461.4956618,1,1,0.0,0.0,0.0,1.0,2461.495142294875,0.0005195051248847449,e,minimum_5800
425,55.0,-,3,3229.5402083,1,2,0.0,0.0,0.0,1.0,3229.538858080412,0.0013502195879482315,e,minimum_5800
426,55.0,-,4,3988.2867322,1,3,0.0,0.0,0.0,1.0,3988.284627294919,0.002104905081068864,e,minimum_5800
427,55.0,-,5,4737.8468464,1,4,0.0,0.0,0.0,1.0,4737.847408879776,-0.0005624797759082867,e,minimum_5800
428,55.0,-,6,5478.3408464,1,5,0.0,0.0,0.0,1.0,5478.340453971021,0.0003924289794667857,e,minimum_5800
429,55.0,-,7,6209.8771177,1,6,0.0,0.0,0.0,1.0,6209.876728160173,0.0003895398267559358,e,minimum_5800
430,55.0,-,8,6932.5742256,1,7,0.0,0.0,0.0,1.0,6932.569955160119,0.004270439881111088,e,minimum_5800
431,55.0,-,9,7646.5422145,1,8,0.0,0.0,0.0,1.0,7646.535336013882,0.006878486117784632,e,minimum_5800
432,55.0,-,10,8351.8884767,1,9,0.0,0.0,0.0,1.0,8351.889994078336,-0.0015173783358477522,e,minimum_5800
433,56.0,+,1,1744.896674,1,0,0.0,0.0,0.0,1.0,1744.897464577668,-0.0007905776678853726,e,minimum_5800
434,56.0,+,2,2521.8047408,1,1,0.0,0.0,0.0,1.0,2521.804451500065,0.0002892999350478931,e,minimum_5800
435,56.0,+,3,3289.3015198,1,2,0.0,0.0,0.0,1.0,3289.299176471445,0.002343328554616164,e,minimum_5800
436,56.0,+,4,4047.5011499,1,3,0.0,0.0,0.0,1.0,4047.500050543235,0.0010993567652803904,e,minimum_5800
437,56.0,+,5,4796.5229474,1,4,0.0,0.0,0.0,1.0,4796.521967947853,0.000979452146566473,e,minimum_5800
438,56.0,+,6,5536.4770007,1,5,0.0,0.0,0.0,1.0,5536.478159212722,-0.0011585127222133451,e,minimum_5800
439,56.0,+,7,6267.4826687,1,6,0.0,0.0,0.0,1.0,6267.481607484371,0.001061215629306389,e,minimum_5800
440,56.0,+,8,6989.6497356,1,7,0.0,0.0,0.0,1.0,6989.64608577359,0.00364982640985545,e,minimum_5800
441,56.0,+,9,7703.0902303,1,8,0.0,0.0,0.0,1.0,7703.086869642223,0.00336065777719341,e,minimum_5800
442,57.0,-,1,1806.8183765,1,0,0.0,0.0,0.0,1.0,1806.819739282832,-0.0013627828318476531,e,minimum_5800
443,57.0,-,2,2583.1645905,1,1,0.0,0.0,0.0,1.0,2583.16370001985,0.0008904801502467308,e,minimum_5800
444,57.0,-,3,3350.1016657,1,2,0.0,0.0,0.0,1.0,3350.099686504138,0.0019791958620771766,e,minimum_5800
445,57.0,-,4,4107.7471976,1,3,0.0,0.0,0.0,1.0,4107.745993865948,0.0012037340520691941,e,minimum_5800
446,57.0,-,5,4856.2172683,1,4,0.0,0.0,0.0,1.0,4856.21745061011,-0.00018231011017633136,e,minimum_5800
447,57.0,-,6,5595.6270917,1,5,0.0,0.0,0.0,1.0,5595.627266630883,-0.00017493088307674043,e,minimum_5800
448,57.0,-,7,6326.0902612,1,6,0.0,0.0,0.0,1.0,6326.088443401432,0.0018177985675720265,e,minimum_5800
449,57.0,-,8,7047.7188096,1,7,0.0,0.0,0.0,1.0,7047.714804612664,0.0040049873359748744,e,minimum_5800
450,58.0,+,1,1869.7991448,1,0,0.0,0.0,0.0,1.0,1869.800338815872,-0.0011940158719880856,e,minimum_5800
451,58.0,+,2,2645.5719313,1,1,0.0,0.0,0.0,1.0,2645.571450296109,0.00048100389085448114,e,minimum_5800
452,58.0,+,3,3411.9409824,1,2,0.0,0.0,0.0,1.0,3411.938953686265,0.0020287137349441764,e,minimum_5800
453,58.0,+,4,4169.0224138,1,3,0.0,0.0,0.0,1.0,4169.021025980885,0.001387819115734601,e,minimum_5800
454,58.0,+,5,4916.9325773,1,4,0.0,0.0,0.0,1.0,4916.932428957009,0.00014834299145149998,e,minimum_5800
455,58.0,+,6,5655.7858989,1,5,0.0,0.0,0.0,1.0,5655.786351878055,-0.00045297805536392843,e,minimum_5800
456,58.0,+,7,6385.6969746,1,6,0.0,0.0,0.0,1.0,6385.695815345753,0.0011592542477956158,e,minimum_5800
457,58.0,+,8,7106.7790537,1,7,0.0,0.0,0.0,1.0,7106.774695144449,0.004358555551334575,e,minimum_5800
458,58.0,+,9,7819.1457027,1,8,0.0,0.0,0.0,1.0,7819.138421371767,0.007281328232238593,e,minimum_5800
459,59.0,-,1,1933.8363034,1,0,0.0,0.0,0.0,1.0,1933.83779711833,-0.0014937183300389734,e,minimum_5800
460,59.0,-,2,2709.0269311,1,1,0.0,0.0,0.0,1.0,2709.026239259253,0.0006918407470948296,e,minimum_5800
461,59.0,-,3,3474.8176527,1,2,0.0,0.0,0.0,1.0,3474.815518077607,0.0021346223929867847,e,minimum_5800
462,59.0,-,4,4231.3255162,1,3,0.0,0.0,0.0,1.0,4231.323690222828,0.0018259771713928785,e,minimum_5800
463,59.0,-,5,4978.6655367,1,4,0.0,0.0,0.0,1.0,4978.665449763528,8.693647214386147e-05,e,minimum_5800
464,59.0,-,6,5716.9535039,1,5,0.0,0.0,0.0,1.0,5716.953965362665,-0.00046146266504365485,e,minimum_5800
465,59.0,-,7,6446.3030668,1,6,0.0,0.0,0.0,1.0,6446.302277584303,0.0007892156972957309,e,minimum_5800
466,59.0,-,8,7166.8285785,1,7,0.0,0.0,0.0,1.0,7166.824315751238,0.0042627487619029125,e,minimum_5800
467,60.0,+,1,1998.9289637,1,0,0.0,0.0,0.0,1.0,1998.930622540483,-0.0016588404830599757,e,minimum_5800
468,60.0,+,2,2773.5273704,1,1,0.0,0.0,0.0,1.0,2773.526578312455,0.0007920875450508902,e,minimum_5800
469,60.0,+,3,3538.7302192,1,2,0.0,0.0,0.0,1.0,3538.727894274678,0.0023249253222275,e,minimum_5800
470,60.0,+,4,4294.654088,1,3,0.0,0.0,0.0,1.0,4294.652504528485,0.0015834715150049306,e,minimum_5800
471,60.0,+,5,5041.4146979,1,4,0.0,0.0,0.0,1.0,5041.415034474687,-0.000336574687025859,e,minimum_5800
472,60.0,+,6,5779.1281911,1,5,0.0,0.0,0.0,1.0,5779.128632235297,-0.0004411352974784677,e,minimum_5800
473,60.0,+,7,6507.9068437,1,6,0.0,0.0,0.0,1.0,6507.906359203488,0.0004844965114898514,e,minimum_5800
474,60.0,+,8,7227.8667159,1,7,0.0,0.0,0.0,1.0,7227.862199717969,0.004516182030783966,e,minimum_5800
475,61.0,-,1,2065.075116,1,0,0.0,0.0,0.0,1.0,2065.077297824582,-0.0021818245818394644,e,minimum_5800
476,61.0,-,2,2839.071964,1,1,0.0,0.0,0.0,1.0,2839.070953315399,0.001010684601169487,e,minimum_5800
477,61.0,-,3,3603.6768593,1,2,0.0,0.0,0.0,1.0,3603.674571394932,0.0022879050679875945,e,minimum_5800
478,61.0,-,4,4359.0073156,1,3,0.0,0.0,0.0,1.0,4359.005961421485,0.001354178514702653,e,minimum_5800
479,61.0,-,5,5105.1797027,1,4,0.0,0.0,0.0,1.0,5105.179679191006,2.350899467273848e-05,e,minimum_5800
480,61.0,-,6,5842.3078794,1,5,0.0,0.0,0.0,1.0,5842.3088523749,-0.0009729748999234289,e,minimum_5800
481,61.0,-,7,6570.5078693,1,6,0.0,0.0,0.0,1.0,6570.50656409575,0.001305204249547387,e,minimum_5800
482,61.0,-,8,7289.8893176,1,7,0.0,0.0,0.0,1.0,7289.886855219554,0.0024623804465591093,e,minimum_5800
483,61.0,-,9,8000.5703367,1,8,0.0,0.0,0.0,1.0,8000.565401831607,0.004934868392410863,e,minimum_5800
484,62.0,+,1,2132.2742502,1,0,0.0,0.0,0.0,1.0,2132.276280087579,-0.002029887578828493,e,minimum_5800
485,62.0,+,2,2905.6585997,1,1,0.0,0.0,0.0,1.0,2905.657824567988,0.000775132012222457,e,minimum_5800
486,62.0,+,3,3669.6563305,1,2,0.0,0.0,0.0,1.0,3669.654013061139,0.0023174388611550967,e,minimum_5800
487,62.0,+,4,4424.3837476,1,3,0.0,0.0,0.0,1.0,4424.382527996941,0.001219603059325891,e,minimum_5800
488,62.0,+,5,5169.9572043,1,4,0.0,0.0,0.0,1.0,5169.95785465363,-0.0006503536305899615,e,minimum_5800
489,62.0,+,6,5906.4914186,1,5,0.0,0.0,0.0,1.0,5906.493100373982,-0.0016817739824546152,e,minimum_5800
490,62.0,+,7,6634.1012967,1,6,0.0,0.0,0.0,1.0,6634.101370945869,-7.424586965498747e-05,e,minimum_5800
491,62.0,+,8,7352.9010664,1,7,0.0,0.0,0.0,1.0,7352.896765308123,0.004301091877096042,e,minimum_5800
492,62.0,+,9,8063.000361,1,8,0.0,0.0,0.0,1.0,8062.995045446434,0.005315553566106246,e,minimum_5800
493,63.0,-,1,2200.5239975,1,0,0.0,0.0,0.0,1.0,2200.526000803722,-0.002003303722176497,e,minimum_5800
494,63.0,-,2,2973.2864694,1,1,0.0,0.0,0.0,1.0,2973.285626793208,0.0008426067920481728,e,minimum_5800
495,63.0,-,3,3736.6669338,1,2,0.0,0.0,0.0,1.0,3736.664657384862,0.0022764151381124975,e,minimum_5800
496,63.0,-,4,4490.7816515,1,3,0.0,0.0,0.0,1.0,4490.780645905734,0.0010055942666440387,e,minimum_5800
497,63.0,-,5,5235.7471142,1,4,0.0,0.0,0.0,1.0,5235.748006229021,-0.0008920290201785974,e,minimum_5800
498,63.0,-,6,5971.6782402,1,5,0.0,0.0,0.0,1.0,5971.679825524631,-0.001585324631378171,e,minimum_5800
499,63.0,-,7,6698.6890329,1,6,0.0,0.0,0.0,1.0,6698.689233217097,-0.00020031709755130578,e,minimum_5800
500,63.0,-,8,7416.893869,1,7,0.0,0.0,0.0,1.0,7416.890387899703,0.0034811002979040495,e,minimum_5800
501,63.0,-,9,8126.4060964,1,8,0.0,0.0,0.0,1.0,8126.399139463625,0.006956936374990619,e,minimum_5800
502,64.0,+,1,2269.8225309,1,0,0.0,0.0,0.0,1.0,2269.824865786697,-0.0023348866970991367,e,minimum_5800
503,64.0,+,2,3041.9537907,1,1,0.0,0.0,0.0,1.0,3041.952769120359,0.0010215796410193434,e,minimum_5800
504,64.0,+,3,3804.7071438,1,2,0.0,0.0,0.0,1.0,3804.704916949969,0.002226850030638161,e,minimum_5800
505,64.0,+,4,4558.1998158,1,3,0.0,0.0,0.0,1.0,4558.198731338519,0.0010844614807865582,e,minimum_5800
506,64.0,+,5,5302.547448,1,4,0.0,0.0,0.0,1.0,5302.548553893729,-0.0011058937288908055,e,minimum_5800
507,64.0,+,6,6037.8659453,1,5,0.0,0.0,0.0,1.0,6037.867451803008,-0.001506503008386062,e,minimum_5800
508,64.0,+,7,6764.2685131,1,6,0.0,0.0,0.0,1.0,6764.268579136979,-6.603697875107173e-05,e,minimum_5800
509,64.0,+,8,7481.8701428,1,7,0.0,0.0,0.0,1.0,7481.866155761008,0.00398703899281827,e,minimum_5800
510,64.0,+,9,8190.7776327,1,8,0.0,0.0,0.0,1.0,8190.776121509711,0.0015111902894204832,e,minimum_5800
511,65.0,-,1,2340.1688325,1,0,0.0,0.0,0.0,1.0,2340.171255171219,-0.0024226712189374666,e,minimum_5800
512,65.0,-,2,3111.6586402,1,1,0.0,0.0,0.0,1.0,3111.657635067114,0.0010051328858935449,e,minimum_5800
513,65.0,-,3,3873.7755968,1,2,0.0,0.0,0.0,1.0,3873.773178795753,0.002418004246919736,e,minimum_5800
514,65.0,-,4,4626.6360028,1,3,0.0,0.0,0.0,1.0,4626.635175009193,0.0008277908073068829,e,minimum_5800
515,65.0,-,5,5370.3564379,1,4,0.0,0.0,0.0,1.0,5370.357892218325,-0.0014543183251589653,e,minimum_5800
516,65.0,-,6,6105.0523279,1,5,0.0,0.0,0.0,1.0,6105.054377854662,-0.0020499546617429587,e,minimum_5800
517,65.0,-,7,6830.8375557,1,6,0.0,0.0,0.0,1.0,6830.837811682843,-0.0002559828426456079,e,minimum_5800
518,65.0,-,8,7547.8242576,1,7,0.0,0.0,0.0,1.0,7547.822476495589,0.0017811044108384522,e,minimum_5800
519,66.0,+,1,2411.5604876,1,0,0.0,0.0,0.0,1.0,2411.563523394696,-0.0030357946957337845,e,minimum_5800
520,66.0,+,2,3182.3996145,1,1,0.0,0.0,0.0,1.0,3182.398582522077,0.0010319779230485437,e,minimum_5800
521,66.0,+,3,3943.8702863,1,2,0.0,0.0,0.0,1.0,3943.867804399717,0.0024819002828735393,e,minimum_5800
522,66.0,+,4,4696.088985,1,3,0.0,0.0,0.0,1.0,4696.088342138433,0.0006428615670301951,e,minimum_5800
523,66.0,+,5,5439.172923,1,4,0.0,0.0,0.0,1.0,5439.174390351468,-0.001467351467908884,e,minimum_5800
524,66.0,+,6,6173.2369921,1,5,0.0,0.0,0.0,1.0,6173.238976978801,-0.0019848788006129325,e,minimum_5800
525,66.0,+,7,6898.3948092,1,6,0.0,0.0,0.0,1.0,6898.395308567165,-0.0004993671645934228,e,minimum_5800
526,66.0,+,8,7614.7617056,1,7,0.0,0.0,0.0,1.0,7614.757732530267,0.0039730697326376685,e,minimum_5800
527,67.0,-,1,2483.9966598,1,0,0.0,0.0,0.0,1.0,2483.999999178096,-0.0033393780959158903,e,minimum_5800
528,67.0,-,2,3254.1750574,1,1,0.0,0.0,0.0,1.0,3254.173943726337,0.001113673662985093,e,minimum_5800
529,67.0,-,3,4014.9896364,1,2,0.0,0.0,0.0,1.0,4014.98712965979,0.0025067402102649794,e,minimum_5800
530,67.0,-,4,4766.5569337,1,3,0.0,0.0,0.0,1.0,4766.556572436554,0.0003612634454839281,e,minimum_5800
531,67.0,-,5,5508.9947887,1,4,0.0,0.0,0.0,1.0,5508.996392003533,-0.0016033035335567547,e,minimum_5800
532,67.0,-,6,6242.416944,1,5,0.0,0.0,0.0,1.0,6242.419597112911,-0.0026531129115028307,e,minimum_5800
533,67.0,-,7,6966.9392018,1,6,0.0,0.0,0.0,1.0,6966.939422222671,-0.00022042267119104508,e,minimum_5800
534,67.0,-,8,8389.7346568,1,8,0.0,0.0,0.0,1.0,8389.728395979826,0.0062608201733382884,e,minimum_5800
535,68.0,+,1,2557.4762601,1,0,0.0,0.0,0.0,1.0,2557.478985506785,-0.0027254067849753483,e,minimum_5800
536,68.0,+,2,3326.9834298,1,1,0.0,0.0,0.0,1.0,3326.982025254865,0.0014045451348465576,e,minimum_5800
537,68.0,+,3,4087.1315438,1,2,0.0,0.0,0.0,1.0,4087.129464876789,0.0020789232112292666,e,minimum_5800
538,68.0,+,4,4838.0392357,1,3,0.0,0.0,0.0,1.0,4838.038180086308,0.0010556136921877624,e,minimum_5800
539,68.0,+,5,5579.8203133,1,4,0.0,0.0,0.0,1.0,5579.82221542976,-0.0019021297603103449,e,minimum_5800
540,68.0,+,6,6312.5925343,1,5,0.0,0.0,0.0,1.0,6312.594560816264,-0.0020265162638679612,e,minimum_5800
541,68.0,+,7,7036.4681846,1,6,0.0,0.0,0.0,1.0,7036.46847978696,-0.00029518696010200074,e,minimum_5800
542,68.0,+,8,7751.5623272,1,7,0.0,0.0,0.0,1.0,7751.558454237903,0.003872962097375421,e,minimum_5800
543,69.0,-,1,2631.9959426,1,0,0.0,0.0,0.0,1.0,2631.998759610731,-0.0028170107311780157,e,minimum_5800
544,69.0,-,2,3400.8223474,1,1,0.0,0.0,0.0,1.0,3400.821107997923,0.0012394020773172088,e,minimum_5800
545,69.0,-,3,4160.2956912,1,2,0.0,0.0,0.0,1.0,4160.293094735734,0.0025964642663893756,e,minimum_5800
546,69.0,-,4,4910.5319653,1,3,0.0,0.0,0.0,1.0,4910.531453725098,0.0005115749017932103,e,minimum_5800
547,69.0,-,5,5651.6483764,1,4,0.0,0.0,0.0,1.0,5651.650153413416,-0.0017770134154488915,e,minimum_5800
548,69.0,-,6,6383.7598912,1,5,0.0,0.0,0.0,1.0,6383.762165254005,-0.002274054004374193,e,minimum_5800
549,69.0,-,7,7106.9807037,1,6,0.0,0.0,0.0,1.0,7106.980783087088,-7.938708768051583e-05,e,minimum_5800
550,69.0,-,8,7821.4261579,1,7,0.0,0.0,0.0,1.0,7821.420558751954,0.0055991480467127985,e,minimum_5800
551,69.0,-,9,8527.204278,1,8,0.0,0.0,0.0,1.0,8527.197913571088,0.006364428911183495,e,minimum_5800
552,70.0,+,1,2707.5544302,1,0,0.0,0.0,0.0,1.0,2707.557572944581,-0.0031427445810550125,e,minimum_5800
553,70.0,+,2,3475.6906942,1,1,0.0,0.0,0.0,1.0,3475.689447141533,0.0012470584670154494,e,minimum_5800
554,70.0,+,3,4234.4786658,1,2,0.0,0.0,0.0,1.0,4234.476278287617,0.0023875123833931866,e,minimum_5800
555,70.0,+,4,4984.0353814,1,3,0.0,0.0,0.0,1.0,4984.034656427119,0.0007249728805618361,e,minimum_5800
556,70.0,+,5,5724.4763783,1,4,0.0,0.0,0.0,1.0,5724.478473248349,-0.002094948348712933,e,minimum_5800
557,70.0,+,6,6455.9187769,1,5,0.0,0.0,0.0,1.0,6455.920682180437,-0.0019052804373131949,e,minimum_5800
558,70.0,+,7,7178.4727828,1,6,0.0,0.0,0.0,1.0,7178.474608623826,-0.001825823826038686,e,minimum_5800
559,70.0,+,8,7892.2594956,1,7,0.0,0.0,0.0,1.0,7892.254876219076,0.004619380923941208,e,minimum_5800
560,70.0,+,9,8597.3804885,1,8,0.0,0.0,0.0,1.0,8597.378009190861,0.002479309139744146,e,minimum_5800
561,71.0,-,1,2784.1503049,1,0,0.0,0.0,0.0,1.0,2784.15365116716,-0.003346267160395655,e,minimum_5800
562,71.0,-,2,3551.5869223,1,1,0.0,0.0,0.0,1.0,3551.585272147923,0.0016501520767633338,e,minimum_5800
563,71.0,-,3,4309.6800014,1,2,0.0,0.0,0.0,1.0,4309.677248930241,0.0027524697588887648,e,minimum_5800
564,71.0,-,4,5058.5468375,1,3,0.0,0.0,0.0,1.0,5058.546025685054,0.0008118149462461588,e,minimum_5800
565,71.0,-,5,5798.3039699,1,4,0.0,0.0,0.0,1.0,5798.305416721438,-0.0014468214376393007,e,minimum_5800
566,71.0,-,6,6529.0651208,1,5,0.0,0.0,0.0,1.0,6529.06835792214,-0.0032371221404901007,e,minimum_5800
567,71.0,-,7,7250.9488492,1,6,0.0,0.0,0.0,1.0,7250.948207555569,0.000641644431198074,e,minimum_5800
568,71.0,-,8,7964.0600848,1,7,0.0,0.0,0.0,1.0,7964.059662965343,0.0004218346575726173,e,minimum_5800
569,72.0,+,1,2861.7820451,1,0,0.0,0.0,0.0,1.0,2861.785194120705,-0.003149020705222938,e,minimum_5800
570,72.0,+,2,3628.5083083,1,1,0.0,0.0,0.0,1.0,3628.506786735545,0.001521564454833424,e,minimum_5800
571,72.0,+,3,4385.8971977,1,2,0.0,0.0,0.0,1.0,4385.894214389014,0.0029833109856554074,e,minimum_5800
572,72.0,+,4,5134.0643884,1,3,0.0,0.0,0.0,1.0,5134.063773391314,0.0006150086865090998,e,minimum_5800
573,72.0,+,5,5873.1272117,1,4,0.0,0.0,0.0,1.0,5873.129200094633,-0.0019883946333720814,e,minimum_5800
574,72.0,+,6,6603.2003484,1,5,0.0,0.0,0.0,1.0,6603.20341336062,-0.0030649606205770397,e,minimum_5800
575,72.0,+,7,7324.3988473,1,6,0.0,0.0,0.0,1.0,7324.39980568211,-0.000958382110184175,e,minimum_5800
576,72.0,+,8,8036.8344161,1,7,0.0,0.0,0.0,1.0,8036.833150052069,0.0012660479314945405,e,minimum_5800
577,72.0,+,9,8740.622561,1,8,0.0,0.0,0.0,1.0,8740.620183404404,0.002377595596044557,e,minimum_5800
578,73.0,-,1,2940.4464458,1,0,0.0,0.0,0.0,1.0,2940.450375809765,-0.0039300097646446375,e,minimum_5800
579,73.0,-,2,3706.4543923,1,1,0.0,0.0,0.0,1.0,3706.452168858816,0.0022234411840145185,e,minimum_5800
580,73.0,-,3,4463.1280818,1,2,0.0,0.0,0.0,1.0,4463.125356697118,0.002725102881413477,e,minimum_5800
581,73.0,-,4,5210.5865591,1,3,0.0,0.0,0.0,1.0,5210.586085819135,0.0004732808647531783,e,minimum_5800
582,73.0,-,5,5948.9455307,1,4,0.0,0.0,0.0,1.0,5948.948014086585,-0.0024833865854816395,e,minimum_5800
583,73.0,-,6,6678.3200141,1,5,0.0,0.0,0.0,1.0,6678.324043915207,-0.004029815207104548,e,minimum_5800
584,73.0,-,7,7398.8255574,1,6,0.0,0.0,0.0,1.0,7398.827603427972,-0.002046027971118747,e,minimum_5800
585,73.0,-,8,8110.5765248,1,7,0.0,0.0,0.0,1.0,8110.573543259785,0.0029815402149324655,e,minimum_5800
586,74.0,+,1,3020.1447685,1,0,0.0,0.0,0.0,1.0,3020.147344379554,-0.0025758795541150903,e,minimum_5800
587,74.0,+,2,3785.4212095,1,1,0.0,0.0,0.0,1.0,3785.4195706873,0.0016388126996389474,e,minimum_5800
588,74.0,+,3,4541.3721353,1,2,0.0,0.0,0.0,1.0,4541.368832175895,0.0033031241055141436,e,minimum_5800
589,74.0,+,4,5288.1114902,1,3,0.0,0.0,0.0,1.0,5288.111123603344,0.0003665966560220113,e,minimum_5800
590,74.0,+,5,6025.7574721,1,4,0.0,0.0,0.0,1.0,6025.760023854182,-0.002551754181695287,e,minimum_5800
591,74.0,+,6,6754.4248991,1,5,0.0,0.0,0.0,1.0,6754.428419524914,-0.0035204249134039856,e,minimum_5800
592,74.0,+,7,7474.2285023,1,6,0.0,0.0,0.0,1.0,7474.229775825619,-0.001273525618671556,e,minimum_5800
593,74.0,+,8,8185.2812144,1,7,0.0,0.0,0.0,1.0,8185.279023072757,0.00219132724305382,e,minimum_5800
594,75.0,-,9,3100.8702485,1,0,0.0,0.0,0.0,1.0,3100.874222093938,-0.003973593938098929,e,minimum_5800
595,75.0,-,1,3865.4098922,1,1,0.0,0.0,0.0,1.0,3865.40711858455,0.0027736154497688403,e,minimum_5800
596,75.0,-,2,4620.6255004,1,2,0.0,0.0,0.0,1.0,4620.622771413999,0.002728986001784506,e,minimum_5800
597,75.0,-,3,5366.6377967,1,3,0.0,0.0,0.0,1.0,5366.637021720491,0.000774979508605611,e,minimum_5800
598,75.0,-,4,6103.5608643,1,4,0.0,0.0,0.0,1.0,6103.563368973499,-0.0025046734990610275,e,minimum_5800
599,75.0,-,5,6831.5113714,1,5,0.0,0.0,0.0,1.0,6831.514684630481,-0.0033132304806713364,e,minimum_5800
600,75.0,-,6,7550.6028453,1,6,0.0,0.0,0.0,1.0,7550.604472498415,-0.0016271984150080243,e,minimum_5800
601,75.0,-,7,8260.9476993,1,7,0.0,0.0,0.0,1.0,8260.947744662797,-4.5362796299741603e-05,e,minimum_5800
602,76.0,+,1,3182.6256455,1,0,0.0,0.0,0.0,1.0,3182.629105313375,-0.0034598133752297144,e,minimum_5800
603,76.0,+,2,3946.4144566,1,1,0.0,0.0,0.0,1.0,3946.412913086808,0.0015435131917911349,e,minimum_5800
604,76.0,+,3,4700.8887381,1,2,0.0,0.0,0.0,1.0,4700.885279247016,0.0034588529842949356,e,minimum_5800
605,76.0,+,4,5446.1622788,1,3,0.0,0.0,0.0,1.0,5446.161889468964,0.0003893310367857339,e,minimum_5800
606,76.0,+,5,6182.3536927,1,4,0.0,0.0,0.0,1.0,6182.356163420677,-0.002470720677592908,e,minimum_5800
607,76.0,+,6,6909.5778426,1,5,0.0,0.0,0.0,1.0,6909.580958156082,-0.003115556081866089,e,minimum_5800
608,76.0,+,7,7627.9467273,1,6,0.0,0.0,0.0,1.0,7627.949817643006,-0.0030903430060789105,e,minimum_5800
609,76.0,+,8,8337.5800487,1,7,0.0,0.0,0.0,1.0,8337.577837873003,0.00221082699681574,e,minimum_5800
610,77.0,-,1,3265.4059396,1,0,0.0,0.0,0.0,1.0,3265.410064471827,-0.004124871827116294,e,minimum_5800
611,77.0,-,2,4028.4377894,1,1,0.0,0.0,0.0,1.0,4028.435028881001,0.0027605189989117207,e,minimum_5800
612,77.0,-,3,4782.1574067,1,2,0.0,0.0,0.0,1.0,4782.154434736115,0.0029719638851020136,e,minimum_5800
613,77.0,-,4,5526.6843137,1,3,0.0,0.0,0.0,1.0,5526.683810448566,0.0005032514336562599,e,minimum_5800
614,77.0,-,5,6262.1336543,1,4,0.0,0.0,0.0,1.0,6262.136495552246,-0.0028412522460712353,e,minimum_5800
615,77.0,-,6,6988.6209715,1,5,0.0,0.0,0.0,1.0,6988.625333490503,-0.0043619905027298955,e,minimum_5800
616,77.0,-,7,7706.2604077,1,6,0.0,0.0,0.0,1.0,7706.263910011869,-0.0035023118689423427,e,minimum_5800
617,78.0,+,1,3349.2115765,1,0,0.0,0.0,0.0,1.0,3349.215144053972,-0.0035675539720614324,e,minimum_5800
618,78.0,+,2,4111.4737342,1,1,0.0,0.0,0.0,1.0,4111.471514782518,0.0022194174816831946,e,minimum_5800
619,78.0,+,3,4864.4319361,1,2,0.0,0.0,0.0,1.0,4864.428291146874,0.00364495312624058,e,minimum_5800
620,78.0,+,4,5608.200967,1,3,0.0,0.0,0.0,1.0,5608.20084253995,0.00012446004984667525,e,minimum_5800
621,78.0,+,5,6342.8992083,1,4,0.0,0.0,0.0,1.0,6342.902428085303,-0.0032197853024626966,e,minimum_5800
622,78.0,+,6,7068.6418111,1,5,0.0,0.0,0.0,1.0,7068.645878468214,-0.004067368213327427,e,minimum_5800
623,78.0,+,7,7785.5440685,1,6,0.0,0.0,0.0,1.0,7785.544822895169,-0.0007543951687694062,e,minimum_5800
624,78.0,+,8,8493.7151569,1,7,0.0,0.0,0.0,1.0,8493.71453178401,0.0006251159902603831,e,minimum_5800
625,79.0,-,1,3434.0375834,1,0,0.0,0.0,0.0,1.0,3434.042362571432,-0.004779171431891882,e,minimum_5800
626,79.0,-,2,4195.5234968,1,1,0.0,0.0,0.0,1.0,4195.520393712653,0.003103087347881228,e,minimum_5800
627,79.0,-,3,4947.7080757,1,2,0.0,0.0,0.0,1.0,4947.704875927034,0.003199772966581804,e,minimum_5800
628,79.0,-,4,5690.7120385,1,3,0.0,0.0,0.0,1.0,5690.711017883243,0.001020616757159587,e,minimum_5800
629,79.0,-,5,6424.6485846,1,4,0.0,0.0,0.0,1.0,6424.651998077102,-0.003413477102185425,e,minimum_5800
630,79.0,-,6,7149.637121,1,5,0.0,0.0,0.0,1.0,7149.640635350034,-0.0035143500344929635,e,minimum_5800
631,79.0,-,7,7865.786412,1,6,0.0,0.0,0.0,1.0,7865.790604102749,-0.004192102748675097,e,minimum_5800
632,79.0,-,8,8573.2208335,1,7,0.0,0.0,0.0,1.0,8573.217265377843,0.0035681221561389975,e,minimum_5800
633,80.0,+,1,3519.8860832,1,0,0.0,0.0,0.0,1.0,3519.889712539046,-0.0036293390458013164,e,minimum_5800
634,80.0,+,2,4280.582247,1,1,0.0,0.0,0.0,1.0,4280.579662675552,0.002584324448434927,e,minimum_5800
635,80.0,+,3,5031.9861659,1,2,0.0,0.0,0.0,1.0,5031.982190684574,0.003975215426180512,e,minimum_5800
636,80.0,+,4,5774.2124043,1,3,0.0,0.0,0.0,1.0,5774.212342856868,6.144313192635309e-05,e,minimum_5800
637,80.0,+,5,6507.3798203,1,4,0.0,0.0,0.0,1.0,6507.383216904691,-0.003396604691261018,e,minimum_5800
638,80.0,+,6,7231.6029937,1,5,0.0,0.0,0.0,1.0,7231.60762080353,-0.004627103529855958,e,minimum_5800
639,80.0,+,7,7946.9973877,1,6,0.0,0.0,0.0,1.0,7946.999275945471,-0.0018882454705817509,e,minimum_5800
640,81.0,-,1,3606.7505802,1,0,0.0,0.0,0.0,1.0,3606.755160450166,-0.004580250165872712,e,minimum_5800
641,81.0,-,2,4366.650945,1,1,0.0,0.0,0.0,1.0,4366.647292734619,0.0036522653808788164,e,minimum_5800
642,81.0,-,3,5117.2614645,1,2,0.0,0.0,0.0,1.0,5117.258211164878,0.003253335122280987,e,minimum_5800
643,81.0,-,4,5858.7031071,1,3,0.0,0.0,0.0,1.0,5858.702798055529,0.00030904447157809045,e,minimum_5800
644,81.0,-,5,6591.0893262,1,4,0.0,0.0,0.0,1.0,6591.094070243797,-0.004744043797472841,e,minimum_5800
645,81.0,-,6,7314.5399986,1,5,0.0,0.0,0.0,1.0,7314.544825883064,-0.004827283063605137,e,minimum_5800
646,81.0,-,7,8029.1641316,1,6,0.0,0.0,0.0,1.0,8029.168835216287,-0.004703616287770274,e,minimum_5800
647,82.0,+,1,3694.6329192,1,0,0.0,0.0,0.0,1.0,3694.63664675238,-0.003727552380041743,e,minimum_5800
648,82.0,+,2,4453.7246098,1,1,0.0,0.0,0.0,1.0,4453.72122898897,0.0033808110292739,e,minimum_5800
649,82.0,+,3,5203.5353908,1,2,0.0,0.0,0.0,1.0,5203.530887228048,0.004503571951318008,e,minimum_5800
650,82.0,+,4,5944.1793467,1,3,0.0,0.0,0.0,1.0,5944.180338268336,-0.0009915683358485694,e,minimum_5800
651,82.0,+,5,6675.7796208,1,4,0.0,0.0,0.0,1.0,6675.78251804769,-0.0028972476902708877,e,minimum_5800
652,82.0,+,6,7398.4443318,1,5,0.0,0.0,0.0,1.0,7398.450216009586,-0.005884209585929057,e,minimum_5800
653,82.0,+,7,8112.2952634,1,6,0.0,0.0,0.0,1.0,8112.297253171562,-0.001989771561966336,e,minimum_5800
654,83.0,-,1,3783.5273735,1,0,0.0,0.0,0.0,1.0,3783.532085821982,-0.0047123219819695805,e,minimum_5800
655,83.0,-,2,4541.8027507,1,1,0.0,0.0,0.0,1.0,4541.799390548962,0.003360151037668402,e,minimum_5800
656,83.0,-,3,5290.8015102,1,2,0.0,0.0,0.0,1.0,5290.798142825091,0.0033673749085210147,e,minimum_5800
657,83.0,-,4,6030.6438053,1,3,0.0,0.0,0.0,1.0,6030.642892455806,0.0009128441943175858,e,minimum_5800
658,83.0,-,5,6761.4416485,1,4,0.0,0.0,0.0,1.0,6761.446494525389,-0.004846025389269926,e,minimum_5800
659,83.0,-,6,7483.3173429,1,5,0.0,0.0,0.0,1.0,7483.321730949981,-0.004388049981571385,e,minimum_5800
660,83.0,-,7,8196.381661,1,6,0.0,0.0,0.0,1.0,8196.382475511247,-0.0008145112478814553,e,minimum_5800
661,84.0,+,1,3873.4349466,1,0,0.0,0.0,0.0,1.0,3873.439365938495,-0.004419338495154079,e,minimum_5800
662,84.0,+,2,4630.8825354,1,1,0.0,0.0,0.0,1.0,4630.879670511603,0.0028648883971982286,e,minimum_5800
663,84.0,+,3,5379.0619695,1,2,0.0,0.0,0.0,1.0,5379.057875974357,0.004093525642929308,e,minimum_5800
664,84.0,+,4,6118.0879774,1,3,0.0,0.0,0.0,1.0,6118.088363727293,-0.0003863272922899341,e,minimum_5800
665,84.0,+,5,6848.0801182,1,4,0.0,0.0,0.0,1.0,6848.083908119828,-0.003789919828705024,e,minimum_5800
666,84.0,+,6,7569.1532599,1,5,0.0,0.0,0.0,1.0,7569.157284796292,-0.004024896291412006,e,minimum_5800
667,84.0,+,7,8281.4237161,1,6,0.0,0.0,0.0,1.0,8281.4224223596,0.0012937404007971054,e,minimum_5800
668,85.0,-,1,3964.3510646,1,0,0.0,0.0,0.0,1.0,3964.356349258687,-0.0052846586868326995,e,minimum_5800
669,85.0,-,2,4720.9637514,1,1,0.0,0.0,0.0,1.0,4720.959935935634,0.00381546436528879,e,minimum_5800
670,85.0,-,3,5468.3109565,1,2,0.0,0.0,0.0,1.0,5468.307958737486,0.0029977625144965714,e,minimum_5800
671,85.0,-,4,6206.5147112,1,3,0.0,0.0,0.0,1.0,6206.514629317797,8.1882203630812e-05,e,minimum_5800
672,85.0,-,5,6935.6890902,1,4,0.0,0.0,0.0,1.0,6935.69264148565,-0.0035512856502464274,e,minimum_5800
673,85.0,-,6,7655.9545944,1,5,0.0,0.0,0.0,1.0,7655.954765944459,-0.00017154445868072798,e,minimum_5800
674,86.0,+,1,4056.2763702,1,0,0.0,0.0,0.0,1.0,4056.280871789956,-0.004501589955907548,e,minimum_5800
675,86.0,+,2,4812.0403398,1,1,0.0,0.0,0.0,1.0,4812.038027815767,0.0023119842326195794,e,minimum_5800
676,86.0,+,3,5558.5501387,1,2,0.0,0.0,0.0,1.0,5558.546237194433,0.003901505567228014,e,minimum_5800
677,86.0,+,4,6295.9183306,1,3,0.0,0.0,0.0,1.0,6295.919540563671,-0.0012099636705897865,e,minimum_5800
678,86.0,+,5,7024.2677695,1,4,0.0,0.0,0.0,1.0,7024.270551466092,-0.0027819660917884903,e,minimum_5800
679,86.0,+,6,7743.7054861,1,5,0.0,0.0,0.0,1.0,7743.712037072724,-0.006550972724653548,e,minimum_5800
680,87.0,-,1,4149.2043115,1,0,0.0,0.0,0.0,1.0,4149.210743363677,-0.006431863676880312,e,minimum_5800
681,87.0,-,2,4904.1157576,1,1,0.0,0.0,0.0,1.0,4904.111761057062,0.0039965429377843975,e,minimum_5800
682,87.0,-,3,5649.7730126,1,2,0.0,0.0,0.0,1.0,5649.770531418889,0.0024811811108520487,e,minimum_5800
683,87.0,-,4,6386.3022755,1,3,0.0,0.0,0.0,1.0,6386.300922879216,0.0013526207840186544,e,minimum_5800
684,87.0,-,5,7113.8099907,1,4,0.0,0.0,0.0,1.0,7113.815469070472,-0.005478370472701499,e,minimum_5800
685,87.0,-,6,7832.4213687,1,5,0.0,0.0,0.0,1.0,7832.426935119885,-0.005566419884416973,e,minimum_5800
686,88.0,+,1,4243.1392135,1,0,0.0,0.0,0.0,1.0,4243.143747607724,-0.004534107724794012,e,minimum_5800
687,88.0,+,2,4997.1816798,1,1,0.0,0.0,0.0,1.0,4997.178924448448,0.002755351551968488,e,minimum_5800
688,88.0,+,3,5741.9828022,1,2,0.0,0.0,0.0,1.0,5741.978635452459,0.0041667475416033994,e,minimum_5800
689,88.0,+,4,6477.6551288,1,3,0.0,0.0,0.0,1.0,6477.656575731865,-0.0014469318648480112,e,minimum_5800
690,88.0,+,5,7204.3220025,1,4,0.0,0.0,0.0,1.0,7204.325199450441,-0.003196950440724322,e,minimum_5800
691,89.0,-,1,4338.0729301,1,0,0.0,0.0,0.0,1.0,4338.07764191864,-0.004711818640316778,e,minimum_5800
692,89.0,-,2,5091.2418314,1,1,0.0,0.0,0.0,1.0,5091.237280635941,0.004550764058876666,e,minimum_5800
693,89.0,-,3,5835.1715858,1,2,0.0,0.0,0.0,1.0,5835.168317279134,0.003268520866186009,e,minimum_5800
694,89.0,-,4,6569.9853993,1,3,0.0,0.0,0.0,1.0,6569.984272617367,0.0011266826322753332,e,minimum_5800
695,89.0,-,5,7295.7927887,1,4,0.0,0.0,0.0,1.0,7295.797521876348,-0.004733176348054258,e,minimum_5800
696,89.0,-,6,8012.7176219,1,5,0.0,0.0,0.0,1.0,8012.720830895092,-0.003208995091881661,e,minimum_5800
697,90.0,+,1,4434.0051917,1,0,0.0,0.0,0.0,1.0,4434.010157433647,-0.004965733646713488,e,minimum_5800
698,90.0,+,2,5186.2884021,1,1,0.0,0.0,0.0,1.0,5186.284566095522,0.003836004478216637,e,minimum_5800
699,90.0,+,3,5929.3424836,1,2,0.0,0.0,0.0,1.0,5929.337318798873,0.0051648011276483885,e,minimum_5800
700,90.0,+,4,6663.2809611,1,3,0.0,0.0,0.0,1.0,6663.28176103464,-0.0007999346398719354,e,minimum_5800
701,90.0,+,5,7388.2271031,1,4,0.0,0.0,0.0,1.0,7388.230189713047,-0.0030866130473441444,e,minimum_5800
702,91.0,-,1,4530.9333757,1,0,0.0,0.0,0.0,1.0,4530.938999001743,-0.005623301742161857,e,minimum_5800
703,91.0,-,2,5282.3234639,1,1,0.0,0.0,0.0,1.0,5282.31849110539,0.004972794609784614,e,minimum_5800
704,91.0,-,3,6024.4874355,1,2,0.0,0.0,0.0,1.0,6024.4833558011,0.004079698900568474,e,minimum_5800
705,91.0,-,4,6757.5466729,1,3,0.0,0.0,0.0,1.0,6757.546762459976,-8.95599760042387e-05,e,minimum_5800
706,91.0,-,5,7481.6150036,1,4,0.0,0.0,0.0,1.0,7481.620930395415,-0.005926795414779917,e,minimum_5800
707,92.0,+,1,4628.8577585,1,0,0.0,0.0,0.0,1.0,4628.861845154767,-0.004086654766979336,e,minimum_5800
708,92.0,+,2,5379.3406884,1,1,0.0,0.0,0.0,1.0,5379.336739718012,0.003948681987822056,e,minimum_5800
709,92.0,+,3,6120.6093303,1,2,0.0,0.0,0.0,1.0,6120.604117937327,0.005212362672864401,e,minimum_5800
710,92.0,+,4,6852.7764338,1,3,0.0,0.0,0.0,1.0,6852.776972321072,-0.0005385210724853096,e,minimum_5800
711,92.0,+,5,7575.962765,1,4,0.0,0.0,0.0,1.0,7575.967445403582,-0.004680403581915016,e,minimum_5800
712,93.0,-,1,4727.7747363,1,0,0.0,0.0,0.0,1.0,4727.776348077644,-0.0016117776440296439,e,minimum_5800
713,93.0,-,2,5477.3424485,1,1,0.0,0.0,0.0,1.0,5477.336969731435,0.005478768564898928,e,minimum_5800
714,93.0,-,3,6217.7016968,1,2,0.0,0.0,0.0,1.0,6217.697268693898,0.004428106101840967,e,minimum_5800
715,93.0,-,4,6948.9708866,1,3,0.0,0.0,0.0,1.0,6948.970059970614,0.0008266293862106977,e,minimum_5800
716,93.0,-,5,7671.2618172,1,4,0.0,0.0,0.0,1.0,7671.267410237427,-0.005593037426478986,e,minimum_5800
717,94.0,+,1,4827.6774475,1,0,0.0,0.0,0.0,1.0,4827.680133578572,-0.0026860785719691194,e,minimum_5800
718,94.0,+,2,5576.3255363,1,1,0.0,0.0,0.0,1.0,5576.316812660447,0.00872363955295441,e,minimum_5800
719,94.0,+,3,6315.7663434,1,2,0.0,0.0,0.0,1.0,6315.760445363735,0.0058980362646252615,e,minimum_5800
720,94.0,+,4,7046.1248873,1,3,0.0,0.0,0.0,1.0,7046.123668659134,0.001218640866682108,e,minimum_5800
721,95.0,-,1,4928.5684155,1,0,0.0,0.0,0.0,1.0,4928.570801058194,-0.0023855581939642434,e,minimum_5800
722,95.0,-,2,5676.27929,1,1,0.0,0.0,0.0,1.0,5676.273873706916,0.005416293084635981,e,minimum_5800
723,95.0,-,3,6414.7999843,1,2,0.0,0.0,0.0,1.0,6414.791259018164,0.008725281835722853,e,minimum_5800
724,95.0,-,4,7144.2358517,1,3,0.0,0.0,0.0,1.0,7144.235415508052,0.00043619194821076235,e,minimum_5800
725,96.0,+,1,5777.2147378,1,1,0.0,0.0,0.0,1.0,5777.205731730047,0.00900606995310227,e,minimum_5800
726,96.0,+,2,6514.7930789,1,2,0.0,0.0,0.0,1.0,6514.787294477924,0.005784422076430928,e,minimum_5800
727,96.0,+,3,7243.3071073,1,3,0.0,0.0,0.0,1.0,7243.302891481744,0.004215818255943304,e,minimum_5800
728,97.0,-,1,5133.3006975,1,0,0.0,0.0,0.0,1.0,5133.303047333284,-0.002349833283915359,e,minimum_5800
729,97.0,-,2,6615.7549644,1,2,0.0,0.0,0.0,1.0,6615.746110283771,0.008854116229485953,e,minimum_5800
730,97.0,-,3,7343.3245056,1,3,0.0,0.0,0.0,1.0,7343.323661359413,0.0008442405869573122,e,minimum_5800
731,98.0,+,1,7444.2988213,1,3,0.0,0.0,0.0,1.0,7444.295263706624,0.003557593376172008,e,minimum_5800
732,1.0,+,1,43950.2994,2,0,-1.0,0.0,-1.0,1.0,43950.36070649634,-0.06130649633996654,f,minimum_5800
733,1.0,-,31,43950.3094,2,0,-1.0,0.0,-1.0,1.0,43950.36087483358,-0.051474833584506996,e,minimum_5800
734,1.0,+,2,44742.1894,2,1,-1.0,0.0,-1.0,1.0,44728.71935851817,13.470041481836233,f,minimum_5800
735,1.0,-,32,44742.1394,2,1,-1.0,0.0,-1.0,1.0,44728.719525825145,13.419874174855067,e,minimum_5800
736,1.0,+,3,45521.3694,2,2,-1.0,0.0,-1.0,1.0,45510.803429677406,10.565970322597423,f,minimum_5800
737,1.0,-,33,45521.4694,2,2,-1.0,0.0,-1.0,1.0,45510.80359585623,10.665804143769492,e,minimum_5800
738,1.0,+,5,47041.8194,2,4,-1.0,0.0,-1.0,1.0,47047.842871784174,-6.023471784174035,f,minimum_5800
739,1.0,-,35,47041.8094,2,4,-1.0,0.0,-1.0,1.0,47047.84303366644,-6.033633666440437,e,minimum_5800
740,2.0,-,1,43952.5494,2,0,-1.0,0.0,-1.0,1.0,43952.57618237337,-0.0267823733665864,f,minimum_5800
741,2.0,+,31,43952.5394,2,0,-1.0,0.0,-1.0,1.0,43952.57668736164,-0.037287361636117566,e,minimum_5800
742,2.0,-,2,44744.3494,2,1,-1.0,0.0,-1.0,1.0,44730.91884202233,13.430557977670105,f,minimum_5800
743,2.0,+,32,44744.3594,2,1,-1.0,0.0,-1.0,1.0,44730.91934392128,13.440056078718044,e,minimum_5800
744,2.0,-,3,45523.6394,2,2,-1.0,0.0,-1.0,1.0,45512.986816337136,10.652583662864345,f,minimum_5800
745,2.0,+,33,45523.6594,2,2,-1.0,0.0,-1.0,1.0,45512.98731485176,10.672085148238693,e,minimum_5800
746,2.0,-,4,46290.2794,2,3,-1.0,0.0,-1.0,1.0,46289.21803109833,1.0613689016681747,f,minimum_5800
747,2.0,+,34,46290.2894,2,3,-1.0,0.0,-1.0,1.0,46289.21852462979,1.0708753702128888,e,minimum_5800
748,2.0,-,5,47043.9394,2,4,-1.0,0.0,-1.0,1.0,47049.98368854224,-6.044288542238064,f,minimum_5800
749,2.0,+,35,47043.9594,2,4,-1.0,0.0,-1.0,1.0,47049.984174163015,-6.024774163015536,e,minimum_5800
750,2.0,-,6,47784.2594,2,5,-1.0,0.0,-1.0,1.0,47783.81438830576,0.44501169424620457,f,minimum_5800
751,2.0,-,7,48511.2194,2,6,-1.0,0.0,-1.0,1.0,48473.71791160297,37.50148839702888,f,minimum_5800
752,3.0,+,1,43955.8394,2,0,-1.0,0.0,-1.0,1.0,43955.89932947809,-0.0599294780913624,f,minimum_5800
753,3.0,-,31,43955.8494,2,0,-1.0,0.0,-1.0,1.0,43955.900339384956,-0.050939384957018774,e,minimum_5800
754,3.0,+,2,44747.6394,2,1,-1.0,0.0,-1.0,1.0,44734.218004408016,13.421395591984037,f,minimum_5800
755,3.0,-,32,44747.6594,2,1,-1.0,0.0,-1.0,1.0,44734.2190081402,13.440391859796364,e,minimum_5800
756,3.0,+,3,45526.9294,2,2,-1.0,0.0,-1.0,1.0,45516.261832826014,10.667567173986754,f,minimum_5800
757,3.0,-,33,45526.9094,2,2,-1.0,0.0,-1.0,1.0,45516.262829789055,10.646570210941718,e,minimum_5800
758,3.0,+,4,46293.4994,2,3,-1.0,0.0,-1.0,1.0,46292.464981505305,1.0344184946952737,f,minimum_5800
759,3.0,-,34,46293.5194,2,3,-1.0,0.0,-1.0,1.0,46292.465968497905,1.0534315020922804,e,minimum_5800
760,3.0,+,5,47047.1494,2,4,-1.0,0.0,-1.0,1.0,47053.194837156174,-6.045437156171829,f,minimum_5800
761,3.0,-,35,47047.1694,2,4,-1.0,0.0,-1.0,1.0,47053.195808320044,-6.026408320045448,e,minimum_5800
762,3.0,+,6,47787.4394,2,5,-1.0,0.0,-1.0,1.0,47786.9759522525,0.46344774750468787,f,minimum_5800
763,3.0,-,36,47787.4194,2,5,-1.0,0.0,-1.0,1.0,47786.976897519846,0.4425024801530526,e,minimum_5800
764,3.0,-,37,48513.9294,2,6,-1.0,0.0,-1.0,1.0,48476.80336761803,37.126032381973346,e,minimum_5800
765,4.0,-,1,43960.2794,2,0,-1.0,0.0,-1.0,1.0,43960.33006775906,-0.05066775906016119,f,minimum_5800
766,4.0,+,31,43960.2794,2,0,-1.0,0.0,-1.0,1.0,43960.33175078193,-0.05235078193072695,e,minimum_5800
767,4.0,-,2,44752.0094,2,1,-1.0,0.0,-1.0,1.0,44738.616770231216,13.392629768786719,f,minimum_5800
768,4.0,+,32,44751.9994,2,1,-1.0,0.0,-1.0,1.0,44738.6184429722,13.380957027802651,e,minimum_5800
769,4.0,-,3,45531.2594,2,2,-1.0,0.0,-1.0,1.0,45520.62840294131,10.630997058695357,f,minimum_5800
770,4.0,+,33,45531.2594,2,2,-1.0,0.0,-1.0,1.0,45520.63006439904,10.629335600962804,e,minimum_5800
771,4.0,-,4,46297.8194,2,3,-1.0,0.0,-1.0,1.0,46296.79412224095,1.0252777590503683,f,minimum_5800
772,4.0,+,34,46297.7994,2,3,-1.0,0.0,-1.0,1.0,46296.79576707289,1.0036329271169961,e,minimum_5800
773,4.0,-,5,47051.4094,2,4,-1.0,0.0,-1.0,1.0,47057.47622578146,-6.066825781461375,f,minimum_5800
774,4.0,+,35,47051.3794,2,4,-1.0,0.0,-1.0,1.0,47057.477844214896,-6.098444214898336,e,minimum_5800
775,4.0,-,6,47791.6394,2,5,-1.0,0.0,-1.0,1.0,47791.19119581158,0.4482041884184582,f,minimum_5800
776,4.0,+,36,47791.6294,2,5,-1.0,0.0,-1.0,1.0,47791.192771051894,0.43662894810404396,e,minimum_5800
777,4.0,-,7,48518.4694,2,6,-1.0,0.0,-1.0,1.0,48480.91495656136,37.55444343863928,f,minimum_5800
778,4.0,+,37,48518.1494,2,6,-1.0,0.0,-1.0,1.0,48480.916456358005,37.232943641996826,e,minimum_5800
779,5.0,+,1,43965.8094,2,0,-1.0,0.0,-1.0,1.0,43965.868290481994,-0.05889048199605895,f,minimum_5800
780,5.0,-,31,43965.8094,2,0,-1.0,0.0,-1.0,1.0,43965.87081472583,-0.061414725831127726,e,minimum_5800
781,5.0,+,2,44757.4794,2,1,-1.0,0.0,-1.0,1.0,44744.115038901306,13.364361098691006,f,minimum_5800
782,5.0,-,32,44757.4894,2,1,-1.0,0.0,-1.0,1.0,44744.117547738715,13.371852261283493,e,minimum_5800
783,5.0,+,3,45536.6994,2,2,-1.0,0.0,-1.0,1.0,45526.086425076406,10.612974923591537,f,minimum_5800
784,5.0,-,33,45536.6994,2,2,-1.0,0.0,-1.0,1.0,45526.088916986686,10.61048301331175,e,minimum_5800
785,5.0,+,4,46303.1694,2,3,-1.0,0.0,-1.0,1.0,46302.20534488503,0.9640551149714156,f,minimum_5800
786,5.0,-,34,46303.1694,2,3,-1.0,0.0,-1.0,1.0,46302.20781184062,0.9615881593781523,e,minimum_5800
787,5.0,+,5,47056.6894,2,4,-1.0,0.0,-1.0,1.0,47062.827731929705,-6.1383319297019625,f,minimum_5800
788,5.0,-,35,47056.7294,2,4,-1.0,0.0,-1.0,1.0,47062.8301592554,-6.100759255401499,e,minimum_5800
789,5.0,+,6,47796.8694,2,5,-1.0,0.0,-1.0,1.0,47796.459968856674,0.40943114332912955,f,minimum_5800
790,5.0,-,36,47796.8594,2,5,-1.0,0.0,-1.0,1.0,47796.462331332135,0.39706866786582395,e,minimum_5800
791,5.0,+,7,48523.6794,2,6,-1.0,0.0,-1.0,1.0,48486.05516198078,37.624238019219774,f,minimum_5800
792,5.0,-,37,48523.3994,2,6,-1.0,0.0,-1.0,1.0,48486.057411151574,37.34198884842772,e,minimum_5800
793,6.0,-,1,43972.4594,2,0,-1.0,0.0,-1.0,1.0,43972.51386423286,-0.0544642328604823,f,minimum_5800
794,6.0,+,31,43972.4694,2,0,-1.0,0.0,-1.0,1.0,43972.51739768618,-0.04799768617522204,e,minimum_5800
795,6.0,-,2,44764.0794,2,1,-1.0,0.0,-1.0,1.0,44750.712684681646,13.366715318356,f,minimum_5800
796,6.0,+,32,44764.0794,2,1,-1.0,0.0,-1.0,1.0,44750.716196593705,13.363203406297544,e,minimum_5800
797,6.0,-,3,45543.2094,2,2,-1.0,0.0,-1.0,1.0,45532.63577221802,10.573627781981486,f,minimum_5800
798,6.0,+,33,45543.2194,2,2,-1.0,0.0,-1.0,1.0,45532.63926042847,10.580139571531618,e,minimum_5800
799,6.0,-,4,46309.6294,2,3,-1.0,0.0,-1.0,1.0,46308.69851389394,0.9308861060562776,f,minimum_5800
800,6.0,+,34,46309.5894,2,3,-1.0,0.0,-1.0,1.0,46308.70196714067,0.887432859330147,e,minimum_5800
801,6.0,-,5,47063.1094,2,4,-1.0,0.0,-1.0,1.0,47069.24920244423,-6.139802444231464,f,minimum_5800
802,6.0,+,35,47063.0694,2,4,-1.0,0.0,-1.0,1.0,47069.252600155094,-6.1832001550938,e,minimum_5800
803,6.0,-,6,47803.1494,2,5,-1.0,0.0,-1.0,1.0,47802.78208361074,0.3673163892599405,f,minimum_5800
804,6.0,+,36,47803.1594,2,5,-1.0,0.0,-1.0,1.0,47802.78539042946,0.3740095705361455,e,minimum_5800
805,6.0,-,7,48529.9694,2,6,-1.0,0.0,-1.0,1.0,48492.22281268245,37.74658731755335,f,minimum_5800
806,6.0,+,37,48529.6294,2,6,-1.0,0.0,-1.0,1.0,48492.22596064046,37.403439359535696,e,minimum_5800
807,7.0,+,1,43980.2194,2,0,-1.0,0.0,-1.0,1.0,43980.266628918704,-0.047228918701875955,f,minimum_5800
808,7.0,-,31,43980.2194,2,0,-1.0,0.0,-1.0,1.0,43980.271339430496,-0.05193943049380323,e,minimum_5800
809,7.0,+,2,44771.7694,2,1,-1.0,0.0,-1.0,1.0,44758.40955669086,13.35984330913925,f,minimum_5800
810,7.0,-,32,44771.7694,2,1,-1.0,0.0,-1.0,1.0,44758.41423852442,13.355161475577916,e,minimum_5800
811,7.0,+,3,45550.7794,2,2,-1.0,0.0,-1.0,1.0,45540.27629194299,10.50310805701156,f,minimum_5800
812,7.0,-,33,45550.8394,2,2,-1.0,0.0,-1.0,1.0,45540.28094216851,10.55845783148834,e,minimum_5800
813,7.0,+,4,46317.1194,2,3,-1.0,0.0,-1.0,1.0,46316.273466588784,0.8459334112194483,f,minimum_5800
814,7.0,-,34,46317.1494,2,3,-1.0,0.0,-1.0,1.0,46316.27807015385,0.8713298461516388,e,minimum_5800
815,7.0,+,5,47070.5294,2,4,-1.0,0.0,-1.0,1.0,47076.74045346925,-6.2110534692474175,f,minimum_5800
816,7.0,-,35,47010.5494,2,4,-1.0,0.0,-1.0,0.0,47076.74498290216,-66.19558290215355,e,minimum_5800
817,7.0,+,6,47810.5394,2,5,-1.0,0.0,-1.0,1.0,47810.1573145661,0.38208543389919214,f,minimum_5800
818,7.0,-,36,47810.5694,2,5,-1.0,0.0,-1.0,1.0,47810.161722651,0.40767734900146024,e,minimum_5800
819,7.0,+,7,48537.2194,2,6,-1.0,0.0,-1.0,1.0,48499.4175826806,37.80181731939956,f,minimum_5800
820,8.0,-,1,43989.0594,2,0,-1.0,0.0,-1.0,1.0,43989.12639777061,-0.06699777061294299,f,minimum_5800
821,8.0,+,31,43984.0694,2,0,-1.0,0.0,-1.0,1.0,43989.132453027385,-5.06305302738474,e,minimum_5800
822,8.0,-,2,44780.5194,2,1,-1.0,0.0,-1.0,1.0,44767.20547890458,13.313921095417754,f,minimum_5800
823,8.0,+,32,44780.5194,2,1,-1.0,0.0,-1.0,1.0,44767.21149735293,13.30790264706593,e,minimum_5800
824,8.0,-,3,45559.5094,2,2,-1.0,0.0,-1.0,1.0,45549.00780641437,10.501593585635419,f,minimum_5800
825,8.0,+,33,45559.4794,2,2,-1.0,0.0,-1.0,1.0,45549.0137842154,10.465615784596594,e,minimum_5800
826,8.0,-,4,46325.7394,2,3,-1.0,0.0,-1.0,1.0,46324.93001314061,0.8093868593859952,f,minimum_5800
827,8.0,+,34,46325.6894,2,3,-1.0,0.0,-1.0,1.0,46324.93593088742,0.7534691125838435,e,minimum_5800
828,8.0,-,5,47079.0594,2,4,-1.0,0.0,-1.0,1.0,47085.301270412245,-6.241870412246499,f,minimum_5800
829,8.0,+,35,47079.0094,2,4,-1.0,0.0,-1.0,1.0,47085.30709272241,-6.297692722408101,e,minimum_5800
830,8.0,-,6,47818.9394,2,5,-1.0,0.0,-1.0,1.0,47818.58539838821,0.3540016117913183,f,minimum_5800
831,8.0,+,36,47818.9094,2,5,-1.0,0.0,-1.0,1.0,47818.591064446075,0.3183355539222248,e,minimum_5800
832,8.0,-,7,48545.5994,2,6,-1.0,0.0,-1.0,1.0,48507.639090815836,37.960309184163634,f,minimum_5800
833,8.0,+,37,48545.1894,2,6,-1.0,0.0,-1.0,1.0,48507.64448353253,37.54491646747192,e,minimum_5800
834,9.0,+,1,43999.0294,2,0,-1.0,0.0,-1.0,1.0,43999.0929573465,-0.06355734649696387,f,minimum_5800
835,9.0,-,31,43999.0394,2,0,-1.0,0.0,-1.0,1.0,43999.10052484885,-0.061124848849431146,e,minimum_5800
836,9.0,+,2,44790.3994,2,1,-1.0,0.0,-1.0,1.0,44777.1002501568,13.29914984320203,f,minimum_5800
837,9.0,-,32,44790.3994,2,1,-1.0,0.0,-1.0,1.0,44777.107771738265,13.29162826173706,e,minimum_5800
838,9.0,+,3,45569.2794,2,2,-1.0,0.0,-1.0,1.0,45558.83011237632,10.449287623676355,f,minimum_5800
839,9.0,-,33,45569.2594,2,2,-1.0,0.0,-1.0,1.0,45558.83758313665,10.421816863352433,e,minimum_5800
840,9.0,+,4,46335.3794,2,3,-1.0,0.0,-1.0,1.0,46334.66793655353,0.7114634464669507,f,minimum_5800
841,9.0,-,34,46335.3994,2,3,-1.0,0.0,-1.0,1.0,46334.6753321585,0.724067841503711,e,minimum_5800
842,9.0,+,5,47088.5794,2,4,-1.0,0.0,-1.0,1.0,47094.93140790061,-6.352007900604804,f,minimum_5800
843,9.0,-,35,47088.6294,2,4,-1.0,0.0,-1.0,1.0,47094.93868403535,-6.309284035349265,e,minimum_5800
844,9.0,+,6,47828.3794,2,5,-1.0,0.0,-1.0,1.0,47828.066033802665,0.3133661973333801,f,minimum_5800
845,9.0,-,36,47828.4194,2,5,-1.0,0.0,-1.0,1.0,47828.073114292834,0.3462857071644976,e,minimum_5800
846,9.0,+,7,48554.8894,2,6,-1.0,0.0,-1.0,1.0,48516.886900358484,38.0024996415159,f,minimum_5800
847,9.0,-,37,48554.5694,2,6,-1.0,0.0,-1.0,1.0,48516.89363841168,37.67576158831798,e,minimum_5800
848,10.0,-,1,44010.1194,2,0,-1.0,0.0,-1.0,1.0,44010.166067533995,-0.0466675339921494,f,minimum_5800
849,10.0,+,31,44010.1194,2,0,-1.0,0.0,-1.0,1.0,44010.17531457382,-0.055914573815243784,e,minimum_5800
850,10.0,-,2,44801.3494,2,1,-1.0,0.0,-1.0,1.0,44788.0936441418,13.255755858197517,f,minimum_5800
851,10.0,+,32,44801.3594,2,1,-1.0,0.0,-1.0,1.0,44788.10283517763,13.256564822368091,e,minimum_5800
852,10.0,-,3,45580.0794,2,2,-1.0,0.0,-1.0,1.0,45569.74298114924,10.33641885076213,f,minimum_5800
853,10.0,+,33,45580.0994,2,2,-1.0,0.0,-1.0,1.0,45569.75211005384,10.347289946155797,e,minimum_5800
854,10.0,-,4,46346.1294,2,3,-1.0,0.0,-1.0,1.0,46345.4869926445,0.6424073554953793,f,minimum_5800
855,10.0,-,5,47099.2294,2,4,-1.0,0.0,-1.0,1.0,47105.630589731256,-6.401189731259365,f,minimum_5800
856,10.0,+,35,47099.2194,2,4,-1.0,0.0,-1.0,1.0,47105.63948040386,-6.420080403855536,e,minimum_5800
857,10.0,-,6,47838.9094,2,5,-1.0,0.0,-1.0,1.0,47838.59888146504,0.31051853495591786,f,minimum_5800
858,10.0,+,36,47838.8994,2,5,-1.0,0.0,-1.0,1.0,47838.607532568516,0.29186743148602545,e,minimum_5800
859,10.0,-,7,48565.3594,2,6,-1.0,0.0,-1.0,1.0,48527.16051854985,38.19888145015284,f,minimum_5800
860,10.0,+,37,48564.9594,2,6,-1.0,0.0,-1.0,1.0,48527.168750082026,37.7906499179735,e,minimum_5800
861,11.0,+,1,44022.2994,2,0,-1.0,0.0,-1.0,1.0,44022.34546155458,-0.04606155457440764,f,minimum_5800
862,11.0,-,31,44022.2894,2,0,-1.0,0.0,-1.0,1.0,44022.3565551918,-0.06715519179851981,e,minimum_5800
863,11.0,+,2,44813.3894,2,1,-1.0,0.0,-1.0,1.0,44800.18540941626,13.203990583737323,f,minimum_5800
864,11.0,-,32,44813.3994,2,1,-1.0,0.0,-1.0,1.0,44800.19643600875,13.202963991250726,e,minimum_5800
865,11.0,-,33,45592.0294,2,2,-1.0,0.0,-1.0,1.0,45581.757110636325,10.272289363674645,e,minimum_5800
866,11.0,+,4,46357.9394,2,3,-1.0,0.0,-1.0,1.0,46357.3869100214,0.552489978603262,f,minimum_5800
867,11.0,-,34,46357.1694,2,3,-1.0,0.0,-1.0,1.0,46357.397751506716,-0.22835150671744486,e,minimum_5800
868,11.0,+,5,47110.8894,2,4,-1.0,0.0,-1.0,1.0,47117.39850881393,-6.509108813930652,f,minimum_5800
869,11.0,-,35,47110.9194,2,4,-1.0,0.0,-1.0,1.0,47117.40917447743,-6.489774477428,e,minimum_5800
870,11.0,+,6,47850.4694,2,5,-1.0,0.0,-1.0,1.0,47850.18356381363,0.28583618636912433,f,minimum_5800
871,11.0,-,36,47850.4694,2,5,-1.0,0.0,-1.0,1.0,47850.19394140119,0.2754585988150211,e,minimum_5800
872,11.0,+,7,48576.7794,2,6,-1.0,0.0,-1.0,1.0,48538.459396079204,38.32000392079499,f,minimum_5800
873,11.0,-,37,48576.3694,2,6,-1.0,0.0,-1.0,1.0,48538.46926880572,37.90013119428477,e,minimum_5800
874,12.0,-,1,44035.5694,2,0,-1.0,0.0,-1.0,1.0,44035.63084596752,-0.06144596751983045,f,minimum_5800
875,12.0,+,31,44035.5794,2,0,-1.0,0.0,-1.0,1.0,44035.64395300667,-0.06455300666857511,e,minimum_5800
876,12.0,-,2,44826.5494,2,1,-1.0,0.0,-1.0,1.0,44813.37526940141,13.174130598592455,f,minimum_5800
877,12.0,+,32,44826.5694,2,1,-1.0,0.0,-1.0,1.0,44813.38829741244,13.181102587557689,e,minimum_5800
878,12.0,-,3,45605.0594,2,2,-1.0,0.0,-1.0,1.0,45594.839365250176,10.220034749821934,f,minimum_5800
879,12.0,+,33,45605.0694,2,2,-1.0,0.0,-1.0,1.0,45594.85230509388,10.217094906118291,e,minimum_5800
880,12.0,-,4,46370.8494,2,3,-1.0,0.0,-1.0,1.0,46370.36739005799,0.4820099420103361,f,minimum_5800
881,12.0,+,34,46370.8494,2,3,-1.0,0.0,-1.0,1.0,46370.38019907433,0.46920092566870153,e,minimum_5800
882,12.0,-,5,47123.6494,2,4,-1.0,0.0,-1.0,1.0,47130.23482710744,-6.585427107434953,f,minimum_5800
883,12.0,+,35,47123.6594,2,4,-1.0,0.0,-1.0,1.0,47130.24742792867,-6.588027928672091,e,minimum_5800
884,12.0,-,6,47863.0994,2,5,-1.0,0.0,-1.0,1.0,47862.819664904215,0.27973509578441735,f,minimum_5800
885,12.0,+,36,47863.0794,2,5,-1.0,0.0,-1.0,1.0,47862.83192450544,0.24747549456515117,e,minimum_5800
886,12.0,-,7,48589.3194,2,6,-1.0,0.0,-1.0,1.0,48550.78292649321,38.53647350679239,f,minimum_5800
887,12.0,+,37,48588.8694,2,6,-1.0,0.0,-1.0,1.0,48550.79458765778,38.074812342223595,e,minimum_5800
888,13.0,+,1,44049.9594,2,0,-1.0,0.0,-1.0,1.0,44050.02190067447,-0.06250067446671892,f,minimum_5800
889,13.0,-,31,44049.9794,2,0,-1.0,0.0,-1.0,1.0,44050.03718764215,-0.057787642152106855,e,minimum_5800
890,13.0,+,2,44840.8094,2,1,-1.0,0.0,-1.0,1.0,44827.66292238538,13.146477614616742,f,minimum_5800
891,13.0,-,32,44840.8094,2,1,-1.0,0.0,-1.0,1.0,44827.678117414405,13.131282585592999,e,minimum_5800
892,13.0,+,3,45619.1594,2,2,-1.0,0.0,-1.0,1.0,45609.02229603839,10.137103961606044,f,minimum_5800
893,13.0,-,33,45619.1594,2,2,-1.0,0.0,-1.0,1.0,45609.03738816917,10.122011830826523,e,minimum_5800
894,13.0,+,4,46384.7794,2,3,-1.0,0.0,-1.0,1.0,46384.428106866006,0.3512931339937495,f,minimum_5800
895,13.0,-,34,46384.7994,2,3,-1.0,0.0,-1.0,1.0,46384.44304610745,0.35635389255185146,e,minimum_5800
896,13.0,+,5,47137.4394,2,4,-1.0,0.0,-1.0,1.0,47144.13917554928,-6.699775549277547,f,minimum_5800
897,13.0,-,35,47137.4694,2,4,-1.0,0.0,-1.0,1.0,47144.15387138271,-6.68447138270858,e,minimum_5800
898,13.0,+,6,47876.7394,2,5,-1.0,0.0,-1.0,1.0,47876.506730226785,0.2326697732132743,f,minimum_5800
899,13.0,-,36,47876.7194,2,5,-1.0,0.0,-1.0,1.0,47876.52102699792,0.1983730020801886,e,minimum_5800
900,13.0,+,7,48602.9194,2,6,-1.0,0.0,-1.0,1.0,48564.130445535215,38.78895446478418,f,minimum_5800
901,13.0,-,37,48602.3494,2,6,-1.0,0.0,-1.0,1.0,48564.14404186455,38.20535813544848,e,minimum_5800
902,14.0,-,1,44065.4594,2,0,-1.0,0.0,-1.0,1.0,44065.51827892435,-0.05887892434839159,f,minimum_5800
903,14.0,+,31,44065.4794,2,0,-1.0,0.0,-1.0,1.0,44065.53591204581,-0.05651204581226921,e,minimum_5800
904,14.0,-,2,44856.1594,2,1,-1.0,0.0,-1.0,1.0,44843.04804152602,13.111358473979635,f,minimum_5800
905,14.0,+,32,44856.1694,2,1,-1.0,0.0,-1.0,1.0,44843.06556888833,13.103831111671752,e,minimum_5800
906,14.0,-,3,45646.1294,2,2,-1.0,0.0,-1.0,1.0,45624.29462054113,21.83477945886989,f,minimum_5800
907,14.0,+,33,45634.3694,2,2,-1.0,0.0,-1.0,1.0,45624.312029129265,10.057370870737941,e,minimum_5800
908,14.0,-,4,46399.7294,2,3,-1.0,0.0,-1.0,1.0,46399.56870726454,0.1606927354587242,f,minimum_5800
909,14.0,+,34,46399.8294,2,3,-1.0,0.0,-1.0,1.0,46399.585939121236,0.24346087876620004,e,minimum_5800
910,14.0,-,5,47152.3294,2,4,-1.0,0.0,-1.0,1.0,47159.111153978236,-6.78175397823361,f,minimum_5800
911,14.0,+,35,47152.3594,2,4,-1.0,0.0,-1.0,1.0,47159.128104339434,-6.768704339432588,e,minimum_5800
912,14.0,-,6,47891.4594,2,5,-1.0,0.0,-1.0,1.0,47891.24426650336,0.21513349664019188,f,minimum_5800
913,14.0,+,36,47891.4194,2,5,-1.0,0.0,-1.0,1.0,47891.260755195915,0.15864480408345116,e,minimum_5800
914,14.0,-,7,48617.4594,2,6,-1.0,0.0,-1.0,1.0,48578.501230410744,38.958169589255704,f,minimum_5800
915,14.0,-,7,48616.9194,2,6,-1.0,0.0,-1.0,1.0,48578.501230410744,38.41816958925483,f,minimum_5800
916,15.0,+,1,44082.0594,2,0,-1.0,0.0,-1.0,1.0,44082.119607319284,-0.060207319285837,f,minimum_5800
917,15.0,-,31,44082.0794,2,0,-1.0,0.0,-1.0,1.0,44082.13975249584,-0.06035249583510449,e,minimum_5800
918,15.0,+,2,44872.5994,2,1,-1.0,0.0,-1.0,1.0,44859.53027485323,13.069125146772421,f,minimum_5800
919,15.0,-,32,44872.5994,2,1,-1.0,0.0,-1.0,1.0,44859.550299558454,13.049100441545306,e,minimum_5800
920,15.0,+,3,45650.6094,2,2,-1.0,0.0,-1.0,1.0,45640.65598284864,9.953417151358735,f,minimum_5800
921,15.0,-,33,45650.6294,2,2,-1.0,0.0,-1.0,1.0,45640.675871755586,9.953528244412155,e,minimum_5800
922,15.0,+,4,46415.9094,2,3,-1.0,0.0,-1.0,1.0,46415.78881074718,0.12058925281598931,f,minimum_5800
923,15.0,-,34,46415.9594,2,3,-1.0,0.0,-1.0,1.0,46415.80849728191,0.15090271808730904,e,minimum_5800
924,15.0,+,5,47168.2694,2,4,-1.0,0.0,-1.0,1.0,47175.1503310496,-6.880931049599894,f,minimum_5800
925,15.0,-,35,47168.2994,2,4,-1.0,0.0,-1.0,1.0,47175.16969508939,-6.870295089385763,e,minimum_5800
926,15.0,+,6,47907.2094,2,5,-1.0,0.0,-1.0,1.0,47907.031741466475,0.17765853352466365,f,minimum_5800
927,15.0,-,36,47907.1494,2,5,-1.0,0.0,-1.0,1.0,47907.050576395035,0.09882360496703768,e,minimum_5800
928,15.0,+,7,48633.1294,2,6,-1.0,0.0,-1.0,1.0,48593.89449897484,39.23490102515643,f,minimum_5800
929,15.0,-,37,48632.4994,2,6,-1.0,0.0,-1.0,1.0,48593.91240351437,38.58699648563197,e,minimum_5800
930,16.0,-,1,44099.7594,2,0,-1.0,0.0,-1.0,1.0,44099.82548582009,-0.06608582008630037,f,minimum_5800
931,16.0,+,31,44099.7694,2,0,-1.0,0.0,-1.0,1.0,44099.84830860593,-0.07890860593033722,e,minimum_5800
932,16.0,-,2,44890.0994,2,1,-1.0,0.0,-1.0,1.0,44877.109245272004,12.990154727995105,f,minimum_5800
933,16.0,+,32,44890.1594,2,1,-1.0,0.0,-1.0,1.0,44877.13193200185,13.027467998144857,e,minimum_5800
934,16.0,-,3,45667.9494,2,2,-1.0,0.0,-1.0,1.0,45658.106001577056,9.843398422941391,f,minimum_5800
935,16.0,+,33,45667.9894,2,2,-1.0,0.0,-1.0,1.0,45658.128534333955,9.860865666043537,e,minimum_5800
936,16.0,-,4,46433.1294,2,3,-1.0,0.0,-1.0,1.0,46433.088009445106,0.04139055489213206,f,minimum_5800
937,16.0,+,34,46433.1294,2,3,-1.0,0.0,-1.0,1.0,46433.11031236951,0.01908763049141271,e,minimum_5800
938,16.0,-,5,47185.2594,2,4,-1.0,0.0,-1.0,1.0,47192.25624414315,-6.996844143148337,f,minimum_5800
939,16.0,+,35,47185.2894,2,4,-1.0,0.0,-1.0,1.0,47192.27818062062,-6.988780620617035,e,minimum_5800
940,16.0,-,6,47924.0394,2,5,-1.0,0.0,-1.0,1.0,47923.86858361817,0.1708163818329922,f,minimum_5800
941,16.0,+,36,47923.7994,2,5,-1.0,0.0,-1.0,1.0,47923.8899186279,-0.09051862789783627,e,minimum_5800
942,16.0,-,7,48649.8594,2,6,-1.0,0.0,-1.0,1.0,48610.309408837216,39.54999116278486,f,minimum_5800
943,16.0,+,37,48649.1294,2,6,-1.0,0.0,-1.0,1.0,48610.329685154735,38.799714845263225,e,minimum_5800
944,17.0,+,1,44118.5594,2,0,-1.0,0.0,-1.0,1.0,44118.63548775356,-0.07608775356493425,f,minimum_5800
945,17.0,-,31,44118.5794,2,0,-1.0,0.0,-1.0,1.0,44118.661153332716,-0.08175333271356067,e,minimum_5800
946,17.0,+,2,44908.7294,2,1,-1.0,0.0,-1.0,1.0,44895.784550564706,12.944849435290962,f,minimum_5800
947,17.0,-,32,44908.7294,2,1,-1.0,0.0,-1.0,1.0,44895.81006365252,12.919336347476928,e,minimum_5800
948,17.0,+,3,45686.3894,2,2,-1.0,0.0,-1.0,1.0,45676.6442698573,9.745130142699054,f,minimum_5800
949,17.0,-,33,45686.4494,2,2,-1.0,0.0,-1.0,1.0,45676.66960964241,9.779790357584716,e,minimum_5800
950,17.0,+,4,46451.3294,2,3,-1.0,0.0,-1.0,1.0,46451.46586808794,-0.1364680879341904,f,minimum_5800
951,17.0,-,34,46451.3794,2,3,-1.0,0.0,-1.0,1.0,46451.49094873969,-0.11154873968916945,e,minimum_5800
952,17.0,+,5,47203.3094,2,4,-1.0,0.0,-1.0,1.0,47210.42839926334,-7.118999263344449,f,minimum_5800
953,17.0,-,35,47203.3294,2,4,-1.0,0.0,-1.0,1.0,47210.45306651993,-7.123666519924882,e,minimum_5800
954,17.0,+,6,47941.8594,2,5,-1.0,0.0,-1.0,1.0,47941.75418196765,0.10521803235315019,f,minimum_5800
955,17.0,-,36,47941.99,2,5,-1.0,0.0,-1.0,1.0,47941.778170402504,0.2118295974942157,e,minimum_5800
956,17.0,+,7,48667.5794,2,6,-1.0,0.0,-1.0,1.0,48627.7450563794,39.83434362060507,f,minimum_5800
957,17.0,-,37,48666.7794,2,6,-1.0,0.0,-1.0,1.0,48627.767848664684,39.011551335315744,e,minimum_5800
958,18.0,-,1,44138.4694,2,0,-1.0,0.0,-1.0,1.0,44138.54915981884,-0.07975981883646455,f,minimum_5800
959,18.0,+,31,44138.4994,2,0,-1.0,0.0,-1.0,1.0,44138.57783298289,-0.0784329828893533,e,minimum_5800
960,18.0,-,2,44928.4394,2,1,-1.0,0.0,-1.0,1.0,44915.555763394776,12.883636605227366,f,minimum_5800
961,18.0,+,32,44928.4694,2,1,-1.0,0.0,-1.0,1.0,44915.584266802776,12.885133197225514,e,minimum_5800
962,18.0,-,3,45705.9094,2,2,-1.0,0.0,-1.0,1.0,45696.270355322384,9.639044677613128,f,minimum_5800
963,18.0,+,33,45705.9594,2,2,-1.0,0.0,-1.0,1.0,45696.29866493974,9.660735060257139,e,minimum_5800
964,18.0,-,4,46470.6694,2,3,-1.0,0.0,-1.0,1.0,46470.921923961425,-0.25252396142604994,f,minimum_5800
965,18.0,+,34,46470.6794,2,3,-1.0,0.0,-1.0,1.0,46470.94994328036,-0.27054328035592334,e,minimum_5800
966,18.0,-,5,47222.4194,2,4,-1.0,0.0,-1.0,1.0,47229.666270931724,-7.246870931725425,f,minimum_5800
967,18.0,+,35,47222.4494,2,4,-1.0,0.0,-1.0,1.0,47229.693826864706,-7.244426864708657,e,minimum_5800
968,18.0,-,6,47960.7894,2,5,-1.0,0.0,-1.0,1.0,47960.68788574847,0.10151425153162563,f,minimum_5800
969,18.0,+,36,47960.78,2,5,-1.0,0.0,-1.0,1.0,47960.71468041798,0.06531958201958332,e,minimum_5800
970,18.0,-,7,48686.4094,2,6,-1.0,0.0,-1.0,1.0,48646.200475678714,40.20892432128312,f,minimum_5800
971,18.0,+,37,48685.4594,2,6,-1.0,0.0,-1.0,1.0,48646.22592736576,39.23347263423784,e,minimum_5800
972,19.0,+,1,44159.4994,2,0,-1.0,0.0,-1.0,1.0,44159.56602209539,-0.06662209538626485,f,minimum_5800
973,19.0,-,31,44159.5194,2,0,-1.0,0.0,-1.0,1.0,44159.59786721996,-0.0784672199661145,e,minimum_5800
974,19.0,+,2,44949.2594,2,1,-1.0,0.0,-1.0,1.0,44936.4224313093,12.836968690702633,f,minimum_5800
975,19.0,-,32,44949.2794,2,1,-1.0,0.0,-1.0,1.0,44936.45408860748,12.825311392516596,e,minimum_5800
976,19.0,+,3,45726.5094,2,2,-1.0,0.0,-1.0,1.0,45716.98380009329,9.525599906715797,f,minimum_5800
977,19.0,-,33,45726.5394,2,2,-1.0,0.0,-1.0,1.0,45717.01524195048,9.524158049520338,e,minimum_5800
978,19.0,+,4,46491.0294,2,3,-1.0,0.0,-1.0,1.0,46491.45568686151,-0.4262868615114712,f,minimum_5800
979,19.0,-,34,46491.0694,2,3,-1.0,0.0,-1.0,1.0,46491.48680536637,-0.4174053663664381,e,minimum_5800
980,19.0,+,5,47242.5694,2,4,-1.0,0.0,-1.0,1.0,47249.96930207186,-7.399902071862016,f,minimum_5800
981,19.0,-,35,47242.6194,2,4,-1.0,0.0,-1.0,1.0,47249.99990410769,-7.380504107684828,e,minimum_5800
982,19.0,+,6,47980.7094,2,5,-1.0,0.0,-1.0,1.0,47980.66900411259,0.04039588740852196,f,minimum_5800
983,19.0,-,36,47980.71,2,5,-1.0,0.0,-1.0,1.0,47980.69875725905,0.011242740947636776,e,minimum_5800
984,19.0,+,7,48706.2494,2,6,-1.0,0.0,-1.0,1.0,48665.674637331795,40.57476266820595,f,minimum_5800
985,19.0,-,37,48705.2194,2,6,-1.0,0.0,-1.0,1.0,48665.7028910478,39.516508952205186,e,minimum_5800
986,20.0,-,1,44181.6194,2,0,-1.0,0.0,-1.0,1.0,44181.685568051114,-0.06616805111116264,f,minimum_5800
987,20.0,+,31,44181.6394,2,0,-1.0,0.0,-1.0,1.0,44181.72074907382,-0.08134907382191159,e,minimum_5800
988,20.0,-,2,44971.1594,2,1,-1.0,0.0,-1.0,1.0,44958.38407674179,12.77532325820357,f,minimum_5800
989,20.0,+,32,44971.1694,2,1,-1.0,0.0,-1.0,1.0,44958.41905108652,12.750348913476046,e,minimum_5800
990,20.0,-,3,45748.1894,2,2,-1.0,0.0,-1.0,1.0,45738.78412076522,9.4052792347793,f,minimum_5800
991,20.0,+,33,45748.2194,2,2,-1.0,0.0,-1.0,1.0,45738.81885685186,9.400543148141878,e,minimum_5800
992,20.0,-,4,46512.4994,2,3,-1.0,0.0,-1.0,1.0,46513.06663904526,-0.5672390452600666,f,minimum_5800
993,20.0,+,34,46512.5494,2,3,-1.0,0.0,-1.0,1.0,46513.10101681023,-0.5516168102258234,e,minimum_5800
994,20.0,-,5,47263.7994,2,4,-1.0,0.0,-1.0,1.0,47271.33690388496,-7.537503884959733,f,minimum_5800
995,20.0,+,35,47263.8394,2,4,-1.0,0.0,-1.0,1.0,47271.370708952345,-7.531308952347899,e,minimum_5800
996,20.0,-,6,48001.7294,2,5,-1.0,0.0,-1.0,1.0,48001.696805801876,0.03259419812093256,f,minimum_5800
997,20.0,+,36,48001.69,2,5,-1.0,0.0,-1.0,1.0,48001.729669067194,-0.03966906719142571,e,minimum_5800
998,20.0,-,7,48725.3994,2,6,-1.0,0.0,-1.0,1.0,48686.1664471707,39.23295282930485,f,minimum_5800
999,20.0,+,37,48725.9694,2,6,-1.0,0.0,-1.0,1.0,48686.197644683954,39.77175531604735,e,minimum_5800
1000,21.0,+,1,44204.8294,2,0,-1.0,0.0,-1.0,1.0,44204.907264551315,-0.077864551312814,f,minimum_5800
1001,21.0,-,31,44204.8394,2,0,-1.0,0.0,-1.0,1.0,44204.94594494877,-0.10654494877235265,e,minimum_5800
1002,21.0,+,2,44994.1294,2,1,-1.0,0.0,-1.0,1.0,44981.44019701535,12.689202984649455,f,minimum_5800
1003,21.0,-,32,44994.1594,2,1,-1.0,0.0,-1.0,1.0,44981.478651127785,12.680748872211552,e,minimum_5800
1004,21.0,+,3,45770.9194,2,2,-1.0,0.0,-1.0,1.0,45761.670808390816,9.248591609182768,f,minimum_5800
1005,21.0,-,33,45770.9694,2,2,-1.0,0.0,-1.0,1.0,45761.70900025641,9.260399743594462,e,minimum_5800
1006,21.0,+,4,46535.0094,2,3,-1.0,0.0,-1.0,1.0,46535.75423517887,-0.7448351788698346,f,minimum_5800
1007,21.0,-,34,46535.0694,2,3,-1.0,0.0,-1.0,1.0,46535.79203181019,-0.7226318101893412,e,minimum_5800
1008,21.0,+,5,47286.0694,2,4,-1.0,0.0,-1.0,1.0,47293.76845571731,-7.699055717312149,f,minimum_5800
1009,21.0,-,35,47286.1394,2,4,-1.0,0.0,-1.0,1.0,47293.80562022111,-7.666220221108233,e,minimum_5800
1010,21.0,+,6,48023.7494,2,5,-1.0,0.0,-1.0,1.0,48023.770518795514,-0.021118795513757505,f,minimum_5800
1011,21.0,-,36,48023.71,2,5,-1.0,0.0,-1.0,1.0,48023.806643187774,-0.09664318777504377,e,minimum_5800
1012,21.0,+,7,48747.2294,2,6,-1.0,0.0,-1.0,1.0,48707.67474486264,39.55465513735544,f,minimum_5800
1013,21.0,-,37,48747.7794,2,6,-1.0,0.0,-1.0,1.0,48707.70902702912,40.07037297087663,e,minimum_5800
1014,22.0,-,1,44229.1494,2,0,-1.0,0.0,-1.0,1.0,44229.23055186773,-0.08115186772920424,f,minimum_5800
1015,22.0,+,31,44229.1694,2,0,-1.0,0.0,-1.0,1.0,44229.27289463274,-0.10349463274178561,e,minimum_5800
1016,22.0,-,2,45018.2094,2,1,-1.0,0.0,-1.0,1.0,45005.590264345534,12.619135654465936,f,minimum_5800
1017,22.0,+,32,45018.2294,2,1,-1.0,0.0,-1.0,1.0,45005.63236049032,12.597039509673778,e,minimum_5800
1018,22.0,-,3,45794.7694,2,2,-1.0,0.0,-1.0,1.0,45785.6433284633,9.126071536695235,f,minimum_5800
1019,22.0,+,33,45794.7994,2,2,-1.0,0.0,-1.0,1.0,45785.68513719585,9.11426280415617,e,minimum_5800
1020,22.0,-,4,46558.6194,2,3,-1.0,0.0,-1.0,1.0,46559.517902280975,-0.8985022809720249,f,minimum_5800
1021,22.0,+,34,46558.6294,2,3,-1.0,0.0,-1.0,1.0,46559.559276893415,-0.9298768934168038,e,minimum_5800
1022,22.0,-,5,47309.4194,2,4,-1.0,0.0,-1.0,1.0,47317.26330491952,-7.843904919522174,f,minimum_5800
1023,22.0,+,35,47309.4394,2,4,-1.0,0.0,-1.0,1.0,47317.30398471312,-7.864584713119257,e,minimum_5800
1024,22.0,-,6,48046.8194,2,5,-1.0,0.0,-1.0,1.0,48046.88932993194,-0.06992993193853181,f,minimum_5800
1025,22.0,+,36,48070.9,2,5,-1.0,0.0,-1.0,0.0,48046.92886579114,23.971134208863077,e,minimum_5800
1026,22.0,-,7,48770.1094,2,6,-1.0,0.0,-1.0,1.0,48730.1983023843,39.9110976157026,f,minimum_5800
1027,22.0,+,37,48770.5494,2,6,-1.0,0.0,-1.0,1.0,48730.23580909245,40.31359090754995,e,minimum_5800
1028,23.0,+,1,44254.5594,2,0,-1.0,0.0,-1.0,1.0,44254.65484368907,-0.09544368907518219,f,minimum_5800
1029,23.0,-,31,44254.6094,2,0,-1.0,0.0,-1.0,1.0,44254.70101130874,-0.09161130873690126,e,minimum_5800
1030,23.0,+,2,45043.3994,2,1,-1.0,0.0,-1.0,1.0,45030.833725842815,12.565674157187459,f,minimum_5800
1031,23.0,-,32,45043.4094,2,1,-1.0,0.0,-1.0,1.0,45030.87962580658,12.529774193419144,e,minimum_5800
1032,23.0,+,3,45819.6794,2,2,-1.0,0.0,-1.0,1.0,45810.70112089805,8.978279101953376,f,minimum_5800
1033,23.0,-,33,45819.7194,2,2,-1.0,0.0,-1.0,1.0,45810.74670710172,8.972692898278183,e,minimum_5800
1034,23.0,+,4,46583.2494,2,3,-1.0,0.0,-1.0,1.0,46584.35703966352,-1.1076396635180572,f,minimum_5800
1035,23.0,-,34,46583.2894,2,3,-1.0,0.0,-1.0,1.0,46584.40215085685,-1.1127508568461053,e,minimum_5800
1036,23.0,+,5,47333.7894,2,4,-1.0,0.0,-1.0,1.0,47341.82076669493,-8.031366694929602,f,minimum_5800
1037,23.0,-,35,47333.8494,2,4,-1.0,0.0,-1.0,1.0,47341.86511705416,-8.01571705416427,e,minimum_5800
1038,23.0,+,6,48070.9394,2,5,-1.0,0.0,-1.0,1.0,48071.05238450505,-0.11298450504546054,f,minimum_5800
1039,23.0,-,36,48070.9,2,5,-1.0,0.0,-1.0,1.0,48071.09548146919,-0.19548146918532439,e,minimum_5800
1040,23.0,+,7,48794.0194,2,6,-1.0,0.0,-1.0,1.0,48753.73582235918,40.283577640817384,f,minimum_5800
1041,23.0,-,37,48794.4194,2,6,-1.0,0.0,-1.0,1.0,48753.77669247312,40.64270752688026,e,minimum_5800
1042,24.0,-,1,44281.0794,2,0,-1.0,0.0,-1.0,1.0,44281.17952713124,-0.10012713123433059,f,minimum_5800
1043,24.0,+,31,44281.1194,2,0,-1.0,0.0,-1.0,1.0,44281.22968156372,-0.11028156371321529,e,minimum_5800
1044,24.0,-,2,45069.6494,2,1,-1.0,0.0,-1.0,1.0,45057.17000351569,12.47939648431202,f,minimum_5800
1045,24.0,+,32,45069.6594,2,1,-1.0,0.0,-1.0,1.0,45057.21986858574,12.439531414260273,e,minimum_5800
1046,24.0,-,3,45845.6694,2,2,-1.0,0.0,-1.0,1.0,45836.84360001268,8.825799987316714,f,minimum_5800
1047,24.0,+,33,45845.7094,2,2,-1.0,0.0,-1.0,1.0,45836.893123786336,8.816276213663514,e,minimum_5800
1048,24.0,-,4,46608.9494,2,3,-1.0,0.0,-1.0,1.0,46610.27101886755,-1.3216188675505691,f,minimum_5800
1049,24.0,+,34,46609.0294,2,3,-1.0,0.0,-1.0,1.0,46610.320024703135,-1.2906247031351086,e,minimum_5800
1050,24.0,-,5,47359.2494,2,4,-1.0,0.0,-1.0,1.0,47367.440123940425,-8.190723940424505,f,minimum_5800
1051,24.0,+,35,47359.2794,2,4,-1.0,0.0,-1.0,1.0,47367.48829953575,-8.20889953574806,e,minimum_5800
1052,24.0,-,6,48096.1294,2,5,-1.0,0.0,-1.0,1.0,48096.25878583149,-0.12938583148934413,f,minimum_5800
1053,24.0,+,36,48096.08,2,5,-1.0,0.0,-1.0,1.0,48096.30559280215,-0.22559280214773025,e,minimum_5800
1054,24.0,-,7,48818.9294,2,6,-1.0,0.0,-1.0,1.0,48778.28593624592,40.643463754080585,f,minimum_5800
1055,24.0,+,37,48819.3094,2,6,-1.0,0.0,-1.0,1.0,48778.330307546734,40.97909245326446,e,minimum_5800
1056,25.0,+,1,44308.6994,2,0,-1.0,0.0,-1.0,1.0,44308.80396274881,-0.10456274881289573,f,minimum_5800
1057,25.0,-,31,44308.7294,2,0,-1.0,0.0,-1.0,1.0,44308.85826540162,-0.12886540162435267,e,minimum_5800
1058,25.0,+,2,45096.9994,2,1,-1.0,0.0,-1.0,1.0,45084.59849427302,12.400905726979545,f,minimum_5800
1059,25.0,-,32,45097.0194,2,1,-1.0,0.0,-1.0,1.0,45084.65248521593,12.366914784070104,e,minimum_5800
1060,25.0,+,3,45872.7494,2,2,-1.0,0.0,-1.0,1.0,45864.070154505214,8.6792454947863,f,minimum_5800
1061,25.0,-,33,45872.7894,2,2,-1.0,0.0,-1.0,1.0,45864.12377542076,8.665624579240102,e,minimum_5800
1062,25.0,+,4,46635.7694,2,3,-1.0,0.0,-1.0,1.0,46637.25918359611,-1.4897835961091914,f,minimum_5800
1063,25.0,-,34,46635.8194,2,3,-1.0,0.0,-1.0,1.0,46637.31224157375,-1.49284157375223,e,minimum_5800
1064,25.0,+,5,47385.7494,2,4,-1.0,0.0,-1.0,1.0,47394.12062707554,-8.371227075542265,f,minimum_5800
1065,25.0,-,35,47385.8094,2,4,-1.0,0.0,-1.0,1.0,47394.17278194535,-8.363381945353467,e,minimum_5800
1066,25.0,+,6,48122.3294,2,5,-1.0,0.0,-1.0,1.0,48122.50759479109,-0.17819479108584346,f,minimum_5800
1067,25.0,-,36,48122.3,2,5,-1.0,0.0,-1.0,1.0,48122.55825989774,-0.25825989773875335,e,minimum_5800
1068,25.0,+,7,48844.9094,2,6,-1.0,0.0,-1.0,1.0,48803.84720236316,41.06219763683475,f,minimum_5800
1069,25.0,-,37,48845.2494,2,6,-1.0,0.0,-1.0,1.0,48803.895211488416,41.35418851158465,e,minimum_5800
1070,26.0,-,1,44337.4194,2,0,-1.0,0.0,-1.0,1.0,44337.52748454751,-0.1080845475080423,f,minimum_5800
1071,26.0,+,31,44337.4594,2,0,-1.0,0.0,-1.0,1.0,44337.58609625464,-0.12669625464332057,e,minimum_5800
1072,26.0,-,2,45125.4194,2,1,-1.0,0.0,-1.0,1.0,45113.11856992602,12.30083007398207,f,minimum_5800
1073,26.0,+,32,45125.4594,2,1,-1.0,0.0,-1.0,1.0,45113.17684696701,12.28255303298647,e,minimum_5800
1074,26.0,-,3,45900.8894,2,2,-1.0,0.0,-1.0,1.0,45892.38014743147,8.509252568532247,f,minimum_5800
1075,26.0,+,33,45900.9194,2,2,-1.0,0.0,-1.0,1.0,45892.438024512165,8.481375487834157,e,minimum_5800
1076,26.0,-,4,46663.6394,2,3,-1.0,0.0,-1.0,1.0,46665.32084964276,-1.6814496427614358,f,minimum_5800
1077,26.0,+,34,46663.6694,2,3,-1.0,0.0,-1.0,1.0,46665.378116676184,-1.7087166761848493,e,minimum_5800
1078,26.0,-,5,47413.3194,2,4,-1.0,0.0,-1.0,1.0,47421.86149386216,-8.542093862160982,f,minimum_5800
1079,26.0,+,35,47413.3694,2,4,-1.0,0.0,-1.0,1.0,47421.91778138553,-8.548381385524408,e,minimum_5800
1080,26.0,-,6,48149.5894,2,5,-1.0,0.0,-1.0,1.0,48149.79782933434,-0.2084293343432364,f,minimum_5800
1081,26.0,+,36,48149.58,2,5,-1.0,0.0,-1.0,1.0,48149.852499899695,-0.2724998996927752,e,minimum_5800
1082,26.0,-,7,48871.8494,2,6,-1.0,0.0,-1.0,1.0,48830.41810373521,41.431296264789125,f,minimum_5800
1083,26.0,+,37,48872.1794,2,6,-1.0,0.0,-1.0,1.0,48830.46988611514,41.709513884859916,e,minimum_5800
1084,27.0,+,1,44367.2394,2,0,-1.0,0.0,-1.0,1.0,44367.34939999641,-0.10999999641353497,f,minimum_5800
1085,27.0,-,31,44367.2894,2,0,-1.0,0.0,-1.0,1.0,44367.41248099653,-0.12308099652727833,e,minimum_5800
1086,27.0,+,2,45154.9394,2,1,-1.0,0.0,-1.0,1.0,45142.72957719067,12.209822809330944,f,minimum_5800
1087,27.0,-,32,45154.9794,2,1,-1.0,0.0,-1.0,1.0,45142.79229999193,12.18710000806459,e,minimum_5800
1088,27.0,+,3,45930.1094,2,2,-1.0,0.0,-1.0,1.0,45921.77291618087,8.336483819133718,f,minimum_5800
1089,27.0,-,33,45930.1694,2,2,-1.0,0.0,-1.0,1.0,45921.835207879594,8.334192120404623,e,minimum_5800
1090,27.0,+,4,46692.5594,2,3,-1.0,0.0,-1.0,1.0,46694.455304814845,-1.8959048148462898,f,minimum_5800
1091,27.0,-,34,46692.6294,2,3,-1.0,0.0,-1.0,1.0,46694.516937209286,-1.8875372092879843,e,minimum_5800
1092,27.0,+,5,47441.9294,2,4,-1.0,0.0,-1.0,1.0,47450.661909213304,-8.732509213303274,f,minimum_5800
1093,27.0,-,35,47441.9994,2,4,-1.0,0.0,-1.0,1.0,47450.72248208223,-8.723082082229666,e,minimum_5800
1094,27.0,+,6,48177.8894,2,5,-1.0,0.0,-1.0,1.0,48178.12846395966,-0.2390639596633264,f,minimum_5800
1095,27.0,-,36,48177.88,2,5,-1.0,0.0,-1.0,1.0,48178.187286463166,-0.3072864631685661,e,minimum_5800
1096,27.0,+,7,48899.8894,2,6,-1.0,0.0,-1.0,1.0,48857.99704573794,41.89235426206142,f,minimum_5800
1097,27.0,-,37,48900.1794,2,6,-1.0,0.0,-1.0,1.0,48858.05273553018,42.126664469818934,e,minimum_5800
1098,28.0,-,1,44398.1594,2,0,-1.0,0.0,-1.0,1.0,44398.268990042045,-0.10959004204778466,f,minimum_5800
1099,28.0,+,31,44398.1994,2,0,-1.0,0.0,-1.0,1.0,44398.33669995592,-0.13729995592439082,e,minimum_5800
1100,28.0,-,2,45185.5494,2,1,-1.0,0.0,-1.0,1.0,45173.430837689375,12.118562310628477,f,minimum_5800
1101,28.0,-,2,45185.5894,2,1,-1.0,0.0,-1.0,1.0,45173.430837689375,12.158562310622074,f,minimum_5800
1102,28.0,-,3,45960.4194,2,2,-1.0,0.0,-1.0,1.0,45952.24777244926,8.171627550742414,f,minimum_5800
1103,28.0,+,33,45960.4594,2,2,-1.0,0.0,-1.0,1.0,45952.31463662673,8.144763373267779,e,minimum_5800
1104,28.0,-,4,46722.5194,2,3,-1.0,0.0,-1.0,1.0,46724.66180885357,-2.1424088535713963,f,minimum_5800
1105,28.0,+,34,46722.5794,2,3,-1.0,0.0,-1.0,1.0,46724.72796228134,-2.148562281334307,e,minimum_5800
1106,28.0,-,5,47471.5894,2,4,-1.0,0.0,-1.0,1.0,47480.52102499055,-8.931624990553246,f,minimum_5800
1107,28.0,+,35,47471.6794,2,4,-1.0,0.0,-1.0,1.0,47480.58603518255,-8.90663518254587,e,minimum_5800
1108,28.0,-,6,48207.2294,2,5,-1.0,0.0,-1.0,1.0,48207.498429156374,-0.26902915637765545,f,minimum_5800
1109,28.0,+,36,48207.22,2,5,-1.0,0.0,-1.0,1.0,48207.5615491977,-0.34154919769935077,e,minimum_5800
1110,28.0,-,7,48928.8694,2,6,-1.0,0.0,-1.0,1.0,48886.582353525584,42.287046474419185,f,minimum_5800
1111,28.0,+,37,48929.1894,2,6,-1.0,0.0,-1.0,1.0,48886.6420835466,42.547316453405074,e,minimum_5800
1112,29.0,+,1,44430.1694,2,0,-1.0,0.0,-1.0,1.0,44430.28550912241,-0.11610912241303595,f,minimum_5800
1113,29.0,-,31,44430.2194,2,0,-1.0,0.0,-1.0,1.0,44430.358006931405,-0.13860693140304647,e,minimum_5800
1114,29.0,+,2,45217.2394,2,1,-1.0,0.0,-1.0,1.0,45205.221647952516,12.017752047482645,f,minimum_5800
1115,29.0,-,32,45217.2994,2,1,-1.0,0.0,-1.0,1.0,45205.293738903536,12.00566109646752,e,minimum_5800
1116,29.0,+,3,45991.1794,2,2,-1.0,0.0,-1.0,1.0,45983.80400221177,7.375397788229748,f,minimum_5800
1117,29.0,-,33,45991.8194,2,2,-1.0,0.0,-1.0,1.0,45983.87559611494,7.943803885056695,e,minimum_5800
1118,29.0,+,4,46753.5794,2,3,-1.0,0.0,-1.0,1.0,46755.9395933484,-2.3601933483951143,f,minimum_5800
1119,29.0,-,34,46753.6694,2,3,-1.0,0.0,-1.0,1.0,46756.01042282597,-2.3410228259745054,e,minimum_5800
1120,29.0,+,5,47502.3194,2,4,-1.0,0.0,-1.0,1.0,47511.43795978942,-9.118559789421852,f,minimum_5800
1121,29.0,-,35,47502.3794,2,4,-1.0,0.0,-1.0,1.0,47511.507558539866,-9.12815853986831,e,minimum_5800
1122,29.0,+,6,48237.6194,2,5,-1.0,0.0,-1.0,1.0,48237.90661081082,-0.28721081082039746,f,minimum_5800
1123,29.0,-,36,48237.58,2,5,-1.0,0.0,-1.0,1.0,48237.974173073104,-0.394173073102138,e,minimum_5800
1124,29.0,+,7,48958.9394,2,6,-1.0,0.0,-1.0,1.0,48916.17226921061,42.76713078939065,f,minimum_5800
1125,29.0,-,37,48959.2194,2,6,-1.0,0.0,-1.0,1.0,48916.236170863696,42.983229136305454,e,minimum_5800
1126,30.0,-,1,44463.2894,2,0,-1.0,0.0,-1.0,1.0,44463.398185182494,-0.10878518249228364,f,minimum_5800
1127,30.0,+,31,44463.3294,2,0,-1.0,0.0,-1.0,1.0,44463.47562920607,-0.146229206067801,e,minimum_5800
1128,30.0,-,2,45250.0194,2,1,-1.0,0.0,-1.0,1.0,45238.10127941899,11.918120581009134,f,minimum_5800
1129,30.0,+,32,45250.0794,2,1,-1.0,0.0,-1.0,1.0,45238.17829152862,11.901108471385669,e,minimum_5800
1130,30.0,-,3,46024.2194,2,2,-1.0,0.0,-1.0,1.0,46016.44086569187,7.7785343081341125,f,minimum_5800
1131,30.0,+,33,46024.2794,2,2,-1.0,0.0,-1.0,1.0,46016.517345932705,7.76205406729423,e,minimum_5800
1132,30.0,-,4,46785.6894,2,3,-1.0,0.0,-1.0,1.0,46788.28786164743,-2.5984616474306677,f,minimum_5800
1133,30.0,+,34,46785.7794,2,3,-1.0,0.0,-1.0,1.0,46788.36352151097,-2.5841215109685436,e,minimum_5800
1134,30.0,-,5,47534.0794,2,4,-1.0,0.0,-1.0,1.0,47543.41179871346,-9.332398713457223,f,minimum_5800
1135,30.0,+,35,47534.1594,2,4,-1.0,0.0,-1.0,1.0,47543.48613648735,-9.326736487353628,e,minimum_5800
1136,30.0,-,6,48269.0394,2,5,-1.0,0.0,-1.0,1.0,48269.35184957633,-0.3124495763258892,f,minimum_5800
1137,30.0,+,36,48269.03,2,5,-1.0,0.0,-1.0,1.0,48269.42399778813,-0.393997788130946,e,minimum_5800
1138,30.0,-,7,48990.0094,2,6,-1.0,0.0,-1.0,1.0,48946.76494876843,43.244451231570565,f,minimum_5800
1139,30.0,+,37,48990.2894,2,6,-1.0,0.0,-1.0,1.0,48946.83315196817,43.45624803183455,e,minimum_5800
1140,31.0,+,1,44497.4794,2,0,-1.0,0.0,-1.0,1.0,44497.60621968993,-0.12681968993274495,f,minimum_5800
1141,31.0,-,31,44497.5394,2,0,-1.0,0.0,-1.0,1.0,44497.68876756389,-0.14936756389215589,e,minimum_5800
1142,31.0,+,2,45283.8994,2,1,-1.0,0.0,-1.0,1.0,45272.06897843762,11.830421562379343,f,minimum_5800
1143,31.0,-,32,45283.9494,2,1,-1.0,0.0,-1.0,1.0,45272.151068905914,11.79833109408355,e,minimum_5800
1144,31.0,+,3,46057.7294,2,2,-1.0,0.0,-1.0,1.0,46050.15759733005,7.571802669946919,f,minimum_5800
1145,31.0,-,33,46057.8094,2,2,-1.0,0.0,-1.0,1.0,46050.23911986357,7.570280136431393,e,minimum_5800
1146,31.0,+,4,46818.8794,2,3,-1.0,0.0,-1.0,1.0,46821.70578876183,-2.826388761830458,f,minimum_5800
1147,31.0,-,34,46818.9394,2,3,-1.0,0.0,-1.0,1.0,46821.786432644265,-2.8470326442620717,e,minimum_5800
1148,31.0,+,5,47566.3194,2,4,-1.0,0.0,-1.0,1.0,47576.441593134245,-10.122193134244299,f,minimum_5800
1149,31.0,-,35,47566.9794,2,4,-1.0,0.0,-1.0,1.0,47576.520819598714,-9.541419598717766,e,minimum_5800
1150,31.0,+,6,48301.4994,2,5,-1.0,0.0,-1.0,1.0,48301.83294020137,-0.33354020136903273,f,minimum_5800
1151,31.0,-,36,48301.49,2,5,-1.0,0.0,-1.0,1.0,48301.90981709891,-0.41981709891115315,e,minimum_5800
1152,31.0,+,7,49022.1194,2,6,-1.0,0.0,-1.0,1.0,48978.35845863127,43.76094136873144,f,minimum_5800
1153,31.0,-,37,49022.4094,2,6,-1.0,0.0,-1.0,1.0,48978.43109172409,43.97830827590951,e,minimum_5800
1154,32.0,-,1,44532.7794,2,0,-1.0,0.0,-1.0,1.0,44532.908787652326,-0.1293876523268409,f,minimum_5800
1155,32.0,+,31,44532.8494,2,0,-1.0,0.0,-1.0,1.0,44532.996596307334,-0.14719630733452505,e,minimum_5800
1156,32.0,-,2,45318.8294,2,1,-1.0,0.0,-1.0,1.0,45307.12396626665,11.705433733353857,f,minimum_5800
1157,32.0,+,32,45318.8794,2,1,-1.0,0.0,-1.0,1.0,45307.21129162634,11.668108373654832,e,minimum_5800
1158,32.0,-,3,46092.3394,2,2,-1.0,0.0,-1.0,1.0,46084.953405749424,7.385994250573276,f,minimum_5800
1159,32.0,+,33,46092.3994,2,2,-1.0,0.0,-1.0,1.0,46085.04012585202,7.359274147980614,e,minimum_5800
1160,32.0,-,4,46853.0994,2,3,-1.0,0.0,-1.0,1.0,46856.19252126548,-3.093121265483205,f,minimum_5800
1161,32.0,+,34,46853.1994,2,3,-1.0,0.0,-1.0,1.0,46856.27830207266,-3.0789020726588205,e,minimum_5800
1162,32.0,-,5,47600.7594,2,4,-1.0,0.0,-1.0,1.0,47610.52636043876,-9.766960438755632,f,minimum_5800
1163,32.0,-,5,47600.8594,2,4,-1.0,0.0,-1.0,1.0,47610.52636043876,-9.666960438757087,f,minimum_5800
1164,32.0,-,6,48334.9794,2,5,-1.0,0.0,-1.0,1.0,48335.348630816465,-0.369230816468189,f,minimum_5800
1165,32.0,+,36,48334.99,2,5,-1.0,0.0,-1.0,1.0,48335.43037810413,-0.44037810413283296,e,minimum_5800
1166,32.0,-,7,49055.2494,2,6,-1.0,0.0,-1.0,1.0,49010.95077192831,44.29862807169411,f,minimum_5800
1167,32.0,+,37,49055.5294,2,6,-1.0,0.0,-1.0,1.0,49011.02796160868,44.501438391322154,e,minimum_5800
1168,33.0,+,1,44569.1794,2,0,-1.0,0.0,-1.0,1.0,44569.30503763485,-0.12563763484649826,f,minimum_5800
1169,33.0,-,31,44569.2494,2,0,-1.0,0.0,-1.0,1.0,44569.39826327455,-0.14886327454587445,e,minimum_5800
1170,33.0,+,2,45354.8694,2,1,-1.0,0.0,-1.0,1.0,45343.26543907402,11.603960925982392,f,minimum_5800
1171,33.0,-,32,45354.9394,2,1,-1.0,0.0,-1.0,1.0,45343.35815516868,11.581244831322692,e,minimum_5800
1172,33.0,+,3,46127.9994,2,2,-1.0,0.0,-1.0,1.0,46120.827473718775,7.171926281225751,f,minimum_5800
1173,33.0,-,33,46128.0894,2,2,-1.0,0.0,-1.0,1.0,46120.91954596749,7.169854032508738,e,minimum_5800
1174,33.0,+,4,46888.3994,2,3,-1.0,0.0,-1.0,1.0,46891.74717718913,-3.3477771891266457,f,minimum_5800
1175,33.0,-,34,46888.4994,2,3,-1.0,0.0,-1.0,1.0,46891.83824707551,-3.3388470755089656,e,minimum_5800
1176,33.0,+,5,47635.6894,2,4,-1.0,0.0,-1.0,1.0,47645.66508376294,-9.975683762939298,f,minimum_5800
1177,33.0,-,35,47635.7594,2,4,-1.0,0.0,-1.0,1.0,47645.75453327455,-9.995133274547698,e,minimum_5800
1178,33.0,+,6,48369.5194,2,5,-1.0,0.0,-1.0,1.0,48369.89762217502,-0.378222175022529,f,minimum_5800
1179,33.0,-,36,48369.52,2,5,-1.0,0.0,-1.0,1.0,48369.984380485635,-0.46438048563868506,e,minimum_5800
1180,33.0,+,7,49089.4094,2,6,-1.0,0.0,-1.0,1.0,49044.53976432341,44.86963567658677,f,minimum_5800
1181,33.0,-,37,49089.6394,2,6,-1.0,0.0,-1.0,1.0,49044.62163554438,45.017764455617,e,minimum_5800
1182,34.0,-,1,44606.6494,2,0,-1.0,0.0,-1.0,1.0,44606.79409177923,-0.14469177922728704,f,minimum_5800
1183,34.0,+,31,44606.7294,2,0,-1.0,0.0,-1.0,1.0,44606.89288985829,-0.16348985829245066,e,minimum_5800
1184,34.0,-,2,45391.9694,2,1,-1.0,0.0,-1.0,1.0,45380.49256793551,11.476832064494374,f,minimum_5800
1185,34.0,+,32,45392.0394,2,1,-1.0,0.0,-1.0,1.0,45380.59082989972,11.448570100284996,e,minimum_5800
1186,34.0,-,3,46164.7194,2,2,-1.0,0.0,-1.0,1.0,46157.778958114875,6.940441885126347,f,minimum_5800
1187,34.0,+,33,46164.8094,2,2,-1.0,0.0,-1.0,1.0,46157.87653636498,6.932863635018293,e,minimum_5800
1188,34.0,-,4,46924.7394,2,3,-1.0,0.0,-1.0,1.0,46928.3688459084,-3.6294459084019763,f,minimum_5800
1189,34.0,+,34,46924.8394,2,3,-1.0,0.0,-1.0,1.0,46928.46535625359,-3.6259562535924488,e,minimum_5800
1190,34.0,-,5,47671.6194,2,4,-1.0,0.0,-1.0,1.0,47681.85671170952,-10.237311709519417,f,minimum_5800
1191,34.0,+,35,47671.7294,2,4,-1.0,0.0,-1.0,1.0,47681.95149383895,-10.222093838950968,e,minimum_5800
1192,34.0,-,6,48405.0794,2,5,-1.0,0.0,-1.0,1.0,48405.47856684639,-0.39916684638592415,f,minimum_5800
1193,34.0,+,36,48405.11,2,5,-1.0,0.0,-1.0,1.0,48405.57047570097,-0.4604757009728928,e,minimum_5800
1194,34.0,-,7,49124.5794,2,6,-1.0,0.0,-1.0,1.0,49079.123209389196,45.456190610806516,f,minimum_5800
1195,34.0,+,37,49124.8294,2,6,-1.0,0.0,-1.0,1.0,49079.209885266966,45.61951473303634,e,minimum_5800
1196,35.0,+,1,44645.2294,2,0,-1.0,0.0,-1.0,1.0,44645.37504582343,-0.14564582343155053,f,minimum_5800
1197,35.0,-,31,44645.3194,2,0,-1.0,0.0,-1.0,1.0,44645.47957102675,-0.1601710267495946,e,minimum_5800
1198,35.0,+,2,45430.1694,2,1,-1.0,0.0,-1.0,1.0,45418.80449883397,11.364901166030904,f,minimum_5800
1199,35.0,-,32,45430.2494,2,1,-1.0,0.0,-1.0,1.0,45418.90846107263,11.340938927372918,e,minimum_5800
1200,35.0,+,3,46202.5394,2,2,-1.0,0.0,-1.0,1.0,46195.80698988034,6.732410119664564,f,minimum_5800
1201,35.0,-,33,46202.6394,2,2,-1.0,0.0,-1.0,1.0,46195.91022724432,6.729172755680338,e,minimum_5800
1202,35.0,+,4,46962.1594,2,3,-1.0,0.0,-1.0,1.0,46966.05658802564,-3.8971880256431177,f,minimum_5800
1203,35.0,-,34,46962.2594,2,3,-1.0,0.0,-1.0,1.0,46966.15868941085,-3.8992894108450855,e,minimum_5800
1204,35.0,+,5,47708.6694,2,4,-1.0,0.0,-1.0,1.0,47719.10015805133,-10.430758051334124,f,minimum_5800
1205,35.0,-,35,47708.6694,2,4,-1.0,0.0,-1.0,1.0,47719.200418987086,-10.531018987087009,e,minimum_5800
1206,35.0,+,6,48441.6894,2,5,-1.0,0.0,-1.0,1.0,48442.09006835709,-0.4006683570842142,f,minimum_5800
1207,35.0,-,36,48441.69,2,5,-1.0,0.0,-1.0,1.0,48442.18726612322,-0.49726612321683206,e,minimum_5800
1208,35.0,+,7,49160.7794,2,6,-1.0,0.0,-1.0,1.0,49114.698773441225,46.080626558774384,f,minimum_5800
1209,35.0,-,37,49160.9994,2,6,-1.0,0.0,-1.0,1.0,49114.790375153185,46.20902484681574,e,minimum_5800
1210,36.0,-,1,44684.8794,2,0,-1.0,0.0,-1.0,1.0,44685.0469691225,-0.1675691225027549,f,minimum_5800
1211,36.0,+,31,44685.0094,2,0,-1.0,0.0,-1.0,1.0,44685.15737534347,-0.14797534346871544,e,minimum_5800
1212,36.0,-,2,45469.4394,2,1,-1.0,0.0,-1.0,1.0,45458.20035265661,11.239047343391576,f,minimum_5800
1213,36.0,+,32,45469.5494,2,1,-1.0,0.0,-1.0,1.0,45458.3101688238,11.239231176201429,e,minimum_5800
1214,36.0,-,3,46241.3994,2,2,-1.0,0.0,-1.0,1.0,46234.910673980514,6.48872601948824,f,minimum_5800
1215,36.0,+,33,46241.5094,2,2,-1.0,0.0,-1.0,1.0,46235.01972280636,6.489677193640091,e,minimum_5800
1216,36.0,-,4,47000.6194,2,3,-1.0,0.0,-1.0,1.0,47004.80943524621,-4.190035246203479,f,minimum_5800
1217,36.0,+,34,47000.7494,2,3,-1.0,0.0,-1.0,1.0,47004.917277429566,-4.167877429565124,e,minimum_5800
1218,36.0,-,5,47746.7094,2,4,-1.0,0.0,-1.0,1.0,47757.39430141763,-10.684901417633228,f,minimum_5800
1219,36.0,+,35,47746.8194,2,4,-1.0,0.0,-1.0,1.0,47757.500186406745,-10.680786406745028,e,minimum_5800
1220,36.0,-,6,48479.3194,2,5,-1.0,0.0,-1.0,1.0,48479.73068027806,-0.41128027805825695,f,minimum_5800
1221,36.0,+,36,48479.35,2,5,-1.0,0.0,-1.0,1.0,48479.833304127314,-0.4833041273159324,e,minimum_5800
1222,36.0,-,7,49197.9994,2,6,-1.0,0.0,-1.0,1.0,49151.264009741964,46.735390258036205,f,minimum_5800
1223,36.0,+,37,49198.2294,2,6,-1.0,0.0,-1.0,1.0,49151.360656416924,46.8687435830725,e,minimum_5800
1224,37.0,+,1,44725.6594,2,0,-1.0,0.0,-1.0,1.0,44725.80890467045,-0.1495046704512788,f,minimum_5800
1225,37.0,-,31,44725.7494,2,0,-1.0,0.0,-1.0,1.0,44725.92534498997,-0.175944989969139,e,minimum_5800
1226,37.0,+,2,45509.7994,2,1,-1.0,0.0,-1.0,1.0,45498.67922519179,11.120174808216689,f,minimum_5800
1227,37.0,-,32,45509.8794,2,1,-1.0,0.0,-1.0,1.0,45498.79504817065,11.084351829347725,e,minimum_5800
1228,37.0,+,3,46281.3594,2,2,-1.0,0.0,-1.0,1.0,46275.08908935602,6.270310643980338,f,minimum_5800
1229,37.0,-,33,46281.4494,2,2,-1.0,0.0,-1.0,1.0,46275.20410120616,6.245298793837719,e,minimum_5800
1230,37.0,+,4,47040.1594,2,3,-1.0,0.0,-1.0,1.0,47044.62639024718,-4.466990247179638,f,minimum_5800
1231,37.0,-,34,47040.2694,2,3,-1.0,0.0,-1.0,1.0,47044.74012214048,-4.470722140482394,e,minimum_5800
1232,37.0,+,5,47785.8294,2,4,-1.0,0.0,-1.0,1.0,47796.737984964246,-10.908584964243346,f,minimum_5800
1233,37.0,-,35,47785.9294,2,4,-1.0,0.0,-1.0,1.0,47796.849638281776,-10.9202382817748,e,minimum_5800
1234,37.0,+,6,48518.0194,2,5,-1.0,0.0,-1.0,1.0,48518.39890525243,-0.37950525242922595,f,minimum_5800
1235,37.0,-,36,48518.02,2,5,-1.0,0.0,-1.0,1.0,48518.50709111724,-0.4870911172401975,e,minimum_5800
1236,37.0,+,7,49236.2594,2,6,-1.0,0.0,-1.0,1.0,49188.816351957335,47.443048042667215,f,minimum_5800
1237,37.0,-,37,49236.4494,2,6,-1.0,0.0,-1.0,1.0,49188.91816055618,47.53123944381514,e,minimum_5800
1238,38.0,-,1,44767.4694,2,0,-1.0,0.0,-1.0,1.0,44767.659869123425,-0.19046912342309952,f,minimum_5800
1239,38.0,+,31,44767.6294,2,0,-1.0,0.0,-1.0,1.0,44767.782495788226,-0.15309578822780168,e,minimum_5800
1240,38.0,-,2,45551.1994,2,1,-1.0,0.0,-1.0,1.0,45540.240187125346,10.959212874651712,f,minimum_5800
1241,38.0,+,32,45551.3394,2,1,-1.0,0.0,-1.0,1.0,45540.36216900751,10.97723099248833,e,minimum_5800
1242,38.0,-,3,46322.3294,2,2,-1.0,0.0,-1.0,1.0,46316.34128887409,5.9881111259091995,f,minimum_5800
1243,38.0,+,33,46322.4894,2,2,-1.0,0.0,-1.0,1.0,46316.462414503796,6.026985496202542,e,minimum_5800
1244,38.0,-,4,47080.7094,2,3,-1.0,0.0,-1.0,1.0,47085.5064265397,-4.797026539701619,f,minimum_5800
1245,38.0,+,34,47080.8894,2,3,-1.0,0.0,-1.0,1.0,47085.626196183664,-4.73679618366441,e,minimum_5800
1246,38.0,-,5,47825.9594,2,4,-1.0,0.0,-1.0,1.0,47837.13001602476,-11.170616024763149,f,minimum_5800
1247,38.0,+,35,47826.0894,2,4,-1.0,0.0,-1.0,1.0,47837.247580944364,-11.158180944366904,e,minimum_5800
1248,38.0,-,6,48557.7094,2,5,-1.0,0.0,-1.0,1.0,48558.093193960725,-0.38379396072559757,f,minimum_5800
1249,38.0,+,36,48557.76,2,5,-1.0,0.0,-1.0,1.0,48558.20707648992,-0.4470764899160713,e,minimum_5800
1250,38.0,-,7,49275.4894,2,6,-1.0,0.0,-1.0,1.0,49227.35310671838,48.136293281619146,f,minimum_5800
1251,38.0,+,37,49275.7294,2,6,-1.0,0.0,-1.0,1.0,49227.460191903774,48.26920809622243,e,minimum_5800
1252,39.0,+,1,44810.4294,2,0,-1.0,0.0,-1.0,1.0,44810.59885282333,-0.16945282332744682,f,minimum_5800
1253,39.0,-,31,44810.5494,2,0,-1.0,0.0,-1.0,1.0,44810.72781722581,-0.1784172258048784,e,minimum_5800
1254,39.0,+,2,45593.7294,2,1,-1.0,0.0,-1.0,1.0,45582.88228403576,10.847115964235854,f,minimum_5800
1255,39.0,-,32,45593.8194,2,1,-1.0,0.0,-1.0,1.0,45583.010576100925,10.808823899074923,e,minimum_5800
1256,39.0,+,3,46364.4394,2,2,-1.0,0.0,-1.0,1.0,46358.6662992758,5.773100724203687,f,minimum_5800
1257,39.0,-,33,46364.5494,2,2,-1.0,0.0,-1.0,1.0,46358.79368861163,5.7557113883740385,e,minimum_5800
1258,39.0,+,4,47122.3694,2,3,-1.0,0.0,-1.0,1.0,47127.44848832389,-5.079088323887845,f,minimum_5800
1259,39.0,-,34,47122.5094,2,3,-1.0,0.0,-1.0,1.0,47127.57444286432,-5.065042864320276,e,minimum_5800
1260,39.0,+,5,47867.1694,2,4,-1.0,0.0,-1.0,1.0,47878.56916574317,-11.399765743168246,f,minimum_5800
1261,39.0,-,35,47867.2594,2,4,-1.0,0.0,-1.0,1.0,47878.69278450734,-11.433384507334267,e,minimum_5800
1262,39.0,+,6,48598.4794,2,5,-1.0,0.0,-1.0,1.0,48598.81194401957,-0.3325440195767442,f,minimum_5800
1263,39.0,-,36,48598.46,2,5,-1.0,0.0,-1.0,1.0,48598.93165653224,-0.4716565322378301,e,minimum_5800
1264,39.0,+,7,49315.8194,2,6,-1.0,0.0,-1.0,1.0,49266.871445096585,48.94795490341494,f,minimum_5800
1265,39.0,-,37,49315.9894,2,6,-1.0,0.0,-1.0,1.0,49266.9839190898,49.005480910200276,e,minimum_5800
1266,40.0,-,1,44854.4094,2,0,-1.0,0.0,-1.0,1.0,44854.62481982384,-0.21541982384223957,f,minimum_5800
1267,40.0,+,31,44854.6094,2,0,-1.0,0.0,-1.0,1.0,44854.76027248045,-0.15087248045165325,e,minimum_5800
1268,40.0,-,2,45637.2794,2,1,-1.0,0.0,-1.0,1.0,45626.60453638795,10.674863612046465,f,minimum_5800
1269,40.0,+,32,45637.4594,2,1,-1.0,0.0,-1.0,1.0,45626.7392890837,10.720110916299745,e,minimum_5800
1270,40.0,-,3,46407.5594,2,2,-1.0,0.0,-1.0,1.0,46402.06312112036,5.496278879640158,f,minimum_5800
1271,40.0,+,33,46407.7294,2,2,-1.0,0.0,-1.0,1.0,46402.1969232388,5.532476761196449,e,minimum_5800
1272,40.0,-,4,47165.0294,2,3,-1.0,0.0,-1.0,1.0,47170.45149033591,-5.422090335909161,f,minimum_5800
1273,40.0,+,34,47165.2294,2,3,-1.0,0.0,-1.0,1.0,47170.58377599972,-5.3543759997264715,e,minimum_5800
1274,40.0,-,5,47909.3694,2,4,-1.0,0.0,-1.0,1.0,47921.05416868717,-11.684768687169708,f,minimum_5800
1275,40.0,+,35,47909.5194,2,4,-1.0,0.0,-1.0,1.0,47921.183982475966,-11.664582475968928,e,minimum_5800
1276,40.0,-,6,48640.2194,2,5,-1.0,0.0,-1.0,1.0,48640.55349880694,-0.33409880693943705,f,minimum_5800
1277,40.0,+,36,48640.3894,2,5,-1.0,0.0,-1.0,1.0,48640.67917324591,-0.2897732459096005,e,minimum_5800
1278,40.0,-,7,49357.0594,2,6,-1.0,0.0,-1.0,1.0,49307.36839274134,49.69100725866156,f,minimum_5800
1279,40.0,+,37,49357.2994,2,6,-1.0,0.0,-1.0,1.0,49307.48636516294,49.81303483706142,e,minimum_5800
1280,41.0,+,1,44899.5394,2,0,-1.0,0.0,-1.0,1.0,44899.73670791631,-0.19730791630718159,f,minimum_5800
1281,41.0,-,31,44899.6994,2,0,-1.0,0.0,-1.0,1.0,44899.87879844734,-0.17939844734064536,e,minimum_5800
1282,41.0,+,2,45681.9694,2,1,-1.0,0.0,-1.0,1.0,45671.40593952674,10.56346047326224,f,minimum_5800
1283,41.0,-,32,45662.0794,2,1,-1.0,0.0,-1.0,0.0,45671.547302448336,-9.467902448333916,e,minimum_5800
1284,41.0,+,3,46451.7794,2,2,-1.0,0.0,-1.0,1.0,46446.53072872599,5.248671274006483,f,minimum_5800
1285,41.0,-,33,46451.9094,2,2,-1.0,0.0,-1.0,1.0,46446.67109183221,5.2383081677835435,e,minimum_5800
1286,41.0,+,4,47208.7894,2,3,-1.0,0.0,-1.0,1.0,47214.51431768775,-5.724917687744892,f,minimum_5800
1287,41.0,-,34,47208.9494,2,3,-1.0,0.0,-1.0,1.0,47214.65307975765,-5.703679757651116,e,minimum_5800
1288,41.0,+,5,47952.6794,2,4,-1.0,0.0,-1.0,1.0,47964.58372243927,-11.904322439266252,f,minimum_5800
1289,41.0,-,35,47952.7094,2,4,-1.0,0.0,-1.0,1.0,47964.71987134005,-12.010471340050572,e,minimum_5800
1290,41.0,+,6,48683.0094,2,5,-1.0,0.0,-1.0,1.0,48683.31614621043,-0.30674621042999206,f,minimum_5800
1291,41.0,-,36,48683.1694,2,5,-1.0,0.0,-1.0,1.0,48683.447913093856,-0.2785130938573275,e,minimum_5800
1292,41.0,+,7,49399.3994,2,6,-1.0,0.0,-1.0,1.0,49348.84081834024,50.55858165975951,f,minimum_5800
1293,41.0,-,37,49399.5994,2,6,-1.0,0.0,-1.0,1.0,49348.96439603163,50.63500396836753,e,minimum_5800
1294,42.0,-,1,44945.7294,2,0,-1.0,0.0,-1.0,1.0,44945.933428657656,-0.2040286576593644,f,minimum_5800
1295,42.0,+,31,44945.9194,2,0,-1.0,0.0,-1.0,1.0,44946.082305766555,-0.16290576655592304,e,minimum_5800
1296,42.0,-,2,45727.6794,2,1,-1.0,0.0,-1.0,1.0,45717.285463668886,10.393936331114674,f,minimum_5800
1297,42.0,+,32,45727.8594,2,1,-1.0,0.0,-1.0,1.0,45717.43358553883,10.425814461174014,e,minimum_5800
1298,42.0,-,3,46497.0194,2,2,-1.0,0.0,-1.0,1.0,46492.06807010771,4.951329892290232,f,minimum_5800
1299,42.0,+,33,46497.2094,2,2,-1.0,0.0,-1.0,1.0,46492.21514151397,4.994258486032777,e,minimum_5800
1300,42.0,-,4,47253.5694,2,3,-1.0,0.0,-1.0,1.0,47259.63582569738,-6.066425697383238,f,minimum_5800
1301,42.0,+,34,47253.7794,2,3,-1.0,0.0,-1.0,1.0,47259.781208488545,-6.001808488545066,e,minimum_5800
1302,42.0,-,5,47996.9494,2,4,-1.0,0.0,-1.0,1.0,48009.15648716672,-12.207087166723795,f,minimum_5800
1303,42.0,+,35,47996.5994,2,4,-1.0,0.0,-1.0,1.0,48009.299110142514,-12.69971014251496,e,minimum_5800
1304,42.0,-,6,48726.8194,2,5,-1.0,0.0,-1.0,1.0,48727.09811729155,-0.27871729154867353,f,minimum_5800
1305,42.0,+,36,48727.0294,2,5,-1.0,0.0,-1.0,1.0,48727.23610566267,-0.2067056626692647,e,minimum_5800
1306,42.0,-,7,49442.6894,2,6,-1.0,0.0,-1.0,1.0,49391.28541993932,51.40398006068426,f,minimum_5800
1307,42.0,+,37,49442.9694,2,6,-1.0,0.0,-1.0,1.0,49391.41470675923,51.55469324077421,e,minimum_5800
1308,43.0,+,1,44993.0194,2,0,-1.0,0.0,-1.0,1.0,44993.21386739971,-0.19446739971317584,f,minimum_5800
1309,43.0,-,31,44993.1794,2,0,-1.0,0.0,-1.0,1.0,44993.36967885219,-0.1902788521911134,e,minimum_5800
1310,43.0,+,2,45774.4994,2,1,-1.0,0.0,-1.0,1.0,45764.242053893606,10.257346106394834,f,minimum_5800
1311,43.0,-,32,45774.6194,2,1,-1.0,0.0,-1.0,1.0,45764.397082541764,10.222317458239559,e,minimum_5800
1312,43.0,+,3,46543.3694,2,2,-1.0,0.0,-1.0,1.0,46538.67406691079,4.695333089213818,f,minimum_5800
1313,43.0,-,33,46543.5094,2,2,-1.0,0.0,-1.0,1.0,46538.82799301542,4.681406984585919,e,minimum_5800
1314,43.0,+,4,47299.4394,2,3,-1.0,0.0,-1.0,1.0,47305.81483971184,-6.375439711839135,f,minimum_5800
1315,43.0,-,34,47299.5994,2,3,-1.0,0.0,-1.0,1.0,47305.966986546526,-6.3675865465265815,e,minimum_5800
1316,43.0,+,5,48042.3494,2,4,-1.0,0.0,-1.0,1.0,48054.77108516744,-12.421685167442774,f,minimum_5800
1317,43.0,-,35,48042.6694,2,4,-1.0,0.0,-1.0,1.0,48054.92032002557,-12.250920025573578,e,minimum_5800
1318,43.0,+,6,48771.6794,2,5,-1.0,0.0,-1.0,1.0,48771.89758485969,-0.21818485968833556,f,minimum_5800
1319,43.0,-,36,48771.8594,2,5,-1.0,0.0,-1.0,1.0,48772.04192223592,-0.18252223591844086,e,minimum_5800
1320,43.0,+,7,49487.0594,2,6,-1.0,0.0,-1.0,1.0,49434.69870847001,52.36069152998971,f,minimum_5800
1321,43.0,-,37,49487.2894,2,6,-1.0,0.0,-1.0,1.0,49434.83380505958,52.45559494042391,e,minimum_5800
1322,44.0,-,1,45041.3594,2,0,-1.0,0.0,-1.0,1.0,45041.576883319234,-0.21748331923299702,f,minimum_5800
1323,44.0,+,31,45041.5794,2,0,-1.0,0.0,-1.0,1.0,45041.73977592386,-0.16037592385691823,e,minimum_5800
1324,44.0,-,2,45822.3494,2,1,-1.0,0.0,-1.0,1.0,45812.27463013218,10.07476986781694,f,minimum_5800
1325,44.0,+,32,45822.5594,2,1,-1.0,0.0,-1.0,1.0,45812.43671247556,10.122687524439243,e,minimum_5800
1326,44.0,-,3,46590.7294,2,2,-1.0,0.0,-1.0,1.0,46586.34761434082,4.3817856591776945,f,minimum_5800
1327,44.0,+,33,46590.9394,2,2,-1.0,0.0,-1.0,1.0,46586.508540606534,4.430859393469291,e,minimum_5800
1328,44.0,-,4,47346.3194,2,3,-1.0,0.0,-1.0,1.0,47353.050154919234,-6.730754919233732,f,minimum_5800
1329,44.0,+,34,47346.5394,2,3,-1.0,0.0,-1.0,1.0,47353.20920810246,-6.669808102458774,e,minimum_5800
1330,44.0,-,5,48088.7094,2,4,-1.0,0.0,-1.0,1.0,48101.42610039124,-12.71670039124001,f,minimum_5800
1331,44.0,+,35,48089.0294,2,4,-1.0,0.0,-1.0,1.0,48101.582083751004,-12.552683751004224,e,minimum_5800
1332,44.0,-,6,48817.5394,2,5,-1.0,0.0,-1.0,1.0,48817.712661948215,-0.1732619482136215,f,minimum_5800
1333,44.0,+,36,48817.7794,2,5,-1.0,0.0,-1.0,1.0,48817.863474267484,-0.08407426748453872,e,minimum_5800
1334,44.0,-,7,49532.3894,2,6,-1.0,0.0,-1.0,1.0,49479.07698754444,53.31241245556157,f,minimum_5800
1335,44.0,+,37,49532.6894,2,6,-1.0,0.0,-1.0,1.0,49479.21799105111,53.47140894889162,e,minimum_5800
1336,45.0,+,1,45090.8194,2,0,-1.0,0.0,-1.0,1.0,45091.02130945004,-0.20190945004287641,f,minimum_5800
1337,45.0,-,31,45090.9994,2,0,-1.0,0.0,-1.0,1.0,45091.19142903713,-0.1920290371272131,e,minimum_5800
1338,45.0,+,2,45871.3194,2,1,-1.0,0.0,-1.0,1.0,45861.38208715602,9.937312843983818,f,minimum_5800
1339,45.0,-,32,45871.4994,2,1,-1.0,0.0,-1.0,1.0,45861.551369179004,9.948030820996792,e,minimum_5800
1340,45.0,+,3,46639.1994,2,2,-1.0,0.0,-1.0,1.0,46635.087581089574,4.111818910423608,f,minimum_5800
1341,45.0,-,33,46639.3794,2,2,-1.0,0.0,-1.0,1.0,46635.255652021915,4.123747978082974,e,minimum_5800
1342,45.0,+,4,47394.2794,2,3,-1.0,0.0,-1.0,1.0,47401.3405361527,-7.061136152697145,f,minimum_5800
1343,45.0,-,34,47394.4594,2,3,-1.0,0.0,-1.0,1.0,47401.50663694718,-7.047236947182682,e,minimum_5800
1344,45.0,+,5,48136.1494,2,4,-1.0,0.0,-1.0,1.0,48149.120077935084,-12.970677935081767,f,minimum_5800
1345,45.0,-,35,48136.3994,2,4,-1.0,0.0,-1.0,1.0,48149.28294519498,-12.883545194978069,e,minimum_5800
1346,45.0,+,6,48864.4594,2,5,-1.0,0.0,-1.0,1.0,48864.54140018496,-0.08200018495699624,f,minimum_5800
1347,45.0,-,36,48864.6394,2,5,-1.0,0.0,-1.0,1.0,48864.698811750786,-0.05941175078623928,e,minimum_5800
1348,45.0,+,7,49578.7594,2,6,-1.0,0.0,-1.0,1.0,49524.41632812668,54.343071873321605,f,minimum_5800
1349,45.0,-,37,49579.0194,2,6,-1.0,0.0,-1.0,1.0,49524.56333187145,54.45606812854385,e,minimum_5800
1350,46.0,-,1,45141.3194,2,0,-1.0,0.0,-1.0,1.0,45141.54595271591,-0.22655271591065684,f,minimum_5800
1351,46.0,+,31,45141.5594,2,0,-1.0,0.0,-1.0,1.0,45141.72344411813,-0.1640441181298229,e,minimum_5800
1352,46.0,-,2,45921.3094,2,1,-1.0,0.0,-1.0,1.0,45911.56329456331,9.746105436686776,f,minimum_5800
1353,46.0,+,32,45921.5394,2,1,-1.0,0.0,-1.0,1.0,45911.7399212978,9.799478702203487,e,minimum_5800
1354,46.0,-,3,46688.6894,2,2,-1.0,0.0,-1.0,1.0,46684.892809256395,3.796590743608249,f,minimum_5800
1355,46.0,+,33,46688.9194,2,2,-1.0,0.0,-1.0,1.0,46685.06816838256,3.851231617438316,e,minimum_5800
1356,46.0,-,4,47443.2394,2,3,-1.0,0.0,-1.0,1.0,47450.684717683216,-7.445317683217581,f,minimum_5800
1357,46.0,+,34,47443.4894,2,3,-1.0,0.0,-1.0,1.0,47450.858006284536,-7.368606284537236,e,minimum_5800
1358,46.0,-,5,48184.5894,2,4,-1.0,0.0,-1.0,1.0,48197.851523510115,-13.262123510117817,f,minimum_5800
1359,46.0,+,35,48184.8694,2,4,-1.0,0.0,-1.0,1.0,48198.02140881497,-13.152008814970031,e,minimum_5800
1360,46.0,-,6,48912.3594,2,5,-1.0,0.0,-1.0,1.0,48912.38178804746,-0.022388047458662186,f,minimum_5800
1361,46.0,+,36,48912.5894,2,5,-1.0,0.0,-1.0,1.0,48912.545921471436,0.04347852856153622,e,minimum_5800
1362,46.0,-,7,49626.0894,2,6,-1.0,0.0,-1.0,1.0,49570.7125359531,55.376864046898845,f,minimum_5800
1363,46.0,+,37,49626.4694,2,6,-1.0,0.0,-1.0,1.0,49570.865629019536,55.603770980465924,e,minimum_5800
1364,47.0,+,1,45192.9394,2,0,-1.0,0.0,-1.0,1.0,45193.149593965245,-0.21019396524206968,f,minimum_5800
1365,47.0,-,31,45193.1494,2,0,-1.0,0.0,-1.0,1.0,45193.334600997645,-0.1852009976428235,e,minimum_5800
1366,47.0,+,2,45972.4294,2,1,-1.0,0.0,-1.0,1.0,45962.817096764236,9.612303235764557,f,minimum_5800
1367,47.0,-,32,45972.6194,2,1,-1.0,0.0,-1.0,1.0,45963.00121226942,9.618187730586214,e,minimum_5800
1368,47.0,+,3,46739.2694,2,2,-1.0,0.0,-1.0,1.0,46735.762114265344,3.5072857346531237,f,minimum_5800
1369,47.0,-,33,46739.4594,2,2,-1.0,0.0,-1.0,1.0,46735.94490411328,3.514495886716759,e,minimum_5800
1370,47.0,+,4,47493.2794,2,3,-1.0,0.0,-1.0,1.0,47501.08140300203,-7.80200300202705,f,minimum_5800
1371,47.0,-,34,47493.4894,2,3,-1.0,0.0,-1.0,1.0,47501.262018513466,-7.772618513467023,e,minimum_5800
1372,47.0,+,5,48234.1194,2,4,-1.0,0.0,-1.0,1.0,48247.61890288002,-13.499502880018554,f,minimum_5800
1373,47.0,-,35,48234.3494,2,4,-1.0,0.0,-1.0,1.0,48247.795939086995,-13.446539086995472,e,minimum_5800
1374,47.0,+,6,48961.3194,2,5,-1.0,0.0,-1.0,1.0,48961.2317489934,0.08765100660093594,f,minimum_5800
1375,47.0,-,36,48961.5094,2,5,-1.0,0.0,-1.0,1.0,48961.402725135966,0.10667486403690418,e,minimum_5800
1376,48.0,-,1,45245.5994,2,0,-1.0,0.0,-1.0,1.0,45245.83098800744,-0.23158800743840402,f,minimum_5800
1377,48.0,+,31,45245.8494,2,0,-1.0,0.0,-1.0,1.0,45246.023653447606,-0.1742534476070432,e,minimum_5800
1378,48.0,-,2,46024.5594,2,1,-1.0,0.0,-1.0,1.0,46015.14231296394,9.417087036061275,f,minimum_5800
1379,48.0,+,32,46024.7894,2,1,-1.0,0.0,-1.0,1.0,46015.334060307265,9.455339692736743,e,minimum_5800
1380,48.0,-,3,46790.8794,2,2,-1.0,0.0,-1.0,1.0,46787.69428477755,3.1851152224480757,f,minimum_5800
1381,48.0,+,33,46791.0894,2,2,-1.0,0.0,-1.0,1.0,46787.88464685385,3.204753146150324,e,minimum_5800
1382,48.0,-,4,47544.3494,2,3,-1.0,0.0,-1.0,1.0,47552.52926459228,-8.179864592282684,f,minimum_5800
1383,48.0,+,34,47544.5794,2,3,-1.0,0.0,-1.0,1.0,47552.717344999364,-8.137944999361935,e,minimum_5800
1384,48.0,-,5,48284.5994,2,4,-1.0,0.0,-1.0,1.0,48298.42064126661,-13.821241266610741,f,minimum_5800
1385,48.0,+,35,48284.8794,2,4,-1.0,0.0,-1.0,1.0,48298.60495991109,-13.725559911094024,e,minimum_5800
1386,48.0,-,6,49011.2594,2,5,-1.0,0.0,-1.0,1.0,49011.08913945546,0.17026054454618134,f,minimum_5800
1387,48.0,+,36,49011.5194,2,5,-1.0,0.0,-1.0,1.0,49011.26707736353,0.2523226364646689,e,minimum_5800
1388,48.0,-,7,49723.8694,2,6,-1.0,0.0,-1.0,1.0,49666.15717485562,57.71222514437977,f,minimum_5800
1389,48.0,+,37,49724.2094,2,6,-1.0,0.0,-1.0,1.0,49666.32269406522,57.886705934783095,e,minimum_5800
1390,49.0,+,1,45299.3794,2,0,-1.0,0.0,-1.0,1.0,45299.58886365022,-0.20946365022246027,f,minimum_5800
1391,49.0,-,31,45299.5994,2,0,-1.0,0.0,-1.0,1.0,45299.78932921884,-0.1899292188390973,e,minimum_5800
1392,49.0,+,2,46077.7894,2,1,-1.0,0.0,-1.0,1.0,46068.53773714485,9.251662855152972,f,minimum_5800
1393,49.0,-,32,46077.9994,2,1,-1.0,0.0,-1.0,1.0,46068.737258381305,9.26214161869575,e,minimum_5800
1394,49.0,+,3,46843.5594,2,2,-1.0,0.0,-1.0,1.0,46840.688082599045,2.871317400953558,f,minimum_5800
1395,49.0,-,33,46843.7594,2,2,-1.0,0.0,-1.0,1.0,46840.88615736748,2.873242632522306,e,minimum_5800
1396,49.0,+,4,47596.4694,2,3,-1.0,0.0,-1.0,1.0,47605.026943688,-8.557543687995349,f,minimum_5800
1397,49.0,-,34,47596.6694,2,3,-1.0,0.0,-1.0,1.0,47605.222625832976,-8.55322583297675,e,minimum_5800
1398,49.0,+,5,48336.1694,2,4,-1.0,0.0,-1.0,1.0,48350.25512272457,-14.085722724572406,f,minimum_5800
1399,49.0,-,35,48336.4194,2,4,-1.0,0.0,-1.0,1.0,48350.44685398504,-14.027453985043394,e,minimum_5800
1400,49.0,+,6,49062.2594,2,5,-1.0,0.0,-1.0,1.0,49061.95174668667,0.3076533133353223,f,minimum_5800
1401,49.0,-,36,49062.4894,2,5,-1.0,0.0,-1.0,1.0,49062.1367635294,0.3526364705976448,e,minimum_5800
1402,49.0,+,7,49774.2894,2,6,-1.0,0.0,-1.0,1.0,49715.29541241145,58.993987588553864,f,minimum_5800
1403,49.0,-,37,49774.6294,2,6,-1.0,0.0,-1.0,1.0,49715.46725654769,59.162143452311284,e,minimum_5800
1404,50.0,-,1,45354.1794,2,0,-1.0,0.0,-1.0,1.0,45354.42192373925,-0.24252373925264692,f,minimum_5800
1405,50.0,+,31,45354.4594,2,0,-1.0,0.0,-1.0,1.0,45354.63033008115,-0.17093008114898112,e,minimum_5800
1406,50.0,-,2,46132.0594,2,1,-1.0,0.0,-1.0,1.0,46123.002138045646,9.057261954352725,f,minimum_5800
1407,50.0,+,32,46132.3094,2,1,-1.0,0.0,-1.0,1.0,46123.20957419916,9.099825800840335,e,minimum_5800
1408,50.0,-,3,46897.2694,2,2,-1.0,0.0,-1.0,1.0,46894.74224258248,2.527157417520357,f,minimum_5800
1409,50.0,+,33,46897.5194,2,2,-1.0,0.0,-1.0,1.0,46894.948169442716,2.571230557281524,e,minimum_5800
1410,50.0,-,4,47649.6194,2,3,-1.0,0.0,-1.0,1.0,47658.57305002179,-8.953650021787325,f,minimum_5800
1411,50.0,-,34,47649.8694,2,3,-1.0,0.0,-1.0,1.0,47658.57305002179,-8.703650021787325,f,minimum_5800
1412,50.0,-,5,48388.7494,2,4,-1.0,0.0,-1.0,1.0,48403.1206894789,-14.371289478898689,f,minimum_5800
1413,50.0,+,35,48389.0194,2,4,-1.0,0.0,-1.0,1.0,48403.31996214143,-14.300562141434057,e,minimum_5800
1414,50.0,-,6,49114.2494,2,5,-1.0,0.0,-1.0,1.0,49113.81728644364,0.4321135563586722,f,minimum_5800
1415,50.0,+,36,49114.4894,2,5,-1.0,0.0,-1.0,1.0,49114.0094974443,0.47990255570039153,e,minimum_5800
1416,50.0,-,7,49825.6694,2,6,-1.0,0.0,-1.0,1.0,49765.36991779758,60.29948220241931,f,minimum_5800
1417,50.0,+,37,49826.0494,2,6,-1.0,0.0,-1.0,1.0,49765.54815142081,60.50124857919582,e,minimum_5800
1418,51.0,+,1,45410.1094,2,0,-1.0,0.0,-1.0,1.0,45410.32884519892,-0.21944519891985692,f,minimum_5800
1419,51.0,-,31,45410.3494,2,0,-1.0,0.0,-1.0,1.0,45410.54533186343,-0.1959318634326337,e,minimum_5800
1420,51.0,+,2,46187.4194,2,1,-1.0,0.0,-1.0,1.0,46178.53425913977,8.885140860227693,f,minimum_5800
1421,51.0,-,32,46187.6394,2,1,-1.0,0.0,-1.0,1.0,46178.7497501831,8.889649816897872,e,minimum_5800
1422,51.0,+,3,46952.0594,2,2,-1.0,0.0,-1.0,1.0,46949.855472524076,2.203927475922683,f,minimum_5800
1423,51.0,-,33,46952.2594,2,2,-1.0,0.0,-1.0,1.0,46950.069389790624,2.19001020937867,e,minimum_5800
1424,51.0,+,4,47703.8094,2,3,-1.0,0.0,-1.0,1.0,47713.16616155871,-9.356761558708968,f,minimum_5800
1425,51.0,-,34,47704.0794,2,3,-1.0,0.0,-1.0,1.0,47713.37745300468,-9.298053004677058,e,minimum_5800
1426,51.0,+,5,48442.3294,2,4,-1.0,0.0,-1.0,1.0,48457.015641225844,-14.686241225841513,f,minimum_5800
1427,51.0,-,35,48442.6394,2,4,-1.0,0.0,-1.0,1.0,48457.222582647606,-14.583182647606009,e,minimum_5800
1428,51.0,+,6,49167.2694,2,5,-1.0,0.0,-1.0,1.0,49166.683400491296,0.5859995087012067,f,minimum_5800
1429,51.0,-,36,49167.5094,2,5,-1.0,0.0,-1.0,1.0,49166.88291885662,0.6264811433793511,e,minimum_5800
1430,51.0,+,7,49878.1094,2,6,-1.0,0.0,-1.0,1.0,49816.37400550583,61.73539449417149,f,minimum_5800
1431,51.0,-,37,49878.4094,2,6,-1.0,0.0,-1.0,1.0,49816.55868306532,61.85071693467762,e,minimum_5800
1432,52.0,-,1,45467.0894,2,0,-1.0,0.0,-1.0,1.0,45467.30827907474,-0.21887907474592794,f,minimum_5800
1433,52.0,+,31,45467.3594,2,0,-1.0,0.0,-1.0,1.0,45467.53298449678,-0.17358449677703902,e,minimum_5800
1434,52.0,-,2,46243.7994,2,1,-1.0,0.0,-1.0,1.0,46235.13281861097,8.666581389035855,f,minimum_5800
1435,52.0,+,32,46244.0494,2,1,-1.0,0.0,-1.0,1.0,46235.35650344623,8.692896553773608,e,minimum_5800
1436,52.0,-,3,47007.8794,2,2,-1.0,0.0,-1.0,1.0,47006.02645305518,1.852946944818541,f,minimum_5800
1437,52.0,+,33,47008.0994,2,2,-1.0,0.0,-1.0,1.0,47006.248497935005,1.8509020649944432,e,minimum_5800
1438,52.0,-,4,47759.0694,2,3,-1.0,0.0,-1.0,1.0,47768.80482421656,-9.735424216560205,f,minimum_5800
1439,52.0,+,34,47759.3194,2,3,-1.0,0.0,-1.0,1.0,47769.02412080984,-9.704720809837454,e,minimum_5800
1440,52.0,-,5,48496.9994,2,4,-1.0,0.0,-1.0,1.0,48511.9382343942,-14.938834394197329,f,minimum_5800
1441,52.0,+,35,48491.2594,2,4,-1.0,0.0,-1.0,1.0,48512.15297046613,-20.89357046612713,e,minimum_5800
1442,52.0,-,6,49221.2794,2,5,-1.0,0.0,-1.0,1.0,49220.547653911344,0.7317460886551999,f,minimum_5800
1443,52.0,+,36,49221.5594,2,5,-1.0,0.0,-1.0,1.0,49220.754590756806,0.8048092431927216,e,minimum_5800
1444,52.0,-,7,49931.4694,2,6,-1.0,0.0,-1.0,1.0,49868.299865883026,63.16953411697614,f,minimum_5800
1445,53.0,+,1,45525.1594,2,0,-1.0,0.0,-1.0,1.0,45525.35885057778,-0.199450577783864,f,minimum_5800
1446,53.0,-,31,45525.4094,2,0,-1.0,0.0,-1.0,1.0,45525.591912059346,-0.18251205934939208,e,minimum_5800
1447,53.0,+,2,46301.2594,2,1,-1.0,0.0,-1.0,1.0,46292.79650932653,8.46289067347243,f,minimum_5800
1448,53.0,-,32,46301.5494,2,1,-1.0,0.0,-1.0,1.0,46293.02852576578,8.520874234221992,e,minimum_5800
1449,53.0,+,3,47064.7694,2,2,-1.0,0.0,-1.0,1.0,47063.25383752703,1.5155624729668489,f,minimum_5800
1450,53.0,-,33,47064.9894,2,2,-1.0,0.0,-1.0,1.0,47063.484146098635,1.5052539013631758,e,minimum_5800
1451,53.0,+,4,47815.3294,2,3,-1.0,0.0,-1.0,1.0,47825.48755157243,-10.158151572424686,f,minimum_5800
1452,53.0,-,34,47815.6094,2,3,-1.0,0.0,-1.0,1.0,47825.71498532309,-10.105585323086416,e,minimum_5800
1453,53.0,+,5,48552.6594,2,4,-1.0,0.0,-1.0,1.0,48567.88668136328,-15.227281363280781,f,minimum_5800
1454,53.0,-,35,48552.9494,2,4,-1.0,0.0,-1.0,1.0,48568.109336472284,-15.159936472286063,e,minimum_5800
1455,53.0,+,6,49276.3594,2,5,-1.0,0.0,-1.0,1.0,49275.40753219338,0.9518678066233406,f,minimum_5800
1456,53.0,-,36,49276.6294,2,5,-1.0,0.0,-1.0,1.0,49275.6219964649,1.0074035350990016,e,minimum_5800
1457,53.0,+,7,49985.8894,2,6,-1.0,0.0,-1.0,1.0,49921.137942170644,64.75145782935579,f,minimum_5800
1458,53.0,-,37,49986.2594,2,6,-1.0,0.0,-1.0,1.0,49921.33560829737,64.92379170263303,e,minimum_5800
1459,54.0,-,1,45584.2794,2,0,-1.0,0.0,-1.0,1.0,45584.47915913059,-0.19975913059170125,f,minimum_5800
1460,54.0,+,31,45584.5594,2,0,-1.0,0.0,-1.0,1.0,45584.72071282197,-0.16131282196874963,e,minimum_5800
1461,54.0,-,2,46359.8094,2,1,-1.0,0.0,-1.0,1.0,46351.523998808865,8.285401191133133,f,minimum_5800
1462,54.0,+,32,46360.1094,2,1,-1.0,0.0,-1.0,1.0,46351.7644835551,8.344916444904811,e,minimum_5800
1463,54.0,-,3,47122.6994,2,2,-1.0,0.0,-1.0,1.0,47121.53625189017,1.1631481098302174,f,minimum_5800
1464,54.0,+,33,47122.9394,2,2,-1.0,0.0,-1.0,1.0,47121.77495908167,1.1644409183354583,e,minimum_5800
1465,54.0,-,4,47872.6794,2,3,-1.0,0.0,-1.0,1.0,47883.21282455326,-10.533424553257646,f,minimum_5800
1466,54.0,+,34,47872.9294,2,3,-1.0,0.0,-1.0,1.0,47883.448526197004,-10.519126197003061,e,minimum_5800
1467,54.0,-,5,48609.3794,2,4,-1.0,0.0,-1.0,1.0,48624.85914963673,-15.479749636731867,f,minimum_5800
1468,54.0,+,35,48609.6394,2,4,-1.0,0.0,-1.0,1.0,48625.08984662635,-15.450446626353369,e,minimum_5800
1469,54.0,-,6,49332.4194,2,5,-1.0,0.0,-1.0,1.0,49331.260438087265,1.1589619127335027,f,minimum_5800
1470,54.0,+,36,49332.6794,2,5,-1.0,0.0,-1.0,1.0,49331.482536478245,1.1968635217563133,e,minimum_5800
1471,55.0,+,1,45644.4694,2,0,-1.0,0.0,-1.0,1.0,45644.667778414994,-0.19837841499247588,f,minimum_5800
1472,55.0,-,31,45644.7694,2,0,-1.0,0.0,-1.0,1.0,45644.91795929619,-0.14855929619079689,e,minimum_5800
1473,55.0,+,2,46419.4194,2,1,-1.0,0.0,-1.0,1.0,46411.31392920432,8.105470795679139,f,minimum_5800
1474,55.0,-,32,46419.7094,2,1,-1.0,0.0,-1.0,1.0,46411.56301783139,8.146382168612035,e,minimum_5800
1475,55.0,+,3,47181.6494,2,2,-1.0,0.0,-1.0,1.0,47180.87229456638,0.7771054336189991,f,minimum_5800
1476,55.0,-,33,47181.9594,2,2,-1.0,0.0,-1.0,1.0,47181.1195341338,0.8398658661972149,e,minimum_5800
1477,55.0,+,4,47931.0194,2,3,-1.0,0.0,-1.0,1.0,47941.979091111,-10.959691111005668,f,minimum_5800
1478,55.0,-,34,47931.3094,2,3,-1.0,0.0,-1.0,1.0,47942.22319008242,-10.913790082420746,e,minimum_5800
1479,55.0,+,5,48667.0994,2,4,-1.0,0.0,-1.0,1.0,48682.85376096659,-15.754360966588138,f,minimum_5800
1480,55.0,-,35,48667.3994,2,4,-1.0,0.0,-1.0,1.0,48683.092621097654,-15.693221097651985,e,minimum_5800
1481,55.0,+,6,49389.4894,2,5,-1.0,0.0,-1.0,1.0,49388.103688188625,1.385711811373767,f,minimum_5800
1482,55.0,-,36,49389.7794,2,5,-1.0,0.0,-1.0,1.0,49388.33352505223,1.4458749477707897,e,minimum_5800
1483,55.0,+,7,50097.7294,2,6,-1.0,0.0,-1.0,1.0,50029.49480527637,68.23459472362447,f,minimum_5800
1484,55.0,-,37,50098.0994,2,6,-1.0,0.0,-1.0,1.0,50029.705364128145,68.3940358718537,e,minimum_5800
1485,56.0,-,1,45705.7594,2,0,-1.0,0.0,-1.0,1.0,45705.92325642188,-0.16385642187378835,f,minimum_5800
1486,56.0,+,31,45706.0494,2,0,-1.0,0.0,-1.0,1.0,45706.18219828457,-0.13279828456870746,e,minimum_5800
1487,56.0,-,2,46480.0594,2,1,-1.0,0.0,-1.0,1.0,46472.164917249116,7.894482750882162,f,minimum_5800
1488,56.0,+,32,46480.3694,2,1,-1.0,0.0,-1.0,1.0,46472.42274418324,7.946655816762359,e,minimum_5800
1489,56.0,-,3,47241.7094,2,2,-1.0,0.0,-1.0,1.0,47241.26053631447,0.44886368553125067,f,minimum_5800
1490,56.0,+,33,47241.9594,2,2,-1.0,0.0,-1.0,1.0,47241.51644081999,0.44295918000716483,e,minimum_5800
1491,56.0,-,4,47990.4394,2,3,-1.0,0.0,-1.0,1.0,48001.78476588041,-11.345365880406462,f,minimum_5800
1492,56.0,+,34,47990.6994,2,3,-1.0,0.0,-1.0,1.0,48002.03739028588,-11.337990285879641,e,minimum_5800
1493,56.0,-,5,48725.8494,2,4,-1.0,0.0,-1.0,1.0,48741.86859042738,-16.019190427381545,f,minimum_5800
1494,56.0,+,35,48726.1494,2,4,-1.0,0.0,-1.0,1.0,48742.11573333615,-15.966333336145908,e,minimum_5800
1495,56.0,-,6,49447.5894,2,5,-1.0,0.0,-1.0,1.0,49445.93450922775,1.65489077224629,f,minimum_5800
1496,56.0,+,36,49447.8694,2,5,-1.0,0.0,-1.0,1.0,49446.17218648405,1.6972135159521713,e,minimum_5800
1497,56.0,-,7,50155.2294,2,6,-1.0,0.0,-1.0,1.0,50084.964120121105,70.2652798788913,f,minimum_5800
1498,57.0,+,1,45768.0794,2,0,-1.0,0.0,-1.0,1.0,45768.24411550212,-0.16471550212008879,f,minimum_5800
1499,57.0,-,31,45768.3894,2,0,-1.0,0.0,-1.0,1.0,45768.511950931796,-0.12255093179555843,e,minimum_5800
1500,57.0,+,2,46541.7794,2,1,-1.0,0.0,-1.0,1.0,46534.075554233284,7.703845766714949,f,minimum_5800
1501,57.0,-,32,46542.0994,2,1,-1.0,0.0,-1.0,1.0,46534.342252733615,7.757147266383981,e,minimum_5800
1502,57.0,+,3,47302.7794,2,2,-1.0,0.0,-1.0,1.0,47302.6995200887,0.07987991129630245,f,minimum_5800
1503,57.0,-,33,47303.0594,2,2,-1.0,0.0,-1.0,1.0,47302.96422087912,0.09517912087903824,e,minimum_5800
1504,57.0,+,4,48050.8294,2,3,-1.0,0.0,-1.0,1.0,48062.62822981982,-11.798829819817911,f,minimum_5800
1505,57.0,-,34,48051.1394,2,3,-1.0,0.0,-1.0,1.0,48062.88950640941,-11.750106409410364,e,minimum_5800
1506,57.0,+,5,48785.5994,2,4,-1.0,0.0,-1.0,1.0,48801.90166543326,-16.30226543325989,f,minimum_5800
1507,57.0,-,35,48785.9194,2,4,-1.0,0.0,-1.0,1.0,48802.157209089986,-16.237809089987422,e,minimum_5800
1508,57.0,+,6,49506.6594,2,5,-1.0,0.0,-1.0,1.0,49504.750034026416,1.9093659735808615,f,minimum_5800
1509,57.0,-,36,49506.9694,2,5,-1.0,0.0,-1.0,1.0,49504.9956510632,1.9737489368053502,e,minimum_5800
1510,57.0,+,7,50213.5894,2,6,-1.0,0.0,-1.0,1.0,50141.2172164919,72.37218350809417,f,minimum_5800
1511,57.0,-,37,50213.8994,2,6,-1.0,0.0,-1.0,1.0,50141.4393775228,72.46002247720025,e,minimum_5800
1512,58.0,-,1,45831.4994,2,0,-1.0,0.0,-1.0,1.0,45831.62885242052,-0.12945242052228423,f,minimum_5800
1513,58.0,+,31,45831.8094,2,0,-1.0,0.0,-1.0,1.0,45831.90571277845,-0.09631277844891883,e,minimum_5800
1514,58.0,-,2,46604.5494,2,1,-1.0,0.0,-1.0,1.0,46597.04440596114,7.504994038863515,f,minimum_5800
1515,58.0,+,32,46604.8494,2,1,-1.0,0.0,-1.0,1.0,46597.3201081003,7.529291899700183,e,minimum_5800
1516,58.0,-,3,47364.8794,2,2,-1.0,0.0,-1.0,1.0,47365.1877608895,-0.30836088950309204,f,minimum_5800
1517,58.0,+,33,47365.1894,2,2,-1.0,0.0,-1.0,1.0,47365.461388073614,-0.27198807361128274,e,minimum_5800
1518,58.0,-,4,48112.2994,2,3,-1.0,0.0,-1.0,1.0,48124.50782983266,-12.208429832659021,f,minimum_5800
1519,58.0,+,34,48112.5994,2,3,-1.0,0.0,-1.0,1.0,48124.77788397246,-12.178483972464164,e,minimum_5800
1520,58.0,-,5,48846.3794,2,4,-1.0,0.0,-1.0,1.0,48862.95096469751,-16.571564697514987,f,minimum_5800
1521,58.0,+,35,48846.7294,2,4,-1.0,0.0,-1.0,1.0,48863.21502536244,-16.485625362445717,e,minimum_5800
1522,58.0,-,6,49566.7594,2,5,-1.0,0.0,-1.0,1.0,49564.547297081604,2.212102918398159,f,minimum_5800
1523,58.0,+,36,49567.0494,2,5,-1.0,0.0,-1.0,1.0,49564.800950648685,2.2484493513184134,e,minimum_5800
1524,58.0,-,7,50272.9794,2,6,-1.0,0.0,-1.0,0.0,50198.05695884494,74.9224411550531,f,minimum_5800
1525,58.0,+,37,50273.2994,2,6,-1.0,0.0,-1.0,1.0,50198.281813779824,75.01758622017951,e,minimum_5800
1526,59.0,+,1,45895.9194,2,0,-1.0,0.0,-1.0,1.0,45896.0759384109,-0.1565384108980652,f,minimum_5800
1527,59.0,-,31,45896.2794,2,0,-1.0,0.0,-1.0,1.0,45896.3619538165,-0.08255381650087656,e,minimum_5800
1528,59.0,+,2,46668.3194,2,1,-1.0,0.0,-1.0,1.0,46661.07001270903,7.249387290969025,f,minimum_5800
1529,59.0,-,32,46668.6894,2,1,-1.0,0.0,-1.0,1.0,46661.354849354466,7.334550645537092,e,minimum_5800
1530,59.0,+,3,47428.0294,2,2,-1.0,0.0,-1.0,1.0,47428.72374560642,-0.6943456064182101,f,minimum_5800
1531,59.0,-,33,47428.3594,2,2,-1.0,0.0,-1.0,1.0,47429.00642803376,-0.6470280337598524,e,minimum_5800
1532,59.0,+,4,48174.7594,2,3,-1.0,0.0,-1.0,1.0,48187.42187836921,-12.662478369209566,f,minimum_5800
1533,59.0,-,34,48175.0994,2,3,-1.0,0.0,-1.0,1.0,48187.70083401274,-12.601434012743994,e,minimum_5800
1534,59.0,+,5,48908.1894,2,4,-1.0,0.0,-1.0,1.0,48925.014417127066,-16.825017127062893,f,minimum_5800
1535,59.0,-,35,48908.5394,2,4,-1.0,0.0,-1.0,1.0,48925.28710930606,-16.747709306058823,e,minimum_5800
1536,59.0,+,6,49627.8494,2,5,-1.0,0.0,-1.0,1.0,49625.32322972736,2.526170272642048,f,minimum_5800
1537,59.0,-,36,49628.1694,2,5,-1.0,0.0,-1.0,1.0,49625.58501382308,2.584386176917178,e,minimum_5800
1538,59.0,+,7,50333.3894,2,6,-1.0,0.0,-1.0,0.0,50254.477684604186,78.9117153958141,f,minimum_5800
1539,60.0,-,1,45961.4794,2,0,-1.0,0.0,-1.0,1.0,45961.58381923304,-0.10441923304460943,f,minimum_5800
1540,60.0,+,31,45961.8194,2,0,-1.0,0.0,-1.0,1.0,45961.879118546625,-0.0597185466249357,e,minimum_5800
1541,60.0,-,2,46733.2094,2,1,-1.0,0.0,-1.0,1.0,46726.15088918045,7.058510819551884,f,minimum_5800
1542,60.0,+,32,46733.5394,2,1,-1.0,0.0,-1.0,1.0,46726.44498997516,7.094410024837998,e,minimum_5800
1543,60.0,-,3,47492.2194,2,2,-1.0,0.0,-1.0,1.0,47493.305932852556,-1.0865328525542282,f,minimum_5800
1544,60.0,+,33,47492.5494,2,2,-1.0,0.0,-1.0,1.0,47493.59779809082,-1.0483980908175,e,minimum_5800
1545,60.0,-,4,48238.2994,2,3,-1.0,0.0,-1.0,1.0,48251.36865300793,-13.069253007924999,f,minimum_5800
1546,60.0,+,34,48238.6094,2,3,-1.0,0.0,-1.0,1.0,48251.65663266746,-13.047232667457138,e,minimum_5800
1547,60.0,-,5,48971.0194,2,4,-1.0,0.0,-1.0,1.0,48988.08990065033,-17.070500650333997,f,minimum_5800
1548,60.0,+,35,48971.3594,2,4,-1.0,0.0,-1.0,1.0,48988.371337048724,-17.011937048722757,e,minimum_5800
1549,60.0,-,6,49689.9694,2,5,-1.0,0.0,-1.0,1.0,49687.07465481693,2.894745183068153,f,minimum_5800
1550,60.0,+,36,49690.3294,2,5,-1.0,0.0,-1.0,1.0,49687.34466056683,2.9847394331736723,e,minimum_5800
1551,60.0,-,7,50394.7594,2,6,-1.0,0.0,-1.0,1.0,50303.55977826962,91.1996217303822,f,minimum_5800
1552,60.0,+,37,50395.1494,2,6,-1.0,0.0,-1.0,1.0,50303.66947457923,91.47992542077554,e,minimum_5800
1553,61.0,+,1,46028.0494,2,0,-1.0,0.0,-1.0,1.0,46028.15091523228,-0.10151523227978032,f,minimum_5800
1554,61.0,-,31,46028.4194,2,0,-1.0,0.0,-1.0,1.0,46028.45562603801,-0.03622603801341029,e,minimum_5800
1555,61.0,+,2,46799.1094,2,1,-1.0,0.0,-1.0,1.0,46792.285524456885,6.823875543115719,f,minimum_5800
1556,61.0,-,32,46799.4594,2,1,-1.0,0.0,-1.0,1.0,46792.58901780013,6.870382199871528,e,minimum_5800
1557,61.0,+,3,47557.4594,2,2,-1.0,0.0,-1.0,1.0,47558.9327527908,-1.4733527908028918,f,minimum_5800
1558,61.0,-,33,47557.8094,2,2,-1.0,0.0,-1.0,1.0,47559.23392710376,-1.4245271037652856,e,minimum_5800
1559,61.0,+,4,48302.8294,2,3,-1.0,0.0,-1.0,1.0,48316.34639601417,-13.51699601416476,f,minimum_5800
1560,61.0,-,34,48303.1494,2,3,-1.0,0.0,-1.0,1.0,48316.64352073151,-13.494120731505973,e,minimum_5800
1561,61.0,+,5,49034.8494,2,4,-1.0,0.0,-1.0,1.0,49052.175240971155,-17.32584097115614,f,minimum_5800
1562,61.0,-,35,49035.1894,2,4,-1.0,0.0,-1.0,1.0,49052.46553244557,-17.276132445564144,e,minimum_5800
1563,61.0,+,6,49753.0794,2,5,-1.0,0.0,-1.0,1.0,49749.79828085712,3.281119142884563,f,minimum_5800
1564,61.0,-,36,49753.4494,2,5,-1.0,0.0,-1.0,1.0,49750.07659638175,3.372803618251055,e,minimum_5800
1565,61.0,+,7,50457.1794,2,6,-1.0,0.0,-1.0,1.0,50342.93536690679,114.24403309320769,f,minimum_5800
1566,61.0,-,37,50457.4994,2,6,-1.0,0.0,-1.0,1.0,50343.013211117584,114.48618888241617,e,minimum_5800
1567,62.0,-,1,46095.7094,2,0,-1.0,0.0,-1.0,1.0,46095.775621400346,-0.06622140034596669,f,minimum_5800
1568,62.0,+,31,46096.0694,2,0,-1.0,0.0,-1.0,1.0,46096.089869988966,-0.020469988965487573,e,minimum_5800
1569,62.0,-,2,46866.0794,2,1,-1.0,0.0,-1.0,1.0,46859.47238194598,6.607018054019136,f,minimum_5800
1570,62.0,+,32,46866.4694,2,1,-1.0,0.0,-1.0,1.0,46859.785394974984,6.684005025017541,e,minimum_5800
1571,62.0,-,3,47623.7194,2,2,-1.0,0.0,-1.0,1.0,47625.60260695067,-1.8832069506679545,f,minimum_5800
1572,62.0,+,33,47624.0694,2,2,-1.0,0.0,-1.0,1.0,47625.913215275745,-1.8438152757444186,e,minimum_5800
1573,62.0,-,4,48368.3794,2,3,-1.0,0.0,-1.0,1.0,48382.35331387606,-13.973913876063307,f,minimum_5800
1574,62.0,+,34,48368.7394,2,3,-1.0,0.0,-1.0,1.0,48382.65970319295,-13.920303192950087,e,minimum_5800
1575,62.0,-,5,49099.6894,2,4,-1.0,0.0,-1.0,1.0,49117.268210244125,-17.578810244121996,f,minimum_5800
1576,62.0,+,35,49100.0494,2,4,-1.0,0.0,-1.0,1.0,49117.56746575361,-17.518065753603878,e,minimum_5800
1577,62.0,-,6,49817.1994,2,5,-1.0,0.0,-1.0,1.0,49813.49069550957,3.708704490425589,f,minimum_5800
1578,62.0,+,36,49817.5694,2,5,-1.0,0.0,-1.0,1.0,49813.777405782224,3.7919942177759367,e,minimum_5800
1579,63.0,+,1,46164.4194,2,0,-1.0,0.0,-1.0,1.0,46164.45630743909,-0.03690743909101002,f,minimum_5800
1580,63.0,-,31,46164.7794,2,0,-1.0,0.0,-1.0,1.0,46164.78021879168,-0.000818791682831943,e,minimum_5800
1581,63.0,+,2,46934.0894,2,1,-1.0,0.0,-1.0,1.0,46927.70989932607,6.379500673923758,f,minimum_5800
1582,63.0,-,32,46934.4594,2,1,-1.0,0.0,-1.0,1.0,46928.03255789652,6.42684210347943,e,minimum_5800
1583,63.0,+,3,47690.6394,2,2,-1.0,0.0,-1.0,1.0,47693.31386803508,-2.6744680350821,f,minimum_5800
1584,63.0,-,33,47691.3994,2,2,-1.0,0.0,-1.0,1.0,47693.63403396092,-2.234633960921201,e,minimum_5800
1585,63.0,+,4,48434.9694,2,3,-1.0,0.0,-1.0,1.0,48449.387576815934,-14.418176815932384,f,minimum_5800
1586,63.0,-,34,48435.3394,2,3,-1.0,0.0,-1.0,1.0,48449.70334874317,-14.363948743171932,e,minimum_5800
1587,63.0,+,5,49165.5094,2,4,-1.0,0.0,-1.0,1.0,49183.366525664846,-17.857125664842897,f,minimum_5800
1588,63.0,-,35,49165.8994,2,4,-1.0,0.0,-1.0,1.0,49183.67485221927,-17.775452219269937,e,minimum_5800
1589,63.0,+,6,49882.2894,2,5,-1.0,0.0,-1.0,1.0,49878.14835835611,4.141041643888457,f,minimum_5800
1590,63.0,-,36,49882.6494,2,5,-1.0,0.0,-1.0,1.0,49878.44354504737,4.205854952633672,e,minimum_5800
1591,64.0,-,1,46234.1494,2,0,-1.0,0.0,-1.0,1.0,46234.19131782518,-0.04191782517591491,f,minimum_5800
1592,64.0,+,31,46234.5694,2,0,-1.0,0.0,-1.0,1.0,46234.52501559618,0.04438440382364206,e,minimum_5800
1593,64.0,-,2,47003.0994,2,1,-1.0,0.0,-1.0,1.0,46996.99648848709,6.102911512905848,f,minimum_5800
1594,64.0,+,32,47003.5094,2,1,-1.0,0.0,-1.0,1.0,46997.328917154475,6.180482845527877,e,minimum_5800
1595,64.0,-,3,47759.3394,2,2,-1.0,0.0,-1.0,1.0,47762.064879718295,-2.72547971829772,f,minimum_5800
1596,64.0,+,33,47759.7294,2,2,-1.0,0.0,-1.0,1.0,47762.39472546211,-2.665325462112378,e,minimum_5800
1597,64.0,-,4,48502.5694,2,3,-1.0,0.0,-1.0,1.0,48517.447318274695,-14.87791827469482,f,minimum_5800
1598,64.0,+,34,48502.9494,2,3,-1.0,0.0,-1.0,1.0,48517.7725892623,-14.82318926230073,e,minimum_5800
1599,64.0,-,5,49232.3694,2,4,-1.0,0.0,-1.0,1.0,49250.467847969405,-18.098447969401604,f,minimum_5800
1600,64.0,+,35,49232.7594,2,4,-1.0,0.0,-1.0,1.0,49250.785350576676,-18.025950576673495,e,minimum_5800
1601,64.0,-,6,49948.4094,2,5,-1.0,0.0,-1.0,1.0,49943.7675927982,4.641807201798656,f,minimum_5800
1602,64.0,+,36,49948.7494,2,5,-1.0,0.0,-1.0,1.0,49944.071334105,4.678065895001055,e,minimum_5800
1603,65.0,+,1,46304.9794,2,0,-1.0,0.0,-1.0,1.0,46304.978971878045,0.00042812195169972256,f,minimum_5800
1604,65.0,-,31,46305.3594,2,0,-1.0,0.0,-1.0,1.0,46305.32257837943,0.03682162056793459,e,minimum_5800
1605,65.0,+,2,47073.2094,2,1,-1.0,0.0,-1.0,1.0,47067.3305354666,5.8788645333988825,f,minimum_5800
1606,65.0,-,32,47073.6094,2,1,-1.0,0.0,-1.0,1.0,47067.672857467434,5.936542532566818,e,minimum_5800
1607,65.0,+,3,47828.7194,2,2,-1.0,0.0,-1.0,1.0,47831.853956432315,-3.13455643231282,f,minimum_5800
1608,65.0,-,33,47829.0994,2,2,-1.0,0.0,-1.0,1.0,47832.19360281686,-3.0942028168574325,e,minimum_5800
1609,65.0,+,4,48571.1994,2,3,-1.0,0.0,-1.0,1.0,48586.530634369934,-15.331234369936283,f,minimum_5800
1610,65.0,-,34,48571.5594,2,3,-1.0,0.0,-1.0,1.0,48586.86551927504,-15.306119275039237,e,minimum_5800
1611,65.0,+,5,49300.2394,2,4,-1.0,0.0,-1.0,1.0,49318.56977983433,-18.330379834333144,f,minimum_5800
1612,65.0,-,35,49300.6094,2,4,-1.0,0.0,-1.0,1.0,49318.89656144457,-18.287161444568483,e,minimum_5800
1613,65.0,+,6,50015.4894,2,5,-1.0,0.0,-1.0,1.0,50010.344576922565,5.144823077433102,f,minimum_5800
1614,65.0,-,36,50015.8494,2,5,-1.0,0.0,-1.0,1.0,50010.65694738085,5.192452619150572,e,minimum_5800
1615,66.0,-,1,46376.8294,2,0,-1.0,0.0,-1.0,1.0,46376.81756382899,0.011836171011964325,f,minimum_5800
1616,66.0,+,31,46377.2494,2,0,-1.0,0.0,-1.0,1.0,46377.17120001395,0.0781999860482756,e,minimum_5800
1617,66.0,-,2,47144.3294,2,1,-1.0,0.0,-1.0,1.0,47138.71040038344,5.618999616563087,f,minimum_5800
1618,66.0,+,32,47144.7394,2,1,-1.0,0.0,-1.0,1.0,47139.06273761603,5.676662383972143,e,minimum_5800
1619,66.0,-,3,47899.0794,2,2,-1.0,0.0,-1.0,1.0,47902.679383142444,-3.599983142441488,f,minimum_5800
1620,66.0,+,33,47899.5194,2,2,-1.0,0.0,-1.0,1.0,47903.028949573665,-3.509549573667755,e,minimum_5800
1621,66.0,-,4,48640.8094,2,3,-1.0,0.0,-1.0,1.0,48656.635583323856,-15.82618332385755,f,minimum_5800
1622,66.0,+,34,48641.2194,2,3,-1.0,0.0,-1.0,1.0,48656.98019537896,-15.760795378955663,e,minimum_5800
1623,66.0,-,5,49369.0894,2,4,-1.0,0.0,-1.0,1.0,49387.66986416952,-18.580464169521292,f,minimum_5800
1624,66.0,+,35,49369.5394,2,4,-1.0,0.0,-1.0,1.0,49388.00602561809,-18.466625618086255,e,minimum_5800
1625,66.0,-,6,50083.5494,2,5,-1.0,0.0,-1.0,1.0,50077.875333115684,5.674066884319473,f,minimum_5800
1626,66.0,+,36,50083.9894,2,5,-1.0,0.0,-1.0,1.0,50078.19640339038,5.792996609619877,e,minimum_5800
1627,67.0,+,1,46449.7394,2,0,-1.0,0.0,-1.0,1.0,46449.70536289283,0.03403710716520436,f,minimum_5800
1628,67.0,-,31,46450.1694,2,0,-1.0,0.0,-1.0,1.0,46450.06914834029,0.10025165970728267,e,minimum_5800
1629,67.0,+,2,47216.5294,2,1,-1.0,0.0,-1.0,1.0,47211.13441736532,5.394982634679764,f,minimum_5800
1630,67.0,-,32,47216.9294,2,1,-1.0,0.0,-1.0,1.0,47211.49689037156,5.432509628437401,e,minimum_5800
1631,67.0,+,3,47970.5294,2,2,-1.0,0.0,-1.0,1.0,47974.53941511234,-4.010015112340625,f,minimum_5800
1632,67.0,-,33,47970.9094,2,2,-1.0,0.0,-1.0,1.0,47974.89901955503,-3.9896195550318225,e,minimum_5800
1633,67.0,+,4,48711.4794,2,3,-1.0,0.0,-1.0,1.0,48727.76018486021,-16.280784860216954,f,minimum_5800
1634,67.0,-,34,48711.8694,2,3,-1.0,0.0,-1.0,1.0,48728.1146356407,-16.245235640693863,e,minimum_5800
1635,67.0,+,5,49438.9994,2,4,-1.0,0.0,-1.0,1.0,49457.76558229594,-18.76618229594169,f,minimum_5800
1636,67.0,-,35,49439.3794,2,4,-1.0,0.0,-1.0,1.0,49458.111222242915,-18.731822242916678,e,minimum_5800
1637,67.0,+,6,50152.6894,2,5,-1.0,0.0,-1.0,1.0,50146.355716126985,6.333683873017435,f,minimum_5800
1638,67.0,-,36,50153.0694,2,5,-1.0,0.0,-1.0,1.0,50146.68555277713,6.383847222867189,e,minimum_5800
1639,68.0,-,1,46523.6894,2,0,-1.0,0.0,-1.0,1.0,46523.640613341835,0.048786658167955466,f,minimum_5800
1640,68.0,+,31,46524.1594,2,0,-1.0,0.0,-1.0,1.0,46524.01466624079,0.14473375920351828,e,minimum_5800
1641,68.0,-,2,47289.7094,2,1,-1.0,0.0,-1.0,1.0,47284.60089447332,5.108505526681256,f,minimum_5800
1642,68.0,+,32,47290.1594,2,1,-1.0,0.0,-1.0,1.0,47284.97362241934,5.185777580656577,e,minimum_5800
1643,68.0,-,3,48042.9294,2,2,-1.0,0.0,-1.0,1.0,48047.432277655,-4.502877655002521,f,minimum_5800
1644,68.0,+,33,48043.4094,2,2,-1.0,0.0,-1.0,1.0,48047.80203661089,-4.392636610893533,e,minimum_5800
1645,68.0,-,4,48783.1094,2,3,-1.0,0.0,-1.0,1.0,48799.902419569305,-16.793019569304306,f,minimum_5800
1646,68.0,+,34,48783.5594,2,3,-1.0,0.0,-1.0,1.0,48800.26681895957,-16.70741895957326,e,minimum_5800
1647,68.0,-,5,49509.8394,2,4,-1.0,0.0,-1.0,1.0,49528.85435199667,-19.014951996672607,f,minimum_5800
1648,68.0,+,35,49510.2994,2,4,-1.0,0.0,-1.0,1.0,49529.209566863894,-18.91016686389048,e,minimum_5800
1649,68.0,-,6,50222.6894,2,5,-1.0,0.0,-1.0,1.0,50215.781399165375,6.908000834628183,f,minimum_5800
1650,68.0,+,36,50223.1594,2,5,-1.0,0.0,-1.0,1.0,50216.12006437698,7.039335623019724,e,minimum_5800
1651,69.0,+,1,46598.7094,2,0,-1.0,0.0,-1.0,1.0,46598.621534581056,0.08786541894369293,f,minimum_5800
1652,69.0,-,31,46599.1494,2,0,-1.0,0.0,-1.0,1.0,46599.00597171517,0.14342828483495396,e,minimum_5800
1653,69.0,+,2,47363.9394,2,1,-1.0,0.0,-1.0,1.0,47359.10811362088,4.831286379121593,f,minimum_5800
1654,69.0,-,32,47364.3594,2,1,-1.0,0.0,-1.0,1.0,47359.49121427851,4.86818572149059,e,minimum_5800
1655,69.0,+,3,48116.4194,2,2,-1.0,0.0,-1.0,1.0,48121.35616587293,-4.9367658729315735,f,minimum_5800
1656,69.0,-,33,48116.8294,2,2,-1.0,0.0,-1.0,1.0,48121.73619435566,-4.906794355658349,e,minimum_5800
1657,69.0,+,4,48855.7994,2,3,-1.0,0.0,-1.0,1.0,48873.060228236725,-17.260828236721864,f,minimum_5800
1658,69.0,-,34,48856.2194,2,3,-1.0,0.0,-1.0,1.0,48873.43468439641,-17.215284396406787,e,minimum_5800
1659,69.0,+,5,49581.7394,2,4,-1.0,0.0,-1.0,1.0,49600.9335254314,-19.194125431400607,f,minimum_5800
1660,69.0,-,35,49582.1694,2,4,-1.0,0.0,-1.0,1.0,49601.29840933748,-19.129009337484604,e,minimum_5800
1661,69.0,+,6,50293.7794,2,5,-1.0,0.0,-1.0,1.0,50286.14785741452,7.631542585477291,f,minimum_5800
1662,69.0,-,36,50294.1594,2,5,-1.0,0.0,-1.0,1.0,50286.495408690775,7.663991309222183,e,minimum_5800
1663,70.0,-,1,46674.7294,2,0,-1.0,0.0,-1.0,1.0,46674.646321226544,0.08307877345214365,f,minimum_5800
1664,70.0,+,31,46675.2094,2,0,-1.0,0.0,-1.0,1.0,46675.041257959776,0.16814204022375634,e,minimum_5800
1665,70.0,-,2,47439.2094,2,1,-1.0,0.0,-1.0,1.0,47434.654330488316,4.555069511683541,f,minimum_5800
1666,70.0,+,32,47439.6594,2,1,-1.0,0.0,-1.0,1.0,47435.047920216544,4.611479783452523,e,minimum_5800
1667,70.0,-,3,48190.9194,2,2,-1.0,0.0,-1.0,1.0,48196.309244383694,-5.389844383695163,f,minimum_5800
1668,70.0,+,33,48191.3594,2,2,-1.0,0.0,-1.0,1.0,48196.69965589607,-5.340255896066083,e,minimum_5800
1669,70.0,-,4,48929.4794,2,3,-1.0,0.0,-1.0,1.0,48947.2315111358,-17.752111135800078,f,minimum_5800
1670,70.0,+,34,48929.8894,2,3,-1.0,0.0,-1.0,1.0,48947.61613046467,-17.726730464666616,e,minimum_5800
1671,70.0,-,5,49654.5894,2,4,-1.0,0.0,-1.0,1.0,49674.000386902015,-19.410986902017612,f,minimum_5800
1672,70.0,+,35,49655.0694,2,4,-1.0,0.0,-1.0,1.0,49674.375031592535,-19.305631592535065,e,minimum_5800
1673,70.0,+,36,50366.2094,2,5,-1.0,0.0,-1.0,1.0,50357.806837820644,8.4025621793553,e,minimum_5800
1674,71.0,+,1,46751.8394,2,0,-1.0,0.0,-1.0,1.0,46751.713143185436,0.1262568145612022,f,minimum_5800
1675,71.0,-,31,46752.3094,2,0,-1.0,0.0,-1.0,1.0,46752.11869344651,0.19070655349059962,e,minimum_5800
1676,71.0,+,2,47515.5294,2,1,-1.0,0.0,-1.0,1.0,47511.237774432426,4.2916255675736465,f,minimum_5800
1677,71.0,-,32,47515.9794,2,1,-1.0,0.0,-1.0,1.0,47511.64196815797,4.337431842024671,e,minimum_5800
1678,71.0,+,3,48266.4094,2,2,-1.0,0.0,-1.0,1.0,48272.28964703221,-5.880247032211628,f,minimum_5800
1679,71.0,-,33,48266.8694,2,2,-1.0,0.0,-1.0,1.0,48272.69055354139,-5.821153541386593,e,minimum_5800
1680,71.0,+,4,49004.1594,2,3,-1.0,0.0,-1.0,1.0,49022.41412728062,-18.254727280625957,f,minimum_5800
1681,71.0,-,34,49004.6194,2,3,-1.0,0.0,-1.0,1.0,49022.80901438254,-18.189614382536092,e,minimum_5800
1682,71.0,+,5,49728.4394,2,4,-1.0,0.0,-1.0,1.0,49748.0521504552,-19.612750455198693,f,minimum_5800
1683,71.0,-,35,49728.9294,2,4,-1.0,0.0,-1.0,1.0,49748.43664523038,-19.50724523037934,e,minimum_5800
1684,71.0,+,6,50438.7894,2,5,-1.0,0.0,-1.0,1.0,50429.68388503816,9.105514961840527,f,minimum_5800
1685,71.0,-,36,50439.2294,2,5,-1.0,0.0,-1.0,1.0,50430.04936031602,9.180039683975338,e,minimum_5800
1686,72.0,-,1,46829.9294,2,0,-1.0,0.0,-1.0,1.0,46829.82014573786,0.10925426214089384,f,minimum_5800
1687,72.0,+,31,46830.4894,2,0,-1.0,0.0,-1.0,1.0,46830.2364220063,0.2529779936958221,e,minimum_5800
1688,72.0,-,2,47592.8594,2,1,-1.0,0.0,-1.0,1.0,47588.85664838992,4.002751610081759,f,minimum_5800
1689,72.0,-,2,47593.3094,2,1,-1.0,0.0,-1.0,1.0,47588.85664838992,4.452751610078849,f,minimum_5800
1690,72.0,-,3,48342.9494,2,2,-1.0,0.0,-1.0,1.0,48349.295476587795,-6.346076587797143,f,minimum_5800
1691,72.0,+,33,48343.4294,2,2,-1.0,0.0,-1.0,1.0,48349.706988501086,-6.27758850108512,e,minimum_5800
1692,72.0,-,4,49079.8794,2,3,-1.0,0.0,-1.0,1.0,49098.60589363661,-18.72649363661185,f,minimum_5800
1693,72.0,+,34,49080.3194,2,3,-1.0,0.0,-1.0,1.0,49099.011151282895,-18.691751282894984,e,minimum_5800
1694,72.0,-,5,49803.3094,2,4,-1.0,0.0,-1.0,1.0,49823.0859573065,-19.7765573065044,f,minimum_5800
1695,72.0,+,35,49803.7694,2,4,-1.0,0.0,-1.0,1.0,49823.48038894522,-19.710988945225836,e,minimum_5800
1696,72.0,-,6,50512.7394,2,5,-1.0,0.0,-1.0,1.0,50502.84320656823,9.89619343177037,f,minimum_5800
1697,73.0,+,1,46909.1794,2,0,-1.0,0.0,-1.0,1.0,46908.96544962115,0.21395037884940393,f,minimum_5800
1698,73.0,-,31,46909.6394,2,0,-1.0,0.0,-1.0,1.0,46909.392562912944,0.24683708705561003,e,minimum_5800
1699,73.0,+,2,47671.2294,2,1,-1.0,0.0,-1.0,1.0,47667.509128776495,3.720271223501186,f,minimum_5800
1700,73.0,-,32,47671.6794,2,1,-1.0,0.0,-1.0,1.0,47667.9348694561,3.744530543903238,e,minimum_5800
1701,73.0,+,3,48420.4794,2,2,-1.0,0.0,-1.0,1.0,48427.32480442583,-6.845404425832385,f,minimum_5800
1702,73.0,-,33,48420.9394,2,2,-1.0,0.0,-1.0,1.0,48427.74703056616,-6.807630566159787,e,minimum_5800
1703,73.0,+,4,49156.5494,2,3,-1.0,0.0,-1.0,1.0,49175.80458428654,-19.25518428653595,f,minimum_5800
1704,73.0,-,34,49157.0394,2,3,-1.0,0.0,-1.0,1.0,49176.22031337774,-19.180913377735124,e,minimum_5800
1705,73.0,+,5,49879.1294,2,4,-1.0,0.0,-1.0,1.0,49899.09887307033,-19.96947307033406,f,minimum_5800
1706,73.0,-,35,49879.6494,2,4,-1.0,0.0,-1.0,1.0,49899.50332574893,-19.853925748924667,e,minimum_5800
1707,73.0,+,6,50587.7494,2,5,-1.0,0.0,-1.0,1.0,50576.92272917779,10.826670822207234,f,minimum_5800
1708,73.0,-,36,50588.2894,2,5,-1.0,0.0,-1.0,1.0,50577.30629129877,10.983108701228048,e,minimum_5800
1709,74.0,-,1,46989.2594,2,0,-1.0,0.0,-1.0,1.0,46989.1471511163,0.11224888369906694,f,minimum_5800
1710,74.0,+,31,46989.2894,2,0,-1.0,0.0,-1.0,1.0,46989.58521097003,-0.29581097002665047,e,minimum_5800
1711,74.0,-,2,47750.6094,2,1,-1.0,0.0,-1.0,1.0,47747.1933653793,3.4160346206990653,f,minimum_5800
1712,74.0,+,32,47751.0794,2,1,-1.0,0.0,-1.0,1.0,47747.63004605797,3.44935394202912,e,minimum_5800
1713,74.0,-,3,48498.9894,2,2,-1.0,0.0,-1.0,1.0,48506.375670193505,-7.386270193506789,f,minimum_5800
1714,74.0,+,33,48499.5394,2,2,-1.0,0.0,-1.0,1.0,48506.808717774205,-7.269317774203955,e,minimum_5800
1715,74.0,-,4,49234.2494,2,3,-1.0,0.0,-1.0,1.0,49254.007929549065,-19.758529549064406,f,minimum_5800
1716,74.0,+,34,49234.7394,2,3,-1.0,0.0,-1.0,1.0,49254.43422907642,-19.69482907641941,e,minimum_5800
1717,74.0,-,5,49955.9894,2,4,-1.0,0.0,-1.0,1.0,49976.08788477392,-20.0984847739237,f,minimum_5800
1718,74.0,+,35,49956.4894,2,4,-1.0,0.0,-1.0,1.0,49976.502439981334,-20.01303998133517,e,minimum_5800
1719,74.0,-,6,50663.6994,2,5,-1.0,0.0,-1.0,1.0,50651.916479122454,11.782920877543802,f,minimum_5800
1720,74.0,-,6,50664.1994,2,5,-1.0,0.0,-1.0,1.0,50651.916479122454,12.282920877543802,f,minimum_5800
1721,75.0,-,31,47071.1094,2,0,-1.0,0.0,-1.0,1.0,47070.81243659904,0.2969634009641595,e,minimum_5800
1722,75.0,+,2,47830.9794,2,1,-1.0,0.0,-1.0,1.0,47827.90748124363,3.071918756366358,f,minimum_5800
1723,75.0,-,32,47831.4894,2,1,-1.0,0.0,-1.0,1.0,47828.355210932845,3.134189067153784,e,minimum_5800
1724,75.0,+,3,48578.5894,2,2,-1.0,0.0,-1.0,1.0,48586.44608145784,-7.856681457844388,f,minimum_5800
1725,75.0,-,33,48499.5394,2,2,-1.0,0.0,-1.0,0.0,48586.89005605735,-87.35065605735144,e,minimum_5800
1726,75.0,+,4,49312.9794,2,3,-1.0,0.0,-1.0,1.0,49333.21361504616,-20.234215046162717,f,minimum_5800
1727,75.0,-,34,49313.4794,2,3,-1.0,0.0,-1.0,1.0,49333.65058205078,-20.17118205078441,e,minimum_5800
1728,75.0,+,5,50033.7894,2,4,-1.0,0.0,-1.0,1.0,50054.049897636614,-20.260497636612854,f,minimum_5800
1729,75.0,-,35,50034.3294,2,4,-1.0,0.0,-1.0,1.0,50054.47463408371,-20.145234083705873,e,minimum_5800
1730,75.0,+,6,50740.6494,2,5,-1.0,0.0,-1.0,1.0,50727.81797700114,12.831422998860944,f,minimum_5800
1731,75.0,-,36,50741.1094,2,5,-1.0,0.0,-1.0,1.0,50728.21972855928,12.88967144072376,e,minimum_5800
1732,76.0,+,31,47153.3994,2,0,-1.0,0.0,-1.0,1.0,47153.07228593048,0.32711406952148536,e,minimum_5800
1733,76.0,-,2,47912.4194,2,1,-1.0,0.0,-1.0,1.0,47909.64957255337,2.7698274466310977,f,minimum_5800
1734,76.0,+,32,47912.9094,2,1,-1.0,0.0,-1.0,1.0,47910.108458738534,2.8009412614628673,e,minimum_5800
1735,76.0,-,3,48659.1094,2,2,-1.0,0.0,-1.0,1.0,48667.5340133361,-8.424613336101174,f,minimum_5800
1736,76.0,+,33,48659.6594,2,2,-1.0,0.0,-1.0,1.0,48667.98901887214,-8.329618872143328,e,minimum_5800
1737,76.0,-,4,49392.6594,2,3,-1.0,0.0,-1.0,1.0,49413.41928071578,-20.759880715784675,f,minimum_5800
1738,76.0,+,34,49393.1394,2,3,-1.0,0.0,-1.0,1.0,49413.86701024773,-20.727610247733537,e,minimum_5800
1739,76.0,-,5,50112.6194,2,4,-1.0,0.0,-1.0,1.0,50132.98173158623,-20.36233158622781,f,minimum_5800
1740,76.0,+,35,50113.1694,2,4,-1.0,0.0,-1.0,1.0,50133.41672510981,-20.247325109812664,e,minimum_5800
1741,76.0,-,6,50818.5394,2,5,-1.0,0.0,-1.0,1.0,50804.62001570531,13.919384294691554,f,minimum_5800
1742,77.0,-,31,47236.7094,2,0,-1.0,0.0,-1.0,1.0,47236.36278089601,0.34661910399154294,e,minimum_5800
1743,77.0,+,2,47994.8494,2,1,-1.0,0.0,-1.0,1.0,47992.41770850495,2.4316914950468345,f,minimum_5800
1744,77.0,+,3,48740.6994,2,2,-1.0,0.0,-1.0,1.0,48749.6374081075,-8.938008107499627,f,minimum_5800
1745,77.0,-,33,48741.2394,2,2,-1.0,0.0,-1.0,1.0,48750.103546811144,-8.864146811145474,e,minimum_5800
1746,77.0,+,4,49473.3494,2,3,-1.0,0.0,-1.0,1.0,49494.622519767145,-21.273119767145545,f,minimum_5800
1747,77.0,-,34,49473.8694,2,3,-1.0,0.0,-1.0,1.0,49495.081104842684,-21.211704842680774,e,minimum_5800
1748,77.0,+,5,50192.4194,2,4,-1.0,0.0,-1.0,1.0,50212.88011748704,-20.4607174870398,f,minimum_5800
1749,77.0,-,35,50192.9694,2,4,-1.0,0.0,-1.0,1.0,50213.32544094792,-20.35604094791779,e,minimum_5800
1750,77.0,+,6,50897.4894,2,5,-1.0,0.0,-1.0,1.0,50882.314151709696,15.175248290302989,f,minimum_5800
1751,77.0,-,36,50891.9394,2,5,-1.0,0.0,-1.0,1.0,50882.73409501483,9.205304985174735,e,minimum_5800
1752,78.0,+,31,47321.0394,2,0,-1.0,0.0,-1.0,0.0,47320.68191932304,0.3574806769611314,e,minimum_5800
1753,78.0,-,2,48078.3494,2,1,-1.0,0.0,-1.0,1.0,48076.20993117413,2.139468825866061,f,minimum_5800
1754,78.0,+,32,48070.8294,2,1,-1.0,0.0,-1.0,1.0,48076.69144660976,-5.862046609756362,e,minimum_5800
1755,78.0,-,3,48823.3194,2,2,-1.0,0.0,-1.0,1.0,48832.75417480412,-9.434774804118206,f,minimum_5800
1756,78.0,+,33,48823.8294,2,2,-1.0,0.0,-1.0,1.0,48833.23154719277,-9.402147192769917,e,minimum_5800
1757,78.0,-,4,49555.0294,2,3,-1.0,0.0,-1.0,1.0,49576.820877573395,-21.79147757339524,f,minimum_5800
1758,78.0,+,34,49555.5694,2,3,-1.0,0.0,-1.0,1.0,49577.290409130095,-21.7210091300949,e,minimum_5800
1759,78.0,-,5,50273.1594,2,4,-1.0,0.0,-1.0,1.0,50293.741693045886,-20.582293045888946,f,minimum_5800
1760,78.0,+,35,50273.7394,2,4,-1.0,0.0,-1.0,1.0,50294.197416219096,-20.45801621909777,e,minimum_5800
1761,78.0,-,6,50977.2394,2,5,-1.0,0.0,-1.0,1.0,50960.88924342086,16.350156579137547,f,minimum_5800
1762,78.0,+,36,50977.7594,2,5,-1.0,0.0,-1.0,1.0,50961.31820367532,16.441196324682096,e,minimum_5800
1763,79.0,-,31,47406.3994,2,0,-1.0,0.0,-1.0,0.0,47406.02767503066,0.37172496934363153,e,minimum_5800
1764,79.0,+,2,48162.7494,2,1,-1.0,0.0,-1.0,1.0,48161.02425537617,1.7251446238296921,f,minimum_5800
1765,79.0,-,32,48163.3594,2,1,-1.0,0.0,-1.0,1.0,48161.51724041969,1.842159580308362,e,minimum_5800
1766,79.0,+,3,48906.8494,2,2,-1.0,0.0,-1.0,1.0,48916.88218878136,-10.032788781361887,f,minimum_5800
1767,79.0,-,33,48907.4394,2,2,-1.0,0.0,-1.0,1.0,48917.37089363242,-9.931493632415368,e,minimum_5800
1768,79.0,+,4,49637.7094,2,3,-1.0,0.0,-1.0,1.0,49660.011850497314,-22.302450497314567,f,minimum_5800
1769,79.0,-,34,49638.2694,2,3,-1.0,0.0,-1.0,1.0,49660.49241734859,-22.22301734859502,e,minimum_5800
1770,79.0,+,5,50354.9194,2,4,-1.0,0.0,-1.0,1.0,50375.56299835903,-20.643598359034513,f,minimum_5800
1771,79.0,-,35,50355.5694,2,4,-1.0,0.0,-1.0,1.0,50376.029187816894,-20.459787816893368,e,minimum_5800
1772,79.0,+,6,51058.0994,2,5,-1.0,0.0,-1.0,1.0,51040.32562403981,17.773775960187777,f,minimum_5800
1773,79.0,-,36,51058.6294,2,5,-1.0,0.0,-1.0,1.0,51040.763356061645,17.86604393835296,e,minimum_5800
1774,80.0,+,31,47492.7894,2,0,-1.0,0.0,-1.0,1.0,47492.39799792828,0.391402071720222,e,minimum_5800
1775,80.0,-,2,48248.3294,2,1,-1.0,0.0,-1.0,1.0,48246.85866851783,1.4707314821716864,f,minimum_5800
1776,80.0,-,3,48991.4794,2,2,-1.0,0.0,-1.0,1.0,49002.019291266486,-10.539891266489576,f,minimum_5800
1777,80.0,+,33,48991.9994,2,2,-1.0,0.0,-1.0,1.0,49002.519425588885,-10.520025588884891,e,minimum_5800
1778,80.0,-,4,49721.3794,2,3,-1.0,0.0,-1.0,1.0,49744.19288464592,-22.813484645921562,f,minimum_5800
1779,80.0,+,34,49721.8494,2,3,-1.0,0.0,-1.0,1.0,49744.684573433406,-22.835173433406453,e,minimum_5800
1780,80.0,-,5,50437.6794,2,4,-1.0,0.0,-1.0,1.0,50458.34047105593,-20.661071055932553,f,minimum_5800
1781,80.0,+,35,50438.2394,2,4,-1.0,0.0,-1.0,1.0,50458.817190042784,-20.577790042785637,e,minimum_5800
1782,80.0,-,6,51139.8794,2,5,-1.0,0.0,-1.0,1.0,51120.552463107044,19.32693689295411,f,minimum_5800
1783,80.0,+,36,51140.3294,2,5,-1.0,0.0,-1.0,1.0,51120.997284103585,19.332115896417235,e,minimum_5800
1784,81.0,-,31,47580.2694,2,0,-1.0,0.0,-1.0,0.0,47579.790814115026,0.4785858849718352,e,minimum_5800
1785,81.0,+,2,48334.7794,2,1,-1.0,0.0,-1.0,1.0,48333.71113044236,1.0682695576397236,f,minimum_5800
1786,81.0,+,3,49076.9894,2,2,-1.0,0.0,-1.0,1.0,49088.16328888285,-11.173888882854953,f,minimum_5800
1787,81.0,-,33,49017.6694,2,2,-1.0,0.0,-1.0,0.0,49088.674947889995,-71.0055478899958,e,minimum_5800
1788,81.0,+,4,49806.0394,2,3,-1.0,0.0,-1.0,1.0,49829.36137454801,-23.321974548009166,f,minimum_5800
1789,81.0,-,34,49806.5594,2,3,-1.0,0.0,-1.0,1.0,49829.864269691854,-23.304869691855856,e,minimum_5800
1790,81.0,-,35,50521.9294,2,4,-1.0,0.0,-1.0,1.0,50542.557749287706,-20.628349287704623,e,minimum_5800
1791,81.0,-,36,51222.9994,2,5,-1.0,0.0,-1.0,1.0,51197.88947201452,25.1099279854825,e,minimum_5800
1792,82.0,+,31,47660.6394,2,0,-1.0,0.0,-1.0,1.0,47668.20402598142,-7.5646259814166115,e,minimum_5800
1793,82.0,-,2,48422.3594,2,1,-1.0,0.0,-1.0,1.0,48421.57957326593,0.779826734069502,f,minimum_5800
1794,82.0,+,32,48422.8494,2,1,-1.0,0.0,-1.0,1.0,48422.107567783685,0.7418322163139237,e,minimum_5800
1795,82.0,-,3,49163.6194,2,2,-1.0,0.0,-1.0,1.0,49175.31195315064,-11.692553150634922,f,minimum_5800
1796,82.0,+,33,49164.1694,2,2,-1.0,0.0,-1.0,1.0,49175.83523023092,-11.665830230922438,e,minimum_5800
1797,82.0,-,4,49891.6394,2,3,-1.0,0.0,-1.0,1.0,49915.51466174898,-23.875261748980847,f,minimum_5800
1798,82.0,+,34,49892.1694,2,3,-1.0,0.0,-1.0,1.0,49916.02884539691,-23.859445396912633,e,minimum_5800
1799,82.0,+,35,50606.5494,2,4,-1.0,0.0,-1.0,1.0,50627.24707819908,-20.69767819907429,e,minimum_5800
1800,83.0,-,31,47758.2094,2,0,-1.0,0.0,-1.0,0.0,47757.63551231148,0.5738876885225181,e,minimum_5800
1801,83.0,+,2,48510.7994,2,1,-1.0,0.0,-1.0,1.0,48510.461901205425,0.33749879457900533,f,minimum_5800
1802,83.0,-,32,48511.4794,2,1,-1.0,0.0,-1.0,1.0,48511.00176029757,0.4776397024252219,e,minimum_5800
1803,83.0,+,3,49251.1594,2,2,-1.0,0.0,-1.0,1.0,49263.463019960174,-12.303619960177457,f,minimum_5800
1804,83.0,-,33,49251.7894,2,2,-1.0,0.0,-1.0,1.0,49263.99800664854,-12.208606648535351,e,minimum_5800
1805,83.0,+,4,49978.2194,2,3,-1.0,0.0,-1.0,1.0,50002.65003331709,-24.430633317089814,f,minimum_5800
1806,83.0,-,34,49978.8694,2,3,-1.0,0.0,-1.0,1.0,50003.17558529013,-24.306185290130088,e,minimum_5800
1807,83.0,-,35,50692.2594,2,4,-1.0,0.0,-1.0,1.0,50712.88126926186,-20.621869261856773,e,minimum_5800
1808,83.0,-,36,51391.4294,2,5,-1.0,0.0,-1.0,1.0,51297.283256312694,94.1461436873069,e,minimum_5800
1809,84.0,-,2,48600.4094,2,1,-1.0,0.0,-1.0,1.0,48600.355990398035,0.05340960196190281,f,minimum_5800
1810,84.0,+,32,48600.9294,2,1,-1.0,0.0,-1.0,1.0,48600.90780865735,0.021591342650935985,e,minimum_5800
1811,84.0,-,3,49339.7994,2,2,-1.0,0.0,-1.0,1.0,49352.61418901918,-12.814789019175805,f,minimum_5800
1812,84.0,+,33,49340.3294,2,2,-1.0,0.0,-1.0,1.0,49353.160974966515,-12.831574966512562,e,minimum_5800
1813,84.0,-,4,50065.8794,2,3,-1.0,0.0,-1.0,1.0,50090.764720252875,-24.885320252877136,f,minimum_5800
1814,84.0,+,34,50066.4394,2,3,-1.0,0.0,-1.0,1.0,50091.30171798981,-24.862317989805888,e,minimum_5800
1815,85.0,+,2,48690.8194,2,1,-1.0,0.0,-1.0,1.0,48691.25968871098,-0.4402887109827134,f,minimum_5800
1816,85.0,-,32,48691.6194,2,1,-1.0,0.0,-1.0,1.0,48691.82355903176,-0.204159031760355,e,minimum_5800
1817,85.0,+,3,49429.2994,2,2,-1.0,0.0,-1.0,1.0,49442.76312326977,-13.46372326976416,f,minimum_5800
1818,85.0,-,33,49429.9194,2,2,-1.0,0.0,-1.0,1.0,49443.321796213,-13.402396213001339,e,minimum_5800
1819,85.0,+,4,50154.4194,2,3,-1.0,0.0,-1.0,1.0,50179.85589579586,-25.436495795860537,f,minimum_5800
1820,85.0,-,34,50155.1094,2,3,-1.0,0.0,-1.0,1.0,50180.40441429501,-25.295014295006695,e,minimum_5800
1821,86.0,-,2,48782.4794,2,1,-1.0,0.0,-1.0,1.0,48783.17081554168,-0.6914155416816357,f,minimum_5800
1822,86.0,+,32,48783.0394,2,1,-1.0,0.0,-1.0,1.0,48783.74682910011,-0.7074291001117672,e,minimum_5800
1823,86.0,+,33,49520.4794,2,2,-1.0,0.0,-1.0,1.0,49534.47809400505,-13.99869400505122,e,minimum_5800
1824,86.0,-,4,50244.0494,2,3,-1.0,0.0,-1.0,1.0,50269.920673619075,-25.87127361907187,f,minimum_5800
1825,86.0,+,34,50244.6094,2,3,-1.0,0.0,-1.0,1.0,50270.4807853764,-25.871385376398393,e,minimum_5800
1826,87.0,+,3,49611.3694,2,2,-1.0,0.0,-1.0,1.0,49626.04475157239,-14.675351572390355,f,minimum_5800
1827,87.0,+,4,50334.4794,2,3,-1.0,0.0,-1.0,1.0,50360.95610590137,-26.47670590137568,f,minimum_5800
1828,88.0,-,2,48968.5094,2,1,-1.0,0.0,-1.0,1.0,48970.00648872833,-1.4970887283270713,f,minimum_5800
1829,88.0,+,33,49704.6194,2,2,-1.0,0.0,-1.0,1.0,49719.76742272848,-15.148022728477372,e,minimum_5800
1830,88.0,+,34,50426.6494,2,3,-1.0,0.0,-1.0,1.0,50453.54268670045,-26.89328670044779,e,minimum_5800
1831,89.0,-,32,49063.7494,2,1,-1.0,0.0,-1.0,1.0,49065.539502439984,-1.7901024399834569,e,minimum_5800
1832,89.0,+,3,49797.4294,2,2,-1.0,0.0,-1.0,1.0,49813.28844894999,-15.85904894999112,f,minimum_5800
1833,89.0,+,4,50518.5294,2,3,-1.0,0.0,-1.0,1.0,50545.92682259484,-27.397422594840464,f,minimum_5800
1834,90.0,-,2,49158.4994,2,1,-1.0,0.0,-1.0,1.0,49160.84498750343,-2.345587503426941,f,minimum_5800
1835,90.0,+,33,49892.6594,2,2,-1.0,0.0,-1.0,1.0,49909.00917640665,-16.34977640665602,e,minimum_5800
1836,90.0,+,34,50612.6294,2,3,-1.0,0.0,-1.0,1.0,50640.46304203809,-27.833642038094695,e,minimum_5800
1837,91.0,+,3,49901.4094,2,2,-1.0,0.0,-1.0,0.0,50004.47412840403,-103.06472840403148,f,minimum_5800
1838,92.0,-,2,49352.4294,2,1,-1.0,0.0,-1.0,1.0,49355.66781932656,-3.238419326560688,f,minimum_5800
1839,92.0,+,33,50084.5594,2,2,-1.0,0.0,-1.0,1.0,50102.18292655091,-17.623526550909446,e,minimum_5800
1840,92.0,+,34,50802.3894,2,3,-1.0,0.0,-1.0,1.0,50831.21637911093,-28.826979110926914,e,minimum_5800
