J,parity,original_rank,observed_cm,state,v,Lambda,Sigma,Omega,input_weight,calculated_cm,residual_cm,matched_rank,calculated_state,calculated_v,calculated_Lambda,calculated_Sigma,calculated_Omega,assignment_matches,mark,duo_weight
0.0,+,1,0.0,1,0,0.0,0.0,0.0,1.0,0.0,0.0,1,1,0,0.0,0.0,0.0,True,,0.00055
0.0,+,2,792.6879589,1,1,0.0,0.0,0.0,1.0,792.692786010189,-0.004827110189012274,2,1,1,0.0,0.0,0.0,True,,0.00055
1.0,-,1,1.0999934,1,0,0.0,0.0,0.0,1.0,1.099981482309,1.1917691000062902e-05,1,1,0,0.0,0.0,0.0,True,,0.00055
1.0,-,2,793.7780516,1,1,0.0,0.0,0.0,1.0,793.782864256526,-0.004812656525928105,2,1,1,0.0,0.0,0.0,True,,0.00055
2.0,+,1,3.2998689,1,0,0.0,0.0,0.0,1.0,3.299919318278,-5.041827800011944e-05,1,1,0,0.0,0.0,0.0,True,,0.00055
2.0,+,2,795.9588465,1,1,0.0,0.0,0.0,1.0,795.962995666231,-0.004149166230945411,2,1,1,0.0,0.0,0.0,True,,0.00055
2.0,+,3,1579.0919263,1,2,0.0,0.0,0.0,1.0,1579.095364739056,-0.0034384390560262545,3,1,2,0.0,0.0,0.0,True,,0.00055
3.0,-,1,6.6001029,1,0,0.0,0.0,0.0,1.0,6.599763250419,0.00033964958100085596,1,1,0,0.0,0.0,0.0,True,,0.00055
3.0,-,2,799.2279753,1,1,0.0,0.0,0.0,1.0,799.233130073029,-0.005154773028948512,2,1,1,0.0,0.0,0.0,True,,0.00055
3.0,-,3,1582.3331811,1,2,0.0,0.0,0.0,1.0,1582.336009873385,-0.0028287733848628704,3,1,2,0.0,0.0,0.0,True,,0.00055
3.0,-,4,2356.0276841,1,3,0.0,0.0,0.0,1.0,2356.02992408852,-0.002239988520159386,4,1,3,0.0,0.0,0.0,True,,0.00055
4.0,+,1,10.9993343,1,0,0.0,0.0,0.0,1.0,10.999437891933,-0.00010359193300146785,1,1,0,0.0,0.0,0.0,True,,0.00055
4.0,+,2,803.5884402,1,1,0.0,0.0,0.0,1.0,803.593192227033,-0.004752027032964179,2,1,1,0.0,0.0,0.0,True,,0.00055
4.0,+,3,1586.6534244,1,2,0.0,0.0,0.0,1.0,1586.656753227438,-0.0033288274380538496,3,1,2,0.0,0.0,0.0,True,,0.00055
4.0,+,4,2360.3104926,1,3,0.0,0.0,0.0,1.0,2360.311635048607,-0.0011424486069699924,4,1,3,0.0,0.0,0.0,True,,0.00055
5.0,-,1,16.4991429,1,0,0.0,0.0,0.0,1.0,16.4988427257,0.00030017429999773526,1,1,0,0.0,0.0,0.0,True,,0.00055
5.0,-,2,809.0387112,1,1,0.0,0.0,0.0,1.0,809.043081793861,-0.004370593861040106,2,1,1,0.0,0.0,0.0,True,,0.00055
5.0,-,3,1592.0545342,1,2,0.0,0.0,0.0,1.0,1592.057494664001,-0.0029604640010347794,3,1,2,0.0,0.0,0.0,True,,0.00055
5.0,-,4,2365.6626361,1,3,0.0,0.0,0.0,1.0,2365.663586385981,-0.0009502859811618691,4,1,3,0.0,0.0,0.0,True,,0.00055
6.0,+,1,23.0981464,1,0,0.0,0.0,0.0,1.0,23.097852103566,0.00029429643399936367,1,1,0,0.0,0.0,0.0,True,,0.00055
6.0,+,2,815.57832,1,1,0.0,0.0,0.0,1.0,815.582673353584,-0.004353353584065189,2,1,1,0.0,0.0,0.0,True,,0.00055
6.0,+,3,1598.5351639,1,2,0.0,0.0,0.0,1.0,1598.538109009713,-0.00294510971298223,3,1,2,0.0,0.0,0.0,True,,0.00055
6.0,+,4,2372.0847113,1,3,0.0,0.0,0.0,1.0,2372.085653189628,-0.0009418896279385081,4,1,3,0.0,0.0,0.0,True,,0.00055
6.0,+,5,3136.3425996,1,4,0.0,0.0,0.0,1.0,3136.342034087692,0.0005655123081851343,5,1,4,0.0,0.0,0.0,True,,0.00055
7.0,-,1,30.7966019,1,0,0.0,0.0,0.0,1.0,30.796315244886,0.00028665511399950105,1,1,0,0.0,0.0,0.0,True,,0.00055
7.0,-,2,823.2074826,1,1,0.0,0.0,0.0,1.0,823.211816399738,-0.004333799737992194,2,1,1,0.0,0.0,0.0,True,,0.00055
7.0,-,3,1606.0955222,1,2,0.0,0.0,0.0,1.0,1606.098446054075,-0.0029238540751066466,3,1,2,0.0,0.0,0.0,True,,0.00055
7.0,-,4,2379.5767527,1,3,0.0,0.0,0.0,1.0,2379.577685563808,-0.0009328638079750817,4,1,3,0.0,0.0,0.0,True,,0.00055
7.0,-,5,3143.7668204,1,4,0.0,0.0,0.0,1.0,3143.766255222068,0.0005651779320032801,5,1,4,0.0,0.0,0.0,True,,0.00055
8.0,+,1,39.5943332,1,0,0.0,0.0,0.0,1.0,39.594056234991,0.0002769650090002074,1,1,0,0.0,0.0,0.0,True,,0.00055
8.0,+,2,831.9260231,1,1,0.0,0.0,0.0,1.0,831.930335337575,-0.004312237575049949,2,1,1,0.0,0.0,0.0,True,,0.00055
8.0,+,3,1614.7354301,1,2,0.0,0.0,0.0,1.0,1614.738330547706,-0.002900447705997067,3,1,2,0.0,0.0,0.0,True,,0.00055
8.0,+,4,2388.1385852,1,3,0.0,0.0,0.0,1.0,2388.139508626492,-0.0009234264921360591,4,1,3,0.0,0.0,0.0,True,,0.00055
8.0,+,5,3152.2511462,1,4,0.0,0.0,0.0,1.0,3152.250580834351,0.0005653656494359893,5,1,4,0.0,0.0,0.0,True,,0.00055
9.0,-,1,49.4911422,1,0,0.0,0.0,0.0,1.0,49.490874023379,0.0002681766209988723,1,1,0,0.0,0.0,0.0,True,,0.00055
9.0,-,2,841.7337449,1,1,0.0,0.0,0.0,1.0,841.738029482496,-0.004284582495984068,2,1,1,0.0,0.0,0.0,True,,0.00055
9.0,-,3,1624.454688,1,2,0.0,0.0,0.0,1.0,1624.45756220093,-0.0028742009299094207,3,1,2,0.0,0.0,0.0,True,,0.00055
9.0,-,4,2397.7704295,1,3,0.0,0.0,0.0,1.0,2397.770922508026,-0.000493008026296593,4,1,3,0.0,0.0,0.0,True,,0.00055
9.0,-,5,3161.7980513,1,4,0.0,0.0,0.0,1.0,3161.794811498845,0.0032398011553596007,5,1,4,0.0,0.0,0.0,True,,0.00055
10.0,+,1,60.4868037,1,0,0.0,0.0,0.0,1.0,60.486542421851,0.0002612781490043403,1,1,0,0.0,0.0,0.0,True,,0.00055
10.0,+,2,852.6304169,1,1,0.0,0.0,0.0,1.0,852.634673058166,-0.004256158165958368,2,1,1,0.0,0.0,0.0,True,,0.00055
10.0,+,3,1635.253072,1,2,0.0,0.0,0.0,1.0,1635.255915681803,-0.0028436818029149435,3,1,2,0.0,0.0,0.0,True,,0.00055
10.0,+,4,2408.4697709,1,3,0.0,0.0,0.0,1.0,2408.471702349097,-0.0019314490969009057,4,1,3,0.0,0.0,0.0,True,,0.00055
10.0,+,5,3172.3969891,1,4,0.0,0.0,0.0,1.0,3172.398722855923,-0.001733755922941782,5,1,4,0.0,0.0,0.0,True,,0.00055
10.0,+,6,6137.479694,1,8,0.0,0.0,0.0,1.0,6137.48506701661,-0.005373016610064951,9,1,8,0.0,0.0,0.0,True,,0.00055
11.0,-,1,72.5810636,1,0,0.0,0.0,0.0,1.0,72.580810101913,0.00025349808699104415,1,1,0,0.0,0.0,0.0,True,,0.00055
11.0,-,2,864.6157918,1,1,0.0,0.0,0.0,1.0,864.620015193997,-0.004223393996994673,2,1,1,0.0,0.0,0.0,True,,0.00055
11.0,-,3,1647.1303315,1,2,0.0,0.0,0.0,1.0,1647.133140613854,-0.0028091138540276006,3,1,2,0.0,0.0,0.0,True,,0.00055
11.0,-,4,2420.2408384,1,3,0.0,0.0,0.0,1.0,2420.241598298647,-0.0007598986471748503,4,1,3,0.0,0.0,0.0,True,,0.00055
11.0,-,5,3184.0589839,1,4,0.0,0.0,0.0,1.0,3184.06206560985,-0.0030817098499937856,5,1,4,0.0,0.0,0.0,True,,0.00055
11.0,-,6,5420.9274237,1,7,0.0,0.0,0.0,1.0,5420.929375688516,-0.0019519885163390427,8,1,7,0.0,0.0,0.0,True,,0.00055
12.0,+,1,85.7734732,1,0,0.0,0.0,0.0,1.0,85.773400592361,7.260763899807898e-05,1,1,0,0.0,0.0,0.0,True,,0.00055
12.0,+,2,877.6892945,1,1,0.0,0.0,0.0,1.0,877.693779922923,-0.00448542292303955,2,1,1,0.0,0.0,0.0,True,,0.00055
12.0,+,3,1660.0864698,1,2,0.0,0.0,0.0,1.0,1660.088961573791,-0.00249177379100729,3,1,2,0.0,0.0,0.0,True,,0.00055
12.0,+,4,2433.0798513,1,3,0.0,0.0,0.0,1.0,2433.080335511563,-0.00048421156316180713,4,1,3,0.0,0.0,0.0,True,,0.00055
12.0,+,5,3196.7851948,1,4,0.0,0.0,0.0,1.0,3196.784565526752,0.0006292732482506835,5,1,4,0.0,0.0,0.0,True,,0.00055
12.0,+,6,4696.7856526,1,6,0.0,0.0,0.0,1.0,4696.785887596071,-0.00023499607141275192,7,1,6,0.0,0.0,0.0,True,,0.00055
12.0,+,7,6160.993195,1,8,0.0,0.0,0.0,1.0,6160.995956044217,-0.0027610442166405846,9,1,8,0.0,0.0,0.0,True,,0.00055
13.0,-,1,100.0642708,1,0,0.0,0.0,0.0,1.0,100.064012276584,0.0002585234160079608,1,1,0,0.0,0.0,0.0,True,,0.00055
13.0,-,2,891.8512602,1,1,0.0,0.0,0.0,1.0,891.85566617863,-0.004405978630074969,2,1,1,0.0,0.0,0.0,True,,0.00055
13.0,-,3,1674.120561,1,2,0.0,0.0,0.0,1.0,1674.123078088917,-0.002517088917102228,3,1,2,0.0,0.0,0.0,True,,0.00055
13.0,-,4,2446.9875729,1,3,0.0,0.0,0.0,1.0,2446.987614146243,-4.124624274481903e-05,4,1,3,0.0,0.0,0.0,True,,0.00055
13.0,-,5,3210.565811,1,4,0.0,0.0,0.0,1.0,3210.565923431986,-0.00011243198605370708,5,1,4,0.0,0.0,0.0,True,,0.00055
13.0,-,6,3964.9718701,1,5,0.0,0.0,0.0,1.0,3964.971882439172,-1.2339171917119529e-05,6,1,5,0.0,0.0,0.0,True,,0.00055
13.0,-,7,4710.3179569,1,6,0.0,0.0,0.0,1.0,4710.318139407951,-0.00018250795073981863,7,1,6,0.0,0.0,0.0,True,,0.00055
13.0,-,8,5446.717117,1,7,0.0,0.0,0.0,1.0,5446.717299672645,-0.00018267264476889977,8,1,7,0.0,0.0,0.0,True,,0.00055
14.0,+,1,115.4525736,1,0,0.0,0.0,0.0,1.0,115.452318389132,0.00025521086799074055,1,1,0,0.0,0.0,0.0,True,,0.00055
14.0,+,2,907.1012758,1,1,0.0,0.0,0.0,1.0,907.105347792524,-0.004071992523904555,2,1,1,0.0,0.0,0.0,True,,0.00055
14.0,+,3,1689.2324615,1,2,0.0,0.0,0.0,1.0,1689.235164634102,-0.002703134101921023,3,1,2,0.0,0.0,0.0,True,,0.00055
14.0,+,4,2461.962767,1,3,0.0,0.0,0.0,1.0,2461.963109361522,-0.00034236152214361937,4,1,3,0.0,0.0,0.0,True,,0.00055
14.0,+,5,3225.4067859,1,4,0.0,0.0,0.0,1.0,3225.405815207386,0.0009706926143735473,5,1,4,0.0,0.0,0.0,True,,0.00055
14.0,+,6,3979.6769907,1,5,0.0,0.0,0.0,1.0,3979.677152209987,-0.00016150998726516264,6,1,5,0.0,0.0,0.0,True,,0.00055
14.0,+,7,4724.8905283,1,6,0.0,0.0,0.0,1.0,4724.889770686957,0.0007576130437882966,7,1,6,0.0,0.0,0.0,True,,0.00055
14.0,+,8,5461.1550254,1,7,0.0,0.0,0.0,1.0,5461.156285466777,-0.0012600667769220308,8,1,7,0.0,0.0,0.0,True,,0.00055
15.0,-,1,131.9379149,1,0,0.0,0.0,0.0,1.0,131.937967012688,-5.211268799598656e-05,1,1,0,0.0,0.0,0.0,True,,0.00055
15.0,-,2,923.4386243,1,1,0.0,0.0,0.0,1.0,923.442473490635,-0.003849190635037303,2,1,1,0.0,0.0,0.0,True,,0.00055
15.0,-,3,1705.4227595,1,2,0.0,0.0,0.0,1.0,1705.424870628833,-0.0021111288331212563,3,1,2,0.0,0.0,0.0,True,,0.00055
15.0,-,4,2478.0080176,1,3,0.0,0.0,0.0,1.0,2478.006471313987,0.0015462860133084178,4,1,3,0.0,0.0,0.0,True,,0.00055
15.0,-,5,3241.3045429,1,4,0.0,0.0,0.0,1.0,3241.303891788475,0.0006511115248031274,5,1,4,0.0,0.0,0.0,True,,0.00055
15.0,-,6,3995.4317485,1,5,0.0,0.0,0.0,1.0,3995.430995183192,0.000753316808186355,6,1,5,0.0,0.0,0.0,True,,0.00055
15.0,-,7,4740.499113,1,6,0.0,0.0,0.0,1.0,4740.500434061298,-0.0013210612978582503,7,1,6,0.0,0.0,0.0,True,,0.00055
15.0,-,8,5476.6235257,1,7,0.0,0.0,0.0,1.0,5476.624833449533,-0.001307749533225433,8,1,7,0.0,0.0,0.0,True,,0.00055
15.0,-,9,6203.9156294,1,8,0.0,0.0,0.0,1.0,6203.91765750583,-0.002028105829595006,9,1,8,0.0,0.0,0.0,True,,0.00055
16.0,+,1,149.520503,1,0,0.0,0.0,0.0,1.0,149.520581074368,-7.807436801954282e-05,1,1,0,0.0,0.0,0.0,True,,0.00055
16.0,+,2,940.8628167,1,1,0.0,0.0,0.0,1.0,940.866666889983,-0.003850189982927077,2,1,1,0.0,0.0,0.0,True,,0.00055
16.0,+,3,1722.6893955,1,2,0.0,0.0,0.0,1.0,1722.691820433743,-0.002424933742986468,3,1,2,0.0,0.0,0.0,True,,0.00055
16.0,+,4,2495.1173125,1,3,0.0,0.0,0.0,1.0,2495.117325154427,-1.2654426882363623e-05,4,1,3,0.0,0.0,0.0,True,,0.00055
16.0,+,5,3258.2619272,1,4,0.0,0.0,0.0,1.0,3258.259779161142,0.002148038858194923,5,1,4,0.0,0.0,0.0,True,,0.00055
16.0,+,6,4012.2331996,1,5,0.0,0.0,0.0,1.0,4012.233038226517,0.00016137348302436294,6,1,5,0.0,0.0,0.0,True,,0.00055
16.0,+,7,4757.1497897,1,6,0.0,0.0,0.0,1.0,4757.149757331516,3.236848351662047e-05,7,1,6,0.0,0.0,0.0,True,,0.00055
16.0,+,8,5493.1224402,1,7,0.0,0.0,0.0,1.0,5493.12257241066,-0.00013221066001278814,8,1,7,0.0,0.0,0.0,True,,0.00055
17.0,-,1,168.200068,1,0,0.0,0.0,0.0,1.0,168.199758341732,0.00030965826798023954,1,1,0,0.0,0.0,0.0,True,,0.00055
17.0,-,2,959.3731833,1,1,0.0,0.0,0.0,1.0,959.377526494998,-0.004343194998000399,2,1,1,0.0,0.0,0.0,True,,0.00055
17.0,-,3,1741.0329765,1,2,0.0,0.0,0.0,1.0,1741.035613347035,-0.002636847035091705,3,1,2,0.0,0.0,0.0,True,,0.00055
17.0,-,4,2513.294796,1,3,0.0,0.0,0.0,1.0,2513.295271024504,-0.00047502450388492434,4,1,3,0.0,0.0,0.0,True,,0.00055
17.0,-,5,3276.2734748,1,4,0.0,0.0,0.0,1.0,3276.273078358327,0.00039644167281949194,5,1,4,0.0,0.0,0.0,True,,0.00055
17.0,-,6,4030.0830228,1,5,0.0,0.0,0.0,1.0,4030.08288331417,0.00013948583000455983,6,1,5,0.0,0.0,0.0,True,,0.00055
17.0,-,7,4774.8360906,1,6,0.0,0.0,0.0,1.0,4774.83734346737,-0.001252867370567401,7,1,6,0.0,0.0,0.0,True,,0.00055
17.0,-,10,6955.8818255,1,9,0.0,0.0,0.0,1.0,6955.899988772256,-0.018163272256060736,10,1,9,0.0,0.0,0.0,True,,0.00055
18.0,+,1,187.9752926,1,0,0.0,0.0,0.0,1.0,187.975071418848,0.00022118115199987187,1,1,0,0.0,0.0,0.0,True,,0.00055
18.0,+,2,978.9710668,1,1,0.0,0.0,0.0,1.0,978.974625693496,-0.0035588934960060215,2,1,1,0.0,0.0,0.0,True,,0.00055
18.0,+,3,1760.4533952,1,2,0.0,0.0,0.0,1.0,1760.455823600681,-0.002428400681083076,3,1,2,0.0,0.0,0.0,True,,0.00055
18.0,+,4,2532.5391656,1,3,0.0,0.0,0.0,1.0,2532.539884053018,-0.000718453017725551,4,1,3,0.0,0.0,0.0,True,,0.00055
18.0,+,5,3295.343989,1,4,0.0,0.0,0.0,1.0,3295.343365456445,0.0006235435548660462,5,1,4,0.0,0.0,0.0,True,,0.00055
18.0,+,6,4048.9805902,1,5,0.0,0.0,0.0,1.0,4048.98010752309,0.00048267690999637125,6,1,5,0.0,0.0,0.0,True,,0.00055
18.0,+,7,5529.1966455,1,7,0.0,0.0,0.0,1.0,5529.204014603048,-0.007369103047494718,8,1,7,0.0,0.0,0.0,True,,0.00055
18.0,+,8,6256.0126651,1,8,0.0,0.0,0.0,1.0,6256.017361041457,-0.0046959414567027125,9,1,8,0.0,0.0,0.0,True,,0.00055
19.0,-,1,208.8466153,1,0,0.0,0.0,0.0,1.0,208.846067741701,0.000547558298990225,1,1,0,0.0,0.0,0.0,True,,0.00055
19.0,-,2,999.6536711,1,1,0.0,0.0,0.0,1.0,999.657512752427,-0.003841652427013287,2,1,1,0.0,0.0,0.0,True,,0.00055
19.0,-,3,1780.9503825,1,2,0.0,0.0,0.0,1.0,1780.952000356305,-0.0016178563050743833,3,1,2,0.0,0.0,0.0,True,,0.00055
19.0,-,4,2552.8503663,1,3,0.0,0.0,0.0,1.0,2552.850714351782,-0.00034805178165697725,4,1,3,0.0,0.0,0.0,True,,0.00055
19.0,-,5,3315.4705711,1,4,0.0,0.0,0.0,1.0,3315.470191571307,0.00037952869297441794,5,1,4,0.0,0.0,0.0,True,,0.00055
19.0,-,6,4068.9249519,1,5,0.0,0.0,0.0,1.0,4068.924263029421,0.0006888705788696825,6,1,5,0.0,0.0,0.0,True,,0.00055
19.0,-,7,4813.3259189,1,6,0.0,0.0,0.0,1.0,4813.325592040388,0.0003268596119596623,7,1,6,0.0,0.0,0.0,True,,0.00055
19.0,-,8,5548.7849651,1,7,0.0,0.0,0.0,1.0,5548.786851579949,-0.0018864799494622275,8,1,7,0.0,0.0,0.0,True,,0.00055
20.0,+,1,230.8116135,1,0,0.0,0.0,0.0,1.0,230.812269573723,-0.0006560737230074665,1,1,0,0.0,0.0,0.0,True,,0.00055
20.0,+,2,1021.4225216,1,1,0.0,0.0,0.0,1.0,1021.425710813509,-0.0031892135090174634,2,1,1,0.0,0.0,0.0,True,,0.00055
20.0,+,3,1802.521403,1,2,0.0,0.0,0.0,1.0,1802.523667700874,-0.0022647008740932506,3,1,2,0.0,0.0,0.0,True,,0.00055
20.0,+,4,2574.2275772,1,3,0.0,0.0,0.0,1.0,2574.227287011602,0.0002901883976846875,4,1,3,0.0,0.0,0.0,True,,0.00055
20.0,+,5,3336.653174,1,4,0.0,0.0,0.0,1.0,3336.653082854269,9.11457309484831e-05,5,1,4,0.0,0.0,0.0,True,,0.00055
20.0,+,6,4089.9152117,1,5,0.0,0.0,0.0,1.0,4089.914877104418,0.00033459558198956074,6,1,5,0.0,0.0,0.0,True,,0.00055
20.0,+,7,4834.123355,1,6,0.0,0.0,0.0,1.0,4834.125336231331,-0.001981231331228628,7,1,6,0.0,0.0,0.0,True,,0.00055
20.0,+,8,5569.3973633,1,7,0.0,0.0,0.0,1.0,5569.397147019252,0.0002162807477361639,8,1,7,0.0,0.0,0.0,True,,0.00055
21.0,-,1,253.8731121,1,0,0.0,0.0,0.0,1.0,253.873174000759,-6.190075902168246e-05,1,1,0,0.0,0.0,0.0,True,,0.00055
21.0,-,2,1044.2741363,1,1,0.0,0.0,0.0,1.0,1044.278717888338,-0.0045815883379418665,2,1,1,0.0,0.0,0.0,True,,0.00055
21.0,-,3,1825.1687953,1,2,0.0,0.0,0.0,1.0,1825.170324642044,-0.0015293420440229966,3,1,2,0.0,0.0,0.0,True,,0.00055
21.0,-,4,2596.6681339,1,3,0.0,0.0,0.0,1.0,2596.669102097749,-0.0009681977489890414,4,1,3,0.0,0.0,0.0,True,,0.00055
21.0,-,5,3358.8921152,1,4,0.0,0.0,0.0,1.0,3358.891540487851,0.0005747121485910611,5,1,4,0.0,0.0,0.0,True,,0.00055
21.0,-,6,4111.9509945,1,5,0.0,0.0,0.0,1.0,4111.95145211035,-0.0004576103501676698,6,1,5,0.0,0.0,0.0,True,,0.00055
21.0,-,7,4855.9625398,1,6,0.0,0.0,0.0,1.0,4855.961506787676,0.0010330123241146794,7,1,6,0.0,0.0,0.0,True,,0.00055
21.0,-,9,6317.2850927,1,8,0.0,0.0,0.0,1.0,6317.283738760244,0.001353939755972533,9,1,8,0.0,0.0,0.0,True,,0.00055
21.0,-,10,7034.8142759,1,9,0.0,0.0,0.0,1.0,7034.824565406104,-0.010289506103617896,10,1,9,0.0,0.0,0.0,True,,0.00055
22.0,+,1,278.0282621,1,0,0.0,0.0,0.0,1.0,278.028252925864,9.174135982448206e-06,1,1,0,0.0,0.0,0.0,True,,0.00055
22.0,+,2,1068.2120738,1,1,0.0,0.0,0.0,1.0,1068.216006853509,-0.003933053508944795,2,1,1,0.0,0.0,0.0,True,,0.00055
22.0,+,3,1848.8888521,1,2,0.0,0.0,0.0,1.0,1848.89144510339,-0.002593003390074955,3,1,2,0.0,0.0,0.0,True,,0.00055
22.0,+,4,2620.1755543,1,3,0.0,0.0,0.0,1.0,2620.175634645181,-8.0345181231678e-05,4,1,3,0.0,0.0,0.0,True,,0.00055
22.0,+,5,3382.1842316,1,4,0.0,0.0,0.0,1.0,3382.185040681009,-0.0008090810088106082,5,1,4,0.0,0.0,0.0,True,,0.00055
22.0,+,6,4135.033936,1,5,0.0,0.0,0.0,1.0,4135.033465495905,0.0004705040946646477,6,1,5,0.0,0.0,0.0,True,,0.00055
22.0,+,7,4878.8335,1,6,0.0,0.0,0.0,1.0,4878.833582469857,-8.246985726145795e-05,7,1,6,0.0,0.0,0.0,True,,0.00055
22.0,+,8,5613.6987423,1,7,0.0,0.0,0.0,1.0,5613.698108240384,0.0006340596164591261,8,1,7,0.0,0.0,0.0,True,,0.00055
22.0,+,9,6339.7386513,1,8,0.0,0.0,0.0,1.0,6339.74065727857,-0.002005978570196021,9,1,8,0.0,0.0,0.0,True,,0.00055
23.0,-,1,303.2769997,1,0,0.0,0.0,0.0,1.0,303.276953063918,4.663608200417002e-05,1,1,0,0.0,0.0,0.0,True,,0.00055
23.0,-,2,1093.2331713,1,1,0.0,0.0,0.0,1.0,1093.237025445358,-0.0038541453579910012,2,1,1,0.0,0.0,0.0,True,,0.00055
23.0,-,3,1873.6847841,1,2,0.0,0.0,0.0,1.0,1873.686477919367,-0.0016938193671194313,3,1,2,0.0,0.0,0.0,True,,0.00055
23.0,-,4,2644.7454534,1,3,0.0,0.0,0.0,1.0,2644.746334653848,-0.0008812538480924559,4,1,3,0.0,0.0,0.0,True,,0.00055
23.0,-,5,3406.5335271,1,4,0.0,0.0,0.0,1.0,3406.533034664629,0.0004924353706883267,5,1,4,0.0,0.0,0.0,True,,0.00055
23.0,-,6,4159.1597529,1,5,0.0,0.0,0.0,1.0,4159.160369791806,-0.0006168918062030571,6,1,5,0.0,0.0,0.0,True,,0.00055
23.0,-,7,4902.7422222,1,6,0.0,0.0,0.0,1.0,4902.741017183844,0.001205016155836347,7,1,6,0.0,0.0,0.0,True,,0.00055
23.0,-,8,5637.3865575,1,7,0.0,0.0,0.0,1.0,5637.387709539333,-0.0011520393327373313,8,1,7,0.0,0.0,0.0,True,,0.00055
24.0,+,1,329.6172291,1,0,0.0,0.0,0.0,1.0,329.618695935898,-0.001466835898042973,1,1,0,0.0,0.0,0.0,True,,0.00055
24.0,+,2,1119.3376964,1,1,0.0,0.0,0.0,1.0,1119.341196254423,-0.0034998544231257256,2,1,1,0.0,0.0,0.0,True,,0.00055
24.0,+,3,1899.5525489,1,2,0.0,0.0,0.0,1.0,1899.554846829948,-0.0022979299480994086,3,1,2,0.0,0.0,0.0,True,,0.00055
24.0,+,4,2670.3807747,1,3,0.0,0.0,0.0,1.0,2670.38062708321,0.00014761678994545946,4,1,3,0.0,0.0,0.0,True,,0.00055
24.0,+,5,3431.9343385,1,4,0.0,0.0,0.0,1.0,3431.934948686273,-0.0006101862727518892,5,1,4,0.0,0.0,0.0,True,,0.00055
24.0,+,6,4184.3319819,1,5,0.0,0.0,0.0,1.0,4184.331592605774,0.00038929422589717433,6,1,5,0.0,0.0,0.0,True,,0.00055
24.0,+,7,4927.6823741,1,6,0.0,0.0,0.0,1.0,4927.683239976609,-0.0008658766091684811,7,1,6,0.0,0.0,0.0,True,,0.00055
24.0,+,8,5662.1069012,1,7,0.0,0.0,0.0,1.0,5662.102640326176,0.004260873824023292,8,1,7,0.0,0.0,0.0,True,,0.00055
25.0,-,1,357.0534536,1,0,0.0,0.0,0.0,1.0,357.052877862817,0.0005757371829986369,1,1,0,0.0,0.0,0.0,True,,0.00055
25.0,-,2,1146.5229088,1,1,0.0,0.0,0.0,1.0,1146.527916719761,-0.005007919760828372,2,1,1,0.0,0.0,0.0,True,,0.00055
25.0,-,3,1926.4947514,1,2,0.0,0.0,0.0,1.0,1926.495950475003,-0.0011990750028871844,3,1,2,0.0,0.0,0.0,True,,0.00055
25.0,-,4,2697.0773555,1,3,0.0,0.0,0.0,1.0,2697.077911847111,-0.0005563471108871454,4,1,3,0.0,0.0,0.0,True,,0.00055
25.0,-,5,3458.3905635,1,4,0.0,0.0,0.0,1.0,3458.390184005016,0.0003794949839175388,5,1,4,0.0,0.0,0.0,True,,0.00055
25.0,-,6,4210.5456507,1,5,0.0,0.0,0.0,1.0,4210.546536617404,-0.0008859174040480866,6,1,5,0.0,0.0,0.0,True,,0.00055
25.0,-,7,4953.6602446,1,6,0.0,0.0,0.0,1.0,4953.659655030907,0.0005895690928809927,7,1,6,0.0,0.0,0.0,True,,0.00055
25.0,-,8,5687.8429876,1,7,0.0,0.0,0.0,1.0,5687.8423063788,0.0006812212004660978,8,1,7,0.0,0.0,0.0,True,,0.00055
25.0,-,9,6413.2053666,1,8,0.0,0.0,0.0,1.0,6413.208187478619,-0.002820878618877032,9,1,8,0.0,0.0,0.0,True,,0.00055
25.0,-,10,7129.8617642,1,9,0.0,0.0,0.0,1.0,7129.872498223541,-0.010734023540862836,10,1,9,0.0,0.0,0.0,True,,0.00055
26.0,+,1,385.5788546,1,0,0.0,0.0,0.0,1.0,385.578869959561,-1.535956101861302e-05,1,1,0,0.0,0.0,0.0,True,,0.00055
26.0,+,2,1174.7935762,1,1,0.0,0.0,0.0,1.0,1174.796559122908,-0.0029829229081315134,2,1,1,0.0,0.0,0.0,True,,0.00055
26.0,+,3,1954.5070568,1,2,0.0,0.0,0.0,1.0,1954.509162388647,-0.0021055886468275276,3,1,2,0.0,0.0,0.0,True,,0.00055
26.0,+,4,2724.8377694,1,3,0.0,0.0,0.0,1.0,2724.837563808043,0.00020559195718306,4,1,3,0.0,0.0,0.0,True,,0.00055
26.0,+,5,3485.8981653,1,4,0.0,0.0,0.0,1.0,3485.898116885996,4.841400414079544e-05,5,1,4,0.0,0.0,0.0,True,,0.00055
26.0,+,6,4237.8050881,1,5,0.0,0.0,0.0,1.0,4237.804579572969,0.0005085270313429646,6,1,5,0.0,0.0,0.0,True,,0.00055
26.0,+,7,4980.6697979,1,6,0.0,0.0,0.0,1.0,4980.669641660492,0.0001562395082146395,7,1,6,0.0,0.0,0.0,True,,0.00055
26.0,+,8,5714.6073731,1,7,0.0,0.0,0.0,1.0,5714.606088674349,0.0012844256507378304,8,1,7,0.0,0.0,0.0,True,,0.00055
26.0,+,9,6439.7273463,1,8,0.0,0.0,0.0,1.0,6439.727647337845,-0.0003010378450198914,9,1,8,0.0,0.0,0.0,True,,0.00055
27.0,-,1,415.1943752,1,0,0.0,0.0,0.0,1.0,415.196018128261,-0.0016429282609919937,1,1,0,0.0,0.0,0.0,True,,0.00055
27.0,-,2,1204.1432101,1,1,0.0,0.0,0.0,1.0,1204.146470581467,-0.003260481466895726,2,1,1,0.0,0.0,0.0,True,,0.00055
27.0,-,3,1983.5927471,1,2,0.0,0.0,0.0,1.0,1983.593830992836,-0.0010838928360499267,3,1,2,0.0,0.0,0.0,True,,0.00055
27.0,-,4,2753.6586651,1,3,0.0,0.0,0.0,1.0,2753.658932770999,-0.00026767099916469306,4,1,3,0.0,0.0,0.0,True,,0.00055
27.0,-,5,3514.4587493,1,4,0.0,0.0,0.0,1.0,3514.458098594519,0.0006507054808935209,5,1,4,0.0,0.0,0.0,True,,0.00055
27.0,-,6,4266.1050384,1,5,0.0,0.0,0.0,1.0,4266.105074279736,-3.587973606045125e-05,6,1,5,0.0,0.0,0.0,True,,0.00055
27.0,-,7,5008.7132903,1,6,0.0,0.0,0.0,1.0,5008.712554304461,0.0007359955388892558,7,1,6,0.0,0.0,0.0,True,,0.00055
27.0,-,8,5742.3948796,1,7,0.0,0.0,0.0,1.0,5742.393343383774,0.00153621622666833,8,1,7,0.0,0.0,0.0,True,,0.00055
28.0,+,1,445.9041894,1,0,0.0,0.0,0.0,1.0,445.903643051536,0.0005463484640131355,1,1,0,0.0,0.0,0.0,True,,0.00055
28.0,+,2,1234.5741236,1,1,0.0,0.0,0.0,1.0,1234.576973042781,-0.0028494427810983325,2,1,1,0.0,0.0,0.0,True,,0.00055
28.0,+,3,2013.7477338,1,2,0.0,0.0,0.0,1.0,2013.749279591472,-0.00154579147192635,3,1,2,0.0,0.0,0.0,True,,0.00055
28.0,+,4,2783.5417601,1,3,0.0,0.0,0.0,1.0,2783.541343477782,0.0004166222179264878,4,1,3,0.0,0.0,0.0,True,,0.00055
28.0,+,5,3544.0699523,1,4,0.0,0.0,0.0,1.0,3544.069455390302,0.0004969096976310539,5,1,4,0.0,0.0,0.0,True,,0.00055
28.0,+,6,4295.4481978,1,5,0.0,0.0,0.0,1.0,4295.447348600356,0.0008491996441080119,6,1,5,0.0,0.0,0.0,True,,0.00055
28.0,+,7,5037.7888337,1,6,0.0,0.0,0.0,1.0,5037.787722521911,0.0011111780895589618,7,1,6,0.0,0.0,0.0,True,,0.00055
28.0,+,9,6495.8081501,1,8,0.0,0.0,0.0,1.0,6495.808176918755,-2.681875503185438e-05,9,1,8,0.0,0.0,0.0,True,,0.00055
29.0,-,1,477.7014795,1,0,0.0,0.0,0.0,1.0,477.701040185481,0.0004393145189851566,1,1,0,0.0,0.0,0.0,True,,0.00055
29.0,-,2,1266.0848307,1,1,0.0,0.0,0.0,1.0,1266.087363277046,-0.002532577045940343,2,1,1,0.0,0.0,0.0,True,,0.00055
29.0,-,3,2044.9736118,1,2,0.0,0.0,0.0,1.0,2044.974806363497,-0.001194563496937917,3,1,2,0.0,0.0,0.0,True,,0.00055
29.0,-,4,2814.484526,1,3,0.0,0.0,0.0,1.0,2814.484095600252,0.00043039974798375624,4,1,3,0.0,0.0,0.0,True,,0.00055
29.0,-,5,3574.7321414,1,4,0.0,0.0,0.0,1.0,3574.73148852118,0.0006528788198920665,5,1,4,0.0,0.0,0.0,True,,0.00055
29.0,-,6,4325.8307682,1,5,0.0,0.0,0.0,1.0,4325.83070544667,6.275332998484373e-05,6,1,5,0.0,0.0,0.0,True,,0.00055
29.0,-,7,5067.8950096,1,6,0.0,0.0,0.0,1.0,5067.894450986008,0.0005586139914157684,7,1,6,0.0,0.0,0.0,True,,0.00055
29.0,-,8,5801.0362072,1,7,0.0,0.0,0.0,1.0,5801.03557066621,0.0006365337894749246,8,1,7,0.0,0.0,0.0,True,,0.00055
29.0,-,10,7240.9990395,1,9,0.0,0.0,0.0,1.0,7241.006769488706,-0.007729988705250435,10,1,9,0.0,0.0,0.0,True,,0.00055
30.0,+,1,510.5880594,1,0,0.0,0.0,0.0,1.0,510.587479752163,0.0005796478370143632,1,1,0,0.0,0.0,0.0,True,,0.00055
30.0,+,2,1298.6745136,1,1,0.0,0.0,0.0,1.0,1298.676912870123,-0.0023992701230781677,2,1,1,0.0,0.0,0.0,True,,0.00055
30.0,+,3,2077.2688249,1,2,0.0,0.0,0.0,1.0,2077.269684356118,-0.0008594561181780591,3,1,2,0.0,0.0,0.0,True,,0.00055
30.0,+,4,2846.4869554,1,3,0.0,0.0,0.0,1.0,2846.486463733865,0.0004916661350762297,4,1,3,0.0,0.0,0.0,True,,0.00055
30.0,+,5,3606.4443206,1,4,0.0,0.0,0.0,1.0,3606.443474216569,0.0008463834310532548,5,1,4,0.0,0.0,0.0,True,,0.00055
30.0,+,6,4357.2549611,1,5,0.0,0.0,0.0,1.0,4357.254422773565,0.0005383264351621619,6,1,5,0.0,0.0,0.0,True,,0.00055
30.0,+,7,5099.0329653,1,6,0.0,0.0,0.0,1.0,5099.032019478018,0.0009458219819862279,7,1,6,0.0,0.0,0.0,True,,0.00055
30.0,+,9,6555.9396689,1,8,0.0,0.0,0.0,1.0,6555.93961776549,5.113450970384292e-05,9,1,8,0.0,0.0,0.0,True,,0.00055
31.0,-,1,544.5624127,1,0,0.0,0.0,0.0,1.0,544.562206732101,0.00020596789897808776,1,1,0,0.0,0.0,0.0,True,,0.00055
31.0,-,2,1332.3426563,1,1,0.0,0.0,0.0,1.0,1332.344868216458,-0.002211916458009,2,1,1,0.0,0.0,0.0,True,,0.00055
31.0,-,3,2110.6324679,1,2,0.0,0.0,0.0,1.0,2110.633161477876,-0.0006935778760635003,3,1,2,0.0,0.0,0.0,True,,0.00055
31.0,-,4,2879.5484744,1,3,0.0,0.0,0.0,1.0,2879.547697390652,0.0007770093479848583,4,1,3,0.0,0.0,0.0,True,,0.00055
31.0,-,5,3639.2054482,1,4,0.0,0.0,0.0,1.0,3639.20466368088,0.0007845191198612156,5,1,4,0.0,0.0,0.0,True,,0.00055
31.0,-,6,4389.7184571,1,5,0.0,0.0,0.0,1.0,4389.717753572495,0.0007035275048110634,6,1,5,0.0,0.0,0.0,True,,0.00055
31.0,-,7,5131.2000251,1,6,0.0,0.0,0.0,1.0,5131.199682881067,0.00034221893292851746,7,1,6,0.0,0.0,0.0,True,,0.00055
31.0,-,8,5863.76468,1,7,0.0,0.0,0.0,1.0,5863.763341266363,0.001338733637567202,8,1,7,0.0,0.0,0.0,True,,0.00055
31.0,-,9,6587.5219094,1,8,0.0,0.0,0.0,1.0,6587.522623899106,-0.0007144991059249151,9,1,8,0.0,0.0,0.0,True,,0.00055
32.0,+,1,579.6252752,1,0,0.0,0.0,0.0,1.0,579.624440856449,0.0008343435509914343,1,1,0,0.0,0.0,0.0,True,,0.00055
32.0,+,2,1367.0879723,1,1,0.0,0.0,0.0,1.0,1367.090450511256,-0.0024782112559478264,2,1,1,0.0,0.0,0.0,True,,0.00055
32.0,+,3,2145.0638048,1,2,0.0,0.0,0.0,1.0,2145.064460491099,-0.0006556910989274911,3,1,2,0.0,0.0,0.0,True,,0.00055
32.0,+,4,2913.6678071,1,3,0.0,0.0,0.0,1.0,2913.667020992289,0.0007861077110646875,4,1,3,0.0,0.0,0.0,True,,0.00055
32.0,+,5,3673.0151854,1,4,0.0,0.0,0.0,1.0,3673.014283086676,0.0009023133238770242,5,1,4,0.0,0.0,0.0,True,,0.00055
32.0,+,6,4423.2201877,1,5,0.0,0.0,0.0,1.0,4423.219925864739,0.00026183526097156573,6,1,5,0.0,0.0,0.0,True,,0.00055
32.0,+,7,5164.3973423,1,6,0.0,0.0,0.0,1.0,5164.396671173678,0.0006711263213219354,7,1,6,0.0,0.0,0.0,True,,0.00055
32.0,+,8,5896.6579275,1,7,0.0,0.0,0.0,1.0,5896.657432015474,0.0004954845262545859,8,1,7,0.0,0.0,0.0,True,,0.00055
32.0,+,9,6620.117684,1,8,0.0,0.0,0.0,1.0,6620.116141118441,0.00154288155863469,9,1,8,0.0,0.0,0.0,True,,0.00055
33.0,-,1,615.7737192,1,0,0.0,0.0,0.0,1.0,615.773376598475,0.0003426015249488046,1,1,0,0.0,0.0,0.0,True,,0.00055
33.0,-,2,1402.9109575,1,1,0.0,0.0,0.0,1.0,1402.912855742744,-0.0018982427438913874,2,1,1,0.0,0.0,0.0,True,,0.00055
33.0,-,3,2180.5622499,1,2,0.0,0.0,0.0,1.0,2180.562779004399,-0.0005291043989927857,3,1,2,0.0,0.0,0.0,True,,0.00055
33.0,-,4,2948.8445478,1,3,0.0,0.0,0.0,1.0,2948.843633862493,0.000913937506993534,4,1,3,0.0,0.0,0.0,True,,0.00055
33.0,-,5,3707.8723005,1,4,0.0,0.0,0.0,1.0,3707.871533567282,0.0007669327183066343,5,1,4,0.0,0.0,0.0,True,,0.00055
33.0,-,6,4457.7613009,1,5,0.0,0.0,0.0,1.0,4457.760142694519,0.001158205480351171,6,1,5,0.0,0.0,0.0,True,,0.00055
33.0,-,7,5198.622587,1,6,0.0,0.0,0.0,1.0,5198.622189423156,0.0003975768440795946,7,1,6,0.0,0.0,0.0,True,,0.00055
33.0,-,8,5930.5744593,1,7,0.0,0.0,0.0,1.0,5930.570610965096,0.0038483349035232095,8,1,7,0.0,0.0,0.0,True,,0.00055
33.0,-,9,6653.718273,1,8,0.0,0.0,0.0,1.0,6653.719378926366,-0.001105926365198684,9,1,8,0.0,0.0,0.0,True,,0.00055
33.0,-,10,7368.1758755,1,9,0.0,0.0,0.0,1.0,7368.184049691617,-0.008174191616490134,10,1,9,0.0,0.0,0.0,True,,0.00055
34.0,+,1,653.0090056,1,0,0.0,0.0,0.0,1.0,653.00818316549,0.0008224345100416031,1,1,0,0.0,0.0,0.0,True,,0.00055
34.0,+,2,1439.8092642,1,1,0.0,0.0,0.0,1.0,1439.811254684021,-0.0019904840210074326,2,1,1,0.0,0.0,0.0,True,,0.00055
34.0,+,3,2217.1270391,1,2,0.0,0.0,0.0,1.0,2217.127289464795,-0.00025036479519258137,3,1,2,0.0,0.0,0.0,True,,0.00055
34.0,+,4,2985.0777017,1,3,0.0,0.0,0.0,1.0,2985.076710219551,0.0009914804491018003,4,1,3,0.0,0.0,0.0,True,,0.00055
34.0,+,5,3743.7766198,1,4,0.0,0.0,0.0,1.0,3743.775591209544,0.0010285904559168557,5,1,4,0.0,0.0,0.0,True,,0.00055
34.0,+,6,4493.3378143,1,5,0.0,0.0,0.0,1.0,4493.337582121727,0.00023217827310872963,6,1,5,0.0,0.0,0.0,True,,0.00055
34.0,+,7,5233.876126,1,6,0.0,0.0,0.0,1.0,5233.875417778453,0.0007082215470290976,7,1,6,0.0,0.0,0.0,True,,0.00055
34.0,+,8,5965.5031654,1,7,0.0,0.0,0.0,1.0,5965.502060483132,0.001104916868825967,8,1,7,0.0,0.0,0.0,True,,0.00055
34.0,+,9,6688.330373,1,8,0.0,0.0,0.0,1.0,6688.331522053246,-0.0011490532460811664,9,1,8,0.0,0.0,0.0,True,,0.00055
35.0,-,1,691.3289175,1,0,0.0,0.0,0.0,1.0,691.328004489883,0.0009130101169603222,1,1,0,0.0,0.0,0.0,True,,0.00055
35.0,-,2,1477.7830727,1,1,0.0,0.0,0.0,1.0,1477.784792884545,-0.001720184544865333,2,1,1,0.0,0.0,0.0,True,,0.00055
35.0,-,3,2254.7570742,1,2,0.0,0.0,0.0,1.0,2254.757139149461,-6.494946137536317e-05,3,1,2,0.0,0.0,0.0,True,,0.00055
35.0,-,4,3022.3665354,1,3,0.0,0.0,0.0,1.0,3022.365399168301,0.0011362316990926047,4,1,3,0.0,0.0,0.0,True,,0.00055
35.0,-,5,3780.7265801,1,4,0.0,0.0,0.0,1.0,3780.725607046109,0.0009730538909025199,5,1,4,0.0,0.0,0.0,True,,0.00055
35.0,-,6,4529.952174,1,5,0.0,0.0,0.0,1.0,4529.951397214624,0.0007767853758195997,6,1,5,0.0,0.0,0.0,True,,0.00055
35.0,-,7,5270.1560494,1,6,0.0,0.0,0.0,1.0,5270.15551146337,0.0005379366293709609,7,1,6,0.0,0.0,0.0,True,,0.00055
35.0,-,8,6001.4492726,1,7,0.0,0.0,0.0,1.0,6001.45093808281,-0.0016654828104947228,8,1,7,0.0,0.0,0.0,True,,0.00055
36.0,+,1,730.7323455,1,0,0.0,0.0,0.0,1.0,730.731959220076,0.0003862799239868764,1,1,0,0.0,0.0,0.0,True,,0.00055
36.0,+,2,1516.8310866,1,1,0.0,0.0,0.0,1.0,1516.832590661612,-0.0015040616119676997,2,1,1,0.0,0.0,0.0,True,,0.00055
36.0,+,3,2293.4514467,1,2,0.0,0.0,0.0,1.0,2293.451450157625,-3.4576250982354395e-06,3,1,2,0.0,0.0,0.0,True,,0.00055
36.0,+,4,3060.7099914,1,3,0.0,0.0,0.0,1.0,3060.708824692107,0.0011667078929349373,4,1,3,0.0,0.0,0.0,True,,0.00055
36.0,+,5,3818.7215939,1,4,0.0,0.0,0.0,1.0,3818.720707047508,0.0008868524919307674,5,1,4,0.0,0.0,0.0,True,,0.00055
36.0,+,6,4567.6015423,1,5,0.0,0.0,0.0,1.0,4567.60071604212,0.0008262578794528963,6,1,5,0.0,0.0,0.0,True,,0.00055
36.0,+,7,5307.4622639,1,6,0.0,0.0,0.0,1.0,5307.461600768896,0.0006631311043747701,7,1,6,0.0,0.0,0.0,True,,0.00055
36.0,+,8,6038.4183693,1,7,0.0,0.0,0.0,1.0,6038.416376415798,0.0019928842020817683,8,1,7,0.0,0.0,0.0,True,,0.00055
37.0,-,1,771.220192,1,0,0.0,0.0,0.0,1.0,771.219140711325,0.0010512886749438621,1,1,0,0.0,0.0,0.0,True,,0.00055
37.0,-,2,1556.9521855,1,1,0.0,0.0,0.0,1.0,1556.953743091342,-0.0015575913419070275,2,1,1,0.0,0.0,0.0,True,,0.00055
37.0,-,3,2333.209329,1,2,0.0,0.0,0.0,1.0,2333.209319401541,9.598458746040706e-06,3,1,2,0.0,0.0,0.0,True,,0.00055
37.0,-,4,3100.1071606,1,3,0.0,0.0,0.0,1.0,3100.106085644308,0.0010749556918199232,4,1,3,0.0,0.0,0.0,True,,0.00055
37.0,-,5,3857.7606802,1,4,0.0,0.0,0.0,1.0,3857.75999211402,0.0006880859800730832,5,1,4,0.0,0.0,0.0,True,,0.00055
37.0,-,6,4606.2853167,1,5,0.0,0.0,0.0,1.0,4606.284641665848,0.0006750341526640113,6,1,5,0.0,0.0,0.0,True,,0.00055
37.0,-,7,5345.794048,1,6,0.0,0.0,0.0,1.0,5345.792791045739,0.0012569542604978778,7,1,6,0.0,0.0,0.0,True,,0.00055
38.0,+,1,812.7889756,1,0,0.0,0.0,0.0,1.0,812.788617015994,0.00035858400599408924,1,1,0,0.0,0.0,0.0,True,,0.00055
38.0,+,2,1598.1457194,1,1,0.0,0.0,0.0,1.0,1598.147319999354,-0.001600599354105725,2,1,1,0.0,0.0,0.0,True,,0.00055
38.0,+,3,2374.0298207,1,2,0.0,0.0,0.0,1.0,2374.029818597843,2.1021569409640506e-06,3,1,2,0.0,0.0,0.0,True,,0.00055
38.0,+,4,3140.5578158,1,3,0.0,0.0,0.0,1.0,3140.556255739702,0.001560060297833843,4,1,3,0.0,0.0,0.0,True,,0.00055
38.0,+,5,3897.8434091,1,4,0.0,0.0,0.0,1.0,3897.842538067317,0.0008710326828804682,5,1,4,0.0,0.0,0.0,True,,0.00055
38.0,+,6,4646.0026515,1,5,0.0,0.0,0.0,1.0,4646.002252132206,0.0003993677937614848,6,1,5,0.0,0.0,0.0,True,,0.00055
38.0,+,8,6115.395656,1,7,0.0,0.0,0.0,1.0,6115.393341536327,0.002314463672519196,8,1,7,0.0,0.0,0.0,True,,0.00055
38.0,+,10,7549.6311195,1,9,0.0,0.0,0.0,1.0,7549.639896112337,-0.008776612336987455,10,1,9,0.0,0.0,0.0,True,,0.00055
39.0,-,1,855.4393294,1,0,0.0,0.0,0.0,1.0,855.439430873722,-0.0001014737219975359,1,1,0,0.0,0.0,0.0,True,,0.00055
39.0,-,2,1640.4109423,1,1,0.0,0.0,0.0,1.0,1640.412365951437,-0.0014236514371077647,2,1,1,0.0,0.0,0.0,True,,0.00055
39.0,-,3,2415.9122335,1,2,0.0,0.0,0.0,1.0,2415.911994258183,0.00023924181732581928,3,1,2,0.0,0.0,0.0,True,,0.00055
39.0,-,4,3182.0594515,1,3,0.0,0.0,0.0,1.0,3182.058383545616,0.0010679543838705285,4,1,3,0.0,0.0,0.0,True,,0.00055
39.0,-,5,3938.9681486,1,4,0.0,0.0,0.0,1.0,3938.967395641732,0.0007529582680945168,5,1,4,0.0,0.0,0.0,True,,0.00055
39.0,-,6,4686.7537355,1,5,0.0,0.0,0.0,1.0,4686.752600463799,0.0011350362010489334,6,1,5,0.0,0.0,0.0,True,,0.00055
39.0,-,7,5425.5280695,1,6,0.0,0.0,0.0,1.0,5425.526771167958,0.0012983320420971722,7,1,6,0.0,0.0,0.0,True,,0.00055
39.0,-,8,6155.4064232,1,7,0.0,0.0,0.0,1.0,6155.403009252771,0.0034139472290917183,8,1,7,0.0,0.0,0.0,True,,0.00055
39.0,-,9,6876.4948831,1,8,0.0,0.0,0.0,1.0,6876.495548129311,-0.0006650293107668404,9,1,8,0.0,0.0,0.0,True,,0.00055
39.0,-,10,7588.9176867,1,9,0.0,0.0,0.0,1.0,7588.920281494583,-0.0025947945832740515,10,1,9,0.0,0.0,0.0,True,,0.00055
40.0,+,1,899.1710381,1,0,0.0,0.0,0.0,1.0,899.170599701181,0.00043839881902840716,1,1,0,0.0,0.0,0.0,True,,0.00055
40.0,+,2,1683.7464655,1,1,0.0,0.0,0.0,1.0,1683.747900243603,-0.0014347436028856464,2,1,1,0.0,0.0,0.0,True,,0.00055
40.0,+,3,2458.8553132,1,2,0.0,0.0,0.0,1.0,2458.854867679907,0.000445520093308005,3,1,2,0.0,0.0,0.0,True,,0.00055
40.0,+,4,3224.6124706,1,3,0.0,0.0,0.0,1.0,3224.611492472529,0.0009781274711713195,4,1,3,0.0,0.0,0.0,True,,0.00055
40.0,+,5,3981.1347107,1,4,0.0,0.0,0.0,1.0,3981.133590475376,0.0011202246241737157,5,1,4,0.0,0.0,0.0,True,,0.00055
40.0,+,6,4728.5351356,1,5,0.0,0.0,0.0,1.0,4728.534714650888,0.00042094911168533145,6,1,5,0.0,0.0,0.0,True,,0.00055
40.0,+,7,5466.9293142,1,6,0.0,0.0,0.0,1.0,5466.92764694185,0.0016672581496095518,7,1,6,0.0,0.0,0.0,True,,0.00055
40.0,+,8,6196.4266294,1,7,0.0,0.0,0.0,1.0,6196.425519544686,0.0011098553140982403,8,1,7,0.0,0.0,0.0,True,,0.00055
40.0,+,9,6917.1461777,1,8,0.0,0.0,0.0,1.0,6917.142614409039,0.0035632909612104413,9,1,8,0.0,0.0,0.0,True,,0.00055
41.0,-,1,943.9811378,1,0,0.0,0.0,0.0,1.0,943.981115581715,2.2218285039343755e-05,1,1,0,0.0,0.0,0.0,True,,0.00055
41.0,-,2,1728.1517844,1,1,0.0,0.0,0.0,1.0,1728.152916892132,-0.0011324921320010617,2,1,1,0.0,0.0,0.0,True,,0.00055
41.0,-,3,2502.8578338,1,2,0.0,0.0,0.0,1.0,2502.857434936191,0.00039886380909592845,3,1,2,0.0,0.0,0.0,True,,0.00055
41.0,-,4,3268.2162493,1,3,0.0,0.0,0.0,1.0,3268.214580764919,0.0016685350810803357,4,1,3,0.0,0.0,0.0,True,,0.00055
41.0,-,5,4024.3410163,1,4,0.0,0.0,0.0,1.0,4024.340123100956,0.0008931990437304194,5,1,4,0.0,0.0,0.0,True,,0.00055
41.0,-,6,4771.3484062,1,5,0.0,0.0,0.0,1.0,4771.347597642581,0.0008085574190772604,6,1,5,0.0,0.0,0.0,True,,0.00055
41.0,-,7,5509.3507479,1,6,0.0,0.0,0.0,1.0,5509.349795527402,0.000952372597566864,7,1,6,0.0,0.0,0.0,True,,0.00055
41.0,-,8,6238.4631415,1,7,0.0,0.0,0.0,1.0,6238.459880642486,0.0032608575147605734,8,1,7,0.0,0.0,0.0,True,,0.00055
41.0,-,9,6958.7917292,1,8,0.0,0.0,0.0,1.0,6958.792184922889,-0.0004557228885460063,9,1,8,0.0,0.0,0.0,True,,0.00055
42.0,+,1,989.8702208,1,0,0.0,0.0,0.0,1.0,989.869945254403,0.000275545596991833,1,1,0,0.0,0.0,0.0,True,,0.00055
42.0,+,2,1773.6251349,1,1,0.0,0.0,0.0,1.0,1773.626384623155,-0.0012497231550696597,2,1,1,0.0,0.0,0.0,True,,0.00055
42.0,+,3,2547.9194781,1,2,0.0,0.0,0.0,1.0,2547.918666866125,0.0008112338750834169,3,1,2,0.0,0.0,0.0,True,,0.00055
42.0,+,4,3312.8679093,1,3,0.0,0.0,0.0,1.0,3312.866621491371,0.0012878086290584179,4,1,3,0.0,0.0,0.0,True,,0.00055
42.0,+,5,4068.5870134,1,4,0.0,0.0,0.0,1.0,4068.58596893652,0.001044463479956903,5,1,4,0.0,0.0,0.0,True,,0.00055
42.0,+,6,4815.1906192,1,5,0.0,0.0,0.0,1.0,4815.190227337715,0.0003918622842320474,6,1,5,0.0,0.0,0.0,True,,0.00055
42.0,+,7,5552.7933376,1,6,0.0,0.0,0.0,1.0,5552.792197452108,0.0011401478923289687,7,1,6,0.0,0.0,0.0,True,,0.00055
42.0,+,8,6281.5070405,1,7,0.0,0.0,0.0,1.0,6281.505075868405,0.001964631595001265,8,1,7,0.0,0.0,0.0,True,,0.00055
42.0,+,9,7001.4434589,1,8,0.0,0.0,0.0,1.0,7001.443245972114,0.00021292788642313099,9,1,8,0.0,0.0,0.0,True,,0.00055
43.0,-,1,1036.8359428,1,0,0.0,0.0,0.0,1.0,1036.836030103068,-8.730306785764697e-05,1,1,0,0.0,0.0,0.0,True,,0.00055
43.0,-,2,1820.1662316,1,1,0.0,0.0,0.0,1.0,1820.167246861995,-0.0010152619950076769,2,1,1,0.0,0.0,0.0,True,,0.00055
43.0,-,3,2594.037857,1,2,0.0,0.0,0.0,1.0,2594.037509064302,0.0003479356978459691,3,1,2,0.0,0.0,0.0,True,,0.00055
43.0,-,4,3358.5680547,1,3,0.0,0.0,0.0,1.0,3358.566562534568,0.0014921654319550726,4,1,3,0.0,0.0,0.0,True,,0.00055
43.0,-,5,4113.8709985,1,4,0.0,0.0,0.0,1.0,4113.870078275511,0.0009202244882544619,5,1,4,0.0,0.0,0.0,True,,0.00055
43.0,-,6,4860.0618126,1,5,0.0,0.0,0.0,1.0,4860.061556575522,0.00025602447749406565,6,1,5,0.0,0.0,0.0,True,,0.00055
43.0,-,7,5597.2554343,1,6,0.0,0.0,0.0,1.0,5597.253808252702,0.0016260472984868102,7,1,6,0.0,0.0,0.0,True,,0.00055
43.0,-,8,6325.5589777,1,7,0.0,0.0,0.0,1.0,6325.560063627622,-0.0010859276226256043,8,1,7,0.0,0.0,0.0,True,,0.00055
43.0,-,9,7045.0979681,1,8,0.0,0.0,0.0,1.0,7045.094759020051,0.0032090799486468313,9,1,8,0.0,0.0,0.0,True,,0.00055
43.0,-,10,7755.9710349,1,9,0.0,0.0,0.0,1.0,7755.974048021719,-0.0030131217190501047,10,1,9,0.0,0.0,0.0,True,,0.00055
44.0,+,1,1084.8786424,1,0,0.0,0.0,0.0,1.0,1084.878286144951,0.00035625504892777826,1,1,0,0.0,0.0,0.0,True,,0.00055
44.0,+,2,1867.7731596,1,1,0.0,0.0,0.0,1.0,1867.77442172239,-0.0012621223897895106,2,1,1,0.0,0.0,0.0,True,,0.00055
44.0,+,3,2641.2137819,1,2,0.0,0.0,0.0,1.0,2641.212881870489,0.000900029510830791,3,1,2,0.0,0.0,0.0,True,,0.00055
44.0,+,4,3405.3144817,1,3,0.0,0.0,0.0,1.0,3405.313326581244,0.0011551187562872656,4,1,3,0.0,0.0,0.0,True,,0.00055
44.0,+,5,4160.1924837,1,4,0.0,0.0,0.0,1.0,4160.191376277156,0.0011074228432335076,5,1,4,0.0,0.0,0.0,True,,0.00055
44.0,+,6,4905.960593,1,5,0.0,0.0,0.0,1.0,4905.960513125991,7.987400840647751e-05,6,1,5,0.0,0.0,0.0,True,,0.00055
44.0,+,7,5642.7345991,1,6,0.0,0.0,0.0,1.0,5642.733558466193,0.0010406338069515186,7,1,6,0.0,0.0,0.0,True,,0.00055
44.0,+,8,6370.6262045,1,7,0.0,0.0,0.0,1.0,6370.623777399719,0.0024271002812383813,8,1,7,0.0,0.0,0.0,True,,0.00055
44.0,+,9,7089.7492258,1,8,0.0,0.0,0.0,1.0,7089.745660683962,0.003565116037862026,9,1,8,0.0,0.0,0.0,True,,0.00055
44.0,+,10,7800.2111303,1,9,0.0,0.0,0.0,1.0,7800.21543141219,-0.004301112189750711,10,1,9,0.0,0.0,0.0,True,,0.00055
45.0,-,1,1133.9951,1,0,0.0,0.0,0.0,1.0,1133.995604018872,-0.0005040188718794525,1,1,0,0.0,0.0,0.0,True,,0.00055
45.0,-,2,1916.446476,1,1,0.0,0.0,0.0,1.0,1916.446801995068,-0.0003259950678966561,2,1,1,0.0,0.0,0.0,True,,0.00055
45.0,-,3,2689.4440851,1,2,0.0,0.0,0.0,1.0,2689.443680358543,0.00040474145680491347,3,1,2,0.0,0.0,0.0,True,,0.00055
45.0,-,4,3453.1073729,1,3,0.0,0.0,0.0,1.0,3453.1058111115,0.0015617885001120158,4,1,3,0.0,0.0,0.0,True,,0.00055
45.0,-,5,4207.5494849,1,4,0.0,0.0,0.0,1.0,4207.548762955948,0.0007219440512926667,5,1,4,0.0,0.0,0.0,True,,0.00055
45.0,-,6,4952.8867211,1,5,0.0,0.0,0.0,1.0,4952.885999680094,0.0007214199058580562,6,1,5,0.0,0.0,0.0,True,,0.00055
45.0,-,7,5689.2310198,1,6,0.0,0.0,0.0,1.0,5689.230353620153,0.0006661798461209401,7,1,6,0.0,0.0,0.0,True,,0.00055
45.0,-,8,6416.6984099,1,7,0.0,0.0,0.0,1.0,6416.695125729549,0.00328417045147944,8,1,7,0.0,0.0,0.0,True,,0.00055
45.0,-,9,7135.3972188,1,8,0.0,0.0,0.0,1.0,7135.39486272659,0.002356073409828241,9,1,8,0.0,0.0,0.0,True,,0.00055
46.0,+,1,1184.1869369,1,0,0.0,0.0,0.0,1.0,1184.186848973498,8.792650214672904e-05,1,1,0,0.0,0.0,0.0,True,,0.00055
46.0,+,2,1966.1821775,1,1,0.0,0.0,0.0,1.0,1966.183255136418,-0.0010776364179037046,2,1,1,0.0,0.0,0.0,True,,0.00055
46.0,+,3,2738.7301293,1,2,0.0,0.0,0.0,1.0,2738.728774325416,0.0013549745840464311,3,1,2,0.0,0.0,0.0,True,,0.00055
46.0,+,4,3501.943989,1,3,0.0,0.0,0.0,1.0,3501.942888388051,0.0011006119489138655,4,1,3,0.0,0.0,0.0,True,,0.00055
46.0,+,5,4255.9420251,1,4,0.0,0.0,0.0,1.0,4255.941113171537,0.0009119284632106428,5,1,4,0.0,0.0,0.0,True,,0.00055
46.0,+,6,5000.8370121,1,5,0.0,0.0,0.0,1.0,5000.836893839605,0.00011826039462903282,6,1,5,0.0,0.0,0.0,True,,0.00055
46.0,+,7,5736.7441668,1,6,0.0,0.0,0.0,1.0,5736.743074223213,0.0010925767874141457,7,1,6,0.0,0.0,0.0,True,,0.00055
46.0,+,8,6463.7753006,1,7,0.0,0.0,0.0,1.0,6463.772992218106,0.002308381894181366,8,1,7,0.0,0.0,0.0,True,,0.00055
46.0,+,9,7182.048374,1,8,0.0,0.0,0.0,1.0,7182.041252047326,0.0071219526735148975,9,1,8,0.0,0.0,0.0,True,,0.00055
47.0,-,1,1235.4502561,1,0,0.0,0.0,0.0,1.0,1235.450860854778,-0.0006047547781236062,1,1,0,0.0,0.0,0.0,True,,0.00055
47.0,-,2,2016.9823089,1,1,0.0,0.0,0.0,1.0,2016.982623256599,-0.0003143565991194919,2,1,1,0.0,0.0,0.0,True,,0.00055
47.0,-,3,2789.0678157,1,2,0.0,0.0,0.0,1.0,2789.067008279739,0.0008074202610259817,3,1,2,0.0,0.0,0.0,True,,0.00055
47.0,-,4,3551.8251162,1,3,0.0,0.0,0.0,1.0,3551.82340544524,0.0017107547600971884,4,1,3,0.0,0.0,0.0,True,,0.00055
47.0,-,5,4305.367679,1,4,0.0,0.0,0.0,1.0,4305.36727661769,0.00040238231031253235,5,1,4,0.0,0.0,0.0,True,,0.00055
47.0,-,6,5049.8125496,1,5,0.0,0.0,0.0,1.0,5049.8120481069,0.0005014931002733647,6,1,5,0.0,0.0,0.0,True,,0.00055
47.0,-,7,5785.2716053,1,6,0.0,0.0,0.0,1.0,5785.27057575511,0.0010295448901160853,7,1,6,0.0,0.0,0.0,True,,0.00055
47.0,-,8,6511.8604135,1,7,0.0,0.0,0.0,1.0,6511.856235512995,0.004177987004368333,8,1,7,0.0,0.0,0.0,True,,0.00055
47.0,-,9,7229.686018,1,8,0.0,0.0,0.0,1.0,7229.683690673479,0.0023273265214811545,9,1,8,0.0,0.0,0.0,True,,0.00055
48.0,+,1,1287.7863624,1,0,0.0,0.0,0.0,1.0,1287.786454093587,-9.169358713734255e-05,1,1,0,0.0,0.0,0.0,True,,0.00055
48.0,+,2,2068.8430103,1,1,0.0,0.0,0.0,1.0,2068.84372310747,-0.000712807469881227,2,1,1,0.0,0.0,0.0,True,,0.00055
48.0,+,3,2840.4587247,1,2,0.0,0.0,0.0,1.0,2840.457201430086,0.001523269913832337,3,1,2,0.0,0.0,0.0,True,,0.00055
48.0,+,4,3602.7472137,1,3,0.0,0.0,0.0,1.0,3602.746184077651,0.0010296223490513512,4,1,3,0.0,0.0,0.0,True,,0.00055
48.0,+,5,4355.8269443,1,4,0.0,0.0,0.0,1.0,4355.8260778116,0.0008664883998790174,5,1,4,0.0,0.0,0.0,True,,0.00055
48.0,+,6,5099.8099006,1,5,0.0,0.0,0.0,1.0,5099.810289874207,-0.0003892742070092936,6,1,5,0.0,0.0,0.0,True,,0.00055
48.0,+,7,5834.8137261,1,6,0.0,0.0,0.0,1.0,5834.811688656452,0.0020374435480334796,7,1,6,0.0,0.0,0.0,True,,0.00055
48.0,+,8,6560.9456853,1,7,0.0,0.0,0.0,1.0,6560.943689298895,0.001996001104998868,8,1,7,0.0,0.0,0.0,True,,0.00055
49.0,-,1,1341.1917138,1,0,0.0,0.0,0.0,1.0,1341.192417692672,-0.0007038926721634198,1,1,0,0.0,0.0,0.0,True,,0.00055
49.0,-,2,2121.7653746,1,1,0.0,0.0,0.0,1.0,2121.765346070235,2.8529765131679596e-05,2,1,1,0.0,0.0,0.0,True,,0.00055
49.0,-,3,2892.8991316,1,2,0.0,0.0,0.0,1.0,2892.898147673042,0.0009839269582698762,3,1,2,0.0,0.0,0.0,True,,0.00055
49.0,-,4,3654.7122269,1,3,0.0,0.0,0.0,1.0,3654.710020828504,0.002206071495947981,4,1,3,0.0,0.0,0.0,True,,0.00055
49.0,-,5,4407.3167669,1,4,0.0,0.0,0.0,1.0,4407.316316082457,0.00045081754342390923,5,1,4,0.0,0.0,0.0,True,,0.00055
49.0,-,6,5150.8315101,1,5,0.0,0.0,0.0,1.0,5150.830421412922,0.0010886870777540025,6,1,5,0.0,0.0,0.0,True,,0.00055
49.0,-,7,5885.3645028,1,6,0.0,0.0,0.0,1.0,5885.365218318424,-0.0007155184239309165,7,1,6,0.0,0.0,0.0,True,,0.00055
49.0,-,8,6611.0376826,1,7,0.0,0.0,0.0,1.0,6611.03416228747,0.0035203125298721716,8,1,7,0.0,0.0,0.0,True,,0.00055
49.0,-,9,7327.9545375,1,8,0.0,0.0,0.0,1.0,7327.952039535535,0.0024979644649647526,9,1,8,0.0,0.0,0.0,True,,0.00055
49.0,-,10,8036.2321466,1,9,0.0,0.0,0.0,1.0,8036.23544874285,-0.0033021428498614114,10,1,9,0.0,0.0,0.0,True,,0.00055
50.0,+,1,1395.6674697,1,0,0.0,0.0,0.0,1.0,1395.667515213575,-4.551357483251195e-05,1,1,0,0.0,0.0,0.0,True,,0.00055
50.0,+,2,2175.7454696,1,1,0.0,0.0,0.0,1.0,2175.7462581427,-0.0007885426998655021,2,1,1,0.0,0.0,0.0,True,,0.00055
50.0,+,3,2946.3904285,1,2,0.0,0.0,0.0,1.0,2946.388615580991,0.0018129190088984615,3,1,2,0.0,0.0,0.0,True,,0.00055
50.0,+,4,3707.715081,1,3,0.0,0.0,0.0,1.0,3707.713686977831,0.0013940221688244492,4,1,3,0.0,0.0,0.0,True,,0.00055
50.0,+,5,4459.8380289,1,4,0.0,0.0,0.0,1.0,4459.836765560074,0.0012633399255719269,5,1,4,0.0,0.0,0.0,True,,0.00055
50.0,+,6,5202.8712544,1,5,0.0,0.0,0.0,1.0,5202.871219862389,3.453761109994957e-05,6,1,5,0.0,0.0,0.0,True,,0.00055
50.0,+,7,5936.9323223,1,6,0.0,0.0,0.0,1.0,5936.929945072065,0.0023772279355398496,7,1,6,0.0,0.0,0.0,True,,0.00055
50.0,+,8,6662.1280405,1,7,0.0,0.0,0.0,1.0,6662.126438207504,0.0016022924955905182,8,1,7,0.0,0.0,0.0,True,,0.00055
50.0,+,9,7378.5797337,1,8,0.0,0.0,0.0,1.0,7378.575549382346,0.004184317654107872,9,1,8,0.0,0.0,0.0,True,,0.00055
51.0,-,1,1451.209407,1,0,0.0,0.0,0.0,1.0,1451.210484762872,-0.001077762872000676,1,1,0,0.0,0.0,0.0,True,,0.00055
51.0,-,2,2230.7856608,1,1,0.0,0.0,0.0,1.0,2230.785199926257,0.0004608737431226473,2,1,1,0.0,0.0,0.0,True,,0.00055
51.0,-,3,3000.9281628,1,2,0.0,0.0,0.0,1.0,3000.9273483894,0.0008144106000145257,3,1,2,0.0,0.0,0.0,True,,0.00055
51.0,-,4,3761.7580796,1,3,0.0,0.0,0.0,1.0,3761.755928530172,0.00215106982841462,4,1,3,0.0,0.0,0.0,True,,0.00055
51.0,-,5,4513.3862218,1,4,0.0,0.0,0.0,1.0,4513.38617516294,4.6637060222565196e-05,5,1,4,0.0,0.0,0.0,True,,0.00055
51.0,-,6,5255.931589,1,5,0.0,0.0,0.0,1.0,5255.931437218518,0.00015178148169070482,6,1,5,0.0,0.0,0.0,True,,0.00055
51.0,-,7,5989.5056789,1,6,0.0,0.0,0.0,1.0,5989.504624177461,0.00105472253926564,7,1,6,0.0,0.0,0.0,True,,0.00055
51.0,-,8,6714.2231446,1,7,0.0,0.0,0.0,1.0,6714.219275794406,0.0038688055938109756,8,1,7,0.0,0.0,0.0,True,,0.00055
51.0,-,9,7430.1947548,1,8,0.0,0.0,0.0,1.0,7430.190307737134,0.004447062865438056,9,1,8,0.0,0.0,0.0,True,,0.00055
52.0,+,1,1507.82011,1,0,0.0,0.0,0.0,1.0,1507.820038978568,7.102143217707635e-05,1,1,0,0.0,0.0,0.0,True,,0.00055
52.0,+,2,2286.880314,1,1,0.0,0.0,0.0,1.0,2286.880886612711,-0.0005726127110392554,2,1,1,0.0,0.0,0.0,True,,0.00055
52.0,+,3,3056.5150219,1,2,0.0,0.0,0.0,1.0,3056.51306398408,0.001957915920229425,3,1,2,0.0,0.0,0.0,True,,0.00055
52.0,+,4,3816.8363246,1,3,0.0,0.0,0.0,1.0,3816.835466202331,0.0008583976687077666,4,1,3,0.0,0.0,0.0,True,,0.00055
52.0,+,5,4567.964088,1,4,0.0,0.0,0.0,1.0,4567.963268586358,0.0008194136416932452,5,1,4,0.0,0.0,0.0,True,,0.00055
52.0,+,6,5310.0092371,1,5,0.0,0.0,0.0,1.0,5310.009800322338,-0.0005632223383145174,6,1,5,0.0,0.0,0.0,True,,0.00055
52.0,+,7,6043.0894021,1,6,0.0,0.0,0.0,1.0,6043.087985812462,0.0014162875386318774,7,1,6,0.0,0.0,0.0,True,,0.00055
52.0,+,8,6767.3151737,1,7,0.0,0.0,0.0,1.0,6767.31140877963,0.00376492036957643,8,1,7,0.0,0.0,0.0,True,,0.00055
53.0,-,1,1565.4935273,1,0,0.0,0.0,0.0,1.0,1565.494865015857,-0.0013377158568346204,1,1,0,0.0,0.0,0.0,True,,0.00055
53.0,-,2,2344.0328223,1,1,0.0,0.0,0.0,1.0,2344.032007970554,0.0008143294462570339,2,1,1,0.0,0.0,0.0,True,,0.00055
53.0,-,3,3113.1455059,1,2,0.0,0.0,0.0,1.0,3113.144454888104,0.0010510118959246029,3,1,2,0.0,0.0,0.0,True,,0.00055
53.0,-,4,3872.9532429,1,3,0.0,0.0,0.0,1.0,3872.950995410473,0.0022474895272353024,4,1,3,0.0,0.0,0.0,True,,0.00055
53.0,-,5,4623.5667267,1,4,0.0,0.0,0.0,1.0,4623.566744290035,-1.7590034985914826e-05,5,1,4,0.0,0.0,0.0,True,,0.00055
53.0,-,6,5365.1057503,1,5,0.0,0.0,0.0,1.0,5365.105010847953,0.0007394520471279975,6,1,5,0.0,0.0,0.0,True,,0.00055
53.0,-,7,6097.6790819,1,6,0.0,0.0,0.0,1.0,6097.678735061562,0.0003468384375082678,7,1,6,0.0,0.0,0.0,True,,0.00055
53.0,-,8,7536.3934215,1,8,0.0,0.0,0.0,1.0,7536.388495144442,0.004926355558382056,9,1,8,0.0,0.0,0.0,True,,0.00055
54.0,+,1,1624.233534,1,0,0.0,0.0,0.0,1.0,1624.233624532498,-9.053249800672347e-05,1,1,0,0.0,0.0,0.0,True,,0.00055
54.0,+,2,2402.2369662,1,1,0.0,0.0,0.0,1.0,2402.237228331088,-0.0002621310877657379,2,1,1,0.0,0.0,0.0,True,,0.00055
54.0,+,3,3170.8225202,1,2,0.0,0.0,0.0,1.0,3170.820188248167,0.0023319518327298283,3,1,2,0.0,0.0,0.0,True,,0.00055
54.0,+,4,3930.1020471,1,3,0.0,0.0,0.0,1.0,3930.101186257014,0.0008608429861851619,4,1,3,0.0,0.0,0.0,True,,0.00055
54.0,+,5,4680.1962704,1,4,0.0,0.0,0.0,1.0,4680.195275485356,0.0009949146433427813,5,1,4,0.0,0.0,0.0,True,,0.00055
54.0,+,6,5421.2150379,1,5,0.0,0.0,0.0,1.0,5421.215745290442,-0.0007073904416756704,6,1,5,0.0,0.0,0.0,True,,0.00055
54.0,+,7,6153.2769433,1,6,0.0,0.0,0.0,1.0,6153.275551904025,0.0013913959755882388,7,1,6,0.0,0.0,0.0,True,,0.00055
54.0,+,8,6876.4910564,1,7,0.0,0.0,0.0,1.0,6876.488370786476,0.0026856135245907353,8,1,7,0.0,0.0,0.0,True,,0.00055
54.0,+,9,7590.9723726,1,8,0.0,0.0,0.0,1.0,7590.969324448957,0.0030481510430035996,9,1,8,0.0,0.0,0.0,True,,0.00055
55.0,-,1,1684.0334287,1,0,0.0,0.0,0.0,1.0,1684.034953674194,-0.0015249741938987427,1,1,0,0.0,0.0,0.0,True,,0.00055
55.0,-,2,2461.4956618,1,1,0.0,0.0,0.0,1.0,2461.495186574159,0.00047522584100079257,2,1,1,0.0,0.0,0.0,True,,0.00055
55.0,-,3,3229.5402083,1,2,0.0,0.0,0.0,1.0,3229.538905821034,0.0013024789659539238,3,1,2,0.0,0.0,0.0,True,,0.00055
55.0,-,4,3988.2867322,1,3,0.0,0.0,0.0,1.0,3988.28468351771,0.002048682290023862,4,1,3,0.0,0.0,0.0,True,,0.00055
55.0,-,5,4737.8468464,1,4,0.0,0.0,0.0,1.0,4737.847510122842,-0.0006637228425461217,5,1,4,0.0,0.0,0.0,True,,0.00055
55.0,-,6,5478.3408464,1,5,0.0,0.0,0.0,1.0,5478.340654953492,0.00019144650832458865,6,1,5,0.0,0.0,0.0,True,,0.00055
55.0,-,7,6209.8771177,1,6,0.0,0.0,0.0,1.0,6209.87709120216,2.6497839826333802e-05,7,1,6,0.0,0.0,0.0,True,,0.00055
55.0,-,8,6932.5742256,1,7,0.0,0.0,0.0,1.0,6932.570542153198,0.0036834468019151245,8,1,7,0.0,0.0,0.0,True,,0.00055
55.0,-,9,7646.5422145,1,8,0.0,0.0,0.0,1.0,7646.536202744526,0.006011755473991798,9,1,8,0.0,0.0,0.0,True,,0.00055
55.0,-,10,8351.8884767,1,9,0.0,0.0,0.0,1.0,8351.891186793724,-0.0027100937240902567,10,1,9,0.0,0.0,0.0,True,,0.00055
56.0,+,1,1744.896674,1,0,0.0,0.0,0.0,1.0,1744.897463059286,-0.0007890592860348988,1,1,0,0.0,0.0,0.0,True,,0.00055
56.0,+,2,2521.8047408,1,1,0.0,0.0,0.0,1.0,2521.804496113683,0.00024468631727359025,2,1,1,0.0,0.0,0.0,True,,0.00055
56.0,+,3,3289.3015198,1,2,0.0,0.0,0.0,1.0,3289.299223959332,0.002295840668011806,3,1,2,0.0,0.0,0.0,True,,0.00055
56.0,+,4,4047.5011499,1,3,0.0,0.0,0.0,1.0,4047.500106627561,0.0010432724393467652,4,1,3,0.0,0.0,0.0,True,,0.00055
56.0,+,5,4796.5229474,1,4,0.0,0.0,0.0,1.0,4796.522070878556,0.0008765214433879009,5,1,4,0.0,0.0,0.0,True,,0.00055
56.0,+,6,5536.4770007,1,5,0.0,0.0,0.0,1.0,5536.478365936684,-0.0013652366842507035,6,1,5,0.0,0.0,0.0,True,,0.00055
56.0,+,7,6267.4826687,1,6,0.0,0.0,0.0,1.0,6267.48198268917,0.0006860108305772883,7,1,6,0.0,0.0,0.0,True,,0.00055
56.0,+,8,6989.6497356,1,7,0.0,0.0,0.0,1.0,6989.646693585707,0.0030420142929870053,8,1,7,0.0,0.0,0.0,True,,0.00055
56.0,+,9,7703.0902303,1,8,0.0,0.0,0.0,1.0,7703.087767774765,0.0024625252353871474,9,1,8,0.0,0.0,0.0,True,,0.00055
57.0,-,1,1806.8183765,1,0,0.0,0.0,0.0,1.0,1806.819737763409,-0.0013612634088531195,1,1,0,0.0,0.0,0.0,True,,0.00055
57.0,-,2,2583.1645905,1,1,0.0,0.0,0.0,1.0,2583.163744882799,0.0008456172008663998,2,1,1,0.0,0.0,0.0,True,,0.00055
57.0,-,3,3350.1016657,1,2,0.0,0.0,0.0,1.0,3350.099733597316,0.0019321026838952093,3,1,2,0.0,0.0,0.0,True,,0.00055
57.0,-,4,4107.7471976,1,3,0.0,0.0,0.0,1.0,4107.746049667217,0.0011479327822598862,4,1,3,0.0,0.0,0.0,True,,0.00055
57.0,-,5,4856.2172683,1,4,0.0,0.0,0.0,1.0,4856.217555141043,-0.0002868410429073265,5,1,4,0.0,0.0,0.0,True,,0.00055
57.0,-,6,5595.6270917,1,5,0.0,0.0,0.0,1.0,5595.627479122625,-0.000387422624953615,6,1,5,0.0,0.0,0.0,True,,0.00055
57.0,-,7,6326.0902612,1,6,0.0,0.0,0.0,1.0,6326.088830956785,0.0014302432145996136,7,1,6,0.0,0.0,0.0,True,,0.00055
57.0,-,8,7047.7188096,1,7,0.0,0.0,0.0,1.0,7047.715433629411,0.0033759705893317005,8,1,7,0.0,0.0,0.0,True,,0.00055
58.0,+,1,1869.7991448,1,0,0.0,0.0,0.0,1.0,1869.800337303582,-0.0011925035819331242,1,1,0,0.0,0.0,0.0,True,,0.00055
58.0,+,2,2645.5719313,1,1,0.0,0.0,0.0,1.0,2645.571495318562,0.00043598143793133204,2,1,1,0.0,0.0,0.0,True,,0.00055
58.0,+,3,3411.9409824,1,2,0.0,0.0,0.0,1.0,3411.93900023615,0.001982163849788776,3,1,2,0.0,0.0,0.0,True,,0.00055
58.0,+,4,4169.0224138,1,3,0.0,0.0,0.0,1.0,4169.021081348722,0.0013324512783583486,4,1,3,0.0,0.0,0.0,True,,0.00055
58.0,+,5,4916.9325773,1,4,0.0,0.0,0.0,1.0,4916.932534997408,4.230259219184518e-05,5,1,4,0.0,0.0,0.0,True,,0.00055
58.0,+,6,5655.7858989,1,5,0.0,0.0,0.0,1.0,5655.786570163658,-0.0006712636586598819,6,1,5,0.0,0.0,0.0,True,,0.00055
58.0,+,7,6385.6969746,1,6,0.0,0.0,0.0,1.0,6385.696215442692,0.0007591573084937409,7,1,6,0.0,0.0,0.0,True,,0.00055
58.0,+,8,7106.7790537,1,7,0.0,0.0,0.0,1.0,7106.775345757663,0.0037079423373143072,8,1,7,0.0,0.0,0.0,True,,0.00055
58.0,+,9,7819.1457027,1,8,0.0,0.0,0.0,1.0,7819.139384140376,0.006318559623650799,9,1,8,0.0,0.0,0.0,True,,0.00055
59.0,-,1,1933.8363034,1,0,0.0,0.0,0.0,1.0,1933.837795622065,-0.0014922220650532836,1,1,0,0.0,0.0,0.0,True,,0.00055
59.0,-,2,2709.0269311,1,1,0.0,0.0,0.0,1.0,2709.02628434662,0.0006467533803515835,2,1,1,0.0,0.0,0.0,True,,0.00055
59.0,-,3,3474.8176527,1,2,0.0,0.0,0.0,1.0,3474.81556392894,0.0020887710602437437,3,1,2,0.0,0.0,0.0,True,,0.00055
59.0,-,4,4231.3255162,1,3,0.0,0.0,0.0,1.0,4231.32374500095,0.001771199049471761,4,1,3,0.0,0.0,0.0,True,,0.00055
59.0,-,5,4978.6655367,1,4,0.0,0.0,0.0,1.0,4978.665557219384,-2.0519383724604268e-05,5,1,4,0.0,0.0,0.0,True,,0.00055
59.0,-,6,5716.9535039,1,5,0.0,0.0,0.0,1.0,5716.954189468445,-0.0006855684450783883,6,1,5,0.0,0.0,0.0,True,,0.00055
59.0,-,7,6446.3030668,1,6,0.0,0.0,0.0,1.0,6446.30269041748,0.0003763825197893311,7,1,6,0.0,0.0,0.0,True,,0.00055
59.0,-,8,7166.8285785,1,7,0.0,0.0,0.0,1.0,7166.824988359381,0.0035901406190532725,8,1,7,0.0,0.0,0.0,True,,0.00055
60.0,+,1,1998.9289637,1,0,0.0,0.0,0.0,1.0,1998.930621070003,-0.0016573700031585759,1,1,0,0.0,0.0,0.0,True,,0.00055
60.0,+,2,2773.5273704,1,1,0.0,0.0,0.0,1.0,2773.526623365138,0.0007470348618880962,2,1,1,0.0,0.0,0.0,True,,0.00055
60.0,+,3,3538.7302192,1,2,0.0,0.0,0.0,1.0,3538.727939265355,0.0022799346452302416,3,1,2,0.0,0.0,0.0,True,,0.00055
60.0,+,4,4294.654088,1,3,0.0,0.0,0.0,1.0,4294.652558554936,0.001529445064079482,4,1,3,0.0,0.0,0.0,True,,0.00055
60.0,+,5,5041.4146979,1,4,0.0,0.0,0.0,1.0,5041.415143248913,-0.0004453489136722055,5,1,4,0.0,0.0,0.0,True,,0.00055
60.0,+,6,5779.1281911,1,5,0.0,0.0,0.0,1.0,5779.128862188213,-0.0006710882134939311,6,1,5,0.0,0.0,0.0,True,,0.00055
60.0,+,7,6507.9068437,1,6,0.0,0.0,0.0,1.0,6507.906784971832,5.872816745977616e-05,7,1,6,0.0,0.0,0.0,True,,0.00055
60.0,+,8,7227.8667159,1,7,0.0,0.0,0.0,1.0,7227.862894726839,0.0038211731607589172,8,1,7,0.0,0.0,0.0,True,,0.00055
61.0,-,1,2065.075116,1,0,0.0,0.0,0.0,1.0,2065.077296390423,-0.0021803904228363535,1,1,0,0.0,0.0,0.0,True,,0.00055
61.0,-,2,2839.071964,1,1,0.0,0.0,0.0,1.0,2839.070998228939,0.0009657710611463699,2,1,1,0.0,0.0,0.0,True,,0.00055
61.0,-,3,3603.6768593,1,2,0.0,0.0,0.0,1.0,3603.674615356178,0.0022439438221226737,3,1,2,0.0,0.0,0.0,True,,0.00055
61.0,-,4,4359.0073156,1,3,0.0,0.0,0.0,1.0,4359.00601452855,0.001301071450143354,4,1,3,0.0,0.0,0.0,True,,0.00055
61.0,-,5,5105.1797027,1,4,0.0,0.0,0.0,1.0,5105.179789183825,-8.64838248162414e-05,5,1,4,0.0,0.0,0.0,True,,0.00055
61.0,-,6,5842.3078794,1,5,0.0,0.0,0.0,1.0,5842.309088202731,-0.0012088027306162985,6,1,5,0.0,0.0,0.0,True,,0.00055
61.0,-,7,6570.5078693,1,6,0.0,0.0,0.0,1.0,6570.507003002876,0.0008662971231387928,7,1,6,0.0,0.0,0.0,True,,0.00055
61.0,-,8,7289.8893176,1,7,0.0,0.0,0.0,1.0,7289.887573042989,0.0017445570110794506,8,1,7,0.0,0.0,0.0,True,,0.00055
61.0,-,9,8000.5703367,1,8,0.0,0.0,0.0,1.0,8000.566466269031,0.0038704309690729133,9,1,8,0.0,0.0,0.0,True,,0.00055
62.0,+,1,2132.2742502,1,0,0.0,0.0,0.0,1.0,2132.276278701188,-0.0020285011878513615,1,1,0,0.0,0.0,0.0,True,,0.00055
62.0,+,2,2905.6585997,1,1,0.0,0.0,0.0,1.0,2905.657869232765,0.0007304672353711794,2,1,1,0.0,0.0,0.0,True,,0.00055
62.0,+,3,3669.6563305,1,2,0.0,0.0,0.0,1.0,3669.654055817295,0.002274682704864972,3,1,2,0.0,0.0,0.0,True,,0.00055
62.0,+,4,4424.3837476,1,3,0.0,0.0,0.0,1.0,4424.382580011368,0.0011675886316879769,4,1,3,0.0,0.0,0.0,True,,0.00055
62.0,+,5,5169.9572043,1,4,0.0,0.0,0.0,1.0,5169.95796576259,-0.0007614625901624095,5,1,4,0.0,0.0,0.0,True,,0.00055
62.0,+,6,5906.4914186,1,5,0.0,0.0,0.0,1.0,5906.493342105919,-0.001923505918966839,6,1,5,0.0,0.0,0.0,True,,0.00055
62.0,+,7,6634.1012967,1,6,0.0,0.0,0.0,1.0,6634.101823200602,-0.0005265006020636065,7,1,6,0.0,0.0,0.0,True,,0.00055
62.0,+,8,7352.9010664,1,7,0.0,0.0,0.0,1.0,7352.89750636841,0.0035600315895862877,8,1,7,0.0,0.0,0.0,True,,0.00055
62.0,+,9,8063.000361,1,8,0.0,0.0,0.0,1.0,8062.99614507113,0.004215928870507923,9,1,8,0.0,0.0,0.0,True,,0.00055
63.0,-,1,2200.5239975,1,0,0.0,0.0,0.0,1.0,2200.525999477366,-0.0020019773660351348,1,1,0,0.0,0.0,0.0,True,,0.00055
63.0,-,2,2973.2864694,1,1,0.0,0.0,0.0,1.0,2973.285671094519,0.0007983054811120383,2,1,1,0.0,0.0,0.0,True,,0.00055
63.0,-,3,3736.6669338,1,2,0.0,0.0,0.0,1.0,3736.66469875342,0.002235046580153721,3,1,2,0.0,0.0,0.0,True,,0.00055
63.0,-,4,4490.7816515,1,3,0.0,0.0,0.0,1.0,4490.780696648761,0.0009548512398396269,4,1,3,0.0,0.0,0.0,True,,0.00055
63.0,-,5,5235.7471142,1,4,0.0,0.0,0.0,1.0,5235.748118349509,-0.0010041495088444208,5,1,4,0.0,0.0,0.0,True,,0.00055
63.0,-,6,5971.6782402,1,5,0.0,0.0,0.0,1.0,5971.680073191505,-0.0018329915046706446,6,1,5,0.0,0.0,0.0,True,,0.00055
63.0,-,7,6698.6890329,1,6,0.0,0.0,0.0,1.0,6698.689699034043,-0.0006661340430582641,7,1,6,0.0,0.0,0.0,True,,0.00055
63.0,-,8,7416.893869,1,7,0.0,0.0,0.0,1.0,7416.891152628356,0.002716371644055471,8,1,7,0.0,0.0,0.0,True,,0.00055
63.0,-,9,8126.4060964,1,8,0.0,0.0,0.0,1.0,8126.400274943283,0.005821456717058027,9,1,8,0.0,0.0,0.0,True,,0.00055
64.0,+,1,2269.8225309,1,0,0.0,0.0,0.0,1.0,2269.824864533555,-0.0023336335548265197,1,1,0,0.0,0.0,0.0,True,,0.00055
64.0,+,2,3041.9537907,1,1,0.0,0.0,0.0,1.0,3041.952812938297,0.000977761702870339,2,1,1,0.0,0.0,0.0,True,,0.00055
64.0,+,3,3804.7071438,1,2,0.0,0.0,0.0,1.0,3804.70495674159,0.002187058409617748,3,1,2,0.0,0.0,0.0,True,,0.00055
64.0,+,4,4558.1998158,1,3,0.0,0.0,0.0,1.0,4558.19878062587,0.0010351741293561645,4,1,3,0.0,0.0,0.0,True,,0.00055
64.0,+,5,5302.547448,1,4,0.0,0.0,0.0,1.0,5302.548666919012,-0.001218919011989783,5,1,4,0.0,0.0,0.0,True,,0.00055
64.0,+,6,6037.8659453,1,5,0.0,0.0,0.0,1.0,6037.867705437895,-0.0017601378949620994,6,1,5,0.0,0.0,0.0,True,,0.00055
64.0,+,7,6764.2685131,1,6,0.0,0.0,0.0,1.0,6764.269058737129,-0.0005456371291074902,7,1,6,0.0,0.0,0.0,True,,0.00055
64.0,+,8,7481.8701428,1,7,0.0,0.0,0.0,1.0,7481.866944599447,0.00319820055301534,8,1,7,0.0,0.0,0.0,True,,0.00055
64.0,+,9,8190.7776327,1,8,0.0,0.0,0.0,1.0,8190.777293524449,0.00033917555083462503,9,1,8,0.0,0.0,0.0,True,,0.00055
65.0,-,1,2340.1688325,1,0,0.0,0.0,0.0,1.0,2340.171254005423,-0.002421505423171766,1,1,0,0.0,0.0,0.0,True,,0.00055
65.0,-,2,3111.6586402,1,1,0.0,0.0,0.0,1.0,3111.657678276486,0.0009619235138416116,2,1,1,0.0,0.0,0.0,True,,0.00055
65.0,-,3,3873.7755968,1,2,0.0,0.0,0.0,1.0,3873.773216814169,0.0023799858313395816,3,1,2,0.0,0.0,0.0,True,,0.00055
65.0,-,4,4626.6360028,1,3,0.0,0.0,0.0,1.0,4626.63522265142,0.0007801485799063812,4,1,3,0.0,0.0,0.0,True,,0.00055
65.0,-,5,5370.3564379,1,4,0.0,0.0,0.0,1.0,5370.358006039914,-0.001568139913615596,5,1,4,0.0,0.0,0.0,True,,0.00055
65.0,-,6,6105.0523279,1,5,0.0,0.0,0.0,1.0,6105.054637493231,-0.0023095932310752687,6,1,5,0.0,0.0,0.0,True,,0.00055
65.0,-,7,6830.8375557,1,6,0.0,0.0,0.0,1.0,6830.838305294113,-0.0007495941126762773,7,1,6,0.0,0.0,0.0,True,,0.00055
65.0,-,8,7547.8242576,1,7,0.0,0.0,0.0,1.0,7547.823289895943,0.000967704057075025,8,1,7,0.0,0.0,0.0,True,,0.00055
66.0,+,1,2411.5604876,1,0,0.0,0.0,0.0,1.0,2411.56352233125,-0.0030347312499543477,1,1,0,0.0,0.0,0.0,True,,0.00055
66.0,+,2,3182.3996145,1,1,0.0,0.0,0.0,1.0,3182.398624992302,0.000989507698250236,2,1,1,0.0,0.0,0.0,True,,0.00055
66.0,+,3,3943.8702863,1,2,0.0,0.0,0.0,1.0,3943.867840441704,0.002445858295686776,3,1,2,0.0,0.0,0.0,True,,0.00055
66.0,+,4,4696.088985,1,3,0.0,0.0,0.0,1.0,4696.088387940868,0.0005970591319055529,4,1,3,0.0,0.0,0.0,True,,0.00055
66.0,+,5,5439.172923,1,4,0.0,0.0,0.0,1.0,5439.174504859466,-0.0015818594656593632,5,1,4,0.0,0.0,0.0,True,,0.00055
66.0,+,6,6173.2369921,1,5,0.0,0.0,0.0,1.0,6173.239242659913,-0.002250559912681638,6,1,5,0.0,0.0,0.0,True,,0.00055
66.0,+,7,6898.3948092,1,6,0.0,0.0,0.0,1.0,6898.395816425143,-0.0010072251425299328,7,1,6,0.0,0.0,0.0,True,,0.00055
66.0,+,8,7614.7617056,1,7,0.0,0.0,0.0,1.0,7614.758570955863,0.003134644136480347,8,1,7,0.0,0.0,0.0,True,,0.00055
67.0,-,1,2483.9966598,1,0,0.0,0.0,0.0,1.0,2483.999998232975,-0.003338432974942407,1,1,0,0.0,0.0,0.0,True,,0.00055
67.0,-,2,3254.1750574,1,1,0.0,0.0,0.0,1.0,3254.173985321373,0.0010720786267484073,2,1,1,0.0,0.0,0.0,True,,0.00055
67.0,-,3,4014.9896364,1,2,0.0,0.0,0.0,1.0,4014.987163515327,0.002472884672897635,3,1,2,0.0,0.0,0.0,True,,0.00055
67.0,-,4,4766.5569337,1,3,0.0,0.0,0.0,1.0,4766.556616199536,0.0003175004640070256,4,1,3,0.0,0.0,0.0,True,,0.00055
67.0,-,5,5508.9947887,1,4,0.0,0.0,0.0,1.0,5508.996507086817,-0.0017183868167194305,5,1,4,0.0,0.0,0.0,True,,0.00055
67.0,-,6,6242.416944,1,5,0.0,0.0,0.0,1.0,6242.419868878785,-0.0029248787850519875,6,1,5,0.0,0.0,0.0,True,,0.00055
67.0,-,7,6966.9392018,1,6,0.0,0.0,0.0,1.0,6966.939944570986,-0.0007427709861076437,7,1,6,0.0,0.0,0.0,True,,0.00055
67.0,-,8,8389.7346568,1,8,0.0,0.0,0.0,1.0,8389.729681816421,0.004974983577994863,9,1,8,0.0,0.0,0.0,True,,0.00055
68.0,+,1,2557.4762601,1,0,0.0,0.0,0.0,1.0,2557.478984696914,-0.0027245969135947234,1,1,0,0.0,0.0,0.0,True,,0.00055
68.0,+,2,3326.9834298,1,1,0.0,0.0,0.0,1.0,3326.982065833308,0.0013639666922244942,2,1,1,0.0,0.0,0.0,True,,0.00055
68.0,+,3,4087.1315438,1,2,0.0,0.0,0.0,1.0,4087.129496328741,0.0020474712591749267,3,1,2,0.0,0.0,0.0,True,,0.00055
68.0,+,4,4838.0392357,1,3,0.0,0.0,0.0,1.0,4838.038221605207,0.0010140947933905409,4,1,3,0.0,0.0,0.0,True,,0.00055
68.0,+,5,5579.8203133,1,4,0.0,0.0,0.0,1.0,5579.822330976443,-0.002017676442847005,5,1,4,0.0,0.0,0.0,True,,0.00055
68.0,+,6,6312.5925343,1,5,0.0,0.0,0.0,1.0,6312.594838713421,-0.0023044134213705547,6,1,5,0.0,0.0,0.0,True,,0.00055
68.0,+,7,7036.4681846,1,6,0.0,0.0,0.0,1.0,7036.469016878238,-0.0008322782377945259,7,1,6,0.0,0.0,0.0,True,,0.00055
68.0,+,8,7751.5623272,1,7,0.0,0.0,0.0,1.0,7751.559344153039,0.002983046961162472,8,1,7,0.0,0.0,0.0,True,,0.00055
69.0,-,1,2631.9959426,1,0,0.0,0.0,0.0,1.0,2631.998758954054,-0.002816354054175463,1,1,0,0.0,0.0,0.0,True,,0.00055
69.0,-,2,3400.8223474,1,1,0.0,0.0,0.0,1.0,3400.821147412678,0.0011999873222521273,2,1,1,0.0,0.0,0.0,True,,0.00055
69.0,-,3,4160.2956912,1,2,0.0,0.0,0.0,1.0,4160.293123560215,0.002567639785411302,3,1,2,0.0,0.0,0.0,True,,0.00055
69.0,-,4,4910.5319653,1,3,0.0,0.0,0.0,1.0,4910.531492790629,0.0004725093704109895,4,1,3,0.0,0.0,0.0,True,,0.00055
69.0,-,5,5651.6483764,1,4,0.0,0.0,0.0,1.0,5651.650269311154,-0.001892911153845489,5,1,4,0.0,0.0,0.0,True,,0.00055
69.0,-,6,6383.7598912,1,5,0.0,0.0,0.0,1.0,6383.762449333558,-0.0025581335576134734,6,1,5,0.0,0.0,0.0,True,,0.00055
69.0,-,7,7106.9807037,1,6,0.0,0.0,0.0,1.0,7106.98133518343,-0.0006314834299701033,7,1,6,0.0,0.0,0.0,True,,0.00055
69.0,-,8,7821.4261579,1,7,0.0,0.0,0.0,1.0,7821.421475157934,0.004682742066506762,8,1,7,0.0,0.0,0.0,True,,0.00055
69.0,-,9,8527.204278,1,8,0.0,0.0,0.0,1.0,8527.199278952816,0.004999047183446237,9,1,8,0.0,0.0,0.0,True,,0.00055
70.0,+,1,2707.5544302,1,0,0.0,0.0,0.0,1.0,2707.557572459953,-0.003142259953165194,1,1,0,0.0,0.0,0.0,True,,0.00055
70.0,+,2,3475.6906942,1,1,0.0,0.0,0.0,1.0,3475.689485239861,0.001208960139138071,2,1,1,0.0,0.0,0.0,True,,0.00055
70.0,+,3,4234.4786658,1,2,0.0,0.0,0.0,1.0,4234.476304253682,0.002361546317843022,3,1,2,0.0,0.0,0.0,True,,0.00055
70.0,+,4,4984.0353814,1,3,0.0,0.0,0.0,1.0,4984.034692825392,0.0006885746079206001,4,1,3,0.0,0.0,0.0,True,,0.00055
70.0,+,5,5724.4763783,1,4,0.0,0.0,0.0,1.0,5724.478589384686,-0.002211084685768583,5,1,4,0.0,0.0,0.0,True,,0.00055
70.0,+,6,6455.9187769,1,5,0.0,0.0,0.0,1.0,6455.920972498569,-0.0021955985694148694,6,1,5,0.0,0.0,0.0,True,,0.00055
70.0,+,7,7178.4727828,1,6,0.0,0.0,0.0,1.0,7178.475175997574,-0.002393197574747319,7,1,6,0.0,0.0,0.0,True,,0.00055
70.0,+,8,7892.2594956,1,7,0.0,0.0,0.0,1.0,7892.255819632178,0.003675967822346138,8,1,7,0.0,0.0,0.0,True,,0.00055
70.0,+,9,8597.3804885,1,8,0.0,0.0,0.0,1.0,8597.379415493711,0.0010730062895163428,9,1,8,0.0,0.0,0.0,True,,0.00055
71.0,-,1,2784.1503049,1,0,0.0,0.0,0.0,1.0,2784.153650874382,-0.0033459743822277233,1,1,0,0.0,0.0,0.0,True,,0.00055
71.0,-,2,3551.5869223,1,1,0.0,0.0,0.0,1.0,3551.585308771396,0.0016135286041389918,2,1,1,0.0,0.0,0.0,True,,0.00055
71.0,-,3,4309.6800014,1,2,0.0,0.0,0.0,1.0,4309.677271800095,0.0027295999052512343,3,1,2,0.0,0.0,0.0,True,,0.00055
71.0,-,4,5058.5468375,1,3,0.0,0.0,0.0,1.0,5058.546059197833,0.0007783021674185875,4,1,3,0.0,0.0,0.0,True,,0.00055
71.0,-,5,5798.3039699,1,4,0.0,0.0,0.0,1.0,5798.305532984272,-0.0015630842717655469,5,1,4,0.0,0.0,0.0,True,,0.00055
71.0,-,6,6529.0651208,1,5,0.0,0.0,0.0,1.0,6529.068654540826,-0.0035337408262421377,6,1,5,0.0,0.0,0.0,True,,0.00055
71.0,-,7,7250.9488492,1,6,0.0,0.0,0.0,1.0,7250.948790490132,5.870986842637649e-05,7,1,6,0.0,0.0,0.0,True,,0.00055
71.0,-,8,7964.0600848,1,7,0.0,0.0,0.0,1.0,7964.060633917293,-0.0005491172923939303,8,1,7,0.0,0.0,0.0,True,,0.00055
72.0,+,1,2861.7820451,1,0,0.0,0.0,0.0,1.0,2861.785194040642,-0.003148940642404341,1,1,0,0.0,0.0,0.0,True,,0.00055
72.0,+,2,3628.5083083,1,1,0.0,0.0,0.0,1.0,3628.506821720001,0.0014865799989820516,2,1,1,0.0,0.0,0.0,True,,0.00055
72.0,+,3,4385.8971977,1,2,0.0,0.0,0.0,1.0,4385.894233917999,0.0029637820007337723,3,1,2,0.0,0.0,0.0,True,,0.00055
72.0,+,4,5134.0643884,1,3,0.0,0.0,0.0,1.0,5134.063803796171,0.0005846038293384481,4,1,3,0.0,0.0,0.0,True,,0.00055
72.0,+,5,5873.1272117,1,4,0.0,0.0,0.0,1.0,5873.129316372449,-0.002104672448695055,5,1,4,0.0,0.0,0.0,True,,0.00055
72.0,+,6,6603.2003484,1,5,0.0,0.0,0.0,1.0,6603.203716348265,-0.003367948264894949,6,1,5,0.0,0.0,0.0,True,,0.00055
72.0,+,7,7324.3988473,1,6,0.0,0.0,0.0,1.0,7324.400404472566,-0.0015571725662084646,7,1,6,0.0,0.0,0.0,True,,0.00055
72.0,+,8,8036.8344161,1,7,0.0,0.0,0.0,1.0,8036.83414909053,0.0002670094700079062,8,1,7,0.0,0.0,0.0,True,,0.00055
72.0,+,9,8740.622561,1,8,0.0,0.0,0.0,1.0,8740.621673938098,0.0008870619021763559,9,1,8,0.0,0.0,0.0,True,,0.00055
73.0,-,1,2940.4464458,1,0,0.0,0.0,0.0,1.0,2940.450375964135,-0.003930164134999359,1,1,0,0.0,0.0,0.0,True,,0.00055
73.0,-,2,3706.4543923,1,1,0.0,0.0,0.0,1.0,3706.452202034158,0.00219026584227322,2,1,1,0.0,0.0,0.0,True,,0.00055
73.0,-,3,4463.1280818,1,2,0.0,0.0,0.0,1.0,4463.125372633755,0.0027091662441307562,3,1,2,0.0,0.0,0.0,True,,0.00055
73.0,-,4,5210.5865591,1,3,0.0,0.0,0.0,1.0,5210.586112889787,0.0004462102133402368,4,1,3,0.0,0.0,0.0,True,,0.00055
73.0,-,5,5948.9455307,1,4,0.0,0.0,0.0,1.0,5948.948130269066,-0.002599569065750984,5,1,4,0.0,0.0,0.0,True,,0.00055
73.0,-,6,6678.3200141,1,5,0.0,0.0,0.0,1.0,6678.324353347038,-0.004339247037933092,6,1,5,0.0,0.0,0.0,True,,0.00055
73.0,-,7,7398.8255574,1,6,0.0,0.0,0.0,1.0,7398.828218381951,-0.0026609819506120402,7,1,6,0.0,0.0,0.0,True,,0.00055
73.0,-,8,8110.5765248,1,7,0.0,0.0,0.0,1.0,8110.574570949603,0.0019538503966032295,8,1,7,0.0,0.0,0.0,True,,0.00055
74.0,+,1,3020.1447685,1,0,0.0,0.0,0.0,1.0,3020.147344791014,-0.002576291014065646,1,1,0,0.0,0.0,0.0,True,,0.00055
74.0,+,2,3785.4212095,1,1,0.0,0.0,0.0,1.0,3785.419601877521,0.0016076224787866522,2,1,1,0.0,0.0,0.0,True,,0.00055
74.0,+,3,4541.3721353,1,2,0.0,0.0,0.0,1.0,4541.368844261821,0.003291038178758754,3,1,2,0.0,0.0,0.0,True,,0.00055
74.0,+,4,5288.1114902,1,3,0.0,0.0,0.0,1.0,5288.111147109636,0.0003430903643675265,4,1,3,0.0,0.0,0.0,True,,0.00055
74.0,+,5,6025.7574721,1,4,0.0,0.0,0.0,1.0,6025.760139832483,-0.0026677324831325677,5,1,4,0.0,0.0,0.0,True,,0.00055
74.0,+,6,6754.4248991,1,5,0.0,0.0,0.0,1.0,6754.428735483828,-0.0038363838275472517,6,1,5,0.0,0.0,0.0,True,,0.00055
74.0,+,7,7474.2285023,1,6,0.0,0.0,0.0,1.0,7474.230407264027,-0.0019049640268349322,7,1,6,0.0,0.0,0.0,True,,0.00055
74.0,+,8,8185.2812144,1,7,0.0,0.0,0.0,1.0,8185.280079996574,0.0011344034255671431,8,1,7,0.0,0.0,0.0,True,,0.00055
75.0,-,9,3100.8702485,1,0,0.0,0.0,0.0,1.0,3100.874222786194,-0.003974286194079468,1,1,0,0.0,0.0,0.0,True,,0.00055
75.0,-,1,3865.4098922,1,1,0.0,0.0,0.0,1.0,3865.407147607728,0.002744592271938018,2,1,1,0.0,0.0,0.0,True,,0.00055
75.0,-,2,4620.6255004,1,2,0.0,0.0,0.0,1.0,4620.622779384154,0.0027210158468733425,3,1,2,0.0,0.0,0.0,True,,0.00055
75.0,-,3,5366.6377967,1,3,0.0,0.0,0.0,1.0,5366.637041428852,0.000755271147681924,4,1,3,0.0,0.0,0.0,True,,0.00055
75.0,-,4,6103.5608643,1,4,0.0,0.0,0.0,1.0,6103.563484640867,-0.0026203408669971395,5,1,4,0.0,0.0,0.0,True,,0.00055
75.0,-,5,6831.5113714,1,5,0.0,0.0,0.0,1.0,6831.515007207649,-0.0036358076495162095,6,1,5,0.0,0.0,0.0,True,,0.00055
75.0,-,6,7550.6028453,1,6,0.0,0.0,0.0,1.0,7550.605120756243,-0.002275456243296503,7,1,6,0.0,0.0,0.0,True,,0.00055
75.0,-,7,8260.9476993,1,7,0.0,0.0,0.0,1.0,8260.948831422204,-0.0011321222027618205,8,1,7,0.0,0.0,0.0,True,,0.00055
76.0,+,1,3182.6256455,1,0,0.0,0.0,0.0,1.0,3182.629106310921,-0.0034608109212967975,1,1,0,0.0,0.0,0.0,True,,0.00055
76.0,+,2,3946.4144566,1,1,0.0,0.0,0.0,1.0,3946.412939754941,0.0015168450590863358,2,1,1,0.0,0.0,0.0,True,,0.00055
76.0,+,3,4700.8887381,1,2,0.0,0.0,0.0,1.0,4700.88528282968,0.003455270320046111,3,1,2,0.0,0.0,0.0,True,,0.00055
76.0,+,4,5446.1622788,1,3,0.0,0.0,0.0,1.0,5446.161905142616,0.00037365738444350427,4,1,3,0.0,0.0,0.0,True,,0.00055
76.0,+,5,6182.3536927,1,4,0.0,0.0,0.0,1.0,6182.356278672823,-0.002585972822998883,5,1,4,0.0,0.0,0.0,True,,0.00055
76.0,+,6,6909.5778426,1,5,0.0,0.0,0.0,1.0,6909.581287451565,-0.0034448515652911738,6,1,5,0.0,0.0,0.0,True,,0.00055
76.0,+,7,7627.9467273,1,6,0.0,0.0,0.0,1.0,7627.950483070244,-0.003755770244424639,7,1,6,0.0,0.0,0.0,True,,0.00055
76.0,+,8,8337.5800487,1,7,0.0,0.0,0.0,1.0,8337.578955089444,0.0010936105554719688,8,1,7,0.0,0.0,0.0,True,,0.00055
77.0,-,1,3265.4059396,1,0,0.0,0.0,0.0,1.0,3265.410065800095,-0.00412620009501552,1,1,0,0.0,0.0,0.0,True,,0.00055
77.0,-,2,4028.4377894,1,1,0.0,0.0,0.0,1.0,4028.435052999927,0.0027364000729903637,2,1,1,0.0,0.0,0.0,True,,0.00055
77.0,-,3,4782.1574067,1,2,0.0,0.0,0.0,1.0,4782.154433652911,0.0029730470887443516,3,1,2,0.0,0.0,0.0,True,,0.00055
77.0,-,4,5526.6843137,1,3,0.0,0.0,0.0,1.0,5526.68382184783,0.0004918521699437406,4,1,3,0.0,0.0,0.0,True,,0.00055
77.0,-,5,6262.1336543,1,4,0.0,0.0,0.0,1.0,6262.136610287903,-0.002955987903078494,5,1,4,0.0,0.0,0.0,True,,0.00055
77.0,-,6,6988.6209715,1,5,0.0,0.0,0.0,1.0,6988.62566961408,-0.0046981140794741805,6,1,5,0.0,0.0,0.0,True,,0.00055
77.0,-,7,7706.2604077,1,6,0.0,0.0,0.0,1.0,7706.264592974358,-0.00418527435795113,7,1,6,0.0,0.0,0.0,True,,0.00055
78.0,+,1,3349.2115765,1,0,0.0,0.0,0.0,1.0,3349.215145739171,-0.0035692391711563687,1,1,0,0.0,0.0,0.0,True,,0.00055
78.0,+,2,4111.4737342,1,1,0.0,0.0,0.0,1.0,4111.471536151957,0.002198048043283052,2,1,1,0.0,0.0,0.0,True,,0.00055
78.0,+,3,4864.4319361,1,2,0.0,0.0,0.0,1.0,4864.428285112771,0.0036509872288661427,3,1,2,0.0,0.0,0.0,True,,0.00055
78.0,+,4,5608.200967,1,3,0.0,0.0,0.0,1.0,5608.200849422447,0.00011757755237340461,4,1,3,0.0,0.0,0.0,True,,0.00055
78.0,+,5,6342.8992083,1,4,0.0,0.0,0.0,1.0,6342.902542206657,-0.003333906656735053,5,1,4,0.0,0.0,0.0,True,,0.00055
78.0,+,6,7068.6418111,1,5,0.0,0.0,0.0,1.0,7068.646221539951,-0.004410439950333966,6,1,5,0.0,0.0,0.0,True,,0.00055
78.0,+,7,7785.5440685,1,6,0.0,0.0,0.0,1.0,7785.545523775449,-0.0014552754482792807,7,1,6,0.0,0.0,0.0,True,,0.00055
78.0,+,8,8493.7151569,1,7,0.0,0.0,0.0,1.0,8493.71571186283,-0.0005549628294829745,8,1,7,0.0,0.0,0.0,True,,0.00055
79.0,-,1,3434.0375834,1,0,0.0,0.0,0.0,1.0,3434.042364640655,-0.004781240654665453,1,1,0,0.0,0.0,0.0,True,,0.00055
79.0,-,2,4195.5234968,1,1,0.0,0.0,0.0,1.0,4195.520412126167,0.0030846738336549606,2,1,1,0.0,0.0,0.0,True,,0.00055
79.0,-,3,4947.7080757,1,2,0.0,0.0,0.0,1.0,4947.704864650692,0.0032110493084474,3,1,2,0.0,0.0,0.0,True,,0.00055
79.0,-,4,5690.7120385,1,3,0.0,0.0,0.0,1.0,5690.711020004251,0.0010184957491219393,4,1,3,0.0,0.0,0.0,True,,0.00055
79.0,-,5,6424.6485846,1,4,0.0,0.0,0.0,1.0,6424.652111490504,-0.0035268905039629317,5,1,4,0.0,0.0,0.0,True,,0.00055
79.0,-,6,7149.637121,1,5,0.0,0.0,0.0,1.0,7149.640985501191,-0.003864501190946612,6,1,5,0.0,0.0,0.0,True,,0.00055
79.0,-,7,7865.786412,1,6,0.0,0.0,0.0,1.0,7865.791323301014,-0.004911301013635239,7,1,6,0.0,0.0,0.0,True,,0.00055
79.0,-,8,8573.2208335,1,7,0.0,0.0,0.0,1.0,8573.218477906625,0.0023555933748866664,8,1,7,0.0,0.0,0.0,True,,0.00055
80.0,+,1,3519.8860832,1,0,0.0,0.0,0.0,1.0,3519.88971502002,-0.0036318200200184947,1,1,0,0.0,0.0,0.0,True,,0.00055
80.0,+,2,4280.582247,1,1,0.0,0.0,0.0,1.0,4280.579677920315,0.0025690796855997178,2,1,1,0.0,0.0,0.0,True,,0.00055
80.0,+,3,5031.9861659,1,2,0.0,0.0,0.0,1.0,5031.982173868245,0.003992031754933123,3,1,2,0.0,0.0,0.0,True,,0.00055
80.0,+,4,5774.2124043,1,3,0.0,0.0,0.0,1.0,5774.212339969625,6.433037560782395e-05,4,1,3,0.0,0.0,0.0,True,,0.00055
80.0,+,5,6507.3798203,1,4,0.0,0.0,0.0,1.0,6507.383329521106,-0.00350922110646934,5,1,4,0.0,0.0,0.0,True,,0.00055
80.0,+,6,7231.6029937,1,5,0.0,0.0,0.0,1.0,7231.607978177298,-0.004984477297512058,6,1,5,0.0,0.0,0.0,True,,0.00055
80.0,+,7,7946.9973877,1,6,0.0,0.0,0.0,1.0,7947.000013880469,-0.00262618046872376,7,1,6,0.0,0.0,0.0,True,,0.00055
81.0,-,1,3606.7505802,1,0,0.0,0.0,0.0,1.0,3606.755163371429,-0.004583171428748756,1,1,0,0.0,0.0,0.0,True,,0.00055
81.0,-,2,4366.650945,1,1,0.0,0.0,0.0,1.0,4366.647304591551,0.003640408449427923,2,1,1,0.0,0.0,0.0,True,,0.00055
81.0,-,3,5117.2614645,1,2,0.0,0.0,0.0,1.0,5117.258188504619,0.0032759953810455045,3,1,2,0.0,0.0,0.0,True,,0.00055
81.0,-,4,5858.7031071,1,3,0.0,0.0,0.0,1.0,5858.702789911728,0.0003171882717651897,4,1,3,0.0,0.0,0.0,True,,0.00055
81.0,-,5,6591.0893262,1,4,0.0,0.0,0.0,1.0,6591.094181979413,-0.004855779413446726,5,1,4,0.0,0.0,0.0,True,,0.00055
81.0,-,6,7314.5399986,1,5,0.0,0.0,0.0,1.0,7314.545190635345,-0.005192035344407486,6,1,5,0.0,0.0,0.0,True,,0.00055
81.0,-,7,8029.1641316,1,6,0.0,0.0,0.0,1.0,8029.169592326362,-0.005460726362798596,7,1,6,0.0,0.0,0.0,True,,0.00055
82.0,+,1,3694.6329192,1,0,0.0,0.0,0.0,1.0,3694.636650143051,-0.0037309430513232655,1,1,0,0.0,0.0,0.0,True,,0.00055
82.0,+,2,4453.7246098,1,1,0.0,0.0,0.0,1.0,4453.721237232593,0.003372567406586313,2,1,1,0.0,0.0,0.0,True,,0.00055
82.0,+,3,5203.5353908,1,2,0.0,0.0,0.0,1.0,5203.5308584137,0.0045323862996156095,3,1,2,0.0,0.0,0.0,True,,0.00055
82.0,+,4,5944.1793467,1,3,0.0,0.0,0.0,1.0,5944.180324618233,-0.0009779182328202296,4,1,3,0.0,0.0,0.0,True,,0.00055
82.0,+,5,6675.7796208,1,4,0.0,0.0,0.0,1.0,6675.78262882449,-0.0030080244896453223,5,1,4,0.0,0.0,0.0,True,,0.00055
82.0,+,6,7398.4443318,1,5,0.0,0.0,0.0,1.0,7398.450588309798,-0.006256509797822218,6,1,5,0.0,0.0,0.0,True,,0.00055
82.0,+,7,8112.2952634,1,6,0.0,0.0,0.0,1.0,8112.298029915527,-0.0027665155266731745,7,1,6,0.0,0.0,0.0,True,,0.00055
83.0,-,1,3783.5273735,1,0,0.0,0.0,0.0,1.0,3783.532089711734,-0.004716211733921227,1,1,0,0.0,0.0,0.0,True,,0.00055
83.0,-,2,4541.8027507,1,1,0.0,0.0,0.0,1.0,4541.799394947327,0.0033557526730874088,2,1,1,0.0,0.0,0.0,True,,0.00055
83.0,-,3,5290.8015102,1,2,0.0,0.0,0.0,1.0,5290.798107540583,0.0034026594166789437,3,1,2,0.0,0.0,0.0,True,,0.00055
83.0,-,4,6030.6438053,1,3,0.0,0.0,0.0,1.0,6030.642873048811,0.0009322511887148721,4,1,3,0.0,0.0,0.0,True,,0.00055
83.0,-,5,6761.4416485,1,4,0.0,0.0,0.0,1.0,6761.446604271879,-0.004955771878485393,5,1,4,0.0,0.0,0.0,True,,0.00055
83.0,-,6,7483.3173429,1,5,0.0,0.0,0.0,1.0,7483.322110981984,-0.00476808198436629,6,1,5,0.0,0.0,0.0,True,,0.00055
83.0,-,7,8196.381661,1,6,0.0,0.0,0.0,1.0,8196.38327236954,-0.0016113695401145378,7,1,6,0.0,0.0,0.0,True,,0.00055
84.0,+,1,3873.4349466,1,0,0.0,0.0,0.0,1.0,3873.439370357512,-0.004423757512086013,1,1,0,0.0,0.0,0.0,True,,0.00055
84.0,+,2,4630.8825354,1,1,0.0,0.0,0.0,1.0,4630.879670826404,0.0028645735956160934,2,1,1,0.0,0.0,0.0,True,,0.00055
84.0,+,3,5379.0619695,1,2,0.0,0.0,0.0,1.0,5379.057833897853,0.004135602146561723,3,1,2,0.0,0.0,0.0,True,,0.00055
84.0,+,4,6118.0879774,1,3,0.0,0.0,0.0,1.0,6118.088338312466,-0.000360912465112051,4,1,3,0.0,0.0,0.0,True,,0.00055
84.0,+,5,6848.0801182,1,4,0.0,0.0,0.0,1.0,6848.084016771752,-0.003898571752870339,5,1,4,0.0,0.0,0.0,True,,0.00055
84.0,+,6,7569.1532599,1,5,0.0,0.0,0.0,1.0,7569.157672759216,-0.004412859216245124,6,1,5,0.0,0.0,0.0,True,,0.00055
84.0,+,7,8281.4237161,1,6,0.0,0.0,0.0,1.0,8281.423239835196,0.0004762648040923523,7,1,6,0.0,0.0,0.0,True,,0.00055
85.0,-,1,3964.3510646,1,0,0.0,0.0,0.0,1.0,3964.356354237491,-0.005289637490932364,1,1,0,0.0,0.0,0.0,True,,0.00055
85.0,-,2,4720.9637514,1,1,0.0,0.0,0.0,1.0,4720.959931921943,0.003819478056357184,2,1,1,0.0,0.0,0.0,True,,0.00055
85.0,-,3,5468.3109565,1,2,0.0,0.0,0.0,1.0,5468.307909541335,0.00304695866543625,3,1,2,0.0,0.0,0.0,True,,0.00055
85.0,-,4,6206.5147112,1,3,0.0,0.0,0.0,1.0,6206.514597643813,0.00011355618698871695,4,1,3,0.0,0.0,0.0,True,,0.00055
85.0,-,5,6935.6890902,1,4,0.0,0.0,0.0,1.0,6935.692748986427,-0.003658786427877203,5,1,4,0.0,0.0,0.0,True,,0.00055
85.0,-,6,7655.9545944,1,5,0.0,0.0,0.0,1.0,7655.955162053594,-0.0005676535938619054,6,1,5,0.0,0.0,0.0,True,,0.00055
86.0,+,1,4056.2763702,1,0,0.0,0.0,0.0,1.0,4056.28087735946,-0.004507159459990362,1,1,0,0.0,0.0,0.0,True,,0.00055
86.0,+,2,4812.0403398,1,1,0.0,0.0,0.0,1.0,4812.038019222202,0.002320577797945589,2,1,1,0.0,0.0,0.0,True,,0.00055
86.0,+,3,5558.5501387,1,2,0.0,0.0,0.0,1.0,5558.546180545639,0.0039581543614986,3,1,2,0.0,0.0,0.0,True,,0.00055
86.0,+,4,6295.9183306,1,3,0.0,0.0,0.0,1.0,6295.919502379838,-0.001171779837932263,4,1,3,0.0,0.0,0.0,True,,0.00055
86.0,+,5,7024.2677695,1,4,0.0,0.0,0.0,1.0,7024.27065776778,-0.0028882677797810175,5,1,4,0.0,0.0,0.0,True,,0.00055
86.0,+,6,7743.7054861,1,5,0.0,0.0,0.0,1.0,7743.712441560491,-0.006955460491553822,6,1,5,0.0,0.0,0.0,True,,0.00055
87.0,-,1,4149.2043115,1,0,0.0,0.0,0.0,1.0,4149.210749554916,-0.006438054916543479,1,1,0,0.0,0.0,0.0,True,,0.00055
87.0,-,2,4904.1157576,1,1,0.0,0.0,0.0,1.0,4904.111747625614,0.004009974385553505,2,1,1,0.0,0.0,0.0,True,,0.00055
87.0,-,3,5649.7730126,1,2,0.0,0.0,0.0,1.0,5649.770466979071,0.002545620928685821,3,1,2,0.0,0.0,0.0,True,,0.00055
87.0,-,4,6386.3022755,1,3,0.0,0.0,0.0,1.0,6386.300877935587,0.0013975644133097376,4,1,3,0.0,0.0,0.0,True,,0.00055
87.0,-,5,7113.8099907,1,4,0.0,0.0,0.0,1.0,7113.815574134444,-0.0055834344448157935,5,1,4,0.0,0.0,0.0,True,,0.00055
87.0,-,6,7832.4213687,1,5,0.0,0.0,0.0,1.0,7832.427348236803,-0.005979536802442453,6,1,5,0.0,0.0,0.0,True,,0.00055
88.0,+,1,4243.1392135,1,0,0.0,0.0,0.0,1.0,4243.14375445177,-0.004540951770650281,1,1,0,0.0,0.0,0.0,True,,0.00055
88.0,+,2,4997.1816798,1,1,0.0,0.0,0.0,1.0,4997.178905914548,0.0027738854523704504,2,1,1,0.0,0.0,0.0,True,,0.00055
88.0,+,3,5741.9828022,1,2,0.0,0.0,0.0,1.0,5741.978562878219,0.004239321780914906,3,1,2,0.0,0.0,0.0,True,,0.00055
88.0,+,4,6477.6551288,1,3,0.0,0.0,0.0,1.0,6477.6565237799,-0.00139497990039672,4,1,3,0.0,0.0,0.0,True,,0.00055
88.0,+,5,7204.3220025,1,4,0.0,0.0,0.0,1.0,7204.325303248057,-0.0033007480569722247,5,1,4,0.0,0.0,0.0,True,,0.00055
89.0,-,1,4338.0729301,1,0,0.0,0.0,0.0,1.0,4338.077649446583,-0.004719346582533035,1,1,0,0.0,0.0,0.0,True,,0.00055
89.0,-,2,5091.2418314,1,1,0.0,0.0,0.0,1.0,5091.237256728359,0.004574671640511951,2,1,1,0.0,0.0,0.0,True,,0.00055
89.0,-,3,5835.1715858,1,2,0.0,0.0,0.0,1.0,5835.1682362222,0.0033495777997814002,3,1,2,0.0,0.0,0.0,True,,0.00055
89.0,-,4,6569.9853993,1,3,0.0,0.0,0.0,1.0,6569.984213410366,0.0011858896341436775,4,1,3,0.0,0.0,0.0,True,,0.00055
89.0,-,5,7295.7927887,1,4,0.0,0.0,0.0,1.0,7295.797624389876,-0.004835689876017568,5,1,4,0.0,0.0,0.0,True,,0.00055
89.0,-,6,8012.7176219,1,5,0.0,0.0,0.0,1.0,8012.721262099086,-0.0036401990855665645,6,1,5,0.0,0.0,0.0,True,,0.00055
90.0,+,1,4434.0051917,1,0,0.0,0.0,0.0,1.0,4434.010165676315,-0.004973976315341133,1,1,0,0.0,0.0,0.0,True,,0.00055
90.0,+,2,5186.2884021,1,1,0.0,0.0,0.0,1.0,5186.284536536414,0.0038655635862596682,2,1,1,0.0,0.0,0.0,True,,0.00055
90.0,+,3,5929.3424836,1,2,0.0,0.0,0.0,1.0,5929.33722890648,0.005254693520328146,3,1,2,0.0,0.0,0.0,True,,0.00055
90.0,+,4,6663.2809611,1,3,0.0,0.0,0.0,1.0,6663.281694328361,-0.0007332283603318501,4,1,3,0.0,0.0,0.0,True,,0.00055
90.0,+,5,7388.2271031,1,4,0.0,0.0,0.0,1.0,7388.230290936403,-0.0031878364034128026,5,1,4,0.0,0.0,0.0,True,,0.00055
91.0,-,1,4530.9333757,1,0,0.0,0.0,0.0,1.0,4530.939007989698,-0.005632289698041859,1,1,0,0.0,0.0,0.0,True,,0.00055
91.0,-,2,5282.3234639,1,1,0.0,0.0,0.0,1.0,5282.318455610276,0.005008289724173665,2,1,1,0.0,0.0,0.0,True,,0.00055
91.0,-,3,6024.4874355,1,2,0.0,0.0,0.0,1.0,6024.483256716017,0.004178783982752066,3,1,2,0.0,0.0,0.0,True,,0.00055
91.0,-,4,6757.5466729,1,3,0.0,0.0,0.0,1.0,6757.546688013128,-1.5113128029042855e-05,4,1,3,0.0,0.0,0.0,True,,0.00055
91.0,-,5,7481.6150036,1,4,0.0,0.0,0.0,1.0,7481.621030335133,-0.006026735132763861,5,1,4,0.0,0.0,0.0,True,,0.00055
92.0,+,1,4628.8577585,1,0,0.0,0.0,0.0,1.0,4628.861854918007,-0.0040964180070659495,1,1,0,0.0,0.0,0.0,True,,0.00055
92.0,+,2,5379.3406884,1,1,0.0,0.0,0.0,1.0,5379.336697995759,0.003990404240539647,2,1,1,0.0,0.0,0.0,True,,0.00055
92.0,+,3,6120.6093303,1,2,0.0,0.0,0.0,1.0,6120.604009298333,0.005321001666743541,3,1,2,0.0,0.0,0.0,True,,0.00055
92.0,+,4,6852.7764338,1,3,0.0,0.0,0.0,1.0,6852.776889896068,-0.00045609606786456425,4,1,3,0.0,0.0,0.0,True,,0.00055
92.0,+,5,7575.962765,1,4,0.0,0.0,0.0,1.0,7575.96754407949,-0.004779079489708238,5,1,4,0.0,0.0,0.0,True,,0.00055
93.0,-,1,4727.7747363,1,0,0.0,0.0,0.0,1.0,4727.776358645472,-0.0016223454722421593,1,1,0,0.0,0.0,0.0,True,,0.00055
93.0,-,2,5477.3424485,1,1,0.0,0.0,0.0,1.0,5477.33692148424,0.0055270157599807135,2,1,1,0.0,0.0,0.0,True,,0.00055
93.0,-,3,6217.7016968,1,2,0.0,0.0,0.0,1.0,6217.697150135989,0.004546664010376844,3,1,2,0.0,0.0,0.0,True,,0.00055
93.0,-,4,6948.9708866,1,3,0.0,0.0,0.0,1.0,6948.969969333881,0.0009172661193588283,4,1,3,0.0,0.0,0.0,True,,0.00055
93.0,-,5,7671.2618172,1,4,0.0,0.0,0.0,1.0,7671.267507683842,-0.005690483842045069,5,1,4,0.0,0.0,0.0,True,,0.00055
94.0,+,1,4827.6774475,1,0,0.0,0.0,0.0,1.0,4827.680144979408,-0.002697479408197978,1,1,0,0.0,0.0,0.0,True,,0.00055
94.0,+,2,5576.3255363,1,1,0.0,0.0,0.0,1.0,5576.316757583853,0.008778716146480292,2,1,1,0.0,0.0,0.0,True,,0.00055
94.0,+,3,6315.7663434,1,2,0.0,0.0,0.0,1.0,6315.760316518576,0.006026881424077146,3,1,2,0.0,0.0,0.0,True,,0.00055
94.0,+,4,7046.1248873,1,3,0.0,0.0,0.0,1.0,7046.123569582215,0.001317717785241257,4,1,3,0.0,0.0,0.0,True,,0.00055
95.0,-,1,4928.5684155,1,0,0.0,0.0,0.0,1.0,4928.570813319493,-0.0023978194931260077,1,1,0,0.0,0.0,0.0,True,,0.00055
95.0,-,2,5676.27929,1,1,0.0,0.0,0.0,1.0,5676.273811489848,0.005478510151988303,2,1,1,0.0,0.0,0.0,True,,0.00055
95.0,-,3,6414.7999843,1,2,0.0,0.0,0.0,1.0,6414.791119514255,0.008864785744663095,3,1,2,0.0,0.0,0.0,True,,0.00055
95.0,-,4,7144.2358517,1,3,0.0,0.0,0.0,1.0,7144.235307767903,0.0005439320975710871,4,1,3,0.0,0.0,0.0,True,,0.00055
96.0,+,1,5777.2147378,1,1,0.0,0.0,0.0,1.0,5777.205662054824,0.009075745176232886,2,1,1,0.0,0.0,0.0,True,,0.00055
96.0,+,2,6514.7930789,1,2,0.0,0.0,0.0,1.0,6514.78714394106,0.005934958940088109,3,1,2,0.0,0.0,0.0,True,,0.00055
96.0,+,3,7243.3071073,1,3,0.0,0.0,0.0,1.0,7243.30277486168,0.004332438320489018,4,1,3,0.0,0.0,0.0,True,,0.00055
97.0,-,1,5133.3006975,1,0,0.0,0.0,0.0,1.0,5133.303061392066,-0.002363892066568951,1,1,0,0.0,0.0,0.0,True,,0.00055
97.0,-,2,6615.7549644,1,2,0.0,0.0,0.0,1.0,6615.745948337484,0.009016062515911472,3,1,2,0.0,0.0,0.0,True,,0.00055
97.0,-,3,7343.3245056,1,3,0.0,0.0,0.0,1.0,7343.32353564978,0.000969950219769089,4,1,3,0.0,0.0,0.0,True,,0.00055
98.0,+,1,7444.2988213,1,3,0.0,0.0,0.0,1.0,7444.295128705549,0.0036925944505128427,4,1,3,0.0,0.0,0.0,True,,0.00055
1.0,+,1,43950.2994,2,0,-1.0,0.0,-1.0,1.0,43950.313531411586,-0.014131411582638975,1,2,0,1.0,0.0,1.0,True,,0.00055
1.0,-,31,43950.3094,2,0,-1.0,0.0,-1.0,1.0,43950.31369959623,-0.004299596228520386,88,2,0,-1.0,0.0,-1.0,True,,0.00055
1.0,+,2,44742.1894,2,1,-1.0,0.0,-1.0,1.0,44742.15839595364,0.031004046366433613,2,2,1,1.0,0.0,1.0,True,,0.00055
1.0,-,32,44742.1394,2,1,-1.0,0.0,-1.0,1.0,44742.15856176487,-0.019161764867021702,92,2,1,-1.0,0.0,-1.0,True,,0.00055
1.0,+,3,45521.3694,2,2,-1.0,0.0,-1.0,1.0,45521.493195027724,-0.12379502772091655,3,2,2,1.0,0.0,1.0,True,,0.00055
1.0,-,33,45521.4694,2,2,-1.0,0.0,-1.0,1.0,45521.49335844247,-0.02395844247075729,96,2,2,-1.0,0.0,-1.0,True,,0.00055
1.0,+,5,47041.8194,2,4,-1.0,0.0,-1.0,1.0,47041.80447485595,0.014925144052540418,5,2,4,1.0,0.0,1.0,True,,0.00055
1.0,-,35,47041.8094,2,4,-1.0,0.0,-1.0,1.0,47041.80463334913,0.004766650868987199,104,2,4,-1.0,0.0,-1.0,True,,0.00055
2.0,-,1,43952.5494,2,0,-1.0,0.0,-1.0,1.0,43952.5284295364,0.020970463599951472,1,2,0,-1.0,0.0,-1.0,True,,0.00055
2.0,+,31,43952.5394,2,0,-1.0,0.0,-1.0,1.0,43952.528934068105,0.010465931896760594,88,2,0,1.0,0.0,1.0,True,,0.00055
2.0,-,2,44744.3494,2,1,-1.0,0.0,-1.0,1.0,44744.351417297614,-0.0020172976146568544,2,2,1,-1.0,0.0,-1.0,True,,0.00055
2.0,+,32,44744.3594,2,1,-1.0,0.0,-1.0,1.0,44744.35191470913,0.007485290872864425,92,2,1,1.0,0.0,1.0,True,,0.00055
2.0,-,3,45523.6394,2,2,-1.0,0.0,-1.0,1.0,45523.66415262004,-0.024752620040089823,3,2,2,-1.0,0.0,-1.0,True,,0.00055
2.0,+,33,45523.6594,2,2,-1.0,0.0,-1.0,1.0,45523.664642842115,-0.00524284211860504,96,2,2,1.0,0.0,1.0,True,,0.00055
2.0,-,4,46290.2794,2,3,-1.0,0.0,-1.0,1.0,46290.28042794574,-0.0010279457419528626,4,2,3,-1.0,0.0,-1.0,True,,0.00055
2.0,+,34,46290.2894,2,3,-1.0,0.0,-1.0,1.0,46290.280910864014,0.008489135987474583,100,2,3,1.0,0.0,1.0,True,,0.00055
2.0,-,5,47043.9394,2,4,-1.0,0.0,-1.0,1.0,47043.93041309103,0.008986908971564844,5,2,4,-1.0,0.0,-1.0,True,,0.00055
2.0,+,35,47043.9594,2,4,-1.0,0.0,-1.0,1.0,47043.93088854842,0.028511451579106506,104,2,4,1.0,0.0,1.0,True,,0.00055
2.0,-,6,47784.2594,2,5,-1.0,0.0,-1.0,1.0,47784.269698685195,-0.01029868519253796,6,2,5,-1.0,0.0,-1.0,True,,0.00055
2.0,-,7,48511.2194,2,6,-1.0,0.0,-1.0,1.0,48510.88629551892,0.3331044810838648,7,2,6,-1.0,0.0,-1.0,True,,0.00055
3.0,+,1,43955.8394,2,0,-1.0,0.0,-1.0,1.0,43955.85071256445,-0.011312564449326601,1,2,0,1.0,0.0,1.0,True,,0.00055
3.0,-,31,43955.8494,2,0,-1.0,0.0,-1.0,1.0,43955.85172156099,-0.002321560990822036,88,2,0,-1.0,0.0,-1.0,True,,0.00055
3.0,+,2,44747.6394,2,1,-1.0,0.0,-1.0,1.0,44747.64088466299,-0.0014846629928797483,2,2,1,1.0,0.0,1.0,True,,0.00055
3.0,-,32,44747.6594,2,1,-1.0,0.0,-1.0,1.0,44747.64187941951,0.017520580484415404,92,2,1,-1.0,0.0,-1.0,True,,0.00055
3.0,+,3,45526.9294,2,2,-1.0,0.0,-1.0,1.0,45526.92052378848,0.008876211519236676,3,2,2,1.0,0.0,1.0,True,,0.00055
3.0,-,33,45526.9094,2,2,-1.0,0.0,-1.0,1.0,45526.9215041662,-0.012104166205972433,96,2,2,-1.0,0.0,-1.0,True,,0.00055
3.0,+,4,46293.4994,2,3,-1.0,0.0,-1.0,1.0,46293.50329910059,-0.0038991005858406425,4,2,3,1.0,0.0,1.0,True,,0.00055
3.0,-,34,46293.5194,2,3,-1.0,0.0,-1.0,1.0,46293.50426487069,0.015135129309783224,100,2,3,-1.0,0.0,-1.0,True,,0.00055
3.0,+,5,47047.1494,2,4,-1.0,0.0,-1.0,1.0,47047.119253721554,0.03014627844822826,5,2,4,1.0,0.0,1.0,True,,0.00055
3.0,-,35,47047.1694,2,4,-1.0,0.0,-1.0,1.0,47047.12020456968,0.04919543032156071,104,2,4,-1.0,0.0,-1.0,True,,0.00055
3.0,+,6,47787.4394,2,5,-1.0,0.0,-1.0,1.0,47787.42384910791,0.015550892094324809,6,2,5,1.0,0.0,1.0,True,,0.00055
3.0,-,36,47787.4194,2,5,-1.0,0.0,-1.0,1.0,47787.4247846378,-0.00538463779957965,106,2,5,-1.0,0.0,-1.0,True,,0.00055
3.0,-,37,48513.9294,2,6,-1.0,0.0,-1.0,1.0,48514.005883405225,-0.07648340522428043,107,2,6,-1.0,0.0,-1.0,True,,0.00055
4.0,-,1,43960.2794,2,0,-1.0,0.0,-1.0,1.0,43960.28030350323,-0.0009035032271640375,1,2,0,-1.0,0.0,-1.0,True,,0.00055
4.0,+,31,43960.2794,2,0,-1.0,0.0,-1.0,1.0,43960.28198501523,-0.0025850152305793017,88,2,0,1.0,0.0,1.0,True,,0.00055
4.0,-,2,44752.0094,2,1,-1.0,0.0,-1.0,1.0,44752.02672046701,-0.01732046700635692,2,2,1,-1.0,0.0,-1.0,True,,0.00055
4.0,+,32,44751.9994,2,1,-1.0,0.0,-1.0,1.0,44752.028378245974,-0.028978245973121375,92,2,1,1.0,0.0,1.0,True,,0.00055
4.0,-,3,45531.2594,2,2,-1.0,0.0,-1.0,1.0,45531.262230267195,-0.0028302671926212497,3,2,2,-1.0,0.0,-1.0,True,,0.00055
4.0,+,33,45531.2594,2,2,-1.0,0.0,-1.0,1.0,45531.26386408185,-0.004464081845071632,96,2,2,1.0,0.0,1.0,True,,0.00055
4.0,-,4,46297.8194,2,3,-1.0,0.0,-1.0,1.0,46297.800337623565,0.01906237643561326,4,2,3,-1.0,0.0,-1.0,True,,0.00055
4.0,+,34,46297.7994,2,3,-1.0,0.0,-1.0,1.0,46297.801947092514,-0.0025470925102126785,100,2,3,1.0,0.0,1.0,True,,0.00055
4.0,-,5,47051.4094,2,4,-1.0,0.0,-1.0,1.0,47051.37091667798,0.038483322015963495,5,2,4,-1.0,0.0,-1.0,True,,0.00055
4.0,+,35,47051.3794,2,4,-1.0,0.0,-1.0,1.0,47051.3725012768,0.006898723200720269,104,2,4,1.0,0.0,1.0,True,,0.00055
4.0,-,6,47791.6394,2,5,-1.0,0.0,-1.0,1.0,47791.62925660517,0.010143394829356112,6,2,5,-1.0,0.0,-1.0,True,,0.00055
4.0,+,36,47791.6294,2,5,-1.0,0.0,-1.0,1.0,47791.63081567342,-0.0014156734250718728,106,2,5,1.0,0.0,1.0,True,,0.00055
4.0,-,7,48518.4694,2,6,-1.0,0.0,-1.0,1.0,48518.163059250095,0.30634074990666704,7,2,6,-1.0,0.0,-1.0,True,,0.00055
4.0,+,37,48518.1494,2,6,-1.0,0.0,-1.0,1.0,48518.164591997396,-0.015191997394140344,107,2,6,1.0,0.0,1.0,True,,0.00055
5.0,+,1,43965.8094,2,0,-1.0,0.0,-1.0,1.0,43965.81709969332,-0.0076996933203190565,1,2,0,1.0,0.0,1.0,True,,0.00055
5.0,-,31,43965.8094,2,0,-1.0,0.0,-1.0,1.0,43965.81962168266,-0.010221682663541287,88,2,0,-1.0,0.0,-1.0,True,,0.00055
5.0,+,2,44757.4794,2,1,-1.0,0.0,-1.0,1.0,44757.508821263546,-0.0294212635490112,2,2,1,1.0,0.0,1.0,True,,0.00055
5.0,-,32,44757.4894,2,1,-1.0,0.0,-1.0,1.0,44757.511307654,-0.021907654001552146,92,2,1,-1.0,0.0,-1.0,True,,0.00055
5.0,+,3,45536.6994,2,2,-1.0,0.0,-1.0,1.0,45536.689167698096,0.010232301901851315,3,2,2,1.0,0.0,1.0,True,,0.00055
5.0,-,33,45536.6994,2,2,-1.0,0.0,-1.0,1.0,45536.6916181426,0.0077818573990953155,96,2,2,-1.0,0.0,-1.0,True,,0.00055
5.0,+,4,46303.1694,2,3,-1.0,0.0,-1.0,1.0,46303.171438066376,-0.0020380663772812113,4,2,3,1.0,0.0,1.0,True,,0.00055
5.0,-,34,46303.1694,2,3,-1.0,0.0,-1.0,1.0,46303.17385199249,-0.004451992492249701,100,2,3,-1.0,0.0,-1.0,True,,0.00055
5.0,+,5,47056.6894,2,4,-1.0,0.0,-1.0,1.0,47056.68529519604,0.004104803963855375,5,2,4,1.0,0.0,1.0,True,,0.00055
5.0,-,35,47056.7294,2,4,-1.0,0.0,-1.0,1.0,47056.68767181689,0.04172818310325965,104,2,4,-1.0,0.0,-1.0,True,,0.00055
5.0,+,6,47796.8694,2,5,-1.0,0.0,-1.0,1.0,47796.885812826564,-0.016412826560554095,6,2,5,1.0,0.0,1.0,True,,0.00055
5.0,-,36,47796.8594,2,5,-1.0,0.0,-1.0,1.0,47796.88815115104,-0.028751151039614342,106,2,5,-1.0,0.0,-1.0,True,,0.00055
5.0,+,7,48523.6794,2,6,-1.0,0.0,-1.0,1.0,48523.36047201566,0.3189279843427357,7,2,6,1.0,0.0,1.0,True,,0.00055
5.0,-,37,48523.3994,2,6,-1.0,0.0,-1.0,1.0,48523.36277085741,0.03662914258893579,107,2,6,-1.0,0.0,-1.0,True,,0.00055
6.0,-,1,43972.4594,2,0,-1.0,0.0,-1.0,1.0,43972.46097280657,-0.001572806570038665,1,2,0,-1.0,0.0,-1.0,True,,0.00055
6.0,+,31,43972.4694,2,0,-1.0,0.0,-1.0,1.0,43972.46450312326,0.004896876744169276,88,2,0,1.0,0.0,1.0,True,,0.00055
6.0,-,2,44764.0794,2,1,-1.0,0.0,-1.0,1.0,44764.08705774007,-0.007657740068680141,2,2,1,-1.0,0.0,-1.0,True,,0.00055
6.0,+,32,44764.0794,2,1,-1.0,0.0,-1.0,1.0,44764.090538219505,-0.01113821950275451,92,2,1,1.0,0.0,1.0,True,,0.00055
6.0,-,3,45543.2094,2,2,-1.0,0.0,-1.0,1.0,45543.20120562831,0.008194371686840896,3,2,2,-1.0,0.0,-1.0,True,,0.00055
6.0,+,33,45543.2194,2,2,-1.0,0.0,-1.0,1.0,45543.20463578433,0.014764215673494618,96,2,2,1.0,0.0,1.0,True,,0.00055
6.0,-,4,46309.6294,2,3,-1.0,0.0,-1.0,1.0,46309.61646861227,0.012931387725984678,4,2,3,-1.0,0.0,-1.0,True,,0.00055
6.0,+,34,46309.5894,2,3,-1.0,0.0,-1.0,1.0,46309.61984764315,-0.030447643155639526,100,2,3,1.0,0.0,1.0,True,,0.00055
6.0,-,5,47063.1094,2,4,-1.0,0.0,-1.0,1.0,47063.062255812685,0.047144187316007446,5,2,4,-1.0,0.0,-1.0,True,,0.00055
6.0,+,35,47063.0694,2,4,-1.0,0.0,-1.0,1.0,47063.06558261582,0.003817384182184469,104,2,4,1.0,0.0,1.0,True,,0.00055
6.0,-,6,47803.1494,2,5,-1.0,0.0,-1.0,1.0,47803.19338232483,-0.043982324830722064,6,2,5,-1.0,0.0,-1.0,True,,0.00055
6.0,+,36,47803.1594,2,5,-1.0,0.0,-1.0,1.0,47803.19665551198,-0.03725551198294852,106,2,5,1.0,0.0,1.0,True,,0.00055
6.0,-,7,48529.9694,2,6,-1.0,0.0,-1.0,1.0,48529.59706413899,0.37233586101501714,7,2,6,-1.0,0.0,-1.0,True,,0.00055
6.0,+,37,48529.6294,2,6,-1.0,0.0,-1.0,1.0,48529.60028204825,0.029117951744410675,107,2,6,1.0,0.0,1.0,True,,0.00055
7.0,+,1,43980.2194,2,0,-1.0,0.0,-1.0,1.0,43980.211768843146,0.007631156855495647,1,2,0,1.0,0.0,1.0,True,,0.00055
7.0,-,31,43980.2194,2,0,-1.0,0.0,-1.0,1.0,43980.216475203284,0.0029247967177070677,88,2,0,-1.0,0.0,-1.0,True,,0.00055
7.0,+,2,44771.7694,2,1,-1.0,0.0,-1.0,1.0,44771.76127471476,0.008125285239657387,2,2,1,1.0,0.0,1.0,True,,0.00055
7.0,-,32,44771.7694,2,1,-1.0,0.0,-1.0,1.0,44771.76591462735,0.0034853726465371437,92,2,1,-1.0,0.0,-1.0,True,,0.00055
7.0,+,3,45550.7794,2,2,-1.0,0.0,-1.0,1.0,45550.798187506225,-0.018787506225635298,3,2,2,1.0,0.0,1.0,True,,0.00055
7.0,-,33,45550.8394,2,2,-1.0,0.0,-1.0,1.0,45550.80276032232,0.036639677673520055,96,2,2,-1.0,0.0,-1.0,True,,0.00055
7.0,+,4,46317.1194,2,3,-1.0,0.0,-1.0,1.0,46317.13527107168,-0.01587107167870272,4,2,3,1.0,0.0,1.0,True,,0.00055
7.0,-,34,46317.1494,2,3,-1.0,0.0,-1.0,1.0,46317.139775721575,0.009624278427509125,100,2,3,-1.0,0.0,-1.0,True,,0.00055
7.0,+,5,47070.5294,2,4,-1.0,0.0,-1.0,1.0,47070.50163836055,0.02776163945236476,5,2,4,1.0,0.0,1.0,True,,0.00055
7.0,-,35,47010.5494,2,4,-1.0,0.0,-1.0,0.0,47070.50607337313,-59.95667337312625,104,2,4,-1.0,0.0,-1.0,True,,0.0
7.0,+,6,47810.5394,2,5,-1.0,0.0,-1.0,1.0,47810.55180254928,-0.012402549276885111,6,2,5,1.0,0.0,1.0,True,,0.00055
7.0,-,36,47810.5694,2,5,-1.0,0.0,-1.0,1.0,47810.5561660721,0.013233927900728304,106,2,5,-1.0,0.0,-1.0,True,,0.00055
7.0,+,7,48537.2194,2,6,-1.0,0.0,-1.0,1.0,48536.87267021244,0.346729787561344,7,2,6,1.0,0.0,1.0,True,,0.00055
8.0,-,1,43989.0594,2,0,-1.0,0.0,-1.0,1.0,43989.06930812824,-0.009908128238748759,1,2,0,-1.0,0.0,-1.0,True,,0.00055
8.0,+,31,43984.0694,2,0,-1.0,0.0,-1.0,1.0,43989.07535809226,-5.005958092260698,88,2,0,1.0,0.0,1.0,True,,0.00055
8.0,-,2,44780.5194,2,1,-1.0,0.0,-1.0,1.0,44780.53129113261,-0.011891132613527589,2,2,1,-1.0,0.0,-1.0,True,,0.00055
8.0,+,32,44780.5194,2,1,-1.0,0.0,-1.0,1.0,44780.537255667055,-0.017855667058029212,92,2,1,1.0,0.0,1.0,True,,0.00055
8.0,-,3,45559.5094,2,2,-1.0,0.0,-1.0,1.0,45559.47993067758,0.029469322420482058,3,2,2,-1.0,0.0,-1.0,True,,0.00055
8.0,+,33,45559.4794,2,2,-1.0,0.0,-1.0,1.0,45559.4858089471,-0.006408947105228435,96,2,2,1.0,0.0,1.0,True,,0.00055
8.0,-,4,46325.7394,2,3,-1.0,0.0,-1.0,1.0,46325.727660876684,0.011739123314328026,4,2,3,-1.0,0.0,-1.0,True,,0.00055
8.0,+,34,46325.6894,2,3,-1.0,0.0,-1.0,1.0,46325.73345150481,-0.0440515048103407,100,2,3,1.0,0.0,1.0,True,,0.00055
8.0,-,5,47079.0594,2,4,-1.0,0.0,-1.0,1.0,47079.003255961834,0.056144038164347876,5,2,4,-1.0,0.0,-1.0,True,,0.00055
8.0,+,35,47079.0094,2,4,-1.0,0.0,-1.0,1.0,47079.00895705566,0.00044294434337643906,104,2,4,1.0,0.0,1.0,True,,0.00055
8.0,-,6,47818.9394,2,5,-1.0,0.0,-1.0,1.0,47818.96088383811,-0.02148383810708765,6,2,5,-1.0,0.0,-1.0,True,,0.00055
8.0,+,36,47818.9094,2,5,-1.0,0.0,-1.0,1.0,47818.966493014246,-0.057093014249403495,106,2,5,1.0,0.0,1.0,True,,0.00055
8.0,-,7,48545.5994,2,6,-1.0,0.0,-1.0,1.0,48545.1870972378,0.4123027621972142,7,2,6,-1.0,0.0,-1.0,True,,0.00055
8.0,+,37,48545.1894,2,6,-1.0,0.0,-1.0,1.0,48545.19261164422,-0.0032116442162077874,107,2,6,1.0,0.0,1.0,True,,0.00055
9.0,+,1,43999.0294,2,0,-1.0,0.0,-1.0,1.0,43999.03338530809,-0.003985308088886086,1,2,0,1.0,0.0,1.0,True,,0.00055
9.0,-,31,43999.0394,2,0,-1.0,0.0,-1.0,1.0,43999.04094625769,-0.001546257692098152,88,2,0,-1.0,0.0,-1.0,True,,0.00055
9.0,+,2,44790.3994,2,1,-1.0,0.0,-1.0,1.0,44790.39690006187,0.002499938134860713,2,2,1,1.0,0.0,1.0,True,,0.00055
9.0,-,32,44790.3994,2,1,-1.0,0.0,-1.0,1.0,44790.40435422878,-0.004954228781571146,92,2,1,-1.0,0.0,-1.0,True,,0.00055
9.0,+,3,45569.2794,2,2,-1.0,0.0,-1.0,1.0,45569.246226379895,0.03317362010420766,3,2,2,1.0,0.0,1.0,True,,0.00055
9.0,-,33,45569.2594,2,2,-1.0,0.0,-1.0,1.0,45569.25357271834,0.005827281660458539,96,2,2,-1.0,0.0,-1.0,True,,0.00055
9.0,+,4,46335.3794,2,3,-1.0,0.0,-1.0,1.0,46335.393427075396,-0.014027075398189481,4,2,3,1.0,0.0,1.0,True,,0.00055
9.0,-,34,46335.3994,2,3,-1.0,0.0,-1.0,1.0,46335.400663863256,-0.0012638632542802952,100,2,3,-1.0,0.0,-1.0,True,,0.00055
9.0,+,5,47088.5794,2,4,-1.0,0.0,-1.0,1.0,47088.566895020864,0.012504979138611816,5,2,4,1.0,0.0,1.0,True,,0.00055
9.0,-,35,47088.6294,2,4,-1.0,0.0,-1.0,1.0,47088.5740198901,0.05538010990130715,104,2,4,-1.0,0.0,-1.0,True,,0.00055
9.0,+,6,47828.3794,2,5,-1.0,0.0,-1.0,1.0,47828.42040940943,-0.04100940943317255,6,2,5,1.0,0.0,1.0,True,,0.00055
9.0,-,36,47828.4194,2,5,-1.0,0.0,-1.0,1.0,47828.427419378415,-0.008019378416065592,106,2,5,-1.0,0.0,-1.0,True,,0.00055
9.0,+,7,48554.8894,2,6,-1.0,0.0,-1.0,1.0,48554.540124614534,0.34927538546617143,7,2,6,1.0,0.0,1.0,True,,0.00055
9.0,-,37,48554.5694,2,6,-1.0,0.0,-1.0,1.0,48554.54701611568,0.022383884323062375,107,2,6,-1.0,0.0,-1.0,True,,0.00055
10.0,-,1,44010.1194,2,0,-1.0,0.0,-1.0,1.0,44010.103769346126,0.01563065387745155,1,2,0,-1.0,0.0,-1.0,True,,0.00055
10.0,+,31,44010.1194,2,0,-1.0,0.0,-1.0,1.0,44010.11300846271,0.006391537295712624,88,2,0,1.0,0.0,1.0,True,,0.00055
10.0,-,2,44801.3494,2,1,-1.0,0.0,-1.0,1.0,44801.35786868787,-0.008468687869026326,2,2,1,-1.0,0.0,-1.0,True,,0.00055
10.0,+,32,44801.3594,2,1,-1.0,0.0,-1.0,1.0,44801.36697729766,-0.007577297656098381,92,2,1,1.0,0.0,1.0,True,,0.00055
10.0,-,3,45580.0794,2,2,-1.0,0.0,-1.0,1.0,45580.09683973675,-0.01743973674456356,3,2,2,-1.0,0.0,-1.0,True,,0.00055
10.0,+,33,45580.0994,2,2,-1.0,0.0,-1.0,1.0,45580.10581656054,-0.006416560543584637,96,2,2,1.0,0.0,1.0,True,,0.00055
10.0,-,4,46346.1294,2,3,-1.0,0.0,-1.0,1.0,46346.1323323245,-0.0029323245034902357,4,2,3,-1.0,0.0,-1.0,True,,0.00055
10.0,-,5,47099.2294,2,4,-1.0,0.0,-1.0,1.0,47099.19231521588,0.03708478411863325,5,2,4,-1.0,0.0,-1.0,True,,0.00055
10.0,+,35,47099.2194,2,4,-1.0,0.0,-1.0,1.0,47099.201021355315,0.018378644686890766,104,2,4,1.0,0.0,1.0,True,,0.00055
10.0,-,6,47838.9094,2,5,-1.0,0.0,-1.0,1.0,47838.93013535135,-0.02073535135423299,6,2,5,-1.0,0.0,-1.0,True,,0.00055
10.0,+,36,47838.8994,2,5,-1.0,0.0,-1.0,1.0,47838.938701052706,-0.03930105270410422,106,2,5,1.0,0.0,1.0,True,,0.00055
10.0,-,7,48565.3594,2,6,-1.0,0.0,-1.0,1.0,48564.9315041281,0.4278958719005459,7,2,6,-1.0,0.0,-1.0,True,,0.00055
10.0,+,37,48564.9594,2,6,-1.0,0.0,-1.0,1.0,48564.93992502727,0.01947497273067711,107,2,6,1.0,0.0,1.0,True,,0.00055
11.0,+,1,44022.2994,2,0,-1.0,0.0,-1.0,1.0,44022.28020351739,0.01919648261537077,1,2,0,1.0,0.0,1.0,True,,0.00055
11.0,-,31,44022.2894,2,0,-1.0,0.0,-1.0,1.0,44022.291287759275,-0.0018877592738135718,89,2,0,-1.0,0.0,-1.0,True,,0.00055
11.0,+,2,44813.3894,2,1,-1.0,0.0,-1.0,1.0,44813.41393830813,-0.024538308127375785,2,2,1,1.0,0.0,1.0,True,,0.00055
11.0,-,32,44813.3994,2,1,-1.0,0.0,-1.0,1.0,44813.42486594941,-0.025465949409408495,92,2,1,-1.0,0.0,-1.0,True,,0.00055
11.0,-,33,45592.0294,2,2,-1.0,0.0,-1.0,1.0,45592.04227925484,-0.012879254842118826,96,2,2,-1.0,0.0,-1.0,True,,0.00055
11.0,+,4,46357.9394,2,3,-1.0,0.0,-1.0,1.0,46357.94411288198,-0.00471288197877584,4,2,3,1.0,0.0,1.0,True,,0.00055
11.0,-,34,46357.1694,2,3,-1.0,0.0,-1.0,1.0,46357.95472171507,-0.7853217150695855,100,2,3,-1.0,0.0,-1.0,True,,0.00055
11.0,+,5,47110.8894,2,4,-1.0,0.0,-1.0,1.0,47110.87924948911,0.010150510890525766,5,2,4,1.0,0.0,1.0,True,,0.00055
11.0,-,35,47110.9194,2,4,-1.0,0.0,-1.0,1.0,47110.88969417177,0.029705828230362386,104,2,4,-1.0,0.0,-1.0,True,,0.00055
11.0,+,6,47850.4694,2,5,-1.0,0.0,-1.0,1.0,47850.48979061017,-0.02039061016694177,6,2,5,1.0,0.0,1.0,True,,0.00055
11.0,-,36,47850.4694,2,5,-1.0,0.0,-1.0,1.0,47850.500066761226,-0.030666761223983485,106,2,5,-1.0,0.0,-1.0,True,,0.00055
11.0,+,7,48576.7794,2,6,-1.0,0.0,-1.0,1.0,48576.36095993562,0.41844006437895587,7,2,6,1.0,0.0,1.0,True,,0.00055
11.0,-,37,48576.3694,2,6,-1.0,0.0,-1.0,1.0,48576.371062313076,-0.001662313072301913,107,2,6,-1.0,0.0,-1.0,True,,0.00055
12.0,-,1,44035.5694,2,0,-1.0,0.0,-1.0,1.0,44035.562405403376,0.006994596624281257,1,2,0,-1.0,0.0,-1.0,True,,0.00055
12.0,+,31,44035.5794,2,0,-1.0,0.0,-1.0,1.0,44035.57550148383,0.0038985161736491136,89,2,0,1.0,0.0,1.0,True,,0.00055
12.0,-,2,44826.5494,2,1,-1.0,0.0,-1.0,1.0,44826.56482432633,-0.015424326324136928,2,2,1,-1.0,0.0,-1.0,True,,0.00055
12.0,+,32,44826.5694,2,1,-1.0,0.0,-1.0,1.0,44826.57773534295,-0.008335342950886115,92,2,1,1.0,0.0,1.0,True,,0.00055
12.0,-,3,45605.0594,2,2,-1.0,0.0,-1.0,1.0,45605.04994930051,0.009450699486478698,3,2,2,-1.0,0.0,-1.0,True,,0.00055
12.0,+,33,45605.0694,2,2,-1.0,0.0,-1.0,1.0,45605.06267343338,0.006726566622091923,96,2,2,1.0,0.0,1.0,True,,0.00055
12.0,-,4,46370.8494,2,3,-1.0,0.0,-1.0,1.0,46370.8284785975,0.02092140250169905,4,2,3,-1.0,0.0,-1.0,True,,0.00055
12.0,+,34,46370.8494,2,3,-1.0,0.0,-1.0,1.0,46370.84101285038,0.008387149617192335,100,2,3,1.0,0.0,1.0,True,,0.00055
12.0,-,5,47123.6494,2,4,-1.0,0.0,-1.0,1.0,47123.627404036735,0.021995963266817853,5,2,4,-1.0,0.0,-1.0,True,,0.00055
12.0,+,35,47123.6594,2,4,-1.0,0.0,-1.0,1.0,47123.639744291504,0.019655708492791746,104,2,4,1.0,0.0,1.0,True,,0.00055
12.0,-,6,47863.0994,2,5,-1.0,0.0,-1.0,1.0,47863.09907697779,0.0003230222064303234,6,2,5,-1.0,0.0,-1.0,True,,0.00055
12.0,+,36,47863.0794,2,5,-1.0,0.0,-1.0,1.0,47863.11121805137,-0.03181805136409821,106,2,5,1.0,0.0,1.0,True,,0.00055
12.0,-,7,48589.3194,2,6,-1.0,0.0,-1.0,1.0,48588.82818855043,0.49121144956734497,7,2,6,-1.0,0.0,-1.0,True,,0.00055
12.0,+,37,48588.8694,2,6,-1.0,0.0,-1.0,1.0,48588.840124241295,0.02927575870853616,107,2,6,1.0,0.0,1.0,True,,0.00055
13.0,+,1,44049.9594,2,0,-1.0,0.0,-1.0,1.0,44049.950066885795,0.009333114205219317,1,2,0,1.0,0.0,1.0,True,,0.00055
13.0,-,31,44049.9794,2,0,-1.0,0.0,-1.0,1.0,44049.96534125108,0.014058748914976604,89,2,0,-1.0,0.0,-1.0,True,,0.00055
13.0,+,2,44840.8094,2,1,-1.0,0.0,-1.0,1.0,44840.81021624505,-0.0008162450540112332,2,2,1,1.0,0.0,1.0,True,,0.00055
13.0,-,32,44840.8094,2,1,-1.0,0.0,-1.0,1.0,44840.825274714734,-0.015874714736128226,92,2,1,-1.0,0.0,-1.0,True,,0.00055
13.0,+,3,45619.1594,2,2,-1.0,0.0,-1.0,1.0,45619.15184512288,0.007554877120128367,3,2,2,1.0,0.0,1.0,True,,0.00055
13.0,-,33,45619.1594,2,2,-1.0,0.0,-1.0,1.0,45619.16668556968,-0.007285569685336668,96,2,2,-1.0,0.0,-1.0,True,,0.00055
13.0,+,4,46384.7794,2,3,-1.0,0.0,-1.0,1.0,46384.78511290374,-0.005712903737730812,4,2,3,1.0,0.0,1.0,True,,0.00055
13.0,-,34,46384.7994,2,3,-1.0,0.0,-1.0,1.0,46384.79973182737,-0.000331827366608195,100,2,3,-1.0,0.0,-1.0,True,,0.00055
13.0,+,5,47137.4394,2,4,-1.0,0.0,-1.0,1.0,47137.43645829669,0.0029417033147183247,5,2,4,1.0,0.0,1.0,True,,0.00055
13.0,-,35,47137.4694,2,4,-1.0,0.0,-1.0,1.0,47137.45085088656,0.018549113439803477,104,2,4,-1.0,0.0,-1.0,True,,0.00055
13.0,+,6,47876.7394,2,5,-1.0,0.0,-1.0,1.0,47876.757669077655,-0.018269077656441368,6,2,5,1.0,0.0,1.0,True,,0.00055
13.0,-,36,47876.7194,2,5,-1.0,0.0,-1.0,1.0,47876.771829279765,-0.05242927976360079,106,2,5,-1.0,0.0,-1.0,True,,0.00055
13.0,+,7,48602.9194,2,6,-1.0,0.0,-1.0,1.0,48602.33285882543,0.5865411745689926,7,2,6,1.0,0.0,1.0,True,,0.00055
13.0,-,37,48602.3494,2,6,-1.0,0.0,-1.0,1.0,48602.34677939685,0.002620603147079237,107,2,6,-1.0,0.0,-1.0,True,,0.00055
14.0,-,1,44065.4594,2,0,-1.0,0.0,-1.0,1.0,44065.44285414021,0.01654585979122203,1,2,0,-1.0,0.0,-1.0,True,,0.00055
14.0,+,31,44065.4794,2,0,-1.0,0.0,-1.0,1.0,44065.460472946914,0.018927053082734346,89,2,0,1.0,0.0,1.0,True,,0.00055
14.0,-,2,44856.1594,2,1,-1.0,0.0,-1.0,1.0,44856.149777658415,0.009622341582144145,2,2,1,-1.0,0.0,-1.0,True,,0.00055
14.0,+,32,44856.1694,2,1,-1.0,0.0,-1.0,1.0,44856.1671473696,0.002252630401926581,92,2,1,1.0,0.0,1.0,True,,0.00055
14.0,-,3,45646.1294,2,2,-1.0,0.0,-1.0,1.0,45634.336857814335,11.792542185663478,3,2,2,-1.0,0.0,-1.0,True,,0.00055
14.0,+,33,45634.3694,2,2,-1.0,0.0,-1.0,1.0,45634.3539759714,0.01542402860650327,96,2,2,1.0,0.0,1.0,True,,0.00055
14.0,-,4,46399.7294,2,3,-1.0,0.0,-1.0,1.0,46399.81367280533,-0.08427280533214798,4,2,3,-1.0,0.0,-1.0,True,,0.00055
14.0,+,34,46399.8294,2,3,-1.0,0.0,-1.0,1.0,46399.83053536294,-0.00113536293793004,100,2,3,1.0,0.0,1.0,True,,0.00055
14.0,-,5,47152.3294,2,4,-1.0,0.0,-1.0,1.0,47152.30606493636,0.023335063640843146,5,2,4,-1.0,0.0,-1.0,True,,0.00055
14.0,+,35,47152.3594,2,4,-1.0,0.0,-1.0,1.0,47152.32266633635,0.036733663648192305,104,2,4,1.0,0.0,1.0,True,,0.00055
14.0,-,6,47891.4594,2,5,-1.0,0.0,-1.0,1.0,47891.46521434909,-0.005814349089632742,6,2,5,-1.0,0.0,-1.0,True,,0.00055
14.0,+,36,47891.4194,2,5,-1.0,0.0,-1.0,1.0,47891.48154759701,-0.06214759701106232,106,2,5,1.0,0.0,1.0,True,,0.00055
14.0,-,7,48617.1894,2,6,-1.0,0.0,-1.0,2.0,48616.87461193391,0.3147880660908413,7,2,6,-1.0,0.0,-1.0,True,,0.0011
15.0,+,1,44082.0594,2,0,-1.0,0.0,-1.0,1.0,44082.040407628505,0.01899237149336841,1,2,0,1.0,0.0,1.0,True,,0.00055
15.0,-,31,44082.0794,2,0,-1.0,0.0,-1.0,1.0,44082.06053672166,0.01886327833926771,89,2,0,-1.0,0.0,-1.0,True,,0.00055
15.0,+,2,44872.5994,2,1,-1.0,0.0,-1.0,1.0,44872.583146243815,0.01625375618459657,2,2,1,1.0,0.0,1.0,True,,0.00055
15.0,-,32,44872.5994,2,1,-1.0,0.0,-1.0,1.0,44872.60299067468,-0.0035906746779801324,92,2,1,-1.0,0.0,-1.0,True,,0.00055
15.0,+,3,45650.6094,2,2,-1.0,0.0,-1.0,1.0,45650.604621816296,0.004778183705639094,3,2,2,1.0,0.0,1.0,True,,0.00055
15.0,-,33,45650.6294,2,2,-1.0,0.0,-1.0,1.0,45650.62417876946,0.005221230538154487,96,2,2,-1.0,0.0,-1.0,True,,0.00055
15.0,+,4,46415.9094,2,3,-1.0,0.0,-1.0,1.0,46415.91378886731,-0.004388867309899069,4,2,3,1.0,0.0,1.0,True,,0.00055
15.0,-,34,46415.9594,2,3,-1.0,0.0,-1.0,1.0,46415.9330537119,0.02634628809755668,100,2,3,-1.0,0.0,-1.0,True,,0.00055
15.0,+,5,47168.2694,2,4,-1.0,0.0,-1.0,1.0,47168.23584983865,0.03355016134446487,5,2,4,1.0,0.0,1.0,True,,0.00055
15.0,-,35,47168.2994,2,4,-1.0,0.0,-1.0,1.0,47168.25481621318,0.04458378682465991,104,2,4,-1.0,0.0,-1.0,True,,0.00055
15.0,+,6,47907.2094,2,5,-1.0,0.0,-1.0,1.0,47907.221333030546,-0.011933030546060763,6,2,5,1.0,0.0,1.0,True,,0.00055
15.0,-,36,47907.1494,2,5,-1.0,0.0,-1.0,1.0,47907.239992930634,-0.0905929306318285,106,2,5,-1.0,0.0,-1.0,True,,0.00055
15.0,+,7,48633.1294,2,6,-1.0,0.0,-1.0,1.0,48632.453061349595,0.676338650402613,7,2,6,1.0,0.0,1.0,True,,0.00055
15.0,-,37,48632.4994,2,6,-1.0,0.0,-1.0,1.0,48632.47140520122,0.027994798780127894,107,2,6,-1.0,0.0,-1.0,True,,0.00055
16.0,-,1,44099.7594,2,0,-1.0,0.0,-1.0,1.0,44099.74234209154,0.01705790846608579,1,2,0,-1.0,0.0,-1.0,True,,0.00055
16.0,+,31,44099.7694,2,0,-1.0,0.0,-1.0,1.0,44099.765146982434,0.004253017563314643,89,2,0,1.0,0.0,1.0,True,,0.00055
16.0,-,2,44890.0994,2,1,-1.0,0.0,-1.0,1.0,44890.10993375338,-0.010533753382333089,2,2,1,-1.0,0.0,-1.0,True,,0.00055
16.0,+,32,44890.1594,2,1,-1.0,0.0,-1.0,1.0,44890.13241604929,0.026983950709109195,92,2,1,1.0,0.0,1.0,True,,0.00055
16.0,-,3,45667.9494,2,2,-1.0,0.0,-1.0,1.0,45667.95474540582,-0.005345405821572058,3,2,2,-1.0,0.0,-1.0,True,,0.00055
16.0,+,33,45667.9894,2,2,-1.0,0.0,-1.0,1.0,45667.97690190895,0.01249809104774613,96,2,2,1.0,0.0,1.0,True,,0.00055
16.0,-,4,46433.1294,2,3,-1.0,0.0,-1.0,1.0,46433.085065203086,0.04433479691215325,4,2,3,-1.0,0.0,-1.0,True,,0.00055
16.0,+,34,46433.1294,2,3,-1.0,0.0,-1.0,1.0,46433.106890655916,0.02250934408220928,100,2,3,1.0,0.0,1.0,True,,0.00055
16.0,-,5,47185.2594,2,4,-1.0,0.0,-1.0,1.0,47185.22541208662,0.033987913382588886,5,2,4,-1.0,0.0,-1.0,True,,0.00055
16.0,+,35,47185.2894,2,4,-1.0,0.0,-1.0,1.0,47185.24689926803,0.042500731971813366,104,2,4,1.0,0.0,1.0,True,,0.00055
16.0,-,6,47924.0394,2,5,-1.0,0.0,-1.0,1.0,47924.02561814191,0.01378185809153365,6,2,5,-1.0,0.0,-1.0,True,,0.00055
16.0,+,36,47923.7994,2,5,-1.0,0.0,-1.0,1.0,47924.04675796743,-0.24735796742606908,106,2,5,1.0,0.0,1.0,True,,0.00055
16.0,-,7,48649.8594,2,6,-1.0,0.0,-1.0,1.0,48649.06779282465,0.7916071753497818,7,2,6,-1.0,0.0,-1.0,True,,0.00055
16.0,+,37,48649.1294,2,6,-1.0,0.0,-1.0,1.0,48649.08857442934,0.040825570657034405,107,2,6,1.0,0.0,1.0,True,,0.00055
17.0,+,1,44118.5594,2,0,-1.0,0.0,-1.0,1.0,44118.54824654046,0.011153459541674238,1,2,0,1.0,0.0,1.0,True,,0.00055
17.0,-,31,44118.5794,2,0,-1.0,0.0,-1.0,1.0,44118.57389238444,0.0055076155622373335,89,2,0,-1.0,0.0,-1.0,True,,0.00055
17.0,+,2,44908.7294,2,1,-1.0,0.0,-1.0,1.0,44908.7297260046,-0.000326004606904462,2,2,1,1.0,0.0,1.0,True,,0.00055
17.0,-,32,44908.7294,2,1,-1.0,0.0,-1.0,1.0,44908.755008955486,-0.02560895548958797,92,2,1,-1.0,0.0,-1.0,True,,0.00055
17.0,+,3,45686.3894,2,2,-1.0,0.0,-1.0,1.0,45686.38681068422,0.002589315779914614,3,2,2,1.0,0.0,1.0,True,,0.00055
17.0,-,33,45686.4494,2,2,-1.0,0.0,-1.0,1.0,45686.4117271367,0.03767286329821218,96,2,2,-1.0,0.0,-1.0,True,,0.00055
17.0,+,4,46451.3294,2,3,-1.0,0.0,-1.0,1.0,46451.32707946114,0.0023205388642963953,4,2,3,1.0,0.0,1.0,True,,0.00055
17.0,-,34,46451.3794,2,3,-1.0,0.0,-1.0,1.0,46451.35162348923,0.027776510767580476,100,2,3,-1.0,0.0,-1.0,True,,0.00055
17.0,+,5,47203.3094,2,4,-1.0,0.0,-1.0,1.0,47203.27432394825,0.0350760517467279,5,2,4,1.0,0.0,1.0,True,,0.00055
17.0,-,35,47203.3294,2,4,-1.0,0.0,-1.0,1.0,47203.29848741457,0.03091258543281583,104,2,4,-1.0,0.0,-1.0,True,,0.00055
17.0,+,6,47941.8594,2,5,-1.0,0.0,-1.0,1.0,47941.877635464334,-0.018235464332974516,6,2,5,1.0,0.0,1.0,True,,0.00055
17.0,-,36,47941.99,2,5,-1.0,0.0,-1.0,1.0,47941.901408133475,0.08859186652261997,106,2,5,-1.0,0.0,-1.0,True,,0.00055
17.0,+,7,48667.5794,2,6,-1.0,0.0,-1.0,1.0,48666.71836436631,0.8610356336939731,7,2,6,1.0,0.0,1.0,True,,0.00055
17.0,-,37,48666.7794,2,6,-1.0,0.0,-1.0,1.0,48666.74173399744,0.03766600255767116,107,2,6,-1.0,0.0,-1.0,True,,0.00055
18.0,-,1,44138.4694,2,0,-1.0,0.0,-1.0,1.0,44138.45768424756,0.011715752443706151,1,2,0,-1.0,0.0,-1.0,True,,0.00055
18.0,+,31,44138.4994,2,0,-1.0,0.0,-1.0,1.0,44138.48633582206,0.013064177939668298,89,2,0,1.0,0.0,1.0,True,,0.00055
18.0,-,2,44928.4394,2,1,-1.0,0.0,-1.0,1.0,44928.44208286978,-0.0026828697737073526,2,2,1,-1.0,0.0,-1.0,True,,0.00055
18.0,+,32,44928.4694,2,1,-1.0,0.0,-1.0,1.0,44928.47032888914,-0.0009288891378673725,92,2,1,1.0,0.0,1.0,True,,0.00055
18.0,-,3,45705.9094,2,2,-1.0,0.0,-1.0,1.0,45705.90037356604,0.009026433959661517,3,2,2,-1.0,0.0,-1.0,True,,0.00055
18.0,+,33,45705.9594,2,2,-1.0,0.0,-1.0,1.0,45705.92820999095,0.031190009052807,96,2,2,1.0,0.0,1.0,True,,0.00055
18.0,-,4,46470.6694,2,3,-1.0,0.0,-1.0,1.0,46470.6393828104,0.030017189601494465,4,2,3,-1.0,0.0,-1.0,True,,0.00055
18.0,+,34,46470.6794,2,3,-1.0,0.0,-1.0,1.0,46470.666803004715,0.01259699528600322,100,2,3,1.0,0.0,1.0,True,,0.00055
18.0,-,5,47222.4194,2,4,-1.0,0.0,-1.0,1.0,47222.382130858554,0.0372691414449946,5,2,4,-1.0,0.0,-1.0,True,,0.00055
18.0,+,35,47222.4494,2,4,-1.0,0.0,-1.0,1.0,47222.40912571144,0.040274288556247484,104,2,4,1.0,0.0,1.0,True,,0.00055
18.0,-,6,47960.7894,2,5,-1.0,0.0,-1.0,1.0,47960.77692352042,0.012476479583710898,6,2,5,-1.0,0.0,-1.0,True,,0.00055
18.0,+,36,47960.78,2,5,-1.0,0.0,-1.0,1.0,47960.80348157382,-0.02348157382220961,106,2,5,1.0,0.0,1.0,True,,0.00055
18.0,-,7,48686.4094,2,6,-1.0,0.0,-1.0,1.0,48685.4043062113,1.0050937886990141,7,2,6,-1.0,0.0,-1.0,True,,0.00055
18.0,+,37,48685.4594,2,6,-1.0,0.0,-1.0,1.0,48685.43041376358,0.028986236422497313,107,2,6,1.0,0.0,1.0,True,,0.00055
19.0,+,1,44159.4994,2,0,-1.0,0.0,-1.0,1.0,44159.47019273789,0.029207262108684517,1,2,0,1.0,0.0,1.0,True,,0.00055
19.0,-,31,44159.5194,2,0,-1.0,0.0,-1.0,1.0,44159.502014420395,0.017385579601977952,89,2,0,-1.0,0.0,-1.0,True,,0.00055
19.0,+,2,44949.2594,2,1,-1.0,0.0,-1.0,1.0,44949.246538265776,0.012861734227044508,2,2,1,1.0,0.0,1.0,True,,0.00055
19.0,-,32,44949.2794,2,1,-1.0,0.0,-1.0,1.0,44949.27790936798,0.0014906320211593993,93,2,1,-1.0,0.0,-1.0,True,,0.00055
19.0,+,3,45726.5094,2,2,-1.0,0.0,-1.0,1.0,45726.4949637655,0.01443623450177256,3,2,2,1.0,0.0,1.0,True,,0.00055
19.0,-,33,45726.5394,2,2,-1.0,0.0,-1.0,1.0,45726.52587978774,0.013520212261937559,96,2,2,-1.0,0.0,-1.0,True,,0.00055
19.0,+,4,46491.0294,2,3,-1.0,0.0,-1.0,1.0,46491.02149992576,0.007900074240751565,4,2,3,1.0,0.0,1.0,True,,0.00055
19.0,-,34,46491.0694,2,3,-1.0,0.0,-1.0,1.0,46491.05195347922,0.017446520781959407,100,2,3,-1.0,0.0,-1.0,True,,0.00055
19.0,+,5,47242.5694,2,4,-1.0,0.0,-1.0,1.0,47242.548351401434,0.021048598566267174,5,2,4,1.0,0.0,1.0,True,,0.00055
19.0,-,35,47242.6194,2,4,-1.0,0.0,-1.0,1.0,47242.57833234411,0.041067655896767974,104,2,4,-1.0,0.0,-1.0,True,,0.00055
19.0,+,6,47980.7094,2,5,-1.0,0.0,-1.0,1.0,47980.72299355106,-0.013593551062513143,6,2,5,1.0,0.0,1.0,True,,0.00055
19.0,-,36,47980.71,2,5,-1.0,0.0,-1.0,1.0,47980.75248913001,-0.042489130013564136,106,2,5,-1.0,0.0,-1.0,True,,0.00055
19.0,+,7,48706.2494,2,6,-1.0,0.0,-1.0,1.0,48705.12512079946,1.124279200543242,7,2,6,1.0,0.0,1.0,True,,0.00055
19.0,-,37,48705.2194,2,6,-1.0,0.0,-1.0,1.0,48705.15411576632,0.06528423367853975,107,2,6,-1.0,0.0,-1.0,True,,0.00055
20.0,-,1,44181.6194,2,0,-1.0,0.0,-1.0,1.0,44181.58528377762,0.034116222384909634,1,2,0,-1.0,0.0,-1.0,True,,0.00055
20.0,+,31,44181.6394,2,0,-1.0,0.0,-1.0,1.0,44181.620439523234,0.018960476765641943,89,2,0,1.0,0.0,1.0,True,,0.00055
20.0,-,2,44971.1594,2,1,-1.0,0.0,-1.0,1.0,44971.142600142804,0.01679985719238175,2,2,1,-1.0,0.0,-1.0,True,,0.00055
20.0,+,32,44971.1694,2,1,-1.0,0.0,-1.0,1.0,44971.17725792091,-0.007857920907554217,93,2,1,1.0,0.0,1.0,True,,0.00055
20.0,-,3,45748.1894,2,2,-1.0,0.0,-1.0,1.0,45748.17008478363,0.01931521637015976,3,2,2,-1.0,0.0,-1.0,True,,0.00055
20.0,+,33,45748.2194,2,2,-1.0,0.0,-1.0,1.0,45748.20423960808,0.015160391922108829,96,2,2,1.0,0.0,1.0,True,,0.00055
20.0,-,4,46512.4994,2,3,-1.0,0.0,-1.0,1.0,46512.472928971394,0.026471028606465552,4,2,3,-1.0,0.0,-1.0,True,,0.00055
20.0,+,34,46512.5494,2,3,-1.0,0.0,-1.0,1.0,46512.506572657025,0.04282734297885327,100,2,3,1.0,0.0,1.0,True,,0.00055
20.0,-,5,47263.7994,2,4,-1.0,0.0,-1.0,1.0,47263.772477290644,0.026922709359496366,5,2,4,-1.0,0.0,-1.0,True,,0.00055
20.0,+,35,47263.8394,2,4,-1.0,0.0,-1.0,1.0,47263.8055986059,0.03380139410000993,104,2,4,1.0,0.0,1.0,True,,0.00055
20.0,-,6,48001.7294,2,5,-1.0,0.0,-1.0,1.0,48001.71532949268,0.014070507313590497,6,2,5,-1.0,0.0,-1.0,True,,0.00055
20.0,+,36,48001.69,2,5,-1.0,0.0,-1.0,1.0,48001.74791431693,-0.05791431693069171,106,2,5,1.0,0.0,1.0,True,,0.00055
20.0,-,7,48725.3994,2,6,-1.0,0.0,-1.0,1.0,48725.88028274502,-0.48088274501787964,7,2,6,-1.0,0.0,-1.0,True,,0.00055
20.0,+,37,48725.9694,2,6,-1.0,0.0,-1.0,1.0,48725.91231419645,0.057085803549853154,107,2,6,1.0,0.0,1.0,True,,0.00055
21.0,+,1,44204.8294,2,0,-1.0,0.0,-1.0,1.0,44204.802443364584,0.02695663541817339,1,2,0,1.0,0.0,1.0,True,,0.00055
21.0,-,31,44204.8394,2,0,-1.0,0.0,-1.0,1.0,44204.84109668467,-0.0016966846742434427,89,2,0,-1.0,0.0,-1.0,True,,0.00055
21.0,+,2,44994.1294,2,1,-1.0,0.0,-1.0,1.0,44994.12975047127,-0.000350471273122821,2,2,1,1.0,0.0,1.0,True,,0.00055
21.0,-,32,44994.1594,2,1,-1.0,0.0,-1.0,1.0,44994.16785607583,-0.008456075833237264,93,2,1,-1.0,0.0,-1.0,True,,0.00055
21.0,+,3,45770.9194,2,2,-1.0,0.0,-1.0,1.0,45770.92521389422,-0.005813894218590576,3,2,2,1.0,0.0,1.0,True,,0.00055
21.0,-,33,45770.9694,2,2,-1.0,0.0,-1.0,1.0,45770.96276628312,0.006633716882788576,96,2,2,-1.0,0.0,-1.0,True,,0.00055
21.0,+,4,46535.0094,2,3,-1.0,0.0,-1.0,1.0,46534.993141584266,0.016258415736956522,4,2,3,1.0,0.0,1.0,True,,0.00055
21.0,-,34,46535.0694,2,3,-1.0,0.0,-1.0,1.0,46535.030131733096,0.03926826690440066,100,2,3,-1.0,0.0,-1.0,True,,0.00055
21.0,+,5,47286.0694,2,4,-1.0,0.0,-1.0,1.0,47286.05397334856,0.015426651443704031,5,2,4,1.0,0.0,1.0,True,,0.00055
21.0,-,35,47286.1394,2,4,-1.0,0.0,-1.0,1.0,47286.09038887679,0.04901112320658285,104,2,4,-1.0,0.0,-1.0,True,,0.00055
21.0,+,6,48023.7494,2,5,-1.0,0.0,-1.0,1.0,48023.75338795165,-0.003987951648014132,6,2,5,1.0,0.0,1.0,True,,0.00055
21.0,-,36,48023.71,2,5,-1.0,0.0,-1.0,1.0,48023.7892132974,-0.07921329740202054,106,2,5,-1.0,0.0,-1.0,True,,0.00055
21.0,+,7,48747.2294,2,6,-1.0,0.0,-1.0,1.0,48747.66923880615,-0.439838806152693,7,2,6,1.0,0.0,1.0,True,,0.00055
21.0,-,37,48747.7794,2,6,-1.0,0.0,-1.0,1.0,48747.70445536672,0.07494463327748235,107,2,6,-1.0,0.0,-1.0,True,,0.00055
22.0,-,1,44229.1494,2,0,-1.0,0.0,-1.0,1.0,44229.121131716754,0.028268283247598447,1,2,0,-1.0,0.0,-1.0,True,,0.00055
22.0,+,31,44229.1694,2,0,-1.0,0.0,-1.0,1.0,44229.16344565631,0.005954343687335495,89,2,0,1.0,0.0,1.0,True,,0.00055
22.0,-,2,45018.2094,2,1,-1.0,0.0,-1.0,1.0,45018.20744523018,0.0019547698175301775,2,2,1,-1.0,0.0,-1.0,True,,0.00055
22.0,+,32,45018.2294,2,1,-1.0,0.0,-1.0,1.0,45018.24915934696,-0.019759346963837743,93,2,1,1.0,0.0,1.0,True,,0.00055
22.0,-,3,45794.7694,2,2,-1.0,0.0,-1.0,1.0,45794.759802128276,0.009597871721780393,3,2,2,-1.0,0.0,-1.0,True,,0.00055
22.0,+,33,45794.7994,2,2,-1.0,0.0,-1.0,1.0,45794.80091038019,-0.0015103801852092147,97,2,2,1.0,0.0,1.0,True,,0.00055
22.0,-,4,46558.6194,2,3,-1.0,0.0,-1.0,1.0,46558.58158285579,0.03781714421347715,4,2,3,-1.0,0.0,-1.0,True,,0.00055
22.0,+,34,46558.6294,2,3,-1.0,0.0,-1.0,1.0,46558.62207533481,0.007324665188207291,100,2,3,1.0,0.0,1.0,True,,0.00055
22.0,-,5,47309.4194,2,4,-1.0,0.0,-1.0,1.0,47309.39227748507,0.027122514926304575,5,2,4,-1.0,0.0,-1.0,True,,0.00055
22.0,+,35,47309.4394,2,4,-1.0,0.0,-1.0,1.0,47309.43214060225,0.007259397752932273,104,2,4,1.0,0.0,1.0,True,,0.00055
22.0,-,6,48046.8194,2,5,-1.0,0.0,-1.0,1.0,48046.83659817803,-0.017198178029502742,6,2,5,-1.0,0.0,-1.0,True,,0.00055
22.0,+,36,48070.9,2,5,-1.0,0.0,-1.0,0.0,48046.875814855994,24.024185144007788,106,2,5,1.0,0.0,1.0,True,,0.0
22.0,-,7,48770.1094,2,6,-1.0,0.0,-1.0,1.0,48770.49140785346,-0.3820078534554341,7,2,6,-1.0,0.0,-1.0,True,,0.00055
22.0,+,37,48770.5494,2,6,-1.0,0.0,-1.0,1.0,48770.529957680024,0.01944231997913448,107,2,6,1.0,0.0,1.0,True,,0.00055
23.0,+,1,44254.5594,2,0,-1.0,0.0,-1.0,1.0,44254.54078325982,0.01861674017709447,1,2,0,1.0,0.0,1.0,True,,0.00055
23.0,-,31,44254.6094,2,0,-1.0,0.0,-1.0,1.0,44254.58692037608,0.022479623919934966,89,2,0,-1.0,0.0,-1.0,True,,0.00055
23.0,+,2,45043.3994,2,1,-1.0,0.0,-1.0,1.0,45043.37511439346,0.02428560654516332,2,2,1,1.0,0.0,1.0,True,,0.00055
23.0,-,32,45043.4094,2,1,-1.0,0.0,-1.0,1.0,45043.4205972211,-0.011197221101610921,93,2,1,-1.0,0.0,-1.0,True,,0.00055
23.0,+,3,45819.6794,2,2,-1.0,0.0,-1.0,1.0,45819.673274258865,0.006125741136202123,3,2,2,1.0,0.0,1.0,True,,0.00055
23.0,-,33,45819.7194,2,2,-1.0,0.0,-1.0,1.0,45819.71809618648,0.0013038135220995173,97,2,2,-1.0,0.0,-1.0,True,,0.00055
23.0,+,4,46583.2494,2,3,-1.0,0.0,-1.0,1.0,46583.23767131303,0.011728686971764546,4,2,3,1.0,0.0,1.0,True,,0.00055
23.0,-,34,46583.2894,2,3,-1.0,0.0,-1.0,1.0,46583.281821503886,0.007578496115456801,100,2,3,-1.0,0.0,-1.0,True,,0.00055
23.0,+,5,47333.7894,2,4,-1.0,0.0,-1.0,1.0,47333.78680067394,0.00259932606422808,5,2,4,1.0,0.0,1.0,True,,0.00055
23.0,-,35,47333.8494,2,4,-1.0,0.0,-1.0,1.0,47333.83026427023,0.0191357297662762,104,2,4,-1.0,0.0,-1.0,True,,0.00055
23.0,+,6,48070.9394,2,5,-1.0,0.0,-1.0,1.0,48070.964362038205,-0.024962038201920222,6,2,5,1.0,0.0,1.0,True,,0.00055
23.0,-,36,48070.9,2,5,-1.0,0.0,-1.0,1.0,48071.00712037151,-0.1071203715109732,106,2,5,-1.0,0.0,-1.0,True,,0.00055
23.0,+,7,48794.0194,2,6,-1.0,0.0,-1.0,1.0,48794.346180835775,-0.32678083577775396,7,2,6,1.0,0.0,1.0,True,,0.00055
23.0,-,37,48794.4194,2,6,-1.0,0.0,-1.0,1.0,48794.38821159522,0.031188404776912648,107,2,6,-1.0,0.0,-1.0,True,,0.00055
24.0,-,1,44281.0794,2,0,-1.0,0.0,-1.0,1.0,44281.06080661548,0.018593384520499967,1,2,0,-1.0,0.0,-1.0,True,,0.00055
24.0,+,31,44281.1194,2,0,-1.0,0.0,-1.0,1.0,44281.110928955655,0.008471044347970746,89,2,0,1.0,0.0,1.0,True,,0.00055
24.0,-,2,45069.6494,2,1,-1.0,0.0,-1.0,1.0,45069.632161915375,0.017238084627024364,2,2,1,-1.0,0.0,-1.0,True,,0.00055
24.0,+,32,45069.6594,2,1,-1.0,0.0,-1.0,1.0,45069.68157314409,-0.02217314409062965,93,2,1,1.0,0.0,1.0,True,,0.00055
24.0,-,3,45845.6694,2,2,-1.0,0.0,-1.0,1.0,45845.66502878383,0.004371216171421111,3,2,2,-1.0,0.0,-1.0,True,,0.00055
24.0,+,33,45845.7094,2,2,-1.0,0.0,-1.0,1.0,45845.713721691835,-0.004321691834775265,97,2,2,1.0,0.0,1.0,True,,0.00055
24.0,-,4,46608.9494,2,3,-1.0,0.0,-1.0,1.0,46608.96079889867,-0.011398898670449853,4,2,3,-1.0,0.0,-1.0,True,,0.00055
24.0,+,34,46609.0294,2,3,-1.0,0.0,-1.0,1.0,46609.00876167516,0.020638324836909305,101,2,3,1.0,0.0,1.0,True,,0.00055
24.0,-,5,47359.2494,2,4,-1.0,0.0,-1.0,1.0,47359.2369269294,0.012473070601117797,5,2,4,-1.0,0.0,-1.0,True,,0.00055
24.0,+,35,47359.2794,2,4,-1.0,0.0,-1.0,1.0,47359.28414338632,-0.00474338632193394,104,2,4,1.0,0.0,1.0,True,,0.00055
24.0,-,6,48096.1294,2,5,-1.0,0.0,-1.0,1.0,48096.13605398487,-0.006653984870354179,6,2,5,-1.0,0.0,-1.0,True,,0.00055
24.0,+,36,48096.08,2,5,-1.0,0.0,-1.0,1.0,48096.18250378705,-0.1025037870494998,106,2,5,1.0,0.0,1.0,True,,0.00055
24.0,-,7,48818.9294,2,6,-1.0,0.0,-1.0,1.0,48819.23292074534,-0.3035207453358453,7,2,6,-1.0,0.0,-1.0,True,,0.00055
24.0,+,37,48819.3094,2,6,-1.0,0.0,-1.0,1.0,48819.278579592494,0.030820407504506875,107,2,6,1.0,0.0,1.0,True,,0.00055
25.0,+,1,44308.6994,2,0,-1.0,0.0,-1.0,1.0,44308.68058458795,0.018815412047842983,1,2,0,1.0,0.0,1.0,True,,0.00055
25.0,-,31,44308.7294,2,0,-1.0,0.0,-1.0,1.0,44308.73485366731,-0.005453667312394828,89,2,0,-1.0,0.0,-1.0,True,,0.00055
25.0,+,2,45096.9994,2,1,-1.0,0.0,-1.0,1.0,45096.97796571599,0.021434284011775162,2,2,1,1.0,0.0,1.0,True,,0.00055
25.0,-,32,45097.0194,2,1,-1.0,0.0,-1.0,1.0,45097.03146450575,-0.0120645057540969,93,2,1,-1.0,0.0,-1.0,True,,0.00055
25.0,+,3,45872.7494,2,2,-1.0,0.0,-1.0,1.0,45872.73443790918,0.01496209081960842,3,2,2,1.0,0.0,1.0,True,,0.00055
25.0,-,33,45872.7894,2,2,-1.0,0.0,-1.0,1.0,45872.78715857258,0.0022414274208131246,97,2,2,-1.0,0.0,-1.0,True,,0.00055
25.0,+,4,46635.7694,2,3,-1.0,0.0,-1.0,1.0,46635.7503309502,0.019069049798417836,4,2,3,1.0,0.0,1.0,True,,0.00055
25.0,-,34,46635.8194,2,3,-1.0,0.0,-1.0,1.0,46635.80226065691,0.01713934309373144,101,2,3,-1.0,0.0,-1.0,True,,0.00055
25.0,+,5,47385.7494,2,4,-1.0,0.0,-1.0,1.0,47385.7420132802,0.007386719800706487,5,2,4,1.0,0.0,1.0,True,,0.00055
25.0,-,35,47385.8094,2,4,-1.0,0.0,-1.0,1.0,47385.793134449574,0.01626555042457767,104,2,4,-1.0,0.0,-1.0,True,,0.00055
25.0,+,6,48122.3294,2,5,-1.0,0.0,-1.0,1.0,48122.35102102707,-0.021621027066430543,6,2,5,1.0,0.0,1.0,True,,0.00055
25.0,-,36,48122.3,2,5,-1.0,0.0,-1.0,1.0,48122.401311580004,-0.10131158000149298,106,2,5,-1.0,0.0,-1.0,True,,0.00055
25.0,+,7,48844.9094,2,6,-1.0,0.0,-1.0,1.0,48845.150962579704,-0.2415625797075336,7,2,6,1.0,0.0,1.0,True,,0.00055
25.0,-,37,48845.2494,2,6,-1.0,0.0,-1.0,1.0,48845.20039613544,0.04900386455847183,107,2,6,-1.0,0.0,-1.0,True,,0.00055
26.0,-,1,44337.4194,2,0,-1.0,0.0,-1.0,1.0,44337.39947415014,0.019925849861465394,1,2,0,-1.0,0.0,-1.0,True,,0.00055
26.0,+,31,44337.4594,2,0,-1.0,0.0,-1.0,1.0,44337.45805093036,0.0013490696364897303,89,2,0,1.0,0.0,1.0,True,,0.00055
26.0,-,2,45125.4194,2,1,-1.0,0.0,-1.0,1.0,45125.41187766603,0.007522333966335282,2,2,1,-1.0,0.0,-1.0,True,,0.00055
26.0,+,32,45125.4594,2,1,-1.0,0.0,-1.0,1.0,45125.46962262448,-0.010222624478046782,93,2,1,1.0,0.0,1.0,True,,0.00055
26.0,-,3,45900.8894,2,2,-1.0,0.0,-1.0,1.0,45900.880847530054,0.008552469946152996,3,2,2,-1.0,0.0,-1.0,True,,0.00055
26.0,+,33,45900.9194,2,2,-1.0,0.0,-1.0,1.0,45900.93775217293,-0.018352172934100963,97,2,2,1.0,0.0,1.0,True,,0.00055
26.0,-,4,46663.6394,2,3,-1.0,0.0,-1.0,1.0,46663.60560617772,0.03379382228013128,4,2,3,-1.0,0.0,-1.0,True,,0.00055
26.0,+,34,46663.6694,2,3,-1.0,0.0,-1.0,1.0,46663.661656607816,0.007743392183328979,101,2,3,1.0,0.0,1.0,True,,0.00055
26.0,-,5,47413.3194,2,4,-1.0,0.0,-1.0,1.0,47413.30138974306,0.01801025694294367,5,2,4,-1.0,0.0,-1.0,True,,0.00055
26.0,+,35,47413.3694,2,4,-1.0,0.0,-1.0,1.0,47413.356566924995,0.012833075008529704,105,2,4,1.0,0.0,1.0,True,,0.00055
26.0,-,6,48149.5894,2,5,-1.0,0.0,-1.0,1.0,48149.60858269738,-0.019182697382348124,6,2,5,-1.0,0.0,-1.0,True,,0.00055
26.0,+,36,48149.58,2,5,-1.0,0.0,-1.0,1.0,48149.66286272944,-0.0828627294395119,106,2,5,1.0,0.0,1.0,True,,0.00055
26.0,-,7,48871.8494,2,6,-1.0,0.0,-1.0,1.0,48872.0996133035,-0.2502133035013685,7,2,6,-1.0,0.0,-1.0,True,,0.00055
26.0,+,37,48872.1794,2,6,-1.0,0.0,-1.0,1.0,48872.15296763224,0.026432367762026843,107,2,6,1.0,0.0,1.0,True,,0.00055
27.0,+,1,44367.2394,2,0,-1.0,0.0,-1.0,1.0,44367.21680642983,0.0225935701673734,1,2,0,1.0,0.0,1.0,True,,0.00055
27.0,-,31,44367.2894,2,0,-1.0,0.0,-1.0,1.0,44367.27985129748,0.009548702524625696,89,2,0,-1.0,0.0,-1.0,True,,0.00055
27.0,+,2,45154.9394,2,1,-1.0,0.0,-1.0,1.0,45154.93322356998,0.0061764300262439065,2,2,1,1.0,0.0,1.0,True,,0.00055
27.0,-,32,45154.9794,2,1,-1.0,0.0,-1.0,1.0,45154.99537273056,-0.01597273056540871,93,2,1,-1.0,0.0,-1.0,True,,0.00055
27.0,+,3,45930.1094,2,2,-1.0,0.0,-1.0,1.0,45930.10357721193,0.005822788072691765,3,2,2,1.0,0.0,1.0,True,,0.00055
27.0,-,33,45930.1694,2,2,-1.0,0.0,-1.0,1.0,45930.16482148525,0.004578514752211049,97,2,2,-1.0,0.0,-1.0,True,,0.00055
27.0,+,4,46692.5594,2,3,-1.0,0.0,-1.0,1.0,46692.525936641614,0.03346335838432424,4,2,3,1.0,0.0,1.0,True,,0.00055
27.0,-,34,46692.6294,2,3,-1.0,0.0,-1.0,1.0,46692.58626101558,0.04313898441614583,101,2,3,-1.0,0.0,-1.0,True,,0.00055
27.0,+,5,47441.9294,2,4,-1.0,0.0,-1.0,1.0,47441.914359295755,0.015040704245620873,5,2,4,1.0,0.0,1.0,True,,0.00055
27.0,-,35,47441.9994,2,4,-1.0,0.0,-1.0,1.0,47441.973743216186,0.025656783815065864,105,2,4,-1.0,0.0,-1.0,True,,0.00055
27.0,+,6,48177.8894,2,5,-1.0,0.0,-1.0,1.0,48177.908031018276,-0.018631018276209943,6,2,5,1.0,0.0,1.0,True,,0.00055
27.0,-,36,48177.88,2,5,-1.0,0.0,-1.0,1.0,48177.966448682455,-0.08644868245755788,106,2,5,-1.0,0.0,-1.0,True,,0.00055
27.0,+,7,48899.8894,2,6,-1.0,0.0,-1.0,1.0,48900.07815180671,-0.18875180670875125,7,2,6,1.0,0.0,1.0,True,,0.00055
27.0,-,37,48900.1794,2,6,-1.0,0.0,-1.0,1.0,48900.13557239506,0.043827604938996956,107,2,6,-1.0,0.0,-1.0,True,,0.00055
28.0,-,1,44398.1594,2,0,-1.0,0.0,-1.0,1.0,44398.13188669428,0.02751330571481958,1,2,0,-1.0,0.0,-1.0,True,,0.00055
28.0,+,31,44398.1994,2,0,-1.0,0.0,-1.0,1.0,44398.199559438486,-0.00015943848848110065,89,2,0,1.0,0.0,1.0,True,,0.00055
28.0,-,2,45185.5694,2,1,-1.0,0.0,-1.0,2.0,45185.54130314961,0.028096850393922068,2,2,1,-1.0,0.0,-1.0,True,,0.0011
28.0,-,3,45960.4194,2,2,-1.0,0.0,-1.0,1.0,45960.40192017109,0.017479828908108175,3,2,2,-1.0,0.0,-1.0,True,,0.00055
28.0,+,33,45960.4594,2,2,-1.0,0.0,-1.0,1.0,45960.46765913054,-0.00825913053995464,97,2,2,1.0,0.0,1.0,True,,0.00055
28.0,-,4,46722.5194,2,3,-1.0,0.0,-1.0,1.0,46722.5106077278,0.008792272194114048,4,2,3,-1.0,0.0,-1.0,True,,0.00055
28.0,+,34,46722.5794,2,3,-1.0,0.0,-1.0,1.0,46722.57535867129,0.004041328713356052,101,2,3,1.0,0.0,1.0,True,,0.00055
28.0,-,5,47471.5894,2,4,-1.0,0.0,-1.0,1.0,47471.58019784657,0.009202153429214377,5,2,4,-1.0,0.0,-1.0,True,,0.00055
28.0,+,35,47471.6794,2,4,-1.0,0.0,-1.0,1.0,47471.64393863632,0.03546136368095176,105,2,4,1.0,0.0,1.0,True,,0.00055
28.0,-,6,48207.2294,2,5,-1.0,0.0,-1.0,1.0,48207.24863046706,-0.019230467063607648,6,2,5,-1.0,0.0,-1.0,True,,0.00055
28.0,+,36,48207.22,2,5,-1.0,0.0,-1.0,1.0,48207.311333319,-0.09133331899647601,106,2,5,1.0,0.0,1.0,True,,0.00055
28.0,-,7,48928.8694,2,6,-1.0,0.0,-1.0,1.0,48929.08582886272,-0.21642886271729367,7,2,6,-1.0,0.0,-1.0,True,,0.00055
28.0,+,37,48929.1894,2,6,-1.0,0.0,-1.0,1.0,48929.14746059627,0.041939403730793856,107,2,6,1.0,0.0,1.0,True,,0.00055
29.0,+,1,44430.1694,2,0,-1.0,0.0,-1.0,1.0,44430.14399433493,0.02540566506650066,1,2,0,1.0,0.0,1.0,True,,0.00055
29.0,-,31,44430.2194,2,0,-1.0,0.0,-1.0,1.0,44430.21645412569,0.0029458743083523586,89,2,0,-1.0,0.0,-1.0,True,,0.00055
29.0,+,2,45217.2394,2,1,-1.0,0.0,-1.0,1.0,45217.23539002606,0.004009973941720091,2,2,1,1.0,0.0,1.0,True,,0.00055
29.0,-,32,45217.2994,2,1,-1.0,0.0,-1.0,1.0,45217.30681928755,-0.0074192875472363085,93,2,1,-1.0,0.0,-1.0,True,,0.00055
29.0,+,3,45991.1794,2,2,-1.0,0.0,-1.0,1.0,45991.775143253035,-0.5957432530340157,3,2,2,1.0,0.0,1.0,True,,0.00055
29.0,-,33,45991.8194,2,2,-1.0,0.0,-1.0,1.0,45991.84553133825,-0.026131338250706904,97,2,2,-1.0,0.0,-1.0,True,,0.00055
29.0,+,4,46753.5794,2,3,-1.0,0.0,-1.0,1.0,46753.55887812305,0.020521876955172047,4,2,3,1.0,0.0,1.0,True,,0.00055
29.0,-,34,46753.6694,2,3,-1.0,0.0,-1.0,1.0,46753.6282076455,0.04119235449616099,101,2,3,-1.0,0.0,-1.0,True,,0.00055
29.0,+,5,47502.3194,2,4,-1.0,0.0,-1.0,1.0,47502.29815420546,0.02124579453811748,5,2,4,1.0,0.0,1.0,True,,0.00055
29.0,-,35,47502.3794,2,4,-1.0,0.0,-1.0,1.0,47502.36640137789,0.012998622107261326,105,2,4,-1.0,0.0,-1.0,True,,0.00055
29.0,+,6,48237.6194,2,5,-1.0,0.0,-1.0,1.0,48237.62961793873,-0.01021793872496346,6,2,5,1.0,0.0,1.0,True,,0.00055
29.0,-,36,48237.58,2,5,-1.0,0.0,-1.0,1.0,48237.696752915224,-0.11675291522260522,106,2,5,-1.0,0.0,-1.0,True,,0.00055
29.0,+,7,48958.9394,2,6,-1.0,0.0,-1.0,1.0,48959.12186708295,-0.18246708294464042,7,2,6,1.0,0.0,1.0,True,,0.00055
29.0,-,37,48959.2194,2,6,-1.0,0.0,-1.0,1.0,48959.18785422564,0.031545774363621604,107,2,6,-1.0,0.0,-1.0,True,,0.00055
30.0,-,1,44463.2894,2,0,-1.0,0.0,-1.0,1.0,44463.25238285087,0.037017149130406324,1,2,0,-1.0,0.0,-1.0,True,,0.00055
30.0,+,31,44463.3294,2,0,-1.0,0.0,-1.0,1.0,44463.32978821793,-0.00038821792986709625,89,2,0,1.0,0.0,1.0,True,,0.00055
30.0,-,2,45250.0194,2,1,-1.0,0.0,-1.0,1.0,45250.01473170164,0.004668298359320033,2,2,1,-1.0,0.0,-1.0,True,,0.00055
30.0,+,32,45250.0794,2,1,-1.0,0.0,-1.0,1.0,45250.091035605554,-0.011635605551418848,93,2,1,1.0,0.0,1.0,True,,0.00055
30.0,-,3,46024.2194,2,2,-1.0,0.0,-1.0,1.0,46024.22248691134,-0.003086911339778453,3,2,2,-1.0,0.0,-1.0,True,,0.00055
30.0,+,33,46024.2794,2,2,-1.0,0.0,-1.0,1.0,46024.297677924,-0.018277923998539336,97,2,2,1.0,0.0,1.0,True,,0.00055
30.0,-,4,46785.6894,2,3,-1.0,0.0,-1.0,1.0,46785.669979789076,0.01942021092690993,4,2,3,-1.0,0.0,-1.0,True,,0.00055
30.0,+,34,46785.7794,2,3,-1.0,0.0,-1.0,1.0,46785.74403926187,0.035360738133022096,101,2,3,1.0,0.0,1.0,True,,0.00055
30.0,-,5,47534.0794,2,4,-1.0,0.0,-1.0,1.0,47534.067450051276,0.011949948726396542,5,2,4,-1.0,0.0,-1.0,True,,0.00055
30.0,+,35,47534.1594,2,4,-1.0,0.0,-1.0,1.0,47534.140352481125,0.019047518871957436,105,2,4,1.0,0.0,1.0,True,,0.00055
30.0,-,6,48269.0394,2,5,-1.0,0.0,-1.0,1.0,48269.050202707724,-0.010802707722177729,6,2,5,-1.0,0.0,-1.0,True,,0.00055
30.0,+,36,48269.03,2,5,-1.0,0.0,-1.0,1.0,48269.12191610421,-0.09191610421112273,106,2,5,1.0,0.0,1.0,True,,0.00055
30.0,-,7,48990.0094,2,6,-1.0,0.0,-1.0,1.0,48990.18546087041,-0.17606087040621787,7,2,6,-1.0,0.0,-1.0,True,,0.00055
30.0,+,37,48990.2894,2,6,-1.0,0.0,-1.0,1.0,48990.2559470411,0.03345295890176203,107,2,6,1.0,0.0,1.0,True,,0.00055
31.0,+,1,44497.4794,2,0,-1.0,0.0,-1.0,1.0,44497.45627983223,0.02312016776704695,1,2,0,1.0,0.0,1.0,True,,0.00055
31.0,-,31,44497.5394,2,0,-1.0,0.0,-1.0,1.0,44497.53878864307,0.000611356932495255,89,2,0,-1.0,0.0,-1.0,True,,0.00055
31.0,+,2,45283.8994,2,1,-1.0,0.0,-1.0,1.0,45283.878549540736,0.02085045926651219,2,2,1,1.0,0.0,1.0,True,,0.00055
31.0,-,32,45283.9494,2,1,-1.0,0.0,-1.0,1.0,45283.95988360816,-0.010483608159120195,93,2,1,-1.0,0.0,-1.0,True,,0.00055
31.0,+,3,46057.7294,2,2,-1.0,0.0,-1.0,1.0,46057.74316518494,-0.013765184943622444,3,2,2,1.0,0.0,1.0,True,,0.00055
31.0,-,33,46057.8094,2,2,-1.0,0.0,-1.0,1.0,46057.82331226699,-0.013912266993429512,97,2,2,-1.0,0.0,-1.0,True,,0.00055
31.0,+,4,46818.8794,2,3,-1.0,0.0,-1.0,1.0,46818.84311793497,0.03628206502617104,4,2,3,1.0,0.0,1.0,True,,0.00055
31.0,-,34,46818.9394,2,3,-1.0,0.0,-1.0,1.0,46818.922058070086,0.017341929917165544,101,2,3,-1.0,0.0,-1.0,True,,0.00055
31.0,+,5,47566.3194,2,4,-1.0,0.0,-1.0,1.0,47566.88727989926,-0.5678798992594238,5,2,4,1.0,0.0,1.0,True,,0.00055
31.0,-,35,47566.9794,2,4,-1.0,0.0,-1.0,1.0,47566.96498580041,0.01441419958428014,105,2,4,-1.0,0.0,-1.0,True,,0.00055
31.0,+,6,48301.4994,2,5,-1.0,0.0,-1.0,1.0,48301.50956638818,-0.010166388179641217,6,2,5,1.0,0.0,1.0,True,,0.00055
31.0,-,36,48301.49,2,5,-1.0,0.0,-1.0,1.0,48301.58600383712,-0.0960038371194969,106,2,5,-1.0,0.0,-1.0,True,,0.00055
31.0,+,7,49022.1194,2,6,-1.0,0.0,-1.0,1.0,49022.275776371476,-0.15637637147301575,7,2,6,1.0,0.0,1.0,True,,0.00055
31.0,-,37,49022.4094,2,6,-1.0,0.0,-1.0,1.0,49022.35090452307,0.058495476929238066,107,2,6,-1.0,0.0,-1.0,True,,0.00055
32.0,-,1,44532.7794,2,0,-1.0,0.0,-1.0,1.0,44532.754886942595,0.024513057403964922,1,2,0,-1.0,0.0,-1.0,True,,0.00055
32.0,+,31,44532.8494,2,0,-1.0,0.0,-1.0,1.0,44532.84265638076,0.006743619240296539,90,2,0,1.0,0.0,1.0,True,,0.00055
32.0,-,2,45318.8294,2,1,-1.0,0.0,-1.0,1.0,45318.82603874934,0.0033612506595090963,2,2,1,-1.0,0.0,-1.0,True,,0.00055
32.0,+,32,45318.8794,2,1,-1.0,0.0,-1.0,1.0,45318.912557819014,-0.0331578190161963,93,2,1,1.0,0.0,1.0,True,,0.00055
32.0,-,3,46092.3394,2,2,-1.0,0.0,-1.0,1.0,46092.33636567452,0.003034325476619415,3,2,2,-1.0,0.0,-1.0,True,,0.00055
32.0,+,33,46092.3994,2,2,-1.0,0.0,-1.0,1.0,46092.421621286485,-0.02222128648281796,97,2,2,1.0,0.0,1.0,True,,0.00055
32.0,-,4,46853.0994,2,3,-1.0,0.0,-1.0,1.0,46853.077470989636,0.021929010363237467,4,2,3,-1.0,0.0,-1.0,True,,0.00055
32.0,+,34,46853.1994,2,3,-1.0,0.0,-1.0,1.0,46853.161441817414,0.037958182583679445,101,2,3,1.0,0.0,1.0,True,,0.00055
32.0,-,5,47600.8094,2,4,-1.0,0.0,-1.0,2.0,47600.75681106695,0.05258893304562662,5,2,4,-1.0,0.0,-1.0,True,,0.0011
32.0,-,6,48334.9794,2,5,-1.0,0.0,-1.0,1.0,48335.006862891525,-0.02746289152855752,6,2,5,-1.0,0.0,-1.0,True,,0.00055
32.0,+,36,48334.99,2,5,-1.0,0.0,-1.0,1.0,48335.08816934107,-0.09816934107220732,106,2,5,1.0,0.0,1.0,True,,0.00055
32.0,-,7,49055.2494,2,6,-1.0,0.0,-1.0,1.0,49055.39195142504,-0.14255142503679963,7,2,6,-1.0,0.0,-1.0,True,,0.00055
32.0,+,37,49055.5294,2,6,-1.0,0.0,-1.0,1.0,49055.471863821695,0.05753617830487201,107,2,6,1.0,0.0,1.0,True,,0.00055
33.0,+,1,44569.1794,2,0,-1.0,0.0,-1.0,1.0,44569.14737990045,0.032020099548390135,1,2,0,1.0,0.0,1.0,True,,0.00055
33.0,-,31,44569.2494,2,0,-1.0,0.0,-1.0,1.0,44569.24056644444,0.00883355556288734,90,2,0,-1.0,0.0,-1.0,True,,0.00055
33.0,+,2,45354.8694,2,1,-1.0,0.0,-1.0,1.0,45354.8563683553,0.01303164470300544,2,2,1,1.0,0.0,1.0,True,,0.00055
33.0,-,32,45354.9394,2,1,-1.0,0.0,-1.0,1.0,45354.948226562636,-0.008826562632748391,93,2,1,-1.0,0.0,-1.0,True,,0.00055
33.0,+,3,46127.9994,2,2,-1.0,0.0,-1.0,1.0,46128.001249518275,-0.0018495182739570737,3,2,2,1.0,0.0,1.0,True,,0.00055
33.0,-,33,46128.0894,2,2,-1.0,0.0,-1.0,1.0,46128.091765418336,-0.00236541833874071,97,2,2,-1.0,0.0,-1.0,True,,0.00055
33.0,+,4,46888.3994,2,3,-1.0,0.0,-1.0,1.0,46888.37219057139,0.02720942861196818,4,2,3,1.0,0.0,1.0,True,,0.00055
33.0,-,34,46888.4994,2,3,-1.0,0.0,-1.0,1.0,46888.46134141989,0.03805858011037344,101,2,3,-1.0,0.0,-1.0,True,,0.00055
33.0,+,5,47635.6894,2,4,-1.0,0.0,-1.0,1.0,47635.67518363835,0.014216361654689535,5,2,4,1.0,0.0,1.0,True,,0.00055
33.0,-,35,47635.7594,2,4,-1.0,0.0,-1.0,1.0,47635.76293837327,-0.0035383732683840208,105,2,4,-1.0,0.0,-1.0,True,,0.00055
33.0,+,6,48369.5194,2,5,-1.0,0.0,-1.0,1.0,48369.54121838406,-0.021818384062498808,6,2,5,1.0,0.0,1.0,True,,0.00055
33.0,-,36,48369.52,2,5,-1.0,0.0,-1.0,1.0,48369.62753807565,-0.10753807565197349,106,2,5,-1.0,0.0,-1.0,True,,0.00055
33.0,+,7,49089.4094,2,6,-1.0,0.0,-1.0,1.0,49089.533095509476,-0.12369550947914831,7,2,6,1.0,0.0,1.0,True,,0.00055
33.0,-,37,49089.6394,2,6,-1.0,0.0,-1.0,1.0,49089.61793370559,0.02146629441267578,107,2,6,-1.0,0.0,-1.0,True,,0.00055
34.0,-,1,44606.6494,2,0,-1.0,0.0,-1.0,1.0,44606.632908461055,0.016491538946866058,1,2,0,-1.0,0.0,-1.0,True,,0.00055
34.0,+,31,44606.7294,2,0,-1.0,0.0,-1.0,1.0,44606.73166786227,-0.0022678622699459083,90,2,0,1.0,0.0,1.0,True,,0.00055
34.0,-,2,45391.9694,2,1,-1.0,0.0,-1.0,1.0,45391.96868118574,0.0007188142626546323,2,2,1,-1.0,0.0,-1.0,True,,0.00055
34.0,+,32,45392.0394,2,1,-1.0,0.0,-1.0,1.0,45392.06603194138,-0.02663194137858227,93,2,1,1.0,0.0,1.0,True,,0.00055
34.0,-,3,46164.7194,2,2,-1.0,0.0,-1.0,1.0,46164.736951366576,-0.0175513665744802,3,2,2,-1.0,0.0,-1.0,True,,0.00055
34.0,+,33,46164.8094,2,2,-1.0,0.0,-1.0,1.0,46164.83287858871,-0.02347858871507924,97,2,2,1.0,0.0,1.0,True,,0.00055
34.0,-,4,46924.7394,2,3,-1.0,0.0,-1.0,1.0,46924.726401458436,0.012998541562410537,4,2,3,-1.0,0.0,-1.0,True,,0.00055
34.0,+,34,46924.8394,2,3,-1.0,0.0,-1.0,1.0,46924.82088093149,0.018519068507885095,101,2,3,1.0,0.0,1.0,True,,0.00055
34.0,-,5,47671.6194,2,4,-1.0,0.0,-1.0,1.0,47671.64151042672,-0.022110426718427334,5,2,4,-1.0,0.0,-1.0,True,,0.00055
34.0,+,35,47671.7294,2,4,-1.0,0.0,-1.0,1.0,47671.73450909458,-0.005109094585350249,105,2,4,1.0,0.0,1.0,True,,0.00055
34.0,-,6,48405.0794,2,5,-1.0,0.0,-1.0,1.0,48405.11173124127,-0.0323312412656378,6,2,5,-1.0,0.0,-1.0,True,,0.00055
34.0,+,36,48405.11,2,5,-1.0,0.0,-1.0,1.0,48405.2032076883,-0.09320768829638837,106,2,5,1.0,0.0,1.0,True,,0.00055
34.0,-,7,49124.5794,2,6,-1.0,0.0,-1.0,1.0,49124.698289688975,-0.11888968897255836,7,2,6,-1.0,0.0,-1.0,True,,0.00055
34.0,+,37,49124.8294,2,6,-1.0,0.0,-1.0,1.0,49124.788194506094,0.04120549390790984,107,2,6,1.0,0.0,1.0,True,,0.00055
35.0,+,1,44645.2294,2,0,-1.0,0.0,-1.0,1.0,44645.21059639607,0.018803603925334755,1,2,0,1.0,0.0,1.0,True,,0.00055
35.0,-,31,44645.3194,2,0,-1.0,0.0,-1.0,1.0,44645.31508365796,0.004316342041420285,90,2,0,-1.0,0.0,-1.0,True,,0.00055
35.0,+,2,45430.1694,2,1,-1.0,0.0,-1.0,1.0,45430.16209384603,0.007306153966055717,2,2,1,1.0,0.0,1.0,True,,0.00055
35.0,-,32,45430.2494,2,1,-1.0,0.0,-1.0,1.0,45430.265089813365,-0.01568981336458819,94,2,1,-1.0,0.0,-1.0,True,,0.00055
35.0,+,3,46202.5394,2,2,-1.0,0.0,-1.0,1.0,46202.542579355795,-0.0031793557936907746,3,2,2,1.0,0.0,1.0,True,,0.00055
35.0,-,33,46202.6394,2,2,-1.0,0.0,-1.0,1.0,46202.644068188274,-0.004668188274081331,97,2,2,-1.0,0.0,-1.0,True,,0.00055
35.0,+,4,46962.1594,2,3,-1.0,0.0,-1.0,1.0,46962.13920155668,0.020198443315166514,4,2,3,1.0,0.0,1.0,True,,0.00055
35.0,-,34,46962.2594,2,3,-1.0,0.0,-1.0,1.0,46962.23915751223,0.020242487771611195,101,2,3,-1.0,0.0,-1.0,True,,0.00055
35.0,+,5,47708.6694,2,4,-1.0,0.0,-1.0,1.0,47708.65487693666,0.014523063342494424,5,2,4,1.0,0.0,1.0,True,,0.00055
35.0,-,35,47708.6694,2,4,-1.0,0.0,-1.0,1.0,47708.75326489282,-0.08386489281838294,105,2,4,-1.0,0.0,-1.0,True,,0.00055
35.0,+,6,48441.6894,2,5,-1.0,0.0,-1.0,1.0,48441.71747200128,-0.028072001274267677,6,2,5,1.0,0.0,1.0,True,,0.00055
35.0,-,36,48441.69,2,5,-1.0,0.0,-1.0,1.0,48441.814247967566,-0.12424796756386058,106,2,5,-1.0,0.0,-1.0,True,,0.00055
35.0,+,7,49160.7794,2,6,-1.0,0.0,-1.0,1.0,49160.886586555964,-0.10718655596429016,7,2,6,1.0,0.0,1.0,True,,0.00055
35.0,-,37,49160.9994,2,6,-1.0,0.0,-1.0,1.0,49160.98169806184,0.017701938159007113,107,2,6,-1.0,0.0,-1.0,True,,0.00055
36.0,-,1,44684.8794,2,0,-1.0,0.0,-1.0,1.0,44684.879541473754,-0.0001414737562299706,1,2,0,-1.0,0.0,-1.0,True,,0.00055
36.0,+,31,44685.0094,2,0,-1.0,0.0,-1.0,1.0,44684.98991083001,0.019489169993903488,90,2,0,1.0,0.0,1.0,True,,0.00055
36.0,-,2,45469.4394,2,1,-1.0,0.0,-1.0,1.0,45469.43569669578,0.0037033042244729586,2,2,1,-1.0,0.0,-1.0,True,,0.00055
36.0,+,32,45469.5494,2,1,-1.0,0.0,-1.0,1.0,45469.54448977102,0.004910228984954301,94,2,1,1.0,0.0,1.0,True,,0.00055
36.0,-,3,46241.3994,2,2,-1.0,0.0,-1.0,1.0,46241.417215080735,-0.017815080733271316,3,2,2,-1.0,0.0,-1.0,True,,0.00055
36.0,+,33,46241.5094,2,2,-1.0,0.0,-1.0,1.0,46241.524415045365,-0.015015045362815727,97,2,2,1.0,0.0,1.0,True,,0.00055
36.0,-,4,47000.6194,2,3,-1.0,0.0,-1.0,1.0,47000.60966186725,0.009738132750499062,4,2,3,-1.0,0.0,-1.0,True,,0.00055
36.0,+,34,47000.7494,2,3,-1.0,0.0,-1.0,1.0,47000.71524139615,0.034158603848482016,101,2,3,1.0,0.0,1.0,True,,0.00055
36.0,-,5,47746.7094,2,4,-1.0,0.0,-1.0,1.0,47746.71434132377,-0.004941323772072792,5,2,4,-1.0,0.0,-1.0,True,,0.00055
36.0,+,35,47746.8194,2,4,-1.0,0.0,-1.0,1.0,47746.818263154695,0.0011368453051545657,105,2,4,1.0,0.0,1.0,True,,0.00055
36.0,-,6,48479.3194,2,5,-1.0,0.0,-1.0,1.0,48479.357483316555,-0.03808331655454822,6,2,5,-1.0,0.0,-1.0,True,,0.00055
36.0,+,36,48479.35,2,5,-1.0,0.0,-1.0,1.0,48479.459700793974,-0.10970079397520749,106,2,5,1.0,0.0,1.0,True,,0.00055
36.0,-,7,49197.9994,2,6,-1.0,0.0,-1.0,1.0,49198.097010172525,-0.0976101725245826,7,2,6,-1.0,0.0,-1.0,True,,0.00055
36.0,+,37,49198.2294,2,6,-1.0,0.0,-1.0,1.0,49198.197467658494,0.03193234150239732,107,2,6,1.0,0.0,1.0,True,,0.00055
37.0,+,1,44725.6594,2,0,-1.0,0.0,-1.0,1.0,44725.638815437844,0.02058456215308979,1,2,0,1.0,0.0,1.0,True,,0.00055
37.0,-,31,44725.7494,2,0,-1.0,0.0,-1.0,1.0,44725.755220331186,-0.005820331185532268,90,2,0,-1.0,0.0,-1.0,True,,0.00055
37.0,+,2,45509.7994,2,1,-1.0,0.0,-1.0,1.0,45509.78855382541,0.010846174591279123,2,2,1,1.0,0.0,1.0,True,,0.00055
37.0,-,32,45509.8794,2,1,-1.0,0.0,-1.0,1.0,45509.90329511581,-0.023895115809864365,94,2,1,-1.0,0.0,-1.0,True,,0.00055
37.0,+,3,46281.3594,2,2,-1.0,0.0,-1.0,1.0,46281.35991356686,-0.0005135668616276234,3,2,2,1.0,0.0,1.0,True,,0.00055
37.0,-,33,46281.4494,2,2,-1.0,0.0,-1.0,1.0,46281.47297339685,-0.02357339685113402,98,2,2,-1.0,0.0,-1.0,True,,0.00055
37.0,+,4,47040.1594,2,3,-1.0,0.0,-1.0,1.0,47040.13682645227,0.02257354772882536,4,2,3,1.0,0.0,1.0,True,,0.00055
37.0,-,34,47040.2694,2,3,-1.0,0.0,-1.0,1.0,47040.24817585705,0.021224142947176006,102,2,3,-1.0,0.0,-1.0,True,,0.00055
37.0,+,5,47785.8294,2,4,-1.0,0.0,-1.0,1.0,47785.81893435382,0.010465646184457,5,2,4,1.0,0.0,1.0,True,,0.00055
37.0,-,35,47785.9294,2,4,-1.0,0.0,-1.0,1.0,47785.92853385608,0.0008661439205752686,105,2,4,-1.0,0.0,-1.0,True,,0.00055
37.0,+,6,48518.0194,2,5,-1.0,0.0,-1.0,1.0,48518.03077990369,-0.011379903691704385,6,2,5,1.0,0.0,1.0,True,,0.00055
37.0,-,36,48518.02,2,5,-1.0,0.0,-1.0,1.0,48518.138580091414,-0.11858009141724324,106,2,5,-1.0,0.0,-1.0,True,,0.00055
37.0,+,7,49236.2594,2,6,-1.0,0.0,-1.0,1.0,49236.328556009,-0.0691560089981067,7,2,6,1.0,0.0,1.0,True,,0.00055
37.0,-,37,49236.4494,2,6,-1.0,0.0,-1.0,1.0,49236.43449796887,0.01490203112916788,107,2,6,-1.0,0.0,-1.0,True,,0.00055
38.0,-,1,44767.4694,2,0,-1.0,0.0,-1.0,1.0,44767.48746398574,-0.018063985735352617,1,2,0,-1.0,0.0,-1.0,True,,0.00055
38.0,+,31,44767.6294,2,0,-1.0,0.0,-1.0,1.0,44767.61005704671,0.01934295328828739,90,2,0,1.0,0.0,1.0,True,,0.00055
38.0,-,2,45551.1994,2,1,-1.0,0.0,-1.0,1.0,45551.219703031646,-0.020303031647927128,2,2,1,-1.0,0.0,-1.0,True,,0.00055
38.0,+,32,45551.3394,2,1,-1.0,0.0,-1.0,1.0,45551.340542833495,-0.0011428334983065724,94,2,1,1.0,0.0,1.0,True,,0.00055
38.0,-,3,46322.3294,2,2,-1.0,0.0,-1.0,1.0,46322.36970324119,-0.04030324118502904,3,2,2,-1.0,0.0,-1.0,True,,0.00055
38.0,+,33,46322.4894,2,2,-1.0,0.0,-1.0,1.0,46322.488770860335,0.0006291396639426239,98,2,2,1.0,0.0,1.0,True,,0.00055
38.0,-,4,47080.7094,2,3,-1.0,0.0,-1.0,1.0,47080.719712399674,-0.010312399674148764,4,2,3,-1.0,0.0,-1.0,True,,0.00055
38.0,+,34,47080.8894,2,3,-1.0,0.0,-1.0,1.0,47080.83697717325,0.05242282675317256,102,2,3,1.0,0.0,1.0,True,,0.00055
38.0,-,5,47825.9594,2,4,-1.0,0.0,-1.0,1.0,47825.96765935916,-0.008259359157818835,5,2,4,-1.0,0.0,-1.0,True,,0.00055
38.0,+,35,47826.0894,2,4,-1.0,0.0,-1.0,1.0,47826.08307951799,0.006320482003502548,105,2,4,1.0,0.0,1.0,True,,0.00055
38.0,-,6,48557.7094,2,5,-1.0,0.0,-1.0,1.0,48557.73634849102,-0.026948491016810294,6,2,5,-1.0,0.0,-1.0,True,,0.00055
38.0,+,36,48557.76,2,5,-1.0,0.0,-1.0,1.0,48557.84987177306,-0.08987177305971272,106,2,5,1.0,0.0,1.0,True,,0.00055
38.0,-,7,49275.4894,2,6,-1.0,0.0,-1.0,1.0,49275.58019088114,-0.09079088114231126,7,2,6,-1.0,0.0,-1.0,True,,0.00055
38.0,+,37,49275.7294,2,6,-1.0,0.0,-1.0,1.0,49275.691754988744,0.03764501125260722,107,2,6,1.0,0.0,1.0,True,,0.00055
39.0,+,1,44810.4294,2,0,-1.0,0.0,-1.0,1.0,44810.42450674651,0.004893253491900396,1,2,0,1.0,0.0,1.0,True,,0.00055
39.0,-,31,44810.5494,2,0,-1.0,0.0,-1.0,1.0,44810.55343977239,-0.004039772386022378,90,2,0,-1.0,0.0,-1.0,True,,0.00055
39.0,+,2,45593.7294,2,1,-1.0,0.0,-1.0,1.0,45593.728155791556,0.0012442084407666698,2,2,1,1.0,0.0,1.0,True,,0.00055
39.0,-,32,45593.8194,2,1,-1.0,0.0,-1.0,1.0,45593.85524357019,-0.03584357019281015,94,2,1,-1.0,0.0,-1.0,True,,0.00055
39.0,+,3,46364.4394,2,2,-1.0,0.0,-1.0,1.0,46364.44558590129,-0.006185901285789441,3,2,2,1.0,0.0,1.0,True,,0.00055
39.0,-,33,46364.5494,2,2,-1.0,0.0,-1.0,1.0,46364.57080840326,-0.02140840325591853,98,2,2,-1.0,0.0,-1.0,True,,0.00055
39.0,+,4,47122.3694,2,3,-1.0,0.0,-1.0,1.0,47122.3573097872,0.012090212803741451,4,2,3,1.0,0.0,1.0,True,,0.00055
39.0,-,34,47122.5094,2,3,-1.0,0.0,-1.0,1.0,47122.48063459117,0.028765408831532113,102,2,3,-1.0,0.0,-1.0,True,,0.00055
39.0,+,5,47867.1694,2,4,-1.0,0.0,-1.0,1.0,47867.15949219581,0.009907804189424496,5,2,4,1.0,0.0,1.0,True,,0.00055
39.0,-,35,47867.2594,2,4,-1.0,0.0,-1.0,1.0,47867.28087516329,-0.02147516328841448,105,2,4,-1.0,0.0,-1.0,True,,0.00055
39.0,+,6,48598.4794,2,5,-1.0,0.0,-1.0,1.0,48598.473147765086,0.0062522349107894115,6,2,5,1.0,0.0,1.0,True,,0.00055
39.0,-,36,48598.46,2,5,-1.0,0.0,-1.0,1.0,48598.59253368927,-0.1325336892696214,106,2,5,-1.0,0.0,-1.0,True,,0.00055
39.0,+,7,49315.8194,2,6,-1.0,0.0,-1.0,1.0,49315.85085288413,-0.031452884126338176,7,2,6,1.0,0.0,1.0,True,,0.00055
39.0,-,37,49315.9894,2,6,-1.0,0.0,-1.0,1.0,49315.9681759719,0.021224028096185066,107,2,6,-1.0,0.0,-1.0,True,,0.00055
40.0,-,1,44854.4094,2,0,-1.0,0.0,-1.0,1.0,44854.448937257264,-0.03953725726751145,1,2,0,-1.0,0.0,-1.0,True,,0.00055
40.0,+,31,44854.6094,2,0,-1.0,0.0,-1.0,1.0,44854.58436119067,0.02503880933363689,90,2,0,1.0,0.0,1.0,True,,0.00055
40.0,-,2,45637.2794,2,1,-1.0,0.0,-1.0,1.0,45637.3128972366,-0.03349723660357995,2,2,1,-1.0,0.0,-1.0,True,,0.00055
40.0,+,32,45637.4594,2,1,-1.0,0.0,-1.0,1.0,45637.44638160445,0.013018395547987893,94,2,1,1.0,0.0,1.0,True,,0.00055
40.0,-,3,46407.5594,2,2,-1.0,0.0,-1.0,1.0,46407.58653668548,-0.027136685479490552,3,2,2,-1.0,0.0,-1.0,True,,0.00055
40.0,+,33,46407.7294,2,2,-1.0,0.0,-1.0,1.0,46407.71806031169,0.011339688309817575,98,2,2,1.0,0.0,1.0,True,,0.00055
40.0,-,4,47165.0294,2,3,-1.0,0.0,-1.0,1.0,47165.04858164423,-0.019181644231139217,4,2,3,-1.0,0.0,-1.0,True,,0.00055
40.0,+,34,47165.2294,2,3,-1.0,0.0,-1.0,1.0,47165.17811028792,0.05128971207886934,102,2,3,1.0,0.0,1.0,True,,0.00055
40.0,-,5,47909.3694,2,4,-1.0,0.0,-1.0,1.0,47909.39338119626,-0.02398119626013795,5,2,4,-1.0,0.0,-1.0,True,,0.00055
40.0,+,35,47909.5194,2,4,-1.0,0.0,-1.0,1.0,47909.5208682705,-0.0014682705004815944,105,2,4,1.0,0.0,1.0,True,,0.00055
40.0,-,6,48640.2194,2,5,-1.0,0.0,-1.0,1.0,48640.24010831422,-0.02070831421588082,6,2,5,-1.0,0.0,-1.0,True,,0.00055
40.0,+,36,48640.3894,2,5,-1.0,0.0,-1.0,1.0,48640.36549557081,0.02390442918840563,106,2,5,1.0,0.0,1.0,True,,0.00055
40.0,-,7,49357.0594,2,6,-1.0,0.0,-1.0,1.0,49357.13945132488,-0.08005132488324307,7,2,6,-1.0,0.0,-1.0,True,,0.00055
40.0,+,37,49357.2994,2,6,-1.0,0.0,-1.0,1.0,49357.262669361415,0.036730638588778675,107,2,6,1.0,0.0,1.0,True,,0.00055
41.0,+,1,44899.5394,2,0,-1.0,0.0,-1.0,1.0,44899.55972293958,-0.020322939577454235,1,2,0,1.0,0.0,1.0,True,,0.00055
41.0,-,31,44899.6994,2,0,-1.0,0.0,-1.0,1.0,44899.701787847414,-0.002387847416684963,90,2,0,-1.0,0.0,-1.0,True,,0.00055
41.0,+,2,45681.9694,2,1,-1.0,0.0,-1.0,1.0,45681.97288612507,-0.0034861250678659417,2,2,1,1.0,0.0,1.0,True,,0.00055
41.0,-,32,45662.0794,2,1,-1.0,0.0,-1.0,0.0,45682.11291482086,-20.03351482085418,94,2,1,-1.0,0.0,-1.0,True,,0.0
41.0,+,3,46451.7794,2,2,-1.0,0.0,-1.0,1.0,46451.79150403929,-0.012104039291443769,3,2,2,1.0,0.0,1.0,True,,0.00055
41.0,-,33,46451.9094,2,2,-1.0,0.0,-1.0,1.0,46451.92947415809,-0.020074158092029393,98,2,2,-1.0,0.0,-1.0,True,,0.00055
41.0,+,4,47208.7894,2,3,-1.0,0.0,-1.0,1.0,47208.79246391305,-0.0030639130491181277,4,2,3,1.0,0.0,1.0,True,,0.00055
41.0,-,34,47208.9494,2,3,-1.0,0.0,-1.0,1.0,47208.92833933276,0.021060667240817565,102,2,3,-1.0,0.0,-1.0,True,,0.00055
41.0,+,5,47952.6794,2,4,-1.0,0.0,-1.0,1.0,47952.668247122965,0.011152877035783604,5,2,4,1.0,0.0,1.0,True,,0.00055
41.0,-,35,47952.7094,2,4,-1.0,0.0,-1.0,1.0,47952.801978726406,-0.09257872640591813,105,2,4,-1.0,0.0,-1.0,True,,0.00055
41.0,+,6,48683.0094,2,5,-1.0,0.0,-1.0,1.0,48683.03613257185,-0.026732571845059283,6,2,5,1.0,0.0,1.0,True,,0.00055
41.0,-,36,48683.1694,2,5,-1.0,0.0,-1.0,1.0,48683.16765897121,0.0017410287910024635,106,2,5,-1.0,0.0,-1.0,True,,0.00055
41.0,+,7,49399.3994,2,6,-1.0,0.0,-1.0,1.0,49399.44486665128,-0.045466651281458326,7,2,6,1.0,0.0,1.0,True,,0.00055
41.0,-,37,49399.5994,2,6,-1.0,0.0,-1.0,1.0,49399.57411472055,0.02528527945105452,107,2,6,-1.0,0.0,-1.0,True,,0.00055
42.0,-,1,44945.7294,2,0,-1.0,0.0,-1.0,1.0,44945.75580507478,-0.026405074786453042,1,2,0,-1.0,0.0,-1.0,True,,0.00055
42.0,+,31,44945.9194,2,0,-1.0,0.0,-1.0,1.0,44945.9046601274,0.014739872596692294,90,2,0,1.0,0.0,1.0,True,,0.00055
42.0,-,2,45727.6794,2,1,-1.0,0.0,-1.0,1.0,45727.70705481425,-0.027654814250126947,2,2,1,-1.0,0.0,-1.0,True,,0.00055
42.0,+,32,45727.8594,2,1,-1.0,0.0,-1.0,1.0,45727.85377468215,0.0056253178481711075,94,2,1,1.0,0.0,1.0,True,,0.00055
42.0,-,3,46497.0194,2,2,-1.0,0.0,-1.0,1.0,46497.05940968276,-0.040009682765230536,3,2,2,-1.0,0.0,-1.0,True,,0.00055
42.0,+,33,46497.2094,2,2,-1.0,0.0,-1.0,1.0,46497.20397076909,0.005429230906884186,98,2,2,1.0,0.0,1.0,True,,0.00055
42.0,-,4,47253.5694,2,3,-1.0,0.0,-1.0,1.0,47253.5878654088,-0.018465408800693695,4,2,3,-1.0,0.0,-1.0,True,,0.00055
42.0,+,34,47253.7794,2,3,-1.0,0.0,-1.0,1.0,47253.73022964585,0.04917035414837301,102,2,3,1.0,0.0,1.0,True,,0.00055
42.0,-,5,47996.9494,2,4,-1.0,0.0,-1.0,1.0,47996.98298311907,-0.03358311907504685,5,2,4,-1.0,0.0,-1.0,True,,0.00055
42.0,+,35,47996.5994,2,4,-1.0,0.0,-1.0,1.0,47997.123098777265,-0.5236987772659631,105,2,4,1.0,0.0,1.0,True,,0.00055
42.0,-,6,48726.8194,2,5,-1.0,0.0,-1.0,1.0,48726.86009475566,-0.04069475566211622,6,2,5,-1.0,0.0,-1.0,True,,0.00055
42.0,+,36,48727.0294,2,5,-1.0,0.0,-1.0,1.0,48726.99789720784,0.031502792160608806,106,2,5,1.0,0.0,1.0,True,,0.00055
42.0,-,7,49442.6894,2,6,-1.0,0.0,-1.0,1.0,49442.76595038033,-0.0765503803268075,7,2,6,-1.0,0.0,-1.0,True,,0.00055
42.0,+,37,49442.9694,2,6,-1.0,0.0,-1.0,1.0,49442.901362658966,0.06803734103596071,107,2,6,1.0,0.0,1.0,True,,0.00055
43.0,+,1,44993.0194,2,0,-1.0,0.0,-1.0,1.0,44993.03609877826,-0.01669877826498123,1,2,0,1.0,0.0,1.0,True,,0.00055
43.0,-,31,44993.1794,2,0,-1.0,0.0,-1.0,1.0,44993.19189222818,-0.01249222817568807,90,2,0,-1.0,0.0,-1.0,True,,0.00055
43.0,+,2,45774.4994,2,1,-1.0,0.0,-1.0,1.0,45774.5143092314,-0.014909231402270962,2,2,1,1.0,0.0,1.0,True,,0.00055
43.0,-,32,45774.6194,2,1,-1.0,0.0,-1.0,1.0,45774.66786619963,-0.04846619962336263,94,2,1,-1.0,0.0,-1.0,True,,0.00055
43.0,+,3,46543.3694,2,2,-1.0,0.0,-1.0,1.0,46543.38914857614,-0.01974857613822678,3,2,2,1.0,0.0,1.0,True,,0.00055
43.0,-,33,46543.5094,2,2,-1.0,0.0,-1.0,1.0,46543.540444189515,-0.03104418951261323,98,2,2,-1.0,0.0,-1.0,True,,0.00055
43.0,+,4,47299.4394,2,3,-1.0,0.0,-1.0,1.0,47299.43366777774,0.005732222263759468,4,2,3,1.0,0.0,1.0,True,,0.00055
43.0,-,34,47299.5994,2,3,-1.0,0.0,-1.0,1.0,47299.58266195792,0.01673804208257934,102,2,3,-1.0,0.0,-1.0,True,,0.00055
43.0,+,5,48042.3494,2,4,-1.0,0.0,-1.0,1.0,48042.33645465769,0.012945342306920793,5,2,4,1.0,0.0,1.0,True,,0.00055
43.0,-,35,48042.6694,2,4,-1.0,0.0,-1.0,1.0,48042.48309297842,0.1863070215767948,105,2,4,-1.0,0.0,-1.0,True,,0.00055
43.0,+,6,48771.6794,2,5,-1.0,0.0,-1.0,1.0,48771.71084080678,-0.03144080677884631,6,2,5,1.0,0.0,1.0,True,,0.00055
43.0,-,36,48771.8594,2,5,-1.0,0.0,-1.0,1.0,48771.855055298955,0.00434470104664797,106,2,5,-1.0,0.0,-1.0,True,,0.00055
43.0,+,7,49487.0594,2,6,-1.0,0.0,-1.0,1.0,49487.10152502183,-0.04212502183509059,7,2,6,1.0,0.0,1.0,True,,0.00055
43.0,-,37,49487.2894,2,6,-1.0,0.0,-1.0,1.0,49487.243234758316,0.046165241685230285,107,2,6,-1.0,0.0,-1.0,True,,0.00055
44.0,-,1,45041.3594,2,0,-1.0,0.0,-1.0,1.0,45041.39949297388,-0.04009297387528932,1,2,0,-1.0,0.0,-1.0,True,,0.00055
44.0,+,31,45041.5794,2,0,-1.0,0.0,-1.0,1.0,45041.56237213514,0.017027864865667652,91,2,0,1.0,0.0,1.0,True,,0.00055
44.0,-,2,45822.3494,2,1,-1.0,0.0,-1.0,1.0,45822.393528843364,-0.04412884336488787,2,2,1,-1.0,0.0,-1.0,True,,0.00055
44.0,+,32,45822.5594,2,1,-1.0,0.0,-1.0,1.0,45822.554067904115,0.005332095883204602,94,2,1,1.0,0.0,1.0,True,,0.00055
44.0,-,3,46590.7294,2,2,-1.0,0.0,-1.0,1.0,46590.77958888437,-0.05018888437189162,3,2,2,-1.0,0.0,-1.0,True,,0.00055
44.0,+,33,46590.9394,2,2,-1.0,0.0,-1.0,1.0,46590.93776164885,0.0016383511538151652,98,2,2,1.0,0.0,1.0,True,,0.00055
44.0,-,4,47346.3194,2,3,-1.0,0.0,-1.0,1.0,47346.328725454325,-0.009325454324425664,4,2,3,-1.0,0.0,-1.0,True,,0.00055
44.0,+,34,47346.5394,2,3,-1.0,0.0,-1.0,1.0,47346.484489766735,0.05491023326612776,102,2,3,1.0,0.0,1.0,True,,0.00055
44.0,-,5,48088.7094,2,4,-1.0,0.0,-1.0,1.0,48088.72749949029,-0.018099490291206166,5,2,4,-1.0,0.0,-1.0,True,,0.00055
44.0,+,35,48089.0294,2,4,-1.0,0.0,-1.0,1.0,48088.880798141756,0.14860185824363725,105,2,4,1.0,0.0,1.0,True,,0.00055
44.0,-,6,48817.5394,2,5,-1.0,0.0,-1.0,1.0,48817.58718832526,-0.04778832526062615,6,2,5,-1.0,0.0,-1.0,True,,0.00055
44.0,+,36,48817.7794,2,5,-1.0,0.0,-1.0,1.0,48817.73794990127,0.04145009873172967,106,2,5,1.0,0.0,1.0,True,,0.00055
44.0,-,7,49532.3894,2,6,-1.0,0.0,-1.0,1.0,49532.45038400186,-0.060984001858741976,7,2,6,-1.0,0.0,-1.0,True,,0.00055
44.0,+,37,49532.6894,2,6,-1.0,0.0,-1.0,1.0,49532.598523493856,0.09087650614674203,107,2,6,1.0,0.0,1.0,True,,0.00055
45.0,+,1,45090.8194,2,0,-1.0,0.0,-1.0,1.0,45090.84485036618,-0.02545036617812002,1,2,0,1.0,0.0,1.0,True,,0.00055
45.0,-,31,45090.9994,2,0,-1.0,0.0,-1.0,1.0,45091.01496159354,-0.015561593536403961,91,2,0,-1.0,0.0,-1.0,True,,0.00055
45.0,+,2,45871.3194,2,1,-1.0,0.0,-1.0,1.0,45871.343566626885,-0.02416662688483484,2,2,1,1.0,0.0,1.0,True,,0.00055
45.0,-,32,45871.4994,2,1,-1.0,0.0,-1.0,1.0,45871.511231814235,-0.01183181423402857,94,2,1,-1.0,0.0,-1.0,True,,0.00055
45.0,+,3,46639.1994,2,2,-1.0,0.0,-1.0,1.0,46639.22957194005,-0.030171940052241553,3,2,2,1.0,0.0,1.0,True,,0.00055
45.0,-,33,46639.3794,2,2,-1.0,0.0,-1.0,1.0,46639.39476352272,-0.015363522725237999,98,2,2,-1.0,0.0,-1.0,True,,0.00055
45.0,+,4,47394.2794,2,3,-1.0,0.0,-1.0,1.0,47394.27186561712,0.007534382879384793,4,2,3,1.0,0.0,1.0,True,,0.00055
45.0,-,34,47394.4594,2,3,-1.0,0.0,-1.0,1.0,47394.43453929334,0.024860706660547294,102,2,3,-1.0,0.0,-1.0,True,,0.00055
45.0,+,5,48136.1494,2,4,-1.0,0.0,-1.0,1.0,48136.154927591655,-0.005527591652935371,5,2,4,1.0,0.0,1.0,True,,0.00055
45.0,-,35,48136.3994,2,4,-1.0,0.0,-1.0,1.0,48136.31502328186,0.08437671814317582,105,2,4,-1.0,0.0,-1.0,True,,0.00055
45.0,+,6,48864.4594,2,5,-1.0,0.0,-1.0,1.0,48864.487926505084,-0.02852650508430088,6,2,5,1.0,0.0,1.0,True,,0.00055
45.0,-,36,48864.6394,2,5,-1.0,0.0,-1.0,1.0,48864.64536924352,-0.005969243517029099,106,2,5,-1.0,0.0,-1.0,True,,0.00055
45.0,+,7,49578.7594,2,6,-1.0,0.0,-1.0,1.0,49578.81129158105,-0.05189158104622038,7,2,6,1.0,0.0,1.0,True,,0.00055
45.0,-,37,49579.0194,2,6,-1.0,0.0,-1.0,1.0,49578.9659921547,0.053407845298352186,107,2,6,-1.0,0.0,-1.0,True,,0.00055
46.0,-,1,45141.3194,2,0,-1.0,0.0,-1.0,1.0,45141.37100741321,-0.05160741321014939,1,2,0,-1.0,0.0,-1.0,True,,0.00055
46.0,+,31,45141.5594,2,0,-1.0,0.0,-1.0,1.0,45141.54849608094,0.010903919057454914,91,2,0,1.0,0.0,1.0,True,,0.00055
46.0,-,2,45921.3094,2,1,-1.0,0.0,-1.0,1.0,45921.36324903547,-0.053849035473831464,2,2,1,-1.0,0.0,-1.0,True,,0.00055
46.0,+,32,45921.5394,2,1,-1.0,0.0,-1.0,1.0,45921.538183405646,0.0012165943553554825,95,2,1,1.0,0.0,1.0,True,,0.00055
46.0,-,3,46688.6894,2,2,-1.0,0.0,-1.0,1.0,46688.737912206496,-0.048512206492887344,3,2,2,-1.0,0.0,-1.0,True,,0.00055
46.0,+,33,46688.9194,2,2,-1.0,0.0,-1.0,1.0,46688.91026329693,0.00913670306908898,98,2,2,1.0,0.0,1.0,True,,0.00055
46.0,-,4,47443.2394,2,3,-1.0,0.0,-1.0,1.0,47443.261888142915,-0.02248814291669987,4,2,3,-1.0,0.0,-1.0,True,,0.00055
46.0,+,34,47443.4894,2,3,-1.0,0.0,-1.0,1.0,47443.43160943579,0.05779056420578854,102,2,3,1.0,0.0,1.0,True,,0.00055
46.0,-,5,48184.5894,2,4,-1.0,0.0,-1.0,1.0,48184.617521105,-0.028121105002355762,5,2,4,-1.0,0.0,-1.0,True,,0.00055
46.0,+,35,48184.8694,2,4,-1.0,0.0,-1.0,1.0,48184.78454956066,0.08485043934342684,105,2,4,1.0,0.0,1.0,True,,0.00055
46.0,-,6,48912.3594,2,5,-1.0,0.0,-1.0,1.0,48912.41181606545,-0.0524160654458683,6,2,5,-1.0,0.0,-1.0,True,,0.00055
46.0,+,36,48912.5894,2,5,-1.0,0.0,-1.0,1.0,48912.576073058706,0.013326941290870309,106,2,5,1.0,0.0,1.0,True,,0.00055
46.0,-,7,49626.0894,2,6,-1.0,0.0,-1.0,1.0,49626.1829827731,-0.09358277310093399,7,2,6,-1.0,0.0,-1.0,True,,0.00055
46.0,+,37,49626.4694,2,6,-1.0,0.0,-1.0,1.0,49626.34437476071,0.12502523929288145,107,2,6,1.0,0.0,1.0,True,,0.00055
47.0,+,1,45192.9394,2,0,-1.0,0.0,-1.0,1.0,45192.97677429757,-0.037374297564383596,1,2,0,1.0,0.0,1.0,True,,0.00055
47.0,-,31,45193.1494,2,0,-1.0,0.0,-1.0,1.0,45193.16178477956,-0.012384779554849956,91,2,0,-1.0,0.0,-1.0,True,,0.00055
47.0,+,2,45972.4294,2,1,-1.0,0.0,-1.0,1.0,45972.45137596742,-0.021975967421894893,2,2,1,1.0,0.0,1.0,True,,0.00055
47.0,-,32,45972.6194,2,1,-1.0,0.0,-1.0,1.0,45972.63372157782,-0.014321577815280762,95,2,1,-1.0,0.0,-1.0,True,,0.00055
47.0,+,3,46739.2694,2,2,-1.0,0.0,-1.0,1.0,46739.30339723806,-0.033997238060692325,3,2,2,1.0,0.0,1.0,True,,0.00055
47.0,-,33,46739.4594,2,2,-1.0,0.0,-1.0,1.0,46739.483047527676,-0.023647527676075697,99,2,2,-1.0,0.0,-1.0,True,,0.00055
47.0,+,4,47493.2794,2,3,-1.0,0.0,-1.0,1.0,47493.297565559646,-0.01816555964614963,4,2,3,1.0,0.0,1.0,True,,0.00055
47.0,-,34,47493.4894,2,3,-1.0,0.0,-1.0,1.0,47493.47447172256,0.014928277436411008,103,2,3,-1.0,0.0,-1.0,True,,0.00055
47.0,+,5,48234.1194,2,4,-1.0,0.0,-1.0,1.0,48234.1140342846,0.005365715405787341,5,2,4,1.0,0.0,1.0,True,,0.00055
47.0,-,35,48234.3494,2,4,-1.0,0.0,-1.0,1.0,48234.288130229535,0.06126977046369575,105,2,4,-1.0,0.0,-1.0,True,,0.00055
47.0,+,6,48961.3194,2,5,-1.0,0.0,-1.0,1.0,48961.35758918057,-0.03818918056640541,6,2,5,1.0,0.0,1.0,True,,0.00055
47.0,-,36,48961.5094,2,5,-1.0,0.0,-1.0,1.0,48961.52879251322,-0.019392513218917884,106,2,5,-1.0,0.0,-1.0,True,,0.00055
48.0,-,1,45245.5994,2,0,-1.0,0.0,-1.0,1.0,45245.660934897234,-0.061534897235105745,1,2,0,-1.0,0.0,-1.0,True,,0.00055
48.0,+,31,45245.8494,2,0,-1.0,0.0,-1.0,1.0,45245.853610545295,-0.004210545295791235,91,2,0,1.0,0.0,1.0,True,,0.00055
48.0,-,2,46024.5594,2,1,-1.0,0.0,-1.0,1.0,46024.60672073193,-0.04732073193008546,2,2,1,-1.0,0.0,-1.0,True,,0.00055
48.0,+,32,46024.7894,2,1,-1.0,0.0,-1.0,1.0,46024.79661862073,-0.007218620725325309,95,2,1,1.0,0.0,1.0,True,,0.00055
48.0,-,3,46790.8794,2,2,-1.0,0.0,-1.0,1.0,46790.924787640695,-0.0453876406972995,3,2,2,-1.0,0.0,-1.0,True,,0.00055
48.0,+,33,46791.0894,2,2,-1.0,0.0,-1.0,1.0,46791.11187580169,-0.02247580169205321,99,2,2,1.0,0.0,1.0,True,,0.00055
48.0,-,4,47544.3494,2,3,-1.0,0.0,-1.0,1.0,47544.37764299822,-0.028242998218047433,4,2,3,-1.0,0.0,-1.0,True,,0.00055
48.0,+,34,47544.5794,2,3,-1.0,0.0,-1.0,1.0,47544.56187026439,0.01752973561087856,103,2,3,1.0,0.0,1.0,True,,0.00055
48.0,-,5,48284.5994,2,4,-1.0,0.0,-1.0,1.0,48284.643193435826,-0.04379343582695583,5,2,4,-1.0,0.0,-1.0,True,,0.00055
48.0,+,35,48284.8794,2,4,-1.0,0.0,-1.0,1.0,48284.824490570565,0.05490942943288246,105,2,4,1.0,0.0,1.0,True,,0.00055
48.0,-,6,49011.2594,2,5,-1.0,0.0,-1.0,1.0,49011.32394940808,-0.06454940807452658,6,2,5,-1.0,0.0,-1.0,True,,0.00055
48.0,+,36,49011.5194,2,5,-1.0,0.0,-1.0,1.0,49011.502230135564,0.017169864433526527,106,2,5,1.0,0.0,1.0,True,,0.00055
48.0,-,7,49723.8694,2,6,-1.0,0.0,-1.0,1.0,49723.95350929388,-0.08410929387900978,7,2,6,-1.0,0.0,-1.0,True,,0.00055
48.0,+,37,49724.2094,2,6,-1.0,0.0,-1.0,1.0,49724.12867102341,0.08072897658712463,107,2,6,1.0,0.0,1.0,True,,0.00055
49.0,+,1,45299.3794,2,0,-1.0,0.0,-1.0,1.0,45299.422246754686,-0.04284675468807109,1,2,0,1.0,0.0,1.0,True,,0.00055
49.0,-,31,45299.5994,2,0,-1.0,0.0,-1.0,1.0,45299.62272987901,-0.023329879011726007,91,2,0,-1.0,0.0,-1.0,True,,0.00055
49.0,+,2,46077.7894,2,1,-1.0,0.0,-1.0,1.0,46077.828030014636,-0.03863001463469118,2,2,1,1.0,0.0,1.0,True,,0.00055
49.0,-,32,46077.9994,2,1,-1.0,0.0,-1.0,1.0,46078.02562017943,-0.026220179432129953,95,2,1,-1.0,0.0,-1.0,True,,0.00055
49.0,+,3,46843.5594,2,2,-1.0,0.0,-1.0,1.0,46843.60081703018,-0.04141703018103726,3,2,2,1.0,0.0,1.0,True,,0.00055
49.0,-,33,46843.7594,2,2,-1.0,0.0,-1.0,1.0,46843.79548069538,-0.03608069537585834,99,2,2,-1.0,0.0,-1.0,True,,0.00055
49.0,+,4,47596.4694,2,3,-1.0,0.0,-1.0,1.0,47596.50083814176,-0.0314381417556433,4,2,3,1.0,0.0,1.0,True,,0.00055
49.0,-,34,47596.6694,2,3,-1.0,0.0,-1.0,1.0,47596.69252170345,-0.023121703452488873,103,2,3,-1.0,0.0,-1.0,True,,0.00055
49.0,+,5,48336.1694,2,4,-1.0,0.0,-1.0,1.0,48336.20369685449,-0.0342968544937321,5,2,4,1.0,0.0,1.0,True,,0.00055
49.0,-,35,48336.4194,2,4,-1.0,0.0,-1.0,1.0,48336.39232783497,0.027072165030403994,105,2,4,-1.0,0.0,-1.0,True,,0.00055
49.0,+,6,49062.2594,2,5,-1.0,0.0,-1.0,1.0,49062.309571613136,-0.05017161313298857,6,2,5,1.0,0.0,1.0,True,,0.00055
49.0,-,36,49062.4894,2,5,-1.0,0.0,-1.0,1.0,49062.49505974087,-0.005659740869305097,106,2,5,-1.0,0.0,-1.0,True,,0.00055
49.0,+,7,49774.2894,2,6,-1.0,0.0,-1.0,1.0,49774.34966762589,-0.06026762588589918,7,2,6,1.0,0.0,1.0,True,,0.00055
49.0,-,37,49774.6294,2,6,-1.0,0.0,-1.0,1.0,49774.53190558805,0.09749441194435349,107,2,6,-1.0,0.0,-1.0,True,,0.00055
50.0,-,1,45354.1794,2,0,-1.0,0.0,-1.0,1.0,45354.25944104646,-0.08004104645806365,1,2,0,-1.0,0.0,-1.0,True,,0.00055
50.0,+,31,45354.4594,2,0,-1.0,0.0,-1.0,1.0,45354.467872894355,-0.008472894354781602,91,2,0,1.0,0.0,1.0,True,,0.00055
50.0,-,2,46132.0594,2,1,-1.0,0.0,-1.0,1.0,46132.11402384124,-0.05462384124257369,2,2,1,-1.0,0.0,-1.0,True,,0.00055
50.0,+,32,46132.3094,2,1,-1.0,0.0,-1.0,1.0,46132.319445219386,-0.010045219387393445,95,2,1,1.0,0.0,1.0,True,,0.00055
50.0,-,3,46897.2694,2,2,-1.0,0.0,-1.0,1.0,46897.330191989844,-0.06079198984662071,3,2,2,-1.0,0.0,-1.0,True,,0.00055
50.0,+,33,46897.5194,2,2,-1.0,0.0,-1.0,1.0,46897.532567731505,-0.013167731507564895,99,2,2,1.0,0.0,1.0,True,,0.00055
50.0,-,4,47649.7444,2,3,-1.0,0.0,-1.0,2.0,47649.66584117468,0.07855882532021496,4,2,3,-1.0,0.0,-1.0,True,,0.0011
50.0,-,5,48388.7494,2,4,-1.0,0.0,-1.0,1.0,48388.79421476383,-0.044814763830800075,5,2,4,-1.0,0.0,-1.0,True,,0.00055
50.0,+,35,48389.0194,2,4,-1.0,0.0,-1.0,1.0,48388.990311180685,0.02908881931216456,105,2,4,1.0,0.0,1.0,True,,0.00055
50.0,-,6,49114.2494,2,5,-1.0,0.0,-1.0,1.0,49114.31310189213,-0.06370189212611876,6,2,5,-1.0,0.0,-1.0,True,,0.00055
50.0,+,36,49114.4894,2,5,-1.0,0.0,-1.0,1.0,49114.505926354206,-0.01652635420759907,106,2,5,1.0,0.0,1.0,True,,0.00055
50.0,-,7,49825.6694,2,6,-1.0,0.0,-1.0,1.0,49825.75125539161,-0.08185539161058841,7,2,6,-1.0,0.0,-1.0,True,,0.00055
50.0,+,37,49826.0494,2,6,-1.0,0.0,-1.0,1.0,49825.94069572827,0.10870427173358621,107,2,6,1.0,0.0,1.0,True,,0.00055
51.0,+,1,45410.1094,2,0,-1.0,0.0,-1.0,1.0,45410.17122255045,-0.06182255045132479,1,2,0,1.0,0.0,1.0,True,,0.00055
51.0,-,31,45410.3494,2,0,-1.0,0.0,-1.0,1.0,45410.38774328636,-0.038343286360031925,91,2,0,-1.0,0.0,-1.0,True,,0.00055
51.0,+,2,46187.4194,2,1,-1.0,0.0,-1.0,1.0,46187.46339554166,-0.04399554165865993,2,2,1,1.0,0.0,1.0,True,,0.00055
51.0,-,32,46187.6394,2,1,-1.0,0.0,-1.0,1.0,46187.67678598918,-0.03738598917698255,95,2,1,-1.0,0.0,-1.0,True,,0.00055
51.0,+,3,46952.0594,2,2,-1.0,0.0,-1.0,1.0,46952.11159202675,-0.05219202674925327,3,2,2,1.0,0.0,1.0,True,,0.00055
51.0,-,33,46952.2594,2,2,-1.0,0.0,-1.0,1.0,46952.32181533687,-0.06241533686988987,99,2,2,-1.0,0.0,-1.0,True,,0.00055
51.0,+,4,47703.8094,2,3,-1.0,0.0,-1.0,1.0,47703.87131472892,-0.061914728925330564,4,2,3,1.0,0.0,1.0,True,,0.00055
51.0,-,34,47704.0794,2,3,-1.0,0.0,-1.0,1.0,47704.07831219045,0.0010878095490625128,103,2,3,-1.0,0.0,-1.0,True,,0.00055
51.0,+,5,48442.3294,2,4,-1.0,0.0,-1.0,1.0,48442.413389249356,-0.08398924935318064,5,2,4,1.0,0.0,1.0,True,,0.00055
51.0,-,35,48442.6394,2,4,-1.0,0.0,-1.0,1.0,48442.617081607095,0.022318392904708162,105,2,4,-1.0,0.0,-1.0,True,,0.00055
51.0,+,6,49167.2694,2,5,-1.0,0.0,-1.0,1.0,49167.333157493245,-0.06375749324797653,6,2,5,1.0,0.0,1.0,True,,0.00055
51.0,-,36,49167.5094,2,5,-1.0,0.0,-1.0,1.0,49167.5334461308,-0.024046130798524246,106,2,5,-1.0,0.0,-1.0,True,,0.00055
51.0,+,7,49878.1094,2,6,-1.0,0.0,-1.0,1.0,49878.15686002398,-0.0474600239758729,7,2,6,1.0,0.0,1.0,True,,0.00055
51.0,-,37,49878.4094,2,6,-1.0,0.0,-1.0,1.0,49878.35362777521,0.05577222479041666,107,2,6,-1.0,0.0,-1.0,True,,0.00055
52.0,-,1,45467.0894,2,0,-1.0,0.0,-1.0,1.0,45467.15626961338,-0.06686961337982211,1,2,0,-1.0,0.0,-1.0,True,,0.00055
52.0,+,31,45467.3594,2,0,-1.0,0.0,-1.0,1.0,45467.3810182984,-0.021618298400426283,91,2,0,1.0,0.0,1.0,True,,0.00055
52.0,-,2,46243.7994,2,1,-1.0,0.0,-1.0,1.0,46243.87481171103,-0.07541171102639055,2,2,1,-1.0,0.0,-1.0,True,,0.00055
52.0,+,32,46244.0494,2,1,-1.0,0.0,-1.0,1.0,46244.09630798318,-0.04690798317460576,95,2,1,1.0,0.0,1.0,True,,0.00055
52.0,-,3,47007.8794,2,2,-1.0,0.0,-1.0,1.0,47007.94366952644,-0.06426952643960249,3,2,2,-1.0,0.0,-1.0,True,,0.00055
52.0,+,33,47008.0994,2,2,-1.0,0.0,-1.0,1.0,47008.16187479562,-0.06247479562443914,99,2,2,1.0,0.0,1.0,True,,0.00055
52.0,-,4,47759.0694,2,3,-1.0,0.0,-1.0,1.0,47759.11589382991,-0.04649382991192397,4,2,3,-1.0,0.0,-1.0,True,,0.00055
52.0,+,34,47759.3194,2,3,-1.0,0.0,-1.0,1.0,47759.33074671029,-0.011346710292855278,103,2,3,1.0,0.0,1.0,True,,0.00055
52.0,-,5,48496.9994,2,4,-1.0,0.0,-1.0,1.0,48497.059834191874,-0.0604341918733553,5,2,4,-1.0,0.0,-1.0,True,,0.00055
52.0,+,35,48491.2594,2,4,-1.0,0.0,-1.0,1.0,48497.27125188779,-6.011851887786179,105,2,4,1.0,0.0,1.0,True,,0.00055
52.0,-,6,49221.2794,2,5,-1.0,0.0,-1.0,1.0,49221.36832673355,-0.08892673355148872,6,2,5,-1.0,0.0,-1.0,True,,0.00055
52.0,+,36,49221.5594,2,5,-1.0,0.0,-1.0,1.0,49221.57620627452,-0.016806274521513842,106,2,5,1.0,0.0,1.0,True,,0.00055
52.0,-,7,49931.4694,2,6,-1.0,0.0,-1.0,1.0,49931.565039151035,-0.09563915103353793,7,2,6,-1.0,0.0,-1.0,True,,0.00055
53.0,+,1,45525.1594,2,0,-1.0,0.0,-1.0,1.0,45525.21323411658,-0.05383411658112891,1,2,0,1.0,0.0,1.0,True,,0.00055
53.0,-,31,45525.4094,2,0,-1.0,0.0,-1.0,1.0,45525.446348688405,-0.03694868840830168,92,2,0,-1.0,0.0,-1.0,True,,0.00055
53.0,+,2,46301.2594,2,1,-1.0,0.0,-1.0,1.0,46301.34691217207,-0.08751217206736328,2,2,1,1.0,0.0,1.0,True,,0.00055
53.0,-,32,46301.5494,2,1,-1.0,0.0,-1.0,1.0,46301.57664990194,-0.02724990193382837,95,2,1,-1.0,0.0,-1.0,True,,0.00055
53.0,+,3,47064.7694,2,2,-1.0,0.0,-1.0,1.0,47064.825049706866,-0.05564970686828019,3,2,2,1.0,0.0,1.0,True,,0.00055
53.0,-,33,47064.9894,2,2,-1.0,0.0,-1.0,1.0,47065.05137020419,-0.061970204194949474,99,2,2,-1.0,0.0,-1.0,True,,0.00055
53.0,+,4,47815.3294,2,3,-1.0,0.0,-1.0,1.0,47815.39818583919,-0.06878583919024095,4,2,3,1.0,0.0,1.0,True,,0.00055
53.0,-,34,47815.6094,2,3,-1.0,0.0,-1.0,1.0,47815.6210249603,-0.01162496030156035,103,2,3,-1.0,0.0,-1.0,True,,0.00055
53.0,+,5,48552.6594,2,4,-1.0,0.0,-1.0,1.0,48552.7321351989,-0.07273519890441094,5,2,4,1.0,0.0,1.0,True,,0.00055
53.0,-,35,48552.9494,2,4,-1.0,0.0,-1.0,1.0,48552.95140650225,-0.0020065022545168176,105,2,4,-1.0,0.0,-1.0,True,,0.00055
53.0,+,6,49276.3594,2,5,-1.0,0.0,-1.0,1.0,49276.417168915694,-0.05776891569257714,6,2,5,1.0,0.0,1.0,True,,0.00055
53.0,-,36,49276.6294,2,5,-1.0,0.0,-1.0,1.0,49276.6327649532,-0.0033649532051640563,106,2,5,-1.0,0.0,-1.0,True,,0.00055
53.0,+,7,49985.8894,2,6,-1.0,0.0,-1.0,1.0,49985.9743204923,-0.08492049229971599,7,2,6,1.0,0.0,1.0,True,,0.00055
53.0,-,37,49986.2594,2,6,-1.0,0.0,-1.0,1.0,49986.18611367967,0.07328632033022586,107,2,6,-1.0,0.0,-1.0,True,,0.00055
54.0,-,1,45584.2794,2,0,-1.0,0.0,-1.0,1.0,45584.3407414416,-0.06134144160023425,1,2,0,-1.0,0.0,-1.0,True,,0.00055
54.0,+,31,45584.5594,2,0,-1.0,0.0,-1.0,1.0,45584.58235869387,-0.022958693873079028,92,2,0,1.0,0.0,1.0,True,,0.00055
54.0,-,2,46359.8094,2,1,-1.0,0.0,-1.0,1.0,46359.8783099342,-0.06890993420529412,2,2,1,-1.0,0.0,-1.0,True,,0.00055
54.0,+,32,46360.1094,2,1,-1.0,0.0,-1.0,1.0,46360.11642361322,-0.007023613216006197,96,2,1,1.0,0.0,1.0,True,,0.00055
54.0,-,3,47122.6994,2,2,-1.0,0.0,-1.0,1.0,47122.75433057004,-0.05493057004059665,3,2,2,-1.0,0.0,-1.0,True,,0.00055
54.0,+,33,47122.9394,2,2,-1.0,0.0,-1.0,1.0,47122.988898422984,-0.0494984229808324,100,2,2,1.0,0.0,1.0,True,,0.00055
54.0,-,4,47872.6794,2,3,-1.0,0.0,-1.0,1.0,47872.71677039751,-0.03737039750558324,4,2,3,-1.0,0.0,-1.0,True,,0.00055
54.0,+,34,47872.9294,2,3,-1.0,0.0,-1.0,1.0,47872.94772543693,-0.01832543692580657,103,2,3,1.0,0.0,1.0,True,,0.00055
54.0,-,5,48609.3794,2,4,-1.0,0.0,-1.0,1.0,48609.42884953276,-0.04944953275844455,5,2,4,-1.0,0.0,-1.0,True,,0.00055
54.0,+,35,48609.6394,2,4,-1.0,0.0,-1.0,1.0,48609.65610156452,-0.016701564520190004,105,2,4,1.0,0.0,1.0,True,,0.00055
54.0,-,6,49332.4194,2,5,-1.0,0.0,-1.0,1.0,49332.478214240036,-0.058814240037463605,6,2,5,-1.0,0.0,-1.0,True,,0.00055
54.0,+,36,49332.6794,2,5,-1.0,0.0,-1.0,1.0,49332.7016512109,-0.02225121089577442,106,2,5,1.0,0.0,1.0,True,,0.00055
55.0,+,1,45644.4694,2,0,-1.0,0.0,-1.0,1.0,45644.53739043412,-0.0679904341159272,1,2,0,1.0,0.0,1.0,True,,0.00055
55.0,-,31,45644.7694,2,0,-1.0,0.0,-1.0,1.0,45644.78764599647,-0.018245996470795944,92,2,0,-1.0,0.0,-1.0,True,,0.00055
55.0,+,2,46419.4194,2,1,-1.0,0.0,-1.0,1.0,46419.46759115235,-0.048191152352956124,2,2,1,1.0,0.0,1.0,True,,0.00055
55.0,-,32,46419.7094,2,1,-1.0,0.0,-1.0,1.0,46419.714214110114,-0.004814110114239156,96,2,1,-1.0,0.0,-1.0,True,,0.00055
55.0,+,3,47181.6494,2,2,-1.0,0.0,-1.0,1.0,47181.730082853595,-0.0806828535933164,3,2,2,1.0,0.0,1.0,True,,0.00055
55.0,-,33,47181.9594,2,2,-1.0,0.0,-1.0,1.0,47181.973029027446,-0.01362902744585881,100,2,2,-1.0,0.0,-1.0,True,,0.00055
55.0,+,4,47931.0194,2,3,-1.0,0.0,-1.0,1.0,47931.07019936407,-0.05079936407128116,4,2,3,1.0,0.0,1.0,True,,0.00055
55.0,-,34,47931.3094,2,3,-1.0,0.0,-1.0,1.0,47931.3093988348,1.1652009561657906e-06,103,2,3,-1.0,0.0,-1.0,True,,0.00055
55.0,+,5,48667.0994,2,4,-1.0,0.0,-1.0,1.0,48667.148506038175,-0.04910603817552328,5,2,4,1.0,0.0,1.0,True,,0.00055
55.0,-,35,48667.3994,2,4,-1.0,0.0,-1.0,1.0,48667.38386475014,0.015535249862296041,105,2,4,-1.0,0.0,-1.0,True,,0.00055
55.0,+,6,49389.4894,2,5,-1.0,0.0,-1.0,1.0,49389.549963715035,-0.060563715036551,6,2,5,1.0,0.0,1.0,True,,0.00055
55.0,-,36,49389.7794,2,5,-1.0,0.0,-1.0,1.0,49389.78136488005,-0.00196488005167339,106,2,5,-1.0,0.0,-1.0,True,,0.00055
55.0,+,7,50097.7294,2,6,-1.0,0.0,-1.0,1.0,50097.79015051025,-0.06075051025254652,7,2,6,1.0,0.0,1.0,True,,0.00055
55.0,-,37,50098.0994,2,6,-1.0,0.0,-1.0,1.0,50098.01745553852,0.08194446148263523,107,2,6,-1.0,0.0,-1.0,True,,0.00055
56.0,-,1,45705.7594,2,0,-1.0,0.0,-1.0,1.0,45705.80175336723,-0.042353367229225114,1,2,0,-1.0,0.0,-1.0,True,,0.00055
56.0,+,31,45706.0494,2,0,-1.0,0.0,-1.0,1.0,45706.06078168569,-0.011381685682863463,92,2,0,1.0,0.0,1.0,True,,0.00055
56.0,-,2,46480.0594,2,1,-1.0,0.0,-1.0,1.0,46480.11331508553,-0.053915085532935336,2,2,1,-1.0,0.0,-1.0,True,,0.00055
56.0,+,32,46480.3694,2,1,-1.0,0.0,-1.0,1.0,46480.36857946955,0.0008205304548027925,96,2,1,1.0,0.0,1.0,True,,0.00055
56.0,-,3,47241.7094,2,2,-1.0,0.0,-1.0,1.0,47241.75084997963,-0.04144997963157948,3,2,2,-1.0,0.0,-1.0,True,,0.00055
56.0,+,33,47241.9594,2,2,-1.0,0.0,-1.0,1.0,47242.00230425754,-0.042904257541522384,100,2,2,1.0,0.0,1.0,True,,0.00055
56.0,-,4,47990.4394,2,3,-1.0,0.0,-1.0,1.0,47990.45699675517,-0.01759675516950665,4,2,3,-1.0,0.0,-1.0,True,,0.00055
56.0,+,34,47990.6994,2,3,-1.0,0.0,-1.0,1.0,47990.704567986,-0.005167986004380509,103,2,3,1.0,0.0,1.0,True,,0.00055
56.0,-,5,48725.8494,2,4,-1.0,0.0,-1.0,1.0,48725.88960506676,-0.040205066761700436,5,2,4,-1.0,0.0,-1.0,True,,0.00055
56.0,+,35,48726.1494,2,4,-1.0,0.0,-1.0,1.0,48726.1331952207,0.01620477930555353,105,2,4,1.0,0.0,1.0,True,,0.00055
56.0,-,6,49447.5894,2,5,-1.0,0.0,-1.0,1.0,49447.63088906507,-0.041489065071800724,6,2,5,-1.0,0.0,-1.0,True,,0.00055
56.0,+,36,49447.8694,2,5,-1.0,0.0,-1.0,1.0,49447.87037648659,-0.0009764865899342112,106,2,5,1.0,0.0,1.0,True,,0.00055
56.0,-,7,50155.2294,2,6,-1.0,0.0,-1.0,1.0,50155.193604106506,0.035795893491012976,7,2,6,-1.0,0.0,-1.0,True,,0.00055
57.0,+,1,45768.0794,2,0,-1.0,0.0,-1.0,1.0,45768.132375903806,-0.05297590380359907,1,2,0,1.0,0.0,1.0,True,,0.00055
57.0,-,31,45768.3894,2,0,-1.0,0.0,-1.0,1.0,45768.40031022037,-0.010910220371442847,92,2,0,-1.0,0.0,-1.0,True,,0.00055
57.0,+,2,46541.7794,2,1,-1.0,0.0,-1.0,1.0,46541.81401405253,-0.03461405252892291,2,2,1,1.0,0.0,1.0,True,,0.00055
57.0,-,32,46542.0994,2,1,-1.0,0.0,-1.0,1.0,46542.07805080823,0.02134919176751282,96,2,1,-1.0,0.0,-1.0,True,,0.00055
57.0,+,3,47302.7794,2,2,-1.0,0.0,-1.0,1.0,47302.81514800325,-0.035748003247135784,3,2,2,1.0,0.0,1.0,True,,0.00055
57.0,-,33,47303.0594,2,2,-1.0,0.0,-1.0,1.0,47303.07523896597,-0.015838965970033314,100,2,2,-1.0,0.0,-1.0,True,,0.00055
57.0,+,4,48050.8294,2,3,-1.0,0.0,-1.0,1.0,48050.87565868147,-0.046258681468316354,4,2,3,1.0,0.0,1.0,True,,0.00055
57.0,-,34,48051.1394,2,3,-1.0,0.0,-1.0,1.0,48051.13172779572,0.007672204279515427,103,2,3,-1.0,0.0,-1.0,True,,0.00055
57.0,+,5,48785.5994,2,4,-1.0,0.0,-1.0,1.0,48785.65061839882,-0.051218398817582056,5,2,4,1.0,0.0,1.0,True,,0.00055
57.0,-,35,48785.9194,2,4,-1.0,0.0,-1.0,1.0,48785.90256354612,0.016836453876749147,105,2,4,-1.0,0.0,-1.0,True,,0.00055
57.0,+,6,49506.6594,2,5,-1.0,0.0,-1.0,1.0,49506.7194326346,-0.06003263460297603,6,2,5,1.0,0.0,1.0,True,,0.00055
57.0,-,36,49506.9694,2,5,-1.0,0.0,-1.0,1.0,49506.96712715665,0.0022728433541487902,106,2,5,-1.0,0.0,-1.0,True,,0.00055
57.0,+,7,50213.5894,2,6,-1.0,0.0,-1.0,1.0,50213.591969526366,-0.0025695263684610836,7,2,6,1.0,0.0,1.0,True,,0.00055
57.0,-,37,50213.8994,2,6,-1.0,0.0,-1.0,1.0,50213.83526321523,0.06413678477110807,107,2,6,-1.0,0.0,-1.0,True,,0.00055
58.0,-,1,45831.4994,2,0,-1.0,0.0,-1.0,1.0,45831.527777058036,-0.028377058035403024,1,2,0,-1.0,0.0,-1.0,True,,0.00055
58.0,+,31,45831.8094,2,0,-1.0,0.0,-1.0,1.0,45831.80474939108,0.0046506089202011935,92,2,0,1.0,0.0,1.0,True,,0.00055
58.0,-,2,46604.5494,2,1,-1.0,0.0,-1.0,1.0,46604.56819338766,-0.01879338765866123,2,2,1,-1.0,0.0,-1.0,True,,0.00055
58.0,+,32,46604.8494,2,1,-1.0,0.0,-1.0,1.0,46604.8411322385,0.008267761499155313,96,2,1,1.0,0.0,1.0,True,,0.00055
58.0,-,3,47364.8794,2,2,-1.0,0.0,-1.0,1.0,47364.92146555849,-0.04206555848941207,3,2,2,-1.0,0.0,-1.0,True,,0.00055
58.0,+,33,47365.1894,2,2,-1.0,0.0,-1.0,1.0,47365.19032056449,-0.0009205644892062992,100,2,2,1.0,0.0,1.0,True,,0.00055
58.0,-,4,48112.2994,2,3,-1.0,0.0,-1.0,1.0,48112.324653282085,-0.02525328208139399,4,2,3,-1.0,0.0,-1.0,True,,0.00055
58.0,+,34,48112.5994,2,3,-1.0,0.0,-1.0,1.0,48112.589345178036,0.010054821963422,103,2,3,1.0,0.0,1.0,True,,0.00055
58.0,-,5,48846.3794,2,4,-1.0,0.0,-1.0,1.0,48846.42998916385,-0.0505891638531466,5,2,4,-1.0,0.0,-1.0,True,,0.00055
58.0,+,35,48846.7294,2,4,-1.0,0.0,-1.0,1.0,48846.6904116249,0.03898837509768782,104,2,4,1.0,0.0,1.0,True,,0.00055
58.0,-,6,49566.7594,2,5,-1.0,0.0,-1.0,1.0,49566.814007290355,-0.054607290352578275,6,2,5,-1.0,0.0,-1.0,True,,0.00055
58.0,+,36,49567.0494,2,5,-1.0,0.0,-1.0,1.0,49567.07002851712,-0.020628517115255818,106,2,5,1.0,0.0,1.0,True,,0.00055
58.0,-,7,50272.9794,2,6,-1.0,0.0,-1.0,0.0,50272.98362327851,-0.00422327851265436,7,2,6,-1.0,0.0,-1.0,True,,0.0
58.0,+,37,50273.2994,2,6,-1.0,0.0,-1.0,1.0,50273.23508701593,0.06431298407551367,107,2,6,1.0,0.0,1.0,True,,0.00055
59.0,+,1,45895.9194,2,0,-1.0,0.0,-1.0,1.0,45895.98644915552,-0.06704915552109014,1,2,0,1.0,0.0,1.0,True,,0.00055
59.0,-,31,45896.2794,2,0,-1.0,0.0,-1.0,1.0,45896.272590279485,0.006809720514866058,92,2,0,-1.0,0.0,-1.0,True,,0.00055
59.0,+,2,46668.3194,2,1,-1.0,0.0,-1.0,1.0,46668.374331394385,-0.05493139438476646,2,2,1,1.0,0.0,1.0,True,,0.00055
59.0,-,32,46668.6894,2,1,-1.0,0.0,-1.0,1.0,46668.656300822244,0.03309917775914073,96,2,1,-1.0,0.0,-1.0,True,,0.00055
59.0,+,3,47428.0294,2,2,-1.0,0.0,-1.0,1.0,47428.0682638037,-0.03886380370386178,3,2,2,1.0,0.0,1.0,True,,0.00055
59.0,-,33,47428.3594,2,2,-1.0,0.0,-1.0,1.0,47428.34600896937,0.013391030632192269,100,2,2,-1.0,0.0,-1.0,True,,0.00055
59.0,+,4,48174.7594,2,3,-1.0,0.0,-1.0,1.0,48174.80242065782,-0.04302065781666897,4,2,3,1.0,0.0,1.0,True,,0.00055
59.0,-,34,48175.0994,2,3,-1.0,0.0,-1.0,1.0,48175.07585898846,0.023541011541965418,103,2,3,-1.0,0.0,-1.0,True,,0.00055
59.0,+,5,48908.1894,2,4,-1.0,0.0,-1.0,1.0,48908.2261317581,-0.03673175809672102,5,2,4,1.0,0.0,1.0,True,,0.00055
59.0,-,35,48908.5394,2,4,-1.0,0.0,-1.0,1.0,48908.495152602096,0.04424739790556487,104,2,4,-1.0,0.0,-1.0,True,,0.00055
59.0,+,6,49627.8494,2,5,-1.0,0.0,-1.0,1.0,49627.91299632036,-0.0635963203603751,6,2,5,1.0,0.0,1.0,True,,0.00055
59.0,-,36,49628.1694,2,5,-1.0,0.0,-1.0,1.0,49628.177462595515,-0.008062595516094007,106,2,5,-1.0,0.0,-1.0,True,,0.00055
59.0,+,7,50333.3894,2,6,-1.0,0.0,-1.0,0.0,50333.36691127138,0.022488728616735898,7,2,6,1.0,0.0,1.0,True,,0.0
60.0,-,1,45961.4794,2,0,-1.0,0.0,-1.0,1.0,45961.506857792156,-0.027457792159111705,1,2,0,-1.0,0.0,-1.0,True,,0.00055
60.0,+,31,45961.8194,2,0,-1.0,0.0,-1.0,1.0,45961.80229721882,0.017102781181165483,92,2,0,1.0,0.0,1.0,True,,0.00055
60.0,-,2,46733.2094,2,1,-1.0,0.0,-1.0,1.0,46733.230879299,-0.02147929900093004,2,2,1,-1.0,0.0,-1.0,True,,0.00055
60.0,+,32,46733.5394,2,1,-1.0,0.0,-1.0,1.0,46733.52200652405,0.017393475951394066,96,2,1,1.0,0.0,1.0,True,,0.00055
60.0,-,3,47492.2194,2,2,-1.0,0.0,-1.0,1.0,47492.25397636487,-0.03457636486564297,3,2,2,-1.0,0.0,-1.0,True,,0.00055
60.0,+,33,47492.5494,2,2,-1.0,0.0,-1.0,1.0,47492.54073654431,0.008663455693749711,100,2,2,1.0,0.0,1.0,True,,0.00055
60.0,-,4,48238.2994,2,3,-1.0,0.0,-1.0,1.0,48238.30737280234,-0.007972802333824802,4,2,3,-1.0,0.0,-1.0,True,,0.00055
60.0,+,34,48238.6094,2,3,-1.0,0.0,-1.0,1.0,48238.58967995469,0.019720045311260037,103,2,3,1.0,0.0,1.0,True,,0.00055
60.0,-,5,48971.0194,2,4,-1.0,0.0,-1.0,1.0,48971.03743175977,-0.018031759769655764,5,2,4,-1.0,0.0,-1.0,True,,0.00055
60.0,+,35,48971.3594,2,4,-1.0,0.0,-1.0,1.0,48971.31517078402,0.044229215978702996,104,2,4,1.0,0.0,1.0,True,,0.00055
60.0,-,6,49689.9694,2,5,-1.0,0.0,-1.0,1.0,49690.014753329255,-0.04535332925297553,6,2,5,-1.0,0.0,-1.0,True,,0.00055
60.0,+,36,49690.3294,2,5,-1.0,0.0,-1.0,1.0,49690.28778171508,0.04161828492215136,106,2,5,1.0,0.0,1.0,True,,0.00055
60.0,-,7,50394.7594,2,6,-1.0,0.0,-1.0,1.0,50394.74014868495,0.019251315054134466,7,2,6,-1.0,0.0,-1.0,True,,0.00055
60.0,+,37,50395.1494,2,6,-1.0,0.0,-1.0,1.0,50395.008297590764,0.1411024092376465,107,2,6,1.0,0.0,1.0,True,,0.00055
61.0,+,1,46028.0494,2,0,-1.0,0.0,-1.0,1.0,46028.08744179288,-0.038041792875446845,1,2,0,1.0,0.0,1.0,True,,0.00055
61.0,-,31,46028.4194,2,0,-1.0,0.0,-1.0,1.0,46028.39230775053,0.027092249467386864,93,2,0,-1.0,0.0,-1.0,True,,0.00055
61.0,+,2,46799.1094,2,1,-1.0,0.0,-1.0,1.0,46799.13626120149,-0.02686120149155613,2,2,1,1.0,0.0,1.0,True,,0.00055
61.0,-,32,46799.4594,2,1,-1.0,0.0,-1.0,1.0,46799.436672163,0.02272783700027503,97,2,1,-1.0,0.0,-1.0,True,,0.00055
61.0,+,3,47557.4594,2,2,-1.0,0.0,-1.0,1.0,47557.47700927814,-0.017609278140298557,3,2,2,1.0,0.0,1.0,True,,0.00055
61.0,-,33,47557.8094,2,2,-1.0,0.0,-1.0,1.0,47557.77290804313,0.03649195686739404,101,2,2,-1.0,0.0,-1.0,True,,0.00055
61.0,+,4,48302.8294,2,3,-1.0,0.0,-1.0,1.0,48302.8378935304,-0.008493530396663118,4,2,3,1.0,0.0,1.0,True,,0.00055
61.0,-,34,48303.1494,2,3,-1.0,0.0,-1.0,1.0,48303.12919060624,0.020209393762343097,103,2,3,-1.0,0.0,-1.0,True,,0.00055
61.0,+,5,49034.8494,2,4,-1.0,0.0,-1.0,1.0,49034.862245842145,-0.012845842145907227,5,2,4,1.0,0.0,1.0,True,,0.00055
61.0,-,35,49035.1894,2,4,-1.0,0.0,-1.0,1.0,49035.14882155152,0.04057844848284731,104,2,4,-1.0,0.0,-1.0,True,,0.00055
61.0,+,6,49753.0794,2,5,-1.0,0.0,-1.0,1.0,49753.11760213108,-0.038202131079742685,6,2,5,1.0,0.0,1.0,True,,0.00055
61.0,-,36,49753.4494,2,5,-1.0,0.0,-1.0,1.0,49753.39930838807,0.050091611927200574,106,2,5,-1.0,0.0,-1.0,True,,0.00055
61.0,+,7,50457.1794,2,6,-1.0,0.0,-1.0,1.0,50457.1016198386,0.07778016140218824,7,2,6,1.0,0.0,1.0,True,,0.00055
61.0,-,37,50457.4994,2,6,-1.0,0.0,-1.0,1.0,50457.37828125416,0.12111874583933968,107,2,6,-1.0,0.0,-1.0,True,,0.00055
62.0,-,1,46095.7094,2,0,-1.0,0.0,-1.0,1.0,46095.72661316809,-0.01721316808834672,1,2,0,-1.0,0.0,-1.0,True,,0.00055
62.0,+,31,46096.0694,2,0,-1.0,0.0,-1.0,1.0,46096.041032583424,0.02836741657665698,93,2,0,1.0,0.0,1.0,True,,0.00055
62.0,-,2,46866.0794,2,1,-1.0,0.0,-1.0,1.0,46866.088874026114,-0.00947402611200232,2,2,1,-1.0,0.0,-1.0,True,,0.00055
62.0,+,32,46866.4694,2,1,-1.0,0.0,-1.0,1.0,46866.398693362586,0.07070663741615135,97,2,1,1.0,0.0,1.0,True,,0.00055
62.0,-,3,47623.7194,2,2,-1.0,0.0,-1.0,1.0,47623.735740928394,-0.01634092839231016,3,2,2,-1.0,0.0,-1.0,True,,0.00055
62.0,+,33,47624.0694,2,2,-1.0,0.0,-1.0,1.0,47624.04090054946,0.028499450541858096,101,2,2,1.0,0.0,1.0,True,,0.00055
62.0,-,4,48368.3794,2,3,-1.0,0.0,-1.0,1.0,48368.392338405785,-0.012938405787281226,4,2,3,-1.0,0.0,-1.0,True,,0.00055
62.0,+,34,48368.7394,2,3,-1.0,0.0,-1.0,1.0,48368.69274520154,0.046654798461531755,103,2,3,1.0,0.0,1.0,True,,0.00055
62.0,-,5,49099.6894,2,4,-1.0,0.0,-1.0,1.0,49099.69890168283,-0.00950168282724917,5,2,4,-1.0,0.0,-1.0,True,,0.00055
62.0,+,35,49100.0494,2,4,-1.0,0.0,-1.0,1.0,49099.99443127006,0.05496872994262958,104,2,4,1.0,0.0,1.0,True,,0.00055
62.0,-,6,49817.1994,2,5,-1.0,0.0,-1.0,1.0,49817.21983663959,-0.02043663959193509,6,2,5,-1.0,0.0,-1.0,True,,0.00055
62.0,+,36,49817.5694,2,5,-1.0,0.0,-1.0,1.0,49817.51033520484,0.059064795161248185,106,2,5,1.0,0.0,1.0,True,,0.00055
63.0,+,1,46164.4194,2,0,-1.0,0.0,-1.0,1.0,46164.42275707061,-0.0033570706145837903,1,2,0,1.0,0.0,1.0,True,,0.00055
63.0,-,31,46164.7794,2,0,-1.0,0.0,-1.0,1.0,46164.746855547746,0.032544452253205236,93,2,0,-1.0,0.0,-1.0,True,,0.00055
63.0,+,2,46934.0894,2,1,-1.0,0.0,-1.0,1.0,46934.087087470056,0.0023125299412640743,2,2,1,1.0,0.0,1.0,True,,0.00055
63.0,-,32,46934.4594,2,1,-1.0,0.0,-1.0,1.0,46934.40643849965,0.05296150034700986,97,2,1,-1.0,0.0,-1.0,True,,0.00055
63.0,+,3,47690.6394,2,2,-1.0,0.0,-1.0,1.0,47691.02852198957,-0.3891219895667746,3,2,2,1.0,0.0,1.0,True,,0.00055
63.0,-,33,47691.3994,2,2,-1.0,0.0,-1.0,1.0,47691.34306341573,0.05633658427541377,101,2,2,-1.0,0.0,-1.0,True,,0.00055
63.0,+,4,48434.9694,2,3,-1.0,0.0,-1.0,1.0,48434.96903466573,0.00036533427191898227,4,2,3,1.0,0.0,1.0,True,,0.00055
63.0,-,34,48435.3394,2,3,-1.0,0.0,-1.0,1.0,48435.27866965189,0.06073034810833633,103,2,3,-1.0,0.0,-1.0,True,,0.00055
63.0,+,5,49165.5094,2,4,-1.0,0.0,-1.0,1.0,49165.545697872454,-0.03629787245154148,5,2,4,1.0,0.0,1.0,True,,0.00055
63.0,-,35,49165.8994,2,4,-1.0,0.0,-1.0,1.0,49165.85029719734,0.04910280265903566,104,2,4,-1.0,0.0,-1.0,True,,0.00055
63.0,+,6,49882.2894,2,5,-1.0,0.0,-1.0,1.0,49882.31972075294,-0.030320752935949713,6,2,5,1.0,0.0,1.0,True,,0.00055
63.0,-,36,49882.6494,2,5,-1.0,0.0,-1.0,1.0,49882.6191247203,0.030275279699708335,106,2,5,-1.0,0.0,-1.0,True,,0.00055
64.0,-,1,46234.1494,2,0,-1.0,0.0,-1.0,1.0,46234.174231749195,-0.024831749193253927,1,2,0,-1.0,0.0,-1.0,True,,0.00055
64.0,+,31,46234.5694,2,0,-1.0,0.0,-1.0,1.0,46234.50813355166,0.06126644834148465,93,2,0,1.0,0.0,1.0,True,,0.00055
64.0,-,2,47003.0994,2,1,-1.0,0.0,-1.0,1.0,47003.129243951706,-0.029843951706425287,2,2,1,-1.0,0.0,-1.0,True,,0.00055
64.0,+,32,47003.5094,2,1,-1.0,0.0,-1.0,1.0,47003.45824865293,0.05115134707011748,97,2,1,1.0,0.0,1.0,True,,0.00055
64.0,-,3,47759.3394,2,2,-1.0,0.0,-1.0,1.0,47759.353675360544,-0.014275360546889715,3,2,2,-1.0,0.0,-1.0,True,,0.00055
64.0,+,33,47759.7294,2,2,-1.0,0.0,-1.0,1.0,47759.67771820004,0.051681799959624186,101,2,2,1.0,0.0,1.0,True,,0.00055
64.0,-,4,48502.5694,2,3,-1.0,0.0,-1.0,1.0,48502.566281143285,0.0031188567154458724,4,2,3,-1.0,0.0,-1.0,True,,0.00055
64.0,+,34,48502.9494,2,3,-1.0,0.0,-1.0,1.0,48502.885261445124,0.0641385548733524,103,2,3,1.0,0.0,1.0,True,,0.00055
64.0,-,5,49232.3694,2,4,-1.0,0.0,-1.0,1.0,49232.400903819034,-0.03150381903105881,5,2,4,-1.0,0.0,-1.0,True,,0.00055
64.0,+,35,49232.7594,2,4,-1.0,0.0,-1.0,1.0,49232.71468738803,0.04471261197613785,104,2,4,1.0,0.0,1.0,True,,0.00055
64.0,-,6,49948.4094,2,5,-1.0,0.0,-1.0,1.0,49948.41548823777,-0.006088237772928551,6,2,5,-1.0,0.0,-1.0,True,,0.00055
64.0,+,36,49948.7494,2,5,-1.0,0.0,-1.0,1.0,49948.72390933668,0.02549066331994254,106,2,5,1.0,0.0,1.0,True,,0.00055
65.0,+,1,46304.9794,2,0,-1.0,0.0,-1.0,1.0,46304.9793685035,3.1496500014327466e-05,1,2,0,1.0,0.0,1.0,True,,0.00055
65.0,-,31,46305.3594,2,0,-1.0,0.0,-1.0,1.0,46305.323196534184,0.036203465817379765,93,2,0,-1.0,0.0,-1.0,True,,0.00055
65.0,+,2,47073.2094,2,1,-1.0,0.0,-1.0,1.0,47073.213658555374,-0.0042585553746903315,2,2,1,1.0,0.0,1.0,True,,0.00055
65.0,-,32,47073.6094,2,1,-1.0,0.0,-1.0,1.0,47073.552437547965,0.056962452035804745,97,2,1,-1.0,0.0,-1.0,True,,0.00055
65.0,+,3,47828.7194,2,2,-1.0,0.0,-1.0,1.0,47828.70949610057,0.009903899430355523,3,2,2,1.0,0.0,1.0,True,,0.00055
65.0,-,33,47829.0994,2,2,-1.0,0.0,-1.0,1.0,47829.04315860087,0.05624139912833925,101,2,2,-1.0,0.0,-1.0,True,,0.00055
65.0,+,4,48571.1994,2,3,-1.0,0.0,-1.0,1.0,48571.182348188246,0.01705181175202597,4,2,3,1.0,0.0,1.0,True,,0.00055
65.0,-,34,48571.5594,2,3,-1.0,0.0,-1.0,1.0,48571.51078956631,0.04861043368873652,103,2,3,-1.0,0.0,-1.0,True,,0.00055
65.0,+,5,49300.2394,2,4,-1.0,0.0,-1.0,1.0,49300.262759649806,-0.02335964980738936,5,2,4,1.0,0.0,1.0,True,,0.00055
65.0,-,35,49300.6094,2,4,-1.0,0.0,-1.0,1.0,49300.58584059654,0.02355940346023999,104,2,4,-1.0,0.0,-1.0,True,,0.00055
65.0,+,6,50015.4894,2,5,-1.0,0.0,-1.0,1.0,50015.505342607925,-0.01594260792626301,6,2,5,1.0,0.0,1.0,True,,0.00055
65.0,-,36,50015.8494,2,5,-1.0,0.0,-1.0,1.0,50015.822891182805,0.026508817194553558,106,2,5,-1.0,0.0,-1.0,True,,0.00055
66.0,-,1,46376.8294,2,0,-1.0,0.0,-1.0,1.0,46376.83647163567,-0.007071635664033238,1,2,0,-1.0,0.0,-1.0,True,,0.00055
66.0,+,31,46377.2494,2,0,-1.0,0.0,-1.0,1.0,46377.19034741778,0.05905258221901022,93,2,0,1.0,0.0,1.0,True,,0.00055
66.0,-,2,47144.3294,2,1,-1.0,0.0,-1.0,1.0,47144.33861897786,-0.009218977858836297,2,2,1,-1.0,0.0,-1.0,True,,0.00055
66.0,+,32,47144.7394,2,1,-1.0,0.0,-1.0,1.0,47144.687291502974,0.052108497024164535,97,2,1,1.0,0.0,1.0,True,,0.00055
66.0,-,3,47899.0794,2,2,-1.0,0.0,-1.0,1.0,47899.09425136251,-0.01485136250994401,3,2,2,-1.0,0.0,-1.0,True,,0.00055
66.0,+,33,47899.5194,2,2,-1.0,0.0,-1.0,1.0,47899.4376503914,0.08174960859469138,101,2,2,1.0,0.0,1.0,True,,0.00055
66.0,-,4,48640.8094,2,3,-1.0,0.0,-1.0,1.0,48640.81547758549,-0.006077585494494997,4,2,3,-1.0,0.0,-1.0,True,,0.00055
66.0,+,34,48641.2194,2,3,-1.0,0.0,-1.0,1.0,48641.153494415026,0.06590558497555321,103,2,3,1.0,0.0,1.0,True,,0.00055
66.0,-,5,49369.0894,2,4,-1.0,0.0,-1.0,1.0,49369.129476110706,-0.04007611070846906,5,2,4,-1.0,0.0,-1.0,True,,0.00055
66.0,+,35,49369.5394,2,4,-1.0,0.0,-1.0,1.0,49369.461966175244,0.0774338247574633,104,2,4,1.0,0.0,1.0,True,,0.00055
66.0,-,6,50083.5494,2,5,-1.0,0.0,-1.0,1.0,50083.58745700019,-0.038057000187109224,6,2,5,-1.0,0.0,-1.0,True,,0.00055
66.0,+,36,50083.9894,2,5,-1.0,0.0,-1.0,1.0,50083.914241989594,0.07515801040426595,106,2,5,1.0,0.0,1.0,True,,0.00055
67.0,+,1,46449.7394,2,0,-1.0,0.0,-1.0,1.0,46449.74381840185,-0.004418401847942732,1,2,0,1.0,0.0,1.0,True,,0.00055
67.0,-,31,46450.1694,2,0,-1.0,0.0,-1.0,1.0,46450.10786206007,0.06153793993144063,93,2,0,-1.0,0.0,-1.0,True,,0.00055
67.0,+,2,47216.5294,2,1,-1.0,0.0,-1.0,1.0,47216.502385469794,0.02701453020563349,2,2,1,1.0,0.0,1.0,True,,0.00055
67.0,-,32,47216.9294,2,1,-1.0,0.0,-1.0,1.0,47216.861069371545,0.06833062845544191,97,2,1,-1.0,0.0,-1.0,True,,0.00055
67.0,+,3,47970.5294,2,2,-1.0,0.0,-1.0,1.0,47970.50618032404,0.023219675960717723,3,2,2,1.0,0.0,1.0,True,,0.00055
67.0,-,33,47970.9094,2,2,-1.0,0.0,-1.0,1.0,47970.85943134995,0.04996865004795836,101,2,2,-1.0,0.0,-1.0,True,,0.00055
67.0,+,4,48711.4794,2,3,-1.0,0.0,-1.0,1.0,48711.46388247049,0.015517529507633299,4,2,3,1.0,0.0,1.0,True,,0.00055
67.0,-,34,48711.8694,2,3,-1.0,0.0,-1.0,1.0,48711.81158772237,0.05781227763509378,103,2,3,-1.0,0.0,-1.0,True,,0.00055
67.0,+,5,49438.9994,2,4,-1.0,0.0,-1.0,1.0,49438.99923446276,0.00016553723980905488,5,2,4,1.0,0.0,1.0,True,,0.00055
67.0,-,35,49439.3794,2,4,-1.0,0.0,-1.0,1.0,49439.34124397201,0.03815602798567852,104,2,4,-1.0,0.0,-1.0,True,,0.00055
67.0,+,6,50152.6894,2,5,-1.0,0.0,-1.0,1.0,50152.659974046415,0.029425953587633558,6,2,5,1.0,0.0,1.0,True,,0.00055
67.0,-,36,50153.0694,2,5,-1.0,0.0,-1.0,1.0,50152.996102962825,0.07329703717550728,106,2,5,-1.0,0.0,-1.0,True,,0.00055
68.0,-,1,46523.6894,2,0,-1.0,0.0,-1.0,1.0,46523.69965896251,-0.010258962509396952,1,2,0,-1.0,0.0,-1.0,True,,0.00055
68.0,+,31,46524.1594,2,0,-1.0,0.0,-1.0,1.0,46524.07398920394,0.08541079605492996,94,2,0,1.0,0.0,1.0,True,,0.00055
68.0,-,2,47289.7094,2,1,-1.0,0.0,-1.0,1.0,47289.70319077877,0.006209221231983975,2,2,1,-1.0,0.0,-1.0,True,,0.00055
68.0,+,32,47290.1594,2,1,-1.0,0.0,-1.0,1.0,47290.07200248455,0.0873975154463551,98,2,1,1.0,0.0,1.0,True,,0.00055
68.0,-,3,48042.9294,2,2,-1.0,0.0,-1.0,1.0,48042.943494117586,-0.014094117585045751,3,2,2,-1.0,0.0,-1.0,True,,0.00055
68.0,+,33,48043.4094,2,2,-1.0,0.0,-1.0,1.0,48043.3067111903,0.10268880969670136,101,2,2,1.0,0.0,1.0,True,,0.00055
68.0,-,4,48783.1094,2,3,-1.0,0.0,-1.0,1.0,48783.125747242746,-0.01634724274481414,4,2,3,-1.0,0.0,-1.0,True,,0.00055
68.0,+,34,48783.5594,2,3,-1.0,0.0,-1.0,1.0,48783.48325246397,0.07614753602683777,103,2,3,1.0,0.0,1.0,True,,0.00055
68.0,-,5,49509.8394,2,4,-1.0,0.0,-1.0,1.0,49509.87018637533,-0.030786375333264004,5,2,4,-1.0,0.0,-1.0,True,,0.00055
68.0,+,35,49510.2994,2,4,-1.0,0.0,-1.0,1.0,49510.22182422251,0.07757577748998301,104,2,4,1.0,0.0,1.0,True,,0.00055
68.0,-,6,50222.6894,2,5,-1.0,0.0,-1.0,1.0,50222.72100574146,-0.031605741460225545,6,2,5,-1.0,0.0,-1.0,True,,0.00055
68.0,+,36,50223.1594,2,5,-1.0,0.0,-1.0,1.0,50223.06658465039,0.09281534960609861,106,2,5,1.0,0.0,1.0,True,,0.00055
69.0,+,1,46598.7094,2,0,-1.0,0.0,-1.0,1.0,46598.702216330974,0.0071836690258351155,1,2,0,1.0,0.0,1.0,True,,0.00055
69.0,-,31,46599.1494,2,0,-1.0,0.0,-1.0,1.0,46599.08695042604,0.06244957396120299,94,2,0,-1.0,0.0,-1.0,True,,0.00055
69.0,+,2,47363.9394,2,1,-1.0,0.0,-1.0,1.0,47363.939240088686,0.00015991131658665836,2,2,1,1.0,0.0,1.0,True,,0.00055
69.0,-,32,47364.3594,2,1,-1.0,0.0,-1.0,1.0,47364.31829459044,0.04110540956025943,98,2,1,-1.0,0.0,-1.0,True,,0.00055
69.0,+,3,48116.4194,2,2,-1.0,0.0,-1.0,1.0,48116.40437575746,0.015024242537037935,3,2,2,1.0,0.0,1.0,True,,0.00055
69.0,-,33,48116.8294,2,2,-1.0,0.0,-1.0,1.0,48116.77767148935,0.051728510654356796,101,2,2,-1.0,0.0,-1.0,True,,0.00055
69.0,+,4,48855.7994,2,3,-1.0,0.0,-1.0,1.0,48855.79922747753,0.00017252247198484838,4,2,3,1.0,0.0,1.0,True,,0.00055
69.0,-,34,48856.2194,2,3,-1.0,0.0,-1.0,1.0,48856.16664277105,0.052757228950213175,103,2,3,-1.0,0.0,-1.0,True,,0.00055
69.0,+,5,49581.7394,2,4,-1.0,0.0,-1.0,1.0,49581.740453815946,-0.0010538159476709552,5,2,4,1.0,0.0,1.0,True,,0.00055
69.0,-,35,49582.1694,2,4,-1.0,0.0,-1.0,1.0,49582.101827441096,0.06757255890261149,104,2,4,-1.0,0.0,-1.0,True,,0.00055
69.0,+,6,50293.7794,2,5,-1.0,0.0,-1.0,1.0,50293.768633307416,0.010766692583274562,6,2,5,1.0,0.0,1.0,True,,0.00055
69.0,-,36,50294.1594,2,5,-1.0,0.0,-1.0,1.0,50294.123766807155,0.03563319284148747,106,2,5,-1.0,0.0,-1.0,True,,0.00055
70.0,-,1,46674.7294,2,0,-1.0,0.0,-1.0,1.0,46674.74968632093,-0.02028632093424676,1,2,0,-1.0,0.0,-1.0,True,,0.00055
70.0,+,31,46675.2094,2,0,-1.0,0.0,-1.0,1.0,46675.14494008507,0.06445991493092151,94,2,0,1.0,0.0,1.0,True,,0.00055
70.0,-,2,47439.2094,2,1,-1.0,0.0,-1.0,1.0,47439.208710958635,0.0006890413642395288,2,2,1,-1.0,0.0,-1.0,True,,0.00055
70.0,+,32,47439.6594,2,1,-1.0,0.0,-1.0,1.0,47439.598121794355,0.06127820564142894,98,2,1,1.0,0.0,1.0,True,,0.00055
70.0,-,3,48190.9194,2,2,-1.0,0.0,-1.0,1.0,48190.88698006609,0.032419933908386156,3,2,2,-1.0,0.0,-1.0,True,,0.00055
70.0,+,33,48191.3594,2,2,-1.0,0.0,-1.0,1.0,48191.2704656125,0.08893438750237692,101,2,2,1.0,0.0,1.0,True,,0.00055
70.0,-,4,48929.4794,2,3,-1.0,0.0,-1.0,1.0,48929.48244983349,-0.0030498334963340312,4,2,3,-1.0,0.0,-1.0,True,,0.00055
70.0,+,34,48929.8894,2,3,-1.0,0.0,-1.0,1.0,48929.8598838395,0.029516160502680577,103,2,3,1.0,0.0,1.0,True,,0.00055
70.0,-,5,49654.5894,2,4,-1.0,0.0,-1.0,1.0,49654.60812893776,-0.018728937764535658,5,2,4,-1.0,0.0,-1.0,True,,0.00055
70.0,+,35,49655.0694,2,4,-1.0,0.0,-1.0,1.0,49654.97934430729,0.09005569270811975,104,2,4,1.0,0.0,1.0,True,,0.00055
70.0,+,36,50366.2094,2,5,-1.0,0.0,-1.0,1.0,50366.16569825458,0.04370174541691085,106,2,5,1.0,0.0,1.0,True,,0.00055
71.0,+,1,46751.8394,2,0,-1.0,0.0,-1.0,1.0,46751.84023749297,-0.0008374929748242721,1,2,0,1.0,0.0,1.0,True,,0.00055
71.0,-,31,46752.3094,2,0,-1.0,0.0,-1.0,1.0,46752.24612526737,0.06327473263081629,94,2,0,-1.0,0.0,-1.0,True,,0.00055
71.0,+,2,47515.5294,2,1,-1.0,0.0,-1.0,1.0,47515.5097532597,0.019646740300231613,2,2,1,1.0,0.0,1.0,True,,0.00055
71.0,-,32,47515.9794,2,1,-1.0,0.0,-1.0,1.0,47515.90963249377,0.06976750622561667,98,2,1,-1.0,0.0,-1.0,True,,0.00055
71.0,+,3,48266.4094,2,2,-1.0,0.0,-1.0,1.0,48266.389433596894,0.01996640310244402,3,2,2,1.0,0.0,1.0,True,,0.00055
71.0,-,33,48266.8694,2,2,-1.0,0.0,-1.0,1.0,48266.78321863716,0.0861813628434902,101,2,2,-1.0,0.0,-1.0,True,,0.00055
71.0,+,4,49004.1594,2,3,-1.0,0.0,-1.0,1.0,49004.17351195925,-0.014111959251749795,4,2,3,1.0,0.0,1.0,True,,0.00055
71.0,-,34,49004.6194,2,3,-1.0,0.0,-1.0,1.0,49004.56107183511,0.058328164894192014,103,2,3,-1.0,0.0,-1.0,True,,0.00055
71.0,+,5,49728.4394,2,4,-1.0,0.0,-1.0,1.0,49728.471273962525,-0.03187396252178587,5,2,4,1.0,0.0,1.0,True,,0.00055
71.0,-,35,49728.9294,2,4,-1.0,0.0,-1.0,1.0,49728.85243554983,0.07696445017063525,104,2,4,-1.0,0.0,-1.0,True,,0.00055
71.0,+,6,50438.7894,2,5,-1.0,0.0,-1.0,1.0,50438.81584623435,-0.026446234347531572,6,2,5,1.0,0.0,1.0,True,,0.00055
71.0,-,36,50439.2294,2,5,-1.0,0.0,-1.0,1.0,50439.19039673754,0.039003262456390075,106,2,5,-1.0,0.0,-1.0,True,,0.00055
72.0,-,1,46829.9294,2,0,-1.0,0.0,-1.0,1.0,46829.972011098835,-0.042611098833731376,1,2,0,-1.0,0.0,-1.0,True,,0.00055
72.0,+,31,46830.4894,2,0,-1.0,0.0,-1.0,1.0,46830.388645732055,0.10075426794355735,94,2,0,1.0,0.0,1.0,True,,0.00055
72.0,-,2,47593.0844,2,1,-1.0,0.0,-1.0,2.0,47592.84048911046,0.24391088954143925,2,2,1,-1.0,0.0,-1.0,True,,0.0011
72.0,-,3,48342.9494,2,2,-1.0,0.0,-1.0,1.0,48342.909834556034,0.039565443963510916,3,2,2,-1.0,0.0,-1.0,True,,0.00055
72.0,+,33,48343.4294,2,2,-1.0,0.0,-1.0,1.0,48343.31402727472,0.11537272528221365,101,2,2,1.0,0.0,1.0,True,,0.00055
72.0,-,4,49079.8794,2,3,-1.0,0.0,-1.0,1.0,49079.87048239629,0.008917603707232047,4,2,3,-1.0,0.0,-1.0,True,,0.00055
72.0,+,34,49080.3194,2,3,-1.0,0.0,-1.0,1.0,49080.26827379792,0.05112620208092267,103,2,3,1.0,0.0,1.0,True,,0.00055
72.0,-,5,49803.3094,2,4,-1.0,0.0,-1.0,1.0,49803.32792106179,-0.01852106179285329,5,2,4,-1.0,0.0,-1.0,True,,0.00055
72.0,+,35,49803.7694,2,4,-1.0,0.0,-1.0,1.0,49803.71913182685,0.05026817314501386,104,2,4,1.0,0.0,1.0,True,,0.00055
72.0,-,6,50512.7394,2,5,-1.0,0.0,-1.0,1.0,50512.811438896795,-0.0720388967965846,6,2,5,-1.0,0.0,-1.0,True,,0.00055
73.0,+,1,46909.1794,2,0,-1.0,0.0,-1.0,1.0,46909.14312102528,0.03627897472324548,1,2,0,1.0,0.0,1.0,True,,0.00055
73.0,-,31,46909.6394,2,0,-1.0,0.0,-1.0,1.0,46909.570613854856,0.06878614514425863,95,2,0,-1.0,0.0,-1.0,True,,0.00055
73.0,+,2,47671.2294,2,1,-1.0,0.0,-1.0,1.0,47671.19901281011,0.030387189886823762,2,2,1,1.0,0.0,1.0,True,,0.00055
73.0,-,32,47671.6794,2,1,-1.0,0.0,-1.0,1.0,47671.62015904836,0.05924095163936727,99,2,1,-1.0,0.0,-1.0,True,,0.00055
73.0,+,3,48420.4794,2,2,-1.0,0.0,-1.0,1.0,48420.4462527218,0.03314727819815744,3,2,2,1.0,0.0,1.0,True,,0.00055
73.0,-,33,48420.9394,2,2,-1.0,0.0,-1.0,1.0,48420.86095978947,0.07844021053460892,101,2,2,-1.0,0.0,-1.0,True,,0.00055
73.0,+,4,49156.5494,2,3,-1.0,0.0,-1.0,1.0,49156.57140047965,-0.022000479642883874,4,2,3,1.0,0.0,1.0,True,,0.00055
73.0,-,34,49157.0394,2,3,-1.0,0.0,-1.0,1.0,49156.97952754106,0.05987245894357329,103,2,3,-1.0,0.0,-1.0,True,,0.00055
73.0,+,5,49879.1294,2,4,-1.0,0.0,-1.0,1.0,49879.17607223249,-0.046672232492710464,5,2,4,1.0,0.0,1.0,True,,0.00055
73.0,-,35,49879.6494,2,4,-1.0,0.0,-1.0,1.0,49879.577433602746,0.07196639725589193,104,2,4,-1.0,0.0,-1.0,True,,0.00055
73.0,+,6,50587.7494,2,5,-1.0,0.0,-1.0,1.0,50587.7856417321,-0.03624173210118897,6,2,5,1.0,0.0,1.0,True,,0.00055
73.0,-,36,50588.2894,2,5,-1.0,0.0,-1.0,1.0,50588.18000950933,0.10939049067383166,106,2,5,-1.0,0.0,-1.0,True,,0.00055
74.0,-,1,46989.2594,2,0,-1.0,0.0,-1.0,1.0,46989.35165373612,-0.09225373611843679,1,2,0,-1.0,0.0,-1.0,True,,0.00055
74.0,+,31,46989.2894,2,0,-1.0,0.0,-1.0,1.0,46989.79011457027,-0.5007145702693379,95,2,0,1.0,0.0,1.0,True,,0.00055
74.0,-,2,47750.6094,2,1,-1.0,0.0,-1.0,1.0,47750.58339077079,0.026009229208284523,2,2,1,-1.0,0.0,-1.0,True,,0.00055
74.0,+,32,47751.0794,2,1,-1.0,0.0,-1.0,1.0,47751.015332575495,0.06406742450781167,99,2,1,1.0,0.0,1.0,True,,0.00055
74.0,-,3,48498.9894,2,2,-1.0,0.0,-1.0,1.0,48498.99672936113,-0.007329361134907231,3,2,2,-1.0,0.0,-1.0,True,,0.00055
74.0,+,33,48499.5394,2,2,-1.0,0.0,-1.0,1.0,48499.42205591613,0.11734408386837458,101,2,2,1.0,0.0,1.0,True,,0.00055
74.0,-,4,49234.2494,2,3,-1.0,0.0,-1.0,1.0,49234.27427623497,-0.024876234972907696,4,2,3,-1.0,0.0,-1.0,True,,0.00055
74.0,+,34,49234.7394,2,3,-1.0,0.0,-1.0,1.0,49234.69284155063,0.04655844936496578,103,2,3,1.0,0.0,1.0,True,,0.00055
74.0,-,5,49955.9894,2,4,-1.0,0.0,-1.0,1.0,49956.013699171366,-0.024299171367601957,5,2,4,-1.0,0.0,-1.0,True,,0.00055
74.0,+,35,49956.4894,2,4,-1.0,0.0,-1.0,1.0,49956.42531102138,0.06408897861547302,104,2,4,1.0,0.0,1.0,True,,0.00055
74.0,-,6,50663.9494,2,5,-1.0,0.0,-1.0,2.0,50663.73637991597,0.21302008402562933,6,2,5,-1.0,0.0,-1.0,True,,0.0011
75.0,-,31,47071.1094,2,0,-1.0,0.0,-1.0,1.0,47071.04520531186,0.06419468814419815,95,2,0,-1.0,0.0,-1.0,True,,0.00055
75.0,+,2,47830.9794,2,1,-1.0,0.0,-1.0,1.0,47830.991661447035,-0.012261447038326878,2,2,1,1.0,0.0,1.0,True,,0.00055
75.0,-,32,47831.4894,2,1,-1.0,0.0,-1.0,1.0,47831.43450480376,0.054895196240977384,99,2,1,-1.0,0.0,-1.0,True,,0.00055
75.0,+,3,48578.5894,2,2,-1.0,0.0,-1.0,1.0,48578.55927714494,0.030122855059744325,3,2,2,1.0,0.0,1.0,True,,0.00055
75.0,-,33,48499.5394,2,2,-1.0,0.0,-1.0,0.0,48578.99532677418,-79.4559267741788,101,2,2,-1.0,0.0,-1.0,True,,0.0
75.0,+,4,49312.9794,2,3,-1.0,0.0,-1.0,1.0,49312.97709027427,0.002309725728991907,4,2,3,1.0,0.0,1.0,True,,0.00055
75.0,-,34,49313.4794,2,3,-1.0,0.0,-1.0,1.0,49313.406194878495,0.07320512150181457,103,2,3,-1.0,0.0,-1.0,True,,0.00055
75.0,+,5,50033.7894,2,4,-1.0,0.0,-1.0,1.0,50033.83874314314,-0.049343143138685264,5,2,4,1.0,0.0,1.0,True,,0.00055
75.0,-,35,50034.3294,2,4,-1.0,0.0,-1.0,1.0,50034.26070377507,0.06869622493104544,104,2,4,-1.0,0.0,-1.0,True,,0.00055
75.0,+,6,50740.6494,2,5,-1.0,0.0,-1.0,1.0,50740.66154694719,-0.012146947185101453,6,2,5,1.0,0.0,1.0,True,,0.00055
75.0,-,36,50741.1094,2,5,-1.0,0.0,-1.0,1.0,50741.07611979189,0.03328020811022725,106,2,5,-1.0,0.0,-1.0,True,,0.00055
76.0,+,31,47153.3994,2,0,-1.0,0.0,-1.0,1.0,47153.33391595183,0.06548404817294795,95,2,0,1.0,0.0,1.0,True,,0.00055
76.0,-,2,47912.4194,2,1,-1.0,0.0,-1.0,1.0,47912.42183526433,-0.002435264330415521,2,2,1,-1.0,0.0,-1.0,True,,0.00055
76.0,+,32,47912.9094,2,1,-1.0,0.0,-1.0,1.0,47912.87568459299,0.03371540700754849,99,2,1,1.0,0.0,1.0,True,,0.00055
76.0,-,3,48659.1094,2,2,-1.0,0.0,-1.0,1.0,48659.131880060195,-0.02248006019362947,3,2,2,-1.0,0.0,-1.0,True,,0.00055
76.0,+,33,48659.6594,2,2,-1.0,0.0,-1.0,1.0,48659.578754780436,0.08064521956112003,101,2,2,1.0,0.0,1.0,True,,0.00055
76.0,-,4,49392.6594,2,3,-1.0,0.0,-1.0,1.0,49392.677793686475,-0.01839368647779338,4,2,3,-1.0,0.0,-1.0,True,,0.00055
76.0,+,34,49393.1394,2,3,-1.0,0.0,-1.0,1.0,49393.11753703535,0.02186296464788029,103,2,3,1.0,0.0,1.0,True,,0.00055
76.0,-,5,50112.6194,2,4,-1.0,0.0,-1.0,1.0,50112.64911484733,-0.029714847325521987,5,2,4,-1.0,0.0,-1.0,True,,0.00055
76.0,+,35,50113.1694,2,4,-1.0,0.0,-1.0,1.0,50113.081520971224,0.08787902877520537,104,2,4,1.0,0.0,1.0,True,,0.00055
76.0,-,6,50818.5394,2,5,-1.0,0.0,-1.0,1.0,50818.55900448045,-0.019604480447014794,6,2,5,-1.0,0.0,-1.0,True,,0.00055
77.0,-,31,47236.7094,2,0,-1.0,0.0,-1.0,1.0,47236.65424873856,0.05515126144018723,95,2,0,-1.0,0.0,-1.0,True,,0.00055
77.0,+,2,47994.8494,2,1,-1.0,0.0,-1.0,1.0,47994.87189454502,-0.022494545017252676,2,2,1,1.0,0.0,1.0,True,,0.00055
77.0,+,3,48740.6994,2,2,-1.0,0.0,-1.0,1.0,48740.71249332007,-0.013093320070765913,3,2,2,1.0,0.0,1.0,True,,0.00055
77.0,-,33,48741.2394,2,2,-1.0,0.0,-1.0,1.0,48741.1702935593,0.06910644070012495,101,2,2,-1.0,0.0,-1.0,True,,0.00055
77.0,+,4,49473.3494,2,3,-1.0,0.0,-1.0,1.0,49473.37430792675,-0.02490792675234843,4,2,3,1.0,0.0,1.0,True,,0.00055
77.0,-,34,49473.8694,2,3,-1.0,0.0,-1.0,1.0,49473.824787878366,0.04461212163732853,103,2,3,-1.0,0.0,-1.0,True,,0.00055
77.0,+,5,50192.4194,2,4,-1.0,0.0,-1.0,1.0,50192.44269427896,-0.02329427895892877,5,2,4,1.0,0.0,1.0,True,,0.00055
77.0,-,35,50192.9694,2,4,-1.0,0.0,-1.0,1.0,50192.88564099299,0.0837590070150327,104,2,4,-1.0,0.0,-1.0,True,,0.00055
77.0,+,6,50897.4894,2,5,-1.0,0.0,-1.0,1.0,50897.42658215441,0.06281784558814252,6,2,5,1.0,0.0,1.0,True,,0.00055
77.0,-,36,50891.9394,2,5,-1.0,0.0,-1.0,1.0,50897.86173505547,-5.922335055467556,106,2,5,-1.0,0.0,-1.0,True,,0.00055
78.0,+,31,47321.0394,2,0,-1.0,0.0,-1.0,0.0,47321.00417823311,0.03522176689148182,96,2,0,1.0,0.0,1.0,True,,0.0
78.0,-,2,48078.3494,2,1,-1.0,0.0,-1.0,1.0,48078.339793432955,0.009606567044102121,2,2,1,-1.0,0.0,-1.0,True,,0.00055
78.0,+,32,48070.8294,2,1,-1.0,0.0,-1.0,1.0,48078.815961610475,-7.986561610472563,99,2,1,1.0,0.0,1.0,True,,0.00055
78.0,-,3,48823.3194,2,2,-1.0,0.0,-1.0,1.0,48823.299043270534,0.02035672946658451,3,2,2,-1.0,0.0,-1.0,True,,0.00055
78.0,+,33,48823.8294,2,2,-1.0,0.0,-1.0,1.0,48823.767867850285,0.06153214971709531,101,2,2,1.0,0.0,1.0,True,,0.00055
78.0,-,4,49555.0294,2,3,-1.0,0.0,-1.0,1.0,49555.06452470206,-0.03512470205896534,4,2,3,-1.0,0.0,-1.0,True,,0.00055
78.0,+,34,49555.5694,2,3,-1.0,0.0,-1.0,1.0,49555.525837497946,0.04356250205455581,103,2,3,1.0,0.0,1.0,True,,0.00055
78.0,-,5,50273.1594,2,4,-1.0,0.0,-1.0,1.0,50273.21733058622,-0.05793058622657554,5,2,4,-1.0,0.0,-1.0,True,,0.00055
78.0,+,35,50273.7394,2,4,-1.0,0.0,-1.0,1.0,50273.67091135765,0.06848864234780194,104,2,4,1.0,0.0,1.0,True,,0.00055
78.0,-,6,50977.2394,2,5,-1.0,0.0,-1.0,1.0,50977.26207741421,-0.02267741421383107,6,2,5,-1.0,0.0,-1.0,True,,0.00055
78.0,+,36,50977.7594,2,5,-1.0,0.0,-1.0,1.0,50977.707656874,0.051743126001383644,106,2,5,1.0,0.0,1.0,True,,0.00055
79.0,-,31,47406.3994,2,0,-1.0,0.0,-1.0,0.0,47406.381651243624,0.017748756377841346,96,2,0,-1.0,0.0,-1.0,True,,0.0
79.0,+,2,48162.7494,2,1,-1.0,0.0,-1.0,1.0,48162.823457815604,-0.07405781560373725,2,2,1,1.0,0.0,1.0,True,,0.00055
79.0,-,32,48163.3594,2,1,-1.0,0.0,-1.0,1.0,48163.31093564721,0.04846435278886929,99,2,1,-1.0,0.0,-1.0,True,,0.00055
79.0,+,3,48906.8494,2,2,-1.0,0.0,-1.0,1.0,48906.88942729657,-0.04002729657076998,3,2,2,1.0,0.0,1.0,True,,0.00055
79.0,-,33,48907.4394,2,2,-1.0,0.0,-1.0,1.0,48907.36937341226,0.07002658774581505,101,2,2,-1.0,0.0,-1.0,True,,0.00055
79.0,+,4,49637.7094,2,3,-1.0,0.0,-1.0,1.0,49637.746305852466,-0.03690585246658884,4,2,3,1.0,0.0,1.0,True,,0.00055
79.0,-,34,49638.2694,2,3,-1.0,0.0,-1.0,1.0,49638.21854609837,0.05085390163003467,103,2,3,-1.0,0.0,-1.0,True,,0.00055
79.0,+,5,50354.9194,2,4,-1.0,0.0,-1.0,1.0,50354.970841924725,-0.051441924726532307,5,2,4,1.0,0.0,1.0,True,,0.00055
79.0,-,35,50355.5694,2,4,-1.0,0.0,-1.0,1.0,50355.435148569384,0.13425143061613198,104,2,4,-1.0,0.0,-1.0,True,,0.00055
79.0,+,6,51058.0994,2,5,-1.0,0.0,-1.0,1.0,51058.06325532973,0.03614467026636703,6,2,5,1.0,0.0,1.0,True,,0.00055
79.0,-,36,51058.6294,2,5,-1.0,0.0,-1.0,1.0,51058.51935014565,0.11004985434556147,106,2,5,-1.0,0.0,-1.0,True,,0.00055
80.0,+,31,47492.7894,2,0,-1.0,0.0,-1.0,1.0,47492.78458675809,0.004813241910596844,96,2,0,1.0,0.0,1.0,True,,0.00055
80.0,-,2,48248.3294,2,1,-1.0,0.0,-1.0,1.0,48248.32078524367,0.008614756334281992,2,2,1,-1.0,0.0,-1.0,True,,0.00055
80.0,-,3,48991.4794,2,2,-1.0,0.0,-1.0,1.0,48991.48151372354,-0.002113723545335233,3,2,2,-1.0,0.0,-1.0,True,,0.00055
80.0,+,33,48991.9994,2,2,-1.0,0.0,-1.0,1.0,48991.97267692708,0.0267230729223229,101,2,2,1.0,0.0,1.0,True,,0.00055
80.0,-,4,49721.3794,2,3,-1.0,0.0,-1.0,1.0,49721.41748323035,-0.038083230349002406,4,2,3,-1.0,0.0,-1.0,True,,0.00055
80.0,+,34,49721.8494,2,3,-1.0,0.0,-1.0,1.0,49721.90074387814,-0.05134387814177899,103,2,3,1.0,0.0,1.0,True,,0.00055
80.0,-,5,50437.6794,2,4,-1.0,0.0,-1.0,1.0,50437.70101530528,-0.02161530528246658,5,2,4,-1.0,0.0,-1.0,True,,0.00055
80.0,+,35,50438.2394,2,4,-1.0,0.0,-1.0,1.0,50438.17613796908,0.06326203091884963,104,2,4,1.0,0.0,1.0,True,,0.00055
80.0,-,6,51139.8794,2,5,-1.0,0.0,-1.0,1.0,51139.827848406225,0.05155159377318341,6,2,5,-1.0,0.0,-1.0,True,,0.00055
80.0,+,36,51140.3294,2,5,-1.0,0.0,-1.0,1.0,51140.29454568358,0.03485431642184267,106,2,5,1.0,0.0,1.0,True,,0.00055
81.0,-,31,47580.2694,2,0,-1.0,0.0,-1.0,0.0,47580.21087587623,0.05852412376407301,96,2,0,-1.0,0.0,-1.0,True,,0.0
81.0,+,2,48334.7794,2,1,-1.0,0.0,-1.0,1.0,48334.82964485028,-0.050244850281160325,2,2,1,1.0,0.0,1.0,True,,0.00055
81.0,+,3,49076.9894,2,2,-1.0,0.0,-1.0,1.0,49077.07314171669,-0.08374171669129282,3,2,2,1.0,0.0,1.0,True,,0.00055
81.0,-,33,49017.6694,2,2,-1.0,0.0,-1.0,0.0,49077.57561589782,-59.90621589781949,101,2,2,-1.0,0.0,-1.0,True,,0.0
81.0,+,4,49806.0394,2,3,-1.0,0.0,-1.0,1.0,49806.07585857599,-0.036458575988945086,4,2,3,1.0,0.0,1.0,True,,0.00055
81.0,-,34,49806.5594,2,3,-1.0,0.0,-1.0,1.0,49806.57023090353,-0.010830903534952085,103,2,3,-1.0,0.0,-1.0,True,,0.00055
81.0,-,35,50521.9294,2,4,-1.0,0.0,-1.0,1.0,50521.89163357781,0.03776642218872439,104,2,4,-1.0,0.0,-1.0,True,,0.00055
81.0,-,36,51222.9994,2,5,-1.0,0.0,-1.0,1.0,51223.03094152252,-0.03154152251954656,106,2,5,-1.0,0.0,-1.0,True,,0.00055
82.0,+,31,47660.6394,2,0,-1.0,0.0,-1.0,1.0,47668.658381738685,-8.018981738685397,96,2,0,1.0,0.0,1.0,True,,0.00055
82.0,-,2,48422.3594,2,1,-1.0,0.0,-1.0,1.0,48422.3478772662,0.011522733802848961,2,2,1,-1.0,0.0,-1.0,True,,0.00055
82.0,+,32,48422.8494,2,1,-1.0,0.0,-1.0,1.0,48422.86986526654,-0.020465266541577876,99,2,1,1.0,0.0,1.0,True,,0.00055
82.0,-,3,49163.6194,2,2,-1.0,0.0,-1.0,1.0,49163.66212117841,-0.04272117840446299,3,2,2,-1.0,0.0,-1.0,True,,0.00055
82.0,+,33,49164.1694,2,2,-1.0,0.0,-1.0,1.0,49164.17599854655,-0.006598546548048034,101,2,2,1.0,0.0,1.0,True,,0.00055
82.0,-,4,49891.6394,2,3,-1.0,0.0,-1.0,1.0,49891.719203388624,-0.0798033886239864,4,2,3,-1.0,0.0,-1.0,True,,0.00055
82.0,+,34,49892.1694,2,3,-1.0,0.0,-1.0,1.0,49892.224776982235,-0.055376982236339245,103,2,3,1.0,0.0,1.0,True,,0.00055
82.0,+,35,50606.5494,2,4,-1.0,0.0,-1.0,1.0,50606.57935793814,-0.029957938138977624,104,2,4,1.0,0.0,1.0,True,,0.00055
83.0,-,31,47758.2094,2,0,-1.0,0.0,-1.0,0.0,47758.12493945489,0.08446054511296097,97,2,0,-1.0,0.0,-1.0,True,,0.0
83.0,+,2,48510.7994,2,1,-1.0,0.0,-1.0,1.0,48510.87329453369,-0.07389453368523391,2,2,1,1.0,0.0,1.0,True,,0.00055
83.0,-,32,48511.4794,2,1,-1.0,0.0,-1.0,1.0,48511.4069740789,0.07242592109832913,99,2,1,-1.0,0.0,-1.0,True,,0.00055
83.0,+,3,49251.1594,2,2,-1.0,0.0,-1.0,1.0,49251.246232641155,-0.08683264115825295,3,2,2,1.0,0.0,1.0,True,,0.00055
83.0,-,33,49251.7894,2,2,-1.0,0.0,-1.0,1.0,49251.77160370727,0.0177962927336921,101,2,2,-1.0,0.0,-1.0,True,,0.00055
83.0,+,4,49978.2194,2,3,-1.0,0.0,-1.0,1.0,49978.34525879433,-0.12585879433027003,4,2,3,1.0,0.0,1.0,True,,0.00055
83.0,-,34,49978.8694,2,3,-1.0,0.0,-1.0,1.0,49978.86212152954,0.007278470460732933,103,2,3,-1.0,0.0,-1.0,True,,0.00055
83.0,-,35,50692.2594,2,4,-1.0,0.0,-1.0,1.0,50692.237001947884,0.022398052118660416,104,2,4,-1.0,0.0,-1.0,True,,0.00055
83.0,-,36,51391.4294,2,5,-1.0,0.0,-1.0,1.0,51391.37796114385,0.051438856149616186,105,2,5,-1.0,0.0,-1.0,True,,0.00055
84.0,-,2,48600.4094,2,1,-1.0,0.0,-1.0,1.0,48600.4036800175,0.0057199824950657785,2,2,1,-1.0,0.0,-1.0,True,,0.00055
84.0,+,32,48600.9294,2,1,-1.0,0.0,-1.0,1.0,48600.94914235122,-0.019742351221793797,100,2,1,1.0,0.0,1.0,True,,0.00055
84.0,-,3,49339.7994,2,2,-1.0,0.0,-1.0,1.0,49339.82322715943,-0.023827159428037703,3,2,2,-1.0,0.0,-1.0,True,,0.00055
84.0,+,33,49340.3294,2,2,-1.0,0.0,-1.0,1.0,49340.360180717864,-0.030780717861489393,101,2,2,1.0,0.0,1.0,True,,0.00055
84.0,-,4,50065.8794,2,3,-1.0,0.0,-1.0,1.0,50065.95173541051,-0.07233541051391512,4,2,3,-1.0,0.0,-1.0,True,,0.00055
84.0,+,34,50066.4394,2,3,-1.0,0.0,-1.0,1.0,50066.479973433314,-0.040573433310783,103,2,3,1.0,0.0,1.0,True,,0.00055
85.0,+,2,48690.8194,2,1,-1.0,0.0,-1.0,1.0,48690.93678831473,-0.11738831472757738,2,2,1,1.0,0.0,1.0,True,,0.00055
85.0,-,32,48691.6194,2,1,-1.0,0.0,-1.0,1.0,48691.49412295347,0.12527704653621186,100,2,1,-1.0,0.0,-1.0,True,,0.00055
85.0,+,3,49429.2994,2,2,-1.0,0.0,-1.0,1.0,49429.39082619616,-0.0914261961588636,3,2,2,1.0,0.0,1.0,True,,0.00055
85.0,-,33,49429.9194,2,2,-1.0,0.0,-1.0,1.0,49429.93944930721,-0.02004930721159326,101,2,2,-1.0,0.0,-1.0,True,,0.00055
85.0,+,4,50154.4194,2,3,-1.0,0.0,-1.0,1.0,50154.536313205754,-0.11691320575482678,4,2,3,1.0,0.0,1.0,True,,0.00055
85.0,-,34,50155.1094,2,3,-1.0,0.0,-1.0,1.0,50155.07601091451,0.03338908548903419,103,2,3,-1.0,0.0,-1.0,True,,0.00055
86.0,-,2,48782.4794,2,1,-1.0,0.0,-1.0,1.0,48782.470345160604,0.009054839392774738,2,2,1,-1.0,0.0,-1.0,True,,0.00055
86.0,+,32,48783.0394,2,1,-1.0,0.0,-1.0,1.0,48783.039639876624,-0.00023987662279978395,100,2,1,1.0,0.0,1.0,True,,0.00055
86.0,+,33,49520.4794,2,2,-1.0,0.0,-1.0,1.0,49520.5070994799,-0.027699479906004854,101,2,2,1.0,0.0,1.0,True,,0.00055
86.0,-,4,50244.0494,2,3,-1.0,0.0,-1.0,1.0,50244.096641355725,-0.047241355721780565,4,2,3,-1.0,0.0,-1.0,True,,0.00055
86.0,+,34,50244.6094,2,3,-1.0,0.0,-1.0,1.0,50244.64788138204,-0.03848138204193674,103,2,3,1.0,0.0,1.0,True,,0.00055
87.0,+,3,49611.3694,2,2,-1.0,0.0,-1.0,1.0,49611.48857502909,-0.11917502908909228,3,2,2,1.0,0.0,1.0,True,,0.00055
87.0,+,4,50334.4794,2,3,-1.0,0.0,-1.0,1.0,50334.63033809522,-0.15093809522659285,4,2,3,1.0,0.0,1.0,True,,0.00055
88.0,-,2,48968.5094,2,1,-1.0,0.0,-1.0,1.0,48968.529562552816,-0.020162552813417278,2,2,1,-1.0,0.0,-1.0,True,,0.00055
88.0,+,33,49704.6194,2,2,-1.0,0.0,-1.0,1.0,49704.59815525909,0.021244740913971327,101,2,2,1.0,0.0,1.0,True,,0.00055
88.0,+,34,50426.6494,2,3,-1.0,0.0,-1.0,1.0,50426.70955596278,-0.060155962775752414,103,2,3,1.0,0.0,1.0,True,,0.00055
89.0,-,32,49063.7494,2,1,-1.0,0.0,-1.0,1.0,49063.65621326574,0.09318673425877932,100,2,1,-1.0,0.0,-1.0,True,,0.00055
89.0,+,3,49797.4294,2,2,-1.0,0.0,-1.0,1.0,49797.52065456229,-0.09125456229230622,3,2,2,1.0,0.0,1.0,True,,0.00055
89.0,+,4,50518.5294,2,3,-1.0,0.0,-1.0,1.0,50518.60815465586,-0.07875465586403152,4,2,3,1.0,0.0,1.0,True,,0.00055
90.0,-,2,49158.4994,2,1,-1.0,0.0,-1.0,1.0,49158.56255713362,-0.06315713361982489,2,2,1,-1.0,0.0,-1.0,True,,0.00055
90.0,+,33,49892.6594,2,2,-1.0,0.0,-1.0,1.0,49892.614269019185,0.04513098081224598,101,2,2,1.0,0.0,1.0,True,,0.00055
90.0,+,34,50612.6294,2,3,-1.0,0.0,-1.0,1.0,50612.645554481416,-0.016154481418197975,103,2,3,1.0,0.0,1.0,True,,0.00055
91.0,+,3,49901.4094,2,2,-1.0,0.0,-1.0,0.0,49987.467759029925,-86.0583590299284,3,2,2,1.0,0.0,1.0,True,,0.0
92.0,-,2,49352.4294,2,1,-1.0,0.0,-1.0,1.0,49352.55008564129,-0.12068564129003789,2,2,1,-1.0,0.0,-1.0,True,,0.00055
92.0,+,33,50084.5594,2,2,-1.0,0.0,-1.0,1.0,50084.53587818789,0.02352181210881099,101,2,2,1.0,0.0,1.0,True,,0.00055
92.0,+,34,50802.3894,2,3,-1.0,0.0,-1.0,1.0,50802.43593131151,-0.046531311512808315,103,2,3,1.0,0.0,1.0,True,,0.00055
