J,parity,original_rank,observed_cm,state,v,Lambda,Sigma,Omega,input_weight,calculated_cm,residual_cm,matched_rank,calculated_state,calculated_v,calculated_Lambda,calculated_Sigma,calculated_Omega,assignment_matches,mark,duo_weight
0.0,+,1,0.0,1,0,0.0,0.0,0.0,1.0,0.0,0.0,1,1,0,0.0,0.0,0.0,True,,5.4e-06
0.0,+,2,792.6879589,1,1,0.0,0.0,0.0,1.0,792.692786010189,-0.004827110189012274,2,1,1,0.0,0.0,0.0,True,,5.4e-06
1.0,-,1,1.0999934,1,0,0.0,0.0,0.0,1.0,1.099981740106,1.1659894000093374e-05,1,1,0,0.0,0.0,0.0,True,,5.4e-06
1.0,-,2,793.7780516,1,1,0.0,0.0,0.0,1.0,793.782864692256,-0.004813092255972151,2,1,1,0.0,0.0,0.0,True,,5.4e-06
2.0,+,1,3.2998689,1,0,0.0,0.0,0.0,1.0,3.29992009107,-5.119107000028933e-05,1,1,0,0.0,0.0,0.0,True,,5.4e-06
2.0,+,2,795.9588465,1,1,0.0,0.0,0.0,1.0,795.962996972833,-0.004150472832975538,2,1,1,0.0,0.0,0.0,True,,5.4e-06
2.0,+,3,1579.0919263,1,2,0.0,0.0,0.0,1.0,1579.095366562794,-0.0034402627939016384,3,1,2,0.0,0.0,0.0,True,,5.4e-06
3.0,-,1,6.6001029,1,0,0.0,0.0,0.0,1.0,6.599764794219,0.0003381057810001309,1,1,0,0.0,0.0,0.0,True,,5.4e-06
3.0,-,2,799.2279753,1,1,0.0,0.0,0.0,1.0,799.233132684364,-0.005157384363997153,2,1,1,0.0,0.0,0.0,True,,5.4e-06
3.0,-,3,1582.3331811,1,2,0.0,0.0,0.0,1.0,1582.336013518907,-0.0028324189070190187,3,1,2,0.0,0.0,0.0,True,,5.4e-06
3.0,-,4,2356.0276841,1,3,0.0,0.0,0.0,1.0,2356.029928759016,-0.0022446590160143387,4,1,3,0.0,0.0,0.0,True,,5.4e-06
4.0,+,1,10.9993343,1,0,0.0,0.0,0.0,1.0,10.999440460811,-0.00010616081100067731,1,1,0,0.0,0.0,0.0,True,,5.4e-06
4.0,+,2,803.5884402,1,1,0.0,0.0,0.0,1.0,803.593196575047,-0.004756375047008987,2,1,1,0.0,0.0,0.0,True,,5.4e-06
4.0,+,3,1586.6534244,1,2,0.0,0.0,0.0,1.0,1586.65675929888,-0.0033348988799843937,3,1,2,0.0,0.0,0.0,True,,5.4e-06
4.0,+,4,2360.3104926,1,3,0.0,0.0,0.0,1.0,2360.311642828069,-0.0011502280690365296,4,1,3,0.0,0.0,0.0,True,,5.4e-06
5.0,-,1,16.4991429,1,0,0.0,0.0,0.0,1.0,16.498846571385,0.00029632861500061836,1,1,0,0.0,0.0,0.0,True,,5.4e-06
5.0,-,2,809.0387112,1,1,0.0,0.0,0.0,1.0,809.043088307932,-0.004377107931986757,2,1,1,0.0,0.0,0.0,True,,5.4e-06
5.0,-,3,1592.0545342,1,2,0.0,0.0,0.0,1.0,1592.057503762859,-0.0029695628588797263,3,1,2,0.0,0.0,0.0,True,,5.4e-06
5.0,-,4,2365.6626361,1,3,0.0,0.0,0.0,1.0,2365.663598046402,-0.0009619464021852764,4,1,3,0.0,0.0,0.0,True,,5.4e-06
6.0,+,1,23.0981464,1,0,0.0,0.0,0.0,1.0,23.097857474662,0.00028892533800117803,1,1,0,0.0,0.0,0.0,True,,5.4e-06
6.0,+,2,815.57832,1,1,0.0,0.0,0.0,1.0,815.58268246003,-0.004362460030051807,2,1,1,0.0,0.0,0.0,True,,5.4e-06
6.0,+,3,1598.5351639,1,2,0.0,0.0,0.0,1.0,1598.538121734229,-0.0029578342289369175,3,1,2,0.0,0.0,0.0,True,,5.4e-06
6.0,+,4,2372.0847113,1,3,0.0,0.0,0.0,1.0,2372.085669499485,-0.000958199485012301,4,1,3,0.0,0.0,0.0,True,,5.4e-06
6.0,+,5,3136.3425996,1,4,0.0,0.0,0.0,1.0,3136.342054004247,0.0005455957530102751,5,1,4,0.0,0.0,0.0,True,,5.4e-06
7.0,-,1,30.7966019,1,0,0.0,0.0,0.0,1.0,30.796322386376,0.0002795136239974738,1,1,0,0.0,0.0,0.0,True,,5.4e-06
7.0,-,2,823.2074826,1,1,0.0,0.0,0.0,1.0,823.211828520978,-0.0043459209779257435,2,1,1,0.0,0.0,0.0,True,,5.4e-06
7.0,-,3,1606.0955222,1,2,0.0,0.0,0.0,1.0,1606.098462998385,-0.0029407983849978336,3,1,2,0.0,0.0,0.0,True,,5.4e-06
7.0,-,4,2379.5767527,1,3,0.0,0.0,0.0,1.0,2379.577707287239,-0.0009545872389935539,4,1,3,0.0,0.0,0.0,True,,5.4e-06
7.0,-,5,3143.7668204,1,4,0.0,0.0,0.0,1.0,3143.766281752922,0.0005386470779740193,5,1,4,0.0,0.0,0.0,True,,5.4e-06
8.0,+,1,39.5943332,1,0,0.0,0.0,0.0,1.0,39.594065387504,0.00026781249599849843,1,1,0,0.0,0.0,0.0,True,,5.4e-06
8.0,+,2,831.9260231,1,1,0.0,0.0,0.0,1.0,831.93035089171,-0.004327791710011297,2,1,1,0.0,0.0,0.0,True,,5.4e-06
8.0,+,3,1614.7354301,1,2,0.0,0.0,0.0,1.0,1614.738352301424,-0.002922201423871229,3,1,2,0.0,0.0,0.0,True,,5.4e-06
8.0,+,4,2388.1385852,1,3,0.0,0.0,0.0,1.0,2388.139536522888,-0.0009513228883406555,4,1,3,0.0,0.0,0.0,True,,5.4e-06
8.0,+,5,3152.2511462,1,4,0.0,0.0,0.0,1.0,3152.25061490945,0.0005312905500431953,5,1,4,0.0,0.0,0.0,True,,5.4e-06
9.0,-,1,49.4911422,1,0,0.0,0.0,0.0,1.0,49.490885422817,0.0002567771829973253,1,1,0,0.0,0.0,0.0,True,,5.4e-06
9.0,-,2,841.7337449,1,1,0.0,0.0,0.0,1.0,841.73804888261,-0.004303982609940249,2,1,1,0.0,0.0,0.0,True,,5.4e-06
9.0,-,3,1624.454688,1,2,0.0,0.0,0.0,1.0,1624.457589348398,-0.002901348397926995,3,1,2,0.0,0.0,0.0,True,,5.4e-06
9.0,-,4,2397.7704295,1,3,0.0,0.0,0.0,1.0,2397.77095733114,-0.0005278311400616076,4,1,3,0.0,0.0,0.0,True,,5.4e-06
9.0,-,5,3161.7980513,1,4,0.0,0.0,0.0,1.0,3161.794854042156,0.003197257844021806,5,1,4,0.0,0.0,0.0,True,,5.4e-06
10.0,+,1,60.4868037,1,0,0.0,0.0,0.0,1.0,60.486556298439,0.0002474015610047786,1,1,0,0.0,0.0,0.0,True,,5.4e-06
10.0,+,2,852.6304169,1,1,0.0,0.0,0.0,1.0,852.634696711539,-0.0042798115390496605,2,1,1,0.0,0.0,0.0,True,,5.4e-06
10.0,+,3,1635.253072,1,2,0.0,0.0,0.0,1.0,1635.255948801306,-0.002876801306001653,3,1,2,0.0,0.0,0.0,True,,5.4e-06
10.0,+,4,2408.4697709,1,3,0.0,0.0,0.0,1.0,2408.471744846326,-0.001973946325961151,4,1,3,0.0,0.0,0.0,True,,5.4e-06
10.0,+,5,3172.3969891,1,4,0.0,0.0,0.0,1.0,3172.398774784624,-0.0017856846238828439,5,1,4,0.0,0.0,0.0,True,,5.4e-06
10.0,+,6,6137.479694,1,8,0.0,0.0,0.0,1.0,6137.485158176624,-0.005464176624627726,9,1,8,0.0,0.0,0.0,True,,5.4e-06
11.0,-,1,72.5810636,1,0,0.0,0.0,0.0,1.0,72.580826679911,0.00023692008899445227,1,1,0,0.0,0.0,0.0,True,,5.4e-06
11.0,-,2,864.6157918,1,1,0.0,0.0,0.0,1.0,864.620043501733,-0.004251701732982838,2,1,1,0.0,0.0,0.0,True,,5.4e-06
11.0,-,3,1647.1303315,1,2,0.0,0.0,0.0,1.0,1647.133180277185,-0.002848777184908613,3,1,2,0.0,0.0,0.0,True,,5.4e-06
11.0,-,4,2420.2408384,1,3,0.0,0.0,0.0,1.0,2420.241649210443,-0.0008108104429993546,4,1,3,0.0,0.0,0.0,True,,5.4e-06
11.0,-,5,3184.0589839,1,4,0.0,0.0,0.0,1.0,3184.062127833762,-0.0031439337622032326,5,1,4,0.0,0.0,0.0,True,,5.4e-06
11.0,-,6,5420.9274237,1,7,0.0,0.0,0.0,1.0,5420.929472906426,-0.0020492064259087783,8,1,7,0.0,0.0,0.0,True,,5.4e-06
12.0,+,1,85.7734732,1,0,0.0,0.0,0.0,1.0,85.773420089377,5.3110622999952284e-05,1,1,0,0.0,0.0,0.0,True,,5.4e-06
12.0,+,2,877.6892945,1,1,0.0,0.0,0.0,1.0,877.693813279222,-0.004518779222053126,2,1,1,0.0,0.0,0.0,True,,5.4e-06
12.0,+,3,1660.0864698,1,2,0.0,0.0,0.0,1.0,1660.08900834552,-0.002538545519882973,3,1,2,0.0,0.0,0.0,True,,5.4e-06
12.0,+,4,2433.0798513,1,3,0.0,0.0,0.0,1.0,2433.080395570737,-0.0005442707370093558,4,1,3,0.0,0.0,0.0,True,,5.4e-06
12.0,+,5,3196.7851948,1,4,0.0,0.0,0.0,1.0,3196.784638947453,0.0005558525472224574,5,1,4,0.0,0.0,0.0,True,,5.4e-06
12.0,+,6,4696.7856526,1,6,0.0,0.0,0.0,1.0,4696.785988340081,-0.0003357400810273248,7,1,6,0.0,0.0,0.0,True,,5.4e-06
12.0,+,7,6160.993195,1,8,0.0,0.0,0.0,1.0,6160.996085027947,-0.0028900279467052314,9,1,8,0.0,0.0,0.0,True,,5.4e-06
13.0,-,1,100.0642708,1,0,0.0,0.0,0.0,1.0,100.064034902834,0.00023589716600724842,1,1,0,0.0,0.0,0.0,True,,5.4e-06
13.0,-,2,891.8512602,1,1,0.0,0.0,0.0,1.0,891.85570497014,-0.004444770140025867,2,1,1,0.0,0.0,0.0,True,,5.4e-06
13.0,-,3,1674.120561,1,2,0.0,0.0,0.0,1.0,1674.123132525639,-0.0025715256390412833,3,1,2,0.0,0.0,0.0,True,,5.4e-06
13.0,-,4,2446.9875729,1,3,0.0,0.0,0.0,1.0,2446.987684077148,-0.00011117714802821865,4,1,3,0.0,0.0,0.0,True,,5.4e-06
13.0,-,5,3210.565811,1,4,0.0,0.0,0.0,1.0,3210.566008942133,-0.00019794213312707143,5,1,4,0.0,0.0,0.0,True,,5.4e-06
13.0,-,6,3964.9718701,1,5,0.0,0.0,0.0,1.0,3964.971983743832,-0.00011364383180989535,6,1,5,0.0,0.0,0.0,True,,5.4e-06
13.0,-,7,4710.3179569,1,6,0.0,0.0,0.0,1.0,4710.318256773377,-0.00029987337620696053,7,1,6,0.0,0.0,0.0,True,,5.4e-06
13.0,-,8,5446.717117,1,7,0.0,0.0,0.0,1.0,5446.717433365639,-0.0003163656392644043,8,1,7,0.0,0.0,0.0,True,,5.4e-06
14.0,+,1,115.4525736,1,0,0.0,0.0,0.0,1.0,115.452344347066,0.0002292529339911198,1,1,0,0.0,0.0,0.0,True,,5.4e-06
14.0,+,2,907.1012758,1,1,0.0,0.0,0.0,1.0,907.105392397854,-0.004116597853908388,2,1,1,0.0,0.0,0.0,True,,5.4e-06
14.0,+,3,1689.2324615,1,2,0.0,0.0,0.0,1.0,1689.235227283975,-0.0027657839750645508,3,1,2,0.0,0.0,0.0,True,,5.4e-06
14.0,+,4,2461.962767,1,3,0.0,0.0,0.0,1.0,2461.963189879605,-0.00042287960513931466,4,1,3,0.0,0.0,0.0,True,,5.4e-06
14.0,+,5,3225.4067859,1,4,0.0,0.0,0.0,1.0,3225.405913690058,0.0008722099423721374,5,1,4,0.0,0.0,0.0,True,,5.4e-06
14.0,+,6,3979.6769907,1,5,0.0,0.0,0.0,1.0,3979.67726890416,-0.00027820416016766103,6,1,5,0.0,0.0,0.0,True,,5.4e-06
14.0,+,7,4724.8905283,1,6,0.0,0.0,0.0,1.0,4724.889905898498,0.0006224015023690299,7,1,6,0.0,0.0,0.0,True,,5.4e-06
14.0,+,8,5461.1550254,1,7,0.0,0.0,0.0,1.0,5461.156439502202,-0.0014141022020339733,8,1,7,0.0,0.0,0.0,True,,5.4e-06
15.0,-,1,131.9379149,1,0,0.0,0.0,0.0,1.0,131.937996496244,-8.159624400150278e-05,1,1,0,0.0,0.0,0.0,True,,5.4e-06
15.0,-,2,923.4386243,1,1,0.0,0.0,0.0,1.0,923.442524279522,-0.003899979521975183,2,1,1,0.0,0.0,0.0,True,,5.4e-06
15.0,-,3,1705.4227595,1,2,0.0,0.0,0.0,1.0,1705.424942030796,-0.002182530796062565,3,1,2,0.0,0.0,0.0,True,,5.4e-06
15.0,-,4,2478.0080176,1,3,0.0,0.0,0.0,1.0,2478.006563124861,0.0014544751393259503,4,1,3,0.0,0.0,0.0,True,,5.4e-06
15.0,-,5,3241.3045429,1,4,0.0,0.0,0.0,1.0,3241.30400411633,0.0005387836699810578,5,1,4,0.0,0.0,0.0,True,,5.4e-06
15.0,-,6,3995.4317485,1,5,0.0,0.0,0.0,1.0,3995.431128308406,0.000620191593952768,6,1,5,0.0,0.0,0.0,True,,5.4e-06
15.0,-,7,4740.499113,1,6,0.0,0.0,0.0,1.0,4740.500588331745,-0.001475331745496078,7,1,6,0.0,0.0,0.0,True,,5.4e-06
15.0,-,8,5476.6235257,1,7,0.0,0.0,0.0,1.0,5476.625009213864,-0.0014835138645139523,8,1,7,0.0,0.0,0.0,True,,5.4e-06
15.0,-,9,6203.9156294,1,8,0.0,0.0,0.0,1.0,6203.917855107833,-0.0022257078326219926,9,1,8,0.0,0.0,0.0,True,,5.4e-06
16.0,+,1,149.520503,1,0,0.0,0.0,0.0,1.0,149.520614268479,-0.00011126847900300163,1,1,0,0.0,0.0,0.0,True,,5.4e-06
16.0,+,2,940.8628167,1,1,0.0,0.0,0.0,1.0,940.866724222963,-0.003907522962890653,2,1,1,0.0,0.0,0.0,True,,5.4e-06
16.0,+,3,1722.6893955,1,2,0.0,0.0,0.0,1.0,1722.691901116975,-0.002505616974985969,3,1,2,0.0,0.0,0.0,True,,5.4e-06
16.0,+,4,2495.1173125,1,3,0.0,0.0,0.0,1.0,2495.117428953441,-0.00011645344102362287,4,1,3,0.0,0.0,0.0,True,,5.4e-06
16.0,+,5,3258.2619272,1,4,0.0,0.0,0.0,1.0,3258.259906195849,0.0020210041511745658,5,1,4,0.0,0.0,0.0,True,,5.4e-06
16.0,+,6,4012.2331996,1,5,0.0,0.0,0.0,1.0,4012.233188812492,1.0787508017529035e-05,6,1,5,0.0,0.0,0.0,True,,5.4e-06
16.0,+,7,4757.1497897,1,6,0.0,0.0,0.0,1.0,4757.149931860992,-0.00014216099225450307,7,1,6,0.0,0.0,0.0,True,,5.4e-06
16.0,+,8,5493.1224402,1,7,0.0,0.0,0.0,1.0,5493.122771276771,-0.00033107677154475823,8,1,7,0.0,0.0,0.0,True,,5.4e-06
17.0,-,1,168.200068,1,0,0.0,0.0,0.0,1.0,168.199795421707,0.0002725782929928755,1,1,0,0.0,0.0,0.0,True,,5.4e-06
17.0,-,2,959.3731833,1,1,0.0,0.0,0.0,1.0,959.377590722594,-0.004407422593999399,2,1,1,0.0,0.0,0.0,True,,5.4e-06
17.0,-,3,1741.0329765,1,2,0.0,0.0,0.0,1.0,1741.035703830306,-0.002727330306015574,3,1,2,0.0,0.0,0.0,True,,5.4e-06
17.0,-,4,2513.294796,1,3,0.0,0.0,0.0,1.0,2513.295387495956,-0.0005914959560868738,4,1,3,0.0,0.0,0.0,True,,5.4e-06
17.0,-,5,3276.2734748,1,4,0.0,0.0,0.0,1.0,3276.27322094978,0.0002538502199058712,5,1,4,0.0,0.0,0.0,True,,5.4e-06
17.0,-,6,4030.0830228,1,5,0.0,0.0,0.0,1.0,4030.083052377985,-2.957798506031395e-05,6,1,5,0.0,0.0,0.0,True,,5.4e-06
17.0,-,7,4774.8360906,1,6,0.0,0.0,0.0,1.0,4774.837539442509,-0.001448842509489623,7,1,6,0.0,0.0,0.0,True,,5.4e-06
17.0,-,10,6955.8818255,1,9,0.0,0.0,0.0,1.0,6955.900268259154,-0.018442759153913357,10,1,9,0.0,0.0,0.0,True,,5.4e-06
18.0,+,1,187.9752926,1,0,0.0,0.0,0.0,1.0,187.975112549796,0.00018005020399414207,1,1,0,0.0,0.0,0.0,True,,5.4e-06
18.0,+,2,978.9710668,1,1,0.0,0.0,0.0,1.0,978.974697155719,-0.003630355718996725,2,1,1,0.0,0.0,0.0,True,,5.4e-06
18.0,+,3,1760.4533952,1,2,0.0,0.0,0.0,1.0,1760.455924391695,-0.0025291916949754523,3,1,2,0.0,0.0,0.0,True,,5.4e-06
18.0,+,4,2532.5391656,1,3,0.0,0.0,0.0,1.0,2532.54001386942,-0.0008482694197482488,4,1,3,0.0,0.0,0.0,True,,5.4e-06
18.0,+,5,3295.343989,1,4,0.0,0.0,0.0,1.0,3295.343524441971,0.00046455802885247977,5,1,4,0.0,0.0,0.0,True,,5.4e-06
18.0,+,6,4048.9805902,1,5,0.0,0.0,0.0,1.0,4048.980296068497,0.00029413150286927703,6,1,5,0.0,0.0,0.0,True,,5.4e-06
18.0,+,7,5529.1966455,1,7,0.0,0.0,0.0,1.0,5529.204263732545,-0.0076182325447007315,8,1,7,0.0,0.0,0.0,True,,5.4e-06
18.0,+,8,6256.0126651,1,8,0.0,0.0,0.0,1.0,6256.017641185659,-0.004976085659109231,9,1,8,0.0,0.0,0.0,True,,5.4e-06
19.0,-,1,208.8466153,1,0,0.0,0.0,0.0,1.0,208.846113077969,0.000502222031002475,1,1,0,0.0,0.0,0.0,True,,5.4e-06
19.0,-,2,999.6536711,1,1,0.0,0.0,0.0,1.0,999.65759177824,-0.00392067823997877,2,1,1,0.0,0.0,0.0,True,,5.4e-06
19.0,-,3,1780.9503825,1,2,0.0,0.0,0.0,1.0,1780.952111951131,-0.0017294511310410599,3,1,2,0.0,0.0,0.0,True,,5.4e-06
19.0,-,4,2552.8503663,1,3,0.0,0.0,0.0,1.0,2552.850858173371,-0.0004918733707199863,4,1,3,0.0,0.0,0.0,True,,5.4e-06
19.0,-,5,3315.4705711,1,4,0.0,0.0,0.0,1.0,3315.470367775171,0.00020332482927187812,5,1,4,0.0,0.0,0.0,True,,5.4e-06
19.0,-,6,4068.9249519,1,5,0.0,0.0,0.0,1.0,4068.924472046093,0.00047985390710891807,6,1,5,0.0,0.0,0.0,True,,5.4e-06
19.0,-,7,4813.3259189,1,6,0.0,0.0,0.0,1.0,4813.325834408558,8.449144206679193e-05,7,1,6,0.0,0.0,0.0,True,,5.4e-06
19.0,-,8,5548.7849651,1,7,0.0,0.0,0.0,1.0,5548.78712783944,-0.002162739439881989,8,1,7,0.0,0.0,0.0,True,,5.4e-06
20.0,+,1,230.8116135,1,0,0.0,0.0,0.0,1.0,230.812319258313,-0.0007057583130176681,1,1,0,0.0,0.0,0.0,True,,5.4e-06
20.0,+,2,1021.4225216,1,1,0.0,0.0,0.0,1.0,1021.425797720015,-0.003276120015016204,2,1,1,0.0,0.0,0.0,True,,5.4e-06
20.0,+,3,1802.521403,1,2,0.0,0.0,0.0,1.0,1802.523790583235,-0.002387583235076818,3,1,2,0.0,0.0,0.0,True,,5.4e-06
20.0,+,4,2574.2275772,1,3,0.0,0.0,0.0,1.0,2574.227445485615,0.00013171438467907137,4,1,3,0.0,0.0,0.0,True,,5.4e-06
20.0,+,5,3336.653174,1,4,0.0,0.0,0.0,1.0,3336.653277086888,-0.00010308688797522336,5,1,4,0.0,0.0,0.0,True,,5.4e-06
20.0,+,6,4089.9152117,1,5,0.0,0.0,0.0,1.0,4089.915107567223,0.00010413277686893707,6,1,5,0.0,0.0,0.0,True,,5.4e-06
20.0,+,7,4834.123355,1,6,0.0,0.0,0.0,1.0,4834.125603515924,-0.002248515924293315,7,1,6,0.0,0.0,0.0,True,,5.4e-06
20.0,+,8,5569.3973633,1,7,0.0,0.0,0.0,1.0,5569.397451718471,-8.841847102303291e-05,8,1,7,0.0,0.0,0.0,True,,5.4e-06
21.0,-,1,253.8731121,1,0,0.0,0.0,0.0,1.0,253.87322816479,-0.00011606479000647596,1,1,0,0.0,0.0,0.0,True,,5.4e-06
21.0,-,2,1044.2741363,1,1,0.0,0.0,0.0,1.0,1044.278812980486,-0.004676680485999896,2,1,1,0.0,0.0,0.0,True,,5.4e-06
21.0,-,3,1825.1687953,1,2,0.0,0.0,0.0,1.0,1825.170459282862,-0.0016639828620554908,3,1,2,0.0,0.0,0.0,True,,5.4e-06
21.0,-,4,2596.6681339,1,3,0.0,0.0,0.0,1.0,2596.669275857762,-0.0011419577617743926,4,1,3,0.0,0.0,0.0,True,,5.4e-06
21.0,-,5,3358.8921152,1,4,0.0,0.0,0.0,1.0,3358.891753545039,0.00036165496067042113,5,1,4,0.0,0.0,0.0,True,,5.4e-06
21.0,-,6,4111.9509945,1,5,0.0,0.0,0.0,1.0,4111.951704978566,-0.0007104785663614166,6,1,5,0.0,0.0,0.0,True,,5.4e-06
21.0,-,7,4855.9625398,1,6,0.0,0.0,0.0,1.0,4855.961800113365,0.0007396866349154152,7,1,6,0.0,0.0,0.0,True,,5.4e-06
21.0,-,9,6317.2850927,1,8,0.0,0.0,0.0,1.0,6317.284114924137,0.0009777758632480982,9,1,8,0.0,0.0,0.0,True,,5.4e-06
21.0,-,10,7034.8142759,1,9,0.0,0.0,0.0,1.0,7034.824984146862,-0.010708246862122905,10,1,9,0.0,0.0,0.0,True,,5.4e-06
22.0,+,1,278.0282621,1,0,0.0,0.0,0.0,1.0,278.028311688037,-4.958803697263647e-05,1,1,0,0.0,0.0,0.0,True,,5.4e-06
22.0,+,2,1068.2120738,1,1,0.0,0.0,0.0,1.0,1068.216110423353,-0.004036623352931201,2,1,1,0.0,0.0,0.0,True,,5.4e-06
22.0,+,3,1848.8888521,1,2,0.0,0.0,0.0,1.0,1848.891591960096,-0.002739860096198754,3,1,2,0.0,0.0,0.0,True,,5.4e-06
22.0,+,4,2620.1755543,1,3,0.0,0.0,0.0,1.0,2620.175824310521,-0.00027001052103514667,4,1,3,0.0,0.0,0.0,True,,5.4e-06
22.0,+,5,3382.1842316,1,4,0.0,0.0,0.0,1.0,3382.185273343443,-0.001041743442783627,5,1,4,0.0,0.0,0.0,True,,5.4e-06
22.0,+,6,4135.033936,1,5,0.0,0.0,0.0,1.0,4135.033741712627,0.0001942873732332373,6,1,5,0.0,0.0,0.0,True,,5.4e-06
22.0,+,7,4878.8335,1,6,0.0,0.0,0.0,1.0,4878.833902943802,-0.0004029438023280818,7,1,6,0.0,0.0,0.0,True,,5.4e-06
22.0,+,8,5613.6987423,1,7,0.0,0.0,0.0,1.0,5613.698473675848,0.0002686241523406352,8,1,7,0.0,0.0,0.0,True,,5.4e-06
22.0,+,9,6339.7386513,1,8,0.0,0.0,0.0,1.0,6339.741068356308,-0.002417056307422172,9,1,8,0.0,0.0,0.0,True,,5.4e-06
23.0,-,1,303.2769997,1,0,0.0,0.0,0.0,1.0,303.277016529905,-1.6829905007398338e-05,1,1,0,0.0,0.0,0.0,True,,5.4e-06
23.0,-,2,1093.2331713,1,1,0.0,0.0,0.0,1.0,1093.237137771521,-0.003966471520925552,2,1,1,0.0,0.0,0.0,True,,5.4e-06
23.0,-,3,1873.6847841,1,2,0.0,0.0,0.0,1.0,1873.686637435272,-0.0018533352720169205,3,1,2,0.0,0.0,0.0,True,,5.4e-06
23.0,-,4,2644.7454534,1,3,0.0,0.0,0.0,1.0,2644.746540828879,-0.001087428879145591,4,1,3,0.0,0.0,0.0,True,,5.4e-06
23.0,-,5,3406.5335271,1,4,0.0,0.0,0.0,1.0,3406.533287697038,0.00023940296205182676,5,1,4,0.0,0.0,0.0,True,,5.4e-06
23.0,-,6,4159.1597529,1,5,0.0,0.0,0.0,1.0,4159.16067028308,-0.0009173830803774763,6,1,5,0.0,0.0,0.0,True,,5.4e-06
23.0,-,7,4902.7422222,1,6,0.0,0.0,0.0,1.0,4902.741365895084,0.0008563049159420189,7,1,6,0.0,0.0,0.0,True,,5.4e-06
23.0,-,8,5637.3865575,1,7,0.0,0.0,0.0,1.0,5637.388107233089,-0.00154973308872286,8,1,7,0.0,0.0,0.0,True,,5.4e-06
24.0,+,1,329.6172291,1,0,0.0,0.0,0.0,1.0,329.618764197803,-0.001535097803014196,1,1,0,0.0,0.0,0.0,True,,5.4e-06
24.0,+,2,1119.3376964,1,1,0.0,0.0,0.0,1.0,1119.341317601555,-0.003621201555006337,2,1,1,0.0,0.0,0.0,True,,5.4e-06
24.0,+,3,1899.5525489,1,2,0.0,0.0,0.0,1.0,1899.555019433733,-0.0024705337330033217,3,1,2,0.0,0.0,0.0,True,,5.4e-06
24.0,+,4,2670.3807747,1,3,0.0,0.0,0.0,1.0,2670.380850356826,-7.565682608401403e-05,4,1,3,0.0,0.0,0.0,True,,5.4e-06
24.0,+,5,3431.9343385,1,4,0.0,0.0,0.0,1.0,3431.935222836887,-0.0008843368868838297,5,1,4,0.0,0.0,0.0,True,,5.4e-06
24.0,+,6,4184.3319819,1,5,0.0,0.0,0.0,1.0,4184.331918279953,6.362004660331877e-05,6,1,5,0.0,0.0,0.0,True,,5.4e-06
24.0,+,7,4927.6823741,1,6,0.0,0.0,0.0,1.0,4927.683617995121,-0.0012438951207514037,7,1,6,0.0,0.0,0.0,True,,5.4e-06
24.0,+,8,5662.1069012,1,7,0.0,0.0,0.0,1.0,5662.103071511428,0.003829688571386214,8,1,7,0.0,0.0,0.0,True,,5.4e-06
25.0,-,1,357.0534536,1,0,0.0,0.0,0.0,1.0,357.052950998784,0.0005026012159987658,1,1,0,0.0,0.0,0.0,True,,5.4e-06
25.0,-,2,1146.5229088,1,1,0.0,0.0,0.0,1.0,1146.528047337963,-0.005138537962920964,2,1,1,0.0,0.0,0.0,True,,5.4e-06
25.0,-,3,1926.4947514,1,2,0.0,0.0,0.0,1.0,1926.49613658011,-0.0013851801099917793,3,1,2,0.0,0.0,0.0,True,,5.4e-06
25.0,-,4,2697.0773555,1,3,0.0,0.0,0.0,1.0,2697.0781527921,-0.0007972920998327027,4,1,3,0.0,0.0,0.0,True,,5.4e-06
25.0,-,5,3458.3905635,1,4,0.0,0.0,0.0,1.0,3458.390480004915,8.349508516403148e-05,5,1,4,0.0,0.0,0.0,True,,5.4e-06
25.0,-,6,4210.5456507,1,5,0.0,0.0,0.0,1.0,4210.546888364523,-0.0012376645227050176,6,1,5,0.0,0.0,0.0,True,,5.4e-06
25.0,-,7,4953.6602446,1,6,0.0,0.0,0.0,1.0,4953.660063407146,0.00018119285414286423,7,1,6,0.0,0.0,0.0,True,,5.4e-06
25.0,-,8,5687.8429876,1,7,0.0,0.0,0.0,1.0,5687.842772267776,0.0002153322238882538,8,1,7,0.0,0.0,0.0,True,,5.4e-06
25.0,-,9,6413.2053666,1,8,0.0,0.0,0.0,1.0,6413.208711725568,-0.0033451255676482106,9,1,8,0.0,0.0,0.0,True,,5.4e-06
25.0,-,10,7129.8617642,1,9,0.0,0.0,0.0,1.0,7129.873081928841,-0.01131772884127713,10,1,9,0.0,0.0,0.0,True,,5.4e-06
26.0,+,1,385.5788546,1,0,0.0,0.0,0.0,1.0,385.578948033008,-9.343300797581833e-05,1,1,0,0.0,0.0,0.0,True,,5.4e-06
26.0,+,2,1174.7935762,1,1,0.0,0.0,0.0,1.0,1174.796699247135,-0.0031230471349772415,2,1,1,0.0,0.0,0.0,True,,5.4e-06
26.0,+,3,1954.5070568,1,2,0.0,0.0,0.0,1.0,1954.509362392588,-0.00230559258784524,3,1,2,0.0,0.0,0.0,True,,5.4e-06
26.0,+,4,2724.8377694,1,3,0.0,0.0,0.0,1.0,2724.837822980302,-5.358030193747254e-05,4,1,3,0.0,0.0,0.0,True,,5.4e-06
26.0,+,5,3485.8981653,1,4,0.0,0.0,0.0,1.0,3485.898435448311,-0.0002701483108467073,5,1,4,0.0,0.0,0.0,True,,5.4e-06
26.0,+,6,4237.8050881,1,5,0.0,0.0,0.0,1.0,4237.80495826395,0.00012983605029148748,6,1,5,0.0,0.0,0.0,True,,5.4e-06
26.0,+,7,4980.6697979,1,6,0.0,0.0,0.0,1.0,4980.670081424344,-0.00028352434401313076,7,1,6,0.0,0.0,0.0,True,,5.4e-06
26.0,+,8,5714.6073731,1,7,0.0,0.0,0.0,1.0,5714.606590457181,0.0007826428191037849,8,1,7,0.0,0.0,0.0,True,,5.4e-06
26.0,+,9,6439.7273463,1,8,0.0,0.0,0.0,1.0,6439.728212041385,-0.0008657413845867268,9,1,8,0.0,0.0,0.0,True,,5.4e-06
27.0,-,1,415.1943752,1,0,0.0,0.0,0.0,1.0,415.196101187514,-0.0017259875139643555,1,1,0,0.0,0.0,0.0,True,,5.4e-06
27.0,-,2,1204.1432101,1,1,0.0,0.0,0.0,1.0,1204.146620431089,-0.0034103310890714056,2,1,1,0.0,0.0,0.0,True,,5.4e-06
27.0,-,3,1983.5927471,1,2,0.0,0.0,0.0,1.0,1983.594045276877,-0.0012981768770714552,3,1,2,0.0,0.0,0.0,True,,5.4e-06
27.0,-,4,2753.6586651,1,3,0.0,0.0,0.0,1.0,2753.659210709248,-0.00054560924809266,4,1,3,0.0,0.0,0.0,True,,5.4e-06
27.0,-,5,3514.4587493,1,4,0.0,0.0,0.0,1.0,3514.458440414071,0.00030888592891642475,5,1,4,0.0,0.0,0.0,True,,5.4e-06
27.0,-,6,4266.1050384,1,5,0.0,0.0,0.0,1.0,4266.10548076586,-0.0004423658601808711,6,1,5,0.0,0.0,0.0,True,,5.4e-06
27.0,-,7,5008.7132903,1,6,0.0,0.0,0.0,1.0,5008.713026464752,0.0002638352480062167,7,1,6,0.0,0.0,0.0,True,,5.4e-06
27.0,-,8,5742.3948796,1,7,0.0,0.0,0.0,1.0,5742.393882228046,0.000997371954326809,8,1,7,0.0,0.0,0.0,True,,5.4e-06
28.0,+,1,445.9041894,1,0,0.0,0.0,0.0,1.0,445.903731129292,0.00045827070800896763,1,1,0,0.0,0.0,0.0,True,,5.4e-06
28.0,+,2,1234.5741236,1,1,0.0,0.0,0.0,1.0,1234.577132821005,-0.003009221005186191,2,1,1,0.0,0.0,0.0,True,,5.4e-06
28.0,+,3,2013.7477338,1,2,0.0,0.0,0.0,1.0,2013.749508519856,-0.0017747198558026867,3,1,2,0.0,0.0,0.0,True,,5.4e-06
28.0,+,4,2783.5417601,1,3,0.0,0.0,0.0,1.0,2783.541640702749,0.0001193972507280705,4,1,3,0.0,0.0,0.0,True,,5.4e-06
28.0,+,5,3544.0699523,1,4,0.0,0.0,0.0,1.0,3544.069821142779,0.00013115722094880766,5,1,4,0.0,0.0,0.0,True,,5.4e-06
28.0,+,6,4295.4481978,1,5,0.0,0.0,0.0,1.0,4295.447783712439,0.00041408756169403205,6,1,5,0.0,0.0,0.0,True,,5.4e-06
28.0,+,7,5037.7888337,1,6,0.0,0.0,0.0,1.0,5037.788228065629,0.0006056343718228163,7,1,6,0.0,0.0,0.0,True,,5.4e-06
28.0,+,9,6495.8081501,1,8,0.0,0.0,0.0,1.0,6495.808826490897,-0.000676390897751844,9,1,8,0.0,0.0,0.0,True,,5.4e-06
29.0,-,1,477.7014795,1,0,0.0,0.0,0.0,1.0,477.701133298276,0.0003462017240281057,1,1,0,0.0,0.0,0.0,True,,5.4e-06
29.0,-,2,1266.0848307,1,1,0.0,0.0,0.0,1.0,1266.087533170343,-0.002702470342910601,2,1,1,0.0,0.0,0.0,True,,5.4e-06
29.0,-,3,2044.9736118,1,2,0.0,0.0,0.0,1.0,2044.975050282984,-0.0014384829839855229,3,1,2,0.0,0.0,0.0,True,,5.4e-06
29.0,-,4,2814.484526,1,3,0.0,0.0,0.0,1.0,2814.484412614145,0.00011338585500197951,4,1,3,0.0,0.0,0.0,True,,5.4e-06
29.0,-,5,3574.7321414,1,4,0.0,0.0,0.0,1.0,3574.731878862499,0.00026253750093019335,5,1,4,0.0,0.0,0.0,True,,5.4e-06
29.0,-,6,4325.8307682,1,5,0.0,0.0,0.0,1.0,4325.831169994463,-0.00040179446295951493,6,1,5,0.0,0.0,0.0,True,,5.4e-06
29.0,-,7,5067.8950096,1,6,0.0,0.0,0.0,1.0,5067.894990877526,1.8722474123933353e-05,7,1,6,0.0,0.0,0.0,True,,5.4e-06
29.0,-,8,5801.0362072,1,7,0.0,0.0,0.0,1.0,5801.036187041507,2.0158492588961963e-05,8,1,7,0.0,0.0,0.0,True,,5.4e-06
29.0,-,10,7240.9990395,1,9,0.0,0.0,0.0,1.0,7241.007542326781,-0.008502826780386386,10,1,9,0.0,0.0,0.0,True,,5.4e-06
30.0,+,1,510.5880594,1,0,0.0,0.0,0.0,1.0,510.587577899865,0.0004815001350380044,1,1,0,0.0,0.0,0.0,True,,5.4e-06
30.0,+,2,1298.6745136,1,1,0.0,0.0,0.0,1.0,1298.677093047772,-0.002579447771950072,2,1,1,0.0,0.0,0.0,True,,5.4e-06
30.0,+,3,2077.2688249,1,2,0.0,0.0,0.0,1.0,2077.269943595418,-0.001118695418426796,3,1,2,0.0,0.0,0.0,True,,5.4e-06
30.0,+,4,2846.4869554,1,3,0.0,0.0,0.0,1.0,2846.486801019816,0.00015438018408531207,4,1,3,0.0,0.0,0.0,True,,5.4e-06
30.0,+,5,3606.4443206,1,4,0.0,0.0,0.0,1.0,3606.443889782429,0.0004308175712139928,5,1,4,0.0,0.0,0.0,True,,5.4e-06
30.0,+,6,4357.2549611,1,5,0.0,0.0,0.0,1.0,4357.254917545197,4.3554803596634883e-05,6,1,5,0.0,0.0,0.0,True,,5.4e-06
30.0,+,7,5099.0329653,1,6,0.0,0.0,0.0,1.0,5099.032594658534,0.00037064146545162657,7,1,6,0.0,0.0,0.0,True,,5.4e-06
30.0,+,9,6555.9396689,1,8,0.0,0.0,0.0,1.0,6555.940357308139,-0.0006884081394673558,9,1,8,0.0,0.0,0.0,True,,5.4e-06
31.0,-,1,544.5624127,1,0,0.0,0.0,0.0,1.0,544.562309897434,0.0001028025659479681,1,1,0,0.0,0.0,0.0,True,,5.4e-06
31.0,-,2,1332.3426563,1,1,0.0,0.0,0.0,1.0,1332.345058829936,-0.0024025299360346253,2,1,1,0.0,0.0,0.0,True,,5.4e-06
31.0,-,3,2110.6324679,1,2,0.0,0.0,0.0,1.0,2110.633436347086,-0.0009684470860520378,3,1,2,0.0,0.0,0.0,True,,5.4e-06
31.0,-,4,2879.5484744,1,3,0.0,0.0,0.0,1.0,2879.54805541212,0.0004189878800389124,4,1,3,0.0,0.0,0.0,True,,5.4e-06
31.0,-,5,3639.2054482,1,4,0.0,0.0,0.0,1.0,3639.205105086071,0.0003431139289205021,5,1,4,0.0,0.0,0.0,True,,5.4e-06
31.0,-,6,4389.7184571,1,5,0.0,0.0,0.0,1.0,4389.718279333696,0.00017776630375010427,6,1,5,0.0,0.0,0.0,True,,5.4e-06
31.0,-,7,5131.2000251,1,6,0.0,0.0,0.0,1.0,5131.200294267893,-0.00026916789283859544,7,1,6,0.0,0.0,0.0,True,,5.4e-06
31.0,-,8,5863.76468,1,7,0.0,0.0,0.0,1.0,5863.764039551993,0.0006404480072887964,8,1,7,0.0,0.0,0.0,True,,5.4e-06
31.0,-,9,6587.5219094,1,8,0.0,0.0,0.0,1.0,6587.523410272933,-0.0015008729324108572,9,1,8,0.0,0.0,0.0,True,,5.4e-06
32.0,+,1,579.6252752,1,0,0.0,0.0,0.0,1.0,579.62454900444,0.0007261955599915382,1,1,0,0.0,0.0,0.0,True,,5.4e-06
32.0,+,2,1367.0879723,1,1,0.0,0.0,0.0,1.0,1367.090651693868,-0.002679393867992985,2,1,1,0.0,0.0,0.0,True,,5.4e-06
32.0,+,3,2145.0638048,1,2,0.0,0.0,0.0,1.0,2145.06475128122,-0.000946481220125861,3,1,2,0.0,0.0,0.0,True,,5.4e-06
32.0,+,4,2913.6678071,1,3,0.0,0.0,0.0,1.0,2913.667400192566,0.00040690743389859563,4,1,3,0.0,0.0,0.0,True,,5.4e-06
32.0,+,5,3673.0151854,1,4,0.0,0.0,0.0,1.0,3673.014750924411,0.00043447558891784865,5,1,4,0.0,0.0,0.0,True,,5.4e-06
32.0,+,6,4423.2201877,1,5,0.0,0.0,0.0,1.0,4423.220483358328,-0.0002956583284685621,6,1,5,0.0,0.0,0.0,True,,5.4e-06
32.0,+,7,5164.3973423,1,6,0.0,0.0,0.0,1.0,5164.397319659513,2.264048634970095e-05,7,1,6,0.0,0.0,0.0,True,,5.4e-06
32.0,+,8,5896.6579275,1,7,0.0,0.0,0.0,1.0,5896.658172833934,-0.0002453339338899241,8,1,7,0.0,0.0,0.0,True,,5.4e-06
32.0,+,9,6620.117684,1,8,0.0,0.0,0.0,1.0,6620.116975516572,0.0007084834278430208,9,1,8,0.0,0.0,0.0,True,,5.4e-06
33.0,-,1,615.7737192,1,0,0.0,0.0,0.0,1.0,615.773489676132,0.00022952386791530444,1,1,0,0.0,0.0,0.0,True,,5.4e-06
33.0,-,2,1402.9109575,1,1,0.0,0.0,0.0,1.0,1402.913067609041,-0.0021101090410411416,2,1,1,0.0,0.0,0.0,True,,5.4e-06
33.0,-,3,2180.5622499,1,2,0.0,0.0,0.0,1.0,2180.563085986796,-0.000836086795970914,3,1,2,0.0,0.0,0.0,True,,5.4e-06
33.0,-,4,2948.8445478,1,3,0.0,0.0,0.0,1.0,2948.844034664106,0.0005131358939252095,4,1,3,0.0,0.0,0.0,True,,5.4e-06
33.0,-,5,3707.8723005,1,4,0.0,0.0,0.0,1.0,3707.872028408851,0.00027209114932702505,5,1,4,0.0,0.0,0.0,True,,5.4e-06
33.0,-,6,4457.7613009,1,5,0.0,0.0,0.0,1.0,4457.7607326398,0.0005682601995431469,6,1,5,0.0,0.0,0.0,True,,5.4e-06
33.0,-,7,5198.622587,1,6,0.0,0.0,0.0,1.0,5198.622875875456,-0.000288875456135429,7,1,6,0.0,0.0,0.0,True,,5.4e-06
33.0,-,8,5930.5744593,1,7,0.0,0.0,0.0,1.0,5930.571395332473,0.003063967526941269,8,1,7,0.0,0.0,0.0,True,,5.4e-06
33.0,-,9,6653.718273,1,8,0.0,0.0,0.0,1.0,6653.720262512921,-0.0019895129207725404,9,1,8,0.0,0.0,0.0,True,,5.4e-06
33.0,-,10,7368.1758755,1,9,0.0,0.0,0.0,1.0,7368.185034065775,-0.009158565774669114,10,1,9,0.0,0.0,0.0,True,,5.4e-06
34.0,+,1,653.0090056,1,0,0.0,0.0,0.0,1.0,653.008301101185,0.0007044988150255449,1,1,0,0.0,0.0,0.0,True,,5.4e-06
34.0,+,2,1439.8092642,1,1,0.0,0.0,0.0,1.0,1439.811477329284,-0.002213129283973103,2,1,1,0.0,0.0,0.0,True,,5.4e-06
34.0,+,3,2217.1270391,1,2,0.0,0.0,0.0,1.0,2217.127612890706,-0.0005737907063121384,3,1,2,0.0,0.0,0.0,True,,5.4e-06
34.0,+,4,2985.0777017,1,3,0.0,0.0,0.0,1.0,2985.077133023742,0.0005686762578989146,4,1,3,0.0,0.0,0.0,True,,5.4e-06
34.0,+,5,3743.7766198,1,4,0.0,0.0,0.0,1.0,3743.776113603496,0.0005061965039203642,5,1,4,0.0,0.0,0.0,True,,5.4e-06
34.0,+,6,4493.3378143,1,5,0.0,0.0,0.0,1.0,4493.338205213787,-0.00039091378675948363,6,1,5,0.0,0.0,0.0,True,,5.4e-06
34.0,+,7,5233.876126,1,6,0.0,0.0,0.0,1.0,5233.876143038944,-1.7038943951774854e-05,7,1,6,0.0,0.0,0.0,True,,5.4e-06
34.0,+,8,5965.5031654,1,7,0.0,0.0,0.0,1.0,5965.502889387706,0.0002760122943072929,8,1,7,0.0,0.0,0.0,True,,5.4e-06
34.0,+,9,6688.330373,1,8,0.0,0.0,0.0,1.0,6688.332455962636,-0.0020829626364502474,9,1,8,0.0,0.0,0.0,True,,5.4e-06
35.0,-,1,691.3289175,1,0,0.0,0.0,0.0,1.0,691.328127192952,0.0007903070479642338,1,1,0,0.0,0.0,0.0,True,,5.4e-06
35.0,-,2,1477.7830727,1,1,0.0,0.0,0.0,1.0,1477.785026384423,-0.001953684422915103,2,1,1,0.0,0.0,0.0,True,,5.4e-06
35.0,-,3,2254.7570742,1,2,0.0,0.0,0.0,1.0,2254.757479249527,-0.0004050495272167609,3,1,2,0.0,0.0,0.0,True,,5.4e-06
35.0,-,4,3022.3665354,1,3,0.0,0.0,0.0,1.0,3022.365844354554,0.0006910454458193271,4,1,3,0.0,0.0,0.0,True,,5.4e-06
35.0,-,5,3780.7265801,1,4,0.0,0.0,0.0,1.0,3780.726157517894,0.00042258210578438593,5,1,4,0.0,0.0,0.0,True,,5.4e-06
35.0,-,6,4529.952174,1,5,0.0,0.0,0.0,1.0,4529.952054123885,0.00011987611469521653,6,1,5,0.0,0.0,0.0,True,,5.4e-06
35.0,-,7,5270.1560494,1,6,0.0,0.0,0.0,1.0,5270.156276347208,-0.00022694720883009722,7,1,6,0.0,0.0,0.0,True,,5.4e-06
35.0,-,8,6001.4492726,1,7,0.0,0.0,0.0,1.0,6001.451812484529,-0.0025398845291420002,8,1,7,0.0,0.0,0.0,True,,5.4e-06
36.0,+,1,730.7323455,1,0,0.0,0.0,0.0,1.0,730.732086580312,0.00025891968800806353,1,1,0,0.0,0.0,0.0,True,,5.4e-06
36.0,+,2,1516.8310866,1,1,0.0,0.0,0.0,1.0,1516.832835071475,-0.001748471475139013,2,1,1,0.0,0.0,0.0,True,,5.4e-06
36.0,+,3,2293.4514467,1,2,0.0,0.0,0.0,1.0,2293.451807141212,-0.00036044121225131676,3,1,2,0.0,0.0,0.0,True,,5.4e-06
36.0,+,4,3060.7099914,1,3,0.0,0.0,0.0,1.0,3060.709292617466,0.0006987825340729614,4,1,3,0.0,0.0,0.0,True,,5.4e-06
36.0,+,5,3818.7215939,1,4,0.0,0.0,0.0,1.0,3818.721286098826,0.00030780117367612547,5,1,4,0.0,0.0,0.0,True,,5.4e-06
36.0,+,6,4567.6015423,1,5,0.0,0.0,0.0,1.0,4567.601407413606,0.0001348863943348988,6,1,5,0.0,0.0,0.0,True,,5.4e-06
36.0,+,7,5307.4622639,1,6,0.0,0.0,0.0,1.0,5307.462406064163,-0.00014216416275303345,7,1,6,0.0,0.0,0.0,True,,5.4e-06
36.0,+,8,6038.4183693,1,7,0.0,0.0,0.0,1.0,6038.417297245511,0.001072054489668517,8,1,7,0.0,0.0,0.0,True,,5.4e-06
37.0,-,1,771.220192,1,0,0.0,0.0,0.0,1.0,771.219272598624,0.0009194013759952213,1,1,0,0.0,0.0,0.0,True,,5.4e-06
37.0,-,2,1556.9521855,1,1,0.0,0.0,0.0,1.0,1556.953998445974,-0.001812945974052127,2,1,1,0.0,0.0,0.0,True,,5.4e-06
37.0,-,3,2333.209329,1,2,0.0,0.0,0.0,1.0,2333.209693456536,-0.0003644565363174479,3,1,2,0.0,0.0,0.0,True,,5.4e-06
37.0,-,4,3100.1071606,1,3,0.0,0.0,0.0,1.0,3100.106576643134,0.0005839568661940575,4,1,3,0.0,0.0,0.0,True,,5.4e-06
37.0,-,5,3857.7606802,1,4,0.0,0.0,0.0,1.0,3857.760600222351,7.997764896572335e-05,5,1,4,0.0,0.0,0.0,True,,5.4e-06
37.0,-,6,4606.2853167,1,5,0.0,0.0,0.0,1.0,4606.285368118864,-5.141886413184693e-05,6,1,5,0.0,0.0,0.0,True,,5.4e-06
37.0,-,7,5345.794048,1,6,0.0,0.0,0.0,1.0,5345.793637512958,0.00041048704133572755,7,1,6,0.0,0.0,0.0,True,,5.4e-06
38.0,+,1,812.7889756,1,0,0.0,0.0,0.0,1.0,812.78875327992,0.0002223200799562619,1,1,0,0.0,0.0,0.0,True,,5.4e-06
38.0,+,2,1598.1457194,1,1,0.0,0.0,0.0,1.0,1598.147586312505,-0.0018669125049655122,2,1,1,0.0,0.0,0.0,True,,5.4e-06
38.0,+,3,2374.0298207,1,2,0.0,0.0,0.0,1.0,2374.030209889987,-0.00038918998689041473,3,1,2,0.0,0.0,0.0,True,,5.4e-06
38.0,+,4,3140.5578158,1,3,0.0,0.0,0.0,1.0,3140.556770122963,0.0010456770369273727,4,1,3,0.0,0.0,0.0,True,,5.4e-06
38.0,+,5,3897.8434091,1,4,0.0,0.0,0.0,1.0,3897.843175685346,0.00023341465384874027,5,1,4,0.0,0.0,0.0,True,,5.4e-06
38.0,+,6,4646.0026515,1,5,0.0,0.0,0.0,1.0,4646.003014259522,-0.00036275952243158827,6,1,5,0.0,0.0,0.0,True,,5.4e-06
38.0,+,8,6115.395656,1,7,0.0,0.0,0.0,1.0,6115.394357895647,0.0012981043528270675,8,1,7,0.0,0.0,0.0,True,,5.4e-06
38.0,+,10,7549.6311195,1,9,0.0,0.0,0.0,1.0,7549.641173390612,-0.010053890611743554,10,1,9,0.0,0.0,0.0,True,,5.4e-06
39.0,-,1,855.4393294,1,0,0.0,0.0,0.0,1.0,855.439571342964,-0.00024194296395307902,1,1,0,0.0,0.0,0.0,True,,5.4e-06
39.0,-,2,1640.4109423,1,1,0.0,0.0,0.0,1.0,1640.412643215237,-0.0017009152370519587,2,1,1,0.0,0.0,0.0,True,,5.4e-06
39.0,-,3,2415.9122335,1,2,0.0,0.0,0.0,1.0,2415.912402930684,-0.0001694306838544435,3,1,2,0.0,0.0,0.0,True,,5.4e-06
39.0,-,4,3182.0594515,1,3,0.0,0.0,0.0,1.0,3182.058921600468,0.0005298995320117683,4,1,3,0.0,0.0,0.0,True,,5.4e-06
39.0,-,5,3938.9681486,1,4,0.0,0.0,0.0,1.0,3938.968063196912,8.540308772353455e-05,5,1,4,0.0,0.0,0.0,True,,5.4e-06
39.0,-,6,4686.7537355,1,5,0.0,0.0,0.0,1.0,4686.753398831281,0.0003366687196830753,6,1,5,0.0,0.0,0.0,True,,5.4e-06
39.0,-,7,5425.5280695,1,6,0.0,0.0,0.0,1.0,5425.527702146733,0.0003673532673929003,7,1,6,0.0,0.0,0.0,True,,5.4e-06
39.0,-,8,6155.4064232,1,7,0.0,0.0,0.0,1.0,6155.404074652512,0.0023485474885092117,8,1,7,0.0,0.0,0.0,True,,5.4e-06
39.0,-,9,6876.4948831,1,8,0.0,0.0,0.0,1.0,6876.496749579923,-0.001866479922682629,9,1,8,0.0,0.0,0.0,True,,5.4e-06
39.0,-,10,7588.9176867,1,9,0.0,0.0,0.0,1.0,7588.92162081581,-0.003934115809897776,10,1,9,0.0,0.0,0.0,True,,5.4e-06
40.0,+,1,899.1710381,1,0,0.0,0.0,0.0,1.0,899.170744183268,0.00029391673206191626,1,1,0,0.0,0.0,0.0,True,,5.4e-06
40.0,+,2,1683.7464655,1,1,0.0,0.0,0.0,1.0,1683.748188428233,-0.0017229282329935813,2,1,1,0.0,0.0,0.0,True,,5.4e-06
40.0,+,3,2458.8553132,1,2,0.0,0.0,0.0,1.0,2458.855293852969,1.9347030956851086e-05,3,1,2,0.0,0.0,0.0,True,,5.4e-06
40.0,+,4,3224.6124706,1,3,0.0,0.0,0.0,1.0,3224.612054461948,0.0004161380520599778,4,1,3,0.0,0.0,0.0,True,,5.4e-06
40.0,+,5,3981.1347107,1,4,0.0,0.0,0.0,1.0,3981.13428836936,0.0004223306400490401,5,1,4,0.0,0.0,0.0,True,,5.4e-06
40.0,+,6,4728.5351356,1,5,0.0,0.0,0.0,1.0,4728.535549796939,-0.00041419693934585666,6,1,5,0.0,0.0,0.0,True,,5.4e-06
40.0,+,7,5466.9293142,1,6,0.0,0.0,0.0,1.0,5466.928621202122,0.0006929978781045065,7,1,6,0.0,0.0,0.0,True,,5.4e-06
40.0,+,8,6196.4266294,1,7,0.0,0.0,0.0,1.0,6196.426634793485,-5.393485480453819e-06,8,1,7,0.0,0.0,0.0,True,,5.4e-06
40.0,+,9,6917.1461777,1,8,0.0,0.0,0.0,1.0,6917.143872326206,0.0023053737941154395,9,1,8,0.0,0.0,0.0,True,,5.4e-06
41.0,-,1,943.9811378,1,0,0.0,0.0,0.0,1.0,943.981263862542,-0.0001260625419945427,1,1,0,0.0,0.0,0.0,True,,5.4e-06
41.0,-,2,1728.1517844,1,1,0.0,0.0,0.0,1.0,1728.15321594539,-0.0014315453900053399,2,1,1,0.0,0.0,0.0,True,,5.4e-06
41.0,-,3,2502.8578338,1,2,0.0,0.0,0.0,1.0,2502.857878706565,-4.4906564653501846e-05,3,1,2,0.0,0.0,0.0,True,,5.4e-06
41.0,-,4,3268.2162493,1,3,0.0,0.0,0.0,1.0,3268.215166927032,0.0010823729680851102,4,1,3,0.0,0.0,0.0,True,,5.4e-06
41.0,-,5,4024.3410163,1,4,0.0,0.0,0.0,1.0,4024.340851709208,0.00016459079188280157,5,1,4,0.0,0.0,0.0,True,,5.4e-06
41.0,-,6,4771.3484062,1,5,0.0,0.0,0.0,1.0,4771.348470077676,-6.387767643900588e-05,6,1,5,0.0,0.0,0.0,True,,5.4e-06
41.0,-,7,5509.3507479,1,6,0.0,0.0,0.0,1.0,5509.350813713319,-6.581331945199054e-05,7,1,6,0.0,0.0,0.0,True,,5.4e-06
41.0,-,8,6238.4631415,1,7,0.0,0.0,0.0,1.0,6238.461046517088,0.0020949829122400843,8,1,7,0.0,0.0,0.0,True,,5.4e-06
41.0,-,9,6958.7917292,1,8,0.0,0.0,0.0,1.0,6958.793500214151,-0.00177101415101788,9,1,8,0.0,0.0,0.0,True,,5.4e-06
42.0,+,1,989.8702208,1,0,0.0,0.0,0.0,1.0,989.870097097892,0.0001237021079987244,1,1,0,0.0,0.0,0.0,True,,5.4e-06
42.0,+,2,1773.6251349,1,1,0.0,0.0,0.0,1.0,1773.626694470055,-0.001559570055178483,2,1,1,0.0,0.0,0.0,True,,5.4e-06
42.0,+,3,2547.9194781,1,2,0.0,0.0,0.0,1.0,2547.919128306702,0.00034979329802808934,3,1,2,0.0,0.0,0.0,True,,5.4e-06
42.0,+,4,3312.8679093,1,3,0.0,0.0,0.0,1.0,3312.8672320392,0.000677260799875512,4,1,3,0.0,0.0,0.0,True,,5.4e-06
42.0,+,5,4068.5870134,1,4,0.0,0.0,0.0,1.0,4068.586728607751,0.0002847922492037469,5,1,4,0.0,0.0,0.0,True,,5.4e-06
42.0,+,6,4815.1906192,1,5,0.0,0.0,0.0,1.0,4815.191137543852,-0.0005183438524909434,6,1,5,0.0,0.0,0.0,True,,5.4e-06
42.0,+,7,5552.7933376,1,6,0.0,0.0,0.0,1.0,5552.793260177355,7.742264551779954e-05,7,1,6,0.0,0.0,0.0,True,,5.4e-06
42.0,+,8,6281.5070405,1,7,0.0,0.0,0.0,1.0,6281.50629311284,0.0007473871601177962,8,1,7,0.0,0.0,0.0,True,,5.4e-06
42.0,+,9,7001.4434589,1,8,0.0,0.0,0.0,1.0,7001.444619510036,-0.0011606100360950222,9,1,8,0.0,0.0,0.0,True,,5.4e-06
43.0,-,1,1036.8359428,1,0,0.0,0.0,0.0,1.0,1036.836185250703,-0.00024245070289907744,1,1,0,0.0,0.0,0.0,True,,5.4e-06
43.0,-,2,1820.1662316,1,1,0.0,0.0,0.0,1.0,1820.167567404324,-0.0013358043240714323,2,1,1,0.0,0.0,0.0,True,,5.4e-06
43.0,-,3,2594.037857,1,2,0.0,0.0,0.0,1.0,2594.037988223719,-0.00013122371910867514,3,1,2,0.0,0.0,0.0,True,,5.4e-06
43.0,-,4,3358.5680547,1,3,0.0,0.0,0.0,1.0,3358.567197655531,0.0008570444692850288,4,1,3,0.0,0.0,0.0,True,,5.4e-06
43.0,-,5,4113.8709985,1,4,0.0,0.0,0.0,1.0,4113.870869331321,0.00012916867854073644,5,1,4,0.0,0.0,0.0,True,,5.4e-06
43.0,-,6,4860.0618126,1,5,0.0,0.0,0.0,1.0,4860.062505005752,-0.000692405752488412,6,1,5,0.0,0.0,0.0,True,,5.4e-06
43.0,-,7,5597.2554343,1,6,0.0,0.0,0.0,1.0,5597.254916100097,0.000518199903126515,7,1,6,0.0,0.0,0.0,True,,5.4e-06
43.0,-,8,6325.5589777,1,7,0.0,0.0,0.0,1.0,6325.561332952893,-0.0023552528937216266,8,1,7,0.0,0.0,0.0,True,,5.4e-06
43.0,-,9,7045.0979681,1,8,0.0,0.0,0.0,1.0,7045.09619164175,0.0017764582498784875,9,1,8,0.0,0.0,0.0,True,,5.4e-06
43.0,-,10,7755.9710349,1,9,0.0,0.0,0.0,1.0,7755.975645856791,-0.0046109567911116756,10,1,9,0.0,0.0,0.0,True,,5.4e-06
44.0,+,1,1084.8786424,1,0,0.0,0.0,0.0,1.0,1084.8784443155,0.00019808449997071875,1,1,0,0.0,0.0,0.0,True,,5.4e-06
44.0,+,2,1867.7731596,1,1,0.0,0.0,0.0,1.0,1867.774752838359,-0.0015932383589642996,2,1,1,0.0,0.0,0.0,True,,5.4e-06
44.0,+,3,2641.2137819,1,2,0.0,0.0,0.0,1.0,2641.213378772648,0.0004031273520013201,3,1,2,0.0,0.0,0.0,True,,5.4e-06
44.0,+,4,3405.3144817,1,3,0.0,0.0,0.0,1.0,3405.313986436699,0.000495263301218074,4,1,3,0.0,0.0,0.0,True,,5.4e-06
44.0,+,5,4160.1924837,1,4,0.0,0.0,0.0,1.0,4160.192199011477,0.00028468852269725176,5,1,4,0.0,0.0,0.0,True,,5.4e-06
44.0,+,6,4905.960593,1,5,0.0,0.0,0.0,1.0,4905.961500203955,-0.0009072039556485834,6,1,5,0.0,0.0,0.0,True,,5.4e-06
44.0,+,7,5642.7345991,1,6,0.0,0.0,0.0,1.0,5642.734711987056,-0.00011288705536571797,7,1,6,0.0,0.0,0.0,True,,5.4e-06
44.0,+,8,6370.6262045,1,7,0.0,0.0,0.0,1.0,6370.62509948315,0.0011050168504880276,8,1,7,0.0,0.0,0.0,True,,5.4e-06
44.0,+,9,7089.7492258,1,8,0.0,0.0,0.0,1.0,7089.747153190525,0.0020726094753626967,9,1,8,0.0,0.0,0.0,True,,5.4e-06
44.0,+,10,7800.2111303,1,9,0.0,0.0,0.0,1.0,7800.21709627295,-0.005965972949525167,10,1,9,0.0,0.0,0.0,True,,5.4e-06
45.0,-,1,1133.9951,1,0,0.0,0.0,0.0,1.0,1133.995764908002,-0.0006649080019087705,1,1,0,0.0,0.0,0.0,True,,5.4e-06
45.0,-,2,1916.446476,1,1,0.0,0.0,0.0,1.0,1916.447143538896,-0.000667538895868347,2,1,1,0.0,0.0,0.0,True,,5.4e-06
45.0,-,3,2689.4440851,1,2,0.0,0.0,0.0,1.0,2689.444195002239,-0.0001099022392736515,3,1,2,0.0,0.0,0.0,True,,5.4e-06
45.0,-,4,3453.1073729,1,3,0.0,0.0,0.0,1.0,3453.106495836342,0.0008770636577537516,4,1,3,0.0,0.0,0.0,True,,5.4e-06
45.0,-,5,4207.5494849,1,4,0.0,0.0,0.0,1.0,4207.549617634734,-0.00013273473450681195,5,1,4,0.0,0.0,0.0,True,,5.4e-06
45.0,-,6,4952.8867211,1,5,0.0,0.0,0.0,1.0,4952.887025799599,-0.00030469959892798215,6,1,5,0.0,0.0,0.0,True,,5.4e-06
45.0,-,7,5689.2310198,1,6,0.0,0.0,0.0,1.0,5689.231553334032,-0.0005335340320016257,7,1,6,0.0,0.0,0.0,True,,5.4e-06
45.0,-,8,6416.6984099,1,7,0.0,0.0,0.0,1.0,6416.69650121439,0.0019086856100329896,8,1,7,0.0,0.0,0.0,True,,5.4e-06
45.0,-,9,7135.3972188,1,8,0.0,0.0,0.0,1.0,7135.396415882539,0.0008029174605326261,9,1,8,0.0,0.0,0.0,True,,5.4e-06
46.0,+,1,1184.1869369,1,0,0.0,0.0,0.0,1.0,1184.187012253382,-7.535338181696716e-05,1,1,0,0.0,0.0,0.0,True,,5.4e-06
46.0,+,2,1966.1821775,1,1,0.0,0.0,0.0,1.0,1966.183606938019,-0.0014294380189312506,2,1,1,0.0,0.0,0.0,True,,5.4e-06
46.0,+,3,2738.7301293,1,2,0.0,0.0,0.0,1.0,2738.729306684028,0.0008226159720834403,3,1,2,0.0,0.0,0.0,True,,5.4e-06
46.0,+,4,3501.943989,1,3,0.0,0.0,0.0,1.0,3501.94359809039,0.00039090960990506574,4,1,3,0.0,0.0,0.0,True,,5.4e-06
46.0,+,5,4255.9420251,1,4,0.0,0.0,0.0,1.0,4255.942000032288,2.5067712158488575e-05,5,1,4,0.0,0.0,0.0,True,,5.4e-06
46.0,+,6,5000.8370121,1,5,0.0,0.0,0.0,1.0,5000.837959364243,-0.0009472642432228895,6,1,5,0.0,0.0,0.0,True,,5.4e-06
46.0,+,7,5736.7441668,1,6,0.0,0.0,0.0,1.0,5736.744320617277,-0.0001538172764412593,7,1,6,0.0,0.0,0.0,True,,5.4e-06
46.0,+,8,6463.7753006,1,7,0.0,0.0,0.0,1.0,6463.77442171297,0.0008788870300122653,8,1,7,0.0,0.0,0.0,True,,5.4e-06
46.0,+,9,7182.048374,1,8,0.0,0.0,0.0,1.0,7182.042866580157,0.005507419842615491,9,1,8,0.0,0.0,0.0,True,,5.4e-06
47.0,-,1,1235.4502561,1,0,0.0,0.0,0.0,1.0,1235.451026173837,-0.000770073836974916,1,1,0,0.0,0.0,0.0,True,,5.4e-06
47.0,-,2,2016.9823089,1,1,0.0,0.0,0.0,1.0,2016.982985121133,-0.0006762211330624268,2,1,1,0.0,0.0,0.0,True,,5.4e-06
47.0,-,3,2789.0678157,1,2,0.0,0.0,0.0,1.0,2789.067558300734,0.0002573992660472868,3,1,2,0.0,0.0,0.0,True,,5.4e-06
47.0,-,4,3551.8251162,1,3,0.0,0.0,0.0,1.0,3551.824140205912,0.0009759940880940121,4,1,3,0.0,0.0,0.0,True,,5.4e-06
47.0,-,5,4305.367679,1,4,0.0,0.0,0.0,1.0,4305.368195869074,-0.0005168690740902093,5,1,4,0.0,0.0,0.0,True,,5.4e-06
47.0,-,6,5049.8125496,1,5,0.0,0.0,0.0,1.0,5049.813153369486,-0.0006037694856786402,6,1,5,0.0,0.0,0.0,True,,5.4e-06
47.0,-,7,5785.2716053,1,6,0.0,0.0,0.0,1.0,5785.271869283747,-0.0002639837466631434,7,1,6,0.0,0.0,0.0,True,,5.4e-06
47.0,-,8,6511.8604135,1,7,0.0,0.0,0.0,1.0,6511.857719591447,0.0026939085528283613,8,1,7,0.0,0.0,0.0,True,,5.4e-06
47.0,-,9,7229.686018,1,8,0.0,0.0,0.0,1.0,7229.685367273119,0.0006507268817586009,9,1,8,0.0,0.0,0.0,True,,5.4e-06
48.0,+,1,1287.7863624,1,0,0.0,0.0,0.0,1.0,1287.786621076066,-0.0002586760660960863,1,1,0,0.0,0.0,0.0,True,,5.4e-06
48.0,+,2,2068.8430103,1,1,0.0,0.0,0.0,1.0,2068.844094815067,-0.0010845150668501446,2,1,1,0.0,0.0,0.0,True,,5.4e-06
48.0,+,3,2840.4587247,1,2,0.0,0.0,0.0,1.0,2840.457769034757,0.0009556652430546819,3,1,2,0.0,0.0,0.0,True,,5.4e-06
48.0,+,4,3602.7472137,1,3,0.0,0.0,0.0,1.0,3602.746943949896,0.00026975010405294597,4,1,3,0.0,0.0,0.0,True,,5.4e-06
48.0,+,5,4355.8269443,1,4,0.0,0.0,0.0,1.0,4355.82702963305,-8.533305026503513e-05,5,1,4,0.0,0.0,0.0,True,,5.4e-06
48.0,+,6,5099.8099006,1,5,0.0,0.0,0.0,1.0,5099.811435176552,-0.0015345765514211962,6,1,5,0.0,0.0,0.0,True,,5.4e-06
48.0,+,7,5834.8137261,1,6,0.0,0.0,0.0,1.0,5834.813029740903,0.000696359096764354,7,1,6,0.0,0.0,0.0,True,,5.4e-06
48.0,+,8,6560.9456853,1,7,0.0,0.0,0.0,1.0,6560.945228498937,0.00045680106359213823,8,1,7,0.0,0.0,0.0,True,,5.4e-06
49.0,-,1,1341.1917138,1,0,0.0,0.0,0.0,1.0,1341.192585938453,-0.0008721384531327203,1,1,0,0.0,0.0,0.0,True,,5.4e-06
49.0,-,2,2121.7653746,1,1,0.0,0.0,0.0,1.0,2121.765727375641,-0.00035277564074931433,2,1,1,0.0,0.0,0.0,True,,5.4e-06
49.0,-,3,2892.8991316,1,2,0.0,0.0,0.0,1.0,2892.898732756141,0.00039884385932964506,3,1,2,0.0,0.0,0.0,True,,5.4e-06
49.0,-,4,3654.7122269,1,3,0.0,0.0,0.0,1.0,3654.710805837638,0.001421062362169323,4,1,3,0.0,0.0,0.0,True,,5.4e-06
49.0,-,5,4407.3167669,1,4,0.0,0.0,0.0,1.0,4407.317300623817,-0.0005337238162610447,5,1,4,0.0,0.0,0.0,True,,5.4e-06
49.0,-,6,5150.8315101,1,5,0.0,0.0,0.0,1.0,5150.83160702533,-9.69253305811435e-05,6,1,5,0.0,0.0,0.0,True,,5.4e-06
49.0,-,7,5885.3645028,1,6,0.0,0.0,0.0,1.0,5885.366607346302,-0.0021045463017799193,7,1,6,0.0,0.0,0.0,True,,5.4e-06
49.0,-,8,6611.0376826,1,7,0.0,0.0,0.0,1.0,6611.035757111269,0.0019254887311035418,8,1,7,0.0,0.0,0.0,True,,5.4e-06
49.0,-,9,7327.9545375,1,8,0.0,0.0,0.0,1.0,7327.953842185974,0.0006953140255063772,9,1,8,0.0,0.0,0.0,True,,5.4e-06
49.0,-,10,8036.2321466,1,9,0.0,0.0,0.0,1.0,8036.237461154916,-0.0053145549154578475,10,1,9,0.0,0.0,0.0,True,,5.4e-06
50.0,+,1,1395.6674697,1,0,0.0,0.0,0.0,1.0,1395.667684297651,-0.0002145976509382308,1,1,0,0.0,0.0,0.0,True,,5.4e-06
50.0,+,2,2175.7454696,1,1,0.0,0.0,0.0,1.0,2175.746648774947,-0.0011791749470830837,2,1,1,0.0,0.0,0.0,True,,5.4e-06
50.0,+,3,2946.3904285,1,2,0.0,0.0,0.0,1.0,2946.389218010291,0.0012104897086828714,3,1,2,0.0,0.0,0.0,True,,5.4e-06
50.0,+,4,3707.715081,1,3,0.0,0.0,0.0,1.0,3707.714497120786,0.0005838792139911675,4,1,3,0.0,0.0,0.0,True,,5.4e-06
50.0,+,5,4459.8380289,1,4,0.0,0.0,0.0,1.0,4459.837782941197,0.0002459588031342719,5,1,4,0.0,0.0,0.0,True,,5.4e-06
50.0,+,6,5202.8712544,1,5,0.0,0.0,0.0,1.0,5202.87244602326,-0.001191623259728658,6,1,5,0.0,0.0,0.0,True,,5.4e-06
50.0,+,7,5936.9323223,1,6,0.0,0.0,0.0,1.0,5936.931382397003,0.0009399029968335526,7,1,6,0.0,0.0,0.0,True,,5.4e-06
50.0,+,8,6662.1280405,1,7,0.0,0.0,0.0,1.0,6662.128089120771,-4.862077094003325e-05,8,1,7,0.0,0.0,0.0,True,,5.4e-06
50.0,+,9,7378.5797337,1,8,0.0,0.0,0.0,1.0,7378.577415939393,0.0023177606071840273,9,1,8,0.0,0.0,0.0,True,,5.4e-06
51.0,-,1,1451.209407,1,0,0.0,0.0,0.0,1.0,1451.210654235397,-0.0012472353969315009,1,1,0,0.0,0.0,0.0,True,,5.4e-06
51.0,-,2,2230.7856608,1,1,0.0,0.0,0.0,1.0,2230.785599588442,6.121155820437707e-05,2,1,1,0.0,0.0,0.0,True,,5.4e-06
51.0,-,3,3000.9281628,1,2,0.0,0.0,0.0,1.0,3000.927968005533,0.00019479446700643166,3,1,2,0.0,0.0,0.0,True,,5.4e-06
51.0,-,4,3761.7580796,1,3,0.0,0.0,0.0,1.0,3761.75676377537,0.0013158246301827603,4,1,3,0.0,0.0,0.0,True,,5.4e-06
51.0,-,5,4513.3862218,1,4,0.0,0.0,0.0,1.0,4513.387225473435,-0.0010036734347522724,5,1,4,0.0,0.0,0.0,True,,5.4e-06
51.0,-,6,5255.931589,1,5,0.0,0.0,0.0,1.0,5255.932704134149,-0.0011151341495860834,6,1,5,0.0,0.0,0.0,True,,5.4e-06
51.0,-,7,5989.5056789,1,6,0.0,0.0,0.0,1.0,5989.506110118715,-0.00043121871476614615,7,1,6,0.0,0.0,0.0,True,,5.4e-06
51.0,-,8,6714.2231446,1,7,0.0,0.0,0.0,1.0,6714.220983226145,0.002161373854505655,8,1,7,0.0,0.0,0.0,True,,5.4e-06
51.0,-,9,7430.1947548,1,8,0.0,0.0,0.0,1.0,7430.192238735933,0.002516064067094703,9,1,8,0.0,0.0,0.0,True,,5.4e-06
52.0,+,1,1507.82011,1,0,0.0,0.0,0.0,1.0,1507.820208364345,-9.836434492171975e-05,1,1,0,0.0,0.0,0.0,True,,5.4e-06
52.0,+,2,2286.880314,1,1,0.0,0.0,0.0,1.0,2286.881294981537,-0.000980981536940817,2,1,1,0.0,0.0,0.0,True,,5.4e-06
52.0,+,3,3056.5150219,1,2,0.0,0.0,0.0,1.0,3056.513700600155,0.0013212998451308522,3,1,2,0.0,0.0,0.0,True,,5.4e-06
52.0,+,4,3816.8363246,1,3,0.0,0.0,0.0,1.0,3816.836326489084,-1.889084160211496e-06,4,1,3,0.0,0.0,0.0,True,,5.4e-06
52.0,+,5,4567.964088,1,4,0.0,0.0,0.0,1.0,4567.964351885181,-0.00026388518108433345,5,1,4,0.0,0.0,0.0,True,,5.4e-06
52.0,+,6,5310.0092371,1,5,0.0,0.0,0.0,1.0,5310.011108166433,-0.0018710664326135884,6,1,5,0.0,0.0,0.0,True,,5.4e-06
52.0,+,7,6043.0894021,1,6,0.0,0.0,0.0,1.0,6043.089520654652,-0.00011855465163534973,7,1,6,0.0,0.0,0.0,True,,5.4e-06
52.0,+,8,6767.3151737,1,7,0.0,0.0,0.0,1.0,6767.313173121705,0.0020005782944281236,8,1,7,0.0,0.0,0.0,True,,5.4e-06
53.0,-,1,1565.4935273,1,0,0.0,0.0,0.0,1.0,1565.495033814073,-0.0015065140728438564,1,1,0,0.0,0.0,0.0,True,,5.4e-06
53.0,-,2,2344.0328223,1,1,0.0,0.0,0.0,1.0,2344.03242469614,0.0003976038601649634,2,1,1,0.0,0.0,0.0,True,,5.4e-06
53.0,-,3,3113.1455059,1,2,0.0,0.0,0.0,1.0,3113.145108289384,0.0003976106158916082,3,1,2,0.0,0.0,0.0,True,,5.4e-06
53.0,-,4,3872.9532429,1,3,0.0,0.0,0.0,1.0,3872.951880648884,0.0013622511160065187,4,1,3,0.0,0.0,0.0,True,,5.4e-06
53.0,-,5,4623.5667267,1,4,0.0,0.0,0.0,1.0,4623.567860605197,-0.0011339051970935543,5,1,4,0.0,0.0,0.0,True,,5.4e-06
53.0,-,6,5365.1057503,1,5,0.0,0.0,0.0,1.0,5365.106359761355,-0.0006094613545428729,6,1,5,0.0,0.0,0.0,True,,5.4e-06
53.0,-,7,6097.6790819,1,6,0.0,0.0,0.0,1.0,6097.680319054201,-0.001237154201589874,7,1,6,0.0,0.0,0.0,True,,5.4e-06
53.0,-,8,7536.3934215,1,8,0.0,0.0,0.0,1.0,7536.390556472953,0.00286502704693703,9,1,8,0.0,0.0,0.0,True,,5.4e-06
54.0,+,1,1624.233534,1,0,0.0,0.0,0.0,1.0,1624.233792216581,-0.0002582165809599246,1,1,0,0.0,0.0,0.0,True,,5.4e-06
54.0,+,2,2402.2369662,1,1,0.0,0.0,0.0,1.0,2402.237653036637,-0.0006868366367598355,2,1,1,0.0,0.0,0.0,True,,5.4e-06
54.0,+,3,3170.8225202,1,2,0.0,0.0,0.0,1.0,3170.820858191777,0.001662008222865552,3,1,2,0.0,0.0,0.0,True,,5.4e-06
54.0,+,4,3930.1020471,1,3,0.0,0.0,0.0,1.0,3930.10209632771,-4.922770995108294e-05,4,1,3,0.0,0.0,0.0,True,,5.4e-06
54.0,+,5,4680.1962704,1,4,0.0,0.0,0.0,1.0,4680.19642481369,-0.00015441369032487273,5,1,4,0.0,0.0,0.0,True,,5.4e-06
54.0,+,6,5421.2150379,1,5,0.0,0.0,0.0,1.0,5421.217135380867,-0.0020974808667233447,6,1,5,0.0,0.0,0.0,True,,5.4e-06
54.0,+,7,6153.2769433,1,6,0.0,0.0,0.0,1.0,6153.277185261293,-0.000241961292886117,7,1,6,0.0,0.0,0.0,True,,5.4e-06
54.0,+,8,6876.4910564,1,7,0.0,0.0,0.0,1.0,6876.490249974668,0.0008064253324846504,8,1,7,0.0,0.0,0.0,True,,5.4e-06
54.0,+,9,7590.9723726,1,8,0.0,0.0,0.0,1.0,7590.971451584825,0.0009210151747538475,9,1,8,0.0,0.0,0.0,True,,5.4e-06
55.0,-,1,1684.0334287,1,0,0.0,0.0,0.0,1.0,1684.03511969152,-0.0016909915200358228,1,1,0,0.0,0.0,0.0,True,,5.4e-06
55.0,-,2,2461.4956618,1,1,0.0,0.0,0.0,1.0,2461.495618855853,4.29441470259917e-05,2,1,1,0.0,0.0,0.0,True,,5.4e-06
55.0,-,3,3229.5402083,1,2,0.0,0.0,0.0,1.0,3229.539592035742,0.0006162642580420652,3,1,2,0.0,0.0,0.0,True,,5.4e-06
55.0,-,4,3988.2867322,1,3,0.0,0.0,0.0,1.0,3988.285618271344,0.0011139286561956396,4,1,3,0.0,0.0,0.0,True,,5.4e-06
55.0,-,5,4737.8468464,1,4,0.0,0.0,0.0,1.0,4737.848692429555,-0.001846029555053974,5,1,4,0.0,0.0,0.0,True,,5.4e-06
55.0,-,6,5478.3408464,1,5,0.0,0.0,0.0,1.0,5478.342086295143,-0.001239895143044123,6,1,5,0.0,0.0,0.0,True,,5.4e-06
55.0,-,7,6209.8771177,1,6,0.0,0.0,0.0,1.0,6209.878774102593,-0.0016564025927436887,7,1,6,0.0,0.0,0.0,True,,5.4e-06
55.0,-,8,6932.5742256,1,7,0.0,0.0,0.0,1.0,6932.572479201258,0.0017463987423980143,8,1,7,0.0,0.0,0.0,True,,5.4e-06
55.0,-,9,7646.5422145,1,8,0.0,0.0,0.0,1.0,7646.538396061848,0.003818438151938608,9,1,8,0.0,0.0,0.0,True,,5.4e-06
55.0,-,10,8351.8884767,1,9,0.0,0.0,0.0,1.0,8351.893638159268,-0.005161459268492763,10,1,9,0.0,0.0,0.0,True,,5.4e-06
56.0,+,1,1744.896674,1,0,0.0,0.0,0.0,1.0,1744.897626830951,-0.0009528309508368693,1,1,0,0.0,0.0,0.0,True,,5.4e-06
56.0,+,2,2521.8047408,1,1,0.0,0.0,0.0,1.0,2521.804935540257,-0.00019474025657473248,2,1,1,0.0,0.0,0.0,True,,5.4e-06
56.0,+,3,3289.3015198,1,2,0.0,0.0,0.0,1.0,3289.299926145241,0.0015936547588353278,3,1,2,0.0,0.0,0.0,True,,5.4e-06
56.0,+,4,4047.5011499,1,3,0.0,0.0,0.0,1.0,4047.501065884777,8.401522336498601e-05,4,1,3,0.0,0.0,0.0,True,,5.4e-06
56.0,+,5,4796.5229474,1,4,0.0,0.0,0.0,1.0,4796.523286097178,-0.0003386971784493653,5,1,4,0.0,0.0,0.0,True,,5.4e-06
56.0,+,6,5536.4770007,1,5,0.0,0.0,0.0,1.0,5536.479838570113,-0.0028378701135807205,6,1,5,0.0,0.0,0.0,True,,5.4e-06
56.0,+,7,6267.4826687,1,6,0.0,0.0,0.0,1.0,6267.483715275368,-0.0010465753675816813,7,1,6,0.0,0.0,0.0,True,,5.4e-06
56.0,+,8,6989.6497356,1,7,0.0,0.0,0.0,1.0,6989.648688733735,0.00104686626491457,8,1,7,0.0,0.0,0.0,True,,5.4e-06
56.0,+,9,7703.0902303,1,8,0.0,0.0,0.0,1.0,7703.090027606508,0.00020269349261070602,9,1,8,0.0,0.0,0.0,True,,5.4e-06
57.0,-,1,1806.8183765,1,0,0.0,0.0,0.0,1.0,1806.81989868406,-0.0015221840599224379,1,1,0,0.0,0.0,0.0,True,,5.4e-06
57.0,-,2,2583.1645905,1,1,0.0,0.0,0.0,1.0,2583.164190995401,0.00039950459904503077,2,1,1,0.0,0.0,0.0,True,,5.4e-06
57.0,-,3,3350.1016657,1,2,0.0,0.0,0.0,1.0,3350.100451425697,0.0012142743030381098,3,1,2,0.0,0.0,0.0,True,,5.4e-06
57.0,-,4,4107.7471976,1,3,0.0,0.0,0.0,1.0,4107.747033218333,0.00016438166676380206,4,1,3,0.0,0.0,0.0,True,,5.4e-06
57.0,-,5,4856.2172683,1,4,0.0,0.0,0.0,1.0,4856.218803173047,-0.0015348730466939742,5,1,4,0.0,0.0,0.0,True,,5.4e-06
57.0,-,6,5595.6270917,1,5,0.0,0.0,0.0,1.0,5595.628993054383,-0.0019013543824257795,6,1,5,0.0,0.0,0.0,True,,5.4e-06
57.0,-,7,6326.0902612,1,6,0.0,0.0,0.0,1.0,6326.09061333518,-0.00035213518003729405,7,1,6,0.0,0.0,0.0,True,,5.4e-06
57.0,-,8,7047.7188096,1,7,0.0,0.0,0.0,1.0,7047.717487078844,0.0013225211559984018,8,1,7,0.0,0.0,0.0,True,,5.4e-06
58.0,+,1,1869.7991448,1,0,0.0,0.0,0.0,1.0,1869.800494741186,-0.001349941185935677,1,1,0,0.0,0.0,0.0,True,,5.4e-06
58.0,+,2,2645.5719313,1,1,0.0,0.0,0.0,1.0,2645.571947630459,-1.6330458947777515e-05,2,1,1,0.0,0.0,0.0,True,,5.4e-06
58.0,+,3,3411.9409824,1,2,0.0,0.0,0.0,1.0,3411.939733349066,0.0012490509338931588,3,1,2,0.0,0.0,0.0,True,,5.4e-06
58.0,+,4,4169.0224138,1,3,0.0,0.0,0.0,1.0,4169.022088953385,0.00032484661551279714,4,1,3,0.0,0.0,0.0,True,,5.4e-06
58.0,+,5,4916.9325773,1,4,0.0,0.0,0.0,1.0,4916.933815711975,-0.001238411974554765,5,1,4,0.0,0.0,0.0,True,,5.4e-06
58.0,+,6,5655.7858989,1,5,0.0,0.0,0.0,1.0,5655.788125366036,-0.0022264660365181044,6,1,5,0.0,0.0,0.0,True,,5.4e-06
58.0,+,7,6385.6969746,1,6,0.0,0.0,0.0,1.0,6385.698047683155,-0.0010730831545515684,7,1,6,0.0,0.0,0.0,True,,5.4e-06
58.0,+,8,7106.7790537,1,7,0.0,0.0,0.0,1.0,7106.777457670916,0.0015960290838847868,8,1,7,0.0,0.0,0.0,True,,5.4e-06
58.0,+,9,7819.1457027,1,8,0.0,0.0,0.0,1.0,7819.141777833986,0.003924866013221617,9,1,8,0.0,0.0,0.0,True,,5.4e-06
59.0,-,1,1933.8363034,1,0,0.0,0.0,0.0,1.0,1933.837948917771,-0.0016455177710668067,1,1,0,0.0,0.0,0.0,True,,5.4e-06
59.0,-,2,2709.0269311,1,1,0.0,0.0,0.0,1.0,2709.026742343114,0.00018875688601838192,2,1,1,0.0,0.0,0.0,True,,5.4e-06
59.0,-,3,3474.8176527,1,2,0.0,0.0,0.0,1.0,3474.81631193917,0.0013407608298621199,3,1,2,0.0,0.0,0.0,True,,5.4e-06
59.0,-,4,4231.3255162,1,3,0.0,0.0,0.0,1.0,4231.324776388107,0.0007398118923447328,4,1,3,0.0,0.0,0.0,True,,5.4e-06
59.0,-,5,4978.6655367,1,4,0.0,0.0,0.0,1.0,4978.666870453222,-0.001333753221842926,5,1,4,0.0,0.0,0.0,True,,5.4e-06
59.0,-,6,5716.9535039,1,5,0.0,0.0,0.0,1.0,5716.955785879344,-0.0022819793439339264,6,1,5,0.0,0.0,0.0,True,,5.4e-06
59.0,-,7,6446.3030668,1,6,0.0,0.0,0.0,1.0,6446.304572553394,-0.0015057533937579137,7,1,6,0.0,0.0,0.0,True,,5.4e-06
59.0,-,8,7166.8285785,1,7,0.0,0.0,0.0,1.0,7166.827158859791,0.001419640208951023,8,1,7,0.0,0.0,0.0,True,,5.4e-06
60.0,+,1,1998.9289637,1,0,0.0,0.0,0.0,1.0,1998.930769537854,-0.0018058378541354614,1,1,0,0.0,0.0,0.0,True,,5.4e-06
60.0,+,2,2773.5273704,1,1,0.0,0.0,0.0,1.0,2773.527086503241,0.0002838967589013919,2,1,1,0.0,0.0,0.0,True,,5.4e-06
60.0,+,3,3538.7302192,1,2,0.0,0.0,0.0,1.0,3538.728701756141,0.0015174438590292993,3,1,2,0.0,0.0,0.0,True,,5.4e-06
60.0,+,4,4294.654088,1,3,0.0,0.0,0.0,1.0,4294.65361342242,0.0004745775804622099,4,1,3,0.0,0.0,0.0,True,,5.4e-06
60.0,+,5,5041.4146979,1,4,0.0,0.0,0.0,1.0,5041.416488806042,-0.0017909060425154166,5,1,4,0.0,0.0,0.0,True,,5.4e-06
60.0,+,6,5779.1281911,1,5,0.0,0.0,0.0,1.0,5779.130499710881,-0.0023086108813004103,6,1,5,0.0,0.0,0.0,True,,5.4e-06
60.0,+,7,6507.9068437,1,6,0.0,0.0,0.0,1.0,6507.908716999586,-0.001873299586804933,7,1,6,0.0,0.0,0.0,True,,5.4e-06
60.0,+,8,7227.8667159,1,7,0.0,0.0,0.0,1.0,7227.865123898308,0.0015920016912787105,8,1,7,0.0,0.0,0.0,True,,5.4e-06
61.0,-,1,2065.075116,1,0,0.0,0.0,0.0,1.0,2065.077439317385,-0.002323317385162227,1,1,0,0.0,0.0,0.0,True,,5.4e-06
61.0,-,2,2839.071964,1,1,0.0,0.0,0.0,1.0,2839.071465937211,0.0004980627891200129,2,1,1,0.0,0.0,0.0,True,,5.4e-06
61.0,-,3,3603.6768593,1,2,0.0,0.0,0.0,1.0,3603.675391881018,0.0014674189819743333,3,1,2,0.0,0.0,0.0,True,,5.4e-06
61.0,-,4,4359.0073156,1,3,0.0,0.0,0.0,1.0,4359.007092543095,0.00022305690526991384,4,1,3,0.0,0.0,0.0,True,,5.4e-06
61.0,-,5,5105.1797027,1,4,0.0,0.0,0.0,1.0,5105.18116683535,-0.0014641353500337573,5,1,4,0.0,0.0,0.0,True,,5.4e-06
61.0,-,6,5842.3078794,1,5,0.0,0.0,0.0,1.0,5842.310766705544,-0.0028873055434814887,6,1,5,0.0,0.0,0.0,True,,5.4e-06
61.0,-,7,6570.5078693,1,6,0.0,0.0,0.0,1.0,6570.508984881748,-0.001115581748308614,7,1,6,0.0,0.0,0.0,True,,5.4e-06
61.0,-,8,7289.8893176,1,7,0.0,0.0,0.0,1.0,7289.889860929764,-0.0005433297637864598,8,1,7,0.0,0.0,0.0,True,,5.4e-06
61.0,-,9,8000.5703367,1,8,0.0,0.0,0.0,1.0,8000.569062209302,0.0012744906980515225,9,1,8,0.0,0.0,0.0,True,,5.4e-06
62.0,+,1,2132.2742502,1,0,0.0,0.0,0.0,1.0,2132.276415346887,-0.002165146886909497,1,1,0,0.0,0.0,0.0,True,,5.4e-06
62.0,+,2,2905.6585997,1,1,0.0,0.0,0.0,1.0,2905.65834091129,0.0002587887101981323,2,1,1,0.0,0.0,0.0,True,,5.4e-06
62.0,+,3,3669.6563305,1,2,0.0,0.0,0.0,1.0,3669.654845899796,0.001484600204094022,3,1,2,0.0,0.0,0.0,True,,5.4e-06
62.0,+,4,4424.3837476,1,3,0.0,0.0,0.0,1.0,4424.383680808276,6.67917238388327e-05,4,1,3,0.0,0.0,0.0,True,,5.4e-06
62.0,+,5,5169.9572043,1,4,0.0,0.0,0.0,1.0,5169.959375246638,-0.0021709466382162645,5,1,4,0.0,0.0,0.0,True,,5.4e-06
62.0,+,6,5906.4914186,1,5,0.0,0.0,0.0,1.0,5906.495061422362,-0.0036428223620532663,6,1,5,0.0,0.0,0.0,True,,5.4e-06
62.0,+,7,6634.1012967,1,6,0.0,0.0,0.0,1.0,6634.103854852793,-0.002558152793426416,7,1,6,0.0,0.0,0.0,True,,5.4e-06
62.0,+,8,7352.9010664,1,7,0.0,0.0,0.0,1.0,7352.899852975087,0.0012134249127484509,8,1,7,0.0,0.0,0.0,True,,5.4e-06
62.0,+,9,8063.000361,1,8,0.0,0.0,0.0,1.0,8062.998808645459,0.0015523545416726847,9,1,8,0.0,0.0,0.0,True,,5.4e-06
63.0,-,1,2200.5239975,1,0,0.0,0.0,0.0,1.0,2200.526129074072,-0.0021315740718819143,1,1,0,0.0,0.0,0.0,True,,5.4e-06
63.0,-,2,2973.2864694,1,1,0.0,0.0,0.0,1.0,2973.286146114608,0.0003232853919143963,2,1,1,0.0,0.0,0.0,True,,5.4e-06
63.0,-,3,3736.6669338,1,2,0.0,0.0,0.0,1.0,3736.665501887116,0.001431912884072517,3,1,2,0.0,0.0,0.0,True,,5.4e-06
63.0,-,4,4490.7816515,1,3,0.0,0.0,0.0,1.0,4490.781819831795,-0.00016833179415698396,4,1,3,0.0,0.0,0.0,True,,5.4e-06
63.0,-,5,5235.7471142,1,4,0.0,0.0,0.0,1.0,5235.749559370885,-0.0024451708850392606,5,1,4,0.0,0.0,0.0,True,,5.4e-06
63.0,-,6,5971.6782402,1,5,0.0,0.0,0.0,1.0,5971.6818331198,-0.0035929198002122575,6,1,5,0.0,0.0,0.0,True,,5.4e-06
63.0,-,7,6698.6890329,1,6,0.0,0.0,0.0,1.0,6698.691780344278,-0.0027474442786115105,7,1,6,0.0,0.0,0.0,True,,5.4e-06
63.0,-,8,7416.893869,1,7,0.0,0.0,0.0,1.0,7416.893557919601,0.0003110803991148714,8,1,7,0.0,0.0,0.0,True,,5.4e-06
63.0,-,9,8126.4060964,1,8,0.0,0.0,0.0,1.0,8126.40300618986,0.003090210139816918,9,1,8,0.0,0.0,0.0,True,,5.4e-06
64.0,+,1,2269.8225309,1,0,0.0,0.0,0.0,1.0,2269.824986285884,-0.0024553858838771703,1,1,0,0.0,0.0,0.0,True,,5.4e-06
64.0,+,2,3041.9537907,1,1,0.0,0.0,0.0,1.0,3041.953290642352,0.0005000576479687879,2,1,1,0.0,0.0,0.0,True,,5.4e-06
64.0,+,3,3804.7071438,1,2,0.0,0.0,0.0,1.0,3804.70577238978,0.0013714102196900058,3,1,2,0.0,0.0,0.0,True,,5.4e-06
64.0,+,4,4558.1998158,1,3,0.0,0.0,0.0,1.0,4558.19992576719,-0.00010996718992828391,4,1,3,0.0,0.0,0.0,True,,5.4e-06
64.0,+,5,5302.547448,1,4,0.0,0.0,0.0,1.0,5302.550139149263,-0.002691149262318504,5,1,4,0.0,0.0,0.0,True,,5.4e-06
64.0,+,6,6037.8659453,1,5,0.0,0.0,0.0,1.0,6037.869505741039,-0.0035604410386440577,6,1,5,0.0,0.0,0.0,True,,5.4e-06
64.0,+,7,6764.2685131,1,6,0.0,0.0,0.0,1.0,6764.271189552567,-0.002676452567357046,7,1,6,0.0,0.0,0.0,True,,5.4e-06
64.0,+,8,7481.8701428,1,7,0.0,0.0,0.0,1.0,7481.869408499789,0.0007343002116613206,8,1,7,0.0,0.0,0.0,True,,5.4e-06
64.0,+,9,8190.7776327,1,8,0.0,0.0,0.0,1.0,8190.780092438598,-0.0024597385981905973,9,1,8,0.0,0.0,0.0,True,,5.4e-06
65.0,-,1,2340.1688325,1,0,0.0,0.0,0.0,1.0,2340.171367090414,-0.0025345904141431674,1,1,0,0.0,0.0,0.0,True,,5.4e-06
65.0,-,2,3111.6586402,1,1,0.0,0.0,0.0,1.0,3111.658157977954,0.0004822220457754156,2,1,1,0.0,0.0,0.0,True,,5.4e-06
65.0,-,3,3873.7755968,1,2,0.0,0.0,0.0,1.0,3873.77404440982,0.0015523901802225737,3,1,2,0.0,0.0,0.0,True,,5.4e-06
65.0,-,4,4626.6360028,1,3,0.0,0.0,0.0,1.0,4626.636389291267,-0.00038649126690870617,4,1,3,0.0,0.0,0.0,True,,5.4e-06
65.0,-,5,5370.3564379,1,4,0.0,0.0,0.0,1.0,5370.359509117047,-0.0030712170473634615,5,1,4,0.0,0.0,0.0,True,,5.4e-06
65.0,-,6,6105.0523279,1,5,0.0,0.0,0.0,1.0,6105.056477898781,-0.004149998781031172,6,1,5,0.0,0.0,0.0,True,,5.4e-06
65.0,-,7,6830.8375557,1,6,0.0,0.0,0.0,1.0,6830.840485424391,-0.0029297243909240933,7,1,6,0.0,0.0,0.0,True,,5.4e-06
65.0,-,8,7547.8242576,1,7,0.0,0.0,0.0,1.0,7547.82581228975,-0.0015546897493550205,8,1,7,0.0,0.0,0.0,True,,5.4e-06
66.0,+,1,2411.5604876,1,0,0.0,0.0,0.0,1.0,2411.563625898277,-0.003138298277008289,1,1,0,0.0,0.0,0.0,True,,5.4e-06
66.0,+,2,3182.3996145,1,1,0.0,0.0,0.0,1.0,3182.399105975545,0.0005085244551992218,2,1,1,0.0,0.0,0.0,True,,5.4e-06
66.0,+,3,3943.8702863,1,2,0.0,0.0,0.0,1.0,3943.868679387309,0.0016069126909314946,3,1,2,0.0,0.0,0.0,True,,5.4e-06
66.0,+,4,4696.088985,1,3,0.0,0.0,0.0,1.0,4696.089575587606,-0.000590587605984183,4,1,3,0.0,0.0,0.0,True,,5.4e-06
66.0,+,5,5439.172923,1,4,0.0,0.0,0.0,1.0,5439.176038387985,-0.0031153879845078336,5,1,4,0.0,0.0,0.0,True,,5.4e-06
66.0,+,6,6173.2369921,1,5,0.0,0.0,0.0,1.0,6173.241122859965,-0.00413075996493717,6,1,5,0.0,0.0,0.0,True,,5.4e-06
66.0,+,7,6898.3948092,1,6,0.0,0.0,0.0,1.0,6898.398045642058,-0.0032364420576413977,7,1,6,0.0,0.0,0.0,True,,5.4e-06
66.0,+,8,7614.7617056,1,7,0.0,0.0,0.0,1.0,7614.761151687333,0.0005539126668736571,8,1,7,0.0,0.0,0.0,True,,5.4e-06
67.0,-,1,2483.9966598,1,0,0.0,0.0,0.0,1.0,2484.000091403654,-0.003431603654007631,1,1,0,0.0,0.0,0.0,True,,5.4e-06
67.0,-,2,3254.1750574,1,1,0.0,0.0,0.0,1.0,3254.174466841574,0.0005905584257561713,2,1,1,0.0,0.0,0.0,True,,5.4e-06
67.0,-,3,4014.9896364,1,2,0.0,0.0,0.0,1.0,4014.988013182793,0.0016232172069976514,3,1,2,0.0,0.0,0.0,True,,5.4e-06
67.0,-,4,4766.5569337,1,3,0.0,0.0,0.0,1.0,4766.557824329518,-0.000890629517925845,4,1,3,0.0,0.0,0.0,True,,5.4e-06
67.0,-,5,5508.9947887,1,4,0.0,0.0,0.0,1.0,5508.998070637475,-0.003281937475549057,5,1,4,0.0,0.0,0.0,True,,5.4e-06
67.0,-,6,6242.416944,1,5,0.0,0.0,0.0,1.0,6242.421788529834,-0.004844529834372224,6,1,5,0.0,0.0,0.0,True,,5.4e-06
67.0,-,7,6966.9392018,1,6,0.0,0.0,0.0,1.0,6966.942222608623,-0.0030208086227503372,7,1,6,0.0,0.0,0.0,True,,5.4e-06
67.0,-,8,8389.7346568,1,8,0.0,0.0,0.0,1.0,8389.732683274871,0.0019735251280508237,9,1,8,0.0,0.0,0.0,True,,5.4e-06
68.0,+,1,2557.4762601,1,0,0.0,0.0,0.0,1.0,2557.479066564973,-0.0028064649727639335,1,1,0,0.0,0.0,0.0,True,,5.4e-06
68.0,+,2,3326.9834298,1,1,0.0,0.0,0.0,1.0,3326.982547116269,0.0008826837311062263,2,1,1,0.0,0.0,0.0,True,,5.4e-06
68.0,+,3,4087.1315438,1,2,0.0,0.0,0.0,1.0,4087.130356059392,0.001187740608202148,3,1,2,0.0,0.0,0.0,True,,5.4e-06
68.0,+,4,4838.0392357,1,3,0.0,0.0,0.0,1.0,4838.039449662652,-0.000213962652196642,4,1,3,0.0,0.0,0.0,True,,5.4e-06
68.0,+,5,5579.8203133,1,4,0.0,0.0,0.0,1.0,5579.823924086303,-0.0036107863033976173,5,1,4,0.0,0.0,0.0,True,,5.4e-06
68.0,+,6,6312.5925343,1,5,0.0,0.0,0.0,1.0,6312.596797436266,-0.004263136265763023,6,1,5,0.0,0.0,0.0,True,,5.4e-06
68.0,+,7,7036.4681846,1,6,0.0,0.0,0.0,1.0,7036.471343432709,-0.003158832708322734,7,1,6,0.0,0.0,0.0,True,,5.4e-06
68.0,+,8,7751.5623272,1,7,0.0,0.0,0.0,1.0,7751.562040930771,0.0002862692290364066,8,1,7,0.0,0.0,0.0,True,,5.4e-06
69.0,-,1,2631.9959426,1,0,0.0,0.0,0.0,1.0,2631.998828585448,-0.002885985447846906,1,1,0,0.0,0.0,0.0,True,,5.4e-06
69.0,-,2,3400.8223474,1,1,0.0,0.0,0.0,1.0,3400.821627655,0.0007197449999694072,2,1,1,0.0,0.0,0.0,True,,5.4e-06
69.0,-,3,4160.2956912,1,2,0.0,0.0,0.0,1.0,4160.29399266457,0.0016985354295684374,3,1,2,0.0,0.0,0.0,True,,5.4e-06
69.0,-,4,4910.5319653,1,3,0.0,0.0,0.0,1.0,4910.532740187608,-0.0007748876087134704,4,1,3,0.0,0.0,0.0,True,,5.4e-06
69.0,-,5,5651.6483764,1,4,0.0,0.0,0.0,1.0,5651.651891483434,-0.003515083433740074,5,1,4,0.0,0.0,0.0,True,,5.4e-06
69.0,-,6,6383.7598912,1,5,0.0,0.0,0.0,1.0,6383.764446713354,-0.004555513353807328,6,1,5,0.0,0.0,0.0,True,,5.4e-06
69.0,-,7,7106.9807037,1,6,0.0,0.0,0.0,1.0,7106.983709913068,-0.00300621306814719,7,1,6,0.0,0.0,0.0,True,,5.4e-06
69.0,-,8,7821.4261579,1,7,0.0,0.0,0.0,1.0,7821.424229563428,0.0019283365727460478,8,1,7,0.0,0.0,0.0,True,,5.4e-06
69.0,-,9,8527.204278,1,8,0.0,0.0,0.0,1.0,8527.20241462706,0.0018633729396242416,9,1,8,0.0,0.0,0.0,True,,5.4e-06
70.0,+,1,2707.5544302,1,0,0.0,0.0,0.0,1.0,2707.557628892747,-0.0031986927469915827,1,1,0,0.0,0.0,0.0,True,,5.4e-06
70.0,+,2,3475.6906942,1,1,0.0,0.0,0.0,1.0,3475.689963608686,0.0007305913140953635,2,1,1,0.0,0.0,0.0,True,,5.4e-06
70.0,+,3,4234.4786658,1,2,0.0,0.0,0.0,1.0,4234.477182011543,0.0014837884573353222,3,1,2,0.0,0.0,0.0,True,,5.4e-06
70.0,+,4,4984.0353814,1,3,0.0,0.0,0.0,1.0,4984.03595894175,-0.000577541750317323,4,1,3,0.0,0.0,0.0,True,,5.4e-06
70.0,+,5,5724.4763783,1,4,0.0,0.0,0.0,1.0,5724.480240088818,-0.003861788818539935,5,1,4,0.0,0.0,0.0,True,,5.4e-06
70.0,+,6,6455.9187769,1,5,0.0,0.0,0.0,1.0,6455.923008084748,-0.004231184748277883,6,1,5,0.0,0.0,0.0,True,,5.4e-06
70.0,+,7,7178.4727828,1,6,0.0,0.0,0.0,1.0,7178.477598522702,-0.004815722702005587,7,1,6,0.0,0.0,0.0,True,,5.4e-06
70.0,+,8,7892.2594956,1,7,0.0,0.0,0.0,1.0,7892.258631347932,0.0008642520679131849,8,1,7,0.0,0.0,0.0,True,,5.4e-06
70.0,+,9,8597.3804885,1,8,0.0,0.0,0.0,1.0,8597.382617901934,-0.002129401933416375,9,1,8,0.0,0.0,0.0,True,,5.4e-06
71.0,-,1,2784.1503049,1,0,0.0,0.0,0.0,1.0,2784.153693118824,-0.003388218824056821,1,1,0,0.0,0.0,0.0,True,,5.4e-06
71.0,-,2,3551.5869223,1,1,0.0,0.0,0.0,1.0,3551.58578440444,0.0011378955600775953,2,1,1,0.0,0.0,0.0,True,,5.4e-06
71.0,-,3,4309.6800014,1,2,0.0,0.0,0.0,1.0,4309.678157460378,0.0018439396217218018,3,1,2,0.0,0.0,0.0,True,,5.4e-06
71.0,-,4,5058.5468375,1,3,0.0,0.0,0.0,1.0,5058.547343381117,-0.000505881116623641,4,1,3,0.0,0.0,0.0,True,,5.4e-06
71.0,-,5,5798.3039699,1,4,0.0,0.0,0.0,1.0,5798.307211655716,-0.003241755715862382,5,1,4,0.0,0.0,0.0,True,,5.4e-06
71.0,-,6,6529.0651208,1,5,0.0,0.0,0.0,1.0,6529.070727847039,-0.005607047039120516,6,1,5,0.0,0.0,0.0,True,,5.4e-06
71.0,-,7,7250.9488492,1,6,0.0,0.0,0.0,1.0,7250.951260393162,-0.0024111931616062066,7,1,6,0.0,0.0,0.0,True,,5.4e-06
71.0,-,8,7964.0600848,1,7,0.0,0.0,0.0,1.0,7964.063502585314,-0.0034177853140135994,8,1,7,0.0,0.0,0.0,True,,5.4e-06
72.0,+,1,2861.7820451,1,0,0.0,0.0,0.0,1.0,2861.785221079116,-0.003175979116349481,1,1,0,0.0,0.0,0.0,True,,5.4e-06
72.0,+,2,3628.5083083,1,1,0.0,0.0,0.0,1.0,3628.507293725578,0.0010145744217879837,2,1,1,0.0,0.0,0.0,True,,5.4e-06
72.0,+,3,4385.8971977,1,2,0.0,0.0,0.0,1.0,4385.895126698747,0.0020710012531708344,3,1,2,0.0,0.0,0.0,True,,5.4e-06
72.0,+,4,5134.0643884,1,3,0.0,0.0,0.0,1.0,5134.065105361657,-0.0007169616565079195,4,1,3,0.0,0.0,0.0,True,,5.4e-06
72.0,+,5,5873.1272117,1,4,0.0,0.0,0.0,1.0,5873.131022412852,-0.0038107128521005507,5,1,4,0.0,0.0,0.0,True,,5.4e-06
72.0,+,6,6603.2003484,1,5,0.0,0.0,0.0,1.0,6603.205826852419,-0.005478452419083624,6,1,5,0.0,0.0,0.0,True,,5.4e-06
72.0,+,7,7324.3988473,1,6,0.0,0.0,0.0,1.0,7324.402921297983,-0.004073997983141453,7,1,6,0.0,0.0,0.0,True,,5.4e-06
72.0,+,8,8036.8344161,1,7,0.0,0.0,0.0,1.0,8036.837074312522,-0.0026582125219647423,8,1,7,0.0,0.0,0.0,True,,5.4e-06
72.0,+,9,8740.622561,1,8,0.0,0.0,0.0,1.0,8740.625008850064,-0.002447850063617807,9,1,8,0.0,0.0,0.0,True,,5.4e-06
73.0,-,1,2940.4464458,1,0,0.0,0.0,0.0,1.0,2940.450386751261,-0.003940951260574366,1,1,0,0.0,0.0,0.0,True,,5.4e-06
73.0,-,2,3706.4543923,1,1,0.0,0.0,0.0,1.0,3706.452669491144,0.001722808855902258,2,1,1,0.0,0.0,0.0,True,,5.4e-06
73.0,-,3,4463.1280818,1,2,0.0,0.0,0.0,1.0,4463.126271722214,0.001810077785194153,3,1,2,0.0,0.0,0.0,True,,5.4e-06
73.0,-,4,5210.5865591,1,3,0.0,0.0,0.0,1.0,5210.587431120446,-0.0008720204459677916,4,1,3,0.0,0.0,0.0,True,,5.4e-06
73.0,-,5,5948.9455307,1,4,0.0,0.0,0.0,1.0,5948.949863046179,-0.004332346179580782,5,1,4,0.0,0.0,0.0,True,,5.4e-06
73.0,-,6,6678.3200141,1,5,0.0,0.0,0.0,1.0,6678.326500491356,-0.006486391355792875,6,1,5,0.0,0.0,0.0,True,,5.4e-06
73.0,-,7,7398.8255574,1,6,0.0,0.0,0.0,1.0,7398.830781636371,-0.005224236370850122,7,1,6,0.0,0.0,0.0,True,,5.4e-06
73.0,-,8,8110.5765248,1,7,0.0,0.0,0.0,1.0,8110.577552286727,-0.0010274867272528354,8,1,7,0.0,0.0,0.0,True,,5.4e-06
74.0,+,1,3020.1447685,1,0,0.0,0.0,0.0,1.0,3020.147338253643,-0.0025697536430016044,1,1,0,0.0,0.0,0.0,True,,5.4e-06
74.0,+,2,3785.4212095,1,1,0.0,0.0,0.0,1.0,3785.420063835384,0.0011456646157057548,2,1,1,0.0,0.0,0.0,True,,5.4e-06
74.0,+,3,4541.3721353,1,2,0.0,0.0,0.0,1.0,4541.369748814358,0.0023864856420914293,3,1,2,0.0,0.0,0.0,True,,5.4e-06
74.0,+,4,5288.1114902,1,3,0.0,0.0,0.0,1.0,5288.112481256167,-0.0009910561666401918,4,1,3,0.0,0.0,0.0,True,,5.4e-06
74.0,+,5,6025.7574721,1,4,0.0,0.0,0.0,1.0,6025.761898680202,-0.004426580201652541,5,1,4,0.0,0.0,0.0,True,,5.4e-06
74.0,+,6,6754.4248991,1,5,0.0,0.0,0.0,1.0,6754.430918674842,-0.006019574841957365,6,1,5,0.0,0.0,0.0,True,,5.4e-06
74.0,+,7,7474.2285023,1,6,0.0,0.0,0.0,1.0,7474.233016416226,-0.004514116225436737,7,1,6,0.0,0.0,0.0,True,,5.4e-06
74.0,+,8,8185.2812144,1,7,0.0,0.0,0.0,1.0,8185.283116969788,-0.0019025697883989778,8,1,7,0.0,0.0,0.0,True,,5.4e-06
75.0,-,9,3100.8702485,1,0,0.0,0.0,0.0,1.0,3100.874197823461,-0.0039493234612564265,1,1,0,0.0,0.0,0.0,True,,5.4e-06
75.0,-,1,3865.4098922,1,1,0.0,0.0,0.0,1.0,3865.407603086452,0.0022891135477038915,2,1,1,0.0,0.0,0.0,True,,5.4e-06
75.0,-,2,4620.6255004,1,2,0.0,0.0,0.0,1.0,4620.623688526221,0.001811873779843154,3,1,2,0.0,0.0,0.0,True,,5.4e-06
75.0,-,3,5366.6377967,1,3,0.0,0.0,0.0,1.0,5366.638390709688,-0.0005940096880294732,4,1,3,0.0,0.0,0.0,True,,5.4e-06
75.0,-,4,6103.5608643,1,4,0.0,0.0,0.0,1.0,6103.565268859299,-0.004404559299473476,5,1,4,0.0,0.0,0.0,True,,5.4e-06
75.0,-,5,6831.5113714,1,5,0.0,0.0,0.0,1.0,6831.517225816247,-0.005854416247530025,6,1,5,0.0,0.0,0.0,True,,5.4e-06
75.0,-,6,7550.6028453,1,6,0.0,0.0,0.0,1.0,7550.607775237298,-0.004929937297674769,7,1,6,0.0,0.0,0.0,True,,5.4e-06
75.0,-,7,8260.9476993,1,7,0.0,0.0,0.0,1.0,8260.951923512157,-0.004224212156259455,8,1,7,0.0,0.0,0.0,True,,5.4e-06
76.0,+,1,3182.6256455,1,0,0.0,0.0,0.0,1.0,3182.629061794368,-0.0034162943684350466,1,1,0,0.0,0.0,0.0,True,,5.4e-06
76.0,+,2,3946.4144566,1,1,0.0,0.0,0.0,1.0,3946.413387745181,0.0010688548190955771,2,1,1,0.0,0.0,0.0,True,,5.4e-06
76.0,+,3,4700.8887381,1,2,0.0,0.0,0.0,1.0,4700.886195655962,0.0025424440382266766,3,1,2,0.0,0.0,0.0,True,,5.4e-06
76.0,+,4,5446.1622788,1,3,0.0,0.0,0.0,1.0,5446.16326874397,-0.000989943969216256,4,1,3,0.0,0.0,0.0,True,,5.4e-06
76.0,+,5,6182.3536927,1,4,0.0,0.0,0.0,1.0,6182.358087528268,-0.0043948282682322315,5,1,4,0.0,0.0,0.0,True,,5.4e-06
76.0,+,6,6909.5778426,1,5,0.0,0.0,0.0,1.0,6909.583540813092,-0.0056982130927281105,6,1,5,0.0,0.0,0.0,True,,5.4e-06
76.0,+,7,7627.9467273,1,6,0.0,0.0,0.0,1.0,7627.953182273462,-0.006454973461586633,7,1,6,0.0,0.0,0.0,True,,5.4e-06
76.0,+,8,8337.5800487,1,7,0.0,0.0,0.0,1.0,8337.582101736636,-0.0020530366364255315,8,1,7,0.0,0.0,0.0,True,,5.4e-06
77.0,-,1,3265.4059396,1,0,0.0,0.0,0.0,1.0,3265.410000573825,-0.004060973825289693,1,1,0,0.0,0.0,0.0,True,,5.4e-06
77.0,-,2,4028.4377894,1,1,0.0,0.0,0.0,1.0,4028.43549246312,0.002296936879702116,2,1,1,0.0,0.0,0.0,True,,5.4e-06
77.0,-,3,4782.1574067,1,2,0.0,0.0,0.0,1.0,4782.155349227352,0.002057472647720715,3,1,2,0.0,0.0,0.0,True,,5.4e-06
77.0,-,4,5526.6843137,1,3,0.0,0.0,0.0,1.0,5526.685198923773,-0.000885223773366306,4,1,3,0.0,0.0,0.0,True,,5.4e-06
77.0,-,5,6262.1336543,1,4,0.0,0.0,0.0,1.0,6262.138443013039,-0.004788713039488357,5,1,4,0.0,0.0,0.0,True,,5.4e-06
77.0,-,6,6988.6209715,1,5,0.0,0.0,0.0,1.0,6988.627957028435,-0.006985528434597654,6,1,5,0.0,0.0,0.0,True,,5.4e-06
77.0,-,7,7706.2604077,1,6,0.0,0.0,0.0,1.0,7706.267336255521,-0.006928555520971713,7,1,6,0.0,0.0,0.0,True,,5.4e-06
78.0,+,1,3349.2115765,1,0,0.0,0.0,0.0,1.0,3349.215058619875,-0.003482119875116041,1,1,0,0.0,0.0,0.0,True,,5.4e-06
78.0,+,2,4111.4737342,1,1,0.0,0.0,0.0,1.0,4111.471966020295,0.0017681797044133418,2,1,1,0.0,0.0,0.0,True,,5.4e-06
78.0,+,3,4864.4319361,1,2,0.0,0.0,0.0,1.0,4864.429202468614,0.002733631386035995,3,1,2,0.0,0.0,0.0,True,,5.4e-06
78.0,+,4,5608.200967,1,3,0.0,0.0,0.0,1.0,5608.202239094917,-0.001272094917112554,4,1,3,0.0,0.0,0.0,True,,5.4e-06
78.0,+,5,6342.8992083,1,4,0.0,0.0,0.0,1.0,6342.904398000548,-0.005189700547816756,5,1,4,0.0,0.0,0.0,True,,5.4e-06
78.0,+,6,7068.6418111,1,5,0.0,0.0,0.0,1.0,7068.648542271716,-0.006731171715728124,6,1,5,0.0,0.0,0.0,True,,5.4e-06
78.0,+,7,7785.5440685,1,6,0.0,0.0,0.0,1.0,7785.548310452985,-0.004241952984557429,7,1,6,0.0,0.0,0.0,True,,5.4e-06
78.0,+,8,8493.7151569,1,7,0.0,0.0,0.0,1.0,8493.718965786089,-0.0038088860892457888,8,1,7,0.0,0.0,0.0,True,,5.4e-06
79.0,-,1,3434.0375834,1,0,0.0,0.0,0.0,1.0,3434.042254417779,-0.004671017778946407,1,1,0,0.0,0.0,0.0,True,,5.4e-06
79.0,-,2,4195.5234968,1,1,0.0,0.0,0.0,1.0,4195.520831302634,0.002665497366251657,2,1,1,0.0,0.0,0.0,True,,5.4e-06
79.0,-,3,4947.7080757,1,2,0.0,0.0,0.0,1.0,4947.70578279054,0.002292909460265946,3,1,2,0.0,0.0,0.0,True,,5.4e-06
79.0,-,4,5690.7120385,1,3,0.0,0.0,0.0,1.0,5690.712421363207,-0.000382863207050832,4,1,3,0.0,0.0,0.0,True,,5.4e-06
79.0,-,5,6424.6485846,1,4,0.0,0.0,0.0,1.0,6424.653989518736,-0.005404918736530817,5,1,4,0.0,0.0,0.0,True,,5.4e-06
79.0,-,6,7149.637121,1,5,0.0,0.0,0.0,1.0,7149.643338779688,-0.0062177796880860114,6,1,5,0.0,0.0,0.0,True,,5.4e-06
79.0,-,7,7865.786412,1,6,0.0,0.0,0.0,1.0,7865.794152655985,-0.0077406559848895995,7,1,6,0.0,0.0,0.0,True,,5.4e-06
79.0,-,8,8573.2208335,1,7,0.0,0.0,0.0,1.0,8573.2217844691,-0.0009509691008133814,8,1,7,0.0,0.0,0.0,True,,5.4e-06
80.0,+,1,3519.8860832,1,0,0.0,0.0,0.0,1.0,3519.889580455926,-0.0034972559260495473,1,1,0,0.0,0.0,0.0,True,,5.4e-06
80.0,+,2,4280.582247,1,1,0.0,0.0,0.0,1.0,4280.580085278973,0.0021617210277327104,2,1,1,0.0,0.0,0.0,True,,5.4e-06
80.0,+,3,5031.9861659,1,2,0.0,0.0,0.0,1.0,5031.983091764227,0.003074135773204034,3,1,2,0.0,0.0,0.0,True,,5.4e-06
80.0,+,4,5774.2124043,1,3,0.0,0.0,0.0,1.0,5774.213752073271,-0.001347773270936159,4,1,3,0.0,0.0,0.0,True,,5.4e-06
80.0,+,5,6507.3798203,1,4,0.0,0.0,0.0,1.0,6507.385228915887,-0.005408615887063206,5,1,4,0.0,0.0,0.0,True,,5.4e-06
80.0,+,6,7231.6029937,1,5,0.0,0.0,0.0,1.0,7231.610363196771,-0.0073694967704796,6,1,5,0.0,0.0,0.0,True,,5.4e-06
80.0,+,7,7946.9973877,1,6,0.0,0.0,0.0,1.0,7947.002885156754,-0.005497456753801089,7,1,6,0.0,0.0,0.0,True,,5.4e-06
81.0,-,1,3606.7505802,1,0,0.0,0.0,0.0,1.0,3606.755003201544,-0.004423001543727878,1,1,0,0.0,0.0,0.0,True,,5.4e-06
81.0,-,2,4366.650945,1,1,0.0,0.0,0.0,1.0,4366.647698977515,0.0032460224856549758,2,1,1,0.0,0.0,0.0,True,,5.4e-06
81.0,-,3,5117.2614645,1,2,0.0,0.0,0.0,1.0,5117.259105098424,0.0023594015765411314,3,1,2,0.0,0.0,0.0,True,,5.4e-06
81.0,-,4,5858.7031071,1,3,0.0,0.0,0.0,1.0,5858.704211786293,-0.0011046862928196788,4,1,3,0.0,0.0,0.0,True,,5.4e-06
81.0,-,5,6591.0893262,1,4,0.0,0.0,0.0,1.0,6591.096101839684,-0.006775639683837653,5,1,4,0.0,0.0,0.0,True,,5.4e-06
81.0,-,6,7314.5399986,1,5,0.0,0.0,0.0,1.0,7314.547606555037,-0.007607955037201464,6,1,5,0.0,0.0,0.0,True,,5.4e-06
81.0,-,7,8029.1641316,1,6,0.0,0.0,0.0,1.0,8029.172504730971,-0.008373130971449427,7,1,6,0.0,0.0,0.0,True,,5.4e-06
82.0,+,1,3694.6329192,1,0,0.0,0.0,0.0,1.0,3694.636463076026,-0.003543876026014914,1,1,0,0.0,0.0,0.0,True,,5.4e-06
82.0,+,2,4453.7246098,1,1,0.0,0.0,0.0,1.0,4453.721617462232,0.0029923377678642282,2,1,1,0.0,0.0,0.0,True,,5.4e-06
82.0,+,3,5203.5353908,1,2,0.0,0.0,0.0,1.0,5203.531772616751,0.0036181832483634935,3,1,2,0.0,0.0,0.0,True,,5.4e-06
82.0,+,4,5944.1793467,1,3,0.0,0.0,0.0,1.0,5944.181755258391,-0.0024085583909254638,4,1,3,0.0,0.0,0.0,True,,5.4e-06
82.0,+,5,6675.7796208,1,4,0.0,0.0,0.0,1.0,6675.784568216212,-0.004947416212417011,5,1,4,0.0,0.0,0.0,True,,5.4e-06
82.0,+,6,7398.4443318,1,5,0.0,0.0,0.0,1.0,7398.453034254345,-0.008702454344529542,6,1,5,0.0,0.0,0.0,True,,5.4e-06
82.0,+,7,8112.2952634,1,6,0.0,0.0,0.0,1.0,8112.300982618633,-0.005719218632293632,7,1,6,0.0,0.0,0.0,True,,5.4e-06
83.0,-,1,3783.5273735,1,0,0.0,0.0,0.0,1.0,3783.531874429783,-0.004500929782807361,1,1,0,0.0,0.0,0.0,True,,5.4e-06
83.0,-,2,4541.8027507,1,1,0.0,0.0,0.0,1.0,4541.799759808426,0.002990891573972476,2,1,1,0.0,0.0,0.0,True,,5.4e-06
83.0,-,3,5290.8015102,1,2,0.0,0.0,0.0,1.0,5290.799018234216,0.002491965783519845,3,1,2,0.0,0.0,0.0,True,,5.4e-06
83.0,-,4,6030.6438053,1,3,0.0,0.0,0.0,1.0,6030.644311417867,-0.0005061178671894595,4,1,3,0.0,0.0,0.0,True,,5.4e-06
83.0,-,5,6761.4416485,1,4,0.0,0.0,0.0,1.0,6761.448562228094,-0.006913728093422833,5,1,4,0.0,0.0,0.0,True,,5.4e-06
83.0,-,6,7483.3173429,1,5,0.0,0.0,0.0,1.0,7483.324586041374,-0.007243141373692197,6,1,5,0.0,0.0,0.0,True,,5.4e-06
83.0,-,7,8196.381661,1,6,0.0,0.0,0.0,1.0,8196.386264504876,-0.004603504876286024,7,1,6,0.0,0.0,0.0,True,,5.4e-06
84.0,+,1,3873.4349466,1,0,0.0,0.0,0.0,1.0,3873.439125516478,-0.00417891647794022,1,1,0,0.0,0.0,0.0,True,,5.4e-06
84.0,+,2,4630.8825354,1,1,0.0,0.0,0.0,1.0,4630.880019078329,0.0025163216714645387,2,1,1,0.0,0.0,0.0,True,,5.4e-06
84.0,+,3,5379.0619695,1,2,0.0,0.0,0.0,1.0,5379.058739933392,0.003229566607842571,3,1,2,0.0,0.0,0.0,True,,5.4e-06
84.0,+,4,6118.0879774,1,3,0.0,0.0,0.0,1.0,6118.089783342274,-0.0018059422736769193,4,1,3,0.0,0.0,0.0,True,,5.4e-06
84.0,+,5,6848.0801182,1,4,0.0,0.0,0.0,1.0,6848.085992292738,-0.005874092738849868,5,1,4,0.0,0.0,0.0,True,,5.4e-06
84.0,+,6,7569.1532599,1,5,0.0,0.0,0.0,1.0,7569.160175989099,-0.0069160890989223844,6,1,5,0.0,0.0,0.0,True,,5.4e-06
84.0,+,7,8281.4237161,1,6,0.0,0.0,0.0,1.0,8281.426270500046,-0.0025544000454829074,7,1,6,0.0,0.0,0.0,True,,5.4e-06
85.0,-,1,3964.3510646,1,0,0.0,0.0,0.0,1.0,3964.356078467152,-0.005013867152229068,1,1,0,0.0,0.0,0.0,True,,5.4e-06
85.0,-,2,4720.9637514,1,1,0.0,0.0,0.0,1.0,4720.96026229583,0.003489104169602797,2,1,1,0.0,0.0,0.0,True,,5.4e-06
85.0,-,3,5468.3109565,1,2,0.0,0.0,0.0,1.0,5468.308809740413,0.0021467595870490186,3,1,2,0.0,0.0,0.0,True,,5.4e-06
85.0,-,4,6206.5147112,1,3,0.0,0.0,0.0,1.0,6206.516048235222,-0.0013370352216952597,4,1,3,0.0,0.0,0.0,True,,5.4e-06
85.0,-,5,6935.6890902,1,4,0.0,0.0,0.0,1.0,6935.694741039989,-0.005650839989357337,5,1,4,0.0,0.0,0.0,True,,5.4e-06
85.0,-,6,7655.9545944,1,5,0.0,0.0,0.0,1.0,7655.957692475504,-0.0030980755036580376,6,1,5,0.0,0.0,0.0,True,,5.4e-06
86.0,+,1,4056.2763702,1,0,0.0,0.0,0.0,1.0,4056.280569263757,-0.004199063756914256,1,1,0,0.0,0.0,0.0,True,,5.4e-06
86.0,+,2,4812.0403398,1,1,0.0,0.0,0.0,1.0,4812.038330421176,0.002009378823458974,2,1,1,0.0,0.0,0.0,True,,5.4e-06
86.0,+,3,5558.5501387,1,2,0.0,0.0,0.0,1.0,5558.547073700204,0.003064999796151824,3,1,2,0.0,0.0,0.0,True,,5.4e-06
86.0,+,4,6295.9183306,1,3,0.0,0.0,0.0,1.0,6295.920957402723,-0.0026268027222613455,4,1,3,0.0,0.0,0.0,True,,5.4e-06
86.0,+,5,7024.2677695,1,4,0.0,0.0,0.0,1.0,7024.272665289515,-0.004895789515103388,5,1,4,0.0,0.0,0.0,True,,5.4e-06
86.0,+,6,7743.7054861,1,5,0.0,0.0,0.0,1.0,7743.714998162095,-0.009512062095382134,6,1,5,0.0,0.0,0.0,True,,5.4e-06
87.0,-,1,4149.2043115,1,0,0.0,0.0,0.0,1.0,4149.210407712269,-0.00609621226976742,1,1,0,0.0,0.0,0.0,True,,5.4e-06
87.0,-,2,4904.1157576,1,1,0.0,0.0,0.0,1.0,4904.112038325031,0.0037192749687164905,2,1,1,0.0,0.0,0.0,True,,5.4e-06
87.0,-,3,5649.7730126,1,2,0.0,0.0,0.0,1.0,5649.771351851725,0.0016607482748440816,3,1,2,0.0,0.0,0.0,True,,5.4e-06
87.0,-,4,6386.3022755,1,3,0.0,0.0,0.0,1.0,6386.302336229151,-6.0729150391125586e-05,4,1,3,0.0,0.0,0.0,True,,5.4e-06
87.0,-,5,7113.8099907,1,4,0.0,0.0,0.0,1.0,7113.817596027768,-0.007605327768033021,5,1,4,0.0,0.0,0.0,True,,5.4e-06
87.0,-,6,7832.4213687,1,5,0.0,0.0,0.0,1.0,7832.429929972111,-0.00856127211045532,6,1,5,0.0,0.0,0.0,True,,5.4e-06
88.0,+,1,4243.1392135,1,0,0.0,0.0,0.0,1.0,4243.143377415367,-0.004163915366916626,1,1,0,0.0,0.0,0.0,True,,5.4e-06
88.0,+,2,4997.1816798,1,1,0.0,0.0,0.0,1.0,4997.179174762098,0.0025050379017557134,2,1,1,0.0,0.0,0.0,True,,5.4e-06
88.0,+,3,5741.9828022,1,2,0.0,0.0,0.0,1.0,5741.97943820247,0.003363997529959306,3,1,2,0.0,0.0,0.0,True,,5.4e-06
88.0,+,4,6477.6551288,1,3,0.0,0.0,0.0,1.0,6477.657984152887,-0.0028553528873089817,4,1,3,0.0,0.0,0.0,True,,5.4e-06
88.0,+,5,7204.3220025,1,4,0.0,0.0,0.0,1.0,7204.32733838473,-0.005335884729902318,5,1,4,0.0,0.0,0.0,True,,5.4e-06
89.0,-,1,4338.0729301,1,0,0.0,0.0,0.0,1.0,4338.077235744631,-0.004305644631131145,1,1,0,0.0,0.0,0.0,True,,5.4e-06
89.0,-,2,5091.2418314,1,1,0.0,0.0,0.0,1.0,5091.237502344586,0.004329055414018512,2,1,1,0.0,0.0,0.0,True,,5.4e-06
89.0,-,3,5835.1715858,1,2,0.0,0.0,0.0,1.0,5835.169100702644,0.002485097355929611,3,1,2,0.0,0.0,0.0,True,,5.4e-06
89.0,-,4,6569.9853993,1,3,0.0,0.0,0.0,1.0,6569.985674641347,-0.0002753413473328692,4,1,3,0.0,0.0,0.0,True,,5.4e-06
89.0,-,5,7295.7927887,1,4,0.0,0.0,0.0,1.0,7295.79967161001,-0.006882910010062915,5,1,4,0.0,0.0,0.0,True,,5.4e-06
89.0,-,6,8012.7176219,1,5,0.0,0.0,0.0,1.0,8012.723890830856,-0.006268930856094812,6,1,5,0.0,0.0,0.0,True,,5.4e-06
90.0,+,1,4434.0051917,1,0,0.0,0.0,0.0,1.0,4434.00971381249,-0.004522112490121799,1,1,0,0.0,0.0,0.0,True,,5.4e-06
90.0,+,2,5186.2884021,1,1,0.0,0.0,0.0,1.0,5186.284757514746,0.0036445852538236068,2,1,1,0.0,0.0,0.0,True,,5.4e-06
90.0,+,3,5929.3424836,1,2,0.0,0.0,0.0,1.0,5929.33808121897,0.0044023810305588995,3,1,2,0.0,0.0,0.0,True,,5.4e-06
90.0,+,4,6663.2809611,1,3,0.0,0.0,0.0,1.0,6663.283155165897,-0.002194065897128894,4,1,3,0.0,0.0,0.0,True,,5.4e-06
90.0,+,5,7388.2271031,1,4,0.0,0.0,0.0,1.0,7388.23234904896,-0.005245948959782254,5,1,4,0.0,0.0,0.0,True,,5.4e-06
91.0,-,1,4530.9333757,1,0,0.0,0.0,0.0,1.0,4530.938516443265,-0.005140743264746561,1,1,0,0.0,0.0,0.0,True,,5.4e-06
91.0,-,2,5282.3234639,1,1,0.0,0.0,0.0,1.0,5282.318650517427,0.00481338257304742,2,1,1,0.0,0.0,0.0,True,,5.4e-06
91.0,-,3,6024.4874355,1,2,0.0,0.0,0.0,1.0,6024.484095508153,0.0033399918474970036,3,1,2,0.0,0.0,0.0,True,,5.4e-06
91.0,-,4,6757.5466729,1,3,0.0,0.0,0.0,1.0,6757.548147176211,-0.001474276211411052,4,1,3,0.0,0.0,0.0,True,,5.4e-06
91.0,-,5,7481.6150036,1,4,0.0,0.0,0.0,1.0,7481.62309811808,-0.008094518079815316,5,1,4,0.0,0.0,0.0,True,,5.4e-06
92.0,+,1,4628.8577585,1,0,0.0,0.0,0.0,1.0,4628.861322144447,-0.003563644446330727,1,1,0,0.0,0.0,0.0,True,,5.4e-06
92.0,+,2,5379.3406884,1,1,0.0,0.0,0.0,1.0,5379.336865372025,0.003823027974249271,2,1,1,0.0,0.0,0.0,True,,5.4e-06
92.0,+,3,6120.6093303,1,2,0.0,0.0,0.0,1.0,6120.604833189628,0.004497110371630697,3,1,2,0.0,0.0,0.0,True,,5.4e-06
92.0,+,4,6852.7764338,1,3,0.0,0.0,0.0,1.0,6852.778346074201,-0.0019122742014587857,4,1,3,0.0,0.0,0.0,True,,5.4e-06
92.0,+,5,7575.962765,1,4,0.0,0.0,0.0,1.0,7575.969620280184,-0.006855280184026924,5,1,4,0.0,0.0,0.0,True,,5.4e-06
93.0,-,1,4727.7747363,1,0,0.0,0.0,0.0,1.0,4727.77578307669,-0.001046776689690887,1,1,0,0.0,0.0,0.0,True,,5.4e-06
93.0,-,2,5477.3424485,1,1,0.0,0.0,0.0,1.0,5477.337059843886,0.005388656113609613,2,1,1,0.0,0.0,0.0,True,,5.4e-06
93.0,-,3,6217.7016968,1,2,0.0,0.0,0.0,1.0,6217.697957718206,0.003739081793355581,3,1,2,0.0,0.0,0.0,True,,5.4e-06
93.0,-,4,6948.9708866,1,3,0.0,0.0,0.0,1.0,6948.971421187686,-0.0005345876861611032,4,1,3,0.0,0.0,0.0,True,,5.4e-06
93.0,-,5,7671.2618172,1,4,0.0,0.0,0.0,1.0,7671.269591019338,-0.007773819337671739,5,1,4,0.0,0.0,0.0,True,,5.4e-06
94.0,+,1,4827.6774475,1,0,0.0,0.0,0.0,1.0,4827.679525024207,-0.002077524206470116,1,1,0,0.0,0.0,0.0,True,,5.4e-06
94.0,+,2,5576.3255363,1,1,0.0,0.0,0.0,1.0,5576.316865415337,0.008670884662933531,2,1,1,0.0,0.0,0.0,True,,5.4e-06
94.0,+,3,6315.7663434,1,2,0.0,0.0,0.0,1.0,6315.761106356034,0.0052370439652804635,3,1,2,0.0,0.0,0.0,True,,5.4e-06
94.0,+,4,7046.1248873,1,3,0.0,0.0,0.0,1.0,7046.125015743532,-0.00012844353113905527,4,1,3,0.0,0.0,0.0,True,,5.4e-06
95.0,-,1,4928.5684155,1,0,0.0,0.0,0.0,1.0,4928.570147363912,-0.0017318639120276202,1,1,0,0.0,0.0,0.0,True,,5.4e-06
95.0,-,2,5676.27929,1,1,0.0,0.0,0.0,1.0,5676.273887256264,0.005402743736340199,2,1,1,0.0,0.0,0.0,True,,5.4e-06
95.0,-,3,6414.7999843,1,2,0.0,0.0,0.0,1.0,6414.791890144204,0.00809415579533379,3,1,2,0.0,0.0,0.0,True,,5.4e-06
95.0,-,4,7144.2358517,1,3,0.0,0.0,0.0,1.0,7144.236746840254,-0.0008951402542152209,4,1,3,0.0,0.0,0.0,True,,5.4e-06
96.0,+,1,5777.2147378,1,1,0.0,0.0,0.0,1.0,5777.20570419431,0.009033605690092372,2,1,1,0.0,0.0,0.0,True,,5.4e-06
96.0,+,2,6514.7930789,1,2,0.0,0.0,0.0,1.0,6514.787893874072,0.005185025927858078,3,1,2,0.0,0.0,0.0,True,,5.4e-06
96.0,+,3,7243.3071073,1,3,0.0,0.0,0.0,1.0,7243.304205420578,0.0029018794220974087,4,1,3,0.0,0.0,0.0,True,,5.4e-06
97.0,-,1,5133.3006975,1,0,0.0,0.0,0.0,1.0,5133.302298505481,-0.0016010054814614705,1,1,0,0.0,0.0,0.0,True,,5.4e-06
97.0,-,2,6615.7549644,1,2,0.0,0.0,0.0,1.0,6615.746676057774,0.008288342226478562,3,1,2,0.0,0.0,0.0,True,,5.4e-06
97.0,-,3,7343.3245056,1,3,0.0,0.0,0.0,1.0,7343.324956243128,-0.00045064312871545553,4,1,3,0.0,0.0,0.0,True,,5.4e-06
98.0,+,1,7444.2988213,1,3,0.0,0.0,0.0,1.0,7444.296537854086,0.002283445914144977,4,1,3,0.0,0.0,0.0,True,,5.4e-06
1.0,+,1,43950.2994,2,0,-1.0,0.0,-1.0,1.0,43978.03282211791,-27.73342211790441,1,2,0,1.0,0.0,1.0,True,,5.4e-06
1.0,-,31,43950.3094,2,0,-1.0,0.0,-1.0,1.0,43978.032979732874,-27.723579732875805,88,2,0,-1.0,0.0,-1.0,True,,5.4e-06
1.0,+,2,44742.1894,2,1,-1.0,0.0,-1.0,1.0,44767.62571544063,-25.43631544062373,2,2,1,1.0,0.0,1.0,True,,5.4e-06
1.0,-,32,44742.1394,2,1,-1.0,0.0,-1.0,1.0,44767.62587095316,-25.486470953161188,92,2,1,-1.0,0.0,-1.0,True,,5.4e-06
1.0,+,3,45521.3694,2,2,-1.0,0.0,-1.0,1.0,45545.265158910996,-23.8957589109923,3,2,2,1.0,0.0,1.0,True,,5.4e-06
1.0,-,33,45521.4694,2,2,-1.0,0.0,-1.0,1.0,45545.26531218089,-23.79591218088899,96,2,2,-1.0,0.0,-1.0,True,,5.4e-06
1.0,+,5,47041.8194,2,4,-1.0,0.0,-1.0,1.0,47066.265203493545,-24.4458034935451,5,2,4,1.0,0.0,1.0,True,,5.4e-06
1.0,-,35,47041.8094,2,4,-1.0,0.0,-1.0,1.0,47066.26535200307,-24.455952003074344,104,2,4,-1.0,0.0,-1.0,True,,5.4e-06
2.0,-,1,43952.5494,2,0,-1.0,0.0,-1.0,1.0,43980.19857288159,-27.64917288158904,1,2,0,-1.0,0.0,-1.0,True,,5.4e-06
2.0,+,31,43952.5394,2,0,-1.0,0.0,-1.0,1.0,43980.19904570712,-27.659645707120944,88,2,0,1.0,0.0,1.0,True,,5.4e-06
2.0,-,2,44744.3494,2,1,-1.0,0.0,-1.0,1.0,44769.77155816827,-25.42215816827229,2,2,1,-1.0,0.0,-1.0,True,,5.4e-06
2.0,+,32,44744.3594,2,1,-1.0,0.0,-1.0,1.0,44769.77202468647,-25.412624686468916,92,2,1,1.0,0.0,1.0,True,,5.4e-06
2.0,-,3,45523.6394,2,2,-1.0,0.0,-1.0,1.0,45547.39031165967,-23.750911659670237,3,2,2,-1.0,0.0,-1.0,True,,5.4e-06
2.0,+,33,45523.6594,2,2,-1.0,0.0,-1.0,1.0,45547.39077145031,-23.73137145031069,96,2,2,1.0,0.0,1.0,True,,5.4e-06
2.0,-,4,46290.2794,2,3,-1.0,0.0,-1.0,1.0,46313.51030643772,-23.23090643771866,4,2,3,-1.0,0.0,-1.0,True,,5.4e-06
2.0,+,34,46290.2894,2,3,-1.0,0.0,-1.0,1.0,46313.51075920751,-23.221359207505884,100,2,3,1.0,0.0,1.0,True,,5.4e-06
2.0,-,5,47043.9394,2,4,-1.0,0.0,-1.0,1.0,47068.347420062244,-24.40802006224112,5,2,4,-1.0,0.0,-1.0,True,,5.4e-06
2.0,+,35,47043.9594,2,4,-1.0,0.0,-1.0,1.0,47068.34786557169,-24.388465571690176,104,2,4,1.0,0.0,1.0,True,,5.4e-06
2.0,-,6,47784.2594,2,5,-1.0,0.0,-1.0,1.0,47811.8361476742,-27.576747674196668,6,2,5,-1.0,0.0,-1.0,True,,5.4e-06
2.0,-,7,48511.2194,2,6,-1.0,0.0,-1.0,1.0,48543.610244992975,-32.39084499297314,7,2,6,-1.0,0.0,-1.0,True,,5.4e-06
3.0,+,1,43955.8394,2,0,-1.0,0.0,-1.0,1.0,43983.44713864009,-27.607738640093885,1,2,0,1.0,0.0,1.0,True,,5.4e-06
3.0,-,31,43955.8494,2,0,-1.0,0.0,-1.0,1.0,43983.44808423227,-27.59868423226726,88,2,0,-1.0,0.0,-1.0,True,,5.4e-06
3.0,+,2,44747.6394,2,1,-1.0,0.0,-1.0,1.0,44772.99026137416,-25.35086137415783,2,2,1,1.0,0.0,1.0,True,,5.4e-06
3.0,-,32,44747.6594,2,1,-1.0,0.0,-1.0,1.0,44772.99119435177,-25.331794351775898,92,2,1,-1.0,0.0,-1.0,True,,5.4e-06
3.0,+,3,45526.9294,2,2,-1.0,0.0,-1.0,1.0,45550.577979750284,-23.648579750282806,3,2,2,1.0,0.0,1.0,True,,5.4e-06
3.0,-,33,45526.9094,2,2,-1.0,0.0,-1.0,1.0,45550.5788992731,-23.66949927310634,96,2,2,-1.0,0.0,-1.0,True,,5.4e-06
3.0,+,4,46293.4994,2,3,-1.0,0.0,-1.0,1.0,46316.66611537433,-23.166715374332853,4,2,3,1.0,0.0,1.0,True,,5.4e-06
3.0,-,34,46293.5194,2,3,-1.0,0.0,-1.0,1.0,46316.66702085653,-23.1476208565291,100,2,3,-1.0,0.0,-1.0,True,,5.4e-06
3.0,+,5,47047.1494,2,4,-1.0,0.0,-1.0,1.0,47071.470683892694,-24.32128389269201,5,2,4,1.0,0.0,1.0,True,,5.4e-06
3.0,-,35,47047.1694,2,4,-1.0,0.0,-1.0,1.0,47071.47157485483,-24.302174854834448,104,2,4,-1.0,0.0,-1.0,True,,5.4e-06
3.0,+,6,47787.4394,2,5,-1.0,0.0,-1.0,1.0,47814.92614358466,-27.486743584653595,6,2,5,1.0,0.0,1.0,True,,5.4e-06
3.0,-,36,47787.4194,2,5,-1.0,0.0,-1.0,1.0,47814.92701953887,-27.507619538868312,106,2,5,-1.0,0.0,-1.0,True,,5.4e-06
3.0,-,37,48513.9294,2,6,-1.0,0.0,-1.0,1.0,48546.666938564435,-32.737538564433635,107,2,6,-1.0,0.0,-1.0,True,,5.4e-06
4.0,-,1,43960.2794,2,0,-1.0,0.0,-1.0,1.0,43987.778446927776,-27.499046927776362,1,2,0,-1.0,0.0,-1.0,True,,5.4e-06
4.0,+,31,43960.2794,2,0,-1.0,0.0,-1.0,1.0,43987.7800227837,-27.500622783700237,88,2,0,1.0,0.0,1.0,True,,5.4e-06
4.0,-,2,44752.0094,2,1,-1.0,0.0,-1.0,1.0,44777.28175199403,-25.272351994026394,2,2,1,-1.0,0.0,-1.0,True,,5.4e-06
4.0,+,32,44751.9994,2,1,-1.0,0.0,-1.0,1.0,44777.28330682581,-25.283906825810845,92,2,1,1.0,0.0,1.0,True,,5.4e-06
4.0,-,3,45531.2594,2,2,-1.0,0.0,-1.0,1.0,45554.828089941264,-23.568689941261255,3,2,2,-1.0,0.0,-1.0,True,,5.4e-06
4.0,+,33,45531.2594,2,2,-1.0,0.0,-1.0,1.0,45554.82962234987,-23.570222349866526,96,2,2,1.0,0.0,1.0,True,,5.4e-06
4.0,-,4,46297.8194,2,3,-1.0,0.0,-1.0,1.0,46320.873746721256,-23.05434672125557,4,2,3,-1.0,0.0,-1.0,True,,5.4e-06
4.0,+,34,46297.7994,2,3,-1.0,0.0,-1.0,1.0,46320.87525573029,-23.075855730283365,100,2,3,1.0,0.0,1.0,True,,5.4e-06
4.0,-,5,47051.4094,2,4,-1.0,0.0,-1.0,1.0,47075.634921754674,-24.225521754677175,5,2,4,-1.0,0.0,-1.0,True,,5.4e-06
4.0,+,35,47051.3794,2,4,-1.0,0.0,-1.0,1.0,47075.63640656554,-24.257006565545453,104,2,4,1.0,0.0,1.0,True,,5.4e-06
4.0,-,6,47791.6394,2,5,-1.0,0.0,-1.0,1.0,47819.046023866096,-27.406623866096197,6,2,5,-1.0,0.0,-1.0,True,,5.4e-06
4.0,+,36,47791.6294,2,5,-1.0,0.0,-1.0,1.0,47819.04748366514,-27.418083665143058,106,2,5,1.0,0.0,1.0,True,,5.4e-06
4.0,-,7,48518.4694,2,6,-1.0,0.0,-1.0,1.0,48550.74040724138,-32.27100724137563,7,2,6,-1.0,0.0,-1.0,True,,5.4e-06
4.0,+,37,48518.1494,2,6,-1.0,0.0,-1.0,1.0,48550.74184106037,-32.59244106036931,107,2,6,1.0,0.0,1.0,True,,5.4e-06
5.0,+,1,43965.8094,2,0,-1.0,0.0,-1.0,1.0,43993.19240112263,-27.383001122630958,1,2,0,1.0,0.0,1.0,True,,5.4e-06
5.0,-,31,43965.8094,2,0,-1.0,0.0,-1.0,1.0,43993.19476466073,-27.385364660731284,89,2,0,-1.0,0.0,-1.0,True,,5.4e-06
5.0,+,2,44757.4794,2,1,-1.0,0.0,-1.0,1.0,44782.64593260591,-25.166532605915563,2,2,1,1.0,0.0,1.0,True,,5.4e-06
5.0,-,32,44757.4894,2,1,-1.0,0.0,-1.0,1.0,44782.648264608295,-25.158864608296426,92,2,1,-1.0,0.0,-1.0,True,,5.4e-06
5.0,+,3,45536.6994,2,2,-1.0,0.0,-1.0,1.0,45560.140544574075,-23.441144574077043,3,2,2,1.0,0.0,1.0,True,,5.4e-06
5.0,-,33,45536.6994,2,2,-1.0,0.0,-1.0,1.0,45560.142842944035,-23.443442944037088,96,2,2,-1.0,0.0,-1.0,True,,5.4e-06
5.0,+,4,46303.1694,2,3,-1.0,0.0,-1.0,1.0,46326.13310284248,-22.963702842484054,4,2,3,1.0,0.0,1.0,True,,5.4e-06
5.0,-,34,46303.1694,2,3,-1.0,0.0,-1.0,1.0,46326.13536611611,-22.965966116113123,100,2,3,-1.0,0.0,-1.0,True,,5.4e-06
5.0,+,5,47056.6894,2,4,-1.0,0.0,-1.0,1.0,47080.840036002286,-24.150636002283136,5,2,4,1.0,0.0,1.0,True,,5.4e-06
5.0,-,35,47056.7294,2,4,-1.0,0.0,-1.0,1.0,47080.842262982114,-24.112862982117804,104,2,4,-1.0,0.0,-1.0,True,,5.4e-06
5.0,+,6,47796.8694,2,5,-1.0,0.0,-1.0,1.0,47824.195690567925,-27.326290567922115,6,2,5,1.0,0.0,1.0,True,,5.4e-06
5.0,-,36,47796.8594,2,5,-1.0,0.0,-1.0,1.0,47824.197880032734,-27.33848003273306,106,2,5,-1.0,0.0,-1.0,True,,5.4e-06
5.0,+,7,48523.6794,2,6,-1.0,0.0,-1.0,1.0,48555.83313333933,-32.15373333932803,7,2,6,1.0,0.0,1.0,True,,5.4e-06
5.0,-,37,48523.3994,2,6,-1.0,0.0,-1.0,1.0,48555.83528383604,-32.43588383603492,107,2,6,-1.0,0.0,-1.0,True,,5.4e-06
6.0,-,1,43972.4594,2,0,-1.0,0.0,-1.0,1.0,43999.688880444344,-27.229480444344517,1,2,0,-1.0,0.0,-1.0,True,,5.4e-06
6.0,+,31,43972.4694,2,0,-1.0,0.0,-1.0,1.0,43999.69218898485,-27.222788984850922,89,2,0,1.0,0.0,1.0,True,,5.4e-06
6.0,-,2,44764.0794,2,1,-1.0,0.0,-1.0,1.0,44789.082681428175,-25.003281428173068,2,2,1,-1.0,0.0,-1.0,True,,5.4e-06
6.0,+,32,44764.0794,2,1,-1.0,0.0,-1.0,1.0,44789.085945819534,-25.00654581953131,92,2,1,1.0,0.0,1.0,True,,5.4e-06
6.0,-,3,45543.2094,2,2,-1.0,0.0,-1.0,1.0,45566.51522156934,-23.30582156933815,3,2,2,-1.0,0.0,-1.0,True,,5.4e-06
6.0,+,33,45543.2194,2,2,-1.0,0.0,-1.0,1.0,45566.51843887901,-23.29903887900582,96,2,2,1.0,0.0,1.0,True,,5.4e-06
6.0,-,4,46309.6294,2,3,-1.0,0.0,-1.0,1.0,46332.444061685645,-22.81466168564657,4,2,3,-1.0,0.0,-1.0,True,,5.4e-06
6.0,+,34,46309.5894,2,3,-1.0,0.0,-1.0,1.0,46332.44722986598,-22.857829865984968,100,2,3,1.0,0.0,1.0,True,,5.4e-06
6.0,-,5,47063.1094,2,4,-1.0,0.0,-1.0,1.0,47087.08590456961,-23.97650456961128,5,2,4,-1.0,0.0,-1.0,True,,5.4e-06
6.0,+,35,47063.0694,2,4,-1.0,0.0,-1.0,1.0,47087.0890219441,-24.019621944098617,104,2,4,1.0,0.0,1.0,True,,5.4e-06
6.0,-,6,47803.1494,2,5,-1.0,0.0,-1.0,1.0,47830.37502124092,-27.22562124091928,6,2,5,-1.0,0.0,-1.0,True,,5.4e-06
6.0,+,36,47803.1594,2,5,-1.0,0.0,-1.0,1.0,47830.378086099154,-27.218686099156912,106,2,5,1.0,0.0,1.0,True,,5.4e-06
6.0,-,7,48529.9694,2,6,-1.0,0.0,-1.0,1.0,48561.9441330028,-31.97473300279671,7,2,6,-1.0,0.0,-1.0,True,,5.4e-06
6.0,+,37,48529.6294,2,6,-1.0,0.0,-1.0,1.0,48561.94714330882,-32.317743308820354,107,2,6,1.0,0.0,1.0,True,,5.4e-06
7.0,+,1,43980.2194,2,0,-1.0,0.0,-1.0,1.0,44007.26773995328,-27.04833995327499,1,2,0,1.0,0.0,1.0,True,,5.4e-06
7.0,-,31,43980.2194,2,0,-1.0,0.0,-1.0,1.0,44007.272150698416,-27.052750698414457,89,2,0,-1.0,0.0,-1.0,True,,5.4e-06
7.0,+,2,44771.7694,2,1,-1.0,0.0,-1.0,1.0,44796.59185231604,-24.82245231604611,2,2,1,1.0,0.0,1.0,True,,5.4e-06
7.0,-,32,44771.7694,2,1,-1.0,0.0,-1.0,1.0,44796.596204196954,-24.8268041969568,92,2,1,-1.0,0.0,-1.0,True,,5.4e-06
7.0,+,3,45550.7794,2,2,-1.0,0.0,-1.0,1.0,45573.95197442338,-23.172574423377228,3,2,2,1.0,0.0,1.0,True,,5.4e-06
7.0,-,33,45550.8394,2,2,-1.0,0.0,-1.0,1.0,45573.95626353476,-23.11686353476398,96,2,2,-1.0,0.0,-1.0,True,,5.4e-06
7.0,+,4,46317.1194,2,3,-1.0,0.0,-1.0,1.0,46339.80647677762,-22.68707677761995,4,2,3,1.0,0.0,1.0,True,,5.4e-06
7.0,-,34,46317.1494,2,3,-1.0,0.0,-1.0,1.0,46339.810700391354,-22.661300391351688,100,2,3,-1.0,0.0,-1.0,True,,5.4e-06
7.0,+,5,47070.5294,2,4,-1.0,0.0,-1.0,1.0,47094.372380964465,-23.842980964465823,5,2,4,1.0,0.0,1.0,True,,5.4e-06
7.0,-,35,47010.5494,2,4,-1.0,0.0,-1.0,0.0,47094.37653684584,-83.82713684583723,104,2,4,-1.0,0.0,-1.0,True,,0.0
7.0,+,6,47810.5394,2,5,-1.0,0.0,-1.0,1.0,47837.583868930225,-27.044468930223957,6,2,5,1.0,0.0,1.0,True,,5.4e-06
7.0,-,36,47810.5694,2,5,-1.0,0.0,-1.0,1.0,47837.58795479746,-27.018554797461547,106,2,5,-1.0,0.0,-1.0,True,,5.4e-06
7.0,+,7,48537.2194,2,6,-1.0,0.0,-1.0,1.0,48569.0732580244,-31.853858024398505,7,2,6,1.0,0.0,1.0,True,,5.4e-06
8.0,-,1,43989.0594,2,0,-1.0,0.0,-1.0,1.0,44015.92881054781,-26.86941054781346,1,2,0,-1.0,0.0,-1.0,True,,5.4e-06
8.0,+,31,43984.0694,2,0,-1.0,0.0,-1.0,1.0,44015.93448056245,-31.865080562449293,89,2,0,1.0,0.0,1.0,True,,5.4e-06
8.0,-,2,44780.5194,2,1,-1.0,0.0,-1.0,1.0,44805.173274758745,-24.653874758747406,2,2,1,-1.0,0.0,-1.0,True,,5.4e-06
8.0,+,32,44780.5194,2,1,-1.0,0.0,-1.0,1.0,44805.178869092524,-24.659469092526706,92,2,1,1.0,0.0,1.0,True,,5.4e-06
8.0,-,3,45559.5094,2,2,-1.0,0.0,-1.0,1.0,45582.45063220328,-22.94123220328038,3,2,2,-1.0,0.0,-1.0,True,,5.4e-06
8.0,+,33,45559.4794,2,2,-1.0,0.0,-1.0,1.0,45582.45614584224,-22.976745842242963,96,2,2,1.0,0.0,1.0,True,,5.4e-06
8.0,-,4,46325.7394,2,3,-1.0,0.0,-1.0,1.0,46348.22017721845,-22.480777218450385,4,2,3,-1.0,0.0,-1.0,True,,5.4e-06
8.0,+,34,46325.6894,2,3,-1.0,0.0,-1.0,1.0,46348.225606658125,-22.536206658121955,100,2,3,1.0,0.0,1.0,True,,5.4e-06
8.0,-,5,47079.0594,2,4,-1.0,0.0,-1.0,1.0,47102.69929426161,-23.639894261614245,5,2,4,-1.0,0.0,-1.0,True,,5.4e-06
8.0,+,35,47079.0094,2,4,-1.0,0.0,-1.0,1.0,47102.704636629576,-23.69523662957363,104,2,4,1.0,0.0,1.0,True,,5.4e-06
8.0,-,6,47818.9394,2,5,-1.0,0.0,-1.0,1.0,47845.82206216715,-26.88266216714692,6,2,5,-1.0,0.0,-1.0,True,,5.4e-06
8.0,+,36,47818.9094,2,5,-1.0,0.0,-1.0,1.0,47845.82731452773,-26.917914527730318,106,2,5,1.0,0.0,1.0,True,,5.4e-06
8.0,-,7,48545.5994,2,6,-1.0,0.0,-1.0,1.0,48577.22033546834,-31.620935468337848,7,2,6,-1.0,0.0,-1.0,True,,5.4e-06
8.0,+,37,48545.1894,2,6,-1.0,0.0,-1.0,1.0,48577.225494324404,-32.03609432440135,107,2,6,1.0,0.0,1.0,True,,5.4e-06
9.0,+,1,43999.0294,2,0,-1.0,0.0,-1.0,1.0,44025.67189896263,-26.64249896263209,1,2,0,1.0,0.0,1.0,True,,5.4e-06
9.0,-,31,43999.0394,2,0,-1.0,0.0,-1.0,1.0,44025.67898515445,-26.639585154451197,89,2,0,-1.0,0.0,-1.0,True,,5.4e-06
9.0,+,2,44790.3994,2,1,-1.0,0.0,-1.0,1.0,44814.82675387455,-24.427353874547407,2,2,1,1.0,0.0,1.0,True,,5.4e-06
9.0,-,32,44790.3994,2,1,-1.0,0.0,-1.0,1.0,44814.8337454678,-24.43434546779463,92,2,1,-1.0,0.0,-1.0,True,,5.4e-06
9.0,+,3,45569.2794,2,2,-1.0,0.0,-1.0,1.0,45592.010999541504,-22.731599541504693,3,2,2,1.0,0.0,1.0,True,,5.4e-06
9.0,-,33,45569.2594,2,2,-1.0,0.0,-1.0,1.0,45592.01789027837,-22.75849027836375,96,2,2,-1.0,0.0,-1.0,True,,5.4e-06
9.0,+,4,46335.3794,2,3,-1.0,0.0,-1.0,1.0,46357.6849676746,-22.305567674600752,4,2,3,1.0,0.0,1.0,True,,5.4e-06
9.0,-,34,46335.3994,2,3,-1.0,0.0,-1.0,1.0,46357.69175317949,-22.29235317948769,100,2,3,-1.0,0.0,-1.0,True,,5.4e-06
9.0,+,5,47088.5794,2,4,-1.0,0.0,-1.0,1.0,47112.066449095,-23.48704909499793,5,2,4,1.0,0.0,1.0,True,,5.4e-06
9.0,-,35,47088.6294,2,4,-1.0,0.0,-1.0,1.0,47112.07312577805,-23.443725778051885,104,2,4,-1.0,0.0,-1.0,True,,5.4e-06
9.0,+,6,47828.3794,2,5,-1.0,0.0,-1.0,1.0,47855.08940495813,-26.71000495813496,6,2,5,1.0,0.0,1.0,True,,5.4e-06
9.0,-,36,47828.4194,2,5,-1.0,0.0,-1.0,1.0,47855.095969147034,-26.67656914703548,106,2,5,-1.0,0.0,-1.0,True,,5.4e-06
9.0,+,7,48554.8894,2,6,-1.0,0.0,-1.0,1.0,48586.3851676577,-31.495767657703254,7,2,6,1.0,0.0,1.0,True,,5.4e-06
9.0,-,37,48554.5694,2,6,-1.0,0.0,-1.0,1.0,48586.39161497601,-31.82221497601131,107,2,6,-1.0,0.0,-1.0,True,,5.4e-06
10.0,-,1,44010.1194,2,0,-1.0,0.0,-1.0,1.0,44036.49678776566,-26.37738776565675,1,2,0,-1.0,0.0,-1.0,True,,5.4e-06
10.0,+,31,44010.1194,2,0,-1.0,0.0,-1.0,1.0,44036.505446865376,-26.38604686537292,89,2,0,1.0,0.0,1.0,True,,5.4e-06
10.0,-,2,44801.3494,2,1,-1.0,0.0,-1.0,1.0,44825.552070406935,-24.202670406935795,2,2,1,-1.0,0.0,-1.0,True,,5.4e-06
10.0,+,32,44801.3594,2,1,-1.0,0.0,-1.0,1.0,44825.56061388985,-24.201213889849896,92,2,1,1.0,0.0,1.0,True,,5.4e-06
10.0,-,3,45580.0794,2,2,-1.0,0.0,-1.0,1.0,45602.632856629745,-22.55345662974287,3,2,2,-1.0,0.0,-1.0,True,,5.4e-06
10.0,+,33,45580.0994,2,2,-1.0,0.0,-1.0,1.0,45602.64127685992,-22.541876859919284,96,2,2,1.0,0.0,1.0,True,,5.4e-06
10.0,-,4,46346.1294,2,3,-1.0,0.0,-1.0,1.0,46368.20062837146,-22.071228371460165,4,2,3,-1.0,0.0,-1.0,True,,5.4e-06
10.0,-,5,47099.2294,2,4,-1.0,0.0,-1.0,1.0,47122.47362564753,-23.244225647533312,5,2,4,-1.0,0.0,-1.0,True,,5.4e-06
10.0,+,35,47099.2194,2,4,-1.0,0.0,-1.0,1.0,47122.4817843038,-23.26238430380181,104,2,4,1.0,0.0,1.0,True,,5.4e-06
10.0,-,6,47838.9094,2,5,-1.0,0.0,-1.0,1.0,47865.38567677425,-26.476276774250437,6,2,5,-1.0,0.0,-1.0,True,,5.4e-06
10.0,+,36,47838.8994,2,5,-1.0,0.0,-1.0,1.0,47865.39369795844,-26.494297958437528,106,2,5,1.0,0.0,1.0,True,,5.4e-06
10.0,-,7,48565.3594,2,6,-1.0,0.0,-1.0,1.0,48596.56753216022,-31.208132160216337,7,2,6,-1.0,0.0,-1.0,True,,5.4e-06
10.0,+,37,48564.9594,2,6,-1.0,0.0,-1.0,1.0,48596.575410516314,-31.616010516314418,107,2,6,1.0,0.0,1.0,True,,5.4e-06
11.0,+,1,44022.2994,2,0,-1.0,0.0,-1.0,1.0,44048.40323535529,-26.10383535528672,1,2,0,1.0,0.0,1.0,True,,5.4e-06
11.0,-,31,44022.2894,2,0,-1.0,0.0,-1.0,1.0,44048.41362389734,-26.12422389733547,89,2,0,-1.0,0.0,-1.0,True,,5.4e-06
11.0,+,2,44813.3894,2,1,-1.0,0.0,-1.0,1.0,44837.34898071853,-23.95958071853238,2,2,1,1.0,0.0,1.0,True,,5.4e-06
11.0,-,32,44813.3994,2,1,-1.0,0.0,-1.0,1.0,44837.35923052479,-23.959830524785502,92,2,1,-1.0,0.0,-1.0,True,,5.4e-06
11.0,-,33,45592.0294,2,2,-1.0,0.0,-1.0,1.0,45614.32606113652,-22.296661136519106,96,2,2,-1.0,0.0,-1.0,True,,5.4e-06
11.0,+,4,46357.9394,2,3,-1.0,0.0,-1.0,1.0,46379.76691508466,-21.827515084660263,4,2,3,1.0,0.0,1.0,True,,5.4e-06
11.0,-,34,46357.1694,2,3,-1.0,0.0,-1.0,1.0,46379.77686272772,-22.607462727719394,100,2,3,-1.0,0.0,-1.0,True,,5.4e-06
11.0,+,5,47110.8894,2,4,-1.0,0.0,-1.0,1.0,47133.92057964136,-23.031179641358904,5,2,4,1.0,0.0,1.0,True,,5.4e-06
11.0,-,35,47110.9194,2,4,-1.0,0.0,-1.0,1.0,47133.93036773983,-23.01096773982863,104,2,4,-1.0,0.0,-1.0,True,,5.4e-06
11.0,+,6,47850.4694,2,5,-1.0,0.0,-1.0,1.0,47876.710632537586,-26.241232537584438,6,2,5,1.0,0.0,1.0,True,,5.4e-06
11.0,-,36,47850.4694,2,5,-1.0,0.0,-1.0,1.0,47876.720255696986,-26.250855696984218,106,2,5,-1.0,0.0,-1.0,True,,5.4e-06
11.0,+,7,48576.7794,2,6,-1.0,0.0,-1.0,1.0,48607.76718177188,-30.98778177188069,7,2,6,1.0,0.0,1.0,True,,5.4e-06
11.0,-,37,48576.3694,2,6,-1.0,0.0,-1.0,1.0,48607.77663355565,-31.407233555648418,107,2,6,-1.0,0.0,-1.0,True,,5.4e-06
12.0,-,1,44035.5694,2,0,-1.0,0.0,-1.0,1.0,44061.39097595706,-25.821575957059395,1,2,0,-1.0,0.0,-1.0,True,,5.4e-06
12.0,+,31,44035.5794,2,0,-1.0,0.0,-1.0,1.0,44061.403250259864,-25.8238502598615,89,2,0,1.0,0.0,1.0,True,,5.4e-06
12.0,-,2,44826.5494,2,1,-1.0,0.0,-1.0,1.0,44850.21721678555,-23.667816785549803,2,2,1,-1.0,0.0,-1.0,True,,5.4e-06
12.0,+,32,44826.5694,2,1,-1.0,0.0,-1.0,1.0,44850.22932713374,-23.659927133739984,92,2,1,1.0,0.0,1.0,True,,5.4e-06
12.0,-,3,45605.0594,2,2,-1.0,0.0,-1.0,1.0,45627.06003857514,-22.00063857514033,3,2,2,-1.0,0.0,-1.0,True,,5.4e-06
12.0,+,33,45605.0694,2,2,-1.0,0.0,-1.0,1.0,45627.07197418212,-22.00257418212277,96,2,2,1.0,0.0,1.0,True,,5.4e-06
12.0,-,4,46370.8494,2,3,-1.0,0.0,-1.0,1.0,46392.38355913034,-21.53415913034405,4,2,3,-1.0,0.0,-1.0,True,,5.4e-06
12.0,+,34,46370.8494,2,3,-1.0,0.0,-1.0,1.0,46392.395312443696,-21.54591244369658,100,2,3,1.0,0.0,1.0,True,,5.4e-06
12.0,-,5,47123.6494,2,4,-1.0,0.0,-1.0,1.0,47146.40704232576,-22.757642325756024,5,2,4,-1.0,0.0,-1.0,True,,5.4e-06
12.0,+,35,47123.6594,2,4,-1.0,0.0,-1.0,1.0,47146.41860712741,-22.759207127412083,104,2,4,1.0,0.0,1.0,True,,5.4e-06
12.0,-,6,47863.0994,2,5,-1.0,0.0,-1.0,1.0,47889.06400260716,-25.964602607164124,6,2,5,-1.0,0.0,-1.0,True,,5.4e-06
12.0,+,36,47863.0794,2,5,-1.0,0.0,-1.0,1.0,47889.075372516025,-25.995972516022448,106,2,5,1.0,0.0,1.0,True,,5.4e-06
12.0,-,7,48589.3194,2,6,-1.0,0.0,-1.0,1.0,48619.98384449957,-30.664444499569072,7,2,6,-1.0,0.0,-1.0,True,,5.4e-06
12.0,+,37,48588.8694,2,6,-1.0,0.0,-1.0,1.0,48619.995011896535,-31.125611896532064,107,2,6,1.0,0.0,1.0,True,,5.4e-06
13.0,+,1,44049.9594,2,0,-1.0,0.0,-1.0,1.0,44075.45971961991,-25.500319619910442,1,2,0,1.0,0.0,1.0,True,,5.4e-06
13.0,-,31,44049.9794,2,0,-1.0,0.0,-1.0,1.0,44075.47403576647,-25.494635766473948,89,2,0,-1.0,0.0,-1.0,True,,5.4e-06
13.0,+,2,44840.8094,2,1,-1.0,0.0,-1.0,1.0,44864.15648619139,-23.34708619138837,2,2,1,1.0,0.0,1.0,True,,5.4e-06
13.0,-,32,44840.8094,2,1,-1.0,0.0,-1.0,1.0,44864.17061106463,-23.36121106462815,92,2,1,-1.0,0.0,-1.0,True,,5.4e-06
13.0,+,3,45619.1594,2,2,-1.0,0.0,-1.0,1.0,45640.8648015436,-21.7054015436006,3,2,2,1.0,0.0,1.0,True,,5.4e-06
13.0,-,33,45619.1594,2,2,-1.0,0.0,-1.0,1.0,45640.87872258764,-21.71932258763991,96,2,2,-1.0,0.0,-1.0,True,,5.4e-06
13.0,+,4,46384.7794,2,3,-1.0,0.0,-1.0,1.0,46406.05026735467,-21.2708673546731,4,2,3,1.0,0.0,1.0,True,,5.4e-06
13.0,-,34,46384.7994,2,3,-1.0,0.0,-1.0,1.0,46406.06397577223,-21.264575772227545,100,2,3,-1.0,0.0,-1.0,True,,5.4e-06
13.0,+,5,47137.4394,2,4,-1.0,0.0,-1.0,1.0,47159.932720464065,-22.49332046406198,5,2,4,1.0,0.0,1.0,True,,5.4e-06
13.0,-,35,47137.4694,2,4,-1.0,0.0,-1.0,1.0,47159.94620900323,-22.4768090032303,104,2,4,-1.0,0.0,-1.0,True,,5.4e-06
13.0,+,6,47876.7394,2,5,-1.0,0.0,-1.0,1.0,47902.44549276283,-25.706092762833578,6,2,5,1.0,0.0,1.0,True,,5.4e-06
13.0,-,36,47876.7194,2,5,-1.0,0.0,-1.0,1.0,47902.45875397117,-25.739353971170203,106,2,5,-1.0,0.0,-1.0,True,,5.4e-06
13.0,+,7,48602.9194,2,6,-1.0,0.0,-1.0,1.0,48633.217223539854,-30.297823539855017,7,2,6,1.0,0.0,1.0,True,,5.4e-06
13.0,-,37,48602.3494,2,6,-1.0,0.0,-1.0,1.0,48633.230248513595,-30.880848513595993,107,2,6,-1.0,0.0,-1.0,True,,5.4e-06
14.0,-,1,44065.4594,2,0,-1.0,0.0,-1.0,1.0,44090.60915221205,-25.149752212048043,1,2,0,-1.0,0.0,-1.0,True,,5.4e-06
14.0,+,31,44065.4794,2,0,-1.0,0.0,-1.0,1.0,44090.625666030195,-25.146266030198603,89,2,0,1.0,0.0,1.0,True,,5.4e-06
14.0,-,2,44856.1594,2,1,-1.0,0.0,-1.0,1.0,44879.1664721195,-23.007072119500663,2,2,1,-1.0,0.0,-1.0,True,,5.4e-06
14.0,+,32,44856.1694,2,1,-1.0,0.0,-1.0,1.0,44879.18276524642,-23.013365246421017,92,2,1,1.0,0.0,1.0,True,,5.4e-06
14.0,-,3,45646.1294,2,2,-1.0,0.0,-1.0,1.0,45655.72993046718,-9.600530467185308,3,2,2,-1.0,0.0,-1.0,True,,5.4e-06
14.0,+,33,45634.3694,2,2,-1.0,0.0,-1.0,1.0,45655.74598845024,-21.37658845023543,96,2,2,1.0,0.0,1.0,True,,5.4e-06
14.0,-,4,46399.7294,2,3,-1.0,0.0,-1.0,1.0,46420.76672212231,-21.037322122312617,4,2,3,-1.0,0.0,-1.0,True,,5.4e-06
14.0,+,34,46399.8294,2,3,-1.0,0.0,-1.0,1.0,46420.78253482861,-20.953134828610928,100,2,3,1.0,0.0,1.0,True,,5.4e-06
14.0,-,5,47152.3294,2,4,-1.0,0.0,-1.0,1.0,47174.49729632036,-22.167896320359432,5,2,4,-1.0,0.0,-1.0,True,,5.4e-06
14.0,+,35,47152.3594,2,4,-1.0,0.0,-1.0,1.0,47174.51285538526,-22.153455385261623,104,2,4,1.0,0.0,1.0,True,,5.4e-06
14.0,-,6,47891.4594,2,5,-1.0,0.0,-1.0,1.0,47916.85478418811,-25.395384188108437,6,2,5,-1.0,0.0,-1.0,True,,5.4e-06
14.0,+,36,47891.4194,2,5,-1.0,0.0,-1.0,1.0,47916.87008100289,-25.450681002890633,106,2,5,1.0,0.0,1.0,True,,5.4e-06
14.0,-,7,48617.1894,2,6,-1.0,0.0,-1.0,2.0,48647.466997258576,-30.277597258573223,7,2,6,-1.0,0.0,-1.0,True,,1.1e-05
15.0,+,1,44082.0594,2,0,-1.0,0.0,-1.0,1.0,44106.83893541703,-24.779535417030274,1,2,0,1.0,0.0,1.0,True,,5.4e-06
15.0,-,31,44082.0794,2,0,-1.0,0.0,-1.0,1.0,44106.85780246,-24.77840245999687,89,2,0,-1.0,0.0,-1.0,True,,5.4e-06
15.0,+,2,44872.5994,2,1,-1.0,0.0,-1.0,1.0,44895.24683334524,-22.64743334524246,2,2,1,1.0,0.0,1.0,True,,5.4e-06
15.0,-,32,44872.5994,2,1,-1.0,0.0,-1.0,1.0,44895.26544818032,-22.666048180319194,92,2,1,-1.0,0.0,-1.0,True,,5.4e-06
15.0,+,3,45650.6094,2,2,-1.0,0.0,-1.0,1.0,45671.65508321176,-21.045683211756113,3,2,2,1.0,0.0,1.0,True,,5.4e-06
15.0,-,33,45650.6294,2,2,-1.0,0.0,-1.0,1.0,45671.67342936429,-21.0440293642896,96,2,2,-1.0,0.0,-1.0,True,,5.4e-06
15.0,+,4,46415.9094,2,3,-1.0,0.0,-1.0,1.0,46436.532581303996,-20.623181303999445,4,2,3,1.0,0.0,1.0,True,,5.4e-06
15.0,-,34,46415.9594,2,3,-1.0,0.0,-1.0,1.0,46436.550647215445,-20.591247215445037,100,2,3,-1.0,0.0,-1.0,True,,5.4e-06
15.0,+,5,47168.2694,2,4,-1.0,0.0,-1.0,1.0,47190.100427643476,-21.831027643478592,5,2,4,1.0,0.0,1.0,True,,5.4e-06
15.0,-,35,47168.2994,2,4,-1.0,0.0,-1.0,1.0,47190.11820375753,-21.81880375752371,104,2,4,-1.0,0.0,-1.0,True,,5.4e-06
15.0,+,6,47907.2094,2,5,-1.0,0.0,-1.0,1.0,47932.291533450756,-25.082133450756373,6,2,5,1.0,0.0,1.0,True,,5.4e-06
15.0,-,36,47907.1494,2,5,-1.0,0.0,-1.0,1.0,47932.30900991763,-25.159609917631315,106,2,5,-1.0,0.0,-1.0,True,,5.4e-06
15.0,+,7,48633.1294,2,6,-1.0,0.0,-1.0,1.0,48662.73281916676,-29.60341916676407,7,2,6,1.0,0.0,1.0,True,,5.4e-06
15.0,-,37,48632.4994,2,6,-1.0,0.0,-1.0,1.0,48662.74998420045,-30.25058420044661,107,2,6,-1.0,0.0,-1.0,True,,5.4e-06
16.0,-,1,44099.7594,2,0,-1.0,0.0,-1.0,1.0,44124.148706728636,-24.389306728633528,1,2,0,-1.0,0.0,-1.0,True,,5.4e-06
16.0,+,31,44099.7694,2,0,-1.0,0.0,-1.0,1.0,44124.17008225546,-24.400682255465654,89,2,0,1.0,0.0,1.0,True,,5.4e-06
16.0,-,2,44890.0994,2,1,-1.0,0.0,-1.0,1.0,44912.397204228546,-22.297804228546738,2,2,1,-1.0,0.0,-1.0,True,,5.4e-06
16.0,+,32,44890.1594,2,1,-1.0,0.0,-1.0,1.0,44912.418293932475,-22.258893932477804,93,2,1,1.0,0.0,1.0,True,,5.4e-06
16.0,-,3,45667.9494,2,2,-1.0,0.0,-1.0,1.0,45688.63989314852,-20.690493148518726,3,2,2,-1.0,0.0,-1.0,True,,5.4e-06
16.0,+,33,45667.9894,2,2,-1.0,0.0,-1.0,1.0,45688.66067840989,-20.671278409892693,96,2,2,1.0,0.0,1.0,True,,5.4e-06
16.0,-,4,46433.1294,2,3,-1.0,0.0,-1.0,1.0,46453.347478262884,-20.218078262885683,4,2,3,-1.0,0.0,-1.0,True,,5.4e-06
16.0,+,34,46433.1294,2,3,-1.0,0.0,-1.0,1.0,46453.367946008344,-20.23854600834602,100,2,3,1.0,0.0,1.0,True,,5.4e-06
16.0,-,5,47185.2594,2,4,-1.0,0.0,-1.0,1.0,47206.741747650965,-21.482347650962765,5,2,4,-1.0,0.0,-1.0,True,,5.4e-06
16.0,+,35,47185.2894,2,4,-1.0,0.0,-1.0,1.0,47206.76188705398,-21.47248705397942,104,2,4,1.0,0.0,1.0,True,,5.4e-06
16.0,-,6,47924.0394,2,5,-1.0,0.0,-1.0,1.0,47948.755372483436,-24.715972483434598,6,2,5,-1.0,0.0,-1.0,True,,5.4e-06
16.0,+,36,47923.7994,2,5,-1.0,0.0,-1.0,1.0,47948.775172367314,-24.975772367310128,106,2,5,1.0,0.0,1.0,True,,5.4e-06
16.0,-,7,48649.8594,2,6,-1.0,0.0,-1.0,1.0,48679.01431789449,-29.15491789449152,7,2,6,-1.0,0.0,-1.0,True,,5.4e-06
16.0,+,37,48649.1294,2,6,-1.0,0.0,-1.0,1.0,48679.03376487357,-29.904364873575105,107,2,6,1.0,0.0,1.0,True,,5.4e-06
17.0,+,1,44118.5594,2,0,-1.0,0.0,-1.0,1.0,44142.538079445825,-23.978679445826856,1,2,0,1.0,0.0,1.0,True,,5.4e-06
17.0,-,31,44118.5794,2,0,-1.0,0.0,-1.0,1.0,44142.562118402006,-23.98271840200323,89,2,0,-1.0,0.0,-1.0,True,,5.4e-06
17.0,+,2,44908.7294,2,1,-1.0,0.0,-1.0,1.0,44930.61719470429,-21.8877947042929,2,2,1,1.0,0.0,1.0,True,,5.4e-06
17.0,-,32,44908.7294,2,1,-1.0,0.0,-1.0,1.0,44930.64091212449,-21.9115121244904,93,2,1,-1.0,0.0,-1.0,True,,5.4e-06
17.0,+,3,45686.3894,2,2,-1.0,0.0,-1.0,1.0,45706.683969141995,-20.294569141995453,3,2,2,1.0,0.0,1.0,True,,5.4e-06
17.0,-,33,45686.4494,2,2,-1.0,0.0,-1.0,1.0,45706.707344141054,-20.257944141056214,96,2,2,-1.0,0.0,-1.0,True,,5.4e-06
17.0,+,4,46451.3294,2,3,-1.0,0.0,-1.0,1.0,46471.21102184043,-19.881621840424486,4,2,3,1.0,0.0,1.0,True,,5.4e-06
17.0,-,34,46451.3794,2,3,-1.0,0.0,-1.0,1.0,46471.23403974223,-19.854639742232393,100,2,3,-1.0,0.0,-1.0,True,,5.4e-06
17.0,+,5,47203.3094,2,4,-1.0,0.0,-1.0,1.0,47224.42086501099,-21.111465010988468,5,2,4,1.0,0.0,1.0,True,,5.4e-06
17.0,-,35,47203.3294,2,4,-1.0,0.0,-1.0,1.0,47224.443513640574,-21.114113640571304,104,2,4,-1.0,0.0,-1.0,True,,5.4e-06
17.0,+,6,47941.8594,2,5,-1.0,0.0,-1.0,1.0,47966.24590856114,-24.386508561139635,6,2,5,1.0,0.0,1.0,True,,5.4e-06
17.0,-,36,47941.99,2,5,-1.0,0.0,-1.0,1.0,47966.26817532791,-24.278175327912322,106,2,5,-1.0,0.0,-1.0,True,,5.4e-06
17.0,+,7,48667.5794,2,6,-1.0,0.0,-1.0,1.0,48696.31109716445,-28.731697164446814,7,2,6,1.0,0.0,1.0,True,,5.4e-06
17.0,-,37,48666.7794,2,6,-1.0,0.0,-1.0,1.0,48696.33296697618,-29.553566976181173,107,2,6,-1.0,0.0,-1.0,True,,5.4e-06
18.0,-,1,44138.4694,2,0,-1.0,0.0,-1.0,1.0,44162.00664266779,-23.537242667785904,1,2,0,-1.0,0.0,-1.0,True,,5.4e-06
18.0,+,31,44138.4994,2,0,-1.0,0.0,-1.0,1.0,44162.033499665595,-23.534099665594113,89,2,0,1.0,0.0,1.0,True,,5.4e-06
18.0,-,2,44928.4394,2,1,-1.0,0.0,-1.0,1.0,44949.90639027286,-21.466990272856492,2,2,1,-1.0,0.0,-1.0,True,,5.4e-06
18.0,+,32,44928.4694,2,1,-1.0,0.0,-1.0,1.0,44949.93288792422,-21.46348792421486,93,2,1,1.0,0.0,1.0,True,,5.4e-06
18.0,-,3,45705.9094,2,2,-1.0,0.0,-1.0,1.0,45725.78689553803,-19.877495538035873,3,2,2,-1.0,0.0,-1.0,True,,5.4e-06
18.0,+,33,45705.9594,2,2,-1.0,0.0,-1.0,1.0,45725.813010573875,-19.853610573874903,96,2,2,1.0,0.0,1.0,True,,5.4e-06
18.0,-,4,46470.6694,2,3,-1.0,0.0,-1.0,1.0,46490.12279634054,-19.453396340541076,4,2,3,-1.0,0.0,-1.0,True,,5.4e-06
18.0,+,34,46470.6794,2,3,-1.0,0.0,-1.0,1.0,46490.14851239539,-19.469112395388947,100,2,3,1.0,0.0,1.0,True,,5.4e-06
18.0,-,5,47222.4194,2,4,-1.0,0.0,-1.0,1.0,47243.137363824186,-20.71796382418688,5,2,4,-1.0,0.0,-1.0,True,,5.4e-06
18.0,+,35,47222.4494,2,4,-1.0,0.0,-1.0,1.0,47243.16266729625,-20.713267296254344,104,2,4,1.0,0.0,1.0,True,,5.4e-06
18.0,-,6,47960.7894,2,5,-1.0,0.0,-1.0,1.0,47984.76272427793,-23.973324277925713,6,2,5,-1.0,0.0,-1.0,True,,5.4e-06
18.0,+,36,47960.78,2,5,-1.0,0.0,-1.0,1.0,47984.78760107595,-24.007601075951243,106,2,5,1.0,0.0,1.0,True,,5.4e-06
18.0,-,7,48686.4094,2,6,-1.0,0.0,-1.0,1.0,48714.62273576213,-28.213335762135102,7,2,6,-1.0,0.0,-1.0,True,,5.4e-06
18.0,+,37,48685.4594,2,6,-1.0,0.0,-1.0,1.0,48714.64716897846,-29.187768978459644,107,2,6,1.0,0.0,1.0,True,,5.4e-06
19.0,+,1,44159.4994,2,0,-1.0,0.0,-1.0,1.0,44182.55396128767,-23.05456128766673,1,2,0,1.0,0.0,1.0,True,,5.4e-06
19.0,-,31,44159.5194,2,0,-1.0,0.0,-1.0,1.0,44182.58379058693,-23.06439058692922,89,2,0,-1.0,0.0,-1.0,True,,5.4e-06
19.0,+,2,44949.2594,2,1,-1.0,0.0,-1.0,1.0,44970.26435199098,-21.00495199098077,2,2,1,1.0,0.0,1.0,True,,5.4e-06
19.0,-,32,44949.2794,2,1,-1.0,0.0,-1.0,1.0,44970.29378203614,-21.014382036140887,93,2,1,-1.0,0.0,-1.0,True,,5.4e-06
19.0,+,3,45726.5094,2,2,-1.0,0.0,-1.0,1.0,45745.94823214979,-19.43883214978996,3,2,2,1.0,0.0,1.0,True,,5.4e-06
19.0,-,33,45726.5394,2,2,-1.0,0.0,-1.0,1.0,45745.977237172556,-19.437837172554282,96,2,2,-1.0,0.0,-1.0,True,,5.4e-06
19.0,+,4,46491.0294,2,3,-1.0,0.0,-1.0,1.0,46510.08236151381,-19.05296151380753,4,2,3,1.0,0.0,1.0,True,,5.4e-06
19.0,-,34,46491.0694,2,3,-1.0,0.0,-1.0,1.0,46510.1109233736,-19.041523373598466,100,2,3,-1.0,0.0,-1.0,True,,5.4e-06
19.0,+,5,47242.5694,2,4,-1.0,0.0,-1.0,1.0,47262.8908036029,-20.321403602902137,5,2,4,1.0,0.0,1.0,True,,5.4e-06
19.0,-,35,47242.6194,2,4,-1.0,0.0,-1.0,1.0,47262.91890719383,-20.299507193827594,104,2,4,-1.0,0.0,-1.0,True,,5.4e-06
19.0,+,6,47980.7094,2,5,-1.0,0.0,-1.0,1.0,48004.30537752236,-23.595977522360045,6,2,5,1.0,0.0,1.0,True,,5.4e-06
19.0,-,36,47980.71,2,5,-1.0,0.0,-1.0,1.0,48004.333007163266,-23.623007163267175,106,2,5,-1.0,0.0,-1.0,True,,5.4e-06
19.0,+,7,48706.2494,2,6,-1.0,0.0,-1.0,1.0,48733.94878750464,-27.699387504639162,7,2,6,1.0,0.0,1.0,True,,5.4e-06
19.0,-,37,48705.2194,2,6,-1.0,0.0,-1.0,1.0,48733.97592436313,-28.75652436312521,107,2,6,-1.0,0.0,-1.0,True,,5.4e-06
20.0,-,1,44181.6194,2,0,-1.0,0.0,-1.0,1.0,44204.179575986724,-22.560175986720424,1,2,0,-1.0,0.0,-1.0,True,,5.4e-06
20.0,+,31,44181.6394,2,0,-1.0,0.0,-1.0,1.0,44204.212531475256,-22.57313147525565,89,2,0,1.0,0.0,1.0,True,,5.4e-06
20.0,-,2,44971.1594,2,1,-1.0,0.0,-1.0,1.0,44991.69061646006,-20.53121646006184,2,2,1,-1.0,0.0,-1.0,True,,5.4e-06
20.0,+,32,44971.1694,2,1,-1.0,0.0,-1.0,1.0,44991.72313069023,-20.55373069023335,93,2,1,1.0,0.0,1.0,True,,5.4e-06
20.0,-,3,45748.1894,2,2,-1.0,0.0,-1.0,1.0,45767.167514244575,-18.97811424457177,3,2,2,-1.0,0.0,-1.0,True,,5.4e-06
20.0,+,33,45748.2194,2,2,-1.0,0.0,-1.0,1.0,45767.19955883568,-18.980158835678594,96,2,2,1.0,0.0,1.0,True,,5.4e-06
20.0,-,4,46512.4994,2,3,-1.0,0.0,-1.0,1.0,46531.08925253936,-18.589852539356798,4,2,3,-1.0,0.0,-1.0,True,,5.4e-06
20.0,+,34,46512.5494,2,3,-1.0,0.0,-1.0,1.0,46531.12080749237,-18.571407492367143,100,2,3,1.0,0.0,1.0,True,,5.4e-06
20.0,-,5,47263.7994,2,4,-1.0,0.0,-1.0,1.0,47283.6807192508,-19.88131925079506,5,2,4,-1.0,0.0,-1.0,True,,5.4e-06
20.0,+,35,47263.8394,2,4,-1.0,0.0,-1.0,1.0,47283.71176787689,-19.872367876894714,104,2,4,1.0,0.0,1.0,True,,5.4e-06
20.0,-,6,48001.7294,2,5,-1.0,0.0,-1.0,1.0,48024.87340145043,-23.14400145043328,6,2,5,-1.0,0.0,-1.0,True,,5.4e-06
20.0,+,36,48001.69,2,5,-1.0,0.0,-1.0,1.0,48024.903926391315,-23.21392639131227,106,2,5,1.0,0.0,1.0,True,,5.4e-06
20.0,-,7,48725.3994,2,6,-1.0,0.0,-1.0,1.0,48754.288781207484,-28.889381207482074,7,2,6,-1.0,0.0,-1.0,True,,5.4e-06
20.0,+,37,48725.9694,2,6,-1.0,0.0,-1.0,1.0,48754.3187615935,-28.349361593500362,107,2,6,1.0,0.0,1.0,True,,5.4e-06
21.0,+,1,44204.8294,2,0,-1.0,0.0,-1.0,1.0,44226.88300322765,-22.053603227650456,1,2,0,1.0,0.0,1.0,True,,5.4e-06
21.0,-,31,44204.8394,2,0,-1.0,0.0,-1.0,1.0,44226.91923840196,-22.07983840196539,89,2,0,-1.0,0.0,-1.0,True,,5.4e-06
21.0,+,2,44994.1294,2,1,-1.0,0.0,-1.0,1.0,45014.18469581553,-20.05529581553128,2,2,1,1.0,0.0,1.0,True,,5.4e-06
21.0,-,32,44994.1594,2,1,-1.0,0.0,-1.0,1.0,45014.22044563088,-20.06104563088593,93,2,1,-1.0,0.0,-1.0,True,,5.4e-06
21.0,+,3,45770.9194,2,2,-1.0,0.0,-1.0,1.0,45789.44425252796,-18.52485252796032,3,2,2,1.0,0.0,1.0,True,,5.4e-06
21.0,-,33,45770.9694,2,2,-1.0,0.0,-1.0,1.0,45789.47948588155,-18.510085881549458,97,2,2,-1.0,0.0,-1.0,True,,5.4e-06
21.0,+,4,46535.0094,2,3,-1.0,0.0,-1.0,1.0,46553.142980007804,-18.133580007801356,4,2,3,1.0,0.0,1.0,True,,5.4e-06
21.0,-,34,46535.0694,2,3,-1.0,0.0,-1.0,1.0,46553.17767495914,-18.108274959136907,100,2,3,-1.0,0.0,-1.0,True,,5.4e-06
21.0,+,5,47286.0694,2,4,-1.0,0.0,-1.0,1.0,47305.50662103932,-19.43722103931941,5,2,4,1.0,0.0,1.0,True,,5.4e-06
21.0,-,35,47286.1394,2,4,-1.0,0.0,-1.0,1.0,47305.54075923985,-19.401359239847807,104,2,4,-1.0,0.0,-1.0,True,,5.4e-06
21.0,+,6,48023.7494,2,5,-1.0,0.0,-1.0,1.0,48046.46630445887,-22.71690445886634,6,2,5,1.0,0.0,1.0,True,,5.4e-06
21.0,-,36,48023.71,2,5,-1.0,0.0,-1.0,1.0,48046.499866782746,-22.789866782746685,106,2,5,-1.0,0.0,-1.0,True,,5.4e-06
21.0,+,7,48747.2294,2,6,-1.0,0.0,-1.0,1.0,48775.642220649475,-28.412820649478817,7,2,6,1.0,0.0,1.0,True,,5.4e-06
21.0,-,37,48747.7794,2,6,-1.0,0.0,-1.0,1.0,48775.675184076696,-27.895784076696145,107,2,6,-1.0,0.0,-1.0,True,,5.4e-06
22.0,-,1,44229.1494,2,0,-1.0,0.0,-1.0,1.0,44250.6637352481,-21.51433524809545,1,2,0,-1.0,0.0,-1.0,True,,5.4e-06
22.0,+,31,44229.1694,2,0,-1.0,0.0,-1.0,1.0,44250.703403193584,-21.534003193584795,89,2,0,1.0,0.0,1.0,True,,5.4e-06
22.0,-,2,45018.2094,2,1,-1.0,0.0,-1.0,1.0,45037.74607771473,-19.536677714728285,2,2,1,-1.0,0.0,-1.0,True,,5.4e-06
22.0,+,32,45018.2294,2,1,-1.0,0.0,-1.0,1.0,45037.78521410508,-19.55581410508603,93,2,1,1.0,0.0,1.0,True,,5.4e-06
22.0,-,3,45794.7694,2,2,-1.0,0.0,-1.0,1.0,45812.77793312967,-18.008533129672287,3,2,2,-1.0,0.0,-1.0,True,,5.4e-06
22.0,+,33,45794.7994,2,2,-1.0,0.0,-1.0,1.0,45812.81650403265,-18.017104032645875,97,2,2,1.0,0.0,1.0,True,,5.4e-06
22.0,-,4,46558.6194,2,3,-1.0,0.0,-1.0,1.0,46576.24302990055,-17.623629900546803,4,2,3,-1.0,0.0,-1.0,True,,5.4e-06
22.0,+,34,46558.6294,2,3,-1.0,0.0,-1.0,1.0,46576.28101135356,-17.651611353561748,100,2,3,1.0,0.0,1.0,True,,5.4e-06
22.0,-,5,47309.4194,2,4,-1.0,0.0,-1.0,1.0,47328.36799458479,-18.948594584791863,5,2,4,-1.0,0.0,-1.0,True,,5.4e-06
22.0,+,35,47309.4394,2,4,-1.0,0.0,-1.0,1.0,47328.40536650173,-18.965966501724324,104,2,4,1.0,0.0,1.0,True,,5.4e-06
22.0,-,6,48046.8194,2,5,-1.0,0.0,-1.0,1.0,48069.08357015444,-22.264170154441672,6,2,5,-1.0,0.0,-1.0,True,,5.4e-06
22.0,+,36,48070.9,2,5,-1.0,0.0,-1.0,0.0,48069.12031155161,1.779688448390516,106,2,5,1.0,0.0,1.0,True,,0.0
22.0,-,7,48770.1094,2,6,-1.0,0.0,-1.0,1.0,48798.00858453547,-27.89918453546852,7,2,6,-1.0,0.0,-1.0,True,,5.4e-06
22.0,+,37,48770.5494,2,6,-1.0,0.0,-1.0,1.0,48798.04467012803,-27.495270128027187,107,2,6,1.0,0.0,1.0,True,,5.4e-06
23.0,+,1,44254.5594,2,0,-1.0,0.0,-1.0,1.0,44275.521240052956,-20.961840052957996,1,2,0,1.0,0.0,1.0,True,,5.4e-06
23.0,-,31,44254.6094,2,0,-1.0,0.0,-1.0,1.0,44275.56449342528,-20.955093425276573,89,2,0,-1.0,0.0,-1.0,True,,5.4e-06
23.0,+,2,45043.3994,2,1,-1.0,0.0,-1.0,1.0,45062.37422532516,-18.974825325160054,2,2,1,1.0,0.0,1.0,True,,5.4e-06
23.0,-,32,45043.4094,2,1,-1.0,0.0,-1.0,1.0,45062.41689885074,-19.007498850740376,93,2,1,-1.0,0.0,-1.0,True,,5.4e-06
23.0,+,3,45819.6794,2,2,-1.0,0.0,-1.0,1.0,45837.16801758524,-17.48861758523708,3,2,2,1.0,0.0,1.0,True,,5.4e-06
23.0,-,33,45819.7194,2,2,-1.0,0.0,-1.0,1.0,45837.21007439889,-17.490674398890405,97,2,2,-1.0,0.0,-1.0,True,,5.4e-06
23.0,+,4,46583.2494,2,3,-1.0,0.0,-1.0,1.0,46600.3888635707,-17.139463570696535,4,2,3,1.0,0.0,1.0,True,,5.4e-06
23.0,-,34,46583.2894,2,3,-1.0,0.0,-1.0,1.0,46600.43027760781,-17.14087760780967,101,2,3,-1.0,0.0,-1.0,True,,5.4e-06
23.0,+,5,47333.7894,2,4,-1.0,0.0,-1.0,1.0,47352.26430082317,-18.474900823166536,5,2,4,1.0,0.0,1.0,True,,5.4e-06
23.0,-,35,47333.8494,2,4,-1.0,0.0,-1.0,1.0,47352.30505018318,-18.455650183183025,104,2,4,-1.0,0.0,-1.0,True,,5.4e-06
23.0,+,6,48070.9394,2,5,-1.0,0.0,-1.0,1.0,48092.724657323444,-21.78525732344133,6,2,5,1.0,0.0,1.0,True,,5.4e-06
23.0,-,36,48070.9,2,5,-1.0,0.0,-1.0,1.0,48092.76471907337,-21.864719073368178,106,2,5,-1.0,0.0,-1.0,True,,5.4e-06
23.0,+,7,48794.0194,2,6,-1.0,0.0,-1.0,1.0,48821.38732645715,-27.36792645715468,7,2,6,1.0,0.0,1.0,True,,5.4e-06
23.0,-,37,48794.4194,2,6,-1.0,0.0,-1.0,1.0,48821.42667293099,-27.00727293099044,107,2,6,-1.0,0.0,-1.0,True,,5.4e-06
24.0,-,1,44281.0794,2,0,-1.0,0.0,-1.0,1.0,44301.4549614068,-20.375561406799534,1,2,0,-1.0,0.0,-1.0,True,,5.4e-06
24.0,+,31,44281.1194,2,0,-1.0,0.0,-1.0,1.0,44301.501952412116,-20.382552412113,89,2,0,1.0,0.0,1.0,True,,5.4e-06
24.0,-,2,45069.6494,2,1,-1.0,0.0,-1.0,1.0,45088.06857731064,-18.41917731063586,2,2,1,-1.0,0.0,-1.0,True,,5.4e-06
24.0,+,32,45069.6594,2,1,-1.0,0.0,-1.0,1.0,45088.11493808261,-18.455538082613202,93,2,1,1.0,0.0,1.0,True,,5.4e-06
24.0,-,3,45845.6694,2,2,-1.0,0.0,-1.0,1.0,45862.61394282097,-16.944542820972856,3,2,2,-1.0,0.0,-1.0,True,,5.4e-06
24.0,+,33,45845.7094,2,2,-1.0,0.0,-1.0,1.0,45862.659633460506,-16.950233460505842,97,2,2,1.0,0.0,1.0,True,,5.4e-06
24.0,-,4,46608.9494,2,3,-1.0,0.0,-1.0,1.0,46625.579917720876,-16.630517720877833,4,2,3,-1.0,0.0,-1.0,True,,5.4e-06
24.0,+,34,46609.0294,2,3,-1.0,0.0,-1.0,1.0,46625.62490998463,-16.595509984632372,101,2,3,1.0,0.0,1.0,True,,5.4e-06
24.0,-,5,47359.2494,2,4,-1.0,0.0,-1.0,1.0,47377.19497598426,-17.94557598426036,5,2,4,-1.0,0.0,-1.0,True,,5.4e-06
24.0,+,35,47359.2794,2,4,-1.0,0.0,-1.0,1.0,47377.239246079276,-17.95984607927676,105,2,4,1.0,0.0,1.0,True,,5.4e-06
24.0,-,6,48096.1294,2,5,-1.0,0.0,-1.0,1.0,48117.38899989895,-21.25959989894909,6,2,5,-1.0,0.0,-1.0,True,,5.4e-06
24.0,+,36,48096.08,2,5,-1.0,0.0,-1.0,1.0,48117.432522851304,-21.352522851302638,106,2,5,1.0,0.0,1.0,True,,5.4e-06
24.0,-,7,48818.9294,2,6,-1.0,0.0,-1.0,1.0,48845.77787485208,-26.848474852078652,7,2,6,-1.0,0.0,-1.0,True,,5.4e-06
24.0,+,37,48819.3094,2,6,-1.0,0.0,-1.0,1.0,48845.820620495426,-26.51122049542755,107,2,6,1.0,0.0,1.0,True,,5.4e-06
25.0,+,1,44308.6994,2,0,-1.0,0.0,-1.0,1.0,44328.4643188266,-19.76491882660048,1,2,0,1.0,0.0,1.0,True,,5.4e-06
25.0,-,31,44308.7294,2,0,-1.0,0.0,-1.0,1.0,44328.51519920218,-19.785799202181806,89,2,0,-1.0,0.0,-1.0,True,,5.4e-06
25.0,+,2,45096.9994,2,1,-1.0,0.0,-1.0,1.0,45114.82854781853,-17.829147818527417,2,2,1,1.0,0.0,1.0,True,,5.4e-06
25.0,-,32,45097.0194,2,1,-1.0,0.0,-1.0,1.0,45114.87874547926,-17.859345479264448,93,2,1,-1.0,0.0,-1.0,True,,5.4e-06
25.0,+,3,45872.7494,2,2,-1.0,0.0,-1.0,1.0,45889.115121134404,-16.36572113440343,3,2,2,1.0,0.0,1.0,True,,5.4e-06
25.0,-,33,45872.7894,2,2,-1.0,0.0,-1.0,1.0,45889.16459305115,-16.375193051149836,97,2,2,-1.0,0.0,-1.0,True,,5.4e-06
25.0,+,4,46635.7694,2,3,-1.0,0.0,-1.0,1.0,46651.81560438218,-16.046204382182623,4,2,3,1.0,0.0,1.0,True,,5.4e-06
25.0,-,34,46635.8194,2,3,-1.0,0.0,-1.0,1.0,46651.86432005555,-16.04492005555221,101,2,3,-1.0,0.0,-1.0,True,,5.4e-06
25.0,+,5,47385.7494,2,4,-1.0,0.0,-1.0,1.0,47403.15943156358,-17.41003156358056,5,2,4,1.0,0.0,1.0,True,,5.4e-06
25.0,-,35,47385.8094,2,4,-1.0,0.0,-1.0,1.0,47403.207365232694,-17.39796523269615,105,2,4,-1.0,0.0,-1.0,True,,5.4e-06
25.0,+,6,48122.3294,2,5,-1.0,0.0,-1.0,1.0,48143.07600692677,-20.746606926768436,6,2,5,1.0,0.0,1.0,True,,5.4e-06
25.0,-,36,48122.3,2,5,-1.0,0.0,-1.0,1.0,48143.12313148255,-20.82313148254616,106,2,5,-1.0,0.0,-1.0,True,,5.4e-06
25.0,+,7,48844.9094,2,6,-1.0,0.0,-1.0,1.0,48871.17963296036,-26.2702329603635,7,2,6,1.0,0.0,1.0,True,,5.4e-06
25.0,-,37,48845.2494,2,6,-1.0,0.0,-1.0,1.0,48871.2259156161,-25.976515616101096,107,2,6,-1.0,0.0,-1.0,True,,5.4e-06
26.0,-,1,44337.4194,2,0,-1.0,0.0,-1.0,1.0,44356.54870757245,-19.1293075724534,1,2,0,-1.0,0.0,-1.0,True,,5.4e-06
26.0,+,31,44337.4594,2,0,-1.0,0.0,-1.0,1.0,44356.603628567726,-19.144228567725804,89,2,0,1.0,0.0,1.0,True,,5.4e-06
26.0,-,2,45125.4194,2,1,-1.0,0.0,-1.0,1.0,45142.65352646468,-17.23412646468205,2,2,1,-1.0,0.0,-1.0,True,,5.4e-06
26.0,+,32,45125.4594,2,1,-1.0,0.0,-1.0,1.0,45142.7077101695,-17.248310169503384,93,2,1,1.0,0.0,1.0,True,,5.4e-06
26.0,-,3,45900.8894,2,2,-1.0,0.0,-1.0,1.0,45916.67094017665,-15.781540176649287,3,2,2,-1.0,0.0,-1.0,True,,5.4e-06
26.0,+,33,45900.9194,2,2,-1.0,0.0,-1.0,1.0,45916.72434033772,-15.804940337722655,97,2,2,1.0,0.0,1.0,True,,5.4e-06
26.0,-,4,46663.6394,2,3,-1.0,0.0,-1.0,1.0,46679.09531088977,-15.455910889766528,4,2,3,-1.0,0.0,-1.0,True,,5.4e-06
26.0,+,34,46663.6694,2,3,-1.0,0.0,-1.0,1.0,46679.147894678215,-15.47849467821652,101,2,3,1.0,0.0,1.0,True,,5.4e-06
26.0,-,5,47413.3194,2,4,-1.0,0.0,-1.0,1.0,47430.15705429455,-16.837654294547974,5,2,4,-1.0,0.0,-1.0,True,,5.4e-06
26.0,+,35,47413.3694,2,4,-1.0,0.0,-1.0,1.0,47430.208793904494,-16.839393904490862,105,2,4,1.0,0.0,1.0,True,,5.4e-06
26.0,-,6,48149.5894,2,5,-1.0,0.0,-1.0,1.0,48169.78506252937,-20.195662529375113,6,2,5,-1.0,0.0,-1.0,True,,5.4e-06
26.0,+,36,48149.58,2,5,-1.0,0.0,-1.0,1.0,48169.835928622626,-20.255928622624197,106,2,5,1.0,0.0,1.0,True,,5.4e-06
26.0,-,7,48871.8494,2,6,-1.0,0.0,-1.0,1.0,48897.591978778764,-25.742578778765164,7,2,6,-1.0,0.0,-1.0,True,,5.4e-06
26.0,+,37,48872.1794,2,6,-1.0,0.0,-1.0,1.0,48897.64193582546,-25.462535825456143,107,2,6,1.0,0.0,1.0,True,,5.4e-06
27.0,+,1,44367.2394,2,0,-1.0,0.0,-1.0,1.0,44385.707498638934,-18.46809863893577,1,2,0,1.0,0.0,1.0,True,,5.4e-06
27.0,-,31,44367.2894,2,0,-1.0,0.0,-1.0,1.0,44385.76661099636,-18.477210996359645,89,2,0,-1.0,0.0,-1.0,True,,5.4e-06
27.0,+,2,45154.9394,2,1,-1.0,0.0,-1.0,1.0,45171.54287831995,-16.603478319950227,2,2,1,1.0,0.0,1.0,True,,5.4e-06
27.0,-,32,45154.9794,2,1,-1.0,0.0,-1.0,1.0,45171.60119671674,-16.621796716746758,93,2,1,-1.0,0.0,-1.0,True,,5.4e-06
27.0,+,3,45930.1094,2,2,-1.0,0.0,-1.0,1.0,45945.280762932365,-15.17136293236399,3,2,2,1.0,0.0,1.0,True,,5.4e-06
27.0,-,33,45930.1694,2,2,-1.0,0.0,-1.0,1.0,45945.338237802054,-15.16883780205535,97,2,2,-1.0,0.0,-1.0,True,,5.4e-06
27.0,+,4,46692.5594,2,3,-1.0,0.0,-1.0,1.0,46707.41839985974,-14.858999859738105,4,2,3,1.0,0.0,1.0,True,,5.4e-06
27.0,-,34,46692.6294,2,3,-1.0,0.0,-1.0,1.0,46707.47499597149,-14.845595971492003,101,2,3,-1.0,0.0,-1.0,True,,5.4e-06
27.0,+,5,47441.9294,2,4,-1.0,0.0,-1.0,1.0,47458.18720611799,-16.257806117988366,5,2,4,1.0,0.0,1.0,True,,5.4e-06
27.0,-,35,47441.9994,2,4,-1.0,0.0,-1.0,1.0,47458.24289354468,-16.24349354467995,105,2,4,-1.0,0.0,-1.0,True,,5.4e-06
27.0,+,6,48177.8894,2,5,-1.0,0.0,-1.0,1.0,48197.51552586873,-19.626125868730014,6,2,5,1.0,0.0,1.0,True,,5.4e-06
27.0,-,36,48177.88,2,5,-1.0,0.0,-1.0,1.0,48197.5702729473,-19.6902729473004,106,2,5,-1.0,0.0,-1.0,True,,5.4e-06
27.0,+,7,48899.8894,2,6,-1.0,0.0,-1.0,1.0,48925.01426501397,-25.124865013967792,7,2,6,1.0,0.0,1.0,True,,5.4e-06
27.0,-,37,48900.1794,2,6,-1.0,0.0,-1.0,1.0,48925.06803334683,-24.88863334683265,107,2,6,-1.0,0.0,-1.0,True,,5.4e-06
28.0,-,1,44398.1594,2,0,-1.0,0.0,-1.0,1.0,44415.94003874677,-17.78063874677173,1,2,0,-1.0,0.0,-1.0,True,,5.4e-06
28.0,+,31,44398.1994,2,0,-1.0,0.0,-1.0,1.0,44416.00349268209,-17.804092682090413,89,2,0,1.0,0.0,1.0,True,,5.4e-06
28.0,-,2,45185.5694,2,1,-1.0,0.0,-1.0,2.0,45201.4959438933,-15.926543893299822,2,2,1,-1.0,0.0,-1.0,True,,1.1e-05
28.0,-,3,45960.4194,2,2,-1.0,0.0,-1.0,1.0,45974.94392769975,-14.52452769975207,3,2,2,-1.0,0.0,-1.0,True,,5.4e-06
28.0,+,33,45960.4594,2,2,-1.0,0.0,-1.0,1.0,45975.00562322065,-14.546223220648244,97,2,2,1.0,0.0,1.0,True,,5.4e-06
28.0,-,4,46722.5194,2,3,-1.0,0.0,-1.0,1.0,46736.784209163125,-14.264809163127211,4,2,3,-1.0,0.0,-1.0,True,,5.4e-06
28.0,+,34,46722.5794,2,3,-1.0,0.0,-1.0,1.0,46736.84496129074,-14.265561290740152,101,2,3,1.0,0.0,1.0,True,,5.4e-06
28.0,-,5,47471.5894,2,4,-1.0,0.0,-1.0,1.0,47487.249224151376,-15.659824151378416,5,2,4,-1.0,0.0,-1.0,True,,5.4e-06
28.0,+,35,47471.6794,2,4,-1.0,0.0,-1.0,1.0,47487.309000761255,-15.629600761254551,105,2,4,1.0,0.0,1.0,True,,5.4e-06
28.0,-,6,48207.2294,2,5,-1.0,0.0,-1.0,1.0,48226.26673110677,-19.037331106774218,6,2,5,-1.0,0.0,-1.0,True,,5.4e-06
28.0,+,36,48207.22,2,5,-1.0,0.0,-1.0,1.0,48226.32549811433,-19.105498114331567,106,2,5,1.0,0.0,1.0,True,,5.4e-06
28.0,-,7,48928.8694,2,6,-1.0,0.0,-1.0,1.0,48953.445819032175,-24.576419032171543,7,2,6,-1.0,0.0,-1.0,True,,5.4e-06
28.0,+,37,48929.1894,2,6,-1.0,0.0,-1.0,1.0,48953.50353504512,-24.314135045118746,107,2,6,1.0,0.0,1.0,True,,5.4e-06
29.0,+,1,44430.1694,2,0,-1.0,0.0,-1.0,1.0,44447.24565033196,-17.07625033196382,1,2,0,1.0,0.0,1.0,True,,5.4e-06
29.0,-,31,44430.2194,2,0,-1.0,0.0,-1.0,1.0,44447.313595515676,-17.094195515674073,89,2,0,-1.0,0.0,-1.0,True,,5.4e-06
29.0,+,2,45217.2394,2,1,-1.0,0.0,-1.0,1.0,45232.512039117166,-15.272639117167273,2,2,1,1.0,0.0,1.0,True,,5.4e-06
29.0,-,32,45217.2994,2,1,-1.0,0.0,-1.0,1.0,45232.57907071861,-15.279670718606212,93,2,1,-1.0,0.0,-1.0,True,,5.4e-06
29.0,+,3,45991.1794,2,2,-1.0,0.0,-1.0,1.0,46005.65974806982,-14.48034806981741,3,2,2,1.0,0.0,1.0,True,,5.4e-06
29.0,-,33,45991.8194,2,2,-1.0,0.0,-1.0,1.0,46005.72580964295,-13.906409642950166,97,2,2,-1.0,0.0,-1.0,True,,5.4e-06
29.0,+,4,46753.5794,2,3,-1.0,0.0,-1.0,1.0,46767.19205190057,-13.6126519005702,4,2,3,1.0,0.0,1.0,True,,5.4e-06
29.0,-,34,46753.6694,2,3,-1.0,0.0,-1.0,1.0,46767.25710320157,-13.587703201570548,101,2,3,-1.0,0.0,-1.0,True,,5.4e-06
29.0,+,5,47502.3194,2,4,-1.0,0.0,-1.0,1.0,47517.342420656205,-15.023020656204608,5,2,4,1.0,0.0,1.0,True,,5.4e-06
29.0,-,35,47502.3794,2,4,-1.0,0.0,-1.0,1.0,47517.40642728686,-15.027027286865632,105,2,4,-1.0,0.0,-1.0,True,,5.4e-06
29.0,+,6,48237.6194,2,5,-1.0,0.0,-1.0,1.0,48256.03798736486,-18.418587364860286,6,2,5,1.0,0.0,1.0,True,,5.4e-06
29.0,-,36,48237.58,2,5,-1.0,0.0,-1.0,1.0,48256.10091272162,-18.520912721614877,106,2,5,-1.0,0.0,-1.0,True,,5.4e-06
29.0,+,7,48958.9394,2,6,-1.0,0.0,-1.0,1.0,48982.88594280801,-23.946542808007507,7,2,6,1.0,0.0,1.0,True,,5.4e-06
29.0,-,37,48959.2194,2,6,-1.0,0.0,-1.0,1.0,48982.947742374155,-23.728342374153726,107,2,6,-1.0,0.0,-1.0,True,,5.4e-06
30.0,-,1,44463.2894,2,0,-1.0,0.0,-1.0,1.0,44479.6236315368,-16.334231536799052,1,2,0,-1.0,0.0,-1.0,True,,5.4e-06
30.0,+,31,44463.3294,2,0,-1.0,0.0,-1.0,1.0,44479.696217074714,-16.366817074711435,89,2,0,1.0,0.0,1.0,True,,5.4e-06
30.0,-,2,45250.0194,2,1,-1.0,0.0,-1.0,1.0,45264.590455330486,-14.571055330488889,2,2,1,-1.0,0.0,-1.0,True,,5.4e-06
30.0,+,32,45250.0794,2,1,-1.0,0.0,-1.0,1.0,45264.66206433414,-14.582664334135188,93,2,1,1.0,0.0,1.0,True,,5.4e-06
30.0,-,3,46024.2194,2,2,-1.0,0.0,-1.0,1.0,46037.42751290392,-13.208112903921574,3,2,2,-1.0,0.0,-1.0,True,,5.4e-06
30.0,+,33,46024.2794,2,2,-1.0,0.0,-1.0,1.0,46037.49808537055,-13.218685370549792,97,2,2,1.0,0.0,1.0,True,,5.4e-06
30.0,-,4,46785.6894,2,3,-1.0,0.0,-1.0,1.0,46798.64121637491,-12.951816374908958,4,2,3,-1.0,0.0,-1.0,True,,5.4e-06
30.0,+,34,46785.7794,2,3,-1.0,0.0,-1.0,1.0,46798.71070945282,-12.931309452818823,101,2,3,1.0,0.0,1.0,True,,5.4e-06
30.0,-,5,47534.0794,2,4,-1.0,0.0,-1.0,1.0,47548.466083003965,-14.38668300396239,5,2,4,-1.0,0.0,-1.0,True,,5.4e-06
30.0,+,35,47534.1594,2,4,-1.0,0.0,-1.0,1.0,47548.53445994635,-14.375059946352849,105,2,4,1.0,0.0,1.0,True,,5.4e-06
30.0,-,6,48269.0394,2,5,-1.0,0.0,-1.0,1.0,48286.8285786814,-17.78917868139979,6,2,5,-1.0,0.0,-1.0,True,,5.4e-06
30.0,+,36,48269.03,2,5,-1.0,0.0,-1.0,1.0,48286.895800265804,-17.865800265804864,106,2,5,1.0,0.0,1.0,True,,5.4e-06
30.0,-,7,48990.0094,2,6,-1.0,0.0,-1.0,1.0,49013.33391287004,-23.324512870036415,7,2,6,-1.0,0.0,-1.0,True,,5.4e-06
30.0,+,37,48990.2894,2,6,-1.0,0.0,-1.0,1.0,49013.39993132388,-23.110531323880423,107,2,6,1.0,0.0,1.0,True,,5.4e-06
31.0,+,1,44497.4794,2,0,-1.0,0.0,-1.0,1.0,44513.07325619907,-15.593856199076981,1,2,0,1.0,0.0,1.0,True,,5.4e-06
31.0,-,31,44497.5394,2,0,-1.0,0.0,-1.0,1.0,44513.15063061322,-15.61123061321996,89,2,0,-1.0,0.0,-1.0,True,,5.4e-06
31.0,+,2,45283.8994,2,1,-1.0,0.0,-1.0,1.0,45297.730459261074,-13.831059261072369,2,2,1,1.0,0.0,1.0,True,,5.4e-06
31.0,-,32,45283.9494,2,1,-1.0,0.0,-1.0,1.0,45297.80679209549,-13.857392095495015,93,2,1,-1.0,0.0,-1.0,True,,5.4e-06
31.0,+,3,46057.7294,2,2,-1.0,0.0,-1.0,1.0,46070.24648631208,-12.51708631208021,3,2,2,1.0,0.0,1.0,True,,5.4e-06
31.0,-,33,46057.8094,2,2,-1.0,0.0,-1.0,1.0,46070.32171393364,-12.512313933642872,97,2,2,-1.0,0.0,-1.0,True,,5.4e-06
31.0,+,4,46818.8794,2,3,-1.0,0.0,-1.0,1.0,46831.13096606262,-12.25156606262317,4,2,3,1.0,0.0,1.0,True,,5.4e-06
31.0,-,34,46818.9394,2,3,-1.0,0.0,-1.0,1.0,46831.20504294873,-12.265642948725144,101,2,3,-1.0,0.0,-1.0,True,,5.4e-06
31.0,+,5,47566.3194,2,4,-1.0,0.0,-1.0,1.0,47580.61947364165,-14.30007364165067,5,2,4,1.0,0.0,1.0,True,,5.4e-06
31.0,-,35,47566.9794,2,4,-1.0,0.0,-1.0,1.0,47580.692360620254,-13.712960620257945,105,2,4,-1.0,0.0,-1.0,True,,5.4e-06
31.0,+,6,48301.4994,2,5,-1.0,0.0,-1.0,1.0,48318.637763967665,-17.13836396766419,6,2,5,1.0,0.0,1.0,True,,5.4e-06
31.0,-,36,48301.49,2,5,-1.0,0.0,-1.0,1.0,48318.709419097424,-17.219419097425998,106,2,5,-1.0,0.0,-1.0,True,,5.4e-06
31.0,+,7,49022.1194,2,6,-1.0,0.0,-1.0,1.0,49044.78898024454,-22.669580244539247,7,2,6,1.0,0.0,1.0,True,,5.4e-06
31.0,-,37,49022.4094,2,6,-1.0,0.0,-1.0,1.0,49044.85935236282,-22.44995236282557,107,2,6,-1.0,0.0,-1.0,True,,5.4e-06
32.0,-,1,44532.7794,2,0,-1.0,0.0,-1.0,1.0,44547.59377384113,-14.814373841130873,1,2,0,-1.0,0.0,-1.0,True,,5.4e-06
32.0,+,31,44532.8494,2,0,-1.0,0.0,-1.0,1.0,44547.6760850511,-14.826685051099048,90,2,0,1.0,0.0,1.0,True,,5.4e-06
32.0,-,2,45318.8294,2,1,-1.0,0.0,-1.0,1.0,45331.93129300866,-13.101893008657498,2,2,1,-1.0,0.0,-1.0,True,,5.4e-06
32.0,+,32,45318.8794,2,1,-1.0,0.0,-1.0,1.0,45332.01249549973,-13.133095499732008,93,2,1,1.0,0.0,1.0,True,,5.4e-06
32.0,-,3,46092.3394,2,2,-1.0,0.0,-1.0,1.0,46104.11590762918,-11.77650762918347,3,2,2,-1.0,0.0,-1.0,True,,5.4e-06
32.0,+,33,46092.3994,2,2,-1.0,0.0,-1.0,1.0,46104.19593406931,-11.796534069304471,97,2,2,1.0,0.0,1.0,True,,5.4e-06
32.0,-,4,46853.0994,2,3,-1.0,0.0,-1.0,1.0,46864.66053958568,-11.561139585683122,4,2,3,-1.0,0.0,-1.0,True,,5.4e-06
32.0,+,34,46853.1994,2,3,-1.0,0.0,-1.0,1.0,46864.73934171912,-11.539941719121998,101,2,3,1.0,0.0,1.0,True,,5.4e-06
32.0,-,5,47600.8094,2,4,-1.0,0.0,-1.0,2.0,47613.801830055294,-12.9924300552957,5,2,4,-1.0,0.0,-1.0,True,,1.1e-05
32.0,-,6,48334.9794,2,5,-1.0,0.0,-1.0,1.0,48351.46477696145,-16.485376961456495,6,2,5,-1.0,0.0,-1.0,True,,5.4e-06
32.0,+,36,48334.99,2,5,-1.0,0.0,-1.0,1.0,48351.54100237543,-16.55100237543229,106,2,5,1.0,0.0,1.0,True,,5.4e-06
32.0,-,7,49055.2494,2,6,-1.0,0.0,-1.0,1.0,49077.25037039702,-22.000970397020865,7,2,6,-1.0,0.0,-1.0,True,,5.4e-06
32.0,+,37,49055.5294,2,6,-1.0,0.0,-1.0,1.0,49077.32523037979,-21.795830379793188,107,2,6,1.0,0.0,1.0,True,,5.4e-06
33.0,+,1,44569.1794,2,0,-1.0,0.0,-1.0,1.0,44583.184409658716,-14.005009658714698,1,2,0,1.0,0.0,1.0,True,,5.4e-06
33.0,-,31,44569.2494,2,0,-1.0,0.0,-1.0,1.0,44583.2718049621,-14.022404962102883,90,2,0,-1.0,0.0,-1.0,True,,5.4e-06
33.0,+,2,45354.8694,2,1,-1.0,0.0,-1.0,1.0,45367.192174026466,-12.322774026462866,2,2,1,1.0,0.0,1.0,True,,5.4e-06
33.0,-,32,45354.9394,2,1,-1.0,0.0,-1.0,1.0,45367.27839137755,-12.338991377546336,93,2,1,-1.0,0.0,-1.0,True,,5.4e-06
33.0,+,3,46127.9994,2,2,-1.0,0.0,-1.0,1.0,46139.03499139091,-11.035591390907939,3,2,2,1.0,0.0,1.0,True,,5.4e-06
33.0,-,33,46128.0894,2,2,-1.0,0.0,-1.0,1.0,46139.11995969571,-11.030559695711418,97,2,2,-1.0,0.0,-1.0,True,,5.4e-06
33.0,+,4,46888.3994,2,3,-1.0,0.0,-1.0,1.0,46899.22915068044,-10.829750680437428,4,2,3,1.0,0.0,1.0,True,,5.4e-06
33.0,-,34,46888.4994,2,3,-1.0,0.0,-1.0,1.0,46899.31281889025,-10.813418890247704,101,2,3,-1.0,0.0,-1.0,True,,5.4e-06
33.0,+,5,47635.6894,2,4,-1.0,0.0,-1.0,1.0,47648.01236473208,-12.322964732076798,5,2,4,1.0,0.0,1.0,True,,5.4e-06
33.0,-,35,47635.7594,2,4,-1.0,0.0,-1.0,1.0,47648.09468859983,-12.335288599824707,105,2,4,-1.0,0.0,-1.0,True,,5.4e-06
33.0,+,6,48369.5194,2,5,-1.0,0.0,-1.0,1.0,48385.30882618029,-15.789426180293958,6,2,5,1.0,0.0,1.0,True,,5.4e-06
33.0,-,36,48369.52,2,5,-1.0,0.0,-1.0,1.0,48385.38975801917,-15.869758019172878,106,2,5,-1.0,0.0,-1.0,True,,5.4e-06
33.0,+,7,49089.4094,2,6,-1.0,0.0,-1.0,1.0,49110.71728317112,-21.30788317112456,7,2,6,1.0,0.0,1.0,True,,5.4e-06
33.0,-,37,49089.6394,2,6,-1.0,0.0,-1.0,1.0,49110.79676462337,-21.157364623366448,107,2,6,-1.0,0.0,-1.0,True,,5.4e-06
34.0,-,1,44606.6494,2,0,-1.0,0.0,-1.0,1.0,44619.84436450918,-13.194964509180863,1,2,0,-1.0,0.0,-1.0,True,,5.4e-06
34.0,+,31,44606.7294,2,0,-1.0,0.0,-1.0,1.0,44619.93699056304,-13.207590563040867,90,2,0,1.0,0.0,1.0,True,,5.4e-06
34.0,-,2,45391.9694,2,1,-1.0,0.0,-1.0,1.0,45403.51229510156,-11.542895101556496,2,2,1,-1.0,0.0,-1.0,True,,5.4e-06
34.0,+,32,45392.0394,2,1,-1.0,0.0,-1.0,1.0,45403.6036718756,-11.564271875598934,93,2,1,1.0,0.0,1.0,True,,5.4e-06
34.0,-,3,46164.7194,2,2,-1.0,0.0,-1.0,1.0,46175.002927309375,-10.283527309373312,3,2,2,-1.0,0.0,-1.0,True,,5.4e-06
34.0,+,33,46164.8094,2,2,-1.0,0.0,-1.0,1.0,46175.092979888585,-10.283579888586246,97,2,2,1.0,0.0,1.0,True,,5.4e-06
34.0,-,4,46924.7394,2,3,-1.0,0.0,-1.0,1.0,46934.83598816758,-10.096588167580194,4,2,3,-1.0,0.0,-1.0,True,,5.4e-06
34.0,+,34,46924.8394,2,3,-1.0,0.0,-1.0,1.0,46934.92466265342,-10.085262653425161,101,2,3,1.0,0.0,1.0,True,,5.4e-06
34.0,-,5,47671.6194,2,4,-1.0,0.0,-1.0,1.0,47683.25026512149,-11.63086512148584,5,2,4,-1.0,0.0,-1.0,True,,5.4e-06
34.0,+,35,47671.7294,2,4,-1.0,0.0,-1.0,1.0,47683.33751461673,-11.608114616734383,105,2,4,1.0,0.0,1.0,True,,5.4e-06
34.0,-,6,48405.0794,2,5,-1.0,0.0,-1.0,1.0,48420.16909487135,-15.089694871348911,6,2,5,-1.0,0.0,-1.0,True,,5.4e-06
34.0,+,36,48405.11,2,5,-1.0,0.0,-1.0,1.0,48420.25486865906,-15.144868659059284,106,2,5,1.0,0.0,1.0,True,,5.4e-06
34.0,-,7,49124.5794,2,6,-1.0,0.0,-1.0,1.0,49145.1888927258,-20.609492725794553,7,2,6,-1.0,0.0,-1.0,True,,5.4e-06
34.0,+,37,49124.8294,2,6,-1.0,0.0,-1.0,1.0,49145.273128638524,-20.44372863852186,107,2,6,1.0,0.0,1.0,True,,5.4e-06
35.0,+,1,44645.2294,2,0,-1.0,0.0,-1.0,1.0,44657.572814899475,-12.343414899478375,1,2,0,1.0,0.0,1.0,True,,5.4e-06
35.0,-,31,44645.3194,2,0,-1.0,0.0,-1.0,1.0,44657.67081770129,-12.351417701291211,90,2,0,-1.0,0.0,-1.0,True,,5.4e-06
35.0,+,2,45430.1694,2,1,-1.0,0.0,-1.0,1.0,45440.89082433643,-10.721424336428754,2,2,1,1.0,0.0,1.0,True,,5.4e-06
35.0,-,32,45430.2494,2,1,-1.0,0.0,-1.0,1.0,45440.98750443645,-10.738104436451977,94,2,1,-1.0,0.0,-1.0,True,,5.4e-06
35.0,+,3,46202.5394,2,2,-1.0,0.0,-1.0,1.0,46212.018880246746,-9.47948024674406,3,2,2,1.0,0.0,1.0,True,,5.4e-06
35.0,-,33,46202.6394,2,2,-1.0,0.0,-1.0,1.0,46212.114158855155,-9.474758855154505,97,2,2,-1.0,0.0,-1.0,True,,5.4e-06
35.0,+,4,46962.1594,2,3,-1.0,0.0,-1.0,1.0,46971.48021591891,-9.320815918916196,4,2,3,1.0,0.0,1.0,True,,5.4e-06
35.0,-,34,46962.2594,2,3,-1.0,0.0,-1.0,1.0,46971.57403623235,-9.314636232345947,101,2,3,-1.0,0.0,-1.0,True,,5.4e-06
35.0,+,5,47708.6694,2,4,-1.0,0.0,-1.0,1.0,47719.51469359519,-10.845293595193652,5,2,4,1.0,0.0,1.0,True,,5.4e-06
35.0,-,35,47708.6694,2,4,-1.0,0.0,-1.0,1.0,47719.60700599136,-10.937605991362943,105,2,4,-1.0,0.0,-1.0,True,,5.4e-06
35.0,+,6,48441.6894,2,5,-1.0,0.0,-1.0,1.0,48456.04474096041,-14.355340960406465,6,2,5,1.0,0.0,1.0,True,,5.4e-06
35.0,-,36,48441.69,2,5,-1.0,0.0,-1.0,1.0,48456.13549158583,-14.445491585829586,106,2,5,-1.0,0.0,-1.0,True,,5.4e-06
35.0,+,7,49160.7794,2,6,-1.0,0.0,-1.0,1.0,49180.6643474689,-19.884947468897735,7,2,6,1.0,0.0,1.0,True,,5.4e-06
35.0,-,37,49160.9994,2,6,-1.0,0.0,-1.0,1.0,49180.75347020068,-19.75407020068087,107,2,6,-1.0,0.0,-1.0,True,,5.4e-06
36.0,-,1,44684.8794,2,0,-1.0,0.0,-1.0,1.0,44696.36891297297,-11.48951297297026,1,2,0,-1.0,0.0,-1.0,True,,5.4e-06
36.0,+,31,44685.0094,2,0,-1.0,0.0,-1.0,1.0,44696.47243784206,-11.4630378420552,90,2,0,1.0,0.0,1.0,True,,5.4e-06
36.0,-,2,45469.4394,2,1,-1.0,0.0,-1.0,1.0,45479.32690512813,-9.887505128128396,2,2,1,-1.0,0.0,-1.0,True,,5.4e-06
36.0,+,32,45469.5494,2,1,-1.0,0.0,-1.0,1.0,45479.429031778105,-9.879631778101611,94,2,1,1.0,0.0,1.0,True,,5.4e-06
36.0,-,3,46241.3994,2,2,-1.0,0.0,-1.0,1.0,46250.08199018967,-8.68259018966637,3,2,2,-1.0,0.0,-1.0,True,,5.4e-06
36.0,+,33,46241.5094,2,2,-1.0,0.0,-1.0,1.0,46250.182635907964,-8.673235907961498,98,2,2,1.0,0.0,1.0,True,,5.4e-06
36.0,-,4,47000.6194,2,3,-1.0,0.0,-1.0,1.0,47009.160972825455,-8.541572825452022,4,2,3,-1.0,0.0,-1.0,True,,5.4e-06
36.0,+,34,47000.7494,2,3,-1.0,0.0,-1.0,1.0,47009.26007785079,-8.510677850790671,101,2,3,1.0,0.0,1.0,True,,5.4e-06
36.0,-,5,47746.7094,2,4,-1.0,0.0,-1.0,1.0,47756.80478740537,-10.095387405366637,5,2,4,-1.0,0.0,-1.0,True,,5.4e-06
36.0,+,35,47746.8194,2,4,-1.0,0.0,-1.0,1.0,47756.90229931606,-10.08289931606123,105,2,4,1.0,0.0,1.0,True,,5.4e-06
36.0,-,6,48479.3194,2,5,-1.0,0.0,-1.0,1.0,48492.934896998566,-13.615496998565504,6,2,5,-1.0,0.0,-1.0,True,,5.4e-06
36.0,+,36,48479.35,2,5,-1.0,0.0,-1.0,1.0,48493.03075869676,-13.680758696762496,106,2,5,1.0,0.0,1.0,True,,5.4e-06
36.0,-,7,49197.9994,2,6,-1.0,0.0,-1.0,1.0,49217.14276999013,-19.14336999013176,7,2,6,-1.0,0.0,-1.0,True,,5.4e-06
36.0,+,37,49198.2294,2,6,-1.0,0.0,-1.0,1.0,49217.23691124781,-19.007511247815273,107,2,6,1.0,0.0,1.0,True,,5.4e-06
37.0,+,1,44725.6594,2,0,-1.0,0.0,-1.0,1.0,44736.23178649705,-10.572386497049592,1,2,0,1.0,0.0,1.0,True,,5.4e-06
37.0,-,31,44725.7494,2,0,-1.0,0.0,-1.0,1.0,44736.340978055174,-10.591578055173159,90,2,0,-1.0,0.0,-1.0,True,,5.4e-06
37.0,+,2,45509.7994,2,1,-1.0,0.0,-1.0,1.0,45518.81965614776,-9.0202561477563,2,2,1,1.0,0.0,1.0,True,,5.4e-06
37.0,-,32,45509.8794,2,1,-1.0,0.0,-1.0,1.0,45518.927371874204,-9.047971874206269,94,2,1,-1.0,0.0,-1.0,True,,5.4e-06
37.0,+,3,46281.3594,2,2,-1.0,0.0,-1.0,1.0,46289.19137222204,-7.831972222040349,3,2,2,1.0,0.0,1.0,True,,5.4e-06
37.0,-,33,46281.4494,2,2,-1.0,0.0,-1.0,1.0,46289.29752543763,-7.848125437631097,98,2,2,-1.0,0.0,-1.0,True,,5.4e-06
37.0,+,4,47040.1594,2,3,-1.0,0.0,-1.0,1.0,47047.87737276239,-7.71797276239522,4,2,3,1.0,0.0,1.0,True,,5.4e-06
37.0,-,34,47040.2694,2,3,-1.0,0.0,-1.0,1.0,47047.981900698804,-7.712500698806252,102,2,3,-1.0,0.0,-1.0,True,,5.4e-06
37.0,+,5,47785.8294,2,4,-1.0,0.0,-1.0,1.0,47795.119658641124,-9.290258641121909,5,2,4,1.0,0.0,1.0,True,,5.4e-06
37.0,-,35,47785.9294,2,4,-1.0,0.0,-1.0,1.0,47795.22250600223,-9.29310600223107,105,2,4,-1.0,0.0,-1.0,True,,5.4e-06
37.0,+,6,48518.0194,2,5,-1.0,0.0,-1.0,1.0,48530.83867010812,-12.81927010812069,6,2,5,1.0,0.0,1.0,True,,5.4e-06
37.0,-,36,48518.02,2,5,-1.0,0.0,-1.0,1.0,48530.9397764413,-12.919776441303839,106,2,5,-1.0,0.0,-1.0,True,,5.4e-06
37.0,+,7,49236.2594,2,6,-1.0,0.0,-1.0,1.0,49254.623256989005,-18.36385698900267,7,2,6,1.0,0.0,1.0,True,,5.4e-06
37.0,-,37,49236.4494,2,6,-1.0,0.0,-1.0,1.0,49254.72254780964,-18.27314780963934,107,2,6,-1.0,0.0,-1.0,True,,5.4e-06
38.0,-,1,44767.4694,2,0,-1.0,0.0,-1.0,1.0,44777.16053884911,-9.69113884910621,1,2,0,-1.0,0.0,-1.0,True,,5.4e-06
38.0,+,31,44767.6294,2,0,-1.0,0.0,-1.0,1.0,44777.2755410024,-9.646141002398508,90,2,0,1.0,0.0,1.0,True,,5.4e-06
38.0,-,2,45551.1994,2,1,-1.0,0.0,-1.0,1.0,45559.3681713191,-8.168771319105872,2,2,1,-1.0,0.0,-1.0,True,,5.4e-06
38.0,+,32,45551.3394,2,1,-1.0,0.0,-1.0,1.0,45559.48161793169,-8.142217931694177,94,2,1,1.0,0.0,1.0,True,,5.4e-06
38.0,-,3,46322.3294,2,2,-1.0,0.0,-1.0,1.0,46329.34611649658,-7.0167164965751,3,2,2,-1.0,0.0,-1.0,True,,5.4e-06
38.0,+,33,46322.4894,2,2,-1.0,0.0,-1.0,1.0,46329.457916885316,-6.968516885317513,98,2,2,1.0,0.0,1.0,True,,5.4e-06
38.0,-,4,47080.7094,2,3,-1.0,0.0,-1.0,1.0,47087.62850455448,-6.919104554479418,4,2,3,-1.0,0.0,-1.0,True,,5.4e-06
38.0,+,34,47080.8894,2,3,-1.0,0.0,-1.0,1.0,47087.7385928963,-6.849192896297609,102,2,3,1.0,0.0,1.0,True,,5.4e-06
38.0,-,5,47825.9594,2,4,-1.0,0.0,-1.0,1.0,47834.45839418463,-8.498994184628827,5,2,4,-1.0,0.0,-1.0,True,,5.4e-06
38.0,+,35,47826.0894,2,4,-1.0,0.0,-1.0,1.0,47834.56671223503,-8.477312235030695,105,2,4,1.0,0.0,1.0,True,,5.4e-06
38.0,-,6,48557.7094,2,5,-1.0,0.0,-1.0,1.0,48569.75514192496,-12.045741924957838,6,2,5,-1.0,0.0,-1.0,True,,5.4e-06
38.0,+,36,48557.76,2,5,-1.0,0.0,-1.0,1.0,48569.86162576423,-12.1016257642259,106,2,5,1.0,0.0,1.0,True,,5.4e-06
38.0,-,7,49275.4894,2,6,-1.0,0.0,-1.0,1.0,49293.10487920332,-17.61547920331941,7,2,6,-1.0,0.0,-1.0,True,,5.4e-06
38.0,+,37,49275.7294,2,6,-1.0,0.0,-1.0,1.0,49293.2094499346,-17.480049934601993,107,2,6,1.0,0.0,1.0,True,,5.4e-06
39.0,+,1,44810.4294,2,0,-1.0,0.0,-1.0,1.0,44819.1542490024,-8.724849002399424,1,2,0,1.0,0.0,1.0,True,,5.4e-06
39.0,-,31,44810.5494,2,0,-1.0,0.0,-1.0,1.0,44819.27520492215,-8.72580492214911,90,2,0,-1.0,0.0,-1.0,True,,5.4e-06
39.0,+,2,45593.7294,2,1,-1.0,0.0,-1.0,1.0,45600.97151979705,-7.242119797054329,2,2,1,1.0,0.0,1.0,True,,5.4e-06
39.0,-,32,45593.8194,2,1,-1.0,0.0,-1.0,1.0,45601.09083837012,-7.271438370116812,94,2,1,-1.0,0.0,-1.0,True,,5.4e-06
39.0,+,3,46364.4394,2,2,-1.0,0.0,-1.0,1.0,46370.545288206806,-6.105888206802774,3,2,2,1.0,0.0,1.0,True,,5.4e-06
39.0,-,33,46364.5494,2,2,-1.0,0.0,-1.0,1.0,46370.6628747136,-6.113474713594769,98,2,2,-1.0,0.0,-1.0,True,,5.4e-06
39.0,+,4,47122.3694,2,3,-1.0,0.0,-1.0,1.0,47128.41343193955,-6.044031939549313,4,2,3,1.0,0.0,1.0,True,,5.4e-06
39.0,-,34,47122.5094,2,3,-1.0,0.0,-1.0,1.0,47128.52921745804,-6.019817458036414,102,2,3,-1.0,0.0,-1.0,True,,5.4e-06
39.0,+,5,47867.1694,2,4,-1.0,0.0,-1.0,1.0,47874.82005566548,-7.650655665478553,5,2,4,1.0,0.0,1.0,True,,5.4e-06
39.0,-,35,47867.2594,2,4,-1.0,0.0,-1.0,1.0,47874.93397892798,-7.674578927973926,105,2,4,-1.0,0.0,-1.0,True,,5.4e-06
39.0,+,6,48598.4794,2,5,-1.0,0.0,-1.0,1.0,48609.68336854022,-11.203968540226924,6,2,5,1.0,0.0,1.0,True,,5.4e-06
39.0,-,36,48598.46,2,5,-1.0,0.0,-1.0,1.0,48609.795362046636,-11.335362046636874,106,2,5,-1.0,0.0,-1.0,True,,5.4e-06
39.0,+,7,49315.8194,2,6,-1.0,0.0,-1.0,1.0,49332.586681332075,-16.767281332075072,7,2,6,1.0,0.0,1.0,True,,5.4e-06
39.0,-,37,49315.9894,2,6,-1.0,0.0,-1.0,1.0,49332.69666161385,-16.707261613853916,107,2,6,-1.0,0.0,-1.0,True,,5.4e-06
40.0,-,1,44854.4094,2,0,-1.0,0.0,-1.0,1.0,44862.211971511795,-7.802571511798305,1,2,0,-1.0,0.0,-1.0,True,,5.4e-06
40.0,+,31,44854.6094,2,0,-1.0,0.0,-1.0,1.0,44862.33902361579,-7.7296236157853855,90,2,0,1.0,0.0,1.0,True,,5.4e-06
40.0,-,2,45637.2794,2,1,-1.0,0.0,-1.0,1.0,45643.62874594475,-6.349345944749075,2,2,1,-1.0,0.0,-1.0,True,,5.4e-06
40.0,+,32,45637.4594,2,1,-1.0,0.0,-1.0,1.0,45643.75407679834,-6.294676798337605,94,2,1,1.0,0.0,1.0,True,,5.4e-06
40.0,-,3,46407.5594,2,2,-1.0,0.0,-1.0,1.0,46412.787927557074,-5.228527557075722,3,2,2,-1.0,0.0,-1.0,True,,5.4e-06
40.0,+,33,46407.7294,2,2,-1.0,0.0,-1.0,1.0,46412.91143837797,-5.182038377970457,98,2,2,1.0,0.0,1.0,True,,5.4e-06
40.0,-,4,47165.0294,2,3,-1.0,0.0,-1.0,1.0,47170.23119353157,-5.201793531567091,4,2,3,-1.0,0.0,-1.0,True,,5.4e-06
40.0,+,34,47165.2294,2,3,-1.0,0.0,-1.0,1.0,47170.35281225617,-5.123412256172742,102,2,3,1.0,0.0,1.0,True,,5.4e-06
40.0,-,5,47909.3694,2,4,-1.0,0.0,-1.0,1.0,47916.20367941291,-6.834279412905744,5,2,4,-1.0,0.0,-1.0,True,,5.4e-06
40.0,+,35,47909.5194,2,4,-1.0,0.0,-1.0,1.0,47916.3233416767,-6.8039416767060175,105,2,4,1.0,0.0,1.0,True,,5.4e-06
40.0,-,6,48640.2194,2,5,-1.0,0.0,-1.0,1.0,48650.62238043975,-10.402980439750536,6,2,5,-1.0,0.0,-1.0,True,,5.4e-06
40.0,+,36,48640.3894,2,5,-1.0,0.0,-1.0,1.0,48650.740015046125,-10.350615046125313,106,2,5,1.0,0.0,1.0,True,,5.4e-06
40.0,-,7,49357.0594,2,6,-1.0,0.0,-1.0,1.0,49373.06768195734,-16.00828195734357,7,2,6,-1.0,0.0,-1.0,True,,5.4e-06
40.0,+,37,49357.2994,2,6,-1.0,0.0,-1.0,1.0,49373.1832007032,-15.883800703195448,107,2,6,1.0,0.0,1.0,True,,5.4e-06
41.0,+,1,44899.5394,2,0,-1.0,0.0,-1.0,1.0,44906.33273649798,-6.79333649797627,1,2,0,1.0,0.0,1.0,True,,5.4e-06
41.0,-,31,44899.6994,2,0,-1.0,0.0,-1.0,1.0,44906.46602643243,-6.766626432428893,90,2,0,-1.0,0.0,-1.0,True,,5.4e-06
41.0,+,2,45681.9694,2,1,-1.0,0.0,-1.0,1.0,45687.33886931064,-5.369469310637214,2,2,1,1.0,0.0,1.0,True,,5.4e-06
41.0,-,32,45662.0794,2,1,-1.0,0.0,-1.0,0.0,45687.470351991935,-25.390951991932525,94,2,1,-1.0,0.0,-1.0,True,,0.0
41.0,+,3,46451.7794,2,2,-1.0,0.0,-1.0,1.0,46456.073049732826,-4.293649732826452,3,2,2,1.0,0.0,1.0,True,,5.4e-06
41.0,-,33,46451.9094,2,2,-1.0,0.0,-1.0,1.0,46456.202622295415,-4.293222295418673,98,2,2,-1.0,0.0,-1.0,True,,5.4e-06
41.0,+,4,47208.7894,2,3,-1.0,0.0,-1.0,1.0,47213.08080278283,-4.291402782830119,4,2,3,1.0,0.0,1.0,True,,5.4e-06
41.0,-,34,47208.9494,2,3,-1.0,0.0,-1.0,1.0,47213.20838998246,-4.258989982459752,102,2,3,-1.0,0.0,-1.0,True,,5.4e-06
41.0,+,5,47952.6794,2,4,-1.0,0.0,-1.0,1.0,47958.60827640725,-5.928876407248026,5,2,4,1.0,0.0,1.0,True,,5.4e-06
41.0,-,35,47952.7094,2,4,-1.0,0.0,-1.0,1.0,47958.73381070832,-6.02441070831992,105,2,4,-1.0,0.0,-1.0,True,,5.4e-06
41.0,+,6,48683.0094,2,5,-1.0,0.0,-1.0,1.0,48692.57118244127,-9.561782441269315,6,2,5,1.0,0.0,1.0,True,,5.4e-06
41.0,-,36,48683.1694,2,5,-1.0,0.0,-1.0,1.0,48692.69458883248,-9.525188832478307,106,2,5,-1.0,0.0,-1.0,True,,5.4e-06
41.0,+,7,49399.3994,2,6,-1.0,0.0,-1.0,1.0,49414.54687346391,-15.147473463905044,7,2,6,1.0,0.0,1.0,True,,5.4e-06
41.0,-,37,49399.5994,2,6,-1.0,0.0,-1.0,1.0,49414.66805884169,-15.068658841693832,107,2,6,-1.0,0.0,-1.0,True,,5.4e-06
42.0,-,1,44945.7294,2,0,-1.0,0.0,-1.0,1.0,44951.51554963265,-5.786149632651359,1,2,0,-1.0,0.0,-1.0,True,,5.4e-06
42.0,+,31,44945.9194,2,0,-1.0,0.0,-1.0,1.0,44951.65521825306,-5.735818253058824,90,2,0,1.0,0.0,1.0,True,,5.4e-06
42.0,-,2,45727.6794,2,1,-1.0,0.0,-1.0,1.0,45732.10088460453,-4.421484604528814,2,2,1,-1.0,0.0,-1.0,True,,5.4e-06
42.0,+,32,45727.8594,2,1,-1.0,0.0,-1.0,1.0,45732.238657868715,-4.3792578687134665,94,2,1,1.0,0.0,1.0,True,,5.4e-06
42.0,-,3,46497.0194,2,2,-1.0,0.0,-1.0,1.0,46500.399644869874,-3.3802448698770604,3,2,2,-1.0,0.0,-1.0,True,,5.4e-06
42.0,+,33,46497.2094,2,2,-1.0,0.0,-1.0,1.0,46500.53541581493,-3.326015814927814,98,2,2,1.0,0.0,1.0,True,,5.4e-06
42.0,-,4,47253.5694,2,3,-1.0,0.0,-1.0,1.0,47256.96124794336,-3.3918479433632456,4,2,3,-1.0,0.0,-1.0,True,,5.4e-06
42.0,+,34,47253.7794,2,3,-1.0,0.0,-1.0,1.0,47257.09493810801,-3.3155381080141524,102,2,3,1.0,0.0,1.0,True,,5.4e-06
42.0,-,5,47996.9494,2,4,-1.0,0.0,-1.0,1.0,48002.032832230376,-5.083432230378094,5,2,4,-1.0,0.0,-1.0,True,,5.4e-06
42.0,+,35,47996.5994,2,4,-1.0,0.0,-1.0,1.0,48002.16437083331,-5.564970833307598,105,2,4,1.0,0.0,1.0,True,,5.4e-06
42.0,-,6,48726.8194,2,5,-1.0,0.0,-1.0,1.0,48735.52875363011,-8.709353630110854,6,2,5,-1.0,0.0,-1.0,True,,5.4e-06
42.0,+,36,48727.0294,2,5,-1.0,0.0,-1.0,1.0,48735.65806172535,-8.628661725349957,106,2,5,1.0,0.0,1.0,True,,5.4e-06
42.0,-,7,49442.6894,2,6,-1.0,0.0,-1.0,1.0,49457.02322195459,-14.333821954583982,7,2,6,-1.0,0.0,-1.0,True,,5.4e-06
42.0,+,37,49442.9694,2,6,-1.0,0.0,-1.0,1.0,49457.15020136774,-14.180801367736422,107,2,6,1.0,0.0,1.0,True,,5.4e-06
43.0,+,1,44993.0194,2,0,-1.0,0.0,-1.0,1.0,44997.75939212186,-4.7399921218602685,1,2,0,1.0,0.0,1.0,True,,5.4e-06
43.0,-,31,44993.1794,2,0,-1.0,0.0,-1.0,1.0,44997.90557947455,-4.726179474550008,90,2,0,-1.0,0.0,-1.0,True,,5.4e-06
43.0,+,2,45774.4994,2,1,-1.0,0.0,-1.0,1.0,45777.91376167351,-3.41436167350912,2,2,1,1.0,0.0,1.0,True,,5.4e-06
43.0,-,32,45774.6194,2,1,-1.0,0.0,-1.0,1.0,45778.05796346575,-3.4385634657446644,94,2,1,-1.0,0.0,-1.0,True,,5.4e-06
43.0,+,3,46543.3694,2,2,-1.0,0.0,-1.0,1.0,46545.76667802166,-2.3972780216572573,3,2,2,1.0,0.0,1.0,True,,5.4e-06
43.0,-,33,46543.5094,2,2,-1.0,0.0,-1.0,1.0,46545.9087831846,-2.399383184594626,98,2,2,-1.0,0.0,-1.0,True,,5.4e-06
43.0,+,4,47299.4394,2,3,-1.0,0.0,-1.0,1.0,47301.871492022525,-2.4320920225218288,4,2,3,1.0,0.0,1.0,True,,5.4e-06
43.0,-,34,47299.5994,2,3,-1.0,0.0,-1.0,1.0,47302.011418844,-2.412018843999249,102,2,3,-1.0,0.0,-1.0,True,,5.4e-06
43.0,+,5,48042.3494,2,4,-1.0,0.0,-1.0,1.0,48046.47630701332,-4.126907013320306,5,2,4,1.0,0.0,1.0,True,,5.4e-06
43.0,-,35,48042.6694,2,4,-1.0,0.0,-1.0,1.0,48046.61398139272,-3.944581392723194,105,2,4,-1.0,0.0,-1.0,True,,5.4e-06
43.0,+,6,48771.6794,2,5,-1.0,0.0,-1.0,1.0,48779.49404729199,-7.8146472919906955,6,2,5,1.0,0.0,1.0,True,,5.4e-06
43.0,-,36,48771.8594,2,5,-1.0,0.0,-1.0,1.0,48779.62938622612,-7.769986226121546,106,2,5,-1.0,0.0,-1.0,True,,5.4e-06
43.0,+,7,49487.0594,2,6,-1.0,0.0,-1.0,1.0,49500.495667163756,-13.436267163757293,7,2,6,1.0,0.0,1.0,True,,5.4e-06
43.0,-,37,49487.2894,2,6,-1.0,0.0,-1.0,1.0,49500.628567232525,-13.339167232523323,107,2,6,-1.0,0.0,-1.0,True,,5.4e-06
44.0,-,1,45041.3594,2,0,-1.0,0.0,-1.0,1.0,45045.06322068933,-3.703820689326676,1,2,0,-1.0,0.0,-1.0,True,,5.4e-06
44.0,+,31,45041.5794,2,0,-1.0,0.0,-1.0,1.0,45045.216065993605,-3.6366659936029464,91,2,0,1.0,0.0,1.0,True,,5.4e-06
44.0,-,2,45822.3494,2,1,-1.0,0.0,-1.0,1.0,45824.7764454771,-2.4270454771030927,2,2,1,-1.0,0.0,-1.0,True,,5.4e-06
44.0,+,32,45822.5594,2,1,-1.0,0.0,-1.0,1.0,45824.92721291355,-2.367812913551461,94,2,1,1.0,0.0,1.0,True,,5.4e-06
44.0,-,3,46590.7294,2,2,-1.0,0.0,-1.0,1.0,46592.17308912805,-1.443689128056576,3,2,2,-1.0,0.0,-1.0,True,,5.4e-06
44.0,+,33,46590.9394,2,2,-1.0,0.0,-1.0,1.0,46592.32166352008,-1.3822635200776858,98,2,2,1.0,0.0,1.0,True,,5.4e-06
44.0,-,4,47346.3194,2,3,-1.0,0.0,-1.0,1.0,47347.81047274592,-1.4910727459209738,4,2,3,-1.0,0.0,-1.0,True,,5.4e-06
44.0,+,34,47346.5394,2,3,-1.0,0.0,-1.0,1.0,47347.95676910012,-1.4173691001196858,102,2,3,1.0,0.0,1.0,True,,5.4e-06
44.0,-,5,48088.7094,2,4,-1.0,0.0,-1.0,1.0,48091.93763538408,-3.228235384078289,5,2,4,-1.0,0.0,-1.0,True,,5.4e-06
44.0,+,35,48089.0294,2,4,-1.0,0.0,-1.0,1.0,48092.0815762057,-3.05217620570329,105,2,4,1.0,0.0,1.0,True,,5.4e-06
44.0,-,6,48817.5394,2,5,-1.0,0.0,-1.0,1.0,48824.46599084497,-6.926590844966995,6,2,5,-1.0,0.0,-1.0,True,,5.4e-06
44.0,+,36,48817.7794,2,5,-1.0,0.0,-1.0,1.0,48824.607488949034,-6.8280889490342815,106,2,5,1.0,0.0,1.0,True,,5.4e-06
44.0,-,7,49532.3894,2,6,-1.0,0.0,-1.0,1.0,49544.96312236775,-12.573722367749724,7,2,6,-1.0,0.0,-1.0,True,,5.4e-06
44.0,+,37,49532.6894,2,6,-1.0,0.0,-1.0,1.0,49545.10206891025,-12.412668910248613,107,2,6,1.0,0.0,1.0,True,,5.4e-06
45.0,+,1,45090.8194,2,0,-1.0,0.0,-1.0,1.0,45093.42596755927,-2.606567559269024,1,2,0,1.0,0.0,1.0,True,,5.4e-06
45.0,-,31,45090.9994,2,0,-1.0,0.0,-1.0,1.0,45093.585609188194,-2.5862091881936067,91,2,0,-1.0,0.0,-1.0,True,,5.4e-06
45.0,+,2,45871.3194,2,1,-1.0,0.0,-1.0,1.0,45872.68785606112,-1.368456061121833,2,2,1,1.0,0.0,1.0,True,,5.4e-06
45.0,-,32,45871.4994,2,1,-1.0,0.0,-1.0,1.0,45872.84532541049,-1.3459254104891443,94,2,1,-1.0,0.0,-1.0,True,,5.4e-06
45.0,+,3,46639.1994,2,2,-1.0,0.0,-1.0,1.0,46639.61779298116,-0.41839298116246937,3,2,2,1.0,0.0,1.0,True,,5.4e-06
45.0,-,33,46639.3794,2,2,-1.0,0.0,-1.0,1.0,46639.77297077101,-0.3935707710115821,98,2,2,-1.0,0.0,-1.0,True,,5.4e-06
45.0,+,4,47394.2794,2,3,-1.0,0.0,-1.0,1.0,47394.777102514345,-0.497702514345292,4,2,3,1.0,0.0,1.0,True,,5.4e-06
45.0,-,34,47394.4594,2,3,-1.0,0.0,-1.0,1.0,47394.92990044181,-0.47050044181378325,102,2,3,-1.0,0.0,-1.0,True,,5.4e-06
45.0,+,5,48136.1494,2,4,-1.0,0.0,-1.0,1.0,48138.41572641218,-2.266326412180206,5,2,4,1.0,0.0,1.0,True,,5.4e-06
45.0,-,35,48136.3994,2,4,-1.0,0.0,-1.0,1.0,48138.566063515005,-2.1666635150031652,105,2,4,-1.0,0.0,-1.0,True,,5.4e-06
45.0,+,6,48864.4594,2,5,-1.0,0.0,-1.0,1.0,48870.44348576787,-5.984085767871875,6,2,5,1.0,0.0,1.0,True,,5.4e-06
45.0,-,36,48864.6394,2,5,-1.0,0.0,-1.0,1.0,48870.59127055125,-5.951870551252796,106,2,5,-1.0,0.0,-1.0,True,,5.4e-06
45.0,+,7,49578.7594,2,6,-1.0,0.0,-1.0,1.0,49590.42447429267,-11.66507429266494,7,2,6,1.0,0.0,1.0,True,,5.4e-06
45.0,-,37,49579.0194,2,6,-1.0,0.0,-1.0,1.0,49590.569592305816,-11.5501923058182,107,2,6,-1.0,0.0,-1.0,True,,5.4e-06
46.0,-,1,45141.3194,2,0,-1.0,0.0,-1.0,1.0,45142.84654043846,-1.5271404384620837,1,2,0,-1.0,0.0,-1.0,True,,5.4e-06
46.0,+,31,45141.5594,2,0,-1.0,0.0,-1.0,1.0,45143.013115901165,-1.4537159011670155,91,2,0,1.0,0.0,1.0,True,,5.4e-06
46.0,-,2,45921.3094,2,1,-1.0,0.0,-1.0,1.0,45921.64688853204,-0.33748853204451734,2,2,1,-1.0,0.0,-1.0,True,,5.4e-06
46.0,+,32,45921.5394,2,1,-1.0,0.0,-1.0,1.0,45921.811195197064,-0.2717951970626018,95,2,1,1.0,0.0,1.0,True,,5.4e-06
46.0,-,3,46688.6894,2,2,-1.0,0.0,-1.0,1.0,46688.09967919179,0.5897208082096768,3,2,2,-1.0,0.0,-1.0,True,,5.4e-06
46.0,+,33,46688.9194,2,2,-1.0,0.0,-1.0,1.0,46688.261593686606,0.657806313392939,98,2,2,1.0,0.0,1.0,True,,5.4e-06
46.0,-,4,47443.2394,2,3,-1.0,0.0,-1.0,1.0,47442.77026835931,0.46913164068973856,4,2,3,-1.0,0.0,-1.0,True,,5.4e-06
46.0,+,34,47443.4894,2,3,-1.0,0.0,-1.0,1.0,47442.92969904796,0.5597009520352003,102,2,3,1.0,0.0,1.0,True,,5.4e-06
46.0,-,5,48184.5894,2,4,-1.0,0.0,-1.0,1.0,48185.90946355355,-1.3200635535540641,5,2,4,-1.0,0.0,-1.0,True,,5.4e-06
46.0,+,35,48184.8694,2,4,-1.0,0.0,-1.0,1.0,48186.06632593035,-1.1969259303441504,105,2,4,1.0,0.0,1.0,True,,5.4e-06
46.0,-,6,48912.3594,2,5,-1.0,0.0,-1.0,1.0,48917.42540752761,-5.066007527610054,6,2,5,-1.0,0.0,-1.0,True,,5.4e-06
46.0,+,36,48912.5894,2,5,-1.0,0.0,-1.0,1.0,48917.57960565901,-4.990205659014464,106,2,5,1.0,0.0,1.0,True,,5.4e-06
46.0,-,7,49626.0894,2,6,-1.0,0.0,-1.0,1.0,49636.87858301826,-10.78918301826343,7,2,6,-1.0,0.0,-1.0,True,,5.4e-06
46.0,+,37,49626.4694,2,6,-1.0,0.0,-1.0,1.0,49637.02999665911,-10.56059665911016,107,2,6,1.0,0.0,1.0,True,,5.4e-06
47.0,+,1,45192.9394,2,0,-1.0,0.0,-1.0,1.0,45193.32382249761,-0.3844224976055557,1,2,0,1.0,0.0,1.0,True,,5.4e-06
47.0,-,31,45193.1494,2,0,-1.0,0.0,-1.0,1.0,45193.49746842054,-0.3480684205351281,91,2,0,-1.0,0.0,-1.0,True,,5.4e-06
47.0,+,2,45972.4294,2,1,-1.0,0.0,-1.0,1.0,45971.65241303021,0.7769869697876857,2,2,1,1.0,0.0,1.0,True,,5.4e-06
47.0,-,32,45972.6194,2,1,-1.0,0.0,-1.0,1.0,45971.823691529025,0.7957084709778428,95,2,1,-1.0,0.0,-1.0,True,,5.4e-06
47.0,+,3,46739.2694,2,2,-1.0,0.0,-1.0,1.0,46737.617612154325,1.6517878456725157,3,2,2,1.0,0.0,1.0,True,,5.4e-06
47.0,-,33,46739.4594,2,2,-1.0,0.0,-1.0,1.0,46737.786395782474,1.673004217525886,99,2,2,-1.0,0.0,-1.0,True,,5.4e-06
47.0,+,4,47493.2794,2,3,-1.0,0.0,-1.0,1.0,47491.78883189926,1.4905681007367093,4,2,3,1.0,0.0,1.0,True,,5.4e-06
47.0,-,34,47493.4894,2,3,-1.0,0.0,-1.0,1.0,47491.95502566449,1.5343743355115294,103,2,3,-1.0,0.0,-1.0,True,,5.4e-06
47.0,+,5,48234.1194,2,4,-1.0,0.0,-1.0,1.0,48234.41770459174,-0.2983045917353593,5,2,4,1.0,0.0,1.0,True,,5.4e-06
47.0,-,35,48234.3494,2,4,-1.0,0.0,-1.0,1.0,48234.581220371365,-0.23182037136575673,105,2,4,-1.0,0.0,-1.0,True,,5.4e-06
47.0,+,6,48961.3194,2,5,-1.0,0.0,-1.0,1.0,48965.41060550403,-4.091205504031677,6,2,5,1.0,0.0,1.0,True,,5.4e-06
47.0,-,36,48961.5094,2,5,-1.0,0.0,-1.0,1.0,48965.571342792595,-4.061942792592163,106,2,5,-1.0,0.0,-1.0,True,,5.4e-06
48.0,-,1,45245.5994,2,0,-1.0,0.0,-1.0,1.0,45244.85667235266,0.742727647339052,1,2,0,-1.0,0.0,-1.0,True,,5.4e-06
48.0,+,31,45245.8494,2,0,-1.0,0.0,-1.0,1.0,45245.03752446191,0.8118755380855873,91,2,0,1.0,0.0,1.0,True,,5.4e-06
48.0,-,2,46024.5594,2,1,-1.0,0.0,-1.0,1.0,46022.70327470216,1.8561252978397533,2,2,1,-1.0,0.0,-1.0,True,,5.4e-06
48.0,+,32,46024.7894,2,1,-1.0,0.0,-1.0,1.0,46022.881658650316,1.9077413496852387,95,2,1,1.0,0.0,1.0,True,,5.4e-06
48.0,-,3,46790.8794,2,2,-1.0,0.0,-1.0,1.0,46788.17043101174,2.708968988255947,3,2,2,-1.0,0.0,-1.0,True,,5.4e-06
48.0,+,33,46791.0894,2,2,-1.0,0.0,-1.0,1.0,46788.346215302714,2.743184697283141,99,2,2,1.0,0.0,1.0,True,,5.4e-06
48.0,-,4,47544.3494,2,3,-1.0,0.0,-1.0,1.0,47541.83162929351,2.517770706486772,4,2,3,-1.0,0.0,-1.0,True,,5.4e-06
48.0,+,34,47544.5794,2,3,-1.0,0.0,-1.0,1.0,47542.00471556058,2.574684439423436,103,2,3,1.0,0.0,1.0,True,,5.4e-06
48.0,-,5,48284.5994,2,4,-1.0,0.0,-1.0,1.0,48283.939281579784,0.66011842021544,5,2,4,-1.0,0.0,-1.0,True,,5.4e-06
48.0,+,35,48284.8794,2,4,-1.0,0.0,-1.0,1.0,48284.109578008065,0.7698219919329858,105,2,4,1.0,0.0,1.0,True,,5.4e-06
48.0,-,6,49011.2594,2,5,-1.0,0.0,-1.0,1.0,49014.39790291229,-3.138502912290278,6,2,5,-1.0,0.0,-1.0,True,,5.4e-06
48.0,+,36,49011.5194,2,5,-1.0,0.0,-1.0,1.0,49014.56530428945,-3.0459042894508457,106,2,5,1.0,0.0,1.0,True,,5.4e-06
48.0,-,7,49723.8694,2,6,-1.0,0.0,-1.0,1.0,49732.76037736589,-8.89097736588883,7,2,6,-1.0,0.0,-1.0,True,,5.4e-06
48.0,+,37,49724.2094,2,6,-1.0,0.0,-1.0,1.0,49732.9247512772,-8.715351277198351,107,2,6,1.0,0.0,1.0,True,,5.4e-06
49.0,+,1,45299.3794,2,0,-1.0,0.0,-1.0,1.0,45297.44392404491,1.9354759550915333,1,2,0,1.0,0.0,1.0,True,,5.4e-06
49.0,-,31,45299.5994,2,0,-1.0,0.0,-1.0,1.0,45297.632117147594,1.967282852405333,91,2,0,-1.0,0.0,-1.0,True,,5.4e-06
49.0,+,2,46077.7894,2,1,-1.0,0.0,-1.0,1.0,46074.79829367231,2.9911063276886125,2,2,1,1.0,0.0,1.0,True,,5.4e-06
49.0,-,32,46077.9994,2,1,-1.0,0.0,-1.0,1.0,46074.98391576403,3.0154842359697795,95,2,1,-1.0,0.0,-1.0,True,,5.4e-06
49.0,+,3,46843.5594,2,2,-1.0,0.0,-1.0,1.0,46839.75694961857,3.80245038143039,3,2,2,1.0,0.0,1.0,True,,5.4e-06
49.0,-,33,46843.7594,2,2,-1.0,0.0,-1.0,1.0,46839.93986518572,3.819534814283543,99,2,2,-1.0,0.0,-1.0,True,,5.4e-06
49.0,+,4,47596.4694,2,3,-1.0,0.0,-1.0,1.0,47592.89747119545,3.571928804551135,4,2,3,1.0,0.0,1.0,True,,5.4e-06
49.0,-,34,47596.6694,2,3,-1.0,0.0,-1.0,1.0,47593.07757848095,3.591821519046789,103,2,3,-1.0,0.0,-1.0,True,,5.4e-06
49.0,+,5,48336.1694,2,4,-1.0,0.0,-1.0,1.0,48334.47300077872,1.6963992212768062,5,2,4,1.0,0.0,1.0,True,,5.4e-06
49.0,-,35,48336.4194,2,4,-1.0,0.0,-1.0,1.0,48334.65020420046,1.769195799541194,105,2,4,-1.0,0.0,-1.0,True,,5.4e-06
49.0,+,6,49062.2594,2,5,-1.0,0.0,-1.0,1.0,49064.38609672278,-2.1266967227784335,6,2,5,1.0,0.0,1.0,True,,5.4e-06
49.0,-,36,49062.4894,2,5,-1.0,0.0,-1.0,1.0,49064.56028622294,-2.0708862229439546,106,2,5,-1.0,0.0,-1.0,True,,5.4e-06
49.0,+,7,49774.2894,2,6,-1.0,0.0,-1.0,1.0,49782.18564901371,-7.896249013705528,7,2,6,1.0,0.0,1.0,True,,5.4e-06
49.0,-,37,49774.6294,2,6,-1.0,0.0,-1.0,1.0,49782.35668579257,-7.72728579257091,107,2,6,-1.0,0.0,-1.0,True,,5.4e-06
50.0,-,1,45354.1794,2,0,-1.0,0.0,-1.0,1.0,45351.08438702071,3.095012979290914,1,2,0,-1.0,0.0,-1.0,True,,5.4e-06
50.0,+,31,45354.4594,2,0,-1.0,0.0,-1.0,1.0,45351.28005498689,3.1793450131081045,91,2,0,1.0,0.0,1.0,True,,5.4e-06
50.0,-,2,46132.0594,2,1,-1.0,0.0,-1.0,1.0,46127.936265014716,4.123134985282377,2,2,1,-1.0,0.0,-1.0,True,,5.4e-06
50.0,+,32,46132.3094,2,1,-1.0,0.0,-1.0,1.0,46128.12925700498,4.180142995021015,95,2,1,1.0,0.0,1.0,True,,5.4e-06
50.0,-,3,46897.2694,2,2,-1.0,0.0,-1.0,1.0,46892.37595650419,4.893443495806423,3,2,2,-1.0,0.0,-1.0,True,,5.4e-06
50.0,+,33,46897.5194,2,2,-1.0,0.0,-1.0,1.0,46892.56613302609,4.953266973905556,99,2,2,1.0,0.0,1.0,True,,5.4e-06
50.0,-,4,47649.7444,2,3,-1.0,0.0,-1.0,2.0,47644.98514270504,4.759257294965209,4,2,3,-1.0,0.0,-1.0,True,,1.1e-05
50.0,-,5,48388.7494,2,4,-1.0,0.0,-1.0,1.0,48386.01764259554,2.731757404457312,5,2,4,-1.0,0.0,-1.0,True,,5.4e-06
50.0,+,35,48389.0194,2,4,-1.0,0.0,-1.0,1.0,48386.201878435575,2.81752156442235,105,2,4,1.0,0.0,1.0,True,,5.4e-06
50.0,-,6,49114.2494,2,5,-1.0,0.0,-1.0,1.0,49115.373957579366,-1.1245575793655007,6,2,5,-1.0,0.0,-1.0,True,,5.4e-06
50.0,+,36,49114.4894,2,5,-1.0,0.0,-1.0,1.0,49115.555058321734,-1.0656583217351,106,2,5,1.0,0.0,1.0,True,,5.4e-06
50.0,-,7,49825.6694,2,6,-1.0,0.0,-1.0,1.0,49832.598849300295,-6.929449300296255,7,2,6,-1.0,0.0,-1.0,True,,5.4e-06
50.0,+,37,49826.0494,2,6,-1.0,0.0,-1.0,1.0,49832.776669553285,-6.727269553281076,107,2,6,1.0,0.0,1.0,True,,5.4e-06
51.0,+,1,45410.1094,2,0,-1.0,0.0,-1.0,1.0,45405.77684611018,4.332553889820701,1,2,0,1.0,0.0,1.0,True,,5.4e-06
51.0,-,31,45410.3494,2,0,-1.0,0.0,-1.0,1.0,45405.980121855064,4.369278144935379,91,2,0,-1.0,0.0,-1.0,True,,5.4e-06
51.0,+,2,46187.4194,2,1,-1.0,0.0,-1.0,1.0,46182.11595872387,5.30344127612625,2,2,1,1.0,0.0,1.0,True,,5.4e-06
51.0,-,32,46187.6394,2,1,-1.0,0.0,-1.0,1.0,46182.31645140994,5.322948590059241,95,2,1,-1.0,0.0,-1.0,True,,5.4e-06
51.0,+,3,46952.0594,2,2,-1.0,0.0,-1.0,1.0,46946.026214834725,6.033185165273608,3,2,2,1.0,0.0,1.0,True,,5.4e-06
51.0,-,33,46952.2594,2,2,-1.0,0.0,-1.0,1.0,46946.223781037006,6.035618962996523,99,2,2,-1.0,0.0,-1.0,True,,5.4e-06
51.0,+,4,47703.8094,2,3,-1.0,0.0,-1.0,1.0,47698.09340331976,5.715996680235548,4,2,3,1.0,0.0,1.0,True,,5.4e-06
51.0,-,34,47704.0794,2,3,-1.0,0.0,-1.0,1.0,47698.28793446537,5.791465534632152,103,2,3,-1.0,0.0,-1.0,True,,5.4e-06
51.0,+,5,48442.3294,2,4,-1.0,0.0,-1.0,1.0,48438.57196151863,3.7574384813706274,5,2,4,1.0,0.0,1.0,True,,5.4e-06
51.0,-,35,48442.6394,2,4,-1.0,0.0,-1.0,1.0,48438.763354263734,3.876045736265951,105,2,4,-1.0,0.0,-1.0,True,,5.4e-06
51.0,+,6,49167.2694,2,5,-1.0,0.0,-1.0,1.0,49167.36022971447,-0.09082971447060117,6,2,5,1.0,0.0,1.0,True,,5.4e-06
51.0,-,36,49167.5094,2,5,-1.0,0.0,-1.0,1.0,49167.5483638842,-0.03896388419525465,106,2,5,-1.0,0.0,-1.0,True,,5.4e-06
51.0,+,7,49878.1094,2,6,-1.0,0.0,-1.0,1.0,49883.99870353107,-5.889303531068435,7,2,6,1.0,0.0,1.0,True,,5.4e-06
51.0,-,37,49878.4094,2,6,-1.0,0.0,-1.0,1.0,49884.183426929296,-5.774026929298998,107,2,6,-1.0,0.0,-1.0,True,,5.4e-06
52.0,-,1,45467.0894,2,0,-1.0,0.0,-1.0,1.0,45461.5200615062,5.569338493798568,1,2,0,-1.0,0.0,-1.0,True,,5.4e-06
52.0,+,31,45467.3594,2,0,-1.0,0.0,-1.0,1.0,45461.73107697209,5.628323027907754,91,2,0,1.0,0.0,1.0,True,,5.4e-06
52.0,-,2,46243.7994,2,1,-1.0,0.0,-1.0,1.0,46237.33611968394,6.463280316063901,2,2,1,-1.0,0.0,-1.0,True,,5.4e-06
52.0,+,32,46244.0494,2,1,-1.0,0.0,-1.0,1.0,46237.54424288733,6.505157112675079,95,2,1,1.0,0.0,1.0,True,,5.4e-06
52.0,-,3,47007.8794,2,2,-1.0,0.0,-1.0,1.0,47000.70646237493,7.17293762506597,3,2,2,-1.0,0.0,-1.0,True,,5.4e-06
52.0,+,33,47008.0994,2,2,-1.0,0.0,-1.0,1.0,47000.91154601147,7.187853988529241,99,2,2,1.0,0.0,1.0,True,,5.4e-06
52.0,-,4,47759.0694,2,3,-1.0,0.0,-1.0,1.0,47752.22098688446,6.848413115541916,4,2,3,-1.0,0.0,-1.0,True,,5.4e-06
52.0,+,34,47759.3194,2,3,-1.0,0.0,-1.0,1.0,47752.42291896239,6.89648103761283,103,2,3,1.0,0.0,1.0,True,,5.4e-06
52.0,-,5,48496.9994,2,4,-1.0,0.0,-1.0,1.0,48492.134686052275,4.8647139477252495,5,2,4,-1.0,0.0,-1.0,True,,5.4e-06
52.0,+,35,48491.2594,2,4,-1.0,0.0,-1.0,1.0,48492.33335923278,-1.0739592327809078,105,2,4,1.0,0.0,1.0,True,,5.4e-06
52.0,-,6,49221.2794,2,5,-1.0,0.0,-1.0,1.0,49220.343630862524,0.9357691374752903,6,2,5,-1.0,0.0,-1.0,True,,5.4e-06
52.0,+,36,49221.5594,2,5,-1.0,0.0,-1.0,1.0,49220.53891969194,1.020480308055994,106,2,5,1.0,0.0,1.0,True,,5.4e-06
52.0,-,7,49931.4694,2,6,-1.0,0.0,-1.0,1.0,49936.38390972441,-4.914509724410891,7,2,6,-1.0,0.0,-1.0,True,,5.4e-06
53.0,+,1,45525.1594,2,0,-1.0,0.0,-1.0,1.0,45518.31276874159,6.846631258405978,1,2,0,1.0,0.0,1.0,True,,5.4e-06
53.0,-,31,45525.4094,2,0,-1.0,0.0,-1.0,1.0,45518.53165487993,6.877745120065811,91,2,0,-1.0,0.0,-1.0,True,,5.4e-06
53.0,+,2,46301.2594,2,1,-1.0,0.0,-1.0,1.0,46293.59546763909,7.66393236091244,2,2,1,1.0,0.0,1.0,True,,5.4e-06
53.0,-,32,46301.5494,2,1,-1.0,0.0,-1.0,1.0,46293.811350187476,7.738049812527606,95,2,1,-1.0,0.0,-1.0,True,,5.4e-06
53.0,+,3,47064.7694,2,2,-1.0,0.0,-1.0,1.0,47056.415411447655,8.353988552342344,3,2,2,1.0,0.0,1.0,True,,5.4e-06
53.0,-,33,47064.9894,2,2,-1.0,0.0,-1.0,1.0,47056.62813928332,8.36126071667968,99,2,2,-1.0,0.0,-1.0,True,,5.4e-06
53.0,+,4,47815.3294,2,3,-1.0,0.0,-1.0,1.0,47807.36660153986,7.962798460139311,4,2,3,1.0,0.0,1.0,True,,5.4e-06
53.0,-,34,47815.6094,2,3,-1.0,0.0,-1.0,1.0,47807.57605924858,8.033340751419018,103,2,3,-1.0,0.0,-1.0,True,,5.4e-06
53.0,+,5,48552.6594,2,4,-1.0,0.0,-1.0,1.0,48546.704518649465,5.95488135053165,5,2,4,1.0,0.0,1.0,True,,5.4e-06
53.0,-,35,48552.9494,2,4,-1.0,0.0,-1.0,1.0,48546.91059482041,6.038805179588962,105,2,4,-1.0,0.0,-1.0,True,,5.4e-06
53.0,+,6,49276.3594,2,5,-1.0,0.0,-1.0,1.0,49274.322852169644,2.036547830357449,6,2,5,1.0,0.0,1.0,True,,5.4e-06
53.0,-,36,49276.6294,2,5,-1.0,0.0,-1.0,1.0,49274.525415919416,2.1039840805824497,106,2,5,-1.0,0.0,-1.0,True,,5.4e-06
53.0,+,7,49985.8894,2,6,-1.0,0.0,-1.0,1.0,49989.7531384929,-3.8637384929024847,7,2,6,1.0,0.0,1.0,True,,5.4e-06
53.0,-,37,49986.2594,2,6,-1.0,0.0,-1.0,1.0,49989.95202335765,-3.6926233576450613,107,2,6,-1.0,0.0,-1.0,True,,5.4e-06
54.0,-,1,45584.2794,2,0,-1.0,0.0,-1.0,1.0,45576.15367866608,8.1257213339195,1,2,0,-1.0,0.0,-1.0,True,,5.4e-06
54.0,+,31,45584.5594,2,0,-1.0,0.0,-1.0,1.0,45576.380565419764,8.178834580234252,92,2,0,1.0,0.0,1.0,True,,5.4e-06
54.0,-,2,46359.8094,2,1,-1.0,0.0,-1.0,1.0,46350.89269716166,8.916702838338097,2,2,1,-1.0,0.0,-1.0,True,,5.4e-06
54.0,+,32,46360.1094,2,1,-1.0,0.0,-1.0,1.0,46351.116466870335,8.992933129666199,95,2,1,1.0,0.0,1.0,True,,5.4e-06
54.0,-,3,47122.6994,2,2,-1.0,0.0,-1.0,1.0,47113.15174889433,9.547651105669502,3,2,2,-1.0,0.0,-1.0,True,,5.4e-06
54.0,+,33,47122.9394,2,2,-1.0,0.0,-1.0,1.0,47113.37224668626,9.567153313742892,99,2,2,1.0,0.0,1.0,True,,5.4e-06
54.0,-,4,47872.6794,2,3,-1.0,0.0,-1.0,1.0,47863.52892967094,9.150470329062955,4,2,3,-1.0,0.0,-1.0,True,,5.4e-06
54.0,+,34,47872.9294,2,3,-1.0,0.0,-1.0,1.0,47863.746036708595,9.18336329140584,103,2,3,1.0,0.0,1.0,True,,5.4e-06
54.0,-,5,48609.3794,2,4,-1.0,0.0,-1.0,1.0,48602.28013564199,7.0992643580102595,5,2,4,-1.0,0.0,-1.0,True,,5.4e-06
54.0,+,35,48609.6394,2,4,-1.0,0.0,-1.0,1.0,48602.49373636522,7.145663634779339,105,2,4,1.0,0.0,1.0,True,,5.4e-06
54.0,-,6,49332.4194,2,5,-1.0,0.0,-1.0,1.0,49329.296558102185,3.122841897813487,6,2,5,-1.0,0.0,-1.0,True,,5.4e-06
54.0,+,36,49332.6794,2,5,-1.0,0.0,-1.0,1.0,49329.50651604306,3.1728839569404954,106,2,5,1.0,0.0,1.0,True,,5.4e-06
55.0,+,1,45644.4694,2,0,-1.0,0.0,-1.0,1.0,45635.04147742277,9.427922577233403,1,2,0,1.0,0.0,1.0,True,,5.4e-06
55.0,-,31,45644.7694,2,0,-1.0,0.0,-1.0,1.0,45635.276493708094,9.492906291903637,92,2,0,-1.0,0.0,-1.0,True,,5.4e-06
55.0,+,2,46419.4194,2,1,-1.0,0.0,-1.0,1.0,46409.226477619915,10.192922380083473,2,2,1,1.0,0.0,1.0,True,,5.4e-06
55.0,-,32,46419.7094,2,1,-1.0,0.0,-1.0,1.0,46409.45826127493,10.251138725070632,96,2,1,-1.0,0.0,-1.0,True,,5.4e-06
55.0,+,3,47181.6494,2,2,-1.0,0.0,-1.0,1.0,47170.91413603403,10.73526396597299,3,2,2,1.0,0.0,1.0,True,,5.4e-06
55.0,-,33,47181.9594,2,2,-1.0,0.0,-1.0,1.0,47171.14252851358,10.816871486422315,100,2,2,-1.0,0.0,-1.0,True,,5.4e-06
55.0,+,4,47931.0194,2,3,-1.0,0.0,-1.0,1.0,47920.70662785231,10.312772147684882,4,2,3,1.0,0.0,1.0,True,,5.4e-06
55.0,-,34,47931.3094,2,3,-1.0,0.0,-1.0,1.0,47920.93150689873,10.377893101271184,103,2,3,-1.0,0.0,-1.0,True,,5.4e-06
55.0,+,5,48667.0994,2,4,-1.0,0.0,-1.0,1.0,48658.86018716995,8.239212830048928,5,2,4,1.0,0.0,1.0,True,,5.4e-06
55.0,-,35,48667.3994,2,4,-1.0,0.0,-1.0,1.0,48659.08143299512,8.31796700488485,105,2,4,-1.0,0.0,-1.0,True,,5.4e-06
55.0,+,6,49389.4894,2,5,-1.0,0.0,-1.0,1.0,49385.26338635185,4.226013648149092,6,2,5,1.0,0.0,1.0,True,,5.4e-06
55.0,-,36,49389.7794,2,5,-1.0,0.0,-1.0,1.0,49385.48085674564,4.298543254357355,106,2,5,-1.0,0.0,-1.0,True,,5.4e-06
55.0,+,7,50097.7294,2,6,-1.0,0.0,-1.0,1.0,50099.438208435145,-1.708808435148967,7,2,6,1.0,0.0,1.0,True,,5.4e-06
55.0,-,37,50098.0994,2,6,-1.0,0.0,-1.0,1.0,50099.65172174808,-1.5523217480804306,107,2,6,-1.0,0.0,-1.0,True,,5.4e-06
56.0,-,1,45705.7594,2,0,-1.0,0.0,-1.0,1.0,45694.97482642335,10.784573576653202,1,2,0,-1.0,0.0,-1.0,True,,5.4e-06
56.0,+,31,45706.0494,2,0,-1.0,0.0,-1.0,1.0,45695.21810011272,10.83129988728615,92,2,0,1.0,0.0,1.0,True,,5.4e-06
56.0,-,2,46480.0594,2,1,-1.0,0.0,-1.0,1.0,46468.595453146234,11.463946853764355,2,2,1,-1.0,0.0,-1.0,True,,5.4e-06
56.0,+,32,46480.3694,2,1,-1.0,0.0,-1.0,1.0,46468.83537648548,11.53402351452678,96,2,1,1.0,0.0,1.0,True,,5.4e-06
56.0,-,3,47241.7094,2,2,-1.0,0.0,-1.0,1.0,47229.701208621125,12.008191378874471,3,2,2,-1.0,0.0,-1.0,True,,5.4e-06
56.0,+,33,47241.9594,2,2,-1.0,0.0,-1.0,1.0,47229.93761947567,12.021780524330097,100,2,2,1.0,0.0,1.0,True,,5.4e-06
56.0,-,4,47990.4394,2,3,-1.0,0.0,-1.0,1.0,47978.898326794486,11.541073205517023,4,2,3,-1.0,0.0,-1.0,True,,5.4e-06
56.0,+,34,47990.6994,2,3,-1.0,0.0,-1.0,1.0,47979.13109949315,11.568300506849482,103,2,3,1.0,0.0,1.0,True,,5.4e-06
56.0,-,5,48725.8494,2,4,-1.0,0.0,-1.0,1.0,48716.44329710844,9.406102891560295,5,2,4,-1.0,0.0,-1.0,True,,5.4e-06
56.0,+,35,48726.1494,2,4,-1.0,0.0,-1.0,1.0,48716.67230755588,9.477092444125446,105,2,4,1.0,0.0,1.0,True,,5.4e-06
56.0,-,6,49447.5894,2,5,-1.0,0.0,-1.0,1.0,49442.22194773765,5.367452262347797,6,2,5,-1.0,0.0,-1.0,True,,5.4e-06
56.0,+,36,49447.8694,2,5,-1.0,0.0,-1.0,1.0,49442.447047818634,5.422352181369206,106,2,5,1.0,0.0,1.0,True,,5.4e-06
56.0,-,7,50155.2294,2,6,-1.0,0.0,-1.0,1.0,50155.751252682065,-0.5218526820681291,7,2,6,-1.0,0.0,-1.0,True,,5.4e-06
57.0,+,1,45768.0794,2,0,-1.0,0.0,-1.0,1.0,45755.95236232308,12.127037676924374,1,2,0,1.0,0.0,1.0,True,,5.4e-06
57.0,-,31,45768.3894,2,0,-1.0,0.0,-1.0,1.0,45756.20402022687,12.18537977313099,92,2,0,-1.0,0.0,-1.0,True,,5.4e-06
57.0,+,2,46541.7794,2,1,-1.0,0.0,-1.0,1.0,46528.99824260338,12.781157396617346,2,2,1,1.0,0.0,1.0,True,,5.4e-06
57.0,-,32,46542.0994,2,1,-1.0,0.0,-1.0,1.0,46529.24643029922,12.852969700776157,96,2,1,-1.0,0.0,-1.0,True,,5.4e-06
57.0,+,3,47302.7794,2,2,-1.0,0.0,-1.0,1.0,47289.511576802484,13.2678231975151,3,2,2,1.0,0.0,1.0,True,,5.4e-06
57.0,-,33,47303.0594,2,2,-1.0,0.0,-1.0,1.0,47289.75612865842,13.303271341581421,100,2,2,-1.0,0.0,-1.0,True,,5.4e-06
57.0,+,4,48050.8294,2,3,-1.0,0.0,-1.0,1.0,48038.102631287176,12.726768712826015,4,2,3,1.0,0.0,1.0,True,,5.4e-06
57.0,-,34,48051.1394,2,3,-1.0,0.0,-1.0,1.0,48038.343418226905,12.795981773095264,103,2,3,-1.0,0.0,-1.0,True,,5.4e-06
57.0,+,5,48785.5994,2,4,-1.0,0.0,-1.0,1.0,48775.028062993326,10.571337006673275,5,2,4,1.0,0.0,1.0,True,,5.4e-06
57.0,-,35,48785.9194,2,4,-1.0,0.0,-1.0,1.0,48775.264956534214,10.654443465784425,104,2,4,-1.0,0.0,-1.0,True,,5.4e-06
57.0,+,6,49506.6594,2,5,-1.0,0.0,-1.0,1.0,49500.17082610671,6.48857389328623,6,2,5,1.0,0.0,1.0,True,,5.4e-06
57.0,-,36,49506.9694,2,5,-1.0,0.0,-1.0,1.0,49500.40367206258,6.565727937420888,106,2,5,-1.0,0.0,-1.0,True,,5.4e-06
57.0,+,7,50213.5894,2,6,-1.0,0.0,-1.0,1.0,50213.042725384854,0.5466746151432744,7,2,6,1.0,0.0,1.0,True,,5.4e-06
57.0,-,37,50213.8994,2,6,-1.0,0.0,-1.0,1.0,50213.27132595369,0.6280740463116672,107,2,6,-1.0,0.0,-1.0,True,,5.4e-06
58.0,-,1,45831.4994,2,0,-1.0,0.0,-1.0,1.0,45817.97269699443,13.526703005569289,1,2,0,-1.0,0.0,-1.0,True,,5.4e-06
58.0,+,31,45831.8094,2,0,-1.0,0.0,-1.0,1.0,45818.23286484394,13.576535156054888,92,2,0,1.0,0.0,1.0,True,,5.4e-06
58.0,-,2,46604.5494,2,1,-1.0,0.0,-1.0,1.0,46590.433439550434,14.115960449569684,2,2,1,-1.0,0.0,-1.0,True,,5.4e-06
58.0,+,32,46604.8494,2,1,-1.0,0.0,-1.0,1.0,46590.69001519155,14.15938480845216,96,2,1,1.0,0.0,1.0,True,,5.4e-06
58.0,-,3,47364.8794,2,2,-1.0,0.0,-1.0,1.0,47350.343825074844,14.535574925153924,3,2,2,-1.0,0.0,-1.0,True,,5.4e-06
58.0,+,33,47365.1894,2,2,-1.0,0.0,-1.0,1.0,47350.59663947846,14.592760521540185,100,2,2,1.0,0.0,1.0,True,,5.4e-06
58.0,-,4,48112.2994,2,3,-1.0,0.0,-1.0,1.0,48098.31812014279,13.981279857216578,4,2,3,-1.0,0.0,-1.0,True,,5.4e-06
58.0,+,34,48112.5994,2,3,-1.0,0.0,-1.0,1.0,48098.5670408394,14.032359160599299,103,2,3,1.0,0.0,1.0,True,,5.4e-06
58.0,-,5,48846.3794,2,4,-1.0,0.0,-1.0,1.0,48834.6130559444,11.766344055598893,5,2,4,-1.0,0.0,-1.0,True,,5.4e-06
58.0,+,35,48846.7294,2,4,-1.0,0.0,-1.0,1.0,48834.85794998338,11.871450016617018,104,2,4,1.0,0.0,1.0,True,,5.4e-06
58.0,-,6,49566.7594,2,5,-1.0,0.0,-1.0,1.0,49559.10857822991,7.6508217700902605,6,2,5,-1.0,0.0,-1.0,True,,5.4e-06
58.0,+,36,49567.0494,2,5,-1.0,0.0,-1.0,1.0,49559.34928518371,7.700114816296264,106,2,5,1.0,0.0,1.0,True,,5.4e-06
58.0,-,7,50272.9794,2,6,-1.0,0.0,-1.0,0.0,50271.31115821011,1.6682417898846325,7,2,6,-1.0,0.0,-1.0,True,,0.0
58.0,+,37,50273.2994,2,6,-1.0,0.0,-1.0,1.0,50271.54747182079,1.7519281792119727,107,2,6,1.0,0.0,1.0,True,,5.4e-06
59.0,+,1,45895.9194,2,0,-1.0,0.0,-1.0,1.0,45881.03441750045,14.884982499548641,1,2,0,1.0,0.0,1.0,True,,5.4e-06
59.0,-,31,45896.2794,2,0,-1.0,0.0,-1.0,1.0,45881.303219929876,14.976180070123519,92,2,0,-1.0,0.0,-1.0,True,,5.4e-06
59.0,+,2,46668.3194,2,1,-1.0,0.0,-1.0,1.0,46652.899612208275,15.419787791724957,2,2,1,1.0,0.0,1.0,True,,5.4e-06
59.0,-,32,46668.6894,2,1,-1.0,0.0,-1.0,1.0,46653.16469828253,15.524701717469725,96,2,1,-1.0,0.0,-1.0,True,,5.4e-06
59.0,+,3,47428.0294,2,2,-1.0,0.0,-1.0,1.0,47412.19651223923,15.832887760770973,3,2,2,1.0,0.0,1.0,True,,5.4e-06
59.0,-,33,47428.3594,2,2,-1.0,0.0,-1.0,1.0,47412.45770963954,15.901690360464272,100,2,2,-1.0,0.0,-1.0,True,,5.4e-06
59.0,+,4,48174.7594,2,3,-1.0,0.0,-1.0,1.0,48159.54334613727,15.216053862735862,4,2,3,1.0,0.0,1.0,True,,5.4e-06
59.0,-,34,48175.0994,2,3,-1.0,0.0,-1.0,1.0,48159.80051901623,15.298880983769777,103,2,3,-1.0,0.0,-1.0,True,,5.4e-06
59.0,+,5,48908.1894,2,4,-1.0,0.0,-1.0,1.0,48895.196820586716,12.992579413286876,5,2,4,1.0,0.0,1.0,True,,5.4e-06
59.0,-,35,48908.5394,2,4,-1.0,0.0,-1.0,1.0,48895.44983144349,13.08956855651195,104,2,4,-1.0,0.0,-1.0,True,,5.4e-06
59.0,+,6,49627.8494,2,5,-1.0,0.0,-1.0,1.0,49619.03373369721,8.815666302791215,6,2,5,1.0,0.0,1.0,True,,5.4e-06
59.0,-,36,49628.1694,2,5,-1.0,0.0,-1.0,1.0,49619.28241568785,8.886984312150162,106,2,5,-1.0,0.0,-1.0,True,,5.4e-06
59.0,+,7,50333.3894,2,6,-1.0,0.0,-1.0,0.0,50330.55505462357,2.834345376431884,7,2,6,1.0,0.0,1.0,True,,0.0
60.0,-,1,45961.4794,2,0,-1.0,0.0,-1.0,1.0,45945.136086066865,16.343313933131867,1,2,0,-1.0,0.0,-1.0,True,,5.4e-06
60.0,+,31,45961.8194,2,0,-1.0,0.0,-1.0,1.0,45945.413646596346,16.40575340365467,92,2,0,1.0,0.0,1.0,True,,5.4e-06
60.0,-,2,46733.2094,2,1,-1.0,0.0,-1.0,1.0,46716.39530342424,16.81409657576296,2,2,1,-1.0,0.0,-1.0,True,,5.4e-06
60.0,+,32,46733.5394,2,1,-1.0,0.0,-1.0,1.0,46716.66902130061,16.87037869939377,96,2,1,1.0,0.0,1.0,True,,5.4e-06
60.0,-,3,47492.2194,2,2,-1.0,0.0,-1.0,1.0,47475.06817135702,17.151228642978822,3,2,2,-1.0,0.0,-1.0,True,,5.4e-06
60.0,+,33,47492.5494,2,2,-1.0,0.0,-1.0,1.0,47475.33787108795,17.211528912055655,100,2,2,1.0,0.0,1.0,True,,5.4e-06
60.0,-,4,48238.2994,2,3,-1.0,0.0,-1.0,1.0,48221.77683595104,16.52256404896616,4,2,3,-1.0,0.0,-1.0,True,,5.4e-06
60.0,+,34,48238.6094,2,3,-1.0,0.0,-1.0,1.0,48222.042378329024,16.56702167097683,103,2,3,1.0,0.0,1.0,True,,5.4e-06
60.0,-,5,48971.0194,2,4,-1.0,0.0,-1.0,1.0,48956.77787497041,14.241525029588956,5,2,4,-1.0,0.0,-1.0,True,,5.4e-06
60.0,+,35,48971.3594,2,4,-1.0,0.0,-1.0,1.0,48957.03911786121,14.32028213878948,104,2,4,1.0,0.0,1.0,True,,5.4e-06
60.0,-,6,49689.9694,2,5,-1.0,0.0,-1.0,1.0,49679.94479480727,10.024605192731542,6,2,5,-1.0,0.0,-1.0,True,,5.4e-06
60.0,+,36,49690.3294,2,5,-1.0,0.0,-1.0,1.0,49680.201564771414,10.127835228588083,106,2,5,1.0,0.0,1.0,True,,5.4e-06
60.0,-,7,50394.7594,2,6,-1.0,0.0,-1.0,1.0,50390.772889743515,3.986510256487236,7,2,6,-1.0,0.0,-1.0,True,,5.4e-06
60.0,+,37,50395.1494,2,6,-1.0,0.0,-1.0,1.0,50391.024962819065,4.124437180937093,107,2,6,1.0,0.0,1.0,True,,5.4e-06
61.0,+,1,46028.0494,2,0,-1.0,0.0,-1.0,1.0,46010.27624005359,17.773159946416854,1,2,0,1.0,0.0,1.0,True,,5.4e-06
61.0,-,31,46028.4194,2,0,-1.0,0.0,-1.0,1.0,46010.56268107153,17.856718928465853,93,2,0,-1.0,0.0,-1.0,True,,5.4e-06
61.0,+,2,46799.1094,2,1,-1.0,0.0,-1.0,1.0,46780.91903063621,18.19036936379416,2,2,1,1.0,0.0,1.0,True,,5.4e-06
61.0,-,32,46799.4594,2,1,-1.0,0.0,-1.0,1.0,46781.20150054737,18.25789945262659,96,2,1,-1.0,0.0,-1.0,True,,5.4e-06
61.0,+,3,47557.4594,2,2,-1.0,0.0,-1.0,1.0,47538.95730970298,18.502090297020914,3,2,2,1.0,0.0,1.0,True,,5.4e-06
61.0,-,33,47557.8094,2,2,-1.0,0.0,-1.0,1.0,47539.2356299656,18.573770034396148,100,2,2,-1.0,0.0,-1.0,True,,5.4e-06
61.0,+,4,48302.8294,2,3,-1.0,0.0,-1.0,1.0,48285.01709010751,17.812309892491612,4,2,3,1.0,0.0,1.0,True,,5.4e-06
61.0,-,34,48303.1494,2,3,-1.0,0.0,-1.0,1.0,48285.29111817513,17.858281824868754,103,2,3,-1.0,0.0,-1.0,True,,5.4e-06
61.0,+,5,49034.8494,2,4,-1.0,0.0,-1.0,1.0,49019.35471048777,15.494689512226614,5,2,4,1.0,0.0,1.0,True,,5.4e-06
61.0,-,35,49035.1894,2,4,-1.0,0.0,-1.0,1.0,49019.6242995074,15.56510049260396,104,2,4,-1.0,0.0,-1.0,True,,5.4e-06
61.0,+,6,49753.0794,2,5,-1.0,0.0,-1.0,1.0,49741.84023645674,11.239163543265022,6,2,5,1.0,0.0,1.0,True,,5.4e-06
61.0,-,36,49753.4494,2,5,-1.0,0.0,-1.0,1.0,49742.10520620948,11.344193790515419,106,2,5,-1.0,0.0,-1.0,True,,5.4e-06
61.0,+,7,50457.1794,2,6,-1.0,0.0,-1.0,1.0,50451.96311018886,5.216289811141905,7,2,6,1.0,0.0,1.0,True,,5.4e-06
61.0,-,37,50457.4994,2,6,-1.0,0.0,-1.0,1.0,50452.223227449664,5.2761725503369235,107,2,6,-1.0,0.0,-1.0,True,,5.4e-06
62.0,-,1,46095.7094,2,0,-1.0,0.0,-1.0,1.0,46076.45339192513,19.25600807486626,1,2,0,-1.0,0.0,-1.0,True,,5.4e-06
62.0,+,31,46096.0694,2,0,-1.0,0.0,-1.0,1.0,46076.74883467116,19.32056532883871,93,2,0,1.0,0.0,1.0,True,,5.4e-06
62.0,-,2,46866.0794,2,1,-1.0,0.0,-1.0,1.0,46846.46928583545,19.610114164555853,2,2,1,-1.0,0.0,-1.0,True,,5.4e-06
62.0,+,32,46866.4694,2,1,-1.0,0.0,-1.0,1.0,46846.760626860334,19.708773139667755,97,2,1,1.0,0.0,1.0,True,,5.4e-06
62.0,-,3,47623.7194,2,2,-1.0,0.0,-1.0,1.0,47603.862408719055,19.856991280947113,3,2,2,-1.0,0.0,-1.0,True,,5.4e-06
62.0,+,33,47624.0694,2,2,-1.0,0.0,-1.0,1.0,47604.149466563926,19.919933436074643,101,2,2,1.0,0.0,1.0,True,,5.4e-06
62.0,-,4,48368.3794,2,3,-1.0,0.0,-1.0,1.0,48349.26258291134,19.116817088659445,4,2,3,-1.0,0.0,-1.0,True,,5.4e-06
62.0,+,34,48368.7394,2,3,-1.0,0.0,-1.0,1.0,48349.545211714365,19.194188285633572,103,2,3,1.0,0.0,1.0,True,,5.4e-06
62.0,-,5,49099.6894,2,4,-1.0,0.0,-1.0,1.0,49082.92579178901,16.763608210989332,5,2,4,-1.0,0.0,-1.0,True,,5.4e-06
62.0,+,35,49100.0494,2,4,-1.0,0.0,-1.0,1.0,49083.2038398925,16.845560107503843,104,2,4,1.0,0.0,1.0,True,,5.4e-06
62.0,-,6,49817.1994,2,5,-1.0,0.0,-1.0,1.0,49804.71850602357,12.48089397642616,6,2,5,-1.0,0.0,-1.0,True,,5.4e-06
62.0,+,36,49817.5694,2,5,-1.0,0.0,-1.0,1.0,49804.991786240455,12.577613759545784,106,2,5,1.0,0.0,1.0,True,,5.4e-06
63.0,+,1,46164.4194,2,0,-1.0,0.0,-1.0,1.0,46143.66602922055,20.75337077945005,1,2,0,1.0,0.0,1.0,True,,5.4e-06
63.0,-,31,46164.7794,2,0,-1.0,0.0,-1.0,1.0,46143.97059376826,20.808806231740164,93,2,0,-1.0,0.0,-1.0,True,,5.4e-06
63.0,+,2,46934.0894,2,1,-1.0,0.0,-1.0,1.0,46913.044535529465,21.044864470532048,2,2,1,1.0,0.0,1.0,True,,5.4e-06
63.0,-,32,46934.4594,2,1,-1.0,0.0,-1.0,1.0,46913.344865575586,21.11453442441416,97,2,1,-1.0,0.0,-1.0,True,,5.4e-06
63.0,+,3,47690.6394,2,2,-1.0,0.0,-1.0,1.0,47669.78192396637,20.85747603362688,3,2,2,1.0,0.0,1.0,True,,5.4e-06
63.0,-,33,47691.3994,2,2,-1.0,0.0,-1.0,1.0,47670.07783527585,21.321564724152267,101,2,2,-1.0,0.0,-1.0,True,,5.4e-06
63.0,+,4,48434.9694,2,3,-1.0,0.0,-1.0,1.0,48414.5117623845,20.45763761550188,4,2,3,1.0,0.0,1.0,True,,5.4e-06
63.0,-,34,48435.3394,2,3,-1.0,0.0,-1.0,1.0,48414.80310580666,20.53629419333447,103,2,3,-1.0,0.0,-1.0,True,,5.4e-06
63.0,+,5,49165.5094,2,4,-1.0,0.0,-1.0,1.0,49147.48955669515,18.01984330484993,5,2,4,1.0,0.0,1.0,True,,5.4e-06
63.0,-,35,49165.8994,2,4,-1.0,0.0,-1.0,1.0,49147.77617567978,18.123224320224836,104,2,4,-1.0,0.0,-1.0,True,,5.4e-06
63.0,+,6,49882.2894,2,5,-1.0,0.0,-1.0,1.0,49868.578023250106,13.711376749895862,6,2,5,1.0,0.0,1.0,True,,5.4e-06
63.0,-,36,49882.6494,2,5,-1.0,0.0,-1.0,1.0,49868.8597234473,13.789676552703895,106,2,5,-1.0,0.0,-1.0,True,,5.4e-06
64.0,-,1,46234.1494,2,0,-1.0,0.0,-1.0,1.0,46211.91261452158,22.23678547842428,1,2,0,-1.0,0.0,-1.0,True,,5.4e-06
64.0,+,31,46234.5694,2,0,-1.0,0.0,-1.0,1.0,46212.22641976127,22.342980238732707,93,2,0,1.0,0.0,1.0,True,,5.4e-06
64.0,-,2,47003.0994,2,1,-1.0,0.0,-1.0,1.0,46980.643220703656,22.45617929634318,2,2,1,-1.0,0.0,-1.0,True,,5.4e-06
64.0,+,32,47003.5094,2,1,-1.0,0.0,-1.0,1.0,46980.95265649007,22.55674350992922,97,2,1,1.0,0.0,1.0,True,,5.4e-06
64.0,-,3,47759.3394,2,2,-1.0,0.0,-1.0,1.0,47736.71428507644,22.625114923554065,3,2,2,-1.0,0.0,-1.0,True,,5.4e-06
64.0,+,33,47759.7294,2,2,-1.0,0.0,-1.0,1.0,47737.01916454716,22.710235452839697,101,2,2,1.0,0.0,1.0,True,,5.4e-06
64.0,-,4,48502.5694,2,3,-1.0,0.0,-1.0,1.0,48480.7630502012,21.806349798796873,4,2,3,-1.0,0.0,-1.0,True,,5.4e-06
64.0,+,34,48502.9494,2,3,-1.0,0.0,-1.0,1.0,48481.06322094636,21.886179053639353,103,2,3,1.0,0.0,1.0,True,,5.4e-06
64.0,-,5,49232.3694,2,4,-1.0,0.0,-1.0,1.0,49213.04441610947,19.324983890532167,5,2,4,-1.0,0.0,-1.0,True,,5.4e-06
64.0,+,35,49232.7594,2,4,-1.0,0.0,-1.0,1.0,49213.33971659606,19.419683403939416,104,2,4,1.0,0.0,1.0,True,,5.4e-06
64.0,-,6,49948.4094,2,5,-1.0,0.0,-1.0,1.0,49933.41718011981,14.992219880186894,6,2,5,-1.0,0.0,-1.0,True,,5.4e-06
64.0,+,36,49948.7494,2,5,-1.0,0.0,-1.0,1.0,49933.70740863625,15.041991363752459,106,2,5,1.0,0.0,1.0,True,,5.4e-06
65.0,+,1,46304.9794,2,0,-1.0,0.0,-1.0,1.0,46281.19158542113,23.787814578863617,1,2,0,1.0,0.0,1.0,True,,5.4e-06
65.0,-,31,46305.3594,2,0,-1.0,0.0,-1.0,1.0,46281.51474904295,23.844650957049453,93,2,0,-1.0,0.0,-1.0,True,,5.4e-06
65.0,+,2,47073.2094,2,1,-1.0,0.0,-1.0,1.0,47049.26375678208,23.945643217921315,2,2,1,1.0,0.0,1.0,True,,5.4e-06
65.0,-,32,47073.6094,2,1,-1.0,0.0,-1.0,1.0,47049.58241382226,24.02698617774149,97,2,1,-1.0,0.0,-1.0,True,,5.4e-06
65.0,+,3,47828.7194,2,2,-1.0,0.0,-1.0,1.0,47804.65789570213,24.061504297875217,3,2,2,1.0,0.0,1.0,True,,5.4e-06
65.0,-,33,47829.0994,2,2,-1.0,0.0,-1.0,1.0,47804.971856827935,24.12754317206418,101,2,2,-1.0,0.0,-1.0,True,,5.4e-06
65.0,+,4,48571.1994,2,3,-1.0,0.0,-1.0,1.0,48548.01484162185,23.184558378146903,4,2,3,1.0,0.0,1.0,True,,5.4e-06
65.0,-,34,48571.5594,2,3,-1.0,0.0,-1.0,1.0,48548.32395119598,23.23544880402187,103,2,3,-1.0,0.0,-1.0,True,,5.4e-06
65.0,+,5,49300.2394,2,4,-1.0,0.0,-1.0,1.0,49279.588753926,20.65064607399836,5,2,4,1.0,0.0,1.0,True,,5.4e-06
65.0,-,35,49300.6094,2,4,-1.0,0.0,-1.0,1.0,49279.892845341186,20.716554658814857,104,2,4,-1.0,0.0,-1.0,True,,5.4e-06
65.0,+,6,50015.4894,2,5,-1.0,0.0,-1.0,1.0,49999.23434073285,16.255059267146862,6,2,5,1.0,0.0,1.0,True,,5.4e-06
65.0,-,36,50015.8494,2,5,-1.0,0.0,-1.0,1.0,49999.53320471094,16.31619528905867,106,2,5,-1.0,0.0,-1.0,True,,5.4e-06
66.0,-,1,46376.8294,2,0,-1.0,0.0,-1.0,1.0,46351.501354489425,25.328045510577795,1,2,0,-1.0,0.0,-1.0,True,,5.4e-06
66.0,+,31,46377.2494,2,0,-1.0,0.0,-1.0,1.0,46351.83399296613,25.415407033869997,93,2,0,1.0,0.0,1.0,True,,5.4e-06
66.0,-,2,47144.3294,2,1,-1.0,0.0,-1.0,1.0,47118.90453358823,25.42486641176947,2,2,1,-1.0,0.0,-1.0,True,,5.4e-06
66.0,+,32,47144.7394,2,1,-1.0,0.0,-1.0,1.0,47119.232526172156,25.506873827842355,97,2,1,1.0,0.0,1.0,True,,5.4e-06
66.0,-,3,47899.0794,2,2,-1.0,0.0,-1.0,1.0,47873.611133466984,25.468266533018323,3,2,2,-1.0,0.0,-1.0,True,,5.4e-06
66.0,+,33,47899.5194,2,2,-1.0,0.0,-1.0,1.0,47873.93428852116,25.58511147883837,101,2,2,1.0,0.0,1.0,True,,5.4e-06
66.0,-,4,48640.8094,2,3,-1.0,0.0,-1.0,1.0,48616.26550542517,24.543894574824662,4,2,3,-1.0,0.0,-1.0,True,,5.4e-06
66.0,+,34,48641.2194,2,3,-1.0,0.0,-1.0,1.0,48616.5836641191,24.635735880903667,103,2,3,1.0,0.0,1.0,True,,5.4e-06
66.0,-,5,49369.0894,2,4,-1.0,0.0,-1.0,1.0,49347.12092693614,21.968473063854617,5,2,4,-1.0,0.0,-1.0,True,,5.4e-06
66.0,+,35,49369.5394,2,4,-1.0,0.0,-1.0,1.0,49347.433917494374,22.10548250562715,104,2,4,1.0,0.0,1.0,True,,5.4e-06
66.0,-,6,50083.5494,2,5,-1.0,0.0,-1.0,1.0,50066.02784117663,17.521558823376836,6,2,5,-1.0,0.0,-1.0,True,,5.4e-06
66.0,+,36,50083.9894,2,5,-1.0,0.0,-1.0,1.0,50066.335446543584,17.653953456414456,106,2,5,1.0,0.0,1.0,True,,5.4e-06
67.0,+,1,46449.7394,2,0,-1.0,0.0,-1.0,1.0,46422.84030923995,26.89909076004551,1,2,0,1.0,0.0,1.0,True,,5.4e-06
67.0,-,31,46450.1694,2,0,-1.0,0.0,-1.0,1.0,46423.182537810375,26.986862189623935,93,2,0,-1.0,0.0,-1.0,True,,5.4e-06
67.0,+,2,47216.5294,2,1,-1.0,0.0,-1.0,1.0,47189.56391530397,26.965484696032945,2,2,1,1.0,0.0,1.0,True,,5.4e-06
67.0,-,32,47216.9294,2,1,-1.0,0.0,-1.0,1.0,47189.901356481896,27.028043518104823,97,2,1,-1.0,0.0,-1.0,True,,5.4e-06
67.0,+,3,47970.5294,2,2,-1.0,0.0,-1.0,1.0,47943.57234991399,26.957050086006348,3,2,2,1.0,0.0,1.0,True,,5.4e-06
67.0,-,33,47970.9094,2,2,-1.0,0.0,-1.0,1.0,47943.904809932035,27.004590067961544,101,2,2,-1.0,0.0,-1.0,True,,5.4e-06
67.0,+,4,48711.4794,2,3,-1.0,0.0,-1.0,1.0,48685.5133838388,25.96601616119733,4,2,3,1.0,0.0,1.0,True,,5.4e-06
67.0,-,34,48711.8694,2,3,-1.0,0.0,-1.0,1.0,48685.84070071028,26.02869928972359,103,2,3,-1.0,0.0,-1.0,True,,5.4e-06
67.0,+,5,49438.9994,2,4,-1.0,0.0,-1.0,1.0,49415.63926473318,23.36013526681927,5,2,4,1.0,0.0,1.0,True,,5.4e-06
67.0,-,35,49439.3794,2,4,-1.0,0.0,-1.0,1.0,49415.96126141811,23.418138581888343,104,2,4,-1.0,0.0,-1.0,True,,5.4e-06
67.0,+,6,50152.6894,2,5,-1.0,0.0,-1.0,1.0,50133.795989394115,18.893410605887766,6,2,5,1.0,0.0,1.0,True,,5.4e-06
67.0,-,36,50153.0694,2,5,-1.0,0.0,-1.0,1.0,50134.112440842866,18.956959157134406,106,2,5,-1.0,0.0,-1.0,True,,5.4e-06
68.0,-,1,46523.6894,2,0,-1.0,0.0,-1.0,1.0,46495.20681209426,28.482587905746186,1,2,0,-1.0,0.0,-1.0,True,,5.4e-06
68.0,+,31,46524.1594,2,0,-1.0,0.0,-1.0,1.0,46495.55874474585,28.60065525414393,94,2,0,1.0,0.0,1.0,True,,5.4e-06
68.0,-,2,47289.7094,2,1,-1.0,0.0,-1.0,1.0,47261.24024042863,28.469159571366617,2,2,1,-1.0,0.0,-1.0,True,,5.4e-06
68.0,+,32,47290.1594,2,1,-1.0,0.0,-1.0,1.0,47261.587241993584,28.572158006412792,98,2,1,1.0,0.0,1.0,True,,5.4e-06
68.0,-,3,48042.9294,2,2,-1.0,0.0,-1.0,1.0,48014.539870453315,28.38952954668639,3,2,2,-1.0,0.0,-1.0,True,,5.4e-06
68.0,+,33,48043.4094,2,2,-1.0,0.0,-1.0,1.0,48014.88174521576,28.527654784236802,101,2,2,1.0,0.0,1.0,True,,5.4e-06
68.0,-,4,48783.1094,2,3,-1.0,0.0,-1.0,1.0,48755.75679246871,27.35260753129114,4,2,3,-1.0,0.0,-1.0,True,,5.4e-06
68.0,+,34,48783.5594,2,3,-1.0,0.0,-1.0,1.0,48756.09337532514,27.46602467486082,103,2,3,1.0,0.0,1.0,True,,5.4e-06
68.0,-,5,49509.8394,2,4,-1.0,0.0,-1.0,1.0,49485.142069613634,24.69733038636332,5,2,4,-1.0,0.0,-1.0,True,,5.4e-06
68.0,+,35,49510.2994,2,4,-1.0,0.0,-1.0,1.0,49485.473178160544,24.826221839459322,104,2,4,1.0,0.0,1.0,True,,5.4e-06
68.0,-,6,50222.6894,2,5,-1.0,0.0,-1.0,1.0,50202.53706504667,20.152334953330865,6,2,5,-1.0,0.0,-1.0,True,,5.4e-06
68.0,+,36,50223.1594,2,5,-1.0,0.0,-1.0,1.0,50202.86246601753,20.296933982470364,106,2,5,1.0,0.0,1.0,True,,5.4e-06
69.0,+,1,46598.7094,2,0,-1.0,0.0,-1.0,1.0,46568.59920034531,30.110199654693133,1,2,0,1.0,0.0,1.0,True,,5.4e-06
69.0,-,31,46599.1494,2,0,-1.0,0.0,-1.0,1.0,46568.96094979828,30.188450201720116,94,2,0,-1.0,0.0,-1.0,True,,5.4e-06
69.0,+,2,47363.9394,2,1,-1.0,0.0,-1.0,1.0,47333.931821736434,30.007578263568575,2,2,1,1.0,0.0,1.0,True,,5.4e-06
69.0,-,32,47364.3594,2,1,-1.0,0.0,-1.0,1.0,47334.28849420764,30.070905792359554,98,2,1,-1.0,0.0,-1.0,True,,5.4e-06
69.0,+,3,48116.4194,2,2,-1.0,0.0,-1.0,1.0,48086.51199430934,29.907405690661108,3,2,2,1.0,0.0,1.0,True,,5.4e-06
69.0,-,33,48116.8294,2,2,-1.0,0.0,-1.0,1.0,48086.86339232463,29.966007675371657,101,2,2,-1.0,0.0,-1.0,True,,5.4e-06
69.0,+,4,48855.7994,2,3,-1.0,0.0,-1.0,1.0,48826.99402022712,28.805379772886226,4,2,3,1.0,0.0,1.0,True,,5.4e-06
69.0,-,34,48856.2194,2,3,-1.0,0.0,-1.0,1.0,48827.33997560758,28.879424392420333,103,2,3,-1.0,0.0,-1.0,True,,5.4e-06
69.0,+,5,49581.7394,2,4,-1.0,0.0,-1.0,1.0,49555.62761647666,26.11178352333809,5,2,4,1.0,0.0,1.0,True,,5.4e-06
69.0,-,35,49582.1694,2,4,-1.0,0.0,-1.0,1.0,49555.967941354196,26.20145864580263,104,2,4,-1.0,0.0,-1.0,True,,5.4e-06
69.0,+,6,50293.7794,2,5,-1.0,0.0,-1.0,1.0,50272.24931937449,21.53008062551089,6,2,5,1.0,0.0,1.0,True,,5.4e-06
69.0,-,36,50294.1594,2,5,-1.0,0.0,-1.0,1.0,50272.58377203588,21.575627964113664,106,2,5,-1.0,0.0,-1.0,True,,5.4e-06
70.0,-,1,46674.7294,2,0,-1.0,0.0,-1.0,1.0,46643.01578612051,31.71361387948855,1,2,0,-1.0,0.0,-1.0,True,,5.4e-06
70.0,+,31,46675.2094,2,0,-1.0,0.0,-1.0,1.0,46643.387463810526,31.82193618947349,94,2,0,1.0,0.0,1.0,True,,5.4e-06
70.0,-,2,47439.2094,2,1,-1.0,0.0,-1.0,1.0,47407.63694623443,31.572453765569662,2,2,1,-1.0,0.0,-1.0,True,,5.4e-06
70.0,+,32,47439.6594,2,1,-1.0,0.0,-1.0,1.0,47408.00339883969,31.656001160306914,98,2,1,1.0,0.0,1.0,True,,5.4e-06
70.0,-,3,48190.9194,2,2,-1.0,0.0,-1.0,1.0,48159.486994465995,31.43240553400392,3,2,2,-1.0,0.0,-1.0,True,,5.4e-06
70.0,+,33,48191.3594,2,2,-1.0,0.0,-1.0,1.0,48159.84802295356,31.5113770464377,101,2,2,1.0,0.0,1.0,True,,5.4e-06
70.0,-,4,48929.4794,2,3,-1.0,0.0,-1.0,1.0,48899.22332925834,30.256070741656004,4,2,3,-1.0,0.0,-1.0,True,,5.4e-06
70.0,+,34,48929.8894,2,3,-1.0,0.0,-1.0,1.0,48899.578762416844,30.310637583155767,103,2,3,1.0,0.0,1.0,True,,5.4e-06
70.0,-,5,49654.5894,2,4,-1.0,0.0,-1.0,1.0,49627.09415272099,27.495247279010073,5,2,4,-1.0,0.0,-1.0,True,,5.4e-06
70.0,+,35,49655.0694,2,4,-1.0,0.0,-1.0,1.0,49627.443797112974,27.625602887026616,104,2,4,1.0,0.0,1.0,True,,5.4e-06
70.0,+,36,50366.2094,2,5,-1.0,0.0,-1.0,1.0,50343.274580281766,22.934819718233484,106,2,5,1.0,0.0,1.0,True,,5.4e-06
71.0,+,1,46751.8394,2,0,-1.0,0.0,-1.0,1.0,46718.45485634251,33.384543657484755,1,2,0,1.0,0.0,1.0,True,,5.4e-06
71.0,-,31,46752.3094,2,0,-1.0,0.0,-1.0,1.0,46718.83657240428,33.47282759571681,94,2,0,-1.0,0.0,-1.0,True,,5.4e-06
71.0,+,2,47515.5294,2,1,-1.0,0.0,-1.0,1.0,47482.35387511759,33.17552488241199,2,2,1,1.0,0.0,1.0,True,,5.4e-06
71.0,-,32,47515.9794,2,1,-1.0,0.0,-1.0,1.0,47482.73021577733,33.24918422266637,98,2,1,-1.0,0.0,-1.0,True,,5.4e-06
71.0,+,3,48266.4094,2,2,-1.0,0.0,-1.0,1.0,48233.46311761245,32.94628238754376,3,2,2,1.0,0.0,1.0,True,,5.4e-06
71.0,-,33,48266.8694,2,2,-1.0,0.0,-1.0,1.0,48233.83388248538,33.0355175146251,101,2,2,-1.0,0.0,-1.0,True,,5.4e-06
71.0,+,4,49004.1594,2,3,-1.0,0.0,-1.0,1.0,48972.442954863975,31.71644513602223,4,2,3,1.0,0.0,1.0,True,,5.4e-06
71.0,-,34,49004.6194,2,3,-1.0,0.0,-1.0,1.0,48972.80796975135,31.81143024865014,103,2,3,-1.0,0.0,-1.0,True,,5.4e-06
71.0,+,5,49728.4394,2,4,-1.0,0.0,-1.0,1.0,49699.53989813862,28.899501861385943,5,2,4,1.0,0.0,1.0,True,,5.4e-06
71.0,-,35,49728.9294,2,4,-1.0,0.0,-1.0,1.0,49699.898963926076,29.030436073924648,104,2,4,-1.0,0.0,-1.0,True,,5.4e-06
71.0,+,6,50438.7894,2,5,-1.0,0.0,-1.0,1.0,50414.58022604089,24.209173959112377,6,2,5,1.0,0.0,1.0,True,,5.4e-06
71.0,-,36,50439.2294,2,5,-1.0,0.0,-1.0,1.0,50414.93308340651,24.296316593485244,106,2,5,-1.0,0.0,-1.0,True,,5.4e-06
72.0,-,1,46829.9294,2,0,-1.0,0.0,-1.0,1.0,46794.91467268991,35.01472731008835,1,2,0,-1.0,0.0,-1.0,True,,5.4e-06
72.0,+,31,46830.4894,2,0,-1.0,0.0,-1.0,1.0,46795.30653594039,35.1828640596068,94,2,0,1.0,0.0,1.0,True,,5.4e-06
72.0,-,2,47593.0844,2,1,-1.0,0.0,-1.0,2.0,47558.08084372508,35.00355627491808,2,2,1,-1.0,0.0,-1.0,True,,1.1e-05
72.0,-,3,48342.9494,2,2,-1.0,0.0,-1.0,1.0,48308.43858408629,34.51081591370894,3,2,2,-1.0,0.0,-1.0,True,,5.4e-06
72.0,+,33,48343.4294,2,2,-1.0,0.0,-1.0,1.0,48308.819189934446,34.61021006555529,101,2,2,1.0,0.0,1.0,True,,5.4e-06
72.0,-,4,49079.8794,2,3,-1.0,0.0,-1.0,1.0,49046.65110542514,33.22829457485932,4,2,3,-1.0,0.0,-1.0,True,,5.4e-06
72.0,+,34,49080.3194,2,3,-1.0,0.0,-1.0,1.0,49047.02580467224,33.29359532776289,103,2,3,1.0,0.0,1.0,True,,5.4e-06
72.0,-,5,49803.3094,2,4,-1.0,0.0,-1.0,1.0,49772.96304480636,30.346355193636555,5,2,4,-1.0,0.0,-1.0,True,,5.4e-06
72.0,+,35,49803.7694,2,4,-1.0,0.0,-1.0,1.0,49773.331632549874,30.43776745012292,104,2,4,1.0,0.0,1.0,True,,5.4e-06
72.0,-,6,50512.7394,2,5,-1.0,0.0,-1.0,1.0,50487.195237434826,25.544162565172883,6,2,5,-1.0,0.0,-1.0,True,,5.4e-06
73.0,+,1,46909.1794,2,0,-1.0,0.0,-1.0,1.0,46872.39347155576,36.78592844423838,1,2,0,1.0,0.0,1.0,True,,5.4e-06
73.0,-,31,46909.6394,2,0,-1.0,0.0,-1.0,1.0,46872.79558947856,36.84381052143726,94,2,0,-1.0,0.0,-1.0,True,,5.4e-06
73.0,+,2,47671.2294,2,1,-1.0,0.0,-1.0,1.0,47634.81606149427,36.41333850572846,2,2,1,1.0,0.0,1.0,True,,5.4e-06
73.0,-,32,47671.6794,2,1,-1.0,0.0,-1.0,1.0,47635.21249671006,36.46690328994009,98,2,1,-1.0,0.0,-1.0,True,,5.4e-06
73.0,+,3,48420.4794,2,2,-1.0,0.0,-1.0,1.0,48384.41158781641,36.0678121835881,3,2,2,1.0,0.0,1.0,True,,5.4e-06
73.0,-,33,48420.9394,2,2,-1.0,0.0,-1.0,1.0,48384.80213788987,36.137262110132724,101,2,2,-1.0,0.0,-1.0,True,,5.4e-06
73.0,+,4,49156.5494,2,3,-1.0,0.0,-1.0,1.0,49121.84596232447,34.70343767553277,4,2,3,1.0,0.0,1.0,True,,5.4e-06
73.0,-,34,49157.0394,2,3,-1.0,0.0,-1.0,1.0,49122.2304472245,34.808952775500074,103,2,3,-1.0,0.0,-1.0,True,,5.4e-06
73.0,+,5,49879.1294,2,4,-1.0,0.0,-1.0,1.0,49847.36175697461,31.76764302538504,5,2,4,1.0,0.0,1.0,True,,5.4e-06
73.0,-,35,49879.6494,2,4,-1.0,0.0,-1.0,1.0,49847.739965896035,31.909434103967214,104,2,4,-1.0,0.0,-1.0,True,,5.4e-06
73.0,+,6,50587.7494,2,5,-1.0,0.0,-1.0,1.0,50560.77414530523,26.975254694771138,6,2,5,1.0,0.0,1.0,True,,5.4e-06
73.0,-,36,50588.2894,2,5,-1.0,0.0,-1.0,1.0,50561.145800313956,27.14359968604549,106,2,5,-1.0,0.0,-1.0,True,,5.4e-06
74.0,-,1,46989.2594,2,0,-1.0,0.0,-1.0,1.0,46950.88946400586,38.369935994145635,1,2,0,-1.0,0.0,-1.0,True,,5.4e-06
74.0,+,31,46989.2894,2,0,-1.0,0.0,-1.0,1.0,46951.30194273404,37.987457265960984,95,2,0,1.0,0.0,1.0,True,,5.4e-06
74.0,-,2,47750.6094,2,1,-1.0,0.0,-1.0,1.0,47712.557711914815,38.05168808518647,2,2,1,-1.0,0.0,-1.0,True,,5.4e-06
74.0,+,32,47751.0794,2,1,-1.0,0.0,-1.0,1.0,47712.9643509338,38.11504906620394,99,2,1,1.0,0.0,1.0,True,,5.4e-06
74.0,-,3,48498.9894,2,2,-1.0,0.0,-1.0,1.0,48461.380296265415,37.60910373458319,3,2,2,-1.0,0.0,-1.0,True,,5.4e-06
74.0,+,33,48499.5394,2,2,-1.0,0.0,-1.0,1.0,48461.780892457355,37.75850754264684,101,2,2,1.0,0.0,1.0,True,,5.4e-06
74.0,-,4,49234.2494,2,3,-1.0,0.0,-1.0,1.0,49198.02567986527,36.223720134730684,4,2,3,-1.0,0.0,-1.0,True,,5.4e-06
74.0,+,34,49234.7394,2,3,-1.0,0.0,-1.0,1.0,49198.42005035686,36.31934964314132,103,2,3,1.0,0.0,1.0,True,,5.4e-06
74.0,-,5,49955.9894,2,4,-1.0,0.0,-1.0,1.0,49922.7341709524,33.25522904760146,5,2,4,-1.0,0.0,-1.0,True,,5.4e-06
74.0,+,35,49956.4894,2,4,-1.0,0.0,-1.0,1.0,49923.12209891687,33.36730108312622,104,2,4,1.0,0.0,1.0,True,,5.4e-06
74.0,-,6,50663.9494,2,5,-1.0,0.0,-1.0,2.0,50635.31505653824,28.634343461759272,6,2,5,-1.0,0.0,-1.0,True,,1.1e-05
75.0,-,31,47071.1094,2,0,-1.0,0.0,-1.0,1.0,47030.82378003502,40.2856199649832,95,2,0,-1.0,0.0,-1.0,True,,5.4e-06
75.0,+,2,47830.9794,2,1,-1.0,0.0,-1.0,1.0,47791.30395248106,39.67544751893729,2,2,1,1.0,0.0,1.0,True,,5.4e-06
75.0,-,32,47831.4894,2,1,-1.0,0.0,-1.0,1.0,47791.72089782685,39.76850217314495,99,2,1,-1.0,0.0,-1.0,True,,5.4e-06
75.0,+,3,48578.5894,2,2,-1.0,0.0,-1.0,1.0,48539.34285036928,39.24654963071953,3,2,2,1.0,0.0,1.0,True,,5.4e-06
75.0,-,33,48499.5394,2,2,-1.0,0.0,-1.0,0.0,48539.75359319964,-40.21419319963752,101,2,2,-1.0,0.0,-1.0,True,,0.0
75.0,+,4,49312.9794,2,3,-1.0,0.0,-1.0,1.0,49275.18838518937,37.79101481062389,4,2,3,1.0,0.0,1.0,True,,5.4e-06
75.0,-,34,49313.4794,2,3,-1.0,0.0,-1.0,1.0,49275.592739838925,37.88666016107163,103,2,3,-1.0,0.0,-1.0,True,,5.4e-06
75.0,+,5,50033.7894,2,4,-1.0,0.0,-1.0,1.0,49999.078394990756,34.71100500924513,5,2,4,1.0,0.0,1.0,True,,5.4e-06
75.0,-,35,50034.3294,2,4,-1.0,0.0,-1.0,1.0,49999.476138488695,34.85326151130721,104,2,4,-1.0,0.0,-1.0,True,,5.4e-06
75.0,+,6,50740.6494,2,5,-1.0,0.0,-1.0,1.0,50710.81604866894,29.833351331064478,6,2,5,1.0,0.0,1.0,True,,5.4e-06
75.0,-,36,50741.1094,2,5,-1.0,0.0,-1.0,1.0,50711.20688340306,29.902516596943315,106,2,5,-1.0,0.0,-1.0,True,,5.4e-06
76.0,+,31,47153.3994,2,0,-1.0,0.0,-1.0,1.0,47111.359260278055,42.040139721946616,95,2,0,1.0,0.0,1.0,True,,5.4e-06
76.0,-,2,47912.4194,2,1,-1.0,0.0,-1.0,1.0,47871.05291464372,41.366485356280464,2,2,1,-1.0,0.0,-1.0,True,,5.4e-06
76.0,+,32,47912.9094,2,1,-1.0,0.0,-1.0,1.0,47871.48026744985,41.42913255014719,99,2,1,1.0,0.0,1.0,True,,5.4e-06
76.0,-,3,48659.1094,2,2,-1.0,0.0,-1.0,1.0,48618.29736447789,40.81203552211082,3,2,2,-1.0,0.0,-1.0,True,,5.4e-06
76.0,+,33,48659.6594,2,2,-1.0,0.0,-1.0,1.0,48618.71835307658,40.94104692341352,101,2,2,1.0,0.0,1.0,True,,5.4e-06
76.0,-,4,49392.6594,2,3,-1.0,0.0,-1.0,1.0,49353.33217819304,39.327221806954185,4,2,3,-1.0,0.0,-1.0,True,,5.4e-06
76.0,+,34,49393.1394,2,3,-1.0,0.0,-1.0,1.0,49353.74661417851,39.39278582148836,103,2,3,1.0,0.0,1.0,True,,5.4e-06
76.0,-,5,50112.6194,2,4,-1.0,0.0,-1.0,1.0,50076.39250916179,36.22689083821024,5,2,4,-1.0,0.0,-1.0,True,,5.4e-06
76.0,+,35,50113.1694,2,4,-1.0,0.0,-1.0,1.0,50076.80016329145,36.36923670854594,104,2,4,1.0,0.0,1.0,True,,5.4e-06
76.0,-,6,50818.5394,2,5,-1.0,0.0,-1.0,1.0,50787.27516970964,31.26423029036232,6,2,5,-1.0,0.0,-1.0,True,,5.4e-06
77.0,-,31,47236.7094,2,0,-1.0,0.0,-1.0,1.0,47192.90651688129,43.80288311871118,95,2,0,-1.0,0.0,-1.0,True,,5.4e-06
77.0,+,2,47994.8494,2,1,-1.0,0.0,-1.0,1.0,47951.80270376097,43.04669623902737,2,2,1,1.0,0.0,1.0,True,,5.4e-06
77.0,+,3,48740.6994,2,2,-1.0,0.0,-1.0,1.0,48698.241926293216,42.45747370678146,3,2,2,1.0,0.0,1.0,True,,5.4e-06
77.0,-,33,48741.2394,2,2,-1.0,0.0,-1.0,1.0,48698.673258383424,42.566141616574896,101,2,2,-1.0,0.0,-1.0,True,,5.4e-06
77.0,+,4,49473.3494,2,3,-1.0,0.0,-1.0,1.0,49432.45513144103,40.89426855897182,4,2,3,1.0,0.0,1.0,True,,5.4e-06
77.0,-,34,49473.8694,2,3,-1.0,0.0,-1.0,1.0,49432.87974453413,40.98965546586987,103,2,3,-1.0,0.0,-1.0,True,,5.4e-06
77.0,+,5,50192.4194,2,4,-1.0,0.0,-1.0,1.0,50154.674565235444,37.74483476455498,5,2,4,1.0,0.0,1.0,True,,5.4e-06
77.0,-,35,50192.9694,2,4,-1.0,0.0,-1.0,1.0,50155.09222368436,37.8771763156401,104,2,4,-1.0,0.0,-1.0,True,,5.4e-06
77.0,+,6,50897.4894,2,5,-1.0,0.0,-1.0,1.0,50864.69043797469,32.79896202530654,6,2,5,1.0,0.0,1.0,True,,5.4e-06
77.0,-,36,50891.9394,2,5,-1.0,0.0,-1.0,1.0,50865.10082335539,26.838576644615387,106,2,5,-1.0,0.0,-1.0,True,,5.4e-06
78.0,+,31,47321.0394,2,0,-1.0,0.0,-1.0,0.0,47275.463657737935,45.57574226206634,95,2,0,1.0,0.0,1.0,True,,0.0
78.0,-,2,48078.3494,2,1,-1.0,0.0,-1.0,1.0,48033.55139904845,44.79800095155224,2,2,1,-1.0,0.0,-1.0,True,,5.4e-06
78.0,+,32,48070.8294,2,1,-1.0,0.0,-1.0,1.0,48033.99986453395,36.82953546605131,99,2,1,1.0,0.0,1.0,True,,5.4e-06
78.0,-,3,48823.3194,2,2,-1.0,0.0,-1.0,1.0,48779.174596805984,44.144803194016276,3,2,2,-1.0,0.0,-1.0,True,,5.4e-06
78.0,+,33,48823.8294,2,2,-1.0,0.0,-1.0,1.0,48779.61636868813,44.213031311875966,101,2,2,1.0,0.0,1.0,True,,5.4e-06
78.0,-,4,49555.0294,2,3,-1.0,0.0,-1.0,1.0,49512.55529007905,42.47410992094956,4,2,3,-1.0,0.0,-1.0,True,,5.4e-06
78.0,+,34,49555.5694,2,3,-1.0,0.0,-1.0,1.0,49512.99017462805,42.57922537194827,103,2,3,1.0,0.0,1.0,True,,5.4e-06
78.0,-,5,50273.1594,2,4,-1.0,0.0,-1.0,1.0,50233.922586552166,39.23681344783108,5,2,4,-1.0,0.0,-1.0,True,,5.4e-06
78.0,+,35,50273.7394,2,4,-1.0,0.0,-1.0,1.0,50234.350341579666,39.38905842033273,104,2,4,1.0,0.0,1.0,True,,5.4e-06
78.0,-,6,50977.2394,2,5,-1.0,0.0,-1.0,1.0,50943.05984189781,34.179558102187,6,2,5,-1.0,0.0,-1.0,True,,5.4e-06
78.0,+,36,50977.7594,2,5,-1.0,0.0,-1.0,1.0,50943.48013812562,34.27926187438425,106,2,5,1.0,0.0,1.0,True,,5.4e-06
79.0,-,31,47406.3994,2,0,-1.0,0.0,-1.0,0.0,47359.02876516634,47.370634833663644,96,2,0,-1.0,0.0,-1.0,True,,0.0
79.0,+,2,48162.7494,2,1,-1.0,0.0,-1.0,1.0,48116.2970535277,46.45234647230245,2,2,1,1.0,0.0,1.0,True,,5.4e-06
79.0,-,32,48163.3594,2,1,-1.0,0.0,-1.0,1.0,48116.75622137103,46.603178628967726,99,2,1,-1.0,0.0,-1.0,True,,5.4e-06
79.0,+,3,48906.8494,2,2,-1.0,0.0,-1.0,1.0,48861.09341023275,45.75598976724723,3,2,2,1.0,0.0,1.0,True,,5.4e-06
79.0,-,33,48907.4394,2,2,-1.0,0.0,-1.0,1.0,48861.545716767956,45.8936832320469,101,2,2,-1.0,0.0,-1.0,True,,5.4e-06
79.0,+,4,49637.7094,2,3,-1.0,0.0,-1.0,1.0,49593.63067174266,44.07872825733648,4,2,3,1.0,0.0,1.0,True,,5.4e-06
79.0,-,34,49638.2694,2,3,-1.0,0.0,-1.0,1.0,49594.07592065662,44.19347934337566,103,2,3,-1.0,0.0,-1.0,True,,5.4e-06
79.0,+,5,50354.9194,2,4,-1.0,0.0,-1.0,1.0,50314.134567893125,40.78483210687409,5,2,4,1.0,0.0,1.0,True,,5.4e-06
79.0,-,35,50355.5694,2,4,-1.0,0.0,-1.0,1.0,50314.57251031226,40.996889687739895,104,2,4,-1.0,0.0,-1.0,True,,5.4e-06
79.0,+,6,51058.0994,2,5,-1.0,0.0,-1.0,1.0,51022.38133984584,35.71806015416223,6,2,5,1.0,0.0,1.0,True,,5.4e-06
79.0,-,36,51058.6294,2,5,-1.0,0.0,-1.0,1.0,51022.81163532675,35.81776467325108,106,2,5,-1.0,0.0,-1.0,True,,5.4e-06
80.0,+,31,47492.7894,2,0,-1.0,0.0,-1.0,1.0,47443.59989586052,49.18950413948187,96,2,0,1.0,0.0,1.0,True,,5.4e-06
80.0,-,2,48248.3294,2,1,-1.0,0.0,-1.0,1.0,48200.037693974235,48.29170602576778,2,2,1,-1.0,0.0,-1.0,True,,5.4e-06
80.0,-,3,48991.4794,2,2,-1.0,0.0,-1.0,1.0,48943.9963739498,47.48302605019853,3,2,2,-1.0,0.0,-1.0,True,,5.4e-06
80.0,+,33,48991.9994,2,2,-1.0,0.0,-1.0,1.0,48944.45930854362,47.54009145637974,101,2,2,1.0,0.0,1.0,True,,5.4e-06
80.0,-,4,49721.3794,2,3,-1.0,0.0,-1.0,1.0,49675.679266466985,45.700133533013286,4,2,3,-1.0,0.0,-1.0,True,,5.4e-06
80.0,+,34,49721.8494,2,3,-1.0,0.0,-1.0,1.0,49676.13497119735,45.71442880264658,103,2,3,1.0,0.0,1.0,True,,5.4e-06
80.0,-,5,50437.6794,2,4,-1.0,0.0,-1.0,1.0,50395.30847534563,42.370924654373084,5,2,4,-1.0,0.0,-1.0,True,,5.4e-06
80.0,+,35,50438.2394,2,4,-1.0,0.0,-1.0,1.0,50395.75669450588,42.48270549411973,104,2,4,1.0,0.0,1.0,True,,5.4e-06
80.0,-,6,51139.8794,2,5,-1.0,0.0,-1.0,1.0,51102.65285992623,37.226540073766955,6,2,5,-1.0,0.0,-1.0,True,,5.4e-06
80.0,+,36,51140.3294,2,5,-1.0,0.0,-1.0,1.0,51103.0932415852,37.23615841480205,106,2,5,1.0,0.0,1.0,True,,5.4e-06
81.0,-,31,47580.2694,2,0,-1.0,0.0,-1.0,0.0,47529.175080837966,51.09431916203175,96,2,0,-1.0,0.0,-1.0,True,,0.0
81.0,+,2,48334.7794,2,1,-1.0,0.0,-1.0,1.0,48284.7713208644,50.00807913560129,2,2,1,1.0,0.0,1.0,True,,5.4e-06
81.0,+,3,49076.9894,2,2,-1.0,0.0,-1.0,1.0,49027.881468427186,49.10793157281296,3,2,2,1.0,0.0,1.0,True,,5.4e-06
81.0,-,33,49017.6694,2,2,-1.0,0.0,-1.0,0.0,49028.35512301361,-10.685723013608367,101,2,2,-1.0,0.0,-1.0,True,,0.0
81.0,+,4,49806.0394,2,3,-1.0,0.0,-1.0,1.0,49758.69903659062,47.340363409384736,4,2,3,1.0,0.0,1.0,True,,5.4e-06
81.0,-,34,49806.5594,2,3,-1.0,0.0,-1.0,1.0,49759.16528711584,47.394112884161586,103,2,3,-1.0,0.0,-1.0,True,,5.4e-06
81.0,-,35,50521.9294,2,4,-1.0,0.0,-1.0,1.0,50477.900829935126,44.02857006487466,104,2,4,-1.0,0.0,-1.0,True,,5.4e-06
81.0,-,36,51222.9994,2,5,-1.0,0.0,-1.0,1.0,51184.32285304916,38.67654695083911,105,2,5,-1.0,0.0,-1.0,True,,5.4e-06
82.0,+,31,47660.6394,2,0,-1.0,0.0,-1.0,1.0,47615.75232538613,44.887074613870936,96,2,0,1.0,0.0,1.0,True,,5.4e-06
82.0,-,2,48422.3594,2,1,-1.0,0.0,-1.0,1.0,48370.49590832098,51.8634916790179,2,2,1,-1.0,0.0,-1.0,True,,5.4e-06
82.0,+,32,48422.8494,2,1,-1.0,0.0,-1.0,1.0,48370.98774980806,51.86165019193868,99,2,1,1.0,0.0,1.0,True,,5.4e-06
82.0,-,3,49163.6194,2,2,-1.0,0.0,-1.0,1.0,49112.74664716091,50.87275283909548,3,2,2,-1.0,0.0,-1.0,True,,5.4e-06
82.0,+,33,49164.1694,2,2,-1.0,0.0,-1.0,1.0,49113.2311121857,50.938287814300566,101,2,2,1.0,0.0,1.0,True,,5.4e-06
82.0,-,4,49891.6394,2,3,-1.0,0.0,-1.0,1.0,49842.687916660776,48.95148333922407,4,2,3,-1.0,0.0,-1.0,True,,5.4e-06
82.0,+,34,49892.1694,2,3,-1.0,0.0,-1.0,1.0,49843.164801468236,49.004598531762895,103,2,3,1.0,0.0,1.0,True,,5.4e-06
82.0,+,35,50606.5494,2,4,-1.0,0.0,-1.0,1.0,50561.00282338491,45.546576615095546,104,2,4,1.0,0.0,1.0,True,,5.4e-06
83.0,-,31,47758.2094,2,0,-1.0,0.0,-1.0,0.0,47703.32960900805,54.87979099195218,96,2,0,-1.0,0.0,-1.0,True,,0.0
83.0,+,2,48510.7994,2,1,-1.0,0.0,-1.0,1.0,48457.20940405766,53.589995942340465,2,2,1,1.0,0.0,1.0,True,,5.4e-06
83.0,-,32,48511.4794,2,1,-1.0,0.0,-1.0,1.0,48457.71232066222,53.76707933777652,99,2,1,-1.0,0.0,-1.0,True,,5.4e-06
83.0,+,3,49251.1594,2,2,-1.0,0.0,-1.0,1.0,49198.58983660333,52.569563396667945,3,2,2,1.0,0.0,1.0,True,,5.4e-06
83.0,-,33,49251.7894,2,2,-1.0,0.0,-1.0,1.0,49199.08520100916,52.70419899083936,101,2,2,-1.0,0.0,-1.0,True,,5.4e-06
83.0,+,4,49978.2194,2,3,-1.0,0.0,-1.0,1.0,49927.64381333356,50.57558666644036,4,2,3,1.0,0.0,1.0,True,,5.4e-06
83.0,-,34,49978.8694,2,3,-1.0,0.0,-1.0,1.0,49928.131419403886,50.73798059611727,103,2,3,-1.0,0.0,-1.0,True,,5.4e-06
83.0,-,35,50692.2594,2,4,-1.0,0.0,-1.0,1.0,50645.060552504736,47.19884749526682,104,2,4,-1.0,0.0,-1.0,True,,5.4e-06
83.0,-,36,51391.4294,2,5,-1.0,0.0,-1.0,1.0,51349.61752257015,41.81187742984912,105,2,5,-1.0,0.0,-1.0,True,,5.4e-06
84.0,-,2,48600.4094,2,1,-1.0,0.0,-1.0,1.0,48544.909729322564,55.49967067743273,2,2,1,-1.0,0.0,-1.0,True,,5.4e-06
84.0,+,32,48600.9294,2,1,-1.0,0.0,-1.0,1.0,48545.42381048033,55.50558951967105,99,2,1,1.0,0.0,1.0,True,,5.4e-06
84.0,-,3,49339.7994,2,2,-1.0,0.0,-1.0,1.0,49285.40893609331,54.39046390669682,3,2,2,-1.0,0.0,-1.0,True,,5.4e-06
84.0,+,33,49340.3294,2,2,-1.0,0.0,-1.0,1.0,49285.91528730269,54.41411269731179,101,2,2,1.0,0.0,1.0,True,,5.4e-06
84.0,-,4,50065.8794,2,3,-1.0,0.0,-1.0,1.0,50013.56460527289,52.314794727106346,4,2,3,-1.0,0.0,-1.0,True,,5.4e-06
84.0,+,34,50066.4394,2,3,-1.0,0.0,-1.0,1.0,50014.063018062945,52.376381937057886,103,2,3,1.0,0.0,1.0,True,,5.4e-06
85.0,+,2,48690.8194,2,1,-1.0,0.0,-1.0,1.0,48633.59477884055,57.22462115945382,2,2,1,1.0,0.0,1.0,True,,5.4e-06
85.0,-,32,48691.6194,2,1,-1.0,0.0,-1.0,1.0,48634.120112453966,57.49928754603752,99,2,1,-1.0,0.0,-1.0,True,,5.4e-06
85.0,+,3,49429.2994,2,2,-1.0,0.0,-1.0,1.0,49373.20181778339,56.09758221661468,3,2,2,1.0,0.0,1.0,True,,5.4e-06
85.0,-,33,49429.9194,2,2,-1.0,0.0,-1.0,1.0,49373.71924168334,56.2001583166566,101,2,2,-1.0,0.0,-1.0,True,,5.4e-06
85.0,+,4,50154.4194,2,3,-1.0,0.0,-1.0,1.0,50100.44814304717,53.97125695282739,4,2,3,1.0,0.0,1.0,True,,5.4e-06
85.0,-,34,50155.1094,2,3,-1.0,0.0,-1.0,1.0,50100.957446473396,54.15195352660521,103,2,3,-1.0,0.0,-1.0,True,,5.4e-06
86.0,-,2,48782.4794,2,1,-1.0,0.0,-1.0,1.0,48723.262420754414,59.21697924558248,2,2,1,-1.0,0.0,-1.0,True,,5.4e-06
86.0,+,32,48783.0394,2,1,-1.0,0.0,-1.0,1.0,48723.79909317817,59.240306821833656,99,2,1,1.0,0.0,1.0,True,,5.4e-06
86.0,+,33,49520.4794,2,2,-1.0,0.0,-1.0,1.0,49462.49490749323,57.9844925067664,101,2,2,1.0,0.0,1.0,True,,5.4e-06
86.0,-,4,50244.0494,2,3,-1.0,0.0,-1.0,1.0,50188.29224902291,55.75715097709326,4,2,3,-1.0,0.0,-1.0,True,,5.4e-06
86.0,+,34,50244.6094,2,3,-1.0,0.0,-1.0,1.0,50188.81252544482,55.79687455518433,103,2,3,1.0,0.0,1.0,True,,5.4e-06
87.0,+,3,49611.3694,2,2,-1.0,0.0,-1.0,1.0,49551.70028000124,59.669119998761744,3,2,2,1.0,0.0,1.0,True,,5.4e-06
87.0,+,4,50334.4794,2,3,-1.0,0.0,-1.0,1.0,50277.094717255495,57.38468274450133,4,2,3,1.0,0.0,1.0,True,,5.4e-06
88.0,-,2,48968.5094,2,1,-1.0,0.0,-1.0,1.0,48905.536821065085,62.97257893491769,2,2,1,-1.0,0.0,-1.0,True,,5.4e-06
88.0,+,33,49704.6194,2,2,-1.0,0.0,-1.0,1.0,49642.95260993889,61.666790061113716,101,2,2,1.0,0.0,1.0,True,,5.4e-06
88.0,+,34,50426.6494,2,3,-1.0,0.0,-1.0,1.0,50367.3957765601,59.253623439901276,103,2,3,1.0,0.0,1.0,True,,5.4e-06
89.0,-,32,49063.7494,2,1,-1.0,0.0,-1.0,1.0,48998.710373558824,65.03902644117625,100,2,1,-1.0,0.0,-1.0,True,,5.4e-06
89.0,+,3,49797.4294,2,2,-1.0,0.0,-1.0,1.0,49734.06765392082,63.361746079179284,3,2,2,1.0,0.0,1.0,True,,5.4e-06
89.0,+,4,50518.5294,2,3,-1.0,0.0,-1.0,1.0,50457.56577448424,60.963625515760214,4,2,3,1.0,0.0,1.0,True,,5.4e-06
90.0,-,2,49158.4994,2,1,-1.0,0.0,-1.0,1.0,49091.71534142785,66.78405857214966,2,2,1,-1.0,0.0,-1.0,True,,5.4e-06
90.0,+,33,49892.6594,2,2,-1.0,0.0,-1.0,1.0,49827.27059297256,65.38880702743336,101,2,2,1.0,0.0,1.0,True,,5.4e-06
90.0,+,34,50612.6294,2,3,-1.0,0.0,-1.0,1.0,50549.79476930442,62.83463069557911,103,2,3,1.0,0.0,1.0,True,,5.4e-06
91.0,+,3,49901.4094,2,2,-1.0,0.0,-1.0,0.0,49920.285930349404,-18.876530349407403,3,2,2,1.0,0.0,1.0,True,,0.0
92.0,-,2,49352.4294,2,1,-1.0,0.0,-1.0,1.0,49281.779963705754,70.6494362942467,2,2,1,-1.0,0.0,-1.0,True,,5.4e-06
92.0,+,33,50084.5594,2,2,-1.0,0.0,-1.0,1.0,50015.43061353978,69.12878646022,101,2,2,1.0,0.0,1.0,True,,5.4e-06
92.0,+,34,50802.3894,2,3,-1.0,0.0,-1.0,1.0,50735.991042803544,66.39835719645635,103,2,3,1.0,0.0,1.0,True,,5.4e-06
