J,parity,original_rank,observed_cm,state,v,Lambda,Sigma,Omega,input_weight,calculated_cm,residual_cm,flag
0.0,+,1,0.0,1,0,0.0,0.0,0.0,1.0,0.0,0.0,b
0.0,+,2,792.6879589,1,1,0.0,0.0,0.0,1.0,792.692786,-0.00482709999994313,b
1.0,-,1,1.0999934,1,0,0.0,0.0,0.0,1.0,1.099982,1.1399999999994748e-05,b
1.0,-,2,793.7780516,1,1,0.0,0.0,0.0,1.0,793.782865,-0.0048133999999890875,b
2.0,+,1,3.2998689,1,0,0.0,0.0,0.0,1.0,3.29992,-5.110000000030368e-05,b
2.0,+,2,795.9588465,1,1,0.0,0.0,0.0,1.0,795.962997,-0.0041504999999233405,b
2.0,+,3,1579.0919263,1,2,0.0,0.0,0.0,1.0,1579.095367,-0.0034406999998282117,b
3.0,-,1,6.6001029,1,0,0.0,0.0,0.0,1.0,6.599764,0.00033890000000003084,b
3.0,-,2,799.2279753,1,1,0.0,0.0,0.0,1.0,799.233133,-0.00515769999992699,b
3.0,-,3,1582.3331811,1,2,0.0,0.0,0.0,1.0,1582.336014,-0.002832899999930305,b
3.0,-,4,2356.0276841,1,3,0.0,0.0,0.0,1.0,2356.029929,-0.0022448999998232466,b
4.0,+,1,10.9993343,1,0,0.0,0.0,0.0,1.0,10.99944,-0.0001057000000006525,b
4.0,+,2,803.5884402,1,1,0.0,0.0,0.0,1.0,803.593197,-0.004756799999995565,b
4.0,+,3,1586.6534244,1,2,0.0,0.0,0.0,1.0,1586.65676,-0.0033356000001276698,b
4.0,+,4,2360.3104926,1,3,0.0,0.0,0.0,1.0,2360.311643,-0.0011503999999149528,b
5.0,-,1,16.4991429,1,0,0.0,0.0,0.0,1.0,16.498846,0.00029689999999860106,b
5.0,-,2,809.0387112,1,1,0.0,0.0,0.0,1.0,809.043089,-0.004377800000042953,b
5.0,-,3,1592.0545342,1,2,0.0,0.0,0.0,1.0,1592.057505,-0.0029707999999573076,b
5.0,-,4,2365.6626361,1,3,0.0,0.0,0.0,1.0,2365.663599,-0.0009629000001041277,b
6.0,+,1,23.0981464,1,0,0.0,0.0,0.0,1.0,23.097856,0.00029040000000080113,b
6.0,+,2,815.57832,1,1,0.0,0.0,0.0,1.0,815.582683,-0.004363000000012107,b
6.0,+,3,1598.5351639,1,2,0.0,0.0,0.0,1.0,1598.538123,-0.002959099999998216,b
6.0,+,4,2372.0847113,1,3,0.0,0.0,0.0,1.0,2372.085671,-0.0009596999998393585,b
6.0,+,5,3136.3425996,1,4,0.0,0.0,0.0,1.0,3136.342055,0.0005446000000119966,b
7.0,-,1,30.7966019,1,0,0.0,0.0,0.0,1.0,30.79632,0.00028189999999739257,b
7.0,-,2,823.2074826,1,1,0.0,0.0,0.0,1.0,823.211829,-0.004346399999917594,b
7.0,-,3,1606.0955222,1,2,0.0,0.0,0.0,1.0,1606.098465,-0.002942800000028001,b
7.0,-,4,2379.5767527,1,3,0.0,0.0,0.0,1.0,2379.577709,-0.0009563000003254274,b
7.0,-,5,3143.7668204,1,4,0.0,0.0,0.0,1.0,3143.766283,0.0005374000002120738,b
8.0,+,1,39.5943332,1,0,0.0,0.0,0.0,1.0,39.594063,0.0002702000000027738,b
8.0,+,2,831.9260231,1,1,0.0,0.0,0.0,1.0,831.930351,-0.004327900000021145,b
8.0,+,3,1614.7354301,1,2,0.0,0.0,0.0,1.0,1614.738354,-0.0029239000000416127,b
8.0,+,4,2388.1385852,1,3,0.0,0.0,0.0,1.0,2388.139539,-0.0009537999999338354,b
8.0,+,5,3152.2511462,1,4,0.0,0.0,0.0,1.0,3152.250616,0.000530200000412151,b
9.0,-,1,49.4911422,1,0,0.0,0.0,0.0,1.0,49.490882,0.00026019999999959964,b
9.0,-,2,841.7337449,1,1,0.0,0.0,0.0,1.0,841.73805,-0.004305100000010498,b
9.0,-,3,1624.454688,1,2,0.0,0.0,0.0,1.0,1624.457592,-0.0029039999999440624,b
9.0,-,4,2397.7704295,1,3,0.0,0.0,0.0,1.0,2397.77096,-0.0005304999999680149,b
9.0,-,5,3161.7980513,1,4,0.0,0.0,0.0,1.0,3161.794856,0.003195300000243151,b
10.0,+,1,60.4868037,1,0,0.0,0.0,0.0,1.0,60.486553,0.00025070000000226855,b
10.0,+,2,852.6304169,1,1,0.0,0.0,0.0,1.0,852.634697,-0.00428009999995993,b
10.0,+,3,1635.253072,1,2,0.0,0.0,0.0,1.0,1635.255952,-0.0028800000000046566,b
10.0,+,4,2408.4697709,1,3,0.0,0.0,0.0,1.0,2408.471748,-0.0019770999997490435,b
10.0,+,5,3172.3969891,1,4,0.0,0.0,0.0,1.0,3172.398777,-0.0017878999997265055,b
10.0,+,6,6137.479694,1,8,0.0,0.0,0.0,1.0,6137.485162,-0.005468000000291795,b
11.0,-,1,72.5810636,1,0,0.0,0.0,0.0,1.0,72.580822,0.00024159999999540105,b
11.0,-,2,864.6157918,1,1,0.0,0.0,0.0,1.0,864.620044,-0.0042521999999962645,b
11.0,-,3,1647.1303315,1,2,0.0,0.0,0.0,1.0,1647.133184,-0.002852500000017244,b
11.0,-,4,2420.2408384,1,3,0.0,0.0,0.0,1.0,2420.241653,-0.0008146000000124332,b
11.0,-,5,3184.0589839,1,4,0.0,0.0,0.0,1.0,3184.06213,-0.003146099999867147,b
11.0,-,6,5420.9274237,1,7,0.0,0.0,0.0,1.0,5420.929476,-0.0020523000002867775,b
12.0,+,1,85.7734732,1,0,0.0,0.0,0.0,1.0,85.773415,5.8199999998009844e-05,b
12.0,+,2,877.6892945,1,1,0.0,0.0,0.0,1.0,877.693814,-0.004519500000014887,b
12.0,+,3,1660.0864698,1,2,0.0,0.0,0.0,1.0,1660.089013,-0.002543199999990975,b
12.0,+,4,2433.0798513,1,3,0.0,0.0,0.0,1.0,2433.0804,-0.0005486999998538522,b
12.0,+,5,3196.7851948,1,4,0.0,0.0,0.0,1.0,3196.784642,0.0005528000001504552,b
12.0,+,6,4696.7856526,1,6,0.0,0.0,0.0,1.0,4696.78599,-0.00033740000071702525,b
12.0,+,7,6160.993195,1,8,0.0,0.0,0.0,1.0,6160.99609,-0.0028949999996257247,b
13.0,-,1,100.0642708,1,0,0.0,0.0,0.0,1.0,100.064029,0.00024179999999773827,b
13.0,-,2,891.8512602,1,1,0.0,0.0,0.0,1.0,891.855706,-0.004445800000098643,b
13.0,-,3,1674.120561,1,2,0.0,0.0,0.0,1.0,1674.123138,-0.00257699999997385,b
13.0,-,4,2446.9875729,1,3,0.0,0.0,0.0,1.0,2446.987689,-0.00011610000001383014,b
13.0,-,5,3210.565811,1,4,0.0,0.0,0.0,1.0,3210.566012,-0.0002009999998335843,b
13.0,-,6,3964.9718701,1,5,0.0,0.0,0.0,1.0,3964.971986,-0.00011589999985517352,b
13.0,-,7,4710.3179569,1,6,0.0,0.0,0.0,1.0,4710.318259,-0.0003020999993168516,b
13.0,-,8,5446.717117,1,7,0.0,0.0,0.0,1.0,5446.717437,-0.00032000000010157237,b
14.0,+,1,115.4525736,1,0,0.0,0.0,0.0,1.0,115.452337,0.00023659999999381398,b
14.0,+,2,907.1012758,1,1,0.0,0.0,0.0,1.0,907.105394,-0.0041181999999935215,b
14.0,+,3,1689.2324615,1,2,0.0,0.0,0.0,1.0,1689.235233,-0.0027715000001080625,b
14.0,+,4,2461.962767,1,3,0.0,0.0,0.0,1.0,2461.963196,-0.00042900000016743434,b
14.0,+,5,3225.4067859,1,4,0.0,0.0,0.0,1.0,3225.405918,0.0008679000002302928,b
14.0,+,6,3979.6769907,1,5,0.0,0.0,0.0,1.0,3979.677271,-0.0002803000002131739,b
14.0,+,7,4724.8905283,1,6,0.0,0.0,0.0,1.0,4724.889908,0.0006203000002642511,b
14.0,+,8,5461.1550254,1,7,0.0,0.0,0.0,1.0,5461.156444,-0.0014185999998517218,b
15.0,-,1,131.9379149,1,0,0.0,0.0,0.0,1.0,131.937988,-7.309999998028616e-05,b
15.0,-,2,923.4386243,1,1,0.0,0.0,0.0,1.0,923.442526,-0.0039017000000285407,b
15.0,-,3,1705.4227595,1,2,0.0,0.0,0.0,1.0,1705.424949,-0.0021894999999858555,b
15.0,-,4,2478.0080176,1,3,0.0,0.0,0.0,1.0,2478.00657,0.0014476000001195644,b
15.0,-,5,3241.3045429,1,4,0.0,0.0,0.0,1.0,3241.304009,0.0005338999999366933,b
15.0,-,6,3995.4317485,1,5,0.0,0.0,0.0,1.0,3995.431131,0.0006175000003167952,b
15.0,-,7,4740.499113,1,6,0.0,0.0,0.0,1.0,4740.500591,-0.0014780000001337612,b
15.0,-,8,5476.6235257,1,7,0.0,0.0,0.0,1.0,5476.625014,-0.0014883000003464986,b
15.0,-,9,6203.9156294,1,8,0.0,0.0,0.0,1.0,6203.917863,-0.0022335999992719735,b
16.0,+,1,149.520503,1,0,0.0,0.0,0.0,1.0,149.520605,-0.00010199999999827014,b
16.0,+,2,940.8628167,1,1,0.0,0.0,0.0,1.0,940.866726,-0.003909299999918403,b
16.0,+,3,1722.6893955,1,2,0.0,0.0,0.0,1.0,1722.691909,-0.002513499999849955,b
16.0,+,4,2495.1173125,1,3,0.0,0.0,0.0,1.0,2495.117437,-0.00012449999985619797,b
16.0,+,5,3258.2619272,1,4,0.0,0.0,0.0,1.0,3258.259912,0.0020152000001871784,b
16.0,+,6,4012.2331996,1,5,0.0,0.0,0.0,1.0,4012.233192,7.599999662488699e-06,b
16.0,+,7,4757.1497897,1,6,0.0,0.0,0.0,1.0,4757.149935,-0.0001453000004403293,b
16.0,+,8,5493.1224402,1,7,0.0,0.0,0.0,1.0,5493.122777,-0.00033679999978630804,b
17.0,-,1,168.200068,1,0,0.0,0.0,0.0,1.0,168.199785,0.0002829999999960364,b
17.0,-,2,959.3731833,1,1,0.0,0.0,0.0,1.0,959.377593,-0.004409699999996519,b
17.0,-,3,1741.0329765,1,2,0.0,0.0,0.0,1.0,1741.035712,-0.002735500000198954,b
17.0,-,4,2513.294796,1,3,0.0,0.0,0.0,1.0,2513.295396,-0.0005999999998493877,b
17.0,-,5,3276.2734748,1,4,0.0,0.0,0.0,1.0,3276.273227,0.0002477999996699509,b
17.0,-,6,4030.0830228,1,5,0.0,0.0,0.0,1.0,4030.083056,-3.319999996165279e-05,b
17.0,-,7,4774.8360906,1,6,0.0,0.0,0.0,1.0,4774.837543,-0.0014523999998345971,b
17.0,-,10,6955.8818255,1,9,0.0,0.0,0.0,1.0,6955.900281,-0.018455500000527536,b
18.0,+,1,187.9752926,1,0,0.0,0.0,0.0,1.0,187.975101,0.00019159999999374122,b
18.0,+,2,978.9710668,1,1,0.0,0.0,0.0,1.0,978.974699,-0.0036321999999699983,b
18.0,+,3,1760.4533952,1,2,0.0,0.0,0.0,1.0,1760.455934,-0.002538800000138508,b
18.0,+,4,2532.5391656,1,3,0.0,0.0,0.0,1.0,2532.540024,-0.0008583999997426872,b
18.0,+,5,3295.343989,1,4,0.0,0.0,0.0,1.0,3295.343531,0.00045799999998052954,b
18.0,+,6,4048.9805902,1,5,0.0,0.0,0.0,1.0,4048.9803,0.0002901999996538507,b
18.0,+,7,5529.1966455,1,7,0.0,0.0,0.0,1.0,5529.204271,-0.007625499999448948,b
18.0,+,8,6256.0126651,1,8,0.0,0.0,0.0,1.0,6256.017652,-0.004986900000403693,b
19.0,-,1,208.8466153,1,0,0.0,0.0,0.0,1.0,208.8461,0.0005152999999893382,b
19.0,-,2,999.6536711,1,1,0.0,0.0,0.0,1.0,999.657594,-0.0039229000000204906,b
19.0,-,3,1780.9503825,1,2,0.0,0.0,0.0,1.0,1780.952122,-0.001739499999985128,b
19.0,-,4,2552.8503663,1,3,0.0,0.0,0.0,1.0,2552.850869,-0.0005026999997426174,b
19.0,-,5,3315.4705711,1,4,0.0,0.0,0.0,1.0,3315.470375,0.0001961000002665969,b
19.0,-,6,4068.9249519,1,5,0.0,0.0,0.0,1.0,4068.924476,0.0004758999998557556,b
19.0,-,7,4813.3259189,1,6,0.0,0.0,0.0,1.0,4813.325839,7.989999994606478e-05,b
19.0,-,8,5548.7849651,1,7,0.0,0.0,0.0,1.0,5548.787135,-0.0021698999998989166,b
20.0,+,1,230.8116135,1,0,0.0,0.0,0.0,1.0,230.812304,-0.0006905000000188011,b
20.0,+,2,1021.4225216,1,1,0.0,0.0,0.0,1.0,1021.4258,-0.0032783999999992375,b
20.0,+,3,1802.521403,1,2,0.0,0.0,0.0,1.0,1802.523802,-0.0023989999999685097,b
20.0,+,4,2574.2275772,1,3,0.0,0.0,0.0,1.0,2574.227458,0.00011919999997189734,b
20.0,+,5,3336.653174,1,4,0.0,0.0,0.0,1.0,3336.653286,-0.00011200000017197453,b
20.0,+,6,4089.9152117,1,5,0.0,0.0,0.0,1.0,4089.915112,9.969999973691301e-05,b
20.0,+,7,4834.123355,1,6,0.0,0.0,0.0,1.0,4834.125608,-0.002253000000564498,b
20.0,+,8,5569.3973633,1,7,0.0,0.0,0.0,1.0,5569.39746,-9.670000054029515e-05,b
21.0,-,1,253.8731121,1,0,0.0,0.0,0.0,1.0,253.873212,-9.990000000925647e-05,b
21.0,-,2,1044.2741363,1,1,0.0,0.0,0.0,1.0,1044.278816,-0.004679699999996956,b
21.0,-,3,1825.1687953,1,2,0.0,0.0,0.0,1.0,1825.170472,-0.0016766999999617838,b
21.0,-,4,2596.6681339,1,3,0.0,0.0,0.0,1.0,2596.669289,-0.001155099999778031,b
21.0,-,5,3358.8921152,1,4,0.0,0.0,0.0,1.0,3358.891763,0.0003521999997246894,b
21.0,-,6,4111.9509945,1,5,0.0,0.0,0.0,1.0,4111.95171,-0.0007155000002967427,b
21.0,-,7,4855.9625398,1,6,0.0,0.0,0.0,1.0,4855.961805,0.000734799999918323,b
21.0,-,9,6317.2850927,1,8,0.0,0.0,0.0,1.0,6317.28413,0.0009626999999454711,b
21.0,-,10,7034.8142759,1,9,0.0,0.0,0.0,1.0,7034.825003,-0.010727099999712664,b
22.0,+,1,278.0282621,1,0,0.0,0.0,0.0,1.0,278.028294,-3.190000001040971e-05,b
22.0,+,2,1068.2120738,1,1,0.0,0.0,0.0,1.0,1068.216113,-0.004039199999851917,b
22.0,+,3,1848.8888521,1,2,0.0,0.0,0.0,1.0,1848.891606,-0.002753900000016074,b
22.0,+,4,2620.1755543,1,3,0.0,0.0,0.0,1.0,2620.175839,-0.0002847000000656408,b
22.0,+,5,3382.1842316,1,4,0.0,0.0,0.0,1.0,3382.185284,-0.0010523999999350053,b
22.0,+,6,4135.033936,1,5,0.0,0.0,0.0,1.0,4135.033748,0.00018799999998009298,b
22.0,+,7,4878.8335,1,6,0.0,0.0,0.0,1.0,4878.833909,-0.0004090000002179295,b
22.0,+,8,5613.6987423,1,7,0.0,0.0,0.0,1.0,5613.698484,0.00025830000049609225,b
22.0,+,9,6339.7386513,1,8,0.0,0.0,0.0,1.0,6339.741084,-0.0024327000000994303,b
23.0,-,1,303.2769997,1,0,0.0,0.0,0.0,1.0,303.276997,2.6999999818144715e-06,b
23.0,-,2,1093.2331713,1,1,0.0,0.0,0.0,1.0,1093.237141,-0.003969699999970544,b
23.0,-,3,1873.6847841,1,2,0.0,0.0,0.0,1.0,1873.686652,-0.001867900000206646,b
23.0,-,4,2644.7454534,1,3,0.0,0.0,0.0,1.0,2644.746557,-0.0011036000000785862,b
23.0,-,5,3406.5335271,1,4,0.0,0.0,0.0,1.0,3406.533299,0.00022809999973105732,b
23.0,-,6,4159.1597529,1,5,0.0,0.0,0.0,1.0,4159.160677,-0.0009240999997928157,b
23.0,-,7,4902.7422222,1,6,0.0,0.0,0.0,1.0,4902.741372,0.0008501999991494813,b
23.0,-,8,5637.3865575,1,7,0.0,0.0,0.0,1.0,5637.388118,-0.0015604999998686253,b
24.0,+,1,329.6172291,1,0,0.0,0.0,0.0,1.0,329.618743,-0.001513900000020385,b
24.0,+,2,1119.3376964,1,1,0.0,0.0,0.0,1.0,1119.341321,-0.0036246000001938228,b
24.0,+,3,1899.5525489,1,2,0.0,0.0,0.0,1.0,1899.555036,-0.002487100000053033,b
24.0,+,4,2670.3807747,1,3,0.0,0.0,0.0,1.0,2670.380868,-9.330000011686934e-05,b
24.0,+,5,3431.9343385,1,4,0.0,0.0,0.0,1.0,3431.935235,-0.0008964999997260747,b
24.0,+,6,4184.3319819,1,5,0.0,0.0,0.0,1.0,4184.331925,5.689999943570001e-05,b
24.0,+,7,4927.6823741,1,6,0.0,0.0,0.0,1.0,4927.683625,-0.001250899999831745,b
24.0,+,8,5662.1069012,1,7,0.0,0.0,0.0,1.0,5662.103083,0.003818199999841454,b
25.0,-,1,357.0534536,1,0,0.0,0.0,0.0,1.0,357.052928,0.0005256000000031236,b
25.0,-,2,1146.5229088,1,1,0.0,0.0,0.0,1.0,1146.528051,-0.0051421999999092805,b
25.0,-,3,1926.4947514,1,2,0.0,0.0,0.0,1.0,1926.496154,-0.001402599999892118,b
25.0,-,4,2697.0773555,1,3,0.0,0.0,0.0,1.0,2697.078172,-0.0008164999999280553,b
25.0,-,5,3458.3905635,1,4,0.0,0.0,0.0,1.0,3458.390493,7.050000021990854e-05,b
25.0,-,6,4210.5456507,1,5,0.0,0.0,0.0,1.0,4210.546896,-0.001245299999936833,b
25.0,-,7,4953.6602446,1,6,0.0,0.0,0.0,1.0,4953.660071,0.00017359999947075266,b
25.0,-,8,5687.8429876,1,7,0.0,0.0,0.0,1.0,5687.842785,0.00020260000019334257,b
25.0,-,9,6413.2053666,1,8,0.0,0.0,0.0,1.0,6413.208732,-0.0033653999998932704,b
25.0,-,10,7129.8617642,1,9,0.0,0.0,0.0,1.0,7129.873108,-0.01134379999984958,b
26.0,+,1,385.5788546,1,0,0.0,0.0,0.0,1.0,385.578923,-6.839999997509949e-05,b
26.0,+,2,1174.7935762,1,1,0.0,0.0,0.0,1.0,1174.796703,-0.003126800000018193,b
26.0,+,3,1954.5070568,1,2,0.0,0.0,0.0,1.0,1954.509381,-0.0023241999999754626,b
26.0,+,4,2724.8377694,1,3,0.0,0.0,0.0,1.0,2724.837844,-7.460000006176415e-05,b
26.0,+,5,3485.8981653,1,4,0.0,0.0,0.0,1.0,3485.89845,-0.0002847000000656408,b
26.0,+,6,4237.8050881,1,5,0.0,0.0,0.0,1.0,4237.804967,0.00012109999988751952,b
26.0,+,7,4980.6697979,1,6,0.0,0.0,0.0,1.0,4980.67009,-0.00029209999956947286,b
26.0,+,8,5714.6073731,1,7,0.0,0.0,0.0,1.0,5714.606604,0.0007691000000704662,b
26.0,+,9,6439.7273463,1,8,0.0,0.0,0.0,1.0,6439.728234,-0.000887700000021141,b
27.0,-,1,415.1943752,1,0,0.0,0.0,0.0,1.0,415.196074,-0.0016987999999855674,b
27.0,-,2,1204.1432101,1,1,0.0,0.0,0.0,1.0,1204.146624,-0.00341389999994135,b
27.0,-,3,1983.5927471,1,2,0.0,0.0,0.0,1.0,1983.594065,-0.0013179000000036467,b
27.0,-,4,2753.6586651,1,3,0.0,0.0,0.0,1.0,2753.659233,-0.0005679000000782253,b
27.0,-,5,3514.4587493,1,4,0.0,0.0,0.0,1.0,3514.458456,0.00029330000006666523,b
27.0,-,6,4266.1050384,1,5,0.0,0.0,0.0,1.0,4266.10549,-0.0004515999999057385,b
27.0,-,7,5008.7132903,1,6,0.0,0.0,0.0,1.0,5008.713035,0.0002553000003899797,b
27.0,-,8,5742.3948796,1,7,0.0,0.0,0.0,1.0,5742.393897,0.0009826000004977686,b
28.0,+,1,445.9041894,1,0,0.0,0.0,0.0,1.0,445.903701,0.0004883999999947264,b
28.0,+,2,1234.5741236,1,1,0.0,0.0,0.0,1.0,1234.577136,-0.0030124000002160756,b
28.0,+,3,2013.7477338,1,2,0.0,0.0,0.0,1.0,2013.74953,-0.0017961999999442924,b
28.0,+,4,2783.5417601,1,3,0.0,0.0,0.0,1.0,2783.541665,9.509999972578953e-05,b
28.0,+,5,3544.0699523,1,4,0.0,0.0,0.0,1.0,3544.069838,0.0001142999999501626,b
28.0,+,6,4295.4481978,1,5,0.0,0.0,0.0,1.0,4295.447794,0.00040380000064033084,b
28.0,+,7,5037.7888337,1,6,0.0,0.0,0.0,1.0,5037.788237,0.0005967000006421586,b
28.0,+,9,6495.8081501,1,8,0.0,0.0,0.0,1.0,6495.808851,-0.0007009000000834931,b
29.0,-,1,477.7014795,1,0,0.0,0.0,0.0,1.0,477.701101,0.0003785000000107175,b
29.0,-,2,1266.0848307,1,1,0.0,0.0,0.0,1.0,1266.087537,-0.0027062999999998283,b
29.0,-,3,2044.9736118,1,2,0.0,0.0,0.0,1.0,2044.975073,-0.0014611999999942782,b
29.0,-,4,2814.484526,1,3,0.0,0.0,0.0,1.0,2814.484438,8.800000023256871e-05,b
29.0,-,5,3574.7321414,1,4,0.0,0.0,0.0,1.0,3574.731897,0.00024439999970127246,b
29.0,-,6,4325.8307682,1,5,0.0,0.0,0.0,1.0,4325.831181,-0.00041279999913967913,b
29.0,-,7,5067.8950096,1,6,0.0,0.0,0.0,1.0,5067.895001,8.600000001024455e-06,b
29.0,-,8,5801.0362072,1,7,0.0,0.0,0.0,1.0,5801.036203,4.200000148557592e-06,b
29.0,-,10,7240.9990395,1,9,0.0,0.0,0.0,1.0,7241.007577,-0.008537499999874854,b
30.0,+,1,510.5880594,1,0,0.0,0.0,0.0,1.0,510.587543,0.00051640000003772,b
30.0,+,2,1298.6745136,1,1,0.0,0.0,0.0,1.0,1298.677097,-0.0025834000000486412,b
30.0,+,3,2077.2688249,1,2,0.0,0.0,0.0,1.0,2077.269968,-0.0011431000002630753,b
30.0,+,4,2846.4869554,1,3,0.0,0.0,0.0,1.0,2846.486829,0.0001264000002265675,b
30.0,+,5,3606.4443206,1,4,0.0,0.0,0.0,1.0,3606.44391,0.0004106000001229404,b
30.0,+,6,4357.2549611,1,5,0.0,0.0,0.0,1.0,4357.25493,3.110000034212135e-05,b
30.0,+,7,5099.0329653,1,6,0.0,0.0,0.0,1.0,5099.032605,0.000360299999556446,b
30.0,+,9,6555.9396689,1,8,0.0,0.0,0.0,1.0,6555.940386,-0.0007171000006565009,b
31.0,-,1,544.5624127,1,0,0.0,0.0,0.0,1.0,544.562273,0.00013969999997698324,b
31.0,-,2,1332.3426563,1,1,0.0,0.0,0.0,1.0,1332.345063,-0.0024066999999377003,b
31.0,-,3,2110.6324679,1,2,0.0,0.0,0.0,1.0,2110.633462,-0.0009940999998434563,b
31.0,-,4,2879.5484744,1,3,0.0,0.0,0.0,1.0,2879.548085,0.0003894000001309905,b
31.0,-,5,3639.2054482,1,4,0.0,0.0,0.0,1.0,3639.205126,0.0003222000000278058,b
31.0,-,6,4389.7184571,1,5,0.0,0.0,0.0,1.0,4389.718292,0.00016510000023117755,b
31.0,-,7,5131.2000251,1,6,0.0,0.0,0.0,1.0,5131.200306,-0.0002808999997796491,b
31.0,-,8,5863.76468,1,7,0.0,0.0,0.0,1.0,5863.764058,0.000622000000475964,b
31.0,-,9,6587.5219094,1,8,0.0,0.0,0.0,1.0,6587.52344,-0.001530599999568949,b
32.0,+,1,579.6252752,1,0,0.0,0.0,0.0,1.0,579.624509,0.0007662000000436819,b
32.0,+,2,1367.0879723,1,1,0.0,0.0,0.0,1.0,1367.090655,-0.0026826999999229884,b
32.0,+,3,2145.0638048,1,2,0.0,0.0,0.0,1.0,2145.064779,-0.0009741999997459061,b
32.0,+,4,2913.6678071,1,3,0.0,0.0,0.0,1.0,2913.667432,0.0003750999999283522,b
32.0,+,5,3673.0151854,1,4,0.0,0.0,0.0,1.0,3673.014774,0.0004113999998480722,b
32.0,+,6,4423.2201877,1,5,0.0,0.0,0.0,1.0,4423.220497,-0.00030930000048101647,b
32.0,+,7,5164.3973423,1,6,0.0,0.0,0.0,1.0,5164.397332,1.0300000212737359e-05,b
32.0,+,8,5896.6579275,1,7,0.0,0.0,0.0,1.0,5896.658192,-0.00026449999950273195,b
32.0,+,9,6620.117684,1,8,0.0,0.0,0.0,1.0,6620.117007,0.0006769999999960419,b
33.0,-,1,615.7737192,1,0,0.0,0.0,0.0,1.0,615.773447,0.00027219999992667,b
33.0,-,2,1402.9109575,1,1,0.0,0.0,0.0,1.0,1402.913071,-0.0021134999999503634,b
33.0,-,3,2180.5622499,1,2,0.0,0.0,0.0,1.0,2180.563115,-0.0008650999998280895,b
33.0,-,4,2948.8445478,1,3,0.0,0.0,0.0,1.0,2948.844068,0.00047979999999370193,b
33.0,-,5,3707.8723005,1,4,0.0,0.0,0.0,1.0,3707.872053,0.000247500000114087,b
33.0,-,6,4457.7613009,1,5,0.0,0.0,0.0,1.0,4457.760748,0.0005529000000024098,b
33.0,-,7,5198.622587,1,6,0.0,0.0,0.0,1.0,5198.622889,-0.0003020000003743917,b
33.0,-,8,5930.5744593,1,7,0.0,0.0,0.0,1.0,5930.571416,0.0030433000001721666,b
33.0,-,9,6653.718273,1,8,0.0,0.0,0.0,1.0,6653.720296,-0.0020230000000083237,b
33.0,-,10,7368.1758755,1,9,0.0,0.0,0.0,1.0,7368.185078,-0.00920250000035594,b
34.0,+,1,653.0090056,1,0,0.0,0.0,0.0,1.0,653.008256,0.0007496000000628555,b
34.0,+,2,1439.8092642,1,1,0.0,0.0,0.0,1.0,1439.811481,-0.002216800000041985,b
34.0,+,3,2217.1270391,1,2,0.0,0.0,0.0,1.0,2217.127644,-0.0006049000003258698,b
34.0,+,4,2985.0777017,1,3,0.0,0.0,0.0,1.0,2985.077169,0.0005326999998942483,b
34.0,+,5,3743.7766198,1,4,0.0,0.0,0.0,1.0,3743.77614,0.00047979999999370193,b
34.0,+,6,4493.3378143,1,5,0.0,0.0,0.0,1.0,4493.338221,-0.00040669999998499407,b
34.0,+,7,5233.876126,1,6,0.0,0.0,0.0,1.0,5233.876157,-3.099999958067201e-05,b
34.0,+,8,5965.5031654,1,7,0.0,0.0,0.0,1.0,5965.502911,0.00025440000081289327,b
34.0,+,9,6688.330373,1,8,0.0,0.0,0.0,1.0,6688.332491,-0.002118000000336906,b
35.0,-,1,691.3289175,1,0,0.0,0.0,0.0,1.0,691.328079,0.0008384999999861975,b
35.0,-,2,1477.7830727,1,1,0.0,0.0,0.0,1.0,1477.78503,-0.0019572999999581953,b
35.0,-,3,2254.7570742,1,2,0.0,0.0,0.0,1.0,2254.757512,-0.0004378000003271154,b
35.0,-,4,3022.3665354,1,3,0.0,0.0,0.0,1.0,3022.365882,0.000653399999919202,b
35.0,-,5,3780.7265801,1,4,0.0,0.0,0.0,1.0,3780.726185,0.00039509999987785704,b
35.0,-,6,4529.952174,1,5,0.0,0.0,0.0,1.0,4529.952071,0.00010300000030838419,b
35.0,-,7,5270.1560494,1,6,0.0,0.0,0.0,1.0,5270.156291,-0.00024160000066331122,b
35.0,-,8,6001.4492726,1,7,0.0,0.0,0.0,1.0,6001.451835,-0.0025623999999879743,b
36.0,+,1,730.7323455,1,0,0.0,0.0,0.0,1.0,730.732036,0.00030949999995755206,b
36.0,+,2,1516.8310866,1,1,0.0,0.0,0.0,1.0,1516.832838,-0.0017514000001028762,b
36.0,+,3,2293.4514467,1,2,0.0,0.0,0.0,1.0,2293.451841,-0.00039430000015272526,b
36.0,+,4,3060.7099914,1,3,0.0,0.0,0.0,1.0,3060.709332,0.0006594000001314271,b
36.0,+,5,3818.7215939,1,4,0.0,0.0,0.0,1.0,3818.721316,0.0002778999996735365,b
36.0,+,6,4567.6015423,1,5,0.0,0.0,0.0,1.0,4567.601426,0.00011629999971773941,b
36.0,+,7,5307.4622639,1,6,0.0,0.0,0.0,1.0,5307.462422,-0.00015809999968041666,b
36.0,+,8,6038.4183693,1,7,0.0,0.0,0.0,1.0,6038.417321,0.001048300000547897,b
37.0,-,1,771.220192,1,0,0.0,0.0,0.0,1.0,771.219218,0.0009740000000419968,b
37.0,-,2,1556.9521855,1,1,0.0,0.0,0.0,1.0,1556.954002,-0.0018164999999044085,b
37.0,-,3,2333.209329,1,2,0.0,0.0,0.0,1.0,2333.209729,-0.00040000000035433914,b
37.0,-,4,3100.1071606,1,3,0.0,0.0,0.0,1.0,3100.106619,0.000541599999905884,b
37.0,-,5,3857.7606802,1,4,0.0,0.0,0.0,1.0,3857.760632,4.820000003746827e-05,b
37.0,-,6,4606.2853167,1,5,0.0,0.0,0.0,1.0,4606.285388,-7.129999994504033e-05,b
37.0,-,7,5345.794048,1,6,0.0,0.0,0.0,1.0,5345.793654,0.00039399999968736665,b
38.0,+,1,812.7889756,1,0,0.0,0.0,0.0,1.0,812.788696,0.00027959999999893625,b
38.0,+,2,1598.1457194,1,1,0.0,0.0,0.0,1.0,1598.147589,-0.0018695999999636115,b
38.0,+,3,2374.0298207,1,2,0.0,0.0,0.0,1.0,2374.030247,-0.00042630000007193303,b
38.0,+,4,3140.5578158,1,3,0.0,0.0,0.0,1.0,3140.556815,0.0010007999999288586,b
38.0,+,5,3897.8434091,1,4,0.0,0.0,0.0,1.0,3897.843209,0.00020009999980175053,b
38.0,+,6,4646.0026515,1,5,0.0,0.0,0.0,1.0,4646.003036,-0.0003845000001092558,b
38.0,+,8,6115.395656,1,7,0.0,0.0,0.0,1.0,6115.394384,0.0012719999995169928,b
38.0,+,10,7549.6311195,1,9,0.0,0.0,0.0,1.0,7549.641231,-0.010111499999766238,b
39.0,-,1,855.4393294,1,0,0.0,0.0,0.0,1.0,855.43951,-0.00018060000002151355,b
39.0,-,2,1640.4109423,1,1,0.0,0.0,0.0,1.0,1640.412646,-0.0017037000000073022,b
39.0,-,3,2415.9122335,1,2,0.0,0.0,0.0,1.0,2415.912442,-0.00020849999964411836,b
39.0,-,4,3182.0594515,1,3,0.0,0.0,0.0,1.0,3182.058968,0.00048349999997299165,b
39.0,-,5,3938.9681486,1,4,0.0,0.0,0.0,1.0,3938.968099,4.959999978382257e-05,b
39.0,-,6,4686.7537355,1,5,0.0,0.0,0.0,1.0,4686.753422,0.00031350000062957406,b
39.0,-,7,5425.5280695,1,6,0.0,0.0,0.0,1.0,5425.527721,0.0003484999997453997,b
39.0,-,8,6155.4064232,1,7,0.0,0.0,0.0,1.0,6155.404102,0.0023211999996419763,b
39.0,-,9,6876.4948831,1,8,0.0,0.0,0.0,1.0,6876.496794,-0.0019108999995296472,b
39.0,-,10,7588.9176867,1,9,0.0,0.0,0.0,1.0,7588.921681,-0.003994300000158546,b
40.0,+,1,899.1710381,1,0,0.0,0.0,0.0,1.0,899.17068,0.0003581000000849599,b
40.0,+,2,1683.7464655,1,1,0.0,0.0,0.0,1.0,1683.748191,-0.0017254999997931009,b
40.0,+,3,2458.8553132,1,2,0.0,0.0,0.0,1.0,2458.855335,-2.1800000013172394e-05,b
40.0,+,4,3224.6124706,1,3,0.0,0.0,0.0,1.0,3224.612104,0.0003666000002340297,b
40.0,+,5,3981.1347107,1,4,0.0,0.0,0.0,1.0,3981.134326,0.0003847000002679124,b
40.0,+,6,4728.5351356,1,5,0.0,0.0,0.0,1.0,4728.535574,-0.0004384000003483379,b
40.0,+,7,5466.9293142,1,6,0.0,0.0,0.0,1.0,5466.928641,0.0006731999992553028,b
40.0,+,8,6196.4266294,1,7,0.0,0.0,0.0,1.0,6196.426664,-3.459999970800709e-05,b
40.0,+,9,6917.1461777,1,8,0.0,0.0,0.0,1.0,6917.143919,0.0022587000003113644,b
41.0,-,1,943.9811378,1,0,0.0,0.0,0.0,1.0,943.981196,-5.819999989853386e-05,b
41.0,-,2,1728.1517844,1,1,0.0,0.0,0.0,1.0,1728.153218,-0.0014335999999275373,b
41.0,-,3,2502.8578338,1,2,0.0,0.0,0.0,1.0,2502.857921,-8.719999959794222e-05,b
41.0,-,4,3268.2162493,1,3,0.0,0.0,0.0,1.0,3268.215219,0.0010302999999112217,b
41.0,-,5,4024.3410163,1,4,0.0,0.0,0.0,1.0,4024.340892,0.00012429999969754135,b
41.0,-,6,4771.3484062,1,5,0.0,0.0,0.0,1.0,4771.348496,-8.97999998414889e-05,b
41.0,-,7,5509.3507479,1,6,0.0,0.0,0.0,1.0,5509.350835,-8.710000020073494e-05,b
41.0,-,8,6238.4631415,1,7,0.0,0.0,0.0,1.0,6238.461077,0.002064500000415137,b
41.0,-,9,6958.7917292,1,8,0.0,0.0,0.0,1.0,6958.793549,-0.0018197999997937586,b
42.0,+,1,989.8702208,1,0,0.0,0.0,0.0,1.0,989.870025,0.00019579999991492514,b
42.0,+,2,1773.6251349,1,1,0.0,0.0,0.0,1.0,1773.626696,-0.0015611000001172215,b
42.0,+,3,2547.9194781,1,2,0.0,0.0,0.0,1.0,2547.919173,0.0003051000003324589,b
42.0,+,4,3312.8679093,1,3,0.0,0.0,0.0,1.0,3312.867286,0.0006232999999156164,b
42.0,+,5,4068.5870134,1,4,0.0,0.0,0.0,1.0,4068.586771,0.00024239999993369565,b
42.0,+,6,4815.1906192,1,5,0.0,0.0,0.0,1.0,4815.191165,-0.000545800000509189,b
42.0,+,7,5552.7933376,1,6,0.0,0.0,0.0,1.0,5552.793282,5.560000045079505e-05,b
42.0,+,8,6281.5070405,1,7,0.0,0.0,0.0,1.0,6281.506324,0.0007164999997257837,b
42.0,+,9,7001.4434589,1,8,0.0,0.0,0.0,1.0,7001.44467,-0.0012110999996366445,b
43.0,-,1,1036.8359428,1,0,0.0,0.0,0.0,1.0,1036.83611,-0.000167199999850709,b
43.0,-,2,1820.1662316,1,1,0.0,0.0,0.0,1.0,1820.167569,-0.0013374000000112574,b
43.0,-,3,2594.037857,1,2,0.0,0.0,0.0,1.0,2594.038034,-0.00017700000034892582,b
43.0,-,4,3358.5680547,1,3,0.0,0.0,0.0,1.0,3358.567255,0.0007997000002433197,b
43.0,-,5,4113.8709985,1,4,0.0,0.0,0.0,1.0,4113.870914,8.449999950244091e-05,b
43.0,-,6,4860.0618126,1,5,0.0,0.0,0.0,1.0,4860.062534,-0.0007213999997475185,b
43.0,-,7,5597.2554343,1,6,0.0,0.0,0.0,1.0,5597.25494,0.0004943000003549969,b
43.0,-,8,6325.5589777,1,7,0.0,0.0,0.0,1.0,6325.561366,-0.0023883000003479538,b
43.0,-,9,7045.0979681,1,8,0.0,0.0,0.0,1.0,7045.096244,0.0017240999995919992,b
43.0,-,10,7755.9710349,1,9,0.0,0.0,0.0,1.0,7755.975718,-0.004683099999965634,b
44.0,+,1,1084.8786424,1,0,0.0,0.0,0.0,1.0,1084.878365,0.000277399999959016,b
44.0,+,2,1867.7731596,1,1,0.0,0.0,0.0,1.0,1867.774754,-0.001594399999930829,b
44.0,+,3,2641.2137819,1,2,0.0,0.0,0.0,1.0,2641.213427,0.0003548999998201907,b
44.0,+,4,3405.3144817,1,3,0.0,0.0,0.0,1.0,3405.314046,0.0004357000002528366,b
44.0,+,5,4160.1924837,1,4,0.0,0.0,0.0,1.0,4160.192246,0.00023770000007061753,b
44.0,+,6,4905.960593,1,5,0.0,0.0,0.0,1.0,4905.961531,-0.0009380000001328881,b
44.0,+,7,5642.7345991,1,6,0.0,0.0,0.0,1.0,5642.734737,-0.00013789999957225518,b
44.0,+,8,6370.6262045,1,7,0.0,0.0,0.0,1.0,6370.625133,0.0010715000007621711,b
44.0,+,9,7089.7492258,1,8,0.0,0.0,0.0,1.0,7089.747208,0.002017800000430725,b
44.0,+,10,7800.2111303,1,9,0.0,0.0,0.0,1.0,7800.217171,-0.006040700000085053,b
45.0,-,1,1133.9951,1,0,0.0,0.0,0.0,1.0,1133.995681,-0.0005810000000110449,b
45.0,-,2,1916.446476,1,1,0.0,0.0,0.0,1.0,1916.447144,-0.0006679999999050779,b
45.0,-,3,2689.4440851,1,2,0.0,0.0,0.0,1.0,2689.444245,-0.00015990000019883155,b
45.0,-,4,3453.1073729,1,3,0.0,0.0,0.0,1.0,3453.106558,0.0008149000000230444,b
45.0,-,5,4207.5494849,1,4,0.0,0.0,0.0,1.0,4207.549668,-0.00018309999995835824,b
45.0,-,6,4952.8867211,1,5,0.0,0.0,0.0,1.0,4952.887059,-0.0003378999999767984,b
45.0,-,7,5689.2310198,1,6,0.0,0.0,0.0,1.0,5689.231579,-0.0005592000006799935,b
45.0,-,8,6416.6984099,1,7,0.0,0.0,0.0,1.0,6416.696536,0.00187389999973675,b
45.0,-,9,7135.3972188,1,8,0.0,0.0,0.0,1.0,7135.396473,0.0007458000000042375,b
46.0,+,1,1184.1869369,1,0,0.0,0.0,0.0,1.0,1184.186924,1.2900000001536682e-05,b
46.0,+,2,1966.1821775,1,1,0.0,0.0,0.0,1.0,1966.183606,-0.0014284999999745196,b
46.0,+,3,2738.7301293,1,2,0.0,0.0,0.0,1.0,2738.729358,0.0007712999999966996,b
46.0,+,4,3501.943989,1,3,0.0,0.0,0.0,1.0,3501.943663,0.00032599999985905015,b
46.0,+,5,4255.9420251,1,4,0.0,0.0,0.0,1.0,4255.942053,-2.789999962260481e-05,b
46.0,+,6,5000.8370121,1,5,0.0,0.0,0.0,1.0,5000.837995,-0.0009829000000536325,b
46.0,+,7,5736.7441668,1,6,0.0,0.0,0.0,1.0,5736.744348,-0.00018120000004273606,b
46.0,+,8,6463.7753006,1,7,0.0,0.0,0.0,1.0,6463.774458,0.0008426000003964873,b
46.0,+,9,7182.048374,1,8,0.0,0.0,0.0,1.0,7182.042925,0.0054490000002260786,b
47.0,-,1,1235.4502561,1,0,0.0,0.0,0.0,1.0,1235.450933,-0.0006769000001440872,b
47.0,-,2,2016.9823089,1,1,0.0,0.0,0.0,1.0,2016.982984,-0.0006751000000804197,b
47.0,-,3,2789.0678157,1,2,0.0,0.0,0.0,1.0,2789.067612,0.00020370000038383296,b
47.0,-,4,3551.8251162,1,3,0.0,0.0,0.0,1.0,3551.824208,0.0009082000001399138,b
47.0,-,5,4305.367679,1,4,0.0,0.0,0.0,1.0,4305.368251,-0.0005719999999200809,b
47.0,-,6,5049.8125496,1,5,0.0,0.0,0.0,1.0,5049.813191,-0.000641399999949499,b
47.0,-,7,5785.2716053,1,6,0.0,0.0,0.0,1.0,5785.271898,-0.00029269999959069537,b
47.0,-,8,6511.8604135,1,7,0.0,0.0,0.0,1.0,6511.857757,0.0026564999998299754,b
47.0,-,9,7229.686018,1,8,0.0,0.0,0.0,1.0,7229.685428,0.0005900000005567563,b
48.0,+,1,1287.7863624,1,0,0.0,0.0,0.0,1.0,1287.786524,-0.00016160000018317078,b
48.0,+,2,2068.8430103,1,1,0.0,0.0,0.0,1.0,2068.844093,-0.0010827000000972475,b
48.0,+,3,2840.4587247,1,2,0.0,0.0,0.0,1.0,2840.457824,0.0009006999998746323,b
48.0,+,4,3602.7472137,1,3,0.0,0.0,0.0,1.0,3602.747015,0.00019870000005539623,b
48.0,+,5,4355.8269443,1,4,0.0,0.0,0.0,1.0,4355.827088,-0.00014370000008057104,b
48.0,+,6,5099.8099006,1,5,0.0,0.0,0.0,1.0,5099.811475,-0.0015744000002086977,b
48.0,+,7,5834.8137261,1,6,0.0,0.0,0.0,1.0,5834.81306,0.000666099999762082,b
48.0,+,8,6560.9456853,1,7,0.0,0.0,0.0,1.0,6560.945268,0.00041729999975359533,b
49.0,-,1,1341.1917138,1,0,0.0,0.0,0.0,1.0,1341.192484,-0.0007702000000335829,b
49.0,-,2,2121.7653746,1,1,0.0,0.0,0.0,1.0,2121.765724,-0.00034939999977723346,b
49.0,-,3,2892.8991316,1,2,0.0,0.0,0.0,1.0,2892.89879,0.00034159999995608814,b
49.0,-,4,3654.7122269,1,3,0.0,0.0,0.0,1.0,3654.71088,0.0013469000000441156,b
49.0,-,5,4407.3167669,1,4,0.0,0.0,0.0,1.0,4407.317362,-0.0005950999993729056,b
49.0,-,6,5150.8315101,1,5,0.0,0.0,0.0,1.0,5150.831649,-0.00013889999991079094,b
49.0,-,7,5885.3645028,1,6,0.0,0.0,0.0,1.0,5885.366639,-0.002136199999767996,b
49.0,-,8,6611.0376826,1,7,0.0,0.0,0.0,1.0,6611.035798,0.0018846000002668006,b
49.0,-,9,7327.9545375,1,8,0.0,0.0,0.0,1.0,7327.953907,0.0006304999997155392,b
49.0,-,10,8036.2321466,1,9,0.0,0.0,0.0,1.0,8036.237551,-0.005404399999861198,b
50.0,+,1,1395.6674697,1,0,0.0,0.0,0.0,1.0,1395.667577,-0.00010729999985414906,b
50.0,+,2,2175.7454696,1,1,0.0,0.0,0.0,1.0,2175.746645,-0.0011754000001928944,b
50.0,+,3,2946.3904285,1,2,0.0,0.0,0.0,1.0,2946.389277,0.0011514999996506958,b
50.0,+,4,3707.715081,1,3,0.0,0.0,0.0,1.0,3707.714574,0.0005069999997431296,b
50.0,+,5,4459.8380289,1,4,0.0,0.0,0.0,1.0,4459.837847,0.0001818999999159132,b
50.0,+,6,5202.8712544,1,5,0.0,0.0,0.0,1.0,5202.87249,-0.0012355999997453182,b
50.0,+,7,5936.9323223,1,6,0.0,0.0,0.0,1.0,5936.931416,0.0009062999997695442,b
50.0,+,8,6662.1280405,1,7,0.0,0.0,0.0,1.0,6662.128131,-9.050000062416075e-05,b
50.0,+,9,7378.5797337,1,8,0.0,0.0,0.0,1.0,7378.577483,0.0022507000003315625,b
51.0,-,1,1451.209407,1,0,0.0,0.0,0.0,1.0,1451.210542,-0.0011349999999765714,b
51.0,-,2,2230.7856608,1,1,0.0,0.0,0.0,1.0,2230.785595,6.580000035683042e-05,b
51.0,-,3,3000.9281628,1,2,0.0,0.0,0.0,1.0,3000.928028,0.00013480000006893533,b
51.0,-,4,3761.7580796,1,3,0.0,0.0,0.0,1.0,3761.756844,0.0012356000002000656,b
51.0,-,5,4513.3862218,1,4,0.0,0.0,0.0,1.0,4513.387293,-0.0010711999993873178,b
51.0,-,6,5255.931589,1,5,0.0,0.0,0.0,1.0,5255.932751,-0.0011620000004768372,b
51.0,-,7,5989.5056789,1,6,0.0,0.0,0.0,1.0,5989.506145,-0.00046610000026703347,b
51.0,-,8,6714.2231446,1,7,0.0,0.0,0.0,1.0,6714.221027,0.0021176000000195927,b
51.0,-,9,7430.1947548,1,8,0.0,0.0,0.0,1.0,7430.192307,0.002447799999572453,b
52.0,+,1,1507.82011,1,0,0.0,0.0,0.0,1.0,1507.820091,1.900000006571645e-05,b
52.0,+,2,2286.880314,1,1,0.0,0.0,0.0,1.0,2286.881289,-0.0009749999999257852,b
52.0,+,3,3056.5150219,1,2,0.0,0.0,0.0,1.0,3056.513763,0.0012589000002662942,b
52.0,+,4,3816.8363246,1,3,0.0,0.0,0.0,1.0,3816.83641,-8.539999998902204e-05,b
52.0,+,5,4567.964088,1,4,0.0,0.0,0.0,1.0,4567.964423,-0.0003350000006321352,b
52.0,+,6,5310.0092371,1,5,0.0,0.0,0.0,1.0,5310.011158,-0.0019209000001865206,b
52.0,+,7,6043.0894021,1,6,0.0,0.0,0.0,1.0,6043.089558,-0.00015589999929943588,b
52.0,+,8,6767.3151737,1,7,0.0,0.0,0.0,1.0,6767.313218,0.001955699999598437,b
53.0,-,1,1565.4935273,1,0,0.0,0.0,0.0,1.0,1565.494911,-0.0013836999999057298,b
53.0,-,2,2344.0328223,1,1,0.0,0.0,0.0,1.0,2344.032417,0.00040530000023863977,b
53.0,-,3,3113.1455059,1,2,0.0,0.0,0.0,1.0,3113.145172,0.00033389999998689746,b
53.0,-,4,3872.9532429,1,3,0.0,0.0,0.0,1.0,3872.951967,0.0012759000001096865,b
53.0,-,5,4623.5667267,1,4,0.0,0.0,0.0,1.0,4623.567935,-0.001208300000143936,b
53.0,-,6,5365.1057503,1,5,0.0,0.0,0.0,1.0,5365.106412,-0.0006616999999096151,b
53.0,-,7,6097.6790819,1,6,0.0,0.0,0.0,1.0,6097.680358,-0.0012760999998135958,b
53.0,-,8,7536.3934215,1,8,0.0,0.0,0.0,1.0,7536.390629,0.0027924999994866084,b
54.0,+,1,1624.233534,1,0,0.0,0.0,0.0,1.0,1624.233664,-0.0001300000001265289,b
54.0,+,2,2402.2369662,1,1,0.0,0.0,0.0,1.0,2402.237644,-0.0006777999997211737,b
54.0,+,3,3170.8225202,1,2,0.0,0.0,0.0,1.0,3170.820924,0.0015961999997671228,b
54.0,+,4,3930.1020471,1,3,0.0,0.0,0.0,1.0,3930.102186,-0.00013889999991079094,b
54.0,+,5,4680.1962704,1,4,0.0,0.0,0.0,1.0,4680.196503,-0.00023260000034497352,b
54.0,+,6,5421.2150379,1,5,0.0,0.0,0.0,1.0,5421.217191,-0.002153099999304686,b
54.0,+,7,6153.2769433,1,6,0.0,0.0,0.0,1.0,6153.277226,-0.0002826999998433166,b
54.0,+,8,6876.4910564,1,7,0.0,0.0,0.0,1.0,6876.490298,0.0007584000004499103,b
54.0,+,9,7590.9723726,1,8,0.0,0.0,0.0,1.0,7590.971526,0.0008465999999316409,b
55.0,-,1,1684.0334287,1,0,0.0,0.0,0.0,1.0,1684.034986,-0.0015572999998312298,b
55.0,-,2,2461.4956618,1,1,0.0,0.0,0.0,1.0,2461.495609,5.2800000048591755e-05,b
55.0,-,3,3229.5402083,1,2,0.0,0.0,0.0,1.0,3229.539659,0.0005492999998750747,b
55.0,-,4,3988.2867322,1,3,0.0,0.0,0.0,1.0,3988.285711,0.0010212000001956767,b
55.0,-,5,4737.8468464,1,4,0.0,0.0,0.0,1.0,4737.848774,-0.001927600000271923,b
55.0,-,6,5478.3408464,1,5,0.0,0.0,0.0,1.0,5478.342145,-0.001298599999245198,b
55.0,-,7,6209.8771177,1,6,0.0,0.0,0.0,1.0,6209.878817,-0.0016992999999274616,b
55.0,-,8,6932.5742256,1,7,0.0,0.0,0.0,1.0,6932.572528,0.0016976000006252434,b
55.0,-,9,7646.5422145,1,8,0.0,0.0,0.0,1.0,7646.538473,0.0037415000006149057,b
55.0,-,10,8351.8884767,1,9,0.0,0.0,0.0,1.0,8351.893746,-0.005269299999781651,b
56.0,+,1,1744.896674,1,0,0.0,0.0,0.0,1.0,1744.897487,-0.0008129999998800486,b
56.0,+,2,2521.8047408,1,1,0.0,0.0,0.0,1.0,2521.804924,-0.00018319999981031287,b
56.0,+,3,3289.3015198,1,2,0.0,0.0,0.0,1.0,3289.299995,0.0015247999999701278,b
56.0,+,4,4047.5011499,1,3,0.0,0.0,0.0,1.0,4047.501162,-1.2099999821657548e-05,b
56.0,+,5,4796.5229474,1,4,0.0,0.0,0.0,1.0,4796.523371,-0.00042360000043117907,b
56.0,+,6,5536.4770007,1,5,0.0,0.0,0.0,1.0,5536.4799,-0.0028993000005357317,b
56.0,+,7,6267.4826687,1,6,0.0,0.0,0.0,1.0,6267.48376,-0.0010912999996435246,b
56.0,+,8,6989.6497356,1,7,0.0,0.0,0.0,1.0,6989.648739,0.000996599999780301,b
56.0,+,9,7703.0902303,1,8,0.0,0.0,0.0,1.0,7703.090106,0.00012430000060703605,b
57.0,-,1,1806.8183765,1,0,0.0,0.0,0.0,1.0,1806.819753,-0.0013764999998784333,b
57.0,-,2,2583.1645905,1,1,0.0,0.0,0.0,1.0,2583.164178,0.0004125000000385626,b
57.0,-,3,3350.1016657,1,2,0.0,0.0,0.0,1.0,3350.100522,0.0011436999998295505,b
57.0,-,4,4107.7471976,1,3,0.0,0.0,0.0,1.0,4107.747133,6.459999985963805e-05,b
57.0,-,5,4856.2172683,1,4,0.0,0.0,0.0,1.0,4856.218892,-0.001623699999981909,b
57.0,-,6,5595.6270917,1,5,0.0,0.0,0.0,1.0,5595.629058,-0.001966300000276533,b
57.0,-,7,6326.0902612,1,6,0.0,0.0,0.0,1.0,6326.09066,-0.00039879999985714676,b
57.0,-,8,7047.7188096,1,7,0.0,0.0,0.0,1.0,7047.717539,0.0012705999997706385,b
58.0,+,1,1869.7991448,1,0,0.0,0.0,0.0,1.0,1869.800343,-0.0011982000000898552,b
58.0,+,2,2645.5719313,1,1,0.0,0.0,0.0,1.0,2645.571932,-6.999998731771484e-07,b
58.0,+,3,3411.9409824,1,2,0.0,0.0,0.0,1.0,3411.939805,0.0011773999999604712,b
58.0,+,4,4169.0224138,1,3,0.0,0.0,0.0,1.0,4169.022192,0.00022179999996296829,b
58.0,+,5,4916.9325773,1,4,0.0,0.0,0.0,1.0,4916.933909,-0.0013317000002643908,b
58.0,+,6,5655.7858989,1,5,0.0,0.0,0.0,1.0,5655.788193,-0.002294100000653998,b
58.0,+,7,6385.6969746,1,6,0.0,0.0,0.0,1.0,6385.698097,-0.001122399999985646,b
58.0,+,8,7106.7790537,1,7,0.0,0.0,0.0,1.0,7106.777511,0.0015426999998453539,b
58.0,+,9,7819.1457027,1,8,0.0,0.0,0.0,1.0,7819.14186,0.0038426999999501277,b
59.0,-,1,1933.8363034,1,0,0.0,0.0,0.0,1.0,1933.837791,-0.001487600000018574,b
59.0,-,2,2709.0269311,1,1,0.0,0.0,0.0,1.0,2709.026725,0.00020610000001397566,b
59.0,-,3,3474.8176527,1,2,0.0,0.0,0.0,1.0,3474.816385,0.001267699999971228,b
59.0,-,4,4231.3255162,1,3,0.0,0.0,0.0,1.0,4231.324883,0.0006331999993562931,b
59.0,-,5,4978.6655367,1,4,0.0,0.0,0.0,1.0,4978.666968,-0.0014313000001493492,b
59.0,-,6,5716.9535039,1,5,0.0,0.0,0.0,1.0,5716.955858,-0.002354100000047765,b
59.0,-,7,6446.3030668,1,6,0.0,0.0,0.0,1.0,6446.304624,-0.0015572000002066488,b
59.0,-,8,7166.8285785,1,7,0.0,0.0,0.0,1.0,7166.827214,0.0013644999999087304,b
60.0,+,1,1998.9289637,1,0,0.0,0.0,0.0,1.0,1998.930605,-0.0016413000000738975,b
60.0,+,2,2773.5273704,1,1,0.0,0.0,0.0,1.0,2773.527067,0.00030340000012074597,b
60.0,+,3,3538.7302192,1,2,0.0,0.0,0.0,1.0,3538.728776,0.0014432000002670975,b
60.0,+,4,4294.654088,1,3,0.0,0.0,0.0,1.0,4294.653723,0.00036499999987427145,b
60.0,+,5,5041.4146979,1,4,0.0,0.0,0.0,1.0,5041.41659,-0.0018921000000773347,b
60.0,+,6,5779.1281911,1,5,0.0,0.0,0.0,1.0,5779.130575,-0.002383900000495487,b
60.0,+,7,6507.9068437,1,6,0.0,0.0,0.0,1.0,6507.908771,-0.001927300000716059,b
60.0,+,8,7227.8667159,1,7,0.0,0.0,0.0,1.0,7227.865181,0.0015348999995694612,b
61.0,-,1,2065.075116,1,0,0.0,0.0,0.0,1.0,2065.077268,-0.0021520000000236905,b
61.0,-,2,2839.071964,1,1,0.0,0.0,0.0,1.0,2839.071445,0.0005190000001675799,b
61.0,-,3,3603.6768593,1,2,0.0,0.0,0.0,1.0,3603.675468,0.0013913000002503395,b
61.0,-,4,4359.0073156,1,3,0.0,0.0,0.0,1.0,4359.007206,0.00010959999963233713,b
61.0,-,5,5105.1797027,1,4,0.0,0.0,0.0,1.0,5105.181272,-0.001569299999573559,b
61.0,-,6,5842.3078794,1,5,0.0,0.0,0.0,1.0,5842.310846,-0.0029666000000361237,b
61.0,-,7,6570.5078693,1,6,0.0,0.0,0.0,1.0,6570.509042,-0.001172700000097393,b
61.0,-,8,7289.8893176,1,7,0.0,0.0,0.0,1.0,7289.88992,-0.0006023999994795304,b
61.0,-,9,8000.5703367,1,8,0.0,0.0,0.0,1.0,8000.56915,0.0011866999993799254,b
62.0,+,1,2132.2742502,1,0,0.0,0.0,0.0,1.0,2132.276237,-0.0019867999999405583,b
62.0,+,2,2905.6585997,1,1,0.0,0.0,0.0,1.0,2905.658317,0.00028270000029806397,b
62.0,+,3,3669.6563305,1,2,0.0,0.0,0.0,1.0,3669.654923,0.0014074999999138527,b
62.0,+,4,4424.3837476,1,3,0.0,0.0,0.0,1.0,4424.383798,-5.03999999637017e-05,b
62.0,+,5,5169.9572043,1,4,0.0,0.0,0.0,1.0,5169.959485,-0.0022807000004831934,b
62.0,+,6,5906.4914186,1,5,0.0,0.0,0.0,1.0,5906.495145,-0.0037264000002323883,b
62.0,+,7,6634.1012967,1,6,0.0,0.0,0.0,1.0,6634.103915,-0.0026182999999946333,b
62.0,+,8,7352.9010664,1,7,0.0,0.0,0.0,1.0,7352.899914,0.001152400000137277,b
62.0,+,9,8063.000361,1,8,0.0,0.0,0.0,1.0,8062.998898,0.001463000000512693,b
63.0,-,1,2200.5239975,1,0,0.0,0.0,0.0,1.0,2200.525944,-0.0019465000000309374,b
63.0,-,2,2973.2864694,1,1,0.0,0.0,0.0,1.0,2973.28612,0.00034939999977723346,b
63.0,-,3,3736.6669338,1,2,0.0,0.0,0.0,1.0,3736.66558,0.0013538000002881745,b
63.0,-,4,4490.7816515,1,3,0.0,0.0,0.0,1.0,4490.78194,-0.0002884999994421378,b
63.0,-,5,5235.7471142,1,4,0.0,0.0,0.0,1.0,5235.749674,-0.0025597999992896803,b
63.0,-,6,5971.6782402,1,5,0.0,0.0,0.0,1.0,5971.681921,-0.0036808000004384667,b
63.0,-,7,6698.6890329,1,6,0.0,0.0,0.0,1.0,6698.691843,-0.0028100999998059706,b
63.0,-,8,7416.893869,1,7,0.0,0.0,0.0,1.0,7416.89362,0.00024900000062189065,b
63.0,-,9,8126.4060964,1,8,0.0,0.0,0.0,1.0,8126.403098,0.002998400000251422,b
64.0,+,1,2269.8225309,1,0,0.0,0.0,0.0,1.0,2269.824794,-0.0022631000001638313,b
64.0,+,2,3041.9537907,1,1,0.0,0.0,0.0,1.0,3041.953262,0.0005286999999043474,b
64.0,+,3,3804.7071438,1,2,0.0,0.0,0.0,1.0,3804.705852,0.0012917999997625884,b
64.0,+,4,4558.1998158,1,3,0.0,0.0,0.0,1.0,4558.20005,-0.0002342000007047318,b
64.0,+,5,5302.547448,1,4,0.0,0.0,0.0,1.0,5302.550258,-0.002809999999954016,b
64.0,+,6,6037.8659453,1,5,0.0,0.0,0.0,1.0,6037.869598,-0.003652700000202458,b
64.0,+,7,6764.2685131,1,6,0.0,0.0,0.0,1.0,6764.271255,-0.0027418999998189975,b
64.0,+,8,7481.8701428,1,7,0.0,0.0,0.0,1.0,7481.869473,0.0006698000006508664,b
64.0,+,9,8190.7776327,1,8,0.0,0.0,0.0,1.0,8190.780186,-0.002553299999817682,b
65.0,-,1,2340.1688325,1,0,0.0,0.0,0.0,1.0,2340.171167,-0.0023344999999608262,b
65.0,-,2,3111.6586402,1,1,0.0,0.0,0.0,1.0,3111.658127,0.000513199999659264,b
65.0,-,3,3873.7755968,1,2,0.0,0.0,0.0,1.0,3873.774125,0.0014718000002176268,b
65.0,-,4,4626.6360028,1,3,0.0,0.0,0.0,1.0,4626.636517,-0.0005141999999977998,b
65.0,-,5,5370.3564379,1,4,0.0,0.0,0.0,1.0,5370.359633,-0.0031951000000844942,b
65.0,-,6,6105.0523279,1,5,0.0,0.0,0.0,1.0,6105.056574,-0.004246100000273145,b
65.0,-,7,6830.8375557,1,6,0.0,0.0,0.0,1.0,6830.840554,-0.0029983000003994675,b
65.0,-,8,7547.8242576,1,7,0.0,0.0,0.0,1.0,7547.825878,-0.0016203999994104379,b
66.0,+,1,2411.5604876,1,0,0.0,0.0,0.0,1.0,2411.563419,-0.0029313999998521467,b
66.0,+,2,3182.3996145,1,1,0.0,0.0,0.0,1.0,3182.399072,0.0005424999999377178,b
66.0,+,3,3943.8702863,1,2,0.0,0.0,0.0,1.0,3943.868761,0.0015252999996846484,b
66.0,+,4,4696.088985,1,3,0.0,0.0,0.0,1.0,4696.089707,-0.000721999999768741,b
66.0,+,5,5439.172923,1,4,0.0,0.0,0.0,1.0,5439.176167,-0.0032439999995403923,b
66.0,+,6,6173.2369921,1,5,0.0,0.0,0.0,1.0,6173.241224,-0.004231900000377209,b
66.0,+,7,6898.3948092,1,6,0.0,0.0,0.0,1.0,6898.398118,-0.0033088000000134343,b
66.0,+,8,7614.7617056,1,7,0.0,0.0,0.0,1.0,7614.76122,0.0004855999995925231,b
67.0,-,1,2483.9966598,1,0,0.0,0.0,0.0,1.0,2483.999876,-0.003216199999769742,b
67.0,-,2,3254.1750574,1,1,0.0,0.0,0.0,1.0,3254.17443,0.000627399999757472,b
67.0,-,3,4014.9896364,1,2,0.0,0.0,0.0,1.0,4014.988096,0.0015404000000671658,b
67.0,-,4,4766.5569337,1,3,0.0,0.0,0.0,1.0,4766.557959,-0.0010253000000375323,b
67.0,-,5,5508.9947887,1,4,0.0,0.0,0.0,1.0,5508.998204,-0.003415300000597199,b
67.0,-,6,6242.416944,1,5,0.0,0.0,0.0,1.0,6242.421894,-0.004950000000462751,b
67.0,-,7,6966.9392018,1,6,0.0,0.0,0.0,1.0,6966.942298,-0.003096200000072713,b
67.0,-,8,8389.7346568,1,8,0.0,0.0,0.0,1.0,8389.732782,0.0018748000002233312,b
68.0,+,1,2557.4762601,1,0,0.0,0.0,0.0,1.0,2557.478844,-0.0025838999999905354,b
68.0,+,2,3326.9834298,1,1,0.0,0.0,0.0,1.0,3326.982507,0.000922799999898416,b
68.0,+,3,4087.1315438,1,2,0.0,0.0,0.0,1.0,4087.13044,0.0011038000002372428,b
68.0,+,4,4838.0392357,1,3,0.0,0.0,0.0,1.0,4838.039588,-0.00035229999957664404,b
68.0,+,5,5579.8203133,1,4,0.0,0.0,0.0,1.0,5579.824063,-0.003749700000298617,b
68.0,+,6,6312.5925343,1,5,0.0,0.0,0.0,1.0,6312.596908,-0.004373700000542158,b
68.0,+,7,7036.4681846,1,6,0.0,0.0,0.0,1.0,7036.471422,-0.0032373999993069447,b
68.0,+,8,7751.5623272,1,7,0.0,0.0,0.0,1.0,7751.562113,0.0002142000003004796,b
69.0,-,1,2631.9959426,1,0,0.0,0.0,0.0,1.0,2631.998598,-0.0026554000000942324,b
69.0,-,2,3400.8223474,1,1,0.0,0.0,0.0,1.0,3400.821584,0.0007634000003235997,b
69.0,-,3,4160.2956912,1,2,0.0,0.0,0.0,1.0,4160.294077,0.0016142000004037982,b
69.0,-,4,4910.5319653,1,3,0.0,0.0,0.0,1.0,4910.532882,-0.0009167000007437309,b
69.0,-,5,5651.6483764,1,4,0.0,0.0,0.0,1.0,5651.652036,-0.0036595999999917694,b
69.0,-,6,6383.7598912,1,5,0.0,0.0,0.0,1.0,6383.764563,-0.004671799999414361,b
69.0,-,7,7106.9807037,1,6,0.0,0.0,0.0,1.0,7106.983792,-0.0030882999999448657,b
69.0,-,8,7821.4261579,1,7,0.0,0.0,0.0,1.0,7821.424304,0.0018539000002419925,b
69.0,-,9,8527.204278,1,8,0.0,0.0,0.0,1.0,8527.202517,0.0017609999995329417,b
70.0,+,1,2707.5544302,1,0,0.0,0.0,0.0,1.0,2707.55739,-0.0029598000000987668,b
70.0,+,2,3475.6906942,1,1,0.0,0.0,0.0,1.0,3475.689917,0.0007771999999022228,b
70.0,+,3,4234.4786658,1,2,0.0,0.0,0.0,1.0,4234.477267,0.0013988000000608736,b
70.0,+,4,4984.0353814,1,3,0.0,0.0,0.0,1.0,4984.036105,-0.0007236000001284992,b
70.0,+,5,5724.4763783,1,4,0.0,0.0,0.0,1.0,5724.48039,-0.004011699999864504,b
70.0,+,6,6455.9187769,1,5,0.0,0.0,0.0,1.0,6455.923129,-0.004352099999778147,b
70.0,+,7,7178.4727828,1,6,0.0,0.0,0.0,1.0,7178.477685,-0.0049022000002878485,b
70.0,+,8,7892.2594956,1,7,0.0,0.0,0.0,1.0,7892.258708,0.0007875999999669148,b
70.0,+,9,8597.3804885,1,8,0.0,0.0,0.0,1.0,8597.382722,-0.002233499999420019,b
71.0,-,1,2784.1503049,1,0,0.0,0.0,0.0,1.0,2784.153445,-0.003140100000109669,b
71.0,-,2,3551.5869223,1,1,0.0,0.0,0.0,1.0,3551.585734,0.001188300000194431,b
71.0,-,3,4309.6800014,1,2,0.0,0.0,0.0,1.0,4309.678243,0.0017583999997441424,b
71.0,-,4,5058.5468375,1,3,0.0,0.0,0.0,1.0,5058.547493,-0.0006554999999934807,b
71.0,-,5,5798.3039699,1,4,0.0,0.0,0.0,1.0,5798.307367,-0.0033971000002566143,b
71.0,-,6,6529.0651208,1,5,0.0,0.0,0.0,1.0,6529.070855,-0.00573420000000624,b
71.0,-,7,7250.9488492,1,6,0.0,0.0,0.0,1.0,7250.951351,-0.00250179999966349,b
71.0,-,8,7964.0600848,1,7,0.0,0.0,0.0,1.0,7964.063582,-0.003497199999401346,b
72.0,+,1,2861.7820451,1,0,0.0,0.0,0.0,1.0,2861.784965,-0.0029199000000517117,b
72.0,+,2,3628.5083083,1,1,0.0,0.0,0.0,1.0,3628.50724,0.0010683000000426546,b
72.0,+,3,4385.8971977,1,2,0.0,0.0,0.0,1.0,4385.895213,0.001984700000321027,b
72.0,+,4,5134.0643884,1,3,0.0,0.0,0.0,1.0,5134.065258,-0.000869599999532511,b
72.0,+,5,5873.1272117,1,4,0.0,0.0,0.0,1.0,5873.131183,-0.003971300000557676,b
72.0,+,6,6603.2003484,1,5,0.0,0.0,0.0,1.0,6603.205959,-0.005610600000181876,b
72.0,+,7,7324.3988473,1,6,0.0,0.0,0.0,1.0,7324.403016,-0.004168700000263925,b
72.0,+,8,8036.8344161,1,7,0.0,0.0,0.0,1.0,8036.837156,-0.002739899999141926,b
72.0,+,9,8740.622561,1,8,0.0,0.0,0.0,1.0,8740.625116,-0.0025549999991199,b
73.0,-,1,2940.4464458,1,0,0.0,0.0,0.0,1.0,2940.450122,-0.003676199999972596,b
73.0,-,2,3706.4543923,1,1,0.0,0.0,0.0,1.0,3706.452611,0.0017812999999478052,b
73.0,-,3,4463.1280818,1,2,0.0,0.0,0.0,1.0,4463.126358,0.0017237999991266406,b
73.0,-,4,5210.5865591,1,3,0.0,0.0,0.0,1.0,5210.587588,-0.0010289000001648674,b
73.0,-,5,5948.9455307,1,4,0.0,0.0,0.0,1.0,5948.950029,-0.004498299999795563,b
73.0,-,6,6678.3200141,1,5,0.0,0.0,0.0,1.0,6678.326639,-0.0066249000001334934,b
73.0,-,7,7398.8255574,1,6,0.0,0.0,0.0,1.0,7398.830881,-0.005323599999428552,b
73.0,-,8,8110.5765248,1,7,0.0,0.0,0.0,1.0,8110.577636,-0.0011112000001958222,b
74.0,+,1,3020.1447685,1,0,0.0,0.0,0.0,1.0,3020.147064,-0.002295499999945605,b
74.0,+,2,3785.4212095,1,1,0.0,0.0,0.0,1.0,3785.420002,0.0012074999999640568,b
74.0,+,3,4541.3721353,1,2,0.0,0.0,0.0,1.0,4541.369835,0.0023002999996606377,b
74.0,+,4,5288.1114902,1,3,0.0,0.0,0.0,1.0,5288.112641,-0.0011507999997775187,b
74.0,+,5,6025.7574721,1,4,0.0,0.0,0.0,1.0,6025.762071,-0.004598900000019057,b
74.0,+,6,6754.4248991,1,5,0.0,0.0,0.0,1.0,6754.431063,-0.006163899999592104,b
74.0,+,7,7474.2285023,1,6,0.0,0.0,0.0,1.0,7474.23312,-0.00461769999947137,b
74.0,+,8,8185.2812144,1,7,0.0,0.0,0.0,1.0,8185.283204,-0.0019896000003427616,b
75.0,-,9,3100.8702485,1,0,0.0,0.0,0.0,1.0,3100.873914,-0.0036654999998972926,b
75.0,-,1,3865.4098922,1,1,0.0,0.0,0.0,1.0,3865.407537,0.0023551999997835082,b
75.0,-,2,4620.6255004,1,2,0.0,0.0,0.0,1.0,4620.623775,0.0017254000003958936,b
75.0,-,3,5366.6377967,1,3,0.0,0.0,0.0,1.0,5366.638554,-0.0007573000002594199,b
75.0,-,4,6103.5608643,1,4,0.0,0.0,0.0,1.0,6103.565447,-0.004582700000355544,b
75.0,-,5,6831.5113714,1,5,0.0,0.0,0.0,1.0,6831.517376,-0.006004599999869242,b
75.0,-,6,7550.6028453,1,6,0.0,0.0,0.0,1.0,7550.607883,-0.005037699999775214,b
75.0,-,7,8260.9476993,1,7,0.0,0.0,0.0,1.0,8260.952013,-0.004313699999329401,b
76.0,+,1,3182.6256455,1,0,0.0,0.0,0.0,1.0,3182.628769,-0.0031235000001288427,b
76.0,+,2,3946.4144566,1,1,0.0,0.0,0.0,1.0,3946.413317,0.001139599999987695,b
76.0,+,3,4700.8887381,1,2,0.0,0.0,0.0,1.0,4700.886282,0.0024561000000176136,b
76.0,+,4,5446.1622788,1,3,0.0,0.0,0.0,1.0,5446.163436,-0.0011571999993975624,b
76.0,+,5,6182.3536927,1,4,0.0,0.0,0.0,1.0,6182.358271,-0.004578300000503077,b
76.0,+,6,6909.5778426,1,5,0.0,0.0,0.0,1.0,6909.583698,-0.005855400000655209,b
76.0,+,7,7627.9467273,1,6,0.0,0.0,0.0,1.0,7627.953295,-0.006567700000232435,b
76.0,+,8,8337.5800487,1,7,0.0,0.0,0.0,1.0,8337.582194,-0.002145300000847783,b
77.0,-,1,3265.4059396,1,0,0.0,0.0,0.0,1.0,3265.409698,-0.003758400000151596,b
77.0,-,2,4028.4377894,1,1,0.0,0.0,0.0,1.0,4028.435417,0.002372399999785557,b
77.0,-,3,4782.1574067,1,2,0.0,0.0,0.0,1.0,4782.155436,0.001970700000129,b
77.0,-,4,5526.6843137,1,3,0.0,0.0,0.0,1.0,5526.68537,-0.001056300000527699,b
77.0,-,5,6262.1336543,1,4,0.0,0.0,0.0,1.0,6262.138633,-0.0049786999998104875,b
77.0,-,6,6988.6209715,1,5,0.0,0.0,0.0,1.0,6988.628121,-0.0071494999992864905,b
77.0,-,7,7706.2604077,1,6,0.0,0.0,0.0,1.0,7706.267455,-0.0070473000005222275,b
78.0,+,1,3349.2115765,1,0,0.0,0.0,0.0,1.0,3349.214746,-0.0031695000002400775,b
78.0,+,2,4111.4737342,1,1,0.0,0.0,0.0,1.0,4111.471886,0.0018481999995856313,b
78.0,+,3,4864.4319361,1,2,0.0,0.0,0.0,1.0,4864.429289,0.002647100000103819,b
78.0,+,4,5608.200967,1,3,0.0,0.0,0.0,1.0,5608.202413,-0.0014460000002145534,b
78.0,+,5,6342.8992083,1,4,0.0,0.0,0.0,1.0,6342.904594,-0.0053856999993513455,b
78.0,+,6,7068.6418111,1,5,0.0,0.0,0.0,1.0,7068.648713,-0.006901899999320449,b
78.0,+,7,7785.5440685,1,6,0.0,0.0,0.0,1.0,7785.548434,-0.004365499999948952,b
78.0,+,8,8493.7151569,1,7,0.0,0.0,0.0,1.0,8493.719065,-0.0039080999995348975,b
79.0,-,1,3434.0375834,1,0,0.0,0.0,0.0,1.0,3434.041932,-0.004348599999957514,b
79.0,-,2,4195.5234968,1,1,0.0,0.0,0.0,1.0,4195.520746,0.0027508000002853805,b
79.0,-,3,4947.7080757,1,2,0.0,0.0,0.0,1.0,4947.705868,0.00220770000032644,b
79.0,-,4,5690.7120385,1,3,0.0,0.0,0.0,1.0,5690.712599,-0.0005605000005743932,b
79.0,-,5,6424.6485846,1,4,0.0,0.0,0.0,1.0,6424.654192,-0.005607400000371854,b
79.0,-,6,7149.637121,1,5,0.0,0.0,0.0,1.0,7149.643516,-0.006395000000338769,b
79.0,-,7,7865.786412,1,6,0.0,0.0,0.0,1.0,7865.794282,-0.007869999999456923,b
79.0,-,8,8573.2208335,1,7,0.0,0.0,0.0,1.0,8573.221887,-0.0010535000001254957,b
80.0,+,1,3519.8860832,1,0,0.0,0.0,0.0,1.0,3519.889248,-0.003164799999922252,b
80.0,+,2,4280.582247,1,1,0.0,0.0,0.0,1.0,4280.579995,0.002252000000225962,b
80.0,+,3,5031.9861659,1,2,0.0,0.0,0.0,1.0,5031.983177,0.0029888999997638166,b
80.0,+,4,5774.2124043,1,3,0.0,0.0,0.0,1.0,5774.213933,-0.0015286999996533268,b
80.0,+,5,6507.3798203,1,4,0.0,0.0,0.0,1.0,6507.385438,-0.005617700000584591,b
80.0,+,6,7231.6029937,1,5,0.0,0.0,0.0,1.0,7231.610548,-0.007554299999355862,b
80.0,+,7,7946.9973877,1,6,0.0,0.0,0.0,1.0,7947.00302,-0.005632299999888346,b
81.0,-,1,3606.7505802,1,0,0.0,0.0,0.0,1.0,3606.754661,-0.004080799999883311,b
81.0,-,2,4366.650945,1,1,0.0,0.0,0.0,1.0,4366.647603,0.003341999999975087,b
81.0,-,3,5117.2614645,1,2,0.0,0.0,0.0,1.0,5117.259189,0.0022754999999961,b
81.0,-,4,5858.7031071,1,3,0.0,0.0,0.0,1.0,5858.704396,-0.0012888999999631778,b
81.0,-,5,6591.0893262,1,4,0.0,0.0,0.0,1.0,6591.096317,-0.006990800000494346,b
81.0,-,6,7314.5399986,1,5,0.0,0.0,0.0,1.0,7314.547799,-0.007800399999723595,b
81.0,-,7,8029.1641316,1,6,0.0,0.0,0.0,1.0,8029.172646,-0.008514400000422029,b
82.0,+,1,3694.6329192,1,0,0.0,0.0,0.0,1.0,3694.63611,-0.003190800000083982,b
82.0,+,2,4453.7246098,1,1,0.0,0.0,0.0,1.0,4453.721516,0.003093799999987823,b
82.0,+,3,5203.5353908,1,2,0.0,0.0,0.0,1.0,5203.531856,0.00353480000012496,b
82.0,+,4,5944.1793467,1,3,0.0,0.0,0.0,1.0,5944.181943,-0.0025962999998228042,b
82.0,+,5,6675.7796208,1,4,0.0,0.0,0.0,1.0,6675.78479,-0.005169199999727425,b
82.0,+,6,7398.4443318,1,5,0.0,0.0,0.0,1.0,7398.453234,-0.008902199999283766,b
82.0,+,7,8112.2952634,1,6,0.0,0.0,0.0,1.0,8112.30113,-0.005866599999535538,b
83.0,-,1,3783.5273735,1,0,0.0,0.0,0.0,1.0,3783.531511,-0.004137500000069849,b
83.0,-,2,4541.8027507,1,1,0.0,0.0,0.0,1.0,4541.799653,0.003097699999671022,b
83.0,-,3,5290.8015102,1,2,0.0,0.0,0.0,1.0,5290.7991,0.0024101999997583334,b
83.0,-,4,6030.6438053,1,3,0.0,0.0,0.0,1.0,6030.644502,-0.0006966999999349355,b
83.0,-,5,6761.4416485,1,4,0.0,0.0,0.0,1.0,6761.448791,-0.007142499999645224,b
83.0,-,6,7483.3173429,1,5,0.0,0.0,0.0,1.0,7483.324793,-0.007450099999914528,b
83.0,-,7,8196.381661,1,6,0.0,0.0,0.0,1.0,8196.386418,-0.0047570000006089685,b
84.0,+,1,3873.4349466,1,0,0.0,0.0,0.0,1.0,3873.438751,-0.003804400000262831,b
84.0,+,2,4630.8825354,1,1,0.0,0.0,0.0,1.0,4630.879906,0.0026293999999325024,b
84.0,+,3,5379.0619695,1,2,0.0,0.0,0.0,1.0,5379.058821,0.003148499999952037,b
84.0,+,4,6118.0879774,1,3,0.0,0.0,0.0,1.0,6118.089978,-0.0020005999995191814,b
84.0,+,5,6848.0801182,1,4,0.0,0.0,0.0,1.0,6848.086227,-0.0061088000002200715,b
84.0,+,6,7569.1532599,1,5,0.0,0.0,0.0,1.0,7569.160391,-0.007131100000151491,b
84.0,+,7,8281.4237161,1,6,0.0,0.0,0.0,1.0,8281.426431,-0.002714899999773479,b
85.0,-,1,3964.3510646,1,0,0.0,0.0,0.0,1.0,3964.355693,-0.00462840000000142,b
85.0,-,2,4720.9637514,1,1,0.0,0.0,0.0,1.0,4720.960143,0.0036083999993934412,b
85.0,-,3,5468.3109565,1,2,0.0,0.0,0.0,1.0,5468.308889,0.0020675000005212496,b
85.0,-,4,6206.5147112,1,3,0.0,0.0,0.0,1.0,6206.516246,-0.0015347999997175066,b
85.0,-,5,6935.6890902,1,4,0.0,0.0,0.0,1.0,6935.694983,-0.005892800000765419,b
85.0,-,6,7655.9545944,1,5,0.0,0.0,0.0,1.0,7655.957916,-0.0033216000001630164,b
86.0,+,1,4056.2763702,1,0,0.0,0.0,0.0,1.0,4056.280172,-0.003801800000019284,b
86.0,+,2,4812.0403398,1,1,0.0,0.0,0.0,1.0,4812.038205,0.0021348000000216416,b
86.0,+,3,5558.5501387,1,2,0.0,0.0,0.0,1.0,5558.547152,0.0029867000002923305,b
86.0,+,4,6295.9183306,1,3,0.0,0.0,0.0,1.0,6295.921158,-0.002827399999659974,b
86.0,+,5,7024.2677695,1,4,0.0,0.0,0.0,1.0,7024.272914,-0.005144499999914842,b
86.0,+,6,7743.7054861,1,5,0.0,0.0,0.0,1.0,7743.71523,-0.009743900000103167,b
87.0,-,1,4149.2043115,1,0,0.0,0.0,0.0,1.0,4149.209999,-0.005687500000021828,b
87.0,-,2,4904.1157576,1,1,0.0,0.0,0.0,1.0,4904.111906,0.003851599999507016,b
87.0,-,3,5649.7730126,1,2,0.0,0.0,0.0,1.0,5649.771428,0.0015845999996599858,b
87.0,-,4,6386.3022755,1,3,0.0,0.0,0.0,1.0,6386.302539,-0.0002635000000736909,b
87.0,-,5,7113.8099907,1,4,0.0,0.0,0.0,1.0,7113.817852,-0.007861300000513438,b
87.0,-,6,7832.4213687,1,5,0.0,0.0,0.0,1.0,7832.43017,-0.008801299999504408,b
88.0,+,1,4243.1392135,1,0,0.0,0.0,0.0,1.0,4243.142957,-0.0037435000003824825,b
88.0,+,2,4997.1816798,1,1,0.0,0.0,0.0,1.0,4997.179035,0.0026447999998708838,b
88.0,+,3,5741.9828022,1,2,0.0,0.0,0.0,1.0,5741.979512,0.003290200000265031,b
88.0,+,4,6477.6551288,1,3,0.0,0.0,0.0,1.0,6477.65819,-0.0030612000000473927,b
88.0,+,5,7204.3220025,1,4,0.0,0.0,0.0,1.0,7204.327601,-0.005598499999905471,b
89.0,-,1,4338.0729301,1,0,0.0,0.0,0.0,1.0,4338.076804,-0.0038739000001442037,b
89.0,-,2,5091.2418314,1,1,0.0,0.0,0.0,1.0,5091.237356,0.004475400000046648,b
89.0,-,3,5835.1715858,1,2,0.0,0.0,0.0,1.0,5835.169173,0.0024127999995471328,b
89.0,-,4,6569.9853993,1,3,0.0,0.0,0.0,1.0,6569.985883,-0.0004837000005863956,b
89.0,-,5,7295.7927887,1,4,0.0,0.0,0.0,1.0,7295.799941,-0.0071523000005981885,b
89.0,-,6,8012.7176219,1,5,0.0,0.0,0.0,1.0,8012.724148,-0.006526099999973667,b
90.0,+,1,4434.0051917,1,0,0.0,0.0,0.0,1.0,4434.00927,-0.004078299999491719,b
90.0,+,2,5186.2884021,1,1,0.0,0.0,0.0,1.0,5186.284604,0.003798099999585247,b
90.0,+,3,5929.3424836,1,2,0.0,0.0,0.0,1.0,5929.338151,0.004332600000452658,b
90.0,+,4,6663.2809611,1,3,0.0,0.0,0.0,1.0,6663.283367,-0.002405899999757821,b
90.0,+,5,7388.2271031,1,4,0.0,0.0,0.0,1.0,7388.232626,-0.005522899999959918,b
91.0,-,1,4530.9333757,1,0,0.0,0.0,0.0,1.0,4530.938061,-0.00468529999943712,b
91.0,-,2,5282.3234639,1,1,0.0,0.0,0.0,1.0,5282.318489,0.004974899999979243,b
91.0,-,3,6024.4874355,1,2,0.0,0.0,0.0,1.0,6024.484162,0.00327350000043225,b
91.0,-,4,6757.5466729,1,3,0.0,0.0,0.0,1.0,6757.548361,-0.0016881000001376378,b
91.0,-,5,7481.6150036,1,4,0.0,0.0,0.0,1.0,7481.623382,-0.008378399999855901,b
92.0,+,1,4628.8577585,1,0,0.0,0.0,0.0,1.0,4628.860854,-0.003095499999290041,b
92.0,+,2,5379.3406884,1,1,0.0,0.0,0.0,1.0,5379.336697,0.003991399999904388,b
92.0,+,3,6120.6093303,1,2,0.0,0.0,0.0,1.0,6120.604897,0.004433299999618612,b
92.0,+,4,6852.7764338,1,3,0.0,0.0,0.0,1.0,6852.778562,-0.0021282000006976887,b
92.0,+,5,7575.962765,1,4,0.0,0.0,0.0,1.0,7575.969911,-0.007145999999920605,b
93.0,-,1,4727.7747363,1,0,0.0,0.0,0.0,1.0,4727.775303,-0.0005667000004905276,b
93.0,-,2,5477.3424485,1,1,0.0,0.0,0.0,1.0,5477.336883,0.005565499999647727,b
93.0,-,3,6217.7016968,1,2,0.0,0.0,0.0,1.0,6217.698019,0.0036777999994228594,b
93.0,-,4,6948.9708866,1,3,0.0,0.0,0.0,1.0,6948.97164,-0.0007533999996667262,b
93.0,-,5,7671.2618172,1,4,0.0,0.0,0.0,1.0,7671.269889,-0.008071799999925133,b
94.0,+,1,4827.6774475,1,0,0.0,0.0,0.0,1.0,4827.679032,-0.0015844999998080311,b
94.0,+,2,5576.3255363,1,1,0.0,0.0,0.0,1.0,5576.316681,0.008855299999595445,b
94.0,+,3,6315.7663434,1,2,0.0,0.0,0.0,1.0,6315.761164,0.005179400000088208,b
94.0,+,4,7046.1248873,1,3,0.0,0.0,0.0,1.0,7046.125236,-0.00034869999944930896,b
95.0,-,1,4928.5684155,1,0,0.0,0.0,0.0,1.0,4928.569641,-0.0012255000001459848,b
95.0,-,2,5676.27929,1,1,0.0,0.0,0.0,1.0,5676.273694,0.005595999999968626,b
95.0,-,3,6414.7999843,1,2,0.0,0.0,0.0,1.0,6414.791944,0.008040300000175193,b
95.0,-,4,7144.2358517,1,3,0.0,0.0,0.0,1.0,7144.236969,-0.0011172999993505073,b
96.0,+,1,5777.2147378,1,1,0.0,0.0,0.0,1.0,5777.205502,0.009235800000169547,b
96.0,+,2,6514.7930789,1,2,0.0,0.0,0.0,1.0,6514.787944,0.005134900000484777,b
96.0,+,3,7243.3071073,1,3,0.0,0.0,0.0,1.0,7243.30443,0.0026772999999593594,b
97.0,-,1,5133.3006975,1,0,0.0,0.0,0.0,1.0,5133.301767,-0.0010695000000850996,b
97.0,-,2,6615.7549644,1,2,0.0,0.0,0.0,1.0,6615.746722,0.008242400000199268,b
97.0,-,3,7343.3245056,1,3,0.0,0.0,0.0,1.0,7343.325182,-0.0006763999999748194,b
98.0,+,1,7444.2988213,1,3,0.0,0.0,0.0,1.0,7444.296766,0.0020552999994833954,b
1.0,+,1,43950.2994,2,0,-1.0,0.0,-1.0,1.0,43948.514072,1.7853280000053928,b
1.0,-,31,43950.3094,2,0,-1.0,0.0,-1.0,1.0,43948.514229,1.7951709999979357,b
1.0,+,2,44742.1894,2,1,-1.0,0.0,-1.0,1.0,44754.112779,-11.92337899999984,b
1.0,-,32,44742.1394,2,1,-1.0,0.0,-1.0,1.0,44754.112933,-11.973532999996678,b
1.0,+,3,45521.3694,2,2,-1.0,0.0,-1.0,1.0,45542.403112,-21.03371199999674,b
1.0,-,33,45521.4694,2,2,-1.0,0.0,-1.0,1.0,45542.403265,-20.93386499999906,b
1.0,+,5,47041.8194,2,4,-1.0,0.0,-1.0,1.0,47071.081966,-29.262565999997605,b
1.0,-,35,47041.8094,2,4,-1.0,0.0,-1.0,1.0,47071.082115,-29.272714999999152,b
2.0,-,1,43952.5494,2,0,-1.0,0.0,-1.0,1.0,43950.674573,1.874827000006917,b
2.0,+,31,43952.5394,2,0,-1.0,0.0,-1.0,1.0,43950.675043,1.864356999998563,b
2.0,-,2,44744.3494,2,1,-1.0,0.0,-1.0,1.0,44756.253377,-11.90397700000176,b
2.0,+,32,44744.3594,2,1,-1.0,0.0,-1.0,1.0,44756.25384,-11.894439999996393,b
2.0,-,3,45523.6394,2,2,-1.0,0.0,-1.0,1.0,45544.524594,-20.88519400000223,b
2.0,+,33,45523.6594,2,2,-1.0,0.0,-1.0,1.0,45544.525051,-20.86565100000007,b
2.0,-,4,46290.2794,2,3,-1.0,0.0,-1.0,1.0,46315.914032,-25.634632000001147,b
2.0,+,34,46290.2894,2,3,-1.0,0.0,-1.0,1.0,46315.914485,-25.62508499999967,b
2.0,-,5,47043.9394,2,4,-1.0,0.0,-1.0,1.0,47073.168412,-29.229011999996146,b
2.0,+,35,47043.9594,2,4,-1.0,0.0,-1.0,1.0,47073.168859,-29.209458999997878,b
2.0,-,6,47784.2594,2,5,-1.0,0.0,-1.0,1.0,47818.576919,-34.31751899999654,b
2.0,-,7,48511.2194,2,6,-1.0,0.0,-1.0,1.0,48551.929798,-40.71039799999562,b
3.0,+,1,43955.8394,2,0,-1.0,0.0,-1.0,1.0,43953.915267,1.9241330000004382,b
3.0,-,31,43955.8494,2,0,-1.0,0.0,-1.0,1.0,43953.916207,1.933192999997118,b
3.0,+,2,44747.6394,2,1,-1.0,0.0,-1.0,1.0,44759.464215,-11.824814999999944,b
3.0,-,32,44747.6594,2,1,-1.0,0.0,-1.0,1.0,44759.465141,-11.805741000003763,b
3.0,+,3,45526.9294,2,2,-1.0,0.0,-1.0,1.0,45547.706753,-20.777352999997674,b
3.0,-,33,45526.9094,2,2,-1.0,0.0,-1.0,1.0,45547.707668,-20.79826800000592,b
3.0,+,4,46293.4994,2,3,-1.0,0.0,-1.0,1.0,46319.069484,-25.570083999999042,b
3.0,-,34,46293.5194,2,3,-1.0,0.0,-1.0,1.0,46319.070389,-25.550989000003028,b
3.0,+,5,47047.1494,2,4,-1.0,0.0,-1.0,1.0,47076.298017,-29.14861699999892,b
3.0,-,35,47047.1694,2,4,-1.0,0.0,-1.0,1.0,47076.298913,-29.12951299999986,b
3.0,+,6,47787.4394,2,5,-1.0,0.0,-1.0,1.0,47821.676764,-34.237364000000525,b
3.0,-,36,47787.4194,2,5,-1.0,0.0,-1.0,1.0,47821.677648,-34.258247999998275,b
3.0,-,37,48513.9294,2,6,-1.0,0.0,-1.0,1.0,48554.994323,-41.06492299999809,b
4.0,-,1,43960.2794,2,0,-1.0,0.0,-1.0,1.0,43958.236085,2.0433150000026217,b
4.0,+,31,43960.2794,2,0,-1.0,0.0,-1.0,1.0,43958.237651,2.0417489999963436,b
4.0,-,2,44752.0094,2,1,-1.0,0.0,-1.0,1.0,44763.74522,-11.735819999994419,b
4.0,+,32,44751.9994,2,1,-1.0,0.0,-1.0,1.0,44763.746764,-11.747364000002563,b
4.0,-,3,45531.2594,2,2,-1.0,0.0,-1.0,1.0,45551.949518,-20.69011799999862,b
4.0,+,33,45531.2594,2,2,-1.0,0.0,-1.0,1.0,45551.951042,-20.691641999997955,b
4.0,-,4,46297.8194,2,3,-1.0,0.0,-1.0,1.0,46323.276635,-25.457235000001674,b
4.0,+,34,46297.7994,2,3,-1.0,0.0,-1.0,1.0,46323.278143,-25.478742999999668,b
4.0,-,5,47051.4094,2,4,-1.0,0.0,-1.0,1.0,47080.470707,-29.06130700000358,b
4.0,+,35,47051.3794,2,4,-1.0,0.0,-1.0,1.0,47080.4722,-29.092799999998533,b
4.0,-,6,47791.6394,2,5,-1.0,0.0,-1.0,1.0,47825.809776,-34.17037600000185,b
4.0,+,36,47791.6294,2,5,-1.0,0.0,-1.0,1.0,47825.811248,-34.18184800000017,b
4.0,-,7,48518.4694,2,6,-1.0,0.0,-1.0,1.0,48559.078223,-40.60882299999503,b
4.0,+,37,48518.1494,2,6,-1.0,0.0,-1.0,1.0,48559.079666,-40.930265999995754,b
5.0,+,1,43965.8094,2,0,-1.0,0.0,-1.0,1.0,43963.636934,2.172465999996348,b
5.0,-,31,43965.8094,2,0,-1.0,0.0,-1.0,1.0,43963.639283,2.1701170000014827,b
5.0,+,2,44757.4794,2,1,-1.0,0.0,-1.0,1.0,44769.096298,-11.61689800000022,b
5.0,-,32,44757.4894,2,1,-1.0,0.0,-1.0,1.0,44769.098614,-11.609214000003703,b
5.0,+,3,45536.6994,2,2,-1.0,0.0,-1.0,1.0,45557.252786,-20.55338599999959,b
5.0,-,33,45536.6994,2,2,-1.0,0.0,-1.0,1.0,45557.255073,-20.55567300000257,b
5.0,+,4,46303.1694,2,3,-1.0,0.0,-1.0,1.0,46328.535385,-25.365985000004002,b
5.0,-,34,46303.1694,2,3,-1.0,0.0,-1.0,1.0,46328.537646,-25.36824599999818,b
5.0,+,5,47056.6894,2,4,-1.0,0.0,-1.0,1.0,47085.686382,-28.996981999996933,b
5.0,-,35,47056.7294,2,4,-1.0,0.0,-1.0,1.0,47085.68862,-28.95922000000428,b
5.0,+,6,47796.8694,2,5,-1.0,0.0,-1.0,1.0,47830.975854,-34.10645399999339,b
5.0,-,36,47796.8594,2,5,-1.0,0.0,-1.0,1.0,47830.978062,-34.11866200000077,b
5.0,+,7,48523.6794,2,6,-1.0,0.0,-1.0,1.0,48564.184001,-40.50460100000055,b
5.0,-,37,48523.3994,2,6,-1.0,0.0,-1.0,1.0,48564.186166,-40.78676599999744,b
6.0,-,1,43972.4594,2,0,-1.0,0.0,-1.0,1.0,43970.1177,2.3416999999972177,b
6.0,+,31,43972.4694,2,0,-1.0,0.0,-1.0,1.0,43970.120988,2.348411999999371,b
6.0,-,2,44764.0794,2,1,-1.0,0.0,-1.0,1.0,44775.517329,-11.437928999999713,b
6.0,+,32,44764.0794,2,1,-1.0,0.0,-1.0,1.0,44775.52057,-11.441169999998237,b
6.0,-,3,45543.2094,2,2,-1.0,0.0,-1.0,1.0,45563.616436,-20.40703599999688,b
6.0,+,33,45543.2194,2,2,-1.0,0.0,-1.0,1.0,45563.619636,-20.400236000001314,b
6.0,-,4,46309.6294,2,3,-1.0,0.0,-1.0,1.0,46334.845606,-25.216206000004604,b
6.0,+,34,46309.5894,2,3,-1.0,0.0,-1.0,1.0,46334.848771,-25.2593710000001,b
6.0,-,5,47063.1094,2,4,-1.0,0.0,-1.0,1.0,47091.944915,-28.83551499999885,b
6.0,+,35,47063.0694,2,4,-1.0,0.0,-1.0,1.0,47091.948048,-28.878647999998066,b
6.0,-,6,47803.1494,2,5,-1.0,0.0,-1.0,1.0,47837.174875,-34.02547499999491,b
6.0,+,36,47803.1594,2,5,-1.0,0.0,-1.0,1.0,47837.177966,-34.0185660000061,b
6.0,-,7,48529.9694,2,6,-1.0,0.0,-1.0,1.0,48570.310672,-40.34127199999784,b
6.0,+,37,48529.6294,2,6,-1.0,0.0,-1.0,1.0,48570.313703,-40.68430300000182,b
7.0,+,1,43980.2194,2,0,-1.0,0.0,-1.0,1.0,43977.678244,2.5411559999993187,b
7.0,-,31,43980.2194,2,0,-1.0,0.0,-1.0,1.0,43977.682627,2.536772999999812,b
7.0,+,2,44771.7694,2,1,-1.0,0.0,-1.0,1.0,44783.008169,-11.23876900000323,b
7.0,-,32,44771.7694,2,1,-1.0,0.0,-1.0,1.0,44783.01249,-11.243090000003576,b
7.0,+,3,45550.7794,2,2,-1.0,0.0,-1.0,1.0,45571.040317,-20.26091699999961,b
7.0,-,33,45550.8394,2,2,-1.0,0.0,-1.0,1.0,45571.044584,-20.20518400000583,b
7.0,+,4,46317.1194,2,3,-1.0,0.0,-1.0,1.0,46342.207148,-25.0877479999981,b
7.0,-,34,46317.1494,2,3,-1.0,0.0,-1.0,1.0,46342.211368,-25.061967999994522,b
7.0,+,5,47070.5294,2,4,-1.0,0.0,-1.0,1.0,47099.246156,-28.716756000001624,b
7.0,-,35,47010.5494,2,4,-1.0,0.0,-1.0,0.0,47099.250333,-88.70093300000008,b
7.0,+,6,47810.5394,2,5,-1.0,0.0,-1.0,1.0,47844.40669,-33.86729000000196,b
7.0,-,36,47810.5694,2,5,-1.0,0.0,-1.0,1.0,47844.410811,-33.841411000001244,b
7.0,+,7,48537.2194,2,6,-1.0,0.0,-1.0,1.0,48577.458092,-40.23869199999899,b
8.0,-,1,43989.0594,2,0,-1.0,0.0,-1.0,1.0,43986.318405,2.7409950000001118,b
8.0,+,31,43984.0694,2,0,-1.0,0.0,-1.0,1.0,43986.32404,-2.254639999999199,b
8.0,-,2,44780.5194,2,1,-1.0,0.0,-1.0,1.0,44791.568651,-11.049251000004006,b
8.0,+,32,44780.5194,2,1,-1.0,0.0,-1.0,1.0,44791.574207,-11.054807000000437,b
8.0,-,3,45559.5094,2,2,-1.0,0.0,-1.0,1.0,45579.524257,-20.014856999994663,b
8.0,+,33,45559.4794,2,2,-1.0,0.0,-1.0,1.0,45579.529741,-20.050341000001936,b
8.0,-,4,46325.7394,2,3,-1.0,0.0,-1.0,1.0,46350.619833,-24.880432999998447,b
8.0,+,34,46325.6894,2,3,-1.0,0.0,-1.0,1.0,46350.625258,-24.935857999997097,b
8.0,-,5,47079.0594,2,4,-1.0,0.0,-1.0,1.0,47107.58993,-28.530530000003637,b
8.0,+,35,47079.0094,2,4,-1.0,0.0,-1.0,1.0,47107.5953,-28.58589999999822,b
8.0,-,6,47818.9394,2,5,-1.0,0.0,-1.0,1.0,47852.671125,-33.73172499999782,b
8.0,+,36,47818.9094,2,5,-1.0,0.0,-1.0,1.0,47852.676422,-33.767022,b
8.0,-,7,48545.5994,2,6,-1.0,0.0,-1.0,1.0,48585.626094,-40.026694000000134,b
8.0,+,37,48545.1894,2,6,-1.0,0.0,-1.0,1.0,48585.631288,-40.441887999993924,b
9.0,+,1,43999.0294,2,0,-1.0,0.0,-1.0,1.0,43996.037999,2.991400999999314,b
9.0,-,31,43999.0394,2,0,-1.0,0.0,-1.0,1.0,43996.045041,2.9943590000038967,b
9.0,+,2,44790.3994,2,1,-1.0,0.0,-1.0,1.0,44801.198585,-10.799184999996214,b
9.0,-,32,44790.3994,2,1,-1.0,0.0,-1.0,1.0,44801.205528,-10.806127999996534,b
9.0,+,3,45569.2794,2,2,-1.0,0.0,-1.0,1.0,45589.068056,-19.78865599999699,b
9.0,-,33,45569.2594,2,2,-1.0,0.0,-1.0,1.0,45589.07491,-19.81551000000036,b
9.0,+,4,46335.3794,2,3,-1.0,0.0,-1.0,1.0,46360.08346,-24.704060000003665,b
9.0,-,34,46335.3994,2,3,-1.0,0.0,-1.0,1.0,46360.090239,-24.69083899999532,b
9.0,+,5,47088.5794,2,4,-1.0,0.0,-1.0,1.0,47116.976034,-28.396633999996993,b
9.0,-,35,47088.6294,2,4,-1.0,0.0,-1.0,1.0,47116.982745,-28.353345000003173,b
9.0,+,6,47828.3794,2,5,-1.0,0.0,-1.0,1.0,47861.967981,-33.588581000003614,b
9.0,-,36,47828.4194,2,5,-1.0,0.0,-1.0,1.0,47861.974601,-33.55520100000285,b
9.0,+,7,48554.8894,2,6,-1.0,0.0,-1.0,1.0,48594.814486,-39.92508600000292,b
9.0,-,37,48554.5694,2,6,-1.0,0.0,-1.0,1.0,48594.820977,-40.251577000002726,b
10.0,-,1,44010.1194,2,0,-1.0,0.0,-1.0,1.0,44006.836818,3.2825819999998203,b
10.0,+,31,44010.1194,2,0,-1.0,0.0,-1.0,1.0,44006.845423,3.273977000004379,b
10.0,-,2,44801.3494,2,1,-1.0,0.0,-1.0,1.0,44811.897756,-10.54835599999933,b
10.0,+,32,44801.3594,2,1,-1.0,0.0,-1.0,1.0,44811.90624,-10.546839999995427,b
10.0,-,3,45580.0794,2,2,-1.0,0.0,-1.0,1.0,45599.671491,-19.592090999998618,b
10.0,+,33,45580.0994,2,2,-1.0,0.0,-1.0,1.0,45599.679866,-19.580465999999433,b
10.0,-,4,46346.1294,2,3,-1.0,0.0,-1.0,1.0,46370.5978,-24.468400000005204,b
10.0,-,5,47099.2294,2,4,-1.0,0.0,-1.0,1.0,47127.404244,-28.17484400000103,b
10.0,+,35,47099.2194,2,4,-1.0,0.0,-1.0,1.0,47127.412445,-28.193044999999984,b
10.0,-,6,47838.9094,2,5,-1.0,0.0,-1.0,1.0,47872.297035,-33.38763500000641,b
10.0,+,36,47838.8994,2,5,-1.0,0.0,-1.0,1.0,47872.305124,-33.40572399999655,b
10.0,-,7,48565.3594,2,6,-1.0,0.0,-1.0,1.0,48605.023052,-39.663651999995636,b
10.0,+,37,48564.9594,2,6,-1.0,0.0,-1.0,1.0,48605.030984,-40.07158399999753,b
11.0,+,1,44022.2994,2,0,-1.0,0.0,-1.0,1.0,44018.714632,3.584768000000622,b
11.0,-,31,44022.2894,2,0,-1.0,0.0,-1.0,1.0,44018.724956,3.5644440000032773,b
11.0,+,2,44813.3894,2,1,-1.0,0.0,-1.0,1.0,44823.665924,-10.27652400000079,b
11.0,-,32,44813.3994,2,1,-1.0,0.0,-1.0,1.0,44823.676103,-10.276702999995905,b
11.0,-,33,45592.0294,2,2,-1.0,0.0,-1.0,1.0,45611.344362,-19.314962000004016,b
11.0,+,4,46357.9394,2,3,-1.0,0.0,-1.0,1.0,46382.162602,-24.223201999993762,b
11.0,-,34,46357.1694,2,3,-1.0,0.0,-1.0,1.0,46382.172541,-25.00314100000105,b
11.0,+,5,47110.8894,2,4,-1.0,0.0,-1.0,1.0,47138.874308,-27.98490799999854,b
11.0,-,35,47110.9194,2,4,-1.0,0.0,-1.0,1.0,47138.884146,-27.96474599999783,b
11.0,+,6,47850.4694,2,5,-1.0,0.0,-1.0,1.0,47883.658037,-33.18863699999929,b
11.0,-,36,47850.4694,2,5,-1.0,0.0,-1.0,1.0,47883.667742,-33.198341999996046,b
11.0,+,7,48576.7794,2,6,-1.0,0.0,-1.0,1.0,48616.251553,-39.472153000002436,b
11.0,-,37,48576.3694,2,6,-1.0,0.0,-1.0,1.0,48616.261069,-39.89166899999691,b
12.0,-,1,44035.5694,2,0,-1.0,0.0,-1.0,1.0,44031.671187,3.8982130000003963,b
12.0,+,31,44035.5794,2,0,-1.0,0.0,-1.0,1.0,44031.683385,3.8960150000057183,b
12.0,-,2,44826.5494,2,1,-1.0,0.0,-1.0,1.0,44836.502828,-9.953427999993437,b
12.0,+,32,44826.5694,2,1,-1.0,0.0,-1.0,1.0,44836.514854,-9.945454000000609,b
12.0,-,3,45605.0594,2,2,-1.0,0.0,-1.0,1.0,45624.056253,-18.996853000004194,b
12.0,+,33,45605.0694,2,2,-1.0,0.0,-1.0,1.0,45624.068124,-18.99872399999731,b
12.0,-,4,46370.8494,2,3,-1.0,0.0,-1.0,1.0,46394.777588,-23.928187999998045,b
12.0,+,34,46370.8494,2,3,-1.0,0.0,-1.0,1.0,46394.78933,-23.93993000000046,b
12.0,-,5,47123.6494,2,4,-1.0,0.0,-1.0,1.0,47151.385949,-27.736549000001105,b
12.0,+,35,47123.6594,2,4,-1.0,0.0,-1.0,1.0,47151.397573,-27.73817300000519,b
12.0,-,6,47863.0994,2,5,-1.0,0.0,-1.0,1.0,47896.050715,-32.95131499999843,b
12.0,+,36,47863.0794,2,5,-1.0,0.0,-1.0,1.0,47896.062181,-32.982780999998795,b
12.0,-,7,48589.3194,2,6,-1.0,0.0,-1.0,1.0,48628.499724,-39.18032400000084,b
12.0,+,37,48588.8694,2,6,-1.0,0.0,-1.0,1.0,48628.510969,-39.641568999999436,b
13.0,+,1,44049.9594,2,0,-1.0,0.0,-1.0,1.0,44045.706207,4.253192999996827,b
13.0,-,31,44049.9794,2,0,-1.0,0.0,-1.0,1.0,44045.720434,4.258965999993961,b
13.0,+,2,44840.8094,2,1,-1.0,0.0,-1.0,1.0,44850.40818,-9.59878000000026,b
13.0,-,32,44840.8094,2,1,-1.0,0.0,-1.0,1.0,44850.422206,-9.612806000004639,b
13.0,+,3,45619.1594,2,2,-1.0,0.0,-1.0,1.0,45637.837009,-18.67760900000576,b
13.0,-,33,45619.1594,2,2,-1.0,0.0,-1.0,1.0,45637.850855,-18.691455000000133,b
13.0,+,4,46384.7794,2,3,-1.0,0.0,-1.0,1.0,46408.442453,-23.663053000003856,b
13.0,-,34,46384.7994,2,3,-1.0,0.0,-1.0,1.0,46408.456149,-23.656748999994306,b
13.0,+,5,47137.4394,2,4,-1.0,0.0,-1.0,1.0,47164.938865,-27.499464999993506,b
13.0,-,35,47137.4694,2,4,-1.0,0.0,-1.0,1.0,47164.952422,-27.483022000000346,b
13.0,+,6,47876.7394,2,5,-1.0,0.0,-1.0,1.0,47909.474768,-32.73536800000147,b
13.0,-,36,47876.7194,2,5,-1.0,0.0,-1.0,1.0,47909.488142,-32.7687420000002,b
13.0,+,7,48602.9194,2,6,-1.0,0.0,-1.0,1.0,48641.767279,-38.84787900000083,b
13.0,-,37,48602.3494,2,6,-1.0,0.0,-1.0,1.0,48641.780394,-39.4309940000021,b
14.0,-,1,44065.4594,2,0,-1.0,0.0,-1.0,1.0,44060.819393,4.640007000001788,b
14.0,+,31,44065.4794,2,0,-1.0,0.0,-1.0,1.0,44060.835804,4.643595999994432,b
14.0,-,2,44856.1594,2,1,-1.0,0.0,-1.0,1.0,44865.38167,-9.222270000005665,b
14.0,+,32,44856.1694,2,1,-1.0,0.0,-1.0,1.0,44865.39785,-9.22845000000234,b
14.0,-,3,45646.1294,2,2,-1.0,0.0,-1.0,1.0,45652.676259,-6.546859000001859,b
14.0,+,33,45634.3694,2,2,-1.0,0.0,-1.0,1.0,45652.692231,-18.322830999997677,b
14.0,-,4,46399.7294,2,3,-1.0,0.0,-1.0,1.0,46423.156871,-23.427471000002697,b
14.0,+,34,46399.8294,2,3,-1.0,0.0,-1.0,1.0,46423.172669,-23.343268999997235,b
14.0,-,5,47152.3294,2,4,-1.0,0.0,-1.0,1.0,47179.532729,-27.2033289999963,b
14.0,+,35,47152.3594,2,4,-1.0,0.0,-1.0,1.0,47179.548368,-27.188968000002205,b
14.0,-,6,47891.4594,2,5,-1.0,0.0,-1.0,1.0,47923.929872,-32.47047200000088,b
14.0,+,36,47891.4194,2,5,-1.0,0.0,-1.0,1.0,47923.945299,-32.52589900000021,b
14.0,-,7,48617.1894,2,6,-1.0,0.0,-1.0,2.0,48656.053904,-38.864503999997396,b
15.0,+,1,44082.0594,2,0,-1.0,0.0,-1.0,1.0,44077.010421,5.048978999999235,b
15.0,-,31,44082.0794,2,0,-1.0,0.0,-1.0,1.0,44077.029171,5.0502290000003995,b
15.0,+,2,44872.5994,2,1,-1.0,0.0,-1.0,1.0,44881.422964,-8.823563999998441,b
15.0,-,32,44872.5994,2,1,-1.0,0.0,-1.0,1.0,44881.441449,-8.842048999998951,b
15.0,+,3,45650.6094,2,2,-1.0,0.0,-1.0,1.0,45668.573657,-17.964256999999634,b
15.0,-,33,45650.6294,2,2,-1.0,0.0,-1.0,1.0,45668.591905,-17.962505000003148,b
15.0,+,4,46415.9094,2,3,-1.0,0.0,-1.0,1.0,46438.920488,-23.011088000006566,b
15.0,-,34,46415.9594,2,3,-1.0,0.0,-1.0,1.0,46438.938536,-22.979136000001745,b
15.0,+,5,47168.2694,2,4,-1.0,0.0,-1.0,1.0,47195.16719,-26.897790000002715,b
15.0,-,35,47168.2994,2,4,-1.0,0.0,-1.0,1.0,47195.185056,-26.885655999998562,b
15.0,+,6,47907.2094,2,5,-1.0,0.0,-1.0,1.0,47939.415679,-32.206278999998176,b
15.0,-,36,47907.1494,2,5,-1.0,0.0,-1.0,1.0,47939.433304,-32.283903999996255,b
15.0,+,7,48633.1294,2,6,-1.0,0.0,-1.0,1.0,48671.359263,-38.22986300000048,b
15.0,-,37,48632.4994,2,6,-1.0,0.0,-1.0,1.0,48671.376547,-38.87714699999924,b
16.0,-,1,44099.7594,2,0,-1.0,0.0,-1.0,1.0,44094.278946,5.4804540000041015,b
16.0,+,31,44099.7694,2,0,-1.0,0.0,-1.0,1.0,44094.30019,5.469209999995655,b
16.0,-,2,44890.0994,2,1,-1.0,0.0,-1.0,1.0,44898.531703,-8.432303000001411,b
16.0,+,32,44890.1594,2,1,-1.0,0.0,-1.0,1.0,44898.552646,-8.393245999999635,b
16.0,-,3,45667.9494,2,2,-1.0,0.0,-1.0,1.0,45685.528831,-17.57943100000557,b
16.0,+,33,45667.9894,2,2,-1.0,0.0,-1.0,1.0,45685.549504,-17.560104000003776,b
16.0,-,4,46433.1294,2,3,-1.0,0.0,-1.0,1.0,46455.732923,-22.603523000005225,b
16.0,+,34,46433.1294,2,3,-1.0,0.0,-1.0,1.0,46455.753371,-22.623971000000893,b
16.0,-,5,47185.2594,2,4,-1.0,0.0,-1.0,1.0,47211.841868,-26.582468000000517,b
16.0,+,35,47185.2894,2,4,-1.0,0.0,-1.0,1.0,47211.86211,-26.57271000000037,b
16.0,-,6,47924.0394,2,5,-1.0,0.0,-1.0,1.0,47955.931814,-31.892414000001736,b
16.0,+,36,47923.7994,2,5,-1.0,0.0,-1.0,1.0,47955.951782,-32.15238199999294,b
16.0,-,7,48649.8594,2,6,-1.0,0.0,-1.0,1.0,48687.682996,-37.823596000002,b
16.0,+,37,48649.1294,2,6,-1.0,0.0,-1.0,1.0,48687.702577,-38.573176999998395,b
17.0,+,1,44118.5594,2,0,-1.0,0.0,-1.0,1.0,44112.624599,5.934800999995787,b
17.0,-,31,44118.5794,2,0,-1.0,0.0,-1.0,1.0,44112.64849,5.930910000002768,b
17.0,+,2,44908.7294,2,1,-1.0,0.0,-1.0,1.0,44916.707506,-7.978106000002299,b
17.0,-,32,44908.7294,2,1,-1.0,0.0,-1.0,1.0,44916.731059,-8.001659000001382,b
17.0,+,3,45686.3894,2,2,-1.0,0.0,-1.0,1.0,45703.541383,-17.151983000003383,b
17.0,-,33,45686.4494,2,2,-1.0,0.0,-1.0,1.0,45703.564632,-17.115232000003743,b
17.0,+,4,46451.3294,2,3,-1.0,0.0,-1.0,1.0,46473.593775,-22.264374999998836,b
17.0,-,34,46451.3794,2,3,-1.0,0.0,-1.0,1.0,46473.616769,-22.237369000002218,b
17.0,+,5,47203.3094,2,4,-1.0,0.0,-1.0,1.0,47229.556362,-26.246962000004714,b
17.0,-,35,47203.3294,2,4,-1.0,0.0,-1.0,1.0,47229.579125,-26.249724999994214,b
17.0,+,6,47941.8594,2,5,-1.0,0.0,-1.0,1.0,47973.477875,-31.61847499999567,b
17.0,-,36,47941.99,2,5,-1.0,0.0,-1.0,1.0,47973.500331,-31.510331000004953,b
17.0,+,7,48667.5794,2,6,-1.0,0.0,-1.0,1.0,48705.024715,-37.44531499999721,b
17.0,-,37,48666.7794,2,6,-1.0,0.0,-1.0,1.0,48705.046737,-38.2673369999975,b
18.0,-,1,44138.4694,2,0,-1.0,0.0,-1.0,1.0,44132.046988,6.422411999999895,b
18.0,+,31,44138.4994,2,0,-1.0,0.0,-1.0,1.0,44132.073681,6.425718999998935,b
18.0,-,2,44928.4394,2,1,-1.0,0.0,-1.0,1.0,44935.949967,-7.510566999997536,b
18.0,+,32,44928.4694,2,1,-1.0,0.0,-1.0,1.0,44935.976281,-7.506881000001158,b
18.0,-,3,45705.9094,2,2,-1.0,0.0,-1.0,1.0,45722.610893,-16.701493000000482,b
18.0,+,33,45705.9594,2,2,-1.0,0.0,-1.0,1.0,45722.636867,-16.677467000001343,b
18.0,-,4,46470.6694,2,3,-1.0,0.0,-1.0,1.0,46492.502612,-21.83321199999773,b
18.0,+,34,46470.6794,2,3,-1.0,0.0,-1.0,1.0,46492.528302,-21.848901999997906,b
18.0,-,5,47222.4194,2,4,-1.0,0.0,-1.0,1.0,47248.310242,-25.890842000000703,b
18.0,+,35,47222.4494,2,4,-1.0,0.0,-1.0,1.0,47248.335674,-25.88627400000405,b
18.0,-,6,47960.7894,2,5,-1.0,0.0,-1.0,1.0,47992.053439,-31.264039000001503,b
18.0,+,36,47960.78,2,5,-1.0,0.0,-1.0,1.0,47992.078526,-31.298525999998674,b
18.0,-,7,48686.4094,2,6,-1.0,0.0,-1.0,1.0,48723.384013,-36.974613000005775,b
18.0,+,37,48685.4594,2,6,-1.0,0.0,-1.0,1.0,48723.408616,-37.94921600000089,b
19.0,+,1,44159.4994,2,0,-1.0,0.0,-1.0,1.0,44152.545699,6.953700999998546,b
19.0,-,31,44159.5194,2,0,-1.0,0.0,-1.0,1.0,44152.575346,6.944053999999596,b
19.0,+,2,44949.2594,2,1,-1.0,0.0,-1.0,1.0,44956.258655,-6.999254999995173,b
19.0,-,32,44949.2794,2,1,-1.0,0.0,-1.0,1.0,44956.287882,-7.008481999997457,b
19.0,+,3,45726.5094,2,2,-1.0,0.0,-1.0,1.0,45742.736913,-16.227512999997998,b
19.0,-,33,45726.5394,2,2,-1.0,0.0,-1.0,1.0,45742.765761,-16.226361000000907,b
19.0,+,4,46491.0294,2,3,-1.0,0.0,-1.0,1.0,46512.458982,-21.429581999997026,b
19.0,-,34,46491.0694,2,3,-1.0,0.0,-1.0,1.0,46512.487514,-21.41811400000006,b
19.0,+,5,47242.5694,2,4,-1.0,0.0,-1.0,1.0,47268.103055,-25.53365499999927,b
19.0,-,35,47242.6194,2,4,-1.0,0.0,-1.0,1.0,47268.1313,-25.511899999997695,b
19.0,+,6,47980.7094,2,5,-1.0,0.0,-1.0,1.0,48011.658052,-30.94865199999913,b
19.0,-,36,47980.71,2,5,-1.0,0.0,-1.0,1.0,48011.685916,-30.975916000003053,b
19.0,+,7,48706.2494,2,6,-1.0,0.0,-1.0,1.0,48742.760454,-36.51105400000233,b
19.0,-,37,48705.2194,2,6,-1.0,0.0,-1.0,1.0,48742.787779,-37.56837899999664,b
20.0,-,1,44181.6194,2,0,-1.0,0.0,-1.0,1.0,44174.120293,7.499107000003278,b
20.0,+,31,44181.6394,2,0,-1.0,0.0,-1.0,1.0,44174.153048,7.486351999999897,b
20.0,-,2,44971.1594,2,1,-1.0,0.0,-1.0,1.0,44977.633118,-6.473718000001099,b
20.0,+,32,44971.1694,2,1,-1.0,0.0,-1.0,1.0,44977.665408,-6.496008000001893,b
20.0,-,3,45748.1894,2,2,-1.0,0.0,-1.0,1.0,45763.918973,-15.72957299999689,b
20.0,+,33,45748.2194,2,2,-1.0,0.0,-1.0,1.0,45763.950844,-15.731443999997282,b
20.0,-,4,46512.4994,2,3,-1.0,0.0,-1.0,1.0,46533.462404,-20.963003999997454,b
20.0,+,34,46512.5494,2,3,-1.0,0.0,-1.0,1.0,46533.493925,-20.944524999998976,b
20.0,-,5,47263.7994,2,4,-1.0,0.0,-1.0,1.0,47288.934321,-25.13492099999712,b
20.0,+,35,47263.8394,2,4,-1.0,0.0,-1.0,1.0,47288.965526,-25.12612600000284,b
20.0,-,6,48001.7294,2,5,-1.0,0.0,-1.0,1.0,48032.291239,-30.561839000001783,b
20.0,+,36,48001.69,2,5,-1.0,0.0,-1.0,1.0,48032.322022,-30.63202199999796,b
20.0,-,7,48725.3994,2,6,-1.0,0.0,-1.0,1.0,48763.153579,-37.75417899999593,b
20.0,+,37,48725.9694,2,6,-1.0,0.0,-1.0,1.0,48763.183768,-37.21436800000083,b
21.0,+,1,44204.8294,2,0,-1.0,0.0,-1.0,1.0,44196.770309,8.059091000002809,b
21.0,-,31,44204.8394,2,0,-1.0,0.0,-1.0,1.0,44196.806324,8.03307599999971,b
21.0,+,2,44994.1294,2,1,-1.0,0.0,-1.0,1.0,45000.072877,-5.943477000000712,b
21.0,-,32,44994.1594,2,1,-1.0,0.0,-1.0,1.0,45000.10838,-5.948980000001029,b
21.0,+,3,45770.9194,2,2,-1.0,0.0,-1.0,1.0,45786.156577,-15.237177000002703,b
21.0,-,33,45770.9694,2,2,-1.0,0.0,-1.0,1.0,45786.19162,-15.222219999996014,b
21.0,+,4,46535.0094,2,3,-1.0,0.0,-1.0,1.0,46555.512373,-20.50297299999511,b
21.0,-,34,46535.0694,2,3,-1.0,0.0,-1.0,1.0,46555.54703,-20.477630000001227,b
21.0,+,5,47286.0694,2,4,-1.0,0.0,-1.0,1.0,47310.803536,-24.734135999999125,b
21.0,-,35,47286.1394,2,4,-1.0,0.0,-1.0,1.0,47310.837846,-24.69844600000215,b
21.0,+,6,48023.7494,2,5,-1.0,0.0,-1.0,1.0,48053.952497,-30.203096999997797,b
21.0,-,36,48023.71,2,5,-1.0,0.0,-1.0,1.0,48053.986343,-30.276342999997723,b
21.0,+,7,48747.2294,2,6,-1.0,0.0,-1.0,1.0,48784.562904,-37.333504000001994,b
21.0,-,37,48747.7794,2,6,-1.0,0.0,-1.0,1.0,48784.596098,-36.81669800000236,b
22.0,-,1,44229.1494,2,0,-1.0,0.0,-1.0,1.0,44220.495262,8.654138000005332,b
22.0,+,31,44229.1694,2,0,-1.0,0.0,-1.0,1.0,44220.53469,8.63470999999845,b
22.0,-,2,45018.2094,2,1,-1.0,0.0,-1.0,1.0,45023.577431,-5.368030999998155,b
22.0,+,32,45018.2294,2,1,-1.0,0.0,-1.0,1.0,45023.616298,-5.386898000004294,b
22.0,-,3,45794.7694,2,2,-1.0,0.0,-1.0,1.0,45809.449205,-14.67980499999976,b
22.0,+,33,45794.7994,2,2,-1.0,0.0,-1.0,1.0,45809.487567,-14.688166999992973,b
22.0,-,4,46558.6194,2,3,-1.0,0.0,-1.0,1.0,46578.608359,-19.988958999994793,b
22.0,+,34,46558.6294,2,3,-1.0,0.0,-1.0,1.0,46578.646299,-20.016899000002013,b
22.0,-,5,47309.4194,2,4,-1.0,0.0,-1.0,1.0,47333.710169,-24.290768999999273,b
22.0,+,35,47309.4394,2,4,-1.0,0.0,-1.0,1.0,47333.747728,-24.308327999999165,b
22.0,-,6,48046.8194,2,5,-1.0,0.0,-1.0,1.0,48076.641298,-29.821898000001966,b
22.0,+,36,48070.9,2,5,-1.0,0.0,-1.0,0.0,48076.678349,-5.778349000000162,b
22.0,-,7,48770.1094,2,6,-1.0,0.0,-1.0,1.0,48806.987921,-36.87852099999873,b
22.0,+,37,48770.5494,2,6,-1.0,0.0,-1.0,1.0,48807.024259,-36.47485899999447,b
23.0,+,1,44254.5594,2,0,-1.0,0.0,-1.0,1.0,44245.294646,9.264753999996174,b
23.0,-,31,44254.6094,2,0,-1.0,0.0,-1.0,1.0,44245.337639,9.271761000003607,b
23.0,+,2,45043.3994,2,1,-1.0,0.0,-1.0,1.0,45048.146255,-4.746854999997595,b
23.0,-,32,45043.4094,2,1,-1.0,0.0,-1.0,1.0,45048.188635,-4.7792350000017905,b
23.0,+,3,45819.6794,2,2,-1.0,0.0,-1.0,1.0,45833.796311,-14.116910999997344,b
23.0,-,33,45819.7194,2,2,-1.0,0.0,-1.0,1.0,45833.83814,-14.11873999999807,b
23.0,+,4,46583.2494,2,3,-1.0,0.0,-1.0,1.0,46602.749807,-19.50040699999954,b
23.0,-,34,46583.2894,2,3,-1.0,0.0,-1.0,1.0,46602.791176,-19.501775999997335,b
23.0,+,5,47333.7894,2,4,-1.0,0.0,-1.0,1.0,47357.653664,-23.864263999996183,b
23.0,-,35,47333.8494,2,4,-1.0,0.0,-1.0,1.0,47357.694616,-23.84521600000153,b
23.0,+,6,48070.9394,2,5,-1.0,0.0,-1.0,1.0,48100.357086,-29.417686000000685,b
23.0,-,36,48070.9,2,5,-1.0,0.0,-1.0,1.0,48100.397485,-29.49748499999987,b
23.0,+,7,48794.0194,2,6,-1.0,0.0,-1.0,1.0,48830.428096,-36.408696000005875,b
23.0,-,37,48794.4194,2,6,-1.0,0.0,-1.0,1.0,48830.467718,-36.04831800000102,b
24.0,-,1,44281.0794,2,0,-1.0,0.0,-1.0,1.0,44271.16793,9.911469999999099,b
24.0,+,31,44281.1194,2,0,-1.0,0.0,-1.0,1.0,44271.214638,9.904762000005576,b
24.0,-,2,45069.6494,2,1,-1.0,0.0,-1.0,1.0,45073.7788,-4.129399999997986,b
24.0,+,32,45069.6594,2,1,-1.0,0.0,-1.0,1.0,45073.824842,-4.165442000004987,b
24.0,-,3,45845.6694,2,2,-1.0,0.0,-1.0,1.0,45859.197326,-13.52792600000248,b
24.0,+,33,45845.7094,2,2,-1.0,0.0,-1.0,1.0,45859.242768,-13.533367999996699,b
24.0,-,4,46608.9494,2,3,-1.0,0.0,-1.0,1.0,46627.936138,-18.986737999999605,b
24.0,+,34,46609.0294,2,3,-1.0,0.0,-1.0,1.0,46627.981079,-18.951678999997966,b
24.0,-,5,47359.2494,2,4,-1.0,0.0,-1.0,1.0,47382.633439,-23.384038999996847,b
24.0,+,35,47359.2794,2,4,-1.0,0.0,-1.0,1.0,47382.677929,-23.398528999998234,b
24.0,-,6,48096.1294,2,5,-1.0,0.0,-1.0,1.0,48125.099282,-28.969882000004873,b
24.0,+,36,48096.08,2,5,-1.0,0.0,-1.0,1.0,48125.143171,-29.063171000001603,b
24.0,-,7,48818.9294,2,6,-1.0,0.0,-1.0,1.0,48854.88287,-35.95347000000038,b
24.0,+,37,48819.3094,2,6,-1.0,0.0,-1.0,1.0,48854.925916,-35.616516000001866,b
25.0,+,1,44308.6994,2,0,-1.0,0.0,-1.0,1.0,44298.114559,10.584840999996231,b
25.0,-,31,44308.7294,2,0,-1.0,0.0,-1.0,1.0,44298.165135,10.564264999993611,b
25.0,+,2,45096.9994,2,1,-1.0,0.0,-1.0,1.0,45100.474491,-3.4750910000002477,b
25.0,-,32,45097.0194,2,1,-1.0,0.0,-1.0,1.0,45100.524345,-3.504945000000589,b
25.0,+,3,45872.7494,2,2,-1.0,0.0,-1.0,1.0,45885.651656,-12.902256000001216,b
25.0,-,33,45872.7894,2,2,-1.0,0.0,-1.0,1.0,45885.700858,-12.911457999995037,b
25.0,+,4,46635.7694,2,3,-1.0,0.0,-1.0,1.0,46654.166744,-18.397344000004523,b
25.0,-,34,46635.8194,2,3,-1.0,0.0,-1.0,1.0,46654.215404,-18.396004000001994,b
25.0,+,5,47385.7494,2,4,-1.0,0.0,-1.0,1.0,47408.648887,-22.89948700000241,b
25.0,-,35,47385.8094,2,4,-1.0,0.0,-1.0,1.0,47408.697058,-22.887657999999647,b
25.0,+,6,48122.3294,2,5,-1.0,0.0,-1.0,1.0,48150.867278,-28.537877999995544,b
25.0,-,36,48122.3,2,5,-1.0,0.0,-1.0,1.0,48150.914798,-28.614797999995062,b
25.0,+,7,48844.9094,2,6,-1.0,0.0,-1.0,1.0,48880.351659,-35.442259000003105,b
25.0,-,37,48845.2494,2,6,-1.0,0.0,-1.0,1.0,48880.398268,-35.14886799999658,b
26.0,-,1,44337.4194,2,0,-1.0,0.0,-1.0,1.0,44326.133958,11.28544200000033,b
26.0,+,31,44337.4594,2,0,-1.0,0.0,-1.0,1.0,44326.188552,11.270848000000115,b
26.0,-,2,45125.4194,2,1,-1.0,0.0,-1.0,1.0,45128.232734,-2.8133339999985765,b
26.0,+,32,45125.4594,2,1,-1.0,0.0,-1.0,1.0,45128.286546,-2.8271460000032675,b
26.0,-,3,45900.8894,2,2,-1.0,0.0,-1.0,1.0,45913.15868,-12.269280000000435,b
26.0,+,33,45900.9194,2,2,-1.0,0.0,-1.0,1.0,45913.211788,-12.292388000001665,b
26.0,-,4,46663.6394,2,3,-1.0,0.0,-1.0,1.0,46681.440996,-17.801595999997517,b
26.0,+,34,46663.6694,2,3,-1.0,0.0,-1.0,1.0,46681.493519,-17.82411900000443,b
26.0,-,5,47413.3194,2,4,-1.0,0.0,-1.0,1.0,47435.699375,-22.379974999996193,b
26.0,+,35,47413.3694,2,4,-1.0,0.0,-1.0,1.0,47435.751369,-22.38196899999457,b
26.0,-,6,48149.5894,2,5,-1.0,0.0,-1.0,1.0,48177.660442,-28.071042000003217,b
26.0,+,36,48149.58,2,5,-1.0,0.0,-1.0,1.0,48177.711734,-28.13173399999505,b
26.0,-,7,48871.8494,2,6,-1.0,0.0,-1.0,1.0,48906.833854,-34.98445399999764,b
26.0,+,37,48872.1794,2,6,-1.0,0.0,-1.0,1.0,48906.884165,-34.704765000002226,b
27.0,+,1,44367.2394,2,0,-1.0,0.0,-1.0,1.0,44355.225527,12.013872999996238,b
27.0,-,31,44367.2894,2,0,-1.0,0.0,-1.0,1.0,44355.284289,12.005110999998578,b
27.0,+,2,45154.9394,2,1,-1.0,0.0,-1.0,1.0,45157.052905,-2.113504999993893,b
27.0,-,32,45154.9794,2,1,-1.0,0.0,-1.0,1.0,45157.110825,-2.131425000006857,b
27.0,+,3,45930.1094,2,2,-1.0,0.0,-1.0,1.0,45941.717755,-11.608354999996664,b
27.0,-,33,45930.1694,2,2,-1.0,0.0,-1.0,1.0,45941.774916,-11.605516000003263,b
27.0,+,4,46692.5594,2,3,-1.0,0.0,-1.0,1.0,46709.758239,-17.198839000004227,b
27.0,-,34,46692.6294,2,3,-1.0,0.0,-1.0,1.0,46709.814768,-17.18536799999856,b
27.0,+,5,47441.9294,2,4,-1.0,0.0,-1.0,1.0,47463.784245,-21.85484500000166,b
27.0,-,35,47441.9994,2,4,-1.0,0.0,-1.0,1.0,47463.840205,-21.84080499999982,b
27.0,+,6,48177.8894,2,5,-1.0,0.0,-1.0,1.0,48205.478114,-27.588713999997708,b
27.0,-,36,48177.88,2,5,-1.0,0.0,-1.0,1.0,48205.533319,-27.653319000004558,b
27.0,+,7,48899.8894,2,6,-1.0,0.0,-1.0,1.0,48934.328821,-34.43942100000277,b
27.0,-,37,48900.1794,2,6,-1.0,0.0,-1.0,1.0,48934.382971,-34.20357099999819,b
28.0,-,1,44398.1594,2,0,-1.0,0.0,-1.0,1.0,44385.388641,12.770758999999089,b
28.0,+,31,44398.1994,2,0,-1.0,0.0,-1.0,1.0,44385.451721,12.747679000000062,b
28.0,-,2,45185.5694,2,1,-1.0,0.0,-1.0,2.0,45186.934361,-1.3649609999993118,b
28.0,-,3,45960.4194,2,2,-1.0,0.0,-1.0,1.0,45971.328213,-10.908813000001828,b
28.0,+,33,45960.4594,2,2,-1.0,0.0,-1.0,1.0,45971.389571,-10.930170999999973,b
28.0,-,4,46722.5194,2,3,-1.0,0.0,-1.0,1.0,46739.11779,-16.5983899999992,b
28.0,+,34,46722.5794,2,3,-1.0,0.0,-1.0,1.0,46739.178469,-16.599068999996234,b
28.0,-,5,47471.5894,2,4,-1.0,0.0,-1.0,1.0,47492.90281,-21.313410000002477,b
28.0,+,35,47471.6794,2,4,-1.0,0.0,-1.0,1.0,47492.962878,-21.283477999997558,b
28.0,-,6,48207.2294,2,5,-1.0,0.0,-1.0,1.0,48234.319609,-27.090209000001778,b
28.0,+,36,48207.22,2,5,-1.0,0.0,-1.0,1.0,48234.378867,-27.15886699999828,b
28.0,-,7,48928.8694,2,6,-1.0,0.0,-1.0,1.0,48962.8359,-33.966499999994994,b
28.0,+,37,48929.1894,2,6,-1.0,0.0,-1.0,1.0,48962.894026,-33.704625999998825,b
29.0,+,1,44430.1694,2,0,-1.0,0.0,-1.0,1.0,44416.622656,13.546743999999308,b
29.0,-,31,44430.2194,2,0,-1.0,0.0,-1.0,1.0,44416.690202,13.529198000003817,b
29.0,+,2,45217.2394,2,1,-1.0,0.0,-1.0,1.0,45217.876433,-0.6370329999990645,b
29.0,-,32,45217.2994,2,1,-1.0,0.0,-1.0,1.0,45217.943009,-0.6436089999988326,b
29.0,+,3,45991.1794,2,2,-1.0,0.0,-1.0,1.0,46001.989361,-10.80996099999902,b
29.0,-,33,45991.8194,2,2,-1.0,0.0,-1.0,1.0,46002.05506,-10.235659999998461,b
29.0,+,4,46753.5794,2,3,-1.0,0.0,-1.0,1.0,46769.518944,-15.939544000000751,b
29.0,-,34,46753.6694,2,3,-1.0,0.0,-1.0,1.0,46769.583916,-15.914516000004369,b
29.0,+,5,47502.3194,2,4,-1.0,0.0,-1.0,1.0,47523.054361,-20.73496100000193,b
29.0,-,35,47502.3794,2,4,-1.0,0.0,-1.0,1.0,47523.118678,-20.739278000000922,b
29.0,+,6,48237.6194,2,5,-1.0,0.0,-1.0,1.0,48264.184213,-26.56481299999723,b
29.0,-,36,48237.58,2,5,-1.0,0.0,-1.0,1.0,48264.247663,-26.667663000000175,b
29.0,+,7,48958.9394,2,6,-1.0,0.0,-1.0,1.0,48992.354405,-33.41500499999529,b
29.0,-,37,48959.2194,2,6,-1.0,0.0,-1.0,1.0,48992.416645,-33.197244999995746,b
30.0,-,1,44463.2894,2,0,-1.0,0.0,-1.0,1.0,44448.926901,14.362499000002572,b
30.0,+,31,44463.3294,2,0,-1.0,0.0,-1.0,1.0,44448.999062,14.330337999999756,b
30.0,-,2,45250.0194,2,1,-1.0,0.0,-1.0,1.0,45249.878429,0.14097100000071805,b
30.0,+,32,45250.0794,2,1,-1.0,0.0,-1.0,1.0,45249.949551,0.12984900000446942,b
30.0,-,3,46024.2194,2,2,-1.0,0.0,-1.0,1.0,46033.700481,-9.481080999998085,b
30.0,+,33,46024.2794,2,2,-1.0,0.0,-1.0,1.0,46033.770665,-9.491264999996929,b
30.0,-,4,46785.6894,2,3,-1.0,0.0,-1.0,1.0,46800.960971,-15.271570999997493,b
30.0,+,34,46785.7794,2,3,-1.0,0.0,-1.0,1.0,46801.030377,-15.250977000003331,b
30.0,-,5,47534.0794,2,4,-1.0,0.0,-1.0,1.0,47554.238162,-20.158761999999115,b
30.0,+,35,47534.1594,2,4,-1.0,0.0,-1.0,1.0,47554.306869,-20.147469000003184,b
30.0,-,6,48269.0394,2,5,-1.0,0.0,-1.0,1.0,48295.071188,-26.031788000000233,b
30.0,+,36,48269.03,2,5,-1.0,0.0,-1.0,1.0,48295.138969,-26.108969000000798,b
30.0,-,7,48990.0094,2,6,-1.0,0.0,-1.0,1.0,49022.883625,-32.87422499999957,b
30.0,+,37,48990.2894,2,6,-1.0,0.0,-1.0,1.0,49022.950115,-32.66071499999816,b
31.0,+,1,44497.4794,2,0,-1.0,0.0,-1.0,1.0,44482.300683,15.178716999995231,b
31.0,-,31,44497.5394,2,0,-1.0,0.0,-1.0,1.0,44482.377608,15.161791999998968,b
31.0,+,2,45283.8994,2,1,-1.0,0.0,-1.0,1.0,45282.939631,0.9597690000009607,b
31.0,-,32,45283.9494,2,1,-1.0,0.0,-1.0,1.0,45283.015447,0.9339529999997467,b
31.0,+,3,46057.7294,2,2,-1.0,0.0,-1.0,1.0,46066.460831,-8.731431000000157,b
31.0,-,33,46057.8094,2,2,-1.0,0.0,-1.0,1.0,46066.535644,-8.726244000004954,b
31.0,+,4,46818.8794,2,3,-1.0,0.0,-1.0,1.0,46833.443114,-14.563714000003529,b
31.0,-,34,46818.9394,2,3,-1.0,0.0,-1.0,1.0,46833.517096,-14.577696000000287,b
31.0,+,5,47566.3194,2,4,-1.0,0.0,-1.0,1.0,47586.453449,-20.134049000000232,b
31.0,-,35,47566.9794,2,4,-1.0,0.0,-1.0,1.0,47586.526686,-19.547286000000895,b
31.0,+,6,48301.4994,2,5,-1.0,0.0,-1.0,1.0,48326.979768,-25.480367999996815,b
31.0,-,36,48301.49,2,5,-1.0,0.0,-1.0,1.0,48327.052017,-25.562017000003834,b
31.0,+,7,49022.1194,2,6,-1.0,0.0,-1.0,1.0,49054.422822,-32.30342199999723,b
31.0,-,37,49022.4094,2,6,-1.0,0.0,-1.0,1.0,49054.493698,-32.08429800000158,b
32.0,-,1,44532.7794,2,0,-1.0,0.0,-1.0,1.0,44516.743288,16.036112000001594,b
32.0,+,31,44532.8494,2,0,-1.0,0.0,-1.0,1.0,44516.825123,16.0242769999968,b
32.0,-,2,45318.8294,2,1,-1.0,0.0,-1.0,1.0,45317.0593,1.7701000000015483,b
32.0,+,32,45318.8794,2,1,-1.0,0.0,-1.0,1.0,45317.139953,1.7394469999999274,b
32.0,-,3,46092.3394,2,2,-1.0,0.0,-1.0,1.0,46100.269643,-7.93024300000252,b
32.0,+,33,46092.3994,2,2,-1.0,0.0,-1.0,1.0,46100.349229,-7.949828999997408,b
32.0,-,4,46853.0994,2,3,-1.0,0.0,-1.0,1.0,46866.964591,-13.865191000004415,b
32.0,+,34,46853.1994,2,3,-1.0,0.0,-1.0,1.0,46867.043291,-13.843891000004078,b
32.0,-,5,47600.8094,2,4,-1.0,0.0,-1.0,2.0,47619.699435,-18.89003500000399,b
32.0,-,6,48334.9794,2,5,-1.0,0.0,-1.0,1.0,48359.909158,-24.929758000005677,b
32.0,+,36,48334.99,2,5,-1.0,0.0,-1.0,1.0,48359.986014,-24.996014000003925,b
32.0,-,7,49055.2494,2,6,-1.0,0.0,-1.0,1.0,49086.971233,-31.721832999995968,b
32.0,+,37,49055.5294,2,6,-1.0,0.0,-1.0,1.0,49087.046631,-31.51723099999799,b
33.0,+,1,44569.1794,2,0,-1.0,0.0,-1.0,1.0,44552.253975,16.92542500000127,b
33.0,-,31,44569.2494,2,0,-1.0,0.0,-1.0,1.0,44552.340867,16.908533000001626,b
33.0,+,2,45354.8694,2,1,-1.0,0.0,-1.0,1.0,45352.236671,2.632729000004474,b
33.0,-,32,45354.9394,2,1,-1.0,0.0,-1.0,1.0,45352.322306,2.6170940000010887,b
33.0,+,3,46127.9994,2,2,-1.0,0.0,-1.0,1.0,46135.126128,-7.126728000002913,b
33.0,-,33,46128.0894,2,2,-1.0,0.0,-1.0,1.0,46135.210627,-7.121227000003273,b
33.0,+,4,46888.3994,2,3,-1.0,0.0,-1.0,1.0,46901.524598,-13.125198000001546,b
33.0,-,34,46888.4994,2,3,-1.0,0.0,-1.0,1.0,46901.608155,-13.10875500000111,b
33.0,+,5,47635.6894,2,4,-1.0,0.0,-1.0,1.0,47653.975304,-18.285903999996663,b
33.0,-,35,47635.7594,2,4,-1.0,0.0,-1.0,1.0,47654.058018,-18.298618000000715,b
33.0,+,6,48369.5194,2,5,-1.0,0.0,-1.0,1.0,48393.858539,-24.339139000003343,b
33.0,-,36,48369.52,2,5,-1.0,0.0,-1.0,1.0,48393.940139,-24.420139000001654,b
33.0,+,7,49089.4094,2,6,-1.0,0.0,-1.0,1.0,49120.528069,-31.118669000003138,b
33.0,-,37,49089.6394,2,6,-1.0,0.0,-1.0,1.0,49120.608123,-30.968722999998135,b
34.0,-,1,44606.6494,2,0,-1.0,0.0,-1.0,1.0,44588.831982,17.817417999998725,b
34.0,+,31,44606.7294,2,0,-1.0,0.0,-1.0,1.0,44588.924079,17.80532099999982,b
34.0,-,2,45391.9694,2,1,-1.0,0.0,-1.0,1.0,45388.470956,3.4984440000043833,b
34.0,+,32,45392.0394,2,1,-1.0,0.0,-1.0,1.0,45388.561717,3.4776830000046175,b
34.0,-,3,46164.7194,2,2,-1.0,0.0,-1.0,1.0,46171.029468,-6.310067999998864,b
34.0,+,33,46164.8094,2,2,-1.0,0.0,-1.0,1.0,46171.119023,-6.309623000001011,b
34.0,-,4,46924.7394,2,3,-1.0,0.0,-1.0,1.0,46937.122303,-12.382902999997896,b
34.0,+,34,46924.8394,2,3,-1.0,0.0,-1.0,1.0,46937.210857,-12.3714570000011,b
34.0,-,5,47671.6194,2,4,-1.0,0.0,-1.0,1.0,47689.280216,-17.660815999995975,b
34.0,+,35,47671.7294,2,4,-1.0,0.0,-1.0,1.0,47689.367877,-17.63847700000042,b
34.0,-,6,48405.0794,2,5,-1.0,0.0,-1.0,1.0,48428.827062,-23.747661999994307,b
34.0,+,36,48405.11,2,5,-1.0,0.0,-1.0,1.0,48428.913542,-23.80354200000147,b
34.0,-,7,49124.5794,2,6,-1.0,0.0,-1.0,1.0,49155.092514,-30.513114000001224,b
34.0,+,37,49124.8294,2,6,-1.0,0.0,-1.0,1.0,49155.177358,-30.34795799999847,b
35.0,+,1,44645.2294,2,0,-1.0,0.0,-1.0,1.0,44626.476524,18.75287599999865,b
35.0,-,31,44645.3194,2,0,-1.0,0.0,-1.0,1.0,44626.57397,18.74543000000267,b
35.0,+,2,45430.1694,2,1,-1.0,0.0,-1.0,1.0,45425.761342,4.408058000000892,b
35.0,-,32,45430.2494,2,1,-1.0,0.0,-1.0,1.0,45425.857373,4.39202700000169,b
35.0,+,3,46202.5394,2,2,-1.0,0.0,-1.0,1.0,46207.978824,-5.439423999996507,b
35.0,-,33,46202.6394,2,2,-1.0,0.0,-1.0,1.0,46208.073575,-5.434175000002142,b
35.0,+,4,46962.1594,2,3,-1.0,0.0,-1.0,1.0,46973.756849,-11.597449000000779,b
35.0,-,34,46962.2594,2,3,-1.0,0.0,-1.0,1.0,46973.85054,-11.591139999996813,b
35.0,+,5,47708.6694,2,4,-1.0,0.0,-1.0,1.0,47725.613303,-16.94390299999941,b
35.0,-,35,47708.6694,2,4,-1.0,0.0,-1.0,1.0,47725.706048,-17.03664800000115,b
35.0,+,6,48441.6894,2,5,-1.0,0.0,-1.0,1.0,48464.813852,-23.12445199999638,b
35.0,-,36,48441.69,2,5,-1.0,0.0,-1.0,1.0,48464.905348,-23.215347999997903,b
35.0,+,7,49160.7794,2,6,-1.0,0.0,-1.0,1.0,49190.663725,-29.88432499999908,b
35.0,-,37,49160.9994,2,6,-1.0,0.0,-1.0,1.0,49190.753493,-29.75409299999592,b
36.0,-,1,44684.8794,2,0,-1.0,0.0,-1.0,1.0,44665.186792,19.692607999997563,b
36.0,+,31,44685.0094,2,0,-1.0,0.0,-1.0,1.0,44665.289732,19.719668000005186,b
36.0,-,2,45469.4394,2,1,-1.0,0.0,-1.0,1.0,45464.106995,5.3324050000010175,b
36.0,+,32,45469.5494,2,1,-1.0,0.0,-1.0,1.0,45464.208437,5.340963000002375,b
36.0,-,3,46241.3994,2,2,-1.0,0.0,-1.0,1.0,46245.973331,-4.573930999998993,b
36.0,+,33,46241.5094,2,2,-1.0,0.0,-1.0,1.0,46246.073418,-4.564017999997304,b
36.0,-,4,47000.6194,2,3,-1.0,0.0,-1.0,1.0,47011.427356,-10.80795599999692,b
36.0,+,34,47000.7494,2,3,-1.0,0.0,-1.0,1.0,47011.526322,-10.776921999997285,b
36.0,-,5,47746.7094,2,4,-1.0,0.0,-1.0,1.0,47762.973673,-16.264273000000685,b
36.0,+,35,47746.8194,2,4,-1.0,0.0,-1.0,1.0,47763.071639,-16.252239000001282,b
36.0,-,6,48479.3194,2,5,-1.0,0.0,-1.0,1.0,48501.818007,-22.498607000001357,b
36.0,+,36,48479.35,2,5,-1.0,0.0,-1.0,1.0,48501.914654,-22.56465400000161,b
36.0,-,7,49197.9994,2,6,-1.0,0.0,-1.0,1.0,49227.240834,-29.241433999995934,b
36.0,+,37,49198.2294,2,6,-1.0,0.0,-1.0,1.0,49227.335658,-29.106258000007074,b
37.0,+,1,44725.6594,2,0,-1.0,0.0,-1.0,1.0,44704.961954,20.69744599999831,b
37.0,-,31,44725.7494,2,0,-1.0,0.0,-1.0,1.0,44705.070532,20.678868000002694,b
37.0,+,2,45509.7994,2,1,-1.0,0.0,-1.0,1.0,45503.507053,6.292347000002337,b
37.0,-,32,45509.8794,2,1,-1.0,0.0,-1.0,1.0,45503.614049,6.265350999994553,b
37.0,+,3,46281.3594,2,2,-1.0,0.0,-1.0,1.0,46285.012099,-3.6526989999983925,b
37.0,-,33,46281.4494,2,2,-1.0,0.0,-1.0,1.0,46285.117662,-3.668261999999231,b
37.0,+,4,47040.1594,2,3,-1.0,0.0,-1.0,1.0,47050.132918,-9.973518000006152,b
37.0,-,34,47040.2694,2,3,-1.0,0.0,-1.0,1.0,47050.237296,-9.967896000001929,b
37.0,+,5,47785.8294,2,4,-1.0,0.0,-1.0,1.0,47801.360405,-15.531004999997094,b
37.0,-,35,47785.9294,2,4,-1.0,0.0,-1.0,1.0,47801.463728,-15.534328000001551,b
37.0,+,6,48518.0194,2,5,-1.0,0.0,-1.0,1.0,48539.838596,-21.819196000004013,b
37.0,-,36,48518.02,2,5,-1.0,0.0,-1.0,1.0,48539.940527,-21.92052700000204,b
37.0,+,7,49236.2594,2,6,-1.0,0.0,-1.0,1.0,49264.822945,-28.563544999997248,b
37.0,-,37,49236.4494,2,6,-1.0,0.0,-1.0,1.0,49264.922958,-28.47355800000514,b
38.0,-,1,44767.4694,2,0,-1.0,0.0,-1.0,1.0,44745.801153,21.66824700000143,b
38.0,+,31,44767.6294,2,0,-1.0,0.0,-1.0,1.0,44745.915514,21.71388599999773,b
38.0,-,2,45551.1994,2,1,-1.0,0.0,-1.0,1.0,45543.960632,7.238767999995616,b
38.0,+,32,45551.3394,2,1,-1.0,0.0,-1.0,1.0,45544.073323,7.266077000000223,b
38.0,-,3,46322.3294,2,2,-1.0,0.0,-1.0,1.0,46325.094215,-2.7648149999949965,b
38.0,+,33,46322.4894,2,2,-1.0,0.0,-1.0,1.0,46325.205393,-2.7159929999979795,b
38.0,-,4,47080.7094,2,3,-1.0,0.0,-1.0,1.0,47089.872603,-9.163203000003705,b
38.0,+,34,47080.8894,2,3,-1.0,0.0,-1.0,1.0,47089.982532,-9.093132000001788,b
38.0,-,5,47825.9594,2,4,-1.0,0.0,-1.0,1.0,47840.772554,-14.813154000003124,b
38.0,+,35,47826.0894,2,4,-1.0,0.0,-1.0,1.0,47840.881369,-14.791969000005338,b
38.0,-,6,48557.7094,2,5,-1.0,0.0,-1.0,1.0,48578.87466,-21.16526000000158,b
38.0,+,36,48557.76,2,5,-1.0,0.0,-1.0,1.0,48578.982009,-21.222008999997342,b
38.0,-,7,49275.4894,2,6,-1.0,0.0,-1.0,1.0,49303.409134,-27.91973400000279,b
38.0,+,37,49275.7294,2,6,-1.0,0.0,-1.0,1.0,49303.514467,-27.785067000004346,b
39.0,+,1,44810.4294,2,0,-1.0,0.0,-1.0,1.0,44787.703512,22.72588800000085,b
39.0,-,31,44810.5494,2,0,-1.0,0.0,-1.0,1.0,44787.823798,22.725602000005892,b
39.0,+,2,45593.7294,2,1,-1.0,0.0,-1.0,1.0,45585.466826,8.262573999993037,b
39.0,-,32,45593.8194,2,1,-1.0,0.0,-1.0,1.0,45585.585352,8.234047999998438,b
39.0,+,3,46364.4394,2,2,-1.0,0.0,-1.0,1.0,46366.21874,-1.779339999993681,b
39.0,-,33,46364.5494,2,2,-1.0,0.0,-1.0,1.0,46366.335671,-1.786270999997214,b
39.0,+,4,47122.3694,2,3,-1.0,0.0,-1.0,1.0,47130.645457,-8.27605699999549,b
39.0,-,34,47122.5094,2,3,-1.0,0.0,-1.0,1.0,47130.761071,-8.251670999998169,b
39.0,+,5,47867.1694,2,4,-1.0,0.0,-1.0,1.0,47881.209147,-14.039747000002535,b
39.0,-,35,47867.2594,2,4,-1.0,0.0,-1.0,1.0,47881.323588,-14.064187999996648,b
39.0,+,6,48598.4794,2,5,-1.0,0.0,-1.0,1.0,48618.925213,-20.445813000005728,b
39.0,-,36,48598.46,2,5,-1.0,0.0,-1.0,1.0,48619.038113,-20.578113000003214,b
39.0,+,7,49315.8194,2,6,-1.0,0.0,-1.0,1.0,49342.998453,-27.17905299999984,b
39.0,-,37,49315.9894,2,6,-1.0,0.0,-1.0,1.0,49343.109237,-27.11983699999837,b
40.0,-,1,44854.4094,2,0,-1.0,0.0,-1.0,1.0,44830.668128,23.7412719999993,b
40.0,+,31,44854.6094,2,0,-1.0,0.0,-1.0,1.0,44830.794481,23.81491900000401,b
40.0,-,2,45637.2794,2,1,-1.0,0.0,-1.0,1.0,45628.024701,9.254698999997345,b
40.0,+,32,45637.4594,2,1,-1.0,0.0,-1.0,1.0,45628.149202,9.310197999999218,b
40.0,-,3,46407.5594,2,2,-1.0,0.0,-1.0,1.0,46408.384711,-0.8253110000005108,b
40.0,+,33,46407.7294,2,2,-1.0,0.0,-1.0,1.0,46408.507532,-0.7781320000067353,b
40.0,-,4,47165.0294,2,3,-1.0,0.0,-1.0,1.0,47172.450498,-7.421097999998892,b
40.0,+,34,47165.2294,2,3,-1.0,0.0,-1.0,1.0,47172.571934,-7.34253400000307,b
40.0,-,5,47909.3694,2,4,-1.0,0.0,-1.0,1.0,47922.669184,-13.29978399999527,b
40.0,+,35,47909.5194,2,4,-1.0,0.0,-1.0,1.0,47922.789387,-13.269986999999674,b
40.0,-,6,48640.2194,2,5,-1.0,0.0,-1.0,1.0,48659.989239,-19.769839000000502,b
40.0,+,36,48640.3894,2,5,-1.0,0.0,-1.0,1.0,48660.107822,-19.7184219999981,b
40.0,-,7,49357.0594,2,6,-1.0,0.0,-1.0,1.0,49383.589923,-26.530523000001267,b
40.0,+,37,49357.2994,2,6,-1.0,0.0,-1.0,1.0,49383.706288,-26.406887999997707,b
41.0,+,1,44899.5394,2,0,-1.0,0.0,-1.0,1.0,44874.694075,24.84532500000205,b
41.0,-,31,44899.6994,2,0,-1.0,0.0,-1.0,1.0,44874.826637,24.872762999999395,b
41.0,+,2,45681.9694,2,1,-1.0,0.0,-1.0,1.0,45671.633303,10.336096999999427,b
41.0,-,32,45662.0794,2,1,-1.0,0.0,-1.0,0.0,45671.763917,-9.68451699999423,b
41.0,+,3,46451.7794,2,2,-1.0,0.0,-1.0,1.0,46451.591143,0.18825700000161305,b
41.0,-,33,46451.9094,2,2,-1.0,0.0,-1.0,1.0,46451.719991,0.18940899999870453,b
41.0,+,4,47208.7894,2,3,-1.0,0.0,-1.0,1.0,47215.286722,-6.49732199999562,b
41.0,-,34,47208.9494,2,3,-1.0,0.0,-1.0,1.0,47215.414113,-6.464713000001211,b
41.0,+,5,47952.6794,2,4,-1.0,0.0,-1.0,1.0,47965.15164,-12.472239999995509,b
41.0,-,35,47952.7094,2,4,-1.0,0.0,-1.0,1.0,47965.277737,-12.568336999996973,b
41.0,+,6,48683.0094,2,5,-1.0,0.0,-1.0,1.0,48702.065696,-19.0562959999952,b
41.0,-,36,48683.1694,2,5,-1.0,0.0,-1.0,1.0,48702.190093,-19.020692999998573,b
41.0,+,7,49399.3994,2,6,-1.0,0.0,-1.0,1.0,49425.18254,-25.78313999999955,b
41.0,-,37,49399.5994,2,6,-1.0,0.0,-1.0,1.0,49425.304615,-25.705215000001772,b
42.0,-,1,44945.7294,2,0,-1.0,0.0,-1.0,1.0,44919.780405,25.94899499999883,b
42.0,+,31,44945.9194,2,0,-1.0,0.0,-1.0,1.0,44919.919317,26.000082999998995,b
42.0,-,2,45727.6794,2,1,-1.0,0.0,-1.0,1.0,45716.291651,11.38774900000135,b
42.0,+,32,45727.8594,2,1,-1.0,0.0,-1.0,1.0,45716.428517,11.430883000000904,b
42.0,-,3,46497.0194,2,2,-1.0,0.0,-1.0,1.0,46495.837022,1.1823779999976978,b
42.0,+,33,46497.2094,2,2,-1.0,0.0,-1.0,1.0,46495.972033,1.2373670000015409,b
42.0,-,4,47253.5694,2,3,-1.0,0.0,-1.0,1.0,47259.153097,-5.583697000001848,b
42.0,+,34,47253.7794,2,3,-1.0,0.0,-1.0,1.0,47259.286579,-5.507179000000178,b
42.0,-,5,47996.9494,2,4,-1.0,0.0,-1.0,1.0,48008.655463,-11.706063000005088,b
42.0,+,35,47996.5994,2,4,-1.0,0.0,-1.0,1.0,48008.787586,-12.188185999999405,b
42.0,-,6,48726.8194,2,5,-1.0,0.0,-1.0,1.0,48745.153512,-18.33411199999682,b
42.0,+,36,48727.0294,2,5,-1.0,0.0,-1.0,1.0,48745.283853,-18.254453000001376,b
42.0,-,7,49442.6894,2,6,-1.0,0.0,-1.0,1.0,49467.77527,-25.08586999999534,b
42.0,+,37,49442.9694,2,6,-1.0,0.0,-1.0,1.0,49467.903184,-24.933784000000742,b
43.0,+,1,44993.0194,2,0,-1.0,0.0,-1.0,1.0,44965.926146,27.093253999999433,b
43.0,-,31,44993.1794,2,0,-1.0,0.0,-1.0,1.0,44966.071547,27.10785300000134,b
43.0,+,2,45774.4994,2,1,-1.0,0.0,-1.0,1.0,45761.998742,12.500657999997202,b
43.0,-,32,45774.6194,2,1,-1.0,0.0,-1.0,1.0,45762.141997,12.477403000004415,b
43.0,+,3,46543.3694,2,2,-1.0,0.0,-1.0,1.0,46541.121315,2.24808500000654,b
43.0,-,33,46543.5094,2,2,-1.0,0.0,-1.0,1.0,46541.262623,2.246777000000293,b
43.0,+,4,47299.4394,2,3,-1.0,0.0,-1.0,1.0,47304.048569,-4.609168999995745,b
43.0,-,34,47299.5994,2,3,-1.0,0.0,-1.0,1.0,47304.188274,-4.588874000000942,b
43.0,+,5,48042.3494,2,4,-1.0,0.0,-1.0,1.0,48053.179573,-10.830173000002105,b
43.0,-,35,48042.6694,2,4,-1.0,0.0,-1.0,1.0,48053.317854,-10.648454000001948,b
43.0,+,6,48771.6794,2,5,-1.0,0.0,-1.0,1.0,48789.251587,-17.57218699999794,b
43.0,-,36,48771.8594,2,5,-1.0,0.0,-1.0,1.0,48789.388002,-17.5286019999985,b
43.0,+,7,49487.0594,2,6,-1.0,0.0,-1.0,1.0,49511.367055,-24.30765500000416,b
43.0,-,37,49487.2894,2,6,-1.0,0.0,-1.0,1.0,49511.500935,-24.21153499999491,b
44.0,-,1,45041.3594,2,0,-1.0,0.0,-1.0,1.0,45013.130301,28.22909900000377,b
44.0,+,31,45041.5794,2,0,-1.0,0.0,-1.0,1.0,45013.282331,28.297069000000192,b
44.0,-,2,45822.3494,2,1,-1.0,0.0,-1.0,1.0,45808.753547,13.595852999998897,b
44.0,+,32,45822.5594,2,1,-1.0,0.0,-1.0,1.0,45808.903329,13.65607099999761,b
44.0,-,3,46590.7294,2,2,-1.0,0.0,-1.0,1.0,46587.44296,3.286439999996219,b
44.0,+,33,46590.9394,2,2,-1.0,0.0,-1.0,1.0,46587.5907,3.3487000000022817,b
44.0,-,4,47346.3194,2,3,-1.0,0.0,-1.0,1.0,47349.972059,-3.652658999999403,b
44.0,+,34,47346.5394,2,3,-1.0,0.0,-1.0,1.0,47350.118118,-3.578717999997025,b
44.0,-,5,48088.7094,2,4,-1.0,0.0,-1.0,1.0,48098.722864,-10.013464000003296,b
44.0,+,35,48089.0294,2,4,-1.0,0.0,-1.0,1.0,48098.867434,-9.838034000000334,b
44.0,-,6,48817.5394,2,5,-1.0,0.0,-1.0,1.0,48834.358791,-16.819390999997267,b
44.0,+,36,48817.7794,2,5,-1.0,0.0,-1.0,1.0,48834.501408,-16.722007999997004,b
44.0,-,7,49532.3894,2,6,-1.0,0.0,-1.0,1.0,49555.956804,-23.56740400000126,b
44.0,+,37,49532.6894,2,6,-1.0,0.0,-1.0,1.0,49556.096777,-23.407376999995904,b
45.0,+,1,45090.8194,2,0,-1.0,0.0,-1.0,1.0,45061.391852,29.42754799999966,b
45.0,-,31,45090.9994,2,0,-1.0,0.0,-1.0,1.0,45061.550648,29.44875200000388,b
45.0,+,2,45871.3194,2,1,-1.0,0.0,-1.0,1.0,45856.555016,14.764384000001883,b
45.0,-,32,45871.4994,2,1,-1.0,0.0,-1.0,1.0,45856.711459,14.78794100000232,b
45.0,+,3,46639.1994,2,2,-1.0,0.0,-1.0,1.0,46634.800873,4.398526999997557,b
45.0,-,33,46639.3794,2,2,-1.0,0.0,-1.0,1.0,46634.955178,4.424222000001464,b
45.0,+,4,47394.2794,2,3,-1.0,0.0,-1.0,1.0,47396.92246,-2.6430600000021514,b
45.0,-,34,47394.4594,2,3,-1.0,0.0,-1.0,1.0,47397.075007,-2.615606999999727,b
45.0,+,5,48136.1494,2,4,-1.0,0.0,-1.0,1.0,48145.284204,-9.134804000001168,b
45.0,-,35,48136.3994,2,4,-1.0,0.0,-1.0,1.0,48145.435192,-9.035791999995126,b
45.0,+,6,48864.4594,2,5,-1.0,0.0,-1.0,1.0,48880.473967,-16.01456699999835,b
45.0,-,36,48864.6394,2,5,-1.0,0.0,-1.0,1.0,48880.622914,-15.983513999999559,b
45.0,+,7,49578.7594,2,6,-1.0,0.0,-1.0,1.0,49601.5434,-22.78399999999965,b
45.0,-,37,49579.0194,2,6,-1.0,0.0,-1.0,1.0,49601.689592,-22.670192000005045,b
46.0,-,1,45141.3194,2,0,-1.0,0.0,-1.0,1.0,45110.709755,30.609644999996817,b
46.0,+,31,45141.5594,2,0,-1.0,0.0,-1.0,1.0,45110.875457,30.68394299999636,b
46.0,-,2,45921.3094,2,1,-1.0,0.0,-1.0,1.0,45905.402072,15.907328000001144,b
46.0,+,32,45921.5394,2,1,-1.0,0.0,-1.0,1.0,45905.565312,15.974088000002666,b
46.0,-,3,46688.6894,2,2,-1.0,0.0,-1.0,1.0,46683.193946,5.4954540000035195,b
46.0,+,33,46688.9194,2,2,-1.0,0.0,-1.0,1.0,46683.354949,5.564450999998371,b
46.0,-,4,47443.2394,2,3,-1.0,0.0,-1.0,1.0,47444.898645,-1.6592450000025565,b
46.0,+,34,47443.4894,2,3,-1.0,0.0,-1.0,1.0,47445.05781,-1.568409999999858,b
46.0,-,5,48184.5894,2,4,-1.0,0.0,-1.0,1.0,48192.862433,-8.273033000004943,b
46.0,+,35,48184.8694,2,4,-1.0,0.0,-1.0,1.0,48193.019967,-8.150566999996954,b
46.0,-,6,48912.3594,2,5,-1.0,0.0,-1.0,1.0,48927.595927,-15.236527000000933,b
46.0,+,36,48912.5894,2,5,-1.0,0.0,-1.0,1.0,48927.751331,-15.161931000002369,b
46.0,-,7,49626.0894,2,6,-1.0,0.0,-1.0,1.0,49648.125699,-22.036298999999417,b
46.0,+,37,49626.4694,2,6,-1.0,0.0,-1.0,1.0,49648.278235,-21.80883499999618,b
47.0,+,1,45192.9394,2,0,-1.0,0.0,-1.0,1.0,45161.082946,31.856454000000667,b
47.0,-,31,45193.1494,2,0,-1.0,0.0,-1.0,1.0,45161.255688,31.893712000004598,b
47.0,+,2,45972.4294,2,1,-1.0,0.0,-1.0,1.0,45955.293616,17.13578399999824,b
47.0,-,32,45972.6194,2,1,-1.0,0.0,-1.0,1.0,45955.463787,17.15561300000263,b
47.0,+,3,46739.2694,2,2,-1.0,0.0,-1.0,1.0,46732.621046,6.648353999997198,b
47.0,-,33,46739.4594,2,2,-1.0,0.0,-1.0,1.0,46732.788878,6.6705220000003465,b
47.0,+,4,47493.2794,2,3,-1.0,0.0,-1.0,1.0,47493.89946,-0.6200600000011036,b
47.0,-,34,47493.4894,2,3,-1.0,0.0,-1.0,1.0,47494.065371,-0.5759709999983897,b
47.0,+,5,48234.1194,2,4,-1.0,0.0,-1.0,1.0,48241.456364,-7.336963999994623,b
47.0,-,35,48234.3494,2,4,-1.0,0.0,-1.0,1.0,48241.620573,-7.271173000000999,b
47.0,+,6,48961.3194,2,5,-1.0,0.0,-1.0,1.0,48975.723455,-14.404054999999062,b
47.0,-,36,48961.5094,2,5,-1.0,0.0,-1.0,1.0,48975.885442,-14.376041999996232,b
48.0,-,1,45245.5994,2,0,-1.0,0.0,-1.0,1.0,45212.510333,33.089067000000796,b
48.0,+,31,45245.8494,2,0,-1.0,0.0,-1.0,1.0,45212.690253,33.159146999998484,b
48.0,-,2,46024.5594,2,1,-1.0,0.0,-1.0,1.0,46006.228524,18.33087599999999,b
48.0,+,32,46024.7894,2,1,-1.0,0.0,-1.0,1.0,46006.405759,18.383641000000353,b
48.0,-,3,46790.8794,2,2,-1.0,0.0,-1.0,1.0,46783.081015,7.798384999994596,b
48.0,+,33,46791.0894,2,2,-1.0,0.0,-1.0,1.0,46783.255808,7.833591999995406,b
48.0,-,4,47544.3494,2,3,-1.0,0.0,-1.0,1.0,47543.923726,0.42567399999825284,b
48.0,+,34,47544.5794,2,3,-1.0,0.0,-1.0,1.0,47544.096513,0.48288700000557583,b
48.0,-,5,48284.5994,2,4,-1.0,0.0,-1.0,1.0,48291.064783,-6.4653830000024755,b
48.0,+,35,48284.8794,2,4,-1.0,0.0,-1.0,1.0,48291.235793,-6.3563930000018445,b
48.0,-,6,49011.2594,2,5,-1.0,0.0,-1.0,1.0,49024.855305,-13.595904999994673,b
48.0,+,36,49011.5194,2,5,-1.0,0.0,-1.0,1.0,49025.024,-13.50460000000021,b
48.0,-,7,49723.8694,2,6,-1.0,0.0,-1.0,1.0,49744.272676,-20.403275999997277,b
48.0,+,37,49724.2094,2,6,-1.0,0.0,-1.0,1.0,49744.438272,-20.228871999999683,b
49.0,+,1,45299.3794,2,0,-1.0,0.0,-1.0,1.0,45264.990805,34.38859499999671,b
49.0,-,31,45299.5994,2,0,-1.0,0.0,-1.0,1.0,45265.178036,34.42136400000163,b
49.0,+,2,46077.7894,2,1,-1.0,0.0,-1.0,1.0,46058.205647,19.58375299999898,b
49.0,-,32,46077.9994,2,1,-1.0,0.0,-1.0,1.0,46058.390079,19.609321000003547,b
49.0,+,3,46843.5594,2,2,-1.0,0.0,-1.0,1.0,46834.572674,8.986725999995542,b
49.0,-,33,46843.7594,2,2,-1.0,0.0,-1.0,1.0,46834.754556,9.004844000002777,b
49.0,+,4,47596.4694,2,3,-1.0,0.0,-1.0,1.0,47594.97024,1.4991599999993923,b
49.0,-,34,47596.6694,2,3,-1.0,0.0,-1.0,1.0,47595.150031,1.5193690000014612,b
49.0,+,5,48336.1694,2,4,-1.0,0.0,-1.0,1.0,48341.686448,-5.517048000001523,b
49.0,-,35,48336.4194,2,4,-1.0,0.0,-1.0,1.0,48341.864387,-5.444987000002584,b
49.0,+,6,49062.2594,2,5,-1.0,0.0,-1.0,1.0,49074.990202,-12.73080199999822,b
49.0,-,36,49062.4894,2,5,-1.0,0.0,-1.0,1.0,49075.165729,-12.676329000001715,b
49.0,+,7,49774.2894,2,6,-1.0,0.0,-1.0,1.0,49793.834918,-19.545517999998992,b
49.0,-,37,49774.6294,2,6,-1.0,0.0,-1.0,1.0,49794.007228,-19.37782800000423,b
50.0,-,1,45354.1794,2,0,-1.0,0.0,-1.0,1.0,45318.523223,35.65617700000439,b
50.0,+,31,45354.4594,2,0,-1.0,0.0,-1.0,1.0,45318.717901,35.74149899999611,b
50.0,-,2,46132.0594,2,1,-1.0,0.0,-1.0,1.0,46111.223815,20.83558500000072,b
50.0,+,32,46132.3094,2,1,-1.0,0.0,-1.0,1.0,46111.415574,20.893825999999535,b
50.0,-,3,46897.2694,2,2,-1.0,0.0,-1.0,1.0,46887.094815,10.174585000000661,b
50.0,+,33,46897.5194,2,2,-1.0,0.0,-1.0,1.0,46887.283917,10.235482999996748,b
50.0,-,4,47649.7444,2,3,-1.0,0.0,-1.0,2.0,47647.037774,2.7066260000065085,b
50.0,-,5,48388.7494,2,4,-1.0,0.0,-1.0,1.0,48393.320092,-4.570692000001145,b
50.0,+,35,48389.0194,2,4,-1.0,0.0,-1.0,1.0,48393.505084,-4.48568399999931,b
50.0,-,6,49114.2494,2,5,-1.0,0.0,-1.0,1.0,49126.126842,-11.877441999997245,b
50.0,+,36,49114.4894,2,5,-1.0,0.0,-1.0,1.0,49126.309323,-11.819923000002746,b
50.0,-,7,49825.6694,2,6,-1.0,0.0,-1.0,1.0,49844.387989,-18.718589000003703,b
50.0,+,37,49826.0494,2,6,-1.0,0.0,-1.0,1.0,49844.567135,-18.51773499999399,b
51.0,+,1,45410.1094,2,0,-1.0,0.0,-1.0,1.0,45373.106429,37.00297100000171,b
51.0,-,31,45410.3494,2,0,-1.0,0.0,-1.0,1.0,45373.308686,37.04071400000248,b
51.0,+,2,46187.4194,2,1,-1.0,0.0,-1.0,1.0,46165.281831,22.13756899999862,b
51.0,-,32,46187.6394,2,1,-1.0,0.0,-1.0,1.0,46165.481048,22.15835199999856,b
51.0,+,3,46952.0594,2,2,-1.0,0.0,-1.0,1.0,46940.64621,11.413189999999304,b
51.0,-,33,46952.2594,2,2,-1.0,0.0,-1.0,1.0,46940.842658,11.41674200000125,b
51.0,+,4,47703.8094,2,3,-1.0,0.0,-1.0,1.0,47700.125076,3.684324000001652,b
51.0,-,34,47704.0794,2,3,-1.0,0.0,-1.0,1.0,47700.319255,3.7601450000001932,b
51.0,+,5,48442.3294,2,4,-1.0,0.0,-1.0,1.0,48445.964419,-3.6350190000011935,b
51.0,-,35,48442.6394,2,4,-1.0,0.0,-1.0,1.0,48446.156588,-3.5171879999979865,b
51.0,+,6,49167.2694,2,5,-1.0,0.0,-1.0,1.0,49178.263889,-10.99448900000425,b
51.0,-,36,49167.5094,2,5,-1.0,0.0,-1.0,1.0,49178.453446,-10.944045999996888,b
51.0,+,7,49878.1094,2,6,-1.0,0.0,-1.0,1.0,49895.930598,-17.82119799999782,b
51.0,-,37,49878.4094,2,6,-1.0,0.0,-1.0,1.0,49896.116699,-17.707299000001512,b
52.0,-,1,45467.0894,2,0,-1.0,0.0,-1.0,1.0,45428.739237,38.35016299999552,b
52.0,+,31,45467.3594,2,0,-1.0,0.0,-1.0,1.0,45428.949205,38.41019500000402,b
52.0,-,2,46243.7994,2,1,-1.0,0.0,-1.0,1.0,46220.378475,23.42092500000581,b
52.0,+,32,46244.0494,2,1,-1.0,0.0,-1.0,1.0,46220.58528,23.464120000004186,b
52.0,-,3,47007.8794,2,2,-1.0,0.0,-1.0,1.0,46995.225605,12.653794999998354,b
52.0,+,33,47008.0994,2,2,-1.0,0.0,-1.0,1.0,46995.429527,12.669872999998915,b
52.0,-,4,47759.0694,2,3,-1.0,0.0,-1.0,1.0,47754.230869,4.83853100000124,b
52.0,+,34,47759.3194,2,3,-1.0,0.0,-1.0,1.0,47754.43243,4.886969999999565,b
52.0,-,5,48496.9994,2,4,-1.0,0.0,-1.0,1.0,48499.618106,-2.6187060000011115,b
52.0,+,35,48491.2594,2,4,-1.0,0.0,-1.0,1.0,48499.817575,-8.5581749999983,b
52.0,-,6,49221.2794,2,5,-1.0,0.0,-1.0,1.0,49231.399979,-10.12057900000218,b
52.0,+,36,49221.5594,2,5,-1.0,0.0,-1.0,1.0,49231.596734,-10.037334000000556,b
52.0,-,7,49931.4694,2,6,-1.0,0.0,-1.0,1.0,49948.461422,-16.992021999998542,b
53.0,+,1,45525.1594,2,0,-1.0,0.0,-1.0,1.0,45485.42044,39.73895999999513,b
53.0,-,31,45525.4094,2,0,-1.0,0.0,-1.0,1.0,45485.638251,39.77114900000015,b
53.0,+,2,46301.2594,2,1,-1.0,0.0,-1.0,1.0,46276.512502,24.746898000004876,b
53.0,-,32,46301.5494,2,1,-1.0,0.0,-1.0,1.0,46276.727024,24.822376000003715,b
53.0,+,3,47064.7694,2,2,-1.0,0.0,-1.0,1.0,47050.831722,13.937677999994776,b
53.0,-,33,47064.9894,2,2,-1.0,0.0,-1.0,1.0,47051.043244,13.946155999998155,b
53.0,+,4,47815.3294,2,3,-1.0,0.0,-1.0,1.0,47809.353853,5.975547000001825,b
53.0,-,34,47815.6094,2,3,-1.0,0.0,-1.0,1.0,47809.56292,6.046480000004522,b
53.0,+,5,48552.6594,2,4,-1.0,0.0,-1.0,1.0,48554.279803,-1.620403000000806,b
53.0,-,35,48552.9494,2,4,-1.0,0.0,-1.0,1.0,48554.486694,-1.537294000001566,b
53.0,+,6,49276.3594,2,5,-1.0,0.0,-1.0,1.0,49285.533717,-9.174316999997245,b
53.0,-,36,49276.6294,2,5,-1.0,0.0,-1.0,1.0,49285.737789,-9.108389000000898,b
53.0,+,7,49985.8894,2,6,-1.0,0.0,-1.0,1.0,50001.979111,-16.089711000000534,b
53.0,-,37,49986.2594,2,6,-1.0,0.0,-1.0,1.0,50002.179482,-15.92008199999691,b
54.0,-,1,45584.2794,2,0,-1.0,0.0,-1.0,1.0,45543.148807,41.13059300000168,b
54.0,+,31,45584.5594,2,0,-1.0,0.0,-1.0,1.0,45543.374592,41.184807999998156,b
54.0,-,2,46359.8094,2,1,-1.0,0.0,-1.0,1.0,46333.682645,26.1267549999975,b
54.0,+,32,46360.1094,2,1,-1.0,0.0,-1.0,1.0,46333.90501,26.204389999998966,b
54.0,-,3,47122.6994,2,2,-1.0,0.0,-1.0,1.0,47107.463259,15.236141000001226,b
54.0,+,33,47122.9394,2,2,-1.0,0.0,-1.0,1.0,47107.682507,15.25689300000522,b
54.0,-,4,47872.6794,2,3,-1.0,0.0,-1.0,1.0,47865.492701,7.186698999998043,b
54.0,+,34,47872.9294,2,3,-1.0,0.0,-1.0,1.0,47865.709397,7.22000300000218,b
54.0,-,5,48609.3794,2,4,-1.0,0.0,-1.0,1.0,48609.948131,-0.5687309999993886,b
54.0,+,35,48609.6394,2,4,-1.0,0.0,-1.0,1.0,48610.162565,-0.5231649999986985,b
54.0,-,6,49332.4194,2,5,-1.0,0.0,-1.0,1.0,49340.663679,-8.244278999998642,b
54.0,+,36,49332.6794,2,5,-1.0,0.0,-1.0,1.0,49340.875187,-8.195786999996926,b
55.0,+,1,45644.4694,2,0,-1.0,0.0,-1.0,1.0,45601.923083,42.54631700000027,b
55.0,-,31,45644.7694,2,0,-1.0,0.0,-1.0,1.0,45602.15697,42.61243000000104,b
55.0,+,2,46419.4194,2,1,-1.0,0.0,-1.0,1.0,46391.88761,27.53179000000091,b
55.0,-,32,46419.7094,2,1,-1.0,0.0,-1.0,1.0,46392.117947,27.59145300000091,b
55.0,+,3,47181.6494,2,2,-1.0,0.0,-1.0,1.0,47165.11889,16.530510000004142,b
55.0,-,33,47181.9594,2,2,-1.0,0.0,-1.0,1.0,47165.345988,16.61341199999879,b
55.0,+,4,47931.0194,2,3,-1.0,0.0,-1.0,1.0,47922.646063,8.373336999997264,b
55.0,-,34,47931.3094,2,3,-1.0,0.0,-1.0,1.0,47922.870511,8.438888999997289,b
55.0,+,5,48667.0994,2,4,-1.0,0.0,-1.0,1.0,48666.621685,0.4777150000008987,b
55.0,-,35,48667.3994,2,4,-1.0,0.0,-1.0,1.0,48666.843782,0.5556179999985034,b
55.0,+,6,49389.4894,2,5,-1.0,0.0,-1.0,1.0,49396.788409,-7.2990090000021155,b
55.0,-,36,49389.7794,2,5,-1.0,0.0,-1.0,1.0,49397.007471,-7.228070999997726,b
55.0,+,7,50097.7294,2,6,-1.0,0.0,-1.0,1.0,50111.96952,-14.240120000002207,b
55.0,-,37,50098.0994,2,6,-1.0,0.0,-1.0,1.0,50112.184629,-14.085229000003892,b
56.0,-,1,45705.7594,2,0,-1.0,0.0,-1.0,1.0,45661.741988,44.01741200000106,b
56.0,+,31,45706.0494,2,0,-1.0,0.0,-1.0,1.0,45661.984107,44.06529300000693,b
56.0,-,2,46480.0594,2,1,-1.0,0.0,-1.0,1.0,46451.126082,28.93331799999578,b
56.0,+,32,46480.3694,2,1,-1.0,0.0,-1.0,1.0,46451.364515,29.004885000002105,b
56.0,-,3,47241.7094,2,2,-1.0,0.0,-1.0,1.0,47223.797266,17.912133999998332,b
56.0,+,33,47241.9594,2,2,-1.0,0.0,-1.0,1.0,47224.032337,17.927063000002818,b
56.0,-,4,47990.4394,2,3,-1.0,0.0,-1.0,1.0,47980.812565,9.626835000002757,b
56.0,+,34,47990.6994,2,3,-1.0,0.0,-1.0,1.0,47981.044886,9.654513999994379,b
56.0,-,5,48725.8494,2,4,-1.0,0.0,-1.0,1.0,48724.299031,1.5503689999968628,b
56.0,+,35,48726.1494,2,4,-1.0,0.0,-1.0,1.0,48724.52891,1.6204900000011548,b
56.0,-,6,49447.5894,2,5,-1.0,0.0,-1.0,1.0,49453.906423,-6.317023000003246,b
56.0,+,36,49447.8694,2,5,-1.0,0.0,-1.0,1.0,49454.133154,-6.263753999999608,b
56.0,-,7,50155.2294,2,6,-1.0,0.0,-1.0,1.0,50168.439383,-13.209983000000648,b
57.0,+,1,45768.0794,2,0,-1.0,0.0,-1.0,1.0,45722.604221,45.475179000000935,b
57.0,-,31,45768.3894,2,0,-1.0,0.0,-1.0,1.0,45722.854698,45.534701999997196,b
57.0,+,2,46541.7794,2,1,-1.0,0.0,-1.0,1.0,46511.396719,30.382681000002776,b
57.0,-,32,46542.0994,2,1,-1.0,0.0,-1.0,1.0,46511.643373,30.456027000000176,b
57.0,+,3,47302.7794,2,2,-1.0,0.0,-1.0,1.0,47283.497013,19.28238699999929,b
57.0,-,33,47303.0594,2,2,-1.0,0.0,-1.0,1.0,47283.740178,19.319221999998263,b
57.0,+,4,48050.8294,2,3,-1.0,0.0,-1.0,1.0,48039.990808,10.838592000000062,b
57.0,-,34,48051.1394,2,3,-1.0,0.0,-1.0,1.0,48040.231122,10.90827800000261,b
57.0,+,5,48785.5994,2,4,-1.0,0.0,-1.0,1.0,48782.978709,2.620690999996441,b
57.0,-,35,48785.9194,2,4,-1.0,0.0,-1.0,1.0,48783.216488,2.7029120000006515,b
57.0,+,6,49506.6594,2,5,-1.0,0.0,-1.0,1.0,49512.016204,-5.3568040000027395,b
57.0,-,36,49506.9694,2,5,-1.0,0.0,-1.0,1.0,49512.250721,-5.281320999994932,b
57.0,+,7,50213.5894,2,6,-1.0,0.0,-1.0,1.0,50225.890396,-12.300996000005398,b
57.0,-,37,50213.8994,2,6,-1.0,0.0,-1.0,1.0,50226.120704,-12.221303999998781,b
58.0,-,1,45831.4994,2,0,-1.0,0.0,-1.0,1.0,45784.508455,46.99094499999774,b
58.0,+,31,45831.8094,2,0,-1.0,0.0,-1.0,1.0,45784.767416,47.041983999995864,b
58.0,-,2,46604.5494,2,1,-1.0,0.0,-1.0,1.0,46572.698157,31.851243000004615,b
58.0,+,32,46604.8494,2,1,-1.0,0.0,-1.0,1.0,46572.953155,31.89624499999627,b
58.0,-,3,47364.8794,2,2,-1.0,0.0,-1.0,1.0,47344.216733,20.662666999996873,b
58.0,+,33,47365.1894,2,2,-1.0,0.0,-1.0,1.0,47344.468113,20.721287000000302,b
58.0,-,4,48112.2994,2,3,-1.0,0.0,-1.0,1.0,48100.179369,12.120031000005838,b
58.0,+,34,48112.5994,2,3,-1.0,0.0,-1.0,1.0,48100.427794,12.171605999996245,b
58.0,-,5,48846.3794,2,4,-1.0,0.0,-1.0,1.0,48842.659229,3.720171000000846,b
58.0,+,35,48846.7294,2,4,-1.0,0.0,-1.0,1.0,48842.905025,3.8243749999965075,b
58.0,-,6,49566.7594,2,5,-1.0,0.0,-1.0,1.0,49571.116206,-4.356805999996141,b
58.0,+,36,49567.0494,2,5,-1.0,0.0,-1.0,1.0,49571.358623,-4.309222999996564,b
58.0,-,7,50272.9794,2,6,-1.0,0.0,-1.0,0.0,50284.321052,-11.341652000002796,b
58.0,+,37,50273.2994,2,6,-1.0,0.0,-1.0,1.0,50284.55913,-11.259729999997944,b
59.0,+,1,45895.9194,2,0,-1.0,0.0,-1.0,1.0,45847.453339,48.46606099999917,b
59.0,-,31,45896.2794,2,0,-1.0,0.0,-1.0,1.0,45847.72091,48.558490000003076,b
59.0,+,2,46668.3194,2,1,-1.0,0.0,-1.0,1.0,46635.029005,33.29039500000363,b
59.0,-,32,46668.6894,2,1,-1.0,0.0,-1.0,1.0,46635.29247,33.39693000000261,b
59.0,+,3,47428.0294,2,2,-1.0,0.0,-1.0,1.0,47405.955003,22.07439699999668,b
59.0,-,33,47428.3594,2,2,-1.0,0.0,-1.0,1.0,47406.214719,22.144680999997945,b
59.0,+,4,48174.7594,2,3,-1.0,0.0,-1.0,1.0,48161.3768,13.382600000004459,b
59.0,-,34,48175.0994,2,3,-1.0,0.0,-1.0,1.0,48161.633454,13.46594599999662,b
59.0,+,5,48908.1894,2,4,-1.0,0.0,-1.0,1.0,48903.339076,4.850324000006367,b
59.0,-,35,48908.5394,2,4,-1.0,0.0,-1.0,1.0,48903.593003,4.946396999999706,b
59.0,+,6,49627.8494,2,5,-1.0,0.0,-1.0,1.0,49631.204853,-3.355453000003763,b
59.0,-,36,49628.1694,2,5,-1.0,0.0,-1.0,1.0,49631.455281,-3.285881000003428,b
59.0,+,7,50333.3894,2,6,-1.0,0.0,-1.0,0.0,50343.729812,-10.340411999997741,b
60.0,-,1,45961.4794,2,0,-1.0,0.0,-1.0,1.0,45911.4375,50.04189999999653,b
60.0,+,31,45961.8194,2,0,-1.0,0.0,-1.0,1.0,45911.713804,50.10559600000124,b
60.0,-,2,46733.2094,2,1,-1.0,0.0,-1.0,1.0,46698.38785,34.82155000000057,b
60.0,+,32,46733.5394,2,1,-1.0,0.0,-1.0,1.0,46698.659904,34.87949600000138,b
60.0,-,3,47492.2194,2,2,-1.0,0.0,-1.0,1.0,47468.710379,23.509021000005305,b
60.0,+,33,47492.5494,2,2,-1.0,0.0,-1.0,1.0,47468.97855,23.570850000003702,b
60.0,-,4,48238.2994,2,3,-1.0,0.0,-1.0,1.0,48223.581628,14.717772000003606,b
60.0,+,34,48238.6094,2,3,-1.0,0.0,-1.0,1.0,48223.84663,14.762770000001183,b
60.0,-,5,48971.0194,2,4,-1.0,0.0,-1.0,1.0,48965.016703,6.00269699999626,b
60.0,+,35,48971.3594,2,4,-1.0,0.0,-1.0,1.0,48965.278876,6.080524000004516,b
60.0,-,6,49689.9694,2,5,-1.0,0.0,-1.0,1.0,49692.280536,-2.3111359999966226,b
60.0,+,36,49690.3294,2,5,-1.0,0.0,-1.0,1.0,49692.539088,-2.209687999995367,b
60.0,-,7,50394.7594,2,6,-1.0,0.0,-1.0,1.0,50404.115108,-9.355707999995502,b
60.0,+,37,50395.1494,2,6,-1.0,0.0,-1.0,1.0,50404.36906,-9.219659999995201,b
61.0,+,1,46028.0494,2,0,-1.0,0.0,-1.0,1.0,45976.459538,51.58986200000072,b
61.0,-,31,46028.4194,2,0,-1.0,0.0,-1.0,1.0,45976.7447,51.67469999999594,b
61.0,+,2,46799.1094,2,1,-1.0,0.0,-1.0,1.0,46762.773255,36.336145000001125,b
61.0,-,32,46799.4594,2,1,-1.0,0.0,-1.0,1.0,46763.054018,36.40538199999719,b
61.0,+,3,47557.4594,2,2,-1.0,0.0,-1.0,1.0,47532.481391,24.978008999998565,b
61.0,-,33,47557.8094,2,2,-1.0,0.0,-1.0,1.0,47532.758134,25.05126599999494,b
61.0,+,4,48302.8294,2,3,-1.0,0.0,-1.0,1.0,48286.792359,16.037041000003228,b
61.0,-,34,48303.1494,2,3,-1.0,0.0,-1.0,1.0,48287.065823,16.08357700000488,b
61.0,+,5,49034.8494,2,4,-1.0,0.0,-1.0,1.0,49027.690539,7.15886099999625,b
61.0,-,35,49035.1894,2,4,-1.0,0.0,-1.0,1.0,49027.961071,7.228329000005033,b
61.0,+,6,49753.0794,2,5,-1.0,0.0,-1.0,1.0,49754.341616,-1.262215999995533,b
61.0,-,36,49753.4494,2,5,-1.0,0.0,-1.0,1.0,49754.608403,-1.1590030000006664,b
61.0,+,7,50457.1794,2,6,-1.0,0.0,-1.0,1.0,50465.475336,-8.295936000002257,b
61.0,-,37,50457.4994,2,6,-1.0,0.0,-1.0,1.0,50465.737389,-8.237989000001107,b
62.0,-,1,46095.7094,2,0,-1.0,0.0,-1.0,1.0,46042.518032,53.191367999999784,b
62.0,+,31,46096.0694,2,0,-1.0,0.0,-1.0,1.0,46042.812173,53.257227000001876,b
62.0,-,2,46866.0794,2,1,-1.0,0.0,-1.0,1.0,46828.183757,37.895643000003474,b
62.0,+,32,46866.4694,2,1,-1.0,0.0,-1.0,1.0,46828.473348,37.99605200000224,b
62.0,-,3,47623.7194,2,2,-1.0,0.0,-1.0,1.0,47597.266545,26.452855000003183,b
62.0,+,33,47624.0694,2,2,-1.0,0.0,-1.0,1.0,47597.551978,26.51742199999717,b
62.0,-,4,48368.3794,2,3,-1.0,0.0,-1.0,1.0,48351.007471,17.37192900000082,b
62.0,+,34,48368.7394,2,3,-1.0,0.0,-1.0,1.0,48351.289511,17.449888999995892,b
62.0,-,5,49099.6894,2,4,-1.0,0.0,-1.0,1.0,49091.358981,8.33041900000535,b
62.0,+,35,49100.0494,2,4,-1.0,0.0,-1.0,1.0,49091.637985,8.411415000002307,b
62.0,-,6,49817.1994,2,5,-1.0,0.0,-1.0,1.0,49817.386425,-0.18702499999926658,b
62.0,+,36,49817.5694,2,5,-1.0,0.0,-1.0,1.0,49817.661557,-0.0921569999991334,b
63.0,+,1,46164.4194,2,0,-1.0,0.0,-1.0,1.0,46109.611536,54.807864000002155,b
63.0,-,31,46164.7794,2,0,-1.0,0.0,-1.0,1.0,46109.914777,54.8646230000013,b
63.0,+,2,46934.0894,2,1,-1.0,0.0,-1.0,1.0,46894.61787,39.471529999995255,b
63.0,-,32,46934.4594,2,1,-1.0,0.0,-1.0,1.0,46894.916407,39.54299300000275,b
63.0,+,3,47690.6394,2,2,-1.0,0.0,-1.0,1.0,47663.064325,27.575075000000652,b
63.0,-,33,47691.3994,2,2,-1.0,0.0,-1.0,1.0,47663.358562,28.040838000000804,b
63.0,+,4,48434.9694,2,3,-1.0,0.0,-1.0,1.0,48416.22542,18.743979999999283,b
63.0,-,34,48435.3394,2,3,-1.0,0.0,-1.0,1.0,48416.51615,18.823249999994005,b
63.0,+,5,49165.5094,2,4,-1.0,0.0,-1.0,1.0,49156.020402,9.48899800000072,b
63.0,-,35,49165.8994,2,4,-1.0,0.0,-1.0,1.0,49156.307988,9.591412000001583,b
63.0,+,6,49882.2894,2,5,-1.0,0.0,-1.0,1.0,49881.413263,0.8761369999992894,b
63.0,-,36,49882.6494,2,5,-1.0,0.0,-1.0,1.0,49881.696846,0.9525540000031469,b
64.0,-,1,46234.1494,2,0,-1.0,0.0,-1.0,1.0,46177.738579,56.410821000004944,b
64.0,+,31,46234.5694,2,0,-1.0,0.0,-1.0,1.0,46178.05104,56.51836000000185,b
64.0,-,2,47003.0994,2,1,-1.0,0.0,-1.0,1.0,46962.074083,41.02531699999963,b
64.0,+,32,47003.5094,2,1,-1.0,0.0,-1.0,1.0,46962.381683,41.12771700000303,b
64.0,-,3,47759.3394,2,2,-1.0,0.0,-1.0,1.0,47729.873189,29.46621099999902,b
64.0,+,33,47759.7294,2,2,-1.0,0.0,-1.0,1.0,47730.176345,29.553054999996675,b
64.0,-,4,48502.5694,2,3,-1.0,0.0,-1.0,1.0,48482.444636,20.12476400000014,b
64.0,+,34,48502.9494,2,3,-1.0,0.0,-1.0,1.0,48482.744169,20.205230999999912,b
64.0,-,5,49232.3694,2,4,-1.0,0.0,-1.0,1.0,49221.673142,10.696258000003581,b
64.0,+,35,49232.7594,2,4,-1.0,0.0,-1.0,1.0,49221.96942,10.789980000001378,b
64.0,-,6,49948.4094,2,5,-1.0,0.0,-1.0,1.0,49946.420397,1.9890029999951366,b
64.0,+,36,49948.7494,2,5,-1.0,0.0,-1.0,1.0,49946.712539,2.036861000000499,b
65.0,+,1,46304.9794,2,0,-1.0,0.0,-1.0,1.0,46246.897666,58.081733999999415,b
65.0,-,31,46305.3594,2,0,-1.0,0.0,-1.0,1.0,46247.219466,58.1399339999989,b
65.0,+,2,47073.2094,2,1,-1.0,0.0,-1.0,1.0,47030.55086,42.65853999999672,b
65.0,-,32,47073.6094,2,1,-1.0,0.0,-1.0,1.0,47030.867639,42.74176100000477,b
65.0,+,3,47828.7194,2,2,-1.0,0.0,-1.0,1.0,47797.691572,31.027827999998408,b
65.0,-,33,47829.0994,2,2,-1.0,0.0,-1.0,1.0,47798.003761,31.09563899999921,b
65.0,+,4,48571.1994,2,3,-1.0,0.0,-1.0,1.0,48549.663526,21.53587400000106,b
65.0,-,34,48571.5594,2,3,-1.0,0.0,-1.0,1.0,48549.971973,21.58742699999857,b
65.0,+,5,49300.2394,2,4,-1.0,0.0,-1.0,1.0,49288.315517,11.92388299999584,b
65.0,-,35,49300.6094,2,4,-1.0,0.0,-1.0,1.0,49288.620595,11.988805000000866,b
65.0,+,6,50015.4894,2,5,-1.0,0.0,-1.0,1.0,50012.406066,3.083333999995375,b
65.0,-,36,50015.8494,2,5,-1.0,0.0,-1.0,1.0,50012.706873,3.142526999996335,b
66.0,-,1,46376.8294,2,0,-1.0,0.0,-1.0,1.0,46317.08728,59.742120000002615,b
66.0,+,31,46377.2494,2,0,-1.0,0.0,-1.0,1.0,46317.418536,59.8308640000032,b
66.0,-,2,47144.3294,2,1,-1.0,0.0,-1.0,1.0,47100.046642,44.282758000001195,b
66.0,+,32,47144.7394,2,1,-1.0,0.0,-1.0,1.0,47100.372715,44.36668500000087,b
66.0,-,3,47899.0794,2,2,-1.0,0.0,-1.0,1.0,47866.517887,32.56151300000056,b
66.0,+,33,47899.5194,2,2,-1.0,0.0,-1.0,1.0,47866.839221,32.680178999995405,b
66.0,-,4,48640.8094,2,3,-1.0,0.0,-1.0,1.0,48617.880473,22.92892700000084,b
66.0,+,34,48641.2194,2,3,-1.0,0.0,-1.0,1.0,48618.197944,23.021456000002217,b
66.0,-,5,49369.0894,2,4,-1.0,0.0,-1.0,1.0,49355.945812,13.143587999999,b
66.0,+,35,49369.5394,2,4,-1.0,0.0,-1.0,1.0,49356.259797,13.27960300000268,b
66.0,-,6,50083.5494,2,5,-1.0,0.0,-1.0,1.0,50079.368477,4.180922999999893,b
66.0,+,36,50083.9894,2,5,-1.0,0.0,-1.0,1.0,50079.678052,4.311347999995633,b
67.0,+,1,46449.7394,2,0,-1.0,0.0,-1.0,1.0,46388.305878,61.43352199999936,b
67.0,-,31,46450.1694,2,0,-1.0,0.0,-1.0,1.0,46388.646706,61.52269399999932,b
67.0,+,2,47216.5294,2,1,-1.0,0.0,-1.0,1.0,47170.559844,45.96955599999637,b
67.0,-,32,47216.9294,2,1,-1.0,0.0,-1.0,1.0,47170.895324,46.03407600000355,b
67.0,+,3,47970.5294,2,2,-1.0,0.0,-1.0,1.0,47936.350521,34.17887899999914,b
67.0,-,33,47970.9094,2,2,-1.0,0.0,-1.0,1.0,47936.68111,34.228289999999106,b
67.0,+,4,48711.4794,2,3,-1.0,0.0,-1.0,1.0,48687.093834,24.385565999997198,b
67.0,-,34,48711.8694,2,3,-1.0,0.0,-1.0,1.0,48687.420437,24.44896300000255,b
67.0,+,5,49438.9994,2,4,-1.0,0.0,-1.0,1.0,49424.562284,14.43711600000097,b
67.0,-,35,49439.3794,2,4,-1.0,0.0,-1.0,1.0,49424.885281,14.494118999995408,b
67.0,+,6,50152.6894,2,5,-1.0,0.0,-1.0,1.0,50147.305806,5.383594000006269,b
67.0,-,36,50153.0694,2,5,-1.0,0.0,-1.0,1.0,50147.624252,5.4451479999988806,b
68.0,-,1,46523.6894,2,0,-1.0,0.0,-1.0,1.0,46460.551891,63.137509000000136,b
68.0,+,31,46524.1594,2,0,-1.0,0.0,-1.0,1.0,46460.902406,63.25699399999576,b
68.0,-,2,47289.7094,2,1,-1.0,0.0,-1.0,1.0,47242.088858,47.62054199999693,b
68.0,+,32,47290.1594,2,1,-1.0,0.0,-1.0,1.0,47242.433858,47.72554200000013,b
68.0,-,3,48042.9294,2,2,-1.0,0.0,-1.0,1.0,48007.187837,35.741563000003225,b
68.0,+,33,48043.4094,2,2,-1.0,0.0,-1.0,1.0,48007.527792,35.88160799999605,b
68.0,-,4,48783.1094,2,3,-1.0,0.0,-1.0,1.0,48757.301944,25.807456000002276,b
68.0,+,34,48783.5594,2,3,-1.0,0.0,-1.0,1.0,48757.637787,25.921612999998615,b
68.0,-,5,49509.8394,2,4,-1.0,0.0,-1.0,1.0,49494.16316,15.67624000000069,b
68.0,+,35,49510.2994,2,4,-1.0,0.0,-1.0,1.0,49494.495275,15.804125000002387,b
68.0,-,6,50222.6894,2,5,-1.0,0.0,-1.0,1.0,50216.216197,6.4732030000013765,b
68.0,+,36,50223.1594,2,5,-1.0,0.0,-1.0,1.0,50216.543615,6.615784999994503,b
69.0,+,1,46598.7094,2,0,-1.0,0.0,-1.0,1.0,46533.823729,64.88567099999636,b
69.0,-,31,46599.1494,2,0,-1.0,0.0,-1.0,1.0,46534.184046,64.96535399999993,b
69.0,+,2,47363.9394,2,1,-1.0,0.0,-1.0,1.0,47314.632052,49.307348000002094,b
69.0,-,32,47364.3594,2,1,-1.0,0.0,-1.0,1.0,47314.986682,49.37271799999871,b
69.0,+,3,48116.4194,2,2,-1.0,0.0,-1.0,1.0,48079.028177,37.39122299999872,b
69.0,-,33,48116.8294,2,2,-1.0,0.0,-1.0,1.0,48079.377605,37.45179500000086,b
69.0,+,4,48855.7994,2,3,-1.0,0.0,-1.0,1.0,48828.503111,27.296289000005345,b
69.0,-,34,48856.2194,2,3,-1.0,0.0,-1.0,1.0,48828.848302,27.371098000003258,b
69.0,+,5,49581.7394,2,4,-1.0,0.0,-1.0,1.0,49564.746642,16.99275800000032,b
69.0,-,35,49582.1694,2,4,-1.0,0.0,-1.0,1.0,49565.087976,17.081423999996332,b
69.0,+,6,50293.7794,2,5,-1.0,0.0,-1.0,1.0,50286.097765,7.681635000000824,b
69.0,-,36,50294.1594,2,5,-1.0,0.0,-1.0,1.0,50286.434255,7.725144999996701,b
70.0,-,1,46674.7294,2,0,-1.0,0.0,-1.0,1.0,46608.119777,66.60962299999665,b
70.0,+,31,46675.2094,2,0,-1.0,0.0,-1.0,1.0,46608.490007,66.7193929999994,b
70.0,-,2,47439.2094,2,1,-1.0,0.0,-1.0,1.0,47388.187766,51.02163399999699,b
70.0,+,32,47439.6594,2,1,-1.0,0.0,-1.0,1.0,47388.552136,51.107263999998395,b
70.0,-,3,48190.9194,2,2,-1.0,0.0,-1.0,1.0,48151.869857,39.049543000000995,b
70.0,+,33,48191.3594,2,2,-1.0,0.0,-1.0,1.0,48152.228867,39.1305330000032,b
70.0,-,4,48929.4794,2,3,-1.0,0.0,-1.0,1.0,48900.695622,28.783777999997255,b
70.0,+,34,48929.8894,2,3,-1.0,0.0,-1.0,1.0,48901.050264,28.839136000002327,b
70.0,-,5,49654.5894,2,4,-1.0,0.0,-1.0,1.0,49636.310899,18.278501000000688,b
70.0,+,35,49655.0694,2,4,-1.0,0.0,-1.0,1.0,49636.661555,18.407845000001544,b
70.0,+,36,50366.2094,2,5,-1.0,0.0,-1.0,1.0,50357.294252,8.915148000000045,b
71.0,+,1,46751.8394,2,0,-1.0,0.0,-1.0,1.0,46683.438393,68.40100700000039,b
71.0,-,31,46752.3094,2,0,-1.0,0.0,-1.0,1.0,46683.818648,68.49075199999788,b
71.0,+,2,47515.5294,2,1,-1.0,0.0,-1.0,1.0,47462.754318,52.77508200000011,b
71.0,-,32,47515.9794,2,1,-1.0,0.0,-1.0,1.0,47463.128537,52.85086299999966,b
71.0,+,3,48266.4094,2,2,-1.0,0.0,-1.0,1.0,48225.711171,40.69822899999417,b
71.0,-,33,48266.8694,2,2,-1.0,0.0,-1.0,1.0,48226.079868,40.78953200000251,b
71.0,+,4,49004.1594,2,3,-1.0,0.0,-1.0,1.0,48973.877737,30.281662999994296,b
71.0,-,34,49004.6194,2,3,-1.0,0.0,-1.0,1.0,48974.241935,30.37746500000503,b
71.0,+,5,49728.4394,2,4,-1.0,0.0,-1.0,1.0,49708.854074,19.58532600000035,b
71.0,-,35,49728.9294,2,4,-1.0,0.0,-1.0,1.0,49709.214152,19.71524800000043,b
71.0,+,6,50438.7894,2,5,-1.0,0.0,-1.0,1.0,50428.766729,10.022670999998809,b
71.0,-,36,50439.2294,2,5,-1.0,0.0,-1.0,1.0,50429.121658,10.107742000000144,b
72.0,-,1,46829.9294,2,0,-1.0,0.0,-1.0,1.0,46759.777912,70.15148800000316,b
72.0,+,31,46830.4894,2,0,-1.0,0.0,-1.0,1.0,46760.168303,70.32109700000001,b
72.0,-,2,47593.0844,2,1,-1.0,0.0,-1.0,2.0,47538.330002,54.75439799999731,b
72.0,-,3,48342.9494,2,2,-1.0,0.0,-1.0,1.0,48300.550388,42.3990119999944,b
72.0,+,33,48343.4294,2,2,-1.0,0.0,-1.0,1.0,48300.928877,42.50052300000243,b
72.0,-,4,49079.8794,2,3,-1.0,0.0,-1.0,1.0,49048.047692,31.83170799999789,b
72.0,+,34,49080.3194,2,3,-1.0,0.0,-1.0,1.0,49048.421548,31.897852000001876,b
72.0,-,5,49803.3094,2,4,-1.0,0.0,-1.0,1.0,49782.374279,20.93512099999498,b
72.0,+,35,49803.7694,2,4,-1.0,0.0,-1.0,1.0,49782.743878,21.025521999996272,b
72.0,-,6,50512.7394,2,5,-1.0,0.0,-1.0,1.0,50501.550199,11.189201000001049,b
73.0,+,1,46909.1794,2,0,-1.0,0.0,-1.0,1.0,46837.136647,72.04275300000154,b
73.0,-,31,46909.6394,2,0,-1.0,0.0,-1.0,1.0,46837.537282,72.10211800000252,b
73.0,+,2,47671.2294,2,1,-1.0,0.0,-1.0,1.0,47614.913086,56.316313999996055,b
73.0,-,32,47671.6794,2,1,-1.0,0.0,-1.0,1.0,47615.307323,56.37207699999999,b
73.0,+,3,48420.4794,2,2,-1.0,0.0,-1.0,1.0,48376.385753,44.093646999994235,b
73.0,-,33,48420.9394,2,2,-1.0,0.0,-1.0,1.0,48376.774138,44.16526200000226,b
73.0,+,4,49156.5494,2,3,-1.0,0.0,-1.0,1.0,49123.2037,33.34570000000531,b
73.0,-,34,49157.0394,2,3,-1.0,0.0,-1.0,1.0,49123.587316,33.452084000004106,b
73.0,+,5,49879.1294,2,4,-1.0,0.0,-1.0,1.0,49856.869598,22.25980200000049,b
73.0,-,35,49879.6494,2,4,-1.0,0.0,-1.0,1.0,49857.248816,22.40058400000271,b
73.0,+,6,50587.7494,2,5,-1.0,0.0,-1.0,1.0,50575.296991,12.452408999997715,b
73.0,-,36,50588.2894,2,5,-1.0,0.0,-1.0,1.0,50575.670741,12.618658999999752,b
74.0,-,1,46989.2594,2,0,-1.0,0.0,-1.0,1.0,46915.512881,73.74651900000026,b
74.0,+,31,46989.2894,2,0,-1.0,0.0,-1.0,1.0,46915.923868,73.36553200000344,b
74.0,-,2,47750.6094,2,1,-1.0,0.0,-1.0,1.0,47692.501813,58.1075869999986,b
74.0,+,32,47751.0794,2,1,-1.0,0.0,-1.0,1.0,47692.906217,58.17318299999897,b
74.0,-,3,48498.9894,2,2,-1.0,0.0,-1.0,1.0,48453.215491,45.77390899999591,b
74.0,+,33,48499.5394,2,2,-1.0,0.0,-1.0,1.0,48453.613874,45.92552599999908,b
74.0,-,4,49234.2494,2,3,-1.0,0.0,-1.0,1.0,49199.343949,34.90545099999872,b
74.0,+,34,49234.7394,2,3,-1.0,0.0,-1.0,1.0,49199.737424,35.00197599999956,b
74.0,-,5,49955.9894,2,4,-1.0,0.0,-1.0,1.0,49932.338087,23.65131300000212,b
74.0,+,35,49956.4894,2,4,-1.0,0.0,-1.0,1.0,49932.72702,23.76238000000012,b
74.0,-,6,50663.9494,2,5,-1.0,0.0,-1.0,2.0,50650.005064,13.944336000000476,b
75.0,-,31,47071.1094,2,0,-1.0,0.0,-1.0,1.0,46995.326323,75.78307700000005,b
75.0,+,2,47830.9794,2,1,-1.0,0.0,-1.0,1.0,47771.094403,59.884996999993746,b
75.0,-,32,47831.4894,2,1,-1.0,0.0,-1.0,1.0,47771.509077,59.98032299999613,b
75.0,+,3,48578.5894,2,2,-1.0,0.0,-1.0,1.0,48531.037799,47.55160099999921,b
75.0,-,33,48499.5394,2,2,-1.0,0.0,-1.0,0.0,48531.44628,-31.906879999995,b
75.0,+,4,49312.9794,2,3,-1.0,0.0,-1.0,1.0,49276.4666,36.51279999999679,b
75.0,-,34,49313.4794,2,3,-1.0,0.0,-1.0,1.0,49276.870033,36.60936699999729,b
75.0,+,5,50033.7894,2,4,-1.0,0.0,-1.0,1.0,50008.777769,25.011631000001216,b
75.0,-,35,50034.3294,2,4,-1.0,0.0,-1.0,1.0,50009.176512,25.152888000004168,b
75.0,+,6,50740.6494,2,5,-1.0,0.0,-1.0,1.0,50725.672347,14.977053000002343,b
75.0,-,36,50741.1094,2,5,-1.0,0.0,-1.0,1.0,50726.065291,15.044109000002209,b
76.0,+,31,47153.3994,2,0,-1.0,0.0,-1.0,1.0,47075.742881,77.65651900000375,b
76.0,-,2,47912.4194,2,1,-1.0,0.0,-1.0,1.0,47850.689049,61.730350999998336,b
76.0,+,32,47912.9094,2,1,-1.0,0.0,-1.0,1.0,47851.114095,61.795304999999644,b
76.0,-,3,48659.1094,2,2,-1.0,0.0,-1.0,1.0,48609.850852,49.25854799999797,b
76.0,+,33,48659.6594,2,2,-1.0,0.0,-1.0,1.0,48610.269533,49.38986699999805,b
76.0,-,4,49392.6594,2,3,-1.0,0.0,-1.0,1.0,49354.569793,38.08960699999443,b
76.0,+,34,49393.1394,2,3,-1.0,0.0,-1.0,1.0,49354.983282,38.15611799999897,b
76.0,-,5,50112.6194,2,4,-1.0,0.0,-1.0,1.0,50086.186643,26.43275700000231,b
76.0,+,35,50113.1694,2,4,-1.0,0.0,-1.0,1.0,50086.595289,26.57411100000172,b
76.0,-,6,50818.5394,2,5,-1.0,0.0,-1.0,1.0,50802.296738,16.242662000004202,b
77.0,-,31,47236.7094,2,0,-1.0,0.0,-1.0,1.0,47157.171754,79.53764599999704,b
77.0,+,2,47994.8494,2,1,-1.0,0.0,-1.0,1.0,47931.283921,63.56547899999714,b
77.0,+,3,48740.6994,2,2,-1.0,0.0,-1.0,1.0,48689.652804,51.046596000000136,b
77.0,-,33,48741.2394,2,2,-1.0,0.0,-1.0,1.0,48690.081782,51.157617999997456,b
77.0,+,4,49473.3494,2,3,-1.0,0.0,-1.0,1.0,49433.651642,39.69775800000207,b
77.0,-,34,49473.8694,2,3,-1.0,0.0,-1.0,1.0,49434.075283,39.79411700000492,b
77.0,+,5,50192.4194,2,4,-1.0,0.0,-1.0,1.0,50164.562674,27.85672599999816,b
77.0,-,35,50192.9694,2,4,-1.0,0.0,-1.0,1.0,50164.981315,27.988085000004503,b
77.0,+,6,50897.4894,2,5,-1.0,0.0,-1.0,1.0,50879.876105,17.61329499999556,b
77.0,-,36,50891.9394,2,5,-1.0,0.0,-1.0,1.0,50880.2886,11.650800000003073,b
78.0,+,31,47321.0394,2,0,-1.0,0.0,-1.0,0.0,47239.611125,81.4282749999984,b
78.0,-,2,48078.3494,2,1,-1.0,0.0,-1.0,1.0,48012.877163,65.47223700000177,b
78.0,+,32,48070.8294,2,1,-1.0,0.0,-1.0,1.0,48013.323254,57.50614599999972,b
78.0,-,3,48823.3194,2,2,-1.0,0.0,-1.0,1.0,48770.441782,52.87761799999862,b
78.0,+,33,48823.8294,2,2,-1.0,0.0,-1.0,1.0,48770.881154,52.948245999999926,b
78.0,-,4,49555.0294,2,3,-1.0,0.0,-1.0,1.0,49513.710235,41.319165000000794,b
78.0,+,34,49555.5694,2,3,-1.0,0.0,-1.0,1.0,49514.144123,41.4252770000021,b
78.0,-,5,50273.1594,2,4,-1.0,0.0,-1.0,1.0,50243.9038,29.255599999996775,b
78.0,+,35,50273.7394,2,4,-1.0,0.0,-1.0,1.0,50244.332526,29.406874000000244,b
78.0,-,6,50977.2394,2,5,-1.0,0.0,-1.0,1.0,50958.408283,18.83111700000154,b
78.0,+,36,50977.7594,2,5,-1.0,0.0,-1.0,1.0,50958.830685,18.92871500000183,b
79.0,-,31,47406.3994,2,0,-1.0,0.0,-1.0,0.0,47323.059157,83.34024299999874,b
79.0,+,2,48162.7494,2,1,-1.0,0.0,-1.0,1.0,48095.466895,67.28250500000286,b
79.0,-,32,48163.3594,2,1,-1.0,0.0,-1.0,1.0,48095.923655,67.4357450000025,b
79.0,+,3,48906.8494,2,2,-1.0,0.0,-1.0,1.0,48852.215891,54.63350899999932,b
79.0,-,33,48907.4394,2,2,-1.0,0.0,-1.0,1.0,48852.665753,54.7736470000018,b
79.0,+,4,49637.7094,2,3,-1.0,0.0,-1.0,1.0,49594.743638,42.96576199999981,b
79.0,-,34,49638.2694,2,3,-1.0,0.0,-1.0,1.0,49595.187865,43.08153499999753,b
79.0,+,5,50354.9194,2,4,-1.0,0.0,-1.0,1.0,50324.207928,30.71147199999541,b
79.0,-,35,50355.5694,2,4,-1.0,0.0,-1.0,1.0,50324.646828,30.92257200000313,b
79.0,+,6,51058.0994,2,5,-1.0,0.0,-1.0,1.0,51037.89108,20.20831999999791,b
79.0,-,36,51058.6294,2,5,-1.0,0.0,-1.0,1.0,51038.323474,20.30592600000091,b
80.0,+,31,47492.7894,2,0,-1.0,0.0,-1.0,1.0,47407.513984,85.27541600000404,b
80.0,-,2,48248.3294,2,1,-1.0,0.0,-1.0,1.0,48179.05121,69.27819000000454,b
80.0,-,3,48991.4794,2,2,-1.0,0.0,-1.0,1.0,48934.973214,56.506185999998706,b
80.0,+,33,48991.9994,2,2,-1.0,0.0,-1.0,1.0,48935.43366,56.565739999998186,b
80.0,-,4,49721.3794,2,3,-1.0,0.0,-1.0,1.0,49676.749888,44.62951199999952,b
80.0,+,34,49721.8494,2,3,-1.0,0.0,-1.0,1.0,49677.204547,44.644852999997966,b
80.0,-,5,50437.6794,2,4,-1.0,0.0,-1.0,1.0,50405.472937,32.20646300000226,b
80.0,+,35,50438.2394,2,4,-1.0,0.0,-1.0,1.0,50405.922098,32.317301999995834,b
80.0,-,6,51139.8794,2,5,-1.0,0.0,-1.0,1.0,51118.322271,21.557129000000714,b
80.0,+,36,51140.3294,2,5,-1.0,0.0,-1.0,1.0,51118.764742,21.564658000002964,b
81.0,-,31,47580.2694,2,0,-1.0,0.0,-1.0,0.0,47492.973718,87.2956819999963,b
81.0,+,2,48334.7794,2,1,-1.0,0.0,-1.0,1.0,48263.628179,71.15122100000008,b
81.0,+,3,49076.9894,2,2,-1.0,0.0,-1.0,1.0,49018.711807,58.27759299999889,b
81.0,-,33,49017.6694,2,2,-1.0,0.0,-1.0,0.0,49019.18293,-1.5135300000038114,b
81.0,+,4,49806.0394,2,3,-1.0,0.0,-1.0,1.0,49759.727001,46.31239900000219,b
81.0,-,34,49806.5594,2,3,-1.0,0.0,-1.0,1.0,49760.192183,46.36721699999907,b
81.0,-,35,50521.9294,2,4,-1.0,0.0,-1.0,1.0,50488.156182,33.77321800000209,b
81.0,-,36,51222.9994,2,5,-1.0,0.0,-1.0,1.0,51200.152232,22.847168000000238,b
82.0,+,31,47660.6394,2,0,-1.0,0.0,-1.0,1.0,47579.436443,81.20295700000133,b
82.0,-,2,48422.3594,2,1,-1.0,0.0,-1.0,1.0,48349.195845,73.16355499999918,b
82.0,+,32,48422.8494,2,1,-1.0,0.0,-1.0,1.0,48349.685189,73.1642109999957,b
82.0,-,3,49163.6194,2,2,-1.0,0.0,-1.0,1.0,49103.429705,60.18969500000094,b
82.0,+,33,49164.1694,2,2,-1.0,0.0,-1.0,1.0,49103.911597,60.25780300000042,b
82.0,-,4,49891.6394,2,3,-1.0,0.0,-1.0,1.0,49843.672966,47.966434000001755,b
82.0,+,34,49892.1694,2,3,-1.0,0.0,-1.0,1.0,49844.148759,48.02064099999552,b
82.0,+,35,50606.5494,2,4,-1.0,0.0,-1.0,1.0,50571.346899,35.20250100000703,b
83.0,-,31,47758.2094,2,0,-1.0,0.0,-1.0,0.0,47666.900218,91.30918199999724,b
83.0,+,2,48510.7994,2,1,-1.0,0.0,-1.0,1.0,48435.752229,75.04717100000562,b
83.0,-,32,48511.4794,2,1,-1.0,0.0,-1.0,1.0,48436.252621,75.2267789999969,b
83.0,+,3,49251.1594,2,2,-1.0,0.0,-1.0,1.0,49189.124921,62.03447899999446,b
83.0,-,33,49251.7894,2,2,-1.0,0.0,-1.0,1.0,49189.617671,62.171729000001505,b
83.0,+,4,49978.2194,2,3,-1.0,0.0,-1.0,1.0,49928.585746,49.63365400000475,b
83.0,-,34,49978.8694,2,3,-1.0,0.0,-1.0,1.0,49929.072238,49.79716200000257,b
83.0,-,35,50692.2594,2,4,-1.0,0.0,-1.0,1.0,50655.492034,36.76736600000004,b
83.0,-,36,51391.4294,2,5,-1.0,0.0,-1.0,1.0,51365.756709,25.67269099999976,b
84.0,-,2,48600.4094,2,1,-1.0,0.0,-1.0,1.0,48523.295325,77.11407499999768,b
84.0,+,32,48600.9294,2,1,-1.0,0.0,-1.0,1.0,48523.806855,77.12254499999835,b
84.0,-,3,49339.7994,2,2,-1.0,0.0,-1.0,1.0,49275.79544,64.00396000000183,b
84.0,+,33,49340.3294,2,2,-1.0,0.0,-1.0,1.0,49276.299139,64.03026099999988,b
84.0,-,4,50065.8794,2,3,-1.0,0.0,-1.0,1.0,50014.46328,51.41611999999441,b
84.0,+,34,50066.4394,2,3,-1.0,0.0,-1.0,1.0,50014.960558,51.47884200000408,b
85.0,+,2,48690.8194,2,1,-1.0,0.0,-1.0,1.0,48611.8231,78.99629999999888,b
85.0,-,32,48691.6194,2,1,-1.0,0.0,-1.0,1.0,48612.345858,79.27354200000264,b
85.0,+,3,49429.2994,2,2,-1.0,0.0,-1.0,1.0,49363.439229,65.86017100000026,b
85.0,-,33,49429.9194,2,2,-1.0,0.0,-1.0,1.0,49363.953962,65.96543799999927,b
85.0,+,4,50154.4194,2,3,-1.0,0.0,-1.0,1.0,50101.303481,53.11591899999621,b
85.0,-,34,50155.1094,2,3,-1.0,0.0,-1.0,1.0,50101.811628,53.297771999998076,b
86.0,-,2,48782.4794,2,1,-1.0,0.0,-1.0,1.0,48701.3335,81.14589999999589,b
86.0,+,32,48783.0394,2,1,-1.0,0.0,-1.0,1.0,48701.867574,81.17182599999796,b
86.0,+,33,49520.4794,2,2,-1.0,0.0,-1.0,1.0,49452.580081,67.89931899999647,b
86.0,-,4,50244.0494,2,3,-1.0,0.0,-1.0,1.0,50189.104234,54.945166000004974,b
86.0,+,34,50244.6094,2,3,-1.0,0.0,-1.0,1.0,50189.623335,54.9860650000046,b
87.0,+,3,49611.3694,2,2,-1.0,0.0,-1.0,1.0,49541.638352,69.73104800000146,b
87.0,+,4,50334.4794,2,3,-1.0,0.0,-1.0,1.0,50277.863402,56.61599799999385,b
88.0,-,2,48968.5094,2,1,-1.0,0.0,-1.0,1.0,48883.293822,85.215578000003,b
88.0,+,33,49704.6194,2,2,-1.0,0.0,-1.0,1.0,49632.737846,71.8815539999996,b
88.0,+,34,50426.6494,2,3,-1.0,0.0,-1.0,1.0,50368.12007,58.52933000000485,b
89.0,-,32,49063.7494,2,1,-1.0,0.0,-1.0,1.0,48976.308036,87.44136399999843,b
89.0,+,3,49797.4294,2,2,-1.0,0.0,-1.0,1.0,49723.705534,73.72386600000027,b
89.0,+,4,50518.5294,2,3,-1.0,0.0,-1.0,1.0,50458.248292,60.28110800000286,b
90.0,-,2,49158.4994,2,1,-1.0,0.0,-1.0,1.0,49069.159332,89.3400679999977,b
90.0,+,33,49892.6594,2,2,-1.0,0.0,-1.0,1.0,49816.755477,75.90392299999803,b
90.0,+,34,50612.6294,2,3,-1.0,0.0,-1.0,1.0,50550.433321,62.19607900000119,b
91.0,+,3,49901.4094,2,2,-1.0,0.0,-1.0,0.0,49909.623646,-8.214246000003186,b
92.0,-,2,49352.4294,2,1,-1.0,0.0,-1.0,1.0,49258.912668,93.51673200000369,b
92.0,+,33,50084.5594,2,2,-1.0,0.0,-1.0,1.0,50004.615645,79.94375500000024,b
92.0,+,34,50802.3894,2,3,-1.0,0.0,-1.0,1.0,50736.545221,65.84417899999971,b
