
 Primary working directories    : /home/molpro/scratch
 Secondary working directories  : /home/molpro/scratch
 Wavefunction directory         : /home/molpro/wfu/
 Main file repository           : /home/molpro/scratch/

 SHA1      : 04207d30d77a7c01c6e1f286db5d9e12adb67e49
 NAME      : 2015.1.2
 ARCHNAME  : linux/x86_64
 FC        : /opt/intel/composer_xe_2015.1.133/bin/intel64/ifort
 BLASLIB   : -Wl,-_start-group /opt/intel/mkl/lib/intel64/libmkl_intel_ilp64.a /opt/intel/mkl/lib/intel64/libmkl_intel_thread.a /opt/intel/mkl/lib/intel64/libmkl_core.a -Wl,-_end-group
 id        : gskim

 Nodes     nprocs
 molpro       1

 Using customized tuning parameters: mindgm=1; mindgv=20; mindgc=4; mindgr=1; noblas=0; minvec=7
 default implementation of scratch files=df  

 ***,The Transition quadrupole moment Calculations  for O2 from 1sigma+g to  1deltag
 file,2,del-sigp-tqmb-2.wfu
 memory,2500,M
 gexpec,qm
 geometry={angstrom;
 O
 O,O,r(i)}
 basis=av5z
 r=[0.94,0.93,0.92,0.91,0.9]
 do i=1,#r
 int;
 
 Text, Transition quadrupole moment calculation of O2 from 1sigma+g to 1deltag  using  av5z
 
 {multi;occ,3,2,2,0,3,2,2,0;closed,2,0,0,0,0,0,0,0;start,2140.2;orbital,2140.2;natorb,,ci;wf,16,1,0;state,3;wf,16,4,0;state,2;maxiter,40;}
 {ci;occ,3,2,2,0,3,2,2,0;core,2,0,0,0,0,0,0;wf,16,1,0;state,2;orbital,2140.2;maxiter,250;option,maxiti=250;option,nstati=3;save,5100.2;}
 {ci;occ,3,2,2,0,3,2,2,0;core,2,0,0,0,0,0,0;wf,16,4,0;state,1;orbital,2140.2;maxiter,250;option,maxiti=250;option,nstati=2;save,6100.2;}
 
 {ci;trans,5100.2,6100.2;}
 
 enddo
 

 Variables initialized (889), CPU time= 0.00 sec
 Commands  initialized (702), CPU time= 0.00 sec, 572 directives.
 Default parameters read. Elapsed time= 0.04 sec

 Checking input...
 Passed
1


                                         ***  PROGRAM SYSTEM MOLPRO  ***
                                       Copyright, TTI GmbH Stuttgart, 2015
                                    Version 2015.1 linked Jan 11 2016 12:54:15


 **********************************************************************************************************************************
 LABEL *   The Transition quadrupole moment Calculations  for O2 from 1sigma+g to        
  64 bit serial version                                                                  DATE: 04-Aug-21          TIME: 20:42:42  
 **********************************************************************************************************************************

 SHA1:             04207d30d77a7c01c6e1f286db5d9e12adb67e49
 **********************************************************************************************************************************

 Variable memory set to    8000000 words,  buffer space   230000 words



 Permanent file  2  del-sigp-tqmb-2.wfu              assigned.  Implementation=df    Size=  0.40 GB
 

 PROGRAM * RESTART 


 Reading variables from file 2

 _NUMVAR         =    909.00000000
 _DKROLL_DONE    =      0.00000000
 _FOCKDONE       =      0.00000000
 _INTDONE        =      1.00000000
 _DIRECT         =      0.00000000
 _DKHO           =     -1.00000000
 _BASIS          =    AV5Z
 _NELEC          =     16.00000000
 _PROGRAM        =    CI
 _CPUSTEP        =     27.41000000
 _SYSSTEP        =      0.59000000
 _WALLSTEP       =     28.02000000
 _BASINP         =    610.00000000
 _CPUTOT         =      0.41580332D+06 SEC
 _DFTEXFAC       =      1.00000000
 _DMX_SCF        =      0.00000000
 _DMY_SCF        =      0.00000000
 _DMZ_SCF        =      0.00000000
 _EHOMO          =     -0.53610000
 _ELUMO          =     -0.05126813
 _EIGS(1:254)    =    -20.77019452    -1.51270977    -0.68304563     0.10336438     0.14815114     0.36611799
                        0.42408260     0.54857054     0.80435166     1.03434204     1.19524935     1.21243233
                        1.44586543     2.14978731     2.46567428     2.66441004     2.79709381     2.99511027
                        3.04993653     3.20929850     3.30085259     4.00272193     5.82095766     6.19230351
                        6.30748643     6.56917560     6.95762359     7.25019486     7.32570812     7.80038920
                        7.84579117     8.34051867     8.98401755    12.64723158    16.05183512    16.05507814
                       16.43867044    16.78075093    18.92490378    18.95497755    19.22950547    19.34995197
                       19.75507472    21.91552027    23.48039372    62.75991052    -0.57483260     0.10515896
                        0.46157988     0.50985596     0.90644615     1.15407333     1.34866491     1.61280690
                        2.51664289     2.76286698     2.81010941     2.90373268     4.05809240     5.02196706
                        5.99652556     6.04900905     6.46570994     7.01417090     7.04127107     7.30693895
                        8.43069815     9.70385382    15.60357287    16.10861875    16.18922710    16.25568640
                       18.89657860    19.05986707    19.13927360    20.17425416    22.11805439    -0.71676571
                        0.10655594     0.46363519     0.50883416     0.90644888     1.16293471     1.35678763
                        1.61002404     2.51664989     2.78651592     2.81019020     2.92392663     4.08051892
                        5.05374841     5.99653588     6.04900924     6.50170772     7.02147020     7.06950560
                        7.30696362     8.46999469     9.74659767    15.65199240    16.10862907    16.22984079
                       16.26481659    18.89693762    19.05996210    19.19682678    20.23422282    22.16822836
                        0.36652893     1.03371764     1.20062578     2.46567421     2.66422128     3.04871832
                        3.30014450     5.82095771     6.30857743     6.95762372     7.25124414     7.84458302
                        8.33991560    16.05320587    16.43571113    18.92676897    18.95586474    19.23252882
                       21.91559158   -20.76967600    -1.16777561     0.06656502     0.19279403     0.28444784
                        0.48883687     0.50985578     0.58734339     1.16358492     1.17827162     1.30255840
                        1.52308967     1.54935851     2.46314950     2.76937620     2.89497785     2.94298546
                        3.34121153     3.52481552     3.88543622     4.16578229     5.09712191     6.31152481
                        6.72700735     7.03048683     7.10469207     7.12776079     7.97183602     8.10604813
                        8.43072295     8.53810572     9.63028768    11.17889771    12.25269154    16.35669865
                       16.91674709    17.19369129    17.81766131    19.02929512    19.31943783    19.50025789
                       19.70530227    21.53485179    22.16810464    25.10054861    63.14054982    -0.05126813
                        0.14360368     0.49274307     0.60411173     1.11265181     1.22667920     1.52897512
                        2.27671632     2.91909792     2.96227567     3.27182786     3.36695747     4.95724967
                        5.07188676     6.25313315     7.11471507     7.21832977     7.41655906     7.54257940
                        7.84263341     8.71570627    11.09800374    16.00557253    16.19318986    16.65332837
                       17.26242580    19.13615138    19.19765744    19.26166989    20.65548114    23.88957694
                       -0.53610000     0.14171945     0.48705438     0.60294678     1.11265787     1.23605304
                        1.52560018     2.29084788     2.91929488     2.98115954     3.27185457     3.38434458
                        4.98519786     5.10194741     6.25313315     7.14988916     7.21853982     7.41659655
                        7.58270881     7.84266975     8.76034504    11.14125030    16.05364583    16.19318988
                       16.65339054    17.31520585    19.13632545    19.20200148    19.31787582    20.71200707
                       23.94044640     0.48951297     1.16810165     1.54560592     2.76937614     2.89683134
                        3.34209024     4.16433518     6.72700744     7.03466811     7.10479789     7.97317776
                        8.10647192     9.62982551    16.35669982    16.92060870    19.02929888    19.49700593
                       19.70236140    22.16759775
 _ENERGD0        =   -149.87459276
 _ENERGD1        =   -149.87476084
 _ENERGD2        =   -149.87476084
 _ENERGP0        =   -149.87266262
 _ENERGP1        =   -149.87281184
 _ENERGP2        =   -149.87281184
 _ENERGY_METHOD  =    CI
 _ENERGY_BASIS   =    aug-cc-pV5Z
 _GEOMETRY_METHOD=     
 _GEOMETRY_BASIS =     
 _ENUC           =     36.02908670
 _GRADEXFAC      =   9999.00000000
 _LASTNELEC      =     12.00000000
 _LASTSPIN       =      0.00000000
 _LASTSYM        =      1.00000000
 _ORBITAL        =   2140.20000000
 _SEIG_MIN       =      0.00000677
 _SEWPROP        =      1.00000000
 _STATUS         =      1.00000000
 _SYSTOT         =   4074.75000000
 _WALLTOT        =      0.42127126D+06 SEC
 _DATE           =    06-Jul-21
 _LASTORB        =    MCSCF
 _OUTPUT         =    /home/molpro/home/2016gskim/dir-1/o2qm-1sigp141.xml
 _PGROUP         =    D2h 
 _TIME           =    09:24:00
 _C0(1:2)        =      0.95501147     0.95374518
 _C0R(1:2)       =      0.95448820     0.95297925
 _DMX_CC(1:5)    =      0.00000000     0.00000000     0.00000000     0.00000000     0.00000000
 _DMY_CC(1:5)    =      0.00000000     0.00000000     0.00000000     0.00000000     0.00000000
 _DMZ_CC(1:5)    =      0.00000000     0.00000000     0.00000000     0.00000000     0.00000000
 _DMX_NUC(1:5)   =      0.00000000     0.00000000     0.00000000     0.00000000     0.00000000
 _DMY_NUC(1:5)   =      0.00000000     0.00000000     0.00000000     0.00000000     0.00000000
 _DMZ_NUC(1:5)   =      0.00000000     0.00000000     0.00000000     0.00000000     0.00000000
 R(1:125)        =      1.41000000     1.40900000     1.40800000     1.40700000     1.40600000     1.40500000
                        1.40400000     1.40300000     1.40200000     1.40100000     1.40000000     1.39900000
                        1.39800000     1.39700000     1.39600000     1.39500000     1.39400000     1.39300000
                        1.39200000     1.39100000     1.39000000     1.38900000     1.38800000     1.38700000
                        1.38600000     1.38500000     1.38400000     1.38300000     1.38200000     1.38100000
                        1.38000000     1.37900000     1.37800000     1.37700000     1.37600000     1.37500000
                        1.37400000     1.37500000     1.37400000     1.37300000     1.37200000     1.37100000
                        1.37000000     1.36800000     1.36600000     1.36500000     1.36400000     1.36200000
                        1.36000000     1.35800000     1.35600000     1.35500000     1.35300000     1.35200000
                        1.35100000     1.35000000     1.34800000     1.34600000     1.34500000     1.34400000
                        1.34200000     1.34000000     1.33800000     1.33600000     1.33500000     1.33300000
                        1.33100000     1.33000000     1.32700000     1.32500000     1.32200000     1.32000000
                        1.31800000     1.31600000     1.31500000     1.31400000     1.31200000     1.31000000
                        1.30800000     1.30600000     1.30500000     1.30400000     1.30300000     1.30200000
                        1.30100000     1.30000000     1.29800000     1.29500000     1.29300000     1.29000000
                        1.28000000     1.27000000     1.26000000     1.25000000     1.24000000     1.23000000
                        1.22000000     1.21000000     1.20000000     1.19000000     1.18000000     1.17000000
                        1.16000000     1.15000000     1.14000000     1.13000000     1.12000000     1.11000000
                        1.10000000     1.09000000     1.08000000     1.07000000     1.06000000     1.05000000
                        1.04000000     1.03000000     1.02000000     1.01000000     1.00000000     0.99000000
                        0.98000000     0.97000000     0.96000000     0.95000000     0.94000000
 _TRDMX(1:2)     =      0.00000000     0.00000000
 _TRDMY(1:2)     =      0.00000000     0.00000000
 _TRDMZ(1:2)     =      0.00000000     0.00000000
 _TRQMXX(1:2)    =      0.00000000     0.00000000
 _TRQMYY(1:2)    =      0.00000000     0.00000000
 _TRQMZZ(1:2)    =      0.00000000     0.00000000
 _TRQMXY(1:2)    =     -0.06203700    -1.24957927
 _TRQMXZ(1:2)    =      0.00000000     0.00000000
 _TRQMYZ(1:2)    =      0.00000000     0.00000000
 _TRQMRR(1:2)    =      0.00000000     0.00000000
 I               =    125.00000000

 Geometry written to block  1 of record 701


 **********************************************************************************************************************************
 DATASETS  * FILE   NREC   LENGTH (MB)   RECORD NAMES
              2      11      434.45       500      610      700     1000      520     2100     2140      701     2140(1)  7100   
                                          VAR    BASINP    GEOM     BASIS   MCVARS     RHF     MCSCF    GEOM     MCSCF    MRCI   
                                         8100   
                                         MRCI   

 PROGRAMS   *        TOTAL   RESTART
 CPU TIMES  *         0.25      0.17
 REAL TIME  *         0.53 SEC
 DISK USED  *         0.03 MB      
 **********************************************************************************************************************************

 Variable memory set to 2500000000 words,  buffer space   230000 words

 SETTING BASIS          =    AV5Z
 SETTING R(1)           =         0.94000000                                  
 SETTING R(2)           =         0.93000000                                  
 SETTING R(3)           =         0.92000000                                  
 SETTING R(4)           =         0.91000000                                  
 SETTING R(5)           =         0.90000000                                  

 DO I                   =         1.00000000   


 Using spherical harmonics

 Library entry O      S aug-cc-pV5Z          selected for orbital group  1
 Library entry O      P aug-cc-pV5Z          selected for orbital group  1
 Library entry O      D aug-cc-pV5Z          selected for orbital group  1
 Library entry O      F aug-cc-pV5Z          selected for orbital group  1
 Library entry O      G aug-cc-pV5Z          selected for orbital group  1
 Library entry O      H aug-cc-pV5Z          selected for orbital group  1

1PROGRAM * SEWARD (Integral evaluation for generally contracted gaussian basis sets)     Author: Roland Lindh, 1990

 Geometry written to block  1 of record 701

 Orientation using atomic masses  
 Molecule type: Linear
 Symmetry elements: X,Y,Z
 Rotational constants:      71.4969938     71.4969938      0.0000000 GHz  (calculated with average atomic masses)

 Point group  D2h 



 ATOMIC COORDINATES

 NR  ATOM    CHARGE       X              Y              Z

   1  O       8.00    0.000000000    0.000000000   -0.888171279
   2  O       8.00    0.000000000    0.000000000    0.888171279

 Bond lengths in Bohr (Angstrom)

 1-2  1.776342557
     ( 0.940000000)

 NUCLEAR CHARGE:                   16
 NUMBER OF PRIMITIVE AOS:         398
 NUMBER OF SYMMETRY AOS:          288
 NUMBER OF CONTRACTIONS:          254   (  46Ag  +  31B3u +  31B2u +  19B1g +  46B1u +  31B2g +  31B3g +  19Au  )
 NUMBER OF CORE ORBITALS:           2   (   1Ag  +   0B3u +   0B2u +   0B1g +   1B1u +   0B2g +   0B3g +   0Au  )
 NUMBER OF VALENCE ORBITALS:        8   (   2Ag  +   1B3u +   1B2u +   0B1g +   2B1u +   1B2g +   1B3g +   0Au  )


 NUCLEAR REPULSION ENERGY   36.02908670

 EXTRA SYMMETRY OF AOS IN SYMMETRY 1:   1 1 1 1 1 1 1 1 1 1   1 1 1 1 2 1 2 1 2 1   2 1 2 1 2 1 2 1 2 1   2 1 3 2 1 3 2 1 3 2
                                        2 3 1 2 3 1
 EXTRA SYMMETRY OF AOS IN SYMMETRY 2:   1 1 1 1 1 1 1 1 1 1   1 1 2 1 2 1 2 1 2 1   2 1 2 1 2 1 2 3 1 2   3
 EXTRA SYMMETRY OF AOS IN SYMMETRY 3:   1 1 1 1 1 1 1 1 1 1   1 1 2 1 2 1 2 1 2 1   2 1 2 1 2 1 2 3 1 2   3
 EXTRA SYMMETRY OF AOS IN SYMMETRY 4:   1 1 1 1 1 1 1 1 1 1   2 1 2 1 2 2 1 2 1
 EXTRA SYMMETRY OF AOS IN SYMMETRY 5:   1 1 1 1 1 1 1 1 1 1   1 1 1 1 2 1 2 1 2 1   2 1 2 1 2 1 2 1 2 1   2 1 3 2 1 3 2 1 3 2
                                        2 3 1 2 3 1
 EXTRA SYMMETRY OF AOS IN SYMMETRY 6:   1 1 1 1 1 1 1 1 1 1   1 1 2 1 2 1 2 1 2 1   2 1 2 1 2 1 2 3 1 2   3
 EXTRA SYMMETRY OF AOS IN SYMMETRY 7:   1 1 1 1 1 1 1 1 1 1   1 1 2 1 2 1 2 1 2 1   2 1 2 1 2 1 2 3 1 2   3
 EXTRA SYMMETRY OF AOS IN SYMMETRY 8:   1 1 1 1 1 1 1 1 1 1   2 1 2 1 2 2 1 2 1

 Eigenvalues of metric

         1 0.925E-04 0.273E-03 0.674E-03 0.183E-02 0.588E-02 0.255E-01 0.261E-01 0.288E-01
         2 0.982E-03 0.487E-02 0.103E-01 0.419E-01 0.581E-01 0.153E+00 0.155E+00 0.167E+00
         3 0.982E-03 0.487E-02 0.103E-01 0.419E-01 0.581E-01 0.153E+00 0.155E+00 0.167E+00
         4 0.261E-01 0.856E-01 0.935E-01 0.223E+00 0.294E+00 0.323E+00 0.461E+00 0.475E+00
         5 0.677E-05 0.612E-04 0.221E-03 0.585E-03 0.773E-03 0.904E-03 0.179E-02 0.486E-02
         6 0.328E-04 0.207E-03 0.127E-02 0.548E-02 0.143E-01 0.236E-01 0.285E-01 0.554E-01
         7 0.328E-04 0.207E-03 0.127E-02 0.548E-02 0.143E-01 0.236E-01 0.285E-01 0.554E-01
         8 0.773E-03 0.689E-02 0.263E-01 0.642E-01 0.165E+00 0.166E+00 0.203E+00 0.204E+00


 Contracted 2-electron integrals neglected if value below      1.0D-12
 AO integral compression algorithm  1   Integral accuracy      1.0D-12

     468.451 MB (compressed) written to integral file ( 51.3%)


 NUMBER OF SORTED TWO-ELECTRON INTEGRALS:   66838400.     BUFFER LENGTH:  32768
 NUMBER OF SEGMENTS:   5  SEGMENT LENGTH:   15999177      RECORD LENGTH: 524288

 Memory used in sort:      16.56 MW

 SORT1 READ   114264352. AND WROTE    47776529. INTEGRALS IN    139 RECORDS. CPU TIME:     2.82 SEC, REAL TIME:     3.22 SEC
 SORT2 READ    47776529. AND WROTE    66838400. INTEGRALS IN   1787 RECORDS. CPU TIME:     1.13 SEC, REAL TIME:     1.36 SEC

 FILE SIZES:   FILE 1:   489.0 MBYTE,  FILE 4:   583.0 MBYTE,   TOTAL:   1072.1 MBYTE

 OPERATOR DM      FOR CENTER  0  COORDINATES:    0.000000    0.000000    0.000000
 OPERATOR QM      FOR CENTER  0  COORDINATES:    0.000000    0.000000    0.000000


 **********************************************************************************************************************************
 DATASETS  * FILE   NREC   LENGTH (MB)   RECORD NAMES
              1      19      308.83       500      701      610      900      950      970     1000      129      960     1100   
                                          VAR     GEOM    BASINP   SYMINP    ZMAT    AOBASIS   BASIS     P2S    ABASIS      S 
                                         1400     1410     1200     1210     1080     1600     1650     1300     1700   
                                           T        V       H0       H01     AOSYM     SMH    MOLCAS    ERIS     OPER   

              2      11      434.45       500      610      700     1000      520     2100     2140      701     2140(1)  7100   
                                          VAR    BASINP    GEOM     BASIS   MCVARS     RHF     MCSCF    GEOM     MCSCF    MRCI   
                                         8100   
                                         MRCI   

 PROGRAMS   *        TOTAL       INT   RESTART
 CPU TIMES  *        22.96     22.71      0.17
 REAL TIME  *        43.68 SEC
 DISK USED  *         1.51 GB      
 **********************************************************************************************************************************

1PROGRAM * MULTI (Direct Multiconfiguration SCF)       Authors: P.J. Knowles, H.-J. Werner (1984)     S.T. Elbert (1988)


 Number of closed-shell orbitals:   2 (   2   0   0   0   0   0   0   0 )
 Number of active  orbitals:       12 (   1   2   2   0   3   2   2   0 )
 Number of external orbitals:     240 (  43  29  29  19  43  29  29  19 )

 State symmetry 1

 Number of electrons:    12    Spin symmetry=Singlet   Space symmetry=1
 Number of states:        3
 Number of CSFs:      28784   (107016 determinants, 853776 intermediate states)

 State symmetry 2

 Number of electrons:    12    Spin symmetry=Singlet   Space symmetry=4
 Number of states:        2
 Number of CSFs:      28224   (106624 determinants, 853776 intermediate states)

 Iteration controls:
             1  2  3  4  5  6  7  8  9 10 11 12 13 14 15 16 17 18 19 20 21 22 23 24 25 26 27 28 29 30 31 32 33 34 35 36 37 38 39
 DIAGCI      T  T  T  T  T  T  T  T  T  T  T  T  T  T  T  T  T  T  T  T  T  T  T  T  T  T  T  T  T  T  T  T  T  T  T  T  T  T  T
 WERNER      T  T  T  T  T  T  T  T  T  T  T  T  T  T  T  T  T  T  T  T  T  T  T  T  T  T  T  T  T  T  T  T  T  T  T  T  T  T  T
 INTERNAL    F  T  T  T  T  T  T  T  T  T  T  T  T  T  T  T  T  T  T  T  T  T  T  T  T  T  T  T  T  T  T  T  T  T  T  T  T  T  T

 Molecular orbitals read from record     2140.2  Type=MCSCF/NATURAL (state averaged)

 EXTRA SYMMETRY OF MOS IN SYMMETRY 1:   1 1 1 1 1 2 1 1 1 2   2 1 1 3 1 1 2 2 1 1   2 1 1 3 2 3 1 2 1 2   1 2 1 1 3 2 1 1 1 3
                                        2 2 2 1 1 1
 EXTRA SYMMETRY OF MOS IN SYMMETRY 2:   1 1 1 1 1 2 1 1 2 1   1 2 1 1 3 2 1 2 1 2   1 1 2 3 1 1 1 2 2 1   1
 EXTRA SYMMETRY OF MOS IN SYMMETRY 3:   1 1 1 1 1 2 1 1 2 1   1 2 1 1 3 2 1 2 1 2   1 1 2 3 1 1 1 2 2 1   1
 EXTRA SYMMETRY OF MOS IN SYMMETRY 4:   1 1 1 2 1 1 1 2 1 2   1 1 1 2 1 2 1 1 1
 EXTRA SYMMETRY OF MOS IN SYMMETRY 5:   1 1 1 1 1 2 1 1 2 1   1 2 1 1 1 3 2 2 1 1   2 1 2 1 3 1 2 3 1 2   1 1 2 1 2 3 1 3 1 2
                                        1 1 2 2 1 1
 EXTRA SYMMETRY OF MOS IN SYMMETRY 6:   1 1 1 1 2 1 1 1 2 1   1 2 1 1 3 1 2 2 1 2   1 1 3 1 1 2 2 2 1 1   1
 EXTRA SYMMETRY OF MOS IN SYMMETRY 7:   1 1 1 1 2 1 1 1 2 1   1 2 1 1 3 1 2 2 1 2   1 1 3 1 1 2 2 2 1 1   1
 EXTRA SYMMETRY OF MOS IN SYMMETRY 8:   1 1 1 2 1 1 1 1 2 1   2 1 1 1 2 2 1 1 1

 Wavefunction dump at record             2140.2

 Convergence thresholds  0.10E-01 (gradient)  0.10E-05 (energy)  0.10E-02 (step length)

 Weight factors for state symmetry  1:    0.20000   0.20000   0.20000
 Weight factors for state symmetry  2:    0.20000   0.20000

 Number of orbital rotations:      492   (     2 Core/Active     86 Core/Virtual   0 Active/Active    404 Active/Virtual)
 Total number of variables:     534788


 ITER. MIC  NCI  NEG     ENERGY(VAR)     ENERGY(PROJ)   ENERGY CHANGE     GRAD(0)  GRAD(ORB)   GRAD(CI)     STEP       TIME

   1   33   31    0    -149.46002260    -149.46002260   -0.00000000    0.00000037 0.00000012 0.00000126  0.18D-04      5.99

 ** WVFN ****  CONVERGENCE REACHED, FINAL GRADIENT:  0.14D-06



 Results for state 1.1
 =====================

 !MCSCF STATE 1.1 Energy             -149.571987698692
 Nuclear energy                        36.02908670
 Kinetic energy                       151.94288736
 One electron energy                 -276.84845774
 Two electron energy                   91.24738334
 Virial ratio                           1.98439611

 !MCSCF STATE 1.1 Dipole moment         0.00000000     0.00000000     0.00000000
 Dipole moment /Debye                   0.00000000     0.00000000     0.00000000

 Results for state 2.1
 =====================

 !MCSCF STATE 2.1 Energy             -149.535491497616
 Nuclear energy                        36.02908670
 Kinetic energy                       152.15274476
 One electron energy                 -277.01918692
 Two electron energy                   91.45460872
 Virial ratio                           1.98279851

 !MCSCF STATE 2.1 Dipole moment         0.00000000     0.00000000     0.00000000
 Dipole moment /Debye                   0.00000000     0.00000000     0.00000000

 Results for state 3.1
 =====================

 !MCSCF STATE 3.1 Energy             -149.305975220256
 Nuclear energy                        36.02908670
 Kinetic energy                       150.27519899
 One electron energy                 -270.95734586
 Two electron energy                   85.62228394
 Virial ratio                           1.99355034

 !MCSCF STATE 3.1 Dipole moment         0.00000000     0.00000000     0.00000000
 Dipole moment /Debye                   0.00000000     0.00000000     0.00000000



 Results for state 1.4
 =====================

 !MCSCF STATE 1.4 Energy             -149.567989689132
 Nuclear energy                        36.02908670
 Kinetic energy                       152.04143304
 One electron energy                 -276.96334275
 Two electron energy                   91.36626636
 Virial ratio                           1.98373178

 !MCSCF STATE 1.4 Dipole moment         0.00000000     0.00000000     0.00000000
 Dipole moment /Debye                   0.00000000     0.00000000     0.00000000

 Results for state 2.4
 =====================

 !MCSCF STATE 2.4 Energy             -149.318668869966
 Nuclear energy                        36.02908670
 Kinetic energy                       150.28445780
 One electron energy                 -270.77989251
 Two electron energy                   85.43213694
 Virial ratio                           1.99357359

 !MCSCF STATE 2.4 Dipole moment         0.00000000     0.00000000     0.00000000
 Dipole moment /Debye                   0.00000000     0.00000000     0.00000000

 State-averaged charge density matrix saved on record  2140.2 (density set 1)

 !MCSCF expec        <1.1|QMXX|1.1>    -0.266833503800
 !MCSCF trans        <2.1|QMXX|1.1>    -1.032503941130
 !MCSCF expec        <2.1|QMXX|2.1>     1.310849042834
 !MCSCF trans        <3.1|QMXX|1.1>    -0.871444856072
 !MCSCF trans        <3.1|QMXX|2.1>     2.191323603288
 !MCSCF expec        <3.1|QMXX|3.1>    12.531102202603
 !MCSCF expec        <1.4|QMXX|1.4>     0.460472443604
 !MCSCF trans        <2.4|QMXX|1.4>     1.487542902388
 !MCSCF expec        <2.4|QMXX|2.4>    11.855492970346

 !MCSCF expec        <1.1|QMYY|1.1>     1.184591277240
 !MCSCF trans        <2.1|QMYY|1.1>     1.042138696046
 !MCSCF expec        <2.1|QMYY|2.1>    -0.345949878896
 !MCSCF trans        <3.1|QMYY|1.1>     0.435896003519
 !MCSCF trans        <3.1|QMYY|2.1>    -1.174559792768
 !MCSCF expec        <3.1|QMYY|3.1>    -6.701195857692
 !MCSCF expec        <1.4|QMYY|1.4>     0.455796199064
 !MCSCF trans        <2.4|QMYY|1.4>    -0.824520687057
 !MCSCF expec        <2.4|QMYY|2.4>    -5.891105026772

 !MCSCF expec        <1.1|QMZZ|1.1>    -0.917757773440
 !MCSCF trans        <2.1|QMZZ|1.1>    -0.009634754916
 !MCSCF expec        <2.1|QMZZ|2.1>    -0.964899163937
 !MCSCF trans        <3.1|QMZZ|1.1>     0.435548852553
 !MCSCF trans        <3.1|QMZZ|2.1>    -1.016763810519
 !MCSCF expec        <3.1|QMZZ|3.1>    -5.829906344911
 !MCSCF expec        <1.4|QMZZ|1.4>    -0.916268642668
 !MCSCF trans        <2.4|QMZZ|1.4>    -0.663022215332
 !MCSCF expec        <2.4|QMZZ|2.4>    -5.964387943573

 !MCSCF trans        <1.4|QMXY|1.1>    -0.371595800348
 !MCSCF trans        <1.4|QMXY|2.1>    -1.181233342397
 !MCSCF trans        <1.4|QMXY|3.1>    -0.591522835237
 !MCSCF trans        <2.4|QMXY|1.1>    -0.827789141996
 !MCSCF trans        <2.4|QMXY|2.1>    -0.403119678866
 !MCSCF trans        <2.4|QMXY|3.1>    -0.342426620929

 !MCSCF expec        <1.1|QMRR|1.1>   -21.935418890166
 !MCSCF trans        <2.1|QMRR|1.1>     0.035830909756
 !MCSCF expec        <2.1|QMRR|2.1>   -22.396169376761
 !MCSCF trans        <3.1|QMRR|1.1>     3.162069736578
 !MCSCF trans        <3.1|QMRR|2.1>    -7.488107920972
 !MCSCF expec        <3.1|QMRR|3.1>   -59.788866961573
 !MCSCF expec        <1.4|QMRR|1.4>   -21.977188924829
 !MCSCF trans        <2.4|QMRR|1.4>    -4.893055500199
 !MCSCF expec        <2.4|QMRR|2.4>   -60.834891438105


 Natural orbital dump (state averaged) at molpro section  2140.2    (Orbital set 2)


 CI vector for state symmetry 1
 ==============================

 2 20 20 220 20 00        0.8716550   0.4412817  -0.0150518
 2 20 20 220 00 20       -0.4430125   0.8563682  -0.1814909
 2 20 20 220 00 ba        0.0477848  -0.1181825  -0.6769916
 2 20 20 220 00 ab       -0.0477848   0.1181825   0.6769916
 2 00 20 220 20 20        0.0420458  -0.1081620   0.0212964
 2 20 00 220 20 20       -0.1033920  -0.0650828   0.0038672
 2 00 20 220 20 ba       -0.0065049   0.0138501   0.0794342
 2 00 20 220 20 ab        0.0065049  -0.0138501  -0.0794342
 2 20 20 200 20 20       -0.0242576  -0.0706214   0.0104033
 2 a0 b0 220 b0 2a       -0.0057127   0.0131594   0.0564033
 2 b0 a0 220 a0 2b       -0.0057127   0.0131594   0.0564033

 TOTAL ENERGIES                      -149.57198770  -149.53549150  -149.30597522

 CI vector for state symmetry 2
 ==============================

 2 20 20 220 b0 a0       -0.6898106   0.0771872
 2 20 20 220 a0 b0        0.6898106  -0.0771872
 2 20 20 220 b0 0a       -0.0761902  -0.6821092
 2 20 20 220 a0 0b        0.0761902   0.6821092
 2 20 00 220 b0 2a        0.0128448   0.0805339
 2 20 00 220 a0 2b       -0.0128448  -0.0805339
 2 b0 a0 220 20 20        0.0762711  -0.0085742
 2 a0 b0 220 20 20       -0.0762711   0.0085742
 2 b0 a0 220 20 ba       -0.0059169  -0.0571953
 2 a0 b0 220 20 ab       -0.0059169  -0.0571953
 2 20 20 220 0b 0a        0.0114538   0.0557458
 2 20 20 220 0a 0b       -0.0114538  -0.0557458

 TOTAL ENERGIES                      -149.56798969  -149.31866887



 **********************************************************************************************************************************
 DATASETS  * FILE   NREC   LENGTH (MB)   RECORD NAMES
              1      20      319.41       500      701      610      900      950      970     1000      129      960     1100   
                                          VAR     GEOM    BASINP   SYMINP    ZMAT    AOBASIS   BASIS     P2S    ABASIS      S 
                                         1400     1410     1200     1210     1080     1600     1650     1300     1700     1380   
                                           T        V       H0       H01     AOSYM     SMH    MOLCAS    ERIS     OPER     JKOP   

              2      11      434.45       500      610      700     1000      520     2100     2140      701     2140(1)  7100   
                                          VAR    BASINP    GEOM     BASIS   MCVARS     RHF     MCSCF    GEOM     MCSCF    MRCI   
                                         8100   
                                         MRCI   

 PROGRAMS   *        TOTAL     MULTI       INT   RESTART
 CPU TIMES  *        34.87     11.90     22.71      0.17
 REAL TIME  *        59.17 SEC
 DISK USED  *         1.51 GB      
 **********************************************************************************************************************************

1PROGRAM * CI (Multireference internally contracted CI)     Authors: H.-J. Werner, P.J. Knowles, 1987


 Convergence thresholds:  THRVAR = 1.00D-08  THRDEN = 1.00D-06

 Number of optimized states:  2  Roots:   1   2
 Number of reference states:  2  Roots:   1   2

 Program parameters:       NSTATE=  2    NSTATI=  3    NSTATR=  2    NCEPA = -1    NOKOP =  0    ITRDM =  0    ITRANS=  0
                           IDIP  =200    MAXIT =250    MAXITI=250    MAXDAV=  6    MAXVI =  9    NOSING=  0    NOPAIR=  0
                           MXSHRF=  9    IKCPS =  0    IOPTGM=  2    IOPTOR=  0    REFOPT=  1    IAVDEN=  0    IDELCG=  1
                           IREST =  0    NATORB=  0    IPUNRF=  0    ISEP  =  0    OLDDEN=  0    NSTPRI=  1    GPSFLI= -1
                           CLUSTE=  0    CLOSED=  1    ILSTYP=  0    ITRLS =  0    ICCSD =  0    LOCAL =  0    IBASO =  0
                           MP    =  0    ITEDIS=  2    INCDIS=  1    MAXDIS=  6    ITYDIS=  1    BRUECK=  0    IBRSTR=  3
                           INCBRK=  1    TRIPLE=  0    ICCTYP=  1    IHPPD =  0    ICCNEW=  0    I3EXT = -1    IDEB  =  0
                           IDLEIG=  1    IDFTYP=  1    IMP3  =  0    IPROCS=  0    NOINT =  0    NOREF =  1    IMP2G =  0
                           IHINT =  0    IFDIA =  0    ISPARO=  1    JKSYM =  0    CPHF  =  0    MP2D  = -1    DKINT =  0
                           NPKEX =  1    DRVK  =  1    HLSTRA=  1    WIGNER=  1    DIIS_C=  1    MAXIT_= 50    MATEL =  0
                           SPDEG =  1    MEMCPH=  0    DISM  =  1    KDCPMA=  5    IKDCP_=  0    IREDTH=  0    USECS =  0
                           IPROCC=  0    I3SAVE=  1    IKDCP =  1    USECI =  0    OLDPAI=  0    IPROCI=  0    KEEPCL=  1
                           DISCON=  0    SHIFTE=  0    DIISIN=  0    MOLCAS=  0    MEM_PT=  0    RECORD=  0    RS2C  =  0
                           KEXT  = -1    CIPT2 =  0    DECP0S=  0    I4EXT = -1    NATCOR=  0    RIMP2 =  0    DDCI  = -1

 Reference symmetry:                   1   Singlet 
 Number of electrons:                 16
 Maximum number of shells:             7
 Maximum number of spin couplings:   132

 Reference space:     9608 conf    28784 CSFs
 N elec internal:    73789 conf   226512 CSFs
 N-1 el internal:    69576 conf   339768 CSFs
 N-2 el internal:    58182 conf   452544 CSFs

 Number of electrons in valence space:                     12
 Maximum number of open shell orbitals in reference space: 10
 Maximum number of open shell orbitals in internal spaces: 12


 Number of core orbitals:           2 (   2   0   0   0   0   0   0   0 )
 Number of active  orbitals:       12 (   1   2   2   0   3   2   2   0 )
 Number of external orbitals:     240 (  43  29  29  19  43  29  29  19 )

 Molecular orbitals read from record     2140.2  Type=MCSCF/NATURAL (state averaged)

 Coulomb and exchange operators available. No transformation done.

 Number of p-space configurations:   3

 Reference wavefunction optimized for reference space (refopt=1)

 State     Reference Energy 
   1        -149.57198770
   2        -149.53549150
   3        -149.30597522

 Number of blocks in overlap matrix:    16   Smallest eigenvalue:  0.17D-04
 Number of N-2 electron functions:     288
 Number of N-1 electron functions:  339768

 Number of internal configurations:                28784
 Number of singly external configurations:      10197000
 Number of doubly external configurations:       1049024
 Total number of contracted configurations:     11274808
 Total number of uncontracted configurations: 1637811384

 Diagonal Coupling coefficients finished.               Storage:21559646 words, CPU-Time:     33.83 seconds.
 Energy denominators for pairs finished in 1 passes.    Storage: 1011457 words, CPU-time:      0.02 seconds.

  ITER. STATE  ROOT     SQ.NORM     CORR.ENERGY   TOTAL ENERGY   ENERGY CHANGE       DEN1      VAR(S)    VAR(P)      TIME
    1     1     1     1.00000000     0.00000000  -149.57198770     0.00000000    -0.28268432  0.27D-01  0.16D-01    47.53
    1     2     2     1.00000000     0.00000000  -149.53549150     0.00000000    -0.29030246  0.29D-01  0.18D-01    47.53
    2     1     1     1.04191642    -0.27701771  -149.84900541    -0.27701771    -0.01128620  0.11D-02  0.80D-03   292.97
    2     2     2     1.04284370    -0.28214810  -149.81763960    -0.28214810    -0.01177580  0.12D-02  0.87D-03   292.97
    3     1     1     1.04383557    -0.28795828  -149.85994598    -0.01094057    -0.00111422  0.12D-03  0.74D-04   538.65
    3     2     2     1.04484410    -0.29365366  -149.82914516    -0.01150556    -0.00131580  0.15D-03  0.92D-04   538.65
    4     1     1     1.04582338    -0.28909527  -149.86108297    -0.00113699    -0.00015029  0.15D-04  0.11D-04   786.15
    4     2     2     1.04728631    -0.29503325  -149.83052475    -0.00137959    -0.00020724  0.20D-04  0.16D-04   786.15
    5     1     1     1.04653908    -0.28925744  -149.86124514    -0.00016216    -0.00002438  0.21D-05  0.19D-05  1032.38
    5     2     2     1.04822403    -0.29526729  -149.83075878    -0.00023404    -0.00004071  0.34D-05  0.35D-05  1032.38
    6     1     1     1.04659312    -0.28928491  -149.86127261    -0.00002747    -0.00000534  0.54D-06  0.41D-06  1278.12
    6     2     2     1.04830973    -0.29531519  -149.83080669    -0.00004791    -0.00001076  0.10D-05  0.90D-06  1278.12
    7     1     1     1.04664303    -0.28929074  -149.86127844    -0.00000583    -0.00000149  0.16D-06  0.11D-06  1523.72
    7     2     2     1.04840029    -0.29532721  -149.83081870    -0.00001201    -0.00000350  0.37D-06  0.27D-06  1523.72
    8     1     1     1.04667366    -0.28929232  -149.86128002    -0.00000158    -0.00000047  0.48D-07  0.34D-07  1769.19
    8     2     2     1.04845358    -0.29533094  -149.83082244    -0.00000373    -0.00000124  0.12D-06  0.10D-06  1769.19
    9     1     1     1.04668221    -0.28929283  -149.86128053    -0.00000051    -0.00000016  0.18D-07  0.11D-07  2016.25
    9     2     2     1.04847088    -0.29533230  -149.83082380    -0.00000136    -0.00000046  0.47D-07  0.40D-07  2016.25
   10     1     1     1.04668596    -0.28929301  -149.86128070    -0.00000017    -0.00000006  0.77D-08  0.41D-08  2262.23
   10     2     2     1.04848117    -0.29533282  -149.83082432    -0.00000052    -0.00000020  0.23D-07  0.16D-07  2262.23
   11     1     1     1.04668747    -0.28929307  -149.86128077    -0.00000006    -0.00000002  0.27D-08  0.16D-08  2507.23
   11     2     2     1.04848622    -0.29533303  -149.83082452    -0.00000021    -0.00000008  0.86D-08  0.68D-08  2507.23
   12     1     1     1.04668746    -0.28929307  -149.86128077    -0.00000000    -0.00000002  0.27D-08  0.16D-08  2710.61
   12     2     2     1.04849811    -0.29533317  -149.83082467    -0.00000015    -0.00000001  0.12D-08  0.77D-09  2710.61


 =====================================
 Analysis of CPU times by interactions
 =====================================

       I      S      P

 I   1.0%
 S   1.0%  19.0%
 P   2.5%  62.8%  11.2%

 Initialization:   1.4%
 Other:            1.2%

 Total CPU:     2710.6 seconds
 =====================================



 Wavefunction saved on  5100.2

 Reference coefficients greater than 0.0500000
 =============================================
 220202202000           0.7150865   0.6385400
 220202200020          -0.6361130   0.7010290
 2202022000/\          -0.0883569   0.1191742
 200202202020           0.0634034  -0.0885746
 220002202020          -0.0760440  -0.0838734
 220202002020          -0.0046277  -0.0669812

 Coefficients of fixed reference functions:
 ==========================================

 State      Coefficients
   1         0.944876   -0.249082
   2         0.253017    0.942850

 Coefficients of rotated reference functions:
 ============================================

 State      Coefficients
   1         0.977153    0.002162
   2         0.002162    0.976207



 RESULTS FOR STATE 1.1
 =====================

 Coefficient of reference function:   C(0) = 0.94487607 (fixed)   0.97744311 (relaxed)   0.97715292 (rotated)

 Energy contributions of configuration classes

 CLASS          SQ.NORM        ECORR1        ECORR2
 +++++++++++++++++++++++++++++++++++++++++++++++++++
 Internals    0.07012196    0.00000000   -0.01811097
 Singles      0.02588128   -0.10136706   -0.09718456
 Pairs        0.02408000   -0.18792601   -0.17399754
 Total        1.12008323   -0.28929307   -0.28929307
 +++++++++++++++++++++++++++++++++++++++++++++++++++


 Reference energy                    -149.57198770
 Nuclear energy                        36.02908670
 Kinetic energy                       152.02662205
 One electron energy                 -276.40642532
 Two electron energy                   90.51605785
 Virial quotient                       -0.98575683
 Correlation energy                    -0.28929307
 !MRCI STATE 1.1 Energy              -149.861280767831

 Properties without orbital relaxation:

 !MRCI STATE 1.1 Dipole moment          0.00000000     0.00000000     0.00000000
 Dipole moment /Debye                   0.00000000     0.00000000     0.00000000

 Cluster corrected energies          -149.89602001 (Davidson, fixed reference)
 Cluster corrected energies          -149.87478713 (Davidson, relaxed reference)
 Cluster corrected energies          -149.87496700 (Davidson, rotated reference)

 Cluster corrected energies          -149.89267525 (Pople, fixed reference)
 Cluster corrected energies          -149.87289390 (Pople, relaxed reference)
 Cluster corrected energies          -149.87305349 (Pople, rotated reference)


 Cluster corrections using rotated reference energy:

 Reference energy (rotated)          -149.56957634
 MRCI Correlation energy               -0.29170442

 Cluster corrected energies          -149.87489971 (Davidson, relaxed reference)
 Cluster corrected energies          -149.87508108 (Davidson, rotated reference)

 Cluster corrected energies          -149.87299070 (Pople, relaxed reference)
 Cluster corrected energies          -149.87315162 (Pople, rotated reference)

 

 !MRCI expec         <1.1|QMXX|1.1>     0.383934823884
 !MRCI expec         <1.1|QMYY|1.1>     0.633279968178
 !MRCI expec         <1.1|QMZZ|1.1>    -1.017214792062
 !MRCI expec         <1.1|QMRR|1.1>   -22.305035731036



 RESULTS FOR STATE 2.1
 =====================

 Coefficient of reference function:   C(0) = 0.94285020 (fixed)   0.97659877 (relaxed)   0.97620656 (rotated)

 Energy contributions of configuration classes

 CLASS          SQ.NORM        ECORR1        ECORR2
 +++++++++++++++++++++++++++++++++++++++++++++++++++
 Internals    0.07286964   -0.00000000   -0.01913129
 Singles      0.02608056   -0.09622336   -0.09238571
 Pairs        0.02595159   -0.19910981   -0.18381617
 Total        1.12490179   -0.29533317   -0.29533317
 +++++++++++++++++++++++++++++++++++++++++++++++++++


 Reference energy                    -149.53549150
 Nuclear energy                        36.02908670
 Kinetic energy                       151.99503382
 One electron energy                 -276.29795676
 Two electron energy                   90.43804539
 Virial quotient                       -0.98576132
 Correlation energy                    -0.29533317
 !MRCI STATE 2.1 Energy              -149.830824671769

 Properties without orbital relaxation:

 !MRCI STATE 2.1 Dipole moment          0.00000000     0.00000000     0.00000000
 Dipole moment /Debye                   0.00000000     0.00000000     0.00000000

 Cluster corrected energies          -149.86771231 (Davidson, fixed reference)
 Cluster corrected energies          -149.84514777 (Davidson, relaxed reference)
 Cluster corrected energies          -149.84539665 (Davidson, rotated reference)

 Cluster corrected energies          -149.86427049 (Pople, fixed reference)
 Cluster corrected energies          -149.84315510 (Pople, relaxed reference)
 Cluster corrected energies          -149.84337648 (Pople, rotated reference)


 Cluster corrections using rotated reference energy:

 Reference energy (rotated)          -149.53790285
 MRCI Correlation energy               -0.29292182

 Cluster corrected energies          -149.84503083 (Davidson, relaxed reference)
 Cluster corrected energies          -149.84527767 (Davidson, rotated reference)

 Cluster corrected energies          -149.84305442 (Pople, relaxed reference)
 Cluster corrected energies          -149.84327399 (Pople, rotated reference)

 

 !MRCI expec         <2.1|QMXX|2.1>     0.698092143424
 !MRCI expec         <2.1|QMYY|2.1>     0.381873763259
 !MRCI expec         <2.1|QMZZ|2.1>    -1.079965906683
 !MRCI expec         <2.1|QMRR|2.1>   -22.621987059632


 !MRCI trans         <2.1|QMXX|1.1>    -1.250664604126
 !MRCI trans         <2.1|QMYY|1.1>     1.248685480746
 !MRCI trans         <2.1|QMZZ|1.1>     0.001979123381
 !MRCI trans         <2.1|QMRR|1.1>     0.047805710681


 **********************************************************************************************************************************
 DATASETS  * FILE   NREC   LENGTH (MB)   RECORD NAMES
              1      20      319.41       500      701      610      900      950      970     1000      129      960     1100   
                                          VAR     GEOM    BASINP   SYMINP    ZMAT    AOBASIS   BASIS     P2S    ABASIS      S 
                                         1400     1410     1200     1210     1080     1600     1650     1300     1700     1380   
                                           T        V       H0       H01     AOSYM     SMH    MOLCAS    ERIS     OPER     JKOP   

              2      12      697.79       500      610      700     1000      520     2100     2140      701     2140(1)  7100   
                                          VAR    BASINP    GEOM     BASIS   MCVARS     RHF     MCSCF    GEOM     MCSCF    MRCI   
                                         8100     5100   
                                         MRCI     MRCI   

 PROGRAMS   *        TOTAL        CI     MULTI       INT   RESTART
 CPU TIMES  *      2787.43   2752.57     11.90     22.71      0.17
 REAL TIME  *      2839.05 SEC
 DISK USED  *         3.07 GB      
 **********************************************************************************************************************************

1PROGRAM * CI (Multireference internally contracted CI)     Authors: H.-J. Werner, P.J. Knowles, 1987


 Convergence thresholds:  THRVAR = 1.00D-08  THRDEN = 1.00D-06

 Number of optimized states:  1  Roots:   1
 Number of reference states:  1  Roots:   1

 Program parameters:       NSTATE=  1    NSTATI=  2    NSTATR=  1    NCEPA = -1    NOKOP =  0    ITRDM =  0    ITRANS=  0
                           IDIP  =200    MAXIT =250    MAXITI=250    MAXDAV=  4    MAXVI =  6    NOSING=  0    NOPAIR=  0
                           MXSHRF=  9    IKCPS =  0    IOPTGM=  2    IOPTOR=  0    REFOPT=  1    IAVDEN=  0    IDELCG=  1
                           IREST =  0    NATORB=  0    IPUNRF=  0    ISEP  =  0    OLDDEN=  0    NSTPRI=  1    GPSFLI= -1
                           CLUSTE=  0    CLOSED=  1    ILSTYP=  0    ITRLS =  0    ICCSD =  0    LOCAL =  0    IBASO =  0
                           MP    =  0    ITEDIS=  2    INCDIS=  1    MAXDIS=  6    ITYDIS=  1    BRUECK=  0    IBRSTR=  3
                           INCBRK=  1    TRIPLE=  0    ICCTYP=  1    IHPPD =  0    ICCNEW=  0    I3EXT = -1    IDEB  =  0
                           IDLEIG=  1    IDFTYP=  1    IMP3  =  0    IPROCS=  0    NOINT =  0    NOREF =  1    IMP2G =  0
                           IHINT =  0    IFDIA =  0    ISPARO=  1    JKSYM =  0    CPHF  =  0    MP2D  = -1    DKINT =  0
                           NPKEX =  1    DRVK  =  1    HLSTRA=  1    WIGNER=  1    DIIS_C=  1    MAXIT_= 50    MATEL =  0
                           SPDEG =  1    MEMCPH=  0    DISM  =  1    KDCPMA=  5    IKDCP_=  0    IREDTH=  0    USECS =  0
                           IPROCC=  0    I3SAVE=  1    IKDCP =  1    USECI =  0    OLDPAI=  0    IPROCI=  0    KEEPCL=  1
                           DISCON=  0    SHIFTE=  0    DIISIN=  0    MOLCAS=  0    MEM_PT=  0    RECORD=  0    RS2C  =  0
                           KEXT  = -1    CIPT2 =  0    DECP0S=  0    I4EXT = -1    NATCOR=  0    RIMP2 =  0    DDCI  = -1

 Reference symmetry:                   4   Singlet 
 Number of electrons:                 16
 Maximum number of shells:             7
 Maximum number of spin couplings:   132

 Reference space:     9136 conf    28224 CSFs
 N elec internal:    73789 conf   226512 CSFs
 N-1 el internal:    69576 conf   339768 CSFs
 N-2 el internal:    57950 conf   452232 CSFs

 Number of electrons in valence space:                     12
 Maximum number of open shell orbitals in reference space: 10
 Maximum number of open shell orbitals in internal spaces: 12


 Number of core orbitals:           2 (   2   0   0   0   0   0   0   0 )
 Number of active  orbitals:       12 (   1   2   2   0   3   2   2   0 )
 Number of external orbitals:     240 (  43  29  29  19  43  29  29  19 )

 Molecular orbitals read from record     2140.2  Type=MCSCF/NATURAL (state averaged)

 Coulomb and exchange operators available. No transformation done.

 Number of p-space configurations:   2

 Reference wavefunction optimized for reference space (refopt=1)

 State     Reference Energy 
   1        -149.56798969
   2        -149.31866887

 Number of blocks in overlap matrix:    16   Smallest eigenvalue:  0.22D-02
 Number of N-2 electron functions:     144
 Number of N-1 electron functions:  339768

 Number of internal configurations:                28224
 Number of singly external configurations:      10188360
 Number of doubly external configurations:        524512
 Total number of contracted configurations:     10741096
 Total number of uncontracted configurations: 1636528232

 Diagonal Coupling coefficients finished.               Storage:15219669 words, CPU-Time:     12.73 seconds.
 Energy denominators for pairs finished in 1 passes.    Storage: 1043000 words, CPU-time:      0.00 seconds.

  ITER. STATE  ROOT     SQ.NORM     CORR.ENERGY   TOTAL ENERGY   ENERGY CHANGE       DEN1      VAR(S)    VAR(P)      TIME
    1     1     1     1.00000000     0.00000000  -149.56798969     0.00000000    -0.29315054  0.29D-01  0.18D-01    21.06
    2     1     1     1.04259679    -0.28176497  -149.84975466    -0.28176497    -0.01046024  0.11D-02  0.75D-03   138.88
    3     1     1     1.04438419    -0.29169449  -149.85968418    -0.00992952    -0.00096732  0.11D-03  0.65D-04   256.86
    4     1     1     1.04628423    -0.29266485  -149.86065454    -0.00097036    -0.00011739  0.14D-04  0.81D-05   374.62
    5     1     1     1.04699201    -0.29278915  -149.86077884    -0.00012431    -0.00001532  0.15D-05  0.12D-05   493.71
    6     1     1     1.04709021    -0.29280609  -149.86079578    -0.00001694    -0.00000242  0.27D-06  0.19D-06   611.14
    7     1     1     1.04709230    -0.29280881  -149.86079850    -0.00000272    -0.00000045  0.51D-07  0.38D-07   728.96
    8     1     1     1.04710218    -0.29280934  -149.86079902    -0.00000052    -0.00000011  0.14D-07  0.85D-08   847.67
    9     1     1     1.04710787    -0.29280947  -149.86079916    -0.00000013    -0.00000003  0.32D-08  0.22D-08   965.22


 =====================================
 Analysis of CPU times by interactions
 =====================================

       I      S      P

 I   1.6%
 S   1.7%  22.8%
 P   2.4%  61.6%   7.4%

 Initialization:   1.6%
 Other:            1.0%

 Total CPU:      965.2 seconds
 =====================================



 Wavefunction saved on  6100.2

 Reference coefficients greater than 0.0500000
 =============================================
 22020220/0\0           0.9568553
 2/0\02202020          -0.0989667
 22020220/00\           0.0911481



 RESULTS FOR STATE 1.4
 =====================

 Coefficient of reference function:   C(0) = 0.97697910 (fixed)   0.97724687 (relaxed)

 Energy contributions of configuration classes

 CLASS          SQ.NORM        ECORR1        ECORR2
 +++++++++++++++++++++++++++++++++++++++++++++++++++
 Internals    0.00054823    0.00000001   -0.00015321
 Singles      0.02479158   -0.10303231   -0.10527107
 Pairs        0.02234212   -0.18977716   -0.18738518
 Total        1.04768193   -0.29280947   -0.29280947
 +++++++++++++++++++++++++++++++++++++++++++++++++++


 Reference energy                    -149.56798969
 Nuclear energy                        36.02908670
 Kinetic energy                       152.02634652
 One electron energy                 -276.40949061
 Two electron energy                   90.51960475
 Virial quotient                       -0.98575545
 Correlation energy                    -0.29280947
 !MRCI STATE 1.4 Energy              -149.860799155260

 Properties without orbital relaxation:

 !MRCI STATE 1.4 Dipole moment          0.00000000     0.00000000     0.00000000
 Dipole moment /Debye                   0.00000000     0.00000000     0.00000000

 Cluster corrected energies          -149.87476087 (Davidson, fixed reference)
 Cluster corrected energies          -149.87459279 (Davidson, relaxed reference)

 Cluster corrected energies          -149.87281186 (Pople, fixed reference)
 Cluster corrected energies          -149.87266265 (Pople, relaxed reference)

 

 !MRCI expec         <1.4|QMXX|1.4>     0.507142724487
 !MRCI expec         <1.4|QMYY|1.4>     0.508904573532
 !MRCI expec         <1.4|QMZZ|1.4>    -1.016047298019
 !MRCI expec         <1.4|QMRR|1.4>   -22.301544778362


 **********************************************************************************************************************************
 DATASETS  * FILE   NREC   LENGTH (MB)   RECORD NAMES
              1      20      319.41       500      701      610      900      950      970     1000      129      960     1100   
                                          VAR     GEOM    BASINP   SYMINP    ZMAT    AOBASIS   BASIS     P2S    ABASIS      S 
                                         1400     1410     1200     1210     1080     1600     1650     1300     1700     1380   
                                           T        V       H0       H01     AOSYM     SMH    MOLCAS    ERIS     OPER     JKOP   

              2      13      947.27       500      610      700     1000      520     2100     2140      701     2140(1)  7100   
                                          VAR    BASINP    GEOM     BASIS   MCVARS     RHF     MCSCF    GEOM     MCSCF    MRCI   
                                         8100     5100     6100   
                                         MRCI     MRCI     MRCI   

 PROGRAMS   *        TOTAL        CI        CI     MULTI       INT   RESTART
 CPU TIMES  *      3763.11    975.68   2752.57     11.90     22.71      0.17
 REAL TIME  *      3824.71 SEC
 DISK USED  *         3.07 GB      
 **********************************************************************************************************************************

1PROGRAM * CI (Multireference internally contracted CI)     Authors: H.-J. Werner, P.J. Knowles, 1987


   Transition moment calculation
   =============================


 Ket wavefunction restored from record 6100.2 to file 8
 Bra wavefunction restored from record 5100.2 to file 7



 !MRCI trans         <1.1|QMXY|1.4>    -0.062036786148


 !MRCI trans         <2.1|QMXY|1.4>    -1.249579708890


 **********************************************************************************************************************************
 DATASETS  * FILE   NREC   LENGTH (MB)   RECORD NAMES
              1      20      319.41       500      701      610      900      950      970     1000      129      960     1100   
                                          VAR     GEOM    BASINP   SYMINP    ZMAT    AOBASIS   BASIS     P2S    ABASIS      S 
                                         1400     1410     1200     1210     1080     1600     1650     1300     1700     1380   
                                           T        V       H0       H01     AOSYM     SMH    MOLCAS    ERIS     OPER     JKOP   

              2      13      947.27       500      610      700     1000      520     2100     2140      701     2140(1)  7100   
                                          VAR    BASINP    GEOM     BASIS   MCVARS     RHF     MCSCF    GEOM     MCSCF    MRCI   
                                         8100     5100     6100   
                                         MRCI     MRCI     MRCI   

 PROGRAMS   *        TOTAL        CI        CI        CI     MULTI       INT   RESTART
 CPU TIMES  *      3790.38     27.27    975.68   2752.57     11.90     22.71      0.17
 REAL TIME  *      3852.62 SEC
 DISK USED  *         3.07 GB      
 **********************************************************************************************************************************

 DO I                   =         2.00000000   


 Using spherical harmonics

 Library entry O      S aug-cc-pV5Z          selected for orbital group  1
 Library entry O      P aug-cc-pV5Z          selected for orbital group  1
 Library entry O      D aug-cc-pV5Z          selected for orbital group  1
 Library entry O      F aug-cc-pV5Z          selected for orbital group  1
 Library entry O      G aug-cc-pV5Z          selected for orbital group  1
 Library entry O      H aug-cc-pV5Z          selected for orbital group  1

1PROGRAM * SEWARD (Integral evaluation for generally contracted gaussian basis sets)     Author: Roland Lindh, 1990

 Geometry written to block  1 of record 701

 Orientation using atomic masses  
 Molecule type: Linear
 Symmetry elements: X,Y,Z
 Rotational constants:      73.0428300     73.0428300      0.0000000 GHz  (calculated with average atomic masses)

 Point group  D2h 



 ATOMIC COORDINATES

 NR  ATOM    CHARGE       X              Y              Z

   1  O       8.00    0.000000000    0.000000000   -0.878722648
   2  O       8.00    0.000000000    0.000000000    0.878722648

 Bond lengths in Bohr (Angstrom)

 1-2  1.757445296
     ( 0.930000000)

 NUCLEAR CHARGE:                   16
 NUMBER OF PRIMITIVE AOS:         398
 NUMBER OF SYMMETRY AOS:          288
 NUMBER OF CONTRACTIONS:          254   (  46Ag  +  31B3u +  31B2u +  19B1g +  46B1u +  31B2g +  31B3g +  19Au  )
 NUMBER OF CORE ORBITALS:           2   (   1Ag  +   0B3u +   0B2u +   0B1g +   1B1u +   0B2g +   0B3g +   0Au  )
 NUMBER OF VALENCE ORBITALS:        8   (   2Ag  +   1B3u +   1B2u +   0B1g +   2B1u +   1B2g +   1B3g +   0Au  )


 NUCLEAR REPULSION ENERGY   36.41649624

 EXTRA SYMMETRY OF AOS IN SYMMETRY 1:   1 1 1 1 1 1 1 1 1 1   1 1 1 1 2 1 2 1 2 1   2 1 2 1 2 1 2 1 2 1   2 1 3 2 1 3 2 1 3 2
                                        2 3 1 2 3 1
 EXTRA SYMMETRY OF AOS IN SYMMETRY 2:   1 1 1 1 1 1 1 1 1 1   1 1 2 1 2 1 2 1 2 1   2 1 2 1 2 1 2 3 1 2   3
 EXTRA SYMMETRY OF AOS IN SYMMETRY 3:   1 1 1 1 1 1 1 1 1 1   1 1 2 1 2 1 2 1 2 1   2 1 2 1 2 1 2 3 1 2   3
 EXTRA SYMMETRY OF AOS IN SYMMETRY 4:   1 1 1 1 1 1 1 1 1 1   2 1 2 1 2 2 1 2 1
 EXTRA SYMMETRY OF AOS IN SYMMETRY 5:   1 1 1 1 1 1 1 1 1 1   1 1 1 1 2 1 2 1 2 1   2 1 2 1 2 1 2 1 2 1   2 1 3 2 1 3 2 1 3 2
                                        2 3 1 2 3 1
 EXTRA SYMMETRY OF AOS IN SYMMETRY 6:   1 1 1 1 1 1 1 1 1 1   1 1 2 1 2 1 2 1 2 1   2 1 2 1 2 1 2 3 1 2   3
 EXTRA SYMMETRY OF AOS IN SYMMETRY 7:   1 1 1 1 1 1 1 1 1 1   1 1 2 1 2 1 2 1 2 1   2 1 2 1 2 1 2 3 1 2   3
 EXTRA SYMMETRY OF AOS IN SYMMETRY 8:   1 1 1 1 1 1 1 1 1 1   2 1 2 1 2 2 1 2 1

 Eigenvalues of metric

         1 0.909E-04 0.265E-03 0.641E-03 0.179E-02 0.587E-02 0.244E-01 0.247E-01 0.281E-01
         2 0.942E-03 0.482E-02 0.101E-01 0.408E-01 0.572E-01 0.151E+00 0.155E+00 0.166E+00
         3 0.942E-03 0.482E-02 0.101E-01 0.408E-01 0.572E-01 0.151E+00 0.155E+00 0.166E+00
         4 0.247E-01 0.852E-01 0.917E-01 0.221E+00 0.295E+00 0.321E+00 0.462E+00 0.474E+00
         5 0.656E-05 0.598E-04 0.220E-03 0.569E-03 0.746E-03 0.867E-03 0.170E-02 0.482E-02
         6 0.307E-04 0.194E-03 0.120E-02 0.543E-02 0.134E-01 0.230E-01 0.276E-01 0.541E-01
         7 0.307E-04 0.194E-03 0.120E-02 0.543E-02 0.134E-01 0.230E-01 0.276E-01 0.541E-01
         8 0.746E-03 0.656E-02 0.256E-01 0.628E-01 0.163E+00 0.164E+00 0.200E+00 0.201E+00


 Contracted 2-electron integrals neglected if value below      1.0D-12
 AO integral compression algorithm  1   Integral accuracy      1.0D-12

     468.976 MB (compressed) written to integral file ( 51.3%)


 NUMBER OF SORTED TWO-ELECTRON INTEGRALS:   66838400.     BUFFER LENGTH:  32768
 NUMBER OF SEGMENTS:   5  SEGMENT LENGTH:   15999177      RECORD LENGTH: 524288

 Memory used in sort:      16.56 MW

 SORT1 READ   114264352. AND WROTE    47776460. INTEGRALS IN    139 RECORDS. CPU TIME:     2.81 SEC, REAL TIME:     3.20 SEC
 SORT2 READ    47776460. AND WROTE    66838400. INTEGRALS IN   1789 RECORDS. CPU TIME:     1.07 SEC, REAL TIME:     1.28 SEC

 FILE SIZES:   FILE 1:   489.6 MBYTE,  FILE 4:   583.0 MBYTE,   TOTAL:   1072.6 MBYTE

 OPERATOR DM      FOR CENTER  0  COORDINATES:    0.000000    0.000000    0.000000
 OPERATOR QM      FOR CENTER  0  COORDINATES:    0.000000    0.000000    0.000000


 **********************************************************************************************************************************
 DATASETS  * FILE   NREC   LENGTH (MB)   RECORD NAMES
              1      19      309.12       500      701      610      900      950      970     1000      129      960     1100   
                                          VAR     GEOM    BASINP   SYMINP    ZMAT    AOBASIS   BASIS     P2S    ABASIS      S 
                                         1400     1410     1200     1210     1080     1600     1650     1300     1700   
                                           T        V       H0       H01     AOSYM     SMH    MOLCAS    ERIS     OPER   

              2      13      947.27       500      610      700     1000      520     2100     2140      701     2140(1)  7100   
                                          VAR    BASINP    GEOM     BASIS   MCVARS     RHF     MCSCF    GEOM     MCSCF    MRCI   
                                         8100     5100     6100   
                                         MRCI     MRCI     MRCI   

 PROGRAMS   *        TOTAL       INT        CI        CI        CI     MULTI       INT   RESTART
 CPU TIMES  *      3813.09     22.71     27.27    975.68   2752.57     11.90     22.71      0.17
 REAL TIME  *      3884.16 SEC
 DISK USED  *         3.07 GB      
 **********************************************************************************************************************************

1PROGRAM * MULTI (Direct Multiconfiguration SCF)       Authors: P.J. Knowles, H.-J. Werner (1984)     S.T. Elbert (1988)


 Number of closed-shell orbitals:   2 (   2   0   0   0   0   0   0   0 )
 Number of active  orbitals:       12 (   1   2   2   0   3   2   2   0 )
 Number of external orbitals:     240 (  43  29  29  19  43  29  29  19 )

 State symmetry 1

 Number of electrons:    12    Spin symmetry=Singlet   Space symmetry=1
 Number of states:        3
 Number of CSFs:      28784   (107016 determinants, 853776 intermediate states)

 State symmetry 2

 Number of electrons:    12    Spin symmetry=Singlet   Space symmetry=4
 Number of states:        2
 Number of CSFs:      28224   (106624 determinants, 853776 intermediate states)

 Iteration controls:
             1  2  3  4  5  6  7  8  9 10 11 12 13 14 15 16 17 18 19 20 21 22 23 24 25 26 27 28 29 30 31 32 33 34 35 36 37 38 39
 DIAGCI      T  T  T  T  T  T  T  T  T  T  T  T  T  T  T  T  T  T  T  T  T  T  T  T  T  T  T  T  T  T  T  T  T  T  T  T  T  T  T
 WERNER      T  T  T  T  T  T  T  T  T  T  T  T  T  T  T  T  T  T  T  T  T  T  T  T  T  T  T  T  T  T  T  T  T  T  T  T  T  T  T
 INTERNAL    F  T  T  T  T  T  T  T  T  T  T  T  T  T  T  T  T  T  T  T  T  T  T  T  T  T  T  T  T  T  T  T  T  T  T  T  T  T  T

 Molecular orbitals read from record     2140.2  Type=MCSCF/NATURAL (state averaged)

 EXTRA SYMMETRY OF MOS IN SYMMETRY 1:   1 1 1 1 1 2 1 1 1 2   2 1 1 3 1 1 2 2 1 1   2 1 1 3 2 3 1 2 1 2   1 2 1 1 3 2 1 1 1 3
                                        2 2 2 1 1 1
 EXTRA SYMMETRY OF MOS IN SYMMETRY 2:   1 1 1 1 1 2 1 1 2 1   1 2 1 1 3 2 1 2 1 2   1 1 2 3 1 1 1 2 2 1   1
 EXTRA SYMMETRY OF MOS IN SYMMETRY 3:   1 1 1 1 1 2 1 1 2 1   1 2 1 1 3 2 1 2 1 2   1 1 2 3 1 1 1 2 2 1   1
 EXTRA SYMMETRY OF MOS IN SYMMETRY 4:   1 1 1 2 1 1 1 2 1 2   1 1 1 2 1 2 1 1 1
 EXTRA SYMMETRY OF MOS IN SYMMETRY 5:   1 1 1 1 1 2 1 1 2 1   1 2 1 1 1 3 2 2 1 1   2 1 2 1 3 1 2 3 1 2   1 1 2 1 2 3 1 3 1 2
                                        1 1 2 2 1 1
 EXTRA SYMMETRY OF MOS IN SYMMETRY 6:   1 1 1 1 2 1 1 1 2 1   1 2 1 1 3 1 2 2 1 2   1 1 3 1 1 2 2 2 1 1   1
 EXTRA SYMMETRY OF MOS IN SYMMETRY 7:   1 1 1 1 2 1 1 1 2 1   1 2 1 1 3 1 2 2 1 2   1 1 3 1 1 2 2 2 1 1   1
 EXTRA SYMMETRY OF MOS IN SYMMETRY 8:   1 1 1 2 1 1 1 1 2 1   2 1 1 1 2 2 1 1 1

 Wavefunction dump at record             2140.2

 Convergence thresholds  0.10E-01 (gradient)  0.10E-05 (energy)  0.10E-02 (step length)

 Weight factors for state symmetry  1:    0.20000   0.20000   0.20000
 Weight factors for state symmetry  2:    0.20000   0.20000

 Number of orbital rotations:      492   (     2 Core/Active     86 Core/Virtual   0 Active/Active    404 Active/Virtual)
 Total number of variables:     534788


 ITER. MIC  NCI  NEG     ENERGY(VAR)     ENERGY(PROJ)   ENERGY CHANGE     GRAD(0)  GRAD(ORB)   GRAD(CI)     STEP       TIME

   1   45   47    0    -149.43969217    -149.43984115   -0.00014898    0.03934349 0.00000000 0.00036338  0.21D-01      9.41
   2   24   35    0    -149.43984106    -149.43984107   -0.00000001    0.00004593 0.00000261 0.00006612  0.16D-02     16.81
   3   25   27    0    -149.43984107    -149.43984107   -0.00000000    0.00000165 0.00000038 0.00001973  0.10D-03     22.93

 ** WVFN ****  CONVERGENCE REACHED, FINAL GRADIENT:  0.44D-06



 Results for state 1.1
 =====================

 !MCSCF STATE 1.1 Energy             -149.549551214940
 Nuclear energy                        36.41649624
 Kinetic energy                       152.05694433
 One electron energy                 -277.52848479
 Two electron energy                   91.56243734
 Virial ratio                           1.98351017

 !MCSCF STATE 1.1 Dipole moment         0.00000000     0.00000000     0.00000000
 Dipole moment /Debye                   0.00000000     0.00000000     0.00000000

 Results for state 2.1
 =====================

 !MCSCF STATE 2.1 Energy             -149.513099661501
 Nuclear energy                        36.41649624
 Kinetic energy                       152.26284800
 One electron energy                 -277.69113276
 Two electron energy                   91.76153687
 Virial ratio                           1.98194078

 !MCSCF STATE 2.1 Dipole moment         0.00000000     0.00000000     0.00000000
 Dipole moment /Debye                   0.00000000     0.00000000     0.00000000

 Results for state 3.1
 =====================

 !MCSCF STATE 3.1 Energy             -149.289071656944
 Nuclear energy                        36.41649624
 Kinetic energy                       150.39552647
 One electron energy                 -271.66276054
 Two electron energy                   85.95719265
 Virial ratio                           1.99264303

 !MCSCF STATE 3.1 Dipole moment         0.00000000     0.00000000     0.00000000
 Dipole moment /Debye                   0.00000000     0.00000000     0.00000000



 Results for state 1.4
 =====================

 !MCSCF STATE 1.4 Energy             -149.545556218655
 Nuclear energy                        36.41649624
 Kinetic energy                       152.15470049
 One electron energy                 -277.64219832
 Two electron energy                   91.68014586
 Virial ratio                           1.98285203

 !MCSCF STATE 1.4 Dipole moment         0.00000000     0.00000000     0.00000000
 Dipole moment /Debye                   0.00000000     0.00000000     0.00000000

 Results for state 2.4
 =====================

 !MCSCF STATE 2.4 Energy             -149.301926611644
 Nuclear energy                        36.41649624
 Kinetic energy                       150.40137564
 One electron energy                 -271.47253517
 Two electron energy                   85.75411233
 Virial ratio                           1.99268990

 !MCSCF STATE 2.4 Dipole moment         0.00000000     0.00000000     0.00000000
 Dipole moment /Debye                   0.00000000     0.00000000     0.00000000

 State-averaged charge density matrix saved on record  2140.2 (density set 1)

 !MCSCF expec        <1.1|QMXX|1.1>    -0.255279939136
 !MCSCF trans        <2.1|QMXX|1.1>    -1.051558780413
 !MCSCF expec        <2.1|QMXX|2.1>     1.350575163276
 !MCSCF trans        <3.1|QMXX|1.1>    -0.893633703824
 !MCSCF trans        <3.1|QMXX|2.1>     2.250684198088
 !MCSCF expec        <3.1|QMXX|3.1>    12.522485602360
 !MCSCF expec        <1.4|QMXX|1.4>     0.481709296183
 !MCSCF trans        <2.4|QMXX|1.4>     1.526041180676
 !MCSCF expec        <2.4|QMXX|2.4>    11.858590986778

 !MCSCF expec        <1.1|QMYY|1.1>     1.208138795971
 !MCSCF trans        <2.1|QMYY|1.1>     1.058727949549
 !MCSCF expec        <2.1|QMYY|2.1>    -0.344346235897
 !MCSCF trans        <3.1|QMYY|1.1>     0.447127176642
 !MCSCF trans        <3.1|QMYY|2.1>    -1.207848638679
 !MCSCF expec        <3.1|QMYY|3.1>    -6.677037140970
 !MCSCF expec        <1.4|QMYY|1.4>     0.471184840711
 !MCSCF trans        <2.4|QMYY|1.4>    -0.847508064395
 !MCSCF expec        <2.4|QMYY|2.4>    -5.869893888671

 !MCSCF expec        <1.1|QMZZ|1.1>    -0.952858856834
 !MCSCF trans        <2.1|QMZZ|1.1>    -0.007169169137
 !MCSCF expec        <2.1|QMZZ|2.1>    -1.006228927379
 !MCSCF trans        <3.1|QMZZ|1.1>     0.446506527182
 !MCSCF trans        <3.1|QMZZ|2.1>    -1.042835559410
 !MCSCF expec        <3.1|QMZZ|3.1>    -5.845448461390
 !MCSCF expec        <1.4|QMZZ|1.4>    -0.952894136894
 !MCSCF trans        <2.4|QMZZ|1.4>    -0.678533116281
 !MCSCF expec        <2.4|QMZZ|2.4>    -5.988697098107

 !MCSCF trans        <1.4|QMXY|1.1>    -0.375785793757
 !MCSCF trans        <1.4|QMXY|2.1>    -1.199565101515
 !MCSCF trans        <1.4|QMXY|3.1>    -0.605981827252
 !MCSCF trans        <2.4|QMXY|1.1>    -0.850614645788
 !MCSCF trans        <2.4|QMXY|2.1>    -0.413585961913
 !MCSCF trans        <2.4|QMXY|3.1>    -0.338313057187

 !MCSCF expec        <1.1|QMRR|1.1>   -21.956332443203
 !MCSCF trans        <2.1|QMRR|1.1>     0.053044246212
 !MCSCF expec        <2.1|QMRR|2.1>   -22.467205470032
 !MCSCF trans        <3.1|QMRR|1.1>     3.250272658997
 !MCSCF trans        <3.1|QMRR|2.1>    -7.696666237374
 !MCSCF expec        <3.1|QMRR|3.1>   -59.678833175756
 !MCSCF expec        <1.4|QMRR|1.4>   -22.008852449064
 !MCSCF trans        <2.4|QMRR|1.4>    -5.019744343942
 !MCSCF expec        <2.4|QMRR|2.4>   -60.791313205683


 Natural orbital dump (state averaged) at molpro section  2140.2    (Orbital set 2)


 CI vector for state symmetry 1
 ==============================

 2 20 20 220 20 00        0.8718019   0.4423599  -0.0157299
 2 20 20 220 00 20       -0.4436994   0.8555069  -0.1872780
 2 20 20 220 00 ab       -0.0493398   0.1220205   0.6768743
 2 20 20 220 00 ba        0.0493398  -0.1220205  -0.6768743
 2 00 20 220 20 20        0.0410358  -0.1053327   0.0214922
 2 20 00 220 20 20       -0.1008457  -0.0635790   0.0039166
 2 00 20 220 20 ab        0.0065241  -0.0139106  -0.0774081
 2 00 20 220 20 ba       -0.0065241   0.0139106   0.0774081
 2 20 20 200 20 20       -0.0242363  -0.0705256   0.0107382
 2 b0 a0 220 a0 2b       -0.0057693   0.0132812   0.0550639
 2 a0 b0 220 b0 2a       -0.0057693   0.0132812   0.0550639

 TOTAL ENERGIES                      -149.54955121  -149.51309966  -149.28907166

 CI vector for state symmetry 2
 ==============================

 2 20 20 220 b0 a0       -0.6899627   0.0794971
 2 20 20 220 a0 b0        0.6899627  -0.0794971
 2 20 20 220 a0 0b        0.0785029   0.6824260
 2 20 20 220 b0 0a       -0.0785029  -0.6824260
 2 20 00 220 a0 2b       -0.0129109  -0.0785068
 2 20 00 220 b0 2a        0.0129109   0.0785068
 2 b0 a0 220 20 20        0.0743743  -0.0086322
 2 a0 b0 220 20 20       -0.0743743   0.0086322
 2 20 20 220 0a 0b       -0.0118643  -0.0567340
 2 20 20 220 0b 0a        0.0118643   0.0567340
 2 a0 b0 220 20 ab       -0.0059379  -0.0559378
 2 b0 a0 220 20 ba       -0.0059379  -0.0559378

 TOTAL ENERGIES                      -149.54555622  -149.30192661



 **********************************************************************************************************************************
 DATASETS  * FILE   NREC   LENGTH (MB)   RECORD NAMES
              1      20      319.70       500      701      610      900      950      970     1000      129      960     1100   
                                          VAR     GEOM    BASINP   SYMINP    ZMAT    AOBASIS   BASIS     P2S    ABASIS      S 
                                         1400     1410     1200     1210     1080     1600     1650     1300     1700     1380   
                                           T        V       H0       H01     AOSYM     SMH    MOLCAS    ERIS     OPER     JKOP   

              2      13      947.27       500      610      700     1000      520     2100     2140      701     2140(1)  7100   
                                          VAR    BASINP    GEOM     BASIS   MCVARS     RHF     MCSCF    GEOM     MCSCF    MRCI   
                                         8100     5100     6100   
                                         MRCI     MRCI     MRCI   

 PROGRAMS   *        TOTAL     MULTI       INT        CI        CI        CI     MULTI       INT   RESTART
 CPU TIMES  *      3842.28     29.19     22.71     27.27    975.68   2752.57     11.90     22.71      0.17
 REAL TIME  *      3915.92 SEC
 DISK USED  *         3.07 GB      
 **********************************************************************************************************************************

1PROGRAM * CI (Multireference internally contracted CI)     Authors: H.-J. Werner, P.J. Knowles, 1987


 Convergence thresholds:  THRVAR = 1.00D-08  THRDEN = 1.00D-06

 Number of optimized states:  2  Roots:   1   2
 Number of reference states:  2  Roots:   1   2

 Program parameters:       NSTATE=  2    NSTATI=  3    NSTATR=  2    NCEPA = -1    NOKOP =  0    ITRDM =  0    ITRANS=  0
                           IDIP  =200    MAXIT =250    MAXITI=250    MAXDAV=  6    MAXVI =  9    NOSING=  0    NOPAIR=  0
                           MXSHRF=  9    IKCPS =  0    IOPTGM=  2    IOPTOR=  0    REFOPT=  1    IAVDEN=  0    IDELCG=  1
                           IREST =  0    NATORB=  0    IPUNRF=  0    ISEP  =  0    OLDDEN=  0    NSTPRI=  1    GPSFLI= -1
                           CLUSTE=  0    CLOSED=  1    ILSTYP=  0    ITRLS =  0    ICCSD =  0    LOCAL =  0    IBASO =  0
                           MP    =  0    ITEDIS=  2    INCDIS=  1    MAXDIS=  6    ITYDIS=  1    BRUECK=  0    IBRSTR=  3
                           INCBRK=  1    TRIPLE=  0    ICCTYP=  1    IHPPD =  0    ICCNEW=  0    I3EXT = -1    IDEB  =  0
                           IDLEIG=  1    IDFTYP=  1    IMP3  =  0    IPROCS=  0    NOINT =  0    NOREF =  1    IMP2G =  0
                           IHINT =  0    IFDIA =  0    ISPARO=  1    JKSYM =  0    CPHF  =  0    MP2D  = -1    DKINT =  0
                           NPKEX =  1    DRVK  =  1    HLSTRA=  1    WIGNER=  1    DIIS_C=  1    MAXIT_= 50    MATEL =  0
                           SPDEG =  1    MEMCPH=  0    DISM  =  1    KDCPMA=  5    IKDCP_=  0    IREDTH=  0    USECS =  0
                           IPROCC=  0    I3SAVE=  1    IKDCP =  1    USECI =  0    OLDPAI=  0    IPROCI=  0    KEEPCL=  1
                           DISCON=  0    SHIFTE=  0    DIISIN=  0    MOLCAS=  0    MEM_PT=  0    RECORD=  0    RS2C  =  0
                           KEXT  = -1    CIPT2 =  0    DECP0S=  0    I4EXT = -1    NATCOR=  0    RIMP2 =  0    DDCI  = -1

 Reference symmetry:                   1   Singlet 
 Number of electrons:                 16
 Maximum number of shells:             7
 Maximum number of spin couplings:   132

 Reference space:     9608 conf    28784 CSFs
 N elec internal:    73789 conf   226512 CSFs
 N-1 el internal:    69576 conf   339768 CSFs
 N-2 el internal:    58182 conf   452544 CSFs

 Number of electrons in valence space:                     12
 Maximum number of open shell orbitals in reference space: 10
 Maximum number of open shell orbitals in internal spaces: 12


 Number of core orbitals:           2 (   2   0   0   0   0   0   0   0 )
 Number of active  orbitals:       12 (   1   2   2   0   3   2   2   0 )
 Number of external orbitals:     240 (  43  29  29  19  43  29  29  19 )

 Molecular orbitals read from record     2140.2  Type=MCSCF/NATURAL (state averaged)

 Coulomb and exchange operators available. No transformation done.

 Number of p-space configurations:   3

 Reference wavefunction optimized for reference space (refopt=1)

 State     Reference Energy 
   1        -149.54955121
   2        -149.51309966
   3        -149.28907166

 Number of blocks in overlap matrix:    16   Smallest eigenvalue:  0.15D-04
 Number of N-2 electron functions:     288
 Number of N-1 electron functions:  339768

 Number of internal configurations:                28784
 Number of singly external configurations:      10197000
 Number of doubly external configurations:       1049024
 Total number of contracted configurations:     11274808
 Total number of uncontracted configurations: 1637811384

 Diagonal Coupling coefficients finished.               Storage:21559646 words, CPU-Time:     33.74 seconds.
 Energy denominators for pairs finished in 1 passes.    Storage: 1011457 words, CPU-time:      0.02 seconds.

  ITER. STATE  ROOT     SQ.NORM     CORR.ENERGY   TOTAL ENERGY   ENERGY CHANGE       DEN1      VAR(S)    VAR(P)      TIME
    1     1     1     1.00000000     0.00000000  -149.54955121     0.00000000    -0.28329015  0.27D-01  0.16D-01    47.21
    1     2     2     1.00000000     0.00000000  -149.51309966     0.00000000    -0.29074946  0.29D-01  0.18D-01    47.21
    2     1     1     1.04187021    -0.27766391  -149.82721512    -0.27766391    -0.01136909  0.11D-02  0.80D-03   293.78
    2     2     2     1.04282460    -0.28271388  -149.79581355    -0.28271388    -0.01187373  0.12D-02  0.87D-03   293.78
    3     1     1     1.04376918    -0.28871013  -149.83826135    -0.01104623    -0.00112041  0.12D-03  0.75D-04   539.22
    3     2     2     1.04479720    -0.29434776  -149.80744743    -0.01163388    -0.00132877  0.15D-03  0.93D-04   539.22
    4     1     1     1.04576731    -0.28985996  -149.83941117    -0.00114982    -0.00015144  0.15D-04  0.11D-04   786.61
    4     2     2     1.04726532    -0.29575080  -149.80885046    -0.00140304    -0.00021091  0.20D-04  0.16D-04   786.61
    5     1     1     1.04648391    -0.29002466  -149.83957588    -0.00016471    -0.00002484  0.21D-05  0.20D-05  1033.62
    5     2     2     1.04821006    -0.29599116  -149.80909083    -0.00024036    -0.00004205  0.35D-05  0.36D-05  1033.62
    6     1     1     1.04653551    -0.29005295  -149.83960416    -0.00002828    -0.00000553  0.55D-06  0.43D-06  1280.69
    6     2     2     1.04829328    -0.29604109  -149.80914076    -0.00004993    -0.00001128  0.11D-05  0.94D-06  1280.69
    7     1     1     1.04658690    -0.29005905  -149.83961026    -0.00000610    -0.00000157  0.17D-06  0.11D-06  1526.56
    7     2     2     1.04838775    -0.29605376  -149.80915342    -0.00001266    -0.00000371  0.39D-06  0.29D-06  1526.56
    8     1     1     1.04661823    -0.29006073  -149.83961195    -0.00000169    -0.00000051  0.51D-07  0.37D-07  1773.03
    8     2     2     1.04844286    -0.29605774  -149.80915740    -0.00000398    -0.00000132  0.13D-06  0.11D-06  1773.03
    9     1     1     1.04662660    -0.29006129  -149.83961250    -0.00000055    -0.00000017  0.20D-07  0.13D-07  2018.48
    9     2     2     1.04846052    -0.29605921  -149.80915887    -0.00000147    -0.00000050  0.50D-07  0.43D-07  2018.48
   10     1     1     1.04663050    -0.29006148  -149.83961269    -0.00000019    -0.00000007  0.85D-08  0.46D-08  2264.10
   10     2     2     1.04847157    -0.29605977  -149.80915943    -0.00000056    -0.00000021  0.24D-07  0.17D-07  2264.10
   11     1     1     1.04663217    -0.29006155  -149.83961277    -0.00000007    -0.00000003  0.30D-08  0.19D-08  2510.31
   11     2     2     1.04847708    -0.29606000  -149.80915966    -0.00000023    -0.00000009  0.94D-08  0.75D-08  2510.31
   12     1     1     1.04663216    -0.29006155  -149.83961277    -0.00000000    -0.00000003  0.30D-08  0.19D-08  2713.49
   12     2     2     1.04849006    -0.29606016  -149.80915982    -0.00000017    -0.00000001  0.13D-08  0.86D-09  2713.49


 =====================================
 Analysis of CPU times by interactions
 =====================================

       I      S      P

 I   1.0%
 S   1.0%  18.9%
 P   2.5%  62.8%  11.2%

 Initialization:   1.4%
 Other:            1.2%

 Total CPU:     2713.5 seconds
 =====================================



 Wavefunction saved on  5100.2

 Reference coefficients greater than 0.0500000
 =============================================
 220202202000           0.7158822   0.6385222
 220202200020          -0.6356939   0.7012458
 2202022000/\          -0.0909492   0.1230545
 200202202020           0.0616595  -0.0862764
 220002202020          -0.0742275  -0.0817413
 220202002020          -0.0047075  -0.0668382

 Coefficients of fixed reference functions:
 ==========================================

 State      Coefficients
   1         0.945268   -0.247650
   2         0.251606    0.943212

 Coefficients of rotated reference functions:
 ============================================

 State      Coefficients
   1         0.977168    0.002175
   2         0.002175    0.976191



 RESULTS FOR STATE 1.1
 =====================

 Coefficient of reference function:   C(0) = 0.94526791 (fixed)   0.97746893 (relaxed)   0.97716783 (rotated)

 Energy contributions of configuration classes

 CLASS          SQ.NORM        ECORR1        ECORR2
 +++++++++++++++++++++++++++++++++++++++++++++++++++
 Internals    0.06929146    0.00000000   -0.01795890
 Singles      0.02577314   -0.10140760   -0.09729117
 Pairs        0.02409023   -0.18865395   -0.17481148
 Total        1.11915483   -0.29006155   -0.29006155
 +++++++++++++++++++++++++++++++++++++++++++++++++++


 Reference energy                    -149.54955121
 Nuclear energy                        36.41649624
 Kinetic energy                       152.14059133
 One electron energy                 -277.08515885
 Two electron energy                   90.82904985
 Virial quotient                       -0.98487597
 Correlation energy                    -0.29006155
 !MRCI STATE 1.1 Energy              -149.839612765541

 Properties without orbital relaxation:

 !MRCI STATE 1.1 Dipole moment          0.00000000     0.00000000     0.00000000
 Dipole moment /Debye                   0.00000000     0.00000000     0.00000000

 Cluster corrected energies          -149.87417500 (Davidson, fixed reference)
 Cluster corrected energies          -149.85313896 (Davidson, relaxed reference)
 Cluster corrected energies          -149.85332608 (Davidson, rotated reference)

 Cluster corrected energies          -149.87082751 (Pople, fixed reference)
 Cluster corrected energies          -149.85124252 (Pople, relaxed reference)
 Cluster corrected energies          -149.85140853 (Pople, rotated reference)


 Cluster corrections using rotated reference energy:

 Reference energy (rotated)          -149.54717000
 MRCI Correlation energy               -0.29244276

 Cluster corrected energies          -149.85325000 (Davidson, relaxed reference)
 Cluster corrected energies          -149.85343866 (Davidson, rotated reference)

 Cluster corrected energies          -149.85133799 (Pople, relaxed reference)
 Cluster corrected energies          -149.85150537 (Pople, rotated reference)

 

 !MRCI expec         <1.1|QMXX|1.1>     0.398380951869
 !MRCI expec         <1.1|QMYY|1.1>     0.651654738324
 !MRCI expec         <1.1|QMZZ|1.1>    -1.050035690193
 !MRCI expec         <1.1|QMRR|1.1>   -22.322346249025



 RESULTS FOR STATE 2.1
 =====================

 Coefficient of reference function:   C(0) = 0.94321164 (fixed)   0.97660252 (relaxed)   0.97619116 (rotated)

 Energy contributions of configuration classes

 CLASS          SQ.NORM        ECORR1        ECORR2
 +++++++++++++++++++++++++++++++++++++++++++++++++++
 Internals    0.07205577   -0.00000000   -0.01897873
 Singles      0.02598467   -0.09615488   -0.09238705
 Pairs        0.02599938   -0.19990528   -0.18469439
 Total        1.12403982   -0.29606016   -0.29606016
 +++++++++++++++++++++++++++++++++++++++++++++++++++


 Reference energy                    -149.51309966
 Nuclear energy                        36.41649624
 Kinetic energy                       152.10707377
 One electron energy                 -276.97164146
 Two electron energy                   90.74598541
 Virial quotient                       -0.98489279
 Correlation energy                    -0.29606016
 !MRCI STATE 2.1 Energy              -149.809159824499

 Properties without orbital relaxation:

 !MRCI STATE 2.1 Dipole moment          0.00000000     0.00000000     0.00000000
 Dipole moment /Debye                   0.00000000     0.00000000     0.00000000

 Cluster corrected energies          -149.84588307 (Davidson, fixed reference)
 Cluster corrected energies          -149.82351580 (Davidson, relaxed reference)
 Cluster corrected energies          -149.82377747 (Davidson, rotated reference)

 Cluster corrected energies          -149.84243700 (Pople, fixed reference)
 Cluster corrected energies          -149.82151848 (Pople, relaxed reference)
 Cluster corrected energies          -149.82175125 (Pople, rotated reference)


 Cluster corrections using rotated reference energy:

 Reference energy (rotated)          -149.51548087
 MRCI Correlation energy               -0.29367895

 Cluster corrected energies          -149.82340033 (Davidson, relaxed reference)
 Cluster corrected energies          -149.82365990 (Davidson, rotated reference)

 Cluster corrected energies          -149.82141908 (Pople, relaxed reference)
 Cluster corrected energies          -149.82164997 (Pople, rotated reference)

 

 !MRCI expec         <2.1|QMXX|2.1>     0.722124308085
 !MRCI expec         <2.1|QMYY|2.1>     0.392445709078
 !MRCI expec         <2.1|QMZZ|2.1>    -1.114570017162
 !MRCI expec         <2.1|QMRR|2.1>   -22.658988462098


 !MRCI trans         <2.1|QMXX|1.1>    -1.269512718533
 !MRCI trans         <2.1|QMYY|1.1>     1.266387149341
 !MRCI trans         <2.1|QMZZ|1.1>     0.003125569192
 !MRCI trans         <2.1|QMRR|1.1>     0.056510322295


 **********************************************************************************************************************************
 DATASETS  * FILE   NREC   LENGTH (MB)   RECORD NAMES
              1      20      319.70       500      701      610      900      950      970     1000      129      960     1100   
                                          VAR     GEOM    BASINP   SYMINP    ZMAT    AOBASIS   BASIS     P2S    ABASIS      S 
                                         1400     1410     1200     1210     1080     1600     1650     1300     1700     1380   
                                           T        V       H0       H01     AOSYM     SMH    MOLCAS    ERIS     OPER     JKOP   

              2      13      947.27       500      610      700     1000      520     2100     2140      701     2140(1)  7100   
                                          VAR    BASINP    GEOM     BASIS   MCVARS     RHF     MCSCF    GEOM     MCSCF    MRCI   
                                         8100     5100     6100   
                                         MRCI     MRCI     MRCI   

 PROGRAMS   *        TOTAL        CI     MULTI       INT        CI        CI        CI     MULTI       INT   RESTART
 CPU TIMES  *      6597.63   2755.35     29.19     22.71     27.27    975.68   2752.57     11.90     22.71      0.17
 REAL TIME  *      6698.69 SEC
 DISK USED  *         3.32 GB      
 **********************************************************************************************************************************

1PROGRAM * CI (Multireference internally contracted CI)     Authors: H.-J. Werner, P.J. Knowles, 1987


 Convergence thresholds:  THRVAR = 1.00D-08  THRDEN = 1.00D-06

 Number of optimized states:  1  Roots:   1
 Number of reference states:  1  Roots:   1

 Program parameters:       NSTATE=  1    NSTATI=  2    NSTATR=  1    NCEPA = -1    NOKOP =  0    ITRDM =  0    ITRANS=  0
                           IDIP  =200    MAXIT =250    MAXITI=250    MAXDAV=  4    MAXVI =  6    NOSING=  0    NOPAIR=  0
                           MXSHRF=  9    IKCPS =  0    IOPTGM=  2    IOPTOR=  0    REFOPT=  1    IAVDEN=  0    IDELCG=  1
                           IREST =  0    NATORB=  0    IPUNRF=  0    ISEP  =  0    OLDDEN=  0    NSTPRI=  1    GPSFLI= -1
                           CLUSTE=  0    CLOSED=  1    ILSTYP=  0    ITRLS =  0    ICCSD =  0    LOCAL =  0    IBASO =  0
                           MP    =  0    ITEDIS=  2    INCDIS=  1    MAXDIS=  6    ITYDIS=  1    BRUECK=  0    IBRSTR=  3
                           INCBRK=  1    TRIPLE=  0    ICCTYP=  1    IHPPD =  0    ICCNEW=  0    I3EXT = -1    IDEB  =  0
                           IDLEIG=  1    IDFTYP=  1    IMP3  =  0    IPROCS=  0    NOINT =  0    NOREF =  1    IMP2G =  0
                           IHINT =  0    IFDIA =  0    ISPARO=  1    JKSYM =  0    CPHF  =  0    MP2D  = -1    DKINT =  0
                           NPKEX =  1    DRVK  =  1    HLSTRA=  1    WIGNER=  1    DIIS_C=  1    MAXIT_= 50    MATEL =  0
                           SPDEG =  1    MEMCPH=  0    DISM  =  1    KDCPMA=  5    IKDCP_=  0    IREDTH=  0    USECS =  0
                           IPROCC=  0    I3SAVE=  1    IKDCP =  1    USECI =  0    OLDPAI=  0    IPROCI=  0    KEEPCL=  1
                           DISCON=  0    SHIFTE=  0    DIISIN=  0    MOLCAS=  0    MEM_PT=  0    RECORD=  0    RS2C  =  0
                           KEXT  = -1    CIPT2 =  0    DECP0S=  0    I4EXT = -1    NATCOR=  0    RIMP2 =  0    DDCI  = -1

 Reference symmetry:                   4   Singlet 
 Number of electrons:                 16
 Maximum number of shells:             7
 Maximum number of spin couplings:   132

 Reference space:     9136 conf    28224 CSFs
 N elec internal:    73789 conf   226512 CSFs
 N-1 el internal:    69576 conf   339768 CSFs
 N-2 el internal:    57950 conf   452232 CSFs

 Number of electrons in valence space:                     12
 Maximum number of open shell orbitals in reference space: 10
 Maximum number of open shell orbitals in internal spaces: 12


 Number of core orbitals:           2 (   2   0   0   0   0   0   0   0 )
 Number of active  orbitals:       12 (   1   2   2   0   3   2   2   0 )
 Number of external orbitals:     240 (  43  29  29  19  43  29  29  19 )

 Molecular orbitals read from record     2140.2  Type=MCSCF/NATURAL (state averaged)

 Coulomb and exchange operators available. No transformation done.

 Number of p-space configurations:   2

 Reference wavefunction optimized for reference space (refopt=1)

 State     Reference Energy 
   1        -149.54555622
   2        -149.30192661

 Number of blocks in overlap matrix:    16   Smallest eigenvalue:  0.22D-02
 Number of N-2 electron functions:     144
 Number of N-1 electron functions:  339768

 Number of internal configurations:                28224
 Number of singly external configurations:      10188360
 Number of doubly external configurations:        524512
 Total number of contracted configurations:     10741096
 Total number of uncontracted configurations: 1636528232

 Diagonal Coupling coefficients finished.               Storage:15219669 words, CPU-Time:     12.72 seconds.
 Energy denominators for pairs finished in 1 passes.    Storage: 1043000 words, CPU-time:      0.01 seconds.

  ITER. STATE  ROOT     SQ.NORM     CORR.ENERGY   TOTAL ENERGY   ENERGY CHANGE       DEN1      VAR(S)    VAR(P)      TIME
    1     1     1     1.00000000     0.00000000  -149.54555622     0.00000000    -0.29376287  0.29D-01  0.18D-01    20.73
    2     1     1     1.04256220    -0.28241439  -149.82797061    -0.28241439    -0.01054610  0.11D-02  0.76D-03   140.47
    3     1     1     1.04433553    -0.29244608  -149.83800230    -0.01003169    -0.00097253  0.11D-03  0.66D-04   258.13
    4     1     1     1.04624454    -0.29342654  -149.83898275    -0.00098046    -0.00011786  0.14D-04  0.81D-05   375.78
    5     1     1     1.04695145    -0.29355212  -149.83910834    -0.00012558    -0.00001546  0.15D-05  0.12D-05   493.66
    6     1     1     1.04704890    -0.29356938  -149.83912560    -0.00001726    -0.00000248  0.27D-06  0.19D-06   611.24
    7     1     1     1.04705101    -0.29357220  -149.83912842    -0.00000282    -0.00000047  0.53D-07  0.41D-07   730.46
    8     1     1     1.04706153    -0.29357276  -149.83912898    -0.00000056    -0.00000012  0.15D-07  0.92D-08   848.16
    9     1     1     1.04706719    -0.29357291  -149.83912912    -0.00000014    -0.00000003  0.35D-08  0.25D-08   965.00


 =====================================
 Analysis of CPU times by interactions
 =====================================

       I      S      P

 I   1.5%
 S   1.6%  22.8%
 P   2.3%  61.8%   7.3%

 Initialization:   1.6%
 Other:            1.0%

 Total CPU:      965.0 seconds
 =====================================



 Wavefunction saved on  6100.2

 Reference coefficients greater than 0.0500000
 =============================================
 22020220/0\0           0.9571501
 2/0\02202020          -0.0964312
 22020220/00\           0.0938572



 RESULTS FOR STATE 1.4
 =====================

 Coefficient of reference function:   C(0) = 0.97699003 (fixed)   0.97726585 (relaxed)

 Energy contributions of configuration classes

 CLASS          SQ.NORM        ECORR1        ECORR2
 +++++++++++++++++++++++++++++++++++++++++++++++++++
 Internals    0.00056471    0.00000001   -0.00015824
 Singles      0.02472668   -0.10305937   -0.10529898
 Pairs        0.02236709   -0.19051355   -0.18811569
 Total        1.04765848   -0.29357291   -0.29357291
 +++++++++++++++++++++++++++++++++++++++++++++++++++


 Reference energy                    -149.54555622
 Nuclear energy                        36.41649624
 Kinetic energy                       152.14016874
 One electron energy                 -277.08807599
 Two electron energy                   90.83245063
 Virial quotient                       -0.98487553
 Correlation energy                    -0.29357291
 !MRCI STATE 1.4 Energy              -149.839129124273

 Properties without orbital relaxation:

 !MRCI STATE 1.4 Dipole moment          0.00000000     0.00000000     0.00000000
 Dipole moment /Debye                   0.00000000     0.00000000     0.00000000

 Cluster corrected energies          -149.85312036 (Davidson, fixed reference)
 Cluster corrected energies          -149.85294678 (Davidson, relaxed reference)

 Cluster corrected energies          -149.85116704 (Pople, fixed reference)
 Cluster corrected energies          -149.85101295 (Pople, relaxed reference)

 

 !MRCI expec         <1.4|QMXX|1.4>     0.524569472312
 !MRCI expec         <1.4|QMYY|1.4>     0.524342168993
 !MRCI expec         <1.4|QMZZ|1.4>    -1.048911641305
 !MRCI expec         <1.4|QMRR|1.4>   -22.319286338904


 **********************************************************************************************************************************
 DATASETS  * FILE   NREC   LENGTH (MB)   RECORD NAMES
              1      20      319.70       500      701      610      900      950      970     1000      129      960     1100   
                                          VAR     GEOM    BASINP   SYMINP    ZMAT    AOBASIS   BASIS     P2S    ABASIS      S 
                                         1400     1410     1200     1210     1080     1600     1650     1300     1700     1380   
                                           T        V       H0       H01     AOSYM     SMH    MOLCAS    ERIS     OPER     JKOP   

              2      13      947.27       500      610      700     1000      520     2100     2140      701     2140(1)  7100   
                                          VAR    BASINP    GEOM     BASIS   MCVARS     RHF     MCSCF    GEOM     MCSCF    MRCI   
                                         8100     5100     6100   
                                         MRCI     MRCI     MRCI   

 PROGRAMS   *        TOTAL        CI        CI     MULTI       INT        CI        CI        CI     MULTI       INT   RESTART
 CPU TIMES  *      7573.29    975.65   2755.35     29.19     22.71     27.27    975.68   2752.57     11.90     22.71      0.17
 REAL TIME  *      7684.14 SEC
 DISK USED  *         3.32 GB      
 **********************************************************************************************************************************

1PROGRAM * CI (Multireference internally contracted CI)     Authors: H.-J. Werner, P.J. Knowles, 1987


   Transition moment calculation
   =============================


 Ket wavefunction restored from record 6100.2 to file 8
 Bra wavefunction restored from record 5100.2 to file 7



 !MRCI trans         <1.1|QMXY|1.4>    -0.063518536854


 !MRCI trans         <2.1|QMXY|1.4>    -1.267582507888


 **********************************************************************************************************************************
 DATASETS  * FILE   NREC   LENGTH (MB)   RECORD NAMES
              1      20      319.70       500      701      610      900      950      970     1000      129      960     1100   
                                          VAR     GEOM    BASINP   SYMINP    ZMAT    AOBASIS   BASIS     P2S    ABASIS      S 
                                         1400     1410     1200     1210     1080     1600     1650     1300     1700     1380   
                                           T        V       H0       H01     AOSYM     SMH    MOLCAS    ERIS     OPER     JKOP   

              2      13      947.27       500      610      700     1000      520     2100     2140      701     2140(1)  7100   
                                          VAR    BASINP    GEOM     BASIS   MCVARS     RHF     MCSCF    GEOM     MCSCF    MRCI   
                                         8100     5100     6100   
                                         MRCI     MRCI     MRCI   

 PROGRAMS   *        TOTAL        CI        CI        CI     MULTI       INT        CI        CI        CI     MULTI       INT
 CPU TIMES  *      7601.32     28.03    975.65   2755.35     29.19     22.71     27.27    975.68   2752.57     11.90     22.71
 REAL TIME  *      7712.79 SEC
 DISK USED  *         3.32 GB      
 **********************************************************************************************************************************

 DO I                   =         3.00000000   


 Using spherical harmonics

 Library entry O      S aug-cc-pV5Z          selected for orbital group  1
 Library entry O      P aug-cc-pV5Z          selected for orbital group  1
 Library entry O      D aug-cc-pV5Z          selected for orbital group  1
 Library entry O      F aug-cc-pV5Z          selected for orbital group  1
 Library entry O      G aug-cc-pV5Z          selected for orbital group  1
 Library entry O      H aug-cc-pV5Z          selected for orbital group  1

1PROGRAM * SEWARD (Integral evaluation for generally contracted gaussian basis sets)     Author: Roland Lindh, 1990

 Geometry written to block  1 of record 701

 Orientation using atomic masses  
 Molecule type: Linear
 Symmetry elements: X,Y,Z
 Rotational constants:      74.6393475     74.6393475      0.0000000 GHz  (calculated with average atomic masses)

 Point group  D2h 



 ATOMIC COORDINATES

 NR  ATOM    CHARGE       X              Y              Z

   1  O       8.00    0.000000000    0.000000000   -0.869274017
   2  O       8.00    0.000000000    0.000000000    0.869274017

 Bond lengths in Bohr (Angstrom)

 1-2  1.738548035
     ( 0.920000000)

 NUCLEAR CHARGE:                   16
 NUMBER OF PRIMITIVE AOS:         398
 NUMBER OF SYMMETRY AOS:          288
 NUMBER OF CONTRACTIONS:          254   (  46Ag  +  31B3u +  31B2u +  19B1g +  46B1u +  31B2g +  31B3g +  19Au  )
 NUMBER OF CORE ORBITALS:           2   (   1Ag  +   0B3u +   0B2u +   0B1g +   1B1u +   0B2g +   0B3g +   0Au  )
 NUMBER OF VALENCE ORBITALS:        8   (   2Ag  +   1B3u +   1B2u +   0B1g +   2B1u +   1B2g +   1B3g +   0Au  )


 NUCLEAR REPULSION ENERGY   36.81232772

 EXTRA SYMMETRY OF AOS IN SYMMETRY 1:   1 1 1 1 1 1 1 1 1 1   1 1 1 1 2 1 2 1 2 1   2 1 2 1 2 1 2 1 2 1   2 1 3 2 1 3 2 1 3 2
                                        2 3 1 2 3 1
 EXTRA SYMMETRY OF AOS IN SYMMETRY 2:   1 1 1 1 1 1 1 1 1 1   1 1 2 1 2 1 2 1 2 1   2 1 2 1 2 1 2 3 1 2   3
 EXTRA SYMMETRY OF AOS IN SYMMETRY 3:   1 1 1 1 1 1 1 1 1 1   1 1 2 1 2 1 2 1 2 1   2 1 2 1 2 1 2 3 1 2   3
 EXTRA SYMMETRY OF AOS IN SYMMETRY 4:   1 1 1 1 1 1 1 1 1 1   2 1 2 1 2 2 1 2 1
 EXTRA SYMMETRY OF AOS IN SYMMETRY 5:   1 1 1 1 1 1 1 1 1 1   1 1 1 1 2 1 2 1 2 1   2 1 2 1 2 1 2 1 2 1   2 1 3 2 1 3 2 1 3 2
                                        2 3 1 2 3 1
 EXTRA SYMMETRY OF AOS IN SYMMETRY 6:   1 1 1 1 1 1 1 1 1 1   1 1 2 1 2 1 2 1 2 1   2 1 2 1 2 1 2 3 1 2   3
 EXTRA SYMMETRY OF AOS IN SYMMETRY 7:   1 1 1 1 1 1 1 1 1 1   1 1 2 1 2 1 2 1 2 1   2 1 2 1 2 1 2 3 1 2   3
 EXTRA SYMMETRY OF AOS IN SYMMETRY 8:   1 1 1 1 1 1 1 1 1 1   2 1 2 1 2 2 1 2 1

 Eigenvalues of metric

         1 0.892E-04 0.256E-03 0.611E-03 0.174E-02 0.586E-02 0.232E-01 0.234E-01 0.274E-01
         2 0.905E-03 0.477E-02 0.988E-02 0.396E-01 0.564E-01 0.148E+00 0.155E+00 0.166E+00
         3 0.905E-03 0.477E-02 0.988E-02 0.396E-01 0.564E-01 0.148E+00 0.155E+00 0.166E+00
         4 0.234E-01 0.849E-01 0.898E-01 0.219E+00 0.295E+00 0.320E+00 0.463E+00 0.474E+00
         5 0.636E-05 0.584E-04 0.219E-03 0.552E-03 0.719E-03 0.834E-03 0.161E-02 0.478E-02
         6 0.287E-04 0.182E-03 0.113E-02 0.538E-02 0.125E-01 0.224E-01 0.267E-01 0.528E-01
         7 0.287E-04 0.182E-03 0.113E-02 0.538E-02 0.125E-01 0.224E-01 0.267E-01 0.528E-01
         8 0.719E-03 0.625E-02 0.250E-01 0.614E-01 0.160E+00 0.164E+00 0.197E+00 0.198E+00


 Contracted 2-electron integrals neglected if value below      1.0D-12
 AO integral compression algorithm  1   Integral accuracy      1.0D-12

     469.500 MB (compressed) written to integral file ( 51.4%)


 NUMBER OF SORTED TWO-ELECTRON INTEGRALS:   66838400.     BUFFER LENGTH:  32768
 NUMBER OF SEGMENTS:   5  SEGMENT LENGTH:   15999177      RECORD LENGTH: 524288

 Memory used in sort:      16.56 MW

 SORT1 READ   114264352. AND WROTE    47776361. INTEGRALS IN    139 RECORDS. CPU TIME:     2.81 SEC, REAL TIME:     3.17 SEC
 SORT2 READ    47776361. AND WROTE    66838400. INTEGRALS IN   1791 RECORDS. CPU TIME:     1.07 SEC, REAL TIME:     1.28 SEC

 FILE SIZES:   FILE 1:   490.1 MBYTE,  FILE 4:   583.0 MBYTE,   TOTAL:   1073.1 MBYTE

 OPERATOR DM      FOR CENTER  0  COORDINATES:    0.000000    0.000000    0.000000
 OPERATOR QM      FOR CENTER  0  COORDINATES:    0.000000    0.000000    0.000000


 **********************************************************************************************************************************
 DATASETS  * FILE   NREC   LENGTH (MB)   RECORD NAMES
              1      19      309.40       500      701      610      900      950      970     1000      129      960     1100   
                                          VAR     GEOM    BASINP   SYMINP    ZMAT    AOBASIS   BASIS     P2S    ABASIS      S 
                                         1400     1410     1200     1210     1080     1600     1650     1300     1700   
                                           T        V       H0       H01     AOSYM     SMH    MOLCAS    ERIS     OPER   

              2      13      947.27       500      610      700     1000      520     2100     2140      701     2140(1)  7100   
                                          VAR    BASINP    GEOM     BASIS   MCVARS     RHF     MCSCF    GEOM     MCSCF    MRCI   
                                         8100     5100     6100   
                                         MRCI     MRCI     MRCI   

 PROGRAMS   *        TOTAL       INT        CI        CI        CI     MULTI       INT        CI        CI        CI     MULTI
 CPU TIMES  *      7624.46     23.14     28.03    975.65   2755.35     29.19     22.71     27.27    975.68   2752.57     11.90
 REAL TIME  *      7744.87 SEC
 DISK USED  *         3.32 GB      
 **********************************************************************************************************************************

1PROGRAM * MULTI (Direct Multiconfiguration SCF)       Authors: P.J. Knowles, H.-J. Werner (1984)     S.T. Elbert (1988)


 Number of closed-shell orbitals:   2 (   2   0   0   0   0   0   0   0 )
 Number of active  orbitals:       12 (   1   2   2   0   3   2   2   0 )
 Number of external orbitals:     240 (  43  29  29  19  43  29  29  19 )

 State symmetry 1

 Number of electrons:    12    Spin symmetry=Singlet   Space symmetry=1
 Number of states:        3
 Number of CSFs:      28784   (107016 determinants, 853776 intermediate states)

 State symmetry 2

 Number of electrons:    12    Spin symmetry=Singlet   Space symmetry=4
 Number of states:        2
 Number of CSFs:      28224   (106624 determinants, 853776 intermediate states)

 Iteration controls:
             1  2  3  4  5  6  7  8  9 10 11 12 13 14 15 16 17 18 19 20 21 22 23 24 25 26 27 28 29 30 31 32 33 34 35 36 37 38 39
 DIAGCI      T  T  T  T  T  T  T  T  T  T  T  T  T  T  T  T  T  T  T  T  T  T  T  T  T  T  T  T  T  T  T  T  T  T  T  T  T  T  T
 WERNER      T  T  T  T  T  T  T  T  T  T  T  T  T  T  T  T  T  T  T  T  T  T  T  T  T  T  T  T  T  T  T  T  T  T  T  T  T  T  T
 INTERNAL    F  T  T  T  T  T  T  T  T  T  T  T  T  T  T  T  T  T  T  T  T  T  T  T  T  T  T  T  T  T  T  T  T  T  T  T  T  T  T

 Molecular orbitals read from record     2140.2  Type=MCSCF/NATURAL (state averaged)

 EXTRA SYMMETRY OF MOS IN SYMMETRY 1:   1 1 1 1 1 2 1 1 1 2   2 1 1 3 1 1 2 2 1 1   2 1 1 3 2 3 1 2 1 2   1 2 1 1 3 2 1 1 1 3
                                        2 2 2 1 1 1
 EXTRA SYMMETRY OF MOS IN SYMMETRY 2:   1 1 1 1 1 2 1 1 2 1   1 2 1 1 3 2 1 2 1 2   1 1 2 3 1 1 1 2 2 1   1
 EXTRA SYMMETRY OF MOS IN SYMMETRY 3:   1 1 1 1 1 2 1 1 2 1   1 2 1 1 3 2 1 2 1 2   1 1 2 3 1 1 1 2 2 1   1
 EXTRA SYMMETRY OF MOS IN SYMMETRY 4:   1 1 1 2 1 1 1 2 1 2   1 1 1 2 1 2 1 1 1
 EXTRA SYMMETRY OF MOS IN SYMMETRY 5:   1 1 1 1 1 2 1 1 2 1   1 2 1 1 1 3 2 2 1 1   2 1 2 1 3 1 2 3 1 2   1 1 2 1 2 3 1 3 1 2
                                        1 1 2 2 1 1
 EXTRA SYMMETRY OF MOS IN SYMMETRY 6:   1 1 1 1 2 1 1 1 2 1   1 2 1 1 3 1 2 2 1 2   1 1 3 1 1 2 2 2 1 1   1
 EXTRA SYMMETRY OF MOS IN SYMMETRY 7:   1 1 1 1 2 1 1 1 2 1   1 2 1 1 3 1 2 2 1 2   1 1 3 1 1 2 2 2 1 1   1
 EXTRA SYMMETRY OF MOS IN SYMMETRY 8:   1 1 1 2 1 1 1 1 2 1   2 1 1 1 2 2 1 1 1

 Wavefunction dump at record             2140.2

 Convergence thresholds  0.10E-01 (gradient)  0.10E-05 (energy)  0.10E-02 (step length)

 Weight factors for state symmetry  1:    0.20000   0.20000   0.20000
 Weight factors for state symmetry  2:    0.20000   0.20000

 Number of orbital rotations:      492   (     2 Core/Active     86 Core/Virtual   0 Active/Active    404 Active/Virtual)
 Total number of variables:     534788


 ITER. MIC  NCI  NEG     ENERGY(VAR)     ENERGY(PROJ)   ENERGY CHANGE     GRAD(0)  GRAD(ORB)   GRAD(CI)     STEP       TIME

   1   45   47    0    -149.41778935    -149.41794486   -0.00015551    0.04037035 0.00000000 0.00039883  0.22D-01      8.89
   2   29   35    0    -149.41794477    -149.41794479   -0.00000002    0.00004883 0.00000002 0.00011740  0.20D-02     16.23
   3   25   29    0    -149.41794479    -149.41794479   -0.00000000    0.00000235 0.00000057 0.00002816  0.13D-03     22.61

 ** WVFN ****  CONVERGENCE REACHED, FINAL GRADIENT:  0.62D-06



 Results for state 1.1
 =====================

 !MCSCF STATE 1.1 Energy             -149.525355938908
 Nuclear energy                        36.81232772
 Kinetic energy                       152.17586888
 One electron energy                 -278.21905686
 Two electron energy                   91.88137321
 Virial ratio                           1.98258257

 !MCSCF STATE 1.1 Dipole moment         0.00000000     0.00000000     0.00000000
 Dipole moment /Debye                   0.00000000     0.00000000     0.00000000

 Results for state 2.1
 =====================

 !MCSCF STATE 2.1 Energy             -149.488970577034
 Nuclear energy                        36.81232772
 Kinetic energy                       152.37737775
 One electron energy                 -278.37253995
 Two electron energy                   92.07124166
 Virial ratio                           1.98104438

 !MCSCF STATE 2.1 Dipole moment         0.00000000     0.00000000     0.00000000
 Dipole moment /Debye                   0.00000000     0.00000000     0.00000000

 Results for state 3.1
 =====================

 !MCSCF STATE 3.1 Energy             -149.270501068126
 Nuclear energy                        36.81232772
 Kinetic energy                       150.52233596
 One electron energy                 -272.38295209
 Two electron energy                   86.30012331
 Virial ratio                           1.99168339

 !MCSCF STATE 3.1 Dipole moment         0.00000000     0.00000000     0.00000000
 Dipole moment /Debye                   0.00000000     0.00000000     0.00000000



 Results for state 1.4
 =====================

 !MCSCF STATE 1.4 Energy             -149.521365134610
 Nuclear energy                        36.81232772
 Kinetic energy                       152.27273248
 One electron energy                 -278.33137598
 Two electron energy                   91.99768313
 Virial ratio                           1.98193132

 !MCSCF STATE 1.4 Dipole moment         0.00000000     0.00000000     0.00000000
 Dipole moment /Debye                   0.00000000     0.00000000     0.00000000

 Results for state 2.4
 =====================

 !MCSCF STATE 2.4 Energy             -149.283531210507
 Nuclear energy                        36.81232772
 Kinetic energy                       150.52415415
 One electron energy                 -272.17835167
 Two electron energy                   86.08249275
 Virial ratio                           1.99175798

 !MCSCF STATE 2.4 Dipole moment         0.00000000     0.00000000     0.00000000
 Dipole moment /Debye                   0.00000000     0.00000000     0.00000000

 State-averaged charge density matrix saved on record  2140.2 (density set 1)

 !MCSCF expec        <1.1|QMXX|1.1>    -0.243930951465
 !MCSCF trans        <2.1|QMXX|1.1>    -1.072367819798
 !MCSCF expec        <2.1|QMXX|2.1>     1.393173643780
 !MCSCF trans        <3.1|QMXX|1.1>    -0.917385321192
 !MCSCF trans        <3.1|QMXX|2.1>     2.314466171368
 !MCSCF expec        <3.1|QMXX|3.1>    12.511217124916
 !MCSCF expec        <1.4|QMXX|1.4>     0.503752668910
 !MCSCF trans        <2.4|QMXX|1.4>     1.567509715354
 !MCSCF expec        <2.4|QMXX|2.4>    11.860500394104

 !MCSCF expec        <1.1|QMYY|1.1>     1.232563816495
 !MCSCF trans        <2.1|QMYY|1.1>     1.076776944643
 !MCSCF expec        <2.1|QMYY|2.1>    -0.344149762516
 !MCSCF trans        <3.1|QMYY|1.1>     0.459109394526
 !MCSCF trans        <3.1|QMYY|2.1>    -1.243631284543
 !MCSCF expec        <3.1|QMYY|3.1>    -6.651674485461
 !MCSCF expec        <1.4|QMYY|1.4>     0.486599347348
 !MCSCF trans        <2.4|QMYY|1.4>    -0.872298561973
 !MCSCF expec        <2.4|QMYY|2.4>    -5.847921171893

 !MCSCF expec        <1.1|QMZZ|1.1>    -0.988632865030
 !MCSCF trans        <2.1|QMZZ|1.1>    -0.004409124845
 !MCSCF expec        <2.1|QMZZ|2.1>    -1.049023881264
 !MCSCF trans        <3.1|QMZZ|1.1>     0.458275926666
 !MCSCF trans        <3.1|QMZZ|2.1>    -1.070834886825
 !MCSCF expec        <3.1|QMZZ|3.1>    -5.859542639456
 !MCSCF expec        <1.4|QMZZ|1.4>    -0.990352016258
 !MCSCF trans        <2.4|QMZZ|1.4>    -0.695211153381
 !MCSCF expec        <2.4|QMZZ|2.4>    -6.012579222211

 !MCSCF trans        <1.4|QMXY|1.1>    -0.380423586638
 !MCSCF trans        <1.4|QMXY|2.1>    -1.219593246429
 !MCSCF trans        <1.4|QMXY|3.1>    -0.621463946041
 !MCSCF trans        <2.4|QMXY|1.1>    -0.875288614384
 !MCSCF trans        <2.4|QMXY|2.1>    -0.424760661242
 !MCSCF trans        <2.4|QMXY|3.1>    -0.333693749726

 !MCSCF expec        <1.1|QMRR|1.1>   -21.981984428339
 !MCSCF trans        <2.1|QMRR|1.1>     0.072505266963
 !MCSCF expec        <2.1|QMRR|2.1>   -22.548825690923
 !MCSCF trans        <3.1|QMRR|1.1>     3.344981587945
 !MCSCF trans        <3.1|QMRR|2.1>    -7.920641812600
 !MCSCF expec        <3.1|QMRR|3.1>   -59.558501939349
 !MCSCF expec        <1.4|QMRR|1.4>   -22.046478996573
 !MCSCF trans        <2.4|QMRR|1.4>    -5.155819202042
 !MCSCF expec        <2.4|QMRR|2.4>   -60.745065627864


 EXTRA SYMMETRY OF MOS IN SYMMETRY 6:   1 1 1 1 2 1 1 1 2 1   1 2 1 1 3 1 2 2 1 1   2 1 3 1 1 2 2 2 1 1   1
 EXTRA SYMMETRY OF MOS IN SYMMETRY 7:   1 1 1 1 2 1 1 1 2 1   1 2 1 1 3 1 2 2 1 1   2 1 3 1 1 2 2 2 1 1   1

 Natural orbital dump (state averaged) at molpro section  2140.2    (Orbital set 2)


 CI vector for state symmetry 1
 ==============================

 2 20 20 220 20 00        0.8719261   0.4434285  -0.0164634
 2 20 20 220 00 20       -0.4443488   0.8545055  -0.1934990
 2 20 20 220 00 ab       -0.0510083   0.1261453   0.6766522
 2 20 20 220 00 ba        0.0510083  -0.1261453  -0.6766522
 2 00 20 220 20 20        0.0400290  -0.1025225   0.0217057
 2 20 00 220 20 20       -0.0983232  -0.0620845   0.0039709
 2 00 20 220 20 ab        0.0065484  -0.0139846  -0.0753913
 2 00 20 220 20 ba       -0.0065484   0.0139846   0.0753913
 2 20 20 200 20 20       -0.0242130  -0.0704022   0.0110952
 2 b0 a0 220 a0 2b       -0.0058285   0.0134101   0.0537181
 2 a0 b0 220 b0 2a       -0.0058285   0.0134101   0.0537181

 TOTAL ENERGIES                      -149.52535594  -149.48897058  -149.27050107

 CI vector for state symmetry 2
 ==============================

 2 20 20 220 b0 a0       -0.6900732   0.0819754
 2 20 20 220 a0 b0        0.6900732  -0.0819754
 2 20 20 220 b0 0a       -0.0809829  -0.6826906
 2 20 20 220 a0 0b        0.0809829   0.6826906
 2 20 00 220 a0 2b       -0.0129833  -0.0764937
 2 20 00 220 b0 2a        0.0129833   0.0764937
 2 a0 b0 220 20 20       -0.0724922   0.0086960
 2 b0 a0 220 20 20        0.0724922  -0.0086960
 2 20 20 220 0a 0b       -0.0123103  -0.0577771
 2 20 20 220 0b 0a        0.0123103   0.0577771
 2 a0 b0 220 20 ab       -0.0059648  -0.0546784
 2 b0 a0 220 20 ba       -0.0059648  -0.0546784

 TOTAL ENERGIES                      -149.52136513  -149.28353121



 **********************************************************************************************************************************
 DATASETS  * FILE   NREC   LENGTH (MB)   RECORD NAMES
              1      20      319.98       500      701      610      900      950      970     1000      129      960     1100   
                                          VAR     GEOM    BASINP   SYMINP    ZMAT    AOBASIS   BASIS     P2S    ABASIS      S 
                                         1400     1410     1200     1210     1080     1600     1650     1300     1700     1380   
                                           T        V       H0       H01     AOSYM     SMH    MOLCAS    ERIS     OPER     JKOP   

              2      13      947.27       500      610      700     1000      520     2100     2140      701     2140(1)  7100   
                                          VAR    BASINP    GEOM     BASIS   MCVARS     RHF     MCSCF    GEOM     MCSCF    MRCI   
                                         8100     5100     6100   
                                         MRCI     MRCI     MRCI   

 PROGRAMS   *        TOTAL     MULTI       INT        CI        CI        CI     MULTI       INT        CI        CI        CI
 CPU TIMES  *      7653.31     28.85     23.14     28.03    975.65   2755.35     29.19     22.71     27.27    975.68   2752.57
 REAL TIME  *      7776.85 SEC
 DISK USED  *         3.32 GB      
 **********************************************************************************************************************************

1PROGRAM * CI (Multireference internally contracted CI)     Authors: H.-J. Werner, P.J. Knowles, 1987


 Convergence thresholds:  THRVAR = 1.00D-08  THRDEN = 1.00D-06

 Number of optimized states:  2  Roots:   1   2
 Number of reference states:  2  Roots:   1   2

 Program parameters:       NSTATE=  2    NSTATI=  3    NSTATR=  2    NCEPA = -1    NOKOP =  0    ITRDM =  0    ITRANS=  0
                           IDIP  =200    MAXIT =250    MAXITI=250    MAXDAV=  6    MAXVI =  9    NOSING=  0    NOPAIR=  0
                           MXSHRF=  9    IKCPS =  0    IOPTGM=  2    IOPTOR=  0    REFOPT=  1    IAVDEN=  0    IDELCG=  1
                           IREST =  0    NATORB=  0    IPUNRF=  0    ISEP  =  0    OLDDEN=  0    NSTPRI=  1    GPSFLI= -1
                           CLUSTE=  0    CLOSED=  1    ILSTYP=  0    ITRLS =  0    ICCSD =  0    LOCAL =  0    IBASO =  0
                           MP    =  0    ITEDIS=  2    INCDIS=  1    MAXDIS=  6    ITYDIS=  1    BRUECK=  0    IBRSTR=  3
                           INCBRK=  1    TRIPLE=  0    ICCTYP=  1    IHPPD =  0    ICCNEW=  0    I3EXT = -1    IDEB  =  0
                           IDLEIG=  1    IDFTYP=  1    IMP3  =  0    IPROCS=  0    NOINT =  0    NOREF =  1    IMP2G =  0
                           IHINT =  0    IFDIA =  0    ISPARO=  1    JKSYM =  0    CPHF  =  0    MP2D  = -1    DKINT =  0
                           NPKEX =  1    DRVK  =  1    HLSTRA=  1    WIGNER=  1    DIIS_C=  1    MAXIT_= 50    MATEL =  0
                           SPDEG =  1    MEMCPH=  0    DISM  =  1    KDCPMA=  5    IKDCP_=  0    IREDTH=  0    USECS =  0
                           IPROCC=  0    I3SAVE=  1    IKDCP =  1    USECI =  0    OLDPAI=  0    IPROCI=  0    KEEPCL=  1
                           DISCON=  0    SHIFTE=  0    DIISIN=  0    MOLCAS=  0    MEM_PT=  0    RECORD=  0    RS2C  =  0
                           KEXT  = -1    CIPT2 =  0    DECP0S=  0    I4EXT = -1    NATCOR=  0    RIMP2 =  0    DDCI  = -1

 Reference symmetry:                   1   Singlet 
 Number of electrons:                 16
 Maximum number of shells:             7
 Maximum number of spin couplings:   132

 Reference space:     9608 conf    28784 CSFs
 N elec internal:    73789 conf   226512 CSFs
 N-1 el internal:    69576 conf   339768 CSFs
 N-2 el internal:    58182 conf   452544 CSFs

 Number of electrons in valence space:                     12
 Maximum number of open shell orbitals in reference space: 10
 Maximum number of open shell orbitals in internal spaces: 12


 Number of core orbitals:           2 (   2   0   0   0   0   0   0   0 )
 Number of active  orbitals:       12 (   1   2   2   0   3   2   2   0 )
 Number of external orbitals:     240 (  43  29  29  19  43  29  29  19 )

 Molecular orbitals read from record     2140.2  Type=MCSCF/NATURAL (state averaged)

 Coulomb and exchange operators available. No transformation done.

 Number of p-space configurations:   3

 Reference wavefunction optimized for reference space (refopt=1)

 State     Reference Energy 
   1        -149.52535594
   2        -149.48897058
   3        -149.27050107

 Number of blocks in overlap matrix:    16   Smallest eigenvalue:  0.13D-04
 Number of N-2 electron functions:     288
 Number of N-1 electron functions:  339768

 Number of internal configurations:                28784
 Number of singly external configurations:      10197000
 Number of doubly external configurations:       1049024
 Total number of contracted configurations:     11274808
 Total number of uncontracted configurations: 1637811384

 Diagonal Coupling coefficients finished.               Storage:21559646 words, CPU-Time:     36.36 seconds.
 Energy denominators for pairs finished in 1 passes.    Storage: 1011457 words, CPU-time:      0.02 seconds.

  ITER. STATE  ROOT     SQ.NORM     CORR.ENERGY   TOTAL ENERGY   ENERGY CHANGE       DEN1      VAR(S)    VAR(P)      TIME
    1     1     1     1.00000000     0.00000000  -149.52535594     0.00000000    -0.28390974  0.27D-01  0.16D-01    51.54
    1     2     2     1.00000000     0.00000000  -149.48897058     0.00000000    -0.29119969  0.29D-01  0.18D-01    51.54
    2     1     1     1.04182403    -0.27831905  -149.80367499    -0.27831905    -0.01145102  0.11D-02  0.80D-03   297.47
    2     2     2     1.04280702    -0.28328169  -149.77225227    -0.28328169    -0.01197109  0.12D-02  0.88D-03   297.47
    3     1     1     1.04370334    -0.28947146  -149.81482740    -0.01115241    -0.00112680  0.12D-03  0.75D-04   543.78
    3     2     2     1.04475139    -0.29504549  -149.78401607    -0.01176380    -0.00134214  0.15D-03  0.95D-04   543.78
    4     1     1     1.04571243    -0.29063446  -149.81599040    -0.00116299    -0.00015274  0.15D-04  0.11D-04   789.56
    4     2     2     1.04724668    -0.29647281  -149.78544338    -0.00142731    -0.00021487  0.20D-04  0.17D-04   789.56
    5     1     1     1.04643031    -0.29080192  -149.81615785    -0.00016746    -0.00002537  0.21D-05  0.20D-05  1035.47
    5     2     2     1.04819893    -0.29671994  -149.78569052    -0.00024714    -0.00004351  0.35D-05  0.37D-05  1035.47
    6     1     1     1.04647952    -0.29083109  -149.81618703    -0.00002917    -0.00000575  0.56D-06  0.45D-06  1282.43
    6     2     2     1.04827976    -0.29677207  -149.78574264    -0.00005212    -0.00001184  0.11D-05  0.99D-06  1282.43
    7     1     1     1.04653259    -0.29083750  -149.81619344    -0.00000641    -0.00000167  0.18D-06  0.12D-06  1528.60
    7     2     2     1.04837860    -0.29678544  -149.78575602    -0.00001338    -0.00000394  0.41D-06  0.31D-06  1528.60
    8     1     1     1.04656473    -0.29083931  -149.81619525    -0.00000181    -0.00000055  0.54D-07  0.40D-07  1774.93
    8     2     2     1.04843571    -0.29678970  -149.78576028    -0.00000426    -0.00000142  0.13D-06  0.12D-06  1774.93
    9     1     1     1.04657291    -0.29083991  -149.81619585    -0.00000060    -0.00000019  0.21D-07  0.14D-07  2020.88
    9     2     2     1.04845378    -0.29679129  -149.78576187    -0.00000159    -0.00000054  0.53D-07  0.46D-07  2020.88
   10     1     1     1.04657703    -0.29084012  -149.81619606    -0.00000021    -0.00000008  0.93D-08  0.52D-08  2266.38
   10     2     2     1.04846572    -0.29679190  -149.78576248    -0.00000061    -0.00000023  0.26D-07  0.19D-07  2266.38
   11     1     1     1.04657887    -0.29084020  -149.81619614    -0.00000008    -0.00000003  0.33D-08  0.21D-08  2510.92
   11     2     2     1.04847173    -0.29679215  -149.78576273    -0.00000025    -0.00000010  0.10D-07  0.82D-08  2510.92
   12     1     1     1.04657886    -0.29084020  -149.81619614    -0.00000000    -0.00000003  0.33D-08  0.21D-08  2716.41
   12     2     2     1.04848594    -0.29679234  -149.78576291    -0.00000018    -0.00000002  0.15D-08  0.96D-09  2716.41


 =====================================
 Analysis of CPU times by interactions
 =====================================

       I      S      P

 I   1.0%
 S   1.0%  18.9%
 P   2.5%  62.8%  11.1%

 Initialization:   1.5%
 Other:            1.2%

 Total CPU:     2716.4 seconds
 =====================================



 Wavefunction saved on  5100.2

 Reference coefficients greater than 0.0500000
 =============================================
 220202202000           0.7167037   0.6384382
 220202200020          -0.6351789   0.7014161
 2202022000/\          -0.0937213   0.1272274
 200202202020           0.0599279  -0.0840000
 220002202020          -0.0724357  -0.0796299
 220202002020          -0.0047945  -0.0666721

 Coefficients of fixed reference functions:
 ==========================================

 State      Coefficients
   1         0.945673   -0.246146
   2         0.250127    0.943585

 Coefficients of rotated reference functions:
 ============================================

 State      Coefficients
   1         0.977180    0.002190
   2         0.002190    0.976171



 RESULTS FOR STATE 1.1
 =====================

 Coefficient of reference function:   C(0) = 0.94567333 (fixed)   0.97749382 (relaxed)   0.97718024 (rotated)

 Energy contributions of configuration classes

 CLASS          SQ.NORM        ECORR1        ECORR2
 +++++++++++++++++++++++++++++++++++++++++++++++++++
 Internals    0.06842922    0.00000000   -0.01779829
 Singles      0.02566313   -0.10144535   -0.09739775
 Pairs        0.02410308   -0.18939485   -0.17564416
 Total        1.11819543   -0.29084020   -0.29084020
 +++++++++++++++++++++++++++++++++++++++++++++++++++


 Reference energy                    -149.52535594
 Nuclear energy                        36.81232772
 Kinetic energy                       152.25948562
 One electron energy                 -277.77450105
 Two electron energy                   91.14597720
 Virial quotient                       -0.98395312
 Correlation energy                    -0.29084020
 !MRCI STATE 1.1 Energy              -149.816196142140

 Properties without orbital relaxation:

 !MRCI STATE 1.1 Dipole moment          0.00000000     0.00000000     0.00000000
 Dipole moment /Debye                   0.00000000     0.00000000     0.00000000

 Cluster corrected energies          -149.85057213 (Davidson, fixed reference)
 Cluster corrected energies          -149.82974315 (Davidson, relaxed reference)
 Cluster corrected energies          -149.82993854 (Davidson, rotated reference)

 Cluster corrected energies          -149.84722237 (Pople, fixed reference)
 Cluster corrected energies          -149.82784337 (Pople, relaxed reference)
 Cluster corrected energies          -149.82801671 (Pople, rotated reference)


 Cluster corrections using rotated reference energy:

 Reference energy (rotated)          -149.52300735
 MRCI Correlation energy               -0.29318879

 Cluster corrected energies          -149.82985254 (Davidson, relaxed reference)
 Cluster corrected energies          -149.83004951 (Davidson, rotated reference)

 Cluster corrected energies          -149.82793742 (Pople, relaxed reference)
 Cluster corrected energies          -149.82811216 (Pople, rotated reference)

 

 !MRCI expec         <1.1|QMXX|1.1>     0.412957811965
 !MRCI expec         <1.1|QMYY|1.1>     0.670514907187
 !MRCI expec         <1.1|QMZZ|1.1>    -1.083472719152
 !MRCI expec         <1.1|QMRR|1.1>   -22.344303296681



 RESULTS FOR STATE 2.1
 =====================

 Coefficient of reference function:   C(0) = 0.94358455 (fixed)   0.97660444 (relaxed)   0.97617131 (rotated)

 Energy contributions of configuration classes

 CLASS          SQ.NORM        ECORR1        ECORR2
 +++++++++++++++++++++++++++++++++++++++++++++++++++
 Internals    0.07121278   -0.00000000   -0.01881795
 Singles      0.02588722   -0.09608029   -0.09238467
 Pairs        0.02605154   -0.20071205   -0.18558971
 Total        1.12315154   -0.29679233   -0.29679234
 +++++++++++++++++++++++++++++++++++++++++++++++++++


 Reference energy                    -149.48897058
 Nuclear energy                        36.81232772
 Kinetic energy                       152.22397299
 One electron energy                 -277.65558941
 Two electron energy                   91.05749878
 Virial quotient                       -0.98398275
 Correlation energy                    -0.29679234
 !MRCI STATE 2.1 Energy              -149.785762912587

 Properties without orbital relaxation:

 !MRCI STATE 2.1 Dipole moment          0.00000000     0.00000000     0.00000000
 Dipole moment /Debye                   0.00000000     0.00000000     0.00000000

 Cluster corrected energies          -149.82231335 (Davidson, fixed reference)
 Cluster corrected energies          -149.80015317 (Davidson, relaxed reference)
 Cluster corrected energies          -149.80042937 (Davidson, rotated reference)

 Cluster corrected energies          -149.81886342 (Pople, fixed reference)
 Cluster corrected energies          -149.79815105 (Pople, relaxed reference)
 Cluster corrected energies          -149.79839675 (Pople, rotated reference)


 Cluster corrections using rotated reference energy:

 Reference energy (rotated)          -149.49131917
 MRCI Correlation energy               -0.29444375

 Cluster corrected energies          -149.80003929 (Davidson, relaxed reference)
 Cluster corrected energies          -149.80031331 (Davidson, rotated reference)

 Cluster corrected energies          -149.79805302 (Pople, relaxed reference)
 Cluster corrected energies          -149.79829677 (Pople, rotated reference)

 

 !MRCI expec         <2.1|QMXX|2.1>     0.747452571491
 !MRCI expec         <2.1|QMYY|2.1>     0.402649324563
 !MRCI expec         <2.1|QMZZ|2.1>    -1.150101896054
 !MRCI expec         <2.1|QMRR|2.1>   -22.702747859276


 !MRCI trans         <2.1|QMXX|1.1>    -1.290034178318
 !MRCI trans         <2.1|QMYY|1.1>     1.285612695455
 !MRCI trans         <2.1|QMZZ|1.1>     0.004421482863
 !MRCI trans         <2.1|QMRR|1.1>     0.066431160348


 **********************************************************************************************************************************
 DATASETS  * FILE   NREC   LENGTH (MB)   RECORD NAMES
              1      20      319.98       500      701      610      900      950      970     1000      129      960     1100   
                                          VAR     GEOM    BASINP   SYMINP    ZMAT    AOBASIS   BASIS     P2S    ABASIS      S 
                                         1400     1410     1200     1210     1080     1600     1650     1300     1700     1380   
                                           T        V       H0       H01     AOSYM     SMH    MOLCAS    ERIS     OPER     JKOP   

              2      13      947.27       500      610      700     1000      520     2100     2140      701     2140(1)  7100   
                                          VAR    BASINP    GEOM     BASIS   MCVARS     RHF     MCSCF    GEOM     MCSCF    MRCI   
                                         8100     5100     6100   
                                         MRCI     MRCI     MRCI   

 PROGRAMS   *        TOTAL        CI     MULTI       INT        CI        CI        CI     MULTI       INT        CI        CI
 CPU TIMES  *     10411.81   2758.50     28.85     23.14     28.03    975.65   2755.35     29.19     22.71     27.27    975.68
 REAL TIME  *     10562.09 SEC
 DISK USED  *         3.32 GB      
 **********************************************************************************************************************************

1PROGRAM * CI (Multireference internally contracted CI)     Authors: H.-J. Werner, P.J. Knowles, 1987


 Convergence thresholds:  THRVAR = 1.00D-08  THRDEN = 1.00D-06

 Number of optimized states:  1  Roots:   1
 Number of reference states:  1  Roots:   1

 Program parameters:       NSTATE=  1    NSTATI=  2    NSTATR=  1    NCEPA = -1    NOKOP =  0    ITRDM =  0    ITRANS=  0
                           IDIP  =200    MAXIT =250    MAXITI=250    MAXDAV=  4    MAXVI =  6    NOSING=  0    NOPAIR=  0
                           MXSHRF=  9    IKCPS =  0    IOPTGM=  2    IOPTOR=  0    REFOPT=  1    IAVDEN=  0    IDELCG=  1
                           IREST =  0    NATORB=  0    IPUNRF=  0    ISEP  =  0    OLDDEN=  0    NSTPRI=  1    GPSFLI= -1
                           CLUSTE=  0    CLOSED=  1    ILSTYP=  0    ITRLS =  0    ICCSD =  0    LOCAL =  0    IBASO =  0
                           MP    =  0    ITEDIS=  2    INCDIS=  1    MAXDIS=  6    ITYDIS=  1    BRUECK=  0    IBRSTR=  3
                           INCBRK=  1    TRIPLE=  0    ICCTYP=  1    IHPPD =  0    ICCNEW=  0    I3EXT = -1    IDEB  =  0
                           IDLEIG=  1    IDFTYP=  1    IMP3  =  0    IPROCS=  0    NOINT =  0    NOREF =  1    IMP2G =  0
                           IHINT =  0    IFDIA =  0    ISPARO=  1    JKSYM =  0    CPHF  =  0    MP2D  = -1    DKINT =  0
                           NPKEX =  1    DRVK  =  1    HLSTRA=  1    WIGNER=  1    DIIS_C=  1    MAXIT_= 50    MATEL =  0
                           SPDEG =  1    MEMCPH=  0    DISM  =  1    KDCPMA=  5    IKDCP_=  0    IREDTH=  0    USECS =  0
                           IPROCC=  0    I3SAVE=  1    IKDCP =  1    USECI =  0    OLDPAI=  0    IPROCI=  0    KEEPCL=  1
                           DISCON=  0    SHIFTE=  0    DIISIN=  0    MOLCAS=  0    MEM_PT=  0    RECORD=  0    RS2C  =  0
                           KEXT  = -1    CIPT2 =  0    DECP0S=  0    I4EXT = -1    NATCOR=  0    RIMP2 =  0    DDCI  = -1

 Reference symmetry:                   4   Singlet 
 Number of electrons:                 16
 Maximum number of shells:             7
 Maximum number of spin couplings:   132

 Reference space:     9136 conf    28224 CSFs
 N elec internal:    73789 conf   226512 CSFs
 N-1 el internal:    69576 conf   339768 CSFs
 N-2 el internal:    57950 conf   452232 CSFs

 Number of electrons in valence space:                     12
 Maximum number of open shell orbitals in reference space: 10
 Maximum number of open shell orbitals in internal spaces: 12


 Number of core orbitals:           2 (   2   0   0   0   0   0   0   0 )
 Number of active  orbitals:       12 (   1   2   2   0   3   2   2   0 )
 Number of external orbitals:     240 (  43  29  29  19  43  29  29  19 )

 Molecular orbitals read from record     2140.2  Type=MCSCF/NATURAL (state averaged)

 Coulomb and exchange operators available. No transformation done.

 Number of p-space configurations:   2

 Reference wavefunction optimized for reference space (refopt=1)

 State     Reference Energy 
   1        -149.52136513
   2        -149.28353121

 Number of blocks in overlap matrix:    16   Smallest eigenvalue:  0.21D-02
 Number of N-2 electron functions:     144
 Number of N-1 electron functions:  339768

 Number of internal configurations:                28224
 Number of singly external configurations:      10188360
 Number of doubly external configurations:        524512
 Total number of contracted configurations:     10741096
 Total number of uncontracted configurations: 1636528232

 Diagonal Coupling coefficients finished.               Storage:15219669 words, CPU-Time:     12.67 seconds.
 Energy denominators for pairs finished in 1 passes.    Storage: 1043000 words, CPU-time:      0.01 seconds.

  ITER. STATE  ROOT     SQ.NORM     CORR.ENERGY   TOTAL ENERGY   ENERGY CHANGE       DEN1      VAR(S)    VAR(P)      TIME
    1     1     1     1.00000000     0.00000000  -149.52136513     0.00000000    -0.29438830  0.29D-01  0.17D-01    20.89
    2     1     1     1.04252881    -0.28307197  -149.80443710    -0.28307197    -0.01063129  0.11D-02  0.76D-03   139.13
    3     1     1     1.04428897    -0.29320643  -149.81457156    -0.01013446    -0.00097787  0.11D-03  0.66D-04   256.94
    4     1     1     1.04620736    -0.29419717  -149.81556231    -0.00099074    -0.00011842  0.13D-04  0.82D-05   374.91
    5     1     1     1.04691364    -0.29432414  -149.81568928    -0.00012697    -0.00001563  0.15D-05  0.12D-05   494.16
    6     1     1     1.04701051    -0.29434177  -149.81570690    -0.00001762    -0.00000255  0.27D-06  0.20D-06   611.67
    7     1     1     1.04701270    -0.29434471  -149.81570984    -0.00000294    -0.00000050  0.55D-07  0.44D-07   728.91
    8     1     1     1.04702392    -0.29434531  -149.81571045    -0.00000061    -0.00000013  0.17D-07  0.10D-07   848.46
    9     1     1     1.04702955    -0.29434547  -149.81571060    -0.00000016    -0.00000003  0.38D-08  0.27D-08   965.97


 =====================================
 Analysis of CPU times by interactions
 =====================================

       I      S      P

 I   1.6%
 S   1.6%  22.8%
 P   2.4%  61.7%   7.3%

 Initialization:   1.6%
 Other:            1.0%

 Total CPU:      966.0 seconds
 =====================================



 Wavefunction saved on  6100.2

 Reference coefficients greater than 0.0500000
 =============================================
 22020220/0\0           0.9573978
 22020220/00\           0.0967624
 2/0\02202020          -0.0939220



 RESULTS FOR STATE 1.4
 =====================

 Coefficient of reference function:   C(0) = 0.97699843 (fixed)   0.97728342 (relaxed)

 Energy contributions of configuration classes

 CLASS          SQ.NORM        ECORR1        ECORR2
 +++++++++++++++++++++++++++++++++++++++++++++++++++
 Internals    0.00058348    0.00000001   -0.00016393
 Singles      0.02466151   -0.10308157   -0.10532176
 Pairs        0.02239548   -0.19126391   -0.18885978
 Total        1.04764048   -0.29434547   -0.29434547
 +++++++++++++++++++++++++++++++++++++++++++++++++++


 Reference energy                    -149.52136513
 Nuclear energy                        36.81232772
 Kinetic energy                       152.25890349
 One electron energy                 -277.77724757
 Two electron energy                   91.14920925
 Virial quotient                       -0.98395369
 Correlation energy                    -0.29434547
 !MRCI STATE 1.4 Energy              -149.815710604031

 Properties without orbital relaxation:

 !MRCI STATE 1.4 Dipole moment          0.00000000     0.00000000     0.00000000
 Dipole moment /Debye                   0.00000000     0.00000000     0.00000000

 Cluster corrected energies          -149.82973336 (Davidson, fixed reference)
 Cluster corrected energies          -149.82955354 (Davidson, relaxed reference)

 Cluster corrected energies          -149.82777549 (Pople, fixed reference)
 Cluster corrected energies          -149.82761588 (Pople, relaxed reference)

 

 !MRCI expec         <1.4|QMXX|1.4>     0.542471685211
 !MRCI expec         <1.4|QMYY|1.4>     0.539932043619
 !MRCI expec         <1.4|QMZZ|1.4>    -1.082403728830
 !MRCI expec         <1.4|QMRR|1.4>   -22.341768889176


 **********************************************************************************************************************************
 DATASETS  * FILE   NREC   LENGTH (MB)   RECORD NAMES
              1      20      319.98       500      701      610      900      950      970     1000      129      960     1100   
                                          VAR     GEOM    BASINP   SYMINP    ZMAT    AOBASIS   BASIS     P2S    ABASIS      S 
                                         1400     1410     1200     1210     1080     1600     1650     1300     1700     1380   
                                           T        V       H0       H01     AOSYM     SMH    MOLCAS    ERIS     OPER     JKOP   

              2      13      947.27       500      610      700     1000      520     2100     2140      701     2140(1)  7100   
                                          VAR    BASINP    GEOM     BASIS   MCVARS     RHF     MCSCF    GEOM     MCSCF    MRCI   
                                         8100     5100     6100   
                                         MRCI     MRCI     MRCI   

 PROGRAMS   *        TOTAL        CI        CI     MULTI       INT        CI        CI        CI     MULTI       INT        CI
 CPU TIMES  *     11388.41    976.59   2758.50     28.85     23.14     28.03    975.65   2755.35     29.19     22.71     27.27
 REAL TIME  *     11548.33 SEC
 DISK USED  *         3.32 GB      
 **********************************************************************************************************************************

1PROGRAM * CI (Multireference internally contracted CI)     Authors: H.-J. Werner, P.J. Knowles, 1987


   Transition moment calculation
   =============================


 Ket wavefunction restored from record 6100.2 to file 8
 Bra wavefunction restored from record 5100.2 to file 7



 !MRCI trans         <1.1|QMXY|1.4>    -0.065169352790


 !MRCI trans         <2.1|QMXY|1.4>    -1.287158329002


 **********************************************************************************************************************************
 DATASETS  * FILE   NREC   LENGTH (MB)   RECORD NAMES
              1      20      319.98       500      701      610      900      950      970     1000      129      960     1100   
                                          VAR     GEOM    BASINP   SYMINP    ZMAT    AOBASIS   BASIS     P2S    ABASIS      S 
                                         1400     1410     1200     1210     1080     1600     1650     1300     1700     1380   
                                           T        V       H0       H01     AOSYM     SMH    MOLCAS    ERIS     OPER     JKOP   

              2      13      947.27       500      610      700     1000      520     2100     2140      701     2140(1)  7100   
                                          VAR    BASINP    GEOM     BASIS   MCVARS     RHF     MCSCF    GEOM     MCSCF    MRCI   
                                         8100     5100     6100   
                                         MRCI     MRCI     MRCI   

 PROGRAMS   *        TOTAL        CI        CI        CI     MULTI       INT        CI        CI        CI     MULTI       INT
 CPU TIMES  *     11415.83     27.42    976.59   2758.50     28.85     23.14     28.03    975.65   2755.35     29.19     22.71
 REAL TIME  *     11576.39 SEC
 DISK USED  *         3.32 GB      
 **********************************************************************************************************************************

 DO I                   =         4.00000000   


 Using spherical harmonics

 Library entry O      S aug-cc-pV5Z          selected for orbital group  1
 Library entry O      P aug-cc-pV5Z          selected for orbital group  1
 Library entry O      D aug-cc-pV5Z          selected for orbital group  1
 Library entry O      F aug-cc-pV5Z          selected for orbital group  1
 Library entry O      G aug-cc-pV5Z          selected for orbital group  1
 Library entry O      H aug-cc-pV5Z          selected for orbital group  1

1PROGRAM * SEWARD (Integral evaluation for generally contracted gaussian basis sets)     Author: Roland Lindh, 1990

 Geometry written to block  1 of record 701

 Orientation using atomic masses  
 Molecule type: Linear
 Symmetry elements: X,Y,Z
 Rotational constants:      76.2887860     76.2887860      0.0000000 GHz  (calculated with average atomic masses)

 Point group  D2h 



 ATOMIC COORDINATES

 NR  ATOM    CHARGE       X              Y              Z

   1  O       8.00    0.000000000    0.000000000   -0.859825387
   2  O       8.00    0.000000000    0.000000000    0.859825387

 Bond lengths in Bohr (Angstrom)

 1-2  1.719650773
     ( 0.910000000)

 NUCLEAR CHARGE:                   16
 NUMBER OF PRIMITIVE AOS:         398
 NUMBER OF SYMMETRY AOS:          288
 NUMBER OF CONTRACTIONS:          254   (  46Ag  +  31B3u +  31B2u +  19B1g +  46B1u +  31B2g +  31B3g +  19Au  )
 NUMBER OF CORE ORBITALS:           2   (   1Ag  +   0B3u +   0B2u +   0B1g +   1B1u +   0B2g +   0B3g +   0Au  )
 NUMBER OF VALENCE ORBITALS:        8   (   2Ag  +   1B3u +   1B2u +   0B1g +   2B1u +   1B2g +   1B3g +   0Au  )


 NUCLEAR REPULSION ENERGY   37.21685879

 EXTRA SYMMETRY OF AOS IN SYMMETRY 1:   1 1 1 1 1 1 1 1 1 1   1 1 1 1 2 1 2 1 2 1   2 1 2 1 2 1 2 1 2 1   2 1 3 2 1 3 2 1 3 2
                                        2 3 1 2 3 1
 EXTRA SYMMETRY OF AOS IN SYMMETRY 2:   1 1 1 1 1 1 1 1 1 1   1 1 2 1 2 1 2 1 2 1   2 1 2 1 2 1 2 3 1 2   3
 EXTRA SYMMETRY OF AOS IN SYMMETRY 3:   1 1 1 1 1 1 1 1 1 1   1 1 2 1 2 1 2 1 2 1   2 1 2 1 2 1 2 3 1 2   3
 EXTRA SYMMETRY OF AOS IN SYMMETRY 4:   1 1 1 1 1 1 1 1 1 1   2 1 2 1 2 2 1 2 1
 EXTRA SYMMETRY OF AOS IN SYMMETRY 5:   1 1 1 1 1 1 1 1 1 1   1 1 1 1 2 1 2 1 2 1   2 1 2 1 2 1 2 1 2 1   2 1 3 2 1 3 2 1 3 2
                                        2 3 1 2 3 1
 EXTRA SYMMETRY OF AOS IN SYMMETRY 6:   1 1 1 1 1 1 1 1 1 1   1 1 2 1 2 1 2 1 2 1   2 1 2 1 2 1 2 3 1 2   3
 EXTRA SYMMETRY OF AOS IN SYMMETRY 7:   1 1 1 1 1 1 1 1 1 1   1 1 2 1 2 1 2 1 2 1   2 1 2 1 2 1 2 3 1 2   3
 EXTRA SYMMETRY OF AOS IN SYMMETRY 8:   1 1 1 1 1 1 1 1 1 1   2 1 2 1 2 2 1 2 1

 Eigenvalues of metric

         1 0.874E-04 0.248E-03 0.583E-03 0.170E-02 0.585E-02 0.221E-01 0.221E-01 0.267E-01
         2 0.871E-03 0.471E-02 0.968E-02 0.383E-01 0.556E-01 0.146E+00 0.155E+00 0.165E+00
         3 0.871E-03 0.471E-02 0.968E-02 0.383E-01 0.556E-01 0.146E+00 0.155E+00 0.165E+00
         4 0.221E-01 0.846E-01 0.879E-01 0.217E+00 0.296E+00 0.319E+00 0.464E+00 0.473E+00
         5 0.617E-05 0.571E-04 0.218E-03 0.535E-03 0.694E-03 0.804E-03 0.152E-02 0.474E-02
         6 0.269E-04 0.171E-03 0.106E-02 0.532E-02 0.117E-01 0.217E-01 0.259E-01 0.514E-01
         7 0.269E-04 0.171E-03 0.106E-02 0.532E-02 0.117E-01 0.217E-01 0.259E-01 0.514E-01
         8 0.694E-03 0.595E-02 0.243E-01 0.601E-01 0.156E+00 0.164E+00 0.193E+00 0.195E+00


 Contracted 2-electron integrals neglected if value below      1.0D-12
 AO integral compression algorithm  1   Integral accuracy      1.0D-12

     470.024 MB (compressed) written to integral file ( 51.4%)


 NUMBER OF SORTED TWO-ELECTRON INTEGRALS:   66838400.     BUFFER LENGTH:  32768
 NUMBER OF SEGMENTS:   5  SEGMENT LENGTH:   15999177      RECORD LENGTH: 524288

 Memory used in sort:      16.56 MW

 SORT1 READ   114264352. AND WROTE    47776406. INTEGRALS IN    139 RECORDS. CPU TIME:     2.84 SEC, REAL TIME:     3.21 SEC
 SORT2 READ    47776406. AND WROTE    66838400. INTEGRALS IN   1793 RECORDS. CPU TIME:     1.09 SEC, REAL TIME:     1.32 SEC

 FILE SIZES:   FILE 1:   490.6 MBYTE,  FILE 4:   583.0 MBYTE,   TOTAL:   1073.7 MBYTE

 OPERATOR DM      FOR CENTER  0  COORDINATES:    0.000000    0.000000    0.000000
 OPERATOR QM      FOR CENTER  0  COORDINATES:    0.000000    0.000000    0.000000


 **********************************************************************************************************************************
 DATASETS  * FILE   NREC   LENGTH (MB)   RECORD NAMES
              1      19      309.68       500      701      610      900      950      970     1000      129      960     1100   
                                          VAR     GEOM    BASINP   SYMINP    ZMAT    AOBASIS   BASIS     P2S    ABASIS      S 
                                         1400     1410     1200     1210     1080     1600     1650     1300     1700   
                                           T        V       H0       H01     AOSYM     SMH    MOLCAS    ERIS     OPER   

              2      13      947.27       500      610      700     1000      520     2100     2140      701     2140(1)  7100   
                                          VAR    BASINP    GEOM     BASIS   MCVARS     RHF     MCSCF    GEOM     MCSCF    MRCI   
                                         8100     5100     6100   
                                         MRCI     MRCI     MRCI   

 PROGRAMS   *        TOTAL       INT        CI        CI        CI     MULTI       INT        CI        CI        CI     MULTI
 CPU TIMES  *     11438.57     22.74     27.42    976.59   2758.50     28.85     23.14     28.03    975.65   2755.35     29.19
 REAL TIME  *     11607.39 SEC
 DISK USED  *         3.32 GB      
 **********************************************************************************************************************************

1PROGRAM * MULTI (Direct Multiconfiguration SCF)       Authors: P.J. Knowles, H.-J. Werner (1984)     S.T. Elbert (1988)


 Number of closed-shell orbitals:   2 (   2   0   0   0   0   0   0   0 )
 Number of active  orbitals:       12 (   1   2   2   0   3   2   2   0 )
 Number of external orbitals:     240 (  43  29  29  19  43  29  29  19 )

 State symmetry 1

 Number of electrons:    12    Spin symmetry=Singlet   Space symmetry=1
 Number of states:        3
 Number of CSFs:      28784   (107016 determinants, 853776 intermediate states)

 State symmetry 2

 Number of electrons:    12    Spin symmetry=Singlet   Space symmetry=4
 Number of states:        2
 Number of CSFs:      28224   (106624 determinants, 853776 intermediate states)

 Iteration controls:
             1  2  3  4  5  6  7  8  9 10 11 12 13 14 15 16 17 18 19 20 21 22 23 24 25 26 27 28 29 30 31 32 33 34 35 36 37 38 39
 DIAGCI      T  T  T  T  T  T  T  T  T  T  T  T  T  T  T  T  T  T  T  T  T  T  T  T  T  T  T  T  T  T  T  T  T  T  T  T  T  T  T
 WERNER      T  T  T  T  T  T  T  T  T  T  T  T  T  T  T  T  T  T  T  T  T  T  T  T  T  T  T  T  T  T  T  T  T  T  T  T  T  T  T
 INTERNAL    F  T  T  T  T  T  T  T  T  T  T  T  T  T  T  T  T  T  T  T  T  T  T  T  T  T  T  T  T  T  T  T  T  T  T  T  T  T  T

 Molecular orbitals read from record     2140.2  Type=MCSCF/NATURAL (state averaged)

 EXTRA SYMMETRY OF MOS IN SYMMETRY 1:   1 1 1 1 1 2 1 1 1 2   2 1 1 3 1 1 2 2 1 1   2 1 1 3 2 3 1 2 1 2   1 2 1 1 3 2 1 1 1 3
                                        2 2 2 1 1 1
 EXTRA SYMMETRY OF MOS IN SYMMETRY 2:   1 1 1 1 1 2 1 1 2 1   1 2 1 1 3 2 1 2 1 2   1 1 2 3 1 1 1 2 2 1   1
 EXTRA SYMMETRY OF MOS IN SYMMETRY 3:   1 1 1 1 1 2 1 1 2 1   1 2 1 1 3 2 1 2 1 2   1 1 2 3 1 1 1 2 2 1   1
 EXTRA SYMMETRY OF MOS IN SYMMETRY 4:   1 1 1 2 1 1 1 2 1 2   1 1 1 2 1 2 1 1 1
 EXTRA SYMMETRY OF MOS IN SYMMETRY 5:   1 1 1 1 1 2 1 1 2 1   1 2 1 1 1 3 2 2 1 1   2 1 2 1 3 1 2 3 1 2   1 1 2 1 2 3 1 3 1 2
                                        1 1 2 2 1 1
 EXTRA SYMMETRY OF MOS IN SYMMETRY 6:   1 1 1 1 2 1 1 1 2 1   1 2 1 1 3 1 2 2 1 1   2 1 3 1 1 2 2 2 1 1   1
 EXTRA SYMMETRY OF MOS IN SYMMETRY 7:   1 1 1 1 2 1 1 1 2 1   1 2 1 1 3 1 2 2 1 1   2 1 3 1 1 2 2 2 1 1   1
 EXTRA SYMMETRY OF MOS IN SYMMETRY 8:   1 1 1 2 1 1 1 1 2 1   2 1 1 1 2 2 1 1 1

 Wavefunction dump at record             2140.2

 Convergence thresholds  0.10E-01 (gradient)  0.10E-05 (energy)  0.10E-02 (step length)

 Weight factors for state symmetry  1:    0.20000   0.20000   0.20000
 Weight factors for state symmetry  2:    0.20000   0.20000

 Number of orbital rotations:      492   (     2 Core/Active     86 Core/Virtual   0 Active/Active    404 Active/Virtual)
 Total number of variables:     534788


 ITER. MIC  NCI  NEG     ENERGY(VAR)     ENERGY(PROJ)   ENERGY CHANGE     GRAD(0)  GRAD(ORB)   GRAD(CI)     STEP       TIME

   1   45   47    0    -149.39405572    -149.39421826   -0.00016255    0.04144305 0.00000000 0.00044081  0.24D-01      9.40
   2   34   35    0    -149.39421816    -149.39421819   -0.00000003    0.00005205 0.00000000 0.00016787  0.25D-02     17.21
   3   25   30    0    -149.39421819    -149.39421819   -0.00000000    0.00000287 0.00000087 0.00004118  0.18D-03     23.82

 ** WVFN ****  CONVERGENCE REACHED, FINAL GRADIENT:  0.90D-06



 Results for state 1.1
 =====================

 !MCSCF STATE 1.1 Energy             -149.499287350002
 Nuclear energy                        37.21685879
 Kinetic energy                       152.29986087
 One electron energy                 -278.92029259
 Two electron energy                   92.20414645
 Virial ratio                           1.98161145

 !MCSCF STATE 1.1 Dipole moment         0.00000000     0.00000000     0.00000000
 Dipole moment /Debye                   0.00000000     0.00000000     0.00000000

 Results for state 2.1
 =====================

 !MCSCF STATE 2.1 Energy             -149.462992353775
 Nuclear energy                        37.21685879
 Kinetic energy                       152.49646159
 One electron energy                 -279.06336276
 Two electron energy                   92.38351162
 Virial ratio                           1.98010794

 !MCSCF STATE 2.1 Dipole moment         0.00000000     0.00000000     0.00000000
 Dipole moment /Debye                   0.00000000     0.00000000     0.00000000

 Results for state 3.1
 =====================

 !MCSCF STATE 3.1 Energy             -149.250144130819
 Nuclear energy                        37.21685879
 Kinetic energy                       150.65592405
 One electron energy                 -273.11846148
 Two electron energy                   86.65145856
 Virial ratio                           1.99066894

 !MCSCF STATE 3.1 Dipole moment         0.00000000     0.00000000     0.00000000
 Dipole moment /Debye                   0.00000000     0.00000000     0.00000000



 Results for state 1.4
 =====================

 !MCSCF STATE 1.4 Energy             -149.495302524872
 Nuclear energy                        37.21685879
 Kinetic energy                       152.39571226
 One electron energy                 -279.03095972
 Two electron energy                   92.31879841
 Virial ratio                           1.98096790

 !MCSCF STATE 1.4 Dipole moment         0.00000000     0.00000000     0.00000000
 Dipole moment /Debye                   0.00000000     0.00000000     0.00000000

 Results for state 2.4
 =====================

 !MCSCF STATE 2.4 Energy             -149.263364585262
 Nuclear energy                        37.21685879
 Kinetic energy                       150.65300764
 One electron energy                 -272.89767133
 Two electron energy                   86.41744795
 Virial ratio                           1.99077587

 !MCSCF STATE 2.4 Dipole moment         0.00000000     0.00000000     0.00000000
 Dipole moment /Debye                   0.00000000     0.00000000     0.00000000

 State-averaged charge density matrix saved on record  2140.2 (density set 1)

 !MCSCF expec        <1.1|QMXX|1.1>    -0.232730521396
 !MCSCF trans        <2.1|QMXX|1.1>    -1.095181377862
 !MCSCF expec        <2.1|QMXX|2.1>     1.438980020878
 !MCSCF trans        <3.1|QMXX|1.1>    -0.942873905987
 !MCSCF trans        <3.1|QMXX|2.1>     2.383007495135
 !MCSCF expec        <3.1|QMXX|3.1>    12.496907959338
 !MCSCF expec        <1.4|QMXX|1.4>     0.526724169045
 !MCSCF trans        <2.4|QMXX|1.4>     1.612220809600
 !MCSCF expec        <2.4|QMXX|2.4>    11.861072584198

 !MCSCF expec        <1.1|QMYY|1.1>     1.257929189278
 !MCSCF trans        <2.1|QMYY|1.1>     1.096494592650
 !MCSCF expec        <2.1|QMYY|2.1>    -0.345475775101
 !MCSCF trans        <3.1|QMYY|1.1>     0.471925841013
 !MCSCF trans        <3.1|QMYY|2.1>    -1.282110372121
 !MCSCF expec        <3.1|QMYY|3.1>    -6.624904842180
 !MCSCF expec        <1.4|QMYY|1.4>     0.502056355509
 !MCSCF trans        <2.4|QMYY|1.4>    -0.899073413775
 !MCSCF expec        <2.4|QMYY|2.4>    -5.825086735602

 !MCSCF expec        <1.1|QMZZ|1.1>    -1.025198667882
 !MCSCF trans        <2.1|QMZZ|1.1>    -0.001313214788
 !MCSCF expec        <2.1|QMZZ|2.1>    -1.093504245777
 !MCSCF trans        <3.1|QMZZ|1.1>     0.470948064975
 !MCSCF trans        <3.1|QMZZ|2.1>    -1.100897123014
 !MCSCF expec        <3.1|QMZZ|3.1>    -5.872003117157
 !MCSCF expec        <1.4|QMZZ|1.4>    -1.028780524554
 !MCSCF trans        <2.4|QMZZ|1.4>    -0.713147395825
 !MCSCF expec        <2.4|QMZZ|2.4>    -6.035985848596

 !MCSCF trans        <1.4|QMXY|1.1>    -0.385532145081
 !MCSCF trans        <1.4|QMXY|2.1>    -1.241529498157
 !MCSCF trans        <1.4|QMXY|3.1>    -0.638064407401
 !MCSCF trans        <2.4|QMXY|1.1>    -0.902010205773
 !MCSCF trans        <2.4|QMXY|2.1>    -0.436722058339
 !MCSCF trans        <2.4|QMXY|3.1>    -0.328471964800

 !MCSCF expec        <1.1|QMRR|1.1>   -22.013064275542
 !MCSCF trans        <2.1|QMRR|1.1>     0.094533377193
 !MCSCF expec        <2.1|QMRR|2.1>   -22.642511741731
 !MCSCF trans        <3.1|QMRR|1.1>     3.446963815938
 !MCSCF trans        <3.1|QMRR|2.1>    -8.161241511729
 !MCSCF expec        <3.1|QMRR|3.1>   -59.426516787486
 !MCSCF expec        <1.4|QMRR|1.4>   -22.090907823109
 !MCSCF trans        <2.4|QMRR|1.4>    -5.302083129821
 !MCSCF expec        <2.4|QMRR|2.4>   -60.695844597500


 Natural orbital dump (state averaged) at molpro section  2140.2    (Orbital set 2)


 CI vector for state symmetry 1
 ==============================

 2 20 20 220 20 00        0.8720172   0.4445072  -0.0172580
 2 20 20 220 00 20       -0.4449756   0.8533372  -0.2001959
 2 20 20 220 00 ab       -0.0528044   0.1305836   0.6763132
 2 20 20 220 00 ba        0.0528044  -0.1305836  -0.6763132
 2 00 20 220 20 20        0.0390267  -0.0997283   0.0219384
 2 20 00 220 20 20       -0.0958222  -0.0606008   0.0040303
 2 00 20 220 20 ab        0.0065785  -0.0140725  -0.0733822
 2 00 20 220 20 ba       -0.0065785   0.0140725   0.0733822
 2 20 20 200 20 20       -0.0241865  -0.0702505   0.0114764
 2 b0 a0 220 a0 2b       -0.0058910   0.0135466   0.0523649
 2 a0 b0 220 b0 2a       -0.0058910   0.0135466   0.0523649

 TOTAL ENERGIES                      -149.49928735  -149.46299235  -149.25014413

 CI vector for state symmetry 2
 ==============================

 2 20 20 220 a0 b0        0.6901384  -0.0846382
 2 20 20 220 b0 a0       -0.6901384   0.0846382
 2 20 20 220 a0 0b        0.0836459   0.6828987
 2 20 20 220 b0 0a       -0.0836459  -0.6828987
 2 20 00 220 a0 2b       -0.0130622  -0.0744936
 2 20 00 220 b0 2a        0.0130622   0.0744936
 2 a0 b0 220 20 20       -0.0706237   0.0087662
 2 b0 a0 220 20 20        0.0706237  -0.0087662
 2 20 20 220 0a 0b       -0.0127966  -0.0588833
 2 20 20 220 0b 0a        0.0127966   0.0588833
 2 a0 b0 220 20 ab       -0.0059980  -0.0534167
 2 b0 a0 220 20 ba       -0.0059980  -0.0534167

 TOTAL ENERGIES                      -149.49530252  -149.26336459



 **********************************************************************************************************************************
 DATASETS  * FILE   NREC   LENGTH (MB)   RECORD NAMES
              1      20      320.25       500      701      610      900      950      970     1000      129      960     1100   
                                          VAR     GEOM    BASINP   SYMINP    ZMAT    AOBASIS   BASIS     P2S    ABASIS      S 
                                         1400     1410     1200     1210     1080     1600     1650     1300     1700     1380   
                                           T        V       H0       H01     AOSYM     SMH    MOLCAS    ERIS     OPER     JKOP   

              2      13      947.27       500      610      700     1000      520     2100     2140      701     2140(1)  7100   
                                          VAR    BASINP    GEOM     BASIS   MCVARS     RHF     MCSCF    GEOM     MCSCF    MRCI   
                                         8100     5100     6100   
                                         MRCI     MRCI     MRCI   

 PROGRAMS   *        TOTAL     MULTI       INT        CI        CI        CI     MULTI       INT        CI        CI        CI
 CPU TIMES  *     11468.74     30.17     22.74     27.42    976.59   2758.50     28.85     23.14     28.03    975.65   2755.35
 REAL TIME  *     11640.36 SEC
 DISK USED  *         3.32 GB      
 **********************************************************************************************************************************

1PROGRAM * CI (Multireference internally contracted CI)     Authors: H.-J. Werner, P.J. Knowles, 1987


 Convergence thresholds:  THRVAR = 1.00D-08  THRDEN = 1.00D-06

 Number of optimized states:  2  Roots:   1   2
 Number of reference states:  2  Roots:   1   2

 Program parameters:       NSTATE=  2    NSTATI=  3    NSTATR=  2    NCEPA = -1    NOKOP =  0    ITRDM =  0    ITRANS=  0
                           IDIP  =200    MAXIT =250    MAXITI=250    MAXDAV=  6    MAXVI =  9    NOSING=  0    NOPAIR=  0
                           MXSHRF=  9    IKCPS =  0    IOPTGM=  2    IOPTOR=  0    REFOPT=  1    IAVDEN=  0    IDELCG=  1
                           IREST =  0    NATORB=  0    IPUNRF=  0    ISEP  =  0    OLDDEN=  0    NSTPRI=  1    GPSFLI= -1
                           CLUSTE=  0    CLOSED=  1    ILSTYP=  0    ITRLS =  0    ICCSD =  0    LOCAL =  0    IBASO =  0
                           MP    =  0    ITEDIS=  2    INCDIS=  1    MAXDIS=  6    ITYDIS=  1    BRUECK=  0    IBRSTR=  3
                           INCBRK=  1    TRIPLE=  0    ICCTYP=  1    IHPPD =  0    ICCNEW=  0    I3EXT = -1    IDEB  =  0
                           IDLEIG=  1    IDFTYP=  1    IMP3  =  0    IPROCS=  0    NOINT =  0    NOREF =  1    IMP2G =  0
                           IHINT =  0    IFDIA =  0    ISPARO=  1    JKSYM =  0    CPHF  =  0    MP2D  = -1    DKINT =  0
                           NPKEX =  1    DRVK  =  1    HLSTRA=  1    WIGNER=  1    DIIS_C=  1    MAXIT_= 50    MATEL =  0
                           SPDEG =  1    MEMCPH=  0    DISM  =  1    KDCPMA=  5    IKDCP_=  0    IREDTH=  0    USECS =  0
                           IPROCC=  0    I3SAVE=  1    IKDCP =  1    USECI =  0    OLDPAI=  0    IPROCI=  0    KEEPCL=  1
                           DISCON=  0    SHIFTE=  0    DIISIN=  0    MOLCAS=  0    MEM_PT=  0    RECORD=  0    RS2C  =  0
                           KEXT  = -1    CIPT2 =  0    DECP0S=  0    I4EXT = -1    NATCOR=  0    RIMP2 =  0    DDCI  = -1

 Reference symmetry:                   1   Singlet 
 Number of electrons:                 16
 Maximum number of shells:             7
 Maximum number of spin couplings:   132

 Reference space:     9608 conf    28784 CSFs
 N elec internal:    73789 conf   226512 CSFs
 N-1 el internal:    69576 conf   339768 CSFs
 N-2 el internal:    58182 conf   452544 CSFs

 Number of electrons in valence space:                     12
 Maximum number of open shell orbitals in reference space: 10
 Maximum number of open shell orbitals in internal spaces: 12


 Number of core orbitals:           2 (   2   0   0   0   0   0   0   0 )
 Number of active  orbitals:       12 (   1   2   2   0   3   2   2   0 )
 Number of external orbitals:     240 (  43  29  29  19  43  29  29  19 )

 Molecular orbitals read from record     2140.2  Type=MCSCF/NATURAL (state averaged)

 Coulomb and exchange operators available. No transformation done.

 Number of p-space configurations:   3

 Reference wavefunction optimized for reference space (refopt=1)

 State     Reference Energy 
   1        -149.49928735
   2        -149.46299235
   3        -149.25014413

 Number of blocks in overlap matrix:    16   Smallest eigenvalue:  0.12D-04
 Number of N-2 electron functions:     288
 Number of N-1 electron functions:  339768

 Number of internal configurations:                28784
 Number of singly external configurations:      10197000
 Number of doubly external configurations:       1049024
 Total number of contracted configurations:     11274808
 Total number of uncontracted configurations: 1637811384

 Diagonal Coupling coefficients finished.               Storage:21559646 words, CPU-Time:     33.70 seconds.
 Energy denominators for pairs finished in 1 passes.    Storage: 1011457 words, CPU-time:      0.01 seconds.

  ITER. STATE  ROOT     SQ.NORM     CORR.ENERGY   TOTAL ENERGY   ENERGY CHANGE       DEN1      VAR(S)    VAR(P)      TIME
    1     1     1     1.00000000     0.00000000  -149.49928735     0.00000000    -0.28454018  0.27D-01  0.16D-01    46.85
    1     2     2     1.00000000     0.00000000  -149.46299235     0.00000000    -0.29164744  0.28D-01  0.18D-01    46.85
    2     1     1     1.04177886    -0.27898292  -149.77827027    -0.27898292    -0.01153230  0.11D-02  0.81D-03   293.84
    2     2     2     1.04279192    -0.28384954  -149.74684189    -0.28384954    -0.01206816  0.12D-02  0.88D-03   293.84
    3     1     1     1.04363848    -0.29024231  -149.78952966    -0.01125939    -0.00113342  0.12D-03  0.76D-04   539.44
    3     2     2     1.04470688    -0.29574510  -149.75873745    -0.01189556    -0.00135595  0.15D-03  0.96D-04   539.44
    4     1     1     1.04565910    -0.29141887  -149.79070622    -0.00117656    -0.00015420  0.15D-04  0.11D-04   786.28
    4     2     2     1.04723053    -0.29719759  -149.76018995    -0.00145249    -0.00021914  0.20D-04  0.17D-04   786.28
    5     1     1     1.04637876    -0.29158932  -149.79087667    -0.00017045    -0.00002596  0.21D-05  0.21D-05  1032.08
    5     2     2     1.04819091    -0.29745200  -149.76044435    -0.00025440    -0.00004510  0.36D-05  0.38D-05  1032.08
    6     1     1     1.04642566    -0.29161949  -149.79090684    -0.00003016    -0.00000600  0.57D-06  0.47D-06  1277.86
    6     2     2     1.04826949    -0.29750650  -149.76049886    -0.00005451    -0.00001245  0.11D-05  0.10D-05  1277.86
    7     1     1     1.04648063    -0.29162624  -149.79091359    -0.00000675    -0.00000178  0.19D-06  0.13D-06  1522.26
    7     2     2     1.04837316    -0.29752067  -149.76051302    -0.00001417    -0.00000419  0.43D-06  0.33D-06  1522.26
    8     1     1     1.04651366    -0.29162819  -149.79091554    -0.00000195    -0.00000060  0.58D-07  0.43D-07  1771.49
    8     2     2     1.04843246    -0.29752524  -149.76051759    -0.00000457    -0.00000153  0.14D-06  0.12D-06  1771.49
    9     1     1     1.04652168    -0.29162885  -149.79091620    -0.00000066    -0.00000021  0.23D-07  0.15D-07  2017.08
    9     2     2     1.04845102    -0.29752695  -149.76051931    -0.00000172    -0.00000059  0.56D-07  0.50D-07  2017.08
   10     1     1     1.04652606    -0.29162909  -149.79091644    -0.00000024    -0.00000009  0.10D-07  0.58D-08  2262.38
   10     2     2     1.04846398    -0.29752763  -149.76051998    -0.00000067    -0.00000025  0.28D-07  0.20D-07  2262.38
   11     1     1     1.04652813    -0.29162918  -149.79091653    -0.00000009    -0.00000004  0.37D-08  0.24D-08  2508.49
   11     2     2     1.04847056    -0.29752790  -149.76052025    -0.00000027    -0.00000011  0.11D-07  0.91D-08  2508.49
   12     1     1     1.04652812    -0.29162918  -149.79091653    -0.00000000    -0.00000004  0.38D-08  0.24D-08  2711.43
   12     2     2     1.04848614    -0.29752811  -149.76052046    -0.00000021    -0.00000002  0.16D-08  0.11D-08  2711.43


 =====================================
 Analysis of CPU times by interactions
 =====================================

       I      S      P

 I   0.9%
 S   1.0%  18.9%
 P   2.5%  62.9%  11.3%

 Initialization:   1.4%
 Other:            1.2%

 Total CPU:     2711.4 seconds
 =====================================



 Wavefunction saved on  5100.2

 Reference coefficients greater than 0.0500000
 =============================================
 220202202000           0.7175531   0.6382851
 220202200020          -0.6345601   0.7015325
 2202022000/\          -0.0966902   0.1317219
 200202202020           0.0582079  -0.0817441
 220002202020          -0.0706683  -0.0775385
 220202002020          -0.0048895  -0.0664823

 Coefficients of fixed reference functions:
 ==========================================

 State      Coefficients
   1         0.946098   -0.244546
   2         0.248552    0.943975

 Coefficients of rotated reference functions:
 ============================================

 State      Coefficients
   1         0.977190    0.002206
   2         0.002206    0.976146



 RESULTS FOR STATE 1.1
 =====================

 Coefficient of reference function:   C(0) = 0.94609823 (fixed)   0.97751752 (relaxed)   0.97718965 (rotated)

 Energy contributions of configuration classes

 CLASS          SQ.NORM        ECORR1        ECORR2
 +++++++++++++++++++++++++++++++++++++++++++++++++++
 Internals    0.06752151    0.00000000   -0.01762567
 Singles      0.02555074   -0.10147965   -0.09750480
 Pairs        0.02411903   -0.19014953   -0.17649871
 Total        1.11719128   -0.29162918   -0.29162918
 +++++++++++++++++++++++++++++++++++++++++++++++++++


 Reference energy                    -149.49928735
 Nuclear energy                        37.21685879
 Kinetic energy                       152.38348537
 One electron energy                 -278.47455634
 Two electron energy                   91.46678103
 Virial quotient                       -0.98298655
 Correlation energy                    -0.29162918
 !MRCI STATE 1.1 Energy              -149.790916526822

 Properties without orbital relaxation:

 !MRCI STATE 1.1 Dipole moment          0.00000000     0.00000000     0.00000000
 Dipole moment /Debye                   0.00000000     0.00000000     0.00000000

 Cluster corrected energies          -149.82509292 (Davidson, fixed reference)
 Cluster corrected energies          -149.80448548 (Davidson, relaxed reference)
 Cluster corrected energies          -149.80469032 (Davidson, rotated reference)

 Cluster corrected energies          -149.82174150 (Pople, fixed reference)
 Cluster corrected energies          -149.80258223 (Pople, relaxed reference)
 Cluster corrected energies          -149.80276394 (Pople, rotated reference)


 Cluster corrections using rotated reference energy:

 Reference energy (rotated)          -149.49697444
 MRCI Correlation energy               -0.29394209

 Cluster corrected energies          -149.80459310 (Davidson, relaxed reference)
 Cluster corrected energies          -149.80479956 (Davidson, rotated reference)

 Cluster corrected energies          -149.80267475 (Pople, relaxed reference)
 Cluster corrected energies          -149.80285790 (Pople, rotated reference)

 

 !MRCI expec         <1.1|QMXX|1.1>     0.427701306535
 !MRCI expec         <1.1|QMYY|1.1>     0.689919441503
 !MRCI expec         <1.1|QMZZ|1.1>    -1.117620748038
 !MRCI expec         <1.1|QMRR|1.1>   -22.371564917868



 RESULTS FOR STATE 2.1
 =====================

 Coefficient of reference function:   C(0) = 0.94397480 (fixed)   0.97660435 (relaxed)   0.97614643 (rotated)

 Energy contributions of configuration classes

 CLASS          SQ.NORM        ECORR1        ECORR2
 +++++++++++++++++++++++++++++++++++++++++++++++++++
 Internals    0.07032705    0.00000000   -0.01864538
 Singles      0.02578737   -0.09599760   -0.09237769
 Pairs        0.02610866   -0.20153050   -0.18650503
 Total        1.12222308   -0.29752810   -0.29752811
 +++++++++++++++++++++++++++++++++++++++++++++++++++


 Reference energy                    -149.46299235
 Nuclear energy                        37.21685879
 Kinetic energy                       152.34590253
 One electron energy                 -278.34986075
 Two electron energy                   91.37248151
 Virial quotient                       -0.98302953
 Correlation energy                    -0.29752811
 !MRCI STATE 2.1 Energy              -149.760520458966

 Properties without orbital relaxation:

 !MRCI STATE 2.1 Dipole moment          0.00000000     0.00000000     0.00000000
 Dipole moment /Debye                   0.00000000     0.00000000     0.00000000

 Cluster corrected energies          -149.79688526 (Davidson, fixed reference)
 Cluster corrected energies          -149.77494645 (Davidson, relaxed reference)
 Cluster corrected energies          -149.77523920 (Davidson, rotated reference)

 Cluster corrected energies          -149.79343200 (Pople, fixed reference)
 Cluster corrected energies          -149.77293936 (Pople, relaxed reference)
 Cluster corrected energies          -149.77319978 (Pople, rotated reference)


 Cluster corrections using rotated reference energy:

 Reference energy (rotated)          -149.46530527
 MRCI Correlation energy               -0.29521519

 Cluster corrected energies          -149.77483430 (Davidson, relaxed reference)
 Cluster corrected energies          -149.77512478 (Davidson, rotated reference)

 Cluster corrected energies          -149.77284282 (Pople, relaxed reference)
 Cluster corrected energies          -149.77310122 (Pople, rotated reference)

 

 !MRCI expec         <2.1|QMXX|2.1>     0.774257322021
 !MRCI expec         <2.1|QMYY|2.1>     0.412438867375
 !MRCI expec         <2.1|QMZZ|2.1>    -1.186696189396
 !MRCI expec         <2.1|QMRR|2.1>   -22.754232770150


 !MRCI trans         <2.1|QMXX|1.1>    -1.312413623023
 !MRCI trans         <2.1|QMYY|1.1>     1.306523915008
 !MRCI trans         <2.1|QMZZ|1.1>     0.005889708015
 !MRCI trans         <2.1|QMRR|1.1>     0.077755420759


 **********************************************************************************************************************************
 DATASETS  * FILE   NREC   LENGTH (MB)   RECORD NAMES
              1      20      320.25       500      701      610      900      950      970     1000      129      960     1100   
                                          VAR     GEOM    BASINP   SYMINP    ZMAT    AOBASIS   BASIS     P2S    ABASIS      S 
                                         1400     1410     1200     1210     1080     1600     1650     1300     1700     1380   
                                           T        V       H0       H01     AOSYM     SMH    MOLCAS    ERIS     OPER     JKOP   

              2      13      947.27       500      610      700     1000      520     2100     2140      701     2140(1)  7100   
                                          VAR    BASINP    GEOM     BASIS   MCVARS     RHF     MCSCF    GEOM     MCSCF    MRCI   
                                         8100     5100     6100   
                                         MRCI     MRCI     MRCI   

 PROGRAMS   *        TOTAL        CI     MULTI       INT        CI        CI        CI     MULTI       INT        CI        CI
 CPU TIMES  *     14222.02   2753.28     30.17     22.74     27.42    976.59   2758.50     28.85     23.14     28.03    975.65
 REAL TIME  *     14419.81 SEC
 DISK USED  *         3.32 GB      
 **********************************************************************************************************************************

1PROGRAM * CI (Multireference internally contracted CI)     Authors: H.-J. Werner, P.J. Knowles, 1987


 Convergence thresholds:  THRVAR = 1.00D-08  THRDEN = 1.00D-06

 Number of optimized states:  1  Roots:   1
 Number of reference states:  1  Roots:   1

 Program parameters:       NSTATE=  1    NSTATI=  2    NSTATR=  1    NCEPA = -1    NOKOP =  0    ITRDM =  0    ITRANS=  0
                           IDIP  =200    MAXIT =250    MAXITI=250    MAXDAV=  4    MAXVI =  6    NOSING=  0    NOPAIR=  0
                           MXSHRF=  9    IKCPS =  0    IOPTGM=  2    IOPTOR=  0    REFOPT=  1    IAVDEN=  0    IDELCG=  1
                           IREST =  0    NATORB=  0    IPUNRF=  0    ISEP  =  0    OLDDEN=  0    NSTPRI=  1    GPSFLI= -1
                           CLUSTE=  0    CLOSED=  1    ILSTYP=  0    ITRLS =  0    ICCSD =  0    LOCAL =  0    IBASO =  0
                           MP    =  0    ITEDIS=  2    INCDIS=  1    MAXDIS=  6    ITYDIS=  1    BRUECK=  0    IBRSTR=  3
                           INCBRK=  1    TRIPLE=  0    ICCTYP=  1    IHPPD =  0    ICCNEW=  0    I3EXT = -1    IDEB  =  0
                           IDLEIG=  1    IDFTYP=  1    IMP3  =  0    IPROCS=  0    NOINT =  0    NOREF =  1    IMP2G =  0
                           IHINT =  0    IFDIA =  0    ISPARO=  1    JKSYM =  0    CPHF  =  0    MP2D  = -1    DKINT =  0
                           NPKEX =  1    DRVK  =  1    HLSTRA=  1    WIGNER=  1    DIIS_C=  1    MAXIT_= 50    MATEL =  0
                           SPDEG =  1    MEMCPH=  0    DISM  =  1    KDCPMA=  5    IKDCP_=  0    IREDTH=  0    USECS =  0
                           IPROCC=  0    I3SAVE=  1    IKDCP =  1    USECI =  0    OLDPAI=  0    IPROCI=  0    KEEPCL=  1
                           DISCON=  0    SHIFTE=  0    DIISIN=  0    MOLCAS=  0    MEM_PT=  0    RECORD=  0    RS2C  =  0
                           KEXT  = -1    CIPT2 =  0    DECP0S=  0    I4EXT = -1    NATCOR=  0    RIMP2 =  0    DDCI  = -1

 Reference symmetry:                   4   Singlet 
 Number of electrons:                 16
 Maximum number of shells:             7
 Maximum number of spin couplings:   132

 Reference space:     9136 conf    28224 CSFs
 N elec internal:    73789 conf   226512 CSFs
 N-1 el internal:    69576 conf   339768 CSFs
 N-2 el internal:    57950 conf   452232 CSFs

 Number of electrons in valence space:                     12
 Maximum number of open shell orbitals in reference space: 10
 Maximum number of open shell orbitals in internal spaces: 12


 Number of core orbitals:           2 (   2   0   0   0   0   0   0   0 )
 Number of active  orbitals:       12 (   1   2   2   0   3   2   2   0 )
 Number of external orbitals:     240 (  43  29  29  19  43  29  29  19 )

 Molecular orbitals read from record     2140.2  Type=MCSCF/NATURAL (state averaged)

 Coulomb and exchange operators available. No transformation done.

 Number of p-space configurations:   2

 Reference wavefunction optimized for reference space (refopt=1)

 State     Reference Energy 
   1        -149.49530252
   2        -149.26336459

 Number of blocks in overlap matrix:    16   Smallest eigenvalue:  0.21D-02
 Number of N-2 electron functions:     144
 Number of N-1 electron functions:  339768

 Number of internal configurations:                28224
 Number of singly external configurations:      10188360
 Number of doubly external configurations:        524512
 Total number of contracted configurations:     10741096
 Total number of uncontracted configurations: 1636528232

 Diagonal Coupling coefficients finished.               Storage:15219669 words, CPU-Time:     12.65 seconds.
 Energy denominators for pairs finished in 1 passes.    Storage: 1043000 words, CPU-time:      0.01 seconds.

  ITER. STATE  ROOT     SQ.NORM     CORR.ENERGY   TOTAL ENERGY   ENERGY CHANGE       DEN1      VAR(S)    VAR(P)      TIME
    1     1     1     1.00000000     0.00000000  -149.49530252     0.00000000    -0.29502366  0.29D-01  0.17D-01    20.95
    2     1     1     1.04249773    -0.28373707  -149.77903960    -0.28373707    -0.01071602  0.11D-02  0.77D-03   138.86
    3     1     1     1.04424510    -0.29397505  -149.78927758    -0.01023798    -0.00098334  0.11D-03  0.67D-04   257.21
    4     1     1     1.04617314    -0.29497628  -149.79027881    -0.00100123    -0.00011907  0.13D-04  0.84D-05   374.92
    5     1     1     1.04687918    -0.29510476  -149.79040729    -0.00012848    -0.00001584  0.15D-05  0.13D-05   494.12
    6     1     1     1.04697566    -0.29512280  -149.79042532    -0.00001804    -0.00000263  0.28D-06  0.21D-06   611.67
    7     1     1     1.04697795    -0.29512588  -149.79042840    -0.00000308    -0.00000053  0.58D-07  0.47D-07   729.02
    8     1     1     1.04698993    -0.29512654  -149.79042906    -0.00000066    -0.00000014  0.18D-07  0.11D-07   848.81
    9     1     1     1.04699553    -0.29512671  -149.79042923    -0.00000017    -0.00000004  0.42D-08  0.31D-08   966.21


 =====================================
 Analysis of CPU times by interactions
 =====================================

       I      S      P

 I   1.6%
 S   1.6%  22.7%
 P   2.3%  61.7%   7.3%

 Initialization:   1.6%
 Other:            1.0%

 Total CPU:      966.2 seconds
 =====================================



 Wavefunction saved on  6100.2

 Reference coefficients greater than 0.0500000
 =============================================
 22020220/0\0           0.9575945
 22020220/00\           0.0998827
 2/0\02202020          -0.0914380



 RESULTS FOR STATE 1.4
 =====================

 Coefficient of reference function:   C(0) = 0.97700385 (fixed)   0.97729930 (relaxed)

 Energy contributions of configuration classes

 CLASS          SQ.NORM        ECORR1        ECORR2
 +++++++++++++++++++++++++++++++++++++++++++++++++++
 Internals    0.00060489    0.00000001   -0.00017040
 Singles      0.02459586   -0.10309756   -0.10533794
 Pairs        0.02242809   -0.19202915   -0.18961837
 Total        1.04762885   -0.29512671   -0.29512671
 +++++++++++++++++++++++++++++++++++++++++++++++++++


 Reference energy                    -149.49530252
 Nuclear energy                        37.21685879
 Kinetic energy                       152.38272909
 One electron energy                 -278.47710559
 Two electron energy                   91.46981756
 Virial quotient                       -0.98298823
 Correlation energy                    -0.29512671
 !MRCI STATE 1.4 Energy              -149.790429234577

 Properties without orbital relaxation:

 !MRCI STATE 1.4 Dipole moment          0.00000000     0.00000000     0.00000000
 Dipole moment /Debye                   0.00000000     0.00000000     0.00000000

 Cluster corrected energies          -149.80448578 (Davidson, fixed reference)
 Cluster corrected energies          -149.80429887 (Davidson, relaxed reference)

 Cluster corrected energies          -149.80252310 (Pople, fixed reference)
 Cluster corrected energies          -149.80235720 (Pople, relaxed reference)

 

 !MRCI expec         <1.4|QMXX|1.4>     0.560923779132
 !MRCI expec         <1.4|QMYY|1.4>     0.555698311178
 !MRCI expec         <1.4|QMZZ|1.4>    -1.116622090311
 !MRCI expec         <1.4|QMRR|1.4>   -22.369673011378


 **********************************************************************************************************************************
 DATASETS  * FILE   NREC   LENGTH (MB)   RECORD NAMES
              1      20      320.25       500      701      610      900      950      970     1000      129      960     1100   
                                          VAR     GEOM    BASINP   SYMINP    ZMAT    AOBASIS   BASIS     P2S    ABASIS      S 
                                         1400     1410     1200     1210     1080     1600     1650     1300     1700     1380   
                                           T        V       H0       H01     AOSYM     SMH    MOLCAS    ERIS     OPER     JKOP   

              2      13      947.27       500      610      700     1000      520     2100     2140      701     2140(1)  7100   
                                          VAR    BASINP    GEOM     BASIS   MCVARS     RHF     MCSCF    GEOM     MCSCF    MRCI   
                                         8100     5100     6100   
                                         MRCI     MRCI     MRCI   

 PROGRAMS   *        TOTAL        CI        CI     MULTI       INT        CI        CI        CI     MULTI       INT        CI
 CPU TIMES  *     15198.86    976.84   2753.28     30.17     22.74     27.42    976.59   2758.50     28.85     23.14     28.03
 REAL TIME  *     15406.31 SEC
 DISK USED  *         3.32 GB      
 **********************************************************************************************************************************

1PROGRAM * CI (Multireference internally contracted CI)     Authors: H.-J. Werner, P.J. Knowles, 1987


   Transition moment calculation
   =============================


 Ket wavefunction restored from record 6100.2 to file 8
 Bra wavefunction restored from record 5100.2 to file 7



 !MRCI trans         <1.1|QMXY|1.4>    -0.067007286539


 !MRCI trans         <2.1|QMXY|1.4>    -1.308477822142


 **********************************************************************************************************************************
 DATASETS  * FILE   NREC   LENGTH (MB)   RECORD NAMES
              1      20      320.25       500      701      610      900      950      970     1000      129      960     1100   
                                          VAR     GEOM    BASINP   SYMINP    ZMAT    AOBASIS   BASIS     P2S    ABASIS      S 
                                         1400     1410     1200     1210     1080     1600     1650     1300     1700     1380   
                                           T        V       H0       H01     AOSYM     SMH    MOLCAS    ERIS     OPER     JKOP   

              2      13      947.27       500      610      700     1000      520     2100     2140      701     2140(1)  7100   
                                          VAR    BASINP    GEOM     BASIS   MCVARS     RHF     MCSCF    GEOM     MCSCF    MRCI   
                                         8100     5100     6100   
                                         MRCI     MRCI     MRCI   

 PROGRAMS   *        TOTAL        CI        CI        CI     MULTI       INT        CI        CI        CI     MULTI       INT
 CPU TIMES  *     15226.09     27.23    976.84   2753.28     30.17     22.74     27.42    976.59   2758.50     28.85     23.14
 REAL TIME  *     15434.17 SEC
 DISK USED  *         3.32 GB      
 **********************************************************************************************************************************

 DO I                   =         5.00000000   


 Using spherical harmonics

 Library entry O      S aug-cc-pV5Z          selected for orbital group  1
 Library entry O      P aug-cc-pV5Z          selected for orbital group  1
 Library entry O      D aug-cc-pV5Z          selected for orbital group  1
 Library entry O      F aug-cc-pV5Z          selected for orbital group  1
 Library entry O      G aug-cc-pV5Z          selected for orbital group  1
 Library entry O      H aug-cc-pV5Z          selected for orbital group  1

1PROGRAM * SEWARD (Integral evaluation for generally contracted gaussian basis sets)     Author: Roland Lindh, 1990

 Geometry written to block  1 of record 701

 Orientation using atomic masses  
 Molecule type: Linear
 Symmetry elements: X,Y,Z
 Rotational constants:      77.9935107     77.9935107      0.0000000 GHz  (calculated with average atomic masses)

 Point group  D2h 



 ATOMIC COORDINATES

 NR  ATOM    CHARGE       X              Y              Z

   1  O       8.00    0.000000000    0.000000000   -0.850376756
   2  O       8.00    0.000000000    0.000000000    0.850376756

 Bond lengths in Bohr (Angstrom)

 1-2  1.700753512
     ( 0.900000000)

 NUCLEAR CHARGE:                   16
 NUMBER OF PRIMITIVE AOS:         398
 NUMBER OF SYMMETRY AOS:          288
 NUMBER OF CONTRACTIONS:          254   (  46Ag  +  31B3u +  31B2u +  19B1g +  46B1u +  31B2g +  31B3g +  19Au  )
 NUMBER OF CORE ORBITALS:           2   (   1Ag  +   0B3u +   0B2u +   0B1g +   1B1u +   0B2g +   0B3g +   0Au  )
 NUMBER OF VALENCE ORBITALS:        8   (   2Ag  +   1B3u +   1B2u +   0B1g +   2B1u +   1B2g +   1B3g +   0Au  )


 NUCLEAR REPULSION ENERGY   37.63037944

 EXTRA SYMMETRY OF AOS IN SYMMETRY 1:   1 1 1 1 1 1 1 1 1 1   1 1 1 1 2 1 2 1 2 1   2 1 2 1 2 1 2 1 2 1   2 1 3 2 1 3 2 1 3 2
                                        2 3 1 2 3 1
 EXTRA SYMMETRY OF AOS IN SYMMETRY 2:   1 1 1 1 1 1 1 1 1 1   1 1 2 1 2 1 2 1 2 1   2 1 2 1 2 1 2 3 1 2   3
 EXTRA SYMMETRY OF AOS IN SYMMETRY 3:   1 1 1 1 1 1 1 1 1 1   1 1 2 1 2 1 2 1 2 1   2 1 2 1 2 1 2 3 1 2   3
 EXTRA SYMMETRY OF AOS IN SYMMETRY 4:   1 1 1 1 1 1 1 1 1 1   2 1 2 1 2 2 1 2 1
 EXTRA SYMMETRY OF AOS IN SYMMETRY 5:   1 1 1 1 1 1 1 1 1 1   1 1 1 1 2 1 2 1 2 1   2 1 2 1 2 1 2 1 2 1   2 1 3 2 1 3 2 1 3 2
                                        2 3 1 2 3 1
 EXTRA SYMMETRY OF AOS IN SYMMETRY 6:   1 1 1 1 1 1 1 1 1 1   1 1 2 1 2 1 2 1 2 1   2 1 2 1 2 1 2 3 1 2   3
 EXTRA SYMMETRY OF AOS IN SYMMETRY 7:   1 1 1 1 1 1 1 1 1 1   1 1 2 1 2 1 2 1 2 1   2 1 2 1 2 1 2 3 1 2   3
 EXTRA SYMMETRY OF AOS IN SYMMETRY 8:   1 1 1 1 1 1 1 1 1 1   2 1 2 1 2 2 1 2 1

 Eigenvalues of metric

         1 0.855E-04 0.238E-03 0.558E-03 0.166E-02 0.584E-02 0.209E-01 0.211E-01 0.259E-01
         2 0.838E-03 0.465E-02 0.949E-02 0.370E-01 0.549E-01 0.144E+00 0.155E+00 0.165E+00
         3 0.838E-03 0.465E-02 0.949E-02 0.370E-01 0.549E-01 0.144E+00 0.155E+00 0.165E+00
         4 0.209E-01 0.842E-01 0.861E-01 0.214E+00 0.296E+00 0.317E+00 0.465E+00 0.472E+00
         5 0.599E-05 0.559E-04 0.217E-03 0.517E-03 0.670E-03 0.777E-03 0.144E-02 0.469E-02
         6 0.251E-04 0.160E-03 0.100E-02 0.527E-02 0.110E-01 0.209E-01 0.252E-01 0.501E-01
         7 0.251E-04 0.160E-03 0.100E-02 0.527E-02 0.110E-01 0.209E-01 0.252E-01 0.501E-01
         8 0.670E-03 0.566E-02 0.237E-01 0.588E-01 0.152E+00 0.163E+00 0.190E+00 0.192E+00


 Contracted 2-electron integrals neglected if value below      1.0D-12
 AO integral compression algorithm  1   Integral accuracy      1.0D-12

     470.286 MB (compressed) written to integral file ( 51.5%)


 NUMBER OF SORTED TWO-ELECTRON INTEGRALS:   66838400.     BUFFER LENGTH:  32768
 NUMBER OF SEGMENTS:   5  SEGMENT LENGTH:   15999177      RECORD LENGTH: 524288

 Memory used in sort:      16.56 MW

 SORT1 READ   114264352. AND WROTE    47776420. INTEGRALS IN    139 RECORDS. CPU TIME:     2.82 SEC, REAL TIME:     3.19 SEC
 SORT2 READ    47776420. AND WROTE    66838400. INTEGRALS IN   1794 RECORDS. CPU TIME:     1.05 SEC, REAL TIME:     1.29 SEC

 FILE SIZES:   FILE 1:   490.9 MBYTE,  FILE 4:   583.0 MBYTE,   TOTAL:   1073.9 MBYTE

 OPERATOR DM      FOR CENTER  0  COORDINATES:    0.000000    0.000000    0.000000
 OPERATOR QM      FOR CENTER  0  COORDINATES:    0.000000    0.000000    0.000000


 **********************************************************************************************************************************
 DATASETS  * FILE   NREC   LENGTH (MB)   RECORD NAMES
              1      19      309.96       500      701      610      900      950      970     1000      129      960     1100   
                                          VAR     GEOM    BASINP   SYMINP    ZMAT    AOBASIS   BASIS     P2S    ABASIS      S 
                                         1400     1410     1200     1210     1080     1600     1650     1300     1700   
                                           T        V       H0       H01     AOSYM     SMH    MOLCAS    ERIS     OPER   

              2      13      947.27       500      610      700     1000      520     2100     2140      701     2140(1)  7100   
                                          VAR    BASINP    GEOM     BASIS   MCVARS     RHF     MCSCF    GEOM     MCSCF    MRCI   
                                         8100     5100     6100   
                                         MRCI     MRCI     MRCI   

 PROGRAMS   *        TOTAL       INT        CI        CI        CI     MULTI       INT        CI        CI        CI     MULTI
 CPU TIMES  *     15248.97     22.88     27.23    976.84   2753.28     30.17     22.74     27.42    976.59   2758.50     28.85
 REAL TIME  *     15465.42 SEC
 DISK USED  *         3.32 GB      
 **********************************************************************************************************************************

1PROGRAM * MULTI (Direct Multiconfiguration SCF)       Authors: P.J. Knowles, H.-J. Werner (1984)     S.T. Elbert (1988)


 Number of closed-shell orbitals:   2 (   2   0   0   0   0   0   0   0 )
 Number of active  orbitals:       12 (   1   2   2   0   3   2   2   0 )
 Number of external orbitals:     240 (  43  29  29  19  43  29  29  19 )

 State symmetry 1

 Number of electrons:    12    Spin symmetry=Singlet   Space symmetry=1
 Number of states:        3
 Number of CSFs:      28784   (107016 determinants, 853776 intermediate states)

 State symmetry 2

 Number of electrons:    12    Spin symmetry=Singlet   Space symmetry=4
 Number of states:        2
 Number of CSFs:      28224   (106624 determinants, 853776 intermediate states)

 Iteration controls:
             1  2  3  4  5  6  7  8  9 10 11 12 13 14 15 16 17 18 19 20 21 22 23 24 25 26 27 28 29 30 31 32 33 34 35 36 37 38 39
 DIAGCI      T  T  T  T  T  T  T  T  T  T  T  T  T  T  T  T  T  T  T  T  T  T  T  T  T  T  T  T  T  T  T  T  T  T  T  T  T  T  T
 WERNER      T  T  T  T  T  T  T  T  T  T  T  T  T  T  T  T  T  T  T  T  T  T  T  T  T  T  T  T  T  T  T  T  T  T  T  T  T  T  T
 INTERNAL    F  T  T  T  T  T  T  T  T  T  T  T  T  T  T  T  T  T  T  T  T  T  T  T  T  T  T  T  T  T  T  T  T  T  T  T  T  T  T

 Molecular orbitals read from record     2140.2  Type=MCSCF/NATURAL (state averaged)

 EXTRA SYMMETRY OF MOS IN SYMMETRY 1:   1 1 1 1 1 2 1 1 1 2   2 1 1 3 1 1 2 2 1 1   2 1 1 3 2 3 1 2 1 2   1 2 1 1 3 2 1 1 1 3
                                        2 2 2 1 1 1
 EXTRA SYMMETRY OF MOS IN SYMMETRY 2:   1 1 1 1 1 2 1 1 2 1   1 2 1 1 3 2 1 2 1 2   1 1 2 3 1 1 1 2 2 1   1
 EXTRA SYMMETRY OF MOS IN SYMMETRY 3:   1 1 1 1 1 2 1 1 2 1   1 2 1 1 3 2 1 2 1 2   1 1 2 3 1 1 1 2 2 1   1
 EXTRA SYMMETRY OF MOS IN SYMMETRY 4:   1 1 1 2 1 1 1 2 1 2   1 1 1 2 1 2 1 1 1
 EXTRA SYMMETRY OF MOS IN SYMMETRY 5:   1 1 1 1 1 2 1 1 2 1   1 2 1 1 1 3 2 2 1 1   2 1 2 1 3 1 2 3 1 2   1 1 2 1 2 3 1 3 1 2
                                        1 1 2 2 1 1
 EXTRA SYMMETRY OF MOS IN SYMMETRY 6:   1 1 1 1 2 1 1 1 2 1   1 2 1 1 3 1 2 2 1 1   2 1 3 1 1 2 2 2 1 1   1
 EXTRA SYMMETRY OF MOS IN SYMMETRY 7:   1 1 1 1 2 1 1 1 2 1   1 2 1 1 3 1 2 2 1 1   2 1 3 1 1 2 2 2 1 1   1
 EXTRA SYMMETRY OF MOS IN SYMMETRY 8:   1 1 1 2 1 1 1 1 2 1   2 1 1 1 2 2 1 1 1

 Wavefunction dump at record             2140.2

 Convergence thresholds  0.10E-01 (gradient)  0.10E-05 (energy)  0.10E-02 (step length)

 Weight factors for state symmetry  1:    0.20000   0.20000   0.20000
 Weight factors for state symmetry  2:    0.20000   0.20000

 Number of orbital rotations:      492   (     2 Core/Active     86 Core/Virtual   0 Active/Active    404 Active/Virtual)
 Total number of variables:     534788


 ITER. MIC  NCI  NEG     ENERGY(VAR)     ENERGY(PROJ)   ENERGY CHANGE     GRAD(0)  GRAD(ORB)   GRAD(CI)     STEP       TIME

   1   45   47    0    -149.36836822    -149.36853838   -0.00017016    0.04256585 0.00000000 0.00049111  0.25D-01      8.99
   2   34   35    0    -149.36853828    -149.36853832   -0.00000004    0.00005562 0.00000000 0.00024206  0.32D-02     16.69
   3   24   30    0    -149.36853832    -149.36853832   -0.00000000    0.00000452 0.00000154 0.00007127  0.29D-03     23.64

 ** WVFN ****  CONVERGENCE REACHED, FINAL GRADIENT:  0.15D-05



 Results for state 1.1
 =====================

 !MCSCF STATE 1.1 Energy             -149.471223546838
 Nuclear energy                        37.63037944
 Kinetic energy                       152.42913652
 One electron energy                 -279.63230511
 Two electron energy                   92.53070212
 Virial ratio                           1.98059483

 !MCSCF STATE 1.1 Dipole moment         0.00000000     0.00000000     0.00000000
 Dipole moment /Debye                   0.00000000     0.00000000     0.00000000

 Results for state 2.1
 =====================

 !MCSCF STATE 2.1 Energy             -149.435046309388
 Nuclear energy                        37.63037944
 Kinetic energy                       152.62023197
 One electron energy                 -279.76352639
 Two electron energy                   92.69810063
 Virial ratio                           1.97912999

 !MCSCF STATE 2.1 Dipole moment         0.00000000     0.00000000     0.00000000
 Dipole moment /Debye                   0.00000000     0.00000000     0.00000000

 Results for state 3.1
 =====================

 !MCSCF STATE 3.1 Energy             -149.227873620441
 Nuclear energy                        37.63037944
 Kinetic energy                       150.79658939
 One electron energy                 -273.86986460
 Two electron energy                   87.01161154
 Virial ratio                           1.98959714

 !MCSCF STATE 3.1 Dipole moment         0.00000000     0.00000000     0.00000000
 Dipole moment /Debye                   0.00000000     0.00000000     0.00000000



 Results for state 1.4
 =====================

 !MCSCF STATE 1.4 Energy             -149.467247296884
 Nuclear energy                        37.63037944
 Kinetic energy                       152.52383672
 One electron energy                 -279.74102326
 Two electron energy                   92.64339652
 Virial ratio                           1.97995992

 !MCSCF STATE 1.4 Dipole moment         0.00000000     0.00000000     0.00000000
 Dipole moment /Debye                   0.00000000     0.00000000     0.00000000

 Results for state 2.4
 =====================

 !MCSCF STATE 2.4 Energy             -149.241300812965
 Nuclear energy                        37.63037944
 Kinetic energy                       150.78814143
 One electron energy                 -273.63082997
 Two electron energy                   86.75914972
 Virial ratio                           1.98974163

 !MCSCF STATE 2.4 Dipole moment         0.00000000     0.00000000     0.00000000
 Dipole moment /Debye                   0.00000000     0.00000000     0.00000000

 State-averaged charge density matrix saved on record  2140.2 (density set 1)

 !MCSCF expec        <1.1|QMXX|1.1>    -0.221598165851
 !MCSCF trans        <2.1|QMXX|1.1>    -1.120302742315
 !MCSCF expec        <2.1|QMXX|2.1>     1.488368804849
 !MCSCF trans        <3.1|QMXX|1.1>    -0.970307247119
 !MCSCF trans        <3.1|QMXX|2.1>     2.456657671308
 !MCSCF expec        <3.1|QMXX|3.1>    12.479106407093
 !MCSCF expec        <1.4|QMXX|1.4>     0.550765441902
 !MCSCF trans        <2.4|QMXX|1.4>     1.660475309622
 !MCSCF expec        <2.4|QMXX|2.4>    11.860134847315

 !MCSCF expec        <1.1|QMYY|1.1>     1.284300334099
 !MCSCF trans        <2.1|QMYY|1.1>     1.118136286271
 !MCSCF expec        <2.1|QMYY|2.1>    -0.348439164404
 !MCSCF trans        <3.1|QMYY|1.1>     0.485677194950
 !MCSCF trans        <3.1|QMYY|2.1>    -1.323501114998
 !MCSCF expec        <3.1|QMYY|3.1>    -6.596493656176
 !MCSCF expec        <1.4|QMYY|1.4>     0.517581153082
 !MCSCF trans        <2.4|QMYY|1.4>    -0.928038531348
 !MCSCF expec        <2.4|QMYY|2.4>    -5.801277728012

 !MCSCF expec        <1.1|QMZZ|1.1>    -1.062702168249
 !MCSCF trans        <2.1|QMZZ|1.1>     0.002166456044
 !MCSCF expec        <2.1|QMZZ|2.1>    -1.139929640445
 !MCSCF trans        <3.1|QMZZ|1.1>     0.484630052170
 !MCSCF trans        <3.1|QMZZ|2.1>    -1.133156556311
 !MCSCF expec        <3.1|QMZZ|3.1>    -5.882612750917
 !MCSCF expec        <1.4|QMZZ|1.4>    -1.068346594984
 !MCSCF trans        <2.4|QMZZ|1.4>    -0.732436778274
 !MCSCF expec        <2.4|QMZZ|2.4>    -6.058857119303

 !MCSCF trans        <1.4|QMXY|1.1>    -0.391130757810
 !MCSCF trans        <1.4|QMXY|2.1>    -1.265625858996
 !MCSCF trans        <1.4|QMXY|3.1>    -0.655894342754
 !MCSCF trans        <2.4|QMXY|1.1>    -0.931011547319
 !MCSCF trans        <2.4|QMXY|2.1>    -0.449565590375
 !MCSCF trans        <2.4|QMXY|3.1>    -0.322529270927

 !MCSCF expec        <1.1|QMRR|1.1>   -22.050383058396
 !MCSCF trans        <2.1|QMRR|1.1>     0.119497961741
 !MCSCF expec        <2.1|QMRR|2.1>   -22.749966914246
 !MCSCF trans        <3.1|QMRR|1.1>     3.557138942127
 !MCSCF trans        <3.1|QMRR|2.1>    -8.419728708850
 !MCSCF expec        <3.1|QMRR|3.1>   -59.281305742528
 !MCSCF expec        <1.4|QMRR|1.4>   -22.143112000405
 !MCSCF trans        <2.4|QMRR|1.4>    -5.459407345123
 !MCSCF expec        <2.4|QMRR|2.4>   -60.643291094626


 Natural orbital dump (state averaged) at molpro section  2140.2    (Orbital set 2)


 CI vector for state symmetry 1
 ==============================

 2 20 20 220 20 00        0.8720611   0.4456233  -0.0181199
 2 20 20 220 00 20       -0.4456011   0.8519682  -0.2074148
 2 20 20 220 00 ab       -0.0547453   0.1353642   0.6758434
 2 20 20 220 00 ba        0.0547453  -0.1353642  -0.6758434
 2 00 20 220 20 20        0.0380310  -0.0969465   0.0221916
 2 20 00 220 20 20       -0.0933396  -0.0591298   0.0040953
 2 00 20 220 20 ab        0.0066149  -0.0141746  -0.0713790
 2 00 20 220 20 ba       -0.0066149   0.0141746   0.0713790
 2 20 20 200 20 20       -0.0241552  -0.0700695   0.0118837
 2 b0 a0 220 a0 2b       -0.0059572   0.0136907   0.0510032
 2 a0 b0 220 b0 2a       -0.0059572   0.0136907   0.0510032

 TOTAL ENERGIES                      -149.47122355  -149.43504631  -149.22787362

 CI vector for state symmetry 2
 ==============================

 2 20 20 220 b0 a0       -0.6901540   0.0875034
 2 20 20 220 a0 b0        0.6901540  -0.0875034
 2 20 20 220 b0 0a       -0.0865099  -0.6830451
 2 20 20 220 a0 0b        0.0865099   0.6830451
 2 20 00 220 b0 2a        0.0131479   0.0725052
 2 20 00 220 a0 2b       -0.0131479  -0.0725052
 2 b0 a0 220 20 20        0.0687676  -0.0088432
 2 a0 b0 220 20 20       -0.0687676   0.0088432
 2 20 20 220 0b 0a        0.0133287   0.0600635
 2 20 20 220 0a 0b       -0.0133287  -0.0600635
 2 b0 a0 220 20 ba       -0.0060378  -0.0521523
 2 a0 b0 220 20 ab       -0.0060378  -0.0521523

 TOTAL ENERGIES                      -149.46724730  -149.24130081



 **********************************************************************************************************************************
 DATASETS  * FILE   NREC   LENGTH (MB)   RECORD NAMES
              1      20      320.53       500      701      610      900      950      970     1000      129      960     1100   
                                          VAR     GEOM    BASINP   SYMINP    ZMAT    AOBASIS   BASIS     P2S    ABASIS      S 
                                         1400     1410     1200     1210     1080     1600     1650     1300     1700     1380   
                                           T        V       H0       H01     AOSYM     SMH    MOLCAS    ERIS     OPER     JKOP   

              2      13      947.27       500      610      700     1000      520     2100     2140      701     2140(1)  7100   
                                          VAR    BASINP    GEOM     BASIS   MCVARS     RHF     MCSCF    GEOM     MCSCF    MRCI   
                                         8100     5100     6100   
                                         MRCI     MRCI     MRCI   

 PROGRAMS   *        TOTAL     MULTI       INT        CI        CI        CI     MULTI       INT        CI        CI        CI
 CPU TIMES  *     15279.70     30.73     22.88     27.23    976.84   2753.28     30.17     22.74     27.42    976.59   2758.50
 REAL TIME  *     15500.17 SEC
 DISK USED  *         3.32 GB      
 **********************************************************************************************************************************

1PROGRAM * CI (Multireference internally contracted CI)     Authors: H.-J. Werner, P.J. Knowles, 1987


 Convergence thresholds:  THRVAR = 1.00D-08  THRDEN = 1.00D-06

 Number of optimized states:  2  Roots:   1   2
 Number of reference states:  2  Roots:   1   2

 Program parameters:       NSTATE=  2    NSTATI=  3    NSTATR=  2    NCEPA = -1    NOKOP =  0    ITRDM =  0    ITRANS=  0
                           IDIP  =200    MAXIT =250    MAXITI=250    MAXDAV=  6    MAXVI =  9    NOSING=  0    NOPAIR=  0
                           MXSHRF=  9    IKCPS =  0    IOPTGM=  2    IOPTOR=  0    REFOPT=  1    IAVDEN=  0    IDELCG=  1
                           IREST =  0    NATORB=  0    IPUNRF=  0    ISEP  =  0    OLDDEN=  0    NSTPRI=  1    GPSFLI= -1
                           CLUSTE=  0    CLOSED=  1    ILSTYP=  0    ITRLS =  0    ICCSD =  0    LOCAL =  0    IBASO =  0
                           MP    =  0    ITEDIS=  2    INCDIS=  1    MAXDIS=  6    ITYDIS=  1    BRUECK=  0    IBRSTR=  3
                           INCBRK=  1    TRIPLE=  0    ICCTYP=  1    IHPPD =  0    ICCNEW=  0    I3EXT = -1    IDEB  =  0
                           IDLEIG=  1    IDFTYP=  1    IMP3  =  0    IPROCS=  0    NOINT =  0    NOREF =  1    IMP2G =  0
                           IHINT =  0    IFDIA =  0    ISPARO=  1    JKSYM =  0    CPHF  =  0    MP2D  = -1    DKINT =  0
                           NPKEX =  1    DRVK  =  1    HLSTRA=  1    WIGNER=  1    DIIS_C=  1    MAXIT_= 50    MATEL =  0
                           SPDEG =  1    MEMCPH=  0    DISM  =  1    KDCPMA=  5    IKDCP_=  0    IREDTH=  0    USECS =  0
                           IPROCC=  0    I3SAVE=  1    IKDCP =  1    USECI =  0    OLDPAI=  0    IPROCI=  0    KEEPCL=  1
                           DISCON=  0    SHIFTE=  0    DIISIN=  0    MOLCAS=  0    MEM_PT=  0    RECORD=  0    RS2C  =  0
                           KEXT  = -1    CIPT2 =  0    DECP0S=  0    I4EXT = -1    NATCOR=  0    RIMP2 =  0    DDCI  = -1

 Reference symmetry:                   1   Singlet 
 Number of electrons:                 16
 Maximum number of shells:             7
 Maximum number of spin couplings:   132

 Reference space:     9608 conf    28784 CSFs
 N elec internal:    73789 conf   226512 CSFs
 N-1 el internal:    69576 conf   339768 CSFs
 N-2 el internal:    58182 conf   452544 CSFs

 Number of electrons in valence space:                     12
 Maximum number of open shell orbitals in reference space: 10
 Maximum number of open shell orbitals in internal spaces: 12


 Number of core orbitals:           2 (   2   0   0   0   0   0   0   0 )
 Number of active  orbitals:       12 (   1   2   2   0   3   2   2   0 )
 Number of external orbitals:     240 (  43  29  29  19  43  29  29  19 )

 Molecular orbitals read from record     2140.2  Type=MCSCF/NATURAL (state averaged)

 Coulomb and exchange operators available. No transformation done.

 Number of p-space configurations:   3

 Reference wavefunction optimized for reference space (refopt=1)

 State     Reference Energy 
   1        -149.47122355
   2        -149.43504631
   3        -149.22787362

 Number of blocks in overlap matrix:    16   Smallest eigenvalue:  0.10D-04
 Number of N-2 electron functions:     288
 Number of N-1 electron functions:  339768

 Number of internal configurations:                28784
 Number of singly external configurations:      10197000
 Number of doubly external configurations:       1049024
 Total number of contracted configurations:     11274808
 Total number of uncontracted configurations: 1637811384

 Diagonal Coupling coefficients finished.               Storage:21559646 words, CPU-Time:     33.90 seconds.
 Energy denominators for pairs finished in 1 passes.    Storage: 1011457 words, CPU-time:      0.02 seconds.

  ITER. STATE  ROOT     SQ.NORM     CORR.ENERGY   TOTAL ENERGY   ENERGY CHANGE       DEN1      VAR(S)    VAR(P)      TIME
    1     1     1     1.00000000     0.00000000  -149.47122355     0.00000000    -0.28518215  0.27D-01  0.16D-01    47.01
    1     2     2     1.00000000     0.00000000  -149.43504631     0.00000000    -0.29208987  0.28D-01  0.18D-01    47.01
    2     1     1     1.04173511    -0.27965549  -149.75087903    -0.27965549    -0.01161305  0.11D-02  0.81D-03   291.95
    2     2     2     1.04277967    -0.28441512  -149.71946143    -0.28441512    -0.01216500  0.12D-02  0.89D-03   291.95
    3     1     1     1.04357508    -0.29102290  -149.76224645    -0.01136742    -0.00114034  0.11D-03  0.76D-04   540.88
    3     2     2     1.04466386    -0.29644450  -149.73149081    -0.01202938    -0.00137025  0.15D-03  0.97D-04   540.88
    4     1     1     1.04560790    -0.29221349  -149.76343704    -0.00119059    -0.00015586  0.15D-04  0.11D-04   786.76
    4     2     2     1.04721712    -0.29792318  -149.73296949    -0.00147867    -0.00022377  0.20D-04  0.18D-04   786.76
    5     1     1     1.04632992    -0.29238721  -149.76361076    -0.00017372    -0.00002662  0.21D-05  0.21D-05  1032.46
    5     2     2     1.04818634    -0.29818539  -149.73323170    -0.00026222    -0.00004683  0.37D-05  0.40D-05  1032.46
    6     1     1     1.04637460    -0.29241848  -149.76364202    -0.00003126    -0.00000629  0.58D-06  0.49D-06  1277.85
    6     2     2     1.04826281    -0.29824250  -149.73328881    -0.00005711    -0.00001313  0.12D-05  0.11D-05  1277.85
    7     1     1     1.04643172    -0.29242562  -149.76364917    -0.00000715    -0.00000191  0.20D-06  0.14D-06  1524.88
    7     2     2     1.04837185    -0.29825753  -149.73330384    -0.00001503    -0.00000448  0.45D-06  0.35D-06  1524.88
    8     1     1     1.04646576    -0.29242773  -149.76365127    -0.00000210    -0.00000065  0.63D-07  0.47D-07  1771.02
    8     2     2     1.04843355    -0.29826244  -149.73330875    -0.00000491    -0.00000165  0.15D-06  0.13D-06  1771.02
    9     1     1     1.04647362    -0.29242846  -149.76365200    -0.00000073    -0.00000024  0.25D-07  0.17D-07  2016.22
    9     2     2     1.04845268    -0.29826431  -149.73331062    -0.00000187    -0.00000064  0.61D-07  0.55D-07  2016.22
   10     1     1     1.04647834    -0.29242872  -149.76365227    -0.00000027    -0.00000010  0.11D-07  0.66D-08  2261.51
   10     2     2     1.04846680    -0.29826504  -149.73331135    -0.00000074    -0.00000028  0.31D-07  0.22D-07  2261.51
   11     1     1     1.04648068    -0.29242883  -149.76365237    -0.00000010    -0.00000004  0.43D-08  0.28D-08  2506.24
   11     2     2     1.04847402    -0.29826535  -149.73331166    -0.00000030    -0.00000012  0.12D-07  0.10D-07  2506.24
   12     1     1     1.04648066    -0.29242883  -149.76365237    -0.00000000    -0.00000004  0.43D-08  0.28D-08  2710.56
   12     2     2     1.04849114    -0.29826558  -149.73331189    -0.00000023    -0.00000002  0.18D-08  0.12D-08  2710.56


 =====================================
 Analysis of CPU times by interactions
 =====================================

       I      S      P

 I   0.9%
 S   1.0%  18.9%
 P   2.5%  62.8%  11.3%

 Initialization:   1.4%
 Other:            1.2%

 Total CPU:     2710.6 seconds
 =====================================



 Wavefunction saved on  5100.2

 Reference coefficients greater than 0.0500000
 =============================================
 220202202000           0.7184322   0.6380603
 220202200020          -0.6338296   0.7015850
 2202022000/\          -0.0998747   0.1365702
 200202202020           0.0564984  -0.0795068
 220002202020          -0.0689243  -0.0754666
 220202002020          -0.0049931  -0.0662681

 Coefficients of fixed reference functions:
 ==========================================

 State      Coefficients
   1         0.946550   -0.242814
   2         0.246849    0.944390

 Coefficients of rotated reference functions:
 ============================================

 State      Coefficients
   1         0.977195    0.002224
   2         0.002224    0.976116



 RESULTS FOR STATE 1.1
 =====================

 Coefficient of reference function:   C(0) = 0.94655012 (fixed)   0.97753968 (relaxed)   0.97719545 (rotated)

 Energy contributions of configuration classes

 CLASS          SQ.NORM        ECORR1        ECORR2
 +++++++++++++++++++++++++++++++++++++++++++++++++++
 Internals    0.06655085    0.00000000   -0.01743657
 Singles      0.02543531   -0.10150997   -0.09761321
 Pairs        0.02413869   -0.19091886   -0.17737905
 Total        1.11612484   -0.29242883   -0.29242883
 +++++++++++++++++++++++++++++++++++++++++++++++++++


 Reference energy                    -149.47122355
 Nuclear energy                        37.63037944
 Kinetic energy                       152.51277610
 One electron energy                 -279.18541483
 Two electron energy                   91.79138301
 Virial quotient                       -0.98197447
 Correlation energy                    -0.29242883
 !MRCI STATE 1.1 Energy              -149.763652373337

 Properties without orbital relaxation:

 !MRCI STATE 1.1 Dipole moment          0.00000000     0.00000000     0.00000000
 Dipole moment /Debye                   0.00000000     0.00000000     0.00000000

 Cluster corrected energies          -149.79761062 (Davidson, fixed reference)
 Cluster corrected energies          -149.77724466 (Davidson, relaxed reference)
 Cluster corrected energies          -149.77746030 (Davidson, rotated reference)

 Cluster corrected energies          -149.79425833 (Pople, fixed reference)
 Cluster corrected energies          -149.77533776 (Pople, relaxed reference)
 Cluster corrected energies          -149.77552904 (Pople, rotated reference)


 Cluster corrections using rotated reference energy:

 Reference energy (rotated)          -149.46895008
 MRCI Correlation energy               -0.29470229

 Cluster corrected energies          -149.77735033 (Davidson, relaxed reference)
 Cluster corrected energies          -149.77756765 (Davidson, rotated reference)

 Cluster corrected energies          -149.77542860 (Pople, relaxed reference)
 Cluster corrected energies          -149.77562138 (Pople, rotated reference)

 

 !MRCI expec         <1.1|QMXX|1.1>     0.442655428011
 !MRCI expec         <1.1|QMYY|1.1>     0.709936312432
 !MRCI expec         <1.1|QMZZ|1.1>    -1.152591740443
 !MRCI expec         <1.1|QMRR|1.1>   -22.404892126700



 RESULTS FOR STATE 2.1
 =====================

 Coefficient of reference function:   C(0) = 0.94438998 (fixed)   0.97660202 (relaxed)   0.97611582 (rotated)

 Energy contributions of configuration classes

 CLASS          SQ.NORM        ECORR1        ECORR2
 +++++++++++++++++++++++++++++++++++++++++++++++++++
 Internals    0.06938107    0.00000000   -0.01845640
 Singles      0.02568401   -0.09590448   -0.09236512
 Pairs        0.02617150   -0.20236110   -0.18744406
 Total        1.12123658   -0.29826558   -0.29826558
 +++++++++++++++++++++++++++++++++++++++++++++++++++


 Reference energy                    -149.43504631
 Nuclear energy                        37.63037944
 Kinetic energy                       152.47303645
 One electron energy                 -279.05449201
 Two electron energy                   91.69080068
 Virial quotient                       -0.98203142
 Correlation energy                    -0.29826558
 !MRCI STATE 2.1 Energy              -149.733311887985

 Properties without orbital relaxation:

 !MRCI STATE 2.1 Dipole moment          0.00000000     0.00000000     0.00000000
 Dipole moment /Debye                   0.00000000     0.00000000     0.00000000

 Cluster corrected energies          -149.76947259 (Davidson, fixed reference)
 Cluster corrected energies          -149.74777513 (Davidson, relaxed reference)
 Cluster corrected energies          -149.74808674 (Davidson, rotated reference)

 Cluster corrected energies          -149.76601669 (Pople, fixed reference)
 Cluster corrected energies          -149.74576290 (Pople, relaxed reference)
 Cluster corrected energies          -149.74604012 (Pople, rotated reference)


 Cluster corrections using rotated reference energy:

 Reference energy (rotated)          -149.43731977
 MRCI Correlation energy               -0.29599211

 Cluster corrected energies          -149.74766488 (Davidson, relaxed reference)
 Cluster corrected energies          -149.74797412 (Davidson, rotated reference)

 Cluster corrected energies          -149.74566799 (Pople, relaxed reference)
 Cluster corrected energies          -149.74594310 (Pople, rotated reference)

 

 !MRCI expec         <2.1|QMXX|2.1>     0.802745560186
 !MRCI expec         <2.1|QMYY|2.1>     0.421767131247
 !MRCI expec         <2.1|QMZZ|2.1>    -1.224512691432
 !MRCI expec         <2.1|QMRR|2.1>   -22.814575579376


 !MRCI trans         <2.1|QMXX|1.1>    -1.336865510574
 !MRCI trans         <2.1|QMYY|1.1>     1.329309759529
 !MRCI trans         <2.1|QMZZ|1.1>     0.007555751045
 !MRCI trans         <2.1|QMRR|1.1>     0.090693750739


 **********************************************************************************************************************************
 DATASETS  * FILE   NREC   LENGTH (MB)   RECORD NAMES
              1      20      320.53       500      701      610      900      950      970     1000      129      960     1100   
                                          VAR     GEOM    BASINP   SYMINP    ZMAT    AOBASIS   BASIS     P2S    ABASIS      S 
                                         1400     1410     1200     1210     1080     1600     1650     1300     1700     1380   
                                           T        V       H0       H01     AOSYM     SMH    MOLCAS    ERIS     OPER     JKOP   

              2      13      947.27       500      610      700     1000      520     2100     2140      701     2140(1)  7100   
                                          VAR    BASINP    GEOM     BASIS   MCVARS     RHF     MCSCF    GEOM     MCSCF    MRCI   
                                         8100     5100     6100   
                                         MRCI     MRCI     MRCI   

 PROGRAMS   *        TOTAL        CI     MULTI       INT        CI        CI        CI     MULTI       INT        CI        CI
 CPU TIMES  *     18032.11   2752.41     30.73     22.88     27.23    976.84   2753.28     30.17     22.74     27.42    976.59
 REAL TIME  *     18279.06 SEC
 DISK USED  *         3.32 GB      
 **********************************************************************************************************************************

1PROGRAM * CI (Multireference internally contracted CI)     Authors: H.-J. Werner, P.J. Knowles, 1987


 Convergence thresholds:  THRVAR = 1.00D-08  THRDEN = 1.00D-06

 Number of optimized states:  1  Roots:   1
 Number of reference states:  1  Roots:   1

 Program parameters:       NSTATE=  1    NSTATI=  2    NSTATR=  1    NCEPA = -1    NOKOP =  0    ITRDM =  0    ITRANS=  0
                           IDIP  =200    MAXIT =250    MAXITI=250    MAXDAV=  4    MAXVI =  6    NOSING=  0    NOPAIR=  0
                           MXSHRF=  9    IKCPS =  0    IOPTGM=  2    IOPTOR=  0    REFOPT=  1    IAVDEN=  0    IDELCG=  1
                           IREST =  0    NATORB=  0    IPUNRF=  0    ISEP  =  0    OLDDEN=  0    NSTPRI=  1    GPSFLI= -1
                           CLUSTE=  0    CLOSED=  1    ILSTYP=  0    ITRLS =  0    ICCSD =  0    LOCAL =  0    IBASO =  0
                           MP    =  0    ITEDIS=  2    INCDIS=  1    MAXDIS=  6    ITYDIS=  1    BRUECK=  0    IBRSTR=  3
                           INCBRK=  1    TRIPLE=  0    ICCTYP=  1    IHPPD =  0    ICCNEW=  0    I3EXT = -1    IDEB  =  0
                           IDLEIG=  1    IDFTYP=  1    IMP3  =  0    IPROCS=  0    NOINT =  0    NOREF =  1    IMP2G =  0
                           IHINT =  0    IFDIA =  0    ISPARO=  1    JKSYM =  0    CPHF  =  0    MP2D  = -1    DKINT =  0
                           NPKEX =  1    DRVK  =  1    HLSTRA=  1    WIGNER=  1    DIIS_C=  1    MAXIT_= 50    MATEL =  0
                           SPDEG =  1    MEMCPH=  0    DISM  =  1    KDCPMA=  5    IKDCP_=  0    IREDTH=  0    USECS =  0
                           IPROCC=  0    I3SAVE=  1    IKDCP =  1    USECI =  0    OLDPAI=  0    IPROCI=  0    KEEPCL=  1
                           DISCON=  0    SHIFTE=  0    DIISIN=  0    MOLCAS=  0    MEM_PT=  0    RECORD=  0    RS2C  =  0
                           KEXT  = -1    CIPT2 =  0    DECP0S=  0    I4EXT = -1    NATCOR=  0    RIMP2 =  0    DDCI  = -1

 Reference symmetry:                   4   Singlet 
 Number of electrons:                 16
 Maximum number of shells:             7
 Maximum number of spin couplings:   132

 Reference space:     9136 conf    28224 CSFs
 N elec internal:    73789 conf   226512 CSFs
 N-1 el internal:    69576 conf   339768 CSFs
 N-2 el internal:    57950 conf   452232 CSFs

 Number of electrons in valence space:                     12
 Maximum number of open shell orbitals in reference space: 10
 Maximum number of open shell orbitals in internal spaces: 12


 Number of core orbitals:           2 (   2   0   0   0   0   0   0   0 )
 Number of active  orbitals:       12 (   1   2   2   0   3   2   2   0 )
 Number of external orbitals:     240 (  43  29  29  19  43  29  29  19 )

 Molecular orbitals read from record     2140.2  Type=MCSCF/NATURAL (state averaged)

 Coulomb and exchange operators available. No transformation done.

 Number of p-space configurations:   2

 Reference wavefunction optimized for reference space (refopt=1)

 State     Reference Energy 
   1        -149.46724730
   2        -149.24130081

 Number of blocks in overlap matrix:    16   Smallest eigenvalue:  0.20D-02
 Number of N-2 electron functions:     144
 Number of N-1 electron functions:  339768

 Number of internal configurations:                28224
 Number of singly external configurations:      10188360
 Number of doubly external configurations:        524512
 Total number of contracted configurations:     10741096
 Total number of uncontracted configurations: 1636528232

 Diagonal Coupling coefficients finished.               Storage:15219669 words, CPU-Time:     12.46 seconds.
 Energy denominators for pairs finished in 1 passes.    Storage: 1043000 words, CPU-time:      0.01 seconds.

  ITER. STATE  ROOT     SQ.NORM     CORR.ENERGY   TOTAL ENERGY   ENERGY CHANGE       DEN1      VAR(S)    VAR(P)      TIME
    1     1     1     1.00000000     0.00000000  -149.46724730     0.00000000    -0.29566941  0.28D-01  0.17D-01    20.78
    2     1     1     1.04246956    -0.28440921  -149.75165651    -0.28440921    -0.01080017  0.11D-02  0.77D-03   140.24
    3     1     1     1.04420457    -0.29475145  -149.76199875    -0.01034223    -0.00098896  0.11D-03  0.67D-04   257.90
    4     1     1     1.04614254    -0.29576339  -149.76301068    -0.00101194    -0.00011984  0.13D-04  0.85D-05   374.83
    5     1     1     1.04684876    -0.29589352  -149.76314082    -0.00013013    -0.00001608  0.14D-05  0.13D-05   493.63
    6     1     1     1.04694506    -0.29591203  -149.76315933    -0.00001851    -0.00000273  0.28D-06  0.22D-06   613.80
    7     1     1     1.04694749    -0.29591527  -149.76316257    -0.00000324    -0.00000057  0.61D-07  0.51D-07   731.57
    8     1     1     1.04696030    -0.29591599  -149.76316329    -0.00000072    -0.00000016  0.20D-07  0.12D-07   849.32
    9     1     1     1.04696587    -0.29591618  -149.76316348    -0.00000019    -0.00000004  0.46D-08  0.34D-08   967.07


 =====================================
 Analysis of CPU times by interactions
 =====================================

       I      S      P

 I   1.6%
 S   1.6%  22.8%
 P   2.3%  61.7%   7.3%

 Initialization:   1.6%
 Other:            1.0%

 Total CPU:      967.1 seconds
 =====================================



 Wavefunction saved on  6100.2

 Reference coefficients greater than 0.0500000
 =============================================
 22020220/0\0           0.9577357
 22020220/00\           0.1032393
 2/0\02202020          -0.0889780



 RESULTS FOR STATE 1.4
 =====================

 Coefficient of reference function:   C(0) = 0.97700574 (fixed)   0.97731314 (relaxed)

 Energy contributions of configuration classes

 CLASS          SQ.NORM        ECORR1        ECORR2
 +++++++++++++++++++++++++++++++++++++++++++++++++++
 Internals    0.00062937    0.00000000   -0.00017777
 Singles      0.02452947   -0.10310588   -0.10534592
 Pairs        0.02246595   -0.19281030   -0.19039249
 Total        1.04762480   -0.29591618   -0.29591618
 +++++++++++++++++++++++++++++++++++++++++++++++++++


 Reference energy                    -149.46724730
 Nuclear energy                        37.63037944
 Kinetic energy                       152.51182941
 One electron energy                 -279.18773411
 Two electron energy                   91.79419119
 Virial quotient                       -0.98197736
 Correlation energy                    -0.29591618
 !MRCI STATE 1.4 Energy              -149.763163479762

 Properties without orbital relaxation:

 !MRCI STATE 1.4 Dipole moment          0.00000000     0.00000000     0.00000000
 Dipole moment /Debye                   0.00000000     0.00000000     0.00000000

 Cluster corrected energies          -149.77725643 (Davidson, fixed reference)
 Cluster corrected energies          -149.77706144 (Davidson, relaxed reference)

 Cluster corrected energies          -149.77528863 (Pople, fixed reference)
 Cluster corrected energies          -149.77511556 (Pople, relaxed reference)

 

 !MRCI expec         <1.4|QMXX|1.4>     0.580012044451
 !MRCI expec         <1.4|QMYY|1.4>     0.571669874914
 !MRCI expec         <1.4|QMZZ|1.4>    -1.151681919365
 !MRCI expec         <1.4|QMRR|1.4>   -22.403788662406


 **********************************************************************************************************************************
 DATASETS  * FILE   NREC   LENGTH (MB)   RECORD NAMES
              1      20      320.53       500      701      610      900      950      970     1000      129      960     1100   
                                          VAR     GEOM    BASINP   SYMINP    ZMAT    AOBASIS   BASIS     P2S    ABASIS      S 
                                         1400     1410     1200     1210     1080     1600     1650     1300     1700     1380   
                                           T        V       H0       H01     AOSYM     SMH    MOLCAS    ERIS     OPER     JKOP   

              2      13      947.27       500      610      700     1000      520     2100     2140      701     2140(1)  7100   
                                          VAR    BASINP    GEOM     BASIS   MCVARS     RHF     MCSCF    GEOM     MCSCF    MRCI   
                                         8100     5100     6100   
                                         MRCI     MRCI     MRCI   

 PROGRAMS   *        TOTAL        CI        CI     MULTI       INT        CI        CI        CI     MULTI       INT        CI
 CPU TIMES  *     19009.84    977.73   2752.41     30.73     22.88     27.23    976.84   2753.28     30.17     22.74     27.42
 REAL TIME  *     19266.36 SEC
 DISK USED  *         3.32 GB      
 **********************************************************************************************************************************

1PROGRAM * CI (Multireference internally contracted CI)     Authors: H.-J. Werner, P.J. Knowles, 1987


   Transition moment calculation
   =============================


 Ket wavefunction restored from record 6100.2 to file 8
 Bra wavefunction restored from record 5100.2 to file 7



 !MRCI trans         <1.1|QMXY|1.4>    -0.069052455242


 !MRCI trans         <2.1|QMXY|1.4>    -1.331739643894


 **********************************************************************************************************************************
 DATASETS  * FILE   NREC   LENGTH (MB)   RECORD NAMES
              1      20      320.53       500      701      610      900      950      970     1000      129      960     1100   
                                          VAR     GEOM    BASINP   SYMINP    ZMAT    AOBASIS   BASIS     P2S    ABASIS      S 
                                         1400     1410     1200     1210     1080     1600     1650     1300     1700     1380   
                                           T        V       H0       H01     AOSYM     SMH    MOLCAS    ERIS     OPER     JKOP   

              2      13      947.27       500      610      700     1000      520     2100     2140      701     2140(1)  7100   
                                          VAR    BASINP    GEOM     BASIS   MCVARS     RHF     MCSCF    GEOM     MCSCF    MRCI   
                                         8100     5100     6100   
                                         MRCI     MRCI     MRCI   

 PROGRAMS   *        TOTAL        CI        CI        CI     MULTI       INT        CI        CI        CI     MULTI       INT
 CPU TIMES  *     19037.21     27.37    977.73   2752.41     30.73     22.88     27.23    976.84   2753.28     30.17     22.74
 REAL TIME  *     19294.35 SEC
 DISK USED  *         3.32 GB      
 **********************************************************************************************************************************

 CI/aug-cc-pV5Z energy=      0.000000000000

        CI              CI              MULTI           CI              CI              MULTI           CI              CI      
   -149.76316348   -149.73331189   -149.24130081   -149.79042923   -149.76052046   -149.26336459   -149.81571060   -149.78576291
 **********************************************************************************************************************************
 Variable memory released
