id,energy,g,J,parity,ef,state,v,Lambda,Sigma,Omega,flag,mean_r,tail_probability
181,43950.357546,36,1,+,f,A1Pi,0,1,0.0,1.0,b,1.65427,8.7e-30
182,44742.126214,36,1,+,f,A1Pi,1,1,0.0,1.0,b,1.66594,1.6e-30
183,45521.499405,36,1,+,f,A1Pi,2,1,0.0,1.0,b,1.67786,2.4e-30
184,46288.168666,36,1,+,f,A1Pi,3,1,0.0,1.0,b,1.6901,3.4e-30
185,47041.812894,36,1,+,f,A1Pi,4,1,0.0,1.0,b,1.70271,5e-30
186,47782.133661,36,1,+,f,A1Pi,5,1,0.0,1.0,b,1.71571,7.6e-30
187,48508.882213,36,1,+,f,A1Pi,6,1,0.0,1.0,b,1.72913,6.5e-30
188,49221.879992,36,1,+,f,A1Pi,7,1,0.0,1.0,b,1.74296,4.6e-30
189,49921.033327,36,1,+,f,A1Pi,8,1,0.0,1.0,b,1.75719,6.8e-30
190,50606.34218,36,1,+,f,A1Pi,9,1,0.0,1.0,b,1.7718,8.9e-30
191,51277.902565,36,1,+,f,A1Pi,10,1,0.0,1.0,b,1.78676,2e-30
192,51935.902335,36,1,+,f,A1Pi,11,1,0.0,1.0,b,1.80204,1.3e-29
193,52580.610429,36,1,+,f,A1Pi,12,1,0.0,1.0,b,1.81758,2.3e-30
194,53212.360168,36,1,+,f,A1Pi,13,1,0.0,1.0,b,1.83335,5.2e-30
195,53831.527712,36,1,+,f,A1Pi,14,1,0.0,1.0,b,1.84933,1.1e-30
196,54438.507078,36,1,+,f,A1Pi,15,1,0.0,1.0,b,1.86547,6.8e-30
197,55033.683037,36,1,+,f,A1Pi,16,1,0.0,1.0,b,1.88179,1.7e-29
448,43950.357714,36,1,-,e,A1Pi,0,-1,0.0,-1.0,b,1.65427,1.1e-29
452,44742.12638,36,1,-,e,A1Pi,1,-1,0.0,-1.0,b,1.66594,3.2e-30
456,45521.499569,36,1,-,e,A1Pi,2,-1,0.0,-1.0,b,1.67786,6.1e-30
460,46288.168827,36,1,-,e,A1Pi,3,-1,0.0,-1.0,b,1.6901,8.5e-30
464,47041.813052,36,1,-,e,A1Pi,4,-1,0.0,-1.0,b,1.70271,1e-29
468,47782.133817,36,1,-,e,A1Pi,5,-1,0.0,-1.0,b,1.71571,1.4e-29
472,48508.882366,36,1,-,e,A1Pi,6,-1,0.0,-1.0,b,1.72913,1.1e-29
476,49221.880142,36,1,-,e,A1Pi,7,-1,0.0,-1.0,b,1.74296,2.2e-29
481,49921.033475,36,1,-,e,A1Pi,8,-1,0.0,-1.0,b,1.75719,2.1e-29
485,50606.342325,36,1,-,e,A1Pi,9,-1,0.0,-1.0,b,1.7718,2.2e-29
490,51277.902707,36,1,-,e,A1Pi,10,-1,0.0,-1.0,b,1.78676,4.2e-29
495,51935.902474,36,1,-,e,A1Pi,11,-1,0.0,-1.0,b,1.80204,6.5e-29
500,52580.610566,36,1,-,e,A1Pi,12,-1,0.0,-1.0,b,1.81758,1.8e-28
506,53212.360302,36,1,-,e,A1Pi,13,-1,0.0,-1.0,b,1.83335,6.2e-28
513,53831.527843,36,1,-,e,A1Pi,14,-1,0.0,-1.0,b,1.84933,2.2e-27
521,54438.507207,36,1,-,e,A1Pi,15,-1,0.0,-1.0,b,1.86547,6.8e-27
534,55033.683163,36,1,-,e,A1Pi,16,-1,0.0,-1.0,b,1.88179,6.9e-24
808,43952.572841,60,2,+,e,A1Pi,0,1,0.0,1.0,b,1.65428,7.8e-30
812,44744.319692,60,2,+,e,A1Pi,1,1,0.0,1.0,b,1.66595,4e-30
816,45523.670875,60,2,+,e,A1Pi,2,1,0.0,1.0,b,1.67787,5.7e-30
820,46290.317799,60,2,+,e,A1Pi,3,1,0.0,1.0,b,1.69012,8e-30
824,47043.939275,60,2,+,e,A1Pi,4,1,0.0,1.0,b,1.70272,1e-29
828,47784.236837,60,2,+,e,A1Pi,5,1,0.0,1.0,b,1.71573,1.1e-29
832,48510.961729,60,2,+,e,A1Pi,6,1,0.0,1.0,b,1.72914,3.8e-29
836,49223.935424,60,2,+,e,A1Pi,7,1,0.0,1.0,b,1.74297,1.7e-28
841,49923.064315,60,2,+,e,A1Pi,8,1,0.0,1.0,b,1.75721,1.3e-27
845,50608.348445,60,2,+,e,A1Pi,9,1,0.0,1.0,b,1.77182,9.4e-27
850,51279.883925,60,2,+,e,A1Pi,10,1,0.0,1.0,b,1.78678,6e-26
855,51937.858711,60,2,+,e,A1Pi,11,1,0.0,1.0,b,1.80205,3.6e-25
860,52582.541844,60,2,+,e,A1Pi,12,1,0.0,1.0,b,1.8176,2e-24
866,53214.266733,60,2,+,e,A1Pi,13,1,0.0,1.0,b,1.83337,1.1e-23
873,53833.409613,60,2,+,e,A1Pi,14,1,0.0,1.0,b,1.84935,5.4e-23
881,54440.364547,60,2,+,e,A1Pi,15,1,0.0,1.0,b,1.86549,2.6e-22
894,55035.516322,60,2,+,e,A1Pi,16,1,0.0,1.0,b,1.88181,1.2e-21
1081,43952.572336,60,2,-,f,A1Pi,0,-1,0.0,-1.0,b,1.65428,8.1e-30
1082,44744.319195,60,2,-,f,A1Pi,1,-1,0.0,-1.0,b,1.66595,1.7e-30
1083,45523.670385,60,2,-,f,A1Pi,2,-1,0.0,-1.0,b,1.67787,2.8e-30
1084,46290.317317,60,2,-,f,A1Pi,3,-1,0.0,-1.0,b,1.69012,3.8e-30
1085,47043.9388,60,2,-,f,A1Pi,4,-1,0.0,-1.0,b,1.70272,5.4e-30
1086,47784.23637,60,2,-,f,A1Pi,5,-1,0.0,-1.0,b,1.71573,8.2e-30
1087,48510.961269,60,2,-,f,A1Pi,6,-1,0.0,-1.0,b,1.72914,2.6e-29
1088,49223.934973,60,2,-,f,A1Pi,7,-1,0.0,-1.0,b,1.74297,1.6e-28
1089,49923.063872,60,2,-,f,A1Pi,8,-1,0.0,-1.0,b,1.75721,1.4e-27
1090,50608.34801,60,2,-,f,A1Pi,9,-1,0.0,-1.0,b,1.77182,9.8e-27
1091,51279.883498,60,2,-,f,A1Pi,10,-1,0.0,-1.0,b,1.78678,6.3e-26
1092,51937.858293,60,2,-,f,A1Pi,11,-1,0.0,-1.0,b,1.80205,3.8e-25
1093,52582.541434,60,2,-,f,A1Pi,12,-1,0.0,-1.0,b,1.8176,2.1e-24
1094,53214.266331,60,2,-,f,A1Pi,13,-1,0.0,-1.0,b,1.83337,1.1e-23
1095,53833.409219,60,2,-,f,A1Pi,14,-1,0.0,-1.0,b,1.84935,5.6e-23
1096,54440.364161,60,2,-,f,A1Pi,15,-1,0.0,-1.0,b,1.86549,2.7e-22
1097,55035.515944,60,2,-,f,A1Pi,16,-1,0.0,-1.0,b,1.88181,1.2e-21
1261,43955.894457,84,3,+,f,A1Pi,0,1,0.0,1.0,b,1.6543,9.1e-30
1262,44747.608601,84,3,+,f,A1Pi,1,1,0.0,1.0,b,1.66597,1.8e-30
1263,45526.92679,84,3,+,f,A1Pi,2,1,0.0,1.0,b,1.6779,2.7e-30
1264,46293.540226,84,3,+,f,A1Pi,3,1,0.0,1.0,b,1.69014,3.6e-30
1265,47047.127593,84,3,+,f,A1Pi,4,1,0.0,1.0,b,1.70275,6.1e-30
1266,47787.390365,84,3,+,f,A1Pi,5,1,0.0,1.0,b,1.71575,1.6e-29
1267,48514.079784,84,3,+,f,A1Pi,6,1,0.0,1.0,b,1.72917,1.3e-28
1268,49227.017375,84,3,+,f,A1Pi,7,1,0.0,1.0,b,1.743,1.1e-27
1269,49926.109619,84,3,+,f,A1Pi,8,1,0.0,1.0,b,1.75723,8.7e-27
1270,50611.356685,84,3,+,f,A1Pi,9,1,0.0,1.0,b,1.77185,6.2e-26
1271,51282.854827,84,3,+,f,A1Pi,10,1,0.0,1.0,b,1.78681,4e-25
1272,51940.792158,84,3,+,f,A1Pi,11,1,0.0,1.0,b,1.80208,2.4e-24
1273,52585.437869,84,3,+,f,A1Pi,12,1,0.0,1.0,b,1.81763,1.3e-23
1274,53217.125505,84,3,+,f,A1Pi,13,1,0.0,1.0,b,1.8334,7e-23
1275,53836.231408,84,3,+,f,A1Pi,14,1,0.0,1.0,b,1.84937,3.5e-22
1276,54443.149714,84,3,+,f,A1Pi,15,1,0.0,1.0,b,1.86552,1.7e-21
1277,55038.265234,84,3,+,f,A1Pi,16,1,0.0,1.0,b,1.88184,7.5e-21
1528,43955.895466,84,3,-,e,A1Pi,0,-1,0.0,-1.0,b,1.6543,1.5e-29
1532,44747.609596,84,3,-,e,A1Pi,1,-1,0.0,-1.0,b,1.66597,3.7e-30
1536,45526.92777,84,3,-,e,A1Pi,2,-1,0.0,-1.0,b,1.6779,7.5e-30
1540,46293.541192,84,3,-,e,A1Pi,3,-1,0.0,-1.0,b,1.69014,8.2e-30
1544,47047.128544,84,3,-,e,A1Pi,4,-1,0.0,-1.0,b,1.70275,1.5e-29
1548,47787.3913,84,3,-,e,A1Pi,5,-1,0.0,-1.0,b,1.71575,2.2e-29
1552,48514.080704,84,3,-,e,A1Pi,6,-1,0.0,-1.0,b,1.72917,1.3e-28
1556,49227.018278,84,3,-,e,A1Pi,7,-1,0.0,-1.0,b,1.743,1e-27
1561,49926.110506,84,3,-,e,A1Pi,8,-1,0.0,-1.0,b,1.75723,8.4e-27
1565,50611.357555,84,3,-,e,A1Pi,9,-1,0.0,-1.0,b,1.77185,5.9e-26
1570,51282.85568,84,3,-,e,A1Pi,10,-1,0.0,-1.0,b,1.78681,3.8e-25
1575,51940.792995,84,3,-,e,A1Pi,11,-1,0.0,-1.0,b,1.80208,2.3e-24
1580,52585.438689,84,3,-,e,A1Pi,12,-1,0.0,-1.0,b,1.81763,1.3e-23
1586,53217.126309,84,3,-,e,A1Pi,13,-1,0.0,-1.0,b,1.8334,6.8e-23
1593,53836.232196,84,3,-,e,A1Pi,14,-1,0.0,-1.0,b,1.84937,3.4e-22
1601,54443.150486,84,3,-,e,A1Pi,15,-1,0.0,-1.0,b,1.86552,1.6e-21
1614,55038.265991,84,3,-,e,A1Pi,16,-1,0.0,-1.0,b,1.88184,7.4e-21
1888,43960.325512,108,4,+,e,A1Pi,0,1,0.0,1.0,b,1.65432,1.4e-29
1892,44751.996013,108,4,+,e,A1Pi,1,1,0.0,1.0,b,1.666,3.4e-30
1896,45531.270175,108,4,+,e,A1Pi,2,1,0.0,1.0,b,1.67792,4.7e-30
1900,46297.838925,108,4,+,e,A1Pi,3,1,0.0,1.0,b,1.69017,8.6e-30
1904,47051.380777,108,4,+,e,A1Pi,4,1,0.0,1.0,b,1.70278,1.2e-29
1908,47791.597125,108,4,+,e,A1Pi,5,1,0.0,1.0,b,1.71578,4.6e-29
1912,48518.239209,108,4,+,e,A1Pi,6,1,0.0,1.0,b,1.7292,3.8e-28
1916,49231.128621,108,4,+,e,A1Pi,7,1,0.0,1.0,b,1.74303,3.3e-27
1921,49930.171963,108,4,+,e,A1Pi,8,1,0.0,1.0,b,1.75726,2.7e-26
1925,50615.36957,108,4,+,e,A1Pi,9,1,0.0,1.0,b,1.77188,1.9e-25
1930,51286.817889,108,4,+,e,A1Pi,10,1,0.0,1.0,b,1.78684,1.2e-24
1935,51944.70524,108,4,+,e,A1Pi,11,1,0.0,1.0,b,1.80212,7.4e-24
1941,52589.301016,108,4,+,e,A1Pi,12,1,0.0,1.0,b,1.81766,4.2e-23
1946,53220.938943,108,4,+,e,A1Pi,13,1,0.0,1.0,b,1.83344,2.2e-22
1953,53839.995508,108,4,+,e,A1Pi,14,1,0.0,1.0,b,1.84941,1.1e-21
1961,54446.864939,108,4,+,e,A1Pi,15,1,0.0,1.0,b,1.86556,5.3e-21
1974,55041.932083,108,4,+,e,A1Pi,16,1,0.0,1.0,b,1.88188,2.4e-20
2161,43960.323831,108,4,-,f,A1Pi,0,-1,0.0,-1.0,b,1.65432,1e-29
2162,44751.994356,108,4,-,f,A1Pi,1,-1,0.0,-1.0,b,1.666,1.9e-30
2163,45531.268541,108,4,-,f,A1Pi,2,-1,0.0,-1.0,b,1.67792,3.1e-30
2164,46297.837315,108,4,-,f,A1Pi,3,-1,0.0,-1.0,b,1.69017,5e-30
2165,47051.379192,108,4,-,f,A1Pi,4,-1,0.0,-1.0,b,1.70278,7.9e-30
2166,47791.595566,108,4,-,f,A1Pi,5,-1,0.0,-1.0,b,1.71578,3.6e-29
2167,48518.237677,108,4,-,f,A1Pi,6,-1,0.0,-1.0,b,1.7292,3.9e-28
2168,49231.127116,108,4,-,f,A1Pi,7,-1,0.0,-1.0,b,1.74303,3.5e-27
2169,49930.170485,108,4,-,f,A1Pi,8,-1,0.0,-1.0,b,1.75726,2.9e-26
2170,50615.36812,108,4,-,f,A1Pi,9,-1,0.0,-1.0,b,1.77188,2e-25
2171,51286.816467,108,4,-,f,A1Pi,10,-1,0.0,-1.0,b,1.78684,1.3e-24
2172,51944.703846,108,4,-,f,A1Pi,11,-1,0.0,-1.0,b,1.80212,7.7e-24
2173,52589.299649,108,4,-,f,A1Pi,12,-1,0.0,-1.0,b,1.81766,4.3e-23
2174,53220.937604,108,4,-,f,A1Pi,13,-1,0.0,-1.0,b,1.83344,2.3e-22
2175,53839.994195,108,4,-,f,A1Pi,14,-1,0.0,-1.0,b,1.84941,1.1e-21
2176,54446.863653,108,4,-,f,A1Pi,15,-1,0.0,-1.0,b,1.86556,5.5e-21
2177,55041.930823,108,4,-,f,A1Pi,16,-1,0.0,-1.0,b,1.88188,2.4e-20
2341,43965.860357,132,5,+,f,A1Pi,0,1,0.0,1.0,b,1.65435,1.1e-29
2342,44757.476355,132,5,+,f,A1Pi,1,1,0.0,1.0,b,1.66603,2.5e-30
2343,45536.695534,132,5,+,f,A1Pi,2,1,0.0,1.0,b,1.67796,3.8e-30
2344,46303.208479,132,5,+,f,A1Pi,3,1,0.0,1.0,b,1.6902,4.6e-30
2345,47056.693491,132,5,+,f,A1Pi,4,1,0.0,1.0,b,1.70281,1.3e-29
2346,47796.851865,132,5,+,f,A1Pi,5,1,0.0,1.0,b,1.71582,9.1e-29
2347,48523.434838,132,5,+,f,A1Pi,6,1,0.0,1.0,b,1.72924,9e-28
2348,49236.264084,132,5,+,f,A1Pi,7,1,0.0,1.0,b,1.74307,8.4e-27
2349,49935.246359,132,5,+,f,A1Pi,8,1,0.0,1.0,b,1.75731,6.8e-26
2350,50620.382202,132,5,+,f,A1Pi,9,1,0.0,1.0,b,1.77192,4.8e-25
2351,51291.768304,132,5,+,f,A1Pi,10,1,0.0,1.0,b,1.78689,3.1e-24
2352,51949.593242,132,5,+,f,A1Pi,11,1,0.0,1.0,b,1.80216,1.8e-23
2353,52594.126661,132,5,+,f,A1Pi,12,1,0.0,1.0,b,1.81771,1e-22
2354,53225.702513,132,5,+,f,A1Pi,13,1,0.0,1.0,b,1.83349,5.5e-22
2355,53844.697465,132,5,+,f,A1Pi,14,1,0.0,1.0,b,1.84946,2.7e-21
2356,54451.505864,132,5,+,f,A1Pi,15,1,0.0,1.0,b,1.86561,1.3e-20
2357,55046.512597,132,5,+,f,A1Pi,16,1,0.0,1.0,b,1.88193,5.9e-20
2608,43965.862878,132,5,-,e,A1Pi,0,-1,0.0,-1.0,b,1.65435,1.5e-29
2612,44757.478841,132,5,-,e,A1Pi,1,-1,0.0,-1.0,b,1.66603,5.2e-30
2616,45536.697985,132,5,-,e,A1Pi,2,-1,0.0,-1.0,b,1.67796,6.5e-30
2620,46303.210893,132,5,-,e,A1Pi,3,-1,0.0,-1.0,b,1.6902,6.8e-30
2624,47056.695868,132,5,-,e,A1Pi,4,-1,0.0,-1.0,b,1.70281,1.4e-29
2628,47796.854203,132,5,-,e,A1Pi,5,-1,0.0,-1.0,b,1.71582,8.3e-29
2632,48523.437136,132,5,-,e,A1Pi,6,-1,0.0,-1.0,b,1.72924,8.8e-28
2636,49236.266342,132,5,-,e,A1Pi,7,-1,0.0,-1.0,b,1.74307,8e-27
2641,49935.248575,132,5,-,e,A1Pi,8,-1,0.0,-1.0,b,1.75731,6.5e-26
2645,50620.384377,132,5,-,e,A1Pi,9,-1,0.0,-1.0,b,1.77192,4.6e-25
2650,51291.770437,132,5,-,e,A1Pi,10,-1,0.0,-1.0,b,1.78689,3e-24
2655,51949.595333,132,5,-,e,A1Pi,11,-1,0.0,-1.0,b,1.80216,1.8e-23
2661,52594.12871,132,5,-,e,A1Pi,12,-1,0.0,-1.0,b,1.81771,1e-22
2666,53225.704522,132,5,-,e,A1Pi,13,-1,0.0,-1.0,b,1.83349,5.3e-22
2673,53844.699434,132,5,-,e,A1Pi,14,-1,0.0,-1.0,b,1.84946,2.7e-21
2681,54451.507793,132,5,-,e,A1Pi,15,-1,0.0,-1.0,b,1.86561,1.3e-20
2694,55046.514488,132,5,-,e,A1Pi,16,-1,0.0,-1.0,b,1.88193,5.8e-20
2968,43972.507435,156,6,+,e,A1Pi,0,1,0.0,1.0,b,1.65439,1.2e-29
2972,44764.05795,156,6,+,e,A1Pi,1,1,0.0,1.0,b,1.66607,5.3e-30
2976,45543.211069,156,6,+,e,A1Pi,2,1,0.0,1.0,b,1.678,7.3e-30
2980,46309.656965,156,6,+,e,A1Pi,3,1,0.0,1.0,b,1.69024,9.5e-30
2984,47063.073683,156,6,+,e,A1Pi,4,1,0.0,1.0,b,1.70285,2.1e-29
2988,47803.162398,156,6,+,e,A1Pi,5,1,0.0,1.0,b,1.71586,1.6e-28
2992,48529.674347,156,6,+,e,A1Pi,6,1,0.0,1.0,b,1.72928,1.7e-27
2996,49242.431302,156,6,+,e,A1Pi,7,1,0.0,1.0,b,1.74312,1.6e-26
3001,49941.340202,156,6,+,e,A1Pi,8,1,0.0,1.0,b,1.75736,1.3e-25
3005,50626.401835,156,6,+,e,A1Pi,9,1,0.0,1.0,b,1.77197,9.3e-25
3010,51297.713182,156,6,+,e,A1Pi,10,1,0.0,1.0,b,1.78694,6e-24
3015,51955.463131,156,6,+,e,A1Pi,11,1,0.0,1.0,b,1.80222,3.6e-23
3021,52599.92163,156,6,+,e,A1Pi,12,1,0.0,1.0,b,1.81777,2e-22
3026,53231.422903,156,6,+,e,A1Pi,13,1,0.0,1.0,b,1.83354,1.1e-21
3033,53850.343832,156,6,+,e,A1Pi,14,1,0.0,1.0,b,1.84952,5.4e-21
3041,54457.078906,156,6,+,e,A1Pi,15,1,0.0,1.0,b,1.86567,2.6e-20
3054,55052.013062,156,6,+,e,A1Pi,16,1,0.0,1.0,b,1.882,1.2e-19
3241,43972.503905,156,6,-,f,A1Pi,0,-1,0.0,-1.0,b,1.65439,1e-29
3242,44764.05447,156,6,-,f,A1Pi,1,-1,0.0,-1.0,b,1.66607,1.8e-30
3243,45543.207639,156,6,-,f,A1Pi,2,-1,0.0,-1.0,b,1.678,3.4e-30
3244,46309.653586,156,6,-,f,A1Pi,3,-1,0.0,-1.0,b,1.69024,5.2e-30
3245,47063.070357,156,6,-,f,A1Pi,4,-1,0.0,-1.0,b,1.70285,1.7e-29
3246,47803.159126,156,6,-,f,A1Pi,5,-1,0.0,-1.0,b,1.71586,1.6e-28
3247,48529.67113,156,6,-,f,A1Pi,6,-1,0.0,-1.0,b,1.72928,1.8e-27
3248,49242.428142,156,6,-,f,A1Pi,7,-1,0.0,-1.0,b,1.74312,1.7e-26
3249,49941.337099,156,6,-,f,A1Pi,8,-1,0.0,-1.0,b,1.75736,1.4e-25
3250,50626.39879,156,6,-,f,A1Pi,9,-1,0.0,-1.0,b,1.77197,9.7e-25
3251,51297.710196,156,6,-,f,A1Pi,10,-1,0.0,-1.0,b,1.78694,6.3e-24
3252,51955.460204,156,6,-,f,A1Pi,11,-1,0.0,-1.0,b,1.80222,3.7e-23
3253,52599.918761,156,6,-,f,A1Pi,12,-1,0.0,-1.0,b,1.81777,2.1e-22
3254,53231.420091,156,6,-,f,A1Pi,13,-1,0.0,-1.0,b,1.83354,1.1e-21
3255,53850.341077,156,6,-,f,A1Pi,14,-1,0.0,-1.0,b,1.84952,5.5e-21
3256,54457.076206,156,6,-,f,A1Pi,15,-1,0.0,-1.0,b,1.86567,2.6e-20
3257,55052.010416,156,6,-,f,A1Pi,16,-1,0.0,-1.0,b,1.882,1.2e-19
3421,43980.254322,180,7,+,f,A1Pi,0,1,0.0,1.0,b,1.65444,1e-29
3422,44771.728545,180,7,+,f,A1Pi,1,1,0.0,1.0,b,1.66611,2.2e-30
3423,45550.804699,180,7,+,f,A1Pi,2,1,0.0,1.0,b,1.67804,4.8e-30
3424,46317.172477,180,7,+,f,A1Pi,3,1,0.0,1.0,b,1.69029,5.1e-30
3425,47070.509628,180,7,+,f,A1Pi,4,1,0.0,1.0,b,1.70291,2.5e-29
3426,47810.517187,180,7,+,f,A1Pi,5,1,0.0,1.0,b,1.71592,2.9e-28
3427,48536.94639,180,7,+,f,A1Pi,6,1,0.0,1.0,b,1.72934,3.2e-27
3428,49249.619123,180,7,+,f,A1Pi,7,1,0.0,1.0,b,1.74317,3.1e-26
3429,49948.44254,180,7,+,f,A1Pi,8,1,0.0,1.0,b,1.75741,2.5e-25
3430,50633.417717,180,7,+,f,A1Pi,9,1,0.0,1.0,b,1.77203,1.8e-24
3431,51304.641974,180,7,+,f,A1Pi,10,1,0.0,1.0,b,1.787,1.1e-23
3432,51962.304561,180,7,+,f,A1Pi,11,1,0.0,1.0,b,1.80228,6.7e-23
3433,52606.675779,180,7,+,f,A1Pi,12,1,0.0,1.0,b,1.81783,3.7e-22
3434,53238.090167,180,7,+,f,A1Pi,13,1,0.0,1.0,b,1.83361,2e-21
3435,53856.924859,180,7,+,f,A1Pi,14,1,0.0,1.0,b,1.84959,1e-20
3436,54463.574508,180,7,+,f,A1Pi,15,1,0.0,1.0,b,1.86574,4.7e-20
3437,55058.42411,180,7,+,f,A1Pi,16,1,0.0,1.0,b,1.88207,2.1e-19
3688,43980.259028,180,7,-,e,A1Pi,0,-1,0.0,-1.0,b,1.65444,1e-29
3692,44771.733184,180,7,-,e,A1Pi,1,-1,0.0,-1.0,b,1.66611,3.9e-30
3696,45550.809272,180,7,-,e,A1Pi,2,-1,0.0,-1.0,b,1.67804,8.1e-30
3700,46317.176982,180,7,-,e,A1Pi,3,-1,0.0,-1.0,b,1.69029,6.3e-30
3704,47070.514063,180,7,-,e,A1Pi,4,-1,0.0,-1.0,b,1.70291,3e-29
3708,47810.52155,180,7,-,e,A1Pi,5,-1,0.0,-1.0,b,1.71592,2.8e-28
3712,48536.950679,180,7,-,e,A1Pi,6,-1,0.0,-1.0,b,1.72934,3.2e-27
3716,49249.623337,180,7,-,e,A1Pi,7,-1,0.0,-1.0,b,1.74317,2.9e-26
3721,49948.446676,180,7,-,e,A1Pi,8,-1,0.0,-1.0,b,1.75741,2.4e-25
3725,50633.421775,180,7,-,e,A1Pi,9,-1,0.0,-1.0,b,1.77203,1.7e-24
3730,51304.645955,180,7,-,e,A1Pi,10,-1,0.0,-1.0,b,1.787,1.1e-23
3735,51962.308464,180,7,-,e,A1Pi,11,-1,0.0,-1.0,b,1.80228,6.5e-23
3741,52606.679604,180,7,-,e,A1Pi,12,-1,0.0,-1.0,b,1.81783,3.6e-22
3747,53238.093916,180,7,-,e,A1Pi,13,-1,0.0,-1.0,b,1.83361,1.9e-21
3753,53856.928533,180,7,-,e,A1Pi,14,-1,0.0,-1.0,b,1.84959,9.7e-21
3761,54463.578108,180,7,-,e,A1Pi,15,-1,0.0,-1.0,b,1.86574,4.7e-20
3774,55058.427638,180,7,-,e,A1Pi,16,-1,0.0,-1.0,b,1.88207,2.1e-19
4048,43989.117477,204,8,+,e,A1Pi,0,1,0.0,1.0,b,1.65449,1.4e-29
4052,44780.504363,204,8,+,e,A1Pi,1,1,0.0,1.0,b,1.66617,5.1e-30
4056,45559.492409,204,8,+,e,A1Pi,2,1,0.0,1.0,b,1.6781,5.1e-30
4060,46325.770759,204,8,+,e,A1Pi,3,1,0.0,1.0,b,1.69035,8.5e-30
4064,47079.01682,204,8,+,e,A1Pi,4,1,0.0,1.0,b,1.70296,4e-29
4068,47818.931469,204,8,+,e,A1Pi,5,1,0.0,1.0,b,1.71598,4.7e-28
4072,48545.265939,204,8,+,e,A1Pi,6,1,0.0,1.0,b,1.7294,5.3e-27
4076,49257.842251,204,8,+,e,A1Pi,7,1,0.0,1.0,b,1.74324,4.9e-26
4081,49956.567802,204,8,+,e,A1Pi,8,1,0.0,1.0,b,1.75748,4e-25
4085,50641.444,204,8,+,e,A1Pi,9,1,0.0,1.0,b,1.7721,2.8e-24
4090,51312.568556,204,8,+,e,A1Pi,10,1,0.0,1.0,b,1.78707,1.8e-23
4095,51970.131131,204,8,+,e,A1Pi,11,1,0.0,1.0,b,1.80236,1.1e-22
4101,52614.402432,204,8,+,e,A1Pi,12,1,0.0,1.0,b,1.81791,6.1e-22
4107,53245.717359,204,8,+,e,A1Pi,13,1,0.0,1.0,b,1.83369,3.2e-21
4113,53864.453335,204,8,+,e,A1Pi,14,1,0.0,1.0,b,1.84967,1.6e-20
4121,54471.005201,204,8,+,e,A1Pi,15,1,0.0,1.0,b,1.86583,7.8e-20
4134,55065.758016,204,8,+,e,A1Pi,16,1,0.0,1.0,b,1.88215,3.5e-19
4321,43989.111428,204,8,-,f,A1Pi,0,-1,0.0,-1.0,b,1.65449,1.1e-29
4322,44780.498399,204,8,-,f,A1Pi,1,-1,0.0,-1.0,b,1.66617,1.9e-30
4323,45559.486531,204,8,-,f,A1Pi,2,-1,0.0,-1.0,b,1.6781,3.5e-30
4324,46325.764968,204,8,-,f,A1Pi,3,-1,0.0,-1.0,b,1.69035,5.9e-30
4325,47079.011119,204,8,-,f,A1Pi,4,-1,0.0,-1.0,b,1.70296,3.8e-29
4326,47818.925861,204,8,-,f,A1Pi,5,-1,0.0,-1.0,b,1.71598,4.9e-28
4327,48545.260425,204,8,-,f,A1Pi,6,-1,0.0,-1.0,b,1.7294,5.5e-27
4328,49257.836834,204,8,-,f,A1Pi,7,-1,0.0,-1.0,b,1.74324,5.1e-26
4329,49956.562484,204,8,-,f,A1Pi,8,-1,0.0,-1.0,b,1.75748,4.1e-25
4330,50641.438783,204,8,-,f,A1Pi,9,-1,0.0,-1.0,b,1.7721,2.9e-24
4331,51312.563439,204,8,-,f,A1Pi,10,-1,0.0,-1.0,b,1.78707,1.9e-23
4332,51970.126115,204,8,-,f,A1Pi,11,-1,0.0,-1.0,b,1.80236,1.1e-22
4333,52614.397515,204,8,-,f,A1Pi,12,-1,0.0,-1.0,b,1.81791,6.3e-22
4334,53245.712541,204,8,-,f,A1Pi,13,-1,0.0,-1.0,b,1.83369,3.3e-21
4335,53864.448613,204,8,-,f,A1Pi,14,-1,0.0,-1.0,b,1.84967,1.7e-20
4336,54471.000573,204,8,-,f,A1Pi,15,-1,0.0,-1.0,b,1.86583,7.9e-20
4337,55065.753482,204,8,-,f,A1Pi,16,-1,0.0,-1.0,b,1.88215,3.6e-19
4501,43999.075018,228,9,+,f,A1Pi,0,1,0.0,1.0,b,1.65455,1.2e-29
4502,44790.363826,228,9,+,f,A1Pi,1,1,0.0,1.0,b,1.66623,2.3e-30
4503,45569.252927,228,9,+,f,A1Pi,2,1,0.0,1.0,b,1.67816,3.3e-30
4504,46335.430848,228,9,+,f,A1Pi,3,1,0.0,1.0,b,1.69041,8.7e-30
4505,47088.574616,228,9,+,f,A1Pi,4,1,0.0,1.0,b,1.70303,5.8e-29
4506,47828.384929,228,9,+,f,A1Pi,5,1,0.0,1.0,b,1.71604,7.6e-28
4507,48554.613018,228,9,+,f,A1Pi,6,1,0.0,1.0,b,1.72947,8.5e-27
4508,49267.081054,228,9,+,f,A1Pi,7,1,0.0,1.0,b,1.74331,8.1e-26
4509,49965.696709,228,9,+,f,A1Pi,8,1,0.0,1.0,b,1.75756,6.5e-25
4510,50650.461764,228,9,+,f,A1Pi,9,1,0.0,1.0,b,1.77218,4.6e-24
4511,51321.474364,228,9,+,f,A1Pi,10,1,0.0,1.0,b,1.78715,3e-23
4512,51978.924636,228,9,+,f,A1Pi,11,1,0.0,1.0,b,1.80244,1.8e-22
4513,52623.083741,228,9,+,f,A1Pi,12,1,0.0,1.0,b,1.81799,9.8e-22
4514,53254.286984,228,9,+,f,A1Pi,13,1,0.0,1.0,b,1.83378,5.2e-21
4515,53872.912112,228,9,+,f,A1Pi,14,1,0.0,1.0,b,1.84976,2.6e-20
4516,54479.354174,228,9,+,f,A1Pi,15,1,0.0,1.0,b,1.86592,1.2e-19
4517,55073.998306,228,9,+,f,A1Pi,16,1,0.0,1.0,b,1.88224,5.6e-19
4768,43999.082578,228,9,-,e,A1Pi,0,-1,0.0,-1.0,b,1.65455,1.3e-29
4772,44790.371279,228,9,-,e,A1Pi,1,-1,0.0,-1.0,b,1.66623,6e-30
4776,45569.260273,228,9,-,e,A1Pi,2,-1,0.0,-1.0,b,1.67816,7e-30
4780,46335.438085,228,9,-,e,A1Pi,3,-1,0.0,-1.0,b,1.69041,1.2e-29
4784,47088.58174,228,9,-,e,A1Pi,4,-1,0.0,-1.0,b,1.70303,6.2e-29
4788,47828.391938,228,9,-,e,A1Pi,5,-1,0.0,-1.0,b,1.71604,7.3e-28
4792,48554.619908,228,9,-,e,A1Pi,6,-1,0.0,-1.0,b,1.72947,8.3e-27
4796,49267.087823,228,9,-,e,A1Pi,7,-1,0.0,-1.0,b,1.74331,7.7e-26
4801,49965.703354,228,9,-,e,A1Pi,8,-1,0.0,-1.0,b,1.75756,6.2e-25
4805,50650.468284,228,9,-,e,A1Pi,9,-1,0.0,-1.0,b,1.77218,4.4e-24
4810,51321.480759,228,9,-,e,A1Pi,10,-1,0.0,-1.0,b,1.78715,2.8e-23
4815,51978.930905,228,9,-,e,A1Pi,11,-1,0.0,-1.0,b,1.80244,1.7e-22
4821,52623.089885,228,9,-,e,A1Pi,12,-1,0.0,-1.0,b,1.81799,9.5e-22
4827,53254.293006,228,9,-,e,A1Pi,13,-1,0.0,-1.0,b,1.83378,5.1e-21
4833,53872.918013,228,9,-,e,A1Pi,14,-1,0.0,-1.0,b,1.84976,2.6e-20
4842,54479.359957,228,9,-,e,A1Pi,15,-1,0.0,-1.0,b,1.86592,1.2e-19
4855,55074.003973,228,9,-,e,A1Pi,16,-1,0.0,-1.0,b,1.88224,5.5e-19
5128,44010.154098,252,10,+,e,A1Pi,0,1,0.0,1.0,b,1.65461,1.3e-29
5132,44801.3337,252,10,+,e,A1Pi,1,1,0.0,1.0,b,1.66629,3.6e-30
5136,45580.112628,252,10,+,e,A1Pi,2,1,0.0,1.0,b,1.67823,8.5e-30
5140,46346.178722,252,10,+,e,A1Pi,3,1,0.0,1.0,b,1.69048,1.2e-29
5144,47099.208584,252,10,+,e,A1Pi,4,1,0.0,1.0,b,1.7031,8.6e-29
5148,47838.902713,252,10,+,e,A1Pi,5,1,0.0,1.0,b,1.71612,1.1e-27
5152,48565.012341,252,10,+,e,A1Pi,6,1,0.0,1.0,b,1.72955,1.2e-26
5156,49277.359804,252,10,+,e,A1Pi,7,1,0.0,1.0,b,1.74339,1.1e-25
5161,49975.853083,252,10,+,e,A1Pi,8,1,0.0,1.0,b,1.75764,9.2e-25
5165,50660.494373,252,10,+,e,A1Pi,9,1,0.0,1.0,b,1.77227,6.5e-24
5170,51331.382307,252,10,+,e,A1Pi,10,1,0.0,1.0,b,1.78724,4.2e-23
5175,51988.70753,252,10,+,e,A1Pi,11,1,0.0,1.0,b,1.80253,2.5e-22
5181,52632.741708,252,10,+,e,A1Pi,12,1,0.0,1.0,b,1.81808,1.4e-21
5187,53263.8206,252,10,+,e,A1Pi,13,1,0.0,1.0,b,1.83387,7.5e-21
5193,53882.322309,252,10,+,e,A1Pi,14,1,0.0,1.0,b,1.84986,3.8e-20
5202,54488.642121,252,10,+,e,A1Pi,15,1,0.0,1.0,b,1.86602,1.8e-19
5215,55083.165252,252,10,+,e,A1Pi,16,1,0.0,1.0,b,1.88234,8.1e-19
5401,44010.14486,252,10,-,f,A1Pi,0,-1,0.0,-1.0,b,1.65461,1.2e-29
5402,44801.324592,252,10,-,f,A1Pi,1,-1,0.0,-1.0,b,1.66629,2.3e-30
5403,45580.103651,252,10,-,f,A1Pi,2,-1,0.0,-1.0,b,1.67823,3.9e-30
5404,46346.169879,252,10,-,f,A1Pi,3,-1,0.0,-1.0,b,1.69048,1.1e-29
5405,47099.199878,252,10,-,f,A1Pi,4,-1,0.0,-1.0,b,1.7031,8.8e-29
5406,47838.894149,252,10,-,f,A1Pi,5,-1,0.0,-1.0,b,1.71612,1.1e-27
5407,48565.003922,252,10,-,f,A1Pi,6,-1,0.0,-1.0,b,1.72955,1.3e-26
5408,49277.351533,252,10,-,f,A1Pi,7,-1,0.0,-1.0,b,1.74339,1.2e-25
5409,49975.844963,252,10,-,f,A1Pi,8,-1,0.0,-1.0,b,1.75764,9.6e-25
5410,50660.486406,252,10,-,f,A1Pi,9,-1,0.0,-1.0,b,1.77227,6.8e-24
5411,51331.374494,252,10,-,f,A1Pi,10,-1,0.0,-1.0,b,1.78724,4.4e-23
5412,51988.69987,252,10,-,f,A1Pi,11,-1,0.0,-1.0,b,1.80253,2.6e-22
5413,52632.734199,252,10,-,f,A1Pi,12,-1,0.0,-1.0,b,1.81808,1.4e-21
5414,53263.813241,252,10,-,f,A1Pi,13,-1,0.0,-1.0,b,1.83387,7.7e-21
5415,53882.315098,252,10,-,f,A1Pi,14,-1,0.0,-1.0,b,1.84986,3.9e-20
5416,54488.635055,252,10,-,f,A1Pi,15,-1,0.0,-1.0,b,1.86602,1.8e-19
5417,55083.158327,252,10,-,f,A1Pi,16,-1,0.0,-1.0,b,1.88234,8.2e-19
5581,44022.320699,276,11,+,f,A1Pi,0,1,0.0,1.0,b,1.65468,1.2e-29
5582,44813.38044,276,11,+,f,A1Pi,1,1,0.0,1.0,b,1.66636,2.3e-30
5583,45592.038443,276,11,+,f,A1Pi,2,1,0.0,1.0,b,1.6783,3.6e-30
5584,46357.981797,276,11,+,f,A1Pi,3,1,0.0,1.0,b,1.69056,1.3e-29
5585,47110.886638,276,11,+,f,A1Pi,4,1,0.0,1.0,b,1.70318,1.1e-28
5586,47850.453251,276,11,+,f,A1Pi,5,1,0.0,1.0,b,1.7162,1.6e-27
5587,48576.432862,276,11,+,f,A1Pi,6,1,0.0,1.0,b,1.72963,1.8e-26
5588,49288.647995,276,11,+,f,A1Pi,7,1,0.0,1.0,b,1.74348,1.7e-25
5589,49987.006966,276,11,+,f,A1Pi,8,1,0.0,1.0,b,1.75773,1.4e-24
5590,50671.512427,276,11,+,f,A1Pi,9,1,0.0,1.0,b,1.77236,9.6e-24
5591,51342.263544,276,11,+,f,A1Pi,10,1,0.0,1.0,b,1.78734,6.2e-23
5592,51999.45153,276,11,+,f,A1Pi,11,1,0.0,1.0,b,1.80263,3.7e-22
5593,52643.348606,276,11,+,f,A1Pi,12,1,0.0,1.0,b,1.81819,2e-21
5594,53274.291026,276,11,+,f,A1Pi,13,1,0.0,1.0,b,1.83398,1.1e-20
5595,53892.657289,276,11,+,f,A1Pi,14,1,0.0,1.0,b,1.84996,5.4e-20
5596,54498.842934,276,11,+,f,A1Pi,15,1,0.0,1.0,b,1.86613,2.6e-19
5597,55093.233265,276,11,+,f,A1Pi,16,1,0.0,1.0,b,1.88246,1.2e-18
5849,44022.331781,276,11,-,e,A1Pi,0,-1,0.0,-1.0,b,1.65468,1.6e-29
5852,44813.391367,276,11,-,e,A1Pi,1,-1,0.0,-1.0,b,1.66636,3.6e-30
5856,45592.049213,276,11,-,e,A1Pi,2,-1,0.0,-1.0,b,1.6783,8.6e-30
5860,46357.992406,276,11,-,e,A1Pi,3,-1,0.0,-1.0,b,1.69056,1.6e-29
5864,47110.897083,276,11,-,e,A1Pi,4,-1,0.0,-1.0,b,1.70318,1.2e-28
5868,47850.463525,276,11,-,e,A1Pi,5,-1,0.0,-1.0,b,1.7162,1.5e-27
5872,48576.442963,276,11,-,e,A1Pi,6,-1,0.0,-1.0,b,1.72963,1.7e-26
5876,49288.657918,276,11,-,e,A1Pi,7,-1,0.0,-1.0,b,1.74348,1.6e-25
5881,49987.016707,276,11,-,e,A1Pi,8,-1,0.0,-1.0,b,1.75773,1.3e-24
5885,50671.521984,276,11,-,e,A1Pi,9,-1,0.0,-1.0,b,1.77236,9.3e-24
5890,51342.272918,276,11,-,e,A1Pi,10,-1,0.0,-1.0,b,1.78734,5.9e-23
5895,51999.46072,276,11,-,e,A1Pi,11,-1,0.0,-1.0,b,1.80263,3.5e-22
5901,52643.357613,276,11,-,e,A1Pi,12,-1,0.0,-1.0,b,1.81819,2e-21
5907,53274.299854,276,11,-,e,A1Pi,13,-1,0.0,-1.0,b,1.83398,1.1e-20
5914,53892.665939,276,11,-,e,A1Pi,14,-1,0.0,-1.0,b,1.84996,5.3e-20
5922,54498.851411,276,11,-,e,A1Pi,15,-1,0.0,-1.0,b,1.86613,2.5e-19
5935,55093.241572,276,11,-,e,A1Pi,16,-1,0.0,-1.0,b,1.88246,1.1e-18
6209,44035.615345,300,12,+,e,A1Pi,0,1,0.0,1.0,b,1.65476,1.3e-29
6212,44826.543994,300,12,+,e,A1Pi,1,1,0.0,1.0,b,1.66644,4.8e-30
6216,45605.06974,300,12,+,e,A1Pi,2,1,0.0,1.0,b,1.67838,7.6e-30
6220,46370.878848,300,12,+,e,A1Pi,3,1,0.0,1.0,b,1.69064,1.9e-29
6224,47123.646944,300,12,+,e,A1Pi,4,1,0.0,1.0,b,1.70327,1.6e-28
6228,47863.074076,300,12,+,e,A1Pi,5,1,0.0,1.0,b,1.71629,2.1e-27
6232,48588.911473,300,12,+,e,A1Pi,6,1,0.0,1.0,b,1.72973,2.4e-26
6236,49300.981858,300,12,+,e,A1Pi,7,1,0.0,1.0,b,1.74358,2.2e-25
6241,49999.19392,300,12,+,e,A1Pi,8,1,0.0,1.0,b,1.75783,1.8e-24
6246,50683.550808,300,12,+,e,A1Pi,9,1,0.0,1.0,b,1.77246,1.3e-23
6250,51354.152277,300,12,+,e,A1Pi,10,1,0.0,1.0,b,1.78745,8.2e-23
6255,52011.190161,300,12,+,e,A1Pi,11,1,0.0,1.0,b,1.80274,4.9e-22
6261,52654.937288,300,12,+,e,A1Pi,12,1,0.0,1.0,b,1.8183,2.7e-21
6267,53285.730455,300,12,+,e,A1Pi,13,1,0.0,1.0,b,1.83409,1.4e-20
6274,53903.94859,300,12,+,e,A1Pi,14,1,0.0,1.0,b,1.85008,7.3e-20
6282,54509.987513,300,12,+,e,A1Pi,15,1,0.0,1.0,b,1.86625,3.5e-19
6295,55104.232621,300,12,+,e,A1Pi,16,1,0.0,1.0,b,1.88258,1.6e-18
6481,44035.60225,300,12,-,f,A1Pi,0,-1,0.0,-1.0,b,1.65476,1.1e-29
6482,44826.531084,300,12,-,f,A1Pi,1,-1,0.0,-1.0,b,1.66644,2.9e-30
6483,45605.057016,300,12,-,f,A1Pi,2,-1,0.0,-1.0,b,1.67838,4e-30
6484,46370.866313,300,12,-,f,A1Pi,3,-1,0.0,-1.0,b,1.69064,1.4e-29
6485,47123.634604,300,12,-,f,A1Pi,4,-1,0.0,-1.0,b,1.70327,1.5e-28
6486,47863.061937,300,12,-,f,A1Pi,5,-1,0.0,-1.0,b,1.71629,2.2e-27
6487,48588.899539,300,12,-,f,A1Pi,6,-1,0.0,-1.0,b,1.72973,2.5e-26
6488,49300.970135,300,12,-,f,A1Pi,7,-1,0.0,-1.0,b,1.74358,2.3e-25
6489,49999.182411,300,12,-,f,A1Pi,8,-1,0.0,-1.0,b,1.75783,1.9e-24
6490,50683.539516,300,12,-,f,A1Pi,9,-1,0.0,-1.0,b,1.77246,1.3e-23
6491,51354.141203,300,12,-,f,A1Pi,10,-1,0.0,-1.0,b,1.78745,8.5e-23
6492,52011.179304,300,12,-,f,A1Pi,11,-1,0.0,-1.0,b,1.80274,5e-22
6493,52654.926646,300,12,-,f,A1Pi,12,-1,0.0,-1.0,b,1.8183,2.8e-21
6494,53285.720026,300,12,-,f,A1Pi,13,-1,0.0,-1.0,b,1.83409,1.5e-20
6495,53903.93837,300,12,-,f,A1Pi,14,-1,0.0,-1.0,b,1.85008,7.4e-20
6496,54509.977498,300,12,-,f,A1Pi,15,-1,0.0,-1.0,b,1.86625,3.5e-19
6497,55104.222807,300,12,-,f,A1Pi,16,-1,0.0,-1.0,b,1.88258,1.6e-18
6661,44049.989207,324,13,+,f,A1Pi,0,1,0.0,1.0,b,1.65484,1.1e-29
6662,44840.776214,324,13,+,f,A1Pi,1,1,0.0,1.0,b,1.66653,3.4e-30
6663,45619.159056,324,13,+,f,A1Pi,2,1,0.0,1.0,b,1.67847,4.1e-30
6664,46384.823109,324,13,+,f,A1Pi,3,1,0.0,1.0,b,1.69073,1.5e-29
6665,47137.443454,324,13,+,f,A1Pi,4,1,0.0,1.0,b,1.70336,2.3e-28
6666,47876.719883,324,13,+,f,A1Pi,5,1,0.0,1.0,b,1.71639,2.9e-27
6667,48602.403624,324,13,+,f,A1Pi,6,1,0.0,1.0,b,1.72983,3.3e-26
6668,49314.317621,324,13,+,f,A1Pi,7,1,0.0,1.0,b,1.74368,3.1e-25
6669,50012.370962,324,13,+,f,A1Pi,8,1,0.0,1.0,b,1.75794,2.5e-24
6670,50696.567336,324,13,+,f,A1Pi,9,1,0.0,1.0,b,1.77258,1.8e-23
6671,51367.00713,324,13,+,f,A1Pi,10,1,0.0,1.0,b,1.78756,1.1e-22
6672,52023.882849,324,13,+,f,A1Pi,11,1,0.0,1.0,b,1.80286,6.8e-22
6673,52667.467978,324,13,+,f,A1Pi,12,1,0.0,1.0,b,1.81842,3.8e-21
6674,53298.099898,324,13,+,f,A1Pi,13,1,0.0,1.0,b,1.83422,2e-20
6675,53916.158001,324,13,+,f,A1Pi,14,1,0.0,1.0,b,1.85021,1e-19
6676,54522.038407,324,13,+,f,A1Pi,15,1,0.0,1.0,b,1.86638,4.8e-19
6677,55116.126616,324,13,+,f,A1Pi,16,1,0.0,1.0,b,1.88271,2.1e-18
6929,44050.00448,324,13,-,e,A1Pi,0,-1,0.0,-1.0,b,1.65484,1.3e-29
6932,44840.791272,324,13,-,e,A1Pi,1,-1,0.0,-1.0,b,1.66653,3.9e-30
6936,45619.173897,324,13,-,e,A1Pi,2,-1,0.0,-1.0,b,1.67847,6.8e-30
6940,46384.837728,324,13,-,e,A1Pi,3,-1,0.0,-1.0,b,1.69073,1.9e-29
6944,47137.457846,324,13,-,e,A1Pi,4,-1,0.0,-1.0,b,1.70336,2.1e-28
6948,47876.734041,324,13,-,e,A1Pi,5,-1,0.0,-1.0,b,1.71639,2.8e-27
6952,48602.417542,324,13,-,e,A1Pi,6,-1,0.0,-1.0,b,1.72983,3.2e-26
6957,49314.331294,324,13,-,e,A1Pi,7,-1,0.0,-1.0,b,1.74368,3e-25
6961,50012.384384,324,13,-,e,A1Pi,8,-1,0.0,-1.0,b,1.75794,2.4e-24
6966,50696.580506,324,13,-,e,A1Pi,9,-1,0.0,-1.0,b,1.77258,1.7e-23
6970,51367.020046,324,13,-,e,A1Pi,10,-1,0.0,-1.0,b,1.78756,1.1e-22
6975,52023.895512,324,13,-,e,A1Pi,11,-1,0.0,-1.0,b,1.80286,6.5e-22
6981,52667.480389,324,13,-,e,A1Pi,12,-1,0.0,-1.0,b,1.81842,3.6e-21
6987,53298.112061,324,13,-,e,A1Pi,13,-1,0.0,-1.0,b,1.83422,1.9e-20
6994,53916.169921,324,13,-,e,A1Pi,14,-1,0.0,-1.0,b,1.85021,9.8e-20
7002,54522.050088,324,13,-,e,A1Pi,15,-1,0.0,-1.0,b,1.86638,4.7e-19
7016,55116.138062,324,13,-,e,A1Pi,16,-1,0.0,-1.0,b,1.88271,2.3e-18
7289,44065.498852,348,14,+,e,A1Pi,0,1,0.0,1.0,b,1.65493,1.4e-29
7292,44856.132863,348,14,+,e,A1Pi,1,1,0.0,1.0,b,1.66662,7.1e-30
7296,45634.361342,348,14,+,e,A1Pi,2,1,0.0,1.0,b,1.67857,8.3e-30
7300,46399.868706,348,14,+,e,A1Pi,3,1,0.0,1.0,b,1.69083,2.5e-29
7304,47152.329441,348,14,+,e,A1Pi,4,1,0.0,1.0,b,1.70346,2.8e-28
7308,47891.443067,348,14,+,e,A1Pi,5,1,0.0,1.0,b,1.71649,3.7e-27
7312,48616.960815,348,14,+,e,A1Pi,6,1,0.0,1.0,b,1.72994,4.2e-26
7317,49328.705864,348,14,+,e,A1Pi,7,1,0.0,1.0,b,1.74379,3.9e-25
7321,50026.587737,348,14,+,e,A1Pi,8,1,0.0,1.0,b,1.75806,3.2e-24
7326,50710.61071,348,14,+,e,A1Pi,9,1,0.0,1.0,b,1.7727,2.2e-23
7330,51380.875853,348,14,+,e,A1Pi,10,1,0.0,1.0,b,1.78769,1.4e-22
7336,52037.5764,348,14,+,e,A1Pi,11,1,0.0,1.0,b,1.80299,8.5e-22
7341,52680.986545,348,14,+,e,A1Pi,12,1,0.0,1.0,b,1.81855,4.8e-21
7347,53311.4443,348,14,+,e,A1Pi,13,1,0.0,1.0,b,1.83435,2.5e-20
7354,53929.329559,348,14,+,e,A1Pi,14,1,0.0,1.0,b,1.85035,1.3e-19
7362,54535.038766,348,14,+,e,A1Pi,15,1,0.0,1.0,b,1.86652,6.1e-19
7376,55128.957525,348,14,+,e,A1Pi,16,1,0.0,1.0,b,1.88286,2.8e-18
7561,44065.481236,348,14,-,f,A1Pi,0,-1,0.0,-1.0,b,1.65493,1.1e-29
7562,44856.115494,348,14,-,f,A1Pi,1,-1,0.0,-1.0,b,1.66662,2.7e-30
7563,45634.344224,348,14,-,f,A1Pi,2,-1,0.0,-1.0,b,1.67857,4.5e-30
7564,46399.851843,348,14,-,f,A1Pi,3,-1,0.0,-1.0,b,1.69083,2.7e-29
7565,47152.31284,348,14,-,f,A1Pi,4,-1,0.0,-1.0,b,1.70346,2.8e-28
7566,47891.426737,348,14,-,f,A1Pi,5,-1,0.0,-1.0,b,1.71649,3.8e-27
7567,48616.944761,348,14,-,f,A1Pi,6,-1,0.0,-1.0,b,1.72994,4.3e-26
7568,49328.690093,348,14,-,f,A1Pi,7,-1,0.0,-1.0,b,1.74379,4.1e-25
7569,50026.572254,348,14,-,f,A1Pi,8,-1,0.0,-1.0,b,1.75805,3.3e-24
7570,50710.595519,348,14,-,f,A1Pi,9,-1,0.0,-1.0,b,1.7727,2.3e-23
7571,51380.860955,348,14,-,f,A1Pi,10,-1,0.0,-1.0,b,1.78769,1.5e-22
7572,52037.561795,348,14,-,f,A1Pi,11,-1,0.0,-1.0,b,1.80299,8.8e-22
7573,52680.972229,348,14,-,f,A1Pi,12,-1,0.0,-1.0,b,1.81855,4.9e-21
7574,53311.430271,348,14,-,f,A1Pi,13,-1,0.0,-1.0,b,1.83435,2.6e-20
7575,53929.315811,348,14,-,f,A1Pi,14,-1,0.0,-1.0,b,1.85035,1.3e-19
7576,54535.025293,348,14,-,f,A1Pi,15,-1,0.0,-1.0,b,1.86652,6.2e-19
7577,55128.944323,348,14,-,f,A1Pi,16,-1,0.0,-1.0,b,1.88286,2.8e-18
7741,44082.077976,372,15,+,f,A1Pi,0,1,0.0,1.0,b,1.65503,1.1e-29
7742,44872.548562,372,15,+,f,A1Pi,1,1,0.0,1.0,b,1.66672,3.1e-30
7743,45650.612154,372,15,+,f,A1Pi,2,1,0.0,1.0,b,1.67867,4.8e-30
7744,46415.952144,372,15,+,f,A1Pi,3,1,0.0,1.0,b,1.69094,2.6e-29
7745,47168.24239,372,15,+,f,A1Pi,4,1,0.0,1.0,b,1.70357,3.6e-28
7746,47907.18212,372,15,+,f,A1Pi,5,1,0.0,1.0,b,1.7166,4.8e-27
7747,48632.522566,372,15,+,f,A1Pi,6,1,0.0,1.0,b,1.73005,5.5e-26
7748,49344.087163,372,15,+,f,A1Pi,7,1,0.0,1.0,b,1.74391,5.2e-25
7749,50041.785898,372,15,+,f,A1Pi,8,1,0.0,1.0,b,1.75818,4.2e-24
7750,50725.62367,372,15,+,f,A1Pi,9,1,0.0,1.0,b,1.77283,3e-23
7751,51395.702282,372,15,+,f,A1Pi,10,1,0.0,1.0,b,1.78782,1.9e-22
7752,52052.215742,372,15,+,f,A1Pi,11,1,0.0,1.0,b,1.80312,1.1e-21
7753,52695.439,372,15,+,f,A1Pi,12,1,0.0,1.0,b,1.81869,6.2e-21
7754,53325.710745,372,15,+,f,A1Pi,13,1,0.0,1.0,b,1.8345,3.3e-20
7755,53943.411402,372,15,+,f,A1Pi,14,1,0.0,1.0,b,1.8505,1.7e-19
7756,54548.937758,372,15,+,f,A1Pi,15,1,0.0,1.0,b,1.86667,7.9e-19
7757,55142.675533,372,15,+,f,A1Pi,16,1,0.0,1.0,b,1.88301,3.6e-18
8009,44082.098102,372,15,-,e,A1Pi,0,-1,0.0,-1.0,b,1.65503,1.3e-29
8012,44872.568406,372,15,-,e,A1Pi,1,-1,0.0,-1.0,b,1.66672,5.1e-30
8016,45650.631711,372,15,-,e,A1Pi,2,-1,0.0,-1.0,b,1.67867,6.1e-30
8020,46415.971409,372,15,-,e,A1Pi,3,-1,0.0,-1.0,b,1.69094,3.1e-29
8024,47168.261356,372,15,-,e,A1Pi,4,-1,0.0,-1.0,b,1.70357,3.5e-28
8028,47907.200777,372,15,-,e,A1Pi,5,-1,0.0,-1.0,b,1.71661,4.7e-27
8032,48632.540906,372,15,-,e,A1Pi,6,-1,0.0,-1.0,b,1.73005,5.3e-26
8037,49344.10518,372,15,-,e,A1Pi,7,-1,0.0,-1.0,b,1.74391,5e-25
8041,50041.803585,372,15,-,e,A1Pi,8,-1,0.0,-1.0,b,1.75818,4e-24
8046,50725.641025,372,15,-,e,A1Pi,9,-1,0.0,-1.0,b,1.77283,2.8e-23
8050,51395.719302,372,15,-,e,A1Pi,10,-1,0.0,-1.0,b,1.78782,1.8e-22
8056,52052.232428,372,15,-,e,A1Pi,11,-1,0.0,-1.0,b,1.80312,1.1e-21
8061,52695.455355,372,15,-,e,A1Pi,12,-1,0.0,-1.0,b,1.81869,6e-21
8067,53325.726773,372,15,-,e,A1Pi,13,-1,0.0,-1.0,b,1.8345,3.2e-20
8074,53943.427108,372,15,-,e,A1Pi,14,-1,0.0,-1.0,b,1.8505,1.6e-19
8082,54548.953149,372,15,-,e,A1Pi,15,-1,0.0,-1.0,b,1.86667,7.7e-19
8096,55142.690616,372,15,-,e,A1Pi,16,-1,0.0,-1.0,b,1.88301,3.5e-18
8369,44099.801845,396,16,+,e,A1Pi,0,1,0.0,1.0,b,1.65513,1.5e-29
8372,44890.097511,396,16,+,e,A1Pi,1,1,0.0,1.0,b,1.66683,5.7e-30
8376,45667.984611,396,16,+,e,A1Pi,2,1,0.0,1.0,b,1.67878,5.9e-30
8380,46433.145443,396,16,+,e,A1Pi,3,1,0.0,1.0,b,1.69105,3.7e-29
8384,47185.253188,396,16,+,e,A1Pi,4,1,0.0,1.0,b,1.70369,4.4e-28
8388,47924.006764,396,16,+,e,A1Pi,5,1,0.0,1.0,b,1.71673,5.8e-27
8392,48649.157406,396,16,+,e,A1Pi,6,1,0.0,1.0,b,1.73018,6.6e-26
8397,49360.528827,396,16,+,e,A1Pi,7,1,0.0,1.0,b,1.74404,6.2e-25
8401,50058.031509,396,16,+,e,A1Pi,8,1,0.0,1.0,b,1.75831,5e-24
8406,50741.671027,396,16,+,e,A1Pi,9,1,0.0,1.0,b,1.77296,3.5e-23
8411,51411.549965,396,16,+,e,A1Pi,10,1,0.0,1.0,b,1.78796,2.3e-22
8416,52067.863166,396,16,+,e,A1Pi,11,1,0.0,1.0,b,1.80327,1.3e-21
8421,52710.886391,396,16,+,e,A1Pi,12,1,0.0,1.0,b,1.81885,7.5e-21
8427,53340.95905,396,16,+,e,A1Pi,13,1,0.0,1.0,b,1.83465,4e-20
8434,53958.462139,396,16,+,e,A1Pi,14,1,0.0,1.0,b,1.85065,2e-19
8443,54563.792812,396,16,+,e,A1Pi,15,1,0.0,1.0,b,1.86683,9.6e-19
8456,55157.336909,396,16,+,e,A1Pi,16,1,0.0,1.0,b,1.88318,4.3e-18
8641,44099.779043,396,16,-,f,A1Pi,0,-1,0.0,-1.0,b,1.65513,1.1e-29
8642,44890.07503,396,16,-,f,A1Pi,1,-1,0.0,-1.0,b,1.66683,2.5e-30
8643,45667.962454,396,16,-,f,A1Pi,2,-1,0.0,-1.0,b,1.67878,5e-30
8644,46433.123617,396,16,-,f,A1Pi,3,-1,0.0,-1.0,b,1.69105,3.4e-29
8645,47185.231702,396,16,-,f,A1Pi,4,-1,0.0,-1.0,b,1.70369,4.4e-28
8646,47923.985627,396,16,-,f,A1Pi,5,-1,0.0,-1.0,b,1.71672,6.1e-27
8647,48649.136628,396,16,-,f,A1Pi,6,-1,0.0,-1.0,b,1.73018,6.9e-26
8648,49360.508415,396,16,-,f,A1Pi,7,-1,0.0,-1.0,b,1.74404,6.4e-25
8649,50058.011471,396,16,-,f,A1Pi,8,-1,0.0,-1.0,b,1.75831,5.2e-24
8650,50741.651366,396,16,-,f,A1Pi,9,-1,0.0,-1.0,b,1.77296,3.7e-23
8651,51411.530684,396,16,-,f,A1Pi,10,-1,0.0,-1.0,b,1.78796,2.4e-22
8652,52067.844263,396,16,-,f,A1Pi,11,-1,0.0,-1.0,b,1.80327,1.4e-21
8653,52710.867863,396,16,-,f,A1Pi,12,-1,0.0,-1.0,b,1.81884,7.7e-21
8654,53340.940893,396,16,-,f,A1Pi,13,-1,0.0,-1.0,b,1.83465,4.1e-20
8655,53958.444346,396,16,-,f,A1Pi,14,-1,0.0,-1.0,b,1.85065,2e-19
8656,54563.775376,396,16,-,f,A1Pi,15,-1,0.0,-1.0,b,1.86683,9.8e-19
8657,55157.319823,396,16,-,f,A1Pi,16,-1,0.0,-1.0,b,1.88318,4.4e-18
8821,44118.584026,420,17,+,f,A1Pi,0,1,0.0,1.0,b,1.65524,1.1e-29
8822,44908.694483,420,17,+,f,A1Pi,1,1,0.0,1.0,b,1.66694,2.5e-30
8823,45686.394707,420,17,+,f,A1Pi,2,1,0.0,1.0,b,1.67889,6.1e-30
8824,46451.365839,420,17,+,f,A1Pi,3,1,0.0,1.0,b,1.69117,3.6e-29
8825,47203.280348,420,17,+,f,A1Pi,4,1,0.0,1.0,b,1.70381,5.6e-28
8826,47941.836825,420,17,+,f,A1Pi,5,1,0.0,1.0,b,1.71685,7.5e-27
8827,48666.78651,420,17,+,f,A1Pi,6,1,0.0,1.0,b,1.73031,8.4e-26
8828,49377.953407,420,17,+,f,A1Pi,7,1,0.0,1.0,b,1.74418,7.9e-25
8829,50075.248527,420,17,+,f,A1Pi,8,1,0.0,1.0,b,1.75845,6.4e-24
8830,50758.678155,420,17,+,f,A1Pi,9,1,0.0,1.0,b,1.77311,4.5e-23
8831,51428.345706,420,17,+,f,A1Pi,10,1,0.0,1.0,b,1.78811,2.9e-22
8832,52084.446901,420,17,+,f,A1Pi,11,1,0.0,1.0,b,1.80342,1.7e-21
8833,52727.258361,420,17,+,f,A1Pi,12,1,0.0,1.0,b,1.819,9.4e-21
8834,53357.120256,420,17,+,f,A1Pi,13,1,0.0,1.0,b,1.83481,5e-20
8835,53974.414187,420,17,+,f,A1Pi,14,1,0.0,1.0,b,1.85082,2.5e-19
8836,54579.537694,420,17,+,f,A1Pi,15,1,0.0,1.0,b,1.867,1.2e-18
9089,44118.609668,420,17,-,e,A1Pi,0,-1,0.0,-1.0,b,1.65524,1.1e-29
9092,44908.719764,420,17,-,e,A1Pi,1,-1,0.0,-1.0,b,1.66694,7.1e-30
9096,45686.419624,420,17,-,e,A1Pi,2,-1,0.0,-1.0,b,1.67889,8.7e-30
9100,46451.390383,420,17,-,e,A1Pi,3,-1,0.0,-1.0,b,1.69117,4.2e-29
9104,47203.304511,420,17,-,e,A1Pi,4,-1,0.0,-1.0,b,1.70381,5.4e-28
9108,47941.860594,420,17,-,e,A1Pi,5,-1,0.0,-1.0,b,1.71685,7.2e-27
9112,48666.809876,420,17,-,e,A1Pi,6,-1,0.0,-1.0,b,1.73031,8.1e-26
9117,49377.97636,420,17,-,e,A1Pi,7,-1,0.0,-1.0,b,1.74418,7.6e-25
9121,50075.27106,420,17,-,e,A1Pi,8,-1,0.0,-1.0,b,1.75846,6.1e-24
9126,50758.700264,420,17,-,e,A1Pi,9,-1,0.0,-1.0,b,1.77311,4.3e-23
9131,51428.367388,420,17,-,e,A1Pi,10,-1,0.0,-1.0,b,1.78811,2.8e-22
9136,52084.468158,420,17,-,e,A1Pi,11,-1,0.0,-1.0,b,1.80342,1.6e-21
9141,52727.279195,420,17,-,e,A1Pi,12,-1,0.0,-1.0,b,1.81901,9.1e-21
9147,53357.140674,420,17,-,e,A1Pi,13,-1,0.0,-1.0,b,1.83481,4.8e-20
9154,53974.434196,420,17,-,e,A1Pi,14,-1,0.0,-1.0,b,1.85082,2.4e-19
9163,54579.557301,420,17,-,e,A1Pi,15,-1,0.0,-1.0,b,1.867,1.2e-18
9449,44138.521134,444,18,+,e,A1Pi,0,1,0.0,1.0,b,1.65536,1.8e-29
9452,44928.434726,444,18,+,e,A1Pi,1,1,0.0,1.0,b,1.66706,4.4e-30
9456,45705.936305,444,18,+,e,A1Pi,2,1,0.0,1.0,b,1.67902,8.9e-30
9460,46470.705782,444,18,+,e,A1Pi,3,1,0.0,1.0,b,1.69129,4.9e-29
9464,47222.414869,444,18,+,e,A1Pi,4,1,0.0,1.0,b,1.70394,6.5e-28
9468,47960.761807,444,18,+,e,A1Pi,5,1,0.0,1.0,b,1.71699,8.7e-27
9472,48685.497848,444,18,+,e,A1Pi,6,1,0.0,1.0,b,1.73045,9.8e-26
9477,49396.447307,444,18,+,e,A1Pi,7,1,0.0,1.0,b,1.74433,9.2e-25
9481,50093.521762,444,18,+,e,A1Pi,8,1,0.0,1.0,b,1.75861,7.4e-24
9486,50776.728254,444,18,+,e,A1Pi,9,1,0.0,1.0,b,1.77327,5.3e-23
9491,51446.171086,444,18,+,e,A1Pi,10,1,0.0,1.0,b,1.78827,3.4e-22
9496,52102.046917,444,18,+,e,A1Pi,11,1,0.0,1.0,b,1.80359,2e-21
9501,52744.633281,444,18,+,e,A1Pi,12,1,0.0,1.0,b,1.81917,1.1e-20
9507,53374.27116,444,18,+,e,A1Pi,13,1,0.0,1.0,b,1.83499,5.9e-20
9514,53991.342794,444,18,+,e,A1Pi,14,1,0.0,1.0,b,1.851,3e-19
9523,54596.246132,444,18,+,e,A1Pi,15,1,0.0,1.0,b,1.86718,1.4e-18
9721,44138.492487,444,18,-,f,A1Pi,0,-1,0.0,-1.0,b,1.65535,1.3e-29
9722,44928.406481,444,18,-,f,A1Pi,1,-1,0.0,-1.0,b,1.66706,3e-30
9723,45705.908468,444,18,-,f,A1Pi,2,-1,0.0,-1.0,b,1.67901,5.7e-30
9724,46470.678361,444,18,-,f,A1Pi,3,-1,0.0,-1.0,b,1.69129,4.4e-29
9725,47222.387875,444,18,-,f,A1Pi,4,-1,0.0,-1.0,b,1.70394,6.6e-28
9726,47960.735253,444,18,-,f,A1Pi,5,-1,0.0,-1.0,b,1.71699,9e-27
9727,48685.471745,444,18,-,f,A1Pi,6,-1,0.0,-1.0,b,1.73045,1e-25
9728,49396.421665,444,18,-,f,A1Pi,7,-1,0.0,-1.0,b,1.74432,9.6e-25
9729,50093.496589,444,18,-,f,A1Pi,8,-1,0.0,-1.0,b,1.7586,7.8e-24
9730,50776.703556,444,18,-,f,A1Pi,9,-1,0.0,-1.0,b,1.77326,5.5e-23
9731,51446.146864,444,18,-,f,A1Pi,10,-1,0.0,-1.0,b,1.78827,3.5e-22
9732,52102.023171,444,18,-,f,A1Pi,11,-1,0.0,-1.0,b,1.80359,2.1e-21
9733,52744.610006,444,18,-,f,A1Pi,12,-1,0.0,-1.0,b,1.81917,1.1e-20
9734,53374.24835,444,18,-,f,A1Pi,13,-1,0.0,-1.0,b,1.83499,6e-20
9735,53991.320442,444,18,-,f,A1Pi,14,-1,0.0,-1.0,b,1.851,3e-19
9736,54596.224228,444,18,-,f,A1Pi,15,-1,0.0,-1.0,b,1.86718,1.4e-18
9901,44159.503964,468,19,+,f,A1Pi,0,1,0.0,1.0,b,1.65548,1.2e-29
9902,44949.210559,468,19,+,f,A1Pi,1,1,0.0,1.0,b,1.66718,3.2e-30
9903,45726.503267,468,19,+,f,A1Pi,2,1,0.0,1.0,b,1.67914,6e-30
9904,46491.060707,468,19,+,f,A1Pi,3,1,0.0,1.0,b,1.69143,5.2e-29
9905,47242.5538,468,19,+,f,A1Pi,4,1,0.0,1.0,b,1.70408,7.6e-28
9906,47980.680424,468,19,+,f,A1Pi,5,1,0.0,1.0,b,1.71713,1.1e-26
9907,48705.19184,468,19,+,f,A1Pi,6,1,0.0,1.0,b,1.7306,1.2e-25
9908,49415.912692,468,19,+,f,A1Pi,7,1,0.0,1.0,b,1.74448,1.2e-24
9909,50112.755153,468,19,+,f,A1Pi,8,1,0.0,1.0,b,1.75876,9.3e-24
9910,50795.727061,468,19,+,f,A1Pi,9,1,0.0,1.0,b,1.77343,6.6e-23
9911,51464.933647,468,19,+,f,A1Pi,10,1,0.0,1.0,b,1.78844,4.2e-22
9912,52120.572558,468,19,+,f,A1Pi,11,1,0.0,1.0,b,1.80376,2.5e-21
9913,52762.922285,468,19,+,f,A1Pi,12,1,0.0,1.0,b,1.81935,1.4e-20
9914,53392.324661,468,19,+,f,A1Pi,13,1,0.0,1.0,b,1.83517,7.2e-20
9915,54009.162596,468,19,+,f,A1Pi,14,1,0.0,1.0,b,1.85119,3.6e-19
9916,54613.834467,468,19,+,f,A1Pi,15,1,0.0,1.0,b,1.86738,1.7e-18
10169,44159.535782,468,19,-,e,A1Pi,0,-1,0.0,-1.0,b,1.65548,1.8e-29
10173,44949.241928,468,19,-,e,A1Pi,1,-1,0.0,-1.0,b,1.66718,5.9e-30
10176,45726.534184,468,19,-,e,A1Pi,2,-1,0.0,-1.0,b,1.67914,7.2e-30
10180,46491.091162,468,19,-,e,A1Pi,3,-1,0.0,-1.0,b,1.69143,5.4e-29
10184,47242.58378,468,19,-,e,A1Pi,4,-1,0.0,-1.0,b,1.70408,7.8e-28
10188,47980.709915,468,19,-,e,A1Pi,5,-1,0.0,-1.0,b,1.71713,1e-26
10193,48705.22083,468,19,-,e,A1Pi,6,-1,0.0,-1.0,b,1.7306,1.2e-25
10197,49415.94117,468,19,-,e,A1Pi,7,-1,0.0,-1.0,b,1.74448,1.1e-24
10201,50112.783109,468,19,-,e,A1Pi,8,-1,0.0,-1.0,b,1.75876,8.9e-24
10206,50795.75449,468,19,-,e,A1Pi,9,-1,0.0,-1.0,b,1.77343,6.3e-23
10211,51464.960548,468,19,-,e,A1Pi,10,-1,0.0,-1.0,b,1.78844,4e-22
10216,52120.598931,468,19,-,e,A1Pi,11,-1,0.0,-1.0,b,1.80376,2.4e-21
10221,52762.948133,468,19,-,e,A1Pi,12,-1,0.0,-1.0,b,1.81935,1.3e-20
10227,53392.349992,468,19,-,e,A1Pi,13,-1,0.0,-1.0,b,1.83517,7e-20
10234,54009.187419,468,19,-,e,A1Pi,14,-1,0.0,-1.0,b,1.85119,3.5e-19
10243,54613.858793,468,19,-,e,A1Pi,15,-1,0.0,-1.0,b,1.86738,1.7e-18
10529,44181.653121,492,20,+,e,A1Pi,0,1,0.0,1.0,b,1.65561,1.6e-29
10533,44971.140881,492,20,+,e,A1Pi,1,1,0.0,1.0,b,1.66731,8.4e-30
10536,45748.212763,492,20,+,e,A1Pi,2,1,0.0,1.0,b,1.67928,1.1e-29
10540,46512.546021,492,20,+,e,A1Pi,3,1,0.0,1.0,b,1.69157,6.4e-29
10544,47263.810736,492,20,+,e,A1Pi,4,1,0.0,1.0,b,1.70423,9.1e-28
10548,48001.704404,492,20,+,e,A1Pi,5,1,0.0,1.0,b,1.71728,1.2e-26
10553,48725.9783,492,20,+,e,A1Pi,6,1,0.0,1.0,b,1.73075,1.4e-25
10557,49436.45742,492,20,+,e,A1Pi,7,1,0.0,1.0,b,1.74464,1.3e-24
10561,50133.054569,492,20,+,e,A1Pi,8,1,0.0,1.0,b,1.75893,1e-23
10566,50815.778434,492,20,+,e,A1Pi,9,1,0.0,1.0,b,1.7736,7.4e-23
10571,51484.735232,492,20,+,e,A1Pi,10,1,0.0,1.0,b,1.78862,4.7e-22
10576,52140.123654,492,20,+,e,A1Pi,11,1,0.0,1.0,b,1.80395,2.8e-21
10582,52782.223207,492,20,+,e,A1Pi,12,1,0.0,1.0,b,1.81954,1.6e-20
10588,53411.376627,492,20,+,e,A1Pi,13,1,0.0,1.0,b,1.83536,8.2e-20
10595,54027.96753,492,20,+,e,A1Pi,14,1,0.0,1.0,b,1.85138,4.1e-19
10603,54632.394744,492,20,+,e,A1Pi,15,1,0.0,1.0,b,1.86758,2e-18
10801,44181.61797,492,20,-,f,A1Pi,0,-1,0.0,-1.0,b,1.65561,1.2e-29
10802,44971.106225,492,20,-,f,A1Pi,1,-1,0.0,-1.0,b,1.66731,2.5e-30
10803,45748.178608,492,20,-,f,A1Pi,2,-1,0.0,-1.0,b,1.67928,6.8e-30
10804,46512.512376,492,20,-,f,A1Pi,3,-1,0.0,-1.0,b,1.69157,7e-29
10805,47263.777616,492,20,-,f,A1Pi,4,-1,0.0,-1.0,b,1.70422,9e-28
10806,48001.671823,492,20,-,f,A1Pi,5,-1,0.0,-1.0,b,1.71728,1.3e-26
10807,48725.946273,492,20,-,f,A1Pi,6,-1,0.0,-1.0,b,1.73075,1.4e-25
10808,49436.42596,492,20,-,f,A1Pi,7,-1,0.0,-1.0,b,1.74464,1.4e-24
10809,50133.023685,492,20,-,f,A1Pi,8,-1,0.0,-1.0,b,1.75893,1.1e-23
10810,50815.748132,492,20,-,f,A1Pi,9,-1,0.0,-1.0,b,1.7736,7.7e-23
10811,51484.705515,492,20,-,f,A1Pi,10,-1,0.0,-1.0,b,1.78862,4.9e-22
10812,52140.094521,492,20,-,f,A1Pi,11,-1,0.0,-1.0,b,1.80395,2.9e-21
10813,52782.194653,492,20,-,f,A1Pi,12,-1,0.0,-1.0,b,1.81954,1.6e-20
10814,53411.348644,492,20,-,f,A1Pi,13,-1,0.0,-1.0,b,1.83536,8.4e-20
10815,54027.940108,492,20,-,f,A1Pi,14,-1,0.0,-1.0,b,1.85138,4.2e-19
10816,54632.367872,492,20,-,f,A1Pi,15,-1,0.0,-1.0,b,1.86758,2e-18
10981,44204.83399,516,21,+,f,A1Pi,0,1,0.0,1.0,b,1.65574,1.3e-29
10982,44994.09296,516,21,+,f,A1Pi,1,1,0.0,1.0,b,1.66745,2.5e-30
10983,45770.933967,516,21,+,f,A1Pi,2,1,0.0,1.0,b,1.67942,6.7e-30
10984,46535.032839,516,21,+,f,A1Pi,3,1,0.0,1.0,b,1.69172,7.1e-29
10985,47286.058787,516,21,+,f,A1Pi,4,1,0.0,1.0,b,1.70438,1.1e-27
10986,48023.708909,516,21,+,f,A1Pi,5,1,0.0,1.0,b,1.71744,1.5e-26
10987,48747.734497,516,21,+,f,A1Pi,6,1,0.0,1.0,b,1.73092,1.7e-25
10988,49457.960914,516,21,+,f,A1Pi,7,1,0.0,1.0,b,1.74481,1.6e-24
10989,50154.301626,516,21,+,f,A1Pi,8,1,0.0,1.0,b,1.75911,1.3e-23
10990,50836.766204,516,21,+,f,A1Pi,9,1,0.0,1.0,b,1.77378,8.9e-23
10991,51505.461897,516,21,+,f,A1Pi,10,1,0.0,1.0,b,1.78881,5.7e-22
10992,52160.588487,516,21,+,f,A1Pi,11,1,0.0,1.0,b,1.80414,3.3e-21
10993,52802.426539,516,21,+,f,A1Pi,12,1,0.0,1.0,b,1.81974,1.8e-20
10994,53431.319727,516,21,+,f,A1Pi,13,1,0.0,1.0,b,1.83557,9.7e-20
10995,54047.652407,516,21,+,f,A1Pi,14,1,0.0,1.0,b,1.85159,4.9e-19
10996,54651.823873,516,21,+,f,A1Pi,15,1,0.0,1.0,b,1.86779,2.3e-18
11249,44204.872638,516,21,-,e,A1Pi,0,-1,0.0,-1.0,b,1.65574,1.5e-29
11253,44994.131064,516,21,-,e,A1Pi,1,-1,0.0,-1.0,b,1.66745,4.5e-30
11256,45770.97152,516,21,-,e,A1Pi,2,-1,0.0,-1.0,b,1.67942,1.1e-29
11260,46535.06983,516,21,-,e,A1Pi,3,-1,0.0,-1.0,b,1.69172,7.3e-29
11264,47286.095201,516,21,-,e,A1Pi,4,-1,0.0,-1.0,b,1.70438,1.1e-27
11268,48023.74473,516,21,-,e,A1Pi,5,-1,0.0,-1.0,b,1.71744,1.4e-26
11273,48747.769708,516,21,-,e,A1Pi,6,-1,0.0,-1.0,b,1.73092,1.6e-25
11277,49457.995502,516,21,-,e,A1Pi,7,-1,0.0,-1.0,b,1.74481,1.5e-24
11281,50154.335581,516,21,-,e,A1Pi,8,-1,0.0,-1.0,b,1.75911,1.2e-23
11286,50836.799518,516,21,-,e,A1Pi,9,-1,0.0,-1.0,b,1.77378,8.6e-23
11291,51505.494568,516,21,-,e,A1Pi,10,-1,0.0,-1.0,b,1.78881,5.5e-22
11296,52160.620516,516,21,-,e,A1Pi,11,-1,0.0,-1.0,b,1.80414,3.2e-21
11302,52802.457931,516,21,-,e,A1Pi,12,-1,0.0,-1.0,b,1.81974,1.8e-20
11308,53431.350492,516,21,-,e,A1Pi,13,-1,0.0,-1.0,b,1.83557,9.4e-20
11315,54047.682555,516,21,-,e,A1Pi,14,-1,0.0,-1.0,b,1.85159,4.8e-19
11324,54651.853416,516,21,-,e,A1Pi,15,-1,0.0,-1.0,b,1.86779,2.3e-18
11609,44229.193791,540,22,+,e,A1Pi,0,1,0.0,1.0,b,1.65588,1.6e-29
11613,45018.211933,540,22,+,e,A1Pi,1,1,0.0,1.0,b,1.6676,8.3e-30
11617,45794.809905,540,22,+,e,A1Pi,2,1,0.0,1.0,b,1.67957,1.1e-29
11620,46558.662034,540,22,+,e,A1Pi,3,1,0.0,1.0,b,1.69187,8.4e-29
11624,47309.436612,540,22,+,e,A1Pi,4,1,0.0,1.0,b,1.70454,1.2e-27
11629,48046.830324,540,22,+,e,A1Pi,5,1,0.0,1.0,b,1.71761,1.6e-26
11633,48770.594478,540,22,+,e,A1Pi,6,1,0.0,1.0,b,1.73109,1.8e-25
11637,49480.554832,540,22,+,e,A1Pi,7,1,0.0,1.0,b,1.74499,1.7e-24
11641,50176.625553,540,22,+,e,A1Pi,8,1,0.0,1.0,b,1.75929,1.4e-23
11646,50858.817149,540,22,+,e,A1Pi,9,1,0.0,1.0,b,1.77397,9.8e-23
11651,51527.237958,540,22,+,e,A1Pi,10,1,0.0,1.0,b,1.789,6.2e-22
11656,52182.088915,540,22,+,e,A1Pi,11,1,0.0,1.0,b,1.80434,3.7e-21
11662,52823.651703,540,22,+,e,A1Pi,12,1,0.0,1.0,b,1.81995,2e-20
11668,53452.270986,540,22,+,e,A1Pi,13,1,0.0,1.0,b,1.83578,1.1e-19
11675,54068.331894,540,22,+,e,A1Pi,14,1,0.0,1.0,b,1.85181,5.4e-19
11684,54672.234211,540,22,+,e,A1Pi,15,1,0.0,1.0,b,1.86801,2.6e-18
11881,44229.151484,540,22,-,f,A1Pi,0,-1,0.0,-1.0,b,1.65588,1.3e-29
11882,45018.170221,540,22,-,f,A1Pi,1,-1,0.0,-1.0,b,1.6676,3.2e-30
11883,45794.768796,540,22,-,f,A1Pi,2,-1,0.0,-1.0,b,1.67957,1.1e-29
11884,46558.621541,540,22,-,f,A1Pi,3,-1,0.0,-1.0,b,1.69187,8.2e-29
11885,47309.396751,540,22,-,f,A1Pi,4,-1,0.0,-1.0,b,1.70454,1.2e-27
11886,48046.791112,540,22,-,f,A1Pi,5,-1,0.0,-1.0,b,1.7176,1.7e-26
11887,48770.555933,540,22,-,f,A1Pi,6,-1,0.0,-1.0,b,1.73109,1.9e-25
11888,49480.51697,540,22,-,f,A1Pi,7,-1,0.0,-1.0,b,1.74499,1.8e-24
11889,50176.588385,540,22,-,f,A1Pi,8,-1,0.0,-1.0,b,1.75929,1.4e-23
11890,50858.780682,540,22,-,f,A1Pi,9,-1,0.0,-1.0,b,1.77397,1e-22
11891,51527.202196,540,22,-,f,A1Pi,10,-1,0.0,-1.0,b,1.789,6.5e-22
11892,52182.053855,540,22,-,f,A1Pi,11,-1,0.0,-1.0,b,1.80434,3.8e-21
11893,52823.61734,540,22,-,f,A1Pi,12,-1,0.0,-1.0,b,1.81995,2.1e-20
11894,53452.237311,540,22,-,f,A1Pi,13,-1,0.0,-1.0,b,1.83578,1.1e-19
11895,54068.298894,540,22,-,f,A1Pi,14,-1,0.0,-1.0,b,1.85181,5.6e-19
11896,54672.201873,540,22,-,f,A1Pi,15,-1,0.0,-1.0,b,1.86801,2.7e-18
12061,44254.569886,564,23,+,f,A1Pi,0,1,0.0,1.0,b,1.65603,1.2e-29
12062,45043.337439,564,23,+,f,A1Pi,1,1,0.0,1.0,b,1.66775,2.8e-30
12063,45819.682519,564,23,+,f,A1Pi,2,1,0.0,1.0,b,1.67973,8.8e-30
12064,46583.277899,564,23,+,f,A1Pi,3,1,0.0,1.0,b,1.69203,8.9e-29
12065,47333.79092,564,23,+,f,A1Pi,4,1,0.0,1.0,b,1.7047,1.3e-27
12066,48070.917836,564,23,+,f,A1Pi,5,1,0.0,1.0,b,1.71778,1.9e-26
12067,48794.40998,564,23,+,f,A1Pi,6,1,0.0,1.0,b,1.73127,2.2e-25
12068,49504.093518,564,23,+,f,A1Pi,7,1,0.0,1.0,b,1.74517,2.1e-24
12069,50199.883346,564,23,+,f,A1Pi,8,1,0.0,1.0,b,1.75948,1.7e-23
12070,50881.790943,564,23,+,f,A1Pi,9,1,0.0,1.0,b,1.77417,1.2e-22
12071,51549.925784,564,23,+,f,A1Pi,10,1,0.0,1.0,b,1.78921,7.4e-22
12072,52204.489998,564,23,+,f,A1Pi,11,1,0.0,1.0,b,1.80455,4.4e-21
12073,52845.766428,564,23,+,f,A1Pi,12,1,0.0,1.0,b,1.82016,2.4e-20
12074,53474.100764,564,23,+,f,A1Pi,13,1,0.0,1.0,b,1.836,1.3e-19
12075,54089.878941,564,23,+,f,A1Pi,14,1,0.0,1.0,b,1.85203,6.3e-19
12076,54693.501246,564,23,+,f,A1Pi,15,1,0.0,1.0,b,1.86824,3e-18
12329,44254.616017,564,23,-,e,A1Pi,0,-1,0.0,-1.0,b,1.65603,1.5e-29
12333,45043.382919,564,23,-,e,A1Pi,1,-1,0.0,-1.0,b,1.66775,6.3e-30
12337,45819.727342,564,23,-,e,A1Pi,2,-1,0.0,-1.0,b,1.67973,9.6e-30
12340,46583.32205,564,23,-,e,A1Pi,3,-1,0.0,-1.0,b,1.69203,9.2e-29
12344,47333.834381,564,23,-,e,A1Pi,4,-1,0.0,-1.0,b,1.7047,1.4e-27
12349,48070.960589,564,23,-,e,A1Pi,5,-1,0.0,-1.0,b,1.71778,1.9e-26
12353,48794.452005,564,23,-,e,A1Pi,6,-1,0.0,-1.0,b,1.73127,2.1e-25
12357,49504.134799,564,23,-,e,A1Pi,7,-1,0.0,-1.0,b,1.74517,2e-24
12362,50199.923869,564,23,-,e,A1Pi,8,-1,0.0,-1.0,b,1.75948,1.6e-23
12366,50881.830702,564,23,-,e,A1Pi,9,-1,0.0,-1.0,b,1.77417,1.1e-22
12371,51549.964775,564,23,-,e,A1Pi,10,-1,0.0,-1.0,b,1.78921,7.1e-22
12376,52204.528222,564,23,-,e,A1Pi,11,-1,0.0,-1.0,b,1.80455,4.2e-21
12382,52845.803892,564,23,-,e,A1Pi,12,-1,0.0,-1.0,b,1.82016,2.3e-20
12388,53474.137479,564,23,-,e,A1Pi,13,-1,0.0,-1.0,b,1.836,1.2e-19
12395,54089.914919,564,23,-,e,A1Pi,14,-1,0.0,-1.0,b,1.85204,6.2e-19
12404,54693.536503,564,23,-,e,A1Pi,15,-1,0.0,-1.0,b,1.86824,3e-18
12689,44281.138721,588,24,+,e,A1Pi,0,1,0.0,1.0,b,1.65618,1.7e-29
12693,45069.643425,588,24,+,e,A1Pi,1,1,0.0,1.0,b,1.66791,6e-30
12697,45845.723229,588,24,+,e,A1Pi,2,1,0.0,1.0,b,1.67989,1e-29
12701,46609.04927,588,24,+,e,A1Pi,3,1,0.0,1.0,b,1.6922,1.1e-28
12705,47359.287891,588,24,+,e,A1Pi,4,1,0.0,1.0,b,1.70488,1.6e-27
12709,48096.134901,588,24,+,e,A1Pi,5,1,0.0,1.0,b,1.71796,2.1e-26
12713,48819.341657,588,24,+,e,A1Pi,6,1,0.0,1.0,b,1.73145,2.4e-25
12717,49528.734762,588,24,+,e,A1Pi,7,1,0.0,1.0,b,1.74537,2.2e-24
12722,50224.229883,588,24,+,e,A1Pi,8,1,0.0,1.0,b,1.75968,1.8e-23
12726,50905.839527,588,24,+,e,A1Pi,9,1,0.0,1.0,b,1.77438,1.3e-22
12731,51573.674362,588,24,+,e,A1Pi,10,1,0.0,1.0,b,1.78942,8.1e-22
12736,52227.937778,588,24,+,e,A1Pi,11,1,0.0,1.0,b,1.80477,4.7e-21
12742,52868.913838,588,24,+,e,A1Pi,12,1,0.0,1.0,b,1.82039,2.6e-20
12748,53496.949311,588,24,+,e,A1Pi,13,1,0.0,1.0,b,1.83623,1.4e-19
12755,54112.430973,588,24,+,e,A1Pi,14,1,0.0,1.0,b,1.85227,7e-19
12765,54715.759637,588,24,+,e,A1Pi,15,1,0.0,1.0,b,1.86849,3.4e-18
12961,44281.088606,588,24,-,f,A1Pi,0,-1,0.0,-1.0,b,1.65618,1.2e-29
12962,45069.594017,588,24,-,f,A1Pi,1,-1,0.0,-1.0,b,1.66791,2.5e-30
12963,45845.674535,588,24,-,f,A1Pi,2,-1,0.0,-1.0,b,1.67989,8.8e-30
12964,46609.001306,588,24,-,f,A1Pi,3,-1,0.0,-1.0,b,1.6922,8.9e-29
12965,47359.240677,588,24,-,f,A1Pi,4,-1,0.0,-1.0,b,1.70488,1.6e-27
12966,48096.088457,588,24,-,f,A1Pi,5,-1,0.0,-1.0,b,1.71796,2.2e-26
12967,48819.296004,588,24,-,f,A1Pi,6,-1,0.0,-1.0,b,1.73145,2.5e-25
12968,49528.689918,588,24,-,f,A1Pi,7,-1,0.0,-1.0,b,1.74537,2.3e-24
12969,50224.185861,588,24,-,f,A1Pi,8,-1,0.0,-1.0,b,1.75968,1.9e-23
12970,50905.796337,588,24,-,f,A1Pi,9,-1,0.0,-1.0,b,1.77438,1.3e-22
12971,51573.632007,588,24,-,f,A1Pi,10,-1,0.0,-1.0,b,1.78942,8.4e-22
12972,52227.896255,588,24,-,f,A1Pi,11,-1,0.0,-1.0,b,1.80477,4.9e-21
12973,52868.873141,588,24,-,f,A1Pi,12,-1,0.0,-1.0,b,1.82039,2.7e-20
12974,53496.909428,588,24,-,f,A1Pi,13,-1,0.0,-1.0,b,1.83623,1.4e-19
12975,54112.39189,588,24,-,f,A1Pi,14,-1,0.0,-1.0,b,1.85227,7.2e-19
12976,54715.721338,588,24,-,f,A1Pi,15,-1,0.0,-1.0,b,1.86849,3.4e-18
13141,44308.707025,612,25,+,f,A1Pi,0,1,0.0,1.0,b,1.65634,1.3e-29
13142,45096.939333,612,25,+,f,A1Pi,1,1,0.0,1.0,b,1.66807,3.4e-30
13143,45872.744216,612,25,+,f,A1Pi,2,1,0.0,1.0,b,1.68006,8.5e-30
13144,46635.791126,612,25,+,f,A1Pi,3,1,0.0,1.0,b,1.69238,1.1e-28
13145,47385.74538,612,25,+,f,A1Pi,4,1,0.0,1.0,b,1.70506,1.8e-27
13146,48122.302323,612,25,+,f,A1Pi,5,1,0.0,1.0,b,1.71815,2.4e-26
13147,48845.213347,612,25,+,f,A1Pi,6,1,0.0,1.0,b,1.73165,2.8e-25
13148,49554.305504,612,25,+,f,A1Pi,7,1,0.0,1.0,b,1.74557,2.6e-24
13149,50249.495258,612,25,+,f,A1Pi,8,1,0.0,1.0,b,1.75989,2.1e-23
13150,50930.796183,612,25,+,f,A1Pi,9,1,0.0,1.0,b,1.77459,1.5e-22
13151,51598.32018,612,25,+,f,A1Pi,10,1,0.0,1.0,b,1.78964,9.4e-22
13152,52252.271941,612,25,+,f,A1Pi,11,1,0.0,1.0,b,1.805,5.5e-21
13153,52892.936793,612,25,+,f,A1Pi,12,1,0.0,1.0,b,1.82062,3e-20
13154,53520.662616,612,25,+,f,A1Pi,13,1,0.0,1.0,b,1.83647,1.6e-19
13155,54135.837055,612,25,+,f,A1Pi,14,1,0.0,1.0,b,1.85252,7.9e-19
13156,54738.861465,612,25,+,f,A1Pi,15,1,0.0,1.0,b,1.86874,3.8e-18
13409,44308.761286,612,25,-,e,A1Pi,0,-1,0.0,-1.0,b,1.65635,1.7e-29
13413,45096.992829,612,25,-,e,A1Pi,1,-1,0.0,-1.0,b,1.66807,5.2e-30
13417,45872.796938,612,25,-,e,A1Pi,2,-1,0.0,-1.0,b,1.68006,1.2e-29
13421,46635.843057,612,25,-,e,A1Pi,3,-1,0.0,-1.0,b,1.69238,1.2e-28
13425,47385.796499,612,25,-,e,A1Pi,4,-1,0.0,-1.0,b,1.70506,1.7e-27
13429,48122.352607,612,25,-,e,A1Pi,5,-1,0.0,-1.0,b,1.71815,2.3e-26
13433,48845.262774,612,25,-,e,A1Pi,6,-1,0.0,-1.0,b,1.73165,2.7e-25
13437,49554.354055,612,25,-,e,A1Pi,7,-1,0.0,-1.0,b,1.74557,2.5e-24
13442,50249.542918,612,25,-,e,A1Pi,8,-1,0.0,-1.0,b,1.75989,2e-23
13446,50930.842942,612,25,-,e,A1Pi,9,-1,0.0,-1.0,b,1.7746,1.4e-22
13451,51598.366035,612,25,-,e,A1Pi,10,-1,0.0,-1.0,b,1.78965,9e-22
13457,52252.316895,612,25,-,e,A1Pi,11,-1,0.0,-1.0,b,1.805,5.3e-21
13462,52892.980853,612,25,-,e,A1Pi,12,-1,0.0,-1.0,b,1.82063,2.9e-20
13468,53520.705795,612,25,-,e,A1Pi,13,-1,0.0,-1.0,b,1.83648,1.5e-19
13476,54135.879367,612,25,-,e,A1Pi,14,-1,0.0,-1.0,b,1.85252,7.7e-19
13485,54738.902928,612,25,-,e,A1Pi,15,-1,0.0,-1.0,b,1.86874,3.7e-18
13769,44337.48307,636,26,+,e,A1Pi,0,1,0.0,1.0,b,1.65651,1.5e-29
13773,45125.430482,636,26,+,e,A1Pi,1,1,0.0,1.0,b,1.66825,6.3e-30
13777,45900.947813,636,26,+,e,A1Pi,2,1,0.0,1.0,b,1.68024,1.2e-29
13781,46663.70275,636,26,+,e,A1Pi,3,1,0.0,1.0,b,1.69256,1.2e-28
13785,47413.359533,636,26,+,e,A1Pi,4,1,0.0,1.0,b,1.70525,1.9e-27
13789,48149.61303,636,26,+,e,A1Pi,5,1,0.0,1.0,b,1.71834,2.6e-26
13793,48872.214668,636,26,+,e,A1Pi,6,1,0.0,1.0,b,1.73185,2.9e-25
13797,49580.99198,636,26,+,e,A1Pi,7,1,0.0,1.0,b,1.74578,2.8e-24
13802,50275.862272,636,26,+,e,A1Pi,8,1,0.0,1.0,b,1.76011,2.2e-23
13807,50956.840238,636,26,+,e,A1Pi,9,1,0.0,1.0,b,1.77482,1.6e-22
13811,51624.03908,636,26,+,e,A1Pi,10,1,0.0,1.0,b,1.78988,9.9e-22
13817,52277.664857,636,26,+,e,A1Pi,11,1,0.0,1.0,b,1.80524,5.8e-21
13822,52918.004219,636,26,+,e,A1Pi,12,1,0.0,1.0,b,1.82087,3.2e-20
13829,53545.406212,636,26,+,e,A1Pi,13,1,0.0,1.0,b,1.83673,1.7e-19
13836,54160.259388,636,26,+,e,A1Pi,14,1,0.0,1.0,b,1.85278,8.5e-19
13845,54762.965664,636,26,+,e,A1Pi,15,1,0.0,1.0,b,1.869,4.1e-18
14041,44337.424501,636,26,-,f,A1Pi,0,-1,0.0,-1.0,b,1.65651,1.3e-29
14042,45125.37274,636,26,-,f,A1Pi,1,-1,0.0,-1.0,b,1.66825,3.9e-30
14043,45900.890907,636,26,-,f,A1Pi,2,-1,0.0,-1.0,b,1.68024,1e-29
14044,46663.646698,636,26,-,f,A1Pi,3,-1,0.0,-1.0,b,1.69256,1.2e-28
14045,47413.304358,636,26,-,f,A1Pi,4,-1,0.0,-1.0,b,1.70525,1.9e-27
14046,48149.558757,636,26,-,f,A1Pi,5,-1,0.0,-1.0,b,1.71834,2.7e-26
14047,48872.161321,636,26,-,f,A1Pi,6,-1,0.0,-1.0,b,1.73185,3e-25
14048,49580.939578,636,26,-,f,A1Pi,7,-1,0.0,-1.0,b,1.74578,2.9e-24
14049,50275.810833,636,26,-,f,A1Pi,8,-1,0.0,-1.0,b,1.76011,2.3e-23
14050,50956.789771,636,26,-,f,A1Pi,9,-1,0.0,-1.0,b,1.77482,1.6e-22
14051,51623.989588,636,26,-,f,A1Pi,10,-1,0.0,-1.0,b,1.78988,1e-21
14052,52277.616339,636,26,-,f,A1Pi,11,-1,0.0,-1.0,b,1.80524,6e-21
14053,52917.956666,636,26,-,f,A1Pi,12,-1,0.0,-1.0,b,1.82087,3.3e-20
14054,53545.359611,636,26,-,f,A1Pi,13,-1,0.0,-1.0,b,1.83673,1.7e-19
14055,54160.213721,636,26,-,f,A1Pi,14,-1,0.0,-1.0,b,1.85278,8.7e-19
14056,54762.920914,636,26,-,f,A1Pi,15,-1,0.0,-1.0,b,1.869,4.2e-18
14221,44367.240366,660,27,+,f,A1Pi,0,1,0.0,1.0,b,1.65669,1.4e-29
14222,45154.893563,660,27,+,f,A1Pi,1,1,0.0,1.0,b,1.66842,4e-30
14223,45930.113929,660,27,+,f,A1Pi,2,1,0.0,1.0,b,1.68042,9.8e-30
14224,46692.567333,660,27,+,f,A1Pi,3,1,0.0,1.0,b,1.69275,1.3e-28
14225,47441.916915,660,27,+,f,A1Pi,4,1,0.0,1.0,b,1.70545,2.1e-27
14226,48177.857052,660,27,+,f,A1Pi,5,1,0.0,1.0,b,1.71855,2.9e-26
14227,48900.139211,660,27,+,f,A1Pi,6,1,0.0,1.0,b,1.73206,3.3e-25
14228,49608.591419,660,27,+,f,A1Pi,7,1,0.0,1.0,b,1.746,3.2e-24
14229,50303.131854,660,27,+,f,A1Pi,8,1,0.0,1.0,b,1.76034,2.5e-23
14230,50983.776365,660,27,+,f,A1Pi,9,1,0.0,1.0,b,1.77505,1.8e-22
14231,51650.639491,660,27,+,f,A1Pi,10,1,0.0,1.0,b,1.79012,1.1e-21
14232,52303.928703,660,27,+,f,A1Pi,11,1,0.0,1.0,b,1.80549,6.6e-21
14233,52943.932013,660,27,+,f,A1Pi,12,1,0.0,1.0,b,1.82113,3.6e-20
14234,53570.999666,660,27,+,f,A1Pi,13,1,0.0,1.0,b,1.83699,1.9e-19
14235,54185.521145,660,27,+,f,A1Pi,14,1,0.0,1.0,b,1.85305,9.5e-19
14236,54787.898945,660,27,+,f,A1Pi,15,1,0.0,1.0,b,1.86928,4.5e-18
14489,44367.303402,660,27,-,e,A1Pi,0,-1,0.0,-1.0,b,1.65669,1.7e-29
14493,45154.955709,660,27,-,e,A1Pi,1,-1,0.0,-1.0,b,1.66843,6.5e-30
14497,45930.175174,660,27,-,e,A1Pi,2,-1,0.0,-1.0,b,1.68043,1.2e-29
14501,46692.627659,660,27,-,e,A1Pi,3,-1,0.0,-1.0,b,1.69275,1.3e-28
14505,47441.976297,660,27,-,e,A1Pi,4,-1,0.0,-1.0,b,1.70545,2.1e-27
14509,48177.915462,660,27,-,e,A1Pi,5,-1,0.0,-1.0,b,1.71855,2.8e-26
14513,48900.196624,660,27,-,e,A1Pi,6,-1,0.0,-1.0,b,1.73206,3.2e-25
14517,49608.647814,660,27,-,e,A1Pi,7,-1,0.0,-1.0,b,1.746,3e-24
14522,50303.187213,660,27,-,e,A1Pi,8,-1,0.0,-1.0,b,1.76034,2.4e-23
14527,50983.830677,660,27,-,e,A1Pi,9,-1,0.0,-1.0,b,1.77506,1.7e-22
14532,51650.692753,660,27,-,e,A1Pi,10,-1,0.0,-1.0,b,1.79012,1.1e-21
14537,52303.980917,660,27,-,e,A1Pi,11,-1,0.0,-1.0,b,1.80549,6.3e-21
14542,52943.983188,660,27,-,e,A1Pi,12,-1,0.0,-1.0,b,1.82113,3.5e-20
14549,53571.049817,660,27,-,e,A1Pi,13,-1,0.0,-1.0,b,1.83699,1.8e-19
14556,54185.57029,660,27,-,e,A1Pi,14,-1,0.0,-1.0,b,1.85305,9.2e-19
14566,54787.947103,660,27,-,e,A1Pi,15,-1,0.0,-1.0,b,1.86928,4.4e-18
14849,44398.221586,684,28,+,e,A1Pi,0,1,0.0,1.0,b,1.65687,1.9e-29
14853,45185.56781,684,28,+,e,A1Pi,1,1,0.0,1.0,b,1.66861,5.8e-30
14857,45960.478314,684,28,+,e,A1Pi,2,1,0.0,1.0,b,1.68062,1.6e-29
14861,46722.61707,684,28,+,e,A1Pi,3,1,0.0,1.0,b,1.69295,1.4e-28
14865,47471.646065,684,28,+,e,A1Pi,4,1,0.0,1.0,b,1.70565,2.3e-27
14869,48207.259169,684,28,+,e,A1Pi,5,1,0.0,1.0,b,1.71876,3.1e-26
14873,48929.207898,684,28,+,e,A1Pi,6,1,0.0,1.0,b,1.73228,3.5e-25
14878,49637.320804,684,28,+,e,A1Pi,7,1,0.0,1.0,b,1.74623,3.3e-24
14882,50331.516981,684,28,+,e,A1Pi,8,1,0.0,1.0,b,1.76057,2.7e-23
14887,51011.813492,684,28,+,e,A1Pi,9,1,0.0,1.0,b,1.7753,1.9e-22
14892,51678.326282,684,28,+,e,A1Pi,10,1,0.0,1.0,b,1.79037,1.2e-21
14897,52331.264301,684,28,+,e,A1Pi,11,1,0.0,1.0,b,1.80575,6.9e-21
14903,52970.916985,684,28,+,e,A1Pi,12,1,0.0,1.0,b,1.82139,3.8e-20
14909,53597.635834,684,28,+,e,A1Pi,13,1,0.0,1.0,b,1.83726,2e-19
14916,54211.8113,684,28,+,e,A1Pi,14,1,0.0,1.0,b,1.85332,1e-18
14926,54813.846474,684,28,+,e,A1Pi,15,1,0.0,1.0,b,1.86956,4.8e-18
15121,44398.153923,684,28,-,f,A1Pi,0,-1,0.0,-1.0,b,1.65687,1.4e-29
15122,45185.501103,684,28,-,f,A1Pi,1,-1,0.0,-1.0,b,1.66861,3.1e-30
15123,45960.412573,684,28,-,f,A1Pi,2,-1,0.0,-1.0,b,1.68062,8.8e-30
15124,46722.552317,684,28,-,f,A1Pi,3,-1,0.0,-1.0,b,1.69295,1.5e-28
15125,47471.582327,684,28,-,f,A1Pi,4,-1,0.0,-1.0,b,1.70565,2.3e-27
15126,48207.196474,684,28,-,f,A1Pi,5,-1,0.0,-1.0,b,1.71876,3.2e-26
15127,48929.146273,684,28,-,f,A1Pi,6,-1,0.0,-1.0,b,1.73228,3.7e-25
15128,49637.260273,684,28,-,f,A1Pi,7,-1,0.0,-1.0,b,1.74622,3.5e-24
15129,50331.457563,684,28,-,f,A1Pi,8,-1,0.0,-1.0,b,1.76057,2.8e-23
15130,51011.755197,684,28,-,f,A1Pi,9,-1,0.0,-1.0,b,1.7753,2e-22
15131,51678.269116,684,28,-,f,A1Pi,10,-1,0.0,-1.0,b,1.79037,1.2e-21
15132,52331.20826,684,28,-,f,A1Pi,11,-1,0.0,-1.0,b,1.80575,7.2e-21
15133,52970.862059,684,28,-,f,A1Pi,12,-1,0.0,-1.0,b,1.82139,3.9e-20
15134,53597.582007,684,28,-,f,A1Pi,13,-1,0.0,-1.0,b,1.83726,2.1e-19
15135,54211.758554,684,28,-,f,A1Pi,14,-1,0.0,-1.0,b,1.85332,1e-18
15136,54813.794786,684,28,-,f,A1Pi,15,-1,0.0,-1.0,b,1.86956,4.9e-18
15301,44430.164453,708,29,+,f,A1Pi,0,1,0.0,1.0,b,1.65705,1.3e-29
15302,45217.194633,708,29,+,f,A1Pi,1,1,0.0,1.0,b,1.6688,4.2e-30
15303,45991.786108,708,29,+,f,A1Pi,2,1,0.0,1.0,b,1.68081,1.2e-29
15304,46753.600908,708,29,+,f,A1Pi,3,1,0.0,1.0,b,1.69315,1.3e-28
15305,47502.299842,708,29,+,f,A1Pi,4,1,0.0,1.0,b,1.70586,2.5e-27
15306,48237.576263,708,29,+,f,A1Pi,5,1,0.0,1.0,b,1.71898,3.5e-26
15307,48959.181739,708,29,+,f,A1Pi,6,1,0.0,1.0,b,1.73251,4e-25
15308,49666.945362,708,29,+,f,A1Pi,7,1,0.0,1.0,b,1.74646,3.8e-24
15309,50360.78717,708,29,+,f,A1Pi,8,1,0.0,1.0,b,1.76081,3e-23
15310,51040.725474,708,29,+,f,A1Pi,9,1,0.0,1.0,b,1.77555,2.1e-22
15311,51706.877664,708,29,+,f,A1Pi,10,1,0.0,1.0,b,1.79063,1.3e-21
15312,52359.454206,708,29,+,f,A1Pi,11,1,0.0,1.0,b,1.80601,7.8e-21
15313,52998.746,708,29,+,f,A1Pi,12,1,0.0,1.0,b,1.82166,4.3e-20
15314,53625.105831,708,29,+,f,A1Pi,13,1,0.0,1.0,b,1.83754,2.2e-19
15315,54238.925145,708,29,+,f,A1Pi,14,1,0.0,1.0,b,1.85361,1.1e-18
15316,54840.607639,708,29,+,f,A1Pi,15,1,0.0,1.0,b,1.86985,5.3e-18
15569,44430.236903,708,29,-,e,A1Pi,0,-1,0.0,-1.0,b,1.65705,1.8e-29
15573,45217.266059,708,29,-,e,A1Pi,1,-1,0.0,-1.0,b,1.6688,6.2e-30
15577,45991.856497,708,29,-,e,A1Pi,2,-1,0.0,-1.0,b,1.68081,1.6e-29
15581,46753.670239,708,29,-,e,A1Pi,3,-1,0.0,-1.0,b,1.69315,1.6e-28
15585,47502.368087,708,29,-,e,A1Pi,4,-1,0.0,-1.0,b,1.70586,2.5e-27
15589,48237.64339,708,29,-,e,A1Pi,5,-1,0.0,-1.0,b,1.71898,3.4e-26
15593,48959.247719,708,29,-,e,A1Pi,6,-1,0.0,-1.0,b,1.73251,3.8e-25
15598,49667.01017,708,29,-,e,A1Pi,7,-1,0.0,-1.0,b,1.74646,3.6e-24
15602,50360.850786,708,29,-,e,A1Pi,8,-1,0.0,-1.0,b,1.76082,2.9e-23
15607,51040.787886,708,29,-,e,A1Pi,9,-1,0.0,-1.0,b,1.77555,2e-22
15612,51706.938868,708,29,-,e,A1Pi,10,-1,0.0,-1.0,b,1.79063,1.3e-21
15617,52359.514205,708,29,-,e,A1Pi,11,-1,0.0,-1.0,b,1.80602,7.5e-21
15623,52998.804805,708,29,-,e,A1Pi,12,-1,0.0,-1.0,b,1.82167,4.1e-20
15629,53625.163459,708,29,-,e,A1Pi,13,-1,0.0,-1.0,b,1.83754,2.1e-19
15636,54238.981616,708,29,-,e,A1Pi,14,-1,0.0,-1.0,b,1.85361,1.1e-18
15647,54840.662978,708,29,-,e,A1Pi,15,-1,0.0,-1.0,b,1.86986,6e-18
15929,44463.348604,732,30,+,e,A1Pi,0,1,0.0,1.0,b,1.65725,1.9e-29
15933,45250.049701,732,30,+,e,A1Pi,1,1,0.0,1.0,b,1.669,6.6e-30
15937,46024.308965,732,30,+,e,A1Pi,2,1,0.0,1.0,b,1.68102,1.4e-29
15941,46785.786398,732,30,+,e,A1Pi,3,1,0.0,1.0,b,1.69336,1.6e-28
15945,47534.141582,732,30,+,e,A1Pi,4,1,0.0,1.0,b,1.70608,2.6e-27
15949,48269.067335,732,30,+,e,A1Pi,5,1,0.0,1.0,b,1.71921,3.6e-26
15953,48990.315286,732,30,+,e,A1Pi,6,1,0.0,1.0,b,1.73275,4.1e-25
15958,49697.715102,732,30,+,e,A1Pi,7,1,0.0,1.0,b,1.7467,3.9e-24
15962,50391.187811,732,30,+,e,A1Pi,8,1,0.0,1.0,b,1.76107,3.1e-23
15967,51070.753036,732,30,+,e,A1Pi,9,1,0.0,1.0,b,1.77581,2.2e-22
15972,51736.529679,732,30,+,e,A1Pi,10,1,0.0,1.0,b,1.7909,1.4e-21
15977,52388.729795,732,30,+,e,A1Pi,11,1,0.0,1.0,b,1.80629,8e-21
15983,53027.645814,732,30,+,e,A1Pi,12,1,0.0,1.0,b,1.82195,4.4e-20
15989,53653.631857,732,30,+,e,A1Pi,13,1,0.0,1.0,b,1.83783,2.3e-19
15997,54267.080406,732,30,+,e,A1Pi,14,1,0.0,1.0,b,1.85391,1.2e-18
16007,54868.395785,732,30,+,e,A1Pi,15,1,0.0,1.0,b,1.87016,5.6e-18
16201,44463.27121,732,30,-,f,A1Pi,0,-1,0.0,-1.0,b,1.65725,1.4e-29
16202,45249.973401,732,30,-,f,A1Pi,1,-1,0.0,-1.0,b,1.669,3e-30
16203,46024.233772,732,30,-,f,A1Pi,2,-1,0.0,-1.0,b,1.68102,1.3e-29
16204,46785.712337,732,30,-,f,A1Pi,3,-1,0.0,-1.0,b,1.69336,1.5e-28
16205,47534.068683,732,30,-,f,A1Pi,4,-1,0.0,-1.0,b,1.70608,2.7e-27
16206,48268.99563,732,30,-,f,A1Pi,5,-1,0.0,-1.0,b,1.7192,3.7e-26
16207,48990.244807,732,30,-,f,A1Pi,6,-1,0.0,-1.0,b,1.73274,4.3e-25
16208,49697.645876,732,30,-,f,A1Pi,7,-1,0.0,-1.0,b,1.7467,4e-24
16209,50391.119859,732,30,-,f,A1Pi,8,-1,0.0,-1.0,b,1.76107,3.3e-23
16210,51070.68637,732,30,-,f,A1Pi,9,-1,0.0,-1.0,b,1.77581,2.3e-22
16211,51736.464304,732,30,-,f,A1Pi,10,-1,0.0,-1.0,b,1.7909,1.4e-21
16212,52388.665708,732,30,-,f,A1Pi,11,-1,0.0,-1.0,b,1.80629,8.3e-21
16213,53027.583002,732,30,-,f,A1Pi,12,-1,0.0,-1.0,b,1.82195,4.6e-20
16214,53653.570303,732,30,-,f,A1Pi,13,-1,0.0,-1.0,b,1.83783,2.4e-19
16215,54267.020087,732,30,-,f,A1Pi,14,-1,0.0,-1.0,b,1.85391,1.2e-18
16216,54868.336676,732,30,-,f,A1Pi,15,-1,0.0,-1.0,b,1.87016,5.7e-18
16381,44497.473419,756,31,+,f,A1Pi,0,1,0.0,1.0,b,1.65745,1.5e-29
16382,45283.836629,756,31,+,f,A1Pi,1,1,0.0,1.0,b,1.66921,3.7e-30
16383,46057.754781,756,31,+,f,A1Pi,2,1,0.0,1.0,b,1.68123,1.5e-29
16384,46818.885808,756,31,+,f,A1Pi,3,1,0.0,1.0,b,1.69358,1.7e-28
16385,47566.888043,756,31,+,f,A1Pi,4,1,0.0,1.0,b,1.70631,2.8e-27
16386,48301.453759,756,31,+,f,A1Pi,5,1,0.0,1.0,b,1.71944,4e-26
16387,49022.334653,756,31,+,f,A1Pi,6,1,0.0,1.0,b,1.73299,4.5e-25
16388,49729.360978,756,31,+,f,A1Pi,7,1,0.0,1.0,b,1.74695,4.3e-24
16389,50422.454783,756,31,+,f,A1Pi,8,1,0.0,1.0,b,1.76133,3.5e-23
16390,51101.637032,756,31,+,f,A1Pi,9,1,0.0,1.0,b,1.77608,2.4e-22
16391,51767.028179,756,31,+,f,A1Pi,10,1,0.0,1.0,b,1.79118,1.5e-21
16392,52418.841904,756,31,+,f,A1Pi,11,1,0.0,1.0,b,1.80658,8.8e-21
16393,53057.372201,756,31,+,f,A1Pi,12,1,0.0,1.0,b,1.82224,4.8e-20
16394,53682.974561,756,31,+,f,A1Pi,13,1,0.0,1.0,b,1.83813,2.5e-19
16395,54296.04252,756,31,+,f,A1Pi,14,1,0.0,1.0,b,1.85422,1.3e-18
16396,54896.981039,756,31,+,f,A1Pi,15,1,0.0,1.0,b,1.87047,6e-18
16649,44497.555916,756,31,-,e,A1Pi,0,-1,0.0,-1.0,b,1.65745,2.1e-29
16653,45283.917959,756,31,-,e,A1Pi,1,-1,0.0,-1.0,b,1.66921,6.7e-30
16657,46057.83493,756,31,-,e,A1Pi,2,-1,0.0,-1.0,b,1.68123,1.8e-29
16661,46818.96475,756,31,-,e,A1Pi,3,-1,0.0,-1.0,b,1.69358,1.8e-28
16665,47566.965746,756,31,-,e,A1Pi,4,-1,0.0,-1.0,b,1.70631,2.8e-27
16669,48301.530187,756,31,-,e,A1Pi,5,-1,0.0,-1.0,b,1.71944,3.8e-26
16673,49022.409774,756,31,-,e,A1Pi,6,-1,0.0,-1.0,b,1.73299,4.3e-25
16678,49729.434763,756,31,-,e,A1Pi,7,-1,0.0,-1.0,b,1.74696,4.1e-24
16682,50422.52721,756,31,-,e,A1Pi,8,-1,0.0,-1.0,b,1.76133,3.3e-23
16687,51101.708087,756,31,-,e,A1Pi,9,-1,0.0,-1.0,b,1.77608,2.3e-22
16692,51767.097857,756,31,-,e,A1Pi,10,-1,0.0,-1.0,b,1.79118,1.5e-21
16697,52418.910209,756,31,-,e,A1Pi,11,-1,0.0,-1.0,b,1.80658,8.5e-21
16703,53057.439146,756,31,-,e,A1Pi,12,-1,0.0,-1.0,b,1.82224,4.6e-20
16709,53683.040166,756,31,-,e,A1Pi,13,-1,0.0,-1.0,b,1.83814,2.4e-19
16717,54296.106808,756,31,-,e,A1Pi,14,-1,0.0,-1.0,b,1.85422,1.2e-18
16728,54897.044037,756,31,-,e,A1Pi,15,-1,0.0,-1.0,b,1.87048,7.4e-18
17010,44532.858041,780,32,+,e,A1Pi,0,1,0.0,1.0,b,1.65765,2.2e-29
17013,45318.870027,780,32,+,e,A1Pi,1,1,0.0,1.0,b,1.66942,7.4e-30
17017,46092.433579,780,32,+,e,A1Pi,2,1,0.0,1.0,b,1.68145,1.7e-29
17021,46853.204474,780,32,+,e,A1Pi,3,1,0.0,1.0,b,1.69381,1.8e-28
17025,47600.839744,780,32,+,e,A1Pi,4,1,0.0,1.0,b,1.70654,2.9e-27
17029,48335.031103,780,32,+,e,A1Pi,5,1,0.0,1.0,b,1.71968,4e-26
17034,49055.530325,780,32,+,e,A1Pi,6,1,0.0,1.0,b,1.73324,4.6e-25
17038,49762.168288,780,32,+,e,A1Pi,7,1,0.0,1.0,b,1.74722,4.3e-24
17042,50454.868106,780,32,+,e,A1Pi,8,1,0.0,1.0,b,1.7616,3.5e-23
17047,51133.652156,780,32,+,e,A1Pi,9,1,0.0,1.0,b,1.77636,2.5e-22
17052,51798.642513,780,32,+,e,A1Pi,10,1,0.0,1.0,b,1.79146,1.5e-21
17057,52450.054556,780,32,+,e,A1Pi,11,1,0.0,1.0,b,1.80687,8.9e-21
17063,53088.18391,780,32,+,e,A1Pi,12,1,0.0,1.0,b,1.82255,4.9e-20
17070,53713.387494,780,32,+,e,A1Pi,13,1,0.0,1.0,b,1.83845,2.5e-19
17077,54326.059934,780,32,+,e,A1Pi,14,1,0.0,1.0,b,1.85454,1.3e-18
17088,54926.606849,780,32,+,e,A1Pi,15,1,0.0,1.0,b,1.8708,6.2e-18
17281,44532.770284,780,32,-,f,A1Pi,0,-1,0.0,-1.0,b,1.65765,1.5e-29
17282,45318.783513,780,32,-,f,A1Pi,1,-1,0.0,-1.0,b,1.66942,4.8e-30
17283,46092.348322,780,32,-,f,A1Pi,2,-1,0.0,-1.0,b,1.68145,1.3e-29
17284,46853.120501,780,32,-,f,A1Pi,3,-1,0.0,-1.0,b,1.69381,1.8e-28
17285,47600.75709,780,32,-,f,A1Pi,4,-1,0.0,-1.0,b,1.70654,3e-27
17286,48334.949806,780,32,-,f,A1Pi,5,-1,0.0,-1.0,b,1.71968,4.2e-26
17287,49055.45042,780,32,-,f,A1Pi,6,-1,0.0,-1.0,b,1.73324,4.8e-25
17288,49762.089805,780,32,-,f,A1Pi,7,-1,0.0,-1.0,b,1.74722,4.5e-24
17289,50454.791069,780,32,-,f,A1Pi,8,-1,0.0,-1.0,b,1.7616,3.7e-23
17290,51133.576579,780,32,-,f,A1Pi,9,-1,0.0,-1.0,b,1.77636,2.6e-22
17291,51798.5684,780,32,-,f,A1Pi,10,-1,0.0,-1.0,b,1.79146,1.6e-21
17292,52449.981903,780,32,-,f,A1Pi,11,-1,0.0,-1.0,b,1.80687,9.3e-21
17293,53088.112704,780,32,-,f,A1Pi,12,-1,0.0,-1.0,b,1.82255,5e-20
17294,53713.317714,780,32,-,f,A1Pi,13,-1,0.0,-1.0,b,1.83844,2.6e-19
17295,54325.991555,780,32,-,f,A1Pi,14,-1,0.0,-1.0,b,1.85454,1.3e-18
17296,54926.539842,780,32,-,f,A1Pi,15,-1,0.0,-1.0,b,1.8708,6.3e-18
17461,44569.16098,804,33,+,f,A1Pi,0,1,0.0,1.0,b,1.65787,1.5e-29
17462,45354.813221,804,33,+,f,A1Pi,1,1,0.0,1.0,b,1.66964,3.3e-30
17463,46128.013555,804,33,+,f,A1Pi,2,1,0.0,1.0,b,1.68167,1.2e-29
17464,46888.415565,804,33,+,f,A1Pi,3,1,0.0,1.0,b,1.69404,1.9e-28
17465,47635.674965,804,33,+,f,A1Pi,4,1,0.0,1.0,b,1.70678,3.1e-27
17466,48369.482899,804,33,+,f,A1Pi,5,1,0.0,1.0,b,1.71993,4.4e-26
17467,49089.591226,804,33,+,f,A1Pi,6,1,0.0,1.0,b,1.7335,5.1e-25
17468,49795.83146,804,33,+,f,A1Pi,7,1,0.0,1.0,b,1.74748,4.8e-24
17469,50488.127813,804,33,+,f,A1Pi,8,1,0.0,1.0,b,1.76187,3.9e-23
17470,51166.504099,804,33,+,f,A1Pi,9,1,0.0,1.0,b,1.77664,2.7e-22
17471,51831.084051,804,33,+,f,A1Pi,10,1,0.0,1.0,b,1.79176,1.7e-21
17472,52482.084785,804,33,+,f,A1Pi,11,1,0.0,1.0,b,1.80718,9.8e-21
17473,53119.803592,804,33,+,f,A1Pi,12,1,0.0,1.0,b,1.82286,5.3e-20
17474,53744.598841,804,33,+,f,A1Pi,13,1,0.0,1.0,b,1.83877,2.8e-19
17475,54356.866273,804,33,+,f,A1Pi,14,1,0.0,1.0,b,1.85486,1.4e-18
17476,54957.01217,804,33,+,f,A1Pi,15,1,0.0,1.0,b,1.87114,6.6e-18
17730,44569.254154,804,33,-,e,A1Pi,0,-1,0.0,-1.0,b,1.65787,1.7e-29
17733,45354.905074,804,33,-,e,A1Pi,1,-1,0.0,-1.0,b,1.66964,7.4e-30
17737,46128.104073,804,33,-,e,A1Pi,2,-1,0.0,-1.0,b,1.68168,1.8e-29
17741,46888.504718,804,33,-,e,A1Pi,3,-1,0.0,-1.0,b,1.69404,2e-28
17745,47635.762716,804,33,-,e,A1Pi,4,-1,0.0,-1.0,b,1.70678,3.1e-27
17749,48369.569209,804,33,-,e,A1Pi,5,-1,0.0,-1.0,b,1.71993,4.3e-26
17754,49089.676058,804,33,-,e,A1Pi,6,-1,0.0,-1.0,b,1.7335,4.9e-25
17758,49795.914781,804,33,-,e,A1Pi,7,-1,0.0,-1.0,b,1.74749,4.6e-24
17763,50488.209598,804,33,-,e,A1Pi,8,-1,0.0,-1.0,b,1.76188,3.7e-23
17767,51166.584332,804,33,-,e,A1Pi,9,-1,0.0,-1.0,b,1.77665,2.6e-22
17772,51831.162729,804,33,-,e,A1Pi,10,-1,0.0,-1.0,b,1.79176,1.6e-21
17778,52482.161912,804,33,-,e,A1Pi,11,-1,0.0,-1.0,b,1.80718,9.4e-21
17783,53119.879182,804,33,-,e,A1Pi,12,-1,0.0,-1.0,b,1.82286,5.1e-20
17790,53744.672917,804,33,-,e,A1Pi,13,-1,0.0,-1.0,b,1.83877,2.7e-19
17798,54356.938863,804,33,-,e,A1Pi,14,-1,0.0,-1.0,b,1.85487,1.3e-18
17809,54957.083303,804,33,-,e,A1Pi,15,-1,0.0,-1.0,b,1.87114,6.5e-18
18090,44606.743402,828,34,+,e,A1Pi,0,1,0.0,1.0,b,1.65809,1.3e-29
18093,45392.022242,828,34,+,e,A1Pi,1,1,0.0,1.0,b,1.66987,6.5e-30
18097,46164.845544,828,34,+,e,A1Pi,2,1,0.0,1.0,b,1.68191,1.5e-29
18101,46924.864607,828,34,+,e,A1Pi,3,1,0.0,1.0,b,1.69428,2.1e-28
18105,47671.733774,828,34,+,e,A1Pi,4,1,0.0,1.0,b,1.70703,3.3e-27
18109,48405.143607,828,34,+,e,A1Pi,5,1,0.0,1.0,b,1.72019,4.5e-26
18114,49124.846059,828,34,+,e,A1Pi,6,1,0.0,1.0,b,1.73377,5.1e-25
18118,49830.67332,828,34,+,e,A1Pi,7,1,0.0,1.0,b,1.74776,4.9e-24
18123,50522.55075,828,34,+,e,A1Pi,8,1,0.0,1.0,b,1.76216,3.9e-23
18127,51200.503674,828,34,+,e,A1Pi,9,1,0.0,1.0,b,1.77694,2.7e-22
18132,51864.657559,828,34,+,e,A1Pi,10,1,0.0,1.0,b,1.79207,1.7e-21
18138,52515.231329,828,34,+,e,A1Pi,11,1,0.0,1.0,b,1.80749,9.9e-21
18144,53152.524012,828,34,+,e,A1Pi,12,1,0.0,1.0,b,1.82319,5.3e-20
18150,53776.895487,828,34,+,e,A1Pi,13,1,0.0,1.0,b,1.8391,2.8e-19
18158,54388.742646,828,34,+,e,A1Pi,14,1,0.0,1.0,b,1.85521,1.4e-18
18169,54988.472454,828,34,+,e,A1Pi,15,1,0.0,1.0,b,1.87148,6.9e-18
18361,44606.644657,828,34,-,f,A1Pi,0,-1,0.0,-1.0,b,1.65808,1.4e-29
18362,45391.924896,828,34,-,f,A1Pi,1,-1,0.0,-1.0,b,1.66986,3.2e-30
18363,46164.749615,828,34,-,f,A1Pi,2,-1,0.0,-1.0,b,1.68191,1.5e-29
18364,46924.770125,828,34,-,f,A1Pi,3,-1,0.0,-1.0,b,1.69428,2e-28
18365,47671.640779,828,34,-,f,A1Pi,4,-1,0.0,-1.0,b,1.70703,3.3e-27
18366,48405.052141,828,34,-,f,A1Pi,5,-1,0.0,-1.0,b,1.72019,4.7e-26
18367,49124.756161,828,34,-,f,A1Pi,6,-1,0.0,-1.0,b,1.73377,5.3e-25
18368,49830.585024,828,34,-,f,A1Pi,7,-1,0.0,-1.0,b,1.74776,5.1e-24
18369,50522.464083,828,34,-,f,A1Pi,8,-1,0.0,-1.0,b,1.76216,4.1e-23
18370,51200.418651,828,34,-,f,A1Pi,9,-1,0.0,-1.0,b,1.77694,2.9e-22
18371,51864.574185,828,34,-,f,A1Pi,10,-1,0.0,-1.0,b,1.79206,1.8e-21
18372,52515.1496,828,34,-,f,A1Pi,11,-1,0.0,-1.0,b,1.80749,1e-20
18373,53152.44391,828,34,-,f,A1Pi,12,-1,0.0,-1.0,b,1.82318,5.6e-20
18374,53776.81699,828,34,-,f,A1Pi,13,-1,0.0,-1.0,b,1.8391,2.9e-19
18375,54388.665725,828,34,-,f,A1Pi,14,-1,0.0,-1.0,b,1.8552,1.4e-18
18376,54988.397077,828,34,-,f,A1Pi,15,-1,0.0,-1.0,b,1.87148,6.9e-18
18541,44645.220438,852,35,+,f,A1Pi,0,1,0.0,1.0,b,1.65831,1.6e-29
18542,45430.117657,852,35,+,f,A1Pi,1,1,0.0,1.0,b,1.6701,3.4e-30
18543,46202.55561,852,35,+,f,A1Pi,2,1,0.0,1.0,b,1.68215,1.4e-29
18544,46962.183279,852,35,+,f,A1Pi,3,1,0.0,1.0,b,1.69453,2e-28
18545,47708.653619,852,35,+,f,A1Pi,4,1,0.0,1.0,b,1.70729,3.4e-27
18546,48441.656603,852,35,+,f,A1Pi,5,1,0.0,1.0,b,1.72045,4.8e-26
18547,49160.944285,852,35,+,f,A1Pi,6,1,0.0,1.0,b,1.73404,5.6e-25
18548,49866.349544,852,35,+,f,A1Pi,7,1,0.0,1.0,b,1.74805,5.3e-24
18549,50557.798918,852,35,+,f,A1Pi,8,1,0.0,1.0,b,1.76246,4.3e-23
18550,51235.319267,852,35,+,f,A1Pi,9,1,0.0,1.0,b,1.77725,3e-22
18551,51899.037827,852,35,+,f,A1Pi,10,1,0.0,1.0,b,1.79238,1.9e-21
18552,52549.175367,852,35,+,f,A1Pi,11,1,0.0,1.0,b,1.80782,1.1e-20
18553,53186.03268,852,35,+,f,A1Pi,12,1,0.0,1.0,b,1.82352,5.8e-20
18554,53809.971182,852,35,+,f,A1Pi,13,1,0.0,1.0,b,1.83944,3e-19
18555,54421.388935,852,35,+,f,A1Pi,14,1,0.0,1.0,b,1.85555,1.5e-18
18556,55020.693589,852,35,+,f,A1Pi,15,1,0.0,1.0,b,1.87184,7.2e-18
18810,44645.324911,852,35,-,e,A1Pi,0,-1,0.0,-1.0,b,1.65831,2e-29
18814,45430.220647,852,35,-,e,A1Pi,1,-1,0.0,-1.0,b,1.6701,6.1e-30
18817,46202.657101,852,35,-,e,A1Pi,2,-1,0.0,-1.0,b,1.68215,1.8e-29
18821,46962.283237,852,35,-,e,A1Pi,3,-1,0.0,-1.0,b,1.69453,2.2e-28
18825,47708.752003,852,35,-,e,A1Pi,4,-1,0.0,-1.0,b,1.70729,3.4e-27
18830,48441.753368,852,35,-,e,A1Pi,5,-1,0.0,-1.0,b,1.72046,4.7e-26
18834,49161.03939,852,35,-,e,A1Pi,6,-1,0.0,-1.0,b,1.73404,5.3e-25
18838,49866.442953,852,35,-,e,A1Pi,7,-1,0.0,-1.0,b,1.74805,5.1e-24
18843,50557.890603,852,35,-,e,A1Pi,8,-1,0.0,-1.0,b,1.76246,4.1e-23
18848,51235.409212,852,35,-,e,A1Pi,9,-1,0.0,-1.0,b,1.77725,2.9e-22
18853,51899.126026,852,35,-,e,A1Pi,10,-1,0.0,-1.0,b,1.79238,1.8e-21
18858,52549.261826,852,35,-,e,A1Pi,11,-1,0.0,-1.0,b,1.80782,1e-20
18864,53186.117416,852,35,-,e,A1Pi,12,-1,0.0,-1.0,b,1.82352,5.5e-20
18870,53810.05422,852,35,-,e,A1Pi,13,-1,0.0,-1.0,b,1.83944,2.9e-19
18878,54421.470305,852,35,-,e,A1Pi,14,-1,0.0,-1.0,b,1.85556,1.4e-18
18890,55020.773327,852,35,-,e,A1Pi,15,-1,0.0,-1.0,b,1.87184,7e-18
19170,44684.997775,876,36,+,e,A1Pi,0,1,0.0,1.0,b,1.65855,1.7e-29
19174,45469.49938,876,36,+,e,A1Pi,1,1,0.0,1.0,b,1.67034,7.6e-30
19177,46241.537824,876,36,+,e,A1Pi,2,1,0.0,1.0,b,1.6824,2.8e-29
19181,47000.759678,876,36,+,e,A1Pi,3,1,0.0,1.0,b,1.69479,2.2e-28
19186,47746.81646,876,36,+,e,A1Pi,4,1,0.0,1.0,b,1.70755,3.5e-27
19190,48479.397538,876,36,+,e,A1Pi,5,1,0.0,1.0,b,1.72073,4.8e-26
19194,49198.255081,876,36,+,e,A1Pi,6,1,0.0,1.0,b,1.73433,5.5e-25
19198,49903.2227,876,36,+,e,A1Pi,7,1,0.0,1.0,b,1.74834,5.2e-24
19203,50594.228164,876,36,+,e,A1Pi,8,1,0.0,1.0,b,1.76276,4.2e-23
19208,51271.299945,876,36,+,e,A1Pi,9,1,0.0,1.0,b,1.77756,3e-22
19213,51934.567124,876,36,+,e,A1Pi,10,1,0.0,1.0,b,1.79271,1.8e-21
19218,52584.252394,876,36,+,e,A1Pi,11,1,0.0,1.0,b,1.80815,1.1e-20
19224,53220.658385,876,36,+,e,A1Pi,12,1,0.0,1.0,b,1.82386,5.7e-20
19231,53844.148108,876,36,+,e,A1Pi,13,1,0.0,1.0,b,1.83979,2.9e-19
19239,54455.120834,876,36,+,e,A1Pi,14,1,0.0,1.0,b,1.85591,1.5e-18
19251,55053.984919,876,36,+,e,A1Pi,15,1,0.0,1.0,b,1.87221,7.1e-18
19441,44684.887422,876,36,-,f,A1Pi,0,-1,0.0,-1.0,b,1.65854,1.5e-29
19442,45469.390592,876,36,-,f,A1Pi,1,-1,0.0,-1.0,b,1.67034,3.8e-30
19443,46241.430622,876,36,-,f,A1Pi,2,-1,0.0,-1.0,b,1.68239,1.4e-29
19444,47000.654096,876,36,-,f,A1Pi,3,-1,0.0,-1.0,b,1.69478,2.2e-28
19445,47746.712543,876,36,-,f,A1Pi,4,-1,0.0,-1.0,b,1.70755,3.6e-27
19446,48479.295331,876,36,-,f,A1Pi,5,-1,0.0,-1.0,b,1.72073,5e-26
19447,49198.15463,876,36,-,f,A1Pi,6,-1,0.0,-1.0,b,1.73432,5.7e-25
19448,49903.124042,876,36,-,f,A1Pi,7,-1,0.0,-1.0,b,1.74834,5.5e-24
19449,50594.131328,876,36,-,f,A1Pi,8,-1,0.0,-1.0,b,1.76276,4.4e-23
19450,51271.204948,876,36,-,f,A1Pi,9,-1,0.0,-1.0,b,1.77756,3.1e-22
19451,51934.473971,876,36,-,f,A1Pi,10,-1,0.0,-1.0,b,1.7927,1.9e-21
19452,52584.161079,876,36,-,f,A1Pi,11,-1,0.0,-1.0,b,1.80815,1.1e-20
19453,53220.568891,876,36,-,f,A1Pi,12,-1,0.0,-1.0,b,1.82386,5.9e-20
19454,53844.060408,876,36,-,f,A1Pi,13,-1,0.0,-1.0,b,1.83979,3e-19
19455,54455.034894,876,36,-,f,A1Pi,14,-1,0.0,-1.0,b,1.85591,1.5e-18
19456,55053.900704,876,36,-,f,A1Pi,15,-1,0.0,-1.0,b,1.87221,7.3e-18
19621,44725.644679,900,37,+,f,A1Pi,0,1,0.0,1.0,b,1.65878,1.5e-29
19622,45509.742768,900,37,+,f,A1Pi,1,1,0.0,1.0,b,1.67058,3.3e-30
19623,46281.373704,900,37,+,f,A1Pi,2,1,0.0,1.0,b,1.68265,1.6e-29
19624,47040.181621,900,37,+,f,A1Pi,3,1,0.0,1.0,b,1.69505,2.1e-28
19625,47785.81658,900,37,+,f,A1Pi,4,1,0.0,1.0,b,1.70782,3.6e-27
19626,48517.967343,900,37,+,f,A1Pi,5,1,0.0,1.0,b,1.72101,5.1e-26
19627,49236.386201,900,37,+,f,A1Pi,6,1,0.0,1.0,b,1.73462,5.9e-25
19628,49940.907509,900,37,+,f,A1Pi,7,1,0.0,1.0,b,1.74864,5.6e-24
19629,50631.460294,900,37,+,f,A1Pi,8,1,0.0,1.0,b,1.76307,4.5e-23
19630,51308.074666,900,37,+,f,A1Pi,9,1,0.0,1.0,b,1.77788,3.2e-22
19631,51970.881584,900,37,+,f,A1Pi,10,1,0.0,1.0,b,1.79304,2e-21
19632,52620.105697,900,37,+,f,A1Pi,11,1,0.0,1.0,b,1.80849,1.1e-20
19633,53256.051502,900,37,+,f,A1Pi,12,1,0.0,1.0,b,1.82421,6e-20
19634,53879.083628,900,37,+,f,A1Pi,13,1,0.0,1.0,b,1.84015,3.1e-19
19635,54489.602568,900,37,+,f,A1Pi,14,1,0.0,1.0,b,1.85628,1.5e-18
19636,55088.017388,900,37,+,f,A1Pi,15,1,0.0,1.0,b,1.87259,7.4e-18
19890,44725.761067,900,37,-,e,A1Pi,0,-1,0.0,-1.0,b,1.65879,2.1e-29
19894,45509.857503,900,37,-,e,A1Pi,1,-1,0.0,-1.0,b,1.67058,7.9e-30
19898,46281.486767,900,37,-,e,A1Pi,2,-1,0.0,-1.0,b,1.68265,2.3e-29
19902,47040.292973,900,37,-,e,A1Pi,3,-1,0.0,-1.0,b,1.69505,2.2e-28
19906,47785.926176,900,37,-,e,A1Pi,4,-1,0.0,-1.0,b,1.70783,3.6e-27
19910,48518.075132,900,37,-,e,A1Pi,5,-1,0.0,-1.0,b,1.72101,4.9e-26
19914,49236.492137,900,37,-,e,A1Pi,6,-1,0.0,-1.0,b,1.73462,5.6e-25
19918,49941.011553,900,37,-,e,A1Pi,7,-1,0.0,-1.0,b,1.74864,5.4e-24
19923,50631.562415,900,37,-,e,A1Pi,8,-1,0.0,-1.0,b,1.76308,4.3e-23
19928,51308.174846,900,37,-,e,A1Pi,9,-1,0.0,-1.0,b,1.77789,3e-22
19933,51970.979818,900,37,-,e,A1Pi,10,-1,0.0,-1.0,b,1.79304,1.9e-21
19938,52620.201992,900,37,-,e,A1Pi,11,-1,0.0,-1.0,b,1.8085,1.1e-20
19944,53256.145877,900,37,-,e,A1Pi,12,-1,0.0,-1.0,b,1.82421,5.8e-20
19951,53879.176111,900,37,-,e,A1Pi,13,-1,0.0,-1.0,b,1.84015,3e-19
19959,54489.693194,900,37,-,e,A1Pi,14,-1,0.0,-1.0,b,1.85629,1.5e-18
19972,55088.106195,900,37,-,e,A1Pi,15,-1,0.0,-1.0,b,1.87259,7.2e-18
20250,44767.613831,924,38,+,e,A1Pi,0,1,0.0,1.0,b,1.65903,1.7e-29
20254,45551.294055,924,38,+,e,A1Pi,1,1,0.0,1.0,b,1.67084,6.8e-30
20258,46322.502957,924,38,+,e,A1Pi,2,1,0.0,1.0,b,1.68291,2.1e-29
20262,47080.882136,924,38,+,e,A1Pi,3,1,0.0,1.0,b,1.69532,2.3e-28
20266,47826.080151,924,38,+,e,A1Pi,4,1,0.0,1.0,b,1.70811,3.7e-27
20270,48557.78514,924,38,+,e,A1Pi,5,1,0.0,1.0,b,1.7213,5e-26
20274,49275.749533,924,38,+,e,A1Pi,6,1,0.0,1.0,b,1.73492,5.8e-25
20279,49979.808474,924,38,+,e,A1Pi,7,1,0.0,1.0,b,1.74895,5.5e-24
20283,50669.892306,924,38,+,e,A1Pi,8,1,0.0,1.0,b,1.7634,4.5e-23
20288,51346.032856,924,38,+,e,A1Pi,9,1,0.0,1.0,b,1.77822,3.1e-22
20293,52008.363042,924,38,+,e,A1Pi,10,1,0.0,1.0,b,1.79338,1.9e-21
20299,52657.109552,924,38,+,e,A1Pi,11,1,0.0,1.0,b,1.80885,1.1e-20
20304,53292.578822,924,38,+,e,A1Pi,12,1,0.0,1.0,b,1.82458,5.9e-20
20311,53915.137159,924,38,+,e,A1Pi,13,1,0.0,1.0,b,1.84053,3e-19
20319,54525.186319,924,38,+,e,A1Pi,14,1,0.0,1.0,b,1.85667,1.5e-18
20333,55123.136092,924,38,+,e,A1Pi,15,1,0.0,1.0,b,1.87298,7.4e-18
20521,44767.491256,924,38,-,f,A1Pi,0,-1,0.0,-1.0,b,1.65903,1.5e-29
20522,45551.173221,924,38,-,f,A1Pi,1,-1,0.0,-1.0,b,1.67083,5.8e-30
20523,46322.383886,924,38,-,f,A1Pi,2,-1,0.0,-1.0,b,1.68291,1.8e-29
20524,47080.764869,924,38,-,f,A1Pi,3,-1,0.0,-1.0,b,1.69532,2.2e-28
20525,47825.964736,924,38,-,f,A1Pi,4,-1,0.0,-1.0,b,1.7081,3.7e-27
20526,48557.671628,924,38,-,f,A1Pi,5,-1,0.0,-1.0,b,1.7213,5.2e-26
20527,49275.637974,924,38,-,f,A1Pi,6,-1,0.0,-1.0,b,1.73492,6e-25
20528,49979.698909,924,38,-,f,A1Pi,7,-1,0.0,-1.0,b,1.74895,5.8e-24
20529,50669.784768,924,38,-,f,A1Pi,8,-1,0.0,-1.0,b,1.76339,4.7e-23
20530,51345.927363,924,38,-,f,A1Pi,9,-1,0.0,-1.0,b,1.77822,3.3e-22
20531,52008.2596,924,38,-,f,A1Pi,10,-1,0.0,-1.0,b,1.79338,2e-21
20532,52657.008152,924,38,-,f,A1Pi,11,-1,0.0,-1.0,b,1.80885,1.2e-20
20533,53292.479445,924,38,-,f,A1Pi,12,-1,0.0,-1.0,b,1.82458,6.2e-20
20534,53915.039774,924,38,-,f,A1Pi,13,-1,0.0,-1.0,b,1.84052,3.2e-19
20535,54525.090889,924,38,-,f,A1Pi,14,-1,0.0,-1.0,b,1.85666,1.6e-18
20536,55123.042578,924,38,-,f,A1Pi,15,-1,0.0,-1.0,b,1.87297,7.5e-18
20701,44810.426172,948,39,+,f,A1Pi,0,1,0.0,1.0,b,1.65928,1.5e-29
20702,45593.680964,948,39,+,f,A1Pi,1,1,0.0,1.0,b,1.67109,4.8e-30
20703,46364.460169,948,39,+,f,A1Pi,2,1,0.0,1.0,b,1.68318,1.2e-29
20704,47122.402829,948,39,+,f,A1Pi,3,1,0.0,1.0,b,1.69559,2.2e-28
20705,47867.155985,948,39,+,f,A1Pi,4,1,0.0,1.0,b,1.70839,3.8e-27
20706,48598.407147,948,39,+,f,A1Pi,5,1,0.0,1.0,b,1.7216,5.3e-26
20707,49315.908896,948,39,+,f,A1Pi,6,1,0.0,1.0,b,1.73522,6.2e-25
20708,50019.497177,948,39,+,f,A1Pi,7,1,0.0,1.0,b,1.74927,5.9e-24
20709,50709.103672,948,39,+,f,A1Pi,8,1,0.0,1.0,b,1.76373,4.8e-23
20710,51384.761953,948,39,+,f,A1Pi,9,1,0.0,1.0,b,1.77856,3.4e-22
20711,52046.606926,948,39,+,f,A1Pi,10,1,0.0,1.0,b,1.79373,2.1e-21
20712,52694.867346,948,39,+,f,A1Pi,11,1,0.0,1.0,b,1.80921,1.2e-20
20713,53329.851619,948,39,+,f,A1Pi,12,1,0.0,1.0,b,1.82495,6.3e-20
20714,53951.927747,948,39,+,f,A1Pi,13,1,0.0,1.0,b,1.84091,3.2e-19
20715,54561.498763,948,39,+,f,A1Pi,14,1,0.0,1.0,b,1.85705,1.6e-18
20716,55158.975184,948,39,+,f,A1Pi,15,1,0.0,1.0,b,1.87337,7.7e-18
20970,44810.555087,948,39,-,e,A1Pi,0,-1,0.0,-1.0,b,1.65928,2.1e-29
20974,45593.808046,948,39,-,e,A1Pi,1,-1,0.0,-1.0,b,1.6711,9.1e-30
20978,46364.585395,948,39,-,e,A1Pi,2,-1,0.0,-1.0,b,1.68318,2e-29
20982,47122.526157,948,39,-,e,A1Pi,3,-1,0.0,-1.0,b,1.6956,2.4e-28
20986,47867.277363,948,39,-,e,A1Pi,4,-1,0.0,-1.0,b,1.70839,3.7e-27
20990,48598.526522,948,39,-,e,A1Pi,5,-1,0.0,-1.0,b,1.7216,5.2e-26
20994,49316.026215,948,39,-,e,A1Pi,6,-1,0.0,-1.0,b,1.73523,5.9e-25
20999,50019.612396,948,39,-,e,A1Pi,7,-1,0.0,-1.0,b,1.74927,5.7e-24
21003,50709.21676,948,39,-,e,A1Pi,8,-1,0.0,-1.0,b,1.76373,4.6e-23
21008,51384.872888,948,39,-,e,A1Pi,9,-1,0.0,-1.0,b,1.77856,3.2e-22
21013,52046.715703,948,39,-,e,A1Pi,10,-1,0.0,-1.0,b,1.79374,2e-21
21019,52694.973975,948,39,-,e,A1Pi,11,-1,0.0,-1.0,b,1.80921,1.1e-20
21025,53329.95612,948,39,-,e,A1Pi,12,-1,0.0,-1.0,b,1.82495,6e-20
21031,53952.030153,948,39,-,e,A1Pi,13,-1,0.0,-1.0,b,1.84091,3.1e-19
21040,54561.599112,948,39,-,e,A1Pi,14,-1,0.0,-1.0,b,1.85706,1.5e-18
21054,55159.073519,948,39,-,e,A1Pi,15,-1,0.0,-1.0,b,1.87338,8.8e-18
21330,44854.583826,972,40,+,e,A1Pi,0,1,0.0,1.0,b,1.65954,1.8e-29
21334,45637.398461,972,40,+,e,A1Pi,1,1,0.0,1.0,b,1.67136,8.5e-30
21338,46407.733055,972,40,+,e,A1Pi,2,1,0.0,1.0,b,1.68345,2.2e-29
21342,47165.223997,972,40,+,e,A1Pi,3,1,0.0,1.0,b,1.69588,2.4e-28
21346,47909.516757,972,40,+,e,A1Pi,4,1,0.0,1.0,b,1.70869,3.8e-27
21350,48640.298211,972,40,+,e,A1Pi,5,1,0.0,1.0,b,1.7219,5.2e-26
21354,49357.321102,972,40,+,e,A1Pi,6,1,0.0,1.0,b,1.73554,6e-25
21359,50060.422225,972,40,+,e,A1Pi,7,1,0.0,1.0,b,1.7496,5.8e-24
21363,50749.534668,972,40,+,e,A1Pi,8,1,0.0,1.0,b,1.76407,4.7e-23
21368,51424.693824,972,40,+,e,A1Pi,9,1,0.0,1.0,b,1.77891,3.3e-22
21373,52086.036677,972,40,+,e,A1Pi,10,1,0.0,1.0,b,1.7941,2e-21
21379,52733.794133,972,40,+,e,A1Pi,11,1,0.0,1.0,b,1.80959,1.1e-20
21385,53368.276641,972,40,+,e,A1Pi,12,1,0.0,1.0,b,1.82533,6.1e-20
21392,53989.853964,972,40,+,e,A1Pi,13,1,0.0,1.0,b,1.8413,3.1e-19
21400,54598.930448,972,40,+,e,A1Pi,14,1,0.0,1.0,b,1.85746,1.5e-18
21601,44854.448421,972,40,-,f,A1Pi,0,-1,0.0,-1.0,b,1.65954,1.4e-29
21602,45637.264983,972,40,-,f,A1Pi,1,-1,0.0,-1.0,b,1.67136,4.3e-30
21603,46407.601528,972,40,-,f,A1Pi,2,-1,0.0,-1.0,b,1.68345,1.4e-29
21604,47165.094465,972,40,-,f,A1Pi,3,-1,0.0,-1.0,b,1.69588,2.4e-28
21605,47909.389275,972,40,-,f,A1Pi,4,-1,0.0,-1.0,b,1.70868,3.8e-27
21606,48640.172836,972,40,-,f,A1Pi,5,-1,0.0,-1.0,b,1.7219,5.4e-26
21607,49357.197887,972,40,-,f,A1Pi,6,-1,0.0,-1.0,b,1.73554,6.3e-25
21608,50060.301216,972,40,-,f,A1Pi,7,-1,0.0,-1.0,b,1.7496,6.1e-24
21609,50749.415901,972,40,-,f,A1Pi,8,-1,0.0,-1.0,b,1.76406,4.9e-23
21610,51424.577319,972,40,-,f,A1Pi,9,-1,0.0,-1.0,b,1.77891,3.4e-22
21611,52085.922438,972,40,-,f,A1Pi,10,-1,0.0,-1.0,b,1.7941,2.1e-21
21612,52733.682152,972,40,-,f,A1Pi,11,-1,0.0,-1.0,b,1.80958,1.2e-20
21613,53368.166895,972,40,-,f,A1Pi,12,-1,0.0,-1.0,b,1.82533,6.3e-20
21614,53989.746419,972,40,-,f,A1Pi,13,-1,0.0,-1.0,b,1.8413,3.2e-19
21615,54598.825064,972,40,-,f,A1Pi,14,-1,0.0,-1.0,b,1.85746,1.6e-18
21781,44899.556971,996,41,+,f,A1Pi,0,1,0.0,1.0,b,1.65981,1.5e-29
21782,45681.924236,996,41,+,f,A1Pi,1,1,0.0,1.0,b,1.67163,4.6e-30
21783,46451.806912,996,41,+,f,A1Pi,2,1,0.0,1.0,b,1.68373,1.6e-29
21784,47208.838711,996,41,+,f,A1Pi,3,1,0.0,1.0,b,1.69617,2.4e-28
21785,47952.663528,996,41,+,f,A1Pi,4,1,0.0,1.0,b,1.70899,3.9e-27
21786,48682.967598,996,41,+,f,A1Pi,5,1,0.0,1.0,b,1.72221,5.4e-26
21787,49399.503838,996,41,+,f,A1Pi,6,1,0.0,1.0,b,1.73586,6.3e-25
21788,50102.109906,996,41,+,f,A1Pi,7,1,0.0,1.0,b,1.74994,6.1e-24
21789,50790.720319,996,41,+,f,A1Pi,8,1,0.0,1.0,b,1.76441,4.9e-23
21790,51465.372316,996,41,+,f,A1Pi,9,1,0.0,1.0,b,1.77927,3.5e-22
21791,52126.204985,996,41,+,f,A1Pi,10,1,0.0,1.0,b,1.79447,2.1e-21
21792,52773.451412,996,41,+,f,A1Pi,11,1,0.0,1.0,b,1.80997,1.2e-20
21793,53407.424116,996,41,+,f,A1Pi,12,1,0.0,1.0,b,1.82572,6.3e-20
21794,54028.494633,996,41,+,f,A1Pi,13,1,0.0,1.0,b,1.8417,3.2e-19
21795,54637.068636,996,41,+,f,A1Pi,14,1,0.0,1.0,b,1.85787,1.6e-18
22050,44899.699015,996,41,-,e,A1Pi,0,-1,0.0,-1.0,b,1.65981,2.1e-29
22054,45682.064258,996,41,-,e,A1Pi,1,-1,0.0,-1.0,b,1.67164,9.1e-30
22058,46451.944885,996,41,-,e,A1Pi,2,-1,0.0,-1.0,b,1.68374,2e-29
22062,47208.974589,996,41,-,e,A1Pi,3,-1,0.0,-1.0,b,1.69617,2.3e-28
22066,47952.797254,996,41,-,e,A1Pi,4,-1,0.0,-1.0,b,1.70899,3.8e-27
22070,48683.099112,996,41,-,e,A1Pi,5,-1,0.0,-1.0,b,1.72222,5.3e-26
22075,49399.633084,996,41,-,e,A1Pi,6,-1,0.0,-1.0,b,1.73587,6.1e-25
22079,50102.236835,996,41,-,e,A1Pi,7,-1,0.0,-1.0,b,1.74994,5.8e-24
22084,50790.844895,996,41,-,e,A1Pi,8,-1,0.0,-1.0,b,1.76442,4.7e-23
22088,51465.494518,996,41,-,e,A1Pi,9,-1,0.0,-1.0,b,1.77927,3.3e-22
22094,52126.324808,996,41,-,e,A1Pi,10,-1,0.0,-1.0,b,1.79447,2e-21
22099,52773.568867,996,41,-,e,A1Pi,11,-1,0.0,-1.0,b,1.80997,1.1e-20
22105,53407.539225,996,41,-,e,A1Pi,12,-1,0.0,-1.0,b,1.82573,6e-20
22112,54028.607433,996,41,-,e,A1Pi,13,-1,0.0,-1.0,b,1.8417,3.1e-19
22121,54637.179171,996,41,-,e,A1Pi,14,-1,0.0,-1.0,b,1.85787,1.5e-18
22410,44945.899596,1020,42,+,e,A1Pi,0,1,0.0,1.0,b,1.66008,2e-29
22414,45727.804369,1020,42,+,e,A1Pi,1,1,0.0,1.0,b,1.67192,1.1e-29
22418,46497.219804,1020,42,+,e,A1Pi,2,1,0.0,1.0,b,1.68403,1.8e-29
22422,47253.776842,1020,42,+,e,A1Pi,3,1,0.0,1.0,b,1.69647,2.3e-28
22426,47997.117746,1020,42,+,e,A1Pi,4,1,0.0,1.0,b,1.7093,3.8e-27
22430,48726.928102,1020,42,+,e,A1Pi,5,1,0.0,1.0,b,1.72254,5.2e-26
22435,49442.961021,1020,42,+,e,A1Pi,6,1,0.0,1.0,b,1.7362,6.1e-25
22439,50145.055074,1020,42,+,e,A1Pi,7,1,0.0,1.0,b,1.75028,5.8e-24
22444,50833.146275,1020,42,+,e,A1Pi,8,1,0.0,1.0,b,1.76477,4.7e-23
22449,51507.273794,1020,42,+,e,A1Pi,9,1,0.0,1.0,b,1.77964,3.3e-22
22454,52167.578914,1020,42,+,e,A1Pi,10,1,0.0,1.0,b,1.79485,2e-21
22459,52814.296988,1020,42,+,e,A1Pi,11,1,0.0,1.0,b,1.81036,1.1e-20
22465,53447.742683,1020,42,+,e,A1Pi,12,1,0.0,1.0,b,1.82613,6e-20
22472,54068.289372,1020,42,+,e,A1Pi,13,1,0.0,1.0,b,1.84212,3e-19
22481,54676.344095,1020,42,+,e,A1Pi,14,1,0.0,1.0,b,1.85829,1.5e-18
22681,44945.750762,1020,42,-,f,A1Pi,0,-1,0.0,-1.0,b,1.66008,1.7e-29
22682,45727.657656,1020,42,-,f,A1Pi,1,-1,0.0,-1.0,b,1.67192,3.7e-30
22683,46497.07524,1020,42,-,f,A1Pi,2,-1,0.0,-1.0,b,1.68402,1.3e-29
22684,47253.634475,1020,42,-,f,A1Pi,3,-1,0.0,-1.0,b,1.69647,2.2e-28
22685,47996.977636,1020,42,-,f,A1Pi,4,-1,0.0,-1.0,b,1.70929,3.8e-27
22686,48726.790312,1020,42,-,f,A1Pi,5,-1,0.0,-1.0,b,1.72253,5.4e-26
22687,49442.82561,1020,42,-,f,A1Pi,6,-1,0.0,-1.0,b,1.7362,6.3e-25
22688,50144.922092,1020,42,-,f,A1Pi,7,-1,0.0,-1.0,b,1.75028,6.1e-24
22689,50833.01576,1020,42,-,f,A1Pi,8,-1,0.0,-1.0,b,1.76477,5e-23
22690,51507.145767,1020,42,-,f,A1Pi,9,-1,0.0,-1.0,b,1.77964,3.5e-22
22691,52167.453381,1020,42,-,f,A1Pi,10,-1,0.0,-1.0,b,1.79485,2.1e-21
22692,52814.173939,1020,42,-,f,A1Pi,11,-1,0.0,-1.0,b,1.81036,1.2e-20
22693,53447.62209,1020,42,-,f,A1Pi,12,-1,0.0,-1.0,b,1.82613,6.3e-20
22694,54068.1712,1020,42,-,f,A1Pi,13,-1,0.0,-1.0,b,1.84211,3.2e-19
22695,54676.228296,1020,42,-,f,A1Pi,14,-1,0.0,-1.0,b,1.85829,1.6e-18
22861,44993.02871,1044,43,+,f,A1Pi,0,1,0.0,1.0,b,1.66036,1.4e-29
22862,45774.46415,1044,43,+,f,A1Pi,1,1,0.0,1.0,b,1.6722,4.2e-30
22863,46543.405409,1044,43,+,f,A1Pi,2,1,0.0,1.0,b,1.68432,1.6e-29
22864,47299.480638,1044,43,+,f,A1Pi,3,1,0.0,1.0,b,1.69677,2.3e-28
22865,48042.330465,1044,43,+,f,A1Pi,4,1,0.0,1.0,b,1.70961,3.8e-27
22866,48771.639827,1044,43,+,f,A1Pi,5,1,0.0,1.0,b,1.72286,5.4e-26
22867,49487.162037,1044,43,+,f,A1Pi,6,1,0.0,1.0,b,1.73654,6.3e-25
22868,50188.736594,1044,43,+,f,A1Pi,7,1,0.0,1.0,b,1.75063,6.1e-24
22869,50876.301029,1044,43,+,f,A1Pi,8,1,0.0,1.0,b,1.76514,5e-23
22870,51549.896469,1044,43,+,f,A1Pi,9,1,0.0,1.0,b,1.78002,3.5e-22
22871,52209.666415,1044,43,+,f,A1Pi,10,1,0.0,1.0,b,1.79524,2.1e-21
22872,52855.848515,1044,43,+,f,A1Pi,11,1,0.0,1.0,b,1.81076,1.2e-20
22873,53488.7596,1044,43,+,f,A1Pi,12,1,0.0,1.0,b,1.82654,6.3e-20
22874,54108.774902,1044,43,+,f,A1Pi,13,1,0.0,1.0,b,1.84254,3.2e-19
22875,54716.302828,1044,43,+,f,A1Pi,14,1,0.0,1.0,b,1.85872,1.5e-18
23130,44993.184481,1044,43,-,e,A1Pi,0,-1,0.0,-1.0,b,1.66036,1.9e-29
23134,45774.6177,1044,43,-,e,A1Pi,1,-1,0.0,-1.0,b,1.6722,9.9e-30
23138,46543.556708,1044,43,-,e,A1Pi,2,-1,0.0,-1.0,b,1.68432,1.9e-29
23142,47299.629635,1044,43,-,e,A1Pi,3,-1,0.0,-1.0,b,1.69678,2.3e-28
23146,48042.477098,1044,43,-,e,A1Pi,4,-1,0.0,-1.0,b,1.70961,3.8e-27
23150,48771.784029,1044,43,-,e,A1Pi,5,-1,0.0,-1.0,b,1.72287,5.2e-26
23155,49487.303747,1044,43,-,e,A1Pi,6,-1,0.0,-1.0,b,1.73654,6.1e-25
23159,50188.875759,1044,43,-,e,A1Pi,7,-1,0.0,-1.0,b,1.75064,5.8e-24
23164,50876.437611,1044,43,-,e,A1Pi,8,-1,0.0,-1.0,b,1.76514,4.7e-23
23169,51550.030444,1044,43,-,e,A1Pi,9,-1,0.0,-1.0,b,1.78002,3.3e-22
23174,52209.797779,1044,43,-,e,A1Pi,10,-1,0.0,-1.0,b,1.79524,2e-21
23180,52855.97728,1044,43,-,e,A1Pi,11,-1,0.0,-1.0,b,1.81076,1.1e-20
23186,53488.885793,1044,43,-,e,A1Pi,12,-1,0.0,-1.0,b,1.82654,6e-20
23193,54108.898562,1044,43,-,e,A1Pi,13,-1,0.0,-1.0,b,1.84254,3e-19
23202,54716.424004,1044,43,-,e,A1Pi,14,-1,0.0,-1.0,b,1.85873,1.5e-18
23491,45041.552559,1068,44,+,e,A1Pi,0,1,0.0,1.0,b,1.66065,2.3e-29
23494,45822.503129,1068,44,+,e,A1Pi,1,1,0.0,1.0,b,1.6725,6.2e-30
23498,46590.954462,1068,44,+,e,A1Pi,2,1,0.0,1.0,b,1.68463,2.1e-29
23502,47346.531821,1068,44,+,e,A1Pi,3,1,0.0,1.0,b,1.69709,2.4e-28
23506,48088.874145,1068,44,+,e,A1Pi,4,1,0.0,1.0,b,1.70994,3.8e-27
23511,48817.665713,1068,44,+,e,A1Pi,5,1,0.0,1.0,b,1.7232,5.2e-26
23515,49532.660065,1068,44,+,e,A1Pi,6,1,0.0,1.0,b,1.73689,6.1e-25
23519,50233.697679,1068,44,+,e,A1Pi,7,1,0.0,1.0,b,1.751,5.9e-24
23524,50920.717679,1068,44,+,e,A1Pi,8,1,0.0,1.0,b,1.76551,4.8e-23
23529,51593.763235,1068,44,+,e,A1Pi,9,1,0.0,1.0,b,1.78041,3.3e-22
23534,52252.980162,1068,44,+,e,A1Pi,10,1,0.0,1.0,b,1.79564,2e-21
23540,52898.608492,1068,44,+,e,A1Pi,11,1,0.0,1.0,b,1.81117,1.1e-20
23546,53530.967307,1068,44,+,e,A1Pi,12,1,0.0,1.0,b,1.82696,5.9e-20
23553,54150.433754,1068,44,+,e,A1Pi,13,1,0.0,1.0,b,1.84297,3e-19
23562,54757.417653,1068,44,+,e,A1Pi,14,1,0.0,1.0,b,1.85917,1.5e-18
23761,45041.389703,1068,44,-,f,A1Pi,0,-1,0.0,-1.0,b,1.66065,1.6e-29
23762,45822.342598,1068,44,-,f,A1Pi,1,-1,0.0,-1.0,b,1.6725,3.7e-30
23763,46590.796286,1068,44,-,f,A1Pi,2,-1,0.0,-1.0,b,1.68462,1.9e-29
23764,47346.376054,1068,44,-,f,A1Pi,3,-1,0.0,-1.0,b,1.69709,2.2e-28
23765,48088.720852,1068,44,-,f,A1Pi,4,-1,0.0,-1.0,b,1.70994,3.7e-27
23766,48817.514963,1068,44,-,f,A1Pi,5,-1,0.0,-1.0,b,1.7232,5.4e-26
23767,49532.511924,1068,44,-,f,A1Pi,6,-1,0.0,-1.0,b,1.73689,6.3e-25
23768,50233.552201,1068,44,-,f,A1Pi,7,-1,0.0,-1.0,b,1.751,6.1e-24
23769,50920.574904,1068,44,-,f,A1Pi,8,-1,0.0,-1.0,b,1.76551,5e-23
23770,51593.623186,1068,44,-,f,A1Pi,9,-1,0.0,-1.0,b,1.7804,3.5e-22
23771,52252.842844,1068,44,-,f,A1Pi,10,-1,0.0,-1.0,b,1.79564,2.1e-21
23772,52898.473893,1068,44,-,f,A1Pi,11,-1,0.0,-1.0,b,1.81117,1.2e-20
23773,53530.835397,1068,44,-,f,A1Pi,12,-1,0.0,-1.0,b,1.82696,6.2e-20
23774,54150.304492,1068,44,-,f,A1Pi,13,-1,0.0,-1.0,b,1.84297,3.1e-19
23775,54757.290988,1068,44,-,f,A1Pi,14,-1,0.0,-1.0,b,1.85917,1.5e-18
23941,45090.832605,1092,45,+,f,A1Pi,0,1,0.0,1.0,b,1.66094,1.6e-29
23942,45871.291852,1092,45,+,f,A1Pi,1,1,0.0,1.0,b,1.6728,5.9e-30
23943,46639.246711,1092,45,+,f,A1Pi,2,1,0.0,1.0,b,1.68493,1.3e-29
23944,47394.319548,1092,45,+,f,A1Pi,3,1,0.0,1.0,b,1.69741,2.2e-28
23945,48136.147608,1092,45,+,f,A1Pi,4,1,0.0,1.0,b,1.71027,3.8e-27
23946,48864.414515,1092,45,+,f,A1Pi,5,1,0.0,1.0,b,1.72354,5.3e-26
23947,49578.874046,1092,45,+,f,A1Pi,6,1,0.0,1.0,b,1.73724,6.3e-25
23948,50279.367672,1092,45,+,f,A1Pi,7,1,0.0,1.0,b,1.75137,6.1e-24
23949,50965.83613,1092,45,+,f,A1Pi,8,1,0.0,1.0,b,1.76589,5e-23
23950,51638.324653,1092,45,+,f,A1Pi,9,1,0.0,1.0,b,1.7808,3.5e-22
23951,52296.981395,1092,45,+,f,A1Pi,10,1,0.0,1.0,b,1.79605,2.1e-21
23952,52942.048795,1092,45,+,f,A1Pi,11,1,0.0,1.0,b,1.81159,1.2e-20
23953,53573.848201,1092,45,+,f,A1Pi,12,1,0.0,1.0,b,1.82739,6.2e-20
23954,54192.758691,1092,45,+,f,A1Pi,13,1,0.0,1.0,b,1.84341,3.1e-19
23955,54799.191502,1092,45,+,f,A1Pi,14,1,0.0,1.0,b,1.85962,1.5e-18
24211,45091.002692,1092,45,-,e,A1Pi,0,-1,0.0,-1.0,b,1.66094,2.2e-29
24214,45871.459509,1092,45,-,e,A1Pi,1,-1,0.0,-1.0,b,1.6728,9.3e-30
24218,46639.411906,1092,45,-,e,A1Pi,2,-1,0.0,-1.0,b,1.68494,1.9e-29
24222,47394.482224,1092,45,-,e,A1Pi,3,-1,0.0,-1.0,b,1.69741,2.4e-28
24227,48136.307697,1092,45,-,e,A1Pi,4,-1,0.0,-1.0,b,1.71027,3.7e-27
24231,48864.571945,1092,45,-,e,A1Pi,5,-1,0.0,-1.0,b,1.72355,5.2e-26
24235,49579.02875,1092,45,-,e,A1Pi,6,-1,0.0,-1.0,b,1.73725,6e-25
24240,50279.519593,1092,45,-,e,A1Pi,7,-1,0.0,-1.0,b,1.75137,5.8e-24
24244,50965.985225,1092,45,-,e,A1Pi,8,-1,0.0,-1.0,b,1.7659,4.8e-23
24249,51638.470899,1092,45,-,e,A1Pi,9,-1,0.0,-1.0,b,1.7808,3.3e-22
24254,52297.124787,1092,45,-,e,A1Pi,10,-1,0.0,-1.0,b,1.79605,2e-21
24260,52942.189346,1092,45,-,e,A1Pi,11,-1,0.0,-1.0,b,1.8116,1.1e-20
24266,53573.985944,1092,45,-,e,A1Pi,12,-1,0.0,-1.0,b,1.8274,5.9e-20
24274,54192.893668,1092,45,-,e,A1Pi,13,-1,0.0,-1.0,b,1.84342,2.9e-19
24283,54799.323766,1092,45,-,e,A1Pi,14,-1,0.0,-1.0,b,1.85962,1.4e-18
24571,45141.533716,1116,46,+,e,A1Pi,0,1,0.0,1.0,b,1.66124,2e-29
24575,45921.485666,1116,46,+,e,A1Pi,1,1,0.0,1.0,b,1.67311,1.2e-29
24578,46688.927855,1116,46,+,e,A1Pi,2,1,0.0,1.0,b,1.68525,2.2e-29
24583,47443.479643,1116,46,+,e,A1Pi,3,1,0.0,1.0,b,1.69774,2.3e-28
24587,48184.776536,1116,46,+,e,A1Pi,4,1,0.0,1.0,b,1.71061,3.6e-27
24591,48912.50149,1116,46,+,e,A1Pi,5,1,0.0,1.0,b,1.7239,5.1e-26
24595,49626.408548,1116,46,+,e,A1Pi,6,1,0.0,1.0,b,1.73761,5.9e-25
24600,50326.340231,1116,46,+,e,A1Pi,7,1,0.0,1.0,b,1.75175,5.7e-24
24604,51012.238964,1116,46,+,e,A1Pi,8,1,0.0,1.0,b,1.76629,4.7e-23
24609,51684.152141,1116,46,+,e,A1Pi,9,1,0.0,1.0,b,1.78121,3.3e-22
24615,52342.230351,1116,46,+,e,A1Pi,10,1,0.0,1.0,b,1.79647,2e-21
24620,52986.718534,1116,46,+,e,A1Pi,11,1,0.0,1.0,b,1.81203,1.1e-20
24627,53617.940393,1116,46,+,e,A1Pi,12,1,0.0,1.0,b,1.82784,5.7e-20
24634,54236.276997,1116,46,+,e,A1Pi,13,1,0.0,1.0,b,1.84387,2.8e-19
24644,54842.141038,1116,46,+,e,A1Pi,14,1,0.0,1.0,b,1.86009,1.4e-18
24841,45141.356252,1116,46,-,f,A1Pi,0,-1,0.0,-1.0,b,1.66124,1.5e-29
24842,45921.31074,1116,46,-,f,A1Pi,1,-1,0.0,-1.0,b,1.67311,5.1e-30
24843,46688.7555,1116,46,-,f,A1Pi,2,-1,0.0,-1.0,b,1.68525,1.4e-29
24844,47443.309919,1116,46,-,f,A1Pi,3,-1,0.0,-1.0,b,1.69774,2.3e-28
24845,48184.609514,1116,46,-,f,A1Pi,4,-1,0.0,-1.0,b,1.71061,3.7e-27
24846,48912.337246,1116,46,-,f,A1Pi,5,-1,0.0,-1.0,b,1.7239,5.2e-26
24847,49626.247151,1116,46,-,f,A1Pi,6,-1,0.0,-1.0,b,1.73761,6.2e-25
24848,50326.181741,1116,46,-,f,A1Pi,7,-1,0.0,-1.0,b,1.75175,6e-24
24849,51012.083424,1116,46,-,f,A1Pi,8,-1,0.0,-1.0,b,1.76629,4.9e-23
24850,51683.999575,1116,46,-,f,A1Pi,9,-1,0.0,-1.0,b,1.78121,3.4e-22
24851,52342.080764,1116,46,-,f,A1Pi,10,-1,0.0,-1.0,b,1.79647,2.1e-21
24852,52986.571912,1116,46,-,f,A1Pi,11,-1,0.0,-1.0,b,1.81202,1.2e-20
24853,53617.796702,1116,46,-,f,A1Pi,12,-1,0.0,-1.0,b,1.82784,6e-20
24854,54236.136192,1116,46,-,f,A1Pi,13,-1,0.0,-1.0,b,1.84387,3e-19
24855,54842.003063,1116,46,-,f,A1Pi,14,-1,0.0,-1.0,b,1.86008,1.5e-18
25021,45192.959455,1140,47,+,f,A1Pi,0,1,0.0,1.0,b,1.66154,1.6e-29
25022,45972.398063,1140,47,+,f,A1Pi,1,1,0.0,1.0,b,1.67342,5e-30
25023,46739.32144,1140,47,+,f,A1Pi,2,1,0.0,1.0,b,1.68558,1.6e-29
25024,47493.34594,1140,47,+,f,A1Pi,3,1,0.0,1.0,b,1.69807,2.1e-28
25025,48234.105324,1140,47,+,f,A1Pi,4,1,0.0,1.0,b,1.71096,3.5e-27
25026,48961.281892,1140,47,+,f,A1Pi,5,1,0.0,1.0,b,1.72426,5.1e-26
25027,49674.629957,1140,47,+,f,A1Pi,6,1,0.0,1.0,b,1.73798,6e-25
25028,50373.993107,1140,47,+,f,A1Pi,7,1,0.0,1.0,b,1.75213,5.9e-24
25029,51059.315472,1140,47,+,f,A1Pi,8,1,0.0,1.0,b,1.76669,4.8e-23
25030,51730.646628,1140,47,+,f,A1Pi,9,1,0.0,1.0,b,1.78162,3.4e-22
25031,52388.139619,1140,47,+,f,A1Pi,10,1,0.0,1.0,b,1.79689,2.1e-21
25032,53032.041907,1140,47,+,f,A1Pi,11,1,0.0,1.0,b,1.81247,1.1e-20
25033,53662.679562,1140,47,+,f,A1Pi,12,1,0.0,1.0,b,1.82829,5.8e-20
25034,54280.435656,1140,47,+,f,A1Pi,13,1,0.0,1.0,b,1.84433,2.9e-19
25035,54885.724338,1140,47,+,f,A1Pi,14,1,0.0,1.0,b,1.86056,1.4e-18
25291,45193.144439,1140,47,-,e,A1Pi,0,-1,0.0,-1.0,b,1.66155,1.7e-29
25295,45972.5804,1140,47,-,e,A1Pi,1,-1,0.0,-1.0,b,1.67342,7.5e-30
25299,46739.501093,1140,47,-,e,A1Pi,2,-1,0.0,-1.0,b,1.68558,2.2e-29
25303,47493.522849,1140,47,-,e,A1Pi,3,-1,0.0,-1.0,b,1.69808,2.2e-28
25307,48234.279413,1140,47,-,e,A1Pi,4,-1,0.0,-1.0,b,1.71096,3.5e-27
25311,48961.453083,1140,47,-,e,A1Pi,5,-1,0.0,-1.0,b,1.72426,4.9e-26
25315,49674.798176,1140,47,-,e,A1Pi,6,-1,0.0,-1.0,b,1.73799,5.8e-25
25320,50374.158294,1140,47,-,e,A1Pi,7,-1,0.0,-1.0,b,1.75214,5.6e-24
25325,51059.477582,1140,47,-,e,A1Pi,8,-1,0.0,-1.0,b,1.76669,4.6e-23
25330,51730.805635,1140,47,-,e,A1Pi,9,-1,0.0,-1.0,b,1.78163,3.2e-22
25335,52388.295519,1140,47,-,e,A1Pi,10,-1,0.0,-1.0,b,1.7969,2e-21
25341,53032.194717,1140,47,-,e,A1Pi,11,-1,0.0,-1.0,b,1.81247,1.1e-20
25347,53662.829315,1140,47,-,e,A1Pi,12,-1,0.0,-1.0,b,1.82829,5.5e-20
25354,54280.582401,1140,47,-,e,A1Pi,13,-1,0.0,-1.0,b,1.84434,2.7e-19
25364,54885.868133,1140,47,-,e,A1Pi,14,-1,0.0,-1.0,b,1.86056,1.4e-18
25651,45245.833644,1164,48,+,e,A1Pi,0,1,0.0,1.0,b,1.66186,2.2e-29
25655,46024.742483,1164,48,+,e,A1Pi,1,1,0.0,1.0,b,1.67375,1e-29
25659,46791.130381,1164,48,+,e,A1Pi,2,1,0.0,1.0,b,1.68591,2.6e-29
25663,47544.610583,1164,48,+,e,A1Pi,3,1,0.0,1.0,b,1.69842,2.2e-28
25667,48284.815055,1164,48,+,e,A1Pi,4,1,0.0,1.0,b,1.71132,3.4e-27
25671,49011.425429,1164,48,+,e,A1Pi,5,1,0.0,1.0,b,1.72463,4.8e-26
25676,49724.196324,1164,48,+,e,A1Pi,6,1,0.0,1.0,b,1.73837,5.6e-25
25680,50422.972452,1164,48,+,e,A1Pi,7,1,0.0,1.0,b,1.75253,5.5e-24
25685,51107.699736,1164,48,+,e,A1Pi,8,1,0.0,1.0,b,1.7671,4.5e-23
25690,51778.430025,1164,48,+,e,A1Pi,9,1,0.0,1.0,b,1.78205,3.2e-22
25695,52435.318927,1164,48,+,e,A1Pi,10,1,0.0,1.0,b,1.79734,1.9e-21
25701,53078.616524,1164,48,+,e,A1Pi,11,1,0.0,1.0,b,1.81292,1.1e-20
25707,53708.651337,1164,48,+,e,A1Pi,12,1,0.0,1.0,b,1.82876,5.4e-20
25715,54325.80851,1164,48,+,e,A1Pi,13,1,0.0,1.0,b,1.84481,2.7e-19
25725,54930.503684,1164,48,+,e,A1Pi,14,1,0.0,1.0,b,1.86105,1.3e-18
25921,45245.640996,1164,48,-,f,A1Pi,0,-1,0.0,-1.0,b,1.66186,1.8e-29
25922,46024.552594,1164,48,-,f,A1Pi,1,-1,0.0,-1.0,b,1.67374,6.1e-30
25923,46790.943289,1164,48,-,f,A1Pi,2,-1,0.0,-1.0,b,1.68591,1.4e-29
25924,47544.426353,1164,48,-,f,A1Pi,3,-1,0.0,-1.0,b,1.69842,2e-28
25925,48284.633765,1164,48,-,f,A1Pi,4,-1,0.0,-1.0,b,1.71131,3.4e-27
25926,49011.247161,1164,48,-,f,A1Pi,5,-1,0.0,-1.0,b,1.72463,4.9e-26
25927,49724.021153,1164,48,-,f,A1Pi,6,-1,0.0,-1.0,b,1.73837,5.9e-25
25928,50422.800442,1164,48,-,f,A1Pi,7,-1,0.0,-1.0,b,1.75253,5.8e-24
25929,51107.530934,1164,48,-,f,A1Pi,8,-1,0.0,-1.0,b,1.7671,4.8e-23
25930,51778.264456,1164,48,-,f,A1Pi,9,-1,0.0,-1.0,b,1.78205,3.3e-22
25931,52435.156595,1164,48,-,f,A1Pi,10,-1,0.0,-1.0,b,1.79733,2e-21
25932,53078.457412,1164,48,-,f,A1Pi,11,-1,0.0,-1.0,b,1.81292,1.1e-20
25933,53708.495409,1164,48,-,f,A1Pi,12,-1,0.0,-1.0,b,1.82875,5.7e-20
25934,54325.655714,1164,48,-,f,A1Pi,13,-1,0.0,-1.0,b,1.84481,2.8e-19
25935,54930.353961,1164,48,-,f,A1Pi,14,-1,0.0,-1.0,b,1.86105,1.3e-18
26101,45299.399635,1188,49,+,f,A1Pi,0,1,0.0,1.0,b,1.66218,1.9e-29
26102,46077.77308,1188,49,+,f,A1Pi,1,1,0.0,1.0,b,1.67407,6e-30
26103,46843.619783,1188,49,+,f,A1Pi,2,1,0.0,1.0,b,1.68625,1.6e-29
26104,47596.549876,1188,49,+,f,A1Pi,3,1,0.0,1.0,b,1.69877,2.1e-28
26105,48336.193535,1188,49,+,f,A1Pi,4,1,0.0,1.0,b,1.71168,3.3e-27
26106,49062.231732,1188,49,+,f,A1Pi,5,1,0.0,1.0,b,1.725,4.8e-26
26107,49774.419399,1188,49,+,f,A1Pi,6,1,0.0,1.0,b,1.73876,5.7e-25
26108,50472.602391,1188,49,+,f,A1Pi,7,1,0.0,1.0,b,1.75294,5.7e-24
26109,51156.728434,1188,49,+,f,A1Pi,8,1,0.0,1.0,b,1.76752,4.7e-23
26110,51826.851675,1188,49,+,f,A1Pi,9,1,0.0,1.0,b,1.78248,3.3e-22
26111,52483.130299,1188,49,+,f,A1Pi,10,1,0.0,1.0,b,1.79778,2e-21
26112,53125.817026,1188,49,+,f,A1Pi,11,1,0.0,1.0,b,1.81338,1.1e-20
26113,53755.242843,1188,49,+,f,A1Pi,12,1,0.0,1.0,b,1.82923,5.5e-20
26114,54371.794968,1188,49,+,f,A1Pi,13,1,0.0,1.0,b,1.84529,2.7e-19
26115,54975.890536,1188,49,+,f,A1Pi,14,1,0.0,1.0,b,1.86154,1.3e-18
26371,45299.600089,1188,49,-,e,A1Pi,0,-1,0.0,-1.0,b,1.66218,2.2e-29
26375,46077.97066,1188,49,-,e,A1Pi,1,-1,0.0,-1.0,b,1.67407,5.8e-30
26379,46843.814451,1188,49,-,e,A1Pi,2,-1,0.0,-1.0,b,1.68625,2.1e-29
26383,47596.741562,1188,49,-,e,A1Pi,3,-1,0.0,-1.0,b,1.69877,2.1e-28
26387,48336.382158,1188,49,-,e,A1Pi,4,-1,0.0,-1.0,b,1.71168,3.3e-27
26391,49062.417208,1188,49,-,e,A1Pi,5,-1,0.0,-1.0,b,1.72501,4.7e-26
26396,49774.601649,1188,49,-,e,A1Pi,6,-1,0.0,-1.0,b,1.73876,5.5e-25
26400,50472.781348,1188,49,-,e,A1Pi,7,-1,0.0,-1.0,b,1.75294,5.4e-24
26405,51156.904051,1188,49,-,e,A1Pi,8,-1,0.0,-1.0,b,1.76752,4.4e-23
26410,51827.023925,1188,49,-,e,A1Pi,9,-1,0.0,-1.0,b,1.78249,3.1e-22
26415,52483.299179,1188,49,-,e,A1Pi,10,-1,0.0,-1.0,b,1.79779,1.9e-21
26421,53125.982555,1188,49,-,e,A1Pi,11,-1,0.0,-1.0,b,1.81338,1e-20
26428,53755.405058,1188,49,-,e,A1Pi,12,-1,0.0,-1.0,b,1.82923,5.3e-20
26435,54371.953924,1188,49,-,e,A1Pi,13,-1,0.0,-1.0,b,1.8453,2.6e-19
26446,54976.046296,1188,49,-,e,A1Pi,14,-1,0.0,-1.0,b,1.86155,1.2e-18
26731,45354.442503,1212,50,+,e,A1Pi,0,1,0.0,1.0,b,1.66251,2e-29
26735,46132.263653,1212,50,+,e,A1Pi,1,1,0.0,1.0,b,1.67441,1.4e-29
26739,46897.552006,1212,50,+,e,A1Pi,2,1,0.0,1.0,b,1.6866,2.1e-29
26743,47649.914474,1212,50,+,e,A1Pi,3,1,0.0,1.0,b,1.69913,2e-28
26747,48388.979392,1212,50,+,e,A1Pi,4,1,0.0,1.0,b,1.71205,3.2e-27
26751,49114.427068,1212,50,+,e,A1Pi,5,1,0.0,1.0,b,1.72539,4.5e-26
26756,49826.012782,1212,50,+,e,A1Pi,6,1,0.0,1.0,b,1.73916,5.4e-25
26760,50523.583593,1212,50,+,e,A1Pi,7,1,0.0,1.0,b,1.75335,5.3e-24
26765,51207.089124,1212,50,+,e,A1Pi,8,1,0.0,1.0,b,1.76795,4.3e-23
26770,51876.58592,1212,50,+,e,A1Pi,9,1,0.0,1.0,b,1.78293,3e-22
26776,52532.234852,1212,50,+,e,A1Pi,10,1,0.0,1.0,b,1.79824,1.8e-21
26781,53174.29138,1212,50,+,e,A1Pi,11,1,0.0,1.0,b,1.81385,1e-20
26788,53803.089047,1212,50,+,e,A1Pi,12,1,0.0,1.0,b,1.82972,5.1e-20
26796,54419.017212,1212,50,+,e,A1Pi,13,1,0.0,1.0,b,1.84579,2.5e-19
26807,55022.49454,1212,50,+,e,A1Pi,14,1,0.0,1.0,b,1.86206,1.2e-18
27001,45354.234101,1212,50,-,f,A1Pi,0,-1,0.0,-1.0,b,1.6625,1.8e-29
27002,46132.058241,1212,50,-,f,A1Pi,1,-1,0.0,-1.0,b,1.67441,6.2e-30
27003,46897.349627,1212,50,-,f,A1Pi,2,-1,0.0,-1.0,b,1.68659,1.6e-29
27004,47649.715198,1212,50,-,f,A1Pi,3,-1,0.0,-1.0,b,1.69913,1.9e-28
27005,48388.783303,1212,50,-,f,A1Pi,4,-1,0.0,-1.0,b,1.71205,3.2e-27
27006,49114.234255,1212,50,-,f,A1Pi,5,-1,0.0,-1.0,b,1.72539,4.6e-26
27007,49825.823327,1212,50,-,f,A1Pi,6,-1,0.0,-1.0,b,1.73916,5.6e-25
27008,50523.397564,1212,50,-,f,A1Pi,7,-1,0.0,-1.0,b,1.75335,5.5e-24
27009,51206.906571,1212,50,-,f,A1Pi,8,-1,0.0,-1.0,b,1.76795,4.6e-23
27010,51876.40687,1212,50,-,f,A1Pi,9,-1,0.0,-1.0,b,1.78293,3.2e-22
27011,52532.059307,1212,50,-,f,A1Pi,10,-1,0.0,-1.0,b,1.79824,1.9e-21
27012,53174.119321,1212,50,-,f,A1Pi,11,-1,0.0,-1.0,b,1.81385,1.1e-20
27013,53802.920433,1212,50,-,f,A1Pi,12,-1,0.0,-1.0,b,1.82971,5.4e-20
27014,54418.851987,1212,50,-,f,A1Pi,13,-1,0.0,-1.0,b,1.84579,2.6e-19
27015,55022.332638,1212,50,-,f,A1Pi,14,-1,0.0,-1.0,b,1.86205,1.2e-18
27181,45410.143101,1236,51,+,f,A1Pi,0,1,0.0,1.0,b,1.66284,1.7e-29
27182,46187.406773,1236,51,+,f,A1Pi,1,1,0.0,1.0,b,1.67475,6.4e-30
27183,46952.131499,1236,51,+,f,A1Pi,2,1,0.0,1.0,b,1.68695,1.6e-29
27184,47703.920979,1236,51,+,f,A1Pi,3,1,0.0,1.0,b,1.69949,1.8e-28
27185,48442.401712,1236,51,+,f,A1Pi,4,1,0.0,1.0,b,1.71243,3.1e-27
27186,49167.253352,1236,51,+,f,A1Pi,5,1,0.0,1.0,b,1.72578,4.4e-26
27187,49878.231539,1236,51,+,f,A1Pi,6,1,0.0,1.0,b,1.73957,5.4e-25
27188,50575.184547,1236,51,+,f,A1Pi,7,1,0.0,1.0,b,1.75377,5.3e-24
27189,51258.063913,1236,51,+,f,A1Pi,8,1,0.0,1.0,b,1.76839,4.4e-23
27190,51926.928594,1236,51,+,f,A1Pi,9,1,0.0,1.0,b,1.78338,3.1e-22
27191,52581.942163,1236,51,+,f,A1Pi,10,1,0.0,1.0,b,1.79871,1.9e-21
27192,53223.362837,1236,51,+,f,A1Pi,11,1,0.0,1.0,b,1.81433,1e-20
27193,53851.526717,1236,51,+,f,A1Pi,12,1,0.0,1.0,b,1.83021,5.1e-20
27194,54466.825311,1236,51,+,f,A1Pi,13,1,0.0,1.0,b,1.8463,2.5e-19
27195,55069.67881,1236,51,+,f,A1Pi,14,1,0.0,1.0,b,1.86257,1.2e-18
27451,45410.35959,1236,51,-,e,A1Pi,0,-1,0.0,-1.0,b,1.66284,1.9e-29
27455,46187.620153,1236,51,-,e,A1Pi,1,-1,0.0,-1.0,b,1.67475,8.4e-30
27459,46952.341727,1236,51,-,e,A1Pi,2,-1,0.0,-1.0,b,1.68695,2.5e-29
27463,47704.127979,1236,51,-,e,A1Pi,3,-1,0.0,-1.0,b,1.6995,1.9e-28
27467,48442.605397,1236,51,-,e,A1Pi,4,-1,0.0,-1.0,b,1.71243,3.1e-27
27472,49167.45363,1236,51,-,e,A1Pi,5,-1,0.0,-1.0,b,1.72579,4.3e-26
27476,49878.428324,1236,51,-,e,A1Pi,6,-1,0.0,-1.0,b,1.73957,5.1e-25
27481,50575.377769,1236,51,-,e,A1Pi,7,-1,0.0,-1.0,b,1.75378,5.1e-24
27485,51258.253521,1236,51,-,e,A1Pi,8,-1,0.0,-1.0,b,1.76839,4.2e-23
27490,51927.114561,1236,51,-,e,A1Pi,9,-1,0.0,-1.0,b,1.78338,2.9e-22
27496,52582.124487,1236,51,-,e,A1Pi,10,-1,0.0,-1.0,b,1.79871,1.8e-21
27502,53223.541538,1236,51,-,e,A1Pi,11,-1,0.0,-1.0,b,1.81434,9.7e-21
27508,53851.701839,1236,51,-,e,A1Pi,12,-1,0.0,-1.0,b,1.83021,4.9e-20
27516,54466.996913,1236,51,-,e,A1Pi,13,-1,0.0,-1.0,b,1.8463,2.3e-19
27528,55069.846961,1236,51,-,e,A1Pi,14,-1,0.0,-1.0,b,1.86257,1.1e-18
27811,45467.350028,1260,52,+,e,A1Pi,0,1,0.0,1.0,b,1.66318,2.2e-29
27815,46244.038827,1260,52,+,e,A1Pi,1,1,0.0,1.0,b,1.6751,1.3e-29
27819,47008.182262,1260,52,+,e,A1Pi,2,1,0.0,1.0,b,1.68731,2.5e-29
27823,47759.38071,1260,52,+,e,A1Pi,3,1,0.0,1.0,b,1.69987,1.9e-28
27827,48497.258785,1260,52,+,e,A1Pi,4,1,0.0,1.0,b,1.71282,2.9e-27
27832,49221.495485,1260,52,+,e,A1Pi,5,1,0.0,1.0,b,1.72619,4.1e-26
27836,49931.846845,1260,52,+,e,A1Pi,6,1,0.0,1.0,b,1.73999,4.9e-25
27841,50628.16243,1260,52,+,e,A1Pi,7,1,0.0,1.0,b,1.75421,4.9e-24
27846,51310.395778,1260,52,+,e,A1Pi,8,1,0.0,1.0,b,1.76884,4e-23
27851,51978.608371,1260,52,+,e,A1Pi,9,1,0.0,1.0,b,1.78385,2.8e-22
27856,52632.966599,1260,52,+,e,A1Pi,10,1,0.0,1.0,b,1.79919,1.7e-21
27862,53273.731537,1260,52,+,e,A1Pi,11,1,0.0,1.0,b,1.81483,9.3e-21
27869,53901.241943,1260,52,+,e,A1Pi,12,1,0.0,1.0,b,1.83072,4.6e-20
27877,54515.891535,1260,52,+,e,A1Pi,13,1,0.0,1.0,b,1.84682,2.2e-19
27890,55118.102069,1260,52,+,e,A1Pi,14,1,0.0,1.0,b,1.8631,1e-18
28081,45467.125312,1260,52,-,f,A1Pi,0,-1,0.0,-1.0,b,1.66318,1.8e-29
28082,46243.817341,1260,52,-,f,A1Pi,1,-1,0.0,-1.0,b,1.6751,6e-30
28083,47007.964053,1260,52,-,f,A1Pi,2,-1,0.0,-1.0,b,1.68731,1.5e-29
28084,47759.165854,1260,52,-,f,A1Pi,3,-1,0.0,-1.0,b,1.69987,1.8e-28
28085,48497.047376,1260,52,-,f,A1Pi,4,-1,0.0,-1.0,b,1.71281,2.9e-27
28086,49221.287617,1260,52,-,f,A1Pi,5,-1,0.0,-1.0,b,1.72618,4.2e-26
28087,49931.642606,1260,52,-,f,A1Pi,6,-1,0.0,-1.0,b,1.73998,5.1e-25
28088,50627.961893,1260,52,-,f,A1Pi,7,-1,0.0,-1.0,b,1.75421,5.1e-24
28089,51310.198995,1260,52,-,f,A1Pi,8,-1,0.0,-1.0,b,1.76884,4.3e-23
28090,51978.415371,1260,52,-,f,A1Pi,9,-1,0.0,-1.0,b,1.78384,3e-22
28091,52632.777383,1260,52,-,f,A1Pi,10,-1,0.0,-1.0,b,1.79919,1.8e-21
28092,53273.546081,1260,52,-,f,A1Pi,11,-1,0.0,-1.0,b,1.81482,9.8e-21
28093,53901.060203,1260,52,-,f,A1Pi,12,-1,0.0,-1.0,b,1.83071,4.9e-20
28094,54515.71345,1260,52,-,f,A1Pi,13,-1,0.0,-1.0,b,1.84681,2.3e-19
28095,55117.927566,1260,52,-,f,A1Pi,14,-1,0.0,-1.0,b,1.8631,1.1e-18
28261,45525.179386,1284,53,+,f,A1Pi,0,1,0.0,1.0,b,1.66352,1.5e-29
28262,46301.288587,1284,53,+,f,A1Pi,1,1,0.0,1.0,b,1.67546,6.7e-30
28263,47064.845912,1284,53,+,f,A1Pi,2,1,0.0,1.0,b,1.68768,1.5e-29
28264,47815.448429,1284,53,+,f,A1Pi,3,1,0.0,1.0,b,1.70025,1.5e-28
28265,48552.718879,1284,53,+,f,A1Pi,4,1,0.0,1.0,b,1.71321,2.8e-27
28266,49276.335612,1284,53,+,f,A1Pi,5,1,0.0,1.0,b,1.72659,4e-26
28267,49986.055072,1284,53,+,f,A1Pi,6,1,0.0,1.0,b,1.74041,4.9e-25
28268,50681.728124,1284,53,+,f,A1Pi,7,1,0.0,1.0,b,1.75465,4.9e-24
28269,51363.310325,1284,53,+,f,A1Pi,8,1,0.0,1.0,b,1.76929,4.1e-23
28270,52030.865695,1284,53,+,f,A1Pi,9,1,0.0,1.0,b,1.78431,2.9e-22
28271,52684.563448,1284,53,+,f,A1Pi,10,1,0.0,1.0,b,1.79967,1.7e-21
28272,53324.667533,1284,53,+,f,A1Pi,11,1,0.0,1.0,b,1.81533,9.4e-21
28273,53951.519367,1284,53,+,f,A1Pi,12,1,0.0,1.0,b,1.83123,4.7e-20
28274,54565.514882,1284,53,+,f,A1Pi,13,1,0.0,1.0,b,1.84734,2.2e-19
28532,45525.412468,1284,53,-,e,A1Pi,0,-1,0.0,-1.0,b,1.66353,2.3e-29
28535,46301.518314,1284,53,-,e,A1Pi,1,-1,0.0,-1.0,b,1.67546,1.2e-29
28539,47065.072237,1284,53,-,e,A1Pi,2,-1,0.0,-1.0,b,1.68768,1.9e-29
28543,47815.671271,1284,53,-,e,A1Pi,3,-1,0.0,-1.0,b,1.70025,1.8e-28
28548,48552.938142,1284,53,-,e,A1Pi,4,-1,0.0,-1.0,b,1.71321,2.8e-27
28552,49276.551198,1284,53,-,e,A1Pi,5,-1,0.0,-1.0,b,1.7266,3.9e-26
28556,49986.266889,1284,53,-,e,A1Pi,6,-1,0.0,-1.0,b,1.74041,4.7e-25
28561,50681.936097,1284,53,-,e,A1Pi,7,-1,0.0,-1.0,b,1.75465,4.7e-24
28566,51363.5144,1284,53,-,e,A1Pi,8,-1,0.0,-1.0,b,1.7693,3.9e-23
28571,52031.065844,1284,53,-,e,A1Pi,9,-1,0.0,-1.0,b,1.78432,2.7e-22
28576,52684.759671,1284,53,-,e,A1Pi,10,-1,0.0,-1.0,b,1.79968,1.7e-21
28582,53324.859853,1284,53,-,e,A1Pi,11,-1,0.0,-1.0,b,1.81533,8.9e-21
28589,53951.707832,1284,53,-,e,A1Pi,12,-1,0.0,-1.0,b,1.83123,4.4e-20
28597,54565.699556,1284,53,-,e,A1Pi,13,-1,0.0,-1.0,b,1.84735,2.1e-19
28892,45584.545533,1308,54,+,e,A1Pi,0,1,0.0,1.0,b,1.66388,2.1e-29
28896,46360.057226,1308,54,+,e,A1Pi,1,1,0.0,1.0,b,1.67583,1.1e-29
28900,47123.010246,1308,54,+,e,A1Pi,2,1,0.0,1.0,b,1.68806,1.9e-29
28904,47872.99824,1308,54,+,e,A1Pi,3,1,0.0,1.0,b,1.70064,1.8e-28
28908,48609.642023,1308,54,+,e,A1Pi,4,1,0.0,1.0,b,1.71362,2.7e-27
28912,49332.619301,1308,54,+,e,A1Pi,5,1,0.0,1.0,b,1.72702,3.7e-26
28917,50041.686968,1308,54,+,e,A1Pi,6,1,0.0,1.0,b,1.74085,4.5e-25
28921,50736.697263,1308,54,+,e,A1Pi,7,1,0.0,1.0,b,1.7551,4.5e-24
28926,51417.607864,1308,54,+,e,A1Pi,8,1,0.0,1.0,b,1.76976,3.8e-23
28931,52084.48544,1308,54,+,e,A1Pi,9,1,0.0,1.0,b,1.7848,2.6e-22
28937,52737.502153,1308,54,+,e,A1Pi,10,1,0.0,1.0,b,1.80018,1.6e-21
28943,53376.924933,1308,54,+,e,A1Pi,11,1,0.0,1.0,b,1.81584,8.6e-21
28949,54003.097953,1308,54,+,e,A1Pi,12,1,0.0,1.0,b,1.83176,4.2e-20
28958,54616.419422,1308,54,+,e,A1Pi,13,1,0.0,1.0,b,1.84789,2e-19
29161,45584.30395,1308,54,-,f,A1Pi,0,-1,0.0,-1.0,b,1.66388,1.6e-29
29162,46359.819123,1308,54,-,f,A1Pi,1,-1,0.0,-1.0,b,1.67582,6.4e-30
29163,47122.775674,1308,54,-,f,A1Pi,2,-1,0.0,-1.0,b,1.68805,1.1e-29
29164,47872.767282,1308,54,-,f,A1Pi,3,-1,0.0,-1.0,b,1.70064,1.5e-28
29165,48609.41478,1308,54,-,f,A1Pi,4,-1,0.0,-1.0,b,1.71361,2.6e-27
29166,49332.395874,1308,54,-,f,A1Pi,5,-1,0.0,-1.0,b,1.72701,3.8e-26
29167,50041.467451,1308,54,-,f,A1Pi,6,-1,0.0,-1.0,b,1.74084,4.7e-25
29168,50736.481736,1308,54,-,f,A1Pi,7,-1,0.0,-1.0,b,1.7551,4.7e-24
29169,51417.39638,1308,54,-,f,A1Pi,8,-1,0.0,-1.0,b,1.76976,4e-23
29170,52084.278028,1308,54,-,f,A1Pi,9,-1,0.0,-1.0,b,1.7848,2.8e-22
29171,52737.298814,1308,54,-,f,A1Pi,10,-1,0.0,-1.0,b,1.80017,1.7e-21
29172,53376.725639,1308,54,-,f,A1Pi,11,-1,0.0,-1.0,b,1.81584,9.1e-21
29173,54002.902656,1308,54,-,f,A1Pi,12,-1,0.0,-1.0,b,1.83175,4.5e-20
29174,54616.228054,1308,54,-,f,A1Pi,13,-1,0.0,-1.0,b,1.84788,2.1e-19
29341,45644.497602,1332,55,+,f,A1Pi,0,1,0.0,1.0,b,1.66424,1.9e-29
29342,46419.407537,1332,55,+,f,A1Pi,1,1,0.0,1.0,b,1.67619,8.5e-30
29343,47181.75191,1332,55,+,f,A1Pi,2,1,0.0,1.0,b,1.68844,1.3e-29
29344,47931.120964,1332,55,+,f,A1Pi,3,1,0.0,1.0,b,1.70103,1.5e-28
29345,48667.133607,1332,55,+,f,A1Pi,4,1,0.0,1.0,b,1.71402,2.5e-27
29346,49389.466909,1332,55,+,f,A1Pi,5,1,0.0,1.0,b,1.72744,3.6e-26
29347,50097.878228,1332,55,+,f,A1Pi,6,1,0.0,1.0,b,1.74128,4.4e-25
29348,50792.221191,1332,55,+,f,A1Pi,7,1,0.0,1.0,b,1.75556,4.5e-24
29349,51472.455605,1332,55,+,f,A1Pi,8,1,0.0,1.0,b,1.77023,3.8e-23
29350,52138.650802,1332,55,+,f,A1Pi,9,1,0.0,1.0,b,1.78529,2.7e-22
29351,52790.9819,1332,55,+,f,A1Pi,10,1,0.0,1.0,b,1.80068,1.6e-21
29352,53429.718817,1332,55,+,f,A1Pi,11,1,0.0,1.0,b,1.81636,8.7e-21
29353,54055.208483,1332,55,+,f,A1Pi,12,1,0.0,1.0,b,1.83229,4.3e-20
29354,54667.851384,1332,55,+,f,A1Pi,13,1,0.0,1.0,b,1.84843,2e-19
29612,45644.747822,1332,55,-,e,A1Pi,0,-1,0.0,-1.0,b,1.66424,2.4e-29
29616,46419.654149,1332,55,-,e,A1Pi,1,-1,0.0,-1.0,b,1.6762,1.3e-29
29620,47181.99486,1332,55,-,e,A1Pi,2,-1,0.0,-1.0,b,1.68844,2e-29
29624,47931.360166,1332,55,-,e,A1Pi,3,-1,0.0,-1.0,b,1.70104,1.7e-28
29628,48667.368956,1332,55,-,e,A1Pi,4,-1,0.0,-1.0,b,1.71403,2.5e-27
29632,49389.6983,1332,55,-,e,A1Pi,5,-1,0.0,-1.0,b,1.72744,3.5e-26
29637,50098.105564,1332,55,-,e,A1Pi,6,-1,0.0,-1.0,b,1.74129,4.3e-25
29641,50792.444391,1332,55,-,e,A1Pi,7,-1,0.0,-1.0,b,1.75556,4.3e-24
29646,51472.674614,1332,55,-,e,A1Pi,8,-1,0.0,-1.0,b,1.77024,3.6e-23
29651,52138.86559,1332,55,-,e,A1Pi,9,-1,0.0,-1.0,b,1.78529,2.5e-22
29657,52791.192468,1332,55,-,e,A1Pi,10,-1,0.0,-1.0,b,1.80068,1.5e-21
29663,53429.925192,1332,55,-,e,A1Pi,11,-1,0.0,-1.0,b,1.81636,8.2e-21
29670,54055.410718,1332,55,-,e,A1Pi,12,-1,0.0,-1.0,b,1.8323,4e-20
29679,54668.049549,1332,55,-,e,A1Pi,13,-1,0.0,-1.0,b,1.84844,1.9e-19
29972,45706.017906,1356,56,+,e,A1Pi,0,1,0.0,1.0,b,1.66461,1.8e-29
29976,46480.307642,1356,56,+,e,A1Pi,1,1,0.0,1.0,b,1.67658,1.1e-29
29980,47242.024621,1356,56,+,e,A1Pi,2,1,0.0,1.0,b,1.68883,1.9e-29
29984,47990.75557,1356,56,+,e,A1Pi,3,1,0.0,1.0,b,1.70144,1.6e-28
29988,48726.11744,1356,56,+,e,A1Pi,4,1,0.0,1.0,b,1.71445,2.3e-27
29992,49447.786672,1356,56,+,e,A1Pi,5,1,0.0,1.0,b,1.72788,3.3e-26
29997,50155.521131,1356,56,+,e,A1Pi,6,1,0.0,1.0,b,1.74174,4e-25
30002,50849.175914,1356,56,+,e,A1Pi,7,1,0.0,1.0,b,1.75603,4.1e-24
30006,51528.713063,1356,56,+,e,A1Pi,8,1,0.0,1.0,b,1.77072,3.4e-23
30012,52194.204694,1356,56,+,e,A1Pi,9,1,0.0,1.0,b,1.78579,2.4e-22
30017,52845.829004,1356,56,+,e,A1Pi,10,1,0.0,1.0,b,1.8012,1.5e-21
30023,53483.859015,1356,56,+,e,A1Pi,11,1,0.0,1.0,b,1.8169,7.8e-21
30030,54108.64451,1356,56,+,e,A1Pi,12,1,0.0,1.0,b,1.83284,3.8e-20
30039,54720.588321,1356,56,+,e,A1Pi,13,1,0.0,1.0,b,1.849,1.7e-19
30241,45705.758914,1356,56,-,f,A1Pi,0,-1,0.0,-1.0,b,1.66461,2e-29
30242,46480.052389,1356,56,-,f,A1Pi,1,-1,0.0,-1.0,b,1.67657,1.4e-29
30243,47241.773162,1356,56,-,f,A1Pi,2,-1,0.0,-1.0,b,1.68883,1.5e-29
30244,47990.507997,1356,56,-,f,A1Pi,3,-1,0.0,-1.0,b,1.70144,1.4e-28
30245,48725.873859,1356,56,-,f,A1Pi,4,-1,0.0,-1.0,b,1.71444,2.3e-27
30246,49447.547193,1356,56,-,f,A1Pi,5,-1,0.0,-1.0,b,1.72787,3.4e-26
30247,50155.285855,1356,56,-,f,A1Pi,6,-1,0.0,-1.0,b,1.74173,4.2e-25
30248,50848.944924,1356,56,-,f,A1Pi,7,-1,0.0,-1.0,b,1.75602,4.2e-24
30249,51528.486416,1356,56,-,f,A1Pi,8,-1,0.0,-1.0,b,1.77072,3.6e-23
30250,52193.982419,1356,56,-,f,A1Pi,9,-1,0.0,-1.0,b,1.78579,2.6e-22
30251,52845.6111,1356,56,-,f,A1Pi,10,-1,0.0,-1.0,b,1.8012,1.5e-21
30252,53483.645451,1356,56,-,f,A1Pi,11,-1,0.0,-1.0,b,1.81689,8.2e-21
30253,54108.435233,1356,56,-,f,A1Pi,12,-1,0.0,-1.0,b,1.83284,4e-20
30254,54720.383256,1356,56,-,f,A1Pi,13,-1,0.0,-1.0,b,1.84899,1.9e-19
30421,45768.086433,1380,57,+,f,A1Pi,0,1,0.0,1.0,b,1.66498,1.8e-29
30422,46541.752211,1380,57,+,f,A1Pi,1,1,0.0,1.0,b,1.67696,1e-29
30423,47302.837946,1380,57,+,f,A1Pi,2,1,0.0,1.0,b,1.68922,1.7e-29
30424,48050.926875,1380,57,+,f,A1Pi,3,1,0.0,1.0,b,1.70185,1.4e-28
30425,48785.63401,1380,57,+,f,A1Pi,4,1,0.0,1.0,b,1.71487,2.1e-27
30426,49506.635175,1380,57,+,f,A1Pi,5,1,0.0,1.0,b,1.72831,3.1e-26
30427,50213.688759,1380,57,+,f,A1Pi,6,1,0.0,1.0,b,1.74219,3.9e-25
30428,50906.651337,1380,57,+,f,A1Pi,7,1,0.0,1.0,b,1.7565,4e-24
30429,51585.487198,1380,57,+,f,A1Pi,8,1,0.0,1.0,b,1.77121,3.4e-23
30430,52250.271248,1380,57,+,f,A1Pi,9,1,0.0,1.0,b,1.7863,2.4e-22
30431,52901.184771,1380,57,+,f,A1Pi,10,1,0.0,1.0,b,1.80172,1.5e-21
30432,53538.503896,1380,57,+,f,A1Pi,11,1,0.0,1.0,b,1.81744,7.8e-21
30433,54162.581259,1380,57,+,f,A1Pi,12,1,0.0,1.0,b,1.8334,3.8e-20
30434,54773.822027,1380,57,+,f,A1Pi,13,1,0.0,1.0,b,1.84956,1.7e-19
30692,45768.354329,1380,57,-,e,A1Pi,0,-1,0.0,-1.0,b,1.66498,2.7e-29
30696,46542.016236,1380,57,-,e,A1Pi,1,-1,0.0,-1.0,b,1.67696,1.2e-29
30700,47303.098041,1380,57,-,e,A1Pi,2,-1,0.0,-1.0,b,1.68923,2.1e-29
30704,48051.182946,1380,57,-,e,A1Pi,3,-1,0.0,-1.0,b,1.70185,1.6e-28
30708,48785.885945,1380,57,-,e,A1Pi,4,-1,0.0,-1.0,b,1.71487,2.2e-27
30713,49506.882862,1380,57,-,e,A1Pi,5,-1,0.0,-1.0,b,1.72832,3.1e-26
30717,50213.932092,1380,57,-,e,A1Pi,6,-1,0.0,-1.0,b,1.7422,3.7e-25
30722,50906.890233,1380,57,-,e,A1Pi,7,-1,0.0,-1.0,b,1.75651,3.8e-24
30727,51585.721597,1380,57,-,e,A1Pi,8,-1,0.0,-1.0,b,1.77122,3.2e-23
30732,52250.501121,1380,57,-,e,A1Pi,9,-1,0.0,-1.0,b,1.78631,2.3e-22
30737,52901.41012,1380,57,-,e,A1Pi,10,-1,0.0,-1.0,b,1.80173,1.4e-21
30744,53538.724753,1380,57,-,e,A1Pi,11,-1,0.0,-1.0,b,1.81744,7.3e-21
30751,54162.797682,1380,57,-,e,A1Pi,12,-1,0.0,-1.0,b,1.8334,3.5e-20
30760,54774.034092,1380,57,-,e,A1Pi,13,-1,0.0,-1.0,b,1.84957,1.6e-19
31052,45831.75561,1404,58,+,e,A1Pi,0,1,0.0,1.0,b,1.66537,2.5e-29
31056,46604.778436,1404,58,+,e,A1Pi,1,1,0.0,1.0,b,1.67735,9.9e-30
31060,47365.213608,1404,58,+,e,A1Pi,2,1,0.0,1.0,b,1.68963,2.3e-29
31064,48112.640759,1404,58,+,e,A1Pi,3,1,0.0,1.0,b,1.70227,1.4e-28
31068,48846.672914,1404,58,+,e,A1Pi,4,1,0.0,1.0,b,1.71531,2e-27
31073,49566.985288,1404,58,+,e,A1Pi,5,1,0.0,1.0,b,1.72877,2.9e-26
31077,50273.336842,1404,58,+,e,A1Pi,6,1,0.0,1.0,b,1.74267,3.5e-25
31082,50965.58572,1404,58,+,e,A1Pi,7,1,0.0,1.0,b,1.75699,3.6e-24
31087,51643.698567,1404,58,+,e,A1Pi,8,1,0.0,1.0,b,1.77172,3e-23
31092,52307.753208,1404,58,+,e,A1Pi,9,1,0.0,1.0,b,1.78683,2.2e-22
31098,52957.934144,1404,58,+,e,A1Pi,10,1,0.0,1.0,b,1.80227,1.3e-21
31104,53594.52073,1404,58,+,e,A1Pi,11,1,0.0,1.0,b,1.81799,6.9e-21
31111,54217.868552,1404,58,+,e,A1Pi,12,1,0.0,1.0,b,1.83397,3.3e-20
31121,54828.385184,1404,58,+,e,A1Pi,13,1,0.0,1.0,b,1.85015,1.5e-19
31321,45831.478678,1404,58,-,f,A1Pi,0,-1,0.0,-1.0,b,1.66536,1.7e-29
31322,46604.505509,1404,58,-,f,A1Pi,1,-1,0.0,-1.0,b,1.67735,1.1e-29
31323,47364.944749,1404,58,-,f,A1Pi,2,-1,0.0,-1.0,b,1.68963,1.4e-29
31324,48112.376066,1404,58,-,f,A1Pi,3,-1,0.0,-1.0,b,1.70227,1.3e-28
31325,48846.412501,1404,58,-,f,A1Pi,4,-1,0.0,-1.0,b,1.7153,2e-27
31326,49566.729274,1404,58,-,f,A1Pi,5,-1,0.0,-1.0,b,1.72877,2.9e-26
31327,50273.085334,1404,58,-,f,A1Pi,6,-1,0.0,-1.0,b,1.74266,3.6e-25
31328,50965.338804,1404,58,-,f,A1Pi,7,-1,0.0,-1.0,b,1.75699,3.7e-24
31329,51643.456304,1404,58,-,f,A1Pi,8,-1,0.0,-1.0,b,1.77172,3.2e-23
31330,52307.515628,1404,58,-,f,A1Pi,9,-1,0.0,-1.0,b,1.78682,2.3e-22
31331,52957.701243,1404,58,-,f,A1Pi,10,-1,0.0,-1.0,b,1.80226,1.4e-21
31332,53594.292475,1404,58,-,f,A1Pi,11,-1,0.0,-1.0,b,1.81799,7.4e-21
31333,54217.644882,1404,58,-,f,A1Pi,12,-1,0.0,-1.0,b,1.83396,3.5e-20
31334,54828.166018,1404,58,-,f,A1Pi,13,-1,0.0,-1.0,b,1.85015,1.6e-19
31501,45895.934141,1428,59,+,f,A1Pi,0,1,0.0,1.0,b,1.66575,1.6e-29
31502,46668.310763,1428,59,+,f,A1Pi,1,1,0.0,1.0,b,1.67775,9.7e-30
31503,47428.092032,1428,59,+,f,A1Pi,2,1,0.0,1.0,b,1.69004,1.4e-29
31504,48174.854008,1428,59,+,f,A1Pi,3,1,0.0,1.0,b,1.70269,1.2e-28
31505,48908.207748,1428,59,+,f,A1Pi,4,1,0.0,1.0,b,1.71575,1.8e-27
31506,49627.827879,1428,59,+,f,A1Pi,5,1,0.0,1.0,b,1.72923,2.7e-26
31507,50333.473945,1428,59,+,f,A1Pi,6,1,0.0,1.0,b,1.74314,3.4e-25
31508,51025.005668,1428,59,+,f,A1Pi,7,1,0.0,1.0,b,1.75748,3.5e-24
31509,51702.392059,1428,59,+,f,A1Pi,8,1,0.0,1.0,b,1.77223,3e-23
31510,52365.713869,1428,59,+,f,A1Pi,9,1,0.0,1.0,b,1.78735,2.2e-22
31511,53015.158814,1428,59,+,f,A1Pi,10,1,0.0,1.0,b,1.80281,1.3e-21
31512,53651.009478,1428,59,+,f,A1Pi,11,1,0.0,1.0,b,1.81855,7e-21
31513,54273.624391,1428,59,+,f,A1Pi,12,1,0.0,1.0,b,1.83454,3.3e-20
31514,54883.413523,1428,59,+,f,A1Pi,13,1,0.0,1.0,b,1.85074,1.5e-19
31772,45896.220241,1428,59,-,e,A1Pi,0,-1,0.0,-1.0,b,1.66575,2e-29
31776,46668.59272,1428,59,-,e,A1Pi,1,-1,0.0,-1.0,b,1.67775,1.3e-29
31780,47428.369782,1428,59,-,e,A1Pi,2,-1,0.0,-1.0,b,1.69005,2.5e-29
31784,48175.127447,1428,59,-,e,A1Pi,3,-1,0.0,-1.0,b,1.7027,1.4e-28
31789,48908.476759,1428,59,-,e,A1Pi,4,-1,0.0,-1.0,b,1.71575,1.9e-27
31793,49628.092339,1428,59,-,e,A1Pi,5,-1,0.0,-1.0,b,1.72923,2.7e-26
31797,50333.733744,1428,59,-,e,A1Pi,6,-1,0.0,-1.0,b,1.74315,3.3e-25
31802,51025.260717,1428,59,-,e,A1Pi,7,-1,0.0,-1.0,b,1.75749,3.4e-24
31807,51702.642296,1428,59,-,e,A1Pi,8,-1,0.0,-1.0,b,1.77224,2.9e-23
31812,52365.959264,1428,59,-,e,A1Pi,9,-1,0.0,-1.0,b,1.78736,2.1e-22
31818,53015.399372,1428,59,-,e,A1Pi,10,-1,0.0,-1.0,b,1.80281,1.2e-21
31824,53651.245235,1428,59,-,e,A1Pi,11,-1,0.0,-1.0,b,1.81856,6.6e-21
31832,54273.855411,1428,59,-,e,A1Pi,12,-1,0.0,-1.0,b,1.83455,3.1e-20
31842,54883.639888,1428,59,-,e,A1Pi,13,-1,0.0,-1.0,b,1.85075,1.4e-19
32132,45961.746685,1452,60,+,e,A1Pi,0,1,0.0,1.0,b,1.66615,2.5e-29
32136,46733.457539,1452,60,+,e,A1Pi,1,1,0.0,1.0,b,1.67816,1.2e-29
32140,47492.564993,1452,60,+,e,A1Pi,2,1,0.0,1.0,b,1.69047,2.3e-29
32145,48238.641419,1452,60,+,e,A1Pi,3,1,0.0,1.0,b,1.70313,1.3e-28
32149,48971.295864,1452,60,+,e,A1Pi,4,1,0.0,1.0,b,1.7162,1.7e-27
32153,49690.202373,1452,60,+,e,A1Pi,5,1,0.0,1.0,b,1.7297,2.5e-26
32158,50395.121133,1452,60,+,e,A1Pi,6,1,0.0,1.0,b,1.74363,3e-25
32162,51085.913534,1452,60,+,e,A1Pi,7,1,0.0,1.0,b,1.75799,3.1e-24
32167,51762.551075,1452,60,+,e,A1Pi,8,1,0.0,1.0,b,1.77276,2.7e-23
32173,52425.117562,1452,60,+,e,A1Pi,9,1,0.0,1.0,b,1.7879,2e-22
32178,53073.804069,1452,60,+,e,A1Pi,10,1,0.0,1.0,b,1.80337,1.2e-21
32185,53708.896527,1452,60,+,e,A1Pi,11,1,0.0,1.0,b,1.81913,6.2e-21
32192,54330.756514,1452,60,+,e,A1Pi,12,1,0.0,1.0,b,1.83514,2.9e-20
32203,54939.796464,1452,60,+,e,A1Pi,13,1,0.0,1.0,b,1.85135,1.3e-19
32401,45961.451287,1452,60,-,f,A1Pi,0,-1,0.0,-1.0,b,1.66614,2.2e-29
32402,46733.166424,1452,60,-,f,A1Pi,1,-1,0.0,-1.0,b,1.67816,1.5e-29
32403,47492.278229,1452,60,-,f,A1Pi,2,-1,0.0,-1.0,b,1.69046,1.6e-29
32404,48238.359111,1452,60,-,f,A1Pi,3,-1,0.0,-1.0,b,1.70313,1.1e-28
32405,48971.018136,1452,60,-,f,A1Pi,4,-1,0.0,-1.0,b,1.7162,1.7e-27
32406,49689.929349,1452,60,-,f,A1Pi,5,-1,0.0,-1.0,b,1.72969,2.5e-26
32407,50394.852928,1452,60,-,f,A1Pi,6,-1,0.0,-1.0,b,1.74363,3.1e-25
32408,51085.65024,1452,60,-,f,A1Pi,7,-1,0.0,-1.0,b,1.75799,3.3e-24
32409,51762.292755,1452,60,-,f,A1Pi,8,-1,0.0,-1.0,b,1.77275,2.9e-23
32410,52424.864245,1452,60,-,f,A1Pi,9,-1,0.0,-1.0,b,1.78789,2.1e-22
32411,53073.555749,1452,60,-,f,A1Pi,10,-1,0.0,-1.0,b,1.80337,1.3e-21
32412,53708.653166,1452,60,-,f,A1Pi,11,-1,0.0,-1.0,b,1.81913,6.6e-21
32413,54330.518047,1452,60,-,f,A1Pi,12,-1,0.0,-1.0,b,1.83513,3.1e-20
32414,54939.562802,1452,60,-,f,A1Pi,13,-1,0.0,-1.0,b,1.85134,1.4e-19
32581,46028.028558,1476,61,+,f,A1Pi,0,1,0.0,1.0,b,1.66655,2e-29
32582,46799.070917,1476,61,+,f,A1Pi,1,1,0.0,1.0,b,1.67857,1.1e-29
32583,47557.501744,1476,61,+,f,A1Pi,2,1,0.0,1.0,b,1.69089,1.4e-29
32584,48302.889757,1476,61,+,f,A1Pi,3,1,0.0,1.0,b,1.70357,1.1e-28
32585,49034.842021,1476,61,+,f,A1Pi,4,1,0.0,1.0,b,1.71666,1.6e-27
32586,49753.032017,1476,61,+,f,A1Pi,5,1,0.0,1.0,b,1.73017,2.3e-26
32587,50457.220587,1476,61,+,f,A1Pi,6,1,0.0,1.0,b,1.74412,2.9e-25
32588,51147.270803,1476,61,+,f,A1Pi,7,1,0.0,1.0,b,1.7585,3e-24
32589,51823.156652,1476,61,+,f,A1Pi,8,1,0.0,1.0,b,1.77328,2.7e-23
32590,52484.965004,1476,61,+,f,A1Pi,9,1,0.0,1.0,b,1.78844,1.9e-22
32591,53132.890283,1476,61,+,f,A1Pi,10,1,0.0,1.0,b,1.80393,1.2e-21
32592,53767.221768,1476,61,+,f,A1Pi,11,1,0.0,1.0,b,1.81971,6.2e-21
32593,54388.324075,1476,61,+,f,A1Pi,12,1,0.0,1.0,b,1.83573,2.9e-20
32594,54996.612085,1476,61,+,f,A1Pi,13,1,0.0,1.0,b,1.85196,1.3e-19
32853,46028.33338,1476,61,-,e,A1Pi,0,-1,0.0,-1.0,b,1.66655,2.1e-29
32857,46799.371315,1476,61,-,e,A1Pi,1,-1,0.0,-1.0,b,1.67858,1.1e-29
32861,47557.797647,1476,61,-,e,A1Pi,2,-1,0.0,-1.0,b,1.6909,2.6e-29
32865,48303.181055,1476,61,-,e,A1Pi,3,-1,0.0,-1.0,b,1.70358,1.2e-28
32869,49035.128586,1476,61,-,e,A1Pi,4,-1,0.0,-1.0,b,1.71666,1.6e-27
32873,49753.313719,1476,61,-,e,A1Pi,5,-1,0.0,-1.0,b,1.73018,2.2e-26
32878,50457.49731,1476,61,-,e,A1Pi,6,-1,0.0,-1.0,b,1.74413,2.8e-25
32883,51147.542452,1476,61,-,e,A1Pi,7,-1,0.0,-1.0,b,1.75851,2.9e-24
32888,51823.423164,1476,61,-,e,A1Pi,8,-1,0.0,-1.0,b,1.77329,2.5e-23
32893,52485.226348,1476,61,-,e,A1Pi,9,-1,0.0,-1.0,b,1.78845,1.8e-22
32899,53133.146468,1476,61,-,e,A1Pi,10,-1,0.0,-1.0,b,1.80394,1.1e-21
32905,53767.472833,1476,61,-,e,A1Pi,11,-1,0.0,-1.0,b,1.81972,5.8e-21
32913,54388.57009,1476,61,-,e,A1Pi,12,-1,0.0,-1.0,b,1.83574,2.7e-20
32924,54996.853141,1476,61,-,e,A1Pi,13,-1,0.0,-1.0,b,1.85197,1.2e-19
33213,46095.978738,1500,62,+,e,A1Pi,0,1,0.0,1.0,b,1.66696,2.2e-29
33217,46866.332446,1500,62,+,e,A1Pi,1,1,0.0,1.0,b,1.679,1.7e-29
33221,47624.066119,1500,62,+,e,A1Pi,2,1,0.0,1.0,b,1.69133,2.1e-29
33225,48368.744708,1500,62,+,e,A1Pi,3,1,0.0,1.0,b,1.70403,1e-28
33229,49099.97325,1500,62,+,e,A1Pi,4,1,0.0,1.0,b,1.71713,1.5e-27
33234,49817.424677,1500,62,+,e,A1Pi,5,1,0.0,1.0,b,1.73066,2e-26
33238,50520.860551,1500,62,+,e,A1Pi,6,1,0.0,1.0,b,1.74463,2.5e-25
33243,51210.14572,1500,62,+,e,A1Pi,7,1,0.0,1.0,b,1.75903,2.7e-24
33248,51885.256791,1500,62,+,e,A1Pi,8,1,0.0,1.0,b,1.77383,2.3e-23
33253,52546.283834,1500,62,+,e,A1Pi,9,1,0.0,1.0,b,1.78901,1.7e-22
33259,53193.42477,1500,62,+,e,A1Pi,10,1,0.0,1.0,b,1.80452,1e-21
33266,53826.972349,1500,62,+,e,A1Pi,11,1,0.0,1.0,b,1.82031,5.4e-21
33273,54447.294331,1500,62,+,e,A1Pi,12,1,0.0,1.0,b,1.83635,2.5e-20
33285,55054.808114,1500,62,+,e,A1Pi,13,1,0.0,1.0,b,1.85259,1.1e-19
33481,46095.664363,1500,62,-,f,A1Pi,0,-1,0.0,-1.0,b,1.66696,2e-29
33482,46866.02264,1500,62,-,f,A1Pi,1,-1,0.0,-1.0,b,1.67899,1.5e-29
33483,47623.760955,1500,62,-,f,A1Pi,2,-1,0.0,-1.0,b,1.69133,1.4e-29
33484,48368.444301,1500,62,-,f,A1Pi,3,-1,0.0,-1.0,b,1.70402,9.2e-29
33485,49099.677732,1500,62,-,f,A1Pi,4,-1,0.0,-1.0,b,1.71712,1.4e-27
33486,49817.134181,1500,62,-,f,A1Pi,5,-1,0.0,-1.0,b,1.73066,2e-26
33487,50520.575198,1500,62,-,f,A1Pi,6,-1,0.0,-1.0,b,1.74463,2.6e-25
33488,51209.865606,1500,62,-,f,A1Pi,7,-1,0.0,-1.0,b,1.75902,2.8e-24
33489,51884.981981,1500,62,-,f,A1Pi,8,-1,0.0,-1.0,b,1.77383,2.5e-23
33490,52546.014358,1500,62,-,f,A1Pi,9,-1,0.0,-1.0,b,1.789,1.8e-22
33491,53193.160619,1500,62,-,f,A1Pi,10,-1,0.0,-1.0,b,1.80451,1.1e-21
33492,53826.713481,1500,62,-,f,A1Pi,11,-1,0.0,-1.0,b,1.82031,5.8e-21
33493,54447.040672,1500,62,-,f,A1Pi,12,-1,0.0,-1.0,b,1.83634,2.7e-20
33494,55054.55957,1500,62,-,f,A1Pi,13,-1,0.0,-1.0,b,1.85259,1.2e-19
33661,46164.35709,1524,63,+,f,A1Pi,0,1,0.0,1.0,b,1.66737,2.5e-29
33662,46934.019962,1524,63,+,f,A1Pi,1,1,0.0,1.0,b,1.67942,1.1e-29
33663,47691.054212,1524,63,+,f,A1Pi,2,1,0.0,1.0,b,1.69177,1.1e-29
33664,48435.021067,1524,63,+,f,A1Pi,3,1,0.0,1.0,b,1.70448,9.1e-29
33665,49165.523567,1524,63,+,f,A1Pi,4,1,0.0,1.0,b,1.7176,1.2e-27
33666,49882.234115,1524,63,+,f,A1Pi,5,1,0.0,1.0,b,1.73115,1.9e-26
33667,50584.915004,1524,63,+,f,A1Pi,6,1,0.0,1.0,b,1.74514,2.4e-25
33668,51273.43287,1524,63,+,f,A1Pi,7,1,0.0,1.0,b,1.75956,2.6e-24
33669,51947.766942,1524,63,+,f,A1Pi,8,1,0.0,1.0,b,1.77438,2.3e-23
33670,52608.010491,1524,63,+,f,A1Pi,9,1,0.0,1.0,b,1.78957,1.7e-22
33671,53254.364927,1524,63,+,f,A1Pi,10,1,0.0,1.0,b,1.8051,1e-21
33672,53887.126469,1524,63,+,f,A1Pi,11,1,0.0,1.0,b,1.82091,5.4e-21
33673,54506.666,1524,63,+,f,A1Pi,12,1,0.0,1.0,b,1.83697,2.5e-20
33674,55113.403422,1524,63,+,f,A1Pi,13,1,0.0,1.0,b,1.85322,1.1e-19
33933,46164.681142,1524,63,-,e,A1Pi,0,-1,0.0,-1.0,b,1.66738,2.4e-29
33937,46934.339301,1524,63,-,e,A1Pi,1,-1,0.0,-1.0,b,1.67943,1.5e-29
33941,47691.368757,1524,63,-,e,A1Pi,2,-1,0.0,-1.0,b,1.69177,2.2e-29
33945,48435.330702,1524,63,-,e,A1Pi,3,-1,0.0,-1.0,b,1.70449,1e-28
33949,49165.828154,1524,63,-,e,A1Pi,4,-1,0.0,-1.0,b,1.71761,1.3e-27
33954,49882.533517,1524,63,-,e,A1Pi,5,-1,0.0,-1.0,b,1.73116,1.8e-26
33958,50585.209098,1524,63,-,e,A1Pi,6,-1,0.0,-1.0,b,1.74514,2.3e-25
33963,51273.721556,1524,63,-,e,A1Pi,7,-1,0.0,-1.0,b,1.75956,2.5e-24
33968,51948.050155,1524,63,-,e,A1Pi,8,-1,0.0,-1.0,b,1.77439,2.2e-23
33974,52608.288202,1524,63,-,e,A1Pi,9,-1,0.0,-1.0,b,1.78958,1.6e-22
33979,53254.637145,1524,63,-,e,A1Pi,10,-1,0.0,-1.0,b,1.80511,9.7e-22
33986,53887.393239,1524,63,-,e,A1Pi,11,-1,0.0,-1.0,b,1.82092,5.1e-21
33994,54506.9274,1524,63,-,e,A1Pi,12,-1,0.0,-1.0,b,1.83697,2.3e-20
34006,55113.659549,1524,63,-,e,A1Pi,13,-1,0.0,-1.0,b,1.85323,1e-19
34293,46234.43895,1548,64,+,e,A1Pi,0,1,0.0,1.0,b,1.6678,2.2e-29
34297,47003.39022,1548,64,+,e,A1Pi,1,1,0.0,1.0,b,1.67986,1.6e-29
34301,47759.703884,1548,64,+,e,A1Pi,2,1,0.0,1.0,b,1.69222,2.4e-29
34305,48502.937333,1548,64,+,e,A1Pi,3,1,0.0,1.0,b,1.70495,9.1e-29
34310,49232.691567,1548,64,+,e,A1Pi,4,1,0.0,1.0,b,1.71809,1.2e-27
34314,49948.63848,1548,64,+,e,A1Pi,5,1,0.0,1.0,b,1.73166,1.7e-26
34319,50650.541164,1548,64,+,e,A1Pi,6,1,0.0,1.0,b,1.74567,2.1e-25
34323,51338.268149,1548,64,+,e,A1Pi,7,1,0.0,1.0,b,1.7601,2.3e-24
34328,52011.801421,1548,64,+,e,A1Pi,8,1,0.0,1.0,b,1.77495,2e-23
34334,52671.237599,1548,64,+,e,A1Pi,9,1,0.0,1.0,b,1.79016,1.5e-22
34340,53316.781732,1548,64,+,e,A1Pi,10,1,0.0,1.0,b,1.80571,9.1e-22
34347,53948.733635,1548,64,+,e,A1Pi,11,1,0.0,1.0,b,1.82154,4.7e-21
34355,54567.467428,1548,64,+,e,A1Pi,12,1,0.0,1.0,b,1.83761,2.2e-20
34561,46234.105096,1548,64,-,f,A1Pi,0,-1,0.0,-1.0,b,1.6678,2.4e-29
34562,47003.061228,1548,64,-,f,A1Pi,1,-1,0.0,-1.0,b,1.67986,1.2e-29
34563,47759.379837,1548,64,-,f,A1Pi,2,-1,0.0,-1.0,b,1.69222,1.5e-29
34564,48502.618353,1548,64,-,f,A1Pi,3,-1,0.0,-1.0,b,1.70495,8.3e-29
34565,49232.377795,1548,64,-,f,A1Pi,4,-1,0.0,-1.0,b,1.71808,1.1e-27
34566,49948.330058,1548,64,-,f,A1Pi,5,-1,0.0,-1.0,b,1.73165,1.7e-26
34567,50650.238219,1548,64,-,f,A1Pi,6,-1,0.0,-1.0,b,1.74566,2.2e-25
34568,51337.970783,1548,64,-,f,A1Pi,7,-1,0.0,-1.0,b,1.7601,2.4e-24
34569,52011.509701,1548,64,-,f,A1Pi,8,-1,0.0,-1.0,b,1.77494,2.1e-23
34570,52670.951553,1548,64,-,f,A1Pi,9,-1,0.0,-1.0,b,1.79016,1.6e-22
34571,53316.501348,1548,64,-,f,A1Pi,10,-1,0.0,-1.0,b,1.8057,9.6e-22
34572,53948.458866,1548,64,-,f,A1Pi,11,-1,0.0,-1.0,b,1.82153,5e-21
34573,54567.198193,1548,64,-,f,A1Pi,12,-1,0.0,-1.0,b,1.8376,2.3e-20
34741,46304.906714,1572,65,+,f,A1Pi,0,1,0.0,1.0,b,1.66823,2.7e-29
34742,47073.144753,1572,65,+,f,A1Pi,1,1,0.0,1.0,b,1.6803,1e-29
34743,47828.736124,1572,65,+,f,A1Pi,2,1,0.0,1.0,b,1.69268,1.6e-29
34744,48571.234428,1572,65,+,f,A1Pi,3,1,0.0,1.0,b,1.70542,7.2e-29
34745,49300.238658,1572,65,+,f,A1Pi,4,1,0.0,1.0,b,1.71858,1e-27
34746,50015.420223,1572,65,+,f,A1Pi,5,1,0.0,1.0,b,1.73216,1.5e-26
34747,50716.543028,1572,65,+,f,A1Pi,6,1,0.0,1.0,b,1.74619,2e-25
34748,51403.477504,1572,65,+,f,A1Pi,7,1,0.0,1.0,b,1.76065,2.2e-24
34749,52076.208394,1572,65,+,f,A1Pi,8,1,0.0,1.0,b,1.77551,2e-23
34750,52734.835663,1572,65,+,f,A1Pi,9,1,0.0,1.0,b,1.79075,1.5e-22
34751,53379.567988,1572,65,+,f,A1Pi,10,1,0.0,1.0,b,1.80631,9e-22
34752,54010.708773,1572,65,+,f,A1Pi,11,1,0.0,1.0,b,1.82216,4.7e-21
34753,54628.635351,1572,65,+,f,A1Pi,12,1,0.0,1.0,b,1.83825,2.2e-20
35013,46305.250493,1572,65,-,e,A1Pi,0,-1,0.0,-1.0,b,1.66823,2.6e-29
35017,47073.483519,1572,65,-,e,A1Pi,1,-1,0.0,-1.0,b,1.68031,1.5e-29
35021,47829.069791,1572,65,-,e,A1Pi,2,-1,0.0,-1.0,b,1.69268,2e-29
35025,48571.562869,1572,65,-,e,A1Pi,3,-1,0.0,-1.0,b,1.70543,9.6e-29
35030,49300.561727,1572,65,-,e,A1Pi,4,-1,0.0,-1.0,b,1.71858,1.1e-27
35034,50015.737774,1572,65,-,e,A1Pi,5,-1,0.0,-1.0,b,1.73217,1.5e-26
35039,50716.854931,1572,65,-,e,A1Pi,6,-1,0.0,-1.0,b,1.7462,1.9e-25
35044,51403.783655,1572,65,-,e,A1Pi,7,-1,0.0,-1.0,b,1.76065,2.1e-24
35049,52076.508725,1572,65,-,e,A1Pi,8,-1,0.0,-1.0,b,1.77552,1.9e-23
35054,52735.130146,1572,65,-,e,A1Pi,9,-1,0.0,-1.0,b,1.79075,1.4e-22
35060,53379.856635,1572,65,-,e,A1Pi,10,-1,0.0,-1.0,b,1.80632,8.5e-22
35067,54010.991636,1572,65,-,e,A1Pi,11,-1,0.0,-1.0,b,1.82217,4.4e-21
35075,54628.912514,1572,65,-,e,A1Pi,12,-1,0.0,-1.0,b,1.83825,2e-20
35373,46377.114073,1596,66,+,e,A1Pi,0,1,0.0,1.0,b,1.66867,2.3e-29
35377,47144.617485,1596,66,+,e,A1Pi,1,1,0.0,1.0,b,1.68076,1.8e-29
35381,47899.464743,1596,66,+,e,A1Pi,2,1,0.0,1.0,b,1.69315,2e-29
35386,48641.205547,1596,66,+,e,A1Pi,3,1,0.0,1.0,b,1.70591,8.6e-29
35390,49369.436844,1596,66,+,e,A1Pi,4,1,0.0,1.0,b,1.71908,9.9e-28
35394,50083.82958,1596,66,+,e,A1Pi,5,1,0.0,1.0,b,1.73269,1.3e-26
35399,50784.14855,1596,66,+,e,A1Pi,6,1,0.0,1.0,b,1.74674,1.7e-25
35404,51470.266199,1596,66,+,e,A1Pi,7,1,0.0,1.0,b,1.76122,1.9e-24
35409,52142.170169,1596,66,+,e,A1Pi,8,1,0.0,1.0,b,1.7761,1.7e-23
35415,52799.963926,1596,66,+,e,A1Pi,9,1,0.0,1.0,b,1.79135,1.3e-22
35421,53443.859931,1596,66,+,e,A1Pi,10,1,0.0,1.0,b,1.80694,7.9e-22
35427,54074.165311,1596,66,+,e,A1Pi,11,1,0.0,1.0,b,1.8228,4.1e-21
35436,54691.260725,1596,66,+,e,A1Pi,12,1,0.0,1.0,b,1.83891,1.9e-20
35641,46376.760247,1596,66,-,f,A1Pi,0,-1,0.0,-1.0,b,1.66866,1.7e-29
35642,47144.268826,1596,66,-,f,A1Pi,1,-1,0.0,-1.0,b,1.68075,9.6e-30
35643,47899.12134,1596,66,-,f,A1Pi,2,-1,0.0,-1.0,b,1.69314,1.3e-29
35644,48640.867531,1596,66,-,f,A1Pi,3,-1,0.0,-1.0,b,1.7059,7e-29
35645,49369.104367,1596,66,-,f,A1Pi,4,-1,0.0,-1.0,b,1.71908,8.9e-28
35646,50083.502791,1596,66,-,f,A1Pi,5,-1,0.0,-1.0,b,1.73268,1.3e-26
35647,50783.827583,1596,66,-,f,A1Pi,6,-1,0.0,-1.0,b,1.74673,1.8e-25
35648,51469.95116,1596,66,-,f,A1Pi,7,-1,0.0,-1.0,b,1.76121,2e-24
35649,52141.861127,1596,66,-,f,A1Pi,8,-1,0.0,-1.0,b,1.77609,1.8e-23
35650,52799.660908,1596,66,-,f,A1Pi,9,-1,0.0,-1.0,b,1.79135,1.3e-22
35651,53443.562923,1596,66,-,f,A1Pi,10,-1,0.0,-1.0,b,1.80693,8.4e-22
35652,54073.874259,1596,66,-,f,A1Pi,11,-1,0.0,-1.0,b,1.8228,4.4e-21
35653,54690.975541,1596,66,-,f,A1Pi,12,-1,0.0,-1.0,b,1.8389,2e-20
35821,46449.663975,1620,67,+,f,A1Pi,0,1,0.0,1.0,b,1.66911,2e-29
35822,47216.431707,1620,67,+,f,A1Pi,1,1,0.0,1.0,b,1.68121,1.4e-29
35823,47970.533723,1620,67,+,f,A1Pi,2,1,0.0,1.0,b,1.69362,1.9e-29
35824,48711.515874,1620,67,+,f,A1Pi,3,1,0.0,1.0,b,1.70639,7.6e-29
35825,49438.973102,1620,67,+,f,A1Pi,4,1,0.0,1.0,b,1.71959,8e-28
35826,50152.575914,1620,67,+,f,A1Pi,5,1,0.0,1.0,b,1.73321,1.2e-26
35827,50852.090006,1620,67,+,f,A1Pi,6,1,0.0,1.0,b,1.74728,1.5e-25
35828,51537.389845,1620,67,+,f,A1Pi,7,1,0.0,1.0,b,1.76178,1.7e-24
35829,52208.465971,1620,67,+,f,A1Pi,8,1,0.0,1.0,b,1.77668,1.6e-23
35830,52865.425344,1620,67,+,f,A1Pi,9,1,0.0,1.0,b,1.79196,1.2e-22
35831,53508.484196,1620,67,+,f,A1Pi,10,1,0.0,1.0,b,1.80756,7.7e-22
35832,54137.953362,1620,67,+,f,A1Pi,11,1,0.0,1.0,b,1.82345,4e-21
35833,54754.216799,1620,67,+,f,A1Pi,12,1,0.0,1.0,b,1.83957,1.8e-20
36093,46450.027967,1620,67,-,e,A1Pi,0,-1,0.0,-1.0,b,1.66912,2.4e-29
36097,47216.790377,1620,67,-,e,A1Pi,1,-1,0.0,-1.0,b,1.68121,1.9e-29
36102,47970.886978,1620,67,-,e,A1Pi,2,-1,0.0,-1.0,b,1.69362,2.8e-29
36106,48711.863577,1620,67,-,e,A1Pi,3,-1,0.0,-1.0,b,1.7064,8e-29
36110,49439.315098,1620,67,-,e,A1Pi,4,-1,0.0,-1.0,b,1.71959,8.8e-28
36115,50152.912049,1620,67,-,e,A1Pi,5,-1,0.0,-1.0,b,1.73322,1.2e-26
36119,50852.420142,1620,67,-,e,A1Pi,6,-1,0.0,-1.0,b,1.74729,1.5e-25
36124,51537.713874,1620,67,-,e,A1Pi,7,-1,0.0,-1.0,b,1.76179,1.7e-24
36129,52208.783824,1620,67,-,e,A1Pi,8,-1,0.0,-1.0,b,1.77669,1.5e-23
36135,52865.736994,1620,67,-,e,A1Pi,9,-1,0.0,-1.0,b,1.79197,1.2e-22
36141,53508.78966,1620,67,-,e,A1Pi,10,-1,0.0,-1.0,b,1.80757,7.3e-22
36148,54138.252696,1620,67,-,e,A1Pi,11,-1,0.0,-1.0,b,1.82345,3.8e-21
36157,54754.510094,1620,67,-,e,A1Pi,12,-1,0.0,-1.0,b,1.83958,1.7e-20
36454,46523.990423,1644,68,+,e,A1Pi,0,1,0.0,1.0,b,1.66957,1.9e-29
36458,47290.000427,1644,68,+,e,A1Pi,1,1,0.0,1.0,b,1.68168,2e-29
36462,48043.334704,1644,68,+,e,A1Pi,2,1,0.0,1.0,b,1.6941,2.1e-29
36466,48783.535142,1644,68,+,e,A1Pi,3,1,0.0,1.0,b,1.7069,8.3e-29
36470,49510.194641,1644,68,+,e,A1Pi,4,1,0.0,1.0,b,1.72011,8.1e-28
36475,50222.9833,1644,68,+,e,A1Pi,5,1,0.0,1.0,b,1.73376,1.1e-26
36480,50921.667797,1644,68,+,e,A1Pi,6,1,0.0,1.0,b,1.74785,1.3e-25
36484,51606.124745,1644,68,+,e,A1Pi,7,1,0.0,1.0,b,1.76237,1.5e-24
36490,52276.34773,1644,68,+,e,A1Pi,8,1,0.0,1.0,b,1.77729,1.4e-23
36495,52932.447371,1644,68,+,e,A1Pi,9,1,0.0,1.0,b,1.79259,1.1e-22
36501,53574.643831,1644,68,+,e,A1Pi,10,1,0.0,1.0,b,1.80821,6.7e-22
36509,54203.251792,1644,68,+,e,A1Pi,11,1,0.0,1.0,b,1.82411,3.5e-21
36518,54818.658626,1644,68,+,e,A1Pi,12,1,0.0,1.0,b,1.84025,1.6e-20
36721,46523.616146,1644,68,-,f,A1Pi,0,-1,0.0,-1.0,b,1.66956,1.8e-29
36722,47289.631629,1644,68,-,f,A1Pi,1,-1,0.0,-1.0,b,1.68167,1.2e-29
36723,48042.971483,1644,68,-,f,A1Pi,2,-1,0.0,-1.0,b,1.6941,1.4e-29
36724,48783.177639,1644,68,-,f,A1Pi,3,-1,0.0,-1.0,b,1.70689,6.1e-29
36725,49509.843016,1644,68,-,f,A1Pi,4,-1,0.0,-1.0,b,1.7201,7.1e-28
36726,50222.637713,1644,68,-,f,A1Pi,5,-1,0.0,-1.0,b,1.73375,1e-26
36727,50921.328388,1644,68,-,f,A1Pi,6,-1,0.0,-1.0,b,1.74784,1.4e-25
36728,51605.791623,1644,68,-,f,A1Pi,7,-1,0.0,-1.0,b,1.76236,1.6e-24
36729,52276.020967,1644,68,-,f,A1Pi,8,-1,0.0,-1.0,b,1.77728,1.5e-23
36730,52932.126993,1644,68,-,f,A1Pi,9,-1,0.0,-1.0,b,1.79258,1.1e-22
36731,53574.329819,1644,68,-,f,A1Pi,10,-1,0.0,-1.0,b,1.8082,7.1e-22
36732,54202.944086,1644,68,-,f,A1Pi,11,-1,0.0,-1.0,b,1.82411,3.7e-21
36733,54818.35713,1644,68,-,f,A1Pi,12,-1,0.0,-1.0,b,1.84025,1.7e-20
36901,46598.614986,1668,69,+,f,A1Pi,0,1,0.0,1.0,b,1.67002,2.4e-29
36902,47363.8668,1668,69,+,f,A1Pi,1,1,0.0,1.0,b,1.68215,1.4e-29
36903,48116.432802,1668,69,+,f,A1Pi,2,1,0.0,1.0,b,1.69459,1.8e-29
36904,48855.850979,1668,69,+,f,A1Pi,3,1,0.0,1.0,b,1.7074,5.8e-29
36905,49581.712233,1668,69,+,f,A1Pi,4,1,0.0,1.0,b,1.72063,6.1e-28
36906,50293.686278,1668,69,+,f,A1Pi,5,1,0.0,1.0,b,1.7343,9e-27
36907,50991.54079,1668,69,+,f,A1Pi,6,1,0.0,1.0,b,1.74841,1.2e-25
36908,51675.154528,1668,69,+,f,A1Pi,7,1,0.0,1.0,b,1.76295,1.4e-24
36909,52344.524126,1668,69,+,f,A1Pi,8,1,0.0,1.0,b,1.77789,1.3e-23
36910,52999.763846,1668,69,+,f,A1Pi,9,1,0.0,1.0,b,1.79321,1e-22
36911,53641.09777,1668,69,+,f,A1Pi,10,1,0.0,1.0,b,1.80886,6.6e-22
36912,54268.844404,1668,69,+,f,A1Pi,11,1,0.0,1.0,b,1.82478,3.5e-21
36913,54883.394504,1668,69,+,f,A1Pi,12,1,0.0,1.0,b,1.84094,1.6e-20
37174,46598.999665,1668,69,-,e,A1Pi,0,-1,0.0,-1.0,b,1.67003,2.6e-29
37178,47364.24584,1668,69,-,e,A1Pi,1,-1,0.0,-1.0,b,1.68215,1.2e-29
37182,48116.806101,1668,69,-,e,A1Pi,2,-1,0.0,-1.0,b,1.69459,2.7e-29
37186,48856.218391,1668,69,-,e,A1Pi,3,-1,0.0,-1.0,b,1.70741,6.4e-29
37191,49582.073593,1668,69,-,e,A1Pi,4,-1,0.0,-1.0,b,1.72064,7.1e-28
37195,50294.041422,1668,69,-,e,A1Pi,5,-1,0.0,-1.0,b,1.7343,9.3e-27
37200,50991.889574,1668,69,-,e,A1Pi,6,-1,0.0,-1.0,b,1.74841,1.2e-25
37205,51675.496841,1668,69,-,e,A1Pi,7,-1,0.0,-1.0,b,1.76295,1.3e-24
37210,52344.859895,1668,69,-,e,A1Pi,8,-1,0.0,-1.0,b,1.7779,1.3e-23
37216,53000.093047,1668,69,-,e,A1Pi,9,-1,0.0,-1.0,b,1.79322,9.8e-23
37222,53641.420423,1668,69,-,e,A1Pi,10,-1,0.0,-1.0,b,1.80886,6.2e-22
37229,54269.160573,1668,69,-,e,A1Pi,11,-1,0.0,-1.0,b,1.82479,3.3e-21
37239,54883.704289,1668,69,-,e,A1Pi,12,-1,0.0,-1.0,b,1.84094,1.5e-20
37534,46675.053887,1692,70,+,e,A1Pi,0,1,0.0,1.0,b,1.67049,2.3e-29
37538,47439.524793,1692,70,+,e,A1Pi,1,1,0.0,1.0,b,1.68263,1.8e-29
37542,48191.299323,1692,70,+,e,A1Pi,2,1,0.0,1.0,b,1.69509,1.9e-29
37546,48929.91145,1692,70,+,e,A1Pi,3,1,0.0,1.0,b,1.70792,6.9e-29
37551,49654.950046,1692,70,+,e,A1Pi,4,1,0.0,1.0,b,1.72117,6.3e-28
37555,50366.084475,1692,70,+,e,A1Pi,5,1,0.0,1.0,b,1.73486,8.2e-27
37560,51063.083501,1692,70,+,e,A1Pi,6,1,0.0,1.0,b,1.74899,1.1e-25
37565,51745.828162,1692,70,+,e,A1Pi,7,1,0.0,1.0,b,1.76355,1.2e-24
37570,52414.318293,1692,70,+,e,A1Pi,8,1,0.0,1.0,b,1.77852,1.2e-23
37576,53068.671979,1692,70,+,e,A1Pi,9,1,0.0,1.0,b,1.79386,9e-23
37582,53709.117379,1692,70,+,e,A1Pi,10,1,0.0,1.0,b,1.80953,5.7e-22
37590,54335.976976,1692,70,+,e,A1Pi,11,1,0.0,1.0,b,1.82547,3e-21
37600,54949.645021,1692,70,+,e,A1Pi,12,1,0.0,1.0,b,1.84164,1.4e-20
37801,46674.658689,1692,70,-,f,A1Pi,0,-1,0.0,-1.0,b,1.67049,2.7e-29
37802,47439.135397,1692,70,-,f,A1Pi,1,-1,0.0,-1.0,b,1.68263,1.2e-29
37803,48190.915834,1692,70,-,f,A1Pi,2,-1,0.0,-1.0,b,1.69508,1.8e-29
37804,48929.53402,1692,70,-,f,A1Pi,3,-1,0.0,-1.0,b,1.70791,5.3e-29
37805,49654.578844,1692,70,-,f,A1Pi,4,-1,0.0,-1.0,b,1.72116,5.5e-28
37806,50365.71967,1692,70,-,f,A1Pi,5,-1,0.0,-1.0,b,1.73485,7.8e-27
37807,51062.725241,1692,70,-,f,A1Pi,6,-1,0.0,-1.0,b,1.74898,1.1e-25
37808,51745.47656,1692,70,-,f,A1Pi,7,-1,0.0,-1.0,b,1.76355,1.2e-24
37809,52413.973422,1692,70,-,f,A1Pi,8,-1,0.0,-1.0,b,1.77852,1.2e-23
37810,53068.333862,1692,70,-,f,A1Pi,9,-1,0.0,-1.0,b,1.79385,9.5e-23
37811,53708.785994,1692,70,-,f,A1Pi,10,-1,0.0,-1.0,b,1.80952,6.1e-22
37812,54335.652256,1692,70,-,f,A1Pi,11,-1,0.0,-1.0,b,1.82546,3.2e-21
37813,54949.326861,1692,70,-,f,A1Pi,12,-1,0.0,-1.0,b,1.84164,1.4e-20
37981,46751.745426,1716,71,+,f,A1Pi,0,1,0.0,1.0,b,1.67096,2.4e-29
37982,47515.43557,1716,71,+,f,A1Pi,1,1,0.0,1.0,b,1.68311,1.5e-29
37983,48266.418704,1716,71,+,f,A1Pi,2,1,0.0,1.0,b,1.69559,1.5e-29
37984,49004.224857,1716,71,+,f,A1Pi,3,1,0.0,1.0,b,1.70844,5.5e-29
37985,49728.440914,1716,71,+,f,A1Pi,4,1,0.0,1.0,b,1.72171,4.8e-28
37986,50438.73592,1716,71,+,f,A1Pi,5,1,0.0,1.0,b,1.73541,6.8e-27
37987,51134.879738,1716,71,+,f,A1Pi,6,1,0.0,1.0,b,1.74957,9.2e-26
37988,51816.755687,1716,71,+,f,A1Pi,7,1,0.0,1.0,b,1.76415,1.1e-24
37989,52484.366802,1716,71,+,f,A1Pi,8,1,0.0,1.0,b,1.77915,1.1e-23
37990,53137.834967,1716,71,+,f,A1Pi,9,1,0.0,1.0,b,1.79451,8.6e-23
37991,53777.392407,1716,71,+,f,A1Pi,10,1,0.0,1.0,b,1.81019,5.6e-22
37992,54403.365548,1716,71,+,f,A1Pi,11,1,0.0,1.0,b,1.82615,3e-21
37993,55016.152108,1716,71,+,f,A1Pi,12,1,0.0,1.0,b,1.84235,1.3e-20
38254,46752.151256,1716,71,-,e,A1Pi,0,-1,0.0,-1.0,b,1.67097,2.8e-29
38258,47515.835435,1716,71,-,e,A1Pi,1,-1,0.0,-1.0,b,1.68312,2.2e-29
38262,48266.812492,1716,71,-,e,A1Pi,2,-1,0.0,-1.0,b,1.69559,2.3e-29
38267,49004.612412,1716,71,-,e,A1Pi,3,-1,0.0,-1.0,b,1.70844,6.2e-29
38271,49728.822061,1716,71,-,e,A1Pi,4,-1,0.0,-1.0,b,1.72171,5.7e-28
38276,50439.110487,1716,71,-,e,A1Pi,5,-1,0.0,-1.0,b,1.73542,7.1e-27
38280,51135.247573,1716,71,-,e,A1Pi,6,-1,0.0,-1.0,b,1.74958,9.2e-26
38285,51817.116675,1716,71,-,e,A1Pi,7,-1,0.0,-1.0,b,1.76416,1.1e-24
38291,52484.720869,1716,71,-,e,A1Pi,8,-1,0.0,-1.0,b,1.77915,1e-23
38296,53138.182091,1716,71,-,e,A1Pi,9,-1,0.0,-1.0,b,1.79452,8.1e-23
38303,53777.732612,1716,71,-,e,A1Pi,10,-1,0.0,-1.0,b,1.8102,5.2e-22
38310,54403.698907,1716,71,-,e,A1Pi,11,-1,0.0,-1.0,b,1.82616,2.8e-21
38321,55016.478728,1716,71,-,e,A1Pi,12,-1,0.0,-1.0,b,1.84236,1.3e-20
38614,46830.289914,1740,72,+,e,A1Pi,0,1,0.0,1.0,b,1.67145,2.2e-29
38618,47593.175887,1740,72,+,e,A1Pi,1,1,0.0,1.0,b,1.68362,1.9e-29
38623,48343.343705,1740,72,+,e,A1Pi,2,1,0.0,1.0,b,1.69611,2.5e-29
38627,49080.319342,1740,72,+,e,A1Pi,3,1,0.0,1.0,b,1.70897,5.8e-29
38631,49803.68767,1740,72,+,e,A1Pi,4,1,0.0,1.0,b,1.72226,4.8e-28
38636,50513.117455,1740,72,+,e,A1Pi,5,1,0.0,1.0,b,1.736,6.1e-27
38641,51208.379756,1740,72,+,e,A1Pi,6,1,0.0,1.0,b,1.75017,7.9e-26
38646,51889.360316,1740,72,+,e,A1Pi,7,1,0.0,1.0,b,1.76478,9.3e-25
38651,52556.065532,1740,72,+,e,A1Pi,8,1,0.0,1.0,b,1.7798,9.1e-24
38657,53208.621274,1740,72,+,e,A1Pi,9,1,0.0,1.0,b,1.79518,7.3e-23
38663,53847.264002,1740,72,+,e,A1Pi,10,1,0.0,1.0,b,1.81089,4.8e-22
38671,54472.324239,1740,72,+,e,A1Pi,11,1,0.0,1.0,b,1.82687,2.5e-21
38682,55084.203281,1740,72,+,e,A1Pi,12,1,0.0,1.0,b,1.84308,4.1e-16
38881,46829.873338,1740,72,-,f,A1Pi,0,-1,0.0,-1.0,b,1.67144,2.4e-29
38882,47592.765444,1740,72,-,f,A1Pi,1,-1,0.0,-1.0,b,1.68361,1.5e-29
38883,48342.939509,1740,72,-,f,A1Pi,2,-1,0.0,-1.0,b,1.6961,1.5e-29
38884,49079.921556,1740,72,-,f,A1Pi,3,-1,0.0,-1.0,b,1.70897,4.3e-29
38885,49803.296474,1740,72,-,f,A1Pi,4,-1,0.0,-1.0,b,1.72226,4.3e-28
38886,50512.733026,1740,72,-,f,A1Pi,5,-1,0.0,-1.0,b,1.73599,5.8e-27
38887,51208.002249,1740,72,-,f,A1Pi,6,-1,0.0,-1.0,b,1.75016,7.9e-26
38888,51888.989848,1740,72,-,f,A1Pi,7,-1,0.0,-1.0,b,1.76477,9.6e-25
38889,52555.702176,1740,72,-,f,A1Pi,8,-1,0.0,-1.0,b,1.77979,9.6e-24
38890,53208.265054,1740,72,-,f,A1Pi,9,-1,0.0,-1.0,b,1.79517,7.7e-23
38891,53846.914887,1740,72,-,f,A1Pi,10,-1,0.0,-1.0,b,1.81088,5e-22
38892,54471.982156,1740,72,-,f,A1Pi,11,-1,0.0,-1.0,b,1.82686,2.7e-21
38893,55083.868117,1740,72,-,f,A1Pi,12,-1,0.0,-1.0,b,1.84307,1.2e-20
39061,46909.040539,1764,73,+,f,A1Pi,0,1,0.0,1.0,b,1.67193,2.1e-29
39062,47671.123112,1764,73,+,f,A1Pi,1,1,0.0,1.0,b,1.68411,1.5e-29
39063,48420.476319,1764,73,+,f,A1Pi,2,1,0.0,1.0,b,1.69662,2.3e-29
39064,49156.622155,1764,73,+,f,A1Pi,3,1,0.0,1.0,b,1.70951,4.2e-29
39065,49879.143529,1764,73,+,f,A1Pi,4,1,0.0,1.0,b,1.72282,3.7e-28
39066,50587.708957,1764,73,+,f,A1Pi,5,1,0.0,1.0,b,1.73657,4.9e-27
39067,51282.090708,1764,73,+,f,A1Pi,6,1,0.0,1.0,b,1.75077,6.8e-26
39068,51962.176946,1764,73,+,f,A1Pi,7,1,0.0,1.0,b,1.7654,8.3e-25
39069,52627.977426,1764,73,+,f,A1Pi,8,1,0.0,1.0,b,1.78044,8.4e-24
39070,53279.621983,1764,73,+,f,A1Pi,9,1,0.0,1.0,b,1.79584,6.9e-23
39071,53917.351284,1764,73,+,f,A1Pi,10,1,0.0,1.0,b,1.81157,4.6e-22
39072,54541.499922,1764,73,+,f,A1Pi,11,1,0.0,1.0,b,1.82757,2.5e-21
39073,55152.472731,1764,73,+,f,A1Pi,12,1,0.0,1.0,b,1.84381,1.1e-20
39335,46909.467972,1764,73,-,e,A1Pi,0,-1,0.0,-1.0,b,1.67194,2.8e-29
39339,47671.544243,1764,73,-,e,A1Pi,1,-1,0.0,-1.0,b,1.68412,1.9e-29
39343,48420.891029,1764,73,-,e,A1Pi,2,-1,0.0,-1.0,b,1.69663,2.5e-29
39347,49157.030276,1764,73,-,e,A1Pi,3,-1,0.0,-1.0,b,1.70951,5.4e-29
39351,49879.544876,1764,73,-,e,A1Pi,4,-1,0.0,-1.0,b,1.72282,4.5e-28
39356,50588.103347,1764,73,-,e,A1Pi,5,-1,0.0,-1.0,b,1.73658,5.3e-27
39361,51282.477984,1764,73,-,e,A1Pi,6,-1,0.0,-1.0,b,1.75078,6.8e-26
39366,51962.556988,1764,73,-,e,A1Pi,7,-1,0.0,-1.0,b,1.76541,8e-25
39371,52628.350161,1764,73,-,e,A1Pi,8,-1,0.0,-1.0,b,1.78045,8.1e-24
39377,53279.987389,1764,73,-,e,A1Pi,9,-1,0.0,-1.0,b,1.79585,6.6e-23
39384,53917.709394,1764,73,-,e,A1Pi,10,-1,0.0,-1.0,b,1.81158,4.3e-22
39392,54541.850813,1764,73,-,e,A1Pi,11,-1,0.0,-1.0,b,1.82758,2.3e-21
39404,55152.816521,1764,73,-,e,A1Pi,12,-1,0.0,-1.0,b,1.84382,1.1e-20
39695,46989.683516,1788,74,+,e,A1Pi,0,1,0.0,1.0,b,1.67243,2.9e-29
39699,47750.938569,1788,74,+,e,A1Pi,1,1,0.0,1.0,b,1.68463,1.8e-29
39703,48499.452502,1788,74,+,e,A1Pi,2,1,0.0,1.0,b,1.69715,2.9e-29
39707,49234.743221,1788,74,+,e,A1Pi,3,1,0.0,1.0,b,1.71006,5.1e-29
39712,49956.391648,1788,74,+,e,A1Pi,4,1,0.0,1.0,b,1.72339,3.7e-28
39716,50664.066099,1788,74,+,e,A1Pi,5,1,0.0,1.0,b,1.73717,4.5e-27
39721,51357.540159,1788,74,+,e,A1Pi,6,1,0.0,1.0,b,1.75139,5.8e-26
39726,52036.704564,1788,74,+,e,A1Pi,7,1,0.0,1.0,b,1.76605,7e-25
39732,52701.572601,1788,74,+,e,A1Pi,8,1,0.0,1.0,b,1.78111,7.1e-24
39738,53352.278261,1788,74,+,e,A1Pi,9,1,0.0,1.0,b,1.79654,5.9e-23
39744,53989.066602,1788,74,+,e,A1Pi,10,1,0.0,1.0,b,1.81229,4e-22
39753,54612.276436,1788,74,+,e,A1Pi,11,1,0.0,1.0,b,1.82831,2.1e-21
39961,46989.245117,1788,74,-,f,A1Pi,0,-1,0.0,-1.0,b,1.67242,2.3e-29
39962,47750.506642,1788,74,-,f,A1Pi,1,-1,0.0,-1.0,b,1.68462,1.2e-29
39963,48499.027172,1788,74,-,f,A1Pi,2,-1,0.0,-1.0,b,1.69715,1.5e-29
39964,49234.324662,1788,74,-,f,A1Pi,3,-1,0.0,-1.0,b,1.71005,3.7e-29
39965,49955.980052,1788,74,-,f,A1Pi,4,-1,0.0,-1.0,b,1.72338,2.9e-28
39966,50663.66165,1788,74,-,f,A1Pi,5,-1,0.0,-1.0,b,1.73716,4.2e-27
39967,51357.143019,1788,74,-,f,A1Pi,6,-1,0.0,-1.0,b,1.75138,5.7e-26
39968,52036.314856,1788,74,-,f,A1Pi,7,-1,0.0,-1.0,b,1.76604,7.2e-25
39969,52701.190398,1788,74,-,f,A1Pi,8,-1,0.0,-1.0,b,1.7811,7.5e-24
39970,53351.903582,1788,74,-,f,A1Pi,9,-1,0.0,-1.0,b,1.79653,6.2e-23
39971,53988.699413,1788,74,-,f,A1Pi,10,-1,0.0,-1.0,b,1.81228,4.2e-22
39972,54611.916654,1788,74,-,f,A1Pi,11,-1,0.0,-1.0,b,1.8283,2.3e-21
40141,47070.485131,1812,75,+,f,A1Pi,0,1,0.0,1.0,b,1.67293,2.3e-29
40142,47830.914073,1812,75,+,f,A1Pi,1,1,0.0,1.0,b,1.68514,1.5e-29
40143,48578.590081,1812,75,+,f,A1Pi,2,1,0.0,1.0,b,1.69768,1.9e-29
40144,49313.027055,1812,75,+,f,A1Pi,3,1,0.0,1.0,b,1.71061,3.9e-29
40145,50033.803985,1812,75,+,f,A1Pi,4,1,0.0,1.0,b,1.72396,2.8e-28
40146,50740.589012,1812,75,+,f,A1Pi,5,1,0.0,1.0,b,1.73776,3.5e-27
40147,51433.157054,1812,75,+,f,A1Pi,6,1,0.0,1.0,b,1.75201,4.8e-26
40148,52111.401416,1812,75,+,f,A1Pi,7,1,0.0,1.0,b,1.76669,6.2e-25
40149,52775.338906,1812,75,+,f,A1Pi,8,1,0.0,1.0,b,1.78177,6.6e-24
40150,53425.107646,1812,75,+,f,A1Pi,9,1,0.0,1.0,b,1.79722,5.6e-23
40151,54060.957054,1812,75,+,f,A1Pi,10,1,0.0,1.0,b,1.813,3.8e-22
40152,54683.230128,1812,75,+,f,A1Pi,11,1,0.0,1.0,b,1.82904,2.1e-21
40415,47070.934605,1812,75,-,e,A1Pi,0,-1,0.0,-1.0,b,1.67293,2.4e-29
40419,47831.356902,1812,75,-,e,A1Pi,1,-1,0.0,-1.0,b,1.68515,1.8e-29
40423,48579.026134,1812,75,-,e,A1Pi,2,-1,0.0,-1.0,b,1.69769,3e-29
40427,49313.456152,1812,75,-,e,A1Pi,3,-1,0.0,-1.0,b,1.71062,4.5e-29
40432,50034.22593,1812,75,-,e,A1Pi,4,-1,0.0,-1.0,b,1.72397,3.4e-28
40437,50741.003615,1812,75,-,e,A1Pi,5,-1,0.0,-1.0,b,1.73777,3.8e-27
40441,51433.564149,1812,75,-,e,A1Pi,6,-1,0.0,-1.0,b,1.75201,4.9e-26
40447,52111.800881,1812,75,-,e,A1Pi,7,-1,0.0,-1.0,b,1.7667,6e-25
40452,52775.730666,1812,75,-,e,A1Pi,8,-1,0.0,-1.0,b,1.78178,6.3e-24
40458,53425.491684,1812,75,-,e,A1Pi,9,-1,0.0,-1.0,b,1.79723,5.3e-23
40465,54061.333407,1812,75,-,e,A1Pi,10,-1,0.0,-1.0,b,1.813,3.6e-22
40473,54683.598882,1812,75,-,e,A1Pi,11,-1,0.0,-1.0,b,1.82905,2e-21
40775,47153.21927,1836,76,+,e,A1Pi,0,1,0.0,1.0,b,1.67345,2.5e-29
40779,47912.797251,1836,76,+,e,A1Pi,1,1,0.0,1.0,b,1.68567,1.8e-29
40783,48659.609906,1836,76,+,e,A1Pi,2,1,0.0,1.0,b,1.69823,2.4e-29
40788,49393.167019,1836,76,+,e,A1Pi,3,1,0.0,1.0,b,1.71118,4.4e-29
40792,50113.04563,1836,76,+,e,A1Pi,4,1,0.0,1.0,b,1.72456,3e-28
40797,50818.913769,1836,76,+,e,A1Pi,5,1,0.0,1.0,b,1.73838,3.2e-27
40802,51510.547795,1836,76,+,e,A1Pi,6,1,0.0,1.0,b,1.75265,4.1e-26
40807,52187.843746,1836,76,+,e,A1Pi,7,1,0.0,1.0,b,1.76735,5.1e-25
40812,52850.822136,1836,76,+,e,A1Pi,8,1,0.0,1.0,b,1.78246,5.5e-24
40819,53499.625417,1836,76,+,e,A1Pi,9,1,0.0,1.0,b,1.79794,4.7e-23
40825,54134.507555,1836,76,+,e,A1Pi,10,1,0.0,1.0,b,1.81373,3.2e-22
40834,54755.815892,1836,76,+,e,A1Pi,11,1,0.0,1.0,b,1.8298,1.8e-21
41041,47152.758614,1836,76,-,f,A1Pi,0,-1,0.0,-1.0,b,1.67344,2.4e-29
41042,47912.343417,1836,76,-,f,A1Pi,1,-1,0.0,-1.0,b,1.68567,1.5e-29
41043,48659.163028,1836,76,-,f,A1Pi,2,-1,0.0,-1.0,b,1.69823,1.7e-29
41044,49392.727284,1836,76,-,f,A1Pi,3,-1,0.0,-1.0,b,1.71117,4.2e-29
41045,50112.61324,1836,76,-,f,A1Pi,4,-1,0.0,-1.0,b,1.72455,2.3e-28
41046,50818.488919,1836,76,-,f,A1Pi,5,-1,0.0,-1.0,b,1.73837,2.9e-27
41047,51510.130653,1836,76,-,f,A1Pi,6,-1,0.0,-1.0,b,1.75264,4e-26
41048,52187.434436,1836,76,-,f,A1Pi,7,-1,0.0,-1.0,b,1.76734,5.3e-25
41049,52850.420733,1836,76,-,f,A1Pi,8,-1,0.0,-1.0,b,1.78245,5.7e-24
41050,53499.231937,1836,76,-,f,A1Pi,9,-1,0.0,-1.0,b,1.79793,5e-23
41051,54134.121958,1836,76,-,f,A1Pi,10,-1,0.0,-1.0,b,1.81372,3.4e-22
41052,54755.438086,1836,76,-,f,A1Pi,11,-1,0.0,-1.0,b,1.82979,1.9e-21
41221,47236.06357,1860,77,+,f,A1Pi,0,1,0.0,1.0,b,1.67395,2.8e-29
41222,47994.792656,1860,77,+,f,A1Pi,1,1,0.0,1.0,b,1.6862,1.5e-29
41223,48740.743968,1860,77,+,f,A1Pi,2,1,0.0,1.0,b,1.69878,1.7e-29
41224,49473.423267,1860,77,+,f,A1Pi,3,1,0.0,1.0,b,1.71174,2.9e-29
41225,50192.405701,1860,77,+,f,A1Pi,4,1,0.0,1.0,b,1.72514,2e-28
41226,50897.359214,1860,77,+,f,A1Pi,5,1,0.0,1.0,b,1.73899,2.4e-27
41227,51588.061623,1860,77,+,f,A1Pi,6,1,0.0,1.0,b,1.75328,3.3e-26
41228,52264.411691,1860,77,+,f,A1Pi,7,1,0.0,1.0,b,1.76801,4.4e-25
41229,52926.433627,1860,77,+,f,A1Pi,8,1,0.0,1.0,b,1.78315,4.9e-24
41230,53574.274183,1860,77,+,f,A1Pi,9,1,0.0,1.0,b,1.79865,4.4e-23
41231,54208.19184,1860,77,+,f,A1Pi,10,1,0.0,1.0,b,1.81446,3.1e-22
41232,54828.538239,1860,77,+,f,A1Pi,11,1,0.0,1.0,b,1.83055,1.7e-21
41495,47236.535512,1860,77,-,e,A1Pi,0,-1,0.0,-1.0,b,1.67396,2.4e-29
41499,47995.2576,1860,77,-,e,A1Pi,1,-1,0.0,-1.0,b,1.68621,2.4e-29
41504,48741.20177,1860,77,-,e,A1Pi,2,-1,0.0,-1.0,b,1.69879,2.1e-29
41508,49473.873738,1860,77,-,e,A1Pi,3,-1,0.0,-1.0,b,1.71175,5.3e-29
41512,50192.848631,1860,77,-,e,A1Pi,4,-1,0.0,-1.0,b,1.72515,2.7e-28
41517,50897.794404,1860,77,-,e,A1Pi,5,-1,0.0,-1.0,b,1.739,2.7e-27
41522,51588.488903,1860,77,-,e,A1Pi,6,-1,0.0,-1.0,b,1.75329,3.4e-26
41527,52264.830933,1860,77,-,e,A1Pi,7,-1,0.0,-1.0,b,1.76802,4.3e-25
41533,52926.844757,1860,77,-,e,A1Pi,8,-1,0.0,-1.0,b,1.78316,4.7e-24
41539,53574.677187,1860,77,-,e,A1Pi,9,-1,0.0,-1.0,b,1.79866,4.1e-23
41546,54208.586761,1860,77,-,e,A1Pi,10,-1,0.0,-1.0,b,1.81447,2.9e-22
41555,54828.925174,1860,77,-,e,A1Pi,11,-1,0.0,-1.0,b,1.83056,1.6e-21
41856,47320.881308,1884,78,+,e,A1Pi,0,1,0.0,1.0,b,1.67449,3.2e-29
41860,48078.735899,1884,78,+,e,A1Pi,1,1,0.0,1.0,b,1.68675,2.7e-29
41864,48823.79965,1884,78,+,e,A1Pi,2,1,0.0,1.0,b,1.69935,3.2e-29
41868,49555.574197,1884,78,+,e,A1Pi,3,1,0.0,1.0,b,1.71233,4.7e-29
41873,50273.632782,1884,78,+,e,A1Pi,4,1,0.0,1.0,b,1.72575,2.3e-28
41877,50977.643331,1884,78,+,e,A1Pi,5,1,0.0,1.0,b,1.73962,2.2e-27
41882,51667.385245,1884,78,+,e,A1Pi,6,1,0.0,1.0,b,1.75394,2.8e-26
41888,52342.760183,1884,78,+,e,A1Pi,7,1,0.0,1.0,b,1.7687,3.6e-25
41893,53003.796243,1884,78,+,e,A1Pi,8,1,0.0,1.0,b,1.78386,4e-24
41899,53650.644688,1884,78,+,e,A1Pi,9,1,0.0,1.0,b,1.79938,3.6e-23
41907,54283.568705,1884,78,+,e,A1Pi,10,1,0.0,1.0,b,1.81522,2.6e-22
41916,54902.924403,1884,78,+,e,A1Pi,11,1,0.0,1.0,b,1.83133,1.5e-21
42121,47320.397976,1884,78,-,f,A1Pi,0,-1,0.0,-1.0,b,1.67448,2.8e-29
42122,48078.259746,1884,78,-,f,A1Pi,1,-1,0.0,-1.0,b,1.68674,1.4e-29
42123,48823.330824,1884,78,-,f,A1Pi,2,-1,0.0,-1.0,b,1.69934,2e-29
42124,49555.112895,1884,78,-,f,A1Pi,3,-1,0.0,-1.0,b,1.71233,3.4e-29
42125,50273.179217,1884,78,-,f,A1Pi,4,-1,0.0,-1.0,b,1.72574,1.8e-28
42126,50977.197709,1884,78,-,f,A1Pi,5,-1,0.0,-1.0,b,1.73961,1.9e-27
42127,51666.94774,1884,78,-,f,A1Pi,6,-1,0.0,-1.0,b,1.75393,2.7e-26
42128,52342.330924,1884,78,-,f,A1Pi,7,-1,0.0,-1.0,b,1.76869,3.7e-25
42129,53003.375303,1884,78,-,f,A1Pi,8,-1,0.0,-1.0,b,1.78385,4.2e-24
42130,53650.232079,1884,78,-,f,A1Pi,9,-1,0.0,-1.0,b,1.79937,3.8e-23
42131,54283.164381,1884,78,-,f,A1Pi,10,-1,0.0,-1.0,b,1.81521,2.7e-22
42132,54902.528261,1884,78,-,f,A1Pi,11,-1,0.0,-1.0,b,1.83132,1.6e-21
42301,47405.759781,1908,79,+,f,A1Pi,0,1,0.0,1.0,b,1.67501,2.6e-29
42302,48162.742613,1908,79,+,f,A1Pi,1,1,0.0,1.0,b,1.68729,1.5e-29
42303,48906.921493,1908,79,+,f,A1Pi,2,1,0.0,1.0,b,1.6999,1.6e-29
42304,49637.794026,1908,79,+,f,A1Pi,3,1,0.0,1.0,b,1.71291,2.8e-29
42305,50354.931611,1908,79,+,f,A1Pi,4,1,0.0,1.0,b,1.72636,1.6e-28
42306,51058.002188,1908,79,+,f,A1Pi,5,1,0.0,1.0,b,1.74025,1.6e-27
42307,51746.786748,1908,79,+,f,A1Pi,6,1,0.0,1.0,b,1.7546,2.2e-26
42308,52421.189844,1908,79,+,f,A1Pi,7,1,0.0,1.0,b,1.76938,3e-25
42309,53081.243444,1908,79,+,f,A1Pi,8,1,0.0,1.0,b,1.78456,3.6e-24
42310,53727.103287,1908,79,+,f,A1Pi,9,1,0.0,1.0,b,1.80011,3.3e-23
42311,54359.03723,1908,79,+,f,A1Pi,10,1,0.0,1.0,b,1.81598,2.4e-22
42312,54977.405796,1908,79,+,f,A1Pi,11,1,0.0,1.0,b,1.83211,1.4e-21
42576,47406.254606,1908,79,-,e,A1Pi,0,-1,0.0,-1.0,b,1.67502,2.4e-29
42580,48163.230076,1908,79,-,e,A1Pi,1,-1,0.0,-1.0,b,1.6873,2e-29
42584,48907.401441,1908,79,-,e,A1Pi,2,-1,0.0,-1.0,b,1.69991,3e-29
42588,49638.266255,1908,79,-,e,A1Pi,3,-1,0.0,-1.0,b,1.71292,4.4e-29
42593,50355.395901,1908,79,-,e,A1Pi,4,-1,0.0,-1.0,b,1.72637,2e-28
42598,51058.45833,1908,79,-,e,A1Pi,5,-1,0.0,-1.0,b,1.74026,1.9e-27
42603,51747.234565,1908,79,-,e,A1Pi,6,-1,0.0,-1.0,b,1.75461,2.3e-26
42608,52421.629205,1908,79,-,e,A1Pi,7,-1,0.0,-1.0,b,1.76939,3e-25
42614,53081.674275,1908,79,-,e,A1Pi,8,-1,0.0,-1.0,b,1.78457,3.4e-24
42620,53727.525579,1908,79,-,e,A1Pi,9,-1,0.0,-1.0,b,1.80012,3.2e-23
42627,54359.451034,1908,79,-,e,A1Pi,10,-1,0.0,-1.0,b,1.81599,2.3e-22
42637,54977.811218,1908,79,-,e,A1Pi,11,-1,0.0,-1.0,b,1.83212,1.3e-20
42936,47492.653324,1932,80,+,e,A1Pi,0,1,0.0,1.0,b,1.67556,2.6e-29
42940,48248.738025,1932,80,+,e,A1Pi,1,1,0.0,1.0,b,1.68786,1.8e-29
42944,48992.005006,1932,80,+,e,A1Pi,2,1,0.0,1.0,b,1.70049,2.3e-29
42949,49721.94774,1932,80,+,e,A1Pi,3,1,0.0,1.0,b,1.71352,4.4e-29
42953,50438.135777,1932,80,+,e,A1Pi,4,1,0.0,1.0,b,1.72699,2e-28
42958,51140.237147,1932,80,+,e,A1Pi,5,1,0.0,1.0,b,1.74091,1.5e-27
42963,51828.034571,1932,80,+,e,A1Pi,6,1,0.0,1.0,b,1.75528,1.9e-26
42968,52501.435673,1932,80,+,e,A1Pi,7,1,0.0,1.0,b,1.77009,2.5e-25
42974,53160.4765,1932,80,+,e,A1Pi,8,1,0.0,1.0,b,1.7853,2.9e-24
42981,53805.317488,1932,80,+,e,A1Pi,9,1,0.0,1.0,b,1.80087,2.8e-23
42988,54436.23136,1932,80,+,e,A1Pi,10,1,0.0,1.0,b,1.81676,2.1e-22
42999,55053.583229,1932,80,+,e,A1Pi,11,1,0.0,1.0,b,1.83291,1.2e-21
43201,47492.146907,1932,80,-,f,A1Pi,0,-1,0.0,-1.0,b,1.67555,2.9e-29
43202,48248.239155,1932,80,-,f,A1Pi,1,-1,0.0,-1.0,b,1.68785,1.5e-29
43203,48991.513842,1932,80,-,f,A1Pi,2,-1,0.0,-1.0,b,1.70048,1.8e-29
43204,49721.464492,1932,80,-,f,A1Pi,3,-1,0.0,-1.0,b,1.71351,3.4e-29
43205,50437.660671,1932,80,-,f,A1Pi,4,-1,0.0,-1.0,b,1.72698,1.4e-28
43206,51139.770397,1932,80,-,f,A1Pi,5,-1,0.0,-1.0,b,1.7409,1.3e-27
43207,51827.576358,1932,80,-,f,A1Pi,6,-1,0.0,-1.0,b,1.75527,1.7e-26
43208,52500.986129,1932,80,-,f,A1Pi,7,-1,0.0,-1.0,b,1.77008,2.5e-25
43209,53160.035697,1932,80,-,f,A1Pi,8,-1,0.0,-1.0,b,1.78529,3e-24
43210,53804.885434,1932,80,-,f,A1Pi,9,-1,0.0,-1.0,b,1.80086,2.9e-23
43211,54435.808001,1932,80,-,f,A1Pi,10,-1,0.0,-1.0,b,1.81675,2.2e-22
43212,55053.168452,1932,80,-,f,A1Pi,11,-1,0.0,-1.0,b,1.8329,1.3e-21
43381,47579.557248,1956,81,+,f,A1Pi,0,1,0.0,1.0,b,1.6761,2.4e-29
43382,48334.747242,1956,81,+,f,A1Pi,1,1,0.0,1.0,b,1.68841,1.7e-29
43383,49077.105709,1956,81,+,f,A1Pi,2,1,0.0,1.0,b,1.70106,1.6e-29
43384,49806.122091,1956,81,+,f,A1Pi,3,1,0.0,1.0,b,1.71412,2.7e-29
43385,50521.364157,1956,81,+,f,A1Pi,4,1,0.0,1.0,b,1.72761,1.3e-28
43386,51222.500056,1956,81,+,f,A1Pi,5,1,0.0,1.0,b,1.74155,1e-27
43387,51909.314248,1956,81,+,f,A1Pi,6,1,0.0,1.0,b,1.75595,1.4e-26
43388,52581.717421,1956,81,+,f,A1Pi,7,1,0.0,1.0,b,1.77078,2e-25
43389,53239.74968,1956,81,+,f,A1Pi,8,1,0.0,1.0,b,1.78602,2.5e-24
43390,53883.576115,1956,81,+,f,A1Pi,9,1,0.0,1.0,b,1.80162,2.5e-23
43391,54513.474276,1956,81,+,f,A1Pi,10,1,0.0,1.0,b,1.81753,1.9e-22
43392,55129.813805,1956,81,+,f,A1Pi,11,1,0.0,1.0,b,1.83371,1.2e-21
43656,47580.075355,1956,81,-,e,A1Pi,0,-1,0.0,-1.0,b,1.67611,2.7e-29
43660,48335.257617,1956,81,-,e,A1Pi,1,-1,0.0,-1.0,b,1.68842,2e-29
43665,49077.608183,1956,81,-,e,A1Pi,2,-1,0.0,-1.0,b,1.70107,3.2e-29
43669,49806.616449,1956,81,-,e,A1Pi,3,-1,0.0,-1.0,b,1.71413,4.6e-29
43674,50521.850167,1956,81,-,e,A1Pi,4,-1,0.0,-1.0,b,1.72762,1.7e-28
43678,51222.977499,1956,81,-,e,A1Pi,5,-1,0.0,-1.0,b,1.74156,1.3e-27
43683,51909.78294,1956,81,-,e,A1Pi,6,-1,0.0,-1.0,b,1.75596,1.5e-26
43689,52582.177229,1956,81,-,e,A1Pi,7,-1,0.0,-1.0,b,1.77079,2e-25
43695,53240.200531,1956,81,-,e,A1Pi,8,-1,0.0,-1.0,b,1.78603,2.4e-24
43701,53884.018005,1956,81,-,e,A1Pi,9,-1,0.0,-1.0,b,1.80163,2.4e-23
43709,54513.907264,1956,81,-,e,A1Pi,10,-1,0.0,-1.0,b,1.81755,1.8e-22
43721,55130.238007,1956,81,-,e,A1Pi,11,-1,0.0,-1.0,b,1.83372,9e-21
44016,47668.518564,1980,82,+,e,A1Pi,0,1,0.0,1.0,b,1.67666,3.1e-29
44021,48422.78669,1980,82,+,e,A1Pi,1,1,0.0,1.0,b,1.68899,2.3e-29
44025,49164.208778,1980,82,+,e,A1Pi,2,1,0.0,1.0,b,1.70167,2.6e-29
44029,49892.270151,1980,82,+,e,A1Pi,3,1,0.0,1.0,b,1.71474,5.1e-29
44034,50606.536797,1980,82,+,e,A1Pi,4,1,0.0,1.0,b,1.72826,1.6e-28
44039,51306.67707,1980,82,+,e,A1Pi,5,1,0.0,1.0,b,1.74223,1e-27
44044,51992.477317,1980,82,+,e,A1Pi,6,1,0.0,1.0,b,1.75665,1.2e-26
44049,52663.851482,1980,82,+,e,A1Pi,7,1,0.0,1.0,b,1.77151,1.6e-25
44055,53320.843948,1980,82,+,e,A1Pi,8,1,0.0,1.0,b,1.78678,2e-24
44062,53963.62469,1980,82,+,e,A1Pi,9,1,0.0,1.0,b,1.8024,2e-23
44070,54592.476289,1980,82,+,e,A1Pi,10,1,0.0,1.0,b,1.81834,1.6e-22
44281,47667.988668,1980,82,-,f,A1Pi,0,-1,0.0,-1.0,b,1.67665,2.6e-29
44282,48422.264716,1980,82,-,f,A1Pi,1,-1,0.0,-1.0,b,1.68898,1.7e-29
44283,49163.694901,1980,82,-,f,A1Pi,2,-1,0.0,-1.0,b,1.70166,2.1e-29
44284,49891.764593,1980,82,-,f,A1Pi,3,-1,0.0,-1.0,b,1.71473,2.6e-29
44285,50606.039795,1980,82,-,f,A1Pi,4,-1,0.0,-1.0,b,1.72825,1.1e-28
44286,51306.188849,1980,82,-,f,A1Pi,5,-1,0.0,-1.0,b,1.74222,7.8e-28
44287,51991.998064,1980,82,-,f,A1Pi,6,-1,0.0,-1.0,b,1.75664,1.1e-26
44288,52663.381332,1980,82,-,f,A1Pi,7,-1,0.0,-1.0,b,1.7715,1.6e-25
44289,53320.382971,1980,82,-,f,A1Pi,8,-1,0.0,-1.0,b,1.78677,2.1e-24
44290,53963.17289,1980,82,-,f,A1Pi,9,-1,0.0,-1.0,b,1.80239,2.1e-23
44291,54592.033601,1980,82,-,f,A1Pi,10,-1,0.0,-1.0,b,1.81833,1.7e-22
44461,47757.439007,2004,83,+,f,A1Pi,0,1,0.0,1.0,b,1.67722,3.3e-29
44462,48510.78939,2004,83,+,f,A1Pi,1,1,0.0,1.0,b,1.68956,2e-29
44463,49251.279197,2004,83,+,f,A1Pi,2,1,0.0,1.0,b,1.70226,1.9e-29
44464,49978.389737,2004,83,+,f,A1Pi,3,1,0.0,1.0,b,1.71536,3.3e-29
44465,50691.685284,2004,83,+,f,A1Pi,4,1,0.0,1.0,b,1.7289,9.6e-29
44466,51390.83443,2004,83,+,f,A1Pi,5,1,0.0,1.0,b,1.74289,6e-28
44467,52075.625418,2004,83,+,f,A1Pi,6,1,0.0,1.0,b,1.75734,7.9e-27
44468,52745.975438,2004,83,+,f,A1Pi,7,1,0.0,1.0,b,1.77223,1.2e-25
44469,53401.93312,2004,83,+,f,A1Pi,8,1,0.0,1.0,b,1.78752,1.7e-24
44470,54043.673284,2004,83,+,f,A1Pi,9,1,0.0,1.0,b,1.80318,1.8e-23
44471,54671.483489,2004,83,+,f,A1Pi,10,1,0.0,1.0,b,1.81914,1.5e-22
44737,47757.980786,2004,83,-,e,A1Pi,0,-1,0.0,-1.0,b,1.67723,2.8e-29
44741,48511.323055,2004,83,-,e,A1Pi,1,-1,0.0,-1.0,b,1.68957,2.2e-29
44745,49251.804568,2004,83,-,e,A1Pi,2,-1,0.0,-1.0,b,1.70227,3.2e-29
44750,49978.906584,2004,83,-,e,A1Pi,3,-1,0.0,-1.0,b,1.71537,4.7e-29
44754,50692.193362,2004,83,-,e,A1Pi,4,-1,0.0,-1.0,b,1.72891,1.5e-28
44759,51391.333511,2004,83,-,e,A1Pi,5,-1,0.0,-1.0,b,1.7429,8.6e-28
44764,52076.115311,2004,83,-,e,A1Pi,6,-1,0.0,-1.0,b,1.75736,9e-27
44770,52746.456008,2004,83,-,e,A1Pi,7,-1,0.0,-1.0,b,1.77224,1.3e-25
44776,53402.404297,2004,83,-,e,A1Pi,8,-1,0.0,-1.0,b,1.78754,1.6e-24
44782,54044.135067,2004,83,-,e,A1Pi,9,-1,0.0,-1.0,b,1.80319,1.7e-23
44791,54671.935948,2004,83,-,e,A1Pi,10,-1,0.0,-1.0,b,1.81915,1.4e-22
45097,47848.459829,2028,84,+,e,A1Pi,0,1,0.0,1.0,b,1.6778,3.2e-29
45101,48600.864494,2028,84,+,e,A1Pi,1,1,0.0,1.0,b,1.69016,2.4e-29
45105,49340.3933,2028,84,+,e,A1Pi,2,1,0.0,1.0,b,1.70288,2.6e-29
45110,50066.523453,2028,84,+,e,A1Pi,3,1,0.0,1.0,b,1.716,4.8e-29
45114,50778.817524,2028,84,+,e,A1Pi,4,1,0.0,1.0,b,1.72956,1.5e-28
45119,51476.944442,2028,84,+,e,A1Pi,5,1,0.0,1.0,b,1.74359,7.2e-28
45124,52160.694502,2028,84,+,e,A1Pi,6,1,0.0,1.0,b,1.75807,6.9e-27
45130,52829.988347,2028,84,+,e,A1Pi,7,1,0.0,1.0,b,1.77298,9.7e-26
45136,53484.879089,2028,84,+,e,A1Pi,8,1,0.0,1.0,b,1.7883,1.3e-24
45143,54125.546627,2028,84,+,e,A1Pi,9,1,0.0,1.0,b,1.80398,1.5e-23
45152,54752.283717,2028,84,+,e,A1Pi,10,1,0.0,1.0,b,1.81997,1.3e-22
45361,47847.906074,2028,84,-,f,A1Pi,0,-1,0.0,-1.0,b,1.67779,2.8e-29
45362,48600.319047,2028,84,-,f,A1Pi,1,-1,0.0,-1.0,b,1.69015,1.7e-29
45363,49339.856348,2028,84,-,f,A1Pi,2,-1,0.0,-1.0,b,1.70286,1.7e-29
45364,50065.995232,2028,84,-,f,A1Pi,3,-1,0.0,-1.0,b,1.71599,2.7e-29
45365,50778.298286,2028,84,-,f,A1Pi,4,-1,0.0,-1.0,b,1.72955,9e-29
45366,51476.434421,2028,84,-,f,A1Pi,5,-1,0.0,-1.0,b,1.74358,4.9e-28
45367,52160.19389,2028,84,-,f,A1Pi,6,-1,0.0,-1.0,b,1.75806,5.9e-27
45368,52829.497283,2028,84,-,f,A1Pi,7,-1,0.0,-1.0,b,1.77297,9.4e-26
45369,53484.39764,2028,84,-,f,A1Pi,8,-1,0.0,-1.0,b,1.78829,1.4e-24
45370,54125.074789,2028,84,-,f,A1Pi,9,-1,0.0,-1.0,b,1.80397,1.5e-23
45371,54751.821419,2028,84,-,f,A1Pi,10,-1,0.0,-1.0,b,1.81996,1.3e-22
45541,47939.38765,2052,85,+,f,A1Pi,0,1,0.0,1.0,b,1.67836,2.5e-29
45542,48690.851442,2052,85,+,f,A1Pi,1,1,0.0,1.0,b,1.69075,1.8e-29
45543,49429.424072,2052,85,+,f,A1Pi,2,1,0.0,1.0,b,1.70348,2e-29
45544,50154.578756,2052,85,+,f,A1Pi,3,1,0.0,1.0,b,1.71663,2.8e-29
45545,50865.876437,2052,85,+,f,A1Pi,4,1,0.0,1.0,b,1.73022,9e-29
45546,51562.986409,2052,85,+,f,A1Pi,5,1,0.0,1.0,b,1.74427,3.6e-28
45547,52245.701027,2052,85,+,f,A1Pi,6,1,0.0,1.0,b,1.75878,4.3e-27
45548,52913.944375,2052,85,+,f,A1Pi,7,1,0.0,1.0,b,1.77372,7.1e-26
45549,53567.77401,2052,85,+,f,A1Pi,8,1,0.0,1.0,b,1.78907,1.1e-24
45550,54207.374864,2052,85,+,f,A1Pi,9,1,0.0,1.0,b,1.80478,1.3e-23
45551,54833.044835,2052,85,+,f,A1Pi,10,1,0.0,1.0,b,1.82079,1.1e-22
45817,47939.953473,2052,85,-,e,A1Pi,0,-1,0.0,-1.0,b,1.67837,3.2e-29
45821,48691.408762,2052,85,-,e,A1Pi,1,-1,0.0,-1.0,b,1.69076,3.1e-29
45826,49429.972693,2052,85,-,e,A1Pi,2,-1,0.0,-1.0,b,1.70349,3.7e-29
45830,50155.118435,2052,85,-,e,A1Pi,3,-1,0.0,-1.0,b,1.71664,4.3e-29
45835,50866.406916,2052,85,-,e,A1Pi,4,-1,0.0,-1.0,b,1.73023,1.5e-28
45840,51563.507449,2052,85,-,e,A1Pi,5,-1,0.0,-1.0,b,1.74428,5.9e-28
45845,52246.212433,2052,85,-,e,A1Pi,6,-1,0.0,-1.0,b,1.75879,5.2e-27
45850,52914.446008,2052,85,-,e,A1Pi,7,-1,0.0,-1.0,b,1.77373,7.4e-26
45857,53568.265803,2052,85,-,e,A1Pi,8,-1,0.0,-1.0,b,1.78908,1.1e-24
45864,54207.856823,2052,85,-,e,A1Pi,9,-1,0.0,-1.0,b,1.80479,1.2e-23
45873,54833.517039,2052,85,-,e,A1Pi,10,-1,0.0,-1.0,b,1.8208,1.2e-22
46177,48032.459471,2076,86,+,e,A1Pi,0,1,0.0,1.0,b,1.67896,3.3e-29
46181,48782.953583,2076,86,+,e,A1Pi,1,1,0.0,1.0,b,1.69136,1.8e-29
46186,49520.540435,2076,86,+,e,A1Pi,2,1,0.0,1.0,b,1.70412,3e-29
46190,50244.689176,2076,86,+,e,A1Pi,3,1,0.0,1.0,b,1.71729,6.3e-29
46195,50954.959137,2076,86,+,e,A1Pi,4,1,0.0,1.0,b,1.73091,1.3e-28
46200,51651.020087,2076,86,+,e,A1Pi,5,1,0.0,1.0,b,1.74498,5.1e-28
46205,52332.666616,2076,86,+,e,A1Pi,6,1,0.0,1.0,b,1.75952,3.8e-27
46211,52999.826463,2076,86,+,e,A1Pi,7,1,0.0,1.0,b,1.7745,5.5e-26
46217,53652.56188,2076,86,+,e,A1Pi,8,1,0.0,1.0,b,1.78987,8.3e-25
46224,54291.063079,2076,86,+,e,A1Pi,9,1,0.0,1.0,b,1.80561,1e-23
46234,54915.633321,2076,86,+,e,A1Pi,10,1,0.0,1.0,b,1.82165,9.4e-23
46441,48031.881489,2076,86,-,f,A1Pi,0,-1,0.0,-1.0,b,1.67895,2.3e-29
46442,48782.384303,2076,86,-,f,A1Pi,1,-1,0.0,-1.0,b,1.69135,1.8e-29
46443,49519.980059,2076,86,-,f,A1Pi,2,-1,0.0,-1.0,b,1.70411,2.4e-29
46444,50244.137957,2076,86,-,f,A1Pi,3,-1,0.0,-1.0,b,1.71728,3.3e-29
46445,50954.417337,2076,86,-,f,A1Pi,4,-1,0.0,-1.0,b,1.73089,8.1e-29
46446,51650.487951,2076,86,-,f,A1Pi,5,-1,0.0,-1.0,b,1.74497,2.9e-28
46447,52332.144342,2076,86,-,f,A1Pi,6,-1,0.0,-1.0,b,1.75951,3e-27
46448,52999.31419,2076,86,-,f,A1Pi,7,-1,0.0,-1.0,b,1.77448,5.2e-26
46449,53652.059674,2076,86,-,f,A1Pi,8,-1,0.0,-1.0,b,1.78986,8.4e-25
46450,54290.570931,2076,86,-,f,A1Pi,9,-1,0.0,-1.0,b,1.80559,1e-23
46451,54915.151146,2076,86,-,f,A1Pi,10,-1,0.0,-1.0,b,1.82163,9.5e-23
46621,48125.385316,2100,87,+,f,A1Pi,0,1,0.0,1.0,b,1.67954,2.8e-29
46622,48874.915326,2100,87,+,f,A1Pi,1,1,0.0,1.0,b,1.69196,1.8e-29
46623,49611.52197,2100,87,+,f,A1Pi,2,1,0.0,1.0,b,1.70474,3e-29
46624,50334.67045,2100,87,+,f,A1Pi,3,1,0.0,1.0,b,1.71794,2.7e-29
46625,51043.918557,2100,87,+,f,A1Pi,4,1,0.0,1.0,b,1.73158,7.2e-29
46626,51738.936569,2100,87,+,f,A1Pi,5,1,0.0,1.0,b,1.74569,2.2e-28
46627,52419.521314,2100,87,+,f,A1Pi,6,1,0.0,1.0,b,1.76025,2e-27
46628,53085.60417,2100,87,+,f,A1Pi,7,1,0.0,1.0,b,1.77525,3.6e-26
46629,53737.252045,2100,87,+,f,A1Pi,8,1,0.0,1.0,b,1.79066,6.4e-25
46630,54374.660378,2100,87,+,f,A1Pi,9,1,0.0,1.0,b,1.80642,8.4e-24
46631,54998.137728,2100,87,+,f,A1Pi,10,1,0.0,1.0,b,1.82249,8e-23
46897,48125.975545,2100,87,-,e,A1Pi,0,-1,0.0,-1.0,b,1.67955,3e-29
46902,48875.496652,2100,87,-,e,A1Pi,1,-1,0.0,-1.0,b,1.69197,2.3e-29
46906,49612.094184,2100,87,-,e,A1Pi,2,-1,0.0,-1.0,b,1.70475,3.5e-29
46911,50335.23329,2100,87,-,e,A1Pi,3,-1,0.0,-1.0,b,1.71795,6e-29
46915,51044.471756,2100,87,-,e,A1Pi,4,-1,0.0,-1.0,b,1.73159,1.2e-28
46920,51739.479878,2100,87,-,e,A1Pi,5,-1,0.0,-1.0,b,1.7457,4e-28
46926,52420.054529,2100,87,-,e,A1Pi,6,-1,0.0,-1.0,b,1.76026,2.8e-27
46931,53086.127152,2100,87,-,e,A1Pi,7,-1,0.0,-1.0,b,1.77527,4e-26
46938,53737.764731,2100,87,-,e,A1Pi,8,-1,0.0,-1.0,b,1.79067,6.3e-25
46945,54375.162781,2100,87,-,e,A1Pi,9,-1,0.0,-1.0,b,1.80643,8.1e-24
46955,54998.629937,2100,87,-,e,A1Pi,10,-1,0.0,-1.0,b,1.8225,7.8e-23
47258,48220.499391,2124,88,+,e,A1Pi,0,1,0.0,1.0,b,1.68015,3.1e-29
47262,48969.035637,2124,88,+,e,A1Pi,1,1,0.0,1.0,b,1.69259,2.7e-29
47266,49704.631568,2124,88,+,e,A1Pi,2,1,0.0,1.0,b,1.70539,3.8e-29
47271,50426.748362,2124,88,+,e,A1Pi,3,1,0.0,1.0,b,1.71861,5.6e-29
47276,51134.942308,2124,88,+,e,A1Pi,4,1,0.0,1.0,b,1.73228,1.1e-28
47281,51828.884308,2124,88,+,e,A1Pi,5,1,0.0,1.0,b,1.74642,3.2e-28
47286,52508.373616,2124,88,+,e,A1Pi,6,1,0.0,1.0,b,1.76102,2e-27
47292,53173.345481,2124,88,+,e,A1Pi,7,1,0.0,1.0,b,1.77605,2.8e-26
47298,53823.871728,2124,88,+,e,A1Pi,8,1,0.0,1.0,b,1.79148,4.7e-25
47306,54460.15328,2124,88,+,e,A1Pi,9,1,0.0,1.0,b,1.80727,6.5e-24
47316,55082.504225,2124,88,+,e,A1Pi,10,1,0.0,1.0,b,1.82337,4.7e-22
47521,48219.896829,2124,88,-,f,A1Pi,0,-1,0.0,-1.0,b,1.68014,3.2e-29
47522,48968.44218,2124,88,-,f,A1Pi,1,-1,0.0,-1.0,b,1.69258,2.3e-29
47523,49704.047435,2124,88,-,f,A1Pi,2,-1,0.0,-1.0,b,1.70538,2.4e-29
47524,50426.173821,2124,88,-,f,A1Pi,3,-1,0.0,-1.0,b,1.7186,3e-29
47525,51134.377634,2124,88,-,f,A1Pi,4,-1,0.0,-1.0,b,1.73227,7.5e-29
47526,51828.329755,2124,88,-,f,A1Pi,5,-1,0.0,-1.0,b,1.74641,1.7e-28
47527,52507.829389,2124,88,-,f,A1Pi,6,-1,0.0,-1.0,b,1.761,1.3e-27
47528,53172.811721,2124,88,-,f,A1Pi,7,-1,0.0,-1.0,b,1.77604,2.5e-26
47529,53823.348496,2124,88,-,f,A1Pi,8,-1,0.0,-1.0,b,1.79147,4.8e-25
47530,54459.640558,2124,88,-,f,A1Pi,9,-1,0.0,-1.0,b,1.80726,6.7e-24
47531,55082.001921,2124,88,-,f,A1Pi,10,-1,0.0,-1.0,b,1.82335,6.7e-23
47701,48315.413695,2148,89,+,f,A1Pi,0,1,0.0,1.0,b,1.68075,2.9e-29
47702,49062.962504,2148,89,+,f,A1Pi,1,1,0.0,1.0,b,1.69321,1.7e-29
47703,49797.554053,2148,89,+,f,A1Pi,2,1,0.0,1.0,b,1.70603,2.3e-29
47704,50518.645624,2148,89,+,f,A1Pi,3,1,0.0,1.0,b,1.71928,3.2e-29
47705,51225.792074,2148,89,+,f,A1Pi,4,1,0.0,1.0,b,1.73298,6.6e-29
47706,51918.664966,2148,89,+,f,A1Pi,5,1,0.0,1.0,b,1.74714,1.4e-28
47707,52597.06598,2148,89,+,f,A1Pi,6,1,0.0,1.0,b,1.76177,8.2e-28
47708,53260.934215,2148,89,+,f,A1Pi,7,1,0.0,1.0,b,1.77683,1.6e-26
47709,53910.34637,2148,89,+,f,A1Pi,8,1,0.0,1.0,b,1.79229,3.4e-25
47710,54545.508792,2148,89,+,f,A1Pi,9,1,0.0,1.0,b,1.80811,5.3e-24
47978,48316.028675,2148,89,-,e,A1Pi,0,-1,0.0,-1.0,b,1.68076,4.2e-29
47982,49063.568174,2148,89,-,e,A1Pi,1,-1,0.0,-1.0,b,1.69322,2.6e-29
47987,49798.150185,2148,89,-,e,A1Pi,2,-1,0.0,-1.0,b,1.70604,3.1e-29
47991,50519.231944,2148,89,-,e,A1Pi,3,-1,0.0,-1.0,b,1.71929,5.4e-29
47996,51226.368297,2148,89,-,e,A1Pi,4,-1,0.0,-1.0,b,1.73299,1e-28
48001,51919.230835,2148,89,-,e,A1Pi,5,-1,0.0,-1.0,b,1.74715,3e-28
48006,52597.621287,2148,89,-,e,A1Pi,6,-1,0.0,-1.0,b,1.76178,1.4e-27
48012,53261.47882,2148,89,-,e,A1Pi,7,-1,0.0,-1.0,b,1.77684,1.9e-26
48019,53910.880212,2148,89,-,e,A1Pi,8,-1,0.0,-1.0,b,1.79231,3.5e-25
48027,54546.031892,2148,89,-,e,A1Pi,9,-1,0.0,-1.0,b,1.80813,5.1e-24
48338,48412.561035,2172,90,+,e,A1Pi,0,1,0.0,1.0,b,1.68138,3.3e-29
48343,49159.091871,2172,90,+,e,A1Pi,1,1,0.0,1.0,b,1.69386,4.9e-29
48347,49892.647604,2172,90,+,e,A1Pi,2,1,0.0,1.0,b,1.7067,4.5e-29
48352,50612.681556,2172,90,+,e,A1Pi,3,1,0.0,1.0,b,1.71998,5.9e-29
48356,51318.747195,2172,90,+,e,A1Pi,4,1,0.0,1.0,b,1.7337,1.2e-28
48361,52010.51688,2172,90,+,e,A1Pi,5,1,0.0,1.0,b,1.7479,2.9e-28
48367,52687.794917,2172,90,+,e,A1Pi,6,1,0.0,1.0,b,1.76255,9.6e-28
48373,53350.524505,2172,90,+,e,A1Pi,7,1,0.0,1.0,b,1.77765,1.2e-26
48379,53998.787485,2172,90,+,e,A1Pi,8,1,0.0,1.0,b,1.79314,2.5e-25
48388,54632.795901,2172,90,+,e,A1Pi,9,1,0.0,1.0,b,1.80899,4e-24
48601,48411.933554,2172,90,-,f,A1Pi,0,-1,0.0,-1.0,b,1.68137,3.2e-29
48602,49158.473908,2172,90,-,f,A1Pi,1,-1,0.0,-1.0,b,1.69385,1.7e-29
48603,49892.039395,2172,90,-,f,A1Pi,2,-1,0.0,-1.0,b,1.70669,2e-29
48604,50612.083383,2172,90,-,f,A1Pi,3,-1,0.0,-1.0,b,1.71996,2.8e-29
48605,51318.15935,2172,90,-,f,A1Pi,4,-1,0.0,-1.0,b,1.73369,5.3e-29
48606,52009.939625,2172,90,-,f,A1Pi,5,-1,0.0,-1.0,b,1.74788,1.2e-28
48607,52687.228463,2172,90,-,f,A1Pi,6,-1,0.0,-1.0,b,1.76254,4.8e-28
48608,53349.968992,2172,90,-,f,A1Pi,7,-1,0.0,-1.0,b,1.77763,9.5e-27
48609,53998.242972,2172,90,-,f,A1Pi,8,-1,0.0,-1.0,b,1.79313,2.4e-25
48610,54632.262361,2172,90,-,f,A1Pi,9,-1,0.0,-1.0,b,1.80898,4.1e-24
48781,48509.454018,2196,91,+,f,A1Pi,0,1,0.0,1.0,b,1.68199,3.3e-29
48782,49254.973972,2196,91,+,f,A1Pi,1,1,0.0,1.0,b,1.69449,2e-29
48783,49987.500998,2196,91,+,f,A1Pi,2,1,0.0,1.0,b,1.70736,2.8e-29
48784,50706.484589,2196,91,+,f,A1Pi,3,1,0.0,1.0,b,1.72066,3.4e-29
48785,51411.476903,2196,91,+,f,A1Pi,4,1,0.0,1.0,b,1.73441,6.1e-29
48786,52102.151122,2196,91,+,f,A1Pi,5,1,0.0,1.0,b,1.74864,9.2e-29
48787,52778.314182,2196,91,+,f,A1Pi,6,1,0.0,1.0,b,1.76332,2.7e-28
48788,53439.913353,2196,91,+,f,A1Pi,7,1,0.0,1.0,b,1.77845,5.2e-27
48789,54087.035573,2196,91,+,f,A1Pi,8,1,0.0,1.0,b,1.79397,1.6e-25
48790,54719.898514,2196,91,+,f,A1Pi,9,1,0.0,1.0,b,1.80985,3.1e-24
49058,48510.094081,2196,91,-,e,A1Pi,0,-1,0.0,-1.0,b,1.682,3.4e-29
49063,49255.604307,2196,91,-,e,A1Pi,1,-1,0.0,-1.0,b,1.6945,2.4e-29
49067,49988.121361,2196,91,-,e,A1Pi,2,-1,0.0,-1.0,b,1.70737,2.5e-29
49072,50707.094688,2196,91,-,e,A1Pi,3,-1,0.0,-1.0,b,1.72067,8.3e-29
49077,51412.076441,2196,91,-,e,A1Pi,4,-1,0.0,-1.0,b,1.73442,1e-28
49082,52102.739831,2196,91,-,e,A1Pi,5,-1,0.0,-1.0,b,1.74865,2.2e-28
49087,52778.891849,2196,91,-,e,A1Pi,6,-1,0.0,-1.0,b,1.76334,6e-28
49093,53440.479837,2196,91,-,e,A1Pi,7,-1,0.0,-1.0,b,1.77846,7.2e-27
49100,54087.590818,2196,91,-,e,A1Pi,8,-1,0.0,-1.0,b,1.79399,1.7e-25
49108,54720.442551,2196,91,-,e,A1Pi,9,-1,0.0,-1.0,b,1.80987,4.5e-23
49419,48608.625393,2220,92,+,e,A1Pi,0,1,0.0,1.0,b,1.68263,3.3e-29
49423,49353.103032,2220,92,+,e,A1Pi,1,1,0.0,1.0,b,1.69515,2.7e-29
49428,50084.568964,2220,92,+,e,A1Pi,2,1,0.0,1.0,b,1.70805,4.4e-29
49432,50802.468799,2220,92,+,e,A1Pi,3,1,0.0,1.0,b,1.72137,5.4e-29
49437,51506.353441,2220,92,+,e,A1Pi,4,1,0.0,1.0,b,1.73516,9.4e-29
49442,52195.897044,2220,92,+,e,A1Pi,5,1,0.0,1.0,b,1.74941,2.3e-28
49448,52870.909389,2220,92,+,e,A1Pi,6,1,0.0,1.0,b,1.76413,4.4e-28
49454,53531.342082,2220,92,+,e,A1Pi,7,1,0.0,1.0,b,1.77929,3.9e-27
49461,54177.287443,2220,92,+,e,A1Pi,8,1,0.0,1.0,b,1.79485,1.1e-25
49470,54808.969055,2220,92,+,e,A1Pi,9,1,0.0,1.0,b,1.81075,2.8e-24
49681,48607.972669,2220,92,-,f,A1Pi,0,-1,0.0,-1.0,b,1.68262,3.5e-29
49682,49352.460247,2220,92,-,f,A1Pi,1,-1,0.0,-1.0,b,1.69514,1.9e-29
49683,50083.936373,2220,92,-,f,A1Pi,2,-1,0.0,-1.0,b,1.70804,1.9e-29
49684,50801.846702,2220,92,-,f,A1Pi,3,-1,0.0,-1.0,b,1.72136,2.6e-29
49685,51505.742141,2220,92,-,f,A1Pi,4,-1,0.0,-1.0,b,1.73514,5.9e-29
49686,52195.296815,2220,92,-,f,A1Pi,5,-1,0.0,-1.0,b,1.7494,8e-29
49687,52870.320447,2220,92,-,f,A1Pi,6,-1,0.0,-1.0,b,1.76412,1.6e-28
49688,53530.764567,2220,92,-,f,A1Pi,7,-1,0.0,-1.0,b,1.77927,2.4e-27
49689,54176.721409,2220,92,-,f,A1Pi,8,-1,0.0,-1.0,b,1.79483,1e-25
49690,54808.414465,2220,92,-,f,A1Pi,9,-1,0.0,-1.0,b,1.81074,2.3e-24
49861,48707.487061,2244,93,+,f,A1Pi,0,1,0.0,1.0,b,1.68326,2.7e-29
49862,49450.930254,2244,93,+,f,A1Pi,1,1,0.0,1.0,b,1.6958,2e-29
49863,50181.342997,2244,93,+,f,A1Pi,2,1,0.0,1.0,b,1.70872,2.4e-29
49864,50898.16715,2244,93,+,f,A1Pi,3,1,0.0,1.0,b,1.72207,2.9e-29
49865,51600.95244,2244,93,+,f,A1Pi,4,1,0.0,1.0,b,1.73589,6.6e-29
49866,52289.374027,2244,93,+,f,A1Pi,5,1,0.0,1.0,b,1.75017,7.2e-29
49867,52963.244532,2244,93,+,f,A1Pi,6,1,0.0,1.0,b,1.76492,8.8e-29
49868,53622.519866,2244,93,+,f,A1Pi,7,1,0.0,1.0,b,1.78011,8.7e-28
49869,54267.297679,2244,93,+,f,A1Pi,8,1,0.0,1.0,b,1.7957,5.7e-26
49870,54897.807389,2244,93,+,f,A1Pi,9,1,0.0,1.0,b,1.81164,1.6e-24
50139,48708.152524,2244,93,-,e,A1Pi,0,-1,0.0,-1.0,b,1.68327,4.2e-29
50143,49451.585563,2244,93,-,e,A1Pi,1,-1,0.0,-1.0,b,1.69581,3.6e-29
50148,50181.987889,2244,93,-,e,A1Pi,2,-1,0.0,-1.0,b,1.70873,4.1e-29
50153,50898.801315,2244,93,-,e,A1Pi,3,-1,0.0,-1.0,b,1.72208,5.8e-29
50157,51601.575567,2244,93,-,e,A1Pi,4,-1,0.0,-1.0,b,1.7359,1e-28
50163,52289.985839,2244,93,-,e,A1Pi,5,-1,0.0,-1.0,b,1.75019,1.7e-28
50168,52963.84481,2244,93,-,e,A1Pi,6,-1,0.0,-1.0,b,1.76494,3.7e-28
50174,53623.108471,2244,93,-,e,A1Pi,7,-1,0.0,-1.0,b,1.78013,2.3e-27
50182,54267.87456,2244,93,-,e,A1Pi,8,-1,0.0,-1.0,b,1.79571,6.4e-26
50191,54898.372587,2244,93,-,e,A1Pi,9,-1,0.0,-1.0,b,1.81165,1.6e-24
50499,48808.672997,2268,94,+,e,A1Pi,0,1,0.0,1.0,b,1.68392,5.1e-29
50504,49551.049392,2268,94,+,e,A1Pi,1,1,0.0,1.0,b,1.69648,3.7e-29
50508,50280.37558,2268,94,+,e,A1Pi,2,1,0.0,1.0,b,1.70943,4.9e-29
50513,50996.08963,2268,94,+,e,A1Pi,3,1,0.0,1.0,b,1.72281,4.6e-29
50518,51697.740162,2268,94,+,e,A1Pi,4,1,0.0,1.0,b,1.73665,8.3e-29
50523,52385.003504,2268,94,+,e,A1Pi,5,1,0.0,1.0,b,1.75097,2.1e-28
50529,53057.695351,2268,94,+,e,A1Pi,6,1,0.0,1.0,b,1.76575,3e-28
50535,53715.7762,2268,94,+,e,A1Pi,7,1,0.0,1.0,b,1.78097,8.7e-28
50542,54359.34933,2268,94,+,e,A1Pi,8,1,0.0,1.0,b,1.79659,3.4e-26
50552,54988.650287,2268,94,+,e,A1Pi,9,1,0.0,1.0,b,1.81256,1.2e-24
50761,48807.99472,2268,94,-,f,A1Pi,0,-1,0.0,-1.0,b,1.68391,4.1e-29
50762,49550.381485,2268,94,-,f,A1Pi,1,-1,0.0,-1.0,b,1.69647,2e-29
50763,50279.718318,2268,94,-,f,A1Pi,2,-1,0.0,-1.0,b,1.70941,3.9e-29
50764,50995.443329,2268,94,-,f,A1Pi,3,-1,0.0,-1.0,b,1.72279,3.6e-29
50765,51697.105141,2268,94,-,f,A1Pi,4,-1,0.0,-1.0,b,1.73664,6.8e-29
50766,52384.380045,2268,94,-,f,A1Pi,5,-1,0.0,-1.0,b,1.75095,7.2e-29
50767,53057.083676,2268,94,-,f,A1Pi,6,-1,0.0,-1.0,b,1.76574,8.7e-29
50768,53715.176448,2268,94,-,f,A1Pi,7,-1,0.0,-1.0,b,1.78096,2.5e-28
50769,54358.761548,2268,94,-,f,A1Pi,8,-1,0.0,-1.0,b,1.79658,2.8e-26
50770,54988.074429,2268,94,-,f,A1Pi,9,-1,0.0,-1.0,b,1.81255,1.1e-24
50941,48909.49314,2292,95,+,f,A1Pi,0,1,0.0,1.0,b,1.68457,3.6e-29
50942,49650.811402,2292,95,+,f,A1Pi,1,1,0.0,1.0,b,1.69715,2.3e-29
50943,50379.059751,2292,95,+,f,A1Pi,2,1,0.0,1.0,b,1.71012,4.5e-29
50944,51093.672604,2292,95,+,f,A1Pi,3,1,0.0,1.0,b,1.72352,3.1e-29
50945,51794.197553,2292,95,+,f,A1Pi,4,1,0.0,1.0,b,1.7374,6.3e-29
50946,52480.312126,2292,95,+,f,A1Pi,5,1,0.0,1.0,b,1.75175,6.6e-29
50947,53151.835084,2292,95,+,f,A1Pi,6,1,0.0,1.0,b,1.76656,1.1e-28
50948,53808.731475,2292,95,+,f,A1Pi,7,1,0.0,1.0,b,1.78182,3.1e-28
50949,54451.110145,2292,95,+,f,A1Pi,8,1,0.0,1.0,b,1.79747,1.1e-26
50950,55079.212691,2292,95,+,f,A1Pi,9,1,0.0,1.0,b,1.81347,7e-25
51220,48910.184306,2292,95,-,e,A1Pi,0,-1,0.0,-1.0,b,1.68458,4e-29
51224,49651.491978,2292,95,-,e,A1Pi,1,-1,0.0,-1.0,b,1.69716,3.7e-29
51229,50379.729453,2292,95,-,e,A1Pi,2,-1,0.0,-1.0,b,1.71013,4.8e-29
51233,51094.331106,2292,95,-,e,A1Pi,3,-1,0.0,-1.0,b,1.72354,7.5e-29
51238,51794.84453,2292,95,-,e,A1Pi,4,-1,0.0,-1.0,b,1.73741,1.4e-28
51244,52480.94729,2292,95,-,e,A1Pi,5,-1,0.0,-1.0,b,1.75176,1.7e-28
51249,53152.458213,2292,95,-,e,A1Pi,6,-1,0.0,-1.0,b,1.76658,2.9e-28
51256,53809.342429,2292,95,-,e,A1Pi,7,-1,0.0,-1.0,b,1.78183,4.5e-28
51263,54451.708879,2292,95,-,e,A1Pi,8,-1,0.0,-1.0,b,1.79749,1.5e-26
51274,55079.799258,2292,95,-,e,A1Pi,9,-1,0.0,-1.0,b,1.81349,2e-22
51580,49012.683915,2316,96,+,e,A1Pi,0,1,0.0,1.0,b,1.68524,5.8e-29
51584,49752.910751,2316,96,+,e,A1Pi,1,1,0.0,1.0,b,1.69785,3.8e-29
51589,50480.04689,2316,96,+,e,A1Pi,2,1,0.0,1.0,b,1.71084,4.4e-29
51594,51193.523073,2316,96,+,e,A1Pi,3,1,0.0,1.0,b,1.72428,5.3e-29
51599,51892.885947,2316,96,+,e,A1Pi,4,1,0.0,1.0,b,1.73818,1.2e-28
51604,52577.814417,2316,96,+,e,A1Pi,5,1,0.0,1.0,b,1.75257,2.7e-28
51610,53248.130564,2316,96,+,e,A1Pi,6,1,0.0,1.0,b,1.76742,2.5e-28
51616,53903.804281,2316,96,+,e,A1Pi,7,1,0.0,1.0,b,1.78271,5.4e-28
51624,54544.950299,2316,96,+,e,A1Pi,8,1,0.0,1.0,b,1.79839,7.8e-27
51841,49011.97979,2316,96,-,f,A1Pi,0,-1,0.0,-1.0,b,1.68523,3.1e-29
51842,49752.217436,2316,96,-,f,A1Pi,1,-1,0.0,-1.0,b,1.69783,2.5e-29
51843,50479.364682,2316,96,-,f,A1Pi,2,-1,0.0,-1.0,b,1.71083,2.7e-29
51844,51192.852305,2316,96,-,f,A1Pi,3,-1,0.0,-1.0,b,1.72426,3.2e-29
51845,51892.226953,2316,96,-,f,A1Pi,4,-1,0.0,-1.0,b,1.73817,6.1e-29
51846,52577.167488,2316,96,-,f,A1Pi,5,-1,0.0,-1.0,b,1.75255,8.9e-29
51847,53247.495927,2316,96,-,f,A1Pi,6,-1,0.0,-1.0,b,1.7674,1.1e-28
51848,53903.182073,2316,96,-,f,A1Pi,7,-1,0.0,-1.0,b,1.78269,8e-28
51849,54544.340562,2316,96,-,f,A1Pi,8,-1,0.0,-1.0,b,1.79838,2.2e-27
52021,49115.452106,2340,97,+,f,A1Pi,0,1,0.0,1.0,b,1.6859,3e-29
52022,49854.596989,2340,97,+,f,A1Pi,1,1,0.0,1.0,b,1.69853,2.6e-29
52023,50580.630464,2340,97,+,f,A1Pi,2,1,0.0,1.0,b,1.71155,2.7e-29
52024,51292.979733,2340,97,+,f,A1Pi,3,1,0.0,1.0,b,1.72501,3.3e-29
52025,51991.190581,2340,97,+,f,A1Pi,4,1,0.0,1.0,b,1.73895,6.4e-29
52026,52674.943319,2340,97,+,f,A1Pi,5,1,0.0,1.0,b,1.75337,6.1e-29
52027,53344.063337,2340,97,+,f,A1Pi,6,1,0.0,1.0,b,1.76825,1.4e-28
52028,53998.525332,2340,97,+,f,A1Pi,7,1,0.0,1.0,b,1.78357,1.5e-27
52029,54638.449855,2340,97,+,f,A1Pi,8,1,0.0,1.0,b,1.79929,2.6e-28
52300,49116.169261,2340,97,-,e,A1Pi,0,-1,0.0,-1.0,b,1.68592,5.6e-29
52305,49855.303109,2340,97,-,e,A1Pi,1,-1,0.0,-1.0,b,1.69854,4.4e-29
52309,50581.325244,2340,97,-,e,A1Pi,2,-1,0.0,-1.0,b,1.71156,4.4e-29
52314,51293.662828,2340,97,-,e,A1Pi,3,-1,0.0,-1.0,b,1.72503,5.6e-29
52319,51991.861651,2340,97,-,e,A1Pi,4,-1,0.0,-1.0,b,1.73896,1.3e-28
52324,52675.602067,2340,97,-,e,A1Pi,5,-1,0.0,-1.0,b,1.75338,2.3e-28
52330,53344.709536,2340,97,-,e,A1Pi,6,-1,0.0,-1.0,b,1.76827,3.8e-28
52337,53999.158845,2340,97,-,e,A1Pi,7,-1,0.0,-1.0,b,1.78359,9.3e-28
52345,54639.070644,2340,97,-,e,A1Pi,8,-1,0.0,-1.0,b,1.79931,3.1e-27
52660,49220.63775,2364,98,+,e,A1Pi,0,1,0.0,1.0,b,1.6866,5.5e-29
52665,49958.666423,2364,98,+,e,A1Pi,1,1,0.0,1.0,b,1.69925,4.1e-29
52670,50683.561835,2364,98,+,e,A1Pi,2,1,0.0,1.0,b,1.71229,6.1e-29
52674,51394.747636,2364,98,+,e,A1Pi,3,1,0.0,1.0,b,1.72579,7.3e-29
52679,52091.76885,2364,98,+,e,A1Pi,4,1,0.0,1.0,b,1.73975,1.3e-28
52685,52774.30739,2364,98,+,e,A1Pi,5,1,0.0,1.0,b,1.75421,2.3e-28
52691,53442.192225,2364,98,+,e,A1Pi,6,1,0.0,1.0,b,1.76912,4.2e-28
52698,54095.403172,2364,98,+,e,A1Pi,7,1,0.0,1.0,b,1.78448,1.9e-27
52706,54734.066932,2364,98,+,e,A1Pi,8,1,0.0,1.0,b,1.80024,6.7e-27
52921,49219.907498,2364,98,-,f,A1Pi,0,-1,0.0,-1.0,b,1.68658,4.1e-29
52922,49957.947432,2364,98,-,f,A1Pi,1,-1,0.0,-1.0,b,1.69923,2.7e-29
52923,50682.854421,2364,98,-,f,A1Pi,2,-1,0.0,-1.0,b,1.71228,2.4e-29
52924,51394.052154,2364,98,-,f,A1Pi,3,-1,0.0,-1.0,b,1.72577,4.1e-29
52925,52091.085646,2364,98,-,f,A1Pi,4,-1,0.0,-1.0,b,1.73974,6.2e-29
52926,52773.636768,2364,98,-,f,A1Pi,5,-1,0.0,-1.0,b,1.75419,8e-29
52927,53441.534412,2364,98,-,f,A1Pi,6,-1,0.0,-1.0,b,1.76911,1.7e-28
52928,54094.758306,2364,98,-,f,A1Pi,7,-1,0.0,-1.0,b,1.78447,2.3e-27
52929,54733.435044,2364,98,-,f,A1Pi,8,-1,0.0,-1.0,b,1.80022,3.4e-27
53101,49325.343344,2388,99,+,f,A1Pi,0,1,0.0,1.0,b,1.68727,4.3e-29
53102,50062.266105,2388,99,+,f,A1Pi,1,1,0.0,1.0,b,1.69994,2.4e-29
53103,50786.033843,2388,99,+,f,A1Pi,2,1,0.0,1.0,b,1.71302,3.1e-29
53104,51496.066801,2388,99,+,f,A1Pi,3,1,0.0,1.0,b,1.72654,3.4e-29
53105,52191.909323,2388,99,+,f,A1Pi,4,1,0.0,1.0,b,1.74054,7.2e-29
53106,52873.24495,2388,99,+,f,A1Pi,5,1,0.0,1.0,b,1.75503,7.4e-29
53107,53539.906217,2388,99,+,f,A1Pi,6,1,0.0,1.0,b,1.76998,1.8e-28
53108,54191.878012,2388,99,+,f,A1Pi,7,1,0.0,1.0,b,1.78537,3.1e-27
53109,54829.293113,2388,99,+,f,A1Pi,8,1,0.0,1.0,b,1.80116,9.5e-27
53381,49326.08676,2388,99,-,e,A1Pi,0,-1,0.0,-1.0,b,1.68728,4.4e-29
53385,50062.998032,2388,99,-,e,A1Pi,1,-1,0.0,-1.0,b,1.69996,4e-29
53390,50786.753952,2388,99,-,e,A1Pi,2,-1,0.0,-1.0,b,1.71303,5.9e-29
53395,51496.774729,2388,99,-,e,A1Pi,3,-1,0.0,-1.0,b,1.72655,7.1e-29
53400,52192.604714,2388,99,-,e,A1Pi,4,-1,0.0,-1.0,b,1.74056,1.4e-28
53405,52873.927499,2388,99,-,e,A1Pi,5,-1,0.0,-1.0,b,1.75504,2.6e-28
53412,53540.575692,2388,99,-,e,A1Pi,6,-1,0.0,-1.0,b,1.77,4.9e-28
53418,54192.53428,2388,99,-,e,A1Pi,7,-1,0.0,-1.0,b,1.78539,2.5e-27
53427,54829.936143,2388,99,-,e,A1Pi,8,-1,0.0,-1.0,b,1.80118,1.3e-26
53741,49432.513638,2412,100,+,e,A1Pi,0,1,0.0,1.0,b,1.68798,4e-29
53746,50168.295243,2412,100,+,e,A1Pi,1,1,0.0,1.0,b,1.70068,3.8e-29
53750,50890.898852,2412,100,+,e,A1Pi,2,1,0.0,1.0,b,1.71378,5.7e-29
53755,51599.741305,2412,100,+,e,A1Pi,3,1,0.0,1.0,b,1.72733,9.3e-29
53760,52294.366383,2412,100,+,e,A1Pi,4,1,0.0,1.0,b,1.74137,1.8e-28
53766,52974.459473,2412,100,+,e,A1Pi,5,1,0.0,1.0,b,1.75589,1.7e-28
53772,53639.856961,2412,100,+,e,A1Pi,6,1,0.0,1.0,b,1.77088,5.3e-28
53779,54290.549145,2412,100,+,e,A1Pi,7,1,0.0,1.0,b,1.78631,3e-27
53788,54926.675224,2412,100,+,e,A1Pi,8,1,0.0,1.0,b,1.80213,4.6e-26
54001,49431.756994,2412,100,-,f,A1Pi,0,-1,0.0,-1.0,b,1.68797,3e-29
54002,50167.55032,2412,100,-,f,A1Pi,1,-1,0.0,-1.0,b,1.70066,2.2e-29
54003,50890.165989,2412,100,-,f,A1Pi,2,-1,0.0,-1.0,b,1.71376,2.5e-29
54004,51599.020876,2412,100,-,f,A1Pi,3,-1,0.0,-1.0,b,1.72732,4e-29
54005,52293.65875,2412,100,-,f,A1Pi,4,-1,0.0,-1.0,b,1.74135,6.6e-29
54006,52973.764948,2412,100,-,f,A1Pi,5,-1,0.0,-1.0,b,1.75587,7.6e-29
54007,53639.175776,2412,100,-,f,A1Pi,6,-1,0.0,-1.0,b,1.77086,2.4e-28
54008,54289.881433,2412,100,-,f,A1Pi,7,-1,0.0,-1.0,b,1.78629,4e-27
54009,54926.021007,2412,100,-,f,A1Pi,8,-1,0.0,-1.0,b,1.80211,1.8e-26
54181,49539.145768,2436,101,+,f,A1Pi,0,1,0.0,1.0,b,1.68867,4.5e-29
54182,50273.797355,2436,101,+,f,A1Pi,1,1,0.0,1.0,b,1.70139,2.8e-29
54183,50995.248086,2436,101,+,f,A1Pi,2,1,0.0,1.0,b,1.71452,3.5e-29
54184,51702.911547,2436,101,+,f,A1Pi,3,1,0.0,1.0,b,1.7281,4.3e-29
54185,52396.331033,2436,101,+,f,A1Pi,4,1,0.0,1.0,b,1.74217,6.1e-29
54186,53075.193805,2436,101,+,f,A1Pi,5,1,0.0,1.0,b,1.75673,8.6e-29
54187,53739.34008,2436,101,+,f,A1Pi,6,1,0.0,1.0,b,1.77175,2e-28
54188,54388.765511,2436,101,+,f,A1Pi,7,1,0.0,1.0,b,1.78722,4.4e-27
54189,55023.615638,2436,101,+,f,A1Pi,8,1,0.0,1.0,b,1.80308,2.6e-26
54461,49539.915701,2436,101,-,e,A1Pi,0,-1,0.0,-1.0,b,1.68869,4.7e-29
54466,50274.555334,2436,101,-,e,A1Pi,1,-1,0.0,-1.0,b,1.70141,5e-29
54471,50995.99376,2436,101,-,e,A1Pi,2,-1,0.0,-1.0,b,1.71453,7.6e-29
54476,51703.644531,2436,101,-,e,A1Pi,3,-1,0.0,-1.0,b,1.72812,4.8e-29
54481,52397.050958,2436,101,-,e,A1Pi,4,-1,0.0,-1.0,b,1.74219,1.3e-28
54486,53075.900354,2436,101,-,e,A1Pi,5,-1,0.0,-1.0,b,1.75674,2.4e-28
54493,53740.03302,2436,101,-,e,A1Pi,6,-1,0.0,-1.0,b,1.77177,4.4e-28
54500,54389.444712,2436,101,-,e,A1Pi,7,-1,0.0,-1.0,b,1.78723,4.1e-27
54510,55024.28108,2436,101,-,e,A1Pi,8,-1,0.0,-1.0,b,1.80309,3.5e-26
54822,49648.290239,2460,102,+,e,A1Pi,0,1,0.0,1.0,b,1.6894,5.5e-29
54826,50381.775552,2460,102,+,e,A1Pi,1,1,0.0,1.0,b,1.70214,6.8e-29
54831,51102.035868,2460,102,+,e,A1Pi,2,1,0.0,1.0,b,1.7153,7.8e-29
54836,51808.481538,2460,102,+,e,A1Pi,3,1,0.0,1.0,b,1.72892,1.1e-28
54841,52500.655509,2460,102,+,e,A1Pi,4,1,0.0,1.0,b,1.74302,1.6e-28
54847,53178.24715,2460,102,+,e,A1Pi,5,1,0.0,1.0,b,1.75761,2.9e-28
54853,53841.100822,2460,102,+,e,A1Pi,6,1,0.0,1.0,b,1.77267,5.3e-28
54861,54489.217884,2460,102,+,e,A1Pi,7,1,0.0,1.0,b,1.78818,4.8e-27
54871,55122.750584,2460,102,+,e,A1Pi,8,1,0.0,1.0,b,1.80407,1.2e-25
55081,49647.506957,2460,102,-,f,A1Pi,0,-1,0.0,-1.0,b,1.68938,4e-29
55082,50381.00446,2460,102,-,f,A1Pi,1,-1,0.0,-1.0,b,1.70213,3.2e-29
55083,51101.277329,2460,102,-,f,A1Pi,2,-1,0.0,-1.0,b,1.71528,2.8e-29
55084,51807.735946,2460,102,-,f,A1Pi,3,-1,0.0,-1.0,b,1.7289,4.1e-29
55085,52499.923243,2460,102,-,f,A1Pi,4,-1,0.0,-1.0,b,1.743,6.6e-29
55086,53177.528531,2460,102,-,f,A1Pi,5,-1,0.0,-1.0,b,1.75759,1e-28
55087,53840.396083,2460,102,-,f,A1Pi,6,-1,0.0,-1.0,b,1.77266,2e-28
55088,54488.527155,2460,102,-,f,A1Pi,7,-1,0.0,-1.0,b,1.78816,4.7e-27
55089,55122.073877,2460,102,-,f,A1Pi,8,-1,0.0,-1.0,b,1.80405,3.5e-26
55261,49756.837821,2484,103,+,f,A1Pi,0,1,0.0,1.0,b,1.69011,5.3e-29
55262,50489.168851,2484,103,+,f,A1Pi,1,1,0.0,1.0,b,1.70287,2.2e-29
55263,51208.250881,2484,103,+,f,A1Pi,2,1,0.0,1.0,b,1.71606,2.7e-29
55264,51913.491175,2484,103,+,f,A1Pi,3,1,0.0,1.0,b,1.72971,5.1e-29
55265,52604.432416,2484,103,+,f,A1Pi,4,1,0.0,1.0,b,1.74385,6.7e-29
55266,53280.766098,2484,103,+,f,A1Pi,5,1,0.0,1.0,b,1.75847,1.1e-28
55267,53942.340702,2484,103,+,f,A1Pi,6,1,0.0,1.0,b,1.77357,2.5e-28
55268,54589.163235,2484,103,+,f,A1Pi,7,1,0.0,1.0,b,1.78911,5e-27
55542,49757.63451,2484,103,-,e,A1Pi,0,-1,0.0,-1.0,b,1.69012,6e-29
55547,50489.953113,2484,103,-,e,A1Pi,1,-1,0.0,-1.0,b,1.70289,4.5e-29
55551,51209.022339,2484,103,-,e,A1Pi,2,-1,0.0,-1.0,b,1.71607,7.1e-29
55556,51914.249424,2484,103,-,e,A1Pi,3,-1,0.0,-1.0,b,1.72972,6.5e-29
55562,52605.17707,2484,103,-,e,A1Pi,4,-1,0.0,-1.0,b,1.74386,1.5e-28
55568,53281.496832,2484,103,-,e,A1Pi,5,-1,0.0,-1.0,b,1.75849,2.9e-28
55574,53943.05728,2484,103,-,e,A1Pi,6,-1,0.0,-1.0,b,1.77359,9e-28
55582,54589.865531,2484,103,-,e,A1Pi,7,-1,0.0,-1.0,b,1.78913,4.7e-27
55902,49867.945743,2508,104,+,e,A1Pi,0,1,0.0,1.0,b,1.69085,5.9e-29
55907,50599.085201,2508,104,+,e,A1Pi,1,1,0.0,1.0,b,1.70364,4.5e-29
55912,51316.950299,2508,104,+,e,A1Pi,2,1,0.0,1.0,b,1.71686,6.3e-29
55917,52020.945254,2508,104,+,e,A1Pi,3,1,0.0,1.0,b,1.73054,9e-29
55922,52710.612639,2508,104,+,e,A1Pi,4,1,0.0,1.0,b,1.74471,1.6e-28
55928,53385.646335,2508,104,+,e,A1Pi,5,1,0.0,1.0,b,1.75938,3.1e-28
55935,54045.899273,2508,104,+,e,A1Pi,6,1,0.0,1.0,b,1.77452,8.9e-28
55943,54691.384483,2508,104,+,e,A1Pi,7,1,0.0,1.0,b,1.79009,4.7e-27
56161,49867.13559,2508,104,-,f,A1Pi,0,-1,0.0,-1.0,b,1.69084,3.9e-29
56162,50598.287717,2508,104,-,f,A1Pi,1,-1,0.0,-1.0,b,1.70363,3.7e-29
56163,51316.165873,2508,104,-,f,A1Pi,2,-1,0.0,-1.0,b,1.71684,3.5e-29
56164,52020.174301,2508,104,-,f,A1Pi,3,-1,0.0,-1.0,b,1.73052,4.8e-29
56165,52709.855552,2508,104,-,f,A1Pi,4,-1,0.0,-1.0,b,1.7447,7.5e-29
56166,53384.903445,2508,104,-,f,A1Pi,5,-1,0.0,-1.0,b,1.75936,9.9e-29
56167,54045.170816,2508,104,-,f,A1Pi,6,-1,0.0,-1.0,b,1.7745,1.8e-28
56168,54690.670583,2508,104,-,f,A1Pi,7,-1,0.0,-1.0,b,1.79008,5e-27
56341,49978.397465,2532,105,+,f,A1Pi,0,1,0.0,1.0,b,1.69157,6.8e-29
56342,50708.358211,2532,105,+,f,A1Pi,1,1,0.0,1.0,b,1.70439,3e-29
56343,51425.019401,2532,105,+,f,A1Pi,2,1,0.0,1.0,b,1.71764,3.3e-29
56344,52127.782355,2532,105,+,f,A1Pi,3,1,0.0,1.0,b,1.73135,5.2e-29
56345,52816.189617,2532,105,+,f,A1Pi,4,1,0.0,1.0,b,1.74556,7.1e-29
56346,53489.937471,2532,105,+,f,A1Pi,5,1,0.0,1.0,b,1.76026,1.6e-28
56347,54148.883269,2532,105,+,f,A1Pi,6,1,0.0,1.0,b,1.77544,2.2e-28
56348,54793.045995,2532,105,+,f,A1Pi,7,1,0.0,1.0,b,1.79105,5e-27
56623,49979.221135,2532,105,-,e,A1Pi,0,-1,0.0,-1.0,b,1.69159,6.4e-29
56627,50709.16897,2532,105,-,e,A1Pi,1,-1,0.0,-1.0,b,1.70441,5.8e-29
56632,51425.816845,2532,105,-,e,A1Pi,2,-1,0.0,-1.0,b,1.71765,7.5e-29
56637,52128.566058,2532,105,-,e,A1Pi,3,-1,0.0,-1.0,b,1.73137,1e-28
56643,52816.959178,2532,105,-,e,A1Pi,4,-1,0.0,-1.0,b,1.74558,1.9e-28
56649,53490.692556,2532,105,-,e,A1Pi,5,-1,0.0,-1.0,b,1.76028,5.1e-28
56656,54149.623641,2532,105,-,e,A1Pi,6,-1,0.0,-1.0,b,1.77546,6.9e-28
56664,54793.771533,2532,105,-,e,A1Pi,7,-1,0.0,-1.0,b,1.79107,5.8e-27
56983,50091.457856,2556,106,+,e,A1Pi,0,1,0.0,1.0,b,1.69234,6.1e-29
56988,50820.201541,2556,106,+,e,A1Pi,1,1,0.0,1.0,b,1.70518,5.6e-29
56993,51535.619039,2556,106,+,e,A1Pi,2,1,0.0,1.0,b,1.71846,9.4e-29
56998,52237.108833,2556,106,+,e,A1Pi,3,1,0.0,1.0,b,1.7322,1.1e-28
57003,52924.213617,2556,106,+,e,A1Pi,4,1,0.0,1.0,b,1.74645,1.7e-28
57009,53596.632359,2556,106,+,e,A1Pi,5,1,0.0,1.0,b,1.76119,2.4e-28
57016,54254.227188,2556,106,+,e,A1Pi,6,1,0.0,1.0,b,1.77641,1e-27
57025,54897.023436,2556,106,+,e,A1Pi,7,1,0.0,1.0,b,1.79206,8.2e-27
57241,50090.620617,2556,106,-,f,A1Pi,0,-1,0.0,-1.0,b,1.69232,4.4e-29
57242,50819.377459,2556,106,-,f,A1Pi,1,-1,0.0,-1.0,b,1.70516,3.3e-29
57243,51534.80853,2556,106,-,f,A1Pi,2,-1,0.0,-1.0,b,1.71844,3.9e-29
57244,52236.312336,2556,106,-,f,A1Pi,3,-1,0.0,-1.0,b,1.73219,5.8e-29
57245,52923.43154,2556,106,-,f,A1Pi,4,-1,0.0,-1.0,b,1.74643,9e-29
57246,53595.865041,2556,106,-,f,A1Pi,5,-1,0.0,-1.0,b,1.76117,1.3e-28
57247,54253.474866,2556,106,-,f,A1Pi,6,-1,0.0,-1.0,b,1.77639,2.2e-28
57248,54896.286228,2556,106,-,f,A1Pi,7,-1,0.0,-1.0,b,1.79204,5e-27
57421,50203.802184,2580,107,+,f,A1Pi,0,1,0.0,1.0,b,1.69307,4.1e-29
57422,50931.342551,2580,107,+,f,A1Pi,1,1,0.0,1.0,b,1.70595,3.2e-29
57423,51645.530292,2580,107,+,f,A1Pi,2,1,0.0,1.0,b,1.71925,4.5e-29
57424,52345.761208,2580,107,+,f,A1Pi,3,1,0.0,1.0,b,1.73303,4.3e-29
57425,53031.578216,2580,107,+,f,A1Pi,4,1,0.0,1.0,b,1.74732,7.4e-29
57426,53702.682982,2580,107,+,f,A1Pi,5,1,0.0,1.0,b,1.7621,1.9e-28
57427,54358.942374,2580,107,+,f,A1Pi,6,1,0.0,1.0,b,1.77735,2.1e-28
57428,55000.388002,2580,107,+,f,A1Pi,7,1,0.0,1.0,b,1.79304,4.9e-27
57703,50204.653042,2580,107,-,e,A1Pi,0,-1,0.0,-1.0,b,1.69309,6.5e-29
57708,50932.180004,2580,107,-,e,A1Pi,1,-1,0.0,-1.0,b,1.70596,6.2e-29
57713,51646.35391,2580,107,-,e,A1Pi,2,-1,0.0,-1.0,b,1.71927,9.7e-29
57718,52346.57054,2580,107,-,e,A1Pi,3,-1,0.0,-1.0,b,1.73305,1.6e-28
57724,53032.372846,2580,107,-,e,A1Pi,4,-1,0.0,-1.0,b,1.74733,2e-28
57730,53703.462568,2580,107,-,e,A1Pi,5,-1,0.0,-1.0,b,1.76211,5.6e-28
57737,54359.706678,2580,107,-,e,A1Pi,6,-1,0.0,-1.0,b,1.77737,7.3e-28
57747,55001.13691,2580,107,-,e,A1Pi,7,-1,0.0,-1.0,b,1.79306,1.5e-25
58064,50318.803802,2604,108,+,e,A1Pi,0,1,0.0,1.0,b,1.69386,6.2e-29
58068,51045.101418,2604,108,+,e,A1Pi,1,1,0.0,1.0,b,1.70675,5e-29
58073,51758.018454,2604,108,+,e,A1Pi,2,1,0.0,1.0,b,1.72009,7.4e-29
58079,52456.948106,2604,108,+,e,A1Pi,3,1,0.0,1.0,b,1.73391,1.4e-28
58084,53141.433722,2604,108,+,e,A1Pi,4,1,0.0,1.0,b,1.74823,3e-28
58091,53811.179971,2604,108,+,e,A1Pi,5,1,0.0,1.0,b,1.76305,3e-28
58098,54466.05884,2604,108,+,e,A1Pi,6,1,0.0,1.0,b,1.77834,1.4e-27
58108,55106.108633,2604,108,+,e,A1Pi,7,1,0.0,1.0,b,1.79408,3.5e-26
58321,50317.939278,2604,108,-,f,A1Pi,0,-1,0.0,-1.0,b,1.69384,4e-29
58322,51044.250549,2604,108,-,f,A1Pi,1,-1,0.0,-1.0,b,1.70674,2.4e-29
58323,51757.181686,2604,108,-,f,A1Pi,2,-1,0.0,-1.0,b,1.72007,3.2e-29
58324,52456.1259,2604,108,-,f,A1Pi,3,-1,0.0,-1.0,b,1.73389,6.7e-29
58325,53140.626501,2604,108,-,f,A1Pi,4,-1,0.0,-1.0,b,1.74821,9.4e-29
58326,53810.388084,2604,108,-,f,A1Pi,5,-1,0.0,-1.0,b,1.76303,1.8e-28
58327,54465.282524,2604,108,-,f,A1Pi,6,-1,0.0,-1.0,b,1.77833,5.5e-28
58328,55105.347997,2604,108,-,f,A1Pi,7,-1,0.0,-1.0,b,1.79406,4.8e-27
58501,50433.028976,2628,109,+,f,A1Pi,0,1,0.0,1.0,b,1.69461,4.6e-29
58502,51158.098481,2628,109,+,f,A1Pi,1,1,0.0,1.0,b,1.70754,3.6e-29
58503,51869.759675,2628,109,+,f,A1Pi,2,1,0.0,1.0,b,1.7209,3.8e-29
58504,52567.403304,2628,109,+,f,A1Pi,3,1,0.0,1.0,b,1.73476,5.8e-29
58505,53250.573218,2628,109,+,f,A1Pi,4,1,0.0,1.0,b,1.74912,8.4e-29
58506,53918.977098,2628,109,+,f,A1Pi,5,1,0.0,1.0,b,1.76397,1.9e-28
58507,54572.492007,2628,109,+,f,A1Pi,6,1,0.0,1.0,b,1.77931,3.3e-28
58784,50433.907213,2628,109,-,e,A1Pi,0,-1,0.0,-1.0,b,1.69463,4.8e-29
58789,51158.962808,2628,109,-,e,A1Pi,1,-1,0.0,-1.0,b,1.70755,4.9e-29
58794,51870.609634,2628,109,-,e,A1Pi,2,-1,0.0,-1.0,b,1.72092,1.1e-28
58799,52568.238422,2628,109,-,e,A1Pi,3,-1,0.0,-1.0,b,1.73478,1.6e-28
58805,53251.393062,2628,109,-,e,A1Pi,4,-1,0.0,-1.0,b,1.74913,2.3e-28
58811,53919.781317,2628,109,-,e,A1Pi,5,-1,0.0,-1.0,b,1.76399,4.3e-28
58819,54573.280364,2628,109,-,e,A1Pi,6,-1,0.0,-1.0,b,1.77933,1.5e-27
59144,50549.960319,2652,110,+,e,A1Pi,0,1,0.0,1.0,b,1.69541,7.9e-29
59149,51273.76117,2652,110,+,e,A1Pi,1,1,0.0,1.0,b,1.70836,6.4e-29
59154,51984.124378,2652,110,+,e,A1Pi,2,1,0.0,1.0,b,1.72176,6.2e-29
59160,52680.438345,2652,110,+,e,A1Pi,3,1,0.0,1.0,b,1.73565,1.9e-28
59166,53362.24765,2652,110,+,e,A1Pi,4,1,0.0,1.0,b,1.75005,3.6e-28
59172,54029.26332,2652,110,+,e,A1Pi,5,1,0.0,1.0,b,1.76495,5.5e-28
59180,54681.367899,2652,110,+,e,A1Pi,6,1,0.0,1.0,b,1.78033,4.5e-27
59401,50549.068327,2652,110,-,f,A1Pi,0,-1,0.0,-1.0,b,1.69539,5e-29
59402,51272.883342,2652,110,-,f,A1Pi,1,-1,0.0,-1.0,b,1.70834,4.9e-29
59403,51983.26119,2652,110,-,f,A1Pi,2,-1,0.0,-1.0,b,1.72174,4.6e-29
59404,52679.590281,2652,110,-,f,A1Pi,3,-1,0.0,-1.0,b,1.73563,6.4e-29
59405,53361.415151,2652,110,-,f,A1Pi,4,-1,0.0,-1.0,b,1.75003,1.1e-28
59406,54028.44674,2652,110,-,f,A1Pi,5,-1,0.0,-1.0,b,1.76493,2.4e-28
59407,54680.567475,2652,110,-,f,A1Pi,6,-1,0.0,-1.0,b,1.78031,3e-28
59581,50666.054348,2676,111,+,f,A1Pi,0,1,0.0,1.0,b,1.69618,6.7e-29
59582,51388.602097,2676,111,+,f,A1Pi,1,1,0.0,1.0,b,1.70916,3.3e-29
59583,52097.68313,2676,111,+,f,A1Pi,2,1,0.0,1.0,b,1.7226,5.1e-29
59584,52792.683653,2676,111,+,f,A1Pi,3,1,0.0,1.0,b,1.73652,7.3e-29
59585,53473.149048,2676,111,+,f,A1Pi,4,1,0.0,1.0,b,1.75096,1.3e-28
59586,54138.793686,2676,111,+,f,A1Pi,5,1,0.0,1.0,b,1.7659,2.5e-28
59587,54789.505545,2676,111,+,f,A1Pi,6,1,0.0,1.0,b,1.78132,3.9e-28
59865,50666.960137,2676,111,-,e,A1Pi,0,-1,0.0,-1.0,b,1.6962,6.5e-29
59870,51389.493464,2676,111,-,e,A1Pi,1,-1,0.0,-1.0,b,1.70918,8.4e-29
59875,52098.559582,2676,111,-,e,A1Pi,2,-1,0.0,-1.0,b,1.72261,1.1e-28
59880,52793.544696,2676,111,-,e,A1Pi,3,-1,0.0,-1.0,b,1.73654,1.7e-28
59886,53473.994232,2676,111,-,e,A1Pi,4,-1,0.0,-1.0,b,1.75098,2.1e-28
59893,54139.622654,2676,111,-,e,A1Pi,5,-1,0.0,-1.0,b,1.76592,8.9e-28
59901,54790.318059,2676,111,-,e,A1Pi,6,-1,0.0,-1.0,b,1.78134,1.4e-26
60225,50784.90365,2700,112,+,e,A1Pi,0,1,0.0,1.0,b,1.697,9.1e-29
60230,51506.156619,2700,112,+,e,A1Pi,1,1,0.0,1.0,b,1.71001,7.3e-29
60235,52213.912106,2700,112,+,e,A1Pi,2,1,0.0,1.0,b,1.72347,9.4e-29
60241,52907.554259,2700,112,+,e,A1Pi,3,1,0.0,1.0,b,1.73744,2.3e-28
60247,53586.629515,2700,112,+,e,A1Pi,4,1,0.0,1.0,b,1.75192,3.7e-28
60254,54250.855954,2700,112,+,e,A1Pi,5,1,0.0,1.0,b,1.7669,1.2e-27
60263,54900.127416,2700,112,+,e,A1Pi,6,1,0.0,1.0,b,1.78236,1e-25
60481,50783.984025,2700,112,-,f,A1Pi,0,-1,0.0,-1.0,b,1.69698,4.9e-29
60482,51505.251677,2700,112,-,f,A1Pi,1,-1,0.0,-1.0,b,1.70999,3.9e-29
60483,52213.022355,2700,112,-,f,A1Pi,2,-1,0.0,-1.0,b,1.72346,4.7e-29
60484,52906.680207,2700,112,-,f,A1Pi,3,-1,0.0,-1.0,b,1.73742,7.4e-29
60485,53585.771619,2700,112,-,f,A1Pi,4,-1,0.0,-1.0,b,1.7519,1.2e-28
60486,54250.014576,2700,112,-,f,A1Pi,5,-1,0.0,-1.0,b,1.76688,2.7e-28
60487,54899.30279,2700,112,-,f,A1Pi,6,-1,0.0,-1.0,b,1.78234,6.3e-28
60661,50902.854313,2724,113,+,f,A1Pi,0,1,0.0,1.0,b,1.69779,5.1e-29
60662,51622.828981,2724,113,+,f,A1Pi,1,1,0.0,1.0,b,1.71083,3.2e-29
60663,52329.275696,2724,113,+,f,A1Pi,2,1,0.0,1.0,b,1.72433,4.3e-29
60664,53021.576694,2724,113,+,f,A1Pi,3,1,0.0,1.0,b,1.73833,8.8e-29
60665,53699.279538,2724,113,+,f,A1Pi,4,1,0.0,1.0,b,1.75285,1.1e-28
60666,54362.106007,2724,113,+,f,A1Pi,5,1,0.0,1.0,b,1.76787,3e-28
60667,55009.955747,2724,113,+,f,A1Pi,6,1,0.0,1.0,b,1.78338,1.4e-27
60946,50903.787812,2724,113,-,e,A1Pi,0,-1,0.0,-1.0,b,1.69781,9.2e-29
60951,51623.747532,2724,113,-,e,A1Pi,1,-1,0.0,-1.0,b,1.71084,8.7e-29
60956,52330.178776,2724,113,-,e,A1Pi,2,-1,0.0,-1.0,b,1.72435,1.3e-28
60961,53022.463784,2724,113,-,e,A1Pi,3,-1,0.0,-1.0,b,1.73835,1.7e-28
60968,53700.150171,2724,113,-,e,A1Pi,4,-1,0.0,-1.0,b,1.75287,3.8e-28
60975,54362.95982,2724,113,-,e,A1Pi,5,-1,0.0,-1.0,b,1.76789,6.9e-28
60984,55010.792504,2724,113,-,e,A1Pi,6,-1,0.0,-1.0,b,1.7834,4.2e-26
61306,51023.609544,2748,114,+,e,A1Pi,0,1,0.0,1.0,b,1.69862,8.1e-29
61311,51742.263065,2748,114,+,e,A1Pi,1,1,0.0,1.0,b,1.71169,7.5e-29
61316,52447.356384,2748,114,+,e,A1Pi,2,1,0.0,1.0,b,1.72523,9.8e-29
61322,53138.269983,2748,114,+,e,A1Pi,3,1,0.0,1.0,b,1.73927,2.1e-28
61328,53814.552833,2748,114,+,e,A1Pi,4,1,0.0,1.0,b,1.75383,5.9e-28
61336,54475.930808,2748,114,+,e,A1Pi,5,1,0.0,1.0,b,1.7689,1.4e-27
61346,55122.309819,2748,114,+,e,A1Pi,6,1,0.0,1.0,b,1.78445,5.2e-25
61561,51022.662137,2748,114,-,f,A1Pi,0,-1,0.0,-1.0,b,1.6986,4.4e-29
61562,51741.330873,2748,114,-,f,A1Pi,1,-1,0.0,-1.0,b,1.71167,4.2e-29
61563,52446.439944,2748,114,-,f,A1Pi,2,-1,0.0,-1.0,b,1.72521,5.3e-29
61564,53137.36983,2748,114,-,f,A1Pi,3,-1,0.0,-1.0,b,1.73925,9.9e-29
61565,53813.669439,2748,114,-,f,A1Pi,4,-1,0.0,-1.0,b,1.75381,1.4e-28
61566,54475.064543,2748,114,-,f,A1Pi,5,-1,0.0,-1.0,b,1.76888,3.1e-28
61567,55121.460914,2748,114,-,f,A1Pi,6,-1,0.0,-1.0,b,1.78443,8.9e-28
61741,51143.404388,2772,115,+,f,A1Pi,0,1,0.0,1.0,b,1.69943,5.9e-29
61742,51860.754185,2772,115,+,f,A1Pi,1,1,0.0,1.0,b,1.71253,4.6e-29
61743,52564.511859,2772,115,+,f,A1Pi,2,1,0.0,1.0,b,1.7261,6.6e-29
61744,53254.056292,2772,115,+,f,A1Pi,3,1,0.0,1.0,b,1.74018,1e-28
61745,53928.937922,2772,115,+,f,A1Pi,4,1,0.0,1.0,b,1.75478,1.1e-28
61746,54588.886704,2772,115,+,f,A1Pi,5,1,0.0,1.0,b,1.76989,5.2e-28
62026,51144.365735,2772,115,-,e,A1Pi,0,-1,0.0,-1.0,b,1.69945,9.5e-29
62032,51861.70005,2772,115,-,e,A1Pi,1,-1,0.0,-1.0,b,1.71255,1.1e-28
62037,52565.441685,2772,115,-,e,A1Pi,2,-1,0.0,-1.0,b,1.72612,1.2e-28
62043,53254.969532,2772,115,-,e,A1Pi,3,-1,0.0,-1.0,b,1.7402,1.9e-28
62049,53929.834095,2772,115,-,e,A1Pi,4,-1,0.0,-1.0,b,1.7548,3.5e-28
62057,54589.76544,2772,115,-,e,A1Pi,5,-1,0.0,-1.0,b,1.76991,1.6e-27
62387,51266.053245,2796,116,+,e,A1Pi,0,1,0.0,1.0,b,1.70028,9e-29
62392,51982.055281,2796,116,+,e,A1Pi,1,1,0.0,1.0,b,1.71341,8.2e-29
62397,52684.4314,2796,116,+,e,A1Pi,2,1,0.0,1.0,b,1.72702,1.9e-28
62403,53372.55907,2796,116,+,e,A1Pi,3,1,0.0,1.0,b,1.74114,2.4e-28
62410,54045.990515,2796,116,+,e,A1Pi,4,1,0.0,1.0,b,1.75578,6.3e-28
62418,54704.460194,2796,116,+,e,A1Pi,5,1,0.0,1.0,b,1.77094,2e-27
62641,51265.077927,2796,116,-,f,A1Pi,0,-1,0.0,-1.0,b,1.70026,6.7e-29
62642,51981.095717,2796,116,-,f,A1Pi,1,-1,0.0,-1.0,b,1.71339,5.8e-29
62643,52683.488165,2796,116,-,f,A1Pi,2,-1,0.0,-1.0,b,1.727,8.7e-29
62644,53371.632722,2796,116,-,f,A1Pi,3,-1,0.0,-1.0,b,1.74112,9.9e-29
62645,54045.081543,2796,116,-,f,A1Pi,4,-1,0.0,-1.0,b,1.75576,1.7e-28
62646,54703.568973,2796,116,-,f,A1Pi,5,-1,0.0,-1.0,b,1.77092,4.8e-28
62821,51387.679582,2820,117,+,f,A1Pi,0,1,0.0,1.0,b,1.70111,5.9e-29
62822,52102.352234,2820,117,+,f,A1Pi,1,1,0.0,1.0,b,1.71427,5.7e-29
62823,52803.365548,2820,117,+,f,A1Pi,2,1,0.0,1.0,b,1.72791,5.3e-29
62824,53490.095724,2820,117,+,f,A1Pi,3,1,0.0,1.0,b,1.74207,1.6e-28
62825,54162.096824,2820,117,+,f,A1Pi,4,1,0.0,1.0,b,1.75676,2.4e-28
62826,54819.107793,2820,117,+,f,A1Pi,5,1,0.0,1.0,b,1.77196,7.8e-28
63107,51388.6689,2820,117,-,e,A1Pi,0,-1,0.0,-1.0,b,1.70113,8.8e-29
63112,52103.325523,2820,117,-,e,A1Pi,1,-1,0.0,-1.0,b,1.71429,1.1e-28
63118,52804.322217,2820,117,-,e,A1Pi,2,-1,0.0,-1.0,b,1.72793,1.6e-28
63124,53491.035199,2820,117,-,e,A1Pi,3,-1,0.0,-1.0,b,1.74209,3.4e-28
63131,54163.01861,2820,117,-,e,A1Pi,4,-1,0.0,-1.0,b,1.75678,4.5e-28
63139,54820.011512,2820,117,-,e,A1Pi,5,-1,0.0,-1.0,b,1.77198,4.9e-27
63468,51512.209494,2844,118,+,e,A1Pi,0,1,0.0,1.0,b,1.70198,1e-28
63473,52225.507504,2844,118,+,e,A1Pi,1,1,0.0,1.0,b,1.71517,8.2e-29
63479,52925.110783,2844,118,+,e,A1Pi,2,1,0.0,1.0,b,1.72885,1.5e-28
63485,53610.394483,2844,118,+,e,A1Pi,3,1,0.0,1.0,b,1.74305,3.1e-28
63492,54280.914859,2844,118,+,e,A1Pi,4,1,0.0,1.0,b,1.75779,8.1e-28
63500,54936.415793,2844,118,+,e,A1Pi,5,1,0.0,1.0,b,1.77303,6.9e-26
63721,51511.206151,2844,118,-,f,A1Pi,0,-1,0.0,-1.0,b,1.70196,5.5e-29
63722,52224.520467,2844,118,-,f,A1Pi,1,-1,0.0,-1.0,b,1.71515,5.6e-29
63723,52924.140662,2844,118,-,f,A1Pi,2,-1,0.0,-1.0,b,1.72883,6.6e-29
63724,53609.441863,2844,118,-,f,A1Pi,3,-1,0.0,-1.0,b,1.74303,1.8e-28
63725,54279.980245,2844,118,-,f,A1Pi,4,-1,0.0,-1.0,b,1.75776,1.2e-28
63726,54935.499566,2844,118,-,f,A1Pi,5,-1,0.0,-1.0,b,1.77301,6.5e-28
63901,51635.654397,2868,119,+,f,A1Pi,0,1,0.0,1.0,b,1.70282,6.9e-29
63902,52347.597113,2868,119,+,f,A1Pi,1,1,0.0,1.0,b,1.71604,5.8e-29
63903,53045.810121,2868,119,+,f,A1Pi,2,1,0.0,1.0,b,1.72976,8.1e-29
63904,53729.66767,2868,119,+,f,A1Pi,3,1,0.0,1.0,b,1.744,1.6e-28
63905,54398.72825,2868,119,+,f,A1Pi,4,1,0.0,1.0,b,1.75878,2.1e-28
63906,55052.740654,2868,119,+,f,A1Pi,5,1,0.0,1.0,b,1.77408,6.7e-28
64188,51636.671789,2868,119,-,e,A1Pi,0,-1,0.0,-1.0,b,1.70284,1.3e-28
64194,52348.597919,2868,119,-,e,A1Pi,1,-1,0.0,-1.0,b,1.71606,1.4e-28
64199,53046.793713,2868,119,-,e,A1Pi,2,-1,0.0,-1.0,b,1.72978,2.1e-28
64205,53730.633448,2868,119,-,e,A1Pi,3,-1,0.0,-1.0,b,1.74403,2.6e-28
64213,54399.675702,2868,119,-,e,A1Pi,4,-1,0.0,-1.0,b,1.7588,9.3e-28
64222,55053.669398,2868,119,-,e,A1Pi,5,-1,0.0,-1.0,b,1.7741,7.5e-26
64549,51762.052515,2892,120,+,e,A1Pi,0,1,0.0,1.0,b,1.70371,6.8e-29
64554,52472.593428,2892,120,+,e,A1Pi,1,1,0.0,1.0,b,1.71697,1.2e-28
64560,53169.367584,2892,120,+,e,A1Pi,2,1,0.0,1.0,b,1.73072,1.7e-28
64566,53851.748582,2892,120,+,e,A1Pi,3,1,0.0,1.0,b,1.74501,4.3e-28
64574,54519.297538,2892,120,+,e,A1Pi,4,1,0.0,1.0,b,1.75983,1.3e-27
64801,51761.021052,2892,120,-,f,A1Pi,0,-1,0.0,-1.0,b,1.70369,8e-29
64802,52471.578834,2892,120,-,f,A1Pi,1,-1,0.0,-1.0,b,1.71695,5.5e-29
64803,53168.370507,2892,120,-,f,A1Pi,2,-1,0.0,-1.0,b,1.7307,7.2e-29
64804,53850.769634,2892,120,-,f,A1Pi,3,-1,0.0,-1.0,b,1.74499,1.6e-28
64805,54518.337238,2892,120,-,f,A1Pi,4,-1,0.0,-1.0,b,1.75981,2.9e-28
64981,51887.302817,2916,121,+,f,A1Pi,0,1,0.0,1.0,b,1.70457,8e-29
64982,52596.462259,2916,121,+,f,A1Pi,1,1,0.0,1.0,b,1.71786,6.1e-29
64983,53291.818361,2916,121,+,f,A1Pi,2,1,0.0,1.0,b,1.73166,7.6e-29
64984,53972.744206,2916,121,+,f,A1Pi,3,1,0.0,1.0,b,1.74598,1.5e-28
64985,54638.803574,2916,121,+,f,A1Pi,4,1,0.0,1.0,b,1.76085,2.5e-28
65269,51888.34837,2916,121,-,e,A1Pi,0,-1,0.0,-1.0,b,1.70459,1.3e-28
65275,52597.490657,2916,121,-,e,A1Pi,1,-1,0.0,-1.0,b,1.71788,1.5e-28
65280,53292.828937,2916,121,-,e,A1Pi,2,-1,0.0,-1.0,b,1.73168,3.2e-28
65287,53973.736335,2916,121,-,e,A1Pi,3,-1,0.0,-1.0,b,1.74601,6.3e-28
65295,54639.776727,2916,121,-,e,A1Pi,4,-1,0.0,-1.0,b,1.76088,1.4e-27
65630,52015.556018,2940,122,+,e,A1Pi,0,1,0.0,1.0,b,1.70548,1.2e-28
65635,52723.286197,2940,122,+,e,A1Pi,1,1,0.0,1.0,b,1.71881,1.6e-28
65641,53417.174276,2940,122,+,e,A1Pi,2,1,0.0,1.0,b,1.73264,3.8e-28
65648,54096.593118,2940,122,+,e,A1Pi,3,1,0.0,1.0,b,1.74701,5.4e-28
65656,54761.109589,2940,122,+,e,A1Pi,4,1,0.0,1.0,b,1.76193,3.6e-27
65881,52014.496358,2940,122,-,f,A1Pi,0,-1,0.0,-1.0,b,1.70546,6.6e-29
65882,52722.243981,2940,122,-,f,A1Pi,1,-1,0.0,-1.0,b,1.71878,6.7e-29
65883,53416.15019,2940,122,-,f,A1Pi,2,-1,0.0,-1.0,b,1.73262,7.9e-29
65884,54095.587801,2940,122,-,f,A1Pi,3,-1,0.0,-1.0,b,1.74699,1.7e-28
65885,54760.123578,2940,122,-,f,A1Pi,4,-1,0.0,-1.0,b,1.76191,4e-28
66061,52142.598308,2964,123,+,f,A1Pi,0,1,0.0,1.0,b,1.70636,8.4e-29
66062,52848.920557,2964,123,+,f,A1Pi,1,1,0.0,1.0,b,1.71972,6.2e-29
66063,53541.362462,2964,123,+,f,A1Pi,2,1,0.0,1.0,b,1.73359,6.7e-29
66064,54219.296792,2964,123,+,f,A1Pi,3,1,0.0,1.0,b,1.74801,2.1e-28
66065,54882.293532,2964,123,+,f,A1Pi,4,1,0.0,1.0,b,1.76297,5.8e-28
66350,52143.67209,2964,123,-,e,A1Pi,0,-1,0.0,-1.0,b,1.70638,1.3e-28
66356,52849.976603,2964,123,-,e,A1Pi,1,-1,0.0,-1.0,b,1.71974,1.7e-28
66362,53542.400066,2964,123,-,e,A1Pi,2,-1,0.0,-1.0,b,1.73362,2.6e-28
66369,54220.315301,2964,123,-,e,A1Pi,3,-1,0.0,-1.0,b,1.74803,4.9e-28
66377,54883.292401,2964,123,-,e,A1Pi,4,-1,0.0,-1.0,b,1.763,3.3e-27
66711,52272.693184,2988,124,+,e,A1Pi,0,1,0.0,1.0,b,1.70729,1.1e-28
66716,52977.558396,2988,124,+,e,A1Pi,1,1,0.0,1.0,b,1.72068,1.9e-28
66723,53668.502736,2988,124,+,e,A1Pi,2,1,0.0,1.0,b,1.7346,2.7e-28
66730,54344.899217,2988,124,+,e,A1Pi,3,1,0.0,1.0,b,1.74906,1.2e-27
66738,55006.321403,2988,124,+,e,A1Pi,4,1,0.0,1.0,b,1.76408,1.8e-25
66961,52271.605268,2988,124,-,f,A1Pi,0,-1,0.0,-1.0,b,1.70727,9.3e-29
66962,52976.488511,2988,124,-,f,A1Pi,1,-1,0.0,-1.0,b,1.72066,5.8e-29
66963,53667.451608,2988,124,-,f,A1Pi,2,-1,0.0,-1.0,b,1.73458,1.1e-28
66964,54343.867514,2988,124,-,f,A1Pi,3,-1,0.0,-1.0,b,1.74904,3.2e-28
66965,55005.309675,2988,124,-,f,A1Pi,4,-1,0.0,-1.0,b,1.76405,6.9e-28
67141,52401.513806,3012,125,+,f,A1Pi,0,1,0.0,1.0,b,1.70819,1.1e-28
67142,53104.944329,3012,125,+,f,A1Pi,1,1,0.0,1.0,b,1.72162,6.9e-29
67143,53794.414022,3012,125,+,f,A1Pi,2,1,0.0,1.0,b,1.73557,9.5e-29
67144,54469.296259,3012,125,+,f,A1Pi,3,1,0.0,1.0,b,1.75008,3e-28
67145,55129.168206,3012,125,+,f,A1Pi,4,1,0.0,1.0,b,1.76514,3.9e-28
67431,52402.615865,3012,125,-,e,A1Pi,0,-1,0.0,-1.0,b,1.70821,1.5e-28
67437,53106.02806,3012,125,-,e,A1Pi,1,-1,0.0,-1.0,b,1.72164,2.6e-28
67443,53795.478678,3012,125,-,e,A1Pi,2,-1,0.0,-1.0,b,1.7356,2e-28
67451,54470.341157,3012,125,-,e,A1Pi,3,-1,0.0,-1.0,b,1.75011,1e-27
67460,55130.192788,3012,125,-,e,A1Pi,4,-1,0.0,-1.0,b,1.76517,3.6e-26
67792,52533.436665,3036,126,+,e,A1Pi,0,1,0.0,1.0,b,1.70914,1.8e-28
67798,53235.382044,3036,126,+,e,A1Pi,1,1,0.0,1.0,b,1.7226,3e-28
67804,53923.324242,3036,126,+,e,A1Pi,2,1,0.0,1.0,b,1.7366,5.6e-28
67812,54596.637373,3036,126,+,e,A1Pi,3,1,0.0,1.0,b,1.75116,1.8e-27
68041,52532.320454,3036,126,-,f,A1Pi,0,-1,0.0,-1.0,b,1.70912,1.1e-28
68042,53234.284462,3036,126,-,f,A1Pi,1,-1,0.0,-1.0,b,1.72258,8.6e-29
68043,53922.246058,3036,126,-,f,A1Pi,2,-1,0.0,-1.0,b,1.73658,9.2e-29
68044,54595.579283,3036,126,-,f,A1Pi,3,-1,0.0,-1.0,b,1.75114,4.3e-28
68221,52664.021713,3060,127,+,f,A1Pi,0,1,0.0,1.0,b,1.71005,9.4e-29
68222,53364.505324,3060,127,+,f,A1Pi,1,1,0.0,1.0,b,1.72356,1.1e-28
68223,54050.944032,3060,127,+,f,A1Pi,2,1,0.0,1.0,b,1.7376,1.5e-28
68224,54722.712799,3060,127,+,f,A1Pi,3,1,0.0,1.0,b,1.7522,6.3e-28
68513,52665.15208,3060,127,-,e,A1Pi,0,-1,0.0,-1.0,b,1.71008,1.3e-28
68518,53365.616759,3060,127,-,e,A1Pi,1,-1,0.0,-1.0,b,1.72358,3.3e-28
68525,54052.035744,3060,127,-,e,A1Pi,2,-1,0.0,-1.0,b,1.73762,4.8e-28
68533,54723.784076,3060,127,-,e,A1Pi,3,-1,0.0,-1.0,b,1.75223,2.9e-27
68873,52797.758575,3084,128,+,e,A1Pi,0,1,0.0,1.0,b,1.71102,2e-28
68879,53496.728581,3084,128,+,e,A1Pi,1,1,0.0,1.0,b,1.72456,3e-28
68886,54181.609457,3084,128,+,e,A1Pi,2,1,0.0,1.0,b,1.73865,4.8e-28
68894,54851.777435,3084,128,+,e,A1Pi,3,1,0.0,1.0,b,1.7533,9.3e-27
69121,52796.614047,3084,128,-,f,A1Pi,0,-1,0.0,-1.0,b,1.711,1.1e-28
69122,53495.603293,3084,128,-,f,A1Pi,1,-1,0.0,-1.0,b,1.72454,9.3e-29
69123,54180.504222,3084,128,-,f,A1Pi,2,-1,0.0,-1.0,b,1.73863,2e-28
69124,54850.692978,3084,128,-,f,A1Pi,3,-1,0.0,-1.0,b,1.75328,6.2e-28
69301,52930.093888,3108,129,+,f,A1Pi,0,1,0.0,1.0,b,1.71196,1.2e-28
69302,53627.57471,3108,129,+,f,A1Pi,1,1,0.0,1.0,b,1.72554,1.6e-28
69303,54310.922864,3108,129,+,f,A1Pi,2,1,0.0,1.0,b,1.73967,1.5e-28
69304,54979.515951,3108,129,+,f,A1Pi,3,1,0.0,1.0,b,1.75437,9.2e-28
69594,52931.252577,3108,129,-,e,A1Pi,0,-1,0.0,-1.0,b,1.71198,2.2e-28
69600,53628.713848,3108,129,-,e,A1Pi,1,-1,0.0,-1.0,b,1.72556,3.7e-28
69607,54312.041616,3108,129,-,e,A1Pi,2,-1,0.0,-1.0,b,1.73969,1e-27
69615,54980.613579,3108,129,-,e,A1Pi,3,-1,0.0,-1.0,b,1.7544,1.1e-26
69954,53065.63048,3132,130,+,e,A1Pi,0,1,0.0,1.0,b,1.71295,3.5e-28
69961,53761.568861,3132,130,+,e,A1Pi,1,1,0.0,1.0,b,1.72657,3.6e-28
69968,54443.328417,3132,130,+,e,A1Pi,2,1,0.0,1.0,b,1.74074,1.4e-27
69977,55110.288592,3132,130,+,e,A1Pi,3,1,0.0,1.0,b,1.7555,2.6e-26
70201,53064.457633,3132,130,-,f,A1Pi,0,-1,0.0,-1.0,b,1.71292,1.2e-28
70202,53760.415879,3132,130,-,f,A1Pi,1,-1,0.0,-1.0,b,1.72654,1.4e-28
70203,54442.196156,3132,130,-,f,A1Pi,2,-1,0.0,-1.0,b,1.74072,2.2e-28
70204,55109.177807,3132,130,-,f,A1Pi,3,-1,0.0,-1.0,b,1.75547,7e-28
70381,53199.701643,3156,131,+,f,A1Pi,0,1,0.0,1.0,b,1.7139,1.3e-28
70382,53894.123064,3156,131,+,f,A1Pi,1,1,0.0,1.0,b,1.72756,1.3e-28
70383,54574.320257,3156,131,+,f,A1Pi,2,1,0.0,1.0,b,1.74178,2.6e-28
70675,53200.888645,3156,131,-,e,A1Pi,0,-1,0.0,-1.0,b,1.71393,2.7e-28
70681,53895.289884,3156,131,-,e,A1Pi,1,-1,0.0,-1.0,b,1.72758,4.4e-28
70689,54575.466015,3156,131,-,e,A1Pi,2,-1,0.0,-1.0,b,1.74181,8.3e-28
71036,53337.023395,3180,132,+,e,A1Pi,0,1,0.0,1.0,b,1.71491,3.1e-28
71042,54029.873142,3180,132,+,e,A1Pi,1,1,0.0,1.0,b,1.72861,4.5e-28
71050,54708.450523,3180,132,+,e,A1Pi,2,1,0.0,1.0,b,1.74288,1.6e-27
71281,53335.822245,3180,132,-,f,A1Pi,0,-1,0.0,-1.0,b,1.71489,1.8e-28
71282,54028.692495,3180,132,-,f,A1Pi,1,-1,0.0,-1.0,b,1.72859,1.4e-28
71283,54707.291282,3180,132,-,f,A1Pi,2,-1,0.0,-1.0,b,1.74286,5.7e-28
71461,53472.81573,3204,133,+,f,A1Pi,0,1,0.0,1.0,b,1.71589,1.5e-28
71462,54164.12036,3204,133,+,f,A1Pi,1,1,0.0,1.0,b,1.72963,2.4e-28
71463,54841.105308,3204,133,+,f,A1Pi,2,1,0.0,1.0,b,1.74394,5.3e-28
71757,53474.031019,3204,133,-,e,A1Pi,0,-1,0.0,-1.0,b,1.71591,3.2e-28
71763,54165.314822,3204,133,-,e,A1Pi,1,-1,0.0,-1.0,b,1.72965,6e-28
71771,54842.278016,3204,133,-,e,A1Pi,2,-1,0.0,-1.0,b,1.74397,5e-27
72117,53611.90777,3228,134,+,e,A1Pi,0,1,0.0,1.0,b,1.71692,5e-28
72124,54301.611071,3228,134,+,e,A1Pi,1,1,0.0,1.0,b,1.7307,8e-28
72133,54976.944525,3228,134,+,e,A1Pi,2,1,0.0,1.0,b,1.74507,7.5e-27
72361,53610.678353,3228,134,-,f,A1Pi,0,-1,0.0,-1.0,b,1.71689,1.5e-28
72362,54300.40281,3228,134,-,f,A1Pi,1,-1,0.0,-1.0,b,1.73068,1.8e-28
72363,54975.758368,3228,134,-,f,A1Pi,2,-1,0.0,-1.0,b,1.74504,5.6e-28
72541,53749.406335,3252,135,+,f,A1Pi,0,1,0.0,1.0,b,1.71791,2.3e-28
72542,54437.535956,3252,135,+,f,A1Pi,1,1,0.0,1.0,b,1.73174,1.9e-28
72543,55111.246456,3252,135,+,f,A1Pi,2,1,0.0,1.0,b,1.74615,1.1e-27
72838,53750.649866,3252,135,-,e,A1Pi,0,-1,0.0,-1.0,b,1.71794,4.1e-28
72845,54438.758,3252,135,-,e,A1Pi,1,-1,0.0,-1.0,b,1.73176,6.5e-28
72854,55112.446039,3252,135,-,e,A1Pi,2,-1,0.0,-1.0,b,1.74618,7.2e-27
73199,53890.253486,3276,136,+,e,A1Pi,0,1,0.0,1.0,b,1.71897,6.8e-28
73206,54576.751678,3276,136,+,e,A1Pi,1,1,0.0,1.0,b,1.73284,1.6e-27
73441,53888.995858,3276,136,-,f,A1Pi,0,-1,0.0,-1.0,b,1.71894,2.4e-28
73442,54575.515872,3276,136,-,f,A1Pi,1,-1,0.0,-1.0,b,1.73281,2e-28
73621,54029.44307,3300,137,+,f,A1Pi,0,1,0.0,1.0,b,1.71998,2.9e-28
73622,54714.338588,3300,137,+,f,A1Pi,1,1,0.0,1.0,b,1.73389,3.7e-28
73920,54030.714776,3300,137,-,e,A1Pi,0,-1,0.0,-1.0,b,1.72001,4.1e-28
73927,54715.588134,3300,137,-,e,A1Pi,1,-1,0.0,-1.0,b,1.73392,8.2e-28
74281,54172.029842,3324,138,+,e,A1Pi,0,1,0.0,1.0,b,1.72106,9.6e-28
74289,54855.263357,3324,138,+,e,A1Pi,1,1,0.0,1.0,b,1.73502,2.7e-27
74521,54170.744079,3324,138,-,f,A1Pi,0,-1,0.0,-1.0,b,1.72103,3.5e-28
74522,54854.000097,3324,138,-,f,A1Pi,1,-1,0.0,-1.0,b,1.73499,4e-28
74701,54312.894958,3348,139,+,f,A1Pi,0,1,0.0,1.0,b,1.72209,3.9e-28
74702,54994.496349,3348,139,+,f,A1Pi,1,1,0.0,1.0,b,1.7361,7.2e-28
75002,54314.194755,3348,139,-,e,A1Pi,0,-1,0.0,-1.0,b,1.72212,6.3e-28
75010,54995.773296,3348,139,-,e,A1Pi,1,-1,0.0,-1.0,b,1.73612,4.1e-27
75363,54457.205546,3372,140,+,e,A1Pi,0,1,0.0,1.0,b,1.72319,5e-28
75372,55137.113857,3372,140,+,e,A1Pi,1,1,0.0,1.0,b,1.73724,1e-26
75601,54455.891743,3372,140,-,f,A1Pi,0,-1,0.0,-1.0,b,1.72316,5.3e-28
75602,55135.823255,3372,140,-,f,A1Pi,1,-1,0.0,-1.0,b,1.73721,5.5e-28
75781,54599.73043,3396,141,+,f,A1Pi,0,1,0.0,1.0,b,1.72425,3.7e-28
76084,54601.058211,3396,141,-,e,A1Pi,0,-1,0.0,-1.0,b,1.72427,1.4e-27
76445,54745.748706,3420,142,+,e,A1Pi,0,1,0.0,1.0,b,1.72537,3.1e-27
76681,54744.406978,3420,142,-,f,A1Pi,0,-1,0.0,-1.0,b,1.72534,6.8e-28
76861,54889.917306,3444,143,+,f,A1Pi,0,1,0.0,1.0,b,1.72644,3.9e-28
77166,54891.272947,3444,143,-,e,A1Pi,0,-1,0.0,-1.0,b,1.72647,2.4e-26
77528,55037.626813,3468,144,+,e,A1Pi,0,1,0.0,1.0,b,1.72759,2.1e-27
77761,55036.257296,3468,144,-,f,A1Pi,0,-1,0.0,-1.0,b,1.72756,5.4e-28
