
 Working directory              : /tmp/molpro/molpro.lfg9WzEuQU/
 Global scratch directory       : /tmp/molpro/molpro.lfg9WzEuQU/
 Wavefunction directory         : /home/molpro/wfu/
 Main file repository           : /tmp/molpro/molpro.lfg9WzEuQU/

 id        : gskim

 Nodes                nprocs
 localhost.localdomain    1
 GA implementation: MPI file
 GA implementation (serial work in mppx): MPI file

 Using customized tuning parameters: mindgm=1; mindgv=20; mindgc=4; mindgr=1; noblas=0; minvec=7
 default implementation of scratch files=df  


 Variables initialized (1009), CPU time= 0.00 sec
 ***,The CASSCF for NH   3sigi-  excited states
 file,2,nh3sigm-10b-state3.wfu
 memory,1500,M
 geometry={angstrom;
 N
 H,N,r(i)}
 basis=av5z
 r=[0.72,0.70,0.68,0.66,0.64,0.62,0.60,0.58,0.56,0.54,0.52,0.50]
 
 do i=1,#r
 int;
 
 Text,CASSCF, state averaged orbitals for 3sig- state
 
 {multi;occ,4,1,1;close,1,0,0;start,2130.2;orbital,2140.2;natorb,,ci;wf,8,4,2;state,4;maxiter,40;}
 {ci;occ,4,1,1;core,1,0,0;wf,8,4,2;state,3;maxiter,250;option,maxiti=250;option,nstati=5;orbital,ignore_error=1;}
 
 
 e1(i)=energy(1)
 e2(i)=energy(2)
 e3(i)=energy(3)
 
 
 enddo
 
 table,r,e1,e2,e3
 
 
 Commands initialized (810), CPU time= 0.01 sec, 661 directives.
 Default parameters read. Elapsed time= 0.05 sec

 Checking input...
 Passed
1


                                         ***  PROGRAM SYSTEM MOLPRO  ***
                                       Copyright, TTI GmbH Stuttgart, 2015
                                    Version 2021.2 linked Jul 16 2021 07:37:36


 **********************************************************************************************************************************
 LABEL *   The CASSCF for NH   3sigi-  excited states                                    
  64 bit serial version                                                                  DATE: 03-Oct-22          TIME: 02:02:44  
 **********************************************************************************************************************************

 SHA1:             dade016a989826d9d859d6207854b99675d53db3
 **********************************************************************************************************************************

 Memory per process:      1500 MW
 Total memory per node:   1500 MW

 GA preallocation disabled
 GA check disabled

 Variable memory set to 1500.0 MW



 Permanent file  2  nh3sigm-10b-state3.wfu           assigned.  Implementation=df    Size= 17.68 MB


 PROGRAM * RESTART 


 Reading variables from file 2

 _FNUC           =      0.00000000
 _BASIS          =    AV5Z
 _NELEC          =      8.00000000
 _PROGRAM        =    CI
 _DMX(2:3)       =      0.00000000     0.00000000
 _DMY(2:3)       =      0.00000000     0.00000000
 _DMZ(1:3)       =      0.66120266    -1.47576870    -1.13499664
 _DMX_SCF        =      0.00000000
 _DMY_SCF        =      0.00000000
 _DMZ_SCF        =      0.64099798
 _HOMO           =      1.30000000
 _EHOMO          =     -0.53806747
 _LUMO           =      4.10000000
 _ELUMO          =      0.02319510
 _ENERGD(1:3)    =    -54.98340581   -54.60523712   -54.50652156
 _ENERGD0(1:3)   =    -54.98340581   -54.60523712   -54.50652156
 _ENERGD1(1:3)   =    -54.98345229   -54.60526388   -54.50652309
 _ENERGD2(1:3)   =    -54.98345229   -54.60526388   -54.50652309
 _ENERGD3(1:3)   =    -54.98340581   -54.60523712   -54.50652156
 _ENERGD4(1:3)   =    -54.98345229   -54.60526388   -54.50652309
 _ENERGP(1:3)    =    -54.97634139   -54.60282219   -54.49988570
 _ENERGP0(1:3)   =    -54.97634139   -54.60282219   -54.49988570
 _ENERGP1(1:3)   =    -54.97636455   -54.60283556   -54.49988645
 _ENERGP2(1:3)   =    -54.97636455   -54.60283556   -54.49988645
 _ENERGP3(1:3)   =    -54.97634139   -54.60282219   -54.49988570
 _ENERGP4(1:3)   =    -54.97636455   -54.60283556   -54.49988645
 _ENERGR(1:3)    =    -54.76907471   -54.47351878   -54.34657942
 _ENERGRR(1:3)   =    -54.76875179   -54.47384170   -54.34657942
 _ENERGY(1:3)    =    -54.96929441   -54.60040902   -54.49327671
 _ENERGY_METHOD  =    CI
 _ENERGY_BASIS   =    aug-cc-pV5Z
 _ENERGY_AVRG    =    -54.47581918
 _ENUC           =      5.29177211
 _IPROC_MPP      =      0.00000000
 _IPROC_MPPX     =      0.00000000
 _ORBITAL        =   2140.20000000
 _ROOT(1:3)      =      1.00000000     2.00000000     3.00000000
 _STATUS         =      1.00000000
 _TROV           =     -0.00000000
 _LASTORB        =    MCSCF
 _OUTPUT         =    /home/molpro/NH-2oct2022/dir-1/nh3sigmc10.out
 _PGROUP         =    C2v 
 _TIME           =    01:08:09
 _C0(1:3)        =      0.93425980     0.96325520     0.91718974
 _C0R(1:3)       =      0.93405751     0.96305904     0.91718101
 _DMX_CC(1:4)    =     -0.00000000    -0.00000000    -0.00000000    -0.00000000
 _DMY_CC(1:4)    =     -0.00000000    -0.00000000    -0.00000000    -0.00000000
 _DMZ_CC(1:4)    =      0.17850904     0.17850904     0.17850904     0.17850904
 _DMX_NUC(1:4)   =      0.00000000     0.00000000     0.00000000     0.00000000
 _DMY_NUC(1:4)   =      0.00000000     0.00000000     0.00000000     0.00000000
 _DMZ_NUC(1:4)   =      0.61240224     0.61240224     0.61240224     0.61240224
 _SYM_CATION     =      2.00000000
 R(1:22)         =      1.00000000     0.99000000     0.98000000     0.97000000     0.96000000     0.95000000
                        0.94000000     0.93000000     0.92000000     0.91000000     0.90000000     0.88000000
                        0.86000000     0.85000000     0.84000000     0.82000000     0.80000000     0.78000000
                        0.76000000     0.74000000     0.72000000     0.70000000
 _TRDMX(1:3)     =     -0.00000000     0.00000000     0.00000000
 _TRDMY(1:3)     =     -0.00000000     0.00000000     0.00000000
 _TRDMZ(1:3)     =     -0.28603735     0.00000102    -0.00001656
 I               =     22.00000000
 E1(1:22)        =    -55.14749951   -55.14681491   -55.14594905   -55.14488964   -55.14362362   -55.14213719
                      -55.14041570   -55.13844364   -55.13620459   -55.13368112   -55.13085478   -55.12421401
                      -55.11611099   -55.11145178   -55.10635198   -55.09472125   -55.08097266   -55.06482683
                      -55.04596930   -55.02404220   -54.99863850   -54.96929441
 E2(1:22)        =    -54.80243617   -54.80084464   -54.79908516   -54.79714406   -54.79500734   -54.79266029
                      -54.79008759   -54.78727318   -54.78420017   -54.78085077   -54.77720618   -54.76895085
                      -54.75926075   -54.75381765   -54.74793348   -54.73476433   -54.71950366   -54.70185674
                      -54.68151161   -54.65810615   -54.63122846   -54.60040902
 E3(1:22)        =    -54.71675358   -54.71365333   -54.71047010   -54.70718737   -54.70378781   -54.70025328
                      -54.69656474   -54.69270241   -54.68864564   -54.68437293   -54.67986184   -54.67002992
                      -54.65894986   -54.65287409   -54.64637929   -54.63212534   -54.61591281   -54.59740458
                      -54.57628733   -54.55218550   -54.52467529   -54.49327671


 **********************************************************************************************************************************
 DATASETS  * FILE   NREC   LENGTH (MB)   RECORD NAMES
              2       7       17.68       500      610      700     1000      520     2100     2140   
                                          VAR    BASINP    GEOM     BASIS   MCVARS     RHF     MCSCF   

 PROGRAMS   *        TOTAL   RESTART
 CPU TIMES  *         0.10      0.01
 REAL TIME  *         0.11 SEC
 DISK USED  *        17.71 MB
 **********************************************************************************************************************************
 SETTING BASIS          =    AV5Z
 SETTING R(1)           =         0.72000000                                  
 SETTING R(2)           =         0.70000000                                  
 SETTING R(3)           =         0.68000000                                  
 SETTING R(4)           =         0.66000000                                  
 SETTING R(5)           =         0.64000000                                  
 SETTING R(6)           =         0.62000000                                  
 SETTING R(7)           =         0.60000000                                  
 SETTING R(8)           =         0.58000000                                  
 SETTING R(9)           =         0.56000000                                  
 SETTING R(10)          =         0.54000000                                  
 SETTING R(11)          =         0.52000000                                  
 SETTING R(12)          =         0.50000000                                  

 DO I                   =         1.00000000   


 Using spherical harmonics

 Library entry N      S aug-cc-pV5Z          selected for orbital group  1
 Library entry N      P aug-cc-pV5Z          selected for orbital group  1
 Library entry N      D aug-cc-pV5Z          selected for orbital group  1
 Library entry N      F aug-cc-pV5Z          selected for orbital group  1
 Library entry N      G aug-cc-pV5Z          selected for orbital group  1
 Library entry N      H aug-cc-pV5Z          selected for orbital group  1
 Library entry H      S aug-cc-pV5Z          selected for orbital group  2
 Library entry H      P aug-cc-pV5Z          selected for orbital group  2
 Library entry H      D aug-cc-pV5Z          selected for orbital group  2
 Library entry H      F aug-cc-pV5Z          selected for orbital group  2
 Library entry H      G aug-cc-pV5Z          selected for orbital group  2


 PROGRAM * SEWARD (Integral evaluation for generally contracted gaussian basis sets)     Author: Roland Lindh, 1990

 Geometry written to block  1 of record 701

 Orientation using atomic masses  
 Molecule type: Linear
 Symmetry elements: X,Y
 Rotational constants:    1036.8038774   1036.8038774      0.0000000 GHz  (calculated with average atomic masses)

 Point group  C2v 



 ATOMIC COORDINATES

 NR  ATOM    CHARGE       X              Y              Z

   1  N       7.00    0.000000000    0.000000000   -0.091337921
   2  H       1.00    0.000000000    0.000000000    1.269264889

 Bond lengths in Bohr (Angstrom)

 1-2  1.360602810
     ( 0.720000000)

 NUCLEAR CHARGE:                    8
 NUMBER OF PRIMITIVE AOS:         307
 NUMBER OF SYMMETRY AOS:          227
 NUMBER OF CONTRACTIONS:          207   (   77A1  +   50B1  +   50B2  +   30A2  )
 NUMBER OF INNER CORE ORBITALS:     0   (    0A1  +    0B1  +    0B2  +    0A2  )
 NUMBER OF OUTER CORE ORBITALS:     1   (    1A1  +    0B1  +    0B2  +    0A2  )
 NUMBER OF VALENCE ORBITALS:        5   (    3A1  +    1B1  +    1B2  +    0A2  )


 NUCLEAR REPULSION ENERGY    5.14477844

 EXTRA SYMMETRY OF AOS IN SYMMETRY 1:   1 1 1 1 1 1 1 1 1 1   1 1 1 1 2 1 2 1 2 1   2 1 2 1 2 1 2 1 2 1   2 1 3 2 1 3 2 1 3 2
                                        2 3 1 2 3 1 1 1 1 1   1 1 1 1 1 1 1 1 2 1   2 1 2 1 2 1 2 1 2 1   2 1 3 2 1 3 2
 EXTRA SYMMETRY OF AOS IN SYMMETRY 2:   1 1 1 1 1 1 1 1 1 1   1 1 2 1 2 1 2 1 2 1   2 1 2 1 2 1 2 3 1 2   3 1 1 1 1 1 1 1 1 1
                                        1 2 1 2 1 2 1 2 1 2
 EXTRA SYMMETRY OF AOS IN SYMMETRY 3:   1 1 1 1 1 1 1 1 1 1   1 1 2 1 2 1 2 1 2 1   2 1 2 1 2 1 2 3 1 2   3 1 1 1 1 1 1 1 1 1
                                        1 2 1 2 1 2 1 2 1 2
 EXTRA SYMMETRY OF AOS IN SYMMETRY 4:   1 1 1 1 1 1 1 1 1 1   2 1 2 1 2 2 1 2 1 1   1 1 1 1 1 1 1 2 1 2

 Eigenvalues of metric

         1 0.651E-05 0.509E-04 0.754E-04 0.115E-03 0.248E-03 0.284E-03 0.580E-03 0.941E-03
         2 0.609E-04 0.430E-03 0.129E-02 0.327E-02 0.439E-02 0.669E-02 0.116E-01 0.148E-01
         3 0.609E-04 0.430E-03 0.129E-02 0.327E-02 0.439E-02 0.669E-02 0.116E-01 0.148E-01
         4 0.998E-03 0.484E-02 0.142E-01 0.268E-01 0.638E-01 0.793E-01 0.140E+00 0.147E+00


 Contracted 2-electron integrals neglected if value below      1.0D-12
 AO integral compression algorithm  1   Integral accuracy      1.0D-12

     297.009 MB (compressed) written to integral file ( 52.7%)


 NUMBER OF SORTED TWO-ELECTRON INTEGRALS:   59167011.     BUFFER LENGTH:  32768
 NUMBER OF SEGMENTS:   4  SEGMENT LENGTH:   15999984      RECORD LENGTH: 524288

 Memory used in sort:      16.56 MW

 SORT1 READ    70490039. AND WROTE    39593902. INTEGRALS IN    116 RECORDS. CPU TIME:     0.80 SEC, REAL TIME:     0.96 SEC
 SORT2 READ    39593902. AND WROTE    59167011. INTEGRALS IN   1133 RECORDS. CPU TIME:     0.75 SEC, REAL TIME:     0.86 SEC

 FILE SIZES:   FILE 1:   327.9 MBYTE,  FILE 4:   486.6 MBYTE,   TOTAL:    814.5 MBYTE

 OPERATOR DM      FOR CENTER  0  COORDINATES:    0.000000    0.000000    0.000000


 **********************************************************************************************************************************
 DATASETS  * FILE   NREC   LENGTH (MB)   RECORD NAMES
              1      19      259.04       500      610      701      900      950      970     1000      129      960     1100   
                                          VAR    BASINP    GEOM    SYMINP    ZMAT    AOBASIS   BASIS     P2S    ABASIS      S 
                                         1400     1410     1200     1210     1080     1600     1650     1300     1700   
                                           T        V       H0       H01     AOSYM     SMH    MOLCAS    ERIS     OPER   

              2       8       17.69       500      610      700     1000      520     2100     2140      701   
                                          VAR    BASINP    GEOM     BASIS   MCVARS     RHF     MCSCF    GEOM   

 PROGRAMS   *        TOTAL       INT   RESTART
 CPU TIMES  *         9.07      8.96      0.01
 REAL TIME  *         9.64 SEC
 DISK USED  *       794.53 MB
 **********************************************************************************************************************************

 PROGRAM * MULTI (Direct Multiconfiguration SCF)       Authors: P.J. Knowles, H.-J. Werner (1984)
                                                                D.A. Kreplin, P.J. Knowles, H.-J. Werner (2019)

 Number of closed-shell orbitals:   1 (   1   0   0   0 )
 Number of active  orbitals:        5 (   3   1   1   0 )
 Number of external orbitals:     201 (  73  49  49  30 )

 State symmetry 1

 Number of active electrons:   6    Spin symmetry=Triplet   Space symmetry=4
 Number of states:             4
 Number of CSFs:              12   (15 determinants, 50 intermediate states)

 Orbital guess generated from atomic densities. Full valence occupancy:    4   1   1   0

 EXTRA SYMMETRY OF MOS IN SYMMETRY 1:   1 1 1 1 1 1 1 2 1 1   1 1 2 1 1 1 2 1 2 1   2 1 1 1 3 2 1 2 1 2   1 2 1 3 1 1 2 1 1 2
                                        1 2 3 1 2 3 1 1 2 1   2 1 1 2 1 1 3 1 2 2   3 1 2 3 1 1 2 1 2 1   2 1 1 2 1 1 1
 EXTRA SYMMETRY OF MOS IN SYMMETRY 2:   1 1 1 1 1 1 2 1 1 1   2 1 1 1 2 1 1 2 1 2   1 1 1 3 2 1 1 2 2 1   1 2 1 1 1 2 3 1 1 1
                                        2 2 2 1 1 2 1 1 1 1
 EXTRA SYMMETRY OF MOS IN SYMMETRY 3:   1 1 1 1 1 1 2 1 1 1   2 1 1 1 2 1 1 2 1 2   1 1 1 3 2 1 1 2 2 1   1 2 1 1 1 2 3 1 1 1
                                        2 2 2 1 1 2 1 1 1 1
 EXTRA SYMMETRY OF MOS IN SYMMETRY 4:   1 1 1 1 1 2 1 1 1 1   2 1 1 1 2 1 2 1 1 1   2 1 1 2 1 2 1 1 1 1

 Wavefunction dump at record             2140.2

 Convergence thresholds  0.10E-04 (gradient)  0.10E-05 (energy)

 Weight factors for state symmetry  1:    0.25000   0.25000   0.25000   0.25000
 
 Number of orbital rotations:  393  ( 3 closed/active, 73 closed/virtual, 0 active/active, 317 active/virtual )
 Total number of variables:    453
 
  Second-order MCSCF: L-BFGS accelerated
 
 ITER  MIC  NCI  NEG     ENERGY(VAR)    ENERGY(PROJ) ENERGY CHANGE       GRAD(0)  GRAD(ORB)   GRAD(CI)      STEP      TIME
   1   15    9    0    -54.41422711     -54.53592322   -0.12169611    0.40004175 0.00592049 0.00000000  0.63E+00      0.47
   2    9    7    0    -54.49447781     -54.50661217   -0.01213436    0.27750147 0.00001765 0.00000000  0.11E+00      0.86
   3    5    5    0    -54.50678467     -54.50679209   -0.00000742    0.00525552 0.00000211 0.00000000  0.38E-02      1.21
   4    4    4    0    -54.50679210     -54.50679210   -0.00000000    0.00000384 0.00000000 0.00000000  0.41E-05      1.56

 CONVERGENCE REACHED!  Final gradient:    0.00000000 ( 0.15E-09)
                       Final energy:    -54.50679210
 
 Results for state 1.4
 =====================
 !MCSCF STATE 1.4 Energy                       -54.798512264773
 Nuclear energy                                  5.14477844
 Kinetic energy                                 56.80216960
 One electron energy                           -85.05470362
 Two electron energy                            25.11141291
 Virial ratio                                    1.96472569
 
 !MCSCF STATE 1.4 Dipole moment                  0.00000000     0.00000000     0.80277398
 Dipole moment /Debye                            0.00000000     0.00000000     2.04044794
 
 Results for state 2.4
 =====================
 !MCSCF STATE 2.4 Energy                       -54.504039525670
 Nuclear energy                                  5.14477844
 Kinetic energy                                 55.13884624
 One electron energy                           -81.38286514
 Two electron energy                            21.73404718
 Virial ratio                                    1.98848712
 
 !MCSCF STATE 2.4 Dipole moment                  0.00000000     0.00000000    -1.52515281
 Dipole moment /Debye                            0.00000000     0.00000000    -3.87655179
 
 Results for state 3.4
 =====================
 !MCSCF STATE 3.4 Energy                       -54.377798871996
 Nuclear energy                                  5.14477844
 Kinetic energy                                 55.11166455
 One electron energy                           -81.33693033
 Two electron energy                            21.81435302
 Virial ratio                                    1.98668402
 
 !MCSCF STATE 3.4 Dipole moment                  0.00000000     0.00000000    -1.42536458
 Dipole moment /Debye                            0.00000000     0.00000000    -3.62291540
 
 Results for state 4.4
 =====================
 !MCSCF STATE 4.4 Energy                       -54.346817721327
 Nuclear energy                                  5.14477844
 Kinetic energy                                 55.13848980
 One electron energy                           -81.30731279
 Two electron energy                            21.81571663
 Virial ratio                                    1.98564212
 
 !MCSCF STATE 4.4 Dipole moment                  0.00000000     0.00000000    -1.27173193
 Dipole moment /Debye                            0.00000000     0.00000000    -3.23242016
 
 State-averaged charge density matrix saved on record 2140.2 (density set 1)
 
 Expectation values: (only non-zero values are shown)
 
 !MCSCF expec                       <1.4|DMZ|1.4>     0.802773982733 au =     2.040447939383 Debye
 !MCSCF expec                       <2.4|DMZ|2.4>    -1.525152813844 au =    -3.876551785670 Debye
 !MCSCF expec                       <3.4|DMZ|3.4>    -1.425364583452 au =    -3.622915403005 Debye
 !MCSCF expec                       <4.4|DMZ|4.4>    -1.271731933400 au =    -3.232420156568 Debye
 
 Transition values: (only non-zero values with the ground state are shown)
 
 !MCSCF trans                       <1.4|DMZ|2.4>    -0.073607552868 au =    -0.187091737903 Debye
 !MCSCF trans                       <1.4|DMZ|4.4>     0.181267778995 au =     0.460736737963 Debye
 

 EXTRA SYMMETRY OF MOS IN SYMMETRY 1:   1 1 1 1 1 1 1 2 1 1   1 1 2 1 1 2 1 1 2 1   2 1 1 1 3 2 1 2 1 2   1 2 1 3 1 1 2 1 1 2
                                        1 3 2 1 2 3 1 1 2 1   2 1 1 2 1 1 1 3 2 2   3 1 2 3 1 1 2 1 2 1   2 1 1 2 1 1 1
 EXTRA SYMMETRY OF MOS IN SYMMETRY 4:   1 1 1 1 1 2 1 1 1 1   2 1 1 2 1 1 2 1 1 1   2 1 1 2 1 2 1 1 1 1
 
 Natural orbital dump (state averaged) at molpro section 2140.2 (Orbital set 2)
 
 Reoptimze the CI vectors with natural orbitals 
 
 CI Coefficients of symmetry 4
 =============================
 
 220 a a        0.99692975      0.06388657      0.00000000     -0.00236968
 2ab a a       -0.05165153      0.86061654     -0.00000000      0.00382205
 2ba a a        0.01954879     -0.29015741      0.00000000      0.81066516
 2aa a b        0.01605137     -0.28522957     -0.70696840     -0.40724361
 2aa b a        0.01605137     -0.28522957      0.70696840     -0.40724361
 b2a a a       -0.01682027      0.02470887      0.00000000      0.08433795
 a2b a a        0.04350081     -0.07562090      0.00000000      0.00221182
 
 Energy:      -54.79851226    -54.50403953    -54.37779887    -54.34681772
 


 **********************************************************************************************************************************
 DATASETS  * FILE   NREC   LENGTH (MB)   RECORD NAMES
              1      20      261.96       500      610      701      900      950      970     1000      129      960     1100   
                                          VAR    BASINP    GEOM    SYMINP    ZMAT    AOBASIS   BASIS     P2S    ABASIS      S 
                                         1400     1410     1200     1210     1080     1600     1650     1300     1700     1380   
                                           T        V       H0       H01     AOSYM     SMH    MOLCAS    ERIS     OPER     JKOP   

              2       8       17.69       500      610      700     1000      520     2100     2140      701   
                                          VAR    BASINP    GEOM     BASIS   MCVARS     RHF     MCSCF    GEOM   

 PROGRAMS   *        TOTAL     MULTI       INT   RESTART
 CPU TIMES  *        10.94      1.87      8.96      0.01
 REAL TIME  *        11.72 SEC
 DISK USED  *       794.53 MB
 **********************************************************************************************************************************


 PROGRAM * CI (Multireference internally contracted CI)     Authors: H.-J. Werner, P.J. Knowles, 1987


 Convergence thresholds:  THRVAR = 1.00D-08  THRDEN = 1.00D-06

 Number of optimized states: 3  Roots:    1   2   3
 Number of reference states: 3  Roots:    1   2   3

 Program parameters:       NSTATE=  3    NSTATI=  5    NSTATR=  3    NCEPA = -1    NOKOP =  0    ITRDM =  0    ITRANS=  0
                           IDIP  =200    MAXIT =250    MAXITI=250    MAXDAV=  9    MAXVI = 15    NOSING=  0    NOPAIR=  0
                           MXSHRF=  4    IKCPS =  0    IOPTGM=  2    IOPTOR=  0    REFOPT=  1    IAVDEN=  0    IDELCG=  1
                           IREST =  0    NATORB=  0    IPUNRF=  0    ISEP  =  0    OLDDEN=  0    NSTPRI=  1    GPSFLI= -1
                           CLUSTE=  0    CLOSED=  1    ILSTYP=  0    ITRLS =  0    ICCSD =  0    LOCAL =  0    IBASO =  0
                           MP    =  0    ITEDIS=  2    INCDIS=  1    MAXDIS=  6    ITYDIS=  1    BRUECK=  0    IBRSTR=  3
                           INCBRK=  1    TRIPLE=  0    ICCTYP=  2    IHPPD =  0    ICCNEW=  0    I3EXT = -1    IDEB  =  0
                           IDLEIG=  1    IDFTYP=  1    IMP3  =  0    IPROCS=  0    NOINT =  0    NOREF =  1    IMP2G =  0
                           IHINT =  0    IFDIA =  0    ISPARO=  1    JKSYM =  0    CPHF  =  0    MP2D  = -1    DKINT =  0
                           NPKEX =  1    DRVK  =  1    HLSTRA=  1    WIGNER=  1    DIIS_C=  1    MAXIT_= 50    MATEL =  0
                           SPDEG =  1    MEMCPH=  0    DISM  =  1    KDCPMA=  5    IKDCP_=  0    IREDTH=  0    USECS =  0
                           IPROCC=  0    I3SAVE=  1    IKDCP =  1    USECI =  0    OLDPAI=  0    IPROCI=  0    KEEPCL=  1
                           DISCON=  0    SHIFTE=  0    DIISIN=  0    MOLCAS=  0    MEM_PT=  0    RECORD=  0    RS2C  =  0
                           KEXT  = -1    CIPT2 =  0    DECP0S=  0    I4EXT = -1    NATCOR=  0    RIMP2 =  0    DDCI  = -1
                           IPOLAR=  0

 Reference symmetry:                   4   Triplet 
 Number of electrons:                  8
 Maximum number of shells:             3
 Maximum number of spin couplings:     9

 Reference space:        6 conf       12 CSFs
 N elec internal:       35 conf       45 CSFs
 N-1 el internal:       48 conf       96 CSFs
 N-2 el internal:       26 conf      102 CSFs

 Number of electrons in valence space:                      6
 Maximum number of open shell orbitals in reference space:  4
 Maximum number of open shell orbitals in internal spaces:  6


 Number of core orbitals:           1 (   1   0   0   0 )
 Number of active  orbitals:        5 (   3   1   1   0 )
 Number of external orbitals:     201 (  73  49  49  30 )

 Molecular orbitals read from record     2140.2  Type=MCSCF/NATURAL (state averaged)

 Valence orbitals related to previous ones by unitary transformation. Operators transformed.


 Number of p-space configurations:   5

 Reference wavefunction optimized for reference space (refopt=1)

 State     Reference Energy 
     1       -54.79851226
     2       -54.50403953
     3       -54.37779887
     4       -54.34681772
     5       -53.95054638

 Number of blocks in overlap matrix:    13   Smallest eigenvalue:  0.58D-06
 Number of N-2 electron functions:      60
 Number of N-1 electron functions:      96

 Number of internal configurations:                   12
 Number of singly external configurations:          4953
 Number of doubly external configurations:        311592
 Total number of contracted configurations:       316557
 Total number of uncontracted configurations:     529947

 Diagonal Coupling coefficients finished.               Storage:    8081 words, CPU-Time:      0.00 seconds.
 Energy denominators for pairs finished in 1 passes.    Storage:  127229 words, CPU-time:      0.00 seconds.

  ITER. STATE  ROOT     SQ.NORM     CORR.ENERGY   TOTAL ENERGY   ENERGY CHANGE       DEN1      VAR(S)    VAR(P)      TIME
    1     1     1     1.00000000     0.00000000   -54.79851226     0.00000000    -0.21741629  0.70D-01  0.20D-01     0.16
    1     2     2     1.00000000     0.00000000   -54.50403953     0.00000000    -0.11982701  0.22D-01  0.12D-01     0.16
    1     3     3     1.00000000     0.00000000   -54.37779887     0.00000000    -0.14218051  0.26D-01  0.15D-01     0.16
    2     1     1     1.06893075    -0.19001403   -54.98852629    -0.19001403    -0.00878360  0.17D-02  0.11D-02     1.42
    2     2     2     1.03610546    -0.12446885   -54.62850838    -0.12446885    -0.00204852  0.31D-03  0.29D-03     1.42
    2     3     3     1.04108336    -0.14256449   -54.52036337    -0.14256449    -0.00291468  0.56D-03  0.39D-03     1.42
    3     1     1     1.06828110    -0.19943050   -54.99794276    -0.00941647    -0.00047325  0.51D-04  0.72D-04     2.69
    3     2     2     1.03748301    -0.12691062   -54.63095015    -0.00244177    -0.00015321  0.22D-04  0.29D-04     2.69
    3     3     3     1.04446849    -0.14590570   -54.52370457    -0.00334121    -0.00025437  0.23D-03  0.34D-04     2.69
    4     1     1     1.07009761    -0.20005813   -54.99857040    -0.00062764    -0.00004331  0.40D-05  0.69D-05     3.99
    4     2     2     1.03843119    -0.12714093   -54.63118045    -0.00023030    -0.00002810  0.49D-05  0.49D-05     3.99
    4     3     3     1.05045842    -0.14636353   -54.52416240    -0.00045783    -0.00009899  0.89D-04  0.12D-04     3.99
    5     1     1     1.07070968    -0.20011862   -54.99863088    -0.00006048    -0.00000479  0.48D-06  0.77D-06     5.27
    5     2     2     1.03846729    -0.12717959   -54.63121912    -0.00003867    -0.00000589  0.82D-06  0.11D-05     5.27
    5     3     3     1.05708491    -0.14658543   -54.52438430    -0.00022190    -0.00006604  0.56D-04  0.76D-05     5.27
    6     1     1     1.07065125    -0.20012519   -54.99863745    -0.00000657    -0.00000070  0.54D-07  0.10D-06     6.53
    6     2     2     1.03843156    -0.12718695   -54.63122648    -0.00000736    -0.00000130  0.21D-06  0.25D-06     6.53
    6     3     3     1.06161028    -0.14670622   -54.52450510    -0.00012080    -0.00004253  0.46D-04  0.42D-05     6.53
    7     1     1     1.07067112    -0.20012610   -54.99863836    -0.00000091    -0.00000011  0.86D-08  0.16D-07     7.82
    7     2     2     1.03845829    -0.12718847   -54.63122799    -0.00000152    -0.00000028  0.66D-07  0.50D-07     7.82
    7     3     3     1.06561685    -0.14677127   -54.52457015    -0.00006505    -0.00002241  0.17D-04  0.24D-05     7.82
    8     1     1     1.07067887    -0.20012624   -54.99863850    -0.00000014    -0.00000002  0.17D-08  0.30D-08     9.08
    8     2     2     1.03846696    -0.12718884   -54.63122836    -0.00000037    -0.00000008  0.15D-07  0.15D-07     9.08
    8     3     3     1.06873733    -0.14680888   -54.52460775    -0.00003760    -0.00001458  0.14D-04  0.15D-05     9.08
    9     1     1     1.07067921    -0.20012624   -54.99863850    -0.00000000    -0.00000002  0.18D-08  0.30D-08    10.04
    9     2     2     1.03847345    -0.12718893   -54.63122846    -0.00000009    -0.00000002  0.39D-08  0.47D-08    10.04
    9     3     3     1.08083993    -0.14686230   -54.52466118    -0.00005342    -0.00000974  0.17D-05  0.17D-05    10.04
   10     1     1     1.07067921    -0.20012624   -54.99863850    -0.00000000    -0.00000002  0.18D-08  0.30D-08    10.73
   10     2     2     1.03847345    -0.12718893   -54.63122846    -0.00000000    -0.00000002  0.39D-08  0.47D-08    10.73
   10     3     3     1.08188047    -0.14687314   -54.52467202    -0.00001084    -0.00000124  0.71D-06  0.19D-06    10.73
   11     1     1     1.07067921    -0.20012624   -54.99863850     0.00000000    -0.00000002  0.18D-08  0.30D-08    11.42
   11     2     2     1.03847345    -0.12718893   -54.63122846    -0.00000000    -0.00000002  0.39D-08  0.47D-08    11.42
   11     3     3     1.08345852    -0.14687555   -54.52467442    -0.00000240    -0.00000047  0.16D-06  0.94D-07    11.42
   12     1     1     1.07067921    -0.20012624   -54.99863850    -0.00000000    -0.00000002  0.18D-08  0.30D-08    12.11
   12     2     2     1.03847345    -0.12718893   -54.63122846    -0.00000000    -0.00000002  0.39D-08  0.47D-08    12.11
   12     3     3     1.08456278    -0.14687624   -54.52467512    -0.00000070    -0.00000013  0.24D-07  0.32D-07    12.11
   13     1     1     1.07067921    -0.20012624   -54.99863850    -0.00000000    -0.00000002  0.18D-08  0.30D-08    12.80
   13     2     2     1.03847345    -0.12718893   -54.63122846    -0.00000000    -0.00000002  0.39D-08  0.47D-08    12.80
   13     3     3     1.08467630    -0.14687638   -54.52467525    -0.00000014    -0.00000002  0.87D-08  0.41D-08    12.80
   14     1     1     1.07067921    -0.20012624   -54.99863850    -0.00000000    -0.00000002  0.18D-08  0.30D-08    13.48
   14     2     2     1.03847345    -0.12718893   -54.63122846    -0.00000000    -0.00000002  0.39D-08  0.47D-08    13.48
   14     3     3     1.08482745    -0.14687641   -54.52467529    -0.00000003    -0.00000001  0.33D-08  0.17D-08    13.48


 =====================================
 Analysis of CPU times by interactions
 =====================================

       I      S      P

 I   0.0%
 S   0.0%   0.1%
 P   0.3%   0.9%  27.8%

 Initialization:   1.0%
 Other:           69.8%

 Total CPU:       13.5 seconds
 =====================================



 gnormi=  0.93398656  gnorms=  0.04304073  gnormp=  0.02297271  gnorm=  1.00000000
 ecorri= -0.18691521  ecorrs= -0.00861053  ecorrp= -0.00460049  ecorr= -0.20012624

 gnormi=  0.96295191  gnorms=  0.02176409  gnormp=  0.01528399  gnorm=  1.00000000
 ecorri= -0.12247682  ecorrs= -0.00276772  ecorrp= -0.00194438  ecorr= -0.12718893

 gnormi=  0.92180559  gnorms=  0.06029631  gnormp=  0.01789811  gnorm=  1.00000000
 ecorri= -0.13539150  ecorrs= -0.00885626  ecorrp= -0.00262866  ecorr= -0.14687641

 Reference coefficients greater than 0.0500000
 =============================================
 220//           0.9653301   0.0294683   0.0000000
 2/\//          -0.0285312   0.8002163   0.0000013
 2///\           0.0093209  -0.3241818   0.7837543
 2//\/           0.0131816  -0.4584621  -0.5541959
 /2\//           0.0266606  -0.0610542   0.0000002

 Coefficients of singly external configurations greater than 0.0500000
 =====================================================================

 220/0   2.3     0.0330347   0.0129090  -0.1242438
 2200/   2.2    -0.0330342  -0.0129101  -0.1242373
 2/0/\  11.1     0.0541612   0.0049724   0.0000008

 Coefficients of fixed reference functions:
 ==========================================

 State      Coefficients
 1           0.965958    0.026463    0.000000
 2          -0.032725    0.980662   -0.000000
 3           0.000000    0.000000    0.960103

 Coefficients of rotated reference functions:
 ============================================

 State      Coefficients
 1           0.966316   -0.002906    0.000000
 2          -0.002906    0.981203   -0.000000
 3           0.000000   -0.000000    0.960103


 RESULTS FOR STATE 1.4
 =====================

 Coefficient of reference function:   C(0) = 0.96595805 (fixed)   0.96642980 (relaxed)   0.96631611 (rotated)

 Energy contributions of configuration classes

 CLASS          SQ.NORM        ECORR1        ECORR2
 +++++++++++++++++++++++++++++++++++++++++++++++++++
 Internals    0.00023534   -0.00002690   -0.11325732
 Singles      0.04609366   -0.07888250   -0.08226839
 Pairs        0.02460219   -0.00000004   -0.00460053
 Total        1.07093118   -0.07890944   -0.20012624
 +++++++++++++++++++++++++++++++++++++++++++++++++++


 Reference energy                     -54.79824028
 Nuclear energy                         5.14477844
 Kinetic energy                        56.07971778
 One electron energy                  -84.15186083
 Two electron energy                   24.00844389
 Virial quotient                       -0.98072245
 Correlation energy                    -0.20039822
 !MRCI STATE 1.4 Energy               -54.998638499958

 Properties without orbital relaxation:

 !MRCI STATE 1.4 Dipole moment          0.00000000     0.00000000     0.66203239
 Dipole moment /Debye                   0.00000000     0.00000000     1.68271849

 Cluster corrected energies           -55.01285298 (Davidson, fixed reference)
 Cluster corrected energies           -55.01280249 (Davidson, relaxed reference)
 Cluster corrected energies           -55.01285298 (Davidson, rotated reference)

 Cluster corrected energies           -55.00573682 (Pople, fixed reference)
 Cluster corrected energies           -55.00571167 (Pople, relaxed reference)
 Cluster corrected energies           -55.00573682 (Pople, rotated reference)



 RESULTS FOR STATE 2.4
 =====================

 Coefficient of reference function:   C(0) = 0.98066170 (fixed)   0.98130113 (relaxed)   0.98120325 (rotated)

 Energy contributions of configuration classes

 CLASS          SQ.NORM        ECORR1        ECORR2
 +++++++++++++++++++++++++++++++++++++++++++++++++++
 Internals    0.00019952   -0.00002649   -0.07816791
 Singles      0.02260594   -0.04602282   -0.04707664
 Pairs        0.01587519    0.00000000   -0.00194438
 Total        1.03868065   -0.04604931   -0.12718893
 +++++++++++++++++++++++++++++++++++++++++++++++++++


 Reference energy                     -54.50431151
 Nuclear energy                         5.14477844
 Kinetic energy                        55.63467179
 One electron energy                  -81.59589907
 Two electron energy                   21.81989217
 Virial quotient                       -0.98196371
 Correlation energy                    -0.12691695
 !MRCI STATE 2.4 Energy               -54.631228456321

 Properties without orbital relaxation:

 !MRCI STATE 2.4 Dipole moment          0.00000000     0.00000000    -1.48615294
 Dipole moment /Debye                   0.00000000     0.00000000    -3.77742399

 Cluster corrected energies           -54.63613769 (Davidson, fixed reference)
 Cluster corrected energies           -54.63611139 (Davidson, relaxed reference)
 Cluster corrected energies           -54.63613769 (Davidson, rotated reference)

 Cluster corrected energies           -54.63368215 (Pople, fixed reference)
 Cluster corrected energies           -54.63366902 (Pople, relaxed reference)
 Cluster corrected energies           -54.63368215 (Pople, rotated reference)



 RESULTS FOR STATE 3.4
 =====================

 Coefficient of reference function:   C(0) = 0.96010253 (fixed)   0.96010707 (relaxed)   0.96010253 (rotated)

 Energy contributions of configuration classes

 CLASS          SQ.NORM        ECORR1        ECORR2
 +++++++++++++++++++++++++++++++++++++++++++++++++++
 Internals    0.00000947    0.00000000   -0.00000128
 Singles      0.06541171   -0.05629381   -0.06074772
 Pairs        0.01941654   -0.09058260   -0.08612741
 Total        1.08483772   -0.14687641   -0.14687641
 +++++++++++++++++++++++++++++++++++++++++++++++++++


 Reference energy                     -54.37779887
 Nuclear energy                         5.14477844
 Kinetic energy                        55.53974972
 One electron energy                  -81.48743474
 Two electron energy                   21.81798101
 Virial quotient                       -0.98172346
 Correlation energy                    -0.14687641
 !MRCI STATE 3.4 Energy               -54.524675285168

 Properties without orbital relaxation:

 !MRCI STATE 3.4 Dipole moment          0.00000000     0.00000000    -1.16320799
 Dipole moment /Debye                   0.00000000     0.00000000    -2.95657981

 Cluster corrected energies           -54.53713594 (Davidson, fixed reference)
 Cluster corrected energies           -54.53713444 (Davidson, relaxed reference)
 Cluster corrected energies           -54.53713594 (Davidson, rotated reference)

 Cluster corrected energies           -54.53089444 (Pople, fixed reference)
 Cluster corrected energies           -54.53089369 (Pople, relaxed reference)
 Cluster corrected energies           -54.53089444 (Pople, rotated reference)


 !MRCI trans          <2.4|DMZ|1.4>    -0.302432050720 au =    -0.768705598298 Debye

 !MRCI trans          <3.4|DMZ|1.4>     0.000000964581 au =     0.000002451720 Debye

 !MRCI trans          <3.4|DMZ|2.4>    -0.000015512786 au =    -0.000039429569 Debye


 **********************************************************************************************************************************
 DATASETS  * FILE   NREC   LENGTH (MB)   RECORD NAMES
              1      20      261.96       500      610      701      900      950      970     1000      129      960     1100   
                                          VAR    BASINP    GEOM    SYMINP    ZMAT    AOBASIS   BASIS     P2S    ABASIS      S 
                                         1400     1410     1200     1210     1080     1600     1650     1300     1700     1380   
                                           T        V       H0       H01     AOSYM     SMH    MOLCAS    ERIS     OPER     JKOP   

              2       8       17.69       500      610      700     1000      520     2100     2140      701   
                                          VAR    BASINP    GEOM     BASIS   MCVARS     RHF     MCSCF    GEOM   

 PROGRAMS   *        TOTAL        CI     MULTI       INT   RESTART
 CPU TIMES  *        24.49     13.54      1.87      8.96      0.01
 REAL TIME  *        26.37 SEC
 DISK USED  *       794.53 MB
 **********************************************************************************************************************************
 SETTING E1(1)          =       -54.99863850  AU                              
 SETTING E2(1)          =       -54.63122846  AU                              
 SETTING E3(1)          =       -54.52467529  AU                              

 DO I                   =         2.00000000   


 Using spherical harmonics

 Library entry N      S aug-cc-pV5Z          selected for orbital group  1
 Library entry N      P aug-cc-pV5Z          selected for orbital group  1
 Library entry N      D aug-cc-pV5Z          selected for orbital group  1
 Library entry N      F aug-cc-pV5Z          selected for orbital group  1
 Library entry N      G aug-cc-pV5Z          selected for orbital group  1
 Library entry N      H aug-cc-pV5Z          selected for orbital group  1
 Library entry H      S aug-cc-pV5Z          selected for orbital group  2
 Library entry H      P aug-cc-pV5Z          selected for orbital group  2
 Library entry H      D aug-cc-pV5Z          selected for orbital group  2
 Library entry H      F aug-cc-pV5Z          selected for orbital group  2
 Library entry H      G aug-cc-pV5Z          selected for orbital group  2


 PROGRAM * SEWARD (Integral evaluation for generally contracted gaussian basis sets)     Author: Roland Lindh, 1990

 Geometry written to block  1 of record 701

 Orientation using atomic masses  
 Molecule type: Linear
 Symmetry elements: X,Y
 Rotational constants:    1096.8961837   1096.8961837      0.0000000 GHz  (calculated with average atomic masses)

 Point group  C2v 



 ATOMIC COORDINATES

 NR  ATOM    CHARGE       X              Y              Z

   1  N       7.00    0.000000000    0.000000000   -0.088800756
   2  H       1.00    0.000000000    0.000000000    1.234007531

 Bond lengths in Bohr (Angstrom)

 1-2  1.322808287
     ( 0.700000000)

 NUCLEAR CHARGE:                    8
 NUMBER OF PRIMITIVE AOS:         307
 NUMBER OF SYMMETRY AOS:          227
 NUMBER OF CONTRACTIONS:          207   (   77A1  +   50B1  +   50B2  +   30A2  )
 NUMBER OF INNER CORE ORBITALS:     0   (    0A1  +    0B1  +    0B2  +    0A2  )
 NUMBER OF OUTER CORE ORBITALS:     1   (    1A1  +    0B1  +    0B2  +    0A2  )
 NUMBER OF VALENCE ORBITALS:        5   (    3A1  +    1B1  +    1B2  +    0A2  )


 NUCLEAR REPULSION ENERGY    5.29177211

 EXTRA SYMMETRY OF AOS IN SYMMETRY 1:   1 1 1 1 1 1 1 1 1 1   1 1 1 1 2 1 2 1 2 1   2 1 2 1 2 1 2 1 2 1   2 1 3 2 1 3 2 1 3 2
                                        2 3 1 2 3 1 1 1 1 1   1 1 1 1 1 1 1 1 2 1   2 1 2 1 2 1 2 1 2 1   2 1 3 2 1 3 2
 EXTRA SYMMETRY OF AOS IN SYMMETRY 2:   1 1 1 1 1 1 1 1 1 1   1 1 2 1 2 1 2 1 2 1   2 1 2 1 2 1 2 3 1 2   3 1 1 1 1 1 1 1 1 1
                                        1 2 1 2 1 2 1 2 1 2
 EXTRA SYMMETRY OF AOS IN SYMMETRY 3:   1 1 1 1 1 1 1 1 1 1   1 1 2 1 2 1 2 1 2 1   2 1 2 1 2 1 2 3 1 2   3 1 1 1 1 1 1 1 1 1
                                        1 2 1 2 1 2 1 2 1 2
 EXTRA SYMMETRY OF AOS IN SYMMETRY 4:   1 1 1 1 1 1 1 1 1 1   2 1 2 1 2 2 1 2 1 1   1 1 1 1 1 1 1 2 1 2

 Eigenvalues of metric

         1 0.609E-05 0.474E-04 0.667E-04 0.105E-03 0.243E-03 0.268E-03 0.500E-03 0.908E-03
         2 0.551E-04 0.391E-03 0.118E-02 0.300E-02 0.421E-02 0.608E-02 0.107E-01 0.139E-01
         3 0.551E-04 0.391E-03 0.118E-02 0.300E-02 0.421E-02 0.608E-02 0.107E-01 0.139E-01
         4 0.908E-03 0.441E-02 0.134E-01 0.249E-01 0.592E-01 0.771E-01 0.134E+00 0.141E+00


 Contracted 2-electron integrals neglected if value below      1.0D-12
 AO integral compression algorithm  1   Integral accuracy      1.0D-12

     297.796 MB (compressed) written to integral file ( 52.8%)


 NUMBER OF SORTED TWO-ELECTRON INTEGRALS:   59167011.     BUFFER LENGTH:  32768
 NUMBER OF SEGMENTS:   4  SEGMENT LENGTH:   15999984      RECORD LENGTH: 524288

 Memory used in sort:      16.56 MW

 SORT1 READ    70490039. AND WROTE    39593900. INTEGRALS IN    116 RECORDS. CPU TIME:     0.79 SEC, REAL TIME:     0.94 SEC
 SORT2 READ    39593900. AND WROTE    59167011. INTEGRALS IN   1136 RECORDS. CPU TIME:     0.73 SEC, REAL TIME:     0.85 SEC

 FILE SIZES:   FILE 1:   328.7 MBYTE,  FILE 4:   486.6 MBYTE,   TOTAL:    815.3 MBYTE

 OPERATOR DM      FOR CENTER  0  COORDINATES:    0.000000    0.000000    0.000000


 **********************************************************************************************************************************
 DATASETS  * FILE   NREC   LENGTH (MB)   RECORD NAMES
              1      19      259.65       500      610      701      900      950      970     1000      129      960     1100   
                                          VAR    BASINP    GEOM    SYMINP    ZMAT    AOBASIS   BASIS     P2S    ABASIS      S 
                                         1400     1410     1200     1210     1080     1600     1650     1300     1700   
                                           T        V       H0       H01     AOSYM     SMH    MOLCAS    ERIS     OPER   

              2       8       17.69       500      610      700     1000      520     2100     2140      701   
                                          VAR    BASINP    GEOM     BASIS   MCVARS     RHF     MCSCF    GEOM   

 PROGRAMS   *        TOTAL       INT        CI     MULTI       INT   RESTART
 CPU TIMES  *        33.37      8.88     13.54      1.87      8.96      0.01
 REAL TIME  *        35.68 SEC
 DISK USED  *       795.28 MB
 **********************************************************************************************************************************

 PROGRAM * MULTI (Direct Multiconfiguration SCF)       Authors: P.J. Knowles, H.-J. Werner (1984)
                                                                D.A. Kreplin, P.J. Knowles, H.-J. Werner (2019)

 Number of closed-shell orbitals:   1 (   1   0   0   0 )
 Number of active  orbitals:        5 (   3   1   1   0 )
 Number of external orbitals:     201 (  73  49  49  30 )

 State symmetry 1

 Number of active electrons:   6    Spin symmetry=Triplet   Space symmetry=4
 Number of states:             4
 Number of CSFs:              12   (15 determinants, 50 intermediate states)

 Molecular orbitals read from record     2140.2  Type=MCSCF/NATURAL (state averaged)

 EXTRA SYMMETRY OF MOS IN SYMMETRY 1:   1 1 1 1 1 1 1 2 1 1   1 1 2 1 1 2 1 1 2 1   2 1 1 1 3 2 1 2 1 2   1 2 1 3 1 1 2 1 1 2
                                        1 3 2 1 2 3 1 1 2 1   2 1 1 2 1 1 1 3 2 2   3 1 2 3 1 1 2 1 2 1   2 1 1 2 1 1 1
 EXTRA SYMMETRY OF MOS IN SYMMETRY 2:   1 1 1 1 1 1 2 1 1 1   2 1 1 1 2 1 1 2 1 2   1 1 1 3 2 1 1 2 2 1   1 2 1 1 1 2 3 1 1 1
                                        2 2 2 1 1 2 1 1 1 1
 EXTRA SYMMETRY OF MOS IN SYMMETRY 3:   1 1 1 1 1 1 2 1 1 1   2 1 1 1 2 1 1 2 1 2   1 1 1 3 2 1 1 2 2 1   1 2 1 1 1 2 3 1 1 1
                                        2 2 2 1 1 2 1 1 1 1
 EXTRA SYMMETRY OF MOS IN SYMMETRY 4:   1 1 1 1 1 2 1 1 1 1   2 1 1 2 1 1 2 1 1 1   2 1 1 2 1 2 1 1 1 1

 Wavefunction dump at record             2140.2

 Convergence thresholds  0.10E-04 (gradient)  0.10E-05 (energy)

 Weight factors for state symmetry  1:    0.25000   0.25000   0.25000   0.25000
 
 Number of orbital rotations:  393  ( 3 closed/active, 73 closed/virtual, 0 active/active, 317 active/virtual )
 Total number of variables:    453
 
  Second-order MCSCF: L-BFGS accelerated
 
 ITER  MIC  NCI  NEG     ENERGY(VAR)    ENERGY(PROJ) ENERGY CHANGE       GRAD(0)  GRAD(ORB)   GRAD(CI)      STEP      TIME
   1    5    4    0    -54.47560435     -54.47581939   -0.00021505    0.04545592 0.00000150 0.00000000  0.11E-01      0.37
   2    8    5    0    -54.47581918     -54.47581918   -0.00000000    0.00005609 0.00000000 0.00000000  0.37E-04      0.74
   3    3    2    0    -54.47581918     -54.47581918   -0.00000000    0.00000000 0.00000000 0.00000000  0.40E-09      1.08

 CONVERGENCE REACHED!  Final gradient:    0.00000000 ( 0.27E-11)
                       Final energy:    -54.47581918
 
 Results for state 1.4
 =====================
 !MCSCF STATE 1.4 Energy                       -54.769074713618
 Nuclear energy                                  5.29177211
 Kinetic energy                                 56.89916136
 One electron energy                           -85.26486896
 Two electron energy                            25.20402214
 Virial ratio                                    1.96256383
 
 !MCSCF STATE 1.4 Dipole moment                  0.00000000     0.00000000     0.79718135
 Dipole moment /Debye                            0.00000000     0.00000000     2.02623290
 
 Results for state 2.4
 =====================
 !MCSCF STATE 2.4 Energy                       -54.473518782145
 Nuclear energy                                  5.29177211
 Kinetic energy                                 55.22928615
 One electron energy                           -81.57735354
 Two electron energy                            21.81206265
 Virial ratio                                    1.98631582
 
 !MCSCF STATE 2.4 Dipole moment                  0.00000000     0.00000000    -1.50521509
 Dipole moment /Debye                            0.00000000     0.00000000    -3.82587514
 
 Results for state 3.4
 =====================
 !MCSCF STATE 3.4 Energy                       -54.346579420056
 Nuclear energy                                  5.29177211
 Kinetic energy                                 55.19345817
 One electron energy                           -81.52305638
 Two electron energy                            21.88470485
 Virial ratio                                    1.98465618
 
 !MCSCF STATE 3.4 Dipole moment                  0.00000000     0.00000000    -1.41013197
 Dipole moment /Debye                            0.00000000     0.00000000    -3.58419796
 
 Results for state 4.4
 =====================
 !MCSCF STATE 4.4 Energy                       -54.314103798622
 Nuclear energy                                  5.29177211
 Kinetic energy                                 55.21634919
 One electron energy                           -81.48958824
 Two electron energy                            21.88371233
 Virial ratio                                    1.98365981
 
 !MCSCF STATE 4.4 Dipole moment                  0.00000000     0.00000000    -1.26197887
 Dipole moment /Debye                            0.00000000     0.00000000    -3.20763034
 
 State-averaged charge density matrix saved on record 2140.2 (density set 1)
 
 Expectation values: (only non-zero values are shown)
 
 !MCSCF expec                       <1.4|DMZ|1.4>     0.797181354100 au =     2.026232895280 Debye
 !MCSCF expec                       <2.4|DMZ|2.4>    -1.505215085907 au =    -3.825875136004 Debye
 !MCSCF expec                       <3.4|DMZ|3.4>    -1.410131969700 au =    -3.584197960723 Debye
 !MCSCF expec                       <4.4|DMZ|4.4>    -1.261978868069 au =    -3.207630337159 Debye
 
 Transition values: (only non-zero values with the ground state are shown)
 
 !MCSCF trans                       <1.4|DMZ|2.4>    -0.049879762361 au =    -0.126781710064 Debye
 !MCSCF trans                       <1.4|DMZ|4.4>     0.166188458134 au =     0.422408927348 Debye
 

 EXTRA SYMMETRY OF MOS IN SYMMETRY 1:   1 1 1 1 1 1 1 2 1 1   1 1 2 1 1 2 1 1 2 1   2 1 1 1 3 2 2 1 1 2   1 2 1 3 1 1 2 1 1 2
                                        1 3 2 1 2 3 1 1 2 1   2 1 1 2 1 1 1 3 2 2   3 1 2 3 1 1 2 1 2 1   2 1 1 2 1 1 1
 
 Natural orbital dump (state averaged) at molpro section 2140.2 (Orbital set 2)
 
 Reoptimze the CI vectors with natural orbitals 
 
 CI Coefficients of symmetry 4
 =============================
 
 220 a a        0.99653278      0.07070281     -0.00000000     -0.00555543
 2ab a a       -0.05771136      0.86034971     -0.00000000      0.00324018
 2ba a a        0.02420901     -0.28935810      0.00000000      0.81092115
 2aa a b        0.01675117     -0.28549581     -0.70696970     -0.40708067
 2aa b a        0.01675117     -0.28549581      0.70696970     -0.40708067
 b2a a a       -0.01655841      0.02410174      0.00000000      0.08398603
 a2b a a        0.04246070     -0.07433005      0.00000000      0.00137032
 
 Energy:      -54.76907471    -54.47351878    -54.34657942    -54.31410380
 


 **********************************************************************************************************************************
 DATASETS  * FILE   NREC   LENGTH (MB)   RECORD NAMES
              1      20      262.57       500      610      701      900      950      970     1000      129      960     1100   
                                          VAR    BASINP    GEOM    SYMINP    ZMAT    AOBASIS   BASIS     P2S    ABASIS      S 
                                         1400     1410     1200     1210     1080     1600     1650     1300     1700     1380   
                                           T        V       H0       H01     AOSYM     SMH    MOLCAS    ERIS     OPER     JKOP   

              2       8       17.69       500      610      700     1000      520     2100     2140      701   
                                          VAR    BASINP    GEOM     BASIS   MCVARS     RHF     MCSCF    GEOM   

 PROGRAMS   *        TOTAL     MULTI       INT        CI     MULTI       INT   RESTART
 CPU TIMES  *        34.67      1.30      8.88     13.54      1.87      8.96      0.01
 REAL TIME  *        37.12 SEC
 DISK USED  *       795.28 MB
 **********************************************************************************************************************************


 PROGRAM * CI (Multireference internally contracted CI)     Authors: H.-J. Werner, P.J. Knowles, 1987


 Convergence thresholds:  THRVAR = 1.00D-08  THRDEN = 1.00D-06

 Number of optimized states: 3  Roots:    1   2   3
 Number of reference states: 3  Roots:    1   2   3

 Program parameters:       NSTATE=  3    NSTATI=  5    NSTATR=  3    NCEPA = -1    NOKOP =  0    ITRDM =  0    ITRANS=  0
                           IDIP  =200    MAXIT =250    MAXITI=250    MAXDAV=  9    MAXVI = 15    NOSING=  0    NOPAIR=  0
                           MXSHRF=  4    IKCPS =  0    IOPTGM=  2    IOPTOR=  0    REFOPT=  1    IAVDEN=  0    IDELCG=  1
                           IREST =  0    NATORB=  0    IPUNRF=  0    ISEP  =  0    OLDDEN=  0    NSTPRI=  1    GPSFLI= -1
                           CLUSTE=  0    CLOSED=  1    ILSTYP=  0    ITRLS =  0    ICCSD =  0    LOCAL =  0    IBASO =  0
                           MP    =  0    ITEDIS=  2    INCDIS=  1    MAXDIS=  6    ITYDIS=  1    BRUECK=  0    IBRSTR=  3
                           INCBRK=  1    TRIPLE=  0    ICCTYP=  2    IHPPD =  0    ICCNEW=  0    I3EXT = -1    IDEB  =  0
                           IDLEIG=  1    IDFTYP=  1    IMP3  =  0    IPROCS=  0    NOINT =  0    NOREF =  1    IMP2G =  0
                           IHINT =  0    IFDIA =  0    ISPARO=  1    JKSYM =  0    CPHF  =  0    MP2D  = -1    DKINT =  0
                           NPKEX =  1    DRVK  =  1    HLSTRA=  1    WIGNER=  1    DIIS_C=  1    MAXIT_= 50    MATEL =  0
                           SPDEG =  1    MEMCPH=  0    DISM  =  1    KDCPMA=  5    IKDCP_=  0    IREDTH=  0    USECS =  0
                           IPROCC=  0    I3SAVE=  1    IKDCP =  1    USECI =  0    OLDPAI=  0    IPROCI=  0    KEEPCL=  1
                           DISCON=  0    SHIFTE=  0    DIISIN=  0    MOLCAS=  0    MEM_PT=  0    RECORD=  0    RS2C  =  0
                           KEXT  = -1    CIPT2 =  0    DECP0S=  0    I4EXT = -1    NATCOR=  0    RIMP2 =  0    DDCI  = -1
                           IPOLAR=  0

 Reference symmetry:                   4   Triplet 
 Number of electrons:                  8
 Maximum number of shells:             3
 Maximum number of spin couplings:     9

 Reference space:        6 conf       12 CSFs
 N elec internal:       35 conf       45 CSFs
 N-1 el internal:       48 conf       96 CSFs
 N-2 el internal:       26 conf      102 CSFs

 Number of electrons in valence space:                      6
 Maximum number of open shell orbitals in reference space:  4
 Maximum number of open shell orbitals in internal spaces:  6


 Number of core orbitals:           1 (   1   0   0   0 )
 Number of active  orbitals:        5 (   3   1   1   0 )
 Number of external orbitals:     201 (  73  49  49  30 )

 Molecular orbitals read from record     2140.2  Type=MCSCF/NATURAL (state averaged)

 Valence orbitals related to previous ones by unitary transformation. Operators transformed.


 Number of p-space configurations:   5

 Reference wavefunction optimized for reference space (refopt=1)

 State     Reference Energy 
     1       -54.76907471
     2       -54.47351878
     3       -54.34657942
     4       -54.31410380
     5       -53.90976209

 Number of blocks in overlap matrix:    13   Smallest eigenvalue:  0.54D-06
 Number of N-2 electron functions:      60
 Number of N-1 electron functions:      96

 Number of internal configurations:                   12
 Number of singly external configurations:          4953
 Number of doubly external configurations:        311592
 Total number of contracted configurations:       316557
 Total number of uncontracted configurations:     529947

 Diagonal Coupling coefficients finished.               Storage:    8081 words, CPU-Time:      0.00 seconds.
 Energy denominators for pairs finished in 1 passes.    Storage:  127229 words, CPU-time:      0.00 seconds.

  ITER. STATE  ROOT     SQ.NORM     CORR.ENERGY   TOTAL ENERGY   ENERGY CHANGE       DEN1      VAR(S)    VAR(P)      TIME
    1     1     1     1.00000000     0.00000000   -54.76907471     0.00000000    -0.21714554  0.70D-01  0.20D-01     0.16
    1     2     2     1.00000000     0.00000000   -54.47351878     0.00000000    -0.11955604  0.22D-01  0.12D-01     0.16
    1     3     3     1.00000000     0.00000000   -54.34657942     0.00000000    -0.14169032  0.26D-01  0.15D-01     0.16
    2     1     1     1.06872123    -0.19010724   -54.95918195    -0.19010724    -0.00873453  0.17D-02  0.11D-02     1.41
    2     2     2     1.03581391    -0.12417716   -54.59769595    -0.12417716    -0.00204180  0.32D-03  0.29D-03     1.41
    2     3     3     1.04085492    -0.14231141   -54.48889083    -0.14231141    -0.00289686  0.56D-03  0.39D-03     1.41
    3     1     1     1.06800431    -0.19950874   -54.96858345    -0.00940150    -0.00047977  0.51D-04  0.73D-04     2.66
    3     2     2     1.03711675    -0.12660822   -54.60012701    -0.00243106    -0.00015301  0.23D-04  0.28D-04     2.66
    3     3     3     1.04430162    -0.14564371   -54.49222313    -0.00333230    -0.00025941  0.25D-03  0.34D-04     2.66
    4     1     1     1.06978243    -0.20014969   -54.96922440    -0.00064095    -0.00004446  0.40D-05  0.71D-05     3.92
    4     2     2     1.03808416    -0.12684126   -54.60036004    -0.00023303    -0.00002844  0.52D-05  0.49D-05     3.92
    4     3     3     1.05079921    -0.14612154   -54.49270096    -0.00047783    -0.00010783  0.98D-04  0.13D-04     3.92
    5     1     1     1.07039386    -0.20021184   -54.96928655    -0.00006215    -0.00000493  0.49D-06  0.79D-06     5.16
    5     2     2     1.03812770    -0.12688090   -54.60039969    -0.00003965    -0.00000585  0.85D-06  0.11D-05     5.16
    5     3     3     1.05835909    -0.14636771   -54.49294713    -0.00024617    -0.00007515  0.62D-04  0.86D-05     5.16
    6     1     1     1.07033484    -0.20021861   -54.96929332    -0.00000677    -0.00000073  0.57D-07  0.11D-06     6.42
    6     2     2     1.03809706    -0.12688829   -54.60040708    -0.00000739    -0.00000126  0.22D-06  0.24D-06     6.42
    6     3     3     1.06336075    -0.14650321   -54.49308263    -0.00013549    -0.00004718  0.52D-04  0.46D-05     6.42
    7     1     1     1.07035718    -0.20021955   -54.96929426    -0.00000094    -0.00000011  0.88D-08  0.17D-07     7.67
    7     2     2     1.03812810    -0.12688977   -54.60040856    -0.00000148    -0.00000028  0.67D-07  0.48D-07     7.67
    7     3     3     1.06785685    -0.14657566   -54.49315508    -0.00007246    -0.00002513  0.19D-04  0.27D-05     7.67
    8     1     1     1.07036554    -0.20021969   -54.96929441    -0.00000014    -0.00000002  0.18D-08  0.31D-08     8.93
    8     2     2     1.03813892    -0.12689014   -54.60040893    -0.00000037    -0.00000007  0.15D-07  0.14D-07     8.93
    8     3     3     1.07147447    -0.14661855   -54.49319797    -0.00004288    -0.00001696  0.16D-04  0.18D-05     8.93
    9     1     1     1.07036608    -0.20021969   -54.96929441    -0.00000000    -0.00000002  0.18D-08  0.31D-08     9.90
    9     2     2     1.03814648    -0.12689024   -54.60040902    -0.00000009    -0.00000002  0.40D-08  0.44D-08     9.90
    9     3     3     1.08568766    -0.14668103   -54.49326045    -0.00006248    -0.00001131  0.20D-05  0.19D-05     9.90
   10     1     1     1.07036608    -0.20021969   -54.96929441    -0.00000000    -0.00000002  0.18D-08  0.31D-08    10.58
   10     2     2     1.03814648    -0.12689024   -54.60040902    -0.00000000    -0.00000002  0.40D-08  0.44D-08    10.58
   10     3     3     1.08687279    -0.14669354   -54.49327296    -0.00001251    -0.00000140  0.81D-06  0.21D-06    10.58
   11     1     1     1.07036608    -0.20021969   -54.96929441     0.00000000    -0.00000002  0.18D-08  0.31D-08    11.27
   11     2     2     1.03814648    -0.12689024   -54.60040902    -0.00000000    -0.00000002  0.40D-08  0.44D-08    11.27
   11     3     3     1.08868396    -0.14669628   -54.49327570    -0.00000275    -0.00000054  0.19D-06  0.10D-06    11.27
   12     1     1     1.07036608    -0.20021969   -54.96929441    -0.00000000    -0.00000002  0.18D-08  0.31D-08    11.96
   12     2     2     1.03814648    -0.12689024   -54.60040902    -0.00000000    -0.00000002  0.40D-08  0.44D-08    11.96
   12     3     3     1.08997988    -0.14669709   -54.49327651    -0.00000081    -0.00000015  0.29D-07  0.35D-07    11.96
   13     1     1     1.07036608    -0.20021969   -54.96929441    -0.00000000    -0.00000002  0.18D-08  0.31D-08    12.65
   13     2     2     1.03814648    -0.12689024   -54.60040902     0.00000000    -0.00000002  0.40D-08  0.44D-08    12.65
   13     3     3     1.09011176    -0.14669726   -54.49327668    -0.00000016    -0.00000002  0.10D-07  0.48D-08    12.65
   14     1     1     1.07036608    -0.20021969   -54.96929441    -0.00000000    -0.00000002  0.18D-08  0.31D-08    13.36
   14     2     2     1.03814648    -0.12689024   -54.60040902    -0.00000000    -0.00000002  0.40D-08  0.44D-08    13.36
   14     3     3     1.09028695    -0.14669729   -54.49327671    -0.00000004    -0.00000001  0.41D-08  0.21D-08    13.36


 =====================================
 Analysis of CPU times by interactions
 =====================================

       I      S      P

 I   0.1%
 S   0.1%   0.1%
 P   0.3%   0.9%  28.2%

 Initialization:   1.1%
 Other:           69.2%

 Total CPU:       13.4 seconds
 =====================================



 gnormi=  0.93425980  gnorms=  0.04303914  gnormp=  0.02270106  gnorm=  1.00000000
 ecorri= -0.18705721  ecorrs= -0.00861415  ecorrp= -0.00454833  ecorr= -0.20021969

 gnormi=  0.96325520  gnorms=  0.02163260  gnormp=  0.01511220  gnorm=  1.00000000
 ecorri= -0.12222768  ecorrs= -0.00274460  ecorrp= -0.00191795  ecorr= -0.12689024

 gnormi=  0.91718974  gnorms=  0.06507842  gnormp=  0.01773184  gnorm=  1.00000000
 ecorri= -0.13454925  ecorrs= -0.00954711  ecorrp= -0.00260093  ecorr= -0.14669729

 Reference coefficients greater than 0.0500000
 =============================================
 220//           0.9653232   0.0332681   0.0000000
 2/\//          -0.0335156   0.7999461   0.0000016
 2///\           0.0096955  -0.3245717   0.7817886
 2//\/           0.0137113  -0.4590136  -0.5528055
 /2\//           0.0262974  -0.0596900   0.0000002

 Coefficients of singly external configurations greater than 0.0500000
 =====================================================================

 220/0   2.3     0.0329610   0.0141040  -0.1322689
 2200/   2.2    -0.0329607  -0.0141049  -0.1322615
 2/0/\  11.1     0.0527903   0.0051699   0.0000008

 Coefficients of fixed reference functions:
 ==========================================

 State      Coefficients
 1           0.966045    0.028733    0.000000
 2          -0.035651    0.980713   -0.000000
 3           0.000000    0.000000    0.957696

 Coefficients of rotated reference functions:
 ============================================

 State      Coefficients
 1           0.966467   -0.003215    0.000000
 2          -0.003215    0.981356    0.000000
 3           0.000000    0.000000    0.957696


 RESULTS FOR STATE 1.4
 =====================

 Coefficient of reference function:   C(0) = 0.96604465 (fixed)   0.96657116 (relaxed)   0.96646651 (rotated)

 Energy contributions of configuration classes

 CLASS          SQ.NORM        ECORR1        ECORR2
 +++++++++++++++++++++++++++++++++++++++++++++++++++
 Internals    0.00021657   -0.00003248   -0.11314262
 Singles      0.04607761   -0.07913276   -0.08252870
 Pairs        0.02430371   -0.00000004   -0.00454837
 Total        1.07059789   -0.07916528   -0.20021969
 +++++++++++++++++++++++++++++++++++++++++++++++++++


 Reference energy                     -54.76875179
 Nuclear energy                         5.29177211
 Kinetic energy                        56.17005812
 One electron energy                  -84.36008367
 Two electron energy                   24.09901716
 Virial quotient                       -0.97862271
 Correlation energy                    -0.20054261
 !MRCI STATE 1.4 Energy               -54.969294407881

 Properties without orbital relaxation:

 !MRCI STATE 1.4 Dipole moment          0.00000000     0.00000000     0.66120266
 Dipole moment /Debye                   0.00000000     0.00000000     1.68060953

 Cluster corrected energies           -54.98345229 (Davidson, fixed reference)
 Cluster corrected energies           -54.98340581 (Davidson, relaxed reference)
 Cluster corrected energies           -54.98345229 (Davidson, rotated reference)

 Cluster corrected energies           -54.97636455 (Pople, fixed reference)
 Cluster corrected energies           -54.97634139 (Pople, relaxed reference)
 Cluster corrected energies           -54.97636455 (Pople, rotated reference)



 RESULTS FOR STATE 2.4
 =====================

 Coefficient of reference function:   C(0) = 0.98071321 (fixed)   0.98145566 (relaxed)   0.98135572 (rotated)

 Energy contributions of configuration classes

 CLASS          SQ.NORM        ECORR1        ECORR2
 +++++++++++++++++++++++++++++++++++++++++++++++++++
 Internals    0.00020369   -0.00003198   -0.07825745
 Singles      0.02246238   -0.04565684   -0.04671484
 Pairs        0.01569187    0.00000000   -0.00191795
 Total        1.03835794   -0.04568883   -0.12689024
 +++++++++++++++++++++++++++++++++++++++++++++++++++


 Reference energy                     -54.47384170
 Nuclear energy                         5.29177211
 Kinetic energy                        55.72196083
 One electron energy                  -81.78608760
 Two electron energy                   21.89390647
 Virial quotient                       -0.97987236
 Correlation energy                    -0.12656732
 !MRCI STATE 2.4 Energy               -54.600409018603

 Properties without orbital relaxation:

 !MRCI STATE 2.4 Dipole moment          0.00000000     0.00000000    -1.47576870
 Dipole moment /Debye                   0.00000000     0.00000000    -3.75102990

 Cluster corrected energies           -54.60526388 (Davidson, fixed reference)
 Cluster corrected energies           -54.60523712 (Davidson, relaxed reference)
 Cluster corrected energies           -54.60526388 (Davidson, rotated reference)

 Cluster corrected energies           -54.60283556 (Pople, fixed reference)
 Cluster corrected energies           -54.60282219 (Pople, relaxed reference)
 Cluster corrected energies           -54.60283556 (Pople, rotated reference)



 RESULTS FOR STATE 3.4
 =====================

 Coefficient of reference function:   C(0) = 0.95769568 (fixed)   0.95770023 (relaxed)   0.95769568 (rotated)

 Energy contributions of configuration classes

 CLASS          SQ.NORM        ECORR1        ECORR2
 +++++++++++++++++++++++++++++++++++++++++++++++++++
 Internals    0.00000952    0.00000000   -0.00000128
 Singles      0.07095483   -0.05610131   -0.06100216
 Pairs        0.01933297   -0.09059599   -0.08569385
 Total        1.09029733   -0.14669729   -0.14669729
 +++++++++++++++++++++++++++++++++++++++++++++++++++


 Reference energy                     -54.34657942
 Nuclear energy                         5.29177211
 Kinetic energy                        55.62422915
 One electron energy                  -81.67516850
 Two electron energy                   21.89011968
 Virial quotient                       -0.97966799
 Correlation energy                    -0.14669729
 !MRCI STATE 3.4 Energy               -54.493276712786

 Properties without orbital relaxation:

 !MRCI STATE 3.4 Dipole moment          0.00000000     0.00000000    -1.13499664
 Dipole moment /Debye                   0.00000000     0.00000000    -2.88487370

 Cluster corrected energies           -54.50652309 (Davidson, fixed reference)
 Cluster corrected energies           -54.50652156 (Davidson, relaxed reference)
 Cluster corrected energies           -54.50652309 (Davidson, rotated reference)

 Cluster corrected energies           -54.49988645 (Pople, fixed reference)
 Cluster corrected energies           -54.49988570 (Pople, relaxed reference)
 Cluster corrected energies           -54.49988645 (Pople, rotated reference)


 !MRCI trans          <2.4|DMZ|1.4>    -0.286037348596 au =    -0.727034421996 Debye

 !MRCI trans          <3.4|DMZ|1.4>     0.000001019457 au =     0.000002591201 Debye

 !MRCI trans          <3.4|DMZ|2.4>    -0.000016561632 au =    -0.000042095470 Debye


 **********************************************************************************************************************************
 DATASETS  * FILE   NREC   LENGTH (MB)   RECORD NAMES
              1      20      262.57       500      610      701      900      950      970     1000      129      960     1100   
                                          VAR    BASINP    GEOM    SYMINP    ZMAT    AOBASIS   BASIS     P2S    ABASIS      S 
                                         1400     1410     1200     1210     1080     1600     1650     1300     1700     1380   
                                           T        V       H0       H01     AOSYM     SMH    MOLCAS    ERIS     OPER     JKOP   

              2       8       17.69       500      610      700     1000      520     2100     2140      701   
                                          VAR    BASINP    GEOM     BASIS   MCVARS     RHF     MCSCF    GEOM   

 PROGRAMS   *        TOTAL        CI     MULTI       INT        CI     MULTI       INT   RESTART
 CPU TIMES  *        48.09     13.42      1.30      8.88     13.54      1.87      8.96      0.01
 REAL TIME  *        51.67 SEC
 DISK USED  *       795.28 MB
 **********************************************************************************************************************************
 SETTING E1(2)          =       -54.96929441  AU                              
 SETTING E2(2)          =       -54.60040902  AU                              
 SETTING E3(2)          =       -54.49327671  AU                              

 DO I                   =         3.00000000   


 Using spherical harmonics

 Library entry N      S aug-cc-pV5Z          selected for orbital group  1
 Library entry N      P aug-cc-pV5Z          selected for orbital group  1
 Library entry N      D aug-cc-pV5Z          selected for orbital group  1
 Library entry N      F aug-cc-pV5Z          selected for orbital group  1
 Library entry N      G aug-cc-pV5Z          selected for orbital group  1
 Library entry N      H aug-cc-pV5Z          selected for orbital group  1
 Library entry H      S aug-cc-pV5Z          selected for orbital group  2
 Library entry H      P aug-cc-pV5Z          selected for orbital group  2
 Library entry H      D aug-cc-pV5Z          selected for orbital group  2
 Library entry H      F aug-cc-pV5Z          selected for orbital group  2
 Library entry H      G aug-cc-pV5Z          selected for orbital group  2


 PROGRAM * SEWARD (Integral evaluation for generally contracted gaussian basis sets)     Author: Roland Lindh, 1990

 Geometry written to block  1 of record 701

 Orientation using atomic masses  
 Molecule type: Linear
 Symmetry elements: X,Y
 Rotational constants:    1162.3683608   1162.3683608      0.0000000 GHz  (calculated with average atomic masses)

 Point group  C2v 



 ATOMIC COORDINATES

 NR  ATOM    CHARGE       X              Y              Z

   1  N       7.00    0.000000000    0.000000000   -0.086263592
   2  H       1.00    0.000000000    0.000000000    1.198750173

 Bond lengths in Bohr (Angstrom)

 1-2  1.285013765
     ( 0.680000000)

 NUCLEAR CHARGE:                    8
 NUMBER OF PRIMITIVE AOS:         307
 NUMBER OF SYMMETRY AOS:          227
 NUMBER OF CONTRACTIONS:          207   (   77A1  +   50B1  +   50B2  +   30A2  )
 NUMBER OF INNER CORE ORBITALS:     0   (    0A1  +    0B1  +    0B2  +    0A2  )
 NUMBER OF OUTER CORE ORBITALS:     1   (    1A1  +    0B1  +    0B2  +    0A2  )
 NUMBER OF VALENCE ORBITALS:        5   (    3A1  +    1B1  +    1B2  +    0A2  )


 NUCLEAR REPULSION ENERGY    5.44741247

 EXTRA SYMMETRY OF AOS IN SYMMETRY 1:   1 1 1 1 1 1 1 1 1 1   1 1 1 1 2 1 2 1 2 1   2 1 2 1 2 1 2 1 2 1   2 1 3 2 1 3 2 1 3 2
                                        2 3 1 2 3 1 1 1 1 1   1 1 1 1 1 1 1 1 2 1   2 1 2 1 2 1 2 1 2 1   2 1 3 2 1 3 2
 EXTRA SYMMETRY OF AOS IN SYMMETRY 2:   1 1 1 1 1 1 1 1 1 1   1 1 2 1 2 1 2 1 2 1   2 1 2 1 2 1 2 3 1 2   3 1 1 1 1 1 1 1 1 1
                                        1 2 1 2 1 2 1 2 1 2
 EXTRA SYMMETRY OF AOS IN SYMMETRY 3:   1 1 1 1 1 1 1 1 1 1   1 1 2 1 2 1 2 1 2 1   2 1 2 1 2 1 2 3 1 2   3 1 1 1 1 1 1 1 1 1
                                        1 2 1 2 1 2 1 2 1 2
 EXTRA SYMMETRY OF AOS IN SYMMETRY 4:   1 1 1 1 1 1 1 1 1 1   2 1 2 1 2 2 1 2 1 1   1 1 1 1 1 1 1 2 1 2

 Eigenvalues of metric

         1 0.568E-05 0.429E-04 0.601E-04 0.968E-04 0.237E-03 0.254E-03 0.428E-03 0.822E-03
         2 0.499E-04 0.351E-03 0.109E-02 0.272E-02 0.403E-02 0.554E-02 0.983E-02 0.130E-01
         3 0.499E-04 0.351E-03 0.109E-02 0.272E-02 0.403E-02 0.554E-02 0.983E-02 0.130E-01
         4 0.822E-03 0.403E-02 0.127E-01 0.230E-01 0.543E-01 0.749E-01 0.128E+00 0.134E+00


 Contracted 2-electron integrals neglected if value below      1.0D-12
 AO integral compression algorithm  1   Integral accuracy      1.0D-12

     298.582 MB (compressed) written to integral file ( 52.9%)


 NUMBER OF SORTED TWO-ELECTRON INTEGRALS:   59167011.     BUFFER LENGTH:  32768
 NUMBER OF SEGMENTS:   4  SEGMENT LENGTH:   15999984      RECORD LENGTH: 524288

 Memory used in sort:      16.56 MW

 SORT1 READ    70490039. AND WROTE    39593896. INTEGRALS IN    116 RECORDS. CPU TIME:     0.80 SEC, REAL TIME:     0.94 SEC
 SORT2 READ    39593896. AND WROTE    59167011. INTEGRALS IN   1139 RECORDS. CPU TIME:     0.74 SEC, REAL TIME:     0.86 SEC

 FILE SIZES:   FILE 1:   329.5 MBYTE,  FILE 4:   486.6 MBYTE,   TOTAL:    816.1 MBYTE

 OPERATOR DM      FOR CENTER  0  COORDINATES:    0.000000    0.000000    0.000000


 **********************************************************************************************************************************
 DATASETS  * FILE   NREC   LENGTH (MB)   RECORD NAMES
              1      19      260.20       500      610      701      900      950      970     1000      129      960     1100   
                                          VAR    BASINP    GEOM    SYMINP    ZMAT    AOBASIS   BASIS     P2S    ABASIS      S 
                                         1400     1410     1200     1210     1080     1600     1650     1300     1700   
                                           T        V       H0       H01     AOSYM     SMH    MOLCAS    ERIS     OPER   

              2       8       17.69       500      610      700     1000      520     2100     2140      701   
                                          VAR    BASINP    GEOM     BASIS   MCVARS     RHF     MCSCF    GEOM   

 PROGRAMS   *        TOTAL       INT        CI     MULTI       INT        CI     MULTI       INT   RESTART
 CPU TIMES  *        56.95      8.86     13.42      1.30      8.88     13.54      1.87      8.96      0.01
 REAL TIME  *        60.97 SEC
 DISK USED  *       796.03 MB
 **********************************************************************************************************************************

 PROGRAM * MULTI (Direct Multiconfiguration SCF)       Authors: P.J. Knowles, H.-J. Werner (1984)
                                                                D.A. Kreplin, P.J. Knowles, H.-J. Werner (2019)

 Number of closed-shell orbitals:   1 (   1   0   0   0 )
 Number of active  orbitals:        5 (   3   1   1   0 )
 Number of external orbitals:     201 (  73  49  49  30 )

 State symmetry 1

 Number of active electrons:   6    Spin symmetry=Triplet   Space symmetry=4
 Number of states:             4
 Number of CSFs:              12   (15 determinants, 50 intermediate states)

 Molecular orbitals read from record     2140.2  Type=MCSCF/NATURAL (state averaged)

 EXTRA SYMMETRY OF MOS IN SYMMETRY 1:   1 1 1 1 1 1 1 2 1 1   1 1 2 1 1 2 1 1 2 1   2 1 1 1 3 2 2 1 1 2   1 2 1 3 1 1 2 1 1 2
                                        1 3 2 1 2 3 1 1 2 1   2 1 1 2 1 1 1 3 2 2   3 1 2 3 1 1 2 1 2 1   2 1 1 2 1 1 1
 EXTRA SYMMETRY OF MOS IN SYMMETRY 2:   1 1 1 1 1 1 2 1 1 1   2 1 1 1 2 1 1 2 1 2   1 1 1 3 2 1 1 2 2 1   1 2 1 1 1 2 3 1 1 1
                                        2 2 2 1 1 2 1 1 1 1
 EXTRA SYMMETRY OF MOS IN SYMMETRY 3:   1 1 1 1 1 1 2 1 1 1   2 1 1 1 2 1 1 2 1 2   1 1 1 3 2 1 1 2 2 1   1 2 1 1 1 2 3 1 1 1
                                        2 2 2 1 1 2 1 1 1 1
 EXTRA SYMMETRY OF MOS IN SYMMETRY 4:   1 1 1 1 1 2 1 1 1 1   2 1 1 2 1 1 2 1 1 1   2 1 1 2 1 2 1 1 1 1

 Wavefunction dump at record             2140.2

 Convergence thresholds  0.10E-04 (gradient)  0.10E-05 (energy)

 Weight factors for state symmetry  1:    0.25000   0.25000   0.25000   0.25000
 
 Number of orbital rotations:  393  ( 3 closed/active, 73 closed/virtual, 0 active/active, 317 active/virtual )
 Total number of variables:    453
 
  Second-order MCSCF: L-BFGS accelerated
 
 ITER  MIC  NCI  NEG     ENERGY(VAR)    ENERGY(PROJ) ENERGY CHANGE       GRAD(0)  GRAD(ORB)   GRAD(CI)      STEP      TIME
   1    5    3    0    -54.44014864     -54.44037447   -0.00022583    0.04848171 0.00001566 0.00000000  0.10E-01      0.36
   2    8    5    0    -54.44037424     -54.44037424   -0.00000000    0.00005917 0.00000000 0.00000000  0.37E-04      0.75
   3    3    2    0    -54.44037424     -54.44037424   -0.00000000    0.00000000 0.00000000 0.00000000  0.35E-09      1.09

 CONVERGENCE REACHED!  Final gradient:    0.00000000 ( 0.29E-11)
                       Final energy:    -54.44037424
 
 Results for state 1.4
 =====================
 !MCSCF STATE 1.4 Energy                       -54.735184413974
 Nuclear energy                                  5.44741247
 Kinetic energy                                 57.00191448
 One electron energy                           -85.48165370
 Two electron energy                            25.29905682
 Virial ratio                                    1.96023414
 
 !MCSCF STATE 1.4 Dipole moment                  0.00000000     0.00000000     0.79093322
 Dipole moment /Debye                            0.00000000     0.00000000     2.01035173
 
 Results for state 2.4
 =====================
 !MCSCF STATE 2.4 Energy                       -54.438475202652
 Nuclear energy                                  5.44741247
 Kinetic energy                                 55.32673305
 One electron energy                           -81.78026754
 Two electron energy                            21.89437988
 Virial ratio                                    1.98394523
 
 !MCSCF STATE 2.4 Dipole moment                  0.00000000     0.00000000    -1.48606687
 Dipole moment /Debye                            0.00000000     0.00000000    -3.77720522
 
 Results for state 3.4
 =====================
 !MCSCF STATE 3.4 Energy                       -54.310893061763
 Nuclear energy                                  5.44741247
 Kinetic energy                                 55.28235240
 One electron energy                           -81.71748602
 Two electron energy                            21.95918049
 Virial ratio                                    1.98242732
 
 !MCSCF STATE 3.4 Dipole moment                  0.00000000     0.00000000    -1.39584241
 Dipole moment /Debye                            0.00000000     0.00000000    -3.54787752
 
 Results for state 4.4
 =====================
 !MCSCF STATE 4.4 Energy                       -54.276944296176
 Nuclear energy                                  5.44741247
 Kinetic energy                                 55.30114781
 One electron energy                           -81.68023416
 Two electron energy                            21.95587740
 Virial ratio                                    1.98147953
 
 !MCSCF STATE 4.4 Dipole moment                  0.00000000     0.00000000    -1.25311237
 Dipole moment /Debye                            0.00000000     0.00000000    -3.18509395
 
 State-averaged charge density matrix saved on record 2140.2 (density set 1)
 
 Expectation values: (only non-zero values are shown)
 
 !MCSCF expec                       <1.4|DMZ|1.4>     0.790933222115 au =     2.010351727842 Debye
 !MCSCF expec                       <2.4|DMZ|2.4>    -1.486066869614 au =    -3.777205224771 Debye
 !MCSCF expec                       <3.4|DMZ|3.4>    -1.395842409597 au =    -3.547877521728 Debye
 !MCSCF expec                       <4.4|DMZ|4.4>    -1.253112372675 au =    -3.185093953763 Debye
 
 Transition values: (only non-zero values with the ground state are shown)
 
 !MCSCF trans                       <1.4|DMZ|2.4>    -0.027767756777 au =    -0.070578597857 Debye
 !MCSCF trans                       <1.4|DMZ|4.4>     0.151962090691 au =     0.386249108073 Debye
 

 EXTRA SYMMETRY OF MOS IN SYMMETRY 1:   1 1 1 1 1 1 1 2 1 1   1 1 2 1 1 2 1 1 2 1   2 1 1 1 3 2 1 2 1 2   1 2 1 3 1 1 2 1 1 2
                                        1 3 2 1 2 3 1 1 2 1   2 1 1 2 1 1 1 3 2 2   1 3 2 3 1 1 1 2 2 1   2 1 1 2 1 1 1
 
 Natural orbital dump (state averaged) at molpro section 2140.2 (Orbital set 2)
 
 Reoptimze the CI vectors with natural orbitals 
 
 CI Coefficients of symmetry 4
 =============================
 
 220 a a        0.99610221      0.07713742     -0.00000000     -0.00861352
 2ab a a       -0.06343591      0.86005948      0.00000000      0.00255706
 2ba a a        0.02862448     -0.28842547      0.00000000      0.81120462
 2aa a b        0.01740572     -0.28581700     -0.70697080     -0.40688084
 2aa b a        0.01740572     -0.28581700      0.70697080     -0.40688084
 b2a a a       -0.01628631      0.02354945      0.00000000      0.08356567
 a2b a a        0.04146057     -0.07309858     -0.00000000      0.00065469
 
 Energy:      -54.73518441    -54.43847520    -54.31089306    -54.27694430
 


 **********************************************************************************************************************************
 DATASETS  * FILE   NREC   LENGTH (MB)   RECORD NAMES
              1      20      263.11       500      610      701      900      950      970     1000      129      960     1100   
                                          VAR    BASINP    GEOM    SYMINP    ZMAT    AOBASIS   BASIS     P2S    ABASIS      S 
                                         1400     1410     1200     1210     1080     1600     1650     1300     1700     1380   
                                           T        V       H0       H01     AOSYM     SMH    MOLCAS    ERIS     OPER     JKOP   

              2       8       17.69       500      610      700     1000      520     2100     2140      701   
                                          VAR    BASINP    GEOM     BASIS   MCVARS     RHF     MCSCF    GEOM   

 PROGRAMS   *        TOTAL     MULTI       INT        CI     MULTI       INT        CI     MULTI       INT   RESTART
 CPU TIMES  *        58.25      1.30      8.86     13.42      1.30      8.88     13.54      1.87      8.96      0.01
 REAL TIME  *        62.42 SEC
 DISK USED  *       796.03 MB
 **********************************************************************************************************************************


 PROGRAM * CI (Multireference internally contracted CI)     Authors: H.-J. Werner, P.J. Knowles, 1987


 Convergence thresholds:  THRVAR = 1.00D-08  THRDEN = 1.00D-06

 Number of optimized states: 3  Roots:    1   2   3
 Number of reference states: 3  Roots:    1   2   3

 Program parameters:       NSTATE=  3    NSTATI=  5    NSTATR=  3    NCEPA = -1    NOKOP =  0    ITRDM =  0    ITRANS=  0
                           IDIP  =200    MAXIT =250    MAXITI=250    MAXDAV=  9    MAXVI = 15    NOSING=  0    NOPAIR=  0
                           MXSHRF=  4    IKCPS =  0    IOPTGM=  2    IOPTOR=  0    REFOPT=  1    IAVDEN=  0    IDELCG=  1
                           IREST =  0    NATORB=  0    IPUNRF=  0    ISEP  =  0    OLDDEN=  0    NSTPRI=  1    GPSFLI= -1
                           CLUSTE=  0    CLOSED=  1    ILSTYP=  0    ITRLS =  0    ICCSD =  0    LOCAL =  0    IBASO =  0
                           MP    =  0    ITEDIS=  2    INCDIS=  1    MAXDIS=  6    ITYDIS=  1    BRUECK=  0    IBRSTR=  3
                           INCBRK=  1    TRIPLE=  0    ICCTYP=  2    IHPPD =  0    ICCNEW=  0    I3EXT = -1    IDEB  =  0
                           IDLEIG=  1    IDFTYP=  1    IMP3  =  0    IPROCS=  0    NOINT =  0    NOREF =  1    IMP2G =  0
                           IHINT =  0    IFDIA =  0    ISPARO=  1    JKSYM =  0    CPHF  =  0    MP2D  = -1    DKINT =  0
                           NPKEX =  1    DRVK  =  1    HLSTRA=  1    WIGNER=  1    DIIS_C=  1    MAXIT_= 50    MATEL =  0
                           SPDEG =  1    MEMCPH=  0    DISM  =  1    KDCPMA=  5    IKDCP_=  0    IREDTH=  0    USECS =  0
                           IPROCC=  0    I3SAVE=  1    IKDCP =  1    USECI =  0    OLDPAI=  0    IPROCI=  0    KEEPCL=  1
                           DISCON=  0    SHIFTE=  0    DIISIN=  0    MOLCAS=  0    MEM_PT=  0    RECORD=  0    RS2C  =  0
                           KEXT  = -1    CIPT2 =  0    DECP0S=  0    I4EXT = -1    NATCOR=  0    RIMP2 =  0    DDCI  = -1
                           IPOLAR=  0

 Reference symmetry:                   4   Triplet 
 Number of electrons:                  8
 Maximum number of shells:             3
 Maximum number of spin couplings:     9

 Reference space:        6 conf       12 CSFs
 N elec internal:       35 conf       45 CSFs
 N-1 el internal:       48 conf       96 CSFs
 N-2 el internal:       26 conf      102 CSFs

 Number of electrons in valence space:                      6
 Maximum number of open shell orbitals in reference space:  4
 Maximum number of open shell orbitals in internal spaces:  6


 Number of core orbitals:           1 (   1   0   0   0 )
 Number of active  orbitals:        5 (   3   1   1   0 )
 Number of external orbitals:     201 (  73  49  49  30 )

 Molecular orbitals read from record     2140.2  Type=MCSCF/NATURAL (state averaged)

 Valence orbitals related to previous ones by unitary transformation. Operators transformed.


 Number of p-space configurations:   5

 Reference wavefunction optimized for reference space (refopt=1)

 State     Reference Energy 
     1       -54.73518441
     2       -54.43847520
     3       -54.31089306
     4       -54.27694430
     5       -53.86438366

 Number of blocks in overlap matrix:    13   Smallest eigenvalue:  0.44D-06
 Number of N-2 electron functions:      60
 Number of N-1 electron functions:      96

 Number of internal configurations:                   12
 Number of singly external configurations:          4953
 Number of doubly external configurations:        311592
 Total number of contracted configurations:       316557
 Total number of uncontracted configurations:     529947

 Diagonal Coupling coefficients finished.               Storage:    8081 words, CPU-Time:      0.00 seconds.
 Energy denominators for pairs finished in 1 passes.    Storage:  127229 words, CPU-time:      0.00 seconds.

  ITER. STATE  ROOT     SQ.NORM     CORR.ENERGY   TOTAL ENERGY   ENERGY CHANGE       DEN1      VAR(S)    VAR(P)      TIME
    1     1     1     1.00000000     0.00000000   -54.73518441     0.00000000    -0.21701091  0.70D-01  0.19D-01     0.16
    1     2     2     1.00000000     0.00000000   -54.43847520     0.00000000    -0.11948938  0.22D-01  0.12D-01     0.16
    1     3     3     1.00000000     0.00000000   -54.31089306     0.00000000    -0.14135953  0.26D-01  0.15D-01     0.16
    2     1     1     1.06844693    -0.19019331   -54.92537773    -0.19019331    -0.00868074  0.17D-02  0.11D-02     1.40
    2     2     2     1.03553522    -0.12391863   -54.56239383    -0.12391863    -0.00204374  0.33D-03  0.29D-03     1.40
    2     3     3     1.04062105    -0.14208385   -54.45297692    -0.14208385    -0.00288326  0.56D-03  0.38D-03     1.40
    3     1     1     1.06770720    -0.19957127   -54.93475569    -0.00937796    -0.00048541  0.50D-04  0.73D-04     2.69
    3     2     2     1.03678292    -0.12634985   -54.56482506    -0.00243122    -0.00015370  0.24D-04  0.28D-04     2.69
    3     3     3     1.04414269    -0.14540969   -54.45630276    -0.00332584    -0.00026560  0.26D-03  0.34D-04     2.69
    4     1     1     1.06945889    -0.20022430   -54.93540871    -0.00065302    -0.00004549  0.41D-05  0.72D-05     3.97
    4     2     2     1.03777233    -0.12658640   -54.56506160    -0.00023654    -0.00002905  0.55D-05  0.49D-05     3.97
    4     3     3     1.05117949    -0.14591019   -54.45680325    -0.00050049    -0.00011711  0.11D-03  0.14D-04     3.97
    5     1     1     1.07006715    -0.20028794   -54.93547236    -0.00006364    -0.00000507  0.50D-06  0.81D-06     5.26
    5     2     2     1.03782689    -0.12662715   -54.56510235    -0.00004075    -0.00000595  0.88D-06  0.10D-05     5.26
    5     3     3     1.05970697    -0.14618154   -54.45707460    -0.00027136    -0.00008465  0.68D-04  0.97D-05     5.26
    6     1     1     1.07000728    -0.20029492   -54.93547934    -0.00000698    -0.00000075  0.59D-07  0.11D-06     6.54
    6     2     2     1.03780112    -0.12663468   -54.56510988    -0.00000753    -0.00000126  0.23D-06  0.24D-06     6.54
    6     3     3     1.06519553    -0.14633225   -54.45722531    -0.00015071    -0.00005192  0.58D-04  0.49D-05     6.54
    7     1     1     1.07003186    -0.20029590   -54.93548032    -0.00000098    -0.00000012  0.90D-08  0.17D-07     7.85
    7     2     2     1.03783655    -0.12663617   -54.56511138    -0.00000149    -0.00000029  0.69D-07  0.49D-07     7.85
    7     3     3     1.07019619    -0.14641224   -54.45730530    -0.00007999    -0.00002797  0.22D-04  0.30D-05     7.85
    8     1     1     1.07004073    -0.20029605   -54.93548047    -0.00000015    -0.00000002  0.19D-08  0.32D-08     9.13
    8     2     2     1.03784964    -0.12663655   -54.56511175    -0.00000038    -0.00000008  0.16D-07  0.14D-07     9.13
    8     3     3     1.07435172    -0.14646075   -54.45735381    -0.00004851    -0.00001947  0.18D-04  0.20D-05     9.13
    9     1     1     1.07004144    -0.20029605   -54.93548047    -0.00000000    -0.00000002  0.19D-08  0.32D-08    10.10
    9     2     2     1.03785834    -0.12663665   -54.56511185    -0.00000010    -0.00000002  0.43D-08  0.45D-08    10.10
    9     3     3     1.09085168    -0.14653295   -54.45742601    -0.00007220    -0.00001292  0.22D-05  0.22D-05    10.10
   10     1     1     1.07004144    -0.20029605   -54.93548047     0.00000000    -0.00000002  0.19D-08  0.32D-08    10.80
   10     2     2     1.03785834    -0.12663665   -54.56511185    -0.00000000    -0.00000002  0.43D-08  0.45D-08    10.80
   10     3     3     1.09218143    -0.14654715   -54.45744022    -0.00001420    -0.00000158  0.90D-06  0.24D-06    10.80
   11     1     1     1.07004144    -0.20029605   -54.93548047    -0.00000000    -0.00000002  0.19D-08  0.32D-08    11.49
   11     2     2     1.03785834    -0.12663665   -54.56511185    -0.00000000    -0.00000002  0.43D-08  0.45D-08    11.49
   11     3     3     1.09421682    -0.14655024   -54.45744330    -0.00000309    -0.00000062  0.22D-06  0.12D-06    11.49
   12     1     1     1.07004144    -0.20029605   -54.93548047    -0.00000000    -0.00000002  0.19D-08  0.32D-08    12.21
   12     2     2     1.03785834    -0.12663665   -54.56511185    -0.00000000    -0.00000002  0.43D-08  0.45D-08    12.21
   12     3     3     1.09570222    -0.14655117   -54.45744423    -0.00000093    -0.00000018  0.35D-07  0.40D-07    12.21
   13     1     1     1.07004144    -0.20029605   -54.93548047    -0.00000000    -0.00000002  0.19D-08  0.32D-08    12.90
   13     2     2     1.03785834    -0.12663665   -54.56511185    -0.00000000    -0.00000002  0.43D-08  0.45D-08    12.90
   13     3     3     1.09585797    -0.14655136   -54.45744442    -0.00000019    -0.00000003  0.13D-07  0.57D-08    12.90
   14     1     1     1.07004144    -0.20029605   -54.93548047    -0.00000000    -0.00000002  0.19D-08  0.32D-08    13.60
   14     2     2     1.03785834    -0.12663665   -54.56511185    -0.00000000    -0.00000002  0.43D-08  0.45D-08    13.60
   14     3     3     1.09606987    -0.14655141   -54.45744447    -0.00000005    -0.00000001  0.52D-08  0.25D-08    13.60


 =====================================
 Analysis of CPU times by interactions
 =====================================

       I      S      P

 I   0.1%
 S   0.0%   0.1%
 P   0.4%   0.9%  28.1%

 Initialization:   1.1%
 Other:           69.3%

 Total CPU:       13.6 seconds
 =====================================



 gnormi=  0.93454324  gnorms=  0.04301754  gnormp=  0.02243922  gnorm=  1.00000000
 ecorri= -0.18718532  ecorrs= -0.00861299  ecorrp= -0.00449774  ecorr= -0.20029605

 gnormi=  0.96352263  gnorms=  0.02153262  gnormp=  0.01494474  gnorm=  1.00000000
 ecorri= -0.12201728  ecorrs= -0.00272646  ecorrp= -0.00189291  ecorr= -0.12663665

 gnormi=  0.91235060  gnorms=  0.07007769  gnormp=  0.01757171  gnorm=  1.00000000
 ecorri= -0.13370627  ecorrs= -0.01027035  ecorrp= -0.00257479  ecorr= -0.14655141

 Reference coefficients greater than 0.0500000
 =============================================
 220//           0.9653039   0.0368877   0.0000001
 2/\//          -0.0382684   0.7995874   0.0000019
 2///\           0.0100426  -0.3249989   0.7797225
 2//\/           0.0142023  -0.4596176  -0.5513441
 /2\//           0.0259302  -0.0584038   0.0000002

 Coefficients of singly external configurations greater than 0.0500000
 =====================================================================

 220/0   2.3     0.0328649   0.0152318  -0.1401139
 2200/   2.2    -0.0328646  -0.0152327  -0.1401055
 2/0/\  11.1     0.0513544   0.0053735   0.0000009

 Coefficients of fixed reference functions:
 ==========================================

 State      Coefficients
 1           0.966134    0.030852    0.000000
 2          -0.038385    0.980745   -0.000000
 3           0.000000    0.000000    0.955166

 Coefficients of rotated reference functions:
 ============================================

 State      Coefficients
 1           0.966621   -0.003505    0.000000
 2          -0.003505    0.981490    0.000000
 3           0.000000    0.000000    0.955166


 RESULTS FOR STATE 1.4
 =====================

 Coefficient of reference function:   C(0) = 0.96613438 (fixed)   0.96671777 (relaxed)   0.96662052 (rotated)

 Energy contributions of configuration classes

 CLASS          SQ.NORM        ECORR1        ECORR2
 +++++++++++++++++++++++++++++++++++++++++++++++++++
 Internals    0.00020122   -0.00003821   -0.11303846
 Singles      0.04603981   -0.07935614   -0.08275981
 Pairs        0.02401573   -0.00000004   -0.00449778
 Total        1.07025676   -0.07939439   -0.20029605
 +++++++++++++++++++++++++++++++++++++++++++++++++++


 Reference energy                     -54.73480962
 Nuclear energy                         5.44741247
 Kinetic energy                        56.26668449
 One electron energy                  -84.57555243
 Two electron energy                   24.19265950
 Virial quotient                       -0.97634117
 Correlation energy                    -0.20067085
 !MRCI STATE 1.4 Energy               -54.935480468359

 Properties without orbital relaxation:

 !MRCI STATE 1.4 Dipole moment          0.00000000     0.00000000     0.66002130
 Dipole moment /Debye                   0.00000000     0.00000000     1.67760681

 Cluster corrected energies           -54.94957895 (Davidson, fixed reference)
 Cluster corrected energies           -54.94953574 (Davidson, relaxed reference)
 Cluster corrected energies           -54.94957895 (Davidson, rotated reference)

 Cluster corrected energies           -54.94252103 (Pople, fixed reference)
 Cluster corrected energies           -54.94249951 (Pople, relaxed reference)
 Cluster corrected energies           -54.94252103 (Pople, rotated reference)



 RESULTS FOR STATE 2.4
 =====================

 Coefficient of reference function:   C(0) = 0.98074539 (fixed)   0.98159189 (relaxed)   0.98149003 (rotated)

 Energy contributions of configuration classes

 CLASS          SQ.NORM        ECORR1        ECORR2
 +++++++++++++++++++++++++++++++++++++++++++++++++++
 Internals    0.00020756   -0.00003763   -0.07835908
 Singles      0.02235245   -0.04532043   -0.04638466
 Pairs        0.01551375    0.00000000   -0.00189291
 Total        1.03807375   -0.04535806   -0.12663665
 +++++++++++++++++++++++++++++++++++++++++++++++++++


 Reference energy                     -54.43884999
 Nuclear energy                         5.44741247
 Kinetic energy                        55.81589330
 One electron energy                  -81.98422801
 Two electron energy                   21.97170369
 Virial quotient                       -0.97759094
 Correlation energy                    -0.12626186
 !MRCI STATE 2.4 Energy               -54.565111850045

 Properties without orbital relaxation:

 !MRCI STATE 2.4 Dipole moment          0.00000000     0.00000000    -1.46603677
 Dipole moment /Debye                   0.00000000     0.00000000    -3.72629380

 Cluster corrected energies           -54.56991911 (Davidson, fixed reference)
 Cluster corrected energies           -54.56989191 (Davidson, relaxed reference)
 Cluster corrected energies           -54.56991911 (Davidson, rotated reference)

 Cluster corrected energies           -54.56751461 (Pople, fixed reference)
 Cluster corrected energies           -54.56750103 (Pople, relaxed reference)
 Cluster corrected energies           -54.56751461 (Pople, rotated reference)



 RESULTS FOR STATE 3.4
 =====================

 Coefficient of reference function:   C(0) = 0.95516583 (fixed)   0.95517046 (relaxed)   0.95516583 (rotated)

 Energy contributions of configuration classes

 CLASS          SQ.NORM        ECORR1        ECORR2
 +++++++++++++++++++++++++++++++++++++++++++++++++++
 Internals    0.00000968    0.00000000   -0.00000129
 Singles      0.07681079   -0.05593252   -0.06129993
 Pairs        0.01926000   -0.09061888   -0.08525019
 Total        1.09608047   -0.14655141   -0.14655141
 +++++++++++++++++++++++++++++++++++++++++++++++++++


 Reference energy                     -54.31089306
 Nuclear energy                         5.44741247
 Kinetic energy                        55.71569520
 One electron energy                  -81.87118208
 Two electron energy                   21.96632514
 Virial quotient                       -0.97741658
 Correlation energy                    -0.14655141
 !MRCI STATE 3.4 Energy               -54.457444470008

 Properties without orbital relaxation:

 !MRCI STATE 3.4 Dipole moment          0.00000000     0.00000000    -1.10815752
 Dipole moment /Debye                   0.00000000     0.00000000    -2.81665546

 Cluster corrected energies           -54.47152520 (Davidson, fixed reference)
 Cluster corrected energies           -54.47152364 (Davidson, relaxed reference)
 Cluster corrected energies           -54.47152520 (Davidson, rotated reference)

 Cluster corrected energies           -54.46446866 (Pople, fixed reference)
 Cluster corrected energies           -54.46446789 (Pople, relaxed reference)
 Cluster corrected energies           -54.46446866 (Pople, rotated reference)


 !MRCI trans          <2.4|DMZ|1.4>    -0.270212560395 au =    -0.686811822398 Debye

 !MRCI trans          <3.4|DMZ|1.4>     0.000001148967 au =     0.000002920383 Debye

 !MRCI trans          <3.4|DMZ|2.4>    -0.000018002311 au =    -0.000045757310 Debye


 **********************************************************************************************************************************
 DATASETS  * FILE   NREC   LENGTH (MB)   RECORD NAMES
              1      20      263.11       500      610      701      900      950      970     1000      129      960     1100   
                                          VAR    BASINP    GEOM    SYMINP    ZMAT    AOBASIS   BASIS     P2S    ABASIS      S 
                                         1400     1410     1200     1210     1080     1600     1650     1300     1700     1380   
                                           T        V       H0       H01     AOSYM     SMH    MOLCAS    ERIS     OPER     JKOP   

              2       8       17.69       500      610      700     1000      520     2100     2140      701   
                                          VAR    BASINP    GEOM     BASIS   MCVARS     RHF     MCSCF    GEOM   

 PROGRAMS   *        TOTAL        CI     MULTI       INT        CI     MULTI       INT        CI     MULTI       INT   RESTART
 CPU TIMES  *        71.91     13.66      1.30      8.86     13.42      1.30      8.88     13.54      1.87      8.96      0.01
 REAL TIME  *        77.16 SEC
 DISK USED  *       796.03 MB
 **********************************************************************************************************************************
 SETTING E1(3)          =       -54.93548047  AU                              
 SETTING E2(3)          =       -54.56511185  AU                              
 SETTING E3(3)          =       -54.45744447  AU                              

 DO I                   =         4.00000000   


 Using spherical harmonics

 Library entry N      S aug-cc-pV5Z          selected for orbital group  1
 Library entry N      P aug-cc-pV5Z          selected for orbital group  1
 Library entry N      D aug-cc-pV5Z          selected for orbital group  1
 Library entry N      F aug-cc-pV5Z          selected for orbital group  1
 Library entry N      G aug-cc-pV5Z          selected for orbital group  1
 Library entry N      H aug-cc-pV5Z          selected for orbital group  1
 Library entry H      S aug-cc-pV5Z          selected for orbital group  2
 Library entry H      P aug-cc-pV5Z          selected for orbital group  2
 Library entry H      D aug-cc-pV5Z          selected for orbital group  2
 Library entry H      F aug-cc-pV5Z          selected for orbital group  2
 Library entry H      G aug-cc-pV5Z          selected for orbital group  2


 PROGRAM * SEWARD (Integral evaluation for generally contracted gaussian basis sets)     Author: Roland Lindh, 1990

 Geometry written to block  1 of record 701

 Orientation using atomic masses  
 Molecule type: Linear
 Symmetry elements: X,Y
 Rotational constants:    1233.8823003   1233.8823003      0.0000000 GHz  (calculated with average atomic masses)

 Point group  C2v 



 ATOMIC COORDINATES

 NR  ATOM    CHARGE       X              Y              Z

   1  N       7.00    0.000000000    0.000000000   -0.083726427
   2  H       1.00    0.000000000    0.000000000    1.163492815

 Bond lengths in Bohr (Angstrom)

 1-2  1.247219242
     ( 0.660000000)

 NUCLEAR CHARGE:                    8
 NUMBER OF PRIMITIVE AOS:         307
 NUMBER OF SYMMETRY AOS:          227
 NUMBER OF CONTRACTIONS:          207   (   77A1  +   50B1  +   50B2  +   30A2  )
 NUMBER OF INNER CORE ORBITALS:     0   (    0A1  +    0B1  +    0B2  +    0A2  )
 NUMBER OF OUTER CORE ORBITALS:     1   (    1A1  +    0B1  +    0B2  +    0A2  )
 NUMBER OF VALENCE ORBITALS:        5   (    3A1  +    1B1  +    1B2  +    0A2  )


 NUCLEAR REPULSION ENERGY    5.61248557

 EXTRA SYMMETRY OF AOS IN SYMMETRY 1:   1 1 1 1 1 1 1 1 1 1   1 1 1 1 2 1 2 1 2 1   2 1 2 1 2 1 2 1 2 1   2 1 3 2 1 3 2 1 3 2
                                        2 3 1 2 3 1 1 1 1 1   1 1 1 1 1 1 1 1 2 1   2 1 2 1 2 1 2 1 2 1   2 1 3 2 1 3 2
 EXTRA SYMMETRY OF AOS IN SYMMETRY 2:   1 1 1 1 1 1 1 1 1 1   1 1 2 1 2 1 2 1 2 1   2 1 2 1 2 1 2 3 1 2   3 1 1 1 1 1 1 1 1 1
                                        1 2 1 2 1 2 1 2 1 2
 EXTRA SYMMETRY OF AOS IN SYMMETRY 3:   1 1 1 1 1 1 1 1 1 1   1 1 2 1 2 1 2 1 2 1   2 1 2 1 2 1 2 3 1 2   3 1 1 1 1 1 1 1 1 1
                                        1 2 1 2 1 2 1 2 1 2
 EXTRA SYMMETRY OF AOS IN SYMMETRY 4:   1 1 1 1 1 1 1 1 1 1   2 1 2 1 2 2 1 2 1 1   1 1 1 1 1 1 1 2 1 2

 Eigenvalues of metric

         1 0.526E-05 0.378E-04 0.552E-04 0.908E-04 0.229E-03 0.244E-03 0.365E-03 0.742E-03
         2 0.452E-04 0.313E-03 0.100E-02 0.244E-02 0.383E-02 0.509E-02 0.897E-02 0.122E-01
         3 0.452E-04 0.313E-03 0.100E-02 0.244E-02 0.383E-02 0.509E-02 0.897E-02 0.122E-01
         4 0.742E-03 0.370E-02 0.120E-01 0.213E-01 0.494E-01 0.727E-01 0.122E+00 0.126E+00


 Contracted 2-electron integrals neglected if value below      1.0D-12
 AO integral compression algorithm  1   Integral accuracy      1.0D-12

     299.106 MB (compressed) written to integral file ( 53.1%)


 NUMBER OF SORTED TWO-ELECTRON INTEGRALS:   59167011.     BUFFER LENGTH:  32768
 NUMBER OF SEGMENTS:   4  SEGMENT LENGTH:   15999984      RECORD LENGTH: 524288

 Memory used in sort:      16.56 MW

 SORT1 READ    70490039. AND WROTE    39593887. INTEGRALS IN    116 RECORDS. CPU TIME:     0.79 SEC, REAL TIME:     0.94 SEC
 SORT2 READ    39593887. AND WROTE    59167011. INTEGRALS IN   1141 RECORDS. CPU TIME:     0.75 SEC, REAL TIME:     0.86 SEC

 FILE SIZES:   FILE 1:   330.0 MBYTE,  FILE 4:   486.6 MBYTE,   TOTAL:    816.6 MBYTE

 OPERATOR DM      FOR CENTER  0  COORDINATES:    0.000000    0.000000    0.000000


 **********************************************************************************************************************************
 DATASETS  * FILE   NREC   LENGTH (MB)   RECORD NAMES
              1      19      260.73       500      610      701      900      950      970     1000      129      960     1100   
                                          VAR    BASINP    GEOM    SYMINP    ZMAT    AOBASIS   BASIS     P2S    ABASIS      S 
                                         1400     1410     1200     1210     1080     1600     1650     1300     1700   
                                           T        V       H0       H01     AOSYM     SMH    MOLCAS    ERIS     OPER   

              2       8       17.69       500      610      700     1000      520     2100     2140      701   
                                          VAR    BASINP    GEOM     BASIS   MCVARS     RHF     MCSCF    GEOM   

 PROGRAMS   *        TOTAL       INT        CI     MULTI       INT        CI     MULTI       INT        CI     MULTI       INT
 CPU TIMES  *        80.79      8.88     13.66      1.30      8.86     13.42      1.30      8.88     13.54      1.87      8.96
 REAL TIME  *        86.46 SEC
 DISK USED  *       796.53 MB
 **********************************************************************************************************************************

 PROGRAM * MULTI (Direct Multiconfiguration SCF)       Authors: P.J. Knowles, H.-J. Werner (1984)
                                                                D.A. Kreplin, P.J. Knowles, H.-J. Werner (2019)

 Number of closed-shell orbitals:   1 (   1   0   0   0 )
 Number of active  orbitals:        5 (   3   1   1   0 )
 Number of external orbitals:     201 (  73  49  49  30 )

 State symmetry 1

 Number of active electrons:   6    Spin symmetry=Triplet   Space symmetry=4
 Number of states:             4
 Number of CSFs:              12   (15 determinants, 50 intermediate states)

 Molecular orbitals read from record     2140.2  Type=MCSCF/NATURAL (state averaged)

 EXTRA SYMMETRY OF MOS IN SYMMETRY 1:   1 1 1 1 1 1 1 2 1 1   1 1 2 1 1 2 1 1 2 1   2 1 1 1 3 2 1 2 1 2   1 2 1 3 1 1 2 1 1 2
                                        1 3 2 1 2 3 1 1 2 1   2 1 1 2 1 1 1 3 2 2   1 3 2 3 1 1 1 2 2 1   2 1 1 2 1 1 1
 EXTRA SYMMETRY OF MOS IN SYMMETRY 2:   1 1 1 1 1 1 2 1 1 1   2 1 1 1 2 1 1 2 1 2   1 1 1 3 2 1 1 2 2 1   1 2 1 1 1 2 3 1 1 1
                                        2 2 2 1 1 2 1 1 1 1
 EXTRA SYMMETRY OF MOS IN SYMMETRY 3:   1 1 1 1 1 1 2 1 1 1   2 1 1 1 2 1 1 2 1 2   1 1 1 3 2 1 1 2 2 1   1 2 1 1 1 2 3 1 1 1
                                        2 2 2 1 1 2 1 1 1 1
 EXTRA SYMMETRY OF MOS IN SYMMETRY 4:   1 1 1 1 1 2 1 1 1 1   2 1 1 2 1 1 2 1 1 1   2 1 1 2 1 2 1 1 1 1

 Wavefunction dump at record             2140.2

 Convergence thresholds  0.10E-04 (gradient)  0.10E-05 (energy)

 Weight factors for state symmetry  1:    0.25000   0.25000   0.25000   0.25000
 
 Number of orbital rotations:  393  ( 3 closed/active, 73 closed/virtual, 0 active/active, 317 active/virtual )
 Total number of variables:    453
 
  Second-order MCSCF: L-BFGS accelerated
 
 ITER  MIC  NCI  NEG     ENERGY(VAR)    ENERGY(PROJ) ENERGY CHANGE       GRAD(0)  GRAD(ORB)   GRAD(CI)      STEP      TIME
   1    5    3    0    -54.39960322     -54.39984193   -0.00023872    0.05190800 0.00001895 0.00000000  0.96E-02      0.36
   2    8    5    0    -54.39984169     -54.39984169   -0.00000000    0.00006333 0.00000000 0.00000000  0.37E-04      0.74
   3    3    2    0    -54.39984169     -54.39984169   -0.00000000    0.00000000 0.00000000 0.00000000  0.31E-09      1.08

 CONVERGENCE REACHED!  Final gradient:    0.00000000 ( 0.41E-11)
                       Final energy:    -54.39984169
 
 Results for state 1.4
 =====================
 !MCSCF STATE 1.4 Energy                       -54.696229848028
 Nuclear energy                                  5.61248557
 Kinetic energy                                 57.11095358
 One electron energy                           -85.70549738
 Two electron energy                            25.39678197
 Virial ratio                                    1.95771873
 
 !MCSCF STATE 1.4 Dipole moment                  0.00000000     0.00000000     0.78410312
 Dipole moment /Debye                            0.00000000     0.00000000     1.99299133
 
 Results for state 2.4
 =====================
 !MCSCF STATE 2.4 Energy                       -54.398298361431
 Nuclear energy                                  5.61248557
 Kinetic energy                                 55.43150192
 One electron energy                           -81.99169912
 Two electron energy                            21.98091519
 Virial ratio                                    1.98136072
 
 !MCSCF STATE 2.4 Dipole moment                  0.00000000     0.00000000    -1.46779081
 Dipole moment /Debye                            0.00000000     0.00000000    -3.73075212
 
 Results for state 3.4
 =====================
 !MCSCF STATE 3.4 Energy                       -54.270117647970
 Nuclear energy                                  5.61248557
 Kinetic energy                                 55.37869411
 One electron energy                           -81.92037722
 Two electron energy                            22.03777400
 Virial ratio                                    1.97998190
 
 !MCSCF STATE 3.4 Dipole moment                  0.00000000     0.00000000    -1.38252021
 Dipole moment /Debye                            0.00000000     0.00000000    -3.51401588
 
 Results for state 4.4
 =====================
 !MCSCF STATE 4.4 Energy                       -54.234720906663
 Nuclear energy                                  5.61248557
 Kinetic energy                                 55.39324354
 One electron energy                           -81.87940799
 Two electron energy                            22.03220151
 Virial ratio                                    1.97908549
 
 !MCSCF STATE 4.4 Dipole moment                  0.00000000     0.00000000    -1.24512477
 Dipole moment /Debye                            0.00000000     0.00000000    -3.16479150
 
 State-averaged charge density matrix saved on record 2140.2 (density set 1)
 
 Expectation values: (only non-zero values are shown)
 
 !MCSCF expec                       <1.4|DMZ|1.4>     0.784103116571 au =     1.992991331164 Debye
 !MCSCF expec                       <2.4|DMZ|2.4>    -1.467790812878 au =    -3.730752122020 Debye
 !MCSCF expec                       <3.4|DMZ|3.4>    -1.382520212850 au =    -3.514015875132 Debye
 !MCSCF expec                       <4.4|DMZ|4.4>    -1.245124772260 au =    -3.164791498578 Debye
 
 Transition values: (only non-zero values with the ground state are shown)
 
 !MCSCF trans                       <1.4|DMZ|2.4>    -0.007149167682 au =    -0.018171371742 Debye
 !MCSCF trans                       <1.4|DMZ|4.4>     0.138526861575 au =     0.352100161850 Debye
 

 EXTRA SYMMETRY OF MOS IN SYMMETRY 1:   1 1 1 1 1 1 1 2 1 1   1 1 2 1 1 2 1 1 2 1   2 1 1 1 3 2 1 2 1 2   1 2 1 3 1 1 2 1 1 2
                                        1 2 3 1 2 3 1 1 2 1   2 1 1 2 1 1 1 3 2 2   1 3 2 3 1 1 1 2 2 1   2 1 1 2 1 1 1
 EXTRA SYMMETRY OF MOS IN SYMMETRY 2:   1 1 1 1 1 1 2 1 1 1   2 1 1 1 2 1 1 2 1 2   1 1 1 3 2 1 2 1 2 1   1 2 1 1 1 2 3 1 1 1
                                        2 2 2 1 1 2 1 1 1 1
 EXTRA SYMMETRY OF MOS IN SYMMETRY 3:   1 1 1 1 1 1 2 1 1 1   2 1 1 1 2 1 1 2 1 2   1 1 1 3 2 1 2 1 2 1   1 2 1 1 1 2 3 1 1 1
                                        2 2 2 1 1 2 1 1 1 1
 EXTRA SYMMETRY OF MOS IN SYMMETRY 4:   1 1 1 1 1 2 1 1 1 1   2 1 1 1 2 1 2 1 1 1   2 1 1 2 1 2 1 1 1 1
 
 Natural orbital dump (state averaged) at molpro section 2140.2 (Orbital set 2)
 
 Reoptimze the CI vectors with natural orbitals 
 
 CI Coefficients of symmetry 4
 =============================
 
 220 a a        0.99564594      0.08320573     -0.00000000     -0.01154408
 2ab a a       -0.06883902      0.85975089     -0.00000000      0.00179887
 2ba a a        0.03280247     -0.28739177      0.00000000      0.81150667
 2aa a b        0.01801828     -0.28617956     -0.70697176     -0.40665277
 2aa b a        0.01801828     -0.28617956      0.70697176     -0.40665277
 b2a a a       -0.01600751      0.02304746      0.00000000      0.08309360
 a2b a a        0.04050337     -0.07192820     -0.00000000      0.00004804
 
 Energy:      -54.69622985    -54.39829836    -54.27011765    -54.23472091
 


 **********************************************************************************************************************************
 DATASETS  * FILE   NREC   LENGTH (MB)   RECORD NAMES
              1      20      263.64       500      610      701      900      950      970     1000      129      960     1100   
                                          VAR    BASINP    GEOM    SYMINP    ZMAT    AOBASIS   BASIS     P2S    ABASIS      S 
                                         1400     1410     1200     1210     1080     1600     1650     1300     1700     1380   
                                           T        V       H0       H01     AOSYM     SMH    MOLCAS    ERIS     OPER     JKOP   

              2       8       17.69       500      610      700     1000      520     2100     2140      701   
                                          VAR    BASINP    GEOM     BASIS   MCVARS     RHF     MCSCF    GEOM   

 PROGRAMS   *        TOTAL     MULTI       INT        CI     MULTI       INT        CI     MULTI       INT        CI     MULTI
 CPU TIMES  *        82.10      1.31      8.88     13.66      1.30      8.86     13.42      1.30      8.88     13.54      1.87
 REAL TIME  *        87.90 SEC
 DISK USED  *       796.53 MB
 **********************************************************************************************************************************


 PROGRAM * CI (Multireference internally contracted CI)     Authors: H.-J. Werner, P.J. Knowles, 1987


 Convergence thresholds:  THRVAR = 1.00D-08  THRDEN = 1.00D-06

 Number of optimized states: 3  Roots:    1   2   3
 Number of reference states: 3  Roots:    1   2   3

 Program parameters:       NSTATE=  3    NSTATI=  5    NSTATR=  3    NCEPA = -1    NOKOP =  0    ITRDM =  0    ITRANS=  0
                           IDIP  =200    MAXIT =250    MAXITI=250    MAXDAV=  9    MAXVI = 15    NOSING=  0    NOPAIR=  0
                           MXSHRF=  4    IKCPS =  0    IOPTGM=  2    IOPTOR=  0    REFOPT=  1    IAVDEN=  0    IDELCG=  1
                           IREST =  0    NATORB=  0    IPUNRF=  0    ISEP  =  0    OLDDEN=  0    NSTPRI=  1    GPSFLI= -1
                           CLUSTE=  0    CLOSED=  1    ILSTYP=  0    ITRLS =  0    ICCSD =  0    LOCAL =  0    IBASO =  0
                           MP    =  0    ITEDIS=  2    INCDIS=  1    MAXDIS=  6    ITYDIS=  1    BRUECK=  0    IBRSTR=  3
                           INCBRK=  1    TRIPLE=  0    ICCTYP=  2    IHPPD =  0    ICCNEW=  0    I3EXT = -1    IDEB  =  0
                           IDLEIG=  1    IDFTYP=  1    IMP3  =  0    IPROCS=  0    NOINT =  0    NOREF =  1    IMP2G =  0
                           IHINT =  0    IFDIA =  0    ISPARO=  1    JKSYM =  0    CPHF  =  0    MP2D  = -1    DKINT =  0
                           NPKEX =  1    DRVK  =  1    HLSTRA=  1    WIGNER=  1    DIIS_C=  1    MAXIT_= 50    MATEL =  0
                           SPDEG =  1    MEMCPH=  0    DISM  =  1    KDCPMA=  5    IKDCP_=  0    IREDTH=  0    USECS =  0
                           IPROCC=  0    I3SAVE=  1    IKDCP =  1    USECI =  0    OLDPAI=  0    IPROCI=  0    KEEPCL=  1
                           DISCON=  0    SHIFTE=  0    DIISIN=  0    MOLCAS=  0    MEM_PT=  0    RECORD=  0    RS2C  =  0
                           KEXT  = -1    CIPT2 =  0    DECP0S=  0    I4EXT = -1    NATCOR=  0    RIMP2 =  0    DDCI  = -1
                           IPOLAR=  0

 Reference symmetry:                   4   Triplet 
 Number of electrons:                  8
 Maximum number of shells:             3
 Maximum number of spin couplings:     9

 Reference space:        6 conf       12 CSFs
 N elec internal:       35 conf       45 CSFs
 N-1 el internal:       48 conf       96 CSFs
 N-2 el internal:       26 conf      102 CSFs

 Number of electrons in valence space:                      6
 Maximum number of open shell orbitals in reference space:  4
 Maximum number of open shell orbitals in internal spaces:  6


 Number of core orbitals:           1 (   1   0   0   0 )
 Number of active  orbitals:        5 (   3   1   1   0 )
 Number of external orbitals:     201 (  73  49  49  30 )

 Molecular orbitals read from record     2140.2  Type=MCSCF/NATURAL (state averaged)

 Valence orbitals related to previous ones by unitary transformation. Operators transformed.


 Number of p-space configurations:   5

 Reference wavefunction optimized for reference space (refopt=1)

 State     Reference Energy 
     1       -54.69622985
     2       -54.39829836
     3       -54.27011765
     4       -54.23472091
     5       -53.81385232

 Number of blocks in overlap matrix:    13   Smallest eigenvalue:  0.31D-06
 Number of N-2 electron functions:      60
 Number of N-1 electron functions:      96

 Number of internal configurations:                   12
 Number of singly external configurations:          4953
 Number of doubly external configurations:        311592
 Total number of contracted configurations:       316557
 Total number of uncontracted configurations:     529947

 Diagonal Coupling coefficients finished.               Storage:    8081 words, CPU-Time:      0.00 seconds.
 Energy denominators for pairs finished in 1 passes.    Storage:  127229 words, CPU-time:      0.00 seconds.

  ITER. STATE  ROOT     SQ.NORM     CORR.ENERGY   TOTAL ENERGY   ENERGY CHANGE       DEN1      VAR(S)    VAR(P)      TIME
    1     1     1     1.00000000     0.00000000   -54.69622985     0.00000000    -0.21681657  0.69D-01  0.19D-01     0.16
    1     2     2     1.00000000     0.00000000   -54.39829836     0.00000000    -0.11944060  0.22D-01  0.12D-01     0.16
    1     3     3     1.00000000     0.00000000   -54.27011765     0.00000000    -0.14106309  0.25D-01  0.15D-01     0.16
    2     1     1     1.06816844    -0.19027830   -54.88650815    -0.19027830    -0.00861953  0.16D-02  0.11D-02     1.43
    2     2     2     1.03528848    -0.12370415   -54.52200251    -0.12370415    -0.00204436  0.34D-03  0.29D-03     1.43
    2     3     3     1.04040232    -0.14188490   -54.41200255    -0.14188490    -0.00287115  0.56D-03  0.38D-03     1.43
    3     1     1     1.06739965    -0.19962340   -54.89585325    -0.00934510    -0.00049055  0.50D-04  0.73D-04     2.71
    3     2     2     1.03647718    -0.12613309   -54.52443145    -0.00242894    -0.00015496  0.25D-04  0.28D-04     2.71
    3     3     3     1.04399768    -0.14520609   -54.41532373    -0.00332119    -0.00027239  0.28D-03  0.34D-04     2.71
    4     1     1     1.06912543    -0.20028772   -54.89651757    -0.00066432    -0.00004648  0.41D-05  0.72D-05     3.98
    4     2     2     1.03749299    -0.12637372   -54.52467208    -0.00024063    -0.00002983  0.57D-05  0.50D-05     3.98
    4     3     3     1.05159627    -0.14573067   -54.41584832    -0.00052458    -0.00012678  0.12D-03  0.15D-04     3.98
    5     1     1     1.06973230    -0.20035284   -54.89658269    -0.00006512    -0.00000522  0.51D-06  0.82D-06     5.26
    5     2     2     1.03756004    -0.12641572   -54.52471408    -0.00004200    -0.00000611  0.91D-06  0.11D-05     5.26
    5     3     3     1.06111759    -0.14602779   -54.41614544    -0.00029713    -0.00009450  0.74D-04  0.11D-04     5.26
    6     1     1     1.06967102    -0.20036004   -54.89658989    -0.00000721    -0.00000078  0.61D-07  0.11D-06     6.54
    6     2     2     1.03753832    -0.12642344   -54.52472181    -0.00000773    -0.00000129  0.25D-06  0.24D-06     6.54
    6     3     3     1.06708621    -0.14619398   -54.41631163    -0.00016619    -0.00005672  0.64D-04  0.53D-05     6.54
    7     1     1     1.06969767    -0.20036106   -54.89659091    -0.00000102    -0.00000012  0.93D-08  0.18D-07     7.81
    7     2     2     1.03757849    -0.12642498   -54.52472334    -0.00000153    -0.00000030  0.72D-07  0.51D-07     7.81
    7     3     3     1.07261231    -0.14628170   -54.41639934    -0.00008771    -0.00003097  0.24D-04  0.33D-05     7.81
    8     1     1     1.06970700    -0.20036122   -54.89659107    -0.00000016    -0.00000002  0.20D-08  0.34D-08     9.09
    8     2     2     1.03759400    -0.12642537   -54.52472373    -0.00000039    -0.00000008  0.16D-07  0.14D-07     9.09
    8     3     3     1.07734106    -0.14633617   -54.41645382    -0.00005447    -0.00002216  0.20D-04  0.23D-05     9.09
    9     1     1     1.06970787    -0.20036122   -54.89659107    -0.00000000    -0.00000002  0.20D-08  0.34D-08    10.07
    9     2     2     1.03760375    -0.12642547   -54.52472383    -0.00000010    -0.00000002  0.46D-08  0.46D-08    10.07
    9     3     3     1.09627638    -0.14641871   -54.41653636    -0.00008254    -0.00001466  0.24D-05  0.25D-05    10.07
   10     1     1     1.06970787    -0.20036122   -54.89659107    -0.00000000    -0.00000002  0.20D-08  0.34D-08    10.76
   10     2     2     1.03760375    -0.12642547   -54.52472383    -0.00000000    -0.00000002  0.46D-08  0.46D-08    10.76
   10     3     3     1.09775729    -0.14643472   -54.41655237    -0.00001601    -0.00000177  0.10D-05  0.27D-06    10.76
   11     1     1     1.06970787    -0.20036122   -54.89659107     0.00000000    -0.00000002  0.20D-08  0.34D-08    11.46
   11     2     2     1.03760375    -0.12642547   -54.52472383    -0.00000000    -0.00000002  0.46D-08  0.46D-08    11.46
   11     3     3     1.10002937    -0.14643817   -54.41655582    -0.00000345    -0.00000071  0.26D-06  0.14D-06    11.46
   12     1     1     1.06970787    -0.20036122   -54.89659107    -0.00000000    -0.00000002  0.20D-08  0.34D-08    12.14
   12     2     2     1.03760375    -0.12642547   -54.52472383    -0.00000000    -0.00000002  0.46D-08  0.46D-08    12.14
   12     3     3     1.10171473    -0.14643923   -54.41655688    -0.00000106    -0.00000021  0.44D-07  0.47D-07    12.14
   13     1     1     1.06970787    -0.20036122   -54.89659107    -0.00000000    -0.00000002  0.20D-08  0.34D-08    12.83
   13     2     2     1.03760375    -0.12642547   -54.52472383    -0.00000000    -0.00000002  0.46D-08  0.46D-08    12.83
   13     3     3     1.10189803    -0.14643946   -54.41655711    -0.00000023    -0.00000004  0.16D-07  0.68D-08    12.83
   14     1     1     1.06970787    -0.20036122   -54.89659107    -0.00000000    -0.00000002  0.20D-08  0.34D-08    13.53
   14     2     2     1.03760375    -0.12642547   -54.52472383    -0.00000000    -0.00000002  0.46D-08  0.46D-08    13.53
   14     3     3     1.10215699    -0.14643952   -54.41655716    -0.00000006    -0.00000002  0.65D-08  0.32D-08    13.53


 =====================================
 Analysis of CPU times by interactions
 =====================================

       I      S      P

 I   0.1%
 S   0.0%   0.4%
 P   0.2%   1.0%  27.7%

 Initialization:   1.1%
 Other:           69.5%

 Total CPU:       13.5 seconds
 =====================================



 gnormi=  0.93483467  gnorms=  0.04297793  gnormp=  0.02218740  gnorm=  1.00000000
 ecorri= -0.18730461  ecorrs= -0.00860771  ecorrp= -0.00444889  ecorr= -0.20036122

 gnormi=  0.96375904  gnorms=  0.02145909  gnormp=  0.01478187  gnorm=  1.00000000
 ecorri= -0.12184369  ecorrs= -0.00271261  ecorrp= -0.00186917  ecorr= -0.12642547

 gnormi=  0.90731176  gnorms=  0.07527047  gnormp=  0.01741777  gnorm=  1.00000000
 ecorri= -0.13286629  ecorrs= -0.01102303  ecorrp= -0.00255019  ecorr= -0.14643952

 Reference coefficients greater than 0.0500000
 =============================================
 220//           0.9652743   0.0403347   0.0000001
 2/\//          -0.0427976   0.7991578   0.0000021
 2///\           0.0103653  -0.3254530   0.7775653
 2//\/           0.0146587  -0.4602598  -0.5498184
 /2\//           0.0255625  -0.0571944   0.0000002

 Coefficients of singly external configurations greater than 0.0500000
 =====================================================================

 220/0   2.3     0.0327480   0.0162944  -0.1477765
 2200/   2.2    -0.0327478  -0.0162953  -0.1477669

 Coefficients of fixed reference functions:
 ==========================================

 State      Coefficients
 1           0.966227    0.032827    0.000000
 2          -0.040936    0.980762   -0.000000
 3           0.000000    0.000000    0.952524

 Coefficients of rotated reference functions:
 ============================================

 State      Coefficients
 1           0.966777   -0.003776    0.000000
 2          -0.003776    0.981609    0.000000
 3           0.000000    0.000000    0.952524


 RESULTS FOR STATE 1.4
 =====================

 Coefficient of reference function:   C(0) = 0.96622711 (fixed)   0.96686849 (relaxed)   0.96677720 (rotated)

 Energy contributions of configuration classes

 CLASS          SQ.NORM        ECORR1        ECORR2
 +++++++++++++++++++++++++++++++++++++++++++++++++++
 Internals    0.00018885   -0.00004403   -0.11294769
 Singles      0.04598251   -0.07955516   -0.08296459
 Pairs        0.02373852   -0.00000004   -0.00444894
 Total        1.06990988   -0.07959923   -0.20036122
 +++++++++++++++++++++++++++++++++++++++++++++++++++


 Reference energy                     -54.69580284
 Nuclear energy                         5.61248557
 Kinetic energy                        56.37001324
 One electron energy                  -84.79857742
 Two electron energy                   24.28950078
 Virial quotient                       -0.97386160
 Correlation energy                    -0.20078823
 !MRCI STATE 1.4 Energy               -54.896591066793

 Properties without orbital relaxation:

 !MRCI STATE 1.4 Dipole moment          0.00000000     0.00000000     0.65848334
 Dipole moment /Debye                   0.00000000     0.00000000     1.67369770

 Cluster corrected energies           -54.91062815 (Davidson, fixed reference)
 Cluster corrected energies           -54.91058759 (Davidson, relaxed reference)
 Cluster corrected energies           -54.91062815 (Davidson, rotated reference)

 Cluster corrected energies           -54.90360105 (Pople, fixed reference)
 Cluster corrected energies           -54.90358085 (Pople, relaxed reference)
 Cluster corrected energies           -54.90360105 (Pople, rotated reference)



 RESULTS FOR STATE 2.4
 =====================

 Coefficient of reference function:   C(0) = 0.98076201 (fixed)   0.98171230 (relaxed)   0.98160867 (rotated)

 Energy contributions of configuration classes

 CLASS          SQ.NORM        ECORR1        ECORR2
 +++++++++++++++++++++++++++++++++++++++++++++++++++
 Internals    0.00021116   -0.00004336   -0.07847282
 Singles      0.02227073   -0.04501129   -0.04608349
 Pairs        0.01534096    0.00000000   -0.00186917
 Total        1.03782285   -0.04505465   -0.12642547
 +++++++++++++++++++++++++++++++++++++++++++++++++++


 Reference energy                     -54.39872537
 Nuclear energy                         5.61248557
 Kinetic energy                        55.91686196
 One electron energy                  -82.19051407
 Two electron energy                   22.05330467
 Virial quotient                       -0.97510343
 Correlation energy                    -0.12599846
 !MRCI STATE 2.4 Energy               -54.524723831695

 Properties without orbital relaxation:

 !MRCI STATE 2.4 Dipole moment          0.00000000     0.00000000    -1.45696211
 Dipole moment /Debye                   0.00000000     0.00000000    -3.70322830

 Cluster corrected energies           -54.52948945 (Davidson, fixed reference)
 Cluster corrected energies           -54.52946185 (Davidson, relaxed reference)
 Cluster corrected energies           -54.52948945 (Davidson, rotated reference)

 Cluster corrected energies           -54.52710579 (Pople, fixed reference)
 Cluster corrected energies           -54.52709200 (Pople, relaxed reference)
 Cluster corrected energies           -54.52710579 (Pople, rotated reference)



 RESULTS FOR STATE 3.4
 =====================

 Coefficient of reference function:   C(0) = 0.95252441 (fixed)   0.95252914 (relaxed)   0.95252441 (rotated)

 Energy contributions of configuration classes

 CLASS          SQ.NORM        ECORR1        ECORR2
 +++++++++++++++++++++++++++++++++++++++++++++++++++
 Internals    0.00000992   -0.00000000   -0.00000132
 Singles      0.08296070   -0.05578771   -0.06163937
 Pairs        0.01919731   -0.09065181   -0.08479882
 Total        1.10216793   -0.14643952   -0.14643952
 +++++++++++++++++++++++++++++++++++++++++++++++++++


 Reference energy                     -54.27011765
 Nuclear energy                         5.61248557
 Kinetic energy                        55.81449979
 One electron energy                  -82.07560841
 Two electron energy                   22.04656568
 Virial quotient                       -0.97495377
 Correlation energy                    -0.14643952
 !MRCI STATE 3.4 Energy               -54.416557163544

 Properties without orbital relaxation:

 !MRCI STATE 3.4 Dipole moment          0.00000000     0.00000000    -1.08272012
 Dipole moment /Debye                   0.00000000     0.00000000    -2.75200005

 Cluster corrected energies           -54.43151859 (Davidson, fixed reference)
 Cluster corrected energies           -54.43151698 (Davidson, relaxed reference)
 Cluster corrected energies           -54.43151859 (Davidson, rotated reference)

 Cluster corrected energies           -54.42401845 (Pople, fixed reference)
 Cluster corrected energies           -54.42401766 (Pople, relaxed reference)
 Cluster corrected energies           -54.42401845 (Pople, rotated reference)


 !MRCI trans          <2.4|DMZ|1.4>    -0.254925568806 au =    -0.647956165439 Debye

 !MRCI trans          <3.4|DMZ|1.4>     0.000001330950 au =     0.000003382937 Debye

 !MRCI trans          <3.4|DMZ|2.4>    -0.000019714010 au =    -0.000050108016 Debye


 **********************************************************************************************************************************
 DATASETS  * FILE   NREC   LENGTH (MB)   RECORD NAMES
              1      20      263.64       500      610      701      900      950      970     1000      129      960     1100   
                                          VAR    BASINP    GEOM    SYMINP    ZMAT    AOBASIS   BASIS     P2S    ABASIS      S 
                                         1400     1410     1200     1210     1080     1600     1650     1300     1700     1380   
                                           T        V       H0       H01     AOSYM     SMH    MOLCAS    ERIS     OPER     JKOP   

              2       8       17.69       500      610      700     1000      520     2100     2140      701   
                                          VAR    BASINP    GEOM     BASIS   MCVARS     RHF     MCSCF    GEOM   

 PROGRAMS   *        TOTAL        CI     MULTI       INT        CI     MULTI       INT        CI     MULTI       INT        CI
 CPU TIMES  *        95.70     13.60      1.31      8.88     13.66      1.30      8.86     13.42      1.30      8.88     13.54
 REAL TIME  *       102.64 SEC
 DISK USED  *       796.53 MB
 **********************************************************************************************************************************
 SETTING E1(4)          =       -54.89659107  AU                              
 SETTING E2(4)          =       -54.52472383  AU                              
 SETTING E3(4)          =       -54.41655716  AU                              

 DO I                   =         5.00000000   


 Using spherical harmonics

 Library entry N      S aug-cc-pV5Z          selected for orbital group  1
 Library entry N      P aug-cc-pV5Z          selected for orbital group  1
 Library entry N      D aug-cc-pV5Z          selected for orbital group  1
 Library entry N      F aug-cc-pV5Z          selected for orbital group  1
 Library entry N      G aug-cc-pV5Z          selected for orbital group  1
 Library entry N      H aug-cc-pV5Z          selected for orbital group  1
 Library entry H      S aug-cc-pV5Z          selected for orbital group  2
 Library entry H      P aug-cc-pV5Z          selected for orbital group  2
 Library entry H      D aug-cc-pV5Z          selected for orbital group  2
 Library entry H      F aug-cc-pV5Z          selected for orbital group  2
 Library entry H      G aug-cc-pV5Z          selected for orbital group  2


 PROGRAM * SEWARD (Integral evaluation for generally contracted gaussian basis sets)     Author: Roland Lindh, 1990

 Geometry written to block  1 of record 701

 Orientation using atomic masses  
 Molecule type: Linear
 Symmetry elements: X,Y
 Rotational constants:    1312.2049073   1312.2049073      0.0000000 GHz  (calculated with average atomic masses)

 Point group  C2v 



 ATOMIC COORDINATES

 NR  ATOM    CHARGE       X              Y              Z

   1  N       7.00    0.000000000    0.000000000   -0.081189263
   2  H       1.00    0.000000000    0.000000000    1.128235457

 Bond lengths in Bohr (Angstrom)

 1-2  1.209424720
     ( 0.640000000)

 NUCLEAR CHARGE:                    8
 NUMBER OF PRIMITIVE AOS:         307
 NUMBER OF SYMMETRY AOS:          227
 NUMBER OF CONTRACTIONS:          207   (   77A1  +   50B1  +   50B2  +   30A2  )
 NUMBER OF INNER CORE ORBITALS:     0   (    0A1  +    0B1  +    0B2  +    0A2  )
 NUMBER OF OUTER CORE ORBITALS:     1   (    1A1  +    0B1  +    0B2  +    0A2  )
 NUMBER OF VALENCE ORBITALS:        5   (    3A1  +    1B1  +    1B2  +    0A2  )


 NUCLEAR REPULSION ENERGY    5.78787574

 EXTRA SYMMETRY OF AOS IN SYMMETRY 1:   1 1 1 1 1 1 1 1 1 1   1 1 1 1 2 1 2 1 2 1   2 1 2 1 2 1 2 1 2 1   2 1 3 2 1 3 2 1 3 2
                                        2 3 1 2 3 1 1 1 1 1   1 1 1 1 1 1 1 1 2 1   2 1 2 1 2 1 2 1 2 1   2 1 3 2 1 3 2
 EXTRA SYMMETRY OF AOS IN SYMMETRY 2:   1 1 1 1 1 1 1 1 1 1   1 1 2 1 2 1 2 1 2 1   2 1 2 1 2 1 2 3 1 2   3 1 1 1 1 1 1 1 1 1
                                        1 2 1 2 1 2 1 2 1 2
 EXTRA SYMMETRY OF AOS IN SYMMETRY 3:   1 1 1 1 1 1 1 1 1 1   1 1 2 1 2 1 2 1 2 1   2 1 2 1 2 1 2 3 1 2   3 1 1 1 1 1 1 1 1 1
                                        1 2 1 2 1 2 1 2 1 2
 EXTRA SYMMETRY OF AOS IN SYMMETRY 4:   1 1 1 1 1 1 1 1 1 1   2 1 2 1 2 2 1 2 1 1   1 1 1 1 1 1 1 2 1 2

 Eigenvalues of metric

         1 0.484E-05 0.329E-04 0.515E-04 0.861E-04 0.218E-03 0.238E-03 0.311E-03 0.667E-03
         2 0.409E-04 0.275E-03 0.924E-03 0.218E-02 0.361E-02 0.470E-02 0.811E-02 0.114E-01
         3 0.409E-04 0.275E-03 0.924E-03 0.218E-02 0.361E-02 0.470E-02 0.811E-02 0.114E-01
         4 0.667E-03 0.340E-02 0.115E-01 0.197E-01 0.445E-01 0.704E-01 0.116E+00 0.119E+00


 Contracted 2-electron integrals neglected if value below      1.0D-12
 AO integral compression algorithm  1   Integral accuracy      1.0D-12

     299.893 MB (compressed) written to integral file ( 53.1%)


 NUMBER OF SORTED TWO-ELECTRON INTEGRALS:   59167011.     BUFFER LENGTH:  32768
 NUMBER OF SEGMENTS:   4  SEGMENT LENGTH:   15999984      RECORD LENGTH: 524288

 Memory used in sort:      16.56 MW

 SORT1 READ    70490039. AND WROTE    39593882. INTEGRALS IN    116 RECORDS. CPU TIME:     0.79 SEC, REAL TIME:     0.96 SEC
 SORT2 READ    39593882. AND WROTE    59167011. INTEGRALS IN   1144 RECORDS. CPU TIME:     0.74 SEC, REAL TIME:     0.86 SEC

 FILE SIZES:   FILE 1:   330.8 MBYTE,  FILE 4:   486.6 MBYTE,   TOTAL:    817.4 MBYTE

 OPERATOR DM      FOR CENTER  0  COORDINATES:    0.000000    0.000000    0.000000


 **********************************************************************************************************************************
 DATASETS  * FILE   NREC   LENGTH (MB)   RECORD NAMES
              1      19      261.23       500      610      701      900      950      970     1000      129      960     1100   
                                          VAR    BASINP    GEOM    SYMINP    ZMAT    AOBASIS   BASIS     P2S    ABASIS      S 
                                         1400     1410     1200     1210     1080     1600     1650     1300     1700   
                                           T        V       H0       H01     AOSYM     SMH    MOLCAS    ERIS     OPER   

              2       8       17.69       500      610      700     1000      520     2100     2140      701   
                                          VAR    BASINP    GEOM     BASIS   MCVARS     RHF     MCSCF    GEOM   

 PROGRAMS   *        TOTAL       INT        CI     MULTI       INT        CI     MULTI       INT        CI     MULTI       INT
 CPU TIMES  *       104.58      8.88     13.60      1.31      8.88     13.66      1.30      8.86     13.42      1.30      8.88
 REAL TIME  *       111.97 SEC
 DISK USED  *       797.28 MB
 **********************************************************************************************************************************

 PROGRAM * MULTI (Direct Multiconfiguration SCF)       Authors: P.J. Knowles, H.-J. Werner (1984)
                                                                D.A. Kreplin, P.J. Knowles, H.-J. Werner (2019)

 Number of closed-shell orbitals:   1 (   1   0   0   0 )
 Number of active  orbitals:        5 (   3   1   1   0 )
 Number of external orbitals:     201 (  73  49  49  30 )

 State symmetry 1

 Number of active electrons:   6    Spin symmetry=Triplet   Space symmetry=4
 Number of states:             4
 Number of CSFs:              12   (15 determinants, 50 intermediate states)

 Molecular orbitals read from record     2140.2  Type=MCSCF/NATURAL (state averaged)

 EXTRA SYMMETRY OF MOS IN SYMMETRY 1:   1 1 1 1 1 1 1 2 1 1   1 1 2 1 1 2 1 1 2 1   2 1 1 1 3 2 1 2 1 2   1 2 1 3 1 1 2 1 1 2
                                        1 2 3 1 2 3 1 1 2 1   2 1 1 2 1 1 1 3 2 2   1 3 2 3 1 1 1 2 2 1   2 1 1 2 1 1 1
 EXTRA SYMMETRY OF MOS IN SYMMETRY 2:   1 1 1 1 1 1 2 1 1 1   2 1 1 1 2 1 1 2 1 2   1 1 1 3 2 1 2 1 2 1   1 2 1 1 1 2 3 1 1 1
                                        2 2 2 1 1 2 1 1 1 1
 EXTRA SYMMETRY OF MOS IN SYMMETRY 3:   1 1 1 1 1 1 2 1 1 1   2 1 1 1 2 1 1 2 1 2   1 1 1 3 2 1 2 1 2 1   1 2 1 1 1 2 3 1 1 1
                                        2 2 2 1 1 2 1 1 1 1
 EXTRA SYMMETRY OF MOS IN SYMMETRY 4:   1 1 1 1 1 2 1 1 1 1   2 1 1 1 2 1 2 1 1 1   2 1 1 2 1 2 1 1 1 1

 Wavefunction dump at record             2140.2

 Convergence thresholds  0.10E-04 (gradient)  0.10E-05 (energy)

 Weight factors for state symmetry  1:    0.25000   0.25000   0.25000   0.25000
 
 Number of orbital rotations:  393  ( 3 closed/active, 73 closed/virtual, 0 active/active, 317 active/virtual )
 Total number of variables:    453
 
  Second-order MCSCF: L-BFGS accelerated
 
 ITER  MIC  NCI  NEG     ENERGY(VAR)    ENERGY(PROJ) ENERGY CHANGE       GRAD(0)  GRAD(ORB)   GRAD(CI)      STEP      TIME
   1    7    4    0    -54.35326253     -54.35351685   -0.00025432    0.05580602 0.00000157 0.00000000  0.93E-02      0.37
   2    8    5    0    -54.35351658     -54.35351659   -0.00000000    0.00006880 0.00000000 0.00000000  0.39E-04      0.75
   3    3    2    0    -54.35351659     -54.35351659    0.00000000    0.00000000 0.00000000 0.00000000  0.28E-09      1.09

 CONVERGENCE REACHED!  Final gradient:    0.00000000 ( 0.34E-11)
                       Final energy:    -54.35351659
 
 Results for state 1.4
 =====================
 !MCSCF STATE 1.4 Energy                       -54.651511013339
 Nuclear energy                                  5.78787574
 Kinetic energy                                 57.22681450
 One electron energy                           -85.93683498
 Two electron energy                            25.49744822
 Virial ratio                                    1.95499831
 
 !MCSCF STATE 1.4 Dipole moment                  0.00000000     0.00000000     0.77674951
 Dipole moment /Debye                            0.00000000     0.00000000     1.97430032
 
 Results for state 2.4
 =====================
 !MCSCF STATE 2.4 Energy                       -54.352287499654
 Nuclear energy                                  5.78787574
 Kinetic energy                                 55.54393215
 One electron energy                           -82.21176107
 Two electron energy                            22.07159783
 Virial ratio                                    1.97854591
 
 !MCSCF STATE 2.4 Dipole moment                  0.00000000     0.00000000    -1.45042549
 Dipole moment /Debye                            0.00000000     0.00000000    -3.68661388
 
 Results for state 3.4
 =====================
 !MCSCF STATE 3.4 Energy                       -54.223541979073
 Nuclear energy                                  5.78787574
 Kinetic energy                                 55.48284797
 One electron energy                           -82.13189818
 Two electron energy                            22.12048046
 Virial ratio                                    1.97730279
 
 !MCSCF STATE 3.4 Dipole moment                  0.00000000     0.00000000    -1.37015412
 Dipole moment /Debye                            0.00000000     0.00000000    -3.48258440
 
 Results for state 4.4
 =====================
 !MCSCF STATE 4.4 Energy                       -54.186725848803
 Nuclear energy                                  5.78787574
 Kinetic energy                                 55.49300682
 One electron energy                           -82.08727343
 Two electron energy                            22.11267184
 Virial ratio                                    1.97646044
 
 !MCSCF STATE 4.4 Dipole moment                  0.00000000     0.00000000    -1.23797455
 Dipole moment /Debye                            0.00000000     0.00000000    -3.14661745
 
 State-averaged charge density matrix saved on record 2140.2 (density set 1)
 
 Expectation values: (only non-zero values are shown)
 
 !MCSCF expec                       <1.4|DMZ|1.4>     0.776749508954 au =     1.974300324940 Debye
 !MCSCF expec                       <2.4|DMZ|2.4>    -1.450425492211 au =    -3.686613879458 Debye
 !MCSCF expec                       <3.4|DMZ|3.4>    -1.370154119017 au =    -3.482584399744 Debye
 !MCSCF expec                       <4.4|DMZ|4.4>    -1.237974553121 au =    -3.146617454300 Debye
 
 Transition values: (only non-zero values with the ground state are shown)
 
 !MCSCF trans                       <1.4|DMZ|2.4>     0.012087575770 au =     0.030723553082 Debye
 !MCSCF trans                       <1.4|DMZ|4.4>     0.125829458845 au =     0.319826583243 Debye
 

 EXTRA SYMMETRY OF MOS IN SYMMETRY 1:   1 1 1 1 1 1 1 2 1 1   1 1 2 1 1 2 1 1 2 1   2 1 1 1 3 2 1 2 1 2   1 2 1 3 1 1 2 1 1 2
                                        1 2 3 1 2 3 1 1 1 2   2 1 1 2 1 1 1 3 2 2   1 3 2 3 1 1 1 2 2 1   2 1 1 2 1 1 1
 EXTRA SYMMETRY OF MOS IN SYMMETRY 2:   1 1 1 1 1 1 2 1 1 1   2 1 1 1 2 1 1 2 1 2   1 1 1 3 2 1 2 1 2 1   1 2 1 1 1 2 3 1 1 1
                                        2 2 2 1 1 1 2 1 1 1
 EXTRA SYMMETRY OF MOS IN SYMMETRY 3:   1 1 1 1 1 1 2 1 1 1   2 1 1 1 2 1 1 2 1 2   1 1 1 3 2 1 2 1 2 1   1 2 1 1 1 2 3 1 1 1
                                        2 2 2 1 1 1 2 1 1 1
 
 Natural orbital dump (state averaged) at molpro section 2140.2 (Orbital set 2)
 
 Reoptimze the CI vectors with natural orbitals 
 
 CI Coefficients of symmetry 4
 =============================
 
 220 a a        0.99517105      0.08892254     -0.00000000     -0.01434675
 2ab a a       -0.07393370      0.85942837      0.00000000      0.00098703
 2ba a a        0.03674977     -0.28628401      0.00000000      0.81181991
 2aa a b        0.01859197     -0.28657218     -0.70697263     -0.40640347
 2aa b a        0.01859197     -0.28657218      0.70697263     -0.40640347
 b2a a a       -0.01572517      0.02259218      0.00000000      0.08258620
 a2b a a        0.03959202     -0.07082142     -0.00000000     -0.00046453
 
 Energy:      -54.65151101    -54.35228750    -54.22354198    -54.18672585
 


 **********************************************************************************************************************************
 DATASETS  * FILE   NREC   LENGTH (MB)   RECORD NAMES
              1      20      264.15       500      610      701      900      950      970     1000      129      960     1100   
                                          VAR    BASINP    GEOM    SYMINP    ZMAT    AOBASIS   BASIS     P2S    ABASIS      S 
                                         1400     1410     1200     1210     1080     1600     1650     1300     1700     1380   
                                           T        V       H0       H01     AOSYM     SMH    MOLCAS    ERIS     OPER     JKOP   

              2       8       17.69       500      610      700     1000      520     2100     2140      701   
                                          VAR    BASINP    GEOM     BASIS   MCVARS     RHF     MCSCF    GEOM   

 PROGRAMS   *        TOTAL     MULTI       INT        CI     MULTI       INT        CI     MULTI       INT        CI     MULTI
 CPU TIMES  *       105.88      1.30      8.88     13.60      1.31      8.88     13.66      1.30      8.86     13.42      1.30
 REAL TIME  *       113.42 SEC
 DISK USED  *       797.28 MB
 **********************************************************************************************************************************


 PROGRAM * CI (Multireference internally contracted CI)     Authors: H.-J. Werner, P.J. Knowles, 1987


 Convergence thresholds:  THRVAR = 1.00D-08  THRDEN = 1.00D-06

 Number of optimized states: 3  Roots:    1   2   3
 Number of reference states: 3  Roots:    1   2   3

 Program parameters:       NSTATE=  3    NSTATI=  5    NSTATR=  3    NCEPA = -1    NOKOP =  0    ITRDM =  0    ITRANS=  0
                           IDIP  =200    MAXIT =250    MAXITI=250    MAXDAV=  9    MAXVI = 15    NOSING=  0    NOPAIR=  0
                           MXSHRF=  4    IKCPS =  0    IOPTGM=  2    IOPTOR=  0    REFOPT=  1    IAVDEN=  0    IDELCG=  1
                           IREST =  0    NATORB=  0    IPUNRF=  0    ISEP  =  0    OLDDEN=  0    NSTPRI=  1    GPSFLI= -1
                           CLUSTE=  0    CLOSED=  1    ILSTYP=  0    ITRLS =  0    ICCSD =  0    LOCAL =  0    IBASO =  0
                           MP    =  0    ITEDIS=  2    INCDIS=  1    MAXDIS=  6    ITYDIS=  1    BRUECK=  0    IBRSTR=  3
                           INCBRK=  1    TRIPLE=  0    ICCTYP=  2    IHPPD =  0    ICCNEW=  0    I3EXT = -1    IDEB  =  0
                           IDLEIG=  1    IDFTYP=  1    IMP3  =  0    IPROCS=  0    NOINT =  0    NOREF =  1    IMP2G =  0
                           IHINT =  0    IFDIA =  0    ISPARO=  1    JKSYM =  0    CPHF  =  0    MP2D  = -1    DKINT =  0
                           NPKEX =  1    DRVK  =  1    HLSTRA=  1    WIGNER=  1    DIIS_C=  1    MAXIT_= 50    MATEL =  0
                           SPDEG =  1    MEMCPH=  0    DISM  =  1    KDCPMA=  5    IKDCP_=  0    IREDTH=  0    USECS =  0
                           IPROCC=  0    I3SAVE=  1    IKDCP =  1    USECI =  0    OLDPAI=  0    IPROCI=  0    KEEPCL=  1
                           DISCON=  0    SHIFTE=  0    DIISIN=  0    MOLCAS=  0    MEM_PT=  0    RECORD=  0    RS2C  =  0
                           KEXT  = -1    CIPT2 =  0    DECP0S=  0    I4EXT = -1    NATCOR=  0    RIMP2 =  0    DDCI  = -1
                           IPOLAR=  0

 Reference symmetry:                   4   Triplet 
 Number of electrons:                  8
 Maximum number of shells:             3
 Maximum number of spin couplings:     9

 Reference space:        6 conf       12 CSFs
 N elec internal:       35 conf       45 CSFs
 N-1 el internal:       48 conf       96 CSFs
 N-2 el internal:       26 conf      102 CSFs

 Number of electrons in valence space:                      6
 Maximum number of open shell orbitals in reference space:  4
 Maximum number of open shell orbitals in internal spaces:  6


 Number of core orbitals:           1 (   1   0   0   0 )
 Number of active  orbitals:        5 (   3   1   1   0 )
 Number of external orbitals:     201 (  73  49  49  30 )

 Molecular orbitals read from record     2140.2  Type=MCSCF/NATURAL (state averaged)

 Valence orbitals related to previous ones by unitary transformation. Operators transformed.


 Number of p-space configurations:   5

 Reference wavefunction optimized for reference space (refopt=1)

 State     Reference Energy 
     1       -54.65151101
     2       -54.35228750
     3       -54.22354198
     4       -54.18672585
     5       -53.75752889

 Number of blocks in overlap matrix:    13   Smallest eigenvalue:  0.19D-06
 Number of N-2 electron functions:      60
 Number of N-1 electron functions:      96

 Number of internal configurations:                   12
 Number of singly external configurations:          4953
 Number of doubly external configurations:        311592
 Total number of contracted configurations:       316557
 Total number of uncontracted configurations:     529947

 Diagonal Coupling coefficients finished.               Storage:    8081 words, CPU-Time:      0.00 seconds.
 Energy denominators for pairs finished in 1 passes.    Storage:  127229 words, CPU-time:      0.00 seconds.

  ITER. STATE  ROOT     SQ.NORM     CORR.ENERGY   TOTAL ENERGY   ENERGY CHANGE       DEN1      VAR(S)    VAR(P)      TIME
    1     1     1     1.00000000     0.00000000   -54.65151101     0.00000000    -0.21659452  0.69D-01  0.19D-01     0.16
    1     2     2     1.00000000     0.00000000   -54.35228750     0.00000000    -0.11942746  0.22D-01  0.12D-01     0.16
    1     3     3     1.00000000     0.00000000   -54.22354198     0.00000000    -0.14079221  0.25D-01  0.14D-01     0.16
    2     1     1     1.06788072    -0.19035883   -54.84186984    -0.19035883    -0.00855731  0.16D-02  0.11D-02     1.44
    2     2     2     1.03506383    -0.12352650   -54.47581399    -0.12352650    -0.00204774  0.35D-03  0.28D-03     1.44
    2     3     3     1.04019376    -0.14171545   -54.36525743    -0.14171545    -0.00286068  0.56D-03  0.38D-03     1.44
    3     1     1     1.06708314    -0.19966999   -54.85118100    -0.00931115    -0.00049581  0.50D-04  0.74D-04     2.71
    3     2     2     1.03619561    -0.12595593   -54.47824343    -0.00242943    -0.00015665  0.27D-04  0.28D-04     2.71
    3     3     3     1.04386659    -0.14503462   -54.36857660    -0.00331918    -0.00027952  0.30D-03  0.34D-04     2.71
    4     1     1     1.06878513    -0.20034573   -54.85185674    -0.00067575    -0.00004747  0.41D-05  0.73D-05     3.98
    4     2     2     1.03724264    -0.12620122   -54.47848872    -0.00024529    -0.00003072  0.60D-05  0.51D-05     3.98
    4     3     3     1.05204992    -0.14558432   -54.36912629    -0.00054969    -0.00013674  0.12D-03  0.16D-04     3.98
    5     1     1     1.06939122    -0.20041234   -54.85192335    -0.00006661    -0.00000538  0.52D-06  0.84D-06     5.29
    5     2     2     1.03732263    -0.12624459   -54.47853209    -0.00004337    -0.00000631  0.95D-06  0.11D-05     5.29
    5     3     3     1.06258705    -0.14590772   -54.36944970    -0.00032341    -0.00010465  0.80D-04  0.12D-04     5.29
    6     1     1     1.06932837    -0.20041978   -54.85193080    -0.00000744    -0.00000081  0.64D-07  0.12D-06     6.56
    6     2     2     1.03730431    -0.12625256   -54.47854005    -0.00000796    -0.00000132  0.27D-06  0.25D-06     6.56
    6     3     3     1.06903284    -0.14608962   -54.36963160    -0.00018189    -0.00006155  0.71D-04  0.57D-05     6.56
    7     1     1     1.06935697    -0.20042084   -54.85193185    -0.00000106    -0.00000013  0.96D-08  0.19D-07     7.83
    7     2     2     1.03734954    -0.12625414   -54.47854164    -0.00000158    -0.00000031  0.76D-07  0.52D-07     7.83
    7     3     3     1.07510591    -0.14618522   -54.36972720    -0.00009560    -0.00003409  0.26D-04  0.36D-05     7.83
    8     1     1     1.06936677    -0.20042100   -54.85193202    -0.00000017    -0.00000002  0.20D-08  0.36D-08     9.10
    8     2     2     1.03736753    -0.12625455   -54.47854205    -0.00000041    -0.00000008  0.17D-07  0.15D-07     9.10
    8     3     3     1.08043901    -0.14624595   -54.36978793    -0.00006073    -0.00002499  0.22D-04  0.26D-05     9.10
    9     1     1     1.06936776    -0.20042101   -54.85193202    -0.00000000    -0.00000002  0.20D-08  0.35D-08    10.05
    9     2     2     1.03737825    -0.12625465   -54.47854215    -0.00000011    -0.00000002  0.50D-08  0.48D-08    10.05
    9     3     3     1.10196309    -0.14633941   -54.36988139    -0.00009346    -0.00001650  0.27D-05  0.28D-05    10.05
   10     1     1     1.06936776    -0.20042101   -54.85193202     0.00000000    -0.00000002  0.20D-08  0.35D-08    10.74
   10     2     2     1.03737825    -0.12625465   -54.47854215    -0.00000000    -0.00000002  0.50D-08  0.48D-08    10.74
   10     3     3     1.10359987    -0.14635732   -54.36989930    -0.00001791    -0.00000197  0.11D-05  0.30D-06    10.74
   11     1     1     1.06936776    -0.20042101   -54.85193202    -0.00000000    -0.00000002  0.20D-08  0.35D-08    11.42
   11     2     2     1.03737825    -0.12625465   -54.47854215    -0.00000000    -0.00000002  0.50D-08  0.48D-08    11.42
   11     3     3     1.10611657    -0.14636113   -54.36990311    -0.00000382    -0.00000082  0.30D-06  0.16D-06    11.42
   12     1     1     1.06936776    -0.20042101   -54.85193202    -0.00000000    -0.00000002  0.20D-08  0.35D-08    12.11
   12     2     2     1.03737825    -0.12625465   -54.47854215    -0.00000000    -0.00000002  0.50D-08  0.48D-08    12.11
   12     3     3     1.10801542    -0.14636234   -54.36990432    -0.00000120    -0.00000025  0.52D-07  0.54D-07    12.11
   13     1     1     1.06936776    -0.20042101   -54.85193202    -0.00000000    -0.00000002  0.20D-08  0.35D-08    12.81
   13     2     2     1.03737825    -0.12625465   -54.47854215    -0.00000000    -0.00000002  0.50D-08  0.48D-08    12.81
   13     3     3     1.10822892    -0.14636260   -54.36990458    -0.00000027    -0.00000005  0.19D-07  0.80D-08    12.81
   14     1     1     1.06936776    -0.20042101   -54.85193202    -0.00000000    -0.00000002  0.20D-08  0.35D-08    13.49
   14     2     2     1.03737825    -0.12625465   -54.47854215    -0.00000000    -0.00000002  0.50D-08  0.48D-08    13.49
   14     3     3     1.10854200    -0.14636267   -54.36990465    -0.00000007    -0.00000002  0.81D-08  0.39D-08    13.49
   15     1     1     1.06936776    -0.20042101   -54.85193202    -0.00000000    -0.00000002  0.20D-08  0.35D-08    14.19
   15     2     2     1.03737825    -0.12625465   -54.47854215    -0.00000000    -0.00000002  0.50D-08  0.48D-08    14.19
   15     3     3     1.10865298    -0.14636270   -54.36990468    -0.00000003    -0.00000001  0.74D-08  0.10D-08    14.19


 =====================================
 Analysis of CPU times by interactions
 =====================================

       I      S      P

 I   0.0%
 S   0.0%   0.4%
 P   0.1%   0.8%  27.6%

 Initialization:   1.1%
 Other:           70.0%

 Total CPU:       14.2 seconds
 =====================================



 gnormi=  0.93513199  gnorms=  0.04292226  gnormp=  0.02194575  gnorm=  1.00000000
 ecorri= -0.18742009  ecorrs= -0.00859896  ecorrp= -0.00440195  ecorr= -0.20042101

 gnormi=  0.96396854  gnorms=  0.02140766  gnormp=  0.01462380  gnorm=  1.00000000
 ecorri= -0.12170551  ecorrs= -0.00270245  ecorrp= -0.00184669  ecorr= -0.12625465

 gnormi=  0.90199550  gnorms=  0.08073609  gnormp=  0.01726841  gnorm=  1.00000000
 ecorri= -0.13201850  ecorrs= -0.01182011  ecorrp= -0.00252409  ecorr= -0.14636270

 Reference coefficients greater than 0.0500000
 =============================================
 220//           0.9652361   0.0436156   0.0000001
 2/\//          -0.0471098   0.7986719   0.0000015
 2///\           0.0106664  -0.3259256   0.7752822
 2//\/           0.0150844  -0.4609283  -0.5482049
 /2\//           0.0251977  -0.0560615   0.0000001

 Coefficients of singly external configurations greater than 0.0500000
 =====================================================================

 220/0   2.3     0.0326122   0.0172942  -0.1554019
 2200/   2.2    -0.0326121  -0.0172948  -0.1553923
 220/0   3.3     0.0328680   0.0108705  -0.0521627
 2200/   3.2    -0.0328680  -0.0108708  -0.0521605

 Coefficients of fixed reference functions:
 ==========================================

 State      Coefficients
 1           0.966323    0.034662    0.000000
 2          -0.043309    0.980766   -0.000000
 3           0.000000    0.000000    0.949730

 Coefficients of rotated reference functions:
 ============================================

 State      Coefficients
 1           0.966936   -0.004031    0.000000
 2          -0.004031    0.981714    0.000000
 3           0.000000    0.000000    0.949730


 RESULTS FOR STATE 1.4
 =====================

 Coefficient of reference function:   C(0) = 0.96632261 (fixed)   0.96702223 (relaxed)   0.96693568 (rotated)

 Energy contributions of configuration classes

 CLASS          SQ.NORM        ECORR1        ECORR2
 +++++++++++++++++++++++++++++++++++++++++++++++++++
 Internals    0.00017902   -0.00004987   -0.11287292
 Singles      0.04590790   -0.07973257   -0.08314610
 Pairs        0.02347228   -0.00000004   -0.00440199
 Total        1.06955920   -0.07978249   -0.20042101
 +++++++++++++++++++++++++++++++++++++++++++++++++++


 Reference energy                     -54.65103195
 Nuclear energy                         5.78787574
 Kinetic energy                        56.48047692
 One electron energy                  -85.02947470
 Two electron energy                   24.38966694
 Virial quotient                       -0.97116623
 Correlation energy                    -0.20090007
 !MRCI STATE 1.4 Energy               -54.851932018726

 Properties without orbital relaxation:

 !MRCI STATE 1.4 Dipole moment          0.00000000     0.00000000     0.65657866
 Dipole moment /Debye                   0.00000000     0.00000000     1.66885651

 Cluster corrected energies           -54.86590647 (Davidson, fixed reference)
 Cluster corrected energies           -54.86586801 (Davidson, relaxed reference)
 Cluster corrected energies           -54.86590647 (Davidson, rotated reference)

 Cluster corrected energies           -54.85891081 (Pople, fixed reference)
 Cluster corrected energies           -54.85889165 (Pople, relaxed reference)
 Cluster corrected energies           -54.85891081 (Pople, rotated reference)



 RESULTS FOR STATE 2.4
 =====================

 Coefficient of reference function:   C(0) = 0.98076622 (fixed)   0.98181900 (relaxed)   0.98171370 (rotated)

 Energy contributions of configuration classes

 CLASS          SQ.NORM        ECORR1        ECORR2
 +++++++++++++++++++++++++++++++++++++++++++++++++++
 Internals    0.00021452   -0.00004912   -0.07859880
 Singles      0.02221261   -0.04472757   -0.04580917
 Pairs        0.01517366    0.00000000   -0.00184669
 Total        1.03760079   -0.04477669   -0.12625465
 +++++++++++++++++++++++++++++++++++++++++++++++++++


 Reference energy                     -54.35276657
 Nuclear energy                         5.78787574
 Kinetic energy                        56.02527746
 One electron energy                  -82.40514791
 Two electron energy                   22.13873001
 Virial quotient                       -0.97239219
 Correlation energy                    -0.12577559
 !MRCI STATE 2.4 Energy               -54.478542153799

 Properties without orbital relaxation:

 !MRCI STATE 2.4 Dipole moment          0.00000000     0.00000000    -1.44851900
 Dipole moment /Debye                   0.00000000     0.00000000    -3.68176805

 Cluster corrected energies           -54.48327142 (Davidson, fixed reference)
 Cluster corrected energies           -54.48324343 (Davidson, relaxed reference)
 Cluster corrected energies           -54.48327142 (Davidson, rotated reference)

 Cluster corrected energies           -54.48090595 (Pople, fixed reference)
 Cluster corrected energies           -54.48089197 (Pople, relaxed reference)
 Cluster corrected energies           -54.48090595 (Pople, rotated reference)



 RESULTS FOR STATE 3.4
 =====================

 Coefficient of reference function:   C(0) = 0.94972955 (fixed)   0.94973444 (relaxed)   0.94972955 (rotated)

 Energy contributions of configuration classes

 CLASS          SQ.NORM        ECORR1        ECORR2
 +++++++++++++++++++++++++++++++++++++++++++++++++++
 Internals    0.00001028   -0.00000000   -0.00000136
 Singles      0.08950923   -0.05566482   -0.06202902
 Pairs        0.01914487   -0.09069788   -0.08433233
 Total        1.10866438   -0.14636270   -0.14636270
 +++++++++++++++++++++++++++++++++++++++++++++++++++


 Reference energy                     -54.22354198
 Nuclear energy                         5.78787574
 Kinetic energy                        55.92090249
 One electron energy                  -82.28850233
 Two electron energy                   22.13072190
 Virial quotient                       -0.97226444
 Correlation energy                    -0.14636270
 !MRCI STATE 3.4 Energy               -54.369904680486

 Properties without orbital relaxation:

 !MRCI STATE 3.4 Dipole moment          0.00000000     0.00000000    -1.05845328
 Dipole moment /Debye                   0.00000000     0.00000000    -2.69031988

 Cluster corrected energies           -54.38580909 (Davidson, fixed reference)
 Cluster corrected energies           -54.38580742 (Davidson, relaxed reference)
 Cluster corrected energies           -54.38580909 (Davidson, rotated reference)

 Cluster corrected energies           -54.37783355 (Pople, fixed reference)
 Cluster corrected energies           -54.37783272 (Pople, relaxed reference)
 Cluster corrected energies           -54.37783355 (Pople, rotated reference)


 !MRCI trans          <2.4|DMZ|1.4>    -0.240149762862 au =    -0.610399812793 Debye

 !MRCI trans          <3.4|DMZ|1.4>     0.000001215112 au =     0.000003088508 Debye

 !MRCI trans          <3.4|DMZ|2.4>    -0.000020030436 au =    -0.000050912289 Debye


 **********************************************************************************************************************************
 DATASETS  * FILE   NREC   LENGTH (MB)   RECORD NAMES
              1      20      264.15       500      610      701      900      950      970     1000      129      960     1100   
                                          VAR    BASINP    GEOM    SYMINP    ZMAT    AOBASIS   BASIS     P2S    ABASIS      S 
                                         1400     1410     1200     1210     1080     1600     1650     1300     1700     1380   
                                           T        V       H0       H01     AOSYM     SMH    MOLCAS    ERIS     OPER     JKOP   

              2       8       17.69       500      610      700     1000      520     2100     2140      701   
                                          VAR    BASINP    GEOM     BASIS   MCVARS     RHF     MCSCF    GEOM   

 PROGRAMS   *        TOTAL        CI     MULTI       INT        CI     MULTI       INT        CI     MULTI       INT        CI
 CPU TIMES  *       120.13     14.25      1.30      8.88     13.60      1.31      8.88     13.66      1.30      8.86     13.42
 REAL TIME  *       128.84 SEC
 DISK USED  *       797.28 MB
 **********************************************************************************************************************************
 SETTING E1(5)          =       -54.85193202  AU                              
 SETTING E2(5)          =       -54.47854215  AU                              
 SETTING E3(5)          =       -54.36990468  AU                              

 DO I                   =         6.00000000   


 Using spherical harmonics

 Library entry N      S aug-cc-pV5Z          selected for orbital group  1
 Library entry N      P aug-cc-pV5Z          selected for orbital group  1
 Library entry N      D aug-cc-pV5Z          selected for orbital group  1
 Library entry N      F aug-cc-pV5Z          selected for orbital group  1
 Library entry N      G aug-cc-pV5Z          selected for orbital group  1
 Library entry N      H aug-cc-pV5Z          selected for orbital group  1
 Library entry H      S aug-cc-pV5Z          selected for orbital group  2
 Library entry H      P aug-cc-pV5Z          selected for orbital group  2
 Library entry H      D aug-cc-pV5Z          selected for orbital group  2
 Library entry H      F aug-cc-pV5Z          selected for orbital group  2
 Library entry H      G aug-cc-pV5Z          selected for orbital group  2


 PROGRAM * SEWARD (Integral evaluation for generally contracted gaussian basis sets)     Author: Roland Lindh, 1990

 Geometry written to block  1 of record 701

 Orientation using atomic masses  
 Molecule type: Linear
 Symmetry elements: X,Y
 Rotational constants:    1398.2287462   1398.2287462      0.0000000 GHz  (calculated with average atomic masses)

 Point group  C2v 



 ATOMIC COORDINATES

 NR  ATOM    CHARGE       X              Y              Z

   1  N       7.00    0.000000000    0.000000000   -0.078652098
   2  H       1.00    0.000000000    0.000000000    1.092978099

 Bond lengths in Bohr (Angstrom)

 1-2  1.171630197
     ( 0.620000000)

 NUCLEAR CHARGE:                    8
 NUMBER OF PRIMITIVE AOS:         307
 NUMBER OF SYMMETRY AOS:          227
 NUMBER OF CONTRACTIONS:          207   (   77A1  +   50B1  +   50B2  +   30A2  )
 NUMBER OF INNER CORE ORBITALS:     0   (    0A1  +    0B1  +    0B2  +    0A2  )
 NUMBER OF OUTER CORE ORBITALS:     1   (    1A1  +    0B1  +    0B2  +    0A2  )
 NUMBER OF VALENCE ORBITALS:        5   (    3A1  +    1B1  +    1B2  +    0A2  )


 NUCLEAR REPULSION ENERGY    5.97458141

 EXTRA SYMMETRY OF AOS IN SYMMETRY 1:   1 1 1 1 1 1 1 1 1 1   1 1 1 1 2 1 2 1 2 1   2 1 2 1 2 1 2 1 2 1   2 1 3 2 1 3 2 1 3 2
                                        2 3 1 2 3 1 1 1 1 1   1 1 1 1 1 1 1 1 2 1   2 1 2 1 2 1 2 1 2 1   2 1 3 2 1 3 2
 EXTRA SYMMETRY OF AOS IN SYMMETRY 2:   1 1 1 1 1 1 1 1 1 1   1 1 2 1 2 1 2 1 2 1   2 1 2 1 2 1 2 3 1 2   3 1 1 1 1 1 1 1 1 1
                                        1 2 1 2 1 2 1 2 1 2
 EXTRA SYMMETRY OF AOS IN SYMMETRY 3:   1 1 1 1 1 1 1 1 1 1   1 1 2 1 2 1 2 1 2 1   2 1 2 1 2 1 2 3 1 2   3 1 1 1 1 1 1 1 1 1
                                        1 2 1 2 1 2 1 2 1 2
 EXTRA SYMMETRY OF AOS IN SYMMETRY 4:   1 1 1 1 1 1 1 1 1 1   2 1 2 1 2 2 1 2 1 1   1 1 1 1 1 1 1 2 1 2

 Eigenvalues of metric

         1 0.442E-05 0.287E-04 0.485E-04 0.824E-04 0.207E-03 0.232E-03 0.265E-03 0.598E-03
         2 0.369E-04 0.241E-03 0.849E-03 0.193E-02 0.338E-02 0.438E-02 0.728E-02 0.107E-01
         3 0.369E-04 0.241E-03 0.849E-03 0.193E-02 0.338E-02 0.438E-02 0.728E-02 0.107E-01
         4 0.598E-03 0.315E-02 0.111E-01 0.181E-01 0.399E-01 0.680E-01 0.110E+00 0.112E+00


 Contracted 2-electron integrals neglected if value below      1.0D-12
 AO integral compression algorithm  1   Integral accuracy      1.0D-12

     300.417 MB (compressed) written to integral file ( 53.3%)


 NUMBER OF SORTED TWO-ELECTRON INTEGRALS:   59167011.     BUFFER LENGTH:  32768
 NUMBER OF SEGMENTS:   4  SEGMENT LENGTH:   15999984      RECORD LENGTH: 524288

 Memory used in sort:      16.56 MW

 SORT1 READ    70490039. AND WROTE    39593878. INTEGRALS IN    116 RECORDS. CPU TIME:     0.78 SEC, REAL TIME:     0.95 SEC
 SORT2 READ    39593878. AND WROTE    59167011. INTEGRALS IN   1146 RECORDS. CPU TIME:     0.73 SEC, REAL TIME:     0.86 SEC

 FILE SIZES:   FILE 1:   331.3 MBYTE,  FILE 4:   486.6 MBYTE,   TOTAL:    817.9 MBYTE

 OPERATOR DM      FOR CENTER  0  COORDINATES:    0.000000    0.000000    0.000000


 **********************************************************************************************************************************
 DATASETS  * FILE   NREC   LENGTH (MB)   RECORD NAMES
              1      19      261.73       500      610      701      900      950      970     1000      129      960     1100   
                                          VAR    BASINP    GEOM    SYMINP    ZMAT    AOBASIS   BASIS     P2S    ABASIS      S 
                                         1400     1410     1200     1210     1080     1600     1650     1300     1700   
                                           T        V       H0       H01     AOSYM     SMH    MOLCAS    ERIS     OPER   

              2       8       17.69       500      610      700     1000      520     2100     2140      701   
                                          VAR    BASINP    GEOM     BASIS   MCVARS     RHF     MCSCF    GEOM   

 PROGRAMS   *        TOTAL       INT        CI     MULTI       INT        CI     MULTI       INT        CI     MULTI       INT
 CPU TIMES  *       129.04      8.90     14.25      1.30      8.88     13.60      1.31      8.88     13.66      1.30      8.86
 REAL TIME  *       138.19 SEC
 DISK USED  *       797.78 MB
 **********************************************************************************************************************************

 PROGRAM * MULTI (Direct Multiconfiguration SCF)       Authors: P.J. Knowles, H.-J. Werner (1984)
                                                                D.A. Kreplin, P.J. Knowles, H.-J. Werner (2019)

 Number of closed-shell orbitals:   1 (   1   0   0   0 )
 Number of active  orbitals:        5 (   3   1   1   0 )
 Number of external orbitals:     201 (  73  49  49  30 )

 State symmetry 1

 Number of active electrons:   6    Spin symmetry=Triplet   Space symmetry=4
 Number of states:             4
 Number of CSFs:              12   (15 determinants, 50 intermediate states)

 Molecular orbitals read from record     2140.2  Type=MCSCF/NATURAL (state averaged)

 EXTRA SYMMETRY OF MOS IN SYMMETRY 1:   1 1 1 1 1 1 1 2 1 1   1 1 2 1 1 2 1 1 2 1   2 1 1 1 3 2 1 2 1 2   1 2 1 3 1 1 2 1 1 2
                                        1 2 3 1 2 3 1 1 1 2   2 1 1 2 1 1 1 3 2 2   1 3 2 3 1 1 1 2 2 1   2 1 1 2 1 1 1
 EXTRA SYMMETRY OF MOS IN SYMMETRY 2:   1 1 1 1 1 1 2 1 1 1   2 1 1 1 2 1 1 2 1 2   1 1 1 3 2 1 2 1 2 1   1 2 1 1 1 2 3 1 1 1
                                        2 2 2 1 1 1 2 1 1 1
 EXTRA SYMMETRY OF MOS IN SYMMETRY 3:   1 1 1 1 1 1 2 1 1 1   2 1 1 1 2 1 1 2 1 2   1 1 1 3 2 1 2 1 2 1   1 2 1 1 1 2 3 1 1 1
                                        2 2 2 1 1 1 2 1 1 1
 EXTRA SYMMETRY OF MOS IN SYMMETRY 4:   1 1 1 1 1 2 1 1 1 1   2 1 1 1 2 1 2 1 1 1   2 1 1 2 1 2 1 1 1 1

 Wavefunction dump at record             2140.2

 Convergence thresholds  0.10E-04 (gradient)  0.10E-05 (energy)

 Weight factors for state symmetry  1:    0.25000   0.25000   0.25000   0.25000
 
 Number of orbital rotations:  393  ( 3 closed/active, 73 closed/virtual, 0 active/active, 317 active/virtual )
 Total number of variables:    453
 
  Second-order MCSCF: L-BFGS accelerated
 
 ITER  MIC  NCI  NEG     ENERGY(VAR)    ENERGY(PROJ) ENERGY CHANGE       GRAD(0)  GRAD(ORB)   GRAD(CI)      STEP      TIME
   1    7    4    0    -54.30031677     -54.30059004   -0.00027327    0.06023503 0.00000262 0.00000000  0.90E-02      0.38
   2    7    5    0    -54.30058975     -54.30058975   -0.00000000    0.00007434 0.00000000 0.00000000  0.40E-04      0.75
   3    3    2    0    -54.30058975     -54.30058975    0.00000000    0.00000000 0.00000000 0.00000000  0.30E-09      1.09

 CONVERGENCE REACHED!  Final gradient:    0.00000000 ( 0.46E-11)
                       Final energy:    -54.30058975
 
 Results for state 1.4
 =====================
 !MCSCF STATE 1.4 Energy                       -54.600224591360
 Nuclear energy                                  5.97458141
 Kinetic energy                                 57.35004240
 One electron energy                           -86.17609728
 Two electron energy                            25.60129128
 Virial ratio                                    1.95205204
 
 !MCSCF STATE 1.4 Dipole moment                  0.00000000     0.00000000     0.76891642
 Dipole moment /Debye                            0.00000000     0.00000000     1.95439061
 
 Results for state 2.4
 =====================
 !MCSCF STATE 2.4 Energy                       -54.299636648181
 Nuclear energy                                  5.97458141
 Kinetic energy                                 55.66438233
 One electron energy                           -82.44058243
 Two electron energy                            22.16636437
 Virial ratio                                    1.97548260
 
 !MCSCF STATE 2.4 Dipole moment                  0.00000000     0.00000000    -1.43396627
 Dipole moment /Debye                            0.00000000     0.00000000    -3.64477872
 
 Results for state 3.4
 =====================
 !MCSCF STATE 3.4 Energy                       -54.170350761421
 Nuclear energy                                  5.97458141
 Kinetic energy                                 55.59519168
 One electron energy                           -82.35222386
 Two electron energy                            22.20729168
 Virial ratio                                    1.97437115
 
 !MCSCF STATE 3.4 Dipole moment                  0.00000000     0.00000000    -1.35869651
 Dipole moment /Debye                            0.00000000     0.00000000    -3.45346206
 
 Results for state 4.4
 =====================
 !MCSCF STATE 4.4 Energy                       -54.132146988360
 Nuclear energy                                  5.97458141
 Kinetic energy                                 55.60081576
 One electron energy                           -82.30399694
 Two electron energy                            22.19726854
 Virial ratio                                    1.97358548
 
 !MCSCF STATE 4.4 Dipole moment                  0.00000000     0.00000000    -1.23158566
 Dipole moment /Debye                            0.00000000     0.00000000    -3.13037851
 
 State-averaged charge density matrix saved on record 2140.2 (density set 1)
 
 Expectation values: (only non-zero values are shown)
 
 !MCSCF expec                       <1.4|DMZ|1.4>     0.768916423432 au =     1.954390607439 Debye
 !MCSCF expec                       <2.4|DMZ|2.4>    -1.433966273071 au =    -3.644778717257 Debye
 !MCSCF expec                       <3.4|DMZ|3.4>    -1.358696507720 au =    -3.453462056638 Debye
 !MCSCF expec                       <4.4|DMZ|4.4>    -1.231585661001 au =    -3.130378510285 Debye
 
 Transition values: (only non-zero values with the ground state are shown)
 
 !MCSCF trans                       <1.4|DMZ|2.4>     0.030040881484 au =     0.076356304563 Debye
 !MCSCF trans                       <1.4|DMZ|4.4>     0.113825026693 au =     0.289314360159 Debye
 

 EXTRA SYMMETRY OF MOS IN SYMMETRY 1:   1 1 1 1 1 1 1 2 1 1   1 1 2 1 2 1 1 1 2 1   2 1 1 1 3 2 1 2 1 2   1 2 1 3 1 1 2 1 1 2
                                        1 2 3 1 2 3 1 1 2 1   2 1 1 2 1 1 1 2 3 2   1 3 2 3 1 1 2 1 2 1   2 1 2 1 1 1 1
 EXTRA SYMMETRY OF MOS IN SYMMETRY 2:   1 1 1 1 1 1 2 1 1 1   2 1 1 1 2 1 1 2 1 2   1 1 1 3 2 1 2 1 2 1   1 2 1 1 1 2 3 1 1 2
                                        1 2 2 1 1 1 2 1 1 1
 EXTRA SYMMETRY OF MOS IN SYMMETRY 3:   1 1 1 1 1 1 2 1 1 1   2 1 1 1 2 1 1 2 1 2   1 1 1 3 2 1 2 1 2 1   1 2 1 1 1 2 3 1 1 2
                                        1 2 2 1 1 1 2 1 1 1
 EXTRA SYMMETRY OF MOS IN SYMMETRY 4:   1 1 1 1 1 2 1 1 1 1   2 1 1 1 2 1 2 1 1 1   1 2 1 2 1 2 1 1 1 1
 
 Natural orbital dump (state averaged) at molpro section 2140.2 (Orbital set 2)
 
 Reoptimze the CI vectors with natural orbitals 
 
 CI Coefficients of symmetry 4
 =============================
 
 220 a a        0.99468383      0.09430192      0.00000000     -0.01702068
 2ab a a       -0.07873201      0.85909579     -0.00000000      0.00013913
 2ba a a        0.04047254     -0.28512493      0.00000000      0.81213820
 2aa a b        0.01912973     -0.28698543     -0.70697343     -0.40613867
 2aa b a        0.01912973     -0.28698543      0.70697343     -0.40613867
 b2a a a       -0.01544219      0.02218088      0.00000000      0.08205960
 a2b a a        0.03872957     -0.06978163      0.00000000     -0.00089621
 
 Energy:      -54.60022459    -54.29963665    -54.17035076    -54.13214699
 


 **********************************************************************************************************************************
 DATASETS  * FILE   NREC   LENGTH (MB)   RECORD NAMES
              1      20      264.64       500      610      701      900      950      970     1000      129      960     1100   
                                          VAR    BASINP    GEOM    SYMINP    ZMAT    AOBASIS   BASIS     P2S    ABASIS      S 
                                         1400     1410     1200     1210     1080     1600     1650     1300     1700     1380   
                                           T        V       H0       H01     AOSYM     SMH    MOLCAS    ERIS     OPER     JKOP   

              2       8       17.69       500      610      700     1000      520     2100     2140      701   
                                          VAR    BASINP    GEOM     BASIS   MCVARS     RHF     MCSCF    GEOM   

 PROGRAMS   *        TOTAL     MULTI       INT        CI     MULTI       INT        CI     MULTI       INT        CI     MULTI
 CPU TIMES  *       130.35      1.31      8.90     14.25      1.30      8.88     13.60      1.31      8.88     13.66      1.30
 REAL TIME  *       139.64 SEC
 DISK USED  *       797.78 MB
 **********************************************************************************************************************************


 PROGRAM * CI (Multireference internally contracted CI)     Authors: H.-J. Werner, P.J. Knowles, 1987


 Convergence thresholds:  THRVAR = 1.00D-08  THRDEN = 1.00D-06

 Number of optimized states: 3  Roots:    1   2   3
 Number of reference states: 3  Roots:    1   2   3

 Program parameters:       NSTATE=  3    NSTATI=  5    NSTATR=  3    NCEPA = -1    NOKOP =  0    ITRDM =  0    ITRANS=  0
                           IDIP  =200    MAXIT =250    MAXITI=250    MAXDAV=  9    MAXVI = 15    NOSING=  0    NOPAIR=  0
                           MXSHRF=  4    IKCPS =  0    IOPTGM=  2    IOPTOR=  0    REFOPT=  1    IAVDEN=  0    IDELCG=  1
                           IREST =  0    NATORB=  0    IPUNRF=  0    ISEP  =  0    OLDDEN=  0    NSTPRI=  1    GPSFLI= -1
                           CLUSTE=  0    CLOSED=  1    ILSTYP=  0    ITRLS =  0    ICCSD =  0    LOCAL =  0    IBASO =  0
                           MP    =  0    ITEDIS=  2    INCDIS=  1    MAXDIS=  6    ITYDIS=  1    BRUECK=  0    IBRSTR=  3
                           INCBRK=  1    TRIPLE=  0    ICCTYP=  2    IHPPD =  0    ICCNEW=  0    I3EXT = -1    IDEB  =  0
                           IDLEIG=  1    IDFTYP=  1    IMP3  =  0    IPROCS=  0    NOINT =  0    NOREF =  1    IMP2G =  0
                           IHINT =  0    IFDIA =  0    ISPARO=  1    JKSYM =  0    CPHF  =  0    MP2D  = -1    DKINT =  0
                           NPKEX =  1    DRVK  =  1    HLSTRA=  1    WIGNER=  1    DIIS_C=  1    MAXIT_= 50    MATEL =  0
                           SPDEG =  1    MEMCPH=  0    DISM  =  1    KDCPMA=  5    IKDCP_=  0    IREDTH=  0    USECS =  0
                           IPROCC=  0    I3SAVE=  1    IKDCP =  1    USECI =  0    OLDPAI=  0    IPROCI=  0    KEEPCL=  1
                           DISCON=  0    SHIFTE=  0    DIISIN=  0    MOLCAS=  0    MEM_PT=  0    RECORD=  0    RS2C  =  0
                           KEXT  = -1    CIPT2 =  0    DECP0S=  0    I4EXT = -1    NATCOR=  0    RIMP2 =  0    DDCI  = -1
                           IPOLAR=  0

 Reference symmetry:                   4   Triplet 
 Number of electrons:                  8
 Maximum number of shells:             3
 Maximum number of spin couplings:     9

 Reference space:        6 conf       12 CSFs
 N elec internal:       35 conf       45 CSFs
 N-1 el internal:       48 conf       96 CSFs
 N-2 el internal:       26 conf      102 CSFs

 Number of electrons in valence space:                      6
 Maximum number of open shell orbitals in reference space:  4
 Maximum number of open shell orbitals in internal spaces:  6


 Number of core orbitals:           1 (   1   0   0   0 )
 Number of active  orbitals:        5 (   3   1   1   0 )
 Number of external orbitals:     201 (  73  49  49  30 )

 Molecular orbitals read from record     2140.2  Type=MCSCF/NATURAL (state averaged)

 Valence orbitals related to previous ones by unitary transformation. Operators transformed.


 Number of p-space configurations:   5

 Reference wavefunction optimized for reference space (refopt=1)

 State     Reference Energy 
     1       -54.60022459
     2       -54.29963665
     3       -54.17035076
     4       -54.13214699
     5       -53.69468050

 Number of blocks in overlap matrix:    13   Smallest eigenvalue:  0.49D-04
 Number of N-2 electron functions:      58
 Number of N-1 electron functions:      96

 Number of internal configurations:                   12
 Number of singly external configurations:          4953
 Number of doubly external configurations:        301498
 Total number of contracted configurations:       306463
 Total number of uncontracted configurations:     529947

 Diagonal Coupling coefficients finished.               Storage:    8011 words, CPU-Time:      0.00 seconds.
 Energy denominators for pairs finished in 1 passes.    Storage:  126793 words, CPU-time:      0.00 seconds.

  ITER. STATE  ROOT     SQ.NORM     CORR.ENERGY   TOTAL ENERGY   ENERGY CHANGE       DEN1      VAR(S)    VAR(P)      TIME
    1     1     1     1.00000000     0.00000000   -54.60022459     0.00000000    -0.21687559  0.69D-01  0.19D-01     0.16
    1     2     2     1.00000000     0.00000000   -54.29963665     0.00000000    -0.11966094  0.22D-01  0.12D-01     0.16
    1     3     3     1.00000000     0.00000000   -54.17035076     0.00000000    -0.14062398  0.25D-01  0.14D-01     0.16
    2     1     1     1.06754854    -0.19064543   -54.79087003    -0.19064543    -0.00841901  0.16D-02  0.11D-02     1.37
    2     2     2     1.03486914    -0.12346403   -54.42310068    -0.12346403    -0.00203746  0.37D-03  0.28D-03     1.37
    2     3     3     1.04000254    -0.14161102   -54.31196178    -0.14161102    -0.00284564  0.57D-03  0.38D-03     1.37
    3     1     1     1.06677617    -0.19978081   -54.80000540    -0.00913538    -0.00047212  0.47D-04  0.71D-04     2.59
    3     2     2     1.03594627    -0.12585496   -54.42549161    -0.00239093    -0.00014717  0.27D-04  0.27D-04     2.59
    3     3     3     1.04375767    -0.14491333   -54.31526410    -0.00330232    -0.00028162  0.32D-03  0.34D-04     2.59
    4     1     1     1.06844358    -0.20041681   -54.80064140    -0.00063600    -0.00004211  0.38D-05  0.66D-05     3.82
    4     2     2     1.03698518    -0.12607760   -54.42571425    -0.00022264    -0.00002677  0.56D-05  0.45D-05     3.82
    4     3     3     1.05242429    -0.14547232   -54.31582308    -0.00055899    -0.00014320  0.13D-03  0.17D-04     3.82
    5     1     1     1.06903148    -0.20047456   -54.80069915    -0.00005775    -0.00000430  0.42D-06  0.68D-06     5.05
    5     2     2     1.03710177    -0.12611402   -54.42575067    -0.00003642    -0.00000505  0.93D-06  0.88D-06     5.05
    5     3     3     1.06419474    -0.14581807   -54.31616883    -0.00034575    -0.00011688  0.86D-04  0.14D-04     5.05
    6     1     1     1.06898823    -0.20048034   -54.80070494    -0.00000578    -0.00000058  0.43D-07  0.87D-07     6.28
    6     2     2     1.03709664    -0.12612035   -54.42575700    -0.00000633    -0.00000098  0.29D-06  0.17D-06     6.28
    6     3     3     1.07122393    -0.14601863   -54.31636939    -0.00020056    -0.00006747  0.78D-04  0.63D-05     6.28
    7     1     1     1.06901314    -0.20048108   -54.80070567    -0.00000073    -0.00000008  0.58D-08  0.12D-07     7.53
    7     2     2     1.03714489    -0.12612154   -54.42575819    -0.00000119    -0.00000022  0.76D-07  0.36D-07     7.53
    7     3     3     1.07771871    -0.14612192   -54.31647268    -0.00010329    -0.00003640  0.29D-04  0.39D-05     7.53
    8     1     1     1.06902189    -0.20048118   -54.80070577    -0.00000010    -0.00000001  0.11D-08  0.21D-08     8.76
    8     2     2     1.03716497    -0.12612183   -54.42575848    -0.00000029    -0.00000006  0.17D-07  0.10D-07     8.76
    8     3     3     1.08369837    -0.14618811   -54.31653887    -0.00006618    -0.00002798  0.24D-04  0.29D-05     8.76
    9     1     1     1.06902266    -0.20048118   -54.80070577    -0.00000000    -0.00000001  0.11D-08  0.21D-08     9.68
    9     2     2     1.03717660    -0.12612190   -54.42575855    -0.00000007    -0.00000002  0.59D-08  0.28D-08     9.68
    9     3     3     1.10785005    -0.14629220   -54.31664296    -0.00010409    -0.00001864  0.30D-05  0.32D-05     9.68
   10     1     1     1.06902266    -0.20048118   -54.80070577    -0.00000000    -0.00000001  0.11D-08  0.21D-08    10.37
   10     2     2     1.03717660    -0.12612190   -54.42575855    -0.00000000    -0.00000002  0.59D-08  0.28D-08    10.37
   10     3     3     1.10972681    -0.14631233   -54.31666310    -0.00002014    -0.00000223  0.12D-05  0.34D-06    10.37
   11     1     1     1.06902266    -0.20048118   -54.80070577    -0.00000000    -0.00000001  0.11D-08  0.21D-08    11.04
   11     2     2     1.03717660    -0.12612190   -54.42575855    -0.00000000    -0.00000002  0.59D-08  0.28D-08    11.04
   11     3     3     1.11257744    -0.14631664   -54.31666740    -0.00000431    -0.00000090  0.32D-06  0.17D-06    11.04
   12     1     1     1.06902266    -0.20048118   -54.80070577    -0.00000000    -0.00000001  0.11D-08  0.21D-08    11.72
   12     2     2     1.03717660    -0.12612190   -54.42575855     0.00000000    -0.00000002  0.59D-08  0.28D-08    11.72
   12     3     3     1.11467940    -0.14631796   -54.31666872    -0.00000132    -0.00000027  0.59D-07  0.58D-07    11.72
   13     1     1     1.06902266    -0.20048118   -54.80070577    -0.00000000    -0.00000001  0.11D-08  0.21D-08    12.41
   13     2     2     1.03717660    -0.12612190   -54.42575855    -0.00000000    -0.00000002  0.59D-08  0.28D-08    12.41
   13     3     3     1.11490934    -0.14631824   -54.31666901    -0.00000029    -0.00000005  0.22D-07  0.86D-08    12.41
   14     1     1     1.06902266    -0.20048118   -54.80070577    -0.00000000    -0.00000001  0.11D-08  0.21D-08    13.09
   14     2     2     1.03717660    -0.12612190   -54.42575855    -0.00000000    -0.00000002  0.59D-08  0.28D-08    13.09
   14     3     3     1.11524828    -0.14631832   -54.31666908    -0.00000008    -0.00000003  0.96D-08  0.43D-08    13.09
   15     1     1     1.06902266    -0.20048118   -54.80070577    -0.00000000    -0.00000001  0.11D-08  0.21D-08    13.77
   15     2     2     1.03717660    -0.12612190   -54.42575855     0.00000000    -0.00000002  0.59D-08  0.28D-08    13.77
   15     3     3     1.11537979    -0.14631835   -54.31666911    -0.00000003    -0.00000001  0.89D-08  0.12D-08    13.77
   16     1     1     1.06902266    -0.20048118   -54.80070577     0.00000000    -0.00000001  0.11D-08  0.21D-08    14.45
   16     2     2     1.03717660    -0.12612190   -54.42575855    -0.00000000    -0.00000002  0.59D-08  0.28D-08    14.45
   16     3     3     1.11577897    -0.14631838   -54.31666914    -0.00000003    -0.00000001  0.19D-08  0.15D-08    14.45


 =====================================
 Analysis of CPU times by interactions
 =====================================

       I      S      P

 I   0.1%
 S   0.0%   0.1%
 P   0.3%   0.9%  26.6%

 Initialization:   1.0%
 Other:           71.0%

 Total CPU:       14.5 seconds
 =====================================



 gnormi=  0.93543387  gnorms=  0.04285081  gnormp=  0.02171532  gnorm=  1.00000000
 ecorri= -0.18753689  ecorrs= -0.00858811  ecorrp= -0.00435619  ecorr= -0.20048118

 gnormi=  0.96415596  gnorms=  0.02137144  gnormp=  0.01447260  gnorm=  1.00000000
 ecorri= -0.12160118  ecorrs= -0.00269559  ecorrp= -0.00182513  ecorr= -0.12612190

 gnormi=  0.89623485  gnorms=  0.08664147  gnormp=  0.01712368  gnorm=  1.00000000
 ecorri= -0.13113563  ecorrs= -0.01267728  ecorrp= -0.00250546  ecorr= -0.14631838

 Reference coefficients greater than 0.0500000
 =============================================
 220//           0.9651912   0.0467361   0.0000000
 2/\//          -0.0512102   0.7981462  -0.0000002
 2///\           0.0109483  -0.3264074   0.7727997
 2//\/           0.0154832  -0.4616092  -0.5464525
 /2\//           0.0248388  -0.0550032   0.0000000

 Coefficients of singly external configurations greater than 0.0500000
 =====================================================================

 220/0   2.3     0.0324576   0.0182164  -0.1632213
 2200/   2.2    -0.0324575  -0.0182181  -0.1632134
 220/0   3.3     0.0332353   0.0118781  -0.0555040
 2200/   3.2    -0.0332353  -0.0118787  -0.0555011

 Coefficients of fixed reference functions:
 ==========================================

 State      Coefficients
 1           0.966421    0.036365    0.000000
 2          -0.045513    0.980761   -0.000000
 3           0.000000    0.000000    0.946692

 Coefficients of rotated reference functions:
 ============================================

 State      Coefficients
 1           0.967095   -0.004269    0.000000
 2          -0.004269    0.981808   -0.000000
 3           0.000000   -0.000000    0.946692


 RESULTS FOR STATE 1.4
 =====================

 Coefficient of reference function:   C(0) = 0.96642092 (fixed)   0.96717830 (relaxed)   0.96709543 (rotated)

 Energy contributions of configuration classes

 CLASS          SQ.NORM        ECORR1        ECORR2
 +++++++++++++++++++++++++++++++++++++++++++++++++++
 Internals    0.00017139   -0.00005569   -0.11281773
 Singles      0.04581634   -0.07989013   -0.08330724
 Pairs        0.02321815   -0.00000003   -0.00435622
 Total        1.06920588   -0.07994586   -0.20048118
 +++++++++++++++++++++++++++++++++++++++++++++++++++


 Reference energy                     -54.59969404
 Nuclear energy                         5.97458141
 Kinetic energy                        56.59853599
 One electron energy                  -85.26857822
 Two electron energy                   24.49329103
 Virial quotient                       -0.96823539
 Correlation energy                    -0.20101173
 !MRCI STATE 1.4 Energy               -54.800705771459

 Properties without orbital relaxation:

 !MRCI STATE 1.4 Dipole moment          0.00000000     0.00000000     0.65429044
 Dipole moment /Debye                   0.00000000     0.00000000     1.66304041

 Cluster corrected energies           -54.81461697 (Davidson, fixed reference)
 Cluster corrected energies           -54.81458013 (Davidson, relaxed reference)
 Cluster corrected energies           -54.81461697 (Davidson, rotated reference)

 Cluster corrected energies           -54.80765306 (Pople, fixed reference)
 Cluster corrected energies           -54.80763471 (Pople, relaxed reference)
 Cluster corrected energies           -54.80765306 (Pople, rotated reference)



 RESULTS FOR STATE 2.4
 =====================

 Coefficient of reference function:   C(0) = 0.98076145 (fixed)   0.98191443 (relaxed)   0.98180765 (rotated)

 Energy contributions of configuration classes

 CLASS          SQ.NORM        ECORR1        ECORR2
 +++++++++++++++++++++++++++++++++++++++++++++++++++
 Internals    0.00021755   -0.00005486   -0.07873845
 Singles      0.02217078   -0.04446594   -0.04555836
 Pairs        0.01501391    0.00000005   -0.00182509
 Total        1.03740224   -0.04452076   -0.12612190
 +++++++++++++++++++++++++++++++++++++++++++++++++++


 Reference energy                     -54.30016720
 Nuclear energy                         5.97458141
 Kinetic energy                        56.14154282
 One electron energy                  -82.62832232
 Two electron energy                   22.22798236
 Virial quotient                       -0.96943824
 Correlation energy                    -0.12559135
 !MRCI STATE 2.4 Energy               -54.425758549413

 Properties without orbital relaxation:

 !MRCI STATE 2.4 Dipole moment          0.00000000     0.00000000    -1.44071314
 Dipole moment /Debye                   0.00000000     0.00000000    -3.66192753

 Cluster corrected energies           -54.43045595 (Davidson, fixed reference)
 Cluster corrected energies           -54.43042761 (Davidson, relaxed reference)
 Cluster corrected energies           -54.43045595 (Davidson, rotated reference)

 Cluster corrected energies           -54.42810643 (Pople, fixed reference)
 Cluster corrected energies           -54.42809227 (Pople, relaxed reference)
 Cluster corrected energies           -54.42810643 (Pople, rotated reference)



 RESULTS FOR STATE 3.4
 =====================

 Coefficient of reference function:   C(0) = 0.94669172 (fixed)   0.94669681 (relaxed)   0.94669172 (rotated)

 Energy contributions of configuration classes

 CLASS          SQ.NORM        ECORR1        ECORR2
 +++++++++++++++++++++++++++++++++++++++++++++++++++
 Internals    0.00001077   -0.00000000   -0.00000141
 Singles      0.09667377   -0.05556968   -0.06248023
 Pairs        0.01910644   -0.09074870   -0.08383674
 Total        1.11579098   -0.14631838   -0.14631838
 +++++++++++++++++++++++++++++++++++++++++++++++++++


 Reference energy                     -54.17035076
 Nuclear energy                         5.97458141
 Kinetic energy                        56.03549558
 One electron energy                  -82.51016662
 Two electron energy                   22.21891607
 Virial quotient                       -0.96932611
 Correlation energy                    -0.14631838
 !MRCI STATE 3.4 Energy               -54.316669143270

 Properties without orbital relaxation:

 !MRCI STATE 3.4 Dipole moment          0.00000000     0.00000000    -1.03504955
 Dipole moment /Debye                   0.00000000     0.00000000    -2.63083353

 Cluster corrected energies           -54.33361149 (Davidson, fixed reference)
 Cluster corrected energies           -54.33360973 (Davidson, relaxed reference)
 Cluster corrected energies           -54.33361149 (Davidson, rotated reference)

 Cluster corrected energies           -54.32511211 (Pople, fixed reference)
 Cluster corrected energies           -54.32511124 (Pople, relaxed reference)
 Cluster corrected energies           -54.32511211 (Pople, rotated reference)


 !MRCI trans          <2.4|DMZ|1.4>    -0.225864776659 au =    -0.574090999492 Debye

 !MRCI trans          <3.4|DMZ|1.4>     0.000001962044 au =     0.000004987019 Debye

 !MRCI trans          <3.4|DMZ|2.4>    -0.000018705485 au =    -0.000047544600 Debye


 **********************************************************************************************************************************
 DATASETS  * FILE   NREC   LENGTH (MB)   RECORD NAMES
              1      20      264.64       500      610      701      900      950      970     1000      129      960     1100   
                                          VAR    BASINP    GEOM    SYMINP    ZMAT    AOBASIS   BASIS     P2S    ABASIS      S 
                                         1400     1410     1200     1210     1080     1600     1650     1300     1700     1380   
                                           T        V       H0       H01     AOSYM     SMH    MOLCAS    ERIS     OPER     JKOP   

              2       8       17.69       500      610      700     1000      520     2100     2140      701   
                                          VAR    BASINP    GEOM     BASIS   MCVARS     RHF     MCSCF    GEOM   

 PROGRAMS   *        TOTAL        CI     MULTI       INT        CI     MULTI       INT        CI     MULTI       INT        CI
 CPU TIMES  *       144.86     14.50      1.31      8.90     14.25      1.30      8.88     13.60      1.31      8.88     13.66
 REAL TIME  *       155.39 SEC
 DISK USED  *       797.78 MB
 **********************************************************************************************************************************
 SETTING E1(6)          =       -54.80070577  AU                              
 SETTING E2(6)          =       -54.42575855  AU                              
 SETTING E3(6)          =       -54.31666914  AU                              

 DO I                   =         7.00000000   


 Using spherical harmonics

 Library entry N      S aug-cc-pV5Z          selected for orbital group  1
 Library entry N      P aug-cc-pV5Z          selected for orbital group  1
 Library entry N      D aug-cc-pV5Z          selected for orbital group  1
 Library entry N      F aug-cc-pV5Z          selected for orbital group  1
 Library entry N      G aug-cc-pV5Z          selected for orbital group  1
 Library entry N      H aug-cc-pV5Z          selected for orbital group  1
 Library entry H      S aug-cc-pV5Z          selected for orbital group  2
 Library entry H      P aug-cc-pV5Z          selected for orbital group  2
 Library entry H      D aug-cc-pV5Z          selected for orbital group  2
 Library entry H      F aug-cc-pV5Z          selected for orbital group  2
 Library entry H      G aug-cc-pV5Z          selected for orbital group  2


 PROGRAM * SEWARD (Integral evaluation for generally contracted gaussian basis sets)     Author: Roland Lindh, 1990

 Geometry written to block  1 of record 701

 Orientation using atomic masses  
 Molecule type: Linear
 Symmetry elements: X,Y
 Rotational constants:    1492.9975834   1492.9975834      0.0000000 GHz  (calculated with average atomic masses)

 Point group  C2v 



 ATOMIC COORDINATES

 NR  ATOM    CHARGE       X              Y              Z

   1  N       7.00    0.000000000    0.000000000   -0.076114934
   2  H       1.00    0.000000000    0.000000000    1.057720741

 Bond lengths in Bohr (Angstrom)

 1-2  1.133835675
     ( 0.600000000)

 NUCLEAR CHARGE:                    8
 NUMBER OF PRIMITIVE AOS:         307
 NUMBER OF SYMMETRY AOS:          227
 NUMBER OF CONTRACTIONS:          207   (   77A1  +   50B1  +   50B2  +   30A2  )
 NUMBER OF INNER CORE ORBITALS:     0   (    0A1  +    0B1  +    0B2  +    0A2  )
 NUMBER OF OUTER CORE ORBITALS:     1   (    1A1  +    0B1  +    0B2  +    0A2  )
 NUMBER OF VALENCE ORBITALS:        5   (    3A1  +    1B1  +    1B2  +    0A2  )


 NUCLEAR REPULSION ENERGY    6.17373413

 EXTRA SYMMETRY OF AOS IN SYMMETRY 1:   1 1 1 1 1 1 1 1 1 1   1 1 1 1 2 1 2 1 2 1   2 1 2 1 2 1 2 1 2 1   2 1 3 2 1 3 2 1 3 2
                                        2 3 1 2 3 1 1 1 1 1   1 1 1 1 1 1 1 1 2 1   2 1 2 1 2 1 2 1 2 1   2 1 3 2 1 3 2
 EXTRA SYMMETRY OF AOS IN SYMMETRY 2:   1 1 1 1 1 1 1 1 1 1   1 1 2 1 2 1 2 1 2 1   2 1 2 1 2 1 2 3 1 2   3 1 1 1 1 1 1 1 1 1
                                        1 2 1 2 1 2 1 2 1 2
 EXTRA SYMMETRY OF AOS IN SYMMETRY 3:   1 1 1 1 1 1 1 1 1 1   1 1 2 1 2 1 2 1 2 1   2 1 2 1 2 1 2 3 1 2   3 1 1 1 1 1 1 1 1 1
                                        1 2 1 2 1 2 1 2 1 2
 EXTRA SYMMETRY OF AOS IN SYMMETRY 4:   1 1 1 1 1 1 1 1 1 1   2 1 2 1 2 2 1 2 1 1   1 1 1 1 1 1 1 2 1 2

 Eigenvalues of metric

         1 0.403E-05 0.252E-04 0.457E-04 0.795E-04 0.195E-03 0.224E-03 0.230E-03 0.535E-03
         2 0.332E-04 0.209E-03 0.778E-03 0.170E-02 0.312E-02 0.412E-02 0.649E-02 0.993E-02
         3 0.332E-04 0.209E-03 0.778E-03 0.170E-02 0.312E-02 0.412E-02 0.649E-02 0.993E-02
         4 0.535E-03 0.293E-02 0.106E-01 0.167E-01 0.355E-01 0.654E-01 0.103E+00 0.104E+00


 Contracted 2-electron integrals neglected if value below      1.0D-12
 AO integral compression algorithm  1   Integral accuracy      1.0D-12

     300.941 MB (compressed) written to integral file ( 53.4%)


 NUMBER OF SORTED TWO-ELECTRON INTEGRALS:   59167011.     BUFFER LENGTH:  32768
 NUMBER OF SEGMENTS:   4  SEGMENT LENGTH:   15999984      RECORD LENGTH: 524288

 Memory used in sort:      16.56 MW

 SORT1 READ    70490039. AND WROTE    39593876. INTEGRALS IN    116 RECORDS. CPU TIME:     0.79 SEC, REAL TIME:     0.95 SEC
 SORT2 READ    39593876. AND WROTE    59167011. INTEGRALS IN   1148 RECORDS. CPU TIME:     0.75 SEC, REAL TIME:     0.86 SEC

 FILE SIZES:   FILE 1:   331.9 MBYTE,  FILE 4:   486.6 MBYTE,   TOTAL:    818.4 MBYTE

 OPERATOR DM      FOR CENTER  0  COORDINATES:    0.000000    0.000000    0.000000


 **********************************************************************************************************************************
 DATASETS  * FILE   NREC   LENGTH (MB)   RECORD NAMES
              1      19      262.24       500      610      701      900      950      970     1000      129      960     1100   
                                          VAR    BASINP    GEOM    SYMINP    ZMAT    AOBASIS   BASIS     P2S    ABASIS      S 
                                         1400     1410     1200     1210     1080     1600     1650     1300     1700   
                                           T        V       H0       H01     AOSYM     SMH    MOLCAS    ERIS     OPER   

              2       8       17.69       500      610      700     1000      520     2100     2140      701   
                                          VAR    BASINP    GEOM     BASIS   MCVARS     RHF     MCSCF    GEOM   

 PROGRAMS   *        TOTAL       INT        CI     MULTI       INT        CI     MULTI       INT        CI     MULTI       INT
 CPU TIMES  *       153.80      8.94     14.50      1.31      8.90     14.25      1.30      8.88     13.60      1.31      8.88
 REAL TIME  *       164.74 SEC
 DISK USED  *       798.28 MB
 **********************************************************************************************************************************

 PROGRAM * MULTI (Direct Multiconfiguration SCF)       Authors: P.J. Knowles, H.-J. Werner (1984)
                                                                D.A. Kreplin, P.J. Knowles, H.-J. Werner (2019)

 Number of closed-shell orbitals:   1 (   1   0   0   0 )
 Number of active  orbitals:        5 (   3   1   1   0 )
 Number of external orbitals:     201 (  73  49  49  30 )

 State symmetry 1

 Number of active electrons:   6    Spin symmetry=Triplet   Space symmetry=4
 Number of states:             4
 Number of CSFs:              12   (15 determinants, 50 intermediate states)

 Molecular orbitals read from record     2140.2  Type=MCSCF/NATURAL (state averaged)

 EXTRA SYMMETRY OF MOS IN SYMMETRY 1:   1 1 1 1 1 1 1 2 1 1   1 1 2 1 2 1 1 1 2 1   2 1 1 1 3 2 1 2 1 2   1 2 1 3 1 1 2 1 1 2
                                        1 2 3 1 2 3 1 1 2 1   2 1 1 2 1 1 1 2 3 2   1 3 2 3 1 1 2 1 2 1   2 1 2 1 1 1 1
 EXTRA SYMMETRY OF MOS IN SYMMETRY 2:   1 1 1 1 1 1 2 1 1 1   2 1 1 1 2 1 1 2 1 2   1 1 1 3 2 1 2 1 2 1   1 2 1 1 1 2 3 1 1 2
                                        1 2 2 1 1 1 2 1 1 1
 EXTRA SYMMETRY OF MOS IN SYMMETRY 3:   1 1 1 1 1 1 2 1 1 1   2 1 1 1 2 1 1 2 1 2   1 1 1 3 2 1 2 1 2 1   1 2 1 1 1 2 3 1 1 2
                                        1 2 2 1 1 1 2 1 1 1
 EXTRA SYMMETRY OF MOS IN SYMMETRY 4:   1 1 1 1 1 2 1 1 1 1   2 1 1 1 2 1 2 1 1 1   1 2 1 2 1 2 1 1 1 1

 Wavefunction dump at record             2140.2

 Convergence thresholds  0.10E-04 (gradient)  0.10E-05 (energy)

 Weight factors for state symmetry  1:    0.25000   0.25000   0.25000   0.25000
 
 Number of orbital rotations:  393  ( 3 closed/active, 73 closed/virtual, 0 active/active, 317 active/virtual )
 Total number of variables:    453
 
  Second-order MCSCF: L-BFGS accelerated
 
 ITER  MIC  NCI  NEG     ENERGY(VAR)    ENERGY(PROJ) ENERGY CHANGE       GRAD(0)  GRAD(ORB)   GRAD(CI)      STEP      TIME
   1    4    3    0    -54.23983435     -54.24013034   -0.00029598    0.06521118 0.00002639 0.00000000  0.88E-02      0.36
   2    7    5    0    -54.24013002     -54.24013002   -0.00000000    0.00007963 0.00000000 0.00000000  0.43E-04      0.74
   3    3    2    0    -54.24013002     -54.24013002    0.00000000    0.00000000 0.00000000 0.00000000  0.34E-09      1.08

 CONVERGENCE REACHED!  Final gradient:    0.00000000 ( 0.45E-11)
                       Final energy:    -54.24013002
 
 Results for state 1.4
 =====================
 !MCSCF STATE 1.4 Energy                       -54.541446291505
 Nuclear energy                                  6.17373413
 Kinetic energy                                 57.48118836
 One electron energy                           -86.42371121
 Two electron energy                            25.70853079
 Virial ratio                                    1.94885732
 
 !MCSCF STATE 1.4 Dipole moment                  0.00000000     0.00000000     0.76063393
 Dipole moment /Debye                            0.00000000     0.00000000     1.93333861
 
 Results for state 2.4
 =====================
 !MCSCF STATE 2.4 Energy                       -54.239416898466
 Nuclear energy                                  6.17373413
 Kinetic energy                                 55.79322342
 One electron energy                           -82.67830355
 Two electron energy                            22.26515253
 Virial ratio                                    1.97215062
 
 !MCSCF STATE 2.4 Dipole moment                  0.00000000     0.00000000    -1.41836527
 Dipole moment /Debye                            0.00000000     0.00000000    -3.60512493
 
 Results for state 3.4
 =====================
 !MCSCF STATE 3.4 Energy                       -54.109606740092
 Nuclear energy                                  6.17373413
 Kinetic energy                                 55.71610966
 One electron energy                           -82.58153203
 Two electron energy                            22.29819117
 Virial ratio                                    1.97116628
 
 !MCSCF STATE 3.4 Dipole moment                  0.00000000     0.00000000    -1.34806174
 Dipole moment /Debye                            0.00000000     0.00000000    -3.42643118
 
 Results for state 4.4
 =====================
 !MCSCF STATE 4.4 Energy                       -54.070050150230
 Nuclear energy                                  6.17373413
 Kinetic energy                                 55.71704947
 One electron energy                           -82.52974373
 Two electron energy                            22.28595946
 Virial ratio                                    1.97043994
 
 !MCSCF STATE 4.4 Dipole moment                  0.00000000     0.00000000    -1.22584582
 Dipole moment /Debye                            0.00000000     0.00000000    -3.11578930
 
 State-averaged charge density matrix saved on record 2140.2 (density set 1)
 
 Expectation values: (only non-zero values are shown)
 
 !MCSCF expec                       <1.4|DMZ|1.4>     0.760633929935 au =     1.933338608805 Debye
 !MCSCF expec                       <2.4|DMZ|2.4>    -1.418365273938 au =    -3.605124932733 Debye
 !MCSCF expec                       <3.4|DMZ|3.4>    -1.348061743127 au =    -3.426431181242 Debye
 !MCSCF expec                       <4.4|DMZ|4.4>    -1.225845822239 au =    -3.115789295357 Debye
 
 Transition values: (only non-zero values with the ground state are shown)
 
 !MCSCF trans                       <1.4|DMZ|2.4>     0.046793890641 au =     0.118938206503 Debye
 !MCSCF trans                       <1.4|DMZ|4.4>     0.102477375784 au =     0.260471508482 Debye
 

 EXTRA SYMMETRY OF MOS IN SYMMETRY 1:   1 1 1 1 1 1 1 2 1 1   1 1 2 1 2 1 1 1 2 1   2 1 1 1 2 3 1 2 1 2   1 2 1 3 1 1 2 1 1 2
                                        1 2 3 1 2 3 1 1 2 1   2 1 1 2 1 1 2 3 1 2   1 3 2 1 3 1 2 1 2 1   2 1 2 1 1 1 1
 EXTRA SYMMETRY OF MOS IN SYMMETRY 4:   1 1 1 1 1 1 2 1 1 1   2 1 1 1 2 1 2 1 1 1   1 2 1 2 1 2 1 1 1 1
 
 Natural orbital dump (state averaged) at molpro section 2140.2 (Orbital set 2)
 
 Reoptimze the CI vectors with natural orbitals 
 
 CI Coefficients of symmetry 4
 =============================
 
 220 a a        0.99418995      0.09935695     -0.00000000     -0.01956455
 2ab a a       -0.08324493      0.85875653     -0.00000000     -0.00073035
 2ba a a        0.04397624     -0.28393374      0.00000000      0.81245641
 2aa a b        0.01963435     -0.28741139     -0.70697417     -0.40586303
 2aa b a        0.01963435     -0.28741139      0.70697417     -0.40586303
 b2a a a       -0.01516125      0.02181165     -0.00000000      0.08152982
 a2b a a        0.03791926     -0.06881308      0.00000000     -0.00125868
 
 Energy:      -54.54144629    -54.23941690    -54.10960674    -54.07005015
 


 **********************************************************************************************************************************
 DATASETS  * FILE   NREC   LENGTH (MB)   RECORD NAMES
              1      20      265.16       500      610      701      900      950      970     1000      129      960     1100   
                                          VAR    BASINP    GEOM    SYMINP    ZMAT    AOBASIS   BASIS     P2S    ABASIS      S 
                                         1400     1410     1200     1210     1080     1600     1650     1300     1700     1380   
                                           T        V       H0       H01     AOSYM     SMH    MOLCAS    ERIS     OPER     JKOP   

              2       8       17.69       500      610      700     1000      520     2100     2140      701   
                                          VAR    BASINP    GEOM     BASIS   MCVARS     RHF     MCSCF    GEOM   

 PROGRAMS   *        TOTAL     MULTI       INT        CI     MULTI       INT        CI     MULTI       INT        CI     MULTI
 CPU TIMES  *       155.10      1.31      8.94     14.50      1.31      8.90     14.25      1.30      8.88     13.60      1.31
 REAL TIME  *       166.18 SEC
 DISK USED  *       798.28 MB
 **********************************************************************************************************************************


 PROGRAM * CI (Multireference internally contracted CI)     Authors: H.-J. Werner, P.J. Knowles, 1987


 Convergence thresholds:  THRVAR = 1.00D-08  THRDEN = 1.00D-06

 Number of optimized states: 3  Roots:    1   2   3
 Number of reference states: 3  Roots:    1   2   3

 Program parameters:       NSTATE=  3    NSTATI=  5    NSTATR=  3    NCEPA = -1    NOKOP =  0    ITRDM =  0    ITRANS=  0
                           IDIP  =200    MAXIT =250    MAXITI=250    MAXDAV=  9    MAXVI = 15    NOSING=  0    NOPAIR=  0
                           MXSHRF=  4    IKCPS =  0    IOPTGM=  2    IOPTOR=  0    REFOPT=  1    IAVDEN=  0    IDELCG=  1
                           IREST =  0    NATORB=  0    IPUNRF=  0    ISEP  =  0    OLDDEN=  0    NSTPRI=  1    GPSFLI= -1
                           CLUSTE=  0    CLOSED=  1    ILSTYP=  0    ITRLS =  0    ICCSD =  0    LOCAL =  0    IBASO =  0
                           MP    =  0    ITEDIS=  2    INCDIS=  1    MAXDIS=  6    ITYDIS=  1    BRUECK=  0    IBRSTR=  3
                           INCBRK=  1    TRIPLE=  0    ICCTYP=  2    IHPPD =  0    ICCNEW=  0    I3EXT = -1    IDEB  =  0
                           IDLEIG=  1    IDFTYP=  1    IMP3  =  0    IPROCS=  0    NOINT =  0    NOREF =  1    IMP2G =  0
                           IHINT =  0    IFDIA =  0    ISPARO=  1    JKSYM =  0    CPHF  =  0    MP2D  = -1    DKINT =  0
                           NPKEX =  1    DRVK  =  1    HLSTRA=  1    WIGNER=  1    DIIS_C=  1    MAXIT_= 50    MATEL =  0
                           SPDEG =  1    MEMCPH=  0    DISM  =  1    KDCPMA=  5    IKDCP_=  0    IREDTH=  0    USECS =  0
                           IPROCC=  0    I3SAVE=  1    IKDCP =  1    USECI =  0    OLDPAI=  0    IPROCI=  0    KEEPCL=  1
                           DISCON=  0    SHIFTE=  0    DIISIN=  0    MOLCAS=  0    MEM_PT=  0    RECORD=  0    RS2C  =  0
                           KEXT  = -1    CIPT2 =  0    DECP0S=  0    I4EXT = -1    NATCOR=  0    RIMP2 =  0    DDCI  = -1
                           IPOLAR=  0

 Reference symmetry:                   4   Triplet 
 Number of electrons:                  8
 Maximum number of shells:             3
 Maximum number of spin couplings:     9

 Reference space:        6 conf       12 CSFs
 N elec internal:       35 conf       45 CSFs
 N-1 el internal:       48 conf       96 CSFs
 N-2 el internal:       26 conf      102 CSFs

 Number of electrons in valence space:                      6
 Maximum number of open shell orbitals in reference space:  4
 Maximum number of open shell orbitals in internal spaces:  6


 Number of core orbitals:           1 (   1   0   0   0 )
 Number of active  orbitals:        5 (   3   1   1   0 )
 Number of external orbitals:     201 (  73  49  49  30 )

 Molecular orbitals read from record     2140.2  Type=MCSCF/NATURAL (state averaged)

 Valence orbitals related to previous ones by unitary transformation. Operators transformed.


 Number of p-space configurations:   5

 Reference wavefunction optimized for reference space (refopt=1)

 State     Reference Energy 
     1       -54.54144629
     2       -54.23941690
     3       -54.10960674
     4       -54.07005015
     5       -53.62446480

 Number of blocks in overlap matrix:    13   Smallest eigenvalue:  0.46D-04
 Number of N-2 electron functions:      58
 Number of N-1 electron functions:      96

 Number of internal configurations:                   12
 Number of singly external configurations:          4953
 Number of doubly external configurations:        301498
 Total number of contracted configurations:       306463
 Total number of uncontracted configurations:     529947

 Diagonal Coupling coefficients finished.               Storage:    8011 words, CPU-Time:      0.00 seconds.
 Energy denominators for pairs finished in 1 passes.    Storage:  126793 words, CPU-time:      0.00 seconds.

  ITER. STATE  ROOT     SQ.NORM     CORR.ENERGY   TOTAL ENERGY   ENERGY CHANGE       DEN1      VAR(S)    VAR(P)      TIME
    1     1     1     1.00000000     0.00000000   -54.54144629     0.00000000    -0.21659308  0.68D-01  0.18D-01     0.15
    1     2     2     1.00000000     0.00000000   -54.23941690    -0.00000000    -0.11970943  0.23D-01  0.12D-01     0.15
    1     3     3     1.00000000     0.00000000   -54.10960674    -0.00000000    -0.14041522  0.25D-01  0.14D-01     0.15
    2     1     1     1.06725254    -0.19071241   -54.73215871    -0.19071241    -0.00836846  0.15D-02  0.10D-02     1.38
    2     2     2     1.03467459    -0.12335148   -54.36276838    -0.12335148    -0.00204682  0.38D-03  0.28D-03     1.38
    2     3     3     1.03981228    -0.14150264   -54.25110938    -0.14150264    -0.00283977  0.57D-03  0.37D-03     1.38
    3     1     1     1.06644705    -0.19983001   -54.74127630    -0.00911759    -0.00047972  0.48D-04  0.71D-04     2.60
    3     2     2     1.03570497    -0.12575175   -54.36516865    -0.00240027    -0.00015027  0.29D-04  0.27D-04     2.60
    3     3     3     1.04365104    -0.14480985   -54.25441659    -0.00330720    -0.00028979  0.34D-03  0.35D-04     2.60
    4     1     1     1.06809716    -0.20048096   -54.74192725    -0.00065095    -0.00004351  0.38D-05  0.67D-05     3.84
    4     2     2     1.03678426    -0.12598149   -54.36539839    -0.00022974    -0.00002812  0.59D-05  0.47D-05     3.84
    4     3     3     1.05293974    -0.14539654   -54.25500328    -0.00058669    -0.00015391  0.14D-03  0.18D-04     3.84
    5     1     1     1.06868548    -0.20054085   -54.74198714    -0.00005990    -0.00000453  0.43D-06  0.72D-06     5.07
    5     2     2     1.03691250    -0.12601994   -54.36543684    -0.00003845    -0.00000536  0.97D-06  0.92D-06     5.07
    5     3     3     1.06576298    -0.14576996   -54.25537670    -0.00037342    -0.00012770  0.92D-04  0.15D-04     5.07
    6     1     1     1.06863923    -0.20054699   -54.74199328    -0.00000613    -0.00000063  0.46D-07  0.93D-07     6.29
    6     2     2     1.03690921    -0.12602666   -54.36544356    -0.00000672    -0.00000104  0.32D-06  0.18D-06     6.29
    6     3     3     1.07325999    -0.14598674   -54.25559348    -0.00021678    -0.00007238  0.84D-04  0.67D-05     6.29
    7     1     1     1.06866584    -0.20054778   -54.74199407    -0.00000079    -0.00000009  0.62D-08  0.13D-07     7.53
    7     2     2     1.03696335    -0.12602793   -54.36544483    -0.00000127    -0.00000024  0.80D-07  0.38D-07     7.53
    7     3     3     1.08035069    -0.14609836   -54.25570510    -0.00011162    -0.00003983  0.31D-04  0.43D-05     7.53
    8     1     1     1.06867515    -0.20054789   -54.74199418    -0.00000011    -0.00000001  0.12D-08  0.23D-08     8.75
    8     2     2     1.03698587    -0.12602824   -54.36544514    -0.00000031    -0.00000006  0.18D-07  0.11D-07     8.75
    8     3     3     1.08700371    -0.14617149   -54.25577823    -0.00007313    -0.00003115  0.27D-04  0.32D-05     8.75
    9     1     1     1.06867603    -0.20054789   -54.74199418    -0.00000000    -0.00000001  0.12D-08  0.23D-08     9.70
    9     2     2     1.03699845    -0.12602832   -54.36544522    -0.00000008    -0.00000002  0.63D-08  0.31D-08     9.70
    9     3     3     1.11408299    -0.14628780   -54.25589454    -0.00011632    -0.00002072  0.32D-05  0.36D-05     9.70
   10     1     1     1.06867603    -0.20054789   -54.74199418     0.00000000    -0.00000001  0.12D-08  0.23D-08    10.38
   10     2     2     1.03699845    -0.12602832   -54.36544522    -0.00000000    -0.00000002  0.63D-08  0.31D-08    10.38
   10     3     3     1.11612975    -0.14631007   -54.25591681    -0.00002227    -0.00000244  0.14D-05  0.37D-06    10.38
   11     1     1     1.06867603    -0.20054789   -54.74199418    -0.00000000    -0.00000001  0.12D-08  0.23D-08    11.06
   11     2     2     1.03699845    -0.12602832   -54.36544522    -0.00000000    -0.00000002  0.63D-08  0.31D-08    11.06
   11     3     3     1.11926226    -0.14631479   -54.25592153    -0.00000472    -0.00000101  0.37D-06  0.19D-06    11.06
   12     1     1     1.06867603    -0.20054789   -54.74199418    -0.00000000    -0.00000001  0.12D-08  0.23D-08    11.73
   12     2     2     1.03699845    -0.12602832   -54.36544522     0.00000000    -0.00000002  0.63D-08  0.31D-08    11.73
   12     3     3     1.12161961    -0.14631626   -54.25592300    -0.00000148    -0.00000031  0.68D-07  0.65D-07    11.73
   13     1     1     1.06867603    -0.20054789   -54.74199418    -0.00000000    -0.00000001  0.12D-08  0.23D-08    12.41
   13     2     2     1.03699845    -0.12602832   -54.36544522    -0.00000000    -0.00000002  0.63D-08  0.31D-08    12.41
   13     3     3     1.12188215    -0.14631659   -54.25592333    -0.00000033    -0.00000006  0.25D-07  0.10D-07    12.41
   14     1     1     1.06867603    -0.20054789   -54.74199418    -0.00000000    -0.00000001  0.12D-08  0.23D-08    13.09
   14     2     2     1.03699845    -0.12602832   -54.36544522    -0.00000000    -0.00000002  0.63D-08  0.31D-08    13.09
   14     3     3     1.12227795    -0.14631668   -54.25592342    -0.00000009    -0.00000003  0.11D-07  0.51D-08    13.09
   15     1     1     1.06867603    -0.20054789   -54.74199418     0.00000000    -0.00000001  0.12D-08  0.23D-08    13.77
   15     2     2     1.03699845    -0.12602832   -54.36544522    -0.00000000    -0.00000002  0.63D-08  0.31D-08    13.77
   15     3     3     1.12243148    -0.14631672   -54.25592346    -0.00000004    -0.00000001  0.10D-07  0.15D-08    13.77
   16     1     1     1.06867603    -0.20054789   -54.74199418    -0.00000000    -0.00000001  0.12D-08  0.23D-08    14.45
   16     2     2     1.03699845    -0.12602832   -54.36544522    -0.00000000    -0.00000002  0.63D-08  0.31D-08    14.45
   16     3     3     1.12289885    -0.14631676   -54.25592350    -0.00000004    -0.00000001  0.22D-08  0.19D-08    14.45


 =====================================
 Analysis of CPU times by interactions
 =====================================

       I      S      P

 I   0.0%
 S   0.0%   0.2%
 P   0.3%   0.9%  27.1%

 Initialization:   1.0%
 Other:           70.6%

 Total CPU:       14.5 seconds
 =====================================



 gnormi=  0.93573728  gnorms=  0.04276862  gnormp=  0.02149410  gnorm=  1.00000000
 ecorri= -0.18766014  ecorrs= -0.00857424  ecorrp= -0.00431351  ecorr= -0.20054789

 gnormi=  0.96432159  gnorms=  0.02135379  gnormp=  0.01432462  gnorm=  1.00000000
 ecorri= -0.12153183  ecorrs= -0.00269136  ecorrp= -0.00180513  ecorr= -0.12602832

 gnormi=  0.89055216  gnorms=  0.09245915  gnormp=  0.01698868  gnorm=  1.00000000
 ecorri= -0.13030270  ecorrs= -0.01352842  ecorrp= -0.00248563  ecorr= -0.14631676

 Reference coefficients greater than 0.0500000
 =============================================
 220//           0.9651404   0.0497013   0.0000000
 2/\//          -0.0551052   0.7975832  -0.0000003
 2///\           0.0112135  -0.3268973   0.7703444
 2//\/           0.0158582  -0.4623020  -0.5447166
 /2\//           0.0244897  -0.0540249  -0.0000000

 Coefficients of singly external configurations greater than 0.0500000
 =====================================================================

 220/0   2.3     0.0322902   0.0190980  -0.1705270
 2200/   2.2    -0.0322901  -0.0190996  -0.1705185
 220/0   3.3     0.0335957   0.0128578  -0.0586880
 2200/   3.2    -0.0335957  -0.0128585  -0.0586848

 Coefficients of fixed reference functions:
 ==========================================

 State      Coefficients
 1           0.966521    0.037939    0.000000
 2          -0.047555    0.980748   -0.000000
 3           0.000000    0.000000    0.943685

 Coefficients of rotated reference functions:
 ============================================

 State      Coefficients
 1           0.967255   -0.004492    0.000000
 2          -0.004492    0.981890   -0.000000
 3           0.000000   -0.000000    0.943685


 RESULTS FOR STATE 1.4
 =====================

 Coefficient of reference function:   C(0) = 0.96652116 (fixed)   0.96733514 (relaxed)   0.96725505 (rotated)

 Energy contributions of configuration classes

 CLASS          SQ.NORM        ECORR1        ECORR2
 +++++++++++++++++++++++++++++++++++++++++++++++++++
 Internals    0.00016562   -0.00006146   -0.11278231
 Singles      0.04571337   -0.08003336   -0.08345204
 Pairs        0.02297403   -0.00000003   -0.00431354
 Total        1.06885303   -0.08009485   -0.20054789
 +++++++++++++++++++++++++++++++++++++++++++++++++++


 Reference energy                     -54.54086522
 Nuclear energy                         6.17373413
 Kinetic energy                        56.72460928
 One electron energy                  -85.51618555
 Two electron energy                   24.60045724
 Virial quotient                       -0.96504841
 Correlation energy                    -0.20112897
 !MRCI STATE 1.4 Energy               -54.741994182643

 Properties without orbital relaxation:

 !MRCI STATE 1.4 Dipole moment          0.00000000     0.00000000     0.65159750
 Dipole moment /Debye                   0.00000000     0.00000000     1.65619565

 Cluster corrected energies           -54.75584252 (Davidson, fixed reference)
 Cluster corrected energies           -54.75580692 (Davidson, relaxed reference)
 Cluster corrected energies           -54.75584252 (Davidson, rotated reference)

 Cluster corrected energies           -54.74891016 (Pople, fixed reference)
 Cluster corrected energies           -54.74889243 (Pople, relaxed reference)
 Cluster corrected energies           -54.74891016 (Pople, rotated reference)



 RESULTS FOR STATE 2.4
 =====================

 Coefficient of reference function:   C(0) = 0.98074849 (fixed)   0.98199877 (relaxed)   0.98189048 (rotated)

 Energy contributions of configuration classes

 CLASS          SQ.NORM        ECORR1        ECORR2
 +++++++++++++++++++++++++++++++++++++++++++++++++++
 Internals    0.00022059   -0.00006054   -0.07889007
 Singles      0.02214873   -0.04422923   -0.04533316
 Pairs        0.01485788    0.00000004   -0.00180509
 Total        1.03722720   -0.04428973   -0.12602832
 +++++++++++++++++++++++++++++++++++++++++++++++++++


 Reference energy                     -54.23999797
 Nuclear energy                         6.17373413
 Kinetic energy                        56.26612888
 One electron energy                  -82.86027011
 Two electron energy                   22.32109076
 Virial quotient                       -0.96621975
 Correlation energy                    -0.12544724
 !MRCI STATE 2.4 Energy               -54.365445216444

 Properties without orbital relaxation:

 !MRCI STATE 2.4 Dipole moment          0.00000000     0.00000000    -1.43333386
 Dipole moment /Debye                   0.00000000     0.00000000    -3.64317129

 Cluster corrected energies           -54.37011527 (Davidson, fixed reference)
 Cluster corrected energies           -54.37008657 (Davidson, relaxed reference)
 Cluster corrected energies           -54.37011527 (Davidson, rotated reference)

 Cluster corrected energies           -54.36777943 (Pople, fixed reference)
 Cluster corrected energies           -54.36776510 (Pople, relaxed reference)
 Cluster corrected energies           -54.36777943 (Pople, rotated reference)



 RESULTS FOR STATE 3.4
 =====================

 Coefficient of reference function:   C(0) = 0.94368540 (fixed)   0.94369071 (relaxed)   0.94368540 (rotated)

 Energy contributions of configuration classes

 CLASS          SQ.NORM        ECORR1        ECORR2
 +++++++++++++++++++++++++++++++++++++++++++++++++++
 Internals    0.00001127    0.00000000   -0.00000147
 Singles      0.10382345   -0.05550072   -0.06295415
 Pairs        0.01907679   -0.09081603   -0.08336114
 Total        1.12291151   -0.14631676   -0.14631676
 +++++++++++++++++++++++++++++++++++++++++++++++++++


 Reference energy                     -54.10960674
 Nuclear energy                         6.17373413
 Kinetic energy                        56.15862252
 One electron energy                  -82.74077905
 Two electron energy                   22.31112143
 Virial quotient                       -0.96611920
 Correlation energy                    -0.14631676
 !MRCI STATE 3.4 Energy               -54.255923495924

 Properties without orbital relaxation:

 !MRCI STATE 3.4 Dipole moment          0.00000000     0.00000000    -1.01330469
 Dipole moment /Debye                   0.00000000     0.00000000    -2.57556362

 Cluster corrected energies           -54.27390751 (Davidson, fixed reference)
 Cluster corrected energies           -54.27390566 (Davidson, relaxed reference)
 Cluster corrected energies           -54.27390751 (Davidson, rotated reference)

 Cluster corrected energies           -54.26488180 (Pople, fixed reference)
 Cluster corrected energies           -54.26488088 (Pople, relaxed reference)
 Cluster corrected energies           -54.26488180 (Pople, rotated reference)


 !MRCI trans          <2.4|DMZ|1.4>    -0.212056455653 au =    -0.538993748273 Debye

 !MRCI trans          <3.4|DMZ|1.4>     0.000002273351 au =     0.000005778281 Debye

 !MRCI trans          <3.4|DMZ|2.4>    -0.000020326338 au =    -0.000051664398 Debye


 **********************************************************************************************************************************
 DATASETS  * FILE   NREC   LENGTH (MB)   RECORD NAMES
              1      20      265.16       500      610      701      900      950      970     1000      129      960     1100   
                                          VAR    BASINP    GEOM    SYMINP    ZMAT    AOBASIS   BASIS     P2S    ABASIS      S 
                                         1400     1410     1200     1210     1080     1600     1650     1300     1700     1380   
                                           T        V       H0       H01     AOSYM     SMH    MOLCAS    ERIS     OPER     JKOP   

              2       8       17.69       500      610      700     1000      520     2100     2140      701   
                                          VAR    BASINP    GEOM     BASIS   MCVARS     RHF     MCSCF    GEOM   

 PROGRAMS   *        TOTAL        CI     MULTI       INT        CI     MULTI       INT        CI     MULTI       INT        CI
 CPU TIMES  *       169.61     14.51      1.31      8.94     14.50      1.31      8.90     14.25      1.30      8.88     13.60
 REAL TIME  *       181.92 SEC
 DISK USED  *       798.28 MB
 **********************************************************************************************************************************
 SETTING E1(7)          =       -54.74199418  AU                              
 SETTING E2(7)          =       -54.36544522  AU                              
 SETTING E3(7)          =       -54.25592350  AU                              

 DO I                   =         8.00000000   


 Using spherical harmonics

 Library entry N      S aug-cc-pV5Z          selected for orbital group  1
 Library entry N      P aug-cc-pV5Z          selected for orbital group  1
 Library entry N      D aug-cc-pV5Z          selected for orbital group  1
 Library entry N      F aug-cc-pV5Z          selected for orbital group  1
 Library entry N      G aug-cc-pV5Z          selected for orbital group  1
 Library entry N      H aug-cc-pV5Z          selected for orbital group  1
 Library entry H      S aug-cc-pV5Z          selected for orbital group  2
 Library entry H      P aug-cc-pV5Z          selected for orbital group  2
 Library entry H      D aug-cc-pV5Z          selected for orbital group  2
 Library entry H      F aug-cc-pV5Z          selected for orbital group  2
 Library entry H      G aug-cc-pV5Z          selected for orbital group  2


 PROGRAM * SEWARD (Integral evaluation for generally contracted gaussian basis sets)     Author: Roland Lindh, 1990

 Geometry written to block  1 of record 701

 Orientation using atomic masses  
 Molecule type: Linear
 Symmetry elements: X,Y
 Rotational constants:    1597.7381987   1597.7381987      0.0000000 GHz  (calculated with average atomic masses)

 Point group  C2v 



 ATOMIC COORDINATES

 NR  ATOM    CHARGE       X              Y              Z

   1  N       7.00    0.000000000    0.000000000   -0.073577769
   2  H       1.00    0.000000000    0.000000000    1.022463383

 Bond lengths in Bohr (Angstrom)

 1-2  1.096041152
     ( 0.580000000)

 NUCLEAR CHARGE:                    8
 NUMBER OF PRIMITIVE AOS:         307
 NUMBER OF SYMMETRY AOS:          227
 NUMBER OF CONTRACTIONS:          207   (   77A1  +   50B1  +   50B2  +   30A2  )
 NUMBER OF INNER CORE ORBITALS:     0   (    0A1  +    0B1  +    0B2  +    0A2  )
 NUMBER OF OUTER CORE ORBITALS:     1   (    1A1  +    0B1  +    0B2  +    0A2  )
 NUMBER OF VALENCE ORBITALS:        5   (    3A1  +    1B1  +    1B2  +    0A2  )


 NUCLEAR REPULSION ENERGY    6.38662151

 EXTRA SYMMETRY OF AOS IN SYMMETRY 1:   1 1 1 1 1 1 1 1 1 1   1 1 1 1 2 1 2 1 2 1   2 1 2 1 2 1 2 1 2 1   2 1 3 2 1 3 2 1 3 2
                                        2 3 1 2 3 1 1 1 1 1   1 1 1 1 1 1 1 1 2 1   2 1 2 1 2 1 2 1 2 1   2 1 3 2 1 3 2
 EXTRA SYMMETRY OF AOS IN SYMMETRY 2:   1 1 1 1 1 1 1 1 1 1   1 1 2 1 2 1 2 1 2 1   2 1 2 1 2 1 2 3 1 2   3 1 1 1 1 1 1 1 1 1
                                        1 2 1 2 1 2 1 2 1 2
 EXTRA SYMMETRY OF AOS IN SYMMETRY 3:   1 1 1 1 1 1 1 1 1 1   1 1 2 1 2 1 2 1 2 1   2 1 2 1 2 1 2 3 1 2   3 1 1 1 1 1 1 1 1 1
                                        1 2 1 2 1 2 1 2 1 2
 EXTRA SYMMETRY OF AOS IN SYMMETRY 4:   1 1 1 1 1 1 1 1 1 1   2 1 2 1 2 2 1 2 1 1   1 1 1 1 1 1 1 2 1 2

 Eigenvalues of metric

         1 0.367E-05 0.226E-04 0.430E-04 0.771E-04 0.183E-03 0.195E-03 0.221E-03 0.477E-03
         2 0.297E-04 0.181E-03 0.709E-03 0.150E-02 0.287E-02 0.389E-02 0.577E-02 0.921E-02
         3 0.297E-04 0.181E-03 0.709E-03 0.150E-02 0.287E-02 0.389E-02 0.577E-02 0.921E-02
         4 0.477E-03 0.273E-02 0.102E-01 0.153E-01 0.315E-01 0.626E-01 0.963E-01 0.972E-01


 Contracted 2-electron integrals neglected if value below      1.0D-12
 AO integral compression algorithm  1   Integral accuracy      1.0D-12

     301.728 MB (compressed) written to integral file ( 53.5%)


 NUMBER OF SORTED TWO-ELECTRON INTEGRALS:   59167011.     BUFFER LENGTH:  32768
 NUMBER OF SEGMENTS:   4  SEGMENT LENGTH:   15999984      RECORD LENGTH: 524288

 Memory used in sort:      16.56 MW

 SORT1 READ    70490039. AND WROTE    39593871. INTEGRALS IN    116 RECORDS. CPU TIME:     0.80 SEC, REAL TIME:     0.95 SEC
 SORT2 READ    39593871. AND WROTE    59167011. INTEGRALS IN   1151 RECORDS. CPU TIME:     0.75 SEC, REAL TIME:     0.86 SEC

 FILE SIZES:   FILE 1:   332.7 MBYTE,  FILE 4:   486.6 MBYTE,   TOTAL:    819.2 MBYTE

 OPERATOR DM      FOR CENTER  0  COORDINATES:    0.000000    0.000000    0.000000


 **********************************************************************************************************************************
 DATASETS  * FILE   NREC   LENGTH (MB)   RECORD NAMES
              1      19      262.75       500      610      701      900      950      970     1000      129      960     1100   
                                          VAR    BASINP    GEOM    SYMINP    ZMAT    AOBASIS   BASIS     P2S    ABASIS      S 
                                         1400     1410     1200     1210     1080     1600     1650     1300     1700   
                                           T        V       H0       H01     AOSYM     SMH    MOLCAS    ERIS     OPER   

              2       8       17.69       500      610      700     1000      520     2100     2140      701   
                                          VAR    BASINP    GEOM     BASIS   MCVARS     RHF     MCSCF    GEOM   

 PROGRAMS   *        TOTAL       INT        CI     MULTI       INT        CI     MULTI       INT        CI     MULTI       INT
 CPU TIMES  *       178.53      8.91     14.51      1.31      8.94     14.50      1.31      8.90     14.25      1.30      8.88
 REAL TIME  *       191.27 SEC
 DISK USED  *       799.03 MB
 **********************************************************************************************************************************

 PROGRAM * MULTI (Direct Multiconfiguration SCF)       Authors: P.J. Knowles, H.-J. Werner (1984)
                                                                D.A. Kreplin, P.J. Knowles, H.-J. Werner (2019)

 Number of closed-shell orbitals:   1 (   1   0   0   0 )
 Number of active  orbitals:        5 (   3   1   1   0 )
 Number of external orbitals:     201 (  73  49  49  30 )

 State symmetry 1

 Number of active electrons:   6    Spin symmetry=Triplet   Space symmetry=4
 Number of states:             4
 Number of CSFs:              12   (15 determinants, 50 intermediate states)

 Molecular orbitals read from record     2140.2  Type=MCSCF/NATURAL (state averaged)

 EXTRA SYMMETRY OF MOS IN SYMMETRY 1:   1 1 1 1 1 1 1 2 1 1   1 1 2 1 2 1 1 1 2 1   2 1 1 1 2 3 1 2 1 2   1 2 1 3 1 1 2 1 1 2
                                        1 2 3 1 2 3 1 1 2 1   2 1 1 2 1 1 2 3 1 2   1 3 2 1 3 1 2 1 2 1   2 1 2 1 1 1 1
 EXTRA SYMMETRY OF MOS IN SYMMETRY 2:   1 1 1 1 1 1 2 1 1 1   2 1 1 1 2 1 1 2 1 2   1 1 1 3 2 1 2 1 2 1   1 2 1 1 1 2 3 1 1 2
                                        1 2 2 1 1 1 2 1 1 1
 EXTRA SYMMETRY OF MOS IN SYMMETRY 3:   1 1 1 1 1 1 2 1 1 1   2 1 1 1 2 1 1 2 1 2   1 1 1 3 2 1 2 1 2 1   1 2 1 1 1 2 3 1 1 2
                                        1 2 2 1 1 1 2 1 1 1
 EXTRA SYMMETRY OF MOS IN SYMMETRY 4:   1 1 1 1 1 1 2 1 1 1   2 1 1 1 2 1 2 1 1 1   1 2 1 2 1 2 1 1 1 1

 Wavefunction dump at record             2140.2

 Convergence thresholds  0.10E-04 (gradient)  0.10E-05 (energy)

 Weight factors for state symmetry  1:    0.25000   0.25000   0.25000   0.25000
 
 Number of orbital rotations:  393  ( 3 closed/active, 73 closed/virtual, 0 active/active, 317 active/virtual )
 Total number of variables:    453
 
  Second-order MCSCF: L-BFGS accelerated
 
 ITER  MIC  NCI  NEG     ENERGY(VAR)    ENERGY(PROJ) ENERGY CHANGE       GRAD(0)  GRAD(ORB)   GRAD(CI)      STEP      TIME
   1    5    3    0    -54.17074110     -54.17106344   -0.00032234    0.07066842 0.00002658 0.00000000  0.87E-02      0.36
   2    9    6    0    -54.17106309     -54.17106309   -0.00000000    0.00008564 0.00000000 0.00000000  0.47E-04      0.75
   3    3    2    0    -54.17106309     -54.17106309    0.00000000    0.00000000 0.00000000 0.00000000  0.42E-09      1.09

 CONVERGENCE REACHED!  Final gradient:    0.00000000 ( 0.50E-11)
                       Final energy:    -54.17106309
 
 Results for state 1.4
 =====================
 !MCSCF STATE 1.4 Energy                       -54.474109758809
 Nuclear energy                                  6.38662151
 Kinetic energy                                 57.62080434
 One electron energy                           -86.68009975
 Two electron energy                            25.81936848
 Virial ratio                                    1.94538961
 
 !MCSCF STATE 1.4 Dipole moment                  0.00000000     0.00000000     0.75191848
 Dipole moment /Debye                            0.00000000     0.00000000     1.91118616
 
 Results for state 2.4
 =====================
 !MCSCF STATE 2.4 Energy                       -54.170555208080
 Nuclear energy                                  6.38662151
 Kinetic energy                                 55.93083007
 One electron energy                           -82.92507087
 Two electron energy                            22.36789415
 Virial ratio                                    1.96852765
 
 !MCSCF STATE 2.4 Dipole moment                  0.00000000     0.00000000    -1.40353023
 Dipole moment /Debye                            0.00000000     0.00000000    -3.56741802
 
 Results for state 3.4
 =====================
 !MCSCF STATE 3.4 Energy                       -54.040229394434
 Nuclear energy                                  6.38662151
 Kinetic energy                                 55.84598468
 One electron energy                           -82.81999911
 Two electron energy                            22.39314820
 Virial ratio                                    1.96766544
 
 !MCSCF STATE 3.4 Dipole moment                  0.00000000     0.00000000    -1.33812345
 Dipole moment /Debye                            0.00000000     0.00000000    -3.40117057
 
 Results for state 4.4
 =====================
 !MCSCF STATE 4.4 Energy                       -53.999358017885
 Nuclear energy                                  6.38662151
 Kinetic energy                                 55.84207937
 One electron energy                           -82.76467348
 Two electron energy                            22.37869395
 Virial ratio                                    1.96700120
 
 !MCSCF STATE 4.4 Dipole moment                  0.00000000     0.00000000    -1.22060369
 Dipole moment /Debye                            0.00000000     0.00000000    -3.10246513
 
 State-averaged charge density matrix saved on record 2140.2 (density set 1)
 
 Expectation values: (only non-zero values are shown)
 
 !MCSCF expec                       <1.4|DMZ|1.4>     0.751918484944 au =     1.911186157236 Debye
 !MCSCF expec                       <2.4|DMZ|2.4>    -1.403530234684 au =    -3.567418024028 Debye
 !MCSCF expec                       <3.4|DMZ|3.4>    -1.338123452636 au =    -3.401170566436 Debye
 !MCSCF expec                       <4.4|DMZ|4.4>    -1.220603690613 au =    -3.102465125782 Debye
 
 Transition values: (only non-zero values with the ground state are shown)
 
 !MCSCF trans                       <1.4|DMZ|2.4>     0.062412490961 au =     0.158636728784 Debye
 !MCSCF trans                       <1.4|DMZ|4.4>     0.091759415532 au =     0.233229170811 Debye
 

 EXTRA SYMMETRY OF MOS IN SYMMETRY 1:   1 1 1 1 1 1 1 2 1 1   1 1 2 1 2 1 1 1 2 1   2 1 1 1 2 3 1 2 1 2   1 2 1 3 1 1 2 1 1 2
                                        1 2 3 1 2 3 1 1 2 1   1 2 1 2 1 1 2 3 1 2   1 3 2 1 3 1 2 1 2 1   2 1 2 1 1 1 1
 
 Natural orbital dump (state averaged) at molpro section 2140.2 (Orbital set 2)
 
 Reoptimze the CI vectors with natural orbitals 
 
 CI Coefficients of symmetry 4
 =============================
 
 220 a a        0.99369455      0.10409954      0.00000000     -0.02197654
 2ab a a       -0.08748223      0.85841360     -0.00000000     -0.00160946
 2ba a a        0.04726539     -0.28272677      0.00000000      0.81277023
 2aa a b        0.02010842     -0.28784341     -0.70697483     -0.40558038
 2aa b a        0.02010842     -0.28784341      0.70697483     -0.40558038
 b2a a a       -0.01488487      0.02148330      0.00000000      0.08101294
 a2b a a        0.03716463     -0.06792098      0.00000000     -0.00156231
 
 Energy:      -54.47410976    -54.17055521    -54.04022939    -53.99935802
 


 **********************************************************************************************************************************
 DATASETS  * FILE   NREC   LENGTH (MB)   RECORD NAMES
              1      20      265.67       500      610      701      900      950      970     1000      129      960     1100   
                                          VAR    BASINP    GEOM    SYMINP    ZMAT    AOBASIS   BASIS     P2S    ABASIS      S 
                                         1400     1410     1200     1210     1080     1600     1650     1300     1700     1380   
                                           T        V       H0       H01     AOSYM     SMH    MOLCAS    ERIS     OPER     JKOP   

              2       8       17.69       500      610      700     1000      520     2100     2140      701   
                                          VAR    BASINP    GEOM     BASIS   MCVARS     RHF     MCSCF    GEOM   

 PROGRAMS   *        TOTAL     MULTI       INT        CI     MULTI       INT        CI     MULTI       INT        CI     MULTI
 CPU TIMES  *       179.83      1.30      8.91     14.51      1.31      8.94     14.50      1.31      8.90     14.25      1.30
 REAL TIME  *       192.72 SEC
 DISK USED  *       799.03 MB
 **********************************************************************************************************************************


 PROGRAM * CI (Multireference internally contracted CI)     Authors: H.-J. Werner, P.J. Knowles, 1987


 Convergence thresholds:  THRVAR = 1.00D-08  THRDEN = 1.00D-06

 Number of optimized states: 3  Roots:    1   2   3
 Number of reference states: 3  Roots:    1   2   3

 Program parameters:       NSTATE=  3    NSTATI=  5    NSTATR=  3    NCEPA = -1    NOKOP =  0    ITRDM =  0    ITRANS=  0
                           IDIP  =200    MAXIT =250    MAXITI=250    MAXDAV=  9    MAXVI = 15    NOSING=  0    NOPAIR=  0
                           MXSHRF=  4    IKCPS =  0    IOPTGM=  2    IOPTOR=  0    REFOPT=  1    IAVDEN=  0    IDELCG=  1
                           IREST =  0    NATORB=  0    IPUNRF=  0    ISEP  =  0    OLDDEN=  0    NSTPRI=  1    GPSFLI= -1
                           CLUSTE=  0    CLOSED=  1    ILSTYP=  0    ITRLS =  0    ICCSD =  0    LOCAL =  0    IBASO =  0
                           MP    =  0    ITEDIS=  2    INCDIS=  1    MAXDIS=  6    ITYDIS=  1    BRUECK=  0    IBRSTR=  3
                           INCBRK=  1    TRIPLE=  0    ICCTYP=  2    IHPPD =  0    ICCNEW=  0    I3EXT = -1    IDEB  =  0
                           IDLEIG=  1    IDFTYP=  1    IMP3  =  0    IPROCS=  0    NOINT =  0    NOREF =  1    IMP2G =  0
                           IHINT =  0    IFDIA =  0    ISPARO=  1    JKSYM =  0    CPHF  =  0    MP2D  = -1    DKINT =  0
                           NPKEX =  1    DRVK  =  1    HLSTRA=  1    WIGNER=  1    DIIS_C=  1    MAXIT_= 50    MATEL =  0
                           SPDEG =  1    MEMCPH=  0    DISM  =  1    KDCPMA=  5    IKDCP_=  0    IREDTH=  0    USECS =  0
                           IPROCC=  0    I3SAVE=  1    IKDCP =  1    USECI =  0    OLDPAI=  0    IPROCI=  0    KEEPCL=  1
                           DISCON=  0    SHIFTE=  0    DIISIN=  0    MOLCAS=  0    MEM_PT=  0    RECORD=  0    RS2C  =  0
                           KEXT  = -1    CIPT2 =  0    DECP0S=  0    I4EXT = -1    NATCOR=  0    RIMP2 =  0    DDCI  = -1
                           IPOLAR=  0

 Reference symmetry:                   4   Triplet 
 Number of electrons:                  8
 Maximum number of shells:             3
 Maximum number of spin couplings:     9

 Reference space:        6 conf       12 CSFs
 N elec internal:       35 conf       45 CSFs
 N-1 el internal:       48 conf       96 CSFs
 N-2 el internal:       26 conf      102 CSFs

 Number of electrons in valence space:                      6
 Maximum number of open shell orbitals in reference space:  4
 Maximum number of open shell orbitals in internal spaces:  6


 Number of core orbitals:           1 (   1   0   0   0 )
 Number of active  orbitals:        5 (   3   1   1   0 )
 Number of external orbitals:     201 (  73  49  49  30 )

 Molecular orbitals read from record     2140.2  Type=MCSCF/NATURAL (state averaged)

 Valence orbitals related to previous ones by unitary transformation. Operators transformed.


 Number of p-space configurations:   5

 Reference wavefunction optimized for reference space (refopt=1)

 State     Reference Energy 
     1       -54.47410976
     2       -54.17055521
     3       -54.04022939
     4       -53.99935802
     5       -53.54591101

 Number of blocks in overlap matrix:    13   Smallest eigenvalue:  0.43D-04
 Number of N-2 electron functions:      58
 Number of N-1 electron functions:      96

 Number of internal configurations:                   12
 Number of singly external configurations:          4953
 Number of doubly external configurations:        301498
 Total number of contracted configurations:       306463
 Total number of uncontracted configurations:     529947

 Diagonal Coupling coefficients finished.               Storage:    8011 words, CPU-Time:      0.00 seconds.
 Energy denominators for pairs finished in 1 passes.    Storage:  126793 words, CPU-time:      0.00 seconds.

  ITER. STATE  ROOT     SQ.NORM     CORR.ENERGY   TOTAL ENERGY   ENERGY CHANGE       DEN1      VAR(S)    VAR(P)      TIME
    1     1     1     1.00000000     0.00000000   -54.47410976     0.00000000    -0.21633153  0.68D-01  0.18D-01     0.17
    1     2     2     1.00000000     0.00000000   -54.17055521     0.00000000    -0.11979329  0.23D-01  0.11D-01     0.17
    1     3     3     1.00000000     0.00000000   -54.04022939     0.00000000    -0.14024485  0.25D-01  0.14D-01     0.17
    2     1     1     1.06695373    -0.19079289   -54.66490265    -0.19079289    -0.00832047  0.15D-02  0.10D-02     1.38
    2     2     2     1.03449373    -0.12327548   -54.29383068    -0.12327548    -0.00205770  0.39D-03  0.28D-03     1.38
    2     3     3     1.03963125    -0.14143026   -54.18165966    -0.14143026    -0.00283542  0.58D-03  0.37D-03     1.38
    3     1     1     1.06611586    -0.19989310   -54.67400286    -0.00910021    -0.00048682  0.48D-04  0.72D-04     2.61
    3     2     2     1.03548172    -0.12568683   -54.29624204    -0.00241136    -0.00015330  0.30D-04  0.28D-04     2.61
    3     3     3     1.04355783    -0.14474426   -54.18497366    -0.00331400    -0.00029800  0.36D-03  0.35D-04     2.61
    4     1     1     1.06775015    -0.20055801   -54.67466777    -0.00066491    -0.00004477  0.39D-05  0.69D-05     3.84
    4     2     2     1.03660272    -0.12592341   -54.29647862    -0.00023658    -0.00002937  0.62D-05  0.48D-05     3.84
    4     3     3     1.05348288    -0.14535891   -54.18558831    -0.00061465    -0.00016477  0.15D-03  0.19D-04     3.84
    5     1     1     1.06833880    -0.20061986   -54.67472962    -0.00006184    -0.00000475  0.45D-06  0.75D-06     5.07
    5     2     2     1.03674236    -0.12596378   -54.29651898    -0.00004037    -0.00000563  0.10D-05  0.95D-06     5.07
    5     3     3     1.06738566    -0.14576050   -54.18598989    -0.00040159    -0.00013884  0.98D-04  0.16D-04     5.07
    6     1     1     1.06829011    -0.20062632   -54.67473608    -0.00000646    -0.00000067  0.49D-07  0.98D-07     6.31
    6     2     2     1.03674112    -0.12597085   -54.29652606    -0.00000707    -0.00000108  0.34D-06  0.18D-06     6.31
    6     3     3     1.07536184    -0.14599395   -54.18622334    -0.00023345    -0.00007741  0.91D-04  0.71D-05     6.31
    7     1     1     1.06831830    -0.20062717   -54.67473693    -0.00000085    -0.00000010  0.66D-08  0.14D-07     7.55
    7     2     2     1.03680118    -0.12597219   -54.29652739    -0.00000134    -0.00000025  0.83D-07  0.40D-07     7.55
    7     3     3     1.08307353    -0.14611416   -54.18634356    -0.00012021    -0.00004340  0.34D-04  0.47D-05     7.55
    8     1     1     1.06832812    -0.20062729   -54.67473705    -0.00000012    -0.00000002  0.13D-08  0.25D-08     8.79
    8     2     2     1.03682603    -0.12597252   -54.29652773    -0.00000033    -0.00000007  0.18D-07  0.12D-07     8.79
    8     3     3     1.09043554    -0.14619456   -54.18642396    -0.00008040    -0.00003449  0.29D-04  0.36D-05     8.79
    9     1     1     1.06832913    -0.20062729   -54.67473705    -0.00000000    -0.00000002  0.13D-08  0.25D-08     9.74
    9     2     2     1.03683949    -0.12597260   -54.29652781    -0.00000008    -0.00000002  0.66D-08  0.32D-08     9.74
    9     3     3     1.12065276    -0.14632387   -54.18655327    -0.00012931    -0.00002292  0.35D-05  0.40D-05     9.74
   10     1     1     1.06832913    -0.20062729   -54.67473705     0.00000000    -0.00000002  0.13D-08  0.25D-08    10.41
   10     2     2     1.03683949    -0.12597260   -54.29652781    -0.00000000    -0.00000002  0.66D-08  0.32D-08    10.41
   10     3     3     1.12287954    -0.14634838   -54.18657777    -0.00002451    -0.00000265  0.15D-05  0.40D-06    10.41
   11     1     1     1.06832913    -0.20062729   -54.67473705    -0.00000000    -0.00000002  0.13D-08  0.25D-08    11.11
   11     2     2     1.03683949    -0.12597260   -54.29652781    -0.00000000    -0.00000002  0.66D-08  0.32D-08    11.11
   11     3     3     1.12631596    -0.14635353   -54.18658292    -0.00000515    -0.00000112  0.41D-06  0.21D-06    11.11
   12     1     1     1.06832913    -0.20062729   -54.67473705    -0.00000000    -0.00000002  0.13D-08  0.25D-08    11.79
   12     2     2     1.03683949    -0.12597260   -54.29652781     0.00000000    -0.00000002  0.66D-08  0.32D-08    11.79
   12     3     3     1.12895420    -0.14635518   -54.18658457    -0.00000165    -0.00000034  0.78D-07  0.72D-07    11.79
   13     1     1     1.06832913    -0.20062729   -54.67473705    -0.00000000    -0.00000002  0.13D-08  0.25D-08    12.48
   13     2     2     1.03683949    -0.12597260   -54.29652781    -0.00000000    -0.00000002  0.66D-08  0.32D-08    12.48
   13     3     3     1.12924989    -0.14635554   -54.18658494    -0.00000037    -0.00000006  0.29D-07  0.11D-07    12.48
   14     1     1     1.06832913    -0.20062729   -54.67473705    -0.00000000    -0.00000002  0.13D-08  0.25D-08    13.18
   14     2     2     1.03683949    -0.12597260   -54.29652781    -0.00000000    -0.00000002  0.66D-08  0.32D-08    13.18
   14     3     3     1.12970111    -0.14635565   -54.18658504    -0.00000010    -0.00000003  0.13D-07  0.59D-08    13.18
   15     1     1     1.06832913    -0.20062729   -54.67473705    -0.00000000    -0.00000002  0.13D-08  0.25D-08    13.86
   15     2     2     1.03683949    -0.12597260   -54.29652781    -0.00000000    -0.00000002  0.66D-08  0.32D-08    13.86
   15     3     3     1.12987791    -0.14635569   -54.18658509    -0.00000004    -0.00000001  0.12D-07  0.17D-08    13.86
   16     1     1     1.06832913    -0.20062729   -54.67473705     0.00000000    -0.00000002  0.13D-08  0.25D-08    14.54
   16     2     2     1.03683949    -0.12597260   -54.29652781    -0.00000000    -0.00000002  0.66D-08  0.32D-08    14.54
   16     3     3     1.13041664    -0.14635573   -54.18658513    -0.00000004    -0.00000001  0.24D-08  0.22D-08    14.54


 =====================================
 Analysis of CPU times by interactions
 =====================================

       I      S      P

 I   0.0%
 S   0.0%   0.2%
 P   0.3%   1.0%  26.6%

 Initialization:   1.1%
 Other:           70.8%

 Total CPU:       14.5 seconds
 =====================================



 gnormi=  0.93604113  gnorms=  0.04267574  gnormp=  0.02128313  gnorm=  1.00000000
 ecorri= -0.18779540  ecorrs= -0.00855878  ecorrp= -0.00427312  ecorr= -0.20062729

 gnormi=  0.96446944  gnorms=  0.02134859  gnormp=  0.01418197  gnorm=  1.00000000
 ecorri= -0.12149672  ecorrs= -0.00268953  ecorrp= -0.00178635  ecorr= -0.12597260

 gnormi=  0.88462958  gnorms=  0.09851011  gnormp=  0.01686031  gnorm=  1.00000000
 ecorri= -0.12947061  ecorrs= -0.01441765  ecorrp= -0.00246747  ecorr= -0.14635573

 Reference coefficients greater than 0.0500000
 =============================================
 220//           0.9650855   0.0525149   0.0000000
 2/\//          -0.0587976   0.7969955  -0.0000005
 2///\           0.0114642  -0.3273884   0.7677770
 2//\/           0.0162128  -0.4629967  -0.5429015
 /2\//           0.0241533  -0.0531253  -0.0000000

 Coefficients of singly external configurations greater than 0.0500000
 =====================================================================

 220/0   2.3     0.0321102   0.0199246  -0.1777863
 2200/   2.2    -0.0321101  -0.0199261  -0.1777773
 220/0   3.3     0.0339460   0.0138049  -0.0618544
 2200/   3.2    -0.0339460  -0.0138055  -0.0618509

 Coefficients of fixed reference functions:
 ==========================================

 State      Coefficients
 1           0.966623    0.039390    0.000000
 2          -0.049443    0.980730   -0.000000
 3           0.000000    0.000000    0.940542

 Coefficients of rotated reference functions:
 ============================================

 State      Coefficients
 1           0.967414   -0.004699    0.000000
 2          -0.004699    0.981964   -0.000000
 3           0.000000   -0.000000    0.940542


 RESULTS FOR STATE 1.4
 =====================

 Coefficient of reference function:   C(0) = 0.96662326 (fixed)   0.96749219 (relaxed)   0.96741410 (rotated)

 Energy contributions of configuration classes

 CLASS          SQ.NORM        ECORR1        ECORR2
 +++++++++++++++++++++++++++++++++++++++++++++++++++
 Internals    0.00016143   -0.00006713   -0.11277039
 Singles      0.04559909   -0.08016430   -0.08358375
 Pairs        0.02274106   -0.00000003   -0.00427315
 Total        1.06850158   -0.08023146   -0.20062729
 +++++++++++++++++++++++++++++++++++++++++++++++++++


 Reference energy                     -54.47347939
 Nuclear energy                         6.38662151
 Kinetic energy                        56.85916688
 One electron energy                  -85.77263707
 Two electron energy                   24.71127851
 Virial quotient                       -0.96158175
 Correlation energy                    -0.20125766
 !MRCI STATE 1.4 Energy               -54.674737050122

 Properties without orbital relaxation:

 !MRCI STATE 1.4 Dipole moment          0.00000000     0.00000000     0.64846754
 Dipole moment /Debye                   0.00000000     0.00000000     1.64824008

 Cluster corrected energies           -54.68852352 (Davidson, fixed reference)
 Cluster corrected energies           -54.68848881 (Davidson, relaxed reference)
 Cluster corrected energies           -54.68852352 (Davidson, rotated reference)

 Cluster corrected energies           -54.68162222 (Pople, fixed reference)
 Cluster corrected energies           -54.68160492 (Pople, relaxed reference)
 Cluster corrected energies           -54.68162222 (Pople, rotated reference)



 RESULTS FOR STATE 2.4
 =====================

 Coefficient of reference function:   C(0) = 0.98073001 (fixed)   0.98207405 (relaxed)   0.98196427 (rotated)

 Energy contributions of configuration classes

 CLASS          SQ.NORM        ECORR1        ECORR2
 +++++++++++++++++++++++++++++++++++++++++++++++++++
 Internals    0.00022359   -0.00006613   -0.07905558
 Singles      0.02214001   -0.04401454   -0.04513072
 Pairs        0.01470772    0.00000004   -0.00178631
 Total        1.03707132   -0.04408063   -0.12597260
 +++++++++++++++++++++++++++++++++++++++++++++++++++


 Reference energy                     -54.17118558
 Nuclear energy                         6.38662151
 Kinetic energy                        56.39944570
 One electron energy                  -83.10118125
 Two electron energy                   22.41803192
 Virial quotient                       -0.96271386
 Correlation energy                    -0.12534223
 !MRCI STATE 2.4 Energy               -54.296527809550

 Properties without orbital relaxation:

 !MRCI STATE 2.4 Dipole moment          0.00000000     0.00000000    -1.42631432
 Dipole moment /Debye                   0.00000000     0.00000000    -3.62532940

 Cluster corrected energies           -54.30117441 (Davidson, fixed reference)
 Cluster corrected energies           -54.30114535 (Davidson, relaxed reference)
 Cluster corrected energies           -54.30117441 (Davidson, rotated reference)

 Cluster corrected energies           -54.29885031 (Pople, fixed reference)
 Cluster corrected energies           -54.29883580 (Pople, relaxed reference)
 Cluster corrected energies           -54.29885031 (Pople, rotated reference)



 RESULTS FOR STATE 3.4
 =====================

 Coefficient of reference function:   C(0) = 0.94054191 (fixed)   0.94054749 (relaxed)   0.94054191 (rotated)

 Energy contributions of configuration classes

 CLASS          SQ.NORM        ECORR1        ECORR2
 +++++++++++++++++++++++++++++++++++++++++++++++++++
 Internals    0.00001186    0.00000000   -0.00000154
 Singles      0.11135878   -0.05545884   -0.06347760
 Pairs        0.01905940   -0.09089689   -0.08287660
 Total        1.13043004   -0.14635573   -0.14635573
 +++++++++++++++++++++++++++++++++++++++++++++++++++


 Reference energy                     -54.04022939
 Nuclear energy                         6.38662151
 Kinetic energy                        56.29066408
 One electron energy                  -82.98046964
 Two electron energy                   22.40726300
 Virial quotient                       -0.96262117
 Correlation energy                    -0.14635573
 !MRCI STATE 3.4 Energy               -54.186585128850

 Properties without orbital relaxation:

 !MRCI STATE 3.4 Dipole moment          0.00000000     0.00000000    -0.99247046
 Dipole moment /Debye                   0.00000000     0.00000000    -2.52260830

 Cluster corrected energies           -54.20567431 (Davidson, fixed reference)
 Cluster corrected energies           -54.20567235 (Davidson, relaxed reference)
 Cluster corrected energies           -54.20567431 (Davidson, rotated reference)

 Cluster corrected energies           -54.19608947 (Pople, fixed reference)
 Cluster corrected energies           -54.19608850 (Pople, relaxed reference)
 Cluster corrected energies           -54.19608947 (Pople, rotated reference)


 !MRCI trans          <2.4|DMZ|1.4>    -0.198720881283 au =    -0.505098099151 Debye

 !MRCI trans          <3.4|DMZ|1.4>     0.000002589911 au =     0.000006582898 Debye

 !MRCI trans          <3.4|DMZ|2.4>    -0.000022022440 au =    -0.000055975458 Debye


 **********************************************************************************************************************************
 DATASETS  * FILE   NREC   LENGTH (MB)   RECORD NAMES
              1      20      265.67       500      610      701      900      950      970     1000      129      960     1100   
                                          VAR    BASINP    GEOM    SYMINP    ZMAT    AOBASIS   BASIS     P2S    ABASIS      S 
                                         1400     1410     1200     1210     1080     1600     1650     1300     1700     1380   
                                           T        V       H0       H01     AOSYM     SMH    MOLCAS    ERIS     OPER     JKOP   

              2       8       17.69       500      610      700     1000      520     2100     2140      701   
                                          VAR    BASINP    GEOM     BASIS   MCVARS     RHF     MCSCF    GEOM   

 PROGRAMS   *        TOTAL        CI     MULTI       INT        CI     MULTI       INT        CI     MULTI       INT        CI
 CPU TIMES  *       194.43     14.60      1.30      8.91     14.51      1.31      8.94     14.50      1.31      8.90     14.25
 REAL TIME  *       208.53 SEC
 DISK USED  *       799.03 MB
 **********************************************************************************************************************************
 SETTING E1(8)          =       -54.67473705  AU                              
 SETTING E2(8)          =       -54.29652781  AU                              
 SETTING E3(8)          =       -54.18658513  AU                              

 DO I                   =         9.00000000   


 Using spherical harmonics

 Library entry N      S aug-cc-pV5Z          selected for orbital group  1
 Library entry N      P aug-cc-pV5Z          selected for orbital group  1
 Library entry N      D aug-cc-pV5Z          selected for orbital group  1
 Library entry N      F aug-cc-pV5Z          selected for orbital group  1
 Library entry N      G aug-cc-pV5Z          selected for orbital group  1
 Library entry N      H aug-cc-pV5Z          selected for orbital group  1
 Library entry H      S aug-cc-pV5Z          selected for orbital group  2
 Library entry H      P aug-cc-pV5Z          selected for orbital group  2
 Library entry H      D aug-cc-pV5Z          selected for orbital group  2
 Library entry H      F aug-cc-pV5Z          selected for orbital group  2
 Library entry H      G aug-cc-pV5Z          selected for orbital group  2


 PROGRAM * SEWARD (Integral evaluation for generally contracted gaussian basis sets)     Author: Roland Lindh, 1990

 Geometry written to block  1 of record 701

 Orientation using atomic masses  
 Molecule type: Linear
 Symmetry elements: X,Y
 Rotational constants:    1713.9002871   1713.9002871      0.0000000 GHz  (calculated with average atomic masses)

 Point group  C2v 



 ATOMIC COORDINATES

 NR  ATOM    CHARGE       X              Y              Z

   1  N       7.00    0.000000000    0.000000000   -0.071040605
   2  H       1.00    0.000000000    0.000000000    0.987206025

 Bond lengths in Bohr (Angstrom)

 1-2  1.058246630
     ( 0.560000000)

 NUCLEAR CHARGE:                    8
 NUMBER OF PRIMITIVE AOS:         307
 NUMBER OF SYMMETRY AOS:          227
 NUMBER OF CONTRACTIONS:          207   (   77A1  +   50B1  +   50B2  +   30A2  )
 NUMBER OF INNER CORE ORBITALS:     0   (    0A1  +    0B1  +    0B2  +    0A2  )
 NUMBER OF OUTER CORE ORBITALS:     1   (    1A1  +    0B1  +    0B2  +    0A2  )
 NUMBER OF VALENCE ORBITALS:        5   (    3A1  +    1B1  +    1B2  +    0A2  )


 NUCLEAR REPULSION ENERGY    6.61471514

 EXTRA SYMMETRY OF AOS IN SYMMETRY 1:   1 1 1 1 1 1 1 1 1 1   1 1 1 1 2 1 2 1 2 1   2 1 2 1 2 1 2 1 2 1   2 1 3 2 1 3 2 1 3 2
                                        2 3 1 2 3 1 1 1 1 1   1 1 1 1 1 1 1 1 2 1   2 1 2 1 2 1 2 1 2 1   2 1 3 2 1 3 2
 EXTRA SYMMETRY OF AOS IN SYMMETRY 2:   1 1 1 1 1 1 1 1 1 1   1 1 2 1 2 1 2 1 2 1   2 1 2 1 2 1 2 3 1 2   3 1 1 1 1 1 1 1 1 1
                                        1 2 1 2 1 2 1 2 1 2
 EXTRA SYMMETRY OF AOS IN SYMMETRY 3:   1 1 1 1 1 1 1 1 1 1   1 1 2 1 2 1 2 1 2 1   2 1 2 1 2 1 2 3 1 2   3 1 1 1 1 1 1 1 1 1
                                        1 2 1 2 1 2 1 2 1 2
 EXTRA SYMMETRY OF AOS IN SYMMETRY 4:   1 1 1 1 1 1 1 1 1 1   2 1 2 1 2 2 1 2 1 1   1 1 1 1 1 1 1 2 1 2

 Eigenvalues of metric

         1 0.338E-05 0.207E-04 0.405E-04 0.749E-04 0.169E-03 0.171E-03 0.213E-03 0.424E-03
         2 0.265E-04 0.157E-03 0.641E-03 0.133E-02 0.262E-02 0.368E-02 0.513E-02 0.850E-02
         3 0.265E-04 0.157E-03 0.641E-03 0.133E-02 0.262E-02 0.368E-02 0.513E-02 0.850E-02
         4 0.424E-03 0.255E-02 0.983E-02 0.141E-01 0.280E-01 0.596E-01 0.897E-01 0.902E-01


 Contracted 2-electron integrals neglected if value below      1.0D-12
 AO integral compression algorithm  1   Integral accuracy      1.0D-12

     302.252 MB (compressed) written to integral file ( 53.6%)


 NUMBER OF SORTED TWO-ELECTRON INTEGRALS:   59167011.     BUFFER LENGTH:  32768
 NUMBER OF SEGMENTS:   4  SEGMENT LENGTH:   15999984      RECORD LENGTH: 524288

 Memory used in sort:      16.56 MW

 SORT1 READ    70490039. AND WROTE    39593864. INTEGRALS IN    116 RECORDS. CPU TIME:     0.80 SEC, REAL TIME:     0.96 SEC
 SORT2 READ    39593864. AND WROTE    59167011. INTEGRALS IN   1153 RECORDS. CPU TIME:     0.75 SEC, REAL TIME:     0.86 SEC

 FILE SIZES:   FILE 1:   333.2 MBYTE,  FILE 4:   486.6 MBYTE,   TOTAL:    819.7 MBYTE

 OPERATOR DM      FOR CENTER  0  COORDINATES:    0.000000    0.000000    0.000000


 **********************************************************************************************************************************
 DATASETS  * FILE   NREC   LENGTH (MB)   RECORD NAMES
              1      19      263.23       500      610      701      900      950      970     1000      129      960     1100   
                                          VAR    BASINP    GEOM    SYMINP    ZMAT    AOBASIS   BASIS     P2S    ABASIS      S 
                                         1400     1410     1200     1210     1080     1600     1650     1300     1700   
                                           T        V       H0       H01     AOSYM     SMH    MOLCAS    ERIS     OPER   

              2       8       17.69       500      610      700     1000      520     2100     2140      701   
                                          VAR    BASINP    GEOM     BASIS   MCVARS     RHF     MCSCF    GEOM   

 PROGRAMS   *        TOTAL       INT        CI     MULTI       INT        CI     MULTI       INT        CI     MULTI       INT
 CPU TIMES  *       203.34      8.90     14.60      1.30      8.91     14.51      1.31      8.94     14.50      1.31      8.90
 REAL TIME  *       217.87 SEC
 DISK USED  *       799.53 MB
 **********************************************************************************************************************************

 PROGRAM * MULTI (Direct Multiconfiguration SCF)       Authors: P.J. Knowles, H.-J. Werner (1984)
                                                                D.A. Kreplin, P.J. Knowles, H.-J. Werner (2019)

 Number of closed-shell orbitals:   1 (   1   0   0   0 )
 Number of active  orbitals:        5 (   3   1   1   0 )
 Number of external orbitals:     201 (  73  49  49  30 )

 State symmetry 1

 Number of active electrons:   6    Spin symmetry=Triplet   Space symmetry=4
 Number of states:             4
 Number of CSFs:              12   (15 determinants, 50 intermediate states)

 Molecular orbitals read from record     2140.2  Type=MCSCF/NATURAL (state averaged)

 EXTRA SYMMETRY OF MOS IN SYMMETRY 1:   1 1 1 1 1 1 1 2 1 1   1 1 2 1 2 1 1 1 2 1   2 1 1 1 2 3 1 2 1 2   1 2 1 3 1 1 2 1 1 2
                                        1 2 3 1 2 3 1 1 2 1   1 2 1 2 1 1 2 3 1 2   1 3 2 1 3 1 2 1 2 1   2 1 2 1 1 1 1
 EXTRA SYMMETRY OF MOS IN SYMMETRY 2:   1 1 1 1 1 1 2 1 1 1   2 1 1 1 2 1 1 2 1 2   1 1 1 3 2 1 2 1 2 1   1 2 1 1 1 2 3 1 1 2
                                        1 2 2 1 1 1 2 1 1 1
 EXTRA SYMMETRY OF MOS IN SYMMETRY 3:   1 1 1 1 1 1 2 1 1 1   2 1 1 1 2 1 1 2 1 2   1 1 1 3 2 1 2 1 2 1   1 2 1 1 1 2 3 1 1 2
                                        1 2 2 1 1 1 2 1 1 1
 EXTRA SYMMETRY OF MOS IN SYMMETRY 4:   1 1 1 1 1 1 2 1 1 1   2 1 1 1 2 1 2 1 1 1   1 2 1 2 1 2 1 1 1 1

 Wavefunction dump at record             2140.2

 Convergence thresholds  0.10E-04 (gradient)  0.10E-05 (energy)

 Weight factors for state symmetry  1:    0.25000   0.25000   0.25000   0.25000
 
 Number of orbital rotations:  393  ( 3 closed/active, 73 closed/virtual, 0 active/active, 317 active/virtual )
 Total number of variables:    453
 
  Second-order MCSCF: L-BFGS accelerated
 
 ITER  MIC  NCI  NEG     ENERGY(VAR)    ENERGY(PROJ) ENERGY CHANGE       GRAD(0)  GRAD(ORB)   GRAD(CI)      STEP      TIME
   1    7    4    0    -54.09179516     -54.09214651   -0.00035135    0.07643932 0.00000240 0.00000000  0.87E-02      0.38
   2    9    6    0    -54.09214614     -54.09214614   -0.00000000    0.00009183 0.00000000 0.00000000  0.52E-04      0.76
   3    3    2    0    -54.09214614     -54.09214614    0.00000000    0.00000000 0.00000000 0.00000000  0.56E-09      1.11

 CONVERGENCE REACHED!  Final gradient:    0.00000000 ( 0.59E-11)
                       Final energy:    -54.09214614
 
 Results for state 1.4
 =====================
 !MCSCF STATE 1.4 Energy                       -54.396981278214
 Nuclear energy                                  6.61471514
 Kinetic energy                                 57.76943596
 One electron energy                           -86.94568166
 Two electron energy                            25.93398524
 Virial ratio                                    1.94162216
 
 !MCSCF STATE 1.4 Dipole moment                  0.00000000     0.00000000     0.74277309
 Dipole moment /Debye                            0.00000000     0.00000000     1.88794088
 
 Results for state 2.4
 =====================
 !MCSCF STATE 2.4 Energy                       -54.091808973552
 Nuclear energy                                  6.61471514
 Kinetic energy                                 56.07756951
 One electron energy                           -83.18103131
 Two electron energy                            22.47450720
 Virial ratio                                    1.96458904
 
 !MCSCF STATE 2.4 Dipole moment                  0.00000000     0.00000000    -1.38932210
 Dipole moment /Debye                            0.00000000     0.00000000    -3.53130454
 
 Results for state 3.4
 =====================
 !MCSCF STATE 3.4 Energy                       -53.960969430228
 Nuclear energy                                  6.61471514
 Kinetic energy                                 55.98518702
 One electron energy                           -83.06779529
 Two electron energy                            22.49211072
 Virial ratio                                    1.96384369
 
 !MCSCF STATE 3.4 Dipole moment                  0.00000000     0.00000000    -1.32871054
 Dipole moment /Debye                            0.00000000     0.00000000    -3.37724534
 
 Results for state 4.4
 =====================
 !MCSCF STATE 4.4 Energy                       -53.918824866308
 Nuclear energy                                  6.61471514
 Kinetic energy                                 55.97625782
 One electron energy                           -83.00893534
 Two electron energy                            22.47539534
 Virial ratio                                    1.96324454
 
 !MCSCF STATE 4.4 Dipole moment                  0.00000000     0.00000000    -1.21566462
 Dipole moment /Debye                            0.00000000     0.00000000    -3.08991126
 
 State-averaged charge density matrix saved on record 2140.2 (density set 1)
 
 Expectation values: (only non-zero values are shown)
 
 !MCSCF expec                       <1.4|DMZ|1.4>     0.742773088653 au =     1.887940878467 Debye
 !MCSCF expec                       <2.4|DMZ|2.4>    -1.389322097141 au =    -3.531304540539 Debye
 !MCSCF expec                       <3.4|DMZ|3.4>    -1.328710542700 au =    -3.377245335804 Debye
 !MCSCF expec                       <4.4|DMZ|4.4>    -1.215664619194 au =    -3.089911258424 Debye
 
 Transition values: (only non-zero values with the ground state are shown)
 
 !MCSCF trans                       <1.4|DMZ|2.4>     0.076943350358 au =     0.195570489408 Debye
 !MCSCF trans                       <1.4|DMZ|4.4>     0.081653761859 au =     0.207543161228 Debye
 

 EXTRA SYMMETRY OF MOS IN SYMMETRY 1:   1 1 1 1 1 1 1 2 1 1   1 1 2 1 2 1 1 1 2 1   2 1 1 1 2 3 1 2 1 2   1 2 1 3 1 1 2 1 1 2
                                        1 2 3 1 2 3 1 1 2 1   1 2 1 2 1 1 2 3 1 2   1 3 1 2 3 1 2 1 2 1   2 1 2 1 1 1 1
 EXTRA SYMMETRY OF MOS IN SYMMETRY 2:   1 1 1 1 1 1 2 1 1 1   2 1 1 1 2 1 1 2 1 2   1 1 1 3 2 2 1 1 2 1   1 2 1 1 1 2 3 1 1 2
                                        1 2 2 1 1 1 2 1 1 1
 EXTRA SYMMETRY OF MOS IN SYMMETRY 3:   1 1 1 1 1 1 2 1 1 1   2 1 1 1 2 1 1 2 1 2   1 1 1 3 2 2 1 1 2 1   1 2 1 1 1 2 3 1 1 2
                                        1 2 2 1 1 1 2 1 1 1
 
 Natural orbital dump (state averaged) at molpro section 2140.2 (Orbital set 2)
 
 Reoptimze the CI vectors with natural orbitals 
 
 CI Coefficients of symmetry 4
 =============================
 
 220 a a        0.99320229      0.10854025      0.00000000     -0.02425426
 2ab a a       -0.09145233      0.85806965     -0.00000000     -0.00248832
 2ba a a        0.05034358     -0.28151801      0.00000000      0.81307597
 2aa a b        0.02055438     -0.28827582     -0.70697540     -0.40529383
 2aa b a        0.02055438     -0.28827582      0.70697540     -0.40529383
 b2a a a       -0.01461545      0.02119537      0.00000000      0.08052531
 a2b a a        0.03646966     -0.06711160      0.00000000     -0.00181633
 
 Energy:      -54.39698128    -54.09180897    -53.96096943    -53.91882487
 


 **********************************************************************************************************************************
 DATASETS  * FILE   NREC   LENGTH (MB)   RECORD NAMES
              1      20      266.15       500      610      701      900      950      970     1000      129      960     1100   
                                          VAR    BASINP    GEOM    SYMINP    ZMAT    AOBASIS   BASIS     P2S    ABASIS      S 
                                         1400     1410     1200     1210     1080     1600     1650     1300     1700     1380   
                                           T        V       H0       H01     AOSYM     SMH    MOLCAS    ERIS     OPER     JKOP   

              2       8       17.69       500      610      700     1000      520     2100     2140      701   
                                          VAR    BASINP    GEOM     BASIS   MCVARS     RHF     MCSCF    GEOM   

 PROGRAMS   *        TOTAL     MULTI       INT        CI     MULTI       INT        CI     MULTI       INT        CI     MULTI
 CPU TIMES  *       204.65      1.31      8.90     14.60      1.30      8.91     14.51      1.31      8.94     14.50      1.31
 REAL TIME  *       219.34 SEC
 DISK USED  *       799.53 MB
 **********************************************************************************************************************************


 PROGRAM * CI (Multireference internally contracted CI)     Authors: H.-J. Werner, P.J. Knowles, 1987


 Convergence thresholds:  THRVAR = 1.00D-08  THRDEN = 1.00D-06

 Number of optimized states: 3  Roots:    1   2   3
 Number of reference states: 3  Roots:    1   2   3

 Program parameters:       NSTATE=  3    NSTATI=  5    NSTATR=  3    NCEPA = -1    NOKOP =  0    ITRDM =  0    ITRANS=  0
                           IDIP  =200    MAXIT =250    MAXITI=250    MAXDAV=  9    MAXVI = 15    NOSING=  0    NOPAIR=  0
                           MXSHRF=  4    IKCPS =  0    IOPTGM=  2    IOPTOR=  0    REFOPT=  1    IAVDEN=  0    IDELCG=  1
                           IREST =  0    NATORB=  0    IPUNRF=  0    ISEP  =  0    OLDDEN=  0    NSTPRI=  1    GPSFLI= -1
                           CLUSTE=  0    CLOSED=  1    ILSTYP=  0    ITRLS =  0    ICCSD =  0    LOCAL =  0    IBASO =  0
                           MP    =  0    ITEDIS=  2    INCDIS=  1    MAXDIS=  6    ITYDIS=  1    BRUECK=  0    IBRSTR=  3
                           INCBRK=  1    TRIPLE=  0    ICCTYP=  2    IHPPD =  0    ICCNEW=  0    I3EXT = -1    IDEB  =  0
                           IDLEIG=  1    IDFTYP=  1    IMP3  =  0    IPROCS=  0    NOINT =  0    NOREF =  1    IMP2G =  0
                           IHINT =  0    IFDIA =  0    ISPARO=  1    JKSYM =  0    CPHF  =  0    MP2D  = -1    DKINT =  0
                           NPKEX =  1    DRVK  =  1    HLSTRA=  1    WIGNER=  1    DIIS_C=  1    MAXIT_= 50    MATEL =  0
                           SPDEG =  1    MEMCPH=  0    DISM  =  1    KDCPMA=  5    IKDCP_=  0    IREDTH=  0    USECS =  0
                           IPROCC=  0    I3SAVE=  1    IKDCP =  1    USECI =  0    OLDPAI=  0    IPROCI=  0    KEEPCL=  1
                           DISCON=  0    SHIFTE=  0    DIISIN=  0    MOLCAS=  0    MEM_PT=  0    RECORD=  0    RS2C  =  0
                           KEXT  = -1    CIPT2 =  0    DECP0S=  0    I4EXT = -1    NATCOR=  0    RIMP2 =  0    DDCI  = -1
                           IPOLAR=  0

 Reference symmetry:                   4   Triplet 
 Number of electrons:                  8
 Maximum number of shells:             3
 Maximum number of spin couplings:     9

 Reference space:        6 conf       12 CSFs
 N elec internal:       35 conf       45 CSFs
 N-1 el internal:       48 conf       96 CSFs
 N-2 el internal:       26 conf      102 CSFs

 Number of electrons in valence space:                      6
 Maximum number of open shell orbitals in reference space:  4
 Maximum number of open shell orbitals in internal spaces:  6


 Number of core orbitals:           1 (   1   0   0   0 )
 Number of active  orbitals:        5 (   3   1   1   0 )
 Number of external orbitals:     201 (  73  49  49  30 )

 Molecular orbitals read from record     2140.2  Type=MCSCF/NATURAL (state averaged)

 Valence orbitals related to previous ones by unitary transformation. Operators transformed.


 Number of p-space configurations:   5

 Reference wavefunction optimized for reference space (refopt=1)

 State     Reference Energy 
     1       -54.39698128
     2       -54.09180897
     3       -53.96096943
     4       -53.91882487
     5       -53.45789702

 Number of blocks in overlap matrix:    13   Smallest eigenvalue:  0.41D-04
 Number of N-2 electron functions:      58
 Number of N-1 electron functions:      96

 Number of internal configurations:                   12
 Number of singly external configurations:          4953
 Number of doubly external configurations:        301498
 Total number of contracted configurations:       306463
 Total number of uncontracted configurations:     529947

 Diagonal Coupling coefficients finished.               Storage:    8011 words, CPU-Time:      0.00 seconds.
 Energy denominators for pairs finished in 1 passes.    Storage:  126793 words, CPU-time:      0.01 seconds.

  ITER. STATE  ROOT     SQ.NORM     CORR.ENERGY   TOTAL ENERGY   ENERGY CHANGE       DEN1      VAR(S)    VAR(P)      TIME
    1     1     1     1.00000000     0.00000000   -54.39698128    -0.00000000    -0.21608909  0.68D-01  0.18D-01     0.17
    1     2     2     1.00000000     0.00000000   -54.09180897     0.00000000    -0.11998302  0.23D-01  0.11D-01     0.17
    1     3     3     1.00000000     0.00000000   -53.96096943    -0.00000000    -0.14011127  0.25D-01  0.14D-01     0.17
    2     1     1     1.06665754    -0.19089022   -54.58787149    -0.19089022    -0.00831997  0.15D-02  0.10D-02     1.40
    2     2     2     1.03431273    -0.12324895   -54.21505792    -0.12324895    -0.00206589  0.39D-03  0.28D-03     1.40
    2     3     3     1.03946013    -0.14139559   -54.10236502    -0.14139559    -0.00283264  0.58D-03  0.37D-03     1.40
    3     1     1     1.06580991    -0.20000697   -54.59698825    -0.00911675    -0.00047888  0.47D-04  0.70D-04     2.65
    3     2     2     1.03527081    -0.12566361   -54.21747258    -0.00241466    -0.00015612  0.32D-04  0.28D-04     2.65
    3     3     3     1.04347838    -0.14471878   -54.10568821    -0.00332318    -0.00030610  0.38D-03  0.36D-04     2.65
    4     1     1     1.06740094    -0.20065781   -54.59763909    -0.00065084    -0.00004372  0.38D-05  0.67D-05     3.88
    4     2     2     1.03642176    -0.12590278   -54.21771175    -0.00023917    -0.00003191  0.63D-05  0.55D-05     3.88
    4     3     3     1.05405054    -0.14536152   -54.10633095    -0.00064274    -0.00017606  0.16D-03  0.21D-04     3.88
    5     1     1     1.06799425    -0.20071846   -54.59769974    -0.00006065    -0.00000475  0.44D-06  0.75D-06     5.11
    5     2     2     1.03659111    -0.12594496   -54.21775393    -0.00004218    -0.00000677  0.11D-05  0.12D-05     5.11
    5     3     3     1.06902738    -0.14579119   -54.10676062    -0.00042967    -0.00015097  0.10D-03  0.18D-04     5.11
    6     1     1     1.06794942    -0.20072490   -54.59770618    -0.00000644    -0.00000068  0.47D-07  0.10D-06     6.33
    6     2     2     1.03658257    -0.12595298   -54.21776196    -0.00000803    -0.00000139  0.42D-06  0.24D-06     6.33
    6     3     3     1.07744194    -0.14604109   -54.10701052    -0.00024991    -0.00008324  0.98D-04  0.78D-05     6.33
    7     1     1     1.06797387    -0.20072576   -54.59770704    -0.00000086    -0.00000010  0.69D-08  0.15D-07     7.55
    7     2     2     1.03664945    -0.12595466   -54.21776363    -0.00000167    -0.00000034  0.10D-06  0.58D-07     7.55
    7     3     3     1.08576904    -0.14617039   -54.10713982    -0.00012930    -0.00004745  0.37D-04  0.51D-05     7.55
    8     1     1     1.06798269    -0.20072589   -54.59770717    -0.00000013    -0.00000002  0.14D-08  0.29D-08     8.78
    8     2     2     1.03667975    -0.12595509   -54.21776406    -0.00000043    -0.00000010  0.23D-07  0.20D-07     8.78
    8     3     3     1.09388324    -0.14625874   -54.10722817    -0.00008835    -0.00003829  0.31D-04  0.40D-05     8.78
    9     1     1     1.06798322    -0.20072589   -54.59770717    -0.00000000    -0.00000002  0.14D-08  0.29D-08     9.73
    9     2     2     1.03669383    -0.12595520   -54.21776418    -0.00000012    -0.00000003  0.95D-08  0.55D-08     9.73
    9     3     3     1.12703317    -0.14640125   -54.10737068    -0.00014251    -0.00002736  0.38D-05  0.50D-05     9.73
   10     1     1     1.06798405    -0.20072589   -54.59770717    -0.00000000    -0.00000002  0.14D-08  0.29D-08    10.68
   10     2     2     1.03671240    -0.12595524   -54.21776422    -0.00000004    -0.00000000  0.90D-09  0.76D-09    10.68
   10     3     3     1.12946835    -0.14642907   -54.10739850    -0.00002782    -0.00000355  0.17D-05  0.63D-06    10.68
   11     1     1     1.06798405    -0.20072589   -54.59770717    -0.00000000    -0.00000002  0.14D-08  0.29D-08    11.36
   11     2     2     1.03671240    -0.12595524   -54.21776422    -0.00000000    -0.00000000  0.90D-09  0.76D-09    11.36
   11     3     3     1.13278459    -0.14643467   -54.10740410    -0.00000560    -0.00000191  0.75D-06  0.36D-06    11.36
   12     1     1     1.06798405    -0.20072589   -54.59770717    -0.00000000    -0.00000002  0.14D-08  0.29D-08    12.04
   12     2     2     1.03671240    -0.12595524   -54.21776422    -0.00000000    -0.00000000  0.90D-09  0.76D-09    12.04
   12     3     3     1.13386907    -0.14643651   -54.10740594    -0.00000183    -0.00000038  0.22D-06  0.56D-07    12.04
   13     1     1     1.06798405    -0.20072589   -54.59770717     0.00000000    -0.00000002  0.14D-08  0.29D-08    12.72
   13     2     2     1.03671240    -0.12595524   -54.21776422     0.00000000    -0.00000000  0.90D-09  0.76D-09    12.72
   13     3     3     1.13634244    -0.14643759   -54.10740702    -0.00000109    -0.00000026  0.94D-07  0.53D-07    12.72
   14     1     1     1.06798405    -0.20072589   -54.59770717    -0.00000000    -0.00000002  0.14D-08  0.29D-08    13.40
   14     2     2     1.03671240    -0.12595524   -54.21776422    -0.00000000    -0.00000000  0.90D-09  0.76D-09    13.40
   14     3     3     1.13664594    -0.14643787   -54.10740730    -0.00000028    -0.00000009  0.73D-07  0.16D-07    13.40
   15     1     1     1.06798405    -0.20072589   -54.59770717    -0.00000000    -0.00000002  0.14D-08  0.29D-08    14.09
   15     2     2     1.03671240    -0.12595524   -54.21776422    -0.00000000    -0.00000000  0.90D-09  0.76D-09    14.09
   15     3     3     1.13751340    -0.14643808   -54.10740751    -0.00000021    -0.00000007  0.22D-07  0.12D-07    14.09
   16     1     1     1.06798405    -0.20072589   -54.59770717    -0.00000000    -0.00000002  0.14D-08  0.29D-08    14.76
   16     2     2     1.03671240    -0.12595524   -54.21776422     0.00000000    -0.00000000  0.90D-09  0.76D-09    14.76
   16     3     3     1.13833255    -0.14643819   -54.10740762    -0.00000012    -0.00000003  0.65D-08  0.60D-08    14.76
   17     1     1     1.06798405    -0.20072589   -54.59770717    -0.00000000    -0.00000002  0.14D-08  0.29D-08    15.44
   17     2     2     1.03671240    -0.12595524   -54.21776422    -0.00000000    -0.00000000  0.90D-09  0.76D-09    15.44
   17     3     3     1.13846870    -0.14643823   -54.10740766    -0.00000003    -0.00000001  0.29D-08  0.14D-08    15.44


 =====================================
 Analysis of CPU times by interactions
 =====================================

       I      S      P

 I   0.0%
 S   0.1%   0.3%
 P   0.2%   0.8%  26.6%

 Initialization:   1.0%
 Other:           70.9%

 Total CPU:       15.4 seconds
 =====================================



 gnormi=  0.93634357  gnorms=  0.04257396  gnormp=  0.02108247  gnorm=  1.00000000
 ecorri= -0.18794840  ecorrs= -0.00854221  ecorrp= -0.00423528  ecorr= -0.20072589

 gnormi=  0.96458767  gnorms=  0.02136488  gnormp=  0.01404745  gnorm=  1.00000000
 ecorri= -0.12149488  ecorrs= -0.00269083  ecorrp= -0.00176954  ecorr= -0.12595524

 gnormi=  0.87837286  gnorms=  0.10488445  gnormp=  0.01674270  gnorm=  1.00000000
 ecorri= -0.12862736  ecorrs= -0.01536221  ecorrp= -0.00244866  ecorr= -0.14643823

 Reference coefficients greater than 0.0500000
 =============================================
 220//           0.9650275   0.0551693  -0.0000001
 2/\//          -0.0622900   0.7963754  -0.0000010
 2///\           0.0117025  -0.3278821   0.7650551
 2//\/           0.0165498  -0.4636953  -0.5409777
 /2\//           0.0238327  -0.0523086  -0.0000001

 Coefficients of singly external configurations greater than 0.0500000
 =====================================================================

 220/0   2.3     0.0319213   0.0208145  -0.1851157
 2200/   2.2    -0.0319212  -0.0208148  -0.1851098
 220/0   3.3     0.0342837   0.0147594  -0.0650232
 2200/   3.2    -0.0342838  -0.0147595  -0.0650202

 Coefficients of fixed reference functions:
 ==========================================

 State      Coefficients
 1           0.966727    0.040724    0.000000
 2          -0.051192    0.980700   -0.000000
 3          -0.000000    0.000000    0.937210

 Coefficients of rotated reference functions:
 ============================================

 State      Coefficients
 1           0.967572   -0.004898    0.000000
 2          -0.004898    0.982023    0.000000
 3           0.000000    0.000000    0.937210


 RESULTS FOR STATE 1.4
 =====================

 Coefficient of reference function:   C(0) = 0.96672674 (fixed)   0.96764848 (relaxed)   0.96757174 (rotated)

 Energy contributions of configuration classes

 CLASS          SQ.NORM        ECORR1        ECORR2
 +++++++++++++++++++++++++++++++++++++++++++++++++++
 Internals    0.00015861   -0.00007276   -0.11278439
 Singles      0.04547552   -0.08028666   -0.08370619
 Pairs        0.02251931   -0.00000003   -0.00423531
 Total        1.06815344   -0.08035945   -0.20072589
 +++++++++++++++++++++++++++++++++++++++++++++++++++


 Reference energy                     -54.39630295
 Nuclear energy                         6.61471514
 Kinetic energy                        57.00265132
 One electron energy                  -86.03825921
 Two electron energy                   24.82583690
 Virial quotient                       -0.95780996
 Correlation energy                    -0.20140422
 !MRCI STATE 1.4 Energy               -54.597707170184

 Properties without orbital relaxation:

 !MRCI STATE 1.4 Dipole moment          0.00000000     0.00000000     0.64486284
 Dipole moment /Debye                   0.00000000     0.00000000     1.63907785

 Cluster corrected energies           -54.61143356 (Davidson, fixed reference)
 Cluster corrected energies           -54.61139944 (Davidson, relaxed reference)
 Cluster corrected energies           -54.61143356 (Davidson, rotated reference)

 Cluster corrected energies           -54.60456241 (Pople, fixed reference)
 Cluster corrected energies           -54.60454542 (Pople, relaxed reference)
 Cluster corrected energies           -54.60456241 (Pople, rotated reference)



 RESULTS FOR STATE 2.4
 =====================

 Coefficient of reference function:   C(0) = 0.98070005 (fixed)   0.98213424 (relaxed)   0.98202300 (rotated)

 Energy contributions of configuration classes

 CLASS          SQ.NORM        ECORR1        ECORR2
 +++++++++++++++++++++++++++++++++++++++++++++++++++
 Internals    0.00022658   -0.00007169   -0.07923461
 Singles      0.02215426   -0.04382165   -0.04495108
 Pairs        0.01456646   -0.00000002   -0.00176955
 Total        1.03694729   -0.04389335   -0.12595524
 +++++++++++++++++++++++++++++++++++++++++++++++++++


 Reference energy                     -54.09248730
 Nuclear energy                         6.61471514
 Kinetic energy                        56.54192382
 One electron energy                  -83.35129333
 Two electron energy                   22.51881397
 Virial quotient                       -0.95889493
 Correlation energy                    -0.12527692
 !MRCI STATE 2.4 Energy               -54.217764216982

 Properties without orbital relaxation:

 !MRCI STATE 2.4 Dipole moment          0.00000000     0.00000000    -1.41942946
 Dipole moment /Debye                   0.00000000     0.00000000    -3.60782983

 Cluster corrected energies           -54.22239286 (Davidson, fixed reference)
 Cluster corrected energies           -54.22236343 (Davidson, relaxed reference)
 Cluster corrected energies           -54.22239286 (Davidson, rotated reference)

 Cluster corrected energies           -54.22007775 (Pople, fixed reference)
 Cluster corrected energies           -54.22006305 (Pople, relaxed reference)
 Cluster corrected energies           -54.22007775 (Pople, rotated reference)



 RESULTS FOR STATE 3.4
 =====================

 Coefficient of reference function:   C(0) = 0.93720960 (fixed)   0.93721548 (relaxed)   0.93720960 (rotated)

 Energy contributions of configuration classes

 CLASS          SQ.NORM        ECORR1        ECORR2
 +++++++++++++++++++++++++++++++++++++++++++++++++++
 Internals    0.00001255    0.00000000   -0.00000161
 Singles      0.11940916   -0.05544416   -0.06406224
 Pairs        0.01906127   -0.09099407   -0.08237437
 Total        1.13848298   -0.14643823   -0.14643823
 +++++++++++++++++++++++++++++++++++++++++++++++++++


 Reference energy                     -53.96096943
 Nuclear energy                         6.61471514
 Kinetic energy                        56.43211047
 One electron energy                  -83.22946597
 Two electron energy                   22.50734318
 Virial quotient                       -0.95880532
 Correlation energy                    -0.14643823
 !MRCI STATE 3.4 Energy               -54.107407656594

 Properties without orbital relaxation:

 !MRCI STATE 3.4 Dipole moment          0.00000000     0.00000000    -0.97227965
 Dipole moment /Debye                   0.00000000     0.00000000    -2.47128837

 Cluster corrected energies           -54.12768686 (Davidson, fixed reference)
 Cluster corrected energies           -54.12768477 (Davidson, relaxed reference)
 Cluster corrected energies           -54.12768686 (Davidson, rotated reference)

 Cluster corrected energies           -54.11749910 (Pople, fixed reference)
 Cluster corrected energies           -54.11749807 (Pople, relaxed reference)
 Cluster corrected energies           -54.11749910 (Pople, rotated reference)


 !MRCI trans          <2.4|DMZ|1.4>    -0.185888270696 au =    -0.472480856451 Debye

 !MRCI trans          <3.4|DMZ|1.4>     0.000002444394 au =     0.000006213030 Debye

 !MRCI trans          <3.4|DMZ|2.4>    -0.000019024998 au =    -0.000048356723 Debye


 **********************************************************************************************************************************
 DATASETS  * FILE   NREC   LENGTH (MB)   RECORD NAMES
              1      20      266.15       500      610      701      900      950      970     1000      129      960     1100   
                                          VAR    BASINP    GEOM    SYMINP    ZMAT    AOBASIS   BASIS     P2S    ABASIS      S 
                                         1400     1410     1200     1210     1080     1600     1650     1300     1700     1380   
                                           T        V       H0       H01     AOSYM     SMH    MOLCAS    ERIS     OPER     JKOP   

              2       8       17.69       500      610      700     1000      520     2100     2140      701   
                                          VAR    BASINP    GEOM     BASIS   MCVARS     RHF     MCSCF    GEOM   

 PROGRAMS   *        TOTAL        CI     MULTI       INT        CI     MULTI       INT        CI     MULTI       INT        CI
 CPU TIMES  *       220.15     15.50      1.31      8.90     14.60      1.30      8.91     14.51      1.31      8.94     14.50
 REAL TIME  *       236.15 SEC
 DISK USED  *       799.53 MB
 **********************************************************************************************************************************
 SETTING E1(9)          =       -54.59770717  AU                              
 SETTING E2(9)          =       -54.21776422  AU                              
 SETTING E3(9)          =       -54.10740766  AU                              

 DO I                   =        10.00000000   


 Using spherical harmonics

 Library entry N      S aug-cc-pV5Z          selected for orbital group  1
 Library entry N      P aug-cc-pV5Z          selected for orbital group  1
 Library entry N      D aug-cc-pV5Z          selected for orbital group  1
 Library entry N      F aug-cc-pV5Z          selected for orbital group  1
 Library entry N      G aug-cc-pV5Z          selected for orbital group  1
 Library entry N      H aug-cc-pV5Z          selected for orbital group  1
 Library entry H      S aug-cc-pV5Z          selected for orbital group  2
 Library entry H      P aug-cc-pV5Z          selected for orbital group  2
 Library entry H      D aug-cc-pV5Z          selected for orbital group  2
 Library entry H      F aug-cc-pV5Z          selected for orbital group  2
 Library entry H      G aug-cc-pV5Z          selected for orbital group  2


 PROGRAM * SEWARD (Integral evaluation for generally contracted gaussian basis sets)     Author: Roland Lindh, 1990

 Geometry written to block  1 of record 701

 Orientation using atomic masses  
 Molecule type: Linear
 Symmetry elements: X,Y
 Rotational constants:    1843.2068931   1843.2068931      0.0000000 GHz  (calculated with average atomic masses)

 Point group  C2v 



 ATOMIC COORDINATES

 NR  ATOM    CHARGE       X              Y              Z

   1  N       7.00    0.000000000    0.000000000   -0.068503440
   2  H       1.00    0.000000000    0.000000000    0.951948667

 Bond lengths in Bohr (Angstrom)

 1-2  1.020452107
     ( 0.540000000)

 NUCLEAR CHARGE:                    8
 NUMBER OF PRIMITIVE AOS:         307
 NUMBER OF SYMMETRY AOS:          227
 NUMBER OF CONTRACTIONS:          207   (   77A1  +   50B1  +   50B2  +   30A2  )
 NUMBER OF INNER CORE ORBITALS:     0   (    0A1  +    0B1  +    0B2  +    0A2  )
 NUMBER OF OUTER CORE ORBITALS:     1   (    1A1  +    0B1  +    0B2  +    0A2  )
 NUMBER OF VALENCE ORBITALS:        5   (    3A1  +    1B1  +    1B2  +    0A2  )


 NUCLEAR REPULSION ENERGY    6.85970459

 EXTRA SYMMETRY OF AOS IN SYMMETRY 1:   1 1 1 1 1 1 1 1 1 1   1 1 1 1 2 1 2 1 2 1   2 1 2 1 2 1 2 1 2 1   2 1 3 2 1 3 2 1 3 2
                                        2 3 1 2 3 1 1 1 1 1   1 1 1 1 1 1 1 1 2 1   2 1 2 1 2 1 2 1 2 1   2 1 3 2 1 3 2
 EXTRA SYMMETRY OF AOS IN SYMMETRY 2:   1 1 1 1 1 1 1 1 1 1   1 1 2 1 2 1 2 1 2 1   2 1 2 1 2 1 2 3 1 2   3 1 1 1 1 1 1 1 1 1
                                        1 2 1 2 1 2 1 2 1 2
 EXTRA SYMMETRY OF AOS IN SYMMETRY 3:   1 1 1 1 1 1 1 1 1 1   1 1 2 1 2 1 2 1 2 1   2 1 2 1 2 1 2 3 1 2   3 1 1 1 1 1 1 1 1 1
                                        1 2 1 2 1 2 1 2 1 2
 EXTRA SYMMETRY OF AOS IN SYMMETRY 4:   1 1 1 1 1 1 1 1 1 1   2 1 2 1 2 2 1 2 1 1   1 1 1 1 1 1 1 2 1 2

 Eigenvalues of metric

         1 0.313E-05 0.193E-04 0.381E-04 0.729E-04 0.148E-03 0.158E-03 0.205E-03 0.377E-03
         2 0.236E-04 0.137E-03 0.575E-03 0.118E-02 0.239E-02 0.347E-02 0.459E-02 0.781E-02
         3 0.236E-04 0.137E-03 0.575E-03 0.118E-02 0.239E-02 0.347E-02 0.459E-02 0.781E-02
         4 0.377E-03 0.239E-02 0.940E-02 0.129E-01 0.250E-01 0.564E-01 0.833E-01 0.834E-01


 Contracted 2-electron integrals neglected if value below      1.0D-12
 AO integral compression algorithm  1   Integral accuracy      1.0D-12

     302.776 MB (compressed) written to integral file ( 53.7%)


 NUMBER OF SORTED TWO-ELECTRON INTEGRALS:   59167011.     BUFFER LENGTH:  32768
 NUMBER OF SEGMENTS:   4  SEGMENT LENGTH:   15999984      RECORD LENGTH: 524288

 Memory used in sort:      16.56 MW

 SORT1 READ    70490039. AND WROTE    39593861. INTEGRALS IN    116 RECORDS. CPU TIME:     0.79 SEC, REAL TIME:     0.95 SEC
 SORT2 READ    39593861. AND WROTE    59167011. INTEGRALS IN   1155 RECORDS. CPU TIME:     0.74 SEC, REAL TIME:     0.86 SEC

 FILE SIZES:   FILE 1:   333.7 MBYTE,  FILE 4:   486.6 MBYTE,   TOTAL:    820.3 MBYTE

 OPERATOR DM      FOR CENTER  0  COORDINATES:    0.000000    0.000000    0.000000


 **********************************************************************************************************************************
 DATASETS  * FILE   NREC   LENGTH (MB)   RECORD NAMES
              1      19      263.67       500      610      701      900      950      970     1000      129      960     1100   
                                          VAR    BASINP    GEOM    SYMINP    ZMAT    AOBASIS   BASIS     P2S    ABASIS      S 
                                         1400     1410     1200     1210     1080     1600     1650     1300     1700   
                                           T        V       H0       H01     AOSYM     SMH    MOLCAS    ERIS     OPER   

              2       8       17.69       500      610      700     1000      520     2100     2140      701   
                                          VAR    BASINP    GEOM     BASIS   MCVARS     RHF     MCSCF    GEOM   

 PROGRAMS   *        TOTAL       INT        CI     MULTI       INT        CI     MULTI       INT        CI     MULTI       INT
 CPU TIMES  *       229.06      8.91     15.50      1.31      8.90     14.60      1.30      8.91     14.51      1.31      8.94
 REAL TIME  *       245.51 SEC
 DISK USED  *       800.03 MB
 **********************************************************************************************************************************

 PROGRAM * MULTI (Direct Multiconfiguration SCF)       Authors: P.J. Knowles, H.-J. Werner (1984)
                                                                D.A. Kreplin, P.J. Knowles, H.-J. Werner (2019)

 Number of closed-shell orbitals:   1 (   1   0   0   0 )
 Number of active  orbitals:        5 (   3   1   1   0 )
 Number of external orbitals:     201 (  73  49  49  30 )

 State symmetry 1

 Number of active electrons:   6    Spin symmetry=Triplet   Space symmetry=4
 Number of states:             4
 Number of CSFs:              12   (15 determinants, 50 intermediate states)

 Molecular orbitals read from record     2140.2  Type=MCSCF/NATURAL (state averaged)

 EXTRA SYMMETRY OF MOS IN SYMMETRY 1:   1 1 1 1 1 1 1 2 1 1   1 1 2 1 2 1 1 1 2 1   2 1 1 1 2 3 1 2 1 2   1 2 1 3 1 1 2 1 1 2
                                        1 2 3 1 2 3 1 1 2 1   1 2 1 2 1 1 2 3 1 2   1 3 1 2 3 1 2 1 2 1   2 1 2 1 1 1 1
 EXTRA SYMMETRY OF MOS IN SYMMETRY 2:   1 1 1 1 1 1 2 1 1 1   2 1 1 1 2 1 1 2 1 2   1 1 1 3 2 2 1 1 2 1   1 2 1 1 1 2 3 1 1 2
                                        1 2 2 1 1 1 2 1 1 1
 EXTRA SYMMETRY OF MOS IN SYMMETRY 3:   1 1 1 1 1 1 2 1 1 1   2 1 1 1 2 1 1 2 1 2   1 1 1 3 2 2 1 1 2 1   1 2 1 1 1 2 3 1 1 2
                                        1 2 2 1 1 1 2 1 1 1
 EXTRA SYMMETRY OF MOS IN SYMMETRY 4:   1 1 1 1 1 1 2 1 1 1   2 1 1 1 2 1 2 1 1 1   1 2 1 2 1 2 1 1 1 1

 Wavefunction dump at record             2140.2

 Convergence thresholds  0.10E-04 (gradient)  0.10E-05 (energy)

 Weight factors for state symmetry  1:    0.25000   0.25000   0.25000   0.25000
 
 Number of orbital rotations:  393  ( 3 closed/active, 73 closed/virtual, 0 active/active, 317 active/virtual )
 Total number of variables:    453
 
  Second-order MCSCF: L-BFGS accelerated
 
 ITER  MIC  NCI  NEG     ENERGY(VAR)    ENERGY(PROJ) ENERGY CHANGE       GRAD(0)  GRAD(ORB)   GRAD(CI)      STEP      TIME
   1    5    4    0    -54.00155633     -54.00193764   -0.00038131    0.08230603 0.00000261 0.00000000  0.87E-02      0.37
   2    9    6    0    -54.00193724     -54.00193724   -0.00000000    0.00009660 0.00000000 0.00000000  0.57E-04      0.75
   3    3    2    0    -54.00193724     -54.00193724    0.00000000    0.00000000 0.00000000 0.00000000  0.70E-09      1.10

 CONVERGENCE REACHED!  Final gradient:    0.00000000 ( 0.45E-11)
                       Final energy:    -54.00193724
 
 Results for state 1.4
 =====================
 !MCSCF STATE 1.4 Energy                       -54.308629301951
 Nuclear energy                                  6.85970459
 Kinetic energy                                 57.92761170
 One electron energy                           -87.22087081
 Two electron energy                            26.05253692
 Virial ratio                                    1.93752578
 
 !MCSCF STATE 1.4 Dipole moment                  0.00000000     0.00000000     0.73318723
 Dipole moment /Debye                            0.00000000     0.00000000     1.86357605
 
 Results for state 2.4
 =====================
 !MCSCF STATE 2.4 Energy                       -54.001735399458
 Nuclear energy                                  6.85970459
 Kinetic energy                                 56.23378667
 One electron energy                           -83.44632628
 Two electron energy                            22.58488630
 Virial ratio                                    1.96030765
 
 !MCSCF STATE 2.4 Dipole moment                  0.00000000     0.00000000    -1.37555111
 Dipole moment /Debye                            0.00000000     0.00000000    -3.49630217
 
 Results for state 3.4
 =====================
 !MCSCF STATE 3.4 Energy                       -53.870378100081
 Nuclear energy                                  6.85970459
 Kinetic energy                                 56.13405973
 One electron energy                           -83.32507939
 Two electron energy                            22.59499671
 Virial ratio                                    1.95967365
 
 !MCSCF STATE 3.4 Dipole moment                  0.00000000     0.00000000    -1.31960175
 Dipole moment /Debye                            0.00000000     0.00000000    -3.35409309
 
 Results for state 4.4
 =====================
 !MCSCF STATE 4.4 Energy                       -53.827006175562
 Nuclear energy                                  6.85970459
 Kinetic energy                                 56.11990280
 One electron energy                           -83.26266252
 Two electron energy                            22.57595176
 Virial ratio                                    1.95914290
 
 !MCSCF STATE 4.4 Dipole moment                  0.00000000     0.00000000    -1.21078484
 Dipole moment /Debye                            0.00000000     0.00000000    -3.07750809
 
 State-averaged charge density matrix saved on record 2140.2 (density set 1)
 
 Expectation values: (only non-zero values are shown)
 
 !MCSCF expec                       <1.4|DMZ|1.4>     0.733187226958 au =     1.863576048312 Debye
 !MCSCF expec                       <2.4|DMZ|2.4>    -1.375551105207 au =    -3.496302170358 Debye
 !MCSCF expec                       <3.4|DMZ|3.4>    -1.319601747183 au =    -3.354093086923 Debye
 !MCSCF expec                       <4.4|DMZ|4.4>    -1.210784838674 au =    -3.077508093496 Debye
 
 Transition values: (only non-zero values with the ground state are shown)
 
 !MCSCF trans                       <1.4|DMZ|2.4>     0.090411893614 au =     0.229804111729 Debye
 !MCSCF trans                       <1.4|DMZ|4.4>     0.072153473659 au =     0.183395837202 Debye
 

 EXTRA SYMMETRY OF MOS IN SYMMETRY 1:   1 1 1 1 1 1 1 2 1 1   1 1 2 1 2 1 1 1 2 1   2 1 1 1 2 3 1 2 1 2   1 2 1 3 1 1 2 1 1 2
                                        1 2 3 1 2 3 1 1 2 1   1 2 1 2 1 1 2 3 1 2   1 3 1 2 3 1 2 1 2 1   2 1 1 2 1 1 1
 EXTRA SYMMETRY OF MOS IN SYMMETRY 2:   1 1 1 1 1 1 2 1 1 1   2 1 1 1 2 1 1 2 1 2   1 1 1 3 2 2 1 1 2 1   1 2 1 1 1 2 3 1 1 2
                                        1 2 1 2 1 1 2 1 1 1
 EXTRA SYMMETRY OF MOS IN SYMMETRY 3:   1 1 1 1 1 1 2 1 1 1   2 1 1 1 2 1 1 2 1 2   1 1 1 3 2 2 1 1 2 1   1 2 1 1 1 2 3 1 1 2
                                        1 2 1 2 1 1 2 1 1 1
 
 Natural orbital dump (state averaged) at molpro section 2140.2 (Orbital set 2)
 
 Reoptimze the CI vectors with natural orbitals 
 
 CI Coefficients of symmetry 4
 =============================
 
 220 a a        0.99271749      0.11268807      0.00000000     -0.02639471
 2ab a a       -0.09516215      0.85772703     -0.00000000     -0.00335868
 2ba a a        0.05321325     -0.28031956      0.00000000      0.81337048
 2aa a b        0.02097445     -0.28870374     -0.70697584     -0.40500590
 2aa b a        0.02097445     -0.28870374      0.70697584     -0.40500590
 b2a a a       -0.01435535      0.02094811      0.00000000      0.08008380
 a2b a a        0.03583889     -0.06639239      0.00000000     -0.00202900
 
 Energy:      -54.30862930    -54.00173540    -53.87037810    -53.82700618
 


 **********************************************************************************************************************************
 DATASETS  * FILE   NREC   LENGTH (MB)   RECORD NAMES
              1      20      266.58       500      610      701      900      950      970     1000      129      960     1100   
                                          VAR    BASINP    GEOM    SYMINP    ZMAT    AOBASIS   BASIS     P2S    ABASIS      S 
                                         1400     1410     1200     1210     1080     1600     1650     1300     1700     1380   
                                           T        V       H0       H01     AOSYM     SMH    MOLCAS    ERIS     OPER     JKOP   

              2       8       17.69       500      610      700     1000      520     2100     2140      701   
                                          VAR    BASINP    GEOM     BASIS   MCVARS     RHF     MCSCF    GEOM   

 PROGRAMS   *        TOTAL     MULTI       INT        CI     MULTI       INT        CI     MULTI       INT        CI     MULTI
 CPU TIMES  *       230.38      1.32      8.91     15.50      1.31      8.90     14.60      1.30      8.91     14.51      1.31
 REAL TIME  *       246.97 SEC
 DISK USED  *       800.03 MB
 **********************************************************************************************************************************


 PROGRAM * CI (Multireference internally contracted CI)     Authors: H.-J. Werner, P.J. Knowles, 1987


 Convergence thresholds:  THRVAR = 1.00D-08  THRDEN = 1.00D-06

 Number of optimized states: 3  Roots:    1   2   3
 Number of reference states: 3  Roots:    1   2   3

 Program parameters:       NSTATE=  3    NSTATI=  5    NSTATR=  3    NCEPA = -1    NOKOP =  0    ITRDM =  0    ITRANS=  0
                           IDIP  =200    MAXIT =250    MAXITI=250    MAXDAV=  9    MAXVI = 15    NOSING=  0    NOPAIR=  0
                           MXSHRF=  4    IKCPS =  0    IOPTGM=  2    IOPTOR=  0    REFOPT=  1    IAVDEN=  0    IDELCG=  1
                           IREST =  0    NATORB=  0    IPUNRF=  0    ISEP  =  0    OLDDEN=  0    NSTPRI=  1    GPSFLI= -1
                           CLUSTE=  0    CLOSED=  1    ILSTYP=  0    ITRLS =  0    ICCSD =  0    LOCAL =  0    IBASO =  0
                           MP    =  0    ITEDIS=  2    INCDIS=  1    MAXDIS=  6    ITYDIS=  1    BRUECK=  0    IBRSTR=  3
                           INCBRK=  1    TRIPLE=  0    ICCTYP=  2    IHPPD =  0    ICCNEW=  0    I3EXT = -1    IDEB  =  0
                           IDLEIG=  1    IDFTYP=  1    IMP3  =  0    IPROCS=  0    NOINT =  0    NOREF =  1    IMP2G =  0
                           IHINT =  0    IFDIA =  0    ISPARO=  1    JKSYM =  0    CPHF  =  0    MP2D  = -1    DKINT =  0
                           NPKEX =  1    DRVK  =  1    HLSTRA=  1    WIGNER=  1    DIIS_C=  1    MAXIT_= 50    MATEL =  0
                           SPDEG =  1    MEMCPH=  0    DISM  =  1    KDCPMA=  5    IKDCP_=  0    IREDTH=  0    USECS =  0
                           IPROCC=  0    I3SAVE=  1    IKDCP =  1    USECI =  0    OLDPAI=  0    IPROCI=  0    KEEPCL=  1
                           DISCON=  0    SHIFTE=  0    DIISIN=  0    MOLCAS=  0    MEM_PT=  0    RECORD=  0    RS2C  =  0
                           KEXT  = -1    CIPT2 =  0    DECP0S=  0    I4EXT = -1    NATCOR=  0    RIMP2 =  0    DDCI  = -1
                           IPOLAR=  0

 Reference symmetry:                   4   Triplet 
 Number of electrons:                  8
 Maximum number of shells:             3
 Maximum number of spin couplings:     9

 Reference space:        6 conf       12 CSFs
 N elec internal:       35 conf       45 CSFs
 N-1 el internal:       48 conf       96 CSFs
 N-2 el internal:       26 conf      102 CSFs

 Number of electrons in valence space:                      6
 Maximum number of open shell orbitals in reference space:  4
 Maximum number of open shell orbitals in internal spaces:  6


 Number of core orbitals:           1 (   1   0   0   0 )
 Number of active  orbitals:        5 (   3   1   1   0 )
 Number of external orbitals:     201 (  73  49  49  30 )

 Molecular orbitals read from record     2140.2  Type=MCSCF/NATURAL (state averaged)

 Valence orbitals related to previous ones by unitary transformation. Operators transformed.


 Number of p-space configurations:   5

 Reference wavefunction optimized for reference space (refopt=1)

 State     Reference Energy 
     1       -54.30862930
     2       -54.00173540
     3       -53.87037810
     4       -53.82700618
     5       -53.35912164

 Number of blocks in overlap matrix:    13   Smallest eigenvalue:  0.38D-04
 Number of N-2 electron functions:      58
 Number of N-1 electron functions:      96

 Number of internal configurations:                   12
 Number of singly external configurations:          4953
 Number of doubly external configurations:        301498
 Total number of contracted configurations:       306463
 Total number of uncontracted configurations:     529947

 Diagonal Coupling coefficients finished.               Storage:    8011 words, CPU-Time:      0.00 seconds.
 Energy denominators for pairs finished in 1 passes.    Storage:  126793 words, CPU-time:      0.00 seconds.

  ITER. STATE  ROOT     SQ.NORM     CORR.ENERGY   TOTAL ENERGY   ENERGY CHANGE       DEN1      VAR(S)    VAR(P)      TIME
    1     1     1     1.00000000     0.00000000   -54.30862930     0.00000000    -0.21589133  0.67D-01  0.18D-01     0.17
    1     2     2     1.00000000     0.00000000   -54.00173540     0.00000000    -0.12011944  0.23D-01  0.11D-01     0.17
    1     3     3     1.00000000     0.00000000   -53.87037810     0.00000000    -0.14002431  0.25D-01  0.14D-01     0.17
    2     1     1     1.06636070    -0.19101101   -54.49964032    -0.19101101    -0.00828116  0.15D-02  0.10D-02     1.38
    2     2     2     1.03415875    -0.12324713   -54.12498253    -0.12324713    -0.00207992  0.40D-03  0.28D-03     1.38
    2     3     3     1.03929831    -0.14140111   -54.01177921    -0.14140111    -0.00283238  0.59D-03  0.37D-03     1.38
    3     1     1     1.06547857    -0.20011589   -54.50874519    -0.00910488    -0.00048595  0.48D-04  0.70D-04     2.60
    3     2     2     1.03508051    -0.12567719   -54.12741259    -0.00243006    -0.00015888  0.33D-04  0.28D-04     2.60
    3     3     3     1.04341180    -0.14473548   -54.01511358    -0.00333437    -0.00031444  0.39D-03  0.36D-04     2.60
    4     1     1     1.06705760    -0.20078023   -54.50940954    -0.00066434    -0.00004487  0.38D-05  0.68D-05     3.85
    4     2     2     1.03627351    -0.12592272   -54.12765812    -0.00024553    -0.00003281  0.65D-05  0.55D-05     3.85
    4     3     3     1.05464400    -0.14540669   -54.01578479    -0.00067121    -0.00018741  0.17D-03  0.22D-04     3.85
    5     1     1     1.06765173    -0.20084264   -54.50947194    -0.00006241    -0.00000494  0.46D-06  0.77D-06     5.07
    5     2     2     1.03645288    -0.12596652   -54.12770192    -0.00004380    -0.00000693  0.12D-05  0.12D-05     5.07
    5     3     3     1.07077257    -0.14586603   -54.01624413    -0.00045935    -0.00016309  0.11D-03  0.19D-04     5.07
    6     1     1     1.06760536    -0.20084936   -54.50947867    -0.00000672    -0.00000072  0.49D-07  0.11D-06     6.30
    6     2     2     1.03644714    -0.12597479   -54.12771018    -0.00000826    -0.00000142  0.44D-06  0.25D-06     6.30
    6     3     3     1.07970222    -0.14613402   -54.01651212    -0.00026798    -0.00008870  0.11D-03  0.82D-05     6.30
    7     1     1     1.06763131    -0.20085028   -54.50947958    -0.00000091    -0.00000011  0.72D-08  0.16D-07     7.51
    7     2     2     1.03651964    -0.12597650   -54.12771190    -0.00000172    -0.00000035  0.10D-06  0.59D-07     7.51
    7     3     3     1.08871639    -0.14627279   -54.01665089    -0.00013877    -0.00005144  0.40D-04  0.55D-05     7.51
    8     1     1     1.06764053    -0.20085041   -54.50947971    -0.00000014    -0.00000002  0.15D-08  0.31D-08     8.75
    8     2     2     1.03655225    -0.12597695   -54.12771235    -0.00000045    -0.00000010  0.24D-07  0.20D-07     8.75
    8     3     3     1.09763875    -0.14636940   -54.01674750    -0.00009661    -0.00004214  0.34D-04  0.44D-05     8.75
    9     1     1     1.06764114    -0.20085041   -54.50947971    -0.00000000    -0.00000002  0.15D-08  0.31D-08     9.68
    9     2     2     1.03656714    -0.12597707   -54.12771247    -0.00000012    -0.00000003  0.97D-08  0.56D-08     9.68
    9     3     3     1.13452446    -0.14652720   -54.01690530    -0.00015780    -0.00002988  0.40D-05  0.54D-05     9.68
   10     1     1     1.06764210    -0.20085041   -54.50947971    -0.00000000    -0.00000002  0.16D-08  0.31D-08    10.63
   10     2     2     1.03658676    -0.12597711   -54.12771251    -0.00000004    -0.00000000  0.88D-09  0.77D-09    10.63
   10     3     3     1.13717708    -0.14655767   -54.01693577    -0.00003047    -0.00000376  0.18D-05  0.65D-06    10.63
   11     1     1     1.06764210    -0.20085041   -54.50947971    -0.00000000    -0.00000002  0.16D-08  0.31D-08    11.31
   11     2     2     1.03658676    -0.12597711   -54.12771251    -0.00000000    -0.00000000  0.88D-09  0.77D-09    11.31
   11     3     3     1.14085245    -0.14656375   -54.01694185    -0.00000608    -0.00000203  0.78D-06  0.38D-06    11.31
   12     1     1     1.06764210    -0.20085041   -54.50947971    -0.00000000    -0.00000002  0.16D-08  0.31D-08    11.99
   12     2     2     1.03658676    -0.12597711   -54.12771251     0.00000000    -0.00000000  0.88D-09  0.77D-09    11.99
   12     3     3     1.14202593    -0.14656570   -54.01694380    -0.00000195    -0.00000041  0.23D-06  0.60D-07    11.99
   13     1     1     1.06764210    -0.20085041   -54.50947971    -0.00000000    -0.00000002  0.16D-08  0.31D-08    12.68
   13     2     2     1.03658676    -0.12597711   -54.12771251    -0.00000000    -0.00000000  0.88D-09  0.77D-09    12.68
   13     3     3     1.14471780    -0.14656687   -54.01694497    -0.00000117    -0.00000028  0.10D-06  0.57D-07    12.68
   14     1     1     1.06764210    -0.20085041   -54.50947971     0.00000000    -0.00000002  0.16D-08  0.31D-08    13.35
   14     2     2     1.03658676    -0.12597711   -54.12771251    -0.00000000    -0.00000000  0.88D-09  0.77D-09    13.35
   14     3     3     1.14506125    -0.14656717   -54.01694527    -0.00000030    -0.00000010  0.79D-07  0.17D-07    13.35
   15     1     1     1.06764210    -0.20085041   -54.50947971    -0.00000000    -0.00000002  0.16D-08  0.31D-08    14.03
   15     2     2     1.03658676    -0.12597711   -54.12771251    -0.00000000    -0.00000000  0.88D-09  0.77D-09    14.03
   15     3     3     1.14606635    -0.14656740   -54.01694550    -0.00000023    -0.00000008  0.24D-07  0.14D-07    14.03
   16     1     1     1.06764210    -0.20085041   -54.50947971    -0.00000000    -0.00000002  0.16D-08  0.31D-08    14.71
   16     2     2     1.03658676    -0.12597711   -54.12771251    -0.00000000    -0.00000000  0.88D-09  0.77D-09    14.71
   16     3     3     1.14696203    -0.14656753   -54.01694563    -0.00000013    -0.00000003  0.69D-08  0.65D-08    14.71
   17     1     1     1.06764210    -0.20085041   -54.50947971    -0.00000000    -0.00000002  0.16D-08  0.31D-08    15.40
   17     2     2     1.03658676    -0.12597711   -54.12771251    -0.00000000    -0.00000000  0.88D-09  0.77D-09    15.40
   17     3     3     1.14711094    -0.14656756   -54.01694566    -0.00000004    -0.00000001  0.31D-08  0.15D-08    15.40


 =====================================
 Analysis of CPU times by interactions
 =====================================

       I      S      P

 I   0.1%
 S   0.1%   0.4%
 P   0.2%   0.8%  26.3%

 Initialization:   1.0%
 Other:           71.2%

 Total CPU:       15.4 seconds
 =====================================



 gnormi=  0.93664347  gnorms=  0.04246460  gnormp=  0.02089193  gnorm=  1.00000000
 ecorri= -0.18812523  ecorrs= -0.00852533  ecorrp= -0.00419986  ecorr= -0.20085041

 gnormi=  0.96470459  gnorms=  0.02137937  gnormp=  0.01391604  gnorm=  1.00000000
 ecorri= -0.12153069  ecorrs= -0.00269312  ecorrp= -0.00175329  ecorr= -0.12597711

 gnormi=  0.87175527  gnorms=  0.11161590  gnormp=  0.01662883  gnorm=  1.00000000
 ecorri= -0.12777105  ecorrs= -0.01636258  ecorrp= -0.00243394  ecorr= -0.14656756

 Reference coefficients greater than 0.0500000
 =============================================
 220//           0.9649679   0.0576875  -0.0000001
 2/\//          -0.0655833   0.7957619  -0.0000011
 2///\           0.0119304  -0.3283619   0.7621660
 2//\/           0.0168721  -0.4643738  -0.5389349
 /2\//           0.0235319  -0.0515745  -0.0000001

 Coefficients of singly external configurations greater than 0.0500000
 =====================================================================

 220/0   2.3     0.0317240   0.0215444  -0.1925448
 2200/   2.2    -0.0317239  -0.0215447  -0.1925384
 220/0   3.3     0.0346052   0.0156400  -0.0682042
 2200/   3.2    -0.0346053  -0.0156400  -0.0682010

 Coefficients of fixed reference functions:
 ==========================================

 State      Coefficients
 1           0.966831    0.041946    0.000000
 2          -0.052789    0.980674   -0.000000
 3          -0.000000    0.000000    0.933672

 Coefficients of rotated reference functions:
 ============================================

 State      Coefficients
 1           0.967728   -0.005079    0.000000
 2          -0.005079    0.982081    0.000000
 3           0.000000    0.000000    0.933672


 RESULTS FOR STATE 1.4
 =====================

 Coefficient of reference function:   C(0) = 0.96683138 (fixed)   0.96780342 (relaxed)   0.96772753 (rotated)

 Energy contributions of configuration classes

 CLASS          SQ.NORM        ECORR1        ECORR2
 +++++++++++++++++++++++++++++++++++++++++++++++++++
 Internals    0.00015685   -0.00007817   -0.11282723
 Singles      0.04534410   -0.08040389   -0.08382329
 Pairs        0.02230861   -0.00000003   -0.00419989
 Total        1.06780956   -0.08048209   -0.20085041
 +++++++++++++++++++++++++++++++++++++++++++++++++++


 Reference energy                     -54.30790482
 Nuclear energy                         6.85970459
 Kinetic energy                        57.15549142
 One electron energy                  -86.31337909
 Two electron energy                   24.94419479
 Virial quotient                       -0.95370503
 Correlation energy                    -0.20157489
 !MRCI STATE 1.4 Energy               -54.509479714001

 Properties without orbital relaxation:

 !MRCI STATE 1.4 Dipole moment          0.00000000     0.00000000     0.64073090
 Dipole moment /Debye                   0.00000000     0.00000000     1.62857549

 Cluster corrected energies           -54.52314842 (Davidson, fixed reference)
 Cluster corrected energies           -54.52311466 (Davidson, relaxed reference)
 Cluster corrected energies           -54.52314842 (Davidson, rotated reference)

 Cluster corrected energies           -54.51630623 (Pople, fixed reference)
 Cluster corrected energies           -54.51628941 (Pople, relaxed reference)
 Cluster corrected energies           -54.51630623 (Pople, rotated reference)



 RESULTS FOR STATE 2.4
 =====================

 Coefficient of reference function:   C(0) = 0.98067428 (fixed)   0.98219376 (relaxed)   0.98208094 (rotated)

 Energy contributions of configuration classes

 CLASS          SQ.NORM        ECORR1        ECORR2
 +++++++++++++++++++++++++++++++++++++++++++++++++++
 Internals    0.00022977   -0.00007703   -0.07943041
 Singles      0.02216667   -0.04365060   -0.04479339
 Pairs        0.01442850   -0.00000002   -0.00175331
 Total        1.03682494   -0.04372765   -0.12597711
 +++++++++++++++++++++++++++++++++++++++++++++++++++


 Reference energy                     -54.00245988
 Nuclear energy                         6.85970459
 Kinetic energy                        56.69394698
 One electron energy                  -83.61071254
 Two electron energy                   22.62329545
 Virial quotient                       -0.95473530
 Correlation energy                    -0.12525263
 !MRCI STATE 2.4 Energy               -54.127712508294

 Properties without orbital relaxation:

 !MRCI STATE 2.4 Dipole moment          0.00000000     0.00000000    -1.41258820
 Dipole moment /Debye                   0.00000000     0.00000000    -3.59044107

 Cluster corrected energies           -54.13232493 (Davidson, fixed reference)
 Cluster corrected energies           -54.13229510 (Davidson, relaxed reference)
 Cluster corrected energies           -54.13232493 (Davidson, rotated reference)

 Cluster corrected energies           -54.13001794 (Pople, fixed reference)
 Cluster corrected energies           -54.13000304 (Pople, relaxed reference)
 Cluster corrected energies           -54.13001794 (Pople, rotated reference)



 RESULTS FOR STATE 3.4
 =====================

 Coefficient of reference function:   C(0) = 0.93367212 (fixed)   0.93367835 (relaxed)   0.93367212 (rotated)

 Energy contributions of configuration classes

 CLASS          SQ.NORM        ECORR1        ECORR2
 +++++++++++++++++++++++++++++++++++++++++++++++++++
 Internals    0.00001334    0.00000000   -0.00000170
 Singles      0.12803753   -0.05546180   -0.06471105
 Pairs        0.01907537   -0.09110577   -0.08185481
 Total        1.14712624   -0.14656756   -0.14656756
 +++++++++++++++++++++++++++++++++++++++++++++++++++


 Reference energy                     -53.87037810
 Nuclear energy                         6.85970459
 Kinetic energy                        56.58317189
 One electron energy                  -83.48785004
 Two electron energy                   22.61119979
 Virial quotient                       -0.95464683
 Correlation energy                    -0.14656756
 !MRCI STATE 3.4 Energy               -54.016945664985

 Properties without orbital relaxation:

 !MRCI STATE 3.4 Dipole moment          0.00000000     0.00000000    -0.95227472
 Dipole moment /Debye                   0.00000000     0.00000000    -2.42044092

 Cluster corrected energies           -54.03850960 (Davidson, fixed reference)
 Cluster corrected energies           -54.03850736 (Davidson, relaxed reference)
 Cluster corrected energies           -54.03850960 (Davidson, rotated reference)

 Cluster corrected energies           -54.02766991 (Pople, fixed reference)
 Cluster corrected energies           -54.02766880 (Pople, relaxed reference)
 Cluster corrected energies           -54.02766991 (Pople, rotated reference)


 !MRCI trans          <2.4|DMZ|1.4>    -0.173524589932 au =    -0.441055514471 Debye

 !MRCI trans          <3.4|DMZ|1.4>     0.000002786690 au =     0.000007083060 Debye

 !MRCI trans          <3.4|DMZ|2.4>    -0.000020954472 au =    -0.000053260956 Debye


 **********************************************************************************************************************************
 DATASETS  * FILE   NREC   LENGTH (MB)   RECORD NAMES
              1      20      266.58       500      610      701      900      950      970     1000      129      960     1100   
                                          VAR    BASINP    GEOM    SYMINP    ZMAT    AOBASIS   BASIS     P2S    ABASIS      S 
                                         1400     1410     1200     1210     1080     1600     1650     1300     1700     1380   
                                           T        V       H0       H01     AOSYM     SMH    MOLCAS    ERIS     OPER     JKOP   

              2       8       17.69       500      610      700     1000      520     2100     2140      701   
                                          VAR    BASINP    GEOM     BASIS   MCVARS     RHF     MCSCF    GEOM   

 PROGRAMS   *        TOTAL        CI     MULTI       INT        CI     MULTI       INT        CI     MULTI       INT        CI
 CPU TIMES  *       245.83     15.45      1.32      8.91     15.50      1.31      8.90     14.60      1.30      8.91     14.51
 REAL TIME  *       263.70 SEC
 DISK USED  *       800.03 MB
 **********************************************************************************************************************************
 SETTING E1(10)         =       -54.50947971  AU                              
 SETTING E2(10)         =       -54.12771251  AU                              
 SETTING E3(10)         =       -54.01694566  AU                              

 DO I                   =        11.00000000   


 Using spherical harmonics

 Library entry N      S aug-cc-pV5Z          selected for orbital group  1
 Library entry N      P aug-cc-pV5Z          selected for orbital group  1
 Library entry N      D aug-cc-pV5Z          selected for orbital group  1
 Library entry N      F aug-cc-pV5Z          selected for orbital group  1
 Library entry N      G aug-cc-pV5Z          selected for orbital group  1
 Library entry N      H aug-cc-pV5Z          selected for orbital group  1
 Library entry H      S aug-cc-pV5Z          selected for orbital group  2
 Library entry H      P aug-cc-pV5Z          selected for orbital group  2
 Library entry H      D aug-cc-pV5Z          selected for orbital group  2
 Library entry H      F aug-cc-pV5Z          selected for orbital group  2
 Library entry H      G aug-cc-pV5Z          selected for orbital group  2


 PROGRAM * SEWARD (Integral evaluation for generally contracted gaussian basis sets)     Author: Roland Lindh, 1990

 Geometry written to block  1 of record 701

 Orientation using atomic masses  
 Molecule type: Linear
 Symmetry elements: X,Y
 Rotational constants:    1987.7186762   1987.7186762      0.0000000 GHz  (calculated with average atomic masses)

 Point group  C2v 



 ATOMIC COORDINATES

 NR  ATOM    CHARGE       X              Y              Z

   1  N       7.00    0.000000000    0.000000000   -0.065966276
   2  H       1.00    0.000000000    0.000000000    0.916691309

 Bond lengths in Bohr (Angstrom)

 1-2  0.982657585
     ( 0.520000000)

 NUCLEAR CHARGE:                    8
 NUMBER OF PRIMITIVE AOS:         307
 NUMBER OF SYMMETRY AOS:          227
 NUMBER OF CONTRACTIONS:          207   (   77A1  +   50B1  +   50B2  +   30A2  )
 NUMBER OF INNER CORE ORBITALS:     0   (    0A1  +    0B1  +    0B2  +    0A2  )
 NUMBER OF OUTER CORE ORBITALS:     1   (    1A1  +    0B1  +    0B2  +    0A2  )
 NUMBER OF VALENCE ORBITALS:        5   (    3A1  +    1B1  +    1B2  +    0A2  )


 NUCLEAR REPULSION ENERGY    7.12353938

 EXTRA SYMMETRY OF AOS IN SYMMETRY 1:   1 1 1 1 1 1 1 1 1 1   1 1 1 1 2 1 2 1 2 1   2 1 2 1 2 1 2 1 2 1   2 1 3 2 1 3 2 1 3 2
                                        2 3 1 2 3 1 1 1 1 1   1 1 1 1 1 1 1 1 2 1   2 1 2 1 2 1 2 1 2 1   2 1 3 2 1 3 2
 EXTRA SYMMETRY OF AOS IN SYMMETRY 2:   1 1 1 1 1 1 1 1 1 1   1 1 2 1 2 1 2 1 2 1   2 1 2 1 2 1 2 3 1 2   3 1 1 1 1 1 1 1 1 1
                                        1 2 1 2 1 2 1 2 1 2
 EXTRA SYMMETRY OF AOS IN SYMMETRY 3:   1 1 1 1 1 1 1 1 1 1   1 1 2 1 2 1 2 1 2 1   2 1 2 1 2 1 2 3 1 2   3 1 1 1 1 1 1 1 1 1
                                        1 2 1 2 1 2 1 2 1 2
 EXTRA SYMMETRY OF AOS IN SYMMETRY 4:   1 1 1 1 1 1 1 1 1 1   2 1 2 1 2 2 1 2 1 1   1 1 1 1 1 1 1 2 1 2

 Eigenvalues of metric

         1 0.294E-05 0.182E-04 0.357E-04 0.707E-04 0.131E-03 0.146E-03 0.195E-03 0.335E-03
         2 0.210E-04 0.120E-03 0.512E-03 0.105E-02 0.218E-02 0.325E-02 0.413E-02 0.714E-02
         3 0.210E-04 0.120E-03 0.512E-03 0.105E-02 0.218E-02 0.325E-02 0.413E-02 0.714E-02
         4 0.335E-03 0.223E-02 0.890E-02 0.119E-01 0.225E-01 0.531E-01 0.766E-01 0.774E-01


 Contracted 2-electron integrals neglected if value below      1.0D-12
 AO integral compression algorithm  1   Integral accuracy      1.0D-12

     303.301 MB (compressed) written to integral file ( 53.8%)


 NUMBER OF SORTED TWO-ELECTRON INTEGRALS:   59167011.     BUFFER LENGTH:  32768
 NUMBER OF SEGMENTS:   4  SEGMENT LENGTH:   15999984      RECORD LENGTH: 524288

 Memory used in sort:      16.56 MW

 SORT1 READ    70490039. AND WROTE    39593841. INTEGRALS IN    116 RECORDS. CPU TIME:     0.80 SEC, REAL TIME:     0.95 SEC
 SORT2 READ    39593841. AND WROTE    59167011. INTEGRALS IN   1157 RECORDS. CPU TIME:     0.74 SEC, REAL TIME:     0.86 SEC

 FILE SIZES:   FILE 1:   334.2 MBYTE,  FILE 4:   486.6 MBYTE,   TOTAL:    820.8 MBYTE

 OPERATOR DM      FOR CENTER  0  COORDINATES:    0.000000    0.000000    0.000000


 **********************************************************************************************************************************
 DATASETS  * FILE   NREC   LENGTH (MB)   RECORD NAMES
              1      19      264.03       500      610      701      900      950      970     1000      129      960     1100   
                                          VAR    BASINP    GEOM    SYMINP    ZMAT    AOBASIS   BASIS     P2S    ABASIS      S 
                                         1400     1410     1200     1210     1080     1600     1650     1300     1700   
                                           T        V       H0       H01     AOSYM     SMH    MOLCAS    ERIS     OPER   

              2       8       17.69       500      610      700     1000      520     2100     2140      701   
                                          VAR    BASINP    GEOM     BASIS   MCVARS     RHF     MCSCF    GEOM   

 PROGRAMS   *        TOTAL       INT        CI     MULTI       INT        CI     MULTI       INT        CI     MULTI       INT
 CPU TIMES  *       254.76      8.93     15.45      1.32      8.91     15.50      1.31      8.90     14.60      1.30      8.91
 REAL TIME  *       273.06 SEC
 DISK USED  *       800.53 MB
 **********************************************************************************************************************************

 PROGRAM * MULTI (Direct Multiconfiguration SCF)       Authors: P.J. Knowles, H.-J. Werner (1984)
                                                                D.A. Kreplin, P.J. Knowles, H.-J. Werner (2019)

 Number of closed-shell orbitals:   1 (   1   0   0   0 )
 Number of active  orbitals:        5 (   3   1   1   0 )
 Number of external orbitals:     201 (  73  49  49  30 )

 State symmetry 1

 Number of active electrons:   6    Spin symmetry=Triplet   Space symmetry=4
 Number of states:             4
 Number of CSFs:              12   (15 determinants, 50 intermediate states)

 Molecular orbitals read from record     2140.2  Type=MCSCF/NATURAL (state averaged)

 EXTRA SYMMETRY OF MOS IN SYMMETRY 1:   1 1 1 1 1 1 1 2 1 1   1 1 2 1 2 1 1 1 2 1   2 1 1 1 2 3 1 2 1 2   1 2 1 3 1 1 2 1 1 2
                                        1 2 3 1 2 3 1 1 2 1   1 2 1 2 1 1 2 3 1 2   1 3 1 2 3 1 2 1 2 1   2 1 1 2 1 1 1
 EXTRA SYMMETRY OF MOS IN SYMMETRY 2:   1 1 1 1 1 1 2 1 1 1   2 1 1 1 2 1 1 2 1 2   1 1 1 3 2 2 1 1 2 1   1 2 1 1 1 2 3 1 1 2
                                        1 2 1 2 1 1 2 1 1 1
 EXTRA SYMMETRY OF MOS IN SYMMETRY 3:   1 1 1 1 1 1 2 1 1 1   2 1 1 1 2 1 1 2 1 2   1 1 1 3 2 2 1 1 2 1   1 2 1 1 1 2 3 1 1 2
                                        1 2 1 2 1 1 2 1 1 1
 EXTRA SYMMETRY OF MOS IN SYMMETRY 4:   1 1 1 1 1 1 2 1 1 1   2 1 1 1 2 1 2 1 1 1   1 2 1 2 1 2 1 1 1 1

 Wavefunction dump at record             2140.2

 Convergence thresholds  0.10E-04 (gradient)  0.10E-05 (energy)

 Weight factors for state symmetry  1:    0.25000   0.25000   0.25000   0.25000
 
 Number of orbital rotations:  393  ( 3 closed/active, 73 closed/virtual, 0 active/active, 317 active/virtual )
 Total number of variables:    453
 
  Second-order MCSCF: L-BFGS accelerated
 
 ITER  MIC  NCI  NEG     ENERGY(VAR)    ENERGY(PROJ) ENERGY CHANGE       GRAD(0)  GRAD(ORB)   GRAD(CI)      STEP      TIME
   1    6    3    0    -53.89834801     -53.89875892   -0.00041091    0.08814621 0.00002960 0.00000000  0.88E-02      0.36
   2    8    6    0    -53.89875850     -53.89875851   -0.00000000    0.00009975 0.00000000 0.00000000  0.61E-04      0.74
   3    3    2    0    -53.89875851     -53.89875851    0.00000000    0.00000000 0.00000000 0.00000000  0.81E-09      1.09

 CONVERGENCE REACHED!  Final gradient:    0.00000000 ( 0.55E-11)
                       Final energy:    -53.89875851
 
 Results for state 1.4
 =====================
 !MCSCF STATE 1.4 Energy                       -54.207387560379
 Nuclear energy                                  7.12353938
 Kinetic energy                                 58.09582704
 One electron energy                           -87.50607576
 Two electron energy                            26.17514883
 Virial ratio                                    1.93306852
 
 !MCSCF STATE 1.4 Dipole moment                  0.00000000     0.00000000     0.72313657
 Dipole moment /Debye                            0.00000000     0.00000000     1.83802982
 
 Results for state 2.4
 =====================
 !MCSCF STATE 2.4 Energy                       -53.898654429675
 Nuclear energy                                  7.12353938
 Kinetic energy                                 56.39978383
 One electron energy                           -83.72108555
 Two electron energy                            22.69889174
 Virial ratio                                    1.95565356
 
 !MCSCF STATE 2.4 Dipole moment                  0.00000000     0.00000000    -1.36197097
 Dipole moment /Debye                            0.00000000     0.00000000    -3.46178491
 
 Results for state 3.4
 =====================
 !MCSCF STATE 3.4 Energy                       -53.766770121862
 Nuclear energy                                  7.12353938
 Kinetic energy                                 56.29289822
 One electron energy                           -83.59199329
 Two electron energy                            22.70168379
 Virial ratio                                    1.95512528
 
 !MCSCF STATE 3.4 Dipole moment                  0.00000000     0.00000000    -1.31051822
 Dipole moment /Debye                            0.00000000     0.00000000    -3.33100506
 
 Results for state 4.4
 =====================
 !MCSCF STATE 4.4 Energy                       -53.722221913578
 Nuclear energy                                  7.12353938
 Kinetic energy                                 56.27327679
 One electron energy                           -83.52596653
 Two electron energy                            22.68020524
 Virial ratio                                    1.95466667
 
 !MCSCF STATE 4.4 Dipole moment                  0.00000000     0.00000000    -1.20566353
 Dipole moment /Debye                            0.00000000     0.00000000    -3.06449102
 
 State-averaged charge density matrix saved on record 2140.2 (density set 1)
 
 Expectation values: (only non-zero values are shown)
 
 !MCSCF expec                       <1.4|DMZ|1.4>     0.723136569340 au =     1.838029824757 Debye
 !MCSCF expec                       <2.4|DMZ|2.4>    -1.361970969217 au =    -3.461784907601 Debye
 !MCSCF expec                       <3.4|DMZ|3.4>    -1.310518217648 au =    -3.331005057762 Debye
 !MCSCF expec                       <4.4|DMZ|4.4>    -1.205663526362 au =    -3.064491015990 Debye
 
 Transition values: (only non-zero values with the ground state are shown)
 
 !MCSCF trans                       <1.4|DMZ|2.4>     0.102820072937 au =     0.261342557762 Debye
 !MCSCF trans                       <1.4|DMZ|4.4>     0.063262918682 au =     0.160798300445 Debye
 

 EXTRA SYMMETRY OF MOS IN SYMMETRY 1:   1 1 1 1 1 1 1 2 1 1   1 1 2 1 2 1 1 1 2 1   2 1 1 1 2 3 1 2 1 2   1 2 1 3 1 1 2 1 1 2
                                        1 2 3 1 2 3 1 1 2 1   1 2 1 2 1 1 2 3 1 2   1 3 1 2 3 1 2 1 2 1   1 2 1 2 1 1 1
 
 Natural orbital dump (state averaged) at molpro section 2140.2 (Orbital set 2)
 
 Reoptimze the CI vectors with natural orbitals 
 
 CI Coefficients of symmetry 4
 =============================
 
 220 a a        0.99224419      0.11655031      0.00000000     -0.02839418
 2ab a a       -0.09861698      0.85738787     -0.00000000     -0.00421365
 2ba a a        0.05587561     -0.27914200      0.00000000      0.81365095
 2aa a b        0.02137068     -0.28912294     -0.70697614     -0.40471865
 2aa b a        0.02137068     -0.28912294      0.70697614     -0.40471865
 b2a a a       -0.01410694      0.02074251      0.00000000      0.07970606
 a2b a a        0.03527763     -0.06577219      0.00000000     -0.00220779
 
 Energy:      -54.20738756    -53.89865443    -53.76677012    -53.72222191
 


 **********************************************************************************************************************************
 DATASETS  * FILE   NREC   LENGTH (MB)   RECORD NAMES
              1      20      266.94       500      610      701      900      950      970     1000      129      960     1100   
                                          VAR    BASINP    GEOM    SYMINP    ZMAT    AOBASIS   BASIS     P2S    ABASIS      S 
                                         1400     1410     1200     1210     1080     1600     1650     1300     1700     1380   
                                           T        V       H0       H01     AOSYM     SMH    MOLCAS    ERIS     OPER     JKOP   

              2       8       17.69       500      610      700     1000      520     2100     2140      701   
                                          VAR    BASINP    GEOM     BASIS   MCVARS     RHF     MCSCF    GEOM   

 PROGRAMS   *        TOTAL     MULTI       INT        CI     MULTI       INT        CI     MULTI       INT        CI     MULTI
 CPU TIMES  *       256.06      1.30      8.93     15.45      1.32      8.91     15.50      1.31      8.90     14.60      1.30
 REAL TIME  *       274.51 SEC
 DISK USED  *       800.53 MB
 **********************************************************************************************************************************


 PROGRAM * CI (Multireference internally contracted CI)     Authors: H.-J. Werner, P.J. Knowles, 1987


 Convergence thresholds:  THRVAR = 1.00D-08  THRDEN = 1.00D-06

 Number of optimized states: 3  Roots:    1   2   3
 Number of reference states: 3  Roots:    1   2   3

 Program parameters:       NSTATE=  3    NSTATI=  5    NSTATR=  3    NCEPA = -1    NOKOP =  0    ITRDM =  0    ITRANS=  0
                           IDIP  =200    MAXIT =250    MAXITI=250    MAXDAV=  9    MAXVI = 15    NOSING=  0    NOPAIR=  0
                           MXSHRF=  4    IKCPS =  0    IOPTGM=  2    IOPTOR=  0    REFOPT=  1    IAVDEN=  0    IDELCG=  1
                           IREST =  0    NATORB=  0    IPUNRF=  0    ISEP  =  0    OLDDEN=  0    NSTPRI=  1    GPSFLI= -1
                           CLUSTE=  0    CLOSED=  1    ILSTYP=  0    ITRLS =  0    ICCSD =  0    LOCAL =  0    IBASO =  0
                           MP    =  0    ITEDIS=  2    INCDIS=  1    MAXDIS=  6    ITYDIS=  1    BRUECK=  0    IBRSTR=  3
                           INCBRK=  1    TRIPLE=  0    ICCTYP=  2    IHPPD =  0    ICCNEW=  0    I3EXT = -1    IDEB  =  0
                           IDLEIG=  1    IDFTYP=  1    IMP3  =  0    IPROCS=  0    NOINT =  0    NOREF =  1    IMP2G =  0
                           IHINT =  0    IFDIA =  0    ISPARO=  1    JKSYM =  0    CPHF  =  0    MP2D  = -1    DKINT =  0
                           NPKEX =  1    DRVK  =  1    HLSTRA=  1    WIGNER=  1    DIIS_C=  1    MAXIT_= 50    MATEL =  0
                           SPDEG =  1    MEMCPH=  0    DISM  =  1    KDCPMA=  5    IKDCP_=  0    IREDTH=  0    USECS =  0
                           IPROCC=  0    I3SAVE=  1    IKDCP =  1    USECI =  0    OLDPAI=  0    IPROCI=  0    KEEPCL=  1
                           DISCON=  0    SHIFTE=  0    DIISIN=  0    MOLCAS=  0    MEM_PT=  0    RECORD=  0    RS2C  =  0
                           KEXT  = -1    CIPT2 =  0    DECP0S=  0    I4EXT = -1    NATCOR=  0    RIMP2 =  0    DDCI  = -1
                           IPOLAR=  0

 Reference symmetry:                   4   Triplet 
 Number of electrons:                  8
 Maximum number of shells:             3
 Maximum number of spin couplings:     9

 Reference space:        6 conf       12 CSFs
 N elec internal:       35 conf       45 CSFs
 N-1 el internal:       48 conf       96 CSFs
 N-2 el internal:       26 conf      102 CSFs

 Number of electrons in valence space:                      6
 Maximum number of open shell orbitals in reference space:  4
 Maximum number of open shell orbitals in internal spaces:  6


 Number of core orbitals:           1 (   1   0   0   0 )
 Number of active  orbitals:        5 (   3   1   1   0 )
 Number of external orbitals:     201 (  73  49  49  30 )

 Molecular orbitals read from record     2140.2  Type=MCSCF/NATURAL (state averaged)

 Valence orbitals related to previous ones by unitary transformation. Operators transformed.


 Number of p-space configurations:   5

 Reference wavefunction optimized for reference space (refopt=1)

 State     Reference Energy 
     1       -54.20738756
     2       -53.89865443
     3       -53.76677012
     4       -53.72222191
     5       -53.24807075

 Number of blocks in overlap matrix:    13   Smallest eigenvalue:  0.36D-04
 Number of N-2 electron functions:      58
 Number of N-1 electron functions:      96

 Number of internal configurations:                   12
 Number of singly external configurations:          4953
 Number of doubly external configurations:        301498
 Total number of contracted configurations:       306463
 Total number of uncontracted configurations:     529947

 Diagonal Coupling coefficients finished.               Storage:    8011 words, CPU-Time:      0.00 seconds.
 Energy denominators for pairs finished in 1 passes.    Storage:  126793 words, CPU-time:      0.00 seconds.

  ITER. STATE  ROOT     SQ.NORM     CORR.ENERGY   TOTAL ENERGY   ENERGY CHANGE       DEN1      VAR(S)    VAR(P)      TIME
    1     1     1     1.00000000     0.00000000   -54.20738756    -0.00000000    -0.21574268  0.67D-01  0.18D-01     0.17
    1     2     2     1.00000000     0.00000000   -53.89865443     0.00000000    -0.12029056  0.23D-01  0.11D-01     0.17
    1     3     3     1.00000000     0.00000000   -53.76677012    -0.00000000    -0.13998513  0.25D-01  0.13D-01     0.17
    2     1     1     1.06607285    -0.19116629   -54.39855385    -0.19116629    -0.00824512  0.15D-02  0.10D-02     1.37
    2     2     2     1.03402213    -0.12328879   -54.02194322    -0.12328879    -0.00209188  0.41D-03  0.27D-03     1.37
    2     3     3     1.03915194    -0.14145202   -53.90822215    -0.14145202    -0.00283121  0.59D-03  0.36D-03     1.37
    3     1     1     1.06515256    -0.20025900   -54.40764656    -0.00909271    -0.00049241  0.48D-04  0.71D-04     2.61
    3     2     2     1.03490559    -0.12573188   -54.02438631    -0.00244310    -0.00016145  0.34D-04  0.28D-04     2.61
    3     3     3     1.04335755    -0.14479676   -53.91156688    -0.00334473    -0.00032274  0.41D-03  0.36D-04     2.61
    4     1     1     1.06671912    -0.20093561   -54.40832317    -0.00067661    -0.00004589  0.39D-05  0.69D-05     3.83
    4     2     2     1.03613934    -0.12598332   -54.02463775    -0.00025143    -0.00003361  0.68D-05  0.56D-05     3.83
    4     3     3     1.05527250    -0.14549687   -53.91226699    -0.00070011    -0.00019910  0.18D-03  0.23D-04     3.83
    5     1     1     1.06731433    -0.20099959   -54.40838715    -0.00006398    -0.00000512  0.47D-06  0.79D-06     5.06
    5     2     2     1.03632877    -0.12602859   -54.02468302    -0.00004527    -0.00000706  0.12D-05  0.12D-05     5.06
    5     3     3     1.07260608    -0.14598700   -53.91275712    -0.00049013    -0.00017595  0.12D-03  0.20D-04     5.06
    6     1     1     1.06726663    -0.20100658   -54.40839414    -0.00000699    -0.00000075  0.51D-07  0.11D-06     6.26
    6     2     2     1.03632601    -0.12603706   -54.02469148    -0.00000847    -0.00000144  0.45D-06  0.25D-06     6.26
    6     3     3     1.08207851    -0.14627415   -53.91304427    -0.00028715    -0.00009446  0.11D-03  0.87D-05     6.26
    7     1     1     1.06729395    -0.20100754   -54.40839510    -0.00000095    -0.00000011  0.76D-08  0.17D-07     7.47
    7     2     2     1.03640399    -0.12603881   -54.02469324    -0.00000175    -0.00000035  0.10D-06  0.59D-07     7.47
    7     3     3     1.09183052    -0.14642304   -53.91319316    -0.00014889    -0.00005574  0.43D-04  0.60D-05     7.47
    8     1     1     1.06730353    -0.20100768   -54.40839524    -0.00000014    -0.00000002  0.15D-08  0.32D-08     8.70
    8     2     2     1.03643884    -0.12603927   -54.02469370    -0.00000046    -0.00000011  0.24D-07  0.20D-07     8.70
    8     3     3     1.10163095    -0.14652861   -53.91329873    -0.00010556    -0.00004634  0.37D-04  0.48D-05     8.70
    9     1     1     1.06730424    -0.20100768   -54.40839524    -0.00000000    -0.00000002  0.15D-08  0.32D-08     9.63
    9     2     2     1.03645449    -0.12603939   -54.02469382    -0.00000012    -0.00000003  0.99D-08  0.56D-08     9.63
    9     3     3     1.14269273    -0.14670335   -53.91347347    -0.00017474    -0.00003265  0.43D-05  0.59D-05     9.63
   10     1     1     1.06730532    -0.20100768   -54.40839524    -0.00000000    -0.00000002  0.17D-08  0.32D-08    10.56
   10     2     2     1.03647510    -0.12603943   -54.02469386    -0.00000004    -0.00000000  0.86D-09  0.77D-09    10.56
   10     3     3     1.14558908    -0.14673676   -53.91350689    -0.00003342    -0.00000397  0.19D-05  0.67D-06    10.56
   11     1     1     1.06730532    -0.20100768   -54.40839524    -0.00000000    -0.00000002  0.17D-08  0.32D-08    11.24
   11     2     2     1.03647510    -0.12603943   -54.02469386    -0.00000000    -0.00000000  0.86D-09  0.77D-09    11.24
   11     3     3     1.14968577    -0.14674338   -53.91351350    -0.00000662    -0.00000215  0.82D-06  0.40D-06    11.24
   12     1     1     1.06730532    -0.20100768   -54.40839524     0.00000000    -0.00000002  0.17D-08  0.32D-08    11.93
   12     2     2     1.03647510    -0.12603943   -54.02469386     0.00000000    -0.00000000  0.86D-09  0.77D-09    11.93
   12     3     3     1.15095110    -0.14674544   -53.91351556    -0.00000206    -0.00000044  0.24D-06  0.65D-07    11.93
   13     1     1     1.06730532    -0.20100768   -54.40839524     0.00000000    -0.00000002  0.17D-08  0.32D-08    12.60
   13     2     2     1.03647510    -0.12603943   -54.02469386    -0.00000000    -0.00000000  0.86D-09  0.77D-09    12.60
   13     3     3     1.15386830    -0.14674668   -53.91351680    -0.00000124    -0.00000031  0.11D-06  0.61D-07    12.60
   14     1     1     1.06730532    -0.20100768   -54.40839524    -0.00000000    -0.00000002  0.17D-08  0.32D-08    13.29
   14     2     2     1.03647510    -0.12603943   -54.02469386    -0.00000000    -0.00000000  0.86D-09  0.77D-09    13.29
   14     3     3     1.15425855    -0.14674701   -53.91351714    -0.00000033    -0.00000010  0.87D-07  0.18D-07    13.29
   15     1     1     1.06730532    -0.20100768   -54.40839524    -0.00000000    -0.00000002  0.17D-08  0.32D-08    13.98
   15     2     2     1.03647510    -0.12603943   -54.02469386     0.00000000    -0.00000000  0.86D-09  0.77D-09    13.98
   15     3     3     1.15543916    -0.14674728   -53.91351740    -0.00000027    -0.00000009  0.25D-07  0.17D-07    13.98
   16     1     1     1.06730532    -0.20100768   -54.40839524    -0.00000000    -0.00000002  0.17D-08  0.32D-08    14.66
   16     2     2     1.03647510    -0.12603943   -54.02469386     0.00000000    -0.00000000  0.86D-09  0.77D-09    14.66
   16     3     3     1.15641107    -0.14674742   -53.91351754    -0.00000014    -0.00000003  0.73D-08  0.70D-08    14.66
   17     1     1     1.06730532    -0.20100768   -54.40839524    -0.00000000    -0.00000002  0.17D-08  0.32D-08    15.35
   17     2     2     1.03647510    -0.12603943   -54.02469386    -0.00000000    -0.00000000  0.86D-09  0.77D-09    15.35
   17     3     3     1.15657234    -0.14674746   -53.91351758    -0.00000004    -0.00000001  0.32D-08  0.16D-08    15.35


 =====================================
 Analysis of CPU times by interactions
 =====================================

       I      S      P

 I   0.1%
 S   0.1%   0.1%
 P   0.3%   1.0%  26.4%

 Initialization:   1.0%
 Other:           71.1%

 Total CPU:       15.3 seconds
 =====================================



 gnormi=  0.93693902  gnorms=  0.04234941  gnormp=  0.02071158  gnorm=  1.00000000
 ecorri= -0.18833194  ecorrs= -0.00850864  ecorrp= -0.00416710  ecorr= -0.20100768

 gnormi=  0.96480851  gnorms=  0.02140104  gnormp=  0.01379045  gnorm=  1.00000000
 ecorri= -0.12160392  ecorrs= -0.00269719  ecorrp= -0.00173832  ecorr= -0.12603943

 gnormi=  0.86462382  gnorms=  0.11885338  gnormp=  0.01652280  gnorm=  1.00000000
 ecorri= -0.12688135  ecorrs= -0.01744491  ecorrp= -0.00242120  ecorr= -0.14674746

 Reference coefficients greater than 0.0500000
 =============================================
 220//           0.9649078   0.0600602  -0.0000001
 2/\//          -0.0686772   0.7951456  -0.0000011
 2///\           0.0121498  -0.3288304   0.7590400
 2//\/           0.0171824  -0.4650364  -0.5367246
 /2\//           0.0232545  -0.0509290  -0.0000001

 Coefficients of singly external configurations greater than 0.0500000
 =====================================================================

 220/0   2.3     0.0315216   0.0222302  -0.2002300
 2200/   2.2    -0.0315215  -0.0222304  -0.2002229
 220/0   3.3     0.0349081   0.0164855  -0.0714262
 2200/   3.2    -0.0349081  -0.0164855  -0.0714227

 Coefficients of fixed reference functions:
 ==========================================

 State      Coefficients
 1           0.966937    0.043058    0.000000
 2          -0.054251    0.980647   -0.000000
 3          -0.000000    0.000000    0.929845

 Coefficients of rotated reference functions:
 ============================================

 State      Coefficients
 1           0.967881   -0.005247    0.000000
 2          -0.005247    0.982132    0.000000
 3           0.000000    0.000000    0.929845


 RESULTS FOR STATE 1.4
 =====================

 Coefficient of reference function:   C(0) = 0.96693659 (fixed)   0.96795610 (relaxed)   0.96788060 (rotated)

 Energy contributions of configuration classes

 CLASS          SQ.NORM        ECORR1        ECORR2
 +++++++++++++++++++++++++++++++++++++++++++++++++++
 Internals    0.00015602   -0.00008342   -0.11290106
 Singles      0.04520680   -0.08052030   -0.08393948
 Pairs        0.02210903   -0.00000003   -0.00416713
 Total        1.06747184   -0.08060376   -0.20100768
 +++++++++++++++++++++++++++++++++++++++++++++++++++


 Reference energy                     -54.20661875
 Nuclear energy                         7.12353938
 Kinetic energy                        57.31806913
 One electron energy                  -86.59831709
 Two electron energy                   25.06638247
 Virial quotient                       -0.94923636
 Correlation energy                    -0.20177649
 !MRCI STATE 1.4 Energy               -54.408395240645

 Properties without orbital relaxation:

 !MRCI STATE 1.4 Dipole moment          0.00000000     0.00000000     0.63601327
 Dipole moment /Debye                   0.00000000     0.00000000     1.61658448

 Cluster corrected energies           -54.42200947 (Davidson, fixed reference)
 Cluster corrected energies           -54.42197587 (Davidson, relaxed reference)
 Cluster corrected energies           -54.42200947 (Davidson, rotated reference)

 Cluster corrected energies           -54.41519463 (Pople, fixed reference)
 Cluster corrected energies           -54.41517788 (Pople, relaxed reference)
 Cluster corrected energies           -54.41519463 (Pople, rotated reference)



 RESULTS FOR STATE 2.4
 =====================

 Coefficient of reference function:   C(0) = 0.98064667 (fixed)   0.98224667 (relaxed)   0.98213215 (rotated)

 Energy contributions of configuration classes

 CLASS          SQ.NORM        ECORR1        ECORR2
 +++++++++++++++++++++++++++++++++++++++++++++++++++
 Internals    0.00023322   -0.00008221   -0.07964256
 Singles      0.02218682   -0.04350203   -0.04465853
 Pairs        0.01429679   -0.00000002   -0.00173834
 Total        1.03671683   -0.04358426   -0.12603943
 +++++++++++++++++++++++++++++++++++++++++++++++++++


 Reference energy                     -53.89942324
 Nuclear energy                         7.12353938
 Kinetic energy                        56.85587595
 One electron energy                  -83.87964633
 Two electron energy                   22.73141309
 Virial quotient                       -0.95020423
 Correlation energy                    -0.12527062
 !MRCI STATE 2.4 Energy               -54.024693863970

 Properties without orbital relaxation:

 !MRCI STATE 2.4 Dipole moment          0.00000000     0.00000000    -1.40545069
 Dipole moment /Debye                   0.00000000     0.00000000    -3.57229933

 Cluster corrected energies           -54.02929340 (Davidson, fixed reference)
 Cluster corrected energies           -54.02926312 (Davidson, relaxed reference)
 Cluster corrected energies           -54.02929340 (Davidson, rotated reference)

 Cluster corrected energies           -54.02699286 (Pople, fixed reference)
 Cluster corrected energies           -54.02697773 (Pople, relaxed reference)
 Cluster corrected energies           -54.02699286 (Pople, rotated reference)



 RESULTS FOR STATE 3.4
 =====================

 Coefficient of reference function:   C(0) = 0.92984487 (fixed)   0.92985151 (relaxed)   0.92984487 (rotated)

 Energy contributions of configuration classes

 CLASS          SQ.NORM        ECORR1        ECORR2
 +++++++++++++++++++++++++++++++++++++++++++++++++++
 Internals    0.00001428   -0.00000000   -0.00000181
 Singles      0.13746450   -0.05551305   -0.06544213
 Pairs        0.01911008   -0.09123441   -0.08130351
 Total        1.15658886   -0.14674746   -0.14674746
 +++++++++++++++++++++++++++++++++++++++++++++++++++


 Reference energy                     -53.76677012
 Nuclear energy                         7.12353938
 Kinetic energy                        56.74427348
 One electron energy                  -83.75583071
 Two electron energy                   22.71877375
 Virial quotient                       -0.95011380
 Correlation energy                    -0.14674746
 !MRCI STATE 3.4 Energy               -53.913517577197

 Properties without orbital relaxation:

 !MRCI STATE 3.4 Dipole moment          0.00000000     0.00000000    -0.93201932
 Dipole moment /Debye                   0.00000000     0.00000000    -2.36895681

 Cluster corrected energies           -53.93649659 (Davidson, fixed reference)
 Cluster corrected energies           -53.93649417 (Davidson, relaxed reference)
 Cluster corrected energies           -53.93649659 (Davidson, rotated reference)

 Cluster corrected energies           -53.92493751 (Pople, fixed reference)
 Cluster corrected energies           -53.92493632 (Pople, relaxed reference)
 Cluster corrected energies           -53.92493751 (Pople, rotated reference)


 !MRCI trans          <2.4|DMZ|1.4>    -0.161685167388 au =    -0.410962703976 Debye

 !MRCI trans          <3.4|DMZ|1.4>     0.000003161779 au =     0.000008036441 Debye

 !MRCI trans          <3.4|DMZ|2.4>    -0.000023109977 au =    -0.000058739702 Debye


 **********************************************************************************************************************************
 DATASETS  * FILE   NREC   LENGTH (MB)   RECORD NAMES
              1      20      266.94       500      610      701      900      950      970     1000      129      960     1100   
                                          VAR    BASINP    GEOM    SYMINP    ZMAT    AOBASIS   BASIS     P2S    ABASIS      S 
                                         1400     1410     1200     1210     1080     1600     1650     1300     1700     1380   
                                           T        V       H0       H01     AOSYM     SMH    MOLCAS    ERIS     OPER     JKOP   

              2       8       17.69       500      610      700     1000      520     2100     2140      701   
                                          VAR    BASINP    GEOM     BASIS   MCVARS     RHF     MCSCF    GEOM   

 PROGRAMS   *        TOTAL        CI     MULTI       INT        CI     MULTI       INT        CI     MULTI       INT        CI
 CPU TIMES  *       271.47     15.40      1.30      8.93     15.45      1.32      8.91     15.50      1.31      8.90     14.60
 REAL TIME  *       291.18 SEC
 DISK USED  *       800.53 MB
 **********************************************************************************************************************************
 SETTING E1(11)         =       -54.40839524  AU                              
 SETTING E2(11)         =       -54.02469386  AU                              
 SETTING E3(11)         =       -53.91351758  AU                              

 DO I                   =        12.00000000   


 Using spherical harmonics

 Library entry N      S aug-cc-pV5Z          selected for orbital group  1
 Library entry N      P aug-cc-pV5Z          selected for orbital group  1
 Library entry N      D aug-cc-pV5Z          selected for orbital group  1
 Library entry N      F aug-cc-pV5Z          selected for orbital group  1
 Library entry N      G aug-cc-pV5Z          selected for orbital group  1
 Library entry N      H aug-cc-pV5Z          selected for orbital group  1
 Library entry H      S aug-cc-pV5Z          selected for orbital group  2
 Library entry H      P aug-cc-pV5Z          selected for orbital group  2
 Library entry H      D aug-cc-pV5Z          selected for orbital group  2
 Library entry H      F aug-cc-pV5Z          selected for orbital group  2
 Library entry H      G aug-cc-pV5Z          selected for orbital group  2


 PROGRAM * SEWARD (Integral evaluation for generally contracted gaussian basis sets)     Author: Roland Lindh, 1990

 Geometry written to block  1 of record 701

 Orientation using atomic masses  
 Molecule type: Linear
 Symmetry elements: X,Y
 Rotational constants:    2149.9165201   2149.9165201      0.0000000 GHz  (calculated with average atomic masses)

 Point group  C2v 



 ATOMIC COORDINATES

 NR  ATOM    CHARGE       X              Y              Z

   1  N       7.00    0.000000000    0.000000000   -0.063429112
   2  H       1.00    0.000000000    0.000000000    0.881433951

 Bond lengths in Bohr (Angstrom)

 1-2  0.944863062
     ( 0.500000000)

 NUCLEAR CHARGE:                    8
 NUMBER OF PRIMITIVE AOS:         307
 NUMBER OF SYMMETRY AOS:          227
 NUMBER OF CONTRACTIONS:          207   (   77A1  +   50B1  +   50B2  +   30A2  )
 NUMBER OF INNER CORE ORBITALS:     0   (    0A1  +    0B1  +    0B2  +    0A2  )
 NUMBER OF OUTER CORE ORBITALS:     1   (    1A1  +    0B1  +    0B2  +    0A2  )
 NUMBER OF VALENCE ORBITALS:        5   (    3A1  +    1B1  +    1B2  +    0A2  )


 NUCLEAR REPULSION ENERGY    7.40848095

 EXTRA SYMMETRY OF AOS IN SYMMETRY 1:   1 1 1 1 1 1 1 1 1 1   1 1 1 1 2 1 2 1 2 1   2 1 2 1 2 1 2 1 2 1   2 1 3 2 1 3 2 1 3 2
                                        2 3 1 2 3 1 1 1 1 1   1 1 1 1 1 1 1 1 2 1   2 1 2 1 2 1 2 1 2 1   2 1 3 2 1 3 2
 EXTRA SYMMETRY OF AOS IN SYMMETRY 2:   1 1 1 1 1 1 1 1 1 1   1 1 2 1 2 1 2 1 2 1   2 1 2 1 2 1 2 3 1 2   3 1 1 1 1 1 1 1 1 1
                                        1 2 1 2 1 2 1 2 1 2
 EXTRA SYMMETRY OF AOS IN SYMMETRY 3:   1 1 1 1 1 1 1 1 1 1   1 1 2 1 2 1 2 1 2 1   2 1 2 1 2 1 2 3 1 2   3 1 1 1 1 1 1 1 1 1
                                        1 2 1 2 1 2 1 2 1 2
 EXTRA SYMMETRY OF AOS IN SYMMETRY 4:   1 1 1 1 1 1 1 1 1 1   2 1 2 1 2 2 1 2 1 1   1 1 1 1 1 1 1 2 1 2

 Eigenvalues of metric

         1 0.279E-05 0.173E-04 0.333E-04 0.681E-04 0.118E-03 0.133E-03 0.184E-03 0.298E-03
         2 0.187E-04 0.106E-03 0.455E-03 0.934E-03 0.199E-02 0.301E-02 0.378E-02 0.649E-02
         3 0.187E-04 0.106E-03 0.455E-03 0.934E-03 0.199E-02 0.301E-02 0.378E-02 0.649E-02
         4 0.298E-03 0.208E-02 0.834E-02 0.109E-01 0.204E-01 0.496E-01 0.702E-01 0.720E-01


 Contracted 2-electron integrals neglected if value below      1.0D-12
 AO integral compression algorithm  1   Integral accuracy      1.0D-12

     303.563 MB (compressed) written to integral file ( 53.9%)


 NUMBER OF SORTED TWO-ELECTRON INTEGRALS:   59167011.     BUFFER LENGTH:  32768
 NUMBER OF SEGMENTS:   4  SEGMENT LENGTH:   15999984      RECORD LENGTH: 524288

 Memory used in sort:      16.56 MW

 SORT1 READ    70490039. AND WROTE    39593825. INTEGRALS IN    116 RECORDS. CPU TIME:     0.80 SEC, REAL TIME:     0.96 SEC
 SORT2 READ    39593825. AND WROTE    59167011. INTEGRALS IN   1158 RECORDS. CPU TIME:     0.72 SEC, REAL TIME:     0.86 SEC

 FILE SIZES:   FILE 1:   334.5 MBYTE,  FILE 4:   486.6 MBYTE,   TOTAL:    821.1 MBYTE

 OPERATOR DM      FOR CENTER  0  COORDINATES:    0.000000    0.000000    0.000000


 **********************************************************************************************************************************
 DATASETS  * FILE   NREC   LENGTH (MB)   RECORD NAMES
              1      19      264.33       500      610      701      900      950      970     1000      129      960     1100   
                                          VAR    BASINP    GEOM    SYMINP    ZMAT    AOBASIS   BASIS     P2S    ABASIS      S 
                                         1400     1410     1200     1210     1080     1600     1650     1300     1700   
                                           T        V       H0       H01     AOSYM     SMH    MOLCAS    ERIS     OPER   

              2       8       17.69       500      610      700     1000      520     2100     2140      701   
                                          VAR    BASINP    GEOM     BASIS   MCVARS     RHF     MCSCF    GEOM   

 PROGRAMS   *        TOTAL       INT        CI     MULTI       INT        CI     MULTI       INT        CI     MULTI       INT
 CPU TIMES  *       280.30      8.84     15.40      1.30      8.93     15.45      1.32      8.91     15.50      1.31      8.90
 REAL TIME  *       300.47 SEC
 DISK USED  *       800.78 MB
 **********************************************************************************************************************************

 PROGRAM * MULTI (Direct Multiconfiguration SCF)       Authors: P.J. Knowles, H.-J. Werner (1984)
                                                                D.A. Kreplin, P.J. Knowles, H.-J. Werner (2019)

 Number of closed-shell orbitals:   1 (   1   0   0   0 )
 Number of active  orbitals:        5 (   3   1   1   0 )
 Number of external orbitals:     201 (  73  49  49  30 )

 State symmetry 1

 Number of active electrons:   6    Spin symmetry=Triplet   Space symmetry=4
 Number of states:             4
 Number of CSFs:              12   (15 determinants, 50 intermediate states)

 Molecular orbitals read from record     2140.2  Type=MCSCF/NATURAL (state averaged)

 EXTRA SYMMETRY OF MOS IN SYMMETRY 1:   1 1 1 1 1 1 1 2 1 1   1 1 2 1 2 1 1 1 2 1   2 1 1 1 2 3 1 2 1 2   1 2 1 3 1 1 2 1 1 2
                                        1 2 3 1 2 3 1 1 2 1   1 2 1 2 1 1 2 3 1 2   1 3 1 2 3 1 2 1 2 1   1 2 1 2 1 1 1
 EXTRA SYMMETRY OF MOS IN SYMMETRY 2:   1 1 1 1 1 1 2 1 1 1   2 1 1 1 2 1 1 2 1 2   1 1 1 3 2 2 1 1 2 1   1 2 1 1 1 2 3 1 1 2
                                        1 2 1 2 1 1 2 1 1 1
 EXTRA SYMMETRY OF MOS IN SYMMETRY 3:   1 1 1 1 1 1 2 1 1 1   2 1 1 1 2 1 1 2 1 2   1 1 1 3 2 2 1 1 2 1   1 2 1 1 1 2 3 1 1 2
                                        1 2 1 2 1 1 2 1 1 1
 EXTRA SYMMETRY OF MOS IN SYMMETRY 4:   1 1 1 1 1 1 2 1 1 1   2 1 1 1 2 1 2 1 1 1   1 2 1 2 1 2 1 1 1 1

 Wavefunction dump at record             2140.2

 Convergence thresholds  0.10E-04 (gradient)  0.10E-05 (energy)

 Weight factors for state symmetry  1:    0.25000   0.25000   0.25000   0.25000
 
 Number of orbital rotations:  393  ( 3 closed/active, 73 closed/virtual, 0 active/active, 317 active/virtual )
 Total number of variables:    453
 
  Second-order MCSCF: L-BFGS accelerated
 
 ITER  MIC  NCI  NEG     ENERGY(VAR)    ENERGY(PROJ) ENERGY CHANGE       GRAD(0)  GRAD(ORB)   GRAD(CI)      STEP      TIME
   1    7    3    0    -53.78021069     -53.78065155   -0.00044085    0.09410271 0.00003074 0.00000000  0.89E-02      0.37
   2    6    5    0    -53.78065111     -53.78065111   -0.00000000    0.00010278 0.00000014 0.00000000  0.66E-04      0.74
   3    3    2    0    -53.78065111     -53.78065111   -0.00000000    0.00000000 0.00000000 0.00000000  0.29E-08      1.09

 CONVERGENCE REACHED!  Final gradient:    0.00000000 ( 0.69E-11)
                       Final energy:    -53.78065111
 
 Results for state 1.4
 =====================
 !MCSCF STATE 1.4 Energy                       -54.091310182548
 Nuclear energy                                  7.40848095
 Kinetic energy                                 58.27452212
 One electron energy                           -87.80169992
 Two electron energy                            26.30190879
 Virial ratio                                    1.92821542
 
 !MCSCF STATE 1.4 Dipole moment                  0.00000000     0.00000000     0.71258240
 Dipole moment /Debye                            0.00000000     0.00000000     1.81120380
 
 Results for state 2.4
 =====================
 !MCSCF STATE 2.4 Energy                       -53.780603672314
 Nuclear energy                                  7.40848095
 Kinetic energy                                 56.57579303
 One electron energy                           -84.00542137
 Two electron energy                            22.81633675
 Virial ratio                                    1.95059390
 
 !MCSCF STATE 2.4 Dipole moment                  0.00000000     0.00000000    -1.34827020
 Dipole moment /Debye                            0.00000000     0.00000000    -3.42696102
 
 Results for state 3.4
 =====================
 !MCSCF STATE 3.4 Energy                       -53.648178634282
 Nuclear energy                                  7.40848095
 Kinetic energy                                 56.46192250
 One electron energy                           -83.86865659
 Two electron energy                            22.81199700
 Virial ratio                                    1.95016564
 
 !MCSCF STATE 3.4 Dipole moment                  0.00000000     0.00000000    -1.30111319
 Dipole moment /Debye                            0.00000000     0.00000000    -3.30709986
 
 Results for state 4.4
 =====================
 !MCSCF STATE 4.4 Energy                       -53.602511949244
 Nuclear energy                                  7.40848095
 Kinetic energy                                 56.43655818
 One electron energy                           -83.79893155
 Two electron energy                            22.78793864
 Virial ratio                                    1.94978350
 
 !MCSCF STATE 4.4 Dipole moment                  0.00000000     0.00000000    -1.19993177
 Dipole moment /Debye                            0.00000000     0.00000000    -3.04992234
 
 State-averaged charge density matrix saved on record 2140.2 (density set 1)
 
 Expectation values: (only non-zero values are shown)
 
 !MCSCF expec                       <1.4|DMZ|1.4>     0.712582397625 au =     1.811203796023 Debye
 !MCSCF expec                       <2.4|DMZ|2.4>    -1.348270199361 au =    -3.426961024139 Debye
 !MCSCF expec                       <3.4|DMZ|3.4>    -1.301113190660 au =    -3.307099863587 Debye
 !MCSCF expec                       <4.4|DMZ|4.4>    -1.199931768718 au =    -3.049922341213 Debye
 
 Transition values: (only non-zero values with the ground state are shown)
 
 !MCSCF trans                       <1.4|DMZ|2.4>     0.114143658874 au =     0.290124242380 Debye
 !MCSCF trans                       <1.4|DMZ|4.4>     0.054998847644 au =     0.139793127028 Debye
 

 EXTRA SYMMETRY OF MOS IN SYMMETRY 1:   1 1 1 1 1 1 1 2 1 1   1 1 2 1 2 1 1 1 2 1   2 1 1 1 2 3 1 2 1 2   1 2 1 3 1 1 2 1 1 2
                                        2 1 3 1 2 3 1 1 2 1   1 2 1 2 1 1 2 3 1 1   2 3 1 2 3 1 2 1 2 1   1 2 1 2 1 1 1
 EXTRA SYMMETRY OF MOS IN SYMMETRY 2:   1 1 1 1 1 1 2 1 1 1   2 1 1 1 2 1 1 2 1 2   1 1 1 3 2 1 2 1 2 1   1 1 2 1 1 2 3 1 1 2
                                        1 2 1 2 1 1 2 1 1 1
 EXTRA SYMMETRY OF MOS IN SYMMETRY 3:   1 1 1 1 1 1 2 1 1 1   2 1 1 1 2 1 1 2 1 2   1 1 1 3 2 1 2 1 2 1   1 1 2 1 1 2 3 1 1 2
                                        1 2 1 2 1 1 2 1 1 1
 
 Natural orbital dump (state averaged) at molpro section 2140.2 (Orbital set 2)
 
 Reoptimze the CI vectors with natural orbitals 
 
 CI Coefficients of symmetry 4
 =============================
 
 220 a a        0.99178624      0.12013236      0.00000000     -0.03024821
 2ab a a       -0.10182027      0.85705407     -0.00000000     -0.00504739
 2ba a a        0.05833054     -0.27799473     -0.00000000      0.81391482
 2aa b a        0.02174486     -0.28952967      0.70697624     -0.40443371
 2aa a b        0.02174486     -0.28952967     -0.70697624     -0.40443371
 b2a a a       -0.01387267      0.02058029     -0.00000000      0.07941086
 a2b a a        0.03479213     -0.06526143      0.00000000     -0.00235950
 
 Energy:      -54.09131018    -53.78060367    -53.64817863    -53.60251195
 


 **********************************************************************************************************************************
 DATASETS  * FILE   NREC   LENGTH (MB)   RECORD NAMES
              1      20      267.25       500      610      701      900      950      970     1000      129      960     1100   
                                          VAR    BASINP    GEOM    SYMINP    ZMAT    AOBASIS   BASIS     P2S    ABASIS      S 
                                         1400     1410     1200     1210     1080     1600     1650     1300     1700     1380   
                                           T        V       H0       H01     AOSYM     SMH    MOLCAS    ERIS     OPER     JKOP   

              2       8       17.69       500      610      700     1000      520     2100     2140      701   
                                          VAR    BASINP    GEOM     BASIS   MCVARS     RHF     MCSCF    GEOM   

 PROGRAMS   *        TOTAL     MULTI       INT        CI     MULTI       INT        CI     MULTI       INT        CI     MULTI
 CPU TIMES  *       281.60      1.30      8.84     15.40      1.30      8.93     15.45      1.32      8.91     15.50      1.31
 REAL TIME  *       301.93 SEC
 DISK USED  *       800.78 MB
 **********************************************************************************************************************************


 PROGRAM * CI (Multireference internally contracted CI)     Authors: H.-J. Werner, P.J. Knowles, 1987


 Convergence thresholds:  THRVAR = 1.00D-08  THRDEN = 1.00D-06

 Number of optimized states: 3  Roots:    1   2   3
 Number of reference states: 3  Roots:    1   2   3

 Program parameters:       NSTATE=  3    NSTATI=  5    NSTATR=  3    NCEPA = -1    NOKOP =  0    ITRDM =  0    ITRANS=  0
                           IDIP  =200    MAXIT =250    MAXITI=250    MAXDAV=  9    MAXVI = 15    NOSING=  0    NOPAIR=  0
                           MXSHRF=  4    IKCPS =  0    IOPTGM=  2    IOPTOR=  0    REFOPT=  1    IAVDEN=  0    IDELCG=  1
                           IREST =  0    NATORB=  0    IPUNRF=  0    ISEP  =  0    OLDDEN=  0    NSTPRI=  1    GPSFLI= -1
                           CLUSTE=  0    CLOSED=  1    ILSTYP=  0    ITRLS =  0    ICCSD =  0    LOCAL =  0    IBASO =  0
                           MP    =  0    ITEDIS=  2    INCDIS=  1    MAXDIS=  6    ITYDIS=  1    BRUECK=  0    IBRSTR=  3
                           INCBRK=  1    TRIPLE=  0    ICCTYP=  2    IHPPD =  0    ICCNEW=  0    I3EXT = -1    IDEB  =  0
                           IDLEIG=  1    IDFTYP=  1    IMP3  =  0    IPROCS=  0    NOINT =  0    NOREF =  1    IMP2G =  0
                           IHINT =  0    IFDIA =  0    ISPARO=  1    JKSYM =  0    CPHF  =  0    MP2D  = -1    DKINT =  0
                           NPKEX =  1    DRVK  =  1    HLSTRA=  1    WIGNER=  1    DIIS_C=  1    MAXIT_= 50    MATEL =  0
                           SPDEG =  1    MEMCPH=  0    DISM  =  1    KDCPMA=  5    IKDCP_=  0    IREDTH=  0    USECS =  0
                           IPROCC=  0    I3SAVE=  1    IKDCP =  1    USECI =  0    OLDPAI=  0    IPROCI=  0    KEEPCL=  1
                           DISCON=  0    SHIFTE=  0    DIISIN=  0    MOLCAS=  0    MEM_PT=  0    RECORD=  0    RS2C  =  0
                           KEXT  = -1    CIPT2 =  0    DECP0S=  0    I4EXT = -1    NATCOR=  0    RIMP2 =  0    DDCI  = -1
                           IPOLAR=  0

 Reference symmetry:                   4   Triplet 
 Number of electrons:                  8
 Maximum number of shells:             3
 Maximum number of spin couplings:     9

 Reference space:        6 conf       12 CSFs
 N elec internal:       35 conf       45 CSFs
 N-1 el internal:       48 conf       96 CSFs
 N-2 el internal:       26 conf      102 CSFs

 Number of electrons in valence space:                      6
 Maximum number of open shell orbitals in reference space:  4
 Maximum number of open shell orbitals in internal spaces:  6


 Number of core orbitals:           1 (   1   0   0   0 )
 Number of active  orbitals:        5 (   3   1   1   0 )
 Number of external orbitals:     201 (  73  49  49  30 )

 Molecular orbitals read from record     2140.2  Type=MCSCF/NATURAL (state averaged)

 Valence orbitals related to previous ones by unitary transformation. Operators transformed.


 Number of p-space configurations:   5

 Reference wavefunction optimized for reference space (refopt=1)

 State     Reference Energy 
     1       -54.09131018
     2       -53.78060367
     3       -53.64817863
     4       -53.60251195
     5       -53.12297567

 Number of blocks in overlap matrix:    13   Smallest eigenvalue:  0.34D-04
 Number of N-2 electron functions:      58
 Number of N-1 electron functions:      96

 Number of internal configurations:                   12
 Number of singly external configurations:          4953
 Number of doubly external configurations:        301498
 Total number of contracted configurations:       306463
 Total number of uncontracted configurations:     529947

 Diagonal Coupling coefficients finished.               Storage:    8011 words, CPU-Time:      0.00 seconds.
 Energy denominators for pairs finished in 1 passes.    Storage:  126793 words, CPU-time:      0.00 seconds.

  ITER. STATE  ROOT     SQ.NORM     CORR.ENERGY   TOTAL ENERGY   ENERGY CHANGE       DEN1      VAR(S)    VAR(P)      TIME
    1     1     1     1.00000000     0.00000000   -54.09131018     0.00000000    -0.21566308  0.66D-01  0.17D-01     0.16
    1     2     2     1.00000000     0.00000000   -53.78060367     0.00000000    -0.12051249  0.23D-01  0.11D-01     0.16
    1     3     3     1.00000000     0.00000000   -53.64817863     0.00000000    -0.14001577  0.25D-01  0.13D-01     0.16
    2     1     1     1.06579150    -0.19136534   -54.28267552    -0.19136534    -0.00820994  0.14D-02  0.99D-03     1.36
    2     2     2     1.03389887    -0.12337537   -53.90397904    -0.12337537    -0.00210164  0.42D-03  0.27D-03     1.36
    2     3     3     1.03901697    -0.14155043   -53.78972907    -0.14155043    -0.00282905  0.60D-03  0.36D-03     1.36
    3     1     1     1.06483194    -0.20044363   -54.29175382    -0.00907829    -0.00049792  0.48D-04  0.71D-04     2.57
    3     2     2     1.03474520    -0.12582914   -53.90643281    -0.00245376    -0.00016383  0.36D-04  0.28D-04     2.57
    3     3     3     1.04331422    -0.14490434   -53.79308297    -0.00335391    -0.00033113  0.43D-03  0.37D-04     2.57
    4     1     1     1.06638843    -0.20113093   -54.29244111    -0.00068730    -0.00004676  0.40D-05  0.70D-05     3.79
    4     2     2     1.03601838    -0.12608597   -53.90668964    -0.00025684    -0.00003430  0.71D-05  0.56D-05     3.79
    4     3     3     1.05593551    -0.14563402   -53.79381266    -0.00072968    -0.00021123  0.19D-03  0.25D-04     3.79
    5     1     1     1.06698407    -0.20119626   -54.29250644    -0.00006533    -0.00000527  0.48D-06  0.81D-06     5.02
    5     2     2     1.03621776    -0.12613254   -53.90673621    -0.00004657    -0.00000718  0.12D-05  0.12D-05     5.02
    5     3     3     1.07454966    -0.14615658   -53.79433521    -0.00052256    -0.00018982  0.12D-03  0.22D-04     5.02
    6     1     1     1.06693522    -0.20120348   -54.29251366    -0.00000722    -0.00000078  0.53D-07  0.11D-06     6.25
    6     2     2     1.03621823    -0.12614120   -53.90674487    -0.00000866    -0.00000145  0.47D-06  0.24D-06     6.25
    6     3     3     1.08460303    -0.14646437   -53.79464300    -0.00030779    -0.00010068  0.12D-03  0.92D-05     6.25
    7     1     1     1.06696371    -0.20120447   -54.29251465    -0.00000099    -0.00000012  0.78D-08  0.17D-07     7.51
    7     2     2     1.03630159    -0.12614298   -53.90674666    -0.00000179    -0.00000036  0.11D-06  0.59D-07     7.51
    7     3     3     1.09515537    -0.14662423   -53.79480286    -0.00015986    -0.00006043  0.46D-04  0.65D-05     7.51
    8     1     1     1.06697362    -0.20120462   -54.29251481    -0.00000015    -0.00000002  0.16D-08  0.33D-08     8.75
    8     2     2     1.03633863    -0.12614346   -53.90674713    -0.00000047    -0.00000011  0.24D-07  0.20D-07     8.75
    8     3     3     1.10592802    -0.14673967   -53.79491830    -0.00011544    -0.00005104  0.40D-04  0.52D-05     8.75
    9     1     1     1.06697441    -0.20120462   -54.29251481    -0.00000000    -0.00000002  0.16D-08  0.34D-08     9.69
    9     2     2     1.03635501    -0.12614358   -53.90674725    -0.00000013    -0.00000003  0.10D-07  0.55D-08     9.69
    9     3     3     1.15173904    -0.14693353   -53.79511217    -0.00019386    -0.00003580  0.47D-05  0.64D-05     9.69
   10     1     1     1.06697563    -0.20120462   -54.29251481    -0.00000000    -0.00000002  0.18D-08  0.33D-08    10.62
   10     2     2     1.03637657    -0.12614362   -53.90674730    -0.00000004    -0.00000000  0.84D-09  0.78D-09    10.62
   10     3     3     1.15491304    -0.14697030   -53.79514893    -0.00003677    -0.00000421  0.21D-05  0.70D-06    10.62
   11     1     1     1.06697563    -0.20120462   -54.29251481    -0.00000000    -0.00000002  0.18D-08  0.33D-08    11.30
   11     2     2     1.03637657    -0.12614362   -53.90674730    -0.00000000    -0.00000000  0.84D-09  0.78D-09    11.30
   11     3     3     1.15950468    -0.14697754   -53.79515618    -0.00000725    -0.00000227  0.85D-06  0.43D-06    11.30
   12     1     1     1.06697563    -0.20120462   -54.29251481    -0.00000000    -0.00000002  0.18D-08  0.33D-08    11.97
   12     2     2     1.03637657    -0.12614362   -53.90674730    -0.00000000    -0.00000000  0.84D-09  0.78D-09    11.97
   12     3     3     1.16087297    -0.14697972   -53.79515835    -0.00000217    -0.00000048  0.25D-06  0.70D-07    11.97
   13     1     1     1.06697563    -0.20120462   -54.29251481    -0.00000000    -0.00000002  0.18D-08  0.33D-08    12.65
   13     2     2     1.03637657    -0.12614362   -53.90674730     0.00000000    -0.00000000  0.84D-09  0.78D-09    12.65
   13     3     3     1.16404209    -0.14698105   -53.79515968    -0.00000133    -0.00000034  0.12D-06  0.66D-07    12.65
   14     1     1     1.06697563    -0.20120462   -54.29251481    -0.00000000    -0.00000002  0.18D-08  0.33D-08    13.33
   14     2     2     1.03637657    -0.12614362   -53.90674730    -0.00000000    -0.00000000  0.84D-09  0.78D-09    13.33
   14     3     3     1.16448748    -0.14698141   -53.79516005    -0.00000036    -0.00000011  0.95D-07  0.19D-07    13.33
   15     1     1     1.06697563    -0.20120462   -54.29251481     0.00000000    -0.00000002  0.18D-08  0.33D-08    14.02
   15     2     2     1.03637657    -0.12614362   -53.90674730     0.00000000    -0.00000000  0.84D-09  0.78D-09    14.02
   15     3     3     1.16588500    -0.14698172   -53.79516035    -0.00000030    -0.00000010  0.26D-07  0.19D-07    14.02
   16     1     1     1.06697563    -0.20120462   -54.29251481    -0.00000000    -0.00000002  0.18D-08  0.33D-08    14.70
   16     2     2     1.03637657    -0.12614362   -53.90674730     0.00000000    -0.00000000  0.84D-09  0.78D-09    14.70
   16     3     3     1.16694209    -0.14698186   -53.79516050    -0.00000015    -0.00000004  0.77D-08  0.77D-08    14.70
   17     1     1     1.06697563    -0.20120462   -54.29251481    -0.00000000    -0.00000002  0.18D-08  0.33D-08    15.38
   17     2     2     1.03637657    -0.12614362   -53.90674730    -0.00000000    -0.00000000  0.84D-09  0.78D-09    15.38
   17     3     3     1.16711633    -0.14698191   -53.79516054    -0.00000004    -0.00000001  0.33D-08  0.17D-08    15.38


 =====================================
 Analysis of CPU times by interactions
 =====================================

       I      S      P

 I   0.0%
 S   0.0%   0.3%
 P   0.3%   0.8%  26.6%

 Initialization:   1.0%
 Other:           71.1%

 Total CPU:       15.4 seconds
 =====================================



 gnormi=  0.93722853  gnorms=  0.04223008  gnormp=  0.02054139  gnorm=  1.00000000
 ecorri= -0.18857471  ecorrs= -0.00849279  ecorrp= -0.00413712  ecorr= -0.20120462

 gnormi=  0.96490024  gnorms=  0.02142894  gnormp=  0.01367082  gnorm=  1.00000000
 ecorri= -0.12171601  ecorrs= -0.00270295  ecorrp= -0.00172466  ecorr= -0.12614362

 gnormi=  0.85681262  gnorms=  0.12676214  gnormp=  0.01642524  gnorm=  1.00000000
 ecorri= -0.12593595  ecorrs= -0.01863537  ecorrp= -0.00241059  ecorr= -0.14698191

 Reference coefficients greater than 0.0500000
 =============================================
 220//           0.9648482   0.0622869  -0.0000001
 2/\//          -0.0715699   0.7945318  -0.0000012
 2///\           0.0123625  -0.3292845   0.7556010
 2//\/           0.0174831  -0.4656786  -0.5342929
 /2\//           0.0230046  -0.0503774  -0.0000001

 Coefficients of singly external configurations greater than 0.0500000
 =====================================================================

 220/0   2.3     0.0313165   0.0228762  -0.2083199
 2200/   2.2    -0.0313164  -0.0228764  -0.2083121
 220/0   3.3     0.0351898   0.0172948  -0.0747186
 2200/   3.2    -0.0351898  -0.0172948  -0.0747148

 Coefficients of fixed reference functions:
 ==========================================

 State      Coefficients
 1           0.967042    0.044066    0.000000
 2          -0.055582    0.980618   -0.000000
 3          -0.000000    0.000000    0.925635

 Coefficients of rotated reference functions:
 ============================================

 State      Coefficients
 1           0.968030   -0.005404    0.000000
 2          -0.005404    0.982177    0.000000
 3           0.000000    0.000000    0.925635


 RESULTS FOR STATE 1.4
 =====================

 Coefficient of reference function:   C(0) = 0.96704179 (fixed)   0.96810564 (relaxed)   0.96803016 (rotated)

 Energy contributions of configuration classes

 CLASS          SQ.NORM        ECORR1        ECORR2
 +++++++++++++++++++++++++++++++++++++++++++++++++++
 Internals    0.00015595   -0.00008851   -0.11300789
 Singles      0.04506549   -0.08064050   -0.08405959
 Pairs        0.02192058   -0.00000003   -0.00413715
 Total        1.06714202   -0.08072904   -0.20120462
 +++++++++++++++++++++++++++++++++++++++++++++++++++


 Reference energy                     -54.09049900
 Nuclear energy                         7.40848095
 Kinetic energy                        57.49070258
 One electron energy                  -86.89338748
 Two electron energy                   25.19239172
 Virial quotient                       -0.94437035
 Correlation energy                    -0.20201581
 !MRCI STATE 1.4 Energy               -54.292514806013

 Properties without orbital relaxation:

 !MRCI STATE 1.4 Dipole moment          0.00000000     0.00000000     0.63063745
 Dipole moment /Debye                   0.00000000     0.00000000     1.60292052

 Cluster corrected energies           -54.30607855 (Davidson, fixed reference)
 Cluster corrected energies           -54.30604494 (Davidson, relaxed reference)
 Cluster corrected energies           -54.30607855 (Davidson, rotated reference)

 Cluster corrected energies           -54.29928905 (Pople, fixed reference)
 Cluster corrected energies           -54.29927230 (Pople, relaxed reference)
 Cluster corrected energies           -54.29928905 (Pople, rotated reference)



 RESULTS FOR STATE 2.4
 =====================

 Coefficient of reference function:   C(0) = 0.98061788 (fixed)   0.98229336 (relaxed)   0.98217695 (rotated)

 Energy contributions of configuration classes

 CLASS          SQ.NORM        ECORR1        ECORR2
 +++++++++++++++++++++++++++++++++++++++++++++++++++
 Internals    0.00023705   -0.00008723   -0.07987141
 Singles      0.02221372   -0.04337703   -0.04454754
 Pairs        0.01417147   -0.00000002   -0.00172467
 Total        1.03662224   -0.04346428   -0.12614362
 +++++++++++++++++++++++++++++++++++++++++++++++++++


 Reference energy                     -53.78141486
 Nuclear energy                         7.40848095
 Kinetic energy                        57.02799358
 One electron energy                  -84.15824005
 Two electron energy                   22.84301180
 Virial quotient                       -0.94526817
 Correlation energy                    -0.12533244
 !MRCI STATE 2.4 Energy               -53.906747296930

 Properties without orbital relaxation:

 !MRCI STATE 2.4 Dipole moment          0.00000000     0.00000000    -1.39768016
 Dipole moment /Debye                   0.00000000     0.00000000    -3.55254861

 Cluster corrected energies           -53.91133725 (Davidson, fixed reference)
 Cluster corrected energies           -53.91130646 (Davidson, relaxed reference)
 Cluster corrected energies           -53.91133725 (Davidson, rotated reference)

 Cluster corrected energies           -53.90904151 (Pople, fixed reference)
 Cluster corrected energies           -53.90902613 (Pople, relaxed reference)
 Cluster corrected energies           -53.90904151 (Pople, rotated reference)



 RESULTS FOR STATE 3.4
 =====================

 Coefficient of reference function:   C(0) = 0.92563460 (fixed)   0.92564173 (relaxed)   0.92563460 (rotated)

 Energy contributions of configuration classes

 CLASS          SQ.NORM        ECORR1        ECORR2
 +++++++++++++++++++++++++++++++++++++++++++++++++++
 Internals    0.00001541   -0.00000000   -0.00000194
 Singles      0.14794844   -0.05560140   -0.06627461
 Pairs        0.01917046   -0.09138051   -0.08070535
 Total        1.16713431   -0.14698191   -0.14698191
 +++++++++++++++++++++++++++++++++++++++++++++++++++


 Reference energy                     -53.64817863
 Nuclear energy                         7.40848095
 Kinetic energy                        56.91569165
 One electron energy                  -84.03355771
 Two electron energy                   22.82991621
 Virial quotient                       -0.94517275
 Correlation energy                    -0.14698191
 !MRCI STATE 3.4 Energy               -53.795160540628

 Properties without orbital relaxation:

 !MRCI STATE 3.4 Dipole moment          0.00000000     0.00000000    -0.91093111
 Dipole moment /Debye                   0.00000000     0.00000000    -2.31535594

 Cluster corrected energies           -53.81972626 (Davidson, fixed reference)
 Cluster corrected energies           -53.81972362 (Davidson, relaxed reference)
 Cluster corrected energies           -53.81972626 (Davidson, rotated reference)

 Cluster corrected energies           -53.80735880 (Pople, fixed reference)
 Cluster corrected energies           -53.80735751 (Pople, relaxed reference)
 Cluster corrected energies           -53.80735880 (Pople, rotated reference)


 !MRCI trans          <2.4|DMZ|1.4>    -0.150414696896 au =    -0.382316025353 Debye

 !MRCI trans          <3.4|DMZ|1.4>     0.000003576565 au =     0.000009090722 Debye

 !MRCI trans          <3.4|DMZ|2.4>    -0.000025579211 au =    -0.000065015868 Debye


 **********************************************************************************************************************************
 DATASETS  * FILE   NREC   LENGTH (MB)   RECORD NAMES
              1      20      267.25       500      610      701      900      950      970     1000      129      960     1100   
                                          VAR    BASINP    GEOM    SYMINP    ZMAT    AOBASIS   BASIS     P2S    ABASIS      S 
                                         1400     1410     1200     1210     1080     1600     1650     1300     1700     1380   
                                           T        V       H0       H01     AOSYM     SMH    MOLCAS    ERIS     OPER     JKOP   

              2       8       17.69       500      610      700     1000      520     2100     2140      701   
                                          VAR    BASINP    GEOM     BASIS   MCVARS     RHF     MCSCF    GEOM   

 PROGRAMS   *        TOTAL        CI     MULTI       INT        CI     MULTI       INT        CI     MULTI       INT        CI
 CPU TIMES  *       297.04     15.43      1.30      8.84     15.40      1.30      8.93     15.45      1.32      8.91     15.50
 REAL TIME  *       318.75 SEC
 DISK USED  *       800.78 MB
 **********************************************************************************************************************************
 SETTING E1(12)         =       -54.29251481  AU                              
 SETTING E2(12)         =       -53.90674730  AU                              
 SETTING E3(12)         =       -53.79516054  AU                              


      R        E1             E2             E3
    0.72   -54.99863850   -54.63122846   -54.52467529
    0.70   -54.96929441   -54.60040902   -54.49327671
    0.68   -54.93548047   -54.56511185   -54.45744447
    0.66   -54.89659107   -54.52472383   -54.41655716
    0.64   -54.85193202   -54.47854215   -54.36990468
    0.62   -54.80070577   -54.42575855   -54.31666914
    0.60   -54.74199418   -54.36544522   -54.25592350
    0.58   -54.67473705   -54.29652781   -54.18658513
    0.56   -54.59770717   -54.21776422   -54.10740766
    0.54   -54.50947971   -54.12771251   -54.01694566
    0.52   -54.40839524   -54.02469386   -53.91351758
    0.50   -54.29251481   -53.90674730   -53.79516054
                                                  

 CI/aug-cc-pV5Z energy=    -53.795160540628

              CI           MULTI              CI           MULTI              CI           MULTI              CI           MULTI
    -53.79516054    -53.60251195    -53.91351758    -53.72222191    -54.01694566    -53.82700618    -54.10740766    -53.91882487
 **********************************************************************************************************************************
 Molpro calculation terminated
