
 Working directory              : /tmp/molpro/molpro.ZKGZ73YPSP/
 Global scratch directory       : /tmp/molpro/molpro.ZKGZ73YPSP/
 Wavefunction directory         : /home/molpro/wfu/
 Main file repository           : /tmp/molpro/molpro.ZKGZ73YPSP/

 id        : gskim

 Nodes                nprocs
 localhost.localdomain    1
 GA implementation: MPI file
 GA implementation (serial work in mppx): MPI file

 Using customized tuning parameters: mindgm=1; mindgv=20; mindgc=4; mindgr=1; noblas=0; minvec=7
 default implementation of scratch files=df  


 Variables initialized (1009), CPU time= 0.01 sec
 ***,The CASSCF for NH   3sigi-  excited states
 file,2,nh3sigm-10b-state3.wfu
 memory,1500,M
 geometry={angstrom;
 N
 H,N,r(i)}
 basis=av5z
 r=[1.0,0.99,0.98,0.97,0.96,0.95,0.94,0.93,0.92,0.91,0.90,0.88,0.86,0.85,0.84,0.82,0.80,0.78,0.76,0.74,0.72,0.70]
 
 do i=1,#r
 int;
 
 Text,CASSCF, state averaged orbitals for 3sig- state
 
 {multi;occ,4,1,1;close,1,0,0;start,2130.2;orbital,2140.2;natorb,,ci;wf,8,4,2;state,4;maxiter,40;}
 {ci;occ,4,1,1;core,1,0,0;wf,8,4,2;state,3;maxiter,250;option,maxiti=250;option,nstati=5;orbital,ignore_error=1;}
 
 
 e1(i)=energy(1)
 e2(i)=energy(2)
 e3(i)=energy(3)
 
 
 enddo
 
 table,r,e1,e2,e3
 
 
 Commands initialized (810), CPU time= 0.00 sec, 661 directives.
 Default parameters read. Elapsed time= 0.04 sec

 Checking input...
 Passed
1


                                         ***  PROGRAM SYSTEM MOLPRO  ***
                                       Copyright, TTI GmbH Stuttgart, 2015
                                    Version 2021.2 linked Jul 16 2021 07:37:36


 **********************************************************************************************************************************
 LABEL *   The CASSCF for NH   3sigi-  excited states                                    
  64 bit serial version                                                                  DATE: 03-Oct-22          TIME: 01:38:37  
 **********************************************************************************************************************************

 SHA1:             dade016a989826d9d859d6207854b99675d53db3
 **********************************************************************************************************************************

 Memory per process:      1500 MW
 Total memory per node:   1500 MW

 GA preallocation disabled
 GA check disabled

 Variable memory set to 1500.0 MW



 Permanent file  2  nh3sigm-10b-state3.wfu           assigned.  Implementation=df    Size= 17.30 MB


 PROGRAM * RESTART 


 Reading variables from file 2

 _FNUC           =      0.00000000
 _BASIS          =    AV5Z
 _NELEC          =      8.00000000
 _PROGRAM        =    CI
 _DMX(2:3)       =      0.00000000     0.00000000
 _DMY(2:3)       =      0.00000000     0.00000000
 _DMZ(1:3)       =      0.62985423    -1.62122546    -1.52385958
 _DMX_SCF        =      0.00000000
 _DMY_SCF        =      0.00000000
 _DMZ_SCF        =      0.64099798
 _HOMO           =      1.30000000
 _EHOMO          =     -0.53806747
 _LUMO           =      4.10000000
 _ELUMO          =      0.02319510
 _ENERGD(1:3)    =    -55.16140041   -54.80980863   -54.72536781
 _ENERGD0(1:3)   =    -55.16140041   -54.80980863   -54.72536781
 _ENERGD1(1:3)   =    -55.16165764   -54.80988846   -54.72537380
 _ENERGD2(1:3)   =    -55.16165764   -54.80988846   -54.72537380
 _ENERGD3(1:3)   =    -55.16140041   -54.80980863   -54.72536781
 _ENERGD4(1:3)   =    -55.16165764   -54.80988846   -54.72537380
 _ENERGP(1:3)    =    -55.15444100   -54.80611982   -54.72105728
 _ENERGP0(1:3)   =    -55.15444100   -54.80611982   -54.72105728
 _ENERGP1(1:3)   =    -55.15456910   -54.80615965   -54.72106027
 _ENERGP2(1:3)   =    -55.15456910   -54.80615965   -54.72106027
 _ENERGP3(1:3)   =    -55.15444100   -54.80611982   -54.72105728
 _ENERGP4(1:3)   =    -55.15456910   -54.80615965   -54.72106027
 _ENERGR(1:3)    =    -54.95440188   -54.66298758   -54.56391395
 _ENERGRR(1:3)   =    -54.95422802   -54.66316144   -54.56391395
 _ENERGY(1:3)    =    -55.14749951   -54.80243617   -54.71675358
 _ENERGY_METHOD  =    CI
 _ENERGY_BASIS   =    aug-cc-pV5Z
 _ENERGY_AVRG    =    -54.68310829
 _ENUC           =      3.70424048
 _IPROC_MPP      =      0.00000000
 _IPROC_MPPX     =      0.00000000
 _ORBITAL        =   2140.20000000
 _ROOT(1:3)      =      1.00000000     2.00000000     3.00000000
 _STATUS         =      1.00000000
 _TROV           =     -0.00000000
 _LASTORB        =    MCSCF
 _OUTPUT         =    /home/molpro/NH-2oct2022/dir-1/nh3sigmc10.out
 _PGROUP         =    C2v 
 _TIME           =    01:08:09
 _C0(1:3)        =      0.93290176     0.94972656     0.94664587
 _C0R(1:3)       =      0.93174490     0.94920988     0.94661074
 _DMX_CC(1:4)    =     -0.00000000    -0.00000000    -0.00000000    -0.00000000
 _DMY_CC(1:4)    =     -0.00000000    -0.00000000    -0.00000000    -0.00000000
 _DMZ_CC(1:4)    =      0.25402898     0.25402898     0.25402898     0.25402898
 _DMX_NUC(1:4)   =      0.00000000     0.00000000     0.00000000     0.00000000
 _DMY_NUC(1:4)   =      0.00000000     0.00000000     0.00000000     0.00000000
 _DMZ_NUC(1:4)   =      0.87486034     0.87486034     0.87486034     0.87486034
 _SYM_CATION     =      2.00000000
 R               =      1.00000000
 _TRDMX(1:3)     =     -0.00000000    -0.00000000    -0.00000000
 _TRDMY(1:3)     =     -0.00000000    -0.00000000    -0.00000000
 _TRDMZ(1:3)     =     -0.60529201    -0.00006593     0.00006645

 Geometry written to block  1 of record 700


 **********************************************************************************************************************************
 DATASETS  * FILE   NREC   LENGTH (MB)   RECORD NAMES
              2       7       17.30       500      610      700     1000      520     2100     2140   
                                          VAR    BASINP    GEOM     BASIS   MCVARS     RHF     MCSCF   

 PROGRAMS   *        TOTAL   RESTART
 CPU TIMES  *         0.09      0.00
 REAL TIME  *         0.11 SEC
 DISK USED  *        28.77 MB
 **********************************************************************************************************************************
 SETTING BASIS          =    AV5Z
 SETTING R(1)           =         1.00000000                                  
 SETTING R(2)           =         0.99000000                                  
 SETTING R(3)           =         0.98000000                                  
 SETTING R(4)           =         0.97000000                                  
 SETTING R(5)           =         0.96000000                                  
 SETTING R(6)           =         0.95000000                                  
 SETTING R(7)           =         0.94000000                                  
 SETTING R(8)           =         0.93000000                                  
 SETTING R(9)           =         0.92000000                                  
 SETTING R(10)          =         0.91000000                                  
 SETTING R(11)          =         0.90000000                                  
 SETTING R(12)          =         0.88000000                                  
 SETTING R(13)          =         0.86000000                                  
 SETTING R(14)          =         0.85000000                                  
 SETTING R(15)          =         0.84000000                                  
 SETTING R(16)          =         0.82000000                                  
 SETTING R(17)          =         0.80000000                                  
 SETTING R(18)          =         0.78000000                                  
 SETTING R(19)          =         0.76000000                                  
 SETTING R(20)          =         0.74000000                                  
 SETTING R(21)          =         0.72000000                                  
 SETTING R(22)          =         0.70000000                                  

 DO I                   =         1.00000000   


 Using spherical harmonics

 Library entry N      S aug-cc-pV5Z          selected for orbital group  1
 Library entry N      P aug-cc-pV5Z          selected for orbital group  1
 Library entry N      D aug-cc-pV5Z          selected for orbital group  1
 Library entry N      F aug-cc-pV5Z          selected for orbital group  1
 Library entry N      G aug-cc-pV5Z          selected for orbital group  1
 Library entry N      H aug-cc-pV5Z          selected for orbital group  1
 Library entry H      S aug-cc-pV5Z          selected for orbital group  2
 Library entry H      P aug-cc-pV5Z          selected for orbital group  2
 Library entry H      D aug-cc-pV5Z          selected for orbital group  2
 Library entry H      F aug-cc-pV5Z          selected for orbital group  2
 Library entry H      G aug-cc-pV5Z          selected for orbital group  2


 PROGRAM * SEWARD (Integral evaluation for generally contracted gaussian basis sets)     Author: Roland Lindh, 1990

 Geometry written to block  1 of record 701

 Orientation using atomic masses  
 Molecule type: Linear
 Symmetry elements: X,Y
 Rotational constants:     537.4791300    537.4791300      0.0000000 GHz  (calculated with average atomic masses)

 Point group  C2v 



 ATOMIC COORDINATES

 NR  ATOM    CHARGE       X              Y              Z

   1  N       7.00    0.000000000    0.000000000   -0.126858223
   2  H       1.00    0.000000000    0.000000000    1.762867902

 Bond lengths in Bohr (Angstrom)

 1-2  1.889726125
     ( 1.000000000)

 NUCLEAR CHARGE:                    8
 NUMBER OF PRIMITIVE AOS:         307
 NUMBER OF SYMMETRY AOS:          227
 NUMBER OF CONTRACTIONS:          207   (   77A1  +   50B1  +   50B2  +   30A2  )
 NUMBER OF INNER CORE ORBITALS:     0   (    0A1  +    0B1  +    0B2  +    0A2  )
 NUMBER OF OUTER CORE ORBITALS:     1   (    1A1  +    0B1  +    0B2  +    0A2  )
 NUMBER OF VALENCE ORBITALS:        5   (    3A1  +    1B1  +    1B2  +    0A2  )


 NUCLEAR REPULSION ENERGY    3.70424048

 EXTRA SYMMETRY OF AOS IN SYMMETRY 1:   1 1 1 1 1 1 1 1 1 1   1 1 1 1 2 1 2 1 2 1   2 1 2 1 2 1 2 1 2 1   2 1 3 2 1 3 2 1 3 2
                                        2 3 1 2 3 1 1 1 1 1   1 1 1 1 1 1 1 1 2 1   2 1 2 1 2 1 2 1 2 1   2 1 3 2 1 3 2
 EXTRA SYMMETRY OF AOS IN SYMMETRY 2:   1 1 1 1 1 1 1 1 1 1   1 1 2 1 2 1 2 1 2 1   2 1 2 1 2 1 2 3 1 2   3 1 1 1 1 1 1 1 1 1
                                        1 2 1 2 1 2 1 2 1 2
 EXTRA SYMMETRY OF AOS IN SYMMETRY 3:   1 1 1 1 1 1 1 1 1 1   1 1 2 1 2 1 2 1 2 1   2 1 2 1 2 1 2 3 1 2   3 1 1 1 1 1 1 1 1 1
                                        1 2 1 2 1 2 1 2 1 2
 EXTRA SYMMETRY OF AOS IN SYMMETRY 4:   1 1 1 1 1 1 1 1 1 1   2 1 2 1 2 2 1 2 1 1   1 1 1 1 1 1 1 2 1 2

 Eigenvalues of metric

         1 0.146E-04 0.815E-04 0.227E-03 0.308E-03 0.556E-03 0.729E-03 0.146E-02 0.289E-02
         2 0.292E-03 0.140E-02 0.331E-02 0.481E-02 0.813E-02 0.194E-01 0.283E-01 0.392E-01
         3 0.292E-03 0.140E-02 0.331E-02 0.481E-02 0.813E-02 0.194E-01 0.283E-01 0.392E-01
         4 0.289E-02 0.163E-01 0.425E-01 0.645E-01 0.899E-01 0.115E+00 0.199E+00 0.210E+00


 Contracted 2-electron integrals neglected if value below      1.0D-12
 AO integral compression algorithm  1   Integral accuracy      1.0D-12

     285.475 MB (compressed) written to integral file ( 50.6%)


 NUMBER OF SORTED TWO-ELECTRON INTEGRALS:   59167011.     BUFFER LENGTH:  32768
 NUMBER OF SEGMENTS:   4  SEGMENT LENGTH:   15999984      RECORD LENGTH: 524288

 Memory used in sort:      16.56 MW

 SORT1 READ    70490039. AND WROTE    39593956. INTEGRALS IN    116 RECORDS. CPU TIME:     0.74 SEC, REAL TIME:     0.88 SEC
 SORT2 READ    39593956. AND WROTE    59167011. INTEGRALS IN   1089 RECORDS. CPU TIME:     0.61 SEC, REAL TIME:     0.73 SEC

 FILE SIZES:   FILE 1:   316.6 MBYTE,  FILE 4:   486.6 MBYTE,   TOTAL:    803.2 MBYTE

 OPERATOR DM      FOR CENTER  0  COORDINATES:    0.000000    0.000000    0.000000


 **********************************************************************************************************************************
 DATASETS  * FILE   NREC   LENGTH (MB)   RECORD NAMES
              1      20      249.20       500      700      610      701      900      950      970     1000      129      960   
                                          VAR     GEOM    BASINP    GEOM    SYMINP    ZMAT    AOBASIS   BASIS     P2S    ABASIS    
                                         1100     1400     1410     1200     1210     1080     1600     1650     1300     1700   
                                           S        T        V       H0       H01     AOSYM     SMH    MOLCAS    ERIS     OPER   

              2       8       17.69       500      610      700     1000      520     2100     2140      701   
                                          VAR    BASINP    GEOM     BASIS   MCVARS     RHF     MCSCF    GEOM   

 PROGRAMS   *        TOTAL       INT   RESTART
 CPU TIMES  *         8.46      8.36      0.00
 REAL TIME  *         9.02 SEC
 DISK USED  *       783.71 MB
 **********************************************************************************************************************************

 PROGRAM * MULTI (Direct Multiconfiguration SCF)       Authors: P.J. Knowles, H.-J. Werner (1984)
                                                                D.A. Kreplin, P.J. Knowles, H.-J. Werner (2019)

 Number of closed-shell orbitals:   1 (   1   0   0   0 )
 Number of active  orbitals:        5 (   3   1   1   0 )
 Number of external orbitals:     201 (  73  49  49  30 )

 State symmetry 1

 Number of active electrons:   6    Spin symmetry=Triplet   Space symmetry=4
 Number of states:             4
 Number of CSFs:              12   (15 determinants, 50 intermediate states)

 Molecular orbitals read from record     2140.2  Type=MCSCF/NATURAL (state averaged)

 EXTRA SYMMETRY OF MOS IN SYMMETRY 1:   1 1 1 1 1 1 1 2 1 1   1 1 2 1 1 2 1 1 2 1   2 1 1 1 2 3 1 2 1 1   2 1 2 3 1 1 2 1 1 1
                                        2 3 2 1 3 2 1 1 2 2   1 1 1 2 1 1 2 3 1 3   1 1 2 2 1 2 3 2 1 1   2 1 2 1 1 1 1
 EXTRA SYMMETRY OF MOS IN SYMMETRY 2:   1 1 1 1 1 1 2 1 1 1   2 1 1 1 2 1 1 2 1 2   1 1 1 2 3 1 1 2 1 2   1 2 1 1 1 2 1 3 1 2
                                        1 2 1 2 2 1 1 1 1 1
 EXTRA SYMMETRY OF MOS IN SYMMETRY 3:   1 1 1 1 1 1 2 1 1 1   2 1 1 1 2 1 1 2 1 2   1 1 1 2 3 1 1 2 1 2   1 2 1 1 1 2 1 3 1 2
                                        1 2 1 2 2 1 1 1 1 1
 EXTRA SYMMETRY OF MOS IN SYMMETRY 4:   1 1 1 1 1 1 2 1 1 1   2 1 1 2 1 2 1 1 1 1   1 2 2 1 1 1 2 1 1 1

 Wavefunction dump at record             2140.2

 Convergence thresholds  0.10E-04 (gradient)  0.10E-05 (energy)

 Weight factors for state symmetry  1:    0.25000   0.25000   0.25000   0.25000
 
 Number of orbital rotations:  393  ( 3 closed/active, 73 closed/virtual, 0 active/active, 317 active/virtual )
 Total number of variables:    453
 
  Second-order MCSCF: L-BFGS accelerated
 
 ITER  MIC  NCI  NEG     ENERGY(VAR)    ENERGY(PROJ) ENERGY CHANGE       GRAD(0)  GRAD(ORB)   GRAD(CI)      STEP      TIME
   1    2    2    0    -54.68310829     -54.68310829    0.00000000    0.00000000 0.00000000 0.00000000  0.51E-10      0.31

 CONVERGENCE REACHED!  Final gradient:    0.00000000 ( 0.13E-11)
                       Final energy:    -54.68310829
 
 Results for state 1.4
 =====================
 !MCSCF STATE 1.4 Energy                       -54.954401878078
 Nuclear energy                                  3.70424048
 Kinetic energy                                 55.78115802
 One electron energy                           -82.54883436
 Two electron energy                            23.89019200
 Virial ratio                                    1.98517858
 
 !MCSCF STATE 1.4 Dipole moment                  0.00000000     0.00000000     0.73430256
 Dipole moment /Debye                            0.00000000     0.00000000     1.86641095
 
 Results for state 2.4
 =====================
 !MCSCF STATE 2.4 Energy                       -54.662987577537
 Nuclear energy                                  3.70424048
 Kinetic energy                                 54.51035690
 One electron energy                           -79.57177820
 Two electron energy                            21.20455014
 Virial ratio                                    2.00280003
 
 !MCSCF STATE 2.4 Dipole moment                  0.00000000     0.00000000    -1.71233155
 Dipole moment /Debye                            0.00000000     0.00000000    -4.35231269
 
 Results for state 3.4
 =====================
 !MCSCF STATE 3.4 Energy                       -54.563913951377
 Nuclear energy                                  3.70424048
 Kinetic energy                                 54.57550039
 One electron energy                           -79.56292232
 Two electron energy                            21.29476789
 Virial ratio                                    1.99978770
 
 !MCSCF STATE 3.4 Dipole moment                  0.00000000     0.00000000    -1.62541836
 Dipole moment /Debye                            0.00000000     0.00000000    -4.13140139
 
 Results for state 4.4
 =====================
 !MCSCF STATE 4.4 Energy                       -54.551129758137
 Nuclear energy                                  3.70424048
 Kinetic energy                                 54.62010919
 One electron energy                           -79.58618618
 Two electron energy                            21.33081594
 Virial ratio                                    1.99873711
 
 !MCSCF STATE 4.4 Dipole moment                  0.00000000     0.00000000    -1.40618000
 Dipole moment /Debye                            0.00000000     0.00000000    -3.57415306
 
 State-averaged charge density matrix saved on record 2140.2 (density set 1)
 
 Expectation values: (only non-zero values are shown)
 
 !MCSCF expec                       <1.4|DMZ|1.4>     0.734302564812 au =     1.866410954369 Debye
 !MCSCF expec                       <2.4|DMZ|2.4>    -1.712331553679 au =    -4.352312687502 Debye
 !MCSCF expec                       <3.4|DMZ|3.4>    -1.625418362405 au =    -4.131401390108 Debye
 !MCSCF expec                       <4.4|DMZ|4.4>    -1.406180003015 au =    -3.574153063339 Debye
 
 Transition values: (only non-zero values with the ground state are shown)
 
 !MCSCF trans                       <1.4|DMZ|2.4>    -0.619341371224 au =    -1.574208746011 Debye
 !MCSCF trans                       <1.4|DMZ|4.4>     0.551263046837 au =     1.401170905099 Debye
 
 
 Natural orbital dump (state averaged) at molpro section 2140.2 (Orbital set 2)
 
 Reoptimze the CI vectors with natural orbitals 
 
 CI Coefficients of symmetry 4
 =============================
 
 220 a a        0.99176892     -0.07605755     -0.00000000      0.06026455
 2ab a a        0.07589219      0.85523623      0.00000000     -0.04317809
 2ba a a       -0.07439067     -0.23776422     -0.00000000      0.82254335
 2aa b a       -0.00075076     -0.30873600      0.70675855     -0.38968263
 2aa a b       -0.00075076     -0.30873600     -0.70675855     -0.38968263
 a2b a a        0.05957491     -0.09991872     -0.00000000      0.04486486
 b2a a a       -0.01586611      0.04507264     -0.00000000      0.07081729
 a2a a b       -0.02185440      0.02742304     -0.00399819     -0.05784107
 a2a b a       -0.02185440      0.02742304      0.00399819     -0.05784107
 
 Energy:      -54.95440188    -54.66298758    -54.56391395    -54.55112976
 


 **********************************************************************************************************************************
 DATASETS  * FILE   NREC   LENGTH (MB)   RECORD NAMES
              1      21      252.11       500      700      610      701      900      950      970     1000      129      960   
                                          VAR     GEOM    BASINP    GEOM    SYMINP    ZMAT    AOBASIS   BASIS     P2S    ABASIS    
                                         1100     1400     1410     1200     1210     1080     1600     1650     1300     1700   
                                           S        T        V       H0       H01     AOSYM     SMH    MOLCAS    ERIS     OPER   
                                         1380   
                                         JKOP   

              2       8       17.69       500      610      700     1000      520     2100     2140      701   
                                          VAR    BASINP    GEOM     BASIS   MCVARS     RHF     MCSCF    GEOM   

 PROGRAMS   *        TOTAL     MULTI       INT   RESTART
 CPU TIMES  *         9.04      0.57      8.36      0.00
 REAL TIME  *         9.67 SEC
 DISK USED  *       783.71 MB
 **********************************************************************************************************************************


 PROGRAM * CI (Multireference internally contracted CI)     Authors: H.-J. Werner, P.J. Knowles, 1987


 Convergence thresholds:  THRVAR = 1.00D-08  THRDEN = 1.00D-06

 Number of optimized states: 3  Roots:    1   2   3
 Number of reference states: 3  Roots:    1   2   3

 Program parameters:       NSTATE=  3    NSTATI=  5    NSTATR=  3    NCEPA = -1    NOKOP =  0    ITRDM =  0    ITRANS=  0
                           IDIP  =200    MAXIT =250    MAXITI=250    MAXDAV=  9    MAXVI = 15    NOSING=  0    NOPAIR=  0
                           MXSHRF=  4    IKCPS =  0    IOPTGM=  2    IOPTOR=  0    REFOPT=  1    IAVDEN=  0    IDELCG=  1
                           IREST =  0    NATORB=  0    IPUNRF=  0    ISEP  =  0    OLDDEN=  0    NSTPRI=  1    GPSFLI= -1
                           CLUSTE=  0    CLOSED=  1    ILSTYP=  0    ITRLS =  0    ICCSD =  0    LOCAL =  0    IBASO =  0
                           MP    =  0    ITEDIS=  2    INCDIS=  1    MAXDIS=  6    ITYDIS=  1    BRUECK=  0    IBRSTR=  3
                           INCBRK=  1    TRIPLE=  0    ICCTYP=  2    IHPPD =  0    ICCNEW=  0    I3EXT = -1    IDEB  =  0
                           IDLEIG=  1    IDFTYP=  1    IMP3  =  0    IPROCS=  0    NOINT =  0    NOREF =  1    IMP2G =  0
                           IHINT =  0    IFDIA =  0    ISPARO=  1    JKSYM =  0    CPHF  =  0    MP2D  = -1    DKINT =  0
                           NPKEX =  1    DRVK  =  1    HLSTRA=  1    WIGNER=  1    DIIS_C=  1    MAXIT_= 50    MATEL =  0
                           SPDEG =  1    MEMCPH=  0    DISM  =  1    KDCPMA=  5    IKDCP_=  0    IREDTH=  0    USECS =  0
                           IPROCC=  0    I3SAVE=  1    IKDCP =  1    USECI =  0    OLDPAI=  0    IPROCI=  0    KEEPCL=  1
                           DISCON=  0    SHIFTE=  0    DIISIN=  0    MOLCAS=  0    MEM_PT=  0    RECORD=  0    RS2C  =  0
                           KEXT  = -1    CIPT2 =  0    DECP0S=  0    I4EXT = -1    NATCOR=  0    RIMP2 =  0    DDCI  = -1
                           IPOLAR=  0

 Reference symmetry:                   4   Triplet 
 Number of electrons:                  8
 Maximum number of shells:             3
 Maximum number of spin couplings:     9

 Reference space:        6 conf       12 CSFs
 N elec internal:       35 conf       45 CSFs
 N-1 el internal:       48 conf       96 CSFs
 N-2 el internal:       26 conf      102 CSFs

 Number of electrons in valence space:                      6
 Maximum number of open shell orbitals in reference space:  4
 Maximum number of open shell orbitals in internal spaces:  6


 Number of core orbitals:           1 (   1   0   0   0 )
 Number of active  orbitals:        5 (   3   1   1   0 )
 Number of external orbitals:     201 (  73  49  49  30 )

 Molecular orbitals read from record     2140.2  Type=MCSCF/NATURAL (state averaged)

 Valence orbitals related to previous ones by unitary transformation. Operators transformed.


 Number of p-space configurations:   5

 Reference wavefunction optimized for reference space (refopt=1)

 State     Reference Energy 
     1       -54.95440188
     2       -54.66298758
     3       -54.56391395
     4       -54.55112976
     5       -54.23186866

 Number of blocks in overlap matrix:    13   Smallest eigenvalue:  0.38D-04
 Number of N-2 electron functions:      60
 Number of N-1 electron functions:      96

 Number of internal configurations:                   12
 Number of singly external configurations:          4953
 Number of doubly external configurations:        311592
 Total number of contracted configurations:       316557
 Total number of uncontracted configurations:     529947

 Diagonal Coupling coefficients finished.               Storage:    8081 words, CPU-Time:      0.00 seconds.
 Energy denominators for pairs finished in 1 passes.    Storage:  127229 words, CPU-time:      0.01 seconds.

  ITER. STATE  ROOT     SQ.NORM     CORR.ENERGY   TOTAL ENERGY   ENERGY CHANGE       DEN1      VAR(S)    VAR(P)      TIME
    1     1     1     1.00000000     0.00000000   -54.95440188     0.00000000    -0.20374377  0.63D-01  0.22D-01     0.15
    1     2     2     1.00000000     0.00000000   -54.66298758     0.00000000    -0.13461939  0.34D-01  0.15D-01     0.15
    1     3     3     1.00000000     0.00000000   -54.56391395    -0.00000000    -0.14946254  0.29D-01  0.18D-01     0.15
    2     1     1     1.06736497    -0.18174320   -55.13614508    -0.18174320    -0.00948581  0.22D-02  0.13D-02     1.30
    2     2     2     1.04891974    -0.13497577   -54.79796335    -0.13497577    -0.00356150  0.85D-03  0.53D-03     1.30
    2     3     3     1.04555668    -0.14820135   -54.71211531    -0.14820135    -0.00341791  0.81D-03  0.47D-03     1.30
    3     1     1     1.06846693    -0.19204432   -55.14644620    -0.01030112    -0.00067852  0.84D-04  0.11D-03     2.46
    3     2     2     1.05014669    -0.13891914   -54.80190672    -0.00394337    -0.00030869  0.72D-04  0.52D-04     2.46
    3     3     3     1.05038250    -0.15221509   -54.71612904    -0.00401373    -0.00031995  0.12D-03  0.45D-04     2.46
    4     1     1     1.07126838    -0.19297924   -55.14738112    -0.00093492    -0.00007510  0.64D-05  0.13D-04     3.63
    4     2     2     1.05253612    -0.13936169   -54.80234927    -0.00044255    -0.00004860  0.66D-05  0.88D-05     3.63
    4     3     3     1.05453737    -0.15271933   -54.71663329    -0.00050425    -0.00006434  0.20D-04  0.97D-05     3.63
    5     1     1     1.07194554    -0.19308445   -55.14748632    -0.00010520    -0.00000859  0.11D-05  0.14D-05     4.79
    5     2     2     1.05288034    -0.13943267   -54.80242024    -0.00007097    -0.00000864  0.13D-05  0.16D-05     4.79
    5     3     3     1.05576474    -0.15281871   -54.71673266    -0.00009937    -0.00001159  0.25D-05  0.19D-05     4.79
    6     1     1     1.07186792    -0.19309592   -55.14749779    -0.00001147    -0.00000119  0.13D-06  0.19D-06     5.95
    6     2     2     1.05282541    -0.13944520   -54.80243278    -0.00001254    -0.00000199  0.41D-06  0.35D-06     5.95
    6     3     3     1.05605460    -0.15283494   -54.71674889    -0.00001623    -0.00000242  0.48D-06  0.43D-06     5.95
    7     1     1     1.07190890    -0.19309740   -55.14749927    -0.00000148    -0.00000018  0.19D-07  0.28D-07     7.13
    7     2     2     1.05291269    -0.13944775   -54.80243533    -0.00000255    -0.00000047  0.97D-07  0.77D-07     7.13
    7     3     3     1.05622401    -0.15283836   -54.71675231    -0.00000343    -0.00000067  0.11D-06  0.11D-06     7.13
    8     1     1     1.07192109    -0.19309762   -55.14749950    -0.00000023    -0.00000003  0.29D-08  0.48D-08     8.29
    8     2     2     1.05291613    -0.13944837   -54.80243595    -0.00000062    -0.00000012  0.20D-07  0.21D-07     8.29
    8     3     3     1.05628893    -0.15283932   -54.71675327    -0.00000095    -0.00000018  0.29D-07  0.30D-07     8.29
    9     1     1     1.07192242    -0.19309763   -55.14749951    -0.00000001    -0.00000002  0.25D-08  0.39D-08     9.19
    9     2     2     1.05292062    -0.13944854   -54.80243612    -0.00000017    -0.00000003  0.60D-08  0.60D-08     9.19
    9     3     3     1.05636124    -0.15283963   -54.71675358    -0.00000031    -0.00000002  0.57D-08  0.40D-08     9.19
   10     1     1     1.07192423    -0.19309763   -55.14749951    -0.00000000    -0.00000002  0.26D-08  0.38D-08     9.84
   10     2     2     1.05293465    -0.13944860   -54.80243617    -0.00000006    -0.00000000  0.26D-09  0.53D-09     9.84
   10     3     3     1.05636124    -0.15283963   -54.71675358    -0.00000000    -0.00000002  0.57D-08  0.40D-08     9.84


 =====================================
 Analysis of CPU times by interactions
 =====================================

       I      S      P

 I   0.0%
 S   0.0%   0.2%
 P   0.3%   1.0%  29.0%

 Initialization:   1.4%
 Other:           68.1%

 Total CPU:        9.8 seconds
 =====================================



 gnormi=  0.93290176  gnorms=  0.04006972  gnormp=  0.02702852  gnorm=  1.00000000
 ecorri= -0.18014112  ecorrs= -0.00773289  ecorrp= -0.00522363  ecorr= -0.19309763

 gnormi=  0.94972656  gnorms=  0.03209123  gnormp=  0.01818222  gnorm=  1.00000000
 ecorri= -0.13243804  ecorrs= -0.00447455  ecorrp= -0.00253601  ecorr= -0.13944860

 gnormi=  0.94664587  gnorms=  0.03248506  gnormp=  0.02086907  gnorm=  1.00000000
 ecorri= -0.14468500  ecorrs= -0.00496324  ecorrp= -0.00319138  ecorr= -0.15283963

 Reference coefficients greater than 0.0500000
 =============================================
 220//           0.9619875  -0.0488249  -0.0000021
 2///\          -0.0013557  -0.3396821   0.7942140
 2/\//           0.0727723   0.7675264   0.0000889
 2//\/          -0.0019171  -0.4803831  -0.5614471
 /2\//           0.0283423  -0.0888869   0.0000040

 Coefficients of fixed reference functions:
 ==========================================

 State      Coefficients
 1           0.965071   -0.019915   -0.000000
 2           0.027459    0.973894    0.000000
 3           0.000007   -0.000005    0.972939

 Coefficients of rotated reference functions:
 ============================================

 State      Coefficients
 1           0.965269    0.003663    0.000003
 2           0.003663    0.974274   -0.000002
 3           0.000003   -0.000002    0.972939


 RESULTS FOR STATE 1.4
 =====================

 Coefficient of reference function:   C(0) = 0.96507083 (fixed)   0.96586839 (relaxed)   0.96526934 (rotated)

 Energy contributions of configuration classes

 CLASS          SQ.NORM        ECORR1        ECORR2
 +++++++++++++++++++++++++++++++++++++++++++++++++++
 Internals    0.00124160   -0.00002700   -0.11288233
 Singles      0.04300503   -0.07218586   -0.07499169
 Pairs        0.02900850    0.00000002   -0.00522361
 Total        1.07325514   -0.07221285   -0.19309763
 +++++++++++++++++++++++++++++++++++++++++++++++++++


 Reference energy                     -54.95422802
 Nuclear energy                         3.70424048
 Kinetic energy                        55.28217481
 One electron energy                  -81.83892276
 Two electron energy                   22.98718277
 Virial quotient                       -0.99756386
 Correlation energy                    -0.19327149
 !MRCI STATE 1.4 Energy               -55.147499509292

 Properties without orbital relaxation:

 !MRCI STATE 1.4 Dipole moment          0.00000000     0.00000000     0.62985423
 Dipole moment /Debye                   0.00000000     0.00000000     1.60092978

 Cluster corrected energies           -55.16165764 (Davidson, fixed reference)
 Cluster corrected energies           -55.16140041 (Davidson, relaxed reference)
 Cluster corrected energies           -55.16165764 (Davidson, rotated reference)

 Cluster corrected energies           -55.15456910 (Pople, fixed reference)
 Cluster corrected energies           -55.15444100 (Pople, relaxed reference)
 Cluster corrected energies           -55.15456910 (Pople, rotated reference)



 RESULTS FOR STATE 2.4
 =====================

 Coefficient of reference function:   C(0) = 0.97389388 (fixed)   0.97453915 (relaxed)   0.97427402 (rotated)

 Energy contributions of configuration classes

 CLASS          SQ.NORM        ECORR1        ECORR2
 +++++++++++++++++++++++++++++++++++++++++++++++++++
 Internals    0.00054433   -0.00002676   -0.07876871
 Singles      0.03380836   -0.05654103   -0.05814386
 Pairs        0.01915511   -0.00000002   -0.00253603
 Total        1.05350779   -0.05656781   -0.13944860
 +++++++++++++++++++++++++++++++++++++++++++++++++++


 Reference energy                     -54.66316144
 Nuclear energy                         3.70424048
 Kinetic energy                        54.94487219
 One electron energy                  -79.69924750
 Two electron energy                   21.19257085
 Virial quotient                       -0.99740766
 Correlation energy                    -0.13927474
 !MRCI STATE 2.4 Energy               -54.802436173812

 Properties without orbital relaxation:

 !MRCI STATE 2.4 Dipole moment          0.00000000     0.00000000    -1.62122546
 Dipole moment /Debye                   0.00000000     0.00000000    -4.12074410

 Cluster corrected energies           -54.80988846 (Davidson, fixed reference)
 Cluster corrected energies           -54.80980863 (Davidson, relaxed reference)
 Cluster corrected energies           -54.80988846 (Davidson, rotated reference)

 Cluster corrected energies           -54.80615965 (Pople, fixed reference)
 Cluster corrected energies           -54.80611982 (Pople, relaxed reference)
 Cluster corrected energies           -54.80615965 (Pople, rotated reference)



 RESULTS FOR STATE 3.4
 =====================

 Coefficient of reference function:   C(0) = 0.97293923 (fixed)   0.97295728 (relaxed)   0.97293923 (rotated)

 Energy contributions of configuration classes

 CLASS          SQ.NORM        ECORR1        ECORR2
 +++++++++++++++++++++++++++++++++++++++++++++++++++
 Internals    0.00003711   -0.00000000   -0.00000537
 Singles      0.03431723   -0.06134444   -0.06303254
 Pairs        0.02204610   -0.09149519   -0.08980172
 Total        1.05640044   -0.15283963   -0.15283963
 +++++++++++++++++++++++++++++++++++++++++++++++++++


 Reference energy                     -54.56391395
 Nuclear energy                         3.70424048
 Kinetic energy                        54.96155922
 One electron energy                  -79.71851591
 Two electron energy                   21.29752186
 Virial quotient                       -0.99554588
 Correlation energy                    -0.15283963
 !MRCI STATE 3.4 Energy               -54.716753580872

 Properties without orbital relaxation:

 !MRCI STATE 3.4 Dipole moment          0.00000000     0.00000000    -1.52385958
 Dipole moment /Debye                   0.00000000     0.00000000    -3.87326472

 Cluster corrected energies           -54.72537380 (Davidson, fixed reference)
 Cluster corrected energies           -54.72536781 (Davidson, relaxed reference)
 Cluster corrected energies           -54.72537380 (Davidson, rotated reference)

 Cluster corrected energies           -54.72106027 (Pople, fixed reference)
 Cluster corrected energies           -54.72105728 (Pople, relaxed reference)
 Cluster corrected energies           -54.72106027 (Pople, rotated reference)


 !MRCI trans          <2.4|DMZ|1.4>    -0.605292010062 au =    -1.538498831828 Debye

 !MRCI trans          <3.4|DMZ|1.4>    -0.000065932968 au =    -0.000167584889 Debye

 !MRCI trans          <3.4|DMZ|2.4>     0.000066446712 au =     0.000168890695 Debye


 **********************************************************************************************************************************
 DATASETS  * FILE   NREC   LENGTH (MB)   RECORD NAMES
              1      21      252.11       500      700      610      701      900      950      970     1000      129      960   
                                          VAR     GEOM    BASINP    GEOM    SYMINP    ZMAT    AOBASIS   BASIS     P2S    ABASIS    
                                         1100     1400     1410     1200     1210     1080     1600     1650     1300     1700   
                                           S        T        V       H0       H01     AOSYM     SMH    MOLCAS    ERIS     OPER   
                                         1380   
                                         JKOP   

              2       8       17.69       500      610      700     1000      520     2100     2140      701   
                                          VAR    BASINP    GEOM     BASIS   MCVARS     RHF     MCSCF    GEOM   

 PROGRAMS   *        TOTAL        CI     MULTI       INT   RESTART
 CPU TIMES  *        18.94      9.89      0.57      8.36      0.00
 REAL TIME  *        20.34 SEC
 DISK USED  *       783.71 MB
 **********************************************************************************************************************************
 SETTING E1(1)          =       -55.14749951  AU                              
 SETTING E2(1)          =       -54.80243617  AU                              
 SETTING E3(1)          =       -54.71675358  AU                              

 DO I                   =         2.00000000   


 Using spherical harmonics

 Library entry N      S aug-cc-pV5Z          selected for orbital group  1
 Library entry N      P aug-cc-pV5Z          selected for orbital group  1
 Library entry N      D aug-cc-pV5Z          selected for orbital group  1
 Library entry N      F aug-cc-pV5Z          selected for orbital group  1
 Library entry N      G aug-cc-pV5Z          selected for orbital group  1
 Library entry N      H aug-cc-pV5Z          selected for orbital group  1
 Library entry H      S aug-cc-pV5Z          selected for orbital group  2
 Library entry H      P aug-cc-pV5Z          selected for orbital group  2
 Library entry H      D aug-cc-pV5Z          selected for orbital group  2
 Library entry H      F aug-cc-pV5Z          selected for orbital group  2
 Library entry H      G aug-cc-pV5Z          selected for orbital group  2


 PROGRAM * SEWARD (Integral evaluation for generally contracted gaussian basis sets)     Author: Roland Lindh, 1990

 Geometry written to block  1 of record 701

 Orientation using atomic masses  
 Molecule type: Linear
 Symmetry elements: X,Y
 Rotational constants:     548.3921335    548.3921335      0.0000000 GHz  (calculated with average atomic masses)

 Point group  C2v 



 ATOMIC COORDINATES

 NR  ATOM    CHARGE       X              Y              Z

   1  N       7.00    0.000000000    0.000000000   -0.125589641
   2  H       1.00    0.000000000    0.000000000    1.745239223

 Bond lengths in Bohr (Angstrom)

 1-2  1.870828863
     ( 0.990000000)

 NUCLEAR CHARGE:                    8
 NUMBER OF PRIMITIVE AOS:         307
 NUMBER OF SYMMETRY AOS:          227
 NUMBER OF CONTRACTIONS:          207   (   77A1  +   50B1  +   50B2  +   30A2  )
 NUMBER OF INNER CORE ORBITALS:     0   (    0A1  +    0B1  +    0B2  +    0A2  )
 NUMBER OF OUTER CORE ORBITALS:     1   (    1A1  +    0B1  +    0B2  +    0A2  )
 NUMBER OF VALENCE ORBITALS:        5   (    3A1  +    1B1  +    1B2  +    0A2  )


 NUCLEAR REPULSION ENERGY    3.74165705

 EXTRA SYMMETRY OF AOS IN SYMMETRY 1:   1 1 1 1 1 1 1 1 1 1   1 1 1 1 2 1 2 1 2 1   2 1 2 1 2 1 2 1 2 1   2 1 3 2 1 3 2 1 3 2
                                        2 3 1 2 3 1 1 1 1 1   1 1 1 1 1 1 1 1 2 1   2 1 2 1 2 1 2 1 2 1   2 1 3 2 1 3 2
 EXTRA SYMMETRY OF AOS IN SYMMETRY 2:   1 1 1 1 1 1 1 1 1 1   1 1 2 1 2 1 2 1 2 1   2 1 2 1 2 1 2 3 1 2   3 1 1 1 1 1 1 1 1 1
                                        1 2 1 2 1 2 1 2 1 2
 EXTRA SYMMETRY OF AOS IN SYMMETRY 3:   1 1 1 1 1 1 1 1 1 1   1 1 2 1 2 1 2 1 2 1   2 1 2 1 2 1 2 3 1 2   3 1 1 1 1 1 1 1 1 1
                                        1 2 1 2 1 2 1 2 1 2
 EXTRA SYMMETRY OF AOS IN SYMMETRY 4:   1 1 1 1 1 1 1 1 1 1   2 1 2 1 2 2 1 2 1 1   1 1 1 1 1 1 1 2 1 2

 Eigenvalues of metric

         1 0.142E-04 0.802E-04 0.227E-03 0.299E-03 0.544E-03 0.714E-03 0.139E-02 0.279E-02
         2 0.278E-03 0.133E-02 0.322E-02 0.480E-02 0.794E-02 0.190E-01 0.275E-01 0.377E-01
         3 0.278E-03 0.133E-02 0.322E-02 0.480E-02 0.794E-02 0.190E-01 0.275E-01 0.377E-01
         4 0.279E-02 0.158E-01 0.411E-01 0.628E-01 0.891E-01 0.114E+00 0.198E+00 0.209E+00


 Contracted 2-electron integrals neglected if value below      1.0D-12
 AO integral compression algorithm  1   Integral accuracy      1.0D-12

     285.737 MB (compressed) written to integral file ( 50.7%)


 NUMBER OF SORTED TWO-ELECTRON INTEGRALS:   59167011.     BUFFER LENGTH:  32768
 NUMBER OF SEGMENTS:   4  SEGMENT LENGTH:   15999984      RECORD LENGTH: 524288

 Memory used in sort:      16.56 MW

 SORT1 READ    70490039. AND WROTE    39593956. INTEGRALS IN    116 RECORDS. CPU TIME:     0.75 SEC, REAL TIME:     0.88 SEC
 SORT2 READ    39593956. AND WROTE    59167011. INTEGRALS IN   1090 RECORDS. CPU TIME:     0.61 SEC, REAL TIME:     0.72 SEC

 FILE SIZES:   FILE 1:   316.8 MBYTE,  FILE 4:   486.6 MBYTE,   TOTAL:    803.4 MBYTE

 OPERATOR DM      FOR CENTER  0  COORDINATES:    0.000000    0.000000    0.000000


 **********************************************************************************************************************************
 DATASETS  * FILE   NREC   LENGTH (MB)   RECORD NAMES
              1      20      249.58       500      700      610      701      900      950      970     1000      129      960   
                                          VAR     GEOM    BASINP    GEOM    SYMINP    ZMAT    AOBASIS   BASIS     P2S    ABASIS    
                                         1100     1400     1410     1200     1210     1080     1600     1650     1300     1700   
                                           S        T        V       H0       H01     AOSYM     SMH    MOLCAS    ERIS     OPER   

              2       8       17.69       500      610      700     1000      520     2100     2140      701   
                                          VAR    BASINP    GEOM     BASIS   MCVARS     RHF     MCSCF    GEOM   

 PROGRAMS   *        TOTAL       INT        CI     MULTI       INT   RESTART
 CPU TIMES  *        27.26      8.33      9.89      0.57      8.36      0.00
 REAL TIME  *        29.06 SEC
 DISK USED  *       783.96 MB
 **********************************************************************************************************************************

 PROGRAM * MULTI (Direct Multiconfiguration SCF)       Authors: P.J. Knowles, H.-J. Werner (1984)
                                                                D.A. Kreplin, P.J. Knowles, H.-J. Werner (2019)

 Number of closed-shell orbitals:   1 (   1   0   0   0 )
 Number of active  orbitals:        5 (   3   1   1   0 )
 Number of external orbitals:     201 (  73  49  49  30 )

 State symmetry 1

 Number of active electrons:   6    Spin symmetry=Triplet   Space symmetry=4
 Number of states:             4
 Number of CSFs:              12   (15 determinants, 50 intermediate states)

 Molecular orbitals read from record     2140.2  Type=MCSCF/NATURAL (state averaged)

 EXTRA SYMMETRY OF MOS IN SYMMETRY 1:   1 1 1 1 1 1 1 2 1 1   1 1 2 1 1 2 1 1 2 1   2 1 1 1 2 3 1 2 1 1   2 1 2 3 1 1 2 1 1 1
                                        2 3 2 1 3 2 1 1 2 2   1 1 1 2 1 1 2 3 1 3   1 1 2 2 1 2 3 2 1 1   2 1 2 1 1 1 1
 EXTRA SYMMETRY OF MOS IN SYMMETRY 2:   1 1 1 1 1 1 2 1 1 1   2 1 1 1 2 1 1 2 1 2   1 1 1 2 3 1 1 2 1 2   1 2 1 1 1 2 1 3 1 2
                                        1 2 1 2 2 1 1 1 1 1
 EXTRA SYMMETRY OF MOS IN SYMMETRY 3:   1 1 1 1 1 1 2 1 1 1   2 1 1 1 2 1 1 2 1 2   1 1 1 2 3 1 1 2 1 2   1 2 1 1 1 2 1 3 1 2
                                        1 2 1 2 2 1 1 1 1 1
 EXTRA SYMMETRY OF MOS IN SYMMETRY 4:   1 1 1 1 1 1 2 1 1 1   2 1 1 2 1 2 1 1 1 1   1 2 2 1 1 1 2 1 1 1

 Wavefunction dump at record             2140.2

 Convergence thresholds  0.10E-04 (gradient)  0.10E-05 (energy)

 Weight factors for state symmetry  1:    0.25000   0.25000   0.25000   0.25000
 
 Number of orbital rotations:  393  ( 3 closed/active, 73 closed/virtual, 0 active/active, 317 active/virtual )
 Total number of variables:    453
 
  Second-order MCSCF: L-BFGS accelerated
 
 ITER  MIC  NCI  NEG     ENERGY(VAR)    ENERGY(PROJ) ENERGY CHANGE       GRAD(0)  GRAD(ORB)   GRAD(CI)      STEP      TIME
   1    5    4    0    -54.68110700     -54.68114999   -0.00004299    0.01144302 0.00000886 0.00000000  0.14E-01      0.33
   2    8    6    0    -54.68114991     -54.68114991   -0.00000000    0.00002510 0.00000000 0.00000000  0.62E-04      0.68
   3    3    2    0    -54.68114991     -54.68114991    0.00000000    0.00000000 0.00000000 0.00000000  0.19E-08      0.99

 CONVERGENCE REACHED!  Final gradient:    0.00000000 ( 0.66E-11)
                       Final energy:    -54.68114991
 
 Results for state 1.4
 =====================
 !MCSCF STATE 1.4 Energy                       -54.953154499634
 Nuclear energy                                  3.74165705
 Kinetic energy                                 55.81382468
 One electron energy                           -82.63177968
 Two electron energy                            23.93696813
 Virial ratio                                    1.98457962
 
 !MCSCF STATE 1.4 Dipole moment                  0.00000000     0.00000000     0.74430264
 Dipole moment /Debye                            0.00000000     0.00000000     1.89182862
 
 Results for state 2.4
 =====================
 !MCSCF STATE 2.4 Energy                       -54.662226192696
 Nuclear energy                                  3.74165705
 Kinetic energy                                 54.51293318
 One electron energy                           -79.60420327
 Two electron energy                            21.20032003
 Virial ratio                                    2.00273867
 
 !MCSCF STATE 2.4 Dipole moment                  0.00000000     0.00000000    -1.71769297
 Dipole moment /Debye                            0.00000000     0.00000000    -4.36594004
 
 Results for state 3.4
 =====================
 !MCSCF STATE 3.4 Energy                       -54.561133679471
 Nuclear energy                                  3.74165705
 Kinetic energy                                 54.57746841
 One electron energy                           -79.59907053
 Two electron energy                            21.29627980
 Virial ratio                                    1.99970071
 
 !MCSCF STATE 3.4 Dipole moment                  0.00000000     0.00000000    -1.62535854
 Dipole moment /Debye                            0.00000000     0.00000000    -4.13124932
 
 Results for state 4.4
 =====================
 !MCSCF STATE 4.4 Energy                       -54.548085279093
 Nuclear energy                                  3.74165705
 Kinetic energy                                 54.62379809
 One electron energy                           -79.62080958
 Two electron energy                            21.33106726
 Virial ratio                                    1.99861392
 
 !MCSCF STATE 4.4 Dipole moment                  0.00000000     0.00000000    -1.40792007
 Dipole moment /Debye                            0.00000000     0.00000000    -3.57857588
 
 State-averaged charge density matrix saved on record 2140.2 (density set 1)
 
 Expectation values: (only non-zero values are shown)
 
 !MCSCF expec                       <1.4|DMZ|1.4>     0.744302643108 au =     1.891828618108 Debye
 !MCSCF expec                       <2.4|DMZ|2.4>    -1.717692965706 au =    -4.365940037614 Debye
 !MCSCF expec                       <3.4|DMZ|3.4>    -1.625358535295 au =    -4.131249324762 Debye
 !MCSCF expec                       <4.4|DMZ|4.4>    -1.407920072990 au =    -3.578575880062 Debye
 
 Transition values: (only non-zero values with the ground state are shown)
 
 !MCSCF trans                       <1.4|DMZ|2.4>    -0.595089569476 au =    -1.512566814449 Debye
 !MCSCF trans                       <1.4|DMZ|4.4>     0.528998027784 au =     1.344578871446 Debye
 

 EXTRA SYMMETRY OF MOS IN SYMMETRY 1:   1 1 1 1 1 1 1 2 1 1   1 1 2 1 1 2 1 1 2 1   2 1 1 1 2 3 1 2 1 1   2 1 2 3 1 1 2 1 1 1
                                        2 3 2 1 3 2 1 1 2 2   1 1 1 2 1 1 2 3 1 3   1 1 2 2 1 3 2 2 1 1   2 1 2 1 1 1 1
 EXTRA SYMMETRY OF MOS IN SYMMETRY 4:   1 1 1 1 1 1 2 1 1 1   2 1 1 2 1 2 1 1 1 1   1 2 2 1 1 2 1 1 1 1
 
 Natural orbital dump (state averaged) at molpro section 2140.2 (Orbital set 2)
 
 Reoptimze the CI vectors with natural orbitals 
 
 CI Coefficients of symmetry 4
 =============================
 
 220 a a        0.99258281     -0.06988918      0.00000000      0.05695287
 2ab a a        0.06984669      0.85620514      0.00000000     -0.03669781
 2ba a a       -0.07014508     -0.24493495      0.00000000      0.82095669
 2aa a b        0.00014920     -0.30563509     -0.70678383     -0.39212944
 2aa b a        0.00014920     -0.30563509      0.70678383     -0.39212944
 a2b a a        0.05909404     -0.09894777      0.00000000      0.04147027
 b2a a a       -0.01621503      0.04365873     -0.00000000      0.07232120
 a2a b a       -0.02143951      0.02764452      0.00303761     -0.05689573
 a2a a b       -0.02143951      0.02764452     -0.00303761     -0.05689573
 
 Energy:      -54.95315450    -54.66222619    -54.56113368    -54.54808528
 


 **********************************************************************************************************************************
 DATASETS  * FILE   NREC   LENGTH (MB)   RECORD NAMES
              1      21      252.50       500      700      610      701      900      950      970     1000      129      960   
                                          VAR     GEOM    BASINP    GEOM    SYMINP    ZMAT    AOBASIS   BASIS     P2S    ABASIS    
                                         1100     1400     1410     1200     1210     1080     1600     1650     1300     1700   
                                           S        T        V       H0       H01     AOSYM     SMH    MOLCAS    ERIS     OPER   
                                         1380   
                                         JKOP   

              2       8       17.69       500      610      700     1000      520     2100     2140      701   
                                          VAR    BASINP    GEOM     BASIS   MCVARS     RHF     MCSCF    GEOM   

 PROGRAMS   *        TOTAL     MULTI       INT        CI     MULTI       INT   RESTART
 CPU TIMES  *        28.47      1.21      8.33      9.89      0.57      8.36      0.00
 REAL TIME  *        30.38 SEC
 DISK USED  *       783.96 MB
 **********************************************************************************************************************************


 PROGRAM * CI (Multireference internally contracted CI)     Authors: H.-J. Werner, P.J. Knowles, 1987


 Convergence thresholds:  THRVAR = 1.00D-08  THRDEN = 1.00D-06

 Number of optimized states: 3  Roots:    1   2   3
 Number of reference states: 3  Roots:    1   2   3

 Program parameters:       NSTATE=  3    NSTATI=  5    NSTATR=  3    NCEPA = -1    NOKOP =  0    ITRDM =  0    ITRANS=  0
                           IDIP  =200    MAXIT =250    MAXITI=250    MAXDAV=  9    MAXVI = 15    NOSING=  0    NOPAIR=  0
                           MXSHRF=  4    IKCPS =  0    IOPTGM=  2    IOPTOR=  0    REFOPT=  1    IAVDEN=  0    IDELCG=  1
                           IREST =  0    NATORB=  0    IPUNRF=  0    ISEP  =  0    OLDDEN=  0    NSTPRI=  1    GPSFLI= -1
                           CLUSTE=  0    CLOSED=  1    ILSTYP=  0    ITRLS =  0    ICCSD =  0    LOCAL =  0    IBASO =  0
                           MP    =  0    ITEDIS=  2    INCDIS=  1    MAXDIS=  6    ITYDIS=  1    BRUECK=  0    IBRSTR=  3
                           INCBRK=  1    TRIPLE=  0    ICCTYP=  2    IHPPD =  0    ICCNEW=  0    I3EXT = -1    IDEB  =  0
                           IDLEIG=  1    IDFTYP=  1    IMP3  =  0    IPROCS=  0    NOINT =  0    NOREF =  1    IMP2G =  0
                           IHINT =  0    IFDIA =  0    ISPARO=  1    JKSYM =  0    CPHF  =  0    MP2D  = -1    DKINT =  0
                           NPKEX =  1    DRVK  =  1    HLSTRA=  1    WIGNER=  1    DIIS_C=  1    MAXIT_= 50    MATEL =  0
                           SPDEG =  1    MEMCPH=  0    DISM  =  1    KDCPMA=  5    IKDCP_=  0    IREDTH=  0    USECS =  0
                           IPROCC=  0    I3SAVE=  1    IKDCP =  1    USECI =  0    OLDPAI=  0    IPROCI=  0    KEEPCL=  1
                           DISCON=  0    SHIFTE=  0    DIISIN=  0    MOLCAS=  0    MEM_PT=  0    RECORD=  0    RS2C  =  0
                           KEXT  = -1    CIPT2 =  0    DECP0S=  0    I4EXT = -1    NATCOR=  0    RIMP2 =  0    DDCI  = -1
                           IPOLAR=  0

 Reference symmetry:                   4   Triplet 
 Number of electrons:                  8
 Maximum number of shells:             3
 Maximum number of spin couplings:     9

 Reference space:        6 conf       12 CSFs
 N elec internal:       35 conf       45 CSFs
 N-1 el internal:       48 conf       96 CSFs
 N-2 el internal:       26 conf      102 CSFs

 Number of electrons in valence space:                      6
 Maximum number of open shell orbitals in reference space:  4
 Maximum number of open shell orbitals in internal spaces:  6


 Number of core orbitals:           1 (   1   0   0   0 )
 Number of active  orbitals:        5 (   3   1   1   0 )
 Number of external orbitals:     201 (  73  49  49  30 )

 Molecular orbitals read from record     2140.2  Type=MCSCF/NATURAL (state averaged)

 Valence orbitals related to previous ones by unitary transformation. Operators transformed.


 Number of p-space configurations:   5

 Reference wavefunction optimized for reference space (refopt=1)

 State     Reference Energy 
     1       -54.95315450
     2       -54.66222619
     3       -54.56113368
     4       -54.54808528
     5       -54.22754945

 Number of blocks in overlap matrix:    13   Smallest eigenvalue:  0.37D-04
 Number of N-2 electron functions:      60
 Number of N-1 electron functions:      96

 Number of internal configurations:                   12
 Number of singly external configurations:          4953
 Number of doubly external configurations:        311592
 Total number of contracted configurations:       316557
 Total number of uncontracted configurations:     529947

 Diagonal Coupling coefficients finished.               Storage:    8081 words, CPU-Time:      0.00 seconds.
 Energy denominators for pairs finished in 1 passes.    Storage:  127229 words, CPU-time:      0.00 seconds.

  ITER. STATE  ROOT     SQ.NORM     CORR.ENERGY   TOTAL ENERGY   ENERGY CHANGE       DEN1      VAR(S)    VAR(P)      TIME
    1     1     1     1.00000000     0.00000000   -54.95315450     0.00000000    -0.20476250  0.64D-01  0.22D-01     0.15
    1     2     2     1.00000000     0.00000000   -54.66222619    -0.00000000    -0.13346908  0.33D-01  0.15D-01     0.15
    1     3     3     1.00000000     0.00000000   -54.56113368     0.00000000    -0.14923386  0.29D-01  0.18D-01     0.15
    2     1     1     1.06767440    -0.18224434   -55.13539884    -0.18224434    -0.00956220  0.22D-02  0.13D-02     1.29
    2     2     2     1.04795957    -0.13429774   -54.79652393    -0.13429774    -0.00342663  0.79D-03  0.51D-03     1.29
    2     3     3     1.04534328    -0.14796198   -54.70909566    -0.14796198    -0.00338338  0.79D-03  0.47D-03     1.29
    3     1     1     1.06862282    -0.19261222   -55.14576672    -0.01036788    -0.00067713  0.83D-04  0.11D-03     2.43
    3     2     2     1.04927278    -0.13811177   -54.80033796    -0.00381403    -0.00029642  0.67D-04  0.50D-04     2.43
    3     3     3     1.04998816    -0.15191961   -54.71305328    -0.00395762    -0.00030895  0.12D-03  0.44D-04     2.43
    4     1     1     1.07139121    -0.19354349   -55.14669799    -0.00093126    -0.00007426  0.63D-05  0.13D-04     3.59
    4     2     2     1.05151282    -0.13853546   -54.80076166    -0.00042369    -0.00004656  0.63D-05  0.84D-05     3.59
    4     3     3     1.05397594    -0.15240394   -54.71353762    -0.00048434    -0.00006158  0.19D-04  0.94D-05     3.59
    5     1     1     1.07207382    -0.19364746   -55.14680196    -0.00010397    -0.00000844  0.10D-05  0.14D-05     4.74
    5     2     2     1.05180546    -0.13860323   -54.80082942    -0.00006777    -0.00000826  0.12D-05  0.15D-05     4.74
    5     3     3     1.05516184    -0.15249925   -54.71363293    -0.00009530    -0.00001116  0.25D-05  0.18D-05     4.74
    6     1     1     1.07199670    -0.19365873   -55.14681323    -0.00001127    -0.00000117  0.13D-06  0.18D-06     5.88
    6     2     2     1.05174655    -0.13861523   -54.80084142    -0.00001200    -0.00000190  0.37D-06  0.33D-06     5.88
    6     3     3     1.05544767    -0.15251491   -54.71364859    -0.00001566    -0.00000237  0.58D-06  0.41D-06     5.88
    7     1     1     1.07203767    -0.19366018   -55.14681468    -0.00000145    -0.00000017  0.18D-07  0.27D-07     7.04
    7     2     2     1.05182394    -0.13861765   -54.80084384    -0.00000242    -0.00000044  0.92D-07  0.73D-07     7.04
    7     3     3     1.05562422    -0.15251829   -54.71365197    -0.00000338    -0.00000068  0.14D-06  0.11D-06     7.04
    8     1     1     1.07204979    -0.19366040   -55.14681490    -0.00000022    -0.00000003  0.28D-08  0.47D-08     8.19
    8     2     2     1.05182552    -0.13861824   -54.80084443    -0.00000059    -0.00000011  0.19D-07  0.20D-07     8.19
    8     3     3     1.05569820    -0.15251926   -54.71365294    -0.00000098    -0.00000020  0.58D-07  0.30D-07     8.19
    9     1     1     1.07205096    -0.19366041   -55.14681491    -0.00000001    -0.00000002  0.24D-08  0.39D-08     9.07
    9     2     2     1.05182938    -0.13861839   -54.80084458    -0.00000016    -0.00000003  0.54D-08  0.56D-08     9.07
    9     3     3     1.05578711    -0.15251961   -54.71365329    -0.00000035    -0.00000003  0.16D-07  0.48D-08     9.07
   10     1     1     1.07205259    -0.19366041   -55.14681491    -0.00000000    -0.00000002  0.25D-08  0.37D-08     9.96
   10     2     2     1.05184160    -0.13861844   -54.80084464    -0.00000005    -0.00000000  0.28D-09  0.50D-09     9.96
   10     3     3     1.05579448    -0.15251965   -54.71365333    -0.00000004    -0.00000001  0.83D-08  0.12D-08     9.96


 =====================================
 Analysis of CPU times by interactions
 =====================================

       I      S      P

 I   0.0%
 S   0.0%   0.2%
 P   0.3%   0.9%  29.9%

 Initialization:   1.4%
 Other:           67.3%

 Total CPU:       10.0 seconds
 =====================================



 gnormi=  0.93279006  gnorms=  0.04027859  gnormp=  0.02693135  gnorm=  1.00000000
 ecorri= -0.18064450  ecorrs= -0.00779592  ecorrp= -0.00521999  ecorr= -0.19366041

 gnormi=  0.95071349  gnorms=  0.03122996  gnormp=  0.01805655  gnorm=  1.00000000
 ecorri= -0.13178643  ecorrs= -0.00432860  ecorrp= -0.00250342  ecorr= -0.13861844

 gnormi=  0.94715403  gnorms=  0.03209400  gnormp=  0.02075196  gnorm=  1.00000000
 ecorri= -0.14445961  ecorrs= -0.00489630  ecorrp= -0.00316374  ecorr= -0.15251965

 Reference coefficients greater than 0.0500000
 =============================================
 220//           0.9623294  -0.0450168  -0.0000014
 2///\          -0.0006939  -0.3373393   0.7944255
 2/\//           0.0678429   0.7716578   0.0000661
 2//\/          -0.0009812  -0.4770698  -0.5616333
 /2\//           0.0285228  -0.0876763   0.0000034

 Coefficients of fixed reference functions:
 ==========================================

 State      Coefficients
 1           0.965084   -0.018103   -0.000000
 2           0.025039    0.974508    0.000000
 3           0.000005   -0.000003    0.973202

 Coefficients of rotated reference functions:
 ============================================

 State      Coefficients
 1           0.965247    0.003363    0.000002
 2           0.003363    0.974824   -0.000002
 3           0.000002   -0.000002    0.973202


 RESULTS FOR STATE 1.4
 =====================

 Coefficient of reference function:   C(0) = 0.96508350 (fixed)   0.96581057 (relaxed)   0.96524742 (rotated)

 Energy contributions of configuration classes

 CLASS          SQ.NORM        ECORR1        ECORR2
 +++++++++++++++++++++++++++++++++++++++++++++++++++
 Internals    0.00116719   -0.00002253   -0.11310546
 Singles      0.04323117   -0.07248993   -0.07533498
 Pairs        0.02890552    0.00000002   -0.00521997
 Total        1.07330388   -0.07251245   -0.19366041
 +++++++++++++++++++++++++++++++++++++++++++++++++++


 Reference energy                     -54.95301063
 Nuclear energy                         3.74165705
 Kinetic energy                        55.30022625
 One electron energy                  -81.90635689
 Two electron energy                   23.01788493
 Virial quotient                       -0.99722585
 Correlation energy                    -0.19380427
 !MRCI STATE 1.4 Energy               -55.146814906941

 Properties without orbital relaxation:

 !MRCI STATE 1.4 Dipole moment          0.00000000     0.00000000     0.63278756
 Dipole moment /Debye                   0.00000000     0.00000000     1.60838554

 Cluster corrected energies           -55.16102151 (Davidson, fixed reference)
 Cluster corrected energies           -55.16077901 (Davidson, relaxed reference)
 Cluster corrected energies           -55.16102151 (Davidson, rotated reference)

 Cluster corrected energies           -55.15390869 (Pople, fixed reference)
 Cluster corrected energies           -55.15378792 (Pople, relaxed reference)
 Cluster corrected energies           -55.15390869 (Pople, rotated reference)



 RESULTS FOR STATE 2.4
 =====================

 Coefficient of reference function:   C(0) = 0.97450769 (fixed)   0.97504538 (relaxed)   0.97482352 (rotated)

 Energy contributions of configuration classes

 CLASS          SQ.NORM        ECORR1        ECORR2
 +++++++++++++++++++++++++++++++++++++++++++++++++++
 Internals    0.00045523   -0.00002231   -0.07865343
 Singles      0.03286392   -0.05591291   -0.05746157
 Pairs        0.01900127   -0.00000002   -0.00250344
 Total        1.05232043   -0.05593524   -0.13861844
 +++++++++++++++++++++++++++++++++++++++++++++++++++


 Reference energy                     -54.66237006
 Nuclear energy                         3.74165705
 Kinetic energy                        54.95550094
 One electron energy                  -79.74273382
 Two electron energy                   21.20023214
 Virial quotient                       -0.99718579
 Correlation energy                    -0.13847458
 !MRCI STATE 2.4 Energy               -54.800844637233

 Properties without orbital relaxation:

 !MRCI STATE 2.4 Dipole moment          0.00000000     0.00000000    -1.62129297
 Dipole moment /Debye                   0.00000000     0.00000000    -4.12091569

 Cluster corrected energies           -54.80808969 (Davidson, fixed reference)
 Cluster corrected energies           -54.80802338 (Davidson, relaxed reference)
 Cluster corrected energies           -54.80808969 (Davidson, rotated reference)

 Cluster corrected energies           -54.80446469 (Pople, fixed reference)
 Cluster corrected energies           -54.80443160 (Pople, relaxed reference)
 Cluster corrected energies           -54.80446469 (Pople, rotated reference)



 RESULTS FOR STATE 3.4
 =====================

 Coefficient of reference function:   C(0) = 0.97320169 (fixed)   0.97321839 (relaxed)   0.97320169 (rotated)

 Energy contributions of configuration classes

 CLASS          SQ.NORM        ECORR1        ECORR2
 +++++++++++++++++++++++++++++++++++++++++++++++++++
 Internals    0.00003432   -0.00000000   -0.00000496
 Singles      0.03388583   -0.06109626   -0.06276188
 Pairs        0.02191056   -0.09142340   -0.08975281
 Total        1.05583071   -0.15251965   -0.15251965
 +++++++++++++++++++++++++++++++++++++++++++++++++++


 Reference energy                     -54.56113368
 Nuclear energy                         3.74165705
 Kinetic energy                        54.96497948
 One electron energy                  -79.75293198
 Two electron energy                   21.29762160
 Virial quotient                       -0.99542752
 Correlation energy                    -0.15251965
 !MRCI STATE 3.4 Energy               -54.713653334348

 Properties without orbital relaxation:

 !MRCI STATE 3.4 Dipole moment          0.00000000     0.00000000    -1.52232223
 Dipole moment /Debye                   0.00000000     0.00000000    -3.86935717

 Cluster corrected energies           -54.72216862 (Davidson, fixed reference)
 Cluster corrected energies           -54.72216309 (Davidson, relaxed reference)
 Cluster corrected energies           -54.72216862 (Davidson, rotated reference)

 Cluster corrected energies           -54.71790766 (Pople, fixed reference)
 Cluster corrected energies           -54.71790491 (Pople, relaxed reference)
 Cluster corrected energies           -54.71790766 (Pople, rotated reference)


 !MRCI trans          <2.4|DMZ|1.4>    -0.592676367671 au =    -1.506433067274 Debye

 !MRCI trans          <3.4|DMZ|1.4>    -0.000049498906 au =    -0.000125813670 Debye

 !MRCI trans          <3.4|DMZ|2.4>     0.000051964313 au =     0.000132080109 Debye


 **********************************************************************************************************************************
 DATASETS  * FILE   NREC   LENGTH (MB)   RECORD NAMES
              1      21      252.50       500      700      610      701      900      950      970     1000      129      960   
                                          VAR     GEOM    BASINP    GEOM    SYMINP    ZMAT    AOBASIS   BASIS     P2S    ABASIS    
                                         1100     1400     1410     1200     1210     1080     1600     1650     1300     1700   
                                           S        T        V       H0       H01     AOSYM     SMH    MOLCAS    ERIS     OPER   
                                         1380   
                                         JKOP   

              2       8       17.69       500      610      700     1000      520     2100     2140      701   
                                          VAR    BASINP    GEOM     BASIS   MCVARS     RHF     MCSCF    GEOM   

 PROGRAMS   *        TOTAL        CI     MULTI       INT        CI     MULTI       INT   RESTART
 CPU TIMES  *        38.50     10.02      1.21      8.33      9.89      0.57      8.36      0.00
 REAL TIME  *        41.19 SEC
 DISK USED  *       783.96 MB
 **********************************************************************************************************************************
 SETTING E1(2)          =       -55.14681491  AU                              
 SETTING E2(2)          =       -54.80084464  AU                              
 SETTING E3(2)          =       -54.71365333  AU                              

 DO I                   =         3.00000000   


 Using spherical harmonics

 Library entry N      S aug-cc-pV5Z          selected for orbital group  1
 Library entry N      P aug-cc-pV5Z          selected for orbital group  1
 Library entry N      D aug-cc-pV5Z          selected for orbital group  1
 Library entry N      F aug-cc-pV5Z          selected for orbital group  1
 Library entry N      G aug-cc-pV5Z          selected for orbital group  1
 Library entry N      H aug-cc-pV5Z          selected for orbital group  1
 Library entry H      S aug-cc-pV5Z          selected for orbital group  2
 Library entry H      P aug-cc-pV5Z          selected for orbital group  2
 Library entry H      D aug-cc-pV5Z          selected for orbital group  2
 Library entry H      F aug-cc-pV5Z          selected for orbital group  2
 Library entry H      G aug-cc-pV5Z          selected for orbital group  2


 PROGRAM * SEWARD (Integral evaluation for generally contracted gaussian basis sets)     Author: Roland Lindh, 1990

 Geometry written to block  1 of record 701

 Orientation using atomic masses  
 Molecule type: Linear
 Symmetry elements: X,Y
 Rotational constants:     559.6409101    559.6409101      0.0000000 GHz  (calculated with average atomic masses)

 Point group  C2v 



 ATOMIC COORDINATES

 NR  ATOM    CHARGE       X              Y              Z

   1  N       7.00    0.000000000    0.000000000   -0.124321059
   2  H       1.00    0.000000000    0.000000000    1.727610544

 Bond lengths in Bohr (Angstrom)

 1-2  1.851931602
     ( 0.980000000)

 NUCLEAR CHARGE:                    8
 NUMBER OF PRIMITIVE AOS:         307
 NUMBER OF SYMMETRY AOS:          227
 NUMBER OF CONTRACTIONS:          207   (   77A1  +   50B1  +   50B2  +   30A2  )
 NUMBER OF INNER CORE ORBITALS:     0   (    0A1  +    0B1  +    0B2  +    0A2  )
 NUMBER OF OUTER CORE ORBITALS:     1   (    1A1  +    0B1  +    0B2  +    0A2  )
 NUMBER OF VALENCE ORBITALS:        5   (    3A1  +    1B1  +    1B2  +    0A2  )


 NUCLEAR REPULSION ENERGY    3.77983722

 EXTRA SYMMETRY OF AOS IN SYMMETRY 1:   1 1 1 1 1 1 1 1 1 1   1 1 1 1 2 1 2 1 2 1   2 1 2 1 2 1 2 1 2 1   2 1 3 2 1 3 2 1 3 2
                                        2 3 1 2 3 1 1 1 1 1   1 1 1 1 1 1 1 1 2 1   2 1 2 1 2 1 2 1 2 1   2 1 3 2 1 3 2
 EXTRA SYMMETRY OF AOS IN SYMMETRY 2:   1 1 1 1 1 1 1 1 1 1   1 1 2 1 2 1 2 1 2 1   2 1 2 1 2 1 2 3 1 2   3 1 1 1 1 1 1 1 1 1
                                        1 2 1 2 1 2 1 2 1 2
 EXTRA SYMMETRY OF AOS IN SYMMETRY 3:   1 1 1 1 1 1 1 1 1 1   1 1 2 1 2 1 2 1 2 1   2 1 2 1 2 1 2 3 1 2   3 1 1 1 1 1 1 1 1 1
                                        1 2 1 2 1 2 1 2 1 2
 EXTRA SYMMETRY OF AOS IN SYMMETRY 4:   1 1 1 1 1 1 1 1 1 1   2 1 2 1 2 2 1 2 1 1   1 1 1 1 1 1 1 2 1 2

 Eigenvalues of metric

         1 0.138E-04 0.790E-04 0.226E-03 0.289E-03 0.531E-03 0.698E-03 0.132E-02 0.270E-02
         2 0.265E-03 0.126E-02 0.312E-02 0.479E-02 0.777E-02 0.185E-01 0.267E-01 0.364E-01
         3 0.265E-03 0.126E-02 0.312E-02 0.479E-02 0.777E-02 0.185E-01 0.267E-01 0.364E-01
         4 0.270E-02 0.152E-01 0.397E-01 0.611E-01 0.884E-01 0.113E+00 0.197E+00 0.208E+00


 Contracted 2-electron integrals neglected if value below      1.0D-12
 AO integral compression algorithm  1   Integral accuracy      1.0D-12

     286.261 MB (compressed) written to integral file ( 50.8%)


 NUMBER OF SORTED TWO-ELECTRON INTEGRALS:   59167011.     BUFFER LENGTH:  32768
 NUMBER OF SEGMENTS:   4  SEGMENT LENGTH:   15999984      RECORD LENGTH: 524288

 Memory used in sort:      16.56 MW

 SORT1 READ    70490039. AND WROTE    39593953. INTEGRALS IN    116 RECORDS. CPU TIME:     0.73 SEC, REAL TIME:     0.88 SEC
 SORT2 READ    39593953. AND WROTE    59167011. INTEGRALS IN   1092 RECORDS. CPU TIME:     0.62 SEC, REAL TIME:     0.72 SEC

 FILE SIZES:   FILE 1:   317.4 MBYTE,  FILE 4:   486.6 MBYTE,   TOTAL:    803.9 MBYTE

 OPERATOR DM      FOR CENTER  0  COORDINATES:    0.000000    0.000000    0.000000


 **********************************************************************************************************************************
 DATASETS  * FILE   NREC   LENGTH (MB)   RECORD NAMES
              1      20      249.97       500      700      610      701      900      950      970     1000      129      960   
                                          VAR     GEOM    BASINP    GEOM    SYMINP    ZMAT    AOBASIS   BASIS     P2S    ABASIS    
                                         1100     1400     1410     1200     1210     1080     1600     1650     1300     1700   
                                           S        T        V       H0       H01     AOSYM     SMH    MOLCAS    ERIS     OPER   

              2       8       17.69       500      610      700     1000      520     2100     2140      701   
                                          VAR    BASINP    GEOM     BASIS   MCVARS     RHF     MCSCF    GEOM   

 PROGRAMS   *        TOTAL       INT        CI     MULTI       INT        CI     MULTI       INT   RESTART
 CPU TIMES  *        46.82      8.33     10.02      1.21      8.33      9.89      0.57      8.36      0.00
 REAL TIME  *        49.90 SEC
 DISK USED  *       784.46 MB
 **********************************************************************************************************************************

 PROGRAM * MULTI (Direct Multiconfiguration SCF)       Authors: P.J. Knowles, H.-J. Werner (1984)
                                                                D.A. Kreplin, P.J. Knowles, H.-J. Werner (2019)

 Number of closed-shell orbitals:   1 (   1   0   0   0 )
 Number of active  orbitals:        5 (   3   1   1   0 )
 Number of external orbitals:     201 (  73  49  49  30 )

 State symmetry 1

 Number of active electrons:   6    Spin symmetry=Triplet   Space symmetry=4
 Number of states:             4
 Number of CSFs:              12   (15 determinants, 50 intermediate states)

 Molecular orbitals read from record     2140.2  Type=MCSCF/NATURAL (state averaged)

 EXTRA SYMMETRY OF MOS IN SYMMETRY 1:   1 1 1 1 1 1 1 2 1 1   1 1 2 1 1 2 1 1 2 1   2 1 1 1 2 3 1 2 1 1   2 1 2 3 1 1 2 1 1 1
                                        2 3 2 1 3 2 1 1 2 2   1 1 1 2 1 1 2 3 1 3   1 1 2 2 1 3 2 2 1 1   2 1 2 1 1 1 1
 EXTRA SYMMETRY OF MOS IN SYMMETRY 2:   1 1 1 1 1 1 2 1 1 1   2 1 1 1 2 1 1 2 1 2   1 1 1 2 3 1 1 2 1 2   1 2 1 1 1 2 1 3 1 2
                                        1 2 1 2 2 1 1 1 1 1
 EXTRA SYMMETRY OF MOS IN SYMMETRY 3:   1 1 1 1 1 1 2 1 1 1   2 1 1 1 2 1 1 2 1 2   1 1 1 2 3 1 1 2 1 2   1 2 1 1 1 2 1 3 1 2
                                        1 2 1 2 2 1 1 1 1 1
 EXTRA SYMMETRY OF MOS IN SYMMETRY 4:   1 1 1 1 1 1 2 1 1 1   2 1 1 2 1 2 1 1 1 1   1 2 2 1 1 2 1 1 1 1

 Wavefunction dump at record             2140.2

 Convergence thresholds  0.10E-04 (gradient)  0.10E-05 (energy)

 Weight factors for state symmetry  1:    0.25000   0.25000   0.25000   0.25000
 
 Number of orbital rotations:  393  ( 3 closed/active, 73 closed/virtual, 0 active/active, 317 active/virtual )
 Total number of variables:    453
 
  Second-order MCSCF: L-BFGS accelerated
 
 ITER  MIC  NCI  NEG     ENERGY(VAR)    ENERGY(PROJ) ENERGY CHANGE       GRAD(0)  GRAD(ORB)   GRAD(CI)      STEP      TIME
   1    5    4    0    -54.67900021     -54.67904274   -0.00004253    0.01167742 0.00000827 0.00000000  0.14E-01      0.33
   2    8    6    0    -54.67904266     -54.67904266   -0.00000000    0.00002383 0.00000000 0.00000000  0.58E-04      0.68
   3    3    2    0    -54.67904266     -54.67904266    0.00000000    0.00000000 0.00000000 0.00000000  0.16E-08      0.99

 CONVERGENCE REACHED!  Final gradient:    0.00000000 ( 0.58E-11)
                       Final energy:    -54.67904266
 
 Results for state 1.4
 =====================
 !MCSCF STATE 1.4 Energy                       -54.951757299689
 Nuclear energy                                  3.77983722
 Kinetic energy                                 55.84638772
 One electron energy                           -82.71478461
 Two electron energy                            23.98319009
 Virial ratio                                    1.98398051
 
 !MCSCF STATE 1.4 Dipole moment                  0.00000000     0.00000000     0.75358940
 Dipole moment /Debye                            0.00000000     0.00000000     1.91543321
 
 Results for state 2.4
 =====================
 !MCSCF STATE 2.4 Energy                       -54.661261335013
 Nuclear energy                                  3.77983722
 Kinetic energy                                 54.51706206
 One electron energy                           -79.63927202
 Two electron energy                            21.19817346
 Virial ratio                                    2.00264503
 
 !MCSCF STATE 2.4 Dipole moment                  0.00000000     0.00000000    -1.72133066
 Dipole moment /Debye                            0.00000000     0.00000000    -4.37518614
 
 Results for state 3.4
 =====================
 !MCSCF STATE 3.4 Energy                       -54.558265156176
 Nuclear energy                                  3.77983722
 Kinetic energy                                 54.58063040
 One electron energy                           -79.63735493
 Two electron energy                            21.29925256
 Virial ratio                                    1.99959023
 
 !MCSCF STATE 3.4 Dipole moment                  0.00000000     0.00000000    -1.62407920
 Dipole moment /Debye                            0.00000000     0.00000000    -4.12799757
 
 Results for state 4.4
 =====================
 !MCSCF STATE 4.4 Energy                       -54.544886867962
 Nuclear energy                                  3.77983722
 Kinetic energy                                 54.62837247
 One electron energy                           -79.65753631
 Two electron energy                            21.33281222
 Virial ratio                                    1.99847175
 
 !MCSCF STATE 4.4 Dipole moment                  0.00000000     0.00000000    -1.40844333
 Dipole moment /Debye                            0.00000000     0.00000000    -3.57990586
 
 State-averaged charge density matrix saved on record 2140.2 (density set 1)
 
 Expectation values: (only non-zero values are shown)
 
 !MCSCF expec                       <1.4|DMZ|1.4>     0.753589402393 au =     1.915433205770 Debye
 !MCSCF expec                       <2.4|DMZ|2.4>    -1.721330662649 au =    -4.375186140988 Debye
 !MCSCF expec                       <3.4|DMZ|3.4>    -1.624079196528 au =    -4.127997569964 Debye
 !MCSCF expec                       <4.4|DMZ|4.4>    -1.408443328573 au =    -3.579905863095 Debye
 
 Transition values: (only non-zero values with the ground state are shown)
 
 !MCSCF trans                       <1.4|DMZ|2.4>    -0.570564677313 au =    -1.450230756290 Debye
 !MCSCF trans                       <1.4|DMZ|4.4>     0.507890981894 au =     1.290930111997 Debye
 
 
 Natural orbital dump (state averaged) at molpro section 2140.2 (Orbital set 2)
 
 Reoptimze the CI vectors with natural orbitals 
 
 CI Coefficients of symmetry 4
 =============================
 
 220 a a        0.99332812     -0.06373724      0.00000000      0.05380395
 2ab a a        0.06390550      0.85703726      0.00000000     -0.03096948
 2ba a a       -0.06594898     -0.25129008      0.00000000      0.81951420
 2aa a b        0.00102174     -0.30287359     -0.70680638     -0.39427236
 2aa b a        0.00102174     -0.30287359      0.70680638     -0.39427236
 a2b a a        0.05859063     -0.09795262     -0.00000000      0.03830759
 b2a a a       -0.01652501      0.04232363     -0.00000000      0.07370837
 a2a b a       -0.02103281      0.02781450      0.00212537     -0.05600798
 a2a a b       -0.02103281      0.02781450     -0.00212537     -0.05600798
 
 Energy:      -54.95175730    -54.66126134    -54.55826516    -54.54488687
 


 **********************************************************************************************************************************
 DATASETS  * FILE   NREC   LENGTH (MB)   RECORD NAMES
              1      21      252.89       500      700      610      701      900      950      970     1000      129      960   
                                          VAR     GEOM    BASINP    GEOM    SYMINP    ZMAT    AOBASIS   BASIS     P2S    ABASIS    
                                         1100     1400     1410     1200     1210     1080     1600     1650     1300     1700   
                                           S        T        V       H0       H01     AOSYM     SMH    MOLCAS    ERIS     OPER   
                                         1380   
                                         JKOP   

              2       8       17.69       500      610      700     1000      520     2100     2140      701   
                                          VAR    BASINP    GEOM     BASIS   MCVARS     RHF     MCSCF    GEOM   

 PROGRAMS   *        TOTAL     MULTI       INT        CI     MULTI       INT        CI     MULTI       INT   RESTART
 CPU TIMES  *        48.00      1.18      8.33     10.02      1.21      8.33      9.89      0.57      8.36      0.00
 REAL TIME  *        51.23 SEC
 DISK USED  *       784.46 MB
 **********************************************************************************************************************************


 PROGRAM * CI (Multireference internally contracted CI)     Authors: H.-J. Werner, P.J. Knowles, 1987


 Convergence thresholds:  THRVAR = 1.00D-08  THRDEN = 1.00D-06

 Number of optimized states: 3  Roots:    1   2   3
 Number of reference states: 3  Roots:    1   2   3

 Program parameters:       NSTATE=  3    NSTATI=  5    NSTATR=  3    NCEPA = -1    NOKOP =  0    ITRDM =  0    ITRANS=  0
                           IDIP  =200    MAXIT =250    MAXITI=250    MAXDAV=  9    MAXVI = 15    NOSING=  0    NOPAIR=  0
                           MXSHRF=  4    IKCPS =  0    IOPTGM=  2    IOPTOR=  0    REFOPT=  1    IAVDEN=  0    IDELCG=  1
                           IREST =  0    NATORB=  0    IPUNRF=  0    ISEP  =  0    OLDDEN=  0    NSTPRI=  1    GPSFLI= -1
                           CLUSTE=  0    CLOSED=  1    ILSTYP=  0    ITRLS =  0    ICCSD =  0    LOCAL =  0    IBASO =  0
                           MP    =  0    ITEDIS=  2    INCDIS=  1    MAXDIS=  6    ITYDIS=  1    BRUECK=  0    IBRSTR=  3
                           INCBRK=  1    TRIPLE=  0    ICCTYP=  2    IHPPD =  0    ICCNEW=  0    I3EXT = -1    IDEB  =  0
                           IDLEIG=  1    IDFTYP=  1    IMP3  =  0    IPROCS=  0    NOINT =  0    NOREF =  1    IMP2G =  0
                           IHINT =  0    IFDIA =  0    ISPARO=  1    JKSYM =  0    CPHF  =  0    MP2D  = -1    DKINT =  0
                           NPKEX =  1    DRVK  =  1    HLSTRA=  1    WIGNER=  1    DIIS_C=  1    MAXIT_= 50    MATEL =  0
                           SPDEG =  1    MEMCPH=  0    DISM  =  1    KDCPMA=  5    IKDCP_=  0    IREDTH=  0    USECS =  0
                           IPROCC=  0    I3SAVE=  1    IKDCP =  1    USECI =  0    OLDPAI=  0    IPROCI=  0    KEEPCL=  1
                           DISCON=  0    SHIFTE=  0    DIISIN=  0    MOLCAS=  0    MEM_PT=  0    RECORD=  0    RS2C  =  0
                           KEXT  = -1    CIPT2 =  0    DECP0S=  0    I4EXT = -1    NATCOR=  0    RIMP2 =  0    DDCI  = -1
                           IPOLAR=  0

 Reference symmetry:                   4   Triplet 
 Number of electrons:                  8
 Maximum number of shells:             3
 Maximum number of spin couplings:     9

 Reference space:        6 conf       12 CSFs
 N elec internal:       35 conf       45 CSFs
 N-1 el internal:       48 conf       96 CSFs
 N-2 el internal:       26 conf      102 CSFs

 Number of electrons in valence space:                      6
 Maximum number of open shell orbitals in reference space:  4
 Maximum number of open shell orbitals in internal spaces:  6


 Number of core orbitals:           1 (   1   0   0   0 )
 Number of active  orbitals:        5 (   3   1   1   0 )
 Number of external orbitals:     201 (  73  49  49  30 )

 Molecular orbitals read from record     2140.2  Type=MCSCF/NATURAL (state averaged)

 Valence orbitals related to previous ones by unitary transformation. Operators transformed.


 Number of p-space configurations:   5

 Reference wavefunction optimized for reference space (refopt=1)

 State     Reference Energy 
     1       -54.95175730
     2       -54.66126134
     3       -54.55826516
     4       -54.54488687
     5       -54.22296858

 Number of blocks in overlap matrix:    13   Smallest eigenvalue:  0.33D-04
 Number of N-2 electron functions:      60
 Number of N-1 electron functions:      96

 Number of internal configurations:                   12
 Number of singly external configurations:          4953
 Number of doubly external configurations:        311592
 Total number of contracted configurations:       316557
 Total number of uncontracted configurations:     529947

 Diagonal Coupling coefficients finished.               Storage:    8081 words, CPU-Time:      0.00 seconds.
 Energy denominators for pairs finished in 1 passes.    Storage:  127229 words, CPU-time:      0.01 seconds.

  ITER. STATE  ROOT     SQ.NORM     CORR.ENERGY   TOTAL ENERGY   ENERGY CHANGE       DEN1      VAR(S)    VAR(P)      TIME
    1     1     1     1.00000000     0.00000000   -54.95175730    -0.00000000    -0.20573487  0.65D-01  0.22D-01     0.15
    1     2     2     1.00000000     0.00000000   -54.66126134     0.00000000    -0.13236987  0.32D-01  0.15D-01     0.15
    1     3     3     1.00000000     0.00000000   -54.55826516     0.00000000    -0.14899589  0.28D-01  0.17D-01     0.15
    2     1     1     1.06796060    -0.18272552   -55.13448282    -0.18272552    -0.00962932  0.22D-02  0.13D-02     1.30
    2     2     2     1.04704697    -0.13364719   -54.79490852    -0.13364719    -0.00329889  0.73D-03  0.49D-03     1.30
    2     3     3     1.04513482    -0.14772296   -54.70598812    -0.14772296    -0.00335026  0.77D-03  0.46D-03     1.30
    3     1     1     1.06876323    -0.19315037   -55.14490767    -0.01042486    -0.00067478  0.82D-04  0.11D-03     2.45
    3     2     2     1.04844119    -0.13733871   -54.79860005    -0.00369153    -0.00028467  0.62D-04  0.48D-04     2.45
    3     3     3     1.04961028    -0.15162714   -54.70989230    -0.00390418    -0.00029862  0.11D-03  0.43D-04     2.45
    4     1     1     1.07149607    -0.19407651   -55.14583381    -0.00092614    -0.00007330  0.62D-05  0.13D-04     3.61
    4     2     2     1.05054374    -0.13774456   -54.79900589    -0.00040585    -0.00004462  0.60D-05  0.80D-05     3.61
    4     3     3     1.05345013    -0.15209295   -54.71035810    -0.00046581    -0.00005907  0.18D-04  0.90D-05     3.61
    5     1     1     1.07218320    -0.19417906   -55.14593636    -0.00010255    -0.00000827  0.10D-05  0.14D-05     4.78
    5     2     2     1.05079022    -0.13780930   -54.79907063    -0.00006474    -0.00000790  0.12D-05  0.14D-05     4.78
    5     3     3     1.05460622    -0.15218461   -54.71044976    -0.00009166    -0.00001082  0.26D-05  0.17D-05     4.78
    6     1     1     1.07210700    -0.19419011   -55.14594741    -0.00001105    -0.00000115  0.12D-06  0.18D-06     5.95
    6     2     2     1.05072844    -0.13782077   -54.79908211    -0.00001148    -0.00000180  0.33D-06  0.32D-06     5.95
    6     3     3     1.05489567    -0.15219989   -54.71046504    -0.00001528    -0.00000238  0.77D-06  0.40D-06     5.95
    7     1     1     1.07214782    -0.19419153   -55.14594883    -0.00000142    -0.00000017  0.18D-07  0.26D-07     7.12
    7     2     2     1.05079680    -0.13782308   -54.79908441    -0.00000230    -0.00000042  0.86D-07  0.68D-07     7.12
    7     3     3     1.05508718    -0.15220332   -54.71046847    -0.00000343    -0.00000073  0.22D-06  0.11D-06     7.12
    8     1     1     1.07215985    -0.19419175   -55.14594904    -0.00000021    -0.00000003  0.27D-08  0.45D-08     8.29
    8     2     2     1.05079687    -0.13782363   -54.79908496    -0.00000055    -0.00000011  0.18D-07  0.18D-07     8.29
    8     3     3     1.05517639    -0.15220439   -54.71046954    -0.00000107    -0.00000023  0.11D-06  0.32D-07     8.29
    9     1     1     1.07216087    -0.19419175   -55.14594905    -0.00000001    -0.00000002  0.24D-08  0.38D-08     9.18
    9     2     2     1.05080022    -0.13782377   -54.79908511    -0.00000015    -0.00000003  0.50D-08  0.52D-08     9.18
    9     3     3     1.05529595    -0.15220483   -54.71046999    -0.00000045    -0.00000005  0.32D-07  0.72D-08     9.18
   10     1     1     1.07216233    -0.19419175   -55.14594905    -0.00000000    -0.00000002  0.25D-08  0.37D-08    10.06
   10     2     2     1.05081099    -0.13782382   -54.79908516    -0.00000005    -0.00000000  0.27D-09  0.48D-09    10.06
   10     3     3     1.05531078    -0.15220491   -54.71047006    -0.00000007    -0.00000002  0.17D-07  0.28D-08    10.06
   11     1     1     1.07216233    -0.19419175   -55.14594905    -0.00000000    -0.00000002  0.25D-08  0.37D-08    10.71
   11     2     2     1.05081099    -0.13782382   -54.79908516    -0.00000000    -0.00000000  0.27D-09  0.48D-09    10.71
   11     3     3     1.05533783    -0.15220495   -54.71047010    -0.00000004    -0.00000001  0.26D-08  0.22D-08    10.71


 =====================================
 Analysis of CPU times by interactions
 =====================================

       I      S      P

 I   0.0%
 S   0.0%   0.1%
 P   0.0%   0.7%  29.7%

 Initialization:   1.3%
 Other:           68.2%

 Total CPU:       10.7 seconds
 =====================================



 gnormi=  0.93269458  gnorms=  0.04048150  gnormp=  0.02682391  gnorm=  1.00000000
 ecorri= -0.18112160  ecorrs= -0.00785679  ecorrp= -0.00521336  ecorr= -0.19419175

 gnormi=  0.95164593  gnorms=  0.03042048  gnormp=  0.01793360  gnorm=  1.00000000
 ecorri= -0.13115948  ecorrs= -0.00419224  ecorrp= -0.00247211  ecorr= -0.13782382

 gnormi=  0.94756387  gnorms=  0.03180684  gnormp=  0.02062929  gnorm=  1.00000000
 ecorri= -0.14422391  ecorrs= -0.00484230  ecorrp= -0.00313874  ecorr= -0.15220495

 Reference coefficients greater than 0.0500000
 =============================================
 220//           0.9626427  -0.0412928  -0.0000007
 2///\          -0.0000620  -0.3352693   0.7945820
 2/\//           0.0630358   0.7753335   0.0000293
 2//\/          -0.0000876  -0.4741424  -0.5618052
 /2\//           0.0286732  -0.0864632   0.0000017

 Coefficients of fixed reference functions:
 ==========================================

 State      Coefficients
 1           0.965100   -0.016251   -0.000000
 2           0.022582    0.975079    0.000000
 3           0.000002   -0.000001    0.973413

 Coefficients of rotated reference functions:
 ============================================

 State      Coefficients
 1           0.965232    0.003065    0.000001
 2           0.003065    0.975335   -0.000001
 3           0.000001   -0.000001    0.973413


 RESULTS FOR STATE 1.4
 =====================

 Coefficient of reference function:   C(0) = 0.96509999 (fixed)   0.96576114 (relaxed)   0.96523194 (rotated)

 Energy contributions of configuration classes

 CLASS          SQ.NORM        ECORR1        ECORR2
 +++++++++++++++++++++++++++++++++++++++++++++++++++
 Internals    0.00109682   -0.00001845   -0.11329978
 Singles      0.04345035   -0.07279577   -0.07567863
 Pairs        0.02879113    0.00000001   -0.00521335
 Total        1.07333830   -0.07281421   -0.19419175
 +++++++++++++++++++++++++++++++++++++++++++++++++++


 Reference energy                     -54.95164097
 Nuclear energy                         3.77983722
 Kinetic energy                        55.31880441
 One electron energy                  -81.97466715
 Two electron energy                   23.04888087
 Virial quotient                       -0.99687529
 Correlation energy                    -0.19430808
 !MRCI STATE 1.4 Energy               -55.145949053276

 Properties without orbital relaxation:

 !MRCI STATE 1.4 Dipole moment          0.00000000     0.00000000     0.63555917
 Dipole moment /Debye                   0.00000000     0.00000000     1.61543027

 Cluster corrected energies           -55.16019928 (Davidson, fixed reference)
 Cluster corrected energies           -55.15997078 (Davidson, relaxed reference)
 Cluster corrected energies           -55.16019928 (Davidson, rotated reference)

 Cluster corrected energies           -55.15306461 (Pople, fixed reference)
 Cluster corrected energies           -55.15295081 (Pople, relaxed reference)
 Cluster corrected energies           -55.15306461 (Pople, rotated reference)



 RESULTS FOR STATE 2.4
 =====================

 Coefficient of reference function:   C(0) = 0.97507872 (fixed)   0.97552341 (relaxed)   0.97533535 (rotated)

 Energy contributions of configuration classes

 CLASS          SQ.NORM        ECORR1        ECORR2
 +++++++++++++++++++++++++++++++++++++++++++++++++++
 Internals    0.00038567   -0.00001826   -0.07854850
 Singles      0.03197850   -0.05530549   -0.05680319
 Pairs        0.01885209   -0.00000002   -0.00247213
 Total        1.05121626   -0.05532378   -0.13782382
 +++++++++++++++++++++++++++++++++++++++++++++++++++


 Reference energy                     -54.66137766
 Nuclear energy                         3.77983722
 Kinetic energy                        54.96709595
 One electron energy                  -79.78813598
 Two electron energy                   21.20921360
 Virial quotient                       -0.99694343
 Correlation energy                    -0.13770749
 !MRCI STATE 2.4 Energy               -54.799085158007

 Properties without orbital relaxation:

 !MRCI STATE 2.4 Dipole moment          0.00000000     0.00000000    -1.62051127
 Dipole moment /Debye                   0.00000000     0.00000000    -4.11892880

 Cluster corrected energies           -54.80613802 (Davidson, fixed reference)
 Cluster corrected energies           -54.80608221 (Davidson, relaxed reference)
 Cluster corrected energies           -54.80613802 (Davidson, rotated reference)

 Cluster corrected energies           -54.80260928 (Pople, fixed reference)
 Cluster corrected energies           -54.80258143 (Pople, relaxed reference)
 Cluster corrected energies           -54.80260928 (Pople, rotated reference)



 RESULTS FOR STATE 3.4
 =====================

 Coefficient of reference function:   C(0) = 0.97341341 (fixed)   0.97342892 (relaxed)   0.97341341 (rotated)

 Energy contributions of configuration classes

 CLASS          SQ.NORM        ECORR1        ECORR2
 +++++++++++++++++++++++++++++++++++++++++++++++++++
 Internals    0.00003187   -0.00000000   -0.00000460
 Singles      0.03356803   -0.06085290   -0.06250248
 Pairs        0.02177157   -0.09135205   -0.08969788
 Total        1.05537146   -0.15220495   -0.15220495
 +++++++++++++++++++++++++++++++++++++++++++++++++++


 Reference energy                     -54.55826516
 Nuclear energy                         3.77983722
 Kinetic energy                        54.96933928
 One electron energy                  -79.78936338
 Two electron energy                   21.29905605
 Virial quotient                       -0.99529066
 Correlation energy                    -0.15220495
 !MRCI STATE 3.4 Energy               -54.710470104903

 Properties without orbital relaxation:

 !MRCI STATE 3.4 Dipole moment          0.00000000     0.00000000    -1.51868948
 Dipole moment /Debye                   0.00000000     0.00000000    -3.86012364

 Cluster corrected energies           -54.71889792 (Davidson, fixed reference)
 Cluster corrected energies           -54.71889280 (Davidson, relaxed reference)
 Cluster corrected energies           -54.71889792 (Davidson, rotated reference)

 Cluster corrected energies           -54.71468079 (Pople, fixed reference)
 Cluster corrected energies           -54.71467823 (Pople, relaxed reference)
 Cluster corrected energies           -54.71468079 (Pople, rotated reference)


 !MRCI trans          <2.4|DMZ|1.4>    -0.580002629868 au =    -1.474219638909 Debye

 !MRCI trans          <3.4|DMZ|1.4>    -0.000023564614 au =    -0.000059895275 Debye

 !MRCI trans          <3.4|DMZ|2.4>     0.000023985096 au =     0.000060964034 Debye


 **********************************************************************************************************************************
 DATASETS  * FILE   NREC   LENGTH (MB)   RECORD NAMES
              1      21      252.89       500      700      610      701      900      950      970     1000      129      960   
                                          VAR     GEOM    BASINP    GEOM    SYMINP    ZMAT    AOBASIS   BASIS     P2S    ABASIS    
                                         1100     1400     1410     1200     1210     1080     1600     1650     1300     1700   
                                           S        T        V       H0       H01     AOSYM     SMH    MOLCAS    ERIS     OPER   
                                         1380   
                                         JKOP   

              2       8       17.69       500      610      700     1000      520     2100     2140      701   
                                          VAR    BASINP    GEOM     BASIS   MCVARS     RHF     MCSCF    GEOM   

 PROGRAMS   *        TOTAL        CI     MULTI       INT        CI     MULTI       INT        CI     MULTI       INT   RESTART
 CPU TIMES  *        58.77     10.77      1.18      8.33     10.02      1.21      8.33      9.89      0.57      8.36      0.00
 REAL TIME  *        62.84 SEC
 DISK USED  *       784.46 MB
 **********************************************************************************************************************************
 SETTING E1(3)          =       -55.14594905  AU                              
 SETTING E2(3)          =       -54.79908516  AU                              
 SETTING E3(3)          =       -54.71047010  AU                              

 DO I                   =         4.00000000   


 Using spherical harmonics

 Library entry N      S aug-cc-pV5Z          selected for orbital group  1
 Library entry N      P aug-cc-pV5Z          selected for orbital group  1
 Library entry N      D aug-cc-pV5Z          selected for orbital group  1
 Library entry N      F aug-cc-pV5Z          selected for orbital group  1
 Library entry N      G aug-cc-pV5Z          selected for orbital group  1
 Library entry N      H aug-cc-pV5Z          selected for orbital group  1
 Library entry H      S aug-cc-pV5Z          selected for orbital group  2
 Library entry H      P aug-cc-pV5Z          selected for orbital group  2
 Library entry H      D aug-cc-pV5Z          selected for orbital group  2
 Library entry H      F aug-cc-pV5Z          selected for orbital group  2
 Library entry H      G aug-cc-pV5Z          selected for orbital group  2


 PROGRAM * SEWARD (Integral evaluation for generally contracted gaussian basis sets)     Author: Roland Lindh, 1990

 Geometry written to block  1 of record 701

 Orientation using atomic masses  
 Molecule type: Linear
 Symmetry elements: X,Y
 Rotational constants:     571.2393772    571.2393772      0.0000000 GHz  (calculated with average atomic masses)

 Point group  C2v 



 ATOMIC COORDINATES

 NR  ATOM    CHARGE       X              Y              Z

   1  N       7.00    0.000000000    0.000000000   -0.123052476
   2  H       1.00    0.000000000    0.000000000    1.709981865

 Bond lengths in Bohr (Angstrom)

 1-2  1.833034341
     ( 0.970000000)

 NUCLEAR CHARGE:                    8
 NUMBER OF PRIMITIVE AOS:         307
 NUMBER OF SYMMETRY AOS:          227
 NUMBER OF CONTRACTIONS:          207   (   77A1  +   50B1  +   50B2  +   30A2  )
 NUMBER OF INNER CORE ORBITALS:     0   (    0A1  +    0B1  +    0B2  +    0A2  )
 NUMBER OF OUTER CORE ORBITALS:     1   (    1A1  +    0B1  +    0B2  +    0A2  )
 NUMBER OF VALENCE ORBITALS:        5   (    3A1  +    1B1  +    1B2  +    0A2  )


 NUCLEAR REPULSION ENERGY    3.81880461

 EXTRA SYMMETRY OF AOS IN SYMMETRY 1:   1 1 1 1 1 1 1 1 1 1   1 1 1 1 2 1 2 1 2 1   2 1 2 1 2 1 2 1 2 1   2 1 3 2 1 3 2 1 3 2
                                        2 3 1 2 3 1 1 1 1 1   1 1 1 1 1 1 1 1 2 1   2 1 2 1 2 1 2 1 2 1   2 1 3 2 1 3 2
 EXTRA SYMMETRY OF AOS IN SYMMETRY 2:   1 1 1 1 1 1 1 1 1 1   1 1 2 1 2 1 2 1 2 1   2 1 2 1 2 1 2 3 1 2   3 1 1 1 1 1 1 1 1 1
                                        1 2 1 2 1 2 1 2 1 2
 EXTRA SYMMETRY OF AOS IN SYMMETRY 3:   1 1 1 1 1 1 1 1 1 1   1 1 2 1 2 1 2 1 2 1   2 1 2 1 2 1 2 3 1 2   3 1 1 1 1 1 1 1 1 1
                                        1 2 1 2 1 2 1 2 1 2
 EXTRA SYMMETRY OF AOS IN SYMMETRY 4:   1 1 1 1 1 1 1 1 1 1   2 1 2 1 2 2 1 2 1 1   1 1 1 1 1 1 1 2 1 2

 Eigenvalues of metric

         1 0.134E-04 0.778E-04 0.225E-03 0.280E-03 0.519E-03 0.680E-03 0.126E-02 0.262E-02
         2 0.252E-03 0.120E-02 0.303E-02 0.478E-02 0.759E-02 0.180E-01 0.260E-01 0.350E-01
         3 0.252E-03 0.120E-02 0.303E-02 0.478E-02 0.759E-02 0.180E-01 0.260E-01 0.350E-01
         4 0.262E-02 0.146E-01 0.383E-01 0.595E-01 0.878E-01 0.112E+00 0.196E+00 0.208E+00


 Contracted 2-electron integrals neglected if value below      1.0D-12
 AO integral compression algorithm  1   Integral accuracy      1.0D-12

     286.786 MB (compressed) written to integral file ( 50.8%)


 NUMBER OF SORTED TWO-ELECTRON INTEGRALS:   59167011.     BUFFER LENGTH:  32768
 NUMBER OF SEGMENTS:   4  SEGMENT LENGTH:   15999984      RECORD LENGTH: 524288

 Memory used in sort:      16.56 MW

 SORT1 READ    70490039. AND WROTE    39593948. INTEGRALS IN    116 RECORDS. CPU TIME:     0.74 SEC, REAL TIME:     0.88 SEC
 SORT2 READ    39593948. AND WROTE    59167011. INTEGRALS IN   1094 RECORDS. CPU TIME:     0.61 SEC, REAL TIME:     0.72 SEC

 FILE SIZES:   FILE 1:   317.9 MBYTE,  FILE 4:   486.6 MBYTE,   TOTAL:    804.5 MBYTE

 OPERATOR DM      FOR CENTER  0  COORDINATES:    0.000000    0.000000    0.000000


 **********************************************************************************************************************************
 DATASETS  * FILE   NREC   LENGTH (MB)   RECORD NAMES
              1      20      250.36       500      700      610      701      900      950      970     1000      129      960   
                                          VAR     GEOM    BASINP    GEOM    SYMINP    ZMAT    AOBASIS   BASIS     P2S    ABASIS    
                                         1100     1400     1410     1200     1210     1080     1600     1650     1300     1700   
                                           S        T        V       H0       H01     AOSYM     SMH    MOLCAS    ERIS     OPER   

              2       8       17.69       500      610      700     1000      520     2100     2140      701   
                                          VAR    BASINP    GEOM     BASIS   MCVARS     RHF     MCSCF    GEOM   

 PROGRAMS   *        TOTAL       INT        CI     MULTI       INT        CI     MULTI       INT        CI     MULTI       INT
 CPU TIMES  *        67.09      8.31     10.77      1.18      8.33     10.02      1.21      8.33      9.89      0.57      8.36
 REAL TIME  *        71.56 SEC
 DISK USED  *       784.96 MB
 **********************************************************************************************************************************

 PROGRAM * MULTI (Direct Multiconfiguration SCF)       Authors: P.J. Knowles, H.-J. Werner (1984)
                                                                D.A. Kreplin, P.J. Knowles, H.-J. Werner (2019)

 Number of closed-shell orbitals:   1 (   1   0   0   0 )
 Number of active  orbitals:        5 (   3   1   1   0 )
 Number of external orbitals:     201 (  73  49  49  30 )

 State symmetry 1

 Number of active electrons:   6    Spin symmetry=Triplet   Space symmetry=4
 Number of states:             4
 Number of CSFs:              12   (15 determinants, 50 intermediate states)

 Molecular orbitals read from record     2140.2  Type=MCSCF/NATURAL (state averaged)

 EXTRA SYMMETRY OF MOS IN SYMMETRY 1:   1 1 1 1 1 1 1 2 1 1   1 1 2 1 1 2 1 1 2 1   2 1 1 1 2 3 1 2 1 1   2 1 2 3 1 1 2 1 1 1
                                        2 3 2 1 3 2 1 1 2 2   1 1 1 2 1 1 2 3 1 3   1 1 2 2 1 3 2 2 1 1   2 1 2 1 1 1 1
 EXTRA SYMMETRY OF MOS IN SYMMETRY 2:   1 1 1 1 1 1 2 1 1 1   2 1 1 1 2 1 1 2 1 2   1 1 1 2 3 1 1 2 1 2   1 2 1 1 1 2 1 3 1 2
                                        1 2 1 2 2 1 1 1 1 1
 EXTRA SYMMETRY OF MOS IN SYMMETRY 3:   1 1 1 1 1 1 2 1 1 1   2 1 1 1 2 1 1 2 1 2   1 1 1 2 3 1 1 2 1 2   1 2 1 1 1 2 1 3 1 2
                                        1 2 1 2 2 1 1 1 1 1
 EXTRA SYMMETRY OF MOS IN SYMMETRY 4:   1 1 1 1 1 1 2 1 1 1   2 1 1 2 1 2 1 1 1 1   1 2 2 1 1 2 1 1 1 1

 Wavefunction dump at record             2140.2

 Convergence thresholds  0.10E-04 (gradient)  0.10E-05 (energy)

 Weight factors for state symmetry  1:    0.25000   0.25000   0.25000   0.25000
 
 Number of orbital rotations:  393  ( 3 closed/active, 73 closed/virtual, 0 active/active, 317 active/virtual )
 Total number of variables:    453
 
  Second-order MCSCF: L-BFGS accelerated
 
 ITER  MIC  NCI  NEG     ENERGY(VAR)    ENERGY(PROJ) ENERGY CHANGE       GRAD(0)  GRAD(ORB)   GRAD(CI)      STEP      TIME
   1    5    4    0    -54.67673074     -54.67677287   -0.00004213    0.01191768 0.00000769 0.00000000  0.13E-01      0.34
   2    7    6    0    -54.67677280     -54.67677280   -0.00000000    0.00002260 0.00000000 0.00000000  0.54E-04      0.69
   3    3    2    0    -54.67677280     -54.67677280    0.00000000    0.00000000 0.00000000 0.00000000  0.14E-08      1.00

 CONVERGENCE REACHED!  Final gradient:    0.00000000 ( 0.48E-11)
                       Final energy:    -54.67677280
 
 Results for state 1.4
 =====================
 !MCSCF STATE 1.4 Energy                       -54.950197214521
 Nuclear energy                                  3.81880461
 Kinetic energy                                 55.87887518
 One electron energy                           -82.79787817
 Two electron energy                            24.02887634
 Virial ratio                                    1.98338052
 
 !MCSCF STATE 1.4 Dipole moment                  0.00000000     0.00000000     0.76216440
 Dipole moment /Debye                            0.00000000     0.00000000     1.93722867
 
 Results for state 2.4
 =====================
 !MCSCF STATE 2.4 Energy                       -54.660078745406
 Nuclear energy                                  3.81880461
 Kinetic energy                                 54.52272534
 One electron energy                           -79.67696841
 Two electron energy                            21.19808505
 Virial ratio                                    2.00251920
 
 !MCSCF STATE 2.4 Dipole moment                  0.00000000     0.00000000    -1.72335252
 Dipole moment /Debye                            0.00000000     0.00000000    -4.38032519
 
 Results for state 3.4
 =====================
 !MCSCF STATE 3.4 Energy                       -54.555290851340
 Nuclear energy                                  3.81880461
 Kinetic energy                                 54.58499134
 One electron energy                           -79.67775880
 Two electron energy                            21.30366333
 Virial ratio                                    1.99945589
 
 !MCSCF STATE 3.4 Dipole moment                  0.00000000     0.00000000    -1.62168841
 Dipole moment /Debye                            0.00000000     0.00000000    -4.12192080
 
 Results for state 4.4
 =====================
 !MCSCF STATE 4.4 Energy                       -54.541524406333
 Nuclear energy                                  3.81880461
 Kinetic energy                                 54.63386253
 One electron energy                           -79.69634361
 Two electron energy                            21.33601459
 Virial ratio                                    1.99830987
 
 !MCSCF STATE 4.4 Dipole moment                  0.00000000     0.00000000    -1.40787260
 Dipole moment /Debye                            0.00000000     0.00000000    -3.57845522
 
 State-averaged charge density matrix saved on record 2140.2 (density set 1)
 
 Expectation values: (only non-zero values are shown)
 
 !MCSCF expec                       <1.4|DMZ|1.4>     0.762164398934 au =     1.937228672984 Debye
 !MCSCF expec                       <2.4|DMZ|2.4>    -1.723352521365 au =    -4.380325193250 Debye
 !MCSCF expec                       <3.4|DMZ|3.4>    -1.621688410644 au =    -4.121920798374 Debye
 !MCSCF expec                       <4.4|DMZ|4.4>    -1.407872600327 au =    -3.578455216589 Debye
 
 Transition values: (only non-zero values with the ground state are shown)
 
 !MCSCF trans                       <1.4|DMZ|2.4>    -0.545933042279 au =    -1.387623384812 Debye
 !MCSCF trans                       <1.4|DMZ|4.4>     0.487846336122 au =     1.239981704298 Debye
 

 EXTRA SYMMETRY OF MOS IN SYMMETRY 1:   1 1 1 1 1 1 1 2 1 1   1 1 2 1 1 2 1 1 2 1   2 1 1 1 2 3 1 2 1 1   2 1 2 3 1 1 2 1 1 1
                                        2 3 2 1 3 2 1 1 2 2   1 1 1 2 1 1 2 3 1 3   1 1 2 2 1 3 2 1 2 1   2 1 2 1 1 1 1
 EXTRA SYMMETRY OF MOS IN SYMMETRY 2:   1 1 1 1 1 1 2 1 1 1   2 1 1 1 2 1 1 2 1 2   1 1 1 2 3 1 1 2 1 2   1 2 1 1 1 2 3 1 1 2
                                        1 2 1 2 2 1 1 1 1 1
 EXTRA SYMMETRY OF MOS IN SYMMETRY 3:   1 1 1 1 1 1 2 1 1 1   2 1 1 1 2 1 1 2 1 2   1 1 1 2 3 1 1 2 1 2   1 2 1 1 1 2 3 1 1 2
                                        1 2 1 2 2 1 1 1 1 1
 
 Natural orbital dump (state averaged) at molpro section 2140.2 (Orbital set 2)
 
 Reoptimze the CI vectors with natural orbitals 
 
 CI Coefficients of symmetry 4
 =============================
 
 220 a a        0.99400734     -0.05762013      0.00000000      0.05079821
 2ab a a        0.05807171      0.85775334     -0.00000000     -0.02591450
 2ba a a       -0.06180658     -0.25691437     -0.00000000      0.81821117
 2aa b a        0.00186743     -0.30041948      0.70682646     -0.39614833
 2aa a b        0.00186743     -0.30041948     -0.70682646     -0.39614833
 a2b a a        0.05806732     -0.09694371     -0.00000000      0.03536073
 b2a a a       -0.01679827      0.04106386     -0.00000000      0.07498618
 a2a b a       -0.02063453      0.02793993      0.00125971     -0.05517346
 a2a a b       -0.02063453      0.02793993     -0.00125971     -0.05517346
 
 Energy:      -54.95019721    -54.66007875    -54.55529085    -54.54152441
 


 **********************************************************************************************************************************
 DATASETS  * FILE   NREC   LENGTH (MB)   RECORD NAMES
              1      21      253.28       500      700      610      701      900      950      970     1000      129      960   
                                          VAR     GEOM    BASINP    GEOM    SYMINP    ZMAT    AOBASIS   BASIS     P2S    ABASIS    
                                         1100     1400     1410     1200     1210     1080     1600     1650     1300     1700   
                                           S        T        V       H0       H01     AOSYM     SMH    MOLCAS    ERIS     OPER   
                                         1380   
                                         JKOP   

              2       8       17.69       500      610      700     1000      520     2100     2140      701   
                                          VAR    BASINP    GEOM     BASIS   MCVARS     RHF     MCSCF    GEOM   

 PROGRAMS   *        TOTAL     MULTI       INT        CI     MULTI       INT        CI     MULTI       INT        CI     MULTI
 CPU TIMES  *        68.29      1.19      8.31     10.77      1.18      8.33     10.02      1.21      8.33      9.89      0.57
 REAL TIME  *        72.89 SEC
 DISK USED  *       784.96 MB
 **********************************************************************************************************************************


 PROGRAM * CI (Multireference internally contracted CI)     Authors: H.-J. Werner, P.J. Knowles, 1987


 Convergence thresholds:  THRVAR = 1.00D-08  THRDEN = 1.00D-06

 Number of optimized states: 3  Roots:    1   2   3
 Number of reference states: 3  Roots:    1   2   3

 Program parameters:       NSTATE=  3    NSTATI=  5    NSTATR=  3    NCEPA = -1    NOKOP =  0    ITRDM =  0    ITRANS=  0
                           IDIP  =200    MAXIT =250    MAXITI=250    MAXDAV=  9    MAXVI = 15    NOSING=  0    NOPAIR=  0
                           MXSHRF=  4    IKCPS =  0    IOPTGM=  2    IOPTOR=  0    REFOPT=  1    IAVDEN=  0    IDELCG=  1
                           IREST =  0    NATORB=  0    IPUNRF=  0    ISEP  =  0    OLDDEN=  0    NSTPRI=  1    GPSFLI= -1
                           CLUSTE=  0    CLOSED=  1    ILSTYP=  0    ITRLS =  0    ICCSD =  0    LOCAL =  0    IBASO =  0
                           MP    =  0    ITEDIS=  2    INCDIS=  1    MAXDIS=  6    ITYDIS=  1    BRUECK=  0    IBRSTR=  3
                           INCBRK=  1    TRIPLE=  0    ICCTYP=  2    IHPPD =  0    ICCNEW=  0    I3EXT = -1    IDEB  =  0
                           IDLEIG=  1    IDFTYP=  1    IMP3  =  0    IPROCS=  0    NOINT =  0    NOREF =  1    IMP2G =  0
                           IHINT =  0    IFDIA =  0    ISPARO=  1    JKSYM =  0    CPHF  =  0    MP2D  = -1    DKINT =  0
                           NPKEX =  1    DRVK  =  1    HLSTRA=  1    WIGNER=  1    DIIS_C=  1    MAXIT_= 50    MATEL =  0
                           SPDEG =  1    MEMCPH=  0    DISM  =  1    KDCPMA=  5    IKDCP_=  0    IREDTH=  0    USECS =  0
                           IPROCC=  0    I3SAVE=  1    IKDCP =  1    USECI =  0    OLDPAI=  0    IPROCI=  0    KEEPCL=  1
                           DISCON=  0    SHIFTE=  0    DIISIN=  0    MOLCAS=  0    MEM_PT=  0    RECORD=  0    RS2C  =  0
                           KEXT  = -1    CIPT2 =  0    DECP0S=  0    I4EXT = -1    NATCOR=  0    RIMP2 =  0    DDCI  = -1
                           IPOLAR=  0

 Reference symmetry:                   4   Triplet 
 Number of electrons:                  8
 Maximum number of shells:             3
 Maximum number of spin couplings:     9

 Reference space:        6 conf       12 CSFs
 N elec internal:       35 conf       45 CSFs
 N-1 el internal:       48 conf       96 CSFs
 N-2 el internal:       26 conf      102 CSFs

 Number of electrons in valence space:                      6
 Maximum number of open shell orbitals in reference space:  4
 Maximum number of open shell orbitals in internal spaces:  6


 Number of core orbitals:           1 (   1   0   0   0 )
 Number of active  orbitals:        5 (   3   1   1   0 )
 Number of external orbitals:     201 (  73  49  49  30 )

 Molecular orbitals read from record     2140.2  Type=MCSCF/NATURAL (state averaged)

 Valence orbitals related to previous ones by unitary transformation. Operators transformed.


 Number of p-space configurations:   5

 Reference wavefunction optimized for reference space (refopt=1)

 State     Reference Energy 
     1       -54.95019721
     2       -54.66007875
     3       -54.55529085
     4       -54.54152441
     5       -54.21811143

 Number of blocks in overlap matrix:    13   Smallest eigenvalue:  0.30D-04
 Number of N-2 electron functions:      60
 Number of N-1 electron functions:      96

 Number of internal configurations:                   12
 Number of singly external configurations:          4953
 Number of doubly external configurations:        311592
 Total number of contracted configurations:       316557
 Total number of uncontracted configurations:     529947

 Diagonal Coupling coefficients finished.               Storage:    8081 words, CPU-Time:      0.00 seconds.
 Energy denominators for pairs finished in 1 passes.    Storage:  127229 words, CPU-time:      0.00 seconds.

  ITER. STATE  ROOT     SQ.NORM     CORR.ENERGY   TOTAL ENERGY   ENERGY CHANGE       DEN1      VAR(S)    VAR(P)      TIME
    1     1     1     1.00000000     0.00000000   -54.95019721     0.00000000    -0.20666959  0.66D-01  0.22D-01     0.15
    1     2     2     1.00000000     0.00000000   -54.66007875     0.00000000    -0.13133388  0.31D-01  0.15D-01     0.15
    1     3     3     1.00000000     0.00000000   -54.55529085    -0.00000000    -0.14876063  0.28D-01  0.17D-01     0.15
    2     1     1     1.06822336    -0.18319250   -55.13338971    -0.18319250    -0.00968248  0.22D-02  0.13D-02     1.30
    2     2     2     1.04618265    -0.13302609   -54.79310483    -0.13302609    -0.00317731  0.67D-03  0.47D-03     1.30
    2     3     3     1.04493059    -0.14748599   -54.70277684    -0.14748599    -0.00331754  0.75D-03  0.46D-03     1.30
    3     1     1     1.06888717    -0.19365993   -55.14385714    -0.01046743    -0.00067115  0.82D-04  0.11D-03     2.44
    3     2     2     1.04765225    -0.13660069   -54.79667943    -0.00357460    -0.00027336  0.58D-04  0.47D-04     2.44
    3     3     3     1.04924959    -0.15133837   -54.70662922    -0.00385238    -0.00028904  0.11D-03  0.42D-04     2.44
    4     1     1     1.07158419    -0.19457910   -55.14477631    -0.00091917    -0.00007220  0.61D-05  0.13D-04     3.59
    4     2     2     1.04962863    -0.13698964   -54.79706838    -0.00038895    -0.00004279  0.58D-05  0.76D-05     3.59
    4     3     3     1.05296197    -0.15178723   -54.70707808    -0.00044886    -0.00005682  0.18D-04  0.87D-05     3.59
    5     1     1     1.07227471    -0.19468001   -55.14487723    -0.00010092    -0.00000809  0.98D-06  0.14D-05     4.75
    5     2     2     1.04983359    -0.13705150   -54.79713025    -0.00006187    -0.00000756  0.11D-05  0.14D-05     4.75
    5     3     3     1.05410046    -0.15187573   -54.70716658    -0.00008850    -0.00001060  0.29D-05  0.17D-05     4.75
    6     1     1     1.07219956    -0.19469082   -55.14488804    -0.00001081    -0.00000112  0.12D-06  0.17D-06     5.91
    6     2     2     1.04976998    -0.13706248   -54.79714122    -0.00001097    -0.00000171  0.30D-06  0.30D-06     5.91
    6     3     3     1.05440226    -0.15189084   -54.70718169    -0.00001511    -0.00000246  0.11D-05  0.40D-06     5.91
    7     1     1     1.07224011    -0.19469221   -55.14488942    -0.00000139    -0.00000017  0.17D-07  0.26D-07     7.08
    7     2     2     1.04983015    -0.13706466   -54.79714341    -0.00000218    -0.00000039  0.81D-07  0.65D-07     7.08
    7     3     3     1.05461818    -0.15189445   -54.70718530    -0.00000362    -0.00000082  0.35D-06  0.12D-06     7.08
    8     1     1     1.07225203    -0.19469242   -55.14488963    -0.00000021    -0.00000003  0.27D-08  0.44D-08     8.25
    8     2     2     1.04982899    -0.13706518   -54.79714392    -0.00000052    -0.00000010  0.17D-07  0.17D-07     8.25
    8     3     3     1.05473000    -0.15189570   -54.70718655    -0.00000125    -0.00000030  0.19D-06  0.37D-07     8.25
    9     1     1     1.07225291    -0.19469242   -55.14488964    -0.00000001    -0.00000002  0.23D-08  0.37D-08     9.14
    9     2     2     1.04983193    -0.13706532   -54.79714406    -0.00000014    -0.00000003  0.45D-08  0.49D-08     9.14
    9     3     3     1.05489952    -0.15189633   -54.70718718    -0.00000063    -0.00000008  0.49D-07  0.12D-07     9.14
   10     1     1     1.07225290    -0.19469242   -55.14488964    -0.00000000    -0.00000002  0.23D-08  0.37D-08     9.78
   10     2     2     1.04983193    -0.13706532   -54.79714406    -0.00000000    -0.00000003  0.45D-08  0.49D-08     9.78
   10     3     3     1.05492275    -0.15189645   -54.70718730    -0.00000012    -0.00000003  0.24D-07  0.54D-08     9.78
   11     1     1     1.07225291    -0.19469242   -55.14488964    -0.00000000    -0.00000002  0.23D-08  0.37D-08    10.45
   11     2     2     1.04983193    -0.13706532   -54.79714406    -0.00000000    -0.00000003  0.45D-08  0.49D-08    10.45
   11     3     3     1.05496440    -0.15189652   -54.70718737    -0.00000007    -0.00000001  0.29D-08  0.36D-08    10.45


 =====================================
 Analysis of CPU times by interactions
 =====================================

       I      S      P

 I   0.1%
 S   0.0%   0.3%
 P   0.6%   1.0%  29.2%

 Initialization:   1.3%
 Other:           67.6%

 Total CPU:       10.5 seconds
 =====================================



 gnormi=  0.93261580  gnorms=  0.04067672  gnormp=  0.02670748  gnorm=  1.00000000
 ecorri= -0.18157323  ecorrs= -0.00791570  ecorrp= -0.00520350  ecorr= -0.19469242

 gnormi=  0.95253342  gnorms=  0.02965930  gnormp=  0.01780728  gnorm=  1.00000000
 ecorri= -0.13055929  ecorrs= -0.00406566  ecorrp= -0.00244036  ecorr= -0.13706532

 gnormi=  0.94789929  gnorms=  0.03159354  gnormp=  0.02050717  gnorm=  1.00000000
 ecorri= -0.14398260  ecorrs= -0.00480070  ecorrp= -0.00311322  ecorr= -0.15189652

 Reference coefficients greater than 0.0500000
 =============================================
 220//           0.9629300  -0.0376602  -0.0000005
 2///\           0.0005406  -0.3334321   0.7947269
 2/\//           0.0583463   0.7786250   0.0000197
 2//\/           0.0007646  -0.4715442  -0.5619235
 /2\//           0.0287949  -0.0852489   0.0000012

 Coefficients of fixed reference functions:
 ==========================================

 State      Coefficients
 1           0.965120   -0.014371   -0.000000
 2           0.020094    0.975613    0.000000
 3           0.000001   -0.000001    0.973587

 Coefficients of rotated reference functions:
 ============================================

 State      Coefficients
 1           0.965223    0.002768    0.000001
 2           0.002768    0.975816   -0.000000
 3           0.000001   -0.000000    0.973587


 RESULTS FOR STATE 1.4
 =====================

 Coefficient of reference function:   C(0) = 0.96512018 (fixed)   0.96572035 (relaxed)   0.96522320 (rotated)

 Energy contributions of configuration classes

 CLASS          SQ.NORM        ECORR1        ECORR2
 +++++++++++++++++++++++++++++++++++++++++++++++++++
 Internals    0.00103039   -0.00001477   -0.11346776
 Singles      0.04366068   -0.07310154   -0.07602117
 Pairs        0.02866668    0.00000001   -0.00520349
 Total        1.07335774   -0.07311630   -0.19469242
 +++++++++++++++++++++++++++++++++++++++++++++++++++


 Reference energy                     -54.95010575
 Nuclear energy                         3.81880461
 Kinetic energy                        55.33795144
 One electron energy                  -82.04389683
 Two electron energy                   23.08020258
 Virial quotient                       -0.99651122
 Correlation energy                    -0.19478389
 !MRCI STATE 1.4 Energy               -55.144889637796

 Properties without orbital relaxation:

 !MRCI STATE 1.4 Dipole moment          0.00000000     0.00000000     0.63817165
 Dipole moment /Debye                   0.00000000     0.00000000     1.62207054

 Cluster corrected energies           -55.15917854 (Davidson, fixed reference)
 Cluster corrected energies           -55.15896334 (Davidson, relaxed reference)
 Cluster corrected energies           -55.15917854 (Davidson, rotated reference)

 Cluster corrected energies           -55.15202451 (Pople, fixed reference)
 Cluster corrected energies           -55.15191733 (Pople, relaxed reference)
 Cluster corrected energies           -55.15202451 (Pople, rotated reference)



 RESULTS FOR STATE 2.4
 =====================

 Coefficient of reference function:   C(0) = 0.97561301 (fixed)   0.97597819 (relaxed)   0.97581599 (rotated)

 Energy contributions of configuration classes

 CLASS          SQ.NORM        ECORR1        ECORR2
 +++++++++++++++++++++++++++++++++++++++++++++++++++
 Internals    0.00033246   -0.00001461   -0.07845378
 Singles      0.03114763   -0.05472020   -0.05617116
 Pairs        0.01870087   -0.00000002   -0.00244038
 Total        1.05018096   -0.05473482   -0.13706532
 +++++++++++++++++++++++++++++++++++++++++++++++++++


 Reference energy                     -54.66017021
 Nuclear energy                         3.81880461
 Kinetic energy                        54.97962372
 One electron energy                  -79.83541233
 Two electron energy                   21.21946365
 Virial quotient                       -0.99668096
 Correlation energy                    -0.13697385
 !MRCI STATE 2.4 Energy               -54.797144060906

 Properties without orbital relaxation:

 !MRCI STATE 2.4 Dipole moment          0.00000000     0.00000000    -1.61956861
 Dipole moment /Debye                   0.00000000     0.00000000    -4.11653279

 Cluster corrected energies           -54.80401754 (Davidson, fixed reference)
 Cluster corrected energies           -54.80396973 (Davidson, relaxed reference)
 Cluster corrected energies           -54.80401754 (Davidson, rotated reference)

 Cluster corrected energies           -54.80057864 (Pople, fixed reference)
 Cluster corrected energies           -54.80055478 (Pople, relaxed reference)
 Cluster corrected energies           -54.80057864 (Pople, rotated reference)



 RESULTS FOR STATE 3.4
 =====================

 Coefficient of reference function:   C(0) = 0.97358680 (fixed)   0.97360119 (relaxed)   0.97358680 (rotated)

 Energy contributions of configuration classes

 CLASS          SQ.NORM        ECORR1        ECORR2
 +++++++++++++++++++++++++++++++++++++++++++++++++++
 Internals    0.00002956   -0.00000000   -0.00000426
 Singles      0.03333105   -0.06061270   -0.06225374
 Pairs        0.02163498   -0.09128382   -0.08963853
 Total        1.05499558   -0.15189652   -0.15189652
 +++++++++++++++++++++++++++++++++++++++++++++++++++


 Reference energy                     -54.55529085
 Nuclear energy                         3.81880461
 Kinetic energy                        54.97502079
 One electron energy                  -79.82811664
 Two electron energy                   21.30212465
 Virial quotient                       -0.99512809
 Correlation energy                    -0.15189652
 !MRCI STATE 3.4 Energy               -54.707187373457

 Properties without orbital relaxation:

 !MRCI STATE 3.4 Dipole moment          0.00000000     0.00000000    -1.51356264
 Dipole moment /Debye                   0.00000000     0.00000000    -3.84709249

 Cluster corrected energies           -54.71554101 (Davidson, fixed reference)
 Cluster corrected energies           -54.71553627 (Davidson, relaxed reference)
 Cluster corrected energies           -54.71554101 (Davidson, rotated reference)

 Cluster corrected energies           -54.71136104 (Pople, fixed reference)
 Cluster corrected energies           -54.71135868 (Pople, relaxed reference)
 Cluster corrected energies           -54.71136104 (Pople, rotated reference)


 !MRCI trans          <2.4|DMZ|1.4>    -0.567290296354 au =    -1.441908110034 Debye

 !MRCI trans          <3.4|DMZ|1.4>    -0.000016738017 au =    -0.000042543796 Debye

 !MRCI trans          <3.4|DMZ|2.4>     0.000017038525 au =     0.000043307610 Debye


 **********************************************************************************************************************************
 DATASETS  * FILE   NREC   LENGTH (MB)   RECORD NAMES
              1      21      253.28       500      700      610      701      900      950      970     1000      129      960   
                                          VAR     GEOM    BASINP    GEOM    SYMINP    ZMAT    AOBASIS   BASIS     P2S    ABASIS    
                                         1100     1400     1410     1200     1210     1080     1600     1650     1300     1700   
                                           S        T        V       H0       H01     AOSYM     SMH    MOLCAS    ERIS     OPER   
                                         1380   
                                         JKOP   

              2       8       17.69       500      610      700     1000      520     2100     2140      701   
                                          VAR    BASINP    GEOM     BASIS   MCVARS     RHF     MCSCF    GEOM   

 PROGRAMS   *        TOTAL        CI     MULTI       INT        CI     MULTI       INT        CI     MULTI       INT        CI
 CPU TIMES  *        78.80     10.51      1.19      8.31     10.77      1.18      8.33     10.02      1.21      8.33      9.89
 REAL TIME  *        84.22 SEC
 DISK USED  *       784.96 MB
 **********************************************************************************************************************************
 SETTING E1(4)          =       -55.14488964  AU                              
 SETTING E2(4)          =       -54.79714406  AU                              
 SETTING E3(4)          =       -54.70718737  AU                              

 DO I                   =         5.00000000   


 Using spherical harmonics

 Library entry N      S aug-cc-pV5Z          selected for orbital group  1
 Library entry N      P aug-cc-pV5Z          selected for orbital group  1
 Library entry N      D aug-cc-pV5Z          selected for orbital group  1
 Library entry N      F aug-cc-pV5Z          selected for orbital group  1
 Library entry N      G aug-cc-pV5Z          selected for orbital group  1
 Library entry N      H aug-cc-pV5Z          selected for orbital group  1
 Library entry H      S aug-cc-pV5Z          selected for orbital group  2
 Library entry H      P aug-cc-pV5Z          selected for orbital group  2
 Library entry H      D aug-cc-pV5Z          selected for orbital group  2
 Library entry H      F aug-cc-pV5Z          selected for orbital group  2
 Library entry H      G aug-cc-pV5Z          selected for orbital group  2


 PROGRAM * SEWARD (Integral evaluation for generally contracted gaussian basis sets)     Author: Roland Lindh, 1990

 Geometry written to block  1 of record 701

 Orientation using atomic masses  
 Molecule type: Linear
 Symmetry elements: X,Y
 Rotational constants:     583.2021810    583.2021810      0.0000000 GHz  (calculated with average atomic masses)

 Point group  C2v 



 ATOMIC COORDINATES

 NR  ATOM    CHARGE       X              Y              Z

   1  N       7.00    0.000000000    0.000000000   -0.121783894
   2  H       1.00    0.000000000    0.000000000    1.692353186

 Bond lengths in Bohr (Angstrom)

 1-2  1.814137080
     ( 0.960000000)

 NUCLEAR CHARGE:                    8
 NUMBER OF PRIMITIVE AOS:         307
 NUMBER OF SYMMETRY AOS:          227
 NUMBER OF CONTRACTIONS:          207   (   77A1  +   50B1  +   50B2  +   30A2  )
 NUMBER OF INNER CORE ORBITALS:     0   (    0A1  +    0B1  +    0B2  +    0A2  )
 NUMBER OF OUTER CORE ORBITALS:     1   (    1A1  +    0B1  +    0B2  +    0A2  )
 NUMBER OF VALENCE ORBITALS:        5   (    3A1  +    1B1  +    1B2  +    0A2  )


 NUCLEAR REPULSION ENERGY    3.85858383

 EXTRA SYMMETRY OF AOS IN SYMMETRY 1:   1 1 1 1 1 1 1 1 1 1   1 1 1 1 2 1 2 1 2 1   2 1 2 1 2 1 2 1 2 1   2 1 3 2 1 3 2 1 3 2
                                        2 3 1 2 3 1 1 1 1 1   1 1 1 1 1 1 1 1 2 1   2 1 2 1 2 1 2 1 2 1   2 1 3 2 1 3 2
 EXTRA SYMMETRY OF AOS IN SYMMETRY 2:   1 1 1 1 1 1 1 1 1 1   1 1 2 1 2 1 2 1 2 1   2 1 2 1 2 1 2 3 1 2   3 1 1 1 1 1 1 1 1 1
                                        1 2 1 2 1 2 1 2 1 2
 EXTRA SYMMETRY OF AOS IN SYMMETRY 3:   1 1 1 1 1 1 1 1 1 1   1 1 2 1 2 1 2 1 2 1   2 1 2 1 2 1 2 3 1 2   3 1 1 1 1 1 1 1 1 1
                                        1 2 1 2 1 2 1 2 1 2
 EXTRA SYMMETRY OF AOS IN SYMMETRY 4:   1 1 1 1 1 1 1 1 1 1   2 1 2 1 2 2 1 2 1 1   1 1 1 1 1 1 1 2 1 2

 Eigenvalues of metric

         1 0.130E-04 0.766E-04 0.224E-03 0.270E-03 0.506E-03 0.660E-03 0.121E-02 0.253E-02
         2 0.239E-03 0.114E-02 0.295E-02 0.477E-02 0.742E-02 0.176E-01 0.252E-01 0.338E-01
         3 0.239E-03 0.114E-02 0.295E-02 0.477E-02 0.742E-02 0.176E-01 0.252E-01 0.338E-01
         4 0.253E-02 0.141E-01 0.370E-01 0.578E-01 0.872E-01 0.111E+00 0.195E+00 0.207E+00


 Contracted 2-electron integrals neglected if value below      1.0D-12
 AO integral compression algorithm  1   Integral accuracy      1.0D-12

     287.048 MB (compressed) written to integral file ( 50.9%)


 NUMBER OF SORTED TWO-ELECTRON INTEGRALS:   59167011.     BUFFER LENGTH:  32768
 NUMBER OF SEGMENTS:   4  SEGMENT LENGTH:   15999984      RECORD LENGTH: 524288

 Memory used in sort:      16.56 MW

 SORT1 READ    70490039. AND WROTE    39593942. INTEGRALS IN    116 RECORDS. CPU TIME:     0.73 SEC, REAL TIME:     0.88 SEC
 SORT2 READ    39593942. AND WROTE    59167011. INTEGRALS IN   1095 RECORDS. CPU TIME:     0.62 SEC, REAL TIME:     0.73 SEC

 FILE SIZES:   FILE 1:   318.2 MBYTE,  FILE 4:   486.6 MBYTE,   TOTAL:    804.7 MBYTE

 OPERATOR DM      FOR CENTER  0  COORDINATES:    0.000000    0.000000    0.000000


 **********************************************************************************************************************************
 DATASETS  * FILE   NREC   LENGTH (MB)   RECORD NAMES
              1      20      250.75       500      700      610      701      900      950      970     1000      129      960   
                                          VAR     GEOM    BASINP    GEOM    SYMINP    ZMAT    AOBASIS   BASIS     P2S    ABASIS    
                                         1100     1400     1410     1200     1210     1080     1600     1650     1300     1700   
                                           S        T        V       H0       H01     AOSYM     SMH    MOLCAS    ERIS     OPER   

              2       8       17.69       500      610      700     1000      520     2100     2140      701   
                                          VAR    BASINP    GEOM     BASIS   MCVARS     RHF     MCSCF    GEOM   

 PROGRAMS   *        TOTAL       INT        CI     MULTI       INT        CI     MULTI       INT        CI     MULTI       INT
 CPU TIMES  *        87.14      8.34     10.51      1.19      8.31     10.77      1.18      8.33     10.02      1.21      8.33
 REAL TIME  *        92.94 SEC
 DISK USED  *       785.21 MB
 **********************************************************************************************************************************

 PROGRAM * MULTI (Direct Multiconfiguration SCF)       Authors: P.J. Knowles, H.-J. Werner (1984)
                                                                D.A. Kreplin, P.J. Knowles, H.-J. Werner (2019)

 Number of closed-shell orbitals:   1 (   1   0   0   0 )
 Number of active  orbitals:        5 (   3   1   1   0 )
 Number of external orbitals:     201 (  73  49  49  30 )

 State symmetry 1

 Number of active electrons:   6    Spin symmetry=Triplet   Space symmetry=4
 Number of states:             4
 Number of CSFs:              12   (15 determinants, 50 intermediate states)

 Molecular orbitals read from record     2140.2  Type=MCSCF/NATURAL (state averaged)

 EXTRA SYMMETRY OF MOS IN SYMMETRY 1:   1 1 1 1 1 1 1 2 1 1   1 1 2 1 1 2 1 1 2 1   2 1 1 1 2 3 1 2 1 1   2 1 2 3 1 1 2 1 1 1
                                        2 3 2 1 3 2 1 1 2 2   1 1 1 2 1 1 2 3 1 3   1 1 2 2 1 3 2 1 2 1   2 1 2 1 1 1 1
 EXTRA SYMMETRY OF MOS IN SYMMETRY 2:   1 1 1 1 1 1 2 1 1 1   2 1 1 1 2 1 1 2 1 2   1 1 1 2 3 1 1 2 1 2   1 2 1 1 1 2 3 1 1 2
                                        1 2 1 2 2 1 1 1 1 1
 EXTRA SYMMETRY OF MOS IN SYMMETRY 3:   1 1 1 1 1 1 2 1 1 1   2 1 1 1 2 1 1 2 1 2   1 1 1 2 3 1 1 2 1 2   1 2 1 1 1 2 3 1 1 2
                                        1 2 1 2 2 1 1 1 1 1
 EXTRA SYMMETRY OF MOS IN SYMMETRY 4:   1 1 1 1 1 1 2 1 1 1   2 1 1 2 1 2 1 1 1 1   1 2 2 1 1 2 1 1 1 1

 Wavefunction dump at record             2140.2

 Convergence thresholds  0.10E-04 (gradient)  0.10E-05 (energy)

 Weight factors for state symmetry  1:    0.25000   0.25000   0.25000   0.25000
 
 Number of orbital rotations:  393  ( 3 closed/active, 73 closed/virtual, 0 active/active, 317 active/virtual )
 Total number of variables:    453
 
  Second-order MCSCF: L-BFGS accelerated
 
 ITER  MIC  NCI  NEG     ENERGY(VAR)    ENERGY(PROJ) ENERGY CHANGE       GRAD(0)  GRAD(ORB)   GRAD(CI)      STEP      TIME
   1    5    4    0    -54.67428417     -54.67432596   -0.00004179    0.01216413 0.00000715 0.00000000  0.13E-01      0.34
   2    6    5    0    -54.67432590     -54.67432590   -0.00000000    0.00002143 0.00000001 0.00000000  0.50E-04      0.68
   3    3    2    0    -54.67432590     -54.67432590   -0.00000000    0.00000000 0.00000000 0.00000000  0.13E-08      0.99

 CONVERGENCE REACHED!  Final gradient:    0.00000000 ( 0.14E-10)
                       Final energy:    -54.67432590
 
 Results for state 1.4
 =====================
 !MCSCF STATE 1.4 Energy                       -54.948460367117
 Nuclear energy                                  3.85858383
 Kinetic energy                                 55.91131970
 One electron energy                           -82.88109551
 Two electron energy                            24.07405132
 Virial ratio                                    1.98277881
 
 !MCSCF STATE 1.4 Dipole moment                  0.00000000     0.00000000     0.77003459
 Dipole moment /Debye                            0.00000000     0.00000000     1.95723271
 
 Results for state 2.4
 =====================
 !MCSCF STATE 2.4 Energy                       -54.658664248155
 Nuclear energy                                  3.85858383
 Kinetic energy                                 54.52990510
 One electron energy                           -79.71726874
 Two electron energy                            21.20002066
 Virial ratio                                    2.00236126
 
 !MCSCF STATE 2.4 Dipole moment                  0.00000000     0.00000000    -1.72386874
 Dipole moment /Debye                            0.00000000     0.00000000    -4.38163730
 
 Results for state 3.4
 =====================
 !MCSCF STATE 3.4 Energy                       -54.552192623542
 Nuclear energy                                  3.85858383
 Kinetic energy                                 54.59055564
 One electron energy                           -79.72026360
 Two electron energy                            21.30948715
 Virial ratio                                    1.99929726
 
 !MCSCF STATE 3.4 Dipole moment                  0.00000000     0.00000000    -1.61829061
 Dipole moment /Debye                            0.00000000     0.00000000    -4.11328446
 
 Results for state 4.4
 =====================
 !MCSCF STATE 4.4 Energy                       -54.537986347957
 Nuclear energy                                  3.85858383
 Kinetic energy                                 54.64029547
 One electron energy                           -79.73720952
 Two electron energy                            21.34063934
 Virial ratio                                    1.99812759
 
 !MCSCF STATE 4.4 Dipole moment                  0.00000000     0.00000000    -1.40632416
 Dipole moment /Debye                            0.00000000     0.00000000    -3.57451948
 
 State-averaged charge density matrix saved on record 2140.2 (density set 1)
 
 Expectation values: (only non-zero values are shown)
 
 !MCSCF expec                       <1.4|DMZ|1.4>     0.770034592156 au =     1.957232708851 Debye
 !MCSCF expec                       <2.4|DMZ|2.4>    -1.723868743591 au =    -4.381637299271 Debye
 !MCSCF expec                       <3.4|DMZ|3.4>    -1.618290613191 au =    -4.113284458682 Debye
 !MCSCF expec                       <4.4|DMZ|4.4>    -1.406324162534 au =    -3.574519480288 Debye
 
 Transition values: (only non-zero values with the ground state are shown)
 
 !MCSCF trans                       <1.4|DMZ|2.4>    -0.521336529972 au =    -1.325105286403 Debye
 !MCSCF trans                       <1.4|DMZ|4.4>     0.468777518809 au =     1.191513605146 Debye
 
 
 Natural orbital dump (state averaged) at molpro section 2140.2 (Orbital set 2)
 
 Reoptimze the CI vectors with natural orbitals 
 
 CI Coefficients of symmetry 4
 =============================
 
 220 a a        0.99462304     -0.05155347      0.00000000      0.04791872
 2ab a a        0.05234788      0.85837027     -0.00000000     -0.02146175
 2ba a a       -0.05772161     -0.26188401      0.00000000      0.81704107
 2aa a b        0.00268687     -0.29824313     -0.70684431     -0.39778966
 2aa b a        0.00268687     -0.29824313      0.70684431     -0.39778966
 a2b a a        0.05752663     -0.09592926      0.00000000      0.03261471
 b2a a a       -0.01703701      0.03987574      0.00000000      0.07616125
 a2a a b       -0.02024481      0.02802676     -0.00043888     -0.05438798
 a2a b a       -0.02024481      0.02802676      0.00043888     -0.05438798
 
 Energy:      -54.94846037    -54.65866425    -54.55219262    -54.53798635
 


 **********************************************************************************************************************************
 DATASETS  * FILE   NREC   LENGTH (MB)   RECORD NAMES
              1      21      253.67       500      700      610      701      900      950      970     1000      129      960   
                                          VAR     GEOM    BASINP    GEOM    SYMINP    ZMAT    AOBASIS   BASIS     P2S    ABASIS    
                                         1100     1400     1410     1200     1210     1080     1600     1650     1300     1700   
                                           S        T        V       H0       H01     AOSYM     SMH    MOLCAS    ERIS     OPER   
                                         1380   
                                         JKOP   

              2       8       17.69       500      610      700     1000      520     2100     2140      701   
                                          VAR    BASINP    GEOM     BASIS   MCVARS     RHF     MCSCF    GEOM   

 PROGRAMS   *        TOTAL     MULTI       INT        CI     MULTI       INT        CI     MULTI       INT        CI     MULTI
 CPU TIMES  *        88.33      1.19      8.34     10.51      1.19      8.31     10.77      1.18      8.33     10.02      1.21
 REAL TIME  *        94.26 SEC
 DISK USED  *       785.21 MB
 **********************************************************************************************************************************


 PROGRAM * CI (Multireference internally contracted CI)     Authors: H.-J. Werner, P.J. Knowles, 1987


 Convergence thresholds:  THRVAR = 1.00D-08  THRDEN = 1.00D-06

 Number of optimized states: 3  Roots:    1   2   3
 Number of reference states: 3  Roots:    1   2   3

 Program parameters:       NSTATE=  3    NSTATI=  5    NSTATR=  3    NCEPA = -1    NOKOP =  0    ITRDM =  0    ITRANS=  0
                           IDIP  =200    MAXIT =250    MAXITI=250    MAXDAV=  9    MAXVI = 15    NOSING=  0    NOPAIR=  0
                           MXSHRF=  4    IKCPS =  0    IOPTGM=  2    IOPTOR=  0    REFOPT=  1    IAVDEN=  0    IDELCG=  1
                           IREST =  0    NATORB=  0    IPUNRF=  0    ISEP  =  0    OLDDEN=  0    NSTPRI=  1    GPSFLI= -1
                           CLUSTE=  0    CLOSED=  1    ILSTYP=  0    ITRLS =  0    ICCSD =  0    LOCAL =  0    IBASO =  0
                           MP    =  0    ITEDIS=  2    INCDIS=  1    MAXDIS=  6    ITYDIS=  1    BRUECK=  0    IBRSTR=  3
                           INCBRK=  1    TRIPLE=  0    ICCTYP=  2    IHPPD =  0    ICCNEW=  0    I3EXT = -1    IDEB  =  0
                           IDLEIG=  1    IDFTYP=  1    IMP3  =  0    IPROCS=  0    NOINT =  0    NOREF =  1    IMP2G =  0
                           IHINT =  0    IFDIA =  0    ISPARO=  1    JKSYM =  0    CPHF  =  0    MP2D  = -1    DKINT =  0
                           NPKEX =  1    DRVK  =  1    HLSTRA=  1    WIGNER=  1    DIIS_C=  1    MAXIT_= 50    MATEL =  0
                           SPDEG =  1    MEMCPH=  0    DISM  =  1    KDCPMA=  5    IKDCP_=  0    IREDTH=  0    USECS =  0
                           IPROCC=  0    I3SAVE=  1    IKDCP =  1    USECI =  0    OLDPAI=  0    IPROCI=  0    KEEPCL=  1
                           DISCON=  0    SHIFTE=  0    DIISIN=  0    MOLCAS=  0    MEM_PT=  0    RECORD=  0    RS2C  =  0
                           KEXT  = -1    CIPT2 =  0    DECP0S=  0    I4EXT = -1    NATCOR=  0    RIMP2 =  0    DDCI  = -1
                           IPOLAR=  0

 Reference symmetry:                   4   Triplet 
 Number of electrons:                  8
 Maximum number of shells:             3
 Maximum number of spin couplings:     9

 Reference space:        6 conf       12 CSFs
 N elec internal:       35 conf       45 CSFs
 N-1 el internal:       48 conf       96 CSFs
 N-2 el internal:       26 conf      102 CSFs

 Number of electrons in valence space:                      6
 Maximum number of open shell orbitals in reference space:  4
 Maximum number of open shell orbitals in internal spaces:  6


 Number of core orbitals:           1 (   1   0   0   0 )
 Number of active  orbitals:        5 (   3   1   1   0 )
 Number of external orbitals:     201 (  73  49  49  30 )

 Molecular orbitals read from record     2140.2  Type=MCSCF/NATURAL (state averaged)

 Valence orbitals related to previous ones by unitary transformation. Operators transformed.


 Number of p-space configurations:   5

 Reference wavefunction optimized for reference space (refopt=1)

 State     Reference Energy 
     1       -54.94846037
     2       -54.65866425
     3       -54.55219262
     4       -54.53798635
     5       -54.21296319

 Number of blocks in overlap matrix:    12   Smallest eigenvalue:  0.24D-04
 Number of N-2 electron functions:      60
 Number of N-1 electron functions:      96

 Number of internal configurations:                   12
 Number of singly external configurations:          4953
 Number of doubly external configurations:        311592
 Total number of contracted configurations:       316557
 Total number of uncontracted configurations:     529947

 Diagonal Coupling coefficients finished.               Storage:    8083 words, CPU-Time:      0.01 seconds.
 Energy denominators for pairs finished in 1 passes.    Storage:  127229 words, CPU-time:      0.00 seconds.

  ITER. STATE  ROOT     SQ.NORM     CORR.ENERGY   TOTAL ENERGY   ENERGY CHANGE       DEN1      VAR(S)    VAR(P)      TIME
    1     1     1     1.00000000     0.00000000   -54.94846037     0.00000000    -0.20756041  0.66D-01  0.22D-01     0.15
    1     2     2     1.00000000     0.00000000   -54.65866425    -0.00000000    -0.13035913  0.30D-01  0.14D-01     0.15
    1     3     3     1.00000000     0.00000000   -54.55219262     0.00000000    -0.14862875  0.28D-01  0.17D-01     0.15
    2     1     1     1.06846288    -0.18364362   -55.13210399    -0.18364362    -0.00972406  0.22D-02  0.13D-02     1.30
    2     2     2     1.04536728    -0.13243376   -54.79109801    -0.13243376    -0.00306251  0.62D-03  0.46D-03     1.30
    2     3     3     1.04469934    -0.14724364   -54.69943626    -0.14724364    -0.00329466  0.73D-03  0.45D-03     1.30
    3     1     1     1.06899618    -0.19414174   -55.14260211    -0.01049812    -0.00066626  0.81D-04  0.11D-03     2.46
    3     2     2     1.04690563    -0.13589788   -54.79456212    -0.00346412    -0.00026249  0.54D-04  0.45D-04     2.46
    3     3     3     1.04890230    -0.15105261   -54.70324523    -0.00380897    -0.00028093  0.11D-03  0.40D-04     2.46
    4     1     1     1.07165580    -0.19505206   -55.14351243    -0.00091032    -0.00007097  0.61D-05  0.12D-04     3.63
    4     2     2     1.04876632    -0.13627080   -54.79493505    -0.00037292    -0.00004102  0.56D-05  0.72D-05     3.63
    4     3     3     1.05250898    -0.15148710   -54.70367973    -0.00043449    -0.00005506  0.18D-04  0.84D-05     3.63
    5     1     1     1.07234924    -0.19515115   -55.14361151    -0.00009909    -0.00000790  0.95D-06  0.13D-05     4.80
    5     2     2     1.04893404    -0.13632993   -54.79499418    -0.00005913    -0.00000722  0.11D-05  0.13D-05     4.80
    5     3     3     1.05364429    -0.15157327   -54.70376590    -0.00008617    -0.00001052  0.33D-05  0.17D-05     4.80
    6     1     1     1.07227523    -0.19516170   -55.14362207    -0.00001055    -0.00000109  0.12D-06  0.17D-06     5.96
    6     2     2     1.04886944    -0.13634042   -54.79500466    -0.00001049    -0.00000162  0.27D-06  0.29D-06     5.96
    6     3     3     1.05397020    -0.15158849   -54.70378112    -0.00001522    -0.00000262  0.15D-05  0.40D-06     5.96
    7     1     1     1.07231529    -0.19516305   -55.14362341    -0.00000135    -0.00000016  0.17D-07  0.25D-07     7.13
    7     2     2     1.04892220    -0.13634248   -54.79500673    -0.00000207    -0.00000037  0.76D-07  0.61D-07     7.13
    7     3     3     1.05422124    -0.15159246   -54.70378508    -0.00000397    -0.00000098  0.53D-06  0.13D-06     7.13
    8     1     1     1.07232708    -0.19516325   -55.14362362    -0.00000020    -0.00000003  0.26D-08  0.42D-08     8.30
    8     2     2     1.04892009    -0.13634297   -54.79500722    -0.00000049    -0.00000009  0.16D-07  0.16D-07     8.30
    8     3     3     1.05436382    -0.15159399   -54.70378662    -0.00000153    -0.00000041  0.30D-06  0.46D-07     8.30
    9     1     1     1.07232783    -0.19516325   -55.14362362    -0.00000001    -0.00000002  0.22D-08  0.37D-08     9.19
    9     2     2     1.04892267    -0.13634310   -54.79500734    -0.00000013    -0.00000003  0.42D-08  0.45D-08     9.19
    9     3     3     1.05460794    -0.15159491   -54.70378753    -0.00000092    -0.00000012  0.61D-07  0.20D-07     9.19
   10     1     1     1.07232783    -0.19516325   -55.14362362    -0.00000000    -0.00000002  0.22D-08  0.37D-08     9.85
   10     2     2     1.04892267    -0.13634310   -54.79500734    -0.00000000    -0.00000003  0.42D-08  0.45D-08     9.85
   10     3     3     1.05463814    -0.15159509   -54.70378771    -0.00000018    -0.00000005  0.29D-07  0.84D-08     9.85
   11     1     1     1.07232783    -0.19516325   -55.14362362    -0.00000000    -0.00000002  0.22D-08  0.37D-08    10.51
   11     2     2     1.04892267    -0.13634310   -54.79500734    -0.00000000    -0.00000003  0.42D-08  0.45D-08    10.51
   11     3     3     1.05469152    -0.15159519   -54.70378781    -0.00000010    -0.00000002  0.34D-08  0.48D-08    10.51


 =====================================
 Analysis of CPU times by interactions
 =====================================

       I      S      P

 I   0.0%
 S   0.0%   0.4%
 P   0.4%   0.9%  29.3%

 Initialization:   1.3%
 Other:           67.7%

 Total CPU:       10.5 seconds
 =====================================



 gnormi=  0.93255064  gnorms=  0.04086648  gnormp=  0.02658288  gnorm=  1.00000000
 ecorri= -0.18199962  ecorrs= -0.00797191  ecorrp= -0.00519173  ecorr= -0.19516325

 gnormi=  0.95335912  gnorms=  0.02895142  gnormp=  0.01768946  gnorm=  1.00000000
 ecorri= -0.12998393  ecorrs= -0.00394764  ecorrp= -0.00241152  ecorr= -0.13634310

 gnormi=  0.94814454  gnorms=  0.03147018  gnormp=  0.02038528  gnorm=  1.00000000
 ecorri= -0.14373415  ecorrs= -0.00477313  ecorrp= -0.00308791  ecorr= -0.15159519

 Reference coefficients greater than 0.0500000
 =============================================
 220//           0.9631921  -0.0341056  -0.0000003
 2///\           0.0011164  -0.3318301   0.7948347
 2/\//           0.0537741   0.7815284   0.0000133
 2//\/           0.0015789  -0.4692787  -0.5620105
 /2\//           0.0288905  -0.0840454   0.0000009

 Coefficients of fixed reference functions:
 ==========================================

 State      Coefficients
 1           0.965142   -0.012471   -0.000000
 2           0.017596    0.976104    0.000000
 3           0.000001   -0.000000    0.973714

 Coefficients of rotated reference functions:
 ============================================

 State      Coefficients
 1           0.965220    0.002477    0.000000
 2           0.002477    0.976259   -0.000000
 3           0.000000   -0.000000    0.973714


 RESULTS FOR STATE 1.4
 =====================

 Coefficient of reference function:   C(0) = 0.96514237 (fixed)   0.96568661 (relaxed)   0.96521976 (rotated)

 Energy contributions of configuration classes

 CLASS          SQ.NORM        ECORR1        ECORR2
 +++++++++++++++++++++++++++++++++++++++++++++++++++
 Internals    0.00096759   -0.00001152   -0.11360968
 Singles      0.04386467   -0.07340740   -0.07636185
 Pairs        0.02853314    0.00000001   -0.00519172
 Total        1.07336540   -0.07341891   -0.19516325
 +++++++++++++++++++++++++++++++++++++++++++++++++++


 Reference energy                     -54.94839086
 Nuclear energy                         3.85858383
 Kinetic energy                        55.35764841
 One electron energy                  -82.11403136
 Two electron energy                   23.11182390
 Virial quotient                       -0.99613378
 Correlation energy                    -0.19523276
 !MRCI STATE 1.4 Energy               -55.143623621750

 Properties without orbital relaxation:

 !MRCI STATE 1.4 Dipole moment          0.00000000     0.00000000     0.64062812
 Dipole moment /Debye                   0.00000000     0.00000000     1.62831427

 Cluster corrected energies           -55.15794695 (Davidson, fixed reference)
 Cluster corrected energies           -55.15774438 (Davidson, relaxed reference)
 Cluster corrected energies           -55.15794695 (Davidson, rotated reference)

 Cluster corrected energies           -55.15077568 (Pople, fixed reference)
 Cluster corrected energies           -55.15067479 (Pople, relaxed reference)
 Cluster corrected energies           -55.15077568 (Pople, rotated reference)



 RESULTS FOR STATE 2.4
 =====================

 Coefficient of reference function:   C(0) = 0.97610389 (fixed)   0.97640111 (relaxed)   0.97625934 (rotated)

 Energy contributions of configuration classes

 CLASS          SQ.NORM        ECORR1        ECORR2
 +++++++++++++++++++++++++++++++++++++++++++++++++++
 Internals    0.00029046   -0.00001139   -0.07836793
 Singles      0.03037662   -0.05415690   -0.05556363
 Pairs        0.01856026   -0.00000002   -0.00241154
 Total        1.04922734   -0.05416831   -0.13634310
 +++++++++++++++++++++++++++++++++++++++++++++++++++


 Reference energy                     -54.65873375
 Nuclear energy                         3.85858383
 Kinetic energy                        54.99311481
 One electron energy                  -79.88454006
 Two electron energy                   21.23094889
 Virial quotient                       -0.99639760
 Correlation energy                    -0.13627359
 !MRCI STATE 2.4 Energy               -54.795007343835

 Properties without orbital relaxation:

 !MRCI STATE 2.4 Dipole moment          0.00000000     0.00000000    -1.61730303
 Dipole moment /Debye                   0.00000000     0.00000000    -4.11077426

 Cluster corrected energies           -54.80171573 (Davidson, fixed reference)
 Cluster corrected energies           -54.80167421 (Davidson, relaxed reference)
 Cluster corrected energies           -54.80171573 (Davidson, rotated reference)

 Cluster corrected energies           -54.79835951 (Pople, fixed reference)
 Cluster corrected energies           -54.79833879 (Pople, relaxed reference)
 Cluster corrected energies           -54.79835951 (Pople, rotated reference)



 RESULTS FOR STATE 3.4
 =====================

 Coefficient of reference function:   C(0) = 0.97371378 (fixed)   0.97372714 (relaxed)   0.97371378 (rotated)

 Energy contributions of configuration classes

 CLASS          SQ.NORM        ECORR1        ECORR2
 +++++++++++++++++++++++++++++++++++++++++++++++++++
 Internals    0.00002743   -0.00000000   -0.00000394
 Singles      0.03319224   -0.06037631   -0.06201703
 Pairs        0.02150078   -0.09121888   -0.08957422
 Total        1.05472044   -0.15159519   -0.15159519
 +++++++++++++++++++++++++++++++++++++++++++++++++++


 Reference energy                     -54.55219262
 Nuclear energy                         3.85858383
 Kinetic energy                        54.98194004
 One electron energy                  -79.86910727
 Two electron energy                   21.30673563
 Virial quotient                       -0.99494103
 Correlation energy                    -0.15159519
 !MRCI STATE 3.4 Energy               -54.703787811911

 Properties without orbital relaxation:

 !MRCI STATE 3.4 Dipole moment          0.00000000     0.00000000    -1.50689211
 Dipole moment /Debye                   0.00000000     0.00000000    -3.83013770

 Cluster corrected energies           -54.71208317 (Davidson, fixed reference)
 Cluster corrected energies           -54.71207878 (Davidson, relaxed reference)
 Cluster corrected energies           -54.71208317 (Davidson, rotated reference)

 Cluster corrected energies           -54.70793239 (Pople, fixed reference)
 Cluster corrected energies           -54.70793020 (Pople, relaxed reference)
 Cluster corrected energies           -54.70793239 (Pople, rotated reference)


 !MRCI trans          <2.4|DMZ|1.4>    -0.554653758126 au =    -1.409789233560 Debye

 !MRCI trans          <3.4|DMZ|1.4>    -0.000012135377 au =    -0.000030845051 Debye

 !MRCI trans          <3.4|DMZ|2.4>     0.000011844569 au =     0.000030105892 Debye


 **********************************************************************************************************************************
 DATASETS  * FILE   NREC   LENGTH (MB)   RECORD NAMES
              1      21      253.67       500      700      610      701      900      950      970     1000      129      960   
                                          VAR     GEOM    BASINP    GEOM    SYMINP    ZMAT    AOBASIS   BASIS     P2S    ABASIS    
                                         1100     1400     1410     1200     1210     1080     1600     1650     1300     1700   
                                           S        T        V       H0       H01     AOSYM     SMH    MOLCAS    ERIS     OPER   
                                         1380   
                                         JKOP   

              2       8       17.69       500      610      700     1000      520     2100     2140      701   
                                          VAR    BASINP    GEOM     BASIS   MCVARS     RHF     MCSCF    GEOM   

 PROGRAMS   *        TOTAL        CI     MULTI       INT        CI     MULTI       INT        CI     MULTI       INT        CI
 CPU TIMES  *        98.89     10.56      1.19      8.34     10.51      1.19      8.31     10.77      1.18      8.33     10.02
 REAL TIME  *       105.65 SEC
 DISK USED  *       785.21 MB
 **********************************************************************************************************************************
 SETTING E1(5)          =       -55.14362362  AU                              
 SETTING E2(5)          =       -54.79500734  AU                              
 SETTING E3(5)          =       -54.70378781  AU                              

 DO I                   =         6.00000000   


 Using spherical harmonics

 Library entry N      S aug-cc-pV5Z          selected for orbital group  1
 Library entry N      P aug-cc-pV5Z          selected for orbital group  1
 Library entry N      D aug-cc-pV5Z          selected for orbital group  1
 Library entry N      F aug-cc-pV5Z          selected for orbital group  1
 Library entry N      G aug-cc-pV5Z          selected for orbital group  1
 Library entry N      H aug-cc-pV5Z          selected for orbital group  1
 Library entry H      S aug-cc-pV5Z          selected for orbital group  2
 Library entry H      P aug-cc-pV5Z          selected for orbital group  2
 Library entry H      D aug-cc-pV5Z          selected for orbital group  2
 Library entry H      F aug-cc-pV5Z          selected for orbital group  2
 Library entry H      G aug-cc-pV5Z          selected for orbital group  2


 PROGRAM * SEWARD (Integral evaluation for generally contracted gaussian basis sets)     Author: Roland Lindh, 1990

 Geometry written to block  1 of record 701

 Orientation using atomic masses  
 Molecule type: Linear
 Symmetry elements: X,Y
 Rotational constants:     595.5447424    595.5447424      0.0000000 GHz  (calculated with average atomic masses)

 Point group  C2v 



 ATOMIC COORDINATES

 NR  ATOM    CHARGE       X              Y              Z

   1  N       7.00    0.000000000    0.000000000   -0.120515312
   2  H       1.00    0.000000000    0.000000000    1.674724507

 Bond lengths in Bohr (Angstrom)

 1-2  1.795239818
     ( 0.950000000)

 NUCLEAR CHARGE:                    8
 NUMBER OF PRIMITIVE AOS:         307
 NUMBER OF SYMMETRY AOS:          227
 NUMBER OF CONTRACTIONS:          207   (   77A1  +   50B1  +   50B2  +   30A2  )
 NUMBER OF INNER CORE ORBITALS:     0   (    0A1  +    0B1  +    0B2  +    0A2  )
 NUMBER OF OUTER CORE ORBITALS:     1   (    1A1  +    0B1  +    0B2  +    0A2  )
 NUMBER OF VALENCE ORBITALS:        5   (    3A1  +    1B1  +    1B2  +    0A2  )


 NUCLEAR REPULSION ENERGY    3.89920050

 EXTRA SYMMETRY OF AOS IN SYMMETRY 1:   1 1 1 1 1 1 1 1 1 1   1 1 1 1 2 1 2 1 2 1   2 1 2 1 2 1 2 1 2 1   2 1 3 2 1 3 2 1 3 2
                                        2 3 1 2 3 1 1 1 1 1   1 1 1 1 1 1 1 1 2 1   2 1 2 1 2 1 2 1 2 1   2 1 3 2 1 3 2
 EXTRA SYMMETRY OF AOS IN SYMMETRY 2:   1 1 1 1 1 1 1 1 1 1   1 1 2 1 2 1 2 1 2 1   2 1 2 1 2 1 2 3 1 2   3 1 1 1 1 1 1 1 1 1
                                        1 2 1 2 1 2 1 2 1 2
 EXTRA SYMMETRY OF AOS IN SYMMETRY 3:   1 1 1 1 1 1 1 1 1 1   1 1 2 1 2 1 2 1 2 1   2 1 2 1 2 1 2 3 1 2   3 1 1 1 1 1 1 1 1 1
                                        1 2 1 2 1 2 1 2 1 2
 EXTRA SYMMETRY OF AOS IN SYMMETRY 4:   1 1 1 1 1 1 1 1 1 1   2 1 2 1 2 2 1 2 1 1   1 1 1 1 1 1 1 2 1 2

 Eigenvalues of metric

         1 0.126E-04 0.754E-04 0.222E-03 0.260E-03 0.493E-03 0.638E-03 0.116E-02 0.245E-02
         2 0.227E-03 0.108E-02 0.286E-02 0.476E-02 0.726E-02 0.171E-01 0.245E-01 0.325E-01
         3 0.227E-03 0.108E-02 0.286E-02 0.476E-02 0.726E-02 0.171E-01 0.245E-01 0.325E-01
         4 0.245E-02 0.135E-01 0.356E-01 0.562E-01 0.866E-01 0.110E+00 0.195E+00 0.206E+00


 Contracted 2-electron integrals neglected if value below      1.0D-12
 AO integral compression algorithm  1   Integral accuracy      1.0D-12

     287.572 MB (compressed) written to integral file ( 51.0%)


 NUMBER OF SORTED TWO-ELECTRON INTEGRALS:   59167011.     BUFFER LENGTH:  32768
 NUMBER OF SEGMENTS:   4  SEGMENT LENGTH:   15999984      RECORD LENGTH: 524288

 Memory used in sort:      16.56 MW

 SORT1 READ    70490039. AND WROTE    39593947. INTEGRALS IN    116 RECORDS. CPU TIME:     0.73 SEC, REAL TIME:     0.88 SEC
 SORT2 READ    39593947. AND WROTE    59167011. INTEGRALS IN   1097 RECORDS. CPU TIME:     0.62 SEC, REAL TIME:     0.73 SEC

 FILE SIZES:   FILE 1:   318.7 MBYTE,  FILE 4:   486.6 MBYTE,   TOTAL:    805.3 MBYTE

 OPERATOR DM      FOR CENTER  0  COORDINATES:    0.000000    0.000000    0.000000


 **********************************************************************************************************************************
 DATASETS  * FILE   NREC   LENGTH (MB)   RECORD NAMES
              1      20      251.13       500      700      610      701      900      950      970     1000      129      960   
                                          VAR     GEOM    BASINP    GEOM    SYMINP    ZMAT    AOBASIS   BASIS     P2S    ABASIS    
                                         1100     1400     1410     1200     1210     1080     1600     1650     1300     1700   
                                           S        T        V       H0       H01     AOSYM     SMH    MOLCAS    ERIS     OPER   

              2       8       17.69       500      610      700     1000      520     2100     2140      701   
                                          VAR    BASINP    GEOM     BASIS   MCVARS     RHF     MCSCF    GEOM   

 PROGRAMS   *        TOTAL       INT        CI     MULTI       INT        CI     MULTI       INT        CI     MULTI       INT
 CPU TIMES  *       107.24      8.35     10.56      1.19      8.34     10.51      1.19      8.31     10.77      1.18      8.33
 REAL TIME  *       114.37 SEC
 DISK USED  *       785.71 MB
 **********************************************************************************************************************************

 PROGRAM * MULTI (Direct Multiconfiguration SCF)       Authors: P.J. Knowles, H.-J. Werner (1984)
                                                                D.A. Kreplin, P.J. Knowles, H.-J. Werner (2019)

 Number of closed-shell orbitals:   1 (   1   0   0   0 )
 Number of active  orbitals:        5 (   3   1   1   0 )
 Number of external orbitals:     201 (  73  49  49  30 )

 State symmetry 1

 Number of active electrons:   6    Spin symmetry=Triplet   Space symmetry=4
 Number of states:             4
 Number of CSFs:              12   (15 determinants, 50 intermediate states)

 Molecular orbitals read from record     2140.2  Type=MCSCF/NATURAL (state averaged)

 EXTRA SYMMETRY OF MOS IN SYMMETRY 1:   1 1 1 1 1 1 1 2 1 1   1 1 2 1 1 2 1 1 2 1   2 1 1 1 2 3 1 2 1 1   2 1 2 3 1 1 2 1 1 1
                                        2 3 2 1 3 2 1 1 2 2   1 1 1 2 1 1 2 3 1 3   1 1 2 2 1 3 2 1 2 1   2 1 2 1 1 1 1
 EXTRA SYMMETRY OF MOS IN SYMMETRY 2:   1 1 1 1 1 1 2 1 1 1   2 1 1 1 2 1 1 2 1 2   1 1 1 2 3 1 1 2 1 2   1 2 1 1 1 2 3 1 1 2
                                        1 2 1 2 2 1 1 1 1 1
 EXTRA SYMMETRY OF MOS IN SYMMETRY 3:   1 1 1 1 1 1 2 1 1 1   2 1 1 1 2 1 1 2 1 2   1 1 1 2 3 1 1 2 1 2   1 2 1 1 1 2 3 1 1 2
                                        1 2 1 2 2 1 1 1 1 1
 EXTRA SYMMETRY OF MOS IN SYMMETRY 4:   1 1 1 1 1 1 2 1 1 1   2 1 1 2 1 2 1 1 1 1   1 2 2 1 1 2 1 1 1 1

 Wavefunction dump at record             2140.2

 Convergence thresholds  0.10E-04 (gradient)  0.10E-05 (energy)

 Weight factors for state symmetry  1:    0.25000   0.25000   0.25000   0.25000
 
 Number of orbital rotations:  393  ( 3 closed/active, 73 closed/virtual, 0 active/active, 317 active/virtual )
 Total number of variables:    453
 
  Second-order MCSCF: L-BFGS accelerated
 
 ITER  MIC  NCI  NEG     ENERGY(VAR)    ENERGY(PROJ) ENERGY CHANGE       GRAD(0)  GRAD(ORB)   GRAD(CI)      STEP      TIME
   1    6    4    0    -54.67164533     -54.67168683   -0.00004150    0.01241719 0.00000657 0.00000000  0.13E-01      0.34
   2    6    5    0    -54.67168677     -54.67168677   -0.00000000    0.00002034 0.00000001 0.00000000  0.46E-04      0.68
   3    3    2    0    -54.67168677     -54.67168677    0.00000000    0.00000000 0.00000000 0.00000000  0.11E-08      1.00

 CONVERGENCE REACHED!  Final gradient:    0.00000000 ( 0.11E-10)
                       Final energy:    -54.67168677
 
 Results for state 1.4
 =====================
 !MCSCF STATE 1.4 Energy                       -54.946532040071
 Nuclear energy                                  3.89920050
 Kinetic energy                                 55.94375798
 One electron energy                           -82.96447711
 Two electron energy                            24.11874457
 Virial ratio                                    1.98217449
 
 !MCSCF STATE 1.4 Dipole moment                  0.00000000     0.00000000     0.77721157
 Dipole moment /Debye                            0.00000000     0.00000000     1.97547476
 
 Results for state 2.4
 =====================
 !MCSCF STATE 2.4 Energy                       -54.657003535785
 Nuclear energy                                  3.89920050
 Kinetic energy                                 54.53858422
 One electron energy                           -79.76014356
 Two electron energy                            21.20393952
 Virial ratio                                    2.00217129
 
 !MCSCF STATE 2.4 Dipole moment                  0.00000000     0.00000000    -1.72299019
 Dipole moment /Debye                            0.00000000     0.00000000    -4.37940423
 
 Results for state 3.4
 =====================
 !MCSCF STATE 3.4 Energy                       -54.548951708068
 Nuclear energy                                  3.89920050
 Kinetic energy                                 54.59732758
 One electron energy                           -79.76484989
 Two electron energy                            21.31669768
 Virial ratio                                    1.99911395
 
 !MCSCF STATE 3.4 Dipole moment                  0.00000000     0.00000000    -1.61398600
 Dipole moment /Debye                            0.00000000     0.00000000    -4.10234323
 
 Results for state 4.4
 =====================
 !MCSCF STATE 4.4 Energy                       -54.534259806280
 Nuclear energy                                  3.89920050
 Kinetic energy                                 54.64769626
 One electron energy                           -79.78011315
 Two electron energy                            21.34665284
 Virial ratio                                    1.99792422
 
 !MCSCF STATE 4.4 Dipole moment                  0.00000000     0.00000000    -1.40390753
 Dipole moment /Debye                            0.00000000     0.00000000    -3.56837700
 
 State-averaged charge density matrix saved on record 2140.2 (density set 1)
 
 Expectation values: (only non-zero values are shown)
 
 !MCSCF expec                       <1.4|DMZ|1.4>     0.777211565507 au =     1.975474755552 Debye
 !MCSCF expec                       <2.4|DMZ|2.4>    -1.722990186530 au =    -4.379404229961 Debye
 !MCSCF expec                       <3.4|DMZ|3.4>    -1.613986003946 au =    -4.102343233315 Debye
 !MCSCF expec                       <4.4|DMZ|4.4>    -1.403907525119 au =    -3.568377000661 Debye
 
 Transition values: (only non-zero values with the ground state are shown)
 
 !MCSCF trans                       <1.4|DMZ|2.4>    -0.496895184805 au =    -1.262981583526 Debye
 !MCSCF trans                       <1.4|DMZ|4.4>     0.450606581806 au =     1.145327690104 Debye
 

 EXTRA SYMMETRY OF MOS IN SYMMETRY 2:   1 1 1 1 1 1 2 1 1 1   2 1 1 1 2 1 1 2 1 2   1 1 1 2 3 1 1 2 1 2   1 2 1 1 1 2 3 1 1 1
                                        2 2 1 2 2 1 1 1 1 1
 EXTRA SYMMETRY OF MOS IN SYMMETRY 3:   1 1 1 1 1 1 2 1 1 1   2 1 1 1 2 1 1 2 1 2   1 1 1 2 3 1 1 2 1 2   1 2 1 1 1 2 3 1 1 1
                                        2 2 1 2 2 1 1 1 1 1
 
 Natural orbital dump (state averaged) at molpro section 2140.2 (Orbital set 2)
 
 Reoptimze the CI vectors with natural orbitals 
 
 CI Coefficients of symmetry 4
 =============================
 
 220 a a        0.99517786     -0.04555049     -0.00000000      0.04515092
 2ab a a        0.04673603      0.85890182     -0.00000000     -0.01754722
 2ba a a       -0.05369732     -0.26626719     -0.00000000      0.81599625
 2aa b a        0.00348064     -0.29631731      0.70686015     -0.39922451
 2aa a b        0.00348064     -0.29631731     -0.70686015     -0.39922451
 a2b a a        0.05697091     -0.09491566     -0.00000000      0.03005566
 b2a a a       -0.01724338      0.03875547     -0.00000000      0.07723953
 a2a a b       -0.01986376      0.02808009      0.00033891     -0.05364759
 a2a b a       -0.01986376      0.02808009     -0.00033891     -0.05364759
 
 Energy:      -54.94653204    -54.65700354    -54.54895171    -54.53425981
 


 **********************************************************************************************************************************
 DATASETS  * FILE   NREC   LENGTH (MB)   RECORD NAMES
              1      21      254.05       500      700      610      701      900      950      970     1000      129      960   
                                          VAR     GEOM    BASINP    GEOM    SYMINP    ZMAT    AOBASIS   BASIS     P2S    ABASIS    
                                         1100     1400     1410     1200     1210     1080     1600     1650     1300     1700   
                                           S        T        V       H0       H01     AOSYM     SMH    MOLCAS    ERIS     OPER   
                                         1380   
                                         JKOP   

              2       8       17.69       500      610      700     1000      520     2100     2140      701   
                                          VAR    BASINP    GEOM     BASIS   MCVARS     RHF     MCSCF    GEOM   

 PROGRAMS   *        TOTAL     MULTI       INT        CI     MULTI       INT        CI     MULTI       INT        CI     MULTI
 CPU TIMES  *       108.43      1.19      8.35     10.56      1.19      8.34     10.51      1.19      8.31     10.77      1.18
 REAL TIME  *       115.70 SEC
 DISK USED  *       785.71 MB
 **********************************************************************************************************************************


 PROGRAM * CI (Multireference internally contracted CI)     Authors: H.-J. Werner, P.J. Knowles, 1987


 Convergence thresholds:  THRVAR = 1.00D-08  THRDEN = 1.00D-06

 Number of optimized states: 3  Roots:    1   2   3
 Number of reference states: 3  Roots:    1   2   3

 Program parameters:       NSTATE=  3    NSTATI=  5    NSTATR=  3    NCEPA = -1    NOKOP =  0    ITRDM =  0    ITRANS=  0
                           IDIP  =200    MAXIT =250    MAXITI=250    MAXDAV=  9    MAXVI = 15    NOSING=  0    NOPAIR=  0
                           MXSHRF=  4    IKCPS =  0    IOPTGM=  2    IOPTOR=  0    REFOPT=  1    IAVDEN=  0    IDELCG=  1
                           IREST =  0    NATORB=  0    IPUNRF=  0    ISEP  =  0    OLDDEN=  0    NSTPRI=  1    GPSFLI= -1
                           CLUSTE=  0    CLOSED=  1    ILSTYP=  0    ITRLS =  0    ICCSD =  0    LOCAL =  0    IBASO =  0
                           MP    =  0    ITEDIS=  2    INCDIS=  1    MAXDIS=  6    ITYDIS=  1    BRUECK=  0    IBRSTR=  3
                           INCBRK=  1    TRIPLE=  0    ICCTYP=  2    IHPPD =  0    ICCNEW=  0    I3EXT = -1    IDEB  =  0
                           IDLEIG=  1    IDFTYP=  1    IMP3  =  0    IPROCS=  0    NOINT =  0    NOREF =  1    IMP2G =  0
                           IHINT =  0    IFDIA =  0    ISPARO=  1    JKSYM =  0    CPHF  =  0    MP2D  = -1    DKINT =  0
                           NPKEX =  1    DRVK  =  1    HLSTRA=  1    WIGNER=  1    DIIS_C=  1    MAXIT_= 50    MATEL =  0
                           SPDEG =  1    MEMCPH=  0    DISM  =  1    KDCPMA=  5    IKDCP_=  0    IREDTH=  0    USECS =  0
                           IPROCC=  0    I3SAVE=  1    IKDCP =  1    USECI =  0    OLDPAI=  0    IPROCI=  0    KEEPCL=  1
                           DISCON=  0    SHIFTE=  0    DIISIN=  0    MOLCAS=  0    MEM_PT=  0    RECORD=  0    RS2C  =  0
                           KEXT  = -1    CIPT2 =  0    DECP0S=  0    I4EXT = -1    NATCOR=  0    RIMP2 =  0    DDCI  = -1
                           IPOLAR=  0

 Reference symmetry:                   4   Triplet 
 Number of electrons:                  8
 Maximum number of shells:             3
 Maximum number of spin couplings:     9

 Reference space:        6 conf       12 CSFs
 N elec internal:       35 conf       45 CSFs
 N-1 el internal:       48 conf       96 CSFs
 N-2 el internal:       26 conf      102 CSFs

 Number of electrons in valence space:                      6
 Maximum number of open shell orbitals in reference space:  4
 Maximum number of open shell orbitals in internal spaces:  6


 Number of core orbitals:           1 (   1   0   0   0 )
 Number of active  orbitals:        5 (   3   1   1   0 )
 Number of external orbitals:     201 (  73  49  49  30 )

 Molecular orbitals read from record     2140.2  Type=MCSCF/NATURAL (state averaged)

 Valence orbitals related to previous ones by unitary transformation. Operators transformed.


 Number of p-space configurations:   5

 Reference wavefunction optimized for reference space (refopt=1)

 State     Reference Energy 
     1       -54.94653204
     2       -54.65700354
     3       -54.54895171
     4       -54.53425981
     5       -54.20750878

 Number of blocks in overlap matrix:    12   Smallest eigenvalue:  0.19D-04
 Number of N-2 electron functions:      60
 Number of N-1 electron functions:      96

 Number of internal configurations:                   12
 Number of singly external configurations:          4953
 Number of doubly external configurations:        311592
 Total number of contracted configurations:       316557
 Total number of uncontracted configurations:     529947

 Diagonal Coupling coefficients finished.               Storage:    8083 words, CPU-Time:      0.00 seconds.
 Energy denominators for pairs finished in 1 passes.    Storage:  127229 words, CPU-time:      0.00 seconds.

  ITER. STATE  ROOT     SQ.NORM     CORR.ENERGY   TOTAL ENERGY   ENERGY CHANGE       DEN1      VAR(S)    VAR(P)      TIME
    1     1     1     1.00000000     0.00000000   -54.94653204     0.00000000    -0.20841125  0.67D-01  0.22D-01     0.15
    1     2     2     1.00000000     0.00000000   -54.65700354     0.00000000    -0.12944257  0.29D-01  0.14D-01     0.15
    1     3     3     1.00000000     0.00000000   -54.54895171     0.00000000    -0.14838148  0.28D-01  0.17D-01     0.15
    2     1     1     1.06867857    -0.18407908   -55.13061112    -0.18407908    -0.00975537  0.22D-02  0.13D-02     1.31
    2     2     2     1.04460127    -0.13186934   -54.78887288    -0.13186934    -0.00295520  0.57D-03  0.44D-03     1.31
    2     3     3     1.04450433    -0.14700938   -54.69596109    -0.14700938    -0.00326526  0.71D-03  0.45D-03     1.31
    3     1     1     1.06909175    -0.19459666   -55.14112870    -0.01051759    -0.00066018  0.80D-04  0.11D-03     2.46
    3     2     2     1.04620024    -0.13522994   -54.79223348    -0.00336060    -0.00025207  0.50D-04  0.43D-04     2.46
    3     3     3     1.04857616    -0.15077279   -54.69972450    -0.00376341    -0.00027305  0.11D-03  0.39D-04     2.46
    4     1     1     1.07171179    -0.19549630   -55.14202834    -0.00089964    -0.00006960  0.60D-05  0.12D-04     3.64
    4     2     2     1.04795477    -0.13558768   -54.79259122    -0.00035774    -0.00003933  0.54D-05  0.69D-05     3.64
    4     3     3     1.05209572    -0.15119364   -54.70014535    -0.00042085    -0.00005344  0.18D-04  0.82D-05     3.64
    5     1     1     1.07240743    -0.19559336   -55.14212540    -0.00009706    -0.00000770  0.92D-06  0.13D-05     4.79
    5     2     2     1.04808951    -0.13564422   -54.79264775    -0.00005653    -0.00000690  0.10D-05  0.12D-05     4.79
    5     3     3     1.05324262    -0.15127784   -54.70022955    -0.00008420    -0.00001056  0.39D-05  0.16D-05     4.79
    6     1     1     1.07233478    -0.19560364   -55.14213568    -0.00001028    -0.00000106  0.11D-06  0.16D-06     5.93
    6     2     2     1.04802464    -0.13565423   -54.79265777    -0.00001001    -0.00000153  0.24D-06  0.28D-06     5.93
    6     3     3     1.05360127    -0.15129343   -54.70024514    -0.00001559    -0.00000287  0.20D-05  0.40D-06     5.93
    7     1     1     1.07237414    -0.19560495   -55.14213699    -0.00000131    -0.00000015  0.16D-07  0.24D-07     7.08
    7     2     2     1.04807074    -0.13565618   -54.79265972    -0.00000195    -0.00000035  0.71D-07  0.58D-07     7.08
    7     3     3     1.05390154    -0.15129792   -54.70024963    -0.00000449    -0.00000121  0.76D-06  0.15D-06     7.08
    8     1     1     1.07238577    -0.19560514   -55.14213718    -0.00000019    -0.00000003  0.25D-08  0.41D-08     8.25
    8     2     2     1.04806789    -0.13565664   -54.79266018    -0.00000046    -0.00000009  0.15D-07  0.15D-07     8.25
    8     3     3     1.05408254    -0.15129985   -54.70025156    -0.00000193    -0.00000056  0.43D-06  0.59D-07     8.25
    9     1     1     1.07238639    -0.19560515   -55.14213719    -0.00000001    -0.00000002  0.22D-08  0.36D-08     9.14
    9     2     2     1.04807016    -0.13565676   -54.79266029    -0.00000012    -0.00000002  0.38D-08  0.42D-08     9.14
    9     3     3     1.05442737    -0.15130118   -54.70025289    -0.00000133    -0.00000018  0.68D-07  0.30D-07     9.14
   10     1     1     1.07238639    -0.19560515   -55.14213719    -0.00000000    -0.00000002  0.22D-08  0.36D-08     9.80
   10     2     2     1.04807016    -0.13565676   -54.79266029    -0.00000000    -0.00000002  0.38D-08  0.42D-08     9.80
   10     3     3     1.05446270    -0.15130142   -54.70025313    -0.00000024    -0.00000006  0.30D-07  0.11D-07     9.80
   11     1     1     1.07238639    -0.19560515   -55.14213719    -0.00000000    -0.00000002  0.22D-08  0.36D-08    10.44
   11     2     2     1.04807016    -0.13565676   -54.79266029    -0.00000000    -0.00000002  0.38D-08  0.42D-08    10.44
   11     3     3     1.05452432    -0.15130154   -54.70025325    -0.00000012    -0.00000002  0.42D-08  0.58D-08    10.44
   12     1     1     1.07238639    -0.19560515   -55.14213719    -0.00000000    -0.00000002  0.22D-08  0.36D-08    11.09
   12     2     2     1.04807016    -0.13565676   -54.79266029     0.00000000    -0.00000002  0.38D-08  0.42D-08    11.09
   12     3     3     1.05455255    -0.15130157   -54.70025328    -0.00000003    -0.00000000  0.52D-09  0.97D-09    11.09


 =====================================
 Analysis of CPU times by interactions
 =====================================

       I      S      P

 I   0.1%
 S   0.0%   0.3%
 P   0.5%   0.8%  28.9%

 Initialization:   1.3%
 Other:           68.3%

 Total CPU:       11.1 seconds
 =====================================



 gnormi=  0.93249971  gnorms=  0.04104898  gnormp=  0.02645131  gnorm=  1.00000000
 ecorri= -0.18240174  ecorrs= -0.00802571  ecorrp= -0.00517769  ecorr= -0.19560515

 gnormi=  0.95413460  gnorms=  0.02829162  gnormp=  0.01757378  gnorm=  1.00000000
 ecorri= -0.12943481  ecorrs= -0.00383819  ecorrp= -0.00238376  ecorr= -0.13565676

 gnormi=  0.94826948  gnorms=  0.03146857  gnormp=  0.02026195  gnorm=  1.00000000
 ecorri= -0.14347466  ecorrs= -0.00476068  ecorrp= -0.00306623  ecorr= -0.15130157

 Reference coefficients greater than 0.0500000
 =============================================
 220//           0.9634313  -0.0306358  -0.0000001
 2///\           0.0016659  -0.3304278   0.7948879
 2/\//           0.0493143   0.7841056   0.0000035
 2//\/           0.0023560  -0.4672954  -0.5620648
 /2\//           0.0289611  -0.0828527   0.0000003

 Coefficients of fixed reference functions:
 ==========================================

 State      Coefficients
 1           0.965167   -0.010560   -0.000000
 2           0.015093    0.976558    0.000000
 3           0.000000   -0.000000    0.973779

 Coefficients of rotated reference functions:
 ============================================

 State      Coefficients
 1           0.965222    0.002191    0.000000
 2           0.002191    0.976672   -0.000000
 3           0.000000   -0.000000    0.973779


 RESULTS FOR STATE 1.4
 =====================

 Coefficient of reference function:   C(0) = 0.96516669 (fixed)   0.96566025 (relaxed)   0.96522197 (rotated)

 Energy contributions of configuration classes

 CLASS          SQ.NORM        ECORR1        ECORR2
 +++++++++++++++++++++++++++++++++++++++++++++++++++
 Internals    0.00090834   -0.00000868   -0.11372814
 Singles      0.04406035   -0.07371154   -0.07669932
 Pairs        0.02839179   -0.00000000   -0.00517769
 Total        1.07336048   -0.07372022   -0.19560515
 +++++++++++++++++++++++++++++++++++++++++++++++++++


 Reference energy                     -54.94648151
 Nuclear energy                         3.89920050
 Kinetic energy                        55.37794193
 One electron energy                  -82.18511801
 Two electron energy                   23.14378032
 Virial quotient                       -0.99574190
 Correlation energy                    -0.19565567
 !MRCI STATE 1.4 Energy               -55.142137187315

 Properties without orbital relaxation:

 !MRCI STATE 1.4 Dipole moment          0.00000000     0.00000000     0.64293260
 Dipole moment /Debye                   0.00000000     0.00000000     1.63417168

 Cluster corrected energies           -55.15649058 (Davidson, fixed reference)
 Cluster corrected energies           -55.15630000 (Davidson, relaxed reference)
 Cluster corrected energies           -55.15649058 (Davidson, rotated reference)

 Cluster corrected energies           -55.14930425 (Pople, fixed reference)
 Cluster corrected energies           -55.14920934 (Pople, relaxed reference)
 Cluster corrected energies           -55.14930425 (Pople, rotated reference)



 RESULTS FOR STATE 2.4
 =====================

 Coefficient of reference function:   C(0) = 0.97655793 (fixed)   0.97679814 (relaxed)   0.97667210 (rotated)

 Energy contributions of configuration classes

 CLASS          SQ.NORM        ECORR1        ECORR2
 +++++++++++++++++++++++++++++++++++++++++++++++++++
 Internals    0.00025811   -0.00000858   -0.07829099
 Singles      0.02965926   -0.05361613   -0.05498199
 Pairs        0.01842331   -0.00000001   -0.00238377
 Total        1.04834067   -0.05362472   -0.13565676
 +++++++++++++++++++++++++++++++++++++++++++++++++++


 Reference energy                     -54.65705406
 Nuclear energy                         3.89920050
 Kinetic energy                        55.00755128
 One electron energy                  -79.93549422
 Two electron energy                   21.24363342
 Virial quotient                       -0.99609343
 Correlation energy                    -0.13560623
 !MRCI STATE 2.4 Energy               -54.792660293849

 Properties without orbital relaxation:

 !MRCI STATE 2.4 Dipole moment          0.00000000     0.00000000    -1.61441449
 Dipole moment /Debye                   0.00000000     0.00000000    -4.10343235

 Cluster corrected energies           -54.79921559 (Davidson, fixed reference)
 Cluster corrected energies           -54.79917891 (Davidson, relaxed reference)
 Cluster corrected energies           -54.79921559 (Davidson, rotated reference)

 Cluster corrected energies           -54.79593603 (Pople, fixed reference)
 Cluster corrected energies           -54.79591772 (Pople, relaxed reference)
 Cluster corrected energies           -54.79593603 (Pople, rotated reference)



 RESULTS FOR STATE 3.4
 =====================

 Coefficient of reference function:   C(0) = 0.97377884 (fixed)   0.97379129 (relaxed)   0.97377884 (rotated)

 Energy contributions of configuration classes

 CLASS          SQ.NORM        ECORR1        ECORR2
 +++++++++++++++++++++++++++++++++++++++++++++++++++
 Internals    0.00002556   -0.00000000   -0.00000367
 Singles      0.03318611   -0.06014784   -0.06179559
 Pairs        0.02136784   -0.09115373   -0.08950232
 Total        1.05457951   -0.15130157   -0.15130157
 +++++++++++++++++++++++++++++++++++++++++++++++++++


 Reference energy                     -54.54895171
 Nuclear energy                         3.89920050
 Kinetic energy                        54.99002404
 One electron energy                  -79.91228024
 Two electron energy                   21.31282646
 Virial quotient                       -0.99473048
 Correlation energy                    -0.15130157
 !MRCI STATE 3.4 Energy               -54.700253280066

 Properties without orbital relaxation:

 !MRCI STATE 3.4 Dipole moment          0.00000000     0.00000000    -1.49863176
 Dipole moment /Debye                   0.00000000     0.00000000    -3.80914200

 Cluster corrected energies           -54.70851125 (Davidson, fixed reference)
 Cluster corrected energies           -54.70850717 (Davidson, relaxed reference)
 Cluster corrected energies           -54.70851125 (Davidson, rotated reference)

 Cluster corrected energies           -54.70437919 (Pople, fixed reference)
 Cluster corrected energies           -54.70437716 (Pople, relaxed reference)
 Cluster corrected energies           -54.70437919 (Pople, rotated reference)


 !MRCI trans          <2.4|DMZ|1.4>    -0.542097433317 au =    -1.377874239261 Debye

 !MRCI trans          <3.4|DMZ|1.4>    -0.000004449975 au =    -0.000011310709 Debye

 !MRCI trans          <3.4|DMZ|2.4>     0.000003167810 au =     0.000008051771 Debye


 **********************************************************************************************************************************
 DATASETS  * FILE   NREC   LENGTH (MB)   RECORD NAMES
              1      21      254.05       500      700      610      701      900      950      970     1000      129      960   
                                          VAR     GEOM    BASINP    GEOM    SYMINP    ZMAT    AOBASIS   BASIS     P2S    ABASIS    
                                         1100     1400     1410     1200     1210     1080     1600     1650     1300     1700   
                                           S        T        V       H0       H01     AOSYM     SMH    MOLCAS    ERIS     OPER   
                                         1380   
                                         JKOP   

              2       8       17.69       500      610      700     1000      520     2100     2140      701   
                                          VAR    BASINP    GEOM     BASIS   MCVARS     RHF     MCSCF    GEOM   

 PROGRAMS   *        TOTAL        CI     MULTI       INT        CI     MULTI       INT        CI     MULTI       INT        CI
 CPU TIMES  *       119.57     11.14      1.19      8.35     10.56      1.19      8.34     10.51      1.19      8.31     10.77
 REAL TIME  *       127.73 SEC
 DISK USED  *       785.71 MB
 **********************************************************************************************************************************
 SETTING E1(6)          =       -55.14213719  AU                              
 SETTING E2(6)          =       -54.79266029  AU                              
 SETTING E3(6)          =       -54.70025328  AU                              

 DO I                   =         7.00000000   


 Using spherical harmonics

 Library entry N      S aug-cc-pV5Z          selected for orbital group  1
 Library entry N      P aug-cc-pV5Z          selected for orbital group  1
 Library entry N      D aug-cc-pV5Z          selected for orbital group  1
 Library entry N      F aug-cc-pV5Z          selected for orbital group  1
 Library entry N      G aug-cc-pV5Z          selected for orbital group  1
 Library entry N      H aug-cc-pV5Z          selected for orbital group  1
 Library entry H      S aug-cc-pV5Z          selected for orbital group  2
 Library entry H      P aug-cc-pV5Z          selected for orbital group  2
 Library entry H      D aug-cc-pV5Z          selected for orbital group  2
 Library entry H      F aug-cc-pV5Z          selected for orbital group  2
 Library entry H      G aug-cc-pV5Z          selected for orbital group  2


 PROGRAM * SEWARD (Integral evaluation for generally contracted gaussian basis sets)     Author: Roland Lindh, 1990

 Geometry written to block  1 of record 701

 Orientation using atomic masses  
 Molecule type: Linear
 Symmetry elements: X,Y
 Rotational constants:     608.2833070    608.2833070      0.0000000 GHz  (calculated with average atomic masses)

 Point group  C2v 



 ATOMIC COORDINATES

 NR  ATOM    CHARGE       X              Y              Z

   1  N       7.00    0.000000000    0.000000000   -0.119246730
   2  H       1.00    0.000000000    0.000000000    1.657095827

 Bond lengths in Bohr (Angstrom)

 1-2  1.776342557
     ( 0.940000000)

 NUCLEAR CHARGE:                    8
 NUMBER OF PRIMITIVE AOS:         307
 NUMBER OF SYMMETRY AOS:          227
 NUMBER OF CONTRACTIONS:          207   (   77A1  +   50B1  +   50B2  +   30A2  )
 NUMBER OF INNER CORE ORBITALS:     0   (    0A1  +    0B1  +    0B2  +    0A2  )
 NUMBER OF OUTER CORE ORBITALS:     1   (    1A1  +    0B1  +    0B2  +    0A2  )
 NUMBER OF VALENCE ORBITALS:        5   (    3A1  +    1B1  +    1B2  +    0A2  )


 NUCLEAR REPULSION ENERGY    3.94068136

 EXTRA SYMMETRY OF AOS IN SYMMETRY 1:   1 1 1 1 1 1 1 1 1 1   1 1 1 1 2 1 2 1 2 1   2 1 2 1 2 1 2 1 2 1   2 1 3 2 1 3 2 1 3 2
                                        2 3 1 2 3 1 1 1 1 1   1 1 1 1 1 1 1 1 2 1   2 1 2 1 2 1 2 1 2 1   2 1 3 2 1 3 2
 EXTRA SYMMETRY OF AOS IN SYMMETRY 2:   1 1 1 1 1 1 1 1 1 1   1 1 2 1 2 1 2 1 2 1   2 1 2 1 2 1 2 3 1 2   3 1 1 1 1 1 1 1 1 1
                                        1 2 1 2 1 2 1 2 1 2
 EXTRA SYMMETRY OF AOS IN SYMMETRY 3:   1 1 1 1 1 1 1 1 1 1   1 1 2 1 2 1 2 1 2 1   2 1 2 1 2 1 2 3 1 2   3 1 1 1 1 1 1 1 1 1
                                        1 2 1 2 1 2 1 2 1 2
 EXTRA SYMMETRY OF AOS IN SYMMETRY 4:   1 1 1 1 1 1 1 1 1 1   2 1 2 1 2 2 1 2 1 1   1 1 1 1 1 1 1 2 1 2

 Eigenvalues of metric

         1 0.122E-04 0.743E-04 0.221E-03 0.251E-03 0.479E-03 0.615E-03 0.112E-02 0.237E-02
         2 0.215E-03 0.103E-02 0.278E-02 0.474E-02 0.710E-02 0.166E-01 0.238E-01 0.314E-01
         3 0.215E-03 0.103E-02 0.278E-02 0.474E-02 0.710E-02 0.166E-01 0.238E-01 0.314E-01
         4 0.237E-02 0.130E-01 0.342E-01 0.546E-01 0.860E-01 0.109E+00 0.194E+00 0.205E+00


 Contracted 2-electron integrals neglected if value below      1.0D-12
 AO integral compression algorithm  1   Integral accuracy      1.0D-12

     288.096 MB (compressed) written to integral file ( 51.1%)


 NUMBER OF SORTED TWO-ELECTRON INTEGRALS:   59167011.     BUFFER LENGTH:  32768
 NUMBER OF SEGMENTS:   4  SEGMENT LENGTH:   15999984      RECORD LENGTH: 524288

 Memory used in sort:      16.56 MW

 SORT1 READ    70490039. AND WROTE    39593936. INTEGRALS IN    116 RECORDS. CPU TIME:     0.74 SEC, REAL TIME:     0.88 SEC
 SORT2 READ    39593936. AND WROTE    59167011. INTEGRALS IN   1099 RECORDS. CPU TIME:     0.62 SEC, REAL TIME:     0.73 SEC

 FILE SIZES:   FILE 1:   319.2 MBYTE,  FILE 4:   486.6 MBYTE,   TOTAL:    805.8 MBYTE

 OPERATOR DM      FOR CENTER  0  COORDINATES:    0.000000    0.000000    0.000000


 **********************************************************************************************************************************
 DATASETS  * FILE   NREC   LENGTH (MB)   RECORD NAMES
              1      20      251.52       500      700      610      701      900      950      970     1000      129      960   
                                          VAR     GEOM    BASINP    GEOM    SYMINP    ZMAT    AOBASIS   BASIS     P2S    ABASIS    
                                         1100     1400     1410     1200     1210     1080     1600     1650     1300     1700   
                                           S        T        V       H0       H01     AOSYM     SMH    MOLCAS    ERIS     OPER   

              2       8       17.69       500      610      700     1000      520     2100     2140      701   
                                          VAR    BASINP    GEOM     BASIS   MCVARS     RHF     MCSCF    GEOM   

 PROGRAMS   *        TOTAL       INT        CI     MULTI       INT        CI     MULTI       INT        CI     MULTI       INT
 CPU TIMES  *       127.91      8.33     11.14      1.19      8.35     10.56      1.19      8.34     10.51      1.19      8.31
 REAL TIME  *       136.44 SEC
 DISK USED  *       786.21 MB
 **********************************************************************************************************************************

 PROGRAM * MULTI (Direct Multiconfiguration SCF)       Authors: P.J. Knowles, H.-J. Werner (1984)
                                                                D.A. Kreplin, P.J. Knowles, H.-J. Werner (2019)

 Number of closed-shell orbitals:   1 (   1   0   0   0 )
 Number of active  orbitals:        5 (   3   1   1   0 )
 Number of external orbitals:     201 (  73  49  49  30 )

 State symmetry 1

 Number of active electrons:   6    Spin symmetry=Triplet   Space symmetry=4
 Number of states:             4
 Number of CSFs:              12   (15 determinants, 50 intermediate states)

 Molecular orbitals read from record     2140.2  Type=MCSCF/NATURAL (state averaged)

 EXTRA SYMMETRY OF MOS IN SYMMETRY 1:   1 1 1 1 1 1 1 2 1 1   1 1 2 1 1 2 1 1 2 1   2 1 1 1 2 3 1 2 1 1   2 1 2 3 1 1 2 1 1 1
                                        2 3 2 1 3 2 1 1 2 2   1 1 1 2 1 1 2 3 1 3   1 1 2 2 1 3 2 1 2 1   2 1 2 1 1 1 1
 EXTRA SYMMETRY OF MOS IN SYMMETRY 2:   1 1 1 1 1 1 2 1 1 1   2 1 1 1 2 1 1 2 1 2   1 1 1 2 3 1 1 2 1 2   1 2 1 1 1 2 3 1 1 1
                                        2 2 1 2 2 1 1 1 1 1
 EXTRA SYMMETRY OF MOS IN SYMMETRY 3:   1 1 1 1 1 1 2 1 1 1   2 1 1 1 2 1 1 2 1 2   1 1 1 2 3 1 1 2 1 2   1 2 1 1 1 2 3 1 1 1
                                        2 2 1 2 2 1 1 1 1 1
 EXTRA SYMMETRY OF MOS IN SYMMETRY 4:   1 1 1 1 1 1 2 1 1 1   2 1 1 2 1 2 1 1 1 1   1 2 2 1 1 2 1 1 1 1

 Wavefunction dump at record             2140.2

 Convergence thresholds  0.10E-04 (gradient)  0.10E-05 (energy)

 Weight factors for state symmetry  1:    0.25000   0.25000   0.25000   0.25000
 
 Number of orbital rotations:  393  ( 3 closed/active, 73 closed/virtual, 0 active/active, 317 active/virtual )
 Total number of variables:    453
 
  Second-order MCSCF: L-BFGS accelerated
 
 ITER  MIC  NCI  NEG     ENERGY(VAR)    ENERGY(PROJ) ENERGY CHANGE       GRAD(0)  GRAD(ORB)   GRAD(CI)      STEP      TIME
   1    6    4    0    -54.66879825     -54.66883954   -0.00004128    0.01267728 0.00000604 0.00000000  0.12E-01      0.34
   2    6    5    0    -54.66883948     -54.66883948   -0.00000000    0.00001933 0.00000001 0.00000000  0.42E-04      0.69
   3    2    2    0    -54.66883948     -54.66883948   -0.00000000    0.00000000 0.00000000 0.00000000  0.92E-09      1.00

 CONVERGENCE REACHED!  Final gradient:    0.00000000 ( 0.88E-11)
                       Final energy:    -54.66883948
 
 Results for state 1.4
 =====================
 !MCSCF STATE 1.4 Energy                       -54.944396643099
 Nuclear energy                                  3.94068136
 Kinetic energy                                 55.97623015
 One electron energy                           -83.04806793
 Two electron energy                            24.16298993
 Virial ratio                                    1.98156658
 
 !MCSCF STATE 1.4 Dipole moment                  0.00000000     0.00000000     0.78371078
 Dipole moment /Debye                            0.00000000     0.00000000     1.99199412
 
 Results for state 2.4
 =====================
 !MCSCF STATE 2.4 Energy                       -54.655081977688
 Nuclear energy                                  3.94068136
 Kinetic energy                                 54.54874660
 One electron energy                           -79.80555935
 Two electron energy                            21.20979602
 Virial ratio                                    2.00194936
 
 !MCSCF STATE 2.4 Dipole moment                  0.00000000     0.00000000    -1.72082699
 Dipole moment /Debye                            0.00000000     0.00000000    -4.37390593
 
 Results for state 3.4
 =====================
 !MCSCF STATE 3.4 Energy                       -54.545548692161
 Nuclear energy                                  3.94068136
 Kinetic energy                                 54.60531168
 One electron energy                           -79.81149802
 Two electron energy                            21.32526797
 Virial ratio                                    1.99890555
 
 !MCSCF STATE 3.4 Dipole moment                  0.00000000     0.00000000    -1.60887014
 Dipole moment /Debye                            0.00000000     0.00000000    -4.08933999
 
 Results for state 4.4
 =====================
 !MCSCF STATE 4.4 Energy                       -54.530330617690
 Nuclear energy                                  3.94068136
 Kinetic energy                                 54.65608811
 One electron energy                           -79.82503495
 Two electron energy                            21.35402298
 Virial ratio                                    1.99769911
 
 !MCSCF STATE 4.4 Dipole moment                  0.00000000     0.00000000    -1.40072538
 Dipole moment /Debye                            0.00000000     0.00000000    -3.56028878
 
 State-averaged charge density matrix saved on record 2140.2 (density set 1)
 
 Expectation values: (only non-zero values are shown)
 
 !MCSCF expec                       <1.4|DMZ|1.4>     0.783710783537 au =     1.991994120058 Debye
 !MCSCF expec                       <2.4|DMZ|2.4>    -1.720826990804 au =    -4.373905934852 Debye
 !MCSCF expec                       <3.4|DMZ|3.4>    -1.608870136388 au =    -4.089339994991 Debye
 !MCSCF expec                       <4.4|DMZ|4.4>    -1.400725376007 au =    -3.560288784378 Debye
 
 Transition values: (only non-zero values with the ground state are shown)
 
 !MCSCF trans                       <1.4|DMZ|2.4>    -0.472709714881 au =    -1.201508250644 Debye
 !MCSCF trans                       <1.4|DMZ|4.4>     0.433263612253 au =     1.101246258407 Debye
 
 
 Natural orbital dump (state averaged) at molpro section 2140.2 (Orbital set 2)
 
 Reoptimze the CI vectors with natural orbitals 
 
 CI Coefficients of symmetry 4
 =============================
 
 220 a a        0.99567450     -0.03962230     -0.00000000      0.04248230
 2ab a a        0.04123776      0.85935927      0.00000000     -0.01411348
 2ba a a       -0.04973650     -0.27012488     -0.00000000      0.81506848
 2aa b a        0.00424937     -0.29461720      0.70687416     -0.40047750
 2aa a b        0.00424937     -0.29461720     -0.70687416     -0.40047750
 a2b a a        0.05640235     -0.09390785     -0.00000000      0.02767075
 b2a a a       -0.01741948      0.03769929     -0.00000000      0.07822642
 a2a a b       -0.01949144      0.02810428      0.00107543     -0.05294859
 a2a b a       -0.01949144      0.02810428     -0.00107543     -0.05294859
 
 Energy:      -54.94439664    -54.65508198    -54.54554869    -54.53033062
 


 **********************************************************************************************************************************
 DATASETS  * FILE   NREC   LENGTH (MB)   RECORD NAMES
              1      21      254.44       500      700      610      701      900      950      970     1000      129      960   
                                          VAR     GEOM    BASINP    GEOM    SYMINP    ZMAT    AOBASIS   BASIS     P2S    ABASIS    
                                         1100     1400     1410     1200     1210     1080     1600     1650     1300     1700   
                                           S        T        V       H0       H01     AOSYM     SMH    MOLCAS    ERIS     OPER   
                                         1380   
                                         JKOP   

              2       8       17.69       500      610      700     1000      520     2100     2140      701   
                                          VAR    BASINP    GEOM     BASIS   MCVARS     RHF     MCSCF    GEOM   

 PROGRAMS   *        TOTAL     MULTI       INT        CI     MULTI       INT        CI     MULTI       INT        CI     MULTI
 CPU TIMES  *       129.08      1.16      8.33     11.14      1.19      8.35     10.56      1.19      8.34     10.51      1.19
 REAL TIME  *       137.77 SEC
 DISK USED  *       786.21 MB
 **********************************************************************************************************************************


 PROGRAM * CI (Multireference internally contracted CI)     Authors: H.-J. Werner, P.J. Knowles, 1987


 Convergence thresholds:  THRVAR = 1.00D-08  THRDEN = 1.00D-06

 Number of optimized states: 3  Roots:    1   2   3
 Number of reference states: 3  Roots:    1   2   3

 Program parameters:       NSTATE=  3    NSTATI=  5    NSTATR=  3    NCEPA = -1    NOKOP =  0    ITRDM =  0    ITRANS=  0
                           IDIP  =200    MAXIT =250    MAXITI=250    MAXDAV=  9    MAXVI = 15    NOSING=  0    NOPAIR=  0
                           MXSHRF=  4    IKCPS =  0    IOPTGM=  2    IOPTOR=  0    REFOPT=  1    IAVDEN=  0    IDELCG=  1
                           IREST =  0    NATORB=  0    IPUNRF=  0    ISEP  =  0    OLDDEN=  0    NSTPRI=  1    GPSFLI= -1
                           CLUSTE=  0    CLOSED=  1    ILSTYP=  0    ITRLS =  0    ICCSD =  0    LOCAL =  0    IBASO =  0
                           MP    =  0    ITEDIS=  2    INCDIS=  1    MAXDIS=  6    ITYDIS=  1    BRUECK=  0    IBRSTR=  3
                           INCBRK=  1    TRIPLE=  0    ICCTYP=  2    IHPPD =  0    ICCNEW=  0    I3EXT = -1    IDEB  =  0
                           IDLEIG=  1    IDFTYP=  1    IMP3  =  0    IPROCS=  0    NOINT =  0    NOREF =  1    IMP2G =  0
                           IHINT =  0    IFDIA =  0    ISPARO=  1    JKSYM =  0    CPHF  =  0    MP2D  = -1    DKINT =  0
                           NPKEX =  1    DRVK  =  1    HLSTRA=  1    WIGNER=  1    DIIS_C=  1    MAXIT_= 50    MATEL =  0
                           SPDEG =  1    MEMCPH=  0    DISM  =  1    KDCPMA=  5    IKDCP_=  0    IREDTH=  0    USECS =  0
                           IPROCC=  0    I3SAVE=  1    IKDCP =  1    USECI =  0    OLDPAI=  0    IPROCI=  0    KEEPCL=  1
                           DISCON=  0    SHIFTE=  0    DIISIN=  0    MOLCAS=  0    MEM_PT=  0    RECORD=  0    RS2C  =  0
                           KEXT  = -1    CIPT2 =  0    DECP0S=  0    I4EXT = -1    NATCOR=  0    RIMP2 =  0    DDCI  = -1
                           IPOLAR=  0

 Reference symmetry:                   4   Triplet 
 Number of electrons:                  8
 Maximum number of shells:             3
 Maximum number of spin couplings:     9

 Reference space:        6 conf       12 CSFs
 N elec internal:       35 conf       45 CSFs
 N-1 el internal:       48 conf       96 CSFs
 N-2 el internal:       26 conf      102 CSFs

 Number of electrons in valence space:                      6
 Maximum number of open shell orbitals in reference space:  4
 Maximum number of open shell orbitals in internal spaces:  6


 Number of core orbitals:           1 (   1   0   0   0 )
 Number of active  orbitals:        5 (   3   1   1   0 )
 Number of external orbitals:     201 (  73  49  49  30 )

 Molecular orbitals read from record     2140.2  Type=MCSCF/NATURAL (state averaged)

 Valence orbitals related to previous ones by unitary transformation. Operators transformed.


 Number of p-space configurations:   5

 Reference wavefunction optimized for reference space (refopt=1)

 State     Reference Energy 
     1       -54.94439664
     2       -54.65508198
     3       -54.54554869
     4       -54.53033062
     5       -54.20173274

 Number of blocks in overlap matrix:    12   Smallest eigenvalue:  0.15D-04
 Number of N-2 electron functions:      60
 Number of N-1 electron functions:      96

 Number of internal configurations:                   12
 Number of singly external configurations:          4953
 Number of doubly external configurations:        311592
 Total number of contracted configurations:       316557
 Total number of uncontracted configurations:     529947

 Diagonal Coupling coefficients finished.               Storage:    8099 words, CPU-Time:      0.00 seconds.
 Energy denominators for pairs finished in 1 passes.    Storage:  127229 words, CPU-time:      0.00 seconds.

  ITER. STATE  ROOT     SQ.NORM     CORR.ENERGY   TOTAL ENERGY   ENERGY CHANGE       DEN1      VAR(S)    VAR(P)      TIME
    1     1     1     1.00000000     0.00000000   -54.94439664    -0.00000000    -0.20922918  0.67D-01  0.21D-01     0.14
    1     2     2     1.00000000     0.00000000   -54.65508198     0.00000000    -0.12858278  0.28D-01  0.14D-01     0.14
    1     3     3     1.00000000     0.00000000   -54.54554869    -0.00000000    -0.14803571  0.28D-01  0.17D-01     0.14
    2     1     1     1.06887057    -0.18450163   -55.12889828    -0.18450163    -0.00977507  0.22D-02  0.13D-02     1.29
    2     2     2     1.04388417    -0.13133228   -54.78641426    -0.13133228    -0.00285545  0.53D-03  0.43D-03     1.29
    2     3     3     1.04434517    -0.14678698   -54.69233567    -0.14678698    -0.00322564  0.70D-03  0.44D-03     1.29
    3     1     1     1.06917439    -0.19502586   -55.13942250    -0.01052422    -0.00065278  0.79D-04  0.11D-03     2.44
    3     2     2     1.04553464    -0.13459621   -54.78967819    -0.00326393    -0.00024210  0.47D-04  0.42D-04     2.44
    3     3     3     1.04827271    -0.15049974   -54.69604843    -0.00371276    -0.00026486  0.11D-03  0.38D-04     2.44
    4     1     1     1.07175309    -0.19591280   -55.14030944    -0.00088694    -0.00006808  0.59D-05  0.12D-04     3.60
    4     2     2     1.04719196    -0.13493962   -54.79002159    -0.00034341    -0.00003770  0.52D-05  0.66D-05     3.60
    4     3     3     1.05172650    -0.15090737   -54.69645607    -0.00040764    -0.00005188  0.19D-04  0.79D-05     3.60
    5     1     1     1.07245001    -0.19600762   -55.14040426    -0.00009482    -0.00000748  0.89D-06  0.12D-05     4.76
    5     2     2     1.04729766    -0.13499368   -54.79007566    -0.00005406    -0.00000659  0.99D-06  0.12D-05     4.76
    5     3     3     1.05289611    -0.15098987   -54.69653856    -0.00008249    -0.00001070  0.47D-05  0.16D-05     4.76
    6     1     1     1.07237900    -0.19601759   -55.14041424    -0.00000998    -0.00000102  0.11D-06  0.16D-06     5.94
    6     2     2     1.04723309    -0.13500324   -54.79008521    -0.00000956    -0.00000145  0.22D-06  0.26D-06     5.94
    6     3     3     1.05329871    -0.15100606   -54.69655475    -0.00001619    -0.00000322  0.26D-05  0.42D-06     5.94
    7     1     1     1.07241740    -0.19601886   -55.14041551    -0.00000127    -0.00000015  0.15D-07  0.23D-07     7.10
    7     2     2     1.04727323    -0.13500508   -54.79008706    -0.00000184    -0.00000033  0.66D-07  0.55D-07     7.10
    7     3     3     1.05366302    -0.15101127   -54.69655996    -0.00000521    -0.00000152  0.10D-05  0.18D-06     7.10
    8     1     1     1.07242882    -0.19601905   -55.14041569    -0.00000019    -0.00000002  0.24D-08  0.39D-08     8.27
    8     2     2     1.04726987    -0.13500550   -54.79008748    -0.00000043    -0.00000008  0.15D-07  0.14D-07     8.27
    8     3     3     1.05388858    -0.15101371   -54.69656241    -0.00000244    -0.00000074  0.59D-06  0.77D-07     8.27
    9     1     1     1.07242932    -0.19601905   -55.14041570    -0.00000000    -0.00000002  0.21D-08  0.35D-08     9.18
    9     2     2     1.04727181    -0.13500561   -54.79008759    -0.00000011    -0.00000002  0.35D-08  0.39D-08     9.18
    9     3     3     1.05436059    -0.15101557   -54.69656426    -0.00000186    -0.00000025  0.71D-07  0.43D-07     9.18
   10     1     1     1.07242932    -0.19601905   -55.14041570    -0.00000000    -0.00000002  0.21D-08  0.35D-08     9.83
   10     2     2     1.04727181    -0.13500561   -54.79008759    -0.00000000    -0.00000002  0.35D-08  0.39D-08     9.83
   10     3     3     1.05439977    -0.15101588   -54.69656458    -0.00000031    -0.00000006  0.30D-07  0.13D-07     9.83
   11     1     1     1.07242932    -0.19601905   -55.14041570    -0.00000000    -0.00000002  0.21D-08  0.35D-08    10.48
   11     2     2     1.04727181    -0.13500561   -54.79008759    -0.00000000    -0.00000002  0.35D-08  0.39D-08    10.48
   11     3     3     1.05446709    -0.15101601   -54.69656470    -0.00000013    -0.00000003  0.52D-08  0.66D-08    10.48
   12     1     1     1.07242932    -0.19601905   -55.14041570    -0.00000000    -0.00000002  0.21D-08  0.35D-08    11.13
   12     2     2     1.04727181    -0.13500561   -54.79008759    -0.00000000    -0.00000002  0.35D-08  0.39D-08    11.13
   12     3     3     1.05450309    -0.15101605   -54.69656474    -0.00000003    -0.00000000  0.57D-09  0.11D-08    11.13


 =====================================
 Analysis of CPU times by interactions
 =====================================

       I      S      P

 I   0.1%
 S   0.0%   0.0%
 P   0.4%   1.1%  28.8%

 Initialization:   1.2%
 Other:           68.4%

 Total CPU:       11.1 seconds
 =====================================



 gnormi=  0.93246238  gnorms=  0.04122387  gnormp=  0.02631375  gnorm=  1.00000000
 ecorri= -0.18278039  ecorrs= -0.00807706  ecorrp= -0.00516160  ecorr= -0.19601905

 gnormi=  0.95486194  gnorms=  0.02767799  gnormp=  0.01746006  gnorm=  1.00000000
 ecorri= -0.12891172  ecorrs= -0.00373687  ecorrp= -0.00235702  ecorr= -0.13500561

 gnormi=  0.94831396  gnorms=  0.03154457  gnormp=  0.02014147  gnorm=  1.00000000
 ecorri= -0.14321063  ecorrs= -0.00476327  ecorrp= -0.00304215  ecorr= -0.15101605

 Reference coefficients greater than 0.0500000
 =============================================
 220//           0.9636496  -0.0272497  -0.0000001
 2///\           0.0021904  -0.3292047   0.7949120
 2/\//           0.0449639   0.7863904   0.0000011
 2//\/           0.0030978  -0.4655658  -0.5620859
 /2\//           0.0290086  -0.0816737   0.0000002

 Coefficients of fixed reference functions:
 ==========================================

 State      Coefficients
 1           0.965193   -0.008646   -0.000000
 2           0.012594    0.976977    0.000000
 3           0.000000    0.000000    0.973803

 Coefficients of rotated reference functions:
 ============================================

 State      Coefficients
 1           0.965230    0.001909    0.000000
 2           0.001909    0.977056    0.000000
 3           0.000000    0.000000    0.973803


 RESULTS FOR STATE 1.4
 =====================

 Coefficient of reference function:   C(0) = 0.96519274 (fixed)   0.96564092 (relaxed)   0.96522958 (rotated)

 Energy contributions of configuration classes

 CLASS          SQ.NORM        ECORR1        ECORR2
 +++++++++++++++++++++++++++++++++++++++++++++++++++
 Internals    0.00085250   -0.00000626   -0.11382491
 Singles      0.04424737   -0.07401292   -0.07703254
 Pairs        0.02824369   -0.00000000   -0.00516161
 Total        1.07334357   -0.07401919   -0.19601905
 +++++++++++++++++++++++++++++++++++++++++++++++++++


 Reference energy                     -54.94436204
 Nuclear energy                         3.94068136
 Kinetic energy                        55.39885762
 One electron energy                  -82.25718392
 Two electron energy                   23.17608687
 Virial quotient                       -0.99533489
 Correlation energy                    -0.19605365
 !MRCI STATE 1.4 Energy               -55.140415696856

 Properties without orbital relaxation:

 !MRCI STATE 1.4 Dipole moment          0.00000000     0.00000000     0.64508893
 Dipole moment /Debye                   0.00000000     0.00000000     1.63965252

 Cluster corrected energies           -55.15479497 (Davidson, fixed reference)
 Cluster corrected energies           -55.15461573 (Davidson, relaxed reference)
 Cluster corrected energies           -55.15479497 (Davidson, rotated reference)

 Cluster corrected energies           -55.14759569 (Pople, fixed reference)
 Cluster corrected energies           -55.14750643 (Pople, relaxed reference)
 Cluster corrected energies           -55.14759569 (Pople, rotated reference)



 RESULTS FOR STATE 2.4
 =====================

 Coefficient of reference function:   C(0) = 0.97697706 (fixed)   0.97717038 (relaxed)   0.97705637 (rotated)

 Energy contributions of configuration classes

 CLASS          SQ.NORM        ECORR1        ECORR2
 +++++++++++++++++++++++++++++++++++++++++++++++++++
 Internals    0.00023338   -0.00000618   -0.07822251
 Singles      0.02899315   -0.05309777   -0.05442608
 Pairs        0.01828970   -0.00000001   -0.00235703
 Total        1.04751623   -0.05310396   -0.13500561
 +++++++++++++++++++++++++++++++++++++++++++++++++++


 Reference energy                     -54.65511658
 Nuclear energy                         3.94068136
 Kinetic energy                        55.02293462
 One electron energy                  -79.98825296
 Two electron energy                   21.25748401
 Virial quotient                       -0.99576818
 Correlation energy                    -0.13497101
 !MRCI STATE 2.4 Energy               -54.790087592614

 Properties without orbital relaxation:

 !MRCI STATE 2.4 Dipole moment          0.00000000     0.00000000    -1.61096963
 Dipole moment /Debye                   0.00000000     0.00000000    -4.09467638

 Cluster corrected energies           -54.79650091 (Davidson, fixed reference)
 Cluster corrected energies           -54.79646792 (Davidson, relaxed reference)
 Cluster corrected energies           -54.79650091 (Davidson, rotated reference)

 Cluster corrected energies           -54.79329244 (Pople, fixed reference)
 Cluster corrected energies           -54.79327597 (Pople, relaxed reference)
 Cluster corrected energies           -54.79329244 (Pople, rotated reference)



 RESULTS FOR STATE 3.4
 =====================

 Coefficient of reference function:   C(0) = 0.97380257 (fixed)   0.97381413 (relaxed)   0.97380257 (rotated)

 Energy contributions of configuration classes

 CLASS          SQ.NORM        ECORR1        ECORR2
 +++++++++++++++++++++++++++++++++++++++++++++++++++
 Internals    0.00002375    0.00000000   -0.00000340
 Singles      0.03326463   -0.05992075   -0.06158561
 Pairs        0.02123975   -0.09109529   -0.08942704
 Total        1.05452813   -0.15101605   -0.15101605
 +++++++++++++++++++++++++++++++++++++++++++++++++++


 Reference energy                     -54.54554869
 Nuclear energy                         3.94068136
 Kinetic energy                        54.99942884
 One electron energy                  -79.95772626
 Two electron energy                   21.32048016
 Virial quotient                       -0.99449332
 Correlation energy                    -0.15101605
 !MRCI STATE 3.4 Energy               -54.696564738816

 Properties without orbital relaxation:

 !MRCI STATE 3.4 Dipole moment          0.00000000     0.00000000    -1.48925650
 Dipole moment /Debye                   0.00000000     0.00000000    -3.78531246

 Cluster corrected energies           -54.70479936 (Davidson, fixed reference)
 Cluster corrected energies           -54.70479558 (Davidson, relaxed reference)
 Cluster corrected energies           -54.70479936 (Davidson, rotated reference)

 Cluster corrected energies           -54.70067899 (Pople, fixed reference)
 Cluster corrected energies           -54.70067711 (Pople, relaxed reference)
 Cluster corrected energies           -54.70067899 (Pople, rotated reference)


 !MRCI trans          <2.4|DMZ|1.4>    -0.529652127596 au =    -1.346241427338 Debye

 !MRCI trans          <3.4|DMZ|1.4>    -0.000002569089 au =    -0.000006529972 Debye

 !MRCI trans          <3.4|DMZ|2.4>     0.000000793182 au =     0.000002016068 Debye


 **********************************************************************************************************************************
 DATASETS  * FILE   NREC   LENGTH (MB)   RECORD NAMES
              1      21      254.44       500      700      610      701      900      950      970     1000      129      960   
                                          VAR     GEOM    BASINP    GEOM    SYMINP    ZMAT    AOBASIS   BASIS     P2S    ABASIS    
                                         1100     1400     1410     1200     1210     1080     1600     1650     1300     1700   
                                           S        T        V       H0       H01     AOSYM     SMH    MOLCAS    ERIS     OPER   
                                         1380   
                                         JKOP   

              2       8       17.69       500      610      700     1000      520     2100     2140      701   
                                          VAR    BASINP    GEOM     BASIS   MCVARS     RHF     MCSCF    GEOM   

 PROGRAMS   *        TOTAL        CI     MULTI       INT        CI     MULTI       INT        CI     MULTI       INT        CI
 CPU TIMES  *       140.26     11.19      1.16      8.33     11.14      1.19      8.35     10.56      1.19      8.34     10.51
 REAL TIME  *       149.84 SEC
 DISK USED  *       786.21 MB
 **********************************************************************************************************************************
 SETTING E1(7)          =       -55.14041570  AU                              
 SETTING E2(7)          =       -54.79008759  AU                              
 SETTING E3(7)          =       -54.69656474  AU                              

 DO I                   =         8.00000000   


 Using spherical harmonics

 Library entry N      S aug-cc-pV5Z          selected for orbital group  1
 Library entry N      P aug-cc-pV5Z          selected for orbital group  1
 Library entry N      D aug-cc-pV5Z          selected for orbital group  1
 Library entry N      F aug-cc-pV5Z          selected for orbital group  1
 Library entry N      G aug-cc-pV5Z          selected for orbital group  1
 Library entry N      H aug-cc-pV5Z          selected for orbital group  1
 Library entry H      S aug-cc-pV5Z          selected for orbital group  2
 Library entry H      P aug-cc-pV5Z          selected for orbital group  2
 Library entry H      D aug-cc-pV5Z          selected for orbital group  2
 Library entry H      F aug-cc-pV5Z          selected for orbital group  2
 Library entry H      G aug-cc-pV5Z          selected for orbital group  2


 PROGRAM * SEWARD (Integral evaluation for generally contracted gaussian basis sets)     Author: Roland Lindh, 1990

 Geometry written to block  1 of record 701

 Orientation using atomic masses  
 Molecule type: Linear
 Symmetry elements: X,Y
 Rotational constants:     621.4349983    621.4349983      0.0000000 GHz  (calculated with average atomic masses)

 Point group  C2v 



 ATOMIC COORDINATES

 NR  ATOM    CHARGE       X              Y              Z

   1  N       7.00    0.000000000    0.000000000   -0.117978147
   2  H       1.00    0.000000000    0.000000000    1.639467148

 Bond lengths in Bohr (Angstrom)

 1-2  1.757445296
     ( 0.930000000)

 NUCLEAR CHARGE:                    8
 NUMBER OF PRIMITIVE AOS:         307
 NUMBER OF SYMMETRY AOS:          227
 NUMBER OF CONTRACTIONS:          207   (   77A1  +   50B1  +   50B2  +   30A2  )
 NUMBER OF INNER CORE ORBITALS:     0   (    0A1  +    0B1  +    0B2  +    0A2  )
 NUMBER OF OUTER CORE ORBITALS:     1   (    1A1  +    0B1  +    0B2  +    0A2  )
 NUMBER OF VALENCE ORBITALS:        5   (    3A1  +    1B1  +    1B2  +    0A2  )


 NUCLEAR REPULSION ENERGY    3.98305428

 EXTRA SYMMETRY OF AOS IN SYMMETRY 1:   1 1 1 1 1 1 1 1 1 1   1 1 1 1 2 1 2 1 2 1   2 1 2 1 2 1 2 1 2 1   2 1 3 2 1 3 2 1 3 2
                                        2 3 1 2 3 1 1 1 1 1   1 1 1 1 1 1 1 1 2 1   2 1 2 1 2 1 2 1 2 1   2 1 3 2 1 3 2
 EXTRA SYMMETRY OF AOS IN SYMMETRY 2:   1 1 1 1 1 1 1 1 1 1   1 1 2 1 2 1 2 1 2 1   2 1 2 1 2 1 2 3 1 2   3 1 1 1 1 1 1 1 1 1
                                        1 2 1 2 1 2 1 2 1 2
 EXTRA SYMMETRY OF AOS IN SYMMETRY 3:   1 1 1 1 1 1 1 1 1 1   1 1 2 1 2 1 2 1 2 1   2 1 2 1 2 1 2 3 1 2   3 1 1 1 1 1 1 1 1 1
                                        1 2 1 2 1 2 1 2 1 2
 EXTRA SYMMETRY OF AOS IN SYMMETRY 4:   1 1 1 1 1 1 1 1 1 1   2 1 2 1 2 2 1 2 1 1   1 1 1 1 1 1 1 2 1 2

 Eigenvalues of metric

         1 0.119E-04 0.732E-04 0.220E-03 0.241E-03 0.466E-03 0.591E-03 0.108E-02 0.229E-02
         2 0.203E-03 0.986E-03 0.270E-02 0.472E-02 0.694E-02 0.161E-01 0.231E-01 0.302E-01
         3 0.203E-03 0.986E-03 0.270E-02 0.472E-02 0.694E-02 0.161E-01 0.231E-01 0.302E-01
         4 0.229E-02 0.125E-01 0.329E-01 0.530E-01 0.855E-01 0.108E+00 0.193E+00 0.204E+00


 Contracted 2-electron integrals neglected if value below      1.0D-12
 AO integral compression algorithm  1   Integral accuracy      1.0D-12

     288.358 MB (compressed) written to integral file ( 51.2%)


 NUMBER OF SORTED TWO-ELECTRON INTEGRALS:   59167011.     BUFFER LENGTH:  32768
 NUMBER OF SEGMENTS:   4  SEGMENT LENGTH:   15999984      RECORD LENGTH: 524288

 Memory used in sort:      16.56 MW

 SORT1 READ    70490039. AND WROTE    39593942. INTEGRALS IN    116 RECORDS. CPU TIME:     0.76 SEC, REAL TIME:     0.89 SEC
 SORT2 READ    39593942. AND WROTE    59167011. INTEGRALS IN   1100 RECORDS. CPU TIME:     0.62 SEC, REAL TIME:     0.73 SEC

 FILE SIZES:   FILE 1:   319.5 MBYTE,  FILE 4:   486.6 MBYTE,   TOTAL:    806.0 MBYTE

 OPERATOR DM      FOR CENTER  0  COORDINATES:    0.000000    0.000000    0.000000


 **********************************************************************************************************************************
 DATASETS  * FILE   NREC   LENGTH (MB)   RECORD NAMES
              1      20      251.90       500      700      610      701      900      950      970     1000      129      960   
                                          VAR     GEOM    BASINP    GEOM    SYMINP    ZMAT    AOBASIS   BASIS     P2S    ABASIS    
                                         1100     1400     1410     1200     1210     1080     1600     1650     1300     1700   
                                           S        T        V       H0       H01     AOSYM     SMH    MOLCAS    ERIS     OPER   

              2       8       17.69       500      610      700     1000      520     2100     2140      701   
                                          VAR    BASINP    GEOM     BASIS   MCVARS     RHF     MCSCF    GEOM   

 PROGRAMS   *        TOTAL       INT        CI     MULTI       INT        CI     MULTI       INT        CI     MULTI       INT
 CPU TIMES  *       148.62      8.36     11.19      1.16      8.33     11.14      1.19      8.35     10.56      1.19      8.34
 REAL TIME  *       158.57 SEC
 DISK USED  *       786.46 MB
 **********************************************************************************************************************************

 PROGRAM * MULTI (Direct Multiconfiguration SCF)       Authors: P.J. Knowles, H.-J. Werner (1984)
                                                                D.A. Kreplin, P.J. Knowles, H.-J. Werner (2019)

 Number of closed-shell orbitals:   1 (   1   0   0   0 )
 Number of active  orbitals:        5 (   3   1   1   0 )
 Number of external orbitals:     201 (  73  49  49  30 )

 State symmetry 1

 Number of active electrons:   6    Spin symmetry=Triplet   Space symmetry=4
 Number of states:             4
 Number of CSFs:              12   (15 determinants, 50 intermediate states)

 Molecular orbitals read from record     2140.2  Type=MCSCF/NATURAL (state averaged)

 EXTRA SYMMETRY OF MOS IN SYMMETRY 1:   1 1 1 1 1 1 1 2 1 1   1 1 2 1 1 2 1 1 2 1   2 1 1 1 2 3 1 2 1 1   2 1 2 3 1 1 2 1 1 1
                                        2 3 2 1 3 2 1 1 2 2   1 1 1 2 1 1 2 3 1 3   1 1 2 2 1 3 2 1 2 1   2 1 2 1 1 1 1
 EXTRA SYMMETRY OF MOS IN SYMMETRY 2:   1 1 1 1 1 1 2 1 1 1   2 1 1 1 2 1 1 2 1 2   1 1 1 2 3 1 1 2 1 2   1 2 1 1 1 2 3 1 1 1
                                        2 2 1 2 2 1 1 1 1 1
 EXTRA SYMMETRY OF MOS IN SYMMETRY 3:   1 1 1 1 1 1 2 1 1 1   2 1 1 1 2 1 1 2 1 2   1 1 1 2 3 1 1 2 1 2   1 2 1 1 1 2 3 1 1 1
                                        2 2 1 2 2 1 1 1 1 1
 EXTRA SYMMETRY OF MOS IN SYMMETRY 4:   1 1 1 1 1 1 2 1 1 1   2 1 1 2 1 2 1 1 1 1   1 2 2 1 1 2 1 1 1 1

 Wavefunction dump at record             2140.2

 Convergence thresholds  0.10E-04 (gradient)  0.10E-05 (energy)

 Weight factors for state symmetry  1:    0.25000   0.25000   0.25000   0.25000
 
 Number of orbital rotations:  393  ( 3 closed/active, 73 closed/virtual, 0 active/active, 317 active/virtual )
 Total number of variables:    453
 
  Second-order MCSCF: L-BFGS accelerated
 
 ITER  MIC  NCI  NEG     ENERGY(VAR)    ENERGY(PROJ) ENERGY CHANGE       GRAD(0)  GRAD(ORB)   GRAD(CI)      STEP      TIME
   1    6    4    0    -54.66572617     -54.66576730   -0.00004113    0.01294488 0.00000552 0.00000000  0.12E-01      0.34
   2    6    5    0    -54.66576725     -54.66576725   -0.00000000    0.00001838 0.00000001 0.00000000  0.39E-04      0.69
   3    3    2    0    -54.66576725     -54.66576725    0.00000000    0.00000000 0.00000000 0.00000000  0.78E-09      1.00

 CONVERGENCE REACHED!  Final gradient:    0.00000000 ( 0.75E-11)
                       Final energy:    -54.66576725
 
 Results for state 1.4
 =====================
 !MCSCF STATE 1.4 Energy                       -54.942037675088
 Nuclear energy                                  3.98305428
 Kinetic energy                                 56.00877926
 One electron energy                           -83.13191675
 Two electron energy                            24.20682480
 Virial ratio                                    1.98095403
 
 !MCSCF STATE 1.4 Dipole moment                  0.00000000     0.00000000     0.78955090
 Dipole moment /Debye                            0.00000000     0.00000000     2.00683821
 
 Results for state 2.4
 =====================
 !MCSCF STATE 2.4 Energy                       -54.652884449225
 Nuclear energy                                  3.98305428
 Kinetic energy                                 54.56037748
 One electron energy                           -79.85347996
 Two electron energy                            21.21754124
 Virial ratio                                    2.00169550
 
 !MCSCF STATE 2.4 Dipole moment                  0.00000000     0.00000000    -1.71748747
 Dipole moment /Debye                            0.00000000     0.00000000    -4.36541773
 
 Results for state 3.4
 =====================
 !MCSCF STATE 3.4 Energy                       -54.541963478850
 Nuclear energy                                  3.98305428
 Kinetic energy                                 54.61451302
 One electron energy                           -79.86018870
 Two electron energy                            21.33517094
 Virial ratio                                    1.99867161
 
 !MCSCF STATE 3.4 Dipole moment                  0.00000000     0.00000000    -1.60303367
 Dipole moment /Debye                            0.00000000     0.00000000    -4.07450517
 
 Results for state 4.4
 =====================
 !MCSCF STATE 4.4 Energy                       -54.526183382452
 Nuclear energy                                  3.98305428
 Kinetic energy                                 54.66549306
 One electron energy                           -79.87195693
 Two electron energy                            21.36271927
 Virial ratio                                    1.99745160
 
 !MCSCF STATE 4.4 Dipole moment                  0.00000000     0.00000000    -1.39687364
 Dipole moment /Debye                            0.00000000     0.00000000    -3.55049864
 
 State-averaged charge density matrix saved on record 2140.2 (density set 1)
 
 Expectation values: (only non-zero values are shown)
 
 !MCSCF expec                       <1.4|DMZ|1.4>     0.789550896909 au =     2.006838207625 Debye
 !MCSCF expec                       <2.4|DMZ|2.4>    -1.717487472178 au =    -4.365417725165 Debye
 !MCSCF expec                       <3.4|DMZ|3.4>    -1.603033665668 au =    -4.074505166122 Debye
 !MCSCF expec                       <4.4|DMZ|4.4>    -1.396873637824 au =    -3.550498642437 Debye
 
 Transition values: (only non-zero values with the ground state are shown)
 
 !MCSCF trans                       <1.4|DMZ|2.4>    -0.448863773300 au =    -1.140897912731 Debye
 !MCSCF trans                       <1.4|DMZ|4.4>     0.416686040234 au =     1.059110273195 Debye
 

 EXTRA SYMMETRY OF MOS IN SYMMETRY 1:   1 1 1 1 1 1 1 2 1 1   1 1 2 1 1 2 1 1 2 1   2 1 1 1 2 3 1 2 1 1   2 1 2 3 1 1 2 1 1 1
                                        2 3 2 1 3 2 1 1 2 2   1 1 1 2 1 1 2 3 1 3   1 2 1 2 1 3 2 1 2 1   2 1 2 1 1 1 1
 
 Natural orbital dump (state averaged) at molpro section 2140.2 (Orbital set 2)
 
 Reoptimze the CI vectors with natural orbitals 
 
 CI Coefficients of symmetry 4
 =============================
 
 220 a a        0.99611569     -0.03377818     -0.00000000      0.03990221
 2ab a a        0.03585420      0.85975196      0.00000000     -0.01110913
 2ba a a       -0.04584154     -0.27351151     -0.00000000      0.81424934
 2aa b a        0.00499367     -0.29312023      0.70688655     -0.40157010
 2aa a b        0.00499367     -0.29312023     -0.70688655     -0.40157010
 a2b a a        0.05582301     -0.09290954     -0.00000000      0.02544812
 b2a a a       -0.01756733      0.03670346     -0.00000000      0.07912686
 a2a a b       -0.01912784      0.02810304      0.00177242     -0.05228749
 a2a b a       -0.01912784      0.02810304     -0.00177242     -0.05228749
 
 Energy:      -54.94203768    -54.65288445    -54.54196348    -54.52618338
 


 **********************************************************************************************************************************
 DATASETS  * FILE   NREC   LENGTH (MB)   RECORD NAMES
              1      21      254.82       500      700      610      701      900      950      970     1000      129      960   
                                          VAR     GEOM    BASINP    GEOM    SYMINP    ZMAT    AOBASIS   BASIS     P2S    ABASIS    
                                         1100     1400     1410     1200     1210     1080     1600     1650     1300     1700   
                                           S        T        V       H0       H01     AOSYM     SMH    MOLCAS    ERIS     OPER   
                                         1380   
                                         JKOP   

              2       8       17.69       500      610      700     1000      520     2100     2140      701   
                                          VAR    BASINP    GEOM     BASIS   MCVARS     RHF     MCSCF    GEOM   

 PROGRAMS   *        TOTAL     MULTI       INT        CI     MULTI       INT        CI     MULTI       INT        CI     MULTI
 CPU TIMES  *       149.81      1.19      8.36     11.19      1.16      8.33     11.14      1.19      8.35     10.56      1.19
 REAL TIME  *       159.90 SEC
 DISK USED  *       786.46 MB
 **********************************************************************************************************************************


 PROGRAM * CI (Multireference internally contracted CI)     Authors: H.-J. Werner, P.J. Knowles, 1987


 Convergence thresholds:  THRVAR = 1.00D-08  THRDEN = 1.00D-06

 Number of optimized states: 3  Roots:    1   2   3
 Number of reference states: 3  Roots:    1   2   3

 Program parameters:       NSTATE=  3    NSTATI=  5    NSTATR=  3    NCEPA = -1    NOKOP =  0    ITRDM =  0    ITRANS=  0
                           IDIP  =200    MAXIT =250    MAXITI=250    MAXDAV=  9    MAXVI = 15    NOSING=  0    NOPAIR=  0
                           MXSHRF=  4    IKCPS =  0    IOPTGM=  2    IOPTOR=  0    REFOPT=  1    IAVDEN=  0    IDELCG=  1
                           IREST =  0    NATORB=  0    IPUNRF=  0    ISEP  =  0    OLDDEN=  0    NSTPRI=  1    GPSFLI= -1
                           CLUSTE=  0    CLOSED=  1    ILSTYP=  0    ITRLS =  0    ICCSD =  0    LOCAL =  0    IBASO =  0
                           MP    =  0    ITEDIS=  2    INCDIS=  1    MAXDIS=  6    ITYDIS=  1    BRUECK=  0    IBRSTR=  3
                           INCBRK=  1    TRIPLE=  0    ICCTYP=  2    IHPPD =  0    ICCNEW=  0    I3EXT = -1    IDEB  =  0
                           IDLEIG=  1    IDFTYP=  1    IMP3  =  0    IPROCS=  0    NOINT =  0    NOREF =  1    IMP2G =  0
                           IHINT =  0    IFDIA =  0    ISPARO=  1    JKSYM =  0    CPHF  =  0    MP2D  = -1    DKINT =  0
                           NPKEX =  1    DRVK  =  1    HLSTRA=  1    WIGNER=  1    DIIS_C=  1    MAXIT_= 50    MATEL =  0
                           SPDEG =  1    MEMCPH=  0    DISM  =  1    KDCPMA=  5    IKDCP_=  0    IREDTH=  0    USECS =  0
                           IPROCC=  0    I3SAVE=  1    IKDCP =  1    USECI =  0    OLDPAI=  0    IPROCI=  0    KEEPCL=  1
                           DISCON=  0    SHIFTE=  0    DIISIN=  0    MOLCAS=  0    MEM_PT=  0    RECORD=  0    RS2C  =  0
                           KEXT  = -1    CIPT2 =  0    DECP0S=  0    I4EXT = -1    NATCOR=  0    RIMP2 =  0    DDCI  = -1
                           IPOLAR=  0

 Reference symmetry:                   4   Triplet 
 Number of electrons:                  8
 Maximum number of shells:             3
 Maximum number of spin couplings:     9

 Reference space:        6 conf       12 CSFs
 N elec internal:       35 conf       45 CSFs
 N-1 el internal:       48 conf       96 CSFs
 N-2 el internal:       26 conf      102 CSFs

 Number of electrons in valence space:                      6
 Maximum number of open shell orbitals in reference space:  4
 Maximum number of open shell orbitals in internal spaces:  6


 Number of core orbitals:           1 (   1   0   0   0 )
 Number of active  orbitals:        5 (   3   1   1   0 )
 Number of external orbitals:     201 (  73  49  49  30 )

 Molecular orbitals read from record     2140.2  Type=MCSCF/NATURAL (state averaged)

 Valence orbitals related to previous ones by unitary transformation. Operators transformed.


 Number of p-space configurations:   5

 Reference wavefunction optimized for reference space (refopt=1)

 State     Reference Energy 
     1       -54.94203768
     2       -54.65288445
     3       -54.54196348
     4       -54.52618338
     5       -54.19561912

 Number of blocks in overlap matrix:    13   Smallest eigenvalue:  0.11D-04
 Number of N-2 electron functions:      60
 Number of N-1 electron functions:      96

 Number of internal configurations:                   12
 Number of singly external configurations:          4953
 Number of doubly external configurations:        311592
 Total number of contracted configurations:       316557
 Total number of uncontracted configurations:     529947

 Diagonal Coupling coefficients finished.               Storage:    8081 words, CPU-Time:      0.01 seconds.
 Energy denominators for pairs finished in 1 passes.    Storage:  127229 words, CPU-time:      0.00 seconds.

  ITER. STATE  ROOT     SQ.NORM     CORR.ENERGY   TOTAL ENERGY   ENERGY CHANGE       DEN1      VAR(S)    VAR(P)      TIME
    1     1     1     1.00000000     0.00000000   -54.94203768     0.00000000    -0.21002068  0.68D-01  0.21D-01     0.16
    1     2     2     1.00000000     0.00000000   -54.65288445     0.00000000    -0.12777669  0.27D-01  0.14D-01     0.16
    1     3     3     1.00000000     0.00000000   -54.54196348     0.00000000    -0.14778184  0.28D-01  0.17D-01     0.16
    2     1     1     1.06903968    -0.18491454   -55.12695222    -0.18491454    -0.00978184  0.22D-02  0.13D-02     1.30
    2     2     2     1.04321515    -0.13082186   -54.78370631    -0.13082186    -0.00276314  0.49D-03  0.42D-03     1.30
    2     3     3     1.04416007    -0.14655824   -54.68852172    -0.14655824    -0.00319793  0.69D-03  0.44D-03     1.30
    3     1     1     1.06924484    -0.19543061   -55.13746829    -0.01051607    -0.00064387  0.77D-04  0.10D-03     2.46
    3     2     2     1.04490719    -0.13399577   -54.78688022    -0.00317391    -0.00023259  0.44D-04  0.41D-04     2.46
    3     3     3     1.04798138    -0.15023053   -54.69219401    -0.00367230    -0.00025833  0.10D-03  0.37D-04     2.46
    4     1     1     1.07178078    -0.19630259   -55.13834026    -0.00087198    -0.00006638  0.58D-05  0.11D-04     3.62
    4     2     2     1.04647546    -0.13432566   -54.78721011    -0.00032989    -0.00003614  0.51D-05  0.63D-05     3.62
    4     3     3     1.05138920    -0.15062765   -54.69259113    -0.00039712    -0.00005087  0.19D-04  0.77D-05     3.62
    5     1     1     1.07247768    -0.19639491   -55.13843258    -0.00009232    -0.00000724  0.85D-06  0.12D-05     4.79
    5     2     2     1.04655591    -0.13437737   -54.78726182    -0.00005172    -0.00000629  0.95D-06  0.11D-05     4.79
    5     3     3     1.05260022    -0.15070942   -54.69267290    -0.00008177    -0.00001104  0.57D-05  0.16D-05     4.79
    6     1     1     1.07240864    -0.19640456   -55.13844224    -0.00000965    -0.00000098  0.10D-06  0.15D-06     5.97
    6     2     2     1.04649212    -0.13438649   -54.78727094    -0.00000912    -0.00000137  0.19D-06  0.25D-06     5.97
    6     3     3     1.05306247    -0.15072661   -54.69269009    -0.00001719    -0.00000370  0.34D-05  0.45D-06     5.97
    7     1     1     1.07244583    -0.19640578   -55.13844346    -0.00000122    -0.00000014  0.15D-07  0.22D-07     7.12
    7     2     2     1.04652697    -0.13438823   -54.78727268    -0.00000173    -0.00000031  0.61D-07  0.52D-07     7.12
    7     3     3     1.05350614    -0.15073278   -54.69269626    -0.00000617    -0.00000193  0.13D-05  0.22D-06     7.12
    8     1     1     1.07245696    -0.19640596   -55.13844364    -0.00000018    -0.00000002  0.23D-08  0.37D-08     8.27
    8     2     2     1.04652333    -0.13438863   -54.78727308    -0.00000040    -0.00000008  0.14D-07  0.13D-07     8.27
    8     3     3     1.05378116    -0.15073585   -54.69269933    -0.00000308    -0.00000096  0.77D-06  0.99D-07     8.27
    9     1     1     1.07245734    -0.19640597   -55.13844364    -0.00000000    -0.00000002  0.20D-08  0.34D-08     9.17
    9     2     2     1.04652492    -0.13438873   -54.78727318    -0.00000010    -0.00000002  0.33D-08  0.37D-08     9.17
    9     3     3     1.05440613    -0.15073837   -54.69270184    -0.00000251    -0.00000033  0.78D-07  0.57D-07     9.17
   10     1     1     1.07245734    -0.19640597   -55.13844364    -0.00000000    -0.00000002  0.20D-08  0.34D-08     9.82
   10     2     2     1.04652492    -0.13438873   -54.78727318    -0.00000000    -0.00000002  0.33D-08  0.37D-08     9.82
   10     3     3     1.05444992    -0.15073876   -54.69270224    -0.00000040    -0.00000007  0.30D-07  0.14D-07     9.82
   11     1     1     1.07245734    -0.19640597   -55.13844364    -0.00000000    -0.00000002  0.20D-08  0.34D-08    10.47
   11     2     2     1.04652492    -0.13438873   -54.78727318    -0.00000000    -0.00000002  0.33D-08  0.37D-08    10.47
   11     3     3     1.05452262    -0.15073889   -54.69270237    -0.00000013    -0.00000003  0.65D-08  0.72D-08    10.47
   12     1     1     1.07245734    -0.19640597   -55.13844364    -0.00000000    -0.00000002  0.20D-08  0.34D-08    11.12
   12     2     2     1.04652492    -0.13438873   -54.78727318    -0.00000000    -0.00000002  0.33D-08  0.37D-08    11.12
   12     3     3     1.05456870    -0.15073893   -54.69270241    -0.00000004    -0.00000001  0.67D-09  0.13D-08    11.12


 =====================================
 Analysis of CPU times by interactions
 =====================================

       I      S      P

 I   0.2%
 S   0.0%   0.1%
 P   0.3%   1.0%  28.9%

 Initialization:   1.3%
 Other:           68.3%

 Total CPU:       11.1 seconds
 =====================================



 gnormi=  0.93243802  gnorms=  0.04139087  gnormp=  0.02617111  gnorm=  1.00000000
 ecorri= -0.18313639  ecorrs= -0.00812591  ecorrp= -0.00514367  ecorr= -0.19640597

 gnormi=  0.95554342  gnorms=  0.02710843  gnormp=  0.01734816  gnorm=  1.00000000
 ecorri= -0.12841427  ecorrs= -0.00364321  ecorrp= -0.00233125  ecorr= -0.13438873

 gnormi=  0.94825496  gnorms=  0.03172274  gnormp=  0.02002231  gnorm=  1.00000000
 ecorri= -0.14293894  ecorrs= -0.00478158  ecorrp= -0.00301842  ecorr= -0.15073893

 Reference coefficients greater than 0.0500000
 =============================================
 220//           0.9638483  -0.0239462  -0.0000000
 2///\           0.0026910  -0.3281427   0.7948921
 2/\//           0.0407195   0.7884132  -0.0000007
 2//\/           0.0038057  -0.4640639  -0.5620750
 /2\//           0.0290345  -0.0805109   0.0000001

 Coefficients of singly external configurations greater than 0.0500000
 =====================================================================

 2/0/\  11.1     0.0502863   0.0038021  -0.0000001

 Coefficients of fixed reference functions:
 ==========================================

 State      Coefficients
 1           0.965220   -0.006737   -0.000000
 2           0.010107    0.977363   -0.000000
 3          -0.000000    0.000000    0.973773

 Coefficients of rotated reference functions:
 ============================================

 State      Coefficients
 1           0.965242    0.001632   -0.000000
 2           0.001632    0.977414    0.000000
 3          -0.000000    0.000000    0.973773


 RESULTS FOR STATE 1.4
 =====================

 Coefficient of reference function:   C(0) = 0.96522019 (fixed)   0.96562830 (relaxed)   0.96524232 (rotated)

 Energy contributions of configuration classes

 CLASS          SQ.NORM        ECORR1        ECORR2
 +++++++++++++++++++++++++++++++++++++++++++++++++++
 Internals    0.00079993   -0.00000424   -0.11390172
 Singles      0.04442545   -0.07431062   -0.07736057
 Pairs        0.02808985   -0.00000001   -0.00514368
 Total        1.07331523   -0.07431487   -0.19640597
 +++++++++++++++++++++++++++++++++++++++++++++++++++


 Reference energy                     -54.94201594
 Nuclear energy                         3.98305428
 Kinetic energy                        55.42042196
 One electron energy                  -82.33025682
 Two electron energy                   23.20875890
 Virial quotient                       -0.99491201
 Correlation energy                    -0.19642770
 !MRCI STATE 1.4 Energy               -55.138443641833

 Properties without orbital relaxation:

 !MRCI STATE 1.4 Dipole moment          0.00000000     0.00000000     0.64710088
 Dipole moment /Debye                   0.00000000     0.00000000     1.64476638

 Cluster corrected energies           -55.15284478 (Davidson, fixed reference)
 Cluster corrected energies           -55.15267627 (Davidson, relaxed reference)
 Cluster corrected energies           -55.15284478 (Davidson, rotated reference)

 Cluster corrected energies           -55.14563456 (Pople, fixed reference)
 Cluster corrected energies           -55.14555064 (Pople, relaxed reference)
 Cluster corrected energies           -55.14563456 (Pople, rotated reference)



 RESULTS FOR STATE 2.4
 =====================

 Coefficient of reference function:   C(0) = 0.97736321 (fixed)   0.97751901 (relaxed)   0.97741411 (rotated)

 Energy contributions of configuration classes

 CLASS          SQ.NORM        ECORR1        ECORR2
 +++++++++++++++++++++++++++++++++++++++++++++++++++
 Internals    0.00021467   -0.00000419   -0.07816204
 Singles      0.02837573   -0.05260149   -0.05389543
 Pairs        0.01815918   -0.00000000   -0.00233126
 Total        1.04674958   -0.05260568   -0.13438873
 +++++++++++++++++++++++++++++++++++++++++++++++++++


 Reference energy                     -54.65290619
 Nuclear energy                         3.98305428
 Kinetic energy                        55.03926945
 One electron energy                  -80.04279783
 Two electron energy                   21.27247038
 Virial quotient                       -0.99542152
 Correlation energy                    -0.13436699
 !MRCI STATE 2.4 Energy               -54.787273179916

 Properties without orbital relaxation:

 !MRCI STATE 2.4 Dipole moment          0.00000000     0.00000000    -1.60703101
 Dipole moment /Debye                   0.00000000     0.00000000    -4.08466541

 Cluster corrected energies           -54.79355478 (Davidson, fixed reference)
 Cluster corrected energies           -54.79352459 (Davidson, relaxed reference)
 Cluster corrected energies           -54.79355478 (Davidson, rotated reference)

 Cluster corrected energies           -54.79041227 (Pople, fixed reference)
 Cluster corrected energies           -54.79039720 (Pople, relaxed reference)
 Cluster corrected energies           -54.79041227 (Pople, rotated reference)



 RESULTS FOR STATE 3.4
 =====================

 Coefficient of reference function:   C(0) = 0.97377308 (fixed)   0.97378383 (relaxed)   0.97377308 (rotated)

 Energy contributions of configuration classes

 CLASS          SQ.NORM        ECORR1        ECORR2
 +++++++++++++++++++++++++++++++++++++++++++++++++++
 Internals    0.00002209    0.00000000   -0.00000316
 Singles      0.03345455   -0.05969836   -0.06138960
 Pairs        0.02111536   -0.09104057   -0.08934618
 Total        1.05459200   -0.15073893   -0.15073893
 +++++++++++++++++++++++++++++++++++++++++++++++++++


 Reference energy                     -54.54196348
 Nuclear energy                         3.98305428
 Kinetic energy                        55.01008902
 One electron energy                  -80.00538222
 Two electron energy                   21.32962554
 Virial quotient                       -0.99423039
 Correlation energy                    -0.15073893
 !MRCI STATE 3.4 Energy               -54.692702407806

 Properties without orbital relaxation:

 !MRCI STATE 3.4 Dipole moment          0.00000000     0.00000000    -1.47873919
 Dipole moment /Debye                   0.00000000     0.00000000    -3.75858013

 Cluster corrected energies           -54.70093155 (Davidson, fixed reference)
 Cluster corrected energies           -54.70092804 (Davidson, relaxed reference)
 Cluster corrected energies           -54.70093155 (Davidson, rotated reference)

 Cluster corrected energies           -54.69681392 (Pople, fixed reference)
 Cluster corrected energies           -54.69681216 (Pople, relaxed reference)
 Cluster corrected energies           -54.69681392 (Pople, rotated reference)


 !MRCI trans          <2.4|DMZ|1.4>    -0.517342705278 au =    -1.314953996572 Debye

 !MRCI trans          <3.4|DMZ|1.4>    -0.000001065074 au =    -0.000002707149 Debye

 !MRCI trans          <3.4|DMZ|2.4>    -0.000001318769 au =    -0.000003351976 Debye


 **********************************************************************************************************************************
 DATASETS  * FILE   NREC   LENGTH (MB)   RECORD NAMES
              1      21      254.82       500      700      610      701      900      950      970     1000      129      960   
                                          VAR     GEOM    BASINP    GEOM    SYMINP    ZMAT    AOBASIS   BASIS     P2S    ABASIS    
                                         1100     1400     1410     1200     1210     1080     1600     1650     1300     1700   
                                           S        T        V       H0       H01     AOSYM     SMH    MOLCAS    ERIS     OPER   
                                         1380   
                                         JKOP   

              2       8       17.69       500      610      700     1000      520     2100     2140      701   
                                          VAR    BASINP    GEOM     BASIS   MCVARS     RHF     MCSCF    GEOM   

 PROGRAMS   *        TOTAL        CI     MULTI       INT        CI     MULTI       INT        CI     MULTI       INT        CI
 CPU TIMES  *       160.98     11.17      1.19      8.36     11.19      1.16      8.33     11.14      1.19      8.35     10.56
 REAL TIME  *       171.97 SEC
 DISK USED  *       786.46 MB
 **********************************************************************************************************************************
 SETTING E1(8)          =       -55.13844364  AU                              
 SETTING E2(8)          =       -54.78727318  AU                              
 SETTING E3(8)          =       -54.69270241  AU                              

 DO I                   =         9.00000000   


 Using spherical harmonics

 Library entry N      S aug-cc-pV5Z          selected for orbital group  1
 Library entry N      P aug-cc-pV5Z          selected for orbital group  1
 Library entry N      D aug-cc-pV5Z          selected for orbital group  1
 Library entry N      F aug-cc-pV5Z          selected for orbital group  1
 Library entry N      G aug-cc-pV5Z          selected for orbital group  1
 Library entry N      H aug-cc-pV5Z          selected for orbital group  1
 Library entry H      S aug-cc-pV5Z          selected for orbital group  2
 Library entry H      P aug-cc-pV5Z          selected for orbital group  2
 Library entry H      D aug-cc-pV5Z          selected for orbital group  2
 Library entry H      F aug-cc-pV5Z          selected for orbital group  2
 Library entry H      G aug-cc-pV5Z          selected for orbital group  2


 PROGRAM * SEWARD (Integral evaluation for generally contracted gaussian basis sets)     Author: Roland Lindh, 1990

 Geometry written to block  1 of record 701

 Orientation using atomic masses  
 Molecule type: Linear
 Symmetry elements: X,Y
 Rotational constants:     635.0178757    635.0178757      0.0000000 GHz  (calculated with average atomic masses)

 Point group  C2v 



 ATOMIC COORDINATES

 NR  ATOM    CHARGE       X              Y              Z

   1  N       7.00    0.000000000    0.000000000   -0.116709565
   2  H       1.00    0.000000000    0.000000000    1.621838469

 Bond lengths in Bohr (Angstrom)

 1-2  1.738548035
     ( 0.920000000)

 NUCLEAR CHARGE:                    8
 NUMBER OF PRIMITIVE AOS:         307
 NUMBER OF SYMMETRY AOS:          227
 NUMBER OF CONTRACTIONS:          207   (   77A1  +   50B1  +   50B2  +   30A2  )
 NUMBER OF INNER CORE ORBITALS:     0   (    0A1  +    0B1  +    0B2  +    0A2  )
 NUMBER OF OUTER CORE ORBITALS:     1   (    1A1  +    0B1  +    0B2  +    0A2  )
 NUMBER OF VALENCE ORBITALS:        5   (    3A1  +    1B1  +    1B2  +    0A2  )


 NUCLEAR REPULSION ENERGY    4.02634834

 EXTRA SYMMETRY OF AOS IN SYMMETRY 1:   1 1 1 1 1 1 1 1 1 1   1 1 1 1 2 1 2 1 2 1   2 1 2 1 2 1 2 1 2 1   2 1 3 2 1 3 2 1 3 2
                                        2 3 1 2 3 1 1 1 1 1   1 1 1 1 1 1 1 1 2 1   2 1 2 1 2 1 2 1 2 1   2 1 3 2 1 3 2
 EXTRA SYMMETRY OF AOS IN SYMMETRY 2:   1 1 1 1 1 1 1 1 1 1   1 1 2 1 2 1 2 1 2 1   2 1 2 1 2 1 2 3 1 2   3 1 1 1 1 1 1 1 1 1
                                        1 2 1 2 1 2 1 2 1 2
 EXTRA SYMMETRY OF AOS IN SYMMETRY 3:   1 1 1 1 1 1 1 1 1 1   1 1 2 1 2 1 2 1 2 1   2 1 2 1 2 1 2 3 1 2   3 1 1 1 1 1 1 1 1 1
                                        1 2 1 2 1 2 1 2 1 2
 EXTRA SYMMETRY OF AOS IN SYMMETRY 4:   1 1 1 1 1 1 1 1 1 1   2 1 2 1 2 2 1 2 1 1   1 1 1 1 1 1 1 2 1 2

 Eigenvalues of metric

         1 0.116E-04 0.721E-04 0.218E-03 0.231E-03 0.451E-03 0.566E-03 0.105E-02 0.221E-02
         2 0.191E-03 0.943E-03 0.262E-02 0.470E-02 0.678E-02 0.156E-01 0.224E-01 0.291E-01
         3 0.191E-03 0.943E-03 0.262E-02 0.470E-02 0.678E-02 0.156E-01 0.224E-01 0.291E-01
         4 0.221E-02 0.120E-01 0.316E-01 0.515E-01 0.849E-01 0.107E+00 0.191E+00 0.203E+00


 Contracted 2-electron integrals neglected if value below      1.0D-12
 AO integral compression algorithm  1   Integral accuracy      1.0D-12

     288.883 MB (compressed) written to integral file ( 51.2%)


 NUMBER OF SORTED TWO-ELECTRON INTEGRALS:   59167011.     BUFFER LENGTH:  32768
 NUMBER OF SEGMENTS:   4  SEGMENT LENGTH:   15999984      RECORD LENGTH: 524288

 Memory used in sort:      16.56 MW

 SORT1 READ    70490039. AND WROTE    39593944. INTEGRALS IN    116 RECORDS. CPU TIME:     0.74 SEC, REAL TIME:     0.89 SEC
 SORT2 READ    39593944. AND WROTE    59167011. INTEGRALS IN   1102 RECORDS. CPU TIME:     0.61 SEC, REAL TIME:     0.74 SEC

 FILE SIZES:   FILE 1:   320.0 MBYTE,  FILE 4:   486.6 MBYTE,   TOTAL:    806.6 MBYTE

 OPERATOR DM      FOR CENTER  0  COORDINATES:    0.000000    0.000000    0.000000


 **********************************************************************************************************************************
 DATASETS  * FILE   NREC   LENGTH (MB)   RECORD NAMES
              1      20      252.28       500      700      610      701      900      950      970     1000      129      960   
                                          VAR     GEOM    BASINP    GEOM    SYMINP    ZMAT    AOBASIS   BASIS     P2S    ABASIS    
                                         1100     1400     1410     1200     1210     1080     1600     1650     1300     1700   
                                           S        T        V       H0       H01     AOSYM     SMH    MOLCAS    ERIS     OPER   

              2       8       17.69       500      610      700     1000      520     2100     2140      701   
                                          VAR    BASINP    GEOM     BASIS   MCVARS     RHF     MCSCF    GEOM   

 PROGRAMS   *        TOTAL       INT        CI     MULTI       INT        CI     MULTI       INT        CI     MULTI       INT
 CPU TIMES  *       169.38      8.40     11.17      1.19      8.36     11.19      1.16      8.33     11.14      1.19      8.35
 REAL TIME  *       180.77 SEC
 DISK USED  *       786.96 MB
 **********************************************************************************************************************************

 PROGRAM * MULTI (Direct Multiconfiguration SCF)       Authors: P.J. Knowles, H.-J. Werner (1984)
                                                                D.A. Kreplin, P.J. Knowles, H.-J. Werner (2019)

 Number of closed-shell orbitals:   1 (   1   0   0   0 )
 Number of active  orbitals:        5 (   3   1   1   0 )
 Number of external orbitals:     201 (  73  49  49  30 )

 State symmetry 1

 Number of active electrons:   6    Spin symmetry=Triplet   Space symmetry=4
 Number of states:             4
 Number of CSFs:              12   (15 determinants, 50 intermediate states)

 Molecular orbitals read from record     2140.2  Type=MCSCF/NATURAL (state averaged)

 EXTRA SYMMETRY OF MOS IN SYMMETRY 1:   1 1 1 1 1 1 1 2 1 1   1 1 2 1 1 2 1 1 2 1   2 1 1 1 2 3 1 2 1 1   2 1 2 3 1 1 2 1 1 1
                                        2 3 2 1 3 2 1 1 2 2   1 1 1 2 1 1 2 3 1 3   1 2 1 2 1 3 2 1 2 1   2 1 2 1 1 1 1
 EXTRA SYMMETRY OF MOS IN SYMMETRY 2:   1 1 1 1 1 1 2 1 1 1   2 1 1 1 2 1 1 2 1 2   1 1 1 2 3 1 1 2 1 2   1 2 1 1 1 2 3 1 1 1
                                        2 2 1 2 2 1 1 1 1 1
 EXTRA SYMMETRY OF MOS IN SYMMETRY 3:   1 1 1 1 1 1 2 1 1 1   2 1 1 1 2 1 1 2 1 2   1 1 1 2 3 1 1 2 1 2   1 2 1 1 1 2 3 1 1 1
                                        2 2 1 2 2 1 1 1 1 1
 EXTRA SYMMETRY OF MOS IN SYMMETRY 4:   1 1 1 1 1 1 2 1 1 1   2 1 1 2 1 2 1 1 1 1   1 2 2 1 1 2 1 1 1 1

 Wavefunction dump at record             2140.2

 Convergence thresholds  0.10E-04 (gradient)  0.10E-05 (energy)

 Weight factors for state symmetry  1:    0.25000   0.25000   0.25000   0.25000
 
 Number of orbital rotations:  393  ( 3 closed/active, 73 closed/virtual, 0 active/active, 317 active/virtual )
 Total number of variables:    453
 
  Second-order MCSCF: L-BFGS accelerated
 
 ITER  MIC  NCI  NEG     ENERGY(VAR)    ENERGY(PROJ) ENERGY CHANGE       GRAD(0)  GRAD(ORB)   GRAD(CI)      STEP      TIME
   1    6    4    0    -54.66241140     -54.66245244   -0.00004104    0.01322051 0.00000499 0.00000000  0.11E-01      0.34
   2    6    5    0    -54.66245240     -54.66245240   -0.00000000    0.00001751 0.00000001 0.00000000  0.36E-04      0.69
   3    3    2    0    -54.66245240     -54.66245240    0.00000000    0.00000000 0.00000000 0.00000000  0.67E-09      1.01

 CONVERGENCE REACHED!  Final gradient:    0.00000000 ( 0.62E-11)
                       Final energy:    -54.66245240
 
 Results for state 1.4
 =====================
 !MCSCF STATE 1.4 Energy                       -54.939437680595
 Nuclear energy                                  4.02634834
 Kinetic energy                                 56.04145088
 One electron energy                           -83.21607547
 Two electron energy                            24.25028944
 Virial ratio                                    1.98033575
 
 !MCSCF STATE 1.4 Dipole moment                  0.00000000     0.00000000     0.79475310
 Dipole moment /Debye                            0.00000000     0.00000000     2.02006090
 
 Results for state 2.4
 =====================
 !MCSCF STATE 2.4 Energy                       -54.650395177994
 Nuclear energy                                  4.02634834
 Kinetic energy                                 54.57346363
 One electron energy                           -79.90386771
 Two electron energy                            21.22712419
 Virial ratio                                    2.00140969
 
 !MCSCF STATE 2.4 Dipole moment                  0.00000000     0.00000000    -1.71307724
 Dipole moment /Debye                            0.00000000     0.00000000    -4.35420804
 
 Results for state 3.4
 =====================
 !MCSCF STATE 3.4 Energy                       -54.538175240530
 Nuclear energy                                  4.02634834
 Kinetic energy                                 54.62493750
 One electron energy                           -79.91090350
 Two electron energy                            21.34637991
 Virial ratio                                    1.99841167
 
 !MCSCF STATE 3.4 Dipole moment                  0.00000000     0.00000000    -1.59656222
 Dipole moment /Debye                            0.00000000     0.00000000    -4.05805640
 
 Results for state 4.4
 =====================
 !MCSCF STATE 4.4 Energy                       -54.521801485477
 Nuclear energy                                  4.02634834
 Kinetic energy                                 54.67593239
 One electron energy                           -79.92086277
 Two electron energy                            21.37271294
 Virial ratio                                    1.99718101
 
 !MCSCF STATE 4.4 Dipole moment                  0.00000000     0.00000000    -1.39244161
 Dipole moment /Debye                            0.00000000     0.00000000    -3.53923355
 
 State-averaged charge density matrix saved on record 2140.2 (density set 1)
 
 Expectation values: (only non-zero values are shown)
 
 !MCSCF expec                       <1.4|DMZ|1.4>     0.794753103095 au =     2.020060896851 Debye
 !MCSCF expec                       <2.4|DMZ|2.4>    -1.713077242812 au =    -4.354208040227 Debye
 !MCSCF expec                       <3.4|DMZ|3.4>    -1.596562221817 au =    -4.058056396537 Debye
 !MCSCF expec                       <4.4|DMZ|4.4>    -1.392441609123 au =    -3.539233549117 Debye
 
 Transition values: (only non-zero values with the ground state are shown)
 
 !MCSCF trans                       <1.4|DMZ|2.4>    -0.425426029767 au =    -1.081325110765 Debye
 !MCSCF trans                       <1.4|DMZ|4.4>     0.400817913259 au =     1.018777517420 Debye
 

 EXTRA SYMMETRY OF MOS IN SYMMETRY 2:   1 1 1 1 1 1 2 1 1 1   2 1 1 1 2 1 1 2 1 2   1 1 1 2 3 1 1 2 2 1   1 2 1 1 1 2 3 1 1 1
                                        2 2 1 2 2 1 1 1 1 1
 EXTRA SYMMETRY OF MOS IN SYMMETRY 3:   1 1 1 1 1 1 2 1 1 1   2 1 1 1 2 1 1 2 1 2   1 1 1 2 3 1 1 2 2 1   1 2 1 1 1 2 3 1 1 1
                                        2 2 1 2 2 1 1 1 1 1
 
 Natural orbital dump (state averaged) at molpro section 2140.2 (Orbital set 2)
 
 Reoptimze the CI vectors with natural orbitals 
 
 CI Coefficients of symmetry 4
 =============================
 
 220 a a        0.99650413     -0.02802580     -0.00000000      0.03740155
 2ab a a        0.03058608      0.86008764      0.00000000     -0.00848825
 2ba a a       -0.04201442     -0.27647566     -0.00000000      0.81353041
 2aa b a        0.00571417     -0.29180599      0.70689748     -0.40252108
 2aa a b        0.00571417     -0.29180599     -0.70689748     -0.40252108
 a2b a a        0.05523477     -0.09192352     -0.00000000      0.02337678
 b2a a a       -0.01768887      0.03576437     -0.00000000      0.07994541
 a2a a b       -0.01877295      0.02807957      0.00243158     -0.05166110
 a2a b a       -0.01877295      0.02807957     -0.00243158     -0.05166110
 
 Energy:      -54.93943768    -54.65039518    -54.53817524    -54.52180149
 


 **********************************************************************************************************************************
 DATASETS  * FILE   NREC   LENGTH (MB)   RECORD NAMES
              1      21      255.19       500      700      610      701      900      950      970     1000      129      960   
                                          VAR     GEOM    BASINP    GEOM    SYMINP    ZMAT    AOBASIS   BASIS     P2S    ABASIS    
                                         1100     1400     1410     1200     1210     1080     1600     1650     1300     1700   
                                           S        T        V       H0       H01     AOSYM     SMH    MOLCAS    ERIS     OPER   
                                         1380   
                                         JKOP   

              2       8       17.69       500      610      700     1000      520     2100     2140      701   
                                          VAR    BASINP    GEOM     BASIS   MCVARS     RHF     MCSCF    GEOM   

 PROGRAMS   *        TOTAL     MULTI       INT        CI     MULTI       INT        CI     MULTI       INT        CI     MULTI
 CPU TIMES  *       170.59      1.21      8.40     11.17      1.19      8.36     11.19      1.16      8.33     11.14      1.19
 REAL TIME  *       182.11 SEC
 DISK USED  *       786.96 MB
 **********************************************************************************************************************************


 PROGRAM * CI (Multireference internally contracted CI)     Authors: H.-J. Werner, P.J. Knowles, 1987


 Convergence thresholds:  THRVAR = 1.00D-08  THRDEN = 1.00D-06

 Number of optimized states: 3  Roots:    1   2   3
 Number of reference states: 3  Roots:    1   2   3

 Program parameters:       NSTATE=  3    NSTATI=  5    NSTATR=  3    NCEPA = -1    NOKOP =  0    ITRDM =  0    ITRANS=  0
                           IDIP  =200    MAXIT =250    MAXITI=250    MAXDAV=  9    MAXVI = 15    NOSING=  0    NOPAIR=  0
                           MXSHRF=  4    IKCPS =  0    IOPTGM=  2    IOPTOR=  0    REFOPT=  1    IAVDEN=  0    IDELCG=  1
                           IREST =  0    NATORB=  0    IPUNRF=  0    ISEP  =  0    OLDDEN=  0    NSTPRI=  1    GPSFLI= -1
                           CLUSTE=  0    CLOSED=  1    ILSTYP=  0    ITRLS =  0    ICCSD =  0    LOCAL =  0    IBASO =  0
                           MP    =  0    ITEDIS=  2    INCDIS=  1    MAXDIS=  6    ITYDIS=  1    BRUECK=  0    IBRSTR=  3
                           INCBRK=  1    TRIPLE=  0    ICCTYP=  2    IHPPD =  0    ICCNEW=  0    I3EXT = -1    IDEB  =  0
                           IDLEIG=  1    IDFTYP=  1    IMP3  =  0    IPROCS=  0    NOINT =  0    NOREF =  1    IMP2G =  0
                           IHINT =  0    IFDIA =  0    ISPARO=  1    JKSYM =  0    CPHF  =  0    MP2D  = -1    DKINT =  0
                           NPKEX =  1    DRVK  =  1    HLSTRA=  1    WIGNER=  1    DIIS_C=  1    MAXIT_= 50    MATEL =  0
                           SPDEG =  1    MEMCPH=  0    DISM  =  1    KDCPMA=  5    IKDCP_=  0    IREDTH=  0    USECS =  0
                           IPROCC=  0    I3SAVE=  1    IKDCP =  1    USECI =  0    OLDPAI=  0    IPROCI=  0    KEEPCL=  1
                           DISCON=  0    SHIFTE=  0    DIISIN=  0    MOLCAS=  0    MEM_PT=  0    RECORD=  0    RS2C  =  0
                           KEXT  = -1    CIPT2 =  0    DECP0S=  0    I4EXT = -1    NATCOR=  0    RIMP2 =  0    DDCI  = -1
                           IPOLAR=  0

 Reference symmetry:                   4   Triplet 
 Number of electrons:                  8
 Maximum number of shells:             3
 Maximum number of spin couplings:     9

 Reference space:        6 conf       12 CSFs
 N elec internal:       35 conf       45 CSFs
 N-1 el internal:       48 conf       96 CSFs
 N-2 el internal:       26 conf      102 CSFs

 Number of electrons in valence space:                      6
 Maximum number of open shell orbitals in reference space:  4
 Maximum number of open shell orbitals in internal spaces:  6


 Number of core orbitals:           1 (   1   0   0   0 )
 Number of active  orbitals:        5 (   3   1   1   0 )
 Number of external orbitals:     201 (  73  49  49  30 )

 Molecular orbitals read from record     2140.2  Type=MCSCF/NATURAL (state averaged)

 Valence orbitals related to previous ones by unitary transformation. Operators transformed.


 Number of p-space configurations:   5

 Reference wavefunction optimized for reference space (refopt=1)

 State     Reference Energy 
     1       -54.93943768
     2       -54.65039518
     3       -54.53817524
     4       -54.52180149
     5       -54.18915141

 Number of blocks in overlap matrix:    13   Smallest eigenvalue:  0.81D-05
 Number of N-2 electron functions:      60
 Number of N-1 electron functions:      96

 Number of internal configurations:                   12
 Number of singly external configurations:          4953
 Number of doubly external configurations:        311592
 Total number of contracted configurations:       316557
 Total number of uncontracted configurations:     529947

 Diagonal Coupling coefficients finished.               Storage:    8081 words, CPU-Time:      0.00 seconds.
 Energy denominators for pairs finished in 1 passes.    Storage:  127229 words, CPU-time:      0.00 seconds.

  ITER. STATE  ROOT     SQ.NORM     CORR.ENERGY   TOTAL ENERGY   ENERGY CHANGE       DEN1      VAR(S)    VAR(P)      TIME
    1     1     1     1.00000000     0.00000000   -54.93943768     0.00000000    -0.21079252  0.68D-01  0.21D-01     0.16
    1     2     2     1.00000000     0.00000000   -54.65039518     0.00000000    -0.12701984  0.27D-01  0.14D-01     0.16
    1     3     3     1.00000000     0.00000000   -54.53817524    -0.00000000    -0.14752040  0.28D-01  0.17D-01     0.16
    2     1     1     1.06918679    -0.18532132   -55.12475900    -0.18532132    -0.00977403  0.22D-02  0.13D-02     1.32
    2     2     2     1.04259320    -0.13033729   -54.78073247    -0.13033729    -0.00267799  0.46D-03  0.40D-03     1.32
    2     3     3     1.04398052    -0.14633201   -54.68450725    -0.14633201    -0.00317169  0.67D-03  0.44D-03     1.32
    3     1     1     1.06930357    -0.19581230   -55.13524998    -0.01049098    -0.00063323  0.76D-04  0.10D-03     2.50
    3     2     2     1.04431607    -0.13342754   -54.78382271    -0.00309025    -0.00022355  0.41D-04  0.39D-04     2.50
    3     3     3     1.04770623    -0.14996681   -54.68814205    -0.00363481    -0.00025254  0.11D-03  0.36D-04     2.50
    4     1     1     1.07179580    -0.19666673   -55.13610441    -0.00085443    -0.00006447  0.56D-05  0.11D-04     3.66
    4     2     2     1.04580279    -0.13374469   -54.78413987    -0.00031716    -0.00003466  0.50D-05  0.60D-05     3.66
    4     3     3     1.05108744    -0.15035498   -54.68853022    -0.00038817    -0.00005019  0.21D-04  0.75D-05     3.66
    5     1     1     1.07249118    -0.19675626   -55.13619394    -0.00008953    -0.00000698  0.81D-06  0.12D-05     4.83
    5     2     2     1.04586164    -0.13379419   -54.78418937    -0.00004950    -0.00000601  0.91D-06  0.10D-05     4.83
    5     3     3     1.05235673    -0.15043671   -54.68861195    -0.00008172    -0.00001155  0.68D-05  0.16D-05     4.83
    6     1     1     1.07242446    -0.19676556   -55.13620324    -0.00000930    -0.00000094  0.98D-07  0.15D-06     6.01
    6     2     2     1.04579896    -0.13380289   -54.78419806    -0.00000870    -0.00000130  0.17D-06  0.24D-06     6.01
    6     3     3     1.05289433    -0.15045527   -54.68863051    -0.00001857    -0.00000431  0.43D-05  0.50D-06     6.01
    7     1     1     1.07246015    -0.19676674   -55.13620442    -0.00000117    -0.00000014  0.14D-07  0.21D-07     7.19
    7     2     2     1.04582918    -0.13380452   -54.78419970    -0.00000163    -0.00000029  0.57D-07  0.50D-07     7.19
    7     3     3     1.05343277    -0.15046264   -54.68863788    -0.00000736    -0.00000242  0.17D-05  0.27D-06     7.19
    8     1     1     1.07247090    -0.19676691   -55.13620459    -0.00000017    -0.00000002  0.22D-08  0.36D-08     8.35
    8     2     2     1.04582547    -0.13380489   -54.78420007    -0.00000037    -0.00000007  0.13D-07  0.13D-07     8.35
    8     3     3     1.05376063    -0.15046646   -54.68864170    -0.00000382    -0.00000120  0.98D-06  0.12D-06     8.35
    9     1     1     1.07247116    -0.19676691   -55.13620459    -0.00000000    -0.00000002  0.19D-08  0.33D-08     9.23
    9     2     2     1.04582669    -0.13380499   -54.78420017    -0.00000010    -0.00000002  0.31D-08  0.34D-08     9.23
    9     3     3     1.05456135    -0.15046973   -54.68864497    -0.00000328    -0.00000043  0.92D-07  0.75D-07     9.23
   10     1     1     1.07247116    -0.19676691   -55.13620459    -0.00000000    -0.00000002  0.19D-08  0.33D-08     9.88
   10     2     2     1.04582669    -0.13380499   -54.78420017    -0.00000000    -0.00000002  0.31D-08  0.34D-08     9.88
   10     3     3     1.05461224    -0.15047023   -54.68864547    -0.00000050    -0.00000007  0.32D-07  0.16D-07     9.88
   11     1     1     1.07247116    -0.19676691   -55.13620459    -0.00000000    -0.00000002  0.19D-08  0.33D-08    10.53
   11     2     2     1.04582669    -0.13380499   -54.78420017    -0.00000000    -0.00000002  0.31D-08  0.34D-08    10.53
   11     3     3     1.05469231    -0.15047036   -54.68864560    -0.00000013    -0.00000003  0.84D-08  0.76D-08    10.53
   12     1     1     1.07247116    -0.19676691   -55.13620459    -0.00000000    -0.00000002  0.19D-08  0.33D-08    11.18
   12     2     2     1.04582669    -0.13380499   -54.78420017    -0.00000000    -0.00000002  0.31D-08  0.34D-08    11.18
   12     3     3     1.05475158    -0.15047040   -54.68864564    -0.00000004    -0.00000001  0.86D-09  0.15D-08    11.18


 =====================================
 Analysis of CPU times by interactions
 =====================================

       I      S      P

 I   0.0%
 S   0.0%   0.3%
 P   0.4%   0.8%  28.9%

 Initialization:   1.3%
 Other:           68.2%

 Total CPU:       11.2 seconds
 =====================================



 gnormi=  0.93242600  gnorms=  0.04154978  gnormp=  0.02602422  gnorm=  1.00000000
 ecorri= -0.18347058  ecorrs= -0.00817224  ecorrp= -0.00512409  ecorr= -0.19676691

 gnormi=  0.95618137  gnorms=  0.02658071  gnormp=  0.01723792  gnorm=  1.00000000
 ecorri= -0.12794184  ecorrs= -0.00355674  ecorrp= -0.00230641  ecorr= -0.13380499

 gnormi=  0.94809055  gnorms=  0.03200490  gnormp=  0.01990455  gnorm=  1.00000000
 ecorri= -0.14265957  ecorrs= -0.00481579  ecorrp= -0.00299505  ecorr= -0.15047040

 Reference coefficients greater than 0.0500000
 =============================================
 220//           0.9640290  -0.0207237  -0.0000000
 2///\           0.0031688  -0.3272252   0.7948274
 2/\//           0.0365780   0.7902007  -0.0000022
 2//\/           0.0044814  -0.4627662  -0.5620317
 /2\//           0.0290402  -0.0793661  -0.0000000

 Coefficients of singly external configurations greater than 0.0500000
 =====================================================================

 2/0/\  11.1     0.0512679   0.0037377   0.0000000

 Coefficients of fixed reference functions:
 ==========================================

 State      Coefficients
 1           0.965249   -0.004837   -0.000000
 2           0.007638    0.977718   -0.000000
 3          -0.000000    0.000000    0.973689

 Coefficients of rotated reference functions:
 ============================================

 State      Coefficients
 1           0.965260    0.001360   -0.000000
 2           0.001360    0.977747    0.000000
 3          -0.000000    0.000000    0.973689


 RESULTS FOR STATE 1.4
 =====================

 Coefficient of reference function:   C(0) = 0.96524878 (fixed)   0.96562208 (relaxed)   0.96525994 (rotated)

 Energy contributions of configuration classes

 CLASS          SQ.NORM        ECORR1        ECORR2
 +++++++++++++++++++++++++++++++++++++++++++++++++++
 Internals    0.00075049   -0.00000262   -0.11396025
 Singles      0.04459438   -0.07460376   -0.07768256
 Pairs        0.02793117   -0.00000001   -0.00512410
 Total        1.07327604   -0.07460639   -0.19676691
 +++++++++++++++++++++++++++++++++++++++++++++++++++


 Reference energy                     -54.93942577
 Nuclear energy                         4.02634834
 Kinetic energy                        55.44266244
 One electron energy                  -82.40436506
 Two electron energy                   23.24181213
 Virial quotient                       -0.99447253
 Correlation energy                    -0.19677882
 !MRCI STATE 1.4 Energy               -55.136204589241

 Properties without orbital relaxation:

 !MRCI STATE 1.4 Dipole moment          0.00000000     0.00000000     0.64897220
 Dipole moment /Debye                   0.00000000     0.00000000     1.64952279

 Cluster corrected energies           -55.15062376 (Davidson, fixed reference)
 Cluster corrected energies           -55.15046538 (Davidson, relaxed reference)
 Cluster corrected energies           -55.15062376 (Davidson, rotated reference)

 Cluster corrected energies           -55.14340452 (Pople, fixed reference)
 Cluster corrected energies           -55.14332565 (Pople, relaxed reference)
 Cluster corrected energies           -55.14340452 (Pople, rotated reference)



 RESULTS FOR STATE 2.4
 =====================

 Coefficient of reference function:   C(0) = 0.97771827 (fixed)   0.97784527 (relaxed)   0.97774716 (rotated)

 Energy contributions of configuration classes

 CLASS          SQ.NORM        ECORR1        ECORR2
 +++++++++++++++++++++++++++++++++++++++++++++++++++
 Internals    0.00020070   -0.00000258   -0.07810917
 Singles      0.02780439   -0.05212680   -0.05338942
 Pairs        0.01803150   -0.00000000   -0.00230641
 Total        1.04603659   -0.05212938   -0.13380499
 +++++++++++++++++++++++++++++++++++++++++++++++++++


 Reference energy                     -54.65040709
 Nuclear energy                         4.02634834
 Kinetic energy                        55.05656336
 One electron energy                  -80.09911370
 Two electron energy                   21.28856518
 Virial quotient                       -0.99505303
 Correlation energy                    -0.13379308
 !MRCI STATE 2.4 Energy               -54.784200169541

 Properties without orbital relaxation:

 !MRCI STATE 2.4 Dipole moment          0.00000000     0.00000000    -1.60265682
 Dipole moment /Debye                   0.00000000     0.00000000    -4.07354733

 Cluster corrected energies           -54.79035955 (Davidson, fixed reference)
 Cluster corrected energies           -54.79033146 (Davidson, relaxed reference)
 Cluster corrected energies           -54.79035955 (Davidson, rotated reference)

 Cluster corrected energies           -54.78727823 (Pople, fixed reference)
 Cluster corrected energies           -54.78726421 (Pople, relaxed reference)
 Cluster corrected energies           -54.78727823 (Pople, rotated reference)



 RESULTS FOR STATE 3.4
 =====================

 Coefficient of reference function:   C(0) = 0.97368940 (fixed)   0.97369941 (relaxed)   0.97368940 (rotated)

 Energy contributions of configuration classes

 CLASS          SQ.NORM        ECORR1        ECORR2
 +++++++++++++++++++++++++++++++++++++++++++++++++++
 Internals    0.00002056    0.00000000   -0.00000293
 Singles      0.03375792   -0.05948088   -0.06120789
 Pairs        0.02099479   -0.09098952   -0.08925958
 Total        1.05477326   -0.15047040   -0.15047040
 +++++++++++++++++++++++++++++++++++++++++++++++++++


 Reference energy                     -54.53817524
 Nuclear energy                         4.02634834
 Kinetic energy                        55.02200795
 One electron energy                  -80.05522893
 Two electron energy                   21.34023494
 Virial quotient                       -0.99394129
 Correlation energy                    -0.15047040
 !MRCI STATE 3.4 Energy               -54.688645643130

 Properties without orbital relaxation:

 !MRCI STATE 3.4 Dipole moment          0.00000000     0.00000000    -1.46720913
 Dipole moment /Debye                   0.00000000     0.00000000    -3.72927364

 Cluster corrected energies           -54.69688740 (Davidson, fixed reference)
 Cluster corrected energies           -54.69688414 (Davidson, relaxed reference)
 Cluster corrected energies           -54.69688740 (Davidson, rotated reference)

 Cluster corrected energies           -54.69276343 (Pople, fixed reference)
 Cluster corrected energies           -54.69276181 (Pople, relaxed reference)
 Cluster corrected energies           -54.69276343 (Pople, rotated reference)


 !MRCI trans          <2.4|DMZ|1.4>    -0.505189077508 au =    -1.284062556053 Debye

 !MRCI trans          <3.4|DMZ|1.4>     0.000000119928 au =     0.000000304827 Debye

 !MRCI trans          <3.4|DMZ|2.4>    -0.000003252418 au =    -0.000008266821 Debye


 **********************************************************************************************************************************
 DATASETS  * FILE   NREC   LENGTH (MB)   RECORD NAMES
              1      21      255.19       500      700      610      701      900      950      970     1000      129      960   
                                          VAR     GEOM    BASINP    GEOM    SYMINP    ZMAT    AOBASIS   BASIS     P2S    ABASIS    
                                         1100     1400     1410     1200     1210     1080     1600     1650     1300     1700   
                                           S        T        V       H0       H01     AOSYM     SMH    MOLCAS    ERIS     OPER   
                                         1380   
                                         JKOP   

              2       8       17.69       500      610      700     1000      520     2100     2140      701   
                                          VAR    BASINP    GEOM     BASIS   MCVARS     RHF     MCSCF    GEOM   

 PROGRAMS   *        TOTAL        CI     MULTI       INT        CI     MULTI       INT        CI     MULTI       INT        CI
 CPU TIMES  *       181.82     11.23      1.21      8.40     11.17      1.19      8.36     11.19      1.16      8.33     11.14
 REAL TIME  *       194.30 SEC
 DISK USED  *       786.96 MB
 **********************************************************************************************************************************
 SETTING E1(9)          =       -55.13620459  AU                              
 SETTING E2(9)          =       -54.78420017  AU                              
 SETTING E3(9)          =       -54.68864564  AU                              

 DO I                   =        10.00000000   


 Using spherical harmonics

 Library entry N      S aug-cc-pV5Z          selected for orbital group  1
 Library entry N      P aug-cc-pV5Z          selected for orbital group  1
 Library entry N      D aug-cc-pV5Z          selected for orbital group  1
 Library entry N      F aug-cc-pV5Z          selected for orbital group  1
 Library entry N      G aug-cc-pV5Z          selected for orbital group  1
 Library entry N      H aug-cc-pV5Z          selected for orbital group  1
 Library entry H      S aug-cc-pV5Z          selected for orbital group  2
 Library entry H      P aug-cc-pV5Z          selected for orbital group  2
 Library entry H      D aug-cc-pV5Z          selected for orbital group  2
 Library entry H      F aug-cc-pV5Z          selected for orbital group  2
 Library entry H      G aug-cc-pV5Z          selected for orbital group  2


 PROGRAM * SEWARD (Integral evaluation for generally contracted gaussian basis sets)     Author: Roland Lindh, 1990

 Geometry written to block  1 of record 701

 Orientation using atomic masses  
 Molecule type: Linear
 Symmetry elements: X,Y
 Rotational constants:     649.0509963    649.0509963      0.0000000 GHz  (calculated with average atomic masses)

 Point group  C2v 



 ATOMIC COORDINATES

 NR  ATOM    CHARGE       X              Y              Z

   1  N       7.00    0.000000000    0.000000000   -0.115440983
   2  H       1.00    0.000000000    0.000000000    1.604209790

 Bond lengths in Bohr (Angstrom)

 1-2  1.719650773
     ( 0.910000000)

 NUCLEAR CHARGE:                    8
 NUMBER OF PRIMITIVE AOS:         307
 NUMBER OF SYMMETRY AOS:          227
 NUMBER OF CONTRACTIONS:          207   (   77A1  +   50B1  +   50B2  +   30A2  )
 NUMBER OF INNER CORE ORBITALS:     0   (    0A1  +    0B1  +    0B2  +    0A2  )
 NUMBER OF OUTER CORE ORBITALS:     1   (    1A1  +    0B1  +    0B2  +    0A2  )
 NUMBER OF VALENCE ORBITALS:        5   (    3A1  +    1B1  +    1B2  +    0A2  )


 NUCLEAR REPULSION ENERGY    4.07059393

 EXTRA SYMMETRY OF AOS IN SYMMETRY 1:   1 1 1 1 1 1 1 1 1 1   1 1 1 1 2 1 2 1 2 1   2 1 2 1 2 1 2 1 2 1   2 1 3 2 1 3 2 1 3 2
                                        2 3 1 2 3 1 1 1 1 1   1 1 1 1 1 1 1 1 2 1   2 1 2 1 2 1 2 1 2 1   2 1 3 2 1 3 2
 EXTRA SYMMETRY OF AOS IN SYMMETRY 2:   1 1 1 1 1 1 1 1 1 1   1 1 2 1 2 1 2 1 2 1   2 1 2 1 2 1 2 3 1 2   3 1 1 1 1 1 1 1 1 1
                                        1 2 1 2 1 2 1 2 1 2
 EXTRA SYMMETRY OF AOS IN SYMMETRY 3:   1 1 1 1 1 1 1 1 1 1   1 1 2 1 2 1 2 1 2 1   2 1 2 1 2 1 2 3 1 2   3 1 1 1 1 1 1 1 1 1
                                        1 2 1 2 1 2 1 2 1 2
 EXTRA SYMMETRY OF AOS IN SYMMETRY 4:   1 1 1 1 1 1 1 1 1 1   2 1 2 1 2 2 1 2 1 1   1 1 1 1 1 1 1 2 1 2

 Eigenvalues of metric

         1 0.112E-04 0.710E-04 0.216E-03 0.222E-03 0.437E-03 0.542E-03 0.102E-02 0.214E-02
         2 0.181E-03 0.903E-03 0.254E-02 0.468E-02 0.663E-02 0.151E-01 0.218E-01 0.281E-01
         3 0.181E-03 0.903E-03 0.254E-02 0.468E-02 0.663E-02 0.151E-01 0.218E-01 0.281E-01
         4 0.214E-02 0.115E-01 0.303E-01 0.500E-01 0.844E-01 0.106E+00 0.190E+00 0.202E+00


 Contracted 2-electron integrals neglected if value below      1.0D-12
 AO integral compression algorithm  1   Integral accuracy      1.0D-12

     289.407 MB (compressed) written to integral file ( 51.3%)


 NUMBER OF SORTED TWO-ELECTRON INTEGRALS:   59167011.     BUFFER LENGTH:  32768
 NUMBER OF SEGMENTS:   4  SEGMENT LENGTH:   15999984      RECORD LENGTH: 524288

 Memory used in sort:      16.56 MW

 SORT1 READ    70490039. AND WROTE    39593945. INTEGRALS IN    116 RECORDS. CPU TIME:     0.75 SEC, REAL TIME:     0.88 SEC
 SORT2 READ    39593945. AND WROTE    59167011. INTEGRALS IN   1104 RECORDS. CPU TIME:     0.64 SEC, REAL TIME:     0.73 SEC

 FILE SIZES:   FILE 1:   320.5 MBYTE,  FILE 4:   486.6 MBYTE,   TOTAL:    807.1 MBYTE

 OPERATOR DM      FOR CENTER  0  COORDINATES:    0.000000    0.000000    0.000000


 **********************************************************************************************************************************
 DATASETS  * FILE   NREC   LENGTH (MB)   RECORD NAMES
              1      20      252.65       500      700      610      701      900      950      970     1000      129      960   
                                          VAR     GEOM    BASINP    GEOM    SYMINP    ZMAT    AOBASIS   BASIS     P2S    ABASIS    
                                         1100     1400     1410     1200     1210     1080     1600     1650     1300     1700   
                                           S        T        V       H0       H01     AOSYM     SMH    MOLCAS    ERIS     OPER   

              2       8       17.69       500      610      700     1000      520     2100     2140      701   
                                          VAR    BASINP    GEOM     BASIS   MCVARS     RHF     MCSCF    GEOM   

 PROGRAMS   *        TOTAL       INT        CI     MULTI       INT        CI     MULTI       INT        CI     MULTI       INT
 CPU TIMES  *       190.27      8.45     11.23      1.21      8.40     11.17      1.19      8.36     11.19      1.16      8.33
 REAL TIME  *       203.13 SEC
 DISK USED  *       787.46 MB
 **********************************************************************************************************************************

 PROGRAM * MULTI (Direct Multiconfiguration SCF)       Authors: P.J. Knowles, H.-J. Werner (1984)
                                                                D.A. Kreplin, P.J. Knowles, H.-J. Werner (2019)

 Number of closed-shell orbitals:   1 (   1   0   0   0 )
 Number of active  orbitals:        5 (   3   1   1   0 )
 Number of external orbitals:     201 (  73  49  49  30 )

 State symmetry 1

 Number of active electrons:   6    Spin symmetry=Triplet   Space symmetry=4
 Number of states:             4
 Number of CSFs:              12   (15 determinants, 50 intermediate states)

 Molecular orbitals read from record     2140.2  Type=MCSCF/NATURAL (state averaged)

 EXTRA SYMMETRY OF MOS IN SYMMETRY 1:   1 1 1 1 1 1 1 2 1 1   1 1 2 1 1 2 1 1 2 1   2 1 1 1 2 3 1 2 1 1   2 1 2 3 1 1 2 1 1 1
                                        2 3 2 1 3 2 1 1 2 2   1 1 1 2 1 1 2 3 1 3   1 2 1 2 1 3 2 1 2 1   2 1 2 1 1 1 1
 EXTRA SYMMETRY OF MOS IN SYMMETRY 2:   1 1 1 1 1 1 2 1 1 1   2 1 1 1 2 1 1 2 1 2   1 1 1 2 3 1 1 2 2 1   1 2 1 1 1 2 3 1 1 1
                                        2 2 1 2 2 1 1 1 1 1
 EXTRA SYMMETRY OF MOS IN SYMMETRY 3:   1 1 1 1 1 1 2 1 1 1   2 1 1 1 2 1 1 2 1 2   1 1 1 2 3 1 1 2 2 1   1 2 1 1 1 2 3 1 1 1
                                        2 2 1 2 2 1 1 1 1 1
 EXTRA SYMMETRY OF MOS IN SYMMETRY 4:   1 1 1 1 1 1 2 1 1 1   2 1 1 2 1 2 1 1 1 1   1 2 2 1 1 2 1 1 1 1

 Wavefunction dump at record             2140.2

 Convergence thresholds  0.10E-04 (gradient)  0.10E-05 (energy)

 Weight factors for state symmetry  1:    0.25000   0.25000   0.25000   0.25000
 
 Number of orbital rotations:  393  ( 3 closed/active, 73 closed/virtual, 0 active/active, 317 active/virtual )
 Total number of variables:    453
 
  Second-order MCSCF: L-BFGS accelerated
 
 ITER  MIC  NCI  NEG     ENERGY(VAR)    ENERGY(PROJ) ENERGY CHANGE       GRAD(0)  GRAD(ORB)   GRAD(CI)      STEP      TIME
   1    5    4    0    -54.65883533     -54.65887636   -0.00004103    0.01350475 0.00000450 0.00000000  0.11E-01      0.33
   2    5    5    0    -54.65887632     -54.65887632   -0.00000000    0.00001672 0.00000001 0.00000000  0.33E-04      0.68
   3    3    2    0    -54.65887632     -54.65887632    0.00000000    0.00000000 0.00000000 0.00000000  0.57E-09      0.99

 CONVERGENCE REACHED!  Final gradient:    0.00000000 ( 0.52E-11)
                       Final energy:    -54.65887632
 
 Results for state 1.4
 =====================
 !MCSCF STATE 1.4 Energy                       -54.936578200680
 Nuclear energy                                  4.07059393
 Kinetic energy                                 56.07429264
 One electron energy                           -83.30059851
 Two electron energy                            24.29342638
 Virial ratio                                    1.97971059
 
 !MCSCF STATE 1.4 Dipole moment                  0.00000000     0.00000000     0.79934057
 Dipole moment /Debye                            0.00000000     0.00000000     2.03172107
 
 Results for state 2.4
 =====================
 !MCSCF STATE 2.4 Energy                       -54.647597604039
 Nuclear energy                                  4.07059393
 Kinetic energy                                 54.58799357
 One electron energy                           -79.95668441
 Two electron energy                            21.23849288
 Virial ratio                                    2.00109189
 
 !MCSCF STATE 2.4 Dipole moment                  0.00000000     0.00000000    -1.70769853
 Dipole moment /Debye                            0.00000000     0.00000000    -4.34053672
 
 Results for state 3.4
 =====================
 !MCSCF STATE 3.4 Energy                       -54.534162363274
 Nuclear energy                                  4.07059393
 Kinetic energy                                 54.63659202
 One electron energy                           -79.96362517
 Two electron energy                            21.35886888
 Virial ratio                                    1.99812526
 
 !MCSCF STATE 3.4 Dipole moment                  0.00000000     0.00000000    -1.58953638
 Dipole moment /Debye                            0.00000000     0.00000000    -4.04019849
 
 Results for state 4.4
 =====================
 !MCSCF STATE 4.4 Energy                       -54.517167098977
 Nuclear energy                                  4.07059393
 Kinetic energy                                 54.68742703
 One electron energy                           -79.97173799
 Two electron energy                            21.38397696
 Virial ratio                                    1.99688667
 
 !MCSCF STATE 4.4 Dipole moment                  0.00000000     0.00000000    -1.38751217
 Dipole moment /Debye                            0.00000000     0.00000000    -3.52670416
 
 State-averaged charge density matrix saved on record 2140.2 (density set 1)
 
 Expectation values: (only non-zero values are shown)
 
 !MCSCF expec                       <1.4|DMZ|1.4>     0.799340567125 au =     2.031721067370 Debye
 !MCSCF expec                       <2.4|DMZ|2.4>    -1.707698530207 au =    -4.340536716431 Debye
 !MCSCF expec                       <3.4|DMZ|3.4>    -1.589536380609 au =    -4.040198489427 Debye
 !MCSCF expec                       <4.4|DMZ|4.4>    -1.387512166826 au =    -3.526704156543 Debye
 
 Transition values: (only non-zero values with the ground state are shown)
 
 !MCSCF trans                       <1.4|DMZ|2.4>    -0.402452036527 au =    -1.022931044473 Debye
 !MCSCF trans                       <1.4|DMZ|4.4>     0.385609181755 au =     0.980120777757 Debye
 

 EXTRA SYMMETRY OF MOS IN SYMMETRY 1:   1 1 1 1 1 1 1 2 1 1   1 1 2 1 1 2 1 1 2 1   2 1 1 1 3 2 1 2 1 1   2 1 2 3 1 1 2 1 1 1
                                        2 3 2 1 3 2 1 1 2 2   1 1 1 2 1 1 2 3 1 3   1 2 1 2 3 1 2 1 2 1   2 1 2 1 1 1 1
 EXTRA SYMMETRY OF MOS IN SYMMETRY 4:   1 1 1 1 1 2 1 1 1 1   2 1 1 2 1 2 1 1 1 1   1 2 2 1 1 2 1 1 1 1
 
 Natural orbital dump (state averaged) at molpro section 2140.2 (Orbital set 2)
 
 Reoptimze the CI vectors with natural orbitals 
 
 CI Coefficients of symmetry 4
 =============================
 
 220 a a        0.99684255     -0.02237147     -0.00000000      0.03497261
 2ab a a        0.02543379      0.86037278     -0.00000000     -0.00620984
 2ba a a       -0.03825676     -0.27906068     -0.00000000      0.81290354
 2aa b a        0.00641149     -0.29065605      0.70690710     -0.40334685
 2aa a b        0.00641149     -0.29065605     -0.70690710     -0.40334685
 a2b a a        0.05463938     -0.09095176     -0.00000000      0.02144659
 b2a a a       -0.01778594      0.03487854     -0.00000000      0.08068627
 a2a a b       -0.01842672      0.02803661      0.00305456     -0.05106643
 a2a b a       -0.01842672      0.02803661     -0.00305456     -0.05106643
 
 Energy:      -54.93657820    -54.64759760    -54.53416236    -54.51716710
 


 **********************************************************************************************************************************
 DATASETS  * FILE   NREC   LENGTH (MB)   RECORD NAMES
              1      21      255.57       500      700      610      701      900      950      970     1000      129      960   
                                          VAR     GEOM    BASINP    GEOM    SYMINP    ZMAT    AOBASIS   BASIS     P2S    ABASIS    
                                         1100     1400     1410     1200     1210     1080     1600     1650     1300     1700   
                                           S        T        V       H0       H01     AOSYM     SMH    MOLCAS    ERIS     OPER   
                                         1380   
                                         JKOP   

              2       8       17.69       500      610      700     1000      520     2100     2140      701   
                                          VAR    BASINP    GEOM     BASIS   MCVARS     RHF     MCSCF    GEOM   

 PROGRAMS   *        TOTAL     MULTI       INT        CI     MULTI       INT        CI     MULTI       INT        CI     MULTI
 CPU TIMES  *       191.48      1.21      8.45     11.23      1.21      8.40     11.17      1.19      8.36     11.19      1.16
 REAL TIME  *       204.45 SEC
 DISK USED  *       787.46 MB
 **********************************************************************************************************************************


 PROGRAM * CI (Multireference internally contracted CI)     Authors: H.-J. Werner, P.J. Knowles, 1987


 Convergence thresholds:  THRVAR = 1.00D-08  THRDEN = 1.00D-06

 Number of optimized states: 3  Roots:    1   2   3
 Number of reference states: 3  Roots:    1   2   3

 Program parameters:       NSTATE=  3    NSTATI=  5    NSTATR=  3    NCEPA = -1    NOKOP =  0    ITRDM =  0    ITRANS=  0
                           IDIP  =200    MAXIT =250    MAXITI=250    MAXDAV=  9    MAXVI = 15    NOSING=  0    NOPAIR=  0
                           MXSHRF=  4    IKCPS =  0    IOPTGM=  2    IOPTOR=  0    REFOPT=  1    IAVDEN=  0    IDELCG=  1
                           IREST =  0    NATORB=  0    IPUNRF=  0    ISEP  =  0    OLDDEN=  0    NSTPRI=  1    GPSFLI= -1
                           CLUSTE=  0    CLOSED=  1    ILSTYP=  0    ITRLS =  0    ICCSD =  0    LOCAL =  0    IBASO =  0
                           MP    =  0    ITEDIS=  2    INCDIS=  1    MAXDIS=  6    ITYDIS=  1    BRUECK=  0    IBRSTR=  3
                           INCBRK=  1    TRIPLE=  0    ICCTYP=  2    IHPPD =  0    ICCNEW=  0    I3EXT = -1    IDEB  =  0
                           IDLEIG=  1    IDFTYP=  1    IMP3  =  0    IPROCS=  0    NOINT =  0    NOREF =  1    IMP2G =  0
                           IHINT =  0    IFDIA =  0    ISPARO=  1    JKSYM =  0    CPHF  =  0    MP2D  = -1    DKINT =  0
                           NPKEX =  1    DRVK  =  1    HLSTRA=  1    WIGNER=  1    DIIS_C=  1    MAXIT_= 50    MATEL =  0
                           SPDEG =  1    MEMCPH=  0    DISM  =  1    KDCPMA=  5    IKDCP_=  0    IREDTH=  0    USECS =  0
                           IPROCC=  0    I3SAVE=  1    IKDCP =  1    USECI =  0    OLDPAI=  0    IPROCI=  0    KEEPCL=  1
                           DISCON=  0    SHIFTE=  0    DIISIN=  0    MOLCAS=  0    MEM_PT=  0    RECORD=  0    RS2C  =  0
                           KEXT  = -1    CIPT2 =  0    DECP0S=  0    I4EXT = -1    NATCOR=  0    RIMP2 =  0    DDCI  = -1
                           IPOLAR=  0

 Reference symmetry:                   4   Triplet 
 Number of electrons:                  8
 Maximum number of shells:             3
 Maximum number of spin couplings:     9

 Reference space:        6 conf       12 CSFs
 N elec internal:       35 conf       45 CSFs
 N-1 el internal:       48 conf       96 CSFs
 N-2 el internal:       26 conf      102 CSFs

 Number of electrons in valence space:                      6
 Maximum number of open shell orbitals in reference space:  4
 Maximum number of open shell orbitals in internal spaces:  6


 Number of core orbitals:           1 (   1   0   0   0 )
 Number of active  orbitals:        5 (   3   1   1   0 )
 Number of external orbitals:     201 (  73  49  49  30 )

 Molecular orbitals read from record     2140.2  Type=MCSCF/NATURAL (state averaged)

 Valence orbitals related to previous ones by unitary transformation. Operators transformed.


 Number of p-space configurations:   5

 Reference wavefunction optimized for reference space (refopt=1)

 State     Reference Energy 
     1       -54.93657820
     2       -54.64759760
     3       -54.53416236
     4       -54.51716710
     5       -54.18231238

 Number of blocks in overlap matrix:    13   Smallest eigenvalue:  0.58D-05
 Number of N-2 electron functions:      60
 Number of N-1 electron functions:      96

 Number of internal configurations:                   12
 Number of singly external configurations:          4953
 Number of doubly external configurations:        311592
 Total number of contracted configurations:       316557
 Total number of uncontracted configurations:     529947

 Diagonal Coupling coefficients finished.               Storage:    8081 words, CPU-Time:      0.00 seconds.
 Energy denominators for pairs finished in 1 passes.    Storage:  127229 words, CPU-time:      0.00 seconds.

  ITER. STATE  ROOT     SQ.NORM     CORR.ENERGY   TOTAL ENERGY   ENERGY CHANGE       DEN1      VAR(S)    VAR(P)      TIME
    1     1     1     1.00000000     0.00000000   -54.93657820     0.00000000    -0.21155383  0.69D-01  0.21D-01     0.14
    1     2     2     1.00000000     0.00000000   -54.64759760     0.00000000    -0.12630837  0.26D-01  0.14D-01     0.14
    1     3     3     1.00000000     0.00000000   -54.53416236     0.00000000    -0.14725121  0.28D-01  0.17D-01     0.14
    2     1     1     1.06931202    -0.18572564   -55.12230384    -0.18572564    -0.00975006  0.22D-02  0.13D-02     1.31
    2     2     2     1.04201686    -0.12987785   -54.77747546    -0.12987785    -0.00259948  0.43D-03  0.39D-03     1.31
    2     3     3     1.04380704    -0.14610888   -54.68027124    -0.14610888    -0.00314659  0.66D-03  0.43D-03     1.31
    3     1     1     1.06935076    -0.19617232   -55.13275053    -0.01044669    -0.00062063  0.74D-04  0.10D-03     2.49
    3     2     2     1.04375930    -0.13289028   -54.78048789    -0.00301243    -0.00021501  0.38D-04  0.38D-04     2.49
    3     3     3     1.04744649    -0.14970869   -54.68387106    -0.00359981    -0.00024747  0.11D-03  0.36D-04     2.49
    4     1     1     1.07179906    -0.19700633   -55.13358453    -0.00083400    -0.00006233  0.55D-05  0.11D-04     3.68
    4     2     2     1.04517142    -0.13319548   -54.78079309    -0.00030520    -0.00003325  0.49D-05  0.57D-05     3.68
    4     3     3     1.05081994    -0.15008943   -54.68425180    -0.00038074    -0.00004984  0.22D-04  0.74D-05     3.68
    5     1     1     1.07249127    -0.19709272   -55.13367092    -0.00008639    -0.00000669  0.77D-06  0.11D-05     4.85
    5     2     2     1.04521217    -0.13324288   -54.78084048    -0.00004739    -0.00000574  0.88D-06  0.10D-05     4.85
    5     3     3     1.05216513    -0.15017181   -54.68433417    -0.00008237    -0.00001224  0.82D-05  0.16D-05     4.85
    6     1     1     1.07242716    -0.19710164   -55.13367984    -0.00000892    -0.00000090  0.92D-07  0.14D-06     6.02
    6     2     2     1.04515083    -0.13325118   -54.78084878    -0.00000830    -0.00000123  0.16D-06  0.23D-06     6.02
    6     3     3     1.05279523    -0.15019215   -54.68435451    -0.00002034    -0.00000508  0.53D-05  0.57D-06     6.02
    7     1     1     1.07246105    -0.19710276   -55.13368096    -0.00000112    -0.00000013  0.13D-07  0.20D-07     7.20
    7     2     2     1.04517710    -0.13325272   -54.78085032    -0.00000154    -0.00000028  0.53D-07  0.49D-07     7.20
    7     3     3     1.05344239    -0.15020095   -54.68436331    -0.00000880    -0.00000300  0.20D-05  0.33D-06     7.20
    8     1     1     1.07247135    -0.19710292   -55.13368112    -0.00000016    -0.00000002  0.21D-08  0.34D-08     8.39
    8     2     2     1.04517348    -0.13325307   -54.78085067    -0.00000035    -0.00000007  0.12D-07  0.12D-07     8.39
    8     3     3     1.05382612    -0.15020561   -54.68436797    -0.00000466    -0.00000146  0.12D-05  0.15D-06     8.39
    9     1     1     1.07247150    -0.19710292   -55.13368112    -0.00000000    -0.00000002  0.18D-08  0.32D-08     9.28
    9     2     2     1.04517433    -0.13325316   -54.78085077    -0.00000009    -0.00000002  0.29D-08  0.32D-08     9.28
    9     3     3     1.05482416    -0.15020975   -54.68437211    -0.00000414    -0.00000057  0.11D-06  0.97D-07     9.28
   10     1     1     1.07247150    -0.19710292   -55.13368112    -0.00000000    -0.00000002  0.18D-08  0.32D-08     9.93
   10     2     2     1.04517433    -0.13325316   -54.78085077    -0.00000000    -0.00000002  0.29D-08  0.32D-08     9.93
   10     3     3     1.05488593    -0.15021038   -54.68437274    -0.00000063    -0.00000008  0.37D-07  0.18D-07     9.93
   11     1     1     1.07247150    -0.19710292   -55.13368112    -0.00000000    -0.00000002  0.18D-08  0.32D-08    10.57
   11     2     2     1.04517433    -0.13325316   -54.78085077    -0.00000000    -0.00000002  0.29D-08  0.32D-08    10.57
   11     3     3     1.05497793    -0.15021052   -54.68437288    -0.00000014    -0.00000004  0.11D-07  0.82D-08    10.57
   12     1     1     1.07247150    -0.19710292   -55.13368112    -0.00000000    -0.00000002  0.18D-08  0.32D-08    11.22
   12     2     2     1.04517433    -0.13325316   -54.78085077    -0.00000000    -0.00000002  0.29D-08  0.32D-08    11.22
   12     3     3     1.05505402    -0.15021057   -54.68437293    -0.00000005    -0.00000001  0.12D-08  0.18D-08    11.22


 =====================================
 Analysis of CPU times by interactions
 =====================================

       I      S      P

 I   0.0%
 S   0.1%   0.3%
 P   0.4%   1.0%  28.6%

 Initialization:   1.2%
 Other:           68.4%

 Total CPU:       11.2 seconds
 =====================================



 gnormi=  0.93242571  gnorms=  0.04170042  gnormp=  0.02587387  gnorm=  1.00000000
 ecorri= -0.18378383  ecorrs= -0.00821605  ecorrp= -0.00510304  ecorr= -0.19710292

 gnormi=  0.95677819  gnorms=  0.02609258  gnormp=  0.01712924  gnorm=  1.00000000
 ecorri= -0.12749372  ecorrs= -0.00347701  ecorrp= -0.00228244  ecorr= -0.13325316

 gnormi=  0.94781877  gnorms=  0.03239299  gnormp=  0.01978824  gnorm=  1.00000000
 ecorri= -0.14237239  ecorrs= -0.00486608  ecorrp= -0.00297210  ecorr= -0.15021057

 Reference coefficients greater than 0.0500000
 =============================================
 220//           0.9641929  -0.0175806  -0.0000000
 2///\           0.0036249  -0.3264371   0.7947171
 2/\//           0.0325364   0.7917769  -0.0000033
 2//\/           0.0051264  -0.4616518  -0.5619557
 /2\//           0.0290273  -0.0782409  -0.0000001

 Coefficients of singly external configurations greater than 0.0500000
 =====================================================================

 2/0/\  11.1     0.0521872   0.0037029   0.0000001

 Coefficients of fixed reference functions:
 ==========================================

 State      Coefficients
 1           0.965278   -0.002953   -0.000000
 2           0.005194    0.978044   -0.000000
 3          -0.000000    0.000000    0.973551

 Coefficients of rotated reference functions:
 ============================================

 State      Coefficients
 1           0.965282    0.001094   -0.000000
 2           0.001094    0.978057    0.000000
 3          -0.000000    0.000000    0.973551


 RESULTS FOR STATE 1.4
 =====================

 Coefficient of reference function:   C(0) = 0.96527830 (fixed)   0.96562193 (relaxed)   0.96528219 (rotated)

 Energy contributions of configuration classes

 CLASS          SQ.NORM        ECORR1        ECORR2
 +++++++++++++++++++++++++++++++++++++++++++++++++++
 Internals    0.00070404   -0.00000137   -0.11400211
 Singles      0.04475400   -0.07489159   -0.07799776
 Pairs        0.02776852   -0.00000001   -0.00510305
 Total        1.07322656   -0.07489297   -0.19710292
 +++++++++++++++++++++++++++++++++++++++++++++++++++


 Reference energy                     -54.93657312
 Nuclear energy                         4.07059393
 Kinetic energy                        55.46560749
 One electron energy                  -82.47953757
 Two electron energy                   23.27526252
 Virial quotient                       -0.99401564
 Correlation energy                    -0.19710800
 !MRCI STATE 1.4 Energy               -55.133681123606

 Properties without orbital relaxation:

 !MRCI STATE 1.4 Dipole moment          0.00000000     0.00000000     0.65070643
 Dipole moment /Debye                   0.00000000     0.00000000     1.65393078

 Cluster corrected energies           -55.14811466 (Davidson, fixed reference)
 Cluster corrected energies           -55.14796584 (Davidson, relaxed reference)
 Cluster corrected energies           -55.14811466 (Davidson, rotated reference)

 Cluster corrected energies           -55.14088825 (Pople, fixed reference)
 Cluster corrected energies           -55.14081413 (Pople, relaxed reference)
 Cluster corrected energies           -55.14088825 (Pople, rotated reference)



 RESULTS FOR STATE 2.4
 =====================

 Coefficient of reference function:   C(0) = 0.97804407 (fixed)   0.97815039 (relaxed)   0.97805725 (rotated)

 Energy contributions of configuration classes

 CLASS          SQ.NORM        ECORR1        ECORR2
 +++++++++++++++++++++++++++++++++++++++++++++++++++
 Internals    0.00019048   -0.00000135   -0.07806348
 Singles      0.02727649   -0.05167306   -0.05290724
 Pairs        0.01790645    0.00000000   -0.00228244
 Total        1.04537341   -0.05167441   -0.13325316
 +++++++++++++++++++++++++++++++++++++++++++++++++++


 Reference energy                     -54.64760268
 Nuclear energy                         4.07059393
 Kinetic energy                        55.07482659
 One electron energy                  -80.15718852
 Two electron energy                   21.30574382
 Virial quotient                       -0.99466225
 Correlation energy                    -0.13324808
 !MRCI STATE 2.4 Energy               -54.780850766117

 Properties without orbital relaxation:

 !MRCI STATE 2.4 Dipole moment          0.00000000     0.00000000    -1.59790115
 Dipole moment /Debye                   0.00000000     0.00000000    -4.06145962

 Cluster corrected energies           -54.78689669 (Davidson, fixed reference)
 Cluster corrected energies           -54.78687016 (Davidson, relaxed reference)
 Cluster corrected energies           -54.78689669 (Davidson, rotated reference)

 Cluster corrected energies           -54.78387217 (Pople, fixed reference)
 Cluster corrected energies           -54.78385893 (Pople, relaxed reference)
 Cluster corrected energies           -54.78387217 (Pople, rotated reference)



 RESULTS FOR STATE 3.4
 =====================

 Coefficient of reference function:   C(0) = 0.97355052 (fixed)   0.97355984 (relaxed)   0.97355052 (rotated)

 Energy contributions of configuration classes

 CLASS          SQ.NORM        ECORR1        ECORR2
 +++++++++++++++++++++++++++++++++++++++++++++++++++
 Internals    0.00001916    0.00000000   -0.00000273
 Singles      0.03417701   -0.05926848   -0.06104078
 Pairs        0.02087806   -0.09094209   -0.08916706
 Total        1.05507424   -0.15021057   -0.15021057
 +++++++++++++++++++++++++++++++++++++++++++++++++++


 Reference energy                     -54.53416236
 Nuclear energy                         4.07059393
 Kinetic energy                        55.03518890
 One electron energy                  -80.10724698
 Two electron energy                   21.35228012
 Virial quotient                       -0.99362561
 Correlation energy                    -0.15021057
 !MRCI STATE 3.4 Energy               -54.684372930407

 Properties without orbital relaxation:

 !MRCI STATE 3.4 Dipole moment          0.00000000     0.00000000    -1.45478521
 Dipole moment /Debye                   0.00000000     0.00000000    -3.69769517

 Cluster corrected energies           -54.69264566 (Davidson, fixed reference)
 Cluster corrected energies           -54.69264263 (Davidson, relaxed reference)
 Cluster corrected energies           -54.69264566 (Davidson, rotated reference)

 Cluster corrected energies           -54.68850616 (Pople, fixed reference)
 Cluster corrected energies           -54.68850465 (Pople, relaxed reference)
 Cluster corrected energies           -54.68850616 (Pople, rotated reference)


 !MRCI trans          <2.4|DMZ|1.4>    -0.493206900368 au =    -1.253606899565 Debye

 !MRCI trans          <3.4|DMZ|1.4>     0.000001040100 au =     0.000002643672 Debye

 !MRCI trans          <3.4|DMZ|2.4>    -0.000005078316 au =    -0.000012907791 Debye


 **********************************************************************************************************************************
 DATASETS  * FILE   NREC   LENGTH (MB)   RECORD NAMES
              1      21      255.57       500      700      610      701      900      950      970     1000      129      960   
                                          VAR     GEOM    BASINP    GEOM    SYMINP    ZMAT    AOBASIS   BASIS     P2S    ABASIS    
                                         1100     1400     1410     1200     1210     1080     1600     1650     1300     1700   
                                           S        T        V       H0       H01     AOSYM     SMH    MOLCAS    ERIS     OPER   
                                         1380   
                                         JKOP   

              2       8       17.69       500      610      700     1000      520     2100     2140      701   
                                          VAR    BASINP    GEOM     BASIS   MCVARS     RHF     MCSCF    GEOM   

 PROGRAMS   *        TOTAL        CI     MULTI       INT        CI     MULTI       INT        CI     MULTI       INT        CI
 CPU TIMES  *       202.76     11.28      1.21      8.45     11.23      1.21      8.40     11.17      1.19      8.36     11.19
 REAL TIME  *       216.66 SEC
 DISK USED  *       787.46 MB
 **********************************************************************************************************************************
 SETTING E1(10)         =       -55.13368112  AU                              
 SETTING E2(10)         =       -54.78085077  AU                              
 SETTING E3(10)         =       -54.68437293  AU                              

 DO I                   =        11.00000000   


 Using spherical harmonics

 Library entry N      S aug-cc-pV5Z          selected for orbital group  1
 Library entry N      P aug-cc-pV5Z          selected for orbital group  1
 Library entry N      D aug-cc-pV5Z          selected for orbital group  1
 Library entry N      F aug-cc-pV5Z          selected for orbital group  1
 Library entry N      G aug-cc-pV5Z          selected for orbital group  1
 Library entry N      H aug-cc-pV5Z          selected for orbital group  1
 Library entry H      S aug-cc-pV5Z          selected for orbital group  2
 Library entry H      P aug-cc-pV5Z          selected for orbital group  2
 Library entry H      D aug-cc-pV5Z          selected for orbital group  2
 Library entry H      F aug-cc-pV5Z          selected for orbital group  2
 Library entry H      G aug-cc-pV5Z          selected for orbital group  2


 PROGRAM * SEWARD (Integral evaluation for generally contracted gaussian basis sets)     Author: Roland Lindh, 1990

 Geometry written to block  1 of record 701

 Orientation using atomic masses  
 Molecule type: Linear
 Symmetry elements: X,Y
 Rotational constants:     663.5544815    663.5544815      0.0000000 GHz  (calculated with average atomic masses)

 Point group  C2v 



 ATOMIC COORDINATES

 NR  ATOM    CHARGE       X              Y              Z

   1  N       7.00    0.000000000    0.000000000   -0.114172401
   2  H       1.00    0.000000000    0.000000000    1.586581111

 Bond lengths in Bohr (Angstrom)

 1-2  1.700753512
     ( 0.900000000)

 NUCLEAR CHARGE:                    8
 NUMBER OF PRIMITIVE AOS:         307
 NUMBER OF SYMMETRY AOS:          227
 NUMBER OF CONTRACTIONS:          207   (   77A1  +   50B1  +   50B2  +   30A2  )
 NUMBER OF INNER CORE ORBITALS:     0   (    0A1  +    0B1  +    0B2  +    0A2  )
 NUMBER OF OUTER CORE ORBITALS:     1   (    1A1  +    0B1  +    0B2  +    0A2  )
 NUMBER OF VALENCE ORBITALS:        5   (    3A1  +    1B1  +    1B2  +    0A2  )


 NUCLEAR REPULSION ENERGY    4.11582275

 EXTRA SYMMETRY OF AOS IN SYMMETRY 1:   1 1 1 1 1 1 1 1 1 1   1 1 1 1 2 1 2 1 2 1   2 1 2 1 2 1 2 1 2 1   2 1 3 2 1 3 2 1 3 2
                                        2 3 1 2 3 1 1 1 1 1   1 1 1 1 1 1 1 1 2 1   2 1 2 1 2 1 2 1 2 1   2 1 3 2 1 3 2
 EXTRA SYMMETRY OF AOS IN SYMMETRY 2:   1 1 1 1 1 1 1 1 1 1   1 1 2 1 2 1 2 1 2 1   2 1 2 1 2 1 2 3 1 2   3 1 1 1 1 1 1 1 1 1
                                        1 2 1 2 1 2 1 2 1 2
 EXTRA SYMMETRY OF AOS IN SYMMETRY 3:   1 1 1 1 1 1 1 1 1 1   1 1 2 1 2 1 2 1 2 1   2 1 2 1 2 1 2 3 1 2   3 1 1 1 1 1 1 1 1 1
                                        1 2 1 2 1 2 1 2 1 2
 EXTRA SYMMETRY OF AOS IN SYMMETRY 4:   1 1 1 1 1 1 1 1 1 1   2 1 2 1 2 2 1 2 1 1   1 1 1 1 1 1 1 2 1 2

 Eigenvalues of metric

         1 0.109E-04 0.700E-04 0.211E-03 0.216E-03 0.422E-03 0.519E-03 0.995E-03 0.206E-02
         2 0.170E-03 0.866E-03 0.247E-02 0.466E-02 0.648E-02 0.146E-01 0.211E-01 0.271E-01
         3 0.170E-03 0.866E-03 0.247E-02 0.466E-02 0.648E-02 0.146E-01 0.211E-01 0.271E-01
         4 0.206E-02 0.111E-01 0.290E-01 0.485E-01 0.838E-01 0.105E+00 0.189E+00 0.200E+00


 Contracted 2-electron integrals neglected if value below      1.0D-12
 AO integral compression algorithm  1   Integral accuracy      1.0D-12

     289.931 MB (compressed) written to integral file ( 51.4%)


 NUMBER OF SORTED TWO-ELECTRON INTEGRALS:   59167011.     BUFFER LENGTH:  32768
 NUMBER OF SEGMENTS:   4  SEGMENT LENGTH:   15999984      RECORD LENGTH: 524288

 Memory used in sort:      16.56 MW

 SORT1 READ    70490039. AND WROTE    39593931. INTEGRALS IN    116 RECORDS. CPU TIME:     0.75 SEC, REAL TIME:     0.88 SEC
 SORT2 READ    39593931. AND WROTE    59167011. INTEGRALS IN   1106 RECORDS. CPU TIME:     0.65 SEC, REAL TIME:     0.74 SEC

 FILE SIZES:   FILE 1:   321.0 MBYTE,  FILE 4:   486.6 MBYTE,   TOTAL:    807.6 MBYTE

 OPERATOR DM      FOR CENTER  0  COORDINATES:    0.000000    0.000000    0.000000


 **********************************************************************************************************************************
 DATASETS  * FILE   NREC   LENGTH (MB)   RECORD NAMES
              1      20      253.03       500      700      610      701      900      950      970     1000      129      960   
                                          VAR     GEOM    BASINP    GEOM    SYMINP    ZMAT    AOBASIS   BASIS     P2S    ABASIS    
                                         1100     1400     1410     1200     1210     1080     1600     1650     1300     1700   
                                           S        T        V       H0       H01     AOSYM     SMH    MOLCAS    ERIS     OPER   

              2       8       17.69       500      610      700     1000      520     2100     2140      701   
                                          VAR    BASINP    GEOM     BASIS   MCVARS     RHF     MCSCF    GEOM   

 PROGRAMS   *        TOTAL       INT        CI     MULTI       INT        CI     MULTI       INT        CI     MULTI       INT
 CPU TIMES  *       211.23      8.46     11.28      1.21      8.45     11.23      1.21      8.40     11.17      1.19      8.36
 REAL TIME  *       225.49 SEC
 DISK USED  *       787.96 MB
 **********************************************************************************************************************************

 PROGRAM * MULTI (Direct Multiconfiguration SCF)       Authors: P.J. Knowles, H.-J. Werner (1984)
                                                                D.A. Kreplin, P.J. Knowles, H.-J. Werner (2019)

 Number of closed-shell orbitals:   1 (   1   0   0   0 )
 Number of active  orbitals:        5 (   3   1   1   0 )
 Number of external orbitals:     201 (  73  49  49  30 )

 State symmetry 1

 Number of active electrons:   6    Spin symmetry=Triplet   Space symmetry=4
 Number of states:             4
 Number of CSFs:              12   (15 determinants, 50 intermediate states)

 Molecular orbitals read from record     2140.2  Type=MCSCF/NATURAL (state averaged)

 EXTRA SYMMETRY OF MOS IN SYMMETRY 1:   1 1 1 1 1 1 1 2 1 1   1 1 2 1 1 2 1 1 2 1   2 1 1 1 3 2 1 2 1 1   2 1 2 3 1 1 2 1 1 1
                                        2 3 2 1 3 2 1 1 2 2   1 1 1 2 1 1 2 3 1 3   1 2 1 2 3 1 2 1 2 1   2 1 2 1 1 1 1
 EXTRA SYMMETRY OF MOS IN SYMMETRY 2:   1 1 1 1 1 1 2 1 1 1   2 1 1 1 2 1 1 2 1 2   1 1 1 2 3 1 1 2 2 1   1 2 1 1 1 2 3 1 1 1
                                        2 2 1 2 2 1 1 1 1 1
 EXTRA SYMMETRY OF MOS IN SYMMETRY 3:   1 1 1 1 1 1 2 1 1 1   2 1 1 1 2 1 1 2 1 2   1 1 1 2 3 1 1 2 2 1   1 2 1 1 1 2 3 1 1 1
                                        2 2 1 2 2 1 1 1 1 1
 EXTRA SYMMETRY OF MOS IN SYMMETRY 4:   1 1 1 1 1 2 1 1 1 1   2 1 1 2 1 2 1 1 1 1   1 2 2 1 1 2 1 1 1 1

 Wavefunction dump at record             2140.2

 Convergence thresholds  0.10E-04 (gradient)  0.10E-05 (energy)

 Weight factors for state symmetry  1:    0.25000   0.25000   0.25000   0.25000
 
 Number of orbital rotations:  393  ( 3 closed/active, 73 closed/virtual, 0 active/active, 317 active/virtual )
 Total number of variables:    453
 
  Second-order MCSCF: L-BFGS accelerated
 
 ITER  MIC  NCI  NEG     ENERGY(VAR)    ENERGY(PROJ) ENERGY CHANGE       GRAD(0)  GRAD(ORB)   GRAD(CI)      STEP      TIME
   1    5    4    0    -54.65497835     -54.65501942   -0.00004107    0.01379821 0.00000402 0.00000000  0.10E-01      0.34
   2    6    5    0    -54.65501938     -54.65501938   -0.00000000    0.00001600 0.00000000 0.00000000  0.31E-04      0.69
   3    3    2    0    -54.65501938     -54.65501938    0.00000000    0.00000000 0.00000000 0.00000000  0.49E-09      1.00

 CONVERGENCE REACHED!  Final gradient:    0.00000000 ( 0.44E-11)
                       Final energy:    -54.65501938
 
 Results for state 1.4
 =====================
 !MCSCF STATE 1.4 Energy                       -54.933439717860
 Nuclear energy                                  4.11582275
 Kinetic energy                                 56.10735394
 One electron energy                           -83.38554236
 Two electron energy                            24.33627989
 Virial ratio                                    1.97907736
 
 !MCSCF STATE 1.4 Dipole moment                  0.00000000     0.00000000     0.80333790
 Dipole moment /Debye                            0.00000000     0.00000000     2.04188128
 
 Results for state 2.4
 =====================
 !MCSCF STATE 2.4 Energy                       -54.644474250841
 Nuclear energy                                  4.11582275
 Kinetic energy                                 54.60395767
 One electron energy                           -80.01189216
 Two electron energy                            21.25159516
 Virial ratio                                    2.00074201
 
 !MCSCF STATE 2.4 Dipole moment                  0.00000000     0.00000000    -1.70144966
 Dipole moment /Debye                            0.00000000     0.00000000    -4.32465368
 
 Results for state 3.4
 =====================
 !MCSCF STATE 3.4 Energy                       -54.529902382576
 Nuclear energy                                  4.11582275
 Kinetic energy                                 54.64948469
 One electron energy                           -80.01833798
 Two electron energy                            21.37261284
 Virial ratio                                    1.99781183
 
 !MCSCF STATE 3.4 Dipole moment                  0.00000000     0.00000000    -1.58203171
 Dipole moment /Debye                            0.00000000     0.00000000    -4.02112352
 
 Results for state 4.4
 =====================
 !MCSCF STATE 4.4 Energy                       -54.512261168794
 Nuclear energy                                  4.11582275
 Kinetic energy                                 54.69999786
 One electron energy                           -80.02457003
 Two electron energy                            21.39648611
 Virial ratio                                    1.99656788
 
 !MCSCF STATE 4.4 Dipole moment                  0.00000000     0.00000000    -1.38216201
 Dipole moment /Debye                            0.00000000     0.00000000    -3.51310542
 
 State-averaged charge density matrix saved on record 2140.2 (density set 1)
 
 Expectation values: (only non-zero values are shown)
 
 !MCSCF expec                       <1.4|DMZ|1.4>     0.803337903565 au =     2.041881283169 Debye
 !MCSCF expec                       <2.4|DMZ|2.4>    -1.701449663856 au =    -4.324653682422 Debye
 !MCSCF expec                       <3.4|DMZ|3.4>    -1.582031708621 au =    -4.021123515869 Debye
 !MCSCF expec                       <4.4|DMZ|4.4>    -1.382162010869 au =    -3.513105416510 Debye
 
 Transition values: (only non-zero values with the ground state are shown)
 
 !MCSCF trans                       <1.4|DMZ|2.4>    -0.379985900911 au =    -0.965827823503 Debye
 !MCSCF trans                       <1.4|DMZ|4.4>     0.371015022841 au =     0.943026125808 Debye
 

 EXTRA SYMMETRY OF MOS IN SYMMETRY 1:   1 1 1 1 1 1 1 2 1 1   1 1 2 1 1 2 1 1 2 1   2 1 1 1 3 2 1 2 1 1   2 1 2 3 1 1 2 1 1 1
                                        2 3 2 1 2 3 1 1 2 2   1 1 1 2 1 1 2 3 1 3   1 2 1 2 3 1 2 1 2 1   2 1 2 1 1 1 1
 EXTRA SYMMETRY OF MOS IN SYMMETRY 4:   1 1 1 1 1 2 1 1 1 1   2 1 1 2 1 1 2 1 1 1   1 2 2 1 1 2 1 1 1 1
 
 Natural orbital dump (state averaged) at molpro section 2140.2 (Orbital set 2)
 
 Reoptimze the CI vectors with natural orbitals 
 
 CI Coefficients of symmetry 4
 =============================
 
 220 a a        0.99713361     -0.01682028     -0.00000000      0.03260886
 2ab a a        0.02039735      0.86061288     -0.00000000     -0.00423731
 2ba a a       -0.03456986     -0.28130530     -0.00000000      0.81236092
 2aa b a        0.00708625     -0.28965379      0.70691555     -0.40406181
 2aa a b        0.00708625     -0.28965379     -0.70691555     -0.40406181
 a2b a a        0.05403845     -0.08999567     -0.00000000      0.01964814
 b2a a a       -0.01786031      0.03404263     -0.00000000      0.08135340
 a2a a b       -0.01808907      0.02797652      0.00364298     -0.05050077
 a2a b a       -0.01808907      0.02797652     -0.00364298     -0.05050077
 
 Energy:      -54.93343972    -54.64447425    -54.52990238    -54.51226117
 


 **********************************************************************************************************************************
 DATASETS  * FILE   NREC   LENGTH (MB)   RECORD NAMES
              1      21      255.95       500      700      610      701      900      950      970     1000      129      960   
                                          VAR     GEOM    BASINP    GEOM    SYMINP    ZMAT    AOBASIS   BASIS     P2S    ABASIS    
                                         1100     1400     1410     1200     1210     1080     1600     1650     1300     1700   
                                           S        T        V       H0       H01     AOSYM     SMH    MOLCAS    ERIS     OPER   
                                         1380   
                                         JKOP   

              2       8       17.69       500      610      700     1000      520     2100     2140      701   
                                          VAR    BASINP    GEOM     BASIS   MCVARS     RHF     MCSCF    GEOM   

 PROGRAMS   *        TOTAL     MULTI       INT        CI     MULTI       INT        CI     MULTI       INT        CI     MULTI
 CPU TIMES  *       212.43      1.19      8.46     11.28      1.21      8.45     11.23      1.21      8.40     11.17      1.19
 REAL TIME  *       226.83 SEC
 DISK USED  *       787.96 MB
 **********************************************************************************************************************************


 PROGRAM * CI (Multireference internally contracted CI)     Authors: H.-J. Werner, P.J. Knowles, 1987


 Convergence thresholds:  THRVAR = 1.00D-08  THRDEN = 1.00D-06

 Number of optimized states: 3  Roots:    1   2   3
 Number of reference states: 3  Roots:    1   2   3

 Program parameters:       NSTATE=  3    NSTATI=  5    NSTATR=  3    NCEPA = -1    NOKOP =  0    ITRDM =  0    ITRANS=  0
                           IDIP  =200    MAXIT =250    MAXITI=250    MAXDAV=  9    MAXVI = 15    NOSING=  0    NOPAIR=  0
                           MXSHRF=  4    IKCPS =  0    IOPTGM=  2    IOPTOR=  0    REFOPT=  1    IAVDEN=  0    IDELCG=  1
                           IREST =  0    NATORB=  0    IPUNRF=  0    ISEP  =  0    OLDDEN=  0    NSTPRI=  1    GPSFLI= -1
                           CLUSTE=  0    CLOSED=  1    ILSTYP=  0    ITRLS =  0    ICCSD =  0    LOCAL =  0    IBASO =  0
                           MP    =  0    ITEDIS=  2    INCDIS=  1    MAXDIS=  6    ITYDIS=  1    BRUECK=  0    IBRSTR=  3
                           INCBRK=  1    TRIPLE=  0    ICCTYP=  2    IHPPD =  0    ICCNEW=  0    I3EXT = -1    IDEB  =  0
                           IDLEIG=  1    IDFTYP=  1    IMP3  =  0    IPROCS=  0    NOINT =  0    NOREF =  1    IMP2G =  0
                           IHINT =  0    IFDIA =  0    ISPARO=  1    JKSYM =  0    CPHF  =  0    MP2D  = -1    DKINT =  0
                           NPKEX =  1    DRVK  =  1    HLSTRA=  1    WIGNER=  1    DIIS_C=  1    MAXIT_= 50    MATEL =  0
                           SPDEG =  1    MEMCPH=  0    DISM  =  1    KDCPMA=  5    IKDCP_=  0    IREDTH=  0    USECS =  0
                           IPROCC=  0    I3SAVE=  1    IKDCP =  1    USECI =  0    OLDPAI=  0    IPROCI=  0    KEEPCL=  1
                           DISCON=  0    SHIFTE=  0    DIISIN=  0    MOLCAS=  0    MEM_PT=  0    RECORD=  0    RS2C  =  0
                           KEXT  = -1    CIPT2 =  0    DECP0S=  0    I4EXT = -1    NATCOR=  0    RIMP2 =  0    DDCI  = -1
                           IPOLAR=  0

 Reference symmetry:                   4   Triplet 
 Number of electrons:                  8
 Maximum number of shells:             3
 Maximum number of spin couplings:     9

 Reference space:        6 conf       12 CSFs
 N elec internal:       35 conf       45 CSFs
 N-1 el internal:       48 conf       96 CSFs
 N-2 el internal:       26 conf      102 CSFs

 Number of electrons in valence space:                      6
 Maximum number of open shell orbitals in reference space:  4
 Maximum number of open shell orbitals in internal spaces:  6


 Number of core orbitals:           1 (   1   0   0   0 )
 Number of active  orbitals:        5 (   3   1   1   0 )
 Number of external orbitals:     201 (  73  49  49  30 )

 Molecular orbitals read from record     2140.2  Type=MCSCF/NATURAL (state averaged)

 Valence orbitals related to previous ones by unitary transformation. Operators transformed.


 Number of p-space configurations:   5

 Reference wavefunction optimized for reference space (refopt=1)

 State     Reference Energy 
     1       -54.93343972
     2       -54.64447425
     3       -54.52990238
     4       -54.51226117
     5       -54.17508406

 Number of blocks in overlap matrix:    13   Smallest eigenvalue:  0.40D-05
 Number of N-2 electron functions:      60
 Number of N-1 electron functions:      96

 Number of internal configurations:                   12
 Number of singly external configurations:          4953
 Number of doubly external configurations:        311592
 Total number of contracted configurations:       316557
 Total number of uncontracted configurations:     529947

 Diagonal Coupling coefficients finished.               Storage:    8081 words, CPU-Time:      0.00 seconds.
 Energy denominators for pairs finished in 1 passes.    Storage:  127229 words, CPU-time:      0.00 seconds.

  ITER. STATE  ROOT     SQ.NORM     CORR.ENERGY   TOTAL ENERGY   ENERGY CHANGE       DEN1      VAR(S)    VAR(P)      TIME
    1     1     1     1.00000000     0.00000000   -54.93343972     0.00000000    -0.21232968  0.69D-01  0.21D-01     0.15
    1     2     2     1.00000000     0.00000000   -54.64447425     0.00000000    -0.12565770  0.25D-01  0.14D-01     0.15
    1     3     3     1.00000000     0.00000000   -54.52990238    -0.00000000    -0.14699431  0.27D-01  0.17D-01     0.15
    2     1     1     1.06940564    -0.18612851   -55.11956823    -0.18612851    -0.00971130  0.21D-02  0.13D-02     1.31
    2     2     2     1.04147463    -0.12944142   -54.77391567    -0.12944142    -0.00252803  0.40D-03  0.38D-03     1.31
    2     3     3     1.04363121    -0.14588845   -54.67579083    -0.14588845    -0.00312276  0.65D-03  0.43D-03     1.31
    3     1     1     1.06938709    -0.19651168   -55.12995140    -0.01038317    -0.00060618  0.72D-04  0.98D-04     2.48
    3     2     2     1.04323588    -0.13238269   -54.77685694    -0.00294127    -0.00020702  0.36D-04  0.37D-04     2.48
    3     3     3     1.04720258    -0.14945624   -54.67935862    -0.00356780    -0.00024310  0.11D-03  0.35D-04     2.48
    4     1     1     1.07179091    -0.19732242   -55.13076214    -0.00081074    -0.00005995  0.53D-05  0.10D-04     3.65
    4     2     2     1.04457903    -0.13267669   -54.77715094    -0.00029400    -0.00003195  0.48D-05  0.55D-05     3.65
    4     3     3     1.05058507    -0.14983098   -54.67973336    -0.00037474    -0.00004983  0.24D-04  0.73D-05     3.65
    5     1     1     1.07247882    -0.19740534   -55.13084506    -0.00008292    -0.00000639  0.72D-06  0.11D-05     4.82
    5     2     2     1.04460453    -0.13272212   -54.77719637    -0.00004543    -0.00000550  0.85D-06  0.95D-06     4.82
    5     3     3     1.05202418    -0.14991472   -54.67981710    -0.00008374    -0.00001312  0.97D-05  0.17D-05     4.82
    6     1     1     1.07241737    -0.19741384   -55.13085356    -0.00000850    -0.00000085  0.86D-07  0.13D-06     5.98
    6     2     2     1.04454504    -0.13273006   -54.77720431    -0.00000794    -0.00000117  0.14D-06  0.22D-06     5.98
    6     3     3     1.05276556    -0.14993727   -54.67983965    -0.00002255    -0.00000600  0.64D-05  0.65D-06     5.98
    7     1     1     1.07244919    -0.19741491   -55.13085463    -0.00000107    -0.00000012  0.12D-07  0.19D-07     7.15
    7     2     2     1.04456802    -0.13273151   -54.77720576    -0.00000146    -0.00000027  0.49D-07  0.48D-07     7.15
    7     3     3     1.05353289    -0.14994774   -54.67985012    -0.00001047    -0.00000366  0.24D-05  0.41D-06     7.15
    8     1     1     1.07245897    -0.19741506   -55.13085478    -0.00000015    -0.00000002  0.20D-08  0.32D-08     8.32
    8     2     2     1.04456451    -0.13273184   -54.77720610    -0.00000033    -0.00000007  0.12D-07  0.12D-07     8.32
    8     3     3     1.05397603    -0.14995333   -54.67985571    -0.00000559    -0.00000175  0.15D-05  0.18D-06     8.32
    9     1     1     1.07245903    -0.19741507   -55.13085478    -0.00000000    -0.00000002  0.18D-08  0.31D-08     9.21
    9     2     2     1.04456510    -0.13273193   -54.77720618    -0.00000009    -0.00000002  0.28D-08  0.31D-08     9.21
    9     3     3     1.05519449    -0.14995844   -54.67986082    -0.00000511    -0.00000073  0.15D-06  0.12D-06     9.21
   10     1     1     1.07245903    -0.19741507   -55.13085478    -0.00000000    -0.00000002  0.18D-08  0.31D-08     9.86
   10     2     2     1.04456510    -0.13273193   -54.77720618    -0.00000000    -0.00000002  0.28D-08  0.31D-08     9.86
   10     3     3     1.05527170    -0.14995924   -54.67986162    -0.00000081    -0.00000010  0.47D-07  0.22D-07     9.86
   11     1     1     1.07245903    -0.19741507   -55.13085478    -0.00000000    -0.00000002  0.18D-08  0.31D-08    10.52
   11     2     2     1.04456510    -0.13273193   -54.77720618    -0.00000000    -0.00000002  0.28D-08  0.31D-08    10.52
   11     3     3     1.05538254    -0.14995940   -54.67986178    -0.00000016    -0.00000004  0.15D-07  0.95D-08    10.52
   12     1     1     1.07245903    -0.19741507   -55.13085478    -0.00000000    -0.00000002  0.18D-08  0.31D-08    11.17
   12     2     2     1.04456510    -0.13273193   -54.77720618    -0.00000000    -0.00000002  0.28D-08  0.31D-08    11.17
   12     3     3     1.05547948    -0.14995946   -54.67986184    -0.00000006    -0.00000001  0.17D-08  0.22D-08    11.17


 =====================================
 Analysis of CPU times by interactions
 =====================================

       I      S      P

 I   0.2%
 S   0.0%   0.4%
 P   0.3%   0.9%  28.5%

 Initialization:   1.3%
 Other:           68.5%

 Total CPU:       11.2 seconds
 =====================================



 gnormi=  0.93243656  gnorms=  0.04184270  gnormp=  0.02572075  gnorm=  1.00000000
 ecorri= -0.18407702  ecorrs= -0.00825732  ecorrp= -0.00508072  ecorr= -0.19741507

 gnormi=  0.95733621  gnorms=  0.02564177  gnormp=  0.01702201  gnorm=  1.00000000
 ecorri= -0.12706908  ecorrs= -0.00340354  ecorrp= -0.00225930  ecorr= -0.13273193

 gnormi=  0.94743671  gnorms=  0.03288987  gnormp=  0.01967342  gnorm=  1.00000000
 ecorri= -0.14207710  ecorrs= -0.00493274  ecorrp= -0.00294962  ecorr= -0.14995946

 Reference coefficients greater than 0.0500000
 =============================================
 220//           0.9643413  -0.0145151  -0.0000000
 2///\           0.0040603  -0.3257652   0.7945600
 2/\//           0.0285919   0.7931630  -0.0000042
 2//\/           0.0057421  -0.4607016  -0.5618461
 /2\//           0.0289972  -0.0771364  -0.0000002

 Coefficients of singly external configurations greater than 0.0500000
 =====================================================================

 2/0/\  11.1     0.0530429   0.0036929   0.0000001
 2200/   2.2    -0.0323851   0.0007110  -0.0512262
 220/0   2.3     0.0323850  -0.0007117  -0.0512259

 Coefficients of fixed reference functions:
 ==========================================

 State      Coefficients
 1           0.965309   -0.001089    0.000000
 2           0.002780    0.978342   -0.000000
 3          -0.000000    0.000000    0.973355

 Coefficients of rotated reference functions:
 ============================================

 State      Coefficients
 1           0.965309    0.000833   -0.000000
 2           0.000833    0.978346    0.000000
 3          -0.000000    0.000000    0.973355


 RESULTS FOR STATE 1.4
 =====================

 Coefficient of reference function:   C(0) = 0.96530857 (fixed)   0.96562755 (relaxed)   0.96530882 (rotated)

 Energy contributions of configuration classes

 CLASS          SQ.NORM        ECORR1        ECORR2
 +++++++++++++++++++++++++++++++++++++++++++++++++++
 Internals    0.00066046   -0.00000050   -0.11402882
 Singles      0.04490422   -0.07517343   -0.07830551
 Pairs        0.02760267   -0.00000001   -0.00508073
 Total        1.07316734   -0.07517394   -0.19741507
 +++++++++++++++++++++++++++++++++++++++++++++++++++


 Reference energy                     -54.93343857
 Nuclear energy                         4.11582275
 Kinetic energy                        55.48928651
 One electron energy                  -82.55580382
 Two electron energy                   23.30912629
 Virial quotient                       -0.99354052
 Correlation energy                    -0.19741621
 !MRCI STATE 1.4 Energy               -55.130854784501

 Properties without orbital relaxation:

 !MRCI STATE 1.4 Dipole moment          0.00000000     0.00000000     0.65230701
 Dipole moment /Debye                   0.00000000     0.00000000     1.65799904

 Cluster corrected energies           -55.14529920 (Davidson, fixed reference)
 Cluster corrected energies           -55.14515937 (Davidson, relaxed reference)
 Cluster corrected energies           -55.14529920 (Davidson, rotated reference)

 Cluster corrected energies           -55.13806735 (Pople, fixed reference)
 Cluster corrected energies           -55.13799771 (Pople, relaxed reference)
 Cluster corrected energies           -55.13806735 (Pople, rotated reference)



 RESULTS FOR STATE 2.4
 =====================

 Coefficient of reference function:   C(0) = 0.97834239 (fixed)   0.97843560 (relaxed)   0.97834598 (rotated)

 Energy contributions of configuration classes

 CLASS          SQ.NORM        ECORR1        ECORR2
 +++++++++++++++++++++++++++++++++++++++++++++++++++
 Internals    0.00018320   -0.00000049   -0.07802460
 Singles      0.02678941   -0.05123954   -0.05244803
 Pairs        0.01778386    0.00000000   -0.00225930
 Total        1.04475646   -0.05124003   -0.13273193
 +++++++++++++++++++++++++++++++++++++++++++++++++++


 Reference energy                     -54.64447540
 Nuclear energy                         4.11582275
 Kinetic energy                        55.09407333
 One electron energy                  -80.21701404
 Two electron energy                   21.32398511
 Virial quotient                       -0.99424862
 Correlation energy                    -0.13273079
 !MRCI STATE 2.4 Energy               -54.777206181883

 Properties without orbital relaxation:

 !MRCI STATE 2.4 Dipole moment          0.00000000     0.00000000    -1.59281460
 Dipole moment /Debye                   0.00000000     0.00000000    -4.04853090

 Cluster corrected energies           -54.78314674 (Davidson, fixed reference)
 Cluster corrected energies           -54.78312134 (Davidson, relaxed reference)
 Cluster corrected energies           -54.78314674 (Davidson, rotated reference)

 Cluster corrected energies           -54.78017498 (Pople, fixed reference)
 Cluster corrected energies           -54.78016230 (Pople, relaxed reference)
 Cluster corrected energies           -54.78017498 (Pople, rotated reference)



 RESULTS FOR STATE 3.4
 =====================

 Coefficient of reference function:   C(0) = 0.97335490 (fixed)   0.97336361 (relaxed)   0.97335490 (rotated)

 Energy contributions of configuration classes

 CLASS          SQ.NORM        ECORR1        ECORR2
 +++++++++++++++++++++++++++++++++++++++++++++++++++
 Internals    0.00001789   -0.00000000   -0.00000254
 Singles      0.03471521   -0.05906132   -0.06088860
 Pairs        0.02076526   -0.09089814   -0.08906831
 Total        1.05549835   -0.14995946   -0.14995946
 +++++++++++++++++++++++++++++++++++++++++++++++++++


 Reference energy                     -54.52990238
 Nuclear energy                         4.11582275
 Kinetic energy                        55.04963676
 One electron energy                  -80.16141874
 Two electron energy                   21.36573415
 Virial quotient                       -0.99328288
 Correlation energy                    -0.14995946
 !MRCI STATE 3.4 Energy               -54.679861841537

 Properties without orbital relaxation:

 !MRCI STATE 3.4 Dipole moment          0.00000000     0.00000000    -1.44157589
 Dipole moment /Debye                   0.00000000     0.00000000    -3.66412043

 Cluster corrected energies           -54.68818434 (Davidson, fixed reference)
 Cluster corrected energies           -54.68818151 (Davidson, relaxed reference)
 Cluster corrected energies           -54.68818434 (Davidson, rotated reference)

 Cluster corrected energies           -54.68401989 (Pople, fixed reference)
 Cluster corrected energies           -54.68401848 (Pople, relaxed reference)
 Cluster corrected energies           -54.68401989 (Pople, rotated reference)


 !MRCI trans          <2.4|DMZ|1.4>    -0.481408308221 au =    -1.223617869587 Debye

 !MRCI trans          <3.4|DMZ|1.4>     0.000001762726 au =     0.000004480402 Debye

 !MRCI trans          <3.4|DMZ|2.4>    -0.000006745626 au =    -0.000017145671 Debye


 **********************************************************************************************************************************
 DATASETS  * FILE   NREC   LENGTH (MB)   RECORD NAMES
              1      21      255.95       500      700      610      701      900      950      970     1000      129      960   
                                          VAR     GEOM    BASINP    GEOM    SYMINP    ZMAT    AOBASIS   BASIS     P2S    ABASIS    
                                         1100     1400     1410     1200     1210     1080     1600     1650     1300     1700   
                                           S        T        V       H0       H01     AOSYM     SMH    MOLCAS    ERIS     OPER   
                                         1380   
                                         JKOP   

              2       8       17.69       500      610      700     1000      520     2100     2140      701   
                                          VAR    BASINP    GEOM     BASIS   MCVARS     RHF     MCSCF    GEOM   

 PROGRAMS   *        TOTAL        CI     MULTI       INT        CI     MULTI       INT        CI     MULTI       INT        CI
 CPU TIMES  *       223.66     11.23      1.19      8.46     11.28      1.21      8.45     11.23      1.21      8.40     11.17
 REAL TIME  *       238.97 SEC
 DISK USED  *       787.96 MB
 **********************************************************************************************************************************
 SETTING E1(11)         =       -55.13085478  AU                              
 SETTING E2(11)         =       -54.77720618  AU                              
 SETTING E3(11)         =       -54.67986184  AU                              

 DO I                   =        12.00000000   


 Using spherical harmonics

 Library entry N      S aug-cc-pV5Z          selected for orbital group  1
 Library entry N      P aug-cc-pV5Z          selected for orbital group  1
 Library entry N      D aug-cc-pV5Z          selected for orbital group  1
 Library entry N      F aug-cc-pV5Z          selected for orbital group  1
 Library entry N      G aug-cc-pV5Z          selected for orbital group  1
 Library entry N      H aug-cc-pV5Z          selected for orbital group  1
 Library entry H      S aug-cc-pV5Z          selected for orbital group  2
 Library entry H      P aug-cc-pV5Z          selected for orbital group  2
 Library entry H      D aug-cc-pV5Z          selected for orbital group  2
 Library entry H      F aug-cc-pV5Z          selected for orbital group  2
 Library entry H      G aug-cc-pV5Z          selected for orbital group  2


 PROGRAM * SEWARD (Integral evaluation for generally contracted gaussian basis sets)     Author: Roland Lindh, 1990

 Geometry written to block  1 of record 701

 Orientation using atomic masses  
 Molecule type: Linear
 Symmetry elements: X,Y
 Rotational constants:     694.0587939    694.0587939      0.0000000 GHz  (calculated with average atomic masses)

 Point group  C2v 



 ATOMIC COORDINATES

 NR  ATOM    CHARGE       X              Y              Z

   1  N       7.00    0.000000000    0.000000000   -0.111635236
   2  H       1.00    0.000000000    0.000000000    1.551323753

 Bond lengths in Bohr (Angstrom)

 1-2  1.662958990
     ( 0.880000000)

 NUCLEAR CHARGE:                    8
 NUMBER OF PRIMITIVE AOS:         307
 NUMBER OF SYMMETRY AOS:          227
 NUMBER OF CONTRACTIONS:          207   (   77A1  +   50B1  +   50B2  +   30A2  )
 NUMBER OF INNER CORE ORBITALS:     0   (    0A1  +    0B1  +    0B2  +    0A2  )
 NUMBER OF OUTER CORE ORBITALS:     1   (    1A1  +    0B1  +    0B2  +    0A2  )
 NUMBER OF VALENCE ORBITALS:        5   (    3A1  +    1B1  +    1B2  +    0A2  )


 NUCLEAR REPULSION ENERGY    4.20936418

 EXTRA SYMMETRY OF AOS IN SYMMETRY 1:   1 1 1 1 1 1 1 1 1 1   1 1 1 1 2 1 2 1 2 1   2 1 2 1 2 1 2 1 2 1   2 1 3 2 1 3 2 1 3 2
                                        2 3 1 2 3 1 1 1 1 1   1 1 1 1 1 1 1 1 2 1   2 1 2 1 2 1 2 1 2 1   2 1 3 2 1 3 2
 EXTRA SYMMETRY OF AOS IN SYMMETRY 2:   1 1 1 1 1 1 1 1 1 1   1 1 2 1 2 1 2 1 2 1   2 1 2 1 2 1 2 3 1 2   3 1 1 1 1 1 1 1 1 1
                                        1 2 1 2 1 2 1 2 1 2
 EXTRA SYMMETRY OF AOS IN SYMMETRY 3:   1 1 1 1 1 1 1 1 1 1   1 1 2 1 2 1 2 1 2 1   2 1 2 1 2 1 2 3 1 2   3 1 1 1 1 1 1 1 1 1
                                        1 2 1 2 1 2 1 2 1 2
 EXTRA SYMMETRY OF AOS IN SYMMETRY 4:   1 1 1 1 1 1 1 1 1 1   2 1 2 1 2 2 1 2 1 1   1 1 1 1 1 1 1 2 1 2

 Eigenvalues of metric

         1 0.103E-04 0.680E-04 0.192E-03 0.211E-03 0.389E-03 0.476E-03 0.957E-03 0.192E-02
         2 0.151E-03 0.800E-03 0.232E-02 0.460E-02 0.619E-02 0.136E-01 0.198E-01 0.252E-01
         3 0.151E-03 0.800E-03 0.232E-02 0.460E-02 0.619E-02 0.136E-01 0.198E-01 0.252E-01
         4 0.192E-02 0.102E-01 0.266E-01 0.456E-01 0.827E-01 0.102E+00 0.186E+00 0.197E+00


 Contracted 2-electron integrals neglected if value below      1.0D-12
 AO integral compression algorithm  1   Integral accuracy      1.0D-12

     290.718 MB (compressed) written to integral file ( 51.5%)


 NUMBER OF SORTED TWO-ELECTRON INTEGRALS:   59167011.     BUFFER LENGTH:  32768
 NUMBER OF SEGMENTS:   4  SEGMENT LENGTH:   15999984      RECORD LENGTH: 524288

 Memory used in sort:      16.56 MW

 SORT1 READ    70490039. AND WROTE    39593927. INTEGRALS IN    116 RECORDS. CPU TIME:     0.75 SEC, REAL TIME:     0.88 SEC
 SORT2 READ    39593927. AND WROTE    59167011. INTEGRALS IN   1109 RECORDS. CPU TIME:     0.63 SEC, REAL TIME:     0.74 SEC

 FILE SIZES:   FILE 1:   321.8 MBYTE,  FILE 4:   486.6 MBYTE,   TOTAL:    808.4 MBYTE

 OPERATOR DM      FOR CENTER  0  COORDINATES:    0.000000    0.000000    0.000000


 **********************************************************************************************************************************
 DATASETS  * FILE   NREC   LENGTH (MB)   RECORD NAMES
              1      20      253.75       500      700      610      701      900      950      970     1000      129      960   
                                          VAR     GEOM    BASINP    GEOM    SYMINP    ZMAT    AOBASIS   BASIS     P2S    ABASIS    
                                         1100     1400     1410     1200     1210     1080     1600     1650     1300     1700   
                                           S        T        V       H0       H01     AOSYM     SMH    MOLCAS    ERIS     OPER   

              2       8       17.69       500      610      700     1000      520     2100     2140      701   
                                          VAR    BASINP    GEOM     BASIS   MCVARS     RHF     MCSCF    GEOM   

 PROGRAMS   *        TOTAL       INT        CI     MULTI       INT        CI     MULTI       INT        CI     MULTI       INT
 CPU TIMES  *       232.11      8.45     11.23      1.19      8.46     11.28      1.21      8.45     11.23      1.21      8.40
 REAL TIME  *       247.81 SEC
 DISK USED  *       788.71 MB
 **********************************************************************************************************************************

 PROGRAM * MULTI (Direct Multiconfiguration SCF)       Authors: P.J. Knowles, H.-J. Werner (1984)
                                                                D.A. Kreplin, P.J. Knowles, H.-J. Werner (2019)

 Number of closed-shell orbitals:   1 (   1   0   0   0 )
 Number of active  orbitals:        5 (   3   1   1   0 )
 Number of external orbitals:     201 (  73  49  49  30 )

 State symmetry 1

 Number of active electrons:   6    Spin symmetry=Triplet   Space symmetry=4
 Number of states:             4
 Number of CSFs:              12   (15 determinants, 50 intermediate states)

 Molecular orbitals read from record     2140.2  Type=MCSCF/NATURAL (state averaged)

 EXTRA SYMMETRY OF MOS IN SYMMETRY 1:   1 1 1 1 1 1 1 2 1 1   1 1 2 1 1 2 1 1 2 1   2 1 1 1 3 2 1 2 1 1   2 1 2 3 1 1 2 1 1 1
                                        2 3 2 1 2 3 1 1 2 2   1 1 1 2 1 1 2 3 1 3   1 2 1 2 3 1 2 1 2 1   2 1 2 1 1 1 1
 EXTRA SYMMETRY OF MOS IN SYMMETRY 2:   1 1 1 1 1 1 2 1 1 1   2 1 1 1 2 1 1 2 1 2   1 1 1 2 3 1 1 2 2 1   1 2 1 1 1 2 3 1 1 1
                                        2 2 1 2 2 1 1 1 1 1
 EXTRA SYMMETRY OF MOS IN SYMMETRY 3:   1 1 1 1 1 1 2 1 1 1   2 1 1 1 2 1 1 2 1 2   1 1 1 2 3 1 1 2 2 1   1 2 1 1 1 2 3 1 1 1
                                        2 2 1 2 2 1 1 1 1 1
 EXTRA SYMMETRY OF MOS IN SYMMETRY 4:   1 1 1 1 1 2 1 1 1 1   2 1 1 2 1 1 2 1 1 1   1 2 2 1 1 2 1 1 1 1

 Wavefunction dump at record             2140.2

 Convergence thresholds  0.10E-04 (gradient)  0.10E-05 (energy)

 Weight factors for state symmetry  1:    0.25000   0.25000   0.25000   0.25000
 
 Number of orbital rotations:  393  ( 3 closed/active, 73 closed/virtual, 0 active/active, 317 active/virtual )
 Total number of variables:    453
 
  Second-order MCSCF: L-BFGS accelerated
 
 ITER  MIC  NCI  NEG     ENERGY(VAR)    ENERGY(PROJ) ENERGY CHANGE       GRAD(0)  GRAD(ORB)   GRAD(CI)      STEP      TIME
   1    5    4    0    -54.64621339     -54.64637922   -0.00016583    0.02853804 0.00000675 0.00000000  0.20E-01      0.34
   2    9    7    0    -54.64637892     -54.64637893   -0.00000000    0.00006003 0.00000000 0.00000000  0.11E-03      0.70
   3    3    2    0    -54.64637893     -54.64637893    0.00000000    0.00000000 0.00000000 0.00000000  0.60E-08      1.02

 CONVERGENCE REACHED!  Final gradient:    0.00000000 ( 0.16E-10)
                       Final energy:    -54.64637893
 
 Results for state 1.4
 =====================
 !MCSCF STATE 1.4 Energy                       -54.926242008256
 Nuclear energy                                  4.20936418
 Kinetic energy                                 56.17434001
 One electron energy                           -83.55692572
 Two electron energy                            24.42131953
 Virial ratio                                    1.97778171
 
 !MCSCF STATE 1.4 Dipole moment                  0.00000000     0.00000000     0.80966522
 Dipole moment /Debye                            0.00000000     0.00000000     2.05796371
 
 Results for state 2.4
 =====================
 !MCSCF STATE 2.4 Energy                       -54.637174997926
 Nuclear energy                                  4.20936418
 Kinetic energy                                 54.64016010
 One electron energy                           -80.12933429
 Two electron energy                            21.28279511
 Virial ratio                                    1.99994537
 
 !MCSCF STATE 2.4 Dipole moment                  0.00000000     0.00000000    -1.68671319
 Dipole moment /Debye                            0.00000000     0.00000000    -4.28719730
 
 Results for state 3.4
 =====================
 !MCSCF STATE 3.4 Energy                       -54.520546559331
 Nuclear energy                                  4.20936418
 Kinetic energy                                 54.67902357
 One electron energy                           -80.13368252
 Two electron energy                            21.40377179
 Virial ratio                                    1.99710169
 
 !MCSCF STATE 3.4 Dipole moment                  0.00000000     0.00000000    -1.56586374
 Dipole moment /Debye                            0.00000000     0.00000000    -3.98002864
 
 Results for state 4.4
 =====================
 !MCSCF STATE 4.4 Energy                       -54.501552145301
 Nuclear energy                                  4.20936418
 Kinetic energy                                 54.72845295
 One electron energy                           -80.13606420
 Two electron energy                            21.42514787
 Virial ratio                                    1.99585406
 
 !MCSCF STATE 4.4 Dipole moment                  0.00000000     0.00000000    -1.37047713
 Dipole moment /Debye                            0.00000000     0.00000000    -3.48340540
 
 State-averaged charge density matrix saved on record 2140.2 (density set 1)
 
 Expectation values: (only non-zero values are shown)
 
 !MCSCF expec                       <1.4|DMZ|1.4>     0.809665215689 au =     2.057963706445 Debye
 !MCSCF expec                       <2.4|DMZ|2.4>    -1.686713188077 au =    -4.287197297085 Debye
 !MCSCF expec                       <3.4|DMZ|3.4>    -1.565863739206 au =    -3.980028636628 Debye
 !MCSCF expec                       <4.4|DMZ|4.4>    -1.370477126402 au =    -3.483405402624 Debye
 
 Transition values: (only non-zero values with the ground state are shown)
 
 !MCSCF trans                       <1.4|DMZ|2.4>    -0.336705198251 au =    -0.855819250160 Debye
 !MCSCF trans                       <1.4|DMZ|4.4>     0.343513582869 au =     0.873124437750 Debye
 

 EXTRA SYMMETRY OF MOS IN SYMMETRY 1:   1 1 1 1 1 1 1 2 1 1   1 1 2 1 1 2 1 1 2 1   2 1 1 1 3 2 1 2 1 1   2 1 2 3 1 1 2 1 1 1
                                        2 3 2 1 2 3 1 1 2 2   1 1 1 2 1 1 2 3 1 3   1 2 2 1 3 1 2 1 2 1   2 1 2 1 1 1 1
 
 Natural orbital dump (state averaged) at molpro section 2140.2 (Orbital set 2)
 
 Reoptimze the CI vectors with natural orbitals 
 
 CI Coefficients of symmetry 4
 =============================
 
 220 a a        0.99758420     -0.00604252     -0.00000000      0.02805562
 2ab a a        0.01067074      0.86097603     -0.00000000     -0.00108286
 2ba a a       -0.02741195     -0.28490803      0.00000000      0.81149926
 2aa a b        0.00837060     -0.28803400     -0.70692944     -0.40520820
 2aa b a        0.00837060     -0.28803400      0.70692944     -0.40520820
 a2b a a        0.05282577     -0.08813378      0.00000000      0.01641218
 b2a a a       -0.01794750      0.03250810      0.00000000      0.08248108
 
 Energy:      -54.92624201    -54.63717500    -54.52054656    -54.50155215
 


 **********************************************************************************************************************************
 DATASETS  * FILE   NREC   LENGTH (MB)   RECORD NAMES
              1      21      256.67       500      700      610      701      900      950      970     1000      129      960   
                                          VAR     GEOM    BASINP    GEOM    SYMINP    ZMAT    AOBASIS   BASIS     P2S    ABASIS    
                                         1100     1400     1410     1200     1210     1080     1600     1650     1300     1700   
                                           S        T        V       H0       H01     AOSYM     SMH    MOLCAS    ERIS     OPER   
                                         1380   
                                         JKOP   

              2       8       17.69       500      610      700     1000      520     2100     2140      701   
                                          VAR    BASINP    GEOM     BASIS   MCVARS     RHF     MCSCF    GEOM   

 PROGRAMS   *        TOTAL     MULTI       INT        CI     MULTI       INT        CI     MULTI       INT        CI     MULTI
 CPU TIMES  *       233.34      1.23      8.45     11.23      1.19      8.46     11.28      1.21      8.45     11.23      1.21
 REAL TIME  *       249.16 SEC
 DISK USED  *       788.71 MB
 **********************************************************************************************************************************


 PROGRAM * CI (Multireference internally contracted CI)     Authors: H.-J. Werner, P.J. Knowles, 1987


 Convergence thresholds:  THRVAR = 1.00D-08  THRDEN = 1.00D-06

 Number of optimized states: 3  Roots:    1   2   3
 Number of reference states: 3  Roots:    1   2   3

 Program parameters:       NSTATE=  3    NSTATI=  5    NSTATR=  3    NCEPA = -1    NOKOP =  0    ITRDM =  0    ITRANS=  0
                           IDIP  =200    MAXIT =250    MAXITI=250    MAXDAV=  9    MAXVI = 15    NOSING=  0    NOPAIR=  0
                           MXSHRF=  4    IKCPS =  0    IOPTGM=  2    IOPTOR=  0    REFOPT=  1    IAVDEN=  0    IDELCG=  1
                           IREST =  0    NATORB=  0    IPUNRF=  0    ISEP  =  0    OLDDEN=  0    NSTPRI=  1    GPSFLI= -1
                           CLUSTE=  0    CLOSED=  1    ILSTYP=  0    ITRLS =  0    ICCSD =  0    LOCAL =  0    IBASO =  0
                           MP    =  0    ITEDIS=  2    INCDIS=  1    MAXDIS=  6    ITYDIS=  1    BRUECK=  0    IBRSTR=  3
                           INCBRK=  1    TRIPLE=  0    ICCTYP=  2    IHPPD =  0    ICCNEW=  0    I3EXT = -1    IDEB  =  0
                           IDLEIG=  1    IDFTYP=  1    IMP3  =  0    IPROCS=  0    NOINT =  0    NOREF =  1    IMP2G =  0
                           IHINT =  0    IFDIA =  0    ISPARO=  1    JKSYM =  0    CPHF  =  0    MP2D  = -1    DKINT =  0
                           NPKEX =  1    DRVK  =  1    HLSTRA=  1    WIGNER=  1    DIIS_C=  1    MAXIT_= 50    MATEL =  0
                           SPDEG =  1    MEMCPH=  0    DISM  =  1    KDCPMA=  5    IKDCP_=  0    IREDTH=  0    USECS =  0
                           IPROCC=  0    I3SAVE=  1    IKDCP =  1    USECI =  0    OLDPAI=  0    IPROCI=  0    KEEPCL=  1
                           DISCON=  0    SHIFTE=  0    DIISIN=  0    MOLCAS=  0    MEM_PT=  0    RECORD=  0    RS2C  =  0
                           KEXT  = -1    CIPT2 =  0    DECP0S=  0    I4EXT = -1    NATCOR=  0    RIMP2 =  0    DDCI  = -1
                           IPOLAR=  0

 Reference symmetry:                   4   Triplet 
 Number of electrons:                  8
 Maximum number of shells:             3
 Maximum number of spin couplings:     9

 Reference space:        6 conf       12 CSFs
 N elec internal:       35 conf       45 CSFs
 N-1 el internal:       48 conf       96 CSFs
 N-2 el internal:       26 conf      102 CSFs

 Number of electrons in valence space:                      6
 Maximum number of open shell orbitals in reference space:  4
 Maximum number of open shell orbitals in internal spaces:  6


 Number of core orbitals:           1 (   1   0   0   0 )
 Number of active  orbitals:        5 (   3   1   1   0 )
 Number of external orbitals:     201 (  73  49  49  30 )

 Molecular orbitals read from record     2140.2  Type=MCSCF/NATURAL (state averaged)

 Valence orbitals related to previous ones by unitary transformation. Operators transformed.


 Number of p-space configurations:   5

 Reference wavefunction optimized for reference space (refopt=1)

 State     Reference Energy 
     1       -54.92624201
     2       -54.63717500
     3       -54.52054656
     4       -54.50155215
     5       -54.15938314

 Number of blocks in overlap matrix:    13   Smallest eigenvalue:  0.17D-05
 Number of N-2 electron functions:      60
 Number of N-1 electron functions:      96

 Number of internal configurations:                   12
 Number of singly external configurations:          4953
 Number of doubly external configurations:        311592
 Total number of contracted configurations:       316557
 Total number of uncontracted configurations:     529947

 Diagonal Coupling coefficients finished.               Storage:    8081 words, CPU-Time:      0.00 seconds.
 Energy denominators for pairs finished in 1 passes.    Storage:  127229 words, CPU-time:      0.00 seconds.

  ITER. STATE  ROOT     SQ.NORM     CORR.ENERGY   TOTAL ENERGY   ENERGY CHANGE       DEN1      VAR(S)    VAR(P)      TIME
    1     1     1     1.00000000     0.00000000   -54.92624201     0.00000000    -0.21389996  0.70D-01  0.21D-01     0.14
    1     2     2     1.00000000     0.00000000   -54.63717500    -0.00000000    -0.12448294  0.24D-01  0.14D-01     0.14
    1     3     3     1.00000000     0.00000000   -54.52054656     0.00000000    -0.14646934  0.27D-01  0.17D-01     0.14
    2     1     1     1.06952702    -0.18693975   -55.11318176    -0.18693975    -0.00958491  0.21D-02  0.13D-02     1.31
    2     2     2     1.04050583    -0.12863295   -54.76580794    -0.12863295    -0.00240622  0.36D-03  0.37D-03     1.31
    2     3     3     1.04329586    -0.14545808   -54.66600463    -0.14545808    -0.00307874  0.63D-03  0.42D-03     1.31
    3     1     1     1.06943473    -0.19713325   -55.12337525    -0.01019350    -0.00057111  0.68D-04  0.92D-04     2.48
    3     2     2     1.04227453    -0.13145060   -54.76862560    -0.00281765    -0.00019316  0.32D-04  0.35D-04     2.48
    3     3     3     1.04675295    -0.14896818   -54.66951474    -0.00351011    -0.00023652  0.11D-03  0.34D-04     2.48
    4     1     1     1.07174294    -0.19788825   -55.12413026    -0.00075501    -0.00005450  0.50D-05  0.93D-05     3.67
    4     2     2     1.04350002    -0.13172482   -54.76889981    -0.00027422    -0.00002970  0.46D-05  0.51D-05     3.67
    4     3     3     1.05020591    -0.14933520   -54.66988176    -0.00036702    -0.00005086  0.28D-04  0.72D-05     3.67
    5     1     1     1.07241847    -0.19796330   -55.12420531    -0.00007505    -0.00000572  0.62D-06  0.96D-06     4.84
    5     2     2     1.04350593    -0.13176682   -54.76894181    -0.00004200    -0.00000511  0.80D-06  0.88D-06     4.84
    5     3     3     1.05189312    -0.14942388   -54.66997044    -0.00008868    -0.00001557  0.13D-04  0.19D-05     4.84
    6     1     1     1.07236276    -0.19797091   -55.12421292    -0.00000761    -0.00000076  0.73D-07  0.12D-06     6.02
    6     2     2     1.04344960    -0.13177415   -54.76894915    -0.00000733    -0.00000108  0.13D-06  0.20D-06     6.02
    6     3     3     1.05290898    -0.14945214   -54.66999870    -0.00002826    -0.00000840  0.90D-05  0.90D-06     6.02
    7     1     1     1.07238985    -0.19797186   -55.12421387    -0.00000096    -0.00000011  0.11D-07  0.17D-07     7.21
    7     2     2     1.04346825    -0.13177548   -54.76895047    -0.00000133    -0.00000024  0.45D-07  0.44D-07     7.21
    7     3     3     1.05394056    -0.14946661   -54.67001317    -0.00001447    -0.00000516  0.34D-05  0.57D-06     7.21
    8     1     1     1.07239836    -0.19797200   -55.12421401    -0.00000014    -0.00000002  0.17D-08  0.28D-08     8.38
    8     2     2     1.04346484    -0.13177577   -54.76895077    -0.00000030    -0.00000006  0.11D-07  0.11D-07     8.38
    8     3     3     1.05452035    -0.14947432   -54.67002088    -0.00000771    -0.00000239  0.22D-05  0.24D-06     8.38
    9     1     1     1.07239827    -0.19797200   -55.12421401    -0.00000000    -0.00000002  0.16D-08  0.28D-08     9.26
    9     2     2     1.04346543    -0.13177585   -54.76895085    -0.00000008    -0.00000002  0.25D-08  0.29D-08     9.26
    9     3     3     1.05626512    -0.14948176   -54.67002831    -0.00000744    -0.00000114  0.24D-06  0.20D-06     9.26
   10     1     1     1.07239827    -0.19797200   -55.12421401    -0.00000000    -0.00000002  0.16D-08  0.28D-08     9.91
   10     2     2     1.04346543    -0.13177585   -54.76895085    -0.00000000    -0.00000002  0.25D-08  0.29D-08     9.91
   10     3     3     1.05638801    -0.14948302   -54.67002958    -0.00000127    -0.00000015  0.79D-07  0.34D-07     9.91
   11     1     1     1.07239827    -0.19797200   -55.12421401     0.00000000    -0.00000002  0.16D-08  0.28D-08    10.56
   11     2     2     1.04346543    -0.13177585   -54.76895085     0.00000000    -0.00000002  0.25D-08  0.29D-08    10.56
   11     3     3     1.05656427    -0.14948327   -54.67002983    -0.00000025    -0.00000006  0.25D-07  0.15D-07    10.56
   12     1     1     1.07239827    -0.19797200   -55.12421401    -0.00000000    -0.00000002  0.16D-08  0.28D-08    11.22
   12     2     2     1.04346543    -0.13177585   -54.76895085    -0.00000000    -0.00000002  0.25D-08  0.29D-08    11.22
   12     3     3     1.05671420    -0.14948336   -54.67002992    -0.00000009    -0.00000002  0.29D-08  0.36D-08    11.22


 =====================================
 Analysis of CPU times by interactions
 =====================================

       I      S      P

 I   0.2%
 S   0.0%   0.2%
 P   0.5%   1.0%  28.4%

 Initialization:   1.2%
 Other:           68.5%

 Total CPU:       11.2 seconds
 =====================================



 gnormi=  0.93248938  gnorms=  0.04210195  gnormp=  0.02540867  gnorm=  1.00000000
 ecorri= -0.18460679  ecorrs= -0.00833230  ecorrp= -0.00503291  ecorr= -0.19797200

 gnormi=  0.95834512  gnorms=  0.02484324  gnormp=  0.01681164  gnorm=  1.00000000
 ecorri= -0.12628674  ecorrs= -0.00327372  ecorrp= -0.00221539  ecorr= -0.13177585

 gnormi=  0.94632967  gnorms=  0.03422169  gnormp=  0.01944864  gnorm=  1.00000000
 ecorri= -0.14146054  ecorrs= -0.00511649  ecorrp= -0.00290633  ecorr= -0.14948336

 Reference coefficients greater than 0.0500000
 =============================================
 220//           0.9645960  -0.0086093  -0.0000001
 2/\//           0.0209828   0.7954388  -0.0000050
 2///\           0.0048730  -0.3247230   0.7941009
 2//\/           0.0068915  -0.4592276  -0.5615228
 /2\//           0.0288900  -0.0749926  -0.0000002

 Coefficients of singly external configurations greater than 0.0500000
 =====================================================================

 2200/   2.2    -0.0326024  -0.0010444  -0.0586690
 220/0   2.3     0.0326024   0.0010439  -0.0586684
 2/0/\  11.1     0.0545532   0.0037320   0.0000002

 Coefficients of fixed reference functions:
 ==========================================

 State      Coefficients
 1           0.965371    0.002563    0.000000
 2          -0.001940    0.978863   -0.000000
 3          -0.000000    0.000000    0.972787

 Coefficients of rotated reference functions:
 ============================================

 State      Coefficients
 1           0.965374    0.000327   -0.000000
 2           0.000327    0.978865    0.000000
 3          -0.000000    0.000000    0.972787


 RESULTS FOR STATE 1.4
 =====================

 Coefficient of reference function:   C(0) = 0.96537097 (fixed)   0.96565490 (relaxed)   0.96537431 (rotated)

 Energy contributions of configuration classes

 CLASS          SQ.NORM        ECORR1        ECORR2
 +++++++++++++++++++++++++++++++++++++++++++++++++++
 Internals    0.00058138    0.00000023   -0.11404259
 Singles      0.04517631   -0.07571691   -0.07889649
 Pairs        0.02726405   -0.00000002   -0.00503293
 Total        1.07302174   -0.07571670   -0.19797200
 +++++++++++++++++++++++++++++++++++++++++++++++++++


 Reference energy                     -54.92624046
 Nuclear energy                         4.20936418
 Kinetic energy                        55.53896654
 One electron energy                  -82.71173741
 Two electron energy                   23.37815922
 Virial quotient                       -0.99253222
 Correlation energy                    -0.19797355
 !MRCI STATE 1.4 Energy               -55.124214010298

 Properties without orbital relaxation:

 !MRCI STATE 1.4 Dipole moment          0.00000000     0.00000000     0.65512206
 Dipole moment /Debye                   0.00000000     0.00000000     1.66515419

 Cluster corrected energies           -55.13867038 (Davidson, fixed reference)
 Cluster corrected energies           -55.13854695 (Davidson, relaxed reference)
 Cluster corrected energies           -55.13867038 (Davidson, rotated reference)

 Cluster corrected energies           -55.13143259 (Pople, fixed reference)
 Cluster corrected energies           -55.13137112 (Pople, relaxed reference)
 Cluster corrected energies           -55.13143259 (Pople, rotated reference)



 RESULTS FOR STATE 2.4
 =====================

 Coefficient of reference function:   C(0) = 0.97886348 (fixed)   0.97895103 (relaxed)   0.97886535 (rotated)

 Energy contributions of configuration classes

 CLASS          SQ.NORM        ECORR1        ECORR2
 +++++++++++++++++++++++++++++++++++++++++++++++++++
 Internals    0.00017508    0.00000022   -0.07796582
 Singles      0.02592760   -0.05043004   -0.05159464
 Pairs        0.01754543    0.00000000   -0.00221539
 Total        1.04364811   -0.05042981   -0.13177585
 +++++++++++++++++++++++++++++++++++++++++++++++++++


 Reference energy                     -54.63717655
 Nuclear energy                         4.20936418
 Kinetic energy                        55.13557537
 One electron energy                  -80.34189149
 Two electron energy                   21.36357647
 Virial quotient                       -0.99335049
 Correlation energy                    -0.13177430
 !MRCI STATE 2.4 Energy               -54.768950849235

 Properties without orbital relaxation:

 !MRCI STATE 2.4 Dipole moment          0.00000000     0.00000000    -1.58183612
 Dipole moment /Debye                   0.00000000     0.00000000    -4.02062637

 Cluster corrected energies           -54.77470255 (Davidson, fixed reference)
 Cluster corrected energies           -54.77467848 (Davidson, relaxed reference)
 Cluster corrected energies           -54.77470255 (Davidson, rotated reference)

 Cluster corrected energies           -54.77182533 (Pople, fixed reference)
 Cluster corrected energies           -54.77181331 (Pople, relaxed reference)
 Cluster corrected energies           -54.77182533 (Pople, rotated reference)



 RESULTS FOR STATE 3.4
 =====================

 Coefficient of reference function:   C(0) = 0.97278714 (fixed)   0.97279477 (relaxed)   0.97278714 (rotated)

 Energy contributions of configuration classes

 CLASS          SQ.NORM        ECORR1        ECORR2
 +++++++++++++++++++++++++++++++++++++++++++++++++++
 Internals    0.00001569   -0.00000000   -0.00000222
 Singles      0.03616311   -0.05866322   -0.06063036
 Pairs        0.02055198   -0.09082014   -0.08885078
 Total        1.05673078   -0.14948336   -0.14948336
 +++++++++++++++++++++++++++++++++++++++++++++++++++


 Reference energy                     -54.52054656
 Nuclear energy                         4.20936418
 Kinetic energy                        55.08235022
 One electron energy                  -80.27614497
 Two electron energy                   21.39675088
 Virial quotient                       -0.99251448
 Correlation energy                    -0.14948336
 !MRCI STATE 3.4 Energy               -54.670029917669

 Properties without orbital relaxation:

 !MRCI STATE 3.4 Dipole moment          0.00000000     0.00000000    -1.41321305
 Dipole moment /Debye                   0.00000000     0.00000000    -3.59202930

 Cluster corrected energies           -54.67851022 (Davidson, fixed reference)
 Cluster corrected energies           -54.67850775 (Davidson, relaxed reference)
 Cluster corrected energies           -54.67851022 (Davidson, rotated reference)

 Cluster corrected energies           -54.67426667 (Pople, fixed reference)
 Cluster corrected energies           -54.67426543 (Pople, relaxed reference)
 Cluster corrected energies           -54.67426667 (Pople, rotated reference)


 !MRCI trans          <2.4|DMZ|1.4>    -0.458395426146 au =    -1.165124957735 Debye

 !MRCI trans          <3.4|DMZ|1.4>     0.000002789335 au =     0.000007089783 Debye

 !MRCI trans          <3.4|DMZ|2.4>    -0.000009260463 au =    -0.000023537749 Debye


 **********************************************************************************************************************************
 DATASETS  * FILE   NREC   LENGTH (MB)   RECORD NAMES
              1      21      256.67       500      700      610      701      900      950      970     1000      129      960   
                                          VAR     GEOM    BASINP    GEOM    SYMINP    ZMAT    AOBASIS   BASIS     P2S    ABASIS    
                                         1100     1400     1410     1200     1210     1080     1600     1650     1300     1700   
                                           S        T        V       H0       H01     AOSYM     SMH    MOLCAS    ERIS     OPER   
                                         1380   
                                         JKOP   

              2       8       17.69       500      610      700     1000      520     2100     2140      701   
                                          VAR    BASINP    GEOM     BASIS   MCVARS     RHF     MCSCF    GEOM   

 PROGRAMS   *        TOTAL        CI     MULTI       INT        CI     MULTI       INT        CI     MULTI       INT        CI
 CPU TIMES  *       244.62     11.28      1.23      8.45     11.23      1.19      8.46     11.28      1.21      8.45     11.23
 REAL TIME  *       261.39 SEC
 DISK USED  *       788.71 MB
 **********************************************************************************************************************************
 SETTING E1(12)         =       -55.12421401  AU                              
 SETTING E2(12)         =       -54.76895085  AU                              
 SETTING E3(12)         =       -54.67002992  AU                              

 DO I                   =        13.00000000   


 Using spherical harmonics

 Library entry N      S aug-cc-pV5Z          selected for orbital group  1
 Library entry N      P aug-cc-pV5Z          selected for orbital group  1
 Library entry N      D aug-cc-pV5Z          selected for orbital group  1
 Library entry N      F aug-cc-pV5Z          selected for orbital group  1
 Library entry N      G aug-cc-pV5Z          selected for orbital group  1
 Library entry N      H aug-cc-pV5Z          selected for orbital group  1
 Library entry H      S aug-cc-pV5Z          selected for orbital group  2
 Library entry H      P aug-cc-pV5Z          selected for orbital group  2
 Library entry H      D aug-cc-pV5Z          selected for orbital group  2
 Library entry H      F aug-cc-pV5Z          selected for orbital group  2
 Library entry H      G aug-cc-pV5Z          selected for orbital group  2


 PROGRAM * SEWARD (Integral evaluation for generally contracted gaussian basis sets)     Author: Roland Lindh, 1990

 Geometry written to block  1 of record 701

 Orientation using atomic masses  
 Molecule type: Linear
 Symmetry elements: X,Y
 Rotational constants:     726.7159681    726.7159681      0.0000000 GHz  (calculated with average atomic masses)

 Point group  C2v 



 ATOMIC COORDINATES

 NR  ATOM    CHARGE       X              Y              Z

   1  N       7.00    0.000000000    0.000000000   -0.109098072
   2  H       1.00    0.000000000    0.000000000    1.516066395

 Bond lengths in Bohr (Angstrom)

 1-2  1.625164467
     ( 0.860000000)

 NUCLEAR CHARGE:                    8
 NUMBER OF PRIMITIVE AOS:         307
 NUMBER OF SYMMETRY AOS:          227
 NUMBER OF CONTRACTIONS:          207   (   77A1  +   50B1  +   50B2  +   30A2  )
 NUMBER OF INNER CORE ORBITALS:     0   (    0A1  +    0B1  +    0B2  +    0A2  )
 NUMBER OF OUTER CORE ORBITALS:     1   (    1A1  +    0B1  +    0B2  +    0A2  )
 NUMBER OF VALENCE ORBITALS:        5   (    3A1  +    1B1  +    1B2  +    0A2  )


 NUCLEAR REPULSION ENERGY    4.30725637

 EXTRA SYMMETRY OF AOS IN SYMMETRY 1:   1 1 1 1 1 1 1 1 1 1   1 1 1 1 2 1 2 1 2 1   2 1 2 1 2 1 2 1 2 1   2 1 3 2 1 3 2 1 3 2
                                        2 3 1 2 3 1 1 1 1 1   1 1 1 1 1 1 1 1 2 1   2 1 2 1 2 1 2 1 2 1   2 1 3 2 1 3 2
 EXTRA SYMMETRY OF AOS IN SYMMETRY 2:   1 1 1 1 1 1 1 1 1 1   1 1 2 1 2 1 2 1 2 1   2 1 2 1 2 1 2 3 1 2   3 1 1 1 1 1 1 1 1 1
                                        1 2 1 2 1 2 1 2 1 2
 EXTRA SYMMETRY OF AOS IN SYMMETRY 3:   1 1 1 1 1 1 1 1 1 1   1 1 2 1 2 1 2 1 2 1   2 1 2 1 2 1 2 3 1 2   3 1 1 1 1 1 1 1 1 1
                                        1 2 1 2 1 2 1 2 1 2
 EXTRA SYMMETRY OF AOS IN SYMMETRY 4:   1 1 1 1 1 1 1 1 1 1   2 1 2 1 2 2 1 2 1 1   1 1 1 1 1 1 1 2 1 2

 Eigenvalues of metric

         1 0.978E-05 0.660E-04 0.173E-03 0.205E-03 0.356E-03 0.441E-03 0.925E-03 0.179E-02
         2 0.134E-03 0.741E-03 0.217E-02 0.452E-02 0.591E-02 0.126E-01 0.186E-01 0.235E-01
         3 0.134E-03 0.741E-03 0.217E-02 0.452E-02 0.591E-02 0.126E-01 0.186E-01 0.235E-01
         4 0.179E-02 0.931E-02 0.244E-01 0.429E-01 0.815E-01 0.996E-01 0.183E+00 0.194E+00


 Contracted 2-electron integrals neglected if value below      1.0D-12
 AO integral compression algorithm  1   Integral accuracy      1.0D-12

     291.504 MB (compressed) written to integral file ( 51.7%)


 NUMBER OF SORTED TWO-ELECTRON INTEGRALS:   59167011.     BUFFER LENGTH:  32768
 NUMBER OF SEGMENTS:   4  SEGMENT LENGTH:   15999984      RECORD LENGTH: 524288

 Memory used in sort:      16.56 MW

 SORT1 READ    70490039. AND WROTE    39593921. INTEGRALS IN    116 RECORDS. CPU TIME:     0.75 SEC, REAL TIME:     0.89 SEC
 SORT2 READ    39593921. AND WROTE    59167011. INTEGRALS IN   1112 RECORDS. CPU TIME:     0.62 SEC, REAL TIME:     0.73 SEC

 FILE SIZES:   FILE 1:   322.6 MBYTE,  FILE 4:   486.6 MBYTE,   TOTAL:    809.2 MBYTE

 OPERATOR DM      FOR CENTER  0  COORDINATES:    0.000000    0.000000    0.000000


 **********************************************************************************************************************************
 DATASETS  * FILE   NREC   LENGTH (MB)   RECORD NAMES
              1      20      254.47       500      700      610      701      900      950      970     1000      129      960   
                                          VAR     GEOM    BASINP    GEOM    SYMINP    ZMAT    AOBASIS   BASIS     P2S    ABASIS    
                                         1100     1400     1410     1200     1210     1080     1600     1650     1300     1700   
                                           S        T        V       H0       H01     AOSYM     SMH    MOLCAS    ERIS     OPER   

              2       8       17.69       500      610      700     1000      520     2100     2140      701   
                                          VAR    BASINP    GEOM     BASIS   MCVARS     RHF     MCSCF    GEOM   

 PROGRAMS   *        TOTAL       INT        CI     MULTI       INT        CI     MULTI       INT        CI     MULTI       INT
 CPU TIMES  *       253.05      8.43     11.28      1.23      8.45     11.23      1.19      8.46     11.28      1.21      8.45
 REAL TIME  *       270.23 SEC
 DISK USED  *       789.46 MB
 **********************************************************************************************************************************

 PROGRAM * MULTI (Direct Multiconfiguration SCF)       Authors: P.J. Knowles, H.-J. Werner (1984)
                                                                D.A. Kreplin, P.J. Knowles, H.-J. Werner (2019)

 Number of closed-shell orbitals:   1 (   1   0   0   0 )
 Number of active  orbitals:        5 (   3   1   1   0 )
 Number of external orbitals:     201 (  73  49  49  30 )

 State symmetry 1

 Number of active electrons:   6    Spin symmetry=Triplet   Space symmetry=4
 Number of states:             4
 Number of CSFs:              12   (15 determinants, 50 intermediate states)

 Molecular orbitals read from record     2140.2  Type=MCSCF/NATURAL (state averaged)

 EXTRA SYMMETRY OF MOS IN SYMMETRY 1:   1 1 1 1 1 1 1 2 1 1   1 1 2 1 1 2 1 1 2 1   2 1 1 1 3 2 1 2 1 1   2 1 2 3 1 1 2 1 1 1
                                        2 3 2 1 2 3 1 1 2 2   1 1 1 2 1 1 2 3 1 3   1 2 2 1 3 1 2 1 2 1   2 1 2 1 1 1 1
 EXTRA SYMMETRY OF MOS IN SYMMETRY 2:   1 1 1 1 1 1 2 1 1 1   2 1 1 1 2 1 1 2 1 2   1 1 1 2 3 1 1 2 2 1   1 2 1 1 1 2 3 1 1 1
                                        2 2 1 2 2 1 1 1 1 1
 EXTRA SYMMETRY OF MOS IN SYMMETRY 3:   1 1 1 1 1 1 2 1 1 1   2 1 1 1 2 1 1 2 1 2   1 1 1 2 3 1 1 2 2 1   1 2 1 1 1 2 3 1 1 1
                                        2 2 1 2 2 1 1 1 1 1
 EXTRA SYMMETRY OF MOS IN SYMMETRY 4:   1 1 1 1 1 2 1 1 1 1   2 1 1 2 1 1 2 1 1 1   1 2 2 1 1 2 1 1 1 1

 Wavefunction dump at record             2140.2

 Convergence thresholds  0.10E-04 (gradient)  0.10E-05 (energy)

 Weight factors for state symmetry  1:    0.25000   0.25000   0.25000   0.25000
 
 Number of orbital rotations:  393  ( 3 closed/active, 73 closed/virtual, 0 active/active, 317 active/virtual )
 Total number of variables:    453
 
  Second-order MCSCF: L-BFGS accelerated
 
 ITER  MIC  NCI  NEG     ENERGY(VAR)    ENERGY(PROJ) ENERGY CHANGE       GRAD(0)  GRAD(ORB)   GRAD(CI)      STEP      TIME
   1    4    3    0    -54.63618343     -54.63635119   -0.00016776    0.02983942 0.00003818 0.00000000  0.18E-01      0.33
   2    6    6    0    -54.63635093     -54.63635093   -0.00000000    0.00005778 0.00000001 0.00000000  0.82E-04      0.68
   3    2    2    0    -54.63635093     -54.63635093    0.00000000    0.00000000 0.00000000 0.00000000  0.42E-08      0.99

 CONVERGENCE REACHED!  Final gradient:    0.00000000 ( 0.16E-10)
                       Final energy:    -54.63635093
 
 Results for state 1.4
 =====================
 !MCSCF STATE 1.4 Energy                       -54.917664761584
 Nuclear energy                                  4.30725637
 Kinetic energy                                 56.24282998
 One electron energy                           -83.73070184
 Two electron energy                            24.50578072
 Virial ratio                                    1.97643850
 
 !MCSCF STATE 1.4 Dipole moment                  0.00000000     0.00000000     0.81394502
 Dipole moment /Debye                            0.00000000     0.00000000     2.06884187
 
 Results for state 2.4
 =====================
 !MCSCF STATE 2.4 Energy                       -54.628334801513
 Nuclear energy                                  4.30725637
 Kinetic energy                                 54.68203595
 One electron energy                           -80.25591777
 Two electron energy                            21.32032660
 Virial ratio                                    1.99901794
 
 !MCSCF STATE 2.4 Dipole moment                  0.00000000     0.00000000    -1.66956515
 Dipole moment /Debye                            0.00000000     0.00000000    -4.24361134
 
 Results for state 3.4
 =====================
 !MCSCF STATE 3.4 Energy                       -54.509908113147
 Nuclear energy                                  4.30725637
 Kinetic energy                                 54.71364709
 One electron energy                           -80.25684718
 Two electron energy                            21.43968270
 Virial ratio                                    1.99627627
 
 !MCSCF STATE 3.4 Dipole moment                  0.00000000     0.00000000    -1.54856740
 Dipole moment /Debye                            0.00000000     0.00000000    -3.93606572
 
 Results for state 4.4
 =====================
 !MCSCF STATE 4.4 Energy                       -54.489496049389
 Nuclear energy                                  4.30725637
 Kinetic energy                                 54.76147309
 One electron energy                           -80.25528460
 Two electron energy                            21.45853218
 Virial ratio                                    1.99503342
 
 !MCSCF STATE 4.4 Dipole moment                  0.00000000     0.00000000    -1.35788771
 Dipole moment /Debye                            0.00000000     0.00000000    -3.45140630
 
 State-averaged charge density matrix saved on record 2140.2 (density set 1)
 
 Expectation values: (only non-zero values are shown)
 
 !MCSCF expec                       <1.4|DMZ|1.4>     0.813945015488 au =     2.068841872491 Debye
 !MCSCF expec                       <2.4|DMZ|2.4>    -1.669565154466 au =    -4.243611343131 Debye
 !MCSCF expec                       <3.4|DMZ|3.4>    -1.548567396038 au =    -3.936065717382 Debye
 !MCSCF expec                       <4.4|DMZ|4.4>    -1.357887710350 au =    -3.451406298774 Debye
 
 Transition values: (only non-zero values with the ground state are shown)
 
 !MCSCF trans                       <1.4|DMZ|2.4>    -0.295760616157 au =    -0.751748503026 Debye
 !MCSCF trans                       <1.4|DMZ|4.4>     0.318037339933 au =     0.808370287120 Debye
 

 EXTRA SYMMETRY OF MOS IN SYMMETRY 1:   1 1 1 1 1 1 1 2 1 1   1 1 2 1 1 2 1 1 2 1   2 1 1 1 3 2 1 1 2 2   1 1 2 3 1 1 2 1 1 1
                                        2 3 2 1 2 3 1 1 2 2   1 1 1 2 1 1 2 3 1 3   1 2 2 1 3 1 2 1 2 1   2 1 2 1 1 1 1
 
 Natural orbital dump (state averaged) at molpro section 2140.2 (Orbital set 2)
 
 Reoptimze the CI vectors with natural orbitals 
 
 CI Coefficients of symmetry 4
 =============================
 
 220 a a        0.99787629      0.00428547     -0.00000000      0.02370712
 2ab a a        0.00140108      0.86120739     -0.00000000      0.00119635
 2ba a a       -0.02054539     -0.28751924     -0.00000000      0.81089180
 2aa b a        0.00957216     -0.28684407      0.70694006     -0.40604407
 2aa a b        0.00957216     -0.28684407     -0.70694006     -0.40604407
 a2b a a        0.05160719     -0.08634130     -0.00000000      0.01360622
 b2a a a       -0.01796273      0.03113752     -0.00000000      0.08335599
 
 Energy:      -54.91766476    -54.62833480    -54.50990811    -54.48949605
 


 **********************************************************************************************************************************
 DATASETS  * FILE   NREC   LENGTH (MB)   RECORD NAMES
              1      21      257.39       500      700      610      701      900      950      970     1000      129      960   
                                          VAR     GEOM    BASINP    GEOM    SYMINP    ZMAT    AOBASIS   BASIS     P2S    ABASIS    
                                         1100     1400     1410     1200     1210     1080     1600     1650     1300     1700   
                                           S        T        V       H0       H01     AOSYM     SMH    MOLCAS    ERIS     OPER   
                                         1380   
                                         JKOP   

              2       8       17.69       500      610      700     1000      520     2100     2140      701   
                                          VAR    BASINP    GEOM     BASIS   MCVARS     RHF     MCSCF    GEOM   

 PROGRAMS   *        TOTAL     MULTI       INT        CI     MULTI       INT        CI     MULTI       INT        CI     MULTI
 CPU TIMES  *       254.26      1.21      8.43     11.28      1.23      8.45     11.23      1.19      8.46     11.28      1.21
 REAL TIME  *       271.56 SEC
 DISK USED  *       789.46 MB
 **********************************************************************************************************************************


 PROGRAM * CI (Multireference internally contracted CI)     Authors: H.-J. Werner, P.J. Knowles, 1987


 Convergence thresholds:  THRVAR = 1.00D-08  THRDEN = 1.00D-06

 Number of optimized states: 3  Roots:    1   2   3
 Number of reference states: 3  Roots:    1   2   3

 Program parameters:       NSTATE=  3    NSTATI=  5    NSTATR=  3    NCEPA = -1    NOKOP =  0    ITRDM =  0    ITRANS=  0
                           IDIP  =200    MAXIT =250    MAXITI=250    MAXDAV=  9    MAXVI = 15    NOSING=  0    NOPAIR=  0
                           MXSHRF=  4    IKCPS =  0    IOPTGM=  2    IOPTOR=  0    REFOPT=  1    IAVDEN=  0    IDELCG=  1
                           IREST =  0    NATORB=  0    IPUNRF=  0    ISEP  =  0    OLDDEN=  0    NSTPRI=  1    GPSFLI= -1
                           CLUSTE=  0    CLOSED=  1    ILSTYP=  0    ITRLS =  0    ICCSD =  0    LOCAL =  0    IBASO =  0
                           MP    =  0    ITEDIS=  2    INCDIS=  1    MAXDIS=  6    ITYDIS=  1    BRUECK=  0    IBRSTR=  3
                           INCBRK=  1    TRIPLE=  0    ICCTYP=  2    IHPPD =  0    ICCNEW=  0    I3EXT = -1    IDEB  =  0
                           IDLEIG=  1    IDFTYP=  1    IMP3  =  0    IPROCS=  0    NOINT =  0    NOREF =  1    IMP2G =  0
                           IHINT =  0    IFDIA =  0    ISPARO=  1    JKSYM =  0    CPHF  =  0    MP2D  = -1    DKINT =  0
                           NPKEX =  1    DRVK  =  1    HLSTRA=  1    WIGNER=  1    DIIS_C=  1    MAXIT_= 50    MATEL =  0
                           SPDEG =  1    MEMCPH=  0    DISM  =  1    KDCPMA=  5    IKDCP_=  0    IREDTH=  0    USECS =  0
                           IPROCC=  0    I3SAVE=  1    IKDCP =  1    USECI =  0    OLDPAI=  0    IPROCI=  0    KEEPCL=  1
                           DISCON=  0    SHIFTE=  0    DIISIN=  0    MOLCAS=  0    MEM_PT=  0    RECORD=  0    RS2C  =  0
                           KEXT  = -1    CIPT2 =  0    DECP0S=  0    I4EXT = -1    NATCOR=  0    RIMP2 =  0    DDCI  = -1
                           IPOLAR=  0

 Reference symmetry:                   4   Triplet 
 Number of electrons:                  8
 Maximum number of shells:             3
 Maximum number of spin couplings:     9

 Reference space:        6 conf       12 CSFs
 N elec internal:       35 conf       45 CSFs
 N-1 el internal:       48 conf       96 CSFs
 N-2 el internal:       26 conf      102 CSFs

 Number of electrons in valence space:                      6
 Maximum number of open shell orbitals in reference space:  4
 Maximum number of open shell orbitals in internal spaces:  6


 Number of core orbitals:           1 (   1   0   0   0 )
 Number of active  orbitals:        5 (   3   1   1   0 )
 Number of external orbitals:     201 (  73  49  49  30 )

 Molecular orbitals read from record     2140.2  Type=MCSCF/NATURAL (state averaged)

 Valence orbitals related to previous ones by unitary transformation. Operators transformed.


 Number of p-space configurations:   5

 Reference wavefunction optimized for reference space (refopt=1)

 State     Reference Energy 
     1       -54.91766476
     2       -54.62833480
     3       -54.50990811
     4       -54.48949605
     5       -54.14188552

 Number of blocks in overlap matrix:    13   Smallest eigenvalue:  0.56D-06
 Number of N-2 electron functions:      60
 Number of N-1 electron functions:      96

 Number of internal configurations:                   12
 Number of singly external configurations:          4953
 Number of doubly external configurations:        311592
 Total number of contracted configurations:       316557
 Total number of uncontracted configurations:     529947

 Diagonal Coupling coefficients finished.               Storage:    8081 words, CPU-Time:      0.00 seconds.
 Energy denominators for pairs finished in 1 passes.    Storage:  127229 words, CPU-time:      0.01 seconds.

  ITER. STATE  ROOT     SQ.NORM     CORR.ENERGY   TOTAL ENERGY   ENERGY CHANGE       DEN1      VAR(S)    VAR(P)      TIME
    1     1     1     1.00000000     0.00000000   -54.91766476     0.00000000    -0.21503099  0.70D-01  0.21D-01     0.15
    1     2     2     1.00000000     0.00000000   -54.62833480     0.00000000    -0.12330221  0.24D-01  0.13D-01     0.15
    1     3     3     1.00000000     0.00000000   -54.50990811    -0.00000000    -0.14589867  0.27D-01  0.16D-01     0.15
    2     1     1     1.06968020    -0.18770758   -55.10537234    -0.18770758    -0.00940843  0.20D-02  0.13D-02     1.31
    2     2     2     1.03968684    -0.12787927   -54.75621407    -0.12787927    -0.00231863  0.33D-03  0.35D-03     1.31
    2     3     3     1.04298211    -0.14503504   -54.65494315    -0.14503504    -0.00304769  0.61D-03  0.42D-03     1.31
    3     1     1     1.06943967    -0.19767420   -55.11533896    -0.00996662    -0.00053196  0.64D-04  0.86D-04     2.49
    3     2     2     1.04141382    -0.13061753   -54.75895233    -0.00273826    -0.00018391  0.28D-04  0.34D-04     2.49
    3     3     3     1.04634609    -0.14850081   -54.65840892    -0.00346577    -0.00023367  0.12D-03  0.34D-04     2.49
    4     1     1     1.07165676    -0.19837323   -55.11603799    -0.00069903    -0.00004771  0.46D-05  0.81D-05     3.68
    4     2     2     1.04254087    -0.13087803   -54.75921283    -0.00026050    -0.00002815  0.42D-05  0.49D-05     3.68
    4     3     3     1.04992504    -0.14886641   -54.65877452    -0.00036560    -0.00005375  0.34D-04  0.74D-05     3.68
    5     1     1     1.07232028    -0.19843875   -55.11610351    -0.00006552    -0.00000486  0.53D-06  0.82D-06     4.87
    5     2     2     1.04254547    -0.13091735   -54.75925216    -0.00003933    -0.00000491  0.74D-06  0.87D-06     4.87
    5     3     3     1.05194272    -0.14896334   -54.65887145    -0.00009693    -0.00001920  0.17D-04  0.23D-05     4.87
    6     1     1     1.07226487    -0.19844527   -55.11611004    -0.00000653    -0.00000066  0.60D-07  0.10D-06     6.05
    6     2     2     1.04249285    -0.13092433   -54.75925913    -0.00000698    -0.00000103  0.12D-06  0.19D-06     6.05
    6     3     3     1.05327621    -0.14899900   -54.65890712    -0.00003567    -0.00001161  0.12D-04  0.13D-05     6.05
    7     1     1     1.07228742    -0.19844611   -55.11611087    -0.00000083    -0.00000009  0.90D-08  0.14D-07     7.22
    7     2     2     1.04250981    -0.13092561   -54.75926041    -0.00000127    -0.00000022  0.45D-07  0.38D-07     7.22
    7     3     3     1.05459577    -0.14901835   -54.65892646    -0.00001935    -0.00000693  0.46D-05  0.76D-06     7.22
    8     1     1     1.07229440    -0.19844623   -55.11611099    -0.00000012    -0.00000002  0.16D-08  0.24D-08     8.39
    8     2     2     1.04250625    -0.13092588   -54.75926068    -0.00000028    -0.00000005  0.10D-07  0.91D-08     8.39
    8     3     3     1.05535253    -0.14902865   -54.65893676    -0.00001030    -0.00000327  0.30D-05  0.35D-06     8.39
    9     1     1     1.07229421    -0.19844623   -55.11611099    -0.00000000    -0.00000002  0.15D-08  0.24D-08     9.27
    9     2     2     1.04250759    -0.13092595   -54.75926075    -0.00000007    -0.00000001  0.21D-08  0.26D-08     9.27
    9     3     3     1.05776845    -0.14903920   -54.65894731    -0.00001055    -0.00000177  0.38D-06  0.30D-06     9.27
   10     1     1     1.07229421    -0.19844623   -55.11611099    -0.00000000    -0.00000002  0.15D-08  0.24D-08     9.92
   10     2     2     1.04250759    -0.13092595   -54.75926075     0.00000000    -0.00000001  0.21D-08  0.26D-08     9.92
   10     3     3     1.05796118    -0.14904117   -54.65894929    -0.00000197    -0.00000024  0.13D-06  0.50D-07     9.92
   11     1     1     1.07229421    -0.19844623   -55.11611099    -0.00000000    -0.00000002  0.15D-08  0.24D-08    10.58
   11     2     2     1.04250759    -0.13092595   -54.75926075     0.00000000    -0.00000001  0.21D-08  0.26D-08    10.58
   11     3     3     1.05823975    -0.14904158   -54.65894969    -0.00000040    -0.00000011  0.39D-07  0.25D-07    10.58
   12     1     1     1.07229421    -0.19844623   -55.11611099    -0.00000000    -0.00000002  0.15D-08  0.24D-08    11.23
   12     2     2     1.04250759    -0.13092595   -54.75926075    -0.00000000    -0.00000001  0.21D-08  0.26D-08    11.23
   12     3     3     1.05846273    -0.14904172   -54.65894983    -0.00000014    -0.00000003  0.46D-08  0.60D-08    11.23
   13     1     1     1.07229421    -0.19844623   -55.11611099    -0.00000000    -0.00000002  0.15D-08  0.24D-08    11.89
   13     2     2     1.04250759    -0.13092595   -54.75926075    -0.00000000    -0.00000001  0.21D-08  0.26D-08    11.89
   13     3     3     1.05849671    -0.14904175   -54.65894986    -0.00000003    -0.00000000  0.19D-08  0.64D-09    11.89


 =====================================
 Analysis of CPU times by interactions
 =====================================

       I      S      P

 I   0.0%
 S   0.0%   0.3%
 P   0.4%   1.0%  28.7%

 Initialization:   1.3%
 Other:           68.4%

 Total CPU:       11.9 seconds
 =====================================



 gnormi=  0.93257987  gnorms=  0.04232781  gnormp=  0.02509231  gnorm=  1.00000000
 ecorri= -0.18506696  ecorrs= -0.00839714  ecorrp= -0.00498213  ecorr= -0.19844623

 gnormi=  0.95922563  gnorms=  0.02416798  gnormp=  0.01660639  gnorm=  1.00000000
 ecorri= -0.12558753  ecorrs= -0.00316416  ecorrp= -0.00217427  ecorr= -0.13092595

 gnormi=  0.94473605  gnorms=  0.03602993  gnormp=  0.01923403  gnorm=  1.00000000
 ecorri= -0.14080511  ecorrs= -0.00536911  ecorrp= -0.00286752  ecorr= -0.14904175

 Reference coefficients greater than 0.0500000
 =============================================
 220//           0.9648010  -0.0029914  -0.0000001
 2/\//           0.0137292   0.7971568  -0.0000042
 2///\           0.0056144  -0.3240162   0.7934365
 2//\/           0.0079400  -0.4582281  -0.5610517
 /2\//           0.0287281  -0.0729392  -0.0000003

 Coefficients of singly external configurations greater than 0.0500000
 =====================================================================

 2200/   2.2    -0.0327770  -0.0027490  -0.0664801
 220/0   2.3     0.0327771   0.0027487  -0.0664795
 2/0/\  11.1     0.0557719   0.0038269   0.0000002

 Coefficients of fixed reference functions:
 ==========================================

 State      Coefficients
 1           0.965435    0.006092    0.000000
 2          -0.006495    0.979295   -0.000000
 3          -0.000000    0.000000    0.971969

 Coefficients of rotated reference functions:
 ============================================

 State      Coefficients
 1           0.965454   -0.000156   -0.000000
 2          -0.000156    0.979316    0.000000
 3          -0.000000    0.000000    0.971969


 RESULTS FOR STATE 1.4
 =====================

 Coefficient of reference function:   C(0) = 0.96543528 (fixed)   0.96570175 (relaxed)   0.96545449 (rotated)

 Energy contributions of configuration classes

 CLASS          SQ.NORM        ECORR1        ECORR2
 +++++++++++++++++++++++++++++++++++++++++++++++++++
 Internals    0.00051228   -0.00000030   -0.11401217
 Singles      0.04541112   -0.07623064   -0.07945190
 Pairs        0.02692013   -0.00000003   -0.00498215
 Total        1.07284352   -0.07623097   -0.19844623
 +++++++++++++++++++++++++++++++++++++++++++++++++++


 Reference energy                     -54.91765264
 Nuclear energy                         4.30725637
 Kinetic energy                        55.59196109
 One electron energy                  -82.87241407
 Two electron energy                   23.44904671
 Virial quotient                       -0.99144031
 Correlation energy                    -0.19845835
 !MRCI STATE 1.4 Energy               -55.116110990771

 Properties without orbital relaxation:

 !MRCI STATE 1.4 Dipole moment          0.00000000     0.00000000     0.65744676
 Dipole moment /Debye                   0.00000000     0.00000000     1.67106297

 Cluster corrected energies           -55.13056740 (Davidson, fixed reference)
 Cluster corrected energies           -55.13045838 (Davidson, relaxed reference)
 Cluster corrected energies           -55.13056740 (Davidson, rotated reference)

 Cluster corrected energies           -55.12332963 (Pople, fixed reference)
 Cluster corrected energies           -55.12327534 (Pople, relaxed reference)
 Cluster corrected energies           -55.12332963 (Pople, rotated reference)



 RESULTS FOR STATE 2.4
 =====================

 Coefficient of reference function:   C(0) = 0.97929457 (fixed)   0.97940065 (relaxed)   0.97931609 (rotated)

 Energy contributions of configuration classes

 CLASS          SQ.NORM        ECORR1        ECORR2
 +++++++++++++++++++++++++++++++++++++++++++++++++++
 Internals    0.00017270   -0.00000030   -0.07793019
 Singles      0.02519965   -0.04969171   -0.05082149
 Pairs        0.01731528   -0.00000000   -0.00217427
 Total        1.04268763   -0.04969201   -0.13092595
 +++++++++++++++++++++++++++++++++++++++++++++++++++


 Reference energy                     -54.62834692
 Nuclear energy                         4.30725637
 Kinetic energy                        55.18121865
 One electron energy                  -80.47372666
 Two electron energy                   21.40720954
 Virial quotient                       -0.99235323
 Correlation energy                    -0.13091383
 !MRCI STATE 2.4 Energy               -54.759260750843

 Properties without orbital relaxation:

 !MRCI STATE 2.4 Dipole moment          0.00000000     0.00000000    -1.57006000
 Dipole moment /Debye                   0.00000000     0.00000000    -3.99069447

 Cluster corrected energies           -54.76484915 (Davidson, fixed reference)
 Cluster corrected energies           -54.76482558 (Davidson, relaxed reference)
 Cluster corrected energies           -54.76484915 (Davidson, rotated reference)

 Cluster corrected energies           -54.76205368 (Pople, fixed reference)
 Cluster corrected energies           -54.76204191 (Pople, relaxed reference)
 Cluster corrected energies           -54.76205368 (Pople, rotated reference)



 RESULTS FOR STATE 3.4
 =====================

 Coefficient of reference function:   C(0) = 0.97196854 (fixed)   0.97197533 (relaxed)   0.97196854 (rotated)

 Energy contributions of configuration classes

 CLASS          SQ.NORM        ECORR1        ECORR2
 +++++++++++++++++++++++++++++++++++++++++++++++++++
 Internals    0.00001397    0.00000000   -0.00000197
 Singles      0.03813809   -0.05829019   -0.06043719
 Pairs        0.02035944   -0.09075156   -0.08860259
 Total        1.05851150   -0.14904175   -0.14904175
 +++++++++++++++++++++++++++++++++++++++++++++++++++


 Reference energy                     -54.50990811
 Nuclear energy                         4.30725637
 Kinetic energy                        55.12024680
 One electron energy                  -80.39925201
 Two electron energy                   21.43304578
 Virial quotient                       -0.99163108
 Correlation energy                    -0.14904175
 !MRCI STATE 3.4 Energy               -54.658949861532

 Properties without orbital relaxation:

 !MRCI STATE 3.4 Dipole moment          0.00000000     0.00000000    -1.38293592
 Dipole moment /Debye                   0.00000000     0.00000000    -3.51507249

 Cluster corrected energies           -54.66767052 (Davidson, fixed reference)
 Cluster corrected energies           -54.66766831 (Davidson, relaxed reference)
 Cluster corrected energies           -54.66767052 (Davidson, rotated reference)

 Cluster corrected energies           -54.66330646 (Pople, fixed reference)
 Cluster corrected energies           -54.66330537 (Pople, relaxed reference)
 Cluster corrected energies           -54.66330646 (Pople, rotated reference)


 !MRCI trans          <2.4|DMZ|1.4>    -0.436194904452 au =    -1.108696860017 Debye

 !MRCI trans          <3.4|DMZ|1.4>     0.000002385628 au =     0.000006063661 Debye

 !MRCI trans          <3.4|DMZ|2.4>    -0.000009205315 au =    -0.000023397577 Debye


 **********************************************************************************************************************************
 DATASETS  * FILE   NREC   LENGTH (MB)   RECORD NAMES
              1      21      257.39       500      700      610      701      900      950      970     1000      129      960   
                                          VAR     GEOM    BASINP    GEOM    SYMINP    ZMAT    AOBASIS   BASIS     P2S    ABASIS    
                                         1100     1400     1410     1200     1210     1080     1600     1650     1300     1700   
                                           S        T        V       H0       H01     AOSYM     SMH    MOLCAS    ERIS     OPER   
                                         1380   
                                         JKOP   

              2       8       17.69       500      610      700     1000      520     2100     2140      701   
                                          VAR    BASINP    GEOM     BASIS   MCVARS     RHF     MCSCF    GEOM   

 PROGRAMS   *        TOTAL        CI     MULTI       INT        CI     MULTI       INT        CI     MULTI       INT        CI
 CPU TIMES  *       266.20     11.94      1.21      8.43     11.28      1.23      8.45     11.23      1.19      8.46     11.28
 REAL TIME  *       284.48 SEC
 DISK USED  *       789.46 MB
 **********************************************************************************************************************************
 SETTING E1(13)         =       -55.11611099  AU                              
 SETTING E2(13)         =       -54.75926075  AU                              
 SETTING E3(13)         =       -54.65894986  AU                              

 DO I                   =        14.00000000   


 Using spherical harmonics

 Library entry N      S aug-cc-pV5Z          selected for orbital group  1
 Library entry N      P aug-cc-pV5Z          selected for orbital group  1
 Library entry N      D aug-cc-pV5Z          selected for orbital group  1
 Library entry N      F aug-cc-pV5Z          selected for orbital group  1
 Library entry N      G aug-cc-pV5Z          selected for orbital group  1
 Library entry N      H aug-cc-pV5Z          selected for orbital group  1
 Library entry H      S aug-cc-pV5Z          selected for orbital group  2
 Library entry H      P aug-cc-pV5Z          selected for orbital group  2
 Library entry H      D aug-cc-pV5Z          selected for orbital group  2
 Library entry H      F aug-cc-pV5Z          selected for orbital group  2
 Library entry H      G aug-cc-pV5Z          selected for orbital group  2


 PROGRAM * SEWARD (Integral evaluation for generally contracted gaussian basis sets)     Author: Roland Lindh, 1990

 Geometry written to block  1 of record 701

 Orientation using atomic masses  
 Molecule type: Linear
 Symmetry elements: X,Y
 Rotational constants:     743.9157509    743.9157509      0.0000000 GHz  (calculated with average atomic masses)

 Point group  C2v 



 ATOMIC COORDINATES

 NR  ATOM    CHARGE       X              Y              Z

   1  N       7.00    0.000000000    0.000000000   -0.107829490
   2  H       1.00    0.000000000    0.000000000    1.498437716

 Bond lengths in Bohr (Angstrom)

 1-2  1.606267206
     ( 0.850000000)

 NUCLEAR CHARGE:                    8
 NUMBER OF PRIMITIVE AOS:         307
 NUMBER OF SYMMETRY AOS:          227
 NUMBER OF CONTRACTIONS:          207   (   77A1  +   50B1  +   50B2  +   30A2  )
 NUMBER OF INNER CORE ORBITALS:     0   (    0A1  +    0B1  +    0B2  +    0A2  )
 NUMBER OF OUTER CORE ORBITALS:     1   (    1A1  +    0B1  +    0B2  +    0A2  )
 NUMBER OF VALENCE ORBITALS:        5   (    3A1  +    1B1  +    1B2  +    0A2  )


 NUCLEAR REPULSION ENERGY    4.35792997

 EXTRA SYMMETRY OF AOS IN SYMMETRY 1:   1 1 1 1 1 1 1 1 1 1   1 1 1 1 2 1 2 1 2 1   2 1 2 1 2 1 2 1 2 1   2 1 3 2 1 3 2 1 3 2
                                        2 3 1 2 3 1 1 1 1 1   1 1 1 1 1 1 1 1 2 1   2 1 2 1 2 1 2 1 2 1   2 1 3 2 1 3 2
 EXTRA SYMMETRY OF AOS IN SYMMETRY 2:   1 1 1 1 1 1 1 1 1 1   1 1 2 1 2 1 2 1 2 1   2 1 2 1 2 1 2 3 1 2   3 1 1 1 1 1 1 1 1 1
                                        1 2 1 2 1 2 1 2 1 2
 EXTRA SYMMETRY OF AOS IN SYMMETRY 3:   1 1 1 1 1 1 1 1 1 1   1 1 2 1 2 1 2 1 2 1   2 1 2 1 2 1 2 3 1 2   3 1 1 1 1 1 1 1 1 1
                                        1 2 1 2 1 2 1 2 1 2
 EXTRA SYMMETRY OF AOS IN SYMMETRY 4:   1 1 1 1 1 1 1 1 1 1   2 1 2 1 2 2 1 2 1 1   1 1 1 1 1 1 1 2 1 2

 Eigenvalues of metric

         1 0.951E-05 0.650E-04 0.164E-03 0.201E-03 0.341E-03 0.425E-03 0.911E-03 0.172E-02
         2 0.126E-03 0.714E-03 0.210E-02 0.448E-02 0.577E-02 0.121E-01 0.180E-01 0.227E-01
         3 0.126E-03 0.714E-03 0.210E-02 0.448E-02 0.577E-02 0.121E-01 0.180E-01 0.227E-01
         4 0.172E-02 0.891E-02 0.234E-01 0.415E-01 0.809E-01 0.982E-01 0.181E+00 0.192E+00


 Contracted 2-electron integrals neglected if value below      1.0D-12
 AO integral compression algorithm  1   Integral accuracy      1.0D-12

     292.028 MB (compressed) written to integral file ( 51.8%)


 NUMBER OF SORTED TWO-ELECTRON INTEGRALS:   59167011.     BUFFER LENGTH:  32768
 NUMBER OF SEGMENTS:   4  SEGMENT LENGTH:   15999984      RECORD LENGTH: 524288

 Memory used in sort:      16.56 MW

 SORT1 READ    70490039. AND WROTE    39593924. INTEGRALS IN    116 RECORDS. CPU TIME:     0.75 SEC, REAL TIME:     0.89 SEC
 SORT2 READ    39593924. AND WROTE    59167011. INTEGRALS IN   1114 RECORDS. CPU TIME:     0.62 SEC, REAL TIME:     0.73 SEC

 FILE SIZES:   FILE 1:   323.1 MBYTE,  FILE 4:   486.6 MBYTE,   TOTAL:    809.7 MBYTE

 OPERATOR DM      FOR CENTER  0  COORDINATES:    0.000000    0.000000    0.000000


 **********************************************************************************************************************************
 DATASETS  * FILE   NREC   LENGTH (MB)   RECORD NAMES
              1      20      254.83       500      700      610      701      900      950      970     1000      129      960   
                                          VAR     GEOM    BASINP    GEOM    SYMINP    ZMAT    AOBASIS   BASIS     P2S    ABASIS    
                                         1100     1400     1410     1200     1210     1080     1600     1650     1300     1700   
                                           S        T        V       H0       H01     AOSYM     SMH    MOLCAS    ERIS     OPER   

              2       8       17.69       500      610      700     1000      520     2100     2140      701   
                                          VAR    BASINP    GEOM     BASIS   MCVARS     RHF     MCSCF    GEOM   

 PROGRAMS   *        TOTAL       INT        CI     MULTI       INT        CI     MULTI       INT        CI     MULTI       INT
 CPU TIMES  *       274.66      8.45     11.94      1.21      8.43     11.28      1.23      8.45     11.23      1.19      8.46
 REAL TIME  *       293.32 SEC
 DISK USED  *       789.96 MB
 **********************************************************************************************************************************

 PROGRAM * MULTI (Direct Multiconfiguration SCF)       Authors: P.J. Knowles, H.-J. Werner (1984)
                                                                D.A. Kreplin, P.J. Knowles, H.-J. Werner (2019)

 Number of closed-shell orbitals:   1 (   1   0   0   0 )
 Number of active  orbitals:        5 (   3   1   1   0 )
 Number of external orbitals:     201 (  73  49  49  30 )

 State symmetry 1

 Number of active electrons:   6    Spin symmetry=Triplet   Space symmetry=4
 Number of states:             4
 Number of CSFs:              12   (15 determinants, 50 intermediate states)

 Molecular orbitals read from record     2140.2  Type=MCSCF/NATURAL (state averaged)

 EXTRA SYMMETRY OF MOS IN SYMMETRY 1:   1 1 1 1 1 1 1 2 1 1   1 1 2 1 1 2 1 1 2 1   2 1 1 1 3 2 1 1 2 2   1 1 2 3 1 1 2 1 1 1
                                        2 3 2 1 2 3 1 1 2 2   1 1 1 2 1 1 2 3 1 3   1 2 2 1 3 1 2 1 2 1   2 1 2 1 1 1 1
 EXTRA SYMMETRY OF MOS IN SYMMETRY 2:   1 1 1 1 1 1 2 1 1 1   2 1 1 1 2 1 1 2 1 2   1 1 1 2 3 1 1 2 2 1   1 2 1 1 1 2 3 1 1 1
                                        2 2 1 2 2 1 1 1 1 1
 EXTRA SYMMETRY OF MOS IN SYMMETRY 3:   1 1 1 1 1 1 2 1 1 1   2 1 1 1 2 1 1 2 1 2   1 1 1 2 3 1 1 2 2 1   1 2 1 1 1 2 3 1 1 1
                                        2 2 1 2 2 1 1 1 1 1
 EXTRA SYMMETRY OF MOS IN SYMMETRY 4:   1 1 1 1 1 2 1 1 1 1   2 1 1 2 1 1 2 1 1 1   1 2 2 1 1 2 1 1 1 1

 Wavefunction dump at record             2140.2

 Convergence thresholds  0.10E-04 (gradient)  0.10E-05 (energy)

 Weight factors for state symmetry  1:    0.25000   0.25000   0.25000   0.25000
 
 Number of orbital rotations:  393  ( 3 closed/active, 73 closed/virtual, 0 active/active, 317 active/virtual )
 Total number of variables:    453
 
  Second-order MCSCF: L-BFGS accelerated
 
 ITER  MIC  NCI  NEG     ENERGY(VAR)    ENERGY(PROJ) ENERGY CHANGE       GRAD(0)  GRAD(ORB)   GRAD(CI)      STEP      TIME
   1    5    3    0    -54.63071231     -54.63075460   -0.00004230    0.01542966 0.00001591 0.00000000  0.86E-02      0.33
   2    6    5    0    -54.63075457     -54.63075457   -0.00000000    0.00001423 0.00000000 0.00000000  0.17E-04      0.68
   3    3    2    0    -54.63075457     -54.63075457    0.00000000    0.00000000 0.00000000 0.00000000  0.28E-09      1.00

 CONVERGENCE REACHED!  Final gradient:    0.00000000 ( 0.23E-11)
                       Final energy:    -54.63075457
 
 Results for state 1.4
 =====================
 !MCSCF STATE 1.4 Energy                       -54.912796819121
 Nuclear energy                                  4.35792997
 Kinetic energy                                 56.27777456
 One electron energy                           -83.81863873
 Two electron energy                            24.54791194
 Virial ratio                                    1.97574571
 
 !MCSCF STATE 1.4 Dipole moment                  0.00000000     0.00000000     0.81538285
 Dipole moment /Debye                            0.00000000     0.00000000     2.07249650
 
 Results for state 2.4
 =====================
 !MCSCF STATE 2.4 Energy                       -54.623280108877
 Nuclear energy                                  4.35792997
 Kinetic energy                                 54.70510030
 One electron energy                           -80.32256022
 Two electron energy                            21.34135014
 Virial ratio                                    1.99850434
 
 !MCSCF STATE 2.4 Dipole moment                  0.00000000     0.00000000    -1.66028406
 Dipole moment /Debye                            0.00000000     0.00000000    -4.22002115
 
 Results for state 3.4
 =====================
 !MCSCF STATE 3.4 Energy                       -54.504040406951
 Nuclear energy                                  4.35792997
 Kinetic energy                                 54.73290145
 One electron energy                           -80.32134255
 Two electron energy                            21.45937217
 Virial ratio                                    1.99581858
 
 !MCSCF STATE 3.4 Dipole moment                  0.00000000     0.00000000    -1.53963571
 Dipole moment /Debye                            0.00000000     0.00000000    -3.91336364
 
 Results for state 4.4
 =====================
 !MCSCF STATE 4.4 Energy                       -54.482900956374
 Nuclear energy                                  4.35792997
 Kinetic energy                                 54.77975321
 One electron energy                           -80.31778188
 Two electron energy                            21.47695095
 Virial ratio                                    1.99458099
 
 !MCSCF STATE 4.4 Dipole moment                  0.00000000     0.00000000    -1.35138804
 Dipole moment /Debye                            0.00000000     0.00000000    -3.43488579
 
 State-averaged charge density matrix saved on record 2140.2 (density set 1)
 
 Expectation values: (only non-zero values are shown)
 
 !MCSCF expec                       <1.4|DMZ|1.4>     0.815382854886 au =     2.072496495710 Debye
 !MCSCF expec                       <2.4|DMZ|2.4>    -1.660284058893 au =    -4.220021151192 Debye
 !MCSCF expec                       <3.4|DMZ|3.4>    -1.539635712164 au =    -3.913363641395 Debye
 !MCSCF expec                       <4.4|DMZ|4.4>    -1.351388043457 au =    -3.434885793372 Debye
 
 Transition values: (only non-zero values with the ground state are shown)
 
 !MCSCF trans                       <1.4|DMZ|2.4>    -0.276190513491 au =    -0.702006263596 Debye
 !MCSCF trans                       <1.4|DMZ|4.4>     0.305986322350 au =     0.777739655679 Debye
 

 EXTRA SYMMETRY OF MOS IN SYMMETRY 1:   1 1 1 1 1 1 1 2 1 1   1 1 2 1 1 2 1 1 2 1   2 1 1 1 3 2 1 1 2 2   1 1 2 3 1 1 2 1 1 1
                                        2 3 2 1 2 3 1 1 2 1   2 1 1 2 1 1 2 3 1 3   2 1 2 1 3 1 2 1 2 1   2 1 2 1 1 1 1
 
 Natural orbital dump (state averaged) at molpro section 2140.2 (Orbital set 2)
 
 Reoptimze the CI vectors with natural orbitals 
 
 CI Coefficients of symmetry 4
 =============================
 
 220 a a        0.99796898      0.00927705     -0.00000000      0.02160164
 2ab a a       -0.00306496      0.86128110      0.00000000      0.00206435
 2ba a a       -0.01722184     -0.28851365     -0.00000000      0.81066867
 2aa b a        0.01014340     -0.28638373      0.70694436     -0.40636651
 2aa a b        0.01014340     -0.28638373     -0.70694436     -0.40636651
 a2b a a        0.05099848     -0.08547117      0.00000000      0.01234725
 b2a a a       -0.01794679      0.03050718     -0.00000000      0.08370660
 
 Energy:      -54.91279682    -54.62328011    -54.50404041    -54.48290096
 


 **********************************************************************************************************************************
 DATASETS  * FILE   NREC   LENGTH (MB)   RECORD NAMES
              1      21      257.75       500      700      610      701      900      950      970     1000      129      960   
                                          VAR     GEOM    BASINP    GEOM    SYMINP    ZMAT    AOBASIS   BASIS     P2S    ABASIS    
                                         1100     1400     1410     1200     1210     1080     1600     1650     1300     1700   
                                           S        T        V       H0       H01     AOSYM     SMH    MOLCAS    ERIS     OPER   
                                         1380   
                                         JKOP   

              2       8       17.69       500      610      700     1000      520     2100     2140      701   
                                          VAR    BASINP    GEOM     BASIS   MCVARS     RHF     MCSCF    GEOM   

 PROGRAMS   *        TOTAL     MULTI       INT        CI     MULTI       INT        CI     MULTI       INT        CI     MULTI
 CPU TIMES  *       275.84      1.18      8.45     11.94      1.21      8.43     11.28      1.23      8.45     11.23      1.19
 REAL TIME  *       294.65 SEC
 DISK USED  *       789.96 MB
 **********************************************************************************************************************************


 PROGRAM * CI (Multireference internally contracted CI)     Authors: H.-J. Werner, P.J. Knowles, 1987


 Convergence thresholds:  THRVAR = 1.00D-08  THRDEN = 1.00D-06

 Number of optimized states: 3  Roots:    1   2   3
 Number of reference states: 3  Roots:    1   2   3

 Program parameters:       NSTATE=  3    NSTATI=  5    NSTATR=  3    NCEPA = -1    NOKOP =  0    ITRDM =  0    ITRANS=  0
                           IDIP  =200    MAXIT =250    MAXITI=250    MAXDAV=  9    MAXVI = 15    NOSING=  0    NOPAIR=  0
                           MXSHRF=  4    IKCPS =  0    IOPTGM=  2    IOPTOR=  0    REFOPT=  1    IAVDEN=  0    IDELCG=  1
                           IREST =  0    NATORB=  0    IPUNRF=  0    ISEP  =  0    OLDDEN=  0    NSTPRI=  1    GPSFLI= -1
                           CLUSTE=  0    CLOSED=  1    ILSTYP=  0    ITRLS =  0    ICCSD =  0    LOCAL =  0    IBASO =  0
                           MP    =  0    ITEDIS=  2    INCDIS=  1    MAXDIS=  6    ITYDIS=  1    BRUECK=  0    IBRSTR=  3
                           INCBRK=  1    TRIPLE=  0    ICCTYP=  2    IHPPD =  0    ICCNEW=  0    I3EXT = -1    IDEB  =  0
                           IDLEIG=  1    IDFTYP=  1    IMP3  =  0    IPROCS=  0    NOINT =  0    NOREF =  1    IMP2G =  0
                           IHINT =  0    IFDIA =  0    ISPARO=  1    JKSYM =  0    CPHF  =  0    MP2D  = -1    DKINT =  0
                           NPKEX =  1    DRVK  =  1    HLSTRA=  1    WIGNER=  1    DIIS_C=  1    MAXIT_= 50    MATEL =  0
                           SPDEG =  1    MEMCPH=  0    DISM  =  1    KDCPMA=  5    IKDCP_=  0    IREDTH=  0    USECS =  0
                           IPROCC=  0    I3SAVE=  1    IKDCP =  1    USECI =  0    OLDPAI=  0    IPROCI=  0    KEEPCL=  1
                           DISCON=  0    SHIFTE=  0    DIISIN=  0    MOLCAS=  0    MEM_PT=  0    RECORD=  0    RS2C  =  0
                           KEXT  = -1    CIPT2 =  0    DECP0S=  0    I4EXT = -1    NATCOR=  0    RIMP2 =  0    DDCI  = -1
                           IPOLAR=  0

 Reference symmetry:                   4   Triplet 
 Number of electrons:                  8
 Maximum number of shells:             3
 Maximum number of spin couplings:     9

 Reference space:        6 conf       12 CSFs
 N elec internal:       35 conf       45 CSFs
 N-1 el internal:       48 conf       96 CSFs
 N-2 el internal:       26 conf      102 CSFs

 Number of electrons in valence space:                      6
 Maximum number of open shell orbitals in reference space:  4
 Maximum number of open shell orbitals in internal spaces:  6


 Number of core orbitals:           1 (   1   0   0   0 )
 Number of active  orbitals:        5 (   3   1   1   0 )
 Number of external orbitals:     201 (  73  49  49  30 )

 Molecular orbitals read from record     2140.2  Type=MCSCF/NATURAL (state averaged)

 Valence orbitals related to previous ones by unitary transformation. Operators transformed.


 Number of p-space configurations:   5

 Reference wavefunction optimized for reference space (refopt=1)

 State     Reference Energy 
     1       -54.91279682
     2       -54.62328011
     3       -54.50404041
     4       -54.48290096
     5       -54.13240694

 Number of blocks in overlap matrix:    13   Smallest eigenvalue:  0.26D-06
 Number of N-2 electron functions:      60
 Number of N-1 electron functions:      96

 Number of internal configurations:                   12
 Number of singly external configurations:          4953
 Number of doubly external configurations:        311592
 Total number of contracted configurations:       316557
 Total number of uncontracted configurations:     529947

 Diagonal Coupling coefficients finished.               Storage:    8081 words, CPU-Time:      0.00 seconds.
 Energy denominators for pairs finished in 1 passes.    Storage:  127229 words, CPU-time:      0.00 seconds.

  ITER. STATE  ROOT     SQ.NORM     CORR.ENERGY   TOTAL ENERGY   ENERGY CHANGE       DEN1      VAR(S)    VAR(P)      TIME
    1     1     1     1.00000000     0.00000000   -54.91279682    -0.00000000    -0.21568993  0.70D-01  0.21D-01     0.15
    1     2     2     1.00000000     0.00000000   -54.62328011     0.00000000    -0.12282493  0.23D-01  0.13D-01     0.15
    1     3     3     1.00000000     0.00000000   -54.50404041    -0.00000000    -0.14560332  0.27D-01  0.16D-01     0.15
    2     1     1     1.06969883    -0.18807362   -55.10087044    -0.18807362    -0.00931590  0.20D-02  0.12D-02     1.31
    2     2     2     1.03932199    -0.12753786   -54.75081797    -0.12753786    -0.00228123  0.32D-03  0.35D-03     1.31
    2     3     3     1.04283173    -0.14482794   -54.64886835    -0.14482794    -0.00303430  0.60D-03  0.41D-03     1.31
    3     1     1     1.06943118    -0.19791595   -55.11071277    -0.00984233    -0.00051247  0.62D-04  0.83D-04     2.47
    3     2     2     1.04102257    -0.13023717   -54.75351728    -0.00269931    -0.00017917  0.27D-04  0.33D-04     2.47
    3     3     3     1.04615939    -0.14827598   -54.65231639    -0.00344804    -0.00023297  0.13D-03  0.33D-04     2.47
    4     1     1     1.07159768    -0.19858570   -55.11138252    -0.00066975    -0.00004520  0.44D-05  0.77D-05     3.64
    4     2     2     1.04210862    -0.13049083   -54.75377094    -0.00025365    -0.00002749  0.41D-05  0.47D-05     3.64
    4     3     3     1.04982466    -0.14864243   -54.65268284    -0.00036645    -0.00005561  0.37D-04  0.76D-05     3.64
    5     1     1     1.07225428    -0.19864780   -55.11144461    -0.00006209    -0.00000462  0.49D-06  0.78D-06     4.82
    5     2     2     1.04211235    -0.13052911   -54.75380922    -0.00003828    -0.00000484  0.72D-06  0.87D-06     4.82
    5     3     3     1.05203941    -0.14874449   -54.65278490    -0.00010206    -0.00002136  0.20D-04  0.25D-05     4.82
    6     1     1     1.07220061    -0.19865404   -55.11145086    -0.00000624    -0.00000063  0.56D-07  0.98D-07     6.00
    6     2     2     1.04206107    -0.13053595   -54.75381606    -0.00000684    -0.00000101  0.12D-06  0.19D-06     6.00
    6     3     3     1.05354890    -0.14878440   -54.65282481    -0.00003991    -0.00001347  0.14D-04  0.15D-05     6.00
    7     1     1     1.07222057    -0.19865485   -55.11145167    -0.00000081    -0.00000009  0.86D-08  0.14D-07     7.17
    7     2     2     1.04207743    -0.13053721   -54.75381732    -0.00000125    -0.00000021  0.45D-07  0.36D-07     7.17
    7     3     3     1.05501812    -0.14880644   -54.65284684    -0.00002204    -0.00000787  0.53D-05  0.86D-06     7.17
    8     1     1     1.07222693    -0.19865496   -55.11145178    -0.00000012    -0.00000002  0.15D-08  0.24D-08     8.35
    8     2     2     1.04207421    -0.13053748   -54.75381759    -0.00000027    -0.00000005  0.99D-08  0.85D-08     8.35
    8     3     3     1.05587824    -0.14881817   -54.65285858    -0.00001173    -0.00000377  0.36D-05  0.41D-06     8.35
    9     1     1     1.07222672    -0.19865496   -55.11145178    -0.00000000    -0.00000002  0.15D-08  0.23D-08     9.25
    9     2     2     1.04207590    -0.13053754   -54.75381765    -0.00000007    -0.00000001  0.20D-08  0.25D-08     9.25
    9     3     3     1.05869197    -0.14883057   -54.65287098    -0.00001240    -0.00000216  0.46D-06  0.36D-06     9.25
   10     1     1     1.07222672    -0.19865496   -55.11145178    -0.00000000    -0.00000002  0.15D-08  0.23D-08     9.90
   10     2     2     1.04207590    -0.13053754   -54.75381765     0.00000000    -0.00000001  0.20D-08  0.25D-08     9.90
   10     3     3     1.05892669    -0.14883297   -54.65287338    -0.00000240    -0.00000030  0.17D-06  0.59D-07     9.90
   11     1     1     1.07222672    -0.19865496   -55.11145178    -0.00000000    -0.00000002  0.15D-08  0.23D-08    10.56
   11     2     2     1.04207590    -0.13053754   -54.75381765    -0.00000000    -0.00000001  0.20D-08  0.25D-08    10.56
   11     3     3     1.05927010    -0.14883348   -54.65287388    -0.00000050    -0.00000013  0.46D-07  0.30D-07    10.56
   12     1     1     1.07222672    -0.19865496   -55.11145178    -0.00000000    -0.00000002  0.15D-08  0.23D-08    11.21
   12     2     2     1.04207590    -0.13053754   -54.75381765    -0.00000000    -0.00000001  0.20D-08  0.25D-08    11.21
   12     3     3     1.05953355    -0.14883365   -54.65287406    -0.00000017    -0.00000003  0.54D-08  0.76D-08    11.21
   13     1     1     1.07222672    -0.19865496   -55.11145178    -0.00000000    -0.00000002  0.15D-08  0.23D-08    11.86
   13     2     2     1.04207590    -0.13053754   -54.75381765    -0.00000000    -0.00000001  0.20D-08  0.25D-08    11.86
   13     3     3     1.05957171    -0.14883368   -54.65287409    -0.00000003    -0.00000000  0.23D-08  0.79D-09    11.86


 =====================================
 Analysis of CPU times by interactions
 =====================================

       I      S      P

 I   0.2%
 S   0.1%   0.3%
 P   0.4%   0.8%  28.5%

 Initialization:   1.2%
 Other:           68.5%

 Total CPU:       11.9 seconds
 =====================================



 gnormi=  0.93263857  gnorms=  0.04242792  gnormp=  0.02493351  gnorm=  1.00000000
 ecorri= -0.18527328  ecorrs= -0.00842594  ecorrp= -0.00495574  ecorr= -0.19865496

 gnormi=  0.95962300  gnorms=  0.02387162  gnormp=  0.01650539  gnorm=  1.00000000
 ecorri= -0.12526683  ecorrs= -0.00311605  ecorrp= -0.00215467  ecorr= -0.13053754

 gnormi=  0.94377756  gnorms=  0.03709441  gnormp=  0.01912803  gnorm=  1.00000000
 ecorri= -0.14046589  ecorrs= -0.00552011  ecorrp= -0.00284768  ecorr= -0.14883368

 Reference coefficients greater than 0.0500000
 =============================================
 220//           0.9648873  -0.0002855  -0.0000001
 2/\//           0.0102296   0.7978402  -0.0000040
 2///\           0.0059607  -0.3237670   0.7930354
 2//\/           0.0084297  -0.4578757  -0.5607678
 /2\//           0.0286293  -0.0719466  -0.0000003

 Coefficients of singly external configurations greater than 0.0500000
 =====================================================================

 2200/   2.2    -0.0328492  -0.0035788  -0.0704497
 220/0   2.3     0.0328493   0.0035785  -0.0704493
 2/0/\  11.1     0.0562606   0.0038889   0.0000002

 Coefficients of fixed reference functions:
 ==========================================

 State      Coefficients
 1           0.965468    0.007805    0.000000
 2          -0.008703    0.979480   -0.000000
 3          -0.000000    0.000000    0.971476

 Coefficients of rotated reference functions:
 ============================================

 State      Coefficients
 1           0.965500   -0.000389   -0.000000
 2          -0.000389    0.979519    0.000000
 3          -0.000000    0.000000    0.971476


 RESULTS FOR STATE 1.4
 =====================

 Coefficient of reference function:   C(0) = 0.96546841 (fixed)   0.96573214 (relaxed)   0.96549989 (rotated)

 Energy contributions of configuration classes

 CLASS          SQ.NORM        ECORR1        ECORR2
 +++++++++++++++++++++++++++++++++++++++++++++++++++
 Internals    0.00048117   -0.00000099   -0.11398368
 Singles      0.04551424   -0.07647537   -0.07971552
 Pairs        0.02674724   -0.00000003   -0.00495576
 Total        1.07274265   -0.07647639   -0.19865496
 +++++++++++++++++++++++++++++++++++++++++++++++++++


 Reference energy                     -54.91277596
 Nuclear energy                         4.35792997
 Kinetic energy                        55.61977653
 One electron energy                  -82.95460775
 Two electron energy                   23.48522600
 Virial quotient                       -0.99086072
 Correlation energy                    -0.19867582
 !MRCI STATE 1.4 Energy               -55.111451782459

 Properties without orbital relaxation:

 !MRCI STATE 1.4 Dipole moment          0.00000000     0.00000000     0.65843586
 Dipole moment /Debye                   0.00000000     0.00000000     1.67357703

 Cluster corrected energies           -55.12590399 (Davidson, fixed reference)
 Cluster corrected energies           -55.12580149 (Davidson, relaxed reference)
 Cluster corrected energies           -55.12590399 (Davidson, rotated reference)

 Cluster corrected energies           -55.11866835 (Pople, fixed reference)
 Cluster corrected energies           -55.11861730 (Pople, relaxed reference)
 Cluster corrected energies           -55.11866835 (Pople, rotated reference)



 RESULTS FOR STATE 2.4
 =====================

 Coefficient of reference function:   C(0) = 0.97948022 (fixed)   0.97960349 (relaxed)   0.97951881 (rotated)

 Energy contributions of configuration classes

 CLASS          SQ.NORM        ECORR1        ECORR2
 +++++++++++++++++++++++++++++++++++++++++++++++++++
 Internals    0.00017292   -0.00000098   -0.07792026
 Singles      0.02488034   -0.04934724   -0.05046261
 Pairs        0.01720284   -0.00000000   -0.00215467
 Total        1.04225609   -0.04934822   -0.13053754
 +++++++++++++++++++++++++++++++++++++++++++++++++++


 Reference energy                     -54.62330096
 Nuclear energy                         4.35792997
 Kinetic energy                        55.20564396
 One electron energy                  -80.54225430
 Two electron energy                   21.43050668
 Virial quotient                       -0.99181558
 Correlation energy                    -0.13051669
 !MRCI STATE 2.4 Energy               -54.753817651241

 Properties without orbital relaxation:

 !MRCI STATE 2.4 Dipole moment          0.00000000     0.00000000    -1.56398013
 Dipole moment /Debye                   0.00000000     0.00000000    -3.97524098

 Cluster corrected energies           -54.75933278 (Davidson, fixed reference)
 Cluster corrected energies           -54.75930926 (Davidson, relaxed reference)
 Cluster corrected energies           -54.75933278 (Davidson, rotated reference)

 Cluster corrected energies           -54.75657398 (Pople, fixed reference)
 Cluster corrected energies           -54.75656224 (Pople, relaxed reference)
 Cluster corrected energies           -54.75657398 (Pople, rotated reference)



 RESULTS FOR STATE 3.4
 =====================

 Coefficient of reference function:   C(0) = 0.97147572 (fixed)   0.97148214 (relaxed)   0.97147572 (rotated)

 Energy contributions of configuration classes

 CLASS          SQ.NORM        ECORR1        ECORR2
 +++++++++++++++++++++++++++++++++++++++++++++++++++
 Internals    0.00001323   -0.00000000   -0.00000186
 Singles      0.03930471   -0.05811053   -0.06036280
 Pairs        0.02026779   -0.09072316   -0.08846903
 Total        1.05958572   -0.14883368   -0.14883368
 +++++++++++++++++++++++++++++++++++++++++++++++++++


 Reference energy                     -54.50404041
 Nuclear energy                         4.35792997
 Kinetic energy                        55.14112748
 One electron energy                  -80.46389251
 Two electron energy                   21.45308845
 Virial quotient                       -0.99114539
 Correlation energy                    -0.14883368
 !MRCI STATE 3.4 Energy               -54.652874091315

 Properties without orbital relaxation:

 !MRCI STATE 3.4 Dipole moment          0.00000000     0.00000000    -1.36729727
 Dipole moment /Debye                   0.00000000     0.00000000    -3.47532302

 Cluster corrected energies           -54.66174245 (Davidson, fixed reference)
 Cluster corrected energies           -54.66174037 (Davidson, relaxed reference)
 Cluster corrected energies           -54.66174245 (Davidson, rotated reference)

 Cluster corrected energies           -54.65730434 (Pople, fixed reference)
 Cluster corrected energies           -54.65730330 (Pople, relaxed reference)
 Cluster corrected energies           -54.65730434 (Pople, rotated reference)


 !MRCI trans          <2.4|DMZ|1.4>    -0.425398326630 au =    -1.081254696415 Debye

 !MRCI trans          <3.4|DMZ|1.4>     0.000002424182 au =     0.000006161655 Debye

 !MRCI trans          <3.4|DMZ|2.4>    -0.000009848601 au =    -0.000025032648 Debye


 **********************************************************************************************************************************
 DATASETS  * FILE   NREC   LENGTH (MB)   RECORD NAMES
              1      21      257.75       500      700      610      701      900      950      970     1000      129      960   
                                          VAR     GEOM    BASINP    GEOM    SYMINP    ZMAT    AOBASIS   BASIS     P2S    ABASIS    
                                         1100     1400     1410     1200     1210     1080     1600     1650     1300     1700   
                                           S        T        V       H0       H01     AOSYM     SMH    MOLCAS    ERIS     OPER   
                                         1380   
                                         JKOP   

              2       8       17.69       500      610      700     1000      520     2100     2140      701   
                                          VAR    BASINP    GEOM     BASIS   MCVARS     RHF     MCSCF    GEOM   

 PROGRAMS   *        TOTAL        CI     MULTI       INT        CI     MULTI       INT        CI     MULTI       INT        CI
 CPU TIMES  *       287.77     11.92      1.18      8.45     11.94      1.21      8.43     11.28      1.23      8.45     11.23
 REAL TIME  *       307.52 SEC
 DISK USED  *       789.96 MB
 **********************************************************************************************************************************
 SETTING E1(14)         =       -55.11145178  AU                              
 SETTING E2(14)         =       -54.75381765  AU                              
 SETTING E3(14)         =       -54.65287409  AU                              

 DO I                   =        15.00000000   


 Using spherical harmonics

 Library entry N      S aug-cc-pV5Z          selected for orbital group  1
 Library entry N      P aug-cc-pV5Z          selected for orbital group  1
 Library entry N      D aug-cc-pV5Z          selected for orbital group  1
 Library entry N      F aug-cc-pV5Z          selected for orbital group  1
 Library entry N      G aug-cc-pV5Z          selected for orbital group  1
 Library entry N      H aug-cc-pV5Z          selected for orbital group  1
 Library entry H      S aug-cc-pV5Z          selected for orbital group  2
 Library entry H      P aug-cc-pV5Z          selected for orbital group  2
 Library entry H      D aug-cc-pV5Z          selected for orbital group  2
 Library entry H      F aug-cc-pV5Z          selected for orbital group  2
 Library entry H      G aug-cc-pV5Z          selected for orbital group  2


 PROGRAM * SEWARD (Integral evaluation for generally contracted gaussian basis sets)     Author: Roland Lindh, 1990

 Geometry written to block  1 of record 701

 Orientation using atomic masses  
 Molecule type: Linear
 Symmetry elements: X,Y
 Rotational constants:     761.7334609    761.7334609      0.0000000 GHz  (calculated with average atomic masses)

 Point group  C2v 



 ATOMIC COORDINATES

 NR  ATOM    CHARGE       X              Y              Z

   1  N       7.00    0.000000000    0.000000000   -0.106560907
   2  H       1.00    0.000000000    0.000000000    1.480809037

 Bond lengths in Bohr (Angstrom)

 1-2  1.587369945
     ( 0.840000000)

 NUCLEAR CHARGE:                    8
 NUMBER OF PRIMITIVE AOS:         307
 NUMBER OF SYMMETRY AOS:          227
 NUMBER OF CONTRACTIONS:          207   (   77A1  +   50B1  +   50B2  +   30A2  )
 NUMBER OF INNER CORE ORBITALS:     0   (    0A1  +    0B1  +    0B2  +    0A2  )
 NUMBER OF OUTER CORE ORBITALS:     1   (    1A1  +    0B1  +    0B2  +    0A2  )
 NUMBER OF VALENCE ORBITALS:        5   (    3A1  +    1B1  +    1B2  +    0A2  )


 NUCLEAR REPULSION ENERGY    4.40981009

 EXTRA SYMMETRY OF AOS IN SYMMETRY 1:   1 1 1 1 1 1 1 1 1 1   1 1 1 1 2 1 2 1 2 1   2 1 2 1 2 1 2 1 2 1   2 1 3 2 1 3 2 1 3 2
                                        2 3 1 2 3 1 1 1 1 1   1 1 1 1 1 1 1 1 2 1   2 1 2 1 2 1 2 1 2 1   2 1 3 2 1 3 2
 EXTRA SYMMETRY OF AOS IN SYMMETRY 2:   1 1 1 1 1 1 1 1 1 1   1 1 2 1 2 1 2 1 2 1   2 1 2 1 2 1 2 3 1 2   3 1 1 1 1 1 1 1 1 1
                                        1 2 1 2 1 2 1 2 1 2
 EXTRA SYMMETRY OF AOS IN SYMMETRY 3:   1 1 1 1 1 1 1 1 1 1   1 1 2 1 2 1 2 1 2 1   2 1 2 1 2 1 2 3 1 2   3 1 1 1 1 1 1 1 1 1
                                        1 2 1 2 1 2 1 2 1 2
 EXTRA SYMMETRY OF AOS IN SYMMETRY 4:   1 1 1 1 1 1 1 1 1 1   2 1 2 1 2 2 1 2 1 1   1 1 1 1 1 1 1 2 1 2

 Eigenvalues of metric

         1 0.925E-05 0.641E-04 0.155E-03 0.197E-03 0.326E-03 0.411E-03 0.898E-03 0.166E-02
         2 0.119E-03 0.688E-03 0.203E-02 0.443E-02 0.564E-02 0.117E-01 0.175E-01 0.219E-01
         3 0.119E-03 0.688E-03 0.203E-02 0.443E-02 0.564E-02 0.117E-01 0.175E-01 0.219E-01
         4 0.166E-02 0.852E-02 0.224E-01 0.402E-01 0.802E-01 0.968E-01 0.179E+00 0.189E+00


 Contracted 2-electron integrals neglected if value below      1.0D-12
 AO integral compression algorithm  1   Integral accuracy      1.0D-12

     292.291 MB (compressed) written to integral file ( 51.9%)


 NUMBER OF SORTED TWO-ELECTRON INTEGRALS:   59167011.     BUFFER LENGTH:  32768
 NUMBER OF SEGMENTS:   4  SEGMENT LENGTH:   15999984      RECORD LENGTH: 524288

 Memory used in sort:      16.56 MW

 SORT1 READ    70490039. AND WROTE    39593920. INTEGRALS IN    116 RECORDS. CPU TIME:     0.75 SEC, REAL TIME:     0.89 SEC
 SORT2 READ    39593920. AND WROTE    59167011. INTEGRALS IN   1115 RECORDS. CPU TIME:     0.63 SEC, REAL TIME:     0.74 SEC

 FILE SIZES:   FILE 1:   323.4 MBYTE,  FILE 4:   486.6 MBYTE,   TOTAL:    810.0 MBYTE

 OPERATOR DM      FOR CENTER  0  COORDINATES:    0.000000    0.000000    0.000000


 **********************************************************************************************************************************
 DATASETS  * FILE   NREC   LENGTH (MB)   RECORD NAMES
              1      20      255.18       500      700      610      701      900      950      970     1000      129      960   
                                          VAR     GEOM    BASINP    GEOM    SYMINP    ZMAT    AOBASIS   BASIS     P2S    ABASIS    
                                         1100     1400     1410     1200     1210     1080     1600     1650     1300     1700   
                                           S        T        V       H0       H01     AOSYM     SMH    MOLCAS    ERIS     OPER   

              2       8       17.69       500      610      700     1000      520     2100     2140      701   
                                          VAR    BASINP    GEOM     BASIS   MCVARS     RHF     MCSCF    GEOM   

 PROGRAMS   *        TOTAL       INT        CI     MULTI       INT        CI     MULTI       INT        CI     MULTI       INT
 CPU TIMES  *       296.15      8.38     11.92      1.18      8.45     11.94      1.21      8.43     11.28      1.23      8.45
 REAL TIME  *       316.27 SEC
 DISK USED  *       790.21 MB
 **********************************************************************************************************************************

 PROGRAM * MULTI (Direct Multiconfiguration SCF)       Authors: P.J. Knowles, H.-J. Werner (1984)
                                                                D.A. Kreplin, P.J. Knowles, H.-J. Werner (2019)

 Number of closed-shell orbitals:   1 (   1   0   0   0 )
 Number of active  orbitals:        5 (   3   1   1   0 )
 Number of external orbitals:     201 (  73  49  49  30 )

 State symmetry 1

 Number of active electrons:   6    Spin symmetry=Triplet   Space symmetry=4
 Number of states:             4
 Number of CSFs:              12   (15 determinants, 50 intermediate states)

 Molecular orbitals read from record     2140.2  Type=MCSCF/NATURAL (state averaged)

 EXTRA SYMMETRY OF MOS IN SYMMETRY 1:   1 1 1 1 1 1 1 2 1 1   1 1 2 1 1 2 1 1 2 1   2 1 1 1 3 2 1 1 2 2   1 1 2 3 1 1 2 1 1 1
                                        2 3 2 1 2 3 1 1 2 1   2 1 1 2 1 1 2 3 1 3   2 1 2 1 3 1 2 1 2 1   2 1 2 1 1 1 1
 EXTRA SYMMETRY OF MOS IN SYMMETRY 2:   1 1 1 1 1 1 2 1 1 1   2 1 1 1 2 1 1 2 1 2   1 1 1 2 3 1 1 2 2 1   1 2 1 1 1 2 3 1 1 1
                                        2 2 1 2 2 1 1 1 1 1
 EXTRA SYMMETRY OF MOS IN SYMMETRY 3:   1 1 1 1 1 1 2 1 1 1   2 1 1 1 2 1 1 2 1 2   1 1 1 2 3 1 1 2 2 1   1 2 1 1 1 2 3 1 1 1
                                        2 2 1 2 2 1 1 1 1 1
 EXTRA SYMMETRY OF MOS IN SYMMETRY 4:   1 1 1 1 1 2 1 1 1 1   2 1 1 2 1 1 2 1 1 1   1 2 2 1 1 2 1 1 1 1

 Wavefunction dump at record             2140.2

 Convergence thresholds  0.10E-04 (gradient)  0.10E-05 (energy)

 Weight factors for state symmetry  1:    0.25000   0.25000   0.25000   0.25000
 
 Number of orbital rotations:  393  ( 3 closed/active, 73 closed/virtual, 0 active/active, 317 active/virtual )
 Total number of variables:    453
 
  Second-order MCSCF: L-BFGS accelerated
 
 ITER  MIC  NCI  NEG     ENERGY(VAR)    ENERGY(PROJ) ENERGY CHANGE       GRAD(0)  GRAD(ORB)   GRAD(CI)      STEP      TIME
   1    5    3    0    -54.62469127     -54.62473399   -0.00004272    0.01579473 0.00001388 0.00000000  0.83E-02      0.33
   2    6    5    0    -54.62473396     -54.62473396   -0.00000000    0.00001381 0.00000000 0.00000000  0.16E-04      0.68
   3    3    2    0    -54.62473396     -54.62473396    0.00000000    0.00000000 0.00000000 0.00000000  0.25E-09      1.00

 CONVERGENCE REACHED!  Final gradient:    0.00000000 ( 0.20E-11)
                       Final energy:    -54.62473396
 
 Results for state 1.4
 =====================
 !MCSCF STATE 1.4 Energy                       -54.907506663742
 Nuclear energy                                  4.40981009
 Kinetic energy                                 56.31325934
 One electron energy                           -83.90735610
 Two electron energy                            24.59003935
 Virial ratio                                    1.97503692
 
 !MCSCF STATE 1.4 Dipole moment                  0.00000000     0.00000000     0.81638700
 Dipole moment /Debye                            0.00000000     0.00000000     2.07504878
 
 Results for state 2.4
 =====================
 !MCSCF STATE 2.4 Energy                       -54.617769025624
 Nuclear energy                                  4.40981009
 Kinetic energy                                 54.72958634
 One electron energy                           -80.39140015
 Two electron energy                            21.36382104
 Virial ratio                                    1.99795691
 
 !MCSCF STATE 2.4 Dipole moment                  0.00000000     0.00000000    -1.65062727
 Dipole moment /Debye                            0.00000000     0.00000000    -4.19547605
 
 Results for state 3.4
 =====================
 !MCSCF STATE 3.4 Energy                       -54.497768385852
 Nuclear energy                                  4.40981009
 Kinetic energy                                 54.75347327
 One electron energy                           -80.38777358
 Two electron energy                            21.48019510
 Virial ratio                                    1.99532989
 
 !MCSCF STATE 3.4 Dipole moment                  0.00000000     0.00000000    -1.53058121
 Dipole moment /Debye                            0.00000000     0.00000000    -3.89034939
 
 Results for state 4.4
 =====================
 !MCSCF STATE 4.4 Energy                       -54.475891765597
 Nuclear energy                                  4.40981009
 Kinetic energy                                 54.79924629
 One electron energy                           -80.38220230
 Two electron energy                            21.49650044
 Virial ratio                                    1.99409929
 
 !MCSCF STATE 4.4 Dipole moment                  0.00000000     0.00000000    -1.34481409
 Dipole moment /Debye                            0.00000000     0.00000000    -3.41817647
 
 State-averaged charge density matrix saved on record 2140.2 (density set 1)
 
 Expectation values: (only non-zero values are shown)
 
 !MCSCF expec                       <1.4|DMZ|1.4>     0.816386999063 au =     2.075048775629 Debye
 !MCSCF expec                       <2.4|DMZ|2.4>    -1.650627271354 au =    -4.195476045521 Debye
 !MCSCF expec                       <3.4|DMZ|3.4>    -1.530581208404 au =    -3.890349388397 Debye
 !MCSCF expec                       <4.4|DMZ|4.4>    -1.344814088169 au =    -3.418176465705 Debye
 
 Transition values: (only non-zero values with the ground state are shown)
 
 !MCSCF trans                       <1.4|DMZ|2.4>    -0.257225495322 au =    -0.653801995549 Debye
 !MCSCF trans                       <1.4|DMZ|4.4>     0.294359930985 au =     0.748188316432 Debye
 

 EXTRA SYMMETRY OF MOS IN SYMMETRY 1:   1 1 1 1 1 1 1 2 1 1   1 1 2 1 1 2 1 1 2 1   2 1 1 1 3 2 1 1 2 2   1 1 2 3 1 1 2 1 1 2
                                        1 3 2 1 2 3 1 1 2 1   2 1 1 2 1 1 2 3 1 3   2 1 2 3 1 1 2 1 2 1   2 1 1 2 1 1 1
 
 Natural orbital dump (state averaged) at molpro section 2140.2 (Orbital set 2)
 
 Reoptimze the CI vectors with natural orbitals 
 
 CI Coefficients of symmetry 4
 =============================
 
 220 a a        0.99802916      0.01415282     -0.00000000      0.01953874
 2ab a a       -0.00742019      0.86133016     -0.00000000      0.00277677
 2ba a a       -0.01397131     -0.28932803     -0.00000000      0.81049234
 2aa b a        0.01069575     -0.28600106      0.70694811     -0.40663455
 2aa a b        0.01069575     -0.28600106     -0.70694811     -0.40663455
 a2b a a        0.05039148     -0.08461823      0.00000000      0.01117599
 b2a a a       -0.01791684      0.02991033     -0.00000000      0.08400333
 
 Energy:      -54.90750666    -54.61776903    -54.49776839    -54.47589177
 


 **********************************************************************************************************************************
 DATASETS  * FILE   NREC   LENGTH (MB)   RECORD NAMES
              1      21      258.10       500      700      610      701      900      950      970     1000      129      960   
                                          VAR     GEOM    BASINP    GEOM    SYMINP    ZMAT    AOBASIS   BASIS     P2S    ABASIS    
                                         1100     1400     1410     1200     1210     1080     1600     1650     1300     1700   
                                           S        T        V       H0       H01     AOSYM     SMH    MOLCAS    ERIS     OPER   
                                         1380   
                                         JKOP   

              2       8       17.69       500      610      700     1000      520     2100     2140      701   
                                          VAR    BASINP    GEOM     BASIS   MCVARS     RHF     MCSCF    GEOM   

 PROGRAMS   *        TOTAL     MULTI       INT        CI     MULTI       INT        CI     MULTI       INT        CI     MULTI
 CPU TIMES  *       297.34      1.18      8.38     11.92      1.18      8.45     11.94      1.21      8.43     11.28      1.23
 REAL TIME  *       317.60 SEC
 DISK USED  *       790.21 MB
 **********************************************************************************************************************************


 PROGRAM * CI (Multireference internally contracted CI)     Authors: H.-J. Werner, P.J. Knowles, 1987


 Convergence thresholds:  THRVAR = 1.00D-08  THRDEN = 1.00D-06

 Number of optimized states: 3  Roots:    1   2   3
 Number of reference states: 3  Roots:    1   2   3

 Program parameters:       NSTATE=  3    NSTATI=  5    NSTATR=  3    NCEPA = -1    NOKOP =  0    ITRDM =  0    ITRANS=  0
                           IDIP  =200    MAXIT =250    MAXITI=250    MAXDAV=  9    MAXVI = 15    NOSING=  0    NOPAIR=  0
                           MXSHRF=  4    IKCPS =  0    IOPTGM=  2    IOPTOR=  0    REFOPT=  1    IAVDEN=  0    IDELCG=  1
                           IREST =  0    NATORB=  0    IPUNRF=  0    ISEP  =  0    OLDDEN=  0    NSTPRI=  1    GPSFLI= -1
                           CLUSTE=  0    CLOSED=  1    ILSTYP=  0    ITRLS =  0    ICCSD =  0    LOCAL =  0    IBASO =  0
                           MP    =  0    ITEDIS=  2    INCDIS=  1    MAXDIS=  6    ITYDIS=  1    BRUECK=  0    IBRSTR=  3
                           INCBRK=  1    TRIPLE=  0    ICCTYP=  2    IHPPD =  0    ICCNEW=  0    I3EXT = -1    IDEB  =  0
                           IDLEIG=  1    IDFTYP=  1    IMP3  =  0    IPROCS=  0    NOINT =  0    NOREF =  1    IMP2G =  0
                           IHINT =  0    IFDIA =  0    ISPARO=  1    JKSYM =  0    CPHF  =  0    MP2D  = -1    DKINT =  0
                           NPKEX =  1    DRVK  =  1    HLSTRA=  1    WIGNER=  1    DIIS_C=  1    MAXIT_= 50    MATEL =  0
                           SPDEG =  1    MEMCPH=  0    DISM  =  1    KDCPMA=  5    IKDCP_=  0    IREDTH=  0    USECS =  0
                           IPROCC=  0    I3SAVE=  1    IKDCP =  1    USECI =  0    OLDPAI=  0    IPROCI=  0    KEEPCL=  1
                           DISCON=  0    SHIFTE=  0    DIISIN=  0    MOLCAS=  0    MEM_PT=  0    RECORD=  0    RS2C  =  0
                           KEXT  = -1    CIPT2 =  0    DECP0S=  0    I4EXT = -1    NATCOR=  0    RIMP2 =  0    DDCI  = -1
                           IPOLAR=  0

 Reference symmetry:                   4   Triplet 
 Number of electrons:                  8
 Maximum number of shells:             3
 Maximum number of spin couplings:     9

 Reference space:        6 conf       12 CSFs
 N elec internal:       35 conf       45 CSFs
 N-1 el internal:       48 conf       96 CSFs
 N-2 el internal:       26 conf      102 CSFs

 Number of electrons in valence space:                      6
 Maximum number of open shell orbitals in reference space:  4
 Maximum number of open shell orbitals in internal spaces:  6


 Number of core orbitals:           1 (   1   0   0   0 )
 Number of active  orbitals:        5 (   3   1   1   0 )
 Number of external orbitals:     201 (  73  49  49  30 )

 Molecular orbitals read from record     2140.2  Type=MCSCF/NATURAL (state averaged)

 Valence orbitals related to previous ones by unitary transformation. Operators transformed.


 Number of p-space configurations:   5

 Reference wavefunction optimized for reference space (refopt=1)

 State     Reference Energy 
     1       -54.90750666
     2       -54.61776903
     3       -54.49776839
     4       -54.47589177
     5       -54.12240934

 Number of blocks in overlap matrix:    13   Smallest eigenvalue:  0.42D-04
 Number of N-2 electron functions:      58
 Number of N-1 electron functions:      96

 Number of internal configurations:                   12
 Number of singly external configurations:          4953
 Number of doubly external configurations:        301498
 Total number of contracted configurations:       306463
 Total number of uncontracted configurations:     529947

 Diagonal Coupling coefficients finished.               Storage:    8011 words, CPU-Time:      0.00 seconds.
 Energy denominators for pairs finished in 1 passes.    Storage:  126793 words, CPU-time:      0.00 seconds.

  ITER. STATE  ROOT     SQ.NORM     CORR.ENERGY   TOTAL ENERGY   ENERGY CHANGE       DEN1      VAR(S)    VAR(P)      TIME
    1     1     1     1.00000000     0.00000000   -54.90750666     0.00000000    -0.22093666  0.70D-01  0.24D-01     0.15
    1     2     2     1.00000000     0.00000000   -54.61776903    -0.00000000    -0.12296909  0.23D-01  0.14D-01     0.15
    1     3     3     1.00000000     0.00000000   -54.49776839     0.00000000    -0.14542901  0.27D-01  0.16D-01     0.15
    2     1     1     1.06954772    -0.18982520   -55.09733187    -0.18982520    -0.00844021  0.18D-02  0.11D-02     1.29
    2     2     2     1.03912682    -0.12734213   -54.74511116    -0.12734213    -0.00227080  0.35D-03  0.35D-03     1.29
    2     3     3     1.04272986    -0.14470717   -54.64247556    -0.14470717    -0.00298594  0.60D-03  0.41D-03     1.29
    3     1     1     1.06970930    -0.19839982   -55.10590648    -0.00857462    -0.00034462  0.47D-04  0.55D-04     2.43
    3     2     2     1.04060435    -0.12993843   -54.74770745    -0.00259630    -0.00015607  0.29D-04  0.29D-04     2.43
    3     3     3     1.04601334    -0.14807967   -54.64584805    -0.00337249    -0.00021839  0.13D-03  0.31D-04     2.43
    4     1     1     1.07156013    -0.19881278   -55.10631944    -0.00041296    -0.00002313  0.30D-05  0.41D-05     3.57
    4     2     2     1.04159432    -0.13013792   -54.74790694    -0.00019949    -0.00001844  0.25D-05  0.37D-05     3.57
    4     3     3     1.04964943    -0.14841632   -54.64618470    -0.00033665    -0.00005032  0.42D-04  0.65D-05     3.57
    5     1     1     1.07214343    -0.19884277   -55.10634944    -0.00002999    -0.00000185  0.16D-06  0.34D-06     4.72
    5     2     2     1.04167247    -0.13016087   -54.74792989    -0.00002295    -0.00000233  0.40D-06  0.50D-06     4.72
    5     3     3     1.05212428    -0.14851167   -54.64628006    -0.00009535    -0.00002203  0.23D-04  0.25D-05     4.72
    6     1     1     1.07214388    -0.19884509   -55.10635175    -0.00000231    -0.00000019  0.13D-07  0.33D-07     5.86
    6     2     2     1.04165395    -0.13016383   -54.74793285    -0.00000296    -0.00000044  0.77D-07  0.94D-07     5.86
    6     3     3     1.05407691    -0.14855639   -54.64632477    -0.00004471    -0.00001619  0.16D-04  0.18D-05     5.86
    7     1     1     1.07214771    -0.19884532   -55.10635198    -0.00000023    -0.00000002  0.19D-08  0.38D-08     7.01
    7     2     2     1.04166557    -0.13016436   -54.74793338    -0.00000053    -0.00000008  0.25D-07  0.14D-07     7.01
    7     3     3     1.05567378    -0.14858159   -54.64634998    -0.00002521    -0.00000843  0.57D-05  0.93D-06     7.01
    8     1     1     1.07214715    -0.19884532   -55.10635198    -0.00000000    -0.00000002  0.18D-08  0.37D-08     7.89
    8     2     2     1.04166500    -0.13016446   -54.74793348    -0.00000010    -0.00000002  0.67D-08  0.28D-08     7.89
    8     3     3     1.05914805    -0.14860455   -54.64637293    -0.00002296    -0.00000380  0.94D-06  0.89D-06     7.89
    9     1     1     1.07214715    -0.19884532   -55.10635198    -0.00000000    -0.00000002  0.18D-08  0.37D-08     8.53
    9     2     2     1.04166500    -0.13016446   -54.74793348     0.00000000    -0.00000002  0.67D-08  0.28D-08     8.53
    9     3     3     1.05953918    -0.14860902   -54.64637740    -0.00000447    -0.00000082  0.41D-06  0.23D-06     8.53
   10     1     1     1.07214715    -0.19884532   -55.10635198     0.00000000    -0.00000002  0.18D-08  0.37D-08     9.17
   10     2     2     1.04166500    -0.13016446   -54.74793348    -0.00000000    -0.00000002  0.67D-08  0.28D-08     9.17
   10     3     3     1.06006556    -0.14861020   -54.64637859    -0.00000119    -0.00000030  0.12D-06  0.60D-07     9.17
   11     1     1     1.07214715    -0.19884532   -55.10635198     0.00000000    -0.00000002  0.18D-08  0.37D-08     9.82
   11     2     2     1.04166500    -0.13016446   -54.74793348    -0.00000000    -0.00000002  0.67D-08  0.28D-08     9.82
   11     3     3     1.06059236    -0.14861076   -54.64637914    -0.00000055    -0.00000008  0.32D-07  0.15D-07     9.82
   12     1     1     1.07214715    -0.19884532   -55.10635198    -0.00000000    -0.00000002  0.18D-08  0.37D-08    10.47
   12     2     2     1.04166500    -0.13016446   -54.74793348    -0.00000000    -0.00000002  0.67D-08  0.28D-08    10.47
   12     3     3     1.06064402    -0.14861086   -54.64637925    -0.00000010    -0.00000002  0.17D-07  0.42D-08    10.47
   13     1     1     1.07214715    -0.19884532   -55.10635198    -0.00000000    -0.00000002  0.18D-08  0.37D-08    11.12
   13     2     2     1.04166500    -0.13016446   -54.74793348    -0.00000000    -0.00000002  0.67D-08  0.28D-08    11.12
   13     3     3     1.06076416    -0.14861090   -54.64637929    -0.00000004    -0.00000001  0.35D-08  0.25D-08    11.12


 =====================================
 Analysis of CPU times by interactions
 =====================================

       I      S      P

 I   0.1%
 S   0.0%   0.2%
 P   0.5%   1.0%  26.9%

 Initialization:   1.3%
 Other:           70.1%

 Total CPU:       11.1 seconds
 =====================================



 gnormi=  0.93270779  gnorms=  0.04251803  gnormp=  0.02477418  gnorm=  1.00000000
 ecorri= -0.18546458  ecorrs= -0.00845317  ecorrp= -0.00492757  ecorr= -0.19884532

 gnormi=  0.96000153  gnorms=  0.02359449  gnormp=  0.01640398  gnorm=  1.00000000
 ecorri= -0.12495808  ecorrs= -0.00307013  ecorrp= -0.00213625  ecorr= -0.13016446

 gnormi=  0.94271661  gnorms=  0.03826672  gnormp=  0.01901667  gnorm=  1.00000000
 ecorri= -0.14009797  ecorrs= -0.00568850  ecorrp= -0.00282444  ecorr= -0.14861090

 Reference coefficients greater than 0.0500000
 =============================================
 220//           0.9649644   0.0023560  -0.0000001
 2/\//           0.0068364   0.7983237  -0.0000016
 2///\           0.0063117  -0.3236620   0.7925925
 2//\/           0.0089261  -0.4577272  -0.5604503
 /2\//           0.0285113  -0.0709699  -0.0000001

 Coefficients of singly external configurations greater than 0.0500000
 =====================================================================

 220/0   2.3     0.0329076   0.0043335  -0.0745175
 2200/   2.2    -0.0329074  -0.0043334  -0.0745167
 2/0/\  11.1     0.0566689   0.0039694   0.0000003

 Coefficients of fixed reference functions:
 ==========================================

 State      Coefficients
 1           0.965504    0.009482    0.000000
 2          -0.010863    0.979652    0.000000
 3          -0.000000    0.000000    0.970930

 Coefficients of rotated reference functions:
 ============================================

 State      Coefficients
 1           0.965550   -0.000616   -0.000000
 2          -0.000616    0.979712    0.000000
 3          -0.000000    0.000000    0.970930


 RESULTS FOR STATE 1.4
 =====================

 Coefficient of reference function:   C(0) = 0.96550354 (fixed)   0.96576798 (relaxed)   0.96554990 (rotated)

 Energy contributions of configuration classes

 CLASS          SQ.NORM        ECORR1        ECORR2
 +++++++++++++++++++++++++++++++++++++++++++++++++++
 Internals    0.00045177   -0.00000193   -0.11394855
 Singles      0.04560618   -0.07671035   -0.07996921
 Pairs        0.02657356    0.00000001   -0.00492756
 Total        1.07263152   -0.07671228   -0.19884532
 +++++++++++++++++++++++++++++++++++++++++++++++++++


 Reference energy                     -54.90747497
 Nuclear energy                         4.40981009
 Kinetic energy                        55.64845364
 One electron energy                  -83.03800833
 Two electron energy                   23.52184626
 Virial quotient                       -0.99025846
 Correlation energy                    -0.19887701
 !MRCI STATE 1.4 Energy               -55.106351982178

 Properties without orbital relaxation:

 !MRCI STATE 1.4 Dipole moment          0.00000000     0.00000000     0.65926212
 Dipole moment /Debye                   0.00000000     0.00000000     1.67567716

 Cluster corrected energies           -55.12079672 (Davidson, fixed reference)
 Cluster corrected energies           -55.12070039 (Davidson, relaxed reference)
 Cluster corrected energies           -55.12079672 (Davidson, rotated reference)

 Cluster corrected energies           -55.11356485 (Pople, fixed reference)
 Cluster corrected energies           -55.11351688 (Pople, relaxed reference)
 Cluster corrected energies           -55.11356485 (Pople, rotated reference)



 RESULTS FOR STATE 2.4
 =====================

 Coefficient of reference function:   C(0) = 0.97965165 (fixed)   0.97979668 (relaxed)   0.97971168 (rotated)

 Energy contributions of configuration classes

 CLASS          SQ.NORM        ECORR1        ECORR2
 +++++++++++++++++++++++++++++++++++++++++++++++++++
 Internals    0.00017353   -0.00000191   -0.07791502
 Singles      0.02458182   -0.04901162   -0.05011319
 Pairs        0.01709041    0.00000000   -0.00213625
 Total        1.04184576   -0.04901352   -0.13016446
 +++++++++++++++++++++++++++++++++++++++++++++++++++


 Reference energy                     -54.61780072
 Nuclear energy                         4.40981009
 Kinetic energy                        55.23109528
 One electron energy                  -80.61246012
 Two electron energy                   21.45471654
 Virial quotient                       -0.99125200
 Correlation energy                    -0.13013277
 !MRCI STATE 2.4 Energy               -54.747933484828

 Properties without orbital relaxation:

 !MRCI STATE 2.4 Dipole moment          0.00000000     0.00000000    -1.55816834
 Dipole moment /Debye                   0.00000000     0.00000000    -3.96046888

 Cluster corrected energies           -54.75337899 (Davidson, fixed reference)
 Cluster corrected energies           -54.75335547 (Davidson, relaxed reference)
 Cluster corrected energies           -54.75337899 (Davidson, rotated reference)

 Cluster corrected energies           -54.75065505 (Pople, fixed reference)
 Cluster corrected energies           -54.75064330 (Pople, relaxed reference)
 Cluster corrected energies           -54.75065505 (Pople, rotated reference)



 RESULTS FOR STATE 3.4
 =====================

 Coefficient of reference function:   C(0) = 0.97092987 (fixed)   0.97093595 (relaxed)   0.97092987 (rotated)

 Energy contributions of configuration classes

 CLASS          SQ.NORM        ECORR1        ECORR2
 +++++++++++++++++++++++++++++++++++++++++++++++++++
 Internals    0.00001251   -0.00000000   -0.00000175
 Singles      0.04059247   -0.05791309   -0.06028345
 Pairs        0.02017245   -0.09069781   -0.08832570
 Total        1.06077744   -0.14861090   -0.14861090
 +++++++++++++++++++++++++++++++++++++++++++++++++++


 Reference energy                     -54.49776839
 Nuclear energy                         4.40981009
 Kinetic energy                        55.16324271
 One electron energy                  -80.53061139
 Two electron energy                   21.47442201
 Virial quotient                       -0.99063029
 Correlation energy                    -0.14861090
 !MRCI STATE 3.4 Energy               -54.646379290186

 Properties without orbital relaxation:

 !MRCI STATE 3.4 Dipole moment          0.00000000     0.00000000    -1.35131691
 Dipole moment /Debye                   0.00000000     0.00000000    -3.43470499

 Cluster corrected energies           -54.65541148 (Davidson, fixed reference)
 Cluster corrected energies           -54.65540951 (Davidson, relaxed reference)
 Cluster corrected energies           -54.65541148 (Davidson, rotated reference)

 Cluster corrected energies           -54.65089122 (Pople, fixed reference)
 Cluster corrected energies           -54.65089024 (Pople, relaxed reference)
 Cluster corrected energies           -54.65089122 (Pople, rotated reference)


 !MRCI trans          <2.4|DMZ|1.4>    -0.414744592831 au =    -1.054175606105 Debye

 !MRCI trans          <3.4|DMZ|1.4>     0.000001873537 au =     0.000004762056 Debye

 !MRCI trans          <3.4|DMZ|2.4>    -0.000009434499 au =    -0.000023980104 Debye


 **********************************************************************************************************************************
 DATASETS  * FILE   NREC   LENGTH (MB)   RECORD NAMES
              1      21      258.10       500      700      610      701      900      950      970     1000      129      960   
                                          VAR     GEOM    BASINP    GEOM    SYMINP    ZMAT    AOBASIS   BASIS     P2S    ABASIS    
                                         1100     1400     1410     1200     1210     1080     1600     1650     1300     1700   
                                           S        T        V       H0       H01     AOSYM     SMH    MOLCAS    ERIS     OPER   
                                         1380   
                                         JKOP   

              2       8       17.69       500      610      700     1000      520     2100     2140      701   
                                          VAR    BASINP    GEOM     BASIS   MCVARS     RHF     MCSCF    GEOM   

 PROGRAMS   *        TOTAL        CI     MULTI       INT        CI     MULTI       INT        CI     MULTI       INT        CI
 CPU TIMES  *       308.51     11.18      1.18      8.38     11.92      1.18      8.45     11.94      1.21      8.43     11.28
 REAL TIME  *       329.71 SEC
 DISK USED  *       790.21 MB
 **********************************************************************************************************************************
 SETTING E1(15)         =       -55.10635198  AU                              
 SETTING E2(15)         =       -54.74793348  AU                              
 SETTING E3(15)         =       -54.64637929  AU                              

 DO I                   =        16.00000000   


 Using spherical harmonics

 Library entry N      S aug-cc-pV5Z          selected for orbital group  1
 Library entry N      P aug-cc-pV5Z          selected for orbital group  1
 Library entry N      D aug-cc-pV5Z          selected for orbital group  1
 Library entry N      F aug-cc-pV5Z          selected for orbital group  1
 Library entry N      G aug-cc-pV5Z          selected for orbital group  1
 Library entry N      H aug-cc-pV5Z          selected for orbital group  1
 Library entry H      S aug-cc-pV5Z          selected for orbital group  2
 Library entry H      P aug-cc-pV5Z          selected for orbital group  2
 Library entry H      D aug-cc-pV5Z          selected for orbital group  2
 Library entry H      F aug-cc-pV5Z          selected for orbital group  2
 Library entry H      G aug-cc-pV5Z          selected for orbital group  2


 PROGRAM * SEWARD (Integral evaluation for generally contracted gaussian basis sets)     Author: Roland Lindh, 1990

 Geometry written to block  1 of record 701

 Orientation using atomic masses  
 Molecule type: Linear
 Symmetry elements: X,Y
 Rotational constants:     799.3443338    799.3443338      0.0000000 GHz  (calculated with average atomic masses)

 Point group  C2v 



 ATOMIC COORDINATES

 NR  ATOM    CHARGE       X              Y              Z

   1  N       7.00    0.000000000    0.000000000   -0.104023743
   2  H       1.00    0.000000000    0.000000000    1.445551679

 Bond lengths in Bohr (Angstrom)

 1-2  1.549575422
     ( 0.820000000)

 NUCLEAR CHARGE:                    8
 NUMBER OF PRIMITIVE AOS:         307
 NUMBER OF SYMMETRY AOS:          227
 NUMBER OF CONTRACTIONS:          207   (   77A1  +   50B1  +   50B2  +   30A2  )
 NUMBER OF INNER CORE ORBITALS:     0   (    0A1  +    0B1  +    0B2  +    0A2  )
 NUMBER OF OUTER CORE ORBITALS:     1   (    1A1  +    0B1  +    0B2  +    0A2  )
 NUMBER OF VALENCE ORBITALS:        5   (    3A1  +    1B1  +    1B2  +    0A2  )


 NUCLEAR REPULSION ENERGY    4.51736643

 EXTRA SYMMETRY OF AOS IN SYMMETRY 1:   1 1 1 1 1 1 1 1 1 1   1 1 1 1 2 1 2 1 2 1   2 1 2 1 2 1 2 1 2 1   2 1 3 2 1 3 2 1 3 2
                                        2 3 1 2 3 1 1 1 1 1   1 1 1 1 1 1 1 1 2 1   2 1 2 1 2 1 2 1 2 1   2 1 3 2 1 3 2
 EXTRA SYMMETRY OF AOS IN SYMMETRY 2:   1 1 1 1 1 1 1 1 1 1   1 1 2 1 2 1 2 1 2 1   2 1 2 1 2 1 2 3 1 2   3 1 1 1 1 1 1 1 1 1
                                        1 2 1 2 1 2 1 2 1 2
 EXTRA SYMMETRY OF AOS IN SYMMETRY 3:   1 1 1 1 1 1 1 1 1 1   1 1 2 1 2 1 2 1 2 1   2 1 2 1 2 1 2 3 1 2   3 1 1 1 1 1 1 1 1 1
                                        1 2 1 2 1 2 1 2 1 2
 EXTRA SYMMETRY OF AOS IN SYMMETRY 4:   1 1 1 1 1 1 1 1 1 1   2 1 2 1 2 2 1 2 1 1   1 1 1 1 1 1 1 2 1 2

 Eigenvalues of metric

         1 0.874E-05 0.622E-04 0.138E-03 0.186E-03 0.301E-03 0.385E-03 0.870E-03 0.153E-02
         2 0.105E-03 0.640E-03 0.189E-02 0.431E-02 0.539E-02 0.107E-01 0.164E-01 0.204E-01
         3 0.105E-03 0.640E-03 0.189E-02 0.431E-02 0.539E-02 0.107E-01 0.164E-01 0.204E-01
         4 0.153E-02 0.778E-02 0.206E-01 0.377E-01 0.787E-01 0.937E-01 0.175E+00 0.181E+00


 Contracted 2-electron integrals neglected if value below      1.0D-12
 AO integral compression algorithm  1   Integral accuracy      1.0D-12

     293.077 MB (compressed) written to integral file ( 52.0%)


 NUMBER OF SORTED TWO-ELECTRON INTEGRALS:   59167011.     BUFFER LENGTH:  32768
 NUMBER OF SEGMENTS:   4  SEGMENT LENGTH:   15999984      RECORD LENGTH: 524288

 Memory used in sort:      16.56 MW

 SORT1 READ    70490039. AND WROTE    39593918. INTEGRALS IN    116 RECORDS. CPU TIME:     0.75 SEC, REAL TIME:     0.89 SEC
 SORT2 READ    39593918. AND WROTE    59167011. INTEGRALS IN   1118 RECORDS. CPU TIME:     0.62 SEC, REAL TIME:     0.74 SEC

 FILE SIZES:   FILE 1:   324.2 MBYTE,  FILE 4:   486.6 MBYTE,   TOTAL:    810.8 MBYTE

 OPERATOR DM      FOR CENTER  0  COORDINATES:    0.000000    0.000000    0.000000


 **********************************************************************************************************************************
 DATASETS  * FILE   NREC   LENGTH (MB)   RECORD NAMES
              1      20      255.87       500      700      610      701      900      950      970     1000      129      960   
                                          VAR     GEOM    BASINP    GEOM    SYMINP    ZMAT    AOBASIS   BASIS     P2S    ABASIS    
                                         1100     1400     1410     1200     1210     1080     1600     1650     1300     1700   
                                           S        T        V       H0       H01     AOSYM     SMH    MOLCAS    ERIS     OPER   

              2       8       17.69       500      610      700     1000      520     2100     2140      701   
                                          VAR    BASINP    GEOM     BASIS   MCVARS     RHF     MCSCF    GEOM   

 PROGRAMS   *        TOTAL       INT        CI     MULTI       INT        CI     MULTI       INT        CI     MULTI       INT
 CPU TIMES  *       316.96      8.45     11.18      1.18      8.38     11.92      1.18      8.45     11.94      1.21      8.43
 REAL TIME  *       338.55 SEC
 DISK USED  *       790.96 MB
 **********************************************************************************************************************************

 PROGRAM * MULTI (Direct Multiconfiguration SCF)       Authors: P.J. Knowles, H.-J. Werner (1984)
                                                                D.A. Kreplin, P.J. Knowles, H.-J. Werner (2019)

 Number of closed-shell orbitals:   1 (   1   0   0   0 )
 Number of active  orbitals:        5 (   3   1   1   0 )
 Number of external orbitals:     201 (  73  49  49  30 )

 State symmetry 1

 Number of active electrons:   6    Spin symmetry=Triplet   Space symmetry=4
 Number of states:             4
 Number of CSFs:              12   (15 determinants, 50 intermediate states)

 Molecular orbitals read from record     2140.2  Type=MCSCF/NATURAL (state averaged)

 EXTRA SYMMETRY OF MOS IN SYMMETRY 1:   1 1 1 1 1 1 1 2 1 1   1 1 2 1 1 2 1 1 2 1   2 1 1 1 3 2 1 1 2 2   1 1 2 3 1 1 2 1 1 2
                                        1 3 2 1 2 3 1 1 2 1   2 1 1 2 1 1 2 3 1 3   2 1 2 3 1 1 2 1 2 1   2 1 1 2 1 1 1
 EXTRA SYMMETRY OF MOS IN SYMMETRY 2:   1 1 1 1 1 1 2 1 1 1   2 1 1 1 2 1 1 2 1 2   1 1 1 2 3 1 1 2 2 1   1 2 1 1 1 2 3 1 1 1
                                        2 2 1 2 2 1 1 1 1 1
 EXTRA SYMMETRY OF MOS IN SYMMETRY 3:   1 1 1 1 1 1 2 1 1 1   2 1 1 1 2 1 1 2 1 2   1 1 1 2 3 1 1 2 2 1   1 2 1 1 1 2 3 1 1 1
                                        2 2 1 2 2 1 1 1 1 1
 EXTRA SYMMETRY OF MOS IN SYMMETRY 4:   1 1 1 1 1 2 1 1 1 1   2 1 1 2 1 1 2 1 1 1   1 2 2 1 1 2 1 1 1 1

 Wavefunction dump at record             2140.2

 Convergence thresholds  0.10E-04 (gradient)  0.10E-05 (energy)

 Weight factors for state symmetry  1:    0.25000   0.25000   0.25000   0.25000
 
 Number of orbital rotations:  393  ( 3 closed/active, 73 closed/virtual, 0 active/active, 317 active/virtual )
 Total number of variables:    453
 
  Second-order MCSCF: L-BFGS accelerated
 
 ITER  MIC  NCI  NEG     ENERGY(VAR)    ENERGY(PROJ) ENERGY CHANGE       GRAD(0)  GRAD(ORB)   GRAD(CI)      STEP      TIME
   1    5    3    0    -54.61112780     -54.61130233   -0.00017454    0.03275760 0.00002188 0.00000000  0.16E-01      0.33
   2    7    6    0    -54.61130212     -54.61130212   -0.00000000    0.00005218 0.00000000 0.00000000  0.60E-04      0.68
   3    3    2    0    -54.61130212     -54.61130212    0.00000000    0.00000000 0.00000000 0.00000000  0.24E-08      1.00

 CONVERGENCE REACHED!  Final gradient:    0.00000000 ( 0.76E-11)
                       Final energy:    -54.61130212
 
 Results for state 1.4
 =====================
 !MCSCF STATE 1.4 Energy                       -54.895541929964
 Nuclear energy                                  4.51736643
 Kinetic energy                                 56.38607455
 One electron energy                           -84.08737586
 Two electron energy                            24.67446750
 Virial ratio                                    1.97356559
 
 !MCSCF STATE 1.4 Dipole moment                  0.00000000     0.00000000     0.81719335
 Dipole moment /Debye                            0.00000000     0.00000000     2.07709832
 
 Results for state 2.4
 =====================
 !MCSCF STATE 2.4 Energy                       -54.605267388857
 Nuclear energy                                  4.51736643
 Kinetic energy                                 54.78284984
 One electron energy                           -80.53557940
 Two electron energy                            21.41294557
 Virial ratio                                    1.99675843
 
 !MCSCF STATE 2.4 Dipole moment                  0.00000000     0.00000000    -1.63044575
 Dipole moment /Debye                            0.00000000     0.00000000    -4.14417974
 
 Results for state 3.4
 =====================
 !MCSCF STATE 3.4 Energy                       -54.483886342941
 Nuclear energy                                  4.51736643
 Kinetic energy                                 54.79864656
 One electron energy                           -80.52643543
 Two electron energy                            21.52518265
 Virial ratio                                    1.99425606
 
 !MCSCF STATE 3.4 Dipole moment                  0.00000000     0.00000000    -1.51227936
 Dipole moment /Debye                            0.00000000     0.00000000    -3.84383073
 
 Results for state 4.4
 =====================
 !MCSCF STATE 4.4 Energy                       -54.460512806688
 Nuclear energy                                  4.51736643
 Kinetic energy                                 54.84197675
 One electron energy                           -80.51681894
 Two electron energy                            21.53893970
 Virial ratio                                    1.99304431
 
 !MCSCF STATE 4.4 Dipole moment                  0.00000000     0.00000000    -1.33160526
 Dipole moment /Debye                            0.00000000     0.00000000    -3.38460298
 
 State-averaged charge density matrix saved on record 2140.2 (density set 1)
 
 Expectation values: (only non-zero values are shown)
 
 !MCSCF expec                       <1.4|DMZ|1.4>     0.817193350788 au =     2.077098317283 Debye
 !MCSCF expec                       <2.4|DMZ|2.4>    -1.630445750696 au =    -4.144179736566 Debye
 !MCSCF expec                       <3.4|DMZ|3.4>    -1.512279361189 au =    -3.843830732787 Debye
 !MCSCF expec                       <4.4|DMZ|4.4>    -1.331605261546 au =    -3.384602977220 Debye
 
 Transition values: (only non-zero values with the ground state are shown)
 
 !MCSCF trans                       <1.4|DMZ|2.4>    -0.221097880531 au =    -0.561974758071 Debye
 !MCSCF trans                       <1.4|DMZ|4.4>     0.272293151353 au =     0.692100157127 Debye
 

 EXTRA SYMMETRY OF MOS IN SYMMETRY 1:   1 1 1 1 1 1 1 2 1 1   1 1 2 1 1 2 1 1 2 1   2 1 1 1 3 2 1 1 2 2   1 1 2 3 1 1 2 1 1 2
                                        3 1 2 1 2 3 1 1 2 1   2 1 1 2 1 1 2 3 1 3   2 1 2 3 1 1 2 2 1 1   2 1 1 2 1 1 1
 EXTRA SYMMETRY OF MOS IN SYMMETRY 2:   1 1 1 1 1 1 2 1 1 1   2 1 1 1 2 1 1 2 1 2   1 1 1 3 2 1 1 2 2 1   1 2 1 1 1 2 3 1 1 1
                                        2 2 1 2 2 1 1 1 1 1
 EXTRA SYMMETRY OF MOS IN SYMMETRY 3:   1 1 1 1 1 1 2 1 1 1   2 1 1 1 2 1 1 2 1 2   1 1 1 3 2 1 1 2 2 1   1 2 1 1 1 2 3 1 1 1
                                        2 2 1 2 2 1 1 1 1 1
 
 Natural orbital dump (state averaged) at molpro section 2140.2 (Orbital set 2)
 
 Reoptimze the CI vectors with natural orbitals 
 
 CI Coefficients of symmetry 4
 =============================
 
 220 a a        0.99806076      0.02355699     -0.00000000      0.01553311
 2ab a a       -0.01580416      0.86136269      0.00000000      0.00379950
 2ba a a       -0.00768798     -0.29048704      0.00000000      0.81026174
 2aa a b        0.01174607     -0.28543782     -0.70695418     -0.40703062
 2aa b a        0.01174607     -0.28543782      0.70695418     -0.40703062
 b2a a a       -0.01781942      0.02880860      0.00000000      0.08444655
 a2b a a        0.04918600     -0.08296278     -0.00000000      0.00907420
 
 Energy:      -54.89554193    -54.60526739    -54.48388634    -54.46051281
 


 **********************************************************************************************************************************
 DATASETS  * FILE   NREC   LENGTH (MB)   RECORD NAMES
              1      21      258.79       500      700      610      701      900      950      970     1000      129      960   
                                          VAR     GEOM    BASINP    GEOM    SYMINP    ZMAT    AOBASIS   BASIS     P2S    ABASIS    
                                         1100     1400     1410     1200     1210     1080     1600     1650     1300     1700   
                                           S        T        V       H0       H01     AOSYM     SMH    MOLCAS    ERIS     OPER   
                                         1380   
                                         JKOP   

              2       8       17.69       500      610      700     1000      520     2100     2140      701   
                                          VAR    BASINP    GEOM     BASIS   MCVARS     RHF     MCSCF    GEOM   

 PROGRAMS   *        TOTAL     MULTI       INT        CI     MULTI       INT        CI     MULTI       INT        CI     MULTI
 CPU TIMES  *       318.17      1.21      8.45     11.18      1.18      8.38     11.92      1.18      8.45     11.94      1.21
 REAL TIME  *       339.88 SEC
 DISK USED  *       790.96 MB
 **********************************************************************************************************************************


 PROGRAM * CI (Multireference internally contracted CI)     Authors: H.-J. Werner, P.J. Knowles, 1987


 Convergence thresholds:  THRVAR = 1.00D-08  THRDEN = 1.00D-06

 Number of optimized states: 3  Roots:    1   2   3
 Number of reference states: 3  Roots:    1   2   3

 Program parameters:       NSTATE=  3    NSTATI=  5    NSTATR=  3    NCEPA = -1    NOKOP =  0    ITRDM =  0    ITRANS=  0
                           IDIP  =200    MAXIT =250    MAXITI=250    MAXDAV=  9    MAXVI = 15    NOSING=  0    NOPAIR=  0
                           MXSHRF=  4    IKCPS =  0    IOPTGM=  2    IOPTOR=  0    REFOPT=  1    IAVDEN=  0    IDELCG=  1
                           IREST =  0    NATORB=  0    IPUNRF=  0    ISEP  =  0    OLDDEN=  0    NSTPRI=  1    GPSFLI= -1
                           CLUSTE=  0    CLOSED=  1    ILSTYP=  0    ITRLS =  0    ICCSD =  0    LOCAL =  0    IBASO =  0
                           MP    =  0    ITEDIS=  2    INCDIS=  1    MAXDIS=  6    ITYDIS=  1    BRUECK=  0    IBRSTR=  3
                           INCBRK=  1    TRIPLE=  0    ICCTYP=  2    IHPPD =  0    ICCNEW=  0    I3EXT = -1    IDEB  =  0
                           IDLEIG=  1    IDFTYP=  1    IMP3  =  0    IPROCS=  0    NOINT =  0    NOREF =  1    IMP2G =  0
                           IHINT =  0    IFDIA =  0    ISPARO=  1    JKSYM =  0    CPHF  =  0    MP2D  = -1    DKINT =  0
                           NPKEX =  1    DRVK  =  1    HLSTRA=  1    WIGNER=  1    DIIS_C=  1    MAXIT_= 50    MATEL =  0
                           SPDEG =  1    MEMCPH=  0    DISM  =  1    KDCPMA=  5    IKDCP_=  0    IREDTH=  0    USECS =  0
                           IPROCC=  0    I3SAVE=  1    IKDCP =  1    USECI =  0    OLDPAI=  0    IPROCI=  0    KEEPCL=  1
                           DISCON=  0    SHIFTE=  0    DIISIN=  0    MOLCAS=  0    MEM_PT=  0    RECORD=  0    RS2C  =  0
                           KEXT  = -1    CIPT2 =  0    DECP0S=  0    I4EXT = -1    NATCOR=  0    RIMP2 =  0    DDCI  = -1
                           IPOLAR=  0

 Reference symmetry:                   4   Triplet 
 Number of electrons:                  8
 Maximum number of shells:             3
 Maximum number of spin couplings:     9

 Reference space:        6 conf       12 CSFs
 N elec internal:       35 conf       45 CSFs
 N-1 el internal:       48 conf       96 CSFs
 N-2 el internal:       26 conf      102 CSFs

 Number of electrons in valence space:                      6
 Maximum number of open shell orbitals in reference space:  4
 Maximum number of open shell orbitals in internal spaces:  6


 Number of core orbitals:           1 (   1   0   0   0 )
 Number of active  orbitals:        5 (   3   1   1   0 )
 Number of external orbitals:     201 (  73  49  49  30 )

 Molecular orbitals read from record     2140.2  Type=MCSCF/NATURAL (state averaged)

 Valence orbitals related to previous ones by unitary transformation. Operators transformed.


 Number of p-space configurations:   5

 Reference wavefunction optimized for reference space (refopt=1)

 State     Reference Energy 
     1       -54.89554193
     2       -54.60526739
     3       -54.48388634
     4       -54.46051281
     5       -54.10075065

 Number of blocks in overlap matrix:    13   Smallest eigenvalue:  0.43D-04
 Number of N-2 electron functions:      58
 Number of N-1 electron functions:      96

 Number of internal configurations:                   12
 Number of singly external configurations:          4953
 Number of doubly external configurations:        301498
 Total number of contracted configurations:       306463
 Total number of uncontracted configurations:     529947

 Diagonal Coupling coefficients finished.               Storage:    8011 words, CPU-Time:      0.00 seconds.
 Energy denominators for pairs finished in 1 passes.    Storage:  126793 words, CPU-time:      0.01 seconds.

  ITER. STATE  ROOT     SQ.NORM     CORR.ENERGY   TOTAL ENERGY   ENERGY CHANGE       DEN1      VAR(S)    VAR(P)      TIME
    1     1     1     1.00000000     0.00000000   -54.89554193     0.00000000    -0.22105405  0.71D-01  0.23D-01     0.14
    1     2     2     1.00000000     0.00000000   -54.60526739     0.00000000    -0.12213085  0.23D-01  0.13D-01     0.14
    1     3     3     1.00000000     0.00000000   -54.48388634     0.00000000    -0.14474247  0.27D-01  0.16D-01     0.14
    2     1     1     1.06948843    -0.19010779   -55.08564972    -0.19010779    -0.00844743  0.18D-02  0.11D-02     1.27
    2     2     2     1.03848254    -0.12674442   -54.73201181    -0.12674442    -0.00220440  0.33D-03  0.34D-03     1.27
    2     3     3     1.04244171    -0.14430129   -54.62818763    -0.14430129    -0.00297136  0.59D-03  0.41D-03     1.27
    3     1     1     1.06954593    -0.19873039   -55.09427232    -0.00862259    -0.00034652  0.46D-04  0.55D-04     2.39
    3     2     2     1.03994248    -0.12927951   -54.73454690    -0.00253509    -0.00014951  0.26D-04  0.29D-04     2.39
    3     3     3     1.04569180    -0.14765986   -54.63154620    -0.00335857    -0.00021974  0.15D-03  0.31D-04     2.39
    4     1     1     1.07137488    -0.19914671   -55.09468864    -0.00041632    -0.00002311  0.29D-05  0.40D-05     3.52
    4     2     2     1.04087096    -0.12947056   -54.73473795    -0.00019104    -0.00001837  0.25D-05  0.37D-05     3.52
    4     3     3     1.04957415    -0.14800456   -54.63189090    -0.00034470    -0.00005524  0.49D-04  0.69D-05     3.52
    5     1     1     1.07196056    -0.19917669   -55.09471862    -0.00002998    -0.00000191  0.16D-06  0.35D-06     4.65
    5     2     2     1.04094691    -0.12949324   -54.73476063    -0.00002269    -0.00000237  0.43D-06  0.49D-06     4.65
    5     3     3     1.05258157    -0.14811423   -54.63200057    -0.00010967    -0.00002754  0.28D-04  0.32D-05     4.65
    6     1     1     1.07196480    -0.19917907   -55.09472100    -0.00000238    -0.00000020  0.13D-07  0.35D-07     5.79
    6     2     2     1.04092599    -0.12949631   -54.73476370    -0.00000307    -0.00000043  0.88D-07  0.82D-07     5.79
    6     3     3     1.05499672    -0.14817022   -54.63205656    -0.00005599    -0.00002052  0.20D-04  0.23D-05     5.79
    7     1     1     1.07196812    -0.19917932   -55.09472125    -0.00000025    -0.00000002  0.20D-08  0.39D-08     6.92
    7     2     2     1.04093809    -0.12949685   -54.73476423    -0.00000053    -0.00000008  0.29D-07  0.12D-07     6.92
    7     3     3     1.05688451    -0.14820122   -54.63208756    -0.00003100    -0.00001013  0.73D-05  0.11D-05     6.92
    8     1     1     1.07196755    -0.19917932   -55.09472125    -0.00000000    -0.00000002  0.20D-08  0.39D-08     7.79
    8     2     2     1.04093726    -0.12949694   -54.73476433    -0.00000010    -0.00000002  0.71D-08  0.28D-08     7.79
    8     3     3     1.06124172    -0.14822990   -54.63211624    -0.00002868    -0.00000515  0.14D-05  0.12D-05     7.79
    9     1     1     1.07196755    -0.19917932   -55.09472125    -0.00000000    -0.00000002  0.20D-08  0.39D-08     8.43
    9     2     2     1.04093726    -0.12949694   -54.73476433    -0.00000000    -0.00000002  0.71D-08  0.28D-08     8.43
    9     3     3     1.06179007    -0.14823606   -54.63212241    -0.00000617    -0.00000123  0.63D-06  0.36D-06     8.43
   10     1     1     1.07196755    -0.19917932   -55.09472125     0.00000000    -0.00000002  0.20D-08  0.39D-08     9.06
   10     2     2     1.04093726    -0.12949694   -54.73476433     0.00000000    -0.00000002  0.71D-08  0.28D-08     9.06
   10     3     3     1.06254880    -0.14823787   -54.63212422    -0.00000181    -0.00000049  0.18D-06  0.98D-07     9.06
   11     1     1     1.07196755    -0.19917932   -55.09472125    -0.00000000    -0.00000002  0.20D-08  0.39D-08     9.68
   11     2     2     1.04093726    -0.12949694   -54.73476433    -0.00000000    -0.00000002  0.71D-08  0.28D-08     9.68
   11     3     3     1.06331972    -0.14823877   -54.63212511    -0.00000089    -0.00000012  0.48D-07  0.23D-07     9.68
   12     1     1     1.07196755    -0.19917932   -55.09472125    -0.00000000    -0.00000002  0.20D-08  0.39D-08    10.32
   12     2     2     1.04093726    -0.12949694   -54.73476433    -0.00000000    -0.00000002  0.71D-08  0.28D-08    10.32
   12     3     3     1.06338941    -0.14823893   -54.63212527    -0.00000016    -0.00000004  0.25D-07  0.64D-08    10.32
   13     1     1     1.07196755    -0.19917932   -55.09472125    -0.00000000    -0.00000002  0.20D-08  0.39D-08    10.95
   13     2     2     1.04093726    -0.12949694   -54.73476433    -0.00000000    -0.00000002  0.71D-08  0.28D-08    10.95
   13     3     3     1.06355371    -0.14823899   -54.63212534    -0.00000006    -0.00000001  0.53D-08  0.39D-08    10.95


 =====================================
 Analysis of CPU times by interactions
 =====================================

       I      S      P

 I   0.0%
 S   0.0%   0.5%
 P   0.5%   0.7%  26.6%

 Initialization:   1.3%
 Other:           70.4%

 Total CPU:       10.9 seconds
 =====================================



 gnormi=  0.93286406  gnorms=  0.04267740  gnormp=  0.02445854  gnorm=  1.00000000
 ecorri= -0.18580723  ecorrs= -0.00849929  ecorrp= -0.00487280  ecorr= -0.19917932

 gnormi=  0.96067269  gnorms=  0.02311999  gnormp=  0.01620732  gnorm=  1.00000000
 ecorri= -0.12440418  ecorrs= -0.00299311  ecorrp= -0.00209965  ecorr= -0.12949694

 gnormi=  0.94024401  gnorms=  0.04094206  gnormp=  0.01881393  gnorm=  1.00000000
 ecorri= -0.13938082  ecorrs= -0.00607150  ecorrp= -0.00278667  ecorr= -0.14823899

 Reference coefficients greater than 0.0500000
 =============================================
 220//           0.9650910   0.0074443  -0.0000001
 2/\//           0.0002332   0.7992284  -0.0000008
 2///\           0.0069276  -0.3234297   0.7915544
 2//\/           0.0097971  -0.4573987  -0.5597149
 /2\//           0.0282657  -0.0690993   0.0000000

 Coefficients of singly external configurations greater than 0.0500000
 =====================================================================

 220/0   2.3     0.0330058   0.0059066  -0.0826578
 2200/   2.2    -0.0330055  -0.0059064  -0.0826568
 2/0/\  11.1     0.0571924   0.0041180   0.0000004

 Coefficients of fixed reference functions:
 ==========================================

 State      Coefficients
 1           0.965573    0.012718    0.000000
 2          -0.015029    0.979938    0.000000
 3          -0.000000    0.000000    0.969656

 Coefficients of rotated reference functions:
 ============================================

 State      Coefficients
 1           0.965656   -0.001053   -0.000000
 2          -0.001053    0.980052    0.000000
 3          -0.000000    0.000000    0.969656


 RESULTS FOR STATE 1.4
 =====================

 Coefficient of reference function:   C(0) = 0.96557258 (fixed)   0.96584888 (relaxed)   0.96565576 (rotated)

 Energy contributions of configuration classes

 CLASS          SQ.NORM        ECORR1        ECORR2
 +++++++++++++++++++++++++++++++++++++++++++++++++++
 Internals    0.00040001   -0.00000451   -0.11385867
 Singles      0.04576709   -0.07715738   -0.08044786
 Pairs        0.02622925    0.00000001   -0.00487279
 Total        1.07239635   -0.07716188   -0.19917932
 +++++++++++++++++++++++++++++++++++++++++++++++++++


 Reference energy                     -54.89548290
 Nuclear energy                         4.51736643
 Kinetic energy                        55.70885964
 One electron energy                  -83.20892558
 Two electron energy                   23.59683790
 Virial quotient                       -0.98897593
 Correlation energy                    -0.19923835
 !MRCI STATE 1.4 Energy               -55.094721246715

 Properties without orbital relaxation:

 !MRCI STATE 1.4 Dipole moment          0.00000000     0.00000000     0.66069404
 Dipole moment /Debye                   0.00000000     0.00000000     1.67931675

 Cluster corrected energies           -55.10914538 (Davidson, fixed reference)
 Cluster corrected energies           -55.10905994 (Davidson, relaxed reference)
 Cluster corrected energies           -55.10914538 (Davidson, rotated reference)

 Cluster corrected energies           -55.10192389 (Pople, fixed reference)
 Cluster corrected energies           -55.10188134 (Pople, relaxed reference)
 Cluster corrected energies           -55.10192389 (Pople, rotated reference)



 RESULTS FOR STATE 2.4
 =====================

 Coefficient of reference function:   C(0) = 0.97993781 (fixed)   0.98013912 (relaxed)   0.98005248 (rotated)

 Energy contributions of configuration classes

 CLASS          SQ.NORM        ECORR1        ECORR2
 +++++++++++++++++++++++++++++++++++++++++++++++++++
 Internals    0.00017681   -0.00000445   -0.07791896
 Singles      0.02407072   -0.04839674   -0.04947832
 Pairs        0.01687379   -0.00000000   -0.00209966
 Total        1.04112131   -0.04840119   -0.12949694
 +++++++++++++++++++++++++++++++++++++++++++++++++++


 Reference energy                     -54.60532642
 Nuclear energy                         4.51736643
 Kinetic energy                        55.28555888
 One electron energy                  -80.75825974
 Two electron energy                   21.50612898
 Virial quotient                       -0.99003728
 Correlation energy                    -0.12943791
 !MRCI STATE 2.4 Energy               -54.734764330733

 Properties without orbital relaxation:

 !MRCI STATE 2.4 Dipole moment          0.00000000     0.00000000    -1.54568814
 Dipole moment /Debye                   0.00000000     0.00000000    -3.92874737

 Cluster corrected energies           -54.74008699 (Davidson, fixed reference)
 Cluster corrected energies           -54.74006316 (Davidson, relaxed reference)
 Cluster corrected energies           -54.74008699 (Davidson, rotated reference)

 Cluster corrected energies           -54.73742453 (Pople, fixed reference)
 Cluster corrected energies           -54.73741264 (Pople, relaxed reference)
 Cluster corrected energies           -54.73742453 (Pople, rotated reference)



 RESULTS FOR STATE 3.4
 =====================

 Coefficient of reference function:   C(0) = 0.96965627 (fixed)   0.96966180 (relaxed)   0.96965627 (rotated)

 Energy contributions of configuration classes

 CLASS          SQ.NORM        ECORR1        ECORR2
 +++++++++++++++++++++++++++++++++++++++++++++++++++
 Internals    0.00001140    0.00000000   -0.00000159
 Singles      0.04354458   -0.05758366   -0.06021358
 Pairs        0.02000985   -0.09065533   -0.08802383
 Total        1.06356583   -0.14823899   -0.14823899
 +++++++++++++++++++++++++++++++++++++++++++++++++++


 Reference energy                     -54.48388634
 Nuclear energy                         4.51736643
 Kinetic energy                        55.21166133
 One electron energy                  -80.67005136
 Two electron energy                   21.52055959
 Virial quotient                       -0.98950338
 Correlation energy                    -0.14823899
 !MRCI STATE 3.4 Energy               -54.632125335433

 Properties without orbital relaxation:

 !MRCI STATE 3.4 Dipole moment          0.00000000     0.00000000    -1.31916265
 Dipole moment /Debye                   0.00000000     0.00000000    -3.35297702

 Cluster corrected energies           -54.64154827 (Davidson, fixed reference)
 Cluster corrected energies           -54.64154647 (Davidson, relaxed reference)
 Cluster corrected energies           -54.64154827 (Davidson, rotated reference)

 Cluster corrected energies           -54.63683205 (Pople, fixed reference)
 Cluster corrected energies           -54.63683116 (Pople, relaxed reference)
 Cluster corrected energies           -54.63683205 (Pople, rotated reference)


 !MRCI trans          <2.4|DMZ|1.4>    -0.394163250209 au =    -1.001863051082 Debye

 !MRCI trans          <3.4|DMZ|1.4>     0.000001604331 au =     0.000004077803 Debye

 !MRCI trans          <3.4|DMZ|2.4>    -0.000009407967 au =    -0.000023912667 Debye


 **********************************************************************************************************************************
 DATASETS  * FILE   NREC   LENGTH (MB)   RECORD NAMES
              1      21      258.79       500      700      610      701      900      950      970     1000      129      960   
                                          VAR     GEOM    BASINP    GEOM    SYMINP    ZMAT    AOBASIS   BASIS     P2S    ABASIS    
                                         1100     1400     1410     1200     1210     1080     1600     1650     1300     1700   
                                           S        T        V       H0       H01     AOSYM     SMH    MOLCAS    ERIS     OPER   
                                         1380   
                                         JKOP   

              2       8       17.69       500      610      700     1000      520     2100     2140      701   
                                          VAR    BASINP    GEOM     BASIS   MCVARS     RHF     MCSCF    GEOM   

 PROGRAMS   *        TOTAL        CI     MULTI       INT        CI     MULTI       INT        CI     MULTI       INT        CI
 CPU TIMES  *       329.18     11.01      1.21      8.45     11.18      1.18      8.38     11.92      1.18      8.45     11.94
 REAL TIME  *       351.78 SEC
 DISK USED  *       790.96 MB
 **********************************************************************************************************************************
 SETTING E1(16)         =       -55.09472125  AU                              
 SETTING E2(16)         =       -54.73476433  AU                              
 SETTING E3(16)         =       -54.63212534  AU                              

 DO I                   =        17.00000000   


 Using spherical harmonics

 Library entry N      S aug-cc-pV5Z          selected for orbital group  1
 Library entry N      P aug-cc-pV5Z          selected for orbital group  1
 Library entry N      D aug-cc-pV5Z          selected for orbital group  1
 Library entry N      F aug-cc-pV5Z          selected for orbital group  1
 Library entry N      G aug-cc-pV5Z          selected for orbital group  1
 Library entry N      H aug-cc-pV5Z          selected for orbital group  1
 Library entry H      S aug-cc-pV5Z          selected for orbital group  2
 Library entry H      P aug-cc-pV5Z          selected for orbital group  2
 Library entry H      D aug-cc-pV5Z          selected for orbital group  2
 Library entry H      F aug-cc-pV5Z          selected for orbital group  2
 Library entry H      G aug-cc-pV5Z          selected for orbital group  2


 PROGRAM * SEWARD (Integral evaluation for generally contracted gaussian basis sets)     Author: Roland Lindh, 1990

 Geometry written to block  1 of record 701

 Orientation using atomic masses  
 Molecule type: Linear
 Symmetry elements: X,Y
 Rotational constants:     839.8111407    839.8111407      0.0000000 GHz  (calculated with average atomic masses)

 Point group  C2v 



 ATOMIC COORDINATES

 NR  ATOM    CHARGE       X              Y              Z

   1  N       7.00    0.000000000    0.000000000   -0.101486578
   2  H       1.00    0.000000000    0.000000000    1.410294321

 Bond lengths in Bohr (Angstrom)

 1-2  1.511780900
     ( 0.800000000)

 NUCLEAR CHARGE:                    8
 NUMBER OF PRIMITIVE AOS:         307
 NUMBER OF SYMMETRY AOS:          227
 NUMBER OF CONTRACTIONS:          207   (   77A1  +   50B1  +   50B2  +   30A2  )
 NUMBER OF INNER CORE ORBITALS:     0   (    0A1  +    0B1  +    0B2  +    0A2  )
 NUMBER OF OUTER CORE ORBITALS:     1   (    1A1  +    0B1  +    0B2  +    0A2  )
 NUMBER OF VALENCE ORBITALS:        5   (    3A1  +    1B1  +    1B2  +    0A2  )


 NUCLEAR REPULSION ENERGY    4.63030060

 EXTRA SYMMETRY OF AOS IN SYMMETRY 1:   1 1 1 1 1 1 1 1 1 1   1 1 1 1 2 1 2 1 2 1   2 1 2 1 2 1 2 1 2 1   2 1 3 2 1 3 2 1 3 2
                                        2 3 1 2 3 1 1 1 1 1   1 1 1 1 1 1 1 1 2 1   2 1 2 1 2 1 2 1 2 1   2 1 3 2 1 3 2
 EXTRA SYMMETRY OF AOS IN SYMMETRY 2:   1 1 1 1 1 1 1 1 1 1   1 1 2 1 2 1 2 1 2 1   2 1 2 1 2 1 2 3 1 2   3 1 1 1 1 1 1 1 1 1
                                        1 2 1 2 1 2 1 2 1 2
 EXTRA SYMMETRY OF AOS IN SYMMETRY 3:   1 1 1 1 1 1 1 1 1 1   1 1 2 1 2 1 2 1 2 1   2 1 2 1 2 1 2 3 1 2   3 1 1 1 1 1 1 1 1 1
                                        1 2 1 2 1 2 1 2 1 2
 EXTRA SYMMETRY OF AOS IN SYMMETRY 4:   1 1 1 1 1 1 1 1 1 1   2 1 2 1 2 2 1 2 1 1   1 1 1 1 1 1 1 2 1 2

 Eigenvalues of metric

         1 0.826E-05 0.602E-04 0.123E-03 0.172E-03 0.282E-03 0.362E-03 0.838E-03 0.135E-02
         2 0.937E-04 0.595E-03 0.176E-02 0.416E-02 0.516E-02 0.979E-02 0.153E-01 0.191E-01
         3 0.937E-04 0.595E-03 0.176E-02 0.416E-02 0.516E-02 0.979E-02 0.153E-01 0.191E-01
         4 0.141E-02 0.708E-02 0.189E-01 0.353E-01 0.769E-01 0.905E-01 0.171E+00 0.172E+00


 Contracted 2-electron integrals neglected if value below      1.0D-12
 AO integral compression algorithm  1   Integral accuracy      1.0D-12

     293.863 MB (compressed) written to integral file ( 52.1%)


 NUMBER OF SORTED TWO-ELECTRON INTEGRALS:   59167011.     BUFFER LENGTH:  32768
 NUMBER OF SEGMENTS:   4  SEGMENT LENGTH:   15999984      RECORD LENGTH: 524288

 Memory used in sort:      16.56 MW

 SORT1 READ    70490039. AND WROTE    39593918. INTEGRALS IN    116 RECORDS. CPU TIME:     0.76 SEC, REAL TIME:     0.89 SEC
 SORT2 READ    39593918. AND WROTE    59167011. INTEGRALS IN   1121 RECORDS. CPU TIME:     0.61 SEC, REAL TIME:     0.73 SEC

 FILE SIZES:   FILE 1:   325.0 MBYTE,  FILE 4:   486.6 MBYTE,   TOTAL:    811.5 MBYTE

 OPERATOR DM      FOR CENTER  0  COORDINATES:    0.000000    0.000000    0.000000


 **********************************************************************************************************************************
 DATASETS  * FILE   NREC   LENGTH (MB)   RECORD NAMES
              1      20      256.55       500      700      610      701      900      950      970     1000      129      960   
                                          VAR     GEOM    BASINP    GEOM    SYMINP    ZMAT    AOBASIS   BASIS     P2S    ABASIS    
                                         1100     1400     1410     1200     1210     1080     1600     1650     1300     1700   
                                           S        T        V       H0       H01     AOSYM     SMH    MOLCAS    ERIS     OPER   

              2       8       17.69       500      610      700     1000      520     2100     2140      701   
                                          VAR    BASINP    GEOM     BASIS   MCVARS     RHF     MCSCF    GEOM   

 PROGRAMS   *        TOTAL       INT        CI     MULTI       INT        CI     MULTI       INT        CI     MULTI       INT
 CPU TIMES  *       337.54      8.35     11.01      1.21      8.45     11.18      1.18      8.38     11.92      1.18      8.45
 REAL TIME  *       360.53 SEC
 DISK USED  *       791.71 MB
 **********************************************************************************************************************************

 PROGRAM * MULTI (Direct Multiconfiguration SCF)       Authors: P.J. Knowles, H.-J. Werner (1984)
                                                                D.A. Kreplin, P.J. Knowles, H.-J. Werner (2019)

 Number of closed-shell orbitals:   1 (   1   0   0   0 )
 Number of active  orbitals:        5 (   3   1   1   0 )
 Number of external orbitals:     201 (  73  49  49  30 )

 State symmetry 1

 Number of active electrons:   6    Spin symmetry=Triplet   Space symmetry=4
 Number of states:             4
 Number of CSFs:              12   (15 determinants, 50 intermediate states)

 Molecular orbitals read from record     2140.2  Type=MCSCF/NATURAL (state averaged)

 EXTRA SYMMETRY OF MOS IN SYMMETRY 1:   1 1 1 1 1 1 1 2 1 1   1 1 2 1 1 2 1 1 2 1   2 1 1 1 3 2 1 1 2 2   1 1 2 3 1 1 2 1 1 2
                                        3 1 2 1 2 3 1 1 2 1   2 1 1 2 1 1 2 3 1 3   2 1 2 3 1 1 2 2 1 1   2 1 1 2 1 1 1
 EXTRA SYMMETRY OF MOS IN SYMMETRY 2:   1 1 1 1 1 1 2 1 1 1   2 1 1 1 2 1 1 2 1 2   1 1 1 3 2 1 1 2 2 1   1 2 1 1 1 2 3 1 1 1
                                        2 2 1 2 2 1 1 1 1 1
 EXTRA SYMMETRY OF MOS IN SYMMETRY 3:   1 1 1 1 1 1 2 1 1 1   2 1 1 1 2 1 1 2 1 2   1 1 1 3 2 1 1 2 2 1   1 2 1 1 1 2 3 1 1 1
                                        2 2 1 2 2 1 1 1 1 1
 EXTRA SYMMETRY OF MOS IN SYMMETRY 4:   1 1 1 1 1 2 1 1 1 1   2 1 1 2 1 1 2 1 1 1   1 2 2 1 1 2 1 1 1 1

 Wavefunction dump at record             2140.2

 Convergence thresholds  0.10E-04 (gradient)  0.10E-05 (energy)

 Weight factors for state symmetry  1:    0.25000   0.25000   0.25000   0.25000
 
 Number of orbital rotations:  393  ( 3 closed/active, 73 closed/virtual, 0 active/active, 317 active/virtual )
 Total number of variables:    453
 
  Second-order MCSCF: L-BFGS accelerated
 
 ITER  MIC  NCI  NEG     ENERGY(VAR)    ENERGY(PROJ) ENERGY CHANGE       GRAD(0)  GRAD(ORB)   GRAD(CI)      STEP      TIME
   1    5    3    0    -54.59562240     -54.59580162   -0.00017922    0.03440553 0.00001520 0.00000000  0.15E-01      0.33
   2    7    6    0    -54.59580141     -54.59580141   -0.00000000    0.00005079 0.00000000 0.00000000  0.53E-04      0.68
   3    3    2    0    -54.59580141     -54.59580141    0.00000000    0.00000000 0.00000000 0.00000000  0.19E-08      1.00

 CONVERGENCE REACHED!  Final gradient:    0.00000000 ( 0.55E-11)
                       Final energy:    -54.59580141
 
 Results for state 1.4
 =====================
 !MCSCF STATE 1.4 Energy                       -54.881516833679
 Nuclear energy                                  4.63030060
 Kinetic energy                                 56.46173111
 One electron energy                           -84.27124580
 Two electron energy                            24.75942837
 Virial ratio                                    1.97201265
 
 !MCSCF STATE 1.4 Dipole moment                  0.00000000     0.00000000     0.81655393
 Dipole moment /Debye                            0.00000000     0.00000000     2.07547307
 
 Results for state 2.4
 =====================
 !MCSCF STATE 2.4 Energy                       -54.590590103938
 Nuclear energy                                  4.63030060
 Kinetic energy                                 54.84190295
 One electron energy                           -80.68829673
 Two electron energy                            21.46740603
 Virial ratio                                    1.99541750
 
 !MCSCF STATE 2.4 Dipole moment                  0.00000000     0.00000000    -1.60949403
 Dipole moment /Debye                            0.00000000     0.00000000    -4.09092578
 
 Results for state 3.4
 =====================
 !MCSCF STATE 3.4 Energy                       -54.467994692355
 Nuclear energy                                  4.63030060
 Kinetic energy                                 54.84933843
 One electron energy                           -80.67283761
 Two electron energy                            21.57454232
 Virial ratio                                    1.99304743
 
 !MCSCF STATE 3.4 Dipole moment                  0.00000000     0.00000000    -1.49397790
 Dipole moment /Debye                            0.00000000     0.00000000    -3.79731306
 
 Results for state 4.4
 =====================
 !MCSCF STATE 4.4 Energy                       -54.443104009055
 Nuclear energy                                  4.63030060
 Kinetic energy                                 54.88988723
 One electron energy                           -80.65916482
 Two electron energy                            21.58576021
 Virial ratio                                    1.99186037
 
 !MCSCF STATE 4.4 Dipole moment                  0.00000000     0.00000000    -1.31854732
 Dipole moment /Debye                            0.00000000     0.00000000    -3.35141299
 
 State-averaged charge density matrix saved on record 2140.2 (density set 1)
 
 Expectation values: (only non-zero values are shown)
 
 !MCSCF expec                       <1.4|DMZ|1.4>     0.816553927681 au =     2.075473065855 Debye
 !MCSCF expec                       <2.4|DMZ|2.4>    -1.609494033767 au =    -4.090925783953 Debye
 !MCSCF expec                       <3.4|DMZ|3.4>    -1.493977900478 au =    -3.797313059569 Debye
 !MCSCF expec                       <4.4|DMZ|4.4>    -1.318547317619 au =    -3.351412994297 Debye
 
 Transition values: (only non-zero values with the ground state are shown)
 
 !MCSCF trans                       <1.4|DMZ|2.4>    -0.187322365253 au =    -0.476125961231 Debye
 !MCSCF trans                       <1.4|DMZ|4.4>     0.251678140419 au =     0.639702025790 Debye
 

 EXTRA SYMMETRY OF MOS IN SYMMETRY 1:   1 1 1 1 1 1 1 2 1 1   1 1 2 1 1 2 1 1 2 1   2 1 1 1 3 2 1 1 2 2   1 1 2 3 1 1 2 1 1 2
                                        3 1 2 1 2 3 1 1 2 1   2 1 1 2 1 1 3 2 1 3   2 1 2 3 1 1 2 2 1 1   1 2 1 2 1 1 1
 EXTRA SYMMETRY OF MOS IN SYMMETRY 2:   1 1 1 1 1 1 2 1 1 1   2 1 1 1 2 1 1 2 1 2   1 1 1 3 2 1 1 2 2 1   1 2 1 1 1 2 3 1 1 1
                                        2 2 1 2 1 2 1 1 1 1
 EXTRA SYMMETRY OF MOS IN SYMMETRY 3:   1 1 1 1 1 1 2 1 1 1   2 1 1 1 2 1 1 2 1 2   1 1 1 3 2 1 1 2 2 1   1 2 1 1 1 2 3 1 1 1
                                        2 2 1 2 1 2 1 1 1 1
 EXTRA SYMMETRY OF MOS IN SYMMETRY 4:   1 1 1 1 1 2 1 1 1 1   2 1 1 2 1 1 2 1 1 1   2 1 2 1 1 2 1 1 1 1
 
 Natural orbital dump (state averaged) at molpro section 2140.2 (Orbital set 2)
 
 Reoptimze the CI vectors with natural orbitals 
 
 CI Coefficients of symmetry 4
 =============================
 
 220 a a        0.99798764      0.03250158      0.00000000      0.01167807
 2ab a a       -0.02376381      0.86131989      0.00000000      0.00437768
 2ba a a       -0.00169152     -0.29112009      0.00000000      0.81016714
 2aa a b        0.01272766     -0.28509990     -0.70695875     -0.40727241
 2aa b a        0.01272766     -0.28509990      0.70695875     -0.40727241
 b2a a a       -0.01767890      0.02781677      0.00000000      0.08470776
 a2b a a        0.04799699     -0.08137252     -0.00000000      0.00725957
 
 Energy:      -54.88151683    -54.59059010    -54.46799469    -54.44310401
 


 **********************************************************************************************************************************
 DATASETS  * FILE   NREC   LENGTH (MB)   RECORD NAMES
              1      21      259.47       500      700      610      701      900      950      970     1000      129      960   
                                          VAR     GEOM    BASINP    GEOM    SYMINP    ZMAT    AOBASIS   BASIS     P2S    ABASIS    
                                         1100     1400     1410     1200     1210     1080     1600     1650     1300     1700   
                                           S        T        V       H0       H01     AOSYM     SMH    MOLCAS    ERIS     OPER   
                                         1380   
                                         JKOP   

              2       8       17.69       500      610      700     1000      520     2100     2140      701   
                                          VAR    BASINP    GEOM     BASIS   MCVARS     RHF     MCSCF    GEOM   

 PROGRAMS   *        TOTAL     MULTI       INT        CI     MULTI       INT        CI     MULTI       INT        CI     MULTI
 CPU TIMES  *       338.75      1.21      8.35     11.01      1.21      8.45     11.18      1.18      8.38     11.92      1.18
 REAL TIME  *       361.87 SEC
 DISK USED  *       791.71 MB
 **********************************************************************************************************************************


 PROGRAM * CI (Multireference internally contracted CI)     Authors: H.-J. Werner, P.J. Knowles, 1987


 Convergence thresholds:  THRVAR = 1.00D-08  THRDEN = 1.00D-06

 Number of optimized states: 3  Roots:    1   2   3
 Number of reference states: 3  Roots:    1   2   3

 Program parameters:       NSTATE=  3    NSTATI=  5    NSTATR=  3    NCEPA = -1    NOKOP =  0    ITRDM =  0    ITRANS=  0
                           IDIP  =200    MAXIT =250    MAXITI=250    MAXDAV=  9    MAXVI = 15    NOSING=  0    NOPAIR=  0
                           MXSHRF=  4    IKCPS =  0    IOPTGM=  2    IOPTOR=  0    REFOPT=  1    IAVDEN=  0    IDELCG=  1
                           IREST =  0    NATORB=  0    IPUNRF=  0    ISEP  =  0    OLDDEN=  0    NSTPRI=  1    GPSFLI= -1
                           CLUSTE=  0    CLOSED=  1    ILSTYP=  0    ITRLS =  0    ICCSD =  0    LOCAL =  0    IBASO =  0
                           MP    =  0    ITEDIS=  2    INCDIS=  1    MAXDIS=  6    ITYDIS=  1    BRUECK=  0    IBRSTR=  3
                           INCBRK=  1    TRIPLE=  0    ICCTYP=  2    IHPPD =  0    ICCNEW=  0    I3EXT = -1    IDEB  =  0
                           IDLEIG=  1    IDFTYP=  1    IMP3  =  0    IPROCS=  0    NOINT =  0    NOREF =  1    IMP2G =  0
                           IHINT =  0    IFDIA =  0    ISPARO=  1    JKSYM =  0    CPHF  =  0    MP2D  = -1    DKINT =  0
                           NPKEX =  1    DRVK  =  1    HLSTRA=  1    WIGNER=  1    DIIS_C=  1    MAXIT_= 50    MATEL =  0
                           SPDEG =  1    MEMCPH=  0    DISM  =  1    KDCPMA=  5    IKDCP_=  0    IREDTH=  0    USECS =  0
                           IPROCC=  0    I3SAVE=  1    IKDCP =  1    USECI =  0    OLDPAI=  0    IPROCI=  0    KEEPCL=  1
                           DISCON=  0    SHIFTE=  0    DIISIN=  0    MOLCAS=  0    MEM_PT=  0    RECORD=  0    RS2C  =  0
                           KEXT  = -1    CIPT2 =  0    DECP0S=  0    I4EXT = -1    NATCOR=  0    RIMP2 =  0    DDCI  = -1
                           IPOLAR=  0

 Reference symmetry:                   4   Triplet 
 Number of electrons:                  8
 Maximum number of shells:             3
 Maximum number of spin couplings:     9

 Reference space:        6 conf       12 CSFs
 N elec internal:       35 conf       45 CSFs
 N-1 el internal:       48 conf       96 CSFs
 N-2 el internal:       26 conf      102 CSFs

 Number of electrons in valence space:                      6
 Maximum number of open shell orbitals in reference space:  4
 Maximum number of open shell orbitals in internal spaces:  6


 Number of core orbitals:           1 (   1   0   0   0 )
 Number of active  orbitals:        5 (   3   1   1   0 )
 Number of external orbitals:     201 (  73  49  49  30 )

 Molecular orbitals read from record     2140.2  Type=MCSCF/NATURAL (state averaged)

 Valence orbitals related to previous ones by unitary transformation. Operators transformed.


 Number of p-space configurations:   5

 Reference wavefunction optimized for reference space (refopt=1)

 State     Reference Energy 
     1       -54.88151683
     2       -54.59059010
     3       -54.46799469
     4       -54.44310401
     5       -54.07667981

 Number of blocks in overlap matrix:    13   Smallest eigenvalue:  0.11D-06
 Number of N-2 electron functions:      60
 Number of N-1 electron functions:      96

 Number of internal configurations:                   12
 Number of singly external configurations:          4953
 Number of doubly external configurations:        311592
 Total number of contracted configurations:       316557
 Total number of uncontracted configurations:     529947

 Diagonal Coupling coefficients finished.               Storage:    8081 words, CPU-Time:      0.00 seconds.
 Energy denominators for pairs finished in 1 passes.    Storage:  127229 words, CPU-time:      0.01 seconds.

  ITER. STATE  ROOT     SQ.NORM     CORR.ENERGY   TOTAL ENERGY   ENERGY CHANGE       DEN1      VAR(S)    VAR(P)      TIME
    1     1     1     1.00000000     0.00000000   -54.88151683     0.00000000    -0.21937151  0.71D-01  0.22D-01     0.15
    1     2     2     1.00000000     0.00000000   -54.59059010     0.00000000    -0.12111394  0.22D-01  0.13D-01     0.15
    1     3     3     1.00000000     0.00000000   -54.46799469     0.00000000    -0.14400420  0.26D-01  0.16D-01     0.15
    2     1     1     1.06947510    -0.18977837   -55.07129520    -0.18977837    -0.00871034  0.18D-02  0.11D-02     1.32
    2     2     2     1.03783149    -0.12606324   -54.71665334    -0.12606324    -0.00218276  0.30D-03  0.33D-03     1.32
    2     3     3     1.04212281    -0.14383110   -54.61182580    -0.14383110    -0.00299130  0.57D-03  0.41D-03     1.32
    3     1     1     1.06929849    -0.19886552   -55.08038235    -0.00908715    -0.00041684  0.50D-04  0.64D-04     2.48
    3     2     2     1.03933805    -0.12863165   -54.71922176    -0.00256841    -0.00016966  0.23D-04  0.33D-04     2.48
    3     3     3     1.04537178    -0.14723701   -54.61523170    -0.00340590    -0.00023661  0.16D-03  0.33D-04     2.48
    4     1     1     1.07119726    -0.19939677   -55.08091360    -0.00053125    -0.00003712  0.35D-05  0.62D-05     3.65
    4     2     2     1.04028802    -0.12886376   -54.71945386    -0.00023211    -0.00003064  0.33D-05  0.63D-05     3.65
    4     3     3     1.04969419    -0.14762571   -54.61562040    -0.00038870    -0.00006864  0.56D-04  0.88D-05     3.65
    5     1     1     1.07181580    -0.19944897   -55.08096580    -0.00005220    -0.00000438  0.39D-06  0.74D-06     4.82
    5     2     2     1.04034469    -0.12890325   -54.71949335    -0.00003949    -0.00000633  0.83D-06  0.13D-05     4.82
    5     3     3     1.05321863    -0.14776393   -54.61575863    -0.00013822    -0.00003501  0.32D-04  0.41D-05     4.82
    6     1     1     1.07175147    -0.19945488   -55.08097172    -0.00000591    -0.00000065  0.45D-07  0.10D-06     5.99
    6     2     2     1.04028625    -0.12891136   -54.71950147    -0.00000812    -0.00000140  0.22D-06  0.26D-06     5.99
    6     3     3     1.05580180    -0.14783042   -54.61582512    -0.00006649    -0.00002389  0.25D-04  0.26D-05     5.99
    7     1     1     1.07175307    -0.19945571   -55.08097254    -0.00000082    -0.00000010  0.80D-08  0.16D-07     7.16
    7     2     2     1.04030603    -0.12891309   -54.71950319    -0.00000172    -0.00000030  0.61D-07  0.54D-07     7.16
    7     3     3     1.05811493    -0.14786750   -54.61586219    -0.00003707    -0.00001284  0.94D-05  0.14D-05     7.16
    8     1     1     1.07175882    -0.19945583   -55.08097266    -0.00000012    -0.00000002  0.14D-08  0.27D-08     8.34
    8     2     2     1.04030673    -0.12891346   -54.71950356    -0.00000037    -0.00000008  0.11D-07  0.18D-07     8.34
    8     3     3     1.05962925    -0.14788736   -54.61588205    -0.00001986    -0.00000691  0.67D-05  0.76D-06     8.34
    9     1     1     1.07175871    -0.19945583   -55.08097266    -0.00000000    -0.00000002  0.14D-08  0.27D-08     9.24
    9     2     2     1.04030869    -0.12891355   -54.71950366    -0.00000010    -0.00000002  0.37D-08  0.50D-08     9.24
    9     3     3     1.06506421    -0.14791153   -54.61590622    -0.00002418    -0.00000449  0.90D-06  0.78D-06     9.24
   10     1     1     1.07175871    -0.19945583   -55.08097266    -0.00000000    -0.00000002  0.14D-08  0.27D-08     9.90
   10     2     2     1.04030869    -0.12891355   -54.71950366    -0.00000000    -0.00000002  0.37D-08  0.50D-08     9.90
   10     3     3     1.06556401    -0.14791658   -54.61591127    -0.00000504    -0.00000062  0.35D-06  0.11D-06     9.90
   11     1     1     1.07175871    -0.19945583   -55.08097266     0.00000000    -0.00000002  0.14D-08  0.27D-08    10.56
   11     2     2     1.04030869    -0.12891355   -54.71950366    -0.00000000    -0.00000002  0.37D-08  0.50D-08    10.56
   11     3     3     1.06630185    -0.14791770   -54.61591239    -0.00000112    -0.00000026  0.84D-07  0.63D-07    10.56
   12     1     1     1.07175871    -0.19945583   -55.08097266     0.00000000    -0.00000002  0.14D-08  0.27D-08    11.23
   12     2     2     1.04030869    -0.12891355   -54.71950366    -0.00000000    -0.00000002  0.37D-08  0.50D-08    11.23
   12     3     3     1.06680996    -0.14791805   -54.61591274    -0.00000035    -0.00000006  0.10D-07  0.18D-07    11.23
   13     1     1     1.07175871    -0.19945583   -55.08097266    -0.00000000    -0.00000002  0.14D-08  0.27D-08    11.88
   13     2     2     1.04030869    -0.12891355   -54.71950366    -0.00000000    -0.00000002  0.37D-08  0.50D-08    11.88
   13     3     3     1.06687180    -0.14791812   -54.61591281    -0.00000007    -0.00000001  0.45D-08  0.18D-08    11.88


 =====================================
 Analysis of CPU times by interactions
 =====================================

       I      S      P

 I   0.0%
 S   0.1%   0.4%
 P   0.2%   0.9%  28.6%

 Initialization:   1.3%
 Other:           68.5%

 Total CPU:       11.9 seconds
 =====================================



 gnormi=  0.93304583  gnorms=  0.04280666  gnormp=  0.02414751  gnorm=  1.00000000
 ecorri= -0.18610143  ecorrs= -0.00853537  ecorrp= -0.00481903  ecorr= -0.19945583

 gnormi=  0.96125315  gnorms=  0.02273302  gnormp=  0.01601384  gnorm=  1.00000000
 ecorri= -0.12391856  ecorrs= -0.00293011  ecorrp= -0.00206488  ecorr= -0.12891355

 gnormi=  0.93731974  gnorms=  0.04405775  gnormp=  0.01862251  gnorm=  1.00000000
 ecorri= -0.13864657  ecorrs= -0.00651634  ecorrp= -0.00275521  ecorr= -0.14791812

 Reference coefficients greater than 0.0500000
 =============================================
 220//           0.9651856   0.0122865  -0.0000001
 2/\//          -0.0060846   0.7999146  -0.0000014
 2///\           0.0074782  -0.3232955   0.7903226
 2//\/           0.0105758  -0.4572088  -0.5588451
 /2\//           0.0279926  -0.0673245   0.0000000

 Coefficients of singly external configurations greater than 0.0500000
 =====================================================================

 220/0   2.3     0.0330742   0.0074788  -0.0909193
 2200/   2.2    -0.0330741  -0.0074793  -0.0909151
 2/0/\  11.1     0.0573099   0.0042658   0.0000007

 Coefficients of fixed reference functions:
 ==========================================

 State      Coefficients
 1           0.965643    0.015793    0.000000
 2          -0.018987    0.980164   -0.000000
 3          -0.000000    0.000000    0.968148

 Coefficients of rotated reference functions:
 ============================================

 State      Coefficients
 1           0.965771   -0.001467   -0.000000
 2          -0.001467    0.980346    0.000000
 3          -0.000000    0.000000    0.968148


 RESULTS FOR STATE 1.4
 =====================

 Coefficient of reference function:   C(0) = 0.96564322 (fixed)   0.96594297 (relaxed)   0.96577124 (rotated)

 Energy contributions of configuration classes

 CLASS          SQ.NORM        ECORR1        ECORR2
 +++++++++++++++++++++++++++++++++++++++++++++++++++
 Internals    0.00035567   -0.00000790   -0.11374963
 Singles      0.04589473   -0.07757123   -0.08088715
 Pairs        0.02588950   -0.00000002   -0.00481905
 Total        1.07213990   -0.07757914   -0.19945583
 +++++++++++++++++++++++++++++++++++++++++++++++++++


 Reference energy                     -54.88142391
 Nuclear energy                         4.63030060
 Kinetic energy                        55.77346937
 One electron energy                  -83.38542514
 Two electron energy                   23.67415188
 Virial quotient                       -0.98758376
 Correlation energy                    -0.19954875
 !MRCI STATE 1.4 Energy               -55.080972660412

 Properties without orbital relaxation:

 !MRCI STATE 1.4 Dipole moment          0.00000000     0.00000000     0.66176451
 Dipole moment /Debye                   0.00000000     0.00000000     1.68203761

 Cluster corrected energies           -55.09536809 (Davidson, fixed reference)
 Cluster corrected energies           -55.09529202 (Davidson, relaxed reference)
 Cluster corrected energies           -55.09536809 (Davidson, rotated reference)

 Cluster corrected energies           -55.08816103 (Pople, fixed reference)
 Cluster corrected energies           -55.08812315 (Pople, relaxed reference)
 Cluster corrected energies           -55.08816103 (Pople, rotated reference)



 RESULTS FOR STATE 2.4
 =====================

 Coefficient of reference function:   C(0) = 0.98016367 (fixed)   0.98043518 (relaxed)   0.98034646 (rotated)

 Energy contributions of configuration classes

 CLASS          SQ.NORM        ECORR1        ECORR2
 +++++++++++++++++++++++++++++++++++++++++++++++++++
 Internals    0.00018102   -0.00000778   -0.07793950
 Singles      0.02365363   -0.04784106   -0.04890916
 Pairs        0.01666235   -0.00000001   -0.00206490
 Total        1.04049700   -0.04784885   -0.12891355
 +++++++++++++++++++++++++++++++++++++++++++++++++++


 Reference energy                     -54.59068302
 Nuclear energy                         4.63030060
 Kinetic energy                        55.34484144
 One electron energy                  -80.91121841
 Two electron energy                   21.56141416
 Virial quotient                       -0.98870106
 Correlation energy                    -0.12882064
 !MRCI STATE 2.4 Energy               -54.719503658898

 Properties without orbital relaxation:

 !MRCI STATE 2.4 Dipole moment          0.00000000     0.00000000    -1.53295326
 Dipole moment /Debye                   0.00000000     0.00000000    -3.89637854

 Cluster corrected energies           -54.72472051 (Davidson, fixed reference)
 Cluster corrected energies           -54.72469625 (Davidson, relaxed reference)
 Cluster corrected energies           -54.72472051 (Davidson, rotated reference)

 Cluster corrected energies           -54.72211102 (Pople, fixed reference)
 Cluster corrected energies           -54.72209890 (Pople, relaxed reference)
 Cluster corrected energies           -54.72211102 (Pople, rotated reference)



 RESULTS FOR STATE 3.4
 =====================

 Coefficient of reference function:   C(0) = 0.96814759 (fixed)   0.96815275 (relaxed)   0.96814759 (rotated)

 Energy contributions of configuration classes

 CLASS          SQ.NORM        ECORR1        ECORR2
 +++++++++++++++++++++++++++++++++++++++++++++++++++
 Internals    0.00001065   -0.00000000   -0.00000148
 Singles      0.04700447   -0.05729667   -0.06022106
 Pairs        0.01986804   -0.09062145   -0.08769558
 Total        1.06688316   -0.14791812   -0.14791812
 +++++++++++++++++++++++++++++++++++++++++++++++++++


 Reference energy                     -54.46799469
 Nuclear energy                         4.63030060
 Kinetic energy                        55.26560674
 One electron energy                  -80.81749019
 Two electron energy                   21.57127679
 Virial quotient                       -0.98824415
 Correlation energy                    -0.14791812
 !MRCI STATE 3.4 Energy               -54.615912809525

 Properties without orbital relaxation:

 !MRCI STATE 3.4 Dipole moment          0.00000000     0.00000000    -1.28699560
 Dipole moment /Debye                   0.00000000     0.00000000    -3.27121653

 Cluster corrected energies           -54.62580604 (Davidson, fixed reference)
 Cluster corrected energies           -54.62580436 (Davidson, relaxed reference)
 Cluster corrected energies           -54.62580604 (Davidson, rotated reference)

 Cluster corrected energies           -54.62085391 (Pople, fixed reference)
 Cluster corrected energies           -54.62085307 (Pople, relaxed reference)
 Cluster corrected energies           -54.62085391 (Pople, rotated reference)


 !MRCI trans          <2.4|DMZ|1.4>    -0.374439046043 au =    -0.951729124707 Debye

 !MRCI trans          <3.4|DMZ|1.4>     0.000002010181 au =     0.000005109371 Debye

 !MRCI trans          <3.4|DMZ|2.4>    -0.000015652476 au =    -0.000039784625 Debye


 **********************************************************************************************************************************
 DATASETS  * FILE   NREC   LENGTH (MB)   RECORD NAMES
              1      21      259.47       500      700      610      701      900      950      970     1000      129      960   
                                          VAR     GEOM    BASINP    GEOM    SYMINP    ZMAT    AOBASIS   BASIS     P2S    ABASIS    
                                         1100     1400     1410     1200     1210     1080     1600     1650     1300     1700   
                                           S        T        V       H0       H01     AOSYM     SMH    MOLCAS    ERIS     OPER   
                                         1380   
                                         JKOP   

              2       8       17.69       500      610      700     1000      520     2100     2140      701   
                                          VAR    BASINP    GEOM     BASIS   MCVARS     RHF     MCSCF    GEOM   

 PROGRAMS   *        TOTAL        CI     MULTI       INT        CI     MULTI       INT        CI     MULTI       INT        CI
 CPU TIMES  *       350.68     11.93      1.21      8.35     11.01      1.21      8.45     11.18      1.18      8.38     11.92
 REAL TIME  *       374.73 SEC
 DISK USED  *       791.71 MB
 **********************************************************************************************************************************
 SETTING E1(17)         =       -55.08097266  AU                              
 SETTING E2(17)         =       -54.71950366  AU                              
 SETTING E3(17)         =       -54.61591281  AU                              

 DO I                   =        18.00000000   


 Using spherical harmonics

 Library entry N      S aug-cc-pV5Z          selected for orbital group  1
 Library entry N      P aug-cc-pV5Z          selected for orbital group  1
 Library entry N      D aug-cc-pV5Z          selected for orbital group  1
 Library entry N      F aug-cc-pV5Z          selected for orbital group  1
 Library entry N      G aug-cc-pV5Z          selected for orbital group  1
 Library entry N      H aug-cc-pV5Z          selected for orbital group  1
 Library entry H      S aug-cc-pV5Z          selected for orbital group  2
 Library entry H      P aug-cc-pV5Z          selected for orbital group  2
 Library entry H      D aug-cc-pV5Z          selected for orbital group  2
 Library entry H      F aug-cc-pV5Z          selected for orbital group  2
 Library entry H      G aug-cc-pV5Z          selected for orbital group  2


 PROGRAM * SEWARD (Integral evaluation for generally contracted gaussian basis sets)     Author: Roland Lindh, 1990

 Geometry written to block  1 of record 701

 Orientation using atomic masses  
 Molecule type: Linear
 Symmetry elements: X,Y
 Rotational constants:     883.4305227    883.4305227      0.0000000 GHz  (calculated with average atomic masses)

 Point group  C2v 



 ATOMIC COORDINATES

 NR  ATOM    CHARGE       X              Y              Z

   1  N       7.00    0.000000000    0.000000000   -0.098949414
   2  H       1.00    0.000000000    0.000000000    1.375036963

 Bond lengths in Bohr (Angstrom)

 1-2  1.473986377
     ( 0.780000000)

 NUCLEAR CHARGE:                    8
 NUMBER OF PRIMITIVE AOS:         307
 NUMBER OF SYMMETRY AOS:          227
 NUMBER OF CONTRACTIONS:          207   (   77A1  +   50B1  +   50B2  +   30A2  )
 NUMBER OF INNER CORE ORBITALS:     0   (    0A1  +    0B1  +    0B2  +    0A2  )
 NUMBER OF OUTER CORE ORBITALS:     1   (    1A1  +    0B1  +    0B2  +    0A2  )
 NUMBER OF VALENCE ORBITALS:        5   (    3A1  +    1B1  +    1B2  +    0A2  )


 NUCLEAR REPULSION ENERGY    4.74902625

 EXTRA SYMMETRY OF AOS IN SYMMETRY 1:   1 1 1 1 1 1 1 1 1 1   1 1 1 1 2 1 2 1 2 1   2 1 2 1 2 1 2 1 2 1   2 1 3 2 1 3 2 1 3 2
                                        2 3 1 2 3 1 1 1 1 1   1 1 1 1 1 1 1 1 2 1   2 1 2 1 2 1 2 1 2 1   2 1 3 2 1 3 2
 EXTRA SYMMETRY OF AOS IN SYMMETRY 2:   1 1 1 1 1 1 1 1 1 1   1 1 2 1 2 1 2 1 2 1   2 1 2 1 2 1 2 3 1 2   3 1 1 1 1 1 1 1 1 1
                                        1 2 1 2 1 2 1 2 1 2
 EXTRA SYMMETRY OF AOS IN SYMMETRY 3:   1 1 1 1 1 1 1 1 1 1   1 1 2 1 2 1 2 1 2 1   2 1 2 1 2 1 2 3 1 2   3 1 1 1 1 1 1 1 1 1
                                        1 2 1 2 1 2 1 2 1 2
 EXTRA SYMMETRY OF AOS IN SYMMETRY 4:   1 1 1 1 1 1 1 1 1 1   2 1 2 1 2 2 1 2 1 1   1 1 1 1 1 1 1 2 1 2

 Eigenvalues of metric

         1 0.780E-05 0.582E-04 0.109E-03 0.157E-03 0.269E-03 0.340E-03 0.797E-03 0.119E-02
         2 0.837E-04 0.552E-03 0.163E-02 0.399E-02 0.494E-02 0.893E-02 0.143E-01 0.179E-01
         3 0.837E-04 0.552E-03 0.163E-02 0.399E-02 0.494E-02 0.893E-02 0.143E-01 0.179E-01
         4 0.130E-02 0.644E-02 0.175E-01 0.330E-01 0.746E-01 0.873E-01 0.163E+00 0.166E+00


 Contracted 2-electron integrals neglected if value below      1.0D-12
 AO integral compression algorithm  1   Integral accuracy      1.0D-12

     294.650 MB (compressed) written to integral file ( 52.3%)


 NUMBER OF SORTED TWO-ELECTRON INTEGRALS:   59167011.     BUFFER LENGTH:  32768
 NUMBER OF SEGMENTS:   4  SEGMENT LENGTH:   15999984      RECORD LENGTH: 524288

 Memory used in sort:      16.56 MW

 SORT1 READ    70490039. AND WROTE    39593913. INTEGRALS IN    116 RECORDS. CPU TIME:     0.76 SEC, REAL TIME:     0.89 SEC
 SORT2 READ    39593913. AND WROTE    59167011. INTEGRALS IN   1124 RECORDS. CPU TIME:     0.63 SEC, REAL TIME:     0.74 SEC

 FILE SIZES:   FILE 1:   325.8 MBYTE,  FILE 4:   486.6 MBYTE,   TOTAL:    812.3 MBYTE

 OPERATOR DM      FOR CENTER  0  COORDINATES:    0.000000    0.000000    0.000000


 **********************************************************************************************************************************
 DATASETS  * FILE   NREC   LENGTH (MB)   RECORD NAMES
              1      20      257.23       500      700      610      701      900      950      970     1000      129      960   
                                          VAR     GEOM    BASINP    GEOM    SYMINP    ZMAT    AOBASIS   BASIS     P2S    ABASIS    
                                         1100     1400     1410     1200     1210     1080     1600     1650     1300     1700   
                                           S        T        V       H0       H01     AOSYM     SMH    MOLCAS    ERIS     OPER   

              2       8       17.69       500      610      700     1000      520     2100     2140      701   
                                          VAR    BASINP    GEOM     BASIS   MCVARS     RHF     MCSCF    GEOM   

 PROGRAMS   *        TOTAL       INT        CI     MULTI       INT        CI     MULTI       INT        CI     MULTI       INT
 CPU TIMES  *       359.07      8.38     11.93      1.21      8.35     11.01      1.21      8.45     11.18      1.18      8.38
 REAL TIME  *       383.48 SEC
 DISK USED  *       792.46 MB
 **********************************************************************************************************************************

 PROGRAM * MULTI (Direct Multiconfiguration SCF)       Authors: P.J. Knowles, H.-J. Werner (1984)
                                                                D.A. Kreplin, P.J. Knowles, H.-J. Werner (2019)

 Number of closed-shell orbitals:   1 (   1   0   0   0 )
 Number of active  orbitals:        5 (   3   1   1   0 )
 Number of external orbitals:     201 (  73  49  49  30 )

 State symmetry 1

 Number of active electrons:   6    Spin symmetry=Triplet   Space symmetry=4
 Number of states:             4
 Number of CSFs:              12   (15 determinants, 50 intermediate states)

 Molecular orbitals read from record     2140.2  Type=MCSCF/NATURAL (state averaged)

 EXTRA SYMMETRY OF MOS IN SYMMETRY 1:   1 1 1 1 1 1 1 2 1 1   1 1 2 1 1 2 1 1 2 1   2 1 1 1 3 2 1 1 2 2   1 1 2 3 1 1 2 1 1 2
                                        3 1 2 1 2 3 1 1 2 1   2 1 1 2 1 1 3 2 1 3   2 1 2 3 1 1 2 2 1 1   1 2 1 2 1 1 1
 EXTRA SYMMETRY OF MOS IN SYMMETRY 2:   1 1 1 1 1 1 2 1 1 1   2 1 1 1 2 1 1 2 1 2   1 1 1 3 2 1 1 2 2 1   1 2 1 1 1 2 3 1 1 1
                                        2 2 1 2 1 2 1 1 1 1
 EXTRA SYMMETRY OF MOS IN SYMMETRY 3:   1 1 1 1 1 1 2 1 1 1   2 1 1 1 2 1 1 2 1 2   1 1 1 3 2 1 1 2 2 1   1 2 1 1 1 2 3 1 1 1
                                        2 2 1 2 1 2 1 1 1 1
 EXTRA SYMMETRY OF MOS IN SYMMETRY 4:   1 1 1 1 1 2 1 1 1 1   2 1 1 2 1 1 2 1 1 1   2 1 2 1 1 2 1 1 1 1

 Wavefunction dump at record             2140.2

 Convergence thresholds  0.10E-04 (gradient)  0.10E-05 (energy)

 Weight factors for state symmetry  1:    0.25000   0.25000   0.25000   0.25000
 
 Number of orbital rotations:  393  ( 3 closed/active, 73 closed/virtual, 0 active/active, 317 active/virtual )
 Total number of variables:    453
 
  Second-order MCSCF: L-BFGS accelerated
 
 ITER  MIC  NCI  NEG     ENERGY(VAR)    ENERGY(PROJ) ENERGY CHANGE       GRAD(0)  GRAD(ORB)   GRAD(CI)      STEP      TIME
   1    4    3    0    -54.57776108     -54.57794575   -0.00018467    0.03620442 0.00000914 0.00000000  0.14E-01      0.34
   2    7    5    0    -54.57794555     -54.57794555   -0.00000000    0.00005026 0.00000000 0.00000000  0.47E-04      0.69
   3    3    2    0    -54.57794555     -54.57794555   -0.00000000    0.00000000 0.00000000 0.00000000  0.14E-08      1.01

 CONVERGENCE REACHED!  Final gradient:    0.00000000 ( 0.40E-11)
                       Final energy:    -54.57794555
 
 Results for state 1.4
 =====================
 !MCSCF STATE 1.4 Energy                       -54.865145637795
 Nuclear energy                                  4.74902625
 Kinetic energy                                 56.54069264
 One electron energy                           -84.45944505
 Two electron energy                            24.84527316
 Virial ratio                                    1.97036564
 
 !MCSCF STATE 1.4 Dipole moment                  0.00000000     0.00000000     0.81464331
 Dipole moment /Debye                            0.00000000     0.00000000     2.07061675
 
 Results for state 2.4
 =====================
 !MCSCF STATE 2.4 Energy                       -54.573463607368
 Nuclear energy                                  4.74902625
 Kinetic energy                                 54.90685988
 One electron energy                           -80.84943705
 Two electron energy                            21.52694719
 Virial ratio                                    1.99392797
 
 !MCSCF STATE 2.4 Dipole moment                  0.00000000     0.00000000    -1.58817696
 Dipole moment /Debye                            0.00000000     0.00000000    -4.03674318
 
 Results for state 3.4
 =====================
 !MCSCF STATE 3.4 Energy                       -54.449795437390
 Nuclear energy                                  4.74902625
 Kinetic energy                                 54.90574750
 One electron energy                           -80.82701447
 Two electron energy                            21.62819278
 Virial ratio                                    1.99169573
 
 !MCSCF STATE 3.4 Dipole moment                  0.00000000     0.00000000    -1.47594051
 Dipole moment /Debye                            0.00000000     0.00000000    -3.75146658
 
 Results for state 4.4
 =====================
 !MCSCF STATE 4.4 Energy                       -54.423377532083
 Nuclear energy                                  4.74902625
 Kinetic energy                                 54.94322036
 One electron energy                           -80.80929653
 Two electron energy                            21.63689275
 Virial ratio                                    1.99053854
 
 !MCSCF STATE 4.4 Dipole moment                  0.00000000     0.00000000    -1.30587090
 Dipole moment /Debye                            0.00000000     0.00000000    -3.31919276
 
 State-averaged charge density matrix saved on record 2140.2 (density set 1)
 
 Expectation values: (only non-zero values are shown)
 
 !MCSCF expec                       <1.4|DMZ|1.4>     0.814643305781 au =     2.070616749381 Debye
 !MCSCF expec                       <2.4|DMZ|2.4>    -1.588176958226 au =    -4.036743182380 Debye
 !MCSCF expec                       <3.4|DMZ|3.4>    -1.475940507183 au =    -3.751466578777 Debye
 !MCSCF expec                       <4.4|DMZ|4.4>    -1.305870900253 au =    -3.319192755165 Debye
 
 Transition values: (only non-zero values with the ground state are shown)
 
 !MCSCF trans                       <1.4|DMZ|2.4>    -0.155807006600 au =    -0.396021909525 Debye
 !MCSCF trans                       <1.4|DMZ|4.4>     0.232378878984 au =     0.590648196102 Debye
 

 EXTRA SYMMETRY OF MOS IN SYMMETRY 1:   1 1 1 1 1 1 1 2 1 1   1 1 2 1 1 2 1 1 2 1   2 1 1 1 3 2 1 1 2 2   1 1 2 3 1 1 2 1 1 2
                                        3 2 1 1 2 3 1 1 2 1   2 1 1 2 1 1 3 2 1 2   3 1 2 3 1 1 2 2 1 1   1 2 1 2 1 1 1
 EXTRA SYMMETRY OF MOS IN SYMMETRY 2:   1 1 1 1 1 1 2 1 1 1   2 1 1 1 2 1 1 2 1 2   1 1 1 3 2 1 1 2 2 1   1 2 1 1 1 2 3 1 1 1
                                        2 2 2 1 1 2 1 1 1 1
 EXTRA SYMMETRY OF MOS IN SYMMETRY 3:   1 1 1 1 1 1 2 1 1 1   2 1 1 1 2 1 1 2 1 2   1 1 1 3 2 1 1 2 2 1   1 2 1 1 1 2 3 1 1 1
                                        2 2 2 1 1 2 1 1 1 1
 EXTRA SYMMETRY OF MOS IN SYMMETRY 4:   1 1 1 1 1 2 1 1 1 1   2 1 1 2 1 1 2 1 1 1   2 1 1 2 1 2 1 1 1 1
 
 Natural orbital dump (state averaged) at molpro section 2140.2 (Orbital set 2)
 
 Reoptimze the CI vectors with natural orbitals 
 
 CI Coefficients of symmetry 4
 =============================
 
 220 a a        0.99782494      0.04099467     -0.00000000      0.00796517
 2ab a a       -0.03131332      0.86121416      0.00000000      0.00460233
 2ba a a        0.00402353     -0.29132810      0.00000000      0.81018109
 2aa a b        0.01364490     -0.28494303     -0.70696219     -0.40739171
 2aa b a        0.01364490     -0.28494303      0.70696219     -0.40739171
 b2a a a       -0.01750263      0.02692146      0.00000000      0.08480790
 a2b a a        0.04682971     -0.07984496      0.00000000      0.00569592
 
 Energy:      -54.86514564    -54.57346361    -54.44979544    -54.42337753
 


 **********************************************************************************************************************************
 DATASETS  * FILE   NREC   LENGTH (MB)   RECORD NAMES
              1      21      260.15       500      700      610      701      900      950      970     1000      129      960   
                                          VAR     GEOM    BASINP    GEOM    SYMINP    ZMAT    AOBASIS   BASIS     P2S    ABASIS    
                                         1100     1400     1410     1200     1210     1080     1600     1650     1300     1700   
                                           S        T        V       H0       H01     AOSYM     SMH    MOLCAS    ERIS     OPER   
                                         1380   
                                         JKOP   

              2       8       17.69       500      610      700     1000      520     2100     2140      701   
                                          VAR    BASINP    GEOM     BASIS   MCVARS     RHF     MCSCF    GEOM   

 PROGRAMS   *        TOTAL     MULTI       INT        CI     MULTI       INT        CI     MULTI       INT        CI     MULTI
 CPU TIMES  *       360.27      1.20      8.38     11.93      1.21      8.35     11.01      1.21      8.45     11.18      1.18
 REAL TIME  *       384.83 SEC
 DISK USED  *       792.46 MB
 **********************************************************************************************************************************


 PROGRAM * CI (Multireference internally contracted CI)     Authors: H.-J. Werner, P.J. Knowles, 1987


 Convergence thresholds:  THRVAR = 1.00D-08  THRDEN = 1.00D-06

 Number of optimized states: 3  Roots:    1   2   3
 Number of reference states: 3  Roots:    1   2   3

 Program parameters:       NSTATE=  3    NSTATI=  5    NSTATR=  3    NCEPA = -1    NOKOP =  0    ITRDM =  0    ITRANS=  0
                           IDIP  =200    MAXIT =250    MAXITI=250    MAXDAV=  9    MAXVI = 15    NOSING=  0    NOPAIR=  0
                           MXSHRF=  4    IKCPS =  0    IOPTGM=  2    IOPTOR=  0    REFOPT=  1    IAVDEN=  0    IDELCG=  1
                           IREST =  0    NATORB=  0    IPUNRF=  0    ISEP  =  0    OLDDEN=  0    NSTPRI=  1    GPSFLI= -1
                           CLUSTE=  0    CLOSED=  1    ILSTYP=  0    ITRLS =  0    ICCSD =  0    LOCAL =  0    IBASO =  0
                           MP    =  0    ITEDIS=  2    INCDIS=  1    MAXDIS=  6    ITYDIS=  1    BRUECK=  0    IBRSTR=  3
                           INCBRK=  1    TRIPLE=  0    ICCTYP=  2    IHPPD =  0    ICCNEW=  0    I3EXT = -1    IDEB  =  0
                           IDLEIG=  1    IDFTYP=  1    IMP3  =  0    IPROCS=  0    NOINT =  0    NOREF =  1    IMP2G =  0
                           IHINT =  0    IFDIA =  0    ISPARO=  1    JKSYM =  0    CPHF  =  0    MP2D  = -1    DKINT =  0
                           NPKEX =  1    DRVK  =  1    HLSTRA=  1    WIGNER=  1    DIIS_C=  1    MAXIT_= 50    MATEL =  0
                           SPDEG =  1    MEMCPH=  0    DISM  =  1    KDCPMA=  5    IKDCP_=  0    IREDTH=  0    USECS =  0
                           IPROCC=  0    I3SAVE=  1    IKDCP =  1    USECI =  0    OLDPAI=  0    IPROCI=  0    KEEPCL=  1
                           DISCON=  0    SHIFTE=  0    DIISIN=  0    MOLCAS=  0    MEM_PT=  0    RECORD=  0    RS2C  =  0
                           KEXT  = -1    CIPT2 =  0    DECP0S=  0    I4EXT = -1    NATCOR=  0    RIMP2 =  0    DDCI  = -1
                           IPOLAR=  0

 Reference symmetry:                   4   Triplet 
 Number of electrons:                  8
 Maximum number of shells:             3
 Maximum number of spin couplings:     9

 Reference space:        6 conf       12 CSFs
 N elec internal:       35 conf       45 CSFs
 N-1 el internal:       48 conf       96 CSFs
 N-2 el internal:       26 conf      102 CSFs

 Number of electrons in valence space:                      6
 Maximum number of open shell orbitals in reference space:  4
 Maximum number of open shell orbitals in internal spaces:  6


 Number of core orbitals:           1 (   1   0   0   0 )
 Number of active  orbitals:        5 (   3   1   1   0 )
 Number of external orbitals:     201 (  73  49  49  30 )

 Molecular orbitals read from record     2140.2  Type=MCSCF/NATURAL (state averaged)

 Valence orbitals related to previous ones by unitary transformation. Operators transformed.


 Number of p-space configurations:   5

 Reference wavefunction optimized for reference space (refopt=1)

 State     Reference Energy 
     1       -54.86514564
     2       -54.57346361
     3       -54.44979544
     4       -54.42337753
     5       -54.04993756

 Number of blocks in overlap matrix:    13   Smallest eigenvalue:  0.27D-06
 Number of N-2 electron functions:      60
 Number of N-1 electron functions:      96

 Number of internal configurations:                   12
 Number of singly external configurations:          4953
 Number of doubly external configurations:        311592
 Total number of contracted configurations:       316557
 Total number of uncontracted configurations:     529947

 Diagonal Coupling coefficients finished.               Storage:    8081 words, CPU-Time:      0.00 seconds.
 Energy denominators for pairs finished in 1 passes.    Storage:  127229 words, CPU-time:      0.01 seconds.

  ITER. STATE  ROOT     SQ.NORM     CORR.ENERGY   TOTAL ENERGY   ENERGY CHANGE       DEN1      VAR(S)    VAR(P)      TIME
    1     1     1     1.00000000     0.00000000   -54.86514564     0.00000000    -0.21875592  0.71D-01  0.21D-01     0.15
    1     2     2     1.00000000     0.00000000   -54.57346361     0.00000000    -0.12081783  0.22D-01  0.13D-01     0.15
    1     3     3     1.00000000     0.00000000   -54.44979544     0.00000000    -0.14367421  0.26D-01  0.16D-01     0.15
    2     1     1     1.06937696    -0.18981889   -55.05496452    -0.18981889    -0.00878611  0.18D-02  0.12D-02     1.32
    2     2     2     1.03730032    -0.12560824   -54.69907185    -0.12560824    -0.00211925  0.30D-03  0.31D-03     1.32
    2     3     3     1.04184840    -0.14348533   -54.59328077    -0.14348533    -0.00296725  0.57D-03  0.40D-03     1.32
    3     1     1     1.06904788    -0.19906109   -55.06420673    -0.00924220    -0.00043427  0.50D-04  0.67D-04     2.48
    3     2     2     1.03880845    -0.12811730   -54.70158091    -0.00250906    -0.00016209  0.22D-04  0.32D-04     2.48
    3     3     3     1.04510251    -0.14686347   -54.59665890    -0.00337814    -0.00024037  0.18D-03  0.33D-04     2.48
    4     1     1     1.07094726    -0.19962054   -55.06476618    -0.00055945    -0.00003835  0.36D-05  0.64D-05     3.67
    4     2     2     1.03973428    -0.12834411   -54.70180772    -0.00022680    -0.00003029  0.36D-05  0.61D-05     3.67
    4     3     3     1.04978364    -0.14726729   -54.59706272    -0.00040382    -0.00007541  0.64D-04  0.95D-05     3.67
    5     1     1     1.07156867    -0.19967424   -55.06481988    -0.00005370    -0.00000440  0.41D-06  0.74D-06     4.86
    5     2     2     1.03978475    -0.12838254   -54.70184615    -0.00003843    -0.00000670  0.86D-06  0.14D-05     4.86
    5     3     3     1.05396801    -0.14742379   -54.59721923    -0.00015650    -0.00004189  0.38D-04  0.49D-05     4.86
    6     1     1     1.07150813    -0.19968024   -55.06482587    -0.00000599    -0.00000066  0.47D-07  0.10D-06     6.05
    6     2     2     1.03972861    -0.12839074   -54.70185435    -0.00000820    -0.00000151  0.24D-06  0.29D-06     6.05
    6     3     3     1.05701770    -0.14750276   -54.59729820    -0.00007897    -0.00002858  0.30D-04  0.31D-05     6.05
    7     1     1     1.07151524    -0.19968107   -55.06482671    -0.00000083    -0.00000010  0.78D-08  0.16D-07     7.21
    7     2     2     1.03974839    -0.12839257   -54.70185618    -0.00000183    -0.00000033  0.66D-07  0.60D-07     7.21
    7     3     3     1.05971279    -0.14754657   -54.59734201    -0.00004381    -0.00001509  0.11D-04  0.16D-05     7.21
    8     1     1     1.07152129    -0.19968119   -55.06482683    -0.00000012    -0.00000002  0.14D-08  0.29D-08     8.40
    8     2     2     1.03975113    -0.12839298   -54.70185659    -0.00000041    -0.00000010  0.13D-07  0.22D-07     8.40
    8     3     3     1.06156908    -0.14757039   -54.59736583    -0.00002382    -0.00000857  0.83D-05  0.94D-06     8.40
    9     1     1     1.07152124    -0.19968119   -55.06482683    -0.00000000    -0.00000002  0.14D-08  0.29D-08     9.29
    9     2     2     1.03975387    -0.12839309   -54.70185670    -0.00000011    -0.00000003  0.46D-08  0.62D-08     9.29
    9     3     3     1.06838094    -0.14760078   -54.59739622    -0.00003039    -0.00000573  0.11D-05  0.10D-05     9.29
   10     1     1     1.07152119    -0.19968119   -55.06482683    -0.00000000    -0.00000002  0.14D-08  0.29D-08    10.20
   10     2     2     1.03975980    -0.12839313   -54.70185674    -0.00000004    -0.00000000  0.50D-09  0.68D-09    10.20
   10     3     3     1.06900896    -0.14760718   -54.59740262    -0.00000640    -0.00000078  0.44D-06  0.14D-06    10.20
   11     1     1     1.07152119    -0.19968119   -55.06482683    -0.00000000    -0.00000002  0.14D-08  0.29D-08    10.85
   11     2     2     1.03975980    -0.12839313   -54.70185674    -0.00000000    -0.00000000  0.50D-09  0.68D-09    10.85
   11     3     3     1.06993502    -0.14760861   -54.59740405    -0.00000143    -0.00000033  0.11D-06  0.75D-07    10.85
   12     1     1     1.07152119    -0.19968119   -55.06482683    -0.00000000    -0.00000002  0.14D-08  0.29D-08    11.52
   12     2     2     1.03975980    -0.12839313   -54.70185674    -0.00000000    -0.00000000  0.50D-09  0.68D-09    11.52
   12     3     3     1.07015303    -0.14760894   -54.59740438    -0.00000033    -0.00000007  0.40D-07  0.11D-07    11.52
   13     1     1     1.07152119    -0.19968119   -55.06482683    -0.00000000    -0.00000002  0.14D-08  0.29D-08    12.19
   13     2     2     1.03975980    -0.12839313   -54.70185674    -0.00000000    -0.00000000  0.50D-09  0.68D-09    12.19
   13     3     3     1.07060183    -0.14760911   -54.59740455    -0.00000017    -0.00000003  0.11D-07  0.74D-08    12.19
   14     1     1     1.07152119    -0.19968119   -55.06482683    -0.00000000    -0.00000002  0.14D-08  0.29D-08    12.85
   14     2     2     1.03975980    -0.12839313   -54.70185674    -0.00000000    -0.00000000  0.50D-09  0.68D-09    12.85
   14     3     3     1.07064127    -0.14760914   -54.59740458    -0.00000004    -0.00000001  0.72D-08  0.15D-08    12.85


 =====================================
 Analysis of CPU times by interactions
 =====================================

       I      S      P

 I   0.0%
 S   0.1%   0.0%
 P   0.4%   0.9%  28.9%

 Initialization:   1.2%
 Other:           68.6%

 Total CPU:       12.9 seconds
 =====================================



 gnormi=  0.93325266  gnorms=  0.04290543  gnormp=  0.02384192  gnorm=  1.00000000
 ecorri= -0.18635300  ecorrs= -0.00856441  ecorrp= -0.00476378  ecorr= -0.19968119

 gnormi=  0.96176059  gnorms=  0.02240970  gnormp=  0.01582971  gnorm=  1.00000000
 ecorri= -0.12348345  ecorrs= -0.00287715  ecorrp= -0.00203253  ecorr= -0.12839313

 gnormi=  0.93401967  gnorms=  0.04754624  gnormp=  0.01843410  gnorm=  1.00000000
 ecorri= -0.13786984  ecorrs= -0.00702074  ecorrp= -0.00271856  ecorr= -0.14760914

 Reference coefficients greater than 0.0500000
 =============================================
 220//           0.9652533   0.0168952  -0.0000001
 2/\//          -0.0120946   0.8002429   0.0000007
 2///\           0.0079983  -0.3233885   0.7889318
 2//\/           0.0113113  -0.4573404  -0.5578580
 /2\//           0.0276864  -0.0656326   0.0000001

 Coefficients of singly external configurations greater than 0.0500000
 =====================================================================

 220/0   2.3     0.0331059   0.0090062  -0.0992121
 2200/   2.2    -0.0331057  -0.0090064  -0.0992083
 2/0/\  11.1     0.0570301   0.0044244   0.0000007

 Coefficients of fixed reference functions:
 ==========================================

 State      Coefficients
 1           0.965717    0.018705    0.000000
 2          -0.022740    0.980341   -0.000000
 3          -0.000000    0.000000    0.966442

 Coefficients of rotated reference functions:
 ============================================

 State      Coefficients
 1           0.965897   -0.001861   -0.000000
 2          -0.001861    0.980603    0.000000
 3          -0.000000    0.000000    0.966442


 RESULTS FOR STATE 1.4
 =====================

 Coefficient of reference function:   C(0) = 0.96571733 (fixed)   0.96605003 (relaxed)   0.96589667 (rotated)

 Energy contributions of configuration classes

 CLASS          SQ.NORM        ECORR1        ECORR2
 +++++++++++++++++++++++++++++++++++++++++++++++++++
 Internals    0.00031757   -0.00001196   -0.11362990
 Singles      0.04598867   -0.07794906   -0.08128748
 Pairs        0.02555523   -0.00000003   -0.00476381
 Total        1.07186148   -0.07796106   -0.19968119
 +++++++++++++++++++++++++++++++++++++++++++++++++++


 Reference energy                     -54.86501340
 Nuclear energy                         4.74902625
 Kinetic energy                        55.84248581
 One electron energy                  -83.56764352
 Two electron energy                   23.75379044
 Virial quotient                       -0.98607406
 Correlation energy                    -0.19981343
 !MRCI STATE 1.4 Energy               -55.064826831490

 Properties without orbital relaxation:

 !MRCI STATE 1.4 Dipole moment          0.00000000     0.00000000     0.66238671
 Dipole moment /Debye                   0.00000000     0.00000000     1.68361909

 Cluster corrected energies           -55.07918572 (Davidson, fixed reference)
 Cluster corrected energies           -55.07911773 (Davidson, relaxed reference)
 Cluster corrected energies           -55.07918572 (Davidson, rotated reference)

 Cluster corrected energies           -55.07199703 (Pople, fixed reference)
 Cluster corrected energies           -55.07196316 (Pople, relaxed reference)
 Cluster corrected energies           -55.07199703 (Pople, rotated reference)



 RESULTS FOR STATE 2.4
 =====================

 Coefficient of reference function:   C(0) = 0.98034101 (fixed)   0.98069393 (relaxed)   0.98060294 (rotated)

 Energy contributions of configuration classes

 CLASS          SQ.NORM        ECORR1        ECORR2
 +++++++++++++++++++++++++++++++++++++++++++++++++++
 Internals    0.00018560   -0.00001178   -0.07797649
 Singles      0.02330503   -0.04732508   -0.04838410
 Pairs        0.01646215   -0.00000001   -0.00203254
 Total        1.03995278   -0.04733687   -0.12839313
 +++++++++++++++++++++++++++++++++++++++++++++++++++


 Reference energy                     -54.57359584
 Nuclear energy                         4.74902625
 Kinetic energy                        55.40906165
 One electron energy                  -81.07132307
 Two electron energy                   21.62044008
 Virial quotient                       -0.98723666
 Correlation energy                    -0.12826089
 !MRCI STATE 2.4 Energy               -54.701856735216

 Properties without orbital relaxation:

 !MRCI STATE 2.4 Dipole moment          0.00000000     0.00000000    -1.52037142
 Dipole moment /Debye                   0.00000000     0.00000000    -3.86439868

 Cluster corrected energies           -54.70698111 (Davidson, fixed reference)
 Cluster corrected energies           -54.70695636 (Davidson, relaxed reference)
 Cluster corrected energies           -54.70698111 (Davidson, rotated reference)

 Cluster corrected energies           -54.70441790 (Pople, fixed reference)
 Cluster corrected energies           -54.70440554 (Pople, relaxed reference)
 Cluster corrected energies           -54.70441790 (Pople, rotated reference)



 RESULTS FOR STATE 3.4
 =====================

 Coefficient of reference function:   C(0) = 0.96644206 (fixed)   0.96644693 (relaxed)   0.96644206 (rotated)

 Energy contributions of configuration classes

 CLASS          SQ.NORM        ECORR1        ECORR2
 +++++++++++++++++++++++++++++++++++++++++++++++++++
 Internals    0.00001008   -0.00000000   -0.00000139
 Singles      0.05090548   -0.05700870   -0.06026745
 Pairs        0.01973650   -0.09060045   -0.08734031
 Total        1.07065206   -0.14760914   -0.14760914
 +++++++++++++++++++++++++++++++++++++++++++++++++++


 Reference energy                     -54.44979544
 Nuclear energy                         4.74902625
 Kinetic energy                        55.32505095
 One electron energy                  -80.97291601
 Two electron energy                   21.62648518
 Virial quotient                       -0.98684780
 Correlation energy                    -0.14760914
 !MRCI STATE 3.4 Energy               -54.597404582279

 Properties without orbital relaxation:

 !MRCI STATE 3.4 Dipole moment          0.00000000     0.00000000    -1.25482272
 Dipole moment /Debye                   0.00000000     0.00000000    -3.18944123

 Cluster corrected energies           -54.60783347 (Davidson, fixed reference)
 Cluster corrected energies           -54.60783188 (Davidson, relaxed reference)
 Cluster corrected energies           -54.60783347 (Davidson, rotated reference)

 Cluster corrected energies           -54.60261254 (Pople, fixed reference)
 Cluster corrected energies           -54.60261174 (Pople, relaxed reference)
 Cluster corrected energies           -54.60261254 (Pople, rotated reference)


 !MRCI trans          <2.4|DMZ|1.4>    -0.355405342543 au =    -0.903350275963 Debye

 !MRCI trans          <3.4|DMZ|1.4>     0.000001133228 au =     0.000002880378 Debye

 !MRCI trans          <3.4|DMZ|2.4>    -0.000011400893 au =    -0.000028978179 Debye


 **********************************************************************************************************************************
 DATASETS  * FILE   NREC   LENGTH (MB)   RECORD NAMES
              1      21      260.15       500      700      610      701      900      950      970     1000      129      960   
                                          VAR     GEOM    BASINP    GEOM    SYMINP    ZMAT    AOBASIS   BASIS     P2S    ABASIS    
                                         1100     1400     1410     1200     1210     1080     1600     1650     1300     1700   
                                           S        T        V       H0       H01     AOSYM     SMH    MOLCAS    ERIS     OPER   
                                         1380   
                                         JKOP   

              2       8       17.69       500      610      700     1000      520     2100     2140      701   
                                          VAR    BASINP    GEOM     BASIS   MCVARS     RHF     MCSCF    GEOM   

 PROGRAMS   *        TOTAL        CI     MULTI       INT        CI     MULTI       INT        CI     MULTI       INT        CI
 CPU TIMES  *       373.18     12.90      1.20      8.38     11.93      1.21      8.35     11.01      1.21      8.45     11.18
 REAL TIME  *       398.83 SEC
 DISK USED  *       792.46 MB
 **********************************************************************************************************************************
 SETTING E1(18)         =       -55.06482683  AU                              
 SETTING E2(18)         =       -54.70185674  AU                              
 SETTING E3(18)         =       -54.59740458  AU                              

 DO I                   =        19.00000000   


 Using spherical harmonics

 Library entry N      S aug-cc-pV5Z          selected for orbital group  1
 Library entry N      P aug-cc-pV5Z          selected for orbital group  1
 Library entry N      D aug-cc-pV5Z          selected for orbital group  1
 Library entry N      F aug-cc-pV5Z          selected for orbital group  1
 Library entry N      G aug-cc-pV5Z          selected for orbital group  1
 Library entry N      H aug-cc-pV5Z          selected for orbital group  1
 Library entry H      S aug-cc-pV5Z          selected for orbital group  2
 Library entry H      P aug-cc-pV5Z          selected for orbital group  2
 Library entry H      D aug-cc-pV5Z          selected for orbital group  2
 Library entry H      F aug-cc-pV5Z          selected for orbital group  2
 Library entry H      G aug-cc-pV5Z          selected for orbital group  2


 PROGRAM * SEWARD (Integral evaluation for generally contracted gaussian basis sets)     Author: Roland Lindh, 1990

 Geometry written to block  1 of record 701

 Orientation using atomic masses  
 Molecule type: Linear
 Symmetry elements: X,Y
 Rotational constants:     930.5386600    930.5386600      0.0000000 GHz  (calculated with average atomic masses)

 Point group  C2v 



 ATOMIC COORDINATES

 NR  ATOM    CHARGE       X              Y              Z

   1  N       7.00    0.000000000    0.000000000   -0.096412250
   2  H       1.00    0.000000000    0.000000000    1.339779605

 Bond lengths in Bohr (Angstrom)

 1-2  1.436191855
     ( 0.760000000)

 NUCLEAR CHARGE:                    8
 NUMBER OF PRIMITIVE AOS:         307
 NUMBER OF SYMMETRY AOS:          227
 NUMBER OF CONTRACTIONS:          207   (   77A1  +   50B1  +   50B2  +   30A2  )
 NUMBER OF INNER CORE ORBITALS:     0   (    0A1  +    0B1  +    0B2  +    0A2  )
 NUMBER OF OUTER CORE ORBITALS:     1   (    1A1  +    0B1  +    0B2  +    0A2  )
 NUMBER OF VALENCE ORBITALS:        5   (    3A1  +    1B1  +    1B2  +    0A2  )


 NUCLEAR REPULSION ENERGY    4.87400063

 EXTRA SYMMETRY OF AOS IN SYMMETRY 1:   1 1 1 1 1 1 1 1 1 1   1 1 1 1 2 1 2 1 2 1   2 1 2 1 2 1 2 1 2 1   2 1 3 2 1 3 2 1 3 2
                                        2 3 1 2 3 1 1 1 1 1   1 1 1 1 1 1 1 1 2 1   2 1 2 1 2 1 2 1 2 1   2 1 3 2 1 3 2
 EXTRA SYMMETRY OF AOS IN SYMMETRY 2:   1 1 1 1 1 1 1 1 1 1   1 1 2 1 2 1 2 1 2 1   2 1 2 1 2 1 2 3 1 2   3 1 1 1 1 1 1 1 1 1
                                        1 2 1 2 1 2 1 2 1 2
 EXTRA SYMMETRY OF AOS IN SYMMETRY 3:   1 1 1 1 1 1 1 1 1 1   1 1 2 1 2 1 2 1 2 1   2 1 2 1 2 1 2 3 1 2   3 1 1 1 1 1 1 1 1 1
                                        1 2 1 2 1 2 1 2 1 2
 EXTRA SYMMETRY OF AOS IN SYMMETRY 4:   1 1 1 1 1 1 1 1 1 1   2 1 2 1 2 2 1 2 1 1   1 1 1 1 1 1 1 2 1 2

 Eigenvalues of metric

         1 0.736E-05 0.561E-04 0.969E-04 0.141E-03 0.260E-03 0.320E-03 0.739E-03 0.107E-02
         2 0.751E-04 0.511E-03 0.151E-02 0.377E-02 0.475E-02 0.812E-02 0.134E-01 0.168E-01
         3 0.751E-04 0.511E-03 0.151E-02 0.377E-02 0.475E-02 0.812E-02 0.134E-01 0.168E-01
         4 0.120E-02 0.586E-02 0.162E-01 0.308E-01 0.717E-01 0.844E-01 0.155E+00 0.160E+00


 Contracted 2-electron integrals neglected if value below      1.0D-12
 AO integral compression algorithm  1   Integral accuracy      1.0D-12

     295.698 MB (compressed) written to integral file ( 52.4%)


 NUMBER OF SORTED TWO-ELECTRON INTEGRALS:   59167011.     BUFFER LENGTH:  32768
 NUMBER OF SEGMENTS:   4  SEGMENT LENGTH:   15999984      RECORD LENGTH: 524288

 Memory used in sort:      16.56 MW

 SORT1 READ    70490039. AND WROTE    39593907. INTEGRALS IN    116 RECORDS. CPU TIME:     0.75 SEC, REAL TIME:     0.89 SEC
 SORT2 READ    39593907. AND WROTE    59167011. INTEGRALS IN   1128 RECORDS. CPU TIME:     0.62 SEC, REAL TIME:     0.74 SEC

 FILE SIZES:   FILE 1:   326.8 MBYTE,  FILE 4:   486.6 MBYTE,   TOTAL:    813.4 MBYTE

 OPERATOR DM      FOR CENTER  0  COORDINATES:    0.000000    0.000000    0.000000


 **********************************************************************************************************************************
 DATASETS  * FILE   NREC   LENGTH (MB)   RECORD NAMES
              1      20      257.91       500      700      610      701      900      950      970     1000      129      960   
                                          VAR     GEOM    BASINP    GEOM    SYMINP    ZMAT    AOBASIS   BASIS     P2S    ABASIS    
                                         1100     1400     1410     1200     1210     1080     1600     1650     1300     1700   
                                           S        T        V       H0       H01     AOSYM     SMH    MOLCAS    ERIS     OPER   

              2       8       17.69       500      610      700     1000      520     2100     2140      701   
                                          VAR    BASINP    GEOM     BASIS   MCVARS     RHF     MCSCF    GEOM   

 PROGRAMS   *        TOTAL       INT        CI     MULTI       INT        CI     MULTI       INT        CI     MULTI       INT
 CPU TIMES  *       381.62      8.44     12.90      1.20      8.38     11.93      1.21      8.35     11.01      1.21      8.45
 REAL TIME  *       407.68 SEC
 DISK USED  *       793.46 MB
 **********************************************************************************************************************************

 PROGRAM * MULTI (Direct Multiconfiguration SCF)       Authors: P.J. Knowles, H.-J. Werner (1984)
                                                                D.A. Kreplin, P.J. Knowles, H.-J. Werner (2019)

 Number of closed-shell orbitals:   1 (   1   0   0   0 )
 Number of active  orbitals:        5 (   3   1   1   0 )
 Number of external orbitals:     201 (  73  49  49  30 )

 State symmetry 1

 Number of active electrons:   6    Spin symmetry=Triplet   Space symmetry=4
 Number of states:             4
 Number of CSFs:              12   (15 determinants, 50 intermediate states)

 Molecular orbitals read from record     2140.2  Type=MCSCF/NATURAL (state averaged)

 EXTRA SYMMETRY OF MOS IN SYMMETRY 1:   1 1 1 1 1 1 1 2 1 1   1 1 2 1 1 2 1 1 2 1   2 1 1 1 3 2 1 1 2 2   1 1 2 3 1 1 2 1 1 2
                                        3 2 1 1 2 3 1 1 2 1   2 1 1 2 1 1 3 2 1 2   3 1 2 3 1 1 2 2 1 1   1 2 1 2 1 1 1
 EXTRA SYMMETRY OF MOS IN SYMMETRY 2:   1 1 1 1 1 1 2 1 1 1   2 1 1 1 2 1 1 2 1 2   1 1 1 3 2 1 1 2 2 1   1 2 1 1 1 2 3 1 1 1
                                        2 2 2 1 1 2 1 1 1 1
 EXTRA SYMMETRY OF MOS IN SYMMETRY 3:   1 1 1 1 1 1 2 1 1 1   2 1 1 1 2 1 1 2 1 2   1 1 1 3 2 1 1 2 2 1   1 2 1 1 1 2 3 1 1 1
                                        2 2 2 1 1 2 1 1 1 1
 EXTRA SYMMETRY OF MOS IN SYMMETRY 4:   1 1 1 1 1 2 1 1 1 1   2 1 1 2 1 1 2 1 1 1   2 1 1 2 1 2 1 1 1 1

 Wavefunction dump at record             2140.2

 Convergence thresholds  0.10E-04 (gradient)  0.10E-05 (energy)

 Weight factors for state symmetry  1:    0.25000   0.25000   0.25000   0.25000
 
 Number of orbital rotations:  393  ( 3 closed/active, 73 closed/virtual, 0 active/active, 317 active/virtual )
 Total number of variables:    453
 
  Second-order MCSCF: L-BFGS accelerated
 
 ITER  MIC  NCI  NEG     ENERGY(VAR)    ENERGY(PROJ) ENERGY CHANGE       GRAD(0)  GRAD(ORB)   GRAD(CI)      STEP      TIME
   1    5    3    0    -54.55722043     -54.55741131   -0.00019088    0.03817752 0.00000451 0.00000000  0.13E-01      0.34
   2    6    5    0    -54.55741111     -54.55741111   -0.00000000    0.00005048 0.00000000 0.00000000  0.43E-04      0.69
   3    3    2    0    -54.55741111     -54.55741111   -0.00000000    0.00000000 0.00000000 0.00000000  0.11E-08      1.01

 CONVERGENCE REACHED!  Final gradient:    0.00000000 ( 0.46E-11)
                       Final energy:    -54.55741111
 
 Results for state 1.4
 =====================
 !MCSCF STATE 1.4 Energy                       -54.846105837426
 Nuclear energy                                  4.87400063
 Kinetic energy                                 56.62343091
 One electron energy                           -84.65244582
 Two electron energy                            24.93233935
 Virial ratio                                    1.96861149
 
 !MCSCF STATE 1.4 Dipole moment                  0.00000000     0.00000000     0.81161920
 Dipole moment /Debye                            0.00000000     0.00000000     2.06293023
 
 Results for state 2.4
 =====================
 !MCSCF STATE 2.4 Energy                       -54.553575715954
 Nuclear energy                                  4.87400063
 Kinetic energy                                 54.97787199
 One electron energy                           -81.01892760
 Two electron energy                            21.59135126
 Virial ratio                                    1.99228242
 
 !MCSCF STATE 2.4 Dipole moment                  0.00000000     0.00000000    -1.56683554
 Dipole moment /Debye                            0.00000000     0.00000000    -3.98249870
 
 Results for state 3.4
 =====================
 !MCSCF STATE 3.4 Energy                       -54.428954776205
 Nuclear energy                                  4.87400063
 Kinetic energy                                 54.96809930
 One electron energy                           -80.98902761
 Two electron energy                            21.68607220
 Virial ratio                                    1.99019168
 
 !MCSCF STATE 3.4 Dipole moment                  0.00000000     0.00000000    -1.45838358
 Dipole moment /Debye                            0.00000000     0.00000000    -3.70684132
 
 Results for state 4.4
 =====================
 !MCSCF STATE 4.4 Energy                       -54.401008108431
 Nuclear energy                                  4.87400063
 Kinetic energy                                 55.00223927
 One electron energy                           -80.96729443
 Two electron energy                            21.69228570
 Virial ratio                                    1.98906897
 
 !MCSCF STATE 4.4 Dipole moment                  0.00000000     0.00000000    -1.29375761
 Dipole moment /Debye                            0.00000000     0.00000000    -3.28840385
 
 State-averaged charge density matrix saved on record 2140.2 (density set 1)
 
 Expectation values: (only non-zero values are shown)
 
 !MCSCF expec                       <1.4|DMZ|1.4>     0.811619197866 au =     2.062930233753 Debye
 !MCSCF expec                       <2.4|DMZ|2.4>    -1.566835536654 au =    -3.982498699367 Debye
 !MCSCF expec                       <3.4|DMZ|3.4>    -1.458383578819 au =    -3.706841318028 Debye
 !MCSCF expec                       <4.4|DMZ|4.4>    -1.293757613463 au =    -3.288403851187 Debye
 
 Transition values: (only non-zero values with the ground state are shown)
 
 !MCSCF trans                       <1.4|DMZ|2.4>    -0.126436359963 au =    -0.321369172019 Debye
 !MCSCF trans                       <1.4|DMZ|4.4>     0.214277463354 au =     0.544638986764 Debye
 

 EXTRA SYMMETRY OF MOS IN SYMMETRY 1:   1 1 1 1 1 1 1 2 1 1   1 1 2 1 1 2 1 1 2 1   2 1 1 1 3 2 1 2 1 2   1 2 1 3 1 1 2 1 1 2
                                        3 1 2 1 2 3 1 1 2 1   2 1 1 2 1 1 3 2 1 2   3 1 2 3 1 1 2 2 1 1   2 1 1 2 1 1 1
 
 Natural orbital dump (state averaged) at molpro section 2140.2 (Orbital set 2)
 
 Reoptimze the CI vectors with natural orbitals 
 
 CI Coefficients of symmetry 4
 =============================
 
 220 a a        0.99758635      0.04904745     -0.00000000      0.00438861
 2ab a a       -0.03846761      0.86105594      0.00000000      0.00454686
 2ba a a        0.00946370     -0.29119368      0.00000000      0.81028081
 2aa a b        0.01450195     -0.28493113     -0.70696481     -0.40741384
 2aa b a        0.01450195     -0.28493113      0.70696481     -0.40741384
 b2a a a       -0.01729710      0.02611125      0.00000000      0.08476699
 a2b a a        0.04568869     -0.07837802     -0.00000000      0.00435148
 
 Energy:      -54.84610584    -54.55357572    -54.42895478    -54.40100811
 


 **********************************************************************************************************************************
 DATASETS  * FILE   NREC   LENGTH (MB)   RECORD NAMES
              1      21      260.83       500      700      610      701      900      950      970     1000      129      960   
                                          VAR     GEOM    BASINP    GEOM    SYMINP    ZMAT    AOBASIS   BASIS     P2S    ABASIS    
                                         1100     1400     1410     1200     1210     1080     1600     1650     1300     1700   
                                           S        T        V       H0       H01     AOSYM     SMH    MOLCAS    ERIS     OPER   
                                         1380   
                                         JKOP   

              2       8       17.69       500      610      700     1000      520     2100     2140      701   
                                          VAR    BASINP    GEOM     BASIS   MCVARS     RHF     MCSCF    GEOM   

 PROGRAMS   *        TOTAL     MULTI       INT        CI     MULTI       INT        CI     MULTI       INT        CI     MULTI
 CPU TIMES  *       382.85      1.23      8.44     12.90      1.20      8.38     11.93      1.21      8.35     11.01      1.21
 REAL TIME  *       409.03 SEC
 DISK USED  *       793.46 MB
 **********************************************************************************************************************************


 PROGRAM * CI (Multireference internally contracted CI)     Authors: H.-J. Werner, P.J. Knowles, 1987


 Convergence thresholds:  THRVAR = 1.00D-08  THRDEN = 1.00D-06

 Number of optimized states: 3  Roots:    1   2   3
 Number of reference states: 3  Roots:    1   2   3

 Program parameters:       NSTATE=  3    NSTATI=  5    NSTATR=  3    NCEPA = -1    NOKOP =  0    ITRDM =  0    ITRANS=  0
                           IDIP  =200    MAXIT =250    MAXITI=250    MAXDAV=  9    MAXVI = 15    NOSING=  0    NOPAIR=  0
                           MXSHRF=  4    IKCPS =  0    IOPTGM=  2    IOPTOR=  0    REFOPT=  1    IAVDEN=  0    IDELCG=  1
                           IREST =  0    NATORB=  0    IPUNRF=  0    ISEP  =  0    OLDDEN=  0    NSTPRI=  1    GPSFLI= -1
                           CLUSTE=  0    CLOSED=  1    ILSTYP=  0    ITRLS =  0    ICCSD =  0    LOCAL =  0    IBASO =  0
                           MP    =  0    ITEDIS=  2    INCDIS=  1    MAXDIS=  6    ITYDIS=  1    BRUECK=  0    IBRSTR=  3
                           INCBRK=  1    TRIPLE=  0    ICCTYP=  2    IHPPD =  0    ICCNEW=  0    I3EXT = -1    IDEB  =  0
                           IDLEIG=  1    IDFTYP=  1    IMP3  =  0    IPROCS=  0    NOINT =  0    NOREF =  1    IMP2G =  0
                           IHINT =  0    IFDIA =  0    ISPARO=  1    JKSYM =  0    CPHF  =  0    MP2D  = -1    DKINT =  0
                           NPKEX =  1    DRVK  =  1    HLSTRA=  1    WIGNER=  1    DIIS_C=  1    MAXIT_= 50    MATEL =  0
                           SPDEG =  1    MEMCPH=  0    DISM  =  1    KDCPMA=  5    IKDCP_=  0    IREDTH=  0    USECS =  0
                           IPROCC=  0    I3SAVE=  1    IKDCP =  1    USECI =  0    OLDPAI=  0    IPROCI=  0    KEEPCL=  1
                           DISCON=  0    SHIFTE=  0    DIISIN=  0    MOLCAS=  0    MEM_PT=  0    RECORD=  0    RS2C  =  0
                           KEXT  = -1    CIPT2 =  0    DECP0S=  0    I4EXT = -1    NATCOR=  0    RIMP2 =  0    DDCI  = -1
                           IPOLAR=  0

 Reference symmetry:                   4   Triplet 
 Number of electrons:                  8
 Maximum number of shells:             3
 Maximum number of spin couplings:     9

 Reference space:        6 conf       12 CSFs
 N elec internal:       35 conf       45 CSFs
 N-1 el internal:       48 conf       96 CSFs
 N-2 el internal:       26 conf      102 CSFs

 Number of electrons in valence space:                      6
 Maximum number of open shell orbitals in reference space:  4
 Maximum number of open shell orbitals in internal spaces:  6


 Number of core orbitals:           1 (   1   0   0   0 )
 Number of active  orbitals:        5 (   3   1   1   0 )
 Number of external orbitals:     201 (  73  49  49  30 )

 Molecular orbitals read from record     2140.2  Type=MCSCF/NATURAL (state averaged)

 Valence orbitals related to previous ones by unitary transformation. Operators transformed.


 Number of p-space configurations:   5

 Reference wavefunction optimized for reference space (refopt=1)

 State     Reference Energy 
     1       -54.84610584
     2       -54.55357572
     3       -54.42895478
     4       -54.40100811
     5       -54.02023048

 Number of blocks in overlap matrix:    13   Smallest eigenvalue:  0.43D-06
 Number of N-2 electron functions:      60
 Number of N-1 electron functions:      96

 Number of internal configurations:                   12
 Number of singly external configurations:          4953
 Number of doubly external configurations:        311592
 Total number of contracted configurations:       316557
 Total number of uncontracted configurations:     529947

 Diagonal Coupling coefficients finished.               Storage:    8081 words, CPU-Time:      0.00 seconds.
 Energy denominators for pairs finished in 1 passes.    Storage:  127229 words, CPU-time:      0.00 seconds.

  ITER. STATE  ROOT     SQ.NORM     CORR.ENERGY   TOTAL ENERGY   ENERGY CHANGE       DEN1      VAR(S)    VAR(P)      TIME
    1     1     1     1.00000000     0.00000000   -54.84610584    -0.00000000    -0.21813387  0.71D-01  0.21D-01     0.15
    1     2     2     1.00000000     0.00000000   -54.55357572     0.00000000    -0.12041897  0.22D-01  0.13D-01     0.15
    1     3     3     1.00000000     0.00000000   -54.42895478     0.00000000    -0.14314551  0.26D-01  0.15D-01     0.15
    2     1     1     1.06928135    -0.18986057   -55.03596641    -0.18986057    -0.00882098  0.18D-02  0.12D-02     1.33
    2     2     2     1.03685001    -0.12518709   -54.67876280    -0.12518709    -0.00208201  0.30D-03  0.31D-03     1.33
    2     3     3     1.04158816    -0.14315394   -54.57210871    -0.14315394    -0.00294866  0.56D-03  0.40D-03     1.33
    3     1     1     1.06880271    -0.19921242   -55.04531826    -0.00935185    -0.00045129  0.51D-04  0.70D-04     2.51
    3     2     2     1.03832519    -0.12766191   -54.68123763    -0.00247483    -0.00015675  0.21D-04  0.30D-04     2.51
    3     3     3     1.04486796    -0.14651722   -54.57547200    -0.00336328    -0.00024437  0.19D-03  0.33D-04     2.51
    4     1     1     1.07068021    -0.19980023   -55.04590607    -0.00058781    -0.00004015  0.38D-05  0.66D-05     3.71
    4     2     2     1.03925046    -0.12788801   -54.68146373    -0.00022610    -0.00002906  0.41D-05  0.56D-05     3.71
    4     3     3     1.04994822    -0.14693721   -54.57589199    -0.00041999    -0.00008275  0.72D-04  0.10D-04     3.71
    5     1     1     1.07129953    -0.19985633   -55.04596216    -0.00005610    -0.00000450  0.44D-06  0.74D-06     4.87
    5     2     2     1.03928977    -0.12792576   -54.68150147    -0.00003775    -0.00000650  0.82D-06  0.14D-05     4.87
    5     3     3     1.05487556    -0.14711392   -54.57606869    -0.00017671    -0.00004938  0.44D-04  0.57D-05     4.87
    6     1     1     1.07124082    -0.19986248   -55.04596832    -0.00000615    -0.00000066  0.49D-07  0.10D-06     6.07
    6     2     2     1.03923966    -0.12793359   -54.68150930    -0.00000783    -0.00000148  0.24D-06  0.29D-06     6.07
    6     3     3     1.05840876    -0.14720618   -54.57616096    -0.00009227    -0.00003322  0.35D-04  0.35D-05     6.07
    7     1     1     1.07125334    -0.19986333   -55.04596917    -0.00000085    -0.00000010  0.80D-08  0.16D-07     7.24
    7     2     2     1.03926070    -0.12793535   -54.68151106    -0.00000176    -0.00000032  0.68D-07  0.57D-07     7.24
    7     3     3     1.06151633    -0.14725691   -54.57621168    -0.00005072    -0.00001742  0.13D-04  0.19D-05     7.24
    8     1     1     1.07125985    -0.19986346   -55.04596930    -0.00000013    -0.00000002  0.15D-08  0.30D-08     8.43
    8     2     2     1.03926530    -0.12793575   -54.68151147    -0.00000040    -0.00000009  0.14D-07  0.20D-07     8.43
    8     3     3     1.06375227    -0.14728499   -54.57623976    -0.00002808    -0.00001040  0.10D-04  0.11D-05     8.43
    9     1     1     1.07125989    -0.19986346   -55.04596930    -0.00000000    -0.00000002  0.15D-08  0.30D-08     9.34
    9     2     2     1.03926924    -0.12793586   -54.68151157    -0.00000010    -0.00000003  0.45D-08  0.62D-08     9.34
    9     3     3     1.07213393    -0.14732232   -54.57627709    -0.00003733    -0.00000702  0.13D-05  0.12D-05     9.34
   10     1     1     1.07125994    -0.19986346   -55.04596930    -0.00000000    -0.00000002  0.15D-08  0.30D-08    10.25
   10     2     2     1.03927585    -0.12793589   -54.68151161    -0.00000004    -0.00000000  0.52D-09  0.66D-09    10.25
   10     3     3     1.07289665    -0.14733014   -54.57628492    -0.00000782    -0.00000094  0.53D-06  0.16D-06    10.25
   11     1     1     1.07125994    -0.19986346   -55.04596930     0.00000000    -0.00000002  0.15D-08  0.30D-08    10.91
   11     2     2     1.03927585    -0.12793589   -54.68151161    -0.00000000    -0.00000000  0.52D-09  0.66D-09    10.91
   11     3     3     1.07401990    -0.14733188   -54.57628666    -0.00000174    -0.00000039  0.13D-06  0.86D-07    10.91
   12     1     1     1.07125994    -0.19986346   -55.04596930    -0.00000000    -0.00000002  0.15D-08  0.30D-08    11.56
   12     2     2     1.03927585    -0.12793589   -54.68151161    -0.00000000    -0.00000000  0.52D-09  0.66D-09    11.56
   12     3     3     1.07427503    -0.14733227   -54.57628705    -0.00000039    -0.00000008  0.48D-07  0.14D-07    11.56
   13     1     1     1.07125994    -0.19986346   -55.04596930    -0.00000000    -0.00000002  0.15D-08  0.30D-08    12.22
   13     2     2     1.03927585    -0.12793589   -54.68151161    -0.00000000    -0.00000000  0.52D-09  0.66D-09    12.22
   13     3     3     1.07480198    -0.14733248   -54.57628725    -0.00000020    -0.00000005  0.14D-07  0.10D-07    12.22
   14     1     1     1.07125994    -0.19986346   -55.04596930    -0.00000000    -0.00000002  0.15D-08  0.30D-08    12.87
   14     2     2     1.03927585    -0.12793589   -54.68151161    -0.00000000    -0.00000000  0.52D-09  0.66D-09    12.87
   14     3     3     1.07485675    -0.14733253   -54.57628730    -0.00000005    -0.00000001  0.10D-07  0.20D-08    12.87
   15     1     1     1.07125994    -0.19986346   -55.04596930    -0.00000000    -0.00000002  0.15D-08  0.30D-08    13.53
   15     2     2     1.03927585    -0.12793589   -54.68151161     0.00000000    -0.00000000  0.52D-09  0.66D-09    13.53
   15     3     3     1.07501869    -0.14733255   -54.57628733    -0.00000003    -0.00000001  0.26D-08  0.20D-08    13.53


 =====================================
 Analysis of CPU times by interactions
 =====================================

       I      S      P

 I   0.0%
 S   0.0%   0.2%
 P   0.3%   0.9%  28.4%

 Initialization:   1.0%
 Other:           69.2%

 Total CPU:       13.5 seconds
 =====================================



 gnormi=  0.93348025  gnorms=  0.04297601  gnormp=  0.02354374  gnorm=  1.00000000
 ecorri= -0.18656859  ecorrs= -0.00858632  ecorrp= -0.00470855  ecorr= -0.19986346

 gnormi=  0.96220844  gnorms=  0.02214665  gnormp=  0.01564491  gnorm=  1.00000000
 ecorri= -0.12310100  ecorrs= -0.00283319  ecorrp= -0.00200171  ecorr= -0.12793589

 gnormi=  0.93021639  gnorms=  0.05153654  gnormp=  0.01824708  gnorm=  1.00000000
 ecorri= -0.13705116  ecorrs= -0.00759424  ecorrp= -0.00268716  ecorr= -0.14733255

 Reference coefficients greater than 0.0500000
 =============================================
 220//           0.9652979   0.0212885  -0.0000000
 2/\//          -0.0178312   0.8003847   0.0000007
 2///\           0.0084759  -0.3235780   0.7873232
 2//\/           0.0119868  -0.4576084  -0.5567205
 /2\//           0.0273593  -0.0640245   0.0000001

 Coefficients of singly external configurations greater than 0.0500000
 =====================================================================

 220/0   2.3     0.0331090   0.0104012  -0.1077814
 2200/   2.2    -0.0331092  -0.0104014  -0.1077783
 2/0/\  11.1     0.0563685   0.0045965   0.0000003

 Coefficients of fixed reference functions:
 ==========================================

 State      Coefficients
 1           0.965794    0.021453   -0.000000
 2          -0.026277    0.980479   -0.000000
 3          -0.000000    0.000000    0.964473

 Coefficients of rotated reference functions:
 ============================================

 State      Coefficients
 1           0.966030   -0.002231   -0.000000
 2          -0.002231    0.980829    0.000000
 3          -0.000000    0.000000    0.964473


 RESULTS FOR STATE 1.4
 =====================

 Coefficient of reference function:   C(0) = 0.96579438 (fixed)   0.96616782 (relaxed)   0.96603004 (rotated)

 Energy contributions of configuration classes

 CLASS          SQ.NORM        ECORR1        ECORR2
 +++++++++++++++++++++++++++++++++++++++++++++++++++
 Internals    0.00028526   -0.00001656   -0.11350490
 Singles      0.04605161   -0.07829252   -0.08164999
 Pairs        0.02522866   -0.00000002   -0.00470857
 Total        1.07156553   -0.07830909   -0.19986346
 +++++++++++++++++++++++++++++++++++++++++++++++++++


 Reference energy                     -54.84593001
 Nuclear energy                         4.87400063
 Kinetic energy                        55.91630326
 One electron energy                  -83.75593372
 Two electron energy                   23.83596379
 Virial quotient                       -0.98443506
 Correlation energy                    -0.20003929
 !MRCI STATE 1.4 Energy               -55.045969299231

 Properties without orbital relaxation:

 !MRCI STATE 1.4 Dipole moment          0.00000000     0.00000000     0.66263113
 Dipole moment /Debye                   0.00000000     0.00000000     1.68424033

 Cluster corrected energies           -55.06028522 (Davidson, fixed reference)
 Cluster corrected energies           -55.06022409 (Davidson, relaxed reference)
 Cluster corrected energies           -55.06028522 (Davidson, rotated reference)

 Cluster corrected energies           -55.05311812 (Pople, fixed reference)
 Cluster corrected energies           -55.05308767 (Pople, relaxed reference)
 Cluster corrected energies           -55.05311812 (Pople, rotated reference)



 RESULTS FOR STATE 2.4
 =====================

 Coefficient of reference function:   C(0) = 0.98047937 (fixed)   0.98092224 (relaxed)   0.98082889 (rotated)

 Energy contributions of configuration classes

 CLASS          SQ.NORM        ECORR1        ECORR2
 +++++++++++++++++++++++++++++++++++++++++++++++++++
 Internals    0.00019036   -0.00001631   -0.07802707
 Singles      0.02302086   -0.04685315   -0.04790710
 Pairs        0.01626247   -0.00000001   -0.00200172
 Total        1.03947369   -0.04686947   -0.12793589
 +++++++++++++++++++++++++++++++++++++++++++++++++++


 Reference energy                     -54.55375154
 Nuclear energy                         4.87400063
 Kinetic energy                        55.47856810
 One electron energy                  -81.23870283
 Two electron energy                   21.68319059
 Virial quotient                       -0.98563307
 Correlation energy                    -0.12776007
 !MRCI STATE 2.4 Energy               -54.681511609766

 Properties without orbital relaxation:

 !MRCI STATE 2.4 Dipole moment          0.00000000     0.00000000    -1.50842068
 Dipole moment /Debye                   0.00000000     0.00000000    -3.83402294

 Cluster corrected energies           -54.68655477 (Davidson, fixed reference)
 Cluster corrected energies           -54.68652950 (Davidson, relaxed reference)
 Cluster corrected energies           -54.68655477 (Davidson, rotated reference)

 Cluster corrected energies           -54.68403221 (Pople, fixed reference)
 Cluster corrected energies           -54.68401959 (Pople, relaxed reference)
 Cluster corrected energies           -54.68403221 (Pople, rotated reference)



 RESULTS FOR STATE 3.4
 =====================

 Coefficient of reference function:   C(0) = 0.96447255 (fixed)   0.96447726 (relaxed)   0.96447255 (rotated)

 Energy contributions of configuration classes

 CLASS          SQ.NORM        ECORR1        ECORR2
 +++++++++++++++++++++++++++++++++++++++++++++++++++
 Internals    0.00000976   -0.00000000   -0.00000134
 Singles      0.05540328   -0.05674691   -0.06038063
 Pairs        0.01961614   -0.09058564   -0.08695059
 Total        1.07502918   -0.14733255   -0.14733255
 +++++++++++++++++++++++++++++++++++++++++++++++++++


 Reference energy                     -54.42895478
 Nuclear energy                         4.87400063
 Kinetic energy                        55.39038019
 One electron energy                  -81.13629231
 Two electron energy                   21.68600435
 Virial quotient                       -0.98530263
 Correlation energy                    -0.14733255
 !MRCI STATE 3.4 Energy               -54.576287329434

 Properties without orbital relaxation:

 !MRCI STATE 3.4 Dipole moment          0.00000000     0.00000000    -1.22322752
 Dipole moment /Debye                   0.00000000     0.00000000    -3.10913425

 Cluster corrected energies           -54.58734157 (Davidson, fixed reference)
 Cluster corrected energies           -54.58734002 (Davidson, relaxed reference)
 Cluster corrected energies           -54.58734157 (Davidson, rotated reference)

 Cluster corrected energies           -54.58180669 (Pople, fixed reference)
 Cluster corrected energies           -54.58180592 (Pople, relaxed reference)
 Cluster corrected energies           -54.58180669 (Pople, rotated reference)


 !MRCI trans          <2.4|DMZ|1.4>    -0.337085683274 au =    -0.856786346626 Debye

 !MRCI trans          <3.4|DMZ|1.4>     0.000000081108 au =     0.000000206157 Debye

 !MRCI trans          <3.4|DMZ|2.4>    -0.000008545444 au =    -0.000021720351 Debye


 **********************************************************************************************************************************
 DATASETS  * FILE   NREC   LENGTH (MB)   RECORD NAMES
              1      21      260.83       500      700      610      701      900      950      970     1000      129      960   
                                          VAR     GEOM    BASINP    GEOM    SYMINP    ZMAT    AOBASIS   BASIS     P2S    ABASIS    
                                         1100     1400     1410     1200     1210     1080     1600     1650     1300     1700   
                                           S        T        V       H0       H01     AOSYM     SMH    MOLCAS    ERIS     OPER   
                                         1380   
                                         JKOP   

              2       8       17.69       500      610      700     1000      520     2100     2140      701   
                                          VAR    BASINP    GEOM     BASIS   MCVARS     RHF     MCSCF    GEOM   

 PROGRAMS   *        TOTAL        CI     MULTI       INT        CI     MULTI       INT        CI     MULTI       INT        CI
 CPU TIMES  *       396.44     13.59      1.23      8.44     12.90      1.20      8.38     11.93      1.21      8.35     11.01
 REAL TIME  *       423.67 SEC
 DISK USED  *       793.46 MB
 **********************************************************************************************************************************
 SETTING E1(19)         =       -55.04596930  AU                              
 SETTING E2(19)         =       -54.68151161  AU                              
 SETTING E3(19)         =       -54.57628733  AU                              

 DO I                   =        20.00000000   


 Using spherical harmonics

 Library entry N      S aug-cc-pV5Z          selected for orbital group  1
 Library entry N      P aug-cc-pV5Z          selected for orbital group  1
 Library entry N      D aug-cc-pV5Z          selected for orbital group  1
 Library entry N      F aug-cc-pV5Z          selected for orbital group  1
 Library entry N      G aug-cc-pV5Z          selected for orbital group  1
 Library entry N      H aug-cc-pV5Z          selected for orbital group  1
 Library entry H      S aug-cc-pV5Z          selected for orbital group  2
 Library entry H      P aug-cc-pV5Z          selected for orbital group  2
 Library entry H      D aug-cc-pV5Z          selected for orbital group  2
 Library entry H      F aug-cc-pV5Z          selected for orbital group  2
 Library entry H      G aug-cc-pV5Z          selected for orbital group  2


 PROGRAM * SEWARD (Integral evaluation for generally contracted gaussian basis sets)     Author: Roland Lindh, 1990

 Geometry written to block  1 of record 701

 Orientation using atomic masses  
 Molecule type: Linear
 Symmetry elements: X,Y
 Rotational constants:     981.5177685    981.5177685      0.0000000 GHz  (calculated with average atomic masses)

 Point group  C2v 



 ATOMIC COORDINATES

 NR  ATOM    CHARGE       X              Y              Z

   1  N       7.00    0.000000000    0.000000000   -0.093875085
   2  H       1.00    0.000000000    0.000000000    1.304522247

 Bond lengths in Bohr (Angstrom)

 1-2  1.398397332
     ( 0.740000000)

 NUCLEAR CHARGE:                    8
 NUMBER OF PRIMITIVE AOS:         307
 NUMBER OF SYMMETRY AOS:          227
 NUMBER OF CONTRACTIONS:          207   (   77A1  +   50B1  +   50B2  +   30A2  )
 NUMBER OF INNER CORE ORBITALS:     0   (    0A1  +    0B1  +    0B2  +    0A2  )
 NUMBER OF OUTER CORE ORBITALS:     1   (    1A1  +    0B1  +    0B2  +    0A2  )
 NUMBER OF VALENCE ORBITALS:        5   (    3A1  +    1B1  +    1B2  +    0A2  )


 NUCLEAR REPULSION ENERGY    5.00573037

 EXTRA SYMMETRY OF AOS IN SYMMETRY 1:   1 1 1 1 1 1 1 1 1 1   1 1 1 1 2 1 2 1 2 1   2 1 2 1 2 1 2 1 2 1   2 1 3 2 1 3 2 1 3 2
                                        2 3 1 2 3 1 1 1 1 1   1 1 1 1 1 1 1 1 2 1   2 1 2 1 2 1 2 1 2 1   2 1 3 2 1 3 2
 EXTRA SYMMETRY OF AOS IN SYMMETRY 2:   1 1 1 1 1 1 1 1 1 1   1 1 2 1 2 1 2 1 2 1   2 1 2 1 2 1 2 3 1 2   3 1 1 1 1 1 1 1 1 1
                                        1 2 1 2 1 2 1 2 1 2
 EXTRA SYMMETRY OF AOS IN SYMMETRY 3:   1 1 1 1 1 1 1 1 1 1   1 1 2 1 2 1 2 1 2 1   2 1 2 1 2 1 2 3 1 2   3 1 1 1 1 1 1 1 1 1
                                        1 2 1 2 1 2 1 2 1 2
 EXTRA SYMMETRY OF AOS IN SYMMETRY 4:   1 1 1 1 1 1 1 1 1 1   2 1 2 1 2 2 1 2 1 1   1 1 1 1 1 1 1 2 1 2

 Eigenvalues of metric

         1 0.693E-05 0.537E-04 0.855E-04 0.127E-03 0.253E-03 0.301E-03 0.663E-03 0.989E-03
         2 0.675E-04 0.471E-03 0.139E-02 0.353E-02 0.456E-02 0.737E-02 0.125E-01 0.157E-01
         3 0.675E-04 0.471E-03 0.139E-02 0.353E-02 0.456E-02 0.737E-02 0.125E-01 0.157E-01
         4 0.109E-02 0.532E-02 0.151E-01 0.288E-01 0.681E-01 0.817E-01 0.147E+00 0.154E+00


 Contracted 2-electron integrals neglected if value below      1.0D-12
 AO integral compression algorithm  1   Integral accuracy      1.0D-12

     296.223 MB (compressed) written to integral file ( 52.6%)


 NUMBER OF SORTED TWO-ELECTRON INTEGRALS:   59167011.     BUFFER LENGTH:  32768
 NUMBER OF SEGMENTS:   4  SEGMENT LENGTH:   15999984      RECORD LENGTH: 524288

 Memory used in sort:      16.56 MW

 SORT1 READ    70490039. AND WROTE    39593904. INTEGRALS IN    116 RECORDS. CPU TIME:     0.76 SEC, REAL TIME:     0.89 SEC
 SORT2 READ    39593904. AND WROTE    59167011. INTEGRALS IN   1130 RECORDS. CPU TIME:     0.64 SEC, REAL TIME:     0.74 SEC

 FILE SIZES:   FILE 1:   327.3 MBYTE,  FILE 4:   486.6 MBYTE,   TOTAL:    813.9 MBYTE

 OPERATOR DM      FOR CENTER  0  COORDINATES:    0.000000    0.000000    0.000000


 **********************************************************************************************************************************
 DATASETS  * FILE   NREC   LENGTH (MB)   RECORD NAMES
              1      20      258.57       500      700      610      701      900      950      970     1000      129      960   
                                          VAR     GEOM    BASINP    GEOM    SYMINP    ZMAT    AOBASIS   BASIS     P2S    ABASIS    
                                         1100     1400     1410     1200     1210     1080     1600     1650     1300     1700   
                                           S        T        V       H0       H01     AOSYM     SMH    MOLCAS    ERIS     OPER   

              2       8       17.69       500      610      700     1000      520     2100     2140      701   
                                          VAR    BASINP    GEOM     BASIS   MCVARS     RHF     MCSCF    GEOM   

 PROGRAMS   *        TOTAL       INT        CI     MULTI       INT        CI     MULTI       INT        CI     MULTI       INT
 CPU TIMES  *       404.89      8.45     13.59      1.23      8.44     12.90      1.20      8.38     11.93      1.21      8.35
 REAL TIME  *       432.52 SEC
 DISK USED  *       793.96 MB
 **********************************************************************************************************************************

 PROGRAM * MULTI (Direct Multiconfiguration SCF)       Authors: P.J. Knowles, H.-J. Werner (1984)
                                                                D.A. Kreplin, P.J. Knowles, H.-J. Werner (2019)

 Number of closed-shell orbitals:   1 (   1   0   0   0 )
 Number of active  orbitals:        5 (   3   1   1   0 )
 Number of external orbitals:     201 (  73  49  49  30 )

 State symmetry 1

 Number of active electrons:   6    Spin symmetry=Triplet   Space symmetry=4
 Number of states:             4
 Number of CSFs:              12   (15 determinants, 50 intermediate states)

 Molecular orbitals read from record     2140.2  Type=MCSCF/NATURAL (state averaged)

 EXTRA SYMMETRY OF MOS IN SYMMETRY 1:   1 1 1 1 1 1 1 2 1 1   1 1 2 1 1 2 1 1 2 1   2 1 1 1 3 2 1 2 1 2   1 2 1 3 1 1 2 1 1 2
                                        3 1 2 1 2 3 1 1 2 1   2 1 1 2 1 1 3 2 1 2   3 1 2 3 1 1 2 2 1 1   2 1 1 2 1 1 1
 EXTRA SYMMETRY OF MOS IN SYMMETRY 2:   1 1 1 1 1 1 2 1 1 1   2 1 1 1 2 1 1 2 1 2   1 1 1 3 2 1 1 2 2 1   1 2 1 1 1 2 3 1 1 1
                                        2 2 2 1 1 2 1 1 1 1
 EXTRA SYMMETRY OF MOS IN SYMMETRY 3:   1 1 1 1 1 1 2 1 1 1   2 1 1 1 2 1 1 2 1 2   1 1 1 3 2 1 1 2 2 1   1 2 1 1 1 2 3 1 1 1
                                        2 2 2 1 1 2 1 1 1 1
 EXTRA SYMMETRY OF MOS IN SYMMETRY 4:   1 1 1 1 1 2 1 1 1 1   2 1 1 2 1 1 2 1 1 1   2 1 1 2 1 2 1 1 1 1

 Wavefunction dump at record             2140.2

 Convergence thresholds  0.10E-04 (gradient)  0.10E-05 (energy)

 Weight factors for state symmetry  1:    0.25000   0.25000   0.25000   0.25000
 
 Number of orbital rotations:  393  ( 3 closed/active, 73 closed/virtual, 0 active/active, 317 active/virtual )
 Total number of variables:    453
 
  Second-order MCSCF: L-BFGS accelerated
 
 ITER  MIC  NCI  NEG     ENERGY(VAR)    ENERGY(PROJ) ENERGY CHANGE       GRAD(0)  GRAD(ORB)   GRAD(CI)      STEP      TIME
   1    4    3    0    -54.53363414     -54.53383203   -0.00019789    0.04035278 0.00000495 0.00000000  0.12E-01      0.34
   2    8    5    0    -54.53383183     -54.53383183   -0.00000000    0.00005148 0.00000000 0.00000000  0.40E-04      0.69
   3    3    2    0    -54.53383183     -54.53383183    0.00000000    0.00000000 0.00000000 0.00000000  0.68E-09      1.01

 CONVERGENCE REACHED!  Final gradient:    0.00000000 ( 0.25E-11)
                       Final energy:    -54.53383183
 
 Results for state 1.4
 =====================
 !MCSCF STATE 1.4 Energy                       -54.824032600546
 Nuclear energy                                  5.00573037
 Kinetic energy                                 56.71042648
 One electron energy                           -84.85071284
 Two electron energy                            25.02094986
 Virial ratio                                    1.96673638
 
 !MCSCF STATE 1.4 Dipole moment                  0.00000000     0.00000000     0.80762183
 Dipole moment /Debye                            0.00000000     0.00000000     2.05276995
 
 Results for state 2.4
 =====================
 !MCSCF STATE 2.4 Energy                       -54.530570046905
 Nuclear energy                                  5.00573037
 Kinetic energy                                 55.05512669
 One electron energy                           -81.19673561
 Two electron energy                            21.66043519
 Virial ratio                                    1.99047216
 
 !MCSCF STATE 2.4 Dipole moment                  0.00000000     0.00000000    -1.54575173
 Dipole moment /Debye                            0.00000000     0.00000000    -3.92890901
 
 Results for state 3.4
 =====================
 !MCSCF STATE 3.4 Energy                       -54.405097232629
 Nuclear energy                                  5.00573037
 Kinetic energy                                 55.03664575
 One electron energy                           -81.15896338
 Two electron energy                            21.74813578
 Virial ratio                                    1.98852495
 
 !MCSCF STATE 3.4 Dipole moment                  0.00000000     0.00000000    -1.44148044
 Dipole moment /Debye                            0.00000000     0.00000000    -3.66387782
 
 Results for state 4.4
 =====================
 !MCSCF STATE 4.4 Energy                       -54.375627455496
 Nuclear energy                                  5.00573037
 Kinetic energy                                 55.06722772
 One electron energy                           -81.13325994
 Two electron energy                            21.75190211
 Virial ratio                                    1.98744080
 
 !MCSCF STATE 4.4 Dipole moment                  0.00000000     0.00000000    -1.28234527
 Dipole moment /Debye                            0.00000000     0.00000000    -3.25939656
 
 State-averaged charge density matrix saved on record 2140.2 (density set 1)
 
 Expectation values: (only non-zero values are shown)
 
 !MCSCF expec                       <1.4|DMZ|1.4>     0.807621834474 au =     2.052769949450 Debye
 !MCSCF expec                       <2.4|DMZ|2.4>    -1.545751731011 au =    -3.928909010732 Debye
 !MCSCF expec                       <3.4|DMZ|3.4>    -1.441480438554 au =    -3.663877820873 Debye
 !MCSCF expec                       <4.4|DMZ|4.4>    -1.282345266385 au =    -3.259396558251 Debye
 
 Transition values: (only non-zero values with the ground state are shown)
 
 !MCSCF trans                       <1.4|DMZ|2.4>    -0.099081477726 au =    -0.251839996569 Debye
 !MCSCF trans                       <1.4|DMZ|4.4>     0.197270714813 au =     0.501412143640 Debye
 

 EXTRA SYMMETRY OF MOS IN SYMMETRY 1:   1 1 1 1 1 1 1 2 1 1   1 1 2 1 1 2 1 1 2 1   2 1 1 1 3 2 1 2 1 2   1 2 1 3 1 1 2 1 1 2
                                        1 3 2 1 2 3 1 1 2 1   2 1 1 2 1 1 3 1 2 2   3 1 2 3 1 1 2 1 2 1   2 1 1 2 1 1 1
 
 Natural orbital dump (state averaged) at molpro section 2140.2 (Orbital set 2)
 
 Reoptimze the CI vectors with natural orbitals 
 
 CI Coefficients of symmetry 4
 =============================
 
 220 a a        0.99728425      0.05667322     -0.00000000      0.00094450
 2ab a a       -0.04524194      0.86085417      0.00000000      0.00427069
 2ba a a        0.01463626     -0.29078476      0.00000000      0.81044739
 2aa a b        0.01530284     -0.28503471     -0.70696682     -0.40735904
 2aa b a        0.01530284     -0.28503471      0.70696682     -0.40735904
 b2a a a       -0.01706798      0.02537644      0.00000000      0.08460419
 a2b a a        0.04457788     -0.07697024     -0.00000000      0.00319832
 
 Energy:      -54.82403260    -54.53057005    -54.40509723    -54.37562746
 


 **********************************************************************************************************************************
 DATASETS  * FILE   NREC   LENGTH (MB)   RECORD NAMES
              1      21      261.49       500      700      610      701      900      950      970     1000      129      960   
                                          VAR     GEOM    BASINP    GEOM    SYMINP    ZMAT    AOBASIS   BASIS     P2S    ABASIS    
                                         1100     1400     1410     1200     1210     1080     1600     1650     1300     1700   
                                           S        T        V       H0       H01     AOSYM     SMH    MOLCAS    ERIS     OPER   
                                         1380   
                                         JKOP   

              2       8       17.69       500      610      700     1000      520     2100     2140      701   
                                          VAR    BASINP    GEOM     BASIS   MCVARS     RHF     MCSCF    GEOM   

 PROGRAMS   *        TOTAL     MULTI       INT        CI     MULTI       INT        CI     MULTI       INT        CI     MULTI
 CPU TIMES  *       406.10      1.20      8.45     13.59      1.23      8.44     12.90      1.20      8.38     11.93      1.21
 REAL TIME  *       433.87 SEC
 DISK USED  *       793.96 MB
 **********************************************************************************************************************************


 PROGRAM * CI (Multireference internally contracted CI)     Authors: H.-J. Werner, P.J. Knowles, 1987


 Convergence thresholds:  THRVAR = 1.00D-08  THRDEN = 1.00D-06

 Number of optimized states: 3  Roots:    1   2   3
 Number of reference states: 3  Roots:    1   2   3

 Program parameters:       NSTATE=  3    NSTATI=  5    NSTATR=  3    NCEPA = -1    NOKOP =  0    ITRDM =  0    ITRANS=  0
                           IDIP  =200    MAXIT =250    MAXITI=250    MAXDAV=  9    MAXVI = 15    NOSING=  0    NOPAIR=  0
                           MXSHRF=  4    IKCPS =  0    IOPTGM=  2    IOPTOR=  0    REFOPT=  1    IAVDEN=  0    IDELCG=  1
                           IREST =  0    NATORB=  0    IPUNRF=  0    ISEP  =  0    OLDDEN=  0    NSTPRI=  1    GPSFLI= -1
                           CLUSTE=  0    CLOSED=  1    ILSTYP=  0    ITRLS =  0    ICCSD =  0    LOCAL =  0    IBASO =  0
                           MP    =  0    ITEDIS=  2    INCDIS=  1    MAXDIS=  6    ITYDIS=  1    BRUECK=  0    IBRSTR=  3
                           INCBRK=  1    TRIPLE=  0    ICCTYP=  2    IHPPD =  0    ICCNEW=  0    I3EXT = -1    IDEB  =  0
                           IDLEIG=  1    IDFTYP=  1    IMP3  =  0    IPROCS=  0    NOINT =  0    NOREF =  1    IMP2G =  0
                           IHINT =  0    IFDIA =  0    ISPARO=  1    JKSYM =  0    CPHF  =  0    MP2D  = -1    DKINT =  0
                           NPKEX =  1    DRVK  =  1    HLSTRA=  1    WIGNER=  1    DIIS_C=  1    MAXIT_= 50    MATEL =  0
                           SPDEG =  1    MEMCPH=  0    DISM  =  1    KDCPMA=  5    IKDCP_=  0    IREDTH=  0    USECS =  0
                           IPROCC=  0    I3SAVE=  1    IKDCP =  1    USECI =  0    OLDPAI=  0    IPROCI=  0    KEEPCL=  1
                           DISCON=  0    SHIFTE=  0    DIISIN=  0    MOLCAS=  0    MEM_PT=  0    RECORD=  0    RS2C  =  0
                           KEXT  = -1    CIPT2 =  0    DECP0S=  0    I4EXT = -1    NATCOR=  0    RIMP2 =  0    DDCI  = -1
                           IPOLAR=  0

 Reference symmetry:                   4   Triplet 
 Number of electrons:                  8
 Maximum number of shells:             3
 Maximum number of spin couplings:     9

 Reference space:        6 conf       12 CSFs
 N elec internal:       35 conf       45 CSFs
 N-1 el internal:       48 conf       96 CSFs
 N-2 el internal:       26 conf      102 CSFs

 Number of electrons in valence space:                      6
 Maximum number of open shell orbitals in reference space:  4
 Maximum number of open shell orbitals in internal spaces:  6


 Number of core orbitals:           1 (   1   0   0   0 )
 Number of active  orbitals:        5 (   3   1   1   0 )
 Number of external orbitals:     201 (  73  49  49  30 )

 Molecular orbitals read from record     2140.2  Type=MCSCF/NATURAL (state averaged)

 Valence orbitals related to previous ones by unitary transformation. Operators transformed.


 Number of p-space configurations:   5

 Reference wavefunction optimized for reference space (refopt=1)

 State     Reference Energy 
     1       -54.82403260
     2       -54.53057005
     3       -54.40509723
     4       -54.37562746
     5       -53.98722598

 Number of blocks in overlap matrix:    13   Smallest eigenvalue:  0.54D-06
 Number of N-2 electron functions:      60
 Number of N-1 electron functions:      96

 Number of internal configurations:                   12
 Number of singly external configurations:          4953
 Number of doubly external configurations:        311592
 Total number of contracted configurations:       316557
 Total number of uncontracted configurations:     529947

 Diagonal Coupling coefficients finished.               Storage:    8081 words, CPU-Time:      0.00 seconds.
 Energy denominators for pairs finished in 1 passes.    Storage:  127229 words, CPU-time:      0.01 seconds.

  ITER. STATE  ROOT     SQ.NORM     CORR.ENERGY   TOTAL ENERGY   ENERGY CHANGE       DEN1      VAR(S)    VAR(P)      TIME
    1     1     1     1.00000000     0.00000000   -54.82403260     0.00000000    -0.21769507  0.71D-01  0.20D-01     0.15
    1     2     2     1.00000000     0.00000000   -54.53057005     0.00000000    -0.12008070  0.22D-01  0.12D-01     0.15
    1     3     3     1.00000000     0.00000000   -54.40509723     0.00000000    -0.14263183  0.26D-01  0.15D-01     0.15
    2     1     1     1.06912848    -0.18992673   -55.01395933    -0.18992673    -0.00881564  0.17D-02  0.11D-02     1.30
    2     2     2     1.03645065    -0.12480481   -54.65537486    -0.12480481    -0.00206142  0.30D-03  0.30D-03     1.30
    2     3     3     1.04132918    -0.14284547   -54.54794271    -0.14284547    -0.00293155  0.56D-03  0.40D-03     1.30
    3     1     1     1.06854863    -0.19933274   -55.02336534    -0.00940602    -0.00046452  0.51D-04  0.71D-04     2.45
    3     2     2     1.03788431    -0.12726070   -54.65783075    -0.00245589    -0.00015419  0.22D-04  0.29D-04     2.45
    3     3     3     1.04465837    -0.14619761   -54.55129485    -0.00335214    -0.00024913  0.21D-03  0.34D-04     2.45
    4     1     1     1.07039726    -0.19994371   -55.02397631    -0.00061097    -0.00004190  0.39D-05  0.68D-05     3.61
    4     2     2     1.03881889    -0.12748859   -54.65805863    -0.00022789    -0.00002823  0.45D-05  0.51D-05     3.61
    4     3     3     1.05017638    -0.14663579   -54.55173302    -0.00043818    -0.00009059  0.81D-04  0.11D-04     3.61
    5     1     1     1.07101240    -0.20000222   -55.02403482    -0.00005851    -0.00000465  0.46D-06  0.76D-06     4.78
    5     2     2     1.03885249    -0.12752651   -54.65809656    -0.00003793    -0.00000612  0.81D-06  0.12D-05     4.78
    5     3     3     1.05592107    -0.14683439   -54.55193163    -0.00019860    -0.00005743  0.50D-04  0.66D-05     4.78
    6     1     1     1.07095410    -0.20000859   -55.02404119    -0.00000636    -0.00000068  0.52D-07  0.10D-06     5.96
    6     2     2     1.03881002    -0.12753400   -54.65810404    -0.00000748    -0.00000139  0.22D-06  0.27D-06     5.96
    6     3     3     1.05995226    -0.14694068   -54.55203791    -0.00010629    -0.00003785  0.40D-04  0.38D-05     5.96
    7     1     1     1.07097084    -0.20000947   -55.02404207    -0.00000088    -0.00000011  0.83D-08  0.16D-07     7.14
    7     2     2     1.03883341    -0.12753562   -54.65810567    -0.00000162    -0.00000030  0.67D-07  0.52D-07     7.14
    7     3     3     1.06349748    -0.14699848   -54.55209571    -0.00005780    -0.00001984  0.15D-04  0.21D-05     7.14
    8     1     1     1.07097797    -0.20000960   -55.02404220    -0.00000013    -0.00000002  0.17D-08  0.30D-08     8.31
    8     2     2     1.03884002    -0.12753600   -54.65810605    -0.00000039    -0.00000008  0.14D-07  0.17D-07     8.31
    8     3     3     1.06615476    -0.14703114   -54.55212837    -0.00003266    -0.00001240  0.12D-04  0.13D-05     8.31
    9     1     1     1.07097814    -0.20000960   -55.02404220    -0.00000000    -0.00000002  0.17D-08  0.30D-08     9.22
    9     2     2     1.03884527    -0.12753610   -54.65810615    -0.00000010    -0.00000002  0.40D-08  0.54D-08     9.22
    9     3     3     1.07630663    -0.14707615   -54.55217338    -0.00004501    -0.00000833  0.15D-05  0.14D-05     9.22
   10     1     1     1.07097814    -0.20000960   -55.02404220    -0.00000000    -0.00000002  0.17D-08  0.30D-08     9.86
   10     2     2     1.03884527    -0.12753610   -54.65810615    -0.00000000    -0.00000002  0.40D-08  0.54D-08     9.86
   10     3     3     1.07720726    -0.14708544   -54.55218267    -0.00000929    -0.00000108  0.62D-06  0.17D-06     9.86
   11     1     1     1.07097814    -0.20000960   -55.02404220     0.00000000    -0.00000002  0.17D-08  0.30D-08    10.52
   11     2     2     1.03884527    -0.12753610   -54.65810615    -0.00000000    -0.00000002  0.40D-08  0.54D-08    10.52
   11     3     3     1.07855627    -0.14708751   -54.55218474    -0.00000207    -0.00000043  0.14D-06  0.88D-07    10.52
   12     1     1     1.07097814    -0.20000960   -55.02404220    -0.00000000    -0.00000002  0.17D-08  0.30D-08    11.18
   12     2     2     1.03884527    -0.12753610   -54.65810615    -0.00000000    -0.00000002  0.40D-08  0.54D-08    11.18
   12     3     3     1.07948011    -0.14708811   -54.55218534    -0.00000060    -0.00000012  0.20D-07  0.30D-07    11.18
   13     1     1     1.07097814    -0.20000960   -55.02404220    -0.00000000    -0.00000002  0.17D-08  0.30D-08    11.82
   13     2     2     1.03884527    -0.12753610   -54.65810615    -0.00000000    -0.00000002  0.40D-08  0.54D-08    11.82
   13     3     3     1.07958120    -0.14708824   -54.55218547    -0.00000012    -0.00000002  0.80D-08  0.35D-08    11.82
   14     1     1     1.07097814    -0.20000960   -55.02404220    -0.00000000    -0.00000002  0.17D-08  0.30D-08    12.49
   14     2     2     1.03884527    -0.12753610   -54.65810615    -0.00000000    -0.00000002  0.40D-08  0.54D-08    12.49
   14     3     3     1.07972071    -0.14708826   -54.55218550    -0.00000003    -0.00000001  0.28D-08  0.15D-08    12.49


 =====================================
 Analysis of CPU times by interactions
 =====================================

       I      S      P

 I   0.0%
 S   0.1%   0.2%
 P   0.2%   1.0%  28.4%

 Initialization:   1.1%
 Other:           68.9%

 Total CPU:       12.5 seconds
 =====================================



 gnormi=  0.93372588  gnorms=  0.04302035  gnormp=  0.02325378  gnorm=  1.00000000
 ecorri= -0.18675414  ecorrs= -0.00860148  ecorrp= -0.00465398  ecorr= -0.20000960

 gnormi=  0.96260726  gnorms=  0.02193282  gnormp=  0.01545992  gnorm=  1.00000000
 ecorri= -0.12276718  ecorrs= -0.00279670  ecorrp= -0.00197223  ecorr= -0.12753610

 gnormi=  0.92616543  gnorms=  0.05576398  gnormp=  0.01807059  gnorm=  1.00000000
 ecorri= -0.13622807  ecorrs= -0.00820226  ecorrp= -0.00265794  ecorr= -0.14708826

 Reference coefficients greater than 0.0500000
 =============================================
 220//           0.9653225   0.0254801  -0.0000000
 2/\//          -0.0233064   0.8003771   0.0000010
 2///\           0.0089156  -0.3238415   0.7856064
 2//\/           0.0126084  -0.4579808  -0.5555061
 /2\//           0.0270159  -0.0624978   0.0000001

 Coefficients of singly external configurations greater than 0.0500000
 =====================================================================

 220/0   2.3     0.0330844   0.0116455  -0.1160568
 2200/   2.2    -0.0330840  -0.0116469  -0.1160509
 2/0/\  11.1     0.0553844   0.0047839   0.0000007

 Coefficients of fixed reference functions:
 ==========================================

 State      Coefficients
 1           0.965875    0.024038    0.000000
 2          -0.029600    0.980587   -0.000000
 3          -0.000000    0.000000    0.962370

 Coefficients of rotated reference functions:
 ============================================

 State      Coefficients
 1           0.966170   -0.002577    0.000000
 2          -0.002577    0.981030   -0.000000
 3           0.000000   -0.000000    0.962370


 RESULTS FOR STATE 1.4
 =====================

 Coefficient of reference function:   C(0) = 0.96587464 (fixed)   0.96629492 (relaxed)   0.96617027 (rotated)

 Energy contributions of configuration classes

 CLASS          SQ.NORM        ECORR1        ECORR2
 +++++++++++++++++++++++++++++++++++++++++++++++++++
 Internals    0.00025804   -0.00002156   -0.11337932
 Singles      0.04608574   -0.07860307   -0.08197627
 Pairs        0.02491071   -0.00000004   -0.00465402
 Total        1.07125449   -0.07862466   -0.20000960
 +++++++++++++++++++++++++++++++++++++++++++++++++++


 Reference energy                     -54.82380992
 Nuclear energy                         5.00573037
 Kinetic energy                        55.99526071
 One electron energy                  -83.95057731
 Two electron energy                   23.92080474
 Virial quotient                       -0.98265534
 Correlation energy                    -0.20023228
 !MRCI STATE 1.4 Energy               -55.024042199978

 Properties without orbital relaxation:

 !MRCI STATE 1.4 Dipole moment          0.00000000     0.00000000     0.66251012
 Dipole moment /Debye                   0.00000000     0.00000000     1.68393275

 Cluster corrected energies           -55.03830965 (Davidson, fixed reference)
 Cluster corrected energies           -55.03825431 (Davidson, relaxed reference)
 Cluster corrected energies           -55.03830965 (Davidson, rotated reference)

 Cluster corrected energies           -55.03116689 (Pople, fixed reference)
 Cluster corrected energies           -55.03113933 (Pople, relaxed reference)
 Cluster corrected energies           -55.03116689 (Pople, rotated reference)



 RESULTS FOR STATE 2.4
 =====================

 Coefficient of reference function:   C(0) = 0.98058656 (fixed)   0.98112551 (relaxed)   0.98102982 (rotated)

 Energy contributions of configuration classes

 CLASS          SQ.NORM        ECORR1        ECORR2
 +++++++++++++++++++++++++++++++++++++++++++++++++++
 Internals    0.00019508   -0.00002123   -0.07809075
 Singles      0.02278925   -0.04642096   -0.04747313
 Pairs        0.01606360    0.00000001   -0.00197222
 Total        1.03904793   -0.04644218   -0.12753610
 +++++++++++++++++++++++++++++++++++++++++++++++++++


 Reference energy                     -54.53079272
 Nuclear energy                         5.00573037
 Kinetic energy                        55.55365322
 One electron energy                  -81.41347777
 Two electron energy                   21.74964125
 Virial quotient                       -0.98387960
 Correlation energy                    -0.12731343
 !MRCI STATE 2.4 Energy               -54.658106149083

 Properties without orbital relaxation:

 !MRCI STATE 2.4 Dipole moment          0.00000000     0.00000000    -1.49715924
 Dipole moment /Debye                   0.00000000     0.00000000    -3.80539921

 Cluster corrected energies           -54.66307747 (Davidson, fixed reference)
 Cluster corrected energies           -54.66305167 (Davidson, relaxed reference)
 Cluster corrected energies           -54.66307747 (Davidson, rotated reference)

 Cluster corrected energies           -54.66059086 (Pople, fixed reference)
 Cluster corrected energies           -54.66057798 (Pople, relaxed reference)
 Cluster corrected energies           -54.66059086 (Pople, rotated reference)



 RESULTS FOR STATE 3.4
 =====================

 Coefficient of reference function:   C(0) = 0.96237030 (fixed)   0.96237489 (relaxed)   0.96237030 (rotated)

 Energy contributions of configuration classes

 CLASS          SQ.NORM        ECORR1        ECORR2
 +++++++++++++++++++++++++++++++++++++++++++++++++++
 Internals    0.00000954    0.00000000   -0.00000130
 Singles      0.06021010   -0.05650981   -0.06053919
 Pairs        0.01951137   -0.09057846   -0.08654777
 Total        1.07973101   -0.14708826   -0.14708826
 +++++++++++++++++++++++++++++++++++++++++++++++++++


 Reference energy                     -54.40509723
 Nuclear energy                         5.00573037
 Kinetic energy                        55.46193239
 One electron energy                  -81.30787137
 Two electron energy                   21.74995550
 Virial quotient                       -0.98359691
 Correlation energy                    -0.14708826
 !MRCI STATE 3.4 Energy               -54.552185497049

 Properties without orbital relaxation:

 !MRCI STATE 3.4 Dipole moment          0.00000000     0.00000000    -1.19269797
 Dipole moment /Debye                   0.00000000     0.00000000    -3.03153586

 Cluster corrected energies           -54.56391299 (Davidson, fixed reference)
 Cluster corrected energies           -54.56391148 (Davidson, relaxed reference)
 Cluster corrected energies           -54.56391299 (Davidson, rotated reference)

 Cluster corrected energies           -54.55803996 (Pople, fixed reference)
 Cluster corrected energies           -54.55803920 (Pople, relaxed reference)
 Cluster corrected energies           -54.55803996 (Pople, rotated reference)


 !MRCI trans          <2.4|DMZ|1.4>    -0.319432511782 au =    -0.811916460246 Debye

 !MRCI trans          <3.4|DMZ|1.4>     0.000001035541 au =     0.000002632083 Debye

 !MRCI trans          <3.4|DMZ|2.4>    -0.000014839842 au =    -0.000037719115 Debye


 **********************************************************************************************************************************
 DATASETS  * FILE   NREC   LENGTH (MB)   RECORD NAMES
              1      21      261.49       500      700      610      701      900      950      970     1000      129      960   
                                          VAR     GEOM    BASINP    GEOM    SYMINP    ZMAT    AOBASIS   BASIS     P2S    ABASIS    
                                         1100     1400     1410     1200     1210     1080     1600     1650     1300     1700   
                                           S        T        V       H0       H01     AOSYM     SMH    MOLCAS    ERIS     OPER   
                                         1380   
                                         JKOP   

              2       8       17.69       500      610      700     1000      520     2100     2140      701   
                                          VAR    BASINP    GEOM     BASIS   MCVARS     RHF     MCSCF    GEOM   

 PROGRAMS   *        TOTAL        CI     MULTI       INT        CI     MULTI       INT        CI     MULTI       INT        CI
 CPU TIMES  *       418.65     12.54      1.20      8.45     13.59      1.23      8.44     12.90      1.20      8.38     11.93
 REAL TIME  *       447.53 SEC
 DISK USED  *       793.96 MB
 **********************************************************************************************************************************
 SETTING E1(20)         =       -55.02404220  AU                              
 SETTING E2(20)         =       -54.65810615  AU                              
 SETTING E3(20)         =       -54.55218550  AU                              

 DO I                   =        21.00000000   


 Using spherical harmonics

 Library entry N      S aug-cc-pV5Z          selected for orbital group  1
 Library entry N      P aug-cc-pV5Z          selected for orbital group  1
 Library entry N      D aug-cc-pV5Z          selected for orbital group  1
 Library entry N      F aug-cc-pV5Z          selected for orbital group  1
 Library entry N      G aug-cc-pV5Z          selected for orbital group  1
 Library entry N      H aug-cc-pV5Z          selected for orbital group  1
 Library entry H      S aug-cc-pV5Z          selected for orbital group  2
 Library entry H      P aug-cc-pV5Z          selected for orbital group  2
 Library entry H      D aug-cc-pV5Z          selected for orbital group  2
 Library entry H      F aug-cc-pV5Z          selected for orbital group  2
 Library entry H      G aug-cc-pV5Z          selected for orbital group  2


 PROGRAM * SEWARD (Integral evaluation for generally contracted gaussian basis sets)     Author: Roland Lindh, 1990

 Geometry written to block  1 of record 701

 Orientation using atomic masses  
 Molecule type: Linear
 Symmetry elements: X,Y
 Rotational constants:    1036.8038774   1036.8038774      0.0000000 GHz  (calculated with average atomic masses)

 Point group  C2v 



 ATOMIC COORDINATES

 NR  ATOM    CHARGE       X              Y              Z

   1  N       7.00    0.000000000    0.000000000   -0.091337921
   2  H       1.00    0.000000000    0.000000000    1.269264889

 Bond lengths in Bohr (Angstrom)

 1-2  1.360602810
     ( 0.720000000)

 NUCLEAR CHARGE:                    8
 NUMBER OF PRIMITIVE AOS:         307
 NUMBER OF SYMMETRY AOS:          227
 NUMBER OF CONTRACTIONS:          207   (   77A1  +   50B1  +   50B2  +   30A2  )
 NUMBER OF INNER CORE ORBITALS:     0   (    0A1  +    0B1  +    0B2  +    0A2  )
 NUMBER OF OUTER CORE ORBITALS:     1   (    1A1  +    0B1  +    0B2  +    0A2  )
 NUMBER OF VALENCE ORBITALS:        5   (    3A1  +    1B1  +    1B2  +    0A2  )


 NUCLEAR REPULSION ENERGY    5.14477844

 EXTRA SYMMETRY OF AOS IN SYMMETRY 1:   1 1 1 1 1 1 1 1 1 1   1 1 1 1 2 1 2 1 2 1   2 1 2 1 2 1 2 1 2 1   2 1 3 2 1 3 2 1 3 2
                                        2 3 1 2 3 1 1 1 1 1   1 1 1 1 1 1 1 1 2 1   2 1 2 1 2 1 2 1 2 1   2 1 3 2 1 3 2
 EXTRA SYMMETRY OF AOS IN SYMMETRY 2:   1 1 1 1 1 1 1 1 1 1   1 1 2 1 2 1 2 1 2 1   2 1 2 1 2 1 2 3 1 2   3 1 1 1 1 1 1 1 1 1
                                        1 2 1 2 1 2 1 2 1 2
 EXTRA SYMMETRY OF AOS IN SYMMETRY 3:   1 1 1 1 1 1 1 1 1 1   1 1 2 1 2 1 2 1 2 1   2 1 2 1 2 1 2 3 1 2   3 1 1 1 1 1 1 1 1 1
                                        1 2 1 2 1 2 1 2 1 2
 EXTRA SYMMETRY OF AOS IN SYMMETRY 4:   1 1 1 1 1 1 1 1 1 1   2 1 2 1 2 2 1 2 1 1   1 1 1 1 1 1 1 2 1 2

 Eigenvalues of metric

         1 0.651E-05 0.509E-04 0.754E-04 0.115E-03 0.248E-03 0.284E-03 0.580E-03 0.941E-03
         2 0.609E-04 0.430E-03 0.129E-02 0.327E-02 0.439E-02 0.669E-02 0.116E-01 0.148E-01
         3 0.609E-04 0.430E-03 0.129E-02 0.327E-02 0.439E-02 0.669E-02 0.116E-01 0.148E-01
         4 0.998E-03 0.484E-02 0.142E-01 0.268E-01 0.638E-01 0.793E-01 0.140E+00 0.147E+00


 Contracted 2-electron integrals neglected if value below      1.0D-12
 AO integral compression algorithm  1   Integral accuracy      1.0D-12

     297.009 MB (compressed) written to integral file ( 52.7%)


 NUMBER OF SORTED TWO-ELECTRON INTEGRALS:   59167011.     BUFFER LENGTH:  32768
 NUMBER OF SEGMENTS:   4  SEGMENT LENGTH:   15999984      RECORD LENGTH: 524288

 Memory used in sort:      16.56 MW

 SORT1 READ    70490039. AND WROTE    39593902. INTEGRALS IN    116 RECORDS. CPU TIME:     0.76 SEC, REAL TIME:     0.89 SEC
 SORT2 READ    39593902. AND WROTE    59167011. INTEGRALS IN   1133 RECORDS. CPU TIME:     0.62 SEC, REAL TIME:     0.74 SEC

 FILE SIZES:   FILE 1:   328.1 MBYTE,  FILE 4:   486.6 MBYTE,   TOTAL:    814.7 MBYTE

 OPERATOR DM      FOR CENTER  0  COORDINATES:    0.000000    0.000000    0.000000


 **********************************************************************************************************************************
 DATASETS  * FILE   NREC   LENGTH (MB)   RECORD NAMES
              1      20      259.22       500      700      610      701      900      950      970     1000      129      960   
                                          VAR     GEOM    BASINP    GEOM    SYMINP    ZMAT    AOBASIS   BASIS     P2S    ABASIS    
                                         1100     1400     1410     1200     1210     1080     1600     1650     1300     1700   
                                           S        T        V       H0       H01     AOSYM     SMH    MOLCAS    ERIS     OPER   

              2       8       17.69       500      610      700     1000      520     2100     2140      701   
                                          VAR    BASINP    GEOM     BASIS   MCVARS     RHF     MCSCF    GEOM   

 PROGRAMS   *        TOTAL       INT        CI     MULTI       INT        CI     MULTI       INT        CI     MULTI       INT
 CPU TIMES  *       427.10      8.45     12.54      1.20      8.45     13.59      1.23      8.44     12.90      1.20      8.38
 REAL TIME  *       456.38 SEC
 DISK USED  *       794.71 MB
 **********************************************************************************************************************************

 PROGRAM * MULTI (Direct Multiconfiguration SCF)       Authors: P.J. Knowles, H.-J. Werner (1984)
                                                                D.A. Kreplin, P.J. Knowles, H.-J. Werner (2019)

 Number of closed-shell orbitals:   1 (   1   0   0   0 )
 Number of active  orbitals:        5 (   3   1   1   0 )
 Number of external orbitals:     201 (  73  49  49  30 )

 State symmetry 1

 Number of active electrons:   6    Spin symmetry=Triplet   Space symmetry=4
 Number of states:             4
 Number of CSFs:              12   (15 determinants, 50 intermediate states)

 Molecular orbitals read from record     2140.2  Type=MCSCF/NATURAL (state averaged)

 EXTRA SYMMETRY OF MOS IN SYMMETRY 1:   1 1 1 1 1 1 1 2 1 1   1 1 2 1 1 2 1 1 2 1   2 1 1 1 3 2 1 2 1 2   1 2 1 3 1 1 2 1 1 2
                                        1 3 2 1 2 3 1 1 2 1   2 1 1 2 1 1 3 1 2 2   3 1 2 3 1 1 2 1 2 1   2 1 1 2 1 1 1
 EXTRA SYMMETRY OF MOS IN SYMMETRY 2:   1 1 1 1 1 1 2 1 1 1   2 1 1 1 2 1 1 2 1 2   1 1 1 3 2 1 1 2 2 1   1 2 1 1 1 2 3 1 1 1
                                        2 2 2 1 1 2 1 1 1 1
 EXTRA SYMMETRY OF MOS IN SYMMETRY 3:   1 1 1 1 1 1 2 1 1 1   2 1 1 1 2 1 1 2 1 2   1 1 1 3 2 1 1 2 2 1   1 2 1 1 1 2 3 1 1 1
                                        2 2 2 1 1 2 1 1 1 1
 EXTRA SYMMETRY OF MOS IN SYMMETRY 4:   1 1 1 1 1 2 1 1 1 1   2 1 1 2 1 1 2 1 1 1   2 1 1 2 1 2 1 1 1 1

 Wavefunction dump at record             2140.2

 Convergence thresholds  0.10E-04 (gradient)  0.10E-05 (energy)

 Weight factors for state symmetry  1:    0.25000   0.25000   0.25000   0.25000
 
 Number of orbital rotations:  393  ( 3 closed/active, 73 closed/virtual, 0 active/active, 317 active/virtual )
 Total number of variables:    453
 
  Second-order MCSCF: L-BFGS accelerated
 
 ITER  MIC  NCI  NEG     ENERGY(VAR)    ENERGY(PROJ) ENERGY CHANGE       GRAD(0)  GRAD(ORB)   GRAD(CI)      STEP      TIME
   1    5    3    0    -54.50658644     -54.50679230   -0.00020586    0.04276450 0.00000871 0.00000000  0.11E-01      0.34
   2    8    5    0    -54.50679209     -54.50679210   -0.00000000    0.00005324 0.00000000 0.00000000  0.38E-04      0.69
   3    3    2    0    -54.50679210     -54.50679210   -0.00000000    0.00000000 0.00000000 0.00000000  0.49E-09      1.02

 CONVERGENCE REACHED!  Final gradient:    0.00000000 ( 0.29E-11)
                       Final energy:    -54.50679210
 
 Results for state 1.4
 =====================
 !MCSCF STATE 1.4 Energy                       -54.798512264775
 Nuclear energy                                  5.14477844
 Kinetic energy                                 56.80216960
 One electron energy                           -85.05470362
 Two electron energy                            25.11141291
 Virial ratio                                    1.96472569
 
 !MCSCF STATE 1.4 Dipole moment                  0.00000000     0.00000000     0.80277398
 Dipole moment /Debye                            0.00000000     0.00000000     2.04044794
 
 Results for state 2.4
 =====================
 !MCSCF STATE 2.4 Energy                       -54.504039525666
 Nuclear energy                                  5.14477844
 Kinetic energy                                 55.13884624
 One electron energy                           -81.38286514
 Two electron energy                            21.73404718
 Virial ratio                                    1.98848712
 
 !MCSCF STATE 2.4 Dipole moment                  0.00000000     0.00000000    -1.52515281
 Dipole moment /Debye                            0.00000000     0.00000000    -3.87655179
 
 Results for state 3.4
 =====================
 !MCSCF STATE 3.4 Energy                       -54.377798871994
 Nuclear energy                                  5.14477844
 Kinetic energy                                 55.11166455
 One electron energy                           -81.33693033
 Two electron energy                            21.81435302
 Virial ratio                                    1.98668402
 
 !MCSCF STATE 3.4 Dipole moment                  0.00000000     0.00000000    -1.42536458
 Dipole moment /Debye                            0.00000000     0.00000000    -3.62291540
 
 Results for state 4.4
 =====================
 !MCSCF STATE 4.4 Energy                       -54.346817721331
 Nuclear energy                                  5.14477844
 Kinetic energy                                 55.13848980
 One electron energy                           -81.30731279
 Two electron energy                            21.81571663
 Virial ratio                                    1.98564212
 
 !MCSCF STATE 4.4 Dipole moment                  0.00000000     0.00000000    -1.27173193
 Dipole moment /Debye                            0.00000000     0.00000000    -3.23242016
 
 State-averaged charge density matrix saved on record 2140.2 (density set 1)
 
 Expectation values: (only non-zero values are shown)
 
 !MCSCF expec                       <1.4|DMZ|1.4>     0.802773982602 au =     2.040447939050 Debye
 !MCSCF expec                       <2.4|DMZ|2.4>    -1.525152814537 au =    -3.876551787432 Debye
 !MCSCF expec                       <3.4|DMZ|3.4>    -1.425364584130 au =    -3.622915404728 Debye
 !MCSCF expec                       <4.4|DMZ|4.4>    -1.271731934053 au =    -3.232420158228 Debye
 
 Transition values: (only non-zero values with the ground state are shown)
 
 !MCSCF trans                       <1.4|DMZ|2.4>    -0.073607552996 au =    -0.187091738228 Debye
 !MCSCF trans                       <1.4|DMZ|4.4>     0.181267779122 au =     0.460736738287 Debye
 

 EXTRA SYMMETRY OF MOS IN SYMMETRY 1:   1 1 1 1 1 1 1 2 1 1   1 1 2 1 1 2 1 1 2 1   2 1 1 1 3 2 1 2 1 2   1 2 1 3 1 1 2 1 1 2
                                        1 3 2 1 2 3 1 1 2 1   2 1 1 2 1 1 1 3 2 2   3 1 2 3 1 1 2 1 2 1   2 1 1 2 1 1 1
 
 Natural orbital dump (state averaged) at molpro section 2140.2 (Orbital set 2)
 
 Reoptimze the CI vectors with natural orbitals 
 
 CI Coefficients of symmetry 4
 =============================
 
 220 a a        0.99692975      0.06388657     -0.00000000     -0.00236968
 2ab a a       -0.05165153      0.86061654      0.00000000      0.00382205
 2ba a a        0.01954879     -0.29015741      0.00000000      0.81066516
 2aa a b        0.01605137     -0.28522957     -0.70696840     -0.40724361
 2aa b a        0.01605137     -0.28522957      0.70696840     -0.40724361
 b2a a a       -0.01682027      0.02470887      0.00000000      0.08433795
 a2b a a        0.04350081     -0.07562090     -0.00000000      0.00221182
 
 Energy:      -54.79851226    -54.50403953    -54.37779887    -54.34681772
 


 **********************************************************************************************************************************
 DATASETS  * FILE   NREC   LENGTH (MB)   RECORD NAMES
              1      21      262.14       500      700      610      701      900      950      970     1000      129      960   
                                          VAR     GEOM    BASINP    GEOM    SYMINP    ZMAT    AOBASIS   BASIS     P2S    ABASIS    
                                         1100     1400     1410     1200     1210     1080     1600     1650     1300     1700   
                                           S        T        V       H0       H01     AOSYM     SMH    MOLCAS    ERIS     OPER   
                                         1380   
                                         JKOP   

              2       8       17.69       500      610      700     1000      520     2100     2140      701   
                                          VAR    BASINP    GEOM     BASIS   MCVARS     RHF     MCSCF    GEOM   

 PROGRAMS   *        TOTAL     MULTI       INT        CI     MULTI       INT        CI     MULTI       INT        CI     MULTI
 CPU TIMES  *       428.32      1.22      8.45     12.54      1.20      8.45     13.59      1.23      8.44     12.90      1.20
 REAL TIME  *       457.73 SEC
 DISK USED  *       794.71 MB
 **********************************************************************************************************************************


 PROGRAM * CI (Multireference internally contracted CI)     Authors: H.-J. Werner, P.J. Knowles, 1987


 Convergence thresholds:  THRVAR = 1.00D-08  THRDEN = 1.00D-06

 Number of optimized states: 3  Roots:    1   2   3
 Number of reference states: 3  Roots:    1   2   3

 Program parameters:       NSTATE=  3    NSTATI=  5    NSTATR=  3    NCEPA = -1    NOKOP =  0    ITRDM =  0    ITRANS=  0
                           IDIP  =200    MAXIT =250    MAXITI=250    MAXDAV=  9    MAXVI = 15    NOSING=  0    NOPAIR=  0
                           MXSHRF=  4    IKCPS =  0    IOPTGM=  2    IOPTOR=  0    REFOPT=  1    IAVDEN=  0    IDELCG=  1
                           IREST =  0    NATORB=  0    IPUNRF=  0    ISEP  =  0    OLDDEN=  0    NSTPRI=  1    GPSFLI= -1
                           CLUSTE=  0    CLOSED=  1    ILSTYP=  0    ITRLS =  0    ICCSD =  0    LOCAL =  0    IBASO =  0
                           MP    =  0    ITEDIS=  2    INCDIS=  1    MAXDIS=  6    ITYDIS=  1    BRUECK=  0    IBRSTR=  3
                           INCBRK=  1    TRIPLE=  0    ICCTYP=  2    IHPPD =  0    ICCNEW=  0    I3EXT = -1    IDEB  =  0
                           IDLEIG=  1    IDFTYP=  1    IMP3  =  0    IPROCS=  0    NOINT =  0    NOREF =  1    IMP2G =  0
                           IHINT =  0    IFDIA =  0    ISPARO=  1    JKSYM =  0    CPHF  =  0    MP2D  = -1    DKINT =  0
                           NPKEX =  1    DRVK  =  1    HLSTRA=  1    WIGNER=  1    DIIS_C=  1    MAXIT_= 50    MATEL =  0
                           SPDEG =  1    MEMCPH=  0    DISM  =  1    KDCPMA=  5    IKDCP_=  0    IREDTH=  0    USECS =  0
                           IPROCC=  0    I3SAVE=  1    IKDCP =  1    USECI =  0    OLDPAI=  0    IPROCI=  0    KEEPCL=  1
                           DISCON=  0    SHIFTE=  0    DIISIN=  0    MOLCAS=  0    MEM_PT=  0    RECORD=  0    RS2C  =  0
                           KEXT  = -1    CIPT2 =  0    DECP0S=  0    I4EXT = -1    NATCOR=  0    RIMP2 =  0    DDCI  = -1
                           IPOLAR=  0

 Reference symmetry:                   4   Triplet 
 Number of electrons:                  8
 Maximum number of shells:             3
 Maximum number of spin couplings:     9

 Reference space:        6 conf       12 CSFs
 N elec internal:       35 conf       45 CSFs
 N-1 el internal:       48 conf       96 CSFs
 N-2 el internal:       26 conf      102 CSFs

 Number of electrons in valence space:                      6
 Maximum number of open shell orbitals in reference space:  4
 Maximum number of open shell orbitals in internal spaces:  6


 Number of core orbitals:           1 (   1   0   0   0 )
 Number of active  orbitals:        5 (   3   1   1   0 )
 Number of external orbitals:     201 (  73  49  49  30 )

 Molecular orbitals read from record     2140.2  Type=MCSCF/NATURAL (state averaged)

 Valence orbitals related to previous ones by unitary transformation. Operators transformed.


 Number of p-space configurations:   5

 Reference wavefunction optimized for reference space (refopt=1)

 State     Reference Energy 
     1       -54.79851226
     2       -54.50403953
     3       -54.37779887
     4       -54.34681772
     5       -53.95054638

 Number of blocks in overlap matrix:    13   Smallest eigenvalue:  0.58D-06
 Number of N-2 electron functions:      60
 Number of N-1 electron functions:      96

 Number of internal configurations:                   12
 Number of singly external configurations:          4953
 Number of doubly external configurations:        311592
 Total number of contracted configurations:       316557
 Total number of uncontracted configurations:     529947

 Diagonal Coupling coefficients finished.               Storage:    8081 words, CPU-Time:      0.00 seconds.
 Energy denominators for pairs finished in 1 passes.    Storage:  127229 words, CPU-time:      0.00 seconds.

  ITER. STATE  ROOT     SQ.NORM     CORR.ENERGY   TOTAL ENERGY   ENERGY CHANGE       DEN1      VAR(S)    VAR(P)      TIME
    1     1     1     1.00000000     0.00000000   -54.79851226    -0.00000000    -0.21741629  0.70D-01  0.20D-01     0.15
    1     2     2     1.00000000     0.00000000   -54.50403953     0.00000000    -0.11982701  0.22D-01  0.12D-01     0.15
    1     3     3     1.00000000     0.00000000   -54.37779887     0.00000000    -0.14218051  0.26D-01  0.15D-01     0.15
    2     1     1     1.06893075    -0.19001403   -54.98852629    -0.19001403    -0.00878360  0.17D-02  0.11D-02     1.32
    2     2     2     1.03610546    -0.12446885   -54.62850838    -0.12446885    -0.00204852  0.31D-03  0.29D-03     1.32
    2     3     3     1.04108336    -0.14256449   -54.52036337    -0.14256449    -0.00291468  0.56D-03  0.39D-03     1.32
    3     1     1     1.06828110    -0.19943050   -54.99794276    -0.00941647    -0.00047325  0.51D-04  0.72D-04     2.48
    3     2     2     1.03748301    -0.12691062   -54.63095015    -0.00244177    -0.00015321  0.22D-04  0.29D-04     2.48
    3     3     3     1.04446849    -0.14590570   -54.52370457    -0.00334121    -0.00025437  0.23D-03  0.34D-04     2.48
    4     1     1     1.07009761    -0.20005813   -54.99857040    -0.00062764    -0.00004331  0.40D-05  0.69D-05     3.64
    4     2     2     1.03843119    -0.12714093   -54.63118045    -0.00023030    -0.00002810  0.49D-05  0.49D-05     3.64
    4     3     3     1.05045842    -0.14636353   -54.52416240    -0.00045783    -0.00009899  0.89D-04  0.12D-04     3.64
    5     1     1     1.07070968    -0.20011862   -54.99863088    -0.00006048    -0.00000479  0.48D-06  0.77D-06     4.82
    5     2     2     1.03846729    -0.12717959   -54.63121912    -0.00003867    -0.00000589  0.82D-06  0.11D-05     4.82
    5     3     3     1.05708491    -0.14658543   -54.52438430    -0.00022190    -0.00006604  0.56D-04  0.76D-05     4.82
    6     1     1     1.07065125    -0.20012519   -54.99863745    -0.00000657    -0.00000070  0.54D-07  0.10D-06     6.00
    6     2     2     1.03843156    -0.12718695   -54.63122648    -0.00000736    -0.00000130  0.21D-06  0.25D-06     6.00
    6     3     3     1.06161028    -0.14670622   -54.52450510    -0.00012080    -0.00004253  0.46D-04  0.42D-05     6.00
    7     1     1     1.07067112    -0.20012610   -54.99863836    -0.00000091    -0.00000011  0.86D-08  0.16D-07     7.16
    7     2     2     1.03845829    -0.12718847   -54.63122799    -0.00000152    -0.00000028  0.66D-07  0.50D-07     7.16
    7     3     3     1.06561685    -0.14677127   -54.52457015    -0.00006505    -0.00002241  0.17D-04  0.24D-05     7.16
    8     1     1     1.07067887    -0.20012624   -54.99863850    -0.00000014    -0.00000002  0.17D-08  0.30D-08     8.33
    8     2     2     1.03846696    -0.12718884   -54.63122836    -0.00000037    -0.00000008  0.15D-07  0.15D-07     8.33
    8     3     3     1.06873733    -0.14680888   -54.52460775    -0.00003760    -0.00001458  0.14D-04  0.15D-05     8.33
    9     1     1     1.07067921    -0.20012624   -54.99863850    -0.00000000    -0.00000002  0.18D-08  0.30D-08     9.23
    9     2     2     1.03847345    -0.12718893   -54.63122846    -0.00000009    -0.00000002  0.39D-08  0.47D-08     9.23
    9     3     3     1.08083993    -0.14686230   -54.52466118    -0.00005342    -0.00000974  0.17D-05  0.17D-05     9.23
   10     1     1     1.07067921    -0.20012624   -54.99863850    -0.00000000    -0.00000002  0.18D-08  0.30D-08     9.89
   10     2     2     1.03847345    -0.12718893   -54.63122846    -0.00000000    -0.00000002  0.39D-08  0.47D-08     9.89
   10     3     3     1.08188047    -0.14687314   -54.52467202    -0.00001084    -0.00000124  0.71D-06  0.19D-06     9.89
   11     1     1     1.07067921    -0.20012624   -54.99863850     0.00000000    -0.00000002  0.18D-08  0.30D-08    10.55
   11     2     2     1.03847345    -0.12718893   -54.63122846    -0.00000000    -0.00000002  0.39D-08  0.47D-08    10.55
   11     3     3     1.08345852    -0.14687555   -54.52467442    -0.00000240    -0.00000047  0.16D-06  0.94D-07    10.55
   12     1     1     1.07067921    -0.20012624   -54.99863850    -0.00000000    -0.00000002  0.18D-08  0.30D-08    11.20
   12     2     2     1.03847345    -0.12718893   -54.63122846     0.00000000    -0.00000002  0.39D-08  0.47D-08    11.20
   12     3     3     1.08456278    -0.14687624   -54.52467512    -0.00000070    -0.00000013  0.24D-07  0.32D-07    11.20
   13     1     1     1.07067921    -0.20012624   -54.99863850    -0.00000000    -0.00000002  0.18D-08  0.30D-08    11.86
   13     2     2     1.03847345    -0.12718893   -54.63122846    -0.00000000    -0.00000002  0.39D-08  0.47D-08    11.86
   13     3     3     1.08467630    -0.14687638   -54.52467525    -0.00000014    -0.00000002  0.87D-08  0.41D-08    11.86
   14     1     1     1.07067921    -0.20012624   -54.99863850    -0.00000000    -0.00000002  0.18D-08  0.30D-08    12.51
   14     2     2     1.03847345    -0.12718893   -54.63122846    -0.00000000    -0.00000002  0.39D-08  0.47D-08    12.51
   14     3     3     1.08482745    -0.14687641   -54.52467529    -0.00000003    -0.00000001  0.33D-08  0.17D-08    12.51


 =====================================
 Analysis of CPU times by interactions
 =====================================

       I      S      P

 I   0.0%
 S   0.0%   0.1%
 P   0.3%   1.0%  28.1%

 Initialization:   1.1%
 Other:           69.3%

 Total CPU:       12.5 seconds
 =====================================



 gnormi=  0.93398656  gnorms=  0.04304073  gnormp=  0.02297271  gnorm=  1.00000000
 ecorri= -0.18691521  ecorrs= -0.00861053  ecorrp= -0.00460049  ecorr= -0.20012624

 gnormi=  0.96295191  gnorms=  0.02176409  gnormp=  0.01528399  gnorm=  1.00000000
 ecorri= -0.12247682  ecorrs= -0.00276772  ecorrp= -0.00194438  ecorr= -0.12718893

 gnormi=  0.92180559  gnorms=  0.06029631  gnormp=  0.01789811  gnorm=  1.00000000
 ecorri= -0.13539150  ecorrs= -0.00885626  ecorrp= -0.00262866  ecorr= -0.14687641

 Reference coefficients greater than 0.0500000
 =============================================
 220//           0.9653301   0.0294683   0.0000000
 2/\//          -0.0285312   0.8002163   0.0000013
 2///\           0.0093209  -0.3241818   0.7837543
 2//\/           0.0131816  -0.4584621  -0.5541959
 /2\//           0.0266606  -0.0610542   0.0000002

 Coefficients of singly external configurations greater than 0.0500000
 =====================================================================

 220/0   2.3     0.0330347   0.0129090  -0.1242438
 2200/   2.2    -0.0330342  -0.0129101  -0.1242373
 2/0/\  11.1     0.0541612   0.0049724   0.0000008

 Coefficients of fixed reference functions:
 ==========================================

 State      Coefficients
 1           0.965958    0.026463    0.000000
 2          -0.032725    0.980662   -0.000000
 3           0.000000    0.000000    0.960103

 Coefficients of rotated reference functions:
 ============================================

 State      Coefficients
 1           0.966316   -0.002906    0.000000
 2          -0.002906    0.981203   -0.000000
 3           0.000000   -0.000000    0.960103


 RESULTS FOR STATE 1.4
 =====================

 Coefficient of reference function:   C(0) = 0.96595805 (fixed)   0.96642980 (relaxed)   0.96631611 (rotated)

 Energy contributions of configuration classes

 CLASS          SQ.NORM        ECORR1        ECORR2
 +++++++++++++++++++++++++++++++++++++++++++++++++++
 Internals    0.00023534   -0.00002690   -0.11325732
 Singles      0.04609366   -0.07888250   -0.08226839
 Pairs        0.02460219   -0.00000004   -0.00460053
 Total        1.07093118   -0.07890944   -0.20012624
 +++++++++++++++++++++++++++++++++++++++++++++++++++


 Reference energy                     -54.79824028
 Nuclear energy                         5.14477844
 Kinetic energy                        56.07971778
 One electron energy                  -84.15186083
 Two electron energy                   24.00844389
 Virial quotient                       -0.98072245
 Correlation energy                    -0.20039822
 !MRCI STATE 1.4 Energy               -54.998638499958

 Properties without orbital relaxation:

 !MRCI STATE 1.4 Dipole moment          0.00000000     0.00000000     0.66203239
 Dipole moment /Debye                   0.00000000     0.00000000     1.68271849

 Cluster corrected energies           -55.01285298 (Davidson, fixed reference)
 Cluster corrected energies           -55.01280249 (Davidson, relaxed reference)
 Cluster corrected energies           -55.01285298 (Davidson, rotated reference)

 Cluster corrected energies           -55.00573682 (Pople, fixed reference)
 Cluster corrected energies           -55.00571167 (Pople, relaxed reference)
 Cluster corrected energies           -55.00573682 (Pople, rotated reference)



 RESULTS FOR STATE 2.4
 =====================

 Coefficient of reference function:   C(0) = 0.98066170 (fixed)   0.98130113 (relaxed)   0.98120325 (rotated)

 Energy contributions of configuration classes

 CLASS          SQ.NORM        ECORR1        ECORR2
 +++++++++++++++++++++++++++++++++++++++++++++++++++
 Internals    0.00019952   -0.00002649   -0.07816791
 Singles      0.02260594   -0.04602282   -0.04707664
 Pairs        0.01587519    0.00000000   -0.00194438
 Total        1.03868065   -0.04604931   -0.12718893
 +++++++++++++++++++++++++++++++++++++++++++++++++++


 Reference energy                     -54.50431151
 Nuclear energy                         5.14477844
 Kinetic energy                        55.63467179
 One electron energy                  -81.59589907
 Two electron energy                   21.81989217
 Virial quotient                       -0.98196371
 Correlation energy                    -0.12691695
 !MRCI STATE 2.4 Energy               -54.631228456321

 Properties without orbital relaxation:

 !MRCI STATE 2.4 Dipole moment          0.00000000     0.00000000    -1.48615294
 Dipole moment /Debye                   0.00000000     0.00000000    -3.77742399

 Cluster corrected energies           -54.63613769 (Davidson, fixed reference)
 Cluster corrected energies           -54.63611139 (Davidson, relaxed reference)
 Cluster corrected energies           -54.63613769 (Davidson, rotated reference)

 Cluster corrected energies           -54.63368215 (Pople, fixed reference)
 Cluster corrected energies           -54.63366902 (Pople, relaxed reference)
 Cluster corrected energies           -54.63368215 (Pople, rotated reference)



 RESULTS FOR STATE 3.4
 =====================

 Coefficient of reference function:   C(0) = 0.96010253 (fixed)   0.96010707 (relaxed)   0.96010253 (rotated)

 Energy contributions of configuration classes

 CLASS          SQ.NORM        ECORR1        ECORR2
 +++++++++++++++++++++++++++++++++++++++++++++++++++
 Internals    0.00000947    0.00000000   -0.00000128
 Singles      0.06541171   -0.05629381   -0.06074772
 Pairs        0.01941654   -0.09058260   -0.08612741
 Total        1.08483772   -0.14687641   -0.14687641
 +++++++++++++++++++++++++++++++++++++++++++++++++++


 Reference energy                     -54.37779887
 Nuclear energy                         5.14477844
 Kinetic energy                        55.53974972
 One electron energy                  -81.48743474
 Two electron energy                   21.81798101
 Virial quotient                       -0.98172346
 Correlation energy                    -0.14687641
 !MRCI STATE 3.4 Energy               -54.524675285168

 Properties without orbital relaxation:

 !MRCI STATE 3.4 Dipole moment          0.00000000     0.00000000    -1.16320799
 Dipole moment /Debye                   0.00000000     0.00000000    -2.95657981

 Cluster corrected energies           -54.53713594 (Davidson, fixed reference)
 Cluster corrected energies           -54.53713444 (Davidson, relaxed reference)
 Cluster corrected energies           -54.53713594 (Davidson, rotated reference)

 Cluster corrected energies           -54.53089444 (Pople, fixed reference)
 Cluster corrected energies           -54.53089369 (Pople, relaxed reference)
 Cluster corrected energies           -54.53089444 (Pople, rotated reference)


 !MRCI trans          <2.4|DMZ|1.4>    -0.302432050740 au =    -0.768705598350 Debye

 !MRCI trans          <3.4|DMZ|1.4>     0.000000964581 au =     0.000002451719 Debye

 !MRCI trans          <3.4|DMZ|2.4>    -0.000015512786 au =    -0.000039429570 Debye


 **********************************************************************************************************************************
 DATASETS  * FILE   NREC   LENGTH (MB)   RECORD NAMES
              1      21      262.14       500      700      610      701      900      950      970     1000      129      960   
                                          VAR     GEOM    BASINP    GEOM    SYMINP    ZMAT    AOBASIS   BASIS     P2S    ABASIS    
                                         1100     1400     1410     1200     1210     1080     1600     1650     1300     1700   
                                           S        T        V       H0       H01     AOSYM     SMH    MOLCAS    ERIS     OPER   
                                         1380   
                                         JKOP   

              2       8       17.69       500      610      700     1000      520     2100     2140      701   
                                          VAR    BASINP    GEOM     BASIS   MCVARS     RHF     MCSCF    GEOM   

 PROGRAMS   *        TOTAL        CI     MULTI       INT        CI     MULTI       INT        CI     MULTI       INT        CI
 CPU TIMES  *       440.89     12.57      1.22      8.45     12.54      1.20      8.45     13.59      1.23      8.44     12.90
 REAL TIME  *       471.37 SEC
 DISK USED  *       794.71 MB
 **********************************************************************************************************************************
 SETTING E1(21)         =       -54.99863850  AU                              
 SETTING E2(21)         =       -54.63122846  AU                              
 SETTING E3(21)         =       -54.52467529  AU                              

 DO I                   =        22.00000000   


 Using spherical harmonics

 Library entry N      S aug-cc-pV5Z          selected for orbital group  1
 Library entry N      P aug-cc-pV5Z          selected for orbital group  1
 Library entry N      D aug-cc-pV5Z          selected for orbital group  1
 Library entry N      F aug-cc-pV5Z          selected for orbital group  1
 Library entry N      G aug-cc-pV5Z          selected for orbital group  1
 Library entry N      H aug-cc-pV5Z          selected for orbital group  1
 Library entry H      S aug-cc-pV5Z          selected for orbital group  2
 Library entry H      P aug-cc-pV5Z          selected for orbital group  2
 Library entry H      D aug-cc-pV5Z          selected for orbital group  2
 Library entry H      F aug-cc-pV5Z          selected for orbital group  2
 Library entry H      G aug-cc-pV5Z          selected for orbital group  2


 PROGRAM * SEWARD (Integral evaluation for generally contracted gaussian basis sets)     Author: Roland Lindh, 1990

 Geometry written to block  1 of record 701

 Orientation using atomic masses  
 Molecule type: Linear
 Symmetry elements: X,Y
 Rotational constants:    1096.8961837   1096.8961837      0.0000000 GHz  (calculated with average atomic masses)

 Point group  C2v 



 ATOMIC COORDINATES

 NR  ATOM    CHARGE       X              Y              Z

   1  N       7.00    0.000000000    0.000000000   -0.088800756
   2  H       1.00    0.000000000    0.000000000    1.234007531

 Bond lengths in Bohr (Angstrom)

 1-2  1.322808287
     ( 0.700000000)

 NUCLEAR CHARGE:                    8
 NUMBER OF PRIMITIVE AOS:         307
 NUMBER OF SYMMETRY AOS:          227
 NUMBER OF CONTRACTIONS:          207   (   77A1  +   50B1  +   50B2  +   30A2  )
 NUMBER OF INNER CORE ORBITALS:     0   (    0A1  +    0B1  +    0B2  +    0A2  )
 NUMBER OF OUTER CORE ORBITALS:     1   (    1A1  +    0B1  +    0B2  +    0A2  )
 NUMBER OF VALENCE ORBITALS:        5   (    3A1  +    1B1  +    1B2  +    0A2  )


 NUCLEAR REPULSION ENERGY    5.29177211

 EXTRA SYMMETRY OF AOS IN SYMMETRY 1:   1 1 1 1 1 1 1 1 1 1   1 1 1 1 2 1 2 1 2 1   2 1 2 1 2 1 2 1 2 1   2 1 3 2 1 3 2 1 3 2
                                        2 3 1 2 3 1 1 1 1 1   1 1 1 1 1 1 1 1 2 1   2 1 2 1 2 1 2 1 2 1   2 1 3 2 1 3 2
 EXTRA SYMMETRY OF AOS IN SYMMETRY 2:   1 1 1 1 1 1 1 1 1 1   1 1 2 1 2 1 2 1 2 1   2 1 2 1 2 1 2 3 1 2   3 1 1 1 1 1 1 1 1 1
                                        1 2 1 2 1 2 1 2 1 2
 EXTRA SYMMETRY OF AOS IN SYMMETRY 3:   1 1 1 1 1 1 1 1 1 1   1 1 2 1 2 1 2 1 2 1   2 1 2 1 2 1 2 3 1 2   3 1 1 1 1 1 1 1 1 1
                                        1 2 1 2 1 2 1 2 1 2
 EXTRA SYMMETRY OF AOS IN SYMMETRY 4:   1 1 1 1 1 1 1 1 1 1   2 1 2 1 2 2 1 2 1 1   1 1 1 1 1 1 1 2 1 2

 Eigenvalues of metric

         1 0.609E-05 0.474E-04 0.667E-04 0.105E-03 0.243E-03 0.268E-03 0.500E-03 0.908E-03
         2 0.551E-04 0.391E-03 0.118E-02 0.300E-02 0.421E-02 0.608E-02 0.107E-01 0.139E-01
         3 0.551E-04 0.391E-03 0.118E-02 0.300E-02 0.421E-02 0.608E-02 0.107E-01 0.139E-01
         4 0.908E-03 0.441E-02 0.134E-01 0.249E-01 0.592E-01 0.771E-01 0.134E+00 0.141E+00


 Contracted 2-electron integrals neglected if value below      1.0D-12
 AO integral compression algorithm  1   Integral accuracy      1.0D-12

     297.796 MB (compressed) written to integral file ( 52.8%)


 NUMBER OF SORTED TWO-ELECTRON INTEGRALS:   59167011.     BUFFER LENGTH:  32768
 NUMBER OF SEGMENTS:   4  SEGMENT LENGTH:   15999984      RECORD LENGTH: 524288

 Memory used in sort:      16.56 MW

 SORT1 READ    70490039. AND WROTE    39593900. INTEGRALS IN    116 RECORDS. CPU TIME:     0.76 SEC, REAL TIME:     0.89 SEC
 SORT2 READ    39593900. AND WROTE    59167011. INTEGRALS IN   1136 RECORDS. CPU TIME:     0.63 SEC, REAL TIME:     0.74 SEC

 FILE SIZES:   FILE 1:   328.9 MBYTE,  FILE 4:   486.6 MBYTE,   TOTAL:    815.5 MBYTE

 OPERATOR DM      FOR CENTER  0  COORDINATES:    0.000000    0.000000    0.000000


 **********************************************************************************************************************************
 DATASETS  * FILE   NREC   LENGTH (MB)   RECORD NAMES
              1      20      259.83       500      700      610      701      900      950      970     1000      129      960   
                                          VAR     GEOM    BASINP    GEOM    SYMINP    ZMAT    AOBASIS   BASIS     P2S    ABASIS    
                                         1100     1400     1410     1200     1210     1080     1600     1650     1300     1700   
                                           S        T        V       H0       H01     AOSYM     SMH    MOLCAS    ERIS     OPER   

              2       8       17.69       500      610      700     1000      520     2100     2140      701   
                                          VAR    BASINP    GEOM     BASIS   MCVARS     RHF     MCSCF    GEOM   

 PROGRAMS   *        TOTAL       INT        CI     MULTI       INT        CI     MULTI       INT        CI     MULTI       INT
 CPU TIMES  *       449.33      8.44     12.57      1.22      8.45     12.54      1.20      8.45     13.59      1.23      8.44
 REAL TIME  *       480.22 SEC
 DISK USED  *       795.46 MB
 **********************************************************************************************************************************

 PROGRAM * MULTI (Direct Multiconfiguration SCF)       Authors: P.J. Knowles, H.-J. Werner (1984)
                                                                D.A. Kreplin, P.J. Knowles, H.-J. Werner (2019)

 Number of closed-shell orbitals:   1 (   1   0   0   0 )
 Number of active  orbitals:        5 (   3   1   1   0 )
 Number of external orbitals:     201 (  73  49  49  30 )

 State symmetry 1

 Number of active electrons:   6    Spin symmetry=Triplet   Space symmetry=4
 Number of states:             4
 Number of CSFs:              12   (15 determinants, 50 intermediate states)

 Molecular orbitals read from record     2140.2  Type=MCSCF/NATURAL (state averaged)

 EXTRA SYMMETRY OF MOS IN SYMMETRY 1:   1 1 1 1 1 1 1 2 1 1   1 1 2 1 1 2 1 1 2 1   2 1 1 1 3 2 1 2 1 2   1 2 1 3 1 1 2 1 1 2
                                        1 3 2 1 2 3 1 1 2 1   2 1 1 2 1 1 1 3 2 2   3 1 2 3 1 1 2 1 2 1   2 1 1 2 1 1 1
 EXTRA SYMMETRY OF MOS IN SYMMETRY 2:   1 1 1 1 1 1 2 1 1 1   2 1 1 1 2 1 1 2 1 2   1 1 1 3 2 1 1 2 2 1   1 2 1 1 1 2 3 1 1 1
                                        2 2 2 1 1 2 1 1 1 1
 EXTRA SYMMETRY OF MOS IN SYMMETRY 3:   1 1 1 1 1 1 2 1 1 1   2 1 1 1 2 1 1 2 1 2   1 1 1 3 2 1 1 2 2 1   1 2 1 1 1 2 3 1 1 1
                                        2 2 2 1 1 2 1 1 1 1
 EXTRA SYMMETRY OF MOS IN SYMMETRY 4:   1 1 1 1 1 2 1 1 1 1   2 1 1 2 1 1 2 1 1 1   2 1 1 2 1 2 1 1 1 1

 Wavefunction dump at record             2140.2

 Convergence thresholds  0.10E-04 (gradient)  0.10E-05 (energy)

 Weight factors for state symmetry  1:    0.25000   0.25000   0.25000   0.25000
 
 Number of orbital rotations:  393  ( 3 closed/active, 73 closed/virtual, 0 active/active, 317 active/virtual )
 Total number of variables:    453
 
  Second-order MCSCF: L-BFGS accelerated
 
 ITER  MIC  NCI  NEG     ENERGY(VAR)    ENERGY(PROJ) ENERGY CHANGE       GRAD(0)  GRAD(ORB)   GRAD(CI)      STEP      TIME
   1    5    4    0    -54.47560435     -54.47581939   -0.00021505    0.04545592 0.00000150 0.00000000  0.11E-01      0.34
   2    8    5    0    -54.47581918     -54.47581918   -0.00000000    0.00005609 0.00000000 0.00000000  0.37E-04      0.70
   3    3    2    0    -54.47581918     -54.47581918   -0.00000000    0.00000000 0.00000000 0.00000000  0.40E-09      1.03

 CONVERGENCE REACHED!  Final gradient:    0.00000000 ( 0.32E-11)
                       Final energy:    -54.47581918
 
 Results for state 1.4
 =====================
 !MCSCF STATE 1.4 Energy                       -54.769074713618
 Nuclear energy                                  5.29177211
 Kinetic energy                                 56.89916136
 One electron energy                           -85.26486896
 Two electron energy                            25.20402214
 Virial ratio                                    1.96256383
 
 !MCSCF STATE 1.4 Dipole moment                  0.00000000     0.00000000     0.79718135
 Dipole moment /Debye                            0.00000000     0.00000000     2.02623290
 
 Results for state 2.4
 =====================
 !MCSCF STATE 2.4 Energy                       -54.473518782145
 Nuclear energy                                  5.29177211
 Kinetic energy                                 55.22928615
 One electron energy                           -81.57735354
 Two electron energy                            21.81206265
 Virial ratio                                    1.98631582
 
 !MCSCF STATE 2.4 Dipole moment                  0.00000000     0.00000000    -1.50521509
 Dipole moment /Debye                            0.00000000     0.00000000    -3.82587514
 
 Results for state 3.4
 =====================
 !MCSCF STATE 3.4 Energy                       -54.346579420056
 Nuclear energy                                  5.29177211
 Kinetic energy                                 55.19345817
 One electron energy                           -81.52305638
 Two electron energy                            21.88470485
 Virial ratio                                    1.98465618
 
 !MCSCF STATE 3.4 Dipole moment                  0.00000000     0.00000000    -1.41013197
 Dipole moment /Debye                            0.00000000     0.00000000    -3.58419796
 
 Results for state 4.4
 =====================
 !MCSCF STATE 4.4 Energy                       -54.314103798622
 Nuclear energy                                  5.29177211
 Kinetic energy                                 55.21634919
 One electron energy                           -81.48958824
 Two electron energy                            21.88371233
 Virial ratio                                    1.98365981
 
 !MCSCF STATE 4.4 Dipole moment                  0.00000000     0.00000000    -1.26197887
 Dipole moment /Debye                            0.00000000     0.00000000    -3.20763034
 
 State-averaged charge density matrix saved on record 2140.2 (density set 1)
 
 Expectation values: (only non-zero values are shown)
 
 !MCSCF expec                       <1.4|DMZ|1.4>     0.797181354100 au =     2.026232895280 Debye
 !MCSCF expec                       <2.4|DMZ|2.4>    -1.505215085908 au =    -3.825875136005 Debye
 !MCSCF expec                       <3.4|DMZ|3.4>    -1.410131969701 au =    -3.584197960725 Debye
 !MCSCF expec                       <4.4|DMZ|4.4>    -1.261978868070 au =    -3.207630337161 Debye
 
 Transition values: (only non-zero values with the ground state are shown)
 
 !MCSCF trans                       <1.4|DMZ|2.4>    -0.049879762361 au =    -0.126781710064 Debye
 !MCSCF trans                       <1.4|DMZ|4.4>     0.166188458134 au =     0.422408927348 Debye
 

 EXTRA SYMMETRY OF MOS IN SYMMETRY 1:   1 1 1 1 1 1 1 2 1 1   1 1 2 1 1 2 1 1 2 1   2 1 1 1 3 2 2 1 1 2   1 2 1 3 1 1 2 1 1 2
                                        1 3 2 1 2 3 1 1 2 1   2 1 1 2 1 1 1 3 2 2   3 1 2 3 1 1 2 1 2 1   2 1 1 2 1 1 1
 
 Natural orbital dump (state averaged) at molpro section 2140.2 (Orbital set 2)
 
 Reoptimze the CI vectors with natural orbitals 
 
 CI Coefficients of symmetry 4
 =============================
 
 220 a a        0.99653278      0.07070281     -0.00000000     -0.00555543
 2ab a a       -0.05771136      0.86034971      0.00000000      0.00324018
 2ba a a        0.02420901     -0.28935810      0.00000000      0.81092115
 2aa a b        0.01675117     -0.28549581     -0.70696970     -0.40708067
 2aa b a        0.01675117     -0.28549581      0.70696970     -0.40708067
 b2a a a       -0.01655841      0.02410174      0.00000000      0.08398603
 a2b a a        0.04246070     -0.07433005     -0.00000000      0.00137032
 
 Energy:      -54.76907471    -54.47351878    -54.34657942    -54.31410380
 


 **********************************************************************************************************************************
 DATASETS  * FILE   NREC   LENGTH (MB)   RECORD NAMES
              1      21      262.75       500      700      610      701      900      950      970     1000      129      960   
                                          VAR     GEOM    BASINP    GEOM    SYMINP    ZMAT    AOBASIS   BASIS     P2S    ABASIS    
                                         1100     1400     1410     1200     1210     1080     1600     1650     1300     1700   
                                           S        T        V       H0       H01     AOSYM     SMH    MOLCAS    ERIS     OPER   
                                         1380   
                                         JKOP   

              2       8       17.69       500      610      700     1000      520     2100     2140      701   
                                          VAR    BASINP    GEOM     BASIS   MCVARS     RHF     MCSCF    GEOM   

 PROGRAMS   *        TOTAL     MULTI       INT        CI     MULTI       INT        CI     MULTI       INT        CI     MULTI
 CPU TIMES  *       450.57      1.24      8.44     12.57      1.22      8.45     12.54      1.20      8.45     13.59      1.23
 REAL TIME  *       481.58 SEC
 DISK USED  *       795.46 MB
 **********************************************************************************************************************************


 PROGRAM * CI (Multireference internally contracted CI)     Authors: H.-J. Werner, P.J. Knowles, 1987


 Convergence thresholds:  THRVAR = 1.00D-08  THRDEN = 1.00D-06

 Number of optimized states: 3  Roots:    1   2   3
 Number of reference states: 3  Roots:    1   2   3

 Program parameters:       NSTATE=  3    NSTATI=  5    NSTATR=  3    NCEPA = -1    NOKOP =  0    ITRDM =  0    ITRANS=  0
                           IDIP  =200    MAXIT =250    MAXITI=250    MAXDAV=  9    MAXVI = 15    NOSING=  0    NOPAIR=  0
                           MXSHRF=  4    IKCPS =  0    IOPTGM=  2    IOPTOR=  0    REFOPT=  1    IAVDEN=  0    IDELCG=  1
                           IREST =  0    NATORB=  0    IPUNRF=  0    ISEP  =  0    OLDDEN=  0    NSTPRI=  1    GPSFLI= -1
                           CLUSTE=  0    CLOSED=  1    ILSTYP=  0    ITRLS =  0    ICCSD =  0    LOCAL =  0    IBASO =  0
                           MP    =  0    ITEDIS=  2    INCDIS=  1    MAXDIS=  6    ITYDIS=  1    BRUECK=  0    IBRSTR=  3
                           INCBRK=  1    TRIPLE=  0    ICCTYP=  2    IHPPD =  0    ICCNEW=  0    I3EXT = -1    IDEB  =  0
                           IDLEIG=  1    IDFTYP=  1    IMP3  =  0    IPROCS=  0    NOINT =  0    NOREF =  1    IMP2G =  0
                           IHINT =  0    IFDIA =  0    ISPARO=  1    JKSYM =  0    CPHF  =  0    MP2D  = -1    DKINT =  0
                           NPKEX =  1    DRVK  =  1    HLSTRA=  1    WIGNER=  1    DIIS_C=  1    MAXIT_= 50    MATEL =  0
                           SPDEG =  1    MEMCPH=  0    DISM  =  1    KDCPMA=  5    IKDCP_=  0    IREDTH=  0    USECS =  0
                           IPROCC=  0    I3SAVE=  1    IKDCP =  1    USECI =  0    OLDPAI=  0    IPROCI=  0    KEEPCL=  1
                           DISCON=  0    SHIFTE=  0    DIISIN=  0    MOLCAS=  0    MEM_PT=  0    RECORD=  0    RS2C  =  0
                           KEXT  = -1    CIPT2 =  0    DECP0S=  0    I4EXT = -1    NATCOR=  0    RIMP2 =  0    DDCI  = -1
                           IPOLAR=  0

 Reference symmetry:                   4   Triplet 
 Number of electrons:                  8
 Maximum number of shells:             3
 Maximum number of spin couplings:     9

 Reference space:        6 conf       12 CSFs
 N elec internal:       35 conf       45 CSFs
 N-1 el internal:       48 conf       96 CSFs
 N-2 el internal:       26 conf      102 CSFs

 Number of electrons in valence space:                      6
 Maximum number of open shell orbitals in reference space:  4
 Maximum number of open shell orbitals in internal spaces:  6


 Number of core orbitals:           1 (   1   0   0   0 )
 Number of active  orbitals:        5 (   3   1   1   0 )
 Number of external orbitals:     201 (  73  49  49  30 )

 Molecular orbitals read from record     2140.2  Type=MCSCF/NATURAL (state averaged)

 Valence orbitals related to previous ones by unitary transformation. Operators transformed.


 Number of p-space configurations:   5

 Reference wavefunction optimized for reference space (refopt=1)

 State     Reference Energy 
     1       -54.76907471
     2       -54.47351878
     3       -54.34657942
     4       -54.31410380
     5       -53.90976209

 Number of blocks in overlap matrix:    13   Smallest eigenvalue:  0.54D-06
 Number of N-2 electron functions:      60
 Number of N-1 electron functions:      96

 Number of internal configurations:                   12
 Number of singly external configurations:          4953
 Number of doubly external configurations:        311592
 Total number of contracted configurations:       316557
 Total number of uncontracted configurations:     529947

 Diagonal Coupling coefficients finished.               Storage:    8081 words, CPU-Time:      0.00 seconds.
 Energy denominators for pairs finished in 1 passes.    Storage:  127229 words, CPU-time:      0.00 seconds.

  ITER. STATE  ROOT     SQ.NORM     CORR.ENERGY   TOTAL ENERGY   ENERGY CHANGE       DEN1      VAR(S)    VAR(P)      TIME
    1     1     1     1.00000000     0.00000000   -54.76907471     0.00000000    -0.21714554  0.70D-01  0.20D-01     0.15
    1     2     2     1.00000000     0.00000000   -54.47351878     0.00000000    -0.11955604  0.22D-01  0.12D-01     0.15
    1     3     3     1.00000000     0.00000000   -54.34657942     0.00000000    -0.14169032  0.26D-01  0.15D-01     0.15
    2     1     1     1.06872123    -0.19010724   -54.95918195    -0.19010724    -0.00873453  0.17D-02  0.11D-02     1.31
    2     2     2     1.03581391    -0.12417716   -54.59769595    -0.12417716    -0.00204180  0.32D-03  0.29D-03     1.31
    2     3     3     1.04085492    -0.14231141   -54.48889083    -0.14231141    -0.00289686  0.56D-03  0.39D-03     1.31
    3     1     1     1.06800431    -0.19950874   -54.96858345    -0.00940150    -0.00047977  0.51D-04  0.73D-04     2.47
    3     2     2     1.03711675    -0.12660822   -54.60012701    -0.00243106    -0.00015301  0.23D-04  0.28D-04     2.47
    3     3     3     1.04430162    -0.14564371   -54.49222313    -0.00333230    -0.00025941  0.25D-03  0.34D-04     2.47
    4     1     1     1.06978243    -0.20014969   -54.96922440    -0.00064095    -0.00004446  0.40D-05  0.71D-05     3.64
    4     2     2     1.03808416    -0.12684126   -54.60036004    -0.00023303    -0.00002844  0.52D-05  0.49D-05     3.64
    4     3     3     1.05079921    -0.14612154   -54.49270096    -0.00047783    -0.00010783  0.98D-04  0.13D-04     3.64
    5     1     1     1.07039386    -0.20021184   -54.96928655    -0.00006215    -0.00000493  0.49D-06  0.79D-06     4.84
    5     2     2     1.03812770    -0.12688090   -54.60039969    -0.00003965    -0.00000585  0.85D-06  0.11D-05     4.84
    5     3     3     1.05835909    -0.14636771   -54.49294713    -0.00024617    -0.00007515  0.62D-04  0.86D-05     4.84
    6     1     1     1.07033484    -0.20021861   -54.96929332    -0.00000677    -0.00000073  0.57D-07  0.11D-06     6.02
    6     2     2     1.03809706    -0.12688829   -54.60040708    -0.00000739    -0.00000126  0.22D-06  0.24D-06     6.02
    6     3     3     1.06336075    -0.14650321   -54.49308263    -0.00013549    -0.00004718  0.52D-04  0.46D-05     6.02
    7     1     1     1.07035718    -0.20021955   -54.96929426    -0.00000094    -0.00000011  0.88D-08  0.17D-07     7.20
    7     2     2     1.03812810    -0.12688977   -54.60040856    -0.00000148    -0.00000028  0.67D-07  0.48D-07     7.20
    7     3     3     1.06785685    -0.14657566   -54.49315508    -0.00007246    -0.00002513  0.19D-04  0.27D-05     7.20
    8     1     1     1.07036554    -0.20021969   -54.96929441    -0.00000014    -0.00000002  0.18D-08  0.31D-08     8.38
    8     2     2     1.03813892    -0.12689014   -54.60040893    -0.00000037    -0.00000007  0.15D-07  0.14D-07     8.38
    8     3     3     1.07147447    -0.14661855   -54.49319797    -0.00004288    -0.00001696  0.16D-04  0.18D-05     8.38
    9     1     1     1.07036608    -0.20021969   -54.96929441    -0.00000000    -0.00000002  0.18D-08  0.31D-08     9.30
    9     2     2     1.03814648    -0.12689024   -54.60040902    -0.00000009    -0.00000002  0.40D-08  0.44D-08     9.30
    9     3     3     1.08568766    -0.14668103   -54.49326045    -0.00006248    -0.00001131  0.20D-05  0.19D-05     9.30
   10     1     1     1.07036608    -0.20021969   -54.96929441    -0.00000000    -0.00000002  0.18D-08  0.31D-08     9.97
   10     2     2     1.03814648    -0.12689024   -54.60040902    -0.00000000    -0.00000002  0.40D-08  0.44D-08     9.97
   10     3     3     1.08687279    -0.14669354   -54.49327296    -0.00001251    -0.00000140  0.81D-06  0.21D-06     9.97
   11     1     1     1.07036608    -0.20021969   -54.96929441    -0.00000000    -0.00000002  0.18D-08  0.31D-08    10.64
   11     2     2     1.03814648    -0.12689024   -54.60040902    -0.00000000    -0.00000002  0.40D-08  0.44D-08    10.64
   11     3     3     1.08868396    -0.14669628   -54.49327570    -0.00000275    -0.00000054  0.19D-06  0.10D-06    10.64
   12     1     1     1.07036608    -0.20021969   -54.96929441    -0.00000000    -0.00000002  0.18D-08  0.31D-08    11.29
   12     2     2     1.03814648    -0.12689024   -54.60040902    -0.00000000    -0.00000002  0.40D-08  0.44D-08    11.29
   12     3     3     1.08997988    -0.14669709   -54.49327651    -0.00000081    -0.00000015  0.29D-07  0.35D-07    11.29
   13     1     1     1.07036608    -0.20021969   -54.96929441    -0.00000000    -0.00000002  0.18D-08  0.31D-08    11.96
   13     2     2     1.03814648    -0.12689024   -54.60040902    -0.00000000    -0.00000002  0.40D-08  0.44D-08    11.96
   13     3     3     1.09011176    -0.14669726   -54.49327668    -0.00000016    -0.00000002  0.10D-07  0.48D-08    11.96
   14     1     1     1.07036608    -0.20021969   -54.96929441    -0.00000000    -0.00000002  0.18D-08  0.31D-08    12.62
   14     2     2     1.03814648    -0.12689024   -54.60040902    -0.00000000    -0.00000002  0.40D-08  0.44D-08    12.62
   14     3     3     1.09028695    -0.14669729   -54.49327671    -0.00000004    -0.00000001  0.41D-08  0.21D-08    12.62


 =====================================
 Analysis of CPU times by interactions
 =====================================

       I      S      P

 I   0.0%
 S   0.0%   0.2%
 P   0.5%   0.9%  28.2%

 Initialization:   1.1%
 Other:           69.2%

 Total CPU:       12.6 seconds
 =====================================



 gnormi=  0.93425980  gnorms=  0.04303914  gnormp=  0.02270106  gnorm=  1.00000000
 ecorri= -0.18705721  ecorrs= -0.00861415  ecorrp= -0.00454833  ecorr= -0.20021969

 gnormi=  0.96325520  gnorms=  0.02163260  gnormp=  0.01511220  gnorm=  1.00000000
 ecorri= -0.12222768  ecorrs= -0.00274460  ecorrp= -0.00191795  ecorr= -0.12689024

 gnormi=  0.91718974  gnorms=  0.06507842  gnormp=  0.01773184  gnorm=  1.00000000
 ecorri= -0.13454925  ecorrs= -0.00954711  ecorrp= -0.00260093  ecorr= -0.14669729

 Reference coefficients greater than 0.0500000
 =============================================
 220//           0.9653232   0.0332681   0.0000000
 2/\//          -0.0335156   0.7999461   0.0000016
 2///\           0.0096955  -0.3245717   0.7817886
 2//\/           0.0137113  -0.4590136  -0.5528055
 /2\//           0.0262974  -0.0596900   0.0000002

 Coefficients of singly external configurations greater than 0.0500000
 =====================================================================

 220/0   2.3     0.0329610   0.0141040  -0.1322689
 2200/   2.2    -0.0329607  -0.0141049  -0.1322615
 2/0/\  11.1     0.0527903   0.0051699   0.0000008

 Coefficients of fixed reference functions:
 ==========================================

 State      Coefficients
 1           0.966045    0.028733    0.000000
 2          -0.035651    0.980713   -0.000000
 3           0.000000    0.000000    0.957696

 Coefficients of rotated reference functions:
 ============================================

 State      Coefficients
 1           0.966467   -0.003215    0.000000
 2          -0.003215    0.981356    0.000000
 3           0.000000    0.000000    0.957696


 RESULTS FOR STATE 1.4
 =====================

 Coefficient of reference function:   C(0) = 0.96604465 (fixed)   0.96657116 (relaxed)   0.96646651 (rotated)

 Energy contributions of configuration classes

 CLASS          SQ.NORM        ECORR1        ECORR2
 +++++++++++++++++++++++++++++++++++++++++++++++++++
 Internals    0.00021657   -0.00003248   -0.11314262
 Singles      0.04607761   -0.07913276   -0.08252870
 Pairs        0.02430371   -0.00000004   -0.00454837
 Total        1.07059789   -0.07916528   -0.20021969
 +++++++++++++++++++++++++++++++++++++++++++++++++++


 Reference energy                     -54.76875179
 Nuclear energy                         5.29177211
 Kinetic energy                        56.17005812
 One electron energy                  -84.36008367
 Two electron energy                   24.09901716
 Virial quotient                       -0.97862271
 Correlation energy                    -0.20054261
 !MRCI STATE 1.4 Energy               -54.969294407881

 Properties without orbital relaxation:

 !MRCI STATE 1.4 Dipole moment          0.00000000     0.00000000     0.66120266
 Dipole moment /Debye                   0.00000000     0.00000000     1.68060953

 Cluster corrected energies           -54.98345229 (Davidson, fixed reference)
 Cluster corrected energies           -54.98340581 (Davidson, relaxed reference)
 Cluster corrected energies           -54.98345229 (Davidson, rotated reference)

 Cluster corrected energies           -54.97636455 (Pople, fixed reference)
 Cluster corrected energies           -54.97634139 (Pople, relaxed reference)
 Cluster corrected energies           -54.97636455 (Pople, rotated reference)



 RESULTS FOR STATE 2.4
 =====================

 Coefficient of reference function:   C(0) = 0.98071321 (fixed)   0.98145566 (relaxed)   0.98135572 (rotated)

 Energy contributions of configuration classes

 CLASS          SQ.NORM        ECORR1        ECORR2
 +++++++++++++++++++++++++++++++++++++++++++++++++++
 Internals    0.00020369   -0.00003198   -0.07825745
 Singles      0.02246238   -0.04565684   -0.04671484
 Pairs        0.01569187    0.00000000   -0.00191795
 Total        1.03835794   -0.04568883   -0.12689024
 +++++++++++++++++++++++++++++++++++++++++++++++++++


 Reference energy                     -54.47384170
 Nuclear energy                         5.29177211
 Kinetic energy                        55.72196083
 One electron energy                  -81.78608760
 Two electron energy                   21.89390647
 Virial quotient                       -0.97987236
 Correlation energy                    -0.12656732
 !MRCI STATE 2.4 Energy               -54.600409018603

 Properties without orbital relaxation:

 !MRCI STATE 2.4 Dipole moment          0.00000000     0.00000000    -1.47576870
 Dipole moment /Debye                   0.00000000     0.00000000    -3.75102990

 Cluster corrected energies           -54.60526388 (Davidson, fixed reference)
 Cluster corrected energies           -54.60523712 (Davidson, relaxed reference)
 Cluster corrected energies           -54.60526388 (Davidson, rotated reference)

 Cluster corrected energies           -54.60283556 (Pople, fixed reference)
 Cluster corrected energies           -54.60282219 (Pople, relaxed reference)
 Cluster corrected energies           -54.60283556 (Pople, rotated reference)



 RESULTS FOR STATE 3.4
 =====================

 Coefficient of reference function:   C(0) = 0.95769568 (fixed)   0.95770023 (relaxed)   0.95769568 (rotated)

 Energy contributions of configuration classes

 CLASS          SQ.NORM        ECORR1        ECORR2
 +++++++++++++++++++++++++++++++++++++++++++++++++++
 Internals    0.00000952    0.00000000   -0.00000128
 Singles      0.07095483   -0.05610131   -0.06100216
 Pairs        0.01933297   -0.09059599   -0.08569385
 Total        1.09029733   -0.14669729   -0.14669729
 +++++++++++++++++++++++++++++++++++++++++++++++++++


 Reference energy                     -54.34657942
 Nuclear energy                         5.29177211
 Kinetic energy                        55.62422915
 One electron energy                  -81.67516850
 Two electron energy                   21.89011968
 Virial quotient                       -0.97966799
 Correlation energy                    -0.14669729
 !MRCI STATE 3.4 Energy               -54.493276712787

 Properties without orbital relaxation:

 !MRCI STATE 3.4 Dipole moment          0.00000000     0.00000000    -1.13499664
 Dipole moment /Debye                   0.00000000     0.00000000    -2.88487370

 Cluster corrected energies           -54.50652309 (Davidson, fixed reference)
 Cluster corrected energies           -54.50652156 (Davidson, relaxed reference)
 Cluster corrected energies           -54.50652309 (Davidson, rotated reference)

 Cluster corrected energies           -54.49988645 (Pople, fixed reference)
 Cluster corrected energies           -54.49988570 (Pople, relaxed reference)
 Cluster corrected energies           -54.49988645 (Pople, rotated reference)


 !MRCI trans          <2.4|DMZ|1.4>    -0.286037348597 au =    -0.727034421999 Debye

 !MRCI trans          <3.4|DMZ|1.4>     0.000001019457 au =     0.000002591201 Debye

 !MRCI trans          <3.4|DMZ|2.4>    -0.000016561632 au =    -0.000042095470 Debye


 **********************************************************************************************************************************
 DATASETS  * FILE   NREC   LENGTH (MB)   RECORD NAMES
              1      21      262.75       500      700      610      701      900      950      970     1000      129      960   
                                          VAR     GEOM    BASINP    GEOM    SYMINP    ZMAT    AOBASIS   BASIS     P2S    ABASIS    
                                         1100     1400     1410     1200     1210     1080     1600     1650     1300     1700   
                                           S        T        V       H0       H01     AOSYM     SMH    MOLCAS    ERIS     OPER   
                                         1380   
                                         JKOP   

              2       8       17.69       500      610      700     1000      520     2100     2140      701   
                                          VAR    BASINP    GEOM     BASIS   MCVARS     RHF     MCSCF    GEOM   

 PROGRAMS   *        TOTAL        CI     MULTI       INT        CI     MULTI       INT        CI     MULTI       INT        CI
 CPU TIMES  *       463.25     12.68      1.24      8.44     12.57      1.22      8.45     12.54      1.20      8.45     13.59
 REAL TIME  *       495.31 SEC
 DISK USED  *       795.46 MB
 **********************************************************************************************************************************
 SETTING E1(22)         =       -54.96929441  AU                              
 SETTING E2(22)         =       -54.60040902  AU                              
 SETTING E3(22)         =       -54.49327671  AU                              


      R        E1             E2             E3
    1.00   -55.14749951   -54.80243617   -54.71675358
    0.99   -55.14681491   -54.80084464   -54.71365333
    0.98   -55.14594905   -54.79908516   -54.71047010
    0.97   -55.14488964   -54.79714406   -54.70718737
    0.96   -55.14362362   -54.79500734   -54.70378781
    0.95   -55.14213719   -54.79266029   -54.70025328
    0.94   -55.14041570   -54.79008759   -54.69656474
    0.93   -55.13844364   -54.78727318   -54.69270241
    0.92   -55.13620459   -54.78420017   -54.68864564
    0.91   -55.13368112   -54.78085077   -54.68437293
    0.90   -55.13085478   -54.77720618   -54.67986184
    0.88   -55.12421401   -54.76895085   -54.67002992
    0.86   -55.11611099   -54.75926075   -54.65894986
    0.85   -55.11145178   -54.75381765   -54.65287409
    0.84   -55.10635198   -54.74793348   -54.64637929
    0.82   -55.09472125   -54.73476433   -54.63212534
    0.80   -55.08097266   -54.71950366   -54.61591281
    0.78   -55.06482683   -54.70185674   -54.59740458
    0.76   -55.04596930   -54.68151161   -54.57628733
    0.74   -55.02404220   -54.65810615   -54.55218550
    0.72   -54.99863850   -54.63122846   -54.52467529
    0.70   -54.96929441   -54.60040902   -54.49327671
                                                  

 CI/aug-cc-pV5Z energy=    -54.493276712787

              CI           MULTI              CI           MULTI              CI           MULTI              CI           MULTI
    -54.49327671    -54.31410380    -54.52467529    -54.34681772    -54.55218550    -54.37562746    -54.57628733    -54.40100811
 **********************************************************************************************************************************
 Molpro calculation terminated
