
 Primary working directories    : /home/molpro/scratch
 Secondary working directories  : /home/molpro/scratch
 Wavefunction directory         : /home/molpro/wfu/
 Main file repository           : /home/molpro/scratch/

 SHA1      : 8d3a41adb92b80e39ab26644dc94a939cd644703
 NAME      : 2015.1.16
 ARCHNAME  : linux/x86_64
 FC        : /opt/intel/composer_xe_2015.1.133/bin/intel64/ifort
 BLASLIB   : -Wl,-_start-group /opt/intel/mkl/lib/intel64/libmkl_intel_ilp64.a /opt/intel/mkl/lib/intel64/libmkl_intel_thread.a /opt/intel/mkl/lib/intel64/libmkl_core.a -Wl,-_end-group
 id        : gskim

 Nodes     nprocs
 node0        1

 Using customized tuning parameters: mindgm=1; mindgv=20; mindgc=4; mindgr=1; noblas=0; minvec=7
 default implementation of scratch files=df  

 ***,spin orbit coupling calculation of O2 from X3sig(g)- to b1sig(g)+
 file,2,o2qm-1sigp-141sob2.wfu
 memory,2500,M
 gexpec,qm
 geometry={angstrom;
 O
 O,O,r(i)}
 basis=av5z
 r=[0.94,0.93,0.92,0.91,0.9]
 do i=1,#r
 int;
 
 Text, spin orbit coupling calculation of O2 from X3sig(g)- to b1sig(g)+
 
 {multi;occ,3,2,2,0,3,2,2,0;closed,2,0,0,0,0,0,0,0;start,2140.2;orbital,2140.2;natorb,,ci;wf,16,1,0;state,3;wf,16,4,2;state,2;maxiter,40;}
 {ci;occ,3,2,2,0,3,2,2,0;core,2,0,0,0,0,0,0;wf,16,4,2;state,1;orbital,2140.2;maxiter,250;option,maxiti=250;option,nstati=2;save,5200.2;}
 {ci;occ,3,2,2,0,3,2,2,0;core,2,0,0,0,0,0,0;wf,16,1,0;state,2;orbital,2140.2;maxiter,250;option,maxiti=250;option,nstati=3;save,6200.2;}
 
 {ci;hlsmat,ls,5200.2,6200.2;options,matel=1;PRINT}
 
 enddo
 

 Variables initialized (889), CPU time= 0.00 sec
 Commands  initialized (702), CPU time= 0.01 sec, 572 directives.
 Default parameters read. Elapsed time= 0.04 sec

 Checking input...
 Passed
1


                                         ***  PROGRAM SYSTEM MOLPRO  ***
                                       Copyright, TTI GmbH Stuttgart, 2015
                                    Version 2015.1 linked Feb  1 2017 15:13:54


 **********************************************************************************************************************************
 LABEL *   spin orbit coupling calculation of O2 from X3sig(g)- to b1sig(g)+             
  64 bit serial version                                                                  DATE: 05-Aug-21          TIME: 12:02:46  
 **********************************************************************************************************************************

 SHA1:             8d3a41adb92b80e39ab26644dc94a939cd644703
 **********************************************************************************************************************************

 Variable memory set to    8000000 words,  buffer space   230000 words



 Permanent file  2  o2qm-1sigp-141sob2.wfu           assigned.  Implementation=df    Size=  0.46 GB
 

 PROGRAM * RESTART 


 Reading variables from file 2

 _NUMVAR         =    911.00000000
 _DKROLL_DONE    =      0.00000000
 _FOCKDONE       =      0.00000000
 _INTDONE        =      1.00000000
 _DIRECT         =      0.00000000
 _DKHO           =     -1.00000000
 _BASIS          =    AV5Z
 _NELEC          =     16.00000000
 _PROGRAM        =    CI
 _CPUSTEP        =    212.89000000
 _SYSSTEP        =      7.98000000
 _WALLSTEP       =    229.04000000
 _BASINP         =    610.00000000
 _CPUTOT         =      0.69000971D+06 SEC
 _DFTEXFAC       =      1.00000000
 _DMX_SCF        =      0.00000000
 _DMY_SCF        =      0.00000000
 _DMZ_SCF        =      0.00000000
 _EHOMO          =     -0.53610000
 _ELUMO          =     -0.05126813
 _EIGS(1:254)    =    -20.77019452    -1.51270977    -0.68304563     0.10336438     0.14815114     0.36611799
                        0.42408260     0.54857054     0.80435166     1.03434204     1.19524935     1.21243233
                        1.44586543     2.14978731     2.46567428     2.66441004     2.79709381     2.99511027
                        3.04993653     3.20929850     3.30085259     4.00272193     5.82095766     6.19230351
                        6.30748643     6.56917560     6.95762359     7.25019486     7.32570812     7.80038920
                        7.84579117     8.34051867     8.98401755    12.64723158    16.05183512    16.05507814
                       16.43867044    16.78075093    18.92490378    18.95497755    19.22950547    19.34995197
                       19.75507472    21.91552027    23.48039372    62.75991052    -0.57483260     0.10515896
                        0.46157988     0.50985596     0.90644615     1.15407333     1.34866491     1.61280690
                        2.51664289     2.76286698     2.81010941     2.90373268     4.05809240     5.02196706
                        5.99652556     6.04900905     6.46570994     7.01417090     7.04127107     7.30693895
                        8.43069815     9.70385382    15.60357287    16.10861875    16.18922710    16.25568640
                       18.89657860    19.05986707    19.13927360    20.17425416    22.11805439    -0.71676571
                        0.10655594     0.46363519     0.50883416     0.90644888     1.16293471     1.35678763
                        1.61002404     2.51664989     2.78651592     2.81019020     2.92392663     4.08051892
                        5.05374841     5.99653588     6.04900924     6.50170772     7.02147020     7.06950560
                        7.30696362     8.46999469     9.74659767    15.65199240    16.10862907    16.22984079
                       16.26481659    18.89693762    19.05996210    19.19682678    20.23422282    22.16822836
                        0.36652893     1.03371764     1.20062578     2.46567421     2.66422128     3.04871832
                        3.30014450     5.82095771     6.30857743     6.95762372     7.25124414     7.84458302
                        8.33991560    16.05320587    16.43571113    18.92676897    18.95586474    19.23252882
                       21.91559158   -20.76967600    -1.16777561     0.06656502     0.19279403     0.28444784
                        0.48883687     0.50985578     0.58734339     1.16358492     1.17827162     1.30255840
                        1.52308967     1.54935851     2.46314950     2.76937620     2.89497785     2.94298546
                        3.34121153     3.52481552     3.88543622     4.16578229     5.09712191     6.31152481
                        6.72700735     7.03048683     7.10469207     7.12776079     7.97183602     8.10604813
                        8.43072295     8.53810572     9.63028768    11.17889771    12.25269154    16.35669865
                       16.91674709    17.19369129    17.81766131    19.02929512    19.31943783    19.50025789
                       19.70530227    21.53485179    22.16810464    25.10054861    63.14054982    -0.05126813
                        0.14360368     0.49274307     0.60411173     1.11265181     1.22667920     1.52897512
                        2.27671632     2.91909792     2.96227567     3.27182786     3.36695747     4.95724967
                        5.07188676     6.25313315     7.11471507     7.21832977     7.41655906     7.54257940
                        7.84263341     8.71570627    11.09800374    16.00557253    16.19318986    16.65332837
                       17.26242580    19.13615138    19.19765744    19.26166989    20.65548114    23.88957694
                       -0.53610000     0.14171945     0.48705438     0.60294678     1.11265787     1.23605304
                        1.52560018     2.29084788     2.91929488     2.98115954     3.27185457     3.38434458
                        4.98519786     5.10194741     6.25313315     7.14988916     7.21853982     7.41659655
                        7.58270881     7.84266975     8.76034504    11.14125030    16.05364583    16.19318988
                       16.65339054    17.31520585    19.13632545    19.20200148    19.31787582    20.71200707
                       23.94044640     0.48951297     1.16810165     1.54560592     2.76937614     2.89683134
                        3.34209024     4.16433518     6.72700744     7.03466811     7.10479789     7.97317776
                        8.10647192     9.62982551    16.35669982    16.92060870    19.02929888    19.49700593
                       19.70236140    22.16759775
 _ENERGD0(1:2)   =   -149.87484987  -149.84521851
 _ENERGD1(1:2)   =   -149.89595519  -149.86770905
 _ENERGD2(1:2)   =   -149.87502894  -149.84548045
 _ENERGD3(1:2)   =   -149.87496300  -149.84510061
 _ENERGD4(1:2)   =   -149.87514356  -149.84536041
 _ENERGP0(1:2)   =   -149.87295167  -149.84321404
 _ENERGP1(1:2)   =   -149.89261175  -149.86426409
 _ENERGP2(1:2)   =   -149.87311058  -149.84344714
 _ENERGP3(1:2)   =   -149.87304895  -149.84311253
 _ENERGP4(1:2)   =   -149.87320918  -149.84334372
 _ENERGRR(1:2)   =   -149.56952774  -149.53759876
 _ENERGY(1:5)    =   -149.89995655  -149.86130022  -149.83078547  -149.89994958  -149.89994958
 _ENERGY_METHOD  =    CI
 _ENERGY_BASIS   =    aug-cc-pV5Z
 _GEOMETRY_METHOD=     
 _GEOMETRY_BASIS =     
 _ENUC           =     36.02908670
 _GRADEXFAC      =   9999.00000000
 _LASTNELEC      =     12.00000000
 _LASTSPIN       =      2.00000000
 _LASTSYM        =      1.00000000
 _ORBITAL        =   2140.20000000
 _ROOT(1:2)      =      1.00000000     2.00000000
 _SEIG_MIN       =      0.00000677
 _SEWPROP        =      1.00000000
 _STATUS         =      1.00000000
 _SYSTOT         =   7101.98000000
 _WALLTOT        =      0.69976926D+06 SEC
 _DATE           =    27-Jul-21
 _LASTORB        =    MCSCF
 _OUTPUT         =    /home/molpro/dir-1/o2qm-1sigp141.xml
 _PGROUP         =    D2h 
 _TIME           =    15:48:58
 _C0(1:2)        =      0.95526799     0.95346949
 _C0R(1:2)       =      0.95470361     0.95266461
 _DMX_CC(1:5)    =      0.00000000     0.00000000     0.00000000     0.00000000     0.00000000
 _DMY_CC(1:5)    =      0.00000000     0.00000000     0.00000000     0.00000000     0.00000000
 _DMZ_CC(1:5)    =      0.00000000     0.00000000     0.00000000     0.00000000     0.00000000
 _DMX_NUC(1:5)   =      0.00000000     0.00000000     0.00000000     0.00000000     0.00000000
 _DMY_NUC(1:5)   =      0.00000000     0.00000000     0.00000000     0.00000000     0.00000000
 _DMZ_NUC(1:5)   =      0.00000000     0.00000000     0.00000000     0.00000000     0.00000000
 R(1:125)        =      1.41000000     1.40900000     1.40800000     1.40700000     1.40600000     1.40500000
                        1.40400000     1.40300000     1.40200000     1.40100000     1.40000000     1.39900000
                        1.39800000     1.39700000     1.39600000     1.39500000     1.39400000     1.39300000
                        1.39200000     1.39100000     1.39000000     1.38900000     1.38800000     1.38700000
                        1.38600000     1.38500000     1.38400000     1.38300000     1.38200000     1.38100000
                        1.38000000     1.37900000     1.37800000     1.37700000     1.37600000     1.37500000
                        1.37400000     1.37500000     1.37400000     1.37300000     1.37200000     1.37100000
                        1.37000000     1.36800000     1.36600000     1.36500000     1.36400000     1.36200000
                        1.36000000     1.35800000     1.35600000     1.35500000     1.35300000     1.35200000
                        1.35100000     1.35000000     1.34800000     1.34600000     1.34500000     1.34400000
                        1.34200000     1.34000000     1.33800000     1.33600000     1.33500000     1.33300000
                        1.33100000     1.33000000     1.32700000     1.32500000     1.32200000     1.32000000
                        1.31800000     1.31600000     1.31500000     1.31400000     1.31200000     1.31000000
                        1.30800000     1.30600000     1.30500000     1.30400000     1.30300000     1.30200000
                        1.30100000     1.30000000     1.29800000     1.29500000     1.29300000     1.29000000
                        1.28000000     1.27000000     1.26000000     1.25000000     1.24000000     1.23000000
                        1.22000000     1.21000000     1.20000000     1.19000000     1.18000000     1.17000000
                        1.16000000     1.15000000     1.14000000     1.13000000     1.12000000     1.11000000
                        1.10000000     1.09000000     1.08000000     1.07000000     1.06000000     1.05000000
                        1.04000000     1.03000000     1.02000000     1.01000000     1.00000000     0.99000000
                        0.98000000     0.97000000     0.96000000     0.95000000     0.94000000
 I               =    125.00000000
 _TRLSZ1(1:2)    =     -0.00003961    -0.00069217
 _TRLSZ(1:2)     =     -0.00003922    -0.00069220

 Geometry written to block  1 of record 701


 **********************************************************************************************************************************
 DATASETS  * FILE   NREC   LENGTH (MB)   RECORD NAMES
              2      11      494.26       500      610      700     1000      520     2100     2140      701     2140(1)  5200   
                                          VAR    BASINP    GEOM     BASIS   MCVARS     RHF     MCSCF    GEOM     MCSCF    MRCI   
                                         6200   
                                         MRCI   

 PROGRAMS   *        TOTAL   RESTART
 CPU TIMES  *         0.28      0.20
 REAL TIME  *         0.60 SEC
 DISK USED  *         0.03 MB      
 **********************************************************************************************************************************

 Variable memory set to 2500000000 words,  buffer space   230000 words

 SETTING BASIS          =    AV5Z
 SETTING R(1)           =         0.94000000                                  
 SETTING R(2)           =         0.93000000                                  
 SETTING R(3)           =         0.92000000                                  
 SETTING R(4)           =         0.91000000                                  
 SETTING R(5)           =         0.90000000                                  

 DO I                   =         1.00000000   


 Using spherical harmonics

 Library entry O      S aug-cc-pV5Z          selected for orbital group  1
 Library entry O      P aug-cc-pV5Z          selected for orbital group  1
 Library entry O      D aug-cc-pV5Z          selected for orbital group  1
 Library entry O      F aug-cc-pV5Z          selected for orbital group  1
 Library entry O      G aug-cc-pV5Z          selected for orbital group  1
 Library entry O      H aug-cc-pV5Z          selected for orbital group  1


 PROGRAM * SEWARD (Integral evaluation for generally contracted gaussian basis sets)     Author: Roland Lindh, 1990

 Geometry written to block  1 of record 701

 Orientation using atomic masses  
 Molecule type: Linear
 Symmetry elements: X,Y,Z
 Rotational constants:      71.4969938     71.4969938      0.0000000 GHz  (calculated with average atomic masses)

 Point group  D2h 



 ATOMIC COORDINATES

 NR  ATOM    CHARGE       X              Y              Z

   1  O       8.00    0.000000000    0.000000000   -0.888171279
   2  O       8.00    0.000000000    0.000000000    0.888171279

 Bond lengths in Bohr (Angstrom)

 1-2  1.776342557
     ( 0.940000000)

 NUCLEAR CHARGE:                   16
 NUMBER OF PRIMITIVE AOS:         398
 NUMBER OF SYMMETRY AOS:          288
 NUMBER OF CONTRACTIONS:          254   (  46Ag  +  31B3u +  31B2u +  19B1g +  46B1u +  31B2g +  31B3g +  19Au  )
 NUMBER OF CORE ORBITALS:           2   (   1Ag  +   0B3u +   0B2u +   0B1g +   1B1u +   0B2g +   0B3g +   0Au  )
 NUMBER OF VALENCE ORBITALS:        8   (   2Ag  +   1B3u +   1B2u +   0B1g +   2B1u +   1B2g +   1B3g +   0Au  )


 NUCLEAR REPULSION ENERGY   36.02908670

 EXTRA SYMMETRY OF AOS IN SYMMETRY 1:   1 1 1 1 1 1 1 1 1 1   1 1 1 1 2 1 2 1 2 1   2 1 2 1 2 1 2 1 2 1   2 1 3 2 1 3 2 1 3 2
                                        2 3 1 2 3 1
 EXTRA SYMMETRY OF AOS IN SYMMETRY 2:   1 1 1 1 1 1 1 1 1 1   1 1 2 1 2 1 2 1 2 1   2 1 2 1 2 1 2 3 1 2   3
 EXTRA SYMMETRY OF AOS IN SYMMETRY 3:   1 1 1 1 1 1 1 1 1 1   1 1 2 1 2 1 2 1 2 1   2 1 2 1 2 1 2 3 1 2   3
 EXTRA SYMMETRY OF AOS IN SYMMETRY 4:   1 1 1 1 1 1 1 1 1 1   2 1 2 1 2 2 1 2 1
 EXTRA SYMMETRY OF AOS IN SYMMETRY 5:   1 1 1 1 1 1 1 1 1 1   1 1 1 1 2 1 2 1 2 1   2 1 2 1 2 1 2 1 2 1   2 1 3 2 1 3 2 1 3 2
                                        2 3 1 2 3 1
 EXTRA SYMMETRY OF AOS IN SYMMETRY 6:   1 1 1 1 1 1 1 1 1 1   1 1 2 1 2 1 2 1 2 1   2 1 2 1 2 1 2 3 1 2   3
 EXTRA SYMMETRY OF AOS IN SYMMETRY 7:   1 1 1 1 1 1 1 1 1 1   1 1 2 1 2 1 2 1 2 1   2 1 2 1 2 1 2 3 1 2   3
 EXTRA SYMMETRY OF AOS IN SYMMETRY 8:   1 1 1 1 1 1 1 1 1 1   2 1 2 1 2 2 1 2 1

 Eigenvalues of metric

         1 0.925E-04 0.273E-03 0.674E-03 0.183E-02 0.588E-02 0.255E-01 0.261E-01 0.288E-01
         2 0.982E-03 0.487E-02 0.103E-01 0.419E-01 0.581E-01 0.153E+00 0.155E+00 0.167E+00
         3 0.982E-03 0.487E-02 0.103E-01 0.419E-01 0.581E-01 0.153E+00 0.155E+00 0.167E+00
         4 0.261E-01 0.856E-01 0.935E-01 0.223E+00 0.294E+00 0.323E+00 0.461E+00 0.475E+00
         5 0.677E-05 0.612E-04 0.221E-03 0.585E-03 0.773E-03 0.904E-03 0.179E-02 0.486E-02
         6 0.328E-04 0.207E-03 0.127E-02 0.548E-02 0.143E-01 0.236E-01 0.285E-01 0.554E-01
         7 0.328E-04 0.207E-03 0.127E-02 0.548E-02 0.143E-01 0.236E-01 0.285E-01 0.554E-01
         8 0.773E-03 0.689E-02 0.263E-01 0.642E-01 0.165E+00 0.166E+00 0.203E+00 0.204E+00


 Contracted 2-electron integrals neglected if value below      1.0D-12
 AO integral compression algorithm  1   Integral accuracy      1.0D-12

     468.451 MB (compressed) written to integral file ( 51.3%)


 NUMBER OF SORTED TWO-ELECTRON INTEGRALS:   66838400.     BUFFER LENGTH:  32768
 NUMBER OF SEGMENTS:   5  SEGMENT LENGTH:   15999177      RECORD LENGTH: 524288

 Memory used in sort:      16.56 MW

 SORT1 READ   114264352. AND WROTE    47776529. INTEGRALS IN    139 RECORDS. CPU TIME:     2.95 SEC, REAL TIME:     3.39 SEC
 SORT2 READ    47776529. AND WROTE    66838400. INTEGRALS IN   1787 RECORDS. CPU TIME:     1.16 SEC, REAL TIME:     1.42 SEC

 FILE SIZES:   FILE 1:   489.0 MBYTE,  FILE 4:   583.0 MBYTE,   TOTAL:   1072.1 MBYTE

 OPERATOR DM      FOR CENTER  0  COORDINATES:    0.000000    0.000000    0.000000
 OPERATOR QM      FOR CENTER  0  COORDINATES:    0.000000    0.000000    0.000000


 **********************************************************************************************************************************
 DATASETS  * FILE   NREC   LENGTH (MB)   RECORD NAMES
              1      19      308.83       500      701      610      900      950      970     1000      129      960     1100   
                                          VAR     GEOM    BASINP   SYMINP    ZMAT    AOBASIS   BASIS     P2S    ABASIS      S 
                                         1400     1410     1200     1210     1080     1600     1650     1300     1700   
                                           T        V       H0       H01     AOSYM     SMH    MOLCAS    ERIS     OPER   

              2      11      494.26       500      610      700     1000      520     2100     2140      701     2140(1)  5200   
                                          VAR    BASINP    GEOM     BASIS   MCVARS     RHF     MCSCF    GEOM     MCSCF    MRCI   
                                         6200   
                                         MRCI   

 PROGRAMS   *        TOTAL       INT   RESTART
 CPU TIMES  *        25.16     24.88      0.20
 REAL TIME  *        38.80 SEC
 DISK USED  *         1.57 GB      
 **********************************************************************************************************************************


 PROGRAM * MULTI (Direct Multiconfiguration SCF)       Authors: P.J. Knowles, H.-J. Werner (1984)     S.T. Elbert (1988)


 Number of closed-shell orbitals:   2 (   2   0   0   0   0   0   0   0 )
 Number of active  orbitals:       12 (   1   2   2   0   3   2   2   0 )
 Number of external orbitals:     240 (  43  29  29  19  43  29  29  19 )

 State symmetry 1

 Number of electrons:    12    Spin symmetry=Singlet   Space symmetry=1
 Number of states:        3
 Number of CSFs:      28784   (107016 determinants, 853776 intermediate states)

 State symmetry 2

 Number of electrons:    12    Spin symmetry=Triplet   Space symmetry=4
 Number of states:        2
 Number of CSFs:      47808   (78400 determinants, 627264 intermediate states)

 Iteration controls:
             1  2  3  4  5  6  7  8  9 10 11 12 13 14 15 16 17 18 19 20 21 22 23 24 25 26 27 28 29 30 31 32 33 34 35 36 37 38 39
 DIAGCI      T  T  T  T  T  T  T  T  T  T  T  T  T  T  T  T  T  T  T  T  T  T  T  T  T  T  T  T  T  T  T  T  T  T  T  T  T  T  T
 WERNER      T  T  T  T  T  T  T  T  T  T  T  T  T  T  T  T  T  T  T  T  T  T  T  T  T  T  T  T  T  T  T  T  T  T  T  T  T  T  T
 INTERNAL    F  T  T  T  T  T  T  T  T  T  T  T  T  T  T  T  T  T  T  T  T  T  T  T  T  T  T  T  T  T  T  T  T  T  T  T  T  T  T

 Molecular orbitals read from record     2140.2  Type=MCSCF/NATURAL (state averaged)

 EXTRA SYMMETRY OF MOS IN SYMMETRY 1:   1 1 1 1 1 2 1 1 1 2   2 1 1 3 1 1 2 2 1 1   2 1 1 3 2 3 1 2 1 2   1 2 1 1 3 2 1 1 1 3
                                        2 2 2 1 1 1
 EXTRA SYMMETRY OF MOS IN SYMMETRY 2:   1 1 1 1 1 2 1 1 2 1   1 2 1 1 3 2 1 2 1 2   1 1 2 3 1 1 1 2 2 1   1
 EXTRA SYMMETRY OF MOS IN SYMMETRY 3:   1 1 1 1 1 2 1 1 2 1   1 2 1 1 3 2 1 2 1 2   1 1 2 3 1 1 1 2 2 1   1
 EXTRA SYMMETRY OF MOS IN SYMMETRY 4:   1 1 1 2 1 1 1 2 1 2   1 1 1 2 1 2 1 1 1
 EXTRA SYMMETRY OF MOS IN SYMMETRY 5:   1 1 1 1 1 2 1 1 2 1   1 2 1 1 1 3 2 2 1 1   2 1 2 1 3 1 2 3 1 2   1 1 2 1 2 3 1 3 1 2
                                        1 1 2 2 1 1
 EXTRA SYMMETRY OF MOS IN SYMMETRY 6:   1 1 1 1 1 2 1 1 2 1   1 2 1 1 3 1 2 2 1 2   1 1 3 1 1 2 2 2 1 1   1
 EXTRA SYMMETRY OF MOS IN SYMMETRY 7:   1 1 1 1 2 1 1 1 2 1   1 2 1 1 3 1 2 2 1 2   1 1 3 1 1 2 2 2 1 1   1
 EXTRA SYMMETRY OF MOS IN SYMMETRY 8:   1 1 1 2 1 1 1 1 2 1   2 1 1 1 2 2 1 1 1

 Wavefunction dump at record             2140.2

 Convergence thresholds  0.10E-01 (gradient)  0.10E-05 (energy)  0.10E-02 (step length)

 Weight factors for state symmetry  1:    0.20000   0.20000   0.20000
 Weight factors for state symmetry  2:    0.20000   0.20000

 Number of orbital rotations:      492   (     2 Core/Active     86 Core/Virtual   0 Active/Active    404 Active/Virtual)
 Total number of variables:     478340


 ITER. MIC  NCI  NEG     ENERGY(VAR)     ENERGY(PROJ)   ENERGY CHANGE     GRAD(0)  GRAD(ORB)   GRAD(CI)     STEP       TIME

   1   33   31    0    -149.46928050    -149.46928050   -0.00000000    0.00000019 0.00000006 0.00000060  0.83D-05      6.09

 ** WVFN ****  CONVERGENCE REACHED, FINAL GRADIENT:  0.67D-07



 Results for state 1.1
 =====================

 !MCSCF STATE 1.1 Energy             -149.571943476652
 Nuclear energy                        36.02908670
 Kinetic energy                       151.94279008
 One electron energy                 -276.86412076
 Two electron energy                   91.26309059
 Virial ratio                           1.98439645

 !MCSCF STATE 1.1 Dipole moment         0.00000000     0.00000000     0.00000000
 Dipole moment /Debye                   0.00000000     0.00000000     0.00000000

 Results for state 2.1
 =====================

 !MCSCF STATE 2.1 Energy             -149.535183022619
 Nuclear energy                        36.02908670
 Kinetic energy                       152.15219272
 One electron energy                 -277.02202084
 Two electron energy                   91.45775112
 Virial ratio                           1.98280005

 !MCSCF STATE 2.1 Dipole moment         0.00000000     0.00000000     0.00000000
 Dipole moment /Debye                   0.00000000     0.00000000     0.00000000

 Results for state 3.1
 =====================

 !MCSCF STATE 3.1 Energy             -149.305982818506
 Nuclear energy                        36.02908670
 Kinetic energy                       150.28061715
 One electron energy                 -270.97146602
 Two electron energy                   85.63639650
 Virial ratio                           1.99351457

 !MCSCF STATE 3.1 Dipole moment         0.00000000     0.00000000     0.00000000
 Dipole moment /Debye                   0.00000000     0.00000000     0.00000000



 Results for state 1.4
 =====================

 !MCSCF STATE 1.4 Energy             -149.612905743902
 Nuclear energy                        36.02908670
 Kinetic energy                       152.11589238
 One electron energy                 -277.10286496
 Two electron energy                   91.46087251
 Virial ratio                           1.98354553

 !MCSCF STATE 1.4 Dipole moment         0.00000000     0.00000000     0.00000000
 Dipole moment /Debye                   0.00000000     0.00000000     0.00000000

 Results for state 2.4
 =====================

 !MCSCF STATE 2.4 Energy             -149.320387455263
 Nuclear energy                        36.02908670
 Kinetic energy                       150.25435318
 One electron energy                 -270.72581966
 Two electron energy                   85.37634550
 Virial ratio                           1.99378410

 !MCSCF STATE 2.4 Dipole moment         0.00000000     0.00000000     0.00000000
 Dipole moment /Debye                   0.00000000     0.00000000     0.00000000

 State-averaged charge density matrix saved on record  2140.2 (density set 1)

 !MCSCF expec        <1.1|QMXX|1.1>    -0.258990138382
 !MCSCF trans        <2.1|QMXX|1.1>    -1.027034725254
 !MCSCF expec        <2.1|QMXX|2.1>     1.317582996926
 !MCSCF trans        <3.1|QMXX|1.1>    -0.879959228429
 !MCSCF trans        <3.1|QMXX|2.1>     2.217842778656
 !MCSCF expec        <3.1|QMXX|3.1>    12.498707225692
 !MCSCF expec        <1.4|QMXX|1.4>     0.399249737066
 !MCSCF trans        <2.4|QMXX|1.4>     1.187022181661
 !MCSCF expec        <2.4|QMXX|2.4>    11.912860641415

 !MCSCF expec        <1.1|QMYY|1.1>     1.163818971304
 !MCSCF trans        <2.1|QMYY|1.1>     1.030538848676
 !MCSCF expec        <2.1|QMYY|2.1>    -0.356098248255
 !MCSCF trans        <3.1|QMYY|1.1>     0.440604579752
 !MCSCF trans        <3.1|QMYY|2.1>    -1.188301459878
 !MCSCF expec        <3.1|QMYY|3.1>    -6.680681971559
 !MCSCF expec        <1.4|QMYY|1.4>     0.441428090587
 !MCSCF trans        <2.4|QMYY|1.4>    -0.645034249579
 !MCSCF expec        <2.4|QMYY|2.4>    -5.922528995111

 !MCSCF expec        <1.1|QMZZ|1.1>    -0.904828832922
 !MCSCF trans        <2.1|QMZZ|1.1>    -0.003504123422
 !MCSCF expec        <2.1|QMZZ|2.1>    -0.961484748671
 !MCSCF trans        <3.1|QMZZ|1.1>     0.439354648677
 !MCSCF trans        <3.1|QMZZ|2.1>    -1.029541318777
 !MCSCF expec        <3.1|QMZZ|3.1>    -5.818025254132
 !MCSCF expec        <1.4|QMZZ|1.4>    -0.840677827653
 !MCSCF trans        <2.4|QMZZ|1.4>    -0.541987932081
 !MCSCF expec        <2.4|QMZZ|2.4>    -5.990331646304

 !MCSCF expec        <1.1|QMRR|1.1>   -21.878981455728
 !MCSCF trans        <2.1|QMRR|1.1>     0.077543498294
 !MCSCF expec        <2.1|QMRR|2.1>   -22.404516819871
 !MCSCF trans        <3.1|QMRR|1.1>     3.188396488300
 !MCSCF trans        <3.1|QMRR|2.1>    -7.577858528026
 !MCSCF expec        <3.1|QMRR|3.1>   -59.680313364266
 !MCSCF expec        <1.4|QMRR|1.4>   -21.605155748250
 !MCSCF trans        <2.4|QMRR|1.4>    -3.923923544875
 !MCSCF expec        <2.4|QMRR|2.4>   -61.003520085120


 Natural orbital dump (state averaged) at molpro section  2140.2    (Orbital set 2)


 CI vector for state symmetry 1
 ==============================

 2 20 20 220 20 00        0.8716621   0.4407345  -0.0153435
 2 20 20 220 00 20       -0.4424714   0.8561371  -0.1835465
 2 20 20 220 00 ba        0.0481947  -0.1195829  -0.6766257
 2 20 20 220 00 ab       -0.0481947   0.1195829   0.6766257
 2 00 20 220 20 20        0.0420909  -0.1084024   0.0215379
 2 20 00 220 20 20       -0.1034329  -0.0651124   0.0039504
 2 00 20 220 20 ba       -0.0065849   0.0140862   0.0797075
 2 00 20 220 20 ab        0.0065849  -0.0140862  -0.0797075
 2 20 20 200 20 20       -0.0242209  -0.0707209   0.0105579
 2 a0 b0 220 b0 2a       -0.0057564   0.0133032   0.0565338
 2 b0 a0 220 a0 2b       -0.0057564   0.0133032   0.0565338

 TOTAL ENERGIES                      -149.57194348  -149.53518302  -149.30598282

 CI vector for state symmetry 2
 ==============================

 2 20 20 220 a0 a0        0.9799640  -0.0840480
 2 20 20 220 a0 0a        0.0825643   0.9676286
 2 20 00 220 a0 2a       -0.0152856  -0.1146770
 2 a0 b0 220 20 aa       -0.0107094  -0.0811074
 2 a0 a0 220 20 20       -0.0743338   0.0070528
 2 20 20 220 0a 0a       -0.0116849  -0.0725255
 2 a0 a0 220 20 ba        0.0054160   0.0609149
 2 20 20 200 a0 2a       -0.0064792  -0.0544215

 TOTAL ENERGIES                      -149.61290574  -149.32038746



 **********************************************************************************************************************************
 DATASETS  * FILE   NREC   LENGTH (MB)   RECORD NAMES
              1      20      319.41       500      701      610      900      950      970     1000      129      960     1100   
                                          VAR     GEOM    BASINP   SYMINP    ZMAT    AOBASIS   BASIS     P2S    ABASIS      S 
                                         1400     1410     1200     1210     1080     1600     1650     1300     1700     1380   
                                           T        V       H0       H01     AOSYM     SMH    MOLCAS    ERIS     OPER     JKOP   

              2      11      494.26       500      610      700     1000      520     2100     2140      701     2140(1)  5200   
                                          VAR    BASINP    GEOM     BASIS   MCVARS     RHF     MCSCF    GEOM     MCSCF    MRCI   
                                         6200   
                                         MRCI   

 PROGRAMS   *        TOTAL     MULTI       INT   RESTART
 CPU TIMES  *        36.86     11.70     24.88      0.20
 REAL TIME  *        52.96 SEC
 DISK USED  *         1.57 GB      
 **********************************************************************************************************************************


 PROGRAM * CI (Multireference internally contracted CI)     Authors: H.-J. Werner, P.J. Knowles, 1987


 Convergence thresholds:  THRVAR = 1.00D-08  THRDEN = 1.00D-06

 Number of optimized states:  1  Roots:   1
 Number of reference states:  1  Roots:   1

 Program parameters:       NSTATE=  1    NSTATI=  2    NSTATR=  1    NCEPA = -1    NOKOP =  0    ITRDM =  0    ITRANS=  0
                           IDIP  =200    MAXIT =250    MAXITI=250    MAXDAV=  4    MAXVI =  6    NOSING=  0    NOPAIR=  0
                           MXSHRF=  8    IKCPS =  0    IOPTGM=  2    IOPTOR=  0    REFOPT=  1    IAVDEN=  0    IDELCG=  1
                           IREST =  0    NATORB=  0    IPUNRF=  0    ISEP  =  0    OLDDEN=  0    NSTPRI=  1    GPSFLI= -1
                           CLUSTE=  0    CLOSED=  1    ILSTYP=  0    ITRLS =  0    ICCSD =  0    LOCAL =  0    IBASO =  0
                           MP    =  0    ITEDIS=  2    INCDIS=  1    MAXDIS=  6    ITYDIS=  1    BRUECK=  0    IBRSTR=  3
                           INCBRK=  1    TRIPLE=  0    ICCTYP=  1    IHPPD =  0    ICCNEW=  0    I3EXT = -1    IDEB  =  0
                           IDLEIG=  1    IDFTYP=  1    IMP3  =  0    IPROCS=  0    NOINT =  0    NOREF =  1    IMP2G =  0
                           IHINT =  0    IFDIA =  0    ISPARO=  1    JKSYM =  0    CPHF  =  0    MP2D  = -1    DKINT =  0
                           NPKEX =  1    DRVK  =  1    HLSTRA=  1    WIGNER=  1    DIIS_C=  1    MAXIT_= 50    MATEL =  0
                           SPDEG =  1    MEMCPH=  0    DISM  =  1    KDCPMA=  5    IKDCP_=  0    IREDTH=  0    USECS =  0
                           IPROCC=  0    I3SAVE=  1    IKDCP =  1    USECI =  0    OLDPAI=  0    IPROCI=  0    KEEPCL=  1
                           DISCON=  0    SHIFTE=  0    DIISIN=  0    MOLCAS=  0    MEM_PT=  0    RECORD=  0    RS2C  =  0
                           KEXT  = -1    CIPT2 =  0    DECP0S=  0    I4EXT = -1    NATCOR=  0    RIMP2 =  0    DDCI  = -1

 Reference symmetry:                   4   Triplet 
 Number of electrons:                 16
 Maximum number of shells:             6
 Maximum number of spin couplings:   297

 Reference space:     9136 conf    47808 CSFs
 N elec internal:    72865 conf   382239 CSFs
 N-1 el internal:    69576 conf   622908 CSFs
 N-2 el internal:    57950 conf   876478 CSFs

 Number of electrons in valence space:                     12
 Maximum number of open shell orbitals in reference space: 10
 Maximum number of open shell orbitals in internal spaces: 12


 Number of core orbitals:           2 (   2   0   0   0   0   0   0   0 )
 Number of active  orbitals:       12 (   1   2   2   0   3   2   2   0 )
 Number of external orbitals:     240 (  43  29  29  19  43  29  29  19 )

 Molecular orbitals read from record     2140.2  Type=MCSCF/NATURAL (state averaged)

 Coulomb and exchange operators available. No transformation done.

 Number of p-space configurations:   2

 Reference wavefunction optimized for reference space (refopt=1)

 State     Reference Energy 
   1        -149.61290574
   2        -149.32038746

 Number of blocks in overlap matrix:    16   Smallest eigenvalue:  0.24D-02
 Number of N-2 electron functions:     144
 Number of N-1 electron functions:  622908

 Number of internal configurations:                47808
 Number of singly external configurations:      18686980
 Number of doubly external configurations:        524512
 Total number of contracted configurations:     19259300
 Total number of uncontracted configurations: 3169518620

 Diagonal Coupling coefficients finished.               Storage:21268533 words, CPU-Time:     25.90 seconds.
 Energy denominators for pairs finished in 1 passes.    Storage: 2233191 words, CPU-time:      0.01 seconds.

  ITER. STATE  ROOT     SQ.NORM     CORR.ENERGY   TOTAL ENERGY   ENERGY CHANGE       DEN1      VAR(S)    VAR(P)      TIME
    1     1     1     1.00000000     0.00000000  -149.61290574     0.00000000    -0.28916914  0.28D-01  0.18D-01    40.87
    2     1     1     1.04163742    -0.27627128  -149.88917702    -0.27627128    -0.01041297  0.12D-02  0.73D-03   382.36
    3     1     1     1.04293487    -0.28594152  -149.89884726    -0.00967024    -0.00097360  0.11D-03  0.65D-04   722.81
    4     1     1     1.04461536    -0.28690566  -149.89981140    -0.00096414    -0.00011480  0.13D-04  0.80D-05  1063.06
    5     1     1     1.04526113    -0.28702662  -149.89993236    -0.00012096    -0.00001389  0.13D-05  0.11D-05  1403.78
    6     1     1     1.04533280    -0.28704151  -149.89994726    -0.00001490    -0.00000190  0.20D-06  0.14D-06  1744.33
    7     1     1     1.04532598    -0.28704355  -149.89994930    -0.00000204    -0.00000027  0.30D-07  0.22D-07  2085.48
    8     1     1     1.04533083    -0.28704384  -149.89994959    -0.00000029    -0.00000005  0.58D-08  0.38D-08  2428.28


 =====================================
 Analysis of CPU times by interactions
 =====================================

       I      S      P

 I   1.0%
 S   0.8%  19.1%
 P   1.5%  71.2%   4.7%

 Initialization:   1.3%
 Other:            0.5%

 Total CPU:     2428.3 seconds
 =====================================



 Wavefunction saved on  5200.2

 Reference coefficients greater than 0.0500000
 =============================================
 22020220/0/0           0.9607432
 22020220/00/           0.0707659
 2/0/02202020          -0.0686318



 RESULTS FOR STATE 1.4
 =====================

 Coefficient of reference function:   C(0) = 0.97786581 (fixed)   0.97807717 (relaxed)

 Energy contributions of configuration classes

 CLASS          SQ.NORM        ECORR1        ECORR2
 +++++++++++++++++++++++++++++++++++++++++++++++++++
 Internals    0.00043233    0.00000001   -0.00011866
 Singles      0.02320408   -0.09844377   -0.10050535
 Pairs        0.02214635   -0.18860008   -0.18641983
 Total        1.04578276   -0.28704384   -0.28704384
 +++++++++++++++++++++++++++++++++++++++++++++++++++


 Reference energy                    -149.61290574
 Nuclear energy                        36.02908670
 Kinetic energy                       152.08303267
 One electron energy                 -276.54220865
 Two electron energy                   90.61317236
 Virial quotient                       -0.98564545
 Correlation energy                    -0.28704384
 !MRCI STATE 1.4 Energy              -149.899949587068

 Properties without orbital relaxation:

 !MRCI STATE 1.4 Dipole moment          0.00000000     0.00000000     0.00000000
 Dipole moment /Debye                   0.00000000     0.00000000     0.00000000

 Cluster corrected energies          -149.91309125 (Davidson, fixed reference)
 Cluster corrected energies          -149.91296152 (Davidson, relaxed reference)

 Cluster corrected energies          -149.91075604 (Pople, fixed reference)
 Cluster corrected energies          -149.91064646 (Pople, relaxed reference)

 

 !MRCI expec         <1.4|QMXX|1.4>     0.466611132068
 !MRCI expec         <1.4|QMYY|1.4>     0.482321743415
 !MRCI expec         <1.4|QMZZ|1.4>    -0.948932875483
 !MRCI expec         <1.4|QMRR|1.4>   -21.989179040865


 **********************************************************************************************************************************
 DATASETS  * FILE   NREC   LENGTH (MB)   RECORD NAMES
              1      20      319.41       500      701      610      900      950      970     1000      129      960     1100   
                                          VAR     GEOM    BASINP   SYMINP    ZMAT    AOBASIS   BASIS     P2S    ABASIS      S 
                                         1400     1410     1200     1210     1080     1600     1650     1300     1700     1380   
                                           T        V       H0       H01     AOSYM     SMH    MOLCAS    ERIS     OPER     JKOP   

              2      11      494.26       500      610      700     1000      520     2100     2140      701     2140(1)  5200   
                                          VAR    BASINP    GEOM     BASIS   MCVARS     RHF     MCSCF    GEOM     MCSCF    MRCI   
                                         6200   
                                         MRCI   

 PROGRAMS   *        TOTAL        CI     MULTI       INT   RESTART
 CPU TIMES  *      2485.04   2448.18     11.70     24.88      0.20
 REAL TIME  *      2519.02 SEC
 DISK USED  *         3.60 GB      
 **********************************************************************************************************************************


 PROGRAM * CI (Multireference internally contracted CI)     Authors: H.-J. Werner, P.J. Knowles, 1987


 Convergence thresholds:  THRVAR = 1.00D-08  THRDEN = 1.00D-06

 Number of optimized states:  2  Roots:   1   2
 Number of reference states:  2  Roots:   1   2

 Program parameters:       NSTATE=  2    NSTATI=  3    NSTATR=  2    NCEPA = -1    NOKOP =  0    ITRDM =  0    ITRANS=  0
                           IDIP  =200    MAXIT =250    MAXITI=250    MAXDAV=  6    MAXVI =  9    NOSING=  0    NOPAIR=  0
                           MXSHRF=  9    IKCPS =  0    IOPTGM=  2    IOPTOR=  0    REFOPT=  1    IAVDEN=  0    IDELCG=  1
                           IREST =  0    NATORB=  0    IPUNRF=  0    ISEP  =  0    OLDDEN=  0    NSTPRI=  1    GPSFLI= -1
                           CLUSTE=  0    CLOSED=  1    ILSTYP=  0    ITRLS =  0    ICCSD =  0    LOCAL =  0    IBASO =  0
                           MP    =  0    ITEDIS=  2    INCDIS=  1    MAXDIS=  6    ITYDIS=  1    BRUECK=  0    IBRSTR=  3
                           INCBRK=  1    TRIPLE=  0    ICCTYP=  1    IHPPD =  0    ICCNEW=  0    I3EXT = -1    IDEB  =  0
                           IDLEIG=  1    IDFTYP=  1    IMP3  =  0    IPROCS=  0    NOINT =  0    NOREF =  1    IMP2G =  0
                           IHINT =  0    IFDIA =  0    ISPARO=  1    JKSYM =  0    CPHF  =  0    MP2D  = -1    DKINT =  0
                           NPKEX =  1    DRVK  =  1    HLSTRA=  1    WIGNER=  1    DIIS_C=  1    MAXIT_= 50    MATEL =  0
                           SPDEG =  1    MEMCPH=  0    DISM  =  1    KDCPMA=  5    IKDCP_=  0    IREDTH=  0    USECS =  0
                           IPROCC=  0    I3SAVE=  1    IKDCP =  1    USECI =  0    OLDPAI=  0    IPROCI=  0    KEEPCL=  1
                           DISCON=  0    SHIFTE=  0    DIISIN=  0    MOLCAS=  0    MEM_PT=  0    RECORD=  0    RS2C  =  0
                           KEXT  = -1    CIPT2 =  0    DECP0S=  0    I4EXT = -1    NATCOR=  0    RIMP2 =  0    DDCI  = -1

 Reference symmetry:                   1   Singlet 
 Number of electrons:                 16
 Maximum number of shells:             7
 Maximum number of spin couplings:   132

 Reference space:     9608 conf    28784 CSFs
 N elec internal:    73789 conf   226512 CSFs
 N-1 el internal:    69576 conf   339768 CSFs
 N-2 el internal:    58182 conf   452544 CSFs

 Number of electrons in valence space:                     12
 Maximum number of open shell orbitals in reference space: 10
 Maximum number of open shell orbitals in internal spaces: 12


 Number of core orbitals:           2 (   2   0   0   0   0   0   0   0 )
 Number of active  orbitals:       12 (   1   2   2   0   3   2   2   0 )
 Number of external orbitals:     240 (  43  29  29  19  43  29  29  19 )

 Molecular orbitals read from record     2140.2  Type=MCSCF/NATURAL (state averaged)

 Coulomb and exchange operators available. No transformation done.

 Number of p-space configurations:   3

 Reference wavefunction optimized for reference space (refopt=1)

 State     Reference Energy 
   1        -149.57194348
   2        -149.53518302
   3        -149.30598282

 Number of blocks in overlap matrix:    16   Smallest eigenvalue:  0.17D-04
 Number of N-2 electron functions:     288
 Number of N-1 electron functions:  339768

 Number of internal configurations:                28784
 Number of singly external configurations:      10197000
 Number of doubly external configurations:       1049024
 Total number of contracted configurations:     11274808
 Total number of uncontracted configurations: 1637811384

 Diagonal Coupling coefficients finished.               Storage:21559646 words, CPU-Time:     37.83 seconds.
 Energy denominators for pairs finished in 1 passes.    Storage: 1011457 words, CPU-time:      0.02 seconds.

  ITER. STATE  ROOT     SQ.NORM     CORR.ENERGY   TOTAL ENERGY   ENERGY CHANGE       DEN1      VAR(S)    VAR(P)      TIME
    1     1     1     1.00000000     0.00000000  -149.57194348     0.00000000    -0.28286227  0.27D-01  0.16D-01    52.72
    1     2     2     1.00000000     0.00000000  -149.53518302     0.00000000    -0.29072928  0.29D-01  0.18D-01    52.72
    2     1     1     1.04201549    -0.27712810  -149.84907158    -0.27712810    -0.01124846  0.11D-02  0.79D-03   325.93
    2     2     2     1.04305244    -0.28246352  -149.81764654    -0.28246352    -0.01174095  0.12D-02  0.86D-03   325.93
    3     1     1     1.04394119    -0.28802993  -149.85997341    -0.01090183    -0.00110785  0.12D-03  0.74D-04   599.79
    3     2     2     1.04507510    -0.29393467  -149.82911770    -0.01147116    -0.00131187  0.15D-03  0.92D-04   599.79
    4     1     1     1.04594638    -0.28916019  -149.86110366    -0.00113025    -0.00014938  0.15D-04  0.11D-04   873.00
    4     2     2     1.04755869    -0.29531017  -149.83049319    -0.00137549    -0.00020687  0.20D-04  0.16D-04   873.00
    5     1     1     1.04667117    -0.28932134  -149.86126482    -0.00016115    -0.00002424  0.22D-05  0.19D-05  1144.25
    5     2     2     1.04851593    -0.29554367  -149.83072670    -0.00023350    -0.00004064  0.35D-05  0.34D-05  1144.25
    6     1     1     1.04672965    -0.28934869  -149.86129216    -0.00002735    -0.00000532  0.55D-06  0.41D-06  1415.96
    6     2     2     1.04860896    -0.29559147  -149.83077450    -0.00004780    -0.00001073  0.10D-05  0.89D-06  1415.96
    7     1     1     1.04678122    -0.28935449  -149.86129797    -0.00000580    -0.00000148  0.16D-06  0.10D-06  1687.62
    7     2     2     1.04870213    -0.29560345  -149.83078647    -0.00001197    -0.00000348  0.37D-06  0.27D-06  1687.62
    8     1     1     1.04681238    -0.28935606  -149.86129954    -0.00000157    -0.00000047  0.48D-07  0.33D-07  1958.54
    8     2     2     1.04875616    -0.29560716  -149.83079019    -0.00000372    -0.00000123  0.12D-06  0.10D-06  1958.54
    9     1     1     1.04682130    -0.28935656  -149.86130004    -0.00000050    -0.00000016  0.18D-07  0.11D-07  2229.07
    9     2     2     1.04877397    -0.29560852  -149.83079154    -0.00000136    -0.00000046  0.47D-07  0.39D-07  2229.07
   10     1     1     1.04682513    -0.28935673  -149.86130021    -0.00000017    -0.00000006  0.76D-08  0.40D-08  2502.72
   10     2     2     1.04878425    -0.29560903  -149.83079206    -0.00000051    -0.00000019  0.23D-07  0.16D-07  2502.72
   11     1     1     1.04682668    -0.28935680  -149.86130027    -0.00000006    -0.00000002  0.26D-08  0.16D-08  2773.25
   11     2     2     1.04878931    -0.29560924  -149.83079226    -0.00000020    -0.00000008  0.87D-08  0.68D-08  2773.25
   12     1     1     1.04682667    -0.28935680  -149.86130027    -0.00000000    -0.00000002  0.26D-08  0.16D-08  2998.06
   12     2     2     1.04880126    -0.29560939  -149.83079241    -0.00000015    -0.00000001  0.12D-08  0.77D-09  2998.06


 =====================================
 Analysis of CPU times by interactions
 =====================================

       I      S      P

 I   0.9%
 S   1.0%  19.4%
 P   2.5%  62.1%  11.4%

 Initialization:   1.4%
 Other:            1.2%

 Total CPU:     2998.1 seconds
 =====================================



 Wavefunction saved on  6200.2

 Reference coefficients greater than 0.0500000
 =============================================
 220202202000           0.7155363   0.6373304
 220202200020          -0.6351134   0.7014302
 2202022000/\          -0.0890141   0.1203719
 200202202020           0.0635197  -0.0888906
 220002202020          -0.0761430  -0.0838430
 220202002020          -0.0046291  -0.0670427

 Coefficients of fixed reference functions:
 ==========================================

 State      Coefficients
   1         0.945010   -0.248323
   2         0.252365    0.942858

 Coefficients of rotated reference functions:
 ============================================

 State      Coefficients
   1         0.977089    0.002230
   2         0.002230    0.976045



 RESULTS FOR STATE 1.1
 =====================

 Coefficient of reference function:   C(0) = 0.94501025 (fixed)   0.97737812 (relaxed)   0.97708935 (rotated)

 Energy contributions of configuration classes

 CLASS          SQ.NORM        ECORR1        ECORR2
 +++++++++++++++++++++++++++++++++++++++++++++++++++
 Internals    0.06967583   -0.00000000   -0.01800482
 Singles      0.02607507   -0.10153907   -0.09741734
 Pairs        0.02401429   -0.18781772   -0.17393463
 Total        1.11976519   -0.28935680   -0.28935680
 +++++++++++++++++++++++++++++++++++++++++++++++++++


 Reference energy                    -149.57194348
 Nuclear energy                        36.02908670
 Kinetic energy                       152.02570228
 One electron energy                 -276.40898802
 Two electron energy                   90.51860104
 Virial quotient                       -0.98576292
 Correlation energy                    -0.28935680
 !MRCI STATE 1.1 Energy              -149.861300273007

 Properties without orbital relaxation:

 !MRCI STATE 1.1 Dipole moment          0.00000000     0.00000000     0.00000000
 Dipole moment /Debye                   0.00000000     0.00000000     0.00000000

 Cluster corrected energies          -149.89595514 (Davidson, fixed reference)
 Cluster corrected energies          -149.87484989 (Davidson, relaxed reference)
 Cluster corrected energies          -149.87502895 (Davidson, rotated reference)

 Cluster corrected energies          -149.89261171 (Pople, fixed reference)
 Cluster corrected energies          -149.87295169 (Pople, relaxed reference)
 Cluster corrected energies          -149.87311059 (Pople, rotated reference)


 Cluster corrections using rotated reference energy:

 Reference energy (rotated)          -149.56952773
 MRCI Correlation energy               -0.29177254

 Cluster corrected energies          -149.87496301 (Davidson, relaxed reference)
 Cluster corrected energies          -149.87514357 (Davidson, rotated reference)

 Cluster corrected energies          -149.87304896 (Pople, relaxed reference)
 Cluster corrected energies          -149.87320919 (Pople, rotated reference)

 

 !MRCI expec         <1.1|QMXX|1.1>     0.383388263912
 !MRCI expec         <1.1|QMYY|1.1>     0.631534327084
 !MRCI expec         <1.1|QMZZ|1.1>    -1.014922590996
 !MRCI expec         <1.1|QMRR|1.1>   -22.293523011696



 RESULTS FOR STATE 2.1
 =====================

 Coefficient of reference function:   C(0) = 0.94285806 (fixed)   0.97645762 (relaxed)   0.97604539 (rotated)

 Energy contributions of configuration classes

 CLASS          SQ.NORM        ECORR1        ECORR2
 +++++++++++++++++++++++++++++++++++++++++++++++++++
 Internals    0.07254163   -0.00000000   -0.01906331
 Singles      0.02644932   -0.09657953   -0.09280718
 Pairs        0.02589207   -0.19902985   -0.18373890
 Total        1.12488302   -0.29560938   -0.29560939
 +++++++++++++++++++++++++++++++++++++++++++++++++++


 Reference energy                    -149.53518302
 Nuclear energy                        36.02908670
 Kinetic energy                       151.99427276
 One electron energy                 -276.30053328
 Two electron energy                   90.44065417
 Virial quotient                       -0.98576604
 Correlation energy                    -0.29560939
 !MRCI STATE 2.1 Energy              -149.830792408025

 Properties without orbital relaxation:

 !MRCI STATE 2.1 Dipole moment          0.00000000     0.00000000     0.00000000
 Dipole moment /Debye                   0.00000000     0.00000000     0.00000000

 Cluster corrected energies          -149.86770900 (Davidson, fixed reference)
 Cluster corrected energies          -149.84521852 (Davidson, relaxed reference)
 Cluster corrected energies          -149.84548046 (Davidson, rotated reference)

 Cluster corrected energies          -149.86426404 (Pople, fixed reference)
 Cluster corrected energies          -149.84321405 (Pople, relaxed reference)
 Cluster corrected energies          -149.84344715 (Pople, rotated reference)


 Cluster corrections using rotated reference energy:

 Reference energy (rotated)          -149.53759877
 MRCI Correlation energy               -0.29319364

 Cluster corrected energies          -149.84510063 (Davidson, relaxed reference)
 Cluster corrected energies          -149.84536043 (Davidson, rotated reference)

 Cluster corrected energies          -149.84311254 (Pople, relaxed reference)
 Cluster corrected energies          -149.84334373 (Pople, rotated reference)

 

 !MRCI expec         <2.1|QMXX|2.1>     0.703889458798
 !MRCI expec         <2.1|QMYY|2.1>     0.374177895612
 !MRCI expec         <2.1|QMZZ|2.1>    -1.078067354410
 !MRCI expec         <2.1|QMRR|2.1>   -22.613133433100

 !MRCI trans         <2.1|QMXX|1.1>    -1.247955857658
 !MRCI trans         <2.1|QMYY|1.1>     1.243653209625
 !MRCI trans         <2.1|QMZZ|1.1>     0.004302648033
 !MRCI trans         <2.1|QMRR|1.1>     0.063149731230


 **********************************************************************************************************************************
 DATASETS  * FILE   NREC   LENGTH (MB)   RECORD NAMES
              1      20      319.41       500      701      610      900      950      970     1000      129      960     1100   
                                          VAR     GEOM    BASINP   SYMINP    ZMAT    AOBASIS   BASIS     P2S    ABASIS      S 
                                         1400     1410     1200     1210     1080     1600     1650     1300     1700     1380   
                                           T        V       H0       H01     AOSYM     SMH    MOLCAS    ERIS     OPER     JKOP   

              2      11      494.26       500      610      700     1000      520     2100     2140      701     2140(1)  5200   
                                          VAR    BASINP    GEOM     BASIS   MCVARS     RHF     MCSCF    GEOM     MCSCF    MRCI   
                                         6200   
                                         MRCI   

 PROGRAMS   *        TOTAL        CI        CI     MULTI       INT   RESTART
 CPU TIMES  *      5530.49   3045.45   2448.18     11.70     24.88      0.20
 REAL TIME  *      5595.06 SEC
 DISK USED  *         3.60 GB      
 **********************************************************************************************************************************


 PROGRAM * CI (Multireference internally contracted CI)     Authors: H.-J. Werner, P.J. Knowles, 1987


   ******************************
   *** Spin-orbit calculation ***
   ******************************


   Spin-orbit matrix elements
   ==========================

  

 PROGRAM * SEWLS (Spin-orbit & spin-spin integral evaluation)

 Modified from original SEWARD code by Alexander Mitrushchenkov
 
 Original version: December 2001, 2D-derivatives modifications: Stuttgart 2004
  
  
 The following spin-orbit components are calculated:
  
    Operator      Symmetry
  
      LSZ            4
  
 Integral cutoff:   0.10E-09

 Time for Seward_LS:      60.01 sec

       90119768. SPIN-ORBIT INTEGRALS WRITTEN OUT IN    22008 RECORDS ON RECORD     11290 OF FILE 1


 CPU time:     60.01 sec, REAL time:     61.66 sec


 SORTLS1 read    90119768. and wrote    90119768. SO integrals in   344 records. CPU time:      0.86 sec, REAL time:      1.71 sec
 SORTLS2 read    90119768. and wrote   130473100. SO integrals in     1 records. CPU time:      0.49 sec, REAL time:      1.19 sec

 FILE SIZES: FILE 1:  1762.1 MBYTE, FILE 4:  1442.9 MBYTE, TOTAL:  3204.9 MBYTE
 Preparing effective Fock matrices
  
 Total X Y Z Fock matrices evaluated:     0    0    3
  
 Wavefunction restored from record  5200.2  Symmetry=4  S= 1.0  NSTATE=1
 Wavefunction restored from record  6200.2  Symmetry=1  S= 0.0  NSTATE=2

 Bra-wavefunction restored from record   5200.2
 Ket-wavefunction restored from record   6200.2


 Symmetry of spin-orbit operator:         4
 Symmetry of bra wavefunction:            4   S= 1.0  MS= 0.0
 Symmetry of ket wavefunction:            1   S= 0.0  MS= 0.0

 

 Spin-orbit matrix elements for mean field operator:

 !MRCI trans          <1.4|LSZ|1.1>    -0.000039608019i au =    -8.692955448809i cm-1
 !MRCI trans          <1.4|LSZ|2.1>    -0.000692166436i au =  -151.912972951407i cm-1

 Spin-orbit matrix elements using full Breit-Pauli operator for internal part:

 !MRCI trans          <1.4|LSZ|1.1>    -0.000039220042i au =    -8.607804291283i cm-1
 !MRCI trans          <1.4|LSZ|2.1>    -0.000692202283i au =  -151.920840501936i cm-1

 >>> Hamiltonian transformed to symmetry adapted basis <<<


 Eigenvalues of the spin-orbit matrix
 ....................................

   Nr  Sym         E             E-E0         E-E0           E-E(1)      E-E(1)      E-E(1)
                 (au)            (au)        (cm-1)           (au)       (cm-1)        (eV)
   1   1   -149.89995655     -0.00000697       -1.53      0.00000000        0.00      0.0000
   2   1   -149.86130023      0.03864935     8482.55      0.03865632     8484.08      1.0519
   3   1   -149.83078548      0.06916411    15179.77      0.06917107    15181.30      1.8822
 
   4   6   -149.89994959      0.00000000        0.00      0.00000697        1.53      0.0002
 
   5   7   -149.89994959      0.00000000        0.00      0.00000697        1.53      0.0002

 E0 =   -149.89994959 is the energy of the lowest zeroth-order state
 E1 =   -149.89995655 is the energy of the lowest SO-state


  Expectation values <i|QMXX|i>
  ............................

  state:         1           2           3           4           5
  value:      0.466609    0.383446    0.703834    0.466611    0.466611
 

  Transition matrix elements <i|QMXX| 1> with the ground state
  ...........................................................

                             1           2           3           4           5
  Real Part  (a.u.):      0.466609    0.012573   -0.001108    0.000000    0.000000
  Imag Part  (a.u.):      0.000000   -0.000000    0.000000    0.000000    0.000000
  Abs. Value (a.u.):      0.466609    0.012573    0.001108    0.000000    0.000000
 

  Expectation values <i|QMYY|i>
  ............................

  state:         1           2           3           4           5
  value:      0.482336    0.631477    0.374221    0.482322    0.482322
 

  Transition matrix elements <i|QMYY| 1> with the ground state
  ...........................................................

                             1           2           3           4           5
  Real Part  (a.u.):      0.482336   -0.012597   -0.000180    0.000000    0.000000
  Imag Part  (a.u.):      0.000000    0.000000   -0.000000    0.000000    0.000000
  Abs. Value (a.u.):      0.482336    0.012597    0.000180    0.000000    0.000000
 

  Expectation values <i|QMZZ|i>
  ............................

  state:         1           2           3           4           5
  value:     -0.948946   -1.014923   -1.078054   -0.948933   -0.948933
 

  Transition matrix elements <i|QMZZ| 1> with the ground state
  ...........................................................

                             1           2           3           4           5
  Real Part  (a.u.):     -0.948946    0.000024    0.001288    0.000000    0.000000
  Imag Part  (a.u.):      0.000000   -0.000000    0.000000    0.000000    0.000000
  Abs. Value (a.u.):      0.948946    0.000024    0.001288    0.000000    0.000000
 

  Expectation values <i|QMRR|i>
  ............................

  state:         1           2           3           4           5
  value:    -21.989241  -22.293526  -22.613069  -21.989179  -21.989179
 

  Transition matrix elements <i|QMRR| 1> with the ground state
  ...........................................................

                             1           2           3           4           5
  Real Part  (a.u.):    -21.989241   -0.000323    0.006180    0.000000    0.000000
  Imag Part  (a.u.):      0.000000   -0.000000    0.000000    0.000000    0.000000
  Abs. Value (a.u.):     21.989241    0.000323    0.006180    0.000000    0.000000
 


 **********************************************************************************************************************************
 DATASETS  * FILE   NREC   LENGTH (MB)   RECORD NAMES
              1      22     1363.53       500      701      610      900      950      970     1000      129      960     1100   
                                          VAR     GEOM    BASINP   SYMINP    ZMAT    AOBASIS   BASIS     P2S    ABASIS      S 
                                         1400     1410     1200     1210     1080     1600     1650     1300     1700     1380   
                                           T        V       H0       H01     AOSYM     SMH    MOLCAS    ERIS     OPER     JKOP   
                                         1700(1)  1303   
                                         OPER     LSZ2   

              2      11      494.26       500      610      700     1000      520     2100     2140      701     2140(1)  5200   
                                          VAR    BASINP    GEOM     BASIS   MCVARS     RHF     MCSCF    GEOM     MCSCF    MRCI   
                                         6200   
                                         MRCI   

 PROGRAMS   *        TOTAL        CI        CI        CI     MULTI       INT   RESTART
 CPU TIMES  *      5743.50    213.00   3045.45   2448.18     11.70     24.88      0.20
 REAL TIME  *      5829.55 SEC
 DISK USED  *         4.20 GB      
 **********************************************************************************************************************************

 DO I                   =         2.00000000   


 Using spherical harmonics

 Library entry O      S aug-cc-pV5Z          selected for orbital group  1
 Library entry O      P aug-cc-pV5Z          selected for orbital group  1
 Library entry O      D aug-cc-pV5Z          selected for orbital group  1
 Library entry O      F aug-cc-pV5Z          selected for orbital group  1
 Library entry O      G aug-cc-pV5Z          selected for orbital group  1
 Library entry O      H aug-cc-pV5Z          selected for orbital group  1


 PROGRAM * SEWARD (Integral evaluation for generally contracted gaussian basis sets)     Author: Roland Lindh, 1990

 Geometry written to block  1 of record 701

 Orientation using atomic masses  
 Molecule type: Linear
 Symmetry elements: X,Y,Z
 Rotational constants:      73.0428300     73.0428300      0.0000000 GHz  (calculated with average atomic masses)

 Point group  D2h 



 ATOMIC COORDINATES

 NR  ATOM    CHARGE       X              Y              Z

   1  O       8.00    0.000000000    0.000000000   -0.878722648
   2  O       8.00    0.000000000    0.000000000    0.878722648

 Bond lengths in Bohr (Angstrom)

 1-2  1.757445296
     ( 0.930000000)

 NUCLEAR CHARGE:                   16
 NUMBER OF PRIMITIVE AOS:         398
 NUMBER OF SYMMETRY AOS:          288
 NUMBER OF CONTRACTIONS:          254   (  46Ag  +  31B3u +  31B2u +  19B1g +  46B1u +  31B2g +  31B3g +  19Au  )
 NUMBER OF CORE ORBITALS:           2   (   1Ag  +   0B3u +   0B2u +   0B1g +   1B1u +   0B2g +   0B3g +   0Au  )
 NUMBER OF VALENCE ORBITALS:        8   (   2Ag  +   1B3u +   1B2u +   0B1g +   2B1u +   1B2g +   1B3g +   0Au  )


 NUCLEAR REPULSION ENERGY   36.41649624

 EXTRA SYMMETRY OF AOS IN SYMMETRY 1:   1 1 1 1 1 1 1 1 1 1   1 1 1 1 2 1 2 1 2 1   2 1 2 1 2 1 2 1 2 1   2 1 3 2 1 3 2 1 3 2
                                        2 3 1 2 3 1
 EXTRA SYMMETRY OF AOS IN SYMMETRY 2:   1 1 1 1 1 1 1 1 1 1   1 1 2 1 2 1 2 1 2 1   2 1 2 1 2 1 2 3 1 2   3
 EXTRA SYMMETRY OF AOS IN SYMMETRY 3:   1 1 1 1 1 1 1 1 1 1   1 1 2 1 2 1 2 1 2 1   2 1 2 1 2 1 2 3 1 2   3
 EXTRA SYMMETRY OF AOS IN SYMMETRY 4:   1 1 1 1 1 1 1 1 1 1   2 1 2 1 2 2 1 2 1
 EXTRA SYMMETRY OF AOS IN SYMMETRY 5:   1 1 1 1 1 1 1 1 1 1   1 1 1 1 2 1 2 1 2 1   2 1 2 1 2 1 2 1 2 1   2 1 3 2 1 3 2 1 3 2
                                        2 3 1 2 3 1
 EXTRA SYMMETRY OF AOS IN SYMMETRY 6:   1 1 1 1 1 1 1 1 1 1   1 1 2 1 2 1 2 1 2 1   2 1 2 1 2 1 2 3 1 2   3
 EXTRA SYMMETRY OF AOS IN SYMMETRY 7:   1 1 1 1 1 1 1 1 1 1   1 1 2 1 2 1 2 1 2 1   2 1 2 1 2 1 2 3 1 2   3
 EXTRA SYMMETRY OF AOS IN SYMMETRY 8:   1 1 1 1 1 1 1 1 1 1   2 1 2 1 2 2 1 2 1

 Eigenvalues of metric

         1 0.909E-04 0.265E-03 0.641E-03 0.179E-02 0.587E-02 0.244E-01 0.247E-01 0.281E-01
         2 0.942E-03 0.482E-02 0.101E-01 0.408E-01 0.572E-01 0.151E+00 0.155E+00 0.166E+00
         3 0.942E-03 0.482E-02 0.101E-01 0.408E-01 0.572E-01 0.151E+00 0.155E+00 0.166E+00
         4 0.247E-01 0.852E-01 0.917E-01 0.221E+00 0.295E+00 0.321E+00 0.462E+00 0.474E+00
         5 0.656E-05 0.598E-04 0.220E-03 0.569E-03 0.746E-03 0.867E-03 0.170E-02 0.482E-02
         6 0.307E-04 0.194E-03 0.120E-02 0.543E-02 0.134E-01 0.230E-01 0.276E-01 0.541E-01
         7 0.307E-04 0.194E-03 0.120E-02 0.543E-02 0.134E-01 0.230E-01 0.276E-01 0.541E-01
         8 0.746E-03 0.656E-02 0.256E-01 0.628E-01 0.163E+00 0.164E+00 0.200E+00 0.201E+00


 Contracted 2-electron integrals neglected if value below      1.0D-12
 AO integral compression algorithm  1   Integral accuracy      1.0D-12

     468.976 MB (compressed) written to integral file ( 51.3%)


 NUMBER OF SORTED TWO-ELECTRON INTEGRALS:   66838400.     BUFFER LENGTH:  32768
 NUMBER OF SEGMENTS:   5  SEGMENT LENGTH:   15999177      RECORD LENGTH: 524288

 Memory used in sort:      16.56 MW

 SORT1 READ   114264352. AND WROTE    47776460. INTEGRALS IN    139 RECORDS. CPU TIME:     2.94 SEC, REAL TIME:     3.39 SEC
 SORT2 READ    47776460. AND WROTE    66838400. INTEGRALS IN   1789 RECORDS. CPU TIME:     1.15 SEC, REAL TIME:     1.40 SEC

 FILE SIZES:   FILE 1:   489.6 MBYTE,  FILE 4:   583.0 MBYTE,   TOTAL:   1072.6 MBYTE

 OPERATOR DM      FOR CENTER  0  COORDINATES:    0.000000    0.000000    0.000000
 OPERATOR QM      FOR CENTER  0  COORDINATES:    0.000000    0.000000    0.000000


 **********************************************************************************************************************************
 DATASETS  * FILE   NREC   LENGTH (MB)   RECORD NAMES
              1      19      309.12       500      701      610      900      950      970     1000      129      960     1100   
                                          VAR     GEOM    BASINP   SYMINP    ZMAT    AOBASIS   BASIS     P2S    ABASIS      S 
                                         1400     1410     1200     1210     1080     1600     1650     1300     1700   
                                           T        V       H0       H01     AOSYM     SMH    MOLCAS    ERIS     OPER   

              2      11      494.26       500      610      700     1000      520     2100     2140      701     2140(1)  5200   
                                          VAR    BASINP    GEOM     BASIS   MCVARS     RHF     MCSCF    GEOM     MCSCF    MRCI   
                                         6200   
                                         MRCI   

 PROGRAMS   *        TOTAL       INT        CI        CI        CI     MULTI       INT   RESTART
 CPU TIMES  *      5768.23     24.73    213.00   3045.45   2448.18     11.70     24.88      0.20
 REAL TIME  *      5862.15 SEC
 DISK USED  *         4.20 GB      
 **********************************************************************************************************************************


 PROGRAM * MULTI (Direct Multiconfiguration SCF)       Authors: P.J. Knowles, H.-J. Werner (1984)     S.T. Elbert (1988)


 Number of closed-shell orbitals:   2 (   2   0   0   0   0   0   0   0 )
 Number of active  orbitals:       12 (   1   2   2   0   3   2   2   0 )
 Number of external orbitals:     240 (  43  29  29  19  43  29  29  19 )

 State symmetry 1

 Number of electrons:    12    Spin symmetry=Singlet   Space symmetry=1
 Number of states:        3
 Number of CSFs:      28784   (107016 determinants, 853776 intermediate states)

 State symmetry 2

 Number of electrons:    12    Spin symmetry=Triplet   Space symmetry=4
 Number of states:        2
 Number of CSFs:      47808   (78400 determinants, 627264 intermediate states)

 Iteration controls:
             1  2  3  4  5  6  7  8  9 10 11 12 13 14 15 16 17 18 19 20 21 22 23 24 25 26 27 28 29 30 31 32 33 34 35 36 37 38 39
 DIAGCI      T  T  T  T  T  T  T  T  T  T  T  T  T  T  T  T  T  T  T  T  T  T  T  T  T  T  T  T  T  T  T  T  T  T  T  T  T  T  T
 WERNER      T  T  T  T  T  T  T  T  T  T  T  T  T  T  T  T  T  T  T  T  T  T  T  T  T  T  T  T  T  T  T  T  T  T  T  T  T  T  T
 INTERNAL    F  T  T  T  T  T  T  T  T  T  T  T  T  T  T  T  T  T  T  T  T  T  T  T  T  T  T  T  T  T  T  T  T  T  T  T  T  T  T

 Molecular orbitals read from record     2140.2  Type=MCSCF/NATURAL (state averaged)

 EXTRA SYMMETRY OF MOS IN SYMMETRY 1:   1 1 1 1 1 2 1 1 1 2   2 1 1 3 1 1 2 2 1 1   2 1 1 3 2 3 1 2 1 2   1 2 1 1 3 2 1 1 1 3
                                        2 2 2 1 1 1
 EXTRA SYMMETRY OF MOS IN SYMMETRY 2:   1 1 1 1 1 2 1 1 2 1   1 2 1 1 3 2 1 2 1 2   1 1 2 3 1 1 1 2 2 1   1
 EXTRA SYMMETRY OF MOS IN SYMMETRY 3:   1 1 1 1 1 2 1 1 2 1   1 2 1 1 3 2 1 2 1 2   1 1 2 3 1 1 1 2 2 1   1
 EXTRA SYMMETRY OF MOS IN SYMMETRY 4:   1 1 1 2 1 1 1 2 1 2   1 1 1 2 1 2 1 1 1
 EXTRA SYMMETRY OF MOS IN SYMMETRY 5:   1 1 1 1 1 2 1 1 2 1   1 2 1 1 1 3 2 2 1 1   2 1 2 1 3 1 2 3 1 2   1 1 2 1 2 3 1 3 1 2
                                        1 1 2 2 1 1
 EXTRA SYMMETRY OF MOS IN SYMMETRY 6:   1 1 1 1 1 2 1 1 2 1   1 2 1 1 3 1 2 2 1 2   1 1 3 1 1 2 2 2 1 1   1
 EXTRA SYMMETRY OF MOS IN SYMMETRY 7:   1 1 1 1 2 1 1 1 2 1   1 2 1 1 3 1 2 2 1 2   1 1 3 1 1 2 2 2 1 1   1
 EXTRA SYMMETRY OF MOS IN SYMMETRY 8:   1 1 1 2 1 1 1 1 2 1   2 1 1 1 2 2 1 1 1

 Wavefunction dump at record             2140.2

 Convergence thresholds  0.10E-01 (gradient)  0.10E-05 (energy)  0.10E-02 (step length)

 Weight factors for state symmetry  1:    0.20000   0.20000   0.20000
 Weight factors for state symmetry  2:    0.20000   0.20000

 Number of orbital rotations:      492   (     2 Core/Active     86 Core/Virtual   0 Active/Active    404 Active/Virtual)
 Total number of variables:     478340


 ITER. MIC  NCI  NEG     ENERGY(VAR)     ENERGY(PROJ)   ENERGY CHANGE     GRAD(0)  GRAD(ORB)   GRAD(CI)     STEP       TIME

   1   47   47    0    -149.44893800    -149.44908681   -0.00014881    0.03934201 0.00000000 0.00033496  0.21D-01      8.94
   2   24   35    0    -149.44908671    -149.44908672   -0.00000001    0.00004574 0.00000088 0.00003645  0.13D-02     16.42
   3   24   17    0    -149.44908672    -149.44908672   -0.00000000    0.00000107 0.00000034 0.00001370  0.52D-04     20.63

 ** WVFN ****  CONVERGENCE REACHED, FINAL GRADIENT:  0.34D-06



 Results for state 1.1
 =====================

 !MCSCF STATE 1.1 Energy             -149.549501463448
 Nuclear energy                        36.41649624
 Kinetic energy                       152.05719361
 One electron energy                 -277.54542391
 Two electron energy                   91.57942621
 Virial ratio                           1.98350823

 !MCSCF STATE 1.1 Dipole moment         0.00000000     0.00000000     0.00000000
 Dipole moment /Debye                   0.00000000     0.00000000     0.00000000

 Results for state 2.1
 =====================

 !MCSCF STATE 2.1 Energy             -149.512797350069
 Nuclear energy                        36.41649624
 Kinetic energy                       152.26193202
 One electron energy                 -277.69389049
 Two electron energy                   91.76459690
 Virial ratio                           1.98194470

 !MCSCF STATE 2.1 Dipole moment         0.00000000     0.00000000     0.00000000
 Dipole moment /Debye                   0.00000000     0.00000000     0.00000000

 Results for state 3.1
 =====================

 !MCSCF STATE 3.1 Energy             -149.289072773404
 Nuclear energy                        36.41649624
 Kinetic energy                       150.40078320
 One electron energy                 -271.67698073
 Two electron energy                   85.97141172
 Virial ratio                           1.99260835

 !MCSCF STATE 3.1 Dipole moment         0.00000000     0.00000000     0.00000000
 Dipole moment /Debye                   0.00000000     0.00000000     0.00000000



 Results for state 1.4
 =====================

 !MCSCF STATE 1.4 Energy             -149.590369052715
 Nuclear energy                        36.41649624
 Kinetic energy                       152.23230610
 One electron energy                 -277.78798191
 Two electron energy                   91.78111662
 Virial ratio                           1.98264536

 !MCSCF STATE 1.4 Dipole moment         0.00000000     0.00000000     0.00000000
 Dipole moment /Debye                   0.00000000     0.00000000     0.00000000

 Results for state 2.4
 =====================

 !MCSCF STATE 2.4 Energy             -149.303692975617
 Nuclear energy                        36.41649624
 Kinetic energy                       150.36975435
 One electron energy                 -271.41516153
 Two electron energy                   85.69497232
 Virial ratio                           1.99291040

 !MCSCF STATE 2.4 Dipole moment         0.00000000     0.00000000     0.00000000
 Dipole moment /Debye                   0.00000000     0.00000000     0.00000000

 State-averaged charge density matrix saved on record  2140.2 (density set 1)

 !MCSCF expec        <1.1|QMXX|1.1>    -0.246239199922
 !MCSCF trans        <2.1|QMXX|1.1>    -1.046297362778
 !MCSCF expec        <2.1|QMXX|2.1>     1.357376685280
 !MCSCF trans        <3.1|QMXX|1.1>    -0.902670379644
 !MCSCF trans        <3.1|QMXX|2.1>     2.277103329752
 !MCSCF expec        <3.1|QMXX|3.1>    12.489651153755
 !MCSCF expec        <1.4|QMXX|1.4>     0.417135381914
 !MCSCF trans        <2.4|QMXX|1.4>     1.214514367275
 !MCSCF expec        <2.4|QMXX|2.4>    11.920596701280

 !MCSCF expec        <1.1|QMYY|1.1>     1.185703695340
 !MCSCF trans        <2.1|QMYY|1.1>     1.046935810742
 !MCSCF expec        <2.1|QMYY|2.1>    -0.354469244725
 !MCSCF trans        <3.1|QMYY|1.1>     0.452155908682
 !MCSCF trans        <3.1|QMYY|2.1>    -1.221539825035
 !MCSCF expec        <3.1|QMYY|3.1>    -6.656248626394
 !MCSCF expec        <1.4|QMYY|1.4>     0.458508967674
 !MCSCF trans        <2.4|QMYY|1.4>    -0.661517767775
 !MCSCF expec        <2.4|QMYY|2.4>    -5.904081608491

 !MCSCF expec        <1.1|QMZZ|1.1>    -0.939464495418
 !MCSCF trans        <2.1|QMZZ|1.1>    -0.000638447964
 !MCSCF expec        <2.1|QMZZ|2.1>    -1.002907440555
 !MCSCF trans        <3.1|QMZZ|1.1>     0.450514470962
 !MCSCF trans        <3.1|QMZZ|2.1>    -1.055563504717
 !MCSCF expec        <3.1|QMZZ|3.1>    -5.833402527361
 !MCSCF expec        <1.4|QMZZ|1.4>    -0.875644349588
 !MCSCF trans        <2.4|QMZZ|1.4>    -0.552996599500
 !MCSCF expec        <2.4|QMZZ|2.4>    -6.016515092789

 !MCSCF expec        <1.1|QMRR|1.1>   -21.895986973266
 !MCSCF trans        <2.1|QMRR|1.1>     0.097474373144
 !MCSCF expec        <2.1|QMRR|2.1>   -22.475478602538
 !MCSCF trans        <3.1|QMRR|1.1>     3.278218748233
 !MCSCF trans        <3.1|QMRR|2.1>    -7.786232792646
 !MCSCF expec        <3.1|QMRR|3.1>   -59.568789142938
 !MCSCF expec        <1.4|QMRR|1.4>   -21.617002077832
 !MCSCF trans        <2.4|QMRR|1.4>    -4.016042939753
 !MCSCF expec        <2.4|QMRR|2.4>   -60.974289485774


 Natural orbital dump (state averaged) at molpro section  2140.2    (Orbital set 2)


 CI vector for state symmetry 1
 ==============================

 2 20 20 220 20 00        0.8716941   0.4420493  -0.0160375
 2 20 20 220 00 20       -0.4433850   0.8551350  -0.1893891
 2 20 20 220 00 ba        0.0497912  -0.1234480  -0.6764954
 2 20 20 220 00 ab       -0.0497912   0.1234480   0.6764954
 2 00 20 220 20 20        0.0411205  -0.1055768   0.0217440
 2 20 00 220 20 20       -0.1008810  -0.0636429   0.0040011
 2 00 20 220 20 ba       -0.0066082   0.0141478   0.0776869
 2 00 20 220 20 ab        0.0066082  -0.0141478  -0.0776869
 2 20 20 200 20 20       -0.0241783  -0.0706372   0.0108989
 2 a0 b0 220 b0 2a       -0.0058168   0.0134251   0.0551969
 2 b0 a0 220 a0 2b       -0.0058168   0.0134251   0.0551969

 TOTAL ENERGIES                      -149.54950146  -149.51279735  -149.28907277

 CI vector for state symmetry 2
 ==============================

 2 20 20 220 a0 a0        0.9802738  -0.0864061
 2 20 20 220 a0 0a        0.0849157   0.9682767
 2 20 00 220 a0 2a       -0.0153422  -0.1118271
 2 a0 b0 220 20 aa       -0.0107814  -0.0793164
 2 20 20 220 0a 0a       -0.0120825  -0.0737843
 2 a0 a0 220 20 20       -0.0726047   0.0070661
 2 a0 a0 220 20 ba        0.0054274   0.0598318
 2 20 20 200 a0 2a       -0.0066362  -0.0543545

 TOTAL ENERGIES                      -149.59036905  -149.30369298



 **********************************************************************************************************************************
 DATASETS  * FILE   NREC   LENGTH (MB)   RECORD NAMES
              1      20      319.70       500      701      610      900      950      970     1000      129      960     1100   
                                          VAR     GEOM    BASINP   SYMINP    ZMAT    AOBASIS   BASIS     P2S    ABASIS      S 
                                         1400     1410     1200     1210     1080     1600     1650     1300     1700     1380   
                                           T        V       H0       H01     AOSYM     SMH    MOLCAS    ERIS     OPER     JKOP   

              2      11      494.26       500      610      700     1000      520     2100     2140      701     2140(1)  5200   
                                          VAR    BASINP    GEOM     BASIS   MCVARS     RHF     MCSCF    GEOM     MCSCF    MRCI   
                                         6200   
                                         MRCI   

 PROGRAMS   *        TOTAL     MULTI       INT        CI        CI        CI     MULTI       INT   RESTART
 CPU TIMES  *      5795.46     27.23     24.73    213.00   3045.45   2448.18     11.70     24.88      0.20
 REAL TIME  *      5891.95 SEC
 DISK USED  *         4.20 GB      
 **********************************************************************************************************************************


 PROGRAM * CI (Multireference internally contracted CI)     Authors: H.-J. Werner, P.J. Knowles, 1987


 Convergence thresholds:  THRVAR = 1.00D-08  THRDEN = 1.00D-06

 Number of optimized states:  1  Roots:   1
 Number of reference states:  1  Roots:   1

 Program parameters:       NSTATE=  1    NSTATI=  2    NSTATR=  1    NCEPA = -1    NOKOP =  0    ITRDM =  0    ITRANS=  0
                           IDIP  =200    MAXIT =250    MAXITI=250    MAXDAV=  4    MAXVI =  6    NOSING=  0    NOPAIR=  0
                           MXSHRF=  8    IKCPS =  0    IOPTGM=  2    IOPTOR=  0    REFOPT=  1    IAVDEN=  0    IDELCG=  1
                           IREST =  0    NATORB=  0    IPUNRF=  0    ISEP  =  0    OLDDEN=  0    NSTPRI=  1    GPSFLI= -1
                           CLUSTE=  0    CLOSED=  1    ILSTYP=  0    ITRLS =  0    ICCSD =  0    LOCAL =  0    IBASO =  0
                           MP    =  0    ITEDIS=  2    INCDIS=  1    MAXDIS=  6    ITYDIS=  1    BRUECK=  0    IBRSTR=  3
                           INCBRK=  1    TRIPLE=  0    ICCTYP=  1    IHPPD =  0    ICCNEW=  0    I3EXT = -1    IDEB  =  0
                           IDLEIG=  1    IDFTYP=  1    IMP3  =  0    IPROCS=  0    NOINT =  0    NOREF =  1    IMP2G =  0
                           IHINT =  0    IFDIA =  0    ISPARO=  1    JKSYM =  0    CPHF  =  0    MP2D  = -1    DKINT =  0
                           NPKEX =  1    DRVK  =  1    HLSTRA=  1    WIGNER=  1    DIIS_C=  1    MAXIT_= 50    MATEL =  0
                           SPDEG =  1    MEMCPH=  0    DISM  =  1    KDCPMA=  5    IKDCP_=  0    IREDTH=  0    USECS =  0
                           IPROCC=  0    I3SAVE=  1    IKDCP =  1    USECI =  0    OLDPAI=  0    IPROCI=  0    KEEPCL=  1
                           DISCON=  0    SHIFTE=  0    DIISIN=  0    MOLCAS=  0    MEM_PT=  0    RECORD=  0    RS2C  =  0
                           KEXT  = -1    CIPT2 =  0    DECP0S=  0    I4EXT = -1    NATCOR=  0    RIMP2 =  0    DDCI  = -1

 Reference symmetry:                   4   Triplet 
 Number of electrons:                 16
 Maximum number of shells:             6
 Maximum number of spin couplings:   297

 Reference space:     9136 conf    47808 CSFs
 N elec internal:    72865 conf   382239 CSFs
 N-1 el internal:    69576 conf   622908 CSFs
 N-2 el internal:    57950 conf   876478 CSFs

 Number of electrons in valence space:                     12
 Maximum number of open shell orbitals in reference space: 10
 Maximum number of open shell orbitals in internal spaces: 12


 Number of core orbitals:           2 (   2   0   0   0   0   0   0   0 )
 Number of active  orbitals:       12 (   1   2   2   0   3   2   2   0 )
 Number of external orbitals:     240 (  43  29  29  19  43  29  29  19 )

 Molecular orbitals read from record     2140.2  Type=MCSCF/NATURAL (state averaged)

 Coulomb and exchange operators available. No transformation done.

 Number of p-space configurations:   2

 Reference wavefunction optimized for reference space (refopt=1)

 State     Reference Energy 
   1        -149.59036905
   2        -149.30369298

 Number of blocks in overlap matrix:    16   Smallest eigenvalue:  0.23D-02
 Number of N-2 electron functions:     144
 Number of N-1 electron functions:  622908

 Number of internal configurations:                47808
 Number of singly external configurations:      18686980
 Number of doubly external configurations:        524512
 Total number of contracted configurations:     19259300
 Total number of uncontracted configurations: 3169518620

 Diagonal Coupling coefficients finished.               Storage:21268533 words, CPU-Time:     25.67 seconds.
 Energy denominators for pairs finished in 1 passes.    Storage: 2233191 words, CPU-time:      0.01 seconds.

  ITER. STATE  ROOT     SQ.NORM     CORR.ENERGY   TOTAL ENERGY   ENERGY CHANGE       DEN1      VAR(S)    VAR(P)      TIME
    1     1     1     1.00000000     0.00000000  -149.59036905     0.00000000    -0.28977804  0.28D-01  0.18D-01    40.65
    2     1     1     1.04157391    -0.27692424  -149.86729329    -0.27692424    -0.01049426  0.12D-02  0.73D-03   382.20
    3     1     1     1.04286093    -0.28669514  -149.87706419    -0.00977090    -0.00097801  0.11D-03  0.65D-04   723.71
    4     1     1     1.04454791    -0.28766845  -149.87803751    -0.00097331    -0.00011502  0.13D-04  0.81D-05  1066.68
    5     1     1     1.04519146    -0.28779030  -149.87815935    -0.00012184    -0.00001391  0.13D-05  0.11D-05  1408.80
    6     1     1     1.04526145    -0.28780532  -149.87817437    -0.00001502    -0.00000191  0.20D-06  0.15D-06  1749.31
    7     1     1     1.04525463    -0.28780739  -149.87817644    -0.00000207    -0.00000028  0.30D-07  0.23D-07  2091.36
    8     1     1     1.04525985    -0.28780769  -149.87817674    -0.00000030    -0.00000005  0.60D-08  0.40D-08  2432.31


 =====================================
 Analysis of CPU times by interactions
 =====================================

       I      S      P

 I   1.0%
 S   0.8%  19.1%
 P   1.5%  71.3%   4.7%

 Initialization:   1.3%
 Other:            0.5%

 Total CPU:     2432.3 seconds
 =====================================



 Wavefunction saved on  5200.2

 Reference coefficients greater than 0.0500000
 =============================================
 22020220/0/0           0.9611117
 22020220/00/           0.0727570
 2/0/02202020          -0.0669526



 RESULTS FOR STATE 1.4
 =====================

 Coefficient of reference function:   C(0) = 0.97789347 (fixed)   0.97811038 (relaxed)

 Energy contributions of configuration classes

 CLASS          SQ.NORM        ECORR1        ECORR2
 +++++++++++++++++++++++++++++++++++++++++++++++++++
 Internals    0.00044367    0.00000001   -0.00012210
 Singles      0.02311309   -0.09845497   -0.10051361
 Pairs        0.02216684   -0.18935273   -0.18717198
 Total        1.04572360   -0.28780769   -0.28780769
 +++++++++++++++++++++++++++++++++++++++++++++++++++


 Reference energy                    -149.59036905
 Nuclear energy                        36.41649624
 Kinetic energy                       152.19881787
 One electron energy                 -277.22588347
 Two electron energy                   90.93121049
 Virial quotient                       -0.98475257
 Correlation energy                    -0.28780769
 !MRCI STATE 1.4 Energy              -149.878176742272

 Properties without orbital relaxation:

 !MRCI STATE 1.4 Dipole moment          0.00000000     0.00000000     0.00000000
 Dipole moment /Debye                   0.00000000     0.00000000     0.00000000

 Cluster corrected energies          -149.89133635 (Davidson, fixed reference)
 Cluster corrected energies          -149.89120287 (Davidson, relaxed reference)

 Cluster corrected energies          -149.88899756 (Pople, fixed reference)
 Cluster corrected energies          -149.88888483 (Pople, relaxed reference)

 

 !MRCI expec         <1.4|QMXX|1.4>     0.482523508475
 !MRCI expec         <1.4|QMYY|1.4>     0.498121875279
 !MRCI expec         <1.4|QMZZ|1.4>    -0.980645383753
 !MRCI expec         <1.4|QMRR|1.4>   -21.990844968812


 **********************************************************************************************************************************
 DATASETS  * FILE   NREC   LENGTH (MB)   RECORD NAMES
              1      20      319.70       500      701      610      900      950      970     1000      129      960     1100   
                                          VAR     GEOM    BASINP   SYMINP    ZMAT    AOBASIS   BASIS     P2S    ABASIS      S 
                                         1400     1410     1200     1210     1080     1600     1650     1300     1700     1380   
                                           T        V       H0       H01     AOSYM     SMH    MOLCAS    ERIS     OPER     JKOP   

              2      11      494.26       500      610      700     1000      520     2100     2140      701     2140(1)  5200   
                                          VAR    BASINP    GEOM     BASIS   MCVARS     RHF     MCSCF    GEOM     MCSCF    MRCI   
                                         6200   
                                         MRCI   

 PROGRAMS   *        TOTAL        CI     MULTI       INT        CI        CI        CI     MULTI       INT   RESTART
 CPU TIMES  *      8247.57   2452.11     27.23     24.73    213.00   3045.45   2448.18     11.70     24.88      0.20
 REAL TIME  *      8362.19 SEC
 DISK USED  *         4.20 GB      
 **********************************************************************************************************************************


 PROGRAM * CI (Multireference internally contracted CI)     Authors: H.-J. Werner, P.J. Knowles, 1987


 Convergence thresholds:  THRVAR = 1.00D-08  THRDEN = 1.00D-06

 Number of optimized states:  2  Roots:   1   2
 Number of reference states:  2  Roots:   1   2

 Program parameters:       NSTATE=  2    NSTATI=  3    NSTATR=  2    NCEPA = -1    NOKOP =  0    ITRDM =  0    ITRANS=  0
                           IDIP  =200    MAXIT =250    MAXITI=250    MAXDAV=  6    MAXVI =  9    NOSING=  0    NOPAIR=  0
                           MXSHRF=  9    IKCPS =  0    IOPTGM=  2    IOPTOR=  0    REFOPT=  1    IAVDEN=  0    IDELCG=  1
                           IREST =  0    NATORB=  0    IPUNRF=  0    ISEP  =  0    OLDDEN=  0    NSTPRI=  1    GPSFLI= -1
                           CLUSTE=  0    CLOSED=  1    ILSTYP=  0    ITRLS =  0    ICCSD =  0    LOCAL =  0    IBASO =  0
                           MP    =  0    ITEDIS=  2    INCDIS=  1    MAXDIS=  6    ITYDIS=  1    BRUECK=  0    IBRSTR=  3
                           INCBRK=  1    TRIPLE=  0    ICCTYP=  1    IHPPD =  0    ICCNEW=  0    I3EXT = -1    IDEB  =  0
                           IDLEIG=  1    IDFTYP=  1    IMP3  =  0    IPROCS=  0    NOINT =  0    NOREF =  1    IMP2G =  0
                           IHINT =  0    IFDIA =  0    ISPARO=  1    JKSYM =  0    CPHF  =  0    MP2D  = -1    DKINT =  0
                           NPKEX =  1    DRVK  =  1    HLSTRA=  1    WIGNER=  1    DIIS_C=  1    MAXIT_= 50    MATEL =  0
                           SPDEG =  1    MEMCPH=  0    DISM  =  1    KDCPMA=  5    IKDCP_=  0    IREDTH=  0    USECS =  0
                           IPROCC=  0    I3SAVE=  1    IKDCP =  1    USECI =  0    OLDPAI=  0    IPROCI=  0    KEEPCL=  1
                           DISCON=  0    SHIFTE=  0    DIISIN=  0    MOLCAS=  0    MEM_PT=  0    RECORD=  0    RS2C  =  0
                           KEXT  = -1    CIPT2 =  0    DECP0S=  0    I4EXT = -1    NATCOR=  0    RIMP2 =  0    DDCI  = -1

 Reference symmetry:                   1   Singlet 
 Number of electrons:                 16
 Maximum number of shells:             7
 Maximum number of spin couplings:   132

 Reference space:     9608 conf    28784 CSFs
 N elec internal:    73789 conf   226512 CSFs
 N-1 el internal:    69576 conf   339768 CSFs
 N-2 el internal:    58182 conf   452544 CSFs

 Number of electrons in valence space:                     12
 Maximum number of open shell orbitals in reference space: 10
 Maximum number of open shell orbitals in internal spaces: 12


 Number of core orbitals:           2 (   2   0   0   0   0   0   0   0 )
 Number of active  orbitals:       12 (   1   2   2   0   3   2   2   0 )
 Number of external orbitals:     240 (  43  29  29  19  43  29  29  19 )

 Molecular orbitals read from record     2140.2  Type=MCSCF/NATURAL (state averaged)

 Coulomb and exchange operators available. No transformation done.

 Number of p-space configurations:   3

 Reference wavefunction optimized for reference space (refopt=1)

 State     Reference Energy 
   1        -149.54950146
   2        -149.51279735
   3        -149.28907277

 Number of blocks in overlap matrix:    16   Smallest eigenvalue:  0.15D-04
 Number of N-2 electron functions:     288
 Number of N-1 electron functions:  339768

 Number of internal configurations:                28784
 Number of singly external configurations:      10197000
 Number of doubly external configurations:       1049024
 Total number of contracted configurations:     11274808
 Total number of uncontracted configurations: 1637811384

 Diagonal Coupling coefficients finished.               Storage:21559646 words, CPU-Time:     37.19 seconds.
 Energy denominators for pairs finished in 1 passes.    Storage: 1011457 words, CPU-time:      0.02 seconds.

  ITER. STATE  ROOT     SQ.NORM     CORR.ENERGY   TOTAL ENERGY   ENERGY CHANGE       DEN1      VAR(S)    VAR(P)      TIME
    1     1     1     1.00000000     0.00000000  -149.54950146     0.00000000    -0.28347374  0.27D-01  0.16D-01    51.90
    1     2     2     1.00000000     0.00000000  -149.51279735     0.00000000    -0.29116128  0.29D-01  0.18D-01    51.90
    2     1     1     1.04196964    -0.27777678  -149.82727825    -0.27777678    -0.01133373  0.11D-02  0.80D-03   322.37
    2     2     2     1.04303300    -0.28301888  -149.79581623    -0.28301888    -0.01184058  0.12D-02  0.87D-03   322.37
    3     1     1     1.04387503    -0.28878607  -149.83828753    -0.01100928    -0.00111439  0.12D-03  0.74D-04   595.51
    3     2     2     1.04502835    -0.29461966  -149.80741701    -0.01160079    -0.00132523  0.15D-03  0.93D-04   595.51
    4     1     1     1.04589161    -0.28992946  -149.83943093    -0.00114339    -0.00015059  0.15D-04  0.11D-04   868.07
    4     2     2     1.04753955    -0.29601898  -149.80881633    -0.00139932    -0.00021061  0.20D-04  0.16D-04   868.07
    5     1     1     1.04661779    -0.29009322  -149.83959468    -0.00016376    -0.00002472  0.22D-05  0.19D-05  1140.83
    5     2     2     1.04850450    -0.29625888  -149.80905623    -0.00023990    -0.00004199  0.35D-05  0.36D-05  1140.83
    6     1     1     1.04667403    -0.29012139  -149.83962285    -0.00002817    -0.00000552  0.55D-06  0.42D-06  1412.62
    6     2     2     1.04859532    -0.29630871  -149.80910606    -0.00004983    -0.00001125  0.11D-05  0.93D-06  1412.62
    7     1     1     1.04672714    -0.29012747  -149.83962893    -0.00000608    -0.00000156  0.17D-06  0.11D-06  1683.63
    7     2     2     1.04869251    -0.29632134  -149.80911869    -0.00001263    -0.00000369  0.39D-06  0.29D-06  1683.63
    8     1     1     1.04675904    -0.29012914  -149.83963061    -0.00000168    -0.00000050  0.51D-07  0.36D-07  1954.34
    8     2     2     1.04874840    -0.29632530  -149.80912265    -0.00000396    -0.00000132  0.13D-06  0.11D-06  1954.34
    9     1     1     1.04676781    -0.29012969  -149.83963115    -0.00000055    -0.00000017  0.19D-07  0.12D-07  2225.63
    9     2     2     1.04876659    -0.29632676  -149.80912411    -0.00000146    -0.00000050  0.49D-07  0.42D-07  2225.63
   10     1     1     1.04677180    -0.29012988  -149.83963134    -0.00000019    -0.00000007  0.84D-08  0.45D-08  2496.67
   10     2     2     1.04877764    -0.29632732  -149.80912467    -0.00000056    -0.00000021  0.24D-07  0.17D-07  2496.67
   11     1     1     1.04677349    -0.29012995  -149.83963141    -0.00000007    -0.00000003  0.29D-08  0.18D-08  2767.39
   11     2     2     1.04878315    -0.29632755  -149.80912490    -0.00000022    -0.00000009  0.94D-08  0.75D-08  2767.39
   12     1     1     1.04677349    -0.29012995  -149.83963141    -0.00000000    -0.00000003  0.29D-08  0.18D-08  2990.72
   12     2     2     1.04879621    -0.29632771  -149.80912506    -0.00000016    -0.00000001  0.13D-08  0.86D-09  2990.72


 =====================================
 Analysis of CPU times by interactions
 =====================================

       I      S      P

 I   0.9%
 S   1.0%  19.4%
 P   2.5%  62.2%  11.4%

 Initialization:   1.4%
 Other:            1.2%

 Total CPU:     2990.7 seconds
 =====================================



 Wavefunction saved on  6200.2

 Reference coefficients greater than 0.0500000
 =============================================
 220202202000           0.7162937   0.6373394
 220202200020          -0.6347239   0.7016025
 2202022000/\          -0.0916320   0.1242896
 200202202020           0.0617915  -0.0865965
 220002202020          -0.0743232  -0.0817205
 220202002020          -0.0047020  -0.0669024

 Coefficients of fixed reference functions:
 ==========================================

 State      Coefficients
   1         0.945454   -0.246683
   2         0.250743    0.943272

 Coefficients of rotated reference functions:
 ============================================

 State      Coefficients
   1         0.977104    0.002241
   2         0.002241    0.976028



 RESULTS FOR STATE 1.1
 =====================

 Coefficient of reference function:   C(0) = 0.94545441 (fixed)   0.97740294 (relaxed)   0.97710366 (rotated)

 Energy contributions of configuration classes

 CLASS          SQ.NORM        ECORR1        ECORR2
 +++++++++++++++++++++++++++++++++++++++++++++++++++
 Internals    0.06872533   -0.00000000   -0.01782340
 Singles      0.02596782   -0.10159053   -0.09754516
 Pairs        0.02402019   -0.18853941   -0.17476139
 Total        1.11871334   -0.29012995   -0.29012995
 +++++++++++++++++++++++++++++++++++++++++++++++++++


 Reference energy                    -149.54950146
 Nuclear energy                        36.41649624
 Kinetic energy                       152.13968956
 One electron energy                 -277.08799284
 Two electron energy                   90.83186519
 Virial quotient                       -0.98488193
 Correlation energy                    -0.29012995
 !MRCI STATE 1.1 Energy              -149.839631412396

 Properties without orbital relaxation:

 !MRCI STATE 1.1 Dipole moment          0.00000000     0.00000000     0.00000000
 Dipole moment /Debye                   0.00000000     0.00000000     0.00000000

 Cluster corrected energies          -149.87407371 (Davidson, fixed reference)
 Cluster corrected energies          -149.85320180 (Davidson, relaxed reference)
 Cluster corrected energies          -149.85338787 (Davidson, rotated reference)

 Cluster corrected energies          -149.87072847 (Pople, fixed reference)
 Cluster corrected energies          -149.85130027 (Pople, relaxed reference)
 Cluster corrected energies          -149.85146539 (Pople, rotated reference)


 Cluster corrections using rotated reference energy:

 Reference energy (rotated)          -149.54712074
 MRCI Correlation energy               -0.29251067

 Cluster corrected energies          -149.85331316 (Davidson, relaxed reference)
 Cluster corrected energies          -149.85350075 (Davidson, rotated reference)

 Cluster corrected energies          -149.85139603 (Pople, relaxed reference)
 Cluster corrected energies          -149.85156249 (Pople, rotated reference)

 

 !MRCI expec         <1.1|QMXX|1.1>     0.398124807542
 !MRCI expec         <1.1|QMYY|1.1>     0.649466166951
 !MRCI expec         <1.1|QMZZ|1.1>    -1.047590974492
 !MRCI expec         <1.1|QMRR|1.1>   -22.309685651655



 RESULTS FOR STATE 2.1
 =====================

 Coefficient of reference function:   C(0) = 0.94327248 (fixed)   0.97645997 (relaxed)   0.97602763 (rotated)

 Energy contributions of configuration classes

 CLASS          SQ.NORM        ECORR1        ECORR2
 +++++++++++++++++++++++++++++++++++++++++++++++++++
 Internals    0.07160458   -0.00000000   -0.01887937
 Singles      0.02635541   -0.09651425   -0.09282264
 Pairs        0.02593483   -0.19981346   -0.18462570
 Total        1.12389482   -0.29632771   -0.29632771
 +++++++++++++++++++++++++++++++++++++++++++++++++++


 Reference energy                    -149.51279735
 Nuclear energy                        36.41649624
 Kinetic energy                       152.10630946
 One electron energy                 -276.97443105
 Two electron energy                   90.74880975
 Virial quotient                       -0.98489751
 Correlation energy                    -0.29632771
 !MRCI STATE 2.1 Energy              -149.809125063685

 Properties without orbital relaxation:

 !MRCI STATE 2.1 Dipole moment          0.00000000     0.00000000     0.00000000
 Dipole moment /Debye                   0.00000000     0.00000000     0.00000000

 Cluster corrected energies          -149.84583853 (Davidson, fixed reference)
 Cluster corrected energies          -149.82358473 (Davidson, relaxed reference)
 Cluster corrected energies          -149.82386013 (Davidson, rotated reference)

 Cluster corrected energies          -149.84239009 (Pople, fixed reference)
 Cluster corrected energies          -149.82157556 (Pople, relaxed reference)
 Cluster corrected energies          -149.82182064 (Pople, rotated reference)


 Cluster corrections using rotated reference energy:

 Reference energy (rotated)          -149.51517807
 MRCI Correlation energy               -0.29394699

 Cluster corrected energies          -149.82346856 (Davidson, relaxed reference)
 Cluster corrected energies          -149.82374174 (Davidson, rotated reference)

 Cluster corrected energies          -149.82147553 (Pople, relaxed reference)
 Cluster corrected energies          -149.82171864 (Pople, rotated reference)

 

 !MRCI expec         <2.1|QMXX|2.1>     0.728103916878
 !MRCI expec         <2.1|QMYY|2.1>     0.384449331667
 !MRCI expec         <2.1|QMZZ|2.1>    -1.112553248544
 !MRCI expec         <2.1|QMRR|2.1>   -22.649263108286

 !MRCI trans         <2.1|QMXX|1.1>    -1.266664115892
 !MRCI trans         <2.1|QMYY|1.1>     1.261024348977
 !MRCI trans         <2.1|QMZZ|1.1>     0.005639766915
 !MRCI trans         <2.1|QMRR|1.1>     0.073146609897


 **********************************************************************************************************************************
 DATASETS  * FILE   NREC   LENGTH (MB)   RECORD NAMES
              1      20      319.70       500      701      610      900      950      970     1000      129      960     1100   
                                          VAR     GEOM    BASINP   SYMINP    ZMAT    AOBASIS   BASIS     P2S    ABASIS      S 
                                         1400     1410     1200     1210     1080     1600     1650     1300     1700     1380   
                                           T        V       H0       H01     AOSYM     SMH    MOLCAS    ERIS     OPER     JKOP   

              2      11      494.26       500      610      700     1000      520     2100     2140      701     2140(1)  5200   
                                          VAR    BASINP    GEOM     BASIS   MCVARS     RHF     MCSCF    GEOM     MCSCF    MRCI   
                                         6200   
                                         MRCI   

 PROGRAMS   *        TOTAL        CI        CI     MULTI       INT        CI        CI        CI     MULTI       INT   RESTART
 CPU TIMES  *     11285.48   3037.91   2452.11     27.23     24.73    213.00   3045.45   2448.18     11.70     24.88      0.20
 REAL TIME  *     11431.00 SEC
 DISK USED  *         4.20 GB      
 **********************************************************************************************************************************


 PROGRAM * CI (Multireference internally contracted CI)     Authors: H.-J. Werner, P.J. Knowles, 1987


   ******************************
   *** Spin-orbit calculation ***
   ******************************


   Spin-orbit matrix elements
   ==========================

  

 PROGRAM * SEWLS (Spin-orbit & spin-spin integral evaluation)

 Modified from original SEWARD code by Alexander Mitrushchenkov
 
 Original version: December 2001, 2D-derivatives modifications: Stuttgart 2004
  
  
 The following spin-orbit components are calculated:
  
    Operator      Symmetry
  
      LSZ            4
  
 Integral cutoff:   0.10E-09

 Time for Seward_LS:      59.91 sec

       90119764. SPIN-ORBIT INTEGRALS WRITTEN OUT IN    22008 RECORDS ON RECORD     11290 OF FILE 1


 CPU time:     59.91 sec, REAL time:     60.78 sec


 SORTLS1 read    90119764. and wrote    90119764. SO integrals in   344 records. CPU time:      0.89 sec, REAL time:      1.81 sec
 SORTLS2 read    90119764. and wrote   130473100. SO integrals in     1 records. CPU time:      0.48 sec, REAL time:      1.20 sec

 FILE SIZES: FILE 1:  1762.4 MBYTE, FILE 4:  1442.9 MBYTE, TOTAL:  3205.2 MBYTE
 Preparing effective Fock matrices
  
 Total X Y Z Fock matrices evaluated:     0    0    3
  
 Wavefunction restored from record  5200.2  Symmetry=4  S= 1.0  NSTATE=1
 Wavefunction restored from record  6200.2  Symmetry=1  S= 0.0  NSTATE=2

 Bra-wavefunction restored from record   5200.2
 Ket-wavefunction restored from record   6200.2


 Symmetry of spin-orbit operator:         4
 Symmetry of bra wavefunction:            4   S= 1.0  MS= 0.0
 Symmetry of ket wavefunction:            1   S= 0.0  MS= 0.0

 

 Spin-orbit matrix elements for mean field operator:

 !MRCI trans          <1.4|LSZ|1.1>    -0.000039688330i au =    -8.710581583642i cm-1
 !MRCI trans          <1.4|LSZ|2.1>    -0.000684180676i au =  -150.160301127432i cm-1

 Spin-orbit matrix elements using full Breit-Pauli operator for internal part:

 !MRCI trans          <1.4|LSZ|1.1>    -0.000039283126i au =    -8.621649596148i cm-1
 !MRCI trans          <1.4|LSZ|2.1>    -0.000684261966i au =  -150.178142302298i cm-1

 >>> Hamiltonian transformed to symmetry adapted basis <<<


 Eigenvalues of the spin-orbit matrix
 ....................................

   Nr  Sym         E             E-E0         E-E0           E-E(1)      E-E(1)      E-E(1)
                 (au)            (au)        (cm-1)           (au)       (cm-1)        (eV)
   1   1   -149.87818356     -0.00000682       -1.50      0.00000000        0.00      0.0000
   2   1   -149.83963137      0.03854537     8459.73      0.03855219     8461.23      1.0491
   3   1   -149.80911828      0.06905846    15156.58      0.06906528    15158.08      1.8794
 
   4   6   -149.87817674      0.00000000        0.00      0.00000682        1.50      0.0002
 
   5   7   -149.87817674      0.00000000        0.00      0.00000682        1.50      0.0002

 E0 =   -149.87817674 is the energy of the lowest zeroth-order state
 E1 =   -149.87818356 is the energy of the lowest SO-state


  Expectation values <i|QMXX|i>
  ............................

  state:         1           2           3           4           5
  value:      0.482522    0.398183    0.728047    0.482524    0.482524
 

  Transition matrix elements <i|QMXX| 1> with the ground state
  ...........................................................

                             1           2           3           4           5
  Real Part  (a.u.):      0.482522    0.012636   -0.001142    0.000000    0.000000
  Imag Part  (a.u.):      0.000000   -0.000000    0.000000    0.000000    0.000000
  Abs. Value (a.u.):      0.482522    0.012636    0.001142    0.000000    0.000000
 

  Expectation values <i|QMYY|i>
  ............................

  state:         1           2           3           4           5
  value:      0.498136    0.649408    0.384493    0.498122    0.498122
 

  Transition matrix elements <i|QMYY| 1> with the ground state
  ...........................................................

                             1           2           3           4           5
  Real Part  (a.u.):      0.498136   -0.012648   -0.000159    0.000000    0.000000
  Imag Part  (a.u.):      0.000000    0.000000   -0.000000    0.000000    0.000000
  Abs. Value (a.u.):      0.498136    0.012648    0.000159    0.000000    0.000000
 

  Expectation values <i|QMZZ|i>
  ............................

  state:         1           2           3           4           5
  value:     -0.980658   -1.047591   -1.112540   -0.980645   -0.980645
 

  Transition matrix elements <i|QMZZ| 1> with the ground state
  ...........................................................

                             1           2           3           4           5
  Real Part  (a.u.):     -0.980658    0.000012    0.001301    0.000000    0.000000
  Imag Part  (a.u.):      0.000000   -0.000000    0.000000    0.000000    0.000000
  Abs. Value (a.u.):      0.980658    0.000012    0.001301    0.000000    0.000000
 

  Expectation values <i|QMRR|i>
  ............................

  state:         1           2           3           4           5
  value:    -21.990908  -22.309689  -22.649197  -21.990845  -21.990845
 

  Transition matrix elements <i|QMRR| 1> with the ground state
  ...........................................................

                             1           2           3           4           5
  Real Part  (a.u.):    -21.990908   -0.000400    0.006449    0.000000    0.000000
  Imag Part  (a.u.):      0.000000   -0.000000    0.000000    0.000000    0.000000
  Abs. Value (a.u.):     21.990908    0.000400    0.006449    0.000000    0.000000
 


 **********************************************************************************************************************************
 DATASETS  * FILE   NREC   LENGTH (MB)   RECORD NAMES
              1      22     1363.82       500      701      610      900      950      970     1000      129      960     1100   
                                          VAR     GEOM    BASINP   SYMINP    ZMAT    AOBASIS   BASIS     P2S    ABASIS      S 
                                         1400     1410     1200     1210     1080     1600     1650     1300     1700     1380   
                                           T        V       H0       H01     AOSYM     SMH    MOLCAS    ERIS     OPER     JKOP   
                                         1700(1)  1303   
                                         OPER     LSZ2   

              2      11      494.26       500      610      700     1000      520     2100     2140      701     2140(1)  5200   
                                          VAR    BASINP    GEOM     BASIS   MCVARS     RHF     MCSCF    GEOM     MCSCF    MRCI   
                                         6200   
                                         MRCI   

 PROGRAMS   *        TOTAL        CI        CI        CI     MULTI       INT        CI        CI        CI     MULTI       INT
 CPU TIMES  *     11498.13    212.65   3037.91   2452.11     27.23     24.73    213.00   3045.45   2448.18     11.70     24.88
 REAL TIME  *     11660.07 SEC
 DISK USED  *         4.20 GB      
 **********************************************************************************************************************************

 DO I                   =         3.00000000   


 Using spherical harmonics

 Library entry O      S aug-cc-pV5Z          selected for orbital group  1
 Library entry O      P aug-cc-pV5Z          selected for orbital group  1
 Library entry O      D aug-cc-pV5Z          selected for orbital group  1
 Library entry O      F aug-cc-pV5Z          selected for orbital group  1
 Library entry O      G aug-cc-pV5Z          selected for orbital group  1
 Library entry O      H aug-cc-pV5Z          selected for orbital group  1


 PROGRAM * SEWARD (Integral evaluation for generally contracted gaussian basis sets)     Author: Roland Lindh, 1990

 Geometry written to block  1 of record 701

 Orientation using atomic masses  
 Molecule type: Linear
 Symmetry elements: X,Y,Z
 Rotational constants:      74.6393475     74.6393475      0.0000000 GHz  (calculated with average atomic masses)

 Point group  D2h 



 ATOMIC COORDINATES

 NR  ATOM    CHARGE       X              Y              Z

   1  O       8.00    0.000000000    0.000000000   -0.869274017
   2  O       8.00    0.000000000    0.000000000    0.869274017

 Bond lengths in Bohr (Angstrom)

 1-2  1.738548035
     ( 0.920000000)

 NUCLEAR CHARGE:                   16
 NUMBER OF PRIMITIVE AOS:         398
 NUMBER OF SYMMETRY AOS:          288
 NUMBER OF CONTRACTIONS:          254   (  46Ag  +  31B3u +  31B2u +  19B1g +  46B1u +  31B2g +  31B3g +  19Au  )
 NUMBER OF CORE ORBITALS:           2   (   1Ag  +   0B3u +   0B2u +   0B1g +   1B1u +   0B2g +   0B3g +   0Au  )
 NUMBER OF VALENCE ORBITALS:        8   (   2Ag  +   1B3u +   1B2u +   0B1g +   2B1u +   1B2g +   1B3g +   0Au  )


 NUCLEAR REPULSION ENERGY   36.81232772

 EXTRA SYMMETRY OF AOS IN SYMMETRY 1:   1 1 1 1 1 1 1 1 1 1   1 1 1 1 2 1 2 1 2 1   2 1 2 1 2 1 2 1 2 1   2 1 3 2 1 3 2 1 3 2
                                        2 3 1 2 3 1
 EXTRA SYMMETRY OF AOS IN SYMMETRY 2:   1 1 1 1 1 1 1 1 1 1   1 1 2 1 2 1 2 1 2 1   2 1 2 1 2 1 2 3 1 2   3
 EXTRA SYMMETRY OF AOS IN SYMMETRY 3:   1 1 1 1 1 1 1 1 1 1   1 1 2 1 2 1 2 1 2 1   2 1 2 1 2 1 2 3 1 2   3
 EXTRA SYMMETRY OF AOS IN SYMMETRY 4:   1 1 1 1 1 1 1 1 1 1   2 1 2 1 2 2 1 2 1
 EXTRA SYMMETRY OF AOS IN SYMMETRY 5:   1 1 1 1 1 1 1 1 1 1   1 1 1 1 2 1 2 1 2 1   2 1 2 1 2 1 2 1 2 1   2 1 3 2 1 3 2 1 3 2
                                        2 3 1 2 3 1
 EXTRA SYMMETRY OF AOS IN SYMMETRY 6:   1 1 1 1 1 1 1 1 1 1   1 1 2 1 2 1 2 1 2 1   2 1 2 1 2 1 2 3 1 2   3
 EXTRA SYMMETRY OF AOS IN SYMMETRY 7:   1 1 1 1 1 1 1 1 1 1   1 1 2 1 2 1 2 1 2 1   2 1 2 1 2 1 2 3 1 2   3
 EXTRA SYMMETRY OF AOS IN SYMMETRY 8:   1 1 1 1 1 1 1 1 1 1   2 1 2 1 2 2 1 2 1

 Eigenvalues of metric

         1 0.892E-04 0.256E-03 0.611E-03 0.174E-02 0.586E-02 0.232E-01 0.234E-01 0.274E-01
         2 0.905E-03 0.477E-02 0.988E-02 0.396E-01 0.564E-01 0.148E+00 0.155E+00 0.166E+00
         3 0.905E-03 0.477E-02 0.988E-02 0.396E-01 0.564E-01 0.148E+00 0.155E+00 0.166E+00
         4 0.234E-01 0.849E-01 0.898E-01 0.219E+00 0.295E+00 0.320E+00 0.463E+00 0.474E+00
         5 0.636E-05 0.584E-04 0.219E-03 0.552E-03 0.719E-03 0.834E-03 0.161E-02 0.478E-02
         6 0.287E-04 0.182E-03 0.113E-02 0.538E-02 0.125E-01 0.224E-01 0.267E-01 0.528E-01
         7 0.287E-04 0.182E-03 0.113E-02 0.538E-02 0.125E-01 0.224E-01 0.267E-01 0.528E-01
         8 0.719E-03 0.625E-02 0.250E-01 0.614E-01 0.160E+00 0.164E+00 0.197E+00 0.198E+00


 Contracted 2-electron integrals neglected if value below      1.0D-12
 AO integral compression algorithm  1   Integral accuracy      1.0D-12

     469.500 MB (compressed) written to integral file ( 51.4%)


 NUMBER OF SORTED TWO-ELECTRON INTEGRALS:   66838400.     BUFFER LENGTH:  32768
 NUMBER OF SEGMENTS:   5  SEGMENT LENGTH:   15999177      RECORD LENGTH: 524288

 Memory used in sort:      16.56 MW

 SORT1 READ   114264352. AND WROTE    47776361. INTEGRALS IN    139 RECORDS. CPU TIME:     2.95 SEC, REAL TIME:     3.38 SEC
 SORT2 READ    47776361. AND WROTE    66838400. INTEGRALS IN   1791 RECORDS. CPU TIME:     1.15 SEC, REAL TIME:     1.41 SEC

 FILE SIZES:   FILE 1:   490.1 MBYTE,  FILE 4:   583.0 MBYTE,   TOTAL:   1073.1 MBYTE

 OPERATOR DM      FOR CENTER  0  COORDINATES:    0.000000    0.000000    0.000000
 OPERATOR QM      FOR CENTER  0  COORDINATES:    0.000000    0.000000    0.000000


 **********************************************************************************************************************************
 DATASETS  * FILE   NREC   LENGTH (MB)   RECORD NAMES
              1      19      309.40       500      701      610      900      950      970     1000      129      960     1100   
                                          VAR     GEOM    BASINP   SYMINP    ZMAT    AOBASIS   BASIS     P2S    ABASIS      S 
                                         1400     1410     1200     1210     1080     1600     1650     1300     1700   
                                           T        V       H0       H01     AOSYM     SMH    MOLCAS    ERIS     OPER   

              2      11      494.26       500      610      700     1000      520     2100     2140      701     2140(1)  5200   
                                          VAR    BASINP    GEOM     BASIS   MCVARS     RHF     MCSCF    GEOM     MCSCF    MRCI   
                                         6200   
                                         MRCI   

 PROGRAMS   *        TOTAL       INT        CI        CI        CI     MULTI       INT        CI        CI        CI     MULTI
 CPU TIMES  *     11522.82     24.69    212.65   3037.91   2452.11     27.23     24.73    213.00   3045.45   2448.18     11.70
 REAL TIME  *     11693.77 SEC
 DISK USED  *         4.20 GB      
 **********************************************************************************************************************************


 PROGRAM * MULTI (Direct Multiconfiguration SCF)       Authors: P.J. Knowles, H.-J. Werner (1984)     S.T. Elbert (1988)


 Number of closed-shell orbitals:   2 (   2   0   0   0   0   0   0   0 )
 Number of active  orbitals:       12 (   1   2   2   0   3   2   2   0 )
 Number of external orbitals:     240 (  43  29  29  19  43  29  29  19 )

 State symmetry 1

 Number of electrons:    12    Spin symmetry=Singlet   Space symmetry=1
 Number of states:        3
 Number of CSFs:      28784   (107016 determinants, 853776 intermediate states)

 State symmetry 2

 Number of electrons:    12    Spin symmetry=Triplet   Space symmetry=4
 Number of states:        2
 Number of CSFs:      47808   (78400 determinants, 627264 intermediate states)

 Iteration controls:
             1  2  3  4  5  6  7  8  9 10 11 12 13 14 15 16 17 18 19 20 21 22 23 24 25 26 27 28 29 30 31 32 33 34 35 36 37 38 39
 DIAGCI      T  T  T  T  T  T  T  T  T  T  T  T  T  T  T  T  T  T  T  T  T  T  T  T  T  T  T  T  T  T  T  T  T  T  T  T  T  T  T
 WERNER      T  T  T  T  T  T  T  T  T  T  T  T  T  T  T  T  T  T  T  T  T  T  T  T  T  T  T  T  T  T  T  T  T  T  T  T  T  T  T
 INTERNAL    F  T  T  T  T  T  T  T  T  T  T  T  T  T  T  T  T  T  T  T  T  T  T  T  T  T  T  T  T  T  T  T  T  T  T  T  T  T  T

 Molecular orbitals read from record     2140.2  Type=MCSCF/NATURAL (state averaged)

 EXTRA SYMMETRY OF MOS IN SYMMETRY 1:   1 1 1 1 1 2 1 1 1 2   2 1 1 3 1 1 2 2 1 1   2 1 1 3 2 3 1 2 1 2   1 2 1 1 3 2 1 1 1 3
                                        2 2 2 1 1 1
 EXTRA SYMMETRY OF MOS IN SYMMETRY 2:   1 1 1 1 1 2 1 1 2 1   1 2 1 1 3 2 1 2 1 2   1 1 2 3 1 1 1 2 2 1   1
 EXTRA SYMMETRY OF MOS IN SYMMETRY 3:   1 1 1 1 1 2 1 1 2 1   1 2 1 1 3 2 1 2 1 2   1 1 2 3 1 1 1 2 2 1   1
 EXTRA SYMMETRY OF MOS IN SYMMETRY 4:   1 1 1 2 1 1 1 2 1 2   1 1 1 2 1 2 1 1 1
 EXTRA SYMMETRY OF MOS IN SYMMETRY 5:   1 1 1 1 1 2 1 1 2 1   1 2 1 1 1 3 2 2 1 1   2 1 2 1 3 1 2 3 1 2   1 1 2 1 2 3 1 3 1 2
                                        1 1 2 2 1 1
 EXTRA SYMMETRY OF MOS IN SYMMETRY 6:   1 1 1 1 1 2 1 1 2 1   1 2 1 1 3 1 2 2 1 2   1 1 3 1 1 2 2 2 1 1   1
 EXTRA SYMMETRY OF MOS IN SYMMETRY 7:   1 1 1 1 2 1 1 1 2 1   1 2 1 1 3 1 2 2 1 2   1 1 3 1 1 2 2 2 1 1   1
 EXTRA SYMMETRY OF MOS IN SYMMETRY 8:   1 1 1 2 1 1 1 1 2 1   2 1 1 1 2 2 1 1 1

 Wavefunction dump at record             2140.2

 Convergence thresholds  0.10E-01 (gradient)  0.10E-05 (energy)  0.10E-02 (step length)

 Weight factors for state symmetry  1:    0.20000   0.20000   0.20000
 Weight factors for state symmetry  2:    0.20000   0.20000

 Number of orbital rotations:      492   (     2 Core/Active     86 Core/Virtual   0 Active/Active    404 Active/Virtual)
 Total number of variables:     478340


 ITER. MIC  NCI  NEG     ENERGY(VAR)     ENERGY(PROJ)   ENERGY CHANGE     GRAD(0)  GRAD(ORB)   GRAD(CI)     STEP       TIME

   1   47   47    0    -149.42701948    -149.42717479   -0.00015531    0.04036717 0.00000000 0.00036519  0.22D-01      8.87
   2   24   35    0    -149.42717469    -149.42717470   -0.00000001    0.00004850 0.00000200 0.00005802  0.16D-02     16.26
   3   25   27    0    -149.42717470    -149.42717470   -0.00000000    0.00000159 0.00000031 0.00001644  0.89D-04     22.45

 ** WVFN ****  CONVERGENCE REACHED, FINAL GRADIENT:  0.37D-06



 Results for state 1.1
 =====================

 !MCSCF STATE 1.1 Energy             -149.525300533285
 Nuclear energy                        36.81232772
 Kinetic energy                       152.17647486
 One electron energy                 -278.23735391
 Two electron energy                   91.89972566
 Virial ratio                           1.98257829

 !MCSCF STATE 1.1 Dipole moment         0.00000000     0.00000000     0.00000000
 Dipole moment /Debye                   0.00000000     0.00000000     0.00000000

 Results for state 2.1
 =====================

 !MCSCF STATE 2.1 Energy             -149.488674780335
 Nuclear energy                        36.81232772
 Kinetic energy                       152.37604508
 One electron energy                 -278.37517581
 Two electron energy                   92.07417332
 Virial ratio                           1.98105102

 !MCSCF STATE 2.1 Dipole moment         0.00000000     0.00000000     0.00000000
 Dipole moment /Debye                   0.00000000     0.00000000     0.00000000

 Results for state 3.1
 =====================

 !MCSCF STATE 3.1 Energy             -149.270494951656
 Nuclear energy                        36.81232772
 Kinetic energy                       150.52746645
 One electron energy                 -272.39730905
 Two electron energy                   86.31448638
 Virial ratio                           1.99164955

 !MCSCF STATE 3.1 Dipole moment         0.00000000     0.00000000     0.00000000
 Dipole moment /Debye                   0.00000000     0.00000000     0.00000000



 Results for state 1.4
 =====================

 !MCSCF STATE 1.4 Energy             -149.566053940395
 Nuclear energy                        36.81232772
 Kinetic energy                       152.35359465
 One electron energy                 -278.48384466
 Two electron energy                   92.10546300
 Virial ratio                           1.98170348

 !MCSCF STATE 1.4 Dipole moment         0.00000000     0.00000000     0.00000000
 Dipole moment /Debye                   0.00000000     0.00000000     0.00000000

 Results for state 2.4
 =====================

 !MCSCF STATE 2.4 Energy             -149.285349296393
 Nuclear energy                        36.81232772
 Kinetic energy                       150.49092417
 One electron energy                 -272.11737712
 Two electron energy                   86.01970011
 Virial ratio                           1.99198905

 !MCSCF STATE 2.4 Dipole moment         0.00000000     0.00000000     0.00000000
 Dipole moment /Debye                   0.00000000     0.00000000     0.00000000

 State-averaged charge density matrix saved on record  2140.2 (density set 1)

 !MCSCF expec        <1.1|QMXX|1.1>    -0.233576962050
 !MCSCF trans        <2.1|QMXX|1.1>    -1.067326324705
 !MCSCF expec        <2.1|QMXX|2.1>     1.400024606035
 !MCSCF trans        <3.1|QMXX|1.1>    -0.926994697622
 !MCSCF trans        <3.1|QMXX|2.1>     2.340735563079
 !MCSCF expec        <3.1|QMXX|3.1>    12.477917219361
 !MCSCF expec        <1.4|QMXX|1.4>     0.435392404486
 !MCSCF trans        <2.4|QMXX|1.4>     1.244109236774
 !MCSCF expec        <2.4|QMXX|2.4>    11.927655112441

 !MCSCF expec        <1.1|QMYY|1.1>     1.208274859668
 !MCSCF trans        <2.1|QMYY|1.1>     1.064761023234
 !MCSCF expec        <2.1|QMYY|2.1>    -0.354253754607
 !MCSCF trans        <3.1|QMYY|1.1>     0.464489369290
 !MCSCF trans        <3.1|QMYY|2.1>    -1.257239621729
 !MCSCF expec        <3.1|QMYY|3.1>    -6.630594217936
 !MCSCF expec        <1.4|QMYY|1.4>     0.475748544193
 !MCSCF trans        <2.4|QMYY|1.4>    -0.679259951328
 !MCSCF expec        <2.4|QMYY|2.4>    -5.885177537000

 !MCSCF expec        <1.1|QMZZ|1.1>    -0.974697897618
 !MCSCF trans        <2.1|QMZZ|1.1>     0.002565301471
 !MCSCF expec        <2.1|QMZZ|2.1>    -1.045770851428
 !MCSCF trans        <3.1|QMZZ|1.1>     0.462505328333
 !MCSCF trans        <3.1|QMZZ|2.1>    -1.083495941350
 !MCSCF expec        <3.1|QMZZ|3.1>    -5.847323001425
 !MCSCF expec        <1.4|QMZZ|1.4>    -0.911140948678
 !MCSCF trans        <2.4|QMZZ|1.4>    -0.564849285447
 !MCSCF expec        <2.4|QMZZ|2.4>    -6.042477575441

 !MCSCF expec        <1.1|QMRR|1.1>   -21.917349940609
 !MCSCF trans        <2.1|QMRR|1.1>     0.119971448877
 !MCSCF expec        <2.1|QMRR|2.1>   -22.556998356573
 !MCSCF trans        <3.1|QMRR|1.1>     3.374670349967
 !MCSCF trans        <3.1|QMRR|2.1>    -8.009829035446
 !MCSCF expec        <3.1|QMRR|3.1>   -59.446858664539
 !MCSCF expec        <1.4|QMRR|1.4>   -21.632772241589
 !MCSCF trans        <2.4|QMRR|1.4>    -4.114956403043
 !MCSCF expec        <2.4|QMRR|2.4>   -60.943963565626


 EXTRA SYMMETRY OF MOS IN SYMMETRY 6:   1 1 1 1 1 2 1 1 2 1   1 2 1 1 3 1 2 2 1 1   2 1 3 1 1 2 2 2 1 1   1
 EXTRA SYMMETRY OF MOS IN SYMMETRY 7:   1 1 1 1 2 1 1 1 2 1   1 2 1 1 3 1 2 2 1 1   2 1 3 1 1 2 2 2 1 1   1

 Natural orbital dump (state averaged) at molpro section  2140.2    (Orbital set 2)


 CI vector for state symmetry 1
 ==============================

 2 20 20 220 20 00        0.8716952   0.4433701  -0.0167886
 2 20 20 220 00 20       -0.4442756   0.8539825  -0.1956659
 2 20 20 220 00 ba        0.0515049  -0.1275988  -0.6762589
 2 20 20 220 00 ab       -0.0515049   0.1275988   0.6762589
 2 00 20 220 20 20        0.0401538  -0.1027703   0.0219676
 2 20 00 220 20 20       -0.0983526  -0.0621832   0.0040568
 2 00 20 220 20 ba       -0.0066371   0.0142230   0.0756762
 2 00 20 220 20 ab        0.0066371  -0.0142230  -0.0756762
 2 20 20 200 20 20       -0.0241322  -0.0705270   0.0112625
 2 a0 b0 220 b0 2a       -0.0058803   0.0135541   0.0538538
 2 b0 a0 220 a0 2b       -0.0058803   0.0135541   0.0538538

 TOTAL ENERGIES                      -149.52530053  -149.48867478  -149.27049495

 CI vector for state symmetry 2
 ==============================

 2 20 20 220 a0 a0        0.9805501  -0.0889285
 2 20 20 220 a0 0a        0.0874299   0.9688725
 2 20 00 220 a0 2a       -0.0154044  -0.1089990
 2 a0 b0 220 20 aa       -0.0108569  -0.0775233
 2 20 20 220 0a 0a       -0.0125128  -0.0751066
 2 a0 a0 220 20 20       -0.0708825   0.0070848
 2 a0 a0 220 20 ba        0.0054432   0.0587295
 2 20 20 200 a0 2a       -0.0068032  -0.0542687

 TOTAL ENERGIES                      -149.56605394  -149.28534930



 **********************************************************************************************************************************
 DATASETS  * FILE   NREC   LENGTH (MB)   RECORD NAMES
              1      20      319.98       500      701      610      900      950      970     1000      129      960     1100   
                                          VAR     GEOM    BASINP   SYMINP    ZMAT    AOBASIS   BASIS     P2S    ABASIS      S 
                                         1400     1410     1200     1210     1080     1600     1650     1300     1700     1380   
                                           T        V       H0       H01     AOSYM     SMH    MOLCAS    ERIS     OPER     JKOP   

              2      11      494.26       500      610      700     1000      520     2100     2140      701     2140(1)  5200   
                                          VAR    BASINP    GEOM     BASIS   MCVARS     RHF     MCSCF    GEOM     MCSCF    MRCI   
                                         6200   
                                         MRCI   

 PROGRAMS   *        TOTAL     MULTI       INT        CI        CI        CI     MULTI       INT        CI        CI        CI
 CPU TIMES  *     11551.23     28.41     24.69    212.65   3037.91   2452.11     27.23     24.73    213.00   3045.45   2448.18
 REAL TIME  *     11724.45 SEC
 DISK USED  *         4.20 GB      
 **********************************************************************************************************************************


 PROGRAM * CI (Multireference internally contracted CI)     Authors: H.-J. Werner, P.J. Knowles, 1987


 Convergence thresholds:  THRVAR = 1.00D-08  THRDEN = 1.00D-06

 Number of optimized states:  1  Roots:   1
 Number of reference states:  1  Roots:   1

 Program parameters:       NSTATE=  1    NSTATI=  2    NSTATR=  1    NCEPA = -1    NOKOP =  0    ITRDM =  0    ITRANS=  0
                           IDIP  =200    MAXIT =250    MAXITI=250    MAXDAV=  4    MAXVI =  6    NOSING=  0    NOPAIR=  0
                           MXSHRF=  8    IKCPS =  0    IOPTGM=  2    IOPTOR=  0    REFOPT=  1    IAVDEN=  0    IDELCG=  1
                           IREST =  0    NATORB=  0    IPUNRF=  0    ISEP  =  0    OLDDEN=  0    NSTPRI=  1    GPSFLI= -1
                           CLUSTE=  0    CLOSED=  1    ILSTYP=  0    ITRLS =  0    ICCSD =  0    LOCAL =  0    IBASO =  0
                           MP    =  0    ITEDIS=  2    INCDIS=  1    MAXDIS=  6    ITYDIS=  1    BRUECK=  0    IBRSTR=  3
                           INCBRK=  1    TRIPLE=  0    ICCTYP=  1    IHPPD =  0    ICCNEW=  0    I3EXT = -1    IDEB  =  0
                           IDLEIG=  1    IDFTYP=  1    IMP3  =  0    IPROCS=  0    NOINT =  0    NOREF =  1    IMP2G =  0
                           IHINT =  0    IFDIA =  0    ISPARO=  1    JKSYM =  0    CPHF  =  0    MP2D  = -1    DKINT =  0
                           NPKEX =  1    DRVK  =  1    HLSTRA=  1    WIGNER=  1    DIIS_C=  1    MAXIT_= 50    MATEL =  0
                           SPDEG =  1    MEMCPH=  0    DISM  =  1    KDCPMA=  5    IKDCP_=  0    IREDTH=  0    USECS =  0
                           IPROCC=  0    I3SAVE=  1    IKDCP =  1    USECI =  0    OLDPAI=  0    IPROCI=  0    KEEPCL=  1
                           DISCON=  0    SHIFTE=  0    DIISIN=  0    MOLCAS=  0    MEM_PT=  0    RECORD=  0    RS2C  =  0
                           KEXT  = -1    CIPT2 =  0    DECP0S=  0    I4EXT = -1    NATCOR=  0    RIMP2 =  0    DDCI  = -1

 Reference symmetry:                   4   Triplet 
 Number of electrons:                 16
 Maximum number of shells:             6
 Maximum number of spin couplings:   297

 Reference space:     9136 conf    47808 CSFs
 N elec internal:    72865 conf   382239 CSFs
 N-1 el internal:    69576 conf   622908 CSFs
 N-2 el internal:    57950 conf   876478 CSFs

 Number of electrons in valence space:                     12
 Maximum number of open shell orbitals in reference space: 10
 Maximum number of open shell orbitals in internal spaces: 12


 Number of core orbitals:           2 (   2   0   0   0   0   0   0   0 )
 Number of active  orbitals:       12 (   1   2   2   0   3   2   2   0 )
 Number of external orbitals:     240 (  43  29  29  19  43  29  29  19 )

 Molecular orbitals read from record     2140.2  Type=MCSCF/NATURAL (state averaged)

 Coulomb and exchange operators available. No transformation done.

 Number of p-space configurations:   2

 Reference wavefunction optimized for reference space (refopt=1)

 State     Reference Energy 
   1        -149.56605394
   2        -149.28534930

 Number of blocks in overlap matrix:    16   Smallest eigenvalue:  0.23D-02
 Number of N-2 electron functions:     144
 Number of N-1 electron functions:  622908

 Number of internal configurations:                47808
 Number of singly external configurations:      18686980
 Number of doubly external configurations:        524512
 Total number of contracted configurations:     19259300
 Total number of uncontracted configurations: 3169518620

 Diagonal Coupling coefficients finished.               Storage:21268533 words, CPU-Time:     25.71 seconds.
 Energy denominators for pairs finished in 1 passes.    Storage: 2233191 words, CPU-time:      0.01 seconds.

  ITER. STATE  ROOT     SQ.NORM     CORR.ENERGY   TOTAL ENERGY   ENERGY CHANGE       DEN1      VAR(S)    VAR(P)      TIME
    1     1     1     1.00000000     0.00000000  -149.56605394     0.00000000    -0.29040141  0.28D-01  0.18D-01    40.53
    2     1     1     1.04151057    -0.27758744  -149.84364138    -0.27758744    -0.01057539  0.12D-02  0.74D-03   381.66
    3     1     1     1.04278833    -0.28746012  -149.85351406    -0.00987268    -0.00098261  0.11D-03  0.66D-04   722.65
    4     1     1     1.04448221    -0.28844283  -149.85449677    -0.00098271    -0.00011530  0.13D-04  0.81D-05  1064.88
    5     1     1     1.04512374    -0.28856564  -149.85461958    -0.00012281    -0.00001394  0.13D-05  0.11D-05  1407.89
    6     1     1     1.04519214    -0.28858082  -149.85463476    -0.00001517    -0.00000193  0.20D-06  0.15D-06  1750.80
    7     1     1     1.04518534    -0.28858292  -149.85463686    -0.00000211    -0.00000028  0.30D-07  0.24D-07  2094.05
    8     1     1     1.04519095    -0.28858323  -149.85463717    -0.00000031    -0.00000005  0.63D-08  0.42D-08  2436.13
    9     1     1     1.04519488    -0.28858329  -149.85463723    -0.00000006    -0.00000001  0.11D-08  0.88D-09  2777.49


 =====================================
 Analysis of CPU times by interactions
 =====================================

       I      S      P

 I   0.9%
 S   0.8%  19.1%
 P   1.5%  71.5%   4.7%

 Initialization:   1.1%
 Other:            0.5%

 Total CPU:     2777.5 seconds
 =====================================



 Wavefunction saved on  5200.2

 Reference coefficients greater than 0.0500000
 =============================================
 22020220/0/0           0.9614495
 22020220/00/           0.0748865
 2/0/02202020          -0.0652865



 RESULTS FOR STATE 1.4
 =====================

 Coefficient of reference function:   C(0) = 0.97791766 (fixed)   0.97814077 (relaxed)

 Energy contributions of configuration classes

 CLASS          SQ.NORM        ECORR1        ECORR2
 +++++++++++++++++++++++++++++++++++++++++++++++++++
 Internals    0.00045636    0.00000001   -0.00012594
 Singles      0.02302252   -0.09846498   -0.10051807
 Pairs        0.02219299   -0.19011832   -0.18793928
 Total        1.04567186   -0.28858329   -0.28858329
 +++++++++++++++++++++++++++++++++++++++++++++++++++


 Reference energy                    -149.56605394
 Nuclear energy                        36.81232772
 Kinetic energy                       152.31951196
 One electron energy                 -277.92040764
 Two electron energy                   91.25344269
 Virial quotient                       -0.98381773
 Correlation energy                    -0.28858329
 !MRCI STATE 1.4 Energy              -149.854637232535

 Properties without orbital relaxation:

 !MRCI STATE 1.4 Dipole moment          0.00000000     0.00000000     0.00000000
 Dipole moment /Debye                   0.00000000     0.00000000     0.00000000

 Cluster corrected energies          -149.86781737 (Davidson, fixed reference)
 Cluster corrected energies          -149.86767972 (Davidson, relaxed reference)

 Cluster corrected energies          -149.86547460 (Pople, fixed reference)
 Cluster corrected energies          -149.86535835 (Pople, relaxed reference)

 

 !MRCI expec         <1.4|QMXX|1.4>     0.498655705306
 !MRCI expec         <1.4|QMYY|1.4>     0.514085370290
 !MRCI expec         <1.4|QMZZ|1.4>    -1.012741075596
 !MRCI expec         <1.4|QMRR|1.4>   -21.995724479713


 **********************************************************************************************************************************
 DATASETS  * FILE   NREC   LENGTH (MB)   RECORD NAMES
              1      20      319.98       500      701      610      900      950      970     1000      129      960     1100   
                                          VAR     GEOM    BASINP   SYMINP    ZMAT    AOBASIS   BASIS     P2S    ABASIS      S 
                                         1400     1410     1200     1210     1080     1600     1650     1300     1700     1380   
                                           T        V       H0       H01     AOSYM     SMH    MOLCAS    ERIS     OPER     JKOP   

              2      11      494.26       500      610      700     1000      520     2100     2140      701     2140(1)  5200   
                                          VAR    BASINP    GEOM     BASIS   MCVARS     RHF     MCSCF    GEOM     MCSCF    MRCI   
                                         6200   
                                         MRCI   

 PROGRAMS   *        TOTAL        CI     MULTI       INT        CI        CI        CI     MULTI       INT        CI        CI
 CPU TIMES  *     14348.43   2797.19     28.41     24.69    212.65   3037.91   2452.11     27.23     24.73    213.00   3045.45
 REAL TIME  *     14541.92 SEC
 DISK USED  *         4.20 GB      
 **********************************************************************************************************************************


 PROGRAM * CI (Multireference internally contracted CI)     Authors: H.-J. Werner, P.J. Knowles, 1987


 Convergence thresholds:  THRVAR = 1.00D-08  THRDEN = 1.00D-06

 Number of optimized states:  2  Roots:   1   2
 Number of reference states:  2  Roots:   1   2

 Program parameters:       NSTATE=  2    NSTATI=  3    NSTATR=  2    NCEPA = -1    NOKOP =  0    ITRDM =  0    ITRANS=  0
                           IDIP  =200    MAXIT =250    MAXITI=250    MAXDAV=  6    MAXVI =  9    NOSING=  0    NOPAIR=  0
                           MXSHRF=  9    IKCPS =  0    IOPTGM=  2    IOPTOR=  0    REFOPT=  1    IAVDEN=  0    IDELCG=  1
                           IREST =  0    NATORB=  0    IPUNRF=  0    ISEP  =  0    OLDDEN=  0    NSTPRI=  1    GPSFLI= -1
                           CLUSTE=  0    CLOSED=  1    ILSTYP=  0    ITRLS =  0    ICCSD =  0    LOCAL =  0    IBASO =  0
                           MP    =  0    ITEDIS=  2    INCDIS=  1    MAXDIS=  6    ITYDIS=  1    BRUECK=  0    IBRSTR=  3
                           INCBRK=  1    TRIPLE=  0    ICCTYP=  1    IHPPD =  0    ICCNEW=  0    I3EXT = -1    IDEB  =  0
                           IDLEIG=  1    IDFTYP=  1    IMP3  =  0    IPROCS=  0    NOINT =  0    NOREF =  1    IMP2G =  0
                           IHINT =  0    IFDIA =  0    ISPARO=  1    JKSYM =  0    CPHF  =  0    MP2D  = -1    DKINT =  0
                           NPKEX =  1    DRVK  =  1    HLSTRA=  1    WIGNER=  1    DIIS_C=  1    MAXIT_= 50    MATEL =  0
                           SPDEG =  1    MEMCPH=  0    DISM  =  1    KDCPMA=  5    IKDCP_=  0    IREDTH=  0    USECS =  0
                           IPROCC=  0    I3SAVE=  1    IKDCP =  1    USECI =  0    OLDPAI=  0    IPROCI=  0    KEEPCL=  1
                           DISCON=  0    SHIFTE=  0    DIISIN=  0    MOLCAS=  0    MEM_PT=  0    RECORD=  0    RS2C  =  0
                           KEXT  = -1    CIPT2 =  0    DECP0S=  0    I4EXT = -1    NATCOR=  0    RIMP2 =  0    DDCI  = -1

 Reference symmetry:                   1   Singlet 
 Number of electrons:                 16
 Maximum number of shells:             7
 Maximum number of spin couplings:   132

 Reference space:     9608 conf    28784 CSFs
 N elec internal:    73789 conf   226512 CSFs
 N-1 el internal:    69576 conf   339768 CSFs
 N-2 el internal:    58182 conf   452544 CSFs

 Number of electrons in valence space:                     12
 Maximum number of open shell orbitals in reference space: 10
 Maximum number of open shell orbitals in internal spaces: 12


 Number of core orbitals:           2 (   2   0   0   0   0   0   0   0 )
 Number of active  orbitals:       12 (   1   2   2   0   3   2   2   0 )
 Number of external orbitals:     240 (  43  29  29  19  43  29  29  19 )

 Molecular orbitals read from record     2140.2  Type=MCSCF/NATURAL (state averaged)

 Coulomb and exchange operators available. No transformation done.

 Number of p-space configurations:   3

 Reference wavefunction optimized for reference space (refopt=1)

 State     Reference Energy 
   1        -149.52530053
   2        -149.48867478
   3        -149.27049495

 Number of blocks in overlap matrix:    16   Smallest eigenvalue:  0.14D-04
 Number of N-2 electron functions:     288
 Number of N-1 electron functions:  339768

 Number of internal configurations:                28784
 Number of singly external configurations:      10197000
 Number of doubly external configurations:       1049024
 Total number of contracted configurations:     11274808
 Total number of uncontracted configurations: 1637811384

 Diagonal Coupling coefficients finished.               Storage:21559646 words, CPU-Time:     37.24 seconds.
 Energy denominators for pairs finished in 1 passes.    Storage: 1011457 words, CPU-time:      0.02 seconds.

  ITER. STATE  ROOT     SQ.NORM     CORR.ENERGY   TOTAL ENERGY   ENERGY CHANGE       DEN1      VAR(S)    VAR(P)      TIME
    1     1     1     1.00000000     0.00000000  -149.52530053     0.00000000    -0.28409799  0.27D-01  0.16D-01    51.58
    1     2     2     1.00000000     0.00000000  -149.48867478     0.00000000    -0.29159440  0.29D-01  0.18D-01    51.58
    2     1     1     1.04192365    -0.27843422  -149.80373475    -0.27843422    -0.01141818  0.11D-02  0.80D-03   322.65
    2     2     2     1.04301468    -0.28357550  -149.77225028    -0.28357550    -0.01193969  0.12D-02  0.87D-03   322.65
    3     1     1     1.04380918    -0.28955161  -149.81485215    -0.01111740    -0.00112115  0.12D-03  0.75D-04   593.11
    3     2     2     1.04498239    -0.29530757  -149.78398235    -0.01173207    -0.00133902  0.15D-03  0.94D-04   593.11
    4     1     1     1.04583783    -0.29070852  -149.81600905    -0.00115690    -0.00015194  0.15D-04  0.11D-04   862.22
    4     2     2     1.04752255    -0.29673157  -149.78540635    -0.00142400    -0.00021463  0.20D-04  0.17D-04   862.22
    5     1     1     1.04656575    -0.29087509  -149.81617562    -0.00016657    -0.00002526  0.22D-05  0.20D-05  1133.25
    5     2     2     1.04849574    -0.29697831  -149.78565309    -0.00024674    -0.00004346  0.36D-05  0.37D-05  1133.25
    6     1     1     1.04661982    -0.29090417  -149.81620470    -0.00002908    -0.00000574  0.56D-06  0.44D-06  1403.63
    6     2     2     1.04858447    -0.29703035  -149.78570513    -0.00005204    -0.00001181  0.11D-05  0.98D-06  1403.63
    7     1     1     1.04667470    -0.29091055  -149.81621109    -0.00000639    -0.00000166  0.18D-06  0.12D-06  1674.79
    7     2     2     1.04868613    -0.29704370  -149.78571848    -0.00001334    -0.00000392  0.41D-06  0.30D-06  1674.79
    8     1     1     1.04670744    -0.29091235  -149.81621288    -0.00000180    -0.00000055  0.55D-07  0.39D-07  1945.50
    8     2     2     1.04874407    -0.29704794  -149.78572272    -0.00000424    -0.00000141  0.13D-06  0.11D-06  1945.50
    9     1     1     1.04671605    -0.29091295  -149.81621348    -0.00000060    -0.00000019  0.21D-07  0.14D-07  2218.08
    9     2     2     1.04876270    -0.29704952  -149.78572430    -0.00000158    -0.00000054  0.53D-07  0.46D-07  2218.08
   10     1     1     1.04672025    -0.29091316  -149.81621369    -0.00000021    -0.00000007  0.92D-08  0.50D-08  2490.52
   10     2     2     1.04877462    -0.29705013  -149.78572491    -0.00000061    -0.00000023  0.26D-07  0.19D-07  2490.52
   11     1     1     1.04672213    -0.29091324  -149.81621377    -0.00000008    -0.00000003  0.33D-08  0.21D-08  2762.49
   11     2     2     1.04878066    -0.29705037  -149.78572515    -0.00000025    -0.00000010  0.10D-07  0.82D-08  2762.49
   12     1     1     1.04672213    -0.29091324  -149.81621377    -0.00000000    -0.00000003  0.33D-08  0.21D-08  2987.23
   12     2     2     1.04879496    -0.29705056  -149.78572534    -0.00000018    -0.00000002  0.15D-08  0.96D-09  2987.23


 =====================================
 Analysis of CPU times by interactions
 =====================================

       I      S      P

 I   0.9%
 S   1.0%  19.5%
 P   2.5%  62.1%  11.4%

 Initialization:   1.4%
 Other:            1.2%

 Total CPU:     2987.2 seconds
 =====================================



 Wavefunction saved on  6200.2

 Reference coefficients greater than 0.0500000
 =============================================
 220202202000           0.7170732   0.6372854
 220202200020          -0.6342417   0.7017243
 2202022000/\          -0.0944305   0.1285007
 200202202020           0.0600761  -0.0843245
 220002202020          -0.0725280  -0.0796188
 220202002020          -0.0047815  -0.0667393

 Coefficients of fixed reference functions:
 ==========================================

 State      Coefficients
   1         0.945915   -0.244960
   2         0.249039    0.943701

 Coefficients of rotated reference functions:
 ============================================

 State      Coefficients
   1         0.977116    0.002253
   2         0.002253    0.976005



 RESULTS FOR STATE 1.1
 =====================

 Coefficient of reference function:   C(0) = 0.94591469 (fixed)   0.97742692 (relaxed)   0.97711563 (rotated)

 Energy contributions of configuration classes

 CLASS          SQ.NORM        ECORR1        ECORR2
 +++++++++++++++++++++++++++++++++++++++++++++++++++
 Internals    0.06773789   -0.00000000   -0.01763190
 Singles      0.02585867   -0.10163946   -0.09767375
 Pairs        0.02402831   -0.18927378   -0.17560759
 Total        1.11762488   -0.29091324   -0.29091324
 +++++++++++++++++++++++++++++++++++++++++++++++++++


 Reference energy                    -149.52530053
 Nuclear energy                        36.81232772
 Kinetic energy                       152.25860534
 One electron energy                 -277.77763566
 Two electron energy                   91.14909417
 Virial quotient                       -0.98395893
 Correlation energy                    -0.29091324
 !MRCI STATE 1.1 Energy              -149.816213770568

 Properties without orbital relaxation:

 !MRCI STATE 1.1 Dipole moment          0.00000000     0.00000000     0.00000000
 Dipole moment /Debye                   0.00000000     0.00000000     0.00000000

 Cluster corrected energies          -149.85043240 (Davidson, fixed reference)
 Cluster corrected energies          -149.82980586 (Davidson, relaxed reference)
 Cluster corrected energies          -149.82999991 (Davidson, rotated reference)

 Cluster corrected energies          -149.84708596 (Pople, fixed reference)
 Cluster corrected energies          -149.82790088 (Pople, relaxed reference)
 Cluster corrected energies          -149.82807307 (Pople, rotated reference)


 Cluster corrections using rotated reference energy:

 Reference energy (rotated)          -149.52295749
 MRCI Correlation energy               -0.29325628

 Cluster corrected energies          -149.82991533 (Davidson, relaxed reference)
 Cluster corrected energies          -149.83011094 (Davidson, rotated reference)

 Cluster corrected energies          -149.82799501 (Pople, relaxed reference)
 Cluster corrected energies          -149.82816858 (Pople, rotated reference)

 

 !MRCI expec         <1.1|QMXX|1.1>     0.413025752261
 !MRCI expec         <1.1|QMYY|1.1>     0.667820653954
 !MRCI expec         <1.1|QMZZ|1.1>    -1.080846406215
 !MRCI expec         <1.1|QMRR|1.1>   -22.330342844452



 RESULTS FOR STATE 2.1
 =====================

 Coefficient of reference function:   C(0) = 0.94370085 (fixed)   0.97646055 (relaxed)   0.97600538 (rotated)

 Energy contributions of configuration classes

 CLASS          SQ.NORM        ECORR1        ECORR2
 +++++++++++++++++++++++++++++++++++++++++++++++++++
 Internals    0.07063321   -0.00000000   -0.01868564
 Singles      0.02626005   -0.09644330   -0.09283530
 Pairs        0.02598146   -0.20060726   -0.18552962
 Total        1.12287472   -0.29705056   -0.29705056
 +++++++++++++++++++++++++++++++++++++++++++++++++++


 Reference energy                    -149.48867478
 Nuclear energy                        36.81232772
 Kinetic energy                       152.22320534
 One electron energy                 -277.65861264
 Two electron energy                   91.06055959
 Virial quotient                       -0.98398746
 Correlation energy                    -0.29705056
 !MRCI STATE 2.1 Energy              -149.785725338455

 Properties without orbital relaxation:

 !MRCI STATE 2.1 Dipole moment          0.00000000     0.00000000     0.00000000
 Dipole moment /Debye                   0.00000000     0.00000000     0.00000000

 Cluster corrected energies          -149.82222534 (Davidson, fixed reference)
 Cluster corrected energies          -149.80021991 (Davidson, relaxed reference)
 Cluster corrected energies          -149.80051056 (Davidson, rotated reference)

 Cluster corrected energies          -149.81877393 (Pople, fixed reference)
 Cluster corrected energies          -149.79820587 (Pople, relaxed reference)
 Cluster corrected energies          -149.79846454 (Pople, rotated reference)


 Cluster corrections using rotated reference energy:

 Reference energy (rotated)          -149.49101782
 MRCI Correlation energy               -0.29470752

 Cluster corrected energies          -149.80010558 (Davidson, relaxed reference)
 Cluster corrected energies          -149.80039394 (Davidson, rotated reference)

 Cluster corrected energies          -149.79810743 (Pople, relaxed reference)
 Cluster corrected energies          -149.79836406 (Pople, rotated reference)

 

 !MRCI expec         <2.1|QMXX|2.1>     0.753628556279
 !MRCI expec         <2.1|QMYY|2.1>     0.394314416336
 !MRCI expec         <2.1|QMZZ|2.1>    -1.147942972615
 !MRCI expec         <2.1|QMRR|2.1>   -22.692033026489

 !MRCI trans         <2.1|QMXX|1.1>    -1.287025983430
 !MRCI trans         <2.1|QMYY|1.1>     1.279876860601
 !MRCI trans         <2.1|QMZZ|1.1>     0.007149122829
 !MRCI trans         <2.1|QMRR|1.1>     0.084524804951


 **********************************************************************************************************************************
 DATASETS  * FILE   NREC   LENGTH (MB)   RECORD NAMES
              1      20      319.98       500      701      610      900      950      970     1000      129      960     1100   
                                          VAR     GEOM    BASINP   SYMINP    ZMAT    AOBASIS   BASIS     P2S    ABASIS      S 
                                         1400     1410     1200     1210     1080     1600     1650     1300     1700     1380   
                                           T        V       H0       H01     AOSYM     SMH    MOLCAS    ERIS     OPER     JKOP   

              2      11      494.26       500      610      700     1000      520     2100     2140      701     2140(1)  5200   
                                          VAR    BASINP    GEOM     BASIS   MCVARS     RHF     MCSCF    GEOM     MCSCF    MRCI   
                                         6200   
                                         MRCI   

 PROGRAMS   *        TOTAL        CI        CI     MULTI       INT        CI        CI        CI     MULTI       INT        CI
 CPU TIMES  *     17383.27   3034.84   2797.19     28.41     24.69    212.65   3037.91   2452.11     27.23     24.73    213.00
 REAL TIME  *     17607.76 SEC
 DISK USED  *         4.20 GB      
 **********************************************************************************************************************************


 PROGRAM * CI (Multireference internally contracted CI)     Authors: H.-J. Werner, P.J. Knowles, 1987


   ******************************
   *** Spin-orbit calculation ***
   ******************************


   Spin-orbit matrix elements
   ==========================

  

 PROGRAM * SEWLS (Spin-orbit & spin-spin integral evaluation)

 Modified from original SEWARD code by Alexander Mitrushchenkov
 
 Original version: December 2001, 2D-derivatives modifications: Stuttgart 2004
  
  
 The following spin-orbit components are calculated:
  
    Operator      Symmetry
  
      LSZ            4
  
 Integral cutoff:   0.10E-09

 Time for Seward_LS:      60.09 sec

       90119770. SPIN-ORBIT INTEGRALS WRITTEN OUT IN    22008 RECORDS ON RECORD     11290 OF FILE 1


 CPU time:     60.09 sec, REAL time:     60.70 sec


 SORTLS1 read    90119770. and wrote    90119770. SO integrals in   344 records. CPU time:      0.87 sec, REAL time:      1.89 sec
 SORTLS2 read    90119770. and wrote   130473100. SO integrals in     1 records. CPU time:      0.51 sec, REAL time:      1.22 sec

 FILE SIZES: FILE 1:  1762.6 MBYTE, FILE 4:  1442.9 MBYTE, TOTAL:  3205.5 MBYTE
 Preparing effective Fock matrices
  
 Total X Y Z Fock matrices evaluated:     0    0    3
  
 Wavefunction restored from record  5200.2  Symmetry=4  S= 1.0  NSTATE=1
 Wavefunction restored from record  6200.2  Symmetry=1  S= 0.0  NSTATE=2

 Bra-wavefunction restored from record   5200.2
 Ket-wavefunction restored from record   6200.2


 Symmetry of spin-orbit operator:         4
 Symmetry of bra wavefunction:            4   S= 1.0  MS= 0.0
 Symmetry of ket wavefunction:            1   S= 0.0  MS= 0.0

 

 Spin-orbit matrix elements for mean field operator:

 !MRCI trans          <1.4|LSZ|1.1>    -0.000039785905i au =    -8.731996896396i cm-1
 !MRCI trans          <1.4|LSZ|2.1>    -0.000675559363i au =  -148.268141673363i cm-1

 Spin-orbit matrix elements using full Breit-Pauli operator for internal part:

 !MRCI trans          <1.4|LSZ|1.1>    -0.000039361941i au =    -8.638947476846i cm-1
 !MRCI trans          <1.4|LSZ|2.1>    -0.000675691074i au =  -148.297048818298i cm-1

 >>> Hamiltonian transformed to symmetry adapted basis <<<


 Eigenvalues of the spin-orbit matrix
 ....................................

   Nr  Sym         E             E-E0         E-E0           E-E(1)      E-E(1)      E-E(1)
                 (au)            (au)        (cm-1)           (au)       (cm-1)        (eV)
   1   1   -149.85464390     -0.00000666       -1.46      0.00000000        0.00      0.0000
   2   1   -149.81621373      0.03842350     8432.98      0.03843017     8434.45      1.0457
   3   1   -149.78571871      0.06891852    15125.87      0.06892518    15127.33      1.8755
 
   4   6   -149.85463723      0.00000000        0.00      0.00000666        1.46      0.0002
 
   5   7   -149.85463723      0.00000000        0.00      0.00000666        1.46      0.0002

 E0 =   -149.85463723 is the energy of the lowest zeroth-order state
 E1 =   -149.85464390 is the energy of the lowest SO-state


  Expectation values <i|QMXX|i>
  ............................

  state:         1           2           3           4           5
  value:      0.498654    0.413084    0.753571    0.498656    0.498656
 

  Transition matrix elements <i|QMXX| 1> with the ground state
  ...........................................................

                             1           2           3           4           5
  Real Part  (a.u.):      0.498654    0.012705   -0.001181    0.000000    0.000000
  Imag Part  (a.u.):      0.000000   -0.000000    0.000000    0.000000    0.000000
  Abs. Value (a.u.):      0.498654    0.012705    0.001181    0.000000    0.000000
 

  Expectation values <i|QMYY|i>
  ............................

  state:         1           2           3           4           5
  value:      0.514100    0.667762    0.394358    0.514085    0.514085
 

  Transition matrix elements <i|QMYY| 1> with the ground state
  ...........................................................

                             1           2           3           4           5
  Real Part  (a.u.):      0.514100   -0.012705   -0.000137    0.000000    0.000000
  Imag Part  (a.u.):     -0.000000    0.000000   -0.000000    0.000000    0.000000
  Abs. Value (a.u.):      0.514100    0.012705    0.000137    0.000000    0.000000
 

  Expectation values <i|QMZZ|i>
  ............................

  state:         1           2           3           4           5
  value:     -1.012754   -1.080847   -1.147930   -1.012741   -1.012741
 

  Transition matrix elements <i|QMZZ| 1> with the ground state
  ...........................................................

                             1           2           3           4           5
  Real Part  (a.u.):     -1.012754   -0.000000    0.001318    0.000000    0.000000
  Imag Part  (a.u.):      0.000000    0.000000   -0.000000    0.000000    0.000000
  Abs. Value (a.u.):      1.012754    0.000000    0.001318    0.000000    0.000000
 

  Expectation values <i|QMRR|i>
  ............................

  state:         1           2           3           4           5
  value:    -21.995790  -22.330346  -22.691964  -21.995724  -21.995724
 

  Transition matrix elements <i|QMRR| 1> with the ground state
  ...........................................................

                             1           2           3           4           5
  Real Part  (a.u.):    -21.995790   -0.000486    0.006740    0.000000    0.000000
  Imag Part  (a.u.):     -0.000000    0.000000   -0.000000    0.000000    0.000000
  Abs. Value (a.u.):     21.995790    0.000486    0.006740    0.000000    0.000000
 


 **********************************************************************************************************************************
 DATASETS  * FILE   NREC   LENGTH (MB)   RECORD NAMES
              1      22     1364.10       500      701      610      900      950      970     1000      129      960     1100   
                                          VAR     GEOM    BASINP   SYMINP    ZMAT    AOBASIS   BASIS     P2S    ABASIS      S 
                                         1400     1410     1200     1210     1080     1600     1650     1300     1700     1380   
                                           T        V       H0       H01     AOSYM     SMH    MOLCAS    ERIS     OPER     JKOP   
                                         1700(1)  1303   
                                         OPER     LSZ2   

              2      11      494.26       500      610      700     1000      520     2100     2140      701     2140(1)  5200   
                                          VAR    BASINP    GEOM     BASIS   MCVARS     RHF     MCSCF    GEOM     MCSCF    MRCI   
                                         6200   
                                         MRCI   

 PROGRAMS   *        TOTAL        CI        CI        CI     MULTI       INT        CI        CI        CI     MULTI       INT
 CPU TIMES  *     17596.90    213.63   3034.84   2797.19     28.41     24.69    212.65   3037.91   2452.11     27.23     24.73
 REAL TIME  *     17842.49 SEC
 DISK USED  *         4.20 GB      
 **********************************************************************************************************************************

 DO I                   =         4.00000000   


 Using spherical harmonics

 Library entry O      S aug-cc-pV5Z          selected for orbital group  1
 Library entry O      P aug-cc-pV5Z          selected for orbital group  1
 Library entry O      D aug-cc-pV5Z          selected for orbital group  1
 Library entry O      F aug-cc-pV5Z          selected for orbital group  1
 Library entry O      G aug-cc-pV5Z          selected for orbital group  1
 Library entry O      H aug-cc-pV5Z          selected for orbital group  1


 PROGRAM * SEWARD (Integral evaluation for generally contracted gaussian basis sets)     Author: Roland Lindh, 1990

 Geometry written to block  1 of record 701

 Orientation using atomic masses  
 Molecule type: Linear
 Symmetry elements: X,Y,Z
 Rotational constants:      76.2887860     76.2887860      0.0000000 GHz  (calculated with average atomic masses)

 Point group  D2h 



 ATOMIC COORDINATES

 NR  ATOM    CHARGE       X              Y              Z

   1  O       8.00    0.000000000    0.000000000   -0.859825387
   2  O       8.00    0.000000000    0.000000000    0.859825387

 Bond lengths in Bohr (Angstrom)

 1-2  1.719650773
     ( 0.910000000)

 NUCLEAR CHARGE:                   16
 NUMBER OF PRIMITIVE AOS:         398
 NUMBER OF SYMMETRY AOS:          288
 NUMBER OF CONTRACTIONS:          254   (  46Ag  +  31B3u +  31B2u +  19B1g +  46B1u +  31B2g +  31B3g +  19Au  )
 NUMBER OF CORE ORBITALS:           2   (   1Ag  +   0B3u +   0B2u +   0B1g +   1B1u +   0B2g +   0B3g +   0Au  )
 NUMBER OF VALENCE ORBITALS:        8   (   2Ag  +   1B3u +   1B2u +   0B1g +   2B1u +   1B2g +   1B3g +   0Au  )


 NUCLEAR REPULSION ENERGY   37.21685879

 EXTRA SYMMETRY OF AOS IN SYMMETRY 1:   1 1 1 1 1 1 1 1 1 1   1 1 1 1 2 1 2 1 2 1   2 1 2 1 2 1 2 1 2 1   2 1 3 2 1 3 2 1 3 2
                                        2 3 1 2 3 1
 EXTRA SYMMETRY OF AOS IN SYMMETRY 2:   1 1 1 1 1 1 1 1 1 1   1 1 2 1 2 1 2 1 2 1   2 1 2 1 2 1 2 3 1 2   3
 EXTRA SYMMETRY OF AOS IN SYMMETRY 3:   1 1 1 1 1 1 1 1 1 1   1 1 2 1 2 1 2 1 2 1   2 1 2 1 2 1 2 3 1 2   3
 EXTRA SYMMETRY OF AOS IN SYMMETRY 4:   1 1 1 1 1 1 1 1 1 1   2 1 2 1 2 2 1 2 1
 EXTRA SYMMETRY OF AOS IN SYMMETRY 5:   1 1 1 1 1 1 1 1 1 1   1 1 1 1 2 1 2 1 2 1   2 1 2 1 2 1 2 1 2 1   2 1 3 2 1 3 2 1 3 2
                                        2 3 1 2 3 1
 EXTRA SYMMETRY OF AOS IN SYMMETRY 6:   1 1 1 1 1 1 1 1 1 1   1 1 2 1 2 1 2 1 2 1   2 1 2 1 2 1 2 3 1 2   3
 EXTRA SYMMETRY OF AOS IN SYMMETRY 7:   1 1 1 1 1 1 1 1 1 1   1 1 2 1 2 1 2 1 2 1   2 1 2 1 2 1 2 3 1 2   3
 EXTRA SYMMETRY OF AOS IN SYMMETRY 8:   1 1 1 1 1 1 1 1 1 1   2 1 2 1 2 2 1 2 1

 Eigenvalues of metric

         1 0.874E-04 0.248E-03 0.583E-03 0.170E-02 0.585E-02 0.221E-01 0.221E-01 0.267E-01
         2 0.871E-03 0.471E-02 0.968E-02 0.383E-01 0.556E-01 0.146E+00 0.155E+00 0.165E+00
         3 0.871E-03 0.471E-02 0.968E-02 0.383E-01 0.556E-01 0.146E+00 0.155E+00 0.165E+00
         4 0.221E-01 0.846E-01 0.879E-01 0.217E+00 0.296E+00 0.319E+00 0.464E+00 0.473E+00
         5 0.617E-05 0.571E-04 0.218E-03 0.535E-03 0.694E-03 0.804E-03 0.152E-02 0.474E-02
         6 0.269E-04 0.171E-03 0.106E-02 0.532E-02 0.117E-01 0.217E-01 0.259E-01 0.514E-01
         7 0.269E-04 0.171E-03 0.106E-02 0.532E-02 0.117E-01 0.217E-01 0.259E-01 0.514E-01
         8 0.694E-03 0.595E-02 0.243E-01 0.601E-01 0.156E+00 0.164E+00 0.193E+00 0.195E+00


 Contracted 2-electron integrals neglected if value below      1.0D-12
 AO integral compression algorithm  1   Integral accuracy      1.0D-12

     470.024 MB (compressed) written to integral file ( 51.4%)


 NUMBER OF SORTED TWO-ELECTRON INTEGRALS:   66838400.     BUFFER LENGTH:  32768
 NUMBER OF SEGMENTS:   5  SEGMENT LENGTH:   15999177      RECORD LENGTH: 524288

 Memory used in sort:      16.56 MW

 SORT1 READ   114264352. AND WROTE    47776406. INTEGRALS IN    139 RECORDS. CPU TIME:     2.96 SEC, REAL TIME:     3.41 SEC
 SORT2 READ    47776406. AND WROTE    66838400. INTEGRALS IN   1793 RECORDS. CPU TIME:     1.18 SEC, REAL TIME:     1.41 SEC

 FILE SIZES:   FILE 1:   490.6 MBYTE,  FILE 4:   583.0 MBYTE,   TOTAL:   1073.7 MBYTE

 OPERATOR DM      FOR CENTER  0  COORDINATES:    0.000000    0.000000    0.000000
 OPERATOR QM      FOR CENTER  0  COORDINATES:    0.000000    0.000000    0.000000


 **********************************************************************************************************************************
 DATASETS  * FILE   NREC   LENGTH (MB)   RECORD NAMES
              1      19      309.68       500      701      610      900      950      970     1000      129      960     1100   
                                          VAR     GEOM    BASINP   SYMINP    ZMAT    AOBASIS   BASIS     P2S    ABASIS      S 
                                         1400     1410     1200     1210     1080     1600     1650     1300     1700   
                                           T        V       H0       H01     AOSYM     SMH    MOLCAS    ERIS     OPER   

              2      11      494.26       500      610      700     1000      520     2100     2140      701     2140(1)  5200   
                                          VAR    BASINP    GEOM     BASIS   MCVARS     RHF     MCSCF    GEOM     MCSCF    MRCI   
                                         6200   
                                         MRCI   

 PROGRAMS   *        TOTAL       INT        CI        CI        CI     MULTI       INT        CI        CI        CI     MULTI
 CPU TIMES  *     17621.71     24.80    213.63   3034.84   2797.19     28.41     24.69    212.65   3037.91   2452.11     27.23
 REAL TIME  *     17875.49 SEC
 DISK USED  *         4.20 GB      
 **********************************************************************************************************************************


 PROGRAM * MULTI (Direct Multiconfiguration SCF)       Authors: P.J. Knowles, H.-J. Werner (1984)     S.T. Elbert (1988)


 Number of closed-shell orbitals:   2 (   2   0   0   0   0   0   0   0 )
 Number of active  orbitals:       12 (   1   2   2   0   3   2   2   0 )
 Number of external orbitals:     240 (  43  29  29  19  43  29  29  19 )

 State symmetry 1

 Number of electrons:    12    Spin symmetry=Singlet   Space symmetry=1
 Number of states:        3
 Number of CSFs:      28784   (107016 determinants, 853776 intermediate states)

 State symmetry 2

 Number of electrons:    12    Spin symmetry=Triplet   Space symmetry=4
 Number of states:        2
 Number of CSFs:      47808   (78400 determinants, 627264 intermediate states)

 Iteration controls:
             1  2  3  4  5  6  7  8  9 10 11 12 13 14 15 16 17 18 19 20 21 22 23 24 25 26 27 28 29 30 31 32 33 34 35 36 37 38 39
 DIAGCI      T  T  T  T  T  T  T  T  T  T  T  T  T  T  T  T  T  T  T  T  T  T  T  T  T  T  T  T  T  T  T  T  T  T  T  T  T  T  T
 WERNER      T  T  T  T  T  T  T  T  T  T  T  T  T  T  T  T  T  T  T  T  T  T  T  T  T  T  T  T  T  T  T  T  T  T  T  T  T  T  T
 INTERNAL    F  T  T  T  T  T  T  T  T  T  T  T  T  T  T  T  T  T  T  T  T  T  T  T  T  T  T  T  T  T  T  T  T  T  T  T  T  T  T

 Molecular orbitals read from record     2140.2  Type=MCSCF/NATURAL (state averaged)

 EXTRA SYMMETRY OF MOS IN SYMMETRY 1:   1 1 1 1 1 2 1 1 1 2   2 1 1 3 1 1 2 2 1 1   2 1 1 3 2 3 1 2 1 2   1 2 1 1 3 2 1 1 1 3
                                        2 2 2 1 1 1
 EXTRA SYMMETRY OF MOS IN SYMMETRY 2:   1 1 1 1 1 2 1 1 2 1   1 2 1 1 3 2 1 2 1 2   1 1 2 3 1 1 1 2 2 1   1
 EXTRA SYMMETRY OF MOS IN SYMMETRY 3:   1 1 1 1 1 2 1 1 2 1   1 2 1 1 3 2 1 2 1 2   1 1 2 3 1 1 1 2 2 1   1
 EXTRA SYMMETRY OF MOS IN SYMMETRY 4:   1 1 1 2 1 1 1 2 1 2   1 1 1 2 1 2 1 1 1
 EXTRA SYMMETRY OF MOS IN SYMMETRY 5:   1 1 1 1 1 2 1 1 2 1   1 2 1 1 1 3 2 2 1 1   2 1 2 1 3 1 2 3 1 2   1 1 2 1 2 3 1 3 1 2
                                        1 1 2 2 1 1
 EXTRA SYMMETRY OF MOS IN SYMMETRY 6:   1 1 1 1 1 2 1 1 2 1   1 2 1 1 3 1 2 2 1 1   2 1 3 1 1 2 2 2 1 1   1
 EXTRA SYMMETRY OF MOS IN SYMMETRY 7:   1 1 1 1 2 1 1 1 2 1   1 2 1 1 3 1 2 2 1 1   2 1 3 1 1 2 2 2 1 1   1
 EXTRA SYMMETRY OF MOS IN SYMMETRY 8:   1 1 1 2 1 1 1 1 2 1   2 1 1 1 2 2 1 1 1

 Wavefunction dump at record             2140.2

 Convergence thresholds  0.10E-01 (gradient)  0.10E-05 (energy)  0.10E-02 (step length)

 Weight factors for state symmetry  1:    0.20000   0.20000   0.20000
 Weight factors for state symmetry  2:    0.20000   0.20000

 Number of orbital rotations:      492   (     2 Core/Active     86 Core/Virtual   0 Active/Active    404 Active/Virtual)
 Total number of variables:     478340


 ITER. MIC  NCI  NEG     ENERGY(VAR)     ENERGY(PROJ)   ENERGY CHANGE     GRAD(0)  GRAD(ORB)   GRAD(CI)     STEP       TIME

   1   45   47    0    -149.40326653    -149.40342882   -0.00016229    0.04143721 0.00000000 0.00040082  0.24D-01      8.97
   2   24   37    0    -149.40342872    -149.40342874   -0.00000002    0.00005152 0.00000228 0.00007639  0.20D-02     16.89
   3   25   27    0    -149.40342874    -149.40342874   -0.00000000    0.00000186 0.00000047 0.00002362  0.11D-03     23.06

 ** WVFN ****  CONVERGENCE REACHED, FINAL GRADIENT:  0.51D-06



 Results for state 1.1
 =====================

 !MCSCF STATE 1.1 Energy             -149.499226256424
 Nuclear energy                        37.21685879
 Kinetic energy                       152.30082960
 One electron energy                 -278.94003557
 Two electron energy                   92.22395052
 Virial ratio                           1.98160481

 !MCSCF STATE 1.1 Dipole moment         0.00000000     0.00000000     0.00000000
 Dipole moment /Debye                   0.00000000     0.00000000     0.00000000

 Results for state 2.1
 =====================

 !MCSCF STATE 2.1 Energy             -149.462703434471
 Nuclear energy                        37.21685879
 Kinetic energy                       152.49464835
 One electron energy                 -279.06582275
 Two electron energy                   92.38626053
 Virial ratio                           1.98011770

 !MCSCF STATE 2.1 Dipole moment         0.00000000     0.00000000     0.00000000
 Dipole moment /Debye                   0.00000000     0.00000000     0.00000000

 Results for state 3.1
 =====================

 !MCSCF STATE 3.1 Energy             -149.250129872351
 Nuclear energy                        37.21685879
 Kinetic energy                       150.66097531
 One electron energy                 -273.13299859
 Two electron energy                   86.66600993
 Virial ratio                           1.99063563

 !MCSCF STATE 3.1 Dipole moment         0.00000000     0.00000000     0.00000000
 Dipole moment /Debye                   0.00000000     0.00000000     0.00000000



 Results for state 1.4
 =====================

 !MCSCF STATE 1.4 Energy             -149.539845504006
 Nuclear energy                        37.21685879
 Kinetic energy                       152.47995740
 One electron energy                 -279.19059316
 Two electron energy                   92.43388887
 Virial ratio                           1.98071804

 !MCSCF STATE 1.4 Dipole moment         0.00000000     0.00000000     0.00000000
 Dipole moment /Debye                   0.00000000     0.00000000     0.00000000

 Results for state 2.4
 =====================

 !MCSCF STATE 2.4 Energy             -149.265238626172
 Nuclear energy                        37.21685879
 Kinetic energy                       150.61807270
 One electron energy                 -272.83275981
 Two electron energy                   86.35066240
 Virial ratio                           1.99101812

 !MCSCF STATE 2.4 Dipole moment         0.00000000     0.00000000     0.00000000
 Dipole moment /Debye                   0.00000000     0.00000000     0.00000000

 State-averaged charge density matrix saved on record  2140.2 (density set 1)

 !MCSCF expec        <1.1|QMXX|1.1>    -0.220932674312
 !MCSCF trans        <2.1|QMXX|1.1>    -1.090367888975
 !MCSCF expec        <2.1|QMXX|2.1>     1.445857588243
 !MCSCF trans        <3.1|QMXX|1.1>    -0.953109912733
 !MCSCF trans        <3.1|QMXX|2.1>     2.409066629342
 !MCSCF expec        <3.1|QMXX|3.1>    12.463119850842
 !MCSCF expec        <1.4|QMXX|1.4>     0.454083229889
 !MCSCF trans        <2.4|QMXX|1.4>     1.275997400741
 !MCSCF expec        <2.4|QMXX|2.4>    11.933961260143

 !MCSCF expec        <1.1|QMYY|1.1>     1.231565583300
 !MCSCF trans        <2.1|QMYY|1.1>     1.084212047352
 !MCSCF expec        <2.1|QMYY|2.1>    -0.355571694659
 !MCSCF trans        <3.1|QMYY|1.1>     0.477690591911
 !MCSCF trans        <3.1|QMYY|2.1>    -1.295595370380
 !MCSCF expec        <3.1|QMYY|3.1>    -6.603516026058
 !MCSCF expec        <1.4|QMYY|1.4>     0.493180190500
 !MCSCF trans        <2.4|QMYY|1.4>    -0.698383954166
 !MCSCF expec        <2.4|QMYY|2.4>    -5.865760301233

 !MCSCF expec        <1.1|QMZZ|1.1>    -1.010632908987
 !MCSCF trans        <2.1|QMZZ|1.1>     0.006155841624
 !MCSCF expec        <2.1|QMZZ|2.1>    -1.090285893584
 !MCSCF trans        <3.1|QMZZ|1.1>     0.475419320822
 !MCSCF trans        <3.1|QMZZ|2.1>    -1.113471258962
 !MCSCF expec        <3.1|QMZZ|3.1>    -5.859603824784
 !MCSCF expec        <1.4|QMZZ|1.4>    -0.947263420389
 !MCSCF trans        <2.4|QMZZ|1.4>    -0.577613446575
 !MCSCF expec        <2.4|QMZZ|2.4>    -6.068200958910

 !MCSCF expec        <1.1|QMRR|1.1>   -21.943694499308
 !MCSCF trans        <2.1|QMRR|1.1>     0.145408899093
 !MCSCF expec        <2.1|QMRR|2.1>   -22.650533546854
 !MCSCF trans        <3.1|QMRR|1.1>     3.478515984576
 !MCSCF trans        <3.1|QMRR|2.1>    -8.249806729950
 !MCSCF expec        <3.1|QMRR|3.1>   -59.313171257920
 !MCSCF expec        <1.4|QMRR|1.4>   -21.653008506490
 !MCSCF trans        <2.4|QMRR|1.4>    -4.221255404209
 !MCSCF expec        <2.4|QMRR|2.4>   -60.912463717352


 Natural orbital dump (state averaged) at molpro section  2140.2    (Orbital set 2)


 CI vector for state symmetry 1
 ==============================

 2 20 20 220 20 00        0.8716549   0.4447172  -0.0176026
 2 20 20 220 00 20       -0.4451582   0.8526525  -0.2024183
 2 20 20 220 00 ab       -0.0533502   0.1320613   0.6759040
 2 20 20 220 00 ba        0.0533502  -0.1320613  -0.6759040
 2 00 20 220 20 20        0.0391922  -0.0999800   0.0222104
 2 20 00 220 20 20       -0.0958453  -0.0607346   0.0041180
 2 00 20 220 20 ab        0.0066721  -0.0143123  -0.0736738
 2 00 20 220 20 ba       -0.0066721   0.0143123   0.0736738
 2 20 20 200 20 20       -0.0240816  -0.0703896   0.0116506
 2 b0 a0 220 a0 2b       -0.0059472   0.0136907   0.0525036
 2 a0 b0 220 b0 2a       -0.0059472   0.0136907   0.0525036

 TOTAL ENERGIES                      -149.49922626  -149.46270343  -149.25012987

 CI vector for state symmetry 2
 ==============================

 2 20 20 220 a0 a0        0.9807903  -0.0916309
 2 20 20 220 a0 0a        0.0901225   0.9694128
 2 20 00 220 a0 2a       -0.0154724  -0.1061915
 2 20 20 220 0a 0a       -0.0129796  -0.0765009
 2 a0 b0 220 20 aa       -0.0109360  -0.0757279
 2 a0 a0 220 20 20       -0.0691665   0.0071092
 2 a0 a0 220 20 ba        0.0054638   0.0576087
 2 20 20 200 a0 2a       -0.0069810  -0.0541637

 TOTAL ENERGIES                      -149.53984550  -149.26523863



 **********************************************************************************************************************************
 DATASETS  * FILE   NREC   LENGTH (MB)   RECORD NAMES
              1      20      320.25       500      701      610      900      950      970     1000      129      960     1100   
                                          VAR     GEOM    BASINP   SYMINP    ZMAT    AOBASIS   BASIS     P2S    ABASIS      S 
                                         1400     1410     1200     1210     1080     1600     1650     1300     1700     1380   
                                           T        V       H0       H01     AOSYM     SMH    MOLCAS    ERIS     OPER     JKOP   

              2      11      494.26       500      610      700     1000      520     2100     2140      701     2140(1)  5200   
                                          VAR    BASINP    GEOM     BASIS   MCVARS     RHF     MCSCF    GEOM     MCSCF    MRCI   
                                         6200   
                                         MRCI   

 PROGRAMS   *        TOTAL     MULTI       INT        CI        CI        CI     MULTI       INT        CI        CI        CI
 CPU TIMES  *     17650.98     29.25     24.80    213.63   3034.84   2797.19     28.41     24.69    212.65   3037.91   2452.11
 REAL TIME  *     17907.25 SEC
 DISK USED  *         4.20 GB      
 **********************************************************************************************************************************


 PROGRAM * CI (Multireference internally contracted CI)     Authors: H.-J. Werner, P.J. Knowles, 1987


 Convergence thresholds:  THRVAR = 1.00D-08  THRDEN = 1.00D-06

 Number of optimized states:  1  Roots:   1
 Number of reference states:  1  Roots:   1

 Program parameters:       NSTATE=  1    NSTATI=  2    NSTATR=  1    NCEPA = -1    NOKOP =  0    ITRDM =  0    ITRANS=  0
                           IDIP  =200    MAXIT =250    MAXITI=250    MAXDAV=  4    MAXVI =  6    NOSING=  0    NOPAIR=  0
                           MXSHRF=  8    IKCPS =  0    IOPTGM=  2    IOPTOR=  0    REFOPT=  1    IAVDEN=  0    IDELCG=  1
                           IREST =  0    NATORB=  0    IPUNRF=  0    ISEP  =  0    OLDDEN=  0    NSTPRI=  1    GPSFLI= -1
                           CLUSTE=  0    CLOSED=  1    ILSTYP=  0    ITRLS =  0    ICCSD =  0    LOCAL =  0    IBASO =  0
                           MP    =  0    ITEDIS=  2    INCDIS=  1    MAXDIS=  6    ITYDIS=  1    BRUECK=  0    IBRSTR=  3
                           INCBRK=  1    TRIPLE=  0    ICCTYP=  1    IHPPD =  0    ICCNEW=  0    I3EXT = -1    IDEB  =  0
                           IDLEIG=  1    IDFTYP=  1    IMP3  =  0    IPROCS=  0    NOINT =  0    NOREF =  1    IMP2G =  0
                           IHINT =  0    IFDIA =  0    ISPARO=  1    JKSYM =  0    CPHF  =  0    MP2D  = -1    DKINT =  0
                           NPKEX =  1    DRVK  =  1    HLSTRA=  1    WIGNER=  1    DIIS_C=  1    MAXIT_= 50    MATEL =  0
                           SPDEG =  1    MEMCPH=  0    DISM  =  1    KDCPMA=  5    IKDCP_=  0    IREDTH=  0    USECS =  0
                           IPROCC=  0    I3SAVE=  1    IKDCP =  1    USECI =  0    OLDPAI=  0    IPROCI=  0    KEEPCL=  1
                           DISCON=  0    SHIFTE=  0    DIISIN=  0    MOLCAS=  0    MEM_PT=  0    RECORD=  0    RS2C  =  0
                           KEXT  = -1    CIPT2 =  0    DECP0S=  0    I4EXT = -1    NATCOR=  0    RIMP2 =  0    DDCI  = -1

 Reference symmetry:                   4   Triplet 
 Number of electrons:                 16
 Maximum number of shells:             6
 Maximum number of spin couplings:   297

 Reference space:     9136 conf    47808 CSFs
 N elec internal:    72865 conf   382239 CSFs
 N-1 el internal:    69576 conf   622908 CSFs
 N-2 el internal:    57950 conf   876478 CSFs

 Number of electrons in valence space:                     12
 Maximum number of open shell orbitals in reference space: 10
 Maximum number of open shell orbitals in internal spaces: 12


 Number of core orbitals:           2 (   2   0   0   0   0   0   0   0 )
 Number of active  orbitals:       12 (   1   2   2   0   3   2   2   0 )
 Number of external orbitals:     240 (  43  29  29  19  43  29  29  19 )

 Molecular orbitals read from record     2140.2  Type=MCSCF/NATURAL (state averaged)

 Coulomb and exchange operators available. No transformation done.

 Number of p-space configurations:   2

 Reference wavefunction optimized for reference space (refopt=1)

 State     Reference Energy 
   1        -149.53984550
   2        -149.26523863

 Number of blocks in overlap matrix:    16   Smallest eigenvalue:  0.22D-02
 Number of N-2 electron functions:     144
 Number of N-1 electron functions:  622908

 Number of internal configurations:                47808
 Number of singly external configurations:      18686980
 Number of doubly external configurations:        524512
 Total number of contracted configurations:     19259300
 Total number of uncontracted configurations: 3169518620

 Diagonal Coupling coefficients finished.               Storage:21268533 words, CPU-Time:     26.00 seconds.
 Energy denominators for pairs finished in 1 passes.    Storage: 2233191 words, CPU-time:      0.01 seconds.

  ITER. STATE  ROOT     SQ.NORM     CORR.ENERGY   TOTAL ENERGY   ENERGY CHANGE       DEN1      VAR(S)    VAR(P)      TIME
    1     1     1     1.00000000     0.00000000  -149.53984550     0.00000000    -0.29103639  0.28D-01  0.18D-01    41.07
    2     1     1     1.04144842    -0.27826038  -149.81810588    -0.27826038    -0.01065667  0.12D-02  0.74D-03   384.39
    3     1     1     1.04271760    -0.28823617  -149.82808168    -0.00997580    -0.00098740  0.11D-03  0.66D-04   727.07
    4     1     1     1.04441865    -0.28922850  -149.82907400    -0.00099232    -0.00011568  0.12D-04  0.82D-05  1069.59
    5     1     1     1.04505845    -0.28935239  -149.82919789    -0.00012389    -0.00001399  0.12D-05  0.11D-05  1408.74
    6     1     1     1.04512539    -0.28936774  -149.82921324    -0.00001535    -0.00000196  0.20D-06  0.15D-06  1747.21
    7     1     1     1.04511862    -0.28936989  -149.82921540    -0.00000215    -0.00000029  0.30D-07  0.25D-07  2086.65
    8     1     1     1.04512466    -0.28937022  -149.82921572    -0.00000032    -0.00000006  0.66D-08  0.45D-08  2424.93
    9     1     1     1.04512862    -0.28937028  -149.82921578    -0.00000006    -0.00000001  0.12D-08  0.98D-09  2765.27


 =====================================
 Analysis of CPU times by interactions
 =====================================

       I      S      P

 I   0.9%
 S   0.8%  19.1%
 P   1.5%  71.4%   4.7%

 Initialization:   1.1%
 Other:            0.5%

 Total CPU:     2765.3 seconds
 =====================================



 Wavefunction saved on  5200.2

 Reference coefficients greater than 0.0500000
 =============================================
 22020220/0/0           0.9617594
 22020220/00/           0.0771666
 2/0/02202020          -0.0636319



 RESULTS FOR STATE 1.4
 =====================

 Coefficient of reference function:   C(0) = 0.97794156 (fixed)   0.97817178 (relaxed)

 Energy contributions of configuration classes

 CLASS          SQ.NORM        ECORR1        ECORR2
 +++++++++++++++++++++++++++++++++++++++++++++++++++
 Internals    0.00047088    0.00000000   -0.00013031
 Singles      0.02292958   -0.09846754   -0.10051700
 Pairs        0.02222029   -0.19090274   -0.18872297
 Total        1.04562075   -0.28937028   -0.28937028
 +++++++++++++++++++++++++++++++++++++++++++++++++++


 Reference energy                    -149.53984550
 Nuclear energy                        37.21685879
 Kinetic energy                       152.44539397
 One electron energy                 -278.62597814
 Two electron energy                   91.57990357
 Virial quotient                       -0.98283859
 Correlation energy                    -0.28937028
 !MRCI STATE 1.4 Energy              -149.829215782359

 Properties without orbital relaxation:

 !MRCI STATE 1.4 Dipole moment          0.00000000     0.00000000     0.00000000
 Dipole moment /Debye                   0.00000000     0.00000000     0.00000000

 Cluster corrected energies          -149.84241707 (Davidson, fixed reference)
 Cluster corrected energies          -149.84227466 (Davidson, relaxed reference)

 Cluster corrected energies          -149.84007021 (Pople, fixed reference)
 Cluster corrected energies          -149.83994994 (Pople, relaxed reference)

 

 !MRCI expec         <1.4|QMXX|1.4>     0.515070184891
 !MRCI expec         <1.4|QMYY|1.4>     0.530233824775
 !MRCI expec         <1.4|QMZZ|1.4>    -1.045304009667
 !MRCI expec         <1.4|QMRR|1.4>   -22.004302486220


 **********************************************************************************************************************************
 DATASETS  * FILE   NREC   LENGTH (MB)   RECORD NAMES
              1      20      320.25       500      701      610      900      950      970     1000      129      960     1100   
                                          VAR     GEOM    BASINP   SYMINP    ZMAT    AOBASIS   BASIS     P2S    ABASIS      S 
                                         1400     1410     1200     1210     1080     1600     1650     1300     1700     1380   
                                           T        V       H0       H01     AOSYM     SMH    MOLCAS    ERIS     OPER     JKOP   

              2      11      494.26       500      610      700     1000      520     2100     2140      701     2140(1)  5200   
                                          VAR    BASINP    GEOM     BASIS   MCVARS     RHF     MCSCF    GEOM     MCSCF    MRCI   
                                         6200   
                                         MRCI   

 PROGRAMS   *        TOTAL        CI     MULTI       INT        CI        CI        CI     MULTI       INT        CI        CI
 CPU TIMES  *     20436.13   2785.15     29.25     24.80    213.63   3034.84   2797.19     28.41     24.69    212.65   3037.91
 REAL TIME  *     20712.94 SEC
 DISK USED  *         4.20 GB      
 **********************************************************************************************************************************


 PROGRAM * CI (Multireference internally contracted CI)     Authors: H.-J. Werner, P.J. Knowles, 1987


 Convergence thresholds:  THRVAR = 1.00D-08  THRDEN = 1.00D-06

 Number of optimized states:  2  Roots:   1   2
 Number of reference states:  2  Roots:   1   2

 Program parameters:       NSTATE=  2    NSTATI=  3    NSTATR=  2    NCEPA = -1    NOKOP =  0    ITRDM =  0    ITRANS=  0
                           IDIP  =200    MAXIT =250    MAXITI=250    MAXDAV=  6    MAXVI =  9    NOSING=  0    NOPAIR=  0
                           MXSHRF=  9    IKCPS =  0    IOPTGM=  2    IOPTOR=  0    REFOPT=  1    IAVDEN=  0    IDELCG=  1
                           IREST =  0    NATORB=  0    IPUNRF=  0    ISEP  =  0    OLDDEN=  0    NSTPRI=  1    GPSFLI= -1
                           CLUSTE=  0    CLOSED=  1    ILSTYP=  0    ITRLS =  0    ICCSD =  0    LOCAL =  0    IBASO =  0
                           MP    =  0    ITEDIS=  2    INCDIS=  1    MAXDIS=  6    ITYDIS=  1    BRUECK=  0    IBRSTR=  3
                           INCBRK=  1    TRIPLE=  0    ICCTYP=  1    IHPPD =  0    ICCNEW=  0    I3EXT = -1    IDEB  =  0
                           IDLEIG=  1    IDFTYP=  1    IMP3  =  0    IPROCS=  0    NOINT =  0    NOREF =  1    IMP2G =  0
                           IHINT =  0    IFDIA =  0    ISPARO=  1    JKSYM =  0    CPHF  =  0    MP2D  = -1    DKINT =  0
                           NPKEX =  1    DRVK  =  1    HLSTRA=  1    WIGNER=  1    DIIS_C=  1    MAXIT_= 50    MATEL =  0
                           SPDEG =  1    MEMCPH=  0    DISM  =  1    KDCPMA=  5    IKDCP_=  0    IREDTH=  0    USECS =  0
                           IPROCC=  0    I3SAVE=  1    IKDCP =  1    USECI =  0    OLDPAI=  0    IPROCI=  0    KEEPCL=  1
                           DISCON=  0    SHIFTE=  0    DIISIN=  0    MOLCAS=  0    MEM_PT=  0    RECORD=  0    RS2C  =  0
                           KEXT  = -1    CIPT2 =  0    DECP0S=  0    I4EXT = -1    NATCOR=  0    RIMP2 =  0    DDCI  = -1

 Reference symmetry:                   1   Singlet 
 Number of electrons:                 16
 Maximum number of shells:             7
 Maximum number of spin couplings:   132

 Reference space:     9608 conf    28784 CSFs
 N elec internal:    73789 conf   226512 CSFs
 N-1 el internal:    69576 conf   339768 CSFs
 N-2 el internal:    58182 conf   452544 CSFs

 Number of electrons in valence space:                     12
 Maximum number of open shell orbitals in reference space: 10
 Maximum number of open shell orbitals in internal spaces: 12


 Number of core orbitals:           2 (   2   0   0   0   0   0   0   0 )
 Number of active  orbitals:       12 (   1   2   2   0   3   2   2   0 )
 Number of external orbitals:     240 (  43  29  29  19  43  29  29  19 )

 Molecular orbitals read from record     2140.2  Type=MCSCF/NATURAL (state averaged)

 Coulomb and exchange operators available. No transformation done.

 Number of p-space configurations:   3

 Reference wavefunction optimized for reference space (refopt=1)

 State     Reference Energy 
   1        -149.49922626
   2        -149.46270343
   3        -149.25012987

 Number of blocks in overlap matrix:    16   Smallest eigenvalue:  0.12D-04
 Number of N-2 electron functions:     288
 Number of N-1 electron functions:  339768

 Number of internal configurations:                28784
 Number of singly external configurations:      10197000
 Number of doubly external configurations:       1049024
 Total number of contracted configurations:     11274808
 Total number of uncontracted configurations: 1637811384

 Diagonal Coupling coefficients finished.               Storage:21559646 words, CPU-Time:     38.46 seconds.
 Energy denominators for pairs finished in 1 passes.    Storage: 1011457 words, CPU-time:      0.02 seconds.

  ITER. STATE  ROOT     SQ.NORM     CORR.ENERGY   TOTAL ENERGY   ENERGY CHANGE       DEN1      VAR(S)    VAR(P)      TIME
    1     1     1     1.00000000     0.00000000  -149.49922626     0.00000000    -0.28473210  0.27D-01  0.16D-01    53.15
    1     2     2     1.00000000     0.00000000  -149.46270343     0.00000000    -0.29202300  0.29D-01  0.18D-01    53.15
    2     1     1     1.04187845    -0.27910012  -149.77832638    -0.27910012    -0.01150214  0.11D-02  0.80D-03   325.18
    2     2     2     1.04299835    -0.28413140  -149.74683484    -0.28413140    -0.01203852  0.12D-02  0.88D-03   325.18
    3     1     1     1.04374401    -0.29032652  -149.78955278    -0.01122640    -0.00112815  0.12D-03  0.76D-04   597.40
    3     2     2     1.04493736    -0.29599662  -149.75870005    -0.01186521    -0.00135326  0.15D-03  0.95D-04   597.40
    4     1     1     1.04578529    -0.29149735  -149.79072360    -0.00117082    -0.00015346  0.15D-04  0.11D-04   869.85
    4     2     2     1.04750774    -0.29744624  -149.76014967    -0.00144962    -0.00021896  0.20D-04  0.17D-04   869.85
    5     1     1     1.04651546    -0.29166697  -149.79089323    -0.00016962    -0.00002587  0.22D-05  0.21D-05  1142.13
    5     2     2     1.04848982    -0.29770032  -149.76040375    -0.00025408    -0.00004506  0.37D-05  0.38D-05  1142.13
    6     1     1     1.04656744    -0.29169706  -149.79092332    -0.00003009    -0.00000599  0.57D-06  0.46D-06  1414.69
    6     2     2     1.04857663    -0.29775475  -149.76045819    -0.00005444    -0.00001243  0.11D-05  0.10D-05  1414.69
    7     1     1     1.04662431    -0.29170380  -149.79093005    -0.00000674    -0.00000178  0.19D-06  0.12D-06  1687.36
    7     2     2     1.04868325    -0.29776888  -149.76047232    -0.00001413    -0.00000418  0.43D-06  0.32D-06  1687.36
    8     1     1     1.04665799    -0.29170573  -149.79093199    -0.00000193    -0.00000059  0.59D-07  0.43D-07  1959.80
    8     2     2     1.04874343    -0.29777343  -149.76047686    -0.00000455    -0.00000152  0.14D-06  0.12D-06  1959.80
    9     1     1     1.04666647    -0.29170638  -149.79093264    -0.00000065    -0.00000021  0.22D-07  0.15D-07  2232.19
    9     2     2     1.04876259    -0.29777514  -149.76047857    -0.00000171    -0.00000059  0.56D-07  0.50D-07  2232.19
   10     1     1     1.04667093    -0.29170662  -149.79093288    -0.00000023    -0.00000008  0.10D-07  0.57D-08  2502.73
   10     2     2     1.04877551    -0.29777581  -149.76047924    -0.00000067    -0.00000025  0.28D-07  0.20D-07  2502.73
   11     1     1     1.04667304    -0.29170671  -149.79093297    -0.00000009    -0.00000003  0.37D-08  0.24D-08  2773.50
   11     2     2     1.04878212    -0.29777608  -149.76047952    -0.00000027    -0.00000011  0.11D-07  0.91D-08  2773.50
   12     1     1     1.04667304    -0.29170671  -149.79093297    -0.00000000    -0.00000003  0.37D-08  0.24D-08  2996.64
   12     2     2     1.04879781    -0.29777629  -149.76047972    -0.00000021    -0.00000002  0.16D-08  0.11D-08  2996.64


 =====================================
 Analysis of CPU times by interactions
 =====================================

       I      S      P

 I   0.9%
 S   1.0%  19.4%
 P   2.5%  62.2%  11.4%

 Initialization:   1.4%
 Other:            1.2%

 Total CPU:     2996.6 seconds
 =====================================



 Wavefunction saved on  6200.2

 Reference coefficients greater than 0.0500000
 =============================================
 220202202000           0.7178767   0.6371659
 220202200020          -0.6336597   0.7017875
 2202022000/\          -0.0974264   0.1330339
 200202202020           0.0583727  -0.0820731
 220002202020          -0.0707568  -0.0775374
 220202002020          -0.0048683  -0.0665530

 Coefficients of fixed reference functions:
 ==========================================

 State      Coefficients
   1         0.946397   -0.243128
   2         0.247227    0.944149

 Coefficients of rotated reference functions:
 ============================================

 State      Coefficients
   1         0.977125    0.002266
   2         0.002266    0.975978



 RESULTS FOR STATE 1.1
 =====================

 Coefficient of reference function:   C(0) = 0.94639682 (fixed)   0.97744984 (relaxed)   0.97712483 (rotated)

 Energy contributions of configuration classes

 CLASS          SQ.NORM        ECORR1        ECORR2
 +++++++++++++++++++++++++++++++++++++++++++++++++++
 Internals    0.06670030    0.00000000   -0.01742692
 Singles      0.02574712   -0.10168521   -0.09780356
 Pairs        0.02403902   -0.19002150   -0.17647622
 Total        1.11648644   -0.29170671   -0.29170671
 +++++++++++++++++++++++++++++++++++++++++++++++++++


 Reference energy                    -149.49922626
 Nuclear energy                        37.21685879
 Kinetic energy                       152.38263027
 One electron energy                 -278.47802588
 Two electron energy                   91.47023412
 Virial quotient                       -0.98299217
 Correlation energy                    -0.29170671
 !MRCI STATE 1.1 Energy              -149.790932965229

 Properties without orbital relaxation:

 !MRCI STATE 1.1 Dipole moment          0.00000000     0.00000000     0.00000000
 Dipole moment /Debye                   0.00000000     0.00000000     0.00000000

 Cluster corrected energies          -149.82491284 (Davidson, fixed reference)
 Cluster corrected energies          -149.80454780 (Davidson, relaxed reference)
 Cluster corrected energies          -149.80475095 (Davidson, rotated reference)

 Cluster corrected energies          -149.82156596 (Pople, fixed reference)
 Cluster corrected energies          -149.80263925 (Pople, relaxed reference)
 Cluster corrected energies          -149.80281950 (Pople, rotated reference)


 Cluster corrections using rotated reference energy:

 Reference energy (rotated)          -149.49692410
 MRCI Correlation energy               -0.29400887

 Cluster corrected energies          -149.80465525 (Davidson, relaxed reference)
 Cluster corrected energies          -149.80486000 (Davidson, rotated reference)

 Cluster corrected energies          -149.80273164 (Pople, relaxed reference)
 Cluster corrected energies          -149.80291331 (Pople, rotated reference)

 

 !MRCI expec         <1.1|QMXX|1.1>     0.428132581701
 !MRCI expec         <1.1|QMYY|1.1>     0.686645343785
 !MRCI expec         <1.1|QMZZ|1.1>    -1.114777925486
 !MRCI expec         <1.1|QMRR|1.1>   -22.356122040364



 RESULTS FOR STATE 2.1
 =====================

 Coefficient of reference function:   C(0) = 0.94414889 (fixed)   0.97645923 (relaxed)   0.97597809 (rotated)

 Energy contributions of configuration classes

 CLASS          SQ.NORM        ECORR1        ECORR2
 +++++++++++++++++++++++++++++++++++++++++++++++++++
 Internals    0.06961443   -0.00000000   -0.01847866
 Singles      0.02616242   -0.09636490   -0.09284442
 Pairs        0.02603242   -0.20141138   -0.18645321
 Total        1.12180928   -0.29777629   -0.29777629
 +++++++++++++++++++++++++++++++++++++++++++++++++++


 Reference energy                    -149.46270343
 Nuclear energy                        37.21685879
 Kinetic energy                       152.34513163
 One electron energy                 -278.35314258
 Two electron energy                   91.37580407
 Virial quotient                       -0.98303423
 Correlation energy                    -0.29777629
 !MRCI STATE 2.1 Energy              -149.760479721024

 Properties without orbital relaxation:

 !MRCI STATE 2.1 Dipole moment          0.00000000     0.00000000     0.00000000
 Dipole moment /Debye                   0.00000000     0.00000000     0.00000000

 Cluster corrected energies          -149.79675164 (Davidson, fixed reference)
 Cluster corrected energies          -149.77501055 (Davidson, relaxed reference)
 Cluster corrected energies          -149.77531855 (Davidson, rotated reference)

 Cluster corrected energies          -149.79329793 (Pople, fixed reference)
 Cluster corrected energies          -149.77299150 (Pople, relaxed reference)
 Cluster corrected energies          -149.77326562 (Pople, rotated reference)


 Cluster corrections using rotated reference energy:

 Reference energy (rotated)          -149.46500559
 MRCI Correlation energy               -0.29547413

 Cluster corrected energies          -149.77489821 (Davidson, relaxed reference)
 Cluster corrected energies          -149.77520383 (Davidson, rotated reference)

 Cluster corrected energies          -149.77289477 (Pople, relaxed reference)
 Cluster corrected energies          -149.77316677 (Pople, rotated reference)

 

 !MRCI expec         <2.1|QMXX|2.1>     0.780645943117
 !MRCI expec         <2.1|QMYY|2.1>     0.403719924650
 !MRCI expec         <2.1|QMZZ|2.1>    -1.184365867768
 !MRCI expec         <2.1|QMRR|2.1>   -22.742383396102

 !MRCI trans         <2.1|QMXX|1.1>    -1.309221587213
 !MRCI trans         <2.1|QMYY|1.1>     1.300364011306
 !MRCI trans         <2.1|QMZZ|1.1>     0.008857575907
 !MRCI trans         <2.1|QMRR|1.1>     0.097500706908


 **********************************************************************************************************************************
 DATASETS  * FILE   NREC   LENGTH (MB)   RECORD NAMES
              1      20      320.25       500      701      610      900      950      970     1000      129      960     1100   
                                          VAR     GEOM    BASINP   SYMINP    ZMAT    AOBASIS   BASIS     P2S    ABASIS      S 
                                         1400     1410     1200     1210     1080     1600     1650     1300     1700     1380   
                                           T        V       H0       H01     AOSYM     SMH    MOLCAS    ERIS     OPER     JKOP   

              2      11      494.26       500      610      700     1000      520     2100     2140      701     2140(1)  5200   
                                          VAR    BASINP    GEOM     BASIS   MCVARS     RHF     MCSCF    GEOM     MCSCF    MRCI   
                                         6200   
                                         MRCI   

 PROGRAMS   *        TOTAL        CI        CI     MULTI       INT        CI        CI        CI     MULTI       INT        CI
 CPU TIMES  *     23479.88   3043.75   2785.15     29.25     24.80    213.63   3034.84   2797.19     28.41     24.69    212.65
 REAL TIME  *     23787.16 SEC
 DISK USED  *         4.20 GB      
 **********************************************************************************************************************************


 PROGRAM * CI (Multireference internally contracted CI)     Authors: H.-J. Werner, P.J. Knowles, 1987


   ******************************
   *** Spin-orbit calculation ***
   ******************************


   Spin-orbit matrix elements
   ==========================

  

 PROGRAM * SEWLS (Spin-orbit & spin-spin integral evaluation)

 Modified from original SEWARD code by Alexander Mitrushchenkov
 
 Original version: December 2001, 2D-derivatives modifications: Stuttgart 2004
  
  
 The following spin-orbit components are calculated:
  
    Operator      Symmetry
  
      LSZ            4
  
 Integral cutoff:   0.10E-09

 Time for Seward_LS:      60.09 sec

       90119764. SPIN-ORBIT INTEGRALS WRITTEN OUT IN    22008 RECORDS ON RECORD     11290 OF FILE 1


 CPU time:     60.09 sec, REAL time:     60.64 sec


 SORTLS1 read    90119764. and wrote    90119764. SO integrals in   344 records. CPU time:      0.89 sec, REAL time:      1.82 sec
 SORTLS2 read    90119764. and wrote   130473100. SO integrals in     1 records. CPU time:      0.51 sec, REAL time:      1.25 sec

 FILE SIZES: FILE 1:  1762.9 MBYTE, FILE 4:  1442.9 MBYTE, TOTAL:  3205.8 MBYTE
 Preparing effective Fock matrices
  
 Total X Y Z Fock matrices evaluated:     0    0    3
  
 Wavefunction restored from record  5200.2  Symmetry=4  S= 1.0  NSTATE=1
 Wavefunction restored from record  6200.2  Symmetry=1  S= 0.0  NSTATE=2

 Bra-wavefunction restored from record   5200.2
 Ket-wavefunction restored from record   6200.2


 Symmetry of spin-orbit operator:         4
 Symmetry of bra wavefunction:            4   S= 1.0  MS= 0.0
 Symmetry of ket wavefunction:            1   S= 0.0  MS= 0.0

 

 Spin-orbit matrix elements for mean field operator:

 !MRCI trans          <1.4|LSZ|1.1>    -0.000039886781i au =    -8.754136502788i cm-1
 !MRCI trans          <1.4|LSZ|2.1>    -0.000666244566i au =  -146.223780032651i cm-1

 Spin-orbit matrix elements using full Breit-Pauli operator for internal part:

 !MRCI trans          <1.4|LSZ|1.1>    -0.000039442348i au =    -8.656594703042i cm-1
 !MRCI trans          <1.4|LSZ|2.1>    -0.000666431995i au =  -146.264915950985i cm-1

 >>> Hamiltonian transformed to symmetry adapted basis <<<


 Eigenvalues of the spin-orbit matrix
 ....................................

   Nr  Sym         E             E-E0         E-E0           E-E(1)      E-E(1)      E-E(1)
                 (au)            (au)        (cm-1)           (au)       (cm-1)        (eV)
   1   1   -149.82922228     -0.00000650       -1.43      0.00000000        0.00      0.0000
   2   1   -149.79093292      0.03828286     8402.12      0.03828936     8403.54      1.0419
   3   1   -149.76047326      0.06874252    15087.24      0.06874902    15088.67      1.8708
 
   4   6   -149.82921578      0.00000000        0.00      0.00000650        1.43      0.0002
 
   5   7   -149.82921578      0.00000000        0.00      0.00000650        1.43      0.0002

 E0 =   -149.82921578 is the energy of the lowest zeroth-order state
 E1 =   -149.82922228 is the energy of the lowest SO-state


  Expectation values <i|QMXX|i>
  ............................

  state:         1           2           3           4           5
  value:      0.515069    0.428192    0.780588    0.515070    0.515070
 

  Transition matrix elements <i|QMXX| 1> with the ground state
  ...........................................................

                             1           2           3           4           5
  Real Part  (a.u.):      0.515069    0.012781   -0.001226    0.000000    0.000000
  Imag Part  (a.u.):      0.000000    0.000000   -0.000000    0.000000    0.000000
  Abs. Value (a.u.):      0.515069    0.012781    0.001226    0.000000    0.000000
 

  Expectation values <i|QMYY|i>
  ............................

  state:         1           2           3           4           5
  value:      0.530248    0.686587    0.403764    0.530234    0.530234
 

  Transition matrix elements <i|QMYY| 1> with the ground state
  ...........................................................

                             1           2           3           4           5
  Real Part  (a.u.):      0.530248   -0.012767   -0.000113    0.000000    0.000000
  Imag Part  (a.u.):      0.000000   -0.000000    0.000000    0.000000    0.000000
  Abs. Value (a.u.):      0.530248    0.012767    0.000113    0.000000    0.000000
 

  Expectation values <i|QMZZ|i>
  ............................

  state:         1           2           3           4           5
  value:     -1.045317   -1.114778   -1.184353   -1.045304   -1.045304
 

  Transition matrix elements <i|QMZZ| 1> with the ground state
  ...........................................................

                             1           2           3           4           5
  Real Part  (a.u.):     -1.045317   -0.000014    0.001339    0.000000    0.000000
  Imag Part  (a.u.):      0.000000    0.000000   -0.000000    0.000000    0.000000
  Abs. Value (a.u.):      1.045317    0.000014    0.001339    0.000000    0.000000
 

  Expectation values <i|QMRR|i>
  ............................

  state:         1           2           3           4           5
  value:    -22.004370  -22.356126  -22.742312  -22.004302  -22.004302
 

  Transition matrix elements <i|QMRR| 1> with the ground state
  ...........................................................

                             1           2           3           4           5
  Real Part  (a.u.):    -22.004370   -0.000583    0.007054    0.000000    0.000000
  Imag Part  (a.u.):      0.000000    0.000000   -0.000000    0.000000    0.000000
  Abs. Value (a.u.):     22.004370    0.000583    0.007054    0.000000    0.000000
 


 **********************************************************************************************************************************
 DATASETS  * FILE   NREC   LENGTH (MB)   RECORD NAMES
              1      22     1364.38       500      701      610      900      950      970     1000      129      960     1100   
                                          VAR     GEOM    BASINP   SYMINP    ZMAT    AOBASIS   BASIS     P2S    ABASIS      S 
                                         1400     1410     1200     1210     1080     1600     1650     1300     1700     1380   
                                           T        V       H0       H01     AOSYM     SMH    MOLCAS    ERIS     OPER     JKOP   
                                         1700(1)  1303   
                                         OPER     LSZ2   

              2      11      494.26       500      610      700     1000      520     2100     2140      701     2140(1)  5200   
                                          VAR    BASINP    GEOM     BASIS   MCVARS     RHF     MCSCF    GEOM     MCSCF    MRCI   
                                         6200   
                                         MRCI   

 PROGRAMS   *        TOTAL        CI        CI        CI     MULTI       INT        CI        CI        CI     MULTI       INT
 CPU TIMES  *     23692.62    212.74   3043.75   2785.15     29.25     24.80    213.63   3034.84   2797.19     28.41     24.69
 REAL TIME  *     24018.49 SEC
 DISK USED  *         4.20 GB      
 **********************************************************************************************************************************

 DO I                   =         5.00000000   


 Using spherical harmonics

 Library entry O      S aug-cc-pV5Z          selected for orbital group  1
 Library entry O      P aug-cc-pV5Z          selected for orbital group  1
 Library entry O      D aug-cc-pV5Z          selected for orbital group  1
 Library entry O      F aug-cc-pV5Z          selected for orbital group  1
 Library entry O      G aug-cc-pV5Z          selected for orbital group  1
 Library entry O      H aug-cc-pV5Z          selected for orbital group  1


 PROGRAM * SEWARD (Integral evaluation for generally contracted gaussian basis sets)     Author: Roland Lindh, 1990

 Geometry written to block  1 of record 701

 Orientation using atomic masses  
 Molecule type: Linear
 Symmetry elements: X,Y,Z
 Rotational constants:      77.9935107     77.9935107      0.0000000 GHz  (calculated with average atomic masses)

 Point group  D2h 



 ATOMIC COORDINATES

 NR  ATOM    CHARGE       X              Y              Z

   1  O       8.00    0.000000000    0.000000000   -0.850376756
   2  O       8.00    0.000000000    0.000000000    0.850376756

 Bond lengths in Bohr (Angstrom)

 1-2  1.700753512
     ( 0.900000000)

 NUCLEAR CHARGE:                   16
 NUMBER OF PRIMITIVE AOS:         398
 NUMBER OF SYMMETRY AOS:          288
 NUMBER OF CONTRACTIONS:          254   (  46Ag  +  31B3u +  31B2u +  19B1g +  46B1u +  31B2g +  31B3g +  19Au  )
 NUMBER OF CORE ORBITALS:           2   (   1Ag  +   0B3u +   0B2u +   0B1g +   1B1u +   0B2g +   0B3g +   0Au  )
 NUMBER OF VALENCE ORBITALS:        8   (   2Ag  +   1B3u +   1B2u +   0B1g +   2B1u +   1B2g +   1B3g +   0Au  )


 NUCLEAR REPULSION ENERGY   37.63037944

 EXTRA SYMMETRY OF AOS IN SYMMETRY 1:   1 1 1 1 1 1 1 1 1 1   1 1 1 1 2 1 2 1 2 1   2 1 2 1 2 1 2 1 2 1   2 1 3 2 1 3 2 1 3 2
                                        2 3 1 2 3 1
 EXTRA SYMMETRY OF AOS IN SYMMETRY 2:   1 1 1 1 1 1 1 1 1 1   1 1 2 1 2 1 2 1 2 1   2 1 2 1 2 1 2 3 1 2   3
 EXTRA SYMMETRY OF AOS IN SYMMETRY 3:   1 1 1 1 1 1 1 1 1 1   1 1 2 1 2 1 2 1 2 1   2 1 2 1 2 1 2 3 1 2   3
 EXTRA SYMMETRY OF AOS IN SYMMETRY 4:   1 1 1 1 1 1 1 1 1 1   2 1 2 1 2 2 1 2 1
 EXTRA SYMMETRY OF AOS IN SYMMETRY 5:   1 1 1 1 1 1 1 1 1 1   1 1 1 1 2 1 2 1 2 1   2 1 2 1 2 1 2 1 2 1   2 1 3 2 1 3 2 1 3 2
                                        2 3 1 2 3 1
 EXTRA SYMMETRY OF AOS IN SYMMETRY 6:   1 1 1 1 1 1 1 1 1 1   1 1 2 1 2 1 2 1 2 1   2 1 2 1 2 1 2 3 1 2   3
 EXTRA SYMMETRY OF AOS IN SYMMETRY 7:   1 1 1 1 1 1 1 1 1 1   1 1 2 1 2 1 2 1 2 1   2 1 2 1 2 1 2 3 1 2   3
 EXTRA SYMMETRY OF AOS IN SYMMETRY 8:   1 1 1 1 1 1 1 1 1 1   2 1 2 1 2 2 1 2 1

 Eigenvalues of metric

         1 0.855E-04 0.238E-03 0.558E-03 0.166E-02 0.584E-02 0.209E-01 0.211E-01 0.259E-01
         2 0.838E-03 0.465E-02 0.949E-02 0.370E-01 0.549E-01 0.144E+00 0.155E+00 0.165E+00
         3 0.838E-03 0.465E-02 0.949E-02 0.370E-01 0.549E-01 0.144E+00 0.155E+00 0.165E+00
         4 0.209E-01 0.842E-01 0.861E-01 0.214E+00 0.296E+00 0.317E+00 0.465E+00 0.472E+00
         5 0.599E-05 0.559E-04 0.217E-03 0.517E-03 0.670E-03 0.777E-03 0.144E-02 0.469E-02
         6 0.251E-04 0.160E-03 0.100E-02 0.527E-02 0.110E-01 0.209E-01 0.252E-01 0.501E-01
         7 0.251E-04 0.160E-03 0.100E-02 0.527E-02 0.110E-01 0.209E-01 0.252E-01 0.501E-01
         8 0.670E-03 0.566E-02 0.237E-01 0.588E-01 0.152E+00 0.163E+00 0.190E+00 0.192E+00


 Contracted 2-electron integrals neglected if value below      1.0D-12
 AO integral compression algorithm  1   Integral accuracy      1.0D-12

     470.286 MB (compressed) written to integral file ( 51.5%)


 NUMBER OF SORTED TWO-ELECTRON INTEGRALS:   66838400.     BUFFER LENGTH:  32768
 NUMBER OF SEGMENTS:   5  SEGMENT LENGTH:   15999177      RECORD LENGTH: 524288

 Memory used in sort:      16.56 MW

 SORT1 READ   114264352. AND WROTE    47776420. INTEGRALS IN    139 RECORDS. CPU TIME:     2.92 SEC, REAL TIME:     3.38 SEC
 SORT2 READ    47776420. AND WROTE    66838400. INTEGRALS IN   1794 RECORDS. CPU TIME:     1.13 SEC, REAL TIME:     1.40 SEC

 FILE SIZES:   FILE 1:   490.9 MBYTE,  FILE 4:   583.0 MBYTE,   TOTAL:   1073.9 MBYTE

 OPERATOR DM      FOR CENTER  0  COORDINATES:    0.000000    0.000000    0.000000
 OPERATOR QM      FOR CENTER  0  COORDINATES:    0.000000    0.000000    0.000000


 **********************************************************************************************************************************
 DATASETS  * FILE   NREC   LENGTH (MB)   RECORD NAMES
              1      19      309.96       500      701      610      900      950      970     1000      129      960     1100   
                                          VAR     GEOM    BASINP   SYMINP    ZMAT    AOBASIS   BASIS     P2S    ABASIS      S 
                                         1400     1410     1200     1210     1080     1600     1650     1300     1700   
                                           T        V       H0       H01     AOSYM     SMH    MOLCAS    ERIS     OPER   

              2      11      494.26       500      610      700     1000      520     2100     2140      701     2140(1)  5200   
                                          VAR    BASINP    GEOM     BASIS   MCVARS     RHF     MCSCF    GEOM     MCSCF    MRCI   
                                         6200   
                                         MRCI   

 PROGRAMS   *        TOTAL       INT        CI        CI        CI     MULTI       INT        CI        CI        CI     MULTI
 CPU TIMES  *     23717.34     24.71    212.74   3043.75   2785.15     29.25     24.80    213.63   3034.84   2797.19     28.41
 REAL TIME  *     24050.76 SEC
 DISK USED  *         4.20 GB      
 **********************************************************************************************************************************


 PROGRAM * MULTI (Direct Multiconfiguration SCF)       Authors: P.J. Knowles, H.-J. Werner (1984)     S.T. Elbert (1988)


 Number of closed-shell orbitals:   2 (   2   0   0   0   0   0   0   0 )
 Number of active  orbitals:       12 (   1   2   2   0   3   2   2   0 )
 Number of external orbitals:     240 (  43  29  29  19  43  29  29  19 )

 State symmetry 1

 Number of electrons:    12    Spin symmetry=Singlet   Space symmetry=1
 Number of states:        3
 Number of CSFs:      28784   (107016 determinants, 853776 intermediate states)

 State symmetry 2

 Number of electrons:    12    Spin symmetry=Triplet   Space symmetry=4
 Number of states:        2
 Number of CSFs:      47808   (78400 determinants, 627264 intermediate states)

 Iteration controls:
             1  2  3  4  5  6  7  8  9 10 11 12 13 14 15 16 17 18 19 20 21 22 23 24 25 26 27 28 29 30 31 32 33 34 35 36 37 38 39
 DIAGCI      T  T  T  T  T  T  T  T  T  T  T  T  T  T  T  T  T  T  T  T  T  T  T  T  T  T  T  T  T  T  T  T  T  T  T  T  T  T  T
 WERNER      T  T  T  T  T  T  T  T  T  T  T  T  T  T  T  T  T  T  T  T  T  T  T  T  T  T  T  T  T  T  T  T  T  T  T  T  T  T  T
 INTERNAL    F  T  T  T  T  T  T  T  T  T  T  T  T  T  T  T  T  T  T  T  T  T  T  T  T  T  T  T  T  T  T  T  T  T  T  T  T  T  T

 Molecular orbitals read from record     2140.2  Type=MCSCF/NATURAL (state averaged)

 EXTRA SYMMETRY OF MOS IN SYMMETRY 1:   1 1 1 1 1 2 1 1 1 2   2 1 1 3 1 1 2 2 1 1   2 1 1 3 2 3 1 2 1 2   1 2 1 1 3 2 1 1 1 3
                                        2 2 2 1 1 1
 EXTRA SYMMETRY OF MOS IN SYMMETRY 2:   1 1 1 1 1 2 1 1 2 1   1 2 1 1 3 2 1 2 1 2   1 1 2 3 1 1 1 2 2 1   1
 EXTRA SYMMETRY OF MOS IN SYMMETRY 3:   1 1 1 1 1 2 1 1 2 1   1 2 1 1 3 2 1 2 1 2   1 1 2 3 1 1 1 2 2 1   1
 EXTRA SYMMETRY OF MOS IN SYMMETRY 4:   1 1 1 2 1 1 1 2 1 2   1 1 1 2 1 2 1 1 1
 EXTRA SYMMETRY OF MOS IN SYMMETRY 5:   1 1 1 1 1 2 1 1 2 1   1 2 1 1 1 3 2 2 1 1   2 1 2 1 3 1 2 3 1 2   1 1 2 1 2 3 1 3 1 2
                                        1 1 2 2 1 1
 EXTRA SYMMETRY OF MOS IN SYMMETRY 6:   1 1 1 1 1 2 1 1 2 1   1 2 1 1 3 1 2 2 1 1   2 1 3 1 1 2 2 2 1 1   1
 EXTRA SYMMETRY OF MOS IN SYMMETRY 7:   1 1 1 1 2 1 1 1 2 1   1 2 1 1 3 1 2 2 1 1   2 1 3 1 1 2 2 2 1 1   1
 EXTRA SYMMETRY OF MOS IN SYMMETRY 8:   1 1 1 2 1 1 1 1 2 1   2 1 1 1 2 2 1 1 1

 Wavefunction dump at record             2140.2

 Convergence thresholds  0.10E-01 (gradient)  0.10E-05 (energy)  0.10E-02 (step length)

 Weight factors for state symmetry  1:    0.20000   0.20000   0.20000
 Weight factors for state symmetry  2:    0.20000   0.20000

 Number of orbital rotations:      492   (     2 Core/Active     86 Core/Virtual   0 Active/Active    404 Active/Virtual)
 Total number of variables:     478340


 ITER. MIC  NCI  NEG     ENERGY(VAR)     ENERGY(PROJ)   ENERGY CHANGE     GRAD(0)  GRAD(ORB)   GRAD(CI)     STEP       TIME

   1   46   47    0    -149.37755594    -149.37772578   -0.00016984    0.04255609 0.00000000 0.00044315  0.25D-01      8.98
   2   34   35    0    -149.37772567    -149.37772570   -0.00000003    0.00005479 0.00000000 0.00015741  0.25D-02     16.41
   3   25   30    0    -149.37772570    -149.37772570   -0.00000000    0.00000260 0.00000075 0.00003538  0.16D-03     22.87

 ** WVFN ****  CONVERGENCE REACHED, FINAL GRADIENT:  0.78D-06



 Results for state 1.1
 =====================

 !MCSCF STATE 1.1 Energy             -149.471156870083
 Nuclear energy                        37.63037944
 Kinetic energy                       152.43046761
 One electron energy                 -279.65358988
 Two electron energy                   92.55205357
 Virial ratio                           1.98058583

 !MCSCF STATE 1.1 Dipole moment         0.00000000     0.00000000     0.00000000
 Dipole moment /Debye                   0.00000000     0.00000000     0.00000000

 Results for state 2.1
 =====================

 !MCSCF STATE 2.1 Energy             -149.434764635796
 Nuclear energy                        37.63037944
 Kinetic energy                       152.61785969
 One electron energy                 -279.76574777
 Two electron energy                   92.70060369
 Virial ratio                           1.97914336

 !MCSCF STATE 2.1 Dipole moment         0.00000000     0.00000000     0.00000000
 Dipole moment /Debye                   0.00000000     0.00000000     0.00000000

 Results for state 3.1
 =====================

 !MCSCF STATE 3.1 Energy             -149.227850103718
 Nuclear energy                        37.63037944
 Kinetic energy                       150.80162160
 One electron energy                 -273.88463139
 Two electron energy                   87.02640184
 Virial ratio                           1.98956396

 !MCSCF STATE 3.1 Dipole moment         0.00000000     0.00000000     0.00000000
 Dipole moment /Debye                   0.00000000     0.00000000     0.00000000



 Results for state 1.4
 =====================

 !MCSCF STATE 1.4 Energy             -149.511621557436
 Nuclear energy                        37.63037944
 Kinetic energy                       152.61160964
 One electron energy                 -279.90836816
 Two electron energy                   92.76636716
 Virial ratio                           1.97968708

 !MCSCF STATE 1.4 Dipole moment         0.00000000     0.00000000     0.00000000
 Dipole moment /Debye                   0.00000000     0.00000000     0.00000000

 Results for state 2.4
 =====================

 !MCSCF STATE 2.4 Energy             -149.243235321823
 Nuclear energy                        37.63037944
 Kinetic energy                       150.75140037
 One electron energy                 -273.56160367
 Two electron energy                   86.68798890
 Virial ratio                           1.98999568

 !MCSCF STATE 2.4 Dipole moment         0.00000000     0.00000000     0.00000000
 Dipole moment /Debye                   0.00000000     0.00000000     0.00000000

 State-averaged charge density matrix saved on record  2140.2 (density set 1)

 !MCSCF expec        <1.1|QMXX|1.1>    -0.208207987577
 !MCSCF trans        <2.1|QMXX|1.1>    -1.115718519010
 !MCSCF expec        <2.1|QMXX|2.1>     1.495243802987
 !MCSCF trans        <3.1|QMXX|1.1>    -0.981226514284
 !MCSCF trans        <3.1|QMXX|2.1>     2.482431844877
 !MCSCF expec        <3.1|QMXX|3.1>    12.444814438362
 !MCSCF expec        <1.4|QMXX|1.4>     0.473281952262
 !MCSCF trans        <2.4|QMXX|1.4>     1.310389630459
 !MCSCF expec        <2.4|QMXX|2.4>    11.939430214092

 !MCSCF expec        <1.1|QMYY|1.1>     1.255604956274
 !MCSCF trans        <2.1|QMYY|1.1>     1.105528558027
 !MCSCF expec        <2.1|QMYY|2.1>    -0.358543654771
 !MCSCF trans        <3.1|QMYY|1.1>     0.491862274415
 !MCSCF trans        <3.1|QMYY|2.1>    -1.336811367401
 !MCSCF expec        <3.1|QMYY|3.1>    -6.574780875385
 !MCSCF expec        <1.4|QMYY|1.4>     0.510846880649
 !MCSCF trans        <2.4|QMYY|1.4>    -0.719029248309
 !MCSCF expec        <2.4|QMYY|2.4>    -5.845768177109

 !MCSCF expec        <1.1|QMZZ|1.1>    -1.047396968697
 !MCSCF trans        <2.1|QMZZ|1.1>     0.010189960983
 !MCSCF expec        <2.1|QMZZ|2.1>    -1.136700148216
 !MCSCF trans        <3.1|QMZZ|1.1>     0.489364239869
 !MCSCF trans        <3.1|QMZZ|2.1>    -1.145620477476
 !MCSCF expec        <3.1|QMZZ|3.1>    -5.870033562977
 !MCSCF expec        <1.4|QMZZ|1.4>    -0.984128832911
 !MCSCF trans        <2.4|QMZZ|1.4>    -0.591360382151
 !MCSCF expec        <2.4|QMZZ|2.4>    -6.093662036983

 !MCSCF expec        <1.1|QMRR|1.1>   -21.975747723697
 !MCSCF trans        <2.1|QMRR|1.1>     0.174223313055
 !MCSCF expec        <2.1|QMRR|2.1>   -22.757749529505
 !MCSCF trans        <3.1|QMRR|1.1>     3.590664858055
 !MCSCF trans        <3.1|QMRR|2.1>    -8.507367048210
 !MCSCF expec        <3.1|QMRR|3.1>   -59.166172242997
 !MCSCF expec        <1.4|QMRR|1.4>   -21.678330528235
 !MCSCF trans        <2.4|QMRR|1.4>    -4.335589059907
 !MCSCF expec        <2.4|QMRR|2.4>   -60.879697357202


 EXTRA SYMMETRY OF MOS IN SYMMETRY 6:   1 1 1 1 2 1 1 1 2 1   1 2 1 1 3 1 2 2 1 1   2 1 3 1 1 2 2 2 1 1   1

 Natural orbital dump (state averaged) at molpro section  2140.2    (Orbital set 2)


 CI vector for state symmetry 1
 ==============================

 2 20 20 220 20 00        0.8715590   0.4461177  -0.0184861
 2 20 20 220 00 20       -0.4460539   0.8511112  -0.2096917
 2 20 20 220 00 ab       -0.0553444   0.1368638   0.6754167
 2 20 20 220 00 ba        0.0553444  -0.1368638  -0.6754167
 2 00 20 220 20 20        0.0382377  -0.0972025   0.0224735
 2 20 00 220 20 20       -0.0933564  -0.0592992   0.0041849
 2 00 20 220 20 ab        0.0067138  -0.0144159  -0.0716780
 2 00 20 220 20 ba       -0.0067138   0.0144159   0.0716780
 2 20 20 200 20 20       -0.0240248  -0.0702241   0.0120654
 2 b0 a0 220 a0 2b       -0.0060182   0.0138348   0.0511454
 2 a0 b0 220 b0 2a       -0.0060182   0.0138348   0.0511454

 TOTAL ENERGIES                      -149.47115687  -149.43476464  -149.22785010

 CI vector for state symmetry 2
 ==============================

 2 20 20 220 a0 a0        0.9809914  -0.0945307
 2 20 20 220 a0 0a        0.0930107   0.9698942
 2 20 00 220 a0 2a       -0.0155465  -0.1034032
 2 20 20 220 0a 0a       -0.0134878  -0.0779785
 2 a0 b0 220 20 aa       -0.0110190  -0.0739296
 2 a0 a0 220 20 20       -0.0674556   0.0071394
 2 a0 a0 220 20 ba        0.0054893   0.0564695
 2 20 20 200 a0 2a       -0.0071703  -0.0540391

 TOTAL ENERGIES                      -149.51162156  -149.24323532



 **********************************************************************************************************************************
 DATASETS  * FILE   NREC   LENGTH (MB)   RECORD NAMES
              1      20      320.53       500      701      610      900      950      970     1000      129      960     1100   
                                          VAR     GEOM    BASINP   SYMINP    ZMAT    AOBASIS   BASIS     P2S    ABASIS      S 
                                         1400     1410     1200     1210     1080     1600     1650     1300     1700     1380   
                                           T        V       H0       H01     AOSYM     SMH    MOLCAS    ERIS     OPER     JKOP   

              2      11      494.26       500      610      700     1000      520     2100     2140      701     2140(1)  5200   
                                          VAR    BASINP    GEOM     BASIS   MCVARS     RHF     MCSCF    GEOM     MCSCF    MRCI   
                                         6200   
                                         MRCI   

 PROGRAMS   *        TOTAL     MULTI       INT        CI        CI        CI     MULTI       INT        CI        CI        CI
 CPU TIMES  *     23746.43     29.09     24.71    212.74   3043.75   2785.15     29.25     24.80    213.63   3034.84   2797.19
 REAL TIME  *     24082.74 SEC
 DISK USED  *         4.20 GB      
 **********************************************************************************************************************************


 PROGRAM * CI (Multireference internally contracted CI)     Authors: H.-J. Werner, P.J. Knowles, 1987


 Convergence thresholds:  THRVAR = 1.00D-08  THRDEN = 1.00D-06

 Number of optimized states:  1  Roots:   1
 Number of reference states:  1  Roots:   1

 Program parameters:       NSTATE=  1    NSTATI=  2    NSTATR=  1    NCEPA = -1    NOKOP =  0    ITRDM =  0    ITRANS=  0
                           IDIP  =200    MAXIT =250    MAXITI=250    MAXDAV=  4    MAXVI =  6    NOSING=  0    NOPAIR=  0
                           MXSHRF=  8    IKCPS =  0    IOPTGM=  2    IOPTOR=  0    REFOPT=  1    IAVDEN=  0    IDELCG=  1
                           IREST =  0    NATORB=  0    IPUNRF=  0    ISEP  =  0    OLDDEN=  0    NSTPRI=  1    GPSFLI= -1
                           CLUSTE=  0    CLOSED=  1    ILSTYP=  0    ITRLS =  0    ICCSD =  0    LOCAL =  0    IBASO =  0
                           MP    =  0    ITEDIS=  2    INCDIS=  1    MAXDIS=  6    ITYDIS=  1    BRUECK=  0    IBRSTR=  3
                           INCBRK=  1    TRIPLE=  0    ICCTYP=  1    IHPPD =  0    ICCNEW=  0    I3EXT = -1    IDEB  =  0
                           IDLEIG=  1    IDFTYP=  1    IMP3  =  0    IPROCS=  0    NOINT =  0    NOREF =  1    IMP2G =  0
                           IHINT =  0    IFDIA =  0    ISPARO=  1    JKSYM =  0    CPHF  =  0    MP2D  = -1    DKINT =  0
                           NPKEX =  1    DRVK  =  1    HLSTRA=  1    WIGNER=  1    DIIS_C=  1    MAXIT_= 50    MATEL =  0
                           SPDEG =  1    MEMCPH=  0    DISM  =  1    KDCPMA=  5    IKDCP_=  0    IREDTH=  0    USECS =  0
                           IPROCC=  0    I3SAVE=  1    IKDCP =  1    USECI =  0    OLDPAI=  0    IPROCI=  0    KEEPCL=  1
                           DISCON=  0    SHIFTE=  0    DIISIN=  0    MOLCAS=  0    MEM_PT=  0    RECORD=  0    RS2C  =  0
                           KEXT  = -1    CIPT2 =  0    DECP0S=  0    I4EXT = -1    NATCOR=  0    RIMP2 =  0    DDCI  = -1

 Reference symmetry:                   4   Triplet 
 Number of electrons:                 16
 Maximum number of shells:             6
 Maximum number of spin couplings:   297

 Reference space:     9136 conf    47808 CSFs
 N elec internal:    72865 conf   382239 CSFs
 N-1 el internal:    69576 conf   622908 CSFs
 N-2 el internal:    57950 conf   876478 CSFs

 Number of electrons in valence space:                     12
 Maximum number of open shell orbitals in reference space: 10
 Maximum number of open shell orbitals in internal spaces: 12


 Number of core orbitals:           2 (   2   0   0   0   0   0   0   0 )
 Number of active  orbitals:       12 (   1   2   2   0   3   2   2   0 )
 Number of external orbitals:     240 (  43  29  29  19  43  29  29  19 )

 Molecular orbitals read from record     2140.2  Type=MCSCF/NATURAL (state averaged)

 Coulomb and exchange operators available. No transformation done.

 Number of p-space configurations:   2

 Reference wavefunction optimized for reference space (refopt=1)

 State     Reference Energy 
   1        -149.51162156
   2        -149.24323532

 Number of blocks in overlap matrix:    16   Smallest eigenvalue:  0.22D-02
 Number of N-2 electron functions:     144
 Number of N-1 electron functions:  622908

 Number of internal configurations:                47808
 Number of singly external configurations:      18686980
 Number of doubly external configurations:        524512
 Total number of contracted configurations:     19259300
 Total number of uncontracted configurations: 3169518620

 Diagonal Coupling coefficients finished.               Storage:21268533 words, CPU-Time:     25.56 seconds.
 Energy denominators for pairs finished in 1 passes.    Storage: 2233191 words, CPU-time:      0.01 seconds.

  ITER. STATE  ROOT     SQ.NORM     CORR.ENERGY   TOTAL ENERGY   ENERGY CHANGE       DEN1      VAR(S)    VAR(P)      TIME
    1     1     1     1.00000000     0.00000000  -149.51162156     0.00000000    -0.29168380  0.28D-01  0.18D-01    40.40
    2     1     1     1.04138792    -0.27894268  -149.79056424    -0.27894268    -0.01073811  0.12D-02  0.75D-03   379.93
    3     1     1     1.04264935    -0.28902301  -149.80064456    -0.01008033    -0.00099242  0.11D-03  0.67D-04   721.22
    4     1     1     1.04435785    -0.29002521  -149.80164677    -0.00100221    -0.00011615  0.12D-04  0.83D-05  1062.24
    5     1     1     1.04499625    -0.29015029  -149.80177185    -0.00012508    -0.00001407  0.12D-05  0.11D-05  1403.45
    6     1     1     1.04506184    -0.29016585  -149.80178741    -0.00001556    -0.00000199  0.20D-06  0.16D-06  1745.88
    7     1     1     1.04505515    -0.29016806  -149.80178962    -0.00000221    -0.00000030  0.30D-07  0.26D-07  2089.65
    8     1     1     1.04506163    -0.29016840  -149.80178996    -0.00000034    -0.00000006  0.70D-08  0.49D-08  2432.00
    9     1     1     1.04506564    -0.29016847  -149.80179003    -0.00000007    -0.00000001  0.14D-08  0.11D-08  2774.63


 =====================================
 Analysis of CPU times by interactions
 =====================================

       I      S      P

 I   0.9%
 S   0.8%  19.1%
 P   1.5%  71.4%   4.7%

 Initialization:   1.1%
 Other:            0.5%

 Total CPU:     2774.6 seconds
 =====================================



 Wavefunction saved on  5200.2

 Reference coefficients greater than 0.0500000
 =============================================
 22020220/0/0           0.9620366
 22020220/00/           0.0796127
 2/0/02202020          -0.0619891



 RESULTS FOR STATE 1.4
 =====================

 Coefficient of reference function:   C(0) = 0.97796296 (fixed)   0.97820125 (relaxed)

 Energy contributions of configuration classes

 CLASS          SQ.NORM        ECORR1        ECORR2
 +++++++++++++++++++++++++++++++++++++++++++++++++++
 Internals    0.00048738    0.00000000   -0.00013525
 Singles      0.02283544   -0.09846374   -0.10050908
 Pairs        0.02225217   -0.19170474   -0.18952414
 Total        1.04557499   -0.29016847   -0.29016847
 +++++++++++++++++++++++++++++++++++++++++++++++++++


 Reference energy                    -149.51162156
 Nuclear energy                        37.63037944
 Kinetic energy                       152.57661053
 One electron energy                 -279.34269170
 Two electron energy                   91.91052223
 Virial quotient                       -0.98181359
 Correlation energy                    -0.29016847
 !MRCI STATE 1.4 Energy              -149.801790029518

 Properties without orbital relaxation:

 !MRCI STATE 1.4 Dipole moment          0.00000000     0.00000000     0.00000000
 Dipole moment /Debye                   0.00000000     0.00000000     0.00000000

 Cluster corrected energies          -149.81501445 (Davidson, fixed reference)
 Cluster corrected energies          -149.81486666 (Davidson, relaxed reference)

 Cluster corrected energies          -149.81266318 (Pople, fixed reference)
 Cluster corrected energies          -149.81253837 (Pople, relaxed reference)

 

 !MRCI expec         <1.4|QMXX|1.4>     0.531800327828
 !MRCI expec         <1.4|QMYY|1.4>     0.546601974748
 !MRCI expec         <1.4|QMZZ|1.4>    -1.078402302576
 !MRCI expec         <1.4|QMRR|1.4>   -22.017105740132


 **********************************************************************************************************************************
 DATASETS  * FILE   NREC   LENGTH (MB)   RECORD NAMES
              1      20      320.53       500      701      610      900      950      970     1000      129      960     1100   
                                          VAR     GEOM    BASINP   SYMINP    ZMAT    AOBASIS   BASIS     P2S    ABASIS      S 
                                         1400     1410     1200     1210     1080     1600     1650     1300     1700     1380   
                                           T        V       H0       H01     AOSYM     SMH    MOLCAS    ERIS     OPER     JKOP   

              2      11      494.26       500      610      700     1000      520     2100     2140      701     2140(1)  5200   
                                          VAR    BASINP    GEOM     BASIS   MCVARS     RHF     MCSCF    GEOM     MCSCF    MRCI   
                                         6200   
                                         MRCI   

 PROGRAMS   *        TOTAL        CI     MULTI       INT        CI        CI        CI     MULTI       INT        CI        CI
 CPU TIMES  *     26540.88   2794.44     29.09     24.71    212.74   3043.75   2785.15     29.25     24.80    213.63   3034.84
 REAL TIME  *     26897.57 SEC
 DISK USED  *         4.20 GB      
 **********************************************************************************************************************************


 PROGRAM * CI (Multireference internally contracted CI)     Authors: H.-J. Werner, P.J. Knowles, 1987


 Convergence thresholds:  THRVAR = 1.00D-08  THRDEN = 1.00D-06

 Number of optimized states:  2  Roots:   1   2
 Number of reference states:  2  Roots:   1   2

 Program parameters:       NSTATE=  2    NSTATI=  3    NSTATR=  2    NCEPA = -1    NOKOP =  0    ITRDM =  0    ITRANS=  0
                           IDIP  =200    MAXIT =250    MAXITI=250    MAXDAV=  6    MAXVI =  9    NOSING=  0    NOPAIR=  0
                           MXSHRF=  9    IKCPS =  0    IOPTGM=  2    IOPTOR=  0    REFOPT=  1    IAVDEN=  0    IDELCG=  1
                           IREST =  0    NATORB=  0    IPUNRF=  0    ISEP  =  0    OLDDEN=  0    NSTPRI=  1    GPSFLI= -1
                           CLUSTE=  0    CLOSED=  1    ILSTYP=  0    ITRLS =  0    ICCSD =  0    LOCAL =  0    IBASO =  0
                           MP    =  0    ITEDIS=  2    INCDIS=  1    MAXDIS=  6    ITYDIS=  1    BRUECK=  0    IBRSTR=  3
                           INCBRK=  1    TRIPLE=  0    ICCTYP=  1    IHPPD =  0    ICCNEW=  0    I3EXT = -1    IDEB  =  0
                           IDLEIG=  1    IDFTYP=  1    IMP3  =  0    IPROCS=  0    NOINT =  0    NOREF =  1    IMP2G =  0
                           IHINT =  0    IFDIA =  0    ISPARO=  1    JKSYM =  0    CPHF  =  0    MP2D  = -1    DKINT =  0
                           NPKEX =  1    DRVK  =  1    HLSTRA=  1    WIGNER=  1    DIIS_C=  1    MAXIT_= 50    MATEL =  0
                           SPDEG =  1    MEMCPH=  0    DISM  =  1    KDCPMA=  5    IKDCP_=  0    IREDTH=  0    USECS =  0
                           IPROCC=  0    I3SAVE=  1    IKDCP =  1    USECI =  0    OLDPAI=  0    IPROCI=  0    KEEPCL=  1
                           DISCON=  0    SHIFTE=  0    DIISIN=  0    MOLCAS=  0    MEM_PT=  0    RECORD=  0    RS2C  =  0
                           KEXT  = -1    CIPT2 =  0    DECP0S=  0    I4EXT = -1    NATCOR=  0    RIMP2 =  0    DDCI  = -1

 Reference symmetry:                   1   Singlet 
 Number of electrons:                 16
 Maximum number of shells:             7
 Maximum number of spin couplings:   132

 Reference space:     9608 conf    28784 CSFs
 N elec internal:    73789 conf   226512 CSFs
 N-1 el internal:    69576 conf   339768 CSFs
 N-2 el internal:    58182 conf   452544 CSFs

 Number of electrons in valence space:                     12
 Maximum number of open shell orbitals in reference space: 10
 Maximum number of open shell orbitals in internal spaces: 12


 Number of core orbitals:           2 (   2   0   0   0   0   0   0   0 )
 Number of active  orbitals:       12 (   1   2   2   0   3   2   2   0 )
 Number of external orbitals:     240 (  43  29  29  19  43  29  29  19 )

 Molecular orbitals read from record     2140.2  Type=MCSCF/NATURAL (state averaged)

 Coulomb and exchange operators available. No transformation done.

 Number of p-space configurations:   3

 Reference wavefunction optimized for reference space (refopt=1)

 State     Reference Energy 
   1        -149.47115687
   2        -149.43476464
   3        -149.22785010

 Number of blocks in overlap matrix:    16   Smallest eigenvalue:  0.10D-04
 Number of N-2 electron functions:     288
 Number of N-1 electron functions:  339768

 Number of internal configurations:                28784
 Number of singly external configurations:      10197000
 Number of doubly external configurations:       1049024
 Total number of contracted configurations:     11274808
 Total number of uncontracted configurations: 1637811384

 Diagonal Coupling coefficients finished.               Storage:21559646 words, CPU-Time:     37.96 seconds.
 Energy denominators for pairs finished in 1 passes.    Storage: 1011457 words, CPU-time:      0.02 seconds.

  ITER. STATE  ROOT     SQ.NORM     CORR.ENERGY   TOTAL ENERGY   ENERGY CHANGE       DEN1      VAR(S)    VAR(P)      TIME
    1     1     1     1.00000000     0.00000000  -149.47115687     0.00000000    -0.28537660  0.27D-01  0.16D-01    52.19
    1     2     2     1.00000000     0.00000000  -149.43476464     0.00000000    -0.29244416  0.29D-01  0.18D-01    52.19
    2     1     1     1.04183434    -0.27977437  -149.75093124    -0.27977437    -0.01158570  0.11D-02  0.81D-03   323.26
    2     2     2     1.04298420    -0.28468432  -149.71944895    -0.28468432    -0.01213708  0.12D-02  0.88D-03   323.26
    3     1     1     1.04367987    -0.29111087  -149.76226774    -0.01133649    -0.00113547  0.12D-03  0.76D-04   594.07
    3     2     2     1.04489333    -0.29668467  -149.73144931    -0.01200035    -0.00136801  0.15D-03  0.97D-04   594.07
    4     1     1     1.04573445    -0.29229610  -149.76345297    -0.00118523    -0.00015516  0.15D-04  0.11D-04   865.65
    4     2     2     1.04749528    -0.29816094  -149.73292557    -0.00147627    -0.00022365  0.20D-04  0.17D-04   865.65
    5     1     1     1.04646743    -0.29246905  -149.76362592    -0.00017295    -0.00002655  0.22D-05  0.21D-05  1137.28
    5     2     2     1.04848697    -0.29842290  -149.73318753    -0.00026196    -0.00004681  0.38D-05  0.40D-05  1137.28
    6     1     1     1.04651743    -0.29250026  -149.76365713    -0.00003120    -0.00000628  0.58D-06  0.49D-06  1408.75
    6     2     2     1.04857203    -0.29847994  -149.73324458    -0.00005705    -0.00001311  0.12D-05  0.11D-05  1408.75
    7     1     1     1.04657655    -0.29250739  -149.76366426    -0.00000713    -0.00000190  0.20D-06  0.13D-06  1681.54
    7     2     2     1.04868417    -0.29849494  -149.73325958    -0.00001500    -0.00000446  0.45D-06  0.35D-06  1681.54
    8     1     1     1.04661129    -0.29250948  -149.76366635    -0.00000209    -0.00000065  0.63D-07  0.47D-07  1954.12
    8     2     2     1.04874681    -0.29849983  -149.73326446    -0.00000489    -0.00000164  0.15D-06  0.13D-06  1954.12
    9     1     1     1.04661964    -0.29251020  -149.76366707    -0.00000072    -0.00000023  0.24D-07  0.17D-07  2225.22
    9     2     2     1.04876657    -0.29850169  -149.73326632    -0.00000186    -0.00000064  0.60D-07  0.54D-07  2225.22
   10     1     1     1.04662443    -0.29251046  -149.76366733    -0.00000026    -0.00000009  0.11D-07  0.65D-08  2495.57
   10     2     2     1.04878065    -0.29850242  -149.73326706    -0.00000073    -0.00000028  0.31D-07  0.22D-07  2495.57
   11     1     1     1.04662682    -0.29251056  -149.76366743    -0.00000010    -0.00000004  0.42D-08  0.27D-08  2765.78
   11     2     2     1.04878791    -0.29850272  -149.73326736    -0.00000030    -0.00000012  0.12D-07  0.10D-07  2765.78
   12     1     1     1.04662681    -0.29251056  -149.76366743    -0.00000000    -0.00000004  0.42D-08  0.27D-08  2988.77
   12     2     2     1.04880515    -0.29850296  -149.73326759    -0.00000023    -0.00000002  0.18D-08  0.12D-08  2988.77


 =====================================
 Analysis of CPU times by interactions
 =====================================

       I      S      P

 I   0.9%
 S   1.0%  19.5%
 P   2.5%  62.1%  11.4%

 Initialization:   1.4%
 Other:            1.2%

 Total CPU:     2988.8 seconds
 =====================================



 Wavefunction saved on  6200.2

 Reference coefficients greater than 0.0500000
 =============================================
 220202202000           0.7187054   0.6369788
 220202200020          -0.6329702   0.7017819
 2202022000/\          -0.1006386   0.1379214
 200202202020           0.0566807  -0.0798409
 220002202020          -0.0690088  -0.0754756
 220202002020          -0.0049629  -0.0663426

 Coefficients of fixed reference functions:
 ==========================================

 State      Coefficients
   1         0.946908   -0.241153
   2         0.245275    0.944624

 Coefficients of rotated reference functions:
 ============================================

 State      Coefficients
   1         0.977131    0.002280
   2         0.002280    0.975945



 RESULTS FOR STATE 1.1
 =====================

 Coefficient of reference function:   C(0) = 0.94690808 (fixed)   0.97747143 (relaxed)   0.97713075 (rotated)

 Energy contributions of configuration classes

 CLASS          SQ.NORM        ECORR1        ECORR2
 +++++++++++++++++++++++++++++++++++++++++++++++++++
 Internals    0.06559580    0.00000000   -0.01720415
 Singles      0.02563253   -0.10172720   -0.09793543
 Pairs        0.02405281   -0.19078337   -0.17737098
 Total        1.11528113   -0.29251056   -0.29251056
 +++++++++++++++++++++++++++++++++++++++++++++++++++


 Reference energy                    -149.47115687
 Nuclear energy                        37.63037944
 Kinetic energy                       152.51195024
 One electron energy                 -279.18926035
 Two electron energy                   91.79521347
 Virial quotient                       -0.98197989
 Correlation energy                    -0.29251056
 !MRCI STATE 1.1 Energy              -149.763667434298

 Properties without orbital relaxation:

 !MRCI STATE 1.1 Dipole moment          0.00000000     0.00000000     0.00000000
 Dipole moment /Debye                   0.00000000     0.00000000     0.00000000

 Cluster corrected energies          -149.79738838 (Davidson, fixed reference)
 Cluster corrected energies          -149.77730627 (Davidson, relaxed reference)
 Cluster corrected energies          -149.77751979 (Davidson, rotated reference)

 Cluster corrected energies          -149.79404204 (Pople, fixed reference)
 Cluster corrected energies          -149.77539399 (Pople, relaxed reference)
 Cluster corrected energies          -149.77558343 (Pople, rotated reference)


 Cluster corrections using rotated reference energy:

 Reference energy (rotated)          -149.46889947
 MRCI Correlation energy               -0.29476796

 Cluster corrected energies          -149.77741152 (Davidson, relaxed reference)
 Cluster corrected energies          -149.77762669 (Davidson, rotated reference)

 Cluster corrected energies          -149.77548449 (Pople, relaxed reference)
 Cluster corrected energies          -149.77567539 (Pople, rotated reference)

 

 !MRCI expec         <1.1|QMXX|1.1>     0.443495887674
 !MRCI expec         <1.1|QMYY|1.1>     0.705994147085
 !MRCI expec         <1.1|QMZZ|1.1>    -1.149490034759
 !MRCI expec         <1.1|QMRR|1.1>   -22.387744495146



 RESULTS FOR STATE 2.1
 =====================

 Coefficient of reference function:   C(0) = 0.94462389 (fixed)   0.97645581 (relaxed)   0.97594514 (rotated)

 Energy contributions of configuration classes

 CLASS          SQ.NORM        ECORR1        ECORR2
 +++++++++++++++++++++++++++++++++++++++++++++++++++
 Internals    0.06853153   -0.00000000   -0.01825395
 Singles      0.02606152   -0.09627696   -0.09284921
 Pairs        0.02608832   -0.20222600   -0.18739979
 Total        1.12068137   -0.29850295   -0.29850296
 +++++++++++++++++++++++++++++++++++++++++++++++++++


 Reference energy                    -149.43476464
 Nuclear energy                        37.63037944
 Kinetic energy                       152.47226212
 One electron energy                 -279.05806296
 Two electron energy                   91.69441592
 Virial quotient                       -0.98203611
 Correlation energy                    -0.29850296
 !MRCI STATE 2.1 Energy              -149.733267591228

 Properties without orbital relaxation:

 !MRCI STATE 2.1 Dipole moment          0.00000000     0.00000000     0.00000000
 Dipole moment /Debye                   0.00000000     0.00000000     0.00000000

 Cluster corrected energies          -149.76929134 (Davidson, fixed reference)
 Cluster corrected energies          -149.74783607 (Davidson, relaxed reference)
 Cluster corrected energies          -149.74816379 (Davidson, rotated reference)

 Cluster corrected energies          -149.76583619 (Pople, fixed reference)
 Cluster corrected energies          -149.74581185 (Pople, relaxed reference)
 Cluster corrected energies          -149.74610354 (Pople, rotated reference)


 Cluster corrections using rotated reference energy:

 Reference energy (rotated)          -149.43702203
 MRCI Correlation energy               -0.29624556

 Cluster corrected energies          -149.74772590 (Davidson, relaxed reference)
 Cluster corrected energies          -149.74805114 (Davidson, rotated reference)

 Cluster corrected energies          -149.74571699 (Pople, relaxed reference)
 Cluster corrected energies          -149.74600646 (Pople, rotated reference)

 

 !MRCI expec         <2.1|QMXX|2.1>     0.809365131439
 !MRCI expec         <2.1|QMYY|2.1>     0.412609703909
 !MRCI expec         <2.1|QMZZ|2.1>    -1.221974835349
 !MRCI expec         <2.1|QMRR|2.1>   -22.801410261122

 !MRCI trans         <2.1|QMXX|1.1>    -1.333459253322
 !MRCI trans         <2.1|QMYY|1.1>     1.322663687124
 !MRCI trans         <2.1|QMZZ|1.1>     0.010795566199
 !MRCI trans         <2.1|QMRR|1.1>     0.112321134477


 **********************************************************************************************************************************
 DATASETS  * FILE   NREC   LENGTH (MB)   RECORD NAMES
              1      20      320.53       500      701      610      900      950      970     1000      129      960     1100   
                                          VAR     GEOM    BASINP   SYMINP    ZMAT    AOBASIS   BASIS     P2S    ABASIS      S 
                                         1400     1410     1200     1210     1080     1600     1650     1300     1700     1380   
                                           T        V       H0       H01     AOSYM     SMH    MOLCAS    ERIS     OPER     JKOP   

              2      11      494.26       500      610      700     1000      520     2100     2140      701     2140(1)  5200   
                                          VAR    BASINP    GEOM     BASIS   MCVARS     RHF     MCSCF    GEOM     MCSCF    MRCI   
                                         6200   
                                         MRCI   

 PROGRAMS   *        TOTAL        CI        CI     MULTI       INT        CI        CI        CI     MULTI       INT        CI
 CPU TIMES  *     29577.09   3036.20   2794.44     29.09     24.71    212.74   3043.75   2785.15     29.25     24.80    213.63
 REAL TIME  *     29964.85 SEC
 DISK USED  *         4.20 GB      
 **********************************************************************************************************************************


 PROGRAM * CI (Multireference internally contracted CI)     Authors: H.-J. Werner, P.J. Knowles, 1987


   ******************************
   *** Spin-orbit calculation ***
   ******************************


   Spin-orbit matrix elements
   ==========================

  

 PROGRAM * SEWLS (Spin-orbit & spin-spin integral evaluation)

 Modified from original SEWARD code by Alexander Mitrushchenkov
 
 Original version: December 2001, 2D-derivatives modifications: Stuttgart 2004
  
  
 The following spin-orbit components are calculated:
  
    Operator      Symmetry
  
      LSZ            4
  
 Integral cutoff:   0.10E-09

 Time for Seward_LS:      60.05 sec

       90119764. SPIN-ORBIT INTEGRALS WRITTEN OUT IN    22008 RECORDS ON RECORD     11290 OF FILE 1


 CPU time:     60.05 sec, REAL time:     60.64 sec


 SORTLS1 read    90119764. and wrote    90119764. SO integrals in   344 records. CPU time:      0.88 sec, REAL time:      1.73 sec
 SORTLS2 read    90119764. and wrote   130473100. SO integrals in     1 records. CPU time:      0.50 sec, REAL time:      1.22 sec

 FILE SIZES: FILE 1:  1763.2 MBYTE, FILE 4:  1442.9 MBYTE, TOTAL:  3206.1 MBYTE
 Preparing effective Fock matrices
  
 Total X Y Z Fock matrices evaluated:     0    0    3
  
 Wavefunction restored from record  5200.2  Symmetry=4  S= 1.0  NSTATE=1
 Wavefunction restored from record  6200.2  Symmetry=1  S= 0.0  NSTATE=2

 Bra-wavefunction restored from record   5200.2
 Ket-wavefunction restored from record   6200.2


 Symmetry of spin-orbit operator:         4
 Symmetry of bra wavefunction:            4   S= 1.0  MS= 0.0
 Symmetry of ket wavefunction:            1   S= 0.0  MS= 0.0

 

 Spin-orbit matrix elements for mean field operator:

 !MRCI trans          <1.4|LSZ|1.1>    -0.000039994542i au =    -8.777787328744i cm-1
 !MRCI trans          <1.4|LSZ|2.1>    -0.000656178539i au =  -144.014542516534i cm-1

 Spin-orbit matrix elements using full Breit-Pauli operator for internal part:

 !MRCI trans          <1.4|LSZ|1.1>    -0.000039527650i au =    -8.675316493773i cm-1
 !MRCI trans          <1.4|LSZ|2.1>    -0.000656426886i au =  -144.069048468468i cm-1

 >>> Hamiltonian transformed to symmetry adapted basis <<<


 Eigenvalues of the spin-orbit matrix
 ....................................

   Nr  Sym         E             E-E0         E-E0           E-E(1)      E-E(1)      E-E(1)
                 (au)            (au)        (cm-1)           (au)       (cm-1)        (eV)
   1   1   -149.80179636     -0.00000633       -1.39      0.00000000        0.00      0.0000
   2   1   -149.76366739      0.03812264     8366.95      0.03812896     8368.34      1.0375
   3   1   -149.73326130      0.06852873    15040.32      0.06853505    15041.71      1.8649
 
   4   6   -149.80179003      0.00000000        0.00      0.00000633        1.39      0.0002
 
   5   7   -149.80179003      0.00000000        0.00      0.00000633        1.39      0.0002

 E0 =   -149.80179003 is the energy of the lowest zeroth-order state
 E1 =   -149.80179636 is the energy of the lowest SO-state


  Expectation values <i|QMXX|i>
  ............................

  state:         1           2           3           4           5
  value:      0.531799    0.443556    0.809306    0.531800    0.531800
 

  Transition matrix elements <i|QMXX| 1> with the ground state
  ...........................................................

                             1           2           3           4           5
  Real Part  (a.u.):      0.531799    0.012864   -0.001276    0.000000    0.000000
  Imag Part  (a.u.):     -0.000000    0.000000   -0.000000    0.000000    0.000000
  Abs. Value (a.u.):      0.531799    0.012864    0.001276    0.000000    0.000000
 

  Expectation values <i|QMYY|i>
  ............................

  state:         1           2           3           4           5
  value:      0.546616    0.705935    0.412655    0.546602    0.546602
 

  Transition matrix elements <i|QMYY| 1> with the ground state
  ...........................................................

                             1           2           3           4           5
  Real Part  (a.u.):      0.546616   -0.012834   -0.000088    0.000000    0.000000
  Imag Part  (a.u.):      0.000000   -0.000000    0.000000    0.000000    0.000000
  Abs. Value (a.u.):      0.546616    0.012834    0.000088    0.000000    0.000000
 

  Expectation values <i|QMZZ|i>
  ............................

  state:         1           2           3           4           5
  value:     -1.078415   -1.149490   -1.221961   -1.078402   -1.078402
 

  Transition matrix elements <i|QMZZ| 1> with the ground state
  ...........................................................

                             1           2           3           4           5
  Real Part  (a.u.):     -1.078415   -0.000030    0.001364    0.000000    0.000000
  Imag Part  (a.u.):     -0.000000    0.000000   -0.000000    0.000000    0.000000
  Abs. Value (a.u.):      1.078415    0.000030    0.001364    0.000000    0.000000
 

  Expectation values <i|QMRR|i>
  ............................

  state:         1           2           3           4           5
  value:    -22.017176  -22.387749  -22.801336  -22.017106  -22.017106
 

  Transition matrix elements <i|QMRR| 1> with the ground state
  ...........................................................

                             1           2           3           4           5
  Real Part  (a.u.):    -22.017176   -0.000692    0.007396    0.000000    0.000000
  Imag Part  (a.u.):      0.000000    0.000000   -0.000000    0.000000    0.000000
  Abs. Value (a.u.):     22.017176    0.000692    0.007396    0.000000    0.000000
 


 **********************************************************************************************************************************
 DATASETS  * FILE   NREC   LENGTH (MB)   RECORD NAMES
              1      22     1364.66       500      701      610      900      950      970     1000      129      960     1100   
                                          VAR     GEOM    BASINP   SYMINP    ZMAT    AOBASIS   BASIS     P2S    ABASIS      S 
                                         1400     1410     1200     1210     1080     1600     1650     1300     1700     1380   
                                           T        V       H0       H01     AOSYM     SMH    MOLCAS    ERIS     OPER     JKOP   
                                         1700(1)  1303   
                                         OPER     LSZ2   

              2      11      494.26       500      610      700     1000      520     2100     2140      701     2140(1)  5200   
                                          VAR    BASINP    GEOM     BASIS   MCVARS     RHF     MCSCF    GEOM     MCSCF    MRCI   
                                         6200   
                                         MRCI   

 PROGRAMS   *        TOTAL        CI        CI        CI     MULTI       INT        CI        CI        CI     MULTI       INT
 CPU TIMES  *     29790.35    213.26   3036.20   2794.44     29.09     24.71    212.74   3043.75   2785.15     29.25     24.80
 REAL TIME  *     30194.16 SEC
 DISK USED  *         4.20 GB      
 **********************************************************************************************************************************

 CI/aug-cc-pV5Z energy=   -149.801790029518

        CI              CI              MULTI           CI              CI              MULTI           CI              CI      
   -149.73326759   -149.80179003   -149.24323532   -149.76047972   -149.82921578   -149.26523863   -149.78572534   -149.85463723
 **********************************************************************************************************************************
 Molpro calculation terminated
 Variable memory released
