J,parity,original_rank,observed_cm,state,v,Lambda,Sigma,Omega,input_weight,calculated_cm,residual_cm,matched_rank,calculated_state,calculated_v,calculated_Lambda,calculated_Sigma,calculated_Omega,assignment_matches,mark,duo_weight
0.0,+,1,0.0,1,0,0.0,0.0,0.0,1.0,0.0,0.0,1,1,0,0.0,0.0,0.0,True,,0.00054
0.0,+,2,792.6879589,1,1,0.0,0.0,0.0,1.0,792.692786010189,-0.004827110189012274,2,1,1,0.0,0.0,0.0,True,,0.00054
1.0,-,1,1.0999934,1,0,0.0,0.0,0.0,1.0,1.099981481962,1.1918038000047204e-05,1,1,0,0.0,0.0,0.0,True,,0.00054
1.0,-,2,793.7780516,1,1,0.0,0.0,0.0,1.0,793.782864256569,-0.004812656569015417,2,1,1,0.0,0.0,0.0,True,,0.00054
2.0,+,1,3.2998689,1,0,0.0,0.0,0.0,1.0,3.299919317269,-5.0417269000124776e-05,1,1,0,0.0,0.0,0.0,True,,0.00054
2.0,+,2,795.9588465,1,1,0.0,0.0,0.0,1.0,795.962995666327,-0.004149166326897102,2,1,1,0.0,0.0,0.0,True,,0.00054
2.0,+,3,1579.0919263,1,2,0.0,0.0,0.0,1.0,1579.095364738605,-0.0034384386049168825,3,1,2,0.0,0.0,0.0,True,,0.00054
3.0,-,1,6.6001029,1,0,0.0,0.0,0.0,1.0,6.599763248472,0.0003396515280007506,1,1,0,0.0,0.0,0.0,True,,0.00054
3.0,-,2,799.2279753,1,1,0.0,0.0,0.0,1.0,799.233130073256,-0.005154773255981127,2,1,1,0.0,0.0,0.0,True,,0.00054
3.0,-,3,1582.3331811,1,2,0.0,0.0,0.0,1.0,1582.336009872555,-0.002828772554948955,3,1,2,0.0,0.0,0.0,True,,0.00054
3.0,-,4,2356.0276841,1,3,0.0,0.0,0.0,1.0,2356.029924085466,-0.0022399854660761775,4,1,3,0.0,0.0,0.0,True,,0.00054
4.0,+,1,10.9993343,1,0,0.0,0.0,0.0,1.0,10.999437888666,-0.00010358866600057581,1,1,0,0.0,0.0,0.0,True,,0.00054
4.0,+,2,803.5884402,1,1,0.0,0.0,0.0,1.0,803.593192227448,-0.004752027447921137,2,1,1,0.0,0.0,0.0,True,,0.00054
4.0,+,3,1586.6534244,1,2,0.0,0.0,0.0,1.0,1586.656753226082,-0.0033288260819972493,3,1,2,0.0,0.0,0.0,True,,0.00054
4.0,+,4,2360.3104926,1,3,0.0,0.0,0.0,1.0,2360.311635043532,-0.0011424435319895565,4,1,3,0.0,0.0,0.0,True,,0.00054
5.0,-,1,16.4991429,1,0,0.0,0.0,0.0,1.0,16.498842720812,0.00030017918799885024,1,1,0,0.0,0.0,0.0,True,,0.00054
5.0,-,2,809.0387112,1,1,0.0,0.0,0.0,1.0,809.043081794431,-0.004370594431065911,2,1,1,0.0,0.0,0.0,True,,0.00054
5.0,-,3,1592.0545342,1,2,0.0,0.0,0.0,1.0,1592.057494661911,-0.0029604619110159547,3,1,2,0.0,0.0,0.0,True,,0.00054
5.0,-,4,2365.6626361,1,3,0.0,0.0,0.0,1.0,2365.663586378349,-0.0009502783491370792,4,1,3,0.0,0.0,0.0,True,,0.00054
6.0,+,1,23.0981464,1,0,0.0,0.0,0.0,1.0,23.097852096766,0.0002943032339999263,1,1,0,0.0,0.0,0.0,True,,0.00054
6.0,+,2,815.57832,1,1,0.0,0.0,0.0,1.0,815.582673354369,-0.004353354369072804,2,1,1,0.0,0.0,0.0,True,,0.00054
6.0,+,3,1598.5351639,1,2,0.0,0.0,0.0,1.0,1598.538109006844,-0.0029451068439811934,3,1,2,0.0,0.0,0.0,True,,0.00054
6.0,+,4,2372.0847113,1,3,0.0,0.0,0.0,1.0,2372.085653179008,-0.0009418790082236228,4,1,3,0.0,0.0,0.0,True,,0.00054
6.0,+,5,3136.3425996,1,4,0.0,0.0,0.0,1.0,3136.342034070936,0.0005655290642607724,5,1,4,0.0,0.0,0.0,True,,0.00054
7.0,-,1,30.7966019,1,0,0.0,0.0,0.0,1.0,30.796315235832,0.0002866641679979409,1,1,0,0.0,0.0,0.0,True,,0.00054
7.0,-,2,823.2074826,1,1,0.0,0.0,0.0,1.0,823.211816400714,-0.004333800713993696,2,1,1,0.0,0.0,0.0,True,,0.00054
7.0,-,3,1606.0955222,1,2,0.0,0.0,0.0,1.0,1606.098446050192,-0.0029238501920190174,3,1,2,0.0,0.0,0.0,True,,0.00054
7.0,-,4,2379.5767527,1,3,0.0,0.0,0.0,1.0,2379.577685549618,-0.0009328496180387447,4,1,3,0.0,0.0,0.0,True,,0.00054
7.0,-,5,3143.7668204,1,4,0.0,0.0,0.0,1.0,3143.766255199732,0.000565200268283661,5,1,4,0.0,0.0,0.0,True,,0.00054
8.0,+,1,39.5943332,1,0,0.0,0.0,0.0,1.0,39.594056223404,0.0002769765959982351,1,1,0,0.0,0.0,0.0,True,,0.00054
8.0,+,2,831.9260231,1,1,0.0,0.0,0.0,1.0,831.930335338807,-0.004312238807074209,2,1,1,0.0,0.0,0.0,True,,0.00054
8.0,+,3,1614.7354301,1,2,0.0,0.0,0.0,1.0,1614.73833054274,-0.0029004427399286214,3,1,2,0.0,0.0,0.0,True,,0.00054
8.0,+,4,2388.1385852,1,3,0.0,0.0,0.0,1.0,2388.139508608348,-0.0009234083481715061,4,1,3,0.0,0.0,0.0,True,,0.00054
8.0,+,5,3152.2511462,1,4,0.0,0.0,0.0,1.0,3152.250580805725,0.0005653942753269803,5,1,4,0.0,0.0,0.0,True,,0.00054
9.0,-,1,49.4911422,1,0,0.0,0.0,0.0,1.0,49.490874008987,0.00026819101299935255,1,1,0,0.0,0.0,0.0,True,,0.00054
9.0,-,2,841.7337449,1,1,0.0,0.0,0.0,1.0,841.738029484012,-0.004284584011998049,2,1,1,0.0,0.0,0.0,True,,0.00054
9.0,-,3,1624.454688,1,2,0.0,0.0,0.0,1.0,1624.457562194722,-0.00287419472192596,3,1,2,0.0,0.0,0.0,True,,0.00054
9.0,-,4,2397.7704295,1,3,0.0,0.0,0.0,1.0,2397.770922485438,-0.0004929854380861798,4,1,3,0.0,0.0,0.0,True,,0.00054
9.0,-,5,3161.7980513,1,4,0.0,0.0,0.0,1.0,3161.794811463189,0.003239836811189889,5,1,4,0.0,0.0,0.0,True,,0.00054
10.0,+,1,60.4868037,1,0,0.0,0.0,0.0,1.0,60.486542404351,0.0002612956490040119,1,1,0,0.0,0.0,0.0,True,,0.00054
10.0,+,2,852.6304169,1,1,0.0,0.0,0.0,1.0,852.63467305991,-0.0042561599100281455,2,1,1,0.0,0.0,0.0,True,,0.00054
10.0,+,3,1635.253072,1,2,0.0,0.0,0.0,1.0,1635.255915674197,-0.0028436741970381263,3,1,2,0.0,0.0,0.0,True,,0.00054
10.0,+,4,2408.4697709,1,3,0.0,0.0,0.0,1.0,2408.471702321638,-0.0019314216378916171,4,1,3,0.0,0.0,0.0,True,,0.00054
10.0,+,5,3172.3969891,1,4,0.0,0.0,0.0,1.0,3172.398722812481,-0.0017337124809273519,5,1,4,0.0,0.0,0.0,True,,0.00054
10.0,+,6,6137.479694,1,8,0.0,0.0,0.0,1.0,6137.485067223271,-0.005373223270908056,9,1,8,0.0,0.0,0.0,True,,0.00054
11.0,-,1,72.5810636,1,0,0.0,0.0,0.0,1.0,72.580810081066,0.0002535189339880617,1,1,0,0.0,0.0,0.0,True,,0.00054
11.0,-,2,864.6157918,1,1,0.0,0.0,0.0,1.0,864.620015195981,-0.004223395980943678,2,1,1,0.0,0.0,0.0,True,,0.00054
11.0,-,3,1647.1303315,1,2,0.0,0.0,0.0,1.0,1647.133140604733,-0.00280910473293261,3,1,2,0.0,0.0,0.0,True,,0.00054
11.0,-,4,2420.2408384,1,3,0.0,0.0,0.0,1.0,2420.24159826588,-0.0007598658798997349,4,1,3,0.0,0.0,0.0,True,,0.00054
11.0,-,5,3184.0589839,1,4,0.0,0.0,0.0,1.0,3184.062065557951,-0.003081657951042871,5,1,4,0.0,0.0,0.0,True,,0.00054
11.0,-,6,5420.9274237,1,7,0.0,0.0,0.0,1.0,5420.929375767253,-0.0019520672531143646,8,1,7,0.0,0.0,0.0,True,,0.00054
12.0,+,1,85.7734732,1,0,0.0,0.0,0.0,1.0,85.773400567961,7.263203899299242e-05,1,1,0,0.0,0.0,0.0,True,,0.00054
12.0,+,2,877.6892945,1,1,0.0,0.0,0.0,1.0,877.693779925127,-0.004485425127086273,2,1,1,0.0,0.0,0.0,True,,0.00054
12.0,+,3,1660.0864698,1,2,0.0,0.0,0.0,1.0,1660.088961563004,-0.0024917630039453798,3,1,2,0.0,0.0,0.0,True,,0.00054
12.0,+,4,2433.0798513,1,3,0.0,0.0,0.0,1.0,2433.080335473097,-0.00048417309699289035,4,1,3,0.0,0.0,0.0,True,,0.00054
12.0,+,5,3196.7851948,1,4,0.0,0.0,0.0,1.0,3196.784565465722,0.0006293342780736566,5,1,4,0.0,0.0,0.0,True,,0.00054
12.0,+,6,4696.7856526,1,6,0.0,0.0,0.0,1.0,4696.785887579652,-0.0002349796523049008,7,1,6,0.0,0.0,0.0,True,,0.00054
12.0,+,7,6160.993195,1,8,0.0,0.0,0.0,1.0,6160.995956328918,-0.00276132891758607,9,1,8,0.0,0.0,0.0,True,,0.00054
13.0,-,1,100.0642708,1,0,0.0,0.0,0.0,1.0,100.064012248302,0.00025855169799626765,1,1,0,0.0,0.0,0.0,True,,0.00054
13.0,-,2,891.8512602,1,1,0.0,0.0,0.0,1.0,891.85566618101,-0.00440598100999523,2,1,1,0.0,0.0,0.0,True,,0.00054
13.0,-,3,1674.120561,1,2,0.0,0.0,0.0,1.0,1674.123078076325,-0.002517076325148082,3,1,2,0.0,0.0,0.0,True,,0.00054
13.0,-,4,2446.9875729,1,3,0.0,0.0,0.0,1.0,2446.987614101648,-4.120164794585435e-05,4,1,3,0.0,0.0,0.0,True,,0.00054
13.0,-,5,3210.565811,1,4,0.0,0.0,0.0,1.0,3210.56592336114,-0.00011236114005441777,5,1,4,0.0,0.0,0.0,True,,0.00054
13.0,-,6,3964.9718701,1,5,0.0,0.0,0.0,1.0,3964.971882369022,-1.2269021681277081e-05,6,1,5,0.0,0.0,0.0,True,,0.00054
13.0,-,7,4710.3179569,1,6,0.0,0.0,0.0,1.0,4710.318139387679,-0.0001824876790124108,7,1,6,0.0,0.0,0.0,True,,0.00054
13.0,-,8,5446.717117,1,7,0.0,0.0,0.0,1.0,5446.717299775617,-0.0001827756168495398,8,1,7,0.0,0.0,0.0,True,,0.00054
14.0,+,1,115.4525736,1,0,0.0,0.0,0.0,1.0,115.452318356796,0.00025524320399483713,1,1,0,0.0,0.0,0.0,True,,0.00054
14.0,+,2,907.1012758,1,1,0.0,0.0,0.0,1.0,907.105347795069,-0.004071995068898104,2,1,1,0.0,0.0,0.0,True,,0.00054
14.0,+,3,1689.2324615,1,2,0.0,0.0,0.0,1.0,1689.235164619577,-0.002703119577063262,3,1,2,0.0,0.0,0.0,True,,0.00054
14.0,+,4,2461.962767,1,3,0.0,0.0,0.0,1.0,2461.963109310426,-0.00034231042582177906,4,1,3,0.0,0.0,0.0,True,,0.00054
14.0,+,5,3225.4067859,1,4,0.0,0.0,0.0,1.0,3225.405815126089,0.0009707739113764546,5,1,4,0.0,0.0,0.0,True,,0.00054
14.0,+,6,3979.6769907,1,5,0.0,0.0,0.0,1.0,3979.677152129002,-0.00016142900221893797,6,1,5,0.0,0.0,0.0,True,,0.00054
14.0,+,7,4724.8905283,1,6,0.0,0.0,0.0,1.0,4724.889770662212,0.0007576377884106478,7,1,6,0.0,0.0,0.0,True,,0.00054
14.0,+,8,5461.1550254,1,7,0.0,0.0,0.0,1.0,5461.156285582006,-0.001260182005353272,8,1,7,0.0,0.0,0.0,True,,0.00054
15.0,-,1,131.9379149,1,0,0.0,0.0,0.0,1.0,131.937966976117,-5.20761169866546e-05,1,1,0,0.0,0.0,0.0,True,,0.00054
15.0,-,2,923.4386243,1,1,0.0,0.0,0.0,1.0,923.442473493268,-0.0038491932680244645,2,1,1,0.0,0.0,0.0,True,,0.00054
15.0,-,3,1705.4227595,1,2,0.0,0.0,0.0,1.0,1705.424870612234,-0.0021111122339334543,3,1,2,0.0,0.0,0.0,True,,0.00054
15.0,-,4,2478.0080176,1,3,0.0,0.0,0.0,1.0,2478.006471256036,0.001546343964037078,4,1,3,0.0,0.0,0.0,True,,0.00054
15.0,-,5,3241.3045429,1,4,0.0,0.0,0.0,1.0,3241.303891696087,0.0006512039130939229,5,1,4,0.0,0.0,0.0,True,,0.00054
15.0,-,6,3995.4317485,1,5,0.0,0.0,0.0,1.0,3995.430995090567,0.000753409432945773,6,1,5,0.0,0.0,0.0,True,,0.00054
15.0,-,7,4740.499113,1,6,0.0,0.0,0.0,1.0,4740.500434031354,-0.0013210313545641839,7,1,6,0.0,0.0,0.0,True,,0.00054
15.0,-,8,5476.6235257,1,7,0.0,0.0,0.0,1.0,5476.624833576839,-0.001307876838836819,8,1,7,0.0,0.0,0.0,True,,0.00054
15.0,-,9,6203.9156294,1,8,0.0,0.0,0.0,1.0,6203.917657920373,-0.0020285203727326007,9,1,8,0.0,0.0,0.0,True,,0.00054
16.0,+,1,149.520503,1,0,0.0,0.0,0.0,1.0,149.520581033338,-7.803333801348344e-05,1,1,0,0.0,0.0,0.0,True,,0.00054
16.0,+,2,940.8628167,1,1,0.0,0.0,0.0,1.0,940.866666892634,-0.0038501926339904458,2,1,1,0.0,0.0,0.0,True,,0.00054
16.0,+,3,1722.6893955,1,2,0.0,0.0,0.0,1.0,1722.691820414935,-0.002424914934863409,3,1,2,0.0,0.0,0.0,True,,0.00054
16.0,+,4,2495.1173125,1,3,0.0,0.0,0.0,1.0,2495.117325089298,-1.2589297966769664e-05,4,1,3,0.0,0.0,0.0,True,,0.00054
16.0,+,5,3258.2619272,1,4,0.0,0.0,0.0,1.0,3258.259779057104,0.0021481428962033533,5,1,4,0.0,0.0,0.0,True,,0.00054
16.0,+,6,4012.2331996,1,5,0.0,0.0,0.0,1.0,4012.233038121505,0.0001614784946468717,6,1,5,0.0,0.0,0.0,True,,0.00054
16.0,+,7,4757.1497897,1,6,0.0,0.0,0.0,1.0,4757.149757295593,3.24044067383511e-05,7,1,6,0.0,0.0,0.0,True,,0.00054
16.0,+,8,5493.1224402,1,7,0.0,0.0,0.0,1.0,5493.122572549655,-0.000132349655359576,8,1,7,0.0,0.0,0.0,True,,0.00054
17.0,-,1,168.200068,1,0,0.0,0.0,0.0,1.0,168.199758296076,0.00030970392398899094,1,1,0,0.0,0.0,0.0,True,,0.00054
17.0,-,2,959.3731833,1,1,0.0,0.0,0.0,1.0,959.377526497554,-0.004343197553907885,2,1,1,0.0,0.0,0.0,True,,0.00054
17.0,-,3,1741.0329765,1,2,0.0,0.0,0.0,1.0,1741.035613325826,-0.002636825826130007,3,1,2,0.0,0.0,0.0,True,,0.00054
17.0,-,4,2513.294796,1,3,0.0,0.0,0.0,1.0,2513.295270951847,-0.0004749518470816838,4,1,3,0.0,0.0,0.0,True,,0.00054
17.0,-,5,3276.2734748,1,4,0.0,0.0,0.0,1.0,3276.273078242076,0.0003965579239775252,5,1,4,0.0,0.0,0.0,True,,0.00054
17.0,-,6,4030.0830228,1,5,0.0,0.0,0.0,1.0,4030.082883195921,0.00013960407886770554,6,1,5,0.0,0.0,0.0,True,,0.00054
17.0,-,7,4774.8360906,1,6,0.0,0.0,0.0,1.0,4774.83734342459,-0.001252824589755619,7,1,6,0.0,0.0,0.0,True,,0.00054
17.0,-,10,6955.8818255,1,9,0.0,0.0,0.0,1.0,6955.899989845922,-0.01816434592274163,10,1,9,0.0,0.0,0.0,True,,0.00054
18.0,+,1,187.9752926,1,0,0.0,0.0,0.0,1.0,187.975071368423,0.00022123157700093543,1,1,0,0.0,0.0,0.0,True,,0.00054
18.0,+,2,978.9710668,1,1,0.0,0.0,0.0,1.0,978.974625695878,-0.0035588958779726454,2,1,1,0.0,0.0,0.0,True,,0.00054
18.0,+,3,1760.4533952,1,2,0.0,0.0,0.0,1.0,1760.455823576987,-0.002428376987154479,3,1,2,0.0,0.0,0.0,True,,0.00054
18.0,+,4,2532.5391656,1,3,0.0,0.0,0.0,1.0,2532.539883972539,-0.0007183725388131279,4,1,3,0.0,0.0,0.0,True,,0.00054
18.0,+,5,3295.343989,1,4,0.0,0.0,0.0,1.0,3295.34336532741,0.0006236725898816076,5,1,4,0.0,0.0,0.0,True,,0.00054
18.0,+,6,4048.9805902,1,5,0.0,0.0,0.0,1.0,4048.980107390822,0.0004828091778108501,6,1,5,0.0,0.0,0.0,True,,0.00054
18.0,+,7,5529.1966455,1,7,0.0,0.0,0.0,1.0,5529.204014763405,-0.007369263405053061,8,1,7,0.0,0.0,0.0,True,,0.00054
18.0,+,8,6256.0126651,1,8,0.0,0.0,0.0,1.0,6256.017361592034,-0.004696492033872346,9,1,8,0.0,0.0,0.0,True,,0.00054
19.0,-,1,208.8466153,1,0,0.0,0.0,0.0,1.0,208.846067686374,0.0005476136259972009,1,1,0,0.0,0.0,0.0,True,,0.00054
19.0,-,2,999.6536711,1,1,0.0,0.0,0.0,1.0,999.657512754524,-0.0038416545239670086,2,1,1,0.0,0.0,0.0,True,,0.00054
19.0,-,3,1780.9503825,1,2,0.0,0.0,0.0,1.0,1780.952000329948,-0.0016178299481452996,3,1,2,0.0,0.0,0.0,True,,0.00054
19.0,-,4,2552.8503663,1,3,0.0,0.0,0.0,1.0,2552.850714263257,-0.0003479632568996749,4,1,3,0.0,0.0,0.0,True,,0.00054
19.0,-,5,3315.4705711,1,4,0.0,0.0,0.0,1.0,3315.470191429039,0.0003796709611378901,5,1,4,0.0,0.0,0.0,True,,0.00054
19.0,-,6,4068.9249519,1,5,0.0,0.0,0.0,1.0,4068.924262882338,0.0006890176618981059,6,1,5,0.0,0.0,0.0,True,,0.00054
19.0,-,7,4813.3259189,1,6,0.0,0.0,0.0,1.0,4813.32559198091,0.00032691909018467413,7,1,6,0.0,0.0,0.0,True,,0.00054
19.0,-,8,5548.7849651,1,7,0.0,0.0,0.0,1.0,5548.786851749491,-0.0018866494910980691,8,1,7,0.0,0.0,0.0,True,,0.00054
20.0,+,1,230.8116135,1,0,0.0,0.0,0.0,1.0,230.812269513418,-0.0006560134179949273,1,1,0,0.0,0.0,0.0,True,,0.00054
20.0,+,2,1021.4225216,1,1,0.0,0.0,0.0,1.0,1021.425710815178,-0.003189215178053928,2,1,1,0.0,0.0,0.0,True,,0.00054
20.0,+,3,1802.521403,1,2,0.0,0.0,0.0,1.0,1802.523667671715,-0.0022646717150109907,3,1,2,0.0,0.0,0.0,True,,0.00054
20.0,+,4,2574.2275772,1,3,0.0,0.0,0.0,1.0,2574.227286914786,0.0002902852138504386,4,1,3,0.0,0.0,0.0,True,,0.00054
20.0,+,5,3336.653174,1,4,0.0,0.0,0.0,1.0,3336.653082698343,9.130165699389181e-05,5,1,4,0.0,0.0,0.0,True,,0.00054
20.0,+,6,4089.9152117,1,5,0.0,0.0,0.0,1.0,4089.914876941752,0.00033475824784545694,6,1,5,0.0,0.0,0.0,True,,0.00054
20.0,+,7,4834.123355,1,6,0.0,0.0,0.0,1.0,4834.12533616188,-0.001981161880394211,7,1,6,0.0,0.0,0.0,True,,0.00054
20.0,+,8,5569.3973633,1,7,0.0,0.0,0.0,1.0,5569.39714719667,0.00021610332987620495,8,1,7,0.0,0.0,0.0,True,,0.00054
21.0,-,1,253.8731121,1,0,0.0,0.0,0.0,1.0,253.873173935373,-6.1835373003305e-05,1,1,0,0.0,0.0,0.0,True,,0.00054
21.0,-,2,1044.2741363,1,1,0.0,0.0,0.0,1.0,1044.278717889408,-0.004581589407962383,2,1,1,0.0,0.0,0.0,True,,0.00054
21.0,-,3,1825.1687953,1,2,0.0,0.0,0.0,1.0,1825.170324609904,-0.001529309903844478,3,1,2,0.0,0.0,0.0,True,,0.00054
21.0,-,4,2596.6681339,1,3,0.0,0.0,0.0,1.0,2596.669101992413,-0.0009680924126769241,4,1,3,0.0,0.0,0.0,True,,0.00054
21.0,-,5,3358.8921152,1,4,0.0,0.0,0.0,1.0,3358.891540317783,0.000574882216824335,5,1,4,0.0,0.0,0.0,True,,0.00054
21.0,-,6,4111.9509945,1,5,0.0,0.0,0.0,1.0,4111.951451931233,-0.00045743123337160796,6,1,5,0.0,0.0,0.0,True,,0.00054
21.0,-,7,4855.9625398,1,6,0.0,0.0,0.0,1.0,4855.961506706943,0.0010330930572308716,7,1,6,0.0,0.0,0.0,True,,0.00054
21.0,-,9,6317.2850927,1,8,0.0,0.0,0.0,1.0,6317.28373944098,0.0013532590201066341,9,1,8,0.0,0.0,0.0,True,,0.00054
21.0,-,10,7034.8142759,1,9,0.0,0.0,0.0,1.0,7034.824566892917,-0.010290992916452524,10,1,9,0.0,0.0,0.0,True,,0.00054
22.0,+,1,278.0282621,1,0,0.0,0.0,0.0,1.0,278.028252855372,9.244628017768264e-06,1,1,0,0.0,0.0,0.0,True,,0.00054
22.0,+,2,1068.2120738,1,1,0.0,0.0,0.0,1.0,1068.216006853797,-0.003933053796799868,2,1,1,0.0,0.0,0.0,True,,0.00054
22.0,+,3,1848.8888521,1,2,0.0,0.0,0.0,1.0,1848.891445068157,-0.002592968157159703,3,1,2,0.0,0.0,0.0,True,,0.00054
22.0,+,4,2620.1755543,1,3,0.0,0.0,0.0,1.0,2620.175634531193,-8.023119289646274e-05,4,1,3,0.0,0.0,0.0,True,,0.00054
22.0,+,5,3382.1842316,1,4,0.0,0.0,0.0,1.0,3382.185040496458,-0.0008088964577837032,5,1,4,0.0,0.0,0.0,True,,0.00054
22.0,+,6,4135.033936,1,5,0.0,0.0,0.0,1.0,4135.03346529965,0.0004707003499788698,6,1,5,0.0,0.0,0.0,True,,0.00054
22.0,+,7,4878.8335,1,6,0.0,0.0,0.0,1.0,4878.833582376554,-8.237655401899246e-05,7,1,6,0.0,0.0,0.0,True,,0.00054
22.0,+,8,5613.6987423,1,7,0.0,0.0,0.0,1.0,5613.698108428457,0.0006338715429592412,8,1,7,0.0,0.0,0.0,True,,0.00054
22.0,+,9,6339.7386513,1,8,0.0,0.0,0.0,1.0,6339.740657999118,-0.002006699118282995,9,1,8,0.0,0.0,0.0,True,,0.00054
23.0,-,1,303.2769997,1,0,0.0,0.0,0.0,1.0,303.276952988259,4.671174099257769e-05,1,1,0,0.0,0.0,0.0,True,,0.00054
23.0,-,2,1093.2331713,1,1,0.0,0.0,0.0,1.0,1093.237025444683,-0.003854144682918559,2,1,1,0.0,0.0,0.0,True,,0.00054
23.0,-,3,1873.6847841,1,2,0.0,0.0,0.0,1.0,1873.686477880886,-0.0016937808861712256,3,1,2,0.0,0.0,0.0,True,,0.00054
23.0,-,4,2644.7454534,1,3,0.0,0.0,0.0,1.0,2644.746334531001,-0.0008811310012788454,4,1,3,0.0,0.0,0.0,True,,0.00054
23.0,-,5,3406.5335271,1,4,0.0,0.0,0.0,1.0,3406.533034465268,0.0004926347319269553,5,1,4,0.0,0.0,0.0,True,,0.00054
23.0,-,6,4159.1597529,1,5,0.0,0.0,0.0,1.0,4159.160369577629,-0.0006166776292957366,6,1,5,0.0,0.0,0.0,True,,0.00054
23.0,-,7,4902.7422222,1,6,0.0,0.0,0.0,1.0,4902.741017076573,0.0012051234261889476,7,1,6,0.0,0.0,0.0,True,,0.00054
23.0,-,8,5637.3865575,1,7,0.0,0.0,0.0,1.0,5637.387709729644,-0.0011522296435941826,8,1,7,0.0,0.0,0.0,True,,0.00054
24.0,+,1,329.6172291,1,0,0.0,0.0,0.0,1.0,329.618695855113,-0.0014667551130287393,1,1,0,0.0,0.0,0.0,True,,0.00054
24.0,+,2,1119.3376964,1,1,0.0,0.0,0.0,1.0,1119.341196252597,-0.003499852597087738,2,1,1,0.0,0.0,0.0,True,,0.00054
24.0,+,3,1899.5525489,1,2,0.0,0.0,0.0,1.0,1899.554846788084,-0.002297888084058286,3,1,2,0.0,0.0,0.0,True,,0.00054
24.0,+,4,2670.3807747,1,3,0.0,0.0,0.0,1.0,2670.380626951455,0.00014774854525967385,4,1,3,0.0,0.0,0.0,True,,0.00054
24.0,+,5,3431.9343385,1,4,0.0,0.0,0.0,1.0,3431.934948471797,-0.0006099717966208118,5,1,4,0.0,0.0,0.0,True,,0.00054
24.0,+,6,4184.3319819,1,5,0.0,0.0,0.0,1.0,4184.331592372854,0.00038952714567130897,6,1,5,0.0,0.0,0.0,True,,0.00054
24.0,+,7,4927.6823741,1,6,0.0,0.0,0.0,1.0,4927.683239853759,-0.0008657537591716391,7,1,6,0.0,0.0,0.0,True,,0.00054
24.0,+,8,5662.1069012,1,7,0.0,0.0,0.0,1.0,5662.102640516298,0.004260683701431844,8,1,7,0.0,0.0,0.0,True,,0.00054
25.0,-,1,357.0534536,1,0,0.0,0.0,0.0,1.0,357.052877776903,0.0005758230969945544,1,1,0,0.0,0.0,0.0,True,,0.00054
25.0,-,2,1146.5229088,1,1,0.0,0.0,0.0,1.0,1146.527916716529,-0.005007916528938949,2,1,1,0.0,0.0,0.0,True,,0.00054
25.0,-,3,1926.4947514,1,2,0.0,0.0,0.0,1.0,1926.495950429564,-0.0011990295638497628,3,1,2,0.0,0.0,0.0,True,,0.00054
25.0,-,4,2697.0773555,1,3,0.0,0.0,0.0,1.0,2697.077911706332,-0.0005562063320212474,4,1,3,0.0,0.0,0.0,True,,0.00054
25.0,-,5,3458.3905635,1,4,0.0,0.0,0.0,1.0,3458.390183775159,0.0003797248409682652,5,1,4,0.0,0.0,0.0,True,,0.00054
25.0,-,6,4210.5456507,1,5,0.0,0.0,0.0,1.0,4210.546536364974,-0.0008856649737936095,6,1,5,0.0,0.0,0.0,True,,0.00054
25.0,-,7,4953.6602446,1,6,0.0,0.0,0.0,1.0,4953.659654890918,0.0005897090813959949,7,1,6,0.0,0.0,0.0,True,,0.00054
25.0,-,8,5687.8429876,1,7,0.0,0.0,0.0,1.0,5687.842306566022,0.0006810339782532537,8,1,7,0.0,0.0,0.0,True,,0.00054
25.0,-,9,6413.2053666,1,8,0.0,0.0,0.0,1.0,6413.208188299946,-0.00282169994625292,9,1,8,0.0,0.0,0.0,True,,0.00054
25.0,-,10,7129.8617642,1,9,0.0,0.0,0.0,1.0,7129.872500091827,-0.010735891826698207,10,1,9,0.0,0.0,0.0,True,,0.00054
26.0,+,1,385.5788546,1,0,0.0,0.0,0.0,1.0,385.578869868575,-1.52685749981174e-05,1,1,0,0.0,0.0,0.0,True,,0.00054
26.0,+,2,1174.7935762,1,1,0.0,0.0,0.0,1.0,1174.796559117971,-0.002982917970939525,2,1,1,0.0,0.0,0.0,True,,0.00054
26.0,+,3,1954.5070568,1,2,0.0,0.0,0.0,1.0,1954.509162339461,-0.0021055394608993083,3,1,2,0.0,0.0,0.0,True,,0.00054
26.0,+,4,2724.8377694,1,3,0.0,0.0,0.0,1.0,2724.837563658149,0.0002057418510048592,4,1,3,0.0,0.0,0.0,True,,0.00054
26.0,+,5,3485.8981653,1,4,0.0,0.0,0.0,1.0,3485.898116640557,4.865944310949999e-05,5,1,4,0.0,0.0,0.0,True,,0.00054
26.0,+,6,4237.8050881,1,5,0.0,0.0,0.0,1.0,4237.80457930029,0.0005087997096779873,6,1,5,0.0,0.0,0.0,True,,0.00054
26.0,+,7,4980.6697979,1,6,0.0,0.0,0.0,1.0,4980.669641501602,0.00015639839784853393,7,1,6,0.0,0.0,0.0,True,,0.00054
26.0,+,8,5714.6073731,1,7,0.0,0.0,0.0,1.0,5714.606088855619,0.0012842443802583148,8,1,7,0.0,0.0,0.0,True,,0.00054
26.0,+,9,6439.7273463,1,8,0.0,0.0,0.0,1.0,6439.727648184645,-0.0003018846446138923,9,1,8,0.0,0.0,0.0,True,,0.00054
27.0,-,1,415.1943752,1,0,0.0,0.0,0.0,1.0,415.196018032304,-0.0016428323039576753,1,1,0,0.0,0.0,0.0,True,,0.00054
27.0,-,2,1204.1432101,1,1,0.0,0.0,0.0,1.0,1204.146470574548,-0.0032604745479147823,2,1,1,0.0,0.0,0.0,True,,0.00054
27.0,-,3,1983.5927471,1,2,0.0,0.0,0.0,1.0,1983.593830939765,-0.0010838397649877152,3,1,2,0.0,0.0,0.0,True,,0.00054
27.0,-,4,2753.6586651,1,3,0.0,0.0,0.0,1.0,2753.65893261205,-0.000267512050413643,4,1,3,0.0,0.0,0.0,True,,0.00054
27.0,-,5,3514.4587493,1,4,0.0,0.0,0.0,1.0,3514.458098333371,0.0006509666291094618,5,1,4,0.0,0.0,0.0,True,,0.00054
27.0,-,6,4266.1050384,1,5,0.0,0.0,0.0,1.0,4266.105073986059,-3.558605931175407e-05,6,1,5,0.0,0.0,0.0,True,,0.00054
27.0,-,7,5008.7132903,1,6,0.0,0.0,0.0,1.0,5008.712554124796,0.0007361752041106229,7,1,6,0.0,0.0,0.0,True,,0.00054
27.0,-,8,5742.3948796,1,7,0.0,0.0,0.0,1.0,5742.393343555746,0.0015360442548626452,8,1,7,0.0,0.0,0.0,True,,0.00054
28.0,+,1,445.9041894,1,0,0.0,0.0,0.0,1.0,445.90364295073,0.0005464492700184564,1,1,0,0.0,0.0,0.0,True,,0.00054
28.0,+,2,1234.5741236,1,1,0.0,0.0,0.0,1.0,1234.576973033575,-0.002849433575192961,2,1,1,0.0,0.0,0.0,True,,0.00054
28.0,+,3,2013.7477338,1,2,0.0,0.0,0.0,1.0,2013.749279534315,-0.0015457343149591907,3,1,2,0.0,0.0,0.0,True,,0.00054
28.0,+,4,2783.5417601,1,3,0.0,0.0,0.0,1.0,2783.541343309757,0.0004167902429799142,4,1,3,0.0,0.0,0.0,True,,0.00054
28.0,+,5,3544.0699523,1,4,0.0,0.0,0.0,1.0,3544.069455113316,0.0004971866837877315,5,1,4,0.0,0.0,0.0,True,,0.00054
28.0,+,6,4295.4481978,1,5,0.0,0.0,0.0,1.0,4295.447348284892,0.0008495151087117847,6,1,5,0.0,0.0,0.0,True,,0.00054
28.0,+,7,5037.7888337,1,6,0.0,0.0,0.0,1.0,5037.787722319525,0.0011113804757769685,7,1,6,0.0,0.0,0.0,True,,0.00054
28.0,+,9,6495.8081501,1,8,0.0,0.0,0.0,1.0,6495.808177800694,-2.7700693863152992e-05,9,1,8,0.0,0.0,0.0,True,,0.00054
29.0,-,1,477.7014795,1,0,0.0,0.0,0.0,1.0,477.701040079986,0.00043942001400409936,1,1,0,0.0,0.0,0.0,True,,0.00054
29.0,-,2,1266.0848307,1,1,0.0,0.0,0.0,1.0,1266.087363265175,-0.0025325651749881217,2,1,1,0.0,0.0,0.0,True,,0.00054
29.0,-,3,2044.9736118,1,2,0.0,0.0,0.0,1.0,2044.974806302067,-0.0011945020669372752,3,1,2,0.0,0.0,0.0,True,,0.00054
29.0,-,4,2814.484526,1,3,0.0,0.0,0.0,1.0,2814.48409542321,0.00043057679022240336,4,1,3,0.0,0.0,0.0,True,,0.00054
29.0,-,5,3574.7321414,1,4,0.0,0.0,0.0,1.0,3574.731488228275,0.0006531717249345093,5,1,4,0.0,0.0,0.0,True,,0.00054
29.0,-,6,4325.8307682,1,5,0.0,0.0,0.0,1.0,4325.83070510873,6.30912700216868e-05,6,1,5,0.0,0.0,0.0,True,,0.00054
29.0,-,7,5067.8950096,1,6,0.0,0.0,0.0,1.0,5067.894450758838,0.0005588411622738931,7,1,6,0.0,0.0,0.0,True,,0.00054
29.0,-,8,5801.0362072,1,7,0.0,0.0,0.0,1.0,5801.035570808262,0.0006363917382259388,8,1,7,0.0,0.0,0.0,True,,0.00054
29.0,-,10,7240.9990395,1,9,0.0,0.0,0.0,1.0,7241.00677164635,-0.007732146349553659,10,1,9,0.0,0.0,0.0,True,,0.00054
30.0,+,1,510.5880594,1,0,0.0,0.0,0.0,1.0,510.587479642178,0.0005797578220381183,1,1,0,0.0,0.0,0.0,True,,0.00054
30.0,+,2,1298.6745136,1,1,0.0,0.0,0.0,1.0,1298.67691285527,-0.002399255270120193,2,1,1,0.0,0.0,0.0,True,,0.00054
30.0,+,3,2077.2688249,1,2,0.0,0.0,0.0,1.0,2077.269684290299,-0.0008593902994107339,3,1,2,0.0,0.0,0.0,True,,0.00054
30.0,+,4,2846.4869554,1,3,0.0,0.0,0.0,1.0,2846.486463547947,0.0004918520530736714,4,1,3,0.0,0.0,0.0,True,,0.00054
30.0,+,5,3606.4443206,1,4,0.0,0.0,0.0,1.0,3606.443473907821,0.000846692179038655,5,1,4,0.0,0.0,0.0,True,,0.00054
30.0,+,6,4357.2549611,1,5,0.0,0.0,0.0,1.0,4357.254422412432,0.0005386875682233949,6,1,5,0.0,0.0,0.0,True,,0.00054
30.0,+,7,5099.0329653,1,6,0.0,0.0,0.0,1.0,5099.032019223899,0.0009460761011723662,7,1,6,0.0,0.0,0.0,True,,0.00054
30.0,+,9,6555.9396689,1,8,0.0,0.0,0.0,1.0,6555.93961865722,5.0242779252585024e-05,9,1,8,0.0,0.0,0.0,True,,0.00054
31.0,-,1,544.5624127,1,0,0.0,0.0,0.0,1.0,544.562206617877,0.0002060821229861176,1,1,0,0.0,0.0,0.0,True,,0.00054
31.0,-,2,1332.3426563,1,1,0.0,0.0,0.0,1.0,1332.34486819821,-0.0022118982099073037,2,1,1,0.0,0.0,0.0,True,,0.00054
31.0,-,3,2110.6324679,1,2,0.0,0.0,0.0,1.0,2110.633161407468,-0.0006935074679859099,3,1,2,0.0,0.0,0.0,True,,0.00054
31.0,-,4,2879.5484744,1,3,0.0,0.0,0.0,1.0,2879.547697195997,0.0007772040030431526,4,1,3,0.0,0.0,0.0,True,,0.00054
31.0,-,5,3639.2054482,1,4,0.0,0.0,0.0,1.0,3639.204663356381,0.0007848436189306085,5,1,4,0.0,0.0,0.0,True,,0.00054
31.0,-,6,4389.7184571,1,5,0.0,0.0,0.0,1.0,4389.717753187472,0.0007039125275696279,6,1,5,0.0,0.0,0.0,True,,0.00054
31.0,-,7,5131.2000251,1,6,0.0,0.0,0.0,1.0,5131.199682597704,0.00034250229600729654,7,1,6,0.0,0.0,0.0,True,,0.00054
31.0,-,8,5863.76468,1,7,0.0,0.0,0.0,1.0,5863.763341361231,0.0013386387690843549,8,1,7,0.0,0.0,0.0,True,,0.00054
31.0,-,9,6587.5219094,1,8,0.0,0.0,0.0,1.0,6587.522624784598,-0.0007153845972425188,9,1,8,0.0,0.0,0.0,True,,0.00054
32.0,+,1,579.6252752,1,0,0.0,0.0,0.0,1.0,579.624440738163,0.000834461837030176,1,1,0,0.0,0.0,0.0,True,,0.00054
32.0,+,2,1367.0879723,1,1,0.0,0.0,0.0,1.0,1367.090450489178,-0.002478189177963941,2,1,1,0.0,0.0,0.0,True,,0.00054
32.0,+,3,2145.0638048,1,2,0.0,0.0,0.0,1.0,2145.064460415886,-0.0006556158859893912,3,1,2,0.0,0.0,0.0,True,,0.00054
32.0,+,4,2913.6678071,1,3,0.0,0.0,0.0,1.0,2913.667020789055,0.0007863109449317562,4,1,3,0.0,0.0,0.0,True,,0.00054
32.0,+,5,3673.0151854,1,4,0.0,0.0,0.0,1.0,3673.014282746519,0.0009026534812619502,5,1,4,0.0,0.0,0.0,True,,0.00054
32.0,+,6,4423.2201877,1,5,0.0,0.0,0.0,1.0,4423.219925455118,0.00026224488192383433,6,1,5,0.0,0.0,0.0,True,,0.00054
32.0,+,7,5164.3973423,1,6,0.0,0.0,0.0,1.0,5164.396670858718,0.0006714412820656435,7,1,6,0.0,0.0,0.0,True,,0.00054
32.0,+,8,5896.6579275,1,7,0.0,0.0,0.0,1.0,5896.657432079392,0.0004954206087859347,8,1,7,0.0,0.0,0.0,True,,0.00054
32.0,+,9,6620.117684,1,8,0.0,0.0,0.0,1.0,6620.116141989378,0.0015420106219607987,9,1,8,0.0,0.0,0.0,True,,0.00054
33.0,-,1,615.7737192,1,0,0.0,0.0,0.0,1.0,615.773376476508,0.000342723491939978,1,1,0,0.0,0.0,0.0,True,,0.00054
33.0,-,2,1402.9109575,1,1,0.0,0.0,0.0,1.0,1402.912855716384,-0.0018982163840064459,2,1,1,0.0,0.0,0.0,True,,0.00054
33.0,-,3,2180.5622499,1,2,0.0,0.0,0.0,1.0,2180.562778924215,-0.000529024214756646,3,1,2,0.0,0.0,0.0,True,,0.00054
33.0,-,4,2948.8445478,1,3,0.0,0.0,0.0,1.0,2948.843633650935,0.0009141490650108608,4,1,3,0.0,0.0,0.0,True,,0.00054
33.0,-,5,3707.8723005,1,4,0.0,0.0,0.0,1.0,3707.871533211654,0.0007672883461964375,5,1,4,0.0,0.0,0.0,True,,0.00054
33.0,-,6,4457.7613009,1,5,0.0,0.0,0.0,1.0,4457.760142259665,0.0011586403343244456,6,1,5,0.0,0.0,0.0,True,,0.00054
33.0,-,7,5198.622587,1,6,0.0,0.0,0.0,1.0,5198.622189074015,0.00039792598454369,7,1,6,0.0,0.0,0.0,True,,0.00054
33.0,-,8,5930.5744593,1,7,0.0,0.0,0.0,1.0,5930.570610992787,0.0038483072130475193,8,1,7,0.0,0.0,0.0,True,,0.00054
33.0,-,9,6653.718273,1,8,0.0,0.0,0.0,1.0,6653.719379773745,-0.0011067737441408099,9,1,8,0.0,0.0,0.0,True,,0.00054
33.0,-,10,7368.1758755,1,9,0.0,0.0,0.0,1.0,7368.184051979314,-0.008176479313988239,10,1,9,0.0,0.0,0.0,True,,0.00054
34.0,+,1,653.0090056,1,0,0.0,0.0,0.0,1.0,653.008183040179,0.0008225598210174212,1,1,0,0.0,0.0,0.0,True,,0.00054
34.0,+,2,1439.8092642,1,1,0.0,0.0,0.0,1.0,1439.81125465285,-0.0019904528501228924,2,1,1,0.0,0.0,0.0,True,,0.00054
34.0,+,3,2217.1270391,1,2,0.0,0.0,0.0,1.0,2217.127289379397,-0.0002502793972780637,3,1,2,0.0,0.0,0.0,True,,0.00054
34.0,+,4,2985.0777017,1,3,0.0,0.0,0.0,1.0,2985.076709999903,0.0009917000970744994,4,1,3,0.0,0.0,0.0,True,,0.00054
34.0,+,5,3743.7766198,1,4,0.0,0.0,0.0,1.0,3743.775590838708,0.0010289612919223146,5,1,4,0.0,0.0,0.0,True,,0.00054
34.0,+,6,4493.3378143,1,5,0.0,0.0,0.0,1.0,4493.337581660988,0.00023263901221071137,6,1,5,0.0,0.0,0.0,True,,0.00054
34.0,+,7,5233.876126,1,6,0.0,0.0,0.0,1.0,5233.875417392595,0.0007086074047037982,7,1,6,0.0,0.0,0.0,True,,0.00054
34.0,+,8,5965.5031654,1,7,0.0,0.0,0.0,1.0,5965.502060468911,0.0011049310896851239,8,1,7,0.0,0.0,0.0,True,,0.00054
34.0,+,9,6688.330373,1,8,0.0,0.0,0.0,1.0,6688.331522867367,-0.0011498673675305326,9,1,8,0.0,0.0,0.0,True,,0.00054
35.0,-,1,691.3289175,1,0,0.0,0.0,0.0,1.0,691.328004361624,0.0009131383759495293,1,1,0,0.0,0.0,0.0,True,,0.00054
35.0,-,2,1477.7830727,1,1,0.0,0.0,0.0,1.0,1477.784792848096,-0.0017201480959556648,2,1,1,0.0,0.0,0.0,True,,0.00054
35.0,-,3,2254.7570742,1,2,0.0,0.0,0.0,1.0,2254.757139058715,-6.485871517725172e-05,3,1,2,0.0,0.0,0.0,True,,0.00054
35.0,-,4,3022.3665354,1,3,0.0,0.0,0.0,1.0,3022.365398940874,0.001136459125973488,4,1,3,0.0,0.0,0.0,True,,0.00054
35.0,-,5,3780.7265801,1,4,0.0,0.0,0.0,1.0,3780.725606660374,0.0009734396257954359,5,1,4,0.0,0.0,0.0,True,,0.00054
35.0,-,6,4529.952174,1,5,0.0,0.0,0.0,1.0,4529.951396727366,0.0007772726339680958,6,1,5,0.0,0.0,0.0,True,,0.00054
35.0,-,7,5270.1560494,1,6,0.0,0.0,0.0,1.0,5270.155511038023,0.0005383619763961178,7,1,6,0.0,0.0,0.0,True,,0.00054
35.0,-,8,6001.4492726,1,7,0.0,0.0,0.0,1.0,6001.450938020668,-0.0016654206683597295,8,1,7,0.0,0.0,0.0,True,,0.00054
36.0,+,1,730.7323455,1,0,0.0,0.0,0.0,1.0,730.731959089257,0.0003864107429762953,1,1,0,0.0,0.0,0.0,True,,0.00054
36.0,+,2,1516.8310866,1,1,0.0,0.0,0.0,1.0,1516.832590619302,-0.0015040193020467996,2,1,1,0.0,0.0,0.0,True,,0.00054
36.0,+,3,2293.4514467,1,2,0.0,0.0,0.0,1.0,2293.451450061221,-3.3612209335842635e-06,3,1,2,0.0,0.0,0.0,True,,0.00054
36.0,+,4,3060.7099914,1,3,0.0,0.0,0.0,1.0,3060.708824457241,0.0011669427590277337,4,1,3,0.0,0.0,0.0,True,,0.00054
36.0,+,5,3818.7215939,1,4,0.0,0.0,0.0,1.0,3818.720706647242,0.0008872527578205336,5,1,4,0.0,0.0,0.0,True,,0.00054
36.0,+,6,4567.6015423,1,5,0.0,0.0,0.0,1.0,4567.600715527723,0.0008267722769232932,6,1,5,0.0,0.0,0.0,True,,0.00054
36.0,+,7,5307.4622639,1,6,0.0,0.0,0.0,1.0,5307.461600301186,0.0006635988138441462,7,1,6,0.0,0.0,0.0,True,,0.00054
36.0,+,8,6038.4183693,1,7,0.0,0.0,0.0,1.0,6038.41637629929,0.001993000710172055,8,1,7,0.0,0.0,0.0,True,,0.00054
37.0,-,1,771.220192,1,0,0.0,0.0,0.0,1.0,771.21914057846,0.0010514215399552995,1,1,0,0.0,0.0,0.0,True,,0.00054
37.0,-,2,1556.9521855,1,1,0.0,0.0,0.0,1.0,1556.953743042584,-0.0015575425838960655,2,1,1,0.0,0.0,0.0,True,,0.00054
37.0,-,3,2333.209329,1,2,0.0,0.0,0.0,1.0,2333.209319299313,9.700686860014684e-06,3,1,2,0.0,0.0,0.0,True,,0.00054
37.0,-,4,3100.1071606,1,3,0.0,0.0,0.0,1.0,3100.106085402418,0.0010751975819403015,4,1,3,0.0,0.0,0.0,True,,0.00054
37.0,-,5,3857.7606802,1,4,0.0,0.0,0.0,1.0,3857.759991699725,0.0006885002749186242,5,1,4,0.0,0.0,0.0,True,,0.00054
37.0,-,6,4606.2853167,1,5,0.0,0.0,0.0,1.0,4606.284641123813,0.0006755761869499111,6,1,5,0.0,0.0,0.0,True,,0.00054
37.0,-,7,5345.794048,1,6,0.0,0.0,0.0,1.0,5345.792790532816,0.0012574671836773632,7,1,6,0.0,0.0,0.0,True,,0.00054
38.0,+,1,812.7889756,1,0,0.0,0.0,0.0,1.0,812.788616881586,0.0003587184139632882,1,1,0,0.0,0.0,0.0,True,,0.00054
38.0,+,2,1598.1457194,1,1,0.0,0.0,0.0,1.0,1598.147319943546,-0.0016005435461465822,2,1,1,0.0,0.0,0.0,True,,0.00054
38.0,+,3,2374.0298207,1,2,0.0,0.0,0.0,1.0,2374.02981848956,2.2104400159150828e-06,3,1,2,0.0,0.0,0.0,True,,0.00054
38.0,+,4,3140.5578158,1,3,0.0,0.0,0.0,1.0,3140.556255491269,0.0015603087308591057,4,1,3,0.0,0.0,0.0,True,,0.00054
38.0,+,5,3897.8434091,1,4,0.0,0.0,0.0,1.0,3897.842537639504,0.000871460496000509,5,1,4,0.0,0.0,0.0,True,,0.00054
38.0,+,6,4646.0026515,1,5,0.0,0.0,0.0,1.0,4646.002251561958,0.0003999380423920229,6,1,5,0.0,0.0,0.0,True,,0.00054
38.0,+,8,6115.395656,1,7,0.0,0.0,0.0,1.0,6115.393341290703,0.0023147092970248195,8,1,7,0.0,0.0,0.0,True,,0.00054
38.0,+,10,7549.6311195,1,9,0.0,0.0,0.0,1.0,7549.639898228003,-0.008778728003562719,10,1,9,0.0,0.0,0.0,True,,0.00054
39.0,-,1,855.4393294,1,0,0.0,0.0,0.0,1.0,855.439430738291,-0.0001013382909604843,1,1,0,0.0,0.0,0.0,True,,0.00054
39.0,-,2,1640.4109423,1,1,0.0,0.0,0.0,1.0,1640.412365887876,-0.0014235878759336629,2,1,1,0.0,0.0,0.0,True,,0.00054
39.0,-,3,2415.9122335,1,2,0.0,0.0,0.0,1.0,2415.911994143567,0.00023935643321237876,3,1,2,0.0,0.0,0.0,True,,0.00054
39.0,-,4,3182.0594515,1,3,0.0,0.0,0.0,1.0,3182.058383291063,0.0010682089368856396,4,1,3,0.0,0.0,0.0,True,,0.00054
39.0,-,5,3938.9681486,1,4,0.0,0.0,0.0,1.0,3938.96739520099,0.0007533990101364907,5,1,4,0.0,0.0,0.0,True,,0.00054
39.0,-,6,4686.7537355,1,5,0.0,0.0,0.0,1.0,4686.752599864798,0.0011356352024449734,6,1,5,0.0,0.0,0.0,True,,0.00054
39.0,-,7,5425.5280695,1,6,0.0,0.0,0.0,1.0,5425.526770555243,0.0012989447568543255,7,1,6,0.0,0.0,0.0,True,,0.00054
39.0,-,8,6155.4064232,1,7,0.0,0.0,0.0,1.0,6155.403008931574,0.0034142684262405965,8,1,7,0.0,0.0,0.0,True,,0.00054
39.0,-,9,6876.4948831,1,8,0.0,0.0,0.0,1.0,6876.495548606882,-0.0006655068818872678,9,1,8,0.0,0.0,0.0,True,,0.00054
39.0,-,10,7588.9176867,1,9,0.0,0.0,0.0,1.0,7588.920283519339,-0.0025968193394874106,10,1,9,0.0,0.0,0.0,True,,0.00054
40.0,+,1,899.1710381,1,0,0.0,0.0,0.0,1.0,899.170599565418,0.0004385345820310249,1,1,0,0.0,0.0,0.0,True,,0.00054
40.0,+,2,1683.7464655,1,1,0.0,0.0,0.0,1.0,1683.74790017163,-0.001434671629795048,2,1,1,0.0,0.0,0.0,True,,0.00054
40.0,+,3,2458.8553132,1,2,0.0,0.0,0.0,1.0,2458.854867558722,0.00044564127802004805,3,1,2,0.0,0.0,0.0,True,,0.00054
40.0,+,4,3224.6124706,1,3,0.0,0.0,0.0,1.0,3224.611492212428,0.0009783875721041113,4,1,3,0.0,0.0,0.0,True,,0.00054
40.0,+,5,3981.1347107,1,4,0.0,0.0,0.0,1.0,3981.133590022375,0.0011206776252947748,5,1,4,0.0,0.0,0.0,True,,0.00054
40.0,+,6,4728.5351356,1,5,0.0,0.0,0.0,1.0,4728.534714022674,0.00042157732605119236,6,1,5,0.0,0.0,0.0,True,,0.00054
40.0,+,7,5466.9293142,1,6,0.0,0.0,0.0,1.0,5466.927646274399,0.0016679256004863419,7,1,6,0.0,0.0,0.0,True,,0.00054
40.0,+,8,6196.4266294,1,7,0.0,0.0,0.0,1.0,6196.425519140133,0.0011102598673460307,8,1,7,0.0,0.0,0.0,True,,0.00054
40.0,+,9,6917.1461777,1,8,0.0,0.0,0.0,1.0,6917.142614780232,0.003562919768228312,9,1,8,0.0,0.0,0.0,True,,0.00054
41.0,-,1,943.9811378,1,0,0.0,0.0,0.0,1.0,943.981115446207,2.2353793042384495e-05,1,1,0,0.0,0.0,0.0,True,,0.00054
41.0,-,2,1728.1517844,1,1,0.0,0.0,0.0,1.0,1728.152916810975,-0.0011324109750603384,2,1,1,0.0,0.0,0.0,True,,0.00054
41.0,-,3,2502.8578338,1,2,0.0,0.0,0.0,1.0,2502.857434808162,0.00039899183821034967,3,1,2,0.0,0.0,0.0,True,,0.00054
41.0,-,4,3268.2162493,1,3,0.0,0.0,0.0,1.0,3268.214580499857,0.0016688001428519783,4,1,3,0.0,0.0,0.0,True,,0.00054
41.0,-,5,4024.3410163,1,4,0.0,0.0,0.0,1.0,4024.340122636444,0.0008936635558711714,5,1,4,0.0,0.0,0.0,True,,0.00054
41.0,-,6,4771.3484062,1,5,0.0,0.0,0.0,1.0,4771.347596984718,0.0008092152820609044,6,1,5,0.0,0.0,0.0,True,,0.00054
41.0,-,7,5509.3507479,1,6,0.0,0.0,0.0,1.0,5509.349794801861,0.000953098138779751,7,1,6,0.0,0.0,0.0,True,,0.00054
41.0,-,8,6238.4631415,1,7,0.0,0.0,0.0,1.0,6238.459880146454,0.0032613535458949627,8,1,7,0.0,0.0,0.0,True,,0.00054
41.0,-,9,6958.7917292,1,8,0.0,0.0,0.0,1.0,6958.792185172971,-0.0004559729704851634,9,1,8,0.0,0.0,0.0,True,,0.00054
42.0,+,1,989.8702208,1,0,0.0,0.0,0.0,1.0,989.869945119861,0.00027568013899781363,1,1,0,0.0,0.0,0.0,True,,0.00054
42.0,+,2,1773.6251349,1,1,0.0,0.0,0.0,1.0,1773.626384532055,-0.0012496320550781093,2,1,1,0.0,0.0,0.0,True,,0.00054
42.0,+,3,2547.9194781,1,2,0.0,0.0,0.0,1.0,2547.918666730965,0.0008113690350910474,3,1,2,0.0,0.0,0.0,True,,0.00054
42.0,+,4,3312.8679093,1,3,0.0,0.0,0.0,1.0,3312.866621221931,0.0012880780691375548,4,1,3,0.0,0.0,0.0,True,,0.00054
42.0,+,5,4068.5870134,1,4,0.0,0.0,0.0,1.0,4068.585968461304,0.0010449386959408002,5,1,4,0.0,0.0,0.0,True,,0.00054
42.0,+,6,4815.1906192,1,5,0.0,0.0,0.0,1.0,4815.190226649803,0.00039255019692063797,6,1,5,0.0,0.0,0.0,True,,0.00054
42.0,+,7,5552.7933376,1,6,0.0,0.0,0.0,1.0,5552.792196664998,0.0011409350017856923,7,1,6,0.0,0.0,0.0,True,,0.00054
42.0,+,8,6281.5070405,1,7,0.0,0.0,0.0,1.0,6281.505075272384,0.001965227615983167,8,1,7,0.0,0.0,0.0,True,,0.00054
42.0,+,9,7001.4434589,1,8,0.0,0.0,0.0,1.0,7001.443246085649,0.00021281435147102457,9,1,8,0.0,0.0,0.0,True,,0.00054
43.0,-,1,1036.8359428,1,0,0.0,0.0,0.0,1.0,1036.836029970299,-8.717029891158745e-05,1,1,0,0.0,0.0,0.0,True,,0.00054
43.0,-,2,1820.1662316,1,1,0.0,0.0,0.0,1.0,1820.167246760162,-0.0010151601620691508,2,1,1,0.0,0.0,0.0,True,,0.00054
43.0,-,3,2594.037857,1,2,0.0,0.0,0.0,1.0,2594.037508921784,0.00034807821566573693,3,1,2,0.0,0.0,0.0,True,,0.00054
43.0,-,4,3358.5680547,1,3,0.0,0.0,0.0,1.0,3358.566562261466,0.0014924385341146262,4,1,3,0.0,0.0,0.0,True,,0.00054
43.0,-,5,4113.8709985,1,4,0.0,0.0,0.0,1.0,4113.870077790528,0.0009207094717567088,5,1,4,0.0,0.0,0.0,True,,0.00054
43.0,-,6,4860.0618126,1,5,0.0,0.0,0.0,1.0,4860.061555857164,0.0002567428355177981,6,1,5,0.0,0.0,0.0,True,,0.00054
43.0,-,7,5597.2554343,1,6,0.0,0.0,0.0,1.0,5597.253807400485,0.0016268995150312549,7,1,6,0.0,0.0,0.0,True,,0.00054
43.0,-,8,6325.5589777,1,7,0.0,0.0,0.0,1.0,6325.560062922768,-0.0010852227687792038,8,1,7,0.0,0.0,0.0,True,,0.00054
43.0,-,9,7045.0979681,1,8,0.0,0.0,0.0,1.0,7045.09475898083,0.0032091191696963506,9,1,8,0.0,0.0,0.0,True,,0.00054
43.0,-,10,7755.9710349,1,9,0.0,0.0,0.0,1.0,7755.974049453696,-0.0030145536966301734,10,1,9,0.0,0.0,0.0,True,,0.00054
44.0,+,1,1084.8786424,1,0,0.0,0.0,0.0,1.0,1084.878286014723,0.0003563852769730147,1,1,0,0.0,0.0,0.0,True,,0.00054
44.0,+,2,1867.7731596,1,1,0.0,0.0,0.0,1.0,1867.774421608955,-0.0012620089548818214,2,1,1,0.0,0.0,0.0,True,,0.00054
44.0,+,3,2641.2137819,1,2,0.0,0.0,0.0,1.0,2641.212881720295,0.0009001797047858417,3,1,2,0.0,0.0,0.0,True,,0.00054
44.0,+,4,3405.3144817,1,3,0.0,0.0,0.0,1.0,3405.313326305195,0.001155394805209653,4,1,3,0.0,0.0,0.0,True,,0.00054
44.0,+,5,4160.1924837,1,4,0.0,0.0,0.0,1.0,4160.191375783331,0.0011079166688432451,5,1,4,0.0,0.0,0.0,True,,0.00054
44.0,+,6,4905.960593,1,5,0.0,0.0,0.0,1.0,4905.960512376876,8.06231237220345e-05,6,1,5,0.0,0.0,0.0,True,,0.00054
44.0,+,7,5642.7345991,1,6,0.0,0.0,0.0,1.0,5642.733557545161,0.0010415548395030783,7,1,6,0.0,0.0,0.0,True,,0.00054
44.0,+,8,6370.6262045,1,7,0.0,0.0,0.0,1.0,6370.623776576806,0.002427923193863535,8,1,7,0.0,0.0,0.0,True,,0.00054
44.0,+,9,7089.7492258,1,8,0.0,0.0,0.0,1.0,7089.745660475076,0.0035653249242386664,9,1,8,0.0,0.0,0.0,True,,0.00054
44.0,+,10,7800.2111303,1,9,0.0,0.0,0.0,1.0,7800.215432632463,-0.0043023324624300585,10,1,9,0.0,0.0,0.0,True,,0.00054
45.0,-,1,1133.9951,1,0,0.0,0.0,0.0,1.0,1133.995603892061,-0.0005038920608058106,1,1,0,0.0,0.0,0.0,True,,0.00054
45.0,-,2,1916.446476,1,1,0.0,0.0,0.0,1.0,1916.446801869145,-0.0003258691449445905,2,1,1,0.0,0.0,0.0,True,,0.00054
45.0,-,3,2689.4440851,1,2,0.0,0.0,0.0,1.0,2689.443680200328,0.00040489967204848654,3,1,2,0.0,0.0,0.0,True,,0.00054
45.0,-,4,3453.1073729,1,3,0.0,0.0,0.0,1.0,3453.105810833236,0.0015620667641087493,4,1,3,0.0,0.0,0.0,True,,0.00054
45.0,-,5,4207.5494849,1,4,0.0,0.0,0.0,1.0,4207.548762454367,0.000722445633073221,5,1,4,0.0,0.0,0.0,True,,0.00054
45.0,-,6,4952.8867211,1,5,0.0,0.0,0.0,1.0,4952.885998899878,0.0007222001213449403,6,1,5,0.0,0.0,0.0,True,,0.00054
45.0,-,7,5689.2310198,1,6,0.0,0.0,0.0,1.0,5689.230352626537,0.0006671734627161641,7,1,6,0.0,0.0,0.0,True,,0.00054
45.0,-,8,6416.6984099,1,7,0.0,0.0,0.0,1.0,6416.695124779009,0.0032851209907676093,8,1,7,0.0,0.0,0.0,True,,0.00054
45.0,-,9,7135.3972188,1,8,0.0,0.0,0.0,1.0,7135.394862330348,0.0023564696521134465,9,1,8,0.0,0.0,0.0,True,,0.00054
46.0,+,1,1184.1869369,1,0,0.0,0.0,0.0,1.0,1184.186848850982,8.804901813164179e-05,1,1,0,0.0,0.0,0.0,True,,0.00054
46.0,+,2,1966.1821775,1,1,0.0,0.0,0.0,1.0,1966.18325499708,-0.0010774970799047878,2,1,1,0.0,0.0,0.0,True,,0.00054
46.0,+,3,2738.7301293,1,2,0.0,0.0,0.0,1.0,2738.728774158891,0.001355141108888347,3,1,2,0.0,0.0,0.0,True,,0.00054
46.0,+,4,3501.943989,1,3,0.0,0.0,0.0,1.0,3501.9428881084,0.0011008915998900193,4,1,3,0.0,0.0,0.0,True,,0.00054
46.0,+,5,4255.9420251,1,4,0.0,0.0,0.0,1.0,4255.94111266328,0.0009124367197728134,5,1,4,0.0,0.0,0.0,True,,0.00054
46.0,+,6,5000.8370121,1,5,0.0,0.0,0.0,1.0,5000.836893028031,0.00011907196858373936,6,1,5,0.0,0.0,0.0,True,,0.00054
46.0,+,7,5736.7441668,1,6,0.0,0.0,0.0,1.0,5736.743073153125,0.0010936468752333894,7,1,6,0.0,0.0,0.0,True,,0.00054
46.0,+,8,6463.7753006,1,7,0.0,0.0,0.0,1.0,6463.772991130008,0.0023094699918146944,8,1,7,0.0,0.0,0.0,True,,0.00054
46.0,+,9,7182.048374,1,8,0.0,0.0,0.0,1.0,7182.041251445354,0.007122554646230128,9,1,8,0.0,0.0,0.0,True,,0.00054
47.0,-,1,1235.4502561,1,0,0.0,0.0,0.0,1.0,1235.450860737565,-0.0006046375651749258,1,1,0,0.0,0.0,0.0,True,,0.00054
47.0,-,2,2016.9823089,1,1,0.0,0.0,0.0,1.0,2016.982623102882,-0.0003142028820093401,2,1,1,0.0,0.0,0.0,True,,0.00054
47.0,-,3,2789.0678157,1,2,0.0,0.0,0.0,1.0,2789.067008104526,0.0008075954742707836,3,1,2,0.0,0.0,0.0,True,,0.00054
47.0,-,4,3551.8251162,1,3,0.0,0.0,0.0,1.0,3551.823405165058,0.001711034942218248,4,1,3,0.0,0.0,0.0,True,,0.00054
47.0,-,5,4305.367679,1,4,0.0,0.0,0.0,1.0,4305.367276103993,0.00040289600656251423,5,1,4,0.0,0.0,0.0,True,,0.00054
47.0,-,6,5049.8125496,1,5,0.0,0.0,0.0,1.0,5049.812047263757,0.0005023362427891698,6,1,5,0.0,0.0,0.0,True,,0.00054
47.0,-,7,5785.2716053,1,6,0.0,0.0,0.0,1.0,5785.270574604551,0.0010306954491170472,7,1,6,0.0,0.0,0.0,True,,0.00054
47.0,-,8,6511.8604135,1,7,0.0,0.0,0.0,1.0,6511.856234277051,0.004179222948550887,8,1,7,0.0,0.0,0.0,True,,0.00054
47.0,-,9,7229.686018,1,8,0.0,0.0,0.0,1.0,7229.683689846556,0.002328153444068448,9,1,8,0.0,0.0,0.0,True,,0.00054
48.0,+,1,1287.7863624,1,0,0.0,0.0,0.0,1.0,1287.786453982687,-9.158268699138716e-05,1,1,0,0.0,0.0,0.0,True,,0.00054
48.0,+,2,2068.8430103,1,1,0.0,0.0,0.0,1.0,2068.843722938377,-0.0007126383770810207,2,1,1,0.0,0.0,0.0,True,,0.00054
48.0,+,3,2840.4587247,1,2,0.0,0.0,0.0,1.0,2840.457201245861,0.0015234541388053913,3,1,2,0.0,0.0,0.0,True,,0.00054
48.0,+,4,3602.7472137,1,3,0.0,0.0,0.0,1.0,3602.746183797862,0.0010299021378159523,4,1,3,0.0,0.0,0.0,True,,0.00054
48.0,+,5,4355.8269443,1,4,0.0,0.0,0.0,1.0,4355.826077293769,0.0008670062306919135,5,1,4,0.0,0.0,0.0,True,,0.00054
48.0,+,6,5099.8099006,1,5,0.0,0.0,0.0,1.0,5099.810288999325,-0.00038839932494738605,6,1,5,0.0,0.0,0.0,True,,0.00054
48.0,+,7,5834.8137261,1,6,0.0,0.0,0.0,1.0,5834.811687421407,0.0020386785927257733,7,1,6,0.0,0.0,0.0,True,,0.00054
48.0,+,8,6560.9456853,1,7,0.0,0.0,0.0,1.0,6560.943687904482,0.0019973955177192693,8,1,7,0.0,0.0,0.0,True,,0.00054
49.0,-,1,1341.1917138,1,0,0.0,0.0,0.0,1.0,1341.192417589173,-0.0007037891730306001,1,1,0,0.0,0.0,0.0,True,,0.00054
49.0,-,2,2121.7653746,1,1,0.0,0.0,0.0,1.0,2121.765345884683,2.8715317057503853e-05,2,1,1,0.0,0.0,0.0,True,,0.00054
49.0,-,3,2892.8991316,1,2,0.0,0.0,0.0,1.0,2892.898147479459,0.000984120541033917,3,1,2,0.0,0.0,0.0,True,,0.00054
49.0,-,4,3654.7122269,1,3,0.0,0.0,0.0,1.0,3654.710020550067,0.0022063499332034553,4,1,3,0.0,0.0,0.0,True,,0.00054
49.0,-,5,4407.3167669,1,4,0.0,0.0,0.0,1.0,4407.316315561889,0.0004513381118158577,5,1,4,0.0,0.0,0.0,True,,0.00054
49.0,-,6,5150.8315101,1,5,0.0,0.0,0.0,1.0,5150.830420506179,0.0010895938212343026,6,1,5,0.0,0.0,0.0,True,,0.00054
49.0,-,7,5885.3645028,1,6,0.0,0.0,0.0,1.0,5885.365216994704,-0.0007141947035051999,7,1,6,0.0,0.0,0.0,True,,0.00054
49.0,-,8,6611.0376826,1,7,0.0,0.0,0.0,1.0,6611.034160723611,0.003521876388731471,8,1,7,0.0,0.0,0.0,True,,0.00054
49.0,-,9,7327.9545375,1,8,0.0,0.0,0.0,1.0,7327.952038198468,0.0024993015322252177,9,1,8,0.0,0.0,0.0,True,,0.00054
49.0,-,10,8036.2321466,1,9,0.0,0.0,0.0,1.0,8036.235448460961,-0.003301860961073544,10,1,9,0.0,0.0,0.0,True,,0.00054
50.0,+,1,1395.6674697,1,0,0.0,0.0,0.0,1.0,1395.667515118564,-4.541856401374389e-05,1,1,0,0.0,0.0,0.0,True,,0.00054
50.0,+,2,2175.7454696,1,1,0.0,0.0,0.0,1.0,2175.746257939608,-0.0007883396078796068,2,1,1,0.0,0.0,0.0,True,,0.00054
50.0,+,3,2946.3904285,1,2,0.0,0.0,0.0,1.0,2946.388615377628,0.001813122371913778,3,1,2,0.0,0.0,0.0,True,,0.00054
50.0,+,4,3707.715081,1,3,0.0,0.0,0.0,1.0,3707.713686701724,0.0013942982759544975,4,1,3,0.0,0.0,0.0,True,,0.00054
50.0,+,5,4459.8380289,1,4,0.0,0.0,0.0,1.0,4459.836765038144,0.001263861855477444,5,1,4,0.0,0.0,0.0,True,,0.00054
50.0,+,6,5202.8712544,1,5,0.0,0.0,0.0,1.0,5202.87121892363,3.5476369703246746e-05,6,1,5,0.0,0.0,0.0,True,,0.00054
50.0,+,7,5936.9323223,1,6,0.0,0.0,0.0,1.0,5936.929943655408,0.002378644591772172,7,1,6,0.0,0.0,0.0,True,,0.00054
50.0,+,8,6662.1280405,1,7,0.0,0.0,0.0,1.0,6662.126436462851,0.0016040371483541094,8,1,7,0.0,0.0,0.0,True,,0.00054
50.0,+,9,7378.5797337,1,8,0.0,0.0,0.0,1.0,7378.5755477585,0.004185941500509216,9,1,8,0.0,0.0,0.0,True,,0.00054
51.0,-,1,1451.209407,1,0,0.0,0.0,0.0,1.0,1451.210484677596,-0.0010776775959584484,1,1,0,0.0,0.0,0.0,True,,0.00054
51.0,-,2,2230.7856608,1,1,0.0,0.0,0.0,1.0,2230.78519970449,0.00046109551021800144,2,1,1,0.0,0.0,0.0,True,,0.00054
51.0,-,3,3000.9281628,1,2,0.0,0.0,0.0,1.0,3000.927348175872,0.0008146241279973765,3,1,2,0.0,0.0,0.0,True,,0.00054
51.0,-,4,3761.7580796,1,3,0.0,0.0,0.0,1.0,3761.755928257481,0.0021513425190278213,4,1,3,0.0,0.0,0.0,True,,0.00054
51.0,-,5,4513.3862218,1,4,0.0,0.0,0.0,1.0,4513.386174641249,4.715875093097566e-05,5,1,4,0.0,0.0,0.0,True,,0.00054
51.0,-,6,5255.931589,1,5,0.0,0.0,0.0,1.0,5255.931436247757,0.00015275224268407328,6,1,5,0.0,0.0,0.0,True,,0.00054
51.0,-,7,5989.5056789,1,6,0.0,0.0,0.0,1.0,5989.504622663479,0.001056236521435494,7,1,6,0.0,0.0,0.0,True,,0.00054
51.0,-,8,6714.2231446,1,7,0.0,0.0,0.0,1.0,6714.219273857286,0.003870742713843356,8,1,7,0.0,0.0,0.0,True,,0.00054
51.0,-,9,7430.1947548,1,8,0.0,0.0,0.0,1.0,7430.190305804454,0.004448995546226797,9,1,8,0.0,0.0,0.0,True,,0.00054
52.0,+,1,1507.82011,1,0,0.0,0.0,0.0,1.0,1507.820038904285,7.109571515684365e-05,1,1,0,0.0,0.0,0.0,True,,0.00054
52.0,+,2,2286.880314,1,1,0.0,0.0,0.0,1.0,2286.880886371125,-0.0005723711251448549,2,1,1,0.0,0.0,0.0,True,,0.00054
52.0,+,3,3056.5150219,1,2,0.0,0.0,0.0,1.0,3056.513063759995,0.0019581400051720266,3,1,2,0.0,0.0,0.0,True,,0.00054
52.0,+,4,3816.8363246,1,3,0.0,0.0,0.0,1.0,3816.83546593411,0.0008586658900640032,4,1,3,0.0,0.0,0.0,True,,0.00054
52.0,+,5,4567.964088,1,4,0.0,0.0,0.0,1.0,4567.963268066495,0.000819933504317305,5,1,4,0.0,0.0,0.0,True,,0.00054
52.0,+,6,5310.0092371,1,5,0.0,0.0,0.0,1.0,5310.009799319501,-0.0005622195012620068,6,1,5,0.0,0.0,0.0,True,,0.00054
52.0,+,7,6043.0894021,1,6,0.0,0.0,0.0,1.0,6043.08798419677,0.0014179032305037254,7,1,6,0.0,0.0,0.0,True,,0.00054
52.0,+,8,6767.3151737,1,7,0.0,0.0,0.0,1.0,6767.311406637974,0.003767062025872292,8,1,7,0.0,0.0,0.0,True,,0.00054
53.0,-,1,1565.4935273,1,0,0.0,0.0,0.0,1.0,1565.494864953814,-0.0013376538138345495,1,1,0,0.0,0.0,0.0,True,,0.00054
53.0,-,2,2344.0328223,1,1,0.0,0.0,0.0,1.0,2344.032007707885,0.0008145921151481161,2,1,1,0.0,0.0,0.0,True,,0.00054
53.0,-,3,3113.1455059,1,2,0.0,0.0,0.0,1.0,3113.144454653016,0.0010512469839341065,3,1,2,0.0,0.0,0.0,True,,0.00054
53.0,-,4,3872.9532429,1,3,0.0,0.0,0.0,1.0,3872.950995147816,0.0022477521843029535,4,1,3,0.0,0.0,0.0,True,,0.00054
53.0,-,5,4623.5667267,1,4,0.0,0.0,0.0,1.0,4623.566743773591,-1.7073591152438894e-05,5,1,4,0.0,0.0,0.0,True,,0.00054
53.0,-,6,5365.1057503,1,5,0.0,0.0,0.0,1.0,5365.105009813077,0.0007404869229503674,6,1,5,0.0,0.0,0.0,True,,0.00054
53.0,-,7,6097.6790819,1,6,0.0,0.0,0.0,1.0,6097.678733339536,0.00034856046386266826,7,1,6,0.0,0.0,0.0,True,,0.00054
53.0,-,8,7536.3934215,1,8,0.0,0.0,0.0,1.0,7536.388492524865,0.004928975135044311,9,1,8,0.0,0.0,0.0,True,,0.00054
54.0,+,1,1624.233534,1,0,0.0,0.0,0.0,1.0,1624.23362448413,-9.048412994161481e-05,1,1,0,0.0,0.0,0.0,True,,0.00054
54.0,+,2,2402.2369662,1,1,0.0,0.0,0.0,1.0,2402.237228046094,-0.00026184609396295855,2,1,1,0.0,0.0,0.0,True,,0.00054
54.0,+,3,3170.8225202,1,2,0.0,0.0,0.0,1.0,3170.820188001629,0.00233219837082288,3,1,2,0.0,0.0,0.0,True,,0.00054
54.0,+,4,3930.1020471,1,3,0.0,0.0,0.0,1.0,3930.101186001175,0.0008610988252257812,4,1,3,0.0,0.0,0.0,True,,0.00054
54.0,+,5,4680.1962704,1,4,0.0,0.0,0.0,1.0,4680.195274974186,0.0009954258139259764,5,1,4,0.0,0.0,0.0,True,,0.00054
54.0,+,6,5421.2150379,1,5,0.0,0.0,0.0,1.0,5421.215744223558,-0.000706323558006261,6,1,5,0.0,0.0,0.0,True,,0.00054
54.0,+,7,6153.2769433,1,6,0.0,0.0,0.0,1.0,6153.275550071017,0.001393228983033623,7,1,6,0.0,0.0,0.0,True,,0.00054
54.0,+,8,6876.4910564,1,7,0.0,0.0,0.0,1.0,6876.48836819823,0.002688201770070009,8,1,7,0.0,0.0,0.0,True,,0.00054
54.0,+,9,7590.9723726,1,8,0.0,0.0,0.0,1.0,7590.9693214499,0.0030511500999637065,9,1,8,0.0,0.0,0.0,True,,0.00054
55.0,-,1,1684.0334287,1,0,0.0,0.0,0.0,1.0,1684.034953640905,-0.0015249409050284157,1,1,0,0.0,0.0,0.0,True,,0.00054
55.0,-,2,2461.4956618,1,1,0.0,0.0,0.0,1.0,2461.495186265544,0.00047553445619996637,2,1,1,0.0,0.0,0.0,True,,0.00054
55.0,-,3,3229.5402083,1,2,0.0,0.0,0.0,1.0,3229.538905562599,0.001302737400692422,3,1,2,0.0,0.0,0.0,True,,0.00054
55.0,-,4,3988.2867322,1,3,0.0,0.0,0.0,1.0,3988.284683269871,0.0020489301291490847,4,1,3,0.0,0.0,0.0,True,,0.00054
55.0,-,5,4737.8468464,1,4,0.0,0.0,0.0,1.0,4737.847509618709,-0.000663218709632929,5,1,4,0.0,0.0,0.0,True,,0.00054
55.0,-,6,5478.3408464,1,5,0.0,0.0,0.0,1.0,5478.340653854734,0.00019254526614531642,6,1,5,0.0,0.0,0.0,True,,0.00054
55.0,-,7,6209.8771177,1,6,0.0,0.0,0.0,1.0,6209.877089253429,2.844657046807697e-05,7,1,6,0.0,0.0,0.0,True,,0.00054
55.0,-,8,6932.5742256,1,7,0.0,0.0,0.0,1.0,6932.570539322179,0.0036862778215436265,8,1,7,0.0,0.0,0.0,True,,0.00054
55.0,-,9,7646.5422145,1,8,0.0,0.0,0.0,1.0,7646.536199340942,0.0060151590578243486,9,1,8,0.0,0.0,0.0,True,,0.00054
55.0,-,10,8351.8884767,1,9,0.0,0.0,0.0,1.0,8351.891183568216,-0.0027068682156823343,10,1,9,0.0,0.0,0.0,True,,0.00054
56.0,+,1,1744.896674,1,0,0.0,0.0,0.0,1.0,1744.897463042601,-0.0007890426008998475,1,1,0,0.0,0.0,0.0,True,,0.00054
56.0,+,2,2521.8047408,1,1,0.0,0.0,0.0,1.0,2521.804495780143,0.00024501985717506614,2,1,1,0.0,0.0,0.0,True,,0.00054
56.0,+,3,3289.3015198,1,2,0.0,0.0,0.0,1.0,3289.299223688523,0.002296111476880469,3,1,2,0.0,0.0,0.0,True,,0.00054
56.0,+,4,4047.5011499,1,3,0.0,0.0,0.0,1.0,4047.500106388981,0.0010435110193611763,4,1,3,0.0,0.0,0.0,True,,0.00054
56.0,+,5,4796.5229474,1,4,0.0,0.0,0.0,1.0,4796.522070383406,0.000877016594131419,5,1,4,0.0,0.0,0.0,True,,0.00054
56.0,+,6,5536.4770007,1,5,0.0,0.0,0.0,1.0,5536.478364806173,-0.0013641061732414528,6,1,5,0.0,0.0,0.0,True,,0.00054
56.0,+,7,6267.4826687,1,6,0.0,0.0,0.0,1.0,6267.481980619837,0.0006880801638544654,7,1,6,0.0,0.0,0.0,True,,0.00054
56.0,+,8,6989.6497356,1,7,0.0,0.0,0.0,1.0,6989.646690498486,0.003045101513635018,8,1,7,0.0,0.0,0.0,True,,0.00054
56.0,+,9,7703.0902303,1,8,0.0,0.0,0.0,1.0,7703.087763940941,0.0024663590593263507,9,1,8,0.0,0.0,0.0,True,,0.00054
57.0,-,1,1806.8183765,1,0,0.0,0.0,0.0,1.0,1806.819737764832,-0.001361264831984954,1,1,0,0.0,0.0,0.0,True,,0.00054
57.0,-,2,2583.1645905,1,1,0.0,0.0,0.0,1.0,2583.163744522946,0.00084597705381384,2,1,1,0.0,0.0,0.0,True,,0.00054
57.0,-,3,3350.1016657,1,2,0.0,0.0,0.0,1.0,3350.099733313634,0.0019323863662066287,3,1,2,0.0,0.0,0.0,True,,0.00054
57.0,-,4,4107.7471976,1,3,0.0,0.0,0.0,1.0,4107.746049439219,0.0011481607807581895,4,1,3,0.0,0.0,0.0,True,,0.00054
57.0,-,5,4856.2172683,1,4,0.0,0.0,0.0,1.0,4856.217554656842,-0.0002863568424800178,5,1,4,0.0,0.0,0.0,True,,0.00054
57.0,-,6,5595.6270917,1,5,0.0,0.0,0.0,1.0,5595.627477960503,-0.0003862605026370147,6,1,5,0.0,0.0,0.0,True,,0.00054
57.0,-,7,6326.0902612,1,6,0.0,0.0,0.0,1.0,6326.088828761935,0.001432438065421593,7,1,6,0.0,0.0,0.0,True,,0.00054
57.0,-,8,7047.7188096,1,7,0.0,0.0,0.0,1.0,7047.715430272204,0.0033793277962104185,8,1,7,0.0,0.0,0.0,True,,0.00054
58.0,+,1,1869.7991448,1,0,0.0,0.0,0.0,1.0,1869.800337324747,-0.0011925247470117029,1,1,0,0.0,0.0,0.0,True,,0.00054
58.0,+,2,2645.5719313,1,1,0.0,0.0,0.0,1.0,2645.571494930958,0.0004363690418358601,2,1,1,0.0,0.0,0.0,True,,0.00054
58.0,+,3,3411.9409824,1,2,0.0,0.0,0.0,1.0,3411.938999939062,0.0019824609380520997,3,1,2,0.0,0.0,0.0,True,,0.00054
58.0,+,4,4169.0224138,1,3,0.0,0.0,0.0,1.0,4169.02108113262,0.0013326673806659528,4,1,3,0.0,0.0,0.0,True,,0.00054
58.0,+,5,4916.9325773,1,4,0.0,0.0,0.0,1.0,4916.93253452617,4.277383050066419e-05,5,1,4,0.0,0.0,0.0,True,,0.00054
58.0,+,6,5655.7858989,1,5,0.0,0.0,0.0,1.0,5655.786568970142,-0.0006700701424051658,6,1,5,0.0,0.0,0.0,True,,0.00054
58.0,+,7,6385.6969746,1,6,0.0,0.0,0.0,1.0,6385.696213117179,0.0007614828218720504,7,1,6,0.0,0.0,0.0,True,,0.00054
58.0,+,8,7106.7790537,1,7,0.0,0.0,0.0,1.0,7106.775342116266,0.003711583734002488,8,1,7,0.0,0.0,0.0,True,,0.00054
58.0,+,9,7819.1457027,1,8,0.0,0.0,0.0,1.0,7819.139379365976,0.006323334023363714,9,1,8,0.0,0.0,0.0,True,,0.00054
59.0,-,1,1933.8363034,1,0,0.0,0.0,0.0,1.0,1933.837795664643,-0.001492264643047747,1,1,0,0.0,0.0,0.0,True,,0.00054
59.0,-,2,2709.0269311,1,1,0.0,0.0,0.0,1.0,2709.026283929783,0.0006471702172348159,2,1,1,0.0,0.0,0.0,True,,0.00054
59.0,-,3,3474.8176527,1,2,0.0,0.0,0.0,1.0,3474.815563617865,0.0020890821351713385,3,1,2,0.0,0.0,0.0,True,,0.00054
59.0,-,4,4231.3255162,1,3,0.0,0.0,0.0,1.0,4231.323744798147,0.0017714018522383412,4,1,3,0.0,0.0,0.0,True,,0.00054
59.0,-,5,4978.6655367,1,4,0.0,0.0,0.0,1.0,4978.665556763238,-2.0063237570866477e-05,5,1,4,0.0,0.0,0.0,True,,0.00054
59.0,-,6,5716.9535039,1,5,0.0,0.0,0.0,1.0,5716.954188243719,-0.0006843437186034862,6,1,5,0.0,0.0,0.0,True,,0.00054
59.0,-,7,6446.3030668,1,6,0.0,0.0,0.0,1.0,6446.302687956199,0.00037884380071773194,7,1,6,0.0,0.0,0.0,True,,0.00054
59.0,-,8,7166.8285785,1,7,0.0,0.0,0.0,1.0,7166.824984419311,0.0035940806892540422,8,1,7,0.0,0.0,0.0,True,,0.00054
60.0,+,1,1998.9289637,1,0,0.0,0.0,0.0,1.0,1998.930621135758,-0.0016574357580338983,1,1,0,0.0,0.0,0.0,True,,0.00054
60.0,+,2,2773.5273704,1,1,0.0,0.0,0.0,1.0,2773.526622917653,0.000747482346923789,2,1,1,0.0,0.0,0.0,True,,0.00054
60.0,+,3,3538.7302192,1,2,0.0,0.0,0.0,1.0,3538.727938939833,0.0022802601670264266,3,1,2,0.0,0.0,0.0,True,,0.00054
60.0,+,4,4294.654088,1,3,0.0,0.0,0.0,1.0,4294.652558366794,0.0015296332057914697,4,1,3,0.0,0.0,0.0,True,,0.00054
60.0,+,5,5041.4146979,1,4,0.0,0.0,0.0,1.0,5041.415142810057,-0.00044491005701274844,5,1,4,0.0,0.0,0.0,True,,0.00054
60.0,+,6,5779.1281911,1,5,0.0,0.0,0.0,1.0,5779.128860932509,-0.0006698325096294866,6,1,5,0.0,0.0,0.0,True,,0.00054
60.0,+,7,6507.9068437,1,6,0.0,0.0,0.0,1.0,6507.906782369428,6.133057195256697e-05,7,1,6,0.0,0.0,0.0,True,,0.00054
60.0,+,8,7227.8667159,1,7,0.0,0.0,0.0,1.0,7227.862890473208,0.003825426791991049,8,1,7,0.0,0.0,0.0,True,,0.00054
61.0,-,1,2065.075116,1,0,0.0,0.0,0.0,1.0,2065.077296481116,-0.002180481115829025,1,1,0,0.0,0.0,0.0,True,,0.00054
61.0,-,2,2839.071964,1,1,0.0,0.0,0.0,1.0,2839.070997749208,0.0009662507923167141,2,1,1,0.0,0.0,0.0,True,,0.00054
61.0,-,3,3603.6768593,1,2,0.0,0.0,0.0,1.0,3603.674615015615,0.0022442843851422367,3,1,2,0.0,0.0,0.0,True,,0.00054
61.0,-,4,4359.0073156,1,3,0.0,0.0,0.0,1.0,4359.006014356582,0.0013012434174015652,4,1,3,0.0,0.0,0.0,True,,0.00054
61.0,-,5,5105.1797027,1,4,0.0,0.0,0.0,1.0,5105.179788764408,-8.606440769654e-05,5,1,4,0.0,0.0,0.0,True,,0.00054
61.0,-,6,5842.3078794,1,5,0.0,0.0,0.0,1.0,5842.309086916276,-0.0012075162758264923,6,1,5,0.0,0.0,0.0,True,,0.00054
61.0,-,7,6570.5078693,1,6,0.0,0.0,0.0,1.0,6570.50700025394,0.0008690460599609651,7,1,6,0.0,0.0,0.0,True,,0.00054
61.0,-,8,7289.8893176,1,7,0.0,0.0,0.0,1.0,7289.887568460527,0.0017491394728494924,8,1,7,0.0,0.0,0.0,True,,0.00054
61.0,-,9,8000.5703367,1,8,0.0,0.0,0.0,1.0,8000.566459872624,0.0038768273752793903,9,1,8,0.0,0.0,0.0,True,,0.00054
62.0,+,1,2132.2742502,1,0,0.0,0.0,0.0,1.0,2132.276278818713,-0.0020286187127567246,1,1,0,0.0,0.0,0.0,True,,0.00054
62.0,+,2,2905.6585997,1,1,0.0,0.0,0.0,1.0,2905.65786871925,0.0007309807501769683,2,1,1,0.0,0.0,0.0,True,,0.00054
62.0,+,3,3669.6563305,1,2,0.0,0.0,0.0,1.0,3669.654055461098,0.0022750389020984585,3,1,2,0.0,0.0,0.0,True,,0.00054
62.0,+,4,4424.3837476,1,3,0.0,0.0,0.0,1.0,4424.382579857032,0.0011677429674818995,4,1,3,0.0,0.0,0.0,True,,0.00054
62.0,+,5,5169.9572043,1,4,0.0,0.0,0.0,1.0,5169.957965364977,-0.0007610649772686884,5,1,4,0.0,0.0,0.0,True,,0.00054
62.0,+,6,5906.4914186,1,5,0.0,0.0,0.0,1.0,5906.493340789018,-0.0019221890179323964,6,1,5,0.0,0.0,0.0,True,,0.00054
62.0,+,7,6634.1012967,1,6,0.0,0.0,0.0,1.0,6634.101820299616,-0.0005235996159171918,7,1,6,0.0,0.0,0.0,True,,0.00054
62.0,+,8,7352.9010664,1,7,0.0,0.0,0.0,1.0,7352.897501441518,0.0035649584815473645,8,1,7,0.0,0.0,0.0,True,,0.00054
62.0,+,9,8063.000361,1,8,0.0,0.0,0.0,1.0,8062.996138074869,0.004222925131216471,9,1,8,0.0,0.0,0.0,True,,0.00054
63.0,-,1,2200.5239975,1,0,0.0,0.0,0.0,1.0,2200.52599962363,-0.002002123630063579,1,1,0,0.0,0.0,0.0,True,,0.00054
63.0,-,2,2973.2864694,1,1,0.0,0.0,0.0,1.0,2973.28567054565,0.0007988543497958744,2,1,1,0.0,0.0,0.0,True,,0.00054
63.0,-,3,3736.6669338,1,2,0.0,0.0,0.0,1.0,3736.664698381022,0.0022354189782163303,3,1,2,0.0,0.0,0.0,True,,0.00054
63.0,-,4,4490.7816515,1,3,0.0,0.0,0.0,1.0,4490.780696513515,0.0009549864853397594,4,1,3,0.0,0.0,0.0,True,,0.00054
63.0,-,5,5235.7471142,1,4,0.0,0.0,0.0,1.0,5235.748117975959,-0.0010037759584520245,5,1,4,0.0,0.0,0.0,True,,0.00054
63.0,-,6,5971.6782402,1,5,0.0,0.0,0.0,1.0,5971.680071844375,-0.0018316443747607991,6,1,5,0.0,0.0,0.0,True,,0.00054
63.0,-,7,6698.6890329,1,6,0.0,0.0,0.0,1.0,6698.689695975311,-0.0006630753114222898,7,1,6,0.0,0.0,0.0,True,,0.00054
63.0,-,8,7416.893869,1,7,0.0,0.0,0.0,1.0,7416.8911473411,0.0027216589005547576,8,1,7,0.0,0.0,0.0,True,,0.00054
63.0,-,9,8126.4060964,1,8,0.0,0.0,0.0,1.0,8126.400267316373,0.0058290836268497515,9,1,8,0.0,0.0,0.0,True,,0.00054
64.0,+,1,2269.8225309,1,0,0.0,0.0,0.0,1.0,2269.824864710562,-0.002333810562049621,1,1,0,0.0,0.0,0.0,True,,0.00054
64.0,+,2,3041.9537907,1,1,0.0,0.0,0.0,1.0,3041.952812352401,0.0009783475989024737,2,1,1,0.0,0.0,0.0,True,,0.00054
64.0,+,3,3804.7071438,1,2,0.0,0.0,0.0,1.0,3804.704956352369,0.002187447630603856,3,1,2,0.0,0.0,0.0,True,,0.00054
64.0,+,4,4558.1998158,1,3,0.0,0.0,0.0,1.0,4558.198780511349,0.0010352886511100223,4,1,3,0.0,0.0,0.0,True,,0.00054
64.0,+,5,5302.547448,1,4,0.0,0.0,0.0,1.0,5302.548666571907,-0.0012185719069748302,5,1,4,0.0,0.0,0.0,True,,0.00054
64.0,+,6,6037.8659453,1,5,0.0,0.0,0.0,1.0,6037.867704060811,-0.001758760810844251,6,1,5,0.0,0.0,0.0,True,,0.00054
64.0,+,7,6764.2685131,1,6,0.0,0.0,0.0,1.0,6764.269055514829,-0.0005424148293968756,7,1,6,0.0,0.0,0.0,True,,0.00054
64.0,+,8,7481.8701428,1,7,0.0,0.0,0.0,1.0,7481.866938935435,0.003203864564966352,8,1,7,0.0,0.0,0.0,True,,0.00054
64.0,+,9,8190.7776327,1,8,0.0,0.0,0.0,1.0,8190.777285235362,0.000347464638252859,9,1,8,0.0,0.0,0.0,True,,0.00054
65.0,-,1,2340.1688325,1,0,0.0,0.0,0.0,1.0,2340.171254215202,-0.002421715202217456,1,1,0,0.0,0.0,0.0,True,,0.00054
65.0,-,2,3111.6586402,1,1,0.0,0.0,0.0,1.0,3111.657677651915,0.0009625480847716972,2,1,1,0.0,0.0,0.0,True,,0.00054
65.0,-,3,3873.7755968,1,2,0.0,0.0,0.0,1.0,3873.773216407487,0.0023803925132597215,3,1,2,0.0,0.0,0.0,True,,0.00054
65.0,-,4,4626.6360028,1,3,0.0,0.0,0.0,1.0,4626.635222559144,0.0007802408563293284,4,1,3,0.0,0.0,0.0,True,,0.00054
65.0,-,5,5370.3564379,1,4,0.0,0.0,0.0,1.0,5370.358005721683,-0.001567821683238435,5,1,4,0.0,0.0,0.0,True,,0.00054
65.0,-,6,6105.0523279,1,5,0.0,0.0,0.0,1.0,6105.054636086379,-0.0023081863791958313,6,1,5,0.0,0.0,0.0,True,,0.00054
65.0,-,7,6830.8375557,1,6,0.0,0.0,0.0,1.0,6830.838301902259,-0.00074620225950639,7,1,6,0.0,0.0,0.0,True,,0.00054
65.0,-,8,7547.8242576,1,7,0.0,0.0,0.0,1.0,7547.823283838365,0.00097376163557783,8,1,7,0.0,0.0,0.0,True,,0.00054
66.0,+,1,2411.5604876,1,0,0.0,0.0,0.0,1.0,2411.563522575912,-0.0030349759117598296,1,1,0,0.0,0.0,0.0,True,,0.00054
66.0,+,2,3182.3996145,1,1,0.0,0.0,0.0,1.0,3182.398624327369,0.0009901726311909442,2,1,1,0.0,0.0,0.0,True,,0.00054
66.0,+,3,3943.8702863,1,2,0.0,0.0,0.0,1.0,3943.867840016926,0.002446283073822997,3,1,2,0.0,0.0,0.0,True,,0.00054
66.0,+,4,4696.088985,1,3,0.0,0.0,0.0,1.0,4696.088387872423,0.0005971275777483243,4,1,3,0.0,0.0,0.0,True,,0.00054
66.0,+,5,5439.172923,1,4,0.0,0.0,0.0,1.0,5439.174504572534,-0.0015815725337233744,5,1,4,0.0,0.0,0.0,True,,0.00054
66.0,+,6,6173.2369921,1,5,0.0,0.0,0.0,1.0,6173.239241223549,-0.0022491235486086225,6,1,5,0.0,0.0,0.0,True,,0.00054
66.0,+,7,6898.3948092,1,6,0.0,0.0,0.0,1.0,6898.395812857588,-0.0010036575877165888,7,1,6,0.0,0.0,0.0,True,,0.00054
66.0,+,8,7614.7617056,1,7,0.0,0.0,0.0,1.0,7614.758564487646,0.0031411123536599916,8,1,7,0.0,0.0,0.0,True,,0.00054
67.0,-,1,2483.9966598,1,0,0.0,0.0,0.0,1.0,2483.999998514716,-0.0033387147159373853,1,1,0,0.0,0.0,0.0,True,,0.00054
67.0,-,2,3254.1750574,1,1,0.0,0.0,0.0,1.0,3254.173984614399,0.0010727856006269576,2,1,1,0.0,0.0,0.0,True,,0.00054
67.0,-,3,4014.9896364,1,2,0.0,0.0,0.0,1.0,4014.987163071768,0.0024733282320994476,3,1,2,0.0,0.0,0.0,True,,0.00054
67.0,-,4,4766.5569337,1,3,0.0,0.0,0.0,1.0,4766.556616156528,0.0003175434712829883,4,1,3,0.0,0.0,0.0,True,,0.00054
67.0,-,5,5508.9947887,1,4,0.0,0.0,0.0,1.0,5508.996506833687,-0.0017181336870635278,5,1,4,0.0,0.0,0.0,True,,0.00054
67.0,-,6,6242.416944,1,5,0.0,0.0,0.0,1.0,6242.419867413131,-0.0029234131316115963,6,1,5,0.0,0.0,0.0,True,,0.00054
67.0,-,7,6966.9392018,1,6,0.0,0.0,0.0,1.0,6966.939940821464,-0.0007390214641418424,7,1,6,0.0,0.0,0.0,True,,0.00054
67.0,-,8,8389.7346568,1,8,0.0,0.0,0.0,1.0,8389.7296713442,0.004985455800124328,9,1,8,0.0,0.0,0.0,True,,0.00054
68.0,+,1,2557.4762601,1,0,0.0,0.0,0.0,1.0,2557.478985017935,-0.0027249179347563768,1,1,0,0.0,0.0,0.0,True,,0.00054
68.0,+,2,3326.9834298,1,1,0.0,0.0,0.0,1.0,3326.982065082493,0.0013647175069309014,2,1,1,0.0,0.0,0.0,True,,0.00054
68.0,+,3,4087.1315438,1,2,0.0,0.0,0.0,1.0,4087.12949586575,0.00204793425018579,3,1,2,0.0,0.0,0.0,True,,0.00054
68.0,+,4,4838.0392357,1,3,0.0,0.0,0.0,1.0,4838.03822158925,0.0010141107504750835,4,1,3,0.0,0.0,0.0,True,,0.00054
68.0,+,5,5579.8203133,1,4,0.0,0.0,0.0,1.0,5579.822330759615,-0.0020174596156721236,5,1,4,0.0,0.0,0.0,True,,0.00054
68.0,+,6,6312.5925343,1,5,0.0,0.0,0.0,1.0,6312.594837218602,-0.002302918602254067,6,1,5,0.0,0.0,0.0,True,,0.00054
68.0,+,7,7036.4681846,1,6,0.0,0.0,0.0,1.0,7036.469012940259,-0.0008283402585220756,7,1,6,0.0,0.0,0.0,True,,0.00054
68.0,+,8,7751.5623272,1,7,0.0,0.0,0.0,1.0,7751.559336810411,0.002990389589285769,8,1,7,0.0,0.0,0.0,True,,0.00054
69.0,-,1,2631.9959426,1,0,0.0,0.0,0.0,1.0,2631.99875931663,-0.00281671663015004,1,1,0,0.0,0.0,0.0,True,,0.00054
69.0,-,2,3400.8223474,1,1,0.0,0.0,0.0,1.0,3400.821146616277,0.0012007837231067242,2,1,1,0.0,0.0,0.0,True,,0.00054
69.0,-,3,4160.2956912,1,2,0.0,0.0,0.0,1.0,4160.293123077096,0.0025681229035399156,3,1,2,0.0,0.0,0.0,True,,0.00054
69.0,-,4,4910.5319653,1,3,0.0,0.0,0.0,1.0,4910.531492803389,0.00047249661110981833,4,1,3,0.0,0.0,0.0,True,,0.00054
69.0,-,5,5651.6483764,1,4,0.0,0.0,0.0,1.0,5651.650269133122,-0.0018927331211671117,5,1,4,0.0,0.0,0.0,True,,0.00054
69.0,-,6,6383.7598912,1,5,0.0,0.0,0.0,1.0,6383.76244780965,-0.002556609650127939,6,1,5,0.0,0.0,0.0,True,,0.00054
69.0,-,7,7106.9807037,1,6,0.0,0.0,0.0,1.0,7106.981331050328,-0.0006273503277043346,7,1,6,0.0,0.0,0.0,True,,0.00054
69.0,-,8,7821.4261579,1,7,0.0,0.0,0.0,1.0,7821.421467350706,0.00469054929453705,8,1,7,0.0,0.0,0.0,True,,0.00054
69.0,-,9,8527.204278,1,8,0.0,0.0,0.0,1.0,8527.199266853902,0.005011146096876473,9,1,8,0.0,0.0,0.0,True,,0.00054
70.0,+,1,2707.5544302,1,0,0.0,0.0,0.0,1.0,2707.557572866441,-0.0031426664413629624,1,1,0,0.0,0.0,0.0,True,,0.00054
70.0,+,2,3475.6906942,1,1,0.0,0.0,0.0,1.0,3475.689484396134,0.001209803866004222,2,1,1,0.0,0.0,0.0,True,,0.00054
70.0,+,3,4234.4786658,1,2,0.0,0.0,0.0,1.0,4234.476303749789,0.002362050211559108,3,1,2,0.0,0.0,0.0,True,,0.00054
70.0,+,4,4984.0353814,1,3,0.0,0.0,0.0,1.0,4984.034692868554,0.0006885314460305381,4,1,3,0.0,0.0,0.0,True,,0.00054
70.0,+,5,5724.4763783,1,4,0.0,0.0,0.0,1.0,5724.478589247992,-0.002210947992352885,5,1,4,0.0,0.0,0.0,True,,0.00054
70.0,+,6,6455.9187769,1,5,0.0,0.0,0.0,1.0,6455.92097094567,-0.0021940456699667266,6,1,5,0.0,0.0,0.0,True,,0.00054
70.0,+,7,7178.4727828,1,6,0.0,0.0,0.0,1.0,7178.47517166249,-0.002388862490079191,7,1,6,0.0,0.0,0.0,True,,0.00054
70.0,+,8,7892.2594956,1,7,0.0,0.0,0.0,1.0,7892.255811341546,0.0036842584540863754,8,1,7,0.0,0.0,0.0,True,,0.00054
70.0,+,9,8597.3804885,1,8,0.0,0.0,0.0,1.0,8597.379402527817,0.0010859721842280123,9,1,8,0.0,0.0,0.0,True,,0.00054
71.0,-,1,2784.1503049,1,0,0.0,0.0,0.0,1.0,2784.153651327217,-0.0033464272173659992,1,1,0,0.0,0.0,0.0,True,,0.00054
71.0,-,2,3551.5869223,1,1,0.0,0.0,0.0,1.0,3551.585307878529,0.0016144214710038796,2,1,1,0.0,0.0,0.0,True,,0.00054
71.0,-,3,4309.6800014,1,2,0.0,0.0,0.0,1.0,4309.677271274725,0.0027301252748657134,3,1,2,0.0,0.0,0.0,True,,0.00054
71.0,-,4,5058.5468375,1,3,0.0,0.0,0.0,1.0,5058.54605927308,0.0007782269203744363,4,1,3,0.0,0.0,0.0,True,,0.00054
71.0,-,5,5798.3039699,1,4,0.0,0.0,0.0,1.0,5798.305532891403,-0.0015629914032615488,5,1,4,0.0,0.0,0.0,True,,0.00054
71.0,-,6,6529.0651208,1,5,0.0,0.0,0.0,1.0,6529.068652958899,-0.003532158899361093,6,1,5,0.0,0.0,0.0,True,,0.00054
71.0,-,7,7250.9488492,1,6,0.0,0.0,0.0,1.0,7250.948785945933,6.325406684482004e-05,7,1,6,0.0,0.0,0.0,True,,0.00054
71.0,-,8,7964.0600848,1,7,0.0,0.0,0.0,1.0,7964.060625123912,-0.000540323911991436,8,1,7,0.0,0.0,0.0,True,,0.00054
72.0,+,1,2861.7820451,1,0,0.0,0.0,0.0,1.0,2861.785194542283,-0.0031494422833020508,1,1,0,0.0,0.0,0.0,True,,0.00054
72.0,+,2,3628.5083083,1,1,0.0,0.0,0.0,1.0,3628.506820776169,0.0014875238307467953,2,1,1,0.0,0.0,0.0,True,,0.00054
72.0,+,3,4385.8971977,1,2,0.0,0.0,0.0,1.0,4385.8942333704,0.002964329600217752,3,1,2,0.0,0.0,0.0,True,,0.00054
72.0,+,4,5134.0643884,1,3,0.0,0.0,0.0,1.0,5134.063803905188,0.0005844948118465254,4,1,3,0.0,0.0,0.0,True,,0.00054
72.0,+,5,5873.1272117,1,4,0.0,0.0,0.0,1.0,5873.129316325964,-0.0021046259644208476,5,1,4,0.0,0.0,0.0,True,,0.00054
72.0,+,6,6603.2003484,1,5,0.0,0.0,0.0,1.0,6603.203714737181,-0.0033663371814327547,6,1,5,0.0,0.0,0.0,True,,0.00054
72.0,+,7,7324.3988473,1,6,0.0,0.0,0.0,1.0,7324.400399711951,-0.00155241195079725,7,1,6,0.0,0.0,0.0,True,,0.00054
72.0,+,8,8036.8344161,1,7,0.0,0.0,0.0,1.0,8036.834139774718,0.00027632528235699283,8,1,7,0.0,0.0,0.0,True,,0.00054
72.0,+,9,8740.622561,1,8,0.0,0.0,0.0,1.0,8740.621659127059,0.0009018729415402049,9,1,8,0.0,0.0,0.0,True,,0.00054
73.0,-,1,2940.4464458,1,0,0.0,0.0,0.0,1.0,2940.450376517068,-0.00393071706776027,1,1,0,0.0,0.0,0.0,True,,0.00054
73.0,-,2,3706.4543923,1,1,0.0,0.0,0.0,1.0,3706.452201037564,0.0021912624360993505,2,1,1,0.0,0.0,0.0,True,,0.00054
73.0,-,3,4463.1280818,1,2,0.0,0.0,0.0,1.0,4463.125372063265,0.002709736734686885,3,1,2,0.0,0.0,0.0,True,,0.00054
73.0,-,4,5210.5865591,1,3,0.0,0.0,0.0,1.0,5210.586113034217,0.00044606578285311116,4,1,3,0.0,0.0,0.0,True,,0.00054
73.0,-,5,5948.9455307,1,4,0.0,0.0,0.0,1.0,5948.948130271383,-0.002599571383143484,5,1,4,0.0,0.0,0.0,True,,0.00054
73.0,-,6,6678.3200141,1,5,0.0,0.0,0.0,1.0,6678.32435170658,-0.004337606580520514,6,1,5,0.0,0.0,0.0,True,,0.00054
73.0,-,7,7398.8255574,1,6,0.0,0.0,0.0,1.0,7398.828213397246,-0.0026559972457107506,7,1,6,0.0,0.0,0.0,True,,0.00054
73.0,-,8,8110.5765248,1,7,0.0,0.0,0.0,1.0,8110.574561091015,0.0019637089844763977,8,1,7,0.0,0.0,0.0,True,,0.00054
74.0,+,1,3020.1447685,1,0,0.0,0.0,0.0,1.0,3020.147345397846,-0.002576897846211068,1,1,0,0.0,0.0,0.0,True,,0.00054
74.0,+,2,3785.4212095,1,1,0.0,0.0,0.0,1.0,3785.419600826329,0.001608673670943972,2,1,1,0.0,0.0,0.0,True,,0.00054
74.0,+,3,4541.3721353,1,2,0.0,0.0,0.0,1.0,4541.368843667728,0.003291632272521383,3,1,2,0.0,0.0,0.0,True,,0.00054
74.0,+,4,5288.1114902,1,3,0.0,0.0,0.0,1.0,5288.111147291218,0.0003429087819313281,4,1,3,0.0,0.0,0.0,True,,0.00054
74.0,+,5,6025.7574721,1,4,0.0,0.0,0.0,1.0,6025.760139886103,-0.0026677861033022054,5,1,4,0.0,0.0,0.0,True,,0.00054
74.0,+,6,6754.4248991,1,5,0.0,0.0,0.0,1.0,6754.42873381363,-0.0038347136296579265,6,1,5,0.0,0.0,0.0,True,,0.00054
74.0,+,7,7474.2285023,1,6,0.0,0.0,0.0,1.0,7474.230402047424,-0.001899747423522058,7,1,6,0.0,0.0,0.0,True,,0.00054
74.0,+,8,8185.2812144,1,7,0.0,0.0,0.0,1.0,8185.280069574504,0.001144825496339763,8,1,7,0.0,0.0,0.0,True,,0.00054
75.0,-,9,3100.8702485,1,0,0.0,0.0,0.0,1.0,3100.874223449493,-0.003974949493112945,1,1,0,0.0,0.0,0.0,True,,0.00054
75.0,-,1,3865.4098922,1,1,0.0,0.0,0.0,1.0,3865.407146500124,0.0027456998759589624,2,1,1,0.0,0.0,0.0,True,,0.00054
75.0,-,2,4620.6255004,1,2,0.0,0.0,0.0,1.0,4620.622778765735,0.0027216342650717706,3,1,2,0.0,0.0,0.0,True,,0.00054
75.0,-,3,5366.6377967,1,3,0.0,0.0,0.0,1.0,5366.63704164929,0.0007550507098130765,4,1,3,0.0,0.0,0.0,True,,0.00054
75.0,-,4,6103.5608643,1,4,0.0,0.0,0.0,1.0,6103.563484748189,-0.002620448189190938,5,1,4,0.0,0.0,0.0,True,,0.00054
75.0,-,5,6831.5113714,1,5,0.0,0.0,0.0,1.0,6831.515005507283,-0.0036341072827781318,6,1,5,0.0,0.0,0.0,True,,0.00054
75.0,-,6,7550.6028453,1,6,0.0,0.0,0.0,1.0,7550.605115299531,-0.0022699995306538767,7,1,6,0.0,0.0,0.0,True,,0.00054
75.0,-,7,8260.9476993,1,7,0.0,0.0,0.0,1.0,8260.948820415333,-0.0011211153323529288,8,1,7,0.0,0.0,0.0,True,,0.00054
76.0,+,1,3182.6256455,1,0,0.0,0.0,0.0,1.0,3182.629107033361,-0.0034615333611327515,1,1,0,0.0,0.0,0.0,True,,0.00054
76.0,+,2,3946.4144566,1,1,0.0,0.0,0.0,1.0,3946.412938589078,0.0015180109221546445,2,1,1,0.0,0.0,0.0,True,,0.00054
76.0,+,3,4700.8887381,1,2,0.0,0.0,0.0,1.0,4700.885282186198,0.0034559138020995306,3,1,2,0.0,0.0,0.0,True,,0.00054
76.0,+,4,5446.1622788,1,3,0.0,0.0,0.0,1.0,5446.161905403558,0.0003733964422281133,4,1,3,0.0,0.0,0.0,True,,0.00054
76.0,+,5,6182.3536927,1,4,0.0,0.0,0.0,1.0,6182.356278836242,-0.002586136242825887,5,1,4,0.0,0.0,0.0,True,,0.00054
76.0,+,6,6909.5778426,1,5,0.0,0.0,0.0,1.0,6909.581285720385,-0.0034431203848726,6,1,5,0.0,0.0,0.0,True,,0.00054
76.0,+,7,7627.9467273,1,6,0.0,0.0,0.0,1.0,7627.950477364947,-0.0037500649468711345,7,1,6,0.0,0.0,0.0,True,,0.00054
76.0,+,8,8337.5800487,1,7,0.0,0.0,0.0,1.0,8337.578943475919,0.001105224080674816,8,1,7,0.0,0.0,0.0,True,,0.00054
77.0,-,1,3265.4059396,1,0,0.0,0.0,0.0,1.0,3265.410066584409,-0.004126984409140277,1,1,0,0.0,0.0,0.0,True,,0.00054
77.0,-,2,4028.4377894,1,1,0.0,0.0,0.0,1.0,4028.435051774007,0.0027376259927223145,2,1,1,0.0,0.0,0.0,True,,0.00054
77.0,-,3,4782.1574067,1,2,0.0,0.0,0.0,1.0,4782.15443298369,0.002973716310407326,3,1,2,0.0,0.0,0.0,True,,0.00054
77.0,-,4,5526.6843137,1,3,0.0,0.0,0.0,1.0,5526.68382215096,0.0004915490399071132,4,1,3,0.0,0.0,0.0,True,,0.00054
77.0,-,5,6262.1336543,1,4,0.0,0.0,0.0,1.0,6262.136610509709,-0.002956209708827373,5,1,4,0.0,0.0,0.0,True,,0.00054
77.0,-,6,6988.6209715,1,5,0.0,0.0,0.0,1.0,6988.625667851287,-0.0046963512868387625,6,1,5,0.0,0.0,0.0,True,,0.00054
77.0,-,7,7706.2604077,1,6,0.0,0.0,0.0,1.0,7706.264587011656,-0.004179311656116624,7,1,6,0.0,0.0,0.0,True,,0.00054
78.0,+,1,3349.2115765,1,0,0.0,0.0,0.0,1.0,3349.215146588135,-0.00357008813534776,1,1,0,0.0,0.0,0.0,True,,0.00054
78.0,+,2,4111.4737342,1,1,0.0,0.0,0.0,1.0,4111.471534864216,0.0021993357840983663,2,1,1,0.0,0.0,0.0,True,,0.00054
78.0,+,3,4864.4319361,1,2,0.0,0.0,0.0,1.0,4864.428284417112,0.0036516828877211083,3,1,2,0.0,0.0,0.0,True,,0.00054
78.0,+,4,5608.200967,1,3,0.0,0.0,0.0,1.0,5608.200849769379,0.00011723062107193982,4,1,3,0.0,0.0,0.0,True,,0.00054
78.0,+,5,6342.8992083,1,4,0.0,0.0,0.0,1.0,6342.902542489114,-0.003334189113957109,5,1,4,0.0,0.0,0.0,True,,0.00054
78.0,+,6,7068.6418111,1,5,0.0,0.0,0.0,1.0,7068.646219744608,-0.004408644607792667,6,1,5,0.0,0.0,0.0,True,,0.00054
78.0,+,7,7785.5440685,1,6,0.0,0.0,0.0,1.0,7785.54551754617,-0.0014490461699097068,7,1,6,0.0,0.0,0.0,True,,0.00054
78.0,+,8,8493.7151569,1,7,0.0,0.0,0.0,1.0,8493.715698968083,-0.0005420680827228352,8,1,7,0.0,0.0,0.0,True,,0.00054
79.0,-,1,3434.0375834,1,0,0.0,0.0,0.0,1.0,3434.042365557048,-0.004782157047884539,1,1,0,0.0,0.0,0.0,True,,0.00054
79.0,-,2,4195.5234968,1,1,0.0,0.0,0.0,1.0,4195.520410774756,0.0030860252445563674,2,1,1,0.0,0.0,0.0,True,,0.00054
79.0,-,3,4947.7080757,1,2,0.0,0.0,0.0,1.0,4947.704863927896,0.0032117721038957825,3,1,2,0.0,0.0,0.0,True,,0.00054
79.0,-,4,5690.7120385,1,3,0.0,0.0,0.0,1.0,5690.711020396661,0.0010181033385379124,4,1,3,0.0,0.0,0.0,True,,0.00054
79.0,-,5,6424.6485846,1,4,0.0,0.0,0.0,1.0,6424.652111835736,-0.0035272357363282936,5,1,4,0.0,0.0,0.0,True,,0.00054
79.0,-,6,7149.637121,1,5,0.0,0.0,0.0,1.0,7149.640983672094,-0.0038626720943284454,6,1,5,0.0,0.0,0.0,True,,0.00054
79.0,-,7,7865.786412,1,6,0.0,0.0,0.0,1.0,7865.791316795544,-0.004904795543552609,7,1,6,0.0,0.0,0.0,True,,0.00054
79.0,-,8,8573.2208335,1,7,0.0,0.0,0.0,1.0,8573.218464336074,0.002369163925322937,8,1,7,0.0,0.0,0.0,True,,0.00054
80.0,+,1,3519.8860832,1,0,0.0,0.0,0.0,1.0,3519.889716006674,-0.0036328066739770293,1,1,0,0.0,0.0,0.0,True,,0.00054
80.0,+,2,4280.582247,1,1,0.0,0.0,0.0,1.0,4280.579676503497,0.0025704965037220973,2,1,1,0.0,0.0,0.0,True,,0.00054
80.0,+,3,5031.9861659,1,2,0.0,0.0,0.0,1.0,5031.982173117624,0.0039927823754624114,3,1,2,0.0,0.0,0.0,True,,0.00054
80.0,+,4,5774.2124043,1,3,0.0,0.0,0.0,1.0,5774.21234040917,6.389083046087762e-05,4,1,3,0.0,0.0,0.0,True,,0.00054
80.0,+,5,6507.3798203,1,4,0.0,0.0,0.0,1.0,6507.38332993114,-0.0035096311403322034,5,1,4,0.0,0.0,0.0,True,,0.00054
80.0,+,6,7231.6029937,1,5,0.0,0.0,0.0,1.0,7231.607976312968,-0.004982612967978639,6,1,5,0.0,0.0,0.0,True,,0.00054
80.0,+,7,7946.9973877,1,6,0.0,0.0,0.0,1.0,7947.000007088775,-0.0026193887752015144,7,1,6,0.0,0.0,0.0,True,,0.00054
81.0,-,1,3606.7505802,1,0,0.0,0.0,0.0,1.0,3606.755164431285,-0.0045842312847526046,1,1,0,0.0,0.0,0.0,True,,0.00054
81.0,-,2,4366.650945,1,1,0.0,0.0,0.0,1.0,4366.647303107606,0.0036418923946257564,2,1,1,0.0,0.0,0.0,True,,0.00054
81.0,-,3,5117.2614645,1,2,0.0,0.0,0.0,1.0,5117.258187725566,0.0032767744341981597,3,1,2,0.0,0.0,0.0,True,,0.00054
81.0,-,4,5858.7031071,1,3,0.0,0.0,0.0,1.0,5858.702790399981,0.00031670001953898463,4,1,3,0.0,0.0,0.0,True,,0.00054
81.0,-,5,6591.0893262,1,4,0.0,0.0,0.0,1.0,6591.094182456225,-0.004856256225139077,5,1,4,0.0,0.0,0.0,True,,0.00054
81.0,-,6,7314.5399986,1,5,0.0,0.0,0.0,1.0,7314.545188734144,-0.005190134143958858,6,1,5,0.0,0.0,0.0,True,,0.00054
81.0,-,7,8029.1641316,1,6,0.0,0.0,0.0,1.0,8029.169585238001,-0.005453638001199579,7,1,6,0.0,0.0,0.0,True,,0.00054
82.0,+,1,3694.6329192,1,0,0.0,0.0,0.0,1.0,3694.636651278952,-0.003732078951998119,1,1,0,0.0,0.0,0.0,True,,0.00054
82.0,+,2,4453.7246098,1,1,0.0,0.0,0.0,1.0,4453.721235679748,0.003374120251464774,2,1,1,0.0,0.0,0.0,True,,0.00054
82.0,+,3,5203.5353908,1,2,0.0,0.0,0.0,1.0,5203.530857605539,0.004533194461146195,3,1,2,0.0,0.0,0.0,True,,0.00054
82.0,+,4,5944.1793467,1,3,0.0,0.0,0.0,1.0,5944.180325156772,-0.0009784567719179904,4,1,3,0.0,0.0,0.0,True,,0.00054
82.0,+,5,6675.7796208,1,4,0.0,0.0,0.0,1.0,6675.782629369844,-0.0030085698435868835,5,1,4,0.0,0.0,0.0,True,,0.00054
82.0,+,6,7398.4443318,1,5,0.0,0.0,0.0,1.0,7398.450586369747,-0.006254569746488414,6,1,5,0.0,0.0,0.0,True,,0.00054
82.0,+,7,8112.2952634,1,6,0.0,0.0,0.0,1.0,8112.298022519556,-0.002759119555776124,7,1,6,0.0,0.0,0.0,True,,0.00054
83.0,-,1,3783.5273735,1,0,0.0,0.0,0.0,1.0,3783.532090926649,-0.004717426648767287,1,1,0,0.0,0.0,0.0,True,,0.00054
83.0,-,2,4541.8027507,1,1,0.0,0.0,0.0,1.0,4541.799393324002,0.003357375997438794,2,1,1,0.0,0.0,0.0,True,,0.00054
83.0,-,3,5290.8015102,1,2,0.0,0.0,0.0,1.0,5290.798106702692,0.0034034973077723407,3,1,2,0.0,0.0,0.0,True,,0.00054
83.0,-,4,6030.6438053,1,3,0.0,0.0,0.0,1.0,6030.642873639221,0.0009316607793152798,4,1,3,0.0,0.0,0.0,True,,0.00054
83.0,-,5,6761.4416485,1,4,0.0,0.0,0.0,1.0,6761.446604887494,-0.0049563874936211505,5,1,4,0.0,0.0,0.0,True,,0.00054
83.0,-,6,7483.3173429,1,5,0.0,0.0,0.0,1.0,7483.32210900082,-0.004766100820233987,6,1,5,0.0,0.0,0.0,True,,0.00054
83.0,-,7,8196.381661,1,6,0.0,0.0,0.0,1.0,8196.383264654463,-0.0016036544639064232,7,1,6,0.0,0.0,0.0,True,,0.00054
84.0,+,1,3873.4349466,1,0,0.0,0.0,0.0,1.0,3873.439371654429,-0.004425054429248121,1,1,0,0.0,0.0,0.0,True,,0.00054
84.0,+,2,4630.8825354,1,1,0.0,0.0,0.0,1.0,4630.879669130903,0.0028662690974670113,2,1,1,0.0,0.0,0.0,True,,0.00054
84.0,+,3,5379.0619695,1,2,0.0,0.0,0.0,1.0,5379.057833029662,0.00413647033747111,3,1,2,0.0,0.0,0.0,True,,0.00054
84.0,+,4,6118.0879774,1,3,0.0,0.0,0.0,1.0,6118.088338956126,-0.0003615561254264321,4,1,3,0.0,0.0,0.0,True,,0.00054
84.0,+,5,6848.0801182,1,4,0.0,0.0,0.0,1.0,6848.084017459043,-0.0038992590434645535,5,1,4,0.0,0.0,0.0,True,,0.00054
84.0,+,6,7569.1532599,1,5,0.0,0.0,0.0,1.0,7569.157670734272,-0.004410834271766362,6,1,5,0.0,0.0,0.0,True,,0.00054
84.0,+,7,8281.4237161,1,6,0.0,0.0,0.0,1.0,8281.423231788986,0.0004843110145884566,7,1,6,0.0,0.0,0.0,True,,0.00054
85.0,-,1,3964.3510646,1,0,0.0,0.0,0.0,1.0,3964.356355619391,-0.005291019390824658,1,1,0,0.0,0.0,0.0,True,,0.00054
85.0,-,2,4720.9637514,1,1,0.0,0.0,0.0,1.0,4720.959930152711,0.0038212472882150905,2,1,1,0.0,0.0,0.0,True,,0.00054
85.0,-,3,5468.3109565,1,2,0.0,0.0,0.0,1.0,5468.307908642267,0.003047857733690762,3,1,2,0.0,0.0,0.0,True,,0.00054
85.0,-,4,6206.5147112,1,3,0.0,0.0,0.0,1.0,6206.514598342269,0.00011285773143754341,4,1,3,0.0,0.0,0.0,True,,0.00054
85.0,-,5,6935.6890902,1,4,0.0,0.0,0.0,1.0,6935.692749746694,-0.0036595466945072985,5,1,4,0.0,0.0,0.0,True,,0.00054
85.0,-,6,7655.9545944,1,5,0.0,0.0,0.0,1.0,7655.955159981929,-0.000565581928640313,6,1,5,0.0,0.0,0.0,True,,0.00054
86.0,+,1,4056.2763702,1,0,0.0,0.0,0.0,1.0,4056.280878829351,-0.004508629350766569,1,1,0,0.0,0.0,0.0,True,,0.00054
86.0,+,2,4812.0403398,1,1,0.0,0.0,0.0,1.0,4812.038017377741,0.0023224222586577525,2,1,1,0.0,0.0,0.0,True,,0.00054
86.0,+,3,5558.5501387,1,2,0.0,0.0,0.0,1.0,5558.546179615216,0.003959084784582956,3,1,2,0.0,0.0,0.0,True,,0.00054
86.0,+,4,6295.9183306,1,3,0.0,0.0,0.0,1.0,6295.919503134466,-0.0011725344656952075,4,1,3,0.0,0.0,0.0,True,,0.00054
86.0,+,5,7024.2677695,1,4,0.0,0.0,0.0,1.0,7024.270658602243,-0.0028891022429888835,5,1,4,0.0,0.0,0.0,True,,0.00054
86.0,+,6,7743.7054861,1,5,0.0,0.0,0.0,1.0,7743.712439438757,-0.006953338757739402,6,1,5,0.0,0.0,0.0,True,,0.00054
87.0,-,1,4149.2043115,1,0,0.0,0.0,0.0,1.0,4149.210751115848,-0.0064396158486488275,1,1,0,0.0,0.0,0.0,True,,0.00054
87.0,-,2,4904.1157576,1,1,0.0,0.0,0.0,1.0,4904.111745704473,0.00401189552667347,2,1,1,0.0,0.0,0.0,True,,0.00054
87.0,-,3,5649.7730126,1,2,0.0,0.0,0.0,1.0,5649.770466016796,0.002546583204093622,3,1,2,0.0,0.0,0.0,True,,0.00054
87.0,-,4,6386.3022755,1,3,0.0,0.0,0.0,1.0,6386.300878747769,0.0013967522309030755,4,1,3,0.0,0.0,0.0,True,,0.00054
87.0,-,5,7113.8099907,1,4,0.0,0.0,0.0,1.0,7113.815575043936,-0.005584343936789082,5,1,4,0.0,0.0,0.0,True,,0.00054
87.0,-,6,7832.4213687,1,5,0.0,0.0,0.0,1.0,7832.427346061207,-0.005977361206532805,6,1,5,0.0,0.0,0.0,True,,0.00054
88.0,+,1,4243.1392135,1,0,0.0,0.0,0.0,1.0,4243.143756106758,-0.004542606758150214,1,1,0,0.0,0.0,0.0,True,,0.00054
88.0,+,2,4997.1816798,1,1,0.0,0.0,0.0,1.0,4997.178903915339,0.0027758846608776366,2,1,1,0.0,0.0,0.0,True,,0.00054
88.0,+,3,5741.9828022,1,2,0.0,0.0,0.0,1.0,5741.978561883665,0.004240316335199168,3,1,2,0.0,0.0,0.0,True,,0.00054
88.0,+,4,6477.6551288,1,3,0.0,0.0,0.0,1.0,6477.656524650886,-0.0013958508861833252,4,1,3,0.0,0.0,0.0,True,,0.00054
88.0,+,5,7204.3220025,1,4,0.0,0.0,0.0,1.0,7204.32530423332,-0.003301733319858613,5,1,4,0.0,0.0,0.0,True,,0.00054
89.0,-,1,4338.0729301,1,0,0.0,0.0,0.0,1.0,4338.077651198718,-0.004721098717709538,1,1,0,0.0,0.0,0.0,True,,0.00054
89.0,-,2,5091.2418314,1,1,0.0,0.0,0.0,1.0,5091.237254649785,0.0045767502142552985,2,1,1,0.0,0.0,0.0,True,,0.00054
89.0,-,3,5835.1715858,1,2,0.0,0.0,0.0,1.0,5835.168235194991,0.0033506050085634342,3,1,2,0.0,0.0,0.0,True,,0.00054
89.0,-,4,6569.9853993,1,3,0.0,0.0,0.0,1.0,6569.984214341396,0.0011849586035168613,4,1,3,0.0,0.0,0.0,True,,0.00054
89.0,-,5,7295.7927887,1,4,0.0,0.0,0.0,1.0,7295.797625451251,-0.004836751251787064,5,1,4,0.0,0.0,0.0,True,,0.00054
89.0,-,6,8012.7176219,1,5,0.0,0.0,0.0,1.0,8012.721259802479,-0.0036379024786583614,6,1,5,0.0,0.0,0.0,True,,0.00054
90.0,+,1,4434.0051917,1,0,0.0,0.0,0.0,1.0,4434.010167528659,-0.004975828658643877,1,1,0,0.0,0.0,0.0,True,,0.00054
90.0,+,2,5186.2884021,1,1,0.0,0.0,0.0,1.0,5186.284534377276,0.003867722723953193,2,1,1,0.0,0.0,0.0,True,,0.00054
90.0,+,3,5929.3424836,1,2,0.0,0.0,0.0,1.0,5929.337227846303,0.005255753697383625,3,1,2,0.0,0.0,0.0,True,,0.00054
90.0,+,4,6663.2809611,1,3,0.0,0.0,0.0,1.0,6663.281695320559,-0.0007342205590248341,4,1,3,0.0,0.0,0.0,True,,0.00054
90.0,+,5,7388.2271031,1,4,0.0,0.0,0.0,1.0,7388.230292074105,-0.0031889741048871656,5,1,4,0.0,0.0,0.0,True,,0.00054
91.0,-,1,4530.9333757,1,0,0.0,0.0,0.0,1.0,4530.939009945248,-0.0056342452471653814,1,1,0,0.0,0.0,0.0,True,,0.00054
91.0,-,2,5282.3234639,1,1,0.0,0.0,0.0,1.0,5282.318453369451,0.005010530549043324,2,1,1,0.0,0.0,0.0,True,,0.00054
91.0,-,3,6024.4874355,1,2,0.0,0.0,0.0,1.0,6024.483255622594,0.0041798774063863675,3,1,2,0.0,0.0,0.0,True,,0.00054
91.0,-,4,6757.5466729,1,3,0.0,0.0,0.0,1.0,6757.546689067613,-1.616761346667772e-05,4,1,3,0.0,0.0,0.0,True,,0.00054
91.0,-,5,7481.6150036,1,4,0.0,0.0,0.0,1.0,7481.62103154897,-0.0060279489698586985,5,1,4,0.0,0.0,0.0,True,,0.00054
92.0,+,1,4628.8577585,1,0,0.0,0.0,0.0,1.0,4628.861856979829,-0.004098479828826385,1,1,0,0.0,0.0,0.0,True,,0.00054
92.0,+,2,5379.3406884,1,1,0.0,0.0,0.0,1.0,5379.336695672278,0.003992727721197298,2,1,1,0.0,0.0,0.0,True,,0.00054
92.0,+,3,6120.6093303,1,2,0.0,0.0,0.0,1.0,6120.604008171518,0.005322128481566324,3,1,2,0.0,0.0,0.0,True,,0.00054
92.0,+,4,6852.7764338,1,3,0.0,0.0,0.0,1.0,6852.776891013771,-0.00045721377136942465,4,1,3,0.0,0.0,0.0,True,,0.00054
92.0,+,5,7575.962765,1,4,0.0,0.0,0.0,1.0,7575.967545369015,-0.004780369014952157,5,1,4,0.0,0.0,0.0,True,,0.00054
93.0,-,1,4727.7747363,1,0,0.0,0.0,0.0,1.0,4727.776360816656,-0.0016245166561930091,1,1,0,0.0,0.0,0.0,True,,0.00054
93.0,-,2,5477.3424485,1,1,0.0,0.0,0.0,1.0,5477.336919077199,0.00552942280046409,2,1,1,0.0,0.0,0.0,True,,0.00054
93.0,-,3,6217.7016968,1,2,0.0,0.0,0.0,1.0,6217.697148975675,0.004547824324617977,3,1,2,0.0,0.0,0.0,True,,0.00054
93.0,-,4,6948.9708866,1,3,0.0,0.0,0.0,1.0,6948.969970515763,0.0009160842373603373,4,1,3,0.0,0.0,0.0,True,,0.00054
93.0,-,5,7671.2618172,1,4,0.0,0.0,0.0,1.0,7671.267509048175,-0.005691848175047198,5,1,4,0.0,0.0,0.0,True,,0.00054
94.0,+,1,4827.6774475,1,0,0.0,0.0,0.0,1.0,4827.680147262903,-0.0026997629029210657,1,1,0,0.0,0.0,0.0,True,,0.00054
94.0,+,2,5576.3255363,1,1,0.0,0.0,0.0,1.0,5576.316755092442,0.008781207558058668,2,1,1,0.0,0.0,0.0,True,,0.00054
94.0,+,3,6315.7663434,1,2,0.0,0.0,0.0,1.0,6315.760315324673,0.0060280753268671106,3,1,2,0.0,0.0,0.0,True,,0.00054
94.0,+,4,7046.1248873,1,3,0.0,0.0,0.0,1.0,7046.123570829037,0.00131647096350207,4,1,3,0.0,0.0,0.0,True,,0.00054
95.0,-,1,4928.5684155,1,0,0.0,0.0,0.0,1.0,4928.57081571824,-0.0024002182399271987,1,1,0,0.0,0.0,0.0,True,,0.00054
95.0,-,2,5676.27929,1,1,0.0,0.0,0.0,1.0,5676.273808913459,0.005481086541294644,2,1,1,0.0,0.0,0.0,True,,0.00054
95.0,-,3,6414.7999843,1,2,0.0,0.0,0.0,1.0,6414.791118286857,0.008866013142323936,3,1,2,0.0,0.0,0.0,True,,0.00054
95.0,-,4,7144.2358517,1,3,0.0,0.0,0.0,1.0,7144.235309080372,0.0005426196285043261,4,1,3,0.0,0.0,0.0,True,,0.00054
96.0,+,1,5777.2147378,1,1,0.0,0.0,0.0,1.0,5777.205659392958,0.009078407041670289,2,1,1,0.0,0.0,0.0,True,,0.00054
96.0,+,2,6514.7930789,1,2,0.0,0.0,0.0,1.0,6514.787142680301,0.005936219698924106,3,1,2,0.0,0.0,0.0,True,,0.00054
96.0,+,3,7243.3071073,1,3,0.0,0.0,0.0,1.0,7243.302776240366,0.004331059633841505,4,1,3,0.0,0.0,0.0,True,,0.00054
97.0,-,1,5133.3006975,1,0,0.0,0.0,0.0,1.0,5133.303064030283,-0.002366530283325119,1,1,0,0.0,0.0,0.0,True,,0.00054
97.0,-,2,6615.7549644,1,2,0.0,0.0,0.0,1.0,6615.74594704362,0.009017356380354613,3,1,2,0.0,0.0,0.0,True,,0.00054
97.0,-,3,7343.3245056,1,3,0.0,0.0,0.0,1.0,7343.323537095152,0.0009685048480605474,4,1,3,0.0,0.0,0.0,True,,0.00054
98.0,+,1,7444.2988213,1,3,0.0,0.0,0.0,1.0,7444.29513021798,0.00369108201994095,4,1,3,0.0,0.0,0.0,True,,0.00054
1.0,+,1,43950.2994,2,0,-1.0,0.0,-1.0,1.0,43950.23416860942,0.06523139058117522,1,2,0,1.0,0.0,1.0,True,,0.00054
1.0,-,31,43950.3094,2,0,-1.0,0.0,-1.0,1.0,43950.234336816735,0.07506318326340988,88,2,0,-1.0,0.0,-1.0,True,,0.00054
1.0,+,2,44742.1894,2,1,-1.0,0.0,-1.0,1.0,44742.27370355526,-0.08430355526070343,2,2,1,1.0,0.0,1.0,True,,0.00054
1.0,-,32,44742.1394,2,1,-1.0,0.0,-1.0,1.0,44742.273869349825,-0.13446934982493985,92,2,1,-1.0,0.0,-1.0,True,,0.00054
1.0,+,3,45521.3694,2,2,-1.0,0.0,-1.0,1.0,45521.47457435556,-0.10517435555811971,3,2,2,1.0,0.0,1.0,True,,0.00054
1.0,-,33,45521.4694,2,2,-1.0,0.0,-1.0,1.0,45521.474737768236,-0.005337768234312534,96,2,2,-1.0,0.0,-1.0,True,,0.00054
1.0,+,5,47041.8194,2,4,-1.0,0.0,-1.0,1.0,47041.7446023464,0.07479765360039892,5,2,4,1.0,0.0,1.0,True,,0.00054
1.0,-,35,47041.8094,2,4,-1.0,0.0,-1.0,1.0,47041.7447608727,0.06463912729668664,104,2,4,-1.0,0.0,-1.0,True,,0.00054
2.0,-,1,43952.5494,2,0,-1.0,0.0,-1.0,1.0,43952.4491701578,0.10022984220267972,1,2,0,-1.0,0.0,-1.0,True,,0.00054
2.0,+,31,43952.5394,2,0,-1.0,0.0,-1.0,1.0,43952.449674757554,0.08972524244745728,88,2,0,1.0,0.0,1.0,True,,0.00054
2.0,-,2,44744.3494,2,1,-1.0,0.0,-1.0,1.0,44744.466648087364,-0.11724808736471459,2,2,1,-1.0,0.0,-1.0,True,,0.00054
2.0,+,32,44744.3594,2,1,-1.0,0.0,-1.0,1.0,44744.46714544917,-0.10774544916785089,92,2,1,1.0,0.0,1.0,True,,0.00054
2.0,-,3,45523.6394,2,2,-1.0,0.0,-1.0,1.0,45523.64551677496,-0.0061167749590822496,3,2,2,-1.0,0.0,-1.0,True,,0.00054
2.0,+,33,45523.6594,2,2,-1.0,0.0,-1.0,1.0,45523.64600699054,0.013393009459832683,96,2,2,1.0,0.0,1.0,True,,0.00054
2.0,-,4,46290.2794,2,3,-1.0,0.0,-1.0,1.0,46290.16331960459,0.11608039541170001,4,2,3,-1.0,0.0,-1.0,True,,0.00054
2.0,+,34,46290.2894,2,3,-1.0,0.0,-1.0,1.0,46290.163802600735,0.1255973992665531,100,2,3,1.0,0.0,1.0,True,,0.00054
2.0,-,5,47043.9394,2,4,-1.0,0.0,-1.0,1.0,47043.87069854817,0.06870145183347631,5,2,4,-1.0,0.0,-1.0,True,,0.00054
2.0,+,35,47043.9594,2,4,-1.0,0.0,-1.0,1.0,47043.871174105014,0.08822589498595335,104,2,4,1.0,0.0,1.0,True,,0.00054
2.0,-,6,47784.2594,2,5,-1.0,0.0,-1.0,1.0,47784.34751056107,-0.08811056106787873,6,2,5,-1.0,0.0,-1.0,True,,0.00054
2.0,-,7,48511.2194,2,6,-1.0,0.0,-1.0,1.0,48510.945012472584,0.2743875274172751,7,2,6,-1.0,0.0,-1.0,True,,0.00054
3.0,+,1,43955.8394,2,0,-1.0,0.0,-1.0,1.0,43955.77160835198,0.0677916480199201,1,2,0,1.0,0.0,1.0,True,,0.00054
3.0,-,31,43955.8494,2,0,-1.0,0.0,-1.0,1.0,43955.77261748455,0.07678251544712111,88,2,0,-1.0,0.0,-1.0,True,,0.00054
3.0,+,2,44747.6394,2,1,-1.0,0.0,-1.0,1.0,44747.75600016908,-0.11660016907990212,2,2,1,1.0,0.0,1.0,True,,0.00054
3.0,-,32,44747.6594,2,1,-1.0,0.0,-1.0,1.0,44747.75699482556,-0.09759482556546573,92,2,1,-1.0,0.0,-1.0,True,,0.00054
3.0,+,3,45526.9294,2,2,-1.0,0.0,-1.0,1.0,45526.9018651554,0.02753484460117761,3,2,2,1.0,0.0,1.0,True,,0.00054
3.0,-,33,45526.9094,2,2,-1.0,0.0,-1.0,1.0,45526.90284552011,0.006554479885380715,96,2,2,-1.0,0.0,-1.0,True,,0.00054
3.0,+,4,46293.4994,2,3,-1.0,0.0,-1.0,1.0,46293.386365368926,0.11303463107469724,4,2,3,1.0,0.0,1.0,True,,0.00054
3.0,-,34,46293.5194,2,3,-1.0,0.0,-1.0,1.0,46293.38733129472,0.13206870527938008,100,2,3,-1.0,0.0,-1.0,True,,0.00054
3.0,+,5,47047.1494,2,4,-1.0,0.0,-1.0,1.0,47047.05977623475,0.08962376524868887,5,2,4,1.0,0.0,1.0,True,,0.00054
3.0,-,35,47047.1694,2,4,-1.0,0.0,-1.0,1.0,47047.06072728188,0.10867271811730461,104,2,4,-1.0,0.0,-1.0,True,,0.00054
3.0,+,6,47787.4394,2,5,-1.0,0.0,-1.0,1.0,47787.50160864627,-0.06220864626811817,6,2,5,1.0,0.0,1.0,True,,0.00054
3.0,-,36,47787.4194,2,5,-1.0,0.0,-1.0,1.0,47787.50254412061,-0.08314412061008625,106,2,5,-1.0,0.0,-1.0,True,,0.00054
3.0,-,37,48513.9294,2,6,-1.0,0.0,-1.0,1.0,48514.06370903963,-0.13430903962580487,107,2,6,-1.0,0.0,-1.0,True,,0.00054
4.0,-,1,43960.2794,2,0,-1.0,0.0,-1.0,1.0,43960.20140623568,0.07799376431648852,1,2,0,-1.0,0.0,-1.0,True,,0.00054
4.0,+,31,43960.2794,2,0,-1.0,0.0,-1.0,1.0,43960.20308797468,0.07631202531774761,88,2,0,1.0,0.0,1.0,True,,0.00054
4.0,-,2,44752.0094,2,1,-1.0,0.0,-1.0,1.0,44752.14168213876,-0.1322821387584554,2,2,1,-1.0,0.0,-1.0,True,,0.00054
4.0,+,32,44751.9994,2,1,-1.0,0.0,-1.0,1.0,44752.14333975112,-0.1439397511203424,92,2,1,1.0,0.0,1.0,True,,0.00054
4.0,-,3,45531.2594,2,2,-1.0,0.0,-1.0,1.0,45531.24354119724,0.015858802762522828,3,2,2,-1.0,0.0,-1.0,True,,0.00054
4.0,+,33,45531.2594,2,2,-1.0,0.0,-1.0,1.0,45531.245174990116,0.014225009887013584,96,2,2,1.0,0.0,1.0,True,,0.00054
4.0,-,4,46297.8194,2,3,-1.0,0.0,-1.0,1.0,46297.68363680059,0.1357631994105759,4,2,3,-1.0,0.0,-1.0,True,,0.00054
4.0,+,34,46297.7994,2,3,-1.0,0.0,-1.0,1.0,46297.685246529225,0.11415347077854676,100,2,3,1.0,0.0,1.0,True,,0.00054
4.0,-,5,47051.4094,2,4,-1.0,0.0,-1.0,1.0,47051.311755463146,0.09764453685056651,5,2,4,-1.0,0.0,-1.0,True,,0.00054
4.0,+,35,47051.3794,2,4,-1.0,0.0,-1.0,1.0,47051.3133403941,0.06605960589513415,104,2,4,1.0,0.0,1.0,True,,0.00054
4.0,-,6,47791.6394,2,5,-1.0,0.0,-1.0,1.0,47791.706946508966,-0.06754650896618841,6,2,5,-1.0,0.0,-1.0,True,,0.00054
4.0,+,36,47791.6294,2,5,-1.0,0.0,-1.0,1.0,47791.70850548497,-0.0791054849687498,106,2,5,1.0,0.0,1.0,True,,0.00054
4.0,-,7,48518.4694,2,6,-1.0,0.0,-1.0,1.0,48518.21969807222,0.24970192777982447,7,2,6,-1.0,0.0,-1.0,True,,0.00054
4.0,+,37,48518.1494,2,6,-1.0,0.0,-1.0,1.0,48518.22122956725,-0.07182956724864198,107,2,6,1.0,0.0,1.0,True,,0.00054
5.0,+,1,43965.8094,2,0,-1.0,0.0,-1.0,1.0,43965.73846119845,0.07093880154570797,1,2,0,1.0,0.0,1.0,True,,0.00054
5.0,-,31,43965.8094,2,0,-1.0,0.0,-1.0,1.0,43965.74098352833,0.06841647166584153,88,2,0,-1.0,0.0,-1.0,True,,0.00054
5.0,+,2,44757.4794,2,1,-1.0,0.0,-1.0,1.0,44757.62359044531,-0.14419044531678082,2,2,1,1.0,0.0,1.0,True,,0.00054
5.0,-,32,44757.4894,2,1,-1.0,0.0,-1.0,1.0,44757.62607658561,-0.13667658561462304,92,2,1,-1.0,0.0,-1.0,True,,0.00054
5.0,+,3,45536.6994,2,2,-1.0,0.0,-1.0,1.0,45536.6704404968,0.028959503200894687,3,2,2,1.0,0.0,1.0,True,,0.00054
5.0,-,33,45536.6994,2,2,-1.0,0.0,-1.0,1.0,45536.67289090854,0.026509091454499867,96,2,2,-1.0,0.0,-1.0,True,,0.00054
5.0,+,4,46303.1694,2,3,-1.0,0.0,-1.0,1.0,46303.055028533345,0.11437146665412001,4,2,3,1.0,0.0,1.0,True,,0.00054
5.0,-,34,46303.1694,2,3,-1.0,0.0,-1.0,1.0,46303.05744284902,0.1119571509771049,100,2,3,-1.0,0.0,-1.0,True,,0.00054
5.0,+,5,47056.6894,2,4,-1.0,0.0,-1.0,1.0,47056.626529637055,0.06287036294816062,5,2,4,1.0,0.0,1.0,True,,0.00054
5.0,-,35,47056.7294,2,4,-1.0,0.0,-1.0,1.0,47056.628906756414,0.10049324358260492,104,2,4,-1.0,0.0,-1.0,True,,0.00054
5.0,+,6,47796.8694,2,5,-1.0,0.0,-1.0,1.0,47796.96341592418,-0.09401592417998472,6,2,5,1.0,0.0,1.0,True,,0.00054
5.0,-,36,47796.8594,2,5,-1.0,0.0,-1.0,1.0,47796.96575411067,-0.10635411067050882,106,2,5,-1.0,0.0,-1.0,True,,0.00054
5.0,+,7,48523.6794,2,6,-1.0,0.0,-1.0,1.0,48523.41562615321,0.2637738467892632,7,2,6,1.0,0.0,1.0,True,,0.00054
5.0,-,37,48523.3994,2,6,-1.0,0.0,-1.0,1.0,48523.41792311717,-0.01852311717084376,107,2,6,-1.0,0.0,-1.0,True,,0.00054
6.0,-,1,43972.4594,2,0,-1.0,0.0,-1.0,1.0,43972.38264497274,0.07675502725760452,1,2,0,-1.0,0.0,-1.0,True,,0.00054
6.0,+,31,43972.4694,2,0,-1.0,0.0,-1.0,1.0,43972.38617576627,0.08322423373465426,88,2,0,1.0,0.0,1.0,True,,0.00054
6.0,-,2,44764.0794,2,1,-1.0,0.0,-1.0,1.0,44764.20159564527,-0.12219564526458271,2,2,1,-1.0,0.0,-1.0,True,,0.00054
6.0,+,32,44764.0794,2,1,-1.0,0.0,-1.0,1.0,44764.205075774094,-0.12567577409208752,92,2,1,1.0,0.0,1.0,True,,0.00054
6.0,-,3,45543.2094,2,2,-1.0,0.0,-1.0,1.0,45543.182432545145,0.026967454854457173,3,2,2,-1.0,0.0,-1.0,True,,0.00054
6.0,+,33,45543.2194,2,2,-1.0,0.0,-1.0,1.0,45543.18586265506,0.03353734494157834,96,2,2,1.0,0.0,1.0,True,,0.00054
6.0,-,4,46309.6294,2,3,-1.0,0.0,-1.0,1.0,46309.50040885236,0.1289911476415,4,2,3,-1.0,0.0,-1.0,True,,0.00054
6.0,+,34,46309.5894,2,3,-1.0,0.0,-1.0,1.0,46309.503788428854,0.08561157114309026,100,2,3,1.0,0.0,1.0,True,,0.00054
6.0,-,5,47063.1094,2,4,-1.0,0.0,-1.0,1.0,47063.00396550159,0.10543449840770336,5,2,4,-1.0,0.0,-1.0,True,,0.00054
6.0,+,35,47063.0694,2,4,-1.0,0.0,-1.0,1.0,47063.0072930034,0.06210699660005048,104,2,4,1.0,0.0,1.0,True,,0.00054
6.0,-,6,47803.1494,2,5,-1.0,0.0,-1.0,1.0,47803.270881597884,-0.1214815978819388,6,2,5,-1.0,0.0,-1.0,True,,0.00054
6.0,+,36,47803.1594,2,5,-1.0,0.0,-1.0,1.0,47803.27415459284,-0.11475459283974487,106,2,5,1.0,0.0,1.0,True,,0.00054
6.0,-,7,48529.9694,2,6,-1.0,0.0,-1.0,1.0,48529.6504363105,0.31896368950401666,7,2,6,-1.0,0.0,-1.0,True,,0.00054
6.0,+,37,48529.6294,2,6,-1.0,0.0,-1.0,1.0,48529.65365159202,-0.02425159202539362,107,2,6,1.0,0.0,1.0,True,,0.00054
7.0,+,1,43980.2194,2,0,-1.0,0.0,-1.0,1.0,43980.13380363117,0.08559636883001076,1,2,0,1.0,0.0,1.0,True,,0.00054
7.0,-,31,43980.2194,2,0,-1.0,0.0,-1.0,1.0,43980.1385106275,0.08088937250431627,88,2,0,-1.0,0.0,-1.0,True,,0.00054
7.0,+,2,44771.7694,2,1,-1.0,0.0,-1.0,1.0,44771.87554240053,-0.10614240053109825,2,2,1,1.0,0.0,1.0,True,,0.00054
7.0,-,32,44771.7694,2,1,-1.0,0.0,-1.0,1.0,44771.88018184502,-0.11078184502548538,92,2,1,-1.0,0.0,-1.0,True,,0.00054
7.0,+,3,45550.7794,2,2,-1.0,0.0,-1.0,1.0,45550.77936072359,3.927641228074208e-05,3,2,2,1.0,0.0,1.0,True,,0.00054
7.0,-,33,45550.8394,2,2,-1.0,0.0,-1.0,1.0,45550.78393347777,0.05546652222983539,96,2,2,-1.0,0.0,-1.0,True,,0.00054
7.0,+,4,46317.1194,2,3,-1.0,0.0,-1.0,1.0,46317.01961969008,0.09978030992351705,4,2,3,1.0,0.0,1.0,True,,0.00054
7.0,-,34,46317.1494,2,3,-1.0,0.0,-1.0,1.0,46317.024125067735,0.12527493226662045,100,2,3,-1.0,0.0,-1.0,True,,0.00054
7.0,+,5,47070.5294,2,4,-1.0,0.0,-1.0,1.0,47070.44390313717,0.08549686282640323,5,2,4,1.0,0.0,1.0,True,,0.00054
7.0,-,35,47010.5494,2,4,-1.0,0.0,-1.0,0.0,47070.44833908241,-59.89893908240629,104,2,4,-1.0,0.0,-1.0,True,,0.0
7.0,+,6,47810.5394,2,5,-1.0,0.0,-1.0,1.0,47810.629181158816,-0.08978115881473059,6,2,5,1.0,0.0,1.0,True,,0.00054
7.0,-,36,47810.5694,2,5,-1.0,0.0,-1.0,1.0,47810.63354442702,-0.06414442702225642,106,2,5,-1.0,0.0,-1.0,True,,0.00054
7.0,+,7,48537.2194,2,6,-1.0,0.0,-1.0,1.0,48536.92396293653,0.295437063468853,7,2,6,1.0,0.0,1.0,True,,0.00054
8.0,-,1,43989.0594,2,0,-1.0,0.0,-1.0,1.0,43988.99175758293,0.06764241706696339,1,2,0,-1.0,0.0,-1.0,True,,0.00054
8.0,+,31,43984.0694,2,0,-1.0,0.0,-1.0,1.0,43988.997808364955,-4.928408364954521,88,2,0,1.0,0.0,1.0,True,,0.00054
8.0,-,2,44780.5194,2,1,-1.0,0.0,-1.0,1.0,44780.64524947454,-0.1258494745416101,2,2,1,-1.0,0.0,-1.0,True,,0.00054
8.0,+,32,44780.5194,2,1,-1.0,0.0,-1.0,1.0,44780.65121340608,-0.1318134060857119,92,2,1,1.0,0.0,1.0,True,,0.00054
8.0,-,3,45559.5094,2,2,-1.0,0.0,-1.0,1.0,45559.46104229978,0.04835770022327779,3,2,2,-1.0,0.0,-1.0,True,,0.00054
8.0,+,33,45559.4794,2,2,-1.0,0.0,-1.0,1.0,45559.4669204891,0.012479510893172119,96,2,2,1.0,0.0,1.0,True,,0.00054
8.0,-,4,46325.7394,2,3,-1.0,0.0,-1.0,1.0,46325.61247662013,0.12692337986663915,4,2,3,-1.0,0.0,-1.0,True,,0.00054
8.0,+,34,46325.6894,2,3,-1.0,0.0,-1.0,1.0,46325.61826818443,0.07113181557360804,100,2,3,1.0,0.0,1.0,True,,0.00054
8.0,-,5,47079.0594,2,4,-1.0,0.0,-1.0,1.0,47078.946155951846,0.11324404815240996,5,2,4,-1.0,0.0,-1.0,True,,0.00054
8.0,+,35,47079.0094,2,4,-1.0,0.0,-1.0,1.0,47078.95185824663,0.05754175336915068,104,2,4,1.0,0.0,1.0,True,,0.00054
8.0,-,6,47818.9394,2,5,-1.0,0.0,-1.0,1.0,47819.03812514807,-0.09872514806920663,6,2,5,-1.0,0.0,-1.0,True,,0.00054
8.0,+,36,47818.9094,2,5,-1.0,0.0,-1.0,1.0,47819.04373399919,-0.13433399919449585,106,2,5,1.0,0.0,1.0,True,,0.00054
8.0,-,7,48545.5994,2,6,-1.0,0.0,-1.0,1.0,48545.23601278915,0.3633872108475771,7,2,6,-1.0,0.0,-1.0,True,,0.00054
8.0,+,37,48545.1894,2,6,-1.0,0.0,-1.0,1.0,48545.241522694174,-0.05212269417097559,107,2,6,1.0,0.0,1.0,True,,0.00054
9.0,+,1,43999.0294,2,0,-1.0,0.0,-1.0,1.0,43998.95630157018,0.07309842982067494,1,2,0,1.0,0.0,1.0,True,,0.00054
9.0,-,31,43999.0394,2,0,-1.0,0.0,-1.0,1.0,43998.96386354311,0.07553645689040422,88,2,0,-1.0,0.0,-1.0,True,,0.00054
9.0,+,2,44790.3994,2,1,-1.0,0.0,-1.0,1.0,44790.510509728505,-0.11110972850292455,2,2,1,1.0,0.0,1.0,True,,0.00054
9.0,-,32,44790.3994,2,1,-1.0,0.0,-1.0,1.0,44790.51796314027,-0.11856314026954351,92,2,1,-1.0,0.0,-1.0,True,,0.00054
9.0,+,3,45569.2794,2,2,-1.0,0.0,-1.0,1.0,45569.22726842365,0.05213157634716481,3,2,2,1.0,0.0,1.0,True,,0.00054
9.0,-,33,45569.2594,2,2,-1.0,0.0,-1.0,1.0,45569.23461466128,0.024785338719084393,96,2,2,-1.0,0.0,-1.0,True,,0.00054
9.0,+,4,46335.3794,2,3,-1.0,0.0,-1.0,1.0,46335.278768851094,0.10063114890363067,4,2,3,1.0,0.0,1.0,True,,0.00054
9.0,-,34,46335.3994,2,3,-1.0,0.0,-1.0,1.0,46335.28600681029,0.11339318971295143,100,2,3,-1.0,0.0,-1.0,True,,0.00054
9.0,+,5,47088.5794,2,4,-1.0,0.0,-1.0,1.0,47088.510510672764,0.06888932723813923,5,2,4,1.0,0.0,1.0,True,,0.00054
9.0,-,35,47088.6294,2,4,-1.0,0.0,-1.0,1.0,47088.51763704562,0.11176295438053785,104,2,4,-1.0,0.0,-1.0,True,,0.00054
9.0,+,6,47828.3794,2,5,-1.0,0.0,-1.0,1.0,47828.49749700783,-0.11809700783487642,6,2,5,1.0,0.0,1.0,True,,0.00054
9.0,-,36,47828.4194,2,5,-1.0,0.0,-1.0,1.0,47828.50450657376,-0.08510657375882147,106,2,5,-1.0,0.0,-1.0,True,,0.00054
9.0,+,7,48554.8894,2,6,-1.0,0.0,-1.0,1.0,48554.58636497543,0.3030350245680893,7,2,6,1.0,0.0,1.0,True,,0.00054
9.0,-,37,48554.5694,2,6,-1.0,0.0,-1.0,1.0,48554.593250852,-0.02385085199784953,107,2,6,-1.0,0.0,-1.0,True,,0.00054
10.0,-,1,44010.1194,2,0,-1.0,0.0,-1.0,1.0,44010.02720466309,0.09219533691066317,1,2,0,-1.0,0.0,-1.0,True,,0.00054
10.0,+,31,44010.1194,2,0,-1.0,0.0,-1.0,1.0,44010.03644503095,0.0829549690533895,88,2,0,1.0,0.0,1.0,True,,0.00054
10.0,-,2,44801.3494,2,1,-1.0,0.0,-1.0,1.0,44801.471090116655,-0.12169011665537255,2,2,1,-1.0,0.0,-1.0,True,,0.00054
10.0,+,32,44801.3594,2,1,-1.0,0.0,-1.0,1.0,44801.480197801946,-0.12079780194471823,92,2,1,1.0,0.0,1.0,True,,0.00054
10.0,-,3,45580.0794,2,2,-1.0,0.0,-1.0,1.0,45580.0778041205,0.0015958795047481544,3,2,2,-1.0,0.0,-1.0,True,,0.00054
10.0,+,33,45580.0994,2,2,-1.0,0.0,-1.0,1.0,45580.08678081972,0.01261918027739739,96,2,2,1.0,0.0,1.0,True,,0.00054
10.0,-,4,46346.1294,2,3,-1.0,0.0,-1.0,1.0,46346.01825921928,0.11114078071841504,4,2,3,-1.0,0.0,-1.0,True,,0.00054
10.0,-,5,47099.2294,2,4,-1.0,0.0,-1.0,1.0,47099.13672733554,0.09267266445385758,5,2,4,-1.0,0.0,-1.0,True,,0.00054
10.0,+,35,47099.2194,2,4,-1.0,0.0,-1.0,1.0,47099.14543531587,0.07396468413207913,104,2,4,1.0,0.0,1.0,True,,0.00054
10.0,-,6,47838.9094,2,5,-1.0,0.0,-1.0,1.0,47839.00705306726,-0.09765306726330891,6,2,5,-1.0,0.0,-1.0,True,,0.00054
10.0,+,36,47838.8994,2,5,-1.0,0.0,-1.0,1.0,47839.01561828021,-0.11621828020724934,106,2,5,1.0,0.0,1.0,True,,0.00054
10.0,-,7,48565.3594,2,6,-1.0,0.0,-1.0,1.0,48564.974770934685,0.3846290653164033,7,2,6,-1.0,0.0,-1.0,True,,0.00054
10.0,+,37,48564.9594,2,6,-1.0,0.0,-1.0,1.0,48564.98318496283,-0.02378496283199638,107,2,6,1.0,0.0,1.0,True,,0.00054
11.0,+,1,44022.2994,2,0,-1.0,0.0,-1.0,1.0,44022.204210254495,0.09518974550883286,1,2,0,1.0,0.0,1.0,True,,0.00054
11.0,-,31,44022.2894,2,0,-1.0,0.0,-1.0,1.0,44022.21529599903,0.07410400097433012,89,2,0,-1.0,0.0,-1.0,True,,0.00054
11.0,+,2,44813.3894,2,1,-1.0,0.0,-1.0,1.0,44813.52673168146,-0.13733168145699892,2,2,1,1.0,0.0,1.0,True,,0.00054
11.0,-,32,44813.3994,2,1,-1.0,0.0,-1.0,1.0,44813.53765821077,-0.13825821076898137,92,2,1,-1.0,0.0,-1.0,True,,0.00054
11.0,-,33,45592.0294,2,2,-1.0,0.0,-1.0,1.0,45592.023157638425,0.006242361574550159,96,2,2,-1.0,0.0,-1.0,True,,0.00054
11.0,+,4,46357.9394,2,3,-1.0,0.0,-1.0,1.0,46357.83068418044,0.10871581956598675,4,2,3,1.0,0.0,1.0,True,,0.00054
11.0,-,34,46357.1694,2,3,-1.0,0.0,-1.0,1.0,46357.84129473381,-0.6718947338085854,100,2,3,-1.0,0.0,-1.0,True,,0.00054
11.0,+,5,47110.8894,2,4,-1.0,0.0,-1.0,1.0,47110.82453927377,0.06486072622647043,5,2,4,1.0,0.0,1.0,True,,0.00054
11.0,-,35,47110.9194,2,4,-1.0,0.0,-1.0,1.0,47110.83498616946,0.08441383054014295,104,2,4,-1.0,0.0,-1.0,True,,0.00054
11.0,+,6,47850.4694,2,5,-1.0,0.0,-1.0,1.0,47850.566522527544,-0.09712252754252404,6,2,5,1.0,0.0,1.0,True,,0.00054
11.0,-,36,47850.4694,2,5,-1.0,0.0,-1.0,1.0,47850.576798097965,-0.10739809796359623,106,2,5,-1.0,0.0,-1.0,True,,0.00054
11.0,+,7,48576.7794,2,6,-1.0,0.0,-1.0,1.0,48576.4009544176,0.37844558239885373,7,2,6,1.0,0.0,1.0,True,,0.00054
11.0,-,37,48576.3694,2,6,-1.0,0.0,-1.0,1.0,48576.411048554495,-0.041648554491985124,107,2,6,-1.0,0.0,-1.0,True,,0.00054
12.0,-,1,44035.5694,2,0,-1.0,0.0,-1.0,1.0,44035.487036054736,0.08236394526466029,1,2,0,-1.0,0.0,-1.0,True,,0.00054
12.0,+,31,44035.5794,2,0,-1.0,0.0,-1.0,1.0,44035.500133912254,0.07926608774869237,89,2,0,1.0,0.0,1.0,True,,0.00054
12.0,-,2,44826.5494,2,1,-1.0,0.0,-1.0,1.0,44826.677149547526,-0.12774954752239864,2,2,1,-1.0,0.0,-1.0,True,,0.00054
12.0,+,32,44826.5694,2,1,-1.0,0.0,-1.0,1.0,44826.690059247114,-0.12065924711350817,92,2,1,1.0,0.0,1.0,True,,0.00054
12.0,-,3,45605.0594,2,2,-1.0,0.0,-1.0,1.0,45605.03073367893,0.02866632107179612,3,2,2,-1.0,0.0,-1.0,True,,0.00054
12.0,+,33,45605.0694,2,2,-1.0,0.0,-1.0,1.0,45605.04345763189,0.025942368112737313,96,2,2,1.0,0.0,1.0,True,,0.00054
12.0,-,4,46370.8494,2,3,-1.0,0.0,-1.0,1.0,46370.71575379982,0.13364620017819107,4,2,3,-1.0,0.0,-1.0,True,,0.00054
12.0,+,34,46370.8494,2,3,-1.0,0.0,-1.0,1.0,46370.72829008756,0.12110991244117031,100,2,3,1.0,0.0,1.0,True,,0.00054
12.0,-,5,47123.6494,2,4,-1.0,0.0,-1.0,1.0,47123.57365310545,0.07574689455213957,5,2,4,-1.0,0.0,-1.0,True,,0.00054
12.0,+,35,47123.6594,2,4,-1.0,0.0,-1.0,1.0,47123.58599598099,0.07340401900728466,104,2,4,1.0,0.0,1.0,True,,0.00054
12.0,-,6,47863.0994,2,5,-1.0,0.0,-1.0,1.0,47863.175607444835,-0.07620744483574526,6,2,5,-1.0,0.0,-1.0,True,,0.00054
12.0,+,36,47863.0794,2,5,-1.0,0.0,-1.0,1.0,47863.18774783896,-0.10834783895552391,106,2,5,1.0,0.0,1.0,True,,0.00054
12.0,-,7,48589.3194,2,6,-1.0,0.0,-1.0,1.0,48588.86461146493,0.4547885350693832,7,2,6,-1.0,0.0,-1.0,True,,0.00054
12.0,+,37,48588.8694,2,6,-1.0,0.0,-1.0,1.0,48588.87653742225,-0.007137422246159986,107,2,6,1.0,0.0,1.0,True,,0.00054
13.0,+,1,44049.9594,2,0,-1.0,0.0,-1.0,1.0,44049.87537408457,0.0840259154283558,1,2,0,1.0,0.0,1.0,True,,0.00054
13.0,-,31,44049.9794,2,0,-1.0,0.0,-1.0,1.0,44049.89065052454,0.08874947545700707,89,2,0,-1.0,0.0,-1.0,True,,0.00054
13.0,+,2,44840.8094,2,1,-1.0,0.0,-1.0,1.0,44840.92203291551,-0.11263291550858412,2,2,1,1.0,0.0,1.0,True,,0.00054
13.0,-,32,44840.8094,2,1,-1.0,0.0,-1.0,1.0,44840.93708984462,-0.12768984462309163,92,2,1,-1.0,0.0,-1.0,True,,0.00054
13.0,+,3,45619.1594,2,2,-1.0,0.0,-1.0,1.0,45619.13252691326,0.02687308673921507,3,2,2,1.0,0.0,1.0,True,,0.00054
13.0,-,33,45619.1594,2,2,-1.0,0.0,-1.0,1.0,45619.147367147954,0.012032852042466402,96,2,2,-1.0,0.0,-1.0,True,,0.00054
13.0,+,4,46384.7794,2,3,-1.0,0.0,-1.0,1.0,46384.673151743154,0.10624825684499228,4,2,3,1.0,0.0,1.0,True,,0.00054
13.0,-,34,46384.7994,2,3,-1.0,0.0,-1.0,1.0,46384.68777304308,0.1116269569247379,100,2,3,-1.0,0.0,-1.0,True,,0.00054
13.0,+,5,47137.4394,2,4,-1.0,0.0,-1.0,1.0,47137.383748719876,0.05565128012676723,5,2,4,1.0,0.0,1.0,True,,0.00054
13.0,-,35,47137.4694,2,4,-1.0,0.0,-1.0,1.0,47137.39814437394,0.0712556260623387,104,2,4,-1.0,0.0,-1.0,True,,0.00054
13.0,+,6,47876.7394,2,5,-1.0,0.0,-1.0,1.0,47876.833982711636,-0.09458271163748577,6,2,5,1.0,0.0,1.0,True,,0.00054
13.0,-,36,47876.7194,2,5,-1.0,0.0,-1.0,1.0,47876.84814212958,-0.12874212957831332,106,2,5,-1.0,0.0,-1.0,True,,0.00054
13.0,+,7,48602.9194,2,6,-1.0,0.0,-1.0,1.0,48602.36541038175,0.5539896182453958,7,2,6,1.0,0.0,1.0,True,,0.00054
13.0,-,37,48602.3494,2,6,-1.0,0.0,-1.0,1.0,48602.37931960393,-0.02991960393410409,107,2,6,-1.0,0.0,-1.0,True,,0.00054
14.0,-,1,44065.4594,2,0,-1.0,0.0,-1.0,1.0,44065.36889066873,0.09050933126854943,1,2,0,-1.0,0.0,-1.0,True,,0.00054
14.0,+,31,44065.4794,2,0,-1.0,0.0,-1.0,1.0,44065.38651187133,0.09288812866725493,89,2,0,1.0,0.0,1.0,True,,0.00054
14.0,-,2,44856.1594,2,1,-1.0,0.0,-1.0,1.0,44856.26104505533,-0.101645055336121,2,2,1,-1.0,0.0,-1.0,True,,0.00054
14.0,+,32,44856.1694,2,1,-1.0,0.0,-1.0,1.0,44856.27841298449,-0.1090129844887997,92,2,1,1.0,0.0,1.0,True,,0.00054
14.0,-,3,45646.1294,2,2,-1.0,0.0,-1.0,1.0,45634.31742845016,11.811971549839654,3,2,2,-1.0,0.0,-1.0,True,,0.00054
14.0,+,33,45634.3694,2,2,-1.0,0.0,-1.0,1.0,45634.33454635958,0.03485364041989669,96,2,2,1.0,0.0,1.0,True,,0.00054
14.0,-,4,46399.7294,2,3,-1.0,0.0,-1.0,1.0,46399.70253526431,0.026864735686103813,4,2,3,-1.0,0.0,-1.0,True,,0.00054
14.0,+,34,46399.8294,2,3,-1.0,0.0,-1.0,1.0,46399.71940056646,0.10999943354545394,100,2,3,1.0,0.0,1.0,True,,0.00054
14.0,-,5,47152.3294,2,4,-1.0,0.0,-1.0,1.0,47152.25447926231,0.07492073769390117,5,2,4,-1.0,0.0,-1.0,True,,0.00054
14.0,+,35,47152.3594,2,4,-1.0,0.0,-1.0,1.0,47152.27108420556,0.08831579444085946,104,2,4,1.0,0.0,1.0,True,,0.00054
14.0,-,6,47891.4594,2,5,-1.0,0.0,-1.0,1.0,47891.54129603633,-0.08189603633218212,6,2,5,-1.0,0.0,-1.0,True,,0.00054
14.0,+,36,47891.4194,2,5,-1.0,0.0,-1.0,1.0,47891.55762839002,-0.138228390023869,106,2,5,1.0,0.0,1.0,True,,0.00054
14.0,-,7,48617.1894,2,6,-1.0,0.0,-1.0,2.0,48616.90299171168,0.28640828832431,7,2,6,-1.0,0.0,-1.0,True,,0.0011
15.0,+,1,44082.0594,2,0,-1.0,0.0,-1.0,1.0,44081.967226428096,0.09217357190209441,1,2,0,1.0,0.0,1.0,True,,0.00054
15.0,-,31,44082.0794,2,0,-1.0,0.0,-1.0,1.0,44081.98735826186,0.092041738142143,89,2,0,-1.0,0.0,-1.0,True,,0.00054
15.0,+,2,44872.5994,2,1,-1.0,0.0,-1.0,1.0,44872.693823298694,-0.09442329869489186,2,2,1,1.0,0.0,1.0,True,,0.00054
15.0,-,32,44872.5994,2,1,-1.0,0.0,-1.0,1.0,44872.713665687064,-0.11426568706519902,92,2,1,-1.0,0.0,-1.0,True,,0.00054
15.0,+,3,45650.6094,2,2,-1.0,0.0,-1.0,1.0,45650.5850725888,0.02432741119991988,3,2,2,1.0,0.0,1.0,True,,0.00054
15.0,-,33,45650.6294,2,2,-1.0,0.0,-1.0,1.0,45650.60462925576,0.024770744239503983,96,2,2,-1.0,0.0,-1.0,True,,0.00054
15.0,+,4,46415.9094,2,3,-1.0,0.0,-1.0,1.0,46415.80353519434,0.10586480565689271,4,2,3,1.0,0.0,1.0,True,,0.00054
15.0,-,34,46415.9594,2,3,-1.0,0.0,-1.0,1.0,46415.822803178955,0.13659682104480453,100,2,3,-1.0,0.0,-1.0,True,,0.00054
15.0,+,5,47168.2694,2,4,-1.0,0.0,-1.0,1.0,47168.18547111673,0.08392888326488901,5,2,4,1.0,0.0,1.0,True,,0.00054
15.0,-,35,47168.2994,2,4,-1.0,0.0,-1.0,1.0,47168.20444155036,0.09495844964112621,104,2,4,-1.0,0.0,-1.0,True,,0.00054
15.0,+,6,47907.2094,2,5,-1.0,0.0,-1.0,1.0,47907.29716792118,-0.08776792117714649,6,2,5,1.0,0.0,1.0,True,,0.00054
15.0,-,36,47907.1494,2,5,-1.0,0.0,-1.0,1.0,47907.31582681187,-0.1664268118693144,106,2,5,-1.0,0.0,-1.0,True,,0.00054
15.0,+,7,48633.1294,2,6,-1.0,0.0,-1.0,1.0,48632.47696820692,0.6524317930743564,7,2,6,1.0,0.0,1.0,True,,0.00054
15.0,-,37,48632.4994,2,6,-1.0,0.0,-1.0,1.0,48632.495297110036,0.004102889964997303,107,2,6,-1.0,0.0,-1.0,True,,0.00054
16.0,-,1,44099.7594,2,0,-1.0,0.0,-1.0,1.0,44099.669996271805,0.08940372819779441,1,2,0,-1.0,0.0,-1.0,True,,0.00054
16.0,+,31,44099.7694,2,0,-1.0,0.0,-1.0,1.0,44099.69280427151,0.07659572848933749,89,2,0,1.0,0.0,1.0,True,,0.00054
16.0,-,2,44890.0994,2,1,-1.0,0.0,-1.0,1.0,44890.219979030444,-0.12057903044478735,2,2,1,-1.0,0.0,-1.0,True,,0.00054
16.0,+,32,44890.1594,2,1,-1.0,0.0,-1.0,1.0,44890.242459004345,-0.08305900434788782,92,2,1,1.0,0.0,1.0,True,,0.00054
16.0,-,3,45667.9494,2,2,-1.0,0.0,-1.0,1.0,45667.935067456885,0.014332543112686835,3,2,2,-1.0,0.0,-1.0,True,,0.00054
16.0,+,33,45667.9894,2,2,-1.0,0.0,-1.0,1.0,45667.957223631696,0.032176368302316405,96,2,2,1.0,0.0,1.0,True,,0.00054
16.0,-,4,46433.1294,2,3,-1.0,0.0,-1.0,1.0,46432.97575592745,0.15364407254674006,4,2,3,-1.0,0.0,-1.0,True,,0.00054
16.0,+,34,46433.1294,2,3,-1.0,0.0,-1.0,1.0,46432.99758494263,0.1318150573715684,100,2,3,1.0,0.0,1.0,True,,0.00054
16.0,-,5,47185.2594,2,4,-1.0,0.0,-1.0,1.0,47185.17632388903,0.08307611097552581,5,2,4,-1.0,0.0,-1.0,True,,0.00054
16.0,+,35,47185.2894,2,4,-1.0,0.0,-1.0,1.0,47185.19781568228,0.09158431772084441,104,2,4,1.0,0.0,1.0,True,,0.00054
16.0,-,6,47924.0394,2,5,-1.0,0.0,-1.0,1.0,47924.10119163816,-0.061791638159775175,6,2,5,-1.0,0.0,-1.0,True,,0.00054
16.0,+,36,47923.7994,2,5,-1.0,0.0,-1.0,1.0,47924.12233033429,-0.3229303342886851,106,2,5,1.0,0.0,1.0,True,,0.00054
16.0,-,7,48649.8594,2,6,-1.0,0.0,-1.0,1.0,48649.086924797,0.7724752030044328,7,2,6,-1.0,0.0,-1.0,True,,0.00054
16.0,+,37,48649.1294,2,6,-1.0,0.0,-1.0,1.0,48649.10768947022,0.021710529777919874,107,2,6,1.0,0.0,1.0,True,,0.00054
17.0,+,1,44118.5594,2,0,-1.0,0.0,-1.0,1.0,44118.47678938808,0.08261061192024499,1,2,0,1.0,0.0,1.0,True,,0.00054
17.0,-,31,44118.5794,2,0,-1.0,0.0,-1.0,1.0,44118.50243873297,0.07696126703376649,89,2,0,-1.0,0.0,-1.0,True,,0.00054
17.0,+,2,44908.7294,2,1,-1.0,0.0,-1.0,1.0,44908.83909768122,-0.10969768122595269,2,2,1,1.0,0.0,1.0,True,,0.00054
17.0,-,32,44908.7294,2,1,-1.0,0.0,-1.0,1.0,44908.86437801176,-0.1349780117670889,92,2,1,-1.0,0.0,-1.0,True,,0.00054
17.0,+,3,45686.3894,2,2,-1.0,0.0,-1.0,1.0,45686.36699499993,0.022405000068829395,3,2,2,1.0,0.0,1.0,True,,0.00054
17.0,-,33,45686.4494,2,2,-1.0,0.0,-1.0,1.0,45686.39191107811,0.057488921884214506,96,2,2,-1.0,0.0,-1.0,True,,0.00054
17.0,+,4,46451.3294,2,3,-1.0,0.0,-1.0,1.0,46451.21877540753,0.11062459247477818,4,2,3,1.0,0.0,1.0,True,,0.00054
17.0,-,34,46451.3794,2,3,-1.0,0.0,-1.0,1.0,46451.243323447816,0.13607655218220316,100,2,3,-1.0,0.0,-1.0,True,,0.00054
17.0,+,5,47203.3094,2,4,-1.0,0.0,-1.0,1.0,47203.22661038746,0.08278961254109163,5,2,4,1.0,0.0,1.0,True,,0.00054
17.0,-,35,47203.3294,2,4,-1.0,0.0,-1.0,1.0,47203.25077905541,0.07862094459414948,104,2,4,-1.0,0.0,-1.0,True,,0.00054
17.0,+,6,47941.8594,2,5,-1.0,0.0,-1.0,1.0,47941.952933203065,-0.09353320306399837,6,2,5,1.0,0.0,1.0,True,,0.00054
17.0,-,36,47941.99,2,5,-1.0,0.0,-1.0,1.0,47941.97670461858,0.013295381417265162,106,2,5,-1.0,0.0,-1.0,True,,0.00054
17.0,+,7,48667.5794,2,6,-1.0,0.0,-1.0,1.0,48666.73241855509,0.8469814449126716,7,2,6,1.0,0.0,1.0,True,,0.00054
17.0,-,37,48666.7794,2,6,-1.0,0.0,-1.0,1.0,48666.75576914955,0.02363085044635227,107,2,6,-1.0,0.0,-1.0,True,,0.00054
18.0,-,1,44138.4694,2,0,-1.0,0.0,-1.0,1.0,44138.38716923517,0.08223076483409386,1,2,0,-1.0,0.0,-1.0,True,,0.00054
18.0,+,31,44138.4994,2,0,-1.0,0.0,-1.0,1.0,44138.415824726326,0.08357527367479634,89,2,0,1.0,0.0,1.0,True,,0.00054
18.0,-,2,44928.4394,2,1,-1.0,0.0,-1.0,1.0,44928.55073871682,-0.11133871681522578,2,2,1,-1.0,0.0,-1.0,True,,0.00054
18.0,+,32,44928.4694,2,1,-1.0,0.0,-1.0,1.0,44928.57898179781,-0.10958179780573118,92,2,1,1.0,0.0,1.0,True,,0.00054
18.0,-,3,45705.9094,2,2,-1.0,0.0,-1.0,1.0,45705.880410970174,0.028989029822696466,3,2,2,-1.0,0.0,-1.0,True,,0.00054
18.0,+,33,45705.9594,2,2,-1.0,0.0,-1.0,1.0,45705.908246971245,0.05115302875492489,96,2,2,1.0,0.0,1.0,True,,0.00054
18.0,-,4,46470.6694,2,3,-1.0,0.0,-1.0,1.0,46470.532145113255,0.13725488674390363,4,2,3,-1.0,0.0,-1.0,True,,0.00054
18.0,+,34,46470.6794,2,3,-1.0,0.0,-1.0,1.0,46470.559569797086,0.11983020291518187,100,2,3,1.0,0.0,1.0,True,,0.00054
18.0,-,5,47222.4194,2,4,-1.0,0.0,-1.0,1.0,47222.335876602,0.08352339799603214,5,2,4,-1.0,0.0,-1.0,True,,0.00054
18.0,+,35,47222.4494,2,4,-1.0,0.0,-1.0,1.0,47222.36287728397,0.08652271602477413,104,2,4,1.0,0.0,1.0,True,,0.00054
18.0,-,6,47960.7894,2,5,-1.0,0.0,-1.0,1.0,47960.85193134876,-0.06253134876169497,6,2,5,-1.0,0.0,-1.0,True,,0.00054
18.0,+,36,47960.78,2,5,-1.0,0.0,-1.0,1.0,47960.87848802049,-0.09848802049236838,106,2,5,1.0,0.0,1.0,True,,0.00054
18.0,-,7,48686.4094,2,6,-1.0,0.0,-1.0,1.0,48685.412978661625,0.9964213383718743,7,2,6,-1.0,0.0,-1.0,True,,0.00054
18.0,+,37,48685.4594,2,6,-1.0,0.0,-1.0,1.0,48685.439064950086,0.020335049914137926,107,2,6,1.0,0.0,1.0,True,,0.00054
19.0,+,1,44159.4994,2,0,-1.0,0.0,-1.0,1.0,44159.40067353149,0.09872646850999445,1,2,0,1.0,0.0,1.0,True,,0.00054
19.0,-,31,44159.5194,2,0,-1.0,0.0,-1.0,1.0,44159.4324995701,0.08690042989474023,89,2,0,-1.0,0.0,-1.0,True,,0.00054
19.0,+,2,44949.2594,2,1,-1.0,0.0,-1.0,1.0,44949.354435629255,-0.0950356292523793,2,2,1,1.0,0.0,1.0,True,,0.00054
19.0,-,32,44949.2794,2,1,-1.0,0.0,-1.0,1.0,44949.38580345526,-0.10640345526189776,93,2,1,-1.0,0.0,-1.0,True,,0.00054
19.0,+,3,45726.5094,2,2,-1.0,0.0,-1.0,1.0,45726.474844914446,0.034555085556348786,3,2,2,1.0,0.0,1.0,True,,0.00054
19.0,-,33,45726.5394,2,2,-1.0,0.0,-1.0,1.0,45726.50576045949,0.03363954051019391,96,2,2,-1.0,0.0,-1.0,True,,0.00054
19.0,+,4,46491.0294,2,3,-1.0,0.0,-1.0,1.0,46490.91539004161,0.11400995838630479,4,2,3,1.0,0.0,1.0,True,,0.00054
19.0,-,34,46491.0694,2,3,-1.0,0.0,-1.0,1.0,46490.94584858943,0.12355141057196306,100,2,3,-1.0,0.0,-1.0,True,,0.00054
19.0,+,5,47242.5694,2,4,-1.0,0.0,-1.0,1.0,47242.503641682975,0.0657583170250291,5,2,4,1.0,0.0,1.0,True,,0.00054
19.0,-,35,47242.6194,2,4,-1.0,0.0,-1.0,1.0,47242.53362912021,0.08577087979210773,104,2,4,-1.0,0.0,-1.0,True,,0.00054
19.0,+,6,47980.7094,2,5,-1.0,0.0,-1.0,1.0,47980.79769749489,-0.0882974948908668,6,2,5,1.0,0.0,1.0,True,,0.00054
19.0,-,36,47980.71,2,5,-1.0,0.0,-1.0,1.0,47980.827191560544,-0.11719156054459745,106,2,5,-1.0,0.0,-1.0,True,,0.00054
19.0,+,7,48706.2494,2,6,-1.0,0.0,-1.0,1.0,48705.1281063659,1.1212936341034947,7,2,6,1.0,0.0,1.0,True,,0.00054
19.0,-,37,48705.2194,2,6,-1.0,0.0,-1.0,1.0,48705.15707771939,0.0623222806098056,107,2,6,-1.0,0.0,-1.0,True,,0.00054
20.0,-,1,44181.6194,2,0,-1.0,0.0,-1.0,1.0,44181.516814244635,0.10258575536863646,1,2,0,-1.0,0.0,-1.0,True,,0.00054
20.0,+,31,44181.6394,2,0,-1.0,0.0,-1.0,1.0,44181.55197481012,0.08742518987855874,89,2,0,1.0,0.0,1.0,True,,0.00054
20.0,-,2,44971.1594,2,1,-1.0,0.0,-1.0,1.0,44971.24969592587,-0.0902959258746705,2,2,1,-1.0,0.0,-1.0,True,,0.00054
20.0,+,32,44971.1694,2,1,-1.0,0.0,-1.0,1.0,44971.28435007022,-0.11495007022313075,93,2,1,1.0,0.0,1.0,True,,0.00054
20.0,-,3,45748.1894,2,2,-1.0,0.0,-1.0,1.0,45748.14980016217,0.039599837829882745,3,2,2,-1.0,0.0,-1.0,True,,0.00054
20.0,+,33,45748.2194,2,2,-1.0,0.0,-1.0,1.0,45748.18395445164,0.03544554836116731,96,2,2,1.0,0.0,1.0,True,,0.00054
20.0,-,4,46512.4994,2,3,-1.0,0.0,-1.0,1.0,46512.368008691614,0.13139130838681012,4,2,3,-1.0,0.0,-1.0,True,,0.00054
20.0,+,34,46512.5494,2,3,-1.0,0.0,-1.0,1.0,46512.40165790424,0.14774209575989516,100,2,3,1.0,0.0,1.0,True,,0.00054
20.0,-,5,47263.7994,2,4,-1.0,0.0,-1.0,1.0,47263.72939791769,0.07000208231329452,5,2,4,-1.0,0.0,-1.0,True,,0.00054
20.0,+,35,47263.8394,2,4,-1.0,0.0,-1.0,1.0,47263.762526431085,0.07687356891256059,104,2,4,1.0,0.0,1.0,True,,0.00054
20.0,-,6,48001.7294,2,5,-1.0,0.0,-1.0,1.0,48001.789715717496,-0.0603157174991793,6,2,5,-1.0,0.0,-1.0,True,,0.00054
20.0,+,36,48001.69,2,5,-1.0,0.0,-1.0,1.0,48001.82229889402,-0.13229889401554829,106,2,5,1.0,0.0,1.0,True,,0.00054
20.0,-,7,48725.3994,2,6,-1.0,0.0,-1.0,1.0,48725.87727494493,-0.4778749449251336,7,2,6,-1.0,0.0,-1.0,True,,0.00054
20.0,+,37,48725.9694,2,6,-1.0,0.0,-1.0,1.0,48725.90928031109,0.060119688911072444,107,2,6,1.0,0.0,1.0,True,,0.00054
21.0,+,1,44204.8294,2,0,-1.0,0.0,-1.0,1.0,44204.735077580415,0.09432241958711529,1,2,0,1.0,0.0,1.0,True,,0.00054
21.0,-,31,44204.8394,2,0,-1.0,0.0,-1.0,1.0,44204.773736208306,0.06566379169089487,89,2,0,-1.0,0.0,-1.0,True,,0.00054
21.0,+,2,44994.1294,2,1,-1.0,0.0,-1.0,1.0,44994.23600111866,-0.10660111866309308,2,2,1,1.0,0.0,1.0,True,,0.00054
21.0,-,32,44994.1594,2,1,-1.0,0.0,-1.0,1.0,44994.27410271133,-0.11470271133293863,93,2,1,-1.0,0.0,-1.0,True,,0.00054
21.0,+,3,45770.9194,2,2,-1.0,0.0,-1.0,1.0,45770.90475381125,0.014646188748884015,3,2,2,1.0,0.0,1.0,True,,0.00054
21.0,-,33,45770.9694,2,2,-1.0,0.0,-1.0,1.0,45770.94230560325,0.02709439675527392,96,2,2,-1.0,0.0,-1.0,True,,0.00054
21.0,+,4,46535.0094,2,3,-1.0,0.0,-1.0,1.0,46534.88947304601,0.11992695399385411,4,2,3,1.0,0.0,1.0,True,,0.00054
21.0,-,34,46535.0694,2,3,-1.0,0.0,-1.0,1.0,46534.92646928211,0.1429307178914314,100,2,3,-1.0,0.0,-1.0,True,,0.00054
21.0,+,5,47286.0694,2,4,-1.0,0.0,-1.0,1.0,47286.01261070597,0.05678929403075017,5,2,4,1.0,0.0,1.0,True,,0.00054
21.0,-,35,47286.1394,2,4,-1.0,0.0,-1.0,1.0,47286.04903417495,0.09036582505359547,104,2,4,-1.0,0.0,-1.0,True,,0.00054
21.0,+,6,48023.7494,2,5,-1.0,0.0,-1.0,1.0,48023.82744271587,-0.07804271586792311,6,2,5,1.0,0.0,1.0,True,,0.00054
21.0,-,36,48023.71,2,5,-1.0,0.0,-1.0,1.0,48023.86326627632,-0.15326627632020973,106,2,5,-1.0,0.0,-1.0,True,,0.00054
21.0,+,7,48747.2294,2,6,-1.0,0.0,-1.0,1.0,48747.6599296596,-0.430529659606691,7,2,6,1.0,0.0,1.0,True,,0.00054
21.0,-,37,48747.7794,2,6,-1.0,0.0,-1.0,1.0,48747.69511754039,0.08428245961113134,107,2,6,-1.0,0.0,-1.0,True,,0.00054
22.0,-,1,44229.1494,2,0,-1.0,0.0,-1.0,1.0,44229.054923971045,0.0944760289567057,1,2,0,-1.0,0.0,-1.0,True,,0.00054
22.0,+,31,44229.1694,2,0,-1.0,0.0,-1.0,1.0,44229.09724373063,0.07215626936522312,89,2,0,1.0,0.0,1.0,True,,0.00054
22.0,-,2,45018.2094,2,1,-1.0,0.0,-1.0,1.0,45018.31280671225,-0.1034067122527631,2,2,1,-1.0,0.0,-1.0,True,,0.00054
22.0,+,32,45018.2294,2,1,-1.0,0.0,-1.0,1.0,45018.35451641814,-0.1251164181448985,93,2,1,1.0,0.0,1.0,True,,0.00054
22.0,-,3,45794.7694,2,2,-1.0,0.0,-1.0,1.0,45794.73915671436,0.03024328564060852,3,2,2,-1.0,0.0,-1.0,True,,0.00054
22.0,+,33,45794.7994,2,2,-1.0,0.0,-1.0,1.0,45794.78026430293,0.01913569707539864,97,2,2,1.0,0.0,1.0,True,,0.00054
22.0,-,4,46558.6194,2,3,-1.0,0.0,-1.0,1.0,46558.47922855213,0.14017144787067082,4,2,3,-1.0,0.0,-1.0,True,,0.00054
22.0,+,34,46558.6294,2,3,-1.0,0.0,-1.0,1.0,46558.51972770719,0.10967229280504398,100,2,3,1.0,0.0,1.0,True,,0.00054
22.0,-,5,47309.4194,2,4,-1.0,0.0,-1.0,1.0,47309.35271853436,0.0666814656360657,5,2,4,-1.0,0.0,-1.0,True,,0.00054
22.0,+,35,47309.4394,2,4,-1.0,0.0,-1.0,1.0,47309.39259037393,0.04680962607380934,104,2,4,1.0,0.0,1.0,True,,0.00054
22.0,-,6,48046.8194,2,5,-1.0,0.0,-1.0,1.0,48046.91030777744,-0.09090777744131628,6,2,5,-1.0,0.0,-1.0,True,,0.00054
22.0,+,36,48070.9,2,5,-1.0,0.0,-1.0,0.0,48046.94952253013,23.950477469872567,106,2,5,1.0,0.0,1.0,True,,0.0
22.0,-,7,48770.1094,2,6,-1.0,0.0,-1.0,1.0,48770.47548770975,-0.3660877097499906,7,2,6,-1.0,0.0,-1.0,True,,0.00054
22.0,+,37,48770.5494,2,6,-1.0,0.0,-1.0,1.0,48770.51400613896,0.03539386104239384,107,2,6,1.0,0.0,1.0,True,,0.00054
23.0,+,1,44254.5594,2,0,-1.0,0.0,-1.0,1.0,44254.47578806261,0.08361193738528527,1,2,0,1.0,0.0,1.0,True,,0.00054
23.0,-,31,44254.6094,2,0,-1.0,0.0,-1.0,1.0,44254.52193153554,0.0874684644586523,89,2,0,-1.0,0.0,-1.0,True,,0.00054
23.0,+,2,45043.3994,2,1,-1.0,0.0,-1.0,1.0,45043.47954219174,-0.08014219173492165,2,2,1,1.0,0.0,1.0,True,,0.00054
23.0,-,32,45043.4094,2,1,-1.0,0.0,-1.0,1.0,45043.52502018867,-0.11562018866970902,93,2,1,-1.0,0.0,-1.0,True,,0.00054
23.0,+,3,45819.6794,2,2,-1.0,0.0,-1.0,1.0,45819.65243346389,0.026966536112013273,3,2,2,1.0,0.0,1.0,True,,0.00054
23.0,-,33,45819.7194,2,2,-1.0,0.0,-1.0,1.0,45819.69725465701,0.022145342991279904,97,2,2,-1.0,0.0,-1.0,True,,0.00054
23.0,+,4,46583.2494,2,3,-1.0,0.0,-1.0,1.0,46583.13669410261,0.11270589738705894,4,2,3,1.0,0.0,1.0,True,,0.00054
23.0,-,34,46583.2894,2,3,-1.0,0.0,-1.0,1.0,46583.180851586156,0.10854841384571046,100,2,3,-1.0,0.0,-1.0,True,,0.00054
23.0,+,5,47333.7894,2,4,-1.0,0.0,-1.0,1.0,47333.749132948695,0.04026705130672781,5,2,4,1.0,0.0,1.0,True,,0.00054
23.0,-,35,47333.8494,2,4,-1.0,0.0,-1.0,1.0,47333.79260608824,0.05679391176090576,104,2,4,-1.0,0.0,-1.0,True,,0.00054
23.0,+,6,48070.9394,2,5,-1.0,0.0,-1.0,1.0,48071.03771274189,-0.09831274188763928,6,2,5,1.0,0.0,1.0,True,,0.00054
23.0,-,36,48070.9,2,5,-1.0,0.0,-1.0,1.0,48071.08046900719,-0.18046900718763936,106,2,5,-1.0,0.0,-1.0,True,,0.00054
23.0,+,7,48794.0194,2,6,-1.0,0.0,-1.0,1.0,48794.32333818505,-0.30393818505399395,7,2,6,1.0,0.0,1.0,True,,0.00054
23.0,-,37,48794.4194,2,6,-1.0,0.0,-1.0,1.0,48794.36533470574,0.054065294258180074,107,2,6,-1.0,0.0,-1.0,True,,0.00054
24.0,-,1,44281.0794,2,0,-1.0,0.0,-1.0,1.0,44280.99707870172,0.08232129827956669,1,2,0,-1.0,0.0,-1.0,True,,0.00054
24.0,+,31,44281.1194,2,0,-1.0,0.0,-1.0,1.0,44281.04720795949,0.07219204051216366,89,2,0,1.0,0.0,1.0,True,,0.00054
24.0,-,2,45069.6494,2,1,-1.0,0.0,-1.0,1.0,45069.73561100993,-0.08621100992604624,2,2,1,-1.0,0.0,-1.0,True,,0.00054
24.0,+,32,45069.6594,2,1,-1.0,0.0,-1.0,1.0,45069.7850169669,-0.1256169668995426,93,2,1,1.0,0.0,1.0,True,,0.00054
24.0,-,3,45845.6694,2,2,-1.0,0.0,-1.0,1.0,45845.64398237656,0.02541762343753362,3,2,2,-1.0,0.0,-1.0,True,,0.00054
24.0,+,33,45845.7094,2,2,-1.0,0.0,-1.0,1.0,45845.69267447416,0.016725525842048228,97,2,2,1.0,0.0,1.0,True,,0.00054
24.0,-,4,46608.9494,2,3,-1.0,0.0,-1.0,1.0,46608.86126201379,0.0881379862112226,4,2,3,-1.0,0.0,-1.0,True,,0.00054
24.0,+,34,46609.0294,2,3,-1.0,0.0,-1.0,1.0,46608.90923272802,0.12016727197624277,101,2,3,1.0,0.0,1.0,True,,0.00054
24.0,-,5,47359.2494,2,4,-1.0,0.0,-1.0,1.0,47359.20123852593,0.048161474071093835,5,2,4,-1.0,0.0,-1.0,True,,0.00054
24.0,+,35,47359.2794,2,4,-1.0,0.0,-1.0,1.0,47359.248465386656,0.030934613343561068,104,2,4,1.0,0.0,1.0,True,,0.00054
24.0,-,6,48096.1294,2,5,-1.0,0.0,-1.0,1.0,48096.20903196129,-0.07963196129276184,6,2,5,-1.0,0.0,-1.0,True,,0.00054
24.0,+,36,48096.08,2,5,-1.0,0.0,-1.0,1.0,48096.25547955021,-0.17547955020563677,106,2,5,1.0,0.0,1.0,True,,0.00054
24.0,-,7,48818.9294,2,6,-1.0,0.0,-1.0,1.0,48819.20284201436,-0.27344201436062576,7,2,6,-1.0,0.0,-1.0,True,,0.00054
24.0,+,37,48819.3094,2,6,-1.0,0.0,-1.0,1.0,48819.2484636572,0.06093634280114202,107,2,6,1.0,0.0,1.0,True,,0.00054
25.0,+,1,44308.6994,2,0,-1.0,0.0,-1.0,1.0,44308.61817892218,0.08122107781673549,1,2,0,1.0,0.0,1.0,True,,0.00054
25.0,-,31,44308.7294,2,0,-1.0,0.0,-1.0,1.0,44308.67245550497,0.05694449502334464,89,2,0,-1.0,0.0,-1.0,True,,0.00054
25.0,+,2,45096.9994,2,1,-1.0,0.0,-1.0,1.0,45097.0803905733,-0.08099057329673087,2,2,1,1.0,0.0,1.0,True,,0.00054
25.0,-,32,45097.0194,2,1,-1.0,0.0,-1.0,1.0,45097.133883628405,-0.11448362840746995,93,2,1,-1.0,0.0,-1.0,True,,0.00054
25.0,+,3,45872.7494,2,2,-1.0,0.0,-1.0,1.0,45872.71317547675,0.036224523253622465,3,2,2,1.0,0.0,1.0,True,,0.00054
25.0,-,33,45872.7894,2,2,-1.0,0.0,-1.0,1.0,45872.76589524905,0.023504750948632136,97,2,2,-1.0,0.0,-1.0,True,,0.00054
25.0,+,4,46635.7694,2,3,-1.0,0.0,-1.0,1.0,46635.652298004046,0.11710199595108861,4,2,3,1.0,0.0,1.0,True,,0.00054
25.0,-,34,46635.8194,2,3,-1.0,0.0,-1.0,1.0,46635.704236321886,0.11516367811418604,101,2,3,-1.0,0.0,-1.0,True,,0.00054
25.0,+,5,47385.7494,2,4,-1.0,0.0,-1.0,1.0,47385.708392843706,0.041007156294654123,5,2,4,1.0,0.0,1.0,True,,0.00054
25.0,-,35,47385.8094,2,4,-1.0,0.0,-1.0,1.0,47385.759525317015,0.04987468298349995,104,2,4,-1.0,0.0,-1.0,True,,0.00054
25.0,+,6,48122.3294,2,5,-1.0,0.0,-1.0,1.0,48122.423612260725,-0.0942122607229976,6,2,5,1.0,0.0,1.0,True,,0.00054
25.0,-,36,48122.3,2,5,-1.0,0.0,-1.0,1.0,48122.47390045269,-0.17390045268984977,106,2,5,-1.0,0.0,-1.0,True,,0.00054
25.0,+,7,48844.9094,2,6,-1.0,0.0,-1.0,1.0,48845.11333191255,-0.20393191255425336,7,2,6,1.0,0.0,1.0,True,,0.00054
25.0,-,37,48845.2494,2,6,-1.0,0.0,-1.0,1.0,48845.16272517266,0.0866748273401754,107,2,6,-1.0,0.0,-1.0,True,,0.00054
26.0,-,1,44337.4194,2,0,-1.0,0.0,-1.0,1.0,44337.33844593027,0.08095406973006902,1,2,0,-1.0,0.0,-1.0,True,,0.00054
26.0,+,31,44337.4594,2,0,-1.0,0.0,-1.0,1.0,44337.39703082452,0.0623691754808533,89,2,0,1.0,0.0,1.0,True,,0.00054
26.0,-,2,45125.4194,2,1,-1.0,0.0,-1.0,1.0,45125.513232228535,-0.09383222853648476,2,2,1,-1.0,0.0,-1.0,True,,0.00054
26.0,+,32,45125.4594,2,1,-1.0,0.0,-1.0,1.0,45125.570970967274,-0.1115709672740195,93,2,1,1.0,0.0,1.0,True,,0.00054
26.0,-,3,45900.8894,2,2,-1.0,0.0,-1.0,1.0,45900.859358479254,0.030041520745726302,3,2,2,-1.0,0.0,-1.0,True,,0.00054
26.0,+,33,45900.9194,2,2,-1.0,0.0,-1.0,1.0,45900.91626214532,0.003137854677333962,97,2,2,1.0,0.0,1.0,True,,0.00054
26.0,-,4,46663.6394,2,3,-1.0,0.0,-1.0,1.0,46663.509141170936,0.1302588290636777,4,2,3,-1.0,0.0,-1.0,True,,0.00054
26.0,+,34,46663.6694,2,3,-1.0,0.0,-1.0,1.0,46663.565200914076,0.10419908592302818,101,2,3,1.0,0.0,1.0,True,,0.00054
26.0,-,5,47413.3194,2,4,-1.0,0.0,-1.0,1.0,47413.26992644837,0.0494735516331275,5,2,4,-1.0,0.0,-1.0,True,,0.00054
26.0,+,35,47413.3694,2,4,-1.0,0.0,-1.0,1.0,47413.32511587457,0.04428412543347804,105,2,4,1.0,0.0,1.0,True,,0.00054
26.0,-,6,48149.5894,2,5,-1.0,0.0,-1.0,1.0,48149.680772895845,-0.09137289584759856,6,2,5,-1.0,0.0,-1.0,True,,0.00054
26.0,+,36,48149.58,2,5,-1.0,0.0,-1.0,1.0,48149.73505041647,-0.1550504164697486,106,2,5,1.0,0.0,1.0,True,,0.00054
26.0,-,7,48871.8494,2,6,-1.0,0.0,-1.0,1.0,48872.05411232379,-0.20471232379350113,7,2,6,-1.0,0.0,-1.0,True,,0.00054
26.0,+,37,48872.1794,2,6,-1.0,0.0,-1.0,1.0,48872.107423139336,0.07197686066501774,107,2,6,1.0,0.0,1.0,True,,0.00054
27.0,+,1,44367.2394,2,0,-1.0,0.0,-1.0,1.0,44367.15721108955,0.08218891044816701,1,2,0,1.0,0.0,1.0,True,,0.00054
27.0,-,31,44367.2894,2,0,-1.0,0.0,-1.0,1.0,44367.22026470644,0.0691352935609757,89,2,0,-1.0,0.0,-1.0,True,,0.00054
27.0,+,2,45154.9394,2,1,-1.0,0.0,-1.0,1.0,45155.033461247134,-0.09406124713132158,2,2,1,1.0,0.0,1.0,True,,0.00054
27.0,-,32,45154.9794,2,1,-1.0,0.0,-1.0,1.0,45155.09560368088,-0.11620368088188116,93,2,1,-1.0,0.0,-1.0,True,,0.00054
27.0,+,3,45930.1094,2,2,-1.0,0.0,-1.0,1.0,45930.08185077191,0.027549228092539124,3,2,2,1.0,0.0,1.0,True,,0.00054
27.0,-,33,45930.1694,2,2,-1.0,0.0,-1.0,1.0,45930.143093976796,0.026306023202778306,97,2,2,-1.0,0.0,-1.0,True,,0.00054
27.0,+,4,46692.5594,2,3,-1.0,0.0,-1.0,1.0,46692.43110396625,0.12829603374848375,4,2,3,1.0,0.0,1.0,True,,0.00054
27.0,-,34,46692.6294,2,3,-1.0,0.0,-1.0,1.0,46692.4914383839,0.13796161609934643,101,2,3,-1.0,0.0,-1.0,True,,0.00054
27.0,+,5,47441.9294,2,4,-1.0,0.0,-1.0,1.0,47441.88514282355,0.04425717645062832,5,2,4,1.0,0.0,1.0,True,,0.00054
27.0,-,35,47441.9994,2,4,-1.0,0.0,-1.0,1.0,47441.944539968965,0.05486003103578696,105,2,4,-1.0,0.0,-1.0,True,,0.00054
27.0,+,6,48177.8894,2,5,-1.0,0.0,-1.0,1.0,48177.979805507326,-0.09040550732606789,6,2,5,1.0,0.0,1.0,True,,0.00054
27.0,-,36,48177.88,2,5,-1.0,0.0,-1.0,1.0,48178.038220506896,-0.1582205068989424,106,2,5,-1.0,0.0,-1.0,True,,0.00054
27.0,+,7,48899.8894,2,6,-1.0,0.0,-1.0,1.0,48900.02445936406,-0.1350593640599982,7,2,6,1.0,0.0,1.0,True,,0.00054
27.0,-,37,48900.1794,2,6,-1.0,0.0,-1.0,1.0,48900.081833093245,0.0975669067556737,107,2,6,-1.0,0.0,-1.0,True,,0.00054
28.0,-,1,44398.1594,2,0,-1.0,0.0,-1.0,1.0,44398.07377990565,0.08562009434535867,1,2,0,-1.0,0.0,-1.0,True,,0.00054
28.0,+,31,44398.1994,2,0,-1.0,0.0,-1.0,1.0,44398.14146205921,0.05793794078635983,89,2,0,1.0,0.0,1.0,True,,0.00054
28.0,-,2,45185.5694,2,1,-1.0,0.0,-1.0,2.0,45185.640376809715,-0.07097680971492082,2,2,1,-1.0,0.0,-1.0,True,,0.0011
28.0,-,3,45960.4194,2,2,-1.0,0.0,-1.0,1.0,45960.379945396046,0.03945460395334521,3,2,2,-1.0,0.0,-1.0,True,,0.00054
28.0,+,33,45960.4594,2,2,-1.0,0.0,-1.0,1.0,45960.44568319053,0.013716809466131963,97,2,2,1.0,0.0,1.0,True,,0.00054
28.0,-,4,46722.5194,2,3,-1.0,0.0,-1.0,1.0,46722.41747217219,0.10192782781086862,4,2,3,-1.0,0.0,-1.0,True,,0.00054
28.0,+,34,46722.5794,2,3,-1.0,0.0,-1.0,1.0,46722.48223391872,0.09716608127928339,101,2,3,1.0,0.0,1.0,True,,0.00054
28.0,-,5,47471.5894,2,4,-1.0,0.0,-1.0,1.0,47471.55331835401,0.03608164598699659,5,2,4,-1.0,0.0,-1.0,True,,0.00054
28.0,+,35,47471.6794,2,4,-1.0,0.0,-1.0,1.0,47471.617073389476,0.062326610524905846,105,2,4,1.0,0.0,1.0,True,,0.00054
28.0,-,6,48207.2294,2,5,-1.0,0.0,-1.0,1.0,48207.31997407616,-0.09057407616637647,6,2,5,-1.0,0.0,-1.0,True,,0.00054
28.0,+,36,48207.22,2,5,-1.0,0.0,-1.0,1.0,48207.382674106724,-0.16267410672298865,106,2,5,1.0,0.0,1.0,True,,0.00054
28.0,-,7,48928.8694,2,6,-1.0,0.0,-1.0,1.0,48929.0236207588,-0.15422075879905606,7,2,6,-1.0,0.0,-1.0,True,,0.00054
28.0,+,37,48929.1894,2,6,-1.0,0.0,-1.0,1.0,48929.08520215791,0.10419784209079808,107,2,6,1.0,0.0,1.0,True,,0.00054
29.0,+,1,44430.1694,2,0,-1.0,0.0,-1.0,1.0,44430.08743200905,0.08196799094730522,1,2,0,1.0,0.0,1.0,True,,0.00054
29.0,-,31,44430.2194,2,0,-1.0,0.0,-1.0,1.0,44430.15990189463,0.059498105372767895,89,2,0,-1.0,0.0,-1.0,True,,0.00054
29.0,+,2,45217.2394,2,1,-1.0,0.0,-1.0,1.0,45217.33325199103,-0.09385199103417108,2,2,1,1.0,0.0,1.0,True,,0.00054
29.0,-,32,45217.2994,2,1,-1.0,0.0,-1.0,1.0,45217.40467344352,-0.10527344351430656,93,2,1,-1.0,0.0,-1.0,True,,0.00054
29.0,+,3,45991.1794,2,2,-1.0,0.0,-1.0,1.0,45991.7529090274,-0.5735090273956303,3,2,2,1.0,0.0,1.0,True,,0.00054
29.0,-,33,45991.8194,2,2,-1.0,0.0,-1.0,1.0,45991.82329584546,-0.0038958454606472515,97,2,2,-1.0,0.0,-1.0,True,,0.00054
29.0,+,4,46753.5794,2,3,-1.0,0.0,-1.0,1.0,46753.46750487391,0.11189512609416852,4,2,3,1.0,0.0,1.0,True,,0.00054
29.0,-,34,46753.6694,2,3,-1.0,0.0,-1.0,1.0,46753.53684598737,0.13255401262722444,101,2,3,-1.0,0.0,-1.0,True,,0.00054
29.0,+,5,47502.3194,2,4,-1.0,0.0,-1.0,1.0,47502.273702291044,0.04569770895614056,5,2,4,1.0,0.0,1.0,True,,0.00054
29.0,-,35,47502.3794,2,4,-1.0,0.0,-1.0,1.0,47502.34196477046,0.03743522954027867,105,2,4,-1.0,0.0,-1.0,True,,0.00054
29.0,+,6,48237.6194,2,5,-1.0,0.0,-1.0,1.0,48237.700514873795,-0.08111487379210303,6,2,5,1.0,0.0,1.0,True,,0.00054
29.0,-,36,48237.58,2,5,-1.0,0.0,-1.0,1.0,48237.767646867884,-0.1876468678819947,106,2,5,-1.0,0.0,-1.0,True,,0.00054
29.0,+,7,48958.9394,2,6,-1.0,0.0,-1.0,1.0,48959.0508157796,-0.11141577959642746,7,2,6,1.0,0.0,1.0,True,,0.00054
29.0,-,37,48959.2194,2,6,-1.0,0.0,-1.0,1.0,48959.11674898056,0.10265101944241906,107,2,6,-1.0,0.0,-1.0,True,,0.00054
30.0,-,1,44463.2894,2,0,-1.0,0.0,-1.0,1.0,44463.19742113877,0.09197886123001808,1,2,0,-1.0,0.0,-1.0,True,,0.00054
30.0,+,31,44463.3294,2,0,-1.0,0.0,-1.0,1.0,44463.27483731111,0.0545626888924744,89,2,0,1.0,0.0,1.0,True,,0.00054
30.0,-,2,45250.0194,2,1,-1.0,0.0,-1.0,1.0,45250.1113337417,-0.0919337416999042,2,2,1,-1.0,0.0,-1.0,True,,0.00054
30.0,+,32,45250.0794,2,1,-1.0,0.0,-1.0,1.0,45250.18762926072,-0.10822926071705297,93,2,1,1.0,0.0,1.0,True,,0.00054
30.0,-,3,46024.2194,2,2,-1.0,0.0,-1.0,1.0,46024.199981955644,0.019418044357735198,3,2,2,-1.0,0.0,-1.0,True,,0.00054
30.0,+,33,46024.2794,2,2,-1.0,0.0,-1.0,1.0,46024.27517159315,0.004228406847687438,97,2,2,1.0,0.0,1.0,True,,0.00054
30.0,-,4,46785.6894,2,3,-1.0,0.0,-1.0,1.0,46785.58043443281,0.10896556718944339,4,2,3,-1.0,0.0,-1.0,True,,0.00054
30.0,+,34,46785.7794,2,3,-1.0,0.0,-1.0,1.0,46785.65450631367,0.12489368632668629,101,2,3,1.0,0.0,1.0,True,,0.00054
30.0,-,5,47534.0794,2,4,-1.0,0.0,-1.0,1.0,47534.04551671446,0.03388328554137843,5,2,4,-1.0,0.0,-1.0,True,,0.00054
30.0,+,35,47534.1594,2,4,-1.0,0.0,-1.0,1.0,47534.11843555258,0.04096444742026506,105,2,4,1.0,0.0,1.0,True,,0.00054
30.0,-,6,48269.0394,2,5,-1.0,0.0,-1.0,1.0,48269.120636412394,-0.0812364123921725,6,2,5,-1.0,0.0,-1.0,True,,0.00054
30.0,+,36,48269.03,2,5,-1.0,0.0,-1.0,1.0,48269.19234666081,-0.16234666081436444,106,2,5,1.0,0.0,1.0,True,,0.00054
30.0,-,7,48990.0094,2,6,-1.0,0.0,-1.0,1.0,48990.10523517757,-0.09583517756982474,7,2,6,-1.0,0.0,-1.0,True,,0.00054
30.0,+,37,48990.2894,2,6,-1.0,0.0,-1.0,1.0,48990.17566366581,0.11373633419134421,107,2,6,1.0,0.0,1.0,True,,0.00054
31.0,+,1,44497.4794,2,0,-1.0,0.0,-1.0,1.0,44497.40297512413,0.07642487586417701,1,2,0,1.0,0.0,1.0,True,,0.00054
31.0,-,31,44497.5394,2,0,-1.0,0.0,-1.0,1.0,44497.48549547598,0.05390452402207302,89,2,0,-1.0,0.0,-1.0,True,,0.00054
31.0,+,2,45283.8994,2,1,-1.0,0.0,-1.0,1.0,45283.97384287127,-0.07444287127145799,2,2,1,1.0,0.0,1.0,True,,0.00054
31.0,-,32,45283.9494,2,1,-1.0,0.0,-1.0,1.0,45284.05516795443,-0.10576795443193987,93,2,1,-1.0,0.0,-1.0,True,,0.00054
31.0,+,3,46057.7294,2,2,-1.0,0.0,-1.0,1.0,46057.72037806328,0.009021936719364021,3,2,2,1.0,0.0,1.0,True,,0.00054
31.0,-,33,46057.8094,2,2,-1.0,0.0,-1.0,1.0,46057.80052365652,0.008876343476003967,97,2,2,-1.0,0.0,-1.0,True,,0.00054
31.0,+,4,46818.8794,2,3,-1.0,0.0,-1.0,1.0,46818.75546645801,0.12393354198866291,4,2,3,1.0,0.0,1.0,True,,0.00054
31.0,-,34,46818.9394,2,3,-1.0,0.0,-1.0,1.0,46818.834419846986,0.10498015301709529,101,2,3,-1.0,0.0,-1.0,True,,0.00054
31.0,+,5,47566.3194,2,4,-1.0,0.0,-1.0,1.0,47566.86795649365,-0.5485564936461742,5,2,4,1.0,0.0,1.0,True,,0.00054
31.0,-,35,47566.9794,2,4,-1.0,0.0,-1.0,1.0,47566.94567994452,0.033720055478625,105,2,4,-1.0,0.0,-1.0,True,,0.00054
31.0,+,6,48301.4994,2,5,-1.0,0.0,-1.0,1.0,48301.57951939239,-0.08011939239077037,6,2,5,1.0,0.0,1.0,True,,0.00054
31.0,-,36,48301.49,2,5,-1.0,0.0,-1.0,1.0,48301.655953522,-0.16595352200238267,106,2,5,-1.0,0.0,-1.0,True,,0.00054
31.0,+,7,49022.1194,2,6,-1.0,0.0,-1.0,1.0,49022.1860411134,-0.06664111339341616,7,2,6,1.0,0.0,1.0,True,,0.00054
31.0,-,37,49022.4094,2,6,-1.0,0.0,-1.0,1.0,49022.26110770525,0.14829229474707972,107,2,6,-1.0,0.0,-1.0,True,,0.00054
32.0,-,1,44532.7794,2,0,-1.0,0.0,-1.0,1.0,44532.70329586627,0.0761041337318602,1,2,0,-1.0,0.0,-1.0,True,,0.00054
32.0,+,31,44532.8494,2,0,-1.0,0.0,-1.0,1.0,44532.79107760644,0.0583223935609567,90,2,0,1.0,0.0,1.0,True,,0.00054
32.0,-,2,45318.8294,2,1,-1.0,0.0,-1.0,1.0,45318.91997403043,-0.09057403042970691,2,2,1,-1.0,0.0,-1.0,True,,0.00054
32.0,+,32,45318.8794,2,1,-1.0,0.0,-1.0,1.0,45319.00648349307,-0.12708349306922173,93,2,1,1.0,0.0,1.0,True,,0.00054
32.0,-,3,46092.3394,2,2,-1.0,0.0,-1.0,1.0,46092.31328480353,0.02611519646598026,3,2,2,-1.0,0.0,-1.0,True,,0.00054
32.0,+,33,46092.3994,2,2,-1.0,0.0,-1.0,1.0,46092.39853880694,0.000861193060700316,97,2,2,1.0,0.0,1.0,True,,0.00054
32.0,-,4,46853.0994,2,3,-1.0,0.0,-1.0,1.0,46852.99177977682,0.10762022317794617,4,2,3,-1.0,0.0,-1.0,True,,0.00054
32.0,+,34,46853.1994,2,3,-1.0,0.0,-1.0,1.0,46853.075764733345,0.12363526665285463,101,2,3,1.0,0.0,1.0,True,,0.00054
32.0,-,5,47600.8094,2,4,-1.0,0.0,-1.0,2.0,47600.74018924741,0.06921075259015197,5,2,4,-1.0,0.0,-1.0,True,,0.0011
32.0,-,6,48334.9794,2,5,-1.0,0.0,-1.0,1.0,48335.076316647726,-0.09691664772981312,6,2,5,-1.0,0.0,-1.0,True,,0.00054
32.0,+,36,48334.99,2,5,-1.0,0.0,-1.0,1.0,48335.15761959972,-0.16761959972063778,106,2,5,1.0,0.0,1.0,True,,0.00054
32.0,-,7,49055.2494,2,6,-1.0,0.0,-1.0,1.0,49055.29236708581,-0.042967085806594696,7,2,6,-1.0,0.0,-1.0,True,,0.00054
32.0,+,37,49055.5294,2,6,-1.0,0.0,-1.0,1.0,49055.37221390607,0.15718609392934013,107,2,6,1.0,0.0,1.0,True,,0.00054
33.0,+,1,44569.1794,2,0,-1.0,0.0,-1.0,1.0,44569.097559319074,0.08184068092668895,1,2,0,1.0,0.0,1.0,True,,0.00054
33.0,-,31,44569.2494,2,0,-1.0,0.0,-1.0,1.0,44569.19075895122,0.058641048781282734,90,2,0,-1.0,0.0,-1.0,True,,0.00054
33.0,+,2,45354.8694,2,1,-1.0,0.0,-1.0,1.0,45354.94889569181,-0.07949569180345861,2,2,1,1.0,0.0,1.0,True,,0.00054
33.0,-,32,45354.9394,2,1,-1.0,0.0,-1.0,1.0,45355.04074364512,-0.10134364511759486,93,2,1,-1.0,0.0,-1.0,True,,0.00054
33.0,+,3,46127.9994,2,2,-1.0,0.0,-1.0,1.0,46127.977863177104,0.021536822896450758,3,2,2,1.0,0.0,1.0,True,,0.00054
33.0,-,33,46128.0894,2,2,-1.0,0.0,-1.0,1.0,46128.068377343065,0.021022656932473183,97,2,2,-1.0,0.0,-1.0,True,,0.00054
33.0,+,4,46888.3994,2,3,-1.0,0.0,-1.0,1.0,46888.28852640373,0.11087359626981197,4,2,3,1.0,0.0,1.0,True,,0.00054
33.0,-,34,46888.4994,2,3,-1.0,0.0,-1.0,1.0,46888.37769228484,0.12170771515957313,101,2,3,-1.0,0.0,-1.0,True,,0.00054
33.0,+,5,47635.6894,2,4,-1.0,0.0,-1.0,1.0,47635.661355302014,0.028044697988661937,5,2,4,1.0,0.0,1.0,True,,0.00054
33.0,-,35,47635.7594,2,4,-1.0,0.0,-1.0,1.0,47635.749129988675,0.010270011327520479,105,2,4,-1.0,0.0,-1.0,True,,0.00054
33.0,+,6,48369.5194,2,5,-1.0,0.0,-1.0,1.0,48369.61015308881,-0.09075308881438104,6,2,5,1.0,0.0,1.0,True,,0.00054
33.0,-,36,48369.52,2,5,-1.0,0.0,-1.0,1.0,48369.696469096714,-0.1764690967174829,106,2,5,-1.0,0.0,-1.0,True,,0.00054
33.0,+,7,49089.4094,2,6,-1.0,0.0,-1.0,1.0,49089.42331785598,-0.013917855983891059,7,2,6,1.0,0.0,1.0,True,,0.00054
33.0,-,37,49089.6394,2,6,-1.0,0.0,-1.0,1.0,49089.50808631603,0.13131368396716425,107,2,6,-1.0,0.0,-1.0,True,,0.00054
34.0,-,1,44606.6494,2,0,-1.0,0.0,-1.0,1.0,44606.58491546911,0.06448453089251416,1,2,0,-1.0,0.0,-1.0,True,,0.00054
34.0,+,31,44606.7294,2,0,-1.0,0.0,-1.0,1.0,44606.68368877011,0.04571122989000287,90,2,0,1.0,0.0,1.0,True,,0.00054
34.0,-,2,45391.9694,2,1,-1.0,0.0,-1.0,1.0,45392.05975012997,-0.0903501299690106,2,2,1,-1.0,0.0,-1.0,True,,0.00054
34.0,+,32,45392.0394,2,1,-1.0,0.0,-1.0,1.0,45392.15708996026,-0.11768996025784872,93,2,1,1.0,0.0,1.0,True,,0.00054
34.0,-,3,46164.7194,2,2,-1.0,0.0,-1.0,1.0,46164.71324770913,0.006152290872705635,3,2,2,-1.0,0.0,-1.0,True,,0.00054
34.0,+,33,46164.8094,2,2,-1.0,0.0,-1.0,1.0,46164.809173065456,0.00022693454229738563,97,2,2,1.0,0.0,1.0,True,,0.00054
34.0,-,4,46924.7394,2,3,-1.0,0.0,-1.0,1.0,46924.644831508944,0.09456849105481524,4,2,3,-1.0,0.0,-1.0,True,,0.00054
34.0,+,34,46924.8394,2,3,-1.0,0.0,-1.0,1.0,46924.73932694711,0.10007305289036594,101,2,3,1.0,0.0,1.0,True,,0.00054
34.0,-,5,47671.6194,2,4,-1.0,0.0,-1.0,1.0,47671.630567646855,-0.0111676468513906,5,2,4,-1.0,0.0,-1.0,True,,0.00054
34.0,+,35,47671.7294,2,4,-1.0,0.0,-1.0,1.0,47671.723587526285,0.005812473711557686,105,2,4,1.0,0.0,1.0,True,,0.00054
34.0,-,6,48405.0794,2,5,-1.0,0.0,-1.0,1.0,48405.18012564408,-0.1007256440789206,6,2,5,-1.0,0.0,-1.0,True,,0.00054
34.0,+,36,48405.11,2,5,-1.0,0.0,-1.0,1.0,48405.27159821151,-0.16159821151086362,106,2,5,1.0,0.0,1.0,True,,0.00054
34.0,-,7,49124.5794,2,6,-1.0,0.0,-1.0,1.0,49124.57796936941,0.0014306305893114768,7,2,6,-1.0,0.0,-1.0,True,,0.00054
34.0,+,37,49124.8294,2,6,-1.0,0.0,-1.0,1.0,49124.667800144976,0.16159985502599739,107,2,6,1.0,0.0,1.0,True,,0.00054
35.0,+,1,44645.2294,2,0,-1.0,0.0,-1.0,1.0,44645.16448831505,0.06491168494540034,1,2,0,1.0,0.0,1.0,True,,0.00054
35.0,-,31,44645.3194,2,0,-1.0,0.0,-1.0,1.0,44645.2689903136,0.05040968640241772,90,2,0,-1.0,0.0,-1.0,True,,0.00054
35.0,+,2,45430.1694,2,1,-1.0,0.0,-1.0,1.0,45430.25165340201,-0.08225340201170184,2,2,1,1.0,0.0,1.0,True,,0.00054
35.0,-,32,45430.2494,2,1,-1.0,0.0,-1.0,1.0,45430.35463774827,-0.10523774827015586,94,2,1,-1.0,0.0,-1.0,True,,0.00054
35.0,+,3,46202.5394,2,2,-1.0,0.0,-1.0,1.0,46202.51854642418,0.020853575821092818,3,2,2,1.0,0.0,1.0,True,,0.00054
35.0,-,33,46202.6394,2,2,-1.0,0.0,-1.0,1.0,46202.62003325327,0.01936674673197558,97,2,2,-1.0,0.0,-1.0,True,,0.00054
35.0,+,4,46962.1594,2,3,-1.0,0.0,-1.0,1.0,46962.05979338496,0.09960661504010204,4,2,3,1.0,0.0,1.0,True,,0.00054
35.0,-,34,46962.2594,2,3,-1.0,0.0,-1.0,1.0,46962.159766266974,0.09963373302889522,101,2,3,-1.0,0.0,-1.0,True,,0.00054
35.0,+,5,47708.6694,2,4,-1.0,0.0,-1.0,1.0,47708.64691188988,0.022488110116682947,5,2,4,1.0,0.0,1.0,True,,0.00054
35.0,-,35,47708.6694,2,4,-1.0,0.0,-1.0,1.0,47708.74532235606,-0.07592235605989117,105,2,4,-1.0,0.0,-1.0,True,,0.00054
35.0,+,6,48441.6894,2,5,-1.0,0.0,-1.0,1.0,48441.78530319845,-0.09590319844573969,6,2,5,1.0,0.0,1.0,True,,0.00054
35.0,-,36,48441.69,2,5,-1.0,0.0,-1.0,1.0,48441.88207507743,-0.19207507742976304,106,2,5,-1.0,0.0,-1.0,True,,0.00054
35.0,+,7,49160.7794,2,6,-1.0,0.0,-1.0,1.0,49160.7553686758,0.02403132420295151,7,2,6,1.0,0.0,1.0,True,,0.00054
35.0,-,37,49160.9994,2,6,-1.0,0.0,-1.0,1.0,49160.850401683536,0.14899831646471284,107,2,6,-1.0,0.0,-1.0,True,,0.00054
36.0,-,1,44684.8794,2,0,-1.0,0.0,-1.0,1.0,44684.83537584641,0.0440241535907262,1,2,0,-1.0,0.0,-1.0,True,,0.00054
36.0,+,31,44685.0094,2,0,-1.0,0.0,-1.0,1.0,44684.94576080166,0.06363919834257104,90,2,0,1.0,0.0,1.0,True,,0.00054
36.0,-,2,45469.4394,2,1,-1.0,0.0,-1.0,1.0,45469.523695325486,-0.08429532548325369,2,2,1,-1.0,0.0,-1.0,True,,0.00054
36.0,+,32,45469.5494,2,1,-1.0,0.0,-1.0,1.0,45469.63247605958,-0.08307605957816122,94,2,1,1.0,0.0,1.0,True,,0.00054
36.0,-,3,46241.3994,2,2,-1.0,0.0,-1.0,1.0,46241.39284082069,0.006559179309988394,3,2,2,-1.0,0.0,-1.0,True,,0.00054
36.0,+,33,46241.5094,2,2,-1.0,0.0,-1.0,1.0,46241.50003863794,0.009361362062918488,97,2,2,1.0,0.0,1.0,True,,0.00054
36.0,-,4,47000.6194,2,3,-1.0,0.0,-1.0,1.0,47000.53248341239,0.08691658761381404,4,2,3,-1.0,0.0,-1.0,True,,0.00054
36.0,+,34,47000.7494,2,3,-1.0,0.0,-1.0,1.0,47000.638080858276,0.11131914172437973,101,2,3,1.0,0.0,1.0,True,,0.00054
36.0,-,5,47746.7094,2,4,-1.0,0.0,-1.0,1.0,47746.70944621051,-4.62105090264231e-05,5,2,4,-1.0,0.0,-1.0,True,,0.00054
36.0,+,35,47746.8194,2,4,-1.0,0.0,-1.0,1.0,47746.81339188785,0.006008112148265354,105,2,4,1.0,0.0,1.0,True,,0.00054
36.0,-,6,48479.3194,2,5,-1.0,0.0,-1.0,1.0,48479.424726530124,-0.10532653012342053,6,2,5,-1.0,0.0,-1.0,True,,0.00054
36.0,+,36,48479.35,2,5,-1.0,0.0,-1.0,1.0,48479.52693969917,-0.17693969917309005,106,2,5,1.0,0.0,1.0,True,,0.00054
36.0,-,7,49197.9994,2,6,-1.0,0.0,-1.0,1.0,49197.95453384372,0.04486615628411528,7,2,6,-1.0,0.0,-1.0,True,,0.00054
36.0,+,37,49198.2294,2,6,-1.0,0.0,-1.0,1.0,49198.05490822012,0.17449177987873554,107,2,6,1.0,0.0,1.0,True,,0.00054
37.0,+,1,44725.6594,2,0,-1.0,0.0,-1.0,1.0,44725.59665002107,0.0627499789261492,1,2,0,1.0,0.0,1.0,True,,0.00054
37.0,-,31,44725.7494,2,0,-1.0,0.0,-1.0,1.0,44725.71307140111,0.03632859889330575,90,2,0,-1.0,0.0,-1.0,True,,0.00054
37.0,+,2,45509.7994,2,1,-1.0,0.0,-1.0,1.0,45509.874939457346,-0.0755394573425292,2,2,1,1.0,0.0,1.0,True,,0.00054
37.0,-,32,45509.8794,2,1,-1.0,0.0,-1.0,1.0,45509.98966766157,-0.1102676615701057,94,2,1,-1.0,0.0,-1.0,True,,0.00054
37.0,+,3,46281.3594,2,2,-1.0,0.0,-1.0,1.0,46281.335185844895,0.02421415510616498,3,2,2,1.0,0.0,1.0,True,,0.00054
37.0,-,33,46281.4494,2,2,-1.0,0.0,-1.0,1.0,46281.44824337764,0.0011566223547561094,98,2,2,-1.0,0.0,-1.0,True,,0.00054
37.0,+,4,47040.1594,2,3,-1.0,0.0,-1.0,1.0,47040.061946024776,0.0974539752205601,4,2,3,1.0,0.0,1.0,True,,0.00054
37.0,-,34,47040.2694,2,3,-1.0,0.0,-1.0,1.0,47040.17331436564,0.09608563435904216,102,2,3,-1.0,0.0,-1.0,True,,0.00054
37.0,+,5,47785.8294,2,4,-1.0,0.0,-1.0,1.0,47785.817201311074,0.012198688928037882,5,2,4,1.0,0.0,1.0,True,,0.00054
37.0,-,35,47785.9294,2,4,-1.0,0.0,-1.0,1.0,47785.92682603307,0.0025739669290487655,105,2,4,-1.0,0.0,-1.0,True,,0.00054
37.0,+,6,48518.0194,2,5,-1.0,0.0,-1.0,1.0,48518.09740824481,-0.07800824481091695,6,2,5,1.0,0.0,1.0,True,,0.00054
37.0,-,36,48518.02,2,5,-1.0,0.0,-1.0,1.0,48518.20520388686,-0.18520388686010847,106,2,5,-1.0,0.0,-1.0,True,,0.00054
37.0,+,7,49236.2594,2,6,-1.0,0.0,-1.0,1.0,49236.17445387476,0.08494612524373224,7,2,6,1.0,0.0,1.0,True,,0.00054
37.0,-,37,49236.4494,2,6,-1.0,0.0,-1.0,1.0,49236.28030795307,0.16909204692638014,107,2,6,-1.0,0.0,-1.0,True,,0.00054
38.0,-,1,44767.4694,2,0,-1.0,0.0,-1.0,1.0,44767.447356742625,0.0220432573769358,1,2,0,-1.0,0.0,-1.0,True,,0.00054
38.0,+,31,44767.6294,2,0,-1.0,0.0,-1.0,1.0,44767.56996720358,0.05943279642087873,90,2,0,1.0,0.0,1.0,True,,0.00054
38.0,-,2,45551.1994,2,1,-1.0,0.0,-1.0,1.0,45551.304423071546,-0.105023071548203,2,2,1,-1.0,0.0,-1.0,True,,0.00054
38.0,+,32,45551.3394,2,1,-1.0,0.0,-1.0,1.0,45551.42524901741,-0.08584901741414797,94,2,1,1.0,0.0,1.0,True,,0.00054
38.0,-,3,46322.3294,2,2,-1.0,0.0,-1.0,1.0,46322.34460986284,-0.015209862838673871,3,2,2,-1.0,0.0,-1.0,True,,0.00054
38.0,+,33,46322.4894,2,2,-1.0,0.0,-1.0,1.0,46322.463675028936,0.025724971063027624,98,2,2,1.0,0.0,1.0,True,,0.00054
38.0,-,4,47080.7094,2,3,-1.0,0.0,-1.0,1.0,47080.64719867147,0.06220132853195537,4,2,3,-1.0,0.0,-1.0,True,,0.00054
38.0,+,34,47080.8894,2,3,-1.0,0.0,-1.0,1.0,47080.76448342891,0.12491657109057996,102,2,3,1.0,0.0,1.0,True,,0.00054
38.0,-,5,47825.9594,2,4,-1.0,0.0,-1.0,1.0,47825.969180365806,-0.009780365806363989,5,2,4,-1.0,0.0,-1.0,True,,0.00054
38.0,+,35,47826.0894,2,4,-1.0,0.0,-1.0,1.0,47826.08462715413,0.004772845866682474,105,2,4,1.0,0.0,1.0,True,,0.00054
38.0,-,6,48557.7094,2,5,-1.0,0.0,-1.0,1.0,48557.802332707884,-0.09293270788475638,6,2,5,-1.0,0.0,-1.0,True,,0.00054
38.0,+,36,48557.76,2,5,-1.0,0.0,-1.0,1.0,48557.915851188365,-0.15585118836315814,106,2,5,1.0,0.0,1.0,True,,0.00054
38.0,-,7,49275.4894,2,6,-1.0,0.0,-1.0,1.0,49275.41408861256,0.07531138743797783,7,2,6,-1.0,0.0,-1.0,True,,0.00054
38.0,+,37,49275.7294,2,6,-1.0,0.0,-1.0,1.0,49275.52555990063,0.2038400993696996,107,2,6,1.0,0.0,1.0,True,,0.00054
39.0,+,1,44810.4294,2,0,-1.0,0.0,-1.0,1.0,44810.38651583674,0.04288416326016886,1,2,0,1.0,0.0,1.0,True,,0.00054
39.0,-,31,44810.5494,2,0,-1.0,0.0,-1.0,1.0,44810.51546720109,0.03393279891315615,90,2,0,-1.0,0.0,-1.0,True,,0.00054
39.0,+,2,45593.7294,2,1,-1.0,0.0,-1.0,1.0,45593.811157134915,-0.08175713491800707,2,2,1,1.0,0.0,1.0,True,,0.00054
39.0,-,32,45593.8194,2,1,-1.0,0.0,-1.0,1.0,45593.938230262786,-0.11883026278519537,94,2,1,-1.0,0.0,-1.0,True,,0.00054
39.0,+,3,46364.4394,2,2,-1.0,0.0,-1.0,1.0,46364.42011463285,0.01928536715422524,3,2,2,1.0,0.0,1.0,True,,0.00054
39.0,-,33,46364.5494,2,2,-1.0,0.0,-1.0,1.0,46364.54533451966,0.004065480345161632,98,2,2,-1.0,0.0,-1.0,True,,0.00054
39.0,+,4,47122.3694,2,3,-1.0,0.0,-1.0,1.0,47122.287231780036,0.08216821996757062,4,2,3,1.0,0.0,1.0,True,,0.00054
39.0,-,34,47122.5094,2,3,-1.0,0.0,-1.0,1.0,47122.41057764409,0.09882235591067001,102,2,3,-1.0,0.0,-1.0,True,,0.00054
39.0,+,5,47867.1694,2,4,-1.0,0.0,-1.0,1.0,47867.164358969916,0.005041030082793441,5,2,4,1.0,0.0,1.0,True,,0.00054
39.0,-,35,47867.2594,2,4,-1.0,0.0,-1.0,1.0,47867.28577001189,-0.02637001188850263,105,2,4,-1.0,0.0,-1.0,True,,0.00054
39.0,+,6,48598.4794,2,5,-1.0,0.0,-1.0,1.0,48598.53845597359,-0.05905597359378589,6,2,5,1.0,0.0,1.0,True,,0.00054
39.0,-,36,48598.46,2,5,-1.0,0.0,-1.0,1.0,48598.65783681877,-0.19783681877015624,106,2,5,-1.0,0.0,-1.0,True,,0.00054
39.0,+,7,49315.8194,2,6,-1.0,0.0,-1.0,1.0,49315.67236864978,0.14703135022136848,7,2,6,1.0,0.0,1.0,True,,0.00054
39.0,-,37,49315.9894,2,6,-1.0,0.0,-1.0,1.0,49315.789593807676,0.19980619232228491,107,2,6,-1.0,0.0,-1.0,True,,0.00054
40.0,-,1,44854.4094,2,0,-1.0,0.0,-1.0,1.0,44854.413121026424,-0.003721026427228935,1,2,0,-1.0,0.0,-1.0,True,,0.00054
40.0,+,31,44854.6094,2,0,-1.0,0.0,-1.0,1.0,44854.548564261924,0.06083573807700304,90,2,0,1.0,0.0,1.0,True,,0.00054
40.0,-,2,45637.2794,2,1,-1.0,0.0,-1.0,1.0,45637.39412628393,-0.11472628392948536,2,2,1,-1.0,0.0,-1.0,True,,0.00054
40.0,+,32,45637.4594,2,1,-1.0,0.0,-1.0,1.0,45637.527595181156,-0.06819518115662504,94,2,1,1.0,0.0,1.0,True,,0.00054
40.0,-,3,46407.5594,2,2,-1.0,0.0,-1.0,1.0,46407.56067527604,-0.001275276044907514,3,2,2,-1.0,0.0,-1.0,True,,0.00054
40.0,+,33,46407.7294,2,2,-1.0,0.0,-1.0,1.0,46407.69219611895,0.0372038810455706,98,2,2,1.0,0.0,1.0,True,,0.00054
40.0,-,4,47165.0294,2,3,-1.0,0.0,-1.0,1.0,47164.98100871647,0.048391283526143525,4,2,3,-1.0,0.0,-1.0,True,,0.00054
40.0,+,34,47165.2294,2,3,-1.0,0.0,-1.0,1.0,47165.110559525056,0.11884047494095284,102,2,3,1.0,0.0,1.0,True,,0.00054
40.0,-,5,47909.3694,2,4,-1.0,0.0,-1.0,1.0,47909.40168508521,-0.03228508520987816,5,2,4,-1.0,0.0,-1.0,True,,0.00054
40.0,+,35,47909.5194,2,4,-1.0,0.0,-1.0,1.0,47909.52920171254,-0.009801712541957386,105,2,4,1.0,0.0,1.0,True,,0.00054
40.0,-,6,48640.2194,2,5,-1.0,0.0,-1.0,1.0,48640.30470571238,-0.08530571237497497,6,2,5,-1.0,0.0,-1.0,True,,0.00054
40.0,+,36,48640.3894,2,5,-1.0,0.0,-1.0,1.0,48640.430087587316,-0.04068758731591515,106,2,5,1.0,0.0,1.0,True,,0.00054
40.0,-,7,49357.0594,2,6,-1.0,0.0,-1.0,1.0,49356.94819523103,0.11120476896758191,7,2,6,-1.0,0.0,-1.0,True,,0.00054
40.0,+,37,49357.2994,2,6,-1.0,0.0,-1.0,1.0,49357.07131004872,0.22808995128434617,107,2,6,1.0,0.0,1.0,True,,0.00054
41.0,+,1,44899.5394,2,0,-1.0,0.0,-1.0,1.0,44899.52613990723,0.013260092768177856,1,2,0,1.0,0.0,1.0,True,,0.00054
41.0,-,31,44899.6994,2,0,-1.0,0.0,-1.0,1.0,44899.66822510596,0.031174894036666956,90,2,0,-1.0,0.0,-1.0,True,,0.00054
41.0,+,2,45681.9694,2,1,-1.0,0.0,-1.0,1.0,45682.052288799394,-0.08288879939209437,2,2,1,1.0,0.0,1.0,True,,0.00054
41.0,-,32,45662.0794,2,1,-1.0,0.0,-1.0,0.0,45682.19230117973,-20.112901179731125,94,2,1,-1.0,0.0,-1.0,True,,0.0
41.0,+,3,46451.7794,2,2,-1.0,0.0,-1.0,1.0,46451.76524024588,0.01415975412237458,3,2,2,1.0,0.0,1.0,True,,0.00054
41.0,-,33,46451.9094,2,2,-1.0,0.0,-1.0,1.0,46451.90320740795,0.006192592045408674,98,2,2,-1.0,0.0,-1.0,True,,0.00054
41.0,+,4,47208.7894,2,3,-1.0,0.0,-1.0,1.0,47208.72746574517,0.06193425483070314,4,2,3,1.0,0.0,1.0,True,,0.00054
41.0,-,34,47208.9494,2,3,-1.0,0.0,-1.0,1.0,47208.863364462195,0.08603553780267248,102,2,3,-1.0,0.0,-1.0,True,,0.00054
41.0,+,5,47952.6794,2,4,-1.0,0.0,-1.0,1.0,47952.68007898396,-0.0006789839608245529,5,2,4,1.0,0.0,1.0,True,,0.00054
41.0,-,35,47952.7094,2,4,-1.0,0.0,-1.0,1.0,47952.813841651725,-0.10444165172521025,105,2,4,-1.0,0.0,-1.0,True,,0.00054
41.0,+,6,48683.0094,2,5,-1.0,0.0,-1.0,1.0,48683.09998113582,-0.09058113581704674,6,2,5,1.0,0.0,1.0,True,,0.00054
41.0,-,36,48683.1694,2,5,-1.0,0.0,-1.0,1.0,48683.23150182235,-0.062101822353724856,106,2,5,-1.0,0.0,-1.0,True,,0.00054
41.0,+,7,49399.3994,2,6,-1.0,0.0,-1.0,1.0,49399.24044015355,0.15895984644885175,7,2,6,1.0,0.0,1.0,True,,0.00054
41.0,-,37,49399.5994,2,6,-1.0,0.0,-1.0,1.0,49399.3695795283,0.22982047170080477,107,2,6,-1.0,0.0,-1.0,True,,0.00054
42.0,-,1,44945.7294,2,0,-1.0,0.0,-1.0,1.0,44945.724513920824,0.004886079172138125,1,2,0,-1.0,0.0,-1.0,True,,0.00054
42.0,+,31,44945.9194,2,0,-1.0,0.0,-1.0,1.0,44945.87339027835,0.04600972164917039,90,2,0,1.0,0.0,1.0,True,,0.00054
42.0,-,2,45727.6794,2,1,-1.0,0.0,-1.0,1.0,45727.78457658092,-0.10517658091703197,2,2,1,-1.0,0.0,-1.0,True,,0.00054
42.0,+,32,45727.8594,2,1,-1.0,0.0,-1.0,1.0,45727.93127926358,-0.07187926358164987,94,2,1,1.0,0.0,1.0,True,,0.00054
42.0,-,3,46497.0194,2,2,-1.0,0.0,-1.0,1.0,46497.032731297346,-0.01333129734848626,3,2,2,-1.0,0.0,-1.0,True,,0.00054
42.0,+,33,46497.2094,2,2,-1.0,0.0,-1.0,1.0,46497.17728924771,0.032110752290464006,98,2,2,1.0,0.0,1.0,True,,0.00054
42.0,-,4,47253.5694,2,3,-1.0,0.0,-1.0,1.0,47253.525511986554,0.04388801344612148,4,2,3,-1.0,0.0,-1.0,True,,0.00054
42.0,+,34,47253.7794,2,3,-1.0,0.0,-1.0,1.0,47253.66790068147,0.11149931853287853,102,2,3,1.0,0.0,1.0,True,,0.00054
42.0,-,5,47996.9494,2,4,-1.0,0.0,-1.0,1.0,47996.99843319227,-0.049033192270144355,5,2,4,-1.0,0.0,-1.0,True,,0.00054
42.0,+,35,47996.5994,2,4,-1.0,0.0,-1.0,1.0,47997.13858145702,-0.5391814570175484,105,2,4,1.0,0.0,1.0,True,,0.00054
42.0,-,6,48726.8194,2,5,-1.0,0.0,-1.0,1.0,48726.923152918476,-0.10375291847594781,6,2,5,-1.0,0.0,-1.0,True,,0.00054
42.0,+,36,48727.0294,2,5,-1.0,0.0,-1.0,1.0,48727.06094929358,-0.03154929357697256,106,2,5,1.0,0.0,1.0,True,,0.00054
42.0,-,7,49442.6894,2,6,-1.0,0.0,-1.0,1.0,49442.54794566265,0.14145433735393453,7,2,6,-1.0,0.0,-1.0,True,,0.00054
42.0,+,37,49442.9694,2,6,-1.0,0.0,-1.0,1.0,49442.68324357704,0.28615642296063015,107,2,6,1.0,0.0,1.0,True,,0.00054
43.0,+,1,44993.0194,2,0,-1.0,0.0,-1.0,1.0,44993.00715832807,0.01224167192413006,1,2,0,1.0,0.0,1.0,True,,0.00054
43.0,-,31,44993.1794,2,0,-1.0,0.0,-1.0,1.0,44993.16297412143,0.016425878573500086,90,2,0,-1.0,0.0,-1.0,True,,0.00054
43.0,+,2,45774.4994,2,1,-1.0,0.0,-1.0,1.0,45774.58989512066,-0.09049512066121679,2,2,1,1.0,0.0,1.0,True,,0.00054
43.0,-,32,45774.6194,2,1,-1.0,0.0,-1.0,1.0,45774.74343400902,-0.12403400901530404,94,2,1,-1.0,0.0,-1.0,True,,0.00054
43.0,+,3,46543.3694,2,2,-1.0,0.0,-1.0,1.0,46543.36204345469,0.007356545313086826,3,2,2,1.0,0.0,1.0,True,,0.00054
43.0,-,33,46543.5094,2,2,-1.0,0.0,-1.0,1.0,46543.51333574757,-0.003935747568903025,98,2,2,-1.0,0.0,-1.0,True,,0.00054
43.0,+,4,47299.4394,2,3,-1.0,0.0,-1.0,1.0,47299.37402937384,0.06537062616553158,4,2,3,1.0,0.0,1.0,True,,0.00054
43.0,-,34,47299.5994,2,3,-1.0,0.0,-1.0,1.0,47299.52304920019,0.07635079981264425,102,2,3,-1.0,0.0,-1.0,True,,0.00054
43.0,+,5,48042.3494,2,4,-1.0,0.0,-1.0,1.0,48042.35561243001,-0.006212430009327363,5,2,4,1.0,0.0,1.0,True,,0.00054
43.0,-,35,48042.6694,2,4,-1.0,0.0,-1.0,1.0,48042.50228492846,0.16711507154104766,105,2,4,-1.0,0.0,-1.0,True,,0.00054
43.0,+,6,48771.6794,2,5,-1.0,0.0,-1.0,1.0,48771.773063117435,-0.09366311743360711,6,2,5,1.0,0.0,1.0,True,,0.00054
43.0,-,36,48771.8594,2,5,-1.0,0.0,-1.0,1.0,48771.9172711313,-0.05787113129917998,106,2,5,-1.0,0.0,-1.0,True,,0.00054
43.0,+,7,49487.0594,2,6,-1.0,0.0,-1.0,1.0,49486.86952434609,0.18987565390852978,7,2,6,1.0,0.0,1.0,True,,0.00054
43.0,-,37,49487.2894,2,6,-1.0,0.0,-1.0,1.0,49487.01111384489,0.2782861551095266,107,2,6,-1.0,0.0,-1.0,True,,0.00054
44.0,-,1,45041.3594,2,0,-1.0,0.0,-1.0,1.0,45041.37296218168,-0.013562181680754293,1,2,0,-1.0,0.0,-1.0,True,,0.00054
44.0,+,31,45041.5794,2,0,-1.0,0.0,-1.0,1.0,45041.53586475009,0.04353524991165614,91,2,0,1.0,0.0,1.0,True,,0.00054
44.0,-,2,45822.3494,2,1,-1.0,0.0,-1.0,1.0,45822.46712347555,-0.11772347555233864,2,2,1,-1.0,0.0,-1.0,True,,0.00054
44.0,+,32,45822.5594,2,1,-1.0,0.0,-1.0,1.0,45822.62764353656,-0.06824353655974846,94,2,1,1.0,0.0,1.0,True,,0.00054
44.0,-,3,46590.7294,2,2,-1.0,0.0,-1.0,1.0,46590.752044978224,-0.022644978227617685,3,2,2,-1.0,0.0,-1.0,True,,0.00054
44.0,+,33,46590.9394,2,2,-1.0,0.0,-1.0,1.0,46590.910214232485,0.029185767518356442,98,2,2,1.0,0.0,1.0,True,,0.00054
44.0,-,4,47346.3194,2,3,-1.0,0.0,-1.0,1.0,47346.27187260861,0.04752739139075857,4,2,3,-1.0,0.0,-1.0,True,,0.00054
44.0,+,34,47346.5394,2,3,-1.0,0.0,-1.0,1.0,47346.42766378267,0.11173621733178152,102,2,3,1.0,0.0,1.0,True,,0.00054
44.0,-,5,48088.7094,2,4,-1.0,0.0,-1.0,1.0,48088.7504535498,-0.0410535498012905,5,2,4,-1.0,0.0,-1.0,True,,0.00054
44.0,+,35,48089.0294,2,4,-1.0,0.0,-1.0,1.0,48088.90378797753,0.12561202247161418,105,2,4,1.0,0.0,1.0,True,,0.00054
44.0,-,6,48817.5394,2,5,-1.0,0.0,-1.0,1.0,48817.64852508936,-0.10912508935871301,6,2,5,-1.0,0.0,-1.0,True,,0.00054
44.0,+,36,48817.7794,2,5,-1.0,0.0,-1.0,1.0,48817.79927974339,-0.019879743391356897,106,2,5,1.0,0.0,1.0,True,,0.00054
44.0,-,7,49532.3894,2,6,-1.0,0.0,-1.0,1.0,49532.20395902254,0.18544097746053012,7,2,6,-1.0,0.0,-1.0,True,,0.00054
44.0,+,37,49532.6894,2,6,-1.0,0.0,-1.0,1.0,49532.351972191034,0.33742780896864133,107,2,6,1.0,0.0,1.0,True,,0.00054
45.0,+,1,45090.8194,2,0,-1.0,0.0,-1.0,1.0,45090.82078829755,-0.0013882975472370163,1,2,0,1.0,0.0,1.0,True,,0.00054
45.0,-,31,45090.9994,2,0,-1.0,0.0,-1.0,1.0,45090.99092401996,0.008475980037474073,91,2,0,-1.0,0.0,-1.0,True,,0.00054
45.0,+,2,45871.3194,2,1,-1.0,0.0,-1.0,1.0,45871.415114239666,-0.09571423966553994,2,2,1,1.0,0.0,1.0,True,,0.00054
45.0,-,32,45871.4994,2,1,-1.0,0.0,-1.0,1.0,45871.58275948323,-0.08335948322928743,94,2,1,-1.0,0.0,-1.0,True,,0.00054
45.0,+,3,46639.1994,2,2,-1.0,0.0,-1.0,1.0,46639.20157732951,-0.0021773295156890526,3,2,2,1.0,0.0,1.0,True,,0.00054
45.0,-,33,46639.3794,2,2,-1.0,0.0,-1.0,1.0,46639.366765207604,0.012634792394237593,98,2,2,-1.0,0.0,-1.0,True,,0.00054
45.0,+,4,47394.2794,2,3,-1.0,0.0,-1.0,1.0,47394.21786911432,0.06153088567953091,4,2,3,1.0,0.0,1.0,True,,0.00054
45.0,-,34,47394.4594,2,3,-1.0,0.0,-1.0,1.0,47394.380570894384,0.0788291056160233,102,2,3,-1.0,0.0,-1.0,True,,0.00054
45.0,+,5,48136.1494,2,4,-1.0,0.0,-1.0,1.0,48136.18176547374,-0.03236547373671783,5,2,4,1.0,0.0,1.0,True,,0.00054
45.0,-,35,48136.3994,2,4,-1.0,0.0,-1.0,1.0,48136.34189856382,0.057501436182064936,105,2,4,-1.0,0.0,-1.0,True,,0.00054
45.0,+,6,48864.4594,2,5,-1.0,0.0,-1.0,1.0,48864.54832340467,-0.088923404669913,6,2,5,1.0,0.0,1.0,True,,0.00054
45.0,-,36,48864.6394,2,5,-1.0,0.0,-1.0,1.0,48864.705758730204,-0.06635873020422878,106,2,5,-1.0,0.0,-1.0,True,,0.00054
45.0,+,7,49578.7594,2,6,-1.0,0.0,-1.0,1.0,49578.55000262775,0.2093973722512601,7,2,6,1.0,0.0,1.0,True,,0.00054
45.0,-,37,49579.0194,2,6,-1.0,0.0,-1.0,1.0,49578.70457056891,0.3148294310885831,107,2,6,-1.0,0.0,-1.0,True,,0.00054
46.0,-,1,45141.3194,2,0,-1.0,0.0,-1.0,1.0,45141.3494732251,-0.030073225098021794,1,2,0,-1.0,0.0,-1.0,True,,0.00054
46.0,+,31,45141.5594,2,0,-1.0,0.0,-1.0,1.0,45141.52698750034,0.03241249965503812,91,2,0,1.0,0.0,1.0,True,,0.00054
46.0,-,2,45921.3094,2,1,-1.0,0.0,-1.0,1.0,45921.43269351471,-0.12329351471271366,2,2,1,-1.0,0.0,-1.0,True,,0.00054
46.0,+,32,45921.5394,2,1,-1.0,0.0,-1.0,1.0,45921.60760697259,-0.0682069725880865,95,2,1,1.0,0.0,1.0,True,,0.00054
46.0,-,3,46688.6894,2,2,-1.0,0.0,-1.0,1.0,46688.70945513734,-0.020055137334566098,3,2,2,-1.0,0.0,-1.0,True,,0.00054
46.0,+,33,46688.9194,2,2,-1.0,0.0,-1.0,1.0,46688.881802324206,0.03759767579322215,98,2,2,1.0,0.0,1.0,True,,0.00054
46.0,-,4,47443.2394,2,3,-1.0,0.0,-1.0,1.0,47443.21081898906,0.028581010941707063,4,2,3,-1.0,0.0,-1.0,True,,0.00054
46.0,+,34,47443.4894,2,3,-1.0,0.0,-1.0,1.0,47443.380569654604,0.10883034539438086,102,2,3,1.0,0.0,1.0,True,,0.00054
46.0,-,5,48184.5894,2,4,-1.0,0.0,-1.0,1.0,48184.64832912767,-0.058929127670126036,5,2,4,-1.0,0.0,-1.0,True,,0.00054
46.0,+,35,48184.8694,2,4,-1.0,0.0,-1.0,1.0,48184.81539662931,0.05400337069295347,105,2,4,1.0,0.0,1.0,True,,0.00054
46.0,-,6,48912.3594,2,5,-1.0,0.0,-1.0,1.0,48912.47121375885,-0.11181375884916633,6,2,5,-1.0,0.0,-1.0,True,,0.00054
46.0,+,36,48912.5894,2,5,-1.0,0.0,-1.0,1.0,48912.63546279459,-0.04606279459403595,106,2,5,1.0,0.0,1.0,True,,0.00054
46.0,-,7,49626.0894,2,6,-1.0,0.0,-1.0,1.0,49625.90637809715,0.18302190284885,7,2,6,-1.0,0.0,-1.0,True,,0.00054
46.0,+,37,49626.4694,2,6,-1.0,0.0,-1.0,1.0,49626.06763090905,0.4017690909531666,107,2,6,1.0,0.0,1.0,True,,0.00054
47.0,+,1,45192.9394,2,0,-1.0,0.0,-1.0,1.0,45192.957827217404,-0.018427217401040252,1,2,0,1.0,0.0,1.0,True,,0.00054
47.0,-,31,45193.1494,2,0,-1.0,0.0,-1.0,1.0,45193.14286444279,0.006535557215102017,91,2,0,-1.0,0.0,-1.0,True,,0.00054
47.0,+,2,45972.4294,2,1,-1.0,0.0,-1.0,1.0,45972.518660880436,-0.08926088043517666,2,2,1,1.0,0.0,1.0,True,,0.00054
47.0,-,32,45972.6194,2,1,-1.0,0.0,-1.0,1.0,45972.70098458589,-0.08158458588877693,95,2,1,-1.0,0.0,-1.0,True,,0.00054
47.0,+,3,46739.2694,2,2,-1.0,0.0,-1.0,1.0,46739.27446615952,-0.005066159523266833,3,2,2,1.0,0.0,1.0,True,,0.00054
47.0,-,33,46739.4594,2,2,-1.0,0.0,-1.0,1.0,46739.45411234275,0.005287657251756173,99,2,2,-1.0,0.0,-1.0,True,,0.00054
47.0,+,4,47493.2794,2,3,-1.0,0.0,-1.0,1.0,47493.249494956064,0.029905043935286812,4,2,3,1.0,0.0,1.0,True,,0.00054
47.0,-,34,47493.4894,2,3,-1.0,0.0,-1.0,1.0,47493.42643178637,0.06296821362775518,103,2,3,-1.0,0.0,-1.0,True,,0.00054
47.0,+,5,48234.1194,2,4,-1.0,0.0,-1.0,1.0,48234.148897374354,-0.029497374351194594,5,2,4,1.0,0.0,1.0,True,,0.00054
47.0,-,35,48234.3494,2,4,-1.0,0.0,-1.0,1.0,48234.32303403158,0.0263659684205777,105,2,4,-1.0,0.0,-1.0,True,,0.00054
47.0,+,6,48961.3194,2,5,-1.0,0.0,-1.0,1.0,48961.41592288134,-0.09652288133656839,6,2,5,1.0,0.0,1.0,True,,0.00054
47.0,-,36,48961.5094,2,5,-1.0,0.0,-1.0,1.0,48961.5871176523,-0.07771765229699668,106,2,5,-1.0,0.0,-1.0,True,,0.00054
48.0,-,1,45245.5994,2,0,-1.0,0.0,-1.0,1.0,45245.64463419952,-0.0452341995187453,1,2,0,-1.0,0.0,-1.0,True,,0.00054
48.0,+,31,45245.8494,2,0,-1.0,0.0,-1.0,1.0,45245.837337751094,0.01206224890484009,91,2,0,1.0,0.0,1.0,True,,0.00054
48.0,-,2,46024.5594,2,1,-1.0,0.0,-1.0,1.0,46024.67178936393,-0.11238936393056065,2,2,1,-1.0,0.0,-1.0,True,,0.00054
48.0,+,32,46024.7894,2,1,-1.0,0.0,-1.0,1.0,46024.86166433098,-0.07226433097821428,95,2,1,1.0,0.0,1.0,True,,0.00054
48.0,-,3,46790.8794,2,2,-1.0,0.0,-1.0,1.0,46790.89537124706,-0.015971247063134797,3,2,2,-1.0,0.0,-1.0,True,,0.00054
48.0,+,33,46791.0894,2,2,-1.0,0.0,-1.0,1.0,46791.08245509511,0.0069449048896785825,99,2,2,1.0,0.0,1.0,True,,0.00054
48.0,-,4,47544.3494,2,3,-1.0,0.0,-1.0,1.0,47544.3326423131,0.016757686898927204,4,2,3,-1.0,0.0,-1.0,True,,0.00054
48.0,+,34,47544.5794,2,3,-1.0,0.0,-1.0,1.0,47544.516901567105,0.0624984328969731,103,2,3,1.0,0.0,1.0,True,,0.00054
48.0,-,5,48284.5994,2,4,-1.0,0.0,-1.0,1.0,48284.68219494346,-0.08279494346061256,5,2,4,-1.0,0.0,-1.0,True,,0.00054
48.0,+,35,48284.8794,2,4,-1.0,0.0,-1.0,1.0,48284.86353447401,0.015865525987464935,105,2,4,1.0,0.0,1.0,True,,0.00054
48.0,-,6,49011.2594,2,5,-1.0,0.0,-1.0,1.0,49011.38114844068,-0.12174844068067614,6,2,5,-1.0,0.0,-1.0,True,,0.00054
48.0,+,36,49011.5194,2,5,-1.0,0.0,-1.0,1.0,49011.55941993602,-0.04001993602287257,106,2,5,1.0,0.0,1.0,True,,0.00054
48.0,-,7,49723.8694,2,6,-1.0,0.0,-1.0,1.0,49723.64486563016,0.2245343698450597,7,2,6,-1.0,0.0,-1.0,True,,0.00054
48.0,+,37,49724.2094,2,6,-1.0,0.0,-1.0,1.0,49723.81987434725,0.38952565274666995,107,2,6,1.0,0.0,1.0,True,,0.00054
49.0,+,1,45299.3794,2,0,-1.0,0.0,-1.0,1.0,45299.408651737125,-0.029251737127196975,1,2,0,1.0,0.0,1.0,True,,0.00054
49.0,-,31,45299.5994,2,0,-1.0,0.0,-1.0,1.0,45299.60916394803,-0.009763948030013125,91,2,0,-1.0,0.0,-1.0,True,,0.00054
49.0,+,2,46077.7894,2,1,-1.0,0.0,-1.0,1.0,46077.890825407456,-0.10142540745437145,2,2,1,1.0,0.0,1.0,True,,0.00054
49.0,-,32,46077.9994,2,1,-1.0,0.0,-1.0,1.0,46078.088391610836,-0.08899161083536455,95,2,1,-1.0,0.0,-1.0,True,,0.00054
49.0,+,3,46843.5594,2,2,-1.0,0.0,-1.0,1.0,46843.570904303815,-0.01150430381676415,3,2,2,1.0,0.0,1.0,True,,0.00054
49.0,-,33,46843.7594,2,2,-1.0,0.0,-1.0,1.0,46843.76556344646,-0.006163446458231192,99,2,2,-1.0,0.0,-1.0,True,,0.00054
49.0,+,4,47596.4694,2,3,-1.0,0.0,-1.0,1.0,47596.45897888079,0.01042111920833122,4,2,3,1.0,0.0,1.0,True,,0.00054
49.0,-,34,47596.6694,2,3,-1.0,0.0,-1.0,1.0,47596.65069577556,0.01870422443607822,103,2,3,-1.0,0.0,-1.0,True,,0.00054
49.0,+,5,48336.1694,2,4,-1.0,0.0,-1.0,1.0,48336.24691836011,-0.07751836011448177,5,2,4,1.0,0.0,1.0,True,,0.00054
49.0,-,35,48336.4194,2,4,-1.0,0.0,-1.0,1.0,48336.43559343398,-0.01619343397760531,105,2,4,-1.0,0.0,-1.0,True,,0.00054
49.0,+,6,49062.2594,2,5,-1.0,0.0,-1.0,1.0,49062.36555894808,-0.10615894807415316,6,2,5,1.0,0.0,1.0,True,,0.00054
49.0,-,36,49062.4894,2,5,-1.0,0.0,-1.0,1.0,49062.55103709906,-0.061637099061044864,106,2,5,-1.0,0.0,-1.0,True,,0.00054
49.0,+,7,49774.2894,2,6,-1.0,0.0,-1.0,1.0,49774.02427244493,0.26512755507428665,7,2,6,1.0,0.0,1.0,True,,0.00054
49.0,-,37,49774.6294,2,6,-1.0,0.0,-1.0,1.0,49774.20635007464,0.42304992536082864,107,2,6,-1.0,0.0,-1.0,True,,0.00054
50.0,-,1,45354.1794,2,0,-1.0,0.0,-1.0,1.0,45354.24861100294,-0.06921100294130156,1,2,0,-1.0,0.0,-1.0,True,,0.00054
50.0,+,31,45354.4594,2,0,-1.0,0.0,-1.0,1.0,45354.45707314352,0.002326856476429384,91,2,0,1.0,0.0,1.0,True,,0.00054
50.0,-,2,46132.0594,2,1,-1.0,0.0,-1.0,1.0,46132.17448883626,-0.11508883626083843,2,2,1,-1.0,0.0,-1.0,True,,0.00054
50.0,+,32,46132.3094,2,1,-1.0,0.0,-1.0,1.0,46132.37988519009,-0.0704851900882204,95,2,1,1.0,0.0,1.0,True,,0.00054
50.0,-,3,46897.2694,2,2,-1.0,0.0,-1.0,1.0,46897.29977224802,-0.03037224802392302,3,2,2,-1.0,0.0,-1.0,True,,0.00054
50.0,+,33,46897.5194,2,2,-1.0,0.0,-1.0,1.0,46897.50214325537,0.017256744627957232,99,2,2,1.0,0.0,1.0,True,,0.00054
50.0,-,4,47649.7444,2,3,-1.0,0.0,-1.0,2.0,47649.627194948385,0.11720505161792971,4,2,3,-1.0,0.0,-1.0,True,,0.0011
50.0,-,5,48388.7494,2,4,-1.0,0.0,-1.0,1.0,48388.84173587083,-0.09233587083144812,5,2,4,-1.0,0.0,-1.0,True,,0.00054
50.0,+,35,48389.0194,2,4,-1.0,0.0,-1.0,1.0,48389.03787808947,-0.01847808947059093,105,2,4,1.0,0.0,1.0,True,,0.00054
50.0,-,6,49114.2494,2,5,-1.0,0.0,-1.0,1.0,49114.36779365634,-0.11839365633932175,6,2,5,-1.0,0.0,-1.0,True,,0.00054
50.0,+,36,49114.4894,2,5,-1.0,0.0,-1.0,1.0,49114.56060731513,-0.07120731512986822,106,2,5,1.0,0.0,1.0,True,,0.00054
50.0,-,7,49825.6694,2,6,-1.0,0.0,-1.0,1.0,49825.40860036232,0.26079963767551817,7,2,6,-1.0,0.0,-1.0,True,,0.00054
50.0,+,37,49826.0494,2,6,-1.0,0.0,-1.0,1.0,49825.59787275905,0.45152724095532903,107,2,6,1.0,0.0,1.0,True,,0.00054
51.0,+,1,45410.1094,2,0,-1.0,0.0,-1.0,1.0,45410.16321674329,-0.053816743289644364,1,2,0,1.0,0.0,1.0,True,,0.00054
51.0,-,31,45410.3494,2,0,-1.0,0.0,-1.0,1.0,45410.37976900033,-0.030369000327482354,91,2,0,-1.0,0.0,-1.0,True,,0.00054
51.0,+,2,46187.4194,2,1,-1.0,0.0,-1.0,1.0,46187.521472824475,-0.10207282447663601,2,2,1,1.0,0.0,1.0,True,,0.00054
51.0,-,32,46187.6394,2,1,-1.0,0.0,-1.0,1.0,46187.734837163196,-0.09543716319603845,95,2,1,-1.0,0.0,-1.0,True,,0.00054
51.0,+,3,46952.0594,2,2,-1.0,0.0,-1.0,1.0,46952.080654970254,-0.021254970255540684,3,2,2,1.0,0.0,1.0,True,,0.00054
51.0,-,33,46952.2594,2,2,-1.0,0.0,-1.0,1.0,46952.29087333223,-0.03147333223023452,99,2,2,-1.0,0.0,-1.0,True,,0.00054
51.0,+,4,47703.8094,2,3,-1.0,0.0,-1.0,1.0,47703.83595321791,-0.02655321791098686,4,2,3,1.0,0.0,1.0,True,,0.00054
51.0,-,34,47704.0794,2,3,-1.0,0.0,-1.0,1.0,47704.04298677535,0.036413224654097576,103,2,3,-1.0,0.0,-1.0,True,,0.00054
51.0,+,5,48442.3294,2,4,-1.0,0.0,-1.0,1.0,48442.465287367806,-0.13588736780366162,5,2,4,1.0,0.0,1.0,True,,0.00054
51.0,-,35,48442.6394,2,4,-1.0,0.0,-1.0,1.0,48442.66902724265,-0.029627242649439722,105,2,4,-1.0,0.0,-1.0,True,,0.00054
51.0,+,6,49167.2694,2,5,-1.0,0.0,-1.0,1.0,49167.38646245655,-0.1170624565493199,6,2,5,1.0,0.0,1.0,True,,0.00054
51.0,-,36,49167.5094,2,5,-1.0,0.0,-1.0,1.0,49167.58673937416,-0.07733937415468972,106,2,5,-1.0,0.0,-1.0,True,,0.00054
51.0,+,7,49878.1094,2,6,-1.0,0.0,-1.0,1.0,49877.796420407256,0.31297959274525056,7,2,6,1.0,0.0,1.0,True,,0.00054
51.0,-,37,49878.4094,2,6,-1.0,0.0,-1.0,1.0,49877.99301230836,0.41638769163546385,107,2,6,-1.0,0.0,-1.0,True,,0.00054
52.0,-,1,45467.0894,2,0,-1.0,0.0,-1.0,1.0,45467.15114724264,-0.06174724264565157,1,2,0,-1.0,0.0,-1.0,True,,0.00054
52.0,+,31,45467.3594,2,0,-1.0,0.0,-1.0,1.0,45467.37592869924,-0.016528699241462164,91,2,0,1.0,0.0,1.0,True,,0.00054
52.0,-,2,46243.7994,2,1,-1.0,0.0,-1.0,1.0,46243.93044386136,-0.13104386135819368,2,2,1,-1.0,0.0,-1.0,True,,0.00054
52.0,+,32,46244.0494,2,1,-1.0,0.0,-1.0,1.0,46244.15191291777,-0.10251291776512517,95,2,1,1.0,0.0,1.0,True,,0.00054
52.0,-,3,47007.8794,2,2,-1.0,0.0,-1.0,1.0,47007.91220529119,-0.03280529119365383,3,2,2,-1.0,0.0,-1.0,True,,0.00054
52.0,+,33,47008.0994,2,2,-1.0,0.0,-1.0,1.0,47008.13040539758,-0.031005397577246185,99,2,2,1.0,0.0,1.0,True,,0.00054
52.0,-,4,47759.0694,2,3,-1.0,0.0,-1.0,1.0,47759.08388874804,-0.014488748041912913,4,2,3,-1.0,0.0,-1.0,True,,0.00054
52.0,+,34,47759.3194,2,3,-1.0,0.0,-1.0,1.0,47759.298779140794,0.020620859206246678,103,2,3,1.0,0.0,1.0,True,,0.00054
52.0,-,5,48496.9994,2,4,-1.0,0.0,-1.0,1.0,48497.116184309525,-0.1167843095245189,5,2,4,-1.0,0.0,-1.0,True,,0.00054
52.0,+,35,48491.2594,2,4,-1.0,0.0,-1.0,1.0,48497.32765124095,-6.068251240947575,105,2,4,1.0,0.0,1.0,True,,0.00054
52.0,-,6,49221.2794,2,5,-1.0,0.0,-1.0,1.0,49221.42014577185,-0.14074577185238013,6,2,5,-1.0,0.0,-1.0,True,,0.00054
52.0,+,36,49221.5594,2,5,-1.0,0.0,-1.0,1.0,49221.628012576504,-0.06861257650598418,106,2,5,1.0,0.0,1.0,True,,0.00054
52.0,-,7,49931.4694,2,6,-1.0,0.0,-1.0,1.0,49931.18627281237,0.28312718763481826,7,2,6,-1.0,0.0,-1.0,True,,0.00054
53.0,+,1,45525.1594,2,0,-1.0,0.0,-1.0,1.0,45525.21105428851,-0.05165428851614706,1,2,0,1.0,0.0,1.0,True,,0.00054
53.0,-,31,45525.4094,2,0,-1.0,0.0,-1.0,1.0,45525.44420290378,-0.034802903785021044,92,2,0,-1.0,0.0,-1.0,True,,0.00054
53.0,+,2,46301.2594,2,1,-1.0,0.0,-1.0,1.0,46301.4000417145,-0.14064171449717833,2,2,1,1.0,0.0,1.0,True,,0.00054
53.0,-,32,46301.5494,2,1,-1.0,0.0,-1.0,1.0,46301.629751101245,-0.0803511012418312,95,2,1,-1.0,0.0,-1.0,True,,0.00054
53.0,+,3,47064.7694,2,2,-1.0,0.0,-1.0,1.0,47064.79304891857,-0.023648918569961097,3,2,2,1.0,0.0,1.0,True,,0.00054
53.0,-,33,47064.9894,2,2,-1.0,0.0,-1.0,1.0,47065.01936403801,-0.02996403801080305,99,2,2,-1.0,0.0,-1.0,True,,0.00054
53.0,+,4,47815.3294,2,3,-1.0,0.0,-1.0,1.0,47815.36960889413,-0.04020889412640827,4,2,3,1.0,0.0,1.0,True,,0.00054
53.0,-,34,47815.6094,2,3,-1.0,0.0,-1.0,1.0,47815.59248696606,0.016913033941818867,103,2,3,-1.0,0.0,-1.0,True,,0.00054
53.0,+,5,48552.6594,2,4,-1.0,0.0,-1.0,1.0,48552.793009640496,-0.1336096404993441,5,2,4,1.0,0.0,1.0,True,,0.00054
53.0,-,35,48552.9494,2,4,-1.0,0.0,-1.0,1.0,48553.012331897124,-0.06293189712596359,105,2,4,-1.0,0.0,-1.0,True,,0.00054
53.0,+,6,49276.3594,2,5,-1.0,0.0,-1.0,1.0,49276.467394446896,-0.10799444689473603,6,2,5,1.0,0.0,1.0,True,,0.00054
53.0,-,36,49276.6294,2,5,-1.0,0.0,-1.0,1.0,49276.68297662231,-0.053576622311084066,106,2,5,-1.0,0.0,-1.0,True,,0.00054
53.0,+,7,49985.8894,2,6,-1.0,0.0,-1.0,1.0,49985.576666871195,0.31273312880512094,7,2,6,1.0,0.0,1.0,True,,0.00054
53.0,-,37,49986.2594,2,6,-1.0,0.0,-1.0,1.0,49985.788267411306,0.47113258869649144,107,2,6,-1.0,0.0,-1.0,True,,0.00054
54.0,-,1,45584.2794,2,0,-1.0,0.0,-1.0,1.0,45584.34156313451,-0.062163134512957186,1,2,0,-1.0,0.0,-1.0,True,,0.00054
54.0,+,31,45584.5594,2,0,-1.0,0.0,-1.0,1.0,45584.583215722654,-0.023815722655854188,92,2,0,1.0,0.0,1.0,True,,0.00054
54.0,-,2,46359.8094,2,1,-1.0,0.0,-1.0,1.0,46359.928879394065,-0.11947939406672958,2,2,1,-1.0,0.0,-1.0,True,,0.00054
54.0,+,32,46360.1094,2,1,-1.0,0.0,-1.0,1.0,46360.16696358264,-0.057563582638977095,96,2,1,1.0,0.0,1.0,True,,0.00054
54.0,-,3,47122.6994,2,2,-1.0,0.0,-1.0,1.0,47122.721784401496,-0.02238440149812959,3,2,2,-1.0,0.0,-1.0,True,,0.00054
54.0,+,33,47122.9394,2,2,-1.0,0.0,-1.0,1.0,47122.95634666202,-0.016946662013651803,100,2,2,1.0,0.0,1.0,True,,0.00054
54.0,-,4,47872.6794,2,3,-1.0,0.0,-1.0,1.0,47872.691693248235,-0.012293248233618215,4,2,3,-1.0,0.0,-1.0,True,,0.00054
54.0,+,34,47872.9294,2,3,-1.0,0.0,-1.0,1.0,47872.922688698156,0.0067113018449163064,103,2,3,1.0,0.0,1.0,True,,0.00054
54.0,-,5,48609.3794,2,4,-1.0,0.0,-1.0,1.0,48609.494317707875,-0.11491770787688438,5,2,4,-1.0,0.0,-1.0,True,,0.00054
54.0,+,35,48609.6394,2,4,-1.0,0.0,-1.0,1.0,48609.72162240444,-0.08222240443865303,105,2,4,1.0,0.0,1.0,True,,0.00054
54.0,-,6,49332.4194,2,5,-1.0,0.0,-1.0,1.0,49332.52672963482,-0.1073296348185977,6,2,5,-1.0,0.0,-1.0,True,,0.00054
54.0,+,36,49332.6794,2,5,-1.0,0.0,-1.0,1.0,49332.750151498265,-0.07075149826414417,106,2,5,1.0,0.0,1.0,True,,0.00054
55.0,+,1,45644.4694,2,0,-1.0,0.0,-1.0,1.0,45644.54127246197,-0.07187246196554042,1,2,0,1.0,0.0,1.0,True,,0.00054
55.0,-,31,45644.7694,2,0,-1.0,0.0,-1.0,1.0,45644.79156467308,-0.022164673086081166,92,2,0,-1.0,0.0,-1.0,True,,0.00054
55.0,+,2,46419.4194,2,1,-1.0,0.0,-1.0,1.0,46419.515543115165,-0.09614311516634189,2,2,1,1.0,0.0,1.0,True,,0.00054
55.0,-,32,46419.7094,2,1,-1.0,0.0,-1.0,1.0,46419.762135415804,-0.052735415803908836,96,2,1,-1.0,0.0,-1.0,True,,0.00054
55.0,+,3,47181.6494,2,2,-1.0,0.0,-1.0,1.0,47181.696983084614,-0.04758308461168781,3,2,2,1.0,0.0,1.0,True,,0.00054
55.0,-,33,47181.9594,2,2,-1.0,0.0,-1.0,1.0,47181.939923453116,0.019476546884106938,100,2,2,-1.0,0.0,-1.0,True,,0.00054
55.0,+,4,47931.0194,2,3,-1.0,0.0,-1.0,1.0,47931.04869357642,-0.029293576422787737,4,2,3,1.0,0.0,1.0,True,,0.00054
55.0,-,34,47931.3094,2,3,-1.0,0.0,-1.0,1.0,47931.2879349383,0.02146506169810891,103,2,3,-1.0,0.0,-1.0,True,,0.00054
55.0,+,5,48667.0994,2,4,-1.0,0.0,-1.0,1.0,48667.21863417447,-0.1192341744681471,5,2,4,1.0,0.0,1.0,True,,0.00054
55.0,-,35,48667.3994,2,4,-1.0,0.0,-1.0,1.0,48667.454047252475,-0.05464725247293245,105,2,4,-1.0,0.0,-1.0,True,,0.00054
55.0,+,6,49389.4894,2,5,-1.0,0.0,-1.0,1.0,49389.596642680415,-0.10724268041667528,6,2,5,1.0,0.0,1.0,True,,0.00054
55.0,-,36,49389.7794,2,5,-1.0,0.0,-1.0,1.0,49389.82802736103,-0.048627361029502936,106,2,5,-1.0,0.0,-1.0,True,,0.00054
55.0,+,7,50097.7294,2,6,-1.0,0.0,-1.0,1.0,50097.35296151233,0.3764384876631084,7,2,6,1.0,0.0,1.0,True,,0.00054
55.0,-,37,50098.0994,2,6,-1.0,0.0,-1.0,1.0,50097.58005566988,0.5193443301177467,107,2,6,-1.0,0.0,-1.0,True,,0.00054
56.0,-,1,45705.7594,2,0,-1.0,0.0,-1.0,1.0,45705.808754342026,-0.04935434202343458,1,2,0,-1.0,0.0,-1.0,True,,0.00054
56.0,+,31,45706.0494,2,0,-1.0,0.0,-1.0,1.0,45706.067820641394,-0.018420641390548553,92,2,0,1.0,0.0,1.0,True,,0.00054
56.0,-,2,46480.0594,2,1,-1.0,0.0,-1.0,1.0,46480.15859225848,-0.09919225847988855,2,2,1,-1.0,0.0,-1.0,True,,0.00054
56.0,+,32,46480.3694,2,1,-1.0,0.0,-1.0,1.0,46480.41382480012,-0.04442480011493899,96,2,1,1.0,0.0,1.0,True,,0.00054
56.0,-,3,47241.7094,2,2,-1.0,0.0,-1.0,1.0,47241.71718906029,-0.007789060291543137,3,2,2,-1.0,0.0,-1.0,True,,0.00054
56.0,+,33,47241.9594,2,2,-1.0,0.0,-1.0,1.0,47241.96863732257,-0.00923732257069787,100,2,2,1.0,0.0,1.0,True,,0.00054
56.0,-,4,47990.4394,2,3,-1.0,0.0,-1.0,1.0,47990.43913375419,0.00026624581369105726,4,2,3,-1.0,0.0,-1.0,True,,0.00054
56.0,+,34,47990.6994,2,3,-1.0,0.0,-1.0,1.0,47990.68674837594,0.012651624056161381,103,2,3,1.0,0.0,1.0,True,,0.00054
56.0,-,5,48725.8494,2,4,-1.0,0.0,-1.0,1.0,48725.96445593188,-0.11505593187757768,5,2,4,-1.0,0.0,-1.0,True,,0.00054
56.0,+,35,48726.1494,2,4,-1.0,0.0,-1.0,1.0,48726.208102137294,-0.05870213729212992,105,2,4,1.0,0.0,1.0,True,,0.00054
56.0,-,6,49447.5894,2,5,-1.0,0.0,-1.0,1.0,49447.67559499915,-0.0861949991522124,6,2,5,-1.0,0.0,-1.0,True,,0.00054
56.0,+,36,49447.8694,2,5,-1.0,0.0,-1.0,1.0,49447.91506441699,-0.04566441698989365,106,2,5,1.0,0.0,1.0,True,,0.00054
56.0,-,7,50155.2294,2,6,-1.0,0.0,-1.0,1.0,50154.735724596925,0.4936754030713928,7,2,6,-1.0,0.0,-1.0,True,,0.00054
57.0,+,1,45768.0794,2,0,-1.0,0.0,-1.0,1.0,45768.1425541952,-0.06315419519523857,1,2,0,1.0,0.0,1.0,True,,0.00054
57.0,-,31,45768.3894,2,0,-1.0,0.0,-1.0,1.0,45768.4105278435,-0.021127843501744792,92,2,0,-1.0,0.0,-1.0,True,,0.00054
57.0,+,2,46541.7794,2,1,-1.0,0.0,-1.0,1.0,46541.85655933075,-0.07715933075087378,2,2,1,1.0,0.0,1.0,True,,0.00054
57.0,-,32,46542.0994,2,1,-1.0,0.0,-1.0,1.0,46542.120563041964,-0.02116304196533747,96,2,1,-1.0,0.0,-1.0,True,,0.00054
57.0,+,3,47302.7794,2,2,-1.0,0.0,-1.0,1.0,47302.78091911967,-0.0015191196725936607,3,2,2,1.0,0.0,1.0,True,,0.00054
57.0,-,33,47303.0594,2,2,-1.0,0.0,-1.0,1.0,47303.041003860184,0.01839613981428556,100,2,2,-1.0,0.0,-1.0,True,,0.00054
57.0,+,4,48050.8294,2,3,-1.0,0.0,-1.0,1.0,48050.86150970038,-0.03210970037616789,4,2,3,1.0,0.0,1.0,True,,0.00054
57.0,-,34,48051.1394,2,3,-1.0,0.0,-1.0,1.0,48051.11762372368,0.02177627632045187,103,2,3,-1.0,0.0,-1.0,True,,0.00054
57.0,+,5,48785.5994,2,4,-1.0,0.0,-1.0,1.0,48785.73025100772,-0.13085100772150327,5,2,4,1.0,0.0,1.0,True,,0.00054
57.0,-,35,48785.9194,2,4,-1.0,0.0,-1.0,1.0,48785.98225387066,-0.06285387065872783,105,2,4,-1.0,0.0,-1.0,True,,0.00054
57.0,+,6,49506.6594,2,5,-1.0,0.0,-1.0,1.0,49506.762017954024,-0.10261795402766438,6,2,5,1.0,0.0,1.0,True,,0.00054
57.0,-,36,49506.9694,2,5,-1.0,0.0,-1.0,1.0,49507.00969279705,-0.04029279704991495,106,2,5,-1.0,0.0,-1.0,True,,0.00054
57.0,+,7,50213.5894,2,6,-1.0,0.0,-1.0,1.0,50213.1127540115,0.4766459884995129,7,2,6,1.0,0.0,1.0,True,,0.00054
57.0,-,37,50213.8994,2,6,-1.0,0.0,-1.0,1.0,50213.35581701236,0.5435829876441858,107,2,6,-1.0,0.0,-1.0,True,,0.00054
58.0,-,1,45831.4994,2,0,-1.0,0.0,-1.0,1.0,45831.54119075084,-0.041790750838117674,1,2,0,-1.0,0.0,-1.0,True,,0.00054
58.0,+,31,45831.8094,2,0,-1.0,0.0,-1.0,1.0,45831.81820378417,-0.008803784170595463,92,2,0,1.0,0.0,1.0,True,,0.00054
58.0,-,2,46604.5494,2,1,-1.0,0.0,-1.0,1.0,46604.6079499238,-0.058549923793179914,2,2,1,-1.0,0.0,-1.0,True,,0.00054
58.0,+,32,46604.8494,2,1,-1.0,0.0,-1.0,1.0,46604.88085451237,-0.03145451236923691,96,2,1,1.0,0.0,1.0,True,,0.00054
58.0,-,3,47364.8794,2,2,-1.0,0.0,-1.0,1.0,47364.886662702294,-0.007262702296429779,3,2,2,-1.0,0.0,-1.0,True,,0.00054
58.0,+,33,47365.1894,2,2,-1.0,0.0,-1.0,1.0,47365.15551128428,0.03388871571951313,100,2,2,1.0,0.0,1.0,True,,0.00054
58.0,-,4,48112.2994,2,3,-1.0,0.0,-1.0,1.0,48112.31428930852,-0.014889308513375,4,2,3,-1.0,0.0,-1.0,True,,0.00054
58.0,+,34,48112.5994,2,3,-1.0,0.0,-1.0,1.0,48112.57902764898,0.02037235102034174,103,2,3,1.0,0.0,1.0,True,,0.00054
58.0,-,5,48846.3794,2,4,-1.0,0.0,-1.0,1.0,48846.51445847251,-0.13505847251508385,5,2,4,-1.0,0.0,-1.0,True,,0.00054
58.0,+,35,48846.7294,2,4,-1.0,0.0,-1.0,1.0,48846.774940286006,-0.045540286009781994,104,2,4,1.0,0.0,1.0,True,,0.00054
58.0,-,6,49566.7594,2,5,-1.0,0.0,-1.0,1.0,49566.854312726704,-0.09491272670129547,6,2,5,-1.0,0.0,-1.0,True,,0.00054
58.0,+,36,49567.0494,2,5,-1.0,0.0,-1.0,1.0,49567.11031242981,-0.06091242980619427,106,2,5,1.0,0.0,1.0,True,,0.00054
58.0,-,7,50272.9794,2,6,-1.0,0.0,-1.0,0.0,50272.482401981935,0.4969980180612765,7,2,6,-1.0,0.0,-1.0,True,,0.0
58.0,+,37,50273.2994,2,6,-1.0,0.0,-1.0,1.0,50272.73362446764,0.5657755323627498,107,2,6,1.0,0.0,1.0,True,,0.00054
59.0,+,1,45895.9194,2,0,-1.0,0.0,-1.0,1.0,45896.003156005194,-0.08375600519502768,1,2,0,1.0,0.0,1.0,True,,0.00054
59.0,-,31,45896.2794,2,0,-1.0,0.0,-1.0,1.0,45896.28933921522,-0.00993921521876473,92,2,0,-1.0,0.0,-1.0,True,,0.00054
59.0,+,2,46668.3194,2,1,-1.0,0.0,-1.0,1.0,46668.41124267251,-0.09184267251112033,2,2,1,1.0,0.0,1.0,True,,0.00054
59.0,-,32,46668.6894,2,1,-1.0,0.0,-1.0,1.0,46668.693176605484,-0.0037766054811072536,96,2,1,-1.0,0.0,-1.0,True,,0.00054
59.0,+,3,47428.0294,2,2,-1.0,0.0,-1.0,1.0,47428.03288184341,-0.0034818434141925536,3,2,2,1.0,0.0,1.0,True,,0.00054
59.0,-,33,47428.3594,2,2,-1.0,0.0,-1.0,1.0,47428.310620389595,0.048779610406199936,100,2,2,-1.0,0.0,-1.0,True,,0.00054
59.0,+,4,48174.7594,2,3,-1.0,0.0,-1.0,1.0,48174.79591237686,-0.03651237685699016,4,2,3,1.0,0.0,1.0,True,,0.00054
59.0,-,34,48175.0994,2,3,-1.0,0.0,-1.0,1.0,48175.069398703396,0.030001296603586525,103,2,3,-1.0,0.0,-1.0,True,,0.00054
59.0,+,5,48908.1894,2,4,-1.0,0.0,-1.0,1.0,48908.31548834233,-0.12608834232378285,5,2,4,1.0,0.0,1.0,True,,0.00054
59.0,-,35,48908.5394,2,4,-1.0,0.0,-1.0,1.0,48908.58457014201,-0.0451701420097379,104,2,4,-1.0,0.0,-1.0,True,,0.00054
59.0,+,6,49627.8494,2,5,-1.0,0.0,-1.0,1.0,49627.95085018583,-0.10145018582988996,6,2,5,1.0,0.0,1.0,True,,0.00054
59.0,-,36,49628.1694,2,5,-1.0,0.0,-1.0,1.0,49628.215292909554,-0.045892909554822836,106,2,5,-1.0,0.0,-1.0,True,,0.00054
59.0,+,7,50333.3894,2,6,-1.0,0.0,-1.0,0.0,50332.842988810735,0.5464111892651999,7,2,6,1.0,0.0,1.0,True,,0.0
60.0,-,1,45961.4794,2,0,-1.0,0.0,-1.0,1.0,45961.52691517801,-0.047515178011963144,1,2,0,-1.0,0.0,-1.0,True,,0.00054
60.0,+,31,45961.8194,2,0,-1.0,0.0,-1.0,1.0,45961.8223980922,-0.002998092197231017,92,2,0,1.0,0.0,1.0,True,,0.00054
60.0,-,2,46733.2094,2,1,-1.0,0.0,-1.0,1.0,46733.26488921128,-0.0554892112777452,2,2,1,-1.0,0.0,-1.0,True,,0.00054
60.0,+,32,46733.5394,2,1,-1.0,0.0,-1.0,1.0,46733.55597969573,-0.016579695729888044,96,2,1,1.0,0.0,1.0,True,,0.00054
60.0,-,3,47492.2194,2,2,-1.0,0.0,-1.0,1.0,47492.21801112152,0.0013888784815208055,3,2,2,-1.0,0.0,-1.0,True,,0.00054
60.0,+,33,47492.5494,2,2,-1.0,0.0,-1.0,1.0,47492.504764493395,0.04463550660875626,100,2,2,1.0,0.0,1.0,True,,0.00054
60.0,-,4,48238.2994,2,3,-1.0,0.0,-1.0,1.0,48238.30479053554,-0.005390535538026597,4,2,3,-1.0,0.0,-1.0,True,,0.00054
60.0,+,34,48238.6094,2,3,-1.0,0.0,-1.0,1.0,48238.58714724992,0.022252750080951955,103,2,3,1.0,0.0,1.0,True,,0.00054
60.0,-,5,48971.0194,2,4,-1.0,0.0,-1.0,1.0,48971.131721479425,-0.11232147942791926,5,2,4,-1.0,0.0,-1.0,True,,0.00054
60.0,+,35,48971.3594,2,4,-1.0,0.0,-1.0,1.0,48971.40952302184,-0.050123021836043335,104,2,4,1.0,0.0,1.0,True,,0.00054
60.0,-,6,49689.9694,2,5,-1.0,0.0,-1.0,1.0,49690.04997075172,-0.08057075172109762,6,2,5,-1.0,0.0,-1.0,True,,0.00054
60.0,+,36,49690.3294,2,5,-1.0,0.0,-1.0,1.0,49690.32297335982,0.006426640182326082,106,2,5,1.0,0.0,1.0,True,,0.00054
60.0,-,7,50394.7594,2,6,-1.0,0.0,-1.0,1.0,50394.19280269491,0.5665973050927278,7,2,6,-1.0,0.0,-1.0,True,,0.00054
60.0,+,37,50395.1494,2,6,-1.0,0.0,-1.0,1.0,50394.46068778376,0.688712216244312,107,2,6,1.0,0.0,1.0,True,,0.00054
61.0,+,1,46028.0494,2,0,-1.0,0.0,-1.0,1.0,46028.110906668946,-0.0615066689424566,1,2,0,1.0,0.0,1.0,True,,0.00054
61.0,-,31,46028.4194,2,0,-1.0,0.0,-1.0,1.0,46028.41581753067,0.0035824693259201013,93,2,0,-1.0,0.0,-1.0,True,,0.00054
61.0,+,2,46799.1094,2,1,-1.0,0.0,-1.0,1.0,46799.16731412966,-0.05791412966209464,2,2,1,1.0,0.0,1.0,True,,0.00054
61.0,-,32,46799.4594,2,1,-1.0,0.0,-1.0,1.0,46799.46768709307,-0.00828709307097597,97,2,1,-1.0,0.0,-1.0,True,,0.00054
61.0,+,3,47557.4594,2,2,-1.0,0.0,-1.0,1.0,47557.440457602235,0.018942397764476482,3,2,2,1.0,0.0,1.0,True,,0.00054
61.0,-,33,47557.8094,2,2,-1.0,0.0,-1.0,1.0,47557.736349380946,0.07305061905208277,101,2,2,-1.0,0.0,-1.0,True,,0.00054
61.0,+,4,48302.8294,2,3,-1.0,0.0,-1.0,1.0,48302.83930717177,-0.009907171770464629,4,2,3,1.0,0.0,1.0,True,,0.00054
61.0,-,34,48303.1494,2,3,-1.0,0.0,-1.0,1.0,48303.13065538929,0.018744610715657473,103,2,3,-1.0,0.0,-1.0,True,,0.00054
61.0,+,5,49034.8494,2,4,-1.0,0.0,-1.0,1.0,49034.96150948892,-0.11210948892403394,5,2,4,1.0,0.0,1.0,True,,0.00054
61.0,-,35,49035.1894,2,4,-1.0,0.0,-1.0,1.0,49035.24814923167,-0.0587492316699354,104,2,4,-1.0,0.0,-1.0,True,,0.00054
61.0,+,6,49753.0794,2,5,-1.0,0.0,-1.0,1.0,49753.149984255804,-0.07058425580180483,6,2,5,1.0,0.0,1.0,True,,0.00054
61.0,-,36,49753.4494,2,5,-1.0,0.0,-1.0,1.0,49753.43166229361,0.017737706388288643,106,2,5,-1.0,0.0,-1.0,True,,0.00054
61.0,+,7,50457.1794,2,6,-1.0,0.0,-1.0,1.0,50456.53009953789,0.6493004621079308,7,2,6,1.0,0.0,1.0,True,,0.00054
61.0,-,37,50457.4994,2,6,-1.0,0.0,-1.0,1.0,50456.8064850796,0.6929149204006535,107,2,6,-1.0,0.0,-1.0,True,,0.00054
62.0,-,1,46095.7094,2,0,-1.0,0.0,-1.0,1.0,46095.753542012004,-0.04414201200415846,1,2,0,-1.0,0.0,-1.0,True,,0.00054
62.0,+,31,46096.0694,2,0,-1.0,0.0,-1.0,1.0,46096.06800776155,0.0013922384532634169,93,2,0,1.0,0.0,1.0,True,,0.00054
62.0,-,2,46866.0794,2,1,-1.0,0.0,-1.0,1.0,46866.11691492631,-0.03751492630544817,2,2,1,-1.0,0.0,-1.0,True,,0.00054
62.0,+,32,46866.4694,2,1,-1.0,0.0,-1.0,1.0,46866.42669499713,0.04270500287384493,97,2,1,1.0,0.0,1.0,True,,0.00054
62.0,-,3,47623.7194,2,2,-1.0,0.0,-1.0,1.0,47623.69860078202,0.02079921797849238,3,2,2,-1.0,0.0,-1.0,True,,0.00054
62.0,+,33,47624.0694,2,2,-1.0,0.0,-1.0,1.0,47624.00375324851,0.0656467514927499,101,2,2,1.0,0.0,1.0,True,,0.00054
62.0,-,4,48368.3794,2,3,-1.0,0.0,-1.0,1.0,48368.39781735351,-0.018417353508993983,4,2,3,-1.0,0.0,-1.0,True,,0.00054
62.0,+,34,48368.7394,2,3,-1.0,0.0,-1.0,1.0,48368.69827688203,0.04112311796779977,103,2,3,1.0,0.0,1.0,True,,0.00054
62.0,-,5,49099.6894,2,4,-1.0,0.0,-1.0,1.0,49099.80317461345,-0.11377461344818585,5,2,4,-1.0,0.0,-1.0,True,,0.00054
62.0,+,35,49100.0494,2,4,-1.0,0.0,-1.0,1.0,49100.098769693686,-0.04936969368282007,104,2,4,1.0,0.0,1.0,True,,0.00054
62.0,-,6,49817.1994,2,5,-1.0,0.0,-1.0,1.0,49817.2491697959,-0.0497697958999197,6,2,5,-1.0,0.0,-1.0,True,,0.00054
62.0,+,36,49817.5694,2,5,-1.0,0.0,-1.0,1.0,49817.53963746933,0.02976253067026846,106,2,5,1.0,0.0,1.0,True,,0.00054
63.0,+,1,46164.4194,2,0,-1.0,0.0,-1.0,1.0,46164.4532058293,-0.03380582929821685,1,2,0,1.0,0.0,1.0,True,,0.00054
63.0,-,31,46164.7794,2,0,-1.0,0.0,-1.0,1.0,46164.77735208385,0.002047916146693751,93,2,0,-1.0,0.0,-1.0,True,,0.00054
63.0,+,2,46934.0894,2,1,-1.0,0.0,-1.0,1.0,46934.112061962274,-0.022661962277197745,2,2,1,1.0,0.0,1.0,True,,0.00054
63.0,-,32,46934.4594,2,1,-1.0,0.0,-1.0,1.0,46934.43137245024,0.028027549757098313,97,2,1,-1.0,0.0,-1.0,True,,0.00054
63.0,+,3,47690.6394,2,2,-1.0,0.0,-1.0,1.0,47690.99079252957,-0.3513925295701483,3,2,2,1.0,0.0,1.0,True,,0.00054
63.0,-,33,47691.3994,2,2,-1.0,0.0,-1.0,1.0,47691.305326645175,0.09407335482683266,101,2,2,-1.0,0.0,-1.0,True,,0.00054
63.0,+,4,48434.9694,2,3,-1.0,0.0,-1.0,1.0,48434.97864774932,-0.009247749316273257,4,2,3,1.0,0.0,1.0,True,,0.00054
63.0,-,34,48435.3394,2,3,-1.0,0.0,-1.0,1.0,48435.288337069884,0.05106293011340313,103,2,3,-1.0,0.0,-1.0,True,,0.00054
63.0,+,5,49165.5094,2,4,-1.0,0.0,-1.0,1.0,49165.655009623566,-0.1456096235633595,5,2,4,1.0,0.0,1.0,True,,0.00054
63.0,-,35,49165.8994,2,4,-1.0,0.0,-1.0,1.0,49165.95967583755,-0.06027583754621446,104,2,4,-1.0,0.0,-1.0,True,,0.00054
63.0,+,6,49882.2894,2,5,-1.0,0.0,-1.0,1.0,49882.34577558868,-0.056375588676019106,6,2,5,1.0,0.0,1.0,True,,0.00054
63.0,-,36,49882.6494,2,5,-1.0,0.0,-1.0,1.0,49882.645145741575,0.0042542584269540384,106,2,5,-1.0,0.0,-1.0,True,,0.00054
64.0,-,1,46234.1494,2,0,-1.0,0.0,-1.0,1.0,46234.208255783444,-0.05885578344168607,1,2,0,-1.0,0.0,-1.0,True,,0.00054
64.0,+,31,46234.5694,2,0,-1.0,0.0,-1.0,1.0,46234.54220681773,0.02719318227173062,93,2,0,1.0,0.0,1.0,True,,0.00054
64.0,-,2,47003.0994,2,1,-1.0,0.0,-1.0,1.0,47003.1510984122,-0.051698412200494204,2,2,1,-1.0,0.0,-1.0,True,,0.00054
64.0,+,32,47003.5094,2,1,-1.0,0.0,-1.0,1.0,47003.48006128976,0.02933871024288237,97,2,1,1.0,0.0,1.0,True,,0.00054
64.0,-,3,47759.3394,2,2,-1.0,0.0,-1.0,1.0,47759.315357025815,0.024042974182520993,3,2,2,-1.0,0.0,-1.0,True,,0.00054
64.0,+,33,47759.7294,2,2,-1.0,0.0,-1.0,1.0,47759.63939241285,0.09000758714682888,101,2,2,1.0,0.0,1.0,True,,0.00054
64.0,-,4,48502.5694,2,3,-1.0,0.0,-1.0,1.0,48502.58009654758,-0.010696547578845639,4,2,3,-1.0,0.0,-1.0,True,,0.00054
64.0,+,34,48502.9494,2,3,-1.0,0.0,-1.0,1.0,48502.899132794024,0.05026720597379608,103,2,3,1.0,0.0,1.0,True,,0.00054
64.0,-,5,49232.3694,2,4,-1.0,0.0,-1.0,1.0,49232.51527770538,-0.145877705377643,5,2,4,-1.0,0.0,-1.0,True,,0.00054
64.0,+,35,49232.7594,2,4,-1.0,0.0,-1.0,1.0,49232.82912948794,-0.06972948793554679,104,2,4,1.0,0.0,1.0,True,,0.00054
64.0,-,6,49948.4094,2,5,-1.0,0.0,-1.0,1.0,49948.438018814806,-0.02861881480930606,6,2,5,-1.0,0.0,-1.0,True,,0.00054
64.0,+,36,49948.7494,2,5,-1.0,0.0,-1.0,1.0,49948.746402908066,0.002997091934958007,106,2,5,1.0,0.0,1.0,True,,0.00054
65.0,+,1,46304.9794,2,0,-1.0,0.0,-1.0,1.0,46305.017022528824,-0.03762252882734174,1,2,0,1.0,0.0,1.0,True,,0.00054
65.0,-,31,46305.3594,2,0,-1.0,0.0,-1.0,1.0,46305.36090125577,-0.001501255770563148,93,2,0,-1.0,0.0,-1.0,True,,0.00054
65.0,+,2,47073.2094,2,1,-1.0,0.0,-1.0,1.0,47073.23234021506,-0.022940215058042668,2,2,1,1.0,0.0,1.0,True,,0.00054
65.0,-,32,47073.6094,2,1,-1.0,0.0,-1.0,1.0,47073.57107609728,0.03832390272145858,97,2,1,-1.0,0.0,-1.0,True,,0.00054
65.0,+,3,47828.7194,2,2,-1.0,0.0,-1.0,1.0,47828.670590701826,0.04880929817591095,3,2,2,1.0,0.0,1.0,True,,0.00054
65.0,-,33,47829.0994,2,2,-1.0,0.0,-1.0,1.0,47829.00424562354,0.09515437646041391,101,2,2,-1.0,0.0,-1.0,True,,0.00054
65.0,+,4,48571.1994,2,3,-1.0,0.0,-1.0,1.0,48571.20043337192,-0.0010333719255868345,4,2,3,1.0,0.0,1.0,True,,0.00054
65.0,-,34,48571.5594,2,3,-1.0,0.0,-1.0,1.0,48571.528932311274,0.03046768872445682,103,2,3,-1.0,0.0,-1.0,True,,0.00054
65.0,+,5,49300.2394,2,4,-1.0,0.0,-1.0,1.0,49300.38221234474,-0.14281234474037774,5,2,4,1.0,0.0,1.0,True,,0.00054
65.0,-,35,49300.6094,2,4,-1.0,0.0,-1.0,1.0,49300.705362748326,-0.09596274832438212,104,2,4,-1.0,0.0,-1.0,True,,0.00054
65.0,+,6,50015.4894,2,5,-1.0,0.0,-1.0,1.0,50015.52408546202,-0.034685462022025604,6,2,5,1.0,0.0,1.0,True,,0.00054
65.0,-,36,50015.8494,2,5,-1.0,0.0,-1.0,1.0,50015.84159355109,0.007806448906194419,106,2,5,-1.0,0.0,-1.0,True,,0.00054
66.0,-,1,46376.8294,2,0,-1.0,0.0,-1.0,1.0,46376.877809661484,-0.04840966148185544,1,2,0,-1.0,0.0,-1.0,True,,0.00054
66.0,+,31,46377.2494,2,0,-1.0,0.0,-1.0,1.0,46377.23173761304,0.017662386962911114,93,2,0,1.0,0.0,1.0,True,,0.00054
66.0,-,2,47144.3294,2,1,-1.0,0.0,-1.0,1.0,47144.3540760228,-0.024676022796484176,2,2,1,-1.0,0.0,-1.0,True,,0.00054
66.0,+,32,47144.7394,2,1,-1.0,0.0,-1.0,1.0,47144.70270414882,0.03669585118041141,97,2,1,1.0,0.0,1.0,True,,0.00054
66.0,-,3,47899.0794,2,2,-1.0,0.0,-1.0,1.0,47899.054762174565,0.024637825437821448,3,2,2,-1.0,0.0,-1.0,True,,0.00054
66.0,+,33,47899.5194,2,2,-1.0,0.0,-1.0,1.0,47899.39815351689,0.12124648310418706,101,2,2,1.0,0.0,1.0,True,,0.00054
66.0,-,4,48640.8094,2,3,-1.0,0.0,-1.0,1.0,48640.837899194295,-0.02849919429718284,4,2,3,-1.0,0.0,-1.0,True,,0.00054
66.0,+,34,48641.2194,2,3,-1.0,0.0,-1.0,1.0,48641.17597520676,0.043424793242593296,103,2,3,1.0,0.0,1.0,True,,0.00054
66.0,-,5,49369.0894,2,4,-1.0,0.0,-1.0,1.0,49369.25401720793,-0.16461720793449786,5,2,4,-1.0,0.0,-1.0,True,,0.00054
66.0,+,35,49369.5394,2,4,-1.0,0.0,-1.0,1.0,49369.586577882255,-0.04717788225389086,104,2,4,1.0,0.0,1.0,True,,0.00054
66.0,-,6,50083.5494,2,5,-1.0,0.0,-1.0,1.0,50083.60213016139,-0.05273016138380626,6,2,5,-1.0,0.0,-1.0,True,,0.00054
66.0,+,36,50083.9894,2,5,-1.0,0.0,-1.0,1.0,50083.928870875265,0.060529124733875506,106,2,5,1.0,0.0,1.0,True,,0.00054
67.0,+,1,46449.7394,2,0,-1.0,0.0,-1.0,1.0,46449.78889366857,-0.04949366857181303,1,2,0,1.0,0.0,1.0,True,,0.00054
67.0,-,31,46450.1694,2,0,-1.0,0.0,-1.0,1.0,46450.15299097666,0.016409023337473627,93,2,0,-1.0,0.0,-1.0,True,,0.00054
67.0,+,2,47216.5294,2,1,-1.0,0.0,-1.0,1.0,47216.51456714751,0.014832852488325443,2,2,1,1.0,0.0,1.0,True,,0.00054
67.0,-,32,47216.9294,2,1,-1.0,0.0,-1.0,1.0,47216.873205361524,0.056194638476881664,97,2,1,-1.0,0.0,-1.0,True,,0.00054
67.0,+,3,47970.5294,2,2,-1.0,0.0,-1.0,1.0,47970.46611218221,0.06328781779302517,3,2,2,1.0,0.0,1.0,True,,0.00054
67.0,-,33,47970.9094,2,2,-1.0,0.0,-1.0,1.0,47970.81935543362,0.09004456637921976,101,2,2,-1.0,0.0,-1.0,True,,0.00054
67.0,+,4,48711.4794,2,3,-1.0,0.0,-1.0,1.0,48711.49070624633,-0.011306246335152537,4,2,3,1.0,0.0,1.0,True,,0.00054
67.0,-,34,48711.8694,2,3,-1.0,0.0,-1.0,1.0,48711.83847230556,0.030927694446290843,103,2,3,-1.0,0.0,-1.0,True,,0.00054
67.0,+,5,49438.9994,2,4,-1.0,0.0,-1.0,1.0,49439.12886601828,-0.129466018282983,5,2,4,1.0,0.0,1.0,True,,0.00054
67.0,-,35,49439.3794,2,4,-1.0,0.0,-1.0,1.0,49439.47094718921,-0.09154718921490712,104,2,4,-1.0,0.0,-1.0,True,,0.00054
67.0,+,6,50152.6894,2,5,-1.0,0.0,-1.0,1.0,50152.67027601998,0.019123980026051868,6,2,5,1.0,0.0,1.0,True,,0.00054
67.0,-,36,50153.0694,2,5,-1.0,0.0,-1.0,1.0,50153.00635653895,0.06304346105025616,106,2,5,-1.0,0.0,-1.0,True,,0.00054
68.0,-,1,46523.6894,2,0,-1.0,0.0,-1.0,1.0,46523.74852387501,-0.05912387500575278,1,2,0,-1.0,0.0,-1.0,True,,0.00054
68.0,+,31,46524.1594,2,0,-1.0,0.0,-1.0,1.0,46524.12290925216,0.036490747836069204,94,2,0,1.0,0.0,1.0,True,,0.00054
68.0,-,2,47289.7094,2,1,-1.0,0.0,-1.0,1.0,47289.71204750816,-0.0026475081613170914,2,2,1,-1.0,0.0,-1.0,True,,0.00054
68.0,+,32,47290.1594,2,1,-1.0,0.0,-1.0,1.0,47290.080812240005,0.07858775999193313,98,2,1,1.0,0.0,1.0,True,,0.00054
68.0,-,3,48042.9294,2,2,-1.0,0.0,-1.0,1.0,48042.90285351538,0.026546484623395372,3,2,2,-1.0,0.0,-1.0,True,,0.00054
68.0,+,33,48043.4094,2,2,-1.0,0.0,-1.0,1.0,48043.26606274815,0.1433372518440592,101,2,2,1.0,0.0,1.0,True,,0.00054
68.0,-,4,48783.1094,2,3,-1.0,0.0,-1.0,1.0,48783.15703792667,-0.04763792666926747,4,2,3,-1.0,0.0,-1.0,True,,0.00054
68.0,+,34,48783.5594,2,3,-1.0,0.0,-1.0,1.0,48783.51460558012,0.04479441987496102,103,2,3,1.0,0.0,1.0,True,,0.00054
68.0,-,5,49509.8394,2,4,-1.0,0.0,-1.0,1.0,49510.00490242957,-0.16550242957600858,5,2,4,-1.0,0.0,-1.0,True,,0.00054
68.0,+,35,49510.2994,2,4,-1.0,0.0,-1.0,1.0,49510.3566128791,-0.05721287909545936,104,2,4,1.0,0.0,1.0,True,,0.00054
68.0,-,6,50222.6894,2,5,-1.0,0.0,-1.0,1.0,50222.72661444697,-0.03721444696566323,6,2,5,-1.0,0.0,-1.0,True,,0.00054
68.0,+,36,50223.1594,2,5,-1.0,0.0,-1.0,1.0,50223.07214048122,0.0872595187756815,106,2,5,1.0,0.0,1.0,True,,0.00054
69.0,+,1,46598.7094,2,0,-1.0,0.0,-1.0,1.0,46598.754922390464,-0.04552239046461182,1,2,0,1.0,0.0,1.0,True,,0.00054
69.0,-,31,46599.1494,2,0,-1.0,0.0,-1.0,1.0,46599.13971311099,0.009686889010481536,94,2,0,-1.0,0.0,-1.0,True,,0.00054
69.0,+,2,47363.9394,2,1,-1.0,0.0,-1.0,1.0,47363.94472357414,-0.005323574136127718,2,2,1,1.0,0.0,1.0,True,,0.00054
69.0,-,32,47364.3594,2,1,-1.0,0.0,-1.0,1.0,47364.32372982117,0.03567017883324297,98,2,1,-1.0,0.0,-1.0,True,,0.00054
69.0,+,3,48116.4194,2,2,-1.0,0.0,-1.0,1.0,48116.36317094802,0.056229051981063094,3,2,2,1.0,0.0,1.0,True,,0.00054
69.0,-,33,48116.8294,2,2,-1.0,0.0,-1.0,1.0,48116.73645879891,0.0929412010955275,101,2,2,-1.0,0.0,-1.0,True,,0.00054
69.0,+,4,48855.7994,2,3,-1.0,0.0,-1.0,1.0,48855.835048706576,-0.035648706572828814,4,2,3,1.0,0.0,1.0,True,,0.00054
69.0,-,34,48856.2194,2,3,-1.0,0.0,-1.0,1.0,48856.20252805543,0.01687194457190344,103,2,3,-1.0,0.0,-1.0,True,,0.00054
69.0,+,5,49581.7394,2,4,-1.0,0.0,-1.0,1.0,49581.88023989511,-0.14083989510982065,5,2,4,1.0,0.0,1.0,True,,0.00054
69.0,-,35,49582.1694,2,4,-1.0,0.0,-1.0,1.0,49582.24168694043,-0.07228694043442374,104,2,4,-1.0,0.0,-1.0,True,,0.00054
69.0,+,6,50293.7794,2,5,-1.0,0.0,-1.0,1.0,50293.76920497539,0.010195024609856773,6,2,5,1.0,0.0,1.0,True,,0.00054
69.0,-,36,50294.1594,2,5,-1.0,0.0,-1.0,1.0,50294.12428074296,0.035119257037877105,106,2,5,-1.0,0.0,-1.0,True,,0.00054
70.0,-,1,46674.7294,2,0,-1.0,0.0,-1.0,1.0,46674.80628405408,-0.07688405408407561,1,2,0,-1.0,0.0,-1.0,True,,0.00054
70.0,+,31,46675.2094,2,0,-1.0,0.0,-1.0,1.0,46675.20159593564,0.007804064356605522,94,2,0,1.0,0.0,1.0,True,,0.00054
70.0,-,2,47439.2094,2,1,-1.0,0.0,-1.0,1.0,47439.21077430904,-0.001374309038510546,2,2,1,-1.0,0.0,-1.0,True,,0.00054
70.0,+,32,47439.6594,2,1,-1.0,0.0,-1.0,1.0,47439.60013561644,0.059264383555273525,98,2,1,1.0,0.0,1.0,True,,0.00054
70.0,-,3,48190.9194,2,2,-1.0,0.0,-1.0,1.0,48190.8452211657,0.0741788343002554,3,2,2,-1.0,0.0,-1.0,True,,0.00054
70.0,+,33,48191.3594,2,2,-1.0,0.0,-1.0,1.0,48191.228698817,0.13070118299947353,101,2,2,1.0,0.0,1.0,True,,0.00054
70.0,-,4,48929.4794,2,3,-1.0,0.0,-1.0,1.0,48929.52286403191,-0.04346403191448189,4,2,3,-1.0,0.0,-1.0,True,,0.00054
70.0,+,34,48929.8894,2,3,-1.0,0.0,-1.0,1.0,48929.9003637118,-0.010963711800286546,103,2,3,1.0,0.0,1.0,True,,0.00054
70.0,-,5,49654.5894,2,4,-1.0,0.0,-1.0,1.0,49654.752961532904,-0.1635615329068969,5,2,4,-1.0,0.0,-1.0,True,,0.00054
70.0,+,35,49655.0694,2,4,-1.0,0.0,-1.0,1.0,49655.124251006084,-0.05485100608348148,104,2,4,1.0,0.0,1.0,True,,0.00054
70.0,+,36,50366.2094,2,5,-1.0,0.0,-1.0,1.0,50366.16080328294,0.04859671706071822,106,2,5,1.0,0.0,1.0,True,,0.00054
71.0,+,1,46751.8394,2,0,-1.0,0.0,-1.0,1.0,46751.900776378214,-0.06137637821666431,1,2,0,1.0,0.0,1.0,True,,0.00054
71.0,-,31,46752.3094,2,0,-1.0,0.0,-1.0,1.0,46752.3067237622,0.0026762377965496853,94,2,0,-1.0,0.0,-1.0,True,,0.00054
71.0,+,2,47515.5294,2,1,-1.0,0.0,-1.0,1.0,47515.508351111166,0.021048888833320234,2,2,1,1.0,0.0,1.0,True,,0.00054
71.0,-,32,47515.9794,2,1,-1.0,0.0,-1.0,1.0,47515.908179554535,0.07122044546122197,98,2,1,-1.0,0.0,-1.0,True,,0.00054
71.0,+,3,48266.4094,2,2,-1.0,0.0,-1.0,1.0,48266.34713269106,0.062267308938317,3,2,2,1.0,0.0,1.0,True,,0.00054
71.0,-,33,48266.8694,2,2,-1.0,0.0,-1.0,1.0,48266.74090985179,0.12849014821404126,101,2,2,-1.0,0.0,-1.0,True,,0.00054
71.0,+,4,49004.1594,2,3,-1.0,0.0,-1.0,1.0,49004.218580222056,-0.05918022205878515,4,2,3,1.0,0.0,1.0,True,,0.00054
71.0,-,34,49004.6194,2,3,-1.0,0.0,-1.0,1.0,49004.60620738382,0.013192616184824146,103,2,3,-1.0,0.0,-1.0,True,,0.00054
71.0,+,5,49728.4394,2,4,-1.0,0.0,-1.0,1.0,49728.62111998716,-0.18171998715843074,5,2,4,1.0,0.0,1.0,True,,0.00054
71.0,-,35,49728.9294,2,4,-1.0,0.0,-1.0,1.0,49729.002356214216,-0.07295621421508258,104,2,4,-1.0,0.0,-1.0,True,,0.00054
71.0,+,6,50438.7894,2,5,-1.0,0.0,-1.0,1.0,50438.80521997635,-0.01581997634639265,6,2,5,1.0,0.0,1.0,True,,0.00054
71.0,-,36,50439.2294,2,5,-1.0,0.0,-1.0,1.0,50439.17970178744,0.049698212555085775,106,2,5,-1.0,0.0,-1.0,True,,0.00054
72.0,-,1,46829.9294,2,0,-1.0,0.0,-1.0,1.0,46830.036539490684,-0.10713949068303918,1,2,0,-1.0,0.0,-1.0,True,,0.00054
72.0,+,31,46830.4894,2,0,-1.0,0.0,-1.0,1.0,46830.45323522418,0.036164775818178896,94,2,0,1.0,0.0,1.0,True,,0.00054
72.0,-,2,47593.0844,2,1,-1.0,0.0,-1.0,2.0,47592.83557775431,0.2488222456886433,2,2,1,-1.0,0.0,-1.0,True,,0.0011
72.0,-,3,48342.9494,2,2,-1.0,0.0,-1.0,1.0,48342.86700580809,0.08239419190795161,3,2,2,-1.0,0.0,-1.0,True,,0.00054
72.0,+,33,48343.4294,2,2,-1.0,0.0,-1.0,1.0,48343.271190695,0.15820930500194663,101,2,2,1.0,0.0,1.0,True,,0.00054
72.0,-,4,49079.8794,2,3,-1.0,0.0,-1.0,1.0,49079.92026436706,-0.040864367059839424,4,2,3,-1.0,0.0,-1.0,True,,0.00054
72.0,+,34,49080.3194,2,3,-1.0,0.0,-1.0,1.0,49080.31812465643,0.0012753435730701312,103,2,3,1.0,0.0,1.0,True,,0.00054
72.0,-,5,49803.3094,2,4,-1.0,0.0,-1.0,1.0,49803.482737284045,-0.17333728404628346,5,2,4,-1.0,0.0,-1.0,True,,0.00054
72.0,+,35,49803.7694,2,4,-1.0,0.0,-1.0,1.0,49803.87402306483,-0.10462306483532302,104,2,4,1.0,0.0,1.0,True,,0.00054
72.0,-,6,50512.7394,2,5,-1.0,0.0,-1.0,1.0,50512.79460244623,-0.05520244623039616,6,2,5,-1.0,0.0,-1.0,True,,0.00054
73.0,+,1,46909.1794,2,0,-1.0,0.0,-1.0,1.0,46909.211686076065,-0.032286076064337976,1,2,0,1.0,0.0,1.0,True,,0.00054
73.0,-,31,46909.6394,2,0,-1.0,0.0,-1.0,1.0,46909.63924149286,0.0001585071368026547,95,2,0,-1.0,0.0,-1.0,True,,0.00054
73.0,+,2,47671.2294,2,1,-1.0,0.0,-1.0,1.0,47671.19055032425,0.03884967574413167,2,2,1,1.0,0.0,1.0,True,,0.00054
73.0,-,32,47671.6794,2,1,-1.0,0.0,-1.0,1.0,47671.61164329121,0.06775670879142126,99,2,1,-1.0,0.0,-1.0,True,,0.00054
73.0,+,3,48420.4794,2,2,-1.0,0.0,-1.0,1.0,48420.402912483405,0.07648751659144182,3,2,2,1.0,0.0,1.0,True,,0.00054
73.0,-,33,48420.9394,2,2,-1.0,0.0,-1.0,1.0,48420.81761180226,0.12178819774271687,101,2,2,-1.0,0.0,-1.0,True,,0.00054
73.0,+,4,49156.5494,2,3,-1.0,0.0,-1.0,1.0,49156.62595421935,-0.07655421934759943,4,2,3,1.0,0.0,1.0,True,,0.00054
73.0,-,34,49157.0394,2,3,-1.0,0.0,-1.0,1.0,49157.034151758024,0.005248241977824364,103,2,3,-1.0,0.0,-1.0,True,,0.00054
73.0,+,5,49879.1294,2,4,-1.0,0.0,-1.0,1.0,49879.335804684575,-0.20640468457713723,5,2,4,1.0,0.0,1.0,True,,0.00054
73.0,-,35,49879.6494,2,4,-1.0,0.0,-1.0,1.0,49879.737241272145,-0.0878412721431232,104,2,4,-1.0,0.0,-1.0,True,,0.00054
73.0,+,6,50587.7494,2,5,-1.0,0.0,-1.0,1.0,50587.76215261441,-0.012752614406053908,6,2,5,1.0,0.0,1.0,True,,0.00054
73.0,-,36,50588.2894,2,5,-1.0,0.0,-1.0,1.0,50588.15643889137,0.13296110863302602,106,2,5,-1.0,0.0,-1.0,True,,0.00054
74.0,-,1,46989.2594,2,0,-1.0,0.0,-1.0,1.0,46989.42430131441,-0.16490131440514233,1,2,0,-1.0,0.0,-1.0,True,,0.00054
74.0,+,31,46989.2894,2,0,-1.0,0.0,-1.0,1.0,46989.86282621674,-0.5734262167388806,95,2,0,1.0,0.0,1.0,True,,0.00054
74.0,-,2,47750.6094,2,1,-1.0,0.0,-1.0,1.0,47750.571337156645,0.038062843355874065,2,2,1,-1.0,0.0,-1.0,True,,0.00054
74.0,+,32,47751.0794,2,1,-1.0,0.0,-1.0,1.0,47751.00322447831,0.07617552169540431,99,2,1,1.0,0.0,1.0,True,,0.00054
74.0,-,3,48498.9894,2,2,-1.0,0.0,-1.0,1.0,48498.95289628536,0.036503714640275575,3,2,2,-1.0,0.0,-1.0,True,,0.00054
74.0,+,33,48499.5394,2,2,-1.0,0.0,-1.0,1.0,48499.378215212106,0.1611847878957633,101,2,2,1.0,0.0,1.0,True,,0.00054
74.0,-,4,49234.2494,2,3,-1.0,0.0,-1.0,1.0,49234.33365808387,-0.08425808387255529,4,2,3,-1.0,0.0,-1.0,True,,0.00054
74.0,+,34,49234.7394,2,3,-1.0,0.0,-1.0,1.0,49234.75229544997,-0.012895449974166695,103,2,3,1.0,0.0,1.0,True,,0.00054
74.0,-,5,49955.9894,2,4,-1.0,0.0,-1.0,1.0,49956.17828253208,-0.18888253207842354,5,2,4,-1.0,0.0,-1.0,True,,0.00054
74.0,+,35,49956.4894,2,4,-1.0,0.0,-1.0,1.0,49956.589969612345,-0.10056961234658957,104,2,4,1.0,0.0,1.0,True,,0.00054
74.0,-,6,50663.9494,2,5,-1.0,0.0,-1.0,2.0,50663.70576774986,0.24363225013803458,6,2,5,-1.0,0.0,-1.0,True,,0.0011
75.0,-,31,47071.1094,2,0,-1.0,0.0,-1.0,1.0,47071.12204546066,-0.012645460657950025,95,2,0,-1.0,0.0,-1.0,True,,0.00054
75.0,+,2,47830.9794,2,1,-1.0,0.0,-1.0,1.0,47830.975978770206,0.0034212297905469313,2,2,1,1.0,0.0,1.0,True,,0.00054
75.0,-,32,47831.4894,2,1,-1.0,0.0,-1.0,1.0,47831.41876645619,0.07063354380807141,99,2,1,-1.0,0.0,-1.0,True,,0.00054
75.0,+,3,48578.5894,2,2,-1.0,0.0,-1.0,1.0,48578.51497230075,0.07442769924819004,3,2,2,1.0,0.0,1.0,True,,0.00054
75.0,-,33,48499.5394,2,2,-1.0,0.0,-1.0,0.0,48578.95101446296,-79.41161446295882,101,2,2,-1.0,0.0,-1.0,True,,0.0
75.0,+,4,49312.9794,2,3,-1.0,0.0,-1.0,1.0,49313.04135470425,-0.06195470425154781,4,2,3,1.0,0.0,1.0,True,,0.00054
75.0,-,34,49313.4794,2,3,-1.0,0.0,-1.0,1.0,49313.470532912965,0.008867087031831034,103,2,3,-1.0,0.0,-1.0,True,,0.00054
75.0,+,5,50033.7894,2,4,-1.0,0.0,-1.0,1.0,50034.00810009464,-0.21870009463600582,5,2,4,1.0,0.0,1.0,True,,0.00054
75.0,-,35,50034.3294,2,4,-1.0,0.0,-1.0,1.0,50034.430135765644,-0.10073576564172981,104,2,4,-1.0,0.0,-1.0,True,,0.00054
75.0,+,6,50740.6494,2,5,-1.0,0.0,-1.0,1.0,50740.62331204914,0.026087950864166487,6,2,5,1.0,0.0,1.0,True,,0.00054
75.0,-,36,50741.1094,2,5,-1.0,0.0,-1.0,1.0,50741.03778849112,0.07161150887986878,106,2,5,-1.0,0.0,-1.0,True,,0.00054
76.0,+,31,47153.3994,2,0,-1.0,0.0,-1.0,1.0,47153.414927641534,-0.015527641531662084,95,2,0,1.0,0.0,1.0,True,,0.00054
76.0,-,2,47912.4194,2,1,-1.0,0.0,-1.0,1.0,47912.40248780001,0.016912199986109044,2,2,1,-1.0,0.0,-1.0,True,,0.00054
76.0,+,32,47912.9094,2,1,-1.0,0.0,-1.0,1.0,47912.856280297514,0.053119702482945286,99,2,1,1.0,0.0,1.0,True,,0.00054
76.0,-,3,48659.1094,2,2,-1.0,0.0,-1.0,1.0,48659.08712704844,0.022272951558989007,3,2,2,-1.0,0.0,-1.0,True,,0.00054
76.0,+,33,48659.6594,2,2,-1.0,0.0,-1.0,1.0,48659.53399450707,0.12540549293044023,101,2,2,1.0,0.0,1.0,True,,0.00054
76.0,-,4,49392.6594,2,3,-1.0,0.0,-1.0,1.0,49392.746993145,-0.08759314500639448,4,2,3,-1.0,0.0,-1.0,True,,0.00054
76.0,+,34,49393.1394,2,3,-1.0,0.0,-1.0,1.0,49393.186811629,-0.04741162899881601,103,2,3,1.0,0.0,1.0,True,,0.00054
76.0,-,5,50112.6194,2,4,-1.0,0.0,-1.0,1.0,50112.82315540321,-0.2037554032067419,5,2,4,-1.0,0.0,-1.0,True,,0.00054
76.0,+,35,50113.1694,2,4,-1.0,0.0,-1.0,1.0,50113.25563615455,-0.08623615455144318,104,2,4,1.0,0.0,1.0,True,,0.00054
76.0,-,6,50818.5394,2,5,-1.0,0.0,-1.0,1.0,50818.51261641316,0.026783586843521334,6,2,5,-1.0,0.0,-1.0,True,,0.00054
77.0,-,31,47236.7094,2,0,-1.0,0.0,-1.0,1.0,47236.739473463844,-0.03007346384401899,95,2,0,-1.0,0.0,-1.0,True,,0.00054
77.0,+,2,47994.8494,2,1,-1.0,0.0,-1.0,1.0,47994.84884892777,0.0005510722257895395,2,2,1,1.0,0.0,1.0,True,,0.00054
77.0,+,3,48740.6994,2,2,-1.0,0.0,-1.0,1.0,48740.667318391614,0.032081608384032734,3,2,2,1.0,0.0,1.0,True,,0.00054
77.0,-,33,48741.2394,2,2,-1.0,0.0,-1.0,1.0,48741.125111621805,0.1142883781940327,101,2,2,-1.0,0.0,-1.0,True,,0.00054
77.0,+,4,49473.3494,2,3,-1.0,0.0,-1.0,1.0,49473.44849267021,-0.09909267021430423,4,2,3,1.0,0.0,1.0,True,,0.00054
77.0,-,34,49473.8694,2,3,-1.0,0.0,-1.0,1.0,49473.899049260974,-0.029649260970472824,103,2,3,-1.0,0.0,-1.0,True,,0.00054
77.0,+,5,50192.4194,2,4,-1.0,0.0,-1.0,1.0,50192.6213150837,-0.20191508370044176,5,2,4,1.0,0.0,1.0,True,,0.00054
77.0,-,35,50192.9694,2,4,-1.0,0.0,-1.0,1.0,50193.06433577664,-0.09493577663670294,104,2,4,-1.0,0.0,-1.0,True,,0.00054
77.0,+,6,50897.4894,2,5,-1.0,0.0,-1.0,1.0,50897.37147821845,0.11792178155155852,6,2,5,1.0,0.0,1.0,True,,0.00054
77.0,-,36,50891.9394,2,5,-1.0,0.0,-1.0,1.0,50897.8065174506,-5.867117450594378,106,2,5,-1.0,0.0,-1.0,True,,0.00054
78.0,+,31,47321.0394,2,0,-1.0,0.0,-1.0,0.0,47321.09365585385,-0.054255853850918356,96,2,0,1.0,0.0,1.0,True,,0.0
78.0,-,2,48078.3494,2,1,-1.0,0.0,-1.0,1.0,48078.31301881086,0.036381189136591274,2,2,1,-1.0,0.0,-1.0,True,,0.00054
78.0,+,32,48070.8294,2,1,-1.0,0.0,-1.0,1.0,48078.78912793448,-7.959727934474358,99,2,1,1.0,0.0,1.0,True,,0.00054
78.0,-,3,48823.3194,2,2,-1.0,0.0,-1.0,1.0,48823.25347544517,0.06592455483041704,3,2,2,-1.0,0.0,-1.0,True,,0.00054
78.0,+,33,48823.8294,2,2,-1.0,0.0,-1.0,1.0,48823.72229331862,0.10710668138199253,101,2,2,1.0,0.0,1.0,True,,0.00054
78.0,-,4,49555.0294,2,3,-1.0,0.0,-1.0,1.0,49555.14374261904,-0.1143426190392347,4,2,3,-1.0,0.0,-1.0,True,,0.00054
78.0,+,34,49555.5694,2,3,-1.0,0.0,-1.0,1.0,49555.605133526966,-0.03573352696548682,103,2,3,1.0,0.0,1.0,True,,0.00054
78.0,-,5,50273.1594,2,4,-1.0,0.0,-1.0,1.0,50273.40041418472,-0.2410141847212799,5,2,4,-1.0,0.0,-1.0,True,,0.00054
78.0,+,35,50273.7394,2,4,-1.0,0.0,-1.0,1.0,50273.8540680311,-0.11466803109942703,104,2,4,1.0,0.0,1.0,True,,0.00054
78.0,-,6,50977.2394,2,5,-1.0,0.0,-1.0,1.0,50977.19766107964,0.04173892035760218,6,2,5,-1.0,0.0,-1.0,True,,0.00054
78.0,+,36,50977.7594,2,5,-1.0,0.0,-1.0,1.0,50977.643117259126,0.11628274087706814,106,2,5,1.0,0.0,1.0,True,,0.00054
79.0,-,31,47406.3994,2,0,-1.0,0.0,-1.0,0.0,47406.47541989192,-0.07601989191607572,96,2,0,-1.0,0.0,-1.0,True,,0.0
79.0,+,2,48162.7494,2,1,-1.0,0.0,-1.0,1.0,48162.79292600892,-0.043526008921617176,2,2,1,1.0,0.0,1.0,True,,0.00054
79.0,-,32,48163.3594,2,1,-1.0,0.0,-1.0,1.0,48163.28034373275,0.07905626724823378,99,2,1,-1.0,0.0,-1.0,True,,0.00054
79.0,+,3,48906.8494,2,2,-1.0,0.0,-1.0,1.0,48906.843498482805,0.0059015171937062405,3,2,2,1.0,0.0,1.0,True,,0.00054
79.0,-,33,48907.4394,2,2,-1.0,0.0,-1.0,1.0,48907.3234382491,0.11596175090380711,101,2,2,-1.0,0.0,-1.0,True,,0.00054
79.0,+,4,49637.7094,2,3,-1.0,0.0,-1.0,1.0,49637.830602276015,-0.12120227601553779,4,2,3,1.0,0.0,1.0,True,,0.00054
79.0,-,34,49638.2694,2,3,-1.0,0.0,-1.0,1.0,49638.30292207181,-0.03352207181160338,103,2,3,-1.0,0.0,-1.0,True,,0.00054
79.0,+,5,50354.9194,2,4,-1.0,0.0,-1.0,1.0,50355.15825599889,-0.23885599889035802,5,2,4,1.0,0.0,1.0,True,,0.00054
79.0,-,35,50355.5694,2,4,-1.0,0.0,-1.0,1.0,50355.622634541214,-0.05323454121389659,104,2,4,-1.0,0.0,-1.0,True,,0.00054
79.0,+,6,51058.0994,2,5,-1.0,0.0,-1.0,1.0,51057.98889460539,0.11050539460848086,6,2,5,1.0,0.0,1.0,True,,0.00054
79.0,-,36,51058.6294,2,5,-1.0,0.0,-1.0,1.0,51058.44485582554,0.18454417445900617,106,2,5,-1.0,0.0,-1.0,True,,0.00054
80.0,+,31,47492.7894,2,0,-1.0,0.0,-1.0,1.0,47492.882682742194,-0.09328274219296873,96,2,0,1.0,0.0,1.0,True,,0.00054
80.0,-,2,48248.3294,2,1,-1.0,0.0,-1.0,1.0,48248.28647090844,0.042929091563564725,2,2,1,-1.0,0.0,-1.0,True,,0.00054
80.0,-,3,48991.4794,2,2,-1.0,0.0,-1.0,1.0,48991.43525883884,0.04414116115367506,3,2,2,-1.0,0.0,-1.0,True,,0.00054
80.0,+,33,48991.9994,2,2,-1.0,0.0,-1.0,1.0,48991.92641610681,0.07298389318748377,101,2,2,1.0,0.0,1.0,True,,0.00054
80.0,-,4,49721.3794,2,3,-1.0,0.0,-1.0,1.0,49721.50690073822,-0.12750073822098784,4,2,3,-1.0,0.0,-1.0,True,,0.00054
80.0,+,34,49721.8494,2,3,-1.0,0.0,-1.0,1.0,49721.990242333224,-0.1408423332250095,103,2,3,1.0,0.0,1.0,True,,0.00054
80.0,-,5,50437.6794,2,4,-1.0,0.0,-1.0,1.0,50437.89261187851,-0.2132118785084458,5,2,4,-1.0,0.0,-1.0,True,,0.00054
80.0,+,35,50438.2394,2,4,-1.0,0.0,-1.0,1.0,50438.36780496896,-0.12840496896387776,104,2,4,1.0,0.0,1.0,True,,0.00054
80.0,-,6,51139.8794,2,5,-1.0,0.0,-1.0,1.0,51139.742874144176,0.13652585582167376,6,2,5,-1.0,0.0,-1.0,True,,0.00054
80.0,+,36,51140.3294,2,5,-1.0,0.0,-1.0,1.0,51140.209426764515,0.11997323548712302,106,2,5,1.0,0.0,1.0,True,,0.00054
81.0,-,31,47580.2694,2,0,-1.0,0.0,-1.0,0.0,47580.31333358263,-0.04393358263041591,96,2,0,-1.0,0.0,-1.0,True,,0.0
81.0,+,2,48334.7794,2,1,-1.0,0.0,-1.0,1.0,48334.79152564531,-0.012125645313062705,2,2,1,1.0,0.0,1.0,True,,0.00054
81.0,+,3,49076.9894,2,2,-1.0,0.0,-1.0,1.0,49077.0265988086,-0.03719880860444391,3,2,2,1.0,0.0,1.0,True,,0.00054
81.0,-,33,49017.6694,2,2,-1.0,0.0,-1.0,0.0,49077.529067528754,-59.85966752875538,101,2,2,-1.0,0.0,-1.0,True,,0.0
81.0,+,4,49806.0394,2,3,-1.0,0.0,-1.0,1.0,49806.17043677785,-0.1310367778496584,4,2,3,1.0,0.0,1.0,True,,0.00054
81.0,-,34,49806.5594,2,3,-1.0,0.0,-1.0,1.0,49806.664891405126,-0.10549140512739541,103,2,3,-1.0,0.0,-1.0,True,,0.00054
81.0,-,35,50521.9294,2,4,-1.0,0.0,-1.0,1.0,50522.08731682611,-0.1579168261087034,104,2,4,-1.0,0.0,-1.0,True,,0.00054
81.0,-,36,51222.9994,2,5,-1.0,0.0,-1.0,1.0,51222.934489148414,0.06491085158631904,106,2,5,-1.0,0.0,-1.0,True,,0.00054
82.0,+,31,47660.6394,2,0,-1.0,0.0,-1.0,1.0,47668.76523353168,-8.125833531681565,96,2,0,1.0,0.0,1.0,True,,0.00054
82.0,-,2,48422.3594,2,1,-1.0,0.0,-1.0,1.0,48422.30593402462,0.05346597538300557,2,2,1,-1.0,0.0,-1.0,True,,0.00054
82.0,+,32,48422.8494,2,1,-1.0,0.0,-1.0,1.0,48422.827859037054,0.02154096294543706,99,2,1,1.0,0.0,1.0,True,,0.00054
82.0,-,3,49163.6194,2,2,-1.0,0.0,-1.0,1.0,49163.61533154478,0.004068455222295597,3,2,2,-1.0,0.0,-1.0,True,,0.00054
82.0,+,33,49164.1694,2,2,-1.0,0.0,-1.0,1.0,49164.129203991135,0.04019600886385888,101,2,2,1.0,0.0,1.0,True,,0.00054
82.0,-,4,49891.6394,2,3,-1.0,0.0,-1.0,1.0,49891.818978699695,-0.17957869969541207,4,2,3,-1.0,0.0,-1.0,True,,0.00054
82.0,+,34,49892.1694,2,3,-1.0,0.0,-1.0,1.0,49892.32463589519,-0.15523589518852532,103,2,3,1.0,0.0,1.0,True,,0.00054
82.0,+,35,50606.5494,2,4,-1.0,0.0,-1.0,1.0,50606.77887527698,-0.22947527697397163,104,2,4,1.0,0.0,1.0,True,,0.00054
83.0,-,31,47758.2094,2,0,-1.0,0.0,-1.0,0.0,47758.23621557483,-0.026815574827196542,97,2,0,-1.0,0.0,-1.0,True,,0.0
83.0,+,2,48510.7994,2,1,-1.0,0.0,-1.0,1.0,48510.82751143922,-0.028111439220083412,2,2,1,1.0,0.0,1.0,True,,0.00054
83.0,-,32,48511.4794,2,1,-1.0,0.0,-1.0,1.0,48511.361127146294,0.11827285370236496,99,2,1,-1.0,0.0,-1.0,True,,0.00054
83.0,+,3,49251.1594,2,2,-1.0,0.0,-1.0,1.0,49251.199240950904,-0.03984095090709161,3,2,2,1.0,0.0,1.0,True,,0.00054
83.0,-,33,49251.7894,2,2,-1.0,0.0,-1.0,1.0,49251.72460770238,0.0647922976204427,101,2,2,-1.0,0.0,-1.0,True,,0.00054
83.0,+,4,49978.2194,2,3,-1.0,0.0,-1.0,1.0,49978.45026419519,-0.23086419518949697,4,2,3,1.0,0.0,1.0,True,,0.00054
83.0,-,34,49978.8694,2,3,-1.0,0.0,-1.0,1.0,49978.967211778276,-0.09781177827244392,103,2,3,-1.0,0.0,-1.0,True,,0.00054
83.0,-,35,50692.2594,2,4,-1.0,0.0,-1.0,1.0,50692.440152936186,-0.1807529361831257,104,2,4,-1.0,0.0,-1.0,True,,0.00054
83.0,-,36,51391.4294,2,5,-1.0,0.0,-1.0,1.0,51391.256550197606,0.17284980239492143,105,2,5,-1.0,0.0,-1.0,True,,0.00054
84.0,-,2,48600.4094,2,1,-1.0,0.0,-1.0,1.0,48600.354044784704,0.055355215292365756,2,2,1,-1.0,0.0,-1.0,True,,0.00054
84.0,+,32,48600.9294,2,1,-1.0,0.0,-1.0,1.0,48600.89944249324,0.029957506762002595,100,2,1,1.0,0.0,1.0,True,,0.00054
84.0,-,3,49339.7994,2,2,-1.0,0.0,-1.0,1.0,49339.77608157128,0.023318428720813245,3,2,2,-1.0,0.0,-1.0,True,,0.00054
84.0,+,33,49340.3294,2,2,-1.0,0.0,-1.0,1.0,49340.31303149435,0.016368505654099863,101,2,2,1.0,0.0,1.0,True,,0.00054
84.0,-,4,50065.8794,2,3,-1.0,0.0,-1.0,1.0,50066.06200019064,-0.18260019064473454,4,2,3,-1.0,0.0,-1.0,True,,0.00054
84.0,+,34,50066.4394,2,3,-1.0,0.0,-1.0,1.0,50066.59032424535,-0.1509242453466868,103,2,3,1.0,0.0,1.0,True,,0.00054
85.0,+,2,48690.8194,2,1,-1.0,0.0,-1.0,1.0,48690.88329237299,-0.06389237299299566,2,2,1,1.0,0.0,1.0,True,,0.00054
85.0,-,32,48691.6194,2,1,-1.0,0.0,-1.0,1.0,48691.44056166794,0.1788383320599678,100,2,1,-1.0,0.0,-1.0,True,,0.00054
85.0,+,3,49429.2994,2,2,-1.0,0.0,-1.0,1.0,49429.34357847719,-0.04417847718286794,3,2,2,1.0,0.0,1.0,True,,0.00054
85.0,-,33,49429.9194,2,2,-1.0,0.0,-1.0,1.0,49429.892198707545,0.027201292454265058,101,2,2,-1.0,0.0,-1.0,True,,0.00054
85.0,+,4,50154.4194,2,3,-1.0,0.0,-1.0,1.0,50154.65186269115,-0.23246269115043106,4,2,3,1.0,0.0,1.0,True,,0.00054
85.0,-,34,50155.1094,2,3,-1.0,0.0,-1.0,1.0,50155.19164754705,-0.0822475470486097,103,2,3,-1.0,0.0,-1.0,True,,0.00054
86.0,-,2,48782.4794,2,1,-1.0,0.0,-1.0,1.0,48782.412983842005,0.06641615799162537,2,2,1,-1.0,0.0,-1.0,True,,0.00054
86.0,+,32,48783.0394,2,1,-1.0,0.0,-1.0,1.0,48782.98221256982,0.05718743018223904,100,2,1,1.0,0.0,1.0,True,,0.00054
86.0,+,33,49520.4794,2,2,-1.0,0.0,-1.0,1.0,49520.45980307483,0.019596925165387802,101,2,2,1.0,0.0,1.0,True,,0.00054
86.0,-,4,50244.0494,2,3,-1.0,0.0,-1.0,1.0,50244.21749661837,-0.16809661836305168,4,2,3,-1.0,0.0,-1.0,True,,0.00054
86.0,+,34,50244.6094,2,3,-1.0,0.0,-1.0,1.0,50244.76882483182,-0.159424831821525,103,2,3,1.0,0.0,1.0,True,,0.00054
87.0,+,3,49611.3694,2,2,-1.0,0.0,-1.0,1.0,49611.44129335934,-0.07189335933799157,3,2,2,1.0,0.0,1.0,True,,0.00054
87.0,+,4,50334.4794,2,3,-1.0,0.0,-1.0,1.0,50334.75651564442,-0.27711564442142844,4,2,3,1.0,0.0,1.0,True,,0.00054
88.0,-,2,48968.5094,2,1,-1.0,0.0,-1.0,1.0,48968.46447305339,0.04492694661166752,2,2,1,-1.0,0.0,-1.0,True,,0.00054
88.0,+,33,49704.6194,2,2,-1.0,0.0,-1.0,1.0,49704.55094943313,0.06845056687598117,101,2,2,1.0,0.0,1.0,True,,0.00054
88.0,+,34,50426.6494,2,3,-1.0,0.0,-1.0,1.0,50426.84115742734,-0.19175742733932566,103,2,3,1.0,0.0,1.0,True,,0.00054
89.0,-,32,49063.7494,2,1,-1.0,0.0,-1.0,1.0,49063.58720232139,0.16219767861184664,100,2,1,-1.0,0.0,-1.0,True,,0.00054
89.0,+,3,49797.4294,2,2,-1.0,0.0,-1.0,1.0,49797.47359215983,-0.04419215983216418,3,2,2,1.0,0.0,1.0,True,,0.00054
89.0,+,4,50518.5294,2,3,-1.0,0.0,-1.0,1.0,50518.74500638956,-0.21560638955998002,4,2,3,1.0,0.0,1.0,True,,0.00054
90.0,-,2,49158.4994,2,1,-1.0,0.0,-1.0,1.0,49158.48977248821,0.009627511790313292,2,2,1,-1.0,0.0,-1.0,True,,0.00054
90.0,+,33,49892.6594,2,2,-1.0,0.0,-1.0,1.0,49892.567423574714,0.0919764252830646,101,2,2,1.0,0.0,1.0,True,,0.00054
90.0,+,34,50612.6294,2,3,-1.0,0.0,-1.0,1.0,50612.78783869494,-0.1584386949398322,103,2,3,1.0,0.0,1.0,True,,0.00054
91.0,+,3,49901.4094,2,2,-1.0,0.0,-1.0,0.0,49987.421201963,-86.01180196300265,3,2,2,1.0,0.0,1.0,True,,0.0
92.0,-,2,49352.4294,2,1,-1.0,0.0,-1.0,1.0,49352.46967725683,-0.040277256826811936,2,2,1,-1.0,0.0,-1.0,True,,0.00054
92.0,+,33,50084.5594,2,2,-1.0,0.0,-1.0,1.0,50084.489696611105,0.06970338889368577,101,2,2,1.0,0.0,1.0,True,,0.00054
92.0,+,34,50802.3894,2,3,-1.0,0.0,-1.0,1.0,50802.58887637757,-0.1994763775728643,103,2,3,1.0,0.0,1.0,True,,0.00054
