
 Primary working directories    : /home/molpro/scratch
 Secondary working directories  : /home/molpro/scratch
 Wavefunction directory         : /home/molpro/wfu/
 Main file repository           : /home/molpro/scratch/

 SHA1      : 04207d30d77a7c01c6e1f286db5d9e12adb67e49
 NAME      : 2015.1.2
 ARCHNAME  : linux/x86_64
 FC        : /opt/intel/composer_xe_2015.1.133/bin/intel64/ifort
 BLASLIB   : -Wl,-_start-group /opt/intel/mkl/lib/intel64/libmkl_intel_ilp64.a /opt/intel/mkl/lib/intel64/libmkl_intel_thread.a /opt/intel/mkl/lib/intel64/libmkl_core.a -Wl,-_end-group
 id        : gskim

 Nodes     nprocs
 molpro       1

 Using customized tuning parameters: mindgm=1; mindgv=20; mindgc=4; mindgr=1; noblas=0; minvec=7
 default implementation of scratch files=df  

 ***,The CASSCF for o2 d2h symmetry   3sigma-g-minus  excited states
 file,2,o2qm-1state-3sym4-135f.wfu
 memory,2500,M
 gexpec,qm
 geometry={angstrom;
 O
 O,O,r(i)}
 basis=av5z
 r=[4.0,4.25,4.4,4.5,4.6,4.75,5.0]
 do i=1,#r
 int;
 
 Text,CASSCF, state averaged orbitals for o2-3sig- state
 
 {multi;occ,3,2,2,0,3,2,2,0;closed,2,0,0,0,0,0,0,0;start,2130.2;orbital,2140.2;natorb,,ci;wf,16,4,2;state,2;maxiter,40;}
 {ci;occ,3,2,2,0,3,2,2,0;core,2,0,0,0,0,0,0;wf,16,4,2;state,1;maxiter,250;option,maxiti=700;option,nstati=2;orbital,ignore_error=1;}
 
 e1(i)=energy(1)
 
 enddo
 
 table,r,e1
 

 Variables initialized (889), CPU time= 0.00 sec
 Commands  initialized (702), CPU time= 0.01 sec, 572 directives.
 Default parameters read. Elapsed time= 0.04 sec

 Checking input...
 Passed
1


                                         ***  PROGRAM SYSTEM MOLPRO  ***
                                       Copyright, TTI GmbH Stuttgart, 2015
                                    Version 2015.1 linked Jan 11 2016 12:54:15


 **********************************************************************************************************************************
 LABEL *   The CASSCF for o2 d2h symmetry   3sigma-g-minus  excited states               
  64 bit serial version                                                                  DATE: 28-May-21          TIME: 16:47:42  
 **********************************************************************************************************************************

 SHA1:             04207d30d77a7c01c6e1f286db5d9e12adb67e49
 **********************************************************************************************************************************

 Variable memory set to    8000000 words,  buffer space   230000 words



 Permanent file  2  o2qm-1state-3sym4-135f.wfu       assigned.  Implementation=df    Size=  2.30 MB
 

 PROGRAM * RESTART 


 Reading variables from file 2

 _NUMVAR         =    910.00000000
 _DKROLL_DONE    =      0.00000000
 _FOCKDONE       =      0.00000000
 _INTDONE        =      1.00000000
 _DIRECT         =      0.00000000
 _DKHO           =     -1.00000000
 _BASIS          =    AV5Z
 _NELEC          =     16.00000000
 _PROGRAM        =    MULTI
 _CPUSTEP        =     10.74000000
 _SYSSTEP        =      0.88000000
 _WALLSTEP       =     11.93000000
 _BASINP         =    610.00000000
 _CPUTOT         =     25.17000000
 _DFTEXFAC       =      1.00000000
 _DMX(2)         =      0.00000000
 _DMY(2)         =      0.00000000
 _DMZ(2)         =      0.00000000
 _DMX_SCF        =      0.00000000
 _DMY_SCF        =      0.00000000
 _DMZ_SCF        =      0.00000000
 _EHOMO          =     -0.57830354
 _ELUMO          =      0.06710736
 _EIGS(1:254)    =    -20.75293845    -1.54194844    -0.69482259     0.10235371     0.14701971     0.36490859
                        0.41827659     0.53652703     0.80849367     1.03625909     1.18787370     1.20255896
                        1.41173642     2.22390211     2.45693775     2.67097343     2.75169023     2.99806727
                        3.03021910     3.18281420     3.32815475     4.12682801     5.81622436     6.01403346
                        6.37281961     6.68684953     6.93926475     7.22096627     7.47463102     7.56735724
                        7.96586592     8.34985136     9.13691003    12.94558840    15.99791895    16.05600196
                       16.21746120    16.72213207    18.93083305    18.95688348    19.28434499    19.34613300
                       19.67973297    21.90559292    24.01833350    63.30979561    -0.65564997     0.10342697
                        0.45341329     0.50401534     0.90570955     1.14098543     1.37029583     1.57898472
                        2.53111290     2.78390759     2.80502992     2.90216726     4.09425442     5.09446917
                        6.02218779     6.07169104     6.52176561     7.02072166     7.03665428     7.29089417
                        8.48899502     9.90037109    15.60863796    16.04362023    16.09663116    16.22228648
                       18.88646730    19.05182944    19.29329021    20.21637576    22.26352764    -0.65564997
                        0.10342697     0.45341329     0.50401534     0.90570955     1.14098543     1.37029583
                        1.57898472     2.53111290     2.78390759     2.80502992     2.90216726     4.09425442
                        5.09446917     6.02218779     6.07169104     6.52176561     7.02072166     7.03665428
                        7.29089417     8.48899502     9.90037109    15.60863796    16.04362023    16.09663116
                       16.22228648    18.88646730    19.05182944    19.29329021    20.21637576    22.26352764
                        0.36490859     1.03625909     1.18787370     2.45693775     2.67097343     3.03021910
                        3.32815475     5.81622436     6.37281961     6.93926475     7.22096627     7.96586592
                        8.34985136    16.05600196    16.21746120    18.93083305    18.95688348    19.28434499
                       21.90559292   -20.75233334    -1.14516157     0.06710736     0.20332989     0.30453436
                        0.48650117     0.51318755     0.58965808     1.14691482     1.16189139     1.29146202
                        1.55947803     1.56209861     2.42714697     2.78317737     2.87586477     2.91299820
                        3.31531485     3.55720285     4.00714710     4.23906845     5.02093295     6.54751570
                        6.81396815     7.00692167     7.06583253     7.10741304     7.94279760     8.10794748
                        8.54879889     8.69187008     9.93015061    11.50637820    12.24924090    16.38029610
                       17.11476164    17.28347546    17.98060090    19.02728733    19.48427252    19.48479154
                       19.84423276    22.13656837    22.27402331    25.32527073    63.28643642    -0.57830354
                        0.14034855     0.48196839     0.59551906     1.11610975     1.23387079     1.50100770
                        2.28829216     2.90930103     3.02426364     3.31731643     3.32970147     4.97940463
                        5.13943068     6.27365678     7.19814814     7.24405704     7.44824460     7.47348578
                        8.01299379     8.94402704    11.27659417    16.12382881    16.19548914    16.73406776
                       17.60708497    19.13405834    19.15820294    19.24020726    21.11853084    24.17133438
                       -0.57830354     0.14034855     0.48196839     0.59551906     1.11610975     1.23387079
                        1.50100770     2.28829216     2.90930103     3.02426364     3.31731643     3.32970147
                        4.97940463     5.13943068     6.27365678     7.19814814     7.24405704     7.44824460
                        7.47348578     8.01299379     8.94402704    11.27659417    16.12382881    16.19548914
                       16.73406776    17.60708497    19.13405834    19.15820294    19.24020726    21.11853084
                       24.17133438     0.48650117     1.14691482     1.55947803     2.78317737     2.87586477
                        3.31531485     4.23906845     6.81396815     7.00692167     7.10741304     7.94279760
                        8.10794748     9.93015061    16.38029610    17.11476164    19.02728733    19.48479154
                       19.84423276    22.27402331
 _ENERGD0        =   -149.90634909
 _ENERGD1        =   -149.90649653
 _ENERGD2        =   -149.90649653
 _ENERGP0        =   -149.90464797
 _ENERGP1        =   -149.90477190
 _ENERGP2        =   -149.90477190
 _ENERGY(1:2)    =   -149.66679684  -149.58543811
 _ENERGY_METHOD  =    CI
 _ENERGY_BASIS   =    aug-cc-pV5Z
 _GEOMETRY_METHOD=     
 _GEOMETRY_BASIS =     
 _ENUC           =      8.46683537
 _GRADEXFAC      =   9999.00000000
 _GRADMETHOD     =      4.00000000
 _ITERATIONS     =      2.00000000
 _LASTNELEC      =     12.00000000
 _LASTSPIN       =      2.00000000
 _LASTSYM        =      4.00000000
 _ORBITAL        =   2140.20000000
 _SEIG_MIN       =      0.00023669
 _SEWPROP        =      1.00000000
 _STATUS         =      1.00000000
 _SYSTOT         =      1.96000000
 _WALLTOT        =     32.17000000
 _DATE           =    23-May-21
 _LASTORB        =    MCSCF
 _OUTPUT         =    /home/molpro/home/2016gskim/dir-1/o2qm-1state-3sym4-135.xml
 _PGROUP         =    D2h 
 _TIME           =    15:50:37
 _C0             =      0.96055356
 _C0R            =      0.95996272
 _DMX_CC(1:2)    =      0.00000000     0.00000000
 _DMY_CC(1:2)    =      0.00000000     0.00000000
 _DMZ_CC(1:2)    =      0.00000000     0.00000000
 _DMX_NUC(1:2)   =      0.00000000     0.00000000
 _DMY_NUC(1:2)   =      0.00000000     0.00000000
 _DMZ_NUC(1:2)   =      0.00000000     0.00000000
 R(1:7)          =      4.00000000     4.25000000     4.40000000     4.50000000     4.60000000     4.75000000
                        5.00000000
 _QMXX(1:2)      =     -0.50573653    -0.51340803
 _QMYY(1:2)      =     -0.50522680    -0.50722987
 _QMZZ(1:2)      =      1.01096333     1.02063790
 _QMXY(1:2)      =      0.00000000     0.00000000
 _QMXZ(1:2)      =      0.00000000     0.00000000
 _QMYZ(1:2)      =      0.00000000     0.00000000
 _QMRR(1:2)      =    -22.71108982   -22.77426870
 I               =      1.00000000
 _TRDMX          =      0.00000000
 _TRDMY          =      0.00000000
 _TRDMZ          =      0.00000000
 _TRQMXX         =     -0.00062221
 _TRQMYY         =     -0.00062119
 _TRQMZZ         =      0.00124340
 _TRQMXY         =      0.00000000
 _TRQMXZ         =      0.00000000
 _TRQMYZ         =      0.00000000
 _TRQMRR         =      0.00099599
 E1(1:92)        =   -150.08289803  -150.08167553  -150.08093242  -150.08043315  -150.07917184  -150.07789256
                     -150.07659621  -150.07528367  -150.07395580  -150.07261343  -150.07125735  -150.06988835
                     -150.06850717  -150.06711454  -150.06571117  -150.06429774  -150.06287491  -150.06144334
                     -150.05855639  -150.05564167  -150.05270364  -150.04974650  -150.04826201  -150.04677422
                     -150.04617828  -150.04558191  -150.04498514  -150.04438801  -150.04379053  -150.04079894
                     -150.03780277  -150.03480516  -150.03180905  -150.02881726  -150.02583241  -150.02285703
                     -150.01989347  -150.01694399  -150.01401072  -150.01109570  -150.00820086  -150.00532803
                     -150.00247895  -149.99965530  -149.99685866  -149.99409055  -149.99135241  -149.98864563
                     -149.98597153  -149.98333137  -149.98072638  -149.97815770  -149.97562646  -149.97313372
                     -149.97068049  -149.96826776  -149.96589646  -149.96356749  -149.96128170  -149.95903991
                     -149.95684288  -149.95469136  -149.95258603  -149.95052755  -149.94851652  -149.94655349
                     -149.94463898  -149.94277346  -149.94095732  -149.93919093  -149.93747457  -149.93580848
                     -149.93419281  -149.93262767  -149.93111306  -149.92964893  -149.92823514  -149.92687147
                     -149.92555758  -149.92429309  -149.91421158  -149.90802454  -149.90597758  -149.90229359
                     -149.90096489  -149.90006840  -149.89915778  -149.89822347  -149.89766258  -149.89730467
                     -149.89706607  -149.89689960

 Geometry written to block  1 of record 701


 **********************************************************************************************************************************
 DATASETS  * FILE   NREC   LENGTH (MB)   RECORD NAMES
              2       8        2.41       500      610      700     1000      520     2100     2140      701   
                                          VAR    BASINP    GEOM     BASIS   MCVARS     RHF     MCSCF    GEOM   

 PROGRAMS   *        TOTAL   RESTART
 CPU TIMES  *         0.08      0.00
 REAL TIME  *         0.09 SEC
 DISK USED  *         0.03 MB      
 **********************************************************************************************************************************

 Variable memory set to 2500000000 words,  buffer space   230000 words

 SETTING BASIS          =    AV5Z
 SETTING R(1)           =         4.00000000                                  
 SETTING R(2)           =         4.25000000                                  
 SETTING R(3)           =         4.40000000                                  
 SETTING R(4)           =         4.50000000                                  
 SETTING R(5)           =         4.60000000                                  
 SETTING R(6)           =         4.75000000                                  
 SETTING R(7)           =         5.00000000                                  

 DO I                   =         1.00000000   


 Using spherical harmonics

 Library entry O      S aug-cc-pV5Z          selected for orbital group  1
 Library entry O      P aug-cc-pV5Z          selected for orbital group  1
 Library entry O      D aug-cc-pV5Z          selected for orbital group  1
 Library entry O      F aug-cc-pV5Z          selected for orbital group  1
 Library entry O      G aug-cc-pV5Z          selected for orbital group  1
 Library entry O      H aug-cc-pV5Z          selected for orbital group  1

1PROGRAM * SEWARD (Integral evaluation for generally contracted gaussian basis sets)     Author: Roland Lindh, 1990

 Geometry written to block  1 of record 701

 Orientation using atomic masses  
 Molecule type: Linear
 Symmetry elements: X,Y,Z
 Rotational constants:       3.9484215      3.9484215      0.0000000 GHz  (calculated with average atomic masses)

 Point group  D2h 



 ATOMIC COORDINATES

 NR  ATOM    CHARGE       X              Y              Z

   1  O       8.00    0.000000000    0.000000000   -3.779452249
   2  O       8.00    0.000000000    0.000000000    3.779452249

 NUCLEAR CHARGE:                   16
 NUMBER OF PRIMITIVE AOS:         398
 NUMBER OF SYMMETRY AOS:          288
 NUMBER OF CONTRACTIONS:          254   (  46Ag  +  31B3u +  31B2u +  19B1g +  46B1u +  31B2g +  31B3g +  19Au  )
 NUMBER OF CORE ORBITALS:           2   (   1Ag  +   0B3u +   0B2u +   0B1g +   1B1u +   0B2g +   0B3g +   0Au  )
 NUMBER OF VALENCE ORBITALS:        8   (   2Ag  +   1B3u +   1B2u +   0B1g +   2B1u +   1B2g +   1B3g +   0Au  )


 NUCLEAR REPULSION ENERGY    8.46683537

 EXTRA SYMMETRY OF AOS IN SYMMETRY 1:   1 1 1 1 1 1 1 1 1 1   1 1 1 1 2 1 2 1 2 1   2 1 2 1 2 1 2 1 2 1   2 1 3 2 1 3 2 1 3 2
                                        2 3 1 2 3 1
 EXTRA SYMMETRY OF AOS IN SYMMETRY 2:   1 1 1 1 1 1 1 1 1 1   1 1 2 1 2 1 2 1 2 1   2 1 2 1 2 1 2 3 1 2   3
 EXTRA SYMMETRY OF AOS IN SYMMETRY 3:   1 1 1 1 1 1 1 1 1 1   1 1 2 1 2 1 2 1 2 1   2 1 2 1 2 1 2 3 1 2   3
 EXTRA SYMMETRY OF AOS IN SYMMETRY 4:   1 1 1 1 1 1 1 1 1 1   2 1 2 1 2 2 1 2 1
 EXTRA SYMMETRY OF AOS IN SYMMETRY 5:   1 1 1 1 1 1 1 1 1 1   1 1 1 1 2 1 2 1 2 1   2 1 2 1 2 1 2 1 2 1   2 1 3 2 1 3 2 1 3 2
                                        2 3 1 2 3 1
 EXTRA SYMMETRY OF AOS IN SYMMETRY 6:   1 1 1 1 1 1 1 1 1 1   1 1 2 1 2 1 2 1 2 1   2 1 2 1 2 1 2 3 1 2   3
 EXTRA SYMMETRY OF AOS IN SYMMETRY 7:   1 1 1 1 1 1 1 1 1 1   1 1 2 1 2 1 2 1 2 1   2 1 2 1 2 1 2 3 1 2   3
 EXTRA SYMMETRY OF AOS IN SYMMETRY 8:   1 1 1 1 1 1 1 1 1 1   2 1 2 1 2 2 1 2 1

 Eigenvalues of metric

         1 0.238E-03 0.540E-02 0.848E-02 0.339E-01 0.544E-01 0.650E-01 0.677E-01 0.134E+00
         2 0.540E-02 0.356E-01 0.686E-01 0.144E+00 0.148E+00 0.163E+00 0.251E+00 0.257E+00
         3 0.540E-02 0.356E-01 0.686E-01 0.144E+00 0.148E+00 0.163E+00 0.251E+00 0.257E+00
         4 0.677E-01 0.145E+00 0.244E+00 0.257E+00 0.257E+00 0.410E+00 0.410E+00 0.484E+00
         5 0.237E-03 0.528E-02 0.638E-02 0.229E-01 0.301E-01 0.625E-01 0.665E-01 0.106E+00
         6 0.539E-02 0.335E-01 0.616E-01 0.133E+00 0.142E+00 0.144E+00 0.216E+00 0.256E+00
         7 0.539E-02 0.335E-01 0.616E-01 0.133E+00 0.142E+00 0.144E+00 0.216E+00 0.256E+00
         8 0.665E-01 0.143E+00 0.238E+00 0.256E+00 0.257E+00 0.410E+00 0.410E+00 0.475E+00


 Contracted 2-electron integrals neglected if value below      1.0D-11
 AO integral compression algorithm  1   Integral accuracy      1.0D-11

     328.991 MB (compressed) written to integral file ( 36.0%)


 NUMBER OF SORTED TWO-ELECTRON INTEGRALS:   66838400.     BUFFER LENGTH:  32768
 NUMBER OF SEGMENTS:   5  SEGMENT LENGTH:   15999177      RECORD LENGTH: 524288

 Memory used in sort:      16.56 MW

 SORT1 READ   114264352. AND WROTE    47187288. INTEGRALS IN    139 RECORDS. CPU TIME:     2.75 SEC, REAL TIME:     3.10 SEC
 SORT2 READ    47187288. AND WROTE    66838400. INTEGRALS IN   1255 RECORDS. CPU TIME:     1.07 SEC, REAL TIME:     1.23 SEC

 FILE SIZES:   FILE 1:   349.6 MBYTE,  FILE 4:   583.0 MBYTE,   TOTAL:    932.6 MBYTE

 OPERATOR DM      FOR CENTER  0  COORDINATES:    0.000000    0.000000    0.000000
 OPERATOR QM      FOR CENTER  0  COORDINATES:    0.000000    0.000000    0.000000


 **********************************************************************************************************************************
 DATASETS  * FILE   NREC   LENGTH (MB)   RECORD NAMES
              1      19      222.16       500      701      610      900      950      970     1000      129      960     1100   
                                          VAR     GEOM    BASINP   SYMINP    ZMAT    AOBASIS   BASIS     P2S    ABASIS      S 
                                         1400     1410     1200     1210     1080     1600     1650     1300     1700   
                                           T        V       H0       H01     AOSYM     SMH    MOLCAS    ERIS     OPER   

              2       8        2.41       500      610      700     1000      520     2100     2140      701   
                                          VAR    BASINP    GEOM     BASIS   MCVARS     RHF     MCSCF    GEOM   

 PROGRAMS   *        TOTAL       INT   RESTART
 CPU TIMES  *        14.45     14.37      0.00
 REAL TIME  *        20.27 SEC
 DISK USED  *       935.16 MB      
 **********************************************************************************************************************************

1PROGRAM * MULTI (Direct Multiconfiguration SCF)       Authors: P.J. Knowles, H.-J. Werner (1984)     S.T. Elbert (1988)


 Number of closed-shell orbitals:   2 (   2   0   0   0   0   0   0   0 )
 Number of active  orbitals:       12 (   1   2   2   0   3   2   2   0 )
 Number of external orbitals:     240 (  43  29  29  19  43  29  29  19 )

 State symmetry 1

 Number of electrons:    12    Spin symmetry=Triplet   Space symmetry=4
 Number of states:        2
 Number of CSFs:      47808   (78400 determinants, 627264 intermediate states)

 Iteration controls:
             1  2  3  4  5  6  7  8  9 10 11 12 13 14 15 16 17 18 19 20 21 22 23 24 25 26 27 28 29 30 31 32 33 34 35 36 37 38 39
 DIAGCI      T  T  T  T  T  T  T  T  T  T  T  T  T  T  T  T  T  T  T  T  T  T  T  T  T  T  T  T  T  T  T  T  T  T  T  T  T  T  T
 WERNER      T  T  T  T  T  T  T  T  T  T  T  T  T  T  T  T  T  T  T  T  T  T  T  T  T  T  T  T  T  T  T  T  T  T  T  T  T  T  T
 INTERNAL    F  T  T  T  T  T  T  T  T  T  T  T  T  T  T  T  T  T  T  T  T  T  T  T  T  T  T  T  T  T  T  T  T  T  T  T  T  T  T

 Molecular orbitals read from record     2140.2  Type=MCSCF/NATURAL (state averaged)

 EXTRA SYMMETRY OF MOS IN SYMMETRY 1:   1 1 1 1 1 1 2 1 1 1   2 2 1 1 1 2 3 1 2 1   2 1 1 1 2 3 1 2 3 1   2 2 1 1 1 1 2 3 1 2
                                        3 1 2 2 1 1
 EXTRA SYMMETRY OF MOS IN SYMMETRY 2:   1 1 1 1 1 2 1 1 1 2   1 2 1 1 1 2 3 1 2 1   2 1 1 1 2 3 1 2 1 2   1
 EXTRA SYMMETRY OF MOS IN SYMMETRY 3:   1 1 1 1 1 2 1 1 1 2   1 2 1 1 1 2 3 1 2 1   2 1 1 1 2 3 1 2 1 2   1
 EXTRA SYMMETRY OF MOS IN SYMMETRY 4:   1 1 1 1 2 1 1 1 2 1   2 1 1 1 2 1 2 1 1
 EXTRA SYMMETRY OF MOS IN SYMMETRY 5:   1 1 1 1 1 2 1 1 1 2   1 2 1 1 2 3 1 2 1 1   2 1 1 1 2 3 2 1 3 2   1 2 1 1 1 1 2 3 1 2
                                        3 2 1 2 1 1
 EXTRA SYMMETRY OF MOS IN SYMMETRY 6:   1 1 1 1 2 1 1 1 1 2   2 1 1 1 1 2 3 1 2 2   1 1 1 1 2 3 1 2 1 2   1
 EXTRA SYMMETRY OF MOS IN SYMMETRY 7:   1 1 1 1 2 1 1 1 1 2   2 1 1 1 1 2 3 1 2 2   1 1 1 1 2 3 1 2 1 2   1
 EXTRA SYMMETRY OF MOS IN SYMMETRY 8:   1 1 1 1 2 1 1 1 2 1   2 1 1 1 2 1 2 1 1

 Wavefunction dump at record             2140.2

 Convergence thresholds  0.10E-01 (gradient)  0.10E-05 (energy)  0.10E-02 (step length)

 Weight factors for state symmetry  1:    0.50000   0.50000

 Number of orbital rotations:      492   (     2 Core/Active     86 Core/Virtual   0 Active/Active    404 Active/Virtual)
 Total number of variables:     157292


 ITER. MIC  NCI  NEG     ENERGY(VAR)     ENERGY(PROJ)   ENERGY CHANGE     GRAD(0)  GRAD(ORB)   GRAD(CI)     STEP       TIME

   1   37   31    0    -149.62611748    -149.62611830   -0.00000082    0.00173976 0.00000000 0.00103314  0.12D-02      3.24
   2   29   34    0    -149.62612420    -149.62618585   -0.00006165    0.01525674 0.00000000 0.00292570  0.12D-01      7.01
   3   25   25    0    -149.62618593    -149.62618597   -0.00000003    0.00015248 0.00000006 0.00007281  0.11D-02      9.62
   4   19   21    0    -149.62618597    -149.62618597   -0.00000000    0.00001168 0.00000108 0.00000403  0.36D-04     11.91

 ** WVFN ****  CONVERGENCE REACHED, FINAL GRADIENT:  0.13D-05



 Results for state 1.4
 =====================

 !MCSCF STATE 1.4 Energy             -149.666713336887
 Nuclear energy                         8.46683537
 Kinetic energy                       149.66276508
 One electron energy                 -223.29224772
 Two electron energy                   65.15869901
 Virial ratio                           2.00002638

 !MCSCF STATE 1.4 Dipole moment         0.00000000     0.00000000     0.00000000
 Dipole moment /Debye                   0.00000000     0.00000000     0.00000000

 Results for state 2.4
 =====================

 !MCSCF STATE 2.4 Energy             -149.585658594549
 Nuclear energy                         8.46683537
 Kinetic energy                       149.58885428
 One electron energy                 -223.23406232
 Two electron energy                   65.18156835
 Virial ratio                           1.99997864

 !MCSCF STATE 2.4 Dipole moment         0.00000000     0.00000000     0.00000000
 Dipole moment /Debye                   0.00000000     0.00000000     0.00000000

 State-averaged charge density matrix saved on record  2140.2 (density set 1)

 !MCSCF expec        <1.4|QMXX|1.4>    -0.526852086383
 !MCSCF trans        <2.4|QMXX|1.4>    -0.000467551823
 !MCSCF expec        <2.4|QMXX|2.4>    -0.569500862062

 !MCSCF expec        <1.4|QMYY|1.4>    -0.482967734892
 !MCSCF trans        <2.4|QMYY|1.4>    -0.000449594059
 !MCSCF expec        <2.4|QMYY|2.4>    -0.451133080156

 !MCSCF expec        <1.4|QMZZ|1.4>     1.009819821276
 !MCSCF trans        <2.4|QMZZ|1.4>     0.000917145882
 !MCSCF expec        <2.4|QMZZ|2.4>     1.020633942218

 !MCSCF expec        <1.4|QMRR|1.4>   -22.711473024466
 !MCSCF trans        <2.4|QMRR|1.4>     0.000736262385
 !MCSCF expec        <2.4|QMRR|2.4>   -22.775820599218


 Natural orbital dump (state averaged) at molpro section  2140.2    (Orbital set 2)


 CI vector
 =========

 a 20 a0 22a b0 20       -0.3501798   0.4952355
 a b0 20 22a 20 a0       -0.3504354   0.4951749
 2 20 20 220 a0 a0        0.3542926   0.2653133
 2 a0 a0 220 20 20       -0.3525514  -0.2604418
 a 20 b0 22a a0 20        0.3504461  -0.0255693
 a a0 20 22a 20 b0        0.3501706  -0.0258150
 0 20 20 222 a0 a0       -0.3482882  -0.2569303
 0 a0 a0 222 20 20        0.3466631   0.2585857
 b 20 a0 22a a0 20       -0.0001667  -0.2366054
 a a0 20 22b 20 a0        0.0001111  -0.2361622
 b a0 20 22a 20 a0        0.0001537  -0.2331977
 a 20 a0 22b a0 20       -0.0000996  -0.2330608

 TOTAL ENERGIES                      -149.66671334  -149.58565859



 **********************************************************************************************************************************
 DATASETS  * FILE   NREC   LENGTH (MB)   RECORD NAMES
              1      20      232.74       500      701      610      900      950      970     1000      129      960     1100   
                                          VAR     GEOM    BASINP   SYMINP    ZMAT    AOBASIS   BASIS     P2S    ABASIS      S 
                                         1400     1410     1200     1210     1080     1600     1650     1300     1700     1380   
                                           T        V       H0       H01     AOSYM     SMH    MOLCAS    ERIS     OPER     JKOP   

              2       8        2.41       500      610      700     1000      520     2100     2140      701   
                                          VAR    BASINP    GEOM     BASIS   MCVARS     RHF     MCSCF    GEOM   

 PROGRAMS   *        TOTAL     MULTI       INT   RESTART
 CPU TIMES  *        29.17     14.72     14.37      0.00
 REAL TIME  *        36.39 SEC
 DISK USED  *       935.16 MB      
 **********************************************************************************************************************************

1PROGRAM * CI (Multireference internally contracted CI)     Authors: H.-J. Werner, P.J. Knowles, 1987


 Convergence thresholds:  THRVAR = 1.00D-08  THRDEN = 1.00D-06

 Number of optimized states:  1  Roots:   1
 Number of reference states:  1  Roots:   1

 Program parameters:       NSTATE=  1    NSTATI=  2    NSTATR=  1    NCEPA = -1    NOKOP =  0    ITRDM =  0    ITRANS=  0
                           IDIP  =200    MAXIT =250    MAXITI=700    MAXDAV=  4    MAXVI =  6    NOSING=  0    NOPAIR=  0
                           MXSHRF=  8    IKCPS =  0    IOPTGM=  2    IOPTOR=  0    REFOPT=  1    IAVDEN=  0    IDELCG=  1
                           IREST =  0    NATORB=  0    IPUNRF=  0    ISEP  =  0    OLDDEN=  0    NSTPRI=  1    GPSFLI= -1
                           CLUSTE=  0    CLOSED=  1    ILSTYP=  0    ITRLS =  0    ICCSD =  0    LOCAL =  0    IBASO =  0
                           MP    =  0    ITEDIS=  2    INCDIS=  1    MAXDIS=  6    ITYDIS=  1    BRUECK=  0    IBRSTR=  3
                           INCBRK=  1    TRIPLE=  0    ICCTYP=  1    IHPPD =  0    ICCNEW=  0    I3EXT = -1    IDEB  =  0
                           IDLEIG=  1    IDFTYP=  1    IMP3  =  0    IPROCS=  0    NOINT =  0    NOREF =  1    IMP2G =  0
                           IHINT =  0    IFDIA =  0    ISPARO=  1    JKSYM =  0    CPHF  =  0    MP2D  = -1    DKINT =  0
                           NPKEX =  1    DRVK  =  1    HLSTRA=  1    WIGNER=  1    DIIS_C=  1    MAXIT_= 50    MATEL =  0
                           SPDEG =  1    MEMCPH=  0    DISM  =  1    KDCPMA=  5    IKDCP_=  0    IREDTH=  0    USECS =  0
                           IPROCC=  0    I3SAVE=  1    IKDCP =  1    USECI =  0    OLDPAI=  0    IPROCI=  0    KEEPCL=  1
                           DISCON=  0    SHIFTE=  0    DIISIN=  0    MOLCAS=  0    MEM_PT=  0    RECORD=  0    RS2C  =  0
                           KEXT  = -1    CIPT2 =  0    DECP0S=  0    I4EXT = -1    NATCOR=  0    RIMP2 =  0    DDCI  = -1

 Reference symmetry:                   4   Triplet 
 Number of electrons:                 16
 Maximum number of shells:             6
 Maximum number of spin couplings:   297

 Reference space:     9136 conf    47808 CSFs
 N elec internal:    72865 conf   382239 CSFs
 N-1 el internal:    69576 conf   622908 CSFs
 N-2 el internal:    57950 conf   876478 CSFs

 Number of electrons in valence space:                     12
 Maximum number of open shell orbitals in reference space: 10
 Maximum number of open shell orbitals in internal spaces: 12


 Number of core orbitals:           2 (   2   0   0   0   0   0   0   0 )
 Number of active  orbitals:       12 (   1   2   2   0   3   2   2   0 )
 Number of external orbitals:     240 (  43  29  29  19  43  29  29  19 )

 Molecular orbitals read from record     2140.2  Type=MCSCF/NATURAL (state averaged)

 Coulomb and exchange operators available. No transformation done.

 Number of p-space configurations:  14

 Reference wavefunction optimized for reference space (refopt=1)

 State     Reference Energy 
   1        -149.66671334
   2        -149.58565859

 Number of blocks in overlap matrix:    16   Smallest eigenvalue:  0.81D-05
 Number of N-2 electron functions:     144
 Number of N-1 electron functions:  622908

 Number of internal configurations:                47808
 Number of singly external configurations:      18686980
 Number of doubly external configurations:        524512
 Total number of contracted configurations:     19259300
 Total number of uncontracted configurations: 3169518620

 Diagonal Coupling coefficients finished.               Storage:21268533 words, CPU-Time:     25.09 seconds.
 Energy denominators for pairs finished in 1 passes.    Storage: 2233191 words, CPU-time:      0.01 seconds.

  ITER. STATE  ROOT     SQ.NORM     CORR.ENERGY   TOTAL ENERGY   ENERGY CHANGE       DEN1      VAR(S)    VAR(P)      TIME
    1     1     1     1.00000000     0.00000000  -149.66671334     0.00000000    -0.21322537  0.17D-01  0.14D-01    55.33
    2     1     1     1.03222751    -0.21789875  -149.88461209    -0.21789875    -0.00986981  0.41D-03  0.64D-03   344.79
    3     1     1     1.03783628    -0.22897589  -149.89568922    -0.01107713    -0.00086699  0.78D-04  0.57D-04   633.51
    4     1     1     1.04061130    -0.23004480  -149.89675814    -0.00106891    -0.00010261  0.93D-05  0.88D-05   922.36
    5     1     1     1.04100532    -0.23015048  -149.89686382    -0.00010568    -0.00002349  0.28D-05  0.21D-05  1212.15
    6     1     1     1.04105494    -0.23017181  -149.89688515    -0.00002133    -0.00000468  0.73D-06  0.27D-06  1504.34
    7     1     1     1.04106304    -0.23017607  -149.89688941    -0.00000426    -0.00000139  0.31D-06  0.74D-07  1793.72
    8     1     1     1.04107671    -0.23017706  -149.89689039    -0.00000099    -0.00000038  0.84D-07  0.19D-07  2082.71
    9     1     1     1.04108871    -0.23017736  -149.89689070    -0.00000031    -0.00000011  0.22D-07  0.77D-08  2371.20
   10     1     1     1.04109300    -0.23017745  -149.89689078    -0.00000008    -0.00000003  0.59D-08  0.19D-08  2659.39


 =====================================
 Analysis of CPU times by interactions
 =====================================

       I      S      P

 I   1.7%
 S   0.8%  19.4%
 P   1.5%  69.8%   5.3%

 Initialization:   1.1%
 Other:            0.5%

 Total CPU:     2659.4 seconds
 =====================================



 Reference coefficients greater than 0.0500000
 =============================================
 /20/022/\020           0.3961159
 //02022/20\0          -0.3961144
 22020220/0/0          -0.3477023
 2/0/02202020           0.3456224
 02020222/0/0           0.3413514
 0/0/02222020          -0.3394172
 /20\022//020          -0.2429763
 /\02022/20/0           0.2429698
 //02022\20/0          -0.1402257
 /20/022\/020           0.1402136



 RESULTS FOR STATE 1.4
 =====================

 Coefficient of reference function:   C(0) = 0.97976177 (fixed)   0.98006580 (relaxed)

 Energy contributions of configuration classes

 CLASS          SQ.NORM        ECORR1        ECORR2
 +++++++++++++++++++++++++++++++++++++++++++++++++++
 Internals    0.00062072    0.00000000   -0.00013721
 Singles      0.02256294   -0.08778559   -0.08925296
 Pairs        0.01855557   -0.14239180   -0.14078728
 Total        1.04173923   -0.23017739   -0.23017745
 +++++++++++++++++++++++++++++++++++++++++++++++++++


 Reference energy                    -149.66671334
 Nuclear energy                         8.46683537
 Kinetic energy                       149.95318665
 One electron energy                 -223.21899012
 Two electron energy                   64.85526396
 Virial quotient                       -0.99962458
 Correlation energy                    -0.23017745
 !MRCI STATE 1.4 Energy              -149.896890783304

 Properties without orbital relaxation:

 !MRCI STATE 1.4 Dipole moment          0.00000000     0.00000000     0.00000000
 Dipole moment /Debye                   0.00000000     0.00000000     0.00000000

 Cluster corrected energies          -149.90649821 (Davidson, fixed reference)
 Cluster corrected energies          -149.90634947 (Davidson, relaxed reference)

 Cluster corrected energies          -149.90477184 (Pople, fixed reference)
 Cluster corrected energies          -149.90464681 (Pople, relaxed reference)

 

 !MRCI expec         <1.4|QMXX|1.4>    -0.495304575711
 !MRCI expec         <1.4|QMYY|1.4>    -0.485567751750
 !MRCI expec         <1.4|QMZZ|1.4>     0.980872327461
 !MRCI expec         <1.4|QMRR|1.4>   -22.633679816157


 **********************************************************************************************************************************
 DATASETS  * FILE   NREC   LENGTH (MB)   RECORD NAMES
              1      20      232.74       500      701      610      900      950      970     1000      129      960     1100   
                                          VAR     GEOM    BASINP   SYMINP    ZMAT    AOBASIS   BASIS     P2S    ABASIS      S 
                                         1400     1410     1200     1210     1080     1600     1650     1300     1700     1380   
                                           T        V       H0       H01     AOSYM     SMH    MOLCAS    ERIS     OPER     JKOP   

              2       8        2.41       500      610      700     1000      520     2100     2140      701   
                                          VAR    BASINP    GEOM     BASIS   MCVARS     RHF     MCSCF    GEOM   

 PROGRAMS   *        TOTAL        CI     MULTI       INT   RESTART
 CPU TIMES  *      2705.56   2676.38     14.72     14.37      0.00
 REAL TIME  *      2730.85 SEC
 DISK USED  *         3.64 GB      
 **********************************************************************************************************************************
 SETTING E1(1)          =      -149.89689078  AU                              

 DO I                   =         2.00000000   


 Using spherical harmonics

 Library entry O      S aug-cc-pV5Z          selected for orbital group  1
 Library entry O      P aug-cc-pV5Z          selected for orbital group  1
 Library entry O      D aug-cc-pV5Z          selected for orbital group  1
 Library entry O      F aug-cc-pV5Z          selected for orbital group  1
 Library entry O      G aug-cc-pV5Z          selected for orbital group  1
 Library entry O      H aug-cc-pV5Z          selected for orbital group  1

1PROGRAM * SEWARD (Integral evaluation for generally contracted gaussian basis sets)     Author: Roland Lindh, 1990

 Geometry written to block  1 of record 701

 Orientation using atomic masses  
 Molecule type: Linear
 Symmetry elements: X,Y,Z
 Rotational constants:       3.4975637      3.4975637      0.0000000 GHz  (calculated with average atomic masses)

 Point group  D2h 



 ATOMIC COORDINATES

 NR  ATOM    CHARGE       X              Y              Z

   1  O       8.00    0.000000000    0.000000000   -4.015668015
   2  O       8.00    0.000000000    0.000000000    4.015668015

 NUCLEAR CHARGE:                   16
 NUMBER OF PRIMITIVE AOS:         398
 NUMBER OF SYMMETRY AOS:          288
 NUMBER OF CONTRACTIONS:          254   (  46Ag  +  31B3u +  31B2u +  19B1g +  46B1u +  31B2g +  31B3g +  19Au  )
 NUMBER OF CORE ORBITALS:           2   (   1Ag  +   0B3u +   0B2u +   0B1g +   1B1u +   0B2g +   0B3g +   0Au  )
 NUMBER OF VALENCE ORBITALS:        8   (   2Ag  +   1B3u +   1B2u +   0B1g +   2B1u +   1B2g +   1B3g +   0Au  )


 NUCLEAR REPULSION ENERGY    7.96878624

 EXTRA SYMMETRY OF AOS IN SYMMETRY 1:   1 1 1 1 1 1 1 1 1 1   1 1 1 1 2 1 2 1 2 1   2 1 2 1 2 1 2 1 2 1   2 1 3 2 1 3 2 1 3 2
                                        2 3 1 2 3 1
 EXTRA SYMMETRY OF AOS IN SYMMETRY 2:   1 1 1 1 1 1 1 1 1 1   1 1 2 1 2 1 2 1 2 1   2 1 2 1 2 1 2 3 1 2   3
 EXTRA SYMMETRY OF AOS IN SYMMETRY 3:   1 1 1 1 1 1 1 1 1 1   1 1 2 1 2 1 2 1 2 1   2 1 2 1 2 1 2 3 1 2   3
 EXTRA SYMMETRY OF AOS IN SYMMETRY 4:   1 1 1 1 1 1 1 1 1 1   2 1 2 1 2 2 1 2 1
 EXTRA SYMMETRY OF AOS IN SYMMETRY 5:   1 1 1 1 1 1 1 1 1 1   1 1 1 1 2 1 2 1 2 1   2 1 2 1 2 1 2 1 2 1   2 1 3 2 1 3 2 1 3 2
                                        2 3 1 2 3 1
 EXTRA SYMMETRY OF AOS IN SYMMETRY 6:   1 1 1 1 1 1 1 1 1 1   1 1 2 1 2 1 2 1 2 1   2 1 2 1 2 1 2 3 1 2   3
 EXTRA SYMMETRY OF AOS IN SYMMETRY 7:   1 1 1 1 1 1 1 1 1 1   1 1 2 1 2 1 2 1 2 1   2 1 2 1 2 1 2 3 1 2   3
 EXTRA SYMMETRY OF AOS IN SYMMETRY 8:   1 1 1 1 1 1 1 1 1 1   2 1 2 1 2 2 1 2 1

 Eigenvalues of metric

         1 0.238E-03 0.540E-02 0.856E-02 0.337E-01 0.548E-01 0.670E-01 0.676E-01 0.138E+00
         2 0.540E-02 0.355E-01 0.687E-01 0.144E+00 0.147E+00 0.162E+00 0.251E+00 0.257E+00
         3 0.540E-02 0.355E-01 0.687E-01 0.144E+00 0.147E+00 0.162E+00 0.251E+00 0.257E+00
         4 0.676E-01 0.145E+00 0.243E+00 0.257E+00 0.257E+00 0.410E+00 0.410E+00 0.482E+00
         5 0.237E-03 0.534E-02 0.675E-02 0.298E-01 0.310E-01 0.625E-01 0.667E-01 0.111E+00
         6 0.539E-02 0.337E-01 0.631E-01 0.137E+00 0.144E+00 0.144E+00 0.223E+00 0.257E+00
         7 0.539E-02 0.337E-01 0.631E-01 0.137E+00 0.144E+00 0.144E+00 0.223E+00 0.257E+00
         8 0.667E-01 0.143E+00 0.239E+00 0.257E+00 0.257E+00 0.410E+00 0.410E+00 0.477E+00


 Contracted 2-electron integrals neglected if value below      1.0D-11
 AO integral compression algorithm  1   Integral accuracy      1.0D-11

     324.534 MB (compressed) written to integral file ( 35.5%)


 NUMBER OF SORTED TWO-ELECTRON INTEGRALS:   66838400.     BUFFER LENGTH:  32768
 NUMBER OF SEGMENTS:   5  SEGMENT LENGTH:   15999177      RECORD LENGTH: 524288

 Memory used in sort:      16.56 MW

 SORT1 READ   114264352. AND WROTE    47032865. INTEGRALS IN    138 RECORDS. CPU TIME:     2.74 SEC, REAL TIME:     3.09 SEC
 SORT2 READ    47032865. AND WROTE    66838400. INTEGRALS IN   1238 RECORDS. CPU TIME:     1.06 SEC, REAL TIME:     1.23 SEC

 FILE SIZES:   FILE 1:   345.1 MBYTE,  FILE 4:   578.8 MBYTE,   TOTAL:    924.0 MBYTE

 OPERATOR DM      FOR CENTER  0  COORDINATES:    0.000000    0.000000    0.000000
 OPERATOR QM      FOR CENTER  0  COORDINATES:    0.000000    0.000000    0.000000


 **********************************************************************************************************************************
 DATASETS  * FILE   NREC   LENGTH (MB)   RECORD NAMES
              1      19      219.73       500      701      610      900      950      970     1000      129      960     1100   
                                          VAR     GEOM    BASINP   SYMINP    ZMAT    AOBASIS   BASIS     P2S    ABASIS      S 
                                         1400     1410     1200     1210     1080     1600     1650     1300     1700   
                                           T        V       H0       H01     AOSYM     SMH    MOLCAS    ERIS     OPER   

              2       8        2.41       500      610      700     1000      520     2100     2140      701   
                                          VAR    BASINP    GEOM     BASIS   MCVARS     RHF     MCSCF    GEOM   

 PROGRAMS   *        TOTAL       INT        CI     MULTI       INT   RESTART
 CPU TIMES  *      2719.00     13.44   2676.38     14.72     14.37      0.00
 REAL TIME  *      2749.85 SEC
 DISK USED  *         3.64 GB      
 **********************************************************************************************************************************

1PROGRAM * MULTI (Direct Multiconfiguration SCF)       Authors: P.J. Knowles, H.-J. Werner (1984)     S.T. Elbert (1988)


 Number of closed-shell orbitals:   2 (   2   0   0   0   0   0   0   0 )
 Number of active  orbitals:       12 (   1   2   2   0   3   2   2   0 )
 Number of external orbitals:     240 (  43  29  29  19  43  29  29  19 )

 State symmetry 1

 Number of electrons:    12    Spin symmetry=Triplet   Space symmetry=4
 Number of states:        2
 Number of CSFs:      47808   (78400 determinants, 627264 intermediate states)

 Iteration controls:
             1  2  3  4  5  6  7  8  9 10 11 12 13 14 15 16 17 18 19 20 21 22 23 24 25 26 27 28 29 30 31 32 33 34 35 36 37 38 39
 DIAGCI      T  T  T  T  T  T  T  T  T  T  T  T  T  T  T  T  T  T  T  T  T  T  T  T  T  T  T  T  T  T  T  T  T  T  T  T  T  T  T
 WERNER      T  T  T  T  T  T  T  T  T  T  T  T  T  T  T  T  T  T  T  T  T  T  T  T  T  T  T  T  T  T  T  T  T  T  T  T  T  T  T
 INTERNAL    F  T  T  T  T  T  T  T  T  T  T  T  T  T  T  T  T  T  T  T  T  T  T  T  T  T  T  T  T  T  T  T  T  T  T  T  T  T  T

 Molecular orbitals read from record     2140.2  Type=MCSCF/NATURAL (state averaged)

 EXTRA SYMMETRY OF MOS IN SYMMETRY 1:   1 1 1 1 1 1 2 1 1 1   2 2 1 1 1 2 3 1 2 1   2 1 1 1 2 3 1 2 3 1   2 2 1 1 1 1 2 3 1 2
                                        3 1 2 2 1 1
 EXTRA SYMMETRY OF MOS IN SYMMETRY 2:   1 1 1 1 1 2 1 1 1 2   1 2 1 1 1 2 3 1 2 1   2 1 1 1 2 3 1 2 1 2   1
 EXTRA SYMMETRY OF MOS IN SYMMETRY 3:   1 1 1 1 1 2 1 1 1 2   1 2 1 1 1 2 3 1 2 1   2 1 1 1 2 3 1 2 1 2   1
 EXTRA SYMMETRY OF MOS IN SYMMETRY 4:   1 1 1 1 2 1 1 1 2 1   2 1 1 1 2 1 2 1 1
 EXTRA SYMMETRY OF MOS IN SYMMETRY 5:   1 1 1 1 1 2 1 1 1 2   1 2 1 1 2 3 1 2 1 1   2 1 1 1 2 3 2 1 3 2   1 2 1 1 1 1 2 3 1 2
                                        3 2 1 2 1 1
 EXTRA SYMMETRY OF MOS IN SYMMETRY 6:   1 1 1 1 2 1 1 1 1 2   2 1 1 1 1 2 3 1 2 2   1 1 1 1 2 3 1 2 1 2   1
 EXTRA SYMMETRY OF MOS IN SYMMETRY 7:   1 1 1 1 2 1 1 1 1 2   2 1 1 1 1 2 3 1 2 2   1 1 1 1 2 3 1 2 1 2   1
 EXTRA SYMMETRY OF MOS IN SYMMETRY 8:   1 1 1 1 2 1 1 1 2 1   2 1 1 1 2 1 2 1 1

 Wavefunction dump at record             2140.2

 Convergence thresholds  0.10E-01 (gradient)  0.10E-05 (energy)  0.10E-02 (step length)

 Weight factors for state symmetry  1:    0.50000   0.50000

 Number of orbital rotations:      492   (     2 Core/Active     86 Core/Virtual   0 Active/Active    404 Active/Virtual)
 Total number of variables:     157292


 ITER. MIC  NCI  NEG     ENERGY(VAR)     ENERGY(PROJ)   ENERGY CHANGE     GRAD(0)  GRAD(ORB)   GRAD(CI)     STEP       TIME

   1   23   31    0    -149.62618717    -149.62618753   -0.00000036    0.00102172 0.00000049 0.00000447  0.80D-03      3.44
   2   20   17    0    -149.62618753    -149.62618753   -0.00000000    0.00000086 0.00000002 0.00000116  0.35D-05      5.43

 ** WVFN ****  CONVERGENCE REACHED, FINAL GRADIENT:  0.76D-07



 Results for state 1.4
 =====================

 !MCSCF STATE 1.4 Energy             -149.666710028870
 Nuclear energy                         7.96878624
 Kinetic energy                       149.66280174
 One electron energy                 -222.29899378
 Two electron energy                   64.66349752
 Virial ratio                           2.00002611

 !MCSCF STATE 1.4 Dipole moment         0.00000000     0.00000000     0.00000000
 Dipole moment /Debye                   0.00000000     0.00000000     0.00000000

 Results for state 2.4
 =====================

 !MCSCF STATE 2.4 Energy             -149.585665026130
 Nuclear energy                         7.96878624
 Kinetic energy                       149.58880690
 One electron energy                 -222.24078481
 Two electron energy                   64.68633355
 Virial ratio                           1.99997900

 !MCSCF STATE 2.4 Dipole moment         0.00000000     0.00000000     0.00000000
 Dipole moment /Debye                   0.00000000     0.00000000     0.00000000

 State-averaged charge density matrix saved on record  2140.2 (density set 1)

 !MCSCF expec        <1.4|QMXX|1.4>    -0.524510729191
 !MCSCF trans        <2.4|QMXX|1.4>    -0.000232680472
 !MCSCF expec        <2.4|QMXX|2.4>    -0.567687056527

 !MCSCF expec        <1.4|QMYY|1.4>    -0.480463309100
 !MCSCF trans        <2.4|QMYY|1.4>    -0.000225695172
 !MCSCF expec        <2.4|QMYY|2.4>    -0.448905759141

 !MCSCF expec        <1.4|QMZZ|1.4>     1.004974038291
 !MCSCF trans        <2.4|QMZZ|1.4>     0.000458375644
 !MCSCF expec        <2.4|QMZZ|2.4>     1.016592815668

 !MCSCF expec        <1.4|QMRR|1.4>   -22.717148565318
 !MCSCF trans        <2.4|QMRR|1.4>     0.000382693905
 !MCSCF expec        <2.4|QMRR|2.4>   -22.780804875761


 EXTRA SYMMETRY OF MOS IN SYMMETRY 1:   1 1 1 1 1 1 2 1 1 1   2 2 1 1 1 2 3 1 2 1   2 1 1 1 2 3 1 2 3 1   2 2 1 1 1 1 2 3 1 2
                                        3 1 2 1 2 1
 EXTRA SYMMETRY OF MOS IN SYMMETRY 5:   1 1 1 1 1 2 1 1 1 2   1 2 1 1 2 1 3 2 1 1   2 1 1 1 2 3 1 2 3 2   1 2 1 1 1 1 2 3 1 2
                                        3 2 1 2 1 1

 Natural orbital dump (state averaged) at molpro section  2140.2    (Orbital set 2)


 CI vector
 =========

 a 20 a0 22a b0 20       -0.3502766   0.4955899
 a b0 20 22a 20 a0       -0.3504352   0.4955625
 2 20 20 220 a0 a0        0.3527813   0.2589362
 2 a0 a0 220 20 20       -0.3517348  -0.2557395
 a 20 b0 22a a0 20        0.3504429  -0.0160057
 a a0 20 22a 20 b0        0.3502695  -0.0161566
 0 20 20 222 a0 a0       -0.3490643  -0.2535734
 0 a0 a0 222 20 20        0.3480621   0.2548662
 b 20 a0 22a a0 20       -0.0000975  -0.2410074
 a a0 20 22b 20 a0        0.0000761  -0.2407274
 b a0 20 22a 20 a0        0.0000896  -0.2386785
 a 20 a0 22b a0 20       -0.0000688  -0.2385768

 TOTAL ENERGIES                      -149.66671003  -149.58566503



 **********************************************************************************************************************************
 DATASETS  * FILE   NREC   LENGTH (MB)   RECORD NAMES
              1      20      230.30       500      701      610      900      950      970     1000      129      960     1100   
                                          VAR     GEOM    BASINP   SYMINP    ZMAT    AOBASIS   BASIS     P2S    ABASIS      S 
                                         1400     1410     1200     1210     1080     1600     1650     1300     1700     1380   
                                           T        V       H0       H01     AOSYM     SMH    MOLCAS    ERIS     OPER     JKOP   

              2       8        2.41       500      610      700     1000      520     2100     2140      701   
                                          VAR    BASINP    GEOM     BASIS   MCVARS     RHF     MCSCF    GEOM   

 PROGRAMS   *        TOTAL     MULTI       INT        CI     MULTI       INT   RESTART
 CPU TIMES  *      2727.17      8.17     13.44   2676.38     14.72     14.37      0.00
 REAL TIME  *      2758.86 SEC
 DISK USED  *         3.64 GB      
 **********************************************************************************************************************************

1PROGRAM * CI (Multireference internally contracted CI)     Authors: H.-J. Werner, P.J. Knowles, 1987


 Convergence thresholds:  THRVAR = 1.00D-08  THRDEN = 1.00D-06

 Number of optimized states:  1  Roots:   1
 Number of reference states:  1  Roots:   1

 Program parameters:       NSTATE=  1    NSTATI=  2    NSTATR=  1    NCEPA = -1    NOKOP =  0    ITRDM =  0    ITRANS=  0
                           IDIP  =200    MAXIT =250    MAXITI=700    MAXDAV=  4    MAXVI =  6    NOSING=  0    NOPAIR=  0
                           MXSHRF=  8    IKCPS =  0    IOPTGM=  2    IOPTOR=  0    REFOPT=  1    IAVDEN=  0    IDELCG=  1
                           IREST =  0    NATORB=  0    IPUNRF=  0    ISEP  =  0    OLDDEN=  0    NSTPRI=  1    GPSFLI= -1
                           CLUSTE=  0    CLOSED=  1    ILSTYP=  0    ITRLS =  0    ICCSD =  0    LOCAL =  0    IBASO =  0
                           MP    =  0    ITEDIS=  2    INCDIS=  1    MAXDIS=  6    ITYDIS=  1    BRUECK=  0    IBRSTR=  3
                           INCBRK=  1    TRIPLE=  0    ICCTYP=  1    IHPPD =  0    ICCNEW=  0    I3EXT = -1    IDEB  =  0
                           IDLEIG=  1    IDFTYP=  1    IMP3  =  0    IPROCS=  0    NOINT =  0    NOREF =  1    IMP2G =  0
                           IHINT =  0    IFDIA =  0    ISPARO=  1    JKSYM =  0    CPHF  =  0    MP2D  = -1    DKINT =  0
                           NPKEX =  1    DRVK  =  1    HLSTRA=  1    WIGNER=  1    DIIS_C=  1    MAXIT_= 50    MATEL =  0
                           SPDEG =  1    MEMCPH=  0    DISM  =  1    KDCPMA=  5    IKDCP_=  0    IREDTH=  0    USECS =  0
                           IPROCC=  0    I3SAVE=  1    IKDCP =  1    USECI =  0    OLDPAI=  0    IPROCI=  0    KEEPCL=  1
                           DISCON=  0    SHIFTE=  0    DIISIN=  0    MOLCAS=  0    MEM_PT=  0    RECORD=  0    RS2C  =  0
                           KEXT  = -1    CIPT2 =  0    DECP0S=  0    I4EXT = -1    NATCOR=  0    RIMP2 =  0    DDCI  = -1

 Reference symmetry:                   4   Triplet 
 Number of electrons:                 16
 Maximum number of shells:             6
 Maximum number of spin couplings:   297

 Reference space:     9136 conf    47808 CSFs
 N elec internal:    72865 conf   382239 CSFs
 N-1 el internal:    69576 conf   622908 CSFs
 N-2 el internal:    57950 conf   876478 CSFs

 Number of electrons in valence space:                     12
 Maximum number of open shell orbitals in reference space: 10
 Maximum number of open shell orbitals in internal spaces: 12


 Number of core orbitals:           2 (   2   0   0   0   0   0   0   0 )
 Number of active  orbitals:       12 (   1   2   2   0   3   2   2   0 )
 Number of external orbitals:     240 (  43  29  29  19  43  29  29  19 )

 Molecular orbitals read from record     2140.2  Type=MCSCF/NATURAL (state averaged)

 Coulomb and exchange operators available. No transformation done.

 Number of p-space configurations:  14

 Reference wavefunction optimized for reference space (refopt=1)

 State     Reference Energy 
   1        -149.66671003
   2        -149.58566502

 Number of blocks in overlap matrix:    16   Smallest eigenvalue:  0.40D-05
 Number of N-2 electron functions:     144
 Number of N-1 electron functions:  622908

 Number of internal configurations:                47808
 Number of singly external configurations:      18686980
 Number of doubly external configurations:        524512
 Total number of contracted configurations:     19259300
 Total number of uncontracted configurations: 3169518620

 Diagonal Coupling coefficients finished.               Storage:21268533 words, CPU-Time:     25.04 seconds.
 Energy denominators for pairs finished in 1 passes.    Storage: 2233191 words, CPU-time:      0.01 seconds.

  ITER. STATE  ROOT     SQ.NORM     CORR.ENERGY   TOTAL ENERGY   ENERGY CHANGE       DEN1      VAR(S)    VAR(P)      TIME
    1     1     1     1.00000000     0.00000000  -149.66671003     0.00000000    -0.21286367  0.17D-01  0.14D-01    53.15
    2     1     1     1.03213799    -0.21772671  -149.88443674    -0.21772671    -0.00990340  0.41D-03  0.64D-03   342.68
    3     1     1     1.03777434    -0.22884681  -149.89555684    -0.01112010    -0.00087402  0.78D-04  0.58D-04   631.46
    4     1     1     1.04055413    -0.22992429  -149.89663432    -0.00107748    -0.00010411  0.94D-05  0.89D-05   920.31
    5     1     1     1.04095075    -0.23003118  -149.89674121    -0.00010689    -0.00002401  0.29D-05  0.21D-05  1210.04
    6     1     1     1.04100184    -0.23005295  -149.89676298    -0.00002177    -0.00000476  0.74D-06  0.27D-06  1502.95
    7     1     1     1.04101035    -0.23005731  -149.89676734    -0.00000436    -0.00000140  0.31D-06  0.75D-07  1792.66
    8     1     1     1.04102431    -0.23005831  -149.89676834    -0.00000100    -0.00000038  0.88D-07  0.19D-07  2081.67
    9     1     1     1.04103630    -0.23005862  -149.89676865    -0.00000031    -0.00000011  0.24D-07  0.78D-08  2370.27
   10     1     1     1.04104065    -0.23005871  -149.89676873    -0.00000009    -0.00000003  0.63D-08  0.19D-08  2658.37


 =====================================
 Analysis of CPU times by interactions
 =====================================

       I      S      P

 I   1.7%
 S   0.8%  19.4%
 P   1.5%  69.8%   5.3%

 Initialization:   1.1%
 Other:            0.5%

 Total CPU:     2658.4 seconds
 =====================================



 Reference coefficients greater than 0.0500000
 =============================================
 /20/022/\020           0.3962541
 //02022/20\0          -0.3962523
 22020220/0/0          -0.3461331
 2/0/02202020           0.3448299
 02020222/0/0           0.3421321
 0/0/02222020          -0.3408891
 /20\022//020          -0.2429110
 /\02022/20/0           0.2429072
 //02022\20/0          -0.1402224
 /20/022\/020           0.1402145

 Coefficients of doubly external configurations greater than 0.0500000
 =====================================================================

 PAIR    I     J   ->   K     L     NP  SYM  REF     COEFFICIENTS

   1    3.1   3.1     14.1  14.1     1   1    1   -0.05970219
  18    3.5   3.5     14.1  14.1     1   1    1   -0.05968326
   1    3.1   3.1      8.1  14.1     1   1    1   -0.05104854
  18    3.5   3.5      8.1  14.1     1   1    1   -0.05103640



 RESULTS FOR STATE 1.4
 =====================

 Coefficient of reference function:   C(0) = 0.97978675 (fixed)   0.98009045 (relaxed)

 Energy contributions of configuration classes

 CLASS          SQ.NORM        ECORR1        ECORR2
 +++++++++++++++++++++++++++++++++++++++++++++++++++
 Internals    0.00062002   -0.00000000   -0.00013700
 Singles      0.02252487   -0.08771509   -0.08917886
 Pairs        0.01854122   -0.14234355   -0.14074285
 Total        1.04168612   -0.23005864   -0.23005871
 +++++++++++++++++++++++++++++++++++++++++++++++++++


 Reference energy                    -149.66671003
 Nuclear energy                         7.96878624
 Kinetic energy                       149.95319543
 One electron energy                 -222.22597735
 Two electron energy                   64.36042238
 Virial quotient                       -0.99962370
 Correlation energy                    -0.23005871
 !MRCI STATE 1.4 Energy              -149.896768734815

 Properties without orbital relaxation:

 !MRCI STATE 1.4 Dipole moment          0.00000000     0.00000000     0.00000000
 Dipole moment /Debye                   0.00000000     0.00000000     0.00000000

 Cluster corrected energies          -149.90635899 (Davidson, fixed reference)
 Cluster corrected energies          -149.90621049 (Davidson, relaxed reference)

 Cluster corrected energies          -149.90463546 (Pople, fixed reference)
 Cluster corrected energies          -149.90451064 (Pople, relaxed reference)

 

 !MRCI expec         <1.4|QMXX|1.4>    -0.492641104853
 !MRCI expec         <1.4|QMYY|1.4>    -0.482871280484
 !MRCI expec         <1.4|QMZZ|1.4>     0.975512385336
 !MRCI expec         <1.4|QMRR|1.4>   -22.639303224130


 **********************************************************************************************************************************
 DATASETS  * FILE   NREC   LENGTH (MB)   RECORD NAMES
              1      20      230.30       500      701      610      900      950      970     1000      129      960     1100   
                                          VAR     GEOM    BASINP   SYMINP    ZMAT    AOBASIS   BASIS     P2S    ABASIS      S 
                                         1400     1410     1200     1210     1080     1600     1650     1300     1700     1380   
                                           T        V       H0       H01     AOSYM     SMH    MOLCAS    ERIS     OPER     JKOP   

              2       8        2.41       500      610      700     1000      520     2100     2140      701   
                                          VAR    BASINP    GEOM     BASIS   MCVARS     RHF     MCSCF    GEOM   

 PROGRAMS   *        TOTAL        CI     MULTI       INT        CI     MULTI       INT   RESTART
 CPU TIMES  *      5402.53   2675.36      8.17     13.44   2676.38     14.72     14.37      0.00
 REAL TIME  *      5452.25 SEC
 DISK USED  *         3.64 GB      
 **********************************************************************************************************************************
 SETTING E1(2)          =      -149.89676873  AU                              

 DO I                   =         3.00000000   


 Using spherical harmonics

 Library entry O      S aug-cc-pV5Z          selected for orbital group  1
 Library entry O      P aug-cc-pV5Z          selected for orbital group  1
 Library entry O      D aug-cc-pV5Z          selected for orbital group  1
 Library entry O      F aug-cc-pV5Z          selected for orbital group  1
 Library entry O      G aug-cc-pV5Z          selected for orbital group  1
 Library entry O      H aug-cc-pV5Z          selected for orbital group  1

1PROGRAM * SEWARD (Integral evaluation for generally contracted gaussian basis sets)     Author: Roland Lindh, 1990

 Geometry written to block  1 of record 701

 Orientation using atomic masses  
 Molecule type: Linear
 Symmetry elements: X,Y,Z
 Rotational constants:       3.2631582      3.2631582      0.0000000 GHz  (calculated with average atomic masses)

 Point group  D2h 



 ATOMIC COORDINATES

 NR  ATOM    CHARGE       X              Y              Z

   1  O       8.00    0.000000000    0.000000000   -4.157397474
   2  O       8.00    0.000000000    0.000000000    4.157397474

 NUCLEAR CHARGE:                   16
 NUMBER OF PRIMITIVE AOS:         398
 NUMBER OF SYMMETRY AOS:          288
 NUMBER OF CONTRACTIONS:          254   (  46Ag  +  31B3u +  31B2u +  19B1g +  46B1u +  31B2g +  31B3g +  19Au  )
 NUMBER OF CORE ORBITALS:           2   (   1Ag  +   0B3u +   0B2u +   0B1g +   1B1u +   0B2g +   0B3g +   0Au  )
 NUMBER OF VALENCE ORBITALS:        8   (   2Ag  +   1B3u +   1B2u +   0B1g +   2B1u +   1B2g +   1B3g +   0Au  )


 NUCLEAR REPULSION ENERGY    7.69712307

 EXTRA SYMMETRY OF AOS IN SYMMETRY 1:   1 1 1 1 1 1 1 1 1 1   1 1 1 1 2 1 2 1 2 1   2 1 2 1 2 1 2 1 2 1   2 1 3 2 1 3 2 1 3 2
                                        2 3 1 2 3 1
 EXTRA SYMMETRY OF AOS IN SYMMETRY 2:   1 1 1 1 1 1 1 1 1 1   1 1 2 1 2 1 2 1 2 1   2 1 2 1 2 1 2 3 1 2   3
 EXTRA SYMMETRY OF AOS IN SYMMETRY 3:   1 1 1 1 1 1 1 1 1 1   1 1 2 1 2 1 2 1 2 1   2 1 2 1 2 1 2 3 1 2   3
 EXTRA SYMMETRY OF AOS IN SYMMETRY 4:   1 1 1 1 1 1 1 1 1 1   2 1 2 1 2 2 1 2 1
 EXTRA SYMMETRY OF AOS IN SYMMETRY 5:   1 1 1 1 1 1 1 1 1 1   1 1 1 1 2 1 2 1 2 1   2 1 2 1 2 1 2 1 2 1   2 1 3 2 1 3 2 1 3 2
                                        2 3 1 2 3 1
 EXTRA SYMMETRY OF AOS IN SYMMETRY 6:   1 1 1 1 1 1 1 1 1 1   1 1 2 1 2 1 2 1 2 1   2 1 2 1 2 1 2 3 1 2   3
 EXTRA SYMMETRY OF AOS IN SYMMETRY 7:   1 1 1 1 1 1 1 1 1 1   1 1 2 1 2 1 2 1 2 1   2 1 2 1 2 1 2 3 1 2   3
 EXTRA SYMMETRY OF AOS IN SYMMETRY 8:   1 1 1 1 1 1 1 1 1 1   2 1 2 1 2 2 1 2 1

 Eigenvalues of metric

         1 0.238E-03 0.540E-02 0.860E-02 0.336E-01 0.549E-01 0.675E-01 0.679E-01 0.140E+00
         2 0.540E-02 0.355E-01 0.687E-01 0.144E+00 0.146E+00 0.162E+00 0.250E+00 0.257E+00
         3 0.540E-02 0.355E-01 0.687E-01 0.144E+00 0.146E+00 0.162E+00 0.250E+00 0.257E+00
         4 0.675E-01 0.145E+00 0.243E+00 0.257E+00 0.257E+00 0.410E+00 0.410E+00 0.481E+00
         5 0.237E-03 0.536E-02 0.695E-02 0.311E-01 0.339E-01 0.626E-01 0.668E-01 0.114E+00
         6 0.539E-02 0.338E-01 0.639E-01 0.139E+00 0.144E+00 0.145E+00 0.227E+00 0.257E+00
         7 0.539E-02 0.338E-01 0.639E-01 0.139E+00 0.144E+00 0.145E+00 0.227E+00 0.257E+00
         8 0.668E-01 0.144E+00 0.239E+00 0.257E+00 0.257E+00 0.410E+00 0.410E+00 0.478E+00


 Contracted 2-electron integrals neglected if value below      1.0D-11
 AO integral compression algorithm  1   Integral accuracy      1.0D-11

     322.175 MB (compressed) written to integral file ( 35.2%)


 NUMBER OF SORTED TWO-ELECTRON INTEGRALS:   66838400.     BUFFER LENGTH:  32768
 NUMBER OF SEGMENTS:   5  SEGMENT LENGTH:   15999177      RECORD LENGTH: 524288

 Memory used in sort:      16.56 MW

 SORT1 READ   114264352. AND WROTE    46935038. INTEGRALS IN    136 RECORDS. CPU TIME:     2.75 SEC, REAL TIME:     3.09 SEC
 SORT2 READ    46935038. AND WROTE    66838400. INTEGRALS IN   1229 RECORDS. CPU TIME:     1.07 SEC, REAL TIME:     1.24 SEC

 FILE SIZES:   FILE 1:   342.8 MBYTE,  FILE 4:   570.5 MBYTE,   TOTAL:    913.2 MBYTE

 OPERATOR DM      FOR CENTER  0  COORDINATES:    0.000000    0.000000    0.000000
 OPERATOR QM      FOR CENTER  0  COORDINATES:    0.000000    0.000000    0.000000


 **********************************************************************************************************************************
 DATASETS  * FILE   NREC   LENGTH (MB)   RECORD NAMES
              1      19      218.33       500      701      610      900      950      970     1000      129      960     1100   
                                          VAR     GEOM    BASINP   SYMINP    ZMAT    AOBASIS   BASIS     P2S    ABASIS      S 
                                         1400     1410     1200     1210     1080     1600     1650     1300     1700   
                                           T        V       H0       H01     AOSYM     SMH    MOLCAS    ERIS     OPER   

              2       8        2.41       500      610      700     1000      520     2100     2140      701   
                                          VAR    BASINP    GEOM     BASIS   MCVARS     RHF     MCSCF    GEOM   

 PROGRAMS   *        TOTAL       INT        CI     MULTI       INT        CI     MULTI       INT   RESTART
 CPU TIMES  *      5415.57     13.04   2675.36      8.17     13.44   2676.38     14.72     14.37      0.00
 REAL TIME  *      5470.90 SEC
 DISK USED  *         3.64 GB      
 **********************************************************************************************************************************

1PROGRAM * MULTI (Direct Multiconfiguration SCF)       Authors: P.J. Knowles, H.-J. Werner (1984)     S.T. Elbert (1988)


 Number of closed-shell orbitals:   2 (   2   0   0   0   0   0   0   0 )
 Number of active  orbitals:       12 (   1   2   2   0   3   2   2   0 )
 Number of external orbitals:     240 (  43  29  29  19  43  29  29  19 )

 State symmetry 1

 Number of electrons:    12    Spin symmetry=Triplet   Space symmetry=4
 Number of states:        2
 Number of CSFs:      47808   (78400 determinants, 627264 intermediate states)

 Iteration controls:
             1  2  3  4  5  6  7  8  9 10 11 12 13 14 15 16 17 18 19 20 21 22 23 24 25 26 27 28 29 30 31 32 33 34 35 36 37 38 39
 DIAGCI      T  T  T  T  T  T  T  T  T  T  T  T  T  T  T  T  T  T  T  T  T  T  T  T  T  T  T  T  T  T  T  T  T  T  T  T  T  T  T
 WERNER      T  T  T  T  T  T  T  T  T  T  T  T  T  T  T  T  T  T  T  T  T  T  T  T  T  T  T  T  T  T  T  T  T  T  T  T  T  T  T
 INTERNAL    F  T  T  T  T  T  T  T  T  T  T  T  T  T  T  T  T  T  T  T  T  T  T  T  T  T  T  T  T  T  T  T  T  T  T  T  T  T  T

 Molecular orbitals read from record     2140.2  Type=MCSCF/NATURAL (state averaged)

 EXTRA SYMMETRY OF MOS IN SYMMETRY 1:   1 1 1 1 1 1 2 1 1 1   2 2 1 1 1 2 3 1 2 1   2 1 1 1 2 3 1 2 3 1   2 2 1 1 1 1 2 3 1 2
                                        3 1 2 1 2 1
 EXTRA SYMMETRY OF MOS IN SYMMETRY 2:   1 1 1 1 1 2 1 1 1 2   1 2 1 1 1 2 3 1 2 1   2 1 1 1 2 3 1 2 1 2   1
 EXTRA SYMMETRY OF MOS IN SYMMETRY 3:   1 1 1 1 1 2 1 1 1 2   1 2 1 1 1 2 3 1 2 1   2 1 1 1 2 3 1 2 1 2   1
 EXTRA SYMMETRY OF MOS IN SYMMETRY 4:   1 1 1 1 2 1 1 1 2 1   2 1 1 1 2 1 2 1 1
 EXTRA SYMMETRY OF MOS IN SYMMETRY 5:   1 1 1 1 1 2 1 1 1 2   1 2 1 1 2 1 3 2 1 1   2 1 1 1 2 3 1 2 3 2   1 2 1 1 1 1 2 3 1 2
                                        3 2 1 2 1 1
 EXTRA SYMMETRY OF MOS IN SYMMETRY 6:   1 1 1 1 2 1 1 1 1 2   2 1 1 1 1 2 3 1 2 2   1 1 1 1 2 3 1 2 1 2   1
 EXTRA SYMMETRY OF MOS IN SYMMETRY 7:   1 1 1 1 2 1 1 1 1 2   2 1 1 1 1 2 3 1 2 2   1 1 1 1 2 3 1 2 1 2   1
 EXTRA SYMMETRY OF MOS IN SYMMETRY 8:   1 1 1 1 2 1 1 1 2 1   2 1 1 1 2 1 2 1 1

 Wavefunction dump at record             2140.2

 Convergence thresholds  0.10E-01 (gradient)  0.10E-05 (energy)  0.10E-02 (step length)

 Weight factors for state symmetry  1:    0.50000   0.50000

 Number of orbital rotations:      492   (     2 Core/Active     86 Core/Virtual   0 Active/Active    404 Active/Virtual)
 Total number of variables:     157292


 ITER. MIC  NCI  NEG     ENERGY(VAR)     ENERGY(PROJ)   ENERGY CHANGE     GRAD(0)  GRAD(ORB)   GRAD(CI)     STEP       TIME

   1   21   31    0    -149.62618812    -149.62618822   -0.00000009    0.00051282 0.00000022 0.00000188  0.38D-03      3.44

 ** WVFN ****  CONVERGENCE REACHED, FINAL GRADIENT:  0.31D-06



 Results for state 1.4
 =====================

 !MCSCF STATE 1.4 Energy             -149.666708880935
 Nuclear energy                         7.69712307
 Kinetic energy                       149.66281519
 One electron energy                 -221.75708346
 Two electron energy                   64.39325151
 Virial ratio                           2.00002602

 !MCSCF STATE 1.4 Dipole moment         0.00000000     0.00000000     0.00000000
 Dipole moment /Debye                   0.00000000     0.00000000     0.00000000

 Results for state 2.4
 =====================

 !MCSCF STATE 2.4 Energy             -149.585667553944
 Nuclear energy                         7.69712307
 Kinetic energy                       149.58878794
 One electron energy                 -221.69886864
 Two electron energy                   64.41607802
 Virial ratio                           1.99997914

 !MCSCF STATE 2.4 Dipole moment         0.00000000     0.00000000     0.00000000
 Dipole moment /Debye                   0.00000000     0.00000000     0.00000000

 State-averaged charge density matrix saved on record  2140.2 (density set 1)

 !MCSCF expec        <1.4|QMXX|1.4>    -0.523326256856
 !MCSCF trans        <2.4|QMXX|1.4>    -0.000156541620
 !MCSCF expec        <2.4|QMXX|2.4>    -0.566692975760

 !MCSCF expec        <1.4|QMYY|1.4>    -0.479234833979
 !MCSCF trans        <2.4|QMYY|1.4>    -0.000152722409
 !MCSCF expec        <2.4|QMYY|2.4>    -0.447801913371

 !MCSCF expec        <1.4|QMZZ|1.4>     1.002561090835
 !MCSCF trans        <2.4|QMZZ|1.4>     0.000309264028
 !MCSCF expec        <2.4|QMZZ|2.4>     1.014494889131

 !MCSCF expec        <1.4|QMRR|1.4>   -22.719938096026
 !MCSCF trans        <2.4|QMRR|1.4>     0.000264641328
 !MCSCF expec        <2.4|QMRR|2.4>   -22.783324010412


 EXTRA SYMMETRY OF MOS IN SYMMETRY 1:   1 1 1 1 1 1 2 1 1 1   2 2 1 1 1 2 3 1 2 1   2 1 1 1 2 3 1 2 3 1   2 1 2 1 1 1 2 3 1 2
                                        3 1 2 1 2 1
 EXTRA SYMMETRY OF MOS IN SYMMETRY 6:   1 1 1 1 2 1 1 1 1 2   2 1 1 1 1 2 3 1 2 1   2 1 1 1 2 3 1 2 1 2   1
 EXTRA SYMMETRY OF MOS IN SYMMETRY 7:   1 1 1 1 2 1 1 1 1 2   2 1 1 1 1 2 3 1 2 1   2 1 1 1 2 3 1 2 1 2   1

 Natural orbital dump (state averaged) at molpro section  2140.2    (Orbital set 2)


 CI vector
 =========

 a 20 a0 22a b0 20       -0.3503095   0.4956752
 a b0 20 22a 20 a0       -0.3504286   0.4956581
 2 20 20 220 a0 a0        0.3521758   0.2565672
 2 a0 a0 220 20 20       -0.3514021  -0.2540294
 a 20 b0 22a a0 20        0.3504349  -0.0126044
 a a0 20 22a 20 b0        0.3503035  -0.0127173
 0 20 20 222 a0 a0       -0.3493861  -0.2524035
 0 a0 a0 222 20 20        0.3486375   0.2535417
 b 20 a0 22a a0 20       -0.0000715  -0.2425261
 a a0 20 22b 20 a0        0.0000594  -0.2423140
 b a0 20 22a 20 a0        0.0000657  -0.2406268
 a 20 a0 22b a0 20       -0.0000539  -0.2405447

 TOTAL ENERGIES                      -149.66670888  -149.58566755



 **********************************************************************************************************************************
 DATASETS  * FILE   NREC   LENGTH (MB)   RECORD NAMES
              1      20      228.91       500      701      610      900      950      970     1000      129      960     1100   
                                          VAR     GEOM    BASINP   SYMINP    ZMAT    AOBASIS   BASIS     P2S    ABASIS      S 
                                         1400     1410     1200     1210     1080     1600     1650     1300     1700     1380   
                                           T        V       H0       H01     AOSYM     SMH    MOLCAS    ERIS     OPER     JKOP   

              2       8        2.41       500      610      700     1000      520     2100     2140      701   
                                          VAR    BASINP    GEOM     BASIS   MCVARS     RHF     MCSCF    GEOM   

 PROGRAMS   *        TOTAL     MULTI       INT        CI     MULTI       INT        CI     MULTI       INT   RESTART
 CPU TIMES  *      5422.12      6.55     13.04   2675.36      8.17     13.44   2676.38     14.72     14.37      0.00
 REAL TIME  *      5478.26 SEC
 DISK USED  *         3.64 GB      
 **********************************************************************************************************************************

1PROGRAM * CI (Multireference internally contracted CI)     Authors: H.-J. Werner, P.J. Knowles, 1987


 Convergence thresholds:  THRVAR = 1.00D-08  THRDEN = 1.00D-06

 Number of optimized states:  1  Roots:   1
 Number of reference states:  1  Roots:   1

 Program parameters:       NSTATE=  1    NSTATI=  2    NSTATR=  1    NCEPA = -1    NOKOP =  0    ITRDM =  0    ITRANS=  0
                           IDIP  =200    MAXIT =250    MAXITI=700    MAXDAV=  4    MAXVI =  6    NOSING=  0    NOPAIR=  0
                           MXSHRF=  8    IKCPS =  0    IOPTGM=  2    IOPTOR=  0    REFOPT=  1    IAVDEN=  0    IDELCG=  1
                           IREST =  0    NATORB=  0    IPUNRF=  0    ISEP  =  0    OLDDEN=  0    NSTPRI=  1    GPSFLI= -1
                           CLUSTE=  0    CLOSED=  1    ILSTYP=  0    ITRLS =  0    ICCSD =  0    LOCAL =  0    IBASO =  0
                           MP    =  0    ITEDIS=  2    INCDIS=  1    MAXDIS=  6    ITYDIS=  1    BRUECK=  0    IBRSTR=  3
                           INCBRK=  1    TRIPLE=  0    ICCTYP=  1    IHPPD =  0    ICCNEW=  0    I3EXT = -1    IDEB  =  0
                           IDLEIG=  1    IDFTYP=  1    IMP3  =  0    IPROCS=  0    NOINT =  0    NOREF =  1    IMP2G =  0
                           IHINT =  0    IFDIA =  0    ISPARO=  1    JKSYM =  0    CPHF  =  0    MP2D  = -1    DKINT =  0
                           NPKEX =  1    DRVK  =  1    HLSTRA=  1    WIGNER=  1    DIIS_C=  1    MAXIT_= 50    MATEL =  0
                           SPDEG =  1    MEMCPH=  0    DISM  =  1    KDCPMA=  5    IKDCP_=  0    IREDTH=  0    USECS =  0
                           IPROCC=  0    I3SAVE=  1    IKDCP =  1    USECI =  0    OLDPAI=  0    IPROCI=  0    KEEPCL=  1
                           DISCON=  0    SHIFTE=  0    DIISIN=  0    MOLCAS=  0    MEM_PT=  0    RECORD=  0    RS2C  =  0
                           KEXT  = -1    CIPT2 =  0    DECP0S=  0    I4EXT = -1    NATCOR=  0    RIMP2 =  0    DDCI  = -1

 Reference symmetry:                   4   Triplet 
 Number of electrons:                 16
 Maximum number of shells:             6
 Maximum number of spin couplings:   297

 Reference space:     9136 conf    47808 CSFs
 N elec internal:    72865 conf   382239 CSFs
 N-1 el internal:    69576 conf   622908 CSFs
 N-2 el internal:    57950 conf   876478 CSFs

 Number of electrons in valence space:                     12
 Maximum number of open shell orbitals in reference space: 10
 Maximum number of open shell orbitals in internal spaces: 12


 Number of core orbitals:           2 (   2   0   0   0   0   0   0   0 )
 Number of active  orbitals:       12 (   1   2   2   0   3   2   2   0 )
 Number of external orbitals:     240 (  43  29  29  19  43  29  29  19 )

 Molecular orbitals read from record     2140.2  Type=MCSCF/NATURAL (state averaged)

 Coulomb and exchange operators available. No transformation done.

 Number of p-space configurations:  14

 Reference wavefunction optimized for reference space (refopt=1)

 State     Reference Energy 
   1        -149.66670888
   2        -149.58566755

 Number of blocks in overlap matrix:    16   Smallest eigenvalue:  0.27D-05
 Number of N-2 electron functions:     144
 Number of N-1 electron functions:  622908

 Number of internal configurations:                47808
 Number of singly external configurations:      18686980
 Number of doubly external configurations:        524512
 Total number of contracted configurations:     19259300
 Total number of uncontracted configurations: 3169518620

 Diagonal Coupling coefficients finished.               Storage:21268533 words, CPU-Time:     25.05 seconds.
 Energy denominators for pairs finished in 1 passes.    Storage: 2233191 words, CPU-time:      0.00 seconds.

  ITER. STATE  ROOT     SQ.NORM     CORR.ENERGY   TOTAL ENERGY   ENERGY CHANGE       DEN1      VAR(S)    VAR(P)      TIME
    1     1     1     1.00000000     0.00000000  -149.66670888     0.00000000    -0.21268340  0.17D-01  0.14D-01    52.05
    2     1     1     1.03209377    -0.21764643  -149.88435531    -0.21764643    -0.00991629  0.41D-03  0.64D-03   341.51
    3     1     1     1.03774408    -0.22878441  -149.89549330    -0.01113798    -0.00087699  0.78D-04  0.58D-04   630.30
    4     1     1     1.04052548    -0.22986559  -149.89657447    -0.00108117    -0.00010481  0.95D-05  0.89D-05   919.14
    5     1     1     1.04092314    -0.22997303  -149.89668191    -0.00010744    -0.00002427  0.30D-05  0.21D-05  1208.73
    6     1     1     1.04097491    -0.22999503  -149.89670391    -0.00002200    -0.00000481  0.74D-06  0.28D-06  1501.69
    7     1     1     1.04098360    -0.22999944  -149.89670832    -0.00000441    -0.00000141  0.31D-06  0.76D-07  1791.41
    8     1     1     1.04099775    -0.23000045  -149.89670933    -0.00000101    -0.00000039  0.88D-07  0.19D-07  2080.31
    9     1     1     1.04100976    -0.23000076  -149.89670964    -0.00000031    -0.00000012  0.24D-07  0.79D-08  2368.83
   10     1     1     1.04101410    -0.23000085  -149.89670973    -0.00000009    -0.00000003  0.66D-08  0.19D-08  2656.96


 =====================================
 Analysis of CPU times by interactions
 =====================================

       I      S      P

 I   1.7%
 S   0.8%  19.4%
 P   1.5%  69.9%   5.3%

 Initialization:   1.1%
 Other:            0.5%

 Total CPU:     2657.0 seconds
 =====================================



 Reference coefficients greater than 0.0500000
 =============================================
 /20/022/\020           0.3963043
 //02022/20\0          -0.3963027
 22020220/0/0          -0.3455009
 2/0/02202020           0.3445069
 02020222/0/0           0.3424573
 0/0/02222020          -0.3414993
 /20\022//020          -0.2428816
 /\02022/20/0           0.2428788
 //02022\20/0          -0.1402148
 /20/022\/020           0.1402088

 Coefficients of doubly external configurations greater than 0.0500000
 =====================================================================

 PAIR    I     J   ->   K     L     NP  SYM  REF     COEFFICIENTS

   1    3.1   3.1     14.1  14.1     1   1    1   -0.06743633
  18    3.5   3.5     14.1  14.1     1   1    1   -0.06742315
   1    3.1   3.1      8.1  14.1     1   1    1   -0.06047795
  18    3.5   3.5      8.1  14.1     1   1    1   -0.06046707
   1    3.1   3.1      8.1   8.1     1   1    1   -0.05664172
  18    3.5   3.5      8.1   8.1     1   1    1   -0.05661865
   1    3.1   3.1      8.5   8.5     1   1    1    0.05317586
  18    3.5   3.5      8.5   8.5     1   1    1    0.05300843



 RESULTS FOR STATE 1.4
 =====================

 Coefficient of reference function:   C(0) = 0.97979937 (fixed)   0.98010294 (relaxed)

 Energy contributions of configuration classes

 CLASS          SQ.NORM        ECORR1        ECORR2
 +++++++++++++++++++++++++++++++++++++++++++++++++++
 Internals    0.00061977    0.00000000   -0.00013691
 Singles      0.02250510   -0.08767945   -0.08914131
 Pairs        0.01853442   -0.14232133   -0.14072262
 Total        1.04165929   -0.23000078   -0.23000085
 +++++++++++++++++++++++++++++++++++++++++++++++++++


 Reference energy                    -149.66670888
 Nuclear energy                         7.69712307
 Kinetic energy                       149.95318303
 One electron energy                 -221.68417667
 Two electron energy                   64.09034387
 Virial quotient                       -0.99962339
 Correlation energy                    -0.23000085
 !MRCI STATE 1.4 Energy              -149.896709729861

 Properties without orbital relaxation:

 !MRCI STATE 1.4 Dipole moment          0.00000000     0.00000000     0.00000000
 Dipole moment /Debye                   0.00000000     0.00000000     0.00000000

 Cluster corrected energies          -149.90629140 (Davidson, fixed reference)
 Cluster corrected energies          -149.90614301 (Davidson, relaxed reference)

 Cluster corrected energies          -149.90456928 (Pople, fixed reference)
 Cluster corrected energies          -149.90444456 (Pople, relaxed reference)

 

 !MRCI expec         <1.4|QMXX|1.4>    -0.491320458587
 !MRCI expec         <1.4|QMYY|1.4>    -0.481542688106
 !MRCI expec         <1.4|QMZZ|1.4>     0.972863146693
 !MRCI expec         <1.4|QMRR|1.4>   -22.642061243087


 **********************************************************************************************************************************
 DATASETS  * FILE   NREC   LENGTH (MB)   RECORD NAMES
              1      20      228.91       500      701      610      900      950      970     1000      129      960     1100   
                                          VAR     GEOM    BASINP   SYMINP    ZMAT    AOBASIS   BASIS     P2S    ABASIS      S 
                                         1400     1410     1200     1210     1080     1600     1650     1300     1700     1380   
                                           T        V       H0       H01     AOSYM     SMH    MOLCAS    ERIS     OPER     JKOP   

              2       8        2.41       500      610      700     1000      520     2100     2140      701   
                                          VAR    BASINP    GEOM     BASIS   MCVARS     RHF     MCSCF    GEOM   

 PROGRAMS   *        TOTAL        CI     MULTI       INT        CI     MULTI       INT        CI     MULTI       INT   RESTART
 CPU TIMES  *      8096.06   2673.93      6.55     13.04   2675.36      8.17     13.44   2676.38     14.72     14.37      0.00
 REAL TIME  *      8170.18 SEC
 DISK USED  *         3.64 GB      
 **********************************************************************************************************************************
 SETTING E1(3)          =      -149.89670973  AU                              

 DO I                   =         4.00000000   


 Using spherical harmonics

 Library entry O      S aug-cc-pV5Z          selected for orbital group  1
 Library entry O      P aug-cc-pV5Z          selected for orbital group  1
 Library entry O      D aug-cc-pV5Z          selected for orbital group  1
 Library entry O      F aug-cc-pV5Z          selected for orbital group  1
 Library entry O      G aug-cc-pV5Z          selected for orbital group  1
 Library entry O      H aug-cc-pV5Z          selected for orbital group  1

1PROGRAM * SEWARD (Integral evaluation for generally contracted gaussian basis sets)     Author: Roland Lindh, 1990

 Geometry written to block  1 of record 701

 Orientation using atomic masses  
 Molecule type: Linear
 Symmetry elements: X,Y,Z
 Rotational constants:       3.1197404      3.1197404      0.0000000 GHz  (calculated with average atomic masses)

 Point group  D2h 



 ATOMIC COORDINATES

 NR  ATOM    CHARGE       X              Y              Z

   1  O       8.00    0.000000000    0.000000000   -4.251883780
   2  O       8.00    0.000000000    0.000000000    4.251883780

 NUCLEAR CHARGE:                   16
 NUMBER OF PRIMITIVE AOS:         398
 NUMBER OF SYMMETRY AOS:          288
 NUMBER OF CONTRACTIONS:          254   (  46Ag  +  31B3u +  31B2u +  19B1g +  46B1u +  31B2g +  31B3g +  19Au  )
 NUMBER OF CORE ORBITALS:           2   (   1Ag  +   0B3u +   0B2u +   0B1g +   1B1u +   0B2g +   0B3g +   0Au  )
 NUMBER OF VALENCE ORBITALS:        8   (   2Ag  +   1B3u +   1B2u +   0B1g +   2B1u +   1B2g +   1B3g +   0Au  )


 NUCLEAR REPULSION ENERGY    7.52607589

 EXTRA SYMMETRY OF AOS IN SYMMETRY 1:   1 1 1 1 1 1 1 1 1 1   1 1 1 1 2 1 2 1 2 1   2 1 2 1 2 1 2 1 2 1   2 1 3 2 1 3 2 1 3 2
                                        2 3 1 2 3 1
 EXTRA SYMMETRY OF AOS IN SYMMETRY 2:   1 1 1 1 1 1 1 1 1 1   1 1 2 1 2 1 2 1 2 1   2 1 2 1 2 1 2 3 1 2   3
 EXTRA SYMMETRY OF AOS IN SYMMETRY 3:   1 1 1 1 1 1 1 1 1 1   1 1 2 1 2 1 2 1 2 1   2 1 2 1 2 1 2 3 1 2   3
 EXTRA SYMMETRY OF AOS IN SYMMETRY 4:   1 1 1 1 1 1 1 1 1 1   2 1 2 1 2 2 1 2 1
 EXTRA SYMMETRY OF AOS IN SYMMETRY 5:   1 1 1 1 1 1 1 1 1 1   1 1 1 1 2 1 2 1 2 1   2 1 2 1 2 1 2 1 2 1   2 1 3 2 1 3 2 1 3 2
                                        2 3 1 2 3 1
 EXTRA SYMMETRY OF AOS IN SYMMETRY 6:   1 1 1 1 1 1 1 1 1 1   1 1 2 1 2 1 2 1 2 1   2 1 2 1 2 1 2 3 1 2   3
 EXTRA SYMMETRY OF AOS IN SYMMETRY 7:   1 1 1 1 1 1 1 1 1 1   1 1 2 1 2 1 2 1 2 1   2 1 2 1 2 1 2 3 1 2   3
 EXTRA SYMMETRY OF AOS IN SYMMETRY 8:   1 1 1 1 1 1 1 1 1 1   2 1 2 1 2 2 1 2 1

 Eigenvalues of metric

         1 0.238E-03 0.540E-02 0.862E-02 0.335E-01 0.549E-01 0.674E-01 0.683E-01 0.141E+00
         2 0.540E-02 0.355E-01 0.686E-01 0.144E+00 0.146E+00 0.162E+00 0.249E+00 0.257E+00
         3 0.540E-02 0.355E-01 0.686E-01 0.144E+00 0.146E+00 0.162E+00 0.249E+00 0.257E+00
         4 0.674E-01 0.144E+00 0.242E+00 0.257E+00 0.257E+00 0.410E+00 0.410E+00 0.481E+00
         5 0.237E-03 0.537E-02 0.707E-02 0.313E-01 0.362E-01 0.627E-01 0.669E-01 0.115E+00
         6 0.539E-02 0.339E-01 0.643E-01 0.140E+00 0.144E+00 0.146E+00 0.229E+00 0.257E+00
         7 0.539E-02 0.339E-01 0.643E-01 0.140E+00 0.144E+00 0.146E+00 0.229E+00 0.257E+00
         8 0.669E-01 0.144E+00 0.240E+00 0.257E+00 0.257E+00 0.410E+00 0.410E+00 0.479E+00


 Contracted 2-electron integrals neglected if value below      1.0D-11
 AO integral compression algorithm  1   Integral accuracy      1.0D-11

     320.602 MB (compressed) written to integral file ( 35.1%)


 NUMBER OF SORTED TWO-ELECTRON INTEGRALS:   66838400.     BUFFER LENGTH:  32768
 NUMBER OF SEGMENTS:   5  SEGMENT LENGTH:   15999177      RECORD LENGTH: 524288

 Memory used in sort:      16.56 MW

 SORT1 READ   114264352. AND WROTE    46869574. INTEGRALS IN    136 RECORDS. CPU TIME:     2.75 SEC, REAL TIME:     3.09 SEC
 SORT2 READ    46869574. AND WROTE    66838400. INTEGRALS IN   1223 RECORDS. CPU TIME:     1.07 SEC, REAL TIME:     1.23 SEC

 FILE SIZES:   FILE 1:   341.2 MBYTE,  FILE 4:   570.5 MBYTE,   TOTAL:    911.6 MBYTE

 OPERATOR DM      FOR CENTER  0  COORDINATES:    0.000000    0.000000    0.000000
 OPERATOR QM      FOR CENTER  0  COORDINATES:    0.000000    0.000000    0.000000


 **********************************************************************************************************************************
 DATASETS  * FILE   NREC   LENGTH (MB)   RECORD NAMES
              1      19      217.42       500      701      610      900      950      970     1000      129      960     1100   
                                          VAR     GEOM    BASINP   SYMINP    ZMAT    AOBASIS   BASIS     P2S    ABASIS      S 
                                         1400     1410     1200     1210     1080     1600     1650     1300     1700   
                                           T        V       H0       H01     AOSYM     SMH    MOLCAS    ERIS     OPER   

              2       8        2.41       500      610      700     1000      520     2100     2140      701   
                                          VAR    BASINP    GEOM     BASIS   MCVARS     RHF     MCSCF    GEOM   

 PROGRAMS   *        TOTAL       INT        CI     MULTI       INT        CI     MULTI       INT        CI     MULTI       INT
 CPU TIMES  *      8108.80     12.74   2673.93      6.55     13.04   2675.36      8.17     13.44   2676.38     14.72     14.37
 REAL TIME  *      8188.30 SEC
 DISK USED  *         3.64 GB      
 **********************************************************************************************************************************

1PROGRAM * MULTI (Direct Multiconfiguration SCF)       Authors: P.J. Knowles, H.-J. Werner (1984)     S.T. Elbert (1988)


 Number of closed-shell orbitals:   2 (   2   0   0   0   0   0   0   0 )
 Number of active  orbitals:       12 (   1   2   2   0   3   2   2   0 )
 Number of external orbitals:     240 (  43  29  29  19  43  29  29  19 )

 State symmetry 1

 Number of electrons:    12    Spin symmetry=Triplet   Space symmetry=4
 Number of states:        2
 Number of CSFs:      47808   (78400 determinants, 627264 intermediate states)

 Iteration controls:
             1  2  3  4  5  6  7  8  9 10 11 12 13 14 15 16 17 18 19 20 21 22 23 24 25 26 27 28 29 30 31 32 33 34 35 36 37 38 39
 DIAGCI      T  T  T  T  T  T  T  T  T  T  T  T  T  T  T  T  T  T  T  T  T  T  T  T  T  T  T  T  T  T  T  T  T  T  T  T  T  T  T
 WERNER      T  T  T  T  T  T  T  T  T  T  T  T  T  T  T  T  T  T  T  T  T  T  T  T  T  T  T  T  T  T  T  T  T  T  T  T  T  T  T
 INTERNAL    F  T  T  T  T  T  T  T  T  T  T  T  T  T  T  T  T  T  T  T  T  T  T  T  T  T  T  T  T  T  T  T  T  T  T  T  T  T  T

 Molecular orbitals read from record     2140.2  Type=MCSCF/NATURAL (state averaged)

 EXTRA SYMMETRY OF MOS IN SYMMETRY 1:   1 1 1 1 1 1 2 1 1 1   2 2 1 1 1 2 3 1 2 1   2 1 1 1 2 3 1 2 3 1   2 1 2 1 1 1 2 3 1 2
                                        3 1 2 1 2 1
 EXTRA SYMMETRY OF MOS IN SYMMETRY 2:   1 1 1 1 1 2 1 1 1 2   1 2 1 1 1 2 3 1 2 1   2 1 1 1 2 3 1 2 1 2   1
 EXTRA SYMMETRY OF MOS IN SYMMETRY 3:   1 1 1 1 1 2 1 1 1 2   1 2 1 1 1 2 3 1 2 1   2 1 1 1 2 3 1 2 1 2   1
 EXTRA SYMMETRY OF MOS IN SYMMETRY 4:   1 1 1 1 2 1 1 1 2 1   2 1 1 1 2 1 2 1 1
 EXTRA SYMMETRY OF MOS IN SYMMETRY 5:   1 1 1 1 1 2 1 1 1 2   1 2 1 1 2 1 3 2 1 1   2 1 1 1 2 3 1 2 3 2   1 2 1 1 1 1 2 3 1 2
                                        3 2 1 2 1 1
 EXTRA SYMMETRY OF MOS IN SYMMETRY 6:   1 1 1 1 2 1 1 1 1 2   2 1 1 1 1 2 3 1 2 1   2 1 1 1 2 3 1 2 1 2   1
 EXTRA SYMMETRY OF MOS IN SYMMETRY 7:   1 1 1 1 2 1 1 1 1 2   2 1 1 1 1 2 3 1 2 1   2 1 1 1 2 3 1 2 1 2   1
 EXTRA SYMMETRY OF MOS IN SYMMETRY 8:   1 1 1 1 2 1 1 1 2 1   2 1 1 1 2 1 2 1 1

 Wavefunction dump at record             2140.2

 Convergence thresholds  0.10E-01 (gradient)  0.10E-05 (energy)  0.10E-02 (step length)

 Weight factors for state symmetry  1:    0.50000   0.50000

 Number of orbital rotations:      492   (     2 Core/Active     86 Core/Virtual   0 Active/Active    404 Active/Virtual)
 Total number of variables:     157292


 ITER. MIC  NCI  NEG     ENERGY(VAR)     ENERGY(PROJ)   ENERGY CHANGE     GRAD(0)  GRAD(ORB)   GRAD(CI)     STEP       TIME

   1   20   31    0    -149.62618854    -149.62618858   -0.00000004    0.00030923 0.00000012 0.00000110  0.22D-03      3.44

 ** WVFN ****  CONVERGENCE REACHED, FINAL GRADIENT:  0.18D-06



 Results for state 1.4
 =====================

 !MCSCF STATE 1.4 Energy             -149.666708284910
 Nuclear energy                         7.52607589
 Kinetic energy                       149.66282214
 One electron energy                 -221.41583319
 Two electron energy                   64.22304902
 Virial ratio                           2.00002597

 !MCSCF STATE 1.4 Dipole moment         0.00000000     0.00000000     0.00000000
 Dipole moment /Debye                   0.00000000     0.00000000     0.00000000

 Results for state 2.4
 =====================

 !MCSCF STATE 2.4 Energy             -149.585668868930
 Nuclear energy                         7.52607589
 Kinetic energy                       149.58877816
 One electron energy                 -221.35761663
 Two electron energy                   64.24587187
 Virial ratio                           1.99997921

 !MCSCF STATE 2.4 Dipole moment         0.00000000     0.00000000     0.00000000
 Dipole moment /Debye                   0.00000000     0.00000000     0.00000000

 State-averaged charge density matrix saved on record  2140.2 (density set 1)

 !MCSCF expec        <1.4|QMXX|1.4>    -0.522616307248
 !MCSCF trans        <2.4|QMXX|1.4>    -0.000121608835
 !MCSCF expec        <2.4|QMXX|2.4>    -0.566078609263

 !MCSCF expec        <1.4|QMYY|1.4>    -0.478504923554
 !MCSCF trans        <2.4|QMYY|1.4>    -0.000119129874
 !MCSCF expec        <2.4|QMYY|2.4>    -0.447138853923

 !MCSCF expec        <1.4|QMZZ|1.4>     1.001121230802
 !MCSCF trans        <2.4|QMZZ|1.4>     0.000240738709
 !MCSCF expec        <2.4|QMZZ|2.4>     1.013217463186

 !MCSCF expec        <1.4|QMRR|1.4>   -22.721593741247
 !MCSCF trans        <2.4|QMRR|1.4>     0.000209478438
 !MCSCF expec        <2.4|QMRR|2.4>   -22.784840607913


 EXTRA SYMMETRY OF MOS IN SYMMETRY 5:   1 1 1 1 1 2 1 1 1 2   1 2 1 1 1 2 3 2 1 1   2 1 1 1 2 3 1 2 3 2   1 2 1 1 1 1 2 3 1 2
                                        3 2 1 2 1 1

 Natural orbital dump (state averaged) at molpro section  2140.2    (Orbital set 2)


 CI vector
 =========

 a 20 a0 22a b0 20       -0.3503253   0.4957102
 a b0 20 22a 20 a0       -0.3504237   0.4956978
 2 20 20 220 a0 a0        0.3518608   0.2553598
 2 a0 a0 220 20 20       -0.3512276  -0.2531678
 a 20 b0 22a a0 20        0.3504292  -0.0109008
 a a0 20 22a 20 b0        0.3503200  -0.0109940
 0 20 20 222 a0 a0       -0.3495562  -0.2518236
 0 a0 a0 222 20 20        0.3489402   0.2528737
 b 20 a0 22a a0 20       -0.0000584  -0.2432753
 a a0 20 22b 20 a0        0.0000501  -0.2430992
 b a0 20 22a 20 a0        0.0000536  -0.2416046
 a 20 a0 22b a0 20       -0.0000455  -0.2415341

 TOTAL ENERGIES                      -149.66670828  -149.58566887



 **********************************************************************************************************************************
 DATASETS  * FILE   NREC   LENGTH (MB)   RECORD NAMES
              1      20      227.99       500      701      610      900      950      970     1000      129      960     1100   
                                          VAR     GEOM    BASINP   SYMINP    ZMAT    AOBASIS   BASIS     P2S    ABASIS      S 
                                         1400     1410     1200     1210     1080     1600     1650     1300     1700     1380   
                                           T        V       H0       H01     AOSYM     SMH    MOLCAS    ERIS     OPER     JKOP   

              2       8        2.41       500      610      700     1000      520     2100     2140      701   
                                          VAR    BASINP    GEOM     BASIS   MCVARS     RHF     MCSCF    GEOM   

 PROGRAMS   *        TOTAL     MULTI       INT        CI     MULTI       INT        CI     MULTI       INT        CI     MULTI
 CPU TIMES  *      8115.31      6.51     12.74   2673.93      6.55     13.04   2675.36      8.17     13.44   2676.38     14.72
 REAL TIME  *      8195.62 SEC
 DISK USED  *         3.64 GB      
 **********************************************************************************************************************************

1PROGRAM * CI (Multireference internally contracted CI)     Authors: H.-J. Werner, P.J. Knowles, 1987


 Convergence thresholds:  THRVAR = 1.00D-08  THRDEN = 1.00D-06

 Number of optimized states:  1  Roots:   1
 Number of reference states:  1  Roots:   1

 Program parameters:       NSTATE=  1    NSTATI=  2    NSTATR=  1    NCEPA = -1    NOKOP =  0    ITRDM =  0    ITRANS=  0
                           IDIP  =200    MAXIT =250    MAXITI=700    MAXDAV=  4    MAXVI =  6    NOSING=  0    NOPAIR=  0
                           MXSHRF=  8    IKCPS =  0    IOPTGM=  2    IOPTOR=  0    REFOPT=  1    IAVDEN=  0    IDELCG=  1
                           IREST =  0    NATORB=  0    IPUNRF=  0    ISEP  =  0    OLDDEN=  0    NSTPRI=  1    GPSFLI= -1
                           CLUSTE=  0    CLOSED=  1    ILSTYP=  0    ITRLS =  0    ICCSD =  0    LOCAL =  0    IBASO =  0
                           MP    =  0    ITEDIS=  2    INCDIS=  1    MAXDIS=  6    ITYDIS=  1    BRUECK=  0    IBRSTR=  3
                           INCBRK=  1    TRIPLE=  0    ICCTYP=  1    IHPPD =  0    ICCNEW=  0    I3EXT = -1    IDEB  =  0
                           IDLEIG=  1    IDFTYP=  1    IMP3  =  0    IPROCS=  0    NOINT =  0    NOREF =  1    IMP2G =  0
                           IHINT =  0    IFDIA =  0    ISPARO=  1    JKSYM =  0    CPHF  =  0    MP2D  = -1    DKINT =  0
                           NPKEX =  1    DRVK  =  1    HLSTRA=  1    WIGNER=  1    DIIS_C=  1    MAXIT_= 50    MATEL =  0
                           SPDEG =  1    MEMCPH=  0    DISM  =  1    KDCPMA=  5    IKDCP_=  0    IREDTH=  0    USECS =  0
                           IPROCC=  0    I3SAVE=  1    IKDCP =  1    USECI =  0    OLDPAI=  0    IPROCI=  0    KEEPCL=  1
                           DISCON=  0    SHIFTE=  0    DIISIN=  0    MOLCAS=  0    MEM_PT=  0    RECORD=  0    RS2C  =  0
                           KEXT  = -1    CIPT2 =  0    DECP0S=  0    I4EXT = -1    NATCOR=  0    RIMP2 =  0    DDCI  = -1

 Reference symmetry:                   4   Triplet 
 Number of electrons:                 16
 Maximum number of shells:             6
 Maximum number of spin couplings:   297

 Reference space:     9136 conf    47808 CSFs
 N elec internal:    72865 conf   382239 CSFs
 N-1 el internal:    69576 conf   622908 CSFs
 N-2 el internal:    57950 conf   876478 CSFs

 Number of electrons in valence space:                     12
 Maximum number of open shell orbitals in reference space: 10
 Maximum number of open shell orbitals in internal spaces: 12


 Number of core orbitals:           2 (   2   0   0   0   0   0   0   0 )
 Number of active  orbitals:       12 (   1   2   2   0   3   2   2   0 )
 Number of external orbitals:     240 (  43  29  29  19  43  29  29  19 )

 Molecular orbitals read from record     2140.2  Type=MCSCF/NATURAL (state averaged)

 Coulomb and exchange operators available. No transformation done.

 Number of p-space configurations:  12

 Reference wavefunction optimized for reference space (refopt=1)

 State     Reference Energy 
   1        -149.66670828
   2        -149.58566886

 Number of blocks in overlap matrix:    16   Smallest eigenvalue:  0.21D-05
 Number of N-2 electron functions:     144
 Number of N-1 electron functions:  622908

 Number of internal configurations:                47808
 Number of singly external configurations:      18686980
 Number of doubly external configurations:        524512
 Total number of contracted configurations:     19259300
 Total number of uncontracted configurations: 3169518620

 Diagonal Coupling coefficients finished.               Storage:21268533 words, CPU-Time:     25.04 seconds.
 Energy denominators for pairs finished in 1 passes.    Storage: 2233191 words, CPU-time:      0.01 seconds.

  ITER. STATE  ROOT     SQ.NORM     CORR.ENERGY   TOTAL ENERGY   ENERGY CHANGE       DEN1      VAR(S)    VAR(P)      TIME
    1     1     1     1.00000000     0.00000000  -149.66670828     0.00000000    -0.21257699  0.17D-01  0.14D-01   163.13
    2     1     1     1.03206686    -0.21759952  -149.88430780    -0.21759952    -0.00992345  0.41D-03  0.64D-03   452.66
    3     1     1     1.03772570    -0.22874736  -149.89545564    -0.01114784    -0.00087869  0.78D-04  0.58D-04   741.82
    4     1     1     1.04050804    -0.22983073  -149.89653901    -0.00108337    -0.00010524  0.95D-05  0.89D-05  1030.70
    5     1     1     1.04090599    -0.22993849  -149.89664677    -0.00010776    -0.00002448  0.30D-05  0.21D-05  1319.60
    6     1     1     1.04095842    -0.22996062  -149.89666890    -0.00002213    -0.00000490  0.77D-06  0.28D-06  1610.58
    7     1     1     1.04096706    -0.22996506  -149.89667334    -0.00000444    -0.00000148  0.33D-06  0.78D-07  1900.34
    8     1     1     1.04098108    -0.22996611  -149.89667439    -0.00000105    -0.00000040  0.90D-07  0.20D-07  2189.20
    9     1     1     1.04099333    -0.22996643  -149.89667471    -0.00000032    -0.00000012  0.25D-07  0.82D-08  2477.70
   10     1     1     1.04099789    -0.22996652  -149.89667481    -0.00000009    -0.00000003  0.67D-08  0.20D-08  2765.93


 =====================================
 Analysis of CPU times by interactions
 =====================================

       I      S      P

 I   5.5%
 S   0.8%  18.6%
 P   1.4%  67.1%   5.1%

 Initialization:   1.1%
 Other:            0.4%

 Total CPU:     2765.9 seconds
 =====================================



 Reference coefficients greater than 0.0500000
 =============================================
 /20/022/\020           0.3963293
 //02022/20\0          -0.3963290
 22020220/0/0          -0.3451683
 2/0/02202020           0.3443383
 02020222/0/0           0.3426310
 0/0/02222020          -0.3418198
 /20\022//020          -0.2428663
 /\02022/20/0           0.2428623
 //02022\20/0          -0.1402114
 /20/022\/020           0.1402097

 Coefficients of doubly external configurations greater than 0.0500000
 =====================================================================

 PAIR    I     J   ->   K     L     NP  SYM  REF     COEFFICIENTS

   1    3.1   3.1     14.1  14.1     1   1    1   -0.07261185
  18    3.5   3.5     14.1  14.1     1   1    1   -0.07260147
   1    3.1   3.1      8.1  14.1     1   1    1   -0.06728888
  18    3.5   3.5      8.1  14.1     1   1    1   -0.06727890
   1    3.1   3.1      8.1   8.1     1   1    1   -0.06472224
  18    3.5   3.5      8.1   8.1     1   1    1   -0.06470259
   1    3.1   3.1      8.5   8.5     1   1    1    0.05883753
  18    3.5   3.5      8.5   8.5     1   1    1    0.05867458
   1    3.1   3.1      8.5  14.5     1   1    1    0.05539740
  18    3.5   3.5      8.5  14.5     1   1    1    0.05536026
   1    3.1   3.1     14.5  14.5     1   1    1    0.05468598
  18    3.5   3.5     14.5  14.5     1   1    1    0.05468503



 RESULTS FOR STATE 1.4
 =====================

 Coefficient of reference function:   C(0) = 0.97980709 (fixed)   0.98011058 (relaxed)

 Energy contributions of configuration classes

 CLASS          SQ.NORM        ECORR1        ECORR2
 +++++++++++++++++++++++++++++++++++++++++++++++++++
 Internals    0.00061957    0.00000000   -0.00013687
 Singles      0.02249282   -0.08765775   -0.08911851
 Pairs        0.01853046   -0.14230868   -0.14071114
 Total        1.04164286   -0.22996643   -0.22996652
 +++++++++++++++++++++++++++++++++++++++++++++++++++


 Reference energy                    -149.66670828
 Nuclear energy                         7.52607589
 Kinetic energy                       149.95315425
 One electron energy                 -221.34297715
 Two electron energy                   63.92022646
 Virial quotient                       -0.99962335
 Correlation energy                    -0.22996652
 !MRCI STATE 1.4 Energy              -149.896674805450

 Properties without orbital relaxation:

 !MRCI STATE 1.4 Dipole moment          0.00000000     0.00000000     0.00000000
 Dipole moment /Debye                   0.00000000     0.00000000     0.00000000

 Cluster corrected energies          -149.90625127 (Davidson, fixed reference)
 Cluster corrected energies          -149.90610295 (Davidson, relaxed reference)

 Cluster corrected energies          -149.90453001 (Pople, fixed reference)
 Cluster corrected energies          -149.90440535 (Pople, relaxed reference)

 

 !MRCI expec         <1.4|QMXX|1.4>    -0.490538556061
 !MRCI expec         <1.4|QMYY|1.4>    -0.480755277932
 !MRCI expec         <1.4|QMZZ|1.4>     0.971293833992
 !MRCI expec         <1.4|QMRR|1.4>   -22.643692486291


 **********************************************************************************************************************************
 DATASETS  * FILE   NREC   LENGTH (MB)   RECORD NAMES
              1      20      227.99       500      701      610      900      950      970     1000      129      960     1100   
                                          VAR     GEOM    BASINP   SYMINP    ZMAT    AOBASIS   BASIS     P2S    ABASIS      S 
                                         1400     1410     1200     1210     1080     1600     1650     1300     1700     1380   
                                           T        V       H0       H01     AOSYM     SMH    MOLCAS    ERIS     OPER     JKOP   

              2       8        2.41       500      610      700     1000      520     2100     2140      701   
                                          VAR    BASINP    GEOM     BASIS   MCVARS     RHF     MCSCF    GEOM   

 PROGRAMS   *        TOTAL        CI     MULTI       INT        CI     MULTI       INT        CI     MULTI       INT        CI
 CPU TIMES  *     10898.20   2782.89      6.51     12.74   2673.93      6.55     13.04   2675.36      8.17     13.44   2676.38
 REAL TIME  *     10996.59 SEC
 DISK USED  *         3.64 GB      
 **********************************************************************************************************************************
 SETTING E1(4)          =      -149.89667481  AU                              

 DO I                   =         5.00000000   


 Using spherical harmonics

 Library entry O      S aug-cc-pV5Z          selected for orbital group  1
 Library entry O      P aug-cc-pV5Z          selected for orbital group  1
 Library entry O      D aug-cc-pV5Z          selected for orbital group  1
 Library entry O      F aug-cc-pV5Z          selected for orbital group  1
 Library entry O      G aug-cc-pV5Z          selected for orbital group  1
 Library entry O      H aug-cc-pV5Z          selected for orbital group  1

1PROGRAM * SEWARD (Integral evaluation for generally contracted gaussian basis sets)     Author: Roland Lindh, 1990

 Geometry written to block  1 of record 701

 Orientation using atomic masses  
 Molecule type: Linear
 Symmetry elements: X,Y,Z
 Rotational constants:       2.9855739      2.9855739      0.0000000 GHz  (calculated with average atomic masses)

 Point group  D2h 



 ATOMIC COORDINATES

 NR  ATOM    CHARGE       X              Y              Z

   1  O       8.00    0.000000000    0.000000000   -4.346370086
   2  O       8.00    0.000000000    0.000000000    4.346370086

 NUCLEAR CHARGE:                   16
 NUMBER OF PRIMITIVE AOS:         398
 NUMBER OF SYMMETRY AOS:          288
 NUMBER OF CONTRACTIONS:          254   (  46Ag  +  31B3u +  31B2u +  19B1g +  46B1u +  31B2g +  31B3g +  19Au  )
 NUMBER OF CORE ORBITALS:           2   (   1Ag  +   0B3u +   0B2u +   0B1g +   1B1u +   0B2g +   0B3g +   0Au  )
 NUMBER OF VALENCE ORBITALS:        8   (   2Ag  +   1B3u +   1B2u +   0B1g +   2B1u +   1B2g +   1B3g +   0Au  )


 NUCLEAR REPULSION ENERGY    7.36246554

 EXTRA SYMMETRY OF AOS IN SYMMETRY 1:   1 1 1 1 1 1 1 1 1 1   1 1 1 1 2 1 2 1 2 1   2 1 2 1 2 1 2 1 2 1   2 1 3 2 1 3 2 1 3 2
                                        2 3 1 2 3 1
 EXTRA SYMMETRY OF AOS IN SYMMETRY 2:   1 1 1 1 1 1 1 1 1 1   1 1 2 1 2 1 2 1 2 1   2 1 2 1 2 1 2 3 1 2   3
 EXTRA SYMMETRY OF AOS IN SYMMETRY 3:   1 1 1 1 1 1 1 1 1 1   1 1 2 1 2 1 2 1 2 1   2 1 2 1 2 1 2 3 1 2   3
 EXTRA SYMMETRY OF AOS IN SYMMETRY 4:   1 1 1 1 1 1 1 1 1 1   2 1 2 1 2 2 1 2 1
 EXTRA SYMMETRY OF AOS IN SYMMETRY 5:   1 1 1 1 1 1 1 1 1 1   1 1 1 1 2 1 2 1 2 1   2 1 2 1 2 1 2 1 2 1   2 1 3 2 1 3 2 1 3 2
                                        2 3 1 2 3 1
 EXTRA SYMMETRY OF AOS IN SYMMETRY 6:   1 1 1 1 1 1 1 1 1 1   1 1 2 1 2 1 2 1 2 1   2 1 2 1 2 1 2 3 1 2   3
 EXTRA SYMMETRY OF AOS IN SYMMETRY 7:   1 1 1 1 1 1 1 1 1 1   1 1 2 1 2 1 2 1 2 1   2 1 2 1 2 1 2 3 1 2   3
 EXTRA SYMMETRY OF AOS IN SYMMETRY 8:   1 1 1 1 1 1 1 1 1 1   2 1 2 1 2 2 1 2 1

 Eigenvalues of metric

         1 0.238E-03 0.540E-02 0.864E-02 0.334E-01 0.549E-01 0.674E-01 0.686E-01 0.142E+00
         2 0.540E-02 0.355E-01 0.685E-01 0.144E+00 0.145E+00 0.162E+00 0.249E+00 0.257E+00
         3 0.540E-02 0.355E-01 0.685E-01 0.144E+00 0.145E+00 0.162E+00 0.249E+00 0.257E+00
         4 0.674E-01 0.144E+00 0.242E+00 0.257E+00 0.257E+00 0.410E+00 0.410E+00 0.480E+00
         5 0.237E-03 0.537E-02 0.719E-02 0.314E-01 0.383E-01 0.628E-01 0.669E-01 0.117E+00
         6 0.539E-02 0.339E-01 0.647E-01 0.140E+00 0.144E+00 0.146E+00 0.231E+00 0.257E+00
         7 0.539E-02 0.339E-01 0.647E-01 0.140E+00 0.144E+00 0.146E+00 0.231E+00 0.257E+00
         8 0.669E-01 0.144E+00 0.240E+00 0.257E+00 0.257E+00 0.410E+00 0.410E+00 0.479E+00


 Contracted 2-electron integrals neglected if value below      1.0D-11
 AO integral compression algorithm  1   Integral accuracy      1.0D-11

     319.029 MB (compressed) written to integral file ( 34.9%)


 NUMBER OF SORTED TWO-ELECTRON INTEGRALS:   66838400.     BUFFER LENGTH:  32768
 NUMBER OF SEGMENTS:   5  SEGMENT LENGTH:   15999177      RECORD LENGTH: 524288

 Memory used in sort:      16.56 MW

 SORT1 READ   114264352. AND WROTE    46798921. INTEGRALS IN    136 RECORDS. CPU TIME:     2.73 SEC, REAL TIME:     3.09 SEC
 SORT2 READ    46798921. AND WROTE    66838400. INTEGRALS IN   1217 RECORDS. CPU TIME:     1.04 SEC, REAL TIME:     1.24 SEC

 FILE SIZES:   FILE 1:   339.6 MBYTE,  FILE 4:   570.5 MBYTE,   TOTAL:    910.1 MBYTE

 OPERATOR DM      FOR CENTER  0  COORDINATES:    0.000000    0.000000    0.000000
 OPERATOR QM      FOR CENTER  0  COORDINATES:    0.000000    0.000000    0.000000


 **********************************************************************************************************************************
 DATASETS  * FILE   NREC   LENGTH (MB)   RECORD NAMES
              1      19      216.52       500      701      610      900      950      970     1000      129      960     1100   
                                          VAR     GEOM    BASINP   SYMINP    ZMAT    AOBASIS   BASIS     P2S    ABASIS      S 
                                         1400     1410     1200     1210     1080     1600     1650     1300     1700   
                                           T        V       H0       H01     AOSYM     SMH    MOLCAS    ERIS     OPER   

              2       8        2.41       500      610      700     1000      520     2100     2140      701   
                                          VAR    BASINP    GEOM     BASIS   MCVARS     RHF     MCSCF    GEOM   

 PROGRAMS   *        TOTAL       INT        CI     MULTI       INT        CI     MULTI       INT        CI     MULTI       INT
 CPU TIMES  *     10910.58     12.38   2782.89      6.51     12.74   2673.93      6.55     13.04   2675.36      8.17     13.44
 REAL TIME  *     11014.64 SEC
 DISK USED  *         3.64 GB      
 **********************************************************************************************************************************

1PROGRAM * MULTI (Direct Multiconfiguration SCF)       Authors: P.J. Knowles, H.-J. Werner (1984)     S.T. Elbert (1988)


 Number of closed-shell orbitals:   2 (   2   0   0   0   0   0   0   0 )
 Number of active  orbitals:       12 (   1   2   2   0   3   2   2   0 )
 Number of external orbitals:     240 (  43  29  29  19  43  29  29  19 )

 State symmetry 1

 Number of electrons:    12    Spin symmetry=Triplet   Space symmetry=4
 Number of states:        2
 Number of CSFs:      47808   (78400 determinants, 627264 intermediate states)

 Iteration controls:
             1  2  3  4  5  6  7  8  9 10 11 12 13 14 15 16 17 18 19 20 21 22 23 24 25 26 27 28 29 30 31 32 33 34 35 36 37 38 39
 DIAGCI      T  T  T  T  T  T  T  T  T  T  T  T  T  T  T  T  T  T  T  T  T  T  T  T  T  T  T  T  T  T  T  T  T  T  T  T  T  T  T
 WERNER      T  T  T  T  T  T  T  T  T  T  T  T  T  T  T  T  T  T  T  T  T  T  T  T  T  T  T  T  T  T  T  T  T  T  T  T  T  T  T
 INTERNAL    F  T  T  T  T  T  T  T  T  T  T  T  T  T  T  T  T  T  T  T  T  T  T  T  T  T  T  T  T  T  T  T  T  T  T  T  T  T  T

 Molecular orbitals read from record     2140.2  Type=MCSCF/NATURAL (state averaged)

 EXTRA SYMMETRY OF MOS IN SYMMETRY 1:   1 1 1 1 1 1 2 1 1 1   2 2 1 1 1 2 3 1 2 1   2 1 1 1 2 3 1 2 3 1   2 1 2 1 1 1 2 3 1 2
                                        3 1 2 1 2 1
 EXTRA SYMMETRY OF MOS IN SYMMETRY 2:   1 1 1 1 1 2 1 1 1 2   1 2 1 1 1 2 3 1 2 1   2 1 1 1 2 3 1 2 1 2   1
 EXTRA SYMMETRY OF MOS IN SYMMETRY 3:   1 1 1 1 1 2 1 1 1 2   1 2 1 1 1 2 3 1 2 1   2 1 1 1 2 3 1 2 1 2   1
 EXTRA SYMMETRY OF MOS IN SYMMETRY 4:   1 1 1 1 2 1 1 1 2 1   2 1 1 1 2 1 2 1 1
 EXTRA SYMMETRY OF MOS IN SYMMETRY 5:   1 1 1 1 1 2 1 1 1 2   1 2 1 1 1 2 3 2 1 1   2 1 1 1 2 3 1 2 3 2   1 2 1 1 1 1 2 3 1 2
                                        3 2 1 2 1 1
 EXTRA SYMMETRY OF MOS IN SYMMETRY 6:   1 1 1 1 2 1 1 1 1 2   2 1 1 1 1 2 3 1 2 1   2 1 1 1 2 3 1 2 1 2   1
 EXTRA SYMMETRY OF MOS IN SYMMETRY 7:   1 1 1 1 2 1 1 1 1 2   2 1 1 1 1 2 3 1 2 1   2 1 1 1 2 3 1 2 1 2   1
 EXTRA SYMMETRY OF MOS IN SYMMETRY 8:   1 1 1 1 2 1 1 1 2 1   2 1 1 1 2 1 2 1 1

 Wavefunction dump at record             2140.2

 Convergence thresholds  0.10E-01 (gradient)  0.10E-05 (energy)  0.10E-02 (step length)

 Weight factors for state symmetry  1:    0.50000   0.50000

 Number of orbital rotations:      492   (     2 Core/Active     86 Core/Virtual   0 Active/Active    404 Active/Virtual)
 Total number of variables:     157292


 ITER. MIC  NCI  NEG     ENERGY(VAR)     ENERGY(PROJ)   ENERGY CHANGE     GRAD(0)  GRAD(ORB)   GRAD(CI)     STEP       TIME

   1   20   31    0    -149.62618884    -149.62618887   -0.00000003    0.00028896 0.00000011 0.00000096  0.20D-03      3.42

 ** WVFN ****  CONVERGENCE REACHED, FINAL GRADIENT:  0.15D-06



 Results for state 1.4
 =====================

 !MCSCF STATE 1.4 Energy             -149.666707779923
 Nuclear energy                         7.36246554
 Kinetic energy                       149.66282743
 One electron energy                 -221.08938640
 Two electron energy                   64.06021308
 Virial ratio                           2.00002593

 !MCSCF STATE 1.4 Dipole moment         0.00000000     0.00000000     0.00000000
 Dipole moment /Debye                   0.00000000     0.00000000     0.00000000

 Results for state 2.4
 =====================

 !MCSCF STATE 2.4 Energy             -149.585669959999
 Nuclear energy                         7.36246554
 Kinetic energy                       149.58876966
 One electron energy                 -221.03116934
 Two electron energy                   64.08303384
 Virial ratio                           1.99997928

 !MCSCF STATE 2.4 Dipole moment         0.00000000     0.00000000     0.00000000
 Dipole moment /Debye                   0.00000000     0.00000000     0.00000000

 State-averaged charge density matrix saved on record  2140.2 (density set 1)

 !MCSCF expec        <1.4|QMXX|1.4>    -0.521964674117
 !MCSCF trans        <2.4|QMXX|1.4>    -0.000095556946
 !MCSCF expec        <2.4|QMXX|2.4>    -0.565504022935

 !MCSCF expec        <1.4|QMYY|1.4>    -0.477838439855
 !MCSCF trans        <2.4|QMYY|1.4>    -0.000094013810
 !MCSCF expec        <2.4|QMYY|2.4>    -0.446528131416

 !MCSCF expec        <1.4|QMZZ|1.4>     0.999803113972
 !MCSCF trans        <2.4|QMZZ|1.4>     0.000189570756
 !MCSCF expec        <2.4|QMZZ|2.4>     1.012032154350

 !MCSCF expec        <1.4|QMRR|1.4>   -22.723104295458
 !MCSCF trans        <2.4|QMRR|1.4>     0.000167753040
 !MCSCF expec        <2.4|QMRR|2.4>   -22.786237776629


 EXTRA SYMMETRY OF MOS IN SYMMETRY 1:   1 1 1 1 1 1 2 1 1 1   2 1 2 1 1 2 3 1 2 1   1 2 1 1 2 3 1 2 3 1   2 1 2 1 1 1 2 3 1 2
                                        3 1 2 1 2 1

 Natural orbital dump (state averaged) at molpro section  2140.2    (Orbital set 2)


 CI vector
 =========

 a 20 a0 22a b0 20       -0.3503376   0.4957350
 a b0 20 22a 20 a0       -0.3504189   0.4957260
 2 20 20 220 a0 a0        0.3516019   0.2543701
 2 a0 a0 220 20 20       -0.3510833  -0.2524667
 a 20 b0 22a a0 20        0.3504237  -0.0095166
 a a0 20 22a 20 b0        0.3503329  -0.0095935
 0 20 20 222 a0 a0       -0.3496974  -0.2513548
 0 a0 a0 222 20 20        0.3491907   0.2523255
 b 20 a0 22a a0 20       -0.0000478  -0.2438779
 a a0 20 22b 20 a0        0.0000421  -0.2437318
 b a0 20 22a 20 a0        0.0000439  -0.2424007
 a 20 a0 22b a0 20       -0.0000383  -0.2423404

 TOTAL ENERGIES                      -149.66670778  -149.58566996



 **********************************************************************************************************************************
 DATASETS  * FILE   NREC   LENGTH (MB)   RECORD NAMES
              1      20      227.09       500      701      610      900      950      970     1000      129      960     1100   
                                          VAR     GEOM    BASINP   SYMINP    ZMAT    AOBASIS   BASIS     P2S    ABASIS      S 
                                         1400     1410     1200     1210     1080     1600     1650     1300     1700     1380   
                                           T        V       H0       H01     AOSYM     SMH    MOLCAS    ERIS     OPER     JKOP   

              2       8        2.41       500      610      700     1000      520     2100     2140      701   
                                          VAR    BASINP    GEOM     BASIS   MCVARS     RHF     MCSCF    GEOM   

 PROGRAMS   *        TOTAL     MULTI       INT        CI     MULTI       INT        CI     MULTI       INT        CI     MULTI
 CPU TIMES  *     10917.08      6.50     12.38   2782.89      6.51     12.74   2673.93      6.55     13.04   2675.36      8.17
 REAL TIME  *     11021.95 SEC
 DISK USED  *         3.64 GB      
 **********************************************************************************************************************************

1PROGRAM * CI (Multireference internally contracted CI)     Authors: H.-J. Werner, P.J. Knowles, 1987


 Convergence thresholds:  THRVAR = 1.00D-08  THRDEN = 1.00D-06

 Number of optimized states:  1  Roots:   1
 Number of reference states:  1  Roots:   1

 Program parameters:       NSTATE=  1    NSTATI=  2    NSTATR=  1    NCEPA = -1    NOKOP =  0    ITRDM =  0    ITRANS=  0
                           IDIP  =200    MAXIT =250    MAXITI=700    MAXDAV=  4    MAXVI =  6    NOSING=  0    NOPAIR=  0
                           MXSHRF=  8    IKCPS =  0    IOPTGM=  2    IOPTOR=  0    REFOPT=  1    IAVDEN=  0    IDELCG=  1
                           IREST =  0    NATORB=  0    IPUNRF=  0    ISEP  =  0    OLDDEN=  0    NSTPRI=  1    GPSFLI= -1
                           CLUSTE=  0    CLOSED=  1    ILSTYP=  0    ITRLS =  0    ICCSD =  0    LOCAL =  0    IBASO =  0
                           MP    =  0    ITEDIS=  2    INCDIS=  1    MAXDIS=  6    ITYDIS=  1    BRUECK=  0    IBRSTR=  3
                           INCBRK=  1    TRIPLE=  0    ICCTYP=  1    IHPPD =  0    ICCNEW=  0    I3EXT = -1    IDEB  =  0
                           IDLEIG=  1    IDFTYP=  1    IMP3  =  0    IPROCS=  0    NOINT =  0    NOREF =  1    IMP2G =  0
                           IHINT =  0    IFDIA =  0    ISPARO=  1    JKSYM =  0    CPHF  =  0    MP2D  = -1    DKINT =  0
                           NPKEX =  1    DRVK  =  1    HLSTRA=  1    WIGNER=  1    DIIS_C=  1    MAXIT_= 50    MATEL =  0
                           SPDEG =  1    MEMCPH=  0    DISM  =  1    KDCPMA=  5    IKDCP_=  0    IREDTH=  0    USECS =  0
                           IPROCC=  0    I3SAVE=  1    IKDCP =  1    USECI =  0    OLDPAI=  0    IPROCI=  0    KEEPCL=  1
                           DISCON=  0    SHIFTE=  0    DIISIN=  0    MOLCAS=  0    MEM_PT=  0    RECORD=  0    RS2C  =  0
                           KEXT  = -1    CIPT2 =  0    DECP0S=  0    I4EXT = -1    NATCOR=  0    RIMP2 =  0    DDCI  = -1

 Reference symmetry:                   4   Triplet 
 Number of electrons:                 16
 Maximum number of shells:             6
 Maximum number of spin couplings:   297

 Reference space:     9136 conf    47808 CSFs
 N elec internal:    72865 conf   382239 CSFs
 N-1 el internal:    69576 conf   622908 CSFs
 N-2 el internal:    57950 conf   876478 CSFs

 Number of electrons in valence space:                     12
 Maximum number of open shell orbitals in reference space: 10
 Maximum number of open shell orbitals in internal spaces: 12


 Number of core orbitals:           2 (   2   0   0   0   0   0   0   0 )
 Number of active  orbitals:       12 (   1   2   2   0   3   2   2   0 )
 Number of external orbitals:     240 (  43  29  29  19  43  29  29  19 )

 Molecular orbitals read from record     2140.2  Type=MCSCF/NATURAL (state averaged)

 Coulomb and exchange operators available. No transformation done.

 Number of p-space configurations:  12

 Reference wavefunction optimized for reference space (refopt=1)

 State     Reference Energy 
   1        -149.66670778
   2        -149.58566996

 Number of blocks in overlap matrix:    16   Smallest eigenvalue:  0.17D-05
 Number of N-2 electron functions:     144
 Number of N-1 electron functions:  622908

 Number of internal configurations:                47808
 Number of singly external configurations:      18686980
 Number of doubly external configurations:        524512
 Total number of contracted configurations:     19259300
 Total number of uncontracted configurations: 3169518620

 Diagonal Coupling coefficients finished.               Storage:21268533 words, CPU-Time:     25.06 seconds.
 Energy denominators for pairs finished in 1 passes.    Storage: 2233191 words, CPU-time:      0.01 seconds.

  ITER. STATE  ROOT     SQ.NORM     CORR.ENERGY   TOTAL ENERGY   ENERGY CHANGE       DEN1      VAR(S)    VAR(P)      TIME
    1     1     1     1.00000000     0.00000000  -149.66670778     0.00000000    -0.21247771  0.16D-01  0.14D-01   165.08
    2     1     1     1.03204184    -0.21755690  -149.88426468    -0.21755690    -0.00992961  0.41D-03  0.64D-03   454.63
    3     1     1     1.03770870    -0.22871337  -149.89542115    -0.01115647    -0.00088029  0.78D-04  0.58D-04   743.76
    4     1     1     1.04049222    -0.22979877  -149.89650655    -0.00108540    -0.00010562  0.96D-05  0.89D-05  1032.62
    5     1     1     1.04089064    -0.22990684  -149.89661462    -0.00010807    -0.00002460  0.30D-05  0.21D-05  1321.47
    6     1     1     1.04094340    -0.22992911  -149.89663689    -0.00002226    -0.00000488  0.75D-06  0.28D-06  1612.47
    7     1     1     1.04095222    -0.22993358  -149.89664136    -0.00000447    -0.00000144  0.31D-06  0.77D-07  1902.23
    8     1     1     1.04096652    -0.22993462  -149.89664240    -0.00000104    -0.00000039  0.88D-07  0.20D-07  2191.05
    9     1     1     1.04097864    -0.22993493  -149.89664271    -0.00000032    -0.00000012  0.25D-07  0.80D-08  2479.55
   10     1     1     1.04098305    -0.22993502  -149.89664280    -0.00000009    -0.00000003  0.69D-08  0.20D-08  2767.68


 =====================================
 Analysis of CPU times by interactions
 =====================================

       I      S      P

 I   5.6%
 S   0.8%  18.6%
 P   1.4%  67.1%   5.1%

 Initialization:   1.1%
 Other:            0.4%

 Total CPU:     2767.7 seconds
 =====================================



 Reference coefficients greater than 0.0500000
 =============================================
 /20/022/\020           0.3963496
 //02022/20\0          -0.3963492
 22020220/0/0          -0.3448957
 2/0/02202020           0.3441984
 02020222/0/0           0.3427751
 0/0/02222020          -0.3420885
 /20\022//020          -0.2428525
 /\02022/20/0           0.2428492
 //02022\20/0          -0.1402066
 /20/022\/020           0.1402054

 Coefficients of doubly external configurations greater than 0.0500000
 =====================================================================

 PAIR    I     J   ->   K     L     NP  SYM  REF     COEFFICIENTS

   1    3.1   3.1     14.1  14.1     1   1    1   -0.07773069
  18    3.5   3.5     14.1  14.1     1   1    1   -0.07772253
   1    3.1   3.1      8.1  14.1     1   1    1   -0.07444896
  18    3.5   3.5      8.1  14.1     1   1    1   -0.07443990
   1    3.1   3.1      8.1   8.1     1   1    1   -0.07361790
  18    3.5   3.5      8.1   8.1     1   1    1   -0.07360112
   1    3.1   3.1      8.5   8.5     1   1    1    0.06527575
  18    3.5   3.5      8.5   8.5     1   1    1    0.06512067
   1    3.1   3.1     14.5  14.5     1   1    1    0.06217530
  18    3.5   3.5     14.5  14.5     1   1    1    0.06217437
   1    3.1   3.1      8.5  14.5     1   1    1    0.06208551
  18    3.5   3.5      8.5  14.5     1   1    1    0.06205173



 RESULTS FOR STATE 1.4
 =====================

 Coefficient of reference function:   C(0) = 0.97981412 (fixed)   0.98011756 (relaxed)

 Energy contributions of configuration classes

 CLASS          SQ.NORM        ECORR1        ECORR2
 +++++++++++++++++++++++++++++++++++++++++++++++++++
 Internals    0.00061948    0.00000000   -0.00013683
 Singles      0.02248153   -0.08763767   -0.08909729
 Pairs        0.01852691   -0.14229727   -0.14070090
 Total        1.04162792   -0.22993494   -0.22993502
 +++++++++++++++++++++++++++++++++++++++++++++++++++


 Reference energy                    -149.66670778
 Nuclear energy                         7.36246554
 Kinetic energy                       149.95314053
 One electron energy                 -221.01658664
 Two electron energy                   63.75747830
 Virial quotient                       -0.99962323
 Correlation energy                    -0.22993502
 !MRCI STATE 1.4 Energy              -149.896642802960

 Properties without orbital relaxation:

 !MRCI STATE 1.4 Dipole moment          0.00000000     0.00000000     0.00000000
 Dipole moment /Debye                   0.00000000     0.00000000     0.00000000

 Cluster corrected energies          -149.90621452 (Davidson, fixed reference)
 Cluster corrected energies          -149.90606624 (Davidson, relaxed reference)

 Cluster corrected energies          -149.90449404 (Pople, fixed reference)
 Cluster corrected energies          -149.90436942 (Pople, relaxed reference)

 

 !MRCI expec         <1.4|QMXX|1.4>    -0.489825303588
 !MRCI expec         <1.4|QMYY|1.4>    -0.480040399640
 !MRCI expec         <1.4|QMZZ|1.4>     0.969865703227
 !MRCI expec         <1.4|QMRR|1.4>   -22.645183094252


 **********************************************************************************************************************************
 DATASETS  * FILE   NREC   LENGTH (MB)   RECORD NAMES
              1      20      227.09       500      701      610      900      950      970     1000      129      960     1100   
                                          VAR     GEOM    BASINP   SYMINP    ZMAT    AOBASIS   BASIS     P2S    ABASIS      S 
                                         1400     1410     1200     1210     1080     1600     1650     1300     1700     1380   
                                           T        V       H0       H01     AOSYM     SMH    MOLCAS    ERIS     OPER     JKOP   

              2       8        2.41       500      610      700     1000      520     2100     2140      701   
                                          VAR    BASINP    GEOM     BASIS   MCVARS     RHF     MCSCF    GEOM   

 PROGRAMS   *        TOTAL        CI     MULTI       INT        CI     MULTI       INT        CI     MULTI       INT        CI
 CPU TIMES  *     13701.73   2784.65      6.50     12.38   2782.89      6.51     12.74   2673.93      6.55     13.04   2675.36
 REAL TIME  *     13824.67 SEC
 DISK USED  *         3.64 GB      
 **********************************************************************************************************************************
 SETTING E1(5)          =      -149.89664280  AU                              

 DO I                   =         6.00000000   


 Using spherical harmonics

 Library entry O      S aug-cc-pV5Z          selected for orbital group  1
 Library entry O      P aug-cc-pV5Z          selected for orbital group  1
 Library entry O      D aug-cc-pV5Z          selected for orbital group  1
 Library entry O      F aug-cc-pV5Z          selected for orbital group  1
 Library entry O      G aug-cc-pV5Z          selected for orbital group  1
 Library entry O      H aug-cc-pV5Z          selected for orbital group  1

1PROGRAM * SEWARD (Integral evaluation for generally contracted gaussian basis sets)     Author: Roland Lindh, 1990

 Geometry written to block  1 of record 701

 Orientation using atomic masses  
 Molecule type: Linear
 Symmetry elements: X,Y,Z
 Rotational constants:       2.7999886      2.7999886      0.0000000 GHz  (calculated with average atomic masses)

 Point group  D2h 



 ATOMIC COORDINATES

 NR  ATOM    CHARGE       X              Y              Z

   1  O       8.00    0.000000000    0.000000000   -4.488099546
   2  O       8.00    0.000000000    0.000000000    4.488099546

 NUCLEAR CHARGE:                   16
 NUMBER OF PRIMITIVE AOS:         398
 NUMBER OF SYMMETRY AOS:          288
 NUMBER OF CONTRACTIONS:          254   (  46Ag  +  31B3u +  31B2u +  19B1g +  46B1u +  31B2g +  31B3g +  19Au  )
 NUMBER OF CORE ORBITALS:           2   (   1Ag  +   0B3u +   0B2u +   0B1g +   1B1u +   0B2g +   0B3g +   0Au  )
 NUMBER OF VALENCE ORBITALS:        8   (   2Ag  +   1B3u +   1B2u +   0B1g +   2B1u +   1B2g +   1B3g +   0Au  )


 NUCLEAR REPULSION ENERGY    7.12996663

 EXTRA SYMMETRY OF AOS IN SYMMETRY 1:   1 1 1 1 1 1 1 1 1 1   1 1 1 1 2 1 2 1 2 1   2 1 2 1 2 1 2 1 2 1   2 1 3 2 1 3 2 1 3 2
                                        2 3 1 2 3 1
 EXTRA SYMMETRY OF AOS IN SYMMETRY 2:   1 1 1 1 1 1 1 1 1 1   1 1 2 1 2 1 2 1 2 1   2 1 2 1 2 1 2 3 1 2   3
 EXTRA SYMMETRY OF AOS IN SYMMETRY 3:   1 1 1 1 1 1 1 1 1 1   1 1 2 1 2 1 2 1 2 1   2 1 2 1 2 1 2 3 1 2   3
 EXTRA SYMMETRY OF AOS IN SYMMETRY 4:   1 1 1 1 1 1 1 1 1 1   2 1 2 1 2 2 1 2 1
 EXTRA SYMMETRY OF AOS IN SYMMETRY 5:   1 1 1 1 1 1 1 1 1 1   1 1 1 1 2 1 2 1 2 1   2 1 2 1 2 1 2 1 2 1   2 1 3 2 1 3 2 1 3 2
                                        2 3 1 2 3 1
 EXTRA SYMMETRY OF AOS IN SYMMETRY 6:   1 1 1 1 1 1 1 1 1 1   1 1 2 1 2 1 2 1 2 1   2 1 2 1 2 1 2 3 1 2   3
 EXTRA SYMMETRY OF AOS IN SYMMETRY 7:   1 1 1 1 1 1 1 1 1 1   1 1 2 1 2 1 2 1 2 1   2 1 2 1 2 1 2 3 1 2   3
 EXTRA SYMMETRY OF AOS IN SYMMETRY 8:   1 1 1 1 1 1 1 1 1 1   2 1 2 1 2 2 1 2 1

 Eigenvalues of metric

         1 0.238E-03 0.539E-02 0.867E-02 0.333E-01 0.548E-01 0.673E-01 0.689E-01 0.144E+00
         2 0.540E-02 0.355E-01 0.683E-01 0.144E+00 0.145E+00 0.163E+00 0.248E+00 0.257E+00
         3 0.540E-02 0.355E-01 0.683E-01 0.144E+00 0.145E+00 0.163E+00 0.248E+00 0.257E+00
         4 0.673E-01 0.144E+00 0.242E+00 0.257E+00 0.257E+00 0.410E+00 0.410E+00 0.480E+00
         5 0.237E-03 0.538E-02 0.735E-02 0.316E-01 0.411E-01 0.631E-01 0.670E-01 0.118E+00
         6 0.539E-02 0.340E-01 0.652E-01 0.141E+00 0.144E+00 0.147E+00 0.233E+00 0.257E+00
         7 0.539E-02 0.340E-01 0.652E-01 0.141E+00 0.144E+00 0.147E+00 0.233E+00 0.257E+00
         8 0.670E-01 0.144E+00 0.240E+00 0.257E+00 0.257E+00 0.410E+00 0.410E+00 0.479E+00


 Contracted 2-electron integrals neglected if value below      1.0D-11
 AO integral compression algorithm  1   Integral accuracy      1.0D-11

     316.932 MB (compressed) written to integral file ( 34.7%)


 NUMBER OF SORTED TWO-ELECTRON INTEGRALS:   66838400.     BUFFER LENGTH:  32768
 NUMBER OF SEGMENTS:   5  SEGMENT LENGTH:   15999177      RECORD LENGTH: 524288

 Memory used in sort:      16.56 MW

 SORT1 READ   114264352. AND WROTE    46693599. INTEGRALS IN    136 RECORDS. CPU TIME:     2.75 SEC, REAL TIME:     3.09 SEC
 SORT2 READ    46693599. AND WROTE    66838400. INTEGRALS IN   1209 RECORDS. CPU TIME:     1.08 SEC, REAL TIME:     1.24 SEC

 FILE SIZES:   FILE 1:   337.5 MBYTE,  FILE 4:   570.5 MBYTE,   TOTAL:    908.0 MBYTE

 OPERATOR DM      FOR CENTER  0  COORDINATES:    0.000000    0.000000    0.000000
 OPERATOR QM      FOR CENTER  0  COORDINATES:    0.000000    0.000000    0.000000


 **********************************************************************************************************************************
 DATASETS  * FILE   NREC   LENGTH (MB)   RECORD NAMES
              1      19      215.20       500      701      610      900      950      970     1000      129      960     1100   
                                          VAR     GEOM    BASINP   SYMINP    ZMAT    AOBASIS   BASIS     P2S    ABASIS      S 
                                         1400     1410     1200     1210     1080     1600     1650     1300     1700   
                                           T        V       H0       H01     AOSYM     SMH    MOLCAS    ERIS     OPER   

              2       8        2.41       500      610      700     1000      520     2100     2140      701   
                                          VAR    BASINP    GEOM     BASIS   MCVARS     RHF     MCSCF    GEOM   

 PROGRAMS   *        TOTAL       INT        CI     MULTI       INT        CI     MULTI       INT        CI     MULTI       INT
 CPU TIMES  *     13713.71     11.98   2784.65      6.50     12.38   2782.89      6.51     12.74   2673.93      6.55     13.04
 REAL TIME  *     13842.14 SEC
 DISK USED  *         3.64 GB      
 **********************************************************************************************************************************

1PROGRAM * MULTI (Direct Multiconfiguration SCF)       Authors: P.J. Knowles, H.-J. Werner (1984)     S.T. Elbert (1988)


 Number of closed-shell orbitals:   2 (   2   0   0   0   0   0   0   0 )
 Number of active  orbitals:       12 (   1   2   2   0   3   2   2   0 )
 Number of external orbitals:     240 (  43  29  29  19  43  29  29  19 )

 State symmetry 1

 Number of electrons:    12    Spin symmetry=Triplet   Space symmetry=4
 Number of states:        2
 Number of CSFs:      47808   (78400 determinants, 627264 intermediate states)

 Iteration controls:
             1  2  3  4  5  6  7  8  9 10 11 12 13 14 15 16 17 18 19 20 21 22 23 24 25 26 27 28 29 30 31 32 33 34 35 36 37 38 39
 DIAGCI      T  T  T  T  T  T  T  T  T  T  T  T  T  T  T  T  T  T  T  T  T  T  T  T  T  T  T  T  T  T  T  T  T  T  T  T  T  T  T
 WERNER      T  T  T  T  T  T  T  T  T  T  T  T  T  T  T  T  T  T  T  T  T  T  T  T  T  T  T  T  T  T  T  T  T  T  T  T  T  T  T
 INTERNAL    F  T  T  T  T  T  T  T  T  T  T  T  T  T  T  T  T  T  T  T  T  T  T  T  T  T  T  T  T  T  T  T  T  T  T  T  T  T  T

 Molecular orbitals read from record     2140.2  Type=MCSCF/NATURAL (state averaged)

 EXTRA SYMMETRY OF MOS IN SYMMETRY 1:   1 1 1 1 1 1 2 1 1 1   2 1 2 1 1 2 3 1 2 1   1 2 1 1 2 3 1 2 3 1   2 1 2 1 1 1 2 3 1 2
                                        3 1 2 1 2 1
 EXTRA SYMMETRY OF MOS IN SYMMETRY 2:   1 1 1 1 1 2 1 1 1 2   1 2 1 1 1 2 3 1 2 1   2 1 1 1 2 3 1 2 1 2   1
 EXTRA SYMMETRY OF MOS IN SYMMETRY 3:   1 1 1 1 1 2 1 1 1 2   1 2 1 1 1 2 3 1 2 1   2 1 1 1 2 3 1 2 1 2   1
 EXTRA SYMMETRY OF MOS IN SYMMETRY 4:   1 1 1 1 2 1 1 1 2 1   2 1 1 1 2 1 2 1 1
 EXTRA SYMMETRY OF MOS IN SYMMETRY 5:   1 1 1 1 1 2 1 1 1 2   1 2 1 1 1 2 3 2 1 1   2 1 1 1 2 3 1 2 3 2   1 2 1 1 1 1 2 3 1 2
                                        3 2 1 2 1 1
 EXTRA SYMMETRY OF MOS IN SYMMETRY 6:   1 1 1 1 2 1 1 1 1 2   2 1 1 1 1 2 3 1 2 1   2 1 1 1 2 3 1 2 1 2   1
 EXTRA SYMMETRY OF MOS IN SYMMETRY 7:   1 1 1 1 2 1 1 1 1 2   2 1 1 1 1 2 3 1 2 1   2 1 1 1 2 3 1 2 1 2   1
 EXTRA SYMMETRY OF MOS IN SYMMETRY 8:   1 1 1 1 2 1 1 1 2 1   2 1 1 1 2 1 2 1 1

 Wavefunction dump at record             2140.2

 Convergence thresholds  0.10E-01 (gradient)  0.10E-05 (energy)  0.10E-02 (step length)

 Weight factors for state symmetry  1:    0.50000   0.50000

 Number of orbital rotations:      492   (     2 Core/Active     86 Core/Virtual   0 Active/Active    404 Active/Virtual)
 Total number of variables:     157292


 ITER. MIC  NCI  NEG     ENERGY(VAR)     ENERGY(PROJ)   ENERGY CHANGE     GRAD(0)  GRAD(ORB)   GRAD(CI)     STEP       TIME

   1   20   31    0    -149.62618915    -149.62618921   -0.00000007    0.00040337 0.00000013 0.00000124  0.27D-03      3.41

 ** WVFN ****  CONVERGENCE REACHED, FINAL GRADIENT:  0.18D-06



 Results for state 1.4
 =====================

 !MCSCF STATE 1.4 Energy             -149.666707147640
 Nuclear energy                         7.12996663
 Kinetic energy                       149.66283308
 One electron energy                 -220.62543314
 Two electron energy                   63.82875936
 Virial ratio                           2.00002589

 !MCSCF STATE 1.4 Dipole moment         0.00000000     0.00000000     0.00000000
 Dipole moment /Debye                   0.00000000     0.00000000     0.00000000

 Results for state 2.4
 =====================

 !MCSCF STATE 2.4 Energy             -149.585671276256
 Nuclear energy                         7.12996663
 Kinetic energy                       149.58875882
 One electron energy                 -220.56721694
 Two electron energy                   63.85157904
 Virial ratio                           1.99997936

 !MCSCF STATE 2.4 Dipole moment         0.00000000     0.00000000     0.00000000
 Dipole moment /Debye                   0.00000000     0.00000000     0.00000000

 State-averaged charge density matrix saved on record  2140.2 (density set 1)

 !MCSCF expec        <1.4|QMXX|1.4>    -0.521086765207
 !MCSCF trans        <2.4|QMXX|1.4>     0.000068199377
 !MCSCF expec        <2.4|QMXX|2.4>    -0.564715525420

 !MCSCF expec        <1.4|QMYY|1.4>    -0.476944405110
 !MCSCF trans        <2.4|QMYY|1.4>     0.000067559381
 !MCSCF expec        <2.4|QMYY|2.4>    -0.445700614994

 !MCSCF expec        <1.4|QMZZ|1.4>     0.998031170317
 !MCSCF trans        <2.4|QMZZ|1.4>    -0.000135758758
 !MCSCF expec        <2.4|QMZZ|2.4>     1.010416140415

 !MCSCF expec        <1.4|QMRR|1.4>   -22.725132024638
 !MCSCF trans        <2.4|QMRR|1.4>    -0.000123147681
 !MCSCF expec        <2.4|QMRR|2.4>   -22.788132970427


 EXTRA SYMMETRY OF MOS IN SYMMETRY 6:   1 1 1 1 2 1 1 1 1 2   1 2 1 1 1 2 3 1 2 1   2 1 1 1 2 3 1 2 1 2   1
 EXTRA SYMMETRY OF MOS IN SYMMETRY 7:   1 1 1 1 2 1 1 1 1 2   1 2 1 1 1 2 3 1 2 1   2 1 1 1 2 3 1 2 1 2   1

 Natural orbital dump (state averaged) at molpro section  2140.2    (Orbital set 2)


 CI vector
 =========

 a 20 a0 22a b0 20        0.3503513   0.4957602
 a b0 20 22a 20 a0        0.3504123   0.4957547
 2 20 20 220 a0 a0       -0.3512971   0.2531921
 2 a0 a0 220 20 20        0.3509124  -0.2516381
 a 20 b0 22a a0 20       -0.3504162  -0.0078771
 a a0 20 22a 20 b0       -0.3503475  -0.0079348
 0 20 20 222 a0 a0        0.3498655  -0.2508004
 0 a0 a0 222 20 20       -0.3494876   0.2516648
 b 20 a0 22a a0 20        0.0000356  -0.2445845
 a a0 20 22b 20 a0       -0.0000322  -0.2444740
 b a0 20 22a 20 a0       -0.0000326  -0.2433458
 a 20 a0 22b a0 20        0.0000294  -0.2432986

 TOTAL ENERGIES                      -149.66670715  -149.58567128



 **********************************************************************************************************************************
 DATASETS  * FILE   NREC   LENGTH (MB)   RECORD NAMES
              1      20      225.78       500      701      610      900      950      970     1000      129      960     1100   
                                          VAR     GEOM    BASINP   SYMINP    ZMAT    AOBASIS   BASIS     P2S    ABASIS      S 
                                         1400     1410     1200     1210     1080     1600     1650     1300     1700     1380   
                                           T        V       H0       H01     AOSYM     SMH    MOLCAS    ERIS     OPER     JKOP   

              2       8        2.41       500      610      700     1000      520     2100     2140      701   
                                          VAR    BASINP    GEOM     BASIS   MCVARS     RHF     MCSCF    GEOM   

 PROGRAMS   *        TOTAL     MULTI       INT        CI     MULTI       INT        CI     MULTI       INT        CI     MULTI
 CPU TIMES  *     13720.19      6.48     11.98   2784.65      6.50     12.38   2782.89      6.51     12.74   2673.93      6.55
 REAL TIME  *     13849.43 SEC
 DISK USED  *         3.64 GB      
 **********************************************************************************************************************************

1PROGRAM * CI (Multireference internally contracted CI)     Authors: H.-J. Werner, P.J. Knowles, 1987


 Convergence thresholds:  THRVAR = 1.00D-08  THRDEN = 1.00D-06

 Number of optimized states:  1  Roots:   1
 Number of reference states:  1  Roots:   1

 Program parameters:       NSTATE=  1    NSTATI=  2    NSTATR=  1    NCEPA = -1    NOKOP =  0    ITRDM =  0    ITRANS=  0
                           IDIP  =200    MAXIT =250    MAXITI=700    MAXDAV=  4    MAXVI =  6    NOSING=  0    NOPAIR=  0
                           MXSHRF=  8    IKCPS =  0    IOPTGM=  2    IOPTOR=  0    REFOPT=  1    IAVDEN=  0    IDELCG=  1
                           IREST =  0    NATORB=  0    IPUNRF=  0    ISEP  =  0    OLDDEN=  0    NSTPRI=  1    GPSFLI= -1
                           CLUSTE=  0    CLOSED=  1    ILSTYP=  0    ITRLS =  0    ICCSD =  0    LOCAL =  0    IBASO =  0
                           MP    =  0    ITEDIS=  2    INCDIS=  1    MAXDIS=  6    ITYDIS=  1    BRUECK=  0    IBRSTR=  3
                           INCBRK=  1    TRIPLE=  0    ICCTYP=  1    IHPPD =  0    ICCNEW=  0    I3EXT = -1    IDEB  =  0
                           IDLEIG=  1    IDFTYP=  1    IMP3  =  0    IPROCS=  0    NOINT =  0    NOREF =  1    IMP2G =  0
                           IHINT =  0    IFDIA =  0    ISPARO=  1    JKSYM =  0    CPHF  =  0    MP2D  = -1    DKINT =  0
                           NPKEX =  1    DRVK  =  1    HLSTRA=  1    WIGNER=  1    DIIS_C=  1    MAXIT_= 50    MATEL =  0
                           SPDEG =  1    MEMCPH=  0    DISM  =  1    KDCPMA=  5    IKDCP_=  0    IREDTH=  0    USECS =  0
                           IPROCC=  0    I3SAVE=  1    IKDCP =  1    USECI =  0    OLDPAI=  0    IPROCI=  0    KEEPCL=  1
                           DISCON=  0    SHIFTE=  0    DIISIN=  0    MOLCAS=  0    MEM_PT=  0    RECORD=  0    RS2C  =  0
                           KEXT  = -1    CIPT2 =  0    DECP0S=  0    I4EXT = -1    NATCOR=  0    RIMP2 =  0    DDCI  = -1

 Reference symmetry:                   4   Triplet 
 Number of electrons:                 16
 Maximum number of shells:             6
 Maximum number of spin couplings:   297

 Reference space:     9136 conf    47808 CSFs
 N elec internal:    72865 conf   382239 CSFs
 N-1 el internal:    69576 conf   622908 CSFs
 N-2 el internal:    57950 conf   876478 CSFs

 Number of electrons in valence space:                     12
 Maximum number of open shell orbitals in reference space: 10
 Maximum number of open shell orbitals in internal spaces: 12


 Number of core orbitals:           2 (   2   0   0   0   0   0   0   0 )
 Number of active  orbitals:       12 (   1   2   2   0   3   2   2   0 )
 Number of external orbitals:     240 (  43  29  29  19  43  29  29  19 )

 Molecular orbitals read from record     2140.2  Type=MCSCF/NATURAL (state averaged)

 Coulomb and exchange operators available. No transformation done.

 Number of p-space configurations:  12

 Reference wavefunction optimized for reference space (refopt=1)

 State     Reference Energy 
   1        -149.66670715
   2        -149.58567127

 Number of blocks in overlap matrix:    16   Smallest eigenvalue:  0.12D-05
 Number of N-2 electron functions:     144
 Number of N-1 electron functions:  622908

 Number of internal configurations:                47808
 Number of singly external configurations:      18686980
 Number of doubly external configurations:        524512
 Total number of contracted configurations:     19259300
 Total number of uncontracted configurations: 3169518620

 Diagonal Coupling coefficients finished.               Storage:21268533 words, CPU-Time:     25.04 seconds.
 Energy denominators for pairs finished in 1 passes.    Storage: 2233191 words, CPU-time:      0.01 seconds.

  ITER. STATE  ROOT     SQ.NORM     CORR.ENERGY   TOTAL ENERGY   ENERGY CHANGE       DEN1      VAR(S)    VAR(P)      TIME
    1     1     1     1.00000000     0.00000000  -149.66670715     0.00000000    -0.21233859  0.16D-01  0.14D-01   165.78
    2     1     1     1.03200775    -0.21749947  -149.88420662    -0.21749947    -0.00993748  0.41D-03  0.64D-03   455.33
    3     1     1     1.03768561    -0.22866735  -149.89537450    -0.01116787    -0.00088237  0.78D-04  0.58D-04   744.51
    4     1     1     1.04046990    -0.22975534  -149.89646249    -0.00108799    -0.00010615  0.96D-05  0.90D-05  1033.29
    5     1     1     1.04086913    -0.22986379  -149.89657094    -0.00010845    -0.00002485  0.31D-05  0.21D-05  1322.18
    6     1     1     1.04092240    -0.22988623  -149.89659338    -0.00002244    -0.00000498  0.78D-06  0.28D-06  1613.08
    7     1     1     1.04093117    -0.22989074  -149.89659789    -0.00000451    -0.00000151  0.34D-06  0.79D-07  1902.87
    8     1     1     1.04094538    -0.22989181  -149.89659896    -0.00000107    -0.00000041  0.93D-07  0.21D-07  2191.85
    9     1     1     1.04095771    -0.22989214  -149.89659929    -0.00000033    -0.00000012  0.26D-07  0.84D-08  2480.33
   10     1     1     1.04096235    -0.22989223  -149.89659938    -0.00000009    -0.00000003  0.71D-08  0.21D-08  2768.41


 =====================================
 Analysis of CPU times by interactions
 =====================================

       I      S      P

 I   5.6%
 S   0.8%  18.6%
 P   1.4%  67.0%   5.1%

 Initialization:   1.1%
 Other:            0.4%

 Total CPU:     2768.4 seconds
 =====================================



 Reference coefficients greater than 0.0500000
 =============================================
 /20/022/\020           0.3963738
 //02022/20\0          -0.3963736
 22020220/0/0          -0.3445732
 2/0/02202020           0.3440321
 02020222/0/0           0.3429468
 0/0/02222020          -0.3424101
 /20\022//020          -0.2428363
 /\02022/20/0           0.2428334
 /20/022\/020           0.1401996
 //02022\20/0          -0.1401996

 Coefficients of doubly external configurations greater than 0.0500000
 =====================================================================

 PAIR    I     J   ->   K     L     NP  SYM  REF     COEFFICIENTS

   1    3.1   3.1      8.1   8.1     1   1    1   -0.08833703
  18    3.5   3.5      8.1   8.1     1   1    1   -0.08832359
   1    3.1   3.1      8.1  14.1     1   1    1   -0.08566073
  18    3.5   3.5      8.1  14.1     1   1    1   -0.08565300
   1    3.1   3.1     14.1  14.1     1   1    1   -0.08518067
  18    3.5   3.5     14.1  14.1     1   1    1   -0.08517498
   1    3.1   3.1      8.5   8.5     1   1    1    0.07961832
  18    3.5   3.5      8.5   8.5     1   1    1    0.07948619
   1    3.1   3.1      8.5  14.5     1   1    1    0.07441244
  18    3.5   3.5      8.5  14.5     1   1    1    0.07438528
   1    3.1   3.1     14.5  14.5     1   1    1    0.07294521
  18    3.5   3.5     14.5  14.5     1   1    1    0.07294472



 RESULTS FOR STATE 1.4
 =====================

 Coefficient of reference function:   C(0) = 0.97982393 (fixed)   0.98012731 (relaxed)

 Energy contributions of configuration classes

 CLASS          SQ.NORM        ECORR1        ECORR2
 +++++++++++++++++++++++++++++++++++++++++++++++++++
 Internals    0.00061935   -0.00000000   -0.00013678
 Singles      0.02246556   -0.08760976   -0.08906790
 Pairs        0.01852216   -0.14228239   -0.14068756
 Total        1.04160707   -0.22989215   -0.22989223
 +++++++++++++++++++++++++++++++++++++++++++++++++++


 Reference energy                    -149.66670715
 Nuclear energy                         7.12996663
 Kinetic energy                       149.95309737
 One electron energy                 -220.55269284
 Two electron energy                   63.52612682
 Virial quotient                       -0.99962323
 Correlation energy                    -0.22989223
 !MRCI STATE 1.4 Energy              -149.896599381345

 Properties without orbital relaxation:

 !MRCI STATE 1.4 Dipole moment          0.00000000     0.00000000     0.00000000
 Dipole moment /Debye                   0.00000000     0.00000000     0.00000000

 Cluster corrected energies          -149.90616452 (Davidson, fixed reference)
 Cluster corrected energies          -149.90601631 (Davidson, relaxed reference)

 Cluster corrected energies          -149.90444513 (Pople, fixed reference)
 Cluster corrected energies          -149.90432056 (Pople, relaxed reference)

 

 !MRCI expec         <1.4|QMXX|1.4>    -0.488872652223
 !MRCI expec         <1.4|QMYY|1.4>    -0.479084970936
 !MRCI expec         <1.4|QMZZ|1.4>     0.967957623159
 !MRCI expec         <1.4|QMRR|1.4>   -22.647166353029


 **********************************************************************************************************************************
 DATASETS  * FILE   NREC   LENGTH (MB)   RECORD NAMES
              1      20      225.78       500      701      610      900      950      970     1000      129      960     1100   
                                          VAR     GEOM    BASINP   SYMINP    ZMAT    AOBASIS   BASIS     P2S    ABASIS      S 
                                         1400     1410     1200     1210     1080     1600     1650     1300     1700     1380   
                                           T        V       H0       H01     AOSYM     SMH    MOLCAS    ERIS     OPER     JKOP   

              2       8        2.41       500      610      700     1000      520     2100     2140      701   
                                          VAR    BASINP    GEOM     BASIS   MCVARS     RHF     MCSCF    GEOM   

 PROGRAMS   *        TOTAL        CI     MULTI       INT        CI     MULTI       INT        CI     MULTI       INT        CI
 CPU TIMES  *     16505.63   2785.44      6.48     11.98   2784.65      6.50     12.38   2782.89      6.51     12.74   2673.93
 REAL TIME  *     16653.12 SEC
 DISK USED  *         3.64 GB      
 **********************************************************************************************************************************
 SETTING E1(6)          =      -149.89659938  AU                              

 DO I                   =         7.00000000   


 Using spherical harmonics

 Library entry O      S aug-cc-pV5Z          selected for orbital group  1
 Library entry O      P aug-cc-pV5Z          selected for orbital group  1
 Library entry O      D aug-cc-pV5Z          selected for orbital group  1
 Library entry O      F aug-cc-pV5Z          selected for orbital group  1
 Library entry O      G aug-cc-pV5Z          selected for orbital group  1
 Library entry O      H aug-cc-pV5Z          selected for orbital group  1

1PROGRAM * SEWARD (Integral evaluation for generally contracted gaussian basis sets)     Author: Roland Lindh, 1990

 Geometry written to block  1 of record 701

 Orientation using atomic masses  
 Molecule type: Linear
 Symmetry elements: X,Y,Z
 Rotational constants:       2.5269897      2.5269897      0.0000000 GHz  (calculated with average atomic masses)

 Point group  D2h 



 ATOMIC COORDINATES

 NR  ATOM    CHARGE       X              Y              Z

   1  O       8.00    0.000000000    0.000000000   -4.724315311
   2  O       8.00    0.000000000    0.000000000    4.724315311

 NUCLEAR CHARGE:                   16
 NUMBER OF PRIMITIVE AOS:         398
 NUMBER OF SYMMETRY AOS:          288
 NUMBER OF CONTRACTIONS:          254   (  46Ag  +  31B3u +  31B2u +  19B1g +  46B1u +  31B2g +  31B3g +  19Au  )
 NUMBER OF CORE ORBITALS:           2   (   1Ag  +   0B3u +   0B2u +   0B1g +   1B1u +   0B2g +   0B3g +   0Au  )
 NUMBER OF VALENCE ORBITALS:        8   (   2Ag  +   1B3u +   1B2u +   0B1g +   2B1u +   1B2g +   1B3g +   0Au  )


 NUCLEAR REPULSION ENERGY    6.77346830

 EXTRA SYMMETRY OF AOS IN SYMMETRY 1:   1 1 1 1 1 1 1 1 1 1   1 1 1 1 2 1 2 1 2 1   2 1 2 1 2 1 2 1 2 1   2 1 3 2 1 3 2 1 3 2
                                        2 3 1 2 3 1
 EXTRA SYMMETRY OF AOS IN SYMMETRY 2:   1 1 1 1 1 1 1 1 1 1   1 1 2 1 2 1 2 1 2 1   2 1 2 1 2 1 2 3 1 2   3
 EXTRA SYMMETRY OF AOS IN SYMMETRY 3:   1 1 1 1 1 1 1 1 1 1   1 1 2 1 2 1 2 1 2 1   2 1 2 1 2 1 2 3 1 2   3
 EXTRA SYMMETRY OF AOS IN SYMMETRY 4:   1 1 1 1 1 1 1 1 1 1   2 1 2 1 2 2 1 2 1
 EXTRA SYMMETRY OF AOS IN SYMMETRY 5:   1 1 1 1 1 1 1 1 1 1   1 1 1 1 2 1 2 1 2 1   2 1 2 1 2 1 2 1 2 1   2 1 3 2 1 3 2 1 3 2
                                        2 3 1 2 3 1
 EXTRA SYMMETRY OF AOS IN SYMMETRY 6:   1 1 1 1 1 1 1 1 1 1   1 1 2 1 2 1 2 1 2 1   2 1 2 1 2 1 2 3 1 2   3
 EXTRA SYMMETRY OF AOS IN SYMMETRY 7:   1 1 1 1 1 1 1 1 1 1   1 1 2 1 2 1 2 1 2 1   2 1 2 1 2 1 2 3 1 2   3
 EXTRA SYMMETRY OF AOS IN SYMMETRY 8:   1 1 1 1 1 1 1 1 1 1   2 1 2 1 2 2 1 2 1

 Eigenvalues of metric

         1 0.238E-03 0.539E-02 0.869E-02 0.332E-01 0.547E-01 0.673E-01 0.689E-01 0.144E+00
         2 0.540E-02 0.355E-01 0.680E-01 0.144E+00 0.144E+00 0.163E+00 0.246E+00 0.257E+00
         3 0.540E-02 0.355E-01 0.680E-01 0.144E+00 0.144E+00 0.163E+00 0.246E+00 0.257E+00
         4 0.673E-01 0.144E+00 0.242E+00 0.257E+00 0.257E+00 0.410E+00 0.410E+00 0.480E+00
         5 0.237E-03 0.539E-02 0.759E-02 0.319E-01 0.448E-01 0.637E-01 0.670E-01 0.121E+00
         6 0.539E-02 0.341E-01 0.659E-01 0.142E+00 0.144E+00 0.148E+00 0.236E+00 0.257E+00
         7 0.539E-02 0.341E-01 0.659E-01 0.142E+00 0.144E+00 0.148E+00 0.236E+00 0.257E+00
         8 0.670E-01 0.144E+00 0.241E+00 0.257E+00 0.257E+00 0.410E+00 0.410E+00 0.479E+00


 Contracted 2-electron integrals neglected if value below      1.0D-11
 AO integral compression algorithm  1   Integral accuracy      1.0D-11

     313.524 MB (compressed) written to integral file ( 34.3%)


 NUMBER OF SORTED TWO-ELECTRON INTEGRALS:   66838400.     BUFFER LENGTH:  32768
 NUMBER OF SEGMENTS:   5  SEGMENT LENGTH:   15999177      RECORD LENGTH: 524288

 Memory used in sort:      16.56 MW

 SORT1 READ   114264352. AND WROTE    46505294. INTEGRALS IN    135 RECORDS. CPU TIME:     2.74 SEC, REAL TIME:     3.08 SEC
 SORT2 READ    46505294. AND WROTE    66838400. INTEGRALS IN   1196 RECORDS. CPU TIME:     1.05 SEC, REAL TIME:     1.24 SEC

 FILE SIZES:   FILE 1:   334.1 MBYTE,  FILE 4:   566.3 MBYTE,   TOTAL:    900.4 MBYTE

 OPERATOR DM      FOR CENTER  0  COORDINATES:    0.000000    0.000000    0.000000
 OPERATOR QM      FOR CENTER  0  COORDINATES:    0.000000    0.000000    0.000000


 **********************************************************************************************************************************
 DATASETS  * FILE   NREC   LENGTH (MB)   RECORD NAMES
              1      19      213.06       500      701      610      900      950      970     1000      129      960     1100   
                                          VAR     GEOM    BASINP   SYMINP    ZMAT    AOBASIS   BASIS     P2S    ABASIS      S 
                                         1400     1410     1200     1210     1080     1600     1650     1300     1700   
                                           T        V       H0       H01     AOSYM     SMH    MOLCAS    ERIS     OPER   

              2       8        2.41       500      610      700     1000      520     2100     2140      701   
                                          VAR    BASINP    GEOM     BASIS   MCVARS     RHF     MCSCF    GEOM   

 PROGRAMS   *        TOTAL       INT        CI     MULTI       INT        CI     MULTI       INT        CI     MULTI       INT
 CPU TIMES  *     16517.08     11.45   2785.44      6.48     11.98   2784.65      6.50     12.38   2782.89      6.51     12.74
 REAL TIME  *     16670.03 SEC
 DISK USED  *         3.64 GB      
 **********************************************************************************************************************************

1PROGRAM * MULTI (Direct Multiconfiguration SCF)       Authors: P.J. Knowles, H.-J. Werner (1984)     S.T. Elbert (1988)


 Number of closed-shell orbitals:   2 (   2   0   0   0   0   0   0   0 )
 Number of active  orbitals:       12 (   1   2   2   0   3   2   2   0 )
 Number of external orbitals:     240 (  43  29  29  19  43  29  29  19 )

 State symmetry 1

 Number of electrons:    12    Spin symmetry=Triplet   Space symmetry=4
 Number of states:        2
 Number of CSFs:      47808   (78400 determinants, 627264 intermediate states)

 Iteration controls:
             1  2  3  4  5  6  7  8  9 10 11 12 13 14 15 16 17 18 19 20 21 22 23 24 25 26 27 28 29 30 31 32 33 34 35 36 37 38 39
 DIAGCI      T  T  T  T  T  T  T  T  T  T  T  T  T  T  T  T  T  T  T  T  T  T  T  T  T  T  T  T  T  T  T  T  T  T  T  T  T  T  T
 WERNER      T  T  T  T  T  T  T  T  T  T  T  T  T  T  T  T  T  T  T  T  T  T  T  T  T  T  T  T  T  T  T  T  T  T  T  T  T  T  T
 INTERNAL    F  T  T  T  T  T  T  T  T  T  T  T  T  T  T  T  T  T  T  T  T  T  T  T  T  T  T  T  T  T  T  T  T  T  T  T  T  T  T

 Molecular orbitals read from record     2140.2  Type=MCSCF/NATURAL (state averaged)

 EXTRA SYMMETRY OF MOS IN SYMMETRY 1:   1 1 1 1 1 1 2 1 1 1   2 1 2 1 1 2 3 1 2 1   1 2 1 1 2 3 1 2 3 1   2 1 2 1 1 1 2 3 1 2
                                        3 1 2 1 2 1
 EXTRA SYMMETRY OF MOS IN SYMMETRY 2:   1 1 1 1 1 2 1 1 1 2   1 2 1 1 1 2 3 1 2 1   2 1 1 1 2 3 1 2 1 2   1
 EXTRA SYMMETRY OF MOS IN SYMMETRY 3:   1 1 1 1 1 2 1 1 1 2   1 2 1 1 1 2 3 1 2 1   2 1 1 1 2 3 1 2 1 2   1
 EXTRA SYMMETRY OF MOS IN SYMMETRY 4:   1 1 1 1 2 1 1 1 2 1   2 1 1 1 2 1 2 1 1
 EXTRA SYMMETRY OF MOS IN SYMMETRY 5:   1 1 1 1 1 2 1 1 1 2   1 2 1 1 1 2 3 2 1 1   2 1 1 1 2 3 1 2 3 2   1 2 1 1 1 1 2 3 1 2
                                        3 2 1 2 1 1
 EXTRA SYMMETRY OF MOS IN SYMMETRY 6:   1 1 1 1 2 1 1 1 1 2   1 2 1 1 1 2 3 1 2 1   2 1 1 1 2 3 1 2 1 2   1
 EXTRA SYMMETRY OF MOS IN SYMMETRY 7:   1 1 1 1 2 1 1 1 1 2   1 2 1 1 1 2 3 1 2 1   2 1 1 1 2 3 1 2 1 2   1
 EXTRA SYMMETRY OF MOS IN SYMMETRY 8:   1 1 1 1 2 1 1 1 2 1   2 1 1 1 2 1 2 1 1

 Wavefunction dump at record             2140.2

 Convergence thresholds  0.10E-01 (gradient)  0.10E-05 (energy)  0.10E-02 (step length)

 Weight factors for state symmetry  1:    0.50000   0.50000

 Number of orbital rotations:      492   (     2 Core/Active     86 Core/Virtual   0 Active/Active    404 Active/Virtual)
 Total number of variables:     157292


 ITER. MIC  NCI  NEG     ENERGY(VAR)     ENERGY(PROJ)   ENERGY CHANGE     GRAD(0)  GRAD(ORB)   GRAD(CI)     STEP       TIME

   1   20   32    0    -149.62618945    -149.62618959   -0.00000014    0.00059767 0.00000017 0.00000160  0.39D-03      3.43

 ** WVFN ****  CONVERGENCE REACHED, FINAL GRADIENT:  0.23D-06



 Results for state 1.4
 =====================

 !MCSCF STATE 1.4 Energy             -149.666706324635
 Nuclear energy                         6.77346830
 Kinetic energy                       149.66283864
 One electron energy                 -219.91391636
 Two electron energy                   63.47374174
 Virial ratio                           2.00002584

 !MCSCF STATE 1.4 Dipole moment         0.00000000     0.00000000     0.00000000
 Dipole moment /Debye                   0.00000000     0.00000000     0.00000000

 Results for state 2.4
 =====================

 !MCSCF STATE 2.4 Energy             -149.585672858705
 Nuclear energy                         6.77346830
 Kinetic energy                       149.58874462
 One electron energy                 -219.85570406
 Two electron energy                   63.49656290
 Virial ratio                           1.99997947

 !MCSCF STATE 2.4 Dipole moment         0.00000000     0.00000000     0.00000000
 Dipole moment /Debye                   0.00000000     0.00000000     0.00000000

 State-averaged charge density matrix saved on record  2140.2 (density set 1)

 !MCSCF expec        <1.4|QMXX|1.4>    -0.519852242938
 !MCSCF trans        <2.4|QMXX|1.4>     0.000041752630
 !MCSCF expec        <2.4|QMXX|2.4>    -0.563582161174

 !MCSCF expec        <1.4|QMYY|1.4>    -0.475692652544
 !MCSCF trans        <2.4|QMYY|1.4>     0.000041867978
 !MCSCF expec        <2.4|QMYY|2.4>    -0.444526001398

 !MCSCF expec        <1.4|QMZZ|1.4>     0.995544895482
 !MCSCF trans        <2.4|QMZZ|1.4>    -0.000083620609
 !MCSCF expec        <2.4|QMZZ|2.4>     1.008108162571

 !MCSCF expec        <1.4|QMRR|1.4>   -22.727983191059
 !MCSCF trans        <2.4|QMRR|1.4>    -0.000078740505
 !MCSCF expec        <2.4|QMRR|2.4>   -22.790834015490


 EXTRA SYMMETRY OF MOS IN SYMMETRY 5:   1 1 1 1 1 2 1 1 1 2   1 2 1 1 1 2 3 2 1 1   2 1 1 1 2 3 1 2 3 2   1 2 1 1 1 1 2 3 1 2
                                        3 1 2 2 1 1

 Natural orbital dump (state averaged) at molpro section  2140.2    (Orbital set 2)


 CI vector
 =========

 a 20 a0 22a b0 20        0.3503659   0.4957845
 a b0 20 22a 20 a0        0.3504037   0.4957822
 2 20 20 220 a0 a0       -0.3509510   0.2517909
 2 a0 a0 220 20 20        0.3507167  -0.2506589
 a 20 b0 22a a0 20       -0.3504064  -0.0059213
 a a0 20 22a 20 b0       -0.3503631  -0.0059571
 0 20 20 222 a0 a0        0.3500589  -0.2501342
 0 a0 a0 222 20 20       -0.3498275   0.2508480
 b 20 a0 22a a0 20        0.0000219  -0.2454172
 a a0 20 22b 20 a0       -0.0000205  -0.2453482
 b a0 20 22a 20 a0       -0.0000201  -0.2444769
 a 20 a0 22b a0 20        0.0000187  -0.2444460

 TOTAL ENERGIES                      -149.66670632  -149.58567286



 **********************************************************************************************************************************
 DATASETS  * FILE   NREC   LENGTH (MB)   RECORD NAMES
              1      20      223.64       500      701      610      900      950      970     1000      129      960     1100   
                                          VAR     GEOM    BASINP   SYMINP    ZMAT    AOBASIS   BASIS     P2S    ABASIS      S 
                                         1400     1410     1200     1210     1080     1600     1650     1300     1700     1380   
                                           T        V       H0       H01     AOSYM     SMH    MOLCAS    ERIS     OPER     JKOP   

              2       8        2.41       500      610      700     1000      520     2100     2140      701   
                                          VAR    BASINP    GEOM     BASIS   MCVARS     RHF     MCSCF    GEOM   

 PROGRAMS   *        TOTAL     MULTI       INT        CI     MULTI       INT        CI     MULTI       INT        CI     MULTI
 CPU TIMES  *     16523.51      6.42     11.45   2785.44      6.48     11.98   2784.65      6.50     12.38   2782.89      6.51
 REAL TIME  *     16677.28 SEC
 DISK USED  *         3.64 GB      
 **********************************************************************************************************************************

1PROGRAM * CI (Multireference internally contracted CI)     Authors: H.-J. Werner, P.J. Knowles, 1987


 Convergence thresholds:  THRVAR = 1.00D-08  THRDEN = 1.00D-06

 Number of optimized states:  1  Roots:   1
 Number of reference states:  1  Roots:   1

 Program parameters:       NSTATE=  1    NSTATI=  2    NSTATR=  1    NCEPA = -1    NOKOP =  0    ITRDM =  0    ITRANS=  0
                           IDIP  =200    MAXIT =250    MAXITI=700    MAXDAV=  4    MAXVI =  6    NOSING=  0    NOPAIR=  0
                           MXSHRF=  8    IKCPS =  0    IOPTGM=  2    IOPTOR=  0    REFOPT=  1    IAVDEN=  0    IDELCG=  1
                           IREST =  0    NATORB=  0    IPUNRF=  0    ISEP  =  0    OLDDEN=  0    NSTPRI=  1    GPSFLI= -1
                           CLUSTE=  0    CLOSED=  1    ILSTYP=  0    ITRLS =  0    ICCSD =  0    LOCAL =  0    IBASO =  0
                           MP    =  0    ITEDIS=  2    INCDIS=  1    MAXDIS=  6    ITYDIS=  1    BRUECK=  0    IBRSTR=  3
                           INCBRK=  1    TRIPLE=  0    ICCTYP=  1    IHPPD =  0    ICCNEW=  0    I3EXT = -1    IDEB  =  0
                           IDLEIG=  1    IDFTYP=  1    IMP3  =  0    IPROCS=  0    NOINT =  0    NOREF =  1    IMP2G =  0
                           IHINT =  0    IFDIA =  0    ISPARO=  1    JKSYM =  0    CPHF  =  0    MP2D  = -1    DKINT =  0
                           NPKEX =  1    DRVK  =  1    HLSTRA=  1    WIGNER=  1    DIIS_C=  1    MAXIT_= 50    MATEL =  0
                           SPDEG =  1    MEMCPH=  0    DISM  =  1    KDCPMA=  5    IKDCP_=  0    IREDTH=  0    USECS =  0
                           IPROCC=  0    I3SAVE=  1    IKDCP =  1    USECI =  0    OLDPAI=  0    IPROCI=  0    KEEPCL=  1
                           DISCON=  0    SHIFTE=  0    DIISIN=  0    MOLCAS=  0    MEM_PT=  0    RECORD=  0    RS2C  =  0
                           KEXT  = -1    CIPT2 =  0    DECP0S=  0    I4EXT = -1    NATCOR=  0    RIMP2 =  0    DDCI  = -1

 Reference symmetry:                   4   Triplet 
 Number of electrons:                 16
 Maximum number of shells:             6
 Maximum number of spin couplings:   297

 Reference space:     9136 conf    47808 CSFs
 N elec internal:    72865 conf   382239 CSFs
 N-1 el internal:    69576 conf   622908 CSFs
 N-2 el internal:    57950 conf   876478 CSFs

 Number of electrons in valence space:                     12
 Maximum number of open shell orbitals in reference space: 10
 Maximum number of open shell orbitals in internal spaces: 12


 Number of core orbitals:           2 (   2   0   0   0   0   0   0   0 )
 Number of active  orbitals:       12 (   1   2   2   0   3   2   2   0 )
 Number of external orbitals:     240 (  43  29  29  19  43  29  29  19 )

 Molecular orbitals read from record     2140.2  Type=MCSCF/NATURAL (state averaged)

 Coulomb and exchange operators available. No transformation done.

 Number of p-space configurations:  12

 Reference wavefunction optimized for reference space (refopt=1)

 State     Reference Energy 
   1        -149.66670632
   2        -149.58567285

 Number of blocks in overlap matrix:    16   Smallest eigenvalue:  0.70D-06
 Number of N-2 electron functions:     144
 Number of N-1 electron functions:  622908

 Number of internal configurations:                47808
 Number of singly external configurations:      18686980
 Number of doubly external configurations:        524512
 Total number of contracted configurations:     19259300
 Total number of uncontracted configurations: 3169518620

 Diagonal Coupling coefficients finished.               Storage:21268533 words, CPU-Time:     25.09 seconds.
 Energy denominators for pairs finished in 1 passes.    Storage: 2233191 words, CPU-time:      0.01 seconds.

  ITER. STATE  ROOT     SQ.NORM     CORR.ENERGY   TOTAL ENERGY   ENERGY CHANGE       DEN1      VAR(S)    VAR(P)      TIME
    1     1     1     1.00000000     0.00000000  -149.66670632     0.00000000    -0.21210990  0.16D-01  0.14D-01   165.80
    2     1     1     1.03195406    -0.21741865  -149.88412497    -0.21741865    -0.00994425  0.41D-03  0.64D-03   455.27
    3     1     1     1.03765200    -0.22860056  -149.89530688    -0.01118191    -0.00088542  0.78D-04  0.58D-04   744.58
    4     1     1     1.04043742    -0.22969248  -149.89639881    -0.00109192    -0.00010695  0.98D-05  0.90D-05  1033.45
    5     1     1     1.04083744    -0.22980152  -149.89650784    -0.00010904    -0.00002519  0.31D-05  0.21D-05  1322.33
    6     1     1     1.04089154    -0.22982422  -149.89653055    -0.00002270    -0.00000507  0.80D-06  0.28D-06  1613.34
    7     1     1     1.04090052    -0.22982879  -149.89653512    -0.00000457    -0.00000154  0.34D-06  0.81D-07  1903.88
    8     1     1     1.04091489    -0.22982989  -149.89653621    -0.00000110    -0.00000042  0.95D-07  0.21D-07  2192.84
    9     1     1     1.04092732    -0.22983022  -149.89653655    -0.00000033    -0.00000013  0.27D-07  0.86D-08  2481.36
   10     1     1     1.04093205    -0.22983032  -149.89653665    -0.00000010    -0.00000004  0.74D-08  0.21D-08  2769.51


 =====================================
 Analysis of CPU times by interactions
 =====================================

       I      S      P

 I   5.6%
 S   0.8%  18.6%
 P   1.4%  67.0%   5.1%

 Initialization:   1.1%
 Other:            0.4%

 Total CPU:     2769.5 seconds
 =====================================



 Reference coefficients greater than 0.0500000
 =============================================
 /20/022/\020           0.3964018
 //02022/20\0          -0.3964012
 22020220/0/0          -0.3442034
 2/0/02202020           0.3438422
 02020222/0/0           0.3431468
 0/0/02222020          -0.3427841
 /20\022//020          -0.2428167
 /\02022/20/0           0.2428153
 //02022\20/0          -0.1401915
 /20/022\/020           0.1401914

 Coefficients of doubly external configurations greater than 0.0500000
 =====================================================================

 PAIR    I     J   ->   K     L     NP  SYM  REF     COEFFICIENTS

   1    3.1   3.1      8.5   8.5     1   1    1    0.12248920
  18    3.5   3.5      8.5   8.5     1   1    1    0.12247478
   1    3.1   3.1      8.1   8.1     1   1    1   -0.11548388
  18    3.5   3.5      8.1   8.1     1   1    1   -0.11547361
   1    3.1   3.1      8.1  14.1     1   1    1   -0.10481516
  18    3.5   3.5      8.1  14.1     1   1    1   -0.10480937
   1    3.1   3.1      8.5  14.5     1   1    1    0.10356192
  18    3.5   3.5      8.5  14.5     1   1    1    0.10355709
   1    3.1   3.1     14.1  14.1     1   1    1   -0.09666769
  18    3.5   3.5     14.1  14.1     1   1    1   -0.09666468
  18    3.5   3.5     14.5  14.5     1   1    1    0.08838684
   1    3.1   3.1     14.5  14.5     1   1    1    0.08838643
  18    3.5   3.5      4.1   8.1     1   1    1    0.05340456
   1    3.1   3.1      4.1   8.1     1   1    1    0.05340417



 RESULTS FOR STATE 1.4
 =====================

 Coefficient of reference function:   C(0) = 0.97983825 (fixed)   0.98014157 (relaxed)

 Energy contributions of configuration classes

 CLASS          SQ.NORM        ECORR1        ECORR2
 +++++++++++++++++++++++++++++++++++++++++++++++++++
 Internals    0.00061923   -0.00000000   -0.00013671
 Singles      0.02244184   -0.08756845   -0.08902431
 Pairs        0.01851555   -0.14226179   -0.14066930
 Total        1.04157663   -0.22983024   -0.22983032
 +++++++++++++++++++++++++++++++++++++++++++++++++++


 Reference energy                    -149.66670632
 Nuclear energy                         6.77346830
 Kinetic energy                       149.95303550
 One electron energy                 -219.84126533
 Two electron energy                   63.17126039
 Virial quotient                       -0.99962322
 Correlation energy                    -0.22983032
 !MRCI STATE 1.4 Energy              -149.896536646347

 Properties without orbital relaxation:

 !MRCI STATE 1.4 Dipole moment          0.00000000     0.00000000     0.00000000
 Dipole moment /Debye                   0.00000000     0.00000000     0.00000000

 Cluster corrected energies          -149.90609222 (Davidson, fixed reference)
 Cluster corrected energies          -149.90594407 (Davidson, relaxed reference)

 Cluster corrected energies          -149.90437440 (Pople, fixed reference)
 Cluster corrected energies          -149.90424990 (Pople, relaxed reference)

 

 !MRCI expec         <1.4|QMXX|1.4>    -0.487549704508
 !MRCI expec         <1.4|QMYY|1.4>    -0.477760397861
 !MRCI expec         <1.4|QMZZ|1.4>     0.965310102370
 !MRCI expec         <1.4|QMRR|1.4>   -22.649937511409


 **********************************************************************************************************************************
 DATASETS  * FILE   NREC   LENGTH (MB)   RECORD NAMES
              1      20      223.64       500      701      610      900      950      970     1000      129      960     1100   
                                          VAR     GEOM    BASINP   SYMINP    ZMAT    AOBASIS   BASIS     P2S    ABASIS      S 
                                         1400     1410     1200     1210     1080     1600     1650     1300     1700     1380   
                                           T        V       H0       H01     AOSYM     SMH    MOLCAS    ERIS     OPER     JKOP   

              2       8        2.41       500      610      700     1000      520     2100     2140      701   
                                          VAR    BASINP    GEOM     BASIS   MCVARS     RHF     MCSCF    GEOM   

 PROGRAMS   *        TOTAL        CI     MULTI       INT        CI     MULTI       INT        CI     MULTI       INT        CI
 CPU TIMES  *     19310.04   2786.53      6.42     11.45   2785.44      6.48     11.98   2784.65      6.50     12.38   2782.89
 REAL TIME  *     19481.85 SEC
 DISK USED  *         3.64 GB      
 **********************************************************************************************************************************
 SETTING E1(7)          =      -149.89653665  AU                              
                                                                                                                                                                                                                                                                

      R         E1
    4.00   -149.8968908
    4.25   -149.8967687
    4.40   -149.8967097
    4.50   -149.8966748
    4.60   -149.8966428
    4.75   -149.8965994
    5.00   -149.8965366
                                                  

 CI/aug-cc-pV5Z energy=   -149.896536646347

        CI              MULTI           CI              MULTI           CI              MULTI           CI              MULTI   
   -149.89653665   -149.58567286   -149.89659938   -149.58567128   -149.89664280   -149.58566996   -149.89667481   -149.58566887
 **********************************************************************************************************************************
 Variable memory released
