
 Primary working directories    : /home/molpro/scratch
 Secondary working directories  : /home/molpro/scratch
 Wavefunction directory         : /home/molpro/wfu/
 Main file repository           : /home/molpro/scratch/

 SHA1      : 8d3a41adb92b80e39ab26644dc94a939cd644703
 NAME      : 2015.1.16
 ARCHNAME  : linux/x86_64
 FC        : /opt/intel/composer_xe_2015.1.133/bin/intel64/ifort
 BLASLIB   : -Wl,-_start-group /opt/intel/mkl/lib/intel64/libmkl_intel_ilp64.a /opt/intel/mkl/lib/intel64/libmkl_intel_thread.a /opt/intel/mkl/lib/intel64/libmkl_core.a -Wl,-_end-group
 id        : gskim

 Nodes     nprocs
 node0        1

 Using customized tuning parameters: mindgm=1; mindgv=20; mindgc=4; mindgr=1; noblas=0; minvec=7
 default implementation of scratch files=df  

 ***,The CASSCF for o2 d2h symmetry   3sigma-g-minus  excited states
 file,2,o2qm-2states-3sigm-138b.wfu
 memory,2500,M
 gexpec,qm
 geometry={angstrom;
 O
 O,O,r(i)}
 basis=av5z
 r=[3.85,3.9,3.95,4.0,4.1,4.2,4.25,4.3,4.4,4.5,4.6,4.75,4.9,5.0]
 
 do i=1,#r
 int;
 
 Text,CASSCF, state averaged orbitals for o2-3sig- state
 
 {multi;occ,3,2,2,0,3,2,2,0;closed,2,0,0,0,0,0,0,0;start,2130.2;orbital,2140.2;natorb,,ci;wf,16,4,2;state,3;maxiter,40;}
 {ci;occ,3,2,2,0,3,2,2,0;core,2,0,0,0,0,0,0;wf,16,4,2;state,2;maxiter,250;option,maxiti=250;option,nstati=3;orbital,ignore_error=1;}
 
 
 e1(i)=energy(1)
 e2(i)=energy(2)
 
 
 enddo
 
 table,r,e1,e2
 
 

 Variables initialized (889), CPU time= 0.00 sec
 Commands  initialized (702), CPU time= 0.01 sec, 572 directives.
 Default parameters read. Elapsed time= 0.04 sec

 Checking input...
 Passed
1


                                         ***  PROGRAM SYSTEM MOLPRO  ***
                                       Copyright, TTI GmbH Stuttgart, 2015
                                    Version 2015.1 linked Feb  1 2017 15:13:54


 **********************************************************************************************************************************
 LABEL *   The CASSCF for o2 d2h symmetry   3sigma-g-minus  excited states               
  64 bit serial version                                                                  DATE: 12-Jun-21          TIME: 18:53:48  
 **********************************************************************************************************************************

 SHA1:             8d3a41adb92b80e39ab26644dc94a939cd644703
 **********************************************************************************************************************************

 Variable memory set to    8000000 words,  buffer space   230000 words



 Permanent file  2  o2qm-2states-3sigm-138b.wfu      assigned.  Implementation=df    Size=  6.86 MB
 

 PROGRAM * RESTART 


 Reading variables from file 2

 _NUMVAR         =    911.00000000
 _DKROLL_DONE    =      0.00000000
 _FOCKDONE       =      0.00000000
 _INTDONE        =      1.00000000
 _DIRECT         =      0.00000000
 _DKHO           =     -1.00000000
 _BASIS          =    AV5Z
 _NELEC          =     16.00000000
 _PROGRAM        =    CI
 _CPUSTEP        =   6616.03000000
 _SYSSTEP        =     55.61000000
 _WALLSTEP       =   6671.79000000
 _BASINP         =    610.00000000
 _CPUTOT         =      0.54995179D+06 SEC
 _DFTEXFAC       =      1.00000000
 _DMX(2)         =      0.00000000
 _DMY(2)         =      0.00000000
 _DMZ(2)         =      0.00000000
 _DMX_SCF        =      0.00000000
 _DMY_SCF        =      0.00000000
 _DMZ_SCF        =      0.00000000
 _EHOMO          =     -0.58609203
 _ELUMO          =      0.06631188
 _EIGS(1:254)    =    -20.75700455    -1.52379425    -0.68614006     0.10237599     0.14742644     0.36477653
                        0.42061387     0.54072180     0.80562940     1.03363664     1.18843822     1.20283543
                        1.42589983     2.18297128     2.46034603     2.66607487     2.77287390     2.99216116
                        3.03415133     3.19083288     3.30214708     4.05650903     5.81670049     6.10359915
                        6.34071602     6.62727823     6.94442183     7.23296264     7.39482259     7.66645985
                        7.89927095     8.33012087     9.05384055    12.80835419    16.01894141    16.05324052
                       16.33300857    16.74393466    18.93264701    18.94103717    19.25310768    19.39481867
                       19.64146915    21.90178549    23.74197733    63.05815843    -0.64712329     0.10356609
                        0.45444950     0.50195790     0.90553410     1.14465482     1.35692844     1.58214890
                        2.52344828     2.77449918     2.80338595     2.90520701     4.07633629     5.05346063
                        6.03377300     6.03408609     6.50282574     7.02791042     7.03077541     7.28884244
                        8.46942800     9.80641659    15.61297793    16.09987219    16.11819007    16.24110618
                       18.88735927    19.04731478    19.22247565    20.21933151    22.18844050    -0.64712329
                        0.10356609     0.45444950     0.50195790     0.90553410     1.14465482     1.35692844
                        1.58214890     2.52344828     2.77449918     2.80338595     2.90520701     4.07633629
                        5.05346063     6.03377300     6.03408609     6.50282574     7.02791042     7.03077541
                        7.28884244     8.46942800     9.80641659    15.61297793    16.09987219    16.11819007
                       16.24110618    18.88735927    19.04731478    19.22247565    20.21933151    22.18844050
                        0.36477653     1.03363664     1.18843822     2.46034603     2.66607487     3.03415133
                        3.30214708     5.81670049     6.34071602     6.94442183     7.23296264     7.89927095
                        8.33012087    16.05324052    16.33300857    18.93264701    18.94103717    19.25310768
                       21.90178549   -20.75644684    -1.15398224     0.06631188     0.19282310     0.28738309
                        0.48697600     0.50970156     0.58614915     1.15342275     1.16518049     1.29619583
                        1.54080880     1.54486856     2.44238812     2.77485740     2.88365723     2.92496354
                        3.31325695     3.53503305     3.94392797     4.19902744     5.05483421     6.42780093
                        6.76905884     7.01852534     7.09192448     7.10106903     7.99693384     8.05281088
                        8.48509925     8.61256593     9.77347716    11.37040616    12.21515966    16.36574724
                       17.00856099    17.23471692    17.90643564    19.02223527    19.39506043    19.48860167
                       19.76659821    21.82954199    22.20706820    25.23295728    63.18896192    -0.58609203
                        0.14015542     0.48132043     0.59621437     1.11358535     1.23109048     1.50218328
                        2.27899980     2.91027854     2.99403435     3.29269148     3.34408648     5.00296838
                        5.06461317     6.26135000     7.18539761     7.20432595     7.42767947     7.51053503
                        7.92205934     8.83583162    11.19512473    16.06733579    16.19102412    16.68731963
                       17.45186130    19.12670991    19.20809054    19.21834076    20.88608872    24.04652882
                       -0.58609203     0.14015542     0.48132043     0.59621437     1.11358535     1.23109048
                        1.50218328     2.27899980     2.91027854     2.99403435     3.29269148     3.34408648
                        5.00296838     5.06461317     6.26135000     7.18539761     7.20432595     7.42767947
                        7.51053503     7.92205934     8.83583162    11.19512473    16.06733579    16.19102412
                       16.68731963    17.45186130    19.12670991    19.20809054    19.21834076    20.88608872
                       24.04652882     0.48697600     1.15342275     1.54486856     2.77485740     2.88365723
                        3.31325695     4.19902744     6.76905884     7.01852534     7.10106903     7.99693384
                        8.05281088     9.77347716    16.36574724    17.00856099    19.02223527    19.48860167
                       19.76659821    22.20706820
 _ENERGD(1:2)    =   -149.90636030  -149.83483544
 _ENERGD0(1:2)   =   -149.90636030  -149.83483544
 _ENERGD1(1:2)   =   -149.90650912  -149.83495519
 _ENERGD2(1:2)   =   -149.90650911  -149.83495519
 _ENERGD3(1:2)   =   -149.90636030  -149.83483544
 _ENERGD4(1:2)   =   -149.90650911  -149.83495519
 _ENERGP(1:2)    =   -149.90465535  -149.83298508
 _ENERGP0(1:2)   =   -149.90465535  -149.83298508
 _ENERGP1(1:2)   =   -149.90478045  -149.83308599
 _ENERGP2(1:2)   =   -149.90478044  -149.83308599
 _ENERGP3(1:2)   =   -149.90465535  -149.83298508
 _ENERGP4(1:2)   =   -149.90478044  -149.83308599
 _ENERGR(1:2)    =   -149.66662734  -149.58555908
 _ENERGRR(1:2)   =   -149.66662733  -149.58555908
 _ENERGY(1:2)    =   -149.89688765  -149.82449424
 _ENERGY_METHOD  =    CI
 _ENERGY_BASIS   =    aug-cc-pV5Z
 _GEOMETRY_METHOD=     
 _GEOMETRY_BASIS =     
 _ENUC           =      8.46683537
 _GRADEXFAC      =   9999.00000000
 _ITERATIONS     =     11.00000000
 _LASTNELEC      =     12.00000000
 _LASTSPIN       =      2.00000000
 _LASTSYM        =      4.00000000
 _ORBITAL        =   2140.20000000
 _ROOT(1:2)      =      1.00000000     2.00000000
 _SEIG_MIN       =      0.00023669
 _SEWPROP        =      1.00000000
 _STATUS         =      1.00000000
 _SYSTOT         =   4715.30000000
 _TROV           =      0.00000000
 _WALLTOT        =      0.55534023D+06 SEC
 _DATE           =    01-Jun-21
 _LASTORB        =    MCSCF
 _OUTPUT         =    /home/molpro/dir-4/o2qm-2states-3sym4-138.xml
 _PGROUP         =    D2h 
 _TIME           =    03:16:39
 _C0(1:2)        =      0.96048668     0.95851512
 _C0R(1:2)       =      0.95989083     0.95805489
 _DMX_CC(1:3)    =      0.00000000     0.00000000     0.00000000
 _DMY_CC(1:3)    =      0.00000000     0.00000000     0.00000000
 _DMZ_CC(1:3)    =      0.00000000     0.00000000     0.00000000
 _DMX_NUC(1:3)   =      0.00000000     0.00000000     0.00000000
 _DMY_NUC(1:3)   =      0.00000000     0.00000000     0.00000000
 _DMZ_NUC(1:3)   =      0.00000000     0.00000000     0.00000000
 R(1:89)         =      1.38000000     1.38500000     1.39000000     1.39500000     1.40000000     1.40500000
                        1.41000000     1.41500000     1.42000000     1.42500000     1.43000000     1.44000000
                        1.45000000     1.46000000     1.47000000     1.47500000     1.48000000     1.48200000
                        1.48400000     1.48600000     1.48800000     1.49000000     1.50000000     1.51000000
                        1.52000000     1.53000000     1.54000000     1.55000000     1.56000000     1.57000000
                        1.58000000     1.59000000     1.60000000     1.61000000     1.62000000     1.63000000
                        1.64000000     1.65000000     1.66000000     1.67000000     1.68000000     1.69000000
                        1.70000000     1.71000000     1.72000000     1.73000000     1.74000000     1.75000000
                        1.76000000     1.77000000     1.78000000     1.79000000     1.80000000     1.81000000
                        1.82000000     1.83000000     1.84000000     1.85000000     1.86000000     1.87000000
                        1.88000000     1.89000000     1.90000000     1.91000000     1.92000000     1.93000000
                        1.94000000     1.95000000     1.96000000     1.97000000     1.98000000     1.99000000
                        2.00000000     2.10000000     2.20000000     2.25000000     2.40000000     2.50000000
                        2.60000000     2.75000000     3.00000000     3.25000000     3.50000000     3.75000000
                        3.80000000     3.85000000     3.90000000     3.95000000     4.00000000
 _QMXX(1:2)      =     -0.48947918    -0.47371856
 _QMYY(1:2)      =     -0.48946572    -0.47371059
 _QMZZ(1:2)      =      0.97894490     0.94742915
 _QMXY(1:2)      =      0.00000000     0.00000000
 _QMXZ(1:2)      =      0.00000000     0.00000000
 _QMYZ(1:2)      =      0.00000000     0.00000000
 _QMRR(1:2)      =    -22.63662344   -22.78688925
 _TRDMX          =      0.00000000
 _TRDMY          =      0.00000000
 _TRDMZ          =      0.00000000
 _TRQMXX         =     -0.00018113
 _TRQMYY         =     -0.00018646
 _TRQMZZ         =      0.00036760
 _TRQMXY         =      0.00000000
 _TRQMXZ         =      0.00000000
 _TRQMYZ         =      0.00000000
 _TRQMRR         =     -0.00237076
 I               =     89.00000000
 E1(1:89)        =   -150.07259288  -150.07127067  -150.06993383  -150.06858316  -150.06721944  -150.06584342
                     -150.06445585  -150.06305742  -150.06164883  -150.06023075  -150.05880383  -150.05592599
                     -150.05302031  -150.05009192  -150.04714836  -150.04567971  -150.04535466  -150.04477595
                     -150.04419663  -150.04361672  -150.04303626  -150.04245528  -150.03954354  -150.03662297
                     -150.03369689  -150.03076846  -150.02784067  -150.02491634  -150.02199816  -150.01908869
                     -150.01619034  -150.01330543  -150.01043614  -150.00758456  -150.00475268  -150.00194240
                     -149.99915552  -149.99639376  -149.99365877  -149.99095212  -149.98827530  -149.98562976
                     -149.98301686  -149.98043790  -149.97789414  -149.97538677  -149.97291694  -149.97048572
                     -149.96809416  -149.96574325  -149.96343393  -149.96116708  -149.95894357  -149.95676417
                     -149.95462966  -149.95254073  -149.95049804  -149.94850220  -149.94655376  -149.94465324
                     -149.94280108  -149.94099767  -149.93924336  -149.93753842  -149.93588305  -149.93427740
                     -149.93272154  -149.93121546  -149.92975909  -149.92835227  -149.92699475  -149.92568621
                     -149.92442624  -149.91434727  -149.90811126  -149.90603461  -149.90227692  -149.90091784
                     -149.90000253  -149.89915450  -149.89821510  -149.89765216  -149.89729334  -149.89705434
                     -149.89701632  -149.89698087  -149.89694775  -149.89691674  -149.89688765
 E2(1:89)        =   -149.69727357  -149.70046625  -149.70359058  -149.70664819  -149.70964058  -149.71256919
                     -149.71543540  -149.71824056  -149.72098595  -149.72367287  -149.72630256  -149.73139524
                     -149.73627413  -149.74095093  -149.74544884  -149.74766723  -149.75457998  -149.75541382
                     -149.75624033  -149.75705958  -149.75787163  -149.75867654  -149.76259621  -149.76634671
                     -149.76993546  -149.77336960  -149.77665601  -149.77980134  -149.78281197  -149.78569403
                     -149.78845344  -149.79109585  -149.79362673  -149.79605130  -149.79837458  -149.80060135
                     -149.80273619  -149.80478347  -149.80674733  -149.80863172  -149.81044035  -149.81217674
                     -149.81384417  -149.81544574  -149.81698428  -149.81846246  -149.81988271  -149.82124726
                     -149.82255810  -149.82381707  -149.82502579  -149.82618568  -149.82729801  -149.82836387
                     -149.82938420  -149.83035980  -149.83129136  -149.83217947  -149.83302460  -149.83382719
                     -149.83458759  -149.83530612  -149.83598309  -149.83661880  -149.83721354  -149.83776763
                     -149.83828142  -149.83875529  -149.83918968  -149.83958507  -149.83994203  -149.84026118
                     -149.84054319  -149.84152429  -149.84001421  -149.83874327  -149.83444722  -149.83191563
                     -149.82992522  -149.82769398  -149.82614406  -149.82537743  -149.82494383  -149.82467458
                     -149.82463297  -149.82459443  -149.82455865  -149.82452534  -149.82449424


 **********************************************************************************************************************************
 DATASETS  * FILE   NREC   LENGTH (MB)   RECORD NAMES
              2       7        7.20       500      610      700     1000      520     2100     2140   
                                          VAR    BASINP    GEOM     BASIS   MCVARS     RHF     MCSCF   

 PROGRAMS   *        TOTAL   RESTART
 CPU TIMES  *         0.09      0.01
 REAL TIME  *         0.10 SEC
 DISK USED  *         0.03 MB      
 **********************************************************************************************************************************

 Variable memory set to 2500000000 words,  buffer space   230000 words

 SETTING BASIS          =    AV5Z
 SETTING R(1)           =         3.85000000                                  
 SETTING R(2)           =         3.90000000                                  
 SETTING R(3)           =         3.95000000                                  
 SETTING R(4)           =         4.00000000                                  
 SETTING R(5)           =         4.10000000                                  
 SETTING R(6)           =         4.20000000                                  
 SETTING R(7)           =         4.25000000                                  
 SETTING R(8)           =         4.30000000                                  
 SETTING R(9)           =         4.40000000                                  
 SETTING R(10)          =         4.50000000                                  
 SETTING R(11)          =         4.60000000                                  
 SETTING R(12)          =         4.75000000                                  
 SETTING R(13)          =         4.90000000                                  
 SETTING R(14)          =         5.00000000                                  

 DO I                   =         1.00000000   


 Using spherical harmonics

 Library entry O      S aug-cc-pV5Z          selected for orbital group  1
 Library entry O      P aug-cc-pV5Z          selected for orbital group  1
 Library entry O      D aug-cc-pV5Z          selected for orbital group  1
 Library entry O      F aug-cc-pV5Z          selected for orbital group  1
 Library entry O      G aug-cc-pV5Z          selected for orbital group  1
 Library entry O      H aug-cc-pV5Z          selected for orbital group  1


 PROGRAM * SEWARD (Integral evaluation for generally contracted gaussian basis sets)     Author: Roland Lindh, 1990

 Geometry written to block  1 of record 701

 Orientation using atomic masses  
 Molecule type: Linear
 Symmetry elements: X,Y,Z
 Rotational constants:       4.2620842      4.2620842      0.0000000 GHz  (calculated with average atomic masses)

 Point group  D2h 



 ATOMIC COORDINATES

 NR  ATOM    CHARGE       X              Y              Z

   1  O       8.00    0.000000000    0.000000000   -3.637722790
   2  O       8.00    0.000000000    0.000000000    3.637722790

 NUCLEAR CHARGE:                   16
 NUMBER OF PRIMITIVE AOS:         398
 NUMBER OF SYMMETRY AOS:          288
 NUMBER OF CONTRACTIONS:          254   (  46Ag  +  31B3u +  31B2u +  19B1g +  46B1u +  31B2g +  31B3g +  19Au  )
 NUMBER OF CORE ORBITALS:           2   (   1Ag  +   0B3u +   0B2u +   0B1g +   1B1u +   0B2g +   0B3g +   0Au  )
 NUMBER OF VALENCE ORBITALS:        8   (   2Ag  +   1B3u +   1B2u +   0B1g +   2B1u +   1B2g +   1B3g +   0Au  )


 NUCLEAR REPULSION ENERGY    8.79671208

 EXTRA SYMMETRY OF AOS IN SYMMETRY 1:   1 1 1 1 1 1 1 1 1 1   1 1 1 1 2 1 2 1 2 1   2 1 2 1 2 1 2 1 2 1   2 1 3 2 1 3 2 1 3 2
                                        2 3 1 2 3 1
 EXTRA SYMMETRY OF AOS IN SYMMETRY 2:   1 1 1 1 1 1 1 1 1 1   1 1 2 1 2 1 2 1 2 1   2 1 2 1 2 1 2 3 1 2   3
 EXTRA SYMMETRY OF AOS IN SYMMETRY 3:   1 1 1 1 1 1 1 1 1 1   1 1 2 1 2 1 2 1 2 1   2 1 2 1 2 1 2 3 1 2   3
 EXTRA SYMMETRY OF AOS IN SYMMETRY 4:   1 1 1 1 1 1 1 1 1 1   2 1 2 1 2 2 1 2 1
 EXTRA SYMMETRY OF AOS IN SYMMETRY 5:   1 1 1 1 1 1 1 1 1 1   1 1 1 1 2 1 2 1 2 1   2 1 2 1 2 1 2 1 2 1   2 1 3 2 1 3 2 1 3 2
                                        2 3 1 2 3 1
 EXTRA SYMMETRY OF AOS IN SYMMETRY 6:   1 1 1 1 1 1 1 1 1 1   1 1 2 1 2 1 2 1 2 1   2 1 2 1 2 1 2 3 1 2   3
 EXTRA SYMMETRY OF AOS IN SYMMETRY 7:   1 1 1 1 1 1 1 1 1 1   1 1 2 1 2 1 2 1 2 1   2 1 2 1 2 1 2 3 1 2   3
 EXTRA SYMMETRY OF AOS IN SYMMETRY 8:   1 1 1 1 1 1 1 1 1 1   2 1 2 1 2 2 1 2 1

 Eigenvalues of metric

         1 0.238E-03 0.539E-02 0.843E-02 0.339E-01 0.539E-01 0.636E-01 0.678E-01 0.132E+00
         2 0.540E-02 0.357E-01 0.684E-01 0.144E+00 0.149E+00 0.163E+00 0.251E+00 0.257E+00
         3 0.540E-02 0.357E-01 0.684E-01 0.144E+00 0.149E+00 0.163E+00 0.251E+00 0.257E+00
         4 0.678E-01 0.146E+00 0.245E+00 0.257E+00 0.257E+00 0.410E+00 0.410E+00 0.486E+00
         5 0.237E-03 0.521E-02 0.614E-02 0.186E-01 0.296E-01 0.625E-01 0.664E-01 0.101E+00
         6 0.539E-02 0.334E-01 0.605E-01 0.130E+00 0.140E+00 0.144E+00 0.210E+00 0.256E+00
         7 0.539E-02 0.334E-01 0.605E-01 0.130E+00 0.140E+00 0.144E+00 0.210E+00 0.256E+00
         8 0.664E-01 0.142E+00 0.237E+00 0.256E+00 0.257E+00 0.410E+00 0.410E+00 0.473E+00


 Contracted 2-electron integrals neglected if value below      1.0D-11
 AO integral compression algorithm  1   Integral accuracy      1.0D-11

     331.874 MB (compressed) written to integral file ( 36.3%)


 NUMBER OF SORTED TWO-ELECTRON INTEGRALS:   66838400.     BUFFER LENGTH:  32768
 NUMBER OF SEGMENTS:   5  SEGMENT LENGTH:   15999177      RECORD LENGTH: 524288

 Memory used in sort:      16.56 MW

 SORT1 READ   114264352. AND WROTE    47277651. INTEGRALS IN    139 RECORDS. CPU TIME:     2.85 SEC, REAL TIME:     3.25 SEC
 SORT2 READ    47277651. AND WROTE    66838400. INTEGRALS IN   1266 RECORDS. CPU TIME:     1.14 SEC, REAL TIME:     1.36 SEC

 FILE SIZES:   FILE 1:   352.5 MBYTE,  FILE 4:   583.0 MBYTE,   TOTAL:    935.5 MBYTE

 OPERATOR DM      FOR CENTER  0  COORDINATES:    0.000000    0.000000    0.000000
 OPERATOR QM      FOR CENTER  0  COORDINATES:    0.000000    0.000000    0.000000


 **********************************************************************************************************************************
 DATASETS  * FILE   NREC   LENGTH (MB)   RECORD NAMES
              1      19      223.64       500      610      701      900      950      970     1000      129      960     1100   
                                          VAR    BASINP    GEOM    SYMINP    ZMAT    AOBASIS   BASIS     P2S    ABASIS      S 
                                         1400     1410     1200     1210     1080     1600     1650     1300     1700   
                                           T        V       H0       H01     AOSYM     SMH    MOLCAS    ERIS     OPER   

              2       8        7.21       500      610      700     1000      520     2100     2140      701   
                                          VAR    BASINP    GEOM     BASIS   MCVARS     RHF     MCSCF    GEOM   

 PROGRAMS   *        TOTAL       INT   RESTART
 CPU TIMES  *        17.30     17.20      0.01
 REAL TIME  *        23.25 SEC
 DISK USED  *       942.84 MB      
 **********************************************************************************************************************************


 PROGRAM * MULTI (Direct Multiconfiguration SCF)       Authors: P.J. Knowles, H.-J. Werner (1984)     S.T. Elbert (1988)


 Number of closed-shell orbitals:   2 (   2   0   0   0   0   0   0   0 )
 Number of active  orbitals:       12 (   1   2   2   0   3   2   2   0 )
 Number of external orbitals:     240 (  43  29  29  19  43  29  29  19 )

 State symmetry 1

 Number of electrons:    12    Spin symmetry=Triplet   Space symmetry=4
 Number of states:        3
 Number of CSFs:      47808   (78400 determinants, 627264 intermediate states)

 Iteration controls:
             1  2  3  4  5  6  7  8  9 10 11 12 13 14 15 16 17 18 19 20 21 22 23 24 25 26 27 28 29 30 31 32 33 34 35 36 37 38 39
 DIAGCI      T  T  T  T  T  T  T  T  T  T  T  T  T  T  T  T  T  T  T  T  T  T  T  T  T  T  T  T  T  T  T  T  T  T  T  T  T  T  T
 WERNER      T  T  T  T  T  T  T  T  T  T  T  T  T  T  T  T  T  T  T  T  T  T  T  T  T  T  T  T  T  T  T  T  T  T  T  T  T  T  T
 INTERNAL    F  T  T  T  T  T  T  T  T  T  T  T  T  T  T  T  T  T  T  T  T  T  T  T  T  T  T  T  T  T  T  T  T  T  T  T  T  T  T

 Orbital guess generated from atomic densities. Full valence occupancy:    3   1   1   0   3   1   1   0


 EXTRA SYMMETRY OF MOS IN SYMMETRY 1:   1 1 1 1 1 1 2 1 1 2   1 2 1 1 1 2 3 1 2 1   2 1 1 3 2 1 1 2 3 2   1 2 1 1 1 3 2 1 1 2
                                        3 2 1 2 1 1
 EXTRA SYMMETRY OF MOS IN SYMMETRY 2:   1 1 1 1 1 2 1 1 1 2   1 2 1 1 2 3 1 1 2 1   2 1 1 2 3 1 1 2 1 2   1
 EXTRA SYMMETRY OF MOS IN SYMMETRY 3:   1 1 1 1 1 2 1 1 1 2   1 2 1 1 2 3 1 1 2 1   2 1 1 2 3 1 1 2 1 2   1
 EXTRA SYMMETRY OF MOS IN SYMMETRY 4:   1 1 1 1 2 1 1 2 1 1   2 1 1 2 1 1 2 1 1
 EXTRA SYMMETRY OF MOS IN SYMMETRY 5:   1 1 1 1 1 2 1 1 1 2   1 2 1 1 3 2 1 2 1 1   2 1 1 3 2 1 3 2 1 2   1 2 1 1 1 3 2 1 3 2
                                        1 2 1 2 1 1
 EXTRA SYMMETRY OF MOS IN SYMMETRY 6:   1 1 1 1 2 1 1 1 2 1   2 1 1 1 2 3 1 2 1 2   1 1 1 2 3 1 2 1 2 1   1
 EXTRA SYMMETRY OF MOS IN SYMMETRY 7:   1 1 1 1 2 1 1 1 2 1   2 1 1 1 2 3 1 2 1 2   1 1 1 2 3 1 2 1 2 1   1
 EXTRA SYMMETRY OF MOS IN SYMMETRY 8:   1 1 1 2 1 1 1 2 1 2   1 1 1 2 1 2 1 1 1

 Wavefunction dump at record             2140.2

 Convergence thresholds  0.10E-01 (gradient)  0.10E-05 (energy)  0.10E-02 (step length)

 Weight factors for state symmetry  1:    0.33333   0.33333   0.33333

 Number of orbital rotations:      492   (     2 Core/Active     86 Core/Virtual   0 Active/Active    404 Active/Virtual)
 Total number of variables:     235692


 ITER. MIC  NCI  NEG     ENERGY(VAR)     ENERGY(PROJ)   ENERGY CHANGE     GRAD(0)  GRAD(ORB)   GRAD(CI)     STEP       TIME

   1   60   33    0    -149.53264320    -149.61205285   -0.07940964    0.32130037 0.00018456 0.09652824  0.19D+01      6.22
   2   26   27    0    -149.61208301    -149.61255459   -0.00047158    0.02395481 0.00000027 0.00003211  0.15D+00     11.61
   3   28   13    0    -149.61255469    -149.61255469   -0.00000000    0.00002120 0.00000080 0.00000287  0.56D-04     14.42

 ** WVFN ****  CONVERGENCE REACHED, FINAL GRADIENT:  0.73D-06



 Results for state 1.4
 =====================

 !MCSCF STATE 1.4 Energy             -149.666630371777
 Nuclear energy                         8.79671208
 Kinetic energy                       149.66033838
 One electron energy                 -223.94186256
 Two electron energy                   65.47852011
 Virial ratio                           2.00004204

 !MCSCF STATE 1.4 Dipole moment         0.00000000     0.00000000     0.00000000
 Dipole moment /Debye                   0.00000000     0.00000000     0.00000000

 Results for state 2.4
 =====================

 !MCSCF STATE 2.4 Energy             -149.585566154473
 Nuclear energy                         8.79671208
 Kinetic energy                       149.58791078
 One electron energy                 -223.88515805
 Two electron energy                   65.50287982
 Virial ratio                           1.99998433

 !MCSCF STATE 2.4 Dipole moment         0.00000000     0.00000000     0.00000000
 Dipole moment /Debye                   0.00000000     0.00000000     0.00000000

 Results for state 3.4
 =====================

 !MCSCF STATE 3.4 Energy             -149.585467535904
 Nuclear energy                         8.79671208
 Kinetic energy                       149.58856630
 One electron energy                 -223.88581602
 Two electron energy                   65.50363641
 Virial ratio                           1.99997928

 !MCSCF STATE 3.4 Dipole moment         0.00000000     0.00000000     0.00000000
 Dipole moment /Debye                   0.00000000     0.00000000     0.00000000

 State-averaged charge density matrix saved on record  2140.2 (density set 1)

 !MCSCF expec        <1.4|QMXX|1.4>    -0.503150383513
 !MCSCF trans        <2.4|QMXX|1.4>    -0.000960704220
 !MCSCF expec        <2.4|QMXX|2.4>    -0.507544865950
 !MCSCF trans        <3.4|QMXX|1.4>    -0.000022922650
 !MCSCF trans        <3.4|QMXX|2.4>    -0.036329754073
 !MCSCF expec        <3.4|QMXX|3.4>    -0.508099653852

 !MCSCF expec        <1.4|QMYY|1.4>    -0.503150383525
 !MCSCF trans        <2.4|QMYY|1.4>    -0.000960704222
 !MCSCF expec        <2.4|QMYY|2.4>    -0.507544866039
 !MCSCF trans        <3.4|QMYY|1.4>     0.000022922771
 !MCSCF trans        <3.4|QMYY|2.4>     0.036329753967
 !MCSCF expec        <3.4|QMYY|3.4>    -0.508099653780

 !MCSCF expec        <1.4|QMZZ|1.4>     1.006300767037
 !MCSCF trans        <2.4|QMZZ|1.4>     0.001921408442
 !MCSCF expec        <2.4|QMZZ|2.4>     1.015089731989
 !MCSCF expec        <3.4|QMZZ|3.4>     1.016199307632

 !MCSCF expec        <1.4|QMRR|1.4>   -22.726531720777
 !MCSCF trans        <2.4|QMRR|1.4>     0.001509963798
 !MCSCF expec        <2.4|QMRR|2.4>   -22.789512455776
 !MCSCF expec        <3.4|QMRR|3.4>   -22.787662328774


 EXTRA SYMMETRY OF MOS IN SYMMETRY 1:   1 1 1 1 1 1 2 1 1 2   1 2 1 1 1 2 3 1 2 1   2 1 1 1 2 3 1 2 3 2   1 2 1 1 1 1 2 3 1 2
                                        3 1 2 2 1 1
 EXTRA SYMMETRY OF MOS IN SYMMETRY 2:   1 1 1 1 1 2 1 1 1 2   1 2 1 1 1 2 3 1 2 1   2 1 1 1 2 3 1 2 1 2   1
 EXTRA SYMMETRY OF MOS IN SYMMETRY 3:   1 1 1 1 1 2 1 1 1 2   1 2 1 1 1 2 3 1 2 1   2 1 1 1 2 3 1 2 1 2   1
 EXTRA SYMMETRY OF MOS IN SYMMETRY 4:   1 1 1 1 2 1 1 1 2 1   2 1 1 1 2 1 2 1 1
 EXTRA SYMMETRY OF MOS IN SYMMETRY 5:   1 1 1 1 1 2 1 1 1 2   1 2 1 1 2 3 1 2 1 1   2 1 1 1 2 3 2 1 3 2   1 2 1 1 1 1 2 3 1 2
                                        3 2 1 2 1 1
 EXTRA SYMMETRY OF MOS IN SYMMETRY 6:   1 1 1 1 2 1 1 1 2 1   2 1 1 1 1 2 3 1 2 2   1 1 1 1 2 3 1 2 2 1   1
 EXTRA SYMMETRY OF MOS IN SYMMETRY 7:   1 1 1 1 2 1 1 1 2 1   2 1 1 1 1 2 3 1 2 2   1 1 1 1 2 3 1 2 2 1   1
 EXTRA SYMMETRY OF MOS IN SYMMETRY 8:   1 1 1 1 2 1 1 1 2 1   2 1 1 1 2 1 2 1 1

 Natural orbital dump (state averaged) at molpro section  2140.2    (Orbital set 2)


 CI vector
 =========

 2 20 20 220 a0 a0        0.3557094   0.3593324  -0.0000000
 2 a0 a0 220 20 20       -0.3533411  -0.3507814   0.0000000
 b a0 20 22a 20 a0        0.0002233   0.0029319  -0.3508696
 b 20 a0 22a a0 20       -0.0002233  -0.0029319  -0.3508696
 a 20 a0 22a b0 20       -0.3500902   0.3508502   0.3504960
 a a0 20 22a 20 b0        0.3500902  -0.3508502   0.3504960
 a 20 b0 22a a0 20        0.3504378  -0.3505929   0.3506896
 a b0 20 22a 20 a0       -0.3504378   0.3505929   0.3506896
 a 20 a0 22b a0 20       -0.0001243   0.0026746  -0.3503160
 a a0 20 22b 20 a0        0.0001243  -0.0026746  -0.3503160
 0 20 20 222 a0 a0       -0.3475899  -0.3444029   0.0000000
 0 a0 a0 222 20 20        0.3454318   0.3471007  -0.0000000

 TOTAL ENERGIES                      -149.66663037  -149.58556615  -149.58546754



 **********************************************************************************************************************************
 DATASETS  * FILE   NREC   LENGTH (MB)   RECORD NAMES
              1      20      234.21       500      610      701      900      950      970     1000      129      960     1100   
                                          VAR    BASINP    GEOM    SYMINP    ZMAT    AOBASIS   BASIS     P2S    ABASIS      S 
                                         1400     1410     1200     1210     1080     1600     1650     1300     1700     1380   
                                           T        V       H0       H01     AOSYM     SMH    MOLCAS    ERIS     OPER     JKOP   

              2       8        7.21       500      610      700     1000      520     2100     2140      701   
                                          VAR    BASINP    GEOM     BASIS   MCVARS     RHF     MCSCF    GEOM   

 PROGRAMS   *        TOTAL     MULTI       INT   RESTART
 CPU TIMES  *        35.66     18.35     17.20      0.01
 REAL TIME  *        43.34 SEC
 DISK USED  *       942.84 MB      
 **********************************************************************************************************************************


 PROGRAM * CI (Multireference internally contracted CI)     Authors: H.-J. Werner, P.J. Knowles, 1987


 Convergence thresholds:  THRVAR = 1.00D-08  THRDEN = 1.00D-06

 Number of optimized states:  2  Roots:   1   2
 Number of reference states:  2  Roots:   1   2

 Program parameters:       NSTATE=  2    NSTATI=  3    NSTATR=  2    NCEPA = -1    NOKOP =  0    ITRDM =  0    ITRANS=  0
                           IDIP  =200    MAXIT =250    MAXITI=250    MAXDAV=  6    MAXVI =  9    NOSING=  0    NOPAIR=  0
                           MXSHRF=  8    IKCPS =  0    IOPTGM=  2    IOPTOR=  0    REFOPT=  1    IAVDEN=  0    IDELCG=  1
                           IREST =  0    NATORB=  0    IPUNRF=  0    ISEP  =  0    OLDDEN=  0    NSTPRI=  1    GPSFLI= -1
                           CLUSTE=  0    CLOSED=  1    ILSTYP=  0    ITRLS =  0    ICCSD =  0    LOCAL =  0    IBASO =  0
                           MP    =  0    ITEDIS=  2    INCDIS=  1    MAXDIS=  6    ITYDIS=  1    BRUECK=  0    IBRSTR=  3
                           INCBRK=  1    TRIPLE=  0    ICCTYP=  1    IHPPD =  0    ICCNEW=  0    I3EXT = -1    IDEB  =  0
                           IDLEIG=  1    IDFTYP=  1    IMP3  =  0    IPROCS=  0    NOINT =  0    NOREF =  1    IMP2G =  0
                           IHINT =  0    IFDIA =  0    ISPARO=  1    JKSYM =  0    CPHF  =  0    MP2D  = -1    DKINT =  0
                           NPKEX =  1    DRVK  =  1    HLSTRA=  1    WIGNER=  1    DIIS_C=  1    MAXIT_= 50    MATEL =  0
                           SPDEG =  1    MEMCPH=  0    DISM  =  1    KDCPMA=  5    IKDCP_=  0    IREDTH=  0    USECS =  0
                           IPROCC=  0    I3SAVE=  1    IKDCP =  1    USECI =  0    OLDPAI=  0    IPROCI=  0    KEEPCL=  1
                           DISCON=  0    SHIFTE=  0    DIISIN=  0    MOLCAS=  0    MEM_PT=  0    RECORD=  0    RS2C  =  0
                           KEXT  = -1    CIPT2 =  0    DECP0S=  0    I4EXT = -1    NATCOR=  0    RIMP2 =  0    DDCI  = -1

 Reference symmetry:                   4   Triplet 
 Number of electrons:                 16
 Maximum number of shells:             6
 Maximum number of spin couplings:   297

 Reference space:     9136 conf    47808 CSFs
 N elec internal:    72865 conf   382239 CSFs
 N-1 el internal:    69576 conf   622908 CSFs
 N-2 el internal:    57950 conf   876478 CSFs

 Number of electrons in valence space:                     12
 Maximum number of open shell orbitals in reference space: 10
 Maximum number of open shell orbitals in internal spaces: 12


 Number of core orbitals:           2 (   2   0   0   0   0   0   0   0 )
 Number of active  orbitals:       12 (   1   2   2   0   3   2   2   0 )
 Number of external orbitals:     240 (  43  29  29  19  43  29  29  19 )

 Molecular orbitals read from record     2140.2  Type=MCSCF/NATURAL (state averaged)

 Coulomb and exchange operators available. No transformation done.

 Number of p-space configurations:  14

 Reference wavefunction optimized for reference space (refopt=1)

 State     Reference Energy 
   1        -149.66663037
   2        -149.58556615
   3        -149.58546754

 Number of blocks in overlap matrix:    16   Smallest eigenvalue:  0.11D-04
 Number of N-2 electron functions:     288
 Number of N-1 electron functions:  622908

 Number of internal configurations:                47808
 Number of singly external configurations:      18686980
 Number of doubly external configurations:       1049024
 Total number of contracted configurations:     19783812
 Total number of uncontracted configurations: 3169518620

 Diagonal Coupling coefficients finished.               Storage:31984173 words, CPU-Time:     65.40 seconds.
 Energy denominators for pairs finished in 1 passes.    Storage: 2273367 words, CPU-time:      0.02 seconds.

  ITER. STATE  ROOT     SQ.NORM     CORR.ENERGY   TOTAL ENERGY   ENERGY CHANGE       DEN1      VAR(S)    VAR(P)      TIME
    1     1     1     1.00000000     0.00000000  -149.66663037     0.00000000    -0.21340494  0.17D-01  0.14D-01    95.31
    1     2     2     1.00000000     0.00000000  -149.58556615     0.00000000    -0.22332487  0.18D-01  0.15D-01    95.31
    2     1     1     1.03231025    -0.21802241  -149.88465278    -0.21802241    -0.00991327  0.41D-03  0.65D-03   681.29
    2     2     2     1.03407572    -0.22661029  -149.81217644    -0.22661029    -0.01002230  0.42D-03  0.67D-03   681.29
    3     1     1     1.03792394    -0.22914586  -149.89577623    -0.01112345    -0.00086940  0.78D-04  0.58D-04  1268.38
    3     2     2     1.03989481    -0.23783839  -149.82340454    -0.01122810    -0.00088289  0.83D-04  0.58D-04  1268.38
    4     1     1     1.04070448    -0.23021765  -149.89684802    -0.00107179    -0.00010248  0.91D-05  0.88D-05  1857.18
    4     2     2     1.04278805    -0.23890213  -149.82446828    -0.00106374    -0.00010157  0.10D-04  0.89D-05  1857.18
    5     1     1     1.04103395    -0.23032273  -149.89695310    -0.00010508    -0.00002373  0.29D-05  0.21D-05  2445.91
    5     2     2     1.04315867    -0.23900229  -149.82456844    -0.00010016    -0.00002473  0.44D-05  0.21D-05  2445.91
    6     1     1     1.04106864    -0.23034406  -149.89697443    -0.00002133    -0.00000506  0.83D-06  0.29D-06  3034.23
    6     2     2     1.04320800    -0.23902161  -149.82458776    -0.00001932    -0.00000641  0.17D-05  0.29D-06  3034.23
    7     1     1     1.04111841    -0.23034862  -149.89697899    -0.00000456    -0.00000161  0.34D-06  0.11D-06  3622.38
    7     2     2     1.04324855    -0.23902609  -149.82459225    -0.00000449    -0.00000190  0.40D-06  0.17D-06  3622.38
    8     1     1     1.04114802    -0.23034981  -149.89698018    -0.00000119    -0.00000051  0.11D-06  0.35D-07  4211.85
    8     2     2     1.04328684    -0.23902758  -149.82459373    -0.00000149    -0.00000053  0.95D-07  0.46D-07  4211.85
    9     1     1     1.04116258    -0.23035025  -149.89698062    -0.00000044    -0.00000019  0.35D-07  0.12D-07  4800.99
    9     2     2     1.04330519    -0.23902803  -149.82459418    -0.00000045    -0.00000024  0.68D-07  0.13D-07  4800.99
   10     1     1     1.04116929    -0.23035040  -149.89698077    -0.00000015    -0.00000008  0.17D-07  0.44D-08  5390.68
   10     2     2     1.04331333    -0.23902818  -149.82459434    -0.00000016    -0.00000009  0.26D-07  0.61D-08  5390.68
   11     1     1     1.04117374    -0.23035046  -149.89698084    -0.00000006    -0.00000004  0.10D-07  0.18D-08  5979.40
   11     2     2     1.04331841    -0.23902824  -149.82459440    -0.00000006    -0.00000003  0.88D-08  0.24D-08  5979.40
   12     1     1     1.04117667    -0.23035049  -149.89698086    -0.00000003    -0.00000002  0.42D-08  0.79D-09  6566.86
   12     2     2     1.04332195    -0.23902827  -149.82459442    -0.00000003    -0.00000002  0.49D-08  0.91D-09  6566.86


 =====================================
 Analysis of CPU times by interactions
 =====================================

       I      S      P

 I   0.7%
 S   0.6%  19.5%
 P   2.1%  67.5%   8.0%

 Initialization:   1.1%
 Other:            0.6%

 Total CPU:     6566.9 seconds
 =====================================



 Reference coefficients greater than 0.0500000
 =============================================
 //02022/20\0          -0.3960117  -0.3970232
 /20/022/\020           0.3960114   0.3970211
 22020220/0/0          -0.3490987   0.3530158
 2/0/02202020           0.3463115  -0.3436279
 02020222/0/0           0.3406427  -0.3368793
 0/0/02222020          -0.3381183   0.3392352
 /\02022/20/0           0.2430445   0.2406272
 /20\022//020          -0.2430444  -0.2406296
 /20/022\/020           0.1402126   0.1437157
 //02022\20/0          -0.1402126  -0.1437143

 Coefficients of fixed reference functions:
 ==========================================

 State      Coefficients
   1         0.979722   -0.000158
   2         0.000176    0.978783

 Coefficients of rotated reference functions:
 ============================================

 State      Coefficients
   1         0.979722    0.000009
   2         0.000009    0.978783



 RESULTS FOR STATE 1.4
 =====================

 Coefficient of reference function:   C(0) = 0.97972205 (fixed)   0.98002642 (relaxed)   0.97972207 (rotated)

 Energy contributions of configuration classes

 CLASS          SQ.NORM        ECORR1        ECORR2
 +++++++++++++++++++++++++++++++++++++++++++++++++++
 Internals    0.00062144   -0.00000000   -0.00013777
 Singles      0.02262955   -0.08798321   -0.08945577
 Pairs        0.01857270   -0.14236689   -0.14075695
 Total        1.04182370   -0.23035011   -0.23035049
 +++++++++++++++++++++++++++++++++++++++++++++++++++


 Reference energy                    -149.66663037
 Nuclear energy                         8.79671208
 Kinetic energy                       149.95432675
 One electron energy                 -223.87587240
 Two electron energy                   65.18217946
 Virial quotient                       -0.99961758
 Correlation energy                    -0.23035049
 !MRCI STATE 1.4 Energy              -149.896980862446

 Properties without orbital relaxation:

 !MRCI STATE 1.4 Dipole moment          0.00000000     0.00000000     0.00000000
 Dipole moment /Debye                   0.00000000     0.00000000     0.00000000

 Cluster corrected energies          -149.90661497 (Davidson, fixed reference)
 Cluster corrected energies          -149.90646593 (Davidson, relaxed reference)
 Cluster corrected energies          -149.90661497 (Davidson, rotated reference)

 Cluster corrected energies          -149.90488421 (Pople, fixed reference)
 Cluster corrected energies          -149.90475892 (Pople, relaxed reference)
 Cluster corrected energies          -149.90488421 (Pople, rotated reference)


 Cluster corrections using rotated reference energy:

 Reference energy (rotated)          -149.66663037
 MRCI Correlation energy               -0.23035049

 Cluster corrected energies          -149.90646593 (Davidson, relaxed reference)
 Cluster corrected energies          -149.90661497 (Davidson, rotated reference)

 Cluster corrected energies          -149.90475892 (Pople, relaxed reference)
 Cluster corrected energies          -149.90488421 (Pople, rotated reference)

 

 !MRCI expec         <1.4|QMXX|1.4>    -0.491415234005
 !MRCI expec         <1.4|QMYY|1.4>    -0.491401619219
 !MRCI expec         <1.4|QMZZ|1.4>     0.982816853224
 !MRCI expec         <1.4|QMRR|1.4>   -22.632477955985



 RESULTS FOR STATE 2.4
 =====================

 Coefficient of reference function:   C(0) = 0.97878255 (fixed)   0.97901834 (relaxed)   0.97878257 (rotated)

 Energy contributions of configuration classes

 CLASS          SQ.NORM        ECORR1        ECORR2
 +++++++++++++++++++++++++++++++++++++++++++++++++++
 Internals    0.00048186   -0.00000000   -0.00011047
 Singles      0.02438207   -0.09320120   -0.09487239
 Pairs        0.01896075   -0.14582694   -0.14404541
 Total        1.04382469   -0.23902814   -0.23902827
 +++++++++++++++++++++++++++++++++++++++++++++++++++


 Reference energy                    -149.58556615
 Nuclear energy                         8.79671208
 Kinetic energy                       149.86865114
 One electron energy                 -223.77009593
 Two electron energy                   65.14878943
 Virial quotient                       -0.99970603
 Correlation energy                    -0.23902827
 !MRCI STATE 2.4 Energy              -149.824594424000

 Properties without orbital relaxation:

 !MRCI STATE 2.4 Dipole moment          0.00000000     0.00000000     0.00000000
 Dipole moment /Debye                   0.00000000     0.00000000     0.00000000

 Cluster corrected energies          -149.83506976 (Davidson, fixed reference)
 Cluster corrected energies          -149.83494960 (Davidson, relaxed reference)
 Cluster corrected energies          -149.83506976 (Davidson, rotated reference)

 Cluster corrected energies          -149.83319822 (Pople, fixed reference)
 Cluster corrected energies          -149.83309695 (Pople, relaxed reference)
 Cluster corrected energies          -149.83319821 (Pople, rotated reference)


 Cluster corrections using rotated reference energy:

 Reference energy (rotated)          -149.58556616
 MRCI Correlation energy               -0.23902827

 Cluster corrected energies          -149.83494960 (Davidson, relaxed reference)
 Cluster corrected energies          -149.83506975 (Davidson, rotated reference)

 Cluster corrected energies          -149.83309695 (Pople, relaxed reference)
 Cluster corrected energies          -149.83319821 (Pople, rotated reference)

 

 !MRCI expec         <2.4|QMXX|2.4>    -0.475476278870
 !MRCI expec         <2.4|QMYY|2.4>    -0.475468321775
 !MRCI expec         <2.4|QMZZ|2.4>     0.950944600644
 !MRCI expec         <2.4|QMRR|2.4>   -22.783185879980

 !MRCI trans         <2.4|QMXX|1.4>     0.000384207345
 !MRCI trans         <2.4|QMYY|1.4>     0.000378391126
 !MRCI trans         <2.4|QMZZ|1.4>    -0.000762598471
 !MRCI trans         <2.4|QMRR|1.4>    -0.003250172451


 **********************************************************************************************************************************
 DATASETS  * FILE   NREC   LENGTH (MB)   RECORD NAMES
              1      20      234.21       500      610      701      900      950      970     1000      129      960     1100   
                                          VAR    BASINP    GEOM    SYMINP    ZMAT    AOBASIS   BASIS     P2S    ABASIS      S 
                                         1400     1410     1200     1210     1080     1600     1650     1300     1700     1380   
                                           T        V       H0       H01     AOSYM     SMH    MOLCAS    ERIS     OPER     JKOP   

              2       8        7.21       500      610      700     1000      520     2100     2140      701   
                                          VAR    BASINP    GEOM     BASIS   MCVARS     RHF     MCSCF    GEOM   

 PROGRAMS   *        TOTAL        CI     MULTI       INT   RESTART
 CPU TIMES  *      6685.09   6649.42     18.35     17.20      0.01
 REAL TIME  *      6755.76 SEC
 DISK USED  *         3.86 GB      
 **********************************************************************************************************************************
 SETTING E1(1)          =      -149.89698086  AU                              
 SETTING E2(1)          =      -149.82459442  AU                              

 DO I                   =         2.00000000   


 Using spherical harmonics

 Library entry O      S aug-cc-pV5Z          selected for orbital group  1
 Library entry O      P aug-cc-pV5Z          selected for orbital group  1
 Library entry O      D aug-cc-pV5Z          selected for orbital group  1
 Library entry O      F aug-cc-pV5Z          selected for orbital group  1
 Library entry O      G aug-cc-pV5Z          selected for orbital group  1
 Library entry O      H aug-cc-pV5Z          selected for orbital group  1


 PROGRAM * SEWARD (Integral evaluation for generally contracted gaussian basis sets)     Author: Roland Lindh, 1990

 Geometry written to block  1 of record 701

 Orientation using atomic masses  
 Molecule type: Linear
 Symmetry elements: X,Y,Z
 Rotational constants:       4.1535006      4.1535006      0.0000000 GHz  (calculated with average atomic masses)

 Point group  D2h 



 ATOMIC COORDINATES

 NR  ATOM    CHARGE       X              Y              Z

   1  O       8.00    0.000000000    0.000000000   -3.684965943
   2  O       8.00    0.000000000    0.000000000    3.684965943

 NUCLEAR CHARGE:                   16
 NUMBER OF PRIMITIVE AOS:         398
 NUMBER OF SYMMETRY AOS:          288
 NUMBER OF CONTRACTIONS:          254   (  46Ag  +  31B3u +  31B2u +  19B1g +  46B1u +  31B2g +  31B3g +  19Au  )
 NUMBER OF CORE ORBITALS:           2   (   1Ag  +   0B3u +   0B2u +   0B1g +   1B1u +   0B2g +   0B3g +   0Au  )
 NUMBER OF VALENCE ORBITALS:        8   (   2Ag  +   1B3u +   1B2u +   0B1g +   2B1u +   1B2g +   1B3g +   0Au  )


 NUCLEAR REPULSION ENERGY    8.68393372

 EXTRA SYMMETRY OF AOS IN SYMMETRY 1:   1 1 1 1 1 1 1 1 1 1   1 1 1 1 2 1 2 1 2 1   2 1 2 1 2 1 2 1 2 1   2 1 3 2 1 3 2 1 3 2
                                        2 3 1 2 3 1
 EXTRA SYMMETRY OF AOS IN SYMMETRY 2:   1 1 1 1 1 1 1 1 1 1   1 1 2 1 2 1 2 1 2 1   2 1 2 1 2 1 2 3 1 2   3
 EXTRA SYMMETRY OF AOS IN SYMMETRY 3:   1 1 1 1 1 1 1 1 1 1   1 1 2 1 2 1 2 1 2 1   2 1 2 1 2 1 2 3 1 2   3
 EXTRA SYMMETRY OF AOS IN SYMMETRY 4:   1 1 1 1 1 1 1 1 1 1   2 1 2 1 2 2 1 2 1
 EXTRA SYMMETRY OF AOS IN SYMMETRY 5:   1 1 1 1 1 1 1 1 1 1   1 1 1 1 2 1 2 1 2 1   2 1 2 1 2 1 2 1 2 1   2 1 3 2 1 3 2 1 3 2
                                        2 3 1 2 3 1
 EXTRA SYMMETRY OF AOS IN SYMMETRY 6:   1 1 1 1 1 1 1 1 1 1   1 1 2 1 2 1 2 1 2 1   2 1 2 1 2 1 2 3 1 2   3
 EXTRA SYMMETRY OF AOS IN SYMMETRY 7:   1 1 1 1 1 1 1 1 1 1   1 1 2 1 2 1 2 1 2 1   2 1 2 1 2 1 2 3 1 2   3
 EXTRA SYMMETRY OF AOS IN SYMMETRY 8:   1 1 1 1 1 1 1 1 1 1   2 1 2 1 2 2 1 2 1

 Eigenvalues of metric

         1 0.238E-03 0.540E-02 0.845E-02 0.339E-01 0.541E-01 0.641E-01 0.678E-01 0.133E+00
         2 0.540E-02 0.357E-01 0.685E-01 0.144E+00 0.148E+00 0.163E+00 0.251E+00 0.257E+00
         3 0.540E-02 0.357E-01 0.685E-01 0.144E+00 0.148E+00 0.163E+00 0.251E+00 0.257E+00
         4 0.678E-01 0.146E+00 0.245E+00 0.257E+00 0.257E+00 0.410E+00 0.410E+00 0.485E+00
         5 0.237E-03 0.524E-02 0.622E-02 0.200E-01 0.298E-01 0.625E-01 0.664E-01 0.103E+00
         6 0.539E-02 0.334E-01 0.609E-01 0.132E+00 0.141E+00 0.144E+00 0.212E+00 0.256E+00
         7 0.539E-02 0.334E-01 0.609E-01 0.132E+00 0.141E+00 0.144E+00 0.212E+00 0.256E+00
         8 0.664E-01 0.142E+00 0.237E+00 0.256E+00 0.257E+00 0.410E+00 0.410E+00 0.473E+00


 Contracted 2-electron integrals neglected if value below      1.0D-11
 AO integral compression algorithm  1   Integral accuracy      1.0D-11

     330.826 MB (compressed) written to integral file ( 36.2%)


 NUMBER OF SORTED TWO-ELECTRON INTEGRALS:   66838400.     BUFFER LENGTH:  32768
 NUMBER OF SEGMENTS:   5  SEGMENT LENGTH:   15999177      RECORD LENGTH: 524288

 Memory used in sort:      16.56 MW

 SORT1 READ   114264352. AND WROTE    47249282. INTEGRALS IN    139 RECORDS. CPU TIME:     2.86 SEC, REAL TIME:     3.28 SEC
 SORT2 READ    47249282. AND WROTE    66838400. INTEGRALS IN   1262 RECORDS. CPU TIME:     1.16 SEC, REAL TIME:     1.37 SEC

 FILE SIZES:   FILE 1:   351.4 MBYTE,  FILE 4:   583.0 MBYTE,   TOTAL:    934.5 MBYTE

 OPERATOR DM      FOR CENTER  0  COORDINATES:    0.000000    0.000000    0.000000
 OPERATOR QM      FOR CENTER  0  COORDINATES:    0.000000    0.000000    0.000000


 **********************************************************************************************************************************
 DATASETS  * FILE   NREC   LENGTH (MB)   RECORD NAMES
              1      19      223.16       500      610      701      900      950      970     1000      129      960     1100   
                                          VAR    BASINP    GEOM    SYMINP    ZMAT    AOBASIS   BASIS     P2S    ABASIS      S 
                                         1400     1410     1200     1210     1080     1600     1650     1300     1700   
                                           T        V       H0       H01     AOSYM     SMH    MOLCAS    ERIS     OPER   

              2       8        7.21       500      610      700     1000      520     2100     2140      701   
                                          VAR    BASINP    GEOM     BASIS   MCVARS     RHF     MCSCF    GEOM   

 PROGRAMS   *        TOTAL       INT        CI     MULTI       INT   RESTART
 CPU TIMES  *      6701.90     16.80   6649.42     18.35     17.20      0.01
 REAL TIME  *      6778.25 SEC
 DISK USED  *         3.86 GB      
 **********************************************************************************************************************************


 PROGRAM * MULTI (Direct Multiconfiguration SCF)       Authors: P.J. Knowles, H.-J. Werner (1984)     S.T. Elbert (1988)


 Number of closed-shell orbitals:   2 (   2   0   0   0   0   0   0   0 )
 Number of active  orbitals:       12 (   1   2   2   0   3   2   2   0 )
 Number of external orbitals:     240 (  43  29  29  19  43  29  29  19 )

 State symmetry 1

 Number of electrons:    12    Spin symmetry=Triplet   Space symmetry=4
 Number of states:        3
 Number of CSFs:      47808   (78400 determinants, 627264 intermediate states)

 Iteration controls:
             1  2  3  4  5  6  7  8  9 10 11 12 13 14 15 16 17 18 19 20 21 22 23 24 25 26 27 28 29 30 31 32 33 34 35 36 37 38 39
 DIAGCI      T  T  T  T  T  T  T  T  T  T  T  T  T  T  T  T  T  T  T  T  T  T  T  T  T  T  T  T  T  T  T  T  T  T  T  T  T  T  T
 WERNER      T  T  T  T  T  T  T  T  T  T  T  T  T  T  T  T  T  T  T  T  T  T  T  T  T  T  T  T  T  T  T  T  T  T  T  T  T  T  T
 INTERNAL    F  T  T  T  T  T  T  T  T  T  T  T  T  T  T  T  T  T  T  T  T  T  T  T  T  T  T  T  T  T  T  T  T  T  T  T  T  T  T

 Molecular orbitals read from record     2140.2  Type=MCSCF/NATURAL (state averaged)

 EXTRA SYMMETRY OF MOS IN SYMMETRY 1:   1 1 1 1 1 1 2 1 1 2   1 2 1 1 1 2 3 1 2 1   2 1 1 1 2 3 1 2 3 2   1 2 1 1 1 1 2 3 1 2
                                        3 1 2 2 1 1
 EXTRA SYMMETRY OF MOS IN SYMMETRY 2:   1 1 1 1 1 2 1 1 1 2   1 2 1 1 1 2 3 1 2 1   2 1 1 1 2 3 1 2 1 2   1
 EXTRA SYMMETRY OF MOS IN SYMMETRY 3:   1 1 1 1 1 2 1 1 1 2   1 2 1 1 1 2 3 1 2 1   2 1 1 1 2 3 1 2 1 2   1
 EXTRA SYMMETRY OF MOS IN SYMMETRY 4:   1 1 1 1 2 1 1 1 2 1   2 1 1 1 2 1 2 1 1
 EXTRA SYMMETRY OF MOS IN SYMMETRY 5:   1 1 1 1 1 2 1 1 1 2   1 2 1 1 2 3 1 2 1 1   2 1 1 1 2 3 2 1 3 2   1 2 1 1 1 1 2 3 1 2
                                        3 2 1 2 1 1
 EXTRA SYMMETRY OF MOS IN SYMMETRY 6:   1 1 1 1 2 1 1 1 2 1   2 1 1 1 1 2 3 1 2 2   1 1 1 1 2 3 1 2 2 1   1
 EXTRA SYMMETRY OF MOS IN SYMMETRY 7:   1 1 1 1 2 1 1 1 2 1   2 1 1 1 1 2 3 1 2 2   1 1 1 1 2 3 1 2 2 1   1
 EXTRA SYMMETRY OF MOS IN SYMMETRY 8:   1 1 1 1 2 1 1 1 2 1   2 1 1 1 2 1 2 1 1

 Wavefunction dump at record             2140.2

 Convergence thresholds  0.10E-01 (gradient)  0.10E-05 (energy)  0.10E-02 (step length)

 Weight factors for state symmetry  1:    0.33333   0.33333   0.33333

 Number of orbital rotations:      492   (     2 Core/Active     86 Core/Virtual   0 Active/Active    404 Active/Virtual)
 Total number of variables:     235692


 ITER. MIC  NCI  NEG     ENERGY(VAR)     ENERGY(PROJ)   ENERGY CHANGE     GRAD(0)  GRAD(ORB)   GRAD(CI)     STEP       TIME

   1   23   25    0    -149.61255598    -149.61255600   -0.00000002    0.00026382 0.00000014 0.00000161  0.20D-03      4.70

 ** WVFN ****  CONVERGENCE REACHED, FINAL GRADIENT:  0.20D-06



 Results for state 1.4
 =====================

 !MCSCF STATE 1.4 Energy             -149.666629189905
 Nuclear energy                         8.68393372
 Kinetic energy                       149.66034964
 One electron energy                 -223.71702021
 Two electron energy                   65.36645730
 Virial ratio                           2.00004196

 !MCSCF STATE 1.4 Dipole moment         0.00000000     0.00000000     0.00000000
 Dipole moment /Debye                   0.00000000     0.00000000     0.00000000

 Results for state 2.4
 =====================

 !MCSCF STATE 2.4 Energy             -149.585563386805
 Nuclear energy                         8.68393372
 Kinetic energy                       149.58792791
 One electron energy                 -223.66033872
 Two electron energy                   65.39084162
 Virial ratio                           1.99998419

 !MCSCF STATE 2.4 Dipole moment         0.00000000     0.00000000     0.00000000
 Dipole moment /Debye                   0.00000000     0.00000000     0.00000000

 Results for state 3.4
 =====================

 !MCSCF STATE 3.4 Energy             -149.585475423403
 Nuclear energy                         8.68393372
 Kinetic energy                       149.58850043
 One electron energy                 -223.66091804
 Two electron energy                   65.39150890
 Virial ratio                           1.99997978

 !MCSCF STATE 3.4 Dipole moment         0.00000000     0.00000000     0.00000000
 Dipole moment /Debye                   0.00000000     0.00000000     0.00000000

 State-averaged charge density matrix saved on record  2140.2 (density set 1)

 !MCSCF expec        <1.4|QMXX|1.4>    -0.502553966281
 !MCSCF trans        <2.4|QMXX|1.4>    -0.000835425706
 !MCSCF expec        <2.4|QMXX|2.4>    -0.507079817511
 !MCSCF trans        <3.4|QMXX|1.4>    -0.000019007029
 !MCSCF trans        <3.4|QMXX|2.4>    -0.036329472276
 !MCSCF expec        <3.4|QMXX|3.4>    -0.507635614183

 !MCSCF expec        <1.4|QMYY|1.4>    -0.502553966281
 !MCSCF trans        <2.4|QMYY|1.4>    -0.000835425706
 !MCSCF expec        <2.4|QMYY|2.4>    -0.507079817507
 !MCSCF trans        <3.4|QMYY|1.4>     0.000019007029
 !MCSCF trans        <3.4|QMYY|2.4>     0.036329472276
 !MCSCF expec        <3.4|QMYY|3.4>    -0.507635614188

 !MCSCF expec        <1.4|QMZZ|1.4>     1.005107932561
 !MCSCF trans        <2.4|QMZZ|1.4>     0.001670851412
 !MCSCF expec        <2.4|QMZZ|2.4>     1.014159635018
 !MCSCF expec        <3.4|QMZZ|3.4>     1.015271228371

 !MCSCF expec        <1.4|QMRR|1.4>   -22.727974563041
 !MCSCF trans        <2.4|QMRR|1.4>     0.001322318674
 !MCSCF expec        <2.4|QMRR|2.4>   -22.790690223860
 !MCSCF expec        <3.4|QMRR|3.4>   -22.788921927614


 EXTRA SYMMETRY OF MOS IN SYMMETRY 1:   1 1 1 1 1 1 2 1 1 2   1 2 1 1 1 2 3 1 2 1   2 1 1 1 2 3 1 2 3 1   2 2 1 1 1 1 2 3 1 2
                                        3 1 2 2 1 1

 Natural orbital dump (state averaged) at molpro section  2140.2    (Orbital set 2)


 CI vector
 =========

 2 20 20 220 a0 a0        0.3552117   0.3585775   0.0000000
 2 a0 a0 220 20 20       -0.3530772  -0.3507590  -0.0000000
 b 20 a0 22a a0 20       -0.0001990  -0.0026964  -0.3508475
 b a0 20 22a 20 a0        0.0001990   0.0026964  -0.3508475
 a a0 20 22a 20 b0        0.3501303  -0.3508140   0.3505038
 a 20 a0 22a b0 20       -0.3501303   0.3508140   0.3505038
 a b0 20 22a 20 a0       -0.3504468   0.3505843   0.3506823
 a 20 b0 22a a0 20        0.3504468  -0.3505843   0.3506823
 a a0 20 22b 20 a0        0.0001175  -0.0024667  -0.3503386
 a 20 a0 22b a0 20       -0.0001175   0.0024667  -0.3503386
 0 20 20 222 a0 a0       -0.3478332  -0.3449368  -0.0000000
 0 a0 a0 222 20 20        0.3458715   0.3474754   0.0000000

 TOTAL ENERGIES                      -149.66662919  -149.58556339  -149.58547542



 **********************************************************************************************************************************
 DATASETS  * FILE   NREC   LENGTH (MB)   RECORD NAMES
              1      20      233.74       500      610      701      900      950      970     1000      129      960     1100   
                                          VAR    BASINP    GEOM    SYMINP    ZMAT    AOBASIS   BASIS     P2S    ABASIS      S 
                                         1400     1410     1200     1210     1080     1600     1650     1300     1700     1380   
                                           T        V       H0       H01     AOSYM     SMH    MOLCAS    ERIS     OPER     JKOP   

              2       8        7.21       500      610      700     1000      520     2100     2140      701   
                                          VAR    BASINP    GEOM     BASIS   MCVARS     RHF     MCSCF    GEOM   

 PROGRAMS   *        TOTAL     MULTI       INT        CI     MULTI       INT   RESTART
 CPU TIMES  *      6710.38      8.48     16.80   6649.42     18.35     17.20      0.01
 REAL TIME  *      6787.70 SEC
 DISK USED  *         3.86 GB      
 **********************************************************************************************************************************


 PROGRAM * CI (Multireference internally contracted CI)     Authors: H.-J. Werner, P.J. Knowles, 1987


 Convergence thresholds:  THRVAR = 1.00D-08  THRDEN = 1.00D-06

 Number of optimized states:  2  Roots:   1   2
 Number of reference states:  2  Roots:   1   2

 Program parameters:       NSTATE=  2    NSTATI=  3    NSTATR=  2    NCEPA = -1    NOKOP =  0    ITRDM =  0    ITRANS=  0
                           IDIP  =200    MAXIT =250    MAXITI=250    MAXDAV=  6    MAXVI =  9    NOSING=  0    NOPAIR=  0
                           MXSHRF=  8    IKCPS =  0    IOPTGM=  2    IOPTOR=  0    REFOPT=  1    IAVDEN=  0    IDELCG=  1
                           IREST =  0    NATORB=  0    IPUNRF=  0    ISEP  =  0    OLDDEN=  0    NSTPRI=  1    GPSFLI= -1
                           CLUSTE=  0    CLOSED=  1    ILSTYP=  0    ITRLS =  0    ICCSD =  0    LOCAL =  0    IBASO =  0
                           MP    =  0    ITEDIS=  2    INCDIS=  1    MAXDIS=  6    ITYDIS=  1    BRUECK=  0    IBRSTR=  3
                           INCBRK=  1    TRIPLE=  0    ICCTYP=  1    IHPPD =  0    ICCNEW=  0    I3EXT = -1    IDEB  =  0
                           IDLEIG=  1    IDFTYP=  1    IMP3  =  0    IPROCS=  0    NOINT =  0    NOREF =  1    IMP2G =  0
                           IHINT =  0    IFDIA =  0    ISPARO=  1    JKSYM =  0    CPHF  =  0    MP2D  = -1    DKINT =  0
                           NPKEX =  1    DRVK  =  1    HLSTRA=  1    WIGNER=  1    DIIS_C=  1    MAXIT_= 50    MATEL =  0
                           SPDEG =  1    MEMCPH=  0    DISM  =  1    KDCPMA=  5    IKDCP_=  0    IREDTH=  0    USECS =  0
                           IPROCC=  0    I3SAVE=  1    IKDCP =  1    USECI =  0    OLDPAI=  0    IPROCI=  0    KEEPCL=  1
                           DISCON=  0    SHIFTE=  0    DIISIN=  0    MOLCAS=  0    MEM_PT=  0    RECORD=  0    RS2C  =  0
                           KEXT  = -1    CIPT2 =  0    DECP0S=  0    I4EXT = -1    NATCOR=  0    RIMP2 =  0    DDCI  = -1

 Reference symmetry:                   4   Triplet 
 Number of electrons:                 16
 Maximum number of shells:             6
 Maximum number of spin couplings:   297

 Reference space:     9136 conf    47808 CSFs
 N elec internal:    72865 conf   382239 CSFs
 N-1 el internal:    69576 conf   622908 CSFs
 N-2 el internal:    57950 conf   876478 CSFs

 Number of electrons in valence space:                     12
 Maximum number of open shell orbitals in reference space: 10
 Maximum number of open shell orbitals in internal spaces: 12


 Number of core orbitals:           2 (   2   0   0   0   0   0   0   0 )
 Number of active  orbitals:       12 (   1   2   2   0   3   2   2   0 )
 Number of external orbitals:     240 (  43  29  29  19  43  29  29  19 )

 Molecular orbitals read from record     2140.2  Type=MCSCF/NATURAL (state averaged)

 Coulomb and exchange operators available. No transformation done.

 Number of p-space configurations:  14

 Reference wavefunction optimized for reference space (refopt=1)

 State     Reference Energy 
   1        -149.66662919
   2        -149.58556339
   3        -149.58547542

 Number of blocks in overlap matrix:    16   Smallest eigenvalue:  0.97D-05
 Number of N-2 electron functions:     288
 Number of N-1 electron functions:  622908

 Number of internal configurations:                47808
 Number of singly external configurations:      18686980
 Number of doubly external configurations:       1049024
 Total number of contracted configurations:     19783812
 Total number of uncontracted configurations: 3169518620

 Diagonal Coupling coefficients finished.               Storage:31984173 words, CPU-Time:     65.19 seconds.
 Energy denominators for pairs finished in 1 passes.    Storage: 2273367 words, CPU-time:      0.01 seconds.

  ITER. STATE  ROOT     SQ.NORM     CORR.ENERGY   TOTAL ENERGY   ENERGY CHANGE       DEN1      VAR(S)    VAR(P)      TIME
    1     1     1     1.00000000     0.00000000  -149.66662919     0.00000000    -0.21331304  0.17D-01  0.14D-01    94.71
    1     2     2     1.00000000     0.00000000  -149.58556339     0.00000000    -0.22322450  0.18D-01  0.15D-01    94.71
    2     1     1     1.03228651    -0.21797343  -149.88460262    -0.21797343    -0.00992513  0.41D-03  0.65D-03   680.49
    2     2     2     1.03404991    -0.22655854  -149.81212192    -0.22655854    -0.01003471  0.42D-03  0.67D-03   680.49
    3     1     1     1.03790742    -0.22911071  -149.89573990    -0.01113727    -0.00087165  0.78D-04  0.58D-04  1266.19
    3     2     2     1.03987667    -0.23780177  -149.82336516    -0.01124323    -0.00088545  0.83D-04  0.58D-04  1266.19
    4     1     1     1.04068971    -0.23018521  -149.89681440    -0.00107450    -0.00010291  0.92D-05  0.89D-05  1852.29
    4     2     2     1.04277170    -0.23886852  -149.82443191    -0.00106675    -0.00010210  0.10D-04  0.90D-05  1852.29
    5     1     1     1.04101991    -0.23029064  -149.89691983    -0.00010543    -0.00002387  0.29D-05  0.21D-05  2437.62
    5     2     2     1.04314304    -0.23896908  -149.82453247    -0.00010056    -0.00002493  0.44D-05  0.21D-05  2437.62
    6     1     1     1.04105494    -0.23031209  -149.89694128    -0.00002145    -0.00000509  0.83D-06  0.29D-06  3022.89
    6     2     2     1.04319276    -0.23898855  -149.82455193    -0.00001946    -0.00000647  0.18D-05  0.29D-06  3022.89
    7     1     1     1.04110497    -0.23031668  -149.89694587    -0.00000459    -0.00000161  0.34D-06  0.11D-06  3606.95
    7     2     2     1.04323348    -0.23899306  -149.82455645    -0.00000452    -0.00000192  0.41D-06  0.17D-06  3606.95
    8     1     1     1.04113465    -0.23031787  -149.89694706    -0.00000119    -0.00000051  0.11D-06  0.36D-07  4191.85
    8     2     2     1.04327200    -0.23899457  -149.82455795    -0.00000150    -0.00000054  0.96D-07  0.47D-07  4191.85
    9     1     1     1.04114923    -0.23031832  -149.89694751    -0.00000044    -0.00000019  0.36D-07  0.12D-07  4776.54
    9     2     2     1.04329044    -0.23899502  -149.82455840    -0.00000045    -0.00000024  0.69D-07  0.13D-07  4776.54
   10     1     1     1.04115597    -0.23031847  -149.89694766    -0.00000015    -0.00000008  0.17D-07  0.44D-08  5360.71
   10     2     2     1.04329865    -0.23899517  -149.82455856    -0.00000016    -0.00000009  0.26D-07  0.62D-08  5360.71
   11     1     1     1.04116044    -0.23031853  -149.89694772    -0.00000006    -0.00000004  0.10D-07  0.18D-08  5945.98
   11     2     2     1.04330378    -0.23899524  -149.82455862    -0.00000006    -0.00000004  0.89D-08  0.24D-08  5945.98
   12     1     1     1.04116339    -0.23031856  -149.89694775    -0.00000003    -0.00000002  0.43D-08  0.79D-09  6531.95
   12     2     2     1.04330735    -0.23899526  -149.82455865    -0.00000003    -0.00000002  0.50D-08  0.92D-09  6531.95


 =====================================
 Analysis of CPU times by interactions
 =====================================

       I      S      P

 I   0.7%
 S   0.6%  19.5%
 P   2.1%  67.6%   7.8%

 Initialization:   1.1%
 Other:            0.6%

 Total CPU:     6531.9 seconds
 =====================================



 Reference coefficients greater than 0.0500000
 =============================================
 //02022/20\0           0.3960660   0.3969778
 /20/022/\020          -0.3960656  -0.3969757
 22020220/0/0           0.3485846  -0.3522055
 2/0/02202020          -0.3460571   0.3436152
 02020222/0/0          -0.3408846   0.3374398
 0/0/02222020           0.3385759  -0.3396482
 /\02022/20/0          -0.2430284  -0.2408071
 /20\022//020           0.2430284   0.2408097
 /20/022\/020          -0.1402215  -0.1434344
 //02022\20/0           0.1402215   0.1434329

 Coefficients of fixed reference functions:
 ==========================================

 State      Coefficients
   1         0.979728   -0.000155
   2         0.000173    0.978790

 Coefficients of rotated reference functions:
 ============================================

 State      Coefficients
   1         0.979728    0.000009
   2         0.000009    0.978790



 RESULTS FOR STATE 1.4
 =====================

 Coefficient of reference function:   C(0) = 0.97972844 (fixed)   0.98003267 (relaxed)   0.97972845 (rotated)

 Energy contributions of configuration classes

 CLASS          SQ.NORM        ECORR1        ECORR2
 +++++++++++++++++++++++++++++++++++++++++++++++++++
 Internals    0.00062115   -0.00000000   -0.00013770
 Singles      0.02262018   -0.08796489   -0.08943660
 Pairs        0.01856878   -0.14235327   -0.14074426
 Total        1.04181011   -0.23031817   -0.23031856
 +++++++++++++++++++++++++++++++++++++++++++++++++++


 Reference energy                    -149.66662919
 Nuclear energy                         8.68393372
 Kinetic energy                       149.95434202
 One electron energy                 -223.65110870
 Two electron energy                   65.07022723
 Virial quotient                       -0.99961725
 Correlation energy                    -0.23031856
 !MRCI STATE 1.4 Energy              -149.896947748117

 Properties without orbital relaxation:

 !MRCI STATE 1.4 Dipole moment          0.00000000     0.00000000     0.00000000
 Dipole moment /Debye                   0.00000000     0.00000000     0.00000000

 Cluster corrected energies          -149.90657739 (Davidson, fixed reference)
 Cluster corrected energies          -149.90642844 (Davidson, relaxed reference)
 Cluster corrected energies          -149.90657739 (Davidson, rotated reference)

 Cluster corrected energies          -149.90484737 (Pople, fixed reference)
 Cluster corrected energies          -149.90472215 (Pople, relaxed reference)
 Cluster corrected energies          -149.90484736 (Pople, rotated reference)


 Cluster corrections using rotated reference energy:

 Reference energy (rotated)          -149.66662919
 MRCI Correlation energy               -0.23031856

 Cluster corrected energies          -149.90642844 (Davidson, relaxed reference)
 Cluster corrected energies          -149.90657739 (Davidson, rotated reference)

 Cluster corrected energies          -149.90472215 (Pople, relaxed reference)
 Cluster corrected energies          -149.90484736 (Pople, rotated reference)

 

 !MRCI expec         <1.4|QMXX|1.4>    -0.490736051404
 !MRCI expec         <1.4|QMYY|1.4>    -0.490722316239
 !MRCI expec         <1.4|QMZZ|1.4>     0.981458367643
 !MRCI expec         <1.4|QMRR|1.4>   -22.633919347146



 RESULTS FOR STATE 2.4
 =====================

 Coefficient of reference function:   C(0) = 0.97878968 (fixed)   0.97902519 (relaxed)   0.97878970 (rotated)

 Energy contributions of configuration classes

 CLASS          SQ.NORM        ECORR1        ECORR2
 +++++++++++++++++++++++++++++++++++++++++++++++++++
 Internals    0.00048129   -0.00000000   -0.00011033
 Singles      0.02437154   -0.09318199   -0.09485219
 Pairs        0.01895665   -0.14581313   -0.14403275
 Total        1.04380947   -0.23899513   -0.23899526
 +++++++++++++++++++++++++++++++++++++++++++++++++++


 Reference energy                    -149.58556339
 Nuclear energy                         8.68393372
 Kinetic energy                       149.86870580
 One electron energy                 -223.54535396
 Two electron energy                   65.03686159
 Virial quotient                       -0.99970543
 Correlation energy                    -0.23899526
 !MRCI STATE 2.4 Energy              -149.824558648575

 Properties without orbital relaxation:

 !MRCI STATE 2.4 Dipole moment          0.00000000     0.00000000     0.00000000
 Dipole moment /Debye                   0.00000000     0.00000000     0.00000000

 Cluster corrected energies          -149.83502891 (Davidson, fixed reference)
 Cluster corrected energies          -149.83490890 (Davidson, relaxed reference)
 Cluster corrected energies          -149.83502890 (Davidson, rotated reference)

 Cluster corrected energies          -149.83315819 (Pople, fixed reference)
 Cluster corrected energies          -149.83305706 (Pople, relaxed reference)
 Cluster corrected energies          -149.83315818 (Pople, rotated reference)


 Cluster corrections using rotated reference energy:

 Reference energy (rotated)          -149.58556339
 MRCI Correlation energy               -0.23899526

 Cluster corrected energies          -149.83490890 (Davidson, relaxed reference)
 Cluster corrected energies          -149.83502890 (Davidson, rotated reference)

 Cluster corrected energies          -149.83305706 (Pople, relaxed reference)
 Cluster corrected energies          -149.83315818 (Pople, rotated reference)

 

 !MRCI expec         <2.4|QMXX|2.4>    -0.474859769693
 !MRCI expec         <2.4|QMYY|2.4>    -0.474851635385
 !MRCI expec         <2.4|QMZZ|2.4>     0.949711405078
 !MRCI expec         <2.4|QMRR|2.4>   -22.784472327722

 !MRCI trans         <2.4|QMXX|1.4>     0.000167752245
 !MRCI trans         <2.4|QMYY|1.4>     0.000161858033
 !MRCI trans         <2.4|QMZZ|1.4>    -0.000329610277
 !MRCI trans         <2.4|QMRR|1.4>    -0.002923387426


 **********************************************************************************************************************************
 DATASETS  * FILE   NREC   LENGTH (MB)   RECORD NAMES
              1      20      233.74       500      610      701      900      950      970     1000      129      960     1100   
                                          VAR    BASINP    GEOM    SYMINP    ZMAT    AOBASIS   BASIS     P2S    ABASIS      S 
                                         1400     1410     1200     1210     1080     1600     1650     1300     1700     1380   
                                           T        V       H0       H01     AOSYM     SMH    MOLCAS    ERIS     OPER     JKOP   

              2       8        7.21       500      610      700     1000      520     2100     2140      701   
                                          VAR    BASINP    GEOM     BASIS   MCVARS     RHF     MCSCF    GEOM   

 PROGRAMS   *        TOTAL        CI     MULTI       INT        CI     MULTI       INT   RESTART
 CPU TIMES  *     13325.22   6614.84      8.48     16.80   6649.42     18.35     17.20      0.01
 REAL TIME  *     13465.57 SEC
 DISK USED  *         3.86 GB      
 **********************************************************************************************************************************
 SETTING E1(2)          =      -149.89694775  AU                              
 SETTING E2(2)          =      -149.82455865  AU                              

 DO I                   =         3.00000000   


 Using spherical harmonics

 Library entry O      S aug-cc-pV5Z          selected for orbital group  1
 Library entry O      P aug-cc-pV5Z          selected for orbital group  1
 Library entry O      D aug-cc-pV5Z          selected for orbital group  1
 Library entry O      F aug-cc-pV5Z          selected for orbital group  1
 Library entry O      G aug-cc-pV5Z          selected for orbital group  1
 Library entry O      H aug-cc-pV5Z          selected for orbital group  1


 PROGRAM * SEWARD (Integral evaluation for generally contracted gaussian basis sets)     Author: Roland Lindh, 1990

 Geometry written to block  1 of record 701

 Orientation using atomic masses  
 Molecule type: Linear
 Symmetry elements: X,Y,Z
 Rotational constants:       4.0490142      4.0490142      0.0000000 GHz  (calculated with average atomic masses)

 Point group  D2h 



 ATOMIC COORDINATES

 NR  ATOM    CHARGE       X              Y              Z

   1  O       8.00    0.000000000    0.000000000   -3.732209096
   2  O       8.00    0.000000000    0.000000000    3.732209096

 NUCLEAR CHARGE:                   16
 NUMBER OF PRIMITIVE AOS:         398
 NUMBER OF SYMMETRY AOS:          288
 NUMBER OF CONTRACTIONS:          254   (  46Ag  +  31B3u +  31B2u +  19B1g +  46B1u +  31B2g +  31B3g +  19Au  )
 NUMBER OF CORE ORBITALS:           2   (   1Ag  +   0B3u +   0B2u +   0B1g +   1B1u +   0B2g +   0B3g +   0Au  )
 NUMBER OF VALENCE ORBITALS:        8   (   2Ag  +   1B3u +   1B2u +   0B1g +   2B1u +   1B2g +   1B3g +   0Au  )


 NUCLEAR REPULSION ENERGY    8.57401051

 EXTRA SYMMETRY OF AOS IN SYMMETRY 1:   1 1 1 1 1 1 1 1 1 1   1 1 1 1 2 1 2 1 2 1   2 1 2 1 2 1 2 1 2 1   2 1 3 2 1 3 2 1 3 2
                                        2 3 1 2 3 1
 EXTRA SYMMETRY OF AOS IN SYMMETRY 2:   1 1 1 1 1 1 1 1 1 1   1 1 2 1 2 1 2 1 2 1   2 1 2 1 2 1 2 3 1 2   3
 EXTRA SYMMETRY OF AOS IN SYMMETRY 3:   1 1 1 1 1 1 1 1 1 1   1 1 2 1 2 1 2 1 2 1   2 1 2 1 2 1 2 3 1 2   3
 EXTRA SYMMETRY OF AOS IN SYMMETRY 4:   1 1 1 1 1 1 1 1 1 1   2 1 2 1 2 2 1 2 1
 EXTRA SYMMETRY OF AOS IN SYMMETRY 5:   1 1 1 1 1 1 1 1 1 1   1 1 1 1 2 1 2 1 2 1   2 1 2 1 2 1 2 1 2 1   2 1 3 2 1 3 2 1 3 2
                                        2 3 1 2 3 1
 EXTRA SYMMETRY OF AOS IN SYMMETRY 6:   1 1 1 1 1 1 1 1 1 1   1 1 2 1 2 1 2 1 2 1   2 1 2 1 2 1 2 3 1 2   3
 EXTRA SYMMETRY OF AOS IN SYMMETRY 7:   1 1 1 1 1 1 1 1 1 1   1 1 2 1 2 1 2 1 2 1   2 1 2 1 2 1 2 3 1 2   3
 EXTRA SYMMETRY OF AOS IN SYMMETRY 8:   1 1 1 1 1 1 1 1 1 1   2 1 2 1 2 2 1 2 1

 Eigenvalues of metric

         1 0.238E-03 0.540E-02 0.847E-02 0.339E-01 0.543E-01 0.646E-01 0.677E-01 0.133E+00
         2 0.540E-02 0.356E-01 0.685E-01 0.144E+00 0.148E+00 0.163E+00 0.251E+00 0.257E+00
         3 0.540E-02 0.356E-01 0.685E-01 0.144E+00 0.148E+00 0.163E+00 0.251E+00 0.257E+00
         4 0.677E-01 0.146E+00 0.244E+00 0.257E+00 0.257E+00 0.410E+00 0.410E+00 0.484E+00
         5 0.237E-03 0.526E-02 0.630E-02 0.215E-01 0.300E-01 0.625E-01 0.665E-01 0.104E+00
         6 0.539E-02 0.335E-01 0.613E-01 0.133E+00 0.141E+00 0.144E+00 0.214E+00 0.256E+00
         7 0.539E-02 0.335E-01 0.613E-01 0.133E+00 0.141E+00 0.144E+00 0.214E+00 0.256E+00
         8 0.665E-01 0.142E+00 0.237E+00 0.256E+00 0.257E+00 0.410E+00 0.410E+00 0.474E+00


 Contracted 2-electron integrals neglected if value below      1.0D-11
 AO integral compression algorithm  1   Integral accuracy      1.0D-11

     330.039 MB (compressed) written to integral file ( 36.1%)


 NUMBER OF SORTED TWO-ELECTRON INTEGRALS:   66838400.     BUFFER LENGTH:  32768
 NUMBER OF SEGMENTS:   5  SEGMENT LENGTH:   15999177      RECORD LENGTH: 524288

 Memory used in sort:      16.56 MW

 SORT1 READ   114264352. AND WROTE    47219382. INTEGRALS IN    139 RECORDS. CPU TIME:     2.86 SEC, REAL TIME:     3.27 SEC
 SORT2 READ    47219382. AND WROTE    66838400. INTEGRALS IN   1259 RECORDS. CPU TIME:     1.17 SEC, REAL TIME:     1.36 SEC

 FILE SIZES:   FILE 1:   350.6 MBYTE,  FILE 4:   583.0 MBYTE,   TOTAL:    933.7 MBYTE

 OPERATOR DM      FOR CENTER  0  COORDINATES:    0.000000    0.000000    0.000000
 OPERATOR QM      FOR CENTER  0  COORDINATES:    0.000000    0.000000    0.000000


 **********************************************************************************************************************************
 DATASETS  * FILE   NREC   LENGTH (MB)   RECORD NAMES
              1      19      222.67       500      610      701      900      950      970     1000      129      960     1100   
                                          VAR    BASINP    GEOM    SYMINP    ZMAT    AOBASIS   BASIS     P2S    ABASIS      S 
                                         1400     1410     1200     1210     1080     1600     1650     1300     1700   
                                           T        V       H0       H01     AOSYM     SMH    MOLCAS    ERIS     OPER   

              2       8        7.21       500      610      700     1000      520     2100     2140      701   
                                          VAR    BASINP    GEOM     BASIS   MCVARS     RHF     MCSCF    GEOM   

 PROGRAMS   *        TOTAL       INT        CI     MULTI       INT        CI     MULTI       INT   RESTART
 CPU TIMES  *     13341.70     16.48   6614.84      8.48     16.80   6649.42     18.35     17.20      0.01
 REAL TIME  *     13487.77 SEC
 DISK USED  *         3.86 GB      
 **********************************************************************************************************************************


 PROGRAM * MULTI (Direct Multiconfiguration SCF)       Authors: P.J. Knowles, H.-J. Werner (1984)     S.T. Elbert (1988)


 Number of closed-shell orbitals:   2 (   2   0   0   0   0   0   0   0 )
 Number of active  orbitals:       12 (   1   2   2   0   3   2   2   0 )
 Number of external orbitals:     240 (  43  29  29  19  43  29  29  19 )

 State symmetry 1

 Number of electrons:    12    Spin symmetry=Triplet   Space symmetry=4
 Number of states:        3
 Number of CSFs:      47808   (78400 determinants, 627264 intermediate states)

 Iteration controls:
             1  2  3  4  5  6  7  8  9 10 11 12 13 14 15 16 17 18 19 20 21 22 23 24 25 26 27 28 29 30 31 32 33 34 35 36 37 38 39
 DIAGCI      T  T  T  T  T  T  T  T  T  T  T  T  T  T  T  T  T  T  T  T  T  T  T  T  T  T  T  T  T  T  T  T  T  T  T  T  T  T  T
 WERNER      T  T  T  T  T  T  T  T  T  T  T  T  T  T  T  T  T  T  T  T  T  T  T  T  T  T  T  T  T  T  T  T  T  T  T  T  T  T  T
 INTERNAL    F  T  T  T  T  T  T  T  T  T  T  T  T  T  T  T  T  T  T  T  T  T  T  T  T  T  T  T  T  T  T  T  T  T  T  T  T  T  T

 Molecular orbitals read from record     2140.2  Type=MCSCF/NATURAL (state averaged)

 EXTRA SYMMETRY OF MOS IN SYMMETRY 1:   1 1 1 1 1 1 2 1 1 2   1 2 1 1 1 2 3 1 2 1   2 1 1 1 2 3 1 2 3 1   2 2 1 1 1 1 2 3 1 2
                                        3 1 2 2 1 1
 EXTRA SYMMETRY OF MOS IN SYMMETRY 2:   1 1 1 1 1 2 1 1 1 2   1 2 1 1 1 2 3 1 2 1   2 1 1 1 2 3 1 2 1 2   1
 EXTRA SYMMETRY OF MOS IN SYMMETRY 3:   1 1 1 1 1 2 1 1 1 2   1 2 1 1 1 2 3 1 2 1   2 1 1 1 2 3 1 2 1 2   1
 EXTRA SYMMETRY OF MOS IN SYMMETRY 4:   1 1 1 1 2 1 1 1 2 1   2 1 1 1 2 1 2 1 1
 EXTRA SYMMETRY OF MOS IN SYMMETRY 5:   1 1 1 1 1 2 1 1 1 2   1 2 1 1 2 3 1 2 1 1   2 1 1 1 2 3 2 1 3 2   1 2 1 1 1 1 2 3 1 2
                                        3 2 1 2 1 1
 EXTRA SYMMETRY OF MOS IN SYMMETRY 6:   1 1 1 1 2 1 1 1 2 1   2 1 1 1 1 2 3 1 2 2   1 1 1 1 2 3 1 2 2 1   1
 EXTRA SYMMETRY OF MOS IN SYMMETRY 7:   1 1 1 1 2 1 1 1 2 1   2 1 1 1 1 2 3 1 2 2   1 1 1 1 2 3 1 2 2 1   1
 EXTRA SYMMETRY OF MOS IN SYMMETRY 8:   1 1 1 1 2 1 1 1 2 1   2 1 1 1 2 1 2 1 1

 Wavefunction dump at record             2140.2

 Convergence thresholds  0.10E-01 (gradient)  0.10E-05 (energy)  0.10E-02 (step length)

 Weight factors for state symmetry  1:    0.33333   0.33333   0.33333

 Number of orbital rotations:      492   (     2 Core/Active     86 Core/Virtual   0 Active/Active    404 Active/Virtual)
 Total number of variables:     235692


 ITER. MIC  NCI  NEG     ENERGY(VAR)     ENERGY(PROJ)   ENERGY CHANGE     GRAD(0)  GRAD(ORB)   GRAD(CI)     STEP       TIME

   1   23   25    0    -149.61255714    -149.61255716   -0.00000002    0.00024927 0.00000014 0.00000149  0.19D-03      4.70

 ** WVFN ****  CONVERGENCE REACHED, FINAL GRADIENT:  0.20D-06



 Results for state 1.4
 =====================

 !MCSCF STATE 1.4 Energy             -149.666628188474
 Nuclear energy                         8.57401051
 Kinetic energy                       149.66036131
 One electron energy                 -223.49785326
 Two electron energy                   65.25721457
 Virial ratio                           2.00004187

 !MCSCF STATE 1.4 Dipole moment         0.00000000     0.00000000     0.00000000
 Dipole moment /Debye                   0.00000000     0.00000000     0.00000000

 Results for state 2.4
 =====================

 !MCSCF STATE 2.4 Energy             -149.585561050707
 Nuclear energy                         8.57401051
 Kinetic energy                       149.58794374
 One electron energy                 -223.44119191
 Two electron energy                   65.28162035
 Virial ratio                           1.99998407

 !MCSCF STATE 2.4 Dipole moment         0.00000000     0.00000000     0.00000000
 Dipole moment /Debye                   0.00000000     0.00000000     0.00000000

 Results for state 3.4
 =====================

 !MCSCF STATE 3.4 Energy             -149.585482244410
 Nuclear energy                         8.57401051
 Kinetic energy                       149.58844567
 One electron energy                 -223.44170326
 Two electron energy                   65.28221051
 Virial ratio                           1.99998019

 !MCSCF STATE 3.4 Dipole moment         0.00000000     0.00000000     0.00000000
 Dipole moment /Debye                   0.00000000     0.00000000     0.00000000

 State-averaged charge density matrix saved on record  2140.2 (density set 1)

 !MCSCF expec        <1.4|QMXX|1.4>    -0.501984935304
 !MCSCF trans        <2.4|QMXX|1.4>    -0.000726663572
 !MCSCF expec        <2.4|QMXX|2.4>    -0.506632437551
 !MCSCF trans        <3.4|QMXX|1.4>    -0.000015749732
 !MCSCF trans        <3.4|QMXX|2.4>    -0.036329703570
 !MCSCF expec        <3.4|QMXX|3.4>    -0.507182298700

 !MCSCF expec        <1.4|QMYY|1.4>    -0.501984935304
 !MCSCF trans        <2.4|QMYY|1.4>    -0.000726663572
 !MCSCF expec        <2.4|QMYY|2.4>    -0.506632437573
 !MCSCF trans        <3.4|QMYY|1.4>     0.000015749732
 !MCSCF trans        <3.4|QMYY|2.4>     0.036329703570
 !MCSCF expec        <3.4|QMYY|3.4>    -0.507182298678

 !MCSCF expec        <1.4|QMZZ|1.4>     1.003969870608
 !MCSCF trans        <2.4|QMZZ|1.4>     0.001453327144
 !MCSCF expec        <2.4|QMZZ|2.4>     1.013264875124
 !MCSCF expec        <3.4|QMZZ|3.4>     1.014364597377

 !MCSCF expec        <1.4|QMRR|1.4>   -22.729349682821
 !MCSCF trans        <2.4|QMRR|1.4>     0.001158273384
 !MCSCF expec        <2.4|QMRR|2.4>   -22.791820951274
 !MCSCF expec        <3.4|QMRR|3.4>   -22.790137538241


 EXTRA SYMMETRY OF MOS IN SYMMETRY 1:   1 1 1 1 1 1 2 1 1 1   2 2 1 1 1 2 3 1 2 1   2 1 1 1 2 3 1 2 3 1   2 2 1 1 1 1 2 3 1 2
                                        3 1 2 2 1 1
 EXTRA SYMMETRY OF MOS IN SYMMETRY 6:   1 1 1 1 2 1 1 1 1 2   2 1 1 1 1 2 3 1 2 2   1 1 1 1 2 3 1 2 2 1   1
 EXTRA SYMMETRY OF MOS IN SYMMETRY 7:   1 1 1 1 2 1 1 1 1 2   2 1 1 1 1 2 3 1 2 2   1 1 1 1 2 3 1 2 2 1   1

 Natural orbital dump (state averaged) at molpro section  2140.2    (Orbital set 2)


 CI vector
 =========

 2 20 20 220 a0 a0        0.3547619   0.3578934  -0.0000000
 2 a0 a0 220 20 20       -0.3528370  -0.3507304   0.0000000
 b a0 20 22a 20 a0        0.0001776   0.0024861  -0.3508271
 b 20 a0 22a a0 20       -0.0001776  -0.0024861  -0.3508271
 a 20 a0 22a b0 20       -0.3501648   0.3507832   0.3505110
 a a0 20 22a 20 b0        0.3501648  -0.3507832   0.3505110
 a 20 b0 22a a0 20        0.3504528  -0.3505781   0.3506756
 a b0 20 22a 20 a0       -0.3504528   0.3505781   0.3506756
 a 20 a0 22b a0 20       -0.0001104   0.0022810  -0.3503595
 a a0 20 22b 20 a0        0.0001104  -0.0022810  -0.3503595
 0 20 20 222 a0 a0       -0.3480562  -0.3454173   0.0000000
 0 a0 a0 222 20 20        0.3462736   0.3478156  -0.0000000

 TOTAL ENERGIES                      -149.66662819  -149.58556105  -149.58548224



 **********************************************************************************************************************************
 DATASETS  * FILE   NREC   LENGTH (MB)   RECORD NAMES
              1      20      233.24       500      610      701      900      950      970     1000      129      960     1100   
                                          VAR    BASINP    GEOM    SYMINP    ZMAT    AOBASIS   BASIS     P2S    ABASIS      S 
                                         1400     1410     1200     1210     1080     1600     1650     1300     1700     1380   
                                           T        V       H0       H01     AOSYM     SMH    MOLCAS    ERIS     OPER     JKOP   

              2       8        7.21       500      610      700     1000      520     2100     2140      701   
                                          VAR    BASINP    GEOM     BASIS   MCVARS     RHF     MCSCF    GEOM   

 PROGRAMS   *        TOTAL     MULTI       INT        CI     MULTI       INT        CI     MULTI       INT   RESTART
 CPU TIMES  *     13350.07      8.37     16.48   6614.84      8.48     16.80   6649.42     18.35     17.20      0.01
 REAL TIME  *     13497.08 SEC
 DISK USED  *         3.86 GB      
 **********************************************************************************************************************************


 PROGRAM * CI (Multireference internally contracted CI)     Authors: H.-J. Werner, P.J. Knowles, 1987


 Convergence thresholds:  THRVAR = 1.00D-08  THRDEN = 1.00D-06

 Number of optimized states:  2  Roots:   1   2
 Number of reference states:  2  Roots:   1   2

 Program parameters:       NSTATE=  2    NSTATI=  3    NSTATR=  2    NCEPA = -1    NOKOP =  0    ITRDM =  0    ITRANS=  0
                           IDIP  =200    MAXIT =250    MAXITI=250    MAXDAV=  6    MAXVI =  9    NOSING=  0    NOPAIR=  0
                           MXSHRF=  8    IKCPS =  0    IOPTGM=  2    IOPTOR=  0    REFOPT=  1    IAVDEN=  0    IDELCG=  1
                           IREST =  0    NATORB=  0    IPUNRF=  0    ISEP  =  0    OLDDEN=  0    NSTPRI=  1    GPSFLI= -1
                           CLUSTE=  0    CLOSED=  1    ILSTYP=  0    ITRLS =  0    ICCSD =  0    LOCAL =  0    IBASO =  0
                           MP    =  0    ITEDIS=  2    INCDIS=  1    MAXDIS=  6    ITYDIS=  1    BRUECK=  0    IBRSTR=  3
                           INCBRK=  1    TRIPLE=  0    ICCTYP=  1    IHPPD =  0    ICCNEW=  0    I3EXT = -1    IDEB  =  0
                           IDLEIG=  1    IDFTYP=  1    IMP3  =  0    IPROCS=  0    NOINT =  0    NOREF =  1    IMP2G =  0
                           IHINT =  0    IFDIA =  0    ISPARO=  1    JKSYM =  0    CPHF  =  0    MP2D  = -1    DKINT =  0
                           NPKEX =  1    DRVK  =  1    HLSTRA=  1    WIGNER=  1    DIIS_C=  1    MAXIT_= 50    MATEL =  0
                           SPDEG =  1    MEMCPH=  0    DISM  =  1    KDCPMA=  5    IKDCP_=  0    IREDTH=  0    USECS =  0
                           IPROCC=  0    I3SAVE=  1    IKDCP =  1    USECI =  0    OLDPAI=  0    IPROCI=  0    KEEPCL=  1
                           DISCON=  0    SHIFTE=  0    DIISIN=  0    MOLCAS=  0    MEM_PT=  0    RECORD=  0    RS2C  =  0
                           KEXT  = -1    CIPT2 =  0    DECP0S=  0    I4EXT = -1    NATCOR=  0    RIMP2 =  0    DDCI  = -1

 Reference symmetry:                   4   Triplet 
 Number of electrons:                 16
 Maximum number of shells:             6
 Maximum number of spin couplings:   297

 Reference space:     9136 conf    47808 CSFs
 N elec internal:    72865 conf   382239 CSFs
 N-1 el internal:    69576 conf   622908 CSFs
 N-2 el internal:    57950 conf   876478 CSFs

 Number of electrons in valence space:                     12
 Maximum number of open shell orbitals in reference space: 10
 Maximum number of open shell orbitals in internal spaces: 12


 Number of core orbitals:           2 (   2   0   0   0   0   0   0   0 )
 Number of active  orbitals:       12 (   1   2   2   0   3   2   2   0 )
 Number of external orbitals:     240 (  43  29  29  19  43  29  29  19 )

 Molecular orbitals read from record     2140.2  Type=MCSCF/NATURAL (state averaged)

 Coulomb and exchange operators available. No transformation done.

 Number of p-space configurations:  14

 Reference wavefunction optimized for reference space (refopt=1)

 State     Reference Energy 
   1        -149.66662819
   2        -149.58556105
   3        -149.58548224

 Number of blocks in overlap matrix:    16   Smallest eigenvalue:  0.84D-05
 Number of N-2 electron functions:     288
 Number of N-1 electron functions:  622908

 Number of internal configurations:                47808
 Number of singly external configurations:      18686980
 Number of doubly external configurations:       1049024
 Total number of contracted configurations:     19783812
 Total number of uncontracted configurations: 3169518620

 Diagonal Coupling coefficients finished.               Storage:31984173 words, CPU-Time:     64.82 seconds.
 Energy denominators for pairs finished in 1 passes.    Storage: 2273367 words, CPU-time:      0.02 seconds.

  ITER. STATE  ROOT     SQ.NORM     CORR.ENERGY   TOTAL ENERGY   ENERGY CHANGE       DEN1      VAR(S)    VAR(P)      TIME
    1     1     1     1.00000000     0.00000000  -149.66662819     0.00000000    -0.21322700  0.17D-01  0.14D-01    94.94
    1     2     2     1.00000000     0.00000000  -149.58556105     0.00000000    -0.22313069  0.18D-01  0.15D-01    94.94
    2     1     1     1.03226433    -0.21792836  -149.88455655    -0.21792836    -0.00993554  0.41D-03  0.65D-03   682.79
    2     2     2     1.03402581    -0.22651104  -149.81207209    -0.22651104    -0.01004551  0.42D-03  0.67D-03   682.79
    3     1     1     1.03789200    -0.22907785  -149.89570604    -0.01114949    -0.00087365  0.78D-04  0.58D-04  1268.81
    3     2     2     1.03985975    -0.23776757  -149.82332862    -0.01125653    -0.00088774  0.83D-04  0.58D-04  1268.81
    4     1     1     1.04067570    -0.23015475  -149.89678294    -0.00107690    -0.00010330  0.92D-05  0.89D-05  1855.32
    4     2     2     1.04275629    -0.23883700  -149.82439805    -0.00106943    -0.00010258  0.10D-04  0.90D-05  1855.32
    5     1     1     1.04100647    -0.23026048  -149.89688867    -0.00010573    -0.00002403  0.29D-05  0.21D-05  2441.15
    5     2     2     1.04312826    -0.23893792  -149.82449897    -0.00010092    -0.00002511  0.44D-05  0.21D-05  2441.15
    6     1     1     1.04104187    -0.23028204  -149.89691023    -0.00002156    -0.00000513  0.84D-06  0.29D-06  3026.92
    6     2     2     1.04317835    -0.23895752  -149.82451857    -0.00001960    -0.00000651  0.18D-05  0.29D-06  3026.92
    7     1     1     1.04109191    -0.23028665  -149.89691484    -0.00000461    -0.00000164  0.35D-06  0.11D-06  3611.90
    7     2     2     1.04321924    -0.23896207  -149.82452312    -0.00000455    -0.00000193  0.41D-06  0.17D-06  3611.90
    8     1     1     1.04112182    -0.23028786  -149.89691605    -0.00000121    -0.00000052  0.11D-06  0.36D-07  4196.97
    8     2     2     1.04325798    -0.23896358  -149.82452463    -0.00000152    -0.00000055  0.97D-07  0.47D-07  4196.97
    9     1     1     1.04113657    -0.23028831  -149.89691650    -0.00000045    -0.00000019  0.37D-07  0.13D-07  4782.12
    9     2     2     1.04327650    -0.23896404  -149.82452509    -0.00000045    -0.00000024  0.69D-07  0.13D-07  4782.12
   10     1     1     1.04114343    -0.23028846  -149.89691665    -0.00000015    -0.00000008  0.17D-07  0.45D-08  5367.32
   10     2     2     1.04328471    -0.23896419  -149.82452524    -0.00000016    -0.00000009  0.26D-07  0.63D-08  5367.32
   11     1     1     1.04114798    -0.23028852  -149.89691671    -0.00000006    -0.00000004  0.10D-07  0.18D-08  5952.90
   11     2     2     1.04328987    -0.23896426  -149.82452531    -0.00000006    -0.00000004  0.91D-08  0.25D-08  5952.90
   12     1     1     1.04115090    -0.23028855  -149.89691674    -0.00000003    -0.00000002  0.43D-08  0.79D-09  6538.43
   12     2     2     1.04329352    -0.23896428  -149.82452534    -0.00000003    -0.00000002  0.52D-08  0.93D-09  6538.43


 =====================================
 Analysis of CPU times by interactions
 =====================================

       I      S      P

 I   0.7%
 S   0.6%  19.5%
 P   2.1%  67.6%   7.8%

 Initialization:   1.1%
 Other:            0.6%

 Total CPU:     6538.4 seconds
 =====================================



 Reference coefficients greater than 0.0500000
 =============================================
 //02022/20\0           0.3961128   0.3969394
 /20/022/\020          -0.3961123  -0.3969373
 22020220/0/0           0.3481203  -0.3514760
 2/0/02202020          -0.3458256   0.3435884
 02020222/0/0          -0.3411063   0.3379391
 0/0/02222020           0.3389948  -0.3400293
 /\02022/20/0          -0.2430129  -0.2409652
 /20\022//020           0.2430128   0.2409675
 /20/022\/020          -0.1402272  -0.1431908
 //02022\20/0           0.1402272   0.1431895

 Coefficients of fixed reference functions:
 ==========================================

 State      Coefficients
   1         0.979734   -0.000153
   2         0.000171    0.978796

 Coefficients of rotated reference functions:
 ============================================

 State      Coefficients
   1         0.979734    0.000009
   2         0.000009    0.978796



 RESULTS FOR STATE 1.4
 =====================

 Coefficient of reference function:   C(0) = 0.97973440 (fixed)   0.98003855 (relaxed)   0.97973441 (rotated)

 Energy contributions of configuration classes

 CLASS          SQ.NORM        ECORR1        ECORR2
 +++++++++++++++++++++++++++++++++++++++++++++++++++
 Internals    0.00062099   -0.00000000   -0.00013761
 Singles      0.02261137   -0.08794771   -0.08941856
 Pairs        0.01856508   -0.14234049   -0.14073238
 Total        1.04179745   -0.23028820   -0.23028855
 +++++++++++++++++++++++++++++++++++++++++++++++++++


 Reference energy                    -149.66662819
 Nuclear energy                         8.57401051
 Kinetic energy                       149.95434344
 One electron energy                 -223.43199888
 Two electron energy                   64.96107163
 Virial quotient                       -0.99961704
 Correlation energy                    -0.23028855
 !MRCI STATE 1.4 Energy              -149.896916740049

 Properties without orbital relaxation:

 !MRCI STATE 1.4 Dipole moment          0.00000000     0.00000000     0.00000000
 Dipole moment /Debye                   0.00000000     0.00000000     0.00000000

 Cluster corrected energies          -149.90654221 (Davidson, fixed reference)
 Cluster corrected energies          -149.90639332 (Davidson, relaxed reference)
 Cluster corrected energies          -149.90654221 (Davidson, rotated reference)

 Cluster corrected energies          -149.90481288 (Pople, fixed reference)
 Cluster corrected energies          -149.90468772 (Pople, relaxed reference)
 Cluster corrected energies          -149.90481287 (Pople, rotated reference)


 Cluster corrections using rotated reference energy:

 Reference energy (rotated)          -149.66662819
 MRCI Correlation energy               -0.23028855

 Cluster corrected energies          -149.90639332 (Davidson, relaxed reference)
 Cluster corrected energies          -149.90654221 (Davidson, rotated reference)

 Cluster corrected energies          -149.90468772 (Pople, relaxed reference)
 Cluster corrected energies          -149.90481287 (Pople, rotated reference)

 

 !MRCI expec         <1.4|QMXX|1.4>    -0.490094777393
 !MRCI expec         <1.4|QMYY|1.4>    -0.490081447385
 !MRCI expec         <1.4|QMZZ|1.4>     0.980176224778
 !MRCI expec         <1.4|QMRR|1.4>   -22.635322411957



 RESULTS FOR STATE 2.4
 =====================

 Coefficient of reference function:   C(0) = 0.97879640 (fixed)   0.97903168 (relaxed)   0.97879642 (rotated)

 Energy contributions of configuration classes

 CLASS          SQ.NORM        ECORR1        ECORR2
 +++++++++++++++++++++++++++++++++++++++++++++++++++
 Internals    0.00048081   -0.00000000   -0.00011021
 Singles      0.02436152   -0.09316382   -0.09483313
 Pairs        0.01895281   -0.14580033   -0.14402095
 Total        1.04379515   -0.23896415   -0.23896428
 +++++++++++++++++++++++++++++++++++++++++++++++++++


 Reference energy                    -149.58556105
 Nuclear energy                         8.57401051
 Kinetic energy                       149.86871837
 One electron energy                 -223.32624907
 Two electron energy                   64.92771323
 Virial quotient                       -0.99970512
 Correlation energy                    -0.23896428
 !MRCI STATE 2.4 Energy              -149.824525335441

 Properties without orbital relaxation:

 !MRCI STATE 2.4 Dipole moment          0.00000000     0.00000000     0.00000000
 Dipole moment /Debye                   0.00000000     0.00000000     0.00000000

 Cluster corrected energies          -149.83499081 (Davidson, fixed reference)
 Cluster corrected energies          -149.83487094 (Davidson, relaxed reference)
 Cluster corrected energies          -149.83499080 (Davidson, rotated reference)

 Cluster corrected energies          -149.83312087 (Pople, fixed reference)
 Cluster corrected energies          -149.83301986 (Pople, relaxed reference)
 Cluster corrected energies          -149.83312087 (Pople, rotated reference)


 Cluster corrections using rotated reference energy:

 Reference energy (rotated)          -149.58556105
 MRCI Correlation energy               -0.23896428

 Cluster corrected energies          -149.83487094 (Davidson, relaxed reference)
 Cluster corrected energies          -149.83499080 (Davidson, rotated reference)

 Cluster corrected energies          -149.83301986 (Pople, relaxed reference)
 Cluster corrected energies          -149.83312087 (Pople, rotated reference)

 

 !MRCI expec         <2.4|QMXX|2.4>    -0.474276219606
 !MRCI expec         <2.4|QMYY|2.4>    -0.474268394336
 !MRCI expec         <2.4|QMZZ|2.4>     0.948544613942
 !MRCI expec         <2.4|QMRR|2.4>   -22.785724800533

 !MRCI trans         <2.4|QMXX|1.4>    -0.000017946985
 !MRCI trans         <2.4|QMYY|1.4>    -0.000023213728
 !MRCI trans         <2.4|QMZZ|1.4>     0.000041160713
 !MRCI trans         <2.4|QMRR|1.4>    -0.002618273614


 **********************************************************************************************************************************
 DATASETS  * FILE   NREC   LENGTH (MB)   RECORD NAMES
              1      20      233.24       500      610      701      900      950      970     1000      129      960     1100   
                                          VAR    BASINP    GEOM    SYMINP    ZMAT    AOBASIS   BASIS     P2S    ABASIS      S 
                                         1400     1410     1200     1210     1080     1600     1650     1300     1700     1380   
                                           T        V       H0       H01     AOSYM     SMH    MOLCAS    ERIS     OPER     JKOP   

              2       8        7.21       500      610      700     1000      520     2100     2140      701   
                                          VAR    BASINP    GEOM     BASIS   MCVARS     RHF     MCSCF    GEOM   

 PROGRAMS   *        TOTAL        CI     MULTI       INT        CI     MULTI       INT        CI     MULTI       INT   RESTART
 CPU TIMES  *     19971.15   6621.08      8.37     16.48   6614.84      8.48     16.80   6649.42     18.35     17.20      0.01
 REAL TIME  *     20180.89 SEC
 DISK USED  *         3.86 GB      
 **********************************************************************************************************************************
 SETTING E1(3)          =      -149.89691674  AU                              
 SETTING E2(3)          =      -149.82452534  AU                              

 DO I                   =         4.00000000   


 Using spherical harmonics

 Library entry O      S aug-cc-pV5Z          selected for orbital group  1
 Library entry O      P aug-cc-pV5Z          selected for orbital group  1
 Library entry O      D aug-cc-pV5Z          selected for orbital group  1
 Library entry O      F aug-cc-pV5Z          selected for orbital group  1
 Library entry O      G aug-cc-pV5Z          selected for orbital group  1
 Library entry O      H aug-cc-pV5Z          selected for orbital group  1


 PROGRAM * SEWARD (Integral evaluation for generally contracted gaussian basis sets)     Author: Roland Lindh, 1990

 Geometry written to block  1 of record 701

 Orientation using atomic masses  
 Molecule type: Linear
 Symmetry elements: X,Y,Z
 Rotational constants:       3.9484215      3.9484215      0.0000000 GHz  (calculated with average atomic masses)

 Point group  D2h 



 ATOMIC COORDINATES

 NR  ATOM    CHARGE       X              Y              Z

   1  O       8.00    0.000000000    0.000000000   -3.779452249
   2  O       8.00    0.000000000    0.000000000    3.779452249

 NUCLEAR CHARGE:                   16
 NUMBER OF PRIMITIVE AOS:         398
 NUMBER OF SYMMETRY AOS:          288
 NUMBER OF CONTRACTIONS:          254   (  46Ag  +  31B3u +  31B2u +  19B1g +  46B1u +  31B2g +  31B3g +  19Au  )
 NUMBER OF CORE ORBITALS:           2   (   1Ag  +   0B3u +   0B2u +   0B1g +   1B1u +   0B2g +   0B3g +   0Au  )
 NUMBER OF VALENCE ORBITALS:        8   (   2Ag  +   1B3u +   1B2u +   0B1g +   2B1u +   1B2g +   1B3g +   0Au  )


 NUCLEAR REPULSION ENERGY    8.46683537

 EXTRA SYMMETRY OF AOS IN SYMMETRY 1:   1 1 1 1 1 1 1 1 1 1   1 1 1 1 2 1 2 1 2 1   2 1 2 1 2 1 2 1 2 1   2 1 3 2 1 3 2 1 3 2
                                        2 3 1 2 3 1
 EXTRA SYMMETRY OF AOS IN SYMMETRY 2:   1 1 1 1 1 1 1 1 1 1   1 1 2 1 2 1 2 1 2 1   2 1 2 1 2 1 2 3 1 2   3
 EXTRA SYMMETRY OF AOS IN SYMMETRY 3:   1 1 1 1 1 1 1 1 1 1   1 1 2 1 2 1 2 1 2 1   2 1 2 1 2 1 2 3 1 2   3
 EXTRA SYMMETRY OF AOS IN SYMMETRY 4:   1 1 1 1 1 1 1 1 1 1   2 1 2 1 2 2 1 2 1
 EXTRA SYMMETRY OF AOS IN SYMMETRY 5:   1 1 1 1 1 1 1 1 1 1   1 1 1 1 2 1 2 1 2 1   2 1 2 1 2 1 2 1 2 1   2 1 3 2 1 3 2 1 3 2
                                        2 3 1 2 3 1
 EXTRA SYMMETRY OF AOS IN SYMMETRY 6:   1 1 1 1 1 1 1 1 1 1   1 1 2 1 2 1 2 1 2 1   2 1 2 1 2 1 2 3 1 2   3
 EXTRA SYMMETRY OF AOS IN SYMMETRY 7:   1 1 1 1 1 1 1 1 1 1   1 1 2 1 2 1 2 1 2 1   2 1 2 1 2 1 2 3 1 2   3
 EXTRA SYMMETRY OF AOS IN SYMMETRY 8:   1 1 1 1 1 1 1 1 1 1   2 1 2 1 2 2 1 2 1

 Eigenvalues of metric

         1 0.238E-03 0.540E-02 0.848E-02 0.339E-01 0.544E-01 0.650E-01 0.677E-01 0.134E+00
         2 0.540E-02 0.356E-01 0.686E-01 0.144E+00 0.148E+00 0.163E+00 0.251E+00 0.257E+00
         3 0.540E-02 0.356E-01 0.686E-01 0.144E+00 0.148E+00 0.163E+00 0.251E+00 0.257E+00
         4 0.677E-01 0.145E+00 0.244E+00 0.257E+00 0.257E+00 0.410E+00 0.410E+00 0.484E+00
         5 0.237E-03 0.528E-02 0.638E-02 0.229E-01 0.301E-01 0.625E-01 0.665E-01 0.106E+00
         6 0.539E-02 0.335E-01 0.616E-01 0.133E+00 0.142E+00 0.144E+00 0.216E+00 0.256E+00
         7 0.539E-02 0.335E-01 0.616E-01 0.133E+00 0.142E+00 0.144E+00 0.216E+00 0.256E+00
         8 0.665E-01 0.143E+00 0.238E+00 0.256E+00 0.257E+00 0.410E+00 0.410E+00 0.475E+00


 Contracted 2-electron integrals neglected if value below      1.0D-11
 AO integral compression algorithm  1   Integral accuracy      1.0D-11

     328.991 MB (compressed) written to integral file ( 36.0%)


 NUMBER OF SORTED TWO-ELECTRON INTEGRALS:   66838400.     BUFFER LENGTH:  32768
 NUMBER OF SEGMENTS:   5  SEGMENT LENGTH:   15999177      RECORD LENGTH: 524288

 Memory used in sort:      16.56 MW

 SORT1 READ   114264352. AND WROTE    47187288. INTEGRALS IN    139 RECORDS. CPU TIME:     2.84 SEC, REAL TIME:     3.27 SEC
 SORT2 READ    47187288. AND WROTE    66838400. INTEGRALS IN   1255 RECORDS. CPU TIME:     1.18 SEC, REAL TIME:     1.38 SEC

 FILE SIZES:   FILE 1:   349.6 MBYTE,  FILE 4:   583.0 MBYTE,   TOTAL:    932.6 MBYTE

 OPERATOR DM      FOR CENTER  0  COORDINATES:    0.000000    0.000000    0.000000
 OPERATOR QM      FOR CENTER  0  COORDINATES:    0.000000    0.000000    0.000000


 **********************************************************************************************************************************
 DATASETS  * FILE   NREC   LENGTH (MB)   RECORD NAMES
              1      19      222.16       500      610      701      900      950      970     1000      129      960     1100   
                                          VAR    BASINP    GEOM    SYMINP    ZMAT    AOBASIS   BASIS     P2S    ABASIS      S 
                                         1400     1410     1200     1210     1080     1600     1650     1300     1700   
                                           T        V       H0       H01     AOSYM     SMH    MOLCAS    ERIS     OPER   

              2       8        7.21       500      610      700     1000      520     2100     2140      701   
                                          VAR    BASINP    GEOM     BASIS   MCVARS     RHF     MCSCF    GEOM   

 PROGRAMS   *        TOTAL       INT        CI     MULTI       INT        CI     MULTI       INT        CI     MULTI       INT
 CPU TIMES  *     19987.44     16.28   6621.08      8.37     16.48   6614.84      8.48     16.80   6649.42     18.35     17.20
 REAL TIME  *     20205.41 SEC
 DISK USED  *         3.86 GB      
 **********************************************************************************************************************************


 PROGRAM * MULTI (Direct Multiconfiguration SCF)       Authors: P.J. Knowles, H.-J. Werner (1984)     S.T. Elbert (1988)


 Number of closed-shell orbitals:   2 (   2   0   0   0   0   0   0   0 )
 Number of active  orbitals:       12 (   1   2   2   0   3   2   2   0 )
 Number of external orbitals:     240 (  43  29  29  19  43  29  29  19 )

 State symmetry 1

 Number of electrons:    12    Spin symmetry=Triplet   Space symmetry=4
 Number of states:        3
 Number of CSFs:      47808   (78400 determinants, 627264 intermediate states)

 Iteration controls:
             1  2  3  4  5  6  7  8  9 10 11 12 13 14 15 16 17 18 19 20 21 22 23 24 25 26 27 28 29 30 31 32 33 34 35 36 37 38 39
 DIAGCI      T  T  T  T  T  T  T  T  T  T  T  T  T  T  T  T  T  T  T  T  T  T  T  T  T  T  T  T  T  T  T  T  T  T  T  T  T  T  T
 WERNER      T  T  T  T  T  T  T  T  T  T  T  T  T  T  T  T  T  T  T  T  T  T  T  T  T  T  T  T  T  T  T  T  T  T  T  T  T  T  T
 INTERNAL    F  T  T  T  T  T  T  T  T  T  T  T  T  T  T  T  T  T  T  T  T  T  T  T  T  T  T  T  T  T  T  T  T  T  T  T  T  T  T

 Molecular orbitals read from record     2140.2  Type=MCSCF/NATURAL (state averaged)

 EXTRA SYMMETRY OF MOS IN SYMMETRY 1:   1 1 1 1 1 1 2 1 1 1   2 2 1 1 1 2 3 1 2 1   2 1 1 1 2 3 1 2 3 1   2 2 1 1 1 1 2 3 1 2
                                        3 1 2 2 1 1
 EXTRA SYMMETRY OF MOS IN SYMMETRY 2:   1 1 1 1 1 2 1 1 1 2   1 2 1 1 1 2 3 1 2 1   2 1 1 1 2 3 1 2 1 2   1
 EXTRA SYMMETRY OF MOS IN SYMMETRY 3:   1 1 1 1 1 2 1 1 1 2   1 2 1 1 1 2 3 1 2 1   2 1 1 1 2 3 1 2 1 2   1
 EXTRA SYMMETRY OF MOS IN SYMMETRY 4:   1 1 1 1 2 1 1 1 2 1   2 1 1 1 2 1 2 1 1
 EXTRA SYMMETRY OF MOS IN SYMMETRY 5:   1 1 1 1 1 2 1 1 1 2   1 2 1 1 2 3 1 2 1 1   2 1 1 1 2 3 2 1 3 2   1 2 1 1 1 1 2 3 1 2
                                        3 2 1 2 1 1
 EXTRA SYMMETRY OF MOS IN SYMMETRY 6:   1 1 1 1 2 1 1 1 1 2   2 1 1 1 1 2 3 1 2 2   1 1 1 1 2 3 1 2 2 1   1
 EXTRA SYMMETRY OF MOS IN SYMMETRY 7:   1 1 1 1 2 1 1 1 1 2   2 1 1 1 1 2 3 1 2 2   1 1 1 1 2 3 1 2 2 1   1
 EXTRA SYMMETRY OF MOS IN SYMMETRY 8:   1 1 1 1 2 1 1 1 2 1   2 1 1 1 2 1 2 1 1

 Wavefunction dump at record             2140.2

 Convergence thresholds  0.10E-01 (gradient)  0.10E-05 (energy)  0.10E-02 (step length)

 Weight factors for state symmetry  1:    0.33333   0.33333   0.33333

 Number of orbital rotations:      492   (     2 Core/Active     86 Core/Virtual   0 Active/Active    404 Active/Virtual)
 Total number of variables:     235692


 ITER. MIC  NCI  NEG     ENERGY(VAR)     ENERGY(PROJ)   ENERGY CHANGE     GRAD(0)  GRAD(ORB)   GRAD(CI)     STEP       TIME

   1   20   25    0    -149.61255817    -149.61255819   -0.00000002    0.00023613 0.00000013 0.00000136  0.18D-03      4.70

 ** WVFN ****  CONVERGENCE REACHED, FINAL GRADIENT:  0.19D-06



 Results for state 1.4
 =====================

 !MCSCF STATE 1.4 Energy             -149.666627335564
 Nuclear energy                         8.46683537
 Kinetic energy                       149.66037171
 One electron energy                 -223.28415015
 Two electron energy                   65.15068744
 Virial ratio                           2.00004180

 !MCSCF STATE 1.4 Dipole moment         0.00000000     0.00000000     0.00000000
 Dipole moment /Debye                   0.00000000     0.00000000     0.00000000

 Results for state 2.4
 =====================

 !MCSCF STATE 2.4 Energy             -149.585559074980
 Nuclear energy                         8.46683537
 Kinetic energy                       149.58795706
 One electron energy                 -223.22750658
 Two electron energy                   65.17511213
 Virial ratio                           1.99998397

 !MCSCF STATE 2.4 Dipole moment         0.00000000     0.00000000     0.00000000
 Dipole moment /Debye                   0.00000000     0.00000000     0.00000000

 Results for state 3.4
 =====================

 !MCSCF STATE 3.4 Energy             -149.585488166406
 Nuclear energy                         8.46683537
 Kinetic energy                       149.58839883
 One electron energy                 -223.22795913
 Two electron energy                   65.17563559
 Virial ratio                           1.99998054

 !MCSCF STATE 3.4 Dipole moment         0.00000000     0.00000000     0.00000000
 Dipole moment /Debye                   0.00000000     0.00000000     0.00000000

 State-averaged charge density matrix saved on record  2140.2 (density set 1)

 !MCSCF expec        <1.4|QMXX|1.4>    -0.501440987622
 !MCSCF trans        <2.4|QMXX|1.4>    -0.000632328361
 !MCSCF expec        <2.4|QMXX|2.4>    -0.506200992865
 !MCSCF trans        <3.4|QMXX|1.4>    -0.000013039721
 !MCSCF trans        <3.4|QMXX|2.4>    -0.036330188531
 !MCSCF expec        <3.4|QMXX|3.4>    -0.506739461654

 !MCSCF expec        <1.4|QMYY|1.4>    -0.501440987622
 !MCSCF trans        <2.4|QMYY|1.4>    -0.000632328361
 !MCSCF expec        <2.4|QMYY|2.4>    -0.506200992832
 !MCSCF trans        <3.4|QMYY|1.4>     0.000013039721
 !MCSCF trans        <3.4|QMYY|2.4>     0.036330188531
 !MCSCF expec        <3.4|QMYY|3.4>    -0.506739461687

 !MCSCF expec        <1.4|QMZZ|1.4>     1.002881975244
 !MCSCF trans        <2.4|QMZZ|1.4>     0.001264656723
 !MCSCF expec        <2.4|QMZZ|2.4>     1.012401985698
 !MCSCF expec        <3.4|QMZZ|3.4>     1.013478923341

 !MCSCF expec        <1.4|QMRR|1.4>   -22.730656345678
 !MCSCF trans        <2.4|QMRR|1.4>     0.001015040314
 !MCSCF expec        <2.4|QMRR|2.4>   -22.792902299574
 !MCSCF expec        <3.4|QMRR|3.4>   -22.791305310366


 EXTRA SYMMETRY OF MOS IN SYMMETRY 6:   1 1 1 1 2 1 1 1 1 2   2 1 1 1 1 2 3 1 2 2   1 1 1 1 2 3 1 2 1 2   1
 EXTRA SYMMETRY OF MOS IN SYMMETRY 7:   1 1 1 1 2 1 1 1 1 2   2 1 1 1 1 2 3 1 2 2   1 1 1 1 2 3 1 2 1 2   1

 Natural orbital dump (state averaged) at molpro section  2140.2    (Orbital set 2)


 CI vector
 =========

 2 20 20 220 a0 a0        0.3543552   0.3572729   0.0000000
 2 a0 a0 220 20 20       -0.3526186  -0.3506980  -0.0000000
 b a0 20 22a 20 a0        0.0001588   0.0022977  -0.3508082
 b 20 a0 22a a0 20       -0.0001588  -0.0022977  -0.3508082
 a a0 20 22a 20 b0        0.3501944  -0.3507571   0.3505177
 a 20 a0 22a b0 20       -0.3501944   0.3507571   0.3505177
 a b0 20 22a 20 a0       -0.3504566   0.3505738   0.3506693
 a 20 b0 22a a0 20        0.3504566  -0.3505738   0.3506693
 a 20 a0 22b a0 20       -0.0001034   0.0021145  -0.3503788
 a a0 20 22b 20 a0        0.0001034  -0.0021145  -0.3503788
 0 20 20 222 a0 a0       -0.3482604  -0.3458508  -0.0000000
 0 a0 a0 222 20 20        0.3466410   0.3481242   0.0000000

 TOTAL ENERGIES                      -149.66662734  -149.58555907  -149.58548817



 **********************************************************************************************************************************
 DATASETS  * FILE   NREC   LENGTH (MB)   RECORD NAMES
              1      20      232.74       500      610      701      900      950      970     1000      129      960     1100   
                                          VAR    BASINP    GEOM    SYMINP    ZMAT    AOBASIS   BASIS     P2S    ABASIS      S 
                                         1400     1410     1200     1210     1080     1600     1650     1300     1700     1380   
                                           T        V       H0       H01     AOSYM     SMH    MOLCAS    ERIS     OPER     JKOP   

              2       8        7.21       500      610      700     1000      520     2100     2140      701   
                                          VAR    BASINP    GEOM     BASIS   MCVARS     RHF     MCSCF    GEOM   

 PROGRAMS   *        TOTAL     MULTI       INT        CI     MULTI       INT        CI     MULTI       INT        CI     MULTI
 CPU TIMES  *     19995.77      8.34     16.28   6621.08      8.37     16.48   6614.84      8.48     16.80   6649.42     18.35
 REAL TIME  *     20214.65 SEC
 DISK USED  *         3.86 GB      
 **********************************************************************************************************************************


 PROGRAM * CI (Multireference internally contracted CI)     Authors: H.-J. Werner, P.J. Knowles, 1987


 Convergence thresholds:  THRVAR = 1.00D-08  THRDEN = 1.00D-06

 Number of optimized states:  2  Roots:   1   2
 Number of reference states:  2  Roots:   1   2

 Program parameters:       NSTATE=  2    NSTATI=  3    NSTATR=  2    NCEPA = -1    NOKOP =  0    ITRDM =  0    ITRANS=  0
                           IDIP  =200    MAXIT =250    MAXITI=250    MAXDAV=  6    MAXVI =  9    NOSING=  0    NOPAIR=  0
                           MXSHRF=  8    IKCPS =  0    IOPTGM=  2    IOPTOR=  0    REFOPT=  1    IAVDEN=  0    IDELCG=  1
                           IREST =  0    NATORB=  0    IPUNRF=  0    ISEP  =  0    OLDDEN=  0    NSTPRI=  1    GPSFLI= -1
                           CLUSTE=  0    CLOSED=  1    ILSTYP=  0    ITRLS =  0    ICCSD =  0    LOCAL =  0    IBASO =  0
                           MP    =  0    ITEDIS=  2    INCDIS=  1    MAXDIS=  6    ITYDIS=  1    BRUECK=  0    IBRSTR=  3
                           INCBRK=  1    TRIPLE=  0    ICCTYP=  1    IHPPD =  0    ICCNEW=  0    I3EXT = -1    IDEB  =  0
                           IDLEIG=  1    IDFTYP=  1    IMP3  =  0    IPROCS=  0    NOINT =  0    NOREF =  1    IMP2G =  0
                           IHINT =  0    IFDIA =  0    ISPARO=  1    JKSYM =  0    CPHF  =  0    MP2D  = -1    DKINT =  0
                           NPKEX =  1    DRVK  =  1    HLSTRA=  1    WIGNER=  1    DIIS_C=  1    MAXIT_= 50    MATEL =  0
                           SPDEG =  1    MEMCPH=  0    DISM  =  1    KDCPMA=  5    IKDCP_=  0    IREDTH=  0    USECS =  0
                           IPROCC=  0    I3SAVE=  1    IKDCP =  1    USECI =  0    OLDPAI=  0    IPROCI=  0    KEEPCL=  1
                           DISCON=  0    SHIFTE=  0    DIISIN=  0    MOLCAS=  0    MEM_PT=  0    RECORD=  0    RS2C  =  0
                           KEXT  = -1    CIPT2 =  0    DECP0S=  0    I4EXT = -1    NATCOR=  0    RIMP2 =  0    DDCI  = -1

 Reference symmetry:                   4   Triplet 
 Number of electrons:                 16
 Maximum number of shells:             6
 Maximum number of spin couplings:   297

 Reference space:     9136 conf    47808 CSFs
 N elec internal:    72865 conf   382239 CSFs
 N-1 el internal:    69576 conf   622908 CSFs
 N-2 el internal:    57950 conf   876478 CSFs

 Number of electrons in valence space:                     12
 Maximum number of open shell orbitals in reference space: 10
 Maximum number of open shell orbitals in internal spaces: 12


 Number of core orbitals:           2 (   2   0   0   0   0   0   0   0 )
 Number of active  orbitals:       12 (   1   2   2   0   3   2   2   0 )
 Number of external orbitals:     240 (  43  29  29  19  43  29  29  19 )

 Molecular orbitals read from record     2140.2  Type=MCSCF/NATURAL (state averaged)

 Coulomb and exchange operators available. No transformation done.

 Number of p-space configurations:  14

 Reference wavefunction optimized for reference space (refopt=1)

 State     Reference Energy 
   1        -149.66662734
   2        -149.58555907
   3        -149.58548817

 Number of blocks in overlap matrix:    16   Smallest eigenvalue:  0.73D-05
 Number of N-2 electron functions:     288
 Number of N-1 electron functions:  622908

 Number of internal configurations:                47808
 Number of singly external configurations:      18686980
 Number of doubly external configurations:       1049024
 Total number of contracted configurations:     19783812
 Total number of uncontracted configurations: 3169518620

 Diagonal Coupling coefficients finished.               Storage:31984173 words, CPU-Time:     64.97 seconds.
 Energy denominators for pairs finished in 1 passes.    Storage: 2273367 words, CPU-time:      0.02 seconds.

  ITER. STATE  ROOT     SQ.NORM     CORR.ENERGY   TOTAL ENERGY   ENERGY CHANGE       DEN1      VAR(S)    VAR(P)      TIME
    1     1     1     1.00000000     0.00000000  -149.66662734     0.00000000    -0.21314588  0.17D-01  0.14D-01    95.15
    1     2     2     1.00000000     0.00000000  -149.58555907     0.00000000    -0.22304253  0.18D-01  0.15D-01    95.15
    2     1     1     1.03224348    -0.21788670  -149.88451404    -0.21788670    -0.00994461  0.41D-03  0.65D-03   685.46
    2     2     2     1.03400323    -0.22646731  -149.81202638    -0.22646731    -0.01005490  0.42D-03  0.67D-03   685.46
    3     1     1     1.03787745    -0.22904702  -149.89567435    -0.01116031    -0.00087547  0.78D-04  0.58D-04  1272.09
    3     2     2     1.03984390    -0.23773556  -149.82329464    -0.01126826    -0.00088978  0.84D-04  0.59D-04  1272.09
    4     1     1     1.04066241    -0.23012609  -149.89675342    -0.00107907    -0.00010367  0.92D-05  0.89D-05  1859.36
    4     2     2     1.04274177    -0.23880740  -149.82436647    -0.00107183    -0.00010301  0.10D-04  0.90D-05  1859.36
    5     1     1     1.04099375    -0.23023210  -149.89685944    -0.00010602    -0.00002415  0.30D-05  0.21D-05  2445.93
    5     2     2     1.04311427    -0.23890863  -149.82446771    -0.00010124    -0.00002528  0.45D-05  0.21D-05  2445.93
    6     1     1     1.04102945    -0.23025377  -149.89688110    -0.00002166    -0.00000515  0.84D-06  0.29D-06  3032.84
    6     2     2     1.04316468    -0.23892835  -149.82448742    -0.00001971    -0.00000656  0.18D-05  0.29D-06  3032.84
    7     1     1     1.04107969    -0.23025840  -149.89688574    -0.00000463    -0.00000165  0.35D-06  0.11D-06  3618.62
    7     2     2     1.04320570    -0.23893292  -149.82449200    -0.00000458    -0.00000195  0.41D-06  0.17D-06  3618.62
    8     1     1     1.04110970    -0.23025962  -149.89688695    -0.00000122    -0.00000052  0.11D-06  0.36D-07  4204.35
    8     2     2     1.04324463    -0.23893445  -149.82449353    -0.00000153    -0.00000055  0.98D-07  0.47D-07  4204.35
    9     1     1     1.04112448    -0.23026007  -149.89688741    -0.00000045    -0.00000019  0.37D-07  0.13D-07  4790.14
    9     2     2     1.04326322    -0.23893491  -149.82449398    -0.00000046    -0.00000024  0.70D-07  0.13D-07  4790.14
   10     1     1     1.04113136    -0.23026023  -149.89688756    -0.00000016    -0.00000008  0.17D-07  0.45D-08  5376.07
   10     2     2     1.04327149    -0.23893507  -149.82449414    -0.00000016    -0.00000009  0.27D-07  0.64D-08  5376.07
   11     1     1     1.04113592    -0.23026029  -149.89688762    -0.00000006    -0.00000004  0.10D-07  0.18D-08  5962.45
   11     2     2     1.04327670    -0.23893513  -149.82449421    -0.00000006    -0.00000004  0.92D-08  0.25D-08  5962.45
   12     1     1     1.04113885    -0.23026032  -149.89688765    -0.00000003    -0.00000002  0.43D-08  0.79D-09  6548.66
   12     2     2     1.04328036    -0.23893516  -149.82449424    -0.00000003    -0.00000002  0.53D-08  0.95D-09  6548.66


 =====================================
 Analysis of CPU times by interactions
 =====================================

       I      S      P

 I   0.7%
 S   0.6%  19.5%
 P   2.1%  67.6%   7.8%

 Initialization:   1.1%
 Other:            0.6%

 Total CPU:     6548.7 seconds
 =====================================



 Reference coefficients greater than 0.0500000
 =============================================
 //02022/20\0           0.3961534   0.3969070
 /20/022/\020          -0.3961529  -0.3969048
 22020220/0/0           0.3477003  -0.3508084
 2/0/02202020          -0.3456157   0.3435620
 02020222/0/0          -0.3413097   0.3383945
 0/0/02222020           0.3393781  -0.3403710
 /\02022/20/0          -0.2429978  -0.2411113
 /20\022//020           0.2429977   0.2411137
 /20/022\/020          -0.1402309  -0.1429675
 //02022\20/0           0.1402310   0.1429661

 Coefficients of fixed reference functions:
 ==========================================

 State      Coefficients
   1         0.979740   -0.000152
   2         0.000169    0.978803

 Coefficients of rotated reference functions:
 ============================================

 State      Coefficients
   1         0.979740    0.000009
   2         0.000009    0.978803



 RESULTS FOR STATE 1.4
 =====================

 Coefficient of reference function:   C(0) = 0.97974017 (fixed)   0.98004422 (relaxed)   0.97974018 (rotated)

 Energy contributions of configuration classes

 CLASS          SQ.NORM        ECORR1        ECORR2
 +++++++++++++++++++++++++++++++++++++++++++++++++++
 Internals    0.00062077   -0.00000000   -0.00013755
 Singles      0.02260277   -0.08793124   -0.08940129
 Pairs        0.01856163   -0.14232871   -0.14072147
 Total        1.04178516   -0.23025996   -0.23026032
 +++++++++++++++++++++++++++++++++++++++++++++++++++


 Reference energy                    -149.66662734
 Nuclear energy                         8.46683537
 Kinetic energy                       149.95435385
 One electron energy                 -223.21836376
 Two electron energy                   64.85464073
 Virial quotient                       -0.99961678
 Correlation energy                    -0.23026032
 !MRCI STATE 1.4 Energy              -149.896887650886

 Properties without orbital relaxation:

 !MRCI STATE 1.4 Dipole moment          0.00000000     0.00000000     0.00000000
 Dipole moment /Debye                   0.00000000     0.00000000     0.00000000

 Cluster corrected energies          -149.90650912 (Davidson, fixed reference)
 Cluster corrected energies          -149.90636030 (Davidson, relaxed reference)
 Cluster corrected energies          -149.90650911 (Davidson, rotated reference)

 Cluster corrected energies          -149.90478044 (Pople, fixed reference)
 Cluster corrected energies          -149.90465534 (Pople, relaxed reference)
 Cluster corrected energies          -149.90478044 (Pople, rotated reference)


 Cluster corrections using rotated reference energy:

 Reference energy (rotated)          -149.66662733
 MRCI Correlation energy               -0.23026032

 Cluster corrected energies          -149.90636030 (Davidson, relaxed reference)
 Cluster corrected energies          -149.90650911 (Davidson, rotated reference)

 Cluster corrected energies          -149.90465534 (Pople, relaxed reference)
 Cluster corrected energies          -149.90478044 (Pople, rotated reference)

 

 !MRCI expec         <1.4|QMXX|1.4>    -0.489479183778
 !MRCI expec         <1.4|QMYY|1.4>    -0.489465723405
 !MRCI expec         <1.4|QMZZ|1.4>     0.978944907182
 !MRCI expec         <1.4|QMRR|1.4>   -22.636623432896



 RESULTS FOR STATE 2.4
 =====================

 Coefficient of reference function:   C(0) = 0.97880277 (fixed)   0.97903785 (relaxed)   0.97880278 (rotated)

 Energy contributions of configuration classes

 CLASS          SQ.NORM        ECORR1        ECORR2
 +++++++++++++++++++++++++++++++++++++++++++++++++++
 Internals    0.00048040   -0.00000000   -0.00011011
 Singles      0.02435195   -0.09314662   -0.09481502
 Pairs        0.01894921   -0.14578840   -0.14401003
 Total        1.04378156   -0.23893502   -0.23893516
 +++++++++++++++++++++++++++++++++++++++++++++++++++


 Reference energy                    -149.58555907
 Nuclear energy                         8.46683537
 Kinetic energy                       149.86875443
 One electron energy                 -223.11262477
 Two electron energy                   64.82129516
 Virial quotient                       -0.99970467
 Correlation energy                    -0.23893516
 !MRCI STATE 2.4 Energy              -149.824494236265

 Properties without orbital relaxation:

 !MRCI STATE 2.4 Dipole moment          0.00000000     0.00000000     0.00000000
 Dipole moment /Debye                   0.00000000     0.00000000     0.00000000

 Cluster corrected energies          -149.83495519 (Davidson, fixed reference)
 Cluster corrected energies          -149.83483544 (Davidson, relaxed reference)
 Cluster corrected energies          -149.83495518 (Davidson, rotated reference)

 Cluster corrected energies          -149.83308599 (Pople, fixed reference)
 Cluster corrected energies          -149.83298508 (Pople, relaxed reference)
 Cluster corrected energies          -149.83308598 (Pople, rotated reference)


 Cluster corrections using rotated reference energy:

 Reference energy (rotated)          -149.58555908
 MRCI Correlation energy               -0.23893516

 Cluster corrected energies          -149.83483544 (Davidson, relaxed reference)
 Cluster corrected energies          -149.83495518 (Davidson, rotated reference)

 Cluster corrected energies          -149.83298508 (Pople, relaxed reference)
 Cluster corrected energies          -149.83308598 (Pople, rotated reference)

 

 !MRCI expec         <2.4|QMXX|2.4>    -0.473718564123
 !MRCI expec         <2.4|QMYY|2.4>    -0.473710587713
 !MRCI expec         <2.4|QMZZ|2.4>     0.947429151835
 !MRCI expec         <2.4|QMRR|2.4>   -22.786889244206

 !MRCI trans         <2.4|QMXX|1.4>    -0.000181133896
 !MRCI trans         <2.4|QMYY|1.4>    -0.000186464591
 !MRCI trans         <2.4|QMZZ|1.4>     0.000367598486
 !MRCI trans         <2.4|QMRR|1.4>    -0.002370756272


 **********************************************************************************************************************************
 DATASETS  * FILE   NREC   LENGTH (MB)   RECORD NAMES
              1      20      232.74       500      610      701      900      950      970     1000      129      960     1100   
                                          VAR    BASINP    GEOM    SYMINP    ZMAT    AOBASIS   BASIS     P2S    ABASIS      S 
                                         1400     1410     1200     1210     1080     1600     1650     1300     1700     1380   
                                           T        V       H0       H01     AOSYM     SMH    MOLCAS    ERIS     OPER     JKOP   

              2       8        7.21       500      610      700     1000      520     2100     2140      701   
                                          VAR    BASINP    GEOM     BASIS   MCVARS     RHF     MCSCF    GEOM   

 PROGRAMS   *        TOTAL        CI     MULTI       INT        CI     MULTI       INT        CI     MULTI       INT        CI
 CPU TIMES  *     26627.71   6631.93      8.34     16.28   6621.08      8.37     16.48   6614.84      8.48     16.80   6649.42
 REAL TIME  *     26909.40 SEC
 DISK USED  *         3.86 GB      
 **********************************************************************************************************************************
 SETTING E1(4)          =      -149.89688765  AU                              
 SETTING E2(4)          =      -149.82449424  AU                              

 DO I                   =         5.00000000   


 Using spherical harmonics

 Library entry O      S aug-cc-pV5Z          selected for orbital group  1
 Library entry O      P aug-cc-pV5Z          selected for orbital group  1
 Library entry O      D aug-cc-pV5Z          selected for orbital group  1
 Library entry O      F aug-cc-pV5Z          selected for orbital group  1
 Library entry O      G aug-cc-pV5Z          selected for orbital group  1
 Library entry O      H aug-cc-pV5Z          selected for orbital group  1


 PROGRAM * SEWARD (Integral evaluation for generally contracted gaussian basis sets)     Author: Roland Lindh, 1990

 Geometry written to block  1 of record 701

 Orientation using atomic masses  
 Molecule type: Linear
 Symmetry elements: X,Y,Z
 Rotational constants:       3.7581644      3.7581644      0.0000000 GHz  (calculated with average atomic masses)

 Point group  D2h 



 ATOMIC COORDINATES

 NR  ATOM    CHARGE       X              Y              Z

   1  O       8.00    0.000000000    0.000000000   -3.873938555
   2  O       8.00    0.000000000    0.000000000    3.873938555

 NUCLEAR CHARGE:                   16
 NUMBER OF PRIMITIVE AOS:         398
 NUMBER OF SYMMETRY AOS:          288
 NUMBER OF CONTRACTIONS:          254   (  46Ag  +  31B3u +  31B2u +  19B1g +  46B1u +  31B2g +  31B3g +  19Au  )
 NUMBER OF CORE ORBITALS:           2   (   1Ag  +   0B3u +   0B2u +   0B1g +   1B1u +   0B2g +   0B3g +   0Au  )
 NUMBER OF VALENCE ORBITALS:        8   (   2Ag  +   1B3u +   1B2u +   0B1g +   2B1u +   1B2g +   1B3g +   0Au  )


 NUCLEAR REPULSION ENERGY    8.26032719

 EXTRA SYMMETRY OF AOS IN SYMMETRY 1:   1 1 1 1 1 1 1 1 1 1   1 1 1 1 2 1 2 1 2 1   2 1 2 1 2 1 2 1 2 1   2 1 3 2 1 3 2 1 3 2
                                        2 3 1 2 3 1
 EXTRA SYMMETRY OF AOS IN SYMMETRY 2:   1 1 1 1 1 1 1 1 1 1   1 1 2 1 2 1 2 1 2 1   2 1 2 1 2 1 2 3 1 2   3
 EXTRA SYMMETRY OF AOS IN SYMMETRY 3:   1 1 1 1 1 1 1 1 1 1   1 1 2 1 2 1 2 1 2 1   2 1 2 1 2 1 2 3 1 2   3
 EXTRA SYMMETRY OF AOS IN SYMMETRY 4:   1 1 1 1 1 1 1 1 1 1   2 1 2 1 2 2 1 2 1
 EXTRA SYMMETRY OF AOS IN SYMMETRY 5:   1 1 1 1 1 1 1 1 1 1   1 1 1 1 2 1 2 1 2 1   2 1 2 1 2 1 2 1 2 1   2 1 3 2 1 3 2 1 3 2
                                        2 3 1 2 3 1
 EXTRA SYMMETRY OF AOS IN SYMMETRY 6:   1 1 1 1 1 1 1 1 1 1   1 1 2 1 2 1 2 1 2 1   2 1 2 1 2 1 2 3 1 2   3
 EXTRA SYMMETRY OF AOS IN SYMMETRY 7:   1 1 1 1 1 1 1 1 1 1   1 1 2 1 2 1 2 1 2 1   2 1 2 1 2 1 2 3 1 2   3
 EXTRA SYMMETRY OF AOS IN SYMMETRY 8:   1 1 1 1 1 1 1 1 1 1   2 1 2 1 2 2 1 2 1

 Eigenvalues of metric

         1 0.238E-03 0.540E-02 0.852E-02 0.338E-01 0.546E-01 0.659E-01 0.676E-01 0.136E+00
         2 0.540E-02 0.356E-01 0.687E-01 0.144E+00 0.148E+00 0.163E+00 0.251E+00 0.257E+00
         3 0.540E-02 0.356E-01 0.687E-01 0.144E+00 0.148E+00 0.163E+00 0.251E+00 0.257E+00
         4 0.676E-01 0.145E+00 0.244E+00 0.257E+00 0.257E+00 0.410E+00 0.410E+00 0.483E+00
         5 0.237E-03 0.531E-02 0.653E-02 0.258E-01 0.304E-01 0.624E-01 0.666E-01 0.108E+00
         6 0.539E-02 0.336E-01 0.623E-01 0.135E+00 0.143E+00 0.144E+00 0.219E+00 0.257E+00
         7 0.539E-02 0.336E-01 0.623E-01 0.135E+00 0.143E+00 0.144E+00 0.219E+00 0.257E+00
         8 0.666E-01 0.143E+00 0.238E+00 0.257E+00 0.257E+00 0.410E+00 0.410E+00 0.476E+00


 Contracted 2-electron integrals neglected if value below      1.0D-11
 AO integral compression algorithm  1   Integral accuracy      1.0D-11

     327.156 MB (compressed) written to integral file ( 35.8%)


 NUMBER OF SORTED TWO-ELECTRON INTEGRALS:   66838400.     BUFFER LENGTH:  32768
 NUMBER OF SEGMENTS:   5  SEGMENT LENGTH:   15999177      RECORD LENGTH: 524288

 Memory used in sort:      16.56 MW

 SORT1 READ   114264352. AND WROTE    47126060. INTEGRALS IN    139 RECORDS. CPU TIME:     2.88 SEC, REAL TIME:     3.29 SEC
 SORT2 READ    47126060. AND WROTE    66838400. INTEGRALS IN   1248 RECORDS. CPU TIME:     1.17 SEC, REAL TIME:     1.39 SEC

 FILE SIZES:   FILE 1:   347.7 MBYTE,  FILE 4:   583.0 MBYTE,   TOTAL:    930.8 MBYTE

 OPERATOR DM      FOR CENTER  0  COORDINATES:    0.000000    0.000000    0.000000
 OPERATOR QM      FOR CENTER  0  COORDINATES:    0.000000    0.000000    0.000000


 **********************************************************************************************************************************
 DATASETS  * FILE   NREC   LENGTH (MB)   RECORD NAMES
              1      19      221.17       500      610      701      900      950      970     1000      129      960     1100   
                                          VAR    BASINP    GEOM    SYMINP    ZMAT    AOBASIS   BASIS     P2S    ABASIS      S 
                                         1400     1410     1200     1210     1080     1600     1650     1300     1700   
                                           T        V       H0       H01     AOSYM     SMH    MOLCAS    ERIS     OPER   

              2       8        7.21       500      610      700     1000      520     2100     2140      701   
                                          VAR    BASINP    GEOM     BASIS   MCVARS     RHF     MCSCF    GEOM   

 PROGRAMS   *        TOTAL       INT        CI     MULTI       INT        CI     MULTI       INT        CI     MULTI       INT
 CPU TIMES  *     26643.91     16.19   6631.93      8.34     16.28   6621.08      8.37     16.48   6614.84      8.48     16.80
 REAL TIME  *     26931.29 SEC
 DISK USED  *         3.86 GB      
 **********************************************************************************************************************************


 PROGRAM * MULTI (Direct Multiconfiguration SCF)       Authors: P.J. Knowles, H.-J. Werner (1984)     S.T. Elbert (1988)


 Number of closed-shell orbitals:   2 (   2   0   0   0   0   0   0   0 )
 Number of active  orbitals:       12 (   1   2   2   0   3   2   2   0 )
 Number of external orbitals:     240 (  43  29  29  19  43  29  29  19 )

 State symmetry 1

 Number of electrons:    12    Spin symmetry=Triplet   Space symmetry=4
 Number of states:        3
 Number of CSFs:      47808   (78400 determinants, 627264 intermediate states)

 Iteration controls:
             1  2  3  4  5  6  7  8  9 10 11 12 13 14 15 16 17 18 19 20 21 22 23 24 25 26 27 28 29 30 31 32 33 34 35 36 37 38 39
 DIAGCI      T  T  T  T  T  T  T  T  T  T  T  T  T  T  T  T  T  T  T  T  T  T  T  T  T  T  T  T  T  T  T  T  T  T  T  T  T  T  T
 WERNER      T  T  T  T  T  T  T  T  T  T  T  T  T  T  T  T  T  T  T  T  T  T  T  T  T  T  T  T  T  T  T  T  T  T  T  T  T  T  T
 INTERNAL    F  T  T  T  T  T  T  T  T  T  T  T  T  T  T  T  T  T  T  T  T  T  T  T  T  T  T  T  T  T  T  T  T  T  T  T  T  T  T

 Molecular orbitals read from record     2140.2  Type=MCSCF/NATURAL (state averaged)

 EXTRA SYMMETRY OF MOS IN SYMMETRY 1:   1 1 1 1 1 1 2 1 1 1   2 2 1 1 1 2 3 1 2 1   2 1 1 1 2 3 1 2 3 1   2 2 1 1 1 1 2 3 1 2
                                        3 1 2 2 1 1
 EXTRA SYMMETRY OF MOS IN SYMMETRY 2:   1 1 1 1 1 2 1 1 1 2   1 2 1 1 1 2 3 1 2 1   2 1 1 1 2 3 1 2 1 2   1
 EXTRA SYMMETRY OF MOS IN SYMMETRY 3:   1 1 1 1 1 2 1 1 1 2   1 2 1 1 1 2 3 1 2 1   2 1 1 1 2 3 1 2 1 2   1
 EXTRA SYMMETRY OF MOS IN SYMMETRY 4:   1 1 1 1 2 1 1 1 2 1   2 1 1 1 2 1 2 1 1
 EXTRA SYMMETRY OF MOS IN SYMMETRY 5:   1 1 1 1 1 2 1 1 1 2   1 2 1 1 2 3 1 2 1 1   2 1 1 1 2 3 2 1 3 2   1 2 1 1 1 1 2 3 1 2
                                        3 2 1 2 1 1
 EXTRA SYMMETRY OF MOS IN SYMMETRY 6:   1 1 1 1 2 1 1 1 1 2   2 1 1 1 1 2 3 1 2 2   1 1 1 1 2 3 1 2 1 2   1
 EXTRA SYMMETRY OF MOS IN SYMMETRY 7:   1 1 1 1 2 1 1 1 1 2   2 1 1 1 1 2 3 1 2 2   1 1 1 1 2 3 1 2 1 2   1
 EXTRA SYMMETRY OF MOS IN SYMMETRY 8:   1 1 1 1 2 1 1 1 2 1   2 1 1 1 2 1 2 1 1

 Wavefunction dump at record             2140.2

 Convergence thresholds  0.10E-01 (gradient)  0.10E-05 (energy)  0.10E-02 (step length)

 Weight factors for state symmetry  1:    0.33333   0.33333   0.33333

 Number of orbital rotations:      492   (     2 Core/Active     86 Core/Virtual   0 Active/Active    404 Active/Virtual)
 Total number of variables:     235692


 ITER. MIC  NCI  NEG     ENERGY(VAR)     ENERGY(PROJ)   ENERGY CHANGE     GRAD(0)  GRAD(ORB)   GRAD(CI)     STEP       TIME

   1   20   25    0    -149.61255987    -149.61255993   -0.00000007    0.00043738 0.00000022 0.00000219  0.33D-03      4.68

 ** WVFN ****  CONVERGENCE REACHED, FINAL GRADIENT:  0.31D-06



 Results for state 1.4
 =====================

 !MCSCF STATE 1.4 Energy             -149.666625978295
 Nuclear energy                         8.26032719
 Kinetic energy                       149.66038894
 One electron energy                 -222.87233868
 Two electron energy                   64.94538550
 Virial ratio                           2.00004167

 !MCSCF STATE 1.4 Dipole moment         0.00000000     0.00000000     0.00000000
 Dipole moment /Debye                   0.00000000     0.00000000     0.00000000

 Results for state 2.4
 =====================

 !MCSCF STATE 2.4 Energy             -149.585555972352
 Nuclear energy                         8.26032719
 Kinetic energy                       149.58797736
 One electron energy                 -222.81572487
 Two electron energy                   64.96984171
 Virial ratio                           1.99998381

 !MCSCF STATE 2.4 Dipole moment         0.00000000     0.00000000     0.00000000
 Dipole moment /Debye                   0.00000000     0.00000000     0.00000000

 Results for state 3.4
 =====================

 !MCSCF STATE 3.4 Energy             -149.585497842468
 Nuclear energy                         8.26032719
 Kinetic energy                       149.58832376
 One electron energy                 -222.81608233
 Two electron energy                   64.97025729
 Virial ratio                           1.99998111

 !MCSCF STATE 3.4 Dipole moment         0.00000000     0.00000000     0.00000000
 Dipole moment /Debye                   0.00000000     0.00000000     0.00000000

 State-averaged charge density matrix saved on record  2140.2 (density set 1)

 !MCSCF expec        <1.4|QMXX|1.4>    -0.500423724429
 !MCSCF trans        <2.4|QMXX|1.4>    -0.000479725144
 !MCSCF expec        <2.4|QMXX|2.4>    -0.505383649796
 !MCSCF trans        <3.4|QMXX|1.4>    -0.000008908700
 !MCSCF trans        <3.4|QMXX|2.4>    -0.036331655098
 !MCSCF expec        <3.4|QMXX|3.4>    -0.505887689946

 !MCSCF expec        <1.4|QMYY|1.4>    -0.500423724429
 !MCSCF trans        <2.4|QMYY|1.4>    -0.000479725144
 !MCSCF expec        <2.4|QMYY|2.4>    -0.505383649900
 !MCSCF trans        <3.4|QMYY|1.4>     0.000008908699
 !MCSCF trans        <3.4|QMYY|2.4>     0.036331655099
 !MCSCF expec        <3.4|QMYY|3.4>    -0.505887689843

 !MCSCF expec        <1.4|QMZZ|1.4>     1.000847448857
 !MCSCF trans        <2.4|QMZZ|1.4>     0.000959450287
 !MCSCF expec        <2.4|QMZZ|2.4>     1.010767299696
 !MCSCF expec        <3.4|QMZZ|3.4>     1.011775379788

 !MCSCF expec        <1.4|QMRR|1.4>   -22.733078433593
 !MCSCF trans        <2.4|QMRR|1.4>     0.000781168244
 !MCSCF expec        <2.4|QMRR|2.4>   -22.794925690792
 !MCSCF expec        <3.4|QMRR|3.4>   -22.793501561937


 EXTRA SYMMETRY OF MOS IN SYMMETRY 5:   1 1 1 1 1 2 1 1 1 2   1 2 1 1 2 1 3 2 1 1   2 1 1 1 2 3 2 1 3 2   1 2 1 1 1 1 2 3 1 2
                                        3 2 1 2 1 1

 Natural orbital dump (state averaged) at molpro section  2140.2    (Orbital set 2)


 CI vector
 =========

 2 20 20 220 a0 a0        0.3536544   0.3561979  -0.0000000
 2 a0 a0 220 20 20       -0.3522392  -0.3506290   0.0000000
 b a0 20 22a 20 a0        0.0001275   0.0019758  -0.3507746
 b 20 a0 22a a0 20       -0.0001275  -0.0019758  -0.3507746
 a 20 a0 22a b0 20       -0.3502421   0.3507158   0.3505295
 a a0 20 22a 20 b0        0.3502421  -0.3507158   0.3505295
 a 20 b0 22a a0 20        0.3504594  -0.3505692   0.3506581
 a b0 20 22a 20 a0       -0.3504594   0.3505692   0.3506581
 a 20 a0 22b a0 20       -0.0000898   0.0018293  -0.3504130
 a a0 20 22b 20 a0        0.0000898  -0.0018293  -0.3504130
 0 a0 a0 222 20 20        0.3472829   0.3486568  -0.0000000
 0 20 20 222 a0 a0       -0.3486185  -0.3465966   0.0000000

 TOTAL ENERGIES                      -149.66662598  -149.58555597  -149.58549784



 **********************************************************************************************************************************
 DATASETS  * FILE   NREC   LENGTH (MB)   RECORD NAMES
              1      20      231.75       500      610      701      900      950      970     1000      129      960     1100   
                                          VAR    BASINP    GEOM    SYMINP    ZMAT    AOBASIS   BASIS     P2S    ABASIS      S 
                                         1400     1410     1200     1210     1080     1600     1650     1300     1700     1380   
                                           T        V       H0       H01     AOSYM     SMH    MOLCAS    ERIS     OPER     JKOP   

              2       8        7.21       500      610      700     1000      520     2100     2140      701   
                                          VAR    BASINP    GEOM     BASIS   MCVARS     RHF     MCSCF    GEOM   

 PROGRAMS   *        TOTAL     MULTI       INT        CI     MULTI       INT        CI     MULTI       INT        CI     MULTI
 CPU TIMES  *     26652.40      8.49     16.19   6631.93      8.34     16.28   6621.08      8.37     16.48   6614.84      8.48
 REAL TIME  *     26940.64 SEC
 DISK USED  *         3.86 GB      
 **********************************************************************************************************************************


 PROGRAM * CI (Multireference internally contracted CI)     Authors: H.-J. Werner, P.J. Knowles, 1987


 Convergence thresholds:  THRVAR = 1.00D-08  THRDEN = 1.00D-06

 Number of optimized states:  2  Roots:   1   2
 Number of reference states:  2  Roots:   1   2

 Program parameters:       NSTATE=  2    NSTATI=  3    NSTATR=  2    NCEPA = -1    NOKOP =  0    ITRDM =  0    ITRANS=  0
                           IDIP  =200    MAXIT =250    MAXITI=250    MAXDAV=  6    MAXVI =  9    NOSING=  0    NOPAIR=  0
                           MXSHRF=  8    IKCPS =  0    IOPTGM=  2    IOPTOR=  0    REFOPT=  1    IAVDEN=  0    IDELCG=  1
                           IREST =  0    NATORB=  0    IPUNRF=  0    ISEP  =  0    OLDDEN=  0    NSTPRI=  1    GPSFLI= -1
                           CLUSTE=  0    CLOSED=  1    ILSTYP=  0    ITRLS =  0    ICCSD =  0    LOCAL =  0    IBASO =  0
                           MP    =  0    ITEDIS=  2    INCDIS=  1    MAXDIS=  6    ITYDIS=  1    BRUECK=  0    IBRSTR=  3
                           INCBRK=  1    TRIPLE=  0    ICCTYP=  1    IHPPD =  0    ICCNEW=  0    I3EXT = -1    IDEB  =  0
                           IDLEIG=  1    IDFTYP=  1    IMP3  =  0    IPROCS=  0    NOINT =  0    NOREF =  1    IMP2G =  0
                           IHINT =  0    IFDIA =  0    ISPARO=  1    JKSYM =  0    CPHF  =  0    MP2D  = -1    DKINT =  0
                           NPKEX =  1    DRVK  =  1    HLSTRA=  1    WIGNER=  1    DIIS_C=  1    MAXIT_= 50    MATEL =  0
                           SPDEG =  1    MEMCPH=  0    DISM  =  1    KDCPMA=  5    IKDCP_=  0    IREDTH=  0    USECS =  0
                           IPROCC=  0    I3SAVE=  1    IKDCP =  1    USECI =  0    OLDPAI=  0    IPROCI=  0    KEEPCL=  1
                           DISCON=  0    SHIFTE=  0    DIISIN=  0    MOLCAS=  0    MEM_PT=  0    RECORD=  0    RS2C  =  0
                           KEXT  = -1    CIPT2 =  0    DECP0S=  0    I4EXT = -1    NATCOR=  0    RIMP2 =  0    DDCI  = -1

 Reference symmetry:                   4   Triplet 
 Number of electrons:                 16
 Maximum number of shells:             6
 Maximum number of spin couplings:   297

 Reference space:     9136 conf    47808 CSFs
 N elec internal:    72865 conf   382239 CSFs
 N-1 el internal:    69576 conf   622908 CSFs
 N-2 el internal:    57950 conf   876478 CSFs

 Number of electrons in valence space:                     12
 Maximum number of open shell orbitals in reference space: 10
 Maximum number of open shell orbitals in internal spaces: 12


 Number of core orbitals:           2 (   2   0   0   0   0   0   0   0 )
 Number of active  orbitals:       12 (   1   2   2   0   3   2   2   0 )
 Number of external orbitals:     240 (  43  29  29  19  43  29  29  19 )

 Molecular orbitals read from record     2140.2  Type=MCSCF/NATURAL (state averaged)

 Coulomb and exchange operators available. No transformation done.

 Number of p-space configurations:  14

 Reference wavefunction optimized for reference space (refopt=1)

 State     Reference Energy 
   1        -149.66662598
   2        -149.58555597
   3        -149.58549784

 Number of blocks in overlap matrix:    16   Smallest eigenvalue:  0.55D-05
 Number of N-2 electron functions:     288
 Number of N-1 electron functions:  622908

 Number of internal configurations:                47808
 Number of singly external configurations:      18686980
 Number of doubly external configurations:       1049024
 Total number of contracted configurations:     19783812
 Total number of uncontracted configurations: 3169518620

 Diagonal Coupling coefficients finished.               Storage:31984173 words, CPU-Time:     66.50 seconds.
 Energy denominators for pairs finished in 1 passes.    Storage: 2273367 words, CPU-time:      0.02 seconds.

  ITER. STATE  ROOT     SQ.NORM     CORR.ENERGY   TOTAL ENERGY   ENERGY CHANGE       DEN1      VAR(S)    VAR(P)      TIME
    1     1     1     1.00000000     0.00000000  -149.66662598     0.00000000    -0.21299499  0.17D-01  0.14D-01    97.32
    1     2     2     1.00000000     0.00000000  -149.58555597     0.00000000    -0.22287903  0.18D-01  0.15D-01    97.32
    2     1     1     1.03220534    -0.21781210  -149.88443808    -0.21781210    -0.00995950  0.41D-03  0.65D-03   684.17
    2     2     2     1.03396203    -0.22638931  -149.81194528    -0.22638931    -0.01007022  0.42D-03  0.67D-03   684.17
    3     1     1     1.03785089    -0.22899081  -149.89561679    -0.01117871    -0.00087855  0.78D-04  0.58D-04  1270.01
    3     2     2     1.03981514    -0.23767737  -149.82323334    -0.01128806    -0.00089322  0.84D-04  0.59D-04  1270.01
    4     1     1     1.04063782    -0.23007359  -149.89669957    -0.00108278    -0.00010431  0.93D-05  0.90D-05  1856.95
    4     2     2     1.04271510    -0.23875326  -149.82430923    -0.00107589    -0.00010376  0.10D-04  0.91D-05  1856.95
    5     1     1     1.04097005    -0.23018011  -149.89680609    -0.00010652    -0.00002438  0.30D-05  0.21D-05  2443.29
    5     2     2     1.04308840    -0.23885504  -149.82441101    -0.00010178    -0.00002559  0.45D-05  0.21D-05  2443.29
    6     1     1     1.04100627    -0.23020196  -149.89682794    -0.00002185    -0.00000519  0.84D-06  0.29D-06  3029.58
    6     2     2     1.04313936    -0.23887496  -149.82443093    -0.00001991    -0.00000665  0.18D-05  0.30D-06  3029.58
    7     1     1     1.04105688    -0.23020664  -149.89683262    -0.00000468    -0.00000166  0.35D-06  0.11D-06  3615.07
    7     2     2     1.04318061    -0.23887958  -149.82443555    -0.00000463    -0.00000198  0.42D-06  0.17D-06  3615.07
    8     1     1     1.04108706    -0.23020787  -149.89683385    -0.00000123    -0.00000053  0.11D-06  0.36D-07  4200.69
    8     2     2     1.04321988    -0.23888114  -149.82443711    -0.00000155    -0.00000056  0.10D-06  0.48D-07  4200.69
    9     1     1     1.04110189    -0.23020833  -149.89683430    -0.00000046    -0.00000019  0.38D-07  0.13D-07  4786.05
    9     2     2     1.04323858    -0.23888160  -149.82443757    -0.00000046    -0.00000025  0.72D-07  0.13D-07  4786.05
   10     1     1     1.04110881    -0.23020848  -149.89683446    -0.00000016    -0.00000008  0.17D-07  0.45D-08  5370.82
   10     2     2     1.04324697    -0.23888176  -149.82443773    -0.00000016    -0.00000010  0.27D-07  0.65D-08  5370.82
   11     1     1     1.04111342    -0.23020855  -149.89683452    -0.00000006    -0.00000004  0.10D-07  0.18D-08  5956.45
   11     2     2     1.04325226    -0.23888183  -149.82443780    -0.00000007    -0.00000004  0.95D-08  0.25D-08  5956.45
   12     1     1     1.04111637    -0.23020857  -149.89683455    -0.00000003    -0.00000002  0.44D-08  0.80D-09  6540.06
   12     2     2     1.04325597    -0.23888186  -149.82443783    -0.00000003    -0.00000002  0.55D-08  0.97D-09  6540.06


 =====================================
 Analysis of CPU times by interactions
 =====================================

       I      S      P

 I   0.7%
 S   0.6%  19.5%
 P   2.1%  67.5%   7.8%

 Initialization:   1.1%
 Other:            0.6%

 Total CPU:     6540.1 seconds
 =====================================



 Reference coefficients greater than 0.0500000
 =============================================
 //02022/20\0           0.3962194   0.3968562
 /20/022/\020          -0.3962190  -0.3968539
 22020220/0/0           0.3469764  -0.3496495
 2/0/02202020          -0.3452516   0.3435013
 02020222/0/0          -0.3416666   0.3391793
 0/0/02222020           0.3400491  -0.3409630
 /\02022/20/0          -0.2429696  -0.2413636
 /20\022//020           0.2429695   0.2413663
 /20/022\/020          -0.1402337  -0.1425869
 //02022\20/0           0.1402337   0.1425854

 Coefficients of fixed reference functions:
 ==========================================

 State      Coefficients
   1         0.979751   -0.000151
   2         0.000169    0.978815

 Coefficients of rotated reference functions:
 ============================================

 State      Coefficients
   1         0.979751    0.000009
   2         0.000009    0.978815



 RESULTS FOR STATE 1.4
 =====================

 Coefficient of reference function:   C(0) = 0.97975093 (fixed)   0.98005481 (relaxed)   0.97975094 (rotated)

 Energy contributions of configuration classes

 CLASS          SQ.NORM        ECORR1        ECORR2
 +++++++++++++++++++++++++++++++++++++++++++++++++++
 Internals    0.00062041   -0.00000000   -0.00013745
 Singles      0.02258655   -0.08790069   -0.08936924
 Pairs        0.01855533   -0.14230751   -0.14070188
 Total        1.04176229   -0.23020821   -0.23020857
 +++++++++++++++++++++++++++++++++++++++++++++++++++


 Reference energy                    -149.66662598
 Nuclear energy                         8.26032719
 Kinetic energy                       149.95436379
 One electron energy                 -222.80667131
 Two electron energy                   64.64950956
 Virial quotient                       -0.99961636
 Correlation energy                    -0.23020857
 !MRCI STATE 1.4 Energy              -149.896834551742

 Properties without orbital relaxation:

 !MRCI STATE 1.4 Dipole moment          0.00000000     0.00000000     0.00000000
 Dipole moment /Debye                   0.00000000     0.00000000     0.00000000

 Cluster corrected energies          -149.90644859 (Davidson, fixed reference)
 Cluster corrected energies          -149.90629989 (Davidson, relaxed reference)
 Cluster corrected energies          -149.90644858 (Davidson, rotated reference)

 Cluster corrected energies          -149.90472114 (Pople, fixed reference)
 Cluster corrected energies          -149.90459615 (Pople, relaxed reference)
 Cluster corrected energies          -149.90472114 (Pople, rotated reference)


 Cluster corrections using rotated reference energy:

 Reference energy (rotated)          -149.66662598
 MRCI Correlation energy               -0.23020858

 Cluster corrected energies          -149.90629989 (Davidson, relaxed reference)
 Cluster corrected energies          -149.90644858 (Davidson, rotated reference)

 Cluster corrected energies          -149.90459615 (Pople, relaxed reference)
 Cluster corrected energies          -149.90472114 (Pople, rotated reference)

 

 !MRCI expec         <1.4|QMXX|1.4>    -0.488334211391
 !MRCI expec         <1.4|QMYY|1.4>    -0.488320570696
 !MRCI expec         <1.4|QMZZ|1.4>     0.976654782087
 !MRCI expec         <1.4|QMRR|1.4>   -22.639034885703



 RESULTS FOR STATE 2.4
 =====================

 Coefficient of reference function:   C(0) = 0.97881453 (fixed)   0.97904930 (relaxed)   0.97881455 (rotated)

 Energy contributions of configuration classes

 CLASS          SQ.NORM        ECORR1        ECORR2
 +++++++++++++++++++++++++++++++++++++++++++++++++++
 Internals    0.00047976   -0.00000000   -0.00010994
 Singles      0.02433409   -0.09311481   -0.09478151
 Pairs        0.01894263   -0.14576690   -0.14399041
 Total        1.04375648   -0.23888171   -0.23888186
 +++++++++++++++++++++++++++++++++++++++++++++++++++


 Reference energy                    -149.58555597
 Nuclear energy                         8.26032719
 Kinetic energy                       149.86880692
 One electron energy                 -222.70094630
 Two electron energy                   64.61618128
 Virial quotient                       -0.99970395
 Correlation energy                    -0.23888186
 !MRCI STATE 2.4 Energy              -149.824437828989

 Properties without orbital relaxation:

 !MRCI STATE 2.4 Dipole moment          0.00000000     0.00000000     0.00000000
 Dipole moment /Debye                   0.00000000     0.00000000     0.00000000

 Cluster corrected energies          -149.83489046 (Davidson, fixed reference)
 Cluster corrected energies          -149.83477089 (Davidson, relaxed reference)
 Cluster corrected energies          -149.83489045 (Davidson, rotated reference)

 Cluster corrected energies          -149.83302262 (Pople, fixed reference)
 Cluster corrected energies          -149.83292187 (Pople, relaxed reference)
 Cluster corrected energies          -149.83302261 (Pople, rotated reference)


 Cluster corrections using rotated reference energy:

 Reference energy (rotated)          -149.58555597
 MRCI Correlation energy               -0.23888185

 Cluster corrected energies          -149.83477089 (Davidson, relaxed reference)
 Cluster corrected energies          -149.83489045 (Davidson, rotated reference)

 Cluster corrected energies          -149.83292187 (Pople, relaxed reference)
 Cluster corrected energies          -149.83302261 (Pople, rotated reference)

 

 !MRCI expec         <2.4|QMXX|2.4>    -0.472681748723
 !MRCI expec         <2.4|QMYY|2.4>    -0.472673615066
 !MRCI expec         <2.4|QMZZ|2.4>     0.945355363789
 !MRCI expec         <2.4|QMRR|2.4>   -22.789052065373

 !MRCI trans         <2.4|QMXX|1.4>    -0.000444901906
 !MRCI trans         <2.4|QMYY|1.4>    -0.000450276337
 !MRCI trans         <2.4|QMZZ|1.4>     0.000895178243
 !MRCI trans         <2.4|QMRR|1.4>    -0.001964461663


 **********************************************************************************************************************************
 DATASETS  * FILE   NREC   LENGTH (MB)   RECORD NAMES
              1      20      231.75       500      610      701      900      950      970     1000      129      960     1100   
                                          VAR    BASINP    GEOM    SYMINP    ZMAT    AOBASIS   BASIS     P2S    ABASIS      S 
                                         1400     1410     1200     1210     1080     1600     1650     1300     1700     1380   
                                           T        V       H0       H01     AOSYM     SMH    MOLCAS    ERIS     OPER     JKOP   

              2       8        7.21       500      610      700     1000      520     2100     2140      701   
                                          VAR    BASINP    GEOM     BASIS   MCVARS     RHF     MCSCF    GEOM   

 PROGRAMS   *        TOTAL        CI     MULTI       INT        CI     MULTI       INT        CI     MULTI       INT        CI
 CPU TIMES  *     33275.40   6623.00      8.49     16.19   6631.93      8.34     16.28   6621.08      8.37     16.48   6614.84
 REAL TIME  *     33626.62 SEC
 DISK USED  *         3.86 GB      
 **********************************************************************************************************************************
 SETTING E1(5)          =      -149.89683455  AU                              
 SETTING E2(5)          =      -149.82443783  AU                              

 DO I                   =         6.00000000   


 Using spherical harmonics

 Library entry O      S aug-cc-pV5Z          selected for orbital group  1
 Library entry O      P aug-cc-pV5Z          selected for orbital group  1
 Library entry O      D aug-cc-pV5Z          selected for orbital group  1
 Library entry O      F aug-cc-pV5Z          selected for orbital group  1
 Library entry O      G aug-cc-pV5Z          selected for orbital group  1
 Library entry O      H aug-cc-pV5Z          selected for orbital group  1


 PROGRAM * SEWARD (Integral evaluation for generally contracted gaussian basis sets)     Author: Roland Lindh, 1990

 Geometry written to block  1 of record 701

 Orientation using atomic masses  
 Molecule type: Linear
 Symmetry elements: X,Y,Z
 Rotational constants:       3.5813347      3.5813347      0.0000000 GHz  (calculated with average atomic masses)

 Point group  D2h 



 ATOMIC COORDINATES

 NR  ATOM    CHARGE       X              Y              Z

   1  O       8.00    0.000000000    0.000000000   -3.968424862
   2  O       8.00    0.000000000    0.000000000    3.968424862

 NUCLEAR CHARGE:                   16
 NUMBER OF PRIMITIVE AOS:         398
 NUMBER OF SYMMETRY AOS:          288
 NUMBER OF CONTRACTIONS:          254   (  46Ag  +  31B3u +  31B2u +  19B1g +  46B1u +  31B2g +  31B3g +  19Au  )
 NUMBER OF CORE ORBITALS:           2   (   1Ag  +   0B3u +   0B2u +   0B1g +   1B1u +   0B2g +   0B3g +   0Au  )
 NUMBER OF VALENCE ORBITALS:        8   (   2Ag  +   1B3u +   1B2u +   0B1g +   2B1u +   1B2g +   1B3g +   0Au  )


 NUCLEAR REPULSION ENERGY    8.06365274

 EXTRA SYMMETRY OF AOS IN SYMMETRY 1:   1 1 1 1 1 1 1 1 1 1   1 1 1 1 2 1 2 1 2 1   2 1 2 1 2 1 2 1 2 1   2 1 3 2 1 3 2 1 3 2
                                        2 3 1 2 3 1
 EXTRA SYMMETRY OF AOS IN SYMMETRY 2:   1 1 1 1 1 1 1 1 1 1   1 1 2 1 2 1 2 1 2 1   2 1 2 1 2 1 2 3 1 2   3
 EXTRA SYMMETRY OF AOS IN SYMMETRY 3:   1 1 1 1 1 1 1 1 1 1   1 1 2 1 2 1 2 1 2 1   2 1 2 1 2 1 2 3 1 2   3
 EXTRA SYMMETRY OF AOS IN SYMMETRY 4:   1 1 1 1 1 1 1 1 1 1   2 1 2 1 2 2 1 2 1
 EXTRA SYMMETRY OF AOS IN SYMMETRY 5:   1 1 1 1 1 1 1 1 1 1   1 1 1 1 2 1 2 1 2 1   2 1 2 1 2 1 2 1 2 1   2 1 3 2 1 3 2 1 3 2
                                        2 3 1 2 3 1
 EXTRA SYMMETRY OF AOS IN SYMMETRY 6:   1 1 1 1 1 1 1 1 1 1   1 1 2 1 2 1 2 1 2 1   2 1 2 1 2 1 2 3 1 2   3
 EXTRA SYMMETRY OF AOS IN SYMMETRY 7:   1 1 1 1 1 1 1 1 1 1   1 1 2 1 2 1 2 1 2 1   2 1 2 1 2 1 2 3 1 2   3
 EXTRA SYMMETRY OF AOS IN SYMMETRY 8:   1 1 1 1 1 1 1 1 1 1   2 1 2 1 2 2 1 2 1

 Eigenvalues of metric

         1 0.238E-03 0.540E-02 0.855E-02 0.337E-01 0.548E-01 0.667E-01 0.676E-01 0.137E+00
         2 0.540E-02 0.355E-01 0.687E-01 0.144E+00 0.147E+00 0.162E+00 0.251E+00 0.257E+00
         3 0.540E-02 0.355E-01 0.687E-01 0.144E+00 0.147E+00 0.162E+00 0.251E+00 0.257E+00
         4 0.676E-01 0.145E+00 0.243E+00 0.257E+00 0.257E+00 0.410E+00 0.410E+00 0.482E+00
         5 0.237E-03 0.533E-02 0.668E-02 0.286E-01 0.307E-01 0.625E-01 0.667E-01 0.110E+00
         6 0.539E-02 0.337E-01 0.629E-01 0.136E+00 0.144E+00 0.144E+00 0.222E+00 0.257E+00
         7 0.539E-02 0.337E-01 0.629E-01 0.136E+00 0.144E+00 0.144E+00 0.222E+00 0.257E+00
         8 0.667E-01 0.143E+00 0.239E+00 0.257E+00 0.257E+00 0.410E+00 0.410E+00 0.477E+00


 Contracted 2-electron integrals neglected if value below      1.0D-11
 AO integral compression algorithm  1   Integral accuracy      1.0D-11

     325.321 MB (compressed) written to integral file ( 35.6%)


 NUMBER OF SORTED TWO-ELECTRON INTEGRALS:   66838400.     BUFFER LENGTH:  32768
 NUMBER OF SEGMENTS:   5  SEGMENT LENGTH:   15999177      RECORD LENGTH: 524288

 Memory used in sort:      16.56 MW

 SORT1 READ   114264352. AND WROTE    47066509. INTEGRALS IN    138 RECORDS. CPU TIME:     2.88 SEC, REAL TIME:     3.28 SEC
 SORT2 READ    47066509. AND WROTE    66838400. INTEGRALS IN   1241 RECORDS. CPU TIME:     1.16 SEC, REAL TIME:     1.38 SEC

 FILE SIZES:   FILE 1:   345.9 MBYTE,  FILE 4:   578.8 MBYTE,   TOTAL:    924.8 MBYTE

 OPERATOR DM      FOR CENTER  0  COORDINATES:    0.000000    0.000000    0.000000
 OPERATOR QM      FOR CENTER  0  COORDINATES:    0.000000    0.000000    0.000000


 **********************************************************************************************************************************
 DATASETS  * FILE   NREC   LENGTH (MB)   RECORD NAMES
              1      19      220.20       500      610      701      900      950      970     1000      129      960     1100   
                                          VAR    BASINP    GEOM    SYMINP    ZMAT    AOBASIS   BASIS     P2S    ABASIS      S 
                                         1400     1410     1200     1210     1080     1600     1650     1300     1700   
                                           T        V       H0       H01     AOSYM     SMH    MOLCAS    ERIS     OPER   

              2       8        7.21       500      610      700     1000      520     2100     2140      701   
                                          VAR    BASINP    GEOM     BASIS   MCVARS     RHF     MCSCF    GEOM   

 PROGRAMS   *        TOTAL       INT        CI     MULTI       INT        CI     MULTI       INT        CI     MULTI       INT
 CPU TIMES  *     33291.06     15.66   6623.00      8.49     16.19   6631.93      8.34     16.28   6621.08      8.37     16.48
 REAL TIME  *     33647.88 SEC
 DISK USED  *         3.86 GB      
 **********************************************************************************************************************************


 PROGRAM * MULTI (Direct Multiconfiguration SCF)       Authors: P.J. Knowles, H.-J. Werner (1984)     S.T. Elbert (1988)


 Number of closed-shell orbitals:   2 (   2   0   0   0   0   0   0   0 )
 Number of active  orbitals:       12 (   1   2   2   0   3   2   2   0 )
 Number of external orbitals:     240 (  43  29  29  19  43  29  29  19 )

 State symmetry 1

 Number of electrons:    12    Spin symmetry=Triplet   Space symmetry=4
 Number of states:        3
 Number of CSFs:      47808   (78400 determinants, 627264 intermediate states)

 Iteration controls:
             1  2  3  4  5  6  7  8  9 10 11 12 13 14 15 16 17 18 19 20 21 22 23 24 25 26 27 28 29 30 31 32 33 34 35 36 37 38 39
 DIAGCI      T  T  T  T  T  T  T  T  T  T  T  T  T  T  T  T  T  T  T  T  T  T  T  T  T  T  T  T  T  T  T  T  T  T  T  T  T  T  T
 WERNER      T  T  T  T  T  T  T  T  T  T  T  T  T  T  T  T  T  T  T  T  T  T  T  T  T  T  T  T  T  T  T  T  T  T  T  T  T  T  T
 INTERNAL    F  T  T  T  T  T  T  T  T  T  T  T  T  T  T  T  T  T  T  T  T  T  T  T  T  T  T  T  T  T  T  T  T  T  T  T  T  T  T

 Molecular orbitals read from record     2140.2  Type=MCSCF/NATURAL (state averaged)

 EXTRA SYMMETRY OF MOS IN SYMMETRY 1:   1 1 1 1 1 1 2 1 1 1   2 2 1 1 1 2 3 1 2 1   2 1 1 1 2 3 1 2 3 1   2 2 1 1 1 1 2 3 1 2
                                        3 1 2 2 1 1
 EXTRA SYMMETRY OF MOS IN SYMMETRY 2:   1 1 1 1 1 2 1 1 1 2   1 2 1 1 1 2 3 1 2 1   2 1 1 1 2 3 1 2 1 2   1
 EXTRA SYMMETRY OF MOS IN SYMMETRY 3:   1 1 1 1 1 2 1 1 1 2   1 2 1 1 1 2 3 1 2 1   2 1 1 1 2 3 1 2 1 2   1
 EXTRA SYMMETRY OF MOS IN SYMMETRY 4:   1 1 1 1 2 1 1 1 2 1   2 1 1 1 2 1 2 1 1
 EXTRA SYMMETRY OF MOS IN SYMMETRY 5:   1 1 1 1 1 2 1 1 1 2   1 2 1 1 2 1 3 2 1 1   2 1 1 1 2 3 2 1 3 2   1 2 1 1 1 1 2 3 1 2
                                        3 2 1 2 1 1
 EXTRA SYMMETRY OF MOS IN SYMMETRY 6:   1 1 1 1 2 1 1 1 1 2   2 1 1 1 1 2 3 1 2 2   1 1 1 1 2 3 1 2 1 2   1
 EXTRA SYMMETRY OF MOS IN SYMMETRY 7:   1 1 1 1 2 1 1 1 1 2   2 1 1 1 1 2 3 1 2 2   1 1 1 1 2 3 1 2 1 2   1
 EXTRA SYMMETRY OF MOS IN SYMMETRY 8:   1 1 1 1 2 1 1 1 2 1   2 1 1 1 2 1 2 1 1

 Wavefunction dump at record             2140.2

 Convergence thresholds  0.10E-01 (gradient)  0.10E-05 (energy)  0.10E-02 (step length)

 Weight factors for state symmetry  1:    0.33333   0.33333   0.33333

 Number of orbital rotations:      492   (     2 Core/Active     86 Core/Virtual   0 Active/Active    404 Active/Virtual)
 Total number of variables:     235692


 ITER. MIC  NCI  NEG     ENERGY(VAR)     ENERGY(PROJ)   ENERGY CHANGE     GRAD(0)  GRAD(ORB)   GRAD(CI)     STEP       TIME

   1   20   25    0    -149.61256127    -149.61256132   -0.00000005    0.00039690 0.00000019 0.00000183  0.30D-03      4.71

 ** WVFN ****  CONVERGENCE REACHED, FINAL GRADIENT:  0.26D-06



 Results for state 1.4
 =====================

 !MCSCF STATE 1.4 Energy             -149.666624960138
 Nuclear energy                         8.06365274
 Kinetic energy                       149.66040289
 One electron energy                 -222.48008640
 Two electron energy                   64.74980870
 Virial ratio                           2.00004157

 !MCSCF STATE 1.4 Dipole moment         0.00000000     0.00000000     0.00000000
 Dipole moment /Debye                   0.00000000     0.00000000     0.00000000

 Results for state 2.4
 =====================

 !MCSCF STATE 2.4 Energy             -149.585553704346
 Nuclear energy                         8.06365274
 Kinetic energy                       149.58799182
 One electron energy                 -222.42349625
 Two electron energy                   64.77428981
 Virial ratio                           1.99998370

 !MCSCF STATE 2.4 Dipole moment         0.00000000     0.00000000     0.00000000
 Dipole moment /Debye                   0.00000000     0.00000000     0.00000000

 Results for state 3.4
 =====================

 !MCSCF STATE 3.4 Energy             -149.585505300685
 Nuclear energy                         8.06365274
 Kinetic energy                       149.58826800
 One electron energy                 -222.42378198
 Two electron energy                   64.77462395
 Virial ratio                           1.99998153

 !MCSCF STATE 3.4 Dipole moment         0.00000000     0.00000000     0.00000000
 Dipole moment /Debye                   0.00000000     0.00000000     0.00000000

 State-averaged charge density matrix saved on record  2140.2 (density set 1)

 !MCSCF expec        <1.4|QMXX|1.4>    -0.499493075212
 !MCSCF trans        <2.4|QMXX|1.4>    -0.000365253756
 !MCSCF expec        <2.4|QMXX|2.4>    -0.504623266444
 !MCSCF trans        <3.4|QMXX|1.4>    -0.000006048100
 !MCSCF trans        <3.4|QMXX|2.4>    -0.036333564959
 !MCSCF expec        <3.4|QMXX|3.4>    -0.505083489529

 !MCSCF expec        <1.4|QMYY|1.4>    -0.499493075212
 !MCSCF trans        <2.4|QMYY|1.4>    -0.000365253756
 !MCSCF expec        <2.4|QMYY|2.4>    -0.504623266466
 !MCSCF trans        <3.4|QMYY|1.4>     0.000006048099
 !MCSCF trans        <3.4|QMYY|2.4>     0.036333564960
 !MCSCF expec        <3.4|QMYY|3.4>    -0.505083489507

 !MCSCF expec        <1.4|QMZZ|1.4>     0.998986150424
 !MCSCF trans        <2.4|QMZZ|1.4>     0.000730507511
 !MCSCF expec        <2.4|QMZZ|2.4>     1.009246532910
 !MCSCF expec        <3.4|QMZZ|3.4>     1.010166979035

 !MCSCF expec        <1.4|QMRR|1.4>   -22.735272561827
 !MCSCF trans        <2.4|QMRR|1.4>     0.000603554724
 !MCSCF expec        <2.4|QMRR|2.4>   -22.796782137940
 !MCSCF expec        <3.4|QMRR|3.4>   -22.795525157054


 EXTRA SYMMETRY OF MOS IN SYMMETRY 1:   1 1 1 1 1 1 2 1 1 1   2 2 1 1 1 2 3 1 2 1   2 1 1 1 2 3 1 2 3 1   2 2 1 1 1 1 2 3 1 2
                                        3 1 2 1 2 1

 Natural orbital dump (state averaged) at molpro section  2140.2    (Orbital set 2)


 CI vector
 =========

 2 20 20 220 a0 a0        0.3530800   0.3553095  -0.0000000
 2 a0 a0 220 20 20       -0.3519251  -0.3505615   0.0000000
 b a0 20 22a 20 a0        0.0001029   0.0017126  -0.3507460
 b 20 a0 22a a0 20       -0.0001029  -0.0017126  -0.3507460
 a 20 a0 22a b0 20       -0.3502779   0.3506857   0.3505396
 a a0 20 22a 20 b0        0.3502779  -0.3506857   0.3505396
 a 20 b0 22a a0 20        0.3504580  -0.3505683   0.3506485
 a b0 20 22a 20 a0       -0.3504580   0.3505683   0.3506485
 a 20 a0 22b a0 20       -0.0000772   0.0015952  -0.3504420
 a a0 20 22b 20 a0        0.0000772  -0.0015952  -0.3504420
 0 a0 a0 222 20 20        0.3478174   0.3490919  -0.0000000
 0 20 20 222 a0 a0       -0.3489181  -0.3472092   0.0000000

 TOTAL ENERGIES                      -149.66662496  -149.58555370  -149.58550530



 **********************************************************************************************************************************
 DATASETS  * FILE   NREC   LENGTH (MB)   RECORD NAMES
              1      20      230.77       500      610      701      900      950      970     1000      129      960     1100   
                                          VAR    BASINP    GEOM    SYMINP    ZMAT    AOBASIS   BASIS     P2S    ABASIS      S 
                                         1400     1410     1200     1210     1080     1600     1650     1300     1700     1380   
                                           T        V       H0       H01     AOSYM     SMH    MOLCAS    ERIS     OPER     JKOP   

              2       8        7.21       500      610      700     1000      520     2100     2140      701   
                                          VAR    BASINP    GEOM     BASIS   MCVARS     RHF     MCSCF    GEOM   

 PROGRAMS   *        TOTAL     MULTI       INT        CI     MULTI       INT        CI     MULTI       INT        CI     MULTI
 CPU TIMES  *     33299.54      8.48     15.66   6623.00      8.49     16.19   6631.93      8.34     16.28   6621.08      8.37
 REAL TIME  *     33657.28 SEC
 DISK USED  *         3.86 GB      
 **********************************************************************************************************************************


 PROGRAM * CI (Multireference internally contracted CI)     Authors: H.-J. Werner, P.J. Knowles, 1987


 Convergence thresholds:  THRVAR = 1.00D-08  THRDEN = 1.00D-06

 Number of optimized states:  2  Roots:   1   2
 Number of reference states:  2  Roots:   1   2

 Program parameters:       NSTATE=  2    NSTATI=  3    NSTATR=  2    NCEPA = -1    NOKOP =  0    ITRDM =  0    ITRANS=  0
                           IDIP  =200    MAXIT =250    MAXITI=250    MAXDAV=  6    MAXVI =  9    NOSING=  0    NOPAIR=  0
                           MXSHRF=  8    IKCPS =  0    IOPTGM=  2    IOPTOR=  0    REFOPT=  1    IAVDEN=  0    IDELCG=  1
                           IREST =  0    NATORB=  0    IPUNRF=  0    ISEP  =  0    OLDDEN=  0    NSTPRI=  1    GPSFLI= -1
                           CLUSTE=  0    CLOSED=  1    ILSTYP=  0    ITRLS =  0    ICCSD =  0    LOCAL =  0    IBASO =  0
                           MP    =  0    ITEDIS=  2    INCDIS=  1    MAXDIS=  6    ITYDIS=  1    BRUECK=  0    IBRSTR=  3
                           INCBRK=  1    TRIPLE=  0    ICCTYP=  1    IHPPD =  0    ICCNEW=  0    I3EXT = -1    IDEB  =  0
                           IDLEIG=  1    IDFTYP=  1    IMP3  =  0    IPROCS=  0    NOINT =  0    NOREF =  1    IMP2G =  0
                           IHINT =  0    IFDIA =  0    ISPARO=  1    JKSYM =  0    CPHF  =  0    MP2D  = -1    DKINT =  0
                           NPKEX =  1    DRVK  =  1    HLSTRA=  1    WIGNER=  1    DIIS_C=  1    MAXIT_= 50    MATEL =  0
                           SPDEG =  1    MEMCPH=  0    DISM  =  1    KDCPMA=  5    IKDCP_=  0    IREDTH=  0    USECS =  0
                           IPROCC=  0    I3SAVE=  1    IKDCP =  1    USECI =  0    OLDPAI=  0    IPROCI=  0    KEEPCL=  1
                           DISCON=  0    SHIFTE=  0    DIISIN=  0    MOLCAS=  0    MEM_PT=  0    RECORD=  0    RS2C  =  0
                           KEXT  = -1    CIPT2 =  0    DECP0S=  0    I4EXT = -1    NATCOR=  0    RIMP2 =  0    DDCI  = -1

 Reference symmetry:                   4   Triplet 
 Number of electrons:                 16
 Maximum number of shells:             6
 Maximum number of spin couplings:   297

 Reference space:     9136 conf    47808 CSFs
 N elec internal:    72865 conf   382239 CSFs
 N-1 el internal:    69576 conf   622908 CSFs
 N-2 el internal:    57950 conf   876478 CSFs

 Number of electrons in valence space:                     12
 Maximum number of open shell orbitals in reference space: 10
 Maximum number of open shell orbitals in internal spaces: 12


 Number of core orbitals:           2 (   2   0   0   0   0   0   0   0 )
 Number of active  orbitals:       12 (   1   2   2   0   3   2   2   0 )
 Number of external orbitals:     240 (  43  29  29  19  43  29  29  19 )

 Molecular orbitals read from record     2140.2  Type=MCSCF/NATURAL (state averaged)

 Coulomb and exchange operators available. No transformation done.

 Number of p-space configurations:  14

 Reference wavefunction optimized for reference space (refopt=1)

 State     Reference Energy 
   1        -149.66662496
   2        -149.58555370
   3        -149.58550530

 Number of blocks in overlap matrix:    16   Smallest eigenvalue:  0.42D-05
 Number of N-2 electron functions:     288
 Number of N-1 electron functions:  622908

 Number of internal configurations:                47808
 Number of singly external configurations:      18686980
 Number of doubly external configurations:       1049024
 Total number of contracted configurations:     19783812
 Total number of uncontracted configurations: 3169518620

 Diagonal Coupling coefficients finished.               Storage:31984173 words, CPU-Time:     65.00 seconds.
 Energy denominators for pairs finished in 1 passes.    Storage: 2273367 words, CPU-time:      0.01 seconds.

  ITER. STATE  ROOT     SQ.NORM     CORR.ENERGY   TOTAL ENERGY   ENERGY CHANGE       DEN1      VAR(S)    VAR(P)      TIME
    1     1     1     1.00000000     0.00000000  -149.66662496     0.00000000    -0.21285482  0.17D-01  0.14D-01    95.25
    1     2     2     1.00000000     0.00000000  -149.58555370     0.00000000    -0.22272759  0.18D-01  0.15D-01    95.25
    2     1     1     1.03217125    -0.21774707  -149.88437203    -0.21774707    -0.00997075  0.41D-03  0.65D-03   681.89
    2     2     2     1.03392534    -0.22632162  -149.81187532    -0.22632162    -0.01008173  0.42D-03  0.67D-03   681.89
    3     1     1     1.03782734    -0.22894087  -149.89556583    -0.01119380    -0.00088101  0.78D-04  0.58D-04  1268.01
    3     2     2     1.03978979    -0.23762580  -149.82317951    -0.01130419    -0.00089595  0.84D-04  0.59D-04  1268.01
    4     1     1     1.04061560    -0.23002666  -149.89665162    -0.00108578    -0.00010487  0.93D-05  0.90D-05  1854.10
    4     2     2     1.04269122    -0.23870495  -149.82425866    -0.00107915    -0.00010438  0.10D-04  0.91D-05  1854.10
    5     1     1     1.04094842    -0.23013360  -149.89675856    -0.00010694    -0.00002459  0.30D-05  0.21D-05  2439.51
    5     2     2     1.04306502    -0.23880717  -149.82436088    -0.00010222    -0.00002585  0.46D-05  0.21D-05  2439.51
    6     1     1     1.04098508    -0.23015562  -149.89678058    -0.00002202    -0.00000524  0.84D-06  0.29D-06  3024.93
    6     2     2     1.04311641    -0.23882726  -149.82438096    -0.00002008    -0.00000673  0.18D-05  0.30D-06  3024.93
    7     1     1     1.04103599    -0.23016034  -149.89678530    -0.00000472    -0.00000167  0.35D-06  0.12D-06  3609.97
    7     2     2     1.04315784    -0.23883193  -149.82438563    -0.00000467    -0.00000201  0.42D-06  0.18D-06  3609.97
    8     1     1     1.04106633    -0.23016158  -149.89678654    -0.00000124    -0.00000053  0.11D-06  0.37D-07  4194.96
    8     2     2     1.04319740    -0.23883351  -149.82438721    -0.00000157    -0.00000057  0.10D-06  0.49D-07  4194.96
    9     1     1     1.04108122    -0.23016204  -149.89678700    -0.00000046    -0.00000020  0.38D-07  0.13D-07  4779.93
    9     2     2     1.04321620    -0.23883398  -149.82438768    -0.00000047    -0.00000025  0.74D-07  0.14D-07  4779.93
   10     1     1     1.04108817    -0.23016220  -149.89678716    -0.00000016    -0.00000008  0.17D-07  0.46D-08  5365.87
   10     2     2     1.04322468    -0.23883414  -149.82438785    -0.00000017    -0.00000010  0.28D-07  0.66D-08  5365.87
   11     1     1     1.04109282    -0.23016226  -149.89678722    -0.00000006    -0.00000004  0.10D-07  0.19D-08  5951.16
   11     2     2     1.04323005    -0.23883421  -149.82438791    -0.00000007    -0.00000004  0.98D-08  0.26D-08  5951.16
   12     1     1     1.04109580    -0.23016229  -149.89678725    -0.00000003    -0.00000002  0.46D-08  0.80D-09  6535.76
   12     2     2     1.04323380    -0.23883424  -149.82438794    -0.00000003    -0.00000002  0.57D-08  0.99D-09  6535.76


 =====================================
 Analysis of CPU times by interactions
 =====================================

       I      S      P

 I   0.7%
 S   0.6%  19.5%
 P   2.1%  67.6%   7.8%

 Initialization:   1.1%
 Other:            0.6%

 Total CPU:     6535.8 seconds
 =====================================



 Reference coefficients greater than 0.0500000
 =============================================
 //02022/20\0           0.3962701   0.3968197
 /20/022/\020          -0.3962696  -0.3968172
 22020220/0/0           0.3463825  -0.3486889
 2/0/02202020          -0.3449508   0.3434388
 02020222/0/0          -0.3419656   0.3398252
 0/0/02222020           0.3406094  -0.3414497
 /\02022/20/0          -0.2429444  -0.2415726
 /20\022//020           0.2429444   0.2415755
 /20/022\/020          -0.1402324  -0.1422765
 //02022\20/0           0.1402324   0.1422749

 Coefficients of fixed reference functions:
 ==========================================

 State      Coefficients
   1         0.979761   -0.000152
   2         0.000170    0.978825

 Coefficients of rotated reference functions:
 ============================================

 State      Coefficients
   1         0.979761    0.000009
   2         0.000009    0.978825



 RESULTS FOR STATE 1.4
 =====================

 Coefficient of reference function:   C(0) = 0.97976074 (fixed)   0.98006449 (relaxed)   0.97976075 (rotated)

 Energy contributions of configuration classes

 CLASS          SQ.NORM        ECORR1        ECORR2
 +++++++++++++++++++++++++++++++++++++++++++++++++++
 Internals    0.00062014   -0.00000000   -0.00013737
 Singles      0.02257154   -0.08787290   -0.08934005
 Pairs        0.01854975   -0.14228902   -0.14068487
 Total        1.04174143   -0.23016192   -0.23016229
 +++++++++++++++++++++++++++++++++++++++++++++++++++


 Reference energy                    -149.66662496
 Nuclear energy                         8.06365274
 Kinetic energy                       149.95436185
 One electron energy                 -222.41451853
 Two electron energy                   64.45407854
 Virial quotient                       -0.99961605
 Correlation energy                    -0.23016229
 !MRCI STATE 1.4 Energy              -149.896787252111

 Properties without orbital relaxation:

 !MRCI STATE 1.4 Dipole moment          0.00000000     0.00000000     0.00000000
 Dipole moment /Debye                   0.00000000     0.00000000     0.00000000

 Cluster corrected energies          -149.90639455 (Davidson, fixed reference)
 Cluster corrected energies          -149.90624596 (Davidson, relaxed reference)
 Cluster corrected energies          -149.90639455 (Davidson, rotated reference)

 Cluster corrected energies          -149.90466822 (Pople, fixed reference)
 Cluster corrected energies          -149.90454331 (Pople, relaxed reference)
 Cluster corrected energies          -149.90466821 (Pople, rotated reference)


 Cluster corrections using rotated reference energy:

 Reference energy (rotated)          -149.66662496
 MRCI Correlation energy               -0.23016229

 Cluster corrected energies          -149.90624596 (Davidson, relaxed reference)
 Cluster corrected energies          -149.90639455 (Davidson, rotated reference)

 Cluster corrected energies          -149.90454331 (Pople, relaxed reference)
 Cluster corrected energies          -149.90466821 (Pople, rotated reference)

 

 !MRCI expec         <1.4|QMXX|1.4>    -0.487294069448
 !MRCI expec         <1.4|QMYY|1.4>    -0.487280344857
 !MRCI expec         <1.4|QMZZ|1.4>     0.974574414305
 !MRCI expec         <1.4|QMRR|1.4>   -22.641217825307



 RESULTS FOR STATE 2.4
 =====================

 Coefficient of reference function:   C(0) = 0.97882516 (fixed)   0.97905970 (relaxed)   0.97882518 (rotated)

 Energy contributions of configuration classes

 CLASS          SQ.NORM        ECORR1        ECORR2
 +++++++++++++++++++++++++++++++++++++++++++++++++++
 Internals    0.00047929   -0.00000000   -0.00010982
 Singles      0.02431771   -0.09308597   -0.09475110
 Pairs        0.01893681   -0.14574812   -0.14397333
 Total        1.04373381   -0.23883409   -0.23883424
 +++++++++++++++++++++++++++++++++++++++++++++++++++


 Reference energy                    -149.58555370
 Nuclear energy                         8.06365274
 Kinetic energy                       149.86883875
 One electron energy                 -222.30880024
 Two electron energy                   64.42075956
 Virial quotient                       -0.99970340
 Correlation energy                    -0.23883424
 !MRCI STATE 2.4 Energy              -149.824387942868

 Properties without orbital relaxation:

 !MRCI STATE 2.4 Dipole moment          0.00000000     0.00000000     0.00000000
 Dipole moment /Debye                   0.00000000     0.00000000     0.00000000

 Cluster corrected energies          -149.83483307 (Davidson, fixed reference)
 Cluster corrected energies          -149.83471365 (Davidson, relaxed reference)
 Cluster corrected energies          -149.83483307 (Davidson, rotated reference)

 Cluster corrected energies          -149.83296645 (Pople, fixed reference)
 Cluster corrected energies          -149.83286583 (Pople, relaxed reference)
 Cluster corrected energies          -149.83296645 (Pople, rotated reference)


 Cluster corrections using rotated reference energy:

 Reference energy (rotated)          -149.58555371
 MRCI Correlation energy               -0.23883424

 Cluster corrected energies          -149.83471365 (Davidson, relaxed reference)
 Cluster corrected energies          -149.83483307 (Davidson, rotated reference)

 Cluster corrected energies          -149.83286583 (Pople, relaxed reference)
 Cluster corrected energies          -149.83296645 (Pople, rotated reference)

 

 !MRCI expec         <2.4|QMXX|2.4>    -0.471739318667
 !MRCI expec         <2.4|QMYY|2.4>    -0.471731178844
 !MRCI expec         <2.4|QMZZ|2.4>     0.943470497510
 !MRCI expec         <2.4|QMRR|2.4>   -22.791015742238

 !MRCI trans         <2.4|QMXX|1.4>    -0.000642441873
 !MRCI trans         <2.4|QMYY|1.4>    -0.000647762981
 !MRCI trans         <2.4|QMZZ|1.4>     0.001290204854
 !MRCI trans         <2.4|QMRR|1.4>    -0.001652611617


 **********************************************************************************************************************************
 DATASETS  * FILE   NREC   LENGTH (MB)   RECORD NAMES
              1      20      230.77       500      610      701      900      950      970     1000      129      960     1100   
                                          VAR    BASINP    GEOM    SYMINP    ZMAT    AOBASIS   BASIS     P2S    ABASIS      S 
                                         1400     1410     1200     1210     1080     1600     1650     1300     1700     1380   
                                           T        V       H0       H01     AOSYM     SMH    MOLCAS    ERIS     OPER     JKOP   

              2       8        7.21       500      610      700     1000      520     2100     2140      701   
                                          VAR    BASINP    GEOM     BASIS   MCVARS     RHF     MCSCF    GEOM   

 PROGRAMS   *        TOTAL        CI     MULTI       INT        CI     MULTI       INT        CI     MULTI       INT        CI
 CPU TIMES  *     39917.95   6618.40      8.48     15.66   6623.00      8.49     16.19   6631.93      8.34     16.28   6621.08
 REAL TIME  *     40338.41 SEC
 DISK USED  *         3.86 GB      
 **********************************************************************************************************************************
 SETTING E1(6)          =      -149.89678725  AU                              
 SETTING E2(6)          =      -149.82438794  AU                              

 DO I                   =         7.00000000   


 Using spherical harmonics

 Library entry O      S aug-cc-pV5Z          selected for orbital group  1
 Library entry O      P aug-cc-pV5Z          selected for orbital group  1
 Library entry O      D aug-cc-pV5Z          selected for orbital group  1
 Library entry O      F aug-cc-pV5Z          selected for orbital group  1
 Library entry O      G aug-cc-pV5Z          selected for orbital group  1
 Library entry O      H aug-cc-pV5Z          selected for orbital group  1


 PROGRAM * SEWARD (Integral evaluation for generally contracted gaussian basis sets)     Author: Roland Lindh, 1990

 Geometry written to block  1 of record 701

 Orientation using atomic masses  
 Molecule type: Linear
 Symmetry elements: X,Y,Z
 Rotational constants:       3.4975637      3.4975637      0.0000000 GHz  (calculated with average atomic masses)

 Point group  D2h 



 ATOMIC COORDINATES

 NR  ATOM    CHARGE       X              Y              Z

   1  O       8.00    0.000000000    0.000000000   -4.015668015
   2  O       8.00    0.000000000    0.000000000    4.015668015

 NUCLEAR CHARGE:                   16
 NUMBER OF PRIMITIVE AOS:         398
 NUMBER OF SYMMETRY AOS:          288
 NUMBER OF CONTRACTIONS:          254   (  46Ag  +  31B3u +  31B2u +  19B1g +  46B1u +  31B2g +  31B3g +  19Au  )
 NUMBER OF CORE ORBITALS:           2   (   1Ag  +   0B3u +   0B2u +   0B1g +   1B1u +   0B2g +   0B3g +   0Au  )
 NUMBER OF VALENCE ORBITALS:        8   (   2Ag  +   1B3u +   1B2u +   0B1g +   2B1u +   1B2g +   1B3g +   0Au  )


 NUCLEAR REPULSION ENERGY    7.96878624

 EXTRA SYMMETRY OF AOS IN SYMMETRY 1:   1 1 1 1 1 1 1 1 1 1   1 1 1 1 2 1 2 1 2 1   2 1 2 1 2 1 2 1 2 1   2 1 3 2 1 3 2 1 3 2
                                        2 3 1 2 3 1
 EXTRA SYMMETRY OF AOS IN SYMMETRY 2:   1 1 1 1 1 1 1 1 1 1   1 1 2 1 2 1 2 1 2 1   2 1 2 1 2 1 2 3 1 2   3
 EXTRA SYMMETRY OF AOS IN SYMMETRY 3:   1 1 1 1 1 1 1 1 1 1   1 1 2 1 2 1 2 1 2 1   2 1 2 1 2 1 2 3 1 2   3
 EXTRA SYMMETRY OF AOS IN SYMMETRY 4:   1 1 1 1 1 1 1 1 1 1   2 1 2 1 2 2 1 2 1
 EXTRA SYMMETRY OF AOS IN SYMMETRY 5:   1 1 1 1 1 1 1 1 1 1   1 1 1 1 2 1 2 1 2 1   2 1 2 1 2 1 2 1 2 1   2 1 3 2 1 3 2 1 3 2
                                        2 3 1 2 3 1
 EXTRA SYMMETRY OF AOS IN SYMMETRY 6:   1 1 1 1 1 1 1 1 1 1   1 1 2 1 2 1 2 1 2 1   2 1 2 1 2 1 2 3 1 2   3
 EXTRA SYMMETRY OF AOS IN SYMMETRY 7:   1 1 1 1 1 1 1 1 1 1   1 1 2 1 2 1 2 1 2 1   2 1 2 1 2 1 2 3 1 2   3
 EXTRA SYMMETRY OF AOS IN SYMMETRY 8:   1 1 1 1 1 1 1 1 1 1   2 1 2 1 2 2 1 2 1

 Eigenvalues of metric

         1 0.238E-03 0.540E-02 0.856E-02 0.337E-01 0.548E-01 0.670E-01 0.676E-01 0.138E+00
         2 0.540E-02 0.355E-01 0.687E-01 0.144E+00 0.147E+00 0.162E+00 0.251E+00 0.257E+00
         3 0.540E-02 0.355E-01 0.687E-01 0.144E+00 0.147E+00 0.162E+00 0.251E+00 0.257E+00
         4 0.676E-01 0.145E+00 0.243E+00 0.257E+00 0.257E+00 0.410E+00 0.410E+00 0.482E+00
         5 0.237E-03 0.534E-02 0.675E-02 0.298E-01 0.310E-01 0.625E-01 0.667E-01 0.111E+00
         6 0.539E-02 0.337E-01 0.631E-01 0.137E+00 0.144E+00 0.144E+00 0.223E+00 0.257E+00
         7 0.539E-02 0.337E-01 0.631E-01 0.137E+00 0.144E+00 0.144E+00 0.223E+00 0.257E+00
         8 0.667E-01 0.143E+00 0.239E+00 0.257E+00 0.257E+00 0.410E+00 0.410E+00 0.477E+00


 Contracted 2-electron integrals neglected if value below      1.0D-11
 AO integral compression algorithm  1   Integral accuracy      1.0D-11

     324.534 MB (compressed) written to integral file ( 35.5%)


 NUMBER OF SORTED TWO-ELECTRON INTEGRALS:   66838400.     BUFFER LENGTH:  32768
 NUMBER OF SEGMENTS:   5  SEGMENT LENGTH:   15999177      RECORD LENGTH: 524288

 Memory used in sort:      16.56 MW

 SORT1 READ   114264352. AND WROTE    47032865. INTEGRALS IN    138 RECORDS. CPU TIME:     2.88 SEC, REAL TIME:     3.28 SEC
 SORT2 READ    47032865. AND WROTE    66838400. INTEGRALS IN   1238 RECORDS. CPU TIME:     1.15 SEC, REAL TIME:     1.38 SEC

 FILE SIZES:   FILE 1:   345.1 MBYTE,  FILE 4:   578.8 MBYTE,   TOTAL:    924.0 MBYTE

 OPERATOR DM      FOR CENTER  0  COORDINATES:    0.000000    0.000000    0.000000
 OPERATOR QM      FOR CENTER  0  COORDINATES:    0.000000    0.000000    0.000000


 **********************************************************************************************************************************
 DATASETS  * FILE   NREC   LENGTH (MB)   RECORD NAMES
              1      19      219.73       500      610      701      900      950      970     1000      129      960     1100   
                                          VAR    BASINP    GEOM    SYMINP    ZMAT    AOBASIS   BASIS     P2S    ABASIS      S 
                                         1400     1410     1200     1210     1080     1600     1650     1300     1700   
                                           T        V       H0       H01     AOSYM     SMH    MOLCAS    ERIS     OPER   

              2       8        7.21       500      610      700     1000      520     2100     2140      701   
                                          VAR    BASINP    GEOM     BASIS   MCVARS     RHF     MCSCF    GEOM   

 PROGRAMS   *        TOTAL       INT        CI     MULTI       INT        CI     MULTI       INT        CI     MULTI       INT
 CPU TIMES  *     39933.48     15.54   6618.40      8.48     15.66   6623.00      8.49     16.19   6631.93      8.34     16.28
 REAL TIME  *     40359.72 SEC
 DISK USED  *         3.86 GB      
 **********************************************************************************************************************************


 PROGRAM * MULTI (Direct Multiconfiguration SCF)       Authors: P.J. Knowles, H.-J. Werner (1984)     S.T. Elbert (1988)


 Number of closed-shell orbitals:   2 (   2   0   0   0   0   0   0   0 )
 Number of active  orbitals:       12 (   1   2   2   0   3   2   2   0 )
 Number of external orbitals:     240 (  43  29  29  19  43  29  29  19 )

 State symmetry 1

 Number of electrons:    12    Spin symmetry=Triplet   Space symmetry=4
 Number of states:        3
 Number of CSFs:      47808   (78400 determinants, 627264 intermediate states)

 Iteration controls:
             1  2  3  4  5  6  7  8  9 10 11 12 13 14 15 16 17 18 19 20 21 22 23 24 25 26 27 28 29 30 31 32 33 34 35 36 37 38 39
 DIAGCI      T  T  T  T  T  T  T  T  T  T  T  T  T  T  T  T  T  T  T  T  T  T  T  T  T  T  T  T  T  T  T  T  T  T  T  T  T  T  T
 WERNER      T  T  T  T  T  T  T  T  T  T  T  T  T  T  T  T  T  T  T  T  T  T  T  T  T  T  T  T  T  T  T  T  T  T  T  T  T  T  T
 INTERNAL    F  T  T  T  T  T  T  T  T  T  T  T  T  T  T  T  T  T  T  T  T  T  T  T  T  T  T  T  T  T  T  T  T  T  T  T  T  T  T

 Molecular orbitals read from record     2140.2  Type=MCSCF/NATURAL (state averaged)

 EXTRA SYMMETRY OF MOS IN SYMMETRY 1:   1 1 1 1 1 1 2 1 1 1   2 2 1 1 1 2 3 1 2 1   2 1 1 1 2 3 1 2 3 1   2 2 1 1 1 1 2 3 1 2
                                        3 1 2 1 2 1
 EXTRA SYMMETRY OF MOS IN SYMMETRY 2:   1 1 1 1 1 2 1 1 1 2   1 2 1 1 1 2 3 1 2 1   2 1 1 1 2 3 1 2 1 2   1
 EXTRA SYMMETRY OF MOS IN SYMMETRY 3:   1 1 1 1 1 2 1 1 1 2   1 2 1 1 1 2 3 1 2 1   2 1 1 1 2 3 1 2 1 2   1
 EXTRA SYMMETRY OF MOS IN SYMMETRY 4:   1 1 1 1 2 1 1 1 2 1   2 1 1 1 2 1 2 1 1
 EXTRA SYMMETRY OF MOS IN SYMMETRY 5:   1 1 1 1 1 2 1 1 1 2   1 2 1 1 2 1 3 2 1 1   2 1 1 1 2 3 2 1 3 2   1 2 1 1 1 1 2 3 1 2
                                        3 2 1 2 1 1
 EXTRA SYMMETRY OF MOS IN SYMMETRY 6:   1 1 1 1 2 1 1 1 1 2   2 1 1 1 1 2 3 1 2 2   1 1 1 1 2 3 1 2 1 2   1
 EXTRA SYMMETRY OF MOS IN SYMMETRY 7:   1 1 1 1 2 1 1 1 1 2   2 1 1 1 1 2 3 1 2 2   1 1 1 1 2 3 1 2 1 2   1
 EXTRA SYMMETRY OF MOS IN SYMMETRY 8:   1 1 1 1 2 1 1 1 2 1   2 1 1 1 2 1 2 1 1

 Wavefunction dump at record             2140.2

 Convergence thresholds  0.10E-01 (gradient)  0.10E-05 (energy)  0.10E-02 (step length)

 Weight factors for state symmetry  1:    0.33333   0.33333   0.33333

 Number of orbital rotations:      492   (     2 Core/Active     86 Core/Virtual   0 Active/Active    404 Active/Virtual)
 Total number of variables:     235692


 ITER. MIC  NCI  NEG     ENERGY(VAR)     ENERGY(PROJ)   ENERGY CHANGE     GRAD(0)  GRAD(ORB)   GRAD(CI)     STEP       TIME

   1   20   25    0    -149.61256190    -149.61256191   -0.00000001    0.00018471 0.00000009 0.00000086  0.14D-03      4.72

 ** WVFN ****  CONVERGENCE REACHED, FINAL GRADIENT:  0.12D-06



 Results for state 1.4
 =====================

 !MCSCF STATE 1.4 Energy             -149.666624541623
 Nuclear energy                         7.96878624
 Kinetic energy                       149.66040902
 One electron energy                 -222.29086483
 Two electron energy                   64.65545405
 Virial ratio                           2.00004153

 !MCSCF STATE 1.4 Dipole moment         0.00000000     0.00000000     0.00000000
 Dipole moment /Debye                   0.00000000     0.00000000     0.00000000

 Results for state 2.4
 =====================

 !MCSCF STATE 2.4 Energy             -149.585552798692
 Nuclear energy                         7.96878624
 Kinetic energy                       149.58799755
 One electron energy                 -222.23428469
 Two electron energy                   64.67994566
 Virial ratio                           1.99998366

 !MCSCF STATE 2.4 Dipole moment         0.00000000     0.00000000     0.00000000
 Dipole moment /Debye                   0.00000000     0.00000000     0.00000000

 Results for state 3.4
 =====================

 !MCSCF STATE 3.4 Energy             -149.585508390675
 Nuclear energy                         7.96878624
 Kinetic energy                       149.58824571
 One electron energy                 -222.23454136
 Two electron energy                   64.68024674
 Virial ratio                           1.99998170

 !MCSCF STATE 3.4 Dipole moment         0.00000000     0.00000000     0.00000000
 Dipole moment /Debye                   0.00000000     0.00000000     0.00000000

 State-averaged charge density matrix saved on record  2140.2 (density set 1)

 !MCSCF expec        <1.4|QMXX|1.4>    -0.499057631802
 !MCSCF trans        <2.4|QMXX|1.4>    -0.000319281184
 !MCSCF expec        <2.4|QMXX|2.4>    -0.504263117097
 !MCSCF trans        <3.4|QMXX|1.4>    -0.000004966692
 !MCSCF trans        <3.4|QMXX|2.4>    -0.036334621200
 !MCSCF expec        <3.4|QMXX|3.4>    -0.504699661669

 !MCSCF expec        <1.4|QMYY|1.4>    -0.499057631802
 !MCSCF trans        <2.4|QMYY|1.4>    -0.000319281184
 !MCSCF expec        <2.4|QMYY|2.4>    -0.504263117062
 !MCSCF trans        <3.4|QMYY|1.4>     0.000004966692
 !MCSCF trans        <3.4|QMYY|2.4>     0.036334621200
 !MCSCF expec        <3.4|QMYY|3.4>    -0.504699661704

 !MCSCF expec        <1.4|QMZZ|1.4>     0.998115263605
 !MCSCF trans        <2.4|QMZZ|1.4>     0.000638562368
 !MCSCF expec        <2.4|QMZZ|2.4>     1.008526234159
 !MCSCF expec        <3.4|QMZZ|3.4>     1.009399323372

 !MCSCF expec        <1.4|QMRR|1.4>   -22.736292930775
 !MCSCF trans        <2.4|QMRR|1.4>     0.000531557269
 !MCSCF expec        <2.4|QMRR|2.4>   -22.797653786639
 !MCSCF expec        <3.4|QMRR|3.4>   -22.796476706475


 EXTRA SYMMETRY OF MOS IN SYMMETRY 5:   1 1 1 1 1 2 1 1 1 2   1 2 1 1 2 1 3 2 1 1   2 1 1 1 2 3 1 2 3 2   1 2 1 1 1 1 2 3 1 2
                                        3 2 1 2 1 1

 Natural orbital dump (state averaged) at molpro section  2140.2    (Orbital set 2)


 CI vector
 =========

 2 20 20 220 a0 a0        0.3528327   0.3549242   0.0000000
 2 a0 a0 220 20 20       -0.3517889  -0.3505302  -0.0000000
 b 20 a0 22a a0 20       -0.0000926  -0.0015986  -0.3507334
 b a0 20 22a 20 a0        0.0000926   0.0015986  -0.3507334
 a a0 20 22a 20 b0        0.3502923  -0.3506738   0.3505441
 a 20 a0 22a b0 20       -0.3502923   0.3506738   0.3505441
 a b0 20 22a 20 a0       -0.3504563   0.3505687   0.3506442
 a 20 b0 22a a0 20        0.3504563  -0.3505687   0.3506442
 a a0 20 22b 20 a0        0.0000714  -0.0014935  -0.3504549
 a 20 a0 22b a0 20       -0.0000714   0.0014935  -0.3504549
 0 a0 a0 222 20 20        0.3480498   0.3492781   0.0000000
 0 20 20 222 a0 a0       -0.3490488  -0.3474741  -0.0000000

 TOTAL ENERGIES                      -149.66662454  -149.58555280  -149.58550839



 **********************************************************************************************************************************
 DATASETS  * FILE   NREC   LENGTH (MB)   RECORD NAMES
              1      20      230.30       500      610      701      900      950      970     1000      129      960     1100   
                                          VAR    BASINP    GEOM    SYMINP    ZMAT    AOBASIS   BASIS     P2S    ABASIS      S 
                                         1400     1410     1200     1210     1080     1600     1650     1300     1700     1380   
                                           T        V       H0       H01     AOSYM     SMH    MOLCAS    ERIS     OPER     JKOP   

              2       8        7.21       500      610      700     1000      520     2100     2140      701   
                                          VAR    BASINP    GEOM     BASIS   MCVARS     RHF     MCSCF    GEOM   

 PROGRAMS   *        TOTAL     MULTI       INT        CI     MULTI       INT        CI     MULTI       INT        CI     MULTI
 CPU TIMES  *     39941.85      8.37     15.54   6618.40      8.48     15.66   6623.00      8.49     16.19   6631.93      8.34
 REAL TIME  *     40368.87 SEC
 DISK USED  *         3.86 GB      
 **********************************************************************************************************************************


 PROGRAM * CI (Multireference internally contracted CI)     Authors: H.-J. Werner, P.J. Knowles, 1987


 Convergence thresholds:  THRVAR = 1.00D-08  THRDEN = 1.00D-06

 Number of optimized states:  2  Roots:   1   2
 Number of reference states:  2  Roots:   1   2

 Program parameters:       NSTATE=  2    NSTATI=  3    NSTATR=  2    NCEPA = -1    NOKOP =  0    ITRDM =  0    ITRANS=  0
                           IDIP  =200    MAXIT =250    MAXITI=250    MAXDAV=  6    MAXVI =  9    NOSING=  0    NOPAIR=  0
                           MXSHRF=  8    IKCPS =  0    IOPTGM=  2    IOPTOR=  0    REFOPT=  1    IAVDEN=  0    IDELCG=  1
                           IREST =  0    NATORB=  0    IPUNRF=  0    ISEP  =  0    OLDDEN=  0    NSTPRI=  1    GPSFLI= -1
                           CLUSTE=  0    CLOSED=  1    ILSTYP=  0    ITRLS =  0    ICCSD =  0    LOCAL =  0    IBASO =  0
                           MP    =  0    ITEDIS=  2    INCDIS=  1    MAXDIS=  6    ITYDIS=  1    BRUECK=  0    IBRSTR=  3
                           INCBRK=  1    TRIPLE=  0    ICCTYP=  1    IHPPD =  0    ICCNEW=  0    I3EXT = -1    IDEB  =  0
                           IDLEIG=  1    IDFTYP=  1    IMP3  =  0    IPROCS=  0    NOINT =  0    NOREF =  1    IMP2G =  0
                           IHINT =  0    IFDIA =  0    ISPARO=  1    JKSYM =  0    CPHF  =  0    MP2D  = -1    DKINT =  0
                           NPKEX =  1    DRVK  =  1    HLSTRA=  1    WIGNER=  1    DIIS_C=  1    MAXIT_= 50    MATEL =  0
                           SPDEG =  1    MEMCPH=  0    DISM  =  1    KDCPMA=  5    IKDCP_=  0    IREDTH=  0    USECS =  0
                           IPROCC=  0    I3SAVE=  1    IKDCP =  1    USECI =  0    OLDPAI=  0    IPROCI=  0    KEEPCL=  1
                           DISCON=  0    SHIFTE=  0    DIISIN=  0    MOLCAS=  0    MEM_PT=  0    RECORD=  0    RS2C  =  0
                           KEXT  = -1    CIPT2 =  0    DECP0S=  0    I4EXT = -1    NATCOR=  0    RIMP2 =  0    DDCI  = -1

 Reference symmetry:                   4   Triplet 
 Number of electrons:                 16
 Maximum number of shells:             6
 Maximum number of spin couplings:   297

 Reference space:     9136 conf    47808 CSFs
 N elec internal:    72865 conf   382239 CSFs
 N-1 el internal:    69576 conf   622908 CSFs
 N-2 el internal:    57950 conf   876478 CSFs

 Number of electrons in valence space:                     12
 Maximum number of open shell orbitals in reference space: 10
 Maximum number of open shell orbitals in internal spaces: 12


 Number of core orbitals:           2 (   2   0   0   0   0   0   0   0 )
 Number of active  orbitals:       12 (   1   2   2   0   3   2   2   0 )
 Number of external orbitals:     240 (  43  29  29  19  43  29  29  19 )

 Molecular orbitals read from record     2140.2  Type=MCSCF/NATURAL (state averaged)

 Coulomb and exchange operators available. No transformation done.

 Number of p-space configurations:  14

 Reference wavefunction optimized for reference space (refopt=1)

 State     Reference Energy 
   1        -149.66662454
   2        -149.58555280
   3        -149.58550839

 Number of blocks in overlap matrix:    16   Smallest eigenvalue:  0.37D-05
 Number of N-2 electron functions:     288
 Number of N-1 electron functions:  622908

 Number of internal configurations:                47808
 Number of singly external configurations:      18686980
 Number of doubly external configurations:       1049024
 Total number of contracted configurations:     19783812
 Total number of uncontracted configurations: 3169518620

 Diagonal Coupling coefficients finished.               Storage:31984173 words, CPU-Time:     65.03 seconds.
 Energy denominators for pairs finished in 1 passes.    Storage: 2273367 words, CPU-time:      0.02 seconds.

  ITER. STATE  ROOT     SQ.NORM     CORR.ENERGY   TOTAL ENERGY   ENERGY CHANGE       DEN1      VAR(S)    VAR(P)      TIME
    1     1     1     1.00000000     0.00000000  -149.66662454     0.00000000    -0.21278866  0.17D-01  0.14D-01    95.88
    1     2     2     1.00000000     0.00000000  -149.58555280     0.00000000    -0.22265620  0.18D-01  0.15D-01    95.88
    2     1     1     1.03215543    -0.21771750  -149.88434204    -0.21771750    -0.00997534  0.41D-03  0.65D-03   682.89
    2     2     2     1.03390836    -0.22629091  -149.81184371    -0.22629091    -0.01008645  0.42D-03  0.67D-03   682.89
    3     1     1     1.03781644    -0.22891787  -149.89554241    -0.01120037    -0.00088207  0.78D-04  0.58D-04  1269.56
    3     2     2     1.03977817    -0.23760212  -149.82315492    -0.01131121    -0.00089712  0.84D-04  0.59D-04  1269.56
    4     1     1     1.04060521    -0.23000499  -149.89662953    -0.00108711    -0.00010511  0.93D-05  0.90D-05  1856.54
    4     2     2     1.04268021    -0.23868269  -149.82423549    -0.00108057    -0.00010463  0.10D-04  0.92D-05  1856.54
    5     1     1     1.04093843    -0.23011214  -149.89673668    -0.00010715    -0.00002467  0.30D-05  0.21D-05  2443.11
    5     2     2     1.04305417    -0.23878511  -149.82433791    -0.00010242    -0.00002595  0.46D-05  0.21D-05  2443.11
    6     1     1     1.04097522    -0.23013425  -149.89675879    -0.00002211    -0.00000522  0.83D-06  0.29D-06  3029.78
    6     2     2     1.04310580    -0.23880527  -149.82435807    -0.00002016    -0.00000676  0.18D-05  0.30D-06  3029.78
    7     1     1     1.04102674    -0.23013900  -149.89676354    -0.00000475    -0.00000167  0.34D-06  0.12D-06  3615.61
    7     2     2     1.04314729    -0.23880995  -149.82436275    -0.00000469    -0.00000202  0.43D-06  0.18D-06  3615.61
    8     1     1     1.04105750    -0.23014024  -149.89676478    -0.00000124    -0.00000054  0.11D-06  0.37D-07  4201.25
    8     2     2     1.04318693    -0.23881154  -149.82436434    -0.00000158    -0.00000058  0.10D-06  0.49D-07  4201.25
    9     1     1     1.04107244    -0.23014069  -149.89676523    -0.00000045    -0.00000019  0.37D-07  0.13D-07  4786.95
    9     2     2     1.04320578    -0.23881201  -149.82436481    -0.00000047    -0.00000026  0.75D-07  0.14D-07  4786.95
   10     1     1     1.04107917    -0.23014084  -149.89676539    -0.00000015    -0.00000008  0.16D-07  0.46D-08  5373.14
   10     2     2     1.04321429    -0.23881218  -149.82436498    -0.00000017    -0.00000010  0.28D-07  0.67D-08  5373.14
   11     1     1     1.04108359    -0.23014090  -149.89676545    -0.00000006    -0.00000003  0.90D-08  0.18D-08  5959.69
   11     2     2     1.04321968    -0.23881225  -149.82436505    -0.00000007    -0.00000004  0.98D-08  0.26D-08  5959.69
   12     1     1     1.04108639    -0.23014093  -149.89676547    -0.00000003    -0.00000002  0.42D-08  0.79D-09  6546.55
   12     2     2     1.04322342    -0.23881228  -149.82436507    -0.00000003    -0.00000002  0.59D-08  0.10D-08  6546.55


 =====================================
 Analysis of CPU times by interactions
 =====================================

       I      S      P

 I   0.7%
 S   0.6%  19.5%
 P   2.1%  67.7%   7.8%

 Initialization:   1.1%
 Other:            0.6%

 Total CPU:     6546.6 seconds
 =====================================



 Reference coefficients greater than 0.0500000
 =============================================
 //02022/20\0           0.3962908   0.3968053
 /20/022/\020          -0.3962905  -0.3968029
 22020220/0/0           0.3461268  -0.3482759
 2/0/02202020          -0.3448201   0.3434044
 02020222/0/0          -0.3420960   0.3401005
 0/0/02222020           0.3408539  -0.3416635
 /\02022/20/0          -0.2429332  -0.2416606
 /20\022//020           0.2429332   0.2416633
 /20/022\/020          -0.1402304  -0.1421479
 //02022\20/0           0.1402304   0.1421465

 Coefficients of fixed reference functions:
 ==========================================

 State      Coefficients
   1         0.979765   -0.000153
   2         0.000171    0.978830

 Coefficients of rotated reference functions:
 ============================================

 State      Coefficients
   1         0.979765    0.000009
   2         0.000009    0.978830



 RESULTS FOR STATE 1.4
 =====================

 Coefficient of reference function:   C(0) = 0.97976521 (fixed)   0.98006891 (relaxed)   0.97976522 (rotated)

 Energy contributions of configuration classes

 CLASS          SQ.NORM        ECORR1        ECORR2
 +++++++++++++++++++++++++++++++++++++++++++++++++++
 Internals    0.00062005   -0.00000000   -0.00013734
 Singles      0.02256469   -0.08786011   -0.08932649
 Pairs        0.01854718   -0.14228044   -0.14067709
 Total        1.04173192   -0.23014056   -0.23014093
 +++++++++++++++++++++++++++++++++++++++++++++++++++


 Reference energy                    -149.66662454
 Nuclear energy                         7.96878624
 Kinetic energy                       149.95436584
 One electron energy                 -222.22534036
 Two electron energy                   64.35978865
 Virial quotient                       -0.99961588
 Correlation energy                    -0.23014093
 !MRCI STATE 1.4 Energy              -149.896765470760

 Properties without orbital relaxation:

 !MRCI STATE 1.4 Dipole moment          0.00000000     0.00000000     0.00000000
 Dipole moment /Debye                   0.00000000     0.00000000     0.00000000

 Cluster corrected energies          -149.90636969 (Davidson, fixed reference)
 Cluster corrected energies          -149.90622113 (Davidson, relaxed reference)
 Cluster corrected energies          -149.90636969 (Davidson, rotated reference)

 Cluster corrected energies          -149.90464387 (Pople, fixed reference)
 Cluster corrected energies          -149.90451899 (Pople, relaxed reference)
 Cluster corrected energies          -149.90464386 (Pople, rotated reference)


 Cluster corrections using rotated reference energy:

 Reference energy (rotated)          -149.66662454
 MRCI Correlation energy               -0.23014093

 Cluster corrected energies          -149.90622113 (Davidson, relaxed reference)
 Cluster corrected energies          -149.90636969 (Davidson, rotated reference)

 Cluster corrected energies          -149.90451899 (Pople, relaxed reference)
 Cluster corrected energies          -149.90464386 (Pople, rotated reference)

 

 !MRCI expec         <1.4|QMXX|1.4>    -0.486814418037
 !MRCI expec         <1.4|QMYY|1.4>    -0.486800667351
 !MRCI expec         <1.4|QMZZ|1.4>     0.973615085388
 !MRCI expec         <1.4|QMRR|1.4>   -22.642260460822



 RESULTS FOR STATE 2.4
 =====================

 Coefficient of reference function:   C(0) = 0.97883012 (fixed)   0.97906457 (relaxed)   0.97883014 (rotated)

 Energy contributions of configuration classes

 CLASS          SQ.NORM        ECORR1        ECORR2
 +++++++++++++++++++++++++++++++++++++++++++++++++++
 Internals    0.00047910   -0.00000000   -0.00010977
 Singles      0.02430999   -0.09307248   -0.09473690
 Pairs        0.01893414   -0.14573964   -0.14396561
 Total        1.04372323   -0.23881212   -0.23881228
 +++++++++++++++++++++++++++++++++++++++++++++++++++


 Reference energy                    -149.58555280
 Nuclear energy                         7.96878624
 Kinetic energy                       149.86883368
 One electron energy                 -222.11961291
 Two electron energy                   64.32646160
 Virial quotient                       -0.99970328
 Correlation energy                    -0.23881228
 !MRCI STATE 2.4 Energy              -149.824365074143

 Properties without orbital relaxation:

 !MRCI STATE 2.4 Dipole moment          0.00000000     0.00000000     0.00000000
 Dipole moment /Debye                   0.00000000     0.00000000     0.00000000

 Cluster corrected energies          -149.83480672 (Davidson, fixed reference)
 Cluster corrected energies          -149.83468736 (Davidson, relaxed reference)
 Cluster corrected energies          -149.83480671 (Davidson, rotated reference)

 Cluster corrected energies          -149.83294067 (Pople, fixed reference)
 Cluster corrected energies          -149.83284009 (Pople, relaxed reference)
 Cluster corrected energies          -149.83294066 (Pople, rotated reference)


 Cluster corrections using rotated reference energy:

 Reference energy (rotated)          -149.58555280
 MRCI Correlation energy               -0.23881227

 Cluster corrected energies          -149.83468736 (Davidson, relaxed reference)
 Cluster corrected energies          -149.83480671 (Davidson, rotated reference)

 Cluster corrected energies          -149.83284009 (Pople, relaxed reference)
 Cluster corrected energies          -149.83294066 (Pople, rotated reference)

 

 !MRCI expec         <2.4|QMXX|2.4>    -0.471300834004
 !MRCI expec         <2.4|QMYY|2.4>    -0.471292686272
 !MRCI expec         <2.4|QMZZ|2.4>     0.942593520276
 !MRCI expec         <2.4|QMRR|2.4>   -22.791936965813

 !MRCI trans         <2.4|QMXX|1.4>    -0.000720546463
 !MRCI trans         <2.4|QMYY|1.4>    -0.000725610868
 !MRCI trans         <2.4|QMZZ|1.4>     0.001446157331
 !MRCI trans         <2.4|QMRR|1.4>    -0.001509858446


 **********************************************************************************************************************************
 DATASETS  * FILE   NREC   LENGTH (MB)   RECORD NAMES
              1      20      230.30       500      610      701      900      950      970     1000      129      960     1100   
                                          VAR    BASINP    GEOM    SYMINP    ZMAT    AOBASIS   BASIS     P2S    ABASIS      S 
                                         1400     1410     1200     1210     1080     1600     1650     1300     1700     1380   
                                           T        V       H0       H01     AOSYM     SMH    MOLCAS    ERIS     OPER     JKOP   

              2       8        7.21       500      610      700     1000      520     2100     2140      701   
                                          VAR    BASINP    GEOM     BASIS   MCVARS     RHF     MCSCF    GEOM   

 PROGRAMS   *        TOTAL        CI     MULTI       INT        CI     MULTI       INT        CI     MULTI       INT        CI
 CPU TIMES  *     46570.84   6628.99      8.37     15.54   6618.40      8.48     15.66   6623.00      8.49     16.19   6631.93
 REAL TIME  *     47060.76 SEC
 DISK USED  *         3.86 GB      
 **********************************************************************************************************************************
 SETTING E1(7)          =      -149.89676547  AU                              
 SETTING E2(7)          =      -149.82436507  AU                              

 DO I                   =         8.00000000   


 Using spherical harmonics

 Library entry O      S aug-cc-pV5Z          selected for orbital group  1
 Library entry O      P aug-cc-pV5Z          selected for orbital group  1
 Library entry O      D aug-cc-pV5Z          selected for orbital group  1
 Library entry O      F aug-cc-pV5Z          selected for orbital group  1
 Library entry O      G aug-cc-pV5Z          selected for orbital group  1
 Library entry O      H aug-cc-pV5Z          selected for orbital group  1


 PROGRAM * SEWARD (Integral evaluation for generally contracted gaussian basis sets)     Author: Roland Lindh, 1990

 Geometry written to block  1 of record 701

 Orientation using atomic masses  
 Molecule type: Linear
 Symmetry elements: X,Y,Z
 Rotational constants:       3.4166979      3.4166979      0.0000000 GHz  (calculated with average atomic masses)

 Point group  D2h 



 ATOMIC COORDINATES

 NR  ATOM    CHARGE       X              Y              Z

   1  O       8.00    0.000000000    0.000000000   -4.062911168
   2  O       8.00    0.000000000    0.000000000    4.062911168

 NUCLEAR CHARGE:                   16
 NUMBER OF PRIMITIVE AOS:         398
 NUMBER OF SYMMETRY AOS:          288
 NUMBER OF CONTRACTIONS:          254   (  46Ag  +  31B3u +  31B2u +  19B1g +  46B1u +  31B2g +  31B3g +  19Au  )
 NUMBER OF CORE ORBITALS:           2   (   1Ag  +   0B3u +   0B2u +   0B1g +   1B1u +   0B2g +   0B3g +   0Au  )
 NUMBER OF VALENCE ORBITALS:        8   (   2Ag  +   1B3u +   1B2u +   0B1g +   2B1u +   1B2g +   1B3g +   0Au  )


 NUCLEAR REPULSION ENERGY    7.87612593

 EXTRA SYMMETRY OF AOS IN SYMMETRY 1:   1 1 1 1 1 1 1 1 1 1   1 1 1 1 2 1 2 1 2 1   2 1 2 1 2 1 2 1 2 1   2 1 3 2 1 3 2 1 3 2
                                        2 3 1 2 3 1
 EXTRA SYMMETRY OF AOS IN SYMMETRY 2:   1 1 1 1 1 1 1 1 1 1   1 1 2 1 2 1 2 1 2 1   2 1 2 1 2 1 2 3 1 2   3
 EXTRA SYMMETRY OF AOS IN SYMMETRY 3:   1 1 1 1 1 1 1 1 1 1   1 1 2 1 2 1 2 1 2 1   2 1 2 1 2 1 2 3 1 2   3
 EXTRA SYMMETRY OF AOS IN SYMMETRY 4:   1 1 1 1 1 1 1 1 1 1   2 1 2 1 2 2 1 2 1
 EXTRA SYMMETRY OF AOS IN SYMMETRY 5:   1 1 1 1 1 1 1 1 1 1   1 1 1 1 2 1 2 1 2 1   2 1 2 1 2 1 2 1 2 1   2 1 3 2 1 3 2 1 3 2
                                        2 3 1 2 3 1
 EXTRA SYMMETRY OF AOS IN SYMMETRY 6:   1 1 1 1 1 1 1 1 1 1   1 1 2 1 2 1 2 1 2 1   2 1 2 1 2 1 2 3 1 2   3
 EXTRA SYMMETRY OF AOS IN SYMMETRY 7:   1 1 1 1 1 1 1 1 1 1   1 1 2 1 2 1 2 1 2 1   2 1 2 1 2 1 2 3 1 2   3
 EXTRA SYMMETRY OF AOS IN SYMMETRY 8:   1 1 1 1 1 1 1 1 1 1   2 1 2 1 2 2 1 2 1

 Eigenvalues of metric

         1 0.238E-03 0.540E-02 0.857E-02 0.337E-01 0.548E-01 0.674E-01 0.675E-01 0.138E+00
         2 0.540E-02 0.355E-01 0.687E-01 0.144E+00 0.146E+00 0.162E+00 0.251E+00 0.257E+00
         3 0.540E-02 0.355E-01 0.687E-01 0.144E+00 0.146E+00 0.162E+00 0.251E+00 0.257E+00
         4 0.675E-01 0.145E+00 0.243E+00 0.257E+00 0.257E+00 0.410E+00 0.410E+00 0.481E+00
         5 0.237E-03 0.535E-02 0.681E-02 0.306E-01 0.316E-01 0.625E-01 0.668E-01 0.112E+00
         6 0.539E-02 0.338E-01 0.634E-01 0.138E+00 0.144E+00 0.145E+00 0.224E+00 0.257E+00
         7 0.539E-02 0.338E-01 0.634E-01 0.138E+00 0.144E+00 0.145E+00 0.224E+00 0.257E+00
         8 0.668E-01 0.143E+00 0.239E+00 0.257E+00 0.257E+00 0.410E+00 0.410E+00 0.478E+00


 Contracted 2-electron integrals neglected if value below      1.0D-11
 AO integral compression algorithm  1   Integral accuracy      1.0D-11

     323.748 MB (compressed) written to integral file ( 35.4%)


 NUMBER OF SORTED TWO-ELECTRON INTEGRALS:   66838400.     BUFFER LENGTH:  32768
 NUMBER OF SEGMENTS:   5  SEGMENT LENGTH:   15999177      RECORD LENGTH: 524288

 Memory used in sort:      16.56 MW

 SORT1 READ   114264352. AND WROTE    46999644. INTEGRALS IN    136 RECORDS. CPU TIME:     2.88 SEC, REAL TIME:     3.28 SEC
 SORT2 READ    46999644. AND WROTE    66838400. INTEGRALS IN   1235 RECORDS. CPU TIME:     1.18 SEC, REAL TIME:     1.38 SEC

 FILE SIZES:   FILE 1:   344.3 MBYTE,  FILE 4:   570.5 MBYTE,   TOTAL:    914.8 MBYTE

 OPERATOR DM      FOR CENTER  0  COORDINATES:    0.000000    0.000000    0.000000
 OPERATOR QM      FOR CENTER  0  COORDINATES:    0.000000    0.000000    0.000000


 **********************************************************************************************************************************
 DATASETS  * FILE   NREC   LENGTH (MB)   RECORD NAMES
              1      19      219.26       500      610      701      900      950      970     1000      129      960     1100   
                                          VAR    BASINP    GEOM    SYMINP    ZMAT    AOBASIS   BASIS     P2S    ABASIS      S 
                                         1400     1410     1200     1210     1080     1600     1650     1300     1700   
                                           T        V       H0       H01     AOSYM     SMH    MOLCAS    ERIS     OPER   

              2       8        7.21       500      610      700     1000      520     2100     2140      701   
                                          VAR    BASINP    GEOM     BASIS   MCVARS     RHF     MCSCF    GEOM   

 PROGRAMS   *        TOTAL       INT        CI     MULTI       INT        CI     MULTI       INT        CI     MULTI       INT
 CPU TIMES  *     46586.18     15.34   6628.99      8.37     15.54   6618.40      8.48     15.66   6623.00      8.49     16.19
 REAL TIME  *     47081.67 SEC
 DISK USED  *         3.86 GB      
 **********************************************************************************************************************************


 PROGRAM * MULTI (Direct Multiconfiguration SCF)       Authors: P.J. Knowles, H.-J. Werner (1984)     S.T. Elbert (1988)


 Number of closed-shell orbitals:   2 (   2   0   0   0   0   0   0   0 )
 Number of active  orbitals:       12 (   1   2   2   0   3   2   2   0 )
 Number of external orbitals:     240 (  43  29  29  19  43  29  29  19 )

 State symmetry 1

 Number of electrons:    12    Spin symmetry=Triplet   Space symmetry=4
 Number of states:        3
 Number of CSFs:      47808   (78400 determinants, 627264 intermediate states)

 Iteration controls:
             1  2  3  4  5  6  7  8  9 10 11 12 13 14 15 16 17 18 19 20 21 22 23 24 25 26 27 28 29 30 31 32 33 34 35 36 37 38 39
 DIAGCI      T  T  T  T  T  T  T  T  T  T  T  T  T  T  T  T  T  T  T  T  T  T  T  T  T  T  T  T  T  T  T  T  T  T  T  T  T  T  T
 WERNER      T  T  T  T  T  T  T  T  T  T  T  T  T  T  T  T  T  T  T  T  T  T  T  T  T  T  T  T  T  T  T  T  T  T  T  T  T  T  T
 INTERNAL    F  T  T  T  T  T  T  T  T  T  T  T  T  T  T  T  T  T  T  T  T  T  T  T  T  T  T  T  T  T  T  T  T  T  T  T  T  T  T

 Molecular orbitals read from record     2140.2  Type=MCSCF/NATURAL (state averaged)

 EXTRA SYMMETRY OF MOS IN SYMMETRY 1:   1 1 1 1 1 1 2 1 1 1   2 2 1 1 1 2 3 1 2 1   2 1 1 1 2 3 1 2 3 1   2 2 1 1 1 1 2 3 1 2
                                        3 1 2 1 2 1
 EXTRA SYMMETRY OF MOS IN SYMMETRY 2:   1 1 1 1 1 2 1 1 1 2   1 2 1 1 1 2 3 1 2 1   2 1 1 1 2 3 1 2 1 2   1
 EXTRA SYMMETRY OF MOS IN SYMMETRY 3:   1 1 1 1 1 2 1 1 1 2   1 2 1 1 1 2 3 1 2 1   2 1 1 1 2 3 1 2 1 2   1
 EXTRA SYMMETRY OF MOS IN SYMMETRY 4:   1 1 1 1 2 1 1 1 2 1   2 1 1 1 2 1 2 1 1
 EXTRA SYMMETRY OF MOS IN SYMMETRY 5:   1 1 1 1 1 2 1 1 1 2   1 2 1 1 2 1 3 2 1 1   2 1 1 1 2 3 1 2 3 2   1 2 1 1 1 1 2 3 1 2
                                        3 2 1 2 1 1
 EXTRA SYMMETRY OF MOS IN SYMMETRY 6:   1 1 1 1 2 1 1 1 1 2   2 1 1 1 1 2 3 1 2 2   1 1 1 1 2 3 1 2 1 2   1
 EXTRA SYMMETRY OF MOS IN SYMMETRY 7:   1 1 1 1 2 1 1 1 1 2   2 1 1 1 1 2 3 1 2 2   1 1 1 1 2 3 1 2 1 2   1
 EXTRA SYMMETRY OF MOS IN SYMMETRY 8:   1 1 1 1 2 1 1 1 2 1   2 1 1 1 2 1 2 1 1

 Wavefunction dump at record             2140.2

 Convergence thresholds  0.10E-01 (gradient)  0.10E-05 (energy)  0.10E-02 (step length)

 Weight factors for state symmetry  1:    0.33333   0.33333   0.33333

 Number of orbital rotations:      492   (     2 Core/Active     86 Core/Virtual   0 Active/Active    404 Active/Virtual)
 Total number of variables:     235692


 ITER. MIC  NCI  NEG     ENERGY(VAR)     ENERGY(PROJ)   ENERGY CHANGE     GRAD(0)  GRAD(ORB)   GRAD(CI)     STEP       TIME

   1   20   25    0    -149.61256243    -149.61256244   -0.00000001    0.00017666 0.00000008 0.00000079  0.13D-03      4.68

 ** WVFN ****  CONVERGENCE REACHED, FINAL GRADIENT:  0.11D-06



 Results for state 1.4
 =====================

 !MCSCF STATE 1.4 Energy             -149.666624168443
 Nuclear energy                         7.87612593
 Kinetic energy                       149.66041428
 One electron energy                 -222.10603295
 Two electron energy                   64.56328285
 Virial ratio                           2.00004149

 !MCSCF STATE 1.4 Dipole moment         0.00000000     0.00000000     0.00000000
 Dipole moment /Debye                   0.00000000     0.00000000     0.00000000

 Results for state 2.4
 =====================

 !MCSCF STATE 2.4 Energy             -149.585552011953
 Nuclear energy                         7.87612593
 Kinetic energy                       149.58800214
 One electron energy                 -222.04946187
 Two electron energy                   64.58778392
 Virial ratio                           1.99998362

 !MCSCF STATE 2.4 Dipole moment         0.00000000     0.00000000     0.00000000
 Dipole moment /Debye                   0.00000000     0.00000000     0.00000000

 Results for state 3.4
 =====================

 !MCSCF STATE 3.4 Energy             -149.585511133785
 Nuclear energy                         7.87612593
 Kinetic energy                       149.58822603
 One electron energy                 -222.04969316
 Two electron energy                   64.58805609
 Virial ratio                           1.99998185

 !MCSCF STATE 3.4 Dipole moment         0.00000000     0.00000000     0.00000000
 Dipole moment /Debye                   0.00000000     0.00000000     0.00000000

 State-averaged charge density matrix saved on record  2140.2 (density set 1)

 !MCSCF expec        <1.4|QMXX|1.4>    -0.498640952625
 !MCSCF trans        <2.4|QMXX|1.4>    -0.000279518529
 !MCSCF expec        <2.4|QMXX|2.4>    -0.503915769106
 !MCSCF trans        <3.4|QMXX|1.4>    -0.000004066334
 !MCSCF trans        <3.4|QMXX|2.4>    -0.036335681949
 !MCSCF expec        <3.4|QMXX|3.4>    -0.504328132983

 !MCSCF expec        <1.4|QMYY|1.4>    -0.498640952625
 !MCSCF trans        <2.4|QMYY|1.4>    -0.000279518529
 !MCSCF expec        <2.4|QMYY|2.4>    -0.503915769101
 !MCSCF trans        <3.4|QMYY|1.4>     0.000004066334
 !MCSCF trans        <3.4|QMYY|2.4>     0.036335681949
 !MCSCF expec        <3.4|QMYY|3.4>    -0.504328132988

 !MCSCF expec        <1.4|QMZZ|1.4>     0.997281905250
 !MCSCF trans        <2.4|QMZZ|1.4>     0.000559037057
 !MCSCF expec        <2.4|QMZZ|2.4>     1.007831538208
 !MCSCF expec        <3.4|QMZZ|3.4>     1.008656265971

 !MCSCF expec        <1.4|QMRR|1.4>   -22.737264552180
 !MCSCF trans        <2.4|QMRR|1.4>     0.000468924157
 !MCSCF expec        <2.4|QMRR|2.4>   -22.798488760984
 !MCSCF expec        <3.4|QMRR|3.4>   -22.797388641836


 EXTRA SYMMETRY OF MOS IN SYMMETRY 1:   1 1 1 1 1 1 2 1 1 1   2 2 1 1 1 2 3 1 2 1   2 1 1 1 2 3 1 2 3 1   2 1 2 1 1 1 2 3 1 2
                                        3 1 2 1 2 1
 EXTRA SYMMETRY OF MOS IN SYMMETRY 6:   1 1 1 1 2 1 1 1 1 2   2 1 1 1 1 2 3 1 2 1   2 1 1 1 2 3 1 2 1 2   1
 EXTRA SYMMETRY OF MOS IN SYMMETRY 7:   1 1 1 1 2 1 1 1 1 2   2 1 1 1 1 2 3 1 2 1   2 1 1 1 2 3 1 2 1 2   1

 Natural orbital dump (state averaged) at molpro section  2140.2    (Orbital set 2)


 CI vector
 =========

 2 20 20 220 a0 a0        0.3526086   0.3545733   0.0000000
 2 a0 a0 220 20 20       -0.3516650  -0.3505009  -0.0000000
 b 20 a0 22a a0 20       -0.0000834  -0.0014947  -0.3507218
 b a0 20 22a 20 a0        0.0000834   0.0014947  -0.3507218
 a a0 20 22a 20 b0        0.3503050  -0.3506636   0.3505482
 a 20 a0 22a b0 20       -0.3503050   0.3506636   0.3505482
 a b0 20 22a 20 a0       -0.3504543   0.3505694   0.3506402
 a 20 b0 22a a0 20        0.3504543  -0.3505694   0.3506402
 a a0 20 22b 20 a0        0.0000659  -0.0014005  -0.3504666
 a 20 a0 22b a0 20       -0.0000659   0.0014005  -0.3504666
 0 a0 a0 222 20 20        0.3482617   0.3494457   0.0000000
 0 20 20 222 a0 a0       -0.3491683  -0.3477152  -0.0000000

 TOTAL ENERGIES                      -149.66662417  -149.58555201  -149.58551113



 **********************************************************************************************************************************
 DATASETS  * FILE   NREC   LENGTH (MB)   RECORD NAMES
              1      20      229.83       500      610      701      900      950      970     1000      129      960     1100   
                                          VAR    BASINP    GEOM    SYMINP    ZMAT    AOBASIS   BASIS     P2S    ABASIS      S 
                                         1400     1410     1200     1210     1080     1600     1650     1300     1700     1380   
                                           T        V       H0       H01     AOSYM     SMH    MOLCAS    ERIS     OPER     JKOP   

              2       8        7.21       500      610      700     1000      520     2100     2140      701   
                                          VAR    BASINP    GEOM     BASIS   MCVARS     RHF     MCSCF    GEOM   

 PROGRAMS   *        TOTAL     MULTI       INT        CI     MULTI       INT        CI     MULTI       INT        CI     MULTI
 CPU TIMES  *     46594.53      8.34     15.34   6628.99      8.37     15.54   6618.40      8.48     15.66   6623.00      8.49
 REAL TIME  *     47090.85 SEC
 DISK USED  *         3.86 GB      
 **********************************************************************************************************************************


 PROGRAM * CI (Multireference internally contracted CI)     Authors: H.-J. Werner, P.J. Knowles, 1987


 Convergence thresholds:  THRVAR = 1.00D-08  THRDEN = 1.00D-06

 Number of optimized states:  2  Roots:   1   2
 Number of reference states:  2  Roots:   1   2

 Program parameters:       NSTATE=  2    NSTATI=  3    NSTATR=  2    NCEPA = -1    NOKOP =  0    ITRDM =  0    ITRANS=  0
                           IDIP  =200    MAXIT =250    MAXITI=250    MAXDAV=  6    MAXVI =  9    NOSING=  0    NOPAIR=  0
                           MXSHRF=  8    IKCPS =  0    IOPTGM=  2    IOPTOR=  0    REFOPT=  1    IAVDEN=  0    IDELCG=  1
                           IREST =  0    NATORB=  0    IPUNRF=  0    ISEP  =  0    OLDDEN=  0    NSTPRI=  1    GPSFLI= -1
                           CLUSTE=  0    CLOSED=  1    ILSTYP=  0    ITRLS =  0    ICCSD =  0    LOCAL =  0    IBASO =  0
                           MP    =  0    ITEDIS=  2    INCDIS=  1    MAXDIS=  6    ITYDIS=  1    BRUECK=  0    IBRSTR=  3
                           INCBRK=  1    TRIPLE=  0    ICCTYP=  1    IHPPD =  0    ICCNEW=  0    I3EXT = -1    IDEB  =  0
                           IDLEIG=  1    IDFTYP=  1    IMP3  =  0    IPROCS=  0    NOINT =  0    NOREF =  1    IMP2G =  0
                           IHINT =  0    IFDIA =  0    ISPARO=  1    JKSYM =  0    CPHF  =  0    MP2D  = -1    DKINT =  0
                           NPKEX =  1    DRVK  =  1    HLSTRA=  1    WIGNER=  1    DIIS_C=  1    MAXIT_= 50    MATEL =  0
                           SPDEG =  1    MEMCPH=  0    DISM  =  1    KDCPMA=  5    IKDCP_=  0    IREDTH=  0    USECS =  0
                           IPROCC=  0    I3SAVE=  1    IKDCP =  1    USECI =  0    OLDPAI=  0    IPROCI=  0    KEEPCL=  1
                           DISCON=  0    SHIFTE=  0    DIISIN=  0    MOLCAS=  0    MEM_PT=  0    RECORD=  0    RS2C  =  0
                           KEXT  = -1    CIPT2 =  0    DECP0S=  0    I4EXT = -1    NATCOR=  0    RIMP2 =  0    DDCI  = -1

 Reference symmetry:                   4   Triplet 
 Number of electrons:                 16
 Maximum number of shells:             6
 Maximum number of spin couplings:   297

 Reference space:     9136 conf    47808 CSFs
 N elec internal:    72865 conf   382239 CSFs
 N-1 el internal:    69576 conf   622908 CSFs
 N-2 el internal:    57950 conf   876478 CSFs

 Number of electrons in valence space:                     12
 Maximum number of open shell orbitals in reference space: 10
 Maximum number of open shell orbitals in internal spaces: 12


 Number of core orbitals:           2 (   2   0   0   0   0   0   0   0 )
 Number of active  orbitals:       12 (   1   2   2   0   3   2   2   0 )
 Number of external orbitals:     240 (  43  29  29  19  43  29  29  19 )

 Molecular orbitals read from record     2140.2  Type=MCSCF/NATURAL (state averaged)

 Coulomb and exchange operators available. No transformation done.

 Number of p-space configurations:  14

 Reference wavefunction optimized for reference space (refopt=1)

 State     Reference Energy 
   1        -149.66662417
   2        -149.58555201
   3        -149.58551113

 Number of blocks in overlap matrix:    16   Smallest eigenvalue:  0.32D-05
 Number of N-2 electron functions:     288
 Number of N-1 electron functions:  622908

 Number of internal configurations:                47808
 Number of singly external configurations:      18686980
 Number of doubly external configurations:       1049024
 Total number of contracted configurations:     19783812
 Total number of uncontracted configurations: 3169518620

 Diagonal Coupling coefficients finished.               Storage:31984173 words, CPU-Time:     64.93 seconds.
 Energy denominators for pairs finished in 1 passes.    Storage: 2273367 words, CPU-time:      0.02 seconds.

  ITER. STATE  ROOT     SQ.NORM     CORR.ENERGY   TOTAL ENERGY   ENERGY CHANGE       DEN1      VAR(S)    VAR(P)      TIME
    1     1     1     1.00000000     0.00000000  -149.66662417     0.00000000    -0.21272572  0.17D-01  0.14D-01    95.88
    1     2     2     1.00000000     0.00000000  -149.58555201     0.00000000    -0.22258839  0.18D-01  0.15D-01    95.88
    2     1     1     1.03214029    -0.21768958  -149.88431375    -0.21768958    -0.00997959  0.41D-03  0.65D-03   684.31
    2     2     2     1.03389211    -0.22626199  -149.81181400    -0.22626199    -0.01009073  0.42D-03  0.67D-03   684.31
    3     1     1     1.03780606    -0.22889605  -149.89552022    -0.01120647    -0.00088307  0.78D-04  0.58D-04  1271.42
    3     2     2     1.03976709    -0.23757965  -149.82313166    -0.01131766    -0.00089821  0.84D-04  0.59D-04  1271.42
    4     1     1     1.04059529    -0.22998439  -149.89660856    -0.00108835    -0.00010536  0.94D-05  0.90D-05  1858.84
    4     2     2     1.04266965    -0.23866154  -149.82421355    -0.00108189    -0.00010489  0.10D-04  0.92D-05  1858.84
    5     1     1     1.04092871    -0.23009173  -149.89671589    -0.00010733    -0.00002476  0.30D-05  0.21D-05  2446.35
    5     2     2     1.04304376    -0.23876413  -149.82431615    -0.00010260    -0.00002606  0.46D-05  0.21D-05  2446.35
    6     1     1     1.04096569    -0.23011391  -149.89673808    -0.00002219    -0.00000524  0.83D-06  0.30D-06  3034.00
    6     2     2     1.04309557    -0.23878436  -149.82433637    -0.00002023    -0.00000680  0.19D-05  0.30D-06  3034.00
    7     1     1     1.04101732    -0.23011868  -149.89674285    -0.00000477    -0.00000168  0.34D-06  0.12D-06  3620.49
    7     2     2     1.04313713    -0.23878907  -149.82434108    -0.00000471    -0.00000203  0.43D-06  0.18D-06  3620.49
    8     1     1     1.04104817    -0.23011992  -149.89674409    -0.00000125    -0.00000054  0.11D-06  0.37D-07  4206.48
    8     2     2     1.04317688    -0.23879066  -149.82434267    -0.00000159    -0.00000058  0.10D-06  0.49D-07  4206.48
    9     1     1     1.04106315    -0.23012038  -149.89674455    -0.00000046    -0.00000019  0.37D-07  0.13D-07  4792.69
    9     2     2     1.04319578    -0.23879114  -149.82434315    -0.00000048    -0.00000026  0.75D-07  0.14D-07  4792.69
   10     1     1     1.04106990    -0.23012053  -149.89674470    -0.00000015    -0.00000008  0.16D-07  0.46D-08  5379.12
   10     2     2     1.04320433    -0.23879131  -149.82434332    -0.00000017    -0.00000010  0.28D-07  0.68D-08  5379.12
   11     1     1     1.04107435    -0.23012060  -149.89674476    -0.00000006    -0.00000003  0.91D-08  0.18D-08  5963.68
   11     2     2     1.04320975    -0.23879138  -149.82434339    -0.00000007    -0.00000004  0.99D-08  0.26D-08  5963.68
   12     1     1     1.04107716    -0.23012062  -149.89674479    -0.00000003    -0.00000002  0.43D-08  0.79D-09  6549.79
   12     2     2     1.04321351    -0.23879141  -149.82434342    -0.00000003    -0.00000002  0.60D-08  0.10D-08  6549.79


 =====================================
 Analysis of CPU times by interactions
 =====================================

       I      S      P

 I   0.7%
 S   0.6%  19.5%
 P   2.1%  67.5%   7.9%

 Initialization:   1.1%
 Other:            0.6%

 Total CPU:     6549.8 seconds
 =====================================



 Reference coefficients greater than 0.0500000
 =============================================
 //02022/20\0           0.3963093   0.3967931
 /20/022/\020          -0.3963089  -0.3967906
 22020220/0/0           0.3458947  -0.3478950
 2/0/02202020          -0.3447017   0.3433762
 02020222/0/0          -0.3422155   0.3403553
 0/0/02222020           0.3410770  -0.3418530
 /\02022/20/0          -0.2429226  -0.2417441
 /20\022//020           0.2429226   0.2417468
 /20/022\/020          -0.1402285  -0.1420257
 //02022\20/0           0.1402285   0.1420242

 Coefficients of fixed reference functions:
 ==========================================

 State      Coefficients
   1         0.979770   -0.000154
   2         0.000172    0.978835

 Coefficients of rotated reference functions:
 ============================================

 State      Coefficients
   1         0.979770    0.000009
   2         0.000009    0.978835



 RESULTS FOR STATE 1.4
 =====================

 Coefficient of reference function:   C(0) = 0.97976960 (fixed)   0.98007326 (relaxed)   0.97976961 (rotated)

 Energy contributions of configuration classes

 CLASS          SQ.NORM        ECORR1        ECORR2
 +++++++++++++++++++++++++++++++++++++++++++++++++++
 Internals    0.00061996   -0.00000000   -0.00013731
 Singles      0.02255785   -0.08784767   -0.08931340
 Pairs        0.01854477   -0.14227257   -0.14066991
 Total        1.04172258   -0.23012025   -0.23012062
 +++++++++++++++++++++++++++++++++++++++++++++++++++


 Reference energy                    -149.66662417
 Nuclear energy                         7.87612593
 Kinetic energy                       149.95436037
 One electron energy                 -222.04054877
 Two electron energy                   64.26767805
 Virial quotient                       -0.99961578
 Correlation energy                    -0.23012062
 !MRCI STATE 1.4 Energy              -149.896744789723

 Properties without orbital relaxation:

 !MRCI STATE 1.4 Dipole moment          0.00000000     0.00000000     0.00000000
 Dipole moment /Debye                   0.00000000     0.00000000     0.00000000

 Cluster corrected energies          -149.90634602 (Davidson, fixed reference)
 Cluster corrected energies          -149.90619749 (Davidson, relaxed reference)
 Cluster corrected energies          -149.90634601 (Davidson, rotated reference)

 Cluster corrected energies          -149.90462068 (Pople, fixed reference)
 Cluster corrected energies          -149.90449584 (Pople, relaxed reference)
 Cluster corrected energies          -149.90462068 (Pople, rotated reference)


 Cluster corrections using rotated reference energy:

 Reference energy (rotated)          -149.66662417
 MRCI Correlation energy               -0.23012062

 Cluster corrected energies          -149.90619749 (Davidson, relaxed reference)
 Cluster corrected energies          -149.90634601 (Davidson, rotated reference)

 Cluster corrected energies          -149.90449584 (Pople, relaxed reference)
 Cluster corrected energies          -149.90462068 (Pople, rotated reference)

 

 !MRCI expec         <1.4|QMXX|1.4>    -0.486352913169
 !MRCI expec         <1.4|QMYY|1.4>    -0.486339129399
 !MRCI expec         <1.4|QMZZ|1.4>     0.972692042568
 !MRCI expec         <1.4|QMRR|1.4>   -22.643227268263



 RESULTS FOR STATE 2.4
 =====================

 Coefficient of reference function:   C(0) = 0.97883485 (fixed)   0.97906922 (relaxed)   0.97883486 (rotated)

 Energy contributions of configuration classes

 CLASS          SQ.NORM        ECORR1        ECORR2
 +++++++++++++++++++++++++++++++++++++++++++++++++++
 Internals    0.00047894   -0.00000000   -0.00010972
 Singles      0.02430258   -0.09305960   -0.09472329
 Pairs        0.01893163   -0.14573165   -0.14395839
 Total        1.04371315   -0.23879125   -0.23879141
 +++++++++++++++++++++++++++++++++++++++++++++++++++


 Reference energy                    -149.58555201
 Nuclear energy                         7.87612593
 Kinetic energy                       149.86884229
 One electron energy                 -221.93482356
 Two electron energy                   64.23435421
 Virial quotient                       -0.99970308
 Correlation energy                    -0.23879141
 !MRCI STATE 2.4 Energy              -149.824343417363

 Properties without orbital relaxation:

 !MRCI STATE 2.4 Dipole moment          0.00000000     0.00000000     0.00000000
 Dipole moment /Debye                   0.00000000     0.00000000     0.00000000

 Cluster corrected energies          -149.83478174 (Davidson, fixed reference)
 Cluster corrected energies          -149.83466243 (Davidson, relaxed reference)
 Cluster corrected energies          -149.83478173 (Davidson, rotated reference)

 Cluster corrected energies          -149.83291623 (Pople, fixed reference)
 Cluster corrected energies          -149.83281570 (Pople, relaxed reference)
 Cluster corrected energies          -149.83291623 (Pople, rotated reference)


 Cluster corrections using rotated reference energy:

 Reference energy (rotated)          -149.58555201
 MRCI Correlation energy               -0.23879140

 Cluster corrected energies          -149.83466243 (Davidson, relaxed reference)
 Cluster corrected energies          -149.83478173 (Davidson, rotated reference)

 Cluster corrected energies          -149.83281570 (Pople, relaxed reference)
 Cluster corrected energies          -149.83291623 (Pople, rotated reference)

 

 !MRCI expec         <2.4|QMXX|2.4>    -0.470881460123
 !MRCI expec         <2.4|QMYY|2.4>    -0.470873259389
 !MRCI expec         <2.4|QMZZ|2.4>     0.941754719512
 !MRCI expec         <2.4|QMRR|2.4>   -22.792805717956

 !MRCI trans         <2.4|QMXX|1.4>    -0.000789372198
 !MRCI trans         <2.4|QMYY|1.4>    -0.000794417714
 !MRCI trans         <2.4|QMZZ|1.4>     0.001583789912
 !MRCI trans         <2.4|QMRR|1.4>    -0.001400334215


 **********************************************************************************************************************************
 DATASETS  * FILE   NREC   LENGTH (MB)   RECORD NAMES
              1      20      229.83       500      610      701      900      950      970     1000      129      960     1100   
                                          VAR    BASINP    GEOM    SYMINP    ZMAT    AOBASIS   BASIS     P2S    ABASIS      S 
                                         1400     1410     1200     1210     1080     1600     1650     1300     1700     1380   
                                           T        V       H0       H01     AOSYM     SMH    MOLCAS    ERIS     OPER     JKOP   

              2       8        7.21       500      610      700     1000      520     2100     2140      701   
                                          VAR    BASINP    GEOM     BASIS   MCVARS     RHF     MCSCF    GEOM   

 PROGRAMS   *        TOTAL        CI     MULTI       INT        CI     MULTI       INT        CI     MULTI       INT        CI
 CPU TIMES  *     53227.07   6632.53      8.34     15.34   6628.99      8.37     15.54   6618.40      8.48     15.66   6623.00
 REAL TIME  *     53785.24 SEC
 DISK USED  *         3.86 GB      
 **********************************************************************************************************************************
 SETTING E1(8)          =      -149.89674479  AU                              
 SETTING E2(8)          =      -149.82434342  AU                              

 DO I                   =         9.00000000   


 Using spherical harmonics

 Library entry O      S aug-cc-pV5Z          selected for orbital group  1
 Library entry O      P aug-cc-pV5Z          selected for orbital group  1
 Library entry O      D aug-cc-pV5Z          selected for orbital group  1
 Library entry O      F aug-cc-pV5Z          selected for orbital group  1
 Library entry O      G aug-cc-pV5Z          selected for orbital group  1
 Library entry O      H aug-cc-pV5Z          selected for orbital group  1


 PROGRAM * SEWARD (Integral evaluation for generally contracted gaussian basis sets)     Author: Roland Lindh, 1990

 Geometry written to block  1 of record 701

 Orientation using atomic masses  
 Molecule type: Linear
 Symmetry elements: X,Y,Z
 Rotational constants:       3.2631582      3.2631582      0.0000000 GHz  (calculated with average atomic masses)

 Point group  D2h 



 ATOMIC COORDINATES

 NR  ATOM    CHARGE       X              Y              Z

   1  O       8.00    0.000000000    0.000000000   -4.157397474
   2  O       8.00    0.000000000    0.000000000    4.157397474

 NUCLEAR CHARGE:                   16
 NUMBER OF PRIMITIVE AOS:         398
 NUMBER OF SYMMETRY AOS:          288
 NUMBER OF CONTRACTIONS:          254   (  46Ag  +  31B3u +  31B2u +  19B1g +  46B1u +  31B2g +  31B3g +  19Au  )
 NUMBER OF CORE ORBITALS:           2   (   1Ag  +   0B3u +   0B2u +   0B1g +   1B1u +   0B2g +   0B3g +   0Au  )
 NUMBER OF VALENCE ORBITALS:        8   (   2Ag  +   1B3u +   1B2u +   0B1g +   2B1u +   1B2g +   1B3g +   0Au  )


 NUCLEAR REPULSION ENERGY    7.69712307

 EXTRA SYMMETRY OF AOS IN SYMMETRY 1:   1 1 1 1 1 1 1 1 1 1   1 1 1 1 2 1 2 1 2 1   2 1 2 1 2 1 2 1 2 1   2 1 3 2 1 3 2 1 3 2
                                        2 3 1 2 3 1
 EXTRA SYMMETRY OF AOS IN SYMMETRY 2:   1 1 1 1 1 1 1 1 1 1   1 1 2 1 2 1 2 1 2 1   2 1 2 1 2 1 2 3 1 2   3
 EXTRA SYMMETRY OF AOS IN SYMMETRY 3:   1 1 1 1 1 1 1 1 1 1   1 1 2 1 2 1 2 1 2 1   2 1 2 1 2 1 2 3 1 2   3
 EXTRA SYMMETRY OF AOS IN SYMMETRY 4:   1 1 1 1 1 1 1 1 1 1   2 1 2 1 2 2 1 2 1
 EXTRA SYMMETRY OF AOS IN SYMMETRY 5:   1 1 1 1 1 1 1 1 1 1   1 1 1 1 2 1 2 1 2 1   2 1 2 1 2 1 2 1 2 1   2 1 3 2 1 3 2 1 3 2
                                        2 3 1 2 3 1
 EXTRA SYMMETRY OF AOS IN SYMMETRY 6:   1 1 1 1 1 1 1 1 1 1   1 1 2 1 2 1 2 1 2 1   2 1 2 1 2 1 2 3 1 2   3
 EXTRA SYMMETRY OF AOS IN SYMMETRY 7:   1 1 1 1 1 1 1 1 1 1   1 1 2 1 2 1 2 1 2 1   2 1 2 1 2 1 2 3 1 2   3
 EXTRA SYMMETRY OF AOS IN SYMMETRY 8:   1 1 1 1 1 1 1 1 1 1   2 1 2 1 2 2 1 2 1

 Eigenvalues of metric

         1 0.238E-03 0.540E-02 0.860E-02 0.336E-01 0.549E-01 0.675E-01 0.679E-01 0.140E+00
         2 0.540E-02 0.355E-01 0.687E-01 0.144E+00 0.146E+00 0.162E+00 0.250E+00 0.257E+00
         3 0.540E-02 0.355E-01 0.687E-01 0.144E+00 0.146E+00 0.162E+00 0.250E+00 0.257E+00
         4 0.675E-01 0.145E+00 0.243E+00 0.257E+00 0.257E+00 0.410E+00 0.410E+00 0.481E+00
         5 0.237E-03 0.536E-02 0.695E-02 0.311E-01 0.339E-01 0.626E-01 0.668E-01 0.114E+00
         6 0.539E-02 0.338E-01 0.639E-01 0.139E+00 0.144E+00 0.145E+00 0.227E+00 0.257E+00
         7 0.539E-02 0.338E-01 0.639E-01 0.139E+00 0.144E+00 0.145E+00 0.227E+00 0.257E+00
         8 0.668E-01 0.144E+00 0.239E+00 0.257E+00 0.257E+00 0.410E+00 0.410E+00 0.478E+00


 Contracted 2-electron integrals neglected if value below      1.0D-11
 AO integral compression algorithm  1   Integral accuracy      1.0D-11

     322.175 MB (compressed) written to integral file ( 35.2%)


 NUMBER OF SORTED TWO-ELECTRON INTEGRALS:   66838400.     BUFFER LENGTH:  32768
 NUMBER OF SEGMENTS:   5  SEGMENT LENGTH:   15999177      RECORD LENGTH: 524288

 Memory used in sort:      16.56 MW

 SORT1 READ   114264352. AND WROTE    46935038. INTEGRALS IN    136 RECORDS. CPU TIME:     2.86 SEC, REAL TIME:     3.27 SEC
 SORT2 READ    46935038. AND WROTE    66838400. INTEGRALS IN   1229 RECORDS. CPU TIME:     1.17 SEC, REAL TIME:     1.37 SEC

 FILE SIZES:   FILE 1:   342.8 MBYTE,  FILE 4:   570.5 MBYTE,   TOTAL:    913.2 MBYTE

 OPERATOR DM      FOR CENTER  0  COORDINATES:    0.000000    0.000000    0.000000
 OPERATOR QM      FOR CENTER  0  COORDINATES:    0.000000    0.000000    0.000000


 **********************************************************************************************************************************
 DATASETS  * FILE   NREC   LENGTH (MB)   RECORD NAMES
              1      19      218.33       500      610      701      900      950      970     1000      129      960     1100   
                                          VAR    BASINP    GEOM    SYMINP    ZMAT    AOBASIS   BASIS     P2S    ABASIS      S 
                                         1400     1410     1200     1210     1080     1600     1650     1300     1700   
                                           T        V       H0       H01     AOSYM     SMH    MOLCAS    ERIS     OPER   

              2       8        7.21       500      610      700     1000      520     2100     2140      701   
                                          VAR    BASINP    GEOM     BASIS   MCVARS     RHF     MCSCF    GEOM   

 PROGRAMS   *        TOTAL       INT        CI     MULTI       INT        CI     MULTI       INT        CI     MULTI       INT
 CPU TIMES  *     53242.05     14.98   6632.53      8.34     15.34   6628.99      8.37     15.54   6618.40      8.48     15.66
 REAL TIME  *     53805.73 SEC
 DISK USED  *         3.86 GB      
 **********************************************************************************************************************************


 PROGRAM * MULTI (Direct Multiconfiguration SCF)       Authors: P.J. Knowles, H.-J. Werner (1984)     S.T. Elbert (1988)


 Number of closed-shell orbitals:   2 (   2   0   0   0   0   0   0   0 )
 Number of active  orbitals:       12 (   1   2   2   0   3   2   2   0 )
 Number of external orbitals:     240 (  43  29  29  19  43  29  29  19 )

 State symmetry 1

 Number of electrons:    12    Spin symmetry=Triplet   Space symmetry=4
 Number of states:        3
 Number of CSFs:      47808   (78400 determinants, 627264 intermediate states)

 Iteration controls:
             1  2  3  4  5  6  7  8  9 10 11 12 13 14 15 16 17 18 19 20 21 22 23 24 25 26 27 28 29 30 31 32 33 34 35 36 37 38 39
 DIAGCI      T  T  T  T  T  T  T  T  T  T  T  T  T  T  T  T  T  T  T  T  T  T  T  T  T  T  T  T  T  T  T  T  T  T  T  T  T  T  T
 WERNER      T  T  T  T  T  T  T  T  T  T  T  T  T  T  T  T  T  T  T  T  T  T  T  T  T  T  T  T  T  T  T  T  T  T  T  T  T  T  T
 INTERNAL    F  T  T  T  T  T  T  T  T  T  T  T  T  T  T  T  T  T  T  T  T  T  T  T  T  T  T  T  T  T  T  T  T  T  T  T  T  T  T

 Molecular orbitals read from record     2140.2  Type=MCSCF/NATURAL (state averaged)

 EXTRA SYMMETRY OF MOS IN SYMMETRY 1:   1 1 1 1 1 1 2 1 1 1   2 2 1 1 1 2 3 1 2 1   2 1 1 1 2 3 1 2 3 1   2 1 2 1 1 1 2 3 1 2
                                        3 1 2 1 2 1
 EXTRA SYMMETRY OF MOS IN SYMMETRY 2:   1 1 1 1 1 2 1 1 1 2   1 2 1 1 1 2 3 1 2 1   2 1 1 1 2 3 1 2 1 2   1
 EXTRA SYMMETRY OF MOS IN SYMMETRY 3:   1 1 1 1 1 2 1 1 1 2   1 2 1 1 1 2 3 1 2 1   2 1 1 1 2 3 1 2 1 2   1
 EXTRA SYMMETRY OF MOS IN SYMMETRY 4:   1 1 1 1 2 1 1 1 2 1   2 1 1 1 2 1 2 1 1
 EXTRA SYMMETRY OF MOS IN SYMMETRY 5:   1 1 1 1 1 2 1 1 1 2   1 2 1 1 2 1 3 2 1 1   2 1 1 1 2 3 1 2 3 2   1 2 1 1 1 1 2 3 1 2
                                        3 2 1 2 1 1
 EXTRA SYMMETRY OF MOS IN SYMMETRY 6:   1 1 1 1 2 1 1 1 1 2   2 1 1 1 1 2 3 1 2 1   2 1 1 1 2 3 1 2 1 2   1
 EXTRA SYMMETRY OF MOS IN SYMMETRY 7:   1 1 1 1 2 1 1 1 1 2   2 1 1 1 1 2 3 1 2 1   2 1 1 1 2 3 1 2 1 2   1
 EXTRA SYMMETRY OF MOS IN SYMMETRY 8:   1 1 1 1 2 1 1 1 2 1   2 1 1 1 2 1 2 1 1

 Wavefunction dump at record             2140.2

 Convergence thresholds  0.10E-01 (gradient)  0.10E-05 (energy)  0.10E-02 (step length)

 Weight factors for state symmetry  1:    0.33333   0.33333   0.33333

 Number of orbital rotations:      492   (     2 Core/Active     86 Core/Virtual   0 Active/Active    404 Active/Virtual)
 Total number of variables:     235692


 ITER. MIC  NCI  NEG     ENERGY(VAR)     ENERGY(PROJ)   ENERGY CHANGE     GRAD(0)  GRAD(ORB)   GRAD(CI)     STEP       TIME

   1   20   25    0    -149.61256330    -149.61256334   -0.00000004    0.00033306 0.00000014 0.00000132  0.24D-03      4.75

 ** WVFN ****  CONVERGENCE REACHED, FINAL GRADIENT:  0.19D-06



 Results for state 1.4
 =====================

 !MCSCF STATE 1.4 Energy             -149.666623527628
 Nuclear energy                         7.69712307
 Kinetic energy                       149.66042303
 One electron energy                 -221.74894129
 Two electron energy                   64.38519470
 Virial ratio                           2.00004143

 !MCSCF STATE 1.4 Dipole moment         0.00000000     0.00000000     0.00000000
 Dipole moment /Debye                   0.00000000     0.00000000     0.00000000

 Results for state 2.4
 =====================

 !MCSCF STATE 2.4 Energy             -149.585550720206
 Nuclear energy                         7.69712307
 Kinetic energy                       149.58800898
 One electron energy                 -221.69238586
 Two electron energy                   64.40971207
 Virial ratio                           1.99998357

 !MCSCF STATE 2.4 Dipole moment         0.00000000     0.00000000     0.00000000
 Dipole moment /Debye                   0.00000000     0.00000000     0.00000000

 Results for state 3.4
 =====================

 !MCSCF STATE 3.4 Energy             -149.585515762802
 Nuclear energy                         7.69712307
 Kinetic energy                       149.58819345
 One electron energy                 -221.69257549
 Two electron energy                   64.40993666
 Virial ratio                           1.99998210

 !MCSCF STATE 3.4 Dipole moment         0.00000000     0.00000000     0.00000000
 Dipole moment /Debye                   0.00000000     0.00000000     0.00000000

 State-averaged charge density matrix saved on record  2140.2 (density set 1)

 !MCSCF expec        <1.4|QMXX|1.4>    -0.497860484449
 !MCSCF trans        <2.4|QMXX|1.4>    -0.000215386816
 !MCSCF expec        <2.4|QMXX|2.4>    -0.503257820996
 !MCSCF trans        <3.4|QMXX|1.4>    -0.000002692612
 !MCSCF trans        <3.4|QMXX|2.4>    -0.036337802428
 !MCSCF expec        <3.4|QMXX|3.4>    -0.503621847584

 !MCSCF expec        <1.4|QMYY|1.4>    -0.497860484449
 !MCSCF trans        <2.4|QMYY|1.4>    -0.000215386816
 !MCSCF expec        <2.4|QMYY|2.4>    -0.503257821229
 !MCSCF trans        <3.4|QMYY|1.4>     0.000002692611
 !MCSCF trans        <3.4|QMYY|2.4>     0.036337802429
 !MCSCF expec        <3.4|QMYY|3.4>    -0.503621847351

 !MCSCF expec        <1.4|QMZZ|1.4>     0.995720968899
 !MCSCF trans        <2.4|QMZZ|1.4>     0.000430773632
 !MCSCF expec        <2.4|QMZZ|2.4>     1.006515642226
 !MCSCF expec        <3.4|QMZZ|3.4>     1.007243694936

 !MCSCF expec        <1.4|QMRR|1.4>   -22.739074466174
 !MCSCF trans        <2.4|QMRR|1.4>     0.000367034092
 !MCSCF expec        <2.4|QMRR|2.4>   -22.800057976977
 !MCSCF expec        <3.4|QMRR|3.4>   -22.799101883066


 Natural orbital dump (state averaged) at molpro section  2140.2    (Orbital set 2)


 CI vector
 =========

 2 20 20 220 a0 a0        0.3522213   0.3539616  -0.0000000
 2 a0 a0 220 20 20       -0.3514496  -0.3504494   0.0000000
 b a0 20 22a 20 a0        0.0000679   0.0013124  -0.3507013
 b 20 a0 22a a0 20       -0.0000679  -0.0013124  -0.3507013
 a 20 a0 22a b0 20       -0.3503258   0.3506472   0.3505555
 a a0 20 22a 20 b0        0.3503258  -0.3506472   0.3505555
 a 20 b0 22a a0 20        0.3504495  -0.3505716   0.3506332
 a b0 20 22a 20 a0       -0.3504495   0.3505716   0.3506332
 a 20 a0 22b a0 20       -0.0000558   0.0012368  -0.3504874
 a a0 20 22b 20 a0        0.0000558  -0.0012368  -0.3504874
 0 a0 a0 222 20 20        0.3486305   0.3497321  -0.0000000
 0 20 20 222 a0 a0       -0.3493769  -0.3481353   0.0000000

 TOTAL ENERGIES                      -149.66662353  -149.58555072  -149.58551576



 **********************************************************************************************************************************
 DATASETS  * FILE   NREC   LENGTH (MB)   RECORD NAMES
              1      20      228.91       500      610      701      900      950      970     1000      129      960     1100   
                                          VAR    BASINP    GEOM    SYMINP    ZMAT    AOBASIS   BASIS     P2S    ABASIS      S 
                                         1400     1410     1200     1210     1080     1600     1650     1300     1700     1380   
                                           T        V       H0       H01     AOSYM     SMH    MOLCAS    ERIS     OPER     JKOP   

              2       8        7.21       500      610      700     1000      520     2100     2140      701   
                                          VAR    BASINP    GEOM     BASIS   MCVARS     RHF     MCSCF    GEOM   

 PROGRAMS   *        TOTAL     MULTI       INT        CI     MULTI       INT        CI     MULTI       INT        CI     MULTI
 CPU TIMES  *     53250.57      8.52     14.98   6632.53      8.34     15.34   6628.99      8.37     15.54   6618.40      8.48
 REAL TIME  *     53815.05 SEC
 DISK USED  *         3.86 GB      
 **********************************************************************************************************************************


 PROGRAM * CI (Multireference internally contracted CI)     Authors: H.-J. Werner, P.J. Knowles, 1987


 Convergence thresholds:  THRVAR = 1.00D-08  THRDEN = 1.00D-06

 Number of optimized states:  2  Roots:   1   2
 Number of reference states:  2  Roots:   1   2

 Program parameters:       NSTATE=  2    NSTATI=  3    NSTATR=  2    NCEPA = -1    NOKOP =  0    ITRDM =  0    ITRANS=  0
                           IDIP  =200    MAXIT =250    MAXITI=250    MAXDAV=  6    MAXVI =  9    NOSING=  0    NOPAIR=  0
                           MXSHRF=  8    IKCPS =  0    IOPTGM=  2    IOPTOR=  0    REFOPT=  1    IAVDEN=  0    IDELCG=  1
                           IREST =  0    NATORB=  0    IPUNRF=  0    ISEP  =  0    OLDDEN=  0    NSTPRI=  1    GPSFLI= -1
                           CLUSTE=  0    CLOSED=  1    ILSTYP=  0    ITRLS =  0    ICCSD =  0    LOCAL =  0    IBASO =  0
                           MP    =  0    ITEDIS=  2    INCDIS=  1    MAXDIS=  6    ITYDIS=  1    BRUECK=  0    IBRSTR=  3
                           INCBRK=  1    TRIPLE=  0    ICCTYP=  1    IHPPD =  0    ICCNEW=  0    I3EXT = -1    IDEB  =  0
                           IDLEIG=  1    IDFTYP=  1    IMP3  =  0    IPROCS=  0    NOINT =  0    NOREF =  1    IMP2G =  0
                           IHINT =  0    IFDIA =  0    ISPARO=  1    JKSYM =  0    CPHF  =  0    MP2D  = -1    DKINT =  0
                           NPKEX =  1    DRVK  =  1    HLSTRA=  1    WIGNER=  1    DIIS_C=  1    MAXIT_= 50    MATEL =  0
                           SPDEG =  1    MEMCPH=  0    DISM  =  1    KDCPMA=  5    IKDCP_=  0    IREDTH=  0    USECS =  0
                           IPROCC=  0    I3SAVE=  1    IKDCP =  1    USECI =  0    OLDPAI=  0    IPROCI=  0    KEEPCL=  1
                           DISCON=  0    SHIFTE=  0    DIISIN=  0    MOLCAS=  0    MEM_PT=  0    RECORD=  0    RS2C  =  0
                           KEXT  = -1    CIPT2 =  0    DECP0S=  0    I4EXT = -1    NATCOR=  0    RIMP2 =  0    DDCI  = -1

 Reference symmetry:                   4   Triplet 
 Number of electrons:                 16
 Maximum number of shells:             6
 Maximum number of spin couplings:   297

 Reference space:     9136 conf    47808 CSFs
 N elec internal:    72865 conf   382239 CSFs
 N-1 el internal:    69576 conf   622908 CSFs
 N-2 el internal:    57950 conf   876478 CSFs

 Number of electrons in valence space:                     12
 Maximum number of open shell orbitals in reference space: 10
 Maximum number of open shell orbitals in internal spaces: 12


 Number of core orbitals:           2 (   2   0   0   0   0   0   0   0 )
 Number of active  orbitals:       12 (   1   2   2   0   3   2   2   0 )
 Number of external orbitals:     240 (  43  29  29  19  43  29  29  19 )

 Molecular orbitals read from record     2140.2  Type=MCSCF/NATURAL (state averaged)

 Coulomb and exchange operators available. No transformation done.

 Number of p-space configurations:  14

 Reference wavefunction optimized for reference space (refopt=1)

 State     Reference Energy 
   1        -149.66662353
   2        -149.58555072
   3        -149.58551576

 Number of blocks in overlap matrix:    16   Smallest eigenvalue:  0.25D-05
 Number of N-2 electron functions:     288
 Number of N-1 electron functions:  622908

 Number of internal configurations:                47808
 Number of singly external configurations:      18686980
 Number of doubly external configurations:       1049024
 Total number of contracted configurations:     19783812
 Total number of uncontracted configurations: 3169518620

 Diagonal Coupling coefficients finished.               Storage:31984173 words, CPU-Time:     65.09 seconds.
 Energy denominators for pairs finished in 1 passes.    Storage: 2273367 words, CPU-time:      0.02 seconds.

  ITER. STATE  ROOT     SQ.NORM     CORR.ENERGY   TOTAL ENERGY   ENERGY CHANGE       DEN1      VAR(S)    VAR(P)      TIME
    1     1     1     1.00000000     0.00000000  -149.66662353     0.00000000    -0.21260959  0.17D-01  0.14D-01    96.17
    1     2     2     1.00000000     0.00000000  -149.58555072     0.00000000    -0.22246344  0.18D-01  0.15D-01    96.17
    2     1     1     1.03211165    -0.21763807  -149.88426160    -0.21763807    -0.00998732  0.41D-03  0.64D-03   682.31
    2     2     2     1.03386143    -0.22620884  -149.81175956    -0.22620884    -0.01009838  0.42D-03  0.66D-03   682.31
    3     1     1     1.03778647    -0.22885544  -149.89547897    -0.01121737    -0.00088493  0.78D-04  0.59D-04  1267.46
    3     2     2     1.03974626    -0.23753791  -149.82308863    -0.01132906    -0.00090021  0.84D-04  0.59D-04  1267.46
    4     1     1     1.04057656    -0.22994609  -149.89656962    -0.00109065    -0.00010581  0.94D-05  0.90D-05  1853.06
    4     2     2     1.04264983    -0.23862223  -149.82417295    -0.00108432    -0.00010535  0.11D-04  0.92D-05  1853.06
    5     1     1     1.04091042    -0.23005377  -149.89667729    -0.00010767    -0.00002494  0.31D-05  0.21D-05  2437.54
    5     2     2     1.04302424    -0.23872515  -149.82427587    -0.00010292    -0.00002628  0.47D-05  0.21D-05  2437.54
    6     1     1     1.04094773    -0.23007610  -149.89669963    -0.00002233    -0.00000528  0.84D-06  0.30D-06  3022.29
    6     2     2     1.04307637    -0.23874551  -149.82429623    -0.00002036    -0.00000687  0.19D-05  0.31D-06  3022.29
    7     1     1     1.04099955    -0.23008090  -149.89670443    -0.00000480    -0.00000170  0.35D-06  0.12D-06  3606.64
    7     2     2     1.04311805    -0.23875026  -149.82430098    -0.00000475    -0.00000205  0.43D-06  0.18D-06  3606.64
    8     1     1     1.04103057    -0.23008216  -149.89670569    -0.00000126    -0.00000054  0.11D-06  0.37D-07  4191.10
    8     2     2     1.04315802    -0.23875187  -149.82430259    -0.00000161    -0.00000059  0.11D-06  0.49D-07  4191.10
    9     1     1     1.04104563    -0.23008262  -149.89670615    -0.00000046    -0.00000019  0.38D-07  0.13D-07  4775.34
    9     2     2     1.04317700    -0.23875235  -149.82430307    -0.00000048    -0.00000026  0.77D-07  0.14D-07  4775.34
   10     1     1     1.04105243    -0.23008278  -149.89670630    -0.00000016    -0.00000008  0.17D-07  0.47D-08  5360.57
   10     2     2     1.04318563    -0.23875252  -149.82430324    -0.00000017    -0.00000010  0.29D-07  0.69D-08  5360.57
   11     1     1     1.04105692    -0.23008284  -149.89670636    -0.00000006    -0.00000003  0.91D-08  0.18D-08  5943.83
   11     2     2     1.04319111    -0.23875259  -149.82430331    -0.00000007    -0.00000004  0.10D-07  0.27D-08  5943.83
   12     1     1     1.04105976    -0.23008286  -149.89670639    -0.00000003    -0.00000002  0.44D-08  0.80D-09  6528.95
   12     2     2     1.04319490    -0.23875262  -149.82430334    -0.00000003    -0.00000002  0.62D-08  0.10D-08  6528.95


 =====================================
 Analysis of CPU times by interactions
 =====================================

       I      S      P

 I   0.7%
 S   0.6%  19.5%
 P   2.1%  67.6%   7.8%

 Initialization:   1.1%
 Other:            0.6%

 Total CPU:     6528.9 seconds
 =====================================



 Reference coefficients greater than 0.0500000
 =============================================
 //02022/20\0           0.3963403   0.3967738
 /20/022/\020          -0.3963399  -0.3967712
 22020220/0/0           0.3454929  -0.3472295
 2/0/02202020          -0.3444960   0.3433259
 02020222/0/0          -0.3424243   0.3408004
 0/0/02222020           0.3414668  -0.3421791
 /\02022/20/0          -0.2429036  -0.2418912
 /20\022//020           0.2429036   0.2418941
 /20/022\/020          -0.1402239  -0.1418114
 //02022\20/0           0.1402239   0.1418098

 Coefficients of fixed reference functions:
 ==========================================

 State      Coefficients
   1         0.979778   -0.000156
   2         0.000174    0.978844

 Coefficients of rotated reference functions:
 ============================================

 State      Coefficients
   1         0.979778    0.000009
   2         0.000009    0.978844



 RESULTS FOR STATE 1.4
 =====================

 Coefficient of reference function:   C(0) = 0.97977787 (fixed)   0.98008145 (relaxed)   0.97977788 (rotated)

 Energy contributions of configuration classes

 CLASS          SQ.NORM        ECORR1        ECORR2
 +++++++++++++++++++++++++++++++++++++++++++++++++++
 Internals    0.00061980   -0.00000000   -0.00013726
 Singles      0.02254487   -0.08782425   -0.08928875
 Pairs        0.01854033   -0.14225824   -0.14065686
 Total        1.04170500   -0.23008249   -0.23008286
 +++++++++++++++++++++++++++++++++++++++++++++++++++


 Reference energy                    -149.66662353
 Nuclear energy                         7.69712307
 Kinetic energy                       149.95434520
 One electron energy                 -221.68352890
 Two electron energy                   64.08969944
 Virial quotient                       -0.99961562
 Correlation energy                    -0.23008286
 !MRCI STATE 1.4 Energy              -149.896706390605

 Properties without orbital relaxation:

 !MRCI STATE 1.4 Dipole moment          0.00000000     0.00000000     0.00000000
 Dipole moment /Debye                   0.00000000     0.00000000     0.00000000

 Cluster corrected energies          -149.90630200 (Davidson, fixed reference)
 Cluster corrected energies          -149.90615354 (Davidson, relaxed reference)
 Cluster corrected energies          -149.90630199 (Davidson, rotated reference)

 Cluster corrected energies          -149.90457759 (Pople, fixed reference)
 Cluster corrected energies          -149.90445281 (Pople, relaxed reference)
 Cluster corrected energies          -149.90457759 (Pople, rotated reference)


 Cluster corrections using rotated reference energy:

 Reference energy (rotated)          -149.66662353
 MRCI Correlation energy               -0.23008287

 Cluster corrected energies          -149.90615354 (Davidson, relaxed reference)
 Cluster corrected energies          -149.90630199 (Davidson, rotated reference)

 Cluster corrected energies          -149.90445281 (Pople, relaxed reference)
 Cluster corrected energies          -149.90457759 (Pople, rotated reference)

 

 !MRCI expec         <1.4|QMXX|1.4>    -0.485492581160
 !MRCI expec         <1.4|QMYY|1.4>    -0.485478744235
 !MRCI expec         <1.4|QMZZ|1.4>     0.970971325394
 !MRCI expec         <1.4|QMRR|1.4>   -22.645025891915



 RESULTS FOR STATE 2.4
 =====================

 Coefficient of reference function:   C(0) = 0.97884371 (fixed)   0.97907795 (relaxed)   0.97884372 (rotated)

 Energy contributions of configuration classes

 CLASS          SQ.NORM        ECORR1        ECORR2
 +++++++++++++++++++++++++++++++++++++++++++++++++++
 Internals    0.00047867   -0.00000000   -0.00010965
 Singles      0.02428859   -0.09303537   -0.09469770
 Pairs        0.01892700   -0.14571709   -0.14394527
 Total        1.04369425   -0.23875246   -0.23875262
 +++++++++++++++++++++++++++++++++++++++++++++++++++


 Reference energy                    -149.58555072
 Nuclear energy                         7.69712307
 Kinetic energy                       149.86885224
 One electron energy                 -221.57780627
 Two electron energy                   64.05637986
 Virial quotient                       -0.99970275
 Correlation energy                    -0.23875262
 !MRCI STATE 2.4 Energy              -149.824303340901

 Properties without orbital relaxation:

 !MRCI STATE 2.4 Dipole moment          0.00000000     0.00000000     0.00000000
 Dipole moment /Debye                   0.00000000     0.00000000     0.00000000

 Cluster corrected energies          -149.83473546 (Davidson, fixed reference)
 Cluster corrected energies          -149.83461624 (Davidson, relaxed reference)
 Cluster corrected energies          -149.83473545 (Davidson, rotated reference)

 Cluster corrected energies          -149.83287096 (Pople, fixed reference)
 Cluster corrected energies          -149.83277051 (Pople, relaxed reference)
 Cluster corrected energies          -149.83287096 (Pople, rotated reference)


 Cluster corrections using rotated reference energy:

 Reference energy (rotated)          -149.58555072
 MRCI Correlation energy               -0.23875262

 Cluster corrected energies          -149.83461624 (Davidson, relaxed reference)
 Cluster corrected energies          -149.83473545 (Davidson, rotated reference)

 Cluster corrected energies          -149.83277051 (Pople, relaxed reference)
 Cluster corrected energies          -149.83287096 (Pople, rotated reference)

 

 !MRCI expec         <2.4|QMXX|2.4>    -0.470098707735
 !MRCI expec         <2.4|QMYY|2.4>    -0.470090415737
 !MRCI expec         <2.4|QMZZ|2.4>     0.940189123471
 !MRCI expec         <2.4|QMRR|2.4>   -22.794424253002

 !MRCI trans         <2.4|QMXX|1.4>    -0.000900473352
 !MRCI trans         <2.4|QMYY|1.4>    -0.000905469665
 !MRCI trans         <2.4|QMZZ|1.4>     0.001805943017
 !MRCI trans         <2.4|QMRR|1.4>    -0.001221417152


 **********************************************************************************************************************************
 DATASETS  * FILE   NREC   LENGTH (MB)   RECORD NAMES
              1      20      228.91       500      610      701      900      950      970     1000      129      960     1100   
                                          VAR    BASINP    GEOM    SYMINP    ZMAT    AOBASIS   BASIS     P2S    ABASIS      S 
                                         1400     1410     1200     1210     1080     1600     1650     1300     1700     1380   
                                           T        V       H0       H01     AOSYM     SMH    MOLCAS    ERIS     OPER     JKOP   

              2       8        7.21       500      610      700     1000      520     2100     2140      701   
                                          VAR    BASINP    GEOM     BASIS   MCVARS     RHF     MCSCF    GEOM   

 PROGRAMS   *        TOTAL        CI     MULTI       INT        CI     MULTI       INT        CI     MULTI       INT        CI
 CPU TIMES  *     59862.13   6611.55      8.52     14.98   6632.53      8.34     15.34   6628.99      8.37     15.54   6618.40
 REAL TIME  *     60482.01 SEC
 DISK USED  *         3.86 GB      
 **********************************************************************************************************************************
 SETTING E1(9)          =      -149.89670639  AU                              
 SETTING E2(9)          =      -149.82430334  AU                              

 DO I                   =        10.00000000   


 Using spherical harmonics

 Library entry O      S aug-cc-pV5Z          selected for orbital group  1
 Library entry O      P aug-cc-pV5Z          selected for orbital group  1
 Library entry O      D aug-cc-pV5Z          selected for orbital group  1
 Library entry O      F aug-cc-pV5Z          selected for orbital group  1
 Library entry O      G aug-cc-pV5Z          selected for orbital group  1
 Library entry O      H aug-cc-pV5Z          selected for orbital group  1


 PROGRAM * SEWARD (Integral evaluation for generally contracted gaussian basis sets)     Author: Roland Lindh, 1990

 Geometry written to block  1 of record 701

 Orientation using atomic masses  
 Molecule type: Linear
 Symmetry elements: X,Y,Z
 Rotational constants:       3.1197404      3.1197404      0.0000000 GHz  (calculated with average atomic masses)

 Point group  D2h 



 ATOMIC COORDINATES

 NR  ATOM    CHARGE       X              Y              Z

   1  O       8.00    0.000000000    0.000000000   -4.251883780
   2  O       8.00    0.000000000    0.000000000    4.251883780

 NUCLEAR CHARGE:                   16
 NUMBER OF PRIMITIVE AOS:         398
 NUMBER OF SYMMETRY AOS:          288
 NUMBER OF CONTRACTIONS:          254   (  46Ag  +  31B3u +  31B2u +  19B1g +  46B1u +  31B2g +  31B3g +  19Au  )
 NUMBER OF CORE ORBITALS:           2   (   1Ag  +   0B3u +   0B2u +   0B1g +   1B1u +   0B2g +   0B3g +   0Au  )
 NUMBER OF VALENCE ORBITALS:        8   (   2Ag  +   1B3u +   1B2u +   0B1g +   2B1u +   1B2g +   1B3g +   0Au  )


 NUCLEAR REPULSION ENERGY    7.52607589

 EXTRA SYMMETRY OF AOS IN SYMMETRY 1:   1 1 1 1 1 1 1 1 1 1   1 1 1 1 2 1 2 1 2 1   2 1 2 1 2 1 2 1 2 1   2 1 3 2 1 3 2 1 3 2
                                        2 3 1 2 3 1
 EXTRA SYMMETRY OF AOS IN SYMMETRY 2:   1 1 1 1 1 1 1 1 1 1   1 1 2 1 2 1 2 1 2 1   2 1 2 1 2 1 2 3 1 2   3
 EXTRA SYMMETRY OF AOS IN SYMMETRY 3:   1 1 1 1 1 1 1 1 1 1   1 1 2 1 2 1 2 1 2 1   2 1 2 1 2 1 2 3 1 2   3
 EXTRA SYMMETRY OF AOS IN SYMMETRY 4:   1 1 1 1 1 1 1 1 1 1   2 1 2 1 2 2 1 2 1
 EXTRA SYMMETRY OF AOS IN SYMMETRY 5:   1 1 1 1 1 1 1 1 1 1   1 1 1 1 2 1 2 1 2 1   2 1 2 1 2 1 2 1 2 1   2 1 3 2 1 3 2 1 3 2
                                        2 3 1 2 3 1
 EXTRA SYMMETRY OF AOS IN SYMMETRY 6:   1 1 1 1 1 1 1 1 1 1   1 1 2 1 2 1 2 1 2 1   2 1 2 1 2 1 2 3 1 2   3
 EXTRA SYMMETRY OF AOS IN SYMMETRY 7:   1 1 1 1 1 1 1 1 1 1   1 1 2 1 2 1 2 1 2 1   2 1 2 1 2 1 2 3 1 2   3
 EXTRA SYMMETRY OF AOS IN SYMMETRY 8:   1 1 1 1 1 1 1 1 1 1   2 1 2 1 2 2 1 2 1

 Eigenvalues of metric

         1 0.238E-03 0.540E-02 0.862E-02 0.335E-01 0.549E-01 0.674E-01 0.683E-01 0.141E+00
         2 0.540E-02 0.355E-01 0.686E-01 0.144E+00 0.146E+00 0.162E+00 0.249E+00 0.257E+00
         3 0.540E-02 0.355E-01 0.686E-01 0.144E+00 0.146E+00 0.162E+00 0.249E+00 0.257E+00
         4 0.674E-01 0.144E+00 0.242E+00 0.257E+00 0.257E+00 0.410E+00 0.410E+00 0.481E+00
         5 0.237E-03 0.537E-02 0.707E-02 0.313E-01 0.362E-01 0.627E-01 0.669E-01 0.115E+00
         6 0.539E-02 0.339E-01 0.643E-01 0.140E+00 0.144E+00 0.146E+00 0.229E+00 0.257E+00
         7 0.539E-02 0.339E-01 0.643E-01 0.140E+00 0.144E+00 0.146E+00 0.229E+00 0.257E+00
         8 0.669E-01 0.144E+00 0.240E+00 0.257E+00 0.257E+00 0.410E+00 0.410E+00 0.479E+00


 Contracted 2-electron integrals neglected if value below      1.0D-11
 AO integral compression algorithm  1   Integral accuracy      1.0D-11

     320.602 MB (compressed) written to integral file ( 35.1%)


 NUMBER OF SORTED TWO-ELECTRON INTEGRALS:   66838400.     BUFFER LENGTH:  32768
 NUMBER OF SEGMENTS:   5  SEGMENT LENGTH:   15999177      RECORD LENGTH: 524288

 Memory used in sort:      16.56 MW

 SORT1 READ   114264352. AND WROTE    46869574. INTEGRALS IN    136 RECORDS. CPU TIME:     2.87 SEC, REAL TIME:     3.26 SEC
 SORT2 READ    46869574. AND WROTE    66838400. INTEGRALS IN   1223 RECORDS. CPU TIME:     1.17 SEC, REAL TIME:     1.38 SEC

 FILE SIZES:   FILE 1:   341.2 MBYTE,  FILE 4:   570.5 MBYTE,   TOTAL:    911.6 MBYTE

 OPERATOR DM      FOR CENTER  0  COORDINATES:    0.000000    0.000000    0.000000
 OPERATOR QM      FOR CENTER  0  COORDINATES:    0.000000    0.000000    0.000000


 **********************************************************************************************************************************
 DATASETS  * FILE   NREC   LENGTH (MB)   RECORD NAMES
              1      19      217.42       500      610      701      900      950      970     1000      129      960     1100   
                                          VAR    BASINP    GEOM    SYMINP    ZMAT    AOBASIS   BASIS     P2S    ABASIS      S 
                                         1400     1410     1200     1210     1080     1600     1650     1300     1700   
                                           T        V       H0       H01     AOSYM     SMH    MOLCAS    ERIS     OPER   

              2       8        7.21       500      610      700     1000      520     2100     2140      701   
                                          VAR    BASINP    GEOM     BASIS   MCVARS     RHF     MCSCF    GEOM   

 PROGRAMS   *        TOTAL       INT        CI     MULTI       INT        CI     MULTI       INT        CI     MULTI       INT
 CPU TIMES  *     59876.75     14.62   6611.55      8.52     14.98   6632.53      8.34     15.34   6628.99      8.37     15.54
 REAL TIME  *     60502.11 SEC
 DISK USED  *         3.86 GB      
 **********************************************************************************************************************************


 PROGRAM * MULTI (Direct Multiconfiguration SCF)       Authors: P.J. Knowles, H.-J. Werner (1984)     S.T. Elbert (1988)


 Number of closed-shell orbitals:   2 (   2   0   0   0   0   0   0   0 )
 Number of active  orbitals:       12 (   1   2   2   0   3   2   2   0 )
 Number of external orbitals:     240 (  43  29  29  19  43  29  29  19 )

 State symmetry 1

 Number of electrons:    12    Spin symmetry=Triplet   Space symmetry=4
 Number of states:        3
 Number of CSFs:      47808   (78400 determinants, 627264 intermediate states)

 Iteration controls:
             1  2  3  4  5  6  7  8  9 10 11 12 13 14 15 16 17 18 19 20 21 22 23 24 25 26 27 28 29 30 31 32 33 34 35 36 37 38 39
 DIAGCI      T  T  T  T  T  T  T  T  T  T  T  T  T  T  T  T  T  T  T  T  T  T  T  T  T  T  T  T  T  T  T  T  T  T  T  T  T  T  T
 WERNER      T  T  T  T  T  T  T  T  T  T  T  T  T  T  T  T  T  T  T  T  T  T  T  T  T  T  T  T  T  T  T  T  T  T  T  T  T  T  T
 INTERNAL    F  T  T  T  T  T  T  T  T  T  T  T  T  T  T  T  T  T  T  T  T  T  T  T  T  T  T  T  T  T  T  T  T  T  T  T  T  T  T

 Molecular orbitals read from record     2140.2  Type=MCSCF/NATURAL (state averaged)

 EXTRA SYMMETRY OF MOS IN SYMMETRY 1:   1 1 1 1 1 1 2 1 1 1   2 2 1 1 1 2 3 1 2 1   2 1 1 1 2 3 1 2 3 1   2 1 2 1 1 1 2 3 1 2
                                        3 1 2 1 2 1
 EXTRA SYMMETRY OF MOS IN SYMMETRY 2:   1 1 1 1 1 2 1 1 1 2   1 2 1 1 1 2 3 1 2 1   2 1 1 1 2 3 1 2 1 2   1
 EXTRA SYMMETRY OF MOS IN SYMMETRY 3:   1 1 1 1 1 2 1 1 1 2   1 2 1 1 1 2 3 1 2 1   2 1 1 1 2 3 1 2 1 2   1
 EXTRA SYMMETRY OF MOS IN SYMMETRY 4:   1 1 1 1 2 1 1 1 2 1   2 1 1 1 2 1 2 1 1
 EXTRA SYMMETRY OF MOS IN SYMMETRY 5:   1 1 1 1 1 2 1 1 1 2   1 2 1 1 2 1 3 2 1 1   2 1 1 1 2 3 1 2 3 2   1 2 1 1 1 1 2 3 1 2
                                        3 2 1 2 1 1
 EXTRA SYMMETRY OF MOS IN SYMMETRY 6:   1 1 1 1 2 1 1 1 1 2   2 1 1 1 1 2 3 1 2 1   2 1 1 1 2 3 1 2 1 2   1
 EXTRA SYMMETRY OF MOS IN SYMMETRY 7:   1 1 1 1 2 1 1 1 1 2   2 1 1 1 1 2 3 1 2 1   2 1 1 1 2 3 1 2 1 2   1
 EXTRA SYMMETRY OF MOS IN SYMMETRY 8:   1 1 1 1 2 1 1 1 2 1   2 1 1 1 2 1 2 1 1

 Wavefunction dump at record             2140.2

 Convergence thresholds  0.10E-01 (gradient)  0.10E-05 (energy)  0.10E-02 (step length)

 Weight factors for state symmetry  1:    0.33333   0.33333   0.33333

 Number of orbital rotations:      492   (     2 Core/Active     86 Core/Virtual   0 Active/Active    404 Active/Virtual)
 Total number of variables:     235692


 ITER. MIC  NCI  NEG     ENERGY(VAR)     ENERGY(PROJ)   ENERGY CHANGE     GRAD(0)  GRAD(ORB)   GRAD(CI)     STEP       TIME

   1   20   25    0    -149.61256403    -149.61256406   -0.00000004    0.00030878 0.00000012 0.00000120  0.21D-03      4.70

 ** WVFN ****  CONVERGENCE REACHED, FINAL GRADIENT:  0.16D-06



 Results for state 1.4
 =====================

 !MCSCF STATE 1.4 Energy             -149.666622990923
 Nuclear energy                         7.52607589
 Kinetic energy                       149.66043022
 One electron energy                 -221.40768367
 Two electron energy                   64.21498479
 Virial ratio                           2.00004138

 !MCSCF STATE 1.4 Dipole moment         0.00000000     0.00000000     0.00000000
 Dipole moment /Debye                   0.00000000     0.00000000     0.00000000

 Results for state 2.4
 =====================

 !MCSCF STATE 2.4 Energy             -149.585549710360
 Nuclear energy                         7.52607589
 Kinetic energy                       149.58801379
 One electron energy                 -221.35114128
 Two electron energy                   64.23951568
 Virial ratio                           1.99998353

 !MCSCF STATE 2.4 Dipole moment         0.00000000     0.00000000     0.00000000
 Dipole moment /Debye                   0.00000000     0.00000000     0.00000000

 Results for state 3.4
 =====================

 !MCSCF STATE 3.4 Energy             -149.585519488591
 Nuclear energy                         7.52607589
 Kinetic energy                       149.58816808
 One electron energy                 -221.35129870
 Two electron energy                   64.23970333
 Virial ratio                           1.99998229

 !MCSCF STATE 3.4 Dipole moment         0.00000000     0.00000000     0.00000000
 Dipole moment /Debye                   0.00000000     0.00000000     0.00000000

 State-averaged charge density matrix saved on record  2140.2 (density set 1)

 !MCSCF expec        <1.4|QMXX|1.4>    -0.497145332447
 !MCSCF trans        <2.4|QMXX|1.4>    -0.000167393115
 !MCSCF expec        <2.4|QMXX|2.4>    -0.502646370261
 !MCSCF trans        <3.4|QMXX|1.4>    -0.000001739306
 !MCSCF trans        <3.4|QMXX|2.4>    -0.036339890439
 !MCSCF expec        <3.4|QMXX|3.4>    -0.502963867940

 !MCSCF expec        <1.4|QMYY|1.4>    -0.497145332447
 !MCSCF trans        <2.4|QMYY|1.4>    -0.000167393115
 !MCSCF expec        <2.4|QMYY|2.4>    -0.502646370175
 !MCSCF trans        <3.4|QMYY|1.4>     0.000001739306
 !MCSCF trans        <3.4|QMYY|2.4>     0.036339890439
 !MCSCF expec        <3.4|QMYY|3.4>    -0.502963868026

 !MCSCF expec        <1.4|QMZZ|1.4>     0.994290664893
 !MCSCF trans        <2.4|QMZZ|1.4>     0.000334786230
 !MCSCF expec        <2.4|QMZZ|2.4>     1.005292740436
 !MCSCF expec        <3.4|QMZZ|3.4>     1.005927735966

 !MCSCF expec        <1.4|QMRR|1.4>   -22.740724748538
 !MCSCF trans        <2.4|QMRR|1.4>     0.000289880241
 !MCSCF expec        <2.4|QMRR|2.4>   -22.801505419263
 !MCSCF expec        <3.4|QMRR|3.4>   -22.800679394004


 EXTRA SYMMETRY OF MOS IN SYMMETRY 5:   1 1 1 1 1 2 1 1 1 2   1 2 1 1 1 2 3 2 1 1   2 1 1 1 2 3 1 2 3 2   1 2 1 1 1 1 2 3 1 2
                                        3 2 1 2 1 1

 Natural orbital dump (state averaged) at molpro section  2140.2    (Orbital set 2)


 CI vector
 =========

 2 20 20 220 a0 a0        0.3519029   0.3534522   0.0000000
 2 a0 a0 220 20 20       -0.3512713  -0.3504077  -0.0000000
 b 20 a0 22a a0 20       -0.0000554  -0.0011586  -0.3506840
 b a0 20 22a 20 a0        0.0000554   0.0011586  -0.3506840
 a a0 20 22a 20 b0        0.3503419  -0.3506350   0.3505617
 a 20 a0 22a b0 20       -0.3503419   0.3506350   0.3505617
 a b0 20 22a 20 a0       -0.3504444   0.3505742   0.3506272
 a 20 b0 22a a0 20        0.3504444  -0.3505742   0.3506272
 a a0 20 22b 20 a0        0.0000471  -0.0010978  -0.3505049
 a 20 a0 22b a0 20       -0.0000471   0.0010978  -0.3505049
 0 a0 a0 222 20 20        0.3489365   0.3499626   0.0000000
 0 20 20 222 a0 a0       -0.3495507  -0.3484856  -0.0000000

 TOTAL ENERGIES                      -149.66662299  -149.58554971  -149.58551949



 **********************************************************************************************************************************
 DATASETS  * FILE   NREC   LENGTH (MB)   RECORD NAMES
              1      20      227.99       500      610      701      900      950      970     1000      129      960     1100   
                                          VAR    BASINP    GEOM    SYMINP    ZMAT    AOBASIS   BASIS     P2S    ABASIS      S 
                                         1400     1410     1200     1210     1080     1600     1650     1300     1700     1380   
                                           T        V       H0       H01     AOSYM     SMH    MOLCAS    ERIS     OPER     JKOP   

              2       8        7.21       500      610      700     1000      520     2100     2140      701   
                                          VAR    BASINP    GEOM     BASIS   MCVARS     RHF     MCSCF    GEOM   

 PROGRAMS   *        TOTAL     MULTI       INT        CI     MULTI       INT        CI     MULTI       INT        CI     MULTI
 CPU TIMES  *     59885.19      8.43     14.62   6611.55      8.52     14.98   6632.53      8.34     15.34   6628.99      8.37
 REAL TIME  *     60511.39 SEC
 DISK USED  *         3.86 GB      
 **********************************************************************************************************************************


 PROGRAM * CI (Multireference internally contracted CI)     Authors: H.-J. Werner, P.J. Knowles, 1987


 Convergence thresholds:  THRVAR = 1.00D-08  THRDEN = 1.00D-06

 Number of optimized states:  2  Roots:   1   2
 Number of reference states:  2  Roots:   1   2

 Program parameters:       NSTATE=  2    NSTATI=  3    NSTATR=  2    NCEPA = -1    NOKOP =  0    ITRDM =  0    ITRANS=  0
                           IDIP  =200    MAXIT =250    MAXITI=250    MAXDAV=  6    MAXVI =  9    NOSING=  0    NOPAIR=  0
                           MXSHRF=  8    IKCPS =  0    IOPTGM=  2    IOPTOR=  0    REFOPT=  1    IAVDEN=  0    IDELCG=  1
                           IREST =  0    NATORB=  0    IPUNRF=  0    ISEP  =  0    OLDDEN=  0    NSTPRI=  1    GPSFLI= -1
                           CLUSTE=  0    CLOSED=  1    ILSTYP=  0    ITRLS =  0    ICCSD =  0    LOCAL =  0    IBASO =  0
                           MP    =  0    ITEDIS=  2    INCDIS=  1    MAXDIS=  6    ITYDIS=  1    BRUECK=  0    IBRSTR=  3
                           INCBRK=  1    TRIPLE=  0    ICCTYP=  1    IHPPD =  0    ICCNEW=  0    I3EXT = -1    IDEB  =  0
                           IDLEIG=  1    IDFTYP=  1    IMP3  =  0    IPROCS=  0    NOINT =  0    NOREF =  1    IMP2G =  0
                           IHINT =  0    IFDIA =  0    ISPARO=  1    JKSYM =  0    CPHF  =  0    MP2D  = -1    DKINT =  0
                           NPKEX =  1    DRVK  =  1    HLSTRA=  1    WIGNER=  1    DIIS_C=  1    MAXIT_= 50    MATEL =  0
                           SPDEG =  1    MEMCPH=  0    DISM  =  1    KDCPMA=  5    IKDCP_=  0    IREDTH=  0    USECS =  0
                           IPROCC=  0    I3SAVE=  1    IKDCP =  1    USECI =  0    OLDPAI=  0    IPROCI=  0    KEEPCL=  1
                           DISCON=  0    SHIFTE=  0    DIISIN=  0    MOLCAS=  0    MEM_PT=  0    RECORD=  0    RS2C  =  0
                           KEXT  = -1    CIPT2 =  0    DECP0S=  0    I4EXT = -1    NATCOR=  0    RIMP2 =  0    DDCI  = -1

 Reference symmetry:                   4   Triplet 
 Number of electrons:                 16
 Maximum number of shells:             6
 Maximum number of spin couplings:   297

 Reference space:     9136 conf    47808 CSFs
 N elec internal:    72865 conf   382239 CSFs
 N-1 el internal:    69576 conf   622908 CSFs
 N-2 el internal:    57950 conf   876478 CSFs

 Number of electrons in valence space:                     12
 Maximum number of open shell orbitals in reference space: 10
 Maximum number of open shell orbitals in internal spaces: 12


 Number of core orbitals:           2 (   2   0   0   0   0   0   0   0 )
 Number of active  orbitals:       12 (   1   2   2   0   3   2   2   0 )
 Number of external orbitals:     240 (  43  29  29  19  43  29  29  19 )

 Molecular orbitals read from record     2140.2  Type=MCSCF/NATURAL (state averaged)

 Coulomb and exchange operators available. No transformation done.

 Number of p-space configurations:  12

 Reference wavefunction optimized for reference space (refopt=1)

 State     Reference Energy 
   1        -149.66662299
   2        -149.58554971
   3        -149.58551949

 Number of blocks in overlap matrix:    16   Smallest eigenvalue:  0.19D-05
 Number of N-2 electron functions:     288
 Number of N-1 electron functions:  622908

 Number of internal configurations:                47808
 Number of singly external configurations:      18686980
 Number of doubly external configurations:       1049024
 Total number of contracted configurations:     19783812
 Total number of uncontracted configurations: 3169518620

 Diagonal Coupling coefficients finished.               Storage:31984173 words, CPU-Time:     65.17 seconds.
 Energy denominators for pairs finished in 1 passes.    Storage: 2273367 words, CPU-time:      0.02 seconds.

  ITER. STATE  ROOT     SQ.NORM     CORR.ENERGY   TOTAL ENERGY   ENERGY CHANGE       DEN1      VAR(S)    VAR(P)      TIME
    1     1     1     1.00000000     0.00000000  -149.66662299     0.00000000    -0.21250369  0.17D-01  0.14D-01   116.12
    1     2     2     1.00000000     0.00000000  -149.58554971     0.00000000    -0.22234952  0.18D-01  0.15D-01   116.12
    2     1     1     1.03208493    -0.21759154  -149.88421454    -0.21759154    -0.00999397  0.41D-03  0.64D-03   702.86
    2     2     2     1.03383286    -0.22616101  -149.81171072    -0.22616101    -0.01010491  0.42D-03  0.66D-03   702.86
    3     1     1     1.03776819    -0.22881833  -149.89544132    -0.01122679    -0.00088664  0.78D-04  0.59D-04  1289.52
    3     2     2     1.03972700    -0.23749985  -149.82304956    -0.01133884    -0.00090202  0.84D-04  0.59D-04  1289.52
    4     1     1     1.04055915    -0.22991116  -149.89653415    -0.00109283    -0.00010624  0.95D-05  0.91D-05  1875.76
    4     2     2     1.04263159    -0.23858641  -149.82413612    -0.00108656    -0.00010577  0.11D-04  0.92D-05  1875.76
    5     1     1     1.04089314    -0.23001913  -149.89664212    -0.00010797    -0.00002513  0.31D-05  0.21D-05  2461.24
    5     2     2     1.04300618    -0.23868963  -149.82423934    -0.00010322    -0.00002645  0.47D-05  0.21D-05  2461.24
    6     1     1     1.04093093    -0.23004160  -149.89666459    -0.00002246    -0.00000535  0.86D-06  0.30D-06  3046.90
    6     2     2     1.04305868    -0.23871011  -149.82425982    -0.00002048    -0.00000692  0.19D-05  0.31D-06  3046.90
    7     1     1     1.04098259    -0.23004643  -149.89666942    -0.00000483    -0.00000173  0.35D-06  0.12D-06  3632.03
    7     2     2     1.04310050    -0.23871489  -149.82426460    -0.00000478    -0.00000207  0.44D-06  0.18D-06  3632.03
    8     1     1     1.04101354    -0.23004770  -149.89667069    -0.00000128    -0.00000055  0.11D-06  0.37D-07  4216.97
    8     2     2     1.04314071    -0.23871651  -149.82426622    -0.00000162    -0.00000059  0.11D-06  0.49D-07  4216.97
    9     1     1     1.04102857    -0.23004817  -149.89667116    -0.00000047    -0.00000020  0.39D-07  0.13D-07  4802.58
    9     2     2     1.04315973    -0.23871700  -149.82426671    -0.00000048    -0.00000026  0.77D-07  0.14D-07  4802.58
   10     1     1     1.04103544    -0.23004833  -149.89667132    -0.00000016    -0.00000008  0.18D-07  0.47D-08  5388.01
   10     2     2     1.04316836    -0.23871717  -149.82426688    -0.00000017    -0.00000010  0.29D-07  0.70D-08  5388.01
   11     1     1     1.04104010    -0.23004840  -149.89667139    -0.00000007    -0.00000004  0.11D-07  0.19D-08  5973.10
   11     2     2     1.04317383    -0.23871724  -149.82426695    -0.00000007    -0.00000004  0.10D-07  0.27D-08  5973.10
   12     1     1     1.04104314    -0.23004843  -149.89667142    -0.00000003    -0.00000002  0.50D-08  0.83D-09  6558.41
   12     2     2     1.04317764    -0.23871727  -149.82426698    -0.00000003    -0.00000002  0.63D-08  0.11D-08  6558.41


 =====================================
 Analysis of CPU times by interactions
 =====================================

       I      S      P

 I   1.0%
 S   0.6%  19.5%
 P   2.1%  67.4%   7.8%

 Initialization:   1.1%
 Other:            0.6%

 Total CPU:     6558.4 seconds
 =====================================



 Reference coefficients greater than 0.0500000
 =============================================
 //02022/20\0           0.3963638   0.3967586
 /20/022/\020          -0.3963634  -0.3967570
 22020220/0/0           0.3451551  -0.3466772
 2/0/02202020          -0.3443329   0.3432807
 02020222/0/0          -0.3426063   0.3411686
 0/0/02222020           0.3417844  -0.3424490
 /20\022//020           0.2428844   0.2420165
 /\02022/20/0          -0.2428844  -0.2420148
 /20/022\/020          -0.1402308  -0.1416354
 //02022\20/0           0.1402309   0.1416346

 Coefficients of fixed reference functions:
 ==========================================

 State      Coefficients
   1         0.979786   -0.000157
   2         0.000176    0.978852

 Coefficients of rotated reference functions:
 ============================================

 State      Coefficients
   1         0.979786    0.000009
   2         0.000009    0.978852



 RESULTS FOR STATE 1.4
 =====================

 Coefficient of reference function:   C(0) = 0.97978588 (fixed)   0.98008928 (relaxed)   0.97978589 (rotated)

 Energy contributions of configuration classes

 CLASS          SQ.NORM        ECORR1        ECORR2
 +++++++++++++++++++++++++++++++++++++++++++++++++++
 Internals    0.00061940    0.00000000   -0.00013722
 Singles      0.02253220   -0.08780219   -0.08926561
 Pairs        0.01853636   -0.14224579   -0.14064560
 Total        1.04168796   -0.23004798   -0.23004843
 +++++++++++++++++++++++++++++++++++++++++++++++++++


 Reference energy                    -149.66662299
 Nuclear energy                         7.52607589
 Kinetic energy                       149.95433529
 One electron energy                 -221.34235688
 Two electron energy                   63.91960958
 Virial quotient                       -0.99961546
 Correlation energy                    -0.23004843
 !MRCI STATE 1.4 Energy              -149.896671418210

 Properties without orbital relaxation:

 !MRCI STATE 1.4 Dipole moment          0.00000000     0.00000000     0.00000000
 Dipole moment /Debye                   0.00000000     0.00000000     0.00000000

 Cluster corrected energies          -149.90626167 (Davidson, fixed reference)
 Cluster corrected energies          -149.90611333 (Davidson, relaxed reference)
 Cluster corrected energies          -149.90626166 (Davidson, rotated reference)

 Cluster corrected energies          -149.90453814 (Pople, fixed reference)
 Cluster corrected energies          -149.90441346 (Pople, relaxed reference)
 Cluster corrected energies          -149.90453814 (Pople, rotated reference)


 Cluster corrections using rotated reference energy:

 Reference energy (rotated)          -149.66662299
 MRCI Correlation energy               -0.23004843

 Cluster corrected energies          -149.90611333 (Davidson, relaxed reference)
 Cluster corrected energies          -149.90626166 (Davidson, rotated reference)

 Cluster corrected energies          -149.90441346 (Pople, relaxed reference)
 Cluster corrected energies          -149.90453814 (Pople, rotated reference)

 

 !MRCI expec         <1.4|QMXX|1.4>    -0.484700285073
 !MRCI expec         <1.4|QMYY|1.4>    -0.484686152537
 !MRCI expec         <1.4|QMZZ|1.4>     0.969386437610
 !MRCI expec         <1.4|QMRR|1.4>   -22.646593842960



 RESULTS FOR STATE 2.4
 =====================

 Coefficient of reference function:   C(0) = 0.97885190 (fixed)   0.97908605 (relaxed)   0.97885192 (rotated)

 Energy contributions of configuration classes

 CLASS          SQ.NORM        ECORR1        ECORR2
 +++++++++++++++++++++++++++++++++++++++++++++++++++
 Internals    0.00047847   -0.00000002   -0.00010961
 Singles      0.02427547   -0.09301291   -0.09467397
 Pairs        0.01892283   -0.14570418   -0.14393369
 Total        1.04367678   -0.23871711   -0.23871727
 +++++++++++++++++++++++++++++++++++++++++++++++++++


 Reference energy                    -149.58554971
 Nuclear energy                         7.52607589
 Kinetic energy                       149.86886507
 One electron energy                 -221.23662440
 Two electron energy                   63.88628153
 Virial quotient                       -0.99970242
 Correlation energy                    -0.23871727
 !MRCI STATE 2.4 Energy              -149.824266980933

 Properties without orbital relaxation:

 !MRCI STATE 2.4 Dipole moment          0.00000000     0.00000000     0.00000000
 Dipole moment /Debye                   0.00000000     0.00000000     0.00000000

 Cluster corrected energies          -149.83469338 (Davidson, fixed reference)
 Cluster corrected energies          -149.83457423 (Davidson, relaxed reference)
 Cluster corrected energies          -149.83469337 (Davidson, rotated reference)

 Cluster corrected energies          -149.83282982 (Pople, fixed reference)
 Cluster corrected energies          -149.83272942 (Pople, relaxed reference)
 Cluster corrected energies          -149.83282981 (Pople, rotated reference)


 Cluster corrections using rotated reference energy:

 Reference energy (rotated)          -149.58554971
 MRCI Correlation energy               -0.23871727

 Cluster corrected energies          -149.83457423 (Davidson, relaxed reference)
 Cluster corrected energies          -149.83469337 (Davidson, rotated reference)

 Cluster corrected energies          -149.83272942 (Pople, relaxed reference)
 Cluster corrected energies          -149.83282981 (Pople, rotated reference)

 

 !MRCI expec         <2.4|QMXX|2.4>    -0.469382337408
 !MRCI expec         <2.4|QMYY|2.4>    -0.469373212825
 !MRCI expec         <2.4|QMZZ|2.4>     0.938755550233
 !MRCI expec         <2.4|QMRR|2.4>   -22.795873991144

 !MRCI trans         <2.4|QMXX|1.4>    -0.000985777339
 !MRCI trans         <2.4|QMYY|1.4>    -0.000991353425
 !MRCI trans         <2.4|QMZZ|1.4>     0.001977130764
 !MRCI trans         <2.4|QMRR|1.4>    -0.001106893700


 **********************************************************************************************************************************
 DATASETS  * FILE   NREC   LENGTH (MB)   RECORD NAMES
              1      20      227.99       500      610      701      900      950      970     1000      129      960     1100   
                                          VAR    BASINP    GEOM    SYMINP    ZMAT    AOBASIS   BASIS     P2S    ABASIS      S 
                                         1400     1410     1200     1210     1080     1600     1650     1300     1700     1380   
                                           T        V       H0       H01     AOSYM     SMH    MOLCAS    ERIS     OPER     JKOP   

              2       8        7.21       500      610      700     1000      520     2100     2140      701   
                                          VAR    BASINP    GEOM     BASIS   MCVARS     RHF     MCSCF    GEOM   

 PROGRAMS   *        TOTAL        CI     MULTI       INT        CI     MULTI       INT        CI     MULTI       INT        CI
 CPU TIMES  *     66526.05   6640.85      8.43     14.62   6611.55      8.52     14.98   6632.53      8.34     15.34   6628.99
 REAL TIME  *     67214.86 SEC
 DISK USED  *         3.86 GB      
 **********************************************************************************************************************************
 SETTING E1(10)         =      -149.89667142  AU                              
 SETTING E2(10)         =      -149.82426698  AU                              

 DO I                   =        11.00000000   


 Using spherical harmonics

 Library entry O      S aug-cc-pV5Z          selected for orbital group  1
 Library entry O      P aug-cc-pV5Z          selected for orbital group  1
 Library entry O      D aug-cc-pV5Z          selected for orbital group  1
 Library entry O      F aug-cc-pV5Z          selected for orbital group  1
 Library entry O      G aug-cc-pV5Z          selected for orbital group  1
 Library entry O      H aug-cc-pV5Z          selected for orbital group  1


 PROGRAM * SEWARD (Integral evaluation for generally contracted gaussian basis sets)     Author: Roland Lindh, 1990

 Geometry written to block  1 of record 701

 Orientation using atomic masses  
 Molecule type: Linear
 Symmetry elements: X,Y,Z
 Rotational constants:       2.9855739      2.9855739      0.0000000 GHz  (calculated with average atomic masses)

 Point group  D2h 



 ATOMIC COORDINATES

 NR  ATOM    CHARGE       X              Y              Z

   1  O       8.00    0.000000000    0.000000000   -4.346370086
   2  O       8.00    0.000000000    0.000000000    4.346370086

 NUCLEAR CHARGE:                   16
 NUMBER OF PRIMITIVE AOS:         398
 NUMBER OF SYMMETRY AOS:          288
 NUMBER OF CONTRACTIONS:          254   (  46Ag  +  31B3u +  31B2u +  19B1g +  46B1u +  31B2g +  31B3g +  19Au  )
 NUMBER OF CORE ORBITALS:           2   (   1Ag  +   0B3u +   0B2u +   0B1g +   1B1u +   0B2g +   0B3g +   0Au  )
 NUMBER OF VALENCE ORBITALS:        8   (   2Ag  +   1B3u +   1B2u +   0B1g +   2B1u +   1B2g +   1B3g +   0Au  )


 NUCLEAR REPULSION ENERGY    7.36246554

 EXTRA SYMMETRY OF AOS IN SYMMETRY 1:   1 1 1 1 1 1 1 1 1 1   1 1 1 1 2 1 2 1 2 1   2 1 2 1 2 1 2 1 2 1   2 1 3 2 1 3 2 1 3 2
                                        2 3 1 2 3 1
 EXTRA SYMMETRY OF AOS IN SYMMETRY 2:   1 1 1 1 1 1 1 1 1 1   1 1 2 1 2 1 2 1 2 1   2 1 2 1 2 1 2 3 1 2   3
 EXTRA SYMMETRY OF AOS IN SYMMETRY 3:   1 1 1 1 1 1 1 1 1 1   1 1 2 1 2 1 2 1 2 1   2 1 2 1 2 1 2 3 1 2   3
 EXTRA SYMMETRY OF AOS IN SYMMETRY 4:   1 1 1 1 1 1 1 1 1 1   2 1 2 1 2 2 1 2 1
 EXTRA SYMMETRY OF AOS IN SYMMETRY 5:   1 1 1 1 1 1 1 1 1 1   1 1 1 1 2 1 2 1 2 1   2 1 2 1 2 1 2 1 2 1   2 1 3 2 1 3 2 1 3 2
                                        2 3 1 2 3 1
 EXTRA SYMMETRY OF AOS IN SYMMETRY 6:   1 1 1 1 1 1 1 1 1 1   1 1 2 1 2 1 2 1 2 1   2 1 2 1 2 1 2 3 1 2   3
 EXTRA SYMMETRY OF AOS IN SYMMETRY 7:   1 1 1 1 1 1 1 1 1 1   1 1 2 1 2 1 2 1 2 1   2 1 2 1 2 1 2 3 1 2   3
 EXTRA SYMMETRY OF AOS IN SYMMETRY 8:   1 1 1 1 1 1 1 1 1 1   2 1 2 1 2 2 1 2 1

 Eigenvalues of metric

         1 0.238E-03 0.540E-02 0.864E-02 0.334E-01 0.549E-01 0.674E-01 0.686E-01 0.142E+00
         2 0.540E-02 0.355E-01 0.685E-01 0.144E+00 0.145E+00 0.162E+00 0.249E+00 0.257E+00
         3 0.540E-02 0.355E-01 0.685E-01 0.144E+00 0.145E+00 0.162E+00 0.249E+00 0.257E+00
         4 0.674E-01 0.144E+00 0.242E+00 0.257E+00 0.257E+00 0.410E+00 0.410E+00 0.480E+00
         5 0.237E-03 0.537E-02 0.719E-02 0.314E-01 0.383E-01 0.628E-01 0.669E-01 0.117E+00
         6 0.539E-02 0.339E-01 0.647E-01 0.140E+00 0.144E+00 0.146E+00 0.231E+00 0.257E+00
         7 0.539E-02 0.339E-01 0.647E-01 0.140E+00 0.144E+00 0.146E+00 0.231E+00 0.257E+00
         8 0.669E-01 0.144E+00 0.240E+00 0.257E+00 0.257E+00 0.410E+00 0.410E+00 0.479E+00


 Contracted 2-electron integrals neglected if value below      1.0D-11
 AO integral compression algorithm  1   Integral accuracy      1.0D-11

     319.029 MB (compressed) written to integral file ( 34.9%)


 NUMBER OF SORTED TWO-ELECTRON INTEGRALS:   66838400.     BUFFER LENGTH:  32768
 NUMBER OF SEGMENTS:   5  SEGMENT LENGTH:   15999177      RECORD LENGTH: 524288

 Memory used in sort:      16.56 MW

 SORT1 READ   114264352. AND WROTE    46798921. INTEGRALS IN    136 RECORDS. CPU TIME:     2.85 SEC, REAL TIME:     3.26 SEC
 SORT2 READ    46798921. AND WROTE    66838400. INTEGRALS IN   1217 RECORDS. CPU TIME:     1.16 SEC, REAL TIME:     1.37 SEC

 FILE SIZES:   FILE 1:   339.6 MBYTE,  FILE 4:   570.5 MBYTE,   TOTAL:    910.1 MBYTE

 OPERATOR DM      FOR CENTER  0  COORDINATES:    0.000000    0.000000    0.000000
 OPERATOR QM      FOR CENTER  0  COORDINATES:    0.000000    0.000000    0.000000


 **********************************************************************************************************************************
 DATASETS  * FILE   NREC   LENGTH (MB)   RECORD NAMES
              1      19      216.52       500      610      701      900      950      970     1000      129      960     1100   
                                          VAR    BASINP    GEOM    SYMINP    ZMAT    AOBASIS   BASIS     P2S    ABASIS      S 
                                         1400     1410     1200     1210     1080     1600     1650     1300     1700   
                                           T        V       H0       H01     AOSYM     SMH    MOLCAS    ERIS     OPER   

              2       8        7.21       500      610      700     1000      520     2100     2140      701   
                                          VAR    BASINP    GEOM     BASIS   MCVARS     RHF     MCSCF    GEOM   

 PROGRAMS   *        TOTAL       INT        CI     MULTI       INT        CI     MULTI       INT        CI     MULTI       INT
 CPU TIMES  *     66540.23     14.18   6640.85      8.43     14.62   6611.55      8.52     14.98   6632.53      8.34     15.34
 REAL TIME  *     67235.92 SEC
 DISK USED  *         3.86 GB      
 **********************************************************************************************************************************


 PROGRAM * MULTI (Direct Multiconfiguration SCF)       Authors: P.J. Knowles, H.-J. Werner (1984)     S.T. Elbert (1988)


 Number of closed-shell orbitals:   2 (   2   0   0   0   0   0   0   0 )
 Number of active  orbitals:       12 (   1   2   2   0   3   2   2   0 )
 Number of external orbitals:     240 (  43  29  29  19  43  29  29  19 )

 State symmetry 1

 Number of electrons:    12    Spin symmetry=Triplet   Space symmetry=4
 Number of states:        3
 Number of CSFs:      47808   (78400 determinants, 627264 intermediate states)

 Iteration controls:
             1  2  3  4  5  6  7  8  9 10 11 12 13 14 15 16 17 18 19 20 21 22 23 24 25 26 27 28 29 30 31 32 33 34 35 36 37 38 39
 DIAGCI      T  T  T  T  T  T  T  T  T  T  T  T  T  T  T  T  T  T  T  T  T  T  T  T  T  T  T  T  T  T  T  T  T  T  T  T  T  T  T
 WERNER      T  T  T  T  T  T  T  T  T  T  T  T  T  T  T  T  T  T  T  T  T  T  T  T  T  T  T  T  T  T  T  T  T  T  T  T  T  T  T
 INTERNAL    F  T  T  T  T  T  T  T  T  T  T  T  T  T  T  T  T  T  T  T  T  T  T  T  T  T  T  T  T  T  T  T  T  T  T  T  T  T  T

 Molecular orbitals read from record     2140.2  Type=MCSCF/NATURAL (state averaged)

 EXTRA SYMMETRY OF MOS IN SYMMETRY 1:   1 1 1 1 1 1 2 1 1 1   2 2 1 1 1 2 3 1 2 1   2 1 1 1 2 3 1 2 3 1   2 1 2 1 1 1 2 3 1 2
                                        3 1 2 1 2 1
 EXTRA SYMMETRY OF MOS IN SYMMETRY 2:   1 1 1 1 1 2 1 1 1 2   1 2 1 1 1 2 3 1 2 1   2 1 1 1 2 3 1 2 1 2   1
 EXTRA SYMMETRY OF MOS IN SYMMETRY 3:   1 1 1 1 1 2 1 1 1 2   1 2 1 1 1 2 3 1 2 1   2 1 1 1 2 3 1 2 1 2   1
 EXTRA SYMMETRY OF MOS IN SYMMETRY 4:   1 1 1 1 2 1 1 1 2 1   2 1 1 1 2 1 2 1 1
 EXTRA SYMMETRY OF MOS IN SYMMETRY 5:   1 1 1 1 1 2 1 1 1 2   1 2 1 1 1 2 3 2 1 1   2 1 1 1 2 3 1 2 3 2   1 2 1 1 1 1 2 3 1 2
                                        3 2 1 2 1 1
 EXTRA SYMMETRY OF MOS IN SYMMETRY 6:   1 1 1 1 2 1 1 1 1 2   2 1 1 1 1 2 3 1 2 1   2 1 1 1 2 3 1 2 1 2   1
 EXTRA SYMMETRY OF MOS IN SYMMETRY 7:   1 1 1 1 2 1 1 1 1 2   2 1 1 1 1 2 3 1 2 1   2 1 1 1 2 3 1 2 1 2   1
 EXTRA SYMMETRY OF MOS IN SYMMETRY 8:   1 1 1 1 2 1 1 1 2 1   2 1 1 1 2 1 2 1 1

 Wavefunction dump at record             2140.2

 Convergence thresholds  0.10E-01 (gradient)  0.10E-05 (energy)  0.10E-02 (step length)

 Weight factors for state symmetry  1:    0.33333   0.33333   0.33333

 Number of orbital rotations:      492   (     2 Core/Active     86 Core/Virtual   0 Active/Active    404 Active/Virtual)
 Total number of variables:     235692


 ITER. MIC  NCI  NEG     ENERGY(VAR)     ENERGY(PROJ)   ENERGY CHANGE     GRAD(0)  GRAD(ORB)   GRAD(CI)     STEP       TIME

   1   20   25    0    -149.61256462    -149.61256465   -0.00000003    0.00028867 0.00000010 0.00000105  0.19D-03      4.70

 ** WVFN ****  CONVERGENCE REACHED, FINAL GRADIENT:  0.14D-06



 Results for state 1.4
 =====================

 !MCSCF STATE 1.4 Energy             -149.666622530184
 Nuclear energy                         7.36246554
 Kinetic energy                       149.66043594
 One electron energy                 -221.08123031
 Two electron energy                   64.05214223
 Virial ratio                           2.00004134

 !MCSCF STATE 1.4 Dipole moment         0.00000000     0.00000000     0.00000000
 Dipole moment /Debye                   0.00000000     0.00000000     0.00000000

 Results for state 2.4
 =====================

 !MCSCF STATE 2.4 Energy             -149.585548904279
 Nuclear energy                         7.36246554
 Kinetic energy                       149.58801697
 One electron energy                 -221.02469894
 Two electron energy                   64.07668449
 Virial ratio                           1.99998350

 !MCSCF STATE 2.4 Dipole moment         0.00000000     0.00000000     0.00000000
 Dipole moment /Debye                   0.00000000     0.00000000     0.00000000

 Results for state 3.4
 =====================

 !MCSCF STATE 3.4 Energy             -149.585522530509
 Nuclear energy                         7.36246554
 Kinetic energy                       149.58814785
 One electron energy                 -221.02483126
 Two electron energy                   64.07684319
 Virial ratio                           1.99998245

 !MCSCF STATE 3.4 Dipole moment         0.00000000     0.00000000     0.00000000
 Dipole moment /Debye                   0.00000000     0.00000000     0.00000000

 State-averaged charge density matrix saved on record  2140.2 (density set 1)

 !MCSCF expec        <1.4|QMXX|1.4>    -0.496490260404
 !MCSCF trans        <2.4|QMXX|1.4>    -0.000131464434
 !MCSCF expec        <2.4|QMXX|2.4>    -0.502078879337
 !MCSCF trans        <3.4|QMXX|1.4>    -0.000001077325
 !MCSCF trans        <3.4|QMXX|2.4>    -0.036341872933
 !MCSCF expec        <3.4|QMXX|3.4>    -0.502353030684

 !MCSCF expec        <1.4|QMYY|1.4>    -0.496490260404
 !MCSCF trans        <2.4|QMYY|1.4>    -0.000131464434
 !MCSCF expec        <2.4|QMYY|2.4>    -0.502078879407
 !MCSCF trans        <3.4|QMYY|1.4>     0.000001077325
 !MCSCF trans        <3.4|QMYY|2.4>     0.036341872933
 !MCSCF expec        <3.4|QMYY|3.4>    -0.502353030615

 !MCSCF expec        <1.4|QMZZ|1.4>     0.992980520809
 !MCSCF trans        <2.4|QMZZ|1.4>     0.000262928869
 !MCSCF expec        <2.4|QMZZ|2.4>     1.004157758744
 !MCSCF expec        <3.4|QMZZ|3.4>     1.004706061299

 !MCSCF expec        <1.4|QMRR|1.4>   -22.742231416693
 !MCSCF trans        <2.4|QMRR|1.4>     0.000231415416
 !MCSCF expec        <2.4|QMRR|2.4>   -22.802841464959
 !MCSCF expec        <3.4|QMRR|3.4>   -22.802131270574


 EXTRA SYMMETRY OF MOS IN SYMMETRY 1:   1 1 1 1 1 1 2 1 1 1   2 1 2 1 1 2 3 1 2 1   1 2 1 1 2 3 1 2 3 1   2 1 2 1 1 1 2 3 1 2
                                        3 1 2 1 2 1

 Natural orbital dump (state averaged) at molpro section  2140.2    (Orbital set 2)


 CI vector
 =========

 2 20 20 220 a0 a0        0.3516409   0.3530271  -0.0000000
 2 a0 a0 220 20 20       -0.3511236  -0.3503755   0.0000000
 b a0 20 22a 20 a0        0.0000454   0.0010275  -0.3506694
 b 20 a0 22a a0 20       -0.0000454  -0.0010275  -0.3506694
 a 20 a0 22a b0 20       -0.3503545   0.3506258   0.3505669
 a a0 20 22a 20 b0        0.3503545  -0.3506258   0.3505669
 a 20 b0 22a a0 20        0.3504395  -0.3505769   0.3506221
 a b0 20 22a 20 a0       -0.3504395   0.3505769   0.3506221
 a 20 a0 22b a0 20       -0.0000396   0.0009786  -0.3505197
 a a0 20 22b 20 a0        0.0000396  -0.0009786  -0.3505197
 0 a0 a0 222 20 20        0.3491899   0.3501472  -0.0000000
 0 20 20 222 a0 a0       -0.3496952  -0.3487790   0.0000000

 TOTAL ENERGIES                      -149.66662253  -149.58554890  -149.58552253



 **********************************************************************************************************************************
 DATASETS  * FILE   NREC   LENGTH (MB)   RECORD NAMES
              1      20      227.09       500      610      701      900      950      970     1000      129      960     1100   
                                          VAR    BASINP    GEOM    SYMINP    ZMAT    AOBASIS   BASIS     P2S    ABASIS      S 
                                         1400     1410     1200     1210     1080     1600     1650     1300     1700     1380   
                                           T        V       H0       H01     AOSYM     SMH    MOLCAS    ERIS     OPER     JKOP   

              2       8        7.21       500      610      700     1000      520     2100     2140      701   
                                          VAR    BASINP    GEOM     BASIS   MCVARS     RHF     MCSCF    GEOM   

 PROGRAMS   *        TOTAL     MULTI       INT        CI     MULTI       INT        CI     MULTI       INT        CI     MULTI
 CPU TIMES  *     66548.67      8.44     14.18   6640.85      8.43     14.62   6611.55      8.52     14.98   6632.53      8.34
 REAL TIME  *     67245.25 SEC
 DISK USED  *         3.86 GB      
 **********************************************************************************************************************************


 PROGRAM * CI (Multireference internally contracted CI)     Authors: H.-J. Werner, P.J. Knowles, 1987


 Convergence thresholds:  THRVAR = 1.00D-08  THRDEN = 1.00D-06

 Number of optimized states:  2  Roots:   1   2
 Number of reference states:  2  Roots:   1   2

 Program parameters:       NSTATE=  2    NSTATI=  3    NSTATR=  2    NCEPA = -1    NOKOP =  0    ITRDM =  0    ITRANS=  0
                           IDIP  =200    MAXIT =250    MAXITI=250    MAXDAV=  6    MAXVI =  9    NOSING=  0    NOPAIR=  0
                           MXSHRF=  8    IKCPS =  0    IOPTGM=  2    IOPTOR=  0    REFOPT=  1    IAVDEN=  0    IDELCG=  1
                           IREST =  0    NATORB=  0    IPUNRF=  0    ISEP  =  0    OLDDEN=  0    NSTPRI=  1    GPSFLI= -1
                           CLUSTE=  0    CLOSED=  1    ILSTYP=  0    ITRLS =  0    ICCSD =  0    LOCAL =  0    IBASO =  0
                           MP    =  0    ITEDIS=  2    INCDIS=  1    MAXDIS=  6    ITYDIS=  1    BRUECK=  0    IBRSTR=  3
                           INCBRK=  1    TRIPLE=  0    ICCTYP=  1    IHPPD =  0    ICCNEW=  0    I3EXT = -1    IDEB  =  0
                           IDLEIG=  1    IDFTYP=  1    IMP3  =  0    IPROCS=  0    NOINT =  0    NOREF =  1    IMP2G =  0
                           IHINT =  0    IFDIA =  0    ISPARO=  1    JKSYM =  0    CPHF  =  0    MP2D  = -1    DKINT =  0
                           NPKEX =  1    DRVK  =  1    HLSTRA=  1    WIGNER=  1    DIIS_C=  1    MAXIT_= 50    MATEL =  0
                           SPDEG =  1    MEMCPH=  0    DISM  =  1    KDCPMA=  5    IKDCP_=  0    IREDTH=  0    USECS =  0
                           IPROCC=  0    I3SAVE=  1    IKDCP =  1    USECI =  0    OLDPAI=  0    IPROCI=  0    KEEPCL=  1
                           DISCON=  0    SHIFTE=  0    DIISIN=  0    MOLCAS=  0    MEM_PT=  0    RECORD=  0    RS2C  =  0
                           KEXT  = -1    CIPT2 =  0    DECP0S=  0    I4EXT = -1    NATCOR=  0    RIMP2 =  0    DDCI  = -1

 Reference symmetry:                   4   Triplet 
 Number of electrons:                 16
 Maximum number of shells:             6
 Maximum number of spin couplings:   297

 Reference space:     9136 conf    47808 CSFs
 N elec internal:    72865 conf   382239 CSFs
 N-1 el internal:    69576 conf   622908 CSFs
 N-2 el internal:    57950 conf   876478 CSFs

 Number of electrons in valence space:                     12
 Maximum number of open shell orbitals in reference space: 10
 Maximum number of open shell orbitals in internal spaces: 12


 Number of core orbitals:           2 (   2   0   0   0   0   0   0   0 )
 Number of active  orbitals:       12 (   1   2   2   0   3   2   2   0 )
 Number of external orbitals:     240 (  43  29  29  19  43  29  29  19 )

 Molecular orbitals read from record     2140.2  Type=MCSCF/NATURAL (state averaged)

 Coulomb and exchange operators available. No transformation done.

 Number of p-space configurations:  12

 Reference wavefunction optimized for reference space (refopt=1)

 State     Reference Energy 
   1        -149.66662253
   2        -149.58554890
   3        -149.58552253

 Number of blocks in overlap matrix:    16   Smallest eigenvalue:  0.15D-05
 Number of N-2 electron functions:     288
 Number of N-1 electron functions:  622908

 Number of internal configurations:                47808
 Number of singly external configurations:      18686980
 Number of doubly external configurations:       1049024
 Total number of contracted configurations:     19783812
 Total number of uncontracted configurations: 3169518620

 Diagonal Coupling coefficients finished.               Storage:31984173 words, CPU-Time:     64.97 seconds.
 Energy denominators for pairs finished in 1 passes.    Storage: 2273367 words, CPU-time:      0.02 seconds.

  ITER. STATE  ROOT     SQ.NORM     CORR.ENERGY   TOTAL ENERGY   ENERGY CHANGE       DEN1      VAR(S)    VAR(P)      TIME
    1     1     1     1.00000000     0.00000000  -149.66662253     0.00000000    -0.21240483  0.16D-01  0.14D-01   116.01
    1     2     2     1.00000000     0.00000000  -149.58554890     0.00000000    -0.22224335  0.18D-01  0.15D-01   116.01
    2     1     1     1.03206015    -0.21754923  -149.88417176    -0.21754923    -0.00999999  0.41D-03  0.64D-03   703.86
    2     2     2     1.03380638    -0.22611764  -149.81166654    -0.22611764    -0.01011065  0.42D-03  0.66D-03   703.86
    3     1     1     1.03775149    -0.22878440  -149.89540693    -0.01123517    -0.00088816  0.78D-04  0.59D-04  1292.08
    3     2     2     1.03970942    -0.23746507  -149.82301397    -0.01134743    -0.00090362  0.84D-04  0.59D-04  1292.08
    4     1     1     1.04054297    -0.22987911  -149.89650164    -0.00109471    -0.00010663  0.95D-05  0.91D-05  1880.05
    4     2     2     1.04261476    -0.23855358  -149.82410248    -0.00108851    -0.00010614  0.11D-04  0.92D-05  1880.05
    5     1     1     1.04087747    -0.22998737  -149.89660990    -0.00010826    -0.00002530  0.31D-05  0.21D-05  2467.04
    5     2     2     1.04298954    -0.23865704  -149.82420595    -0.00010347    -0.00002664  0.48D-05  0.21D-05  2467.04
    6     1     1     1.04091549    -0.23000996  -149.89663249    -0.00002259    -0.00000540  0.87D-06  0.30D-06  3053.93
    6     2     2     1.04304227    -0.23867762  -149.82422653    -0.00002058    -0.00000699  0.19D-05  0.31D-06  3053.93
    7     1     1     1.04096718    -0.23001481  -149.89663734    -0.00000486    -0.00000175  0.36D-06  0.12D-06  3640.18
    7     2     2     1.04308417    -0.23868244  -149.82423134    -0.00000482    -0.00000209  0.44D-06  0.18D-06  3640.18
    8     1     1     1.04099829    -0.23001610  -149.89663863    -0.00000129    -0.00000055  0.12D-06  0.37D-07  4226.63
    8     2     2     1.04312449    -0.23868408  -149.82423298    -0.00000164    -0.00000060  0.11D-06  0.50D-07  4226.63
    9     1     1     1.04101341    -0.23001658  -149.89663911    -0.00000047    -0.00000021  0.40D-07  0.13D-07  4813.51
    9     2     2     1.04314353    -0.23868457  -149.82423347    -0.00000049    -0.00000027  0.79D-07  0.14D-07  4813.51
   10     1     1     1.04102033    -0.23001674  -149.89663927    -0.00000016    -0.00000008  0.18D-07  0.48D-08  5399.49
   10     2     2     1.04315226    -0.23868475  -149.82423365    -0.00000018    -0.00000010  0.29D-07  0.71D-08  5399.49
   11     1     1     1.04102503    -0.23001681  -149.89663934    -0.00000007    -0.00000004  0.11D-07  0.20D-08  5987.25
   11     2     2     1.04315779    -0.23868482  -149.82423372    -0.00000007    -0.00000004  0.11D-07  0.27D-08  5987.25
   12     1     1     1.04102812    -0.23001684  -149.89663937    -0.00000003    -0.00000002  0.52D-08  0.85D-09  6573.12
   12     2     2     1.04316165    -0.23868485  -149.82423375    -0.00000003    -0.00000002  0.65D-08  0.11D-08  6573.12


 =====================================
 Analysis of CPU times by interactions
 =====================================

       I      S      P

 I   1.0%
 S   0.6%  19.4%
 P   2.1%  67.4%   7.8%

 Initialization:   1.1%
 Other:            0.6%

 Total CPU:     6573.1 seconds
 =====================================



 Reference coefficients greater than 0.0500000
 =============================================
 //02022/20\0          -0.3963839  -0.3967481
 /20/022/\020           0.3963835   0.3967465
 22020220/0/0          -0.3448817   0.3462158
 2/0/02202020           0.3441922  -0.3432440
 02020222/0/0           0.3427517  -0.3414770
 0/0/02222020          -0.3420548   0.3426691
 /20\022//020          -0.2428707  -0.2421204
 /\02022/20/0           0.2428707   0.2421188
 /20/022\/020           0.1402261   0.1414862
 //02022\20/0          -0.1402261  -0.1414854

 Coefficients of fixed reference functions:
 ==========================================

 State      Coefficients
   1         0.979793   -0.000159
   2         0.000177    0.978859

 Coefficients of rotated reference functions:
 ============================================

 State      Coefficients
   1         0.979793    0.000009
   2         0.000009    0.978859



 RESULTS FOR STATE 1.4
 =====================

 Coefficient of reference function:   C(0) = 0.97979300 (fixed)   0.98009635 (relaxed)   0.97979302 (rotated)

 Energy contributions of configuration classes

 CLASS          SQ.NORM        ECORR1        ECORR2
 +++++++++++++++++++++++++++++++++++++++++++++++++++
 Internals    0.00061929    0.00000000   -0.00013718
 Singles      0.02252077   -0.08778196   -0.08924429
 Pairs        0.01853276   -0.14223443   -0.14063536
 Total        1.04167282   -0.23001639   -0.23001684
 +++++++++++++++++++++++++++++++++++++++++++++++++++


 Reference energy                    -149.66662253
 Nuclear energy                         7.36246554
 Kinetic energy                       149.95430850
 One electron energy                 -221.01595331
 Two electron energy                   63.75684840
 Virial quotient                       -0.99961542
 Correlation energy                    -0.23001684
 !MRCI STATE 1.4 Energy              -149.896639369149

 Properties without orbital relaxation:

 !MRCI STATE 1.4 Dipole moment          0.00000000     0.00000000     0.00000000
 Dipole moment /Debye                   0.00000000     0.00000000     0.00000000

 Cluster corrected energies          -149.90622482 (Davidson, fixed reference)
 Cluster corrected energies          -149.90607653 (Davidson, relaxed reference)
 Cluster corrected energies          -149.90622481 (Davidson, rotated reference)

 Cluster corrected energies          -149.90450209 (Pople, fixed reference)
 Cluster corrected energies          -149.90437745 (Pople, relaxed reference)
 Cluster corrected energies          -149.90450208 (Pople, rotated reference)


 Cluster corrections using rotated reference energy:

 Reference energy (rotated)          -149.66662253
 MRCI Correlation energy               -0.23001684

 Cluster corrected energies          -149.90607653 (Davidson, relaxed reference)
 Cluster corrected energies          -149.90622481 (Davidson, rotated reference)

 Cluster corrected energies          -149.90437745 (Pople, relaxed reference)
 Cluster corrected energies          -149.90450208 (Pople, rotated reference)

 

 !MRCI expec         <1.4|QMXX|1.4>    -0.483987980817
 !MRCI expec         <1.4|QMYY|1.4>    -0.483973964824
 !MRCI expec         <1.4|QMZZ|1.4>     0.967961945641
 !MRCI expec         <1.4|QMRR|1.4>   -22.648086622124



 RESULTS FOR STATE 2.4
 =====================

 Coefficient of reference function:   C(0) = 0.97885948 (fixed)   0.97909356 (relaxed)   0.97885950 (rotated)

 Energy contributions of configuration classes

 CLASS          SQ.NORM        ECORR1        ECORR2
 +++++++++++++++++++++++++++++++++++++++++++++++++++
 Internals    0.00047832   -0.00000002   -0.00010957
 Singles      0.02426322   -0.09299199   -0.09465186
 Pairs        0.01891908   -0.14569267   -0.14392343
 Total        1.04366061   -0.23868469   -0.23868485
 +++++++++++++++++++++++++++++++++++++++++++++++++++


 Reference energy                    -149.58554890
 Nuclear energy                         7.36246554
 Kinetic energy                       149.86887453
 One electron energy                 -220.91023755
 Two electron energy                   63.72353825
 Virial quotient                       -0.99970213
 Correlation energy                    -0.23868485
 !MRCI STATE 2.4 Energy              -149.824233754113

 Properties without orbital relaxation:

 !MRCI STATE 2.4 Dipole moment          0.00000000     0.00000000     0.00000000
 Dipole moment /Debye                   0.00000000     0.00000000     0.00000000

 Cluster corrected energies          -149.83465488 (Davidson, fixed reference)
 Cluster corrected energies          -149.83453579 (Davidson, relaxed reference)
 Cluster corrected energies          -149.83465487 (Davidson, rotated reference)

 Cluster corrected energies          -149.83279218 (Pople, fixed reference)
 Cluster corrected energies          -149.83269183 (Pople, relaxed reference)
 Cluster corrected energies          -149.83279217 (Pople, rotated reference)


 Cluster corrections using rotated reference energy:

 Reference energy (rotated)          -149.58554891
 MRCI Correlation energy               -0.23868485

 Cluster corrected energies          -149.83453579 (Davidson, relaxed reference)
 Cluster corrected energies          -149.83465487 (Davidson, rotated reference)

 Cluster corrected energies          -149.83269183 (Pople, relaxed reference)
 Cluster corrected energies          -149.83279217 (Pople, rotated reference)

 

 !MRCI expec         <2.4|QMXX|2.4>    -0.468729853501
 !MRCI expec         <2.4|QMYY|2.4>    -0.468720070250
 !MRCI expec         <2.4|QMZZ|2.4>     0.937449923750
 !MRCI expec         <2.4|QMRR|2.4>   -22.797198055079

 !MRCI trans         <2.4|QMXX|1.4>    -0.001049338862
 !MRCI trans         <2.4|QMYY|1.4>    -0.001054974492
 !MRCI trans         <2.4|QMZZ|1.4>     0.002104313354
 !MRCI trans         <2.4|QMRR|1.4>    -0.001009693612


 **********************************************************************************************************************************
 DATASETS  * FILE   NREC   LENGTH (MB)   RECORD NAMES
              1      20      227.09       500      610      701      900      950      970     1000      129      960     1100   
                                          VAR    BASINP    GEOM    SYMINP    ZMAT    AOBASIS   BASIS     P2S    ABASIS      S 
                                         1400     1410     1200     1210     1080     1600     1650     1300     1700     1380   
                                           T        V       H0       H01     AOSYM     SMH    MOLCAS    ERIS     OPER     JKOP   

              2       8        7.21       500      610      700     1000      520     2100     2140      701   
                                          VAR    BASINP    GEOM     BASIS   MCVARS     RHF     MCSCF    GEOM   

 PROGRAMS   *        TOTAL        CI     MULTI       INT        CI     MULTI       INT        CI     MULTI       INT        CI
 CPU TIMES  *     73204.38   6655.71      8.44     14.18   6640.85      8.43     14.62   6611.55      8.52     14.98   6632.53
 REAL TIME  *     73963.57 SEC
 DISK USED  *         3.86 GB      
 **********************************************************************************************************************************
 SETTING E1(11)         =      -149.89663937  AU                              
 SETTING E2(11)         =      -149.82423375  AU                              

 DO I                   =        12.00000000   


 Using spherical harmonics

 Library entry O      S aug-cc-pV5Z          selected for orbital group  1
 Library entry O      P aug-cc-pV5Z          selected for orbital group  1
 Library entry O      D aug-cc-pV5Z          selected for orbital group  1
 Library entry O      F aug-cc-pV5Z          selected for orbital group  1
 Library entry O      G aug-cc-pV5Z          selected for orbital group  1
 Library entry O      H aug-cc-pV5Z          selected for orbital group  1


 PROGRAM * SEWARD (Integral evaluation for generally contracted gaussian basis sets)     Author: Roland Lindh, 1990

 Geometry written to block  1 of record 701

 Orientation using atomic masses  
 Molecule type: Linear
 Symmetry elements: X,Y,Z
 Rotational constants:       2.7999886      2.7999886      0.0000000 GHz  (calculated with average atomic masses)

 Point group  D2h 



 ATOMIC COORDINATES

 NR  ATOM    CHARGE       X              Y              Z

   1  O       8.00    0.000000000    0.000000000   -4.488099546
   2  O       8.00    0.000000000    0.000000000    4.488099546

 NUCLEAR CHARGE:                   16
 NUMBER OF PRIMITIVE AOS:         398
 NUMBER OF SYMMETRY AOS:          288
 NUMBER OF CONTRACTIONS:          254   (  46Ag  +  31B3u +  31B2u +  19B1g +  46B1u +  31B2g +  31B3g +  19Au  )
 NUMBER OF CORE ORBITALS:           2   (   1Ag  +   0B3u +   0B2u +   0B1g +   1B1u +   0B2g +   0B3g +   0Au  )
 NUMBER OF VALENCE ORBITALS:        8   (   2Ag  +   1B3u +   1B2u +   0B1g +   2B1u +   1B2g +   1B3g +   0Au  )


 NUCLEAR REPULSION ENERGY    7.12996663

 EXTRA SYMMETRY OF AOS IN SYMMETRY 1:   1 1 1 1 1 1 1 1 1 1   1 1 1 1 2 1 2 1 2 1   2 1 2 1 2 1 2 1 2 1   2 1 3 2 1 3 2 1 3 2
                                        2 3 1 2 3 1
 EXTRA SYMMETRY OF AOS IN SYMMETRY 2:   1 1 1 1 1 1 1 1 1 1   1 1 2 1 2 1 2 1 2 1   2 1 2 1 2 1 2 3 1 2   3
 EXTRA SYMMETRY OF AOS IN SYMMETRY 3:   1 1 1 1 1 1 1 1 1 1   1 1 2 1 2 1 2 1 2 1   2 1 2 1 2 1 2 3 1 2   3
 EXTRA SYMMETRY OF AOS IN SYMMETRY 4:   1 1 1 1 1 1 1 1 1 1   2 1 2 1 2 2 1 2 1
 EXTRA SYMMETRY OF AOS IN SYMMETRY 5:   1 1 1 1 1 1 1 1 1 1   1 1 1 1 2 1 2 1 2 1   2 1 2 1 2 1 2 1 2 1   2 1 3 2 1 3 2 1 3 2
                                        2 3 1 2 3 1
 EXTRA SYMMETRY OF AOS IN SYMMETRY 6:   1 1 1 1 1 1 1 1 1 1   1 1 2 1 2 1 2 1 2 1   2 1 2 1 2 1 2 3 1 2   3
 EXTRA SYMMETRY OF AOS IN SYMMETRY 7:   1 1 1 1 1 1 1 1 1 1   1 1 2 1 2 1 2 1 2 1   2 1 2 1 2 1 2 3 1 2   3
 EXTRA SYMMETRY OF AOS IN SYMMETRY 8:   1 1 1 1 1 1 1 1 1 1   2 1 2 1 2 2 1 2 1

 Eigenvalues of metric

         1 0.238E-03 0.539E-02 0.867E-02 0.333E-01 0.548E-01 0.673E-01 0.689E-01 0.144E+00
         2 0.540E-02 0.355E-01 0.683E-01 0.144E+00 0.145E+00 0.163E+00 0.248E+00 0.257E+00
         3 0.540E-02 0.355E-01 0.683E-01 0.144E+00 0.145E+00 0.163E+00 0.248E+00 0.257E+00
         4 0.673E-01 0.144E+00 0.242E+00 0.257E+00 0.257E+00 0.410E+00 0.410E+00 0.480E+00
         5 0.237E-03 0.538E-02 0.735E-02 0.316E-01 0.411E-01 0.631E-01 0.670E-01 0.118E+00
         6 0.539E-02 0.340E-01 0.652E-01 0.141E+00 0.144E+00 0.147E+00 0.233E+00 0.257E+00
         7 0.539E-02 0.340E-01 0.652E-01 0.141E+00 0.144E+00 0.147E+00 0.233E+00 0.257E+00
         8 0.670E-01 0.144E+00 0.240E+00 0.257E+00 0.257E+00 0.410E+00 0.410E+00 0.479E+00


 Contracted 2-electron integrals neglected if value below      1.0D-11
 AO integral compression algorithm  1   Integral accuracy      1.0D-11

     316.932 MB (compressed) written to integral file ( 34.7%)


 NUMBER OF SORTED TWO-ELECTRON INTEGRALS:   66838400.     BUFFER LENGTH:  32768
 NUMBER OF SEGMENTS:   5  SEGMENT LENGTH:   15999177      RECORD LENGTH: 524288

 Memory used in sort:      16.56 MW

 SORT1 READ   114264352. AND WROTE    46693599. INTEGRALS IN    136 RECORDS. CPU TIME:     2.86 SEC, REAL TIME:     3.27 SEC
 SORT2 READ    46693599. AND WROTE    66838400. INTEGRALS IN   1209 RECORDS. CPU TIME:     1.16 SEC, REAL TIME:     1.37 SEC

 FILE SIZES:   FILE 1:   337.5 MBYTE,  FILE 4:   570.5 MBYTE,   TOTAL:    908.0 MBYTE

 OPERATOR DM      FOR CENTER  0  COORDINATES:    0.000000    0.000000    0.000000
 OPERATOR QM      FOR CENTER  0  COORDINATES:    0.000000    0.000000    0.000000


 **********************************************************************************************************************************
 DATASETS  * FILE   NREC   LENGTH (MB)   RECORD NAMES
              1      19      215.20       500      610      701      900      950      970     1000      129      960     1100   
                                          VAR    BASINP    GEOM    SYMINP    ZMAT    AOBASIS   BASIS     P2S    ABASIS      S 
                                         1400     1410     1200     1210     1080     1600     1650     1300     1700   
                                           T        V       H0       H01     AOSYM     SMH    MOLCAS    ERIS     OPER   

              2       8        7.21       500      610      700     1000      520     2100     2140      701   
                                          VAR    BASINP    GEOM     BASIS   MCVARS     RHF     MCSCF    GEOM   

 PROGRAMS   *        TOTAL       INT        CI     MULTI       INT        CI     MULTI       INT        CI     MULTI       INT
 CPU TIMES  *     73217.96     13.57   6655.71      8.44     14.18   6640.85      8.43     14.62   6611.55      8.52     14.98
 REAL TIME  *     73982.76 SEC
 DISK USED  *         3.86 GB      
 **********************************************************************************************************************************


 PROGRAM * MULTI (Direct Multiconfiguration SCF)       Authors: P.J. Knowles, H.-J. Werner (1984)     S.T. Elbert (1988)


 Number of closed-shell orbitals:   2 (   2   0   0   0   0   0   0   0 )
 Number of active  orbitals:       12 (   1   2   2   0   3   2   2   0 )
 Number of external orbitals:     240 (  43  29  29  19  43  29  29  19 )

 State symmetry 1

 Number of electrons:    12    Spin symmetry=Triplet   Space symmetry=4
 Number of states:        3
 Number of CSFs:      47808   (78400 determinants, 627264 intermediate states)

 Iteration controls:
             1  2  3  4  5  6  7  8  9 10 11 12 13 14 15 16 17 18 19 20 21 22 23 24 25 26 27 28 29 30 31 32 33 34 35 36 37 38 39
 DIAGCI      T  T  T  T  T  T  T  T  T  T  T  T  T  T  T  T  T  T  T  T  T  T  T  T  T  T  T  T  T  T  T  T  T  T  T  T  T  T  T
 WERNER      T  T  T  T  T  T  T  T  T  T  T  T  T  T  T  T  T  T  T  T  T  T  T  T  T  T  T  T  T  T  T  T  T  T  T  T  T  T  T
 INTERNAL    F  T  T  T  T  T  T  T  T  T  T  T  T  T  T  T  T  T  T  T  T  T  T  T  T  T  T  T  T  T  T  T  T  T  T  T  T  T  T

 Molecular orbitals read from record     2140.2  Type=MCSCF/NATURAL (state averaged)

 EXTRA SYMMETRY OF MOS IN SYMMETRY 1:   1 1 1 1 1 1 2 1 1 1   2 1 2 1 1 2 3 1 2 1   1 2 1 1 2 3 1 2 3 1   2 1 2 1 1 1 2 3 1 2
                                        3 1 2 1 2 1
 EXTRA SYMMETRY OF MOS IN SYMMETRY 2:   1 1 1 1 1 2 1 1 1 2   1 2 1 1 1 2 3 1 2 1   2 1 1 1 2 3 1 2 1 2   1
 EXTRA SYMMETRY OF MOS IN SYMMETRY 3:   1 1 1 1 1 2 1 1 1 2   1 2 1 1 1 2 3 1 2 1   2 1 1 1 2 3 1 2 1 2   1
 EXTRA SYMMETRY OF MOS IN SYMMETRY 4:   1 1 1 1 2 1 1 1 2 1   2 1 1 1 2 1 2 1 1
 EXTRA SYMMETRY OF MOS IN SYMMETRY 5:   1 1 1 1 1 2 1 1 1 2   1 2 1 1 1 2 3 2 1 1   2 1 1 1 2 3 1 2 3 2   1 2 1 1 1 1 2 3 1 2
                                        3 2 1 2 1 1
 EXTRA SYMMETRY OF MOS IN SYMMETRY 6:   1 1 1 1 2 1 1 1 1 2   2 1 1 1 1 2 3 1 2 1   2 1 1 1 2 3 1 2 1 2   1
 EXTRA SYMMETRY OF MOS IN SYMMETRY 7:   1 1 1 1 2 1 1 1 1 2   2 1 1 1 1 2 3 1 2 1   2 1 1 1 2 3 1 2 1 2   1
 EXTRA SYMMETRY OF MOS IN SYMMETRY 8:   1 1 1 1 2 1 1 1 2 1   2 1 1 1 2 1 2 1 1

 Wavefunction dump at record             2140.2

 Convergence thresholds  0.10E-01 (gradient)  0.10E-05 (energy)  0.10E-02 (step length)

 Weight factors for state symmetry  1:    0.33333   0.33333   0.33333

 Number of orbital rotations:      492   (     2 Core/Active     86 Core/Virtual   0 Active/Active    404 Active/Virtual)
 Total number of variables:     235692


 ITER. MIC  NCI  NEG     ENERGY(VAR)     ENERGY(PROJ)   ENERGY CHANGE     GRAD(0)  GRAD(ORB)   GRAD(CI)     STEP       TIME

   1   20   24    0    -149.61256529    -149.61256535   -0.00000007    0.00040292 0.00000013 0.00000138  0.26D-03      4.55

 ** WVFN ****  CONVERGENCE REACHED, FINAL GRADIENT:  0.17D-06



 Results for state 1.4
 =====================

 !MCSCF STATE 1.4 Energy             -149.666621946134
 Nuclear energy                         7.12996663
 Kinetic energy                       149.66044228
 One electron energy                 -220.61726845
 Two electron energy                   63.82067987
 Virial ratio                           2.00004129

 !MCSCF STATE 1.4 Dipole moment         0.00000000     0.00000000     0.00000000
 Dipole moment /Debye                   0.00000000     0.00000000     0.00000000

 Results for state 2.4
 =====================

 !MCSCF STATE 2.4 Energy             -149.585547964108
 Nuclear energy                         7.12996663
 Kinetic energy                       149.58801956
 One electron energy                 -220.56075088
 Two electron energy                   63.84523628
 Virial ratio                           1.99998348

 !MCSCF STATE 2.4 Dipole moment         0.00000000     0.00000000     0.00000000
 Dipole moment /Debye                   0.00000000     0.00000000     0.00000000

 Results for state 3.4
 =====================

 !MCSCF STATE 3.4 Energy             -149.585526147174
 Nuclear energy                         7.12996663
 Kinetic energy                       149.58812418
 One electron energy                 -220.56085503
 Two electron energy                   63.84536225
 Virial ratio                           1.99998263

 !MCSCF STATE 3.4 Dipole moment         0.00000000     0.00000000     0.00000000
 Dipole moment /Debye                   0.00000000     0.00000000     0.00000000

 State-averaged charge density matrix saved on record  2140.2 (density set 1)

 !MCSCF expec        <1.4|QMXX|1.4>    -0.495609634496
 !MCSCF trans        <2.4|QMXX|1.4>    -0.000093631005
 !MCSCF expec        <2.4|QMXX|2.4>    -0.501304639695
 !MCSCF trans        <3.4|QMXX|1.4>    -0.000000441982
 !MCSCF trans        <3.4|QMXX|2.4>    -0.036344569921
 !MCSCF expec        <3.4|QMXX|3.4>    -0.501521204185

 !MCSCF expec        <1.4|QMYY|1.4>    -0.495609634496
 !MCSCF trans        <2.4|QMYY|1.4>    -0.000093631005
 !MCSCF expec        <2.4|QMYY|2.4>    -0.501304639540
 !MCSCF trans        <3.4|QMYY|1.4>     0.000000441982
 !MCSCF trans        <3.4|QMYY|2.4>     0.036344569920
 !MCSCF expec        <3.4|QMYY|3.4>    -0.501521204341

 !MCSCF expec        <1.4|QMZZ|1.4>     0.991219268991
 !MCSCF trans        <2.4|QMZZ|1.4>     0.000187262009
 !MCSCF expec        <2.4|QMZZ|2.4>     1.002609279235
 !MCSCF expec        <3.4|QMZZ|3.4>     1.003042408526

 !MCSCF expec        <1.4|QMRR|1.4>   -22.744253673038
 !MCSCF trans        <2.4|QMRR|1.4>     0.000168908098
 !MCSCF expec        <2.4|QMRR|2.4>   -22.804657352188
 !MCSCF expec        <3.4|QMRR|3.4>   -22.804095392513


 EXTRA SYMMETRY OF MOS IN SYMMETRY 6:   1 1 1 1 2 1 1 1 1 2   1 2 1 1 1 2 3 1 2 1   2 1 1 1 2 3 1 2 1 2   1
 EXTRA SYMMETRY OF MOS IN SYMMETRY 7:   1 1 1 1 2 1 1 1 1 2   1 2 1 1 1 2 3 1 2 1   2 1 1 1 2 3 1 2 1 2   1

 Natural orbital dump (state averaged) at molpro section  2140.2    (Orbital set 2)


 CI vector
 =========

 2 20 20 220 a0 a0        0.3513322   0.3525161  -0.0000000
 2 a0 a0 220 20 20       -0.3509484  -0.3503429   0.0000000
 b a0 20 22a 20 a0        0.0000337   0.0008648  -0.3506517
 b 20 a0 22a a0 20       -0.0000337  -0.0008648  -0.3506517
 a 20 a0 22a b0 20       -0.3503685   0.3506160   0.3505733
 a a0 20 22a 20 b0        0.3503685  -0.3506160   0.3505733
 a 20 b0 22a a0 20        0.3504327  -0.3505807   0.3506159
 a b0 20 22a 20 a0       -0.3504327   0.3505807   0.3506159
 a 20 a0 22b a0 20       -0.0000304   0.0008294  -0.3505375
 a a0 20 22b 20 a0        0.0000304  -0.0008294  -0.3505375
 0 a0 a0 222 20 20        0.3494907   0.3503556  -0.0000000
 0 20 20 222 a0 a0       -0.3498675  -0.3491341   0.0000000

 TOTAL ENERGIES                      -149.66662195  -149.58554796  -149.58552615



 **********************************************************************************************************************************
 DATASETS  * FILE   NREC   LENGTH (MB)   RECORD NAMES
              1      20      225.78       500      610      701      900      950      970     1000      129      960     1100   
                                          VAR    BASINP    GEOM    SYMINP    ZMAT    AOBASIS   BASIS     P2S    ABASIS      S 
                                         1400     1410     1200     1210     1080     1600     1650     1300     1700     1380   
                                           T        V       H0       H01     AOSYM     SMH    MOLCAS    ERIS     OPER     JKOP   

              2       8        7.21       500      610      700     1000      520     2100     2140      701   
                                          VAR    BASINP    GEOM     BASIS   MCVARS     RHF     MCSCF    GEOM   

 PROGRAMS   *        TOTAL     MULTI       INT        CI     MULTI       INT        CI     MULTI       INT        CI     MULTI
 CPU TIMES  *     73226.27      8.31     13.57   6655.71      8.44     14.18   6640.85      8.43     14.62   6611.55      8.52
 REAL TIME  *     73992.49 SEC
 DISK USED  *         3.86 GB      
 **********************************************************************************************************************************


 PROGRAM * CI (Multireference internally contracted CI)     Authors: H.-J. Werner, P.J. Knowles, 1987


 Convergence thresholds:  THRVAR = 1.00D-08  THRDEN = 1.00D-06

 Number of optimized states:  2  Roots:   1   2
 Number of reference states:  2  Roots:   1   2

 Program parameters:       NSTATE=  2    NSTATI=  3    NSTATR=  2    NCEPA = -1    NOKOP =  0    ITRDM =  0    ITRANS=  0
                           IDIP  =200    MAXIT =250    MAXITI=250    MAXDAV=  6    MAXVI =  9    NOSING=  0    NOPAIR=  0
                           MXSHRF=  8    IKCPS =  0    IOPTGM=  2    IOPTOR=  0    REFOPT=  1    IAVDEN=  0    IDELCG=  1
                           IREST =  0    NATORB=  0    IPUNRF=  0    ISEP  =  0    OLDDEN=  0    NSTPRI=  1    GPSFLI= -1
                           CLUSTE=  0    CLOSED=  1    ILSTYP=  0    ITRLS =  0    ICCSD =  0    LOCAL =  0    IBASO =  0
                           MP    =  0    ITEDIS=  2    INCDIS=  1    MAXDIS=  6    ITYDIS=  1    BRUECK=  0    IBRSTR=  3
                           INCBRK=  1    TRIPLE=  0    ICCTYP=  1    IHPPD =  0    ICCNEW=  0    I3EXT = -1    IDEB  =  0
                           IDLEIG=  1    IDFTYP=  1    IMP3  =  0    IPROCS=  0    NOINT =  0    NOREF =  1    IMP2G =  0
                           IHINT =  0    IFDIA =  0    ISPARO=  1    JKSYM =  0    CPHF  =  0    MP2D  = -1    DKINT =  0
                           NPKEX =  1    DRVK  =  1    HLSTRA=  1    WIGNER=  1    DIIS_C=  1    MAXIT_= 50    MATEL =  0
                           SPDEG =  1    MEMCPH=  0    DISM  =  1    KDCPMA=  5    IKDCP_=  0    IREDTH=  0    USECS =  0
                           IPROCC=  0    I3SAVE=  1    IKDCP =  1    USECI =  0    OLDPAI=  0    IPROCI=  0    KEEPCL=  1
                           DISCON=  0    SHIFTE=  0    DIISIN=  0    MOLCAS=  0    MEM_PT=  0    RECORD=  0    RS2C  =  0
                           KEXT  = -1    CIPT2 =  0    DECP0S=  0    I4EXT = -1    NATCOR=  0    RIMP2 =  0    DDCI  = -1

 Reference symmetry:                   4   Triplet 
 Number of electrons:                 16
 Maximum number of shells:             6
 Maximum number of spin couplings:   297

 Reference space:     9136 conf    47808 CSFs
 N elec internal:    72865 conf   382239 CSFs
 N-1 el internal:    69576 conf   622908 CSFs
 N-2 el internal:    57950 conf   876478 CSFs

 Number of electrons in valence space:                     12
 Maximum number of open shell orbitals in reference space: 10
 Maximum number of open shell orbitals in internal spaces: 12


 Number of core orbitals:           2 (   2   0   0   0   0   0   0   0 )
 Number of active  orbitals:       12 (   1   2   2   0   3   2   2   0 )
 Number of external orbitals:     240 (  43  29  29  19  43  29  29  19 )

 Molecular orbitals read from record     2140.2  Type=MCSCF/NATURAL (state averaged)

 Coulomb and exchange operators available. No transformation done.

 Number of p-space configurations:  12

 Reference wavefunction optimized for reference space (refopt=1)

 State     Reference Energy 
   1        -149.66662195
   2        -149.58554796
   3        -149.58552615

 Number of blocks in overlap matrix:    16   Smallest eigenvalue:  0.11D-05
 Number of N-2 electron functions:     288
 Number of N-1 electron functions:  622908

 Number of internal configurations:                47808
 Number of singly external configurations:      18686980
 Number of doubly external configurations:       1049024
 Total number of contracted configurations:     19783812
 Total number of uncontracted configurations: 3169518620

 Diagonal Coupling coefficients finished.               Storage:31984173 words, CPU-Time:     65.16 seconds.
 Energy denominators for pairs finished in 1 passes.    Storage: 2273367 words, CPU-time:      0.02 seconds.

  ITER. STATE  ROOT     SQ.NORM     CORR.ENERGY   TOTAL ENERGY   ENERGY CHANGE       DEN1      VAR(S)    VAR(P)      TIME
    1     1     1     1.00000000     0.00000000  -149.66662195    -0.00000000    -0.21226625  0.16D-01  0.14D-01   116.99
    1     2     2     1.00000000     0.00000000  -149.58554796    -0.00000000    -0.22209480  0.18D-01  0.15D-01   116.99
    2     1     1     1.03202620    -0.21749212  -149.88411406    -0.21749212    -0.01000744  0.41D-03  0.64D-03   703.47
    2     2     2     1.03377024    -0.22605934  -149.81160731    -0.22605934    -0.01011775  0.42D-03  0.66D-03   703.47
    3     1     1     1.03772845    -0.22873832  -149.89536027    -0.01124620    -0.00089018  0.78D-04  0.59D-04  1289.97
    3     2     2     1.03968555    -0.23741800  -149.82296596    -0.01135866    -0.00090564  0.84D-04  0.59D-04  1289.97
    4     1     1     1.04052103    -0.22983559  -149.89645754    -0.00109727    -0.00010716  0.96D-05  0.91D-05  1875.99
    4     2     2     1.04259193    -0.23850903  -149.82405699    -0.00109103    -0.00010661  0.11D-04  0.93D-05  1875.99
    5     1     1     1.04085591    -0.22994423  -149.89656617    -0.00010864    -0.00002552  0.32D-05  0.21D-05  2461.32
    5     2     2     1.04296674    -0.23861280  -149.82416077    -0.00010378    -0.00002688  0.49D-05  0.21D-05  2461.32
    6     1     1     1.04089425    -0.22996699  -149.89658893    -0.00002276    -0.00000545  0.87D-06  0.30D-06  3046.28
    6     2     2     1.04301975    -0.23863352  -149.82418148    -0.00002072    -0.00000708  0.19D-05  0.31D-06  3046.28
    7     1     1     1.04094618    -0.22997189  -149.89659384    -0.00000490    -0.00000177  0.36D-06  0.12D-06  3630.94
    7     2     2     1.04306175    -0.23863839  -149.82418635    -0.00000487    -0.00000211  0.44D-06  0.18D-06  3630.94
    8     1     1     1.04097750    -0.22997320  -149.89659514    -0.00000131    -0.00000056  0.12D-06  0.38D-07  4216.14
    8     2     2     1.04310230    -0.23864005  -149.82418801    -0.00000166    -0.00000061  0.11D-06  0.50D-07  4216.14
    9     1     1     1.04099268    -0.22997368  -149.89659562    -0.00000048    -0.00000021  0.41D-07  0.13D-07  4801.87
    9     2     2     1.04312143    -0.23864054  -149.82418851    -0.00000050    -0.00000028  0.81D-07  0.14D-07  4801.87
   10     1     1     1.04099965    -0.22997384  -149.89659579    -0.00000017    -0.00000009  0.18D-07  0.49D-08  5385.96
   10     2     2     1.04313026    -0.23864072  -149.82418869    -0.00000018    -0.00000011  0.30D-07  0.72D-08  5385.96
   11     1     1     1.04100438    -0.22997391  -149.89659586    -0.00000007    -0.00000004  0.11D-07  0.20D-08  5969.78
   11     2     2     1.04313584    -0.23864080  -149.82418876    -0.00000007    -0.00000004  0.11D-07  0.28D-08  5969.78
   12     1     1     1.04100749    -0.22997394  -149.89659589    -0.00000003    -0.00000002  0.52D-08  0.86D-09  6553.57
   12     2     2     1.04313974    -0.23864083  -149.82418880    -0.00000003    -0.00000002  0.67D-08  0.11D-08  6553.57


 =====================================
 Analysis of CPU times by interactions
 =====================================

       I      S      P

 I   1.0%
 S   0.6%  19.5%
 P   2.1%  67.3%   7.8%

 Initialization:   1.1%
 Other:            0.6%

 Total CPU:     6553.6 seconds
 =====================================



 Reference coefficients greater than 0.0500000
 =============================================
 //02022/20\0           0.3964074   0.3967374
 /20/022/\020          -0.3964071  -0.3967360
 22020220/0/0           0.3445576  -0.3456543
 2/0/02202020          -0.3440254   0.3432097
 02020222/0/0          -0.3429260   0.3418562
 0/0/02222020           0.3423779  -0.3429188
 /20\022//020           0.2428541   0.2422524
 /\02022/20/0          -0.2428541  -0.2422510
 /20/022\/020          -0.1402202  -0.1412950
 //02022\20/0           0.1402203   0.1412944

 Coefficients of fixed reference functions:
 ==========================================

 State      Coefficients
   1         0.979803   -0.000160
   2         0.000179    0.978870

 Coefficients of rotated reference functions:
 ============================================

 State      Coefficients
   1         0.979803    0.000010
   2         0.000010    0.978870



 RESULTS FOR STATE 1.4
 =====================

 Coefficient of reference function:   C(0) = 0.97980277 (fixed)   0.98010606 (relaxed)   0.97980278 (rotated)

 Energy contributions of configuration classes

 CLASS          SQ.NORM        ECORR1        ECORR2
 +++++++++++++++++++++++++++++++++++++++++++++++++++
 Internals    0.00061917    0.00000000   -0.00013713
 Singles      0.02250490   -0.08775401   -0.08921480
 Pairs        0.01852799   -0.14221949   -0.14062201
 Total        1.04165206   -0.22997349   -0.22997394
 +++++++++++++++++++++++++++++++++++++++++++++++++++


 Reference energy                    -149.66662195
 Nuclear energy                         7.12996663
 Kinetic energy                       149.95427436
 One electron energy                 -220.55206430
 Two electron energy                   63.52550178
 Virial quotient                       -0.99961536
 Correlation energy                    -0.22997394
 !MRCI STATE 1.4 Energy              -149.896595886558

 Properties without orbital relaxation:

 !MRCI STATE 1.4 Dipole moment          0.00000000     0.00000000     0.00000000
 Dipole moment /Debye                   0.00000000     0.00000000     0.00000000

 Cluster corrected energies          -149.90617477 (Davidson, fixed reference)
 Cluster corrected energies          -149.90602654 (Davidson, relaxed reference)
 Cluster corrected energies          -149.90617477 (Davidson, rotated reference)

 Cluster corrected energies          -149.90445312 (Pople, fixed reference)
 Cluster corrected energies          -149.90432854 (Pople, relaxed reference)
 Cluster corrected energies          -149.90445312 (Pople, rotated reference)


 Cluster corrections using rotated reference energy:

 Reference energy (rotated)          -149.66662194
 MRCI Correlation energy               -0.22997394

 Cluster corrected energies          -149.90602654 (Davidson, relaxed reference)
 Cluster corrected energies          -149.90617477 (Davidson, rotated reference)

 Cluster corrected energies          -149.90432854 (Pople, relaxed reference)
 Cluster corrected energies          -149.90445312 (Pople, rotated reference)

 

 !MRCI expec         <1.4|QMXX|1.4>    -0.483035496287
 !MRCI expec         <1.4|QMYY|1.4>    -0.483021345132
 !MRCI expec         <1.4|QMZZ|1.4>     0.966056841418
 !MRCI expec         <1.4|QMRR|1.4>   -22.650072022518



 RESULTS FOR STATE 2.4
 =====================

 Coefficient of reference function:   C(0) = 0.97886984 (fixed)   0.97910384 (relaxed)   0.97886985 (rotated)

 Energy contributions of configuration classes

 CLASS          SQ.NORM        ECORR1        ECORR2
 +++++++++++++++++++++++++++++++++++++++++++++++++++
 Internals    0.00047816   -0.00000002   -0.00010951
 Singles      0.02424629   -0.09296317   -0.09462138
 Pairs        0.01891408   -0.14567748   -0.14390993
 Total        1.04363854   -0.23864067   -0.23864083
 +++++++++++++++++++++++++++++++++++++++++++++++++++


 Reference energy                    -149.58554796
 Nuclear energy                         7.12996663
 Kinetic energy                       149.86885477
 One electron energy                 -220.44633857
 Two electron energy                   63.49218315
 Virial quotient                       -0.99970197
 Correlation energy                    -0.23864083
 !MRCI STATE 2.4 Energy              -149.824188795655

 Properties without orbital relaxation:

 !MRCI STATE 2.4 Dipole moment          0.00000000     0.00000000     0.00000000
 Dipole moment /Debye                   0.00000000     0.00000000     0.00000000

 Cluster corrected energies          -149.83460273 (Davidson, fixed reference)
 Cluster corrected energies          -149.83448370 (Davidson, relaxed reference)
 Cluster corrected energies          -149.83460272 (Davidson, rotated reference)

 Cluster corrected energies          -149.83274120 (Pople, fixed reference)
 Cluster corrected energies          -149.83264091 (Pople, relaxed reference)
 Cluster corrected energies          -149.83274119 (Pople, rotated reference)


 Cluster corrections using rotated reference energy:

 Reference energy (rotated)          -149.58554797
 MRCI Correlation energy               -0.23864083

 Cluster corrected energies          -149.83448370 (Davidson, relaxed reference)
 Cluster corrected energies          -149.83460272 (Davidson, rotated reference)

 Cluster corrected energies          -149.83264091 (Pople, relaxed reference)
 Cluster corrected energies          -149.83274119 (Pople, rotated reference)

 

 !MRCI expec         <2.4|QMXX|2.4>    -0.467860549371
 !MRCI expec         <2.4|QMYY|2.4>    -0.467850630111
 !MRCI expec         <2.4|QMZZ|2.4>     0.935711179482
 !MRCI expec         <2.4|QMRR|2.4>   -22.799001618894

 !MRCI trans         <2.4|QMXX|1.4>    -0.001113637251
 !MRCI trans         <2.4|QMYY|1.4>    -0.001119032570
 !MRCI trans         <2.4|QMZZ|1.4>     0.002232669821
 !MRCI trans         <2.4|QMRR|1.4>    -0.000885314965


 **********************************************************************************************************************************
 DATASETS  * FILE   NREC   LENGTH (MB)   RECORD NAMES
              1      20      225.78       500      610      701      900      950      970     1000      129      960     1100   
                                          VAR    BASINP    GEOM    SYMINP    ZMAT    AOBASIS   BASIS     P2S    ABASIS      S 
                                         1400     1410     1200     1210     1080     1600     1650     1300     1700     1380   
                                           T        V       H0       H01     AOSYM     SMH    MOLCAS    ERIS     OPER     JKOP   

              2       8        7.21       500      610      700     1000      520     2100     2140      701   
                                          VAR    BASINP    GEOM     BASIS   MCVARS     RHF     MCSCF    GEOM   

 PROGRAMS   *        TOTAL        CI     MULTI       INT        CI     MULTI       INT        CI     MULTI       INT        CI
 CPU TIMES  *     79862.28   6636.01      8.31     13.57   6655.71      8.44     14.18   6640.85      8.43     14.62   6611.55
 REAL TIME  *     80683.91 SEC
 DISK USED  *         3.86 GB      
 **********************************************************************************************************************************
 SETTING E1(12)         =      -149.89659589  AU                              
 SETTING E2(12)         =      -149.82418880  AU                              

 DO I                   =        13.00000000   


 Using spherical harmonics

 Library entry O      S aug-cc-pV5Z          selected for orbital group  1
 Library entry O      P aug-cc-pV5Z          selected for orbital group  1
 Library entry O      D aug-cc-pV5Z          selected for orbital group  1
 Library entry O      F aug-cc-pV5Z          selected for orbital group  1
 Library entry O      G aug-cc-pV5Z          selected for orbital group  1
 Library entry O      H aug-cc-pV5Z          selected for orbital group  1


 PROGRAM * SEWARD (Integral evaluation for generally contracted gaussian basis sets)     Author: Roland Lindh, 1990

 Geometry written to block  1 of record 701

 Orientation using atomic masses  
 Molecule type: Linear
 Symmetry elements: X,Y,Z
 Rotational constants:       2.6311847      2.6311847      0.0000000 GHz  (calculated with average atomic masses)

 Point group  D2h 



 ATOMIC COORDINATES

 NR  ATOM    CHARGE       X              Y              Z

   1  O       8.00    0.000000000    0.000000000   -4.629829005
   2  O       8.00    0.000000000    0.000000000    4.629829005

 NUCLEAR CHARGE:                   16
 NUMBER OF PRIMITIVE AOS:         398
 NUMBER OF SYMMETRY AOS:          288
 NUMBER OF CONTRACTIONS:          254   (  46Ag  +  31B3u +  31B2u +  19B1g +  46B1u +  31B2g +  31B3g +  19Au  )
 NUMBER OF CORE ORBITALS:           2   (   1Ag  +   0B3u +   0B2u +   0B1g +   1B1u +   0B2g +   0B3g +   0Au  )
 NUMBER OF VALENCE ORBITALS:        8   (   2Ag  +   1B3u +   1B2u +   0B1g +   2B1u +   1B2g +   1B3g +   0Au  )


 NUCLEAR REPULSION ENERGY    6.91170235

 EXTRA SYMMETRY OF AOS IN SYMMETRY 1:   1 1 1 1 1 1 1 1 1 1   1 1 1 1 2 1 2 1 2 1   2 1 2 1 2 1 2 1 2 1   2 1 3 2 1 3 2 1 3 2
                                        2 3 1 2 3 1
 EXTRA SYMMETRY OF AOS IN SYMMETRY 2:   1 1 1 1 1 1 1 1 1 1   1 1 2 1 2 1 2 1 2 1   2 1 2 1 2 1 2 3 1 2   3
 EXTRA SYMMETRY OF AOS IN SYMMETRY 3:   1 1 1 1 1 1 1 1 1 1   1 1 2 1 2 1 2 1 2 1   2 1 2 1 2 1 2 3 1 2   3
 EXTRA SYMMETRY OF AOS IN SYMMETRY 4:   1 1 1 1 1 1 1 1 1 1   2 1 2 1 2 2 1 2 1
 EXTRA SYMMETRY OF AOS IN SYMMETRY 5:   1 1 1 1 1 1 1 1 1 1   1 1 1 1 2 1 2 1 2 1   2 1 2 1 2 1 2 1 2 1   2 1 3 2 1 3 2 1 3 2
                                        2 3 1 2 3 1
 EXTRA SYMMETRY OF AOS IN SYMMETRY 6:   1 1 1 1 1 1 1 1 1 1   1 1 2 1 2 1 2 1 2 1   2 1 2 1 2 1 2 3 1 2   3
 EXTRA SYMMETRY OF AOS IN SYMMETRY 7:   1 1 1 1 1 1 1 1 1 1   1 1 2 1 2 1 2 1 2 1   2 1 2 1 2 1 2 3 1 2   3
 EXTRA SYMMETRY OF AOS IN SYMMETRY 8:   1 1 1 1 1 1 1 1 1 1   2 1 2 1 2 2 1 2 1

 Eigenvalues of metric

         1 0.238E-03 0.539E-02 0.868E-02 0.332E-01 0.548E-01 0.673E-01 0.690E-01 0.144E+00
         2 0.540E-02 0.355E-01 0.681E-01 0.144E+00 0.144E+00 0.163E+00 0.246E+00 0.257E+00
         3 0.540E-02 0.355E-01 0.681E-01 0.144E+00 0.144E+00 0.163E+00 0.246E+00 0.257E+00
         4 0.673E-01 0.144E+00 0.242E+00 0.257E+00 0.257E+00 0.410E+00 0.410E+00 0.480E+00
         5 0.237E-03 0.539E-02 0.750E-02 0.318E-01 0.434E-01 0.635E-01 0.670E-01 0.120E+00
         6 0.539E-02 0.340E-01 0.656E-01 0.142E+00 0.144E+00 0.147E+00 0.235E+00 0.257E+00
         7 0.539E-02 0.340E-01 0.656E-01 0.142E+00 0.144E+00 0.147E+00 0.235E+00 0.257E+00
         8 0.670E-01 0.144E+00 0.241E+00 0.257E+00 0.257E+00 0.410E+00 0.410E+00 0.479E+00


 Contracted 2-electron integrals neglected if value below      1.0D-11
 AO integral compression algorithm  1   Integral accuracy      1.0D-11

     314.835 MB (compressed) written to integral file ( 34.4%)


 NUMBER OF SORTED TWO-ELECTRON INTEGRALS:   66838400.     BUFFER LENGTH:  32768
 NUMBER OF SEGMENTS:   5  SEGMENT LENGTH:   15999177      RECORD LENGTH: 524288

 Memory used in sort:      16.56 MW

 SORT1 READ   114264352. AND WROTE    46583086. INTEGRALS IN    135 RECORDS. CPU TIME:     2.85 SEC, REAL TIME:     3.25 SEC
 SORT2 READ    46583086. AND WROTE    66838400. INTEGRALS IN   1201 RECORDS. CPU TIME:     1.19 SEC, REAL TIME:     1.38 SEC

 FILE SIZES:   FILE 1:   335.4 MBYTE,  FILE 4:   566.3 MBYTE,   TOTAL:    901.7 MBYTE

 OPERATOR DM      FOR CENTER  0  COORDINATES:    0.000000    0.000000    0.000000
 OPERATOR QM      FOR CENTER  0  COORDINATES:    0.000000    0.000000    0.000000


 **********************************************************************************************************************************
 DATASETS  * FILE   NREC   LENGTH (MB)   RECORD NAMES
              1      19      213.90       500      610      701      900      950      970     1000      129      960     1100   
                                          VAR    BASINP    GEOM    SYMINP    ZMAT    AOBASIS   BASIS     P2S    ABASIS      S 
                                         1400     1410     1200     1210     1080     1600     1650     1300     1700   
                                           T        V       H0       H01     AOSYM     SMH    MOLCAS    ERIS     OPER   

              2       8        7.21       500      610      700     1000      520     2100     2140      701   
                                          VAR    BASINP    GEOM     BASIS   MCVARS     RHF     MCSCF    GEOM   

 PROGRAMS   *        TOTAL       INT        CI     MULTI       INT        CI     MULTI       INT        CI     MULTI       INT
 CPU TIMES  *     79875.57     13.29   6636.01      8.31     13.57   6655.71      8.44     14.18   6640.85      8.43     14.62
 REAL TIME  *     80702.62 SEC
 DISK USED  *         3.86 GB      
 **********************************************************************************************************************************


 PROGRAM * MULTI (Direct Multiconfiguration SCF)       Authors: P.J. Knowles, H.-J. Werner (1984)     S.T. Elbert (1988)


 Number of closed-shell orbitals:   2 (   2   0   0   0   0   0   0   0 )
 Number of active  orbitals:       12 (   1   2   2   0   3   2   2   0 )
 Number of external orbitals:     240 (  43  29  29  19  43  29  29  19 )

 State symmetry 1

 Number of electrons:    12    Spin symmetry=Triplet   Space symmetry=4
 Number of states:        3
 Number of CSFs:      47808   (78400 determinants, 627264 intermediate states)

 Iteration controls:
             1  2  3  4  5  6  7  8  9 10 11 12 13 14 15 16 17 18 19 20 21 22 23 24 25 26 27 28 29 30 31 32 33 34 35 36 37 38 39
 DIAGCI      T  T  T  T  T  T  T  T  T  T  T  T  T  T  T  T  T  T  T  T  T  T  T  T  T  T  T  T  T  T  T  T  T  T  T  T  T  T  T
 WERNER      T  T  T  T  T  T  T  T  T  T  T  T  T  T  T  T  T  T  T  T  T  T  T  T  T  T  T  T  T  T  T  T  T  T  T  T  T  T  T
 INTERNAL    F  T  T  T  T  T  T  T  T  T  T  T  T  T  T  T  T  T  T  T  T  T  T  T  T  T  T  T  T  T  T  T  T  T  T  T  T  T  T

 Molecular orbitals read from record     2140.2  Type=MCSCF/NATURAL (state averaged)

 EXTRA SYMMETRY OF MOS IN SYMMETRY 1:   1 1 1 1 1 1 2 1 1 1   2 1 2 1 1 2 3 1 2 1   1 2 1 1 2 3 1 2 3 1   2 1 2 1 1 1 2 3 1 2
                                        3 1 2 1 2 1
 EXTRA SYMMETRY OF MOS IN SYMMETRY 2:   1 1 1 1 1 2 1 1 1 2   1 2 1 1 1 2 3 1 2 1   2 1 1 1 2 3 1 2 1 2   1
 EXTRA SYMMETRY OF MOS IN SYMMETRY 3:   1 1 1 1 1 2 1 1 1 2   1 2 1 1 1 2 3 1 2 1   2 1 1 1 2 3 1 2 1 2   1
 EXTRA SYMMETRY OF MOS IN SYMMETRY 4:   1 1 1 1 2 1 1 1 2 1   2 1 1 1 2 1 2 1 1
 EXTRA SYMMETRY OF MOS IN SYMMETRY 5:   1 1 1 1 1 2 1 1 1 2   1 2 1 1 1 2 3 2 1 1   2 1 1 1 2 3 1 2 3 2   1 2 1 1 1 1 2 3 1 2
                                        3 2 1 2 1 1
 EXTRA SYMMETRY OF MOS IN SYMMETRY 6:   1 1 1 1 2 1 1 1 1 2   1 2 1 1 1 2 3 1 2 1   2 1 1 1 2 3 1 2 1 2   1
 EXTRA SYMMETRY OF MOS IN SYMMETRY 7:   1 1 1 1 2 1 1 1 1 2   1 2 1 1 1 2 3 1 2 1   2 1 1 1 2 3 1 2 1 2   1
 EXTRA SYMMETRY OF MOS IN SYMMETRY 8:   1 1 1 1 2 1 1 1 2 1   2 1 1 1 2 1 2 1 1

 Wavefunction dump at record             2140.2

 Convergence thresholds  0.10E-01 (gradient)  0.10E-05 (energy)  0.10E-02 (step length)

 Weight factors for state symmetry  1:    0.33333   0.33333   0.33333

 Number of orbital rotations:      492   (     2 Core/Active     86 Core/Virtual   0 Active/Active    404 Active/Virtual)
 Total number of variables:     235692


 ITER. MIC  NCI  NEG     ENERGY(VAR)     ENERGY(PROJ)   ENERGY CHANGE     GRAD(0)  GRAD(ORB)   GRAD(CI)     STEP       TIME

   1   20   24    0    -149.61256583    -149.61256588   -0.00000005    0.00036731 0.00000010 0.00000119  0.24D-03      4.56

 ** WVFN ****  CONVERGENCE REACHED, FINAL GRADIENT:  0.14D-06



 Results for state 1.4
 =====================

 !MCSCF STATE 1.4 Energy             -149.666621459978
 Nuclear energy                         6.91170235
 Kinetic energy                       149.66044681
 One electron energy                 -220.18165566
 Two electron energy                   63.60333186
 Virial ratio                           2.00004126

 !MCSCF STATE 1.4 Dipole moment         0.00000000     0.00000000     0.00000000
 Dipole moment /Debye                   0.00000000     0.00000000     0.00000000

 Results for state 2.4
 =====================

 !MCSCF STATE 2.4 Energy             -149.585547242722
 Nuclear energy                         6.91170235
 Kinetic energy                       149.58802059
 One electron energy                 -220.12514941
 Two electron energy                   63.62789982
 Virial ratio                           1.99998347

 !MCSCF STATE 2.4 Dipole moment         0.00000000     0.00000000     0.00000000
 Dipole moment /Debye                   0.00000000     0.00000000     0.00000000

 Results for state 3.4
 =====================

 !MCSCF STATE 3.4 Energy             -149.585528938769
 Nuclear energy                         6.91170235
 Kinetic energy                       149.58810618
 One electron energy                 -220.12523329
 Two electron energy                   63.62800200
 Virial ratio                           1.99998277

 !MCSCF STATE 3.4 Dipole moment         0.00000000     0.00000000     0.00000000
 Dipole moment /Debye                   0.00000000     0.00000000     0.00000000

 State-averaged charge density matrix saved on record  2140.2 (density set 1)

 !MCSCF expec        <1.4|QMXX|1.4>    -0.494837133285
 !MCSCF trans        <2.4|QMXX|1.4>    -0.000068834998
 !MCSCF expec        <2.4|QMXX|2.4>    -0.500614434784
 !MCSCF trans        <3.4|QMXX|1.4>    -0.000000071713
 !MCSCF trans        <3.4|QMXX|2.4>    -0.036346927007
 !MCSCF expec        <3.4|QMXX|3.4>    -0.500782912150

 !MCSCF expec        <1.4|QMYY|1.4>    -0.494837133285
 !MCSCF trans        <2.4|QMYY|1.4>    -0.000068834998
 !MCSCF expec        <2.4|QMYY|2.4>    -0.500614434642
 !MCSCF trans        <3.4|QMYY|1.4>     0.000000071714
 !MCSCF trans        <3.4|QMYY|2.4>     0.036346927007
 !MCSCF expec        <3.4|QMYY|3.4>    -0.500782912292

 !MCSCF expec        <1.4|QMZZ|1.4>     0.989674266571
 !MCSCF trans        <2.4|QMZZ|1.4>     0.000137669996
 !MCSCF expec        <2.4|QMZZ|2.4>     1.001228869426
 !MCSCF expec        <3.4|QMZZ|3.4>     1.001565824443

 !MCSCF expec        <1.4|QMRR|1.4>   -22.746030292632
 !MCSCF trans        <2.4|QMRR|1.4>     0.000127125660
 !MCSCF expec        <2.4|QMRR|2.4>   -22.806275184100
 !MCSCF expec        <3.4|QMRR|3.4>   -22.805833477577


 EXTRA SYMMETRY OF MOS IN SYMMETRY 5:   1 1 1 1 1 2 1 1 1 2   1 2 1 1 1 2 3 2 1 1   2 1 1 1 2 3 1 2 3 2   1 2 1 1 1 1 2 3 1 2
                                        3 1 2 2 1 1

 Natural orbital dump (state averaged) at molpro section  2140.2    (Orbital set 2)


 CI vector
 =========

 2 20 20 220 a0 a0        0.3511014   0.3521259   0.0000000
 2 a0 a0 220 20 20       -0.3508165  -0.3503237  -0.0000000
 b 20 a0 22a a0 20       -0.0000252  -0.0007361  -0.3506382
 b a0 20 22a 20 a0        0.0000252   0.0007361  -0.3506382
 a b0 20 22a 20 a0       -0.3504269   0.3505839   0.3506111
 a 20 b0 22a a0 20        0.3504269  -0.3505839   0.3506111
 a a0 20 22a 20 b0        0.3503785  -0.3506095   0.3505783
 a 20 a0 22a b0 20       -0.3503785   0.3506095   0.3505783
 a a0 20 22b 20 a0        0.0000232  -0.0007105  -0.3505512
 a 20 a0 22b a0 20       -0.0000232   0.0007105  -0.3505512
 0 a0 a0 222 20 20        0.3497168   0.3505034   0.0000000
 0 20 20 222 a0 a0       -0.3499977  -0.3494074  -0.0000000

 TOTAL ENERGIES                      -149.66662146  -149.58554724  -149.58552894



 **********************************************************************************************************************************
 DATASETS  * FILE   NREC   LENGTH (MB)   RECORD NAMES
              1      20      224.47       500      610      701      900      950      970     1000      129      960     1100   
                                          VAR    BASINP    GEOM    SYMINP    ZMAT    AOBASIS   BASIS     P2S    ABASIS      S 
                                         1400     1410     1200     1210     1080     1600     1650     1300     1700     1380   
                                           T        V       H0       H01     AOSYM     SMH    MOLCAS    ERIS     OPER     JKOP   

              2       8        7.21       500      610      700     1000      520     2100     2140      701   
                                          VAR    BASINP    GEOM     BASIS   MCVARS     RHF     MCSCF    GEOM   

 PROGRAMS   *        TOTAL     MULTI       INT        CI     MULTI       INT        CI     MULTI       INT        CI     MULTI
 CPU TIMES  *     79883.65      8.06     13.29   6636.01      8.31     13.57   6655.71      8.44     14.18   6640.85      8.43
 REAL TIME  *     80711.44 SEC
 DISK USED  *         3.86 GB      
 **********************************************************************************************************************************


 PROGRAM * CI (Multireference internally contracted CI)     Authors: H.-J. Werner, P.J. Knowles, 1987


 Convergence thresholds:  THRVAR = 1.00D-08  THRDEN = 1.00D-06

 Number of optimized states:  2  Roots:   1   2
 Number of reference states:  2  Roots:   1   2

 Program parameters:       NSTATE=  2    NSTATI=  3    NSTATR=  2    NCEPA = -1    NOKOP =  0    ITRDM =  0    ITRANS=  0
                           IDIP  =200    MAXIT =250    MAXITI=250    MAXDAV=  6    MAXVI =  9    NOSING=  0    NOPAIR=  0
                           MXSHRF=  8    IKCPS =  0    IOPTGM=  2    IOPTOR=  0    REFOPT=  1    IAVDEN=  0    IDELCG=  1
                           IREST =  0    NATORB=  0    IPUNRF=  0    ISEP  =  0    OLDDEN=  0    NSTPRI=  1    GPSFLI= -1
                           CLUSTE=  0    CLOSED=  1    ILSTYP=  0    ITRLS =  0    ICCSD =  0    LOCAL =  0    IBASO =  0
                           MP    =  0    ITEDIS=  2    INCDIS=  1    MAXDIS=  6    ITYDIS=  1    BRUECK=  0    IBRSTR=  3
                           INCBRK=  1    TRIPLE=  0    ICCTYP=  1    IHPPD =  0    ICCNEW=  0    I3EXT = -1    IDEB  =  0
                           IDLEIG=  1    IDFTYP=  1    IMP3  =  0    IPROCS=  0    NOINT =  0    NOREF =  1    IMP2G =  0
                           IHINT =  0    IFDIA =  0    ISPARO=  1    JKSYM =  0    CPHF  =  0    MP2D  = -1    DKINT =  0
                           NPKEX =  1    DRVK  =  1    HLSTRA=  1    WIGNER=  1    DIIS_C=  1    MAXIT_= 50    MATEL =  0
                           SPDEG =  1    MEMCPH=  0    DISM  =  1    KDCPMA=  5    IKDCP_=  0    IREDTH=  0    USECS =  0
                           IPROCC=  0    I3SAVE=  1    IKDCP =  1    USECI =  0    OLDPAI=  0    IPROCI=  0    KEEPCL=  1
                           DISCON=  0    SHIFTE=  0    DIISIN=  0    MOLCAS=  0    MEM_PT=  0    RECORD=  0    RS2C  =  0
                           KEXT  = -1    CIPT2 =  0    DECP0S=  0    I4EXT = -1    NATCOR=  0    RIMP2 =  0    DDCI  = -1

 Reference symmetry:                   4   Triplet 
 Number of electrons:                 16
 Maximum number of shells:             6
 Maximum number of spin couplings:   297

 Reference space:     9136 conf    47808 CSFs
 N elec internal:    72865 conf   382239 CSFs
 N-1 el internal:    69576 conf   622908 CSFs
 N-2 el internal:    57950 conf   876478 CSFs

 Number of electrons in valence space:                     12
 Maximum number of open shell orbitals in reference space: 10
 Maximum number of open shell orbitals in internal spaces: 12


 Number of core orbitals:           2 (   2   0   0   0   0   0   0   0 )
 Number of active  orbitals:       12 (   1   2   2   0   3   2   2   0 )
 Number of external orbitals:     240 (  43  29  29  19  43  29  29  19 )

 Molecular orbitals read from record     2140.2  Type=MCSCF/NATURAL (state averaged)

 Coulomb and exchange operators available. No transformation done.

 Number of p-space configurations:  12

 Reference wavefunction optimized for reference space (refopt=1)

 State     Reference Energy 
   1        -149.66662146
   2        -149.58554724
   3        -149.58552894

 Number of blocks in overlap matrix:    16   Smallest eigenvalue:  0.79D-06
 Number of N-2 electron functions:     288
 Number of N-1 electron functions:  622908

 Number of internal configurations:                47808
 Number of singly external configurations:      18686980
 Number of doubly external configurations:       1049024
 Total number of contracted configurations:     19783812
 Total number of uncontracted configurations: 3169518620

 Diagonal Coupling coefficients finished.               Storage:31984173 words, CPU-Time:     65.02 seconds.
 Energy denominators for pairs finished in 1 passes.    Storage: 2273367 words, CPU-time:      0.02 seconds.

  ITER. STATE  ROOT     SQ.NORM     CORR.ENERGY   TOTAL ENERGY   ENERGY CHANGE       DEN1      VAR(S)    VAR(P)      TIME
    1     1     1     1.00000000     0.00000000  -149.66662146    -0.00000000    -0.21213645  0.16D-01  0.14D-01   115.94
    1     2     2     1.00000000     0.00000000  -149.58554724    -0.00000000    -0.22195606  0.18D-01  0.15D-01   115.94
    2     1     1     1.03199615    -0.21744116  -149.88406262    -0.21744116    -0.01001372  0.41D-03  0.64D-03   702.79
    2     2     2     1.03373842    -0.22600752  -149.81155477    -0.22600752    -0.01012353  0.42D-03  0.66D-03   702.79
    3     1     1     1.03770802    -0.22869723  -149.89531869    -0.01125606    -0.00089181  0.79D-04  0.59D-04  1288.91
    3     2     2     1.03966428    -0.23737599  -149.82292323    -0.01136846    -0.00090732  0.84D-04  0.59D-04  1288.91
    4     1     1     1.04050127    -0.22979658  -149.89641804    -0.00109935    -0.00010763  0.97D-05  0.91D-05  1874.42
    4     2     2     1.04257139    -0.23846909  -149.82401633    -0.00109310    -0.00010703  0.11D-04  0.93D-05  1874.42
    5     1     1     1.04083624    -0.22990554  -149.89652700    -0.00010896    -0.00002572  0.32D-05  0.21D-05  2459.77
    5     2     2     1.04294622    -0.23857315  -149.82412039    -0.00010406    -0.00002710  0.49D-05  0.21D-05  2459.77
    6     1     1     1.04087483    -0.22992845  -149.89654991    -0.00002292    -0.00000551  0.89D-06  0.30D-06  3044.93
    6     2     2     1.04299945    -0.23859399  -149.82414123    -0.00002084    -0.00000715  0.19D-05  0.32D-06  3044.93
    7     1     1     1.04092674    -0.22993339  -149.89655485    -0.00000494    -0.00000180  0.37D-06  0.12D-06  3629.73
    7     2     2     1.04304152    -0.23859890  -149.82414614    -0.00000491    -0.00000214  0.45D-06  0.18D-06  3629.73
    8     1     1     1.04095839    -0.22993472  -149.89655618    -0.00000133    -0.00000057  0.12D-06  0.38D-07  4215.43
    8     2     2     1.04308233    -0.23860058  -149.82414782    -0.00000168    -0.00000063  0.12D-06  0.50D-07  4215.43
    9     1     1     1.04097378    -0.22993521  -149.89655667    -0.00000049    -0.00000021  0.42D-07  0.13D-07  4801.18
    9     2     2     1.04310162    -0.23860108  -149.82414832    -0.00000050    -0.00000028  0.82D-07  0.15D-07  4801.18
   10     1     1     1.04098085    -0.22993538  -149.89655684    -0.00000017    -0.00000009  0.19D-07  0.50D-08  5387.77
   10     2     2     1.04311053    -0.23860127  -149.82414851    -0.00000018    -0.00000011  0.31D-07  0.73D-08  5387.77
   11     1     1     1.04098560    -0.22993545  -149.89655691    -0.00000007    -0.00000004  0.11D-07  0.20D-08  5972.25
   11     2     2     1.04311616    -0.23860134  -149.82414858    -0.00000008    -0.00000004  0.11D-07  0.28D-08  5972.25
   12     1     1     1.04098867    -0.22993548  -149.89655694    -0.00000003    -0.00000002  0.52D-08  0.88D-09  6557.69
   12     2     2     1.04312002    -0.23860137  -149.82414861    -0.00000003    -0.00000002  0.67D-08  0.12D-08  6557.69


 =====================================
 Analysis of CPU times by interactions
 =====================================

       I      S      P

 I   1.0%
 S   0.6%  19.4%
 P   2.1%  67.4%   7.8%

 Initialization:   1.1%
 Other:            0.6%

 Total CPU:     6557.7 seconds
 =====================================



 Reference coefficients greater than 0.0500000
 =============================================
 /20/022/\020          -0.3964251  -0.3967299
 //02022/20\0           0.3964255   0.3967299
 22020220/0/0           0.3443143  -0.3452104
 2/0/02202020          -0.3438994   0.3432013
 0/0/02222020           0.3426244  -0.3430892
 02020222/0/0          -0.3430576   0.3421626
 /20\022//020           0.2428421   0.2423655
 /\02022/20/0          -0.2428420  -0.2423657
 //02022\20/0           0.1402143   0.1411276
 /20/022\/020          -0.1402142  -0.1411273

 Coefficients of fixed reference functions:
 ==========================================

 State      Coefficients
   1         0.979812   -0.000161
   2         0.000180    0.978879

 Coefficients of rotated reference functions:
 ============================================

 State      Coefficients
   1         0.979812    0.000010
   2         0.000010    0.978879



 RESULTS FOR STATE 1.4
 =====================

 Coefficient of reference function:   C(0) = 0.97981169 (fixed)   0.98011492 (relaxed)   0.97981170 (rotated)

 Energy contributions of configuration classes

 CLASS          SQ.NORM        ECORR1        ECORR2
 +++++++++++++++++++++++++++++++++++++++++++++++++++
 Internals    0.00061905   -0.00000000   -0.00013710
 Singles      0.02249024   -0.08772842   -0.08918779
 Pairs        0.01852380   -0.14220658   -0.14061059
 Total        1.04163309   -0.22993501   -0.22993548
 +++++++++++++++++++++++++++++++++++++++++++++++++++


 Reference energy                    -149.66662146
 Nuclear energy                         6.91170235
 Kinetic energy                       149.95424453
 One electron energy                 -220.11652052
 Two electron energy                   63.30826123
 Virial quotient                       -0.99961530
 Correlation energy                    -0.22993548
 !MRCI STATE 1.4 Energy              -149.896556939369

 Properties without orbital relaxation:

 !MRCI STATE 1.4 Dipole moment          0.00000000     0.00000000     0.00000000
 Dipole moment /Debye                   0.00000000     0.00000000     0.00000000

 Cluster corrected energies          -149.90612986 (Davidson, fixed reference)
 Cluster corrected energies          -149.90598169 (Davidson, relaxed reference)
 Cluster corrected energies          -149.90612986 (Davidson, rotated reference)

 Cluster corrected energies          -149.90440919 (Pople, fixed reference)
 Cluster corrected energies          -149.90428466 (Pople, relaxed reference)
 Cluster corrected energies          -149.90440919 (Pople, rotated reference)


 Cluster corrections using rotated reference energy:

 Reference energy (rotated)          -149.66662146
 MRCI Correlation energy               -0.22993548

 Cluster corrected energies          -149.90598169 (Davidson, relaxed reference)
 Cluster corrected energies          -149.90612986 (Davidson, rotated reference)

 Cluster corrected energies          -149.90428466 (Pople, relaxed reference)
 Cluster corrected energies          -149.90440919 (Pople, rotated reference)

 

 !MRCI expec         <1.4|QMXX|1.4>    -0.482205492234
 !MRCI expec         <1.4|QMYY|1.4>    -0.482190360391
 !MRCI expec         <1.4|QMZZ|1.4>     0.964395852625
 !MRCI expec         <1.4|QMRR|1.4>   -22.651797117358



 RESULTS FOR STATE 2.4
 =====================

 Coefficient of reference function:   C(0) = 0.97887913 (fixed)   0.97911310 (relaxed)   0.97887915 (rotated)

 Energy contributions of configuration classes

 CLASS          SQ.NORM        ECORR1        ECORR2
 +++++++++++++++++++++++++++++++++++++++++++++++++++
 Internals    0.00047808   -0.00000003   -0.00010947
 Singles      0.02423093   -0.09293701   -0.09459359
 Pairs        0.01890971   -0.14566418   -0.14389831
 Total        1.04361871   -0.23860122   -0.23860137
 +++++++++++++++++++++++++++++++++++++++++++++++++++


 Reference energy                    -149.58554724
 Nuclear energy                         6.91170235
 Kinetic energy                       149.86885371
 One electron energy                 -220.01079136
 Two electron energy                   63.27494040
 Virial quotient                       -0.99970171
 Correlation energy                    -0.23860137
 !MRCI STATE 2.4 Energy              -149.824148614846

 Properties without orbital relaxation:

 !MRCI STATE 2.4 Dipole moment          0.00000000     0.00000000     0.00000000
 Dipole moment /Debye                   0.00000000     0.00000000     0.00000000

 Cluster corrected energies          -149.83455610 (Davidson, fixed reference)
 Cluster corrected energies          -149.83443711 (Davidson, relaxed reference)
 Cluster corrected energies          -149.83455609 (Davidson, rotated reference)

 Cluster corrected energies          -149.83269562 (Pople, fixed reference)
 Cluster corrected energies          -149.83259537 (Pople, relaxed reference)
 Cluster corrected energies          -149.83269561 (Pople, rotated reference)


 Cluster corrections using rotated reference energy:

 Reference energy (rotated)          -149.58554725
 MRCI Correlation energy               -0.23860137

 Cluster corrected energies          -149.83443711 (Davidson, relaxed reference)
 Cluster corrected energies          -149.83455609 (Davidson, rotated reference)

 Cluster corrected energies          -149.83259537 (Pople, relaxed reference)
 Cluster corrected energies          -149.83269561 (Pople, rotated reference)

 

 !MRCI expec         <2.4|QMXX|2.4>    -0.467102975957
 !MRCI expec         <2.4|QMYY|2.4>    -0.467092345982
 !MRCI expec         <2.4|QMZZ|2.4>     0.934195321939
 !MRCI expec         <2.4|QMRR|2.4>   -22.800593031549

 !MRCI trans         <2.4|QMXX|1.4>    -0.001159347764
 !MRCI trans         <2.4|QMYY|1.4>    -0.001165100234
 !MRCI trans         <2.4|QMZZ|1.4>     0.002324447998
 !MRCI trans         <2.4|QMRR|1.4>    -0.000824358865


 **********************************************************************************************************************************
 DATASETS  * FILE   NREC   LENGTH (MB)   RECORD NAMES
              1      20      224.47       500      610      701      900      950      970     1000      129      960     1100   
                                          VAR    BASINP    GEOM    SYMINP    ZMAT    AOBASIS   BASIS     P2S    ABASIS      S 
                                         1400     1410     1200     1210     1080     1600     1650     1300     1700     1380   
                                           T        V       H0       H01     AOSYM     SMH    MOLCAS    ERIS     OPER     JKOP   

              2       8        7.21       500      610      700     1000      520     2100     2140      701   
                                          VAR    BASINP    GEOM     BASIS   MCVARS     RHF     MCSCF    GEOM   

 PROGRAMS   *        TOTAL        CI     MULTI       INT        CI     MULTI       INT        CI     MULTI       INT        CI
 CPU TIMES  *     86523.81   6640.17      8.06     13.29   6636.01      8.31     13.57   6655.71      8.44     14.18   6640.85
 REAL TIME  *     87406.87 SEC
 DISK USED  *         3.86 GB      
 **********************************************************************************************************************************
 SETTING E1(13)         =      -149.89655694  AU                              
 SETTING E2(13)         =      -149.82414861  AU                              

 DO I                   =        14.00000000   


 Using spherical harmonics

 Library entry O      S aug-cc-pV5Z          selected for orbital group  1
 Library entry O      P aug-cc-pV5Z          selected for orbital group  1
 Library entry O      D aug-cc-pV5Z          selected for orbital group  1
 Library entry O      F aug-cc-pV5Z          selected for orbital group  1
 Library entry O      G aug-cc-pV5Z          selected for orbital group  1
 Library entry O      H aug-cc-pV5Z          selected for orbital group  1


 PROGRAM * SEWARD (Integral evaluation for generally contracted gaussian basis sets)     Author: Roland Lindh, 1990

 Geometry written to block  1 of record 701

 Orientation using atomic masses  
 Molecule type: Linear
 Symmetry elements: X,Y,Z
 Rotational constants:       2.5269897      2.5269897      0.0000000 GHz  (calculated with average atomic masses)

 Point group  D2h 



 ATOMIC COORDINATES

 NR  ATOM    CHARGE       X              Y              Z

   1  O       8.00    0.000000000    0.000000000   -4.724315311
   2  O       8.00    0.000000000    0.000000000    4.724315311

 NUCLEAR CHARGE:                   16
 NUMBER OF PRIMITIVE AOS:         398
 NUMBER OF SYMMETRY AOS:          288
 NUMBER OF CONTRACTIONS:          254   (  46Ag  +  31B3u +  31B2u +  19B1g +  46B1u +  31B2g +  31B3g +  19Au  )
 NUMBER OF CORE ORBITALS:           2   (   1Ag  +   0B3u +   0B2u +   0B1g +   1B1u +   0B2g +   0B3g +   0Au  )
 NUMBER OF VALENCE ORBITALS:        8   (   2Ag  +   1B3u +   1B2u +   0B1g +   2B1u +   1B2g +   1B3g +   0Au  )


 NUCLEAR REPULSION ENERGY    6.77346830

 EXTRA SYMMETRY OF AOS IN SYMMETRY 1:   1 1 1 1 1 1 1 1 1 1   1 1 1 1 2 1 2 1 2 1   2 1 2 1 2 1 2 1 2 1   2 1 3 2 1 3 2 1 3 2
                                        2 3 1 2 3 1
 EXTRA SYMMETRY OF AOS IN SYMMETRY 2:   1 1 1 1 1 1 1 1 1 1   1 1 2 1 2 1 2 1 2 1   2 1 2 1 2 1 2 3 1 2   3
 EXTRA SYMMETRY OF AOS IN SYMMETRY 3:   1 1 1 1 1 1 1 1 1 1   1 1 2 1 2 1 2 1 2 1   2 1 2 1 2 1 2 3 1 2   3
 EXTRA SYMMETRY OF AOS IN SYMMETRY 4:   1 1 1 1 1 1 1 1 1 1   2 1 2 1 2 2 1 2 1
 EXTRA SYMMETRY OF AOS IN SYMMETRY 5:   1 1 1 1 1 1 1 1 1 1   1 1 1 1 2 1 2 1 2 1   2 1 2 1 2 1 2 1 2 1   2 1 3 2 1 3 2 1 3 2
                                        2 3 1 2 3 1
 EXTRA SYMMETRY OF AOS IN SYMMETRY 6:   1 1 1 1 1 1 1 1 1 1   1 1 2 1 2 1 2 1 2 1   2 1 2 1 2 1 2 3 1 2   3
 EXTRA SYMMETRY OF AOS IN SYMMETRY 7:   1 1 1 1 1 1 1 1 1 1   1 1 2 1 2 1 2 1 2 1   2 1 2 1 2 1 2 3 1 2   3
 EXTRA SYMMETRY OF AOS IN SYMMETRY 8:   1 1 1 1 1 1 1 1 1 1   2 1 2 1 2 2 1 2 1

 Eigenvalues of metric

         1 0.238E-03 0.539E-02 0.869E-02 0.332E-01 0.547E-01 0.673E-01 0.689E-01 0.144E+00
         2 0.540E-02 0.355E-01 0.680E-01 0.144E+00 0.144E+00 0.163E+00 0.246E+00 0.257E+00
         3 0.540E-02 0.355E-01 0.680E-01 0.144E+00 0.144E+00 0.163E+00 0.246E+00 0.257E+00
         4 0.673E-01 0.144E+00 0.242E+00 0.257E+00 0.257E+00 0.410E+00 0.410E+00 0.480E+00
         5 0.237E-03 0.539E-02 0.759E-02 0.319E-01 0.448E-01 0.637E-01 0.670E-01 0.121E+00
         6 0.539E-02 0.341E-01 0.659E-01 0.142E+00 0.144E+00 0.148E+00 0.236E+00 0.257E+00
         7 0.539E-02 0.341E-01 0.659E-01 0.142E+00 0.144E+00 0.148E+00 0.236E+00 0.257E+00
         8 0.670E-01 0.144E+00 0.241E+00 0.257E+00 0.257E+00 0.410E+00 0.410E+00 0.479E+00


 Contracted 2-electron integrals neglected if value below      1.0D-11
 AO integral compression algorithm  1   Integral accuracy      1.0D-11

     313.524 MB (compressed) written to integral file ( 34.3%)


 NUMBER OF SORTED TWO-ELECTRON INTEGRALS:   66838400.     BUFFER LENGTH:  32768
 NUMBER OF SEGMENTS:   5  SEGMENT LENGTH:   15999177      RECORD LENGTH: 524288

 Memory used in sort:      16.56 MW

 SORT1 READ   114264352. AND WROTE    46505294. INTEGRALS IN    135 RECORDS. CPU TIME:     2.86 SEC, REAL TIME:     3.26 SEC
 SORT2 READ    46505294. AND WROTE    66838400. INTEGRALS IN   1196 RECORDS. CPU TIME:     1.16 SEC, REAL TIME:     1.38 SEC

 FILE SIZES:   FILE 1:   334.1 MBYTE,  FILE 4:   566.3 MBYTE,   TOTAL:    900.4 MBYTE

 OPERATOR DM      FOR CENTER  0  COORDINATES:    0.000000    0.000000    0.000000
 OPERATOR QM      FOR CENTER  0  COORDINATES:    0.000000    0.000000    0.000000


 **********************************************************************************************************************************
 DATASETS  * FILE   NREC   LENGTH (MB)   RECORD NAMES
              1      19      213.06       500      610      701      900      950      970     1000      129      960     1100   
                                          VAR    BASINP    GEOM    SYMINP    ZMAT    AOBASIS   BASIS     P2S    ABASIS      S 
                                         1400     1410     1200     1210     1080     1600     1650     1300     1700   
                                           T        V       H0       H01     AOSYM     SMH    MOLCAS    ERIS     OPER   

              2       8        7.21       500      610      700     1000      520     2100     2140      701   
                                          VAR    BASINP    GEOM     BASIS   MCVARS     RHF     MCSCF    GEOM   

 PROGRAMS   *        TOTAL       INT        CI     MULTI       INT        CI     MULTI       INT        CI     MULTI       INT
 CPU TIMES  *     86536.80     12.98   6640.17      8.06     13.29   6636.01      8.31     13.57   6655.71      8.44     14.18
 REAL TIME  *     87425.46 SEC
 DISK USED  *         3.86 GB      
 **********************************************************************************************************************************


 PROGRAM * MULTI (Direct Multiconfiguration SCF)       Authors: P.J. Knowles, H.-J. Werner (1984)     S.T. Elbert (1988)


 Number of closed-shell orbitals:   2 (   2   0   0   0   0   0   0   0 )
 Number of active  orbitals:       12 (   1   2   2   0   3   2   2   0 )
 Number of external orbitals:     240 (  43  29  29  19  43  29  29  19 )

 State symmetry 1

 Number of electrons:    12    Spin symmetry=Triplet   Space symmetry=4
 Number of states:        3
 Number of CSFs:      47808   (78400 determinants, 627264 intermediate states)

 Iteration controls:
             1  2  3  4  5  6  7  8  9 10 11 12 13 14 15 16 17 18 19 20 21 22 23 24 25 26 27 28 29 30 31 32 33 34 35 36 37 38 39
 DIAGCI      T  T  T  T  T  T  T  T  T  T  T  T  T  T  T  T  T  T  T  T  T  T  T  T  T  T  T  T  T  T  T  T  T  T  T  T  T  T  T
 WERNER      T  T  T  T  T  T  T  T  T  T  T  T  T  T  T  T  T  T  T  T  T  T  T  T  T  T  T  T  T  T  T  T  T  T  T  T  T  T  T
 INTERNAL    F  T  T  T  T  T  T  T  T  T  T  T  T  T  T  T  T  T  T  T  T  T  T  T  T  T  T  T  T  T  T  T  T  T  T  T  T  T  T

 Molecular orbitals read from record     2140.2  Type=MCSCF/NATURAL (state averaged)

 EXTRA SYMMETRY OF MOS IN SYMMETRY 1:   1 1 1 1 1 1 2 1 1 1   2 1 2 1 1 2 3 1 2 1   1 2 1 1 2 3 1 2 3 1   2 1 2 1 1 1 2 3 1 2
                                        3 1 2 1 2 1
 EXTRA SYMMETRY OF MOS IN SYMMETRY 2:   1 1 1 1 1 2 1 1 1 2   1 2 1 1 1 2 3 1 2 1   2 1 1 1 2 3 1 2 1 2   1
 EXTRA SYMMETRY OF MOS IN SYMMETRY 3:   1 1 1 1 1 2 1 1 1 2   1 2 1 1 1 2 3 1 2 1   2 1 1 1 2 3 1 2 1 2   1
 EXTRA SYMMETRY OF MOS IN SYMMETRY 4:   1 1 1 1 2 1 1 1 2 1   2 1 1 1 2 1 2 1 1
 EXTRA SYMMETRY OF MOS IN SYMMETRY 5:   1 1 1 1 1 2 1 1 1 2   1 2 1 1 1 2 3 2 1 1   2 1 1 1 2 3 1 2 3 2   1 2 1 1 1 1 2 3 1 2
                                        3 1 2 2 1 1
 EXTRA SYMMETRY OF MOS IN SYMMETRY 6:   1 1 1 1 2 1 1 1 1 2   1 2 1 1 1 2 3 1 2 1   2 1 1 1 2 3 1 2 1 2   1
 EXTRA SYMMETRY OF MOS IN SYMMETRY 7:   1 1 1 1 2 1 1 1 1 2   1 2 1 1 1 2 3 1 2 1   2 1 1 1 2 3 1 2 1 2   1
 EXTRA SYMMETRY OF MOS IN SYMMETRY 8:   1 1 1 1 2 1 1 1 2 1   2 1 1 1 2 1 2 1 1

 Wavefunction dump at record             2140.2

 Convergence thresholds  0.10E-01 (gradient)  0.10E-05 (energy)  0.10E-02 (step length)

 Weight factors for state symmetry  1:    0.33333   0.33333   0.33333

 Number of orbital rotations:      492   (     2 Core/Active     86 Core/Virtual   0 Active/Active    404 Active/Virtual)
 Total number of variables:     235692


 ITER. MIC  NCI  NEG     ENERGY(VAR)     ENERGY(PROJ)   ENERGY CHANGE     GRAD(0)  GRAD(ORB)   GRAD(CI)     STEP       TIME

   1   20   24    0    -149.61256614    -149.61256616   -0.00000002    0.00022374 0.00000006 0.00000077  0.14D-03      4.57

 ** WVFN ****  CONVERGENCE REACHED, FINAL GRADIENT:  0.84D-07



 Results for state 1.4
 =====================

 !MCSCF STATE 1.4 Energy             -149.666621176049
 Nuclear energy                         6.77346830
 Kinetic energy                       149.66044912
 One electron energy                 -219.90573992
 Two electron energy                   63.46565045
 Virial ratio                           2.00004124

 !MCSCF STATE 1.4 Dipole moment         0.00000000     0.00000000     0.00000000
 Dipole moment /Debye                   0.00000000     0.00000000     0.00000000

 Results for state 2.4
 =====================

 !MCSCF STATE 2.4 Energy             -149.585546842127
 Nuclear energy                         6.77346830
 Kinetic energy                       149.58802081
 One electron energy                 -219.84924022
 Two electron energy                   63.49022507
 Virial ratio                           1.99998346

 !MCSCF STATE 2.4 Dipole moment         0.00000000     0.00000000     0.00000000
 Dipole moment /Debye                   0.00000000     0.00000000     0.00000000

 Results for state 3.4
 =====================

 !MCSCF STATE 3.4 Energy             -149.585530456943
 Nuclear energy                         6.77346830
 Kinetic energy                       149.58809644
 One electron energy                 -219.84931361
 Two electron energy                   63.49031486
 Virial ratio                           1.99998285

 !MCSCF STATE 3.4 Dipole moment         0.00000000     0.00000000     0.00000000
 Dipole moment /Debye                   0.00000000     0.00000000     0.00000000

 State-averaged charge density matrix saved on record  2140.2 (density set 1)

 !MCSCF expec        <1.4|QMXX|1.4>    -0.494374496690
 !MCSCF trans        <2.4|QMXX|1.4>    -0.000057094571
 !MCSCF expec        <2.4|QMXX|2.4>    -0.500196010372
 !MCSCF trans        <3.4|QMXX|1.4>     0.000000085389
 !MCSCF trans        <3.4|QMXX|2.4>    -0.036348307377
 !MCSCF expec        <3.4|QMXX|3.4>    -0.500337515465

 !MCSCF expec        <1.4|QMYY|1.4>    -0.494374496690
 !MCSCF trans        <2.4|QMYY|1.4>    -0.000057094571
 !MCSCF expec        <2.4|QMYY|2.4>    -0.500196010162
 !MCSCF trans        <3.4|QMYY|1.4>    -0.000000085389
 !MCSCF trans        <3.4|QMYY|2.4>     0.036348307377
 !MCSCF expec        <3.4|QMYY|3.4>    -0.500337515675

 !MCSCF expec        <1.4|QMZZ|1.4>     0.988748993380
 !MCSCF trans        <2.4|QMZZ|1.4>     0.000114189142
 !MCSCF expec        <2.4|QMZZ|2.4>     1.000392020534
 !MCSCF expec        <3.4|QMZZ|3.4>     1.000675031140

 !MCSCF expec        <1.4|QMRR|1.4>   -22.747097032963
 !MCSCF trans        <2.4|QMRR|1.4>     0.000106983250
 !MCSCF expec        <2.4|QMRR|2.4>   -22.807256943997
 !MCSCF expec        <3.4|QMRR|3.4>   -22.806881744711


 Natural orbital dump (state averaged) at molpro section  2140.2    (Orbital set 2)


 CI vector
 =========

 2 20 20 220 a0 a0        0.3509809   0.3519152   0.0000000
 2 a0 a0 220 20 20       -0.3507472  -0.3503193  -0.0000000
 b 20 a0 22a a0 20       -0.0000207  -0.0006625  -0.3506310
 b a0 20 22a 20 a0        0.0000207   0.0006625  -0.3506310
 a b0 20 22a 20 a0       -0.3504237   0.3505857   0.3506085
 a 20 b0 22a a0 20        0.3504237  -0.3505857   0.3506085
 a a0 20 22a 20 b0        0.3503836  -0.3506064   0.3505810
 a 20 a0 22a b0 20       -0.3503836   0.3506064   0.3505810
 0 a0 a0 222 20 20        0.3498355   0.3505740   0.0000000
 a a0 20 22b 20 a0        0.0000193  -0.0006418  -0.3505585
 a 20 a0 22b a0 20       -0.0000193   0.0006418  -0.3505585
 0 20 20 222 a0 a0       -0.3500662  -0.3495569  -0.0000000

 TOTAL ENERGIES                      -149.66662118  -149.58554684  -149.58553046



 **********************************************************************************************************************************
 DATASETS  * FILE   NREC   LENGTH (MB)   RECORD NAMES
              1      20      223.64       500      610      701      900      950      970     1000      129      960     1100   
                                          VAR    BASINP    GEOM    SYMINP    ZMAT    AOBASIS   BASIS     P2S    ABASIS      S 
                                         1400     1410     1200     1210     1080     1600     1650     1300     1700     1380   
                                           T        V       H0       H01     AOSYM     SMH    MOLCAS    ERIS     OPER     JKOP   

              2       8        7.21       500      610      700     1000      520     2100     2140      701   
                                          VAR    BASINP    GEOM     BASIS   MCVARS     RHF     MCSCF    GEOM   

 PROGRAMS   *        TOTAL     MULTI       INT        CI     MULTI       INT        CI     MULTI       INT        CI     MULTI
 CPU TIMES  *     86544.88      8.08     12.98   6640.17      8.06     13.29   6636.01      8.31     13.57   6655.71      8.44
 REAL TIME  *     87434.37 SEC
 DISK USED  *         3.86 GB      
 **********************************************************************************************************************************


 PROGRAM * CI (Multireference internally contracted CI)     Authors: H.-J. Werner, P.J. Knowles, 1987


 Convergence thresholds:  THRVAR = 1.00D-08  THRDEN = 1.00D-06

 Number of optimized states:  2  Roots:   1   2
 Number of reference states:  2  Roots:   1   2

 Program parameters:       NSTATE=  2    NSTATI=  3    NSTATR=  2    NCEPA = -1    NOKOP =  0    ITRDM =  0    ITRANS=  0
                           IDIP  =200    MAXIT =250    MAXITI=250    MAXDAV=  6    MAXVI =  9    NOSING=  0    NOPAIR=  0
                           MXSHRF=  8    IKCPS =  0    IOPTGM=  2    IOPTOR=  0    REFOPT=  1    IAVDEN=  0    IDELCG=  1
                           IREST =  0    NATORB=  0    IPUNRF=  0    ISEP  =  0    OLDDEN=  0    NSTPRI=  1    GPSFLI= -1
                           CLUSTE=  0    CLOSED=  1    ILSTYP=  0    ITRLS =  0    ICCSD =  0    LOCAL =  0    IBASO =  0
                           MP    =  0    ITEDIS=  2    INCDIS=  1    MAXDIS=  6    ITYDIS=  1    BRUECK=  0    IBRSTR=  3
                           INCBRK=  1    TRIPLE=  0    ICCTYP=  1    IHPPD =  0    ICCNEW=  0    I3EXT = -1    IDEB  =  0
                           IDLEIG=  1    IDFTYP=  1    IMP3  =  0    IPROCS=  0    NOINT =  0    NOREF =  1    IMP2G =  0
                           IHINT =  0    IFDIA =  0    ISPARO=  1    JKSYM =  0    CPHF  =  0    MP2D  = -1    DKINT =  0
                           NPKEX =  1    DRVK  =  1    HLSTRA=  1    WIGNER=  1    DIIS_C=  1    MAXIT_= 50    MATEL =  0
                           SPDEG =  1    MEMCPH=  0    DISM  =  1    KDCPMA=  5    IKDCP_=  0    IREDTH=  0    USECS =  0
                           IPROCC=  0    I3SAVE=  1    IKDCP =  1    USECI =  0    OLDPAI=  0    IPROCI=  0    KEEPCL=  1
                           DISCON=  0    SHIFTE=  0    DIISIN=  0    MOLCAS=  0    MEM_PT=  0    RECORD=  0    RS2C  =  0
                           KEXT  = -1    CIPT2 =  0    DECP0S=  0    I4EXT = -1    NATCOR=  0    RIMP2 =  0    DDCI  = -1

 Reference symmetry:                   4   Triplet 
 Number of electrons:                 16
 Maximum number of shells:             6
 Maximum number of spin couplings:   297

 Reference space:     9136 conf    47808 CSFs
 N elec internal:    72865 conf   382239 CSFs
 N-1 el internal:    69576 conf   622908 CSFs
 N-2 el internal:    57950 conf   876478 CSFs

 Number of electrons in valence space:                     12
 Maximum number of open shell orbitals in reference space: 10
 Maximum number of open shell orbitals in internal spaces: 12


 Number of core orbitals:           2 (   2   0   0   0   0   0   0   0 )
 Number of active  orbitals:       12 (   1   2   2   0   3   2   2   0 )
 Number of external orbitals:     240 (  43  29  29  19  43  29  29  19 )

 Molecular orbitals read from record     2140.2  Type=MCSCF/NATURAL (state averaged)

 Coulomb and exchange operators available. No transformation done.

 Number of p-space configurations:  12

 Reference wavefunction optimized for reference space (refopt=1)

 State     Reference Energy 
   1        -149.66662118
   2        -149.58554684
   3        -149.58553046

 Number of blocks in overlap matrix:    16   Smallest eigenvalue:  0.65D-06
 Number of N-2 electron functions:     288
 Number of N-1 electron functions:  622908

 Number of internal configurations:                47808
 Number of singly external configurations:      18686980
 Number of doubly external configurations:       1049024
 Total number of contracted configurations:     19783812
 Total number of uncontracted configurations: 3169518620

 Diagonal Coupling coefficients finished.               Storage:31984173 words, CPU-Time:     65.93 seconds.
 Energy denominators for pairs finished in 1 passes.    Storage: 2273367 words, CPU-time:      0.02 seconds.

  ITER. STATE  ROOT     SQ.NORM     CORR.ENERGY   TOTAL ENERGY   ENERGY CHANGE       DEN1      VAR(S)    VAR(P)      TIME
    1     1     1     1.00000000     0.00000000  -149.66662118    -0.00000000    -0.21203784  0.16D-01  0.14D-01   117.36
    1     2     2     1.00000000     0.00000000  -149.58554684    -0.00000000    -0.22184928  0.18D-01  0.15D-01   117.36
    2     1     1     1.03197265    -0.21741170  -149.88403288    -0.21741170    -0.01001388  0.41D-03  0.64D-03   704.49
    2     2     2     1.03371236    -0.22597667  -149.81152351    -0.22597667    -0.01012343  0.42D-03  0.66D-03   704.49
    3     1     1     1.03769523    -0.22867159  -149.89529276    -0.01125989    -0.00089309  0.79D-04  0.59D-04  1291.30
    3     2     2     1.03964938    -0.23734930  -149.82289614    -0.01137263    -0.00090883  0.84D-04  0.60D-04  1291.30
    4     1     1     1.04048842    -0.22977262  -149.89639380    -0.00110103    -0.00010792  0.97D-05  0.91D-05  1877.99
    4     2     2     1.04255754    -0.23844445  -149.82399130    -0.00109515    -0.00010737  0.11D-04  0.93D-05  1877.99
    5     1     1     1.04082362    -0.22988181  -149.89650298    -0.00010919    -0.00002586  0.32D-05  0.21D-05  2464.48
    5     2     2     1.04293264    -0.23854879  -149.82409563    -0.00010434    -0.00002727  0.50D-05  0.21D-05  2464.48
    6     1     1     1.04086269    -0.22990482  -149.89652600    -0.00002302    -0.00000554  0.89D-06  0.30D-06  3051.01
    6     2     2     1.04298636    -0.23856973  -149.82411657    -0.00002094    -0.00000721  0.20D-05  0.32D-06  3051.01
    7     1     1     1.04091480    -0.22990979  -149.89653096    -0.00000496    -0.00000181  0.37D-06  0.13D-06  3636.92
    7     2     2     1.04302869    -0.23857467  -149.82412151    -0.00000494    -0.00000216  0.45D-06  0.19D-06  3636.92
    8     1     1     1.04094649    -0.22991112  -149.89653230    -0.00000134    -0.00000057  0.12D-06  0.38D-07  4222.15
    8     2     2     1.04306969    -0.23857636  -149.82412321    -0.00000169    -0.00000063  0.12D-06  0.50D-07  4222.15
    9     1     1     1.04096188    -0.22991161  -149.89653279    -0.00000049    -0.00000022  0.42D-07  0.14D-07  4804.88
    9     2     2     1.04308902    -0.23857687  -149.82412371    -0.00000051    -0.00000028  0.84D-07  0.15D-07  4804.88
   10     1     1     1.04096896    -0.22991179  -149.89653296    -0.00000017    -0.00000009  0.19D-07  0.50D-08  5389.91
   10     2     2     1.04309804    -0.23857706  -149.82412390    -0.00000019    -0.00000011  0.31D-07  0.74D-08  5389.91
   11     1     1     1.04097375    -0.22991186  -149.89653303    -0.00000007    -0.00000004  0.11D-07  0.21D-08  5974.86
   11     2     2     1.04310377    -0.23857713  -149.82412398    -0.00000008    -0.00000004  0.12D-07  0.28D-08  5974.86
   12     1     1     1.04097692    -0.22991189  -149.89653306    -0.00000003    -0.00000002  0.53D-08  0.89D-09  6559.76
   12     2     2     1.04310772    -0.23857717  -149.82412401    -0.00000003    -0.00000002  0.71D-08  0.12D-08  6559.76


 =====================================
 Analysis of CPU times by interactions
 =====================================

       I      S      P

 I   1.0%
 S   0.6%  19.4%
 P   2.1%  67.3%   7.8%

 Initialization:   1.1%
 Other:            0.6%

 Total CPU:     6559.8 seconds
 =====================================



 Reference coefficients greater than 0.0500000
 =============================================
 /20/022/\020          -0.3964348  -0.3967274
 //02022/20\0           0.3964353   0.3967267
 22020220/0/0           0.3441853  -0.3449734
 2/0/02202020          -0.3438343   0.3431990
 0/0/02222020           0.3427540  -0.3431768
 02020222/0/0          -0.3431285   0.3423269
 /20\022//020           0.2428352   0.2424272
 /\02022/20/0          -0.2428352  -0.2424284
 //02022\20/0           0.1402125   0.1410366
 /20/022\/020          -0.1402124  -0.1410358

 Coefficients of fixed reference functions:
 ==========================================

 State      Coefficients
   1         0.979817   -0.000162
   2         0.000181    0.978885

 Coefficients of rotated reference functions:
 ============================================

 State      Coefficients
   1         0.979817    0.000010
   2         0.000010    0.978885



 RESULTS FOR STATE 1.4
 =====================

 Coefficient of reference function:   C(0) = 0.97981727 (fixed)   0.98012045 (relaxed)   0.97981728 (rotated)

 Energy contributions of configuration classes

 CLASS          SQ.NORM        ECORR1        ECORR2
 +++++++++++++++++++++++++++++++++++++++++++++++++++
 Internals    0.00061894    0.00000000   -0.00013709
 Singles      0.02248098   -0.08771243   -0.08917094
 Pairs        0.01852131   -0.14219896   -0.14060386
 Total        1.04162123   -0.22991139   -0.22991189
 +++++++++++++++++++++++++++++++++++++++++++++++++++


 Reference energy                    -149.66662118
 Nuclear energy                         6.77346830
 Kinetic energy                       149.95422039
 One electron energy                 -219.84064599
 Two electron energy                   63.17064462
 Virial quotient                       -0.99961530
 Correlation energy                    -0.22991189
 !MRCI STATE 1.4 Energy              -149.896533063918

 Properties without orbital relaxation:

 !MRCI STATE 1.4 Dipole moment          0.00000000     0.00000000     0.00000000
 Dipole moment /Debye                   0.00000000     0.00000000     0.00000000

 Cluster corrected energies          -149.90610228 (Davidson, fixed reference)
 Cluster corrected energies          -149.90595414 (Davidson, relaxed reference)
 Cluster corrected energies          -149.90610227 (Davidson, rotated reference)

 Cluster corrected energies          -149.90438222 (Pople, fixed reference)
 Cluster corrected energies          -149.90425772 (Pople, relaxed reference)
 Cluster corrected energies          -149.90438221 (Pople, rotated reference)


 Cluster corrections using rotated reference energy:

 Reference energy (rotated)          -149.66662117
 MRCI Correlation energy               -0.22991189

 Cluster corrected energies          -149.90595415 (Davidson, relaxed reference)
 Cluster corrected energies          -149.90610227 (Davidson, rotated reference)

 Cluster corrected energies          -149.90425772 (Pople, relaxed reference)
 Cluster corrected energies          -149.90438221 (Pople, rotated reference)

 

 !MRCI expec         <1.4|QMXX|1.4>    -0.481709694097
 !MRCI expec         <1.4|QMYY|1.4>    -0.481694522078
 !MRCI expec         <1.4|QMZZ|1.4>     0.963404216176
 !MRCI expec         <1.4|QMRR|1.4>   -22.652815109095



 RESULTS FOR STATE 2.4
 =====================

 Coefficient of reference function:   C(0) = 0.97888494 (fixed)   0.97911887 (relaxed)   0.97888496 (rotated)

 Energy contributions of configuration classes

 CLASS          SQ.NORM        ECORR1        ECORR2
 +++++++++++++++++++++++++++++++++++++++++++++++++++
 Internals    0.00047801   -0.00000002   -0.00010947
 Singles      0.02422122   -0.09292061   -0.09457631
 Pairs        0.01890710   -0.14565636   -0.14389139
 Total        1.04360633   -0.23857699   -0.23857717
 +++++++++++++++++++++++++++++++++++++++++++++++++++


 Reference energy                    -149.58554684
 Nuclear energy                         6.77346830
 Kinetic energy                       149.86880527
 One electron energy                 -219.73488101
 Two electron energy                   63.13728870
 Virial quotient                       -0.99970186
 Correlation energy                    -0.23857717
 !MRCI STATE 2.4 Energy              -149.824124009105

 Properties without orbital relaxation:

 !MRCI STATE 2.4 Dipole moment          0.00000000     0.00000000     0.00000000
 Dipole moment /Debye                   0.00000000     0.00000000     0.00000000

 Cluster corrected energies          -149.83452748 (Davidson, fixed reference)
 Cluster corrected energies          -149.83440853 (Davidson, relaxed reference)
 Cluster corrected energies          -149.83452748 (Davidson, rotated reference)

 Cluster corrected energies          -149.83266766 (Pople, fixed reference)
 Cluster corrected energies          -149.83256743 (Pople, relaxed reference)
 Cluster corrected energies          -149.83266765 (Pople, rotated reference)


 Cluster corrections using rotated reference energy:

 Reference energy (rotated)          -149.58554684
 MRCI Correlation energy               -0.23857716

 Cluster corrected energies          -149.83440853 (Davidson, relaxed reference)
 Cluster corrected energies          -149.83452748 (Davidson, rotated reference)

 Cluster corrected energies          -149.83256743 (Pople, relaxed reference)
 Cluster corrected energies          -149.83266765 (Pople, rotated reference)

 

 !MRCI expec         <2.4|QMXX|2.4>    -0.466651753931
 !MRCI expec         <2.4|QMYY|2.4>    -0.466641393960
 !MRCI expec         <2.4|QMZZ|2.4>     0.933293147890
 !MRCI expec         <2.4|QMRR|2.4>   -22.801568027482

 !MRCI trans         <2.4|QMXX|1.4>    -0.001177329774
 !MRCI trans         <2.4|QMYY|1.4>    -0.001182926379
 !MRCI trans         <2.4|QMZZ|1.4>     0.002360256153
 !MRCI trans         <2.4|QMRR|1.4>    -0.000770721103


 **********************************************************************************************************************************
 DATASETS  * FILE   NREC   LENGTH (MB)   RECORD NAMES
              1      20      223.64       500      610      701      900      950      970     1000      129      960     1100   
                                          VAR    BASINP    GEOM    SYMINP    ZMAT    AOBASIS   BASIS     P2S    ABASIS      S 
                                         1400     1410     1200     1210     1080     1600     1650     1300     1700     1380   
                                           T        V       H0       H01     AOSYM     SMH    MOLCAS    ERIS     OPER     JKOP   

              2       8        7.21       500      610      700     1000      520     2100     2140      701   
                                          VAR    BASINP    GEOM     BASIS   MCVARS     RHF     MCSCF    GEOM   

 PROGRAMS   *        TOTAL        CI     MULTI       INT        CI     MULTI       INT        CI     MULTI       INT        CI
 CPU TIMES  *     93187.42   6642.54      8.08     12.98   6640.17      8.06     13.29   6636.01      8.31     13.57   6655.71
 REAL TIME  *     94132.58 SEC
 DISK USED  *         3.86 GB      
 **********************************************************************************************************************************
 SETTING E1(14)         =      -149.89653306  AU                              
 SETTING E2(14)         =      -149.82412401  AU                              
                                                                                                                                                                                                                                                                

      R         E1             E2
    3.85   -149.8969809   -149.8245944
    3.90   -149.8969477   -149.8245586
    3.95   -149.8969167   -149.8245253
    4.00   -149.8968877   -149.8244942
    4.10   -149.8968346   -149.8244378
    4.20   -149.8967873   -149.8243879
    4.25   -149.8967655   -149.8243651
    4.30   -149.8967448   -149.8243434
    4.40   -149.8967064   -149.8243033
    4.50   -149.8966714   -149.8242670
    4.60   -149.8966394   -149.8242338
    4.75   -149.8965959   -149.8241888
    4.90   -149.8965569   -149.8241486
    5.00   -149.8965331   -149.8241240
                                                  

 CI/aug-cc-pV5Z energy=   -149.824124009105

        CI              MULTI           CI              MULTI           CI              MULTI           CI              MULTI   
   -149.82412401   -149.58553046   -149.82414861   -149.58552894   -149.82418880   -149.58552615   -149.82423375   -149.58552253
 **********************************************************************************************************************************
 Molpro calculation terminated
 Variable memory released
