J,parity,original_rank,observed_cm,state,v,Lambda,Sigma,Omega,input_weight,calculated_cm,residual_cm,matched_rank,calculated_state,calculated_v,calculated_Lambda,calculated_Sigma,calculated_Omega,assignment_matches,mark,duo_weight
0.0,+,1,0.0,1,0,0.0,0.0,0.0,13924.0,0.0,0.0,1,1,0,0.0,0.0,0.0,True,,0.075
0.0,+,3,1827.48618,1,1,0.0,0.0,0.0,0.64,1827.4805,0.005680000000211294,3,1,1,0.0,0.0,0.0,True,,3.4e-06
0.0,+,5,3626.68149,1,2,0.0,0.0,0.0,0.81,3626.6601,0.021389999999883003,5,1,2,0.0,0.0,0.0,True,,4.4e-06
0.0,+,7,5396.68647,1,3,0.0,0.0,0.0,0.36,5396.6019,0.08456999999998516,7,1,3,0.0,0.0,0.0,True,,1.9e-06
0.0,+,9,6250.14953,4,0,0.0,0.0,0.0,25.0,6250.2991,-0.14957000000049447,9,4,0,0.0,0.0,0.0,True,,0.00013
0.0,+,11,7136.34991,1,4,0.0,0.0,0.0,0.16,7136.1903,0.15960999999970227,11,1,4,0.0,0.0,0.0,True,,8.6e-07
0.0,+,12,7698.25288,4,1,0.0,0.0,0.0,0.16,7698.4015,-0.14861999999993714,12,4,1,0.0,0.0,0.0,True,,8.6e-07
0.0,+,14,8844.12432,1,5,0.0,0.0,0.0,0.49,8843.9291,0.19522000000142725,14,1,5,0.0,0.0,0.0,True,,2.6e-06
0.0,+,15,9124.17747,4,2,0.0,0.0,0.0,0.09,9124.3805,-0.20302999999876192,15,4,2,0.0,0.0,0.0,True,,4.8e-07
0.0,+,17,10517.95,1,6,0.0,0.0,0.0,0.04,10517.7229,0.22710000000006403,17,1,6,0.0,0.0,0.0,True,,2.2e-07
0.0,+,18,10528.07629,4,3,0.0,0.0,0.0,0.09,10528.2984,-0.22210999999879277,18,4,3,0.0,0.0,0.0,True,,4.8e-07
0.0,+,21,12154.96104,1,7,0.0,0.0,0.0,0.09,12154.9918,-0.030759999999645515,21,1,7,0.0,0.0,0.0,True,,4.8e-07
0.0,+,24,13751.39251,1,8,0.0,0.0,0.0,0.04,13751.3722,0.020309999999881256,24,1,8,0.0,0.0,0.0,True,,2.2e-07
0.0,+,27,15196.50888,8,0,0.0,0.0,0.0,4.0,15196.5304,-0.021520000000236905,27,8,0,0.0,0.0,0.0,True,,2.2e-05
0.0,+,28,15302.89279,1,9,0.0,0.0,0.0,0.0015,15301.0947,1.7980900000002293,28,1,9,0.0,0.0,0.0,True,,8.1e-09
0.0,+,31,16616.99662,8,1,0.0,0.0,0.0,0.04,16617.0011,-0.004479999999603024,31,8,1,0.0,0.0,0.0,True,,2.2e-07
0.0,+,39,19457.58008,8,3,0.0,0.0,0.0,0.01,19457.5298,0.05027999999947497,39,8,3,0.0,0.0,0.0,True,,5.4e-08
0.0,+,43,20009.01051,6,0,1.0,-1.0,0.0,9.0,20009.0225,-0.011989999999059364,43,6,0,1.0,-1.0,0.0,True,,4.8e-05
0.0,+,48,21762.51003,6,1,1.0,-1.0,0.0,0.25,21762.5511,-0.04106999999930849,48,6,1,1.0,-1.0,0.0,True,,1.3e-06
0.0,+,55,23478.64612,6,2,1.0,-1.0,0.0,0.09,23478.6613,-0.01517999999850872,55,6,2,1.0,-1.0,0.0,True,,4.8e-07
0.0,+,62,25154.25703,6,3,1.0,-1.0,0.0,0.49,25154.209,0.048030000001745066,62,6,3,1.0,-1.0,0.0,True,,2.6e-06
0.0,+,68,26785.16292,6,4,1.0,-1.0,0.0,0.01,26784.6076,0.5553199999994831,68,6,4,1.0,-1.0,0.0,True,,5.4e-08
0.0,+,74,28365.14897,6,5,1.0,-1.0,0.0,0.36,28365.1422,0.006769999999960419,74,6,5,1.0,-1.0,0.0,True,,1.9e-06
0.0,+,81,29889.37192,6,6,1.0,-1.0,0.0,0.09,29888.3518,1.020120000001043,81,6,6,1.0,-1.0,0.0,True,,4.8e-07
0.0,+,88,31346.66832,6,7,1.0,-1.0,0.0,0.16,31346.6081,0.060219999999389984,88,6,7,1.0,-1.0,0.0,True,,8.6e-07
0.0,+,94,32731.03437,6,8,1.0,-1.0,0.0,0.01,32730.8332,0.20117000000027474,94,6,8,1.0,-1.0,0.0,True,,5.4e-08
0.0,+,99,34034.57692,6,9,1.0,-1.0,0.0,0.0004,34033.6244,0.9525199999989127,99,6,9,1.0,-1.0,0.0,True,,2.2e-09
0.0,+,107,35254.39831,6,10,1.0,-1.0,0.0,0.0028,35253.9999,0.39840999999432825,106,6,10,1.0,-1.0,0.0,True,,1.5e-08
0.0,+,118,37472.23572,6,12,1.0,-1.0,0.0,0.0002,37471.2729,0.9628199999933713,117,6,12,1.0,-1.0,0.0,True,,1.1e-09
0.0,-,1,632.72979,2,0,-1.0,1.0,0.0,25.0,632.7243,0.005490000000008877,1,2,0,-1.0,1.0,0.0,True,,0.00013
0.0,-,2,2250.7145,2,1,-1.0,1.0,0.0,1.0,2250.6787,0.03580000000010841,2,2,1,-1.0,1.0,0.0,True,,5.4e-06
0.0,-,3,3845.34962,2,2,-1.0,1.0,0.0,0.25,3845.378,-0.02838000000019747,3,2,2,-1.0,1.0,0.0,True,,1.3e-06
0.0,-,4,5416.66979,2,3,-1.0,1.0,0.0,0.01,5416.6492,0.02059000000008382,4,2,3,-1.0,1.0,0.0,True,,5.4e-08
0.0,-,5,6964.70287,2,4,-1.0,1.0,0.0,0.01,6964.5973,0.10556999999971595,5,2,4,-1.0,1.0,0.0,True,,5.4e-08
0.0,-,6,8488.62283,2,5,-1.0,1.0,0.0,0.01,8489.244,-0.6211700000003475,6,2,5,-1.0,1.0,0.0,True,,5.4e-08
0.0,-,7,9280.83461,5,0,0.0,0.0,0.0,36.0,9280.8378,-0.0031899999994493555,7,5,0,0.0,0.0,0.0,True,,0.00019
0.0,-,9,11312.66782,5,1,0.0,0.0,0.0,0.64,11312.5973,0.07052000000112457,9,5,1,0.0,0.0,0.0,True,,3.4e-06
0.0,-,10,11468.54981,2,7,-1.0,1.0,0.0,0.04,11468.6389,-0.08908999999948719,10,2,7,-1.0,1.0,0.0,True,,2.2e-07
0.0,-,11,12923.12313,2,8,-1.0,1.0,0.0,0.01,12923.0542,0.0689299999994546,11,2,8,-1.0,1.0,0.0,True,,5.4e-08
0.0,-,12,13315.61059,5,2,0.0,0.0,0.0,0.09,13315.8603,-0.24971000000005006,12,5,2,0.0,0.0,0.0,True,,4.8e-07
0.0,-,13,14354.35296,2,9,-1.0,1.0,0.0,0.0004,14354.3022,0.05076000000008207,13,2,9,-1.0,1.0,0.0,True,,2.2e-09
0.0,-,14,15288.57986,5,3,0.0,0.0,0.0,0.36,15288.5543,0.025560000000041327,14,5,3,0.0,0.0,0.0,True,,1.9e-06
0.0,-,15,15762.29387,2,10,-1.0,1.0,0.0,0.0003,15762.2867,0.007169999998950516,15,2,10,-1.0,1.0,0.0,True,,1.6e-09
0.0,-,16,17147.09864,2,11,-1.0,1.0,0.0,0.0011,17146.7821,0.3165399999998044,16,2,11,-1.0,1.0,0.0,True,,5.9e-09
0.0,-,19,19139.89474,5,5,0.0,0.0,0.0,0.09,19139.8679,0.026839999998628628,19,5,5,0.0,0.0,0.0,True,,4.8e-07
0.0,-,22,21015.17311,5,6,0.0,0.0,0.0,0.01,21015.0827,0.09041000000070198,22,5,6,0.0,0.0,0.0,True,,5.4e-08
0.0,-,26,22854.43567,5,7,0.0,0.0,0.0,0.04,22854.3542,0.08146999999735272,26,5,7,0.0,0.0,0.0,True,,2.2e-07
1.0,+,9,6250.45902,4,0,0.0,1.0,1.0,196.0,6250.3026,0.1564200000002529,9,4,0,0.0,1.0,1.0,True,,0.0011
1.0,+,12,7698.5526,4,1,0.0,1.0,1.0,2.25,7698.4062,0.14639999999963038,12,4,1,0.0,1.0,1.0,True,,1.2e-05
1.0,+,16,9124.48029,4,2,0.0,1.0,1.0,1.69,9124.3869,0.09338999999999942,16,4,2,0.0,1.0,1.0,True,,9.1e-06
1.0,+,22,10528.32009,4,3,0.0,1.0,1.0,0.25,10528.2251,0.09498999999959779,22,4,3,0.0,1.0,1.0,True,,1.3e-06
1.0,+,32,13270.0052,4,5,0.0,1.0,1.0,0.01,13269.8515,0.1536999999989348,32,4,5,0.0,1.0,1.0,True,,5.4e-08
1.0,+,38,14608.14077,4,6,0.0,1.0,1.0,0.01,14607.8598,0.28096999999979744,38,4,6,0.0,1.0,1.0,True,,5.4e-08
1.0,+,60,19998.25343,6,0,1.0,0.0,1.0,81.0,19998.267,-0.013569999999162974,60,6,0,1.0,0.0,1.0,True,,0.00044
1.0,+,61,20014.51376,6,0,1.0,-1.0,0.0,100.0,20014.5074,0.006360000003041932,61,6,0,1.0,-1.0,0.0,True,,0.00054
1.0,+,69,21751.86956,6,1,1.0,0.0,1.0,1.21,21751.9131,-0.04354000000239466,69,6,1,1.0,0.0,1.0,True,,6.5e-06
1.0,+,70,21767.9799,6,1,1.0,-1.0,0.0,1.0,21767.9988,-0.018900000002759043,70,6,1,1.0,-1.0,0.0,True,,5.4e-06
1.0,+,78,23468.13674,6,2,1.0,0.0,1.0,0.64,23468.169,-0.032259999999951106,78,6,2,1.0,0.0,1.0,True,,3.4e-06
1.0,+,79,23484.07313,6,2,1.0,-1.0,0.0,0.64,23484.0661,0.007030000000668224,79,6,2,1.0,-1.0,0.0,True,,3.4e-06
1.0,+,88,25143.74997,6,3,1.0,0.0,1.0,4.41,25143.7913,-0.0413300000000163,88,6,3,1.0,0.0,1.0,True,,2.4e-05
1.0,+,89,25159.49283,6,3,1.0,-1.0,0.0,5.76,25159.4942,-0.001370000001770677,89,6,3,1.0,-1.0,0.0,True,,3.1e-05
1.0,+,96,26774.53013,6,4,1.0,0.0,1.0,0.49,26774.4954,0.0347299999993993,96,6,4,1.0,0.0,1.0,True,,2.6e-06
1.0,+,97,26790.04113,6,4,1.0,-1.0,0.0,0.25,26790.044,-0.002870000000257278,97,6,4,1.0,-1.0,0.0,True,,1.3e-06
1.0,+,106,28355.03644,6,5,1.0,0.0,1.0,5.76,28355.0883,-0.05185999999957858,106,6,5,1.0,0.0,1.0,True,,3.1e-05
1.0,+,107,28370.28187,6,5,1.0,-1.0,0.0,3.24,28370.2766,0.005269999997835839,107,6,5,1.0,-1.0,0.0,True,,1.7e-05
1.0,+,116,29876.88517,6,6,1.0,0.0,1.0,0.09,29878.5589,-1.6737299999986135,116,6,6,1.0,0.0,1.0,True,,4.8e-07
1.0,+,117,29894.52877,6,6,1.0,-1.0,0.0,0.04,29893.4506,1.0781700000006822,117,6,6,1.0,-1.0,0.0,True,,2.2e-07
1.0,+,123,31336.9736,6,7,1.0,0.0,1.0,1.44,31337.0522,-0.07859999999709544,123,6,7,1.0,0.0,1.0,True,,7.7e-06
1.0,+,124,31351.53096,6,7,1.0,-1.0,0.0,1.21,31351.5215,0.0094600000011269,124,6,7,1.0,-1.0,0.0,True,,6.5e-06
1.0,+,131,32721.42173,6,8,1.0,0.0,1.0,0.36,32721.6218,-0.20007000000259723,131,6,8,1.0,0.0,1.0,True,,1.9e-06
1.0,+,132,32735.89864,6,8,1.0,-1.0,0.0,0.16,32735.6803,0.21833999999944353,132,6,8,1.0,-1.0,0.0,True,,8.6e-07
1.0,+,139,34024.92913,6,9,1.0,0.0,1.0,0.0004,34024.9077,0.02142999999341555,139,6,9,1.0,0.0,1.0,True,,2.2e-09
1.0,+,140,34038.7831,6,9,1.0,-1.0,0.0,0.0004,34038.583,0.20010000000183936,140,6,9,1.0,-1.0,0.0,True,,2.2e-09
1.0,+,151,35245.42111,6,10,1.0,0.0,1.0,0.0256,35245.5121,-0.09098999999696389,149,6,10,1.0,0.0,1.0,True,,1.4e-07
1.0,+,152,35258.65767,6,10,1.0,-1.0,0.0,0.0202,35258.5415,0.11617000000114786,150,6,10,1.0,-1.0,0.0,True,,1.1e-07
1.0,+,159,36388.0853,6,11,1.0,0.0,1.0,0.0011,36388.7213,-0.635999999998603,157,6,11,1.0,0.0,1.0,True,,5.9e-09
1.0,+,167,37463.72651,6,12,1.0,0.0,1.0,0.006,37463.5859,0.14061000000219792,165,6,12,1.0,0.0,1.0,True,,3.2e-08
1.0,+,168,37476.11283,6,12,1.0,-1.0,0.0,0.0022,37475.6319,0.48092999999789754,166,6,12,1.0,-1.0,0.0,True,,1.2e-08
1.0,-,2,619.64211,2,0,-1.0,0.0,-1.0,225.0,619.6532,-0.011089999999967404,2,2,0,-1.0,0.0,-1.0,True,,0.0012
1.0,-,3,635.32745,2,0,-1.0,1.0,0.0,289.0,635.3236,0.0038499999999430656,3,2,0,-1.0,1.0,0.0,True,,0.0016
1.0,-,5,2237.60649,2,1,-1.0,0.0,-1.0,2.89,2237.609,-0.0025099999998019484,5,2,1,-1.0,0.0,-1.0,True,,1.6e-05
1.0,-,6,2253.25934,2,1,-1.0,1.0,0.0,5.29,2253.2469,0.012439999999969586,6,2,1,-1.0,1.0,0.0,True,,2.8e-05
1.0,-,8,3832.26124,2,2,-1.0,0.0,-1.0,2.25,3832.3064,-0.045160000000123546,8,2,2,-1.0,0.0,-1.0,True,,1.2e-05
1.0,-,9,3847.87568,2,2,-1.0,1.0,0.0,2.25,3847.9156,-0.03991999999971085,9,2,2,-1.0,1.0,0.0,True,,1.2e-05
1.0,-,11,5403.59787,2,3,-1.0,0.0,-1.0,1.0,5403.5722,0.025669999999990978,11,2,3,-1.0,0.0,-1.0,True,,5.4e-06
1.0,-,12,5419.15671,2,3,-1.0,1.0,0.0,0.81,5419.1571,-0.00039000000015221303,12,2,3,-1.0,1.0,0.0,True,,4.4e-06
1.0,-,15,6951.56999,2,4,-1.0,0.0,-1.0,0.09,6951.5123,0.05768999999963853,15,2,4,-1.0,0.0,-1.0,True,,4.8e-07
1.0,-,16,6967.10868,2,4,-1.0,1.0,0.0,0.25,6967.0774,0.03128000000015163,16,2,4,-1.0,1.0,0.0,True,,1.3e-06
1.0,-,20,8271.60685,3,0,-1.0,0.0,-1.0,196.0,8271.6018,0.005049999999755528,20,3,0,-1.0,0.0,-1.0,True,,0.0011
1.0,-,21,8476.1853,2,5,-1.0,0.0,-1.0,0.49,8476.1514,0.03389999999853899,21,2,5,-1.0,0.0,-1.0,True,,2.6e-06
1.0,-,22,8491.76192,2,5,-1.0,1.0,0.0,1.21,8491.7031,0.05882000000019616,22,2,5,-1.0,1.0,0.0,True,,6.5e-06
1.0,-,26,9280.21579,5,0,0.0,-1.0,-1.0,400.0,9280.2111,0.004689999999754946,26,5,0,0.0,-1.0,-1.0,True,,0.0022
1.0,-,27,9855.61511,3,1,-1.0,0.0,-1.0,1.96,9855.622,-0.006889999998747953,27,3,1,-1.0,0.0,-1.0,True,,1.1e-05
1.0,-,28,9977.59117,2,6,-1.0,0.0,-1.0,0.04,9977.4672,0.12397000000055414,28,2,6,-1.0,0.0,-1.0,True,,2.2e-07
1.0,-,29,9992.94943,2,6,-1.0,1.0,0.0,0.09,9992.9983,-0.048869999998714775,29,2,6,-1.0,1.0,0.0,True,,4.8e-07
1.0,-,33,11312.05232,5,1,0.0,-1.0,-1.0,5.29,11312.0342,0.018120000000635628,33,5,1,0.0,-1.0,-1.0,True,,2.8e-05
1.0,-,34,11415.41218,3,2,-1.0,0.0,-1.0,2.25,11415.4558,-0.04362000000037369,34,3,2,-1.0,0.0,-1.0,True,,1.2e-05
1.0,-,35,11455.03176,2,7,-1.0,0.0,-1.0,0.25,11455.4658,-0.43404000000009546,35,2,7,-1.0,0.0,-1.0,True,,1.3e-06
1.0,-,36,11470.86937,2,7,-1.0,1.0,0.0,0.25,11470.9258,-0.05643000000054599,36,2,7,-1.0,1.0,0.0,True,,1.3e-06
1.0,-,40,12910.03547,2,8,-1.0,0.0,-1.0,0.25,12909.9276,0.10786999999982072,40,2,8,-1.0,0.0,-1.0,True,,1.3e-06
1.0,-,41,12925.80892,2,8,-1.0,1.0,0.0,0.09,12925.4583,0.3506199999992532,41,2,8,-1.0,1.0,0.0,True,,4.8e-07
1.0,-,42,12950.93001,3,3,-1.0,0.0,-1.0,1.96,12950.9395,-0.009490000000369037,42,3,3,-1.0,0.0,-1.0,True,,1.1e-05
1.0,-,45,13314.97748,5,2,0.0,-1.0,-1.0,1.21,13315.2538,-0.276320000000851,45,5,2,0.0,-1.0,-1.0,True,,6.5e-06
1.0,-,47,14341.26586,2,9,-1.0,0.0,-1.0,0.03,14341.1278,0.13805999999931373,47,2,9,-1.0,0.0,-1.0,True,,1.6e-07
1.0,-,48,14356.50888,2,9,-1.0,1.0,0.0,0.0059,14356.6217,-0.11282000000028347,48,2,9,-1.0,1.0,0.0,True,,3.2e-08
1.0,-,49,14462.10991,3,4,-1.0,0.0,-1.0,0.81,14462.0815,0.02840999999898486,49,3,4,-1.0,0.0,-1.0,True,,4.4e-06
1.0,-,53,15287.93752,5,3,0.0,-1.0,-1.0,2.56,15287.9914,-0.05388000000129978,53,5,3,0.0,-1.0,-1.0,True,,1.4e-05
1.0,-,55,15749.18827,2,10,-1.0,0.0,-1.0,0.0013,15749.063,0.12527000000045518,55,2,10,-1.0,0.0,-1.0,True,,7e-09
1.0,-,56,15764.5021,2,10,-1.0,1.0,0.0,0.0013,15764.5185,-0.016400000000430737,56,2,10,-1.0,1.0,0.0,True,,7e-09
1.0,-,59,15948.88012,3,5,-1.0,0.0,-1.0,0.16,15948.8238,0.05631999999968684,59,3,5,-1.0,0.0,-1.0,True,,8.6e-07
1.0,-,62,17133.74118,2,11,-1.0,0.0,-1.0,0.0044,17133.7217,0.019480000002658926,62,2,11,-1.0,0.0,-1.0,True,,2.4e-08
1.0,-,63,17149.03905,2,11,-1.0,1.0,0.0,0.0011,17149.3355,-0.29645000000164146,63,2,11,-1.0,1.0,0.0,True,,5.9e-09
1.0,-,67,17411.1295,3,6,-1.0,0.0,-1.0,0.04,17411.0619,0.06759999999849242,67,3,6,-1.0,0.0,-1.0,True,,2.2e-07
1.0,-,74,18848.79097,3,7,-1.0,0.0,-1.0,0.01,18848.6822,0.10876999999891268,74,3,7,-1.0,0.0,-1.0,True,,5.4e-08
1.0,-,75,19139.23084,5,5,0.0,-1.0,-1.0,1.0,19139.3186,-0.08775999999852502,75,5,5,0.0,-1.0,-1.0,True,,5.4e-06
1.0,-,80,19832.98979,2,13,-1.0,0.0,-1.0,0.0009,19835.4972,-2.5074100000019826,80,2,13,-1.0,0.0,-1.0,True,,4.8e-09
1.0,-,89,21014.50778,5,6,0.0,-1.0,-1.0,0.36,21014.6034,-0.09562000000005355,89,5,6,0.0,-1.0,-1.0,True,,1.9e-06
1.0,-,92,21649.98402,3,9,-1.0,0.0,-1.0,0.0015,21649.7646,0.21942000000126427,92,3,9,-1.0,0.0,-1.0,True,,8.1e-09
1.0,-,101,22853.73672,5,7,0.0,-1.0,-1.0,0.36,22853.8147,-0.07797999999820604,101,5,7,0.0,-1.0,-1.0,True,,1.9e-06
1.0,-,102,23013.2947,3,10,-1.0,0.0,-1.0,0.0013,23013.0164,0.2782999999981257,102,3,10,-1.0,0.0,-1.0,True,,7e-09
1.0,-,111,24351.5847,3,11,-1.0,0.0,-1.0,0.0011,24351.2751,0.3096000000005006,111,3,11,-1.0,0.0,-1.0,True,,5.9e-09
1.0,-,122,25664.72351,3,12,-1.0,0.0,-1.0,0.0038,25664.4295,0.2940100000014354,122,3,12,-1.0,0.0,-1.0,True,,2e-08
1.0,-,134,26952.55153,3,13,-1.0,0.0,-1.0,0.0034,26952.3482,0.20333000000027823,134,3,13,-1.0,0.0,-1.0,True,,1.8e-08
1.0,-,142,28214.90407,3,14,-1.0,0.0,-1.0,0.0008,28214.8733,0.030770000001211884,142,3,14,-1.0,0.0,-1.0,True,,4.3e-09
1.0,-,151,29451.57549,3,15,-1.0,0.0,-1.0,0.0028,29451.8068,-0.23130999999921187,151,3,15,-1.0,0.0,-1.0,True,,1.5e-08
1.0,-,162,30662.3611,3,16,-1.0,0.0,-1.0,0.0006,30662.9145,-0.5534000000006927,161,3,16,-1.0,0.0,-1.0,True,,3.2e-09
2.0,+,1,10.87522,1,0,0.0,0.0,0.0,676.0,10.8664,0.00882000000000005,1,1,0,0.0,0.0,0.0,True,,0.0036
2.0,+,5,1838.23872,1,1,0.0,0.0,0.0,110.24,1838.2377,0.0010200000001532317,5,1,1,0.0,0.0,0.0,True,,0.00059
2.0,+,9,3637.32674,1,2,0.0,0.0,0.0,7.29,3637.307,0.0197400000001835,9,1,2,0.0,0.0,0.0,True,,3.9e-05
2.0,+,14,5407.21821,1,3,0.0,0.0,0.0,1.96,5407.1365,0.08171000000038475,14,1,3,0.0,0.0,0.0,True,,1.1e-05
2.0,+,17,6250.33028,4,0,0.0,1.0,1.0,529.0,6250.3036,0.026679999999942083,17,4,0,0.0,1.0,1.0,True,,0.0028
2.0,+,18,6265.18371,4,0,0.0,0.0,0.0,529.0,6265.2024,-0.018689999999878637,18,4,0,0.0,0.0,0.0,True,,0.0028
2.0,+,22,7146.76412,1,4,0.0,0.0,0.0,2.25,7146.6095,0.15462000000025,22,1,4,0.0,0.0,0.0,True,,1.2e-05
2.0,+,23,7698.42414,4,1,0.0,1.0,1.0,4.84,7698.4072,0.01694000000043161,23,4,1,0.0,1.0,1.0,True,,2.6e-05
2.0,+,24,7713.11601,4,1,0.0,0.0,0.0,3.61,7713.1415,-0.025489999999990687,24,4,1,0.0,0.0,0.0,True,,1.9e-05
2.0,+,29,8854.41408,1,5,0.0,0.0,0.0,3.24,8854.2287,0.185380000000805,29,1,5,0.0,0.0,0.0,True,,1.7e-05
2.0,+,30,9124.3528,4,2,0.0,1.0,1.0,5.29,9124.3876,-0.03479999999944994,30,4,2,0.0,1.0,1.0,True,,2.8e-05
2.0,+,31,9138.87881,4,2,0.0,0.0,0.0,4.0,9138.9573,-0.07848999999987427,31,4,2,0.0,0.0,0.0,True,,2.2e-05
2.0,+,37,10527.54868,1,6,0.0,0.0,0.0,4.0,10527.4439,0.10477999999966414,37,1,6,0.0,0.0,0.0,True,,2.2e-05
2.0,+,38,10528.69598,4,3,0.0,1.0,1.0,2.89,10528.7275,-0.031520000000455184,38,4,3,0.0,1.0,1.0,True,,1.6e-05
2.0,+,39,10542.57465,4,3,0.0,0.0,0.0,1.69,10542.6637,-0.08904999999867869,39,4,3,0.0,0.0,0.0,True,,9.1e-06
2.0,+,45,11867.82519,7,0,2.0,0.0,2.0,36.0,11867.7904,0.03478999999970256,45,7,0,2.0,0.0,2.0,True,,0.00019
2.0,+,46,11910.0031,4,4,0.0,1.0,1.0,0.49,11910.0065,-0.0033999999996012775,46,4,4,0.0,1.0,1.0,True,,2.6e-06
2.0,+,47,11924.19807,4,4,0.0,0.0,0.0,0.25,11924.2451,-0.04702999999972235,47,4,4,0.0,0.0,0.0,True,,1.3e-06
2.0,+,48,12164.9951,1,7,0.0,0.0,0.0,0.81,12165.033,-0.037899999999353895,48,1,7,0.0,0.0,0.0,True,,4.4e-06
2.0,+,53,13252.26534,7,1,2.0,0.0,2.0,0.16,13252.2492,0.01613999999972293,53,7,1,2.0,0.0,2.0,True,,8.6e-07
2.0,+,54,13269.88317,4,5,0.0,1.0,1.0,0.09,13269.8455,0.037669999999707215,54,4,5,0.0,1.0,1.0,True,,4.8e-07
2.0,+,55,13283.91745,4,5,0.0,0.0,0.0,0.25,13283.9193,-0.0018499999987398041,55,4,5,0.0,0.0,0.0,True,,1.3e-06
2.0,+,57,13761.28004,1,8,0.0,0.0,0.0,0.36,13761.2682,0.011839999999210704,57,1,8,0.0,0.0,0.0,True,,1.9e-06
2.0,+,62,14607.91028,4,6,0.0,1.0,1.0,0.09,14607.8523,0.05797999999958847,62,4,6,0.0,1.0,1.0,True,,4.8e-07
2.0,+,63,14613.83544,7,2,2.0,0.0,2.0,0.25,14613.8424,-0.006959999998798594,63,7,2,2.0,0.0,2.0,True,,1.3e-06
2.0,+,64,14621.78804,4,6,0.0,0.0,0.0,0.16,14621.761,0.02703999999903317,64,4,6,0.0,0.0,0.0,True,,8.6e-07
2.0,+,65,15205.35907,8,0,0.0,0.0,0.0,25.0,15205.3806,-0.021529999999984284,65,8,0,0.0,0.0,0.0,True,,0.00013
2.0,+,67,15312.6264,1,9,0.0,0.0,0.0,0.0133,15310.8283,1.7980999999999767,67,1,9,0.0,0.0,0.0,True,,7.2e-08
2.0,+,71,15924.1905,4,7,0.0,1.0,1.0,0.04,15924.1506,0.03989999999976135,71,4,7,0.0,1.0,1.0,True,,2.2e-07
2.0,+,72,15937.95501,4,7,0.0,0.0,0.0,0.04,15937.8942,0.060809999999037245,72,4,7,0.0,0.0,0.0,True,,2.2e-07
2.0,+,73,15952.60006,7,3,2.0,0.0,2.0,0.25,15952.5843,0.015760000000227592,73,7,3,2.0,0.0,2.0,True,,1.3e-06
2.0,+,75,16625.7787,8,1,0.0,0.0,0.0,0.16,16625.7874,-0.008700000002136221,75,8,1,0.0,0.0,0.0,True,,8.6e-07
2.0,+,80,17218.84452,4,8,0.0,1.0,1.0,0.04,17218.8599,-0.015380000000732252,80,4,8,0.0,1.0,1.0,True,,2.2e-07
2.0,+,83,17268.62883,7,4,2.0,0.0,2.0,0.36,17268.5823,0.046530000003258465,83,7,4,2.0,0.0,2.0,True,,1.9e-06
2.0,+,85,18045.24962,8,2,0.0,0.0,0.0,0.04,18045.589,-0.3393800000012561,85,8,2,0.0,0.0,0.0,True,,2.2e-07
2.0,+,92,18561.9736,7,5,2.0,0.0,2.0,0.16,18561.9128,0.060800000002927845,92,7,5,2.0,0.0,2.0,True,,8.6e-07
2.0,+,95,19466.26106,8,3,0.0,0.0,0.0,0.09,19466.2134,0.047660000000178115,95,8,3,0.0,0.0,0.0,True,,4.8e-07
2.0,+,100,19832.66158,7,6,2.0,0.0,2.0,0.16,19832.5155,0.14607999999861931,100,7,6,2.0,0.0,2.0,True,,8.6e-07
2.0,+,103,19983.95383,6,0,1.0,1.0,2.0,121.0,19984.1287,-0.17487000000255648,103,6,0,1.0,1.0,2.0,True,,0.00065
2.0,+,104,20004.78321,6,0,1.0,0.0,1.0,196.0,20004.7916,-0.008389999999053543,104,6,0,1.0,0.0,1.0,True,,0.0011
2.0,+,105,20021.88339,6,0,1.0,-1.0,0.0,169.0,20021.9109,-0.027509999999892898,105,6,0,1.0,-1.0,0.0,True,,0.00091
2.0,+,112,21080.87284,7,7,2.0,0.0,2.0,0.09,21080.7416,0.13123999999879743,112,7,7,2.0,0.0,2.0,True,,4.8e-07
2.0,+,117,21737.69675,6,1,1.0,1.0,2.0,0.81,21737.777,-0.08024999999906868,117,6,1,1.0,1.0,2.0,True,,4.4e-06
2.0,+,118,21758.34274,6,1,1.0,0.0,1.0,2.25,21758.3527,-0.009959999999409774,118,6,1,1.0,0.0,1.0,True,,1.2e-05
2.0,+,119,21775.2354,6,1,1.0,-1.0,0.0,1.44,21775.2897,-0.05429999999978463,119,6,1,1.0,-1.0,0.0,True,,7.7e-06
2.0,+,133,23453.92182,6,2,1.0,1.0,2.0,1.0,23453.3647,0.557120000001305,133,6,2,1.0,1.0,2.0,True,,5.4e-06
2.0,+,134,23474.49742,6,2,1.0,0.0,1.0,1.96,23474.4541,0.04332000000067637,134,6,2,1.0,0.0,1.0,True,,1.1e-05
2.0,+,135,23491.21282,6,2,1.0,-1.0,0.0,1.0,23491.2503,-0.03747999999905005,135,6,2,1.0,-1.0,0.0,True,,5.4e-06
2.0,+,151,25129.96382,6,3,1.0,1.0,2.0,4.0,25129.9905,-0.02667999999903259,151,6,3,1.0,1.0,2.0,True,,2.2e-05
2.0,+,152,25150.06417,6,3,1.0,0.0,1.0,6.76,25150.0691,-0.004929999999149004,152,6,3,1.0,0.0,1.0,True,,3.6e-05
2.0,+,153,25166.62962,6,3,1.0,-1.0,0.0,5.76,25166.6204,0.009219999999913853,153,6,3,1.0,-1.0,0.0,True,,3.1e-05
2.0,+,165,26760.82671,6,4,1.0,1.0,2.0,0.36,26760.7879,0.03881000000183121,165,6,4,1.0,1.0,2.0,True,,1.9e-06
2.0,+,166,26780.68177,6,4,1.0,0.0,1.0,0.49,26780.6948,-0.013030000001890585,166,6,4,1.0,0.0,1.0,True,,2.6e-06
2.0,+,167,26796.87904,6,4,1.0,-1.0,0.0,0.49,26796.7235,0.15553999999974621,167,6,4,1.0,-1.0,0.0,True,,2.6e-06
2.0,+,182,28341.76794,6,5,1.0,1.0,2.0,4.84,28341.7729,-0.00495999999839114,182,6,5,1.0,1.0,2.0,True,,2.6e-05
2.0,+,183,28361.1501,6,5,1.0,0.0,1.0,5.29,28361.1699,-0.019800000001851004,183,6,5,1.0,0.0,1.0,True,,2.8e-05
2.0,+,184,28377.15623,6,5,1.0,-1.0,0.0,5.76,28377.1867,-0.030469999997876585,184,6,5,1.0,-1.0,0.0,True,,3.1e-05
2.0,+,199,29864.78589,6,6,1.0,1.0,2.0,0.09,29865.4853,-0.6994100000010803,199,6,6,1.0,1.0,2.0,True,,4.8e-07
2.0,+,200,29883.93305,6,6,1.0,0.0,1.0,0.16,29884.5324,-0.5993500000004133,200,6,6,1.0,0.0,1.0,True,,8.6e-07
2.0,+,201,29901.73225,6,6,1.0,-1.0,0.0,0.09,29900.1523,1.5799499999993714,201,6,6,1.0,-1.0,0.0,True,,4.8e-07
2.0,+,215,31324.48987,6,7,1.0,1.0,2.0,1.0,31324.5725,-0.08262999999715248,215,6,7,1.0,1.0,2.0,True,,5.4e-06
2.0,+,216,31342.86465,6,7,1.0,0.0,1.0,2.56,31342.8927,-0.028050000000803266,216,6,7,1.0,0.0,1.0,True,,1.4e-05
2.0,+,217,31358.21178,6,7,1.0,-1.0,0.0,1.44,31358.2084,0.0033800000019255094,217,6,7,1.0,-1.0,0.0,True,,7.7e-06
2.0,+,229,32709.27246,6,8,1.0,1.0,2.0,0.36,32709.3898,-0.117340000000695,229,6,8,1.0,1.0,2.0,True,,1.9e-06
2.0,+,230,32727.05373,6,8,1.0,0.0,1.0,0.49,32727.3187,-0.2649700000001758,230,6,8,1.0,0.0,1.0,True,,2.6e-06
2.0,+,231,32742.4397,6,8,1.0,-1.0,0.0,0.09,32742.1358,0.30389999999897555,231,6,8,1.0,-1.0,0.0,True,,4.8e-07
2.0,+,242,34013.24764,6,9,1.0,1.0,2.0,0.0004,34013.2666,-0.018960000001243316,242,6,9,1.0,1.0,2.0,True,,2.2e-09
2.0,+,243,34030.55731,6,9,1.0,0.0,1.0,0.0015,34030.4817,0.07560999999986961,243,6,9,1.0,0.0,1.0,True,,8.1e-09
2.0,+,245,34045.01693,6,9,1.0,-1.0,0.0,0.0004,34044.5036,0.5133300000015879,244,6,9,1.0,-1.0,0.0,True,,2.2e-09
2.0,+,263,35233.97426,6,10,1.0,1.0,2.0,0.0202,35234.2839,-0.3096399999994901,259,6,10,1.0,1.0,2.0,True,,1.1e-07
2.0,+,264,35250.86546,6,10,1.0,0.0,1.0,0.0455,35250.872,-0.006540000002132729,261,6,10,1.0,0.0,1.0,True,,2.4e-07
2.0,+,265,35265.00988,6,10,1.0,-1.0,0.0,0.0256,35264.7207,0.2891799999997602,262,6,10,1.0,-1.0,0.0,True,,1.4e-07
2.0,+,276,36376.94782,6,11,1.0,1.0,2.0,0.0011,36378.0189,-1.0710800000015297,273,6,11,1.0,1.0,2.0,True,,5.9e-09
2.0,+,277,36393.34668,6,11,1.0,0.0,1.0,0.0025,36393.9256,-0.5789199999999255,274,6,11,1.0,0.0,1.0,True,,1.3e-08
2.0,+,290,37452.91087,6,12,1.0,1.0,2.0,0.0038,37453.4076,-0.49672999999893364,287,6,12,1.0,1.0,2.0,True,,2e-08
2.0,+,291,37468.84749,6,12,1.0,0.0,1.0,0.0087,37468.6383,0.2091900000013993,288,6,12,1.0,0.0,1.0,True,,4.7e-08
2.0,+,292,37482.23148,6,12,1.0,-1.0,0.0,0.0038,37481.3731,0.8583800000051269,289,6,12,1.0,-1.0,0.0,True,,2e-08
2.0,-,1,603.81737,2,0,-1.0,-1.0,-2.0,256.0,603.8118,0.00557000000003427,1,2,0,-1.0,-1.0,-2.0,True,,0.0014
2.0,-,2,625.9238,2,0,-1.0,0.0,-1.0,400.0,625.933,-0.009199999999964348,2,2,0,-1.0,0.0,-1.0,True,,0.0022
2.0,-,3,644.34202,2,0,-1.0,1.0,0.0,324.0,644.3346,0.007420000000024629,3,2,0,-1.0,1.0,0.0,True,,0.0017
2.0,-,4,2221.80345,2,1,-1.0,-1.0,-2.0,5.76,2221.7945,0.008949999999913416,4,2,1,-1.0,-1.0,-2.0,True,,3.1e-05
2.0,-,5,2243.82684,2,1,-1.0,0.0,-1.0,6.25,2243.827,-0.00016000000005078618,5,2,1,-1.0,0.0,-1.0,True,,3.4e-05
2.0,-,6,2262.1729,2,1,-1.0,1.0,0.0,6.25,2262.1557,0.01720000000022992,6,2,1,-1.0,1.0,0.0,True,,3.4e-05
2.0,-,7,3816.47789,2,2,-1.0,-1.0,-2.0,3.24,3816.5152,-0.03730999999970663,7,2,2,-1.0,-1.0,-2.0,True,,1.7e-05
2.0,-,8,3838.41071,2,2,-1.0,0.0,-1.0,5.29,3838.4623,-0.05159000000003289,8,2,2,-1.0,0.0,-1.0,True,,2.8e-05
2.0,-,9,3856.69175,2,2,-1.0,1.0,0.0,1.96,3856.7207,-0.028949999999895226,9,2,2,-1.0,1.0,0.0,True,,1.1e-05
2.0,-,10,5387.84846,2,3,-1.0,-1.0,-2.0,1.0,5387.8008,0.047660000000178115,10,2,3,-1.0,-1.0,-2.0,True,,5.4e-06
2.0,-,11,5409.67232,2,3,-1.0,0.0,-1.0,1.96,5409.6663,0.006019999999807624,11,2,3,-1.0,0.0,-1.0,True,,1.1e-05
2.0,-,12,5427.88628,2,3,-1.0,1.0,0.0,1.69,5427.8572,0.029079999999339634,12,2,3,-1.0,1.0,0.0,True,,9.1e-06
2.0,-,14,6935.84335,2,4,-1.0,-1.0,-2.0,1.0,6935.7581,0.08525000000008731,14,2,4,-1.0,-1.0,-2.0,True,,5.4e-06
2.0,-,15,6957.59277,2,4,-1.0,0.0,-1.0,0.49,6957.5447,0.048069999999825086,15,2,4,-1.0,0.0,-1.0,True,,2.6e-06
2.0,-,16,6975.73603,2,4,-1.0,1.0,0.0,0.36,6975.6695,0.06653000000005704,16,2,4,-1.0,1.0,0.0,True,,1.9e-06
2.0,-,18,8278.03555,3,0,-1.0,0.0,-1.0,256.0,8278.0339,0.0016500000001542503,18,3,0,-1.0,0.0,-1.0,True,,0.0014
2.0,-,19,8460.47032,2,5,-1.0,-1.0,-2.0,1.69,8460.4145,0.05581999999958498,19,2,5,-1.0,-1.0,-2.0,True,,9.1e-06
2.0,-,20,8482.17726,2,5,-1.0,0.0,-1.0,1.69,8482.1227,0.05456000000049244,20,2,5,-1.0,0.0,-1.0,True,,9.1e-06
2.0,-,21,8500.23877,2,5,-1.0,1.0,0.0,1.44,8500.1775,0.061270000000149594,21,2,5,-1.0,1.0,0.0,True,,7.7e-06
2.0,-,23,9280.48492,5,0,0.0,-1.0,-1.0,841.0,9280.4305,0.054420000000391155,23,5,0,0.0,-1.0,-1.0,True,,0.0045
2.0,-,24,9299.7964,5,0,0.0,0.0,0.0,529.0,9299.849,-0.05260000000089349,24,5,0,0.0,0.0,0.0,True,,0.0028
2.0,-,25,9861.97922,3,1,-1.0,0.0,-1.0,2.56,9861.9858,-0.006580000001122244,25,3,1,-1.0,0.0,-1.0,True,,1.4e-05
2.0,-,26,9961.85131,2,6,-1.0,-1.0,-2.0,0.04,9961.7352,0.1161100000008446,26,2,6,-1.0,-1.0,-2.0,True,,2.2e-07
2.0,-,27,9983.41358,2,6,-1.0,0.0,-1.0,0.16,9983.3747,0.038880000000062864,27,2,6,-1.0,0.0,-1.0,True,,8.6e-07
2.0,-,28,10001.39263,2,6,-1.0,1.0,0.0,0.09,10001.3817,0.010930000000371365,28,2,6,-1.0,1.0,0.0,True,,4.8e-07
2.0,-,30,11312.26249,5,1,0.0,-1.0,-1.0,12.25,11312.2751,-0.01261000000158674,30,5,1,0.0,-1.0,-1.0,True,,6.6e-05
2.0,-,31,11331.45729,5,1,0.0,0.0,0.0,9.0,11331.3515,0.10578999999961525,31,5,1,0.0,0.0,0.0,True,,4.8e-05
2.0,-,32,11421.70169,3,2,-1.0,0.0,-1.0,2.56,11421.751,-0.049310000000332366,32,3,2,-1.0,0.0,-1.0,True,,1.4e-05
2.0,-,33,11439.77167,2,7,-1.0,-1.0,-2.0,0.36,11439.6849,0.08676999999988766,33,2,7,-1.0,-1.0,-2.0,True,,1.9e-06
2.0,-,34,11461.31771,2,7,-1.0,0.0,-1.0,0.81,11461.297,0.020709999998871353,34,2,7,-1.0,0.0,-1.0,True,,4.4e-06
2.0,-,35,11479.19964,2,7,-1.0,1.0,0.0,0.36,11479.3546,-0.15495999999984633,35,2,7,-1.0,1.0,0.0,True,,1.9e-06
2.0,-,38,12894.34601,2,8,-1.0,-1.0,-2.0,0.25,12894.2313,0.11470999999983178,38,2,8,-1.0,-1.0,-2.0,True,,1.3e-06
2.0,-,39,12915.79513,2,8,-1.0,0.0,-1.0,1.0,12915.7155,0.07963000000017928,39,2,8,-1.0,0.0,-1.0,True,,5.4e-06
2.0,-,40,12933.6701,2,8,-1.0,1.0,0.0,0.16,12933.5673,0.10279999999875145,40,2,8,-1.0,1.0,0.0,True,,8.6e-07
2.0,-,41,12957.15195,3,3,-1.0,0.0,-1.0,1.0,12957.1661,-0.014150000000881846,41,3,3,-1.0,0.0,-1.0,True,,5.4e-06
2.0,-,44,13315.26492,5,2,0.0,-1.0,-1.0,1.96,13315.4517,-0.18677999999999884,44,5,2,0.0,-1.0,-1.0,True,,1.1e-05
2.0,-,45,13334.20772,5,2,0.0,0.0,0.0,1.21,13334.5003,-0.29257999999936146,45,5,2,0.0,0.0,0.0,True,,6.5e-06
2.0,-,46,14325.62374,2,9,-1.0,-1.0,-2.0,0.0237,14325.4082,0.2155400000010559,46,2,9,-1.0,-1.0,-2.0,True,,1.3e-07
2.0,-,47,14346.98577,2,9,-1.0,0.0,-1.0,0.0533,14346.8454,0.14036999999916588,47,2,9,-1.0,0.0,-1.0,True,,2.9e-07
2.0,-,48,14364.77297,2,9,-1.0,1.0,0.0,0.0181,14364.7005,0.07246999999915715,48,2,9,-1.0,1.0,0.0,True,,9.7e-08
2.0,-,49,14468.25598,3,4,-1.0,0.0,-1.0,1.44,14468.2392,0.016779999999926076,49,3,4,-1.0,0.0,-1.0,True,,7.7e-06
2.0,-,52,15288.18169,5,3,0.0,-1.0,-1.0,4.84,15288.2122,-0.03051000000050408,52,5,3,0.0,-1.0,-1.0,True,,2.6e-05
2.0,-,53,15306.99808,5,3,0.0,0.0,0.0,3.24,15306.9438,0.054280000000289874,53,5,3,0.0,0.0,0.0,True,,1.7e-05
2.0,-,54,15733.56478,2,10,-1.0,-1.0,-2.0,0.0013,15733.3158,0.24898000000030152,54,2,10,-1.0,-1.0,-2.0,True,,7e-09
2.0,-,55,15754.85505,2,10,-1.0,0.0,-1.0,0.0013,15754.7098,0.145249999999578,55,2,10,-1.0,0.0,-1.0,True,,7e-09
2.0,-,56,15772.56002,2,10,-1.0,1.0,0.0,0.0013,15772.5732,-0.013179999999920256,56,2,10,-1.0,1.0,0.0,True,,7e-09
2.0,-,59,15954.94702,3,5,-1.0,0.0,-1.0,0.36,15954.9125,0.034519999999247375,59,3,5,-1.0,0.0,-1.0,True,,1.9e-06
2.0,-,60,17118.13332,2,11,-1.0,-1.0,-2.0,0.0044,17118.1369,-0.0035800000005110633,60,2,11,-1.0,-1.0,-2.0,True,,2.4e-08
2.0,-,61,17139.25522,2,11,-1.0,0.0,-1.0,0.0099,17139.349,-0.09377999999924214,61,2,11,-1.0,0.0,-1.0,True,,5.3e-08
2.0,-,62,17156.96775,2,11,-1.0,1.0,0.0,0.0011,17156.8247,0.143049999998766,62,2,11,-1.0,1.0,0.0,True,,5.9e-09
2.0,-,67,17417.14562,3,6,-1.0,0.0,-1.0,0.16,17417.0813,0.06431999999767868,67,3,6,-1.0,0.0,-1.0,True,,8.6e-07
2.0,-,68,18479.43682,2,12,-1.0,-1.0,-2.0,0.001,18480.1644,-0.7275800000024901,68,2,12,-1.0,-1.0,-2.0,True,,5.4e-09
2.0,-,70,18500.47771,2,12,-1.0,0.0,-1.0,0.0002,18501.4092,-0.9314899999990303,70,2,12,-1.0,0.0,-1.0,True,,1.1e-09
2.0,-,73,18854.73371,3,7,-1.0,0.0,-1.0,0.01,18854.6316,0.10210999999981141,73,3,7,-1.0,0.0,-1.0,True,,5.4e-08
2.0,-,74,19139.4857,5,5,0.0,-1.0,-1.0,2.56,19139.5297,-0.04399999999805004,74,5,5,0.0,-1.0,-1.0,True,,1.4e-05
2.0,-,75,19157.90898,5,5,0.0,0.0,0.0,1.44,19157.8591,0.04987999999866588,75,5,5,0.0,0.0,0.0,True,,7.7e-06
2.0,-,77,19817.42176,2,13,-1.0,-1.0,-2.0,0.0009,19819.7567,-2.3349400000006426,77,2,13,-1.0,-1.0,-2.0,True,,4.8e-09
2.0,-,79,19838.45089,2,13,-1.0,0.0,-1.0,0.0009,19840.9563,-2.505410000001575,79,2,13,-1.0,0.0,-1.0,True,,4.8e-09
2.0,-,84,20267.65342,3,8,-1.0,0.0,-1.0,0.01,20267.5024,0.1510199999975157,84,3,8,-1.0,0.0,-1.0,True,,5.4e-08
2.0,-,86,21014.73296,5,6,0.0,-1.0,-1.0,0.49,21014.8562,-0.12323999999716762,86,5,6,0.0,-1.0,-1.0,True,,2.6e-06
2.0,-,87,21033.00032,5,6,0.0,0.0,0.0,0.16,21032.7646,0.23572000000058324,87,5,6,0.0,0.0,0.0,True,,8.6e-07
2.0,-,89,21132.11926,2,14,-1.0,-1.0,-2.0,0.0008,21137.3599,-5.240639999999985,89,2,14,-1.0,-1.0,-2.0,True,,4.3e-09
2.0,-,92,21655.78712,3,9,-1.0,0.0,-1.0,0.0004,21655.573,0.21412000000054832,92,3,9,-1.0,0.0,-1.0,True,,2.2e-09
2.0,-,101,22854.01042,5,7,0.0,-1.0,-1.0,0.64,22854.0185,-0.008079999999608845,101,5,7,0.0,-1.0,-1.0,True,,3.4e-06
2.0,-,102,22872.02755,5,7,0.0,0.0,0.0,0.16,22871.9194,0.10815000000002328,102,5,7,0.0,0.0,0.0,True,,8.6e-07
2.0,-,103,23019.02508,3,10,-1.0,0.0,-1.0,0.0003,23018.7536,0.2714799999994284,103,3,10,-1.0,0.0,-1.0,True,,1.6e-09
2.0,-,112,24357.24308,3,11,-1.0,0.0,-1.0,0.0003,24356.9405,0.30257999999957974,112,3,11,-1.0,0.0,-1.0,True,,1.6e-09
2.0,-,123,25670.30659,3,12,-1.0,0.0,-1.0,0.001,25670.0225,0.28409000000101514,123,3,12,-1.0,0.0,-1.0,True,,5.4e-09
2.0,-,135,26958.06807,3,13,-1.0,0.0,-1.0,0.0009,26957.8683,0.1997700000028999,135,3,13,-1.0,0.0,-1.0,True,,4.8e-09
2.0,-,144,28220.3351,3,14,-1.0,0.0,-1.0,0.0002,28220.3196,0.015500000001338776,144,3,14,-1.0,0.0,-1.0,True,,1.1e-09
2.0,-,153,29456.93873,3,15,-1.0,0.0,-1.0,0.0007,29457.1786,-0.23986999999760883,153,3,15,-1.0,0.0,-1.0,True,,3.8e-09
2.0,-,164,30667.6384,3,16,-1.0,0.0,-1.0,0.0002,30668.2108,-0.5724000000009255,164,3,16,-1.0,0.0,-1.0,True,,1.1e-09
3.0,+,13,6265.36061,4,0,0.0,1.0,1.0,729.0,6265.2069,0.15370999999959167,13,4,0,0.0,1.0,1.0,True,,0.0039
3.0,+,17,7713.29305,4,1,0.0,1.0,1.0,6.25,7713.1471,0.1459500000000844,17,4,1,0.0,1.0,1.0,True,,3.4e-05
3.0,+,22,9139.05607,4,2,0.0,1.0,1.0,6.76,9138.9644,0.09166999999979453,22,4,2,0.0,1.0,1.0,True,,3.6e-05
3.0,+,29,10542.72662,4,3,0.0,1.0,1.0,2.25,10542.6393,0.08731999999872642,29,4,3,0.0,1.0,1.0,True,,1.2e-05
3.0,+,36,11876.55742,7,0,2.0,0.0,2.0,36.0,11876.5215,0.0359199999984412,36,7,0,2.0,0.0,2.0,True,,0.00019
3.0,+,37,11924.37585,4,4,0.0,1.0,1.0,0.36,11924.2625,0.11334999999962747,37,4,4,0.0,1.0,1.0,True,,1.9e-06
3.0,+,42,13260.89352,7,1,2.0,0.0,2.0,0.25,13260.8788,0.01471999999921536,42,7,1,2.0,0.0,2.0,True,,1.3e-06
3.0,+,43,13284.09557,4,5,0.0,1.0,1.0,0.04,13283.9392,0.15636999999878753,43,4,5,0.0,1.0,1.0,True,,2.2e-07
3.0,+,50,14621.97674,4,6,0.0,1.0,1.0,0.04,14621.7844,0.1923399999996036,50,4,6,0.0,1.0,1.0,True,,2.2e-07
3.0,+,51,14622.36569,7,2,2.0,0.0,2.0,0.36,14622.3704,-0.004709999999249703,51,7,2,2.0,0.0,2.0,True,,1.9e-06
3.0,+,57,15938.08752,4,7,0.0,1.0,1.0,0.04,15937.9211,0.1664199999995617,57,4,7,0.0,1.0,1.0,True,,2.2e-07
3.0,+,58,15961.03156,7,3,2.0,0.0,2.0,0.25,15961.011,0.020559999999022693,58,7,3,2.0,0.0,2.0,True,,1.3e-06
3.0,+,66,17276.94899,7,4,2.0,0.0,2.0,0.49,17276.9077,0.04129000000102678,66,7,4,2.0,0.0,2.0,True,,2.6e-06
3.0,+,72,18570.18973,7,5,2.0,0.0,2.0,0.09,18570.1368,0.052929999998013955,72,7,5,2.0,0.0,2.0,True,,4.8e-07
3.0,+,78,19840.78035,7,6,2.0,0.0,2.0,0.25,19840.6397,0.14065000000118744,78,7,6,2.0,0.0,2.0,True,,1.3e-06
3.0,+,81,19992.79475,6,0,1.0,1.0,2.0,289.0,19992.9511,-0.1563499999974738,81,6,0,1.0,1.0,2.0,True,,0.0016
3.0,+,82,20015.07648,6,0,1.0,0.0,1.0,169.0,20015.1145,-0.03801999999996042,82,6,0,1.0,0.0,1.0,True,,0.00091
3.0,+,83,20035.39319,6,0,1.0,-1.0,0.0,169.0,20035.3812,0.011989999999059364,83,6,0,1.0,-1.0,0.0,True,,0.00091
3.0,+,88,21088.89727,7,7,2.0,0.0,2.0,0.09,21088.7624,0.13487000000168337,88,7,7,2.0,0.0,2.0,True,,4.8e-07
3.0,+,93,21746.43157,6,1,1.0,1.0,2.0,1.96,21746.5085,-0.07692999999926542,93,6,1,1.0,1.0,2.0,True,,1.1e-05
3.0,+,94,21768.51519,6,1,1.0,0.0,1.0,1.69,21768.5544,-0.0392100000026403,94,6,1,1.0,0.0,1.0,True,,9.1e-06
3.0,+,95,21788.60723,6,1,1.0,-1.0,0.0,1.96,21788.6231,-0.015869999999267748,95,6,1,1.0,-1.0,0.0,True,,1.1e-05
3.0,+,97,22314.4933,7,8,2.0,0.0,2.0,0.04,22314.2703,0.22299999999813735,97,7,8,2.0,0.0,2.0,True,,2.2e-07
3.0,+,105,23462.56796,6,2,1.0,1.0,2.0,1.96,23462.0324,0.5355600000002596,105,6,2,1.0,1.0,2.0,True,,1.1e-05
3.0,+,106,23484.52133,6,2,1.0,0.0,1.0,1.44,23484.462,0.0593300000000454,106,6,2,1.0,0.0,1.0,True,,7.7e-06
3.0,+,107,23504.43587,6,2,1.0,-1.0,0.0,1.69,23504.4071,0.02877000000080443,107,6,2,1.0,-1.0,0.0,True,,9.1e-06
3.0,+,120,25138.47263,6,3,1.0,1.0,2.0,8.41,25138.501,-0.028369999999995343,120,6,3,1.0,1.0,2.0,True,,4.5e-05
3.0,+,121,25159.96477,6,3,1.0,0.0,1.0,7.84,25160.0141,-0.04933000000164611,121,6,3,1.0,0.0,1.0,True,,4.2e-05
3.0,+,122,25179.58763,6,3,1.0,-1.0,0.0,5.76,25179.5877,-6.999999823165126e-05,122,6,3,1.0,-1.0,0.0,True,,3.1e-05
3.0,+,131,26769.28433,6,4,1.0,1.0,2.0,1.0,26769.187,0.09732999999687308,131,6,4,1.0,1.0,2.0,True,,5.4e-06
3.0,+,132,26790.51357,6,4,1.0,0.0,1.0,1.21,26790.3971,0.11647000000084518,132,6,4,1.0,0.0,1.0,True,,6.5e-06
3.0,+,133,26809.73595,6,4,1.0,-1.0,0.0,1.0,26809.8427,-0.10675000000264845,133,6,4,1.0,-1.0,0.0,True,,5.4e-06
3.0,+,145,28350.01462,6,5,1.0,1.0,2.0,7.84,28350.0183,-0.0036799999979848508,145,6,5,1.0,1.0,2.0,True,,4.2e-05
3.0,+,146,28370.76665,6,5,1.0,0.0,1.0,6.25,28370.8214,-0.05474999999933061,146,6,5,1.0,0.0,1.0,True,,3.4e-05
3.0,+,147,28389.76717,6,5,1.0,-1.0,0.0,5.29,28389.7605,0.0066699999988486525,147,6,5,1.0,-1.0,0.0,True,,2.8e-05
3.0,+,159,29872.42121,6,6,1.0,1.0,2.0,0.25,29873.5812,-1.159990000000107,159,6,6,1.0,1.0,2.0,True,,1.3e-06
3.0,+,160,29894.1751,6,6,1.0,0.0,1.0,0.49,29893.9737,0.2014000000017404,160,6,6,1.0,0.0,1.0,True,,2.6e-06
3.0,+,161,29914.12884,6,6,1.0,-1.0,0.0,0.16,29912.5817,1.5471400000024005,161,6,6,1.0,-1.0,0.0,True,,8.6e-07
3.0,+,170,31332.39306,6,7,1.0,1.0,2.0,2.25,31332.4667,-0.07364000000234228,170,6,7,1.0,1.0,2.0,True,,1.2e-05
3.0,+,171,31352.0965,6,7,1.0,0.0,1.0,3.24,31352.1865,-0.09000000000014552,171,6,7,1.0,0.0,1.0,True,,1.7e-05
3.0,+,172,31370.27054,6,7,1.0,-1.0,0.0,0.81,31370.2581,0.012440000002243323,172,6,7,1.0,-1.0,0.0,True,,4.4e-06
3.0,+,181,32716.97417,6,8,1.0,1.0,2.0,1.21,32717.1001,-0.1259299999983341,181,6,8,1.0,1.0,2.0,True,,6.5e-06
3.0,+,182,32736.40271,6,8,1.0,0.0,1.0,1.0,32736.3529,0.04980999999679625,182,6,8,1.0,0.0,1.0,True,,5.4e-06
3.0,+,183,32754.13464,6,8,1.0,-1.0,0.0,0.16,32753.9689,0.16574000000036904,183,6,8,1.0,-1.0,0.0,True,,8.6e-07
3.0,+,192,34020.72624,6,9,1.0,1.0,2.0,0.0015,34020.7525,-0.026259999998728745,192,6,9,1.0,1.0,2.0,True,,8.1e-09
3.0,+,193,34039.43079,6,9,1.0,0.0,1.0,0.0015,34039.1571,0.27369000000180677,193,6,9,1.0,0.0,1.0,True,,8.1e-09
3.0,+,195,34056.5159,6,9,1.0,-1.0,0.0,0.0004,34056.3796,0.13629999999830034,194,6,9,1.0,-1.0,0.0,True,,2.2e-09
3.0,+,209,35241.24826,6,10,1.0,1.0,2.0,0.062,35241.5324,-0.28413999999611406,205,6,10,1.0,1.0,2.0,True,,3.3e-07
3.0,+,210,35259.30767,6,10,1.0,0.0,1.0,0.0316,35259.4277,-0.1200299999982235,207,6,10,1.0,0.0,1.0,True,,1.7e-07
3.0,+,211,35275.91812,6,10,1.0,-1.0,0.0,0.0155,35275.8306,0.08752000000094995,208,6,10,1.0,-1.0,0.0,True,,8.3e-08
3.0,+,220,36384.00272,6,11,1.0,1.0,2.0,0.0025,36385.0384,-1.0356800000008661,217,6,11,1.0,1.0,2.0,True,,1.3e-08
3.0,+,221,36401.55079,6,11,1.0,0.0,1.0,0.0011,36402.2075,-0.6567099999956554,218,6,11,1.0,0.0,1.0,True,,5.9e-09
3.0,+,231,37459.76505,6,12,1.0,1.0,2.0,0.0087,37460.2046,-0.43954999999550637,228,6,12,1.0,1.0,2.0,True,,4.7e-08
3.0,+,232,37476.8055,6,12,1.0,0.0,1.0,0.0118,37476.6635,0.14199999999982538,229,6,12,1.0,0.0,1.0,True,,6.3e-08
3.0,+,233,37492.38626,6,12,1.0,-1.0,0.0,0.0022,37491.9541,0.43215999999665655,230,6,12,1.0,-1.0,0.0,True,,1.2e-08
3.0,-,2,612.1917,2,0,-1.0,-1.0,-2.0,576.0,612.1905,0.001199999999926149,2,2,0,-1.0,-1.0,-2.0,True,,0.0031
3.0,-,3,635.1293,2,0,-1.0,0.0,-1.0,676.0,635.1334,-0.004100000000107684,3,2,0,-1.0,0.0,-1.0,True,,0.0036
3.0,-,4,654.64219,2,0,-1.0,1.0,0.0,441.0,654.6379,0.004290000000082728,4,2,0,-1.0,1.0,0.0,True,,0.0024
3.0,-,6,2230.10339,2,1,-1.0,-1.0,-2.0,9.61,2230.0953,0.008090000000265718,6,2,1,-1.0,-1.0,-2.0,True,,5.2e-05
3.0,-,7,2252.9416,2,1,-1.0,0.0,-1.0,6.76,2252.938,0.0036000000000058208,7,2,1,-1.0,0.0,-1.0,True,,3.6e-05
3.0,-,8,2272.3405,2,1,-1.0,1.0,0.0,7.29,2272.3432,-0.0027000000000043656,8,2,1,-1.0,1.0,0.0,True,,3.9e-05
3.0,-,10,3824.69484,2,2,-1.0,-1.0,-2.0,9.0,3824.7378,-0.042959999999766296,10,2,2,-1.0,-1.0,-2.0,True,,4.8e-05
3.0,-,11,3847.44236,2,2,-1.0,0.0,-1.0,5.29,3847.4834,-0.04104000000006636,11,2,2,-1.0,0.0,-1.0,True,,2.8e-05
3.0,-,12,3866.7498,2,2,-1.0,1.0,0.0,3.61,3866.7925,-0.042699999999967986,12,2,2,-1.0,1.0,0.0,True,,1.9e-05
3.0,-,13,5395.95745,2,3,-1.0,-1.0,-2.0,4.0,5395.9454,0.01205000000027212,13,2,3,-1.0,-1.0,-2.0,True,,2.2e-05
3.0,-,15,5418.60487,2,3,-1.0,0.0,-1.0,2.89,5418.5972,0.007669999999961874,15,2,3,-1.0,0.0,-1.0,True,,1.6e-05
3.0,-,16,5437.81315,2,3,-1.0,1.0,0.0,1.69,5437.8143,-0.001150000000052387,16,2,3,-1.0,1.0,0.0,True,,9.1e-06
3.0,-,19,6943.88108,2,4,-1.0,-1.0,-2.0,2.56,6943.8246,0.056480000000192376,19,2,4,-1.0,-1.0,-2.0,True,,1.4e-05
3.0,-,20,6966.43737,2,4,-1.0,0.0,-1.0,1.21,6966.3847,0.052670000000034634,20,2,4,-1.0,0.0,-1.0,True,,6.5e-06
3.0,-,21,6985.53935,2,4,-1.0,1.0,0.0,0.36,6985.5142,0.025150000000394357,21,2,4,-1.0,1.0,0.0,True,,1.9e-06
3.0,-,25,8287.68254,3,0,-1.0,0.0,-1.0,625.0,8287.6815,0.0010399999991932418,25,3,0,-1.0,0.0,-1.0,True,,0.0034
3.0,-,26,8468.45169,2,5,-1.0,-1.0,-2.0,3.24,8468.4028,0.04889000000002852,26,2,5,-1.0,-1.0,-2.0,True,,1.7e-05
3.0,-,27,8490.92148,2,5,-1.0,0.0,-1.0,4.0,8490.8691,0.05238000000099419,27,2,5,-1.0,0.0,-1.0,True,,2.2e-05
3.0,-,28,8509.91295,2,5,-1.0,1.0,0.0,1.44,8509.919,-0.006049999999959255,28,2,5,-1.0,1.0,0.0,True,,7.7e-06
3.0,-,32,9299.4418,5,0,0.0,-1.0,-1.0,1024.0,9299.4417,0.00010000000111176632,32,5,0,0.0,-1.0,-1.0,True,,0.0055
3.0,-,33,9871.52363,3,1,-1.0,0.0,-1.0,6.76,9871.5311,-0.0074700000004668254,33,3,1,-1.0,0.0,-1.0,True,,3.6e-05
3.0,-,34,9969.69113,2,6,-1.0,-1.0,-2.0,0.36,9969.6452,0.045929999998406856,34,2,6,-1.0,-1.0,-2.0,True,,1.9e-06
3.0,-,35,9992.05226,2,6,-1.0,0.0,-1.0,0.16,9992.0351,0.017160000001240405,35,2,6,-1.0,0.0,-1.0,True,,8.6e-07
3.0,-,36,10010.95185,2,6,-1.0,1.0,0.0,0.09,10010.9926,-0.040750000000116415,36,2,6,-1.0,1.0,0.0,True,,4.8e-07
3.0,-,40,11331.04962,5,1,0.0,-1.0,-1.0,13.69,11331.0311,0.018519999999625725,40,5,1,0.0,-1.0,-1.0,True,,7.4e-05
3.0,-,41,11431.14458,3,2,-1.0,0.0,-1.0,4.41,11431.1933,-0.048720000000685104,41,3,2,-1.0,0.0,-1.0,True,,2.4e-05
3.0,-,42,11447.61757,2,7,-1.0,-1.0,-2.0,0.64,11447.5169,0.10066999999980908,42,2,7,-1.0,-1.0,-2.0,True,,3.4e-06
3.0,-,43,11469.83593,2,7,-1.0,0.0,-1.0,0.64,11469.9134,-0.07747000000017579,43,2,7,-1.0,0.0,-1.0,True,,3.4e-06
3.0,-,44,11488.66528,2,7,-1.0,1.0,0.0,0.25,11488.6979,-0.03261999999995169,44,2,7,-1.0,1.0,0.0,True,,1.3e-06
3.0,-,49,12902.09164,2,8,-1.0,-1.0,-2.0,0.81,12901.9836,0.10804000000098313,49,2,8,-1.0,-1.0,-2.0,True,,4.4e-06
3.0,-,50,12924.29916,2,8,-1.0,0.0,-1.0,0.81,12924.1774,0.12175999999999476,50,2,8,-1.0,0.0,-1.0,True,,4.4e-06
3.0,-,51,12942.81793,2,8,-1.0,1.0,0.0,0.81,12943.0068,-0.1888699999999517,51,2,8,-1.0,1.0,0.0,True,,4.4e-06
3.0,-,52,12966.49489,3,3,-1.0,0.0,-1.0,3.24,12966.5056,-0.010710000000472064,52,3,3,-1.0,0.0,-1.0,True,,1.7e-05
3.0,-,56,13333.85896,5,2,0.0,-1.0,-1.0,2.25,13334.0922,-0.23323999999956868,56,5,2,0.0,-1.0,-1.0,True,,1.2e-05
3.0,-,58,14333.28494,2,9,-1.0,-1.0,-2.0,0.0533,14333.0816,0.2033400000000256,58,2,9,-1.0,-1.0,-2.0,True,,2.9e-07
3.0,-,59,14355.36226,2,9,-1.0,0.0,-1.0,0.0726,14355.2377,0.1245600000002014,59,2,9,-1.0,0.0,-1.0,True,,3.9e-07
3.0,-,60,14373.96732,2,9,-1.0,1.0,0.0,0.03,14373.9469,0.020419999998921412,60,2,9,-1.0,1.0,0.0,True,,1.6e-07
3.0,-,61,14477.50446,3,4,-1.0,0.0,-1.0,2.56,14477.4755,0.028959999999642605,61,3,4,-1.0,0.0,-1.0,True,,1.4e-05
3.0,-,66,15306.60244,5,3,0.0,-1.0,-1.0,4.41,15306.6021,0.0003400000005058246,66,5,3,0.0,-1.0,-1.0,True,,2.4e-05
3.0,-,68,15741.15818,2,10,-1.0,-1.0,-2.0,0.0028,15740.9103,0.247880000000805,68,2,10,-1.0,-1.0,-2.0,True,,1.5e-08
3.0,-,69,15763.12259,2,10,-1.0,0.0,-1.0,0.0013,15763.0347,0.08789000000069791,69,2,10,-1.0,0.0,-1.0,True,,7e-09
3.0,-,70,15781.64423,2,10,-1.0,1.0,0.0,0.0003,15781.6206,0.023629999999684514,70,2,10,-1.0,1.0,0.0,True,,1.6e-09
3.0,-,74,15964.08498,3,5,-1.0,0.0,-1.0,1.0,15964.0451,0.03988000000026659,74,3,5,-1.0,0.0,-1.0,True,,5.4e-06
3.0,-,77,17125.62486,2,11,-1.0,-1.0,-2.0,0.0099,17125.6511,-0.026239999999233987,77,2,11,-1.0,-1.0,-2.0,True,,5.3e-08
3.0,-,78,17147.54239,2,11,-1.0,0.0,-1.0,0.0069,17147.4669,0.07548999999926309,78,2,11,-1.0,0.0,-1.0,True,,3.7e-08
3.0,-,79,17165.87559,2,11,-1.0,1.0,0.0,0.0011,17166.2131,-0.33751000000120257,79,2,11,-1.0,1.0,0.0,True,,5.9e-09
3.0,-,84,17426.17422,3,6,-1.0,0.0,-1.0,0.16,17426.1098,0.06442000000242842,84,3,6,-1.0,0.0,-1.0,True,,8.6e-07
3.0,-,87,18486.86167,2,12,-1.0,-1.0,-2.0,0.0022,18487.6004,-0.7387300000009418,87,2,12,-1.0,-1.0,-2.0,True,,1.2e-08
3.0,-,89,18508.64039,2,12,-1.0,0.0,-1.0,0.0002,18509.5318,-0.8914100000001781,89,2,12,-1.0,0.0,-1.0,True,,1.1e-09
3.0,-,93,18863.65625,3,7,-1.0,0.0,-1.0,0.04,18863.5553,0.10095000000001164,93,3,7,-1.0,0.0,-1.0,True,,2.2e-07
3.0,-,94,19157.50261,5,5,0.0,-1.0,-1.0,1.44,19157.5213,-0.01869000000078813,94,5,5,0.0,-1.0,-1.0,True,,7.7e-06
3.0,-,99,19824.76821,2,13,-1.0,-1.0,-2.0,0.0019,19827.1143,-2.3460900000027323,99,2,13,-1.0,-1.0,-2.0,True,,1e-08
3.0,-,101,19846.4543,2,13,-1.0,0.0,-1.0,0.0002,19849.0072,-2.552899999998772,101,2,13,-1.0,0.0,-1.0,True,,1.1e-09
3.0,-,106,20276.46957,3,8,-1.0,0.0,-1.0,0.01,20276.3207,0.14887000000089756,106,3,8,-1.0,0.0,-1.0,True,,5.4e-08
3.0,-,111,21032.54971,5,6,0.0,-1.0,-1.0,0.49,21032.5407,0.009009999997942941,111,5,6,0.0,-1.0,-1.0,True,,2.6e-06
3.0,-,113,21139.3925,2,14,-1.0,-1.0,-2.0,0.0017,21144.6406,-5.248099999997066,113,2,14,-1.0,-1.0,-2.0,True,,9.1e-09
3.0,-,116,21664.4998,3,9,-1.0,0.0,-1.0,0.0015,21664.2852,0.2146000000029744,116,3,9,-1.0,0.0,-1.0,True,,8.1e-09
3.0,-,128,22871.60638,5,7,0.0,-1.0,-1.0,0.64,22871.5841,0.022280000001046574,128,5,7,0.0,-1.0,-1.0,True,,3.4e-06
3.0,-,129,23027.62355,3,10,-1.0,0.0,-1.0,0.0013,23027.359,0.26454999999987194,129,3,10,-1.0,0.0,-1.0,True,,7e-09
3.0,-,141,24365.73105,3,11,-1.0,0.0,-1.0,0.0011,24365.4382,0.29284999999799766,141,3,11,-1.0,0.0,-1.0,True,,5.9e-09
3.0,-,155,25678.68494,3,12,-1.0,0.0,-1.0,0.0022,25678.4117,0.2732399999986228,155,3,12,-1.0,0.0,-1.0,True,,1.2e-08
3.0,-,170,26966.33237,3,13,-1.0,0.0,-1.0,0.0019,26966.1479,0.18447000000014668,170,3,13,-1.0,0.0,-1.0,True,,1e-08
3.0,-,181,28228.50175,3,14,-1.0,0.0,-1.0,0.0008,28228.4887,0.013049999997747364,181,3,14,-1.0,0.0,-1.0,True,,4.3e-09
3.0,-,193,29464.98522,3,15,-1.0,0.0,-1.0,0.0015,29465.2358,-0.2505799999998999,193,3,15,-1.0,0.0,-1.0,True,,8.1e-09
3.0,-,207,30675.5734,3,16,-1.0,0.0,-1.0,0.0002,30676.1548,-0.5813999999991211,207,3,16,-1.0,0.0,-1.0,True,,1.1e-09
4.0,+,1,36.2234,1,0,0.0,0.0,0.0,784.0,36.2192,0.004199999999997317,1,1,0,0.0,0.0,0.0,True,,0.0042
4.0,+,5,1863.33755,1,1,0.0,0.0,0.0,110.89,1863.3358,0.0017499999999017746,5,1,1,0.0,0.0,0.0,True,,0.0006
4.0,+,9,3662.16523,1,2,0.0,0.0,0.0,7.84,3662.1478,0.0174299999998766,9,1,2,0.0,0.0,0.0,True,,4.2e-05
4.0,+,15,5431.79158,1,3,0.0,0.0,0.0,4.0,5431.715,0.07657999999992171,15,1,3,0.0,0.0,0.0,True,,2.2e-05
4.0,+,17,6265.21957,4,0,0.0,1.0,1.0,676.0,6265.2098,0.0097700000005716,17,4,0,0.0,1.0,1.0,True,,0.0036
4.0,+,18,6292.02799,4,0,0.0,0.0,0.0,529.0,6292.0251,0.0028899999997520354,18,4,0,0.0,0.0,0.0,True,,0.0028
4.0,+,22,7171.06447,1,4,0.0,0.0,0.0,2.89,7170.9188,0.14566999999988184,22,1,4,0.0,0.0,0.0,True,,1.6e-05
4.0,+,23,7713.15081,4,1,0.0,1.0,1.0,5.76,7713.1502,0.0006100000000515138,23,4,1,0.0,1.0,1.0,True,,3.1e-05
4.0,+,24,7739.66497,4,1,0.0,0.0,0.0,4.0,7739.6697,-0.00473000000056345,24,4,1,0.0,0.0,0.0,True,,2.2e-05
4.0,+,29,8878.43203,1,5,0.0,0.0,0.0,2.89,8878.2591,0.1729300000006333,29,1,5,0.0,0.0,0.0,True,,1.6e-05
4.0,+,30,9138.9169,4,2,0.0,1.0,1.0,7.84,9138.9677,-0.05079999999907159,30,4,2,0.0,1.0,1.0,True,,4.2e-05
4.0,+,31,9165.13353,4,2,0.0,0.0,0.0,4.84,9165.1913,-0.05777000000125554,31,4,2,0.0,0.0,0.0,True,,2.6e-05
4.0,+,37,10542.53928,4,3,0.0,1.0,1.0,2.89,10542.5886,-0.049319999998260755,37,4,3,0.0,1.0,1.0,True,,1.6e-05
4.0,+,38,10551.84487,1,6,0.0,0.0,0.0,0.25,10551.7455,0.09936999999990803,38,1,6,0.0,0.0,0.0,True,,1.3e-06
4.0,+,39,10568.53608,4,3,0.0,0.0,0.0,2.56,10568.5962,-0.06012000000009721,39,4,3,0.0,0.0,0.0,True,,1.4e-05
4.0,+,45,11888.19937,7,0,2.0,0.0,2.0,25.0,11888.1622,0.03716999999960535,45,7,0,2.0,0.0,2.0,True,,0.00013
4.0,+,46,11924.22704,4,4,0.0,1.0,1.0,0.81,11924.2598,-0.03276000000005297,46,4,4,0.0,1.0,1.0,True,,4.4e-06
4.0,+,47,11949.86199,4,4,0.0,0.0,0.0,0.64,11949.8913,-0.02930999999989581,47,4,4,0.0,0.0,0.0,True,,3.4e-06
4.0,+,48,12188.40039,1,7,0.0,0.0,0.0,0.64,12188.4603,-0.059909999999945285,48,1,7,0.0,0.0,0.0,True,,3.4e-06
4.0,+,53,13272.4023,7,1,2.0,0.0,2.0,0.25,13272.3841,0.018200000000433647,53,7,1,2.0,0.0,2.0,True,,1.3e-06
4.0,+,54,13283.92774,4,5,0.0,1.0,1.0,0.36,13283.9358,-0.008060000000114087,54,4,5,0.0,1.0,1.0,True,,1.9e-06
4.0,+,55,13309.2886,4,5,0.0,0.0,0.0,0.49,13309.2715,0.017099999999118154,55,4,5,0.0,0.0,0.0,True,,2.6e-06
4.0,+,57,13784.35297,1,8,0.0,0.0,0.0,0.16,13784.3565,-0.00352999999995518,57,1,8,0.0,0.0,0.0,True,,8.6e-07
4.0,+,62,14621.8183,4,6,0.0,1.0,1.0,0.25,14621.7796,0.03870000000097207,62,4,6,0.0,1.0,1.0,True,,1.3e-06
4.0,+,63,14633.73711,7,2,2.0,0.0,2.0,0.36,14633.7405,-0.0033899999998538988,63,7,2,2.0,0.0,2.0,True,,1.9e-06
4.0,+,64,14646.86529,4,6,0.0,0.0,0.0,0.16,14646.8194,0.04588999999941734,64,4,6,0.0,0.0,0.0,True,,8.6e-07
4.0,+,65,15226.01244,8,0,0.0,0.0,0.0,36.0,15226.0293,-0.016859999999724096,65,8,0,0.0,0.0,0.0,True,,0.00019
4.0,+,71,15937.93771,4,7,0.0,1.0,1.0,0.09,15937.915,0.022709999999278807,71,4,7,0.0,1.0,1.0,True,,4.8e-07
4.0,+,72,15962.68705,4,7,0.0,0.0,0.0,0.09,15962.6587,0.028350000000500586,72,4,7,0.0,0.0,0.0,True,,4.8e-07
4.0,+,73,15972.2664,7,3,2.0,0.0,2.0,0.36,15972.2459,0.02050000000053842,73,7,3,2.0,0.0,2.0,True,,1.9e-06
4.0,+,75,16646.28627,8,1,0.0,0.0,0.0,0.36,16646.287,-0.0007299999997485429,75,8,1,0.0,0.0,0.0,True,,1.9e-06
4.0,+,80,17232.40588,4,8,0.0,1.0,1.0,0.04,17232.4615,-0.055620000002818415,80,4,8,0.0,1.0,1.0,True,,2.2e-07
4.0,+,81,17256.84736,4,8,0.0,0.0,0.0,0.09,17256.9091,-0.06174000000100932,81,4,8,0.0,0.0,0.0,True,,4.8e-07
4.0,+,83,17288.04889,7,4,2.0,0.0,2.0,0.49,17288.0075,0.04138999999850057,83,7,4,2.0,0.0,2.0,True,,2.6e-06
4.0,+,85,18065.6312,8,2,0.0,0.0,0.0,0.09,18065.9663,-0.33510000000023865,85,8,2,0.0,0.0,0.0,True,,4.8e-07
4.0,+,92,18581.15699,7,5,2.0,0.0,2.0,0.25,18581.1014,0.0555899999999383,92,7,5,2.0,0.0,2.0,True,,1.3e-06
4.0,+,95,19486.52865,8,3,0.0,0.0,0.0,0.09,19486.4735,0.0551500000001397,95,8,3,0.0,0.0,0.0,True,,4.8e-07
4.0,+,100,19851.61753,7,6,2.0,0.0,2.0,0.36,19851.4712,0.14632999999957974,100,7,6,2.0,0.0,2.0,True,,1.9e-06
4.0,+,103,20004.71413,6,0,1.0,1.0,2.0,324.0,20004.8538,-0.13967000000047847,103,6,0,1.0,1.0,2.0,True,,0.0017
4.0,+,104,20028.42314,6,0,1.0,0.0,1.0,121.0,20028.4374,-0.014259999999922002,104,6,0,1.0,0.0,1.0,True,,0.00065
4.0,+,105,20050.79738,6,0,1.0,-1.0,0.0,196.0,20050.8476,-0.050220000000990694,105,6,0,1.0,-1.0,0.0,True,,0.0011
4.0,+,112,21099.58502,7,7,2.0,0.0,2.0,0.16,21099.4561,0.1289199999991979,112,7,7,2.0,0.0,2.0,True,,8.6e-07
4.0,+,117,21758.21855,6,1,1.0,1.0,2.0,2.56,21758.2853,-0.06674999999813735,117,6,1,1.0,1.0,2.0,True,,1.4e-05
4.0,+,118,21781.68424,6,1,1.0,0.0,1.0,2.89,21781.7063,-0.022060000002966262,118,6,1,1.0,0.0,1.0,True,,1.6e-05
4.0,+,119,21803.80493,6,1,1.0,-1.0,0.0,1.69,21803.8893,-0.08437000000049011,119,6,1,1.0,-1.0,0.0,True,,9.1e-06
4.0,+,124,22325.04652,7,8,2.0,0.0,2.0,0.04,22324.8278,0.21872000000075786,124,7,8,2.0,0.0,2.0,True,,2.2e-07
4.0,+,133,23474.22659,6,2,1.0,1.0,2.0,1.96,23473.71,0.5165899999992689,133,6,2,1.0,1.0,2.0,True,,1.1e-05
4.0,+,134,23497.52622,6,2,1.0,0.0,1.0,1.21,23497.3252,0.20102000000042608,134,6,2,1.0,0.0,1.0,True,,6.5e-06
4.0,+,135,23519.40579,6,2,1.0,-1.0,0.0,0.49,23519.4335,-0.027709999998478452,135,6,2,1.0,-1.0,0.0,True,,2.6e-06
4.0,+,151,25149.99359,6,3,1.0,1.0,2.0,4.84,25149.9805,0.013089999996736879,151,6,3,1.0,1.0,2.0,True,,2.6e-05
4.0,+,152,25172.86015,6,3,1.0,0.0,1.0,6.25,25172.8312,0.028949999999895226,152,6,3,1.0,0.0,1.0,True,,3.4e-05
4.0,+,153,25194.44874,6,3,1.0,-1.0,0.0,5.29,25194.4908,-0.04205999999976484,153,6,3,1.0,-1.0,0.0,True,,2.8e-05
4.0,+,165,26780.56819,6,4,1.0,1.0,2.0,0.49,26780.4984,0.06979000000137603,165,6,4,1.0,1.0,2.0,True,,2.6e-06
4.0,+,166,26803.03161,6,4,1.0,0.0,1.0,0.09,26803.1112,-0.07959000000118976,166,6,4,1.0,0.0,1.0,True,,4.8e-07
4.0,+,167,26824.28277,6,4,1.0,-1.0,0.0,1.0,26823.95,0.33277000000089174,168,6,4,1.0,-1.0,0.0,True,,5.4e-06
4.0,+,182,28361.1501,6,5,1.0,1.0,2.0,3.61,28361.1423,0.007799999999406282,182,6,5,1.0,1.0,2.0,True,,1.9e-05
4.0,+,183,28383.24507,6,5,1.0,0.0,1.0,6.76,28383.235,0.01007000000026892,183,6,5,1.0,0.0,1.0,True,,3.6e-05
4.0,+,184,28404.14622,6,5,1.0,-1.0,0.0,4.0,28404.2227,-0.07647999999971944,184,6,5,1.0,-1.0,0.0,True,,2.2e-05
4.0,+,199,29882.2715,6,6,1.0,1.0,2.0,0.36,29884.4968,-2.22530000000188,199,6,6,1.0,1.0,2.0,True,,1.9e-06
4.0,+,200,29906.59448,6,6,1.0,0.0,1.0,0.49,29906.1862,0.4082799999996496,200,6,6,1.0,0.0,1.0,True,,2.6e-06
4.0,+,201,29928.19574,6,6,1.0,-1.0,0.0,0.25,29926.64,1.555739999999787,201,6,6,1.0,-1.0,0.0,True,,1.3e-06
4.0,+,215,31343.06959,6,7,1.0,1.0,2.0,1.0,31343.1263,-0.05671000000074855,215,6,7,1.0,1.0,2.0,True,,5.4e-06
4.0,+,216,31364.11926,6,7,1.0,0.0,1.0,1.96,31364.0996,0.019659999998111743,216,6,7,1.0,0.0,1.0,True,,1.1e-05
4.0,+,217,31384.1434,6,7,1.0,-1.0,0.0,1.69,31384.223,-0.07960000000093714,217,6,7,1.0,-1.0,0.0,True,,9.1e-06
4.0,+,229,32727.483,6,8,1.0,1.0,2.0,0.64,32727.5032,-0.02019999999902211,229,6,8,1.0,1.0,2.0,True,,3.4e-06
4.0,+,230,32747.96539,6,8,1.0,0.0,1.0,0.04,32747.9957,-0.030309999998280546,230,6,8,1.0,0.0,1.0,True,,2.2e-07
4.0,+,231,32767.53094,6,8,1.0,-1.0,0.0,0.01,32767.4788,0.05213999999978114,231,6,8,1.0,-1.0,0.0,True,,5.4e-08
4.0,+,242,34030.85272,6,9,1.0,1.0,2.0,0.0004,34030.8353,0.0174200000037672,242,6,9,1.0,1.0,2.0,True,,2.2e-09
4.0,+,243,34050.73479,6,9,1.0,0.0,1.0,0.0015,34050.6091,0.12569000000075903,243,6,9,1.0,0.0,1.0,True,,8.1e-09
4.0,+,245,34065.60593,6,9,1.0,-1.0,0.0,0.0,34068.8731,-3.267169999999169,244,6,9,1.0,-1.0,0.0,True,,0.0
4.0,+,263,35251.07556,6,10,1.0,1.0,2.0,0.0202,35251.3239,-0.24834000000555534,259,6,10,1.0,1.0,2.0,True,,1.1e-07
4.0,+,264,35270.4303,6,10,1.0,0.0,1.0,0.0202,35270.3771,0.05320000000210712,261,6,10,1.0,0.0,1.0,True,,1.1e-07
4.0,+,265,35288.85356,6,10,1.0,-1.0,0.0,0.0079,35288.7108,0.14276000000245403,262,6,10,1.0,-1.0,0.0,True,,4.2e-08
4.0,+,276,36393.52963,6,11,1.0,1.0,2.0,0.0025,36394.519,-0.9893700000029639,273,6,11,1.0,1.0,2.0,True,,1.3e-08
4.0,+,277,36412.33489,6,11,1.0,0.0,1.0,0.0011,36412.8539,-0.5190100000036182,274,6,11,1.0,0.0,1.0,True,,5.9e-09
4.0,+,290,37469.0103,6,12,1.0,1.0,2.0,0.006,37469.3856,-0.3752999999996973,287,6,12,1.0,1.0,2.0,True,,3.2e-08
4.0,+,291,37487.28517,6,12,1.0,0.0,1.0,0.0038,37487.0118,0.2733700000026147,288,6,12,1.0,0.0,1.0,True,,2e-08
4.0,+,292,37504.70763,6,12,1.0,-1.0,0.0,0.0022,37503.9426,0.7650299999950221,289,6,12,1.0,-1.0,0.0,True,,1.2e-08
4.0,-,1,623.47744,2,0,-1.0,-1.0,-2.0,484.0,623.4716,0.005840000000034706,1,2,0,-1.0,-1.0,-2.0,True,,0.0026
4.0,-,2,648.04587,2,0,-1.0,0.0,-1.0,625.0,648.0497,-0.0038299999999935608,2,2,0,-1.0,0.0,-1.0,True,,0.0034
4.0,-,3,670.76602,2,0,-1.0,1.0,0.0,484.0,670.7554,0.010620000000017171,3,2,0,-1.0,1.0,0.0,True,,0.0026
4.0,-,4,2241.27933,2,1,-1.0,-1.0,-2.0,7.84,2241.2695,0.009829999999965366,4,2,1,-1.0,-1.0,-2.0,True,,4.2e-05
4.0,-,5,2265.72681,2,1,-1.0,0.0,-1.0,6.25,2265.7219,0.004910000000108994,5,2,1,-1.0,0.0,-1.0,True,,3.4e-05
4.0,-,6,2288.30498,2,1,-1.0,1.0,0.0,7.84,2288.2853,0.019679999999880238,6,2,1,-1.0,1.0,0.0,True,,4.2e-05
4.0,-,7,3835.76407,2,2,-1.0,-1.0,-2.0,4.41,3835.8046,-0.04052999999976237,7,2,2,-1.0,-1.0,-2.0,True,,2.4e-05
4.0,-,8,3860.09029,2,2,-1.0,0.0,-1.0,4.84,3860.1345,-0.044210000000020955,8,2,2,-1.0,0.0,-1.0,True,,2.6e-05
4.0,-,9,3882.52826,2,2,-1.0,1.0,0.0,4.0,3882.557,-0.028739999999743304,9,2,2,-1.0,1.0,0.0,True,,2.2e-05
4.0,-,10,5406.82009,2,3,-1.0,-1.0,-2.0,1.0,5406.905,-0.08490999999958149,10,2,3,-1.0,-1.0,-2.0,True,,5.4e-06
4.0,-,11,5431.12337,2,3,-1.0,0.0,-1.0,1.96,5431.1158,0.007570000000669097,11,2,3,-1.0,0.0,-1.0,True,,1.1e-05
4.0,-,12,5453.42295,2,3,-1.0,1.0,0.0,2.25,5453.3991,0.02385000000049331,12,2,3,-1.0,1.0,0.0,True,,1.2e-05
4.0,-,14,6954.72784,2,4,-1.0,-1.0,-2.0,1.0,6954.6768,0.05103999999937514,14,2,4,-1.0,-1.0,-2.0,True,,5.4e-06
4.0,-,15,6978.82189,2,4,-1.0,0.0,-1.0,1.0,6978.7715,0.05039000000033411,15,2,4,-1.0,0.0,-1.0,True,,5.4e-06
4.0,-,16,7000.98819,2,4,-1.0,1.0,0.0,0.64,7000.915,0.07319000000006781,16,2,4,-1.0,1.0,0.0,True,,3.4e-06
4.0,-,18,8300.54976,3,0,-1.0,0.0,-1.0,441.0,8300.5443,0.005460000000311993,18,3,0,-1.0,0.0,-1.0,True,,0.0024
4.0,-,19,8479.1913,2,5,-1.0,-1.0,-2.0,2.25,8479.1468,0.044499999999970896,19,2,5,-1.0,-1.0,-2.0,True,,1.2e-05
4.0,-,20,8503.15755,2,5,-1.0,0.0,-1.0,2.56,8503.1272,0.03034999999908905,20,2,5,-1.0,0.0,-1.0,True,,1.4e-05
4.0,-,21,8525.19288,2,5,-1.0,1.0,0.0,0.81,8525.1206,0.07228000000031898,21,2,5,-1.0,1.0,0.0,True,,4.4e-06
4.0,-,23,9299.76815,5,0,0.0,-1.0,-1.0,729.0,9299.6684,0.09974999999940337,23,5,0,0.0,-1.0,-1.0,True,,0.0039
4.0,-,24,9334.35279,5,0,0.0,0.0,0.0,361.0,9334.4529,-0.10010999999940395,24,5,0,0.0,0.0,0.0,True,,0.0019
4.0,-,25,9884.25429,3,1,-1.0,0.0,-1.0,4.84,9884.2574,-0.003109999999651336,25,3,1,-1.0,0.0,-1.0,True,,2.6e-05
4.0,-,26,9980.3334,2,6,-1.0,-1.0,-2.0,0.36,9980.2825,0.050900000000183354,26,2,6,-1.0,-1.0,-2.0,True,,1.9e-06
4.0,-,27,10004.18586,2,6,-1.0,0.0,-1.0,0.36,10004.1542,0.031659999998737476,27,2,6,-1.0,0.0,-1.0,True,,1.9e-06
4.0,-,28,10026.06119,2,6,-1.0,1.0,0.0,0.25,10026.0369,0.024290000001201406,28,2,6,-1.0,1.0,0.0,True,,1.3e-06
4.0,-,30,11331.26342,5,1,0.0,-1.0,-1.0,12.25,11331.3177,-0.054280000000289874,30,5,1,0.0,-1.0,-1.0,True,,6.6e-05
4.0,-,31,11365.6493,5,1,0.0,0.0,0.0,8.41,11365.4869,0.16239999999925203,31,5,1,0.0,0.0,0.0,True,,4.5e-05
4.0,-,32,11443.74026,3,2,-1.0,0.0,-1.0,4.0,11443.7825,-0.04223999999885564,32,3,2,-1.0,0.0,-1.0,True,,2.2e-05
4.0,-,33,11458.17893,2,7,-1.0,-1.0,-2.0,1.0,11458.0571,0.1218300000000454,33,2,7,-1.0,-1.0,-2.0,True,,5.4e-06
4.0,-,34,11481.92173,2,7,-1.0,0.0,-1.0,0.49,11481.8435,0.07822999999916647,34,2,7,-1.0,0.0,-1.0,True,,2.6e-06
4.0,-,35,11503.5858,2,7,-1.0,1.0,0.0,0.36,11503.8184,-0.23259999999936554,35,2,7,-1.0,1.0,0.0,True,,1.9e-06
4.0,-,38,12912.49147,2,8,-1.0,-1.0,-2.0,0.81,12912.4009,0.09057000000029802,38,2,8,-1.0,-1.0,-2.0,True,,4.4e-06
4.0,-,39,12936.09345,2,8,-1.0,0.0,-1.0,0.81,12936.0495,0.04395000000113214,39,2,8,-1.0,0.0,-1.0,True,,4.4e-06
4.0,-,40,12957.7089,2,8,-1.0,1.0,0.0,0.36,12957.5934,0.11549999999988358,40,2,8,-1.0,1.0,0.0,True,,1.9e-06
4.0,-,41,12978.9515,3,3,-1.0,0.0,-1.0,1.69,12978.9575,-0.006000000001222361,41,3,3,-1.0,0.0,-1.0,True,,9.1e-06
4.0,-,44,13334.20611,5,2,0.0,-1.0,-1.0,1.44,13334.285,-0.07889000000068336,44,5,2,0.0,-1.0,-1.0,True,,7.7e-06
4.0,-,45,13368.12794,5,2,0.0,0.0,0.0,0.49,13368.4087,-0.2807599999996455,45,5,2,0.0,0.0,0.0,True,,2.6e-06
4.0,-,46,14343.59959,2,9,-1.0,-1.0,-2.0,0.0533,14343.3949,0.20469000000048254,46,2,9,-1.0,-1.0,-2.0,True,,2.9e-07
4.0,-,47,14367.0815,2,9,-1.0,0.0,-1.0,0.0448,14366.9478,0.13370000000031723,47,2,9,-1.0,0.0,-1.0,True,,2.4e-07
4.0,-,48,14388.55711,2,9,-1.0,1.0,0.0,0.0181,14388.4698,0.08730999999897904,48,2,9,-1.0,1.0,0.0,True,,9.7e-08
4.0,-,49,14489.8219,3,4,-1.0,0.0,-1.0,1.69,14489.7897,0.03220000000146683,49,3,4,-1.0,0.0,-1.0,True,,9.1e-06
4.0,-,52,15306.86978,5,3,0.0,-1.0,-1.0,4.41,15306.8499,0.019880000001649023,52,5,3,0.0,-1.0,-1.0,True,,2.4e-05
4.0,-,53,15340.56077,5,3,0.0,0.0,0.0,1.69,15340.4107,0.15006999999968684,53,5,3,0.0,0.0,0.0,True,,9.1e-06
4.0,-,54,15751.37964,2,10,-1.0,-1.0,-2.0,0.0028,15751.1202,0.25943999999981315,54,2,10,-1.0,-1.0,-2.0,True,,1.5e-08
4.0,-,55,15774.7467,2,10,-1.0,0.0,-1.0,0.0013,15774.5807,0.16599999999925785,55,2,10,-1.0,0.0,-1.0,True,,7e-09
4.0,-,56,15796.0499,2,10,-1.0,1.0,0.0,0.0003,15796.0934,-0.04349999999976717,56,2,10,-1.0,1.0,0.0,True,,1.6e-09
4.0,-,59,15976.24556,3,5,-1.0,0.0,-1.0,0.25,15976.2212,0.024359999999433057,59,3,5,-1.0,0.0,-1.0,True,,1.3e-06
4.0,-,60,17135.64219,2,11,-1.0,-1.0,-2.0,0.0099,17135.7285,-0.08631000000241329,60,2,11,-1.0,-1.0,-2.0,True,,5.3e-08
4.0,-,61,17160.17857,2,11,-1.0,0.0,-1.0,0.0025,17159.0313,1.1472700000012992,61,2,11,-1.0,0.0,-1.0,True,,1.3e-08
4.0,-,67,17438.20173,3,6,-1.0,0.0,-1.0,0.25,17438.1473,0.054430000000138534,67,3,6,-1.0,0.0,-1.0,True,,1.3e-06
4.0,-,68,18496.83676,2,12,-1.0,-1.0,-2.0,0.001,18497.5888,-0.752040000003035,68,2,12,-1.0,-1.0,-2.0,True,,5.4e-09
4.0,-,73,18875.54796,3,7,-1.0,0.0,-1.0,0.04,18875.4529,0.09505999999964843,73,3,7,-1.0,0.0,-1.0,True,,2.2e-07
4.0,-,74,19157.7867,5,5,0.0,-1.0,-1.0,1.0,19157.7547,0.0319999999992433,74,5,5,0.0,-1.0,-1.0,True,,5.4e-06
4.0,-,75,19190.80341,5,5,0.0,0.0,0.0,0.04,19190.5965,0.2069100000007893,75,5,5,0.0,0.0,0.0,True,,2.2e-07
4.0,-,77,19834.64331,2,13,-1.0,-1.0,-2.0,0.0009,19836.9992,-2.355889999998908,77,2,13,-1.0,-1.0,-2.0,True,,4.8e-09
4.0,-,79,19857.64345,2,13,-1.0,0.0,-1.0,0.0002,19860.1535,-2.510050000000774,79,2,13,-1.0,0.0,-1.0,True,,1.1e-09
4.0,-,84,20288.21937,3,8,-1.0,0.0,-1.0,0.01,20288.0777,0.14166999999724794,84,3,8,-1.0,0.0,-1.0,True,,5.4e-08
4.0,-,86,21032.76742,5,6,0.0,-1.0,-1.0,0.25,21032.8744,-0.10698000000047614,86,5,6,0.0,-1.0,-1.0,True,,1.3e-06
4.0,-,87,21065.49345,5,6,0.0,0.0,0.0,0.01,21064.9526,0.5408500000012282,87,5,6,0.0,0.0,0.0,True,,5.4e-08
4.0,-,89,21149.18281,2,14,-1.0,-1.0,-2.0,0.0008,21154.432,-5.249190000002272,89,2,14,-1.0,-1.0,-2.0,True,,4.3e-09
4.0,-,92,21676.10847,3,9,-1.0,0.0,-1.0,0.0004,21675.9007,0.20777000000089174,92,3,9,-1.0,0.0,-1.0,True,,2.2e-09
4.0,-,101,22871.91299,5,7,0.0,-1.0,-1.0,0.36,22871.807,0.10599000000001979,101,5,7,0.0,-1.0,-1.0,True,,1.9e-06
4.0,-,103,23039.09203,3,10,-1.0,0.0,-1.0,0.0003,23038.832,0.2600300000012794,103,3,10,-1.0,0.0,-1.0,True,,1.6e-09
4.0,-,112,24377.05203,3,11,-1.0,0.0,-1.0,0.0003,24376.7677,0.2843299999985902,112,3,11,-1.0,0.0,-1.0,True,,1.6e-09
4.0,-,123,25689.85321,3,12,-1.0,0.0,-1.0,0.001,25689.5965,0.25671000000147615,123,3,12,-1.0,0.0,-1.0,True,,5.4e-09
4.0,-,135,26977.36968,3,13,-1.0,0.0,-1.0,0.0009,26977.1867,0.18298000000140746,135,3,13,-1.0,0.0,-1.0,True,,4.8e-09
4.0,-,144,28239.37639,3,14,-1.0,0.0,-1.0,0.0002,28239.38,-0.0036099999997531995,144,3,14,-1.0,0.0,-1.0,True,,1.1e-09
5.0,+,13,6292.18337,4,0,0.0,1.0,1.0,841.0,6292.0315,0.15186999999968975,13,4,0,0.0,1.0,1.0,True,,0.0045
5.0,+,17,7739.82792,4,1,0.0,1.0,1.0,8.41,7739.6775,0.15041999999994005,17,4,1,0.0,1.0,1.0,True,,4.5e-05
5.0,+,22,9165.29852,4,2,0.0,1.0,1.0,9.0,9165.2007,0.09782000000086555,22,4,2,0.0,1.0,1.0,True,,4.8e-05
5.0,+,29,10568.66123,4,3,0.0,1.0,1.0,4.41,10568.5818,0.07942999999977474,29,4,3,0.0,1.0,1.0,True,,2.4e-05
5.0,+,36,11902.74942,7,0,2.0,0.0,2.0,36.0,11902.7119,0.037519999999858555,36,7,0,2.0,0.0,2.0,True,,0.00019
5.0,+,37,11950.0234,4,4,0.0,1.0,1.0,0.49,11949.911,0.11239999999997963,37,4,4,0.0,1.0,1.0,True,,2.6e-06
5.0,+,42,13286.78368,7,1,2.0,0.0,2.0,0.25,13286.7646,0.01908000000003085,42,7,1,2.0,0.0,2.0,True,,1.3e-06
5.0,+,43,13309.44801,4,5,0.0,1.0,1.0,1.0,13309.294,0.1540100000001985,43,4,5,0.0,1.0,1.0,True,,5.4e-06
5.0,+,50,14647.02264,4,6,0.0,1.0,1.0,0.25,14646.8454,0.17723999999907392,50,4,6,0.0,1.0,1.0,True,,1.3e-06
5.0,+,51,14647.95045,7,2,2.0,0.0,2.0,0.36,14647.9519,-0.001449999999749707,51,7,2,2.0,0.0,2.0,True,,1.9e-06
5.0,+,57,15962.8466,4,7,0.0,1.0,1.0,0.16,15962.6886,0.15800000000126602,57,4,7,0.0,1.0,1.0,True,,8.6e-07
5.0,+,58,15986.30795,7,3,2.0,0.0,2.0,0.64,15986.2884,0.019550000000890577,58,7,3,2.0,0.0,2.0,True,,3.4e-06
5.0,+,63,17257.01309,4,8,0.0,1.0,1.0,0.09,17256.9428,0.0702899999996589,63,4,8,0.0,1.0,1.0,True,,4.8e-07
5.0,+,65,17301.9223,7,4,2.0,0.0,2.0,0.64,17301.881,0.04129999999713618,65,7,4,2.0,0.0,2.0,True,,3.4e-06
5.0,+,72,18594.86051,7,5,2.0,0.0,2.0,0.49,18594.806,0.054509999998117564,72,7,5,2.0,0.0,2.0,True,,2.6e-06
5.0,+,78,19865.15419,7,6,2.0,0.0,2.0,0.36,19865.0094,0.14479000000210362,78,7,6,2.0,0.0,2.0,True,,1.9e-06
5.0,+,81,20019.83723,6,0,1.0,1.0,2.0,225.0,20019.9653,-0.12806999999884283,81,6,0,1.0,1.0,2.0,True,,0.0012
5.0,+,82,20045.93877,6,0,1.0,0.0,1.0,225.0,20046.0001,-0.061330000000452856,82,6,0,1.0,0.0,1.0,True,,0.0012
5.0,+,83,20071.72342,6,0,1.0,-1.0,0.0,196.0,20071.7135,0.00991999999678228,83,6,0,1.0,-1.0,0.0,True,,0.0011
5.0,+,88,21112.9461,7,7,2.0,0.0,2.0,0.25,21112.822,0.12410000000090804,88,7,7,2.0,0.0,2.0,True,,1.3e-06
5.0,+,93,21773.17209,6,1,1.0,1.0,2.0,2.56,21773.2327,-0.06061000000045169,93,6,1,1.0,1.0,2.0,True,,1.4e-05
5.0,+,94,21799.00711,6,1,1.0,0.0,1.0,2.89,21799.0706,-0.06349000000045635,94,6,1,1.0,0.0,1.0,True,,1.6e-05
5.0,+,95,21824.51535,6,1,1.0,-1.0,0.0,2.56,21824.5255,-0.01014999999824795,95,6,1,1.0,-1.0,0.0,True,,1.4e-05
5.0,+,97,22338.25405,7,8,2.0,0.0,2.0,0.04,22338.0235,0.2305500000002212,97,7,8,2.0,0.0,2.0,True,,2.2e-07
5.0,+,105,23488.99982,6,2,1.0,1.0,2.0,1.69,23488.504,0.4958200000000943,105,6,2,1.0,1.0,2.0,True,,9.1e-06
5.0,+,106,23514.59774,6,2,1.0,0.0,1.0,1.69,23514.3854,0.21234000000185915,106,6,2,1.0,0.0,1.0,True,,9.1e-06
5.0,+,107,23539.89232,6,2,1.0,-1.0,0.0,0.16,23539.35,0.5423200000004726,107,6,2,1.0,-1.0,0.0,True,,8.6e-07
5.0,+,120,25164.53504,6,3,1.0,1.0,2.0,7.29,25164.5477,-0.012660000000323635,120,6,3,1.0,1.0,2.0,True,,3.9e-05
5.0,+,121,25189.70338,6,3,1.0,0.0,1.0,7.29,25189.7589,-0.05552000000170665,121,6,3,1.0,0.0,1.0,True,,3.9e-05
5.0,+,122,25214.57443,6,3,1.0,-1.0,0.0,4.0,25214.5702,0.004230000002280576,122,6,3,1.0,-1.0,0.0,True,,2.2e-05
5.0,+,131,26794.95186,6,4,1.0,1.0,2.0,0.81,26794.8775,0.07436000000234344,131,6,4,1.0,1.0,2.0,True,,4.4e-06
5.0,+,132,26819.76882,6,4,1.0,0.0,1.0,1.44,26819.5201,0.2487199999995937,132,6,4,1.0,0.0,1.0,True,,7.7e-06
5.0,+,133,26844.97345,6,4,1.0,-1.0,0.0,0.49,26844.1826,0.7908500000012282,133,6,4,1.0,-1.0,0.0,True,,2.6e-06
5.0,+,145,28375.26067,6,5,1.0,1.0,2.0,6.25,28375.2585,0.002169999999750871,145,6,5,1.0,1.0,2.0,True,,3.4e-05
5.0,+,146,28399.59975,6,5,1.0,0.0,1.0,5.29,28399.6658,-0.06604999999763095,146,6,5,1.0,0.0,1.0,True,,2.8e-05
5.0,+,147,28423.6869,6,5,1.0,-1.0,0.0,2.25,28423.6771,0.009799999999813735,147,6,5,1.0,-1.0,0.0,True,,1.2e-05
5.0,+,159,29900.16602,6,6,1.0,1.0,2.0,0.36,29898.3594,1.8066199999993842,159,6,6,1.0,1.0,2.0,True,,1.9e-06
5.0,+,160,29922.74228,6,6,1.0,0.0,1.0,0.25,29922.2432,0.4990799999977753,160,6,6,1.0,0.0,1.0,True,,1.3e-06
5.0,+,161,29947.1943,6,6,1.0,-1.0,0.0,0.25,29945.8768,1.3175000000010186,161,6,6,1.0,-1.0,0.0,True,,1.3e-06
5.0,+,170,31356.5951,6,7,1.0,1.0,2.0,1.96,31356.6567,-0.06160000000090804,170,6,7,1.0,1.0,2.0,True,,1.1e-05
5.0,+,171,31381.18048,6,7,1.0,0.0,1.0,0.81,31379.9219,1.2585799999978917,171,6,7,1.0,0.0,1.0,True,,4.4e-06
5.0,+,172,31402.90887,6,7,1.0,-1.0,0.0,0.25,31402.8576,0.051269999999931315,172,6,7,1.0,-1.0,0.0,True,,1.3e-06
5.0,+,181,32740.59335,6,8,1.0,1.0,2.0,0.64,32740.7163,-0.12295000000085565,181,6,8,1.0,1.0,2.0,True,,3.4e-06
5.0,+,182,32763.47065,6,8,1.0,0.0,1.0,0.04,32763.3684,0.10224999999991269,182,6,8,1.0,0.0,1.0,True,,2.2e-07
5.0,+,183,32785.81545,6,8,1.0,-1.0,0.0,0.16,32785.776,0.03945000000385335,183,6,8,1.0,-1.0,0.0,True,,8.6e-07
5.0,+,192,34043.65371,6,9,1.0,1.0,2.0,0.0015,34043.6881,-0.03439000000071246,192,6,9,1.0,1.0,2.0,True,,8.1e-09
5.0,+,194,34065.66313,6,9,1.0,0.0,1.0,0.0004,34065.2621,0.40103000000090105,193,6,9,1.0,0.0,1.0,True,,2.2e-09
5.0,+,196,34087.4002,6,9,1.0,-1.0,0.0,0.0004,34087.3154,0.08479999999690335,194,6,9,1.0,-1.0,0.0,True,,2.2e-09
5.0,+,209,35263.51737,6,10,1.0,1.0,2.0,0.0114,35263.7588,-0.24143000000185566,205,6,10,1.0,1.0,2.0,True,,6.1e-08
5.0,+,210,35284.79545,6,10,1.0,0.0,1.0,0.0114,35284.9492,-0.15375000000494765,207,6,10,1.0,0.0,1.0,True,,6.1e-08
5.0,+,211,35305.96846,6,10,1.0,-1.0,0.0,0.0051,35305.8677,0.10075999999389751,208,6,10,1.0,-1.0,0.0,True,,2.7e-08
5.0,+,220,36405.59736,6,11,1.0,1.0,2.0,0.0025,36406.5739,-0.9765400000032969,217,6,11,1.0,1.0,2.0,True,,1.3e-08
5.0,+,221,36426.27145,6,11,1.0,0.0,1.0,0.0003,36426.9469,-0.6754500000024564,218,6,11,1.0,0.0,1.0,True,,1.6e-09
5.0,+,231,37480.74843,6,12,1.0,1.0,2.0,0.0022,37481.072,-0.32357000000047265,228,6,12,1.0,1.0,2.0,True,,1.2e-08
5.0,+,232,37500.8175,6,12,1.0,0.0,1.0,0.0002,37500.6577,0.15979999999399297,229,6,12,1.0,0.0,1.0,True,,1.1e-09
5.0,-,2,637.69162,2,0,-1.0,-1.0,-2.0,625.0,637.6916,1.9999999949504854e-05,2,2,0,-1.0,-1.0,-2.0,True,,0.0034
5.0,-,3,663.63193,2,0,-1.0,0.0,-1.0,625.0,663.6343,-0.0023700000000417276,3,2,0,-1.0,0.0,-1.0,True,,0.0034
5.0,-,4,688.3235,2,0,-1.0,1.0,0.0,529.0,688.3226,0.0009000000000014552,4,2,0,-1.0,1.0,0.0,True,,0.0028
5.0,-,6,2255.36243,2,1,-1.0,-1.0,-2.0,8.41,2255.3534,0.009030000000166183,6,2,1,-1.0,-1.0,-2.0,True,,4.5e-05
5.0,-,7,2281.16002,2,1,-1.0,0.0,-1.0,10.89,2281.1491,0.010919999999714491,7,2,1,-1.0,0.0,-1.0,True,,5.9e-05
5.0,-,8,2305.67169,2,1,-1.0,1.0,0.0,7.29,2305.664,0.007689999999911379,8,2,1,-1.0,1.0,0.0,True,,3.9e-05
5.0,-,10,3849.71529,2,2,-1.0,-1.0,-2.0,6.76,3849.752,-0.036709999999857246,10,2,2,-1.0,-1.0,-2.0,True,,3.6e-05
5.0,-,11,3875.36269,2,2,-1.0,0.0,-1.0,4.41,3875.4033,-0.040610000000015134,11,2,2,-1.0,0.0,-1.0,True,,2.4e-05
5.0,-,12,3899.70426,2,2,-1.0,1.0,0.0,4.84,3899.7473,-0.04304000000001906,12,2,2,-1.0,1.0,0.0,True,,2.6e-05
5.0,-,13,5420.72757,2,3,-1.0,-1.0,-2.0,2.89,5420.7161,0.011470000000372238,13,2,3,-1.0,-1.0,-2.0,True,,1.6e-05
5.0,-,14,5446.2407,2,3,-1.0,0.0,-1.0,2.56,5446.2255,0.015200000000731961,14,2,3,-1.0,0.0,-1.0,True,,1.4e-05
5.0,-,16,5470.40168,2,3,-1.0,1.0,0.0,3.24,5470.4027,-0.0010199999996984843,16,2,3,-1.0,1.0,0.0,True,,1.7e-05
5.0,-,19,6968.39966,2,4,-1.0,-1.0,-2.0,1.96,6968.3517,0.047959999999875436,19,2,4,-1.0,-1.0,-2.0,True,,1.1e-05
5.0,-,20,6993.77458,2,4,-1.0,0.0,-1.0,1.44,6993.7204,0.0541800000000876,20,2,4,-1.0,0.0,-1.0,True,,7.7e-06
5.0,-,21,7017.76391,2,4,-1.0,1.0,0.0,1.0,7017.7352,0.028709999999591673,21,2,4,-1.0,1.0,0.0,True,,5.4e-06
5.0,-,25,8316.62338,3,0,-1.0,0.0,-1.0,900.0,8316.6216,0.0017800000005081529,25,3,0,-1.0,0.0,-1.0,True,,0.0048
5.0,-,26,8492.73086,2,5,-1.0,-1.0,-2.0,4.84,8492.6859,0.044959999999264255,26,2,5,-1.0,-1.0,-2.0,True,,2.6e-05
5.0,-,27,8517.94846,2,5,-1.0,0.0,-1.0,1.69,8517.9086,0.039859999998952844,27,2,5,-1.0,0.0,-1.0,True,,9.1e-06
5.0,-,28,8541.77064,2,5,-1.0,1.0,0.0,0.49,8541.7715,-0.0008600000001024455,28,2,5,-1.0,1.0,0.0,True,,2.6e-06
5.0,-,32,9334.05316,5,0,0.0,-1.0,-1.0,676.0,9334.0531,6.000000030326191e-05,32,5,0,0.0,-1.0,-1.0,True,,0.0036
5.0,-,33,9900.15678,3,1,-1.0,0.0,-1.0,8.41,9900.164,-0.0072200000013253884,33,3,1,-1.0,0.0,-1.0,True,,4.5e-05
5.0,-,34,9993.71927,2,6,-1.0,-1.0,-2.0,1.0,9993.684,0.035270000000309665,34,2,6,-1.0,-1.0,-2.0,True,,5.4e-06
5.0,-,35,10018.77399,2,6,-1.0,0.0,-1.0,0.49,10018.787,-0.013010000000576838,35,2,6,-1.0,0.0,-1.0,True,,2.6e-06
5.0,-,36,10042.43232,2,6,-1.0,1.0,0.0,0.49,10042.4753,-0.04298000000017055,36,2,6,-1.0,1.0,0.0,True,,2.6e-06
5.0,-,40,11365.238,5,1,0.0,-1.0,-1.0,10.24,11365.2167,0.021299999998518615,40,5,1,0.0,-1.0,-1.0,True,,5.5e-05
5.0,-,41,11459.47059,3,2,-1.0,0.0,-1.0,9.0,11459.5176,-0.0470099999984086,41,3,2,-1.0,0.0,-1.0,True,,4.8e-05
5.0,-,42,11471.43038,2,7,-1.0,-1.0,-2.0,0.64,11471.3133,0.1170799999999872,42,2,7,-1.0,-1.0,-2.0,True,,3.4e-06
5.0,-,43,11496.32387,2,7,-1.0,0.0,-1.0,0.49,11496.4376,-0.11372999999912281,43,2,7,-1.0,0.0,-1.0,True,,2.6e-06
5.0,-,44,11519.80694,2,7,-1.0,1.0,0.0,0.36,11519.8098,-0.002860000000509899,44,2,7,-1.0,1.0,0.0,True,,1.9e-06
5.0,-,49,12925.61472,2,8,-1.0,-1.0,-2.0,1.0,12925.5303,0.084419999999227,49,2,8,-1.0,-1.0,-2.0,True,,5.4e-06
5.0,-,50,12950.43462,2,8,-1.0,0.0,-1.0,1.0,12950.3211,0.11352000000078988,50,2,8,-1.0,0.0,-1.0,True,,5.4e-06
5.0,-,51,12973.52389,2,8,-1.0,1.0,0.0,0.81,12973.7451,-0.2212099999997008,51,2,8,-1.0,1.0,0.0,True,,4.4e-06
5.0,-,52,12994.51104,3,3,-1.0,0.0,-1.0,4.41,12994.5213,-0.010260000000926084,52,3,3,-1.0,0.0,-1.0,True,,2.4e-05
5.0,-,56,13367.83864,5,2,0.0,-1.0,-1.0,1.96,13367.9968,-0.15816000000086206,56,5,2,0.0,-1.0,-1.0,True,,1.1e-05
5.0,-,58,14356.57803,2,9,-1.0,-1.0,-2.0,0.0626,14356.3827,0.1953300000004674,58,2,9,-1.0,-1.0,-2.0,True,,3.4e-07
5.0,-,59,14381.23059,2,9,-1.0,0.0,-1.0,0.0533,14381.1119,0.11868999999933294,59,2,9,-1.0,0.0,-1.0,True,,2.9e-07
5.0,-,60,14404.31754,2,9,-1.0,1.0,0.0,0.03,14404.312,0.0055400000001100125,60,2,9,-1.0,1.0,0.0,True,,1.6e-07
5.0,-,61,14505.20796,3,4,-1.0,0.0,-1.0,2.89,14505.1814,0.026560000000245054,61,3,4,-1.0,0.0,-1.0,True,,1.6e-05
5.0,-,66,15340.18665,5,3,0.0,-1.0,-1.0,2.56,15340.0971,0.08954999999878055,66,5,3,0.0,-1.0,-1.0,True,,1.4e-05
5.0,-,68,15764.20987,2,10,-1.0,-1.0,-2.0,0.0028,15763.9658,0.24407000000064727,68,2,10,-1.0,-1.0,-2.0,True,,1.5e-08
5.0,-,74,15991.47905,3,5,-1.0,0.0,-1.0,1.21,15991.4401,0.038950000000113505,74,3,5,-1.0,0.0,-1.0,True,,6.5e-06
5.0,-,77,17148.37485,2,11,-1.0,-1.0,-2.0,0.0099,17148.4554,-0.080549999998766,77,2,11,-1.0,-1.0,-2.0,True,,5.3e-08
5.0,-,78,17172.77289,2,11,-1.0,0.0,-1.0,0.0011,17172.658,0.11489000000074157,78,2,11,-1.0,0.0,-1.0,True,,5.9e-09
5.0,-,84,17453.23683,3,6,-1.0,0.0,-1.0,0.49,17453.1927,0.044130000002041925,84,3,6,-1.0,0.0,-1.0,True,,2.6e-06
5.0,-,87,18509.40885,2,12,-1.0,-1.0,-2.0,0.0002,18510.1623,-0.7534500000001572,87,2,12,-1.0,-1.0,-2.0,True,,1.1e-09
5.0,-,93,18890.41124,3,7,-1.0,0.0,-1.0,0.16,18890.3236,0.08764000000155647,93,3,7,-1.0,0.0,-1.0,True,,8.6e-07
5.0,-,94,19190.42151,5,5,0.0,-1.0,-1.0,0.04,19190.2818,0.13970999999946798,94,5,5,0.0,-1.0,-1.0,True,,2.2e-07
5.0,-,99,19847.06443,2,13,-1.0,-1.0,-2.0,0.0002,19849.4327,-2.368270000002667,99,2,13,-1.0,-1.0,-2.0,True,,1.1e-09
5.0,-,106,20302.90287,3,8,-1.0,0.0,-1.0,0.01,20302.7727,0.13017000000036205,106,3,8,-1.0,0.0,-1.0,True,,5.4e-08
5.0,-,111,21065.02656,5,6,0.0,-1.0,-1.0,0.01,21064.816,0.210559999999532,111,5,6,0.0,-1.0,-1.0,True,,5.4e-08
5.0,-,113,21161.44756,2,14,-1.0,-1.0,-2.0,0.0002,21166.7209,-5.273339999999735,113,2,14,-1.0,-1.0,-2.0,True,,1.1e-09
5.0,-,116,21690.60847,3,9,-1.0,0.0,-1.0,0.0004,21690.4189,0.1895699999986391,116,3,9,-1.0,0.0,-1.0,True,,2.2e-09
5.0,-,128,22903.76803,5,7,0.0,-1.0,-1.0,0.01,22903.5645,0.2035299999988638,128,5,7,0.0,-1.0,-1.0,True,,5.4e-08
5.0,-,129,23053.41839,3,10,-1.0,0.0,-1.0,0.0013,23053.1721,0.24628999999913503,129,3,10,-1.0,0.0,-1.0,True,,7e-09
5.0,-,141,24391.20303,3,11,-1.0,0.0,-1.0,0.0003,24390.9283,0.274730000001,141,3,11,-1.0,0.0,-1.0,True,,1.6e-09
5.0,-,155,25703.81621,3,12,-1.0,0.0,-1.0,0.001,25703.5762,0.2400100000013481,155,3,12,-1.0,0.0,-1.0,True,,5.4e-09
5.0,-,170,26991.14168,3,13,-1.0,0.0,-1.0,0.0009,26990.9839,0.15778000000136672,170,3,13,-1.0,0.0,-1.0,True,,4.8e-09
5.0,-,181,28252.97339,3,14,-1.0,0.0,-1.0,0.0002,28252.9929,-0.019510000001901062,181,3,14,-1.0,0.0,-1.0,True,,1.1e-09
6.0,+,1,76.05852,1,0,0.0,0.0,0.0,900.0,76.0539,0.004620000000002733,1,1,0,0.0,0.0,0.0,True,,0.0048
6.0,+,5,1902.77159,1,1,0.0,0.0,0.0,112.25,1902.77,0.001590000000078362,5,1,1,0.0,0.0,0.0,True,,0.0006
6.0,+,9,3701.19084,1,2,0.0,0.0,0.0,10.24,3701.1778,0.013040000000273722,9,1,2,0.0,0.0,0.0,True,,5.5e-05
6.0,+,15,5470.4012,1,3,0.0,0.0,0.0,5.76,5470.3328,0.0684000000001106,15,1,3,0.0,0.0,0.0,True,,3.1e-05
6.0,+,17,6292.03783,4,0,0.0,1.0,1.0,900.0,6292.0364,0.0014300000002549496,17,4,0,0.0,1.0,1.0,True,,0.0048
6.0,+,18,6330.77214,4,0,0.0,0.0,0.0,576.0,6330.7627,0.009439999999813153,18,4,0,0.0,0.0,0.0,True,,0.0031
6.0,+,22,7209.24459,1,4,0.0,0.0,0.0,2.89,7209.1133,0.1312900000002628,22,1,4,0.0,0.0,0.0,True,,1.6e-05
6.0,+,23,7739.68355,4,1,0.0,1.0,1.0,8.41,7739.683,0.0005499999997482519,23,4,1,0.0,1.0,1.0,True,,4.5e-05
6.0,+,24,7777.98795,4,1,0.0,0.0,0.0,4.0,7777.9821,0.005849999999554711,24,4,1,0.0,0.0,0.0,True,,2.2e-05
6.0,+,29,8916.16675,1,5,0.0,0.0,0.0,2.89,8916.0152,0.15155000000049768,29,1,5,0.0,0.0,0.0,True,,1.6e-05
6.0,+,30,9165.15064,4,2,0.0,1.0,1.0,7.29,9165.2069,-0.05625999999938358,30,4,2,0.0,1.0,1.0,True,,3.9e-05
6.0,+,31,9203.03308,4,2,0.0,0.0,0.0,6.25,9203.0786,-0.04552000000148837,31,4,2,0.0,0.0,0.0,True,,3.4e-05
6.0,+,37,10568.49652,4,3,0.0,1.0,1.0,2.89,10568.5594,-0.06287999999949534,37,4,3,0.0,1.0,1.0,True,,1.6e-05
6.0,+,38,10589.09546,1,6,0.0,0.0,0.0,0.64,10589.0182,0.07726000000002387,38,1,6,0.0,0.0,0.0,True,,3.4e-06
6.0,+,39,10605.99985,4,3,0.0,0.0,0.0,2.89,10606.0575,-0.057650000000649015,39,4,3,0.0,0.0,0.0,True,,1.6e-05
6.0,+,45,11920.20609,7,0,2.0,0.0,2.0,36.0,11920.1699,0.03618999999889638,45,7,0,2.0,0.0,2.0,True,,0.00019
6.0,+,46,11949.87117,4,4,0.0,1.0,1.0,1.44,11949.9112,-0.04003000000011525,46,4,4,0.0,1.0,1.0,True,,7.7e-06
6.0,+,47,11986.9482,4,4,0.0,0.0,0.0,1.21,11986.9291,0.019100000001344597,47,4,4,0.0,0.0,0.0,True,,6.5e-06
6.0,+,53,13304.03877,7,1,2.0,0.0,2.0,0.36,13304.0195,0.019269999998869025,53,7,1,2.0,0.0,2.0,True,,1.9e-06
6.0,+,54,13309.29444,4,5,0.0,1.0,1.0,1.21,13309.2938,0.0006400000002031447,54,4,5,0.0,1.0,1.0,True,,6.5e-06
6.0,+,55,13345.91399,4,5,0.0,0.0,0.0,0.81,13345.8846,0.029389999999693828,55,4,5,0.0,0.0,0.0,True,,4.4e-06
6.0,+,62,14646.86765,4,6,0.0,1.0,1.0,0.36,14646.8442,0.023450000000593718,62,4,6,0.0,1.0,1.0,True,,1.9e-06
6.0,+,63,14665.00541,7,2,2.0,0.0,2.0,0.36,14665.0039,0.001510000000052969,63,7,2,2.0,0.0,2.0,True,,1.9e-06
6.0,+,64,14683.06125,4,6,0.0,0.0,0.0,0.36,14683.008,0.05325000000084401,64,4,6,0.0,0.0,0.0,True,,1.9e-06
6.0,+,65,15258.46149,8,0,0.0,0.0,0.0,36.0,15258.4723,-0.010809999999764841,65,8,0,0.0,0.0,0.0,True,,0.00019
6.0,+,71,15962.69444,4,7,0.0,1.0,1.0,0.16,15962.6863,0.008139999999912106,71,4,7,0.0,1.0,1.0,True,,8.6e-07
6.0,+,72,15998.46152,4,7,0.0,0.0,0.0,0.25,15998.423,0.03852000000006228,72,4,7,0.0,0.0,0.0,True,,1.3e-06
6.0,+,73,16003.15877,7,3,2.0,0.0,2.0,0.64,16003.1377,0.021070000000690925,73,7,3,2.0,0.0,2.0,True,,3.4e-06
6.0,+,75,16678.50338,8,1,0.0,0.0,0.0,0.36,16678.4958,0.007579999997687992,75,8,1,0.0,0.0,0.0,True,,1.9e-06
6.0,+,80,17256.86169,4,8,0.0,1.0,1.0,0.09,17256.9397,-0.07800999999744818,80,4,8,0.0,1.0,1.0,True,,4.8e-07
6.0,+,81,17292.19586,4,8,0.0,0.0,0.0,0.09,17292.2491,-0.05324000000109663,81,4,8,0.0,0.0,0.0,True,,4.8e-07
6.0,+,83,17318.57334,7,4,2.0,0.0,2.0,0.81,17318.5276,0.04573999999774969,83,7,4,2.0,0.0,2.0,True,,4.4e-06
6.0,+,85,18097.65847,8,2,0.0,0.0,0.0,0.09,18097.9832,-0.3247300000002724,85,8,2,0.0,0.0,0.0,True,,4.8e-07
6.0,+,92,18611.3044,7,5,2.0,0.0,2.0,0.25,18611.2498,0.05459999999948195,92,7,5,2.0,0.0,2.0,True,,1.3e-06
6.0,+,95,19518.37527,8,3,0.0,0.0,0.0,0.09,19518.306,0.06926999999996042,95,8,3,0.0,0.0,0.0,True,,4.8e-07
6.0,+,100,19881.39111,7,6,2.0,0.0,2.0,0.25,19881.2533,0.1378100000001723,100,7,6,2.0,0.0,2.0,True,,1.3e-06
6.0,+,103,20038.18038,6,0,1.0,1.0,2.0,324.0,20038.2832,-0.10282000000006519,103,6,0,1.0,1.0,2.0,True,,0.0017
6.0,+,104,20066.24694,6,0,1.0,0.0,1.0,196.0,20066.2706,-0.02365999999892665,104,6,0,1.0,0.0,1.0,True,,0.0011
6.0,+,105,20094.69116,6,0,1.0,-1.0,0.0,196.0,20094.7666,-0.0754400000005262,105,6,0,1.0,-1.0,0.0,True,,0.0011
6.0,+,112,21128.98638,7,7,2.0,0.0,2.0,0.36,21128.8594,0.12697999999727472,112,7,7,2.0,0.0,2.0,True,,1.9e-06
6.0,+,117,21791.30871,6,1,1.0,1.0,2.0,1.96,21791.3488,-0.040089999998599524,117,6,1,1.0,1.0,2.0,True,,1.1e-05
6.0,+,118,21819.07409,6,1,1.0,0.0,1.0,3.24,21819.0864,-0.01231000000188942,118,6,1,1.0,0.0,1.0,True,,1.7e-05
6.0,+,119,21847.19923,6,1,1.0,-1.0,0.0,1.44,21847.2971,-0.09787000000142143,119,6,1,1.0,-1.0,0.0,True,,7.7e-06
6.0,+,124,22354.08491,7,8,2.0,0.0,2.0,0.04,22353.8567,0.2282100000011269,124,7,8,2.0,0.0,2.0,True,,2.2e-07
6.0,+,133,23506.93805,6,2,1.0,1.0,2.0,1.21,23506.4301,0.5079499999992549,133,6,2,1.0,1.0,2.0,True,,6.5e-06
6.0,+,134,23534.37234,6,2,1.0,0.0,1.0,1.0,23533.9514,0.4209399999999732,134,6,2,1.0,0.0,1.0,True,,5.4e-06
6.0,+,136,23562.38278,6,2,1.0,-1.0,0.0,0.25,23562.7481,-0.3653200000007928,136,6,2,1.0,-1.0,0.0,True,,1.3e-06
6.0,+,151,25182.25644,6,3,1.0,1.0,2.0,5.29,25182.2073,0.04914000000280794,151,6,3,1.0,1.0,2.0,True,,2.8e-05
6.0,+,152,25209.30003,6,3,1.0,0.0,1.0,4.41,25209.2599,0.04012999999758904,152,6,3,1.0,0.0,1.0,True,,2.4e-05
6.0,+,153,25236.71035,6,3,1.0,-1.0,0.0,3.61,25236.7955,-0.08514999999897555,153,6,3,1.0,-1.0,0.0,True,,1.9e-05
6.0,+,165,26812.21528,6,4,1.0,1.0,2.0,0.36,26812.2276,-0.01231999999799882,165,6,4,1.0,1.0,2.0,True,,1.9e-06
6.0,+,166,26838.36566,6,4,1.0,-1.0,0.0,0.64,26838.9761,-0.6104400000003807,166,6,4,1.0,0.0,1.0,False,,3.4e-06
6.0,+,167,26865.75341,6,4,1.0,0.0,1.0,0.49,26864.513,1.2404100000021572,168,6,4,1.0,-1.0,0.0,False,,2.6e-06
6.0,+,182,28392.39871,6,5,1.0,1.0,2.0,3.24,28392.3759,0.022810000002209563,182,6,5,1.0,1.0,2.0,True,,1.7e-05
6.0,+,183,28418.5803,6,5,1.0,0.0,1.0,2.56,28418.55,0.030300000002171146,183,6,5,1.0,0.0,1.0,True,,1.4e-05
6.0,+,184,28445.11743,6,5,1.0,-1.0,0.0,2.25,28445.2499,-0.13247000000046683,184,6,5,1.0,-1.0,0.0,True,,1.2e-05
6.0,+,198,29916.24133,6,6,1.0,1.0,2.0,0.16,29915.1427,1.098630000000412,199,6,6,1.0,1.0,2.0,True,,8.6e-07
6.0,+,199,29941.24494,6,6,1.0,0.0,1.0,0.25,29940.8452,0.3997400000007474,200,6,6,1.0,0.0,1.0,True,,1.3e-06
6.0,+,200,29968.10583,6,6,1.0,-1.0,0.0,0.16,29966.8307,1.275130000001809,201,6,6,1.0,-1.0,0.0,True,,8.6e-07
6.0,+,216,31373.0565,6,7,1.0,1.0,2.0,0.001,31373.082,-0.025499999999738066,215,6,7,1.0,1.0,2.0,True,,5.4e-09
6.0,+,217,31398.08151,6,7,1.0,-1.0,0.0,0.001,31398.0328,0.048709999999118736,216,6,7,1.0,-1.0,0.0,True,,5.4e-09
6.0,+,218,31423.49549,6,7,1.0,0.0,1.0,0.001,31423.6747,-0.17920999999842024,217,6,7,1.0,0.0,1.0,True,,5.4e-09
6.0,+,228,32756.55685,6,8,1.0,1.0,2.0,0.001,32756.7291,-0.17224999999962165,229,6,8,1.0,1.0,2.0,True,,5.4e-09
6.0,+,229,32781.13193,6,8,1.0,-1.0,0.0,0.001,32781.0909,0.04103000000031898,230,6,8,1.0,-1.0,0.0,True,,5.4e-09
6.0,+,230,32805.967,6,8,1.0,0.0,1.0,0.001,32805.9103,0.056699999993725214,231,6,8,1.0,0.0,1.0,True,,5.4e-09
6.0,+,242,34058.9947,6,9,1.0,1.0,2.0,0.001,34059.1654,-0.1706999999951222,242,6,9,1.0,1.0,2.0,True,,5.4e-09
6.0,+,243,34082.89537,6,9,1.0,-1.0,0.0,0.001,34082.7993,0.09606999999959953,243,6,9,1.0,-1.0,0.0,True,,5.4e-09
6.0,+,246,34107.08819,6,9,1.0,0.0,1.0,0.001,34105.6736,1.4145900000003166,244,6,9,1.0,0.0,1.0,True,,5.4e-09
6.0,+,263,35278.69343,6,10,1.0,1.0,2.0,0.001,35278.8566,-0.16316999999980908,259,6,10,1.0,1.0,2.0,True,,5.4e-09
6.0,+,264,35301.70864,6,10,1.0,-1.0,0.0,0.001,35301.6028,0.10583999999653315,261,6,10,1.0,-1.0,0.0,True,,5.4e-09
6.0,+,265,35325.07648,6,10,1.0,0.0,1.0,0.001,35325.0452,0.031280000002880115,262,6,10,1.0,0.0,1.0,True,,5.4e-09
6.0,+,276,36420.27285,6,11,1.0,1.0,2.0,0.001,36421.1924,-0.9195499999987078,273,6,11,1.0,1.0,2.0,True,,5.4e-09
6.0,+,277,36442.62962,6,11,1.0,-1.0,0.0,0.001,36443.153,-0.5233799999987241,274,6,11,1.0,-1.0,0.0,True,,5.4e-09
6.0,+,290,37494.99103,6,12,1.0,1.0,2.0,0.001,37495.2326,-0.24157000000559492,287,6,12,1.0,1.0,2.0,True,,5.4e-09
6.0,+,291,37516.75159,6,12,1.0,-1.0,0.0,0.001,37516.4211,0.3304900000002817,288,6,12,1.0,-1.0,0.0,True,,5.4e-09
6.0,-,1,654.96,2,0,-1.0,-1.0,-2.0,676.0,654.955,0.0049999999999954525,1,2,0,-1.0,-1.0,-2.0,True,,0.0036
6.0,-,2,683.26891,2,0,-1.0,0.0,-1.0,961.0,683.2709,-0.001989999999977954,2,2,0,-1.0,0.0,-1.0,True,,0.0052
6.0,-,3,711.20694,2,0,-1.0,1.0,0.0,676.0,711.2029,0.004040000000031796,3,2,0,-1.0,1.0,0.0,True,,0.0036
6.0,-,4,2272.45848,2,1,-1.0,-1.0,-2.0,7.84,2272.4479,0.010579999999663414,4,2,1,-1.0,-1.0,-2.0,True,,4.2e-05
6.0,-,5,2300.59298,2,1,-1.0,0.0,-1.0,10.89,2300.5835,0.009479999999712163,5,2,1,-1.0,0.0,-1.0,True,,5.9e-05
6.0,-,6,2328.31984,2,1,-1.0,1.0,0.0,9.61,2328.3005,0.019340000000283908,6,2,1,-1.0,1.0,0.0,True,,5.2e-05
6.0,-,7,3866.6346,2,2,-1.0,-1.0,-2.0,4.84,3866.677,-0.042400000000270666,7,2,2,-1.0,-1.0,-2.0,True,,2.6e-05
6.0,-,8,3894.59277,2,2,-1.0,0.0,-1.0,4.84,3894.6349,-0.04212999999981548,8,2,2,-1.0,0.0,-1.0,True,,2.6e-05
6.0,-,9,3922.11108,2,2,-1.0,1.0,0.0,4.84,3922.137,-0.02592000000004191,9,2,2,-1.0,1.0,0.0,True,,2.6e-05
6.0,-,10,5437.48909,2,3,-1.0,-1.0,-2.0,1.69,5437.4715,0.017590000000382133,10,2,3,-1.0,-1.0,-2.0,True,,9.1e-06
6.0,-,11,5465.25723,2,3,-1.0,0.0,-1.0,2.89,5465.2552,0.0020300000005590846,11,2,3,-1.0,0.0,-1.0,True,,1.6e-05
6.0,-,12,5492.5804,2,3,-1.0,1.0,0.0,1.69,5492.5425,0.03790000000026339,12,2,3,-1.0,1.0,0.0,True,,9.1e-06
6.0,-,14,6984.9831,2,4,-1.0,-1.0,-2.0,1.21,6984.9368,0.04629999999997381,14,2,4,-1.0,-1.0,-2.0,True,,6.5e-06
6.0,-,15,7012.58306,2,4,-1.0,0.0,-1.0,1.44,7012.5494,0.033660000000054424,15,2,4,-1.0,0.0,-1.0,True,,7.7e-06
6.0,-,16,7039.71393,2,4,-1.0,1.0,0.0,0.64,7039.6191,0.09483000000000175,16,2,4,-1.0,1.0,0.0,True,,3.4e-06
6.0,-,18,8335.92223,3,0,-1.0,0.0,-1.0,441.0,8335.9127,0.009529999999358552,18,3,0,-1.0,0.0,-1.0,True,,0.0024
6.0,-,19,8509.12583,2,5,-1.0,-1.0,-2.0,0.64,8509.0987,0.02713000000039756,19,2,5,-1.0,-1.0,-2.0,True,,3.4e-06
6.0,-,20,8536.55941,2,5,-1.0,0.0,-1.0,0.64,8536.5435,0.015910000000076252,20,2,5,-1.0,0.0,-1.0,True,,3.4e-06
6.0,-,21,8563.48358,2,5,-1.0,1.0,0.0,0.49,8563.3773,0.10627999999996973,21,2,5,-1.0,1.0,0.0,True,,2.6e-06
6.0,-,23,9334.41124,5,0,0.0,-1.0,-1.0,576.0,9334.2693,0.14193999999952212,23,5,0,0.0,-1.0,-1.0,True,,0.0031
6.0,-,24,9384.30749,5,0,0.0,0.0,0.0,169.0,9384.4491,-0.14161000000058266,24,5,0,0.0,0.0,0.0,True,,0.00091
6.0,-,25,9919.25126,3,1,-1.0,0.0,-1.0,6.25,9919.2503,0.0009599999993952224,25,3,1,-1.0,0.0,-1.0,True,,3.4e-05
6.0,-,26,10009.95554,2,6,-1.0,-1.0,-2.0,0.64,10009.9297,0.02584000000024389,26,2,6,-1.0,-1.0,-2.0,True,,3.4e-06
6.0,-,27,10037.2003,2,6,-1.0,0.0,-1.0,0.81,10037.2063,-0.0059999999994033715,27,2,6,-1.0,0.0,-1.0,True,,4.4e-06
6.0,-,28,10063.88827,2,6,-1.0,1.0,0.0,0.36,10063.8656,0.022670000000289292,28,2,6,-1.0,1.0,0.0,True,,1.9e-06
6.0,-,30,11365.42555,5,1,0.0,-1.0,-1.0,6.76,11365.5374,-0.11184999999932188,30,5,1,0.0,-1.0,-1.0,True,,3.6e-05
6.0,-,31,11415.04121,5,1,0.0,0.0,0.0,2.25,11414.8014,0.23980999999912456,31,5,1,0.0,0.0,0.0,True,,1.2e-05
6.0,-,32,11478.35953,3,2,-1.0,0.0,-1.0,5.29,11478.3981,-0.038570000000618165,32,3,2,-1.0,0.0,-1.0,True,,2.8e-05
6.0,-,33,11487.63196,2,7,-1.0,-1.0,-2.0,0.81,11487.4272,0.20476000000053318,33,2,7,-1.0,-1.0,-2.0,True,,4.4e-06
6.0,-,34,11514.65808,2,7,-1.0,0.0,-1.0,0.49,11514.5275,0.13057999999909953,34,2,7,-1.0,0.0,-1.0,True,,2.6e-06
6.0,-,35,11541.05134,2,7,-1.0,1.0,0.0,0.36,11541.3699,-0.31855999999970663,35,2,7,-1.0,1.0,0.0,True,,1.9e-06
6.0,-,38,12941.45847,2,8,-1.0,-1.0,-2.0,1.0,12941.4219,0.03657000000021071,38,2,8,-1.0,-1.0,-2.0,True,,5.4e-06
6.0,-,39,12968.38213,2,8,-1.0,0.0,-1.0,0.64,12968.3747,0.007429999999658321,39,2,8,-1.0,0.0,-1.0,True,,3.4e-06
6.0,-,40,12994.6562,2,8,-1.0,1.0,0.0,0.49,12994.4954,0.16079999999965366,40,2,8,-1.0,1.0,0.0,True,,2.6e-06
6.0,-,41,13013.19368,3,3,-1.0,0.0,-1.0,2.25,13013.196,-0.0023199999995995313,41,3,3,-1.0,0.0,-1.0,True,,1.2e-05
6.0,-,44,13368.2265,5,2,0.0,-1.0,-1.0,1.21,13368.1684,0.058100000000194996,44,5,2,0.0,-1.0,-1.0,True,,6.5e-06
6.0,-,45,13417.16008,5,2,0.0,0.0,0.0,0.09,13417.3913,-0.23121999999966647,45,5,2,0.0,0.0,0.0,True,,4.8e-07
6.0,-,46,14372.30975,2,9,-1.0,-1.0,-2.0,0.0626,14372.1184,0.19135000000096625,46,2,9,-1.0,-1.0,-2.0,True,,3.4e-07
6.0,-,47,14399.02074,2,9,-1.0,0.0,-1.0,0.03,14398.9027,0.11803999999938242,47,2,9,-1.0,0.0,-1.0,True,,1.6e-07
6.0,-,48,14425.08508,2,9,-1.0,1.0,0.0,0.0181,14424.9828,0.10228000000097381,48,2,9,-1.0,1.0,0.0,True,,9.7e-08
6.0,-,49,14523.68242,3,4,-1.0,0.0,-1.0,1.69,14523.6495,0.03291999999964901,49,3,4,-1.0,0.0,-1.0,True,,9.1e-06
6.0,-,52,15340.46107,5,3,0.0,-1.0,-1.0,1.69,15340.3563,0.10476999999991676,52,5,3,0.0,-1.0,-1.0,True,,9.1e-06
6.0,-,53,15389.04443,5,3,0.0,0.0,0.0,0.09,15388.7688,0.27563000000009197,53,5,3,0.0,0.0,0.0,True,,4.8e-07
6.0,-,59,16009.74378,3,5,-1.0,0.0,-1.0,0.64,16009.701,0.042780000001584995,59,3,5,-1.0,0.0,-1.0,True,,3.4e-06
6.0,-,60,17163.59377,2,11,-1.0,-1.0,-2.0,0.0025,17163.7876,-0.19383000000016182,60,2,11,-1.0,-1.0,-2.0,True,,1.3e-08
6.0,-,67,17471.29511,3,6,-1.0,0.0,-1.0,0.25,17471.2458,0.049309999998513376,67,3,6,-1.0,0.0,-1.0,True,,1.3e-06
6.0,-,73,18908.25503,3,7,-1.0,0.0,-1.0,0.04,18908.1666,0.08842999999978929,73,3,7,-1.0,0.0,-1.0,True,,2.2e-07
6.0,-,77,19862.12692,2,13,-1.0,-1.0,-2.0,0.0002,19864.5016,-2.374680000000808,77,2,13,-1.0,-1.0,-2.0,True,,1.1e-09
6.0,-,84,20320.53419,3,8,-1.0,0.0,-1.0,0.01,20320.4049,0.12928999999712687,84,3,8,-1.0,0.0,-1.0,True,,5.4e-08
6.0,-,86,21065.25392,5,6,0.0,-1.0,-1.0,0.01,21065.2235,0.03041999999913969,86,5,6,0.0,-1.0,-1.0,True,,5.4e-08
6.0,-,92,21708.02959,3,9,-1.0,0.0,-1.0,0.0004,21707.8388,0.19078999999692314,92,3,9,-1.0,0.0,-1.0,True,,2.2e-09
6.0,-,101,22904.08503,5,7,0.0,-1.0,-1.0,0.01,22903.7917,0.2933299999967858,101,5,7,0.0,-1.0,-1.0,True,,5.4e-08
6.0,-,103,23070.61875,3,10,-1.0,0.0,-1.0,0.0003,23070.3784,0.24035000000003492,103,3,10,-1.0,0.0,-1.0,True,,1.6e-09
7.0,+,13,6330.92549,4,0,0.0,1.0,1.0,1156.0,6330.771,0.1544899999998961,13,4,0,0.0,1.0,1.0,True,,0.0062
7.0,+,17,7778.1427,4,1,0.0,1.0,1.0,9.0,7777.992,0.1507000000001426,17,4,1,0.0,1.0,1.0,True,,4.8e-05
7.0,+,22,9203.19094,4,2,0.0,1.0,1.0,11.56,9203.0905,0.1004400000001624,22,4,2,0.0,1.0,1.0,True,,6.2e-05
7.0,+,29,10606.13619,4,3,0.0,1.0,1.0,4.41,10606.047,0.08918999999877997,29,4,3,0.0,1.0,1.0,True,,2.4e-05
7.0,+,36,11940.57134,7,0,2.0,0.0,2.0,36.0,11940.5352,0.03614000000015949,36,7,0,2.0,0.0,2.0,True,,0.00019
7.0,+,37,11987.06223,4,4,0.0,1.0,1.0,1.0,11986.9517,0.11052999999992608,37,4,4,0.0,1.0,1.0,True,,5.4e-06
7.0,+,42,13324.16736,7,1,2.0,0.0,2.0,0.36,13324.148,0.019360000000233413,42,7,1,2.0,0.0,2.0,True,,1.9e-06
7.0,+,43,13346.05928,4,5,0.0,1.0,1.0,0.81,13345.9104,0.14887999999882595,43,4,5,0.0,1.0,1.0,True,,4.4e-06
7.0,+,50,14683.21572,4,6,0.0,1.0,1.0,0.25,14683.0376,0.1781200000004901,50,4,6,0.0,1.0,1.0,True,,1.3e-06
7.0,+,51,14684.89448,7,2,2.0,0.0,2.0,0.36,14684.8956,-0.0011199999989912612,51,7,2,2.0,0.0,2.0,True,,1.9e-06
7.0,+,57,15998.61493,4,7,0.0,1.0,1.0,0.09,15998.4566,0.15833000000020547,57,4,7,0.0,1.0,1.0,True,,4.8e-07
7.0,+,58,16022.81963,7,3,2.0,0.0,2.0,0.64,16022.7929,0.026729999999588472,58,7,3,2.0,0.0,2.0,True,,3.4e-06
7.0,+,63,17292.34489,4,8,0.0,1.0,1.0,0.09,17292.287,0.057890000000043074,63,4,8,0.0,1.0,1.0,True,,4.8e-07
7.0,+,65,17337.99033,7,4,2.0,0.0,2.0,0.81,17337.9463,0.04403000000093016,65,7,4,2.0,0.0,2.0,True,,4.4e-06
7.0,+,72,18630.48701,7,5,2.0,0.0,2.0,0.64,18630.4318,0.05521000000226195,72,7,5,2.0,0.0,2.0,True,,3.4e-06
7.0,+,78,19900.339,7,6,2.0,0.0,2.0,0.64,19900.202,0.13699999999880674,78,7,6,2.0,0.0,2.0,True,,3.4e-06
7.0,+,81,20059.87466,6,0,1.0,1.0,2.0,400.0,20059.976,-0.10133999999743537,81,6,0,1.0,1.0,2.0,True,,0.0022
7.0,+,82,20090.94891,6,0,1.0,-1.0,0.0,324.0,20091.0252,-0.07629000000088126,82,6,0,1.0,-1.0,0.0,True,,0.0017
7.0,+,83,20122.77554,6,0,1.0,0.0,1.0,144.0,20122.7678,0.0077399999972840305,83,6,0,1.0,0.0,1.0,True,,0.00077
7.0,+,88,21147.68344,7,7,2.0,0.0,2.0,0.25,21147.5673,0.11614000000190572,88,7,7,2.0,0.0,2.0,True,,1.3e-06
7.0,+,93,21812.75206,6,1,1.0,1.0,2.0,2.25,21812.7985,-0.04644000000189408,93,6,1,1.0,1.0,2.0,True,,1.2e-05
7.0,+,94,21843.4945,6,1,1.0,-1.0,0.0,2.56,21843.566,-0.07149999999819556,94,6,1,1.0,-1.0,0.0,True,,1.4e-05
7.0,+,95,21874.96846,6,1,1.0,0.0,1.0,2.25,21874.9797,-0.011239999999816064,95,6,1,1.0,0.0,1.0,True,,1.2e-05
7.0,+,97,22372.55247,7,8,2.0,0.0,2.0,0.01,22372.3263,0.22616999999809195,97,7,8,2.0,0.0,2.0,True,,5.4e-08
7.0,+,105,23528.10082,6,2,1.0,1.0,2.0,1.21,23527.6134,0.4874200000012934,105,6,2,1.0,1.0,2.0,True,,6.5e-06
7.0,+,106,23558.49421,6,2,1.0,-1.0,0.0,0.16,23557.9088,0.5854099999996834,106,6,2,1.0,-1.0,0.0,True,,8.6e-07
7.0,+,108,23589.77482,6,2,1.0,0.0,1.0,0.49,23589.8676,-0.09278000000267639,108,6,2,1.0,0.0,1.0,True,,2.6e-06
7.0,+,120,25203.09886,6,3,1.0,1.0,2.0,4.0,25203.1081,-0.009240000003046589,120,6,3,1.0,1.0,2.0,True,,2.2e-05
7.0,+,121,25233.06521,6,3,1.0,-1.0,0.0,6.25,25233.1268,-0.06158999999752268,121,6,3,1.0,-1.0,0.0,True,,3.4e-05
7.0,+,122,25263.73781,6,3,1.0,0.0,1.0,1.96,25263.734,0.0038099999983387534,122,6,3,1.0,0.0,1.0,True,,1.1e-05
7.0,+,131,26832.93387,6,4,1.0,1.0,2.0,0.64,26832.8934,0.04046999999991385,131,6,4,1.0,1.0,2.0,True,,3.4e-06
7.0,+,132,26862.28377,6,4,1.0,-1.0,0.0,0.16,26861.7075,0.5762699999977485,132,6,4,1.0,-1.0,0.0,True,,8.6e-07
7.0,+,133,26892.85202,6,4,1.0,0.0,1.0,0.25,26892.7557,0.09631999999692198,134,6,4,1.0,0.0,1.0,True,,1.3e-06
7.0,+,145,28412.63477,6,5,1.0,1.0,2.0,2.89,28412.6302,0.004570000000967411,145,6,5,1.0,1.0,2.0,True,,1.6e-05
7.0,+,146,28441.63612,6,5,1.0,-1.0,0.0,2.56,28441.7164,-0.08028000000194879,146,6,5,1.0,-1.0,0.0,True,,1.4e-05
7.0,+,147,28471.35205,6,5,1.0,0.0,1.0,1.0,28471.3383,0.013750000001891749,147,6,5,1.0,0.0,1.0,True,,5.4e-06
7.0,+,159,29935.7106,6,6,1.0,1.0,2.0,0.09,29935.0438,0.666799999999057,159,6,6,1.0,1.0,2.0,True,,4.8e-07
7.0,+,160,29963.87832,6,6,1.0,-1.0,0.0,0.09,29963.4575,0.4208199999993667,160,6,6,1.0,-1.0,0.0,True,,4.8e-07
7.0,+,161,29993.5424,6,6,1.0,0.0,1.0,0.09,29992.6592,0.8832000000002154,161,6,6,1.0,0.0,1.0,True,,4.8e-07
7.0,+,170,31392.45724,6,7,1.0,1.0,2.0,1.21,31392.5066,-0.04936000000088825,170,6,7,1.0,1.0,2.0,True,,6.5e-06
7.0,+,171,31420.20396,6,7,1.0,-1.0,0.0,0.81,31420.34,-0.1360400000012305,171,6,7,1.0,-1.0,0.0,True,,4.4e-06
7.0,+,172,31448.66526,6,7,1.0,0.0,1.0,0.36,31448.6527,0.012560000002849847,172,6,7,1.0,0.0,1.0,True,,1.9e-06
7.0,+,181,32775.65503,6,8,1.0,1.0,2.0,0.09,32775.7024,-0.047370000000228174,181,6,8,1.0,1.0,2.0,True,,4.8e-07
7.0,+,182,32802.79408,6,8,1.0,-1.0,0.0,0.04,32802.7488,0.04527999999845633,182,6,8,1.0,-1.0,0.0,True,,2.2e-07
7.0,+,183,32830.52935,6,8,1.0,0.0,1.0,0.04,32830.4483,0.08105000000068685,183,6,8,1.0,0.0,1.0,True,,2.2e-07
7.0,+,192,34077.72716,6,9,1.0,1.0,2.0,0.0015,34077.6802,0.04695999999967171,192,6,9,1.0,1.0,2.0,True,,8.1e-09
7.0,+,194,34103.86271,6,9,1.0,-1.0,0.0,0.0015,34103.2093,0.6534099999989849,193,6,9,1.0,-1.0,0.0,True,,8.1e-09
7.0,+,196,34130.76475,6,9,1.0,0.0,1.0,0.0004,34130.748,0.01675000000250293,194,6,9,1.0,0.0,1.0,True,,2.2e-09
7.0,+,209,35296.54292,6,10,1.0,1.0,2.0,0.0,35296.7168,-0.17388000000210013,205,6,10,1.0,1.0,2.0,True,,0.0
7.0,+,210,35321.98258,6,10,1.0,-1.0,0.0,0.0,35322.1416,-0.1590199999991455,207,6,10,1.0,-1.0,0.0,True,,0.0
7.0,+,211,35348.07572,6,10,1.0,0.0,1.0,0.0,35348.0279,0.047819999999774154,208,6,10,1.0,0.0,1.0,True,,0.0
7.0,+,220,36437.60147,6,11,1.0,1.0,2.0,0.0003,36438.5239,-0.9224299999987124,217,6,11,1.0,1.0,2.0,True,,1.6e-09
7.0,+,231,37511.83475,6,12,1.0,1.0,2.0,0.0002,37512.0501,-0.21534999999857973,228,6,12,1.0,1.0,2.0,True,,1.1e-09
7.0,-,2,675.24059,2,0,-1.0,-1.0,-2.0,625.0,675.2368,0.0037899999999808642,2,2,0,-1.0,-1.0,-2.0,True,,0.0034
7.0,-,3,705.32769,2,0,-1.0,1.0,0.0,625.0,705.3255,0.0021899999999277497,3,2,0,-1.0,1.0,0.0,True,,0.0034
7.0,-,4,735.72109,2,0,-1.0,0.0,-1.0,784.0,735.7226,-0.001510000000052969,4,2,0,-1.0,0.0,-1.0,True,,0.0042
7.0,-,6,2292.54188,2,1,-1.0,-1.0,-2.0,8.41,2292.5313,0.010580000000118162,6,2,1,-1.0,-1.0,-2.0,True,,4.5e-05
7.0,-,7,2322.42878,2,1,-1.0,1.0,0.0,10.24,2322.412,0.016780000000380824,7,2,1,-1.0,1.0,0.0,True,,5.5e-05
7.0,-,8,2352.57044,2,1,-1.0,0.0,-1.0,12.25,2352.5645,0.005940000000009604,8,2,1,-1.0,0.0,-1.0,True,,6.6e-05
7.0,-,10,3886.52125,2,2,-1.0,-1.0,-2.0,7.84,3886.5614,-0.04015000000026703,10,2,2,-1.0,-1.0,-2.0,True,,4.2e-05
7.0,-,11,3916.20285,2,2,-1.0,0.0,-1.0,5.29,3916.2353,-0.032449999999698775,11,2,2,-1.0,0.0,-1.0,True,,2.8e-05
7.0,-,12,3946.10215,2,2,-1.0,1.0,0.0,7.29,3946.1455,-0.04334999999991851,12,2,2,-1.0,1.0,0.0,True,,3.9e-05
7.0,-,13,5457.17353,2,3,-1.0,-1.0,-2.0,3.61,5457.1574,0.016129999999975553,13,2,3,-1.0,-1.0,-2.0,True,,1.9e-05
7.0,-,14,5486.64039,2,3,-1.0,0.0,-1.0,3.61,5486.6264,0.013989999999466818,14,2,3,-1.0,0.0,-1.0,True,,1.9e-05
7.0,-,16,5516.30267,2,3,-1.0,1.0,0.0,4.0,5516.2981,0.004570000000057917,16,2,3,-1.0,1.0,0.0,True,,2.2e-05
7.0,-,19,7004.46383,2,4,-1.0,-1.0,-2.0,1.96,7004.4246,0.03922999999940657,19,2,4,-1.0,-1.0,-2.0,True,,1.1e-05
7.0,-,20,7033.74191,2,4,-1.0,0.0,-1.0,1.21,7033.6882,0.05371000000013737,20,2,4,-1.0,0.0,-1.0,True,,6.5e-06
7.0,-,21,7063.14827,2,4,-1.0,1.0,0.0,1.21,7063.1268,0.021469999999681022,21,2,4,-1.0,1.0,0.0,True,,6.5e-06
7.0,-,25,8358.4164,3,0,-1.0,0.0,-1.0,961.0,8358.4165,-9.999999929277692e-05,25,3,0,-1.0,0.0,-1.0,True,,0.0052
7.0,-,26,8528.43063,2,5,-1.0,-1.0,-2.0,1.21,8528.3899,0.04073000000062166,26,2,5,-1.0,-1.0,-2.0,True,,6.5e-06
7.0,-,27,8557.48875,2,5,-1.0,0.0,-1.0,0.64,8557.4379,0.05084999999962747,27,2,5,-1.0,0.0,-1.0,True,,3.4e-06
7.0,-,28,8586.65256,2,5,-1.0,1.0,0.0,1.0,8586.6578,-0.005240000000412692,28,2,5,-1.0,1.0,0.0,True,,5.4e-06
7.0,-,32,9384.03725,5,0,0.0,-1.0,-1.0,196.0,9384.0391,-0.0018500000005587935,32,5,0,0.0,-1.0,-1.0,True,,0.0011
7.0,-,33,9941.50808,3,1,-1.0,0.0,-1.0,10.24,9941.5152,-0.007120000000213622,33,3,1,-1.0,0.0,-1.0,True,,5.5e-05
7.0,-,34,10029.0458,2,6,-1.0,-1.0,-2.0,0.36,10029.0183,0.02750000000014552,34,2,6,-1.0,-1.0,-2.0,True,,1.9e-06
7.0,-,35,10057.89795,2,6,-1.0,0.0,-1.0,1.0,10057.8905,0.007450000000972068,35,2,6,-1.0,0.0,-1.0,True,,5.4e-06
7.0,-,36,10086.81246,2,6,-1.0,1.0,0.0,0.81,10086.8544,-0.04194000000097731,36,2,6,-1.0,1.0,0.0,True,,4.4e-06
7.0,-,40,11414.58775,5,1,0.0,-1.0,-1.0,3.61,11414.5734,0.01435000000128639,40,5,1,0.0,-1.0,-1.0,True,,1.9e-05
7.0,-,41,11500.3781,3,2,-1.0,0.0,-1.0,10.89,11500.4229,-0.044799999999668216,41,3,2,-1.0,0.0,-1.0,True,,5.9e-05
7.0,-,42,11506.42958,2,7,-1.0,-1.0,-2.0,0.49,11506.2795,0.15007999999943422,42,2,7,-1.0,-1.0,-2.0,True,,2.6e-06
7.0,-,43,11535.08099,2,7,-1.0,0.0,-1.0,0.36,11535.2173,-0.1363099999998667,43,2,7,-1.0,0.0,-1.0,True,,1.9e-06
7.0,-,44,11563.703,2,7,-1.0,1.0,0.0,0.49,11563.6803,0.02269999999953143,44,2,7,-1.0,1.0,0.0,True,,2.6e-06
7.0,-,49,12960.18768,2,8,-1.0,-1.0,-2.0,0.64,12960.1214,0.06627999999909662,49,2,8,-1.0,-1.0,-2.0,True,,3.4e-06
7.0,-,50,12988.63037,2,8,-1.0,0.0,-1.0,0.64,12988.5253,0.10507000000143307,50,2,8,-1.0,0.0,-1.0,True,,3.4e-06
7.0,-,51,13017.07319,2,8,-1.0,1.0,0.0,0.64,13017.1038,-0.030610000001615845,51,2,8,-1.0,1.0,0.0,True,,3.4e-06
7.0,-,52,13034.96945,3,3,-1.0,0.0,-1.0,6.25,13034.9808,-0.01134999999885622,52,3,3,-1.0,0.0,-1.0,True,,3.4e-05
7.0,-,56,13416.92549,5,2,0.0,-1.0,-1.0,0.09,13416.96,-0.034509999999499996,56,5,2,0.0,-1.0,-1.0,True,,4.8e-07
7.0,-,58,14390.77582,2,9,-1.0,-1.0,-2.0,0.0533,14390.6016,0.17422000000078697,58,2,9,-1.0,-1.0,-2.0,True,,2.9e-07
7.0,-,59,14419.03067,2,9,-1.0,0.0,-1.0,0.037,14418.9157,0.11497000000053959,59,2,9,-1.0,0.0,-1.0,True,,2e-07
7.0,-,60,14447.17542,2,9,-1.0,1.0,0.0,0.037,14447.1588,0.016620000000330037,60,2,9,-1.0,1.0,0.0,True,,2e-07
7.0,-,61,14545.2167,3,4,-1.0,0.0,-1.0,3.61,14545.1933,0.023400000000037835,61,3,4,-1.0,0.0,-1.0,True,,1.9e-05
7.0,-,66,15388.68033,5,3,0.0,-1.0,-1.0,0.64,15388.4684,0.2119299999994837,66,5,3,0.0,-1.0,-1.0,True,,3.4e-06
7.0,-,74,16031.03427,3,5,-1.0,0.0,-1.0,1.21,16031.003,0.03126999999949476,74,3,5,-1.0,0.0,-1.0,True,,6.5e-06
7.0,-,77,17181.79824,2,11,-1.0,-1.0,-2.0,0.0011,17181.9277,-0.12946000000010827,77,2,11,-1.0,-1.0,-2.0,True,,5.9e-09
7.0,-,84,17492.34334,3,6,-1.0,0.0,-1.0,0.49,17492.3048,0.03853999999773805,84,3,6,-1.0,0.0,-1.0,True,,2.6e-06
7.0,-,93,18929.04823,3,7,-1.0,0.0,-1.0,0.16,18928.9811,0.06712999999945168,93,3,7,-1.0,0.0,-1.0,True,,8.6e-07
7.0,-,106,20341.08447,3,8,-1.0,0.0,-1.0,0.04,20340.9733,0.11117000000012922,106,3,8,-1.0,0.0,-1.0,True,,2.2e-07
7.0,-,116,21728.32759,3,9,-1.0,0.0,-1.0,0.0004,21728.1596,0.16799000000173692,116,3,9,-1.0,0.0,-1.0,True,,2.2e-09
7.0,-,129,23090.66175,3,10,-1.0,0.0,-1.0,0.0003,23090.4498,0.21195000000079744,129,3,10,-1.0,0.0,-1.0,True,,1.6e-09
7.0,-,155,25740.08875,3,12,-1.0,0.0,-1.0,0.0002,25739.9168,0.17194999999992433,156,3,12,-1.0,0.0,-1.0,True,,1.1e-09
8.0,+,1,130.36526,1,0,0.0,0.0,0.0,841.0,130.3629,0.0023600000000101318,1,1,0,0.0,0.0,0.0,True,,0.0045
8.0,+,5,1956.53373,1,1,0.0,0.0,0.0,112.96,1956.533,0.0007300000002032903,5,1,1,0.0,0.0,0.0,True,,0.00061
8.0,+,9,3754.39754,1,2,0.0,0.0,0.0,11.56,3754.3893,0.008240000000114378,9,1,2,0.0,0.0,0.0,True,,6.2e-05
8.0,+,15,5523.03778,1,3,0.0,0.0,0.0,5.29,5522.9821,0.0556799999994837,15,1,3,0.0,0.0,0.0,True,,2.8e-05
8.0,+,17,6330.77164,4,0,0.0,1.0,1.0,841.0,6330.7778,-0.006159999999908905,17,4,0,0.0,1.0,1.0,True,,0.0045
8.0,+,18,6381.42446,4,0,0.0,0.0,0.0,576.0,6381.4074,0.01706000000012864,18,4,0,0.0,0.0,0.0,True,,0.0031
8.0,+,22,7261.29704,1,4,0.0,0.0,0.0,2.56,7261.1852,0.111840000000484,22,1,4,0.0,0.0,0.0,True,,1.4e-05
8.0,+,23,7777.98885,4,1,0.0,1.0,1.0,6.76,7777.9999,-0.011050000000068394,23,4,1,0.0,1.0,1.0,True,,3.6e-05
8.0,+,24,7828.08692,4,1,0.0,0.0,0.0,5.76,7828.0708,0.01611999999931868,24,4,1,0.0,0.0,0.0,True,,3.1e-05
8.0,+,29,8967.61208,1,5,0.0,0.0,0.0,1.69,8967.489,0.12308000000120956,29,1,5,0.0,0.0,0.0,True,,9.1e-06
8.0,+,30,9203.03426,4,2,0.0,1.0,1.0,7.84,9203.0997,-0.06544000000030792,30,4,2,0.0,1.0,1.0,True,,4.2e-05
8.0,+,31,9252.58171,4,2,0.0,0.0,0.0,9.0,9252.6117,-0.029989999999088468,31,4,2,0.0,0.0,0.0,True,,4.8e-05
8.0,+,37,10605.96127,4,3,0.0,1.0,1.0,2.89,10606.036,-0.07473000000027241,37,4,3,0.0,1.0,1.0,True,,1.6e-05
8.0,+,38,10639.89601,1,6,0.0,0.0,0.0,1.0,10639.8542,0.041810000000623404,38,1,6,0.0,0.0,0.0,True,,5.4e-06
8.0,+,39,10655.004,4,3,0.0,0.0,0.0,2.89,10655.0383,-0.034299999999348074,39,4,3,0.0,0.0,0.0,True,,1.6e-05
8.0,+,45,11963.84337,7,0,2.0,0.0,2.0,36.0,11963.8069,0.036470000000917935,45,7,0,2.0,0.0,2.0,True,,0.00019
8.0,+,46,11986.9101,4,4,0.0,1.0,1.0,1.69,11986.955,-0.04490000000077998,46,4,4,0.0,1.0,1.0,True,,9.1e-06
8.0,+,47,12035.34119,4,4,0.0,0.0,0.0,1.96,12035.3512,-0.010009999999965657,47,4,4,0.0,0.0,0.0,True,,1.1e-05
8.0,+,53,13345.90437,4,5,0.0,1.0,1.0,1.21,13345.9136,-0.009229999999661231,53,4,5,0.0,1.0,1.0,True,,6.5e-06
8.0,+,54,13347.17091,7,1,2.0,0.0,2.0,0.36,13347.1488,0.022109999999884167,54,7,1,2.0,0.0,2.0,True,,1.9e-06
8.0,+,55,13393.80163,4,5,0.0,0.0,0.0,1.0,13393.7514,0.05023000000073807,55,4,5,0.0,0.0,0.0,True,,5.4e-06
8.0,+,62,14683.05398,4,6,0.0,1.0,1.0,0.25,14683.0401,0.013880000000426662,62,4,6,0.0,1.0,1.0,True,,1.3e-06
8.0,+,63,14707.62703,7,2,2.0,0.0,2.0,0.36,14707.6259,0.0011300000005576294,63,7,2,2.0,0.0,2.0,True,,1.9e-06
8.0,+,64,14730.38205,4,6,0.0,0.0,0.0,0.25,14730.3197,0.06235000000015134,64,4,6,0.0,0.0,0.0,True,,1.3e-06
8.0,+,65,15302.69733,8,0,0.0,0.0,0.0,36.0,15302.7029,-0.005569999999352149,65,8,0,0.0,0.0,0.0,True,,0.00019
8.0,+,71,15998.45119,4,7,0.0,1.0,1.0,0.16,15998.4585,-0.007310000000870787,71,4,7,0.0,1.0,1.0,True,,8.6e-07
8.0,+,73,16045.21913,4,7,0.0,0.0,0.0,0.25,16045.1797,0.03942999999890162,72,4,7,0.0,0.0,0.0,True,,1.3e-06
8.0,+,72,16045.27779,7,3,2.0,0.0,2.0,0.64,16045.253,0.02478999999948428,73,7,3,2.0,0.0,2.0,True,,3.4e-06
8.0,+,75,16722.42701,8,1,0.0,0.0,0.0,0.36,16722.4074,0.01960999999937485,75,8,1,0.0,0.0,0.0,True,,1.9e-06
8.0,+,80,17292.19326,4,8,0.0,1.0,1.0,0.09,17292.2883,-0.09504000000015367,80,4,8,0.0,1.0,1.0,True,,4.8e-07
8.0,+,81,17338.40492,4,8,0.0,0.0,0.0,0.09,17338.451,-0.046080000000074506,81,4,8,0.0,0.0,0.0,True,,4.8e-07
8.0,+,83,17360.18317,7,4,2.0,0.0,2.0,0.81,17360.136,0.04717000000164262,83,7,4,2.0,0.0,2.0,True,,4.4e-06
8.0,+,85,18141.31869,8,2,0.0,0.0,0.0,0.09,18141.6334,-0.3147099999987404,85,8,2,0.0,0.0,0.0,True,,4.8e-07
8.0,+,92,18652.40679,7,5,2.0,0.0,2.0,0.49,18652.3511,0.055690000001050066,92,7,5,2.0,0.0,2.0,True,,2.6e-06
8.0,+,95,19561.78802,8,3,0.0,0.0,0.0,0.09,19561.7048,0.08322000000043772,95,8,3,0.0,0.0,0.0,True,,4.8e-07
8.0,+,100,19921.98577,7,6,2.0,0.0,2.0,0.49,19921.8543,0.1314700000002631,100,7,6,2.0,0.0,2.0,True,,2.6e-06
8.0,+,103,20084.87151,6,0,1.0,1.0,2.0,225.0,20084.9386,-0.06709000000046217,103,6,0,1.0,1.0,2.0,True,,0.0012
8.0,+,104,20118.23745,6,0,1.0,-1.0,0.0,169.0,20118.2591,-0.02164999999877182,104,6,0,1.0,-1.0,0.0,True,,0.00091
8.0,+,105,20153.05828,6,0,1.0,0.0,1.0,169.0,20153.1573,-0.09901999999783584,105,6,0,1.0,0.0,1.0,True,,0.00091
8.0,+,112,21169.06728,7,7,2.0,0.0,2.0,0.36,21168.9446,0.12268000000040047,112,7,7,2.0,0.0,2.0,True,,1.9e-06
8.0,+,117,21837.46416,6,1,1.0,1.0,2.0,1.69,21837.4803,-0.01613999999972293,117,6,1,1.0,1.0,2.0,True,,9.1e-06
8.0,+,118,21870.45371,6,1,1.0,-1.0,0.0,1.44,21870.462,-0.008289999997941777,118,6,1,1.0,-1.0,0.0,True,,7.7e-06
8.0,+,119,21904.88887,6,1,1.0,0.0,1.0,1.44,21905.0088,-0.11993000000074971,119,6,1,1.0,0.0,1.0,True,,7.7e-06
8.0,+,124,22393.65106,7,8,2.0,0.0,2.0,0.04,22393.4314,0.21965999999883934,124,7,8,2.0,0.0,2.0,True,,2.2e-07
8.0,+,133,23552.53902,6,2,1.0,1.0,2.0,0.49,23552.0032,0.5358200000009674,133,6,2,1.0,1.0,2.0,True,,2.6e-06
8.0,+,134,23585.27529,6,2,1.0,-1.0,0.0,0.04,23583.9304,1.344890000000305,134,6,2,1.0,-1.0,0.0,True,,2.2e-07
8.0,+,136,23619.30875,6,2,1.0,0.0,1.0,0.16,23619.5586,-0.24985000000015134,136,6,2,1.0,0.0,1.0,True,,8.6e-07
8.0,+,151,25227.22658,6,3,1.0,1.0,2.0,2.25,25227.1694,0.05717999999978929,151,6,3,1.0,1.0,2.0,True,,1.2e-05
8.0,+,152,25259.37409,6,3,1.0,-1.0,0.0,2.89,25259.3255,0.04859000000215019,152,6,3,1.0,-1.0,0.0,True,,1.6e-05
8.0,+,153,25292.92408,6,3,1.0,0.0,1.0,2.25,25293.0409,-0.11681999999927939,153,6,3,1.0,0.0,1.0,True,,1.2e-05
8.0,+,165,26856.1818,6,4,1.0,1.0,2.0,1.0,26856.376,-0.19420000000172877,165,6,4,1.0,1.0,2.0,True,,5.4e-06
8.0,+,166,26888.59431,6,4,1.0,-1.0,0.0,0.25,26888.3288,0.26551000000108615,167,6,4,1.0,-1.0,0.0,True,,1.3e-06
8.0,+,168,26922.21815,6,4,1.0,0.0,1.0,0.09,26925.271,-3.052850000000035,169,6,4,1.0,0.0,1.0,True,,4.8e-07
8.0,+,182,28435.99692,6,5,1.0,1.0,2.0,1.0,28435.9579,0.039020000000164146,182,6,5,1.0,1.0,2.0,True,,5.4e-06
8.0,+,183,28467.13288,6,5,1.0,-1.0,0.0,0.81,28467.083,0.04988000000230386,183,6,5,1.0,-1.0,0.0,True,,4.4e-06
8.0,+,184,28499.62384,6,5,1.0,0.0,1.0,0.81,28499.7876,-0.16375999999945634,184,6,5,1.0,0.0,1.0,True,,4.4e-06
8.0,+,199,29958.54946,6,6,1.0,1.0,2.0,0.09,29957.8923,0.6571599999988393,199,6,6,1.0,1.0,2.0,True,,4.8e-07
8.0,+,200,29988.65204,6,6,1.0,-1.0,0.0,0.36,29988.4777,0.1743400000013935,200,6,6,1.0,-1.0,0.0,True,,1.9e-06
8.0,+,202,30021.09463,6,6,1.0,0.0,1.0,0.09,30020.2262,0.8684299999986251,201,6,6,1.0,0.0,1.0,True,,4.8e-07
8.0,+,215,31414.92499,6,7,1.0,1.0,2.0,0.25,31414.9127,0.012289999998756684,215,6,7,1.0,1.0,2.0,True,,1.3e-06
8.0,+,216,31444.71362,6,7,1.0,-1.0,0.0,0.49,31444.6555,0.058119999997870764,216,6,7,1.0,-1.0,0.0,True,,2.6e-06
8.0,+,217,31475.8366,6,7,1.0,0.0,1.0,0.16,31476.0965,-0.2599000000009255,217,6,7,1.0,0.0,1.0,True,,8.6e-07
8.0,+,229,32797.55602,6,8,1.0,1.0,2.0,0.04,32797.5224,0.033620000001974404,229,6,8,1.0,1.0,2.0,True,,2.2e-07
8.0,+,230,32826.61755,6,8,1.0,-1.0,0.0,0.09,32826.5653,0.052250000000640284,230,6,8,1.0,-1.0,0.0,True,,4.8e-07
8.0,+,231,32857.06274,6,8,1.0,0.0,1.0,0.36,32856.9761,0.08664000000135275,231,6,8,1.0,0.0,1.0,True,,1.9e-06
8.0,+,242,34098.63846,6,9,1.0,1.0,2.0,0.0004,34098.6505,-0.012040000001434237,242,6,9,1.0,1.0,2.0,True,,2.2e-09
8.0,+,244,34127.05041,6,9,1.0,-1.0,0.0,0.0015,34127.0113,0.03911000000516651,243,6,9,1.0,-1.0,0.0,True,,8.1e-09
8.0,+,246,34156.55812,6,9,1.0,0.0,1.0,0.0004,34154.0737,2.484420000000682,245,6,9,1.0,0.0,1.0,True,,2.2e-09
8.0,+,263,35317.2113,6,10,1.0,1.0,2.0,0.0051,35317.3181,-0.10679999999410938,259,6,10,1.0,1.0,2.0,True,,2.7e-08
8.0,+,264,35344.56269,6,10,1.0,-1.0,0.0,0.0051,35344.5015,0.061190000000351574,261,6,10,1.0,-1.0,0.0,True,,2.7e-08
8.0,+,265,35373.22292,6,10,1.0,0.0,1.0,0.0051,35373.2913,-0.06837999999697786,262,6,10,1.0,0.0,1.0,True,,2.7e-08
8.0,+,276,36457.60568,6,11,1.0,1.0,2.0,0.0003,36458.4643,-0.858619999999064,273,6,11,1.0,1.0,2.0,True,,1.6e-09
8.0,+,290,37531.24682,6,12,1.0,1.0,2.0,0.0002,37531.3628,-0.11598000000230968,287,6,12,1.0,1.0,2.0,True,,1.1e-09
8.0,-,1,698.67773,2,0,-1.0,-1.0,-2.0,625.0,698.6752,0.002529999999978827,1,2,0,-1.0,-1.0,-2.0,True,,0.0034
8.0,-,2,731.63134,2,0,-1.0,1.0,0.0,841.0,731.6308,0.0005400000000008731,2,2,0,-1.0,1.0,0.0,True,,0.0045
8.0,-,3,765.21087,2,0,-1.0,0.0,-1.0,576.0,765.209,0.001870000000053551,3,2,0,-1.0,0.0,-1.0,True,,0.0031
8.0,-,4,2315.74486,2,1,-1.0,-1.0,-2.0,6.76,2315.7356,0.009259999999812862,4,2,1,-1.0,-1.0,-2.0,True,,3.6e-05
8.0,-,5,2348.45666,2,1,-1.0,1.0,0.0,12.25,2348.4478,0.00885999999991327,5,2,1,-1.0,1.0,0.0,True,,6.6e-05
8.0,-,6,2381.75671,2,1,-1.0,0.0,-1.0,10.89,2381.7392,0.017510000000129367,6,2,1,-1.0,0.0,-1.0,True,,5.9e-05
8.0,-,7,3909.48576,2,2,-1.0,-1.0,-2.0,5.76,3909.5302,-0.04444000000012238,7,2,2,-1.0,-1.0,-2.0,True,,3.1e-05
8.0,-,8,3941.96053,2,2,-1.0,1.0,0.0,7.84,3942.0012,-0.040670000000318396,8,2,2,-1.0,1.0,0.0,True,,4.2e-05
8.0,-,9,3974.98457,2,2,-1.0,0.0,-1.0,4.41,3975.0045,-0.01992999999993117,9,2,2,-1.0,0.0,-1.0,True,,2.4e-05
8.0,-,10,5479.89616,2,3,-1.0,-1.0,-2.0,1.21,5479.8903,0.005860000000211585,10,2,3,-1.0,-1.0,-2.0,True,,6.5e-06
8.0,-,11,5512.12562,2,3,-1.0,1.0,0.0,4.41,5512.1236,0.002019999999902211,11,2,3,-1.0,1.0,0.0,True,,2.4e-05
8.0,-,12,5544.88064,2,3,-1.0,0.0,-1.0,1.96,5544.8375,0.04314000000067608,12,2,3,-1.0,0.0,-1.0,True,,1.1e-05
8.0,-,14,7026.96319,2,4,-1.0,-1.0,-2.0,1.0,7026.9203,0.04289000000062515,14,2,4,-1.0,-1.0,-2.0,True,,5.4e-06
8.0,-,15,7058.95607,2,4,-1.0,1.0,0.0,2.56,7058.9193,0.036770000000615255,15,2,4,-1.0,1.0,0.0,True,,1.4e-05
8.0,-,16,7091.42351,2,4,-1.0,0.0,-1.0,0.64,7091.3382,0.08530999999948108,16,2,4,-1.0,0.0,-1.0,True,,3.4e-06
8.0,-,18,8384.14685,3,0,-1.0,0.0,-1.0,484.0,8384.132,0.014849999999569263,18,3,0,-1.0,0.0,-1.0,True,,0.0026
8.0,-,19,8550.6496,2,5,-1.0,-1.0,-2.0,0.64,8550.6436,0.006000000001222361,19,2,5,-1.0,-1.0,-2.0,True,,3.4e-06
8.0,-,20,8582.42134,2,5,-1.0,1.0,0.0,0.64,8582.4141,0.007240000000820146,20,2,5,-1.0,1.0,0.0,True,,3.4e-06
8.0,-,21,8614.60644,2,5,-1.0,0.0,-1.0,0.64,8614.5111,0.09533999999985099,21,2,5,-1.0,0.0,-1.0,True,,3.4e-06
8.0,-,23,9384.41829,5,0,0.0,-1.0,-1.0,225.0,9384.2399,0.1783899999991263,23,5,0,0.0,-1.0,-1.0,True,,0.0012
8.0,-,24,9449.62797,5,0,0.0,0.0,0.0,64.0,9449.8156,-0.1876300000003539,24,5,0,0.0,0.0,0.0,True,,0.00034
8.0,-,25,9966.96496,3,1,-1.0,0.0,-1.0,6.76,9966.9578,0.007159999999203137,25,3,1,-1.0,0.0,-1.0,True,,3.6e-05
8.0,-,26,10051.0595,2,6,-1.0,-1.0,-2.0,1.44,10051.0428,0.016700000000128057,26,2,6,-1.0,-1.0,-2.0,True,,7.7e-06
8.0,-,27,10082.57003,2,6,-1.0,1.0,0.0,1.44,10082.5754,-0.0053699999989476055,27,2,6,-1.0,1.0,0.0,True,,7.7e-06
8.0,-,28,10114.48034,2,6,-1.0,0.0,-1.0,0.81,10114.4376,0.04274000000077649,28,2,6,-1.0,0.0,-1.0,True,,4.4e-06
8.0,-,30,11414.73742,5,1,0.0,-1.0,-1.0,1.96,11414.9327,-0.19527999999991152,30,5,1,0.0,-1.0,-1.0,True,,1.1e-05
8.0,-,31,11479.57461,5,1,0.0,0.0,0.0,1.0,11479.2451,0.32950999999957276,31,5,1,0.0,0.0,0.0,True,,5.4e-06
8.0,-,32,11525.55978,3,2,-1.0,0.0,-1.0,5.76,11525.5912,-0.03142000000116241,32,3,2,-1.0,0.0,-1.0,True,,3.1e-05
8.0,-,33,11528.52866,2,7,-1.0,-1.0,-2.0,0.49,11528.1653,0.36335999999937485,33,2,7,-1.0,-1.0,-2.0,True,,2.6e-06
8.0,-,34,11559.5916,2,7,-1.0,1.0,0.0,0.25,11559.3951,0.19650000000001455,34,2,7,-1.0,1.0,0.0,True,,1.3e-06
8.0,-,35,11591.19256,2,7,-1.0,0.0,-1.0,0.25,11591.6089,-0.4163399999997637,35,2,7,-1.0,0.0,-1.0,True,,1.3e-06
8.0,-,38,12981.65184,2,8,-1.0,-1.0,-2.0,0.81,12981.6424,0.009439999999813153,38,2,8,-1.0,-1.0,-2.0,True,,4.4e-06
8.0,-,39,13012.7203,2,8,-1.0,1.0,0.0,0.36,13012.7381,-0.01779999999962456,39,2,8,-1.0,1.0,0.0,True,,1.9e-06
8.0,-,40,13044.05075,2,8,-1.0,0.0,-1.0,0.36,13043.8601,0.19065000000045984,40,2,8,-1.0,0.0,-1.0,True,,1.9e-06
8.0,-,41,13059.87594,3,3,-1.0,0.0,-1.0,2.56,13059.8745,0.0014400000000023283,41,3,3,-1.0,0.0,-1.0,True,,1.4e-05
8.0,-,44,13417.32807,5,2,0.0,-1.0,-1.0,0.16,13417.107,0.22106999999959953,44,5,2,0.0,-1.0,-1.0,True,,8.6e-07
8.0,-,46,14412.09892,2,9,-1.0,-1.0,-2.0,0.0448,14411.9204,0.1785199999994802,46,2,9,-1.0,-1.0,-2.0,True,,2.4e-07
8.0,-,47,14442.86025,2,9,-1.0,1.0,0.0,0.037,14442.7584,0.1018499999991036,47,2,9,-1.0,1.0,0.0,True,,2e-07
8.0,-,48,14473.92972,2,9,-1.0,0.0,-1.0,0.037,14473.8296,0.10012000000097032,48,2,9,-1.0,0.0,-1.0,True,,2e-07
8.0,-,49,14569.84653,3,4,-1.0,0.0,-1.0,1.96,14569.8116,0.03492999999980384,49,3,4,-1.0,0.0,-1.0,True,,1.1e-05
8.0,-,52,15388.95966,5,3,0.0,-1.0,-1.0,0.25,15388.736,0.22365999999965425,52,5,3,0.0,-1.0,-1.0,True,,1.3e-06
8.0,-,53,15452.4706,5,3,0.0,0.0,0.0,0.04,15451.9946,0.4760000000005675,53,5,3,0.0,0.0,0.0,True,,2.2e-07
8.0,-,59,16055.38285,3,5,-1.0,0.0,-1.0,0.81,16055.3449,0.03794999999990978,59,3,5,-1.0,0.0,-1.0,True,,4.4e-06
8.0,-,67,17516.41526,3,6,-1.0,0.0,-1.0,0.16,17516.3698,0.04546000000118511,67,3,6,-1.0,0.0,-1.0,True,,8.6e-07
8.0,-,73,18952.85077,3,7,-1.0,0.0,-1.0,0.04,18952.7658,0.08496999999988475,73,3,7,-1.0,0.0,-1.0,True,,2.2e-07
8.0,-,84,20364.58894,3,8,-1.0,0.0,-1.0,0.01,20364.4768,0.11214000000109081,84,3,8,-1.0,0.0,-1.0,True,,5.4e-08
9.0,+,13,6381.57283,4,0,0.0,1.0,1.0,1225.0,6381.4176,0.15523000000030152,13,4,0,0.0,1.0,1.0,True,,0.0066
9.0,+,17,7828.23438,4,1,0.0,1.0,1.0,10.24,7828.083,0.15138000000024476,17,4,1,0.0,1.0,1.0,True,,5.5e-05
9.0,+,22,9252.72493,4,2,0.0,1.0,1.0,14.44,9252.6261,0.09883000000081665,22,4,2,0.0,1.0,1.0,True,,7.8e-05
9.0,+,29,10655.1161,4,3,0.0,1.0,1.0,4.0,10655.0273,0.08879999999953725,29,4,3,0.0,1.0,1.0,True,,2.2e-05
9.0,+,36,11990.02029,7,0,2.0,0.0,2.0,36.0,11989.9836,0.036690000000817236,36,7,0,2.0,0.0,2.0,True,,0.00019
9.0,+,37,12035.4926,4,4,0.0,1.0,1.0,1.44,12035.3769,0.11570000000028813,37,4,4,0.0,1.0,1.0,True,,7.7e-06
9.0,+,42,13373.04314,7,1,2.0,0.0,2.0,0.36,13373.0209,0.02224000000023807,42,7,1,2.0,0.0,2.0,True,,1.9e-06
9.0,+,43,13393.9391972414,4,5,0.0,1.0,1.0,1.45,13393.7805,0.15869724139884056,43,4,5,0.0,1.0,1.0,True,,7.8e-06
9.0,+,50,14730.53057,4,6,0.0,1.0,1.0,0.25,14730.353,0.17757000000165135,50,4,6,0.0,1.0,1.0,True,,1.3e-06
9.0,+,51,14733.19656,7,2,2.0,0.0,2.0,0.36,14733.1936,0.002959999999802676,51,7,2,2.0,0.0,2.0,True,,1.9e-06
9.0,+,57,16045.36959,4,7,0.0,1.0,1.0,0.36,16045.2175,0.15208999999958905,57,4,7,0.0,1.0,1.0,True,,1.9e-06
9.0,+,58,16070.54244,7,3,2.0,0.0,2.0,0.64,16070.5165,0.025939999999536667,58,7,3,2.0,0.0,2.0,True,,3.4e-06
9.0,+,63,17338.55997,4,8,0.0,1.0,1.0,0.09,17338.4934,0.06656999999904656,63,4,8,0.0,1.0,1.0,True,,4.8e-07
9.0,+,65,17385.14149,7,4,2.0,0.0,2.0,0.81,17385.0955,0.0459900000023481,65,7,4,2.0,0.0,2.0,True,,4.4e-06
9.0,+,72,18677.05818,7,5,2.0,0.0,2.0,0.49,18677.0064,0.051780000001599547,72,7,5,2.0,0.0,2.0,True,,2.6e-06
9.0,+,78,19946.33741,7,6,2.0,0.0,2.0,0.49,19946.2089,0.12850999999864143,78,7,6,2.0,0.0,2.0,True,,2.6e-06
9.0,+,81,20113.29687,6,0,1.0,1.0,2.0,289.0,20113.38,-0.08313000000271131,81,6,0,1.0,1.0,2.0,True,,0.0016
9.0,+,82,20150.04179,6,0,1.0,-1.0,0.0,289.0,20150.131,-0.0892100000019127,82,6,0,1.0,-1.0,0.0,True,,0.0016
9.0,+,83,20188.18478,6,0,1.0,0.0,1.0,121.0,20188.1812,0.0035800000005110633,83,6,0,1.0,0.0,1.0,True,,0.00065
9.0,+,87,21193.10391,7,7,2.0,0.0,2.0,0.36,21192.9901,0.11381000000255881,87,7,7,2.0,0.0,2.0,True,,1.9e-06
9.0,+,93,21865.55853,6,1,1.0,1.0,2.0,1.44,21865.5972,-0.03867000000172993,93,6,1,1.0,1.0,2.0,True,,7.7e-06
9.0,+,94,21901.90443,6,1,1.0,-1.0,0.0,1.69,21901.9821,-0.07767000000239932,94,6,1,1.0,-1.0,0.0,True,,9.1e-06
9.0,+,95,21939.61648,6,1,1.0,0.0,1.0,1.0,21939.6269,-0.010419999998703133,95,6,1,1.0,0.0,1.0,True,,5.4e-06
9.0,+,97,22417.38624,7,8,2.0,0.0,2.0,0.04,22417.1706,0.21563999999852967,97,7,8,2.0,0.0,2.0,True,,2.2e-07
9.0,+,105,23580.24771,6,2,1.0,1.0,2.0,0.49,23579.7226,0.5251099999986764,105,6,2,1.0,1.0,2.0,True,,2.6e-06
9.0,+,106,23616.29155,6,2,1.0,-1.0,0.0,0.16,23622.0738,-5.782249999996566,107,6,2,1.0,-1.0,0.0,True,,8.6e-07
9.0,+,108,23653.6079,6,2,1.0,0.0,1.0,0.36,23653.6547,-0.04680000000007567,108,6,2,1.0,0.0,1.0,True,,1.9e-06
9.0,+,120,25254.56681,6,3,1.0,1.0,2.0,4.0,25254.5625,0.004310000000259606,120,6,3,1.0,1.0,2.0,True,,2.2e-05
9.0,+,121,25289.99621,6,3,1.0,-1.0,0.0,3.24,25290.0601,-0.06388999999762746,121,6,3,1.0,-1.0,0.0,True,,1.7e-05
9.0,+,122,25326.73944,6,3,1.0,0.0,1.0,2.56,25326.7282,0.011239999999816064,122,6,3,1.0,0.0,1.0,True,,1.4e-05
9.0,+,131,26883.62399,6,4,1.0,1.0,2.0,0.81,26883.6082,0.015790000001288718,131,6,4,1.0,1.0,2.0,True,,4.4e-06
9.0,+,132,26920.23574,6,4,1.0,-1.0,0.0,0.36,26922.4594,-2.2236599999996542,133,6,4,1.0,-1.0,0.0,True,,1.9e-06
9.0,+,134,26954.88049,6,4,1.0,0.0,1.0,0.25,26954.8207,0.05978999999933876,134,6,4,1.0,0.0,1.0,True,,1.3e-06
9.0,+,145,28462.51006,6,5,1.0,1.0,2.0,1.44,28462.5015,0.00856000000203494,145,6,5,1.0,1.0,2.0,True,,7.7e-06
9.0,+,146,28496.83032,6,5,1.0,-1.0,0.0,0.81,28496.915,-0.08467999999993481,146,6,5,1.0,-1.0,0.0,True,,4.4e-06
9.0,+,147,28532.40735,6,5,1.0,0.0,1.0,0.81,28532.4021,0.0052500000019790605,147,6,5,1.0,0.0,1.0,True,,4.4e-06
9.0,+,159,29984.36665,6,6,1.0,1.0,2.0,0.16,29983.9945,0.3721499999992375,159,6,6,1.0,1.0,2.0,True,,8.6e-07
9.0,+,160,30017.52139,6,6,1.0,-1.0,0.0,0.16,30017.5501,-0.02870999999868218,160,6,6,1.0,-1.0,0.0,True,,8.6e-07
9.0,+,161,30053.14324,6,6,1.0,0.0,1.0,0.25,30052.5927,0.5505400000001828,161,6,6,1.0,0.0,1.0,True,,1.3e-06
9.0,+,170,31440.33081,6,7,1.0,1.0,2.0,0.49,31440.3717,-0.0408900000002177,170,6,7,1.0,1.0,2.0,True,,2.6e-06
9.0,+,171,31473.22442,6,7,1.0,-1.0,0.0,0.25,31473.3814,-0.15697999999974854,171,6,7,1.0,-1.0,0.0,True,,1.3e-06
9.0,+,172,31507.31044,6,7,1.0,0.0,1.0,0.16,31507.3127,-0.00225999999747728,172,6,7,1.0,0.0,1.0,True,,8.6e-07
9.0,+,181,32822.36127,6,8,1.0,1.0,2.0,0.16,32822.4015,-0.040229999998700805,181,6,8,1.0,1.0,2.0,True,,8.6e-07
9.0,+,182,32854.40788,6,8,1.0,-1.0,0.0,0.16,32854.4317,-0.02382000000216067,182,6,8,1.0,-1.0,0.0,True,,8.6e-07
9.0,+,183,32887.68646,6,8,1.0,0.0,1.0,0.25,32887.6622,0.02425999999832129,183,6,8,1.0,0.0,1.0,True,,1.3e-06
9.0,+,192,34123.05265,6,9,1.0,1.0,2.0,0.0015,34123.0611,-0.008450000001175795,192,6,9,1.0,1.0,2.0,True,,8.1e-09
9.0,+,194,34153.87599,6,9,1.0,-1.0,0.0,0.0004,34152.6303,1.2456900000033784,193,6,9,1.0,-1.0,0.0,True,,2.2e-09
9.0,+,197,34186.19354,6,9,1.0,0.0,1.0,0.0004,34186.3895,-0.1959599999972852,195,6,9,1.0,0.0,1.0,True,,2.2e-09
9.0,+,209,35340.55085,6,10,1.0,1.0,2.0,0.0051,35340.7297,-0.17885000000387663,205,6,10,1.0,1.0,2.0,True,,2.7e-08
9.0,+,210,35370.75852,6,10,1.0,-1.0,0.0,0.0051,35370.9393,-0.1807799999951385,207,6,10,1.0,-1.0,0.0,True,,2.7e-08
9.0,+,211,35402.0239,6,10,1.0,0.0,1.0,0.0051,35402.0043,0.01959999999962747,208,6,10,1.0,0.0,1.0,True,,2.7e-08
9.0,+,231,37553.32692,6,12,1.0,1.0,2.0,0.0002,37553.4432,-0.116280000002007,228,6,12,1.0,1.0,2.0,True,,1.1e-09
9.0,-,2,725.17878,2,0,-1.0,-1.0,-2.0,841.0,725.1765,0.0022799999999278953,2,2,0,-1.0,-1.0,-2.0,True,,0.0045
9.0,-,3,760.16878,2,0,-1.0,1.0,0.0,529.0,760.1642,0.004579999999918982,3,2,0,-1.0,1.0,0.0,True,,0.0028
9.0,-,4,796.50285,2,0,-1.0,0.0,-1.0,529.0,796.5061,-0.003249999999979991,4,2,0,-1.0,0.0,-1.0,True,,0.0028
9.0,-,6,2341.98571,2,1,-1.0,-1.0,-2.0,9.61,2341.9741,0.011610000000018772,6,2,1,-1.0,-1.0,-2.0,True,,5.2e-05
9.0,-,7,2376.70345,2,1,-1.0,1.0,0.0,12.25,2376.6866,0.016849999999976717,7,2,1,-1.0,1.0,0.0,True,,6.6e-05
9.0,-,8,2412.71994,2,1,-1.0,0.0,-1.0,12.96,2412.7153,0.004640000000108557,8,2,1,-1.0,0.0,-1.0,True,,7e-05
9.0,-,10,3935.4638,2,2,-1.0,-1.0,-2.0,9.0,3935.5054,-0.041600000000016735,10,2,2,-1.0,-1.0,-2.0,True,,4.8e-05
9.0,-,11,3969.91193,2,2,-1.0,1.0,0.0,7.29,3969.9427,-0.03076999999984764,11,2,2,-1.0,1.0,0.0,True,,3.9e-05
9.0,-,12,4005.6158,2,2,-1.0,0.0,-1.0,8.41,4005.6602,-0.044399999999768625,12,2,2,-1.0,0.0,-1.0,True,,4.5e-05
9.0,-,13,5505.61944,2,3,-1.0,-1.0,-2.0,4.0,5505.6029,0.016540000000532018,13,2,3,-1.0,-1.0,-2.0,True,,2.2e-05
9.0,-,14,5539.78857,2,3,-1.0,1.0,0.0,4.0,5539.7657,0.02286999999978434,14,2,3,-1.0,1.0,0.0,True,,2.2e-05
9.0,-,16,5575.17657,2,3,-1.0,0.0,-1.0,2.89,5575.1764,0.00016999999934341758,16,2,3,-1.0,0.0,-1.0,True,,1.6e-05
9.0,-,19,7052.41767,2,4,-1.0,-1.0,-2.0,2.25,7052.3712,0.04647000000022672,19,2,4,-1.0,-1.0,-2.0,True,,1.2e-05
9.0,-,20,7086.31275,2,4,-1.0,1.0,0.0,1.44,7086.257,0.05575000000044383,20,2,4,-1.0,1.0,0.0,True,,7.7e-06
9.0,-,21,7121.39344,2,4,-1.0,0.0,-1.0,2.25,7121.3674,0.02603999999973894,21,2,4,-1.0,0.0,-1.0,True,,1.2e-05
9.0,-,25,8413.05785,3,0,-1.0,0.0,-1.0,1024.0,8413.058,-0.00015000000166764949,25,3,0,-1.0,0.0,-1.0,True,,0.0055
9.0,-,26,8575.86943,2,5,-1.0,-1.0,-2.0,1.21,8575.8369,0.03253000000040629,26,2,5,-1.0,-1.0,-2.0,True,,6.5e-06
9.0,-,27,8609.47851,2,5,-1.0,1.0,0.0,1.0,8609.4295,0.049010000000635046,27,2,5,-1.0,1.0,0.0,True,,5.4e-06
9.0,-,28,8644.2456,2,5,-1.0,0.0,-1.0,1.0,8644.259,-0.013399999999819556,28,2,5,-1.0,0.0,-1.0,True,,5.4e-06
9.0,-,32,9449.37651,5,0,0.0,-1.0,-1.0,81.0,9449.3907,-0.014189999999871361,32,5,0,0.0,-1.0,-1.0,True,,0.00044
9.0,-,33,9995.57029,3,1,-1.0,0.0,-1.0,10.24,9995.5765,-0.0062099999995552935,33,3,1,-1.0,0.0,-1.0,True,,5.5e-05
9.0,-,34,10075.98002,2,6,-1.0,-1.0,-2.0,0.81,10075.9644,0.01562000000012631,34,2,6,-1.0,-1.0,-2.0,True,,4.4e-06
9.0,-,35,10109.33805,2,6,-1.0,1.0,0.0,1.69,10109.3213,0.01675000000068394,35,2,6,-1.0,1.0,0.0,True,,9.1e-06
9.0,-,36,10143.76996,2,6,-1.0,0.0,-1.0,1.44,10143.8142,-0.04424000000108208,36,2,6,-1.0,0.0,-1.0,True,,7.7e-06
9.0,-,40,11479.05242,5,1,0.0,-1.0,-1.0,1.96,11479.0696,-0.017180000000735163,40,5,1,0.0,-1.0,-1.0,True,,1.1e-05
9.0,-,41,11552.92113,2,7,-1.0,-1.0,-2.0,0.16,11552.7264,0.19473000000107277,41,2,7,-1.0,-1.0,-2.0,True,,8.6e-07
9.0,-,42,11553.85709,3,2,-1.0,0.0,-1.0,10.24,11553.901,-0.043910000000323635,42,3,2,-1.0,0.0,-1.0,True,,5.5e-05
9.0,-,43,11586.14291,2,7,-1.0,1.0,0.0,0.36,11586.253,-0.11009000000012747,43,2,7,-1.0,1.0,0.0,True,,1.9e-06
9.0,-,44,11620.01722,2,7,-1.0,0.0,-1.0,0.49,11619.9966,0.020619999999325955,44,2,7,-1.0,0.0,-1.0,True,,2.6e-06
9.0,-,49,13006.10746,2,8,-1.0,-1.0,-2.0,0.81,13006.061,0.046459999999569845,49,2,8,-1.0,-1.0,-2.0,True,,4.4e-06
9.0,-,50,13038.85945,2,8,-1.0,1.0,0.0,0.36,13038.7731,0.08634999999958382,50,2,8,-1.0,1.0,0.0,True,,1.9e-06
9.0,-,51,13072.73112,2,8,-1.0,0.0,-1.0,0.16,13072.773,-0.041879999998855055,51,2,8,-1.0,0.0,-1.0,True,,8.6e-07
9.0,-,52,13087.8627,3,3,-1.0,0.0,-1.0,4.84,13087.8758,-0.013100000000122236,52,3,3,-1.0,0.0,-1.0,True,,2.6e-05
9.0,-,56,13481.09089,5,2,0.0,-1.0,-1.0,0.01,13480.9711,0.11978999999882944,56,5,2,0.0,-1.0,-1.0,True,,5.4e-08
9.0,-,58,14436.18614,2,9,-1.0,-1.0,-2.0,0.03,14436.0367,0.14943999999923108,58,2,9,-1.0,-1.0,-2.0,True,,1.6e-07
9.0,-,59,14468.74164,2,9,-1.0,1.0,0.0,0.037,14468.6339,0.10773999999946682,59,2,9,-1.0,1.0,0.0,True,,2e-07
9.0,-,60,14502.17926,2,9,-1.0,0.0,-1.0,0.03,14502.1804,-0.0011399999984860187,60,2,9,-1.0,0.0,-1.0,True,,1.6e-07
9.0,-,61,14597.52269,3,4,-1.0,0.0,-1.0,3.61,14597.5032,0.019490000000587315,61,3,4,-1.0,0.0,-1.0,True,,1.9e-05
9.0,-,67,15452.09732,5,3,0.0,-1.0,-1.0,0.01,15451.7049,0.3924200000001292,67,5,3,0.0,-1.0,-1.0,True,,5.4e-08
9.0,-,74,16082.74663,3,5,-1.0,0.0,-1.0,1.69,16082.7254,0.021230000000286964,74,3,5,-1.0,0.0,-1.0,True,,9.1e-06
9.0,-,84,17543.45655,3,6,-1.0,0.0,-1.0,0.49,17543.4378,0.018749999999272404,84,3,6,-1.0,0.0,-1.0,True,,2.6e-06
9.0,-,93,18979.58167,3,7,-1.0,0.0,-1.0,0.16,18979.5194,0.06226999999853433,93,3,7,-1.0,0.0,-1.0,True,,8.6e-07
9.0,-,106,20390.99849,3,8,-1.0,0.0,-1.0,0.04,20390.9141,0.08438999999998487,106,3,8,-1.0,0.0,-1.0,True,,2.2e-07
10.0,+,1,199.13431,1,0,0.0,0.0,0.0,841.0,199.1361,-0.0017899999999997362,1,1,0,0.0,0.0,0.0,True,,0.0045
10.0,+,5,2024.61591,1,1,0.0,0.0,0.0,112.25,2024.6144,0.001510000000052969,5,1,1,0.0,0.0,0.0,True,,0.0006
10.0,+,9,3821.77411,1,2,0.0,0.0,0.0,12.96,3821.7721,0.002009999999700085,9,1,2,0.0,0.0,0.0,True,,7e-05
10.0,+,15,5589.69348,1,3,0.0,0.0,0.0,5.29,5589.6525,0.040979999999763095,15,1,3,0.0,0.0,0.0,True,,2.8e-05
10.0,+,17,6381.40861,4,0,0.0,1.0,1.0,729.0,6381.4265,-0.01788999999916996,17,4,0,0.0,1.0,1.0,True,,0.0039
10.0,+,18,6443.97171,4,0,0.0,0.0,0.0,576.0,6443.9492,0.02250999999978376,18,4,0,0.0,0.0,0.0,True,,0.0031
10.0,+,22,7327.21113,1,4,0.0,0.0,0.0,2.89,7327.124,0.08712999999988824,22,1,4,0.0,0.0,0.0,True,,1.6e-05
10.0,+,23,7828.07253,4,1,0.0,1.0,1.0,5.76,7828.0932,-0.02066999999988184,23,4,1,0.0,1.0,1.0,True,,3.1e-05
10.0,+,24,7889.95209,4,1,0.0,0.0,0.0,5.29,7889.9259,0.0261899999995876,24,4,1,0.0,0.0,0.0,True,,2.8e-05
10.0,+,29,9032.75558,1,5,0.0,0.0,0.0,0.81,9032.6698,0.08577999999943131,29,1,5,0.0,0.0,0.0,True,,4.4e-06
10.0,+,30,9252.56675,4,2,0.0,1.0,1.0,10.24,9252.6382,-0.07144999999945867,30,4,2,0.0,1.0,1.0,True,,5.5e-05
10.0,+,31,9313.75501,4,2,0.0,0.0,0.0,7.84,9313.7803,-0.025289999999586144,31,4,2,0.0,0.0,0.0,True,,4.2e-05
10.0,+,37,10654.94432,4,3,0.0,1.0,1.0,2.25,10655.0232,-0.07887999999911699,37,4,3,0.0,1.0,1.0,True,,1.2e-05
10.0,+,38,10704.21963,1,6,0.0,0.0,0.0,0.81,10704.226,-0.006370000000970322,38,1,6,0.0,0.0,0.0,True,,4.4e-06
10.0,+,39,10715.48499,4,3,0.0,0.0,0.0,3.24,10715.532,-0.0470099999984086,39,4,3,0.0,0.0,0.0,True,,1.7e-05
10.0,+,45,12019.10005,7,0,2.0,0.0,2.0,36.0,12019.064,0.0360499999987951,45,7,0,2.0,0.0,2.0,True,,0.00019
10.0,+,46,12035.33276,4,4,0.0,1.0,1.0,1.96,12035.3832,-0.050440000000889995,46,4,4,0.0,1.0,1.0,True,,1.1e-05
10.0,+,47,12095.14443,4,4,0.0,0.0,0.0,1.96,12095.1474,-0.0029699999995500548,47,4,4,0.0,0.0,0.0,True,,1.1e-05
10.0,+,53,13393.76594,4,5,0.0,1.0,1.0,1.21,13393.7872,-0.02126000000134809,53,4,5,0.0,1.0,1.0,True,,6.5e-06
10.0,+,54,13401.78755,7,1,2.0,0.0,2.0,0.36,13401.7629,0.024649999999383,54,7,1,2.0,0.0,2.0,True,,1.9e-06
10.0,+,55,13452.90475,4,5,0.0,0.0,0.0,1.96,13452.8617,0.04305000000022119,55,4,5,0.0,0.0,0.0,True,,1.1e-05
10.0,+,62,14730.35833,4,6,0.0,1.0,1.0,0.25,14730.3593,-0.0009700000009615906,62,4,6,0.0,1.0,1.0,True,,1.3e-06
10.0,+,63,14761.60226,7,2,2.0,0.0,2.0,0.36,14761.5973,0.00496000000021013,63,7,2,2.0,0.0,2.0,True,,1.9e-06
10.0,+,64,14788.82973,4,6,0.0,0.0,0.0,0.64,14788.7443,0.08542999999917811,64,4,6,0.0,0.0,0.0,True,,3.4e-06
10.0,+,65,15358.71336,8,0,0.0,0.0,0.0,36.0,15358.712,0.0013600000002043089,65,8,0,0.0,0.0,0.0,True,,0.00019
10.0,+,71,16045.19469,4,7,0.0,1.0,1.0,0.25,16045.2235,-0.028809999999793945,71,4,7,0.0,1.0,1.0,True,,1.3e-06
10.0,+,72,16098.61152,7,3,2.0,0.0,2.0,0.81,16098.5824,0.029120000001057633,72,7,3,2.0,0.0,2.0,True,,4.4e-06
10.0,+,73,16102.96524,4,7,0.0,0.0,0.0,0.36,16102.9189,0.04633999999896332,73,4,7,0.0,0.0,0.0,True,,1.9e-06
10.0,+,75,16778.04494,8,1,0.0,0.0,0.0,0.36,16778.013,0.03194000000075903,75,8,1,0.0,0.0,0.0,True,,1.9e-06
10.0,+,80,17338.37726,4,8,0.0,1.0,1.0,0.09,17338.4993,-0.12203999999837833,80,4,8,0.0,1.0,1.0,True,,4.8e-07
10.0,+,81,17395.45838,4,8,0.0,0.0,0.0,0.09,17395.5049,-0.04651999999987311,81,4,8,0.0,0.0,0.0,True,,4.8e-07
10.0,+,82,17412.87223,7,4,2.0,0.0,2.0,0.81,17412.8234,0.04882999999972526,82,7,4,2.0,0.0,2.0,True,,4.4e-06
10.0,+,85,18196.60553,8,2,0.0,0.0,0.0,0.09,18196.9083,-0.3027699999984179,85,8,2,0.0,0.0,0.0,True,,4.8e-07
10.0,+,92,18704.44884,7,5,2.0,0.0,2.0,0.49,18704.3962,0.05264000000170199,92,7,5,2.0,0.0,2.0,True,,2.6e-06
10.0,+,95,19616.75858,8,3,0.0,0.0,0.0,0.09,19616.6614,0.0971800000006624,95,8,3,0.0,0.0,0.0,True,,4.8e-07
10.0,+,100,19973.38812,7,6,2.0,0.0,2.0,0.49,19973.2643,0.12382000000070548,100,7,6,2.0,0.0,2.0,True,,2.6e-06
10.0,+,103,20145.08432,6,0,1.0,1.0,2.0,289.0,20145.1216,-0.03727999999682652,103,6,0,1.0,1.0,2.0,True,,0.0016
10.0,+,104,20184.28581,6,0,1.0,-1.0,0.0,121.0,20184.3135,-0.027689999998983694,104,6,0,1.0,-1.0,0.0,True,,0.00065
10.0,+,105,20225.6574,6,0,1.0,0.0,1.0,144.0,20225.7782,-0.12080000000059954,105,6,0,1.0,0.0,1.0,True,,0.00077
10.0,+,112,21219.81608,7,7,2.0,0.0,2.0,0.36,21219.7024,0.1136800000022049,112,7,7,2.0,0.0,2.0,True,,1.9e-06
10.0,+,117,21896.97951,6,1,1.0,1.0,2.0,1.96,21896.9781,0.001410000000760192,117,6,1,1.0,1.0,2.0,True,,1.1e-05
10.0,+,118,21935.73869,6,1,1.0,-1.0,0.0,2.56,21935.7432,-0.004510000002483139,118,6,1,1.0,-1.0,0.0,True,,1.4e-05
10.0,+,119,21976.64383,6,1,1.0,0.0,1.0,0.64,21976.7854,-0.14156999999977415,119,6,1,1.0,0.0,1.0,True,,3.4e-06
10.0,+,124,22443.74641,7,8,2.0,0.0,2.0,0.09,22443.5425,0.20391000000017812,124,7,8,2.0,0.0,2.0,True,,4.8e-07
10.0,+,133,23611.30826,6,2,1.0,1.0,2.0,0.25,23610.6898,0.6184600000015053,133,6,2,1.0,1.0,2.0,True,,1.3e-06
10.0,+,135,23650.64833,6,2,1.0,-1.0,0.0,0.16,23652.1827,-1.5343700000012177,135,6,2,1.0,-1.0,0.0,True,,8.6e-07
10.0,+,136,23690.16165,6,2,1.0,0.0,1.0,0.25,23690.4258,-0.26415000000270084,136,6,2,1.0,0.0,1.0,True,,1.3e-06
10.0,+,151,25285.22569,6,3,1.0,1.0,2.0,2.25,25285.1569,0.06878999999753432,151,6,3,1.0,1.0,2.0,True,,1.2e-05
10.0,+,152,25322.98889,6,3,1.0,-1.0,0.0,2.89,25322.94,0.04889000000184751,152,6,3,1.0,-1.0,0.0,True,,1.6e-05
10.0,+,153,25362.84182,6,3,1.0,0.0,1.0,1.96,25362.9922,-0.15037999999913154,153,6,3,1.0,0.0,1.0,True,,1.1e-05
10.0,+,165,26910.85036,6,4,1.0,1.0,2.0,0.49,26912.2212,-1.370839999999589,165,6,4,1.0,1.0,2.0,True,,2.6e-06
10.0,+,167,26951.10202,6,4,1.0,-1.0,0.0,1.0,26950.9862,0.11581999999907566,167,6,4,1.0,-1.0,0.0,True,,5.4e-06
10.0,+,168,26990.68971,6,4,1.0,0.0,1.0,0.09,26992.1625,-1.4727899999998044,169,6,4,1.0,0.0,1.0,True,,4.8e-07
10.0,+,182,28492.21958,6,5,1.0,1.0,2.0,0.64,28492.1677,0.051879999999073334,182,6,5,1.0,1.0,2.0,True,,3.4e-06
10.0,+,183,28528.79889,6,5,1.0,-1.0,0.0,0.81,28528.7466,0.0522899999996298,183,6,5,1.0,-1.0,0.0,True,,4.4e-06
10.0,+,184,28567.38918,6,5,1.0,0.0,1.0,0.36,28567.606,-0.21682000000146218,184,6,5,1.0,0.0,1.0,True,,1.9e-06
10.0,+,199,30013.27481,6,6,1.0,1.0,2.0,0.16,30013.0132,0.26160999999774504,199,6,6,1.0,1.0,2.0,True,,8.6e-07
10.0,+,200,30048.43949,6,6,1.0,-1.0,0.0,0.25,30048.996,-0.556509999998525,200,6,6,1.0,-1.0,0.0,True,,1.3e-06
10.0,+,202,30087.17081,6,6,1.0,0.0,1.0,0.04,30086.653,0.5178100000011909,202,6,6,1.0,0.0,1.0,True,,2.2e-07
10.0,+,215,31468.91052,6,7,1.0,1.0,2.0,0.16,31468.8836,0.026920000000245636,215,6,7,1.0,1.0,2.0,True,,8.6e-07
10.0,+,216,31503.9551,6,7,1.0,-1.0,0.0,0.25,31503.8823,0.07279999999809661,216,6,7,1.0,-1.0,0.0,True,,1.3e-06
10.0,+,217,31540.96846,6,7,1.0,0.0,1.0,0.36,31541.2639,-0.29544000000169035,217,6,7,1.0,0.0,1.0,True,,1.9e-06
10.0,+,229,32850.13974,6,8,1.0,1.0,2.0,0.16,32850.1389,0.000840000000607688,229,6,8,1.0,1.0,2.0,True,,8.6e-07
10.0,+,230,32884.39102,6,8,1.0,-1.0,0.0,0.36,32884.3309,0.060120000001916196,230,6,8,1.0,-1.0,0.0,True,,1.9e-06
10.0,+,231,32920.48598,6,8,1.0,0.0,1.0,0.25,32920.4559,0.030079999996814877,231,6,8,1.0,0.0,1.0,True,,1.3e-06
10.0,+,243,34149.51033,6,9,1.0,1.0,2.0,0.0004,34149.3792,0.1311299999943003,242,6,9,1.0,1.0,2.0,True,,2.2e-09
10.0,+,245,34182.98627,6,9,1.0,-1.0,0.0,0.0004,34183.1879,-0.20162999999593012,244,6,9,1.0,-1.0,0.0,True,,2.2e-09
10.0,+,247,34217.87969,6,9,1.0,0.0,1.0,0.0004,34211.7669,6.112789999999222,245,6,9,1.0,0.0,1.0,True,,2.2e-09
10.0,+,263,35366.87864,6,10,1.0,1.0,2.0,0.0051,35366.946,-0.06736000000091735,259,6,10,1.0,1.0,2.0,True,,2.7e-08
10.0,+,264,35399.10169,6,10,1.0,-1.0,0.0,0.0051,35398.9848,0.116890000004787,261,6,10,1.0,-1.0,0.0,True,,2.7e-08
10.0,+,265,35433.09882,6,10,1.0,0.0,1.0,0.0051,35433.2395,-0.14068000000406755,262,6,10,1.0,0.0,1.0,True,,2.7e-08
10.0,-,1,754.90209,2,0,-1.0,-1.0,-2.0,529.0,754.9057,-0.003609999999980573,1,2,0,-1.0,-1.0,-2.0,True,,0.0028
10.0,-,2,793.0794,2,0,-1.0,1.0,0.0,841.0,793.079,0.0004000000000132786,2,2,0,-1.0,1.0,0.0,True,,0.0045
10.0,-,3,832.52383,2,0,-1.0,0.0,-1.0,484.0,832.5228,0.0010300000000142973,3,2,0,-1.0,0.0,-1.0,True,,0.0026
10.0,-,4,2371.40524,2,1,-1.0,-1.0,-2.0,9.0,2371.4023,0.002939999999853171,4,2,1,-1.0,-1.0,-2.0,True,,4.8e-05
10.0,-,5,2409.27761,2,1,-1.0,1.0,0.0,10.24,2409.2662,0.011410000000068976,5,2,1,-1.0,1.0,0.0,True,,5.5e-05
10.0,-,6,2448.34813,2,1,-1.0,0.0,-1.0,7.29,2448.3522,-0.004069999999956053,6,2,1,-1.0,0.0,-1.0,True,,3.9e-05
10.0,-,7,3964.58778,2,2,-1.0,-1.0,-2.0,3.61,3964.6305,-0.04272000000037224,7,2,2,-1.0,-1.0,-2.0,True,,1.9e-05
10.0,-,8,4002.14957,2,2,-1.0,1.0,0.0,10.24,4002.1868,-0.037229999999908614,8,2,2,-1.0,1.0,0.0,True,,5.5e-05
10.0,-,9,4040.89538,2,2,-1.0,0.0,-1.0,6.25,4040.9122,-0.016820000000279833,9,2,2,-1.0,0.0,-1.0,True,,3.4e-05
10.0,-,10,5534.41717,2,3,-1.0,-1.0,-2.0,2.25,5534.4241,-0.006930000000465952,10,2,3,-1.0,-1.0,-2.0,True,,1.2e-05
10.0,-,11,5571.68564,2,3,-1.0,1.0,0.0,5.76,5571.6764,0.00923999999940861,11,2,3,-1.0,1.0,0.0,True,,3.1e-05
10.0,-,12,5610.08056,2,3,-1.0,0.0,-1.0,2.56,5610.0384,0.04215999999996711,12,2,3,-1.0,0.0,-1.0,True,,1.4e-05
10.0,-,14,7080.91286,2,4,-1.0,-1.0,-2.0,1.21,7080.8859,0.026960000000144646,14,2,4,-1.0,-1.0,-2.0,True,,6.5e-06
10.0,-,15,7117.86984,2,4,-1.0,1.0,0.0,4.0,7117.8384,0.031440000000657164,15,2,4,-1.0,1.0,0.0,True,,2.2e-05
10.0,-,16,7155.90437,2,4,-1.0,0.0,-1.0,1.21,7155.8286,0.07577000000037515,16,2,4,-1.0,0.0,-1.0,True,,6.5e-06
10.0,-,18,8445.21496,3,0,-1.0,0.0,-1.0,484.0,8445.193,0.021960000000035507,18,3,0,-1.0,0.0,-1.0,True,,0.0026
10.0,-,19,8604.0108,2,5,-1.0,-1.0,-2.0,0.36,8604.0363,-0.025499999999738066,19,2,5,-1.0,-1.0,-2.0,True,,1.9e-06
10.0,-,20,8640.68918,2,5,-1.0,1.0,0.0,1.0,8640.6983,-0.009120000000621076,20,2,5,-1.0,1.0,0.0,True,,5.4e-06
10.0,-,21,8678.38822,2,5,-1.0,0.0,-1.0,0.64,8678.2806,0.10762000000067928,21,2,5,-1.0,0.0,-1.0,True,,3.4e-06
10.0,-,23,9449.78306,5,0,0.0,-1.0,-1.0,81.0,9449.5742,0.20886000000064087,23,5,0,0.0,-1.0,-1.0,True,,0.00044
10.0,-,25,10027.38457,3,1,-1.0,0.0,-1.0,6.76,10027.3703,0.01426999999966938,25,3,1,-1.0,0.0,-1.0,True,,3.6e-05
10.0,-,26,10103.86152,2,6,-1.0,-1.0,-2.0,1.21,10103.8731,-0.011580000000321888,26,2,6,-1.0,-1.0,-2.0,True,,6.5e-06
10.0,-,27,10140.20473,2,6,-1.0,1.0,0.0,1.44,10140.2222,-0.017470000000685104,27,2,6,-1.0,1.0,0.0,True,,7.7e-06
10.0,-,28,10177.55767,2,6,-1.0,0.0,-1.0,1.21,10177.5132,0.04447000000072876,28,2,6,-1.0,0.0,-1.0,True,,6.5e-06
10.0,-,30,11479.14845,5,1,0.0,-1.0,-1.0,1.0,11479.4817,-0.33324999999967986,30,5,1,0.0,-1.0,-1.0,True,,5.4e-06
10.0,-,31,11559.14984,5,1,0.0,0.0,0.0,1.0,11558.7423,0.40754000000015367,31,5,1,0.0,0.0,0.0,True,,5.4e-06
10.0,-,32,11581.10055,2,7,-1.0,-1.0,-2.0,0.36,11580.5368,0.5637499999993452,32,2,7,-1.0,-1.0,-2.0,True,,1.9e-06
10.0,-,33,11585.32952,3,2,-1.0,0.0,-1.0,5.29,11585.3524,-0.022880000000441214,33,3,2,-1.0,0.0,-1.0,True,,2.8e-05
10.0,-,34,11616.68184,2,7,-1.0,1.0,0.0,0.25,11616.4107,0.2711399999989226,34,2,7,-1.0,1.0,0.0,True,,1.3e-06
10.0,-,35,11653.81823,2,7,-1.0,0.0,-1.0,0.49,11654.3538,-0.535570000000007,35,2,7,-1.0,0.0,-1.0,True,,2.6e-06
10.0,-,38,13033.25047,2,8,-1.0,-1.0,-2.0,0.81,13033.3058,-0.055329999999230495,38,2,8,-1.0,-1.0,-2.0,True,,4.4e-06
10.0,-,39,13069.02499,2,8,-1.0,1.0,0.0,0.64,13069.1054,-0.0804100000004837,39,2,8,-1.0,1.0,0.0,True,,3.4e-06
10.0,-,40,13105.65754,2,8,-1.0,0.0,-1.0,0.49,13105.4542,0.2033400000000256,40,2,8,-1.0,0.0,-1.0,True,,2.6e-06
10.0,-,41,13118.99201,3,3,-1.0,0.0,-1.0,2.89,13118.9834,0.008610000000771834,41,3,3,-1.0,0.0,-1.0,True,,1.6e-05
10.0,-,44,13481.56768,5,2,0.0,-1.0,-1.0,0.01,13481.0935,0.47417999999925087,44,5,2,0.0,-1.0,-1.0,True,,5.4e-08
10.0,-,46,14463.20777,2,9,-1.0,-1.0,-2.0,0.037,14463.0409,0.16687000000092667,46,2,9,-1.0,-1.0,-2.0,True,,2e-07
10.0,-,47,14498.56759,2,9,-1.0,1.0,0.0,0.0237,14498.4817,0.08589000000029046,47,2,9,-1.0,1.0,0.0,True,,1.3e-07
10.0,-,48,14534.87715,2,9,-1.0,0.0,-1.0,0.037,14534.7768,0.100350000000617,48,2,9,-1.0,0.0,-1.0,True,,2e-07
10.0,-,49,14628.30333,3,4,-1.0,0.0,-1.0,1.96,14628.2665,0.03683000000091852,49,3,4,-1.0,0.0,-1.0,True,,1.1e-05
10.0,-,59,16113.17801,3,5,-1.0,0.0,-1.0,0.81,16113.1432,0.034809999999197316,59,3,5,-1.0,0.0,-1.0,True,,4.4e-06
10.0,-,67,17573.54291,3,6,-1.0,0.0,-1.0,0.25,17573.5099,0.033009999999194406,67,3,6,-1.0,0.0,-1.0,True,,1.3e-06
10.0,-,73,19009.29427,3,7,-1.0,0.0,-1.0,0.04,19009.2405,0.05376999999862164,73,3,7,-1.0,0.0,-1.0,True,,2.2e-07
10.0,-,84,20420.37453,3,8,-1.0,0.0,-1.0,0.01,20420.2836,0.0909300000021176,84,3,8,-1.0,0.0,-1.0,True,,5.4e-08
11.0,+,13,6444.1146,4,0,0.0,1.0,1.0,841.0,6443.9612,0.15340000000014697,13,4,0,0.0,1.0,1.0,True,,0.0045
11.0,+,17,7890.09092,4,1,0.0,1.0,1.0,8.41,7889.9402,0.15071999999963737,17,4,1,0.0,1.0,1.0,True,,4.5e-05
11.0,+,22,9313.8979,4,2,0.0,1.0,1.0,12.25,9313.7971,0.10080000000016298,22,4,2,0.0,1.0,1.0,True,,6.6e-05
11.0,+,29,10715.60464,4,3,0.0,1.0,1.0,4.0,10715.5124,0.09223999999994703,29,4,3,0.0,1.0,1.0,True,,2.2e-05
11.0,+,36,12051.07969,7,0,2.0,0.0,2.0,36.0,12051.0466,0.033090000000811415,36,7,0,2.0,0.0,2.0,True,,0.00019
11.0,+,37,12095.29673,4,4,0.0,1.0,1.0,2.25,12095.1762,0.12053000000014435,37,4,4,0.0,1.0,1.0,True,,1.2e-05
11.0,+,42,13433.39813,7,1,2.0,0.0,2.0,0.36,13433.3732,0.02492999999958556,42,7,1,2.0,0.0,2.0,True,,1.9e-06
11.0,+,43,13453.04413,4,5,0.0,1.0,1.0,1.21,13452.8942,0.14992999999958556,43,4,5,0.0,1.0,1.0,True,,6.5e-06
11.0,+,50,14788.95185,4,6,0.0,1.0,1.0,0.49,14788.7814,0.17044999999961874,50,4,6,0.0,1.0,1.0,True,,2.6e-06
11.0,+,51,14792.84451,7,2,2.0,0.0,2.0,0.36,14792.8355,0.00901000000158092,51,7,2,2.0,0.0,2.0,True,,1.9e-06
11.0,+,57,16103.09786,4,7,0.0,1.0,1.0,0.36,16102.9608,0.13705999999911,57,4,7,0.0,1.0,1.0,True,,1.9e-06
11.0,+,58,16129.47906,7,3,2.0,0.0,2.0,0.81,16129.4489,0.030160000000250875,58,7,3,2.0,0.0,2.0,True,,4.4e-06
11.0,+,63,17395.59728,4,8,0.0,1.0,1.0,0.09,17395.5519,0.04538000000320608,63,4,8,0.0,1.0,1.0,True,,4.8e-07
11.0,+,65,17443.36962,7,4,2.0,0.0,2.0,0.81,17443.3182,0.051419999999779975,65,7,4,2.0,0.0,2.0,True,,4.4e-06
11.0,+,72,18734.57159,7,5,2.0,0.0,2.0,0.81,18734.5191,0.05248999999821535,72,7,5,2.0,0.0,2.0,True,,4.4e-06
11.0,+,78,20003.13353,7,6,2.0,0.0,2.0,0.64,20003.0189,0.11463000000003376,78,7,6,2.0,0.0,2.0,True,,3.4e-06
11.0,+,81,20180.31893,6,0,1.0,1.0,2.0,169.0,20180.3936,-0.07466999999815016,81,6,0,1.0,1.0,2.0,True,,0.00091
11.0,+,82,20223.16006,6,0,1.0,-1.0,0.0,144.0,20223.2544,-0.09434000000328524,82,6,0,1.0,-1.0,0.0,True,,0.00077
11.0,+,83,20267.76752,6,0,1.0,0.0,1.0,169.0,20267.7673,0.00022000000171829015,83,6,0,1.0,0.0,1.0,True,,0.00091
11.0,+,87,21249.19022,7,7,2.0,0.0,2.0,0.25,21249.08,0.11021999999866239,87,7,7,2.0,0.0,2.0,True,,1.3e-06
11.0,+,93,21931.81289,6,1,1.0,1.0,2.0,1.69,21931.8432,-0.030309999998280546,93,6,1,1.0,1.0,2.0,True,,9.1e-06
11.0,+,94,21974.17696,6,1,1.0,-1.0,0.0,1.21,21974.2549,-0.07793999999921652,94,6,1,1.0,-1.0,0.0,True,,6.5e-06
11.0,+,95,22018.27576,6,1,1.0,0.0,1.0,0.81,22018.2823,-0.00653999999849475,95,6,1,1.0,0.0,1.0,True,,4.4e-06
11.0,+,97,22472.7521,7,8,2.0,0.0,2.0,0.09,22472.5457,0.20640000000275904,97,7,8,2.0,0.0,2.0,True,,4.8e-07
11.0,+,105,23645.59859,6,2,1.0,1.0,2.0,0.25,23644.9806,0.6179900000024645,105,6,2,1.0,1.0,2.0,True,,1.3e-06
11.0,+,107,23688.09576,6,2,1.0,-1.0,0.0,0.36,23689.0286,-0.9328400000013062,107,6,2,1.0,-1.0,0.0,True,,1.9e-06
11.0,+,108,23731.31023,6,2,1.0,0.0,1.0,0.49,23731.3127,-0.0024699999994481914,108,6,2,1.0,0.0,1.0,True,,2.6e-06
11.0,+,120,25319.11357,6,3,1.0,1.0,2.0,2.56,25319.1191,-0.005529999998543644,120,6,3,1.0,1.0,2.0,True,,1.4e-05
11.0,+,121,25360.42574,6,3,1.0,-1.0,0.0,3.61,25360.4953,-0.06955999999991036,121,6,3,1.0,-1.0,0.0,True,,1.9e-05
11.0,+,122,25403.3867,6,3,1.0,0.0,1.0,2.56,25403.3714,0.015299999999115244,122,6,3,1.0,0.0,1.0,True,,1.4e-05
11.0,+,131,26947.20201,6,4,1.0,1.0,2.0,0.09,26947.226,-0.023989999997866107,131,6,4,1.0,1.0,2.0,True,,4.8e-07
11.0,+,132,26988.55001,6,4,1.0,-1.0,0.0,0.09,26989.2803,-0.7302899999995134,133,6,4,1.0,-1.0,0.0,True,,4.8e-07
11.0,+,134,27030.37563,6,4,1.0,0.0,1.0,0.49,27030.3316,0.04402999999729218,134,6,4,1.0,0.0,1.0,True,,2.6e-06
11.0,+,145,28525.07768,6,5,1.0,1.0,2.0,1.0,28525.0721,0.005579999997280538,145,6,5,1.0,1.0,2.0,True,,5.4e-06
11.0,+,146,28565.10452,6,5,1.0,-1.0,0.0,0.81,28565.1978,-0.09328000000095926,146,6,5,1.0,-1.0,0.0,True,,4.4e-06
11.0,+,147,28606.68598,6,5,1.0,0.0,1.0,0.49,28606.6911,-0.005120000001625158,147,6,5,1.0,0.0,1.0,True,,2.6e-06
11.0,+,158,30045.51201,6,6,1.0,1.0,2.0,0.16,30045.4068,0.10520999999789638,158,6,6,1.0,1.0,2.0,True,,8.6e-07
11.0,+,160,30085.42961,6,6,1.0,-1.0,0.0,0.25,30084.4414,0.9882099999995262,160,6,6,1.0,-1.0,0.0,True,,1.3e-06
11.0,+,161,30125.84822,6,6,1.0,0.0,1.0,0.16,30125.5017,0.3465199999991455,161,6,6,1.0,0.0,1.0,True,,8.6e-07
11.0,+,170,31500.39202,6,7,1.0,1.0,2.0,0.25,31500.4398,-0.04778000000078464,170,6,7,1.0,1.0,2.0,True,,1.3e-06
11.0,+,171,31538.80823,6,7,1.0,-1.0,0.0,0.36,31538.9822,-0.17396999999982654,171,6,7,1.0,-1.0,0.0,True,,1.9e-06
11.0,+,172,31578.65582,6,7,1.0,0.0,1.0,0.25,31578.6646,-0.008780000000115251,172,6,7,1.0,0.0,1.0,True,,1.3e-06
11.0,+,181,32880.93951,6,8,1.0,1.0,2.0,0.16,32880.9947,-0.05519000000640517,181,6,8,1.0,1.0,2.0,True,,8.6e-07
11.0,+,182,32918.29823,6,8,1.0,-1.0,0.0,0.16,32918.3499,-0.0516700000007404,182,6,8,1.0,-1.0,0.0,True,,8.6e-07
11.0,+,183,32957.22645,6,8,1.0,0.0,1.0,0.36,32957.2471,-0.02064999999856809,183,6,8,1.0,0.0,1.0,True,,1.9e-06
11.0,+,193,34179.98155,6,9,1.0,1.0,2.0,0.0004,34180.004,-0.02245000000402797,192,6,9,1.0,1.0,2.0,True,,2.2e-09
11.0,+,195,34215.57596,6,9,1.0,-1.0,0.0,0.0015,34211.8814,3.6945600000035483,193,6,9,1.0,-1.0,0.0,True,,8.1e-09
11.0,+,197,34253.1319,6,9,1.0,0.0,1.0,0.0004,34254.0222,-0.8902999999991152,195,6,9,1.0,0.0,1.0,True,,2.2e-09
11.0,+,209,35395.78143,6,10,1.0,1.0,2.0,0.0051,35395.9632,-0.18176999999559484,205,6,10,1.0,1.0,2.0,True,,2.7e-08
11.0,+,210,35431.06798,6,10,1.0,-1.0,0.0,0.0028,35431.2752,-0.20721999999659602,207,6,10,1.0,-1.0,0.0,True,,1.5e-08
11.0,+,211,35467.62465,6,10,1.0,0.0,1.0,0.0051,35467.6343,-0.009649999999965075,208,6,10,1.0,0.0,1.0,True,,2.7e-08
11.0,-,2,787.7223,2,0,-1.0,-1.0,-2.0,784.0,787.7248,-0.002499999999940883,2,2,0,-1.0,-1.0,-2.0,True,,0.0042
11.0,-,3,828.08175,2,0,-1.0,1.0,0.0,576.0,828.08,0.0017500000000154614,3,2,0,-1.0,1.0,0.0,True,,0.0031
11.0,-,4,870.49314,2,0,-1.0,0.0,-1.0,484.0,870.4978,-0.004659999999944375,4,2,0,-1.0,0.0,-1.0,True,,0.0026
11.0,-,6,2403.90099,2,1,-1.0,-1.0,-2.0,12.96,2403.8936,0.007390000000214059,6,2,1,-1.0,-1.0,-2.0,True,,7e-05
11.0,-,7,2443.92153,2,1,-1.0,1.0,0.0,9.0,2443.9042,0.017330000000129075,7,2,1,-1.0,1.0,0.0,True,,4.8e-05
11.0,-,8,2485.94774,2,1,-1.0,0.0,-1.0,10.24,2485.9417,0.006040000000211876,8,2,1,-1.0,0.0,-1.0,True,,5.5e-05
11.0,-,10,3996.75555,2,2,-1.0,-1.0,-2.0,5.76,3996.7934,-0.037850000000162254,10,2,2,-1.0,-1.0,-2.0,True,,3.1e-05
11.0,-,11,4036.42835,2,2,-1.0,1.0,0.0,10.24,4036.4581,-0.02974999999969441,11,2,2,-1.0,1.0,0.0,True,,5.5e-05
11.0,-,12,4078.07011,2,2,-1.0,0.0,-1.0,6.76,4078.1173,-0.047189999999773136,12,2,2,-1.0,0.0,-1.0,True,,3.6e-05
11.0,-,13,5566.26609,2,3,-1.0,-1.0,-2.0,3.61,5566.2598,0.006290000000262808,13,2,3,-1.0,-1.0,-2.0,True,,1.9e-05
11.0,-,14,5605.5994,2,3,-1.0,1.0,0.0,5.76,5605.578,0.02139999999963038,14,2,3,-1.0,1.0,0.0,True,,3.1e-05
11.0,-,16,5646.85934,2,3,-1.0,0.0,-1.0,2.25,5646.8642,-0.004860000000007858,16,2,3,-1.0,0.0,-1.0,True,,1.2e-05
11.0,-,19,7112.43972,2,4,-1.0,-1.0,-2.0,2.56,7112.3964,0.04332000000067637,19,2,4,-1.0,-1.0,-2.0,True,,1.4e-05
11.0,-,20,7151.41308,2,4,-1.0,1.0,0.0,1.21,7151.3634,0.04968000000008033,20,2,4,-1.0,1.0,0.0,True,,6.5e-06
11.0,-,21,7192.30109,2,4,-1.0,0.0,-1.0,1.69,7192.2841,0.016990000000078,21,2,4,-1.0,0.0,-1.0,True,,9.1e-06
11.0,-,25,8480.53591,3,0,-1.0,0.0,-1.0,1296.0,8480.5355,0.00041000000055646524,25,3,0,-1.0,0.0,-1.0,True,,0.007
11.0,-,26,8635.24359,2,5,-1.0,-1.0,-2.0,1.21,8635.2293,0.014289999999164138,26,2,5,-1.0,-1.0,-2.0,True,,6.5e-06
11.0,-,27,8673.85663,2,5,-1.0,1.0,0.0,0.64,8673.8216,0.035030000000915607,27,2,5,-1.0,1.0,0.0,True,,3.4e-06
11.0,-,28,8714.38577,2,5,-1.0,0.0,-1.0,1.0,8714.4031,-0.017329999998764833,28,2,5,-1.0,0.0,-1.0,True,,5.4e-06
11.0,-,32,9530.07114,5,0,0.0,-1.0,-1.0,36.0,9530.0959,-0.024760000000242144,32,5,0,0.0,-1.0,-1.0,True,,0.00019
11.0,-,33,10062.33145,3,1,-1.0,0.0,-1.0,11.56,10062.3372,-0.0057500000002619345,33,3,1,-1.0,0.0,-1.0,True,,6.2e-05
11.0,-,34,10134.72762,2,6,-1.0,-1.0,-2.0,1.44,10134.7223,0.005320000000210712,34,2,6,-1.0,-1.0,-2.0,True,,7.7e-06
11.0,-,35,10173.02889,2,6,-1.0,1.0,0.0,1.44,10173.0196,0.009289999999964493,35,2,6,-1.0,1.0,0.0,True,,7.7e-06
11.0,-,36,10213.12915,2,6,-1.0,0.0,-1.0,1.21,10213.1828,-0.05364999999983411,36,2,6,-1.0,0.0,-1.0,True,,6.5e-06
11.0,-,40,11558.53705,5,1,0.0,-1.0,-1.0,1.69,11558.6446,-0.10754999999880965,40,5,1,0.0,-1.0,-1.0,True,,9.1e-06
11.0,-,41,11611.12874,2,7,-1.0,-1.0,-2.0,0.25,11610.8532,0.27554000000054657,41,2,7,-1.0,-1.0,-2.0,True,,1.3e-06
11.0,-,42,11619.89854,3,2,-1.0,0.0,-1.0,10.24,11619.9413,-0.04276000000027125,42,3,2,-1.0,0.0,-1.0,True,,5.5e-05
11.0,-,43,11649.47634,2,7,-1.0,1.0,0.0,0.36,11649.5336,-0.0572600000014063,43,2,7,-1.0,1.0,0.0,True,,1.9e-06
11.0,-,44,11688.61954,2,7,-1.0,0.0,-1.0,0.16,11688.5875,0.032040000000051805,44,2,7,-1.0,0.0,-1.0,True,,8.6e-07
11.0,-,49,13063.59033,2,8,-1.0,-1.0,-2.0,0.64,13063.5439,0.04643000000032771,49,2,8,-1.0,-1.0,-2.0,True,,3.4e-06
11.0,-,50,13101.04827,2,8,-1.0,1.0,0.0,0.81,13101.0101,0.03816999999980908,50,2,8,-1.0,1.0,0.0,True,,4.4e-06
11.0,-,51,13140.46369,2,8,-1.0,0.0,-1.0,0.36,13140.5822,-0.11851000000024214,51,2,8,-1.0,0.0,-1.0,True,,1.9e-06
11.0,-,52,13153.18125,3,3,-1.0,0.0,-1.0,5.76,13153.1957,-0.014450000000579166,52,3,3,-1.0,0.0,-1.0,True,,3.1e-05
11.0,-,58,14493.00713,2,9,-1.0,-1.0,-2.0,0.03,14492.88,0.12713000000076136,58,2,9,-1.0,-1.0,-2.0,True,,1.6e-07
11.0,-,59,14530.31774,2,9,-1.0,1.0,0.0,0.0181,14530.2125,0.10524000000077649,59,2,9,-1.0,1.0,0.0,True,,9.7e-08
11.0,-,60,14569.19837,2,9,-1.0,0.0,-1.0,0.03,14569.2069,-0.008529999999154825,60,2,9,-1.0,0.0,-1.0,True,,1.6e-07
11.0,-,61,14662.11437,3,4,-1.0,0.0,-1.0,4.0,14662.1,0.014369999998962157,61,3,4,-1.0,0.0,-1.0,True,,2.2e-05
11.0,-,74,16146.60612,3,5,-1.0,0.0,-1.0,1.21,16146.5966,0.009519999999611173,74,3,5,-1.0,0.0,-1.0,True,,6.5e-06
11.0,-,84,17606.58228,3,6,-1.0,0.0,-1.0,0.64,17606.5809,0.001379999997880077,84,3,6,-1.0,0.0,-1.0,True,,3.4e-06
11.0,-,93,19041.94532,3,7,-1.0,0.0,-1.0,0.09,19041.9275,0.01781999999730033,93,3,7,-1.0,0.0,-1.0,True,,4.8e-07
11.0,-,106,20452.63468,3,8,-1.0,0.0,-1.0,0.04,20452.5839,0.05077999999775784,106,3,8,-1.0,0.0,-1.0,True,,2.2e-07
12.0,+,1,282.35839,1,0,0.0,0.0,0.0,900.0,282.3608,-0.0024099999999975807,1,1,0,0.0,0.0,0.0,True,,0.0048
12.0,+,5,2107.00242,1,1,0.0,0.0,0.0,112.25,2107.0014,0.0010199999996984843,5,1,1,0.0,0.0,0.0,True,,0.0006
12.0,+,9,3903.30637,1,2,0.0,0.0,0.0,12.96,3903.3131,-0.006730000000061409,9,1,2,0.0,0.0,0.0,True,,7e-05
12.0,+,15,5670.35316,1,3,0.0,0.0,0.0,5.29,5670.3308,0.0223599999999351,15,1,3,0.0,0.0,0.0,True,,2.8e-05
12.0,+,17,6443.94946,4,0,0.0,1.0,1.0,576.0,6443.9721,-0.02264000000013766,17,4,0,0.0,1.0,1.0,True,,0.0031
12.0,+,18,6518.40475,4,0,0.0,0.0,0.0,729.0,6518.3754,0.029349999999794818,18,4,0,0.0,0.0,0.0,True,,0.0039
12.0,+,22,7406.97273,1,4,0.0,0.0,0.0,2.56,7406.9162,0.05653000000074826,22,1,4,0.0,0.0,0.0,True,,1.4e-05
12.0,+,23,7889.92698,4,1,0.0,1.0,1.0,5.29,7889.9529,-0.02592000000004191,23,4,1,0.0,1.0,1.0,True,,2.8e-05
12.0,+,24,7963.56672,4,1,0.0,0.0,0.0,5.76,7963.5346,0.032119999999849824,24,4,1,0.0,0.0,0.0,True,,3.1e-05
12.0,+,29,9111.58587,1,5,0.0,0.0,0.0,1.0,9111.5438,0.04207000000133121,29,1,5,0.0,0.0,0.0,True,,5.4e-06
12.0,+,30,9313.73364,4,2,0.0,1.0,1.0,7.29,9313.8124,-0.07876000000032946,30,4,2,0.0,1.0,1.0,True,,3.9e-05
12.0,+,31,9386.55842,4,2,0.0,0.0,0.0,7.84,9386.5719,-0.013480000001436565,31,4,2,0.0,0.0,0.0,True,,4.2e-05
12.0,+,37,10715.41928,4,3,0.0,1.0,1.0,2.89,10715.5136,-0.0943200000001525,37,4,3,0.0,1.0,1.0,True,,1.6e-05
12.0,+,38,10782.03903,1,6,0.0,0.0,0.0,0.49,10782.0871,-0.04807000000073458,38,1,6,0.0,0.0,0.0,True,,2.6e-06
12.0,+,39,10787.50908,4,3,0.0,0.0,0.0,3.61,10787.5558,-0.04672000000027765,39,4,3,0.0,0.0,0.0,True,,1.9e-05
12.0,+,45,12085.9641,7,0,2.0,0.0,2.0,36.0,12085.9298,0.034299999999348074,45,7,0,2.0,0.0,2.0,True,,0.00019
12.0,+,46,12095.12888,4,4,0.0,1.0,1.0,1.69,12095.1857,-0.056819999999788706,46,4,4,0.0,1.0,1.0,True,,9.1e-06
12.0,+,47,12166.31396,4,4,0.0,0.0,0.0,2.25,12166.3052,0.008759999998801504,47,4,4,0.0,0.0,0.0,True,,1.2e-05
12.0,+,53,13452.87146,4,5,0.0,1.0,1.0,1.96,13452.9044,-0.032939999999143765,53,4,5,0.0,1.0,1.0,True,,1.1e-05
12.0,+,54,13467.87583,7,1,2.0,0.0,2.0,0.36,13467.8501,0.025730000001203734,54,7,1,2.0,0.0,2.0,True,,1.9e-06
12.0,+,55,13523.25182,4,5,0.0,0.0,0.0,1.21,13523.203,0.04881999999997788,55,4,5,0.0,0.0,0.0,True,,6.5e-06
12.0,+,62,14788.77904,4,6,0.0,1.0,1.0,0.36,14788.7916,-0.012560000001030858,62,4,6,0.0,1.0,1.0,True,,1.9e-06
12.0,+,63,14826.91697,7,2,2.0,0.0,2.0,0.36,14826.9065,0.010470000001078006,63,7,2,2.0,0.0,2.0,True,,1.9e-06
12.0,+,64,14858.33578,4,6,0.0,0.0,0.0,0.49,14858.2693,0.06647999999950116,64,4,6,0.0,0.0,0.0,True,,2.6e-06
12.0,+,65,15426.49574,8,0,0.0,0.0,0.0,36.0,15426.4882,0.007540000000517466,65,8,0,0.0,0.0,0.0,True,,0.00019
12.0,+,71,16102.92754,4,7,0.0,1.0,1.0,0.36,16102.9711,-0.04356000000007043,71,4,7,0.0,1.0,1.0,True,,1.9e-06
12.0,+,72,16163.14663,7,3,2.0,0.0,2.0,0.81,16163.1143,0.032330000000001746,72,7,3,2.0,0.0,2.0,True,,4.4e-06
12.0,+,73,16171.66166,4,7,0.0,0.0,0.0,0.36,16171.6279,0.033760000000256696,73,4,7,0.0,0.0,0.0,True,,1.9e-06
12.0,+,75,16845.34532,8,1,0.0,0.0,0.0,0.36,16845.3015,0.04381999999895925,75,8,1,0.0,0.0,0.0,True,,1.9e-06
12.0,+,80,17395.41838,4,8,0.0,1.0,1.0,0.09,17395.5624,-0.1440199999997276,80,4,8,0.0,1.0,1.0,True,,4.8e-07
12.0,+,81,17463.34357,4,8,0.0,0.0,0.0,0.09,17463.3981,-0.05452999999761232,81,4,8,0.0,0.0,0.0,True,,4.8e-07
12.0,+,82,17476.62583,7,4,2.0,0.0,2.0,0.81,17476.5781,0.047730000002047746,82,7,4,2.0,0.0,2.0,True,,4.4e-06
12.0,+,85,18263.50766,8,2,0.0,0.0,0.0,0.09,18263.7974,-0.2897400000001653,85,8,2,0.0,0.0,0.0,True,,4.8e-07
12.0,+,92,18767.425,7,5,2.0,0.0,2.0,0.49,18767.3733,0.05169999999998254,92,7,5,2.0,0.0,2.0,True,,2.6e-06
12.0,+,95,19683.27591,8,3,0.0,0.0,0.0,0.09,19683.1648,0.11111000000164495,95,8,3,0.0,0.0,0.0,True,,4.8e-07
12.0,+,100,20035.57993,7,6,2.0,0.0,2.0,0.36,20035.4711,0.10883000000103493,100,7,6,2.0,0.0,2.0,True,,1.9e-06
12.0,+,103,20218.97562,6,0,1.0,1.0,2.0,196.0,20218.9897,-0.014079999997193227,103,6,0,1.0,1.0,2.0,True,,0.0011
12.0,+,104,20264.33857,6,0,1.0,-1.0,0.0,121.0,20264.368,-0.029429999998683343,104,6,0,1.0,-1.0,0.0,True,,0.00065
12.0,+,105,20312.35882,6,0,1.0,0.0,1.0,169.0,20312.5007,-0.14187999999921885,105,6,0,1.0,0.0,1.0,True,,0.00091
12.0,+,111,21281.22927,7,7,2.0,0.0,2.0,0.36,21281.121,0.1082700000006298,111,7,7,2.0,0.0,2.0,True,,1.9e-06
12.0,+,117,21970.02529,6,1,1.0,1.0,2.0,1.21,21969.9986,0.026690000002417946,117,6,1,1.0,1.0,2.0,True,,6.5e-06
12.0,+,118,22014.86167,6,1,1.0,-1.0,0.0,1.69,22014.863,-0.001330000002781162,118,6,1,1.0,-1.0,0.0,True,,9.1e-06
12.0,+,119,22062.34047,6,1,1.0,0.0,1.0,0.36,22062.499,-0.15853000000061002,119,6,1,1.0,0.0,1.0,True,,1.9e-06
12.0,+,124,22504.37989,7,8,2.0,0.0,2.0,0.04,22504.1784,0.20148999999946682,124,7,8,2.0,0.0,2.0,True,,2.2e-07
12.0,+,133,23683.3667,6,2,1.0,1.0,2.0,0.16,23682.5086,0.8580999999976484,133,6,2,1.0,1.0,2.0,True,,8.6e-07
12.0,+,135,23728.09877,6,2,1.0,-1.0,0.0,0.25,23728.6264,-0.5276300000004994,135,6,2,1.0,-1.0,0.0,True,,1.3e-06
12.0,+,136,23774.66912,6,2,1.0,0.0,1.0,0.16,23775.0706,-0.40148000000044703,136,6,2,1.0,0.0,1.0,True,,8.6e-07
12.0,+,151,25356.40149,6,3,1.0,1.0,2.0,2.89,25356.3207,0.08078999999997905,151,6,3,1.0,1.0,2.0,True,,1.6e-05
12.0,+,152,25400.08425,6,3,1.0,-1.0,0.0,2.25,25400.0373,0.04694999999992433,152,6,3,1.0,-1.0,0.0,True,,1.2e-05
12.0,+,153,25446.33999,6,3,1.0,0.0,1.0,1.69,25446.5222,-0.18220999999903142,153,6,3,1.0,0.0,1.0,True,,9.1e-06
12.0,+,165,26985.24126,6,4,1.0,1.0,2.0,0.09,26984.7984,0.4428599999992002,166,6,4,1.0,1.0,2.0,True,,4.8e-07
12.0,+,167,27026.33877,6,4,1.0,-1.0,0.0,0.16,27026.8376,-0.49883000000045286,167,6,4,1.0,-1.0,0.0,True,,8.6e-07
12.0,+,169,27072.91772,6,4,1.0,0.0,1.0,0.04,27073.9518,-1.0340799999976298,169,6,4,1.0,0.0,1.0,True,,2.2e-07
12.0,+,182,28561.21752,6,5,1.0,1.0,2.0,0.81,28561.1489,0.0686199999981909,182,6,5,1.0,1.0,2.0,True,,4.4e-06
12.0,+,183,28603.53312,6,5,1.0,-1.0,0.0,0.64,28603.4746,0.05851999999867985,183,6,5,1.0,-1.0,0.0,True,,3.4e-06
12.0,+,184,28648.3284,6,5,1.0,0.0,1.0,0.49,28648.579,-0.2506000000030326,184,6,5,1.0,0.0,1.0,True,,2.6e-06
12.0,+,199,30079.8327,6,6,1.0,1.0,2.0,0.16,30080.6349,-0.8022000000019034,199,6,6,1.0,1.0,2.0,True,,8.6e-07
12.0,+,200,30122.80493,6,6,1.0,-1.0,0.0,0.25,30122.3316,0.4733299999970768,200,6,6,1.0,-1.0,0.0,True,,1.3e-06
12.0,+,202,30166.37376,6,6,1.0,0.0,1.0,0.09,30165.8552,0.5185599999967963,202,6,6,1.0,0.0,1.0,True,,4.8e-07
12.0,+,215,31535.17761,6,7,1.0,1.0,2.0,0.25,31535.1264,0.051209999997809064,215,6,7,1.0,1.0,2.0,True,,1.3e-06
12.0,+,216,31575.69482,6,7,1.0,-1.0,0.0,0.25,31575.648,0.04681999999957043,216,6,7,1.0,-1.0,0.0,True,,1.3e-06
12.0,+,217,31618.70836,6,7,1.0,0.0,1.0,0.36,31619.0518,-0.3434400000005553,217,6,7,1.0,0.0,1.0,True,,1.9e-06
12.0,+,229,32914.69383,6,8,1.0,1.0,2.0,0.09,32914.705,-0.011170000005222391,229,6,8,1.0,1.0,2.0,True,,4.8e-07
12.0,+,230,32954.35438,6,8,1.0,-1.0,0.0,0.25,32954.32,0.034379999997327104,230,6,8,1.0,-1.0,0.0,True,,1.3e-06
12.0,+,231,32996.24473,6,8,1.0,0.0,1.0,0.16,32996.2235,0.021229999998467974,231,6,8,1.0,0.0,1.0,True,,8.6e-07
12.0,+,243,34211.62831,6,9,1.0,1.0,2.0,0.0,34210.5639,1.064409999999043,242,6,9,1.0,1.0,2.0,True,,0.0
12.0,+,245,34250.74528,6,9,1.0,-1.0,0.0,0.0015,34251.2001,-0.45481999999901745,244,6,9,1.0,-1.0,0.0,True,,8.1e-09
12.0,+,248,34292.29875,6,9,1.0,0.0,1.0,0.0004,34297.469,-5.170249999995576,246,6,9,1.0,0.0,1.0,True,,2.2e-09
12.0,+,263,35427.82454,6,10,1.0,1.0,2.0,0.0028,35427.853,-0.02846000000135973,259,6,10,1.0,1.0,2.0,True,,1.5e-08
12.0,+,264,35465.05368,6,10,1.0,-1.0,0.0,0.0028,35464.9855,0.06817999999475433,261,6,10,1.0,-1.0,0.0,True,,1.5e-08
12.0,+,266,35504.56178,6,10,1.0,0.0,1.0,0.0028,35504.7696,-0.20781999999599066,262,6,10,1.0,0.0,1.0,True,,1.5e-08
12.0,-,1,823.80387,2,0,-1.0,-1.0,-2.0,676.0,823.806,-0.002130000000079235,1,2,0,-1.0,-1.0,-2.0,True,,0.0036
12.0,-,2,867.56267,2,0,-1.0,1.0,0.0,784.0,867.5627,-2.999999992425728e-05,2,2,0,-1.0,1.0,0.0,True,,0.0042
12.0,-,3,913.00397,2,0,-1.0,0.0,-1.0,400.0,913.0022,0.0017699999999649663,3,2,0,-1.0,0.0,-1.0,True,,0.0022
12.0,-,4,2439.60639,2,1,-1.0,-1.0,-2.0,7.84,2439.6063,9.000000000014552e-05,4,2,1,-1.0,-1.0,-2.0,True,,4.2e-05
12.0,-,5,2482.99999,2,1,-1.0,1.0,0.0,12.96,2482.9868,0.013189999999667634,5,2,1,-1.0,1.0,0.0,True,,7e-05
12.0,-,6,2528.0182,2,1,-1.0,0.0,-1.0,8.41,2527.9977,0.020500000000083674,6,2,1,-1.0,0.0,-1.0,True,,4.5e-05
12.0,-,7,4032.08154,2,2,-1.0,-1.0,-2.0,5.29,4032.1346,-0.0530599999997321,7,2,2,-1.0,-1.0,-2.0,True,,2.8e-05
12.0,-,8,4075.10112,2,2,-1.0,1.0,0.0,6.76,4075.1406,-0.039480000000367,8,2,2,-1.0,1.0,0.0,True,,3.6e-05
12.0,-,9,4119.70332,2,2,-1.0,0.0,-1.0,5.29,4119.7188,-0.01548000000002503,9,2,2,-1.0,0.0,-1.0,True,,2.8e-05
12.0,-,10,5601.2305,2,3,-1.0,-1.0,-2.0,2.56,5601.228,0.0024999999995998223,10,2,3,-1.0,-1.0,-2.0,True,,1.4e-05
12.0,-,11,5643.86625,2,3,-1.0,1.0,0.0,4.41,5643.8634,0.0028499999998530257,11,2,3,-1.0,1.0,0.0,True,,2.4e-05
12.0,-,12,5688.04708,2,3,-1.0,0.0,-1.0,2.56,5688.0046,0.042480000000068685,12,2,3,-1.0,0.0,-1.0,True,,1.4e-05
12.0,-,14,7146.99926,2,4,-1.0,-1.0,-2.0,1.0,7146.9875,0.011759999999412685,14,2,4,-1.0,-1.0,-2.0,True,,5.4e-06
12.0,-,15,7189.27445,2,4,-1.0,1.0,0.0,2.56,7189.2574,0.017049999999471765,15,2,4,-1.0,1.0,0.0,True,,1.4e-05
12.0,-,16,7233.03577,2,4,-1.0,0.0,-1.0,0.81,7232.95,0.08577000000059343,16,2,4,-1.0,0.0,-1.0,True,,4.4e-06
12.0,-,18,8519.11419,3,0,-1.0,0.0,-1.0,529.0,8519.0836,0.030590000000302098,18,3,0,-1.0,0.0,-1.0,True,,0.0028
12.0,-,19,8669.362,2,5,-1.0,-1.0,-2.0,0.25,8669.4295,-0.06750000000101863,19,2,5,-1.0,-1.0,-2.0,True,,1.3e-06
12.0,-,20,8711.32889,2,5,-1.0,1.0,0.0,0.64,8711.3479,-0.01900999999998021,20,2,5,-1.0,1.0,0.0,True,,3.4e-06
12.0,-,21,8754.64136,2,5,-1.0,0.0,-1.0,0.49,8754.5463,0.09505999999964843,21,2,5,-1.0,0.0,-1.0,True,,2.6e-06
12.0,-,23,9530.50501,5,0,0.0,-1.0,-1.0,36.0,9530.2618,0.24321000000054482,23,5,0,0.0,-1.0,-1.0,True,,0.00019
12.0,-,25,10100.50056,3,1,-1.0,0.0,-1.0,6.25,10100.4758,0.024760000000242144,25,3,1,-1.0,0.0,-1.0,True,,3.4e-05
12.0,-,26,10168.55149,2,6,-1.0,-1.0,-2.0,1.21,10168.5719,-0.020410000000993023,26,2,6,-1.0,-1.0,-2.0,True,,6.5e-06
12.0,-,27,10210.05573,2,6,-1.0,1.0,0.0,1.69,10210.0997,-0.043970000000626897,27,2,6,-1.0,1.0,0.0,True,,9.1e-06
12.0,-,28,10252.99522,2,6,-1.0,0.0,-1.0,1.21,10252.9538,0.041420000001380686,28,2,6,-1.0,0.0,-1.0,True,,6.5e-06
12.0,-,30,11558.54505,5,1,0.0,-1.0,-1.0,0.64,11559.1388,-0.59375,30,5,1,0.0,-1.0,-1.0,True,,3.4e-06
12.0,-,31,11645.53414,2,7,-1.0,-1.0,-2.0,0.36,11644.7277,0.8064400000002934,31,2,7,-1.0,-1.0,-2.0,True,,1.9e-06
12.0,-,32,11653.68779,5,1,0.0,0.0,0.0,0.49,11653.1222,0.5655900000001566,32,5,1,0.0,0.0,0.0,True,,2.6e-06
12.0,-,33,11657.65908,3,2,-1.0,0.0,-1.0,5.76,11657.6771,-0.01802000000134285,33,3,2,-1.0,0.0,-1.0,True,,3.1e-05
12.0,-,34,11685.97512,2,7,-1.0,1.0,0.0,0.36,11685.54,0.4351199999982782,34,2,7,-1.0,1.0,0.0,True,,1.9e-06
12.0,-,35,11728.8811,2,7,-1.0,0.0,-1.0,0.25,11729.6014,-0.7202999999990425,35,2,7,-1.0,0.0,-1.0,True,,1.3e-06
12.0,-,38,13096.44255,2,8,-1.0,-1.0,-2.0,0.64,13096.5613,-0.1187499999996362,38,2,8,-1.0,-1.0,-2.0,True,,3.4e-06
12.0,-,39,13137.33493,2,8,-1.0,1.0,0.0,0.49,13137.4315,-0.0965699999997014,39,2,8,-1.0,1.0,0.0,True,,2.6e-06
12.0,-,40,13179.3519,2,8,-1.0,0.0,-1.0,0.49,13179.1417,0.21019999999953143,40,2,8,-1.0,0.0,-1.0,True,,2.6e-06
12.0,-,41,13190.52579,3,3,-1.0,0.0,-1.0,2.56,13190.5108,0.014989999999670545,41,3,3,-1.0,0.0,-1.0,True,,1.4e-05
12.0,-,46,14525.78073,2,9,-1.0,-1.0,-2.0,0.03,14525.6269,0.1538300000011077,46,2,9,-1.0,-1.0,-2.0,True,,1.6e-07
12.0,-,47,14566.09197,2,9,-1.0,1.0,0.0,0.03,14566.0282,0.06376999999883992,47,2,9,-1.0,1.0,0.0,True,,1.6e-07
12.0,-,48,14607.77615,2,9,-1.0,0.0,-1.0,0.03,14607.6876,0.08855000000039581,48,2,9,-1.0,0.0,-1.0,True,,1.6e-07
12.0,-,49,14699.04143,3,4,-1.0,0.0,-1.0,1.96,14699.0019,0.03953000000001339,49,3,4,-1.0,0.0,-1.0,True,,1.1e-05
12.0,-,59,16183.1179,3,5,-1.0,0.0,-1.0,1.0,16183.0838,0.03409999999894353,59,3,5,-1.0,0.0,-1.0,True,,5.4e-06
12.0,-,67,17642.673,3,6,-1.0,0.0,-1.0,0.16,17642.6544,0.018599999999423744,67,3,6,-1.0,0.0,-1.0,True,,8.6e-07
12.0,-,73,19077.61963,3,7,-1.0,0.0,-1.0,0.04,19077.5786,0.04103000000031898,73,3,7,-1.0,0.0,-1.0,True,,2.2e-07
12.0,-,84,20487.87833,3,8,-1.0,0.0,-1.0,0.01,20487.813,0.06533000000126776,84,3,8,-1.0,0.0,-1.0,True,,5.4e-08
13.0,+,13,6518.54269,4,0,0.0,1.0,1.0,784.0,6518.3894,0.15329000000019732,13,4,0,0.0,1.0,1.0,True,,0.0042
13.0,+,17,7963.70942,4,1,0.0,1.0,1.0,6.25,7963.551,0.15841999999975087,17,4,1,0.0,1.0,1.0,True,,3.4e-05
13.0,+,22,9386.69316,4,2,0.0,1.0,1.0,10.89,9386.5911,0.10206000000107451,22,4,2,0.0,1.0,1.0,True,,5.9e-05
13.0,+,29,10787.57808,4,3,0.0,1.0,1.0,4.0,10787.4898,0.08827999999994063,29,4,3,0.0,1.0,1.0,True,,2.2e-05
13.0,+,36,12123.7473,7,0,2.0,0.0,2.0,36.0,12123.7116,0.03570000000036089,36,7,0,2.0,0.0,2.0,True,,0.00019
13.0,+,37,12166.45328,4,4,0.0,1.0,1.0,2.25,12166.3371,0.11617999999907624,37,4,4,0.0,1.0,1.0,True,,1.2e-05
13.0,+,42,13505.21994,7,1,2.0,0.0,2.0,0.36,13505.1918,0.028140000000348664,42,7,1,2.0,0.0,2.0,True,,1.9e-06
13.0,+,43,13523.3818,4,5,0.0,1.0,1.0,1.69,13523.2389,0.14289999999891734,43,4,5,0.0,1.0,1.0,True,,9.1e-06
13.0,+,50,14858.48477,4,6,0.0,1.0,1.0,0.49,14858.3102,0.17456999999922118,50,4,6,0.0,1.0,1.0,True,,2.6e-06
13.0,+,51,14863.82126,7,2,2.0,0.0,2.0,0.36,14863.8085,0.012760000001435401,51,7,2,2.0,0.0,2.0,True,,1.9e-06
13.0,+,57,16171.81614,4,7,0.0,1.0,1.0,0.49,16171.674,0.14213999999992666,57,4,7,0.0,1.0,1.0,True,,2.6e-06
13.0,+,58,16199.61166,7,3,2.0,0.0,2.0,0.81,16199.577,0.034660000001167646,58,7,3,2.0,0.0,2.0,True,,4.4e-06
13.0,+,63,17463.47441,4,8,0.0,1.0,1.0,0.09,17463.4497,0.02470999999786727,63,4,8,0.0,1.0,1.0,True,,4.8e-07
13.0,+,64,17512.65385,7,4,2.0,0.0,2.0,0.81,17512.6014,0.05244999999922584,64,7,4,2.0,0.0,2.0,True,,4.4e-06
13.0,+,72,18803.00785,7,5,2.0,0.0,2.0,0.49,18802.957,0.05085000000326545,72,7,5,2.0,0.0,2.0,True,,2.6e-06
13.0,+,78,20070.72141,7,6,2.0,0.0,2.0,0.49,20070.6187,0.10270999999920605,78,7,6,2.0,0.0,2.0,True,,2.6e-06
13.0,+,81,20261.06713,6,0,1.0,1.0,2.0,225.0,20261.1289,-0.06177000000025146,81,6,0,1.0,1.0,2.0,True,,0.0012
13.0,+,82,20310.25104,6,0,1.0,-1.0,0.0,225.0,20310.3495,-0.09846000000106869,82,6,0,1.0,-1.0,0.0,True,,0.0012
13.0,+,83,20361.41893,6,0,1.0,0.0,1.0,121.0,20361.4194,-0.00046999999904073775,83,6,0,1.0,0.0,1.0,True,,0.00065
13.0,+,87,21315.92597,7,7,2.0,0.0,2.0,0.25,21315.8237,0.10226999999940745,87,7,7,2.0,0.0,2.0,True,,1.3e-06
13.0,+,93,22011.62258,6,1,1.0,1.0,2.0,1.0,22011.6476,-0.02502000000094995,93,6,1,1.0,1.0,2.0,True,,5.4e-06
13.0,+,94,22060.25816,6,1,1.0,-1.0,0.0,0.81,22060.3371,-0.07893999999942025,94,6,1,1.0,-1.0,0.0,True,,4.4e-06
13.0,+,95,22110.83605,6,1,1.0,0.0,1.0,1.21,22110.8394,-0.0033499999990453944,95,6,1,1.0,0.0,1.0,True,,6.5e-06
13.0,+,97,22538.64077,7,8,2.0,0.0,2.0,0.04,22538.4387,0.20207000000300468,97,7,8,2.0,0.0,2.0,True,,2.2e-07
13.0,+,105,23724.27031,6,2,1.0,1.0,2.0,0.04,23723.1549,1.1154099999985192,105,6,2,1.0,1.0,2.0,True,,2.2e-07
13.0,+,107,23772.92035,6,2,1.0,-1.0,0.0,0.04,23773.4274,-0.507050000000163,107,6,2,1.0,-1.0,0.0,True,,2.2e-07
13.0,+,108,23822.59683,6,2,1.0,0.0,1.0,0.25,23822.7086,-0.11177000000316184,108,6,2,1.0,0.0,1.0,True,,1.3e-06
13.0,+,120,25396.87886,6,3,1.0,1.0,2.0,2.25,25396.8854,-0.00653999999849475,120,6,3,1.0,1.0,2.0,True,,1.2e-05
13.0,+,121,25444.30738,6,3,1.0,-1.0,0.0,3.61,25444.3846,-0.07722000000285334,121,6,3,1.0,-1.0,0.0,True,,1.9e-05
13.0,+,122,25493.56755,6,3,1.0,0.0,1.0,2.25,25493.5581,0.009450000001379522,122,6,3,1.0,0.0,1.0,True,,1.2e-05
13.0,+,131,27023.43163,6,4,1.0,1.0,2.0,0.49,27023.8384,-0.4067700000014156,131,6,4,1.0,1.0,2.0,True,,2.6e-06
13.0,+,133,27071.06868,6,4,1.0,-1.0,0.0,0.09,27071.4927,-0.42401999999856343,133,6,4,1.0,-1.0,0.0,True,,4.8e-07
13.0,+,134,27119.22533,6,4,1.0,0.0,1.0,0.49,27119.1793,0.04603000000133761,134,6,4,1.0,0.0,1.0,True,,2.6e-06
13.0,+,145,28600.44431,6,5,1.0,1.0,2.0,0.81,28600.4439,0.00041000000055646524,145,6,5,1.0,1.0,2.0,True,,4.4e-06
13.0,+,146,28646.40577,6,5,1.0,-1.0,0.0,0.81,28646.5158,-0.11002999999982421,146,6,5,1.0,-1.0,0.0,True,,4.4e-06
13.0,+,147,28694.09581,6,5,1.0,0.0,1.0,0.49,28694.1008,-0.004990000001271255,147,6,5,1.0,0.0,1.0,True,,2.6e-06
13.0,+,158,30119.81545,6,6,1.0,1.0,2.0,0.16,30119.3791,0.4363499999999476,158,6,6,1.0,1.0,2.0,True,,8.6e-07
13.0,+,160,30164.6302,6,6,1.0,-1.0,0.0,0.09,30164.0488,0.5813999999991211,160,6,6,1.0,-1.0,0.0,True,,4.8e-07
13.0,+,161,30211.5354,6,6,1.0,0.0,1.0,0.16,30211.282,0.25340000000142027,161,6,6,1.0,0.0,1.0,True,,8.6e-07
13.0,+,170,31572.76769,6,7,1.0,1.0,2.0,0.25,31572.8032,-0.035509999997884734,170,6,7,1.0,1.0,2.0,True,,1.3e-06
13.0,+,171,31616.89994,6,7,1.0,-1.0,0.0,0.36,31617.0915,-0.19155999999929918,171,6,7,1.0,-1.0,0.0,True,,1.9e-06
13.0,+,172,31662.57472,6,7,1.0,0.0,1.0,0.25,31662.6047,-0.02997999999934109,172,6,7,1.0,0.0,1.0,True,,1.3e-06
13.0,+,181,32951.46548,6,8,1.0,1.0,2.0,0.36,32951.57,-0.10452000000077533,181,6,8,1.0,1.0,2.0,True,,1.9e-06
13.0,+,182,32994.44668,6,8,1.0,-1.0,0.0,0.16,32994.4485,-0.0018199999976786785,182,6,8,1.0,-1.0,0.0,True,,8.6e-07
13.0,+,183,33039.06026,6,8,1.0,0.0,1.0,0.16,33039.0994,-0.03914000000077067,183,6,8,1.0,0.0,1.0,True,,8.6e-07
13.0,+,193,34248.56174,6,9,1.0,1.0,2.0,0.0004,34248.5898,-0.028060000004188623,192,6,9,1.0,1.0,2.0,True,,2.2e-09
13.0,+,195,34290.5882,6,9,1.0,-1.0,0.0,0.0015,34294.8927,-4.30449999999837,194,6,9,1.0,-1.0,0.0,True,,8.1e-09
13.0,+,197,34333.86631,6,9,1.0,0.0,1.0,0.0004,34333.5761,0.29020999999920605,195,6,9,1.0,0.0,1.0,True,,2.2e-09
13.0,+,209,35462.32075,6,10,1.0,1.0,2.0,0.0051,35462.4943,-0.1735499999995227,205,6,10,1.0,1.0,2.0,True,,2.7e-08
13.0,+,210,35502.84709,6,10,1.0,-1.0,0.0,0.0028,35503.0944,-0.24730999999883352,207,6,10,1.0,-1.0,0.0,True,,1.5e-08
13.0,+,211,35544.80783,6,10,1.0,0.0,1.0,0.0028,35544.817,-0.009170000004814938,208,6,10,1.0,0.0,1.0,True,,1.5e-08
13.0,-,2,862.99794,2,0,-1.0,-1.0,-2.0,576.0,863.0017,-0.003760000000056607,2,2,0,-1.0,-1.0,-2.0,True,,0.0031
13.0,-,3,909.02318,2,0,-1.0,1.0,0.0,484.0,909.0167,0.006480000000010477,3,2,0,-1.0,1.0,0.0,True,,0.0026
13.0,-,4,957.58882,2,0,-1.0,0.0,-1.0,484.0,957.5948,-0.005979999999908614,4,2,0,-1.0,0.0,-1.0,True,,0.0026
13.0,-,6,2478.4146,2,1,-1.0,-1.0,-2.0,11.56,2478.409,0.005599999999958527,6,2,1,-1.0,-1.0,-2.0,True,,6.2e-05
13.0,-,7,2524.02455,2,1,-1.0,1.0,0.0,11.56,2524.0093,0.015249999999923602,7,2,1,-1.0,1.0,0.0,True,,6.2e-05
13.0,-,8,2572.1476,2,1,-1.0,0.0,-1.0,10.89,2572.1409,0.006699999999909778,8,2,1,-1.0,0.0,-1.0,True,,5.9e-05
13.0,-,10,4070.50601,2,2,-1.0,-1.0,-2.0,5.76,4070.5439,-0.037890000000061264,10,2,2,-1.0,-1.0,-2.0,True,,3.1e-05
13.0,-,11,4115.69825,2,2,-1.0,1.0,0.0,8.41,4115.7269,-0.02864999999928841,11,2,2,-1.0,1.0,0.0,True,,4.5e-05
13.0,-,12,4163.37589,2,2,-1.0,0.0,-1.0,6.25,4163.4141,-0.03820999999970809,12,2,2,-1.0,0.0,-1.0,True,,3.4e-05
13.0,-,13,5639.25819,2,3,-1.0,-1.0,-2.0,4.0,5639.2458,0.01238999999986845,13,2,3,-1.0,-1.0,-2.0,True,,2.2e-05
13.0,-,14,5684.01177,2,3,-1.0,1.0,0.0,3.61,5684.0094,0.0023700000001554145,14,2,3,-1.0,1.0,0.0,True,,1.9e-05
13.0,-,16,5731.26195,2,3,-1.0,0.0,-1.0,2.56,5731.2584,0.0035500000003594323,16,2,3,-1.0,0.0,-1.0,True,,1.4e-05
13.0,-,19,7184.65998,2,4,-1.0,-1.0,-2.0,2.89,7184.6169,0.04308000000037282,19,2,4,-1.0,-1.0,-2.0,True,,1.6e-05
13.0,-,20,7228.9861,2,4,-1.0,1.0,0.0,1.44,7228.9539,0.032199999999647844,20,2,4,-1.0,1.0,0.0,True,,7.7e-06
13.0,-,21,7275.77085,2,4,-1.0,0.0,-1.0,2.56,7275.7743,-0.0034500000001571607,21,2,4,-1.0,0.0,-1.0,True,,1.4e-05
13.0,-,25,8560.83533,3,0,-1.0,0.0,-1.0,1296.0,8560.8357,-0.00036999999974796083,25,3,0,-1.0,0.0,-1.0,True,,0.007
13.0,-,26,8706.69028,2,5,-1.0,-1.0,-2.0,1.0,8706.683,0.007279999999809661,26,2,5,-1.0,-1.0,-2.0,True,,5.4e-06
13.0,-,27,8750.57481,2,5,-1.0,1.0,0.0,0.64,8750.562,0.012810000000172295,27,2,5,-1.0,1.0,0.0,True,,3.4e-06
13.0,-,28,8796.95376,2,5,-1.0,0.0,-1.0,1.0,8796.987,-0.033239999998841085,28,2,5,-1.0,0.0,-1.0,True,,5.4e-06
13.0,-,32,9626.10164,5,0,0.0,-1.0,-1.0,16.0,9626.1403,-0.038659999998344574,32,5,0,0.0,-1.0,-1.0,True,,8.6e-05
13.0,-,33,10141.77837,3,1,-1.0,0.0,-1.0,10.89,10141.784,-0.005629999999655411,33,3,1,-1.0,0.0,-1.0,True,,5.9e-05
13.0,-,34,10205.39883,2,6,-1.0,-1.0,-2.0,1.96,10205.407,-0.008169999999154243,34,2,6,-1.0,-1.0,-2.0,True,,1.1e-05
13.0,-,35,10248.92099,2,6,-1.0,1.0,0.0,1.44,10248.934,-0.013009999998757849,35,2,6,-1.0,1.0,0.0,True,,7.7e-06
13.0,-,36,10294.78746,2,6,-1.0,0.0,-1.0,1.0,10294.8575,-0.07004000000051747,36,2,6,-1.0,0.0,-1.0,True,,5.4e-06
13.0,-,40,11652.72891,5,1,0.0,-1.0,-1.0,1.0,11653.161,-0.4320900000002439,40,5,1,0.0,-1.0,-1.0,True,,5.4e-06
13.0,-,41,11681.3048,2,7,-1.0,-1.0,-2.0,0.25,11680.7818,0.5229999999992287,41,2,7,-1.0,-1.0,-2.0,True,,1.3e-06
13.0,-,42,11698.48782,3,2,-1.0,0.0,-1.0,10.24,11698.5306,-0.042779999999766005,42,3,2,-1.0,0.0,-1.0,True,,5.5e-05
13.0,-,43,11725.1708,2,7,-1.0,1.0,0.0,0.25,11725.123,0.0478000000002794,43,2,7,-1.0,1.0,0.0,True,,1.3e-06
13.0,-,44,11769.38909,2,7,-1.0,0.0,-1.0,0.16,11769.3502,0.03888999999981024,44,2,7,-1.0,0.0,-1.0,True,,8.6e-07
13.0,-,49,13132.66047,2,8,-1.0,-1.0,-2.0,0.49,13132.6832,-0.022729999998773565,49,2,8,-1.0,-1.0,-2.0,True,,2.6e-06
13.0,-,50,13175.2033,2,8,-1.0,1.0,0.0,0.36,13175.1883,0.014999999999417923,50,2,8,-1.0,1.0,0.0,True,,1.9e-06
13.0,-,51,13220.32075,2,8,-1.0,0.0,-1.0,0.25,13220.4284,-0.10764999999992142,51,2,8,-1.0,0.0,-1.0,True,,1.3e-06
13.0,-,52,13230.91105,3,3,-1.0,0.0,-1.0,4.41,13230.9269,-0.01584999999977299,52,3,3,-1.0,0.0,-1.0,True,,2.4e-05
13.0,-,58,14561.34954,2,9,-1.0,-1.0,-2.0,0.0181,14561.244,0.10553999999865482,58,2,9,-1.0,-1.0,-2.0,True,,9.7e-08
13.0,-,59,14603.66567,2,9,-1.0,1.0,0.0,0.0237,14603.6031,0.06257000000005064,59,2,9,-1.0,1.0,0.0,True,,1.3e-07
13.0,-,60,14648.11178,2,9,-1.0,0.0,-1.0,0.03,14648.1355,-0.023720000001048902,60,2,9,-1.0,0.0,-1.0,True,,1.6e-07
13.0,-,61,14738.97642,3,4,-1.0,0.0,-1.0,3.61,14738.9703,0.006120000000009895,61,3,4,-1.0,0.0,-1.0,True,,1.9e-05
13.0,-,74,16222.59908,3,5,-1.0,0.0,-1.0,2.25,16222.6029,-0.0038199999999051215,74,3,5,-1.0,0.0,-1.0,True,,1.2e-05
13.0,-,84,17681.69977,3,6,-1.0,0.0,-1.0,0.64,17681.7207,-0.020930000002408633,84,3,6,-1.0,0.0,-1.0,True,,3.4e-06
13.0,-,93,19116.19886,3,7,-1.0,0.0,-1.0,0.09,19116.1918,0.00705999999991036,93,3,7,-1.0,0.0,-1.0,True,,4.8e-07
13.0,-,106,20525.97194,3,8,-1.0,0.0,-1.0,0.04,20525.969,0.002939999998488929,106,3,8,-1.0,0.0,-1.0,True,,2.2e-07
14.0,+,1,380.01623,1,0,0.0,0.0,0.0,900.0,380.0214,-0.005170000000020991,1,1,0,0.0,0.0,0.0,True,,0.0048
14.0,+,5,2203.67855,1,1,0.0,0.0,0.0,112.96,2203.6784,0.00015000000030340743,5,1,1,0.0,0.0,0.0,True,,0.00061
14.0,+,9,3998.98073,1,2,0.0,0.0,0.0,12.25,3998.9966,-0.015869999999722495,9,1,2,0.0,0.0,0.0,True,,6.6e-05
14.0,+,15,5765.00211,1,3,0.0,0.0,0.0,5.29,5765.0011,0.0010099999999511056,15,1,3,0.0,0.0,0.0,True,,2.8e-05
14.0,+,17,6518.37117,4,0,0.0,1.0,1.0,529.0,6518.4022,-0.0310300000001007,17,4,0,0.0,1.0,1.0,True,,0.0028
14.0,+,18,6604.70634,4,0,0.0,0.0,0.0,576.0,6604.6713,0.03503999999975349,18,4,0,0.0,0.0,0.0,True,,0.0031
14.0,+,22,7500.56564,1,4,0.0,0.0,0.0,3.61,7500.5457,0.019940000000133296,22,1,4,0.0,0.0,0.0,True,,1.9e-05
14.0,+,23,7963.53341,4,1,0.0,1.0,1.0,4.41,7963.5662,-0.0327900000002046,23,4,1,0.0,1.0,1.0,True,,2.4e-05
14.0,+,24,8048.92396,4,1,0.0,0.0,0.0,5.29,8048.8822,0.04176000000006752,24,4,1,0.0,0.0,0.0,True,,2.8e-05
14.0,+,29,9204.08613,1,5,0.0,0.0,0.0,1.0,9204.0944,-0.008270000000266009,29,1,5,0.0,0.0,0.0,True,,5.4e-06
14.0,+,30,9386.5278,4,2,0.0,1.0,1.0,6.76,9386.6098,-0.0820000000003347,30,4,2,0.0,1.0,1.0,True,,3.6e-05
14.0,+,31,9470.96378,4,2,0.0,0.0,0.0,7.84,9470.9716,-0.007820000000720029,31,4,2,0.0,0.0,0.0,True,,4.2e-05
14.0,+,37,10787.40289,4,3,0.0,1.0,1.0,3.24,10787.4953,-0.09241000000110944,37,4,3,0.0,1.0,1.0,True,,1.7e-05
14.0,+,38,10870.74541,4,3,0.0,0.0,0.0,1.44,10870.7364,0.00900999999976193,38,4,3,0.0,0.0,0.0,True,,7.7e-06
14.0,+,39,10873.6069,1,6,0.0,0.0,0.0,2.89,10873.7778,-0.17089999999916472,39,1,6,0.0,0.0,0.0,True,,1.6e-05
14.0,+,45,12164.42421,7,0,2.0,0.0,2.0,36.0,12164.3901,0.03410999999869091,45,7,0,2.0,0.0,2.0,True,,0.00019
14.0,+,46,12166.27473,4,4,0.0,1.0,1.0,1.69,12166.3497,-0.07497000000148546,46,4,4,0.0,1.0,1.0,True,,9.1e-06
14.0,+,47,12248.83166,4,4,0.0,0.0,0.0,2.89,12248.8096,0.022059999999328284,47,4,4,0.0,0.0,0.0,True,,1.6e-05
14.0,+,53,13523.20549,4,5,0.0,1.0,1.0,1.96,13523.2525,-0.04701000000022759,53,4,5,0.0,1.0,1.0,True,,1.1e-05
14.0,+,54,13545.42669,7,1,2.0,0.0,2.0,0.36,13545.3964,0.030290000000604778,54,7,1,2.0,0.0,2.0,True,,1.9e-06
14.0,+,55,13604.81222,4,5,0.0,0.0,0.0,2.25,13604.7602,0.052019999999174615,55,4,5,0.0,0.0,0.0,True,,1.2e-05
14.0,+,62,14858.28353,4,6,0.0,1.0,1.0,0.49,14858.3242,-0.040669999998499407,62,4,6,0.0,1.0,1.0,True,,2.6e-06
14.0,+,63,14903.55524,7,2,2.0,0.0,2.0,0.36,14903.5394,0.01584000000002561,63,7,2,2.0,0.0,2.0,True,,1.9e-06
14.0,+,64,14938.94194,4,6,0.0,0.0,0.0,0.64,14938.8797,0.062240000001111184,64,4,6,0.0,0.0,0.0,True,,3.4e-06
14.0,+,65,15506.02937,8,0,0.0,0.0,0.0,36.0,15506.0175,0.01187000000027183,65,8,0,0.0,0.0,0.0,True,,0.00019
14.0,+,71,16171.64205,4,7,0.0,1.0,1.0,0.49,16171.6885,-0.04644999999982247,71,4,7,0.0,1.0,1.0,True,,2.6e-06
14.0,+,72,16238.87144,7,3,2.0,0.0,2.0,0.81,16238.8348,0.03664000000026135,72,7,3,2.0,0.0,2.0,True,,4.4e-06
14.0,+,73,16251.39999,4,7,0.0,0.0,0.0,0.36,16251.2918,0.1081899999990128,73,4,7,0.0,0.0,0.0,True,,1.9e-06
14.0,+,75,16924.31655,8,1,0.0,0.0,0.0,0.36,16924.2595,0.057049999999435386,75,8,1,0.0,0.0,0.0,True,,1.9e-06
14.0,+,79,17463.28618,4,8,0.0,1.0,1.0,0.09,17463.4648,-0.17862000000241096,79,4,8,0.0,1.0,1.0,True,,4.8e-07
14.0,+,81,17542.04941,4,8,0.0,0.0,0.0,0.09,17542.1157,-0.066289999998844,81,4,8,0.0,0.0,0.0,True,,4.8e-07
14.0,+,82,17551.43841,7,4,2.0,0.0,2.0,0.81,17551.386,0.05241000000023632,82,7,4,2.0,0.0,2.0,True,,4.4e-06
14.0,+,85,18342.00658,8,2,0.0,0.0,0.0,0.09,18342.2876,-0.28101999999853433,85,8,2,0.0,0.0,0.0,True,,4.8e-07
14.0,+,92,18841.31956,7,5,2.0,0.0,2.0,0.49,18841.2681,0.05145999999876949,92,7,5,2.0,0.0,2.0,True,,2.6e-06
14.0,+,95,19761.32309,8,3,0.0,0.0,0.0,0.09,19761.2022,0.12089000000196393,95,8,3,0.0,0.0,0.0,True,,4.8e-07
14.0,+,100,20108.55912,7,6,2.0,0.0,2.0,0.64,20108.4599,0.09922000000005937,100,7,6,2.0,0.0,2.0,True,,3.4e-06
14.0,+,103,20306.63085,6,0,1.0,1.0,2.0,225.0,20306.6224,0.008450000001175795,103,6,0,1.0,1.0,2.0,True,,0.0012
14.0,+,104,20358.34622,6,0,1.0,-1.0,0.0,169.0,20358.3773,-0.031080000000656582,104,6,0,1.0,-1.0,0.0,True,,0.00091
14.0,+,105,20413.08499,6,0,1.0,0.0,1.0,256.0,20413.2456,-0.1606099999989965,105,6,0,1.0,0.0,1.0,True,,0.0014
14.0,+,111,21353.28223,7,7,2.0,0.0,2.0,0.25,21353.1859,0.09633000000030734,111,7,7,2.0,0.0,2.0,True,,1.3e-06
14.0,+,117,22056.66788,6,1,1.0,1.0,2.0,0.81,22056.6207,0.04718000000139,117,6,1,1.0,1.0,2.0,True,,4.4e-06
14.0,+,118,22107.77857,6,1,1.0,-1.0,0.0,1.44,22107.7748,0.0037699999993492384,118,6,1,1.0,-1.0,0.0,True,,7.7e-06
14.0,+,119,22161.88821,6,1,1.0,0.0,1.0,0.81,22162.0701,-0.18188999999983935,119,6,1,1.0,0.0,1.0,True,,4.4e-06
14.0,+,124,22575.52544,7,8,2.0,0.0,2.0,0.09,22575.3246,0.20084000000133528,124,7,8,2.0,0.0,2.0,True,,4.8e-07
14.0,+,133,23768.40727,6,2,1.0,1.0,2.0,0.04,23766.4243,1.9829700000009325,133,6,2,1.0,1.0,2.0,True,,2.2e-07
14.0,+,135,23819.73706,6,2,1.0,-1.0,0.0,0.09,23820.0266,-0.28954000000157976,135,6,2,1.0,-1.0,0.0,True,,4.8e-07
14.0,+,136,23873.14811,6,2,1.0,0.0,1.0,0.09,23873.3935,-0.24539000000004307,136,6,2,1.0,0.0,1.0,True,,4.8e-07
14.0,+,151,25440.82382,6,3,1.0,1.0,2.0,1.96,25440.736,0.08782000000064727,151,6,3,1.0,1.0,2.0,True,,1.1e-05
14.0,+,152,25490.6163,6,3,1.0,-1.0,0.0,2.89,25490.5708,0.04550000000017462,152,6,3,1.0,-1.0,0.0,True,,1.6e-05
14.0,+,153,25543.33843,6,3,1.0,0.0,1.0,1.69,25543.5511,-0.2126700000007986,153,6,3,1.0,0.0,1.0,True,,9.1e-06
14.0,+,166,27067.9624,6,4,1.0,1.0,2.0,0.09,27067.6367,0.325700000001234,166,6,4,1.0,1.0,2.0,True,,4.8e-07
14.0,+,167,27116.40668,6,4,1.0,-1.0,0.0,0.49,27116.1597,0.24697999999989406,168,6,4,1.0,-1.0,0.0,True,,2.6e-06
14.0,+,169,27168.50576,6,4,1.0,0.0,1.0,0.09,27169.3278,-0.8220399999991059,169,6,4,1.0,0.0,1.0,True,,4.8e-07
14.0,+,182,28643.05378,6,5,1.0,1.0,2.0,0.64,28642.971,0.08277999999700114,182,6,5,1.0,1.0,2.0,True,,3.4e-06
14.0,+,183,28691.248,6,5,1.0,-1.0,0.0,0.49,28691.2197,0.028299999998125713,183,6,5,1.0,-1.0,0.0,True,,2.6e-06
14.0,+,184,28742.34756,6,5,1.0,0.0,1.0,0.49,28742.6262,-0.2786400000004505,184,6,5,1.0,0.0,1.0,True,,2.6e-06
14.0,+,199,30161.07051,6,6,1.0,1.0,2.0,0.09,30160.8017,0.26881000000139466,199,6,6,1.0,1.0,2.0,True,,4.8e-07
14.0,+,201,30208.78617,6,6,1.0,-1.0,0.0,0.09,30208.474,0.31217000000106054,201,6,6,1.0,-1.0,0.0,True,,4.8e-07
14.0,+,202,30258.35989,6,6,1.0,0.0,1.0,0.09,30257.6829,0.6769899999999325,202,6,6,1.0,0.0,1.0,True,,4.8e-07
14.0,+,215,31613.78483,6,7,1.0,1.0,2.0,0.16,31613.7004,0.08442999999897438,215,6,7,1.0,1.0,2.0,True,,8.6e-07
14.0,+,216,31659.95503,6,7,1.0,-1.0,0.0,0.09,31659.9039,0.051129999999830034,216,6,7,1.0,-1.0,0.0,True,,4.8e-07
14.0,+,217,31708.98903,6,7,1.0,0.0,1.0,0.16,31709.3779,-0.3888699999988603,217,6,7,1.0,0.0,1.0,True,,8.6e-07
14.0,+,229,32991.46247,6,8,1.0,1.0,2.0,0.16,32991.2759,0.18656999999802792,229,6,8,1.0,1.0,2.0,True,,8.6e-07
14.0,+,230,33036.53086,6,8,1.0,-1.0,0.0,0.25,33036.4814,0.049460000002000015,230,6,8,1.0,-1.0,0.0,True,,1.3e-06
14.0,+,231,33084.21581,6,8,1.0,0.0,1.0,0.09,33084.1918,0.024010000000998843,231,6,8,1.0,0.0,1.0,True,,4.8e-07
14.0,+,243,34287.54989,6,9,1.0,1.0,2.0,0.0015,34290.9246,-3.374709999996412,243,6,9,1.0,1.0,2.0,True,,8.1e-09
14.0,+,245,34331.29731,6,9,1.0,-1.0,0.0,0.0004,34331.0197,0.27761000000464264,244,6,9,1.0,-1.0,0.0,True,,2.2e-09
14.0,+,249,34377.92178,6,9,1.0,0.0,1.0,0.0004,34380.9181,-2.996320000005653,246,6,9,1.0,0.0,1.0,True,,2.2e-09
14.0,+,263,35500.09672,6,10,1.0,1.0,2.0,0.0028,35500.0847,0.01202000000193948,259,6,10,1.0,1.0,2.0,True,,1.5e-08
14.0,+,264,35542.5152,6,10,1.0,-1.0,0.0,0.0028,35542.4515,0.06369999999878928,261,6,10,1.0,-1.0,0.0,True,,1.5e-08
14.0,+,265,35587.5283,6,10,1.0,0.0,1.0,0.0028,35587.799,-0.27070000000094296,262,6,10,1.0,0.0,1.0,True,,1.5e-08
14.0,-,1,905.45951,2,0,-1.0,-1.0,-2.0,484.0,905.4642,-0.004689999999982319,1,2,0,-1.0,-1.0,-2.0,True,,0.0026
14.0,-,2,955.04003,2,0,-1.0,1.0,0.0,625.0,955.0403,-0.00027000000000043656,2,2,0,-1.0,1.0,0.0,True,,0.0034
14.0,-,3,1006.56039,2,0,-1.0,0.0,-1.0,484.0,1006.5582,0.0021899999999277497,3,2,0,-1.0,0.0,-1.0,True,,0.0026
14.0,-,4,2520.43595,2,1,-1.0,-1.0,-2.0,7.84,2520.435,0.000950000000102591,4,2,1,-1.0,-1.0,-2.0,True,,4.2e-05
14.0,-,5,2569.57835,2,1,-1.0,1.0,0.0,10.89,2569.5682,0.010149999999612191,5,2,1,-1.0,1.0,0.0,True,,5.9e-05
14.0,-,6,2620.60993,2,1,-1.0,0.0,-1.0,10.24,2620.5871,0.02282999999988533,6,2,1,-1.0,0.0,-1.0,True,,5.5e-05
14.0,-,7,4112.07745,2,2,-1.0,-1.0,-2.0,5.29,4112.1296,-0.05215000000043801,7,2,2,-1.0,-1.0,-2.0,True,,2.8e-05
14.0,-,8,4160.78345,2,2,-1.0,1.0,0.0,7.29,4160.8214,-0.03794999999990978,8,2,2,-1.0,1.0,0.0,True,,3.9e-05
14.0,-,9,4211.32247,2,2,-1.0,0.0,-1.0,4.84,4211.3357,-0.013229999999566644,9,2,2,-1.0,0.0,-1.0,True,,2.6e-05
14.0,-,10,5680.36647,2,3,-1.0,-1.0,-2.0,2.25,5680.3887,-0.02223000000049069,10,2,3,-1.0,-1.0,-2.0,True,,1.2e-05
14.0,-,11,5728.64772,2,3,-1.0,1.0,0.0,4.0,5728.6439,0.0038199999999051215,11,2,3,-1.0,1.0,0.0,True,,2.2e-05
14.0,-,12,5778.69823,2,3,-1.0,0.0,-1.0,3.24,5778.6474,0.05083000000013271,12,2,3,-1.0,0.0,-1.0,True,,1.7e-05
14.0,-,14,7225.30883,2,4,-1.0,-1.0,-2.0,1.44,7225.3112,-0.0023700000001554145,14,2,4,-1.0,-1.0,-2.0,True,,7.7e-06
14.0,-,15,7273.14505,2,4,-1.0,1.0,0.0,2.89,7273.136,0.00904999999966094,15,2,4,-1.0,1.0,0.0,True,,1.6e-05
14.0,-,16,7322.69595,2,4,-1.0,0.0,-1.0,1.44,7322.6141,0.08185000000048603,16,2,4,-1.0,0.0,-1.0,True,,7.7e-06
14.0,-,18,8605.82996,3,0,-1.0,0.0,-1.0,576.0,8605.7895,0.040459999998347485,18,3,0,-1.0,0.0,-1.0,True,,0.0031
14.0,-,19,8746.81507,2,5,-1.0,-1.0,-2.0,0.25,8746.9089,-0.09382999999979802,19,2,5,-1.0,-1.0,-2.0,True,,1.3e-06
14.0,-,20,8794.29922,2,5,-1.0,1.0,0.0,0.81,8794.3229,-0.023679999998421408,20,2,5,-1.0,1.0,0.0,True,,4.4e-06
14.0,-,21,8843.3168,2,5,-1.0,0.0,-1.0,0.64,8843.2199,0.09690000000045984,21,2,5,-1.0,0.0,-1.0,True,,3.4e-06
14.0,-,23,9626.55068,5,0,0.0,-1.0,-1.0,25.0,9626.2885,0.26217999999971653,23,5,0,0.0,-1.0,-1.0,True,,0.00013
14.0,-,24,9737.62424,5,0,0.0,0.0,0.0,1.0,9737.9821,-0.35786000000007334,24,5,0,0.0,0.0,0.0,True,,5.4e-06
14.0,-,25,10186.29524,3,1,-1.0,0.0,-1.0,6.76,10186.26,0.03523999999924854,25,3,1,-1.0,0.0,-1.0,True,,3.6e-05
14.0,-,26,10245.17714,2,6,-1.0,-1.0,-2.0,1.0,10245.2248,-0.047660000000178115,26,2,6,-1.0,-1.0,-2.0,True,,5.4e-06
14.0,-,27,10292.12564,2,6,-1.0,1.0,0.0,1.96,10292.168,-0.04235999999946216,27,2,6,-1.0,1.0,0.0,True,,1.1e-05
14.0,-,28,10340.70726,2,6,-1.0,0.0,-1.0,1.44,10340.6718,0.03545999999914784,28,2,6,-1.0,0.0,-1.0,True,,7.7e-06
14.0,-,30,11652.73549,5,1,0.0,-1.0,-1.0,0.49,11653.8005,-1.0650100000002567,30,5,1,0.0,-1.0,-1.0,True,,2.6e-06
14.0,-,31,11722.3089,2,7,-1.0,-1.0,-2.0,0.25,11720.9125,1.3963999999996304,31,2,7,-1.0,-1.0,-2.0,True,,1.3e-06
14.0,-,32,11742.5242,3,2,-1.0,0.0,-1.0,5.29,11742.5219,0.002300000000104774,32,3,2,-1.0,0.0,-1.0,True,,2.8e-05
14.0,-,33,11761.01349,5,1,0.0,0.0,0.0,0.36,11761.7005,-0.6870100000014645,33,5,1,0.0,0.0,0.0,True,,1.9e-06
14.0,-,34,11769.02785,2,7,-1.0,1.0,0.0,0.16,11767.0449,1.9829499999996187,34,2,7,-1.0,1.0,0.0,True,,8.6e-07
14.0,-,35,11816.63514,2,7,-1.0,0.0,-1.0,0.16,11817.6568,-1.0216600000003382,35,2,7,-1.0,0.0,-1.0,True,,8.6e-07
14.0,-,38,13171.32074,2,8,-1.0,-1.0,-2.0,0.81,13171.4947,-0.17396000000007916,38,2,8,-1.0,-1.0,-2.0,True,,4.4e-06
14.0,-,39,13217.57547,2,8,-1.0,1.0,0.0,0.25,13217.6777,-0.10223000000041793,39,2,8,-1.0,1.0,0.0,True,,1.3e-06
14.0,-,40,13265.04031,2,8,-1.0,0.0,-1.0,0.49,13264.8364,0.20391000000017812,40,2,8,-1.0,0.0,-1.0,True,,2.6e-06
14.0,-,41,13274.4644,3,3,-1.0,0.0,-1.0,1.96,13274.4421,0.02230000000054133,41,3,3,-1.0,0.0,-1.0,True,,1.1e-05
14.0,-,46,14599.90972,2,9,-1.0,-1.0,-2.0,0.037,14599.7627,0.14702000000033877,46,2,9,-1.0,-1.0,-2.0,True,,2e-07
14.0,-,47,14645.39509,2,9,-1.0,1.0,0.0,0.037,14645.3592,0.03588999999919906,47,2,9,-1.0,1.0,0.0,True,,2e-07
14.0,-,48,14692.56182,2,9,-1.0,0.0,-1.0,0.03,14692.4751,0.08672000000115077,48,2,9,-1.0,0.0,-1.0,True,,1.6e-07
14.0,-,49,14782.04417,3,4,-1.0,0.0,-1.0,1.96,14782.0032,0.040970000000015716,49,3,4,-1.0,0.0,-1.0,True,,1.1e-05
14.0,-,59,16265.18186,3,5,-1.0,0.0,-1.0,1.21,16265.1519,0.029959999999846332,59,3,5,-1.0,0.0,-1.0,True,,6.5e-06
14.0,-,67,17723.79525,3,6,-1.0,0.0,-1.0,0.09,17723.7902,0.005049999999755528,67,3,6,-1.0,0.0,-1.0,True,,4.8e-07
14.0,-,73,19157.78181,3,7,-1.0,0.0,-1.0,0.01,19157.765,0.016810000000987202,73,3,7,-1.0,0.0,-1.0,True,,5.4e-08
14.0,-,84,20567.07774,3,8,-1.0,0.0,-1.0,0.01,20567.0499,0.027839999998832354,84,3,8,-1.0,0.0,-1.0,True,,5.4e-08
15.0,+,13,6604.83809,4,0,0.0,1.0,1.0,841.0,6604.6871,0.15099000000009255,13,4,0,0.0,1.0,1.0,True,,0.0045
15.0,+,17,8049.05352,4,1,0.0,1.0,1.0,6.25,8048.9007,0.1528200000002471,17,4,1,0.0,1.0,1.0,True,,3.4e-05
15.0,+,22,9471.09552,4,2,0.0,1.0,1.0,10.89,9470.993,0.10252000000036787,22,4,2,0.0,1.0,1.0,True,,5.9e-05
15.0,+,29,10871.04384,4,3,0.0,1.0,1.0,3.24,10870.9445,0.0993400000006659,29,4,3,0.0,1.0,1.0,True,,1.7e-05
15.0,+,36,12207.99813,7,0,2.0,0.0,2.0,25.0,12207.9632,0.03492999999980384,36,7,0,2.0,0.0,2.0,True,,0.00013
15.0,+,37,12248.95369,4,4,0.0,1.0,1.0,1.96,12248.8445,0.10919000000103551,37,4,4,0.0,1.0,1.0,True,,1.1e-05
15.0,+,42,13588.49529,7,1,2.0,0.0,2.0,0.36,13588.4617,0.03359000000091328,42,7,1,2.0,0.0,2.0,True,,1.9e-06
15.0,+,43,13604.94976,4,5,0.0,1.0,1.0,1.44,13604.7995,0.150260000000344,43,4,5,0.0,1.0,1.0,True,,7.7e-06
15.0,+,50,14939.08104,4,6,0.0,1.0,1.0,0.49,14938.9243,0.1567399999985355,50,4,6,0.0,1.0,1.0,True,,2.6e-06
15.0,+,51,14946.11534,7,2,2.0,0.0,2.0,0.36,14946.0972,0.018140000000130385,51,7,2,2.0,0.0,2.0,True,,1.9e-06
15.0,+,57,16251.4525,4,7,0.0,1.0,1.0,0.36,16251.342,0.11049999999886495,57,4,7,0.0,1.0,1.0,True,,1.9e-06
15.0,+,58,16280.92354,7,3,2.0,0.0,2.0,0.81,16280.8856,0.0379400000001624,58,7,3,2.0,0.0,2.0,True,,4.4e-06
15.0,+,63,17542.17884,4,8,0.0,1.0,1.0,0.09,17542.1718,0.007040000000415603,63,4,8,0.0,1.0,1.0,True,,4.8e-07
15.0,+,64,17592.98267,7,4,2.0,0.0,2.0,0.64,17592.9297,0.05297000000064145,64,7,4,2.0,0.0,2.0,True,,3.4e-06
15.0,+,72,18882.35341,7,5,2.0,0.0,2.0,0.36,18882.3046,0.0488100000002305,72,7,5,2.0,0.0,2.0,True,,1.9e-06
15.0,+,78,20149.08739,7,6,2.0,0.0,2.0,0.36,20148.9924,0.09499000000141677,78,7,6,2.0,0.0,2.0,True,,1.9e-06
15.0,+,81,20355.58817,6,0,1.0,1.0,2.0,169.0,20355.6417,-0.053530000001046574,81,6,0,1.0,1.0,2.0,True,,0.00091
15.0,+,82,20411.2788,6,0,1.0,-1.0,0.0,225.0,20411.3813,-0.10250000000087311,82,6,0,1.0,-1.0,0.0,True,,0.0012
15.0,+,83,20469.06687,6,0,1.0,0.0,1.0,169.0,20469.0676,-0.0007299999997485429,83,6,0,1.0,0.0,1.0,True,,0.00091
15.0,+,87,21393.29416,7,7,2.0,0.0,2.0,0.25,21393.2056,0.08856000000014319,87,7,7,2.0,0.0,2.0,True,,1.3e-06
15.0,+,93,22105.04866,6,1,1.0,1.0,2.0,1.0,22105.0659,-0.017240000001038425,93,6,1,1.0,1.0,2.0,True,,5.4e-06
15.0,+,94,22160.11876,6,1,1.0,-1.0,0.0,0.49,22160.1927,-0.07393999999840162,94,6,1,1.0,-1.0,0.0,True,,2.6e-06
15.0,+,95,22217.22724,6,1,1.0,0.0,1.0,1.21,22217.2283,-0.0010599999986879993,95,6,1,1.0,0.0,1.0,True,,6.5e-06
15.0,+,97,22615.01799,7,8,2.0,0.0,2.0,0.04,22614.8339,0.18408999999883235,97,7,8,2.0,0.0,2.0,True,,2.2e-07
15.0,+,106,23818.22797,6,2,1.0,0.0,1.0,0.09,23819.9958,-1.7678300000006857,106,6,2,1.0,0.0,1.0,True,,4.8e-07
15.0,+,107,23871.50149,6,2,1.0,-1.0,0.0,0.49,23871.8548,-0.35331000000223867,107,6,2,1.0,-1.0,0.0,True,,2.6e-06
15.0,+,108,23927.79,6,2,1.0,1.0,2.0,0.16,23927.7676,0.022400000001653098,108,6,2,1.0,1.0,2.0,True,,8.6e-07
15.0,+,120,25487.91181,6,3,1.0,1.0,2.0,2.56,25487.9139,-0.0020899999981338624,120,6,3,1.0,1.0,2.0,True,,1.4e-05
15.0,+,121,25541.61043,6,3,1.0,-1.0,0.0,2.25,25541.6907,-0.08026999999856343,121,6,3,1.0,-1.0,0.0,True,,1.2e-05
15.0,+,122,25597.23264,6,3,1.0,0.0,1.0,3.24,25597.2185,0.014139999999315478,122,6,3,1.0,0.0,1.0,True,,1.7e-05
15.0,+,131,27113.84788,6,4,1.0,0.0,1.0,0.04,27113.5696,0.27828000000226893,132,6,4,1.0,1.0,2.0,False,,2.2e-07
15.0,+,133,27166.90435,6,4,1.0,-1.0,0.0,0.25,27167.1898,-0.28544999999940046,133,6,4,1.0,-1.0,0.0,True,,1.3e-06
15.0,+,134,27221.3473,6,4,1.0,1.0,2.0,0.49,27221.2807,0.06660000000192667,134,6,4,1.0,0.0,1.0,False,,2.6e-06
15.0,+,145,28688.66043,6,5,1.0,1.0,2.0,0.49,28688.6652,-0.004769999999552965,145,6,5,1.0,1.0,2.0,True,,2.6e-06
15.0,+,146,28740.71074,6,5,1.0,-1.0,0.0,0.64,28740.8294,-0.1186600000000908,146,6,5,1.0,-1.0,0.0,True,,3.4e-06
15.0,+,147,28794.55592,6,5,1.0,0.0,1.0,0.64,28794.5607,-0.004780000002938323,147,6,5,1.0,0.0,1.0,True,,3.4e-06
15.0,+,158,30206.18941,6,6,1.0,1.0,2.0,0.25,30205.9569,0.23250999999800115,158,6,6,1.0,1.0,2.0,True,,1.3e-06
15.0,+,160,30256.71843,6,6,1.0,-1.0,0.0,0.09,30256.25,0.4684300000008079,160,6,6,1.0,-1.0,0.0,True,,4.8e-07
15.0,+,161,30309.93339,6,6,1.0,0.0,1.0,0.09,30309.8605,0.072889999999461,161,6,6,1.0,0.0,1.0,True,,4.8e-07
15.0,+,170,31657.43908,6,7,1.0,1.0,2.0,0.25,31657.502,-0.06292000000030384,170,6,7,1.0,1.0,2.0,True,,1.3e-06
15.0,+,171,31707.45485,6,7,1.0,-1.0,0.0,0.36,31707.6664,-0.21154999999998836,171,6,7,1.0,-1.0,0.0,True,,1.9e-06
15.0,+,173,31759.03103,6,7,1.0,0.0,1.0,0.16,31759.0609,-0.029870000002119923,172,6,7,1.0,0.0,1.0,True,,8.6e-07
15.0,+,181,33034.0894,6,8,1.0,1.0,2.0,0.16,33034.1644,-0.07500000000436557,181,6,8,1.0,1.0,2.0,True,,8.6e-07
15.0,+,182,33082.65148,6,8,1.0,-1.0,0.0,0.16,33082.6787,-0.027219999996304978,182,6,8,1.0,-1.0,0.0,True,,8.6e-07
15.0,+,183,33133.08725,6,8,1.0,0.0,1.0,0.16,33133.1455,-0.058250000001862645,183,6,8,1.0,0.0,1.0,True,,8.6e-07
15.0,+,193,34328.77638,6,9,1.0,1.0,2.0,0.0,34328.8442,-0.06781999999657273,192,6,9,1.0,1.0,2.0,True,,0.0
15.0,+,196,34373.54782,6,9,1.0,-1.0,0.0,0.0,34378.7333,-5.185480000000098,194,6,9,1.0,-1.0,0.0,True,,0.0
15.0,+,198,34425.17568,6,9,1.0,0.0,1.0,0.0,34424.9712,0.20448000000033062,195,6,9,1.0,0.0,1.0,True,,0.0
15.0,+,209,35540.16991,6,10,1.0,0.0,1.0,0.0051,35540.3516,-0.18169000000489177,206,6,10,1.0,0.0,1.0,True,,2.7e-08
15.0,+,210,35586.04246,6,10,1.0,-1.0,0.0,0.0051,35586.349,-0.3065400000050431,207,6,10,1.0,-1.0,0.0,True,,2.7e-08
15.0,+,211,35633.45349,6,10,1.0,1.0,2.0,0.0028,35633.4789,-0.025410000002011657,208,6,10,1.0,1.0,2.0,True,,1.5e-08
15.0,-,2,951.06542,2,0,-1.0,-1.0,-2.0,529.0,951.0712,-0.005779999999958818,2,2,0,-1.0,-1.0,-2.0,True,,0.0028
15.0,-,3,1002.93637,2,0,-1.0,1.0,0.0,484.0,1002.9324,0.003969999999981155,3,2,0,-1.0,1.0,0.0,True,,0.0026
15.0,-,4,1057.7201,2,0,-1.0,0.0,-1.0,729.0,1057.7285,-0.00839999999993779,4,2,0,-1.0,0.0,-1.0,True,,0.0039
15.0,-,6,2565.58997,2,1,-1.0,-1.0,-2.0,8.41,2565.584,0.005970000000161235,6,2,1,-1.0,-1.0,-2.0,True,,4.5e-05
15.0,-,7,2616.97222,2,1,-1.0,1.0,0.0,12.25,2616.9602,0.01202000000012049,7,2,1,-1.0,1.0,0.0,True,,6.6e-05
15.0,-,8,2671.22908,2,1,-1.0,0.0,-1.0,12.25,2671.2442,-0.015120000000024447,8,2,1,-1.0,0.0,-1.0,True,,6.6e-05
15.0,-,10,4156.78157,2,2,-1.0,-1.0,-2.0,4.84,4156.8203,-0.038730000000214204,10,2,2,-1.0,-1.0,-2.0,True,,2.6e-05
15.0,-,11,4207.67679,2,2,-1.0,1.0,0.0,6.25,4207.7075,-0.030709999999999127,11,2,2,-1.0,1.0,0.0,True,,3.4e-05
15.0,-,12,4261.43192,2,2,-1.0,0.0,-1.0,9.61,4261.4819,-0.04997999999977765,12,2,2,-1.0,0.0,-1.0,True,,5.2e-05
15.0,-,13,5724.64013,2,3,-1.0,-1.0,-2.0,3.24,5724.6239,0.016230000000177824,13,2,3,-1.0,-1.0,-2.0,True,,1.7e-05
15.0,-,14,5775.02785,2,3,-1.0,1.0,0.0,2.56,5775.0186,0.009250000000065484,14,2,3,-1.0,1.0,0.0,True,,1.4e-05
15.0,-,16,5828.27711,2,3,-1.0,0.0,-1.0,2.89,5828.2906,-0.013490000000274449,16,2,3,-1.0,0.0,-1.0,True,,1.6e-05
15.0,-,19,7269.13544,2,4,-1.0,-1.0,-2.0,3.24,7269.0956,0.03984000000036758,19,2,4,-1.0,-1.0,-2.0,True,,1.7e-05
15.0,-,20,7319.02235,2,4,-1.0,1.0,0.0,1.44,7318.9876,0.03474999999980355,20,2,4,-1.0,1.0,0.0,True,,7.7e-06
15.0,-,21,7371.78532,2,4,-1.0,0.0,-1.0,2.56,7371.769,0.016319999999723223,21,2,4,-1.0,0.0,-1.0,True,,1.4e-05
15.0,-,25,8653.94312,3,0,-1.0,0.0,-1.0,1156.0,8653.943,0.00012000000060652383,25,3,0,-1.0,0.0,-1.0,True,,0.0062
15.0,-,26,8790.26754,2,5,-1.0,-1.0,-2.0,1.0,8790.2606,0.006940000001122826,26,2,5,-1.0,-1.0,-2.0,True,,5.4e-06
15.0,-,27,8839.61315,2,5,-1.0,1.0,0.0,1.0,8839.6103,0.002849999998943531,27,2,5,-1.0,1.0,0.0,True,,5.4e-06
15.0,-,28,8891.91192,2,5,-1.0,0.0,-1.0,1.21,8891.942,-0.030079999998633866,28,2,5,-1.0,0.0,-1.0,True,,6.5e-06
15.0,-,32,9737.6243,5,0,0.0,-1.0,-1.0,16.0,9737.5065,0.11779999999998836,32,5,0,0.0,-1.0,-1.0,True,,8.6e-05
15.0,-,33,10233.89673,3,1,-1.0,0.0,-1.0,9.0,10233.9012,-0.004469999999855645,33,3,1,-1.0,0.0,-1.0,True,,4.8e-05
15.0,-,34,10288.0511,2,6,-1.0,-1.0,-2.0,1.21,10288.0809,-0.029800000000250293,34,2,6,-1.0,-1.0,-2.0,True,,6.5e-06
15.0,-,35,10337.00564,2,6,-1.0,1.0,0.0,1.21,10337.025,-0.019360000000233413,35,2,6,-1.0,1.0,0.0,True,,6.5e-06
15.0,-,36,10388.69081,2,6,-1.0,0.0,-1.0,1.21,10388.7693,-0.07848999999987427,36,2,6,-1.0,0.0,-1.0,True,,6.5e-06
15.0,-,40,11758.3081,5,1,0.0,-1.0,-1.0,0.64,11761.4628,-3.1546999999991385,40,5,1,0.0,-1.0,-1.0,True,,3.4e-06
15.0,-,41,11766.38453,2,7,-1.0,0.0,-1.0,0.16,11763.3603,3.024229999999079,41,2,7,-1.0,0.0,-1.0,True,,8.6e-07
15.0,-,42,11789.61216,3,2,-1.0,0.0,-1.0,9.61,11789.6536,-0.041439999999056454,42,3,2,-1.0,0.0,-1.0,True,,5.2e-05
15.0,-,43,11813.65667,2,7,-1.0,1.0,0.0,0.16,11813.334,0.3226699999995617,43,2,7,-1.0,1.0,0.0,True,,8.6e-07
15.0,-,44,11862.27134,2,7,-1.0,-1.0,-2.0,0.16,11862.216,0.055339999998977873,44,2,7,-1.0,-1.0,-2.0,True,,8.6e-07
15.0,-,49,13213.50132,2,8,-1.0,-1.0,-2.0,0.36,13213.5408,-0.039480000001276494,49,2,8,-1.0,-1.0,-2.0,True,,1.9e-06
15.0,-,50,13261.25831,2,8,-1.0,1.0,0.0,0.49,13261.2698,-0.01149000000077649,50,2,8,-1.0,1.0,0.0,True,,2.6e-06
15.0,-,51,13312.12378,2,8,-1.0,0.0,-1.0,0.36,13312.2426,-0.11881999999968684,51,2,8,-1.0,0.0,-1.0,True,,1.9e-06
15.0,-,52,13321.03455,3,3,-1.0,0.0,-1.0,4.0,13321.0538,-0.019249999999374268,52,3,3,-1.0,0.0,-1.0,True,,2.2e-05
15.0,-,58,14641.27072,2,9,-1.0,-1.0,-2.0,0.03,14641.1902,0.08052000000134285,58,2,9,-1.0,-1.0,-2.0,True,,1.6e-07
15.0,-,59,14688.84121,2,9,-1.0,1.0,0.0,0.0237,14688.7673,0.07391000000097847,59,2,9,-1.0,1.0,0.0,True,,1.3e-07
15.0,-,60,14738.84529,2,9,-1.0,0.0,-1.0,0.03,14738.8971,-0.05181000000084168,60,2,9,-1.0,0.0,-1.0,True,,1.6e-07
15.0,-,61,14828.0952,3,4,-1.0,0.0,-1.0,4.84,14828.0983,-0.0030999999999039574,61,3,4,-1.0,0.0,-1.0,True,,2.6e-05
15.0,-,74,16310.70953,3,5,-1.0,0.0,-1.0,1.21,16310.7284,-0.018869999999878928,74,3,5,-1.0,0.0,-1.0,True,,6.5e-06
15.0,-,84,17768.7981,3,6,-1.0,0.0,-1.0,0.36,17768.8417,-0.043600000000878936,84,3,6,-1.0,0.0,-1.0,True,,1.9e-06
15.0,-,93,19202.2634,3,7,-1.0,0.0,-1.0,0.16,19202.296,-0.03259999999863794,93,3,7,-1.0,0.0,-1.0,True,,8.6e-07
15.0,-,106,20611.02168,3,8,-1.0,0.0,-1.0,0.04,20611.0532,-0.031519999996817205,106,3,8,-1.0,0.0,-1.0,True,,2.2e-07
16.0,+,1,492.10374,1,0,0.0,0.0,0.0,784.0,492.0997,0.004040000000031796,1,1,0,0.0,0.0,0.0,True,,0.0042
16.0,+,5,2314.62754,1,1,0.0,0.0,0.0,189.61,2314.627,0.0005400000000008731,5,1,1,0.0,0.0,0.0,True,,0.001
16.0,+,9,4108.78101,1,2,0.0,0.0,0.0,9.0,4108.804,-0.022990000000390864,9,1,2,0.0,0.0,0.0,True,,4.8e-05
16.0,+,15,5873.62061,1,3,0.0,0.0,0.0,3.61,5873.6446,-0.023989999999685097,15,1,3,0.0,0.0,0.0,True,,1.9e-05
16.0,+,17,6604.66655,4,0,0.0,1.0,1.0,529.0,6604.7019,-0.035350000000107684,17,4,0,0.0,1.0,1.0,True,,0.0028
16.0,+,18,6702.85715,4,0,0.0,0.0,0.0,529.0,6702.8195,0.03765000000021246,18,4,0,0.0,0.0,0.0,True,,0.0028
16.0,+,22,7607.97351,1,4,0.0,0.0,0.0,2.56,7607.9934,-0.019890000000486907,22,1,4,0.0,0.0,0.0,True,,1.4e-05
16.0,+,23,8048.88541,4,1,0.0,1.0,1.0,3.61,8048.9183,-0.03289000000040687,23,4,1,0.0,1.0,1.0,True,,1.9e-05
16.0,+,24,8145.99975,4,1,0.0,0.0,0.0,4.84,8145.9513,0.04845000000022992,24,4,1,0.0,0.0,0.0,True,,2.6e-05
16.0,+,29,9310.23774,1,5,0.0,0.0,0.0,0.36,9310.3019,-0.06415999999990163,29,1,5,0.0,0.0,0.0,True,,1.9e-06
16.0,+,30,9470.92985,4,2,0.0,1.0,1.0,5.76,9471.0155,-0.08564999999907741,30,4,2,0.0,1.0,1.0,True,,3.1e-05
16.0,+,31,9566.96918,4,2,0.0,0.0,0.0,6.76,9566.9621,0.007079999999405118,31,4,2,0.0,0.0,0.0,True,,3.6e-05
16.0,+,37,10870.84959,4,3,0.0,1.0,1.0,3.24,10870.9538,-0.10420999999951164,37,4,3,0.0,1.0,1.0,True,,1.7e-05
16.0,+,38,10965.77764,4,3,0.0,0.0,0.0,2.89,10965.7853,-0.0076599999993050005,38,4,3,0.0,0.0,0.0,True,,1.6e-05
16.0,+,39,10978.33193,1,6,0.0,0.0,0.0,0.25,10978.5491,-0.2171699999998964,39,1,6,0.0,0.0,0.0,True,,1.3e-06
16.0,+,45,12248.77997,4,4,0.0,1.0,1.0,1.96,12248.8602,-0.08022999999957392,45,4,4,0.0,1.0,1.0,True,,1.1e-05
16.0,+,46,12254.46392,7,0,2.0,0.0,2.0,36.0,12254.4286,0.03532000000086555,46,7,0,2.0,0.0,2.0,True,,0.00019
16.0,+,47,12342.66177,4,4,0.0,0.0,0.0,2.89,12342.6432,0.018570000000181608,47,4,4,0.0,0.0,0.0,True,,1.6e-05
16.0,+,53,13604.77341,4,5,0.0,1.0,1.0,1.96,13604.8166,-0.04319000000032247,53,4,5,0.0,1.0,1.0,True,,1.1e-05
16.0,+,54,13634.42112,7,1,2.0,0.0,2.0,0.36,13634.3854,0.035720000001674634,54,7,1,2.0,0.0,2.0,True,,1.9e-06
16.0,+,55,13697.56798,4,5,0.0,0.0,0.0,2.25,13697.5159,0.05207999999947788,55,4,5,0.0,0.0,0.0,True,,1.2e-05
16.0,+,62,14938.90044,4,6,0.0,1.0,1.0,0.64,14938.9421,-0.041660000000774744,62,4,6,0.0,1.0,1.0,True,,3.4e-06
16.0,+,63,14991.50171,7,2,2.0,0.0,2.0,0.36,14991.4795,0.022210000000995933,63,7,2,2.0,0.0,2.0,True,,1.9e-06
16.0,+,64,15030.53558,4,6,0.0,0.0,0.0,0.64,15030.558,-0.022420000001147855,64,4,6,0.0,0.0,0.0,True,,3.4e-06
16.0,+,65,15597.30027,8,0,0.0,0.0,0.0,36.0,15597.2837,0.016569999999774154,65,8,0,0.0,0.0,0.0,True,,0.00019
16.0,+,71,16251.28612,4,7,0.0,1.0,1.0,0.36,16251.3606,-0.07447999999931199,71,4,7,0.0,1.0,1.0,True,,1.9e-06
16.0,+,72,16325.7703,7,3,2.0,0.0,2.0,0.81,16325.7271,0.04320000000006985,72,7,3,2.0,0.0,2.0,True,,4.4e-06
16.0,+,73,16341.92909,4,7,0.0,0.0,0.0,0.49,16341.893,0.036089999999603606,73,4,7,0.0,0.0,0.0,True,,2.6e-06
16.0,+,75,17014.94223,8,1,0.0,0.0,0.0,0.25,17014.8713,0.07093000000168104,75,8,1,0.0,0.0,0.0,True,,1.3e-06
16.0,+,79,17541.99844,4,8,0.0,1.0,1.0,0.09,17542.1915,-0.19306000000142376,79,4,8,0.0,1.0,1.0,True,,4.8e-07
16.0,+,81,17631.5703,4,8,0.0,0.0,0.0,0.09,17631.6401,-0.06980000000112341,81,4,8,0.0,0.0,0.0,True,,4.8e-07
16.0,+,82,17637.28523,7,4,2.0,0.0,2.0,0.64,17637.2304,0.05483000000094762,82,7,4,2.0,0.0,2.0,True,,3.4e-06
16.0,+,85,18432.09017,8,2,0.0,0.0,0.0,0.04,18432.3636,-0.27343000000109896,85,8,2,0.0,0.0,0.0,True,,2.2e-07
16.0,+,91,18926.11306,7,5,2.0,0.0,2.0,0.36,18926.0641,0.04896000000007916,91,7,5,2.0,0.0,2.0,True,,1.9e-06
16.0,+,95,19850.89039,8,3,0.0,0.0,0.0,0.09,19850.7581,0.13229000000137603,95,8,3,0.0,0.0,0.0,True,,4.8e-07
16.0,+,100,20192.30172,7,6,2.0,0.0,2.0,0.25,20192.2138,0.08791999999812106,100,7,6,2.0,0.0,2.0,True,,1.3e-06
16.0,+,103,20408.08786,6,0,1.0,0.0,1.0,196.0,20408.0571,0.030759999997826526,103,6,0,1.0,0.0,1.0,True,,0.0011
16.0,+,104,20466.27779,6,0,1.0,-1.0,0.0,225.0,20466.3067,-0.02891000000090571,104,6,0,1.0,-1.0,0.0,True,,0.0012
16.0,+,105,20527.7757,6,0,1.0,1.0,2.0,196.0,20527.9572,-0.18150000000241562,105,6,0,1.0,1.0,2.0,True,,0.0011
16.0,+,111,21435.96389,7,7,2.0,0.0,2.0,0.25,21435.8804,0.0834900000008929,111,7,7,2.0,0.0,2.0,True,,1.3e-06
16.0,+,117,22156.94803,6,1,1.0,0.0,1.0,1.0,22156.8808,0.06723000000056345,117,6,1,1.0,0.0,1.0,True,,5.4e-06
16.0,+,118,22214.44102,6,1,1.0,-1.0,0.0,0.64,22214.4432,-0.0021800000031362288,118,6,1,1.0,-1.0,0.0,True,,3.4e-06
16.0,+,119,22275.24394,6,1,1.0,1.0,2.0,1.21,22275.4423,-0.19835999999850173,119,6,1,1.0,1.0,2.0,True,,6.5e-06
16.0,+,124,22657.14233,7,8,2.0,0.0,2.0,0.01,22656.9644,0.17792999999801395,124,7,8,2.0,0.0,2.0,True,,5.4e-08
16.0,+,134,23868.74614,6,2,1.0,0.0,1.0,0.09,23869.5357,-0.7895600000010745,134,6,2,1.0,0.0,1.0,True,,4.8e-07
16.0,+,135,23925.05376,6,2,1.0,-1.0,0.0,0.49,23925.2174,-0.1636400000024878,135,6,2,1.0,-1.0,0.0,True,,2.6e-06
16.0,+,136,23985.0682,6,2,1.0,1.0,2.0,0.16,23985.2766,-0.20839999999952852,136,6,2,1.0,1.0,2.0,True,,8.6e-07
16.0,+,151,25538.54541,6,3,1.0,0.0,1.0,2.25,25538.4367,0.10871000000042841,151,6,3,1.0,0.0,1.0,True,,1.2e-05
16.0,+,152,25594.55044,6,3,1.0,-1.0,0.0,2.89,25594.5044,0.04603999999744701,152,6,3,1.0,-1.0,0.0,True,,1.6e-05
16.0,+,153,25653.78229,6,3,1.0,1.0,2.0,1.96,25654.021,-0.23871000000144704,153,6,3,1.0,1.0,2.0,True,,1.1e-05
16.0,+,166,27164.09164,6,4,1.0,0.0,1.0,0.011,27163.8089,0.2827399999987392,166,6,4,1.0,0.0,1.0,True,,5.9e-08
16.0,+,168,27218.73964,6,4,1.0,-1.0,0.0,0.011,27218.5161,0.22353999999904772,168,6,4,1.0,-1.0,0.0,True,,5.9e-08
16.0,+,169,27277.3188,6,4,1.0,1.0,2.0,0.011,27278.0019,-0.683099999998376,169,6,4,1.0,1.0,2.0,True,,5.9e-08
16.0,+,182,28737.7584,6,5,1.0,0.0,1.0,0.64,28737.6631,0.0952999999972235,182,6,5,1.0,0.0,1.0,True,,3.4e-06
16.0,+,183,28791.99214,6,5,1.0,-1.0,0.0,0.49,28791.9441,0.048039999997854466,183,6,5,1.0,-1.0,0.0,True,,2.6e-06
16.0,+,185,28849.39255,6,5,1.0,1.0,2.0,0.49,28849.6874,-0.2948499999984051,184,6,5,1.0,1.0,2.0,True,,2.6e-06
16.0,+,199,30253.61894,6,6,1.0,0.0,1.0,0.16,30253.4841,0.13483999999880325,199,6,6,1.0,0.0,1.0,True,,8.6e-07
16.0,+,201,30307.37361,6,6,1.0,-1.0,0.0,0.36,30307.289,0.08460999999806518,201,6,6,1.0,-1.0,0.0,True,,1.9e-06
16.0,+,202,30362.81831,6,6,1.0,1.0,2.0,0.09,30361.7245,1.0938099999984843,203,6,6,1.0,1.0,2.0,True,,4.8e-07
16.0,+,215,31704.70901,6,7,1.0,0.0,1.0,0.16,31704.6257,0.08330999999816413,215,6,7,1.0,0.0,1.0,True,,8.6e-07
16.0,+,216,31756.64576,6,7,1.0,-1.0,0.0,0.09,31756.6091,0.03665999999793712,216,6,7,1.0,-1.0,0.0,True,,4.8e-07
16.0,+,217,31811.75083,6,7,1.0,1.0,2.0,0.25,31812.1792,-0.42836999999781256,217,6,7,1.0,1.0,2.0,True,,1.3e-06
16.0,+,229,33079.89618,6,8,1.0,0.0,1.0,0.09,33079.8664,0.029780000004393514,229,6,8,1.0,0.0,1.0,True,,4.8e-07
16.0,+,230,33130.80465,6,8,1.0,-1.0,0.0,0.16,33130.7716,0.03304999999818392,230,6,8,1.0,-1.0,0.0,True,,8.6e-07
16.0,+,231,33184.34139,6,8,1.0,1.0,2.0,0.09,33184.288,0.05339000000094529,231,6,8,1.0,1.0,2.0,True,,4.8e-07
16.0,+,244,34373.78064,6,9,1.0,1.0,2.0,0.0015,34375.2526,-1.471960000002582,243,6,9,1.0,0.0,1.0,False,,8.1e-09
16.0,+,247,34422.9417,6,9,1.0,-1.0,0.0,0.0033,34422.7538,0.18790000000444707,245,6,9,1.0,-1.0,0.0,True,,1.8e-08
16.0,+,250,34476.47633,6,9,1.0,0.0,1.0,0.0033,34477.4507,-0.974370000003546,246,6,9,1.0,1.0,2.0,False,,1.8e-08
16.0,+,263,35583.6341,6,10,1.0,0.0,1.0,0.0051,35583.6501,-0.01599999999598367,260,6,10,1.0,0.0,1.0,True,,2.7e-08
16.0,+,264,35631.43137,6,10,1.0,-1.0,0.0,0.0051,35631.3369,0.09446999999636319,261,6,10,1.0,-1.0,0.0,True,,2.7e-08
16.0,+,265,35681.85568,6,10,1.0,1.0,2.0,0.0028,35682.261,-0.4053199999980279,262,6,10,1.0,1.0,2.0,True,,1.5e-08
16.0,-,1,999.92335,2,0,-1.0,-1.0,-2.0,400.0,999.9262,-0.0028499999999667125,1,2,0,-1.0,-1.0,-2.0,True,,0.0022
16.0,-,2,1055.47919,2,0,-1.0,1.0,0.0,576.0,1055.4778,0.0013900000001285662,2,2,0,-1.0,1.0,0.0,True,,0.0031
16.0,-,3,1113.12711,2,0,-1.0,0.0,-1.0,400.0,1113.1288,-0.00169000000005326,3,2,0,-1.0,0.0,-1.0,True,,0.0022
16.0,-,4,2613.93536,2,1,-1.0,-1.0,-2.0,6.76,2613.9343,0.0010600000000522414,4,2,1,-1.0,-1.0,-2.0,True,,3.6e-05
16.0,-,5,2668.98433,2,1,-1.0,1.0,0.0,13.69,2668.9766,0.007730000000265136,5,2,1,-1.0,1.0,0.0,True,,7.4e-05
16.0,-,6,2726.07929,2,1,-1.0,0.0,-1.0,7.29,2726.0581,0.021189999999933207,6,2,1,-1.0,0.0,-1.0,True,,3.9e-05
16.0,-,7,4204.60506,2,2,-1.0,-1.0,-2.0,5.29,4204.661,-0.0559400000001915,7,2,2,-1.0,-1.0,-2.0,True,,2.8e-05
16.0,-,8,4259.15984,2,2,-1.0,1.0,0.0,7.84,4259.1958,-0.0359600000001592,8,2,2,-1.0,1.0,0.0,True,,4.2e-05
16.0,-,9,4315.69158,2,2,-1.0,0.0,-1.0,5.76,4315.7006,-0.009020000000418804,9,2,2,-1.0,0.0,-1.0,True,,3.1e-05
16.0,-,10,5771.92359,2,3,-1.0,-1.0,-2.0,2.89,5771.9516,-0.02800999999999476,10,2,3,-1.0,-1.0,-2.0,True,,1.6e-05
16.0,-,11,5825.98892,2,3,-1.0,1.0,0.0,5.29,5825.9843,0.004619999999704305,11,2,3,-1.0,1.0,0.0,True,,2.8e-05
16.0,-,12,5881.94772,2,3,-1.0,0.0,-1.0,2.89,5881.9045,0.0432200000004741,12,2,3,-1.0,0.0,-1.0,True,,1.6e-05
16.0,-,14,7315.88004,2,4,-1.0,-1.0,-2.0,1.44,7315.9023,-0.022259999999732827,14,2,4,-1.0,-1.0,-2.0,True,,7.7e-06
16.0,-,15,7369.46213,2,4,-1.0,1.0,0.0,3.61,7369.4409,0.021230000000286964,15,2,4,-1.0,1.0,0.0,True,,1.9e-05
16.0,-,16,7424.84495,2,4,-1.0,0.0,-1.0,2.89,7424.7585,0.08644999999978609,16,2,4,-1.0,0.0,-1.0,True,,1.6e-05
16.0,-,18,8705.34705,3,0,-1.0,0.0,-1.0,576.0,8705.2936,0.053449999999429565,18,3,0,-1.0,0.0,-1.0,True,,0.0031
16.0,-,19,8836.40368,2,5,-1.0,-1.0,-2.0,0.64,8836.5199,-0.11621999999988475,19,2,5,-1.0,-1.0,-2.0,True,,3.4e-06
16.0,-,20,8889.55441,2,5,-1.0,1.0,0.0,1.44,8889.59,-0.03558999999950174,20,2,5,-1.0,1.0,0.0,True,,7.7e-06
16.0,-,21,8944.33027,2,5,-1.0,0.0,-1.0,0.64,8944.2395,0.09077000000070257,21,2,5,-1.0,0.0,-1.0,True,,3.4e-06
16.0,-,23,9737.92203,5,0,0.0,-1.0,-1.0,1.0,9737.6376,0.284429999999702,23,5,0,0.0,-1.0,-1.0,True,,5.4e-06
16.0,-,25,10284.75199,3,1,-1.0,0.0,-1.0,5.29,10284.7058,0.04619000000093365,25,3,1,-1.0,0.0,-1.0,True,,2.8e-05
16.0,-,26,10333.82824,2,6,-1.0,-1.0,-2.0,1.21,10333.8773,-0.04905999999937194,26,2,6,-1.0,-1.0,-2.0,True,,6.5e-06
16.0,-,27,10386.33552,2,6,-1.0,1.0,0.0,1.69,10386.394,-0.058479999999690335,27,2,6,-1.0,1.0,0.0,True,,9.1e-06
16.0,-,28,10440.63123,2,6,-1.0,0.0,-1.0,1.0,10440.6059,0.025330000000394648,28,2,6,-1.0,0.0,-1.0,True,,5.4e-06
16.0,-,30,11761.05447,5,1,0.0,-1.0,-1.0,0.25,11763.1584,-2.103930000001128,30,5,1,0.0,-1.0,-1.0,True,,1.3e-06
16.0,-,31,11811.96829,2,7,-1.0,-1.0,-2.0,0.16,11809.4282,2.5400900000004185,31,2,7,-1.0,-1.0,-2.0,True,,8.6e-07
16.0,-,32,11839.92256,3,2,-1.0,0.0,-1.0,4.41,11839.9048,0.017760000000635046,32,3,2,-1.0,0.0,-1.0,True,,2.4e-05
16.0,-,33,11859.46661,2,7,-1.0,1.0,0.0,0.25,11859.7355,-0.2688900000011927,33,2,7,-1.0,1.0,0.0,True,,1.3e-06
16.0,-,34,11886.20125,5,1,0.0,0.0,0.0,0.25,11884.0157,2.1855500000001484,34,5,1,0.0,0.0,0.0,True,,1.3e-06
16.0,-,35,11918.4978,2,7,-1.0,0.0,-1.0,0.16,11920.021,-1.5232000000014523,35,2,7,-1.0,0.0,-1.0,True,,8.6e-07
16.0,-,38,13257.91602,2,8,-1.0,-1.0,-2.0,0.81,13258.1526,-0.2365799999988667,38,2,8,-1.0,-1.0,-2.0,True,,4.4e-06
16.0,-,39,13309.69082,2,8,-1.0,1.0,0.0,0.49,13309.8111,-0.12028000000100292,39,2,8,-1.0,1.0,0.0,True,,2.6e-06
16.0,-,40,13362.66668,2,8,-1.0,0.0,-1.0,0.64,13362.4777,0.18898000000081083,40,2,8,-1.0,0.0,-1.0,True,,3.4e-06
16.0,-,41,13370.7915,3,3,-1.0,0.0,-1.0,2.56,13370.76,0.03149999999914144,41,3,3,-1.0,0.0,-1.0,True,,1.4e-05
16.0,-,46,14685.6341,2,9,-1.0,-1.0,-2.0,0.03,14685.4938,0.14029999999911524,46,2,9,-1.0,-1.0,-2.0,True,,1.6e-07
16.0,-,47,14736.44878,2,9,-1.0,1.0,0.0,0.037,14736.4419,0.006880000000819564,47,2,9,-1.0,1.0,0.0,True,,2e-07
16.0,-,48,14789.16149,2,9,-1.0,0.0,-1.0,0.0181,14789.0782,0.08329000000048836,48,2,9,-1.0,0.0,-1.0,True,,9.7e-08
16.0,-,49,14877.29441,3,4,-1.0,0.0,-1.0,1.0,14877.2533,0.041110000000117,49,3,4,-1.0,0.0,-1.0,True,,5.4e-06
16.0,-,59,16359.34522,3,5,-1.0,0.0,-1.0,0.49,16359.3302,0.015019999998912681,59,3,5,-1.0,0.0,-1.0,True,,2.6e-06
16.0,-,67,17816.87514,3,6,-1.0,0.0,-1.0,0.09,17816.91,-0.0348599999997532,67,3,6,-1.0,0.0,-1.0,True,,4.8e-07
16.0,-,73,19249.78079,3,7,-1.0,0.0,-1.0,0.04,19249.7823,-0.0015099999982339796,73,3,7,-1.0,0.0,-1.0,True,,2.2e-07
16.0,-,84,20657.97171,3,8,-1.0,0.0,-1.0,0.01,20657.9766,-0.004890000000159489,84,3,8,-1.0,0.0,-1.0,True,,5.4e-08
17.0,+,13,6702.98784,4,0,0.0,1.0,1.0,900.0,6702.837,0.1508399999993344,13,4,0,0.0,1.0,1.0,True,,0.0048
17.0,+,17,8146.127,4,1,0.0,1.0,1.0,6.25,8145.9718,0.15520000000014988,17,4,1,0.0,1.0,1.0,True,,3.4e-05
17.0,+,22,9567.09632,4,2,0.0,1.0,1.0,4.84,9566.9856,0.11072000000058324,22,4,2,0.0,1.0,1.0,True,,2.6e-05
17.0,+,29,10965.95116,4,3,0.0,1.0,1.0,4.0,10965.8591,0.09206000000085623,29,4,3,0.0,1.0,1.0,True,,2.2e-05
17.0,+,36,12303.8212,7,0,2.0,0.0,2.0,25.0,12303.7839,0.037299999999959255,36,7,0,2.0,0.0,2.0,True,,0.00013
17.0,+,37,12342.80425,4,4,0.0,1.0,1.0,1.69,12342.6812,0.12304999999832944,37,4,4,0.0,1.0,1.0,True,,9.1e-06
17.0,+,42,13683.2043,7,1,2.0,0.0,2.0,0.36,13683.1651,0.03919999999925494,42,7,1,2.0,0.0,2.0,True,,1.9e-06
17.0,+,43,13697.70189,4,5,0.0,1.0,1.0,2.25,13697.5586,0.14328999999997905,43,4,5,0.0,1.0,1.0,True,,1.2e-05
17.0,+,50,15030.76343,4,6,0.0,1.0,1.0,0.81,15030.6063,0.1571300000014162,50,4,6,0.0,1.0,1.0,True,,4.4e-06
17.0,+,51,15039.71329,7,2,2.0,0.0,2.0,0.25,15039.684,0.02929000000040105,51,7,2,2.0,0.0,2.0,True,,1.3e-06
17.0,+,57,16342.05206,4,7,0.0,1.0,1.0,0.49,16341.9473,0.10476000000016938,57,4,7,0.0,1.0,1.0,True,,2.6e-06
17.0,+,58,16373.40137,7,3,2.0,0.0,2.0,0.81,16373.3569,0.04446999999890977,58,7,3,2.0,0.0,2.0,True,,4.4e-06
17.0,+,63,17631.69357,4,8,0.0,1.0,1.0,0.09,17631.7007,-0.00713000000177999,63,4,8,0.0,1.0,1.0,True,,4.8e-07
17.0,+,64,17684.34464,7,4,2.0,0.0,2.0,0.49,17684.2854,0.059239999998681014,64,7,4,2.0,0.0,2.0,True,,2.6e-06
17.0,+,71,18972.59294,7,5,2.0,0.0,2.0,0.25,18972.5442,0.04873999999836087,71,7,5,2.0,0.0,2.0,True,,1.3e-06
17.0,+,78,20238.20802,7,6,2.0,0.0,2.0,0.36,20238.1217,0.08631999999852269,78,7,6,2.0,0.0,2.0,True,,1.9e-06
17.0,+,81,20463.91388,6,0,1.0,0.0,1.0,256.0,20463.9566,-0.04272000000128173,81,6,0,1.0,0.0,1.0,True,,0.0014
17.0,+,82,20526.21825,6,0,1.0,-1.0,0.0,225.0,20526.3201,-0.1018499999991036,82,6,0,1.0,-1.0,0.0,True,,0.0012
17.0,+,83,20590.65524,6,0,1.0,1.0,2.0,225.0,20590.6601,-0.004860000000917353,83,6,0,1.0,1.0,2.0,True,,0.0012
17.0,+,86,21481.30262,7,7,2.0,0.0,2.0,0.16,21481.2078,0.09481999999843538,86,7,7,2.0,0.0,2.0,True,,8.6e-07
17.0,+,93,22212.10803,6,1,1.0,0.0,1.0,0.49,22212.1223,-0.01426999999966938,93,6,1,1.0,0.0,1.0,True,,2.6e-06
17.0,+,94,22273.71412,6,1,1.0,-1.0,0.0,0.64,22273.7907,-0.0765800000008312,94,6,1,1.0,-1.0,0.0,True,,3.4e-06
17.0,+,95,22337.40176,6,1,1.0,1.0,2.0,0.64,22337.3969,0.004860000000917353,95,6,1,1.0,1.0,2.0,True,,3.4e-06
17.0,+,97,22701.87782,7,8,2.0,0.0,2.0,0.01,22701.7136,0.16422000000238768,97,7,8,2.0,0.0,2.0,True,,5.4e-08
17.0,+,106,23922.91201,6,2,1.0,0.0,1.0,0.16,23923.4645,-0.5524899999982154,106,6,2,1.0,0.0,1.0,True,,8.6e-07
17.0,+,107,23983.56662,6,2,1.0,-1.0,0.0,0.16,23983.9597,-0.39307999999800813,107,6,2,1.0,-1.0,0.0,True,,8.6e-07
17.0,+,108,24046.43414,6,2,1.0,1.0,2.0,0.25,24046.4357,-0.0015600000006088521,108,6,2,1.0,1.0,2.0,True,,1.3e-06
17.0,+,120,25592.23514,6,3,1.0,0.0,1.0,1.44,25592.2267,0.008440000001428416,120,6,3,1.0,0.0,1.0,True,,7.7e-06
17.0,+,121,25652.30335,6,3,1.0,-1.0,0.0,2.56,25652.3809,-0.0775500000017928,121,6,3,1.0,-1.0,0.0,True,,1.4e-05
17.0,+,122,25714.3071,6,3,1.0,1.0,2.0,1.69,25714.2998,0.007300000001123408,122,6,3,1.0,1.0,2.0,True,,9.1e-06
17.0,+,132,27216.4871,6,4,1.0,0.0,1.0,0.64,27216.3348,0.152299999997922,132,6,4,1.0,0.0,1.0,True,,3.4e-06
17.0,+,133,27275.93252,6,4,1.0,-1.0,0.0,0.36,27276.1282,-0.1956800000007206,133,6,4,1.0,-1.0,0.0,True,,1.9e-06
17.0,+,134,27336.67173,6,4,1.0,1.0,2.0,0.16,27336.4771,0.194629999998142,134,6,4,1.0,1.0,2.0,True,,8.6e-07
17.0,+,145,28789.74697,6,5,1.0,0.0,1.0,0.36,28789.7541,-0.0071299999981420115,145,6,5,1.0,0.0,1.0,True,,1.9e-06
17.0,+,146,28847.97527,6,5,1.0,-1.0,0.0,0.49,28848.1032,-0.12793000000237953,146,6,5,1.0,-1.0,0.0,True,,2.6e-06
17.0,+,148,28908.0071,6,5,1.0,1.0,2.0,0.25,28908.0165,-0.009400000002642628,147,6,5,1.0,1.0,2.0,True,,1.3e-06
17.0,+,158,30305.30678,6,6,1.0,0.0,1.0,0.36,30305.1558,0.15097999999852618,158,6,6,1.0,0.0,1.0,True,,1.9e-06
17.0,+,159,30361.47937,6,6,1.0,-1.0,0.0,0.16,30360.7381,0.7412700000022596,159,6,6,1.0,-1.0,0.0,True,,8.6e-07
17.0,+,161,30422.17664,6,6,1.0,1.0,2.0,0.16,30421.212,0.9646400000019639,162,6,6,1.0,1.0,2.0,True,,8.6e-07
17.0,+,170,31754.49801,6,7,1.0,0.0,1.0,0.25,31754.547,-0.0489899999993213,170,6,7,1.0,0.0,1.0,True,,1.3e-06
17.0,+,171,31810.45714,6,7,1.0,-1.0,0.0,0.36,31810.6671,-0.20996000000013737,171,6,7,1.0,-1.0,0.0,True,,1.9e-06
17.0,+,173,31867.90907,6,7,1.0,1.0,2.0,0.09,31867.9755,-0.06642999999894528,173,6,7,1.0,1.0,2.0,True,,4.8e-07
17.0,+,181,33128.7161,6,8,1.0,0.0,1.0,0.09,33128.7856,-0.06950000000506407,181,6,8,1.0,0.0,1.0,True,,4.8e-07
17.0,+,182,33182.98713,6,8,1.0,-1.0,0.0,0.09,33182.9916,-0.004469999999855645,182,6,8,1.0,-1.0,0.0,True,,4.8e-07
17.0,+,183,33239.2805,6,8,1.0,1.0,2.0,0.16,33239.3252,-0.04469999999855645,183,6,8,1.0,1.0,2.0,True,,8.6e-07
17.0,+,194,34420.56205,6,9,1.0,0.0,1.0,0.0059,34420.8497,-0.28764999999839347,193,6,9,1.0,0.0,1.0,True,,3.2e-08
17.0,+,196,34475.66188,6,9,1.0,1.0,2.0,0.0059,34475.6228,0.0390800000022864,194,6,9,1.0,-1.0,0.0,False,,3.2e-08
17.0,+,199,34528.31376,6,9,1.0,-1.0,0.0,0.0059,34528.1445,0.16925999999511987,196,6,9,1.0,1.0,2.0,False,,3.2e-08
17.0,+,209,35629.30076,6,10,1.0,0.0,1.0,0.0051,35629.536,-0.23524000000179512,206,6,10,1.0,0.0,1.0,True,,2.7e-08
17.0,+,210,35680.67374,6,10,1.0,-1.0,0.0,0.0051,35680.9926,-0.31885999999940395,207,6,10,1.0,-1.0,0.0,True,,2.7e-08
17.0,+,211,35733.52009,6,10,1.0,1.0,2.0,0.0028,35733.5579,-0.037810000001627486,209,6,10,1.0,1.0,2.0,True,,1.5e-08
17.0,-,2,1051.95943,2,0,-1.0,-1.0,-2.0,441.0,1051.9643,-0.0048699999999826105,2,2,0,-1.0,-1.0,-2.0,True,,0.0024
17.0,-,3,1109.79786,2,0,-1.0,1.0,0.0,441.0,1109.7932,0.0046599999998306885,3,2,0,-1.0,1.0,0.0,True,,0.0024
17.0,-,4,1170.83891,2,0,-1.0,0.0,-1.0,484.0,1170.8479,-0.0089900000000398,4,2,0,-1.0,0.0,-1.0,True,,0.0026
17.0,-,6,2665.45741,2,1,-1.0,-1.0,-2.0,7.84,2665.4496,0.007810000000063155,6,2,1,-1.0,-1.0,-2.0,True,,4.2e-05
17.0,-,7,2722.74358,2,1,-1.0,1.0,0.0,9.61,2722.7231,0.02047999999967942,7,2,1,-1.0,1.0,0.0,True,,5.2e-05
17.0,-,8,2783.20498,2,1,-1.0,0.0,-1.0,9.61,2783.2006,0.0043799999998554995,8,2,1,-1.0,0.0,-1.0,True,,5.2e-05
17.0,-,10,4255.61805,2,2,-1.0,-1.0,-2.0,6.25,4255.6535,-0.035450000000309956,10,2,2,-1.0,-1.0,-2.0,True,,3.4e-05
17.0,-,11,4312.33786,2,2,-1.0,1.0,0.0,6.76,4312.3662,-0.028340000000753207,11,2,2,-1.0,1.0,0.0,True,,3.6e-05
17.0,-,12,4372.22733,2,2,-1.0,0.0,-1.0,9.0,4372.2694,-0.042070000000421715,12,2,2,-1.0,0.0,-1.0,True,,4.8e-05
17.0,-,13,5822.4399,2,3,-1.0,-1.0,-2.0,2.25,5822.4251,0.014799999999922875,13,2,3,-1.0,-1.0,-2.0,True,,1.2e-05
17.0,-,14,5878.58238,2,3,-1.0,1.0,0.0,3.24,5878.5719,0.01047999999991589,14,2,3,-1.0,1.0,0.0,True,,1.7e-05
17.0,-,16,5937.89684,2,3,-1.0,0.0,-1.0,2.89,5937.9093,-0.012459999999919091,16,2,3,-1.0,0.0,-1.0,True,,1.6e-05
17.0,-,19,7365.8997,2,4,-1.0,-1.0,-2.0,1.96,7365.8633,0.0363999999999578,19,2,4,-1.0,-1.0,-2.0,True,,1.1e-05
17.0,-,20,7421.45554,2,4,-1.0,1.0,0.0,1.69,7421.4311,0.02444000000014057,20,2,4,-1.0,1.0,0.0,True,,9.1e-06
17.0,-,21,7480.22343,2,4,-1.0,0.0,-1.0,3.24,7480.2169,0.006529999999656866,21,2,4,-1.0,0.0,-1.0,True,,1.7e-05
17.0,-,25,8759.83969,3,0,-1.0,0.0,-1.0,1156.0,8759.8391,0.000590000001466251,25,3,0,-1.0,0.0,-1.0,True,,0.0062
17.0,-,26,8885.99334,2,5,-1.0,-1.0,-2.0,0.64,8885.9929,0.0004400000016175909,26,2,5,-1.0,-1.0,-2.0,True,,3.4e-06
17.0,-,27,8940.91269,2,5,-1.0,1.0,0.0,0.81,8940.9333,-0.020610000001397566,27,2,5,-1.0,1.0,0.0,True,,4.4e-06
17.0,-,28,8999.16232,2,5,-1.0,0.0,-1.0,1.0,8999.2164,-0.05407999999988533,28,2,5,-1.0,0.0,-1.0,True,,5.4e-06
17.0,-,32,9864.24792,5,0,0.0,-1.0,-1.0,9.0,9864.1742,0.0737200000003213,32,5,0,0.0,-1.0,-1.0,True,,4.8e-05
17.0,-,33,10338.67035,3,1,-1.0,0.0,-1.0,10.24,10338.6707,-0.0003500000002532033,33,3,1,-1.0,0.0,-1.0,True,,5.5e-05
17.0,-,34,10382.74619,2,6,-1.0,-1.0,-2.0,0.81,10382.7746,-0.028410000000803848,34,2,6,-1.0,-1.0,-2.0,True,,4.4e-06
17.0,-,35,10437.23065,2,6,-1.0,1.0,0.0,1.69,10437.2599,-0.029249999999592546,35,2,6,-1.0,1.0,0.0,True,,9.1e-06
17.0,-,36,10494.77239,2,6,-1.0,0.0,-1.0,1.69,10494.8665,-0.09411000000000058,36,2,6,-1.0,0.0,-1.0,True,,9.1e-06
17.0,-,40,11855.56119,2,7,-1.0,-1.0,-2.0,0.36,11856.1378,-0.5766100000000733,40,2,7,-1.0,-1.0,-2.0,True,,1.9e-06
17.0,-,41,11884.21194,5,1,0.0,-1.0,-1.0,0.25,11884.4309,-0.21896000000015192,41,5,1,0.0,-1.0,-1.0,True,,1.3e-06
17.0,-,42,11893.25911,3,2,-1.0,0.0,-1.0,10.24,11893.296,-0.03688999999940279,42,3,2,-1.0,0.0,-1.0,True,,5.5e-05
17.0,-,43,11916.72957,2,7,-1.0,1.0,0.0,0.16,11915.7094,1.02016999999978,43,2,7,-1.0,1.0,0.0,True,,8.6e-07
17.0,-,44,11967.21353,2,7,-1.0,0.0,-1.0,0.25,11967.1331,0.08043000000179745,44,2,7,-1.0,0.0,-1.0,True,,1.3e-06
17.0,-,49,13306.08895,2,8,-1.0,-1.0,-2.0,0.36,13306.1471,-0.05815000000075088,49,2,8,-1.0,-1.0,-2.0,True,,1.9e-06
17.0,-,50,13359.17572,2,8,-1.0,1.0,0.0,0.64,13359.2234,-0.04768000000149186,50,2,8,-1.0,1.0,0.0,True,,3.4e-06
17.0,-,51,13415.83734,2,8,-1.0,0.0,-1.0,0.49,13415.9727,-0.13536000000021886,51,2,8,-1.0,0.0,-1.0,True,,2.6e-06
17.0,-,52,13423.5438,3,3,-1.0,0.0,-1.0,4.0,13423.5577,-0.01389999999992142,52,3,3,-1.0,0.0,-1.0,True,,2.2e-05
17.0,-,58,14732.79829,2,9,-1.0,-1.0,-2.0,0.03,14732.7491,0.04918999999972584,58,2,9,-1.0,-1.0,-2.0,True,,1.6e-07
17.0,-,59,14785.73456,2,9,-1.0,1.0,0.0,0.03,14785.6732,0.06136000000151398,59,2,9,-1.0,1.0,0.0,True,,1.6e-07
17.0,-,60,14841.25867,2,9,-1.0,0.0,-1.0,0.0237,14841.4392,-0.18053000000145403,60,2,9,-1.0,0.0,-1.0,True,,1.3e-07
17.0,-,61,14929.45881,3,4,-1.0,0.0,-1.0,3.61,14929.4655,-0.006690000000162399,61,3,4,-1.0,0.0,-1.0,True,,1.9e-05
17.0,-,74,16410.9198,3,5,-1.0,0.0,-1.0,1.0,16410.9545,-0.03470000000015716,74,3,5,-1.0,0.0,-1.0,True,,5.4e-06
17.0,-,84,17867.85701,3,6,-1.0,0.0,-1.0,0.25,17867.9264,-0.06939000000056694,84,3,6,-1.0,0.0,-1.0,True,,1.3e-06
17.0,-,93,19300.15361,3,7,-1.0,0.0,-1.0,0.01,19300.2214,-0.0677899999973306,93,3,7,-1.0,0.0,-1.0,True,,5.4e-08
17.0,-,106,20707.73201,3,8,-1.0,0.0,-1.0,0.01,20707.8175,-0.08549000000130036,106,3,8,-1.0,0.0,-1.0,True,,5.4e-08
18.0,+,1,618.57675,1,0,0.0,0.0,0.0,676.0,618.5748,0.0019499999999652573,1,1,0,0.0,0.0,0.0,True,,0.0036
18.0,+,5,2439.82581,1,1,0.0,0.0,0.0,110.24,2439.8262,-0.00039000000015221303,5,1,1,0.0,0.0,0.0,True,,0.00059
18.0,+,9,4232.67903,1,2,0.0,0.0,0.0,10.24,4232.7141,-0.03506999999990512,9,1,2,0.0,0.0,0.0,True,,5.5e-05
18.0,+,15,5996.19491,1,3,0.0,0.0,0.0,2.89,5996.2398,-0.04489000000012311,15,1,3,0.0,0.0,0.0,True,,1.6e-05
18.0,+,17,6702.815,4,0,0.0,1.0,1.0,400.0,6702.8538,-0.038800000000264845,17,4,0,0.0,1.0,1.0,True,,0.0022
18.0,+,18,6812.84197,4,0,0.0,0.0,0.0,225.0,6812.8003,0.04167000000052212,18,4,0,0.0,0.0,0.0,True,,0.0012
18.0,+,22,7729.17534,1,4,0.0,0.0,0.0,1.96,7729.2373,-0.06195999999999913,22,1,4,0.0,0.0,0.0,True,,1.1e-05
18.0,+,23,8145.97661,4,1,0.0,1.0,1.0,2.89,8145.9919,-0.01529000000027736,23,4,1,0.0,1.0,1.0,True,,1.6e-05
18.0,+,24,8254.77528,4,1,0.0,0.0,0.0,3.61,8254.7222,0.053079999999681604,24,4,1,0.0,0.0,0.0,True,,1.9e-05
18.0,+,29,9430.01779,1,5,0.0,0.0,0.0,0.09,9430.1439,-0.12610999999924388,29,1,5,0.0,0.0,0.0,True,,4.8e-07
18.0,+,30,9566.92595,4,2,0.0,1.0,1.0,4.84,9567.0124,-0.08644999999887659,30,4,2,0.0,1.0,1.0,True,,2.6e-05
18.0,+,31,9674.53257,4,2,0.0,0.0,0.0,3.61,9674.5235,0.009070000000065193,31,4,2,0.0,0.0,0.0,True,,1.9e-05
18.0,+,37,10965.77143,4,3,0.0,1.0,1.0,2.56,10965.8719,-0.10046999999940454,37,4,3,0.0,1.0,1.0,True,,1.4e-05
18.0,+,38,11072.16141,4,3,0.0,0.0,0.0,2.89,11072.1566,0.00481000000036147,38,4,3,0.0,0.0,0.0,True,,1.6e-05
18.0,+,39,11096.61174,1,6,0.0,0.0,0.0,0.25,11096.9038,-0.29205999999976484,39,1,6,0.0,0.0,0.0,True,,1.3e-06
18.0,+,45,12342.62039,4,4,0.0,1.0,1.0,1.69,12342.6999,-0.07950999999957276,45,4,4,0.0,1.0,1.0,True,,9.1e-06
18.0,+,46,12356.06361,7,0,2.0,0.0,2.0,36.0,12356.0265,0.03710999999930209,46,7,0,2.0,0.0,2.0,True,,0.00019
18.0,+,47,12447.81021,4,4,0.0,0.0,0.0,2.25,12447.7862,0.024009999999179854,47,4,4,0.0,0.0,0.0,True,,1.2e-05
18.0,+,53,13697.52097,4,5,0.0,1.0,1.0,2.25,13697.5791,-0.05813000000125612,53,4,5,0.0,1.0,1.0,True,,1.2e-05
18.0,+,54,13734.83948,7,1,2.0,0.0,2.0,0.25,13734.7981,0.04138000000057218,54,7,1,2.0,0.0,2.0,True,,1.3e-06
18.0,+,55,13801.50835,4,5,0.0,0.0,0.0,2.25,13801.4504,0.057950000000346336,55,4,5,0.0,0.0,0.0,True,,1.2e-05
18.0,+,62,15030.58969,4,6,0.0,1.0,1.0,0.49,15030.6278,-0.03810999999950582,62,4,6,0.0,1.0,1.0,True,,2.6e-06
18.0,+,63,15090.74095,7,2,2.0,0.0,2.0,0.25,15090.7079,0.03305000000000291,63,7,2,2.0,0.0,2.0,True,,1.3e-06
18.0,+,64,15133.34522,4,6,0.0,0.0,0.0,0.81,15133.2843,0.06091999999989639,64,4,6,0.0,0.0,0.0,True,,4.4e-06
18.0,+,65,15700.28526,8,0,0.0,0.0,0.0,36.0,15700.268,0.017260000000533182,65,8,0,0.0,0.0,0.0,True,,0.00019
18.0,+,71,16341.86877,4,7,0.0,1.0,1.0,0.36,16341.97,-0.1012300000002142,71,4,7,0.0,1.0,1.0,True,,1.9e-06
18.0,+,72,16423.82522,7,3,2.0,0.0,2.0,0.81,16423.7723,0.052919999998266576,72,7,3,2.0,0.0,2.0,True,,4.4e-06
18.0,+,73,16443.44055,4,7,0.0,0.0,0.0,0.36,16443.4117,0.02884999999878346,73,4,7,0.0,0.0,0.0,True,,1.9e-06
18.0,+,75,17117.20126,8,1,0.0,0.0,0.0,0.36,17117.1188,0.08246000000144704,75,8,1,0.0,0.0,0.0,True,,1.9e-06
18.0,+,79,17631.51304,4,8,0.0,1.0,1.0,0.04,17631.7249,-0.21185999999943306,79,4,8,0.0,1.0,1.0,True,,2.2e-07
18.0,+,81,17731.86731,4,8,0.0,0.0,0.0,0.09,17731.9515,-0.08418999999776133,81,4,8,0.0,0.0,0.0,True,,4.8e-07
18.0,+,82,17734.15395,7,4,2.0,0.0,2.0,0.64,17734.0923,0.06164999999964493,82,7,4,2.0,0.0,2.0,True,,3.4e-06
18.0,+,85,18533.73953,8,2,0.0,0.0,0.0,0.09,18534.0081,-0.2685700000001816,85,8,2,0.0,0.0,0.0,True,,4.8e-07
18.0,+,91,19021.79476,7,5,2.0,0.0,2.0,0.36,19021.7421,0.05266000000119675,91,7,5,2.0,0.0,2.0,True,,1.9e-06
18.0,+,95,19951.94849,8,3,0.0,0.0,0.0,0.04,19951.815,0.1334900000001653,95,8,3,0.0,0.0,0.0,True,,2.2e-07
18.0,+,100,20286.79562,7,6,2.0,0.0,2.0,0.36,20286.7133,0.08232000000134576,100,7,6,2.0,0.0,2.0,True,,1.9e-06
18.0,+,103,20523.3633,6,0,1.0,0.0,1.0,196.0,20523.3072,0.05610000000160653,103,6,0,1.0,0.0,1.0,True,,0.0011
18.0,+,104,20588.0993,6,0,1.0,-1.0,0.0,289.0,20588.1262,-0.0268999999971129,104,6,0,1.0,-1.0,0.0,True,,0.0016
18.0,+,105,20656.39178,6,0,1.0,1.0,2.0,256.0,20656.591,-0.19921999999860418,105,6,0,1.0,1.0,2.0,True,,0.0014
18.0,+,111,21529.26334,7,7,2.0,0.0,2.0,0.09,21529.1851,0.07824000000255182,111,7,7,2.0,0.0,2.0,True,,4.8e-07
18.0,+,117,22270.88172,6,1,1.0,0.0,1.0,0.64,22270.7918,0.08992000000216649,117,6,1,1.0,0.0,1.0,True,,3.4e-06
18.0,+,118,22334.85045,6,1,1.0,-1.0,0.0,0.64,22334.8373,0.013150000002497109,118,6,1,1.0,-1.0,0.0,True,,3.4e-06
18.0,+,119,22402.36909,6,1,1.0,1.0,2.0,0.64,22402.5698,-0.20071000000098138,119,6,1,1.0,1.0,2.0,True,,3.4e-06
18.0,+,123,22749.2519,7,8,2.0,0.0,2.0,0.01,22749.0788,0.17309999999997672,123,7,8,2.0,0.0,2.0,True,,5.4e-08
18.0,+,134,23980.95481,6,2,1.0,0.0,1.0,0.16,23981.2262,-0.271390000001702,134,6,2,1.0,0.0,1.0,True,,8.6e-07
18.0,+,135,24044.83537,6,2,1.0,-1.0,0.0,0.16,24044.021,0.8143700000000536,135,6,2,1.0,-1.0,0.0,True,,8.6e-07
18.0,+,137,24110.65851,6,2,1.0,1.0,2.0,0.04,24111.2656,-0.6070899999976973,137,6,2,1.0,1.0,2.0,True,,2.2e-07
18.0,+,151,25649.55515,6,3,1.0,0.0,1.0,1.96,25649.4325,0.12265000000115833,151,6,3,1.0,0.0,1.0,True,,1.1e-05
18.0,+,152,25711.85366,6,3,1.0,-1.0,0.0,1.69,25711.8062,0.04746000000159256,152,6,3,1.0,-1.0,0.0,True,,9.1e-06
18.0,+,153,25777.63583,6,3,1.0,1.0,2.0,1.69,25777.884,-0.24816999999893596,153,6,3,1.0,1.0,2.0,True,,9.1e-06
18.0,+,166,27273.41997,6,4,1.0,0.0,1.0,0.04,27273.1279,0.2920699999995122,167,6,4,1.0,0.0,1.0,True,,2.2e-07
18.0,+,168,27334.27746,6,4,1.0,-1.0,0.0,0.49,27334.0103,0.2671599999994214,168,6,4,1.0,-1.0,0.0,True,,2.6e-06
18.0,+,170,27399.16464,6,4,1.0,1.0,2.0,0.09,27402.7777,-3.6130599999996775,170,6,4,1.0,1.0,2.0,True,,4.8e-07
18.0,+,182,28845.3361,6,5,1.0,0.0,1.0,0.81,28845.2307,0.10540000000037253,182,6,5,1.0,0.0,1.0,True,,4.4e-06
18.0,+,183,28905.64837,6,5,1.0,-1.0,0.0,0.36,28905.6134,0.034970000000612345,183,6,5,1.0,-1.0,0.0,True,,1.9e-06
18.0,+,185,28969.38652,6,5,1.0,1.0,2.0,0.64,28969.712,-0.3254799999995157,184,6,5,1.0,1.0,2.0,True,,3.4e-06
18.0,+,198,30358.70168,6,6,1.0,0.0,1.0,0.09,30358.4995,0.20217999999658787,198,6,6,1.0,0.0,1.0,True,,4.8e-07
18.0,+,201,30415.80554,6,6,1.0,-1.0,0.0,0.01,30418.8211,-3.015559999999823,202,6,6,1.0,-1.0,0.0,True,,5.4e-08
18.0,+,203,30479.40189,6,6,1.0,1.0,2.0,0.0,30476.0451,3.356790000001638,203,6,6,1.0,1.0,2.0,True,,0.0
18.0,+,215,31807.99201,6,7,1.0,0.0,1.0,0.25,31807.8996,0.09241000000110944,215,6,7,1.0,0.0,1.0,True,,1.3e-06
18.0,+,216,31865.75469,6,7,1.0,-1.0,0.0,0.25,31865.7251,0.02959000000191736,216,6,7,1.0,-1.0,0.0,True,,1.3e-06
18.0,+,218,31926.85172,6,7,1.0,1.0,2.0,0.25,31927.401,-0.5492800000029092,217,6,7,1.0,1.0,2.0,True,,1.3e-06
18.0,+,229,33180.49189,6,8,1.0,0.0,1.0,0.09,33180.4667,0.025190000000293367,229,6,8,1.0,0.0,1.0,True,,4.8e-07
18.0,+,230,33237.17421,6,8,1.0,-1.0,0.0,0.16,33237.1489,0.02530999999726191,230,6,8,1.0,-1.0,0.0,True,,8.6e-07
18.0,+,231,33296.55776,6,8,1.0,1.0,2.0,0.09,33296.4406,0.1171600000016042,231,6,8,1.0,1.0,2.0,True,,4.8e-07
18.0,+,244,34474.06398,6,9,1.0,0.0,1.0,0.0033,34472.5884,1.4755799999984447,243,6,9,1.0,0.0,1.0,True,,1.8e-08
18.0,+,248,34527.13126,6,9,1.0,-1.0,0.0,0.0033,34526.0812,1.0500600000013947,245,6,9,1.0,-1.0,0.0,True,,1.8e-08
18.0,+,251,34585.19403,6,9,1.0,1.0,2.0,0.0,34586.1299,-0.9358700000011595,247,6,9,1.0,1.0,2.0,True,,0.0
18.0,+,263,35678.35532,6,10,1.0,0.0,1.0,0.0028,35678.5367,-0.18137999999453314,260,6,10,1.0,0.0,1.0,True,,1.5e-08
18.0,+,264,35731.79056,6,10,1.0,-1.0,0.0,0.0051,35731.5967,0.19385999999940395,261,6,10,1.0,-1.0,0.0,True,,2.7e-08
18.0,+,265,35787.76342,6,10,1.0,1.0,2.0,0.0028,35788.095,-0.33157999999821186,263,6,10,1.0,1.0,2.0,True,,1.5e-08
18.0,-,1,1107.21694,2,0,-1.0,0.0,-1.0,441.0,1107.2124,0.004540000000133659,1,2,0,-1.0,0.0,-1.0,True,,0.0024
18.0,-,2,1168.84442,2,0,-1.0,1.0,0.0,676.0,1168.8455,-0.0010800000000017462,2,2,0,-1.0,1.0,0.0,True,,0.0036
18.0,-,3,1232.66346,2,0,-1.0,-1.0,-2.0,361.0,1232.6654,-0.0019400000001041917,3,2,0,-1.0,-1.0,-2.0,True,,0.0019
18.0,-,4,2720.12488,2,1,-1.0,0.0,-1.0,5.76,2720.1245,0.00037999999995008693,4,2,1,-1.0,0.0,-1.0,True,,3.1e-05
18.0,-,5,2781.19084,2,1,-1.0,1.0,0.0,10.89,2781.1824,0.008440000000064174,5,2,1,-1.0,1.0,0.0,True,,5.9e-05
18.0,-,6,2844.3834,2,1,-1.0,-1.0,-2.0,7.29,2844.3623,0.02110000000038781,6,2,1,-1.0,-1.0,-2.0,True,,3.9e-05
18.0,-,7,4309.69888,2,2,-1.0,0.0,-1.0,6.76,4309.7493,-0.05042000000048574,7,2,2,-1.0,0.0,-1.0,True,,3.6e-05
18.0,-,8,4370.19999,2,2,-1.0,1.0,0.0,7.84,4370.234,-0.03401000000030763,8,2,2,-1.0,1.0,0.0,True,,4.2e-05
18.0,-,9,4432.75784,2,2,-1.0,-1.0,-2.0,6.76,4432.765,-0.007160000000112632,9,2,2,-1.0,-1.0,-2.0,True,,3.6e-05
18.0,-,10,5875.935,2,3,-1.0,-1.0,-2.0,2.56,5875.9372,-0.002199999999902502,10,2,3,-1.0,-1.0,-2.0,True,,1.4e-05
18.0,-,11,5935.85941,2,3,-1.0,1.0,0.0,4.41,5935.855,0.004410000000461878,11,2,3,-1.0,1.0,0.0,True,,2.4e-05
18.0,-,12,5997.76784,2,3,-1.0,0.0,-1.0,1.96,5997.7275,0.040340000000469445,12,2,3,-1.0,0.0,-1.0,True,,1.1e-05
18.0,-,14,7418.75552,2,4,-1.0,-1.0,-2.0,1.96,7418.7814,-0.0258800000001429,14,2,4,-1.0,-1.0,-2.0,True,,1.1e-05
18.0,-,15,7478.16815,2,4,-1.0,1.0,0.0,3.24,7478.1422,0.02595000000019354,15,2,4,-1.0,1.0,0.0,True,,1.7e-05
18.0,-,16,7539.41504,2,4,-1.0,-1.0,-2.0,1.21,7539.3347,0.08033999999952357,16,2,4,-1.0,0.0,-1.0,False,,6.5e-06
18.0,-,18,8817.64292,3,0,-1.0,0.0,-1.0,529.0,8817.5766,0.06631999999990512,18,3,0,-1.0,0.0,-1.0,True,,0.0028
18.0,-,19,8938.14122,2,5,-1.0,-1.0,-2.0,0.81,8938.2832,-0.14198000000033062,19,2,5,-1.0,-1.0,-2.0,True,,4.4e-06
18.0,-,20,8997.08697,2,5,-1.0,1.0,0.0,0.81,8997.1196,-0.032629999999699066,20,2,5,-1.0,1.0,0.0,True,,4.4e-06
18.0,-,21,9057.62571,2,5,-1.0,0.0,-1.0,0.49,9057.5568,0.06890999999995984,21,2,5,-1.0,0.0,-1.0,True,,2.6e-06
18.0,-,23,9864.81572,5,0,0.0,-1.0,-1.0,1.0,9864.289,0.5267199999998411,23,5,0,0.0,-1.0,-1.0,True,,5.4e-06
18.0,-,25,10395.86013,3,1,-1.0,0.0,-1.0,5.76,10395.7938,0.0663299999996525,25,3,1,-1.0,0.0,-1.0,True,,3.1e-05
18.0,-,26,10434.49809,2,6,-1.0,-1.0,-2.0,1.44,10434.5505,-0.05241000000023632,26,2,6,-1.0,-1.0,-2.0,True,,7.7e-06
18.0,-,27,10492.68412,2,6,-1.0,1.0,0.0,1.44,10492.748,-0.06387999999969907,27,2,6,-1.0,1.0,0.0,True,,7.7e-06
18.0,-,28,10552.72107,2,6,-1.0,0.0,-1.0,1.0,10552.7085,0.012569999998959247,28,2,6,-1.0,0.0,-1.0,True,,5.4e-06
18.0,-,30,11881.18572,5,1,0.0,-1.0,-1.0,0.09,11885.6717,-4.485980000001291,30,5,1,0.0,-1.0,-1.0,True,,4.8e-07
18.0,-,32,11949.82736,3,2,-1.0,0.0,-1.0,4.41,11949.7913,0.03605999999854248,32,3,2,-1.0,0.0,-1.0,True,,2.4e-05
18.0,-,33,11964.95711,2,7,-1.0,1.0,0.0,0.25,11964.9547,0.0024099999991449295,33,2,7,-1.0,1.0,0.0,True,,1.3e-06
18.0,-,38,13356.25533,2,8,-1.0,-1.0,-2.0,0.81,13356.5571,-0.3017700000000332,38,2,8,-1.0,-1.0,-2.0,True,,4.4e-06
18.0,-,39,13413.6548,2,8,-1.0,1.0,0.0,0.81,13413.8021,-0.14730000000054133,39,2,8,-1.0,1.0,0.0,True,,4.4e-06
18.0,-,40,13472.18584,2,8,-1.0,0.0,-1.0,0.81,13472.0182,0.16763999999966472,40,2,8,-1.0,0.0,-1.0,True,,4.4e-06
18.0,-,41,13479.49535,3,3,-1.0,0.0,-1.0,2.25,13479.4448,0.05054999999993015,41,3,3,-1.0,0.0,-1.0,True,,1.2e-05
18.0,-,46,14782.98341,2,9,-1.0,-1.0,-2.0,0.037,14782.8419,0.14151000000128988,46,2,9,-1.0,-1.0,-2.0,True,,2e-07
18.0,-,47,14839.2396,2,9,-1.0,1.0,0.0,0.0181,14839.2467,-0.007099999998899875,47,2,9,-1.0,1.0,0.0,True,,9.7e-08
18.0,-,48,14897.52209,2,9,-1.0,0.0,-1.0,0.0133,14897.4495,0.07258999999976368,48,2,9,-1.0,0.0,-1.0,True,,7.2e-08
18.0,-,49,14984.78412,3,4,-1.0,0.0,-1.0,1.21,14984.7323,0.05182000000058906,49,3,4,-1.0,0.0,-1.0,True,,6.5e-06
18.0,-,59,16465.61936,3,5,-1.0,0.0,-1.0,0.49,16465.5988,0.020560000000841683,59,3,5,-1.0,0.0,-1.0,True,,2.6e-06
18.0,-,66,17921.90512,3,6,-1.0,0.0,-1.0,0.09,17921.7373,0.16781999999875552,66,3,6,-1.0,0.0,-1.0,True,,4.8e-07
18.0,-,73,19353.58431,3,7,-1.0,0.0,-1.0,0.04,19353.6103,-0.02599000000191154,73,3,7,-1.0,0.0,-1.0,True,,2.2e-07
18.0,-,84,20760.53954,3,8,-1.0,0.0,-1.0,0.01,20760.573,-0.033459999998740386,84,3,8,-1.0,0.0,-1.0,True,,5.4e-08
19.0,+,13,6812.97195,4,0,0.0,1.0,1.0,676.0,6812.8196,0.15235000000029686,13,4,0,0.0,1.0,1.0,True,,0.0036
19.0,+,17,8254.90103,4,1,0.0,1.0,1.0,5.29,8254.7446,0.15643000000090979,17,4,1,0.0,1.0,1.0,True,,2.8e-05
19.0,+,22,9674.65854,4,2,0.0,1.0,1.0,4.0,9674.5492,0.10934000000088417,22,4,2,0.0,1.0,1.0,True,,2.2e-05
19.0,+,29,11072.30418,4,3,0.0,1.0,1.0,2.56,11072.2138,0.09037999999964086,29,4,3,0.0,1.0,1.0,True,,1.4e-05
19.0,+,36,12411.19033,7,0,2.0,0.0,2.0,25.0,12411.1536,0.03672999999980675,36,7,0,2.0,0.0,2.0,True,,0.00013
19.0,+,37,12447.94453,4,4,0.0,1.0,1.0,1.96,12447.8272,0.11733000000094762,37,4,4,0.0,1.0,1.0,True,,1.1e-05
19.0,+,42,13789.32523,7,1,2.0,0.0,2.0,0.16,13789.2819,0.04333000000042375,42,7,1,2.0,0.0,2.0,True,,8.6e-07
19.0,+,43,13801.63241,4,5,0.0,1.0,1.0,1.44,13801.4964,0.13601000000016938,43,4,5,0.0,1.0,1.0,True,,7.7e-06
19.0,+,50,15133.50531,4,6,0.0,1.0,1.0,0.64,15133.3363,0.1690099999996164,50,4,6,0.0,1.0,1.0,True,,3.4e-06
19.0,+,51,15144.58608,7,2,2.0,0.0,2.0,0.36,15144.5486,0.03747999999905005,51,7,2,2.0,0.0,2.0,True,,1.9e-06
19.0,+,57,16443.52941,4,7,0.0,1.0,1.0,0.36,16443.47,0.05940999999802443,57,4,7,0.0,1.0,1.0,True,,1.9e-06
19.0,+,58,16477.02584,7,3,2.0,0.0,2.0,0.81,16476.9706,0.05523999999786611,58,7,3,2.0,0.0,2.0,True,,4.4e-06
19.0,+,62,17731.99362,4,8,0.0,1.0,1.0,0.04,17732.0166,-0.022979999997915,62,4,8,0.0,1.0,1.0,True,,2.2e-07
19.0,+,64,17786.71089,7,4,2.0,0.0,2.0,0.49,17786.6481,0.06278999999994994,64,7,4,2.0,0.0,2.0,True,,2.6e-06
19.0,+,71,19073.70766,7,5,2.0,0.0,2.0,0.36,19073.6552,0.05245999999897322,71,7,5,2.0,0.0,2.0,True,,1.9e-06
19.0,+,78,20338.06391,7,6,2.0,0.0,2.0,0.25,20337.986,0.07790999999997439,78,7,6,2.0,0.0,2.0,True,,1.3e-06
19.0,+,81,20586.04764,6,0,1.0,0.0,1.0,256.0,20586.0799,-0.032259999999951106,81,6,0,1.0,0.0,1.0,True,,0.0014
19.0,+,82,20655.03439,6,0,1.0,-1.0,0.0,256.0,20655.1379,-0.10351000000082422,82,6,0,1.0,-1.0,0.0,True,,0.0014
19.0,+,83,20726.14865,6,0,1.0,1.0,2.0,225.0,20726.154,-0.005349999999452848,83,6,0,1.0,1.0,2.0,True,,0.0012
19.0,+,86,21579.88356,7,7,2.0,0.0,2.0,0.25,21579.8095,0.07405999999900814,86,7,7,2.0,0.0,2.0,True,,1.3e-06
19.0,+,93,22332.82517,6,1,1.0,0.0,1.0,0.81,22332.8225,0.002670000001671724,93,6,1,1.0,0.0,1.0,True,,4.4e-06
19.0,+,94,22401.03221,6,1,1.0,-1.0,0.0,0.81,22401.1015,-0.06928999999945518,94,6,1,1.0,-1.0,0.0,True,,4.4e-06
19.0,+,95,22471.30941,6,1,1.0,1.0,2.0,1.0,22471.3018,0.007610000000568107,95,6,1,1.0,1.0,2.0,True,,5.4e-06
19.0,+,97,22799.21781,7,8,2.0,0.0,2.0,0.04,22799.0573,0.16050999999788473,97,7,8,2.0,0.0,2.0,True,,2.2e-07
19.0,+,106,24042.01483,6,2,1.0,0.0,1.0,0.36,24042.2609,-0.24607000000105472,106,6,2,1.0,0.0,1.0,True,,1.9e-06
19.0,+,107,24109.46176,6,2,1.0,-1.0,0.0,0.09,24109.6481,-0.18634000000020023,107,6,2,1.0,-1.0,0.0,True,,4.8e-07
19.0,+,109,24178.66957,6,2,1.0,1.0,2.0,0.16,24178.6681,0.0014699999992444646,108,6,2,1.0,1.0,2.0,True,,8.6e-07
19.0,+,120,25709.85429,6,3,1.0,0.0,1.0,1.96,25709.8275,0.026789999999891734,120,6,3,1.0,0.0,1.0,True,,1.1e-05
19.0,+,121,25776.34992,6,3,1.0,-1.0,0.0,1.96,25776.4233,-0.07337999999799649,121,6,3,1.0,-1.0,0.0,True,,1.1e-05
19.0,+,122,25844.76267,6,3,1.0,1.0,2.0,1.44,25844.7575,0.005170000000362052,122,6,3,1.0,1.0,2.0,True,,7.7e-06
19.0,+,132,27332.32914,6,4,1.0,0.0,1.0,0.36,27332.1864,0.14274000000295928,132,6,4,1.0,0.0,1.0,True,,1.9e-06
19.0,+,133,27398.10306,6,4,1.0,-1.0,0.0,0.25,27398.1795,-0.07643999999709195,133,6,4,1.0,-1.0,0.0,True,,1.3e-06
19.0,+,135,27465.34394,6,4,1.0,1.0,2.0,0.16,27465.5465,-0.20256000000154017,135,6,4,1.0,1.0,2.0,True,,8.6e-07
19.0,+,145,28903.70526,6,5,1.0,0.0,1.0,0.36,28903.7108,-0.005540000001929002,145,6,5,1.0,0.0,1.0,True,,1.9e-06
19.0,+,146,28968.18475,6,5,1.0,-1.0,0.0,0.36,28968.302,-0.11724999999933061,146,6,5,1.0,-1.0,0.0,True,,1.9e-06
19.0,+,149,29034.39762,6,5,1.0,1.0,2.0,0.16,29034.4213,-0.023680000002059387,147,6,5,1.0,1.0,2.0,True,,8.6e-07
19.0,+,158,30417.08504,6,6,1.0,0.0,1.0,0.16,30416.9731,0.11194000000250526,158,6,6,1.0,0.0,1.0,True,,8.6e-07
19.0,+,159,30477.76995,6,6,1.0,-1.0,0.0,0.0,30475.9698,1.800150000002759,159,6,6,1.0,-1.0,0.0,True,,0.0
19.0,+,161,30545.43337,6,6,1.0,1.0,2.0,0.16,30545.2127,0.22066999999879044,162,6,6,1.0,1.0,2.0,True,,8.6e-07
19.0,+,170,31863.87446,6,7,1.0,0.0,1.0,0.36,31863.9312,-0.05673999999999069,170,6,7,1.0,0.0,1.0,True,,1.9e-06
19.0,+,171,31925.83154,6,7,1.0,-1.0,0.0,0.25,31926.0533,-0.22176000000035856,171,6,7,1.0,-1.0,0.0,True,,1.3e-06
19.0,+,173,31989.21926,6,7,1.0,1.0,2.0,0.09,31989.2969,-0.0776399999995192,173,6,7,1.0,1.0,2.0,True,,4.8e-07
19.0,+,181,33235.34014,6,8,1.0,0.0,1.0,0.16,33235.4235,-0.08335999999690102,181,6,8,1.0,0.0,1.0,True,,8.6e-07
19.0,+,182,33295.39162,6,8,1.0,-1.0,0.0,0.09,33295.3323,0.05932000000029802,182,6,8,1.0,-1.0,0.0,True,,4.8e-07
19.0,+,183,33357.49825,6,8,1.0,1.0,2.0,0.09,33357.5839,-0.0856500000008964,183,6,8,1.0,1.0,2.0,True,,4.8e-07
19.0,+,194,34525.79917,6,9,1.0,0.0,1.0,0.0059,34524.4327,1.3664700000008452,193,6,9,1.0,0.0,1.0,True,,3.2e-08
19.0,+,197,34584.33802,6,9,1.0,1.0,2.0,0.0059,34584.5669,-0.2288799999951152,194,6,9,1.0,-1.0,0.0,False,,3.2e-08
19.0,+,199,34643.20637,6,9,1.0,-1.0,0.0,0.0059,34643.0366,0.16977000000042608,196,6,9,1.0,1.0,2.0,False,,3.2e-08
19.0,+,209,35730.35588,6,10,1.0,0.0,1.0,0.0051,35730.0312,0.3246800000051735,206,6,10,1.0,0.0,1.0,True,,2.7e-08
19.0,+,210,35786.74065,6,10,1.0,-1.0,0.0,0.0028,35786.9776,-0.23694999999861466,207,6,10,1.0,-1.0,0.0,True,,1.5e-08
19.0,+,211,35844.60159,6,10,1.0,1.0,2.0,0.0028,35844.9962,-0.39461000000301283,209,6,10,1.0,1.0,2.0,True,,1.5e-08
19.0,-,2,1165.68974,2,0,-1.0,0.0,-1.0,576.0,1165.6923,-0.0025599999999030842,2,2,0,-1.0,0.0,-1.0,True,,0.0031
19.0,-,3,1229.57622,2,0,-1.0,1.0,0.0,441.0,1229.5689,0.007319999999936044,3,2,0,-1.0,1.0,0.0,True,,0.0024
19.0,-,4,1296.90151,2,0,-1.0,-1.0,-2.0,625.0,1296.9107,-0.009189999999989595,4,2,0,-1.0,-1.0,-2.0,True,,0.0034
19.0,-,6,2778.0285,2,1,-1.0,0.0,-1.0,7.29,2778.0169,0.011599999999816646,6,2,1,-1.0,0.0,-1.0,True,,3.9e-05
19.0,-,7,2841.2863,2,1,-1.0,1.0,0.0,9.0,2841.2678,0.018500000000130967,7,2,1,-1.0,1.0,0.0,True,,4.8e-05
19.0,-,8,2907.96941,2,1,-1.0,-1.0,-2.0,9.61,2907.9677,0.0017100000000027649,8,2,1,-1.0,-1.0,-2.0,True,,5.2e-05
19.0,-,10,4367.02723,2,2,-1.0,0.0,-1.0,8.41,4367.0547,-0.027469999999993888,10,2,2,-1.0,0.0,-1.0,True,,4.5e-05
19.0,-,11,4429.64538,2,2,-1.0,1.0,0.0,6.25,4429.6729,-0.027519999999640277,11,2,2,-1.0,1.0,0.0,True,,3.4e-05
19.0,-,12,4495.70013,2,2,-1.0,-1.0,-2.0,7.84,4495.7343,-0.034169999999903666,12,2,2,-1.0,-1.0,-2.0,True,,4.2e-05
19.0,-,13,5932.6971,2,3,-1.0,0.0,-1.0,3.61,5932.6605,0.03660000000036234,13,2,3,-1.0,0.0,-1.0,True,,1.9e-05
19.0,-,14,5994.66779,2,3,-1.0,1.0,0.0,2.56,5994.6392,0.02859000000080414,14,2,3,-1.0,1.0,0.0,True,,1.4e-05
19.0,-,15,6060.06069,2,3,-1.0,-1.0,-2.0,2.56,6060.072,-0.011309999999866704,15,2,3,-1.0,-1.0,-2.0,True,,1.4e-05
19.0,-,19,7474.97472,2,4,-1.0,0.0,-1.0,3.61,7474.9311,0.04362000000037369,19,2,4,-1.0,0.0,-1.0,True,,1.9e-05
19.0,-,20,7536.22885,2,4,-1.0,1.0,0.0,1.69,7536.2542,-0.025349999999889405,20,2,4,-1.0,1.0,0.0,True,,9.1e-06
19.0,-,21,7601.08658,2,4,-1.0,-1.0,-2.0,1.69,7601.0752,0.011379999999917345,21,2,4,-1.0,-1.0,-2.0,True,,9.1e-06
19.0,-,25,8878.50287,3,0,-1.0,0.0,-1.0,900.0,8878.5034,-0.0005299999993439997,25,3,0,-1.0,0.0,-1.0,True,,0.0048
19.0,-,26,8993.88966,2,5,-1.0,0.0,-1.0,0.81,8993.8909,-0.001239999999597785,26,2,5,-1.0,0.0,-1.0,True,,4.4e-06
19.0,-,27,9054.45732,2,5,-1.0,1.0,0.0,0.81,9054.5011,-0.04377999999996973,27,2,5,-1.0,1.0,0.0,True,,4.4e-06
19.0,-,28,9118.71781,2,5,-1.0,-1.0,-2.0,1.21,9118.7675,-0.049689999999827705,28,2,5,-1.0,-1.0,-2.0,True,,6.5e-06
19.0,-,32,10006.35541,5,0,0.0,-1.0,-1.0,1.0,10006.1202,0.235210000000734,32,5,0,0.0,-1.0,-1.0,True,,5.4e-06
19.0,-,33,10456.07242,3,1,-1.0,0.0,-1.0,9.0,10456.0715,0.0009200000004057074,33,3,1,-1.0,0.0,-1.0,True,,4.8e-05
19.0,-,34,10489.46789,2,6,-1.0,0.0,-1.0,1.0,10489.4991,-0.031210000001010485,34,2,6,-1.0,0.0,-1.0,True,,5.4e-06
19.0,-,35,10549.57272,2,6,-1.0,1.0,0.0,1.44,10549.6097,-0.03698000000076718,35,2,6,-1.0,1.0,0.0,True,,7.7e-06
19.0,-,36,10612.99575,2,6,-1.0,-1.0,-2.0,1.44,10613.106,-0.11024999999972351,36,2,6,-1.0,-1.0,-2.0,True,,7.7e-06
19.0,-,40,11961.37731,2,7,-1.0,0.0,-1.0,0.36,11961.7004,-0.32308999999986554,40,2,7,-1.0,0.0,-1.0,True,,1.9e-06
19.0,-,41,12009.36687,3,2,-1.0,0.0,-1.0,10.89,12009.3959,-0.029029999999693246,41,3,2,-1.0,0.0,-1.0,True,,5.9e-05
19.0,-,43,12041.84325,2,7,-1.0,-1.0,-2.0,0.04,12039.9571,1.8861500000002707,43,2,7,-1.0,-1.0,-2.0,True,,2.2e-07
19.0,-,44,12084.24368,2,7,-1.0,0.0,-1.0,0.16,12084.0597,0.1839799999997922,44,2,7,-1.0,1.0,0.0,False,,8.6e-07
19.0,-,49,13410.44599,2,8,-1.0,0.0,-1.0,0.49,13410.5131,-0.06710999999995693,49,2,8,-1.0,0.0,-1.0,True,,2.6e-06
19.0,-,50,13468.94427,2,8,-1.0,1.0,0.0,0.81,13469.0206,-0.07632999999987078,50,2,8,-1.0,1.0,0.0,True,,4.4e-06
19.0,-,51,13531.41104,2,8,-1.0,-1.0,-2.0,0.36,13531.5753,-0.1642599999995582,51,2,8,-1.0,-1.0,-2.0,True,,1.9e-06
19.0,-,52,13538.401,3,3,-1.0,0.0,-1.0,3.24,13538.4179,-0.0169000000005326,52,3,3,-1.0,0.0,-1.0,True,,1.7e-05
19.0,-,58,14835.95532,2,9,-1.0,0.0,-1.0,0.0181,14835.9316,0.023719999999229913,58,2,9,-1.0,0.0,-1.0,True,,9.7e-08
19.0,-,59,14894.34356,2,9,-1.0,1.0,0.0,0.0237,14894.2922,0.05135999999947671,59,2,9,-1.0,1.0,0.0,True,,1.3e-07
19.0,-,60,14955.61342,2,9,-1.0,-1.0,-2.0,0.0133,14955.7185,-0.10508000000118045,60,2,9,-1.0,-1.0,-2.0,True,,7.2e-08
19.0,-,61,15043.03292,3,4,-1.0,0.0,-1.0,2.56,15043.0508,-0.01788000000124157,61,3,4,-1.0,0.0,-1.0,True,,1.4e-05
19.0,-,74,16523.20847,3,5,-1.0,0.0,-1.0,0.64,16523.2601,-0.05162999999811291,74,3,5,-1.0,0.0,-1.0,True,,3.4e-06
19.0,-,84,17978.85472,3,6,-1.0,0.0,-1.0,0.16,17978.9574,-0.10267999999996391,84,3,6,-1.0,0.0,-1.0,True,,8.6e-07
19.0,-,93,19409.84022,3,7,-1.0,0.0,-1.0,0.01,19409.9464,-0.10618000000249594,93,3,7,-1.0,0.0,-1.0,True,,5.4e-08
19.0,-,106,20816.10024,3,8,-1.0,0.0,-1.0,0.01,20816.2403,-0.14006000000154017,106,3,8,-1.0,0.0,-1.0,True,,5.4e-08
20.0,+,1,759.42218,1,0,0.0,0.0,0.0,676.0,759.4233,-0.0011200000000144428,1,1,0,0.0,0.0,0.0,True,,0.0036
20.0,+,5,2579.25209,1,1,0.0,0.0,0.0,87.84,2579.2523,-0.000210000000151922,5,1,1,0.0,0.0,0.0,True,,0.00047
20.0,+,9,4370.65598,1,2,0.0,0.0,0.0,7.29,4370.703,-0.04701999999997497,9,1,2,0.0,0.0,0.0,True,,3.9e-05
20.0,+,16,6132.68828,1,3,0.0,0.0,0.0,3.24,6132.7624,-0.0741199999993114,16,1,3,0.0,0.0,0.0,True,,1.7e-05
20.0,+,17,6812.79975,4,0,0.0,1.0,1.0,400.0,6812.8383,-0.03855000000021391,17,4,0,0.0,1.0,1.0,True,,0.0022
20.0,+,18,6934.64076,4,0,0.0,0.0,0.0,289.0,6934.5917,0.049060000000281434,18,4,0,0.0,0.0,0.0,True,,0.0016
20.0,+,22,7864.1408,1,4,0.0,0.0,0.0,1.69,7864.2529,-0.11210000000028231,22,1,4,0.0,0.0,0.0,True,,9.1e-06
20.0,+,23,8254.73262,4,1,0.0,1.0,1.0,3.61,8254.7673,-0.034679999998843414,23,4,1,0.0,1.0,1.0,True,,1.9e-05
20.0,+,24,8375.23309,4,1,0.0,0.0,0.0,1.96,8375.1728,0.060289999999440624,24,4,1,0.0,0.0,0.0,True,,1.1e-05
20.0,+,29,9563.39784,1,5,0.0,0.0,0.0,0.04,9563.5947,-0.19686000000001513,29,1,5,0.0,0.0,0.0,True,,2.2e-07
20.0,+,30,9674.49564,4,2,0.0,1.0,1.0,4.0,9674.5811,-0.08546000000023923,30,4,2,0.0,1.0,1.0,True,,2.2e-05
20.0,+,31,9793.6526,4,2,0.0,0.0,0.0,2.25,9793.634,0.018599999999423744,31,4,2,0.0,0.0,0.0,True,,1.2e-05
20.0,+,37,11072.12931,4,3,0.0,1.0,1.0,2.89,11072.2299,-0.10059000000001106,37,4,3,0.0,1.0,1.0,True,,1.6e-05
20.0,+,38,11189.94897,4,3,0.0,0.0,0.0,3.61,11189.934,0.014970000000175787,38,4,3,0.0,0.0,0.0,True,,1.9e-05
20.0,+,39,11228.33062,1,6,0.0,0.0,0.0,0.16,11228.71,-0.37937999999849126,39,1,6,0.0,0.0,0.0,True,,8.6e-07
20.0,+,45,12447.75936,4,4,0.0,1.0,1.0,1.96,12447.8489,-0.08954000000085216,45,4,4,0.0,1.0,1.0,True,,1.1e-05
20.0,+,46,12469.199,7,0,2.0,0.0,2.0,25.0,12469.1624,0.03660000000127184,46,7,0,2.0,0.0,2.0,True,,0.00013
20.0,+,47,12564.23495,4,4,0.0,0.0,0.0,1.44,12564.2164,0.01855000000068685,47,4,4,0.0,0.0,0.0,True,,7.7e-06
20.0,+,53,13801.45017,4,5,0.0,1.0,1.0,1.69,13801.5202,-0.07003000000077009,53,4,5,0.0,1.0,1.0,True,,9.1e-06
20.0,+,54,13846.66047,7,1,2.0,0.0,2.0,0.16,13846.6133,0.04716999999982363,54,7,1,2.0,0.0,2.0,True,,8.6e-07
20.0,+,55,13916.59891,4,5,0.0,0.0,0.0,1.96,13916.5413,0.05760999999984051,55,4,5,0.0,0.0,0.0,True,,1.1e-05
20.0,+,62,15133.29464,4,6,0.0,1.0,1.0,0.64,15133.3616,-0.06696000000010827,62,4,6,0.0,1.0,1.0,True,,3.4e-06
20.0,+,63,15201.24344,7,2,2.0,0.0,2.0,0.36,15201.2032,0.04024000000026717,63,7,2,2.0,0.0,2.0,True,,1.9e-06
20.0,+,64,15247.1064,4,6,0.0,0.0,0.0,0.81,15247.0365,0.06990000000041618,64,4,6,0.0,0.0,0.0,True,,4.4e-06
20.0,+,65,15814.96418,8,0,0.0,0.0,0.0,36.0,15814.9494,0.014780000001337612,65,8,0,0.0,0.0,0.0,True,,0.00019
20.0,+,71,16443.43184,4,7,0.0,1.0,1.0,0.49,16443.4968,-0.06495999999970081,71,4,7,0.0,1.0,1.0,True,,2.6e-06
20.0,+,72,16533.00774,7,3,2.0,0.0,2.0,0.81,16532.9489,0.05884000000150991,72,7,3,2.0,0.0,2.0,True,,4.4e-06
20.0,+,73,16555.86332,4,7,0.0,0.0,0.0,0.36,16555.8256,0.0377200000002631,73,4,7,0.0,0.0,0.0,True,,1.9e-06
20.0,+,75,17231.06935,8,1,0.0,0.0,0.0,0.36,17230.9816,0.08775000000241562,75,8,1,0.0,0.0,0.0,True,,1.9e-06
20.0,+,79,17731.80453,4,8,0.0,1.0,1.0,0.04,17732.0452,-0.240669999999227,79,4,8,0.0,1.0,1.0,True,,2.2e-07
20.0,+,81,17842.01389,7,4,2.0,0.0,2.0,0.49,17841.9501,0.06379000000015367,81,7,4,2.0,0.0,2.0,True,,2.6e-06
20.0,+,82,17842.92781,4,8,0.0,0.0,0.0,0.09,17843.0276,-0.09979000000021188,82,4,8,0.0,0.0,0.0,True,,4.8e-07
20.0,+,85,18646.92947,8,2,0.0,0.0,0.0,0.09,18647.2012,-0.2717300000003888,85,8,2,0.0,0.0,0.0,True,,4.8e-07
20.0,+,91,19128.33375,7,5,2.0,0.0,2.0,0.25,19128.2805,0.05325000000084401,91,7,5,2.0,0.0,2.0,True,,1.3e-06
20.0,+,95,20064.47737,8,3,0.0,0.0,0.0,0.01,20064.3531,0.12427000000025146,95,8,3,0.0,0.0,0.0,True,,5.4e-08
20.0,+,100,20392.00804,7,6,2.0,0.0,2.0,0.36,20391.9367,0.0713400000022375,100,7,6,2.0,0.0,2.0,True,,1.9e-06
20.0,+,103,20652.44788,6,0,1.0,0.0,1.0,256.0,20652.3717,0.07618000000002212,103,6,0,1.0,0.0,1.0,True,,0.0014
20.0,+,104,20723.78166,6,0,1.0,-1.0,0.0,225.0,20723.807,-0.025340000000142027,104,6,0,1.0,-1.0,0.0,True,,0.0012
20.0,+,105,20798.89445,6,0,1.0,1.0,2.0,225.0,20799.1078,-0.21335000000181026,105,6,0,1.0,1.0,2.0,True,,0.0012
20.0,+,111,21633.14964,7,7,2.0,0.0,2.0,0.36,21633.0782,0.07143999999971129,111,7,7,2.0,0.0,2.0,True,,1.9e-06
20.0,+,117,22398.45764,6,1,1.0,0.0,1.0,0.64,22398.3514,0.10624000000098022,117,6,1,1.0,0.0,1.0,True,,3.4e-06
20.0,+,118,22468.95188,6,1,1.0,-1.0,0.0,0.81,22468.9275,0.024379999998927815,118,6,1,1.0,-1.0,0.0,True,,4.4e-06
20.0,+,119,22543.20383,6,1,1.0,1.0,2.0,1.0,22543.4113,-0.20747000000119442,119,6,1,1.0,1.0,2.0,True,,5.4e-06
20.0,+,123,22851.79595,7,8,2.0,0.0,2.0,0.01,22851.6461,0.14984999999796855,123,7,8,2.0,0.0,2.0,True,,5.4e-08
20.0,+,134,24106.9308,6,2,1.0,0.0,1.0,0.49,24106.9845,-0.05370000000038999,134,6,2,1.0,0.0,1.0,True,,2.6e-06
20.0,+,135,24176.33243,6,2,1.0,-1.0,0.0,0.16,24176.3511,-0.018670000001293374,135,6,2,1.0,-1.0,0.0,True,,8.6e-07
20.0,+,138,24249.75189,6,2,1.0,1.0,2.0,0.25,24250.1744,-0.42251000000032946,138,6,2,1.0,1.0,2.0,True,,1.3e-06
20.0,+,151,25773.86545,6,3,1.0,0.0,1.0,1.69,25773.7185,0.14695000000210712,151,6,3,1.0,0.0,1.0,True,,9.1e-06
20.0,+,152,25842.49858,6,3,1.0,-1.0,0.0,1.96,25842.4453,0.05328000000008615,152,6,3,1.0,-1.0,0.0,True,,1.1e-05
20.0,+,153,25914.84158,6,3,1.0,1.0,2.0,1.96,25915.096,-0.25442000000111875,153,6,3,1.0,1.0,2.0,True,,1.1e-05
20.0,+,166,27395.83799,6,4,1.0,0.0,1.0,0.04,27395.549,0.288990000000922,167,6,4,1.0,0.0,1.0,True,,2.2e-07
20.0,+,168,27462.9291,6,4,1.0,-1.0,0.0,0.36,27462.4899,0.43920000000071013,168,6,4,1.0,-1.0,0.0,True,,1.9e-06
20.0,+,171,27534.58758,6,4,1.0,1.0,2.0,0.49,27535.4175,-0.8299200000001292,171,6,4,1.0,1.0,2.0,True,,2.6e-06
20.0,+,182,28965.79092,6,5,1.0,0.0,1.0,0.36,28965.6644,0.12651999999798136,182,6,5,1.0,0.0,1.0,True,,1.9e-06
20.0,+,184,29032.19417,6,5,1.0,-1.0,0.0,0.09,29032.1942,-3.0000002880115062e-05,183,6,5,1.0,-1.0,0.0,True,,4.8e-07
20.0,+,186,29102.31915,6,5,1.0,1.0,2.0,0.36,29102.6524,-0.33324999999967986,184,6,5,1.0,1.0,2.0,True,,1.9e-06
20.0,+,187,30474.76439,6,6,1.0,0.0,0.0,0.0,30474.7787,-0.014309999998658895,198,6,6,1.0,0.0,1.0,False,,0.0
20.0,+,201,30543.29039,6,6,1.0,-1.0,0.0,0.0,30543.0087,0.2816899999997986,202,6,6,1.0,-1.0,0.0,True,,0.0
20.0,+,203,30615.92041,6,6,1.0,1.0,2.0,0.0,30619.3781,-3.4576900000029127,204,6,6,1.0,1.0,2.0,True,,0.0
20.0,+,215,31923.74036,6,7,1.0,0.0,1.0,0.09,31923.5055,0.2348600000004808,215,6,7,1.0,0.0,1.0,True,,4.8e-07
20.0,+,216,31987.23233,6,7,1.0,-1.0,0.0,0.25,31987.2129,0.019430000000284053,216,6,7,1.0,-1.0,0.0,True,,1.3e-06
20.0,+,218,32054.51347,6,7,1.0,1.0,2.0,0.09,32054.9914,-0.47792999999728636,217,6,7,1.0,1.0,2.0,True,,4.8e-07
20.0,+,229,33293.05634,6,8,1.0,0.0,1.0,0.09,33293.0476,0.008740000004763715,229,6,8,1.0,0.0,1.0,True,,4.8e-07
20.0,+,230,33355.59697,6,8,1.0,-1.0,0.0,0.16,33355.5707,0.026270000002114102,230,6,8,1.0,-1.0,0.0,True,,8.6e-07
20.0,+,231,33420.81938,6,8,1.0,1.0,2.0,0.09,33420.5682,0.2511799999992945,231,6,8,1.0,1.0,2.0,True,,4.8e-07
20.0,+,244,34582.80699,6,9,1.0,0.0,1.0,0.0,34581.8513,0.9556899999952293,243,6,9,1.0,0.0,1.0,True,,0.0
20.0,+,247,34641.55692,6,9,1.0,-1.0,0.0,0.0059,34641.1252,0.43172000000049593,245,6,9,1.0,-1.0,0.0,True,,3.2e-08
20.0,+,250,34705.92255,6,9,1.0,1.0,2.0,0.0,34706.6403,-0.7177499999961583,247,6,9,1.0,1.0,2.0,True,,0.0
20.0,+,263,35784.88883,6,10,1.0,0.0,1.0,0.0028,35784.718,0.17083000000275206,260,6,10,1.0,0.0,1.0,True,,1.5e-08
20.0,+,264,35843.01268,6,10,1.0,-1.0,0.0,0.0051,35843.1844,-0.17171999999845866,261,6,10,1.0,-1.0,0.0,True,,2.7e-08
20.0,+,265,35904.90901,6,10,1.0,1.0,2.0,0.0028,35905.2417,-0.33268999999563675,263,6,10,1.0,1.0,2.0,True,,1.5e-08
20.0,-,1,1227.33367,2,0,-1.0,0.0,-1.0,441.0,1227.3275,0.0061699999998836574,1,2,0,-1.0,0.0,-1.0,True,,0.0024
20.0,-,2,1295.11277,2,0,-1.0,1.0,0.0,729.0,1295.1152,-0.002430000000003929,2,2,0,-1.0,1.0,0.0,True,,0.0039
20.0,-,3,1365.12783,2,0,-1.0,-1.0,-2.0,324.0,1365.1269,0.0009299999999257125,3,2,0,-1.0,-1.0,-2.0,True,,0.0017
20.0,-,4,2839.01608,2,1,-1.0,0.0,-1.0,5.29,2839.0103,0.005779999999958818,4,2,1,-1.0,0.0,-1.0,True,,2.8e-05
20.0,-,5,2906.16945,2,1,-1.0,1.0,0.0,9.61,2906.1574,0.012049999999817373,5,2,1,-1.0,1.0,0.0,True,,5.2e-05
20.0,-,6,2975.47962,2,1,-1.0,-1.0,-2.0,5.29,2975.4584,0.021220000000084838,6,2,1,-1.0,-1.0,-2.0,True,,2.8e-05
20.0,-,7,4427.35127,2,2,-1.0,0.0,-1.0,4.84,4427.3991,-0.04782999999952153,7,2,2,-1.0,0.0,-1.0,True,,2.6e-05
20.0,-,8,4493.87759,2,2,-1.0,1.0,0.0,8.41,4493.9077,-0.030109999999694992,8,2,2,-1.0,1.0,0.0,True,,4.5e-05
20.0,-,9,4562.48083,2,2,-1.0,-1.0,-2.0,4.0,4562.4876,-0.006769999999960419,9,2,2,-1.0,-1.0,-2.0,True,,2.2e-05
20.0,-,10,5992.32494,2,3,-1.0,0.0,-1.0,2.25,5992.35,-0.025059999999939464,10,2,3,-1.0,0.0,-1.0,True,,1.2e-05
20.0,-,11,6058.24256,2,3,-1.0,1.0,0.0,2.56,6058.2277,0.014859999999316642,11,2,3,-1.0,1.0,0.0,True,,1.4e-05
20.0,-,12,6126.1278,2,3,-1.0,-1.0,-2.0,1.69,6126.0749,0.05290000000059081,12,2,3,-1.0,-1.0,-2.0,True,,9.1e-06
20.0,-,14,7533.91615,2,4,-1.0,0.0,-1.0,1.69,7533.9529,-0.036750000000211,14,2,4,-1.0,0.0,-1.0,True,,9.1e-06
20.0,-,15,7599.22458,2,4,-1.0,1.0,0.0,1.96,7599.2118,0.012780000000020664,15,2,4,-1.0,1.0,0.0,True,,1.1e-05
20.0,-,16,7666.38545,2,4,-1.0,-1.0,-2.0,1.44,7666.3013,0.08414999999968131,16,2,4,-1.0,-1.0,-2.0,True,,7.7e-06
20.0,-,18,8942.69785,3,0,-1.0,0.0,-1.0,576.0,8942.6165,0.08135000000038417,18,3,0,-1.0,0.0,-1.0,True,,0.0031
20.0,-,19,9052.02954,2,5,-1.0,0.0,-1.0,0.81,9052.2036,-0.17406000000119093,19,2,5,-1.0,0.0,-1.0,True,,4.4e-06
20.0,-,20,9116.83498,2,5,-1.0,1.0,0.0,1.0,9116.8832,-0.04822000000058324,20,2,5,-1.0,1.0,0.0,True,,5.4e-06
20.0,-,21,9183.19197,2,5,-1.0,-1.0,-2.0,0.64,9183.1304,0.061569999999846914,21,2,5,-1.0,-1.0,-2.0,True,,3.4e-06
20.0,-,25,10519.58377,3,1,-1.0,0.0,-1.0,5.29,10519.5019,0.08186999999998079,25,3,1,-1.0,0.0,-1.0,True,,2.8e-05
20.0,-,26,10547.18243,2,6,-1.0,0.0,-1.0,1.69,10547.2502,-0.06776999999965483,26,2,6,-1.0,0.0,-1.0,True,,9.1e-06
20.0,-,27,10611.13262,2,6,-1.0,1.0,0.0,1.21,10611.2016,-0.06898000000001048,27,2,6,-1.0,1.0,0.0,True,,6.5e-06
20.0,-,28,10676.94625,2,6,-1.0,-1.0,-2.0,1.0,10676.9397,0.006550000000061118,28,2,6,-1.0,-1.0,-2.0,True,,5.4e-06
20.0,-,31,12043.47403,5,1,0.0,-1.0,-1.0,0.04,12037.3054,6.168630000000121,31,5,1,0.0,-1.0,-1.0,True,,2.2e-07
20.0,-,32,12072.21255,3,2,-1.0,0.0,-1.0,4.84,12072.1603,0.052250000000640284,32,3,2,-1.0,0.0,-1.0,True,,2.6e-05
20.0,-,33,12082.32482,2,7,-1.0,1.0,0.0,0.04,12082.108,0.2168199999996432,33,2,7,-1.0,1.0,0.0,True,,2.2e-07
20.0,-,34,12142.03909,2,7,-1.0,-1.0,-2.0,0.04,12141.0904,0.9486900000010792,34,2,7,-1.0,-1.0,-2.0,True,,2.2e-07
20.0,-,38,13466.37205,2,8,-1.0,0.0,-1.0,0.81,13466.7147,-0.3426500000005035,38,2,8,-1.0,0.0,-1.0,True,,4.4e-06
20.0,-,39,13529.442,2,8,-1.0,1.0,0.0,0.36,13529.6221,-0.1801000000014028,39,2,8,-1.0,1.0,0.0,True,,1.9e-06
20.0,-,40,13593.57191,2,8,-1.0,-1.0,-2.0,0.64,13593.4172,0.1547100000007049,40,2,8,-1.0,-1.0,-2.0,True,,3.4e-06
20.0,-,41,13600.53596,3,3,-1.0,0.0,-1.0,2.56,13600.4745,0.06145999999898777,41,3,3,-1.0,0.0,-1.0,True,,1.4e-05
20.0,-,46,14891.96032,2,9,-1.0,0.0,-1.0,0.03,14891.813,0.1473200000000361,46,2,9,-1.0,0.0,-1.0,True,,1.6e-07
20.0,-,47,14953.70665,2,9,-1.0,1.0,0.0,0.0181,14953.7449,-0.0382499999996071,47,2,9,-1.0,1.0,0.0,True,,9.7e-08
20.0,-,48,15017.6736,2,9,-1.0,-1.0,-2.0,0.0133,15017.5492,0.12440000000060536,48,2,9,-1.0,-1.0,-2.0,True,,7.2e-08
20.0,-,49,15104.47212,3,4,-1.0,0.0,-1.0,1.21,15104.4179,0.05421999999998661,49,3,4,-1.0,0.0,-1.0,True,,6.5e-06
20.0,-,59,16583.94075,3,5,-1.0,0.0,-1.0,0.36,16583.9354,0.005350000003090827,59,3,5,-1.0,0.0,-1.0,True,,1.9e-06
20.0,-,66,18038.85828,3,6,-1.0,0.0,-1.0,0.01,18038.8846,-0.026320000000850996,66,3,6,-1.0,0.0,-1.0,True,,5.4e-08
20.0,-,73,19469.16887,3,7,-1.0,0.0,-1.0,0.04,19469.2264,-0.0575299999982235,73,3,7,-1.0,0.0,-1.0,True,,2.2e-07
21.0,+,13,6934.76346,4,0,0.0,1.0,1.0,576.0,6934.6126,0.15085999999973865,13,4,0,0.0,1.0,1.0,True,,0.0031
21.0,+,17,8375.35611,4,1,0.0,1.0,1.0,3.61,8375.1971,0.15901000000121712,17,4,1,0.0,1.0,1.0,True,,1.9e-05
21.0,+,22,9793.77699,4,2,0.0,1.0,1.0,2.56,9793.6615,0.1154900000001362,22,4,2,0.0,1.0,1.0,True,,1.4e-05
21.0,+,29,11190.08411,4,3,0.0,1.0,1.0,2.89,11189.9864,0.0977100000000064,29,4,3,0.0,1.0,1.0,True,,1.6e-05
21.0,+,36,12530.08565,7,0,2.0,0.0,2.0,25.0,12530.0498,0.03585000000020955,36,7,0,2.0,0.0,2.0,True,,0.00013
21.0,+,37,12564.38285,4,4,0.0,1.0,1.0,1.96,12564.2604,0.12245000000075379,37,4,4,0.0,1.0,1.0,True,,1.1e-05
21.0,+,42,13906.83977,7,1,2.0,0.0,2.0,0.16,13906.7895,0.05026999999972759,42,7,1,2.0,0.0,2.0,True,,8.6e-07
21.0,+,43,13916.73857,4,5,0.0,1.0,1.0,1.44,13916.5907,0.14786999999887485,43,4,5,0.0,1.0,1.0,True,,7.7e-06
21.0,+,50,15247.22693,4,6,0.0,1.0,1.0,0.49,15247.0921,0.13483000000087486,50,4,6,0.0,1.0,1.0,True,,2.6e-06
21.0,+,51,15260.71237,7,2,2.0,0.0,2.0,0.36,15260.6685,0.04386999999951513,51,7,2,2.0,0.0,2.0,True,,1.9e-06
21.0,+,57,16555.90707,4,7,0.0,1.0,1.0,0.49,16555.888,0.01907000000210246,57,4,7,0.0,1.0,1.0,True,,2.6e-06
21.0,+,58,16591.76545,7,3,2.0,0.0,2.0,0.81,16591.7041,0.06134999999994761,58,7,3,2.0,0.0,2.0,True,,4.4e-06
21.0,+,62,17843.04741,4,8,0.0,1.0,1.0,0.01,17843.097,-0.04959000000235392,62,4,8,0.0,1.0,1.0,True,,5.4e-08
21.0,+,64,17900.06227,7,4,2.0,0.0,2.0,0.36,17899.9951,0.0671699999984412,64,7,4,2.0,0.0,2.0,True,,1.9e-06
21.0,+,71,19185.66596,7,5,2.0,0.0,2.0,0.25,19185.6148,0.05115999999907217,71,7,5,2.0,0.0,2.0,True,,1.3e-06
21.0,+,78,20448.62838,7,6,2.0,0.0,2.0,0.16,20448.5624,0.0659799999993993,78,7,6,2.0,0.0,2.0,True,,8.6e-07
21.0,+,81,20721.97829,6,0,1.0,0.0,1.0,225.0,20722.0057,-0.02741000000241911,81,6,0,1.0,0.0,1.0,True,,0.0012
21.0,+,82,20797.70566,6,0,1.0,-1.0,0.0,196.0,20797.8065,-0.1008399999991525,82,6,0,1.0,-1.0,0.0,True,,0.0011
21.0,+,83,20875.50338,6,0,1.0,1.0,2.0,169.0,20875.5104,-0.007020000000920845,83,6,0,1.0,1.0,2.0,True,,0.00091
21.0,+,86,21689.05221,7,7,2.0,0.0,2.0,0.36,21688.9878,0.06441000000268104,86,7,7,2.0,0.0,2.0,True,,1.9e-06
21.0,+,93,22467.17312,6,1,1.0,0.0,1.0,0.81,22467.1602,0.01292000000103144,93,6,1,1.0,0.0,1.0,True,,4.4e-06
21.0,+,94,22542.0391,6,1,1.0,-1.0,0.0,1.0,22542.0947,-0.05559999999968568,94,6,1,1.0,-1.0,0.0,True,,5.4e-06
21.0,+,95,22618.91582,6,1,1.0,1.0,2.0,0.81,22618.9034,0.012419999999110587,95,6,1,1.0,1.0,2.0,True,,4.4e-06
21.0,+,106,24174.6272,6,2,1.0,0.0,1.0,0.16,24174.7763,-0.14910000000236323,106,6,2,1.0,0.0,1.0,True,,8.6e-07
21.0,+,107,24248.60485,6,2,1.0,-1.0,0.0,0.09,24248.869,-0.26414999999906286,107,6,2,1.0,-1.0,0.0,True,,4.8e-07
21.0,+,109,24324.4252,6,2,1.0,1.0,2.0,0.25,24324.4245,0.0007000000005064066,109,6,2,1.0,1.0,2.0,True,,1.3e-06
21.0,+,120,25840.72361,6,3,1.0,0.0,1.0,1.69,25840.7083,0.015310000002500601,120,6,3,1.0,0.0,1.0,True,,9.1e-06
21.0,+,121,25913.72072,6,3,1.0,-1.0,0.0,2.56,25913.7847,-0.06397999999899184,121,6,3,1.0,-1.0,0.0,True,,1.4e-05
21.0,+,122,25988.5635,6,3,1.0,1.0,2.0,2.25,25988.5508,0.01269999999931315,122,6,3,1.0,1.0,2.0,True,,1.2e-05
21.0,+,132,27461.2576,6,4,1.0,0.0,1.0,0.36,27461.1023,0.15530000000217115,132,6,4,1.0,0.0,1.0,True,,1.9e-06
21.0,+,133,27533.298,6,4,1.0,-1.0,0.0,0.04,27532.8457,0.4522999999971944,133,6,4,1.0,-1.0,0.0,True,,2.2e-07
21.0,+,136,27606.94197,6,4,1.0,1.0,2.0,0.25,27607.0095,-0.06753000000026077,136,6,4,1.0,1.0,2.0,True,,1.3e-06
21.0,+,145,29030.52959,6,5,1.0,0.0,1.0,0.25,29030.5235,0.00608999999894877,145,6,5,1.0,0.0,1.0,True,,1.3e-06
21.0,+,147,29101.27304,6,5,1.0,-1.0,0.0,0.09,29101.3888,-0.11576000000059139,146,6,5,1.0,-1.0,0.0,True,,4.8e-07
21.0,+,149,29173.7104,6,5,1.0,1.0,2.0,0.16,29173.7312,-0.02079999999841675,148,6,5,1.0,1.0,2.0,True,,8.6e-07
21.0,+,158,30541.44901,6,6,1.0,0.0,1.0,0.0,30541.3936,0.055410000000847504,158,6,6,1.0,0.0,1.0,True,,0.0
21.0,+,159,30615.86422,6,6,1.0,1.0,2.0,0.0,30617.2367,-1.372480000001815,160,6,6,1.0,-1.0,0.0,False,,0.0
21.0,+,162,30682.03822,6,6,1.0,-1.0,0.0,0.0,30681.8764,0.16181999999753316,162,6,6,1.0,1.0,2.0,False,,0.0
21.0,+,170,31985.56632,6,7,1.0,0.0,1.0,0.04,31985.6357,-0.06937999999718159,170,6,7,1.0,0.0,1.0,True,,2.2e-07
21.0,+,171,32053.58892,6,7,1.0,-1.0,0.0,0.16,32053.7827,-0.19378000000142492,171,6,7,1.0,-1.0,0.0,True,,8.6e-07
21.0,+,173,32122.92597,6,7,1.0,1.0,2.0,0.04,32122.9757,-0.04972999999881722,173,6,7,1.0,1.0,2.0,True,,2.2e-07
21.0,+,181,33353.97334,6,8,1.0,0.0,1.0,0.16,33354.0555,-0.0821600000053877,181,6,8,1.0,0.0,1.0,True,,8.6e-07
21.0,+,182,33419.84726,6,8,1.0,-1.0,0.0,0.09,33419.6332,0.21406000000570202,182,6,8,1.0,-1.0,0.0,True,,4.8e-07
21.0,+,183,33487.93295,6,8,1.0,1.0,2.0,0.09,33487.8683,0.06465000000025611,183,6,8,1.0,1.0,2.0,True,,4.8e-07
21.0,+,194,34639.95741,6,9,1.0,0.0,1.0,0.0059,34639.6821,0.27531000000453787,193,6,9,1.0,0.0,1.0,True,,3.2e-08
21.0,+,195,34705.05099,6,9,1.0,1.0,2.0,0.0033,34705.3036,-0.2526099999959115,194,6,9,1.0,-1.0,0.0,False,,1.8e-08
21.0,+,200,34769.75583,6,9,1.0,-1.0,0.0,0.0059,34769.5124,0.2434300000022631,196,6,9,1.0,1.0,2.0,False,,3.2e-08
21.0,+,209,35841.61329,6,10,1.0,0.0,1.0,0.0051,35841.8085,-0.1952099999980419,206,6,10,1.0,0.0,1.0,True,,2.7e-08
21.0,+,210,35904.13091,6,10,1.0,-1.0,0.0,0.0028,35904.2533,-0.12238999999681255,207,6,10,1.0,-1.0,0.0,True,,1.5e-08
21.0,+,211,35970.4174,6,10,1.0,1.0,2.0,0.0028,35967.7365,2.680899999999383,210,6,10,1.0,1.0,2.0,True,,1.5e-08
21.0,-,2,1292.25413,2,0,-1.0,0.0,-1.0,625.0,1292.2532,0.0009299999999257125,2,2,0,-1.0,0.0,-1.0,True,,0.0034
21.0,-,3,1362.23781,2,0,-1.0,1.0,0.0,484.0,1362.2306,0.007209999999986394,3,2,0,-1.0,1.0,0.0,True,,0.0026
21.0,-,4,1435.86995,2,0,-1.0,-1.0,-2.0,576.0,1435.8789,-0.008949999999913416,4,2,0,-1.0,-1.0,-2.0,True,,0.0031
21.0,-,6,2903.29829,2,1,-1.0,0.0,-1.0,8.41,2903.2842,0.014090000000123837,6,2,1,-1.0,0.0,-1.0,True,,4.5e-05
21.0,-,7,2972.58344,2,1,-1.0,1.0,0.0,4.41,2972.5653,0.018139999999675638,7,2,1,-1.0,1.0,0.0,True,,2.4e-05
21.0,-,8,3045.51229,2,1,-1.0,-1.0,-2.0,10.24,3045.5074,0.004890000000159489,8,2,1,-1.0,-1.0,-2.0,True,,5.5e-05
21.0,-,10,4490.9977,2,2,-1.0,0.0,-1.0,7.29,4491.022,-0.02430000000003929,10,2,2,-1.0,0.0,-1.0,True,,3.9e-05
21.0,-,11,4559.57693,2,2,-1.0,1.0,0.0,5.76,4559.5984,-0.021469999999681022,11,2,2,-1.0,1.0,0.0,True,,3.1e-05
21.0,-,12,4631.80607,2,2,-1.0,-1.0,-2.0,5.29,4631.8383,-0.03223000000070897,12,2,2,-1.0,-1.0,-2.0,True,,2.8e-05
21.0,-,13,6055.35276,2,3,-1.0,0.0,-1.0,2.56,6055.3281,0.024660000000039872,13,2,3,-1.0,0.0,-1.0,True,,1.4e-05
21.0,-,14,6123.19969,2,3,-1.0,1.0,0.0,1.96,6123.1914,0.008290000000670261,14,2,3,-1.0,1.0,0.0,True,,1.1e-05
21.0,-,15,6194.7324,2,3,-1.0,-1.0,-2.0,2.89,6194.7404,-0.007999999999810825,15,2,3,-1.0,-1.0,-2.0,True,,1.6e-05
21.0,-,19,7596.34602,2,4,-1.0,0.0,-1.0,2.25,7596.2972,0.04881999999997788,19,2,4,-1.0,0.0,-1.0,True,,1.2e-05
21.0,-,20,7663.38429,2,4,-1.0,1.0,0.0,1.44,7663.4279,-0.04360999999971682,20,2,4,-1.0,1.0,0.0,True,,7.7e-06
21.0,-,21,7734.30751,2,4,-1.0,-1.0,-2.0,1.0,7734.3057,0.0018099999997502891,21,2,4,-1.0,-1.0,-2.0,True,,5.4e-06
21.0,-,25,9009.91236,3,0,-1.0,0.0,-1.0,1024.0,9009.9127,-0.0003400000005058246,25,3,0,-1.0,0.0,-1.0,True,,0.0055
21.0,-,26,9113.94451,2,5,-1.0,0.0,-1.0,0.81,9113.9528,-0.008289999999760767,26,2,5,-1.0,0.0,-1.0,True,,4.4e-06
21.0,-,27,9180.21947,2,5,-1.0,1.0,0.0,1.44,9180.285,-0.06552999999985332,27,2,5,-1.0,1.0,0.0,True,,7.7e-06
21.0,-,28,9250.49472,2,5,-1.0,-1.0,-2.0,1.44,9250.5567,-0.06197999999858439,28,2,5,-1.0,-1.0,-2.0,True,,7.7e-06
21.0,-,33,10586.08361,3,1,-1.0,0.0,-1.0,9.0,10586.0806,0.003010000000358559,33,3,1,-1.0,0.0,-1.0,True,,4.8e-05
21.0,-,34,10608.20934,2,6,-1.0,0.0,-1.0,1.0,10608.2527,-0.04335999999966589,34,2,6,-1.0,0.0,-1.0,True,,5.4e-06
21.0,-,35,10674.00221,2,6,-1.0,1.0,0.0,1.0,10674.047,-0.04478999999992084,35,2,6,-1.0,1.0,0.0,True,,5.4e-06
21.0,-,36,10743.33538,2,6,-1.0,-1.0,-2.0,1.21,10743.4493,-0.11391999999977998,36,2,6,-1.0,-1.0,-2.0,True,,6.5e-06
21.0,-,40,12078.90112,2,7,-1.0,0.0,-1.0,0.04,12079.1462,-0.24507999999877939,40,2,7,-1.0,0.0,-1.0,True,,2.2e-07
21.0,-,41,12137.97212,3,2,-1.0,0.0,-1.0,6.25,12138.006,-0.03387999999904423,41,3,2,-1.0,0.0,-1.0,True,,3.4e-05
21.0,-,42,12138.4221,2,7,-1.0,1.0,0.0,0.04,12139.6383,-1.2162000000007538,42,2,7,-1.0,1.0,0.0,True,,2.2e-07
21.0,-,43,12192.07981,5,1,0.0,-1.0,-1.0,0.09,12190.6819,1.3979099999996834,43,5,1,0.0,-1.0,-1.0,True,,4.8e-07
21.0,-,44,12213.52608,2,7,-1.0,-1.0,-2.0,0.04,12212.9636,0.5624800000005052,44,2,7,-1.0,-1.0,-2.0,True,,2.2e-07
21.0,-,49,13526.513,2,8,-1.0,0.0,-1.0,0.36,13526.6369,-0.1238999999986845,49,2,8,-1.0,0.0,-1.0,True,,1.9e-06
21.0,-,50,13590.53083,2,8,-1.0,1.0,0.0,0.81,13590.6336,-0.10276999999950931,50,2,8,-1.0,1.0,0.0,True,,4.4e-06
21.0,-,51,13658.92657,2,8,-1.0,-1.0,-2.0,0.16,13659.0115,-0.08493000000089523,51,2,8,-1.0,-1.0,-2.0,True,,8.6e-07
21.0,-,52,13665.59083,3,3,-1.0,0.0,-1.0,1.96,13665.6107,-0.019870000000082655,52,3,3,-1.0,0.0,-1.0,True,,1.1e-05
21.0,-,58,14950.73683,2,9,-1.0,0.0,-1.0,0.0181,14950.7359,0.0009300000001530861,58,2,9,-1.0,0.0,-1.0,True,,9.7e-08
21.0,-,59,15014.63636,2,9,-1.0,1.0,0.0,0.0133,15014.5971,0.039259999999558204,59,2,9,-1.0,1.0,0.0,True,,7.2e-08
21.0,-,60,15081.56101,2,9,-1.0,-1.0,-2.0,0.0133,15081.6959,-0.13489000000117812,60,2,9,-1.0,-1.0,-2.0,True,,7.2e-08
21.0,-,61,15168.80218,3,4,-1.0,0.0,-1.0,2.56,15168.8306,-0.028419999998732237,61,3,4,-1.0,0.0,-1.0,True,,1.4e-05
21.0,-,74,16647.55083,3,5,-1.0,0.0,-1.0,0.36,16647.6214,-0.07056999999986147,74,3,5,-1.0,0.0,-1.0,True,,1.9e-06
21.0,-,84,18101.77809,3,6,-1.0,0.0,-1.0,0.04,18101.9331,-0.15500999999858323,84,3,6,-1.0,0.0,-1.0,True,,2.2e-07
22.0,+,1,914.61873,1,0,0.0,0.0,0.0,484.0,914.6187,3.000000003794412e-05,1,1,0,0.0,0.0,0.0,True,,0.0026
22.0,+,5,2732.87795,1,1,0.0,0.0,0.0,84.84,2732.8788,-0.0008499999999003194,5,1,1,0.0,0.0,0.0,True,,0.00046
22.0,+,9,4522.68405,1,2,0.0,0.0,0.0,6.25,4522.7439,-0.05985000000055152,9,1,2,0.0,0.0,0.0,True,,3.4e-05
22.0,+,16,6283.07791,1,3,0.0,0.0,0.0,2.56,6283.1853,-0.10739000000012311,16,1,3,0.0,0.0,0.0,True,,1.4e-05
22.0,+,17,6934.58717,4,0,0.0,1.0,1.0,361.0,6934.6334,-0.046229999999923166,17,4,0,0.0,1.0,1.0,True,,0.0019
22.0,+,18,7068.22284,4,0,0.0,0.0,0.0,196.0,7068.1692,0.05364000000008673,18,4,0,0.0,0.0,0.0,True,,0.0011
22.0,+,22,8012.84558,1,4,0.0,0.0,0.0,1.0,8013.0125,-0.16691999999966356,22,1,4,0.0,0.0,0.0,True,,5.4e-06
22.0,+,23,8375.1834,4,1,0.0,1.0,1.0,1.96,8375.2224,-0.03900000000066939,23,4,1,0.0,1.0,1.0,True,,1.1e-05
22.0,+,24,8507.35212,4,1,0.0,0.0,0.0,1.44,8507.2786,0.07351999999991676,24,4,1,0.0,0.0,0.0,True,,7.7e-06
22.0,+,29,9710.33902,1,5,0.0,0.0,0.0,0.09,9710.6248,-0.2857800000001589,29,1,5,0.0,0.0,0.0,True,,4.8e-07
22.0,+,30,9793.61148,4,2,0.0,1.0,1.0,3.24,9793.7009,-0.08942000000024564,30,4,2,0.0,1.0,1.0,True,,1.7e-05
22.0,+,31,9924.29827,4,2,0.0,0.0,0.0,2.56,9924.2688,0.029469999999491847,31,4,2,0.0,0.0,0.0,True,,1.4e-05
22.0,+,37,11189.89506,4,3,0.0,1.0,1.0,2.25,11190.0057,-0.11063999999896623,37,4,3,0.0,1.0,1.0,True,,1.2e-05
22.0,+,38,11319.12256,4,3,0.0,0.0,0.0,2.56,11319.1013,0.0212599999995291,38,4,3,0.0,0.0,0.0,True,,1.4e-05
22.0,+,45,12564.19521,4,4,0.0,1.0,1.0,1.69,12564.2851,-0.08988999999928637,45,4,4,0.0,1.0,1.0,True,,9.1e-06
22.0,+,46,12593.84869,7,0,2.0,0.0,2.0,25.0,12593.8126,0.036090000001422595,46,7,0,2.0,0.0,2.0,True,,0.00013
22.0,+,47,12691.94924,4,4,0.0,0.0,0.0,1.69,12691.9093,0.03994000000056985,47,4,4,0.0,0.0,0.0,True,,9.1e-06
22.0,+,53,13916.53606,4,5,0.0,1.0,1.0,1.96,13916.6177,-0.08164000000033411,53,4,5,0.0,1.0,1.0,True,,1.1e-05
22.0,+,54,13969.85913,7,1,2.0,0.0,2.0,0.25,13969.8072,0.05193000000144821,54,7,1,2.0,0.0,2.0,True,,1.3e-06
22.0,+,55,14042.81888,4,5,0.0,0.0,0.0,1.96,14042.7641,0.05478000000039174,55,4,5,0.0,0.0,0.0,True,,1.1e-05
22.0,+,62,15247.03645,4,6,0.0,1.0,1.0,0.49,15247.121,-0.0845499999995809,62,4,6,0.0,1.0,1.0,True,,2.6e-06
22.0,+,63,15322.99234,7,2,2.0,0.0,2.0,0.36,15322.9414,0.05094000000099186,63,7,2,2.0,0.0,2.0,True,,1.9e-06
22.0,+,64,15371.84578,4,6,0.0,0.0,0.0,0.49,15371.7899,0.05587999999988824,64,4,6,0.0,0.0,0.0,True,,2.6e-06
22.0,+,65,15941.31383,8,0,0.0,0.0,0.0,36.0,15941.3044,0.009429999998246785,65,8,0,0.0,0.0,0.0,True,,0.00019
22.0,+,71,16555.78101,4,7,0.0,1.0,1.0,0.16,16555.9187,-0.13768999999956577,71,4,7,0.0,1.0,1.0,True,,8.6e-07
22.0,+,72,16653.29927,7,3,2.0,0.0,2.0,0.49,16653.233,0.06626999999934924,72,7,3,2.0,0.0,2.0,True,,2.6e-06
22.0,+,73,16679.1324,4,7,0.0,0.0,0.0,0.16,16679.1101,0.022299999996903352,73,4,7,0.0,0.0,0.0,True,,8.6e-07
22.0,+,75,17356.52966,8,1,0.0,0.0,0.0,0.36,17356.4372,0.09245999999984633,75,8,1,0.0,0.0,0.0,True,,1.9e-06
22.0,+,78,17842.87105,4,8,0.0,1.0,1.0,0.09,17843.1299,-0.2588499999983469,78,4,8,0.0,1.0,1.0,True,,4.8e-07
22.0,+,81,17960.8491,7,4,2.0,0.0,2.0,0.49,17960.7799,0.06919999999809079,81,7,4,2.0,0.0,2.0,True,,2.6e-06
22.0,+,82,17964.75072,4,8,0.0,0.0,0.0,0.04,17964.8437,-0.09298000000126194,82,4,8,0.0,0.0,0.0,True,,2.2e-07
22.0,+,85,18771.63903,8,2,0.0,0.0,0.0,0.04,18771.9212,-0.2821700000022247,85,8,2,0.0,0.0,0.0,True,,2.2e-07
22.0,+,91,19245.70523,7,5,2.0,0.0,2.0,0.16,19245.6551,0.05012999999962631,91,7,5,2.0,0.0,2.0,True,,8.6e-07
22.0,+,100,20507.92248,7,6,2.0,0.0,2.0,0.25,20507.8598,0.06268000000272878,100,7,6,2.0,0.0,2.0,True,,1.3e-06
22.0,+,103,20795.33592,6,0,1.0,0.0,1.0,196.0,20795.2401,0.09582000000227708,103,6,0,1.0,0.0,1.0,True,,0.0011
22.0,+,104,20873.29844,6,0,1.0,-1.0,0.0,196.0,20873.3199,-0.021459999999933643,104,6,0,1.0,-1.0,0.0,True,,0.0011
22.0,+,105,20955.24469,6,0,1.0,1.0,2.0,169.0,20955.4705,-0.22580999999991036,105,6,0,1.0,1.0,2.0,True,,0.00091
22.0,+,111,21747.59347,7,7,2.0,0.0,2.0,0.25,21747.5353,0.058170000000245636,111,7,7,2.0,0.0,2.0,True,,1.3e-06
22.0,+,117,22539.68392,6,1,1.0,0.0,1.0,0.49,22539.5474,0.13652000000001863,117,6,1,1.0,0.0,1.0,True,,2.6e-06
22.0,+,118,22616.71811,6,1,1.0,-1.0,0.0,1.0,22616.6836,0.034510000001318986,118,6,1,1.0,-1.0,0.0,True,,5.4e-06
22.0,+,119,22697.71563,6,1,1.0,1.0,2.0,0.64,22697.9257,-0.21007000000099652,119,6,1,1.0,1.0,2.0,True,,3.4e-06
22.0,+,123,22964.77053,7,8,2.0,0.0,2.0,0.01,22964.6426,0.12793000000237953,123,7,8,2.0,0.0,2.0,True,,5.4e-08
22.0,+,134,24246.31853,6,2,1.0,0.0,1.0,0.04,24246.3355,-0.01697000000058324,134,6,2,1.0,0.0,1.0,True,,2.2e-07
22.0,+,135,24322.26151,6,2,1.0,-1.0,0.0,0.25,24321.8842,0.37730999999985215,135,6,2,1.0,-1.0,0.0,True,,1.3e-06
22.0,+,139,24402.35838,6,2,1.0,1.0,2.0,0.09,24402.7553,-0.396919999999227,138,6,2,1.0,1.0,2.0,True,,4.8e-07
22.0,+,151,25911.4378,6,3,1.0,0.0,1.0,2.25,25911.2794,0.1584000000002561,151,6,3,1.0,0.0,1.0,True,,1.2e-05
22.0,+,152,25986.44661,6,3,1.0,-1.0,0.0,2.25,25986.3902,0.05640999999741325,152,6,3,1.0,-1.0,0.0,True,,1.2e-05
22.0,+,153,26065.36058,6,3,1.0,1.0,2.0,1.96,26065.613,-0.2524200000007113,153,6,3,1.0,1.0,2.0,True,,1.1e-05
22.0,+,167,27531.30599,6,4,1.0,0.0,1.0,0.04,27531.0326,0.27339000000210945,167,6,4,1.0,0.0,1.0,True,,2.2e-07
22.0,+,169,27605.11648,6,4,1.0,-1.0,0.0,0.16,27608.9578,-3.8413199999995413,169,6,4,1.0,1.0,2.0,False,,8.6e-07
22.0,+,171,27682.79951,6,4,1.0,1.0,2.0,0.36,27683.6295,-0.8299899999983609,171,6,4,1.0,-1.0,0.0,False,,1.9e-06
22.0,+,182,29099.07466,6,5,1.0,0.0,1.0,0.09,29098.9441,0.13055999999778578,182,6,5,1.0,0.0,1.0,True,,4.8e-07
22.0,+,184,29171.63429,6,5,1.0,-1.0,0.0,0.01,29171.6514,-0.017109999997046543,183,6,5,1.0,-1.0,0.0,True,,5.4e-08
22.0,+,186,29248.13254,6,5,1.0,1.0,2.0,0.09,29248.4608,-0.3282600000020466,185,6,5,1.0,1.0,2.0,True,,4.8e-07
22.0,+,199,30615.51639,6,6,1.0,0.0,1.0,0.0,30614.0901,1.426289999999426,200,6,6,1.0,0.0,1.0,True,,0.0
22.0,+,202,30679.91085,6,6,1.0,-1.0,0.0,0.0,30679.8078,0.10305000000153086,202,6,6,1.0,-1.0,0.0,True,,0.0
22.0,+,204,30756.57042,6,6,1.0,1.0,2.0,0.0,30758.631,-2.0605800000012096,204,6,6,1.0,1.0,2.0,True,,0.0
22.0,+,215,32051.49662,6,7,1.0,0.0,1.0,0.04,32051.4162,0.08042000000205007,215,6,7,1.0,0.0,1.0,True,,2.2e-07
22.0,+,217,32121.03762,6,7,1.0,-1.0,0.0,0.16,32121.0315,0.006119999998190906,216,6,7,1.0,-1.0,0.0,True,,8.6e-07
22.0,+,218,32194.41265,6,7,1.0,1.0,2.0,0.09,32194.8974,-0.48475000000325963,217,6,7,1.0,1.0,2.0,True,,4.8e-07
22.0,+,229,33417.63757,6,8,1.0,0.0,1.0,0.09,33417.5614,0.07617000000027474,229,6,8,1.0,0.0,1.0,True,,4.8e-07
22.0,+,230,33485.88912,6,8,1.0,-1.0,0.0,0.09,33485.9922,-0.103080000000773,230,6,8,1.0,-1.0,0.0,True,,4.8e-07
22.0,+,232,33557.02051,6,8,1.0,1.0,2.0,0.04,33556.5611,0.4594100000031176,231,6,8,1.0,1.0,2.0,True,,2.2e-07
22.0,+,247,34703.49796,6,9,1.0,0.0,1.0,0.0033,34702.8317,0.6662599999981467,244,6,9,1.0,0.0,1.0,True,,1.8e-08
22.0,+,248,34768.17512,6,9,1.0,-1.0,0.0,0.0059,34767.809,0.366119999998773,245,6,9,1.0,-1.0,0.0,True,,3.2e-08
22.0,+,252,34839.67551,6,9,1.0,1.0,2.0,0.0,34838.988,0.6875100000033854,249,6,9,1.0,1.0,2.0,True,,0.0
22.0,+,263,35902.30477,6,10,1.0,0.0,1.0,0.0051,35902.1568,0.14797000000544358,260,6,10,1.0,0.0,1.0,True,,2.7e-08
22.0,+,264,35966.14261,6,10,1.0,-1.0,0.0,0.0028,35966.0503,0.09230999999999767,262,6,10,1.0,-1.0,0.0,True,,1.5e-08
22.0,+,265,36033.13163,6,10,1.0,1.0,2.0,0.0028,36033.6402,-0.5085699999981443,264,6,10,1.0,1.0,2.0,True,,1.5e-08
22.0,-,1,1360.27066,2,0,-1.0,0.0,-1.0,625.0,1360.2655,0.005159999999932552,1,2,0,-1.0,0.0,-1.0,True,,0.0034
22.0,-,2,1434.25771,2,0,-1.0,1.0,0.0,576.0,1434.2586,-0.0008899999997993291,2,2,0,-1.0,1.0,0.0,True,,0.0031
22.0,-,3,1510.47637,2,0,-1.0,-1.0,-2.0,324.0,1510.4753,0.0010700000000269938,3,2,0,-1.0,-1.0,-2.0,True,,0.0017
22.0,-,4,2970.58929,2,1,-1.0,0.0,-1.0,4.41,2970.5856,0.0036900000000059663,4,2,1,-1.0,0.0,-1.0,True,,2.4e-05
22.0,-,5,3043.88585,2,1,-1.0,1.0,0.0,7.84,3043.873,0.012850000000071304,5,2,1,-1.0,1.0,0.0,True,,4.2e-05
22.0,-,6,3119.32907,2,1,-1.0,-1.0,-2.0,5.29,3119.3083,0.020769999999629363,6,2,1,-1.0,-1.0,-2.0,True,,2.8e-05
22.0,-,7,4557.55303,2,2,-1.0,0.0,-1.0,5.29,4557.6043,-0.051269999999931315,7,2,2,-1.0,0.0,-1.0,True,,2.8e-05
22.0,-,8,4630.16696,2,2,-1.0,1.0,0.0,8.41,4630.1884,-0.021440000000438886,8,2,2,-1.0,1.0,0.0,True,,4.5e-05
22.0,-,9,4704.82846,2,2,-1.0,-1.0,-2.0,3.61,4704.8302,-0.0017400000006091432,9,2,2,-1.0,-1.0,-2.0,True,,1.9e-05
22.0,-,10,6121.15449,2,3,-1.0,0.0,-1.0,2.25,6121.184,-0.02951000000030035,10,2,3,-1.0,0.0,-1.0,True,,1.2e-05
22.0,-,11,6193.09493,2,3,-1.0,1.0,0.0,2.56,6193.0738,0.021130000000084692,11,2,3,-1.0,1.0,0.0,True,,1.4e-05
22.0,-,12,6266.95414,2,3,-1.0,-1.0,-2.0,2.25,6266.9086,0.04554000000007363,12,2,3,-1.0,-1.0,-2.0,True,,1.2e-05
22.0,-,14,7661.35656,2,4,-1.0,0.0,-1.0,1.44,7661.4111,-0.054540000000088185,14,2,4,-1.0,0.0,-1.0,True,,7.7e-06
22.0,-,15,7732.68093,2,4,-1.0,1.0,0.0,1.44,7732.6209,0.06003000000055181,15,2,4,-1.0,1.0,0.0,True,,7.7e-06
22.0,-,16,7805.69851,2,4,-1.0,-1.0,-2.0,1.0,7805.6201,0.07841000000007625,16,2,4,-1.0,-1.0,-2.0,True,,5.4e-06
22.0,-,18,9080.48641,3,0,-1.0,0.0,-1.0,576.0,9080.3888,0.09760999999889464,18,3,0,-1.0,0.0,-1.0,True,,0.0031
22.0,-,19,9178.07084,2,5,-1.0,0.0,-1.0,1.21,9178.2755,-0.20465999999942142,19,2,5,-1.0,0.0,-1.0,True,,6.5e-06
22.0,-,20,9248.80664,2,5,-1.0,1.0,0.0,1.0,9248.8524,-0.04575999999906344,20,2,5,-1.0,1.0,0.0,True,,5.4e-06
22.0,-,21,9320.9768,2,5,-1.0,-1.0,-2.0,1.0,9320.9223,0.054500000000189175,21,2,5,-1.0,-1.0,-2.0,True,,5.4e-06
22.0,-,25,10655.90585,3,1,-1.0,0.0,-1.0,4.41,10655.8058,0.10004999999910069,25,3,1,-1.0,0.0,-1.0,True,,2.4e-05
22.0,-,26,10671.91824,2,6,-1.0,0.0,-1.0,1.21,10671.9717,-0.053459999999176944,26,2,6,-1.0,0.0,-1.0,True,,6.5e-06
22.0,-,27,10741.68827,2,6,-1.0,1.0,0.0,0.81,10741.726,-0.03773000000001048,27,2,6,-1.0,1.0,0.0,True,,4.4e-06
22.0,-,28,10813.26695,2,6,-1.0,-1.0,-2.0,1.21,10813.2637,0.0032499999997526174,28,2,6,-1.0,-1.0,-2.0,True,,6.5e-06
22.0,-,31,12193.38447,5,1,0.0,-1.0,-1.0,0.04,12189.4294,3.955069999999978,31,5,1,0.0,-1.0,-1.0,True,,2.2e-07
22.0,-,32,12207.05952,3,2,-1.0,0.0,-1.0,4.0,12206.9883,0.07121999999981199,32,3,2,-1.0,0.0,-1.0,True,,2.2e-05
22.0,-,33,12212.07488,2,7,-1.0,1.0,0.0,0.04,12211.1948,0.8800800000008167,33,2,7,-1.0,1.0,0.0,True,,2.2e-07
22.0,-,34,12278.3215,2,7,-1.0,-1.0,-2.0,0.01,12277.8669,0.45459999999911815,34,2,7,-1.0,-1.0,-2.0,True,,5.4e-08
22.0,-,38,13588.23278,2,8,-1.0,0.0,-1.0,0.81,13588.621,-0.38821999999890977,38,2,8,-1.0,0.0,-1.0,True,,4.4e-06
22.0,-,39,13657.04,2,8,-1.0,1.0,0.0,0.16,13657.2422,-0.2021999999997206,39,2,8,-1.0,1.0,0.0,True,,8.6e-07
22.0,-,40,13726.75813,2,8,-1.0,-1.0,-2.0,0.49,13726.6374,0.1207300000005489,40,2,8,-1.0,-1.0,-2.0,True,,2.6e-06
22.0,-,41,13733.89933,3,3,-1.0,0.0,-1.0,1.69,13733.8241,0.07523000000037428,41,3,3,-1.0,0.0,-1.0,True,,9.1e-06
22.0,-,46,15012.58143,2,9,-1.0,0.0,-1.0,0.0093,15012.4028,0.17863000000033935,46,2,9,-1.0,0.0,-1.0,True,,5e-08
22.0,-,47,15079.93191,2,9,-1.0,1.0,0.0,0.0059,15079.9075,0.02440999999998894,47,2,9,-1.0,1.0,0.0,True,,3.2e-08
22.0,-,48,15152.2714,2,9,-1.0,-1.0,-2.0,0.0059,15149.3412,2.9301999999988766,48,2,9,-1.0,-1.0,-2.0,True,,3.2e-08
22.0,-,49,15236.34603,3,4,-1.0,0.0,-1.0,0.64,15236.2854,0.06062999999994645,49,3,4,-1.0,0.0,-1.0,True,,3.4e-06
22.0,-,59,16714.31613,3,5,-1.0,0.0,-1.0,0.16,16714.3149,0.001229999998031417,59,3,5,-1.0,0.0,-1.0,True,,8.6e-07
22.0,-,66,18167.73791,3,6,-1.0,0.0,-1.0,0.01,18167.7821,-0.0441900000005262,66,3,6,-1.0,0.0,-1.0,True,,5.4e-08
23.0,+,13,7068.34348,4,0,0.0,1.0,1.0,441.0,7068.1918,0.15168000000085158,13,4,0,0.0,1.0,1.0,True,,0.0024
23.0,+,17,8507.46349,4,1,0.0,1.0,1.0,1.44,8507.3047,0.15878999999949883,17,4,1,0.0,1.0,1.0,True,,7.7e-06
23.0,+,22,9924.41433,4,2,0.0,1.0,1.0,2.25,9924.298,0.1163299999989249,22,4,2,0.0,1.0,1.0,True,,1.2e-05
23.0,+,29,11319.25436,4,3,0.0,1.0,1.0,2.25,11319.1525,0.10186000000066997,29,4,3,0.0,1.0,1.0,True,,1.2e-05
23.0,+,36,12660.4838,7,0,2.0,0.0,2.0,25.0,12660.4475,0.03629999999975553,36,7,0,2.0,0.0,2.0,True,,0.00013
23.0,+,37,12692.08577,4,4,0.0,1.0,1.0,1.96,12691.9562,0.12956999999914842,37,4,4,0.0,1.0,1.0,True,,1.1e-05
23.0,+,42,14035.72068,7,1,2.0,0.0,2.0,0.16,14035.663,0.05767999999989115,42,7,1,2.0,0.0,2.0,True,,8.6e-07
23.0,+,43,14042.9436,4,5,0.0,1.0,1.0,1.44,14042.8167,0.12690000000111468,43,4,5,0.0,1.0,1.0,True,,7.7e-06
23.0,+,50,15371.98211,4,6,0.0,1.0,1.0,0.64,15371.8491,0.1330100000013772,50,4,6,0.0,1.0,1.0,True,,3.4e-06
23.0,+,51,15388.07406,7,2,2.0,0.0,2.0,0.36,15388.0186,0.05546000000140339,51,7,2,2.0,0.0,2.0,True,,1.9e-06
23.0,+,57,16679.24551,4,7,0.0,1.0,1.0,0.25,16679.1763,0.06921000000147615,57,4,7,0.0,1.0,1.0,True,,1.3e-06
23.0,+,58,16717.60429,7,3,2.0,0.0,2.0,0.49,16717.5323,0.07199000000036904,58,7,3,2.0,0.0,2.0,True,,2.6e-06
23.0,+,62,17964.84312,4,8,0.0,1.0,1.0,0.01,17964.9173,-0.07417999999961467,62,4,8,0.0,1.0,1.0,True,,5.4e-08
23.0,+,64,18024.37245,7,4,2.0,0.0,2.0,0.36,18024.3012,0.07124999999723514,64,7,4,2.0,0.0,2.0,True,,1.9e-06
23.0,+,71,19308.44969,7,5,2.0,0.0,2.0,0.16,19308.3978,0.05189000000245869,71,7,5,2.0,0.0,2.0,True,,8.6e-07
23.0,+,78,20569.88127,7,6,2.0,0.0,2.0,0.25,20569.8255,0.055770000002667075,78,7,6,2.0,0.0,2.0,True,,1.3e-06
23.0,+,81,20871.69421,6,0,1.0,0.0,1.0,225.0,20871.7204,-0.026189999996859115,81,6,0,1.0,0.0,1.0,True,,0.0012
23.0,+,82,20954.19562,6,0,1.0,-1.0,0.0,169.0,20954.2964,-0.10078000000066822,82,6,0,1.0,-1.0,0.0,True,,0.00091
23.0,+,83,21038.68528,6,0,1.0,1.0,2.0,144.0,21038.6921,-0.0068199999986973125,83,6,0,1.0,1.0,2.0,True,,0.00077
23.0,+,86,21808.76927,7,7,2.0,0.0,2.0,0.25,21808.7172,0.05207000000154949,86,7,7,2.0,0.0,2.0,True,,1.3e-06
23.0,+,93,22615.14,6,1,1.0,0.0,1.0,0.81,22615.1209,0.019099999997706618,93,6,1,1.0,0.0,1.0,True,,4.4e-06
23.0,+,94,22696.68917,6,1,1.0,-1.0,0.0,0.81,22696.7375,-0.04832999999780441,94,6,1,1.0,-1.0,0.0,True,,4.4e-06
23.0,+,95,22780.18487,6,1,1.0,1.0,2.0,0.36,22780.1635,0.021370000002207235,95,6,1,1.0,1.0,2.0,True,,1.9e-06
23.0,+,106,24320.69469,6,2,1.0,0.0,1.0,0.16,24320.8167,-0.1220099999991362,106,6,2,1.0,0.0,1.0,True,,8.6e-07
23.0,+,108,24401.34889,6,2,1.0,-1.0,0.0,0.16,24401.5825,-0.23360999999931664,107,6,2,1.0,-1.0,0.0,True,,8.6e-07
23.0,+,110,24483.73254,6,2,1.0,1.0,2.0,0.16,24483.6661,0.06644000000233063,110,6,2,1.0,1.0,2.0,True,,8.6e-07
23.0,+,120,25984.89315,6,3,1.0,0.0,1.0,1.69,25984.8524,0.040750000000116415,120,6,3,1.0,0.0,1.0,True,,9.1e-06
23.0,+,121,26064.38904,6,3,1.0,-1.0,0.0,1.96,26064.429,-0.0399600000018836,121,6,3,1.0,-1.0,0.0,True,,1.1e-05
23.0,+,122,26145.65711,6,3,1.0,1.0,2.0,1.21,26145.6398,0.017309999999270076,122,6,3,1.0,1.0,2.0,True,,6.5e-06
23.0,+,132,27603.24461,6,4,1.0,0.0,1.0,0.49,27603.0376,0.20701000000190106,132,6,4,1.0,0.0,1.0,True,,2.6e-06
23.0,+,134,27682.25802,6,4,1.0,-1.0,0.0,0.25,27683.0845,-0.8264799999997194,134,6,4,1.0,-1.0,0.0,True,,1.3e-06
23.0,+,136,27761.67027,6,4,1.0,1.0,2.0,0.49,27761.7245,-0.05423000000155298,136,6,4,1.0,1.0,2.0,True,,2.6e-06
23.0,+,145,29170.17341,6,5,1.0,0.0,1.0,0.09,29170.1718,0.0016099999993457459,145,6,5,1.0,0.0,1.0,True,,4.8e-07
23.0,+,147,29247.25897,6,5,1.0,-1.0,0.0,0.09,29247.3235,-0.06452999999964959,146,6,5,1.0,-1.0,0.0,True,,4.8e-07
23.0,+,150,29325.87807,6,5,1.0,1.0,2.0,0.16,29325.903,-0.02492999999958556,148,6,5,1.0,1.0,2.0,True,,8.6e-07
23.0,+,158,30678.32285,6,6,1.0,0.0,1.0,0.16,30678.3898,-0.06695000000036089,158,6,6,1.0,0.0,1.0,True,,8.6e-07
23.0,+,160,30755.63434,6,6,1.0,1.0,2.0,0.0,30756.9132,-1.2788599999985308,160,6,6,1.0,-1.0,0.0,False,,0.0
23.0,+,162,30831.26173,6,6,1.0,-1.0,0.0,0.09,30831.1331,0.12862999999924796,162,6,6,1.0,1.0,2.0,False,,4.8e-07
23.0,+,170,32119.55587,6,7,1.0,0.0,1.0,0.09,32119.6327,-0.07682999999815365,170,6,7,1.0,0.0,1.0,True,,4.8e-07
23.0,+,171,32193.65741,6,7,1.0,-1.0,0.0,0.04,32193.8099,-0.15249000000039814,171,6,7,1.0,-1.0,0.0,True,,2.2e-07
23.0,+,173,32268.87589,6,7,1.0,1.0,2.0,0.04,32268.9618,-0.0859100000016042,173,6,7,1.0,1.0,2.0,True,,2.2e-07
23.0,+,181,33484.40004,6,8,1.0,0.0,1.0,0.04,33484.6499,-0.24985999999626074,181,6,8,1.0,0.0,1.0,True,,2.2e-07
23.0,+,182,33556.04826,6,8,1.0,-1.0,0.0,0.09,33555.8001,0.24816000000282656,182,6,8,1.0,-1.0,0.0,True,,4.8e-07
23.0,+,184,33630.2729,6,8,1.0,1.0,2.0,0.04,33630.1239,0.14900000000488944,183,6,8,1.0,1.0,2.0,True,,2.2e-07
23.0,+,192,34766.72178,6,9,1.0,0.0,1.0,0.0033,34766.5384,0.18338000000221655,193,6,9,1.0,0.0,1.0,True,,1.8e-08
23.0,+,195,34839.13102,6,9,1.0,-1.0,0.0,0.0033,34837.7038,1.4272199999977602,195,6,9,1.0,-1.0,0.0,True,,1.8e-08
23.0,+,199,34907.86373,6,9,1.0,1.0,2.0,0.0059,34907.7964,0.06732999999803724,197,6,9,1.0,1.0,2.0,True,,3.2e-08
23.0,+,209,35964.72518,6,10,1.0,0.0,1.0,0.0051,35964.8303,-0.10512000000016997,206,6,10,1.0,0.0,1.0,True,,2.7e-08
23.0,+,210,36033.29743,6,10,1.0,-1.0,0.0,0.0028,36032.7647,0.5327299999989918,208,6,10,1.0,-1.0,0.0,True,,1.5e-08
23.0,+,211,36101.88189,6,10,1.0,1.0,2.0,0.0028,36101.7199,0.16199000000051456,210,6,10,1.0,1.0,2.0,True,,1.5e-08
23.0,-,2,1431.63753,2,0,-1.0,0.0,-1.0,625.0,1431.6366,0.0009299999999257125,2,2,0,-1.0,0.0,-1.0,True,,0.0034
23.0,-,3,1507.75859,2,0,-1.0,1.0,0.0,400.0,1507.7489,0.009689999999864085,3,2,0,-1.0,1.0,0.0,True,,0.0022
23.0,-,4,1587.70848,2,0,-1.0,-1.0,-2.0,529.0,1587.7162,-0.00772000000006301,4,2,0,-1.0,-1.0,-2.0,True,,0.0028
23.0,-,6,3041.25903,2,1,-1.0,0.0,-1.0,7.84,3041.2408,0.01823000000013053,6,2,1,-1.0,0.0,-1.0,True,,4.2e-05
23.0,-,7,3116.60538,2,1,-1.0,1.0,0.0,6.25,3116.5863,0.01908000000003085,7,2,1,-1.0,1.0,0.0,True,,3.4e-05
23.0,-,8,3195.79239,2,1,-1.0,-1.0,-2.0,6.76,3195.7833,0.009090000000014697,8,2,1,-1.0,-1.0,-2.0,True,,3.6e-05
23.0,-,10,4627.53094,2,2,-1.0,0.0,-1.0,9.0,4627.5448,-0.01386000000002241,10,2,2,-1.0,0.0,-1.0,True,,4.8e-05
23.0,-,11,4702.09256,2,2,-1.0,1.0,0.0,5.29,4702.1135,-0.020940000000337022,11,2,2,-1.0,1.0,0.0,True,,2.8e-05
23.0,-,12,4780.5159,2,2,-1.0,-1.0,-2.0,6.76,4780.5449,-0.028999999999541615,12,2,2,-1.0,-1.0,-2.0,True,,3.6e-05
23.0,-,13,6190.44197,2,3,-1.0,0.0,-1.0,3.24,6190.4176,0.02437000000008993,13,2,3,-1.0,0.0,-1.0,True,,1.7e-05
23.0,-,14,6264.20942,2,3,-1.0,1.0,0.0,3.24,6264.1992,0.01022000000011758,14,2,3,-1.0,1.0,0.0,True,,1.7e-05
23.0,-,15,6341.89146,2,3,-1.0,-1.0,-2.0,2.25,6341.878,0.013460000000122818,15,2,3,-1.0,-1.0,-2.0,True,,1.2e-05
23.0,-,19,7729.9873,2,4,-1.0,0.0,-1.0,1.44,7729.951,0.03629999999975553,19,2,4,-1.0,0.0,-1.0,True,,7.7e-06
23.0,-,20,7802.92637,2,4,-1.0,1.0,0.0,1.21,7802.9229,0.003470000000561413,20,2,4,-1.0,1.0,0.0,True,,6.5e-06
23.0,-,21,7879.86867,2,4,-1.0,-1.0,-2.0,1.0,7879.8715,-0.002830000000358268,21,2,4,-1.0,-1.0,-2.0,True,,5.4e-06
23.0,-,25,9154.04031,3,0,-1.0,0.0,-1.0,961.0,9154.0413,-0.000990000000456348,25,3,0,-1.0,0.0,-1.0,True,,0.0052
23.0,-,26,9246.15227,2,5,-1.0,0.0,-1.0,1.21,9246.1679,-0.01562999999987369,26,2,5,-1.0,0.0,-1.0,True,,6.5e-06
23.0,-,27,9318.17443,2,5,-1.0,1.0,0.0,0.49,9318.2559,-0.0814700000009907,27,2,5,-1.0,1.0,0.0,True,,2.6e-06
23.0,-,28,9394.47942,2,5,-1.0,-1.0,-2.0,1.21,9394.5473,-0.06788000000051397,28,2,5,-1.0,-1.0,-2.0,True,,6.5e-06
23.0,-,33,10728.67643,3,1,-1.0,0.0,-1.0,8.41,10728.6722,0.004229999998642597,33,3,1,-1.0,0.0,-1.0,True,,4.5e-05
23.0,-,34,10738.96258,2,6,-1.0,0.0,-1.0,1.0,10739.0247,-0.06212000000050466,34,2,6,-1.0,0.0,-1.0,True,,5.4e-06
23.0,-,35,10810.49912,2,6,-1.0,1.0,0.0,1.0,10810.5443,-0.045179999999163556,35,2,6,-1.0,1.0,0.0,True,,5.4e-06
23.0,-,36,10885.72951,2,6,-1.0,-1.0,-2.0,1.21,10885.8593,-0.1297900000008667,36,2,6,-1.0,-1.0,-2.0,True,,6.5e-06
23.0,-,40,12208.2589,2,7,-1.0,0.0,-1.0,0.04,12208.4723,-0.21339999999872816,40,2,7,-1.0,0.0,-1.0,True,,2.2e-07
23.0,-,41,12274.98841,2,7,-1.0,1.0,0.0,0.04,12276.0398,-1.0513900000005378,41,2,7,-1.0,1.0,0.0,True,,2.2e-07
23.0,-,42,12279.04054,3,2,-1.0,0.0,-1.0,5.76,12279.0627,-0.02216000000044005,42,3,2,-1.0,0.0,-1.0,True,,3.1e-05
23.0,-,43,12351.97952,2,7,-1.0,-1.0,-2.0,0.001,12353.6832,-1.7036799999987124,43,2,7,-1.0,-1.0,-2.0,True,,5.4e-09
23.0,-,44,12363.54662,5,1,0.0,-1.0,-1.0,0.001,12359.9772,3.569419999999809,44,5,1,0.0,-1.0,-1.0,True,,5.4e-09
23.0,-,49,13654.34898,2,8,-1.0,0.0,-1.0,0.25,13654.5078,-0.15881999999874097,49,2,8,-1.0,0.0,-1.0,True,,1.3e-06
23.0,-,50,13723.88091,2,8,-1.0,1.0,0.0,0.36,13724.0342,-0.15329000000019732,50,2,8,-1.0,1.0,0.0,True,,1.9e-06
23.0,-,51,13799.55351,2,8,-1.0,-1.0,-2.0,0.25,13798.244,1.3095099999991362,51,2,8,-1.0,-1.0,-2.0,True,,1.3e-06
23.0,-,52,13805.08979,3,3,-1.0,0.0,-1.0,1.96,13805.1103,-0.0205100000002858,52,3,3,-1.0,0.0,-1.0,True,,1.1e-05
23.0,-,58,15077.11771,2,9,-1.0,0.0,-1.0,0.0093,15077.1512,-0.03348999999980151,58,2,9,-1.0,0.0,-1.0,True,,5e-08
23.0,-,59,15146.69362,2,9,-1.0,1.0,0.0,0.0093,15146.5606,0.13301999999930558,59,2,9,-1.0,1.0,0.0,True,,5e-08
23.0,-,60,15219.16264,2,9,-1.0,-1.0,-2.0,0.0093,15219.334,-0.17136000000027707,60,2,9,-1.0,-1.0,-2.0,True,,5e-08
23.0,-,61,15306.73936,3,4,-1.0,0.0,-1.0,2.25,15306.7788,-0.03944000000046799,61,3,4,-1.0,0.0,-1.0,True,,1.2e-05
23.0,-,74,16783.9101,3,5,-1.0,0.0,-1.0,0.36,16784.0122,-0.10210000000006403,74,3,5,-1.0,0.0,-1.0,True,,1.9e-06
23.0,-,83,18236.5264,3,6,-1.0,0.0,-1.0,0.09,18236.3044,0.22199999999793363,83,3,6,-1.0,0.0,-1.0,True,,4.8e-07
24.0,+,1,1084.12933,1,0,0.0,0.0,0.0,441.0,1084.1321,-0.0027700000000550062,1,1,0,0.0,0.0,0.0,True,,0.0024
24.0,+,5,2900.67543,1,1,0.0,0.0,0.0,84.41,2900.6765,-0.0010700000002543675,5,1,1,0.0,0.0,0.0,True,,0.00045
24.0,+,9,4688.73231,1,2,0.0,0.0,0.0,6.76,4688.8074,-0.0750899999993635,9,1,2,0.0,0.0,0.0,True,,3.6e-05
24.0,+,16,6447.33478,1,3,0.0,0.0,0.0,1.96,6447.4788,-0.1440199999997276,16,1,3,0.0,0.0,0.0,True,,1.1e-05
24.0,+,17,7068.16347,4,0,0.0,1.0,1.0,324.0,7068.2145,-0.05102999999962776,17,4,0,0.0,1.0,1.0,True,,0.0017
24.0,+,18,7213.56728,4,0,0.0,0.0,0.0,169.0,7213.5061,0.061180000000604196,18,4,0,0.0,0.0,0.0,True,,0.00091
24.0,+,22,8175.25804,1,4,0.0,0.0,0.0,0.36,8175.4858,-0.22776000000067143,22,1,4,0.0,0.0,0.0,True,,1.9e-06
24.0,+,23,8507.28469,4,1,0.0,1.0,1.0,1.96,8507.3328,-0.048109999999724096,23,4,1,0.0,1.0,1.0,True,,1.1e-05
24.0,+,24,8651.09421,4,1,0.0,0.0,0.0,1.96,8651.013,0.0812099999984639,24,4,1,0.0,0.0,0.0,True,,1.1e-05
24.0,+,29,9870.8264,1,5,0.0,0.0,0.0,0.04,9871.1993,-0.37290000000029977,29,1,5,0.0,0.0,0.0,True,,2.2e-07
24.0,+,30,9924.26168,4,2,0.0,1.0,1.0,2.89,9924.3511,-0.08942000000024564,30,4,2,0.0,1.0,1.0,True,,1.6e-05
24.0,+,31,10066.44521,4,2,0.0,0.0,0.0,1.96,10066.4014,0.04380999999921187,31,4,2,0.0,0.0,0.0,True,,1.1e-05
24.0,+,37,11319.05746,4,3,0.0,1.0,1.0,2.89,11319.1747,-0.11723999999958323,37,4,3,0.0,1.0,1.0,True,,1.6e-05
24.0,+,38,11459.66675,4,3,0.0,0.0,0.0,2.25,11459.6336,0.03315000000111468,38,4,3,0.0,0.0,0.0,True,,1.2e-05
24.0,+,39,11531.93371,1,6,0.0,0.0,0.0,0.01,11532.531,-0.5972900000015215,39,1,6,0.0,0.0,0.0,True,,5.4e-08
24.0,+,45,12691.87864,4,4,0.0,1.0,1.0,1.96,12691.9837,-0.1050599999998667,45,4,4,0.0,1.0,1.0,True,,1.1e-05
24.0,+,46,12729.98617,7,0,2.0,0.0,2.0,25.0,12729.951,0.03517000000101689,46,7,0,2.0,0.0,2.0,True,,0.00013
24.0,+,47,12830.88411,4,4,0.0,0.0,0.0,1.96,12830.8379,0.04621000000042841,47,4,4,0.0,0.0,0.0,True,,1.1e-05
24.0,+,53,14042.74842,4,5,0.0,1.0,1.0,1.44,14042.847,-0.09857999999985623,53,4,5,0.0,1.0,1.0,True,,7.7e-06
24.0,+,54,14104.41296,7,1,2.0,0.0,2.0,0.09,14104.3535,0.059460000000399305,54,7,1,2.0,0.0,2.0,True,,4.8e-07
24.0,+,55,14180.17187,4,5,0.0,0.0,0.0,1.96,14180.0919,0.0799700000006851,55,4,5,0.0,0.0,0.0,True,,1.1e-05
24.0,+,61,15371.78776,4,6,0.0,1.0,1.0,0.64,15371.8815,-0.09374000000025262,61,4,6,0.0,1.0,1.0,True,,3.4e-06
24.0,+,63,15455.9556,7,2,2.0,0.0,2.0,0.36,15455.8964,0.0591999999996915,63,7,2,2.0,0.0,2.0,True,,1.9e-06
24.0,+,64,15507.5743,4,6,0.0,0.0,0.0,0.49,15507.5174,0.056899999999586726,64,4,6,0.0,0.0,0.0,True,,2.6e-06
24.0,+,65,16079.30788,8,0,0.0,0.0,0.0,36.0,16079.3072,0.0006800000010116491,65,8,0,0.0,0.0,0.0,True,,0.00019
24.0,+,70,16679.02523,4,7,0.0,1.0,1.0,0.25,16679.211,-0.18577000000004773,70,4,7,0.0,1.0,1.0,True,,1.3e-06
24.0,+,72,16784.67636,7,3,2.0,0.0,2.0,0.64,16784.5983,0.07805999999982305,72,7,3,2.0,0.0,2.0,True,,3.4e-06
24.0,+,73,16813.1823,4,7,0.0,0.0,0.0,0.16,16813.2381,-0.05579999999827123,73,4,7,0.0,0.0,0.0,True,,8.6e-07
24.0,+,75,17493.55175,8,1,0.0,0.0,0.0,0.36,17493.4606,0.0911500000001979,75,8,1,0.0,0.0,0.0,True,,1.9e-06
24.0,+,78,17964.66721,4,8,0.0,1.0,1.0,0.09,17964.9545,-0.2872900000002119,78,4,8,0.0,1.0,1.0,True,,4.8e-07
24.0,+,81,18090.62731,7,4,2.0,0.0,2.0,0.49,18090.5553,0.0720099999998638,81,7,4,2.0,0.0,2.0,True,,2.6e-06
24.0,+,82,18097.24085,4,8,0.0,0.0,0.0,0.04,18097.3726,-0.13175000000046566,82,4,8,0.0,0.0,0.0,True,,2.2e-07
24.0,+,85,18907.84511,8,2,0.0,0.0,0.0,0.09,18908.1439,-0.29879000000073574,85,8,2,0.0,0.0,0.0,True,,4.8e-07
24.0,+,91,19373.88208,7,5,2.0,0.0,2.0,0.09,19373.8395,0.04258000000118045,91,7,5,2.0,0.0,2.0,True,,4.8e-07
24.0,+,100,20634.5002,7,6,2.0,0.0,2.0,0.25,20634.4559,0.044299999997747364,100,7,6,2.0,0.0,2.0,True,,1.3e-06
24.0,+,103,20952.00978,6,0,1.0,0.0,1.0,196.0,20951.8945,0.11528000000180327,103,6,0,1.0,0.0,1.0,True,,0.0011
24.0,+,104,21036.61124,6,0,1.0,-1.0,0.0,169.0,21036.6345,-0.023260000001755543,104,6,0,1.0,-1.0,0.0,True,,0.00091
24.0,+,105,21125.40113,6,0,1.0,1.0,2.0,169.0,21125.6425,-0.2413700000033714,105,6,0,1.0,1.0,2.0,True,,0.00091
24.0,+,111,21872.58039,7,7,2.0,0.0,2.0,0.16,21872.5298,0.050589999998919666,111,7,7,2.0,0.0,2.0,True,,8.6e-07
24.0,+,117,22694.51623,6,1,1.0,0.0,1.0,0.49,22694.3595,0.1567300000024261,117,6,1,1.0,0.0,1.0,True,,2.6e-06
24.0,+,118,22778.11568,6,1,1.0,-1.0,0.0,0.64,22778.0741,0.041579999997338746,118,6,1,1.0,-1.0,0.0,True,,3.4e-06
24.0,+,119,22865.86548,6,1,1.0,1.0,2.0,0.36,22866.0686,-0.20311999999830732,119,6,1,1.0,1.0,2.0,True,,1.9e-06
24.0,+,123,23088.11335,7,8,2.0,0.0,2.0,0.01,23088.0425,0.07085000000006403,123,7,8,2.0,0.0,2.0,True,,5.4e-08
24.0,+,134,24399.27698,6,2,1.0,0.0,1.0,0.49,24399.1767,0.10027999999874737,134,6,2,1.0,0.0,1.0,True,,2.6e-06
24.0,+,137,24481.66995,6,2,1.0,-1.0,0.0,0.64,24481.8645,-0.19455000000016298,137,6,2,1.0,-1.0,0.0,True,,3.4e-06
24.0,+,139,24568.40439,6,2,1.0,1.0,2.0,0.09,24568.8216,-0.4172099999996135,139,6,2,1.0,1.0,2.0,True,,4.8e-07
24.0,+,151,26062.266,6,3,1.0,0.0,1.0,2.25,26062.0912,0.17480000000068685,151,6,3,1.0,0.0,1.0,True,,1.2e-05
24.0,+,152,26143.6722,6,3,1.0,-1.0,0.0,2.25,26143.6075,0.06470000000263099,152,6,3,1.0,-1.0,0.0,True,,1.2e-05
24.0,+,153,26229.14746,6,3,1.0,1.0,2.0,1.69,26229.3873,-0.2398399999983667,153,6,3,1.0,1.0,2.0,True,,9.1e-06
24.0,+,167,27679.86198,6,4,1.0,0.0,1.0,0.01,27679.4918,0.37018000000171014,167,6,4,1.0,0.0,1.0,True,,5.4e-08
24.0,+,169,27759.85953,6,4,1.0,-1.0,0.0,0.16,27760.1219,-0.2623699999967357,169,6,4,1.0,-1.0,0.0,True,,8.6e-07
24.0,+,171,27844.77451,6,4,1.0,1.0,2.0,0.09,27844.9679,-0.19339000000036322,171,6,4,1.0,1.0,2.0,True,,4.8e-07
24.0,+,182,29245.17995,6,5,1.0,0.0,1.0,0.09,29245.0417,0.1382499999999709,182,6,5,1.0,0.0,1.0,True,,4.8e-07
24.0,+,185,29323.98798,6,5,1.0,-1.0,0.0,0.09,29323.9482,0.039780000002792804,183,6,5,1.0,-1.0,0.0,True,,4.8e-07
24.0,+,188,29406.77067,6,5,1.0,1.0,2.0,0.01,29407.0861,-0.31542999999874155,186,6,5,1.0,1.0,2.0,True,,5.4e-08
24.0,+,199,30752.40537,6,6,1.0,0.0,1.0,0.0,30754.1453,-1.739929999999731,200,6,6,1.0,0.0,1.0,True,,0.0
24.0,+,202,30829.3809,6,6,1.0,-1.0,0.0,0.0,30829.2289,0.15200000000186265,203,6,6,1.0,-1.0,0.0,True,,0.0
24.0,+,204,30911.70553,6,6,1.0,1.0,2.0,0.0,30913.1542,-1.4486700000015844,204,6,6,1.0,1.0,2.0,True,,0.0
24.0,+,215,32191.903,6,7,1.0,0.0,1.0,0.01,32191.5968,0.3061999999990803,215,6,7,1.0,0.0,1.0,True,,5.4e-08
24.0,+,217,32267.11988,6,7,1.0,-1.0,0.0,0.04,32267.1368,-0.016920000001846347,216,6,7,1.0,-1.0,0.0,True,,2.2e-07
24.0,+,218,32347.12051,6,7,1.0,1.0,2.0,0.01,32347.0677,0.05281000000104541,218,6,7,1.0,1.0,2.0,True,,5.4e-08
24.0,+,229,33554.321,6,8,1.0,0.0,1.0,0.04,33553.9332,0.3878000000040629,229,6,8,1.0,0.0,1.0,True,,2.2e-07
24.0,+,230,33628.17765,6,8,1.0,-1.0,0.0,0.04,33628.3646,-0.18695000000298023,230,6,8,1.0,-1.0,0.0,True,,2.2e-07
24.0,+,232,33706.54152,6,8,1.0,1.0,2.0,0.04,33704.2342,2.3073199999998906,231,6,8,1.0,1.0,2.0,True,,2.2e-07
24.0,+,247,34836.31836,6,9,1.0,0.0,1.0,0.0,34835.4364,0.8819599999987986,244,6,9,1.0,0.0,1.0,True,,0.0
24.0,+,250,34906.35888,6,9,1.0,-1.0,0.0,0.0,34906.0545,0.30438000000140164,246,6,9,1.0,-1.0,0.0,True,,0.0
24.0,+,252,34983.12052,6,9,1.0,1.0,2.0,0.0,34982.8304,0.29011999999784166,249,6,9,1.0,1.0,2.0,True,,0.0
24.0,+,263,36031.05371,6,10,1.0,0.0,1.0,0.0051,36030.8075,0.24620999999751803,260,6,10,1.0,0.0,1.0,True,,2.7e-08
24.0,+,264,36100.30162,6,10,1.0,-1.0,0.0,0.0051,36100.1407,0.16091999999480322,262,6,10,1.0,-1.0,0.0,True,,2.7e-08
24.0,+,265,36171.63964,6,10,1.0,1.0,2.0,0.0051,36173.226,-1.5863600000011502,264,6,10,1.0,1.0,2.0,True,,2.7e-08
24.0,-,1,1506.01885,2,0,-1.0,0.0,-1.0,361.0,1506.0127,0.006149999999934153,1,2,0,-1.0,0.0,-1.0,True,,0.0019
24.0,-,2,1586.24424,2,0,-1.0,1.0,0.0,676.0,1586.2462,-0.0019600000000536966,2,2,0,-1.0,1.0,0.0,True,,0.0036
24.0,-,3,1668.68194,2,0,-1.0,-1.0,-2.0,289.0,1668.674,0.00793999999996231,3,2,0,-1.0,-1.0,-2.0,True,,0.0016
24.0,-,4,3114.83853,2,1,-1.0,0.0,-1.0,4.0,3114.8369,0.0016300000002047454,4,2,1,-1.0,0.0,-1.0,True,,2.2e-05
24.0,-,5,3194.31376,2,1,-1.0,1.0,0.0,7.84,3194.2999,0.01386000000002241,5,2,1,-1.0,1.0,0.0,True,,4.2e-05
24.0,-,6,3275.90116,2,1,-1.0,-1.0,-2.0,4.41,3275.8754,0.025759999999991123,6,2,1,-1.0,-1.0,-2.0,True,,2.4e-05
24.0,-,7,4700.30183,2,2,-1.0,0.0,-1.0,4.84,4700.3513,-0.049469999999928405,7,2,2,-1.0,0.0,-1.0,True,,2.6e-05
24.0,-,8,4779.02446,2,2,-1.0,1.0,0.0,9.0,4779.0467,-0.02224000000023807,8,2,2,-1.0,1.0,0.0,True,,4.8e-05
24.0,-,9,4859.76129,2,2,-1.0,-1.0,-2.0,3.61,4859.7562,0.005090000000564032,9,2,2,-1.0,-1.0,-2.0,True,,1.9e-05
24.0,-,10,6262.38872,2,3,-1.0,0.0,-1.0,2.56,6262.4255,-0.036780000000362634,10,2,3,-1.0,0.0,-1.0,True,,1.4e-05
24.0,-,11,6340.36206,2,3,-1.0,1.0,0.0,2.89,6340.3638,-0.0017399999996996485,11,2,3,-1.0,1.0,0.0,True,,1.6e-05
24.0,-,12,6420.24925,2,3,-1.0,-1.0,-2.0,2.25,6420.1918,0.05745000000024447,12,2,3,-1.0,-1.0,-2.0,True,,1.2e-05
24.0,-,14,7801.07332,2,4,-1.0,0.0,-1.0,1.44,7801.1422,-0.0688799999998082,14,2,4,-1.0,0.0,-1.0,True,,7.7e-06
24.0,-,15,7878.44871,2,4,-1.0,1.0,0.0,1.0,7878.3401,0.10860999999931664,15,2,4,-1.0,1.0,0.0,True,,5.4e-06
24.0,-,16,7957.28645,2,4,-1.0,-1.0,-2.0,0.64,7957.2544,0.032049999999799184,16,2,4,-1.0,-1.0,-2.0,True,,3.4e-06
24.0,-,18,9230.9811,3,0,-1.0,0.0,-1.0,484.0,9230.8665,0.11460000000079162,18,3,0,-1.0,0.0,-1.0,True,,0.0026
24.0,-,19,9316.23694,2,5,-1.0,0.0,-1.0,0.64,9316.4856,-0.24865999999929045,19,2,5,-1.0,0.0,-1.0,True,,3.4e-06
24.0,-,20,9392.92534,2,5,-1.0,1.0,0.0,0.81,9392.9972,-0.07186000000001513,20,2,5,-1.0,1.0,0.0,True,,4.4e-06
24.0,-,21,9470.94463,2,5,-1.0,-1.0,-2.0,0.81,9470.8959,0.04873000000043248,21,2,5,-1.0,-1.0,-2.0,True,,4.4e-06
24.0,-,25,10804.79702,3,1,-1.0,0.0,-1.0,4.0,10804.6781,0.11892000000079861,25,3,1,-1.0,0.0,-1.0,True,,2.2e-05
24.0,-,26,10808.65003,2,6,-1.0,0.0,-1.0,1.0,10808.7034,-0.053369999999631546,26,2,6,-1.0,0.0,-1.0,True,,5.4e-06
24.0,-,27,10884.28541,2,6,-1.0,1.0,0.0,0.25,10884.2915,-0.00608999999894877,27,2,6,-1.0,1.0,0.0,True,,1.3e-06
24.0,-,28,10961.63689,2,6,-1.0,-1.0,-2.0,1.21,10961.6466,-0.009710000000268337,28,2,6,-1.0,-1.0,-2.0,True,,6.5e-06
24.0,-,30,12272.09837,2,7,-1.0,0.0,-1.0,0.04,12275.0132,-2.9148299999997107,30,2,7,-1.0,0.0,-1.0,True,,2.2e-07
24.0,-,31,12350.40104,2,7,-1.0,-1.0,-2.0,0.01,12352.1281,-1.7270599999992555,31,2,7,-1.0,-1.0,-2.0,True,,5.4e-08
24.0,-,32,12354.33454,3,2,-1.0,0.0,-1.0,3.24,12354.2289,0.10563999999976659,32,3,2,-1.0,0.0,-1.0,True,,1.7e-05
24.0,-,33,12364.863,5,1,0.0,-1.0,-1.0,0.01,12359.1682,5.694799999999304,33,5,1,0.0,-1.0,-1.0,True,,5.4e-08
24.0,-,34,12425.66211,2,7,-1.0,1.0,0.0,0.01,12425.4486,0.2135099999995873,34,2,7,-1.0,1.0,0.0,True,,5.4e-08
24.0,-,38,13721.73161,2,8,-1.0,0.0,-1.0,0.16,13722.2636,-0.5319899999994959,38,2,8,-1.0,0.0,-1.0,True,,8.6e-07
24.0,-,39,13798.07702,2,8,-1.0,1.0,0.0,0.001,13796.6325,1.4445200000009208,39,2,8,-1.0,1.0,0.0,True,,5.4e-09
24.0,-,40,13871.68173,2,8,-1.0,-1.0,-2.0,0.25,13871.6423,0.03943000000072061,40,2,8,-1.0,-1.0,-2.0,True,,1.3e-06
24.0,-,41,13879.55635,3,3,-1.0,0.0,-1.0,1.21,13879.4665,0.08985000000029686,41,3,3,-1.0,0.0,-1.0,True,,6.5e-06
24.0,-,46,15144.80296,2,9,-1.0,0.0,-1.0,0.0133,15144.5997,0.2032600000002276,46,2,9,-1.0,0.0,-1.0,True,,7.2e-08
24.0,-,47,15217.68541,2,9,-1.0,1.0,0.0,0.0093,15217.7046,-0.019189999999071006,47,2,9,-1.0,1.0,0.0,True,,5e-08
24.0,-,48,15292.83589,2,9,-1.0,-1.0,-2.0,0.0093,15292.7913,0.044589999999516294,48,2,9,-1.0,-1.0,-2.0,True,,5e-08
24.0,-,49,15380.37191,3,4,-1.0,0.0,-1.0,0.64,15380.3072,0.06471000000055938,49,3,4,-1.0,0.0,-1.0,True,,3.4e-06
24.0,-,59,16856.67235,3,5,-1.0,0.0,-1.0,0.09,16856.7099,-0.03755000000091968,59,3,5,-1.0,0.0,-1.0,True,,4.8e-07
24.0,-,66,18308.47478,3,6,-1.0,0.0,-1.0,0.01,18308.5497,-0.07491999999911059,66,3,6,-1.0,0.0,-1.0,True,,5.4e-08
25.0,+,13,7213.67691,4,0,0.0,1.0,1.0,256.0,7213.5303,0.1466099999997823,13,4,0,0.0,1.0,1.0,True,,0.0014
25.0,+,17,8651.20146,4,1,0.0,1.0,1.0,2.56,8651.0408,0.16065999999955238,17,4,1,0.0,1.0,1.0,True,,1.4e-05
25.0,+,22,10066.54173,4,2,0.0,1.0,1.0,1.96,10066.432,0.10973000000012689,22,4,2,0.0,1.0,1.0,True,,1.1e-05
25.0,+,29,11459.78922,4,3,0.0,1.0,1.0,2.56,11459.6851,0.10411999999996624,29,4,3,0.0,1.0,1.0,True,,1.4e-05
25.0,+,36,12802.35456,7,0,2.0,0.0,2.0,25.0,12802.3195,0.03506000000015774,36,7,0,2.0,0.0,2.0,True,,0.00013
25.0,+,37,12830.99523,4,4,0.0,1.0,1.0,1.69,12830.8876,0.10763000000042666,37,4,4,0.0,1.0,1.0,True,,9.1e-06
25.0,+,42,14175.93724,7,1,2.0,0.0,2.0,0.16,14175.875,0.062239999999292195,42,7,1,2.0,0.0,2.0,True,,8.6e-07
25.0,+,43,14180.26877,4,5,0.0,1.0,1.0,1.0,14180.1476,0.1211700000003475,43,4,5,0.0,1.0,1.0,True,,5.4e-06
25.0,+,50,15507.67034,4,6,0.0,1.0,1.0,0.36,15507.5801,0.09024000000135857,50,4,6,0.0,1.0,1.0,True,,1.9e-06
25.0,+,51,15526.63478,7,2,2.0,0.0,2.0,0.36,15526.5713,0.06348000000070897,51,7,2,2.0,0.0,2.0,True,,1.9e-06
25.0,+,57,16813.34195,4,7,0.0,1.0,1.0,0.36,16813.3081,0.03385000000344007,57,4,7,0.0,1.0,1.0,True,,1.9e-06
25.0,+,58,16854.50563,7,3,2.0,0.0,2.0,0.64,16854.4275,0.0781299999980547,58,7,3,2.0,0.0,2.0,True,,3.4e-06
25.0,+,62,18097.35445,4,8,0.0,1.0,1.0,0.01,18097.4504,-0.09595000000263099,62,4,8,0.0,1.0,1.0,True,,5.4e-08
25.0,+,64,18159.61558,7,4,2.0,0.0,2.0,0.36,18159.5386,0.07698000000164029,64,7,4,2.0,0.0,2.0,True,,1.9e-06
25.0,+,71,19442.02559,7,5,2.0,0.0,2.0,0.16,19441.9764,0.04919000000154483,71,7,5,2.0,0.0,2.0,True,,8.6e-07
25.0,+,78,20701.79296,7,6,2.0,0.0,2.0,0.25,20701.7473,0.04565999999977066,78,7,6,2.0,0.0,2.0,True,,1.3e-06
25.0,+,81,21035.18735,6,0,1.0,0.0,1.0,144.0,21035.2038,-0.01644999999916763,81,6,0,1.0,0.0,1.0,True,,0.00077
25.0,+,82,21124.47639,6,0,1.0,-1.0,0.0,144.0,21124.5763,-0.0999100000008184,82,6,0,1.0,-1.0,0.0,True,,0.00077
25.0,+,84,21215.65775,6,0,1.0,1.0,2.0,121.0,21215.6618,-0.00405000000318978,84,6,0,1.0,1.0,2.0,True,,0.00065
25.0,+,86,21939.01316,7,7,2.0,0.0,2.0,0.09,21938.9695,0.04365999999936321,86,7,7,2.0,0.0,2.0,True,,4.8e-07
25.0,+,93,22776.71131,6,1,1.0,0.0,1.0,0.64,22776.6841,0.027210000000195578,93,6,1,1.0,0.0,1.0,True,,3.4e-06
25.0,+,94,22864.96737,6,1,1.0,-1.0,0.0,0.36,22864.9917,-0.02433000000019092,94,6,1,1.0,-1.0,0.0,True,,1.9e-06
25.0,+,95,22955.08166,6,1,1.0,1.0,2.0,0.25,22955.0433,0.038359999998647254,95,6,1,1.0,1.0,2.0,True,,1.3e-06
25.0,+,106,24480.2864,6,2,1.0,0.0,1.0,0.64,24480.3169,-0.0305000000007567,106,6,2,1.0,0.0,1.0,True,,3.4e-06
25.0,+,108,24567.55226,6,2,1.0,-1.0,0.0,0.25,24567.7507,-0.19844000000011874,108,6,2,1.0,-1.0,0.0,True,,1.3e-06
25.0,+,111,24656.43633,6,2,1.0,1.0,2.0,0.25,24656.3538,0.0825299999996787,110,6,2,1.0,1.0,2.0,True,,1.3e-06
25.0,+,120,26142.27159,6,3,1.0,0.0,1.0,1.96,26142.2372,0.03439000000071246,120,6,3,1.0,0.0,1.0,True,,1.1e-05
25.0,+,121,26228.27926,6,3,1.0,-1.0,0.0,0.81,26228.3149,-0.035640000001876615,121,6,3,1.0,-1.0,0.0,True,,4.4e-06
25.0,+,122,26316.01012,6,3,1.0,1.0,2.0,1.69,26315.9843,0.025819999998930143,122,6,3,1.0,1.0,2.0,True,,9.1e-06
25.0,+,132,27758.24037,6,4,1.0,0.0,1.0,0.04,27757.7985,0.4418699999987439,132,6,4,1.0,0.0,1.0,True,,2.2e-07
25.0,+,134,27843.64622,6,4,1.0,-1.0,0.0,0.04,27844.0284,-0.3821800000005169,135,6,4,1.0,-1.0,0.0,True,,2.2e-07
25.0,+,136,27929.46577,6,4,1.0,1.0,2.0,0.25,27929.5106,-0.04483000000254833,136,6,4,1.0,1.0,2.0,True,,1.3e-06
25.0,+,146,29322.64334,6,5,1.0,0.0,1.0,0.16,29322.6289,0.014439999999012798,145,6,5,1.0,0.0,1.0,True,,8.6e-07
25.0,+,148,29406.06249,6,5,1.0,-1.0,0.0,0.09,29406.0613,0.001189999999041902,147,6,5,1.0,-1.0,0.0,True,,4.8e-07
25.0,+,150,29490.81274,6,5,1.0,1.0,2.0,0.04,29490.8927,-0.07995999999911874,149,6,5,1.0,1.0,2.0,True,,2.2e-07
25.0,+,158,30828.49319,6,6,1.0,0.0,1.0,0.01,30827.9687,0.524489999999787,159,6,6,1.0,0.0,1.0,True,,5.4e-08
25.0,+,160,30911.1474,6,6,1.0,1.0,2.0,0.01,30911.7342,-0.5867999999973108,160,6,6,1.0,-1.0,0.0,False,,5.4e-08
25.0,+,162,30993.0565,6,6,1.0,-1.0,0.0,0.01,30992.8562,0.20030000000042492,162,6,6,1.0,1.0,2.0,False,,5.4e-08
25.0,+,170,32265.82313,6,7,1.0,0.0,1.0,0.04,32265.8875,-0.06437000000005355,170,6,7,1.0,0.0,1.0,True,,2.2e-07
25.0,+,171,32346.45223,6,7,1.0,-1.0,0.0,0.01,32346.085,0.36722999999983585,171,6,7,1.0,-1.0,0.0,True,,5.4e-08
25.0,+,173,32427.04285,6,7,1.0,1.0,2.0,0.01,32427.2037,-0.16084999999657157,173,6,7,1.0,1.0,2.0,True,,5.4e-08
25.0,+,181,33627.28703,6,8,1.0,0.0,1.0,0.04,33627.1671,0.11993000000074971,181,6,8,1.0,0.0,1.0,True,,2.2e-07
25.0,+,182,33705.31141,6,8,1.0,-1.0,0.0,0.04,33703.6733,1.6381099999998696,182,6,8,1.0,-1.0,0.0,True,,2.2e-07
25.0,+,185,33781.92589,6,8,1.0,1.0,2.0,0.04,33784.2933,-2.3674099999989267,183,6,8,1.0,1.0,2.0,True,,2.2e-07
25.0,+,196,34904.99962,6,9,1.0,0.0,1.0,0.0059,34904.9558,0.04381999999895925,193,6,9,1.0,0.0,1.0,True,,3.2e-08
25.0,+,199,34983.15702,6,9,1.0,-1.0,0.0,0.0,34981.2271,1.929920000002312,195,6,9,1.0,-1.0,0.0,True,,0.0
25.0,+,200,35057.82174,6,9,1.0,1.0,2.0,0.0059,35057.5077,0.3140399999974761,198,6,9,1.0,1.0,2.0,True,,3.2e-08
25.0,+,209,36098.90796,6,10,1.0,0.0,1.0,0.0051,36099.051,-0.1430400000026566,206,6,10,1.0,0.0,1.0,True,,2.7e-08
25.0,+,210,36172.39242,6,10,1.0,-1.0,0.0,0.0051,36172.4518,-0.05938000000605825,208,6,10,1.0,-1.0,0.0,True,,2.7e-08
25.0,+,211,36246.94089,6,10,1.0,1.0,2.0,0.0051,36246.8844,0.05648999999539228,210,6,10,1.0,1.0,2.0,True,,2.7e-08
25.0,-,2,1583.82819,2,0,-1.0,0.0,-1.0,484.0,1583.8254,0.002790000000004511,2,2,0,-1.0,0.0,-1.0,True,,0.0026
25.0,-,3,1666.09953,2,0,-1.0,1.0,0.0,289.0,1666.0935,0.00603000000000975,3,2,0,-1.0,1.0,0.0,True,,0.0016
25.0,-,4,1752.37839,2,0,-1.0,-1.0,-2.0,441.0,1752.3867,-0.008309999999937645,4,2,0,-1.0,-1.0,-2.0,True,,0.0024
25.0,-,6,3191.88841,2,1,-1.0,0.0,-1.0,7.84,3191.8696,0.018810000000030414,6,2,1,-1.0,0.0,-1.0,True,,4.2e-05
25.0,-,7,3273.31202,2,1,-1.0,1.0,0.0,5.76,3273.3004,0.01161999999976615,7,2,1,-1.0,1.0,0.0,True,,3.1e-05
25.0,-,8,3358.77183,2,1,-1.0,-1.0,-2.0,6.76,3358.7595,0.012330000000019936,8,2,1,-1.0,-1.0,-2.0,True,,3.6e-05
25.0,-,9,4776.59305,2,2,-1.0,0.0,-1.0,8.41,4776.6059,-0.01284999999916181,9,2,2,-1.0,0.0,-1.0,True,,4.5e-05
25.0,-,11,4857.16329,2,2,-1.0,1.0,0.0,4.41,4857.1878,-0.024509999999281717,11,2,2,-1.0,1.0,0.0,True,,2.4e-05
25.0,-,12,4941.79726,2,2,-1.0,-1.0,-2.0,5.29,4941.8181,-0.02084000000013475,12,2,2,-1.0,-1.0,-2.0,True,,2.8e-05
25.0,-,13,6337.93861,2,3,-1.0,0.0,-1.0,2.25,6337.9115,0.027109999999993306,13,2,3,-1.0,0.0,-1.0,True,,1.2e-05
25.0,-,14,6417.63184,2,3,-1.0,1.0,0.0,4.0,6417.6321,-0.00025999999979831045,14,2,3,-1.0,1.0,0.0,True,,2.2e-05
25.0,-,15,6501.45545,2,3,-1.0,-1.0,-2.0,2.56,6501.4485,0.00694999999996071,15,2,3,-1.0,-1.0,-2.0,True,,1.4e-05
25.0,-,19,7875.91472,2,4,-1.0,0.0,-1.0,1.44,7875.8752,0.039519999999356514,19,2,4,-1.0,0.0,-1.0,True,,7.7e-06
25.0,-,20,7954.68002,2,4,-1.0,1.0,0.0,1.0,7954.7087,-0.028680000000349537,20,2,4,-1.0,1.0,0.0,True,,5.4e-06
25.0,-,21,8037.73499,2,4,-1.0,-1.0,-2.0,0.64,8037.7364,-0.0014099999998506973,21,2,4,-1.0,-1.0,-2.0,True,,3.4e-06
25.0,-,25,9310.85951,3,0,-1.0,0.0,-1.0,961.0,9310.8609,-0.0013899999994464451,25,3,0,-1.0,0.0,-1.0,True,,0.0052
25.0,-,26,9390.49031,2,5,-1.0,0.0,-1.0,1.21,9390.519,-0.02869000000100641,26,2,5,-1.0,0.0,-1.0,True,,6.5e-06
25.0,-,27,9468.27328,2,5,-1.0,1.0,0.0,0.64,9468.3833,-0.11002000000007683,27,2,5,-1.0,1.0,0.0,True,,3.4e-06
25.0,-,28,9550.63353,2,5,-1.0,-1.0,-2.0,0.64,9550.7027,-0.06917000000066764,28,2,5,-1.0,-1.0,-2.0,True,,3.4e-06
25.0,-,33,10881.731,2,6,-1.0,0.0,-1.0,1.0,10881.7976,-0.06660000000010768,33,2,6,-1.0,0.0,-1.0,True,,5.4e-06
25.0,-,34,10883.82463,3,1,-1.0,0.0,-1.0,8.41,10883.818,0.0066299999998591375,34,3,1,-1.0,0.0,-1.0,True,,4.5e-05
25.0,-,35,10959.03065,2,6,-1.0,1.0,0.0,1.0,10959.0741,-0.043449999999211286,35,2,6,-1.0,1.0,0.0,True,,5.4e-06
25.0,-,36,11040.70851,2,6,-1.0,-1.0,-2.0,0.36,11040.2996,0.40891000000010536,36,2,6,-1.0,-1.0,-2.0,True,,1.9e-06
25.0,-,40,12349.471,2,7,-1.0,0.0,-1.0,0.01,12349.6628,-0.19180000000051223,40,2,7,-1.0,0.0,-1.0,True,,5.4e-08
25.0,-,41,12422.5712,2,7,-1.0,1.0,0.0,0.01,12423.5315,-0.9602999999988242,41,2,7,-1.0,1.0,0.0,True,,5.4e-08
25.0,-,42,12432.50524,3,2,-1.0,0.0,-1.0,5.29,12432.5222,-0.016959999999016873,42,3,2,-1.0,0.0,-1.0,True,,2.8e-05
25.0,-,43,12505.88146,2,7,-1.0,-1.0,-2.0,0.01,12506.4704,-0.5889399999996385,43,2,7,-1.0,-1.0,-2.0,True,,5.4e-08
25.0,-,49,13794.27037,2,8,-1.0,0.0,-1.0,0.25,13794.1084,0.1619700000010198,49,2,8,-1.0,0.0,-1.0,True,,1.3e-06
25.0,-,50,13868.94489,2,8,-1.0,1.0,0.0,0.25,13869.1926,-0.2477099999996426,50,2,8,-1.0,1.0,0.0,True,,1.3e-06
25.0,-,51,13950.16653,2,8,-1.0,-1.0,-2.0,0.36,13949.236,0.930529999999635,51,2,8,-1.0,-1.0,-2.0,True,,1.9e-06
25.0,-,52,13956.8612,3,3,-1.0,0.0,-1.0,1.96,13956.8881,-0.02690000000075088,52,3,3,-1.0,0.0,-1.0,True,,1.1e-05
25.0,-,58,15215.23571,2,9,-1.0,0.0,-1.0,0.0059,15215.1601,0.0756100000016886,58,2,9,-1.0,0.0,-1.0,True,,3.2e-08
25.0,-,59,15290.22462,2,9,-1.0,1.0,0.0,0.0059,15290.1547,0.06992000000172993,59,2,9,-1.0,1.0,0.0,True,,3.2e-08
25.0,-,60,15366.92464,2,9,-1.0,-1.0,-2.0,0.0059,15368.5959,-1.6712600000009843,60,2,9,-1.0,-1.0,-2.0,True,,3.2e-08
25.0,-,62,15456.81733,3,4,-1.0,0.0,-1.0,1.96,15456.8668,-0.049469999999928405,62,3,4,-1.0,0.0,-1.0,True,,1.1e-05
25.0,-,74,16932.26357,3,5,-1.0,0.0,-1.0,0.09,16932.4037,-0.14012999999977183,74,3,5,-1.0,0.0,-1.0,True,,4.8e-07
25.0,-,83,18383.12712,3,6,-1.0,0.0,-1.0,0.04,18383.3134,-0.18627999999807798,83,3,6,-1.0,0.0,-1.0,True,,2.2e-07
26.0,+,1,1267.92832,1,0,0.0,0.0,0.0,400.0,1267.9321,-0.003780000000006112,1,1,0,0.0,0.0,0.0,True,,0.0022
26.0,+,5,3082.61141,1,1,0.0,0.0,0.0,84.84,3082.6137,-0.0022899999999026477,5,1,1,0.0,0.0,0.0,True,,0.00046
26.0,+,10,4868.76958,1,2,0.0,0.0,0.0,7.29,4868.8612,-0.09162000000014814,10,1,2,0.0,0.0,0.0,True,,3.9e-05
26.0,+,16,6625.42946,1,3,0.0,0.0,0.0,1.69,6625.6103,-0.18083999999998923,16,1,3,0.0,0.0,0.0,True,,9.1e-06
26.0,+,17,7213.4991,4,0,0.0,1.0,1.0,324.0,7213.5549,-0.05580000000009022,17,4,0,0.0,1.0,1.0,True,,0.0017
26.0,+,18,7370.63613,4,0,0.0,0.0,0.0,121.0,7370.5731,0.0630300000002535,18,4,0,0.0,0.0,0.0,True,,0.00065
26.0,+,22,8351.35141,1,4,0.0,0.0,0.0,0.49,8351.6396,-0.2881900000011228,22,1,4,0.0,0.0,0.0,True,,2.6e-06
26.0,+,23,8651.02776,4,1,0.0,1.0,1.0,1.69,8651.0717,-0.04393999999956577,23,4,1,0.0,1.0,1.0,True,,9.1e-06
26.0,+,24,8806.43214,4,1,0.0,0.0,0.0,1.96,8806.3465,0.08564000000114902,24,4,1,0.0,0.0,0.0,True,,1.1e-05
26.0,+,29,10044.76437,1,5,0.0,0.0,0.0,0.04,10045.2543,-0.4899299999997311,29,1,5,0.0,0.0,0.0,True,,2.2e-07
26.0,+,30,10066.45498,4,2,0.0,1.0,1.0,2.89,10066.5346,-0.0796200000004319,30,4,2,0.0,1.0,1.0,True,,1.6e-05
26.0,+,31,10220.05724,4,2,0.0,0.0,0.0,2.25,10220.0023,0.054939999999987776,31,4,2,0.0,0.0,0.0,True,,1.2e-05
26.0,+,37,11459.59156,4,3,0.0,1.0,1.0,1.96,11459.7101,-0.11853999999948428,37,4,3,0.0,1.0,1.0,True,,1.1e-05
26.0,+,38,11611.54742,4,3,0.0,0.0,0.0,2.25,11611.5024,0.045020000001386506,38,4,3,0.0,0.0,0.0,True,,1.2e-05
26.0,+,39,11703.78305,1,6,0.0,0.0,0.0,0.01,11704.476,-0.6929500000005646,39,1,6,0.0,0.0,0.0,True,,5.4e-08
26.0,+,45,12830.80465,4,4,0.0,1.0,1.0,1.44,12830.918,-0.11334999999962747,45,4,4,0.0,1.0,1.0,True,,7.7e-06
26.0,+,46,12877.58289,7,0,2.0,0.0,2.0,16.0,12877.5491,0.03378999999949883,46,7,0,2.0,0.0,2.0,True,,8.6e-05
26.0,+,47,12981.03094,4,4,0.0,0.0,0.0,2.25,12980.9727,0.05824000000029628,47,4,4,0.0,0.0,0.0,True,,1.2e-05
26.0,+,53,14180.08754,4,5,0.0,1.0,1.0,1.96,14180.181,-0.09346000000005006,53,4,5,0.0,1.0,1.0,True,,1.1e-05
26.0,+,54,14250.28972,7,1,2.0,0.0,2.0,0.09,14250.2237,0.0660200000002078,54,7,1,2.0,0.0,2.0,True,,4.8e-07
26.0,+,55,14328.57554,4,5,0.0,0.0,0.0,1.96,14328.495,0.08053999999901862,55,4,5,0.0,0.0,0.0,True,,1.1e-05
26.0,+,61,15507.63075,4,6,0.0,1.0,1.0,0.36,15507.616,0.014750000000276486,61,4,6,0.0,1.0,1.0,True,,1.9e-06
26.0,+,63,15600.10858,7,2,2.0,0.0,2.0,0.36,15600.0395,0.06907999999930325,63,7,2,2.0,0.0,2.0,True,,1.9e-06
26.0,+,64,15654.26029,4,6,0.0,0.0,0.0,0.49,15654.1897,0.07058999999935622,64,4,6,0.0,0.0,0.0,True,,2.6e-06
26.0,+,65,16228.91893,8,0,0.0,0.0,0.0,36.0,16228.9295,-0.010570000000370783,65,8,0,0.0,0.0,0.0,True,,0.00019
26.0,+,70,16813.16356,4,7,0.0,1.0,1.0,0.25,16813.3465,-0.18293999999877997,70,4,7,0.0,1.0,1.0,True,,1.3e-06
26.0,+,72,16927.0988,7,3,2.0,0.0,2.0,0.49,16927.016,0.08280000000013388,72,7,3,2.0,0.0,2.0,True,,2.6e-06
26.0,+,73,16958.16033,4,7,0.0,0.0,0.0,0.16,16958.18,-0.0196700000014971,73,4,7,0.0,0.0,0.0,True,,8.6e-07
26.0,+,75,17642.11691,8,1,0.0,0.0,0.0,0.36,17642.0246,0.09230999999999767,75,8,1,0.0,0.0,0.0,True,,1.9e-06
26.0,+,78,18097.15513,4,8,0.0,1.0,1.0,0.04,18097.4917,-0.3365699999994831,78,4,8,0.0,1.0,1.0,True,,2.2e-07
26.0,+,81,18231.32815,7,4,2.0,0.0,2.0,0.49,18231.2473,0.0808500000021013,81,7,4,2.0,0.0,2.0,True,,2.6e-06
26.0,+,82,18240.46665,4,8,0.0,0.0,0.0,0.01,18240.5848,-0.11815000000206055,82,4,8,0.0,0.0,0.0,True,,5.4e-08
26.0,+,85,19055.51331,8,2,0.0,0.0,0.0,0.09,19055.843,-0.32969000000230153,85,8,2,0.0,0.0,0.0,True,,4.8e-07
26.0,+,91,19512.8464,7,5,2.0,0.0,2.0,0.09,19512.8047,0.04169999999794527,91,7,5,2.0,0.0,2.0,True,,4.8e-07
26.0,+,100,20771.74031,7,6,2.0,0.0,2.0,0.25,20771.6959,0.04441000000224449,100,7,6,2.0,0.0,2.0,True,,1.3e-06
26.0,+,103,21122.44501,6,0,1.0,0.0,1.0,144.0,21122.3121,0.13291000000026543,103,6,0,1.0,0.0,1.0,True,,0.00077
26.0,+,104,21213.69437,6,0,1.0,-1.0,0.0,81.0,21213.7184,-0.0240300000004936,104,6,0,1.0,-1.0,0.0,True,,0.00044
26.0,+,106,21309.32722,6,0,1.0,1.0,2.0,144.0,21309.5864,-0.25918000000092434,106,6,0,1.0,1.0,2.0,True,,0.00077
26.0,+,111,22008.06936,7,7,2.0,0.0,2.0,0.25,22008.0324,0.03696000000127242,111,7,7,2.0,0.0,2.0,True,,1.3e-06
26.0,+,117,22862.88915,6,1,1.0,0.0,1.0,0.09,22862.7594,0.1297500000000582,117,6,1,1.0,0.0,1.0,True,,4.8e-07
26.0,+,118,22953.11986,6,1,1.0,-1.0,0.0,0.36,22953.0651,0.05475999999907799,118,6,1,1.0,-1.0,0.0,True,,1.9e-06
26.0,+,120,23047.65869,6,1,1.0,1.0,2.0,0.16,23047.7816,-0.12290999999822816,120,6,1,1.0,1.0,2.0,True,,8.6e-07
26.0,+,134,24565.58714,6,2,1.0,0.0,1.0,0.09,24565.4526,0.13453999999910593,134,6,2,1.0,0.0,1.0,True,,4.8e-07
26.0,+,138,24654.4416,6,2,1.0,-1.0,0.0,0.16,24654.5513,-0.10970000000088476,137,6,2,1.0,-1.0,0.0,True,,8.6e-07
26.0,+,140,24747.96006,6,2,1.0,1.0,2.0,0.16,24748.3212,-0.3611399999972491,140,6,2,1.0,1.0,2.0,True,,8.6e-07
26.0,+,151,26226.30708,6,3,1.0,0.0,1.0,1.44,26226.1222,0.18487999999706517,151,6,3,1.0,0.0,1.0,True,,7.7e-06
26.0,+,152,26314.11893,6,3,1.0,-1.0,0.0,0.64,26314.0619,0.05702999999994063,152,6,3,1.0,-1.0,0.0,True,,3.4e-06
26.0,+,153,26406.15897,6,3,1.0,1.0,2.0,0.81,26406.3621,-0.2031299999980547,153,6,3,1.0,1.0,2.0,True,,4.4e-06
26.0,+,167,27841.82086,6,4,1.0,0.0,1.0,0.01,27839.8434,1.9774599999982456,167,6,4,1.0,0.0,1.0,True,,5.4e-08
26.0,+,170,27927.69314,6,4,1.0,-1.0,0.0,0.04,27927.8029,-0.10975999999936903,170,6,4,1.0,-1.0,0.0,True,,2.2e-07
26.0,+,171,28018.56639,6,4,1.0,1.0,2.0,0.01,28019.3509,-0.784510000001319,171,6,4,1.0,1.0,2.0,True,,5.4e-08
26.0,+,183,29404.06513,6,5,1.0,0.0,1.0,0.16,29403.921,0.14413000000058673,182,6,5,1.0,0.0,1.0,True,,8.6e-07
26.0,+,185,29489.08152,6,5,1.0,-1.0,0.0,0.0,29489.0449,0.036619999998947605,184,6,5,1.0,-1.0,0.0,True,,0.0
26.0,+,188,29578.19664,6,5,1.0,1.0,2.0,0.0,29578.4699,-0.27326000000175554,186,6,5,1.0,1.0,2.0,True,,0.0
26.0,+,200,30909.6574,6,6,1.0,0.0,1.0,0.0,30909.2869,0.3705000000009022,200,6,6,1.0,0.0,1.0,True,,0.0
26.0,+,201,30991.41216,6,6,1.0,-1.0,0.0,0.0,30991.1174,0.2947600000006787,203,6,6,1.0,-1.0,0.0,True,,0.0
26.0,+,205,31079.59883,6,6,1.0,1.0,2.0,0.0,31081.4312,-1.8323700000000827,205,6,6,1.0,1.0,2.0,True,,0.0
26.0,+,216,32344.34083,6,7,1.0,0.0,1.0,0.04,32344.0049,0.33593000000109896,215,6,7,1.0,0.0,1.0,True,,2.2e-07
26.0,+,217,32425.52956,6,7,1.0,-1.0,0.0,0.01,32425.4814,0.04815999999846099,216,6,7,1.0,-1.0,0.0,True,,5.4e-08
26.0,+,218,32510.98441,6,7,1.0,1.0,2.0,0.01,32511.4386,-0.4541900000003807,218,6,7,1.0,1.0,2.0,True,,5.4e-08
26.0,+,229,33703.505,6,8,1.0,0.0,1.0,0.04,33702.0318,1.4732000000003609,229,6,8,1.0,0.0,1.0,True,,2.2e-07
26.0,+,231,33782.94465,6,8,1.0,1.0,2.0,0.0,33782.6353,0.3093499999959022,230,6,8,1.0,-1.0,0.0,False,,0.0
26.0,+,233,33863.64052,6,8,1.0,-1.0,0.0,0.04,33863.1548,0.4857200000042212,232,6,8,1.0,1.0,2.0,False,,2.2e-07
26.0,+,247,34980.66836,6,9,1.0,0.0,1.0,0.0,34979.5946,1.0737600000065868,244,6,9,1.0,0.0,1.0,True,,0.0
26.0,+,250,35056.1849,6,9,1.0,-1.0,0.0,0.0,35056.0251,0.15980000000126893,248,6,9,1.0,-1.0,0.0,True,,0.0
26.0,+,252,35138.95853,6,9,1.0,1.0,2.0,0.0,35138.2323,0.7262300000002142,250,6,9,1.0,1.0,2.0,True,,0.0
26.0,+,263,36170.91572,6,10,1.0,0.0,1.0,0.0051,36170.6166,0.2991199999960372,260,6,10,1.0,0.0,1.0,True,,2.7e-08
26.0,+,264,36245.47863,6,10,1.0,-1.0,0.0,0.0051,36245.3976,0.08103000000119209,263,6,10,1.0,-1.0,0.0,True,,2.7e-08
26.0,+,265,36321.02964,6,10,1.0,1.0,2.0,0.0051,36323.9295,-2.899859999997716,265,6,10,1.0,1.0,2.0,True,,2.7e-08
26.0,-,1,1664.55848,2,0,-1.0,0.0,-1.0,361.0,1664.5497,0.008779999999887877,1,2,0,-1.0,0.0,-1.0,True,,0.0019
26.0,-,2,1751.0425,2,0,-1.0,1.0,0.0,484.0,1751.0471,-0.004599999999982174,2,2,0,-1.0,1.0,0.0,True,,0.0026
26.0,-,3,1839.68836,2,0,-1.0,-1.0,-2.0,256.0,1839.6862,0.0021600000000034925,3,2,0,-1.0,-1.0,-2.0,True,,0.0014
26.0,-,4,3271.74603,2,1,-1.0,0.0,-1.0,5.76,3271.7447,0.0013299999995979306,4,2,1,-1.0,0.0,-1.0,True,,3.1e-05
26.0,-,5,3357.42251,2,1,-1.0,1.0,0.0,9.0,3357.407,0.015509999999721913,5,2,1,-1.0,1.0,0.0,True,,4.8e-05
26.0,-,6,3445.15628,2,1,-1.0,-1.0,-2.0,4.0,3445.1229,0.03338000000030661,6,2,1,-1.0,-1.0,-2.0,True,,2.2e-05
26.0,-,7,4855.57613,2,2,-1.0,0.0,-1.0,4.41,4855.6206,-0.044469999999819265,7,2,2,-1.0,0.0,-1.0,True,,2.4e-05
26.0,-,8,4940.43348,2,2,-1.0,1.0,0.0,6.76,4940.4514,-0.017920000000231084,8,2,2,-1.0,1.0,0.0,True,,3.6e-05
26.0,-,9,5027.24838,2,2,-1.0,-1.0,-2.0,4.0,5027.2287,0.019680000000334985,9,2,2,-1.0,-1.0,-2.0,True,,2.2e-05
26.0,-,10,6416.02202,2,3,-1.0,0.0,-1.0,2.56,6416.0553,-0.03327999999964959,10,2,3,-1.0,0.0,-1.0,True,,1.4e-05
26.0,-,11,6500.07687,2,3,-1.0,1.0,0.0,2.56,6500.0665,0.01036999999996624,11,2,3,-1.0,1.0,0.0,True,,1.4e-05
26.0,-,12,6585.95362,2,3,-1.0,-1.0,-2.0,2.25,6585.8876,0.0660200000002078,12,2,3,-1.0,-1.0,-2.0,True,,1.2e-05
26.0,-,14,7953.04023,2,4,-1.0,0.0,-1.0,1.21,7953.127,-0.08677000000079715,14,2,4,-1.0,0.0,-1.0,True,,6.5e-06
26.0,-,15,8036.45936,2,4,-1.0,1.0,0.0,0.64,8036.338,0.12136000000009517,15,2,4,-1.0,1.0,0.0,True,,3.4e-06
26.0,-,16,8121.21002,2,4,-1.0,-1.0,-2.0,0.81,8121.1671,0.04292000000077678,16,2,4,-1.0,-1.0,-2.0,True,,4.4e-06
26.0,-,18,9394.15318,3,0,-1.0,0.0,-1.0,484.0,9394.0203,0.1328799999992043,18,3,0,-1.0,0.0,-1.0,True,,0.0026
26.0,-,19,9466.55319,2,5,-1.0,0.0,-1.0,0.64,9466.8146,-0.2614099999991595,19,2,5,-1.0,0.0,-1.0,True,,3.4e-06
26.0,-,20,9549.2074,2,5,-1.0,1.0,0.0,0.64,9549.2864,-0.0790000000015425,20,2,5,-1.0,1.0,0.0,True,,3.4e-06
26.0,-,21,9633.0395,2,5,-1.0,-1.0,-2.0,0.64,9633.0143,0.025200000000040745,21,2,5,-1.0,-1.0,-2.0,True,,3.4e-06
26.0,-,25,10957.38029,2,6,-1.0,0.0,-1.0,0.49,10957.4272,-0.046910000000934815,25,2,6,-1.0,0.0,-1.0,True,,2.6e-06
26.0,-,26,10966.22978,3,1,-1.0,0.0,-1.0,3.61,10966.0909,0.13888000000042666,26,3,1,-1.0,0.0,-1.0,True,,1.9e-05
26.0,-,27,11038.84023,2,6,-1.0,1.0,0.0,0.25,11038.8666,-0.02636999999958789,27,2,6,-1.0,1.0,0.0,True,,1.3e-06
26.0,-,28,11122.04885,2,6,-1.0,-1.0,-2.0,0.36,11122.0567,-0.007849999999962165,28,2,6,-1.0,-1.0,-2.0,True,,1.9e-06
26.0,-,32,12514.019,3,2,-1.0,0.0,-1.0,1.96,12513.8972,0.12180000000080327,32,3,2,-1.0,0.0,-1.0,True,,1.1e-05
26.0,-,34,12584.56812,2,7,-1.0,-1.0,-2.0,0.01,12584.5081,0.06002000000080443,34,2,7,-1.0,-1.0,-2.0,True,,5.4e-08
26.0,-,38,13867.05662,2,8,-1.0,0.0,-1.0,0.16,13867.6243,-0.5676800000001094,38,2,8,-1.0,0.0,-1.0,True,,8.6e-07
26.0,-,39,13949.44102,2,8,-1.0,1.0,0.0,0.01,13947.7613,1.6797200000000885,39,2,8,-1.0,1.0,0.0,True,,5.4e-08
26.0,-,40,14028.62174,2,8,-1.0,-1.0,-2.0,0.16,14028.3954,0.22634000000107335,40,2,8,-1.0,-1.0,-2.0,True,,8.6e-07
26.0,-,41,14037.47841,3,3,-1.0,0.0,-1.0,0.49,14037.3719,0.10650999999961641,41,3,3,-1.0,0.0,-1.0,True,,2.6e-06
26.0,-,46,15288.55795,2,9,-1.0,0.0,-1.0,0.0059,15288.3869,0.17105000000083237,46,2,9,-1.0,0.0,-1.0,True,,3.2e-08
26.0,-,47,15367.04942,2,9,-1.0,1.0,0.0,0.0059,15367.1042,-0.05478000000039174,47,2,9,-1.0,1.0,0.0,True,,3.2e-08
26.0,-,48,15447.93789,2,9,-1.0,-1.0,-2.0,0.0033,15447.8663,0.07158999999955995,48,2,9,-1.0,-1.0,-2.0,True,,1.8e-08
26.0,-,49,15536.52745,3,4,-1.0,0.0,-1.0,0.81,15536.4536,0.07384999999885622,49,3,4,-1.0,0.0,-1.0,True,,4.4e-06
26.0,-,59,17011.05957,3,5,-1.0,0.0,-1.0,0.04,17011.0902,-0.030629999997472623,59,3,5,-1.0,0.0,-1.0,True,,2.2e-07
27.0,+,13,7370.74344,4,0,0.0,1.0,1.0,289.0,7370.5988,0.14464000000043598,13,4,0,0.0,1.0,1.0,True,,0.0016
27.0,+,17,8806.53798,4,1,0.0,1.0,1.0,2.25,8806.3759,0.16208000000005995,17,4,1,0.0,1.0,1.0,True,,1.2e-05
27.0,+,22,10220.14857,4,2,0.0,1.0,1.0,2.25,10220.0341,0.11446999999861873,22,4,2,0.0,1.0,1.0,True,,1.2e-05
27.0,+,29,11611.65408,4,3,0.0,1.0,1.0,2.89,11611.5549,0.09918000000106986,29,4,3,0.0,1.0,1.0,True,,1.6e-05
27.0,+,36,12955.67189,7,0,2.0,0.0,2.0,16.0,12955.636,0.03588999999919906,36,7,0,2.0,0.0,2.0,True,,8.6e-05
27.0,+,37,12981.13124,4,4,0.0,1.0,1.0,2.25,12981.0253,0.1059400000012829,37,4,4,0.0,1.0,1.0,True,,1.2e-05
27.0,+,42,14327.46606,7,1,2.0,0.0,2.0,0.16,14327.3956,0.07046000000082131,42,7,1,2.0,0.0,2.0,True,,8.6e-07
27.0,+,43,14328.6701,4,5,0.0,1.0,1.0,1.44,14328.5538,0.11629999999968277,43,4,5,0.0,1.0,1.0,True,,7.7e-06
27.0,+,50,15654.35127,4,6,0.0,1.0,1.0,0.64,15654.2557,0.09556999999949767,50,4,6,0.0,1.0,1.0,True,,3.4e-06
27.0,+,51,15676.36815,7,2,2.0,0.0,2.0,0.36,15676.2969,0.07125000000087311,51,7,2,2.0,0.0,2.0,True,,1.9e-06
27.0,+,57,16958.32043,4,7,0.0,1.0,1.0,0.16,16958.2538,0.06663000000116881,57,4,7,0.0,1.0,1.0,True,,8.6e-07
27.0,+,58,17002.44928,7,3,2.0,0.0,2.0,0.49,17002.3598,0.08948000000236789,58,7,3,2.0,0.0,2.0,True,,2.6e-06
27.0,+,62,18240.56426,4,8,0.0,1.0,1.0,0.01,18240.6667,-0.10244000000238884,62,4,8,0.0,1.0,1.0,True,,5.4e-08
27.0,+,64,18305.75558,7,4,2.0,0.0,2.0,0.25,18305.6773,0.07828000000154134,64,7,4,2.0,0.0,2.0,True,,1.3e-06
27.0,+,71,19586.36789,7,5,2.0,0.0,2.0,0.09,19586.3204,0.0474900000008347,71,7,5,2.0,0.0,2.0,True,,4.8e-07
27.0,+,78,20844.33002,7,6,2.0,0.0,2.0,0.04,20844.2977,0.03232000000207336,78,7,6,2.0,0.0,2.0,True,,2.2e-07
27.0,+,81,21212.41822,6,0,1.0,0.0,1.0,100.0,21212.4311,-0.012880000002041925,81,6,0,1.0,0.0,1.0,True,,0.00054
27.0,+,82,21308.51338,6,0,1.0,-1.0,0.0,144.0,21308.6127,-0.09932000000117114,82,6,0,1.0,-1.0,0.0,True,,0.00077
27.0,+,84,21406.38749,6,0,1.0,1.0,2.0,144.0,21406.3815,0.005990000001474982,84,6,0,1.0,1.0,2.0,True,,0.00077
27.0,+,86,22079.74509,7,7,2.0,0.0,2.0,0.04,22079.7144,0.030689999999594875,86,7,7,2.0,0.0,2.0,True,,2.2e-07
27.0,+,93,22951.86207,6,1,1.0,0.0,1.0,0.49,22951.8239,0.03816999999980908,93,6,1,1.0,0.0,1.0,True,,2.6e-06
27.0,+,94,23046.81496,6,1,1.0,-1.0,0.0,0.16,23046.8066,0.008359999999811407,94,6,1,1.0,-1.0,0.0,True,,8.6e-07
27.0,+,95,23143.53299,6,1,1.0,1.0,2.0,0.36,23143.5014,0.031589999998686835,95,6,1,1.0,1.0,2.0,True,,1.9e-06
27.0,+,107,24653.20282,6,2,1.0,0.0,1.0,0.25,24653.2347,-0.031880000002274755,106,6,2,1.0,0.0,1.0,True,,1.3e-06
27.0,+,109,24747.16447,6,2,1.0,-1.0,0.0,0.36,24747.336,-0.17152999999962049,109,6,2,1.0,-1.0,0.0,True,,1.9e-06
27.0,+,111,24842.55675,6,2,1.0,1.0,2.0,0.09,24842.4478,0.10894999999800348,111,6,2,1.0,1.0,2.0,True,,4.8e-07
27.0,+,120,26312.88715,6,3,1.0,0.0,1.0,0.36,26312.8346,0.052550000000337604,120,6,3,1.0,0.0,1.0,True,,1.9e-06
27.0,+,121,26405.46312,6,3,1.0,-1.0,0.0,0.25,26405.3918,0.07131999999910477,121,6,3,1.0,-1.0,0.0,True,,1.3e-06
27.0,+,122,26499.54774,6,3,1.0,1.0,2.0,0.49,26499.5429,0.004840000001422595,122,6,3,1.0,1.0,2.0,True,,2.6e-06
27.0,+,133,27926.58567,6,4,1.0,0.0,1.0,0.01,27927.4193,-0.8336300000009942,133,6,4,1.0,0.0,1.0,True,,5.4e-08
27.0,+,135,28018.02892,6,4,1.0,-1.0,0.0,0.01,28018.4026,-0.3736800000006042,135,6,4,1.0,-1.0,0.0,True,,5.4e-08
27.0,+,136,28110.28418,6,4,1.0,1.0,2.0,0.04,28110.3099,-0.025720000001456356,136,6,4,1.0,1.0,2.0,True,,2.2e-07
27.0,+,145,29487.86234,6,5,1.0,0.0,1.0,0.09,29487.8622,0.00014000000010128133,144,6,5,1.0,0.0,1.0,True,,4.8e-07
27.0,+,148,29577.56724,6,5,1.0,-1.0,0.0,0.16,29577.5499,0.017339999998512212,147,6,5,1.0,-1.0,0.0,True,,8.6e-07
27.0,+,150,29668.58409,6,5,1.0,1.0,2.0,0.04,29668.6542,-0.0701100000005681,149,6,5,1.0,1.0,2.0,True,,2.2e-07
27.0,+,158,30990.20777,6,6,1.0,0.0,1.0,0.04,30990.0199,0.18787000000156695,159,6,6,1.0,0.0,1.0,True,,2.2e-07
27.0,+,160,31079.1661,6,6,1.0,1.0,2.0,0.01,31079.545,-0.37889999999970314,160,6,6,1.0,-1.0,0.0,False,,5.4e-08
27.0,+,163,31167.4415,6,6,1.0,-1.0,0.0,0.01,31167.4673,-0.025799999999435386,163,6,6,1.0,1.0,2.0,False,,5.4e-08
27.0,+,170,32424.40655,6,7,1.0,0.0,1.0,0.01,32424.3591,0.047449999998207204,170,6,7,1.0,0.0,1.0,True,,5.4e-08
27.0,+,171,32510.67692,6,7,1.0,-1.0,0.0,0.01,32510.553,0.12392000000181724,171,6,7,1.0,-1.0,0.0,True,,5.4e-08
27.0,+,173,32597.56494,6,7,1.0,1.0,2.0,0.01,32597.6469,-0.08195999999952619,173,6,7,1.0,1.0,2.0,True,,5.4e-08
27.0,+,181,33781.56555,6,8,1.0,0.0,1.0,0.01,33781.5611,0.0044500000003608875,181,6,8,1.0,0.0,1.0,True,,5.4e-08
27.0,+,183,33863.98792,6,8,1.0,-1.0,0.0,0.01,33862.8811,1.10682000000088,182,6,8,1.0,-1.0,0.0,True,,5.4e-08
27.0,+,196,35055.09462,6,9,1.0,0.0,1.0,0.0059,35054.8803,0.21432000000640983,193,6,9,1.0,0.0,1.0,True,,3.2e-08
27.0,+,199,35139.17902,6,9,1.0,-1.0,0.0,0.0059,35137.3087,1.8703200000018114,196,6,9,1.0,-1.0,0.0,True,,3.2e-08
27.0,+,200,35219.38074,6,9,1.0,1.0,2.0,0.0059,35218.7081,0.6726399999970454,198,6,9,1.0,1.0,2.0,True,,3.2e-08
27.0,+,209,36244.23796,6,10,1.0,0.0,1.0,0.0051,36244.4184,-0.18044000000372762,207,6,10,1.0,0.0,1.0,True,,2.7e-08
27.0,+,210,36323.29442,6,10,1.0,-1.0,0.0,0.0051,36323.2485,0.04591999999684049,209,6,10,1.0,-1.0,0.0,True,,2.7e-08
27.0,+,211,36403.40089,6,10,1.0,1.0,2.0,0.0028,36403.1645,0.23638999999820953,211,6,10,1.0,1.0,2.0,True,,1.5e-08
27.0,-,2,1748.79614,2,0,-1.0,0.0,-1.0,676.0,1748.7972,-0.0010600000000522414,2,2,0,-1.0,0.0,-1.0,True,,0.0036
27.0,-,3,1837.23888,2,0,-1.0,1.0,0.0,289.0,1837.2324,0.006480000000010477,3,2,0,-1.0,1.0,0.0,True,,0.0016
27.0,-,4,1929.84539,2,0,-1.0,-1.0,-2.0,324.0,1929.8536,-0.008209999999962747,4,2,0,-1.0,-1.0,-2.0,True,,0.0017
27.0,-,6,3355.16752,2,1,-1.0,0.0,-1.0,7.84,3355.1484,0.01911999999992986,6,2,1,-1.0,0.0,-1.0,True,,4.2e-05
27.0,-,7,3442.68964,2,1,-1.0,1.0,0.0,4.0,3442.6756,0.014040000000022701,7,2,1,-1.0,1.0,0.0,True,,2.2e-05
27.0,-,8,3534.41143,2,1,-1.0,-1.0,-2.0,6.76,3534.3992,0.012230000000272412,8,2,1,-1.0,-1.0,-2.0,True,,3.6e-05
27.0,-,9,4938.17383,2,2,-1.0,0.0,-1.0,7.29,4938.1831,-0.009270000000469736,9,2,2,-1.0,0.0,-1.0,True,,3.9e-05
27.0,-,11,5024.77247,2,2,-1.0,1.0,0.0,3.24,5024.789,-0.016529999999875145,11,2,2,-1.0,1.0,0.0,True,,1.7e-05
27.0,-,12,5115.59968,2,2,-1.0,-1.0,-2.0,4.84,5115.6211,-0.021420000000034634,12,2,2,-1.0,-1.0,-2.0,True,,2.6e-05
27.0,-,13,6497.95486,2,3,-1.0,0.0,-1.0,2.89,6497.7875,0.16735999999946216,13,2,3,-1.0,0.0,-1.0,True,,1.6e-05
27.0,-,14,6583.46343,2,3,-1.0,1.0,0.0,2.89,6583.458,0.005430000000160362,14,2,3,-1.0,1.0,0.0,True,,1.6e-05
27.0,-,15,6673.43439,2,3,-1.0,-1.0,-2.0,1.69,6673.4151,0.019290000000182772,15,2,3,-1.0,-1.0,-2.0,True,,9.1e-06
27.0,-,19,8034.07098,2,4,-1.0,0.0,-1.0,1.21,8034.0473,0.023680000000240398,19,2,4,-1.0,0.0,-1.0,True,,6.5e-06
27.0,-,20,8118.74991,2,4,-1.0,1.0,0.0,1.0,8118.7533,-0.0033899999998538988,20,2,4,-1.0,1.0,0.0,True,,5.4e-06
27.0,-,21,8207.86529,2,4,-1.0,-1.0,-2.0,0.81,8207.8634,0.0018899999995483086,21,2,4,-1.0,-1.0,-2.0,True,,4.4e-06
27.0,-,25,9480.33807,3,0,-1.0,0.0,-1.0,961.0,9480.3409,-0.0028299999994487735,25,3,0,-1.0,0.0,-1.0,True,,0.0052
27.0,-,26,9546.94849,2,5,-1.0,0.0,-1.0,0.81,9546.9835,-0.03500999999960186,26,2,5,-1.0,0.0,-1.0,True,,4.4e-06
27.0,-,27,9630.48503,2,5,-1.0,1.0,0.0,0.64,9630.6354,-0.15036999999938416,27,2,5,-1.0,1.0,0.0,True,,3.4e-06
27.0,-,28,9718.91483,2,5,-1.0,-1.0,-2.0,0.49,9718.9858,-0.07097000000067055,28,2,5,-1.0,-1.0,-2.0,True,,2.6e-06
27.0,-,33,11036.46266,2,6,-1.0,0.0,-1.0,0.49,11036.5491,-0.0864400000009482,33,2,6,-1.0,0.0,-1.0,True,,2.6e-06
27.0,-,34,11051.49426,3,1,-1.0,0.0,-1.0,8.41,11051.4873,0.006959999998798594,34,3,1,-1.0,0.0,-1.0,True,,4.5e-05
27.0,-,35,11119.60156,2,6,-1.0,1.0,0.0,0.25,11119.6087,-0.007140000001527369,35,2,6,-1.0,1.0,0.0,True,,1.3e-06
27.0,-,36,11206.56741,2,6,-1.0,-1.0,-2.0,0.49,11206.7327,-0.16529000000082306,36,2,6,-1.0,-1.0,-2.0,True,,2.6e-06
27.0,-,42,12598.35971,3,2,-1.0,0.0,-1.0,3.61,12598.3684,-0.008689999998750864,42,3,2,-1.0,0.0,-1.0,True,,1.9e-05
27.0,-,49,13945.80537,2,8,-1.0,0.0,-1.0,0.16,13945.416,0.38937000000078115,49,2,8,-1.0,0.0,-1.0,True,,8.6e-07
27.0,-,50,14025.8239,2,8,-1.0,1.0,0.0,0.16,14026.0772,-0.2533000000003085,50,2,8,-1.0,1.0,0.0,True,,8.6e-07
27.0,-,51,14113.03953,2,8,-1.0,-1.0,-2.0,0.16,14111.9498,1.0897299999996903,51,2,8,-1.0,-1.0,-2.0,True,,8.6e-07
27.0,-,52,14120.88723,3,3,-1.0,0.0,-1.0,1.0,14120.9131,-0.025869999999486026,52,3,3,-1.0,0.0,-1.0,True,,5.4e-06
27.0,-,58,15364.79372,2,9,-1.0,0.0,-1.0,0.0059,15364.74,0.05371999999988475,58,2,9,-1.0,0.0,-1.0,True,,3.2e-08
27.0,-,59,15445.43663,2,9,-1.0,1.0,0.0,0.0033,15445.3508,0.0858299999999872,59,2,9,-1.0,1.0,0.0,True,,1.8e-08
27.0,-,60,15526.42764,2,9,-1.0,-1.0,-2.0,0.0033,15529.4437,-3.016059999999925,60,2,9,-1.0,-1.0,-2.0,True,,1.8e-08
27.0,-,62,15619.00031,3,4,-1.0,0.0,-1.0,1.21,15619.0634,-0.06308999999964726,62,3,4,-1.0,0.0,-1.0,True,,6.5e-06
27.0,-,74,17092.61043,3,5,-1.0,0.0,-1.0,0.16,17092.7645,-0.15407000000050175,74,3,5,-1.0,0.0,-1.0,True,,8.6e-07
27.0,-,83,18541.61173,3,6,-1.0,0.0,-1.0,0.04,18541.8537,-0.24196999999912805,83,3,6,-1.0,0.0,-1.0,True,,2.2e-07
28.0,+,1,1465.97862,1,0,0.0,0.0,0.0,400.0,1465.9842,-0.005580000000009022,1,1,0,0.0,0.0,0.0,True,,0.0022
28.0,+,5,3278.65372,1,1,0.0,0.0,0.0,84.41,3278.6557,-0.0019800000000032014,5,1,1,0.0,0.0,0.0,True,,0.00045
28.0,+,10,5062.76392,1,2,0.0,0.0,0.0,7.29,5062.8706,-0.10667999999986932,10,1,2,0.0,0.0,0.0,True,,3.9e-05
28.0,+,16,6817.324,1,3,0.0,0.0,0.0,2.89,6817.5442,-0.2202000000006592,16,1,3,0.0,0.0,0.0,True,,1.6e-05
28.0,+,17,7370.56246,4,0,0.0,1.0,1.0,225.0,7370.6254,-0.0629399999997986,17,4,0,0.0,1.0,1.0,True,,0.0012
28.0,+,18,7539.41286,4,0,0.0,0.0,0.0,121.0,7539.3388,0.07405999999991764,18,4,0,0.0,0.0,0.0,True,,0.00065
28.0,+,22,8541.08157,1,4,0.0,0.0,0.0,0.36,8541.4378,-0.35622999999941385,22,1,4,0.0,0.0,0.0,True,,1.9e-06
28.0,+,23,8806.36277,4,1,0.0,1.0,1.0,2.25,8806.41,-0.04723000000012689,23,4,1,0.0,1.0,1.0,True,,1.2e-05
28.0,+,24,8973.34946,4,1,0.0,0.0,0.0,1.69,8973.2477,0.1017599999995582,24,4,1,0.0,0.0,0.0,True,,9.1e-06
28.0,+,29,10219.77858,4,2,0.0,1.0,1.0,2.56,10219.9317,-0.15311999999903492,29,4,2,0.0,1.0,1.0,True,,1.4e-05
28.0,+,30,10232.54465,1,5,0.0,0.0,0.0,0.09,10233.0437,-0.49905000000035216,30,1,5,0.0,0.0,0.0,True,,4.8e-07
28.0,+,31,10385.10006,4,2,0.0,0.0,0.0,2.25,10385.0403,0.059760000000096625,31,4,2,0.0,0.0,0.0,True,,1.2e-05
28.0,+,37,11611.45538,4,3,0.0,1.0,1.0,2.25,11611.5826,-0.12722000000030675,37,4,3,0.0,1.0,1.0,True,,1.2e-05
28.0,+,38,11774.73376,4,3,0.0,0.0,0.0,2.56,11774.6763,0.05745999999999185,38,4,3,0.0,0.0,0.0,True,,1.4e-05
28.0,+,45,12980.94299,4,4,0.0,1.0,1.0,1.21,12981.0584,-0.11541000000033819,45,4,4,0.0,1.0,1.0,True,,6.5e-06
28.0,+,46,13036.61003,7,0,2.0,0.0,2.0,9.0,13036.5759,0.03413000000000466,46,7,0,2.0,0.0,2.0,True,,4.8e-05
28.0,+,47,13142.35246,4,4,0.0,0.0,0.0,0.81,13142.2822,0.07026000000041677,47,4,4,0.0,0.0,0.0,True,,4.4e-06
28.0,+,53,14328.48742,4,5,0.0,1.0,1.0,2.25,14328.5903,-0.10288000000036845,53,4,5,0.0,1.0,1.0,True,,1.2e-05
28.0,+,54,14407.46213,7,1,2.0,0.0,2.0,0.09,14407.3866,0.0755300000000716,54,7,1,2.0,0.0,2.0,True,,4.8e-07
28.0,+,55,14488.02112,4,5,0.0,0.0,0.0,1.44,14487.9419,0.07921999999962281,55,4,5,0.0,0.0,0.0,True,,7.7e-06
28.0,+,61,15654.29161,4,6,0.0,1.0,1.0,0.25,15654.295,-0.0033899999998538988,61,4,6,0.0,1.0,1.0,True,,1.3e-06
28.0,+,63,15755.41951,7,2,2.0,0.0,2.0,0.36,15755.3395,0.08000999999967462,63,7,2,2.0,0.0,2.0,True,,1.9e-06
28.0,+,64,15811.82827,4,6,0.0,0.0,0.0,0.25,15811.7747,0.05357000000003609,64,4,6,0.0,0.0,0.0,True,,1.3e-06
28.0,+,65,16390.11557,8,0,0.0,0.0,0.0,16.0,16390.1408,-0.02522999999928288,65,8,0,0.0,0.0,0.0,True,,8.6e-05
28.0,+,70,16958.17364,4,7,0.0,1.0,1.0,0.16,16958.2959,-0.12226000000009662,70,4,7,0.0,1.0,1.0,True,,8.6e-07
28.0,+,72,17080.54646,7,3,2.0,0.0,2.0,0.36,17080.4548,0.09166000000186614,72,7,3,2.0,0.0,2.0,True,,1.9e-06
28.0,+,73,17113.86264,4,7,0.0,0.0,0.0,0.09,17113.9041,-0.0414600000003702,73,4,7,0.0,0.0,0.0,True,,4.8e-07
28.0,+,75,17802.18253,8,1,0.0,0.0,0.0,0.36,17802.1,0.0825299999996787,75,8,1,0.0,0.0,0.0,True,,1.9e-06
28.0,+,78,18240.40473,4,8,0.0,1.0,1.0,0.09,18240.712,-0.3072700000011537,78,4,8,0.0,1.0,1.0,True,,4.8e-07
28.0,+,81,18382.91229,7,4,2.0,0.0,2.0,0.36,18382.8246,0.08769000000029337,81,7,4,2.0,0.0,2.0,True,,1.9e-06
28.0,+,82,18394.29297,4,8,0.0,0.0,0.0,0.04,18394.4484,-0.15543000000252505,82,4,8,0.0,0.0,0.0,True,,2.2e-07
28.0,+,85,19214.63028,8,2,0.0,0.0,0.0,0.04,19214.9901,-0.3598199999978533,85,8,2,0.0,0.0,0.0,True,,2.2e-07
28.0,+,91,19662.56662,7,5,2.0,0.0,2.0,0.04,19662.5192,0.04742000000260305,91,7,5,2.0,0.0,2.0,True,,2.2e-07
28.0,+,100,20919.58082,7,6,2.0,0.0,2.0,0.04,20919.5484,0.032419999999547144,100,7,6,2.0,0.0,2.0,True,,2.2e-07
28.0,+,103,21306.61646,6,0,1.0,0.0,1.0,100.0,21306.4651,0.1513599999998405,103,6,0,1.0,0.0,1.0,True,,0.00054
28.0,+,104,21404.51765,6,0,1.0,-1.0,0.0,81.0,21404.5372,-0.0195499999972526,104,6,0,1.0,-1.0,0.0,True,,0.00044
28.0,+,106,21506.99825,6,0,1.0,1.0,2.0,100.0,21507.2635,-0.26525000000037835,106,6,0,1.0,1.0,2.0,True,,0.00054
28.0,+,111,22154.03116,7,7,2.0,0.0,2.0,0.04,22154.0113,0.019860000000335276,111,7,7,2.0,0.0,2.0,True,,2.2e-07
28.0,+,117,23044.90201,6,1,1.0,0.0,1.0,0.36,23044.7064,0.19561000000248896,117,6,1,1.0,0.0,1.0,True,,1.9e-06
28.0,+,118,23141.65592,6,1,1.0,-1.0,0.0,0.25,23141.6196,0.036319999999250285,118,6,1,1.0,-1.0,0.0,True,,1.3e-06
28.0,+,120,23242.8687,6,1,1.0,1.0,2.0,0.16,23242.9372,-0.06850000000122236,120,6,1,1.0,1.0,2.0,True,,8.6e-07
28.0,+,135,24745.31275,6,2,1.0,0.0,1.0,0.16,24745.0603,0.25244999999995343,135,6,2,1.0,0.0,1.0,True,,8.6e-07
28.0,+,138,24840.65828,6,2,1.0,-1.0,0.0,0.81,24840.7062,-0.04792000000088592,138,6,2,1.0,-1.0,0.0,True,,4.4e-06
28.0,+,140,24940.90222,6,2,1.0,1.0,2.0,0.16,24941.21,-0.30777999999918393,140,6,2,1.0,1.0,2.0,True,,8.6e-07
28.0,+,151,26403.67489,6,3,1.0,0.0,1.0,0.49,26403.3302,0.3446899999980815,151,6,3,1.0,0.0,1.0,True,,2.6e-06
28.0,+,152,26497.78537,6,3,1.0,-1.0,0.0,0.81,26497.7152,0.07017000000269036,152,6,3,1.0,-1.0,0.0,True,,4.4e-06
28.0,+,153,26596.32699,6,3,1.0,1.0,2.0,0.25,26596.4575,-0.1305099999990489,153,6,3,1.0,1.0,2.0,True,,1.3e-06
28.0,+,168,28016.46384,6,4,1.0,0.0,1.0,0.01,28016.4472,0.016640000001643784,168,6,4,1.0,0.0,1.0,True,,5.4e-08
28.0,+,170,28108.61786,6,4,1.0,-1.0,0.0,0.04,28108.6295,-0.01164000000062515,170,6,4,1.0,-1.0,0.0,True,,2.2e-07
28.0,+,171,28206.01646,6,4,1.0,1.0,2.0,0.01,28206.7241,-0.7076400000005378,171,6,4,1.0,1.0,2.0,True,,5.4e-08
28.0,+,183,29575.67839,6,5,1.0,0.0,1.0,0.09,29575.5369,0.14149000000179512,182,6,5,1.0,0.0,1.0,True,,4.8e-07
28.0,+,186,29666.9556,6,5,1.0,-1.0,0.0,0.09,29666.8988,0.05680000000211294,184,6,5,1.0,-1.0,0.0,True,,4.8e-07
28.0,+,188,29762.33729,6,5,1.0,1.0,2.0,0.04,29762.5354,-0.1981100000011793,188,6,5,1.0,1.0,2.0,True,,2.2e-07
28.0,+,200,31077.67087,6,6,1.0,0.0,1.0,0.04,31077.3508,0.3200700000015786,201,6,6,1.0,0.0,1.0,True,,2.2e-07
28.0,+,203,31165.73968,6,6,1.0,-1.0,0.0,0.04,31165.4267,0.3129799999987881,203,6,6,1.0,-1.0,0.0,True,,2.2e-07
28.0,+,205,31260.19357,6,6,1.0,1.0,2.0,0.04,31261.3705,-1.1769300000014482,205,6,6,1.0,1.0,2.0,True,,2.2e-07
28.0,+,216,32509.09387,6,7,1.0,0.0,1.0,0.01,32508.5911,0.5027699999991455,215,6,7,1.0,0.0,1.0,True,,5.4e-08
28.0,+,217,32595.94934,6,7,1.0,-1.0,0.0,0.01,32596.0141,-0.06476000000111526,217,6,7,1.0,-1.0,0.0,True,,5.4e-08
28.0,+,218,32687.63603,6,7,1.0,1.0,2.0,0.01,32687.9468,-0.31077000000004773,218,6,7,1.0,1.0,2.0,True,,5.4e-08
28.0,+,229,33861.97587,6,8,1.0,0.0,1.0,0.01,33861.5528,0.42307000000437256,229,6,8,1.0,0.0,1.0,True,,5.4e-08
28.0,+,231,33948.59934,6,8,1.0,1.0,2.0,0.01,33948.7443,-0.14495999999780906,230,6,8,1.0,-1.0,0.0,False,,5.4e-08
28.0,+,248,35136.56437,6,9,1.0,0.0,1.0,0.0059,35135.2312,1.3331699999980628,244,6,9,1.0,0.0,1.0,True,,3.2e-08
28.0,+,251,35217.6709,6,9,1.0,-1.0,0.0,0.0059,35217.243,0.42789999999513384,248,6,9,1.0,-1.0,0.0,True,,3.2e-08
28.0,+,252,35303.79853,6,9,1.0,1.0,2.0,0.0,35305.0932,-1.2946700000029523,251,6,9,1.0,1.0,2.0,True,,0.0
28.0,+,263,36321.88572,6,10,1.0,0.0,1.0,0.0051,36321.5231,0.36261999999987893,261,6,10,1.0,0.0,1.0,True,,2.7e-08
28.0,+,264,36401.83063,6,10,1.0,-1.0,0.0,0.0028,36401.7583,0.07232999999541789,263,6,10,1.0,-1.0,0.0,True,,1.5e-08
28.0,+,265,36481.68164,6,10,1.0,1.0,2.0,0.0,36485.6739,-3.992259999999078,265,6,10,1.0,1.0,2.0,True,,0.0
28.0,-,1,1835.86287,2,0,-1.0,0.0,-1.0,256.0,1835.8524,0.010469999999941138,1,2,0,-1.0,0.0,-1.0,True,,0.0014
28.0,-,2,1928.62439,2,0,-1.0,1.0,0.0,625.0,1928.6283,-0.003910000000132641,2,2,0,-1.0,1.0,0.0,True,,0.0034
28.0,-,3,2023.48576,2,0,-1.0,-1.0,-2.0,289.0,2023.4745,0.011259999999992942,3,2,0,-1.0,-1.0,-2.0,True,,0.0016
28.0,-,4,3441.29181,2,1,-1.0,0.0,-1.0,4.84,3441.2847,0.007110000000011496,4,2,1,-1.0,0.0,-1.0,True,,2.6e-05
28.0,-,5,3533.16543,2,1,-1.0,1.0,0.0,9.0,3533.1614,0.0040300000000570435,5,2,1,-1.0,1.0,0.0,True,,4.8e-05
28.0,-,6,3627.04669,2,1,-1.0,-1.0,-2.0,4.0,3627.0133,0.03339000000005399,6,2,1,-1.0,-1.0,-2.0,True,,2.2e-05
28.0,-,7,5023.34374,2,2,-1.0,0.0,-1.0,5.29,5023.388,-0.04425999999966734,7,2,2,-1.0,0.0,-1.0,True,,2.8e-05
28.0,-,8,5114.35333,2,2,-1.0,1.0,0.0,4.84,5114.3696,-0.016270000000076834,8,2,2,-1.0,1.0,0.0,True,,2.6e-05
28.0,-,9,5207.23769,2,2,-1.0,-1.0,-2.0,2.89,5207.2101,0.027589999999690917,9,2,2,-1.0,-1.0,-2.0,True,,1.6e-05
28.0,-,10,6582.00367,2,3,-1.0,0.0,-1.0,2.25,6582.0489,-0.04522999999971944,10,2,3,-1.0,0.0,-1.0,True,,1.2e-05
28.0,-,11,6672.24592,2,3,-1.0,1.0,0.0,2.25,6672.1489,0.09702000000015687,11,2,3,-1.0,1.0,0.0,True,,1.2e-05
28.0,-,12,6764.00974,2,3,-1.0,-1.0,-2.0,1.69,6763.9584,0.051339999999981956,12,2,3,-1.0,-1.0,-2.0,True,,9.1e-06
28.0,-,14,8117.30027,2,4,-1.0,0.0,-1.0,0.81,8117.3411,-0.040829999999914435,14,2,4,-1.0,0.0,-1.0,True,,4.4e-06
28.0,-,15,8206.58325,2,4,-1.0,1.0,0.0,0.64,8206.5814,0.0018500000005587935,15,2,4,-1.0,1.0,0.0,True,,3.4e-06
28.0,-,16,8297.35317,2,4,-1.0,-1.0,-2.0,0.49,8297.3208,0.03237000000081025,16,2,4,-1.0,-1.0,-2.0,True,,2.6e-06
28.0,-,18,9569.97215,3,0,-1.0,0.0,-1.0,361.0,9569.8182,0.15394999999989523,18,3,0,-1.0,0.0,-1.0,True,,0.0019
28.0,-,19,9628.93434,2,5,-1.0,0.0,-1.0,0.49,9629.2384,-0.3040600000003906,19,2,5,-1.0,0.0,-1.0,True,,2.6e-06
28.0,-,20,9717.6791,2,5,-1.0,1.0,0.0,0.36,9717.6867,-0.007600000000820728,20,2,5,-1.0,1.0,0.0,True,,1.9e-06
28.0,-,21,9807.25234,2,5,-1.0,-1.0,-2.0,0.36,9807.2399,0.012439999998605344,21,2,5,-1.0,-1.0,-2.0,True,,1.9e-06
28.0,-,25,11118.16555,2,6,-1.0,0.0,-1.0,0.25,11118.1246,0.04095000000052096,25,2,6,-1.0,0.0,-1.0,True,,1.3e-06
28.0,-,26,11140.17241,3,1,-1.0,0.0,-1.0,4.0,11140.0107,0.161709999998493,26,3,1,-1.0,0.0,-1.0,True,,2.2e-05
28.0,-,27,11205.37792,2,6,-1.0,1.0,0.0,0.16,11205.418,-0.040079999998852145,27,2,6,-1.0,1.0,0.0,True,,8.6e-07
28.0,-,28,11294.43494,2,6,-1.0,-1.0,-2.0,0.09,11294.4647,-0.029760000001260778,28,2,6,-1.0,-1.0,-2.0,True,,4.8e-07
28.0,-,32,12686.07202,3,2,-1.0,0.0,-1.0,1.96,12685.9248,0.14721999999892432,32,3,2,-1.0,0.0,-1.0,True,,1.1e-05
28.0,-,38,14024.25262,2,8,-1.0,0.0,-1.0,0.16,14024.6797,-0.42708000000129687,38,2,8,-1.0,0.0,-1.0,True,,8.6e-07
28.0,-,39,14112.47202,2,8,-1.0,1.0,0.0,0.16,14110.5949,1.877119999999195,39,2,8,-1.0,1.0,0.0,True,,8.6e-07
28.0,-,40,14197.41775,2,8,-1.0,-1.0,-2.0,0.16,14196.8591,0.5586500000008527,40,2,8,-1.0,-1.0,-2.0,True,,8.6e-07
28.0,-,41,14207.63592,3,3,-1.0,0.0,-1.0,0.64,14207.508,0.12792000000081316,41,3,3,-1.0,0.0,-1.0,True,,3.4e-06
28.0,-,46,15443.95396,2,9,-1.0,0.0,-1.0,0.0033,15443.7434,0.210560000001351,46,2,9,-1.0,0.0,-1.0,True,,1.8e-08
28.0,-,47,15528.06742,2,9,-1.0,1.0,0.0,0.0033,15528.0729,-0.0054799999998067506,47,2,9,-1.0,1.0,0.0,True,,1.8e-08
28.0,-,48,15614.79389,2,9,-1.0,-1.0,-2.0,0.0033,15614.5337,0.26019000000087544,48,2,9,-1.0,-1.0,-2.0,True,,1.8e-08
28.0,-,49,15704.77331,3,4,-1.0,0.0,-1.0,0.16,15704.6919,0.08141000000068743,49,3,4,-1.0,0.0,-1.0,True,,8.6e-07
28.0,-,59,17177.4078,3,5,-1.0,0.0,-1.0,0.04,17177.4233,-0.015499999997700797,59,3,5,-1.0,0.0,-1.0,True,,2.2e-07
28.0,-,66,18625.554,3,6,-1.0,0.0,-1.0,0.01,18625.6603,-0.10629999999946449,66,3,6,-1.0,0.0,-1.0,True,,5.4e-08
29.0,+,13,7539.50936,4,0,0.0,1.0,1.0,169.0,7539.366,0.14336000000002969,13,4,0,0.0,1.0,1.0,True,,0.00091
29.0,+,17,8973.43849,4,1,0.0,1.0,1.0,1.69,8973.2787,0.15978999999970256,17,4,1,0.0,1.0,1.0,True,,9.1e-06
29.0,+,22,10385.18572,4,2,0.0,1.0,1.0,1.96,10385.0727,0.11301999999886903,22,4,2,0.0,1.0,1.0,True,,1.1e-05
29.0,+,29,11774.82513,4,3,0.0,1.0,1.0,3.24,11774.7302,0.09492999999929452,29,4,3,0.0,1.0,1.0,True,,1.7e-05
29.0,+,36,13120.3994,7,0,2.0,0.0,2.0,9.0,13120.3647,0.03470000000015716,36,7,0,2.0,0.0,2.0,True,,4.8e-05
29.0,+,37,13142.43208,4,4,0.0,1.0,1.0,1.69,13142.3374,0.09468000000015309,37,4,4,0.0,1.0,1.0,True,,9.1e-06
29.0,+,42,14488.1071,4,5,0.0,1.0,1.0,0.81,14488.0037,0.10339999999996508,42,4,5,0.0,1.0,1.0,True,,4.4e-06
29.0,+,43,14490.27288,7,1,2.0,0.0,2.0,0.16,14490.1925,0.08038000000124157,43,7,1,2.0,0.0,2.0,True,,8.6e-07
29.0,+,50,15811.92281,4,6,0.0,1.0,1.0,0.64,15811.844,0.07881000000088534,50,4,6,0.0,1.0,1.0,True,,3.4e-06
29.0,+,51,15837.24969,7,2,2.0,0.0,2.0,0.36,15837.1629,0.0867900000012014,51,7,2,2.0,0.0,2.0,True,,1.9e-06
29.0,+,57,17114.06289,4,7,0.0,1.0,1.0,0.09,17113.9814,0.08149000000048545,57,4,7,0.0,1.0,1.0,True,,4.8e-07
29.0,+,58,17161.39569,7,3,2.0,0.0,2.0,0.25,17161.2967,0.09899000000223168,58,7,3,2.0,0.0,2.0,True,,1.3e-06
29.0,+,62,18394.40344,4,8,0.0,1.0,1.0,0.01,18394.5342,-0.1307600000000093,62,4,8,0.0,1.0,1.0,True,,5.4e-08
29.0,+,63,18462.77082,7,4,2.0,0.0,2.0,0.25,18462.6848,0.08602000000246335,64,7,4,2.0,0.0,2.0,True,,1.3e-06
29.0,+,71,19741.43796,7,5,2.0,0.0,2.0,0.01,19741.3969,0.041059999999561114,71,7,5,2.0,0.0,2.0,True,,5.4e-08
29.0,+,78,20997.46834,7,6,2.0,0.0,2.0,0.09,20997.4437,0.02463999999963562,78,7,6,2.0,0.0,2.0,True,,4.8e-07
29.0,+,81,21403.36464,6,0,1.0,0.0,1.0,100.0,21403.3731,-0.008460000000923174,81,6,0,1.0,0.0,1.0,True,,0.00054
29.0,+,82,21506.26828,6,0,1.0,-1.0,0.0,121.0,21506.37,-0.1017199999987497,82,6,0,1.0,-1.0,0.0,True,,0.00065
29.0,+,84,21610.81655,6,0,1.0,1.0,2.0,121.0,21610.8116,0.0049499999986437615,84,6,0,1.0,1.0,2.0,True,,0.00065
29.0,+,86,22230.93177,7,7,2.0,0.0,2.0,0.04,22230.9188,0.012969999999768334,86,7,7,2.0,0.0,2.0,True,,2.2e-07
29.0,+,93,23140.5644,6,1,1.0,0.0,1.0,0.36,23140.5103,0.0540999999975611,93,6,1,1.0,0.0,1.0,True,,1.9e-06
29.0,+,94,23242.13224,6,1,1.0,-1.0,0.0,0.36,23242.0746,0.05763999999908265,94,6,1,1.0,-1.0,0.0,True,,1.9e-06
29.0,+,96,23345.55506,6,1,1.0,1.0,2.0,0.36,23345.4931,0.06195999999908963,96,6,1,1.0,1.0,2.0,True,,1.9e-06
29.0,+,107,24839.55215,6,2,1.0,0.0,1.0,0.64,24839.5323,0.019850000000587897,107,6,2,1.0,0.0,1.0,True,,3.4e-06
29.0,+,109,24940.16025,6,2,1.0,-1.0,0.0,0.36,24940.2988,-0.13854999999966822,109,6,2,1.0,-1.0,0.0,True,,1.9e-06
29.0,+,111,25042.02576,6,2,1.0,1.0,2.0,0.09,25041.9065,0.11925999999948544,111,6,2,1.0,1.0,2.0,True,,4.8e-07
29.0,+,120,26496.66451,6,3,1.0,0.0,1.0,0.36,26496.6121,0.05241000000023632,120,6,3,1.0,0.0,1.0,True,,1.9e-06
29.0,+,121,26595.73081,6,3,1.0,-1.0,0.0,0.49,26595.5881,0.14271000000007916,121,6,3,1.0,-1.0,0.0,True,,2.6e-06
29.0,+,122,26696.27619,6,3,1.0,1.0,2.0,0.09,26696.2714,0.004789999999047723,122,6,3,1.0,1.0,2.0,True,,4.8e-07
29.0,+,133,28107.54463,6,4,1.0,0.0,1.0,0.01,28107.6397,-0.0950699999993958,133,6,4,1.0,0.0,1.0,True,,5.4e-08
29.0,+,135,28205.40983,6,4,1.0,-1.0,0.0,0.01,28205.817,-0.4071699999985867,135,6,4,1.0,-1.0,0.0,True,,5.4e-08
29.0,+,136,28304.03466,6,4,1.0,1.0,2.0,0.04,28304.0733,-0.03863999999884982,136,6,4,1.0,1.0,2.0,True,,2.2e-07
29.0,+,146,29665.87174,6,5,1.0,0.0,1.0,0.04,29665.8344,0.03733999999894877,145,6,5,1.0,0.0,1.0,True,,2.2e-07
29.0,+,149,29761.92279,6,5,1.0,-1.0,0.0,0.01,29761.7252,0.19758999999976368,148,6,5,1.0,-1.0,0.0,True,,5.4e-08
29.0,+,150,29859.06813,6,5,1.0,1.0,2.0,0.04,29859.1393,-0.0711699999992561,150,6,5,1.0,1.0,2.0,True,,2.2e-07
29.0,+,159,31164.69349,6,6,1.0,0.0,1.0,0.04,31164.5491,0.14439000000129454,159,6,6,1.0,0.0,1.0,True,,2.2e-07
29.0,+,160,31259.54133,6,6,1.0,1.0,2.0,0.01,31259.5857,-0.044369999999616994,160,6,6,1.0,-1.0,0.0,False,,5.4e-08
29.0,+,163,31354.17483,6,6,1.0,-1.0,0.0,0.04,31354.1876,-0.01277000000118278,163,6,6,1.0,1.0,2.0,False,,2.2e-07
29.0,+,170,32595.08257,6,7,1.0,0.0,1.0,0.01,32595.001,0.08156999999846448,170,6,7,1.0,0.0,1.0,True,,5.4e-08
29.0,+,171,32687.28181,6,7,1.0,-1.0,0.0,0.01,32687.1519,0.12990999999965425,171,6,7,1.0,-1.0,0.0,True,,5.4e-08
29.0,+,181,33947.74757,6,8,1.0,0.0,1.0,0.0,33947.7798,-0.03222999999707099,181,6,8,1.0,0.0,1.0,True,,0.0
29.0,+,183,34034.64781,6,8,1.0,-1.0,0.0,0.0,34031.9844,2.663410000001022,182,6,8,1.0,-1.0,0.0,True,,0.0
29.0,+,197,35216.71762,6,9,1.0,0.0,1.0,0.0059,35216.216,0.5016200000027311,193,6,9,1.0,0.0,1.0,True,,3.2e-08
29.0,+,199,35306.59903,6,9,1.0,-1.0,0.0,0.0059,35304.2522,2.3468299999949522,197,6,9,1.0,-1.0,0.0,True,,3.2e-08
29.0,+,200,35390.70075,6,9,1.0,1.0,2.0,0.0059,35391.3255,-0.6247499999954016,199,6,9,1.0,1.0,2.0,True,,3.2e-08
29.0,+,209,36400.70396,6,10,1.0,0.0,1.0,0.0028,36400.8739,-0.1699399999997695,207,6,10,1.0,0.0,1.0,True,,1.5e-08
29.0,+,210,36485.29242,6,10,1.0,-1.0,0.0,0.0028,36485.0813,0.21111999999993714,209,6,10,1.0,-1.0,0.0,True,,1.5e-08
29.0,+,211,36571.27589,6,10,1.0,1.0,2.0,0.0028,36570.4904,0.785489999994752,211,6,10,1.0,1.0,2.0,True,,1.5e-08
29.0,-,2,1926.52347,2,0,-1.0,0.0,-1.0,484.0,1926.5255,-0.0020299999998769636,2,2,0,-1.0,0.0,-1.0,True,,0.0026
29.0,-,3,2021.13599,2,0,-1.0,1.0,0.0,225.0,2021.1316,0.004390000000057626,3,2,0,-1.0,1.0,0.0,True,,0.0012
29.0,-,4,2120.07826,2,0,-1.0,-1.0,-2.0,484.0,2120.0793,-0.0010400000001027365,4,2,0,-1.0,-1.0,-2.0,True,,0.0026
29.0,-,6,3531.06265,2,1,-1.0,0.0,-1.0,7.29,3531.0504,0.01224999999976717,6,2,1,-1.0,0.0,-1.0,True,,3.9e-05
29.0,-,7,3624.68057,2,1,-1.0,1.0,0.0,4.0,3624.6778,0.0027700000000550062,7,2,1,-1.0,1.0,0.0,True,,2.2e-05
29.0,-,8,3722.67623,2,1,-1.0,-1.0,-2.0,6.76,3722.6645,0.011730000000170548,8,2,1,-1.0,-1.0,-2.0,True,,3.6e-05
29.0,-,9,5112.24402,2,2,-1.0,0.0,-1.0,3.61,5112.2497,-0.005680000000211294,9,2,2,-1.0,0.0,-1.0,True,,1.9e-05
29.0,-,11,5204.86334,2,2,-1.0,1.0,0.0,4.0,5204.8833,-0.019960000000537548,11,2,2,-1.0,1.0,0.0,True,,2.2e-05
29.0,-,12,5301.91753,2,2,-1.0,-1.0,-2.0,5.29,5301.9158,0.0017299999999522697,12,2,2,-1.0,-1.0,-2.0,True,,2.8e-05
29.0,-,13,6670.18884,2,3,-1.0,0.0,-1.0,2.56,6670.019,0.16983999999956723,13,2,3,-1.0,0.0,-1.0,True,,1.4e-05
29.0,-,14,6761.63329,2,3,-1.0,1.0,0.0,2.25,6761.6429,-0.009610000000066066,14,2,3,-1.0,1.0,0.0,True,,1.2e-05
29.0,-,15,6857.75446,2,3,-1.0,-1.0,-2.0,1.69,6857.7395,0.014960000000428408,15,2,3,-1.0,-1.0,-2.0,True,,9.1e-06
29.0,-,19,8204.44752,2,4,-1.0,0.0,-1.0,0.64,8204.4407,0.006820000000516302,19,2,4,-1.0,0.0,-1.0,True,,3.4e-06
29.0,-,20,8295.07233,2,4,-1.0,1.0,0.0,0.49,8295.0225,0.049830000001747976,20,2,4,-1.0,1.0,0.0,True,,2.6e-06
29.0,-,21,8390.1073,2,4,-1.0,-1.0,-2.0,0.36,8390.2143,-0.1069999999999709,21,2,4,-1.0,-1.0,-2.0,True,,1.9e-06
29.0,-,25,9662.4453,3,0,-1.0,0.0,-1.0,784.0,9662.4481,-0.002800000000206637,25,3,0,-1.0,0.0,-1.0,True,,0.0042
29.0,-,26,9715.57125,2,5,-1.0,0.0,-1.0,0.49,9715.5347,0.036550000000715954,26,2,5,-1.0,0.0,-1.0,True,,2.6e-06
29.0,-,27,9804.80833,2,5,-1.0,1.0,0.0,0.25,9804.9781,-0.16977000000042608,27,2,5,-1.0,1.0,0.0,True,,1.3e-06
29.0,-,28,9899.26231,2,5,-1.0,-1.0,-2.0,0.36,9899.3583,-0.09598999999980151,28,2,5,-1.0,-1.0,-2.0,True,,1.9e-06
29.0,-,33,11203.16587,2,6,-1.0,0.0,-1.0,0.25,11203.2522,-0.08633000000008906,33,2,6,-1.0,0.0,-1.0,True,,1.3e-06
29.0,-,34,11231.65636,3,1,-1.0,0.0,-1.0,6.76,11231.6472,0.00916000000142958,34,3,1,-1.0,0.0,-1.0,True,,3.6e-05
29.0,-,35,11292.09934,2,6,-1.0,1.0,0.0,0.36,11292.1213,-0.021960000000035507,35,2,6,-1.0,1.0,0.0,True,,1.9e-06
29.0,-,36,11384.94303,2,6,-1.0,-1.0,-2.0,0.16,11385.1203,-0.17727000000013504,36,2,6,-1.0,-1.0,-2.0,True,,8.6e-07
29.0,-,42,12776.56296,3,2,-1.0,0.0,-1.0,2.89,12776.5665,-0.0035400000015215483,42,3,2,-1.0,0.0,-1.0,True,,1.6e-05
29.0,-,49,14109.05738,2,8,-1.0,0.0,-1.0,0.16,14108.4035,0.6538799999998446,49,2,8,-1.0,0.0,-1.0,True,,8.6e-07
29.0,-,50,14194.69591,2,8,-1.0,1.0,0.0,0.16,14194.6544,0.041510000000926084,50,2,8,-1.0,1.0,0.0,True,,8.6e-07
29.0,-,51,14285.30753,2,8,-1.0,-1.0,-2.0,0.16,14286.3468,-1.0392699999993056,51,2,8,-1.0,-1.0,-2.0,True,,8.6e-07
29.0,-,52,14297.12473,3,3,-1.0,0.0,-1.0,1.0,14297.1516,-0.026869999999689753,52,3,3,-1.0,0.0,-1.0,True,,5.4e-06
29.0,-,58,15525.91772,2,9,-1.0,0.0,-1.0,0.0033,15525.8636,0.054119999998874846,58,2,9,-1.0,0.0,-1.0,True,,1.8e-08
29.0,-,59,15612.22562,2,9,-1.0,1.0,0.0,0.0033,15612.1194,0.10621999999966647,59,2,9,-1.0,1.0,0.0,True,,1.8e-08
29.0,-,60,15697.63364,2,9,-1.0,-1.0,-2.0,0.0033,15701.8387,-4.2050600000002305,60,2,9,-1.0,-1.0,-2.0,True,,1.8e-08
29.0,-,62,15793.25711,3,4,-1.0,0.0,-1.0,1.21,15793.3348,-0.07769000000007509,62,3,4,-1.0,0.0,-1.0,True,,6.5e-06
29.0,-,74,17264.86392,3,5,-1.0,0.0,-1.0,0.01,17265.0609,-0.19698000000062166,74,3,5,-1.0,0.0,-1.0,True,,5.4e-08
29.0,-,83,18711.88709,3,6,-1.0,0.0,-1.0,0.04,18712.1729,-0.28581000000122003,83,3,6,-1.0,0.0,-1.0,True,,2.2e-07
30.0,+,1,1678.24604,1,0,0.0,0.0,0.0,400.0,1678.2515,-0.005460000000084619,1,1,0,0.0,0.0,0.0,True,,0.0022
30.0,+,5,3488.76209,1,1,0.0,0.0,0.0,84.0,3488.7654,-0.0033100000000558794,5,1,1,0.0,0.0,0.0,True,,0.00045
30.0,+,10,5270.67327,1,2,0.0,0.0,0.0,6.76,5270.7979,-0.12462999999934254,10,1,2,0.0,0.0,0.0,True,,3.6e-05
30.0,+,16,7022.98019,1,3,0.0,0.0,0.0,1.96,7023.2427,-0.2625099999995655,16,1,3,0.0,0.0,0.0,True,,1.1e-05
30.0,+,17,7539.32566,4,0,0.0,1.0,1.0,225.0,7539.3944,-0.06873999999970692,17,4,0,0.0,1.0,1.0,True,,0.0012
30.0,+,18,7719.84588,4,0,0.0,0.0,0.0,144.0,7719.7692,0.07668000000012398,18,4,0,0.0,0.0,0.0,True,,0.00077
30.0,+,22,8744.45817,1,4,0.0,0.0,0.0,0.25,8744.8415,-0.38333000000056927,22,1,4,0.0,0.0,0.0,True,,1.3e-06
30.0,+,23,8973.26613,4,1,0.0,1.0,1.0,1.96,8973.3163,-0.05017000000043481,23,4,1,0.0,1.0,1.0,True,,1.1e-05
30.0,+,24,9151.79129,4,1,0.0,0.0,0.0,1.44,9151.6827,0.10858999999982188,24,4,1,0.0,0.0,0.0,True,,7.7e-06
30.0,+,29,10384.95214,4,2,0.0,1.0,1.0,2.25,10385.0668,-0.11466000000109489,29,4,2,0.0,1.0,1.0,True,,1.2e-05
30.0,+,30,10433.32467,1,5,0.0,0.0,0.0,0.01,10433.971,-0.6463299999995797,30,1,5,0.0,0.0,0.0,True,,5.4e-08
30.0,+,31,10561.55796,4,2,0.0,0.0,0.0,1.96,10561.4815,0.07646000000022468,31,4,2,0.0,0.0,0.0,True,,1.1e-05
30.0,+,37,11774.6292,4,3,0.0,1.0,1.0,2.25,11774.7605,-0.13130000000091968,37,4,3,0.0,1.0,1.0,True,,1.2e-05
30.0,+,38,11949.18295,4,3,0.0,0.0,0.0,1.69,11949.1213,0.06164999999964493,38,4,3,0.0,0.0,0.0,True,,9.1e-06
30.0,+,45,13142.24515,4,4,0.0,1.0,1.0,1.44,13142.3733,-0.12814999999864085,45,4,4,0.0,1.0,1.0,True,,7.7e-06
30.0,+,46,13207.03114,7,0,2.0,0.0,2.0,9.0,13206.998,0.03313999999954831,46,7,0,2.0,0.0,2.0,True,,4.8e-05
30.0,+,47,13314.80405,4,4,0.0,0.0,0.0,1.21,13314.7321,0.07195000000137952,47,4,4,0.0,0.0,0.0,True,,6.5e-06
30.0,+,53,14487.91298,4,5,0.0,1.0,1.0,1.44,14488.0432,-0.13022000000091793,53,4,5,0.0,1.0,1.0,True,,7.7e-06
30.0,+,54,14575.89111,7,1,2.0,0.0,2.0,0.09,14575.8089,0.08221000000048662,54,7,1,2.0,0.0,2.0,True,,4.8e-07
30.0,+,55,14658.4714,4,5,0.0,0.0,0.0,1.21,14658.3983,0.07309999999961292,55,4,5,0.0,0.0,0.0,True,,6.5e-06
30.0,+,61,15811.73072,4,6,0.0,1.0,1.0,0.04,15811.8867,-0.15597999999954482,61,4,6,0.0,1.0,1.0,True,,2.2e-07
30.0,+,63,15921.85855,7,2,2.0,0.0,2.0,0.16,15921.7627,0.09585000000151922,63,7,2,2.0,0.0,2.0,True,,8.6e-07
30.0,+,64,15980.30304,4,6,0.0,0.0,0.0,0.49,15980.2384,0.06464000000050873,64,4,6,0.0,0.0,0.0,True,,2.6e-06
30.0,+,65,16562.86437,8,0,0.0,0.0,0.0,9.0,16562.9084,-0.04403000000093016,65,8,0,0.0,0.0,0.0,True,,4.8e-05
30.0,+,70,17113.8389,4,7,0.0,1.0,1.0,0.04,17114.0272,-0.18830000000161817,70,4,7,0.0,1.0,1.0,True,,2.2e-07
30.0,+,72,17244.99213,7,3,2.0,0.0,2.0,0.16,17244.8811,0.11103000000002794,72,7,3,2.0,0.0,2.0,True,,8.6e-07
30.0,+,73,17280.42777,4,7,0.0,0.0,0.0,0.09,17280.3759,0.051869999999325955,73,4,7,0.0,0.0,0.0,True,,4.8e-07
30.0,+,75,17973.7332,8,1,0.0,0.0,0.0,0.01,17973.6551,0.07809999999881256,75,8,1,0.0,0.0,0.0,True,,5.4e-08
30.0,+,78,18394.28657,4,8,0.0,1.0,1.0,0.04,18394.5836,-0.29703000000154134,78,4,8,0.0,1.0,1.0,True,,2.2e-07
30.0,+,80,18545.34798,7,4,2.0,0.0,2.0,0.25,18545.2534,0.09457999999722233,80,7,4,2.0,0.0,2.0,True,,1.3e-06
30.0,+,91,19822.99047,7,5,2.0,0.0,2.0,0.04,19822.9491,0.04136999999900581,91,7,5,2.0,0.0,2.0,True,,2.2e-07
30.0,+,100,21078.00072,7,6,2.0,0.0,2.0,0.01,21077.9793,0.021420000000944128,100,7,6,2.0,0.0,2.0,True,,5.4e-08
30.0,+,103,21504.48072,6,0,1.0,0.0,1.0,121.0,21504.3223,0.15841999999975087,103,6,0,1.0,0.0,1.0,True,,0.00065
30.0,+,104,21609.03485,6,0,1.0,-1.0,0.0,81.0,21609.0541,-0.019250000001193257,104,6,0,1.0,-1.0,0.0,True,,0.00044
30.0,+,106,21718.35597,6,0,1.0,1.0,2.0,100.0,21718.6333,-0.2773300000008021,106,6,0,1.0,1.0,2.0,True,,0.00054
30.0,+,111,22310.43966,7,7,2.0,0.0,2.0,0.04,22310.4324,0.007259999998495914,111,7,7,2.0,0.0,2.0,True,,2.2e-07
30.0,+,117,23240.31442,6,1,1.0,0.0,1.0,0.16,23240.1147,0.19972000000052503,117,6,1,1.0,0.0,1.0,True,,8.6e-07
30.0,+,119,23343.80593,6,1,1.0,-1.0,0.0,0.16,23343.697,0.10892999999850872,119,6,1,1.0,-1.0,0.0,True,,8.6e-07
30.0,+,121,23450.3199,6,1,1.0,1.0,2.0,0.0,23449.651,0.6688999999969383,120,6,1,1.0,1.0,2.0,True,,0.0
30.0,+,136,24938.41254,6,2,1.0,0.0,1.0,0.25,24938.3088,0.10374000000228989,136,6,2,1.0,0.0,1.0,True,,1.3e-06
30.0,+,138,25040.19994,6,2,1.0,-1.0,0.0,0.16,25040.2307,-0.030760000001464505,138,6,2,1.0,-1.0,0.0,True,,8.6e-07
30.0,+,140,25147.02913,6,2,1.0,1.0,2.0,0.09,25147.4436,-0.4144699999997101,140,6,2,1.0,1.0,2.0,True,,4.8e-07
30.0,+,151,26594.06793,6,3,1.0,0.0,1.0,0.16,26593.654,0.41393000000243774,151,6,3,1.0,0.0,1.0,True,,8.6e-07
30.0,+,152,26694.60194,6,3,1.0,-1.0,0.0,0.36,26694.5263,0.07563999999911175,152,6,3,1.0,-1.0,0.0,True,,1.9e-06
30.0,+,155,26799.81343,6,3,1.0,1.0,2.0,0.09,26799.5151,0.2983299999978044,154,6,3,1.0,1.0,2.0,True,,4.8e-07
30.0,+,168,28203.83173,6,4,1.0,0.0,1.0,0.01,28203.79,0.041730000000825385,168,6,4,1.0,0.0,1.0,True,,5.4e-08
30.0,+,170,28302.43329,6,4,1.0,-1.0,0.0,0.01,28302.4443,-0.011009999998350395,170,6,4,1.0,-1.0,0.0,True,,5.4e-08
30.0,+,171,28406.37931,6,4,1.0,1.0,2.0,0.01,28407.0361,-0.6567900000009104,171,6,4,1.0,1.0,2.0,True,,5.4e-08
30.0,+,184,29759.99659,6,5,1.0,0.0,1.0,0.09,29759.8327,0.16388999999981024,183,6,5,1.0,0.0,1.0,True,,4.8e-07
30.0,+,187,29857.48333,6,5,1.0,-1.0,0.0,0.04,29857.4637,0.019629999998869607,185,6,5,1.0,-1.0,0.0,True,,2.2e-07
30.0,+,189,29959.13003,6,5,1.0,1.0,2.0,0.04,29959.2457,-0.115669999999227,189,6,5,1.0,1.0,2.0,True,,2.2e-07
30.0,+,200,31257.87106,6,6,1.0,0.0,1.0,0.01,31257.9951,-0.12403999999878579,201,6,6,1.0,0.0,1.0,True,,5.4e-08
30.0,+,204,31352.4629,6,6,1.0,-1.0,0.0,0.01,31353.6423,-1.1794000000008964,204,6,6,1.0,-1.0,0.0,True,,5.4e-08
30.0,+,205,31453.17332,6,6,1.0,1.0,2.0,0.04,31454.2448,-1.0714799999987008,205,6,6,1.0,1.0,2.0,True,,2.2e-07
30.0,+,216,32685.95963,6,7,1.0,0.0,1.0,0.01,32685.2982,0.6614300000001094,215,6,7,1.0,0.0,1.0,True,,5.4e-08
30.0,+,217,32778.89992,6,7,1.0,-1.0,0.0,0.01,32778.6798,0.22012000000540866,217,6,7,1.0,-1.0,0.0,True,,5.4e-08
30.0,+,218,32876.76443,6,7,1.0,1.0,2.0,0.01,32876.5169,0.2475300000005518,218,6,7,1.0,1.0,2.0,True,,5.4e-08
30.0,+,229,34032.72263,6,8,1.0,0.0,1.0,0.0,34031.3139,1.4087299999955576,229,6,8,1.0,0.0,1.0,True,,0.0
30.0,+,232,34126.88692,6,8,1.0,-1.0,0.0,0.0,34126.6413,0.24561999999423278,231,6,8,1.0,-1.0,0.0,True,,0.0
30.0,+,250,35303.89038,6,9,1.0,0.0,1.0,0.0059,35302.4776,1.4127799999987474,246,6,9,1.0,0.0,1.0,True,,3.2e-08
30.0,+,251,35390.83391,6,9,1.0,-1.0,0.0,0.0059,35389.9245,0.9094100000002072,249,6,9,1.0,-1.0,0.0,True,,3.2e-08
30.0,+,252,35482.70753,6,9,1.0,1.0,2.0,0.0059,35483.3308,-0.6232700000036857,251,6,9,1.0,1.0,2.0,True,,3.2e-08
30.0,+,263,36483.82772,6,10,1.0,0.0,1.0,0.0028,36483.4578,0.3699200000046403,261,6,10,1.0,0.0,1.0,True,,1.5e-08
30.0,+,264,36569.25962,6,10,1.0,-1.0,0.0,0.0028,36569.1554,0.10421999999380205,263,6,10,1.0,-1.0,0.0,True,,1.5e-08
30.0,+,265,36653.53564,6,10,1.0,1.0,2.0,0.0028,36658.3731,-4.83745999999519,265,6,10,1.0,1.0,2.0,True,,1.5e-08
30.0,-,1,2019.90267,2,0,-1.0,0.0,-1.0,256.0,2019.8926,0.010070000000041546,1,2,0,-1.0,0.0,-1.0,True,,0.0014
30.0,-,2,2118.94966,2,0,-1.0,1.0,0.0,625.0,2118.955,-0.005339999999705469,2,2,0,-1.0,1.0,0.0,True,,0.0034
30.0,-,3,2220.01085,2,0,-1.0,-1.0,-2.0,196.0,2220.0003,0.01054999999996653,3,2,0,-1.0,-1.0,-2.0,True,,0.0011
30.0,-,4,3623.4354,2,1,-1.0,0.0,-1.0,4.84,3623.4289,0.006499999999959982,4,2,1,-1.0,0.0,-1.0,True,,2.6e-05
30.0,-,5,3721.53365,2,1,-1.0,1.0,0.0,9.0,3721.5281,0.005549999999857391,5,2,1,-1.0,1.0,0.0,True,,4.8e-05
30.0,-,6,3821.54104,2,1,-1.0,-1.0,-2.0,2.89,3821.508,0.03304000000025553,6,2,1,-1.0,-1.0,-2.0,True,,1.6e-05
30.0,-,7,5203.57026,2,2,-1.0,0.0,-1.0,3.24,5203.6254,-0.055139999999482825,7,2,2,-1.0,0.0,-1.0,True,,1.7e-05
30.0,-,8,5300.75086,2,2,-1.0,1.0,0.0,4.41,5300.7662,-0.015339999999923748,8,2,2,-1.0,1.0,0.0,True,,2.4e-05
30.0,-,9,5399.69125,2,2,-1.0,-1.0,-2.0,2.89,5399.6617,0.02955000000019936,9,2,2,-1.0,-1.0,-2.0,True,,1.6e-05
30.0,-,10,6760.38763,2,3,-1.0,0.0,-1.0,1.21,6760.3783,0.009329999999863503,10,2,3,-1.0,0.0,-1.0,True,,6.5e-06
30.0,-,11,6856.59683,2,3,-1.0,1.0,0.0,2.25,6856.5758,0.021030000000791915,11,2,3,-1.0,1.0,0.0,True,,1.2e-05
30.0,-,12,6954.43667,2,3,-1.0,-1.0,-2.0,1.44,6954.3654,0.07127000000036787,12,2,3,-1.0,-1.0,-2.0,True,,7.7e-06
30.0,-,14,8293.64193,2,4,-1.0,0.0,-1.0,0.64,8293.7565,-0.1145699999997305,14,2,4,-1.0,0.0,-1.0,True,,3.4e-06
30.0,-,15,8389.13779,2,4,-1.0,1.0,0.0,0.64,8389.0352,0.10259000000041851,15,2,4,-1.0,1.0,0.0,True,,3.4e-06
30.0,-,16,8485.80008,2,4,-1.0,-1.0,-2.0,0.49,8485.6765,0.12358000000131142,16,2,4,-1.0,-1.0,-2.0,True,,2.6e-06
30.0,-,18,9758.40056,3,0,-1.0,0.0,-1.0,289.0,9758.2258,0.17475999999987835,18,3,0,-1.0,0.0,-1.0,True,,0.0016
30.0,-,19,9803.41164,2,5,-1.0,0.0,-1.0,0.25,9803.7291,-0.31746000000021013,19,2,5,-1.0,0.0,-1.0,True,,1.3e-06
30.0,-,20,9898.05433,2,5,-1.0,1.0,0.0,0.49,9898.1628,-0.10846999999921536,20,2,5,-1.0,1.0,0.0,True,,2.6e-06
30.0,-,21,9993.49232,2,5,-1.0,-1.0,-2.0,0.25,9993.5339,-0.041580000000976725,21,2,5,-1.0,-1.0,-2.0,True,,1.3e-06
30.0,-,25,11290.82757,2,6,-1.0,0.0,-1.0,0.25,11290.7729,0.05466999999953259,25,2,6,-1.0,0.0,-1.0,True,,1.3e-06
30.0,-,26,11326.58972,3,1,-1.0,0.0,-1.0,3.61,11326.4048,0.18491999999969266,26,3,1,-1.0,0.0,-1.0,True,,1.9e-05
30.0,-,27,11383.86781,2,6,-1.0,1.0,0.0,0.16,11383.9103,-0.042489999999816064,27,2,6,-1.0,1.0,0.0,True,,8.6e-07
30.0,-,32,12870.45932,3,2,-1.0,0.0,-1.0,1.21,12870.2858,0.17352000000028056,32,3,2,-1.0,0.0,-1.0,True,,6.5e-06
30.0,-,38,14193.19963,2,8,-1.0,0.0,-1.0,0.16,14193.4023,-0.20267000000058033,38,2,8,-1.0,0.0,-1.0,True,,8.6e-07
30.0,-,39,14287.32503,2,8,-1.0,1.0,0.0,0.16,14285.0978,2.227230000000418,39,2,8,-1.0,1.0,0.0,True,,8.6e-07
30.0,-,40,14376.21076,2,8,-1.0,-1.0,-2.0,0.09,14376.9949,-0.784139999999752,40,2,8,-1.0,-1.0,-2.0,True,,4.8e-07
30.0,-,41,14389.98522,3,3,-1.0,0.0,-1.0,0.49,14389.8399,0.14531999999962864,41,3,3,-1.0,0.0,-1.0,True,,2.6e-06
30.0,-,46,15610.95097,2,9,-1.0,0.0,-1.0,0.0033,15610.6451,0.30587000000014086,46,2,9,-1.0,0.0,-1.0,True,,1.8e-08
30.0,-,47,15700.66242,2,9,-1.0,1.0,0.0,0.0033,15700.5747,0.08772000000135449,47,2,9,-1.0,1.0,0.0,True,,1.8e-08
30.0,-,48,15793.58789,2,9,-1.0,-1.0,-2.0,0.0033,15792.7619,0.8259900000011839,48,2,9,-1.0,-1.0,-2.0,True,,1.8e-08
30.0,-,49,15885.11842,3,4,-1.0,0.0,-1.0,0.25,15884.9873,0.1311200000000099,49,3,4,-1.0,0.0,-1.0,True,,1.3e-06
30.0,-,59,17355.63327,3,5,-1.0,0.0,-1.0,0.04,17355.6741,-0.040830000001733424,59,3,5,-1.0,0.0,-1.0,True,,2.2e-07
30.0,-,65,18801.59019,3,6,-1.0,0.0,-1.0,0.01,18801.7062,-0.11601000000155182,65,3,6,-1.0,0.0,-1.0,True,,5.4e-08
31.0,+,13,7719.92961,4,0,0.0,1.0,1.0,144.0,7719.7978,0.13180999999985943,13,4,0,0.0,1.0,1.0,True,,0.00077
31.0,+,17,9151.8699,4,1,0.0,1.0,1.0,1.44,9151.715,0.15489999999954307,17,4,1,0.0,1.0,1.0,True,,7.7e-06
31.0,+,22,10561.63118,4,2,0.0,1.0,1.0,2.25,10561.5138,0.11737999999968451,22,4,2,0.0,1.0,1.0,True,,1.2e-05
31.0,+,29,11949.27043,4,3,0.0,1.0,1.0,2.56,11949.1768,0.09363000000121247,29,4,3,0.0,1.0,1.0,True,,1.4e-05
31.0,+,35,13296.50587,7,0,2.0,0.0,2.0,9.0,13296.4711,0.0347700000002078,35,7,0,2.0,0.0,2.0,True,,4.8e-05
31.0,+,37,13314.88681,4,4,0.0,1.0,1.0,1.69,13314.79,0.09680999999909545,37,4,4,0.0,1.0,1.0,True,,9.1e-06
31.0,+,42,14658.54655,4,5,0.0,1.0,1.0,1.21,14658.4629,0.08364999999866995,42,4,5,0.0,1.0,1.0,True,,6.5e-06
31.0,+,43,14664.31723,7,1,2.0,0.0,2.0,0.09,14664.2312,0.08603000000039174,43,7,1,2.0,0.0,2.0,True,,4.8e-07
31.0,+,50,15980.37324,4,6,0.0,1.0,1.0,0.49,15980.3109,0.06234000000040396,50,4,6,0.0,1.0,1.0,True,,2.6e-06
31.0,+,51,16009.23466,7,2,2.0,0.0,2.0,0.16,16009.1345,0.10015999999995984,51,7,2,2.0,0.0,2.0,True,,8.6e-07
31.0,+,56,17280.62102,4,7,0.0,1.0,1.0,0.16,17280.4568,0.1642199999987497,56,4,7,0.0,1.0,1.0,True,,8.6e-07
31.0,+,58,17331.31203,7,3,2.0,0.0,2.0,0.16,17331.2033,0.10872999999992317,58,7,3,2.0,0.0,2.0,True,,8.6e-07
31.0,+,63,18630.62126,7,4,2.0,0.0,2.0,0.25,18630.5259,0.09535999999934575,63,7,4,2.0,0.0,2.0,True,,1.3e-06
31.0,+,71,19907.21429,7,5,2.0,0.0,2.0,0.04,19907.171,0.04329000000143424,71,7,5,2.0,0.0,2.0,True,,2.2e-07
31.0,+,78,21161.16539,7,6,2.0,0.0,2.0,0.01,21161.1503,0.015089999997144332,78,7,6,2.0,0.0,2.0,True,,5.4e-08
31.0,+,81,21607.99431,6,0,1.0,0.0,1.0,100.0,21607.997,-0.0026900000011664815,81,6,0,1.0,0.0,1.0,True,,0.00054
31.0,+,83,21717.70563,6,0,1.0,-1.0,0.0,144.0,21717.81,-0.10437000000092667,83,6,0,1.0,-1.0,0.0,True,,0.00077
31.0,+,84,21828.9145,6,0,1.0,1.0,2.0,121.0,21828.9108,0.0036999999974796083,84,6,0,1.0,1.0,2.0,True,,0.00065
31.0,+,86,22392.59442,7,7,2.0,0.0,2.0,0.01,22392.5474,0.04702000000179396,86,7,7,2.0,0.0,2.0,True,,5.4e-08
31.0,+,93,23342.7744,6,1,1.0,0.0,1.0,0.16,23342.7089,0.0654999999969732,93,6,1,1.0,0.0,1.0,True,,8.6e-07
31.0,+,94,23449.61243,6,1,1.0,-1.0,0.0,0.36,23449.2961,0.3163300000014715,94,6,1,1.0,-1.0,0.0,True,,1.9e-06
31.0,+,96,23561.0756,6,1,1.0,1.0,2.0,0.25,23560.9259,0.14970000000175787,96,6,1,1.0,1.0,2.0,True,,1.3e-06
31.0,+,107,25039.20493,6,2,1.0,0.0,1.0,0.64,25039.1715,0.03342999999949825,107,6,2,1.0,0.0,1.0,True,,3.4e-06
31.0,+,110,25146.46384,6,2,1.0,-1.0,0.0,0.81,25146.5974,-0.13355999999839696,109,6,2,1.0,-1.0,0.0,True,,4.4e-06
31.0,+,111,25254.75897,6,2,1.0,1.0,2.0,0.16,25254.6866,0.07236999999804539,111,6,2,1.0,1.0,2.0,True,,8.6e-07
31.0,+,120,26693.59333,6,3,1.0,0.0,1.0,0.04,26693.5332,0.060129999998025596,120,6,3,1.0,0.0,1.0,True,,2.2e-07
31.0,+,121,26799.23426,6,3,1.0,-1.0,0.0,0.16,26798.7653,0.4689600000019709,121,6,3,1.0,-1.0,0.0,True,,8.6e-07
31.0,+,122,26906.12167,6,3,1.0,1.0,2.0,0.04,26906.1155,0.0061700000005657785,122,6,3,1.0,1.0,2.0,True,,2.2e-07
31.0,+,133,28301.49572,6,4,1.0,0.0,1.0,0.04,28301.4815,0.014219999997294508,133,6,4,1.0,0.0,1.0,True,,2.2e-07
31.0,+,135,28405.70794,6,4,1.0,-1.0,0.0,0.01,28406.1809,-0.47295999999914784,135,6,4,1.0,-1.0,0.0,True,,5.4e-08
31.0,+,136,28510.7372,6,4,1.0,1.0,2.0,0.04,28510.7521,-0.014900000001944136,136,6,4,1.0,1.0,2.0,True,,2.2e-07
31.0,+,146,29856.48557,6,5,1.0,0.0,1.0,0.04,29856.5037,-0.018130000000383006,145,6,5,1.0,0.0,1.0,True,,2.2e-07
31.0,+,149,29958.77338,6,5,1.0,-1.0,0.0,0.01,29958.498,0.27537999999913154,148,6,5,1.0,-1.0,0.0,True,,5.4e-08
31.0,+,150,30054.70808,6,5,1.0,1.0,2.0,0.04,30062.2969,-7.588820000000851,150,6,5,1.0,1.0,2.0,True,*,2.2e-07
31.0,+,159,31351.61781,6,6,1.0,0.0,1.0,0.04,31351.487,0.1308099999987462,159,6,6,1.0,0.0,1.0,True,,2.2e-07
31.0,+,161,31452.37564,6,6,1.0,1.0,2.0,0.0,31453.4935,-1.1178600000021106,161,6,6,1.0,-1.0,0.0,False,,0.0
31.0,+,162,31553.33328,6,6,1.0,-1.0,0.0,0.0,31553.3637,-0.03042000000277767,162,6,6,1.0,1.0,2.0,False,,0.0
31.0,+,170,32777.89657,6,7,1.0,0.0,1.0,0.01,32777.7616,0.13496999999915715,170,6,7,1.0,0.0,1.0,True,,5.4e-08
31.0,+,171,32876.23581,6,7,1.0,-1.0,0.0,0.04,32875.8102,0.4256099999984144,171,6,7,1.0,-1.0,0.0,True,,2.2e-07
31.0,+,198,35390.00563,6,9,1.0,0.0,1.0,0.0059,35389.0992,0.9064300000027288,195,6,9,1.0,0.0,1.0,True,,3.2e-08
31.0,+,199,35485.72203,6,9,1.0,-1.0,0.0,0.0059,35482.5747,3.1473299999997835,197,6,9,1.0,-1.0,0.0,True,,3.2e-08
31.0,+,200,35573.61076,6,9,1.0,1.0,2.0,0.0033,35575.2866,-1.6758399999962421,199,6,9,1.0,1.0,2.0,True,,1.8e-08
31.0,+,209,36568.17097,6,10,1.0,0.0,1.0,0.0028,36568.3532,-0.18222999999852618,207,6,10,1.0,0.0,1.0,True,,1.5e-08
31.0,+,210,36658.35542,6,10,1.0,-1.0,0.0,0.0028,36657.8674,0.48801999999705004,209,6,10,1.0,-1.0,0.0,True,,1.5e-08
31.0,+,211,36750.62189,6,10,1.0,1.0,2.0,0.0028,36748.7882,1.8336899999994785,211,6,10,1.0,1.0,2.0,True,,1.5e-08
31.0,-,2,2116.97575,2,0,-1.0,0.0,-1.0,676.0,2116.9802,-0.00444999999990614,2,2,0,-1.0,0.0,-1.0,True,,0.0036
31.0,-,3,2217.75317,2,0,-1.0,1.0,0.0,225.0,2217.7552,-0.0020300000001043372,3,2,0,-1.0,1.0,0.0,True,,0.0012
31.0,-,4,2323.02313,2,0,-1.0,-1.0,-2.0,361.0,2323.0244,-0.001269999999749416,4,2,0,-1.0,-1.0,-2.0,True,,0.0019
31.0,-,6,3719.55779,2,1,-1.0,0.0,-1.0,7.29,3719.5456,0.012189999999918655,6,2,1,-1.0,0.0,-1.0,True,,3.9e-05
31.0,-,7,3819.26923,2,1,-1.0,1.0,0.0,3.24,3819.2711,-0.001870000000053551,7,2,1,-1.0,1.0,0.0,True,,1.7e-05
31.0,-,8,3923.53173,2,1,-1.0,-1.0,-2.0,5.76,3923.5159,0.015830000000278233,8,2,1,-1.0,-1.0,-2.0,True,,3.1e-05
31.0,-,9,5298.77142,2,2,-1.0,0.0,-1.0,5.29,5298.7752,-0.003780000000006112,9,2,2,-1.0,0.0,-1.0,True,,2.8e-05
31.0,-,11,5397.40167,2,2,-1.0,1.0,0.0,3.61,5397.4344,-0.03272999999990134,11,2,2,-1.0,1.0,0.0,True,,1.9e-05
31.0,-,12,5500.66012,2,2,-1.0,-1.0,-2.0,6.25,5500.6627,-0.0025800000003073364,12,2,2,-1.0,-1.0,-2.0,True,,3.4e-05
31.0,-,13,6854.62273,2,3,-1.0,0.0,-1.0,1.21,6854.5755,0.04723000000012689,13,2,3,-1.0,0.0,-1.0,True,,6.5e-06
31.0,-,14,6952.11332,2,3,-1.0,1.0,0.0,1.0,6952.1506,-0.037279999999555,14,2,3,-1.0,1.0,0.0,True,,5.4e-06
31.0,-,15,7054.39831,2,3,-1.0,-1.0,-2.0,1.96,7054.3823,0.01600999999936903,15,2,3,-1.0,-1.0,-2.0,True,,1.1e-05
31.0,-,19,8387.0526,2,4,-1.0,0.0,-1.0,0.81,8387.0249,0.027700000000550062,19,2,4,-1.0,0.0,-1.0,True,,4.4e-06
31.0,-,20,8483.61232,2,4,-1.0,1.0,0.0,0.36,8483.4803,0.13202000000092085,20,2,4,-1.0,1.0,0.0,True,,1.9e-06
31.0,-,21,8584.58304,2,4,-1.0,-1.0,-2.0,0.49,8584.7492,-0.16616000000067288,21,2,4,-1.0,-1.0,-2.0,True,,2.6e-06
31.0,-,25,9857.14287,3,0,-1.0,0.0,-1.0,484.0,9857.1468,-0.003930000000764267,25,3,0,-1.0,0.0,-1.0,True,,0.0026
31.0,-,26,9896.13506,2,5,-1.0,0.0,-1.0,0.49,9896.1419,-0.0068400000000110595,26,2,5,-1.0,0.0,-1.0,True,,2.6e-06
31.0,-,27,9991.1809,2,5,-1.0,1.0,0.0,0.25,9991.3754,-0.1945000000014261,27,2,5,-1.0,1.0,0.0,True,,1.3e-06
31.0,-,28,10091.68633,2,5,-1.0,-1.0,-2.0,0.09,10091.7803,-0.0939699999998993,28,2,5,-1.0,-1.0,-2.0,True,,4.8e-07
31.0,-,33,11381.94263,2,6,-1.0,0.0,-1.0,0.16,11381.8763,0.0663299999996525,33,2,6,-1.0,0.0,-1.0,True,,8.6e-07
31.0,-,34,11424.26999,3,1,-1.0,0.0,-1.0,4.84,11424.262,0.007990000000063446,34,3,1,-1.0,0.0,-1.0,True,,2.6e-05
31.0,-,35,11476.61692,2,6,-1.0,1.0,0.0,0.36,11476.5888,0.028120000000853906,35,2,6,-1.0,1.0,0.0,True,,1.9e-06
31.0,-,36,11575.49843,2,6,-1.0,-1.0,-2.0,0.09,11575.4223,0.07612999999946624,36,2,6,-1.0,-1.0,-2.0,True,,4.8e-07
31.0,-,42,12967.08729,3,2,-1.0,0.0,-1.0,1.44,12967.0805,0.006789999999455176,42,3,2,-1.0,0.0,-1.0,True,,7.7e-06
31.0,-,49,14283.91438,2,8,-1.0,0.0,-1.0,0.09,14283.0401,0.8742799999999988,49,2,8,-1.0,0.0,-1.0,True,,4.8e-07
31.0,-,50,14375.23892,2,8,-1.0,1.0,0.0,0.09,14374.8885,0.35042000000066764,50,2,8,-1.0,1.0,0.0,True,,4.8e-07
31.0,-,51,14471.91454,2,8,-1.0,-1.0,-2.0,0.09,14472.3867,-0.47215999999934866,51,2,8,-1.0,-1.0,-2.0,True,,4.8e-07
31.0,-,52,14485.53639,3,3,-1.0,0.0,-1.0,0.64,14485.5677,-0.03131000000030326,52,3,3,-1.0,0.0,-1.0,True,,3.4e-06
31.0,-,58,15698.54271,2,9,-1.0,0.0,-1.0,0.0033,15698.5002,0.04250999999931082,58,2,9,-1.0,0.0,-1.0,True,,1.8e-08
31.0,-,59,15790.58661,2,9,-1.0,1.0,0.0,0.0033,15790.431,0.15560999999979686,59,2,9,-1.0,1.0,0.0,True,,1.8e-08
31.0,-,60,15880.53564,2,9,-1.0,-1.0,-2.0,0.0033,15885.7405,-5.204859999999826,60,2,9,-1.0,-1.0,-2.0,True,,1.8e-08
31.0,-,62,15979.60972,3,4,-1.0,0.0,-1.0,0.81,15979.6448,-0.0350799999996525,62,3,4,-1.0,0.0,-1.0,True,,4.4e-06
31.0,-,74,17449.01026,3,5,-1.0,0.0,-1.0,0.04,17449.2563,-0.2460400000018126,74,3,5,-1.0,0.0,-1.0,True,,2.2e-07
31.0,-,83,18893.91687,3,6,-1.0,0.0,-1.0,0.04,18894.2462,-0.32933000000048196,83,3,6,-1.0,0.0,-1.0,True,,2.2e-07
32.0,+,1,1904.68564,1,0,0.0,0.0,0.0,400.0,1904.6944,-0.008760000000165746,1,1,0,0.0,0.0,0.0,True,,0.0022
32.0,+,5,3712.89882,1,1,0.0,0.0,0.0,84.0,3712.9028,-0.003979999999955908,5,1,1,0.0,0.0,0.0,True,,0.00045
32.0,+,10,5492.45724,1,2,0.0,0.0,0.0,6.76,5492.6027,-0.1454600000006394,10,1,2,0.0,0.0,0.0,True,,3.6e-05
32.0,+,16,7242.35355,1,3,0.0,0.0,0.0,2.56,7242.6646,-0.3110500000002503,16,1,3,0.0,0.0,0.0,True,,1.4e-05
32.0,+,17,7719.74803,4,0,0.0,1.0,1.0,144.0,7719.8281,-0.08006999999997788,17,4,0,0.0,1.0,1.0,True,,0.00077
32.0,+,18,7911.90872,4,0,0.0,0.0,0.0,144.0,7911.828,0.0807199999999284,18,4,0,0.0,0.0,0.0,True,,0.00077
32.0,+,22,8961.29878,1,4,0.0,0.0,0.0,0.36,8961.8087,-0.5099200000004203,22,1,4,0.0,0.0,0.0,True,,1.9e-06
32.0,+,23,9151.70171,4,1,0.0,1.0,1.0,1.44,9151.7569,-0.0551900000009482,23,4,1,0.0,1.0,1.0,True,,7.7e-06
32.0,+,24,9341.72956,4,1,0.0,0.0,0.0,1.69,9341.6151,0.11445999999887135,24,4,1,0.0,0.0,0.0,True,,9.1e-06
32.0,+,29,10561.40355,4,2,0.0,1.0,1.0,2.25,10561.5249,-0.1213499999994383,29,4,2,0.0,1.0,1.0,True,,1.2e-05
32.0,+,31,10749.36922,4,2,0.0,0.0,0.0,2.25,10749.2903,0.0789199999999255,31,4,2,0.0,0.0,0.0,True,,1.2e-05
32.0,+,37,11949.06916,4,3,0.0,1.0,1.0,2.25,11949.2097,-0.1405400000003283,37,4,3,0.0,1.0,1.0,True,,1.2e-05
32.0,+,38,12134.87071,4,3,0.0,0.0,0.0,1.96,12134.8012,0.06950999999935448,38,4,3,0.0,0.0,0.0,True,,1.1e-05
32.0,+,45,13314.69792,4,4,0.0,1.0,1.0,1.0,13314.8285,-0.13057999999909953,45,4,4,0.0,1.0,1.0,True,,5.4e-06
32.0,+,46,13388.81056,7,0,2.0,0.0,2.0,9.0,13388.7795,0.031059999999342836,46,7,0,2.0,0.0,2.0,True,,4.8e-05
32.0,+,47,13498.35575,4,4,0.0,0.0,0.0,1.21,13498.286,0.06975000000056752,47,4,4,0.0,0.0,0.0,True,,6.5e-06
32.0,+,53,14658.36342,4,5,0.0,1.0,1.0,0.81,14658.5054,-0.14198000000033062,53,4,5,0.0,1.0,1.0,True,,4.4e-06
32.0,+,54,14755.54507,7,1,2.0,0.0,2.0,0.09,14755.4546,0.09047000000100525,54,7,1,2.0,0.0,2.0,True,,4.8e-07
32.0,+,55,14839.90592,4,5,0.0,0.0,0.0,0.49,14839.8275,0.07841999999982363,55,4,5,0.0,0.0,0.0,True,,2.6e-06
32.0,+,60,15980.14864,4,6,0.0,1.0,1.0,0.16,15980.3568,-0.20816000000013446,60,4,6,0.0,1.0,1.0,True,,8.6e-07
32.0,+,63,16099.37822,7,2,2.0,0.0,2.0,0.25,16099.2733,0.10491999999976542,63,7,2,2.0,0.0,2.0,True,,1.3e-06
32.0,+,64,16159.58865,4,6,0.0,0.0,0.0,0.16,16159.5441,0.04455000000052678,64,4,6,0.0,0.0,0.0,True,,8.6e-07
32.0,+,65,16747.14145,8,0,0.0,0.0,0.0,1.0,16747.1969,-0.05544999999983702,65,8,0,0.0,0.0,0.0,True,,5.4e-06
32.0,+,69,17280.22783,4,7,0.0,1.0,1.0,0.16,17280.5061,-0.2782699999988836,69,4,7,0.0,1.0,1.0,True,,8.6e-07
32.0,+,72,17420.37237,7,3,2.0,0.0,2.0,0.09,17420.2587,0.11367000000245753,72,7,3,2.0,0.0,2.0,True,,4.8e-07
32.0,+,73,17457.5326,4,7,0.0,0.0,0.0,0.09,17457.559,-0.026400000002468005,73,4,7,0.0,0.0,0.0,True,,4.8e-07
32.0,+,80,18718.58776,7,4,2.0,0.0,2.0,0.04,18718.4975,0.09025999999721535,80,7,4,2.0,0.0,2.0,True,,2.2e-07
32.0,+,103,21716.0217,6,0,1.0,0.0,1.0,121.0,21715.8488,0.17290000000139116,103,6,0,1.0,0.0,1.0,True,,0.00065
32.0,+,105,21827.19806,6,0,1.0,-1.0,0.0,64.0,21827.2299,-0.03183999999964726,105,6,0,1.0,-1.0,0.0,True,,0.00034
32.0,+,106,21943.36703,6,0,1.0,1.0,2.0,100.0,21943.6534,-0.2863699999979872,106,6,0,1.0,1.0,2.0,True,,0.00054
32.0,+,111,22477.24962,7,7,2.0,0.0,2.0,0.04,22477.2589,-0.009280000002036104,111,7,7,2.0,0.0,2.0,True,,2.2e-07
32.0,+,117,23447.90724,6,1,1.0,0.0,1.0,0.36,23447.9365,-0.029259999999339925,117,6,1,1.0,0.0,1.0,True,,1.9e-06
32.0,+,119,23559.40955,6,1,1.0,-1.0,0.0,0.16,23559.2466,0.16295000000172877,119,6,1,1.0,-1.0,0.0,True,,8.6e-07
32.0,+,122,23674.38581,6,1,1.0,1.0,2.0,0.16,23674.5796,-0.1937900000011723,122,6,1,1.0,1.0,2.0,True,,8.6e-07
32.0,+,137,25144.83713,6,2,1.0,0.0,1.0,0.49,25144.6468,0.19033000000126776,136,6,2,1.0,0.0,1.0,True,,2.6e-06
32.0,+,139,25253.0544,6,2,1.0,-1.0,0.0,0.36,25253.0734,-0.01900000000023283,139,6,2,1.0,-1.0,0.0,True,,1.9e-06
32.0,+,140,25366.62994,6,2,1.0,1.0,2.0,0.16,25366.9759,-0.34596000000237837,140,6,2,1.0,1.0,2.0,True,,8.6e-07
32.0,+,151,26797.64554,6,3,1.0,0.0,1.0,0.04,26796.9772,0.6683400000001711,151,6,3,1.0,0.0,1.0,True,,2.2e-07
32.0,+,152,26904.50753,6,3,1.0,1.0,2.0,0.04,26904.4491,0.05842999999731546,152,6,3,1.0,-1.0,0.0,False,,2.2e-07
32.0,+,155,27016.312,6,3,1.0,-1.0,0.0,0.04,27014.9216,1.390400000000227,155,6,3,1.0,1.0,2.0,False,,2.2e-07
32.0,+,169,28404.13796,6,4,1.0,0.0,1.0,0.01,28404.208,-0.07003999999869848,169,6,4,1.0,0.0,1.0,True,,5.4e-08
32.0,+,170,28509.13042,6,4,1.0,-1.0,0.0,0.04,28509.1784,-0.04797999999937019,170,6,4,1.0,-1.0,0.0,True,,2.2e-07
32.0,+,171,28619.54731,6,4,1.0,1.0,2.0,0.01,28620.234,-0.6866899999986344,171,6,4,1.0,1.0,2.0,True,,5.4e-08
32.0,+,184,29957.12863,6,5,1.0,0.0,1.0,0.09,29956.7289,0.399730000001,183,6,5,1.0,0.0,1.0,True,,4.8e-07
32.0,+,187,30060.7229,6,5,1.0,-1.0,0.0,0.04,30060.6881,0.03480000000126893,186,6,5,1.0,-1.0,0.0,True,,2.2e-07
32.0,+,189,30168.7022,6,5,1.0,1.0,2.0,0.01,30168.316,0.38620000000082655,189,6,5,1.0,1.0,2.0,True,,5.4e-08
32.0,+,201,31450.96889,6,6,1.0,0.0,1.0,0.04,31451.0537,-0.08481000000028871,201,6,6,1.0,0.0,1.0,True,,2.2e-07
32.0,+,203,31551.9609,6,6,1.0,-1.0,0.0,0.04,31551.9576,0.003299999996670522,203,6,6,1.0,-1.0,0.0,True,,2.2e-07
32.0,+,205,31658.56333,6,6,1.0,1.0,2.0,0.04,31659.5505,-0.987170000000333,205,6,6,1.0,1.0,2.0,True,,2.2e-07
32.0,+,216,32874.93363,6,7,1.0,0.0,1.0,0.04,32874.0622,0.8714299999992363,216,6,7,1.0,0.0,1.0,True,,2.2e-07
32.0,+,217,32973.65192,6,7,1.0,-1.0,0.0,0.04,32973.4189,0.23301999999966938,217,6,7,1.0,-1.0,0.0,True,,2.2e-07
32.0,+,218,33071.66043,6,7,1.0,1.0,2.0,0.01,33077.0574,-5.396969999994326,218,6,7,1.0,1.0,2.0,True,,5.4e-08
32.0,+,230,34220.00163,6,8,1.0,0.0,1.0,0.0,34234.2042,-14.202570000001288,230,6,8,1.0,0.0,1.0,True,*,0.0
32.0,+,250,35482.81938,6,9,1.0,0.0,1.0,0.0033,35480.795,2.024380000002566,247,6,9,1.0,0.0,1.0,True,,1.8e-08
32.0,+,251,35575.32292,6,9,1.0,-1.0,0.0,0.0033,35573.9478,1.3751199999969685,249,6,9,1.0,-1.0,0.0,True,,1.8e-08
32.0,+,252,35673.12254,6,9,1.0,1.0,2.0,0.0033,35672.8604,0.262139999998908,251,6,9,1.0,1.0,2.0,True,,1.8e-08
32.0,+,263,36656.92671,6,10,1.0,0.0,1.0,0.0028,36656.3419,0.5848100000002887,261,6,10,1.0,0.0,1.0,True,,1.5e-08
32.0,+,264,36747.62061,6,10,1.0,-1.0,0.0,0.0028,36747.5162,0.10440999999991618,264,6,10,1.0,-1.0,0.0,True,,1.5e-08
32.0,+,265,36836.43764,6,10,1.0,1.0,2.0,0.0028,36841.9263,-5.48866000000271,265,6,10,1.0,1.0,2.0,True,,1.5e-08
32.0,-,1,2216.64429,2,0,-1.0,0.0,-1.0,169.0,2216.6386,0.0056899999999586726,1,2,0,-1.0,0.0,-1.0,True,,0.00091
32.0,-,2,2321.9777,2,0,-1.0,1.0,0.0,484.0,2321.9901,-0.012400000000070577,2,2,0,-1.0,1.0,0.0,True,,0.0026
32.0,-,3,2429.23261,2,0,-1.0,-1.0,-2.0,225.0,2429.2232,0.00941000000011627,3,2,0,-1.0,-1.0,-2.0,True,,0.0012
32.0,-,4,3818.14334,2,1,-1.0,0.0,-1.0,3.61,3818.1456,-0.0022599999997510167,4,2,1,-1.0,0.0,-1.0,True,,1.9e-05
32.0,-,5,3922.47738,2,1,-1.0,1.0,0.0,7.29,3922.4699,0.007479999999759457,5,2,1,-1.0,1.0,0.0,True,,3.9e-05
32.0,-,6,4028.59714,2,1,-1.0,-1.0,-2.0,3.61,4028.5665,0.030639999999948486,6,2,1,-1.0,-1.0,-2.0,True,,1.9e-05
32.0,-,7,5396.25744,2,2,-1.0,0.0,-1.0,3.61,5396.301,-0.04356000000007043,7,2,2,-1.0,0.0,-1.0,True,,1.9e-05
32.0,-,8,5499.59169,2,2,-1.0,1.0,0.0,5.29,5499.6038,-0.012109999999665888,8,2,2,-1.0,1.0,0.0,True,,2.8e-05
32.0,-,9,5604.57221,2,2,-1.0,-1.0,-2.0,2.89,5604.543,0.02921000000060303,9,2,2,-1.0,-1.0,-2.0,True,,1.6e-05
32.0,-,10,6950.94282,2,3,-1.0,0.0,-1.0,1.0,6951.0117,-0.0688799999998082,10,2,3,-1.0,0.0,-1.0,True,,5.4e-06
32.0,-,11,7053.31494,2,3,-1.0,1.0,0.0,2.56,7053.3098,0.005140000000210421,11,2,3,-1.0,1.0,0.0,True,,1.4e-05
32.0,-,12,7157.13772,2,3,-1.0,-1.0,-2.0,1.21,7157.0681,0.06961999999930413,12,2,3,-1.0,-1.0,-2.0,True,,6.5e-06
32.0,-,14,8482.17589,2,4,-1.0,0.0,-1.0,0.49,8482.3414,-0.16550999999890337,14,2,4,-1.0,0.0,-1.0,True,,2.6e-06
32.0,-,15,8583.65538,2,4,-1.0,1.0,0.0,0.36,8583.6619,-0.006519999998999992,15,2,4,-1.0,1.0,0.0,True,,1.9e-06
32.0,-,16,8686.24349,2,4,-1.0,-1.0,-2.0,0.36,8686.1938,0.049690000001646695,16,2,4,-1.0,-1.0,-2.0,True,,1.9e-06
32.0,-,18,9959.40219,3,0,-1.0,0.0,-1.0,225.0,9959.2061,0.19609000000127708,18,3,0,-1.0,0.0,-1.0,True,,0.0012
32.0,-,19,9989.88198,2,5,-1.0,0.0,-1.0,0.16,9990.2549,-0.3729199999997945,19,2,5,-1.0,0.0,-1.0,True,,8.6e-07
32.0,-,20,10090.63795,2,5,-1.0,1.0,0.0,0.09,10090.6771,-0.03915000000051805,20,2,5,-1.0,1.0,0.0,True,,4.8e-07
32.0,-,21,10191.84624,2,5,-1.0,-1.0,-2.0,0.09,10191.8556,-0.009360000000015134,21,2,5,-1.0,-1.0,-2.0,True,,4.8e-07
32.0,-,26,11525.44325,3,1,-1.0,0.0,-1.0,2.25,11525.2388,0.20445000000108848,26,3,1,-1.0,0.0,-1.0,True,,1.2e-05
32.0,-,27,11574.33781,2,6,-1.0,1.0,0.0,0.04,11574.3061,0.03171000000111235,27,2,6,-1.0,1.0,0.0,True,,2.2e-07
32.0,-,32,13067.14337,3,2,-1.0,0.0,-1.0,0.49,13066.9437,0.19966999999996915,32,3,2,-1.0,0.0,-1.0,True,,2.6e-06
32.0,-,38,14374.06063,2,8,-1.0,0.0,-1.0,0.09,14373.7609,0.2997300000006362,38,2,8,-1.0,0.0,-1.0,True,,4.8e-07
32.0,-,39,14474.18003,2,8,-1.0,1.0,0.0,0.09,14471.2319,2.948129999998855,39,2,8,-1.0,1.0,0.0,True,,4.8e-07
32.0,-,40,14566.88276,2,8,-1.0,-1.0,-2.0,0.09,14568.7625,-1.8797400000003108,40,2,8,-1.0,-1.0,-2.0,True,,4.8e-07
32.0,-,41,14584.49294,3,3,-1.0,0.0,-1.0,0.16,14584.3303,0.16264000000046508,41,3,3,-1.0,0.0,-1.0,True,,8.6e-07
32.0,-,46,15789.49796,2,9,-1.0,0.0,-1.0,0.0033,15789.0663,0.43166000000019267,46,2,9,-1.0,0.0,-1.0,True,,1.8e-08
32.0,-,47,15884.82842,2,9,-1.0,1.0,0.0,0.0033,15884.5716,0.2568200000005163,47,2,9,-1.0,1.0,0.0,True,,1.8e-08
32.0,-,48,15984.40289,2,9,-1.0,-1.0,-2.0,0.0033,15982.5214,1.8814899999997579,48,2,9,-1.0,-1.0,-2.0,True,,1.8e-08
32.0,-,50,16077.3949,3,4,-1.0,0.0,-1.0,0.36,16077.3023,0.09259999999994761,50,3,4,-1.0,0.0,-1.0,True,,1.9e-06
32.0,-,59,17545.75724,3,5,-1.0,0.0,-1.0,0.01,17545.8052,-0.047959999999875436,59,3,5,-1.0,0.0,-1.0,True,,5.4e-08
32.0,-,65,18989.50355,3,6,-1.0,0.0,-1.0,0.01,18989.669,-0.1654500000004191,65,3,6,-1.0,0.0,-1.0,True,,5.4e-08
33.0,+,13,7911.98968,4,0,0.0,1.0,1.0,121.0,7911.8579,0.1317799999997078,13,4,0,0.0,1.0,1.0,True,,0.00065
33.0,+,17,9341.80886,4,1,0.0,1.0,1.0,1.69,9341.6485,0.16035999999985506,17,4,1,0.0,1.0,1.0,True,,9.1e-06
33.0,+,22,10749.43776,4,2,0.0,1.0,1.0,1.96,10749.3209,0.1168600000000879,22,4,2,0.0,1.0,1.0,True,,1.1e-05
33.0,+,29,12134.9549,4,3,0.0,1.0,1.0,0.81,12134.8584,0.09650000000146974,29,4,3,0.0,1.0,1.0,True,,4.4e-06
33.0,+,35,13483.94996,7,0,2.0,0.0,2.0,9.0,13483.9182,0.03175999999984924,35,7,0,2.0,0.0,2.0,True,,4.8e-05
33.0,+,36,13498.43438,4,4,0.0,1.0,1.0,1.21,13498.3464,0.08798000000024331,36,4,4,0.0,1.0,1.0,True,,6.5e-06
33.0,+,42,14839.98122,4,5,0.0,1.0,1.0,0.49,14839.895,0.08621999999922991,42,4,5,0.0,1.0,1.0,True,,2.6e-06
33.0,+,43,14849.57029,7,1,2.0,0.0,2.0,0.09,14849.4743,0.09598999999980151,43,7,1,2.0,0.0,2.0,True,,4.8e-07
33.0,+,49,16159.67072,4,6,0.0,1.0,1.0,0.25,16159.6197,0.05102000000078988,49,4,6,0.0,1.0,1.0,True,,1.3e-06
33.0,+,51,16192.28664,7,2,2.0,0.0,2.0,0.25,16192.1745,0.11214000000109081,51,7,2,2.0,0.0,2.0,True,,1.3e-06
33.0,+,56,17457.77358,4,7,0.0,1.0,1.0,0.09,17457.6431,0.13047999999980675,56,4,7,0.0,1.0,1.0,True,,4.8e-07
33.0,+,57,17512.16004,7,3,2.0,0.0,2.0,0.09,17512.0423,0.11773999999786611,57,7,3,2.0,0.0,2.0,True,,4.8e-07
33.0,+,63,18809.26418,7,4,2.0,0.0,2.0,0.04,18809.1633,0.10087999999814201,63,7,4,2.0,0.0,2.0,True,,2.2e-07
33.0,+,71,20083.64482,7,5,2.0,0.0,2.0,0.01,20083.605,0.03982000000178232,71,7,5,2.0,0.0,2.0,True,,5.4e-08
33.0,+,81,21826.25213,6,0,1.0,0.0,1.0,64.0,21826.2668,-0.014670000000478467,81,6,0,1.0,0.0,1.0,True,,0.00034
33.0,+,83,21942.79256,6,0,1.0,-1.0,0.0,144.0,21942.8919,-0.09933999999702792,83,6,0,1.0,-1.0,0.0,True,,0.00077
33.0,+,84,22060.63752,6,0,1.0,1.0,2.0,100.0,22060.636,0.0015200000016193371,84,6,0,1.0,1.0,2.0,True,,0.00054
33.0,+,86,22564.54336,7,7,2.0,0.0,2.0,0.01,22564.5621,-0.018739999999525025,86,7,7,2.0,0.0,2.0,True,,5.4e-08
33.0,+,93,23558.44944,6,1,1.0,0.0,1.0,0.16,23558.3816,0.06783999999970547,93,6,1,1.0,0.0,1.0,True,,8.6e-07
33.0,+,95,23673.98822,6,1,1.0,-1.0,0.0,0.16,23674.1252,-0.13697999999931199,95,6,1,1.0,-1.0,0.0,True,,8.6e-07
33.0,+,97,23790.17823,6,1,1.0,1.0,2.0,0.09,23790.3131,-0.1348699999980454,97,6,1,1.0,1.0,2.0,True,,4.8e-07
33.0,+,108,25252.18657,6,2,1.0,0.0,1.0,0.09,25252.1121,0.07447000000320259,108,6,2,1.0,0.0,1.0,True,,4.8e-07
33.0,+,110,25366.07452,6,2,1.0,-1.0,0.0,0.36,25366.1874,-0.11288000000058673,110,6,2,1.0,-1.0,0.0,True,,1.9e-06
33.0,+,111,25480.64299,6,2,1.0,1.0,2.0,0.09,25480.7423,-0.09931000000142376,111,6,2,1.0,1.0,2.0,True,,4.8e-07
33.0,+,120,26903.55457,6,3,1.0,0.0,1.0,0.01,26903.5575,-0.0029299999987415504,120,6,3,1.0,0.0,1.0,True,,5.4e-08
33.0,+,121,27015.80947,6,3,1.0,-1.0,0.0,0.09,27014.3995,1.4099700000006123,121,6,3,1.0,-1.0,0.0,True,,4.8e-07
33.0,+,123,27129.05558,6,3,1.0,1.0,2.0,0.04,27129.0478,0.007779999999911524,123,6,3,1.0,1.0,2.0,True,,2.2e-07
33.0,+,134,28508.22882,6,4,1.0,0.0,1.0,0.01,28508.2845,-0.05568000000130269,134,6,4,1.0,0.0,1.0,True,,5.4e-08
33.0,+,135,28619.13395,6,4,1.0,-1.0,0.0,0.01,28619.4322,-0.2982499999998254,135,6,4,1.0,-1.0,0.0,True,,5.4e-08
33.0,+,136,28730.27589,6,4,1.0,1.0,2.0,0.04,28730.2955,-0.01960999999937485,136,6,4,1.0,1.0,2.0,True,,2.2e-07
33.0,+,146,30059.77507,6,5,1.0,0.0,1.0,0.04,30059.8241,-0.04903000000194879,145,6,5,1.0,0.0,1.0,True,,2.2e-07
33.0,+,149,30168.22202,6,5,1.0,-1.0,0.0,0.01,30167.7128,0.5092199999999139,148,6,5,1.0,-1.0,0.0,True,,5.4e-08
33.0,+,150,30277.70548,6,5,1.0,1.0,2.0,0.04,30278.0719,-0.3664199999984703,150,6,5,1.0,1.0,2.0,True,,2.2e-07
33.0,+,158,31550.89713,6,6,1.0,0.0,1.0,0.04,31550.6481,0.2490300000026764,158,6,6,1.0,0.0,1.0,True,,2.2e-07
33.0,+,161,31658.29195,6,6,1.0,1.0,2.0,0.0,31658.7404,-0.4484499999998661,161,6,6,1.0,-1.0,0.0,False,,0.0
33.0,+,162,31758.72324,6,6,1.0,-1.0,0.0,0.0,31764.8895,-6.166260000001785,162,6,6,1.0,1.0,2.0,False,,0.0
33.0,+,171,33077.19381,6,7,1.0,-1.0,0.0,0.04,33076.4412,0.7526099999959115,171,6,7,1.0,-1.0,0.0,True,,2.2e-07
33.0,+,198,35574.66663,6,9,1.0,0.0,1.0,0.0033,35573.1819,1.484729999996489,195,6,9,1.0,0.0,1.0,True,,1.8e-08
33.0,+,199,35676.11103,6,9,1.0,-1.0,0.0,0.0033,35672.1845,3.926529999997001,197,6,9,1.0,-1.0,0.0,True,,1.8e-08
33.0,+,200,35768.09076,6,9,1.0,1.0,2.0,0.0033,35770.5143,-2.4235400000034133,200,6,9,1.0,1.0,2.0,True,,1.8e-08
33.0,+,209,36746.67996,6,10,1.0,0.0,1.0,0.0028,36746.7861,-0.10613999999623047,208,6,10,1.0,0.0,1.0,True,,1.5e-08
33.0,+,210,36842.29542,6,10,1.0,-1.0,0.0,0.0028,36841.5101,0.7853200000026845,210,6,10,1.0,-1.0,0.0,True,,1.5e-08
33.0,+,211,36941.21989,6,10,1.0,1.0,2.0,0.0028,36937.9789,3.240989999998419,211,6,10,1.0,1.0,2.0,True,,1.5e-08
33.0,-,2,2320.12392,2,0,-1.0,0.0,-1.0,625.0,2320.1275,-0.003580000000056316,2,2,0,-1.0,0.0,-1.0,True,,0.0034
33.0,-,3,2427.06253,2,0,-1.0,1.0,0.0,144.0,2427.065,-0.0024699999999029387,3,2,0,-1.0,1.0,0.0,True,,0.00077
33.0,-,4,2538.65131,2,0,-1.0,-1.0,-2.0,441.0,2538.6476,0.0037100000004102185,4,2,0,-1.0,-1.0,-2.0,True,,0.0024
33.0,-,6,3920.61602,2,1,-1.0,0.0,-1.0,7.84,3920.6002,0.015820000000076107,6,2,1,-1.0,0.0,-1.0,True,,4.2e-05
33.0,-,7,4026.42384,2,1,-1.0,1.0,0.0,3.24,4026.4172,0.0066400000000612636,7,2,1,-1.0,1.0,0.0,True,,1.7e-05
33.0,-,8,4136.93241,2,1,-1.0,-1.0,-2.0,6.25,4136.9124,0.020010000000183936,8,2,1,-1.0,-1.0,-2.0,True,,3.4e-05
33.0,-,9,5497.72407,2,2,-1.0,0.0,-1.0,4.41,5497.7262,-0.0021299999998518615,9,2,2,-1.0,0.0,-1.0,True,,2.4e-05
33.0,-,10,5602.38181,2,2,-1.0,1.0,0.0,2.56,5602.4042,-0.02239000000008673,10,2,2,-1.0,1.0,0.0,True,,1.4e-05
33.0,-,12,5711.82558,2,2,-1.0,-1.0,-2.0,5.29,5711.8205,0.005079999999907159,12,2,2,-1.0,-1.0,-2.0,True,,2.8e-05
33.0,-,13,7051.44496,2,3,-1.0,0.0,-1.0,1.96,7051.4233,0.021659999999428692,13,2,3,-1.0,0.0,-1.0,True,,1.1e-05
33.0,-,14,7154.91753,2,3,-1.0,1.0,0.0,1.44,7154.9428,-0.025270000000091386,14,2,3,-1.0,1.0,0.0,True,,7.7e-06
33.0,-,15,7263.21353,2,3,-1.0,-1.0,-2.0,1.0,7263.302,-0.0884699999996883,15,2,3,-1.0,-1.0,-2.0,True,,5.4e-06
33.0,-,19,8581.78166,2,4,-1.0,0.0,-1.0,0.81,8581.766,0.015660000000934815,19,2,4,-1.0,0.0,-1.0,True,,4.4e-06
33.0,-,20,8684.19488,2,4,-1.0,1.0,0.0,0.36,8684.0882,0.10667999999895983,20,2,4,-1.0,1.0,0.0,True,,1.9e-06
33.0,-,21,8791.3282,2,4,-1.0,-1.0,-2.0,0.36,8791.4268,-0.09859999999935098,21,2,4,-1.0,-1.0,-2.0,True,,1.9e-06
33.0,-,25,10064.39492,3,0,-1.0,0.0,-1.0,441.0,10064.3989,-0.00397999999950116,25,3,0,-1.0,0.0,-1.0,True,,0.0024
33.0,-,26,10088.75272,2,5,-1.0,0.0,-1.0,0.09,10088.7713,-0.018579999999928987,26,2,5,-1.0,0.0,-1.0,True,,4.8e-07
33.0,-,27,10189.4839,2,5,-1.0,1.0,0.0,0.09,10189.7888,-0.30490000000099826,27,2,5,-1.0,1.0,0.0,True,,4.8e-07
33.0,-,28,10296.08633,2,5,-1.0,-1.0,-2.0,0.04,10296.2102,-0.12386999999944237,28,2,5,-1.0,-1.0,-2.0,True,,2.2e-07
33.0,-,33,11572.50163,2,6,-1.0,0.0,-1.0,0.09,11572.3875,0.1141299999999319,33,2,6,-1.0,0.0,-1.0,True,,4.8e-07
33.0,-,34,11629.30154,3,1,-1.0,0.0,-1.0,3.24,11629.2942,0.007340000000112923,34,3,1,-1.0,0.0,-1.0,True,,1.7e-05
33.0,-,35,11672.93292,2,6,-1.0,1.0,0.0,0.04,11672.9983,-0.06538000000000466,35,2,6,-1.0,1.0,0.0,True,,2.2e-07
33.0,-,42,13169.88032,3,2,-1.0,0.0,-1.0,1.21,13169.872,0.008320000000821892,42,3,2,-1.0,0.0,-1.0,True,,6.5e-06
33.0,-,49,14470.65538,2,8,-1.0,0.0,-1.0,0.09,14469.2916,1.3637799999996787,49,2,8,-1.0,0.0,-1.0,True,,4.8e-07
33.0,-,50,14567.52592,2,8,-1.0,1.0,0.0,0.09,14566.7415,0.7844199999999546,50,2,8,-1.0,1.0,0.0,True,,4.8e-07
33.0,-,51,14670.29354,2,8,-1.0,-1.0,-2.0,0.09,14670.0271,0.26644000000123924,51,2,8,-1.0,-1.0,-2.0,True,,4.8e-07
33.0,-,52,14686.08706,3,3,-1.0,0.0,-1.0,0.36,14686.1226,-0.03554000000076485,52,3,3,-1.0,0.0,-1.0,True,,1.9e-06
33.0,-,58,15882.75671,2,9,-1.0,0.0,-1.0,0.0033,15882.6153,0.14141000000017812,58,2,9,-1.0,0.0,-1.0,True,,1.8e-08
33.0,-,59,15980.48761,2,9,-1.0,1.0,0.0,0.0033,15980.257,0.23061000000052445,59,2,9,-1.0,1.0,0.0,True,,1.8e-08
33.0,-,61,16075.08164,2,9,-1.0,-1.0,-2.0,0.0033,16081.1067,-6.0250599999999395,61,2,9,-1.0,-1.0,-2.0,True,,1.8e-08
33.0,-,62,16177.84171,3,4,-1.0,0.0,-1.0,0.64,16177.9546,-0.11288999999851512,62,3,4,-1.0,0.0,-1.0,True,,3.4e-06
33.0,-,74,17645.036,3,5,-1.0,0.0,-1.0,0.04,17645.3119,-0.27590000000054715,74,3,5,-1.0,0.0,-1.0,True,,2.2e-07
33.0,-,83,19087.63194,3,6,-1.0,0.0,-1.0,0.04,19088.0367,-0.4047600000012608,83,3,6,-1.0,0.0,-1.0,True,,2.2e-07
34.0,+,1,2145.2555,1,0,0.0,0.0,0.0,361.0,2145.2706,-0.015099999999620195,1,1,0,0.0,0.0,0.0,True,,0.0019
34.0,+,5,3951.02165,1,1,0.0,0.0,0.0,84.41,3951.0254,-0.003749999999854481,5,1,1,0.0,0.0,0.0,True,,0.00045
34.0,+,11,5728.07475,1,2,0.0,0.0,0.0,5.76,5728.242,-0.167250000000422,11,1,2,0.0,0.0,0.0,True,,3.1e-05
34.0,+,16,7475.41033,1,3,0.0,0.0,0.0,1.44,7475.7665,-0.3561700000000201,16,1,3,0.0,0.0,0.0,True,,7.7e-06
34.0,+,17,7911.80409,4,0,0.0,1.0,1.0,144.0,7911.8903,-0.08621000000039203,17,4,0,0.0,1.0,1.0,True,,0.00077
34.0,+,18,8115.56408,4,0,0.0,0.0,0.0,121.0,8115.4767,0.08737999999993917,18,4,0,0.0,0.0,0.0,True,,0.00065
34.0,+,22,9191.70311,1,4,0.0,0.0,0.0,0.09,9192.2943,-0.5911899999991874,22,1,4,0.0,0.0,0.0,True,,4.8e-07
34.0,+,23,9341.63769,4,1,0.0,1.0,1.0,1.44,9341.6961,-0.058409999999639695,23,4,1,0.0,1.0,1.0,True,,7.7e-06
34.0,+,24,9543.12815,4,1,0.0,0.0,0.0,1.44,9543.0062,0.12195000000065193,24,4,1,0.0,0.0,0.0,True,,7.7e-06
34.0,+,29,10749.21909,4,2,0.0,1.0,1.0,1.44,10749.3401,-0.12100999999893247,29,4,2,0.0,1.0,1.0,True,,7.7e-06
34.0,+,31,10948.51754,4,2,0.0,0.0,0.0,2.25,10948.4297,0.08784000000014203,31,4,2,0.0,0.0,0.0,True,,1.2e-05
34.0,+,37,12134.74613,4,3,0.0,1.0,1.0,2.56,12134.8937,-0.14757000000099652,37,4,3,0.0,1.0,1.0,True,,1.4e-05
34.0,+,38,12331.74969,4,3,0.0,0.0,0.0,1.69,12331.6771,0.07258999999976368,38,4,3,0.0,0.0,0.0,True,,9.1e-06
34.0,+,44,13498.24127,4,4,0.0,1.0,1.0,0.81,13498.3874,-0.1461299999991752,44,4,4,0.0,1.0,1.0,True,,4.4e-06
34.0,+,46,13581.91509,7,0,2.0,0.0,2.0,9.0,13581.8822,0.03289000000040687,46,7,0,2.0,0.0,2.0,True,,4.8e-05
34.0,+,47,13692.98433,4,4,0.0,0.0,0.0,1.0,13692.9049,0.07942999999977474,47,4,4,0.0,0.0,0.0,True,,5.4e-06
34.0,+,53,14839.78194,4,5,0.0,1.0,1.0,0.81,14839.9403,-0.1583599999994476,53,4,5,0.0,1.0,1.0,True,,4.4e-06
34.0,+,54,14946.38562,7,1,2.0,0.0,2.0,0.09,14946.2854,0.10021999999844411,54,7,1,2.0,0.0,2.0,True,,4.8e-07
34.0,+,55,15031.28689,4,5,0.0,0.0,0.0,0.49,15032.1908,-0.9039100000009057,55,4,5,0.0,0.0,0.0,True,,2.6e-06
34.0,+,60,16159.48353,4,6,0.0,1.0,1.0,0.16,16159.6688,-0.18526999999994587,60,4,6,0.0,1.0,1.0,True,,8.6e-07
34.0,+,63,16287.94547,7,2,2.0,0.0,2.0,0.09,16287.8328,0.11267000000043481,63,7,2,2.0,0.0,2.0,True,,4.8e-07
34.0,+,64,16349.58699,4,6,0.0,0.0,0.0,0.16,16349.6528,-0.06581000000005588,64,4,6,0.0,0.0,0.0,True,,8.6e-07
34.0,+,69,17457.44033,4,7,0.0,1.0,1.0,0.16,17457.696,-0.2556699999986449,69,4,7,0.0,1.0,1.0,True,,8.6e-07
34.0,+,72,17606.66695,7,3,2.0,0.0,2.0,0.09,17606.5491,0.11784999999872525,72,7,3,2.0,0.0,2.0,True,,4.8e-07
34.0,+,80,18902.61175,7,4,2.0,0.0,2.0,0.01,18902.5182,0.09355000000141445,80,7,4,2.0,0.0,2.0,True,,5.4e-08
34.0,+,100,21426.42238,7,6,2.0,0.0,2.0,0.01,21426.4279,-0.005519999998796266,100,7,6,2.0,0.0,2.0,True,,5.4e-08
34.0,+,103,21941.19575,6,0,1.0,0.0,1.0,144.0,21941.0063,0.18944999999803258,103,6,0,1.0,0.0,1.0,True,,0.00077
34.0,+,105,22059.00544,6,0,1.0,-1.0,0.0,64.0,22059.0231,-0.01765999999770429,105,6,0,1.0,-1.0,0.0,True,,0.00034
34.0,+,106,22181.98279,6,0,1.0,1.0,2.0,100.0,22182.2791,-0.2963100000015402,106,6,0,1.0,1.0,2.0,True,,0.00054
34.0,+,111,22654.41845,7,7,2.0,0.0,2.0,0.04,22654.4519,-0.03344999999899301,111,7,7,2.0,0.0,2.0,True,,2.2e-07
34.0,+,118,23672.51338,6,1,1.0,0.0,1.0,0.25,23672.2599,0.2534799999993993,118,6,1,1.0,0.0,1.0,True,,1.3e-06
34.0,+,119,23788.44532,6,1,1.0,-1.0,0.0,0.09,23788.1842,0.26111999999920954,119,6,1,1.0,-1.0,0.0,True,,4.8e-07
34.0,+,123,23910.22666,6,1,1.0,1.0,2.0,0.09,23910.6946,-0.46793999999863445,123,6,1,1.0,1.0,2.0,True,,4.8e-07
34.0,+,137,25364.55692,6,2,1.0,0.0,1.0,0.09,25364.3011,0.2558199999984936,137,6,2,1.0,0.0,1.0,True,,4.8e-07
34.0,+,139,25479.28758,6,2,1.0,-1.0,0.0,0.16,25479.1871,0.1004800000009709,139,6,2,1.0,-1.0,0.0,True,,8.6e-07
34.0,+,140,25599.37206,6,2,1.0,1.0,2.0,0.09,25599.7582,-0.3861399999987043,140,6,2,1.0,1.0,2.0,True,,4.8e-07
34.0,+,151,27014.31098,6,3,1.0,0.0,1.0,0.04,27012.8752,1.435779999999795,151,6,3,1.0,0.0,1.0,True,,2.2e-07
34.0,+,153,27127.62549,6,3,1.0,-1.0,0.0,0.01,27127.4402,0.18528999999762163,153,6,3,1.0,-1.0,0.0,True,,5.4e-08
34.0,+,155,27245.87229,6,3,1.0,1.0,2.0,0.01,27232.4017,13.470590000000811,155,4,15,0.0,0.0,0.0,False,*,5.4e-08
34.0,+,169,28617.78369,6,4,1.0,0.0,1.0,0.01,28617.5277,0.255990000001475,169,6,4,1.0,0.0,1.0,True,,5.4e-08
34.0,+,170,28728.79502,6,4,1.0,-1.0,0.0,0.04,28728.7755,0.01952000000164844,170,6,4,1.0,-1.0,0.0,True,,2.2e-07
34.0,+,172,28845.47645,6,4,1.0,1.0,2.0,0.04,28846.2618,-0.7853500000019267,171,6,4,1.0,1.0,2.0,True,,2.2e-07
34.0,+,186,30166.80883,6,5,1.0,0.0,1.0,0.01,30166.0898,0.7190300000002026,184,6,5,1.0,0.0,1.0,True,,5.4e-08
34.0,+,187,30276.68887,6,5,1.0,-1.0,0.0,0.04,30276.4784,0.2104700000018056,187,6,5,1.0,-1.0,0.0,True,,2.2e-07
34.0,+,190,30390.94104,6,5,1.0,1.0,2.0,0.01,30389.3494,1.5916400000023714,190,6,5,1.0,1.0,2.0,True,,5.4e-08
34.0,+,202,31656.80772,6,6,1.0,0.0,1.0,0.04,31657.8829,-1.0751799999998184,202,6,6,1.0,0.0,1.0,True,,2.2e-07
34.0,+,203,31763.1699,6,6,1.0,-1.0,0.0,0.04,31763.4779,-0.3080000000009022,203,6,6,1.0,-1.0,0.0,True,,2.2e-07
34.0,+,205,31869.22433,6,6,1.0,1.0,2.0,0.01,31877.1883,-7.9639700000007,205,6,6,1.0,1.0,2.0,True,*,5.4e-08
34.0,+,216,33075.97963,6,7,1.0,0.0,1.0,0.04,33074.7955,1.1841300000014598,216,6,7,1.0,0.0,1.0,True,,2.2e-07
34.0,+,217,33180.44692,6,7,1.0,-1.0,0.0,0.04,33180.1678,0.27911999999923864,217,6,7,1.0,-1.0,0.0,True,,2.2e-07
34.0,+,250,35673.03838,6,9,1.0,0.0,1.0,0.0033,35670.4902,2.5481799999979557,247,6,9,1.0,0.0,1.0,True,,1.8e-08
34.0,+,251,35771.12692,6,9,1.0,-1.0,0.0,0.0033,35769.2324,1.8945200000016484,250,6,9,1.0,-1.0,0.0,True,,1.8e-08
34.0,+,252,35872.73154,6,9,1.0,1.0,2.0,0.0033,35873.5917,-0.8601599999965401,252,6,9,1.0,1.0,2.0,True,,1.8e-08
34.0,+,263,36840.93371,6,10,1.0,0.0,1.0,0.0028,36840.0832,0.8505099999965751,262,6,10,1.0,0.0,1.0,True,,1.5e-08
34.0,+,264,36936.88161,6,10,1.0,-1.0,0.0,0.0028,36936.7634,0.11820999999326887,264,6,10,1.0,-1.0,0.0,True,,1.5e-08
34.0,+,266,37030.46464,6,10,1.0,1.0,2.0,0.0028,37036.2076,-5.742960000003222,265,6,10,1.0,1.0,2.0,True,,1.5e-08
34.0,-,1,2426.06408,2,0,-1.0,0.0,-1.0,169.0,2426.0557,0.00838000000021566,1,2,0,-1.0,0.0,-1.0,True,,0.00091
34.0,-,2,2537.68406,2,0,-1.0,1.0,0.0,361.0,2537.6941,-0.010040000000117288,2,2,0,-1.0,1.0,0.0,True,,0.0019
34.0,-,3,2651.11024,2,0,-1.0,-1.0,-2.0,169.0,2651.101,0.009239999999863358,3,2,0,-1.0,-1.0,-2.0,True,,0.00091
34.0,-,4,4025.39857,2,1,-1.0,0.0,-1.0,3.61,4025.3997,-0.001130000000102882,4,2,1,-1.0,0.0,-1.0,True,,1.9e-05
34.0,-,5,4135.95699,2,1,-1.0,1.0,0.0,7.29,4135.9474,0.009589999999661813,5,2,1,-1.0,1.0,0.0,True,,3.9e-05
34.0,-,6,4248.18098,2,1,-1.0,-1.0,-2.0,4.0,4248.1465,0.03448000000025786,6,2,1,-1.0,-1.0,-2.0,True,,2.2e-05
34.0,-,7,5601.3298,2,2,-1.0,0.0,-1.0,3.24,5601.3798,-0.049999999999272404,7,2,2,-1.0,0.0,-1.0,True,,1.7e-05
34.0,-,8,5710.83274,2,2,-1.0,1.0,0.0,5.76,5710.843,-0.01026000000001659,8,2,2,-1.0,1.0,0.0,True,,3.1e-05
34.0,-,9,5821.84718,2,2,-1.0,-1.0,-2.0,1.96,5821.8117,0.03547999999955209,9,2,2,-1.0,-1.0,-2.0,True,,1.1e-05
34.0,-,10,7153.83406,2,3,-1.0,0.0,-1.0,1.21,7153.914,-0.07993999999962398,10,2,3,-1.0,0.0,-1.0,True,,6.5e-06
34.0,-,11,7262.33595,2,3,-1.0,1.0,0.0,1.44,7262.3112,0.02474999999958527,11,2,3,-1.0,1.0,0.0,True,,7.7e-06
34.0,-,12,7372.00306,2,3,-1.0,-1.0,-2.0,1.21,7372.0241,-0.0210399999996298,12,2,3,-1.0,-1.0,-2.0,True,,6.5e-06
34.0,-,14,8682.92425,2,4,-1.0,0.0,-1.0,0.49,8683.0608,-0.13654999999926076,14,2,4,-1.0,0.0,-1.0,True,,2.6e-06
34.0,-,15,8790.41202,2,4,-1.0,1.0,0.0,0.25,8790.4216,-0.009579999999914435,15,2,4,-1.0,1.0,0.0,True,,1.3e-06
34.0,-,16,8898.76948,2,4,-1.0,-1.0,-2.0,0.25,8898.8301,-0.06061999999838008,16,2,4,-1.0,-1.0,-2.0,True,,1.3e-06
34.0,-,18,10172.94075,3,0,-1.0,0.0,-1.0,196.0,10172.7198,0.220949999998993,18,3,0,-1.0,0.0,-1.0,True,,0.0011
34.0,-,19,10188.42028,2,5,-1.0,0.0,-1.0,0.16,10188.7808,-0.3605200000001787,19,2,5,-1.0,0.0,-1.0,True,,8.6e-07
34.0,-,20,10295.21695,2,5,-1.0,1.0,0.0,0.04,10295.1896,0.02735000000029686,20,2,5,-1.0,1.0,0.0,True,,2.2e-07
34.0,-,26,11736.69415,3,1,-1.0,0.0,-1.0,0.64,11736.4882,0.20594999999957508,26,3,1,-1.0,0.0,-1.0,True,,3.4e-06
34.0,-,27,11776.67581,2,6,-1.0,1.0,0.0,0.04,11776.5661,0.10971000000063214,27,2,6,-1.0,1.0,0.0,True,,2.2e-07
34.0,-,32,13276.09093,3,2,-1.0,0.0,-1.0,0.49,13275.8588,0.2321300000003248,32,3,2,-1.0,0.0,-1.0,True,,2.6e-06
34.0,-,38,14566.53163,2,8,-1.0,0.0,-1.0,0.09,14565.7211,0.8105299999988347,38,2,8,-1.0,0.0,-1.0,True,,4.8e-07
34.0,-,39,14672.59303,2,8,-1.0,1.0,0.0,0.0,14668.9568,3.6362300000000687,39,2,8,-1.0,1.0,0.0,True,,0.0
34.0,-,40,14769.42577,2,8,-1.0,-1.0,-2.0,0.0,14772.12,-2.694230000000971,40,2,8,-1.0,-1.0,-2.0,True,,0.0
34.0,-,41,14791.12558,3,3,-1.0,0.0,-1.0,0.25,14790.9394,0.1861800000006042,41,3,3,-1.0,0.0,-1.0,True,,1.3e-06
34.0,-,46,15979.54696,2,9,-1.0,0.0,-1.0,0.0033,15978.9807,0.5662599999996019,46,2,9,-1.0,0.0,-1.0,True,,1.8e-08
34.0,-,47,16080.42142,2,9,-1.0,1.0,0.0,0.0033,16080.0233,0.3981199999998353,47,2,9,-1.0,1.0,0.0,True,,1.8e-08
34.0,-,48,16187.13189,2,9,-1.0,-1.0,-2.0,0.0033,16183.7868,3.3450900000007096,48,2,9,-1.0,-1.0,-2.0,True,,1.8e-08
34.0,-,50,16281.69368,3,4,-1.0,0.0,-1.0,0.16,16281.5967,0.09698000000025786,50,3,4,-1.0,0.0,-1.0,True,,8.6e-07
34.0,-,59,17747.71475,3,5,-1.0,0.0,-1.0,0.01,17747.7768,-0.06205000000045402,59,3,5,-1.0,0.0,-1.0,True,,5.4e-08
34.0,-,65,19189.12033,3,6,-1.0,0.0,-1.0,0.01,19189.3086,-0.18826999999873806,65,3,6,-1.0,0.0,-1.0,True,,5.4e-08
35.0,+,13,8115.63173,4,0,0.0,1.0,1.0,144.0,8115.5078,0.12392999999974563,13,4,0,0.0,1.0,1.0,True,,0.00077
35.0,+,17,9543.19716,4,1,0.0,1.0,1.0,1.44,9543.0407,0.15646000000015192,17,4,1,0.0,1.0,1.0,True,,7.7e-06
35.0,+,22,10948.57221,4,2,0.0,1.0,1.0,1.69,10948.4553,0.11691000000064378,22,4,2,0.0,1.0,1.0,True,,9.1e-06
35.0,+,29,12331.83873,4,3,0.0,1.0,1.0,1.96,12331.7362,0.10253000000011525,29,4,3,0.0,1.0,1.0,True,,1.1e-05
35.0,+,35,13682.69895,7,0,2.0,0.0,2.0,9.0,13682.6664,0.03254999999990105,35,7,0,2.0,0.0,2.0,True,,4.8e-05
35.0,+,36,13693.05486,4,4,0.0,1.0,1.0,1.44,13692.9678,0.0870599999998376,36,4,4,0.0,1.0,1.0,True,,7.7e-06
35.0,+,42,15032.34239,4,5,0.0,1.0,1.0,0.64,15032.261,0.08138999999937369,42,4,5,0.0,1.0,1.0,True,,3.4e-06
35.0,+,43,15045.98502,7,1,2.0,0.0,2.0,0.09,15045.8826,0.1024199999992561,43,7,1,2.0,0.0,2.0,True,,4.8e-07
35.0,+,49,16349.76091,4,6,0.0,1.0,1.0,0.09,16349.7314,0.02951000000030035,49,4,6,0.0,1.0,1.0,True,,4.8e-07
35.0,+,50,16386.35998,7,2,2.0,0.0,2.0,0.04,16386.2432,0.11678000000028987,50,7,2,2.0,0.0,2.0,True,,2.2e-07
35.0,+,55,17645.58806,4,7,0.0,1.0,1.0,0.09,17645.5014,0.08665999999720952,55,4,7,0.0,1.0,1.0,True,,4.8e-07
35.0,+,57,17703.9005,7,3,2.0,0.0,2.0,0.04,17703.7738,0.12670000000071013,57,7,3,2.0,0.0,2.0,True,,2.2e-07
35.0,+,63,18998.663,7,4,2.0,0.0,2.0,0.04,18998.557,0.10599999999976717,63,7,4,2.0,0.0,2.0,True,,2.2e-07
35.0,+,81,22058.13018,6,0,1.0,0.0,1.0,49.0,22058.1432,-0.013019999998505227,81,6,0,1.0,0.0,1.0,True,,0.00026
35.0,+,83,22181.47358,6,0,1.0,-1.0,0.0,121.0,22181.5725,-0.09891999999672407,83,6,0,1.0,-1.0,0.0,True,,0.00065
35.0,+,84,22305.93996,6,0,1.0,1.0,2.0,100.0,22305.9415,-0.0015400000011140946,84,6,0,1.0,1.0,2.0,True,,0.00054
35.0,+,93,23787.54473,6,1,1.0,0.0,1.0,0.25,23787.4845,0.06023000000277534,93,6,1,1.0,0.0,1.0,True,,1.3e-06
35.0,+,95,23909.63657,6,1,1.0,-1.0,0.0,0.16,23909.5307,0.10586999999941327,95,6,1,1.0,-1.0,0.0,True,,8.6e-07
35.0,+,97,24032.49915,6,1,1.0,1.0,2.0,0.09,24032.4716,0.027549999998882413,97,6,1,1.0,1.0,2.0,True,,4.8e-07
35.0,+,108,25478.35723,6,2,1.0,0.0,1.0,0.49,25478.3115,0.04573000000164029,108,6,2,1.0,0.0,1.0,True,,2.6e-06
35.0,+,110,25598.92733,6,2,1.0,-1.0,0.0,0.16,25599.0217,-0.09437000000252738,110,6,2,1.0,-1.0,0.0,True,,8.6e-07
35.0,+,111,25720.08011,6,2,1.0,1.0,2.0,0.09,25720.0258,0.05430999999953201,111,6,2,1.0,1.0,2.0,True,,4.8e-07
35.0,+,120,27126.66404,6,3,1.0,0.0,1.0,0.01,27126.6408,0.023239999998622807,120,6,3,1.0,0.0,1.0,True,,5.4e-08
35.0,+,121,27245.43283,6,3,1.0,1.0,2.0,0.0,27232.9972,12.435629999999946,121,4,15,0.0,1.0,1.0,False,*,0.0
35.0,+,123,27365.01195,6,3,1.0,-1.0,0.0,0.01,27364.9567,0.055250000001251465,123,6,3,1.0,1.0,2.0,False,,5.4e-08
35.0,+,134,28727.90306,6,4,1.0,0.0,1.0,0.01,28727.9536,-0.05054000000018277,134,6,4,1.0,0.0,1.0,True,,5.4e-08
35.0,+,135,28845.22095,6,4,1.0,-1.0,0.0,0.01,28845.5123,-0.29134999999951106,135,6,4,1.0,-1.0,0.0,True,,5.4e-08
35.0,+,137,28962.55324,6,4,1.0,1.0,2.0,0.04,28962.6502,-0.09695999999894411,136,6,4,1.0,1.0,2.0,True,,2.2e-07
35.0,+,147,30275.6303,6,5,1.0,0.0,1.0,0.04,30275.7455,-0.11520000000018626,146,6,5,1.0,0.0,1.0,True,,2.2e-07
35.0,+,149,30390.40871,6,5,1.0,-1.0,0.0,0.01,30388.9575,1.4512099999992643,149,6,5,1.0,-1.0,0.0,True,,5.4e-08
35.0,+,150,30498.22148,6,5,1.0,1.0,2.0,0.0,30491.4005,6.820980000000418,150,4,18,0.0,1.0,1.0,False,*,0.0
35.0,+,159,31762.61328,6,6,1.0,0.0,1.0,0.0,31762.8249,-0.21161999999822,159,6,6,1.0,0.0,1.0,True,,0.0
35.0,+,161,31876.06895,6,6,1.0,-1.0,0.0,0.04,31876.4203,-0.35135000000082073,161,6,6,1.0,-1.0,0.0,True,,2.2e-07
35.0,+,171,33290.15781,6,7,1.0,-1.0,0.0,0.04,33288.9292,1.228609999998298,171,6,7,1.0,-1.0,0.0,True,,2.2e-07
35.0,+,198,35770.56563,6,9,1.0,0.0,1.0,0.0033,35768.5308,2.034829999996873,196,6,9,1.0,0.0,1.0,True,,1.8e-08
35.0,+,199,35877.88603,6,9,1.0,-1.0,0.0,0.0033,35872.9924,4.893629999998666,198,6,9,1.0,-1.0,0.0,True,,1.8e-08
35.0,+,200,35973.98177,6,9,1.0,1.0,2.0,0.0033,35976.9262,-2.9444300000031944,200,6,9,1.0,1.0,2.0,True,,1.8e-08
35.0,+,209,36936.07896,6,10,1.0,0.0,1.0,0.0028,36936.0969,-0.017939999997906853,208,6,10,1.0,0.0,1.0,True,,1.5e-08
35.0,+,210,37037.11742,6,10,1.0,-1.0,0.0,0.0028,37035.8901,1.2273200000054203,210,6,10,1.0,-1.0,0.0,True,,1.5e-08
35.0,+,211,37143.28689,6,10,1.0,1.0,2.0,0.0013,37137.9788,5.308090000005905,211,6,10,1.0,1.0,2.0,True,,7e-09
35.0,-,2,2535.9285,2,0,-1.0,0.0,-1.0,400.0,2535.9309,-0.002399999999852298,2,2,0,-1.0,0.0,-1.0,True,,0.0022
35.0,-,3,2649.01634,2,0,-1.0,1.0,0.0,196.0,2649.0205,-0.004159999999956199,3,2,0,-1.0,1.0,0.0,True,,0.0011
35.0,-,4,2766.90868,2,0,-1.0,-1.0,-2.0,400.0,2766.9059,0.002779999999802385,4,2,0,-1.0,-1.0,-2.0,True,,0.0022
35.0,-,6,4134.19525,2,1,-1.0,0.0,-1.0,4.0,4134.1774,0.017850000000180444,6,2,1,-1.0,0.0,-1.0,True,,2.2e-05
35.0,-,7,4246.07931,2,1,-1.0,1.0,0.0,2.89,4246.0755,0.0038100000001577428,7,2,1,-1.0,1.0,0.0,True,,1.6e-05
35.0,-,8,4362.83206,2,1,-1.0,-1.0,-2.0,4.0,4362.8105,0.021560000000135915,8,2,1,-1.0,-1.0,-2.0,True,,2.2e-05
35.0,-,9,5709.06693,2,2,-1.0,0.0,-1.0,6.76,5709.0656,0.001330000000052678,9,2,2,-1.0,0.0,-1.0,True,,3.6e-05
35.0,-,10,5819.74249,2,2,-1.0,1.0,0.0,2.89,5819.752,-0.009510000000773289,10,2,2,-1.0,1.0,0.0,True,,1.6e-05
35.0,-,12,5935.36329,2,2,-1.0,-1.0,-2.0,4.84,5935.3458,0.01749000000017986,12,2,2,-1.0,-1.0,-2.0,True,,2.6e-05
35.0,-,13,7260.56369,2,3,-1.0,0.0,-1.0,1.69,7260.5255,0.03819000000021333,13,2,3,-1.0,0.0,-1.0,True,,9.1e-06
35.0,-,14,7369.95551,2,3,-1.0,1.0,0.0,1.21,7369.9788,-0.023290000000088185,14,2,3,-1.0,1.0,0.0,True,,6.5e-06
35.0,-,15,7484.40438,2,3,-1.0,-1.0,-2.0,1.0,7484.4551,-0.05072000000018306,15,2,3,-1.0,-1.0,-2.0,True,,5.4e-06
35.0,-,19,8788.66783,2,4,-1.0,0.0,-1.0,1.0,8788.6271,0.04073000000062166,19,2,4,-1.0,0.0,-1.0,True,,5.4e-06
35.0,-,20,8896.89786,2,4,-1.0,1.0,0.0,0.36,8896.8056,0.09225999999944179,20,2,4,-1.0,1.0,0.0,True,,1.9e-06
35.0,-,21,9010.11904,2,4,-1.0,-1.0,-2.0,0.16,9010.2034,-0.08436000000074273,21,2,4,-1.0,-1.0,-2.0,True,,8.6e-07
35.0,-,25,10284.15696,3,0,-1.0,0.0,-1.0,400.0,10284.1638,-0.0068400000000110595,25,3,0,-1.0,0.0,-1.0,True,,0.0022
35.0,-,26,10293.42472,2,5,-1.0,0.0,-1.0,0.04,10293.3857,0.039020000000164146,26,2,5,-1.0,0.0,-1.0,True,,2.2e-07
35.0,-,27,10399.7869,2,5,-1.0,1.0,0.0,0.09,10400.1776,-0.3907000000017433,27,2,5,-1.0,1.0,0.0,True,,4.8e-07
35.0,-,33,11774.94463,2,6,-1.0,0.0,-1.0,0.04,11774.7491,0.19552999999905296,33,2,6,-1.0,0.0,-1.0,True,,2.2e-07
35.0,-,34,11846.7107,3,1,-1.0,0.0,-1.0,1.96,11846.7041,0.006599999998798012,34,3,1,-1.0,0.0,-1.0,True,,1.1e-05
35.0,-,35,11881.10692,2,6,-1.0,1.0,0.0,0.04,11881.3667,-0.259780000000319,35,2,6,-1.0,1.0,0.0,True,,2.2e-07
35.0,-,42,13384.9125,3,2,-1.0,0.0,-1.0,1.0,13384.9,0.012500000000727596,42,3,2,-1.0,0.0,-1.0,True,,5.4e-06
35.0,-,49,14668.92839,2,8,-1.0,0.0,-1.0,0.09,14667.1204,1.8079899999993359,49,2,8,-1.0,0.0,-1.0,True,,4.8e-07
35.0,-,50,14771.48692,2,8,-1.0,1.0,0.0,0.09,14770.1733,1.3136199999989913,50,2,8,-1.0,1.0,0.0,True,,4.8e-07
35.0,-,51,14878.22853,2,8,-1.0,-1.0,-2.0,0.09,14879.2241,-0.9955699999991339,51,2,8,-1.0,-1.0,-2.0,True,,4.8e-07
35.0,-,52,14898.72513,3,3,-1.0,0.0,-1.0,0.16,14898.7754,-0.05026999999972759,52,3,3,-1.0,0.0,-1.0,True,,8.6e-07
35.0,-,58,16078.49271,2,9,-1.0,0.0,-1.0,0.0033,16078.1714,0.3213100000011764,58,2,9,-1.0,0.0,-1.0,True,,1.8e-08
35.0,-,59,16181.77462,2,9,-1.0,1.0,0.0,0.0015,16181.5723,0.20232000000032713,59,2,9,-1.0,1.0,0.0,True,,8.1e-09
35.0,-,61,16281.31664,2,9,-1.0,-1.0,-2.0,0.0015,16287.893,-6.576360000000932,61,2,9,-1.0,-1.0,-2.0,True,,8.1e-09
35.0,-,63,16388.10331,3,4,-1.0,0.0,-1.0,0.36,16388.223,-0.11969000000317465,63,3,4,-1.0,0.0,-1.0,True,,1.9e-06
35.0,-,74,17852.91507,3,5,-1.0,0.0,-1.0,0.04,17853.1863,-0.27123000000210595,74,3,5,-1.0,0.0,-1.0,True,,2.2e-07
35.0,-,83,19293.05936,3,6,-1.0,0.0,-1.0,0.04,19293.5037,-0.44434000000183005,83,3,6,-1.0,0.0,-1.0,True,,2.2e-07
36.0,+,1,2399.92212,1,0,0.0,0.0,0.0,361.0,2399.9353,-0.013179999999920256,1,1,0,0.0,0.0,0.0,True,,0.0019
36.0,+,5,4203.08299,1,1,0.0,0.0,0.0,84.41,4203.0878,-0.00481000000036147,5,1,1,0.0,0.0,0.0,True,,0.00045
36.0,+,11,5977.48539,1,2,0.0,0.0,0.0,4.41,5977.67,-0.18461000000024796,11,1,2,0.0,0.0,0.0,True,,2.4e-05
36.0,+,16,7722.09839,1,3,0.0,0.0,0.0,1.0,7722.5017,-0.4033099999996921,16,1,3,0.0,0.0,0.0,True,,5.4e-06
36.0,+,17,8115.44953,4,0,0.0,1.0,1.0,144.0,8115.5422,-0.09266999999999825,17,4,0,0.0,1.0,1.0,True,,0.00077
36.0,+,18,8330.76156,4,0,0.0,0.0,0.0,121.0,8330.6742,0.08736000000135391,18,4,0,0.0,0.0,0.0,True,,0.00065
36.0,+,22,9435.56783,1,4,0.0,0.0,0.0,0.04,9436.249,-0.6811699999998382,22,1,4,0.0,0.0,0.0,True,,2.2e-07
36.0,+,23,9543.03905,4,1,0.0,1.0,1.0,1.44,9543.0972,-0.05815000000075088,23,4,1,0.0,1.0,1.0,True,,7.7e-06
36.0,+,24,9755.94609,4,1,0.0,0.0,0.0,1.44,9755.8151,0.130989999999656,24,4,1,0.0,0.0,0.0,True,,7.7e-06
36.0,+,29,10948.36119,4,2,0.0,1.0,1.0,1.69,10948.4797,-0.11851000000024214,29,4,2,0.0,1.0,1.0,True,,9.1e-06
36.0,+,31,11158.9722,4,2,0.0,0.0,0.0,1.96,11158.8665,0.10570000000006985,31,4,2,0.0,0.0,0.0,True,,1.1e-05
36.0,+,37,12331.62799,4,3,0.0,1.0,1.0,2.25,12331.7737,-0.14570999999887135,37,4,3,0.0,1.0,1.0,True,,1.2e-05
36.0,+,38,12539.78648,4,3,0.0,0.0,0.0,1.21,12539.708,0.07848000000012689,38,4,3,0.0,0.0,0.0,True,,6.5e-06
36.0,+,44,13692.85792,4,4,0.0,1.0,1.0,0.81,13693.0113,-0.15337999999974272,44,4,4,0.0,1.0,1.0,True,,4.4e-06
36.0,+,45,13786.29529,7,0,2.0,0.0,2.0,9.0,13786.2656,0.029689999999391148,45,7,0,2.0,0.0,2.0,True,,4.8e-05
36.0,+,47,13898.62403,4,4,0.0,0.0,0.0,1.0,13898.5476,0.07643000000098255,47,4,4,0.0,0.0,0.0,True,,5.4e-06
36.0,+,53,15032.15465,4,5,0.0,1.0,1.0,1.0,15032.309,-0.15434999999888532,53,4,5,0.0,1.0,1.0,True,,5.4e-06
36.0,+,54,15148.37762,7,1,2.0,0.0,2.0,0.04,15148.2605,0.11711999999897671,54,7,1,2.0,0.0,2.0,True,,2.2e-07
36.0,+,55,15235.50395,4,5,0.0,0.0,0.0,0.25,15235.4466,0.057350000000951695,55,4,5,0.0,0.0,0.0,True,,1.3e-06
36.0,+,60,16349.59183,4,6,0.0,1.0,1.0,0.16,16349.7835,-0.19167000000015832,60,4,6,0.0,1.0,1.0,True,,8.6e-07
36.0,+,62,16487.52678,7,2,2.0,0.0,2.0,0.01,16487.4003,0.12647999999899184,62,7,2,2.0,0.0,2.0,True,,5.4e-08
36.0,+,64,16550.47423,4,6,0.0,0.0,0.0,0.09,16550.5231,-0.048869999998714775,64,4,6,0.0,0.0,0.0,True,,4.8e-07
36.0,+,68,17645.38348,4,7,0.0,1.0,1.0,0.09,17645.5578,-0.17431999999826076,68,4,7,0.0,1.0,1.0,True,,4.8e-07
36.0,+,72,17803.8612,7,3,2.0,0.0,2.0,0.01,17803.7112,0.1499999999978172,72,7,3,2.0,0.0,2.0,True,,5.4e-08
36.0,+,80,19097.38133,7,4,2.0,0.0,2.0,0.01,19097.2743,0.10702999999921303,80,7,4,2.0,0.0,2.0,True,,5.4e-08
36.0,+,100,21616.35546,7,6,2.0,0.0,2.0,0.01,21616.3653,-0.00984000000244123,100,7,6,2.0,0.0,2.0,True,,5.4e-08
36.0,+,103,22179.95516,6,0,1.0,0.0,1.0,81.0,22179.7535,0.20166000000244821,103,6,0,1.0,0.0,1.0,True,,0.00044
36.0,+,105,22304.35456,6,0,1.0,-1.0,0.0,36.0,22304.3894,-0.03484000000025844,105,6,0,1.0,-1.0,0.0,True,,0.00019
36.0,+,106,22434.1588,6,0,1.0,1.0,2.0,81.0,22434.4632,-0.3043999999972584,106,6,0,1.0,1.0,2.0,True,,0.00044
36.0,+,118,23908.2445,6,1,1.0,0.0,1.0,0.09,23907.948,0.29650000000037835,118,6,1,1.0,0.0,1.0,True,,4.8e-07
36.0,+,121,24030.60423,6,1,1.0,-1.0,0.0,0.16,24029.8162,0.7880299999997078,120,6,1,1.0,-1.0,0.0,True,,8.6e-07
36.0,+,125,24159.2003,6,1,1.0,1.0,2.0,0.09,24160.0091,-0.8087999999988824,124,6,1,1.0,1.0,2.0,True,,4.8e-07
36.0,+,137,25597.42938,6,2,1.0,0.0,1.0,0.25,25597.1981,0.23127999999996973,137,6,2,1.0,0.0,1.0,True,,1.3e-06
36.0,+,139,25718.60402,6,2,1.0,-1.0,0.0,0.16,25718.5236,0.0804199999984121,139,6,2,1.0,-1.0,0.0,True,,8.6e-07
36.0,+,140,25845.33332,6,2,1.0,1.0,2.0,0.16,25845.7386,-0.4052799999990384,140,6,2,1.0,1.0,2.0,True,,8.6e-07
36.0,+,151,27244.0109,6,3,1.0,0.0,1.0,0.0,27233.1658,10.845100000002276,151,4,15,0.0,1.0,1.0,False,*,0.0
36.0,+,154,27363.53705,6,3,1.0,-1.0,0.0,0.01,27363.4346,0.10244999999849824,153,6,3,1.0,-1.0,0.0,True,,5.4e-08
36.0,+,156,27488.43723,6,3,1.0,1.0,2.0,0.01,27490.9439,-2.5066699999988487,156,6,3,1.0,1.0,2.0,True,,5.4e-08
36.0,+,169,28843.83511,6,4,1.0,0.0,1.0,0.04,28843.676,0.1591100000005099,169,6,4,1.0,0.0,1.0,True,,2.2e-07
36.0,+,170,28961.1666,6,4,1.0,-1.0,0.0,0.04,28961.1806,-0.013999999999214197,170,6,4,1.0,-1.0,0.0,True,,2.2e-07
36.0,+,172,29084.34528,6,4,1.0,1.0,2.0,0.04,29085.0589,-0.7136199999986275,172,6,4,1.0,1.0,2.0,True,,2.2e-07
36.0,+,186,30389.05783,6,5,1.0,0.0,1.0,0.01,30387.5646,1.4932300000000396,184,6,5,1.0,0.0,1.0,True,,5.4e-08
36.0,+,188,30505.09486,6,5,1.0,-1.0,0.0,0.01,30504.9559,0.13896000000022468,189,6,5,1.0,-1.0,0.0,True,,5.4e-08
36.0,+,202,31874.62072,6,6,1.0,0.0,1.0,0.01,31874.6235,-0.002780000002530869,202,6,6,1.0,0.0,1.0,True,,5.4e-08
36.0,+,203,31987.0609,6,6,1.0,-1.0,0.0,0.01,31987.3188,-0.25790000000051805,203,6,6,1.0,-1.0,0.0,True,,5.4e-08
36.0,+,216,33289.02263,6,7,1.0,0.0,1.0,0.01,33287.3961,1.6265300000013667,216,6,7,1.0,0.0,1.0,True,,5.4e-08
36.0,+,217,33399.20592,6,7,1.0,-1.0,0.0,0.01,33398.8578,0.34812000000238186,217,6,7,1.0,-1.0,0.0,True,,5.4e-08
36.0,+,250,35874.63239,6,9,1.0,0.0,1.0,0.0015,35871.3823,3.2500900000013644,248,6,9,1.0,0.0,1.0,True,,8.1e-09
36.0,+,251,35978.23692,6,9,1.0,-1.0,0.0,0.0015,35975.6964,2.5405200000022887,250,6,9,1.0,-1.0,0.0,True,,8.1e-09
36.0,+,252,36083.83553,6,9,1.0,1.0,2.0,0.0004,36085.4266,-1.5910700000022189,252,6,9,1.0,1.0,2.0,True,,2.2e-09
36.0,+,263,37035.83471,6,10,1.0,0.0,1.0,0.0028,37034.5692,1.2655100000047241,262,6,10,1.0,0.0,1.0,True,,1.5e-08
36.0,-,1,2648.11573,2,0,-1.0,0.0,-1.0,121.0,2648.1058,0.009930000000167638,1,2,0,-1.0,0.0,-1.0,True,,0.00065
36.0,-,2,2766.00686,2,0,-1.0,1.0,0.0,441.0,2766.0253,-0.018439999999827705,2,2,0,-1.0,1.0,0.0,True,,0.0024
36.0,-,3,2885.60117,2,0,-1.0,-1.0,-2.0,169.0,2885.5898,0.011369999999715219,3,2,0,-1.0,-1.0,-2.0,True,,0.00091
36.0,-,4,4245.15526,2,1,-1.0,0.0,-1.0,3.61,4245.1535,0.0017600000001039007,4,2,1,-1.0,0.0,-1.0,True,,1.9e-05
36.0,-,5,4361.92697,2,1,-1.0,1.0,0.0,5.29,4361.9186,0.00837000000046828,5,2,1,-1.0,1.0,0.0,True,,2.8e-05
36.0,-,6,4480.23312,2,1,-1.0,-1.0,-2.0,2.25,4480.204,0.02912000000014814,6,2,1,-1.0,-1.0,-2.0,True,,1.2e-05
36.0,-,7,5818.78104,2,2,-1.0,0.0,-1.0,3.24,5818.8239,-0.04286000000047352,7,2,2,-1.0,0.0,-1.0,True,,1.7e-05
36.0,-,8,5934.43748,2,2,-1.0,1.0,0.0,4.41,5934.4418,-0.004320000000006985,8,2,2,-1.0,1.0,0.0,True,,2.4e-05
36.0,-,9,6051.45195,2,2,-1.0,-1.0,-2.0,2.56,6051.4236,0.02834999999959109,9,2,2,-1.0,-1.0,-2.0,True,,1.4e-05
36.0,-,10,7369.01105,2,3,-1.0,0.0,-1.0,1.0,7369.0473,-0.03625000000010914,10,2,3,-1.0,0.0,-1.0,True,,5.4e-06
36.0,-,11,7483.53781,2,3,-1.0,1.0,0.0,1.21,7483.5381,-0.0002899999999499414,11,2,3,-1.0,1.0,0.0,True,,6.5e-06
36.0,-,12,7599.17042,2,3,-1.0,-1.0,-2.0,1.0,7599.1891,-0.018679999999221764,12,2,3,-1.0,-1.0,-2.0,True,,5.4e-06
36.0,-,14,8895.74234,2,4,-1.0,0.0,-1.0,0.36,8895.8766,-0.13425999999890337,14,2,4,-1.0,0.0,-1.0,True,,1.9e-06
36.0,-,15,9009.25071,2,4,-1.0,1.0,0.0,0.25,9009.2723,-0.021590000000287546,15,2,4,-1.0,1.0,0.0,True,,1.3e-06
36.0,-,16,9123.49374,2,4,-1.0,-1.0,-2.0,0.25,9123.5412,-0.04745999999977357,16,2,4,-1.0,-1.0,-2.0,True,,1.3e-06
36.0,-,19,10398.95728,2,5,-1.0,0.0,-1.0,0.04,10399.269,-0.3117199999996956,19,2,5,-1.0,0.0,-1.0,True,,2.2e-07
36.0,-,18,10398.97088,3,0,-1.0,0.0,-1.0,144.0,10398.725,0.24588000000039756,18,3,0,-1.0,0.0,-1.0,True,,0.00077
36.0,-,20,10511.68895,2,5,-1.0,1.0,0.0,0.01,10511.6581,0.030849999999190914,20,2,5,-1.0,1.0,0.0,True,,5.4e-08
36.0,-,25,11959.94591,3,1,-1.0,0.0,-1.0,0.25,11959.579,0.3669100000006438,25,3,1,-1.0,0.0,-1.0,True,,1.3e-06
36.0,-,27,11990.85681,2,6,-1.0,1.0,0.0,0.01,11990.6583,0.19851000000016938,27,2,6,-1.0,1.0,0.0,True,,5.4e-08
36.0,-,32,13497.25283,3,2,-1.0,0.0,-1.0,0.49,13496.989,0.2638299999998708,32,3,2,-1.0,0.0,-1.0,True,,2.6e-06
36.0,-,38,14770.59463,2,8,-1.0,0.0,-1.0,0.04,14769.2454,1.3492299999998068,38,2,8,-1.0,0.0,-1.0,True,,2.2e-07
36.0,-,39,14882.68104,2,8,-1.0,1.0,0.0,0.04,14878.2299,4.451139999999214,39,2,8,-1.0,1.0,0.0,True,,2.2e-07
36.0,-,40,14983.77277,2,8,-1.0,-1.0,-2.0,0.09,14987.0239,-3.2511300000005576,40,2,8,-1.0,-1.0,-2.0,True,,4.8e-07
36.0,-,41,15009.83726,3,3,-1.0,0.0,-1.0,0.25,15009.6249,0.21235999999953492,41,3,3,-1.0,0.0,-1.0,True,,1.3e-06
36.0,-,46,16181.15596,2,9,-1.0,0.0,-1.0,0.0015,16180.364,0.7919600000004721,46,2,9,-1.0,0.0,-1.0,True,,8.1e-09
36.0,-,47,16287.54742,2,9,-1.0,1.0,0.0,0.0015,16286.887,0.6604200000001583,47,2,9,-1.0,1.0,0.0,True,,8.1e-09
36.0,-,48,16401.93689,2,9,-1.0,-1.0,-2.0,0.0004,16396.5419,5.394990000000689,48,2,9,-1.0,-1.0,-2.0,True,,2.2e-09
36.0,-,51,16497.92731,3,4,-1.0,0.0,-1.0,0.09,16497.828,0.09930999999778578,51,3,4,-1.0,0.0,-1.0,True,,4.8e-07
36.0,-,59,17961.48539,3,5,-1.0,0.0,-1.0,0.01,17961.5491,-0.06370999999853666,59,3,5,-1.0,0.0,-1.0,True,,5.4e-08
36.0,-,65,19400.36839,3,6,-1.0,0.0,-1.0,0.01,19400.5995,-0.23111000000062631,65,3,6,-1.0,0.0,-1.0,True,,5.4e-08
37.0,+,13,8330.82971,4,0,0.0,1.0,1.0,121.0,8330.7064,0.12331000000085623,13,4,0,0.0,1.0,1.0,True,,0.00065
37.0,+,17,9756.00319,4,1,0.0,1.0,1.0,1.44,9755.8503,0.15288999999938824,17,4,1,0.0,1.0,1.0,True,,7.7e-06
37.0,+,22,11158.99371,4,2,0.0,1.0,1.0,1.69,11158.8759,0.11781000000155473,22,4,2,0.0,1.0,1.0,True,,9.1e-06
37.0,+,29,12539.85849,4,3,0.0,1.0,1.0,1.69,12539.7688,0.08969000000070082,29,4,3,0.0,1.0,1.0,True,,9.1e-06
37.0,+,35,13892.69559,7,0,2.0,0.0,2.0,4.0,13892.6741,0.02148999999917578,35,7,0,2.0,0.0,2.0,True,,2.2e-05
37.0,+,36,13898.69189,4,4,0.0,1.0,1.0,0.81,13898.6128,0.07908999999926891,36,4,4,0.0,1.0,1.0,True,,4.4e-06
37.0,+,42,15235.5836,4,5,0.0,1.0,1.0,0.36,15235.5195,0.06409999999959837,42,4,5,0.0,1.0,1.0,True,,1.9e-06
37.0,+,43,15253.52732,7,1,2.0,0.0,2.0,0.09,15253.4138,0.11351999999897089,43,7,1,2.0,0.0,2.0,True,,4.8e-07
37.0,+,49,16550.59996,4,6,0.0,1.0,1.0,0.16,16550.6045,-0.004540000001725275,49,4,6,0.0,1.0,1.0,True,,8.6e-07
37.0,+,50,16591.4356,7,2,2.0,0.0,2.0,0.04,16591.2987,0.13690000000133296,50,7,2,2.0,0.0,2.0,True,,2.2e-07
37.0,+,55,17843.88157,4,7,0.0,1.0,1.0,0.04,17843.9902,-0.1086299999988114,55,4,7,0.0,1.0,1.0,True,,2.2e-07
37.0,+,57,17906.50623,7,3,2.0,0.0,2.0,0.01,17906.3557,0.1505299999989802,57,7,3,2.0,0.0,2.0,True,,5.4e-08
37.0,+,81,22303.55656,6,0,1.0,0.0,1.0,36.0,22303.5837,-0.027139999998325948,81,6,0,1.0,0.0,1.0,True,,0.00019
37.0,+,83,22433.71028,6,0,1.0,-1.0,0.0,25.0,22433.8057,-0.095420000001468,83,6,0,1.0,-1.0,0.0,True,,0.00013
37.0,+,84,22564.78153,6,0,1.0,1.0,2.0,36.0,22564.7796,0.0019299999985378236,84,6,0,1.0,1.0,2.0,True,,0.00019
37.0,+,94,24030.10654,6,1,1.0,0.0,1.0,0.25,24029.9683,0.13824000000022352,94,6,1,1.0,0.0,1.0,True,,1.3e-06
37.0,+,96,24159.1558,6,1,1.0,-1.0,0.0,0.36,24159.8748,-0.7190000000009604,96,6,1,1.0,-1.0,0.0,True,,1.9e-06
37.0,+,98,24288.08606,6,1,1.0,1.0,2.0,0.09,24288.1796,-0.09353999999802909,98,6,1,1.0,1.0,2.0,True,,4.8e-07
37.0,+,109,25717.76595,6,2,1.0,0.0,1.0,0.16,25717.724,0.041950000002543675,108,6,2,1.0,0.0,1.0,True,,8.6e-07
37.0,+,110,25844.98159,6,2,1.0,-1.0,0.0,0.16,25845.0494,-0.06781000000046333,110,6,2,1.0,-1.0,0.0,True,,8.6e-07
37.0,+,111,25972.48543,6,2,1.0,1.0,2.0,0.04,25972.4864,-0.0009700000009615906,111,6,2,1.0,1.0,2.0,True,,2.2e-07
37.0,+,120,27362.74019,6,3,1.0,0.0,1.0,0.04,27362.7347,0.005489999999554129,120,6,3,1.0,0.0,1.0,True,,2.2e-07
37.0,+,122,27488.05536,6,3,1.0,1.0,2.0,0.04,27490.1167,-2.0613400000002002,122,6,3,1.0,-1.0,0.0,False,,2.2e-07
37.0,+,124,27613.95247,6,3,1.0,-1.0,0.0,0.01,27615.29,-1.3375300000006973,125,6,3,1.0,1.0,2.0,False,,5.4e-08
37.0,+,133,28960.43405,6,4,1.0,0.0,1.0,0.01,28960.4271,0.006949999999051215,134,6,4,1.0,0.0,1.0,True,,5.4e-08
37.0,+,135,29084.06681,6,4,1.0,-1.0,0.0,0.01,29084.3607,-0.2938900000008289,135,6,4,1.0,-1.0,0.0,True,,5.4e-08
37.0,+,138,29207.65454,6,4,1.0,1.0,2.0,0.04,29207.7603,-0.1057600000021921,137,6,4,1.0,1.0,2.0,True,,2.2e-07
37.0,+,151,30738.78574,6,5,1.0,1.0,2.0,0.0,30747.2422,-8.456460000001243,151,6,5,1.0,1.0,2.0,True,*,0.0
37.0,+,200,36191.29477,6,9,1.0,1.0,2.0,0.0015,36194.4351,-3.1403300000019954,200,6,9,1.0,1.0,2.0,True,,8.1e-09
37.0,-,2,2764.3425,2,0,-1.0,0.0,-1.0,484.0,2764.3508,-0.008299999999962893,2,2,0,-1.0,0.0,-1.0,True,,0.0026
37.0,-,3,2883.57418,2,0,-1.0,1.0,0.0,81.0,2883.5789,-0.004719999999906577,3,2,0,-1.0,1.0,0.0,True,,0.00044
37.0,-,4,3007.75929,2,0,-1.0,-1.0,-2.0,324.0,3007.7541,0.005189999999856809,4,2,0,-1.0,-1.0,-2.0,True,,0.0017
37.0,-,6,4360.255,2,1,-1.0,0.0,-1.0,3.61,4360.2377,0.017300000000432192,6,2,1,-1.0,0.0,-1.0,True,,1.9e-05
37.0,-,7,4478.20553,2,1,-1.0,1.0,0.0,3.61,4478.2034,0.0021299999998518615,7,2,1,-1.0,1.0,0.0,True,,1.9e-05
37.0,-,8,4601.18726,2,1,-1.0,-1.0,-2.0,3.24,4601.165,0.022259999999732827,8,2,1,-1.0,-1.0,-2.0,True,,1.7e-05
37.0,-,9,5932.7619,2,2,-1.0,0.0,-1.0,4.84,5932.7538,0.008100000000013097,9,2,2,-1.0,0.0,-1.0,True,,2.6e-05
37.0,-,10,6049.41305,2,2,-1.0,1.0,0.0,2.25,6049.435,-0.021950000000288128,10,2,2,-1.0,1.0,0.0,True,,1.2e-05
37.0,-,12,6171.21923,2,2,-1.0,-1.0,-2.0,4.41,6171.1933,0.02592999999978929,12,2,2,-1.0,-1.0,-2.0,True,,2.4e-05
37.0,-,13,7481.89554,2,3,-1.0,0.0,-1.0,1.0,7481.8422,0.05334000000038941,13,2,3,-1.0,0.0,-1.0,True,,5.4e-06
37.0,-,14,7597.18769,2,3,-1.0,1.0,0.0,0.81,7597.2157,-0.02800999999999476,14,2,3,-1.0,1.0,0.0,True,,4.4e-06
37.0,-,15,7717.73118,2,3,-1.0,-1.0,-2.0,0.64,7717.7961,-0.0649199999998018,15,2,3,-1.0,-1.0,-2.0,True,,3.4e-06
37.0,-,19,9007.60493,2,4,-1.0,0.0,-1.0,0.25,9007.5681,0.03682999999909953,19,2,4,-1.0,0.0,-1.0,True,,1.3e-06
37.0,-,20,9121.48444,2,4,-1.0,1.0,0.0,0.16,9121.5895,-0.1050599999998667,20,2,4,-1.0,1.0,0.0,True,,8.6e-07
37.0,-,21,9240.92315,2,4,-1.0,-1.0,-2.0,0.09,9241.0333,-0.11014999999861175,21,2,4,-1.0,-1.0,-2.0,True,,4.8e-07
37.0,-,26,10516.39218,3,0,-1.0,0.0,-1.0,361.0,10516.3983,-0.006120000000009895,26,3,0,-1.0,0.0,-1.0,True,,0.0019
37.0,-,34,12076.45763,3,1,-1.0,0.0,-1.0,1.44,12076.4515,0.0061300000015762635,34,3,1,-1.0,0.0,-1.0,True,,7.7e-06
37.0,-,42,13612.14354,3,2,-1.0,0.0,-1.0,0.36,13612.1212,0.022339999999530846,42,3,2,-1.0,0.0,-1.0,True,,1.9e-06
37.0,-,49,14878.90239,2,8,-1.0,0.0,-1.0,0.01,14876.4861,2.416289999999208,49,2,8,-1.0,0.0,-1.0,True,,5.4e-08
37.0,-,50,14986.86692,2,8,-1.0,1.0,0.0,0.01,14985.1418,1.7251200000009703,50,2,8,-1.0,1.0,0.0,True,,5.4e-08
37.0,-,52,15123.43833,3,3,-1.0,0.0,-1.0,0.16,15123.4823,-0.04396999999880791,52,3,3,-1.0,0.0,-1.0,True,,8.6e-07
37.0,-,58,16285.72771,2,9,-1.0,0.0,-1.0,0.0015,16285.1281,0.5996099999993021,58,2,9,-1.0,0.0,-1.0,True,,8.1e-09
37.0,-,63,16610.26821,3,4,-1.0,0.0,-1.0,0.36,16610.406,-0.13779000000067754,63,3,4,-1.0,0.0,-1.0,True,,1.9e-06
37.0,-,74,18072.53074,3,5,-1.0,0.0,-1.0,0.04,18072.836,-0.30526000000099884,74,3,5,-1.0,0.0,-1.0,True,,2.2e-07
37.0,-,83,19510.04351,3,6,-1.0,0.0,-1.0,0.04,19510.6031,-0.5595900000007532,83,3,6,-1.0,0.0,-1.0,True,,2.2e-07
38.0,+,1,2668.62799,1,0,0.0,0.0,0.0,400.0,2668.6408,-0.012810000000172295,1,1,0,0.0,0.0,0.0,True,,0.0022
38.0,+,5,4469.0385,1,1,0.0,0.0,0.0,83.24,4469.0423,-0.003800000000410364,5,1,1,0.0,0.0,0.0,True,,0.00045
38.0,+,11,6240.63608,1,2,0.0,0.0,0.0,4.0,6240.8384,-0.20231999999941763,11,1,2,0.0,0.0,0.0,True,,2.2e-05
38.0,+,16,7982.22864,1,3,0.0,0.0,0.0,0.36,7982.8212,-0.5925600000000486,16,1,3,0.0,0.0,0.0,True,,1.9e-06
38.0,+,17,8330.64049,4,0,0.0,1.0,1.0,121.0,8330.7429,-0.10240999999950873,17,4,0,0.0,1.0,1.0,True,,0.00065
38.0,+,18,8557.45968,4,0,0.0,0.0,0.0,144.0,8557.3771,0.08258000000023458,18,4,0,0.0,0.0,0.0,True,,0.00077
38.0,+,22,9692.84694,1,4,0.0,0.0,0.0,0.04,9693.6151,-0.7681600000014441,22,1,4,0.0,0.0,0.0,True,,2.2e-07
38.0,+,23,9755.87196,4,1,0.0,1.0,1.0,1.69,9755.9268,-0.05483999999887601,23,4,1,0.0,1.0,1.0,True,,9.1e-06
38.0,+,24,9980.13358,4,1,0.0,0.0,0.0,1.44,9979.9984,0.13517999999930908,24,4,1,0.0,0.0,0.0,True,,7.7e-06
38.0,+,29,11158.7895,4,2,0.0,1.0,1.0,1.21,11158.9043,-0.11479999999937718,29,4,2,0.0,1.0,1.0,True,,6.5e-06
38.0,+,31,11380.8035,4,2,0.0,0.0,0.0,1.69,11380.6797,0.12379999999939173,31,4,2,0.0,0.0,0.0,True,,9.1e-06
38.0,+,37,12539.66295,4,3,0.0,1.0,1.0,1.69,12539.8086,-0.14565000000038708,37,4,3,0.0,1.0,1.0,True,,9.1e-06
38.0,+,38,12758.93488,4,3,0.0,0.0,0.0,1.0,12758.8502,0.08467999999993481,38,4,3,0.0,0.0,0.0,True,,5.4e-06
38.0,+,44,13898.49045,4,4,0.0,1.0,1.0,0.81,13898.6587,-0.16825000000062573,44,4,4,0.0,1.0,1.0,True,,4.4e-06
38.0,+,45,14001.91792,7,0,2.0,0.0,2.0,9.0,14001.8864,0.031520000000455184,45,7,0,2.0,0.0,2.0,True,,4.8e-05
38.0,+,46,14115.25782,4,4,0.0,0.0,0.0,0.49,14115.1704,0.08741999999983818,47,4,4,0.0,0.0,0.0,True,,2.6e-06
38.0,+,52,15235.39596,4,5,0.0,1.0,1.0,0.49,15235.5702,-0.17424000000028173,52,4,5,0.0,1.0,1.0,True,,2.6e-06
38.0,+,54,15361.45525,7,1,2.0,0.0,2.0,0.09,15361.3368,0.11845000000175787,54,7,1,2.0,0.0,2.0,True,,4.8e-07
38.0,+,55,15449.52337,4,5,0.0,0.0,0.0,0.36,15449.5514,-0.02802999999948952,55,4,5,0.0,0.0,0.0,True,,1.9e-06
38.0,+,60,16550.4416,4,6,0.0,1.0,1.0,0.09,16550.6596,-0.2180000000007567,60,4,6,0.0,1.0,1.0,True,,4.8e-07
38.0,+,62,16698.07846,7,2,2.0,0.0,2.0,0.01,16697.9326,0.145860000000539,62,7,2,2.0,0.0,2.0,True,,5.4e-08
38.0,+,64,16762.02464,4,6,0.0,0.0,0.0,0.16,16762.1111,-0.08645999999862397,64,4,6,0.0,0.0,0.0,True,,8.6e-07
38.0,+,68,17843.67058,4,7,0.0,1.0,1.0,0.01,17844.05,-0.3794199999974808,68,4,7,0.0,1.0,1.0,True,,5.4e-08
38.0,+,104,22432.26004,6,0,1.0,0.0,1.0,36.0,22432.046,0.2140400000025693,104,6,0,1.0,0.0,1.0,True,,0.00019
38.0,+,105,22563.26497,6,0,1.0,-1.0,0.0,25.0,22563.2819,-0.016930000001593726,105,6,0,1.0,-1.0,0.0,True,,0.00013
38.0,+,106,22699.83911,6,0,1.0,1.0,2.0,36.0,22700.1556,-0.31648999999742955,106,6,0,1.0,1.0,2.0,True,,0.00019
38.0,+,118,24157.46538,6,1,1.0,0.0,1.0,0.09,24157.1277,0.337680000000546,118,6,1,1.0,0.0,1.0,True,,4.8e-07
38.0,+,122,24286.72041,6,1,1.0,-1.0,0.0,0.09,24286.9221,-0.20168999999805237,122,6,1,1.0,-1.0,0.0,True,,4.8e-07
38.0,+,125,24421.86214,6,1,1.0,1.0,2.0,0.09,24422.3135,-0.4513599999991129,125,6,1,1.0,1.0,2.0,True,,4.8e-07
38.0,+,138,25843.36842,6,2,1.0,0.0,1.0,0.09,25843.2846,0.08381999999983236,138,6,2,1.0,0.0,1.0,True,,4.8e-07
38.0,+,139,25970.98084,6,2,1.0,-1.0,0.0,0.16,25971.0327,-0.05185999999957858,139,6,2,1.0,-1.0,0.0,True,,8.6e-07
38.0,+,140,26104.53306,6,2,1.0,1.0,2.0,0.04,26104.8606,-0.32753999999840744,140,6,2,1.0,1.0,2.0,True,,2.2e-07
38.0,+,152,27486.7199,6,3,1.0,0.0,1.0,0.01,27488.2215,-1.5015999999995984,152,6,3,1.0,0.0,1.0,True,,5.4e-08
38.0,+,154,27612.75905,6,3,1.0,-1.0,0.0,0.01,27612.3742,0.3848500000021886,155,6,3,1.0,-1.0,0.0,True,,5.4e-08
38.0,+,169,29082.77252,6,4,1.0,0.0,1.0,0.04,29082.5899,0.1826199999995879,169,6,4,1.0,0.0,1.0,True,,2.2e-07
38.0,+,171,29206.35988,6,4,1.0,-1.0,0.0,0.04,29206.3371,0.022779999999329448,170,6,4,1.0,-1.0,0.0,True,,2.2e-07
38.0,+,173,29335.85518,6,4,1.0,1.0,2.0,0.01,29336.5583,-0.7031200000019453,172,6,4,1.0,1.0,2.0,True,,5.4e-08
38.0,-,1,2882.7561,2,0,-1.0,0.0,-1.0,144.0,2882.7483,0.007799999999861029,1,2,0,-1.0,0.0,-1.0,True,,0.00077
38.0,-,2,3006.92327,2,0,-1.0,1.0,0.0,361.0,3006.9397,-0.01643000000012762,2,2,0,-1.0,1.0,0.0,True,,0.0019
38.0,-,3,3132.64605,2,0,-1.0,-1.0,-2.0,196.0,3132.6431,0.0029500000000552973,3,2,0,-1.0,-1.0,-2.0,True,,0.0011
38.0,-,4,4477.37188,2,1,-1.0,0.0,-1.0,2.89,4477.366,0.005879999999706342,4,2,1,-1.0,0.0,-1.0,True,,1.6e-05
38.0,-,5,4600.34311,2,1,-1.0,1.0,0.0,4.41,4600.3396,0.003509999999550928,5,2,1,-1.0,1.0,0.0,True,,2.4e-05
38.0,-,6,4724.71543,2,1,-1.0,-1.0,-2.0,1.44,4724.6926,0.02282999999988533,6,2,1,-1.0,-1.0,-2.0,True,,7.7e-06
38.0,-,7,6048.54634,2,2,-1.0,0.0,-1.0,2.56,6048.5923,-0.04596000000037748,7,2,2,-1.0,0.0,-1.0,True,,1.4e-05
38.0,-,8,6170.35924,2,2,-1.0,1.0,0.0,4.0,6170.3559,0.0033400000002075103,8,2,2,-1.0,1.0,0.0,True,,2.2e-05
38.0,-,9,6293.36647,2,2,-1.0,-1.0,-2.0,1.44,6293.3322,0.03427000000010594,9,2,2,-1.0,-1.0,-2.0,True,,7.7e-06
38.0,-,10,7596.30363,2,3,-1.0,0.0,-1.0,0.36,7596.3706,-0.06696999999985565,10,2,3,-1.0,0.0,-1.0,True,,1.9e-06
38.0,-,11,7716.96685,2,3,-1.0,1.0,0.0,0.49,7716.946,0.02084999999988213,11,2,3,-1.0,1.0,0.0,True,,2.6e-06
38.0,-,12,7838.48166,2,3,-1.0,-1.0,-2.0,0.64,7838.5166,-0.03493999999955122,12,2,3,-1.0,-1.0,-2.0,True,,3.4e-06
38.0,-,14,9120.59518,2,4,-1.0,0.0,-1.0,0.25,9120.7478,-0.15261999999893305,14,2,4,-1.0,0.0,-1.0,True,,1.3e-06
38.0,-,15,9240.13037,2,4,-1.0,1.0,0.0,0.16,9240.1695,-0.0391299999992043,15,2,4,-1.0,1.0,0.0,True,,8.6e-07
38.0,-,16,9360.19924,2,4,-1.0,-1.0,-2.0,0.09,9360.2804,-0.081159999999727,16,2,4,-1.0,-1.0,-2.0,True,,4.8e-07
38.0,-,19,10637.45096,3,0,-1.0,0.0,-1.0,144.0,10637.1775,0.2734600000003411,19,3,0,-1.0,0.0,-1.0,True,,0.00077
38.0,-,25,12196.17499,3,1,-1.0,0.0,-1.0,0.36,12195.853,0.32199000000036904,25,3,1,-1.0,0.0,-1.0,True,,1.9e-06
38.0,-,32,13730.59194,3,2,-1.0,0.0,-1.0,0.09,13730.2898,0.30213999999978114,32,3,2,-1.0,0.0,-1.0,True,,4.8e-07
38.0,-,40,15209.91477,2,8,-1.0,-1.0,-2.0,0.01,15213.4291,-3.5143299999999726,40,2,8,-1.0,-1.0,-2.0,True,,5.4e-08
38.0,-,41,15240.44174,3,3,-1.0,0.0,-1.0,0.16,15240.3418,0.09994000000006054,41,3,3,-1.0,0.0,-1.0,True,,8.6e-07
38.0,-,51,16726.05978,3,4,-1.0,0.0,-1.0,0.09,16725.9511,0.10868000000118627,51,3,4,-1.0,0.0,-1.0,True,,4.8e-07
38.0,-,59,18187.66608,3,5,-1.0,0.0,-1.0,0.01,18187.1708,0.49527999999918393,59,3,5,-1.0,0.0,-1.0,True,,5.4e-08
38.0,-,65,19623.09864,3,6,-1.0,0.0,-1.0,0.01,19623.4989,-0.400259999998525,65,3,6,-1.0,0.0,-1.0,True,,5.4e-08
39.0,+,13,8557.52616,4,0,0.0,1.0,1.0,121.0,8557.4104,0.1157599999987724,13,4,0,0.0,1.0,1.0,True,,0.00065
39.0,+,17,9980.19213,4,1,0.0,1.0,1.0,1.21,9980.0341,0.15802999999868916,17,4,1,0.0,1.0,1.0,True,,6.5e-06
39.0,+,22,11380.66114,4,2,0.0,1.0,1.0,1.69,11380.5392,0.12194000000090455,22,4,2,0.0,1.0,1.0,True,,9.1e-06
39.0,+,29,12758.99633,4,3,0.0,1.0,1.0,1.44,12758.9128,0.08352999999988242,29,4,3,0.0,1.0,1.0,True,,7.7e-06
39.0,+,34,14113.9187,7,0,2.0,0.0,2.0,1.0,14113.8968,0.021899999999732245,34,7,0,2.0,0.0,2.0,True,,5.4e-06
39.0,+,35,14115.31231,4,4,0.0,1.0,1.0,1.0,14115.2379,0.07440999999926134,36,4,4,0.0,1.0,1.0,True,,5.4e-06
39.0,+,42,15449.6691,4,5,0.0,1.0,1.0,0.36,15449.6267,0.042399999998451676,42,4,5,0.0,1.0,1.0,True,,1.9e-06
39.0,+,43,15472.14811,7,1,2.0,0.0,2.0,0.09,15472.0238,0.12430999999924097,43,7,1,2.0,0.0,2.0,True,,4.8e-07
39.0,+,49,16762.19361,4,6,0.0,1.0,1.0,0.09,16762.1952,-0.0015899999998509884,49,4,6,0.0,1.0,1.0,True,,4.8e-07
39.0,+,50,16807.4536,7,2,2.0,0.0,2.0,0.01,16807.2963,0.15729999999894062,50,7,2,2.0,0.0,2.0,True,,5.4e-08
39.0,+,55,18052.9498,4,7,0.0,1.0,1.0,0.04,18053.0656,-0.11580000000321888,55,4,7,0.0,1.0,1.0,True,,2.2e-07
39.0,+,57,18119.91389,7,3,2.0,0.0,2.0,0.01,18119.7433,0.170590000001539,57,7,3,2.0,0.0,2.0,True,,5.4e-08
39.0,+,82,22562.53046,6,0,1.0,0.0,1.0,16.0,22562.5431,-0.012639999997190898,82,6,0,1.0,0.0,1.0,True,,8.6e-05
39.0,+,83,22699.44877,6,0,1.0,-1.0,0.0,36.0,22699.5427,-0.09393000000272878,83,6,0,1.0,-1.0,0.0,True,,0.00019
39.0,+,84,22837.09766,6,0,1.0,1.0,2.0,49.0,22837.1,-0.002339999999094289,84,6,0,1.0,1.0,2.0,True,,0.00026
39.0,+,94,24285.98546,6,1,1.0,0.0,1.0,0.09,24285.7354,0.2500599999984843,94,6,1,1.0,0.0,1.0,True,,4.8e-07
39.0,+,96,24421.53657,6,1,1.0,-1.0,0.0,0.09,24421.7773,-0.24073000000134925,96,6,1,1.0,-1.0,0.0,True,,4.8e-07
39.0,+,98,24557.33425,6,1,1.0,1.0,2.0,0.04,24557.2154,0.11884999999892898,98,6,1,1.0,1.0,2.0,True,,2.2e-07
39.0,+,109,25970.31189,6,2,1.0,0.0,1.0,0.09,25970.3013,0.01059000000168453,109,6,2,1.0,0.0,1.0,True,,4.8e-07
39.0,+,110,26104.1781,6,2,1.0,-1.0,0.0,0.09,26104.2152,-0.03709999999773572,110,6,2,1.0,-1.0,0.0,True,,4.8e-07
39.0,+,120,27612.16334,6,3,1.0,0.0,1.0,0.01,27611.8137,0.3496400000003632,121,6,3,1.0,0.0,1.0,True,,5.4e-08
39.0,+,122,27743.63624,6,3,1.0,1.0,2.0,0.01,27744.7406,-1.1043600000011793,122,6,3,1.0,-1.0,0.0,False,,5.4e-08
39.0,+,133,29205.55002,6,4,1.0,0.0,1.0,0.01,29205.647,-0.09698000000207685,133,6,4,1.0,0.0,1.0,True,,5.4e-08
39.0,+,136,29335.66187,6,4,1.0,-1.0,0.0,0.04,29335.9118,-0.24993000000176835,135,6,4,1.0,-1.0,0.0,True,,2.2e-07
39.0,+,138,29465.63484,6,4,1.0,1.0,2.0,0.01,29465.5667,0.06813999999940279,138,6,4,1.0,1.0,2.0,True,,5.4e-08
39.0,-,2,3005.33937,2,0,-1.0,0.0,-1.0,441.0,3005.3448,-0.005429999999705615,2,2,0,-1.0,0.0,-1.0,True,,0.0024
39.0,-,3,3130.69341,2,0,-1.0,1.0,0.0,169.0,3130.6953,-0.001890000000003056,3,2,0,-1.0,1.0,0.0,True,,0.00091
39.0,-,4,3261.14422,2,0,-1.0,-1.0,-2.0,400.0,3261.1448,-0.0005799999998998828,4,2,0,-1.0,-1.0,-2.0,True,,0.0022
39.0,-,5,4598.77042,2,1,-1.0,0.0,-1.0,2.89,4598.7386,0.031820000000152504,5,2,1,-1.0,0.0,-1.0,True,,1.6e-05
39.0,-,7,4722.75514,2,1,-1.0,1.0,0.0,2.25,4722.7555,-0.0003600000000005821,7,2,1,-1.0,1.0,0.0,True,,1.2e-05
39.0,-,8,4851.95106,2,1,-1.0,-1.0,-2.0,2.56,4851.9285,0.02256000000033964,8,2,1,-1.0,-1.0,-2.0,True,,1.4e-05
39.0,-,9,6168.77194,2,2,-1.0,0.0,-1.0,1.96,6168.7482,0.023739999999634165,9,2,2,-1.0,0.0,-1.0,True,,1.1e-05
39.0,-,10,6291.38585,2,2,-1.0,1.0,0.0,1.69,6291.4078,-0.021950000000288128,10,2,2,-1.0,1.0,0.0,True,,9.1e-06
39.0,-,12,6419.34712,2,2,-1.0,-1.0,-2.0,1.96,6419.3154,0.03171999999995023,12,2,2,-1.0,-1.0,-2.0,True,,1.1e-05
39.0,-,13,7715.3945,2,3,-1.0,0.0,-1.0,0.36,7715.3309,0.063600000000406,13,2,3,-1.0,0.0,-1.0,True,,1.9e-06
39.0,-,14,7836.57307,2,3,-1.0,1.0,0.0,0.64,7836.6082,-0.03512999999929889,14,2,3,-1.0,1.0,0.0,True,,3.4e-06
39.0,-,15,7963.30961,2,3,-1.0,-1.0,-2.0,0.64,7963.2774,0.03221000000030472,15,2,3,-1.0,-1.0,-2.0,True,,3.4e-06
39.0,-,19,9238.59816,2,4,-1.0,0.0,-1.0,0.09,9238.5464,0.0517600000002858,19,2,4,-1.0,0.0,-1.0,True,,4.8e-07
39.0,-,20,9358.2889,2,4,-1.0,1.0,0.0,0.09,9358.3944,-0.1054999999996653,20,2,4,-1.0,1.0,0.0,True,,4.8e-07
39.0,-,21,9483.83991,2,4,-1.0,-1.0,-2.0,0.04,9483.8688,-0.028889999999591964,21,2,4,-1.0,-1.0,-2.0,True,,2.2e-07
39.0,-,26,10761.0545,3,0,-1.0,0.0,-1.0,256.0,10761.057,-0.002500000000509317,26,3,0,-1.0,0.0,-1.0,True,,0.0014
39.0,-,27,10856.328,2,5,-1.0,1.0,0.0,0.01,10856.7067,-0.3787000000011176,27,2,5,-1.0,1.0,0.0,True,,5.4e-08
39.0,-,34,12318.49459,3,1,-1.0,0.0,-1.0,1.21,12318.4974,-0.002809999999954016,34,3,1,-1.0,0.0,-1.0,True,,6.5e-06
39.0,-,42,13851.51655,3,2,-1.0,0.0,-1.0,0.25,13851.4896,0.026949999999487773,42,3,2,-1.0,0.0,-1.0,True,,1.3e-06
39.0,-,53,15360.16148,3,3,-1.0,0.0,-1.0,0.16,15360.1974,-0.0359199999984412,53,3,3,-1.0,0.0,-1.0,True,,8.6e-07
39.0,-,63,16844.30775,3,4,-1.0,0.0,-1.0,0.36,16844.4574,-0.149649999999383,63,3,4,-1.0,0.0,-1.0,True,,1.9e-06
39.0,-,74,18303.85542,3,5,-1.0,0.0,-1.0,0.04,18304.2154,-0.3599800000010873,74,3,5,-1.0,0.0,-1.0,True,,2.2e-07
39.0,-,83,19738.61649,3,6,-1.0,0.0,-1.0,0.04,19739.2884,-0.6719100000009348,83,3,6,-1.0,0.0,-1.0,True,,2.2e-07
40.0,+,1,2951.32704,1,0,0.0,0.0,0.0,361.0,2951.3369,-0.00985999999966225,1,1,0,0.0,0.0,0.0,True,,0.0019
40.0,+,6,4748.83674,1,1,0.0,0.0,0.0,83.24,4748.8381,-0.0013600000002043089,6,1,1,0.0,0.0,0.0,True,,0.00045
40.0,+,11,6517.47477,1,2,0.0,0.0,0.0,2.89,6517.6958,-0.22103000000061002,11,1,2,0.0,0.0,0.0,True,,1.6e-05
40.0,+,16,8256.08434,1,3,0.0,0.0,0.0,0.36,8256.6729,-0.5885600000001432,16,1,3,0.0,0.0,0.0,True,,1.9e-06
40.0,+,17,8557.34936,4,0,0.0,1.0,1.0,100.0,8557.4493,-0.09994000000006054,17,4,0,0.0,1.0,1.0,True,,0.00054
40.0,+,18,8795.62335,4,0,0.0,0.0,0.0,144.0,8795.5399,0.0834500000000844,18,4,0,0.0,0.0,0.0,True,,0.00077
40.0,+,22,9963.51884,1,4,0.0,0.0,0.0,0.04,9964.2402,-0.7213599999995495,22,1,4,0.0,0.0,0.0,True,,2.2e-07
40.0,+,23,9980.26454,4,1,0.0,1.0,1.0,0.81,9980.2406,0.023940000000948203,23,4,1,0.0,1.0,1.0,True,,4.4e-06
40.0,+,24,10215.62711,4,1,0.0,0.0,0.0,1.21,10215.5106,0.11650999999983469,24,4,1,0.0,0.0,0.0,True,,6.5e-06
40.0,+,29,11380.45052,4,2,0.0,1.0,1.0,1.21,11380.5708,-0.12027999999918393,29,4,2,0.0,1.0,1.0,True,,6.5e-06
40.0,+,30,11613.35724,4,2,0.0,0.0,0.0,1.44,11613.2753,0.08194000000003143,30,4,2,0.0,0.0,0.0,True,,7.7e-06
40.0,+,37,12758.81518,4,3,0.0,1.0,1.0,1.21,12758.9547,-0.1395200000006298,37,4,3,0.0,1.0,1.0,True,,6.5e-06
40.0,+,38,12989.13485,4,3,0.0,0.0,0.0,0.81,12989.0578,0.07704999999987194,38,4,3,0.0,0.0,0.0,True,,4.4e-06
40.0,+,44,14115.12289,4,4,0.0,1.0,1.0,0.49,14115.2861,-0.1632099999987986,44,4,4,0.0,1.0,1.0,True,,2.6e-06
40.0,+,45,14228.73128,7,0,2.0,0.0,2.0,1.0,14228.6994,0.031880000000455766,45,7,0,2.0,0.0,2.0,True,,5.4e-06
40.0,+,46,14342.81929,4,4,0.0,0.0,0.0,0.25,14342.7273,0.0919899999989866,46,4,4,0.0,0.0,0.0,True,,1.3e-06
40.0,+,51,15449.48725,4,5,0.0,1.0,1.0,0.09,15449.6801,-0.19284999999945285,51,4,5,0.0,1.0,1.0,True,,4.8e-07
40.0,+,54,15585.60202,7,1,2.0,0.0,2.0,0.09,15585.4688,0.13321999999971013,54,7,1,2.0,0.0,2.0,True,,4.8e-07
40.0,+,55,15674.51215,4,5,0.0,0.0,0.0,0.36,15674.459,0.053149999999732245,55,4,5,0.0,0.0,0.0,True,,1.9e-06
40.0,+,60,16761.99002,4,6,0.0,1.0,1.0,0.01,16762.2533,-0.26327999999921303,60,4,6,0.0,1.0,1.0,True,,5.4e-08
40.0,+,64,16984.35881,4,6,0.0,0.0,0.0,0.04,16984.3707,-0.011889999997947598,64,4,6,0.0,0.0,0.0,True,,2.2e-07
40.0,+,68,18052.68286,4,7,0.0,1.0,1.0,0.04,18053.1291,-0.44623999999748776,68,4,7,0.0,1.0,1.0,True,,2.2e-07
40.0,+,104,22698.07411,6,0,1.0,0.0,1.0,49.0,22697.8362,0.23790999999982887,104,6,0,1.0,0.0,1.0,True,,0.00026
40.0,+,105,22835.64015,6,0,1.0,-1.0,0.0,25.0,22835.6514,-0.011249999999563443,105,6,0,1.0,-1.0,0.0,True,,0.00013
40.0,+,106,22978.98208,6,0,1.0,1.0,2.0,49.0,22979.3026,-0.3205199999974866,106,6,0,1.0,1.0,2.0,True,,0.00026
40.0,+,119,24420.0283,6,1,1.0,0.0,1.0,0.09,24419.4428,0.5855000000010477,119,6,1,1.0,0.0,1.0,True,,4.8e-07
40.0,+,122,24555.79727,6,1,1.0,-1.0,0.0,0.09,24555.7006,0.09666999999899417,122,6,1,1.0,-1.0,0.0,True,,4.8e-07
40.0,+,126,24697.71006,6,1,1.0,1.0,2.0,0.04,24698.0684,-0.35833999999886146,126,6,1,1.0,1.0,2.0,True,,2.2e-07
40.0,+,138,26102.88442,6,2,1.0,0.0,1.0,0.09,26102.5059,0.3785199999983888,138,6,2,1.0,0.0,1.0,True,,4.8e-07
40.0,+,139,26236.57814,6,2,1.0,-1.0,0.0,0.04,26236.6614,-0.08325999999942724,139,6,2,1.0,-1.0,0.0,True,,2.2e-07
40.0,+,169,29334.4095,6,4,1.0,0.0,1.0,0.01,29334.2043,0.20520000000033178,169,6,4,1.0,0.0,1.0,True,,5.4e-08
40.0,+,171,29464.22242,6,4,1.0,-1.0,0.0,0.04,29464.1858,0.036619999998947605,171,6,4,1.0,-1.0,0.0,True,,2.2e-07
40.0,+,174,29600.18983,6,4,1.0,1.0,2.0,0.04,29600.6802,-0.4903699999995297,173,6,4,1.0,1.0,2.0,True,,2.2e-07
40.0,-,1,3129.95847,2,0,-1.0,0.0,-1.0,121.0,3129.9397,0.018770000000131404,1,2,0,-1.0,0.0,-1.0,True,,0.00065
40.0,-,2,3260.37993,2,0,-1.0,1.0,0.0,400.0,3260.3907,-0.010769999999865831,2,2,0,-1.0,1.0,0.0,True,,0.0022
40.0,-,3,3392.21525,2,0,-1.0,-1.0,-2.0,169.0,3392.2128,0.0024500000004081812,3,2,0,-1.0,-1.0,-2.0,True,,0.00091
40.0,-,4,4722.00226,2,1,-1.0,0.0,-1.0,0.81,4721.9937,0.00856000000021595,4,2,1,-1.0,0.0,-1.0,True,,4.4e-06
40.0,-,5,4851.17322,2,1,-1.0,1.0,0.0,2.25,4851.1636,0.009619999999813444,5,2,1,-1.0,1.0,0.0,True,,1.2e-05
40.0,-,6,4981.58906,2,1,-1.0,-1.0,-2.0,0.64,4981.5638,0.025260000000344007,6,2,1,-1.0,-1.0,-2.0,True,,3.4e-06
40.0,-,7,6290.61334,2,2,-1.0,0.0,-1.0,1.69,6290.6414,-0.028060000000550644,7,2,2,-1.0,0.0,-1.0,True,,9.1e-06
40.0,-,8,6418.55136,2,2,-1.0,1.0,0.0,2.56,6418.5388,0.012560000000121363,8,2,2,-1.0,1.0,0.0,True,,1.4e-05
40.0,-,9,6547.50989,2,2,-1.0,-1.0,-2.0,1.44,6547.4891,0.020790000000488362,9,2,2,-1.0,-1.0,-2.0,True,,7.7e-06
40.0,-,10,7835.76402,2,3,-1.0,0.0,-1.0,0.64,7835.8402,-0.07618000000002212,10,2,3,-1.0,0.0,-1.0,True,,3.4e-06
40.0,-,11,7962.39388,2,3,-1.0,1.0,0.0,0.25,7962.4883,-0.09442000000035478,11,2,3,-1.0,1.0,0.0,True,,1.3e-06
40.0,-,12,8090.00884,2,3,-1.0,-1.0,-2.0,0.25,8089.9581,0.050740000000587315,12,2,3,-1.0,-1.0,-2.0,True,,1.3e-06
40.0,-,14,9357.38321,2,4,-1.0,0.0,-1.0,0.04,9357.6307,-0.2474899999997433,14,2,4,-1.0,0.0,-1.0,True,,2.2e-07
40.0,-,15,9483.0881,2,4,-1.0,1.0,0.0,0.01,9483.0663,0.021800000000439468,15,2,4,-1.0,1.0,0.0,True,,5.4e-08
40.0,-,19,10888.33588,3,0,-1.0,0.0,-1.0,81.0,10888.0304,0.30548000000089814,19,3,0,-1.0,0.0,-1.0,True,,0.00044
40.0,-,25,12444.36824,3,1,-1.0,0.0,-1.0,0.49,12444.0227,0.34554000000025553,25,3,1,-1.0,0.0,-1.0,True,,2.6e-06
40.0,-,32,13976.05374,3,2,-1.0,0.0,-1.0,0.16,13975.7139,0.3398399999987305,32,3,2,-1.0,0.0,-1.0,True,,8.6e-07
40.0,-,41,15483.22466,3,3,-1.0,0.0,-1.0,0.16,15483.0428,0.1818600000005972,41,3,3,-1.0,0.0,-1.0,True,,8.6e-07
40.0,-,51,16966.04704,3,4,-1.0,0.0,-1.0,0.09,16965.9185,0.12854000000152155,51,3,4,-1.0,0.0,-1.0,True,,4.8e-07
40.0,-,58,18424.19477,3,5,-1.0,0.0,-1.0,0.01,18424.258,-0.06323000000338652,58,3,5,-1.0,0.0,-1.0,True,,5.4e-08
40.0,-,65,19857.58434,3,6,-1.0,0.0,-1.0,0.01,19857.9593,-0.3749599999973725,65,3,6,-1.0,0.0,-1.0,True,,5.4e-08
41.0,+,13,8795.69362,4,0,0.0,1.0,1.0,121.0,8795.5741,0.11952000000019325,13,4,0,0.0,1.0,1.0,True,,0.00065
41.0,+,17,10215.71121,4,1,0.0,1.0,1.0,1.21,10215.5462,0.1650099999988015,17,4,1,0.0,1.0,1.0,True,,6.5e-06
41.0,+,22,11613.53112,4,2,0.0,1.0,1.0,1.69,11613.3994,0.13171999999940454,22,4,2,0.0,1.0,1.0,True,,9.1e-06
41.0,+,29,12989.23073,4,3,0.0,1.0,1.0,0.49,12989.1221,0.1086299999988114,29,4,3,0.0,1.0,1.0,True,,2.6e-06
41.0,+,35,14346.31639,7,0,2.0,0.0,2.0,1.0,14346.288,0.0283899999994901,35,7,0,2.0,0.0,2.0,True,,5.4e-06
41.0,+,42,15674.60581,4,5,0.0,1.0,1.0,0.09,15674.5367,0.06910999999854539,42,4,5,0.0,1.0,1.0,True,,4.8e-07
41.0,+,43,15701.81258,7,1,2.0,0.0,2.0,0.04,15701.6657,0.1468800000002375,43,7,1,2.0,0.0,2.0,True,,2.2e-07
41.0,+,49,16984.46928,4,6,0.0,1.0,1.0,0.01,16984.4575,0.011780000000726432,49,4,6,0.0,1.0,1.0,True,,5.4e-08
41.0,+,50,17034.35819,7,2,2.0,0.0,2.0,0.01,17034.1891,0.16908999999941443,50,7,2,2.0,0.0,2.0,True,,5.4e-08
41.0,+,82,22834.97008,6,0,1.0,0.0,1.0,25.0,22834.9734,-0.003319999999803258,82,6,0,1.0,0.0,1.0,True,,0.00013
41.0,+,83,22978.67357,6,0,1.0,-1.0,0.0,49.0,22978.7308,-0.05723000000216416,83,6,0,1.0,-1.0,0.0,True,,0.00026
41.0,+,84,23122.85535,6,0,1.0,1.0,2.0,36.0,23122.8498,0.005550000001676381,84,6,0,1.0,1.0,2.0,True,,0.00019
41.0,+,95,24555.1291,6,1,1.0,0.0,1.0,0.04,24556.9985,-1.8694000000032247,95,6,1,1.0,0.0,1.0,True,,2.2e-07
41.0,+,97,24697.34624,6,1,1.0,-1.0,0.0,0.16,24697.5163,-0.17006000000037602,97,6,1,1.0,-1.0,0.0,True,,8.6e-07
41.0,+,99,24839.59596,6,1,1.0,1.0,2.0,0.09,24839.5126,0.083360000000539,99,6,1,1.0,1.0,2.0,True,,4.8e-07
41.0,+,109,26235.51508,6,2,1.0,0.0,1.0,0.01,26235.9919,-0.47681999999986147,109,6,2,1.0,0.0,1.0,True,,5.4e-08
41.0,+,133,29463.3906,6,4,1.0,0.0,1.0,0.01,29463.5545,-0.16389999999955762,133,6,4,1.0,0.0,1.0,True,,5.4e-08
41.0,+,137,29599.92178,6,4,1.0,-1.0,0.0,0.01,29600.0912,-0.1694199999983539,136,6,4,1.0,-1.0,0.0,True,,5.4e-08
41.0,+,139,29736.17036,6,4,1.0,1.0,2.0,0.01,29736.0073,0.16305999999894993,138,6,4,1.0,1.0,2.0,True,,5.4e-08
41.0,-,2,3258.8757,2,0,-1.0,0.0,-1.0,361.0,3258.8678,0.0079000000000633,2,2,0,-1.0,0.0,-1.0,True,,0.0019
41.0,-,3,3390.32814,2,0,-1.0,1.0,0.0,121.0,3390.322,0.0061399999999594,3,2,0,-1.0,1.0,0.0,True,,0.00065
41.0,-,4,3527.03106,2,0,-1.0,-1.0,-2.0,361.0,3527.0285,0.0025599999999030842,4,2,0,-1.0,-1.0,-2.0,True,,0.0019
41.0,-,5,4849.66104,2,1,-1.0,0.0,-1.0,2.25,4849.6349,0.02613999999994121,5,2,1,-1.0,0.0,-1.0,True,,1.2e-05
41.0,-,7,4979.69472,2,1,-1.0,1.0,0.0,0.49,4979.6843,0.010420000000522123,7,2,1,-1.0,1.0,0.0,True,,2.6e-06
41.0,-,8,5115.07905,2,1,-1.0,-1.0,-2.0,1.96,5115.0513,0.02775000000019645,8,2,1,-1.0,-1.0,-2.0,True,,1.1e-05
41.0,-,9,6417.04473,2,2,-1.0,0.0,-1.0,2.56,6417.0035,0.041229999999814027,9,2,2,-1.0,0.0,-1.0,True,,1.4e-05
41.0,-,10,6545.63441,2,2,-1.0,1.0,0.0,0.64,6545.6228,0.011609999999564025,10,2,2,-1.0,1.0,0.0,True,,3.4e-06
41.0,-,12,6679.68603,2,2,-1.0,-1.0,-2.0,2.25,6679.6623,0.023729999999886786,12,2,2,-1.0,-1.0,-2.0,True,,1.2e-05
41.0,-,13,7960.96556,2,3,-1.0,0.0,-1.0,0.25,7960.946,0.01955999999972846,13,2,3,-1.0,0.0,-1.0,True,,1.3e-06
41.0,-,14,8088.11578,2,3,-1.0,1.0,0.0,0.64,8088.1085,0.007279999999809661,14,2,3,-1.0,1.0,0.0,True,,3.4e-06
41.0,-,15,8220.87506,2,3,-1.0,-1.0,-2.0,0.49,8220.8489,0.026159999999435968,15,2,3,-1.0,-1.0,-2.0,True,,2.6e-06
41.0,-,19,9481.53442,2,4,-1.0,0.0,-1.0,0.01,9481.5165,0.017920000000231084,19,2,4,-1.0,0.0,-1.0,True,,5.4e-08
41.0,-,20,9606.77122,2,4,-1.0,1.0,0.0,0.04,9607.1727,-0.40147999999862805,20,2,4,-1.0,1.0,0.0,True,,2.2e-07
41.0,-,26,11018.08889,3,0,-1.0,0.0,-1.0,121.0,11018.0917,-0.002809999999954016,26,3,0,-1.0,0.0,-1.0,True,,0.00065
41.0,-,34,12572.73663,3,1,-1.0,0.0,-1.0,0.81,12572.7262,0.010430000000269501,34,3,1,-1.0,0.0,-1.0,True,,4.4e-06
41.0,-,42,14102.99841,3,2,-1.0,0.0,-1.0,0.36,14102.9569,0.041510000000926084,42,3,2,-1.0,0.0,-1.0,True,,1.9e-06
41.0,-,53,15608.81741,3,3,-1.0,0.0,-1.0,0.16,15608.8719,-0.054490000000441796,53,3,3,-1.0,0.0,-1.0,True,,8.6e-07
41.0,-,63,17090.15549,3,4,-1.0,0.0,-1.0,0.36,17090.3282,-0.172709999998915,63,3,4,-1.0,0.0,-1.0,True,,1.9e-06
41.0,-,74,18546.90136,3,5,-1.0,0.0,-1.0,0.04,18547.2806,-0.37923999999839,74,3,5,-1.0,0.0,-1.0,True,,2.2e-07
41.0,-,83,19978.82434,3,6,-1.0,0.0,-1.0,0.04,19979.5101,-0.6857600000003004,83,3,6,-1.0,0.0,-1.0,True,,2.2e-07
42.0,+,1,3247.96531,1,0,0.0,0.0,0.0,361.0,3247.9708,-0.005490000000008877,1,1,0,0.0,0.0,0.0,True,,0.0019
42.0,+,6,5042.42137,1,1,0.0,0.0,0.0,82.56,5042.4219,-0.0005300000002534944,6,1,1,0.0,0.0,0.0,True,,0.00044
42.0,+,11,6807.94795,1,2,0.0,0.0,0.0,1.96,6808.1885,-0.24055000000043947,11,1,2,0.0,0.0,0.0,True,,1.1e-05
42.0,+,16,8543.36434,1,3,0.0,0.0,0.0,0.09,8544.0019,-0.6375599999992119,16,1,3,0.0,0.0,0.0,True,,4.8e-07
42.0,+,17,8795.51199,4,0,0.0,1.0,1.0,100.0,8795.6157,-0.10370999999940977,17,4,0,0.0,1.0,1.0,True,,0.00054
42.0,+,18,9045.20145,4,0,0.0,0.0,0.0,100.0,9045.1144,0.08705000000009022,18,4,0,0.0,0.0,0.0,True,,0.00054
42.0,+,22,10215.37568,4,1,0.0,1.0,1.0,1.44,10215.4994,-0.1237200000014127,22,4,1,0.0,1.0,1.0,True,,7.7e-06
42.0,+,24,10462.45211,4,1,0.0,0.0,0.0,1.21,10462.3037,0.1484099999997852,24,4,1,0.0,0.0,0.0,True,,6.5e-06
42.0,+,29,11613.32284,4,2,0.0,1.0,1.0,1.21,11613.4337,-0.11085999999886553,29,4,2,0.0,1.0,1.0,True,,6.5e-06
42.0,+,30,11857.4295,4,2,0.0,0.0,0.0,1.44,11857.3227,0.10679999999956635,30,4,2,0.0,0.0,0.0,True,,7.7e-06
42.0,+,37,12988.9997,4,3,0.0,1.0,1.0,1.21,12989.1661,-0.16640000000006694,37,4,3,0.0,1.0,1.0,True,,6.5e-06
42.0,+,38,13230.3894,4,3,0.0,0.0,0.0,1.21,13230.2826,0.10679999999956635,38,4,3,0.0,0.0,0.0,True,,6.5e-06
42.0,+,44,14342.66911,4,4,0.0,1.0,1.0,0.36,14342.8474,-0.17828999999983353,44,4,4,0.0,1.0,1.0,True,,1.9e-06
42.0,+,45,14466.70016,7,0,2.0,0.0,2.0,1.0,14466.6566,0.04356000000007043,45,7,0,2.0,0.0,2.0,True,,5.4e-06
42.0,+,46,14581.26934,4,4,0.0,0.0,0.0,0.36,14581.1699,0.09943999999995867,46,4,4,0.0,0.0,0.0,True,,1.9e-06
42.0,+,51,15674.38405,4,5,0.0,1.0,1.0,0.16,15674.5925,-0.2084500000000844,51,4,5,0.0,1.0,1.0,True,,8.6e-07
42.0,+,54,15820.75269,7,1,2.0,0.0,2.0,0.04,15820.6083,0.14438999999947555,54,7,1,2.0,0.0,2.0,True,,2.2e-07
42.0,+,55,15910.15521,4,5,0.0,0.0,0.0,0.25,15910.1209,0.03431000000091444,55,4,5,0.0,0.0,0.0,True,,1.3e-06
42.0,+,60,16984.17758,4,6,0.0,1.0,1.0,0.09,16984.5185,-0.34091999999873224,60,4,6,0.0,1.0,1.0,True,,4.8e-07
42.0,+,62,17151.89736,7,2,2.0,0.0,2.0,0.01,17151.7059,0.1914599999981874,62,7,2,2.0,0.0,2.0,True,,5.4e-08
42.0,+,63,17217.2222,4,6,0.0,0.0,0.0,0.04,17217.2534,-0.031200000001263106,63,4,6,0.0,0.0,0.0,True,,2.2e-07
42.0,+,104,22977.32013,6,0,1.0,0.0,1.0,36.0,22977.0729,0.2472300000008545,104,6,0,1.0,0.0,1.0,True,,0.00019
42.0,+,105,23121.43421,6,0,1.0,-1.0,0.0,25.0,23121.4454,-0.01119000000107917,105,6,0,1.0,-1.0,0.0,True,,0.00013
42.0,+,107,23271.52233,6,0,1.0,1.0,2.0,36.0,23271.844,-0.32167000000117696,107,6,0,1.0,1.0,2.0,True,,0.00019
42.0,+,121,24696.10513,6,1,1.0,0.0,1.0,0.09,24695.9902,0.11492999999973108,120,6,1,1.0,0.0,1.0,True,,4.8e-07
42.0,+,124,24838.3964,6,1,1.0,-1.0,0.0,0.09,24838.3455,0.050900000002002344,124,6,1,1.0,-1.0,0.0,True,,4.8e-07
42.0,+,126,24986.73144,6,1,1.0,1.0,2.0,0.09,24987.0749,-0.34346000000005006,126,6,1,1.0,1.0,2.0,True,,4.8e-07
42.0,+,170,29598.6725,6,4,1.0,0.0,1.0,0.04,29598.4469,0.22560000000157743,169,6,4,1.0,0.0,1.0,True,,2.2e-07
42.0,+,172,29734.64214,6,4,1.0,-1.0,0.0,0.01,29734.6638,-0.021659999998519197,171,6,4,1.0,-1.0,0.0,True,,5.4e-08
42.0,+,174,29867.03106,6,4,1.0,1.0,2.0,0.0,29879.1599,-12.128839999997581,174,2,20,1.0,0.0,1.0,False,*,0.0
42.0,-,1,3389.6581,2,0,-1.0,0.0,-1.0,121.0,3389.6337,0.024400000000241562,1,2,0,-1.0,0.0,-1.0,True,,0.00065
42.0,-,2,3526.32597,2,0,-1.0,1.0,0.0,324.0,3526.3297,-0.003729999999904976,2,2,0,-1.0,1.0,0.0,True,,0.0017
42.0,-,3,3664.25448,2,0,-1.0,-1.0,-2.0,196.0,3664.2482,0.0062800000000606815,3,2,0,-1.0,-1.0,-2.0,True,,0.0011
42.0,-,4,4979.00691,2,1,-1.0,0.0,-1.0,1.0,4978.9904,0.016510000000380387,4,2,1,-1.0,0.0,-1.0,True,,5.4e-06
42.0,-,5,5114.35844,2,1,-1.0,1.0,0.0,1.69,5114.3419,0.016539999999622523,5,2,1,-1.0,1.0,0.0,True,,9.1e-06
42.0,-,6,5250.79843,2,1,-1.0,-1.0,-2.0,0.81,5250.767,0.03143000000000029,6,2,1,-1.0,-1.0,-2.0,True,,4.4e-06
42.0,-,7,6544.86494,2,2,-1.0,0.0,-1.0,1.44,6544.925,-0.060059999999793945,7,2,2,-1.0,0.0,-1.0,True,,7.7e-06
42.0,-,8,6678.97455,2,2,-1.0,1.0,0.0,1.96,6678.9413,0.03324999999949796,8,2,2,-1.0,1.0,0.0,True,,1.1e-05
42.0,-,9,6813.89608,2,2,-1.0,-1.0,-2.0,1.21,6813.8435,0.052580000000489235,9,2,2,-1.0,-1.0,-2.0,True,,6.5e-06
42.0,-,10,8087.2766,2,3,-1.0,0.0,-1.0,0.49,8087.4096,-0.13299999999981083,10,2,3,-1.0,0.0,-1.0,True,,2.6e-06
42.0,-,11,8220.13078,2,3,-1.0,1.0,0.0,0.49,8220.1157,0.015079999999215943,11,2,3,-1.0,1.0,0.0,True,,2.6e-06
42.0,-,12,8353.49036,2,3,-1.0,-1.0,-2.0,0.36,8353.4626,0.027759999999034335,12,2,3,-1.0,-1.0,-2.0,True,,1.9e-06
42.0,-,14,9606.22508,2,4,-1.0,0.0,-1.0,0.04,9606.4789,-0.2538199999999051,14,2,4,-1.0,0.0,-1.0,True,,2.2e-07
42.0,-,19,11151.57626,3,0,-1.0,0.0,-1.0,64.0,11151.2344,0.3418600000004517,19,3,0,-1.0,0.0,-1.0,True,,0.00034
42.0,-,26,12704.77456,3,1,-1.0,0.0,-1.0,0.09,12704.3947,0.37985999999909836,26,3,1,-1.0,0.0,-1.0,True,,4.8e-07
42.0,-,32,14233.5952,3,2,-1.0,0.0,-1.0,0.09,14233.2117,0.3834999999999127,32,3,2,-1.0,0.0,-1.0,True,,4.8e-07
42.0,-,41,15737.96809,3,3,-1.0,0.0,-1.0,0.09,15737.678,0.2900900000004185,41,3,3,-1.0,0.0,-1.0,True,,4.8e-07
42.0,-,51,17217.79532,3,4,-1.0,0.0,-1.0,0.09,17217.68,0.11532000000079279,51,3,4,-1.0,0.0,-1.0,True,,4.8e-07
42.0,-,58,18673.07795,3,5,-1.0,0.0,-1.0,0.01,18673.1415,-0.0635500000025786,58,3,5,-1.0,0.0,-1.0,True,,5.4e-08
42.0,-,65,20103.54434,3,6,-1.0,0.0,-1.0,0.01,20103.9302,-0.38585999999850173,65,3,6,-1.0,0.0,-1.0,True,,5.4e-08
43.0,+,13,9045.26897,4,0,0.0,1.0,1.0,121.0,9045.1494,0.11956999999893014,13,4,0,0.0,1.0,1.0,True,,0.00065
43.0,+,17,10462.50364,4,1,0.0,1.0,1.0,1.21,10462.3386,0.16504000000168162,17,4,1,0.0,1.0,1.0,True,,6.5e-06
43.0,+,22,11857.53826,4,2,0.0,1.0,1.0,1.21,11857.4082,0.1300599999995029,22,4,2,0.0,1.0,1.0,True,,6.5e-06
43.0,+,29,13230.43553,4,3,0.0,1.0,1.0,1.44,13230.3486,0.08693000000130269,29,4,3,0.0,1.0,1.0,True,,7.7e-06
43.0,+,34,14581.3315,4,4,0.0,1.0,1.0,0.16,14581.2418,0.0897000000004482,34,4,4,0.0,1.0,1.0,True,,8.6e-07
43.0,+,35,14589.82861,7,0,2.0,0.0,2.0,1.0,14589.7986,0.030010000000402215,35,7,0,2.0,0.0,2.0,True,,5.4e-06
43.0,+,42,15910.23912,4,5,0.0,1.0,1.0,0.25,15910.201,0.038120000001072185,42,4,5,0.0,1.0,1.0,True,,1.3e-06
43.0,+,48,17217.2898,4,6,0.0,1.0,1.0,0.09,17217.3426,-0.05280000000129803,48,4,6,0.0,1.0,1.0,True,,4.8e-07
43.0,+,82,23120.83513,6,0,1.0,0.0,1.0,25.0,23120.8235,0.011630000000877772,82,6,0,1.0,0.0,1.0,True,,0.00013
43.0,+,83,23271.26669,6,0,1.0,-1.0,0.0,36.0,23271.3118,-0.045109999999112915,83,6,0,1.0,-1.0,0.0,True,,0.00019
43.0,+,84,23421.96946,6,0,1.0,1.0,2.0,25.0,23421.9724,-0.002939999998488929,84,6,0,1.0,1.0,2.0,True,,0.00013
43.0,+,95,24837.63619,6,1,1.0,0.0,1.0,0.09,24837.6328,0.003390000001672888,95,6,1,1.0,0.0,1.0,True,,4.8e-07
43.0,+,97,24986.32171,6,1,1.0,-1.0,0.0,0.04,24986.5389,-0.21718999999939115,97,6,1,1.0,-1.0,0.0,True,,2.2e-07
43.0,+,100,25135.09136,6,1,1.0,1.0,2.0,0.01,25135.0117,0.07965999999942142,99,6,1,1.0,1.0,2.0,True,,5.4e-08
43.0,+,134,29734.1456,6,4,1.0,0.0,1.0,0.01,29734.0883,0.05730000000039581,133,6,4,1.0,0.0,1.0,True,,5.4e-08
43.0,-,2,3524.88309,2,0,-1.0,0.0,-1.0,361.0,3524.8722,0.010890000000017608,2,2,0,-1.0,0.0,-1.0,True,,0.0019
43.0,-,3,3662.41719,2,0,-1.0,1.0,0.0,144.0,3662.4093,0.007890000000315922,3,2,0,-1.0,1.0,0.0,True,,0.00077
43.0,-,4,3805.35345,2,0,-1.0,-1.0,-2.0,361.0,3805.3533,0.00014999999984866008,4,2,0,-1.0,-1.0,-2.0,True,,0.0019
43.0,-,5,5112.90787,2,1,-1.0,0.0,-1.0,1.69,5112.8787,0.029169999999794527,5,2,1,-1.0,0.0,-1.0,True,,9.1e-06
43.0,-,7,5248.94672,2,1,-1.0,1.0,0.0,0.81,5248.9399,0.006819999999606807,7,2,1,-1.0,1.0,0.0,True,,4.4e-06
43.0,-,8,5390.50978,2,1,-1.0,-1.0,-2.0,1.96,5390.4815,0.028280000000449945,8,2,1,-1.0,-1.0,-2.0,True,,1.1e-05
43.0,-,9,6677.50921,2,2,-1.0,0.0,-1.0,1.21,6677.472,0.037210000000413856,9,2,2,-1.0,0.0,-1.0,True,,6.5e-06
43.0,-,10,6812.01148,2,2,-1.0,1.0,0.0,0.81,6812.0302,-0.018720000000030268,10,2,2,-1.0,1.0,0.0,True,,4.4e-06
43.0,-,11,6952.23341,2,2,-1.0,-1.0,-2.0,1.21,6952.1819,0.05151000000023487,11,2,2,-1.0,-1.0,-2.0,True,,6.5e-06
43.0,-,13,8218.71345,2,3,-1.0,0.0,-1.0,0.64,8218.6396,0.07384999999885622,13,2,3,-1.0,0.0,-1.0,True,,3.4e-06
43.0,-,14,8351.63714,2,3,-1.0,1.0,0.0,0.64,8351.6665,-0.029359999998632702,14,2,3,-1.0,1.0,0.0,True,,3.4e-06
43.0,-,15,8490.51091,2,3,-1.0,-1.0,-2.0,0.25,8490.4586,0.052310000000943546,15,2,3,-1.0,-1.0,-2.0,True,,1.3e-06
43.0,-,26,11287.44881,3,0,-1.0,0.0,-1.0,100.0,11287.4521,-0.003290000000561122,26,3,0,-1.0,0.0,-1.0,True,,0.00054
43.0,-,34,12839.17996,3,1,-1.0,0.0,-1.0,0.36,12839.0572,0.12276000000019849,34,3,1,-1.0,0.0,-1.0,True,,1.9e-06
43.0,-,42,14366.53265,3,2,-1.0,0.0,-1.0,0.25,14366.4722,0.06044999999903666,42,3,2,-1.0,0.0,-1.0,True,,1.3e-06
43.0,-,53,15869.41722,3,3,-1.0,0.0,-1.0,0.16,15869.4547,-0.03748000000086904,53,3,3,-1.0,0.0,-1.0,True,,8.6e-07
43.0,-,64,17347.77036,3,4,-1.0,0.0,-1.0,0.36,17347.9672,-0.19684000000052038,64,3,4,-1.0,0.0,-1.0,True,,1.9e-06
43.0,-,74,18801.74318,3,5,-1.0,0.0,-1.0,0.01,18802.0623,-0.31912000000011176,74,3,5,-1.0,0.0,-1.0,True,,5.4e-08
43.0,-,83,20230.46434,3,6,-1.0,0.0,-1.0,0.04,20231.2164,-0.7520600000025297,83,3,6,-1.0,0.0,-1.0,True,,2.2e-07
44.0,+,1,3558.47762,1,0,0.0,0.0,0.0,484.0,3558.487,-0.009379999999964639,1,1,0,0.0,0.0,0.0,True,,0.0026
44.0,+,6,5349.73929,1,1,0.0,0.0,0.0,82.56,5349.738,0.0012900000001536682,6,1,1,0.0,0.0,0.0,True,,0.00044
44.0,+,12,7111.99318,1,2,0.0,0.0,0.0,1.96,7112.2598,-0.26661999999942054,12,1,2,0.0,0.0,0.0,True,,1.1e-05
44.0,+,16,8844.09434,1,3,0.0,0.0,0.0,0.09,8844.7503,-0.6559600000000501,16,1,3,0.0,0.0,0.0,True,,4.8e-07
44.0,+,17,9045.09357,4,0,0.0,1.0,1.0,121.0,9045.1945,-0.1009299999986979,17,4,0,0.0,1.0,1.0,True,,0.00065
44.0,+,18,9306.13243,4,0,0.0,0.0,0.0,100.0,9306.0504,0.08202999999957683,18,4,0,0.0,0.0,0.0,True,,0.00054
44.0,+,22,10462.25522,4,1,0.0,1.0,1.0,1.0,10462.3432,-0.08798000000024331,22,4,1,0.0,1.0,1.0,True,,5.4e-06
44.0,+,24,10720.47058,4,1,0.0,0.0,0.0,1.0,10720.3277,0.14287999999942258,24,4,1,0.0,0.0,0.0,True,,5.4e-06
44.0,+,29,11857.32425,4,2,0.0,1.0,1.0,1.44,11857.4449,-0.12065000000075088,29,4,2,0.0,1.0,1.0,True,,7.7e-06
44.0,+,30,12112.54777,4,2,0.0,0.0,0.0,1.44,12112.4389,0.10887000000002445,30,4,2,0.0,0.0,0.0,True,,7.7e-06
44.0,+,37,13230.24674,4,3,0.0,1.0,1.0,1.21,13230.3945,-0.1477599999998347,37,4,3,0.0,1.0,1.0,True,,6.5e-06
44.0,+,38,13482.55648,4,3,0.0,0.0,0.0,1.21,13482.4739,0.08257999999841559,38,4,3,0.0,0.0,0.0,True,,6.5e-06
44.0,+,44,14581.11626,4,4,0.0,1.0,1.0,0.64,14581.2943,-0.1780399999988731,44,4,4,0.0,1.0,1.0,True,,3.4e-06
44.0,+,45,14715.7409,7,0,2.0,0.0,2.0,1.0,14715.7077,0.03319999999985157,45,7,0,2.0,0.0,2.0,True,,5.4e-06
44.0,+,46,14830.53534,4,4,0.0,0.0,0.0,0.64,14830.4476,0.08774000000084925,46,4,4,0.0,0.0,0.0,True,,3.4e-06
44.0,+,51,15910.04653,4,5,0.0,1.0,1.0,0.49,15910.2592,-0.2126700000007986,51,4,5,0.0,1.0,1.0,True,,2.6e-06
44.0,+,54,16066.86717,7,1,2.0,0.0,2.0,0.04,16066.7051,0.16207000000031258,54,7,1,2.0,0.0,2.0,True,,2.2e-07
44.0,+,55,16156.54007,4,5,0.0,0.0,0.0,0.25,16156.4863,0.05376999999862164,55,4,5,0.0,0.0,0.0,True,,1.3e-06
44.0,+,59,17217.12345,4,6,0.0,1.0,1.0,0.01,17217.4067,-0.28325000000040745,59,4,6,0.0,1.0,1.0,True,,5.4e-08
44.0,+,63,17460.69548,4,6,0.0,0.0,0.0,0.04,17460.7083,-0.012819999999919673,63,4,6,0.0,0.0,0.0,True,,2.2e-07
44.0,+,104,23269.99897,6,0,1.0,0.0,1.0,36.0,23269.6997,0.29926999999952386,104,6,0,1.0,0.0,1.0,True,,0.00019
44.0,+,105,23420.59637,6,0,1.0,-1.0,0.0,16.0,23420.6087,-0.012330000001384178,105,6,0,1.0,-1.0,0.0,True,,8.6e-05
44.0,+,107,23577.40064,6,0,1.0,1.0,2.0,36.0,23577.6937,-0.29305999999996857,107,6,0,1.0,1.0,2.0,True,,0.00019
44.0,+,121,24985.19727,6,1,1.0,0.0,1.0,0.09,24984.8958,0.30147000000215485,121,6,1,1.0,0.0,1.0,True,,4.8e-07
44.0,+,125,25133.69135,6,1,1.0,-1.0,0.0,0.01,25133.7651,-0.07374999999956344,124,6,1,1.0,-1.0,0.0,True,,5.4e-08
44.0,+,127,25288.7816,6,1,1.0,1.0,2.0,0.01,25289.2614,-0.4798000000009779,127,6,1,1.0,1.0,2.0,True,,5.4e-08
44.0,-,1,3661.81816,2,0,-1.0,0.0,-1.0,144.0,3661.7817,0.036459999999806314,1,2,0,-1.0,0.0,-1.0,True,,0.00077
44.0,-,2,3804.70571,2,0,-1.0,1.0,0.0,361.0,3804.7055,0.000210000000151922,2,2,0,-1.0,1.0,0.0,True,,0.0019
44.0,-,3,3948.69336,2,0,-1.0,-1.0,-2.0,169.0,3948.6965,-0.003139999999802967,3,2,0,-1.0,-1.0,-2.0,True,,0.00091
44.0,-,4,5248.32018,2,1,-1.0,0.0,-1.0,0.81,5248.3072,0.012979999999515712,4,2,1,-1.0,0.0,-1.0,True,,4.4e-06
44.0,-,5,5389.84561,2,1,-1.0,1.0,0.0,1.44,5389.8231,0.022510000000693253,5,2,1,-1.0,1.0,0.0,True,,7.7e-06
44.0,-,6,5532.26564,2,1,-1.0,-1.0,-2.0,0.64,5532.2493,0.01633999999921798,6,2,1,-1.0,-1.0,-2.0,True,,3.4e-06
44.0,-,7,6811.38032,2,2,-1.0,0.0,-1.0,1.21,6811.394,-0.013680000000022119,7,2,2,-1.0,0.0,-1.0,True,,6.5e-06
44.0,-,8,6951.56954,2,2,-1.0,1.0,0.0,1.44,6951.5122,0.05734000000029482,8,2,2,-1.0,1.0,0.0,True,,7.7e-06
44.0,-,9,7092.37593,2,2,-1.0,-1.0,-2.0,1.0,7092.3423,0.03362999999990279,9,2,2,-1.0,-1.0,-2.0,True,,5.4e-06
44.0,-,10,8350.96779,2,3,-1.0,0.0,-1.0,0.25,8351.03,-0.06221000000005006,10,2,3,-1.0,0.0,-1.0,True,,1.3e-06
44.0,-,11,8489.83731,2,3,-1.0,1.0,0.0,0.36,8489.7768,0.060510000001158915,11,2,3,-1.0,1.0,0.0,True,,1.9e-06
44.0,-,12,8629.03982,2,3,-1.0,-1.0,-2.0,0.25,8628.9771,0.0627199999998993,12,2,3,-1.0,-1.0,-2.0,True,,1.3e-06
44.0,-,19,11427.107,3,0,-1.0,0.0,-1.0,25.0,11426.7378,0.3691999999991822,19,3,0,-1.0,0.0,-1.0,True,,0.00013
44.0,-,26,12977.32819,3,1,-1.0,0.0,-1.0,0.25,12976.9315,0.3966899999995803,26,3,1,-1.0,0.0,-1.0,True,,1.3e-06
44.0,-,32,14503.14875,3,2,-1.0,0.0,-1.0,0.04,14502.7312,0.4175500000001193,32,3,2,-1.0,0.0,-1.0,True,,2.2e-07
44.0,-,41,16004.51136,3,3,-1.0,0.0,-1.0,0.09,16004.1951,0.31625999999960186,41,3,3,-1.0,0.0,-1.0,True,,4.8e-07
44.0,-,51,17481.31972,3,4,-1.0,0.0,-1.0,0.09,17481.1831,0.1366200000011304,51,3,4,-1.0,0.0,-1.0,True,,4.8e-07
44.0,-,58,18933.53318,3,5,-1.0,0.0,-1.0,0.01,18933.6198,-0.08662000000185799,58,3,5,-1.0,0.0,-1.0,True,,5.4e-08
44.0,-,65,20360.95434,3,6,-1.0,0.0,-1.0,0.01,20361.3586,-0.4042599999993399,65,3,6,-1.0,0.0,-1.0,True,,5.4e-08
45.0,+,13,9306.19845,4,0,0.0,1.0,1.0,64.0,9306.086,0.11245000000053551,13,4,0,0.0,1.0,1.0,True,,0.00034
45.0,+,17,10720.52254,4,1,0.0,1.0,1.0,1.21,10720.3608,0.16173999999955413,17,4,1,0.0,1.0,1.0,True,,6.5e-06
45.0,+,22,12112.64489,4,2,0.0,1.0,1.0,0.64,12112.5151,0.12978999999904772,22,4,2,0.0,1.0,1.0,True,,3.4e-06
45.0,+,29,13482.63635,4,3,0.0,1.0,1.0,1.0,13482.5416,0.09475000000020373,29,4,3,0.0,1.0,1.0,True,,5.4e-06
45.0,+,34,14830.60721,4,4,0.0,1.0,1.0,0.36,14830.5214,0.08581000000049244,34,4,4,0.0,1.0,1.0,True,,1.9e-06
45.0,+,35,14844.39795,7,0,2.0,0.0,2.0,1.0,14844.3771,0.020850000000791624,35,7,0,2.0,0.0,2.0,True,,5.4e-06
45.0,+,42,16156.62722,4,5,0.0,1.0,1.0,0.16,16156.5686,0.05861999999979162,42,4,5,0.0,1.0,1.0,True,,8.6e-07
45.0,+,43,16194.01085,7,1,2.0,0.0,2.0,0.01,16193.846,0.16485000000102445,43,7,1,2.0,0.0,2.0,True,,5.4e-08
45.0,+,48,17460.74784,4,6,0.0,1.0,1.0,0.04,17460.7998,-0.05196000000069034,48,4,6,0.0,1.0,1.0,True,,2.2e-07
45.0,+,82,23420.05612,6,0,1.0,0.0,1.0,16.0,23420.0398,0.016320000002451707,82,6,0,1.0,0.0,1.0,True,,8.6e-05
45.0,+,83,23577.19499,6,0,1.0,-1.0,0.0,36.0,23577.2066,-0.011610000001383014,83,6,0,1.0,-1.0,0.0,True,,0.00019
45.0,+,85,23734.41503,6,0,1.0,1.0,2.0,36.0,23734.4041,0.010930000000371365,85,6,0,1.0,1.0,2.0,True,,0.00019
45.0,+,96,25133.15114,6,1,1.0,0.0,1.0,0.01,25133.1485,0.0026400000024295878,95,6,1,1.0,0.0,1.0,True,,5.4e-08
45.0,+,98,25288.59057,6,1,1.0,-1.0,0.0,0.09,25288.7484,-0.1578300000001036,98,6,1,1.0,-1.0,0.0,True,,4.8e-07
45.0,+,100,25443.7527,6,1,1.0,1.0,2.0,0.04,25443.6525,0.10020000000076834,100,6,1,1.0,1.0,2.0,True,,2.2e-07
45.0,-,2,3803.32815,2,0,-1.0,0.0,-1.0,441.0,3803.3075,0.020649999999932334,2,2,0,-1.0,0.0,-1.0,True,,0.0024
45.0,-,3,3946.91135,2,0,-1.0,1.0,0.0,100.0,3946.905,0.006349999999656575,3,2,0,-1.0,1.0,0.0,True,,0.00054
45.0,-,4,4096.0656,2,0,-1.0,-1.0,-2.0,256.0,4096.0651,0.0005000000001018634,4,2,0,-1.0,-1.0,-2.0,True,,0.0014
45.0,-,5,5388.45875,2,1,-1.0,0.0,-1.0,1.96,5388.4198,0.038950000000113505,5,2,1,-1.0,0.0,-1.0,True,,1.1e-05
45.0,-,7,5530.47104,2,1,-1.0,1.0,0.0,0.49,5530.47,0.0010400000001027365,7,2,1,-1.0,1.0,0.0,True,,2.6e-06
45.0,-,8,5678.19057,2,1,-1.0,-1.0,-2.0,1.44,5678.1647,0.025869999999486026,8,2,1,-1.0,-1.0,-2.0,True,,7.7e-06
45.0,-,9,6950.16788,2,2,-1.0,0.0,-1.0,1.96,6950.1029,0.06498000000010506,9,2,2,-1.0,0.0,-1.0,True,,1.1e-05
45.0,-,10,7090.56766,2,2,-1.0,1.0,0.0,0.64,7090.5773,-0.009640000000217697,10,2,2,-1.0,1.0,0.0,True,,3.4e-06
45.0,-,11,7236.88495,2,2,-1.0,-1.0,-2.0,1.21,7236.8199,0.06504999999924621,11,2,2,-1.0,-1.0,-2.0,True,,6.5e-06
45.0,-,13,8488.43668,2,3,-1.0,0.0,-1.0,0.25,8488.361,0.07567999999992026,13,2,3,-1.0,0.0,-1.0,True,,1.3e-06
45.0,-,14,8627.20806,2,3,-1.0,1.0,0.0,0.25,8627.2298,-0.021739999998317217,14,2,3,-1.0,1.0,0.0,True,,1.3e-06
45.0,-,15,8772.08495,2,3,-1.0,-1.0,-2.0,0.01,8772.0518,0.03315000000111468,15,2,3,-1.0,-1.0,-2.0,True,,5.4e-08
45.0,-,26,11569.08695,3,0,-1.0,0.0,-1.0,144.0,11569.085,0.0019500000016705599,26,3,0,-1.0,0.0,-1.0,True,,0.00077
45.0,-,34,13117.74061,3,1,-1.0,0.0,-1.0,0.25,13117.6623,0.07831000000078348,34,3,1,-1.0,0.0,-1.0,True,,1.3e-06
45.0,-,42,14642.03813,3,2,-1.0,0.0,-1.0,0.16,14641.9823,0.05583000000115135,42,3,2,-1.0,0.0,-1.0,True,,8.6e-07
45.0,-,53,16141.85439,3,3,-1.0,0.0,-1.0,0.16,16141.8924,-0.03801000000021304,53,3,3,-1.0,0.0,-1.0,True,,8.6e-07
45.0,-,64,17617.10939,3,4,-1.0,0.0,-1.0,0.36,17617.3205,-0.21111000000018976,64,3,4,-1.0,0.0,-1.0,True,,1.9e-06
45.0,-,73,19067.71287,3,5,-1.0,0.0,-1.0,0.04,19068.1421,-0.429230000001553,73,3,5,-1.0,0.0,-1.0,True,,2.2e-07
45.0,-,83,20493.58434,3,6,-1.0,0.0,-1.0,0.04,20494.3526,-0.7682599999970989,83,3,6,-1.0,0.0,-1.0,True,,2.2e-07
46.0,+,1,3882.82223,1,0,0.0,0.0,0.0,441.0,3882.8274,-0.005169999999907304,1,1,0,0.0,0.0,0.0,True,,0.0024
46.0,+,6,5670.73268,1,1,0.0,0.0,0.0,82.25,5670.7277,0.004979999999704887,6,1,1,0.0,0.0,0.0,True,,0.00044
46.0,+,12,7429.57257,1,2,0.0,0.0,0.0,1.69,7429.8506,-0.2780299999994895,12,1,2,0.0,0.0,0.0,True,,9.1e-06
46.0,+,16,9158.13434,1,3,0.0,0.0,0.0,0.09,9158.8572,-0.7228599999998551,16,1,3,0.0,0.0,0.0,True,,4.8e-07
46.0,+,17,9306.03093,4,0,0.0,1.0,1.0,81.0,9306.1361,-0.10516999999890686,17,4,0,0.0,1.0,1.0,True,,0.00044
46.0,+,18,9578.3782,4,0,0.0,0.0,0.0,64.0,9578.2951,0.0830999999998312,18,4,0,0.0,0.0,0.0,True,,0.00034
46.0,+,22,10720.29461,4,1,0.0,1.0,1.0,1.0,10720.3793,-0.08468999999968219,22,4,1,0.0,1.0,1.0,True,,5.4e-06
46.0,+,24,10989.67976,4,1,0.0,0.0,0.0,0.81,10989.5309,0.14886000000115018,24,4,1,0.0,0.0,0.0,True,,4.4e-06
46.0,+,29,12112.44427,4,2,0.0,1.0,1.0,1.21,12112.5539,-0.10963000000083412,29,4,2,0.0,1.0,1.0,True,,6.5e-06
46.0,+,30,12378.71691,4,2,0.0,0.0,0.0,1.0,12378.5945,0.12240999999994528,30,4,2,0.0,0.0,0.0,True,,5.4e-06
46.0,+,37,13482.43713,4,3,0.0,1.0,1.0,1.0,13482.5892,-0.1520700000000943,37,4,3,0.0,1.0,1.0,True,,5.4e-06
46.0,+,38,13745.68845,4,3,0.0,0.0,0.0,1.21,13745.5788,0.10965000000032887,38,4,3,0.0,0.0,0.0,True,,6.5e-06
46.0,+,44,14830.39076,4,4,0.0,1.0,1.0,0.49,14830.576,-0.18523999999888474,44,4,4,0.0,1.0,1.0,True,,2.6e-06
46.0,+,45,14975.80176,7,0,2.0,0.0,2.0,1.0,14975.8001,0.001659999999901629,45,7,0,2.0,0.0,2.0,True,,5.4e-06
46.0,+,46,15090.61101,4,4,0.0,0.0,0.0,0.36,15090.5071,0.10390999999981432,46,4,4,0.0,0.0,0.0,True,,1.9e-06
46.0,+,51,16156.41287,4,5,0.0,1.0,1.0,0.16,16156.6292,-0.2163299999992887,51,4,5,0.0,1.0,1.0,True,,8.6e-07
46.0,+,54,16323.84126,7,1,2.0,0.0,2.0,0.01,16323.7063,0.13495999999940977,54,7,1,2.0,0.0,2.0,True,,5.4e-08
46.0,+,55,16413.55716,4,5,0.0,0.0,0.0,0.09,16413.5021,0.05505999999877531,55,4,5,0.0,0.0,0.0,True,,4.8e-07
46.0,+,59,17460.56118,4,6,0.0,1.0,1.0,0.04,17460.867,-0.305819999997766,59,4,6,0.0,1.0,1.0,True,,2.2e-07
46.0,+,104,23575.95841,6,0,1.0,0.0,1.0,36.0,23575.6423,0.3161099999997532,104,6,0,1.0,0.0,1.0,True,,0.00019
46.0,+,106,23733.07132,6,0,1.0,-1.0,0.0,25.0,23733.0823,-0.010979999999108259,106,6,0,1.0,-1.0,0.0,True,,0.00013
46.0,+,107,23898.29351,6,0,1.0,1.0,2.0,16.0,23899.9997,-1.7061900000007881,108,6,0,1.0,1.0,2.0,True,,8.6e-05
46.0,+,122,25287.40974,6,1,1.0,0.0,1.0,0.01,25287.054,0.35573999999905936,122,6,1,1.0,0.0,1.0,True,,5.4e-08
46.0,+,125,25442.50929,6,1,1.0,-1.0,0.0,0.04,25442.4107,0.0985900000014226,125,6,1,1.0,-1.0,0.0,True,,2.2e-07
46.0,+,127,25604.20704,6,1,1.0,1.0,2.0,0.09,25604.5623,-0.35526000000027125,127,6,1,1.0,1.0,2.0,True,,4.8e-07
46.0,-,1,3946.37114,2,0,-1.0,0.0,-1.0,169.0,3946.3322,0.038940000000366126,1,2,0,-1.0,0.0,-1.0,True,,0.00091
46.0,-,2,4095.46299,2,0,-1.0,1.0,0.0,361.0,4095.4643,-0.001310000000103173,2,2,0,-1.0,1.0,0.0,True,,0.0019
46.0,-,3,4245.4987,2,0,-1.0,-1.0,-2.0,121.0,4245.5026,-0.003899999999703141,3,2,0,-1.0,-1.0,-2.0,True,,0.00065
46.0,-,4,5529.9187,2,1,-1.0,0.0,-1.0,0.49,5529.8926,0.0261000000000422,4,2,1,-1.0,0.0,-1.0,True,,2.6e-06
46.0,-,5,5677.56871,2,1,-1.0,1.0,0.0,1.44,5677.5535,0.015209999999569845,5,2,1,-1.0,1.0,0.0,True,,7.7e-06
46.0,-,6,5825.97402,2,1,-1.0,-1.0,-2.0,0.36,5825.9555,0.018519999999625725,6,2,1,-1.0,-1.0,-2.0,True,,1.9e-06
46.0,-,7,7090.00005,2,2,-1.0,0.0,-1.0,1.21,7089.997,0.003049999999348074,7,2,2,-1.0,0.0,-1.0,True,,6.5e-06
46.0,-,8,7236.25314,2,2,-1.0,1.0,0.0,1.21,7236.1975,0.05563999999958469,8,2,2,-1.0,1.0,0.0,True,,6.5e-06
46.0,-,9,7382.98189,2,2,-1.0,-1.0,-2.0,1.0,7382.9304,0.051489999999830616,9,2,2,-1.0,-1.0,-2.0,True,,5.4e-06
46.0,-,10,8626.59608,2,3,-1.0,0.0,-1.0,0.25,8626.6497,-0.05362000000059197,10,2,3,-1.0,0.0,-1.0,True,,1.3e-06
46.0,-,11,8771.44042,2,3,-1.0,1.0,0.0,0.04,8771.4175,0.02292000000124972,11,2,3,-1.0,1.0,0.0,True,,2.2e-07
46.0,-,12,8916.47356,2,3,-1.0,-1.0,-2.0,0.09,8916.446,0.02756000000044878,12,2,3,-1.0,-1.0,-2.0,True,,4.8e-07
46.0,-,19,11714.85406,3,0,-1.0,0.0,-1.0,36.0,11714.4865,0.3675599999987753,19,3,0,-1.0,0.0,-1.0,True,,0.00019
46.0,-,26,13262.04016,3,1,-1.0,0.0,-1.0,0.09,13261.6196,0.4205600000004779,26,3,1,-1.0,0.0,-1.0,True,,4.8e-07
46.0,-,32,14784.68028,3,2,-1.0,0.0,-1.0,0.04,14784.2179,0.46238000000084867,32,3,2,-1.0,0.0,-1.0,True,,2.2e-07
46.0,-,41,16282.89259,3,3,-1.0,0.0,-1.0,0.09,16282.5393,0.35328999999910593,41,3,3,-1.0,0.0,-1.0,True,,4.8e-07
46.0,-,51,17756.5521,3,4,-1.0,0.0,-1.0,0.09,17756.3726,0.17950000000200816,51,3,4,-1.0,0.0,-1.0,True,,4.8e-07
46.0,-,58,19205.55257,3,5,-1.0,0.0,-1.0,0.01,19205.6437,-0.09113000000070315,58,3,5,-1.0,0.0,-1.0,True,,5.4e-08
46.0,-,65,20629.74434,3,6,-1.0,0.0,-1.0,0.01,20630.1888,-0.4444599999987986,65,3,6,-1.0,0.0,-1.0,True,,5.4e-08
47.0,+,13,9578.43152,4,0,0.0,1.0,1.0,100.0,9578.3311,0.10042000000066764,13,4,0,0.0,1.0,1.0,True,,0.00054
47.0,+,17,10989.713,4,1,0.0,1.0,1.0,1.0,10989.5599,0.15309999999954016,17,4,1,0.0,1.0,1.0,True,,5.4e-06
47.0,+,22,12378.79191,4,2,0.0,1.0,1.0,1.21,12378.6672,0.12471000000005006,22,4,2,0.0,1.0,1.0,True,,6.5e-06
47.0,+,28,13745.7413,4,3,0.0,1.0,1.0,0.49,13745.648,0.09330000000045402,28,4,3,0.0,1.0,1.0,True,,2.6e-06
47.0,+,34,15090.64902,4,4,0.0,1.0,1.0,0.81,15090.5829,0.06612000000131957,34,4,4,0.0,1.0,1.0,True,,4.4e-06
47.0,+,35,15110.00699,7,0,2.0,0.0,2.0,1.0,15109.9696,0.03738999999950465,35,7,0,2.0,0.0,2.0,True,,5.4e-06
47.0,+,41,16413.63073,4,5,0.0,1.0,1.0,0.09,16413.5864,0.04433000000062748,41,4,5,0.0,1.0,1.0,True,,4.8e-07
47.0,+,43,16456.45839,7,1,2.0,0.0,2.0,0.01,16456.2789,0.1794899999986228,43,7,1,2.0,0.0,2.0,True,,5.4e-08
47.0,+,48,17714.70042,4,6,0.0,1.0,1.0,0.04,17714.7757,-0.07527999999729218,48,4,6,0.0,1.0,1.0,True,,2.2e-07
47.0,+,82,23732.59054,6,0,1.0,0.0,1.0,25.0,23732.5656,0.02493999999933294,82,6,0,1.0,0.0,1.0,True,,0.00013
47.0,+,83,23898.31696,6,0,1.0,-1.0,0.0,16.0,23894.2138,4.103159999998752,83,6,0,1.0,-1.0,0.0,True,,8.6e-05
47.0,+,86,24060.24795,6,0,1.0,1.0,2.0,4.0,24060.5772,-0.32924999999886495,86,6,0,1.0,1.0,2.0,True,,2.2e-05
47.0,+,96,25442.02631,6,1,1.0,0.0,1.0,0.09,25441.8477,0.17861000000266358,96,6,1,1.0,0.0,1.0,True,,4.8e-07
47.0,+,98,25603.96077,6,1,1.0,-1.0,0.0,0.04,25604.0735,-0.1127299999971001,98,6,1,1.0,-1.0,0.0,True,,2.2e-07
47.0,+,100,25765.49323,6,1,1.0,1.0,2.0,0.09,25765.3729,0.1203300000015588,100,6,1,1.0,1.0,2.0,True,,4.8e-07
47.0,-,2,4094.14774,2,0,-1.0,0.0,-1.0,361.0,4094.1211,0.026640000000043074,2,2,0,-1.0,0.0,-1.0,True,,0.0019
47.0,-,3,4243.75429,2,0,-1.0,1.0,0.0,169.0,4243.7545,-0.000210000000151922,3,2,0,-1.0,1.0,0.0,True,,0.00091
47.0,-,4,4399.1145,2,0,-1.0,-1.0,-2.0,289.0,4399.1075,0.006999999999607098,4,2,0,-1.0,-1.0,-2.0,True,,0.0016
47.0,-,5,5676.2494,2,1,-1.0,0.0,-1.0,0.81,5676.2051,0.04429999999956635,5,2,1,-1.0,0.0,-1.0,True,,4.4e-06
47.0,-,6,5824.2145,2,1,-1.0,1.0,0.0,0.64,5824.22,-0.005500000000211003,6,2,1,-1.0,1.0,0.0,True,,3.4e-06
47.0,-,8,5978.07856,2,1,-1.0,-1.0,-2.0,1.44,5978.0445,0.034059999999954016,8,2,1,-1.0,-1.0,-2.0,True,,7.7e-06
47.0,-,9,7234.91193,2,2,-1.0,0.0,-1.0,1.0,7234.8433,0.06862999999975727,9,2,2,-1.0,0.0,-1.0,True,,5.4e-06
47.0,-,10,7381.217,2,2,-1.0,1.0,0.0,0.49,7381.2096,0.00739999999950669,10,2,2,-1.0,1.0,0.0,True,,2.6e-06
47.0,-,11,7533.58605,2,2,-1.0,-1.0,-2.0,0.25,7533.5196,0.06645000000025902,11,2,2,-1.0,-1.0,-2.0,True,,1.3e-06
47.0,-,13,8770.1402,2,3,-1.0,0.0,-1.0,0.04,8770.0571,0.0830999999998312,13,2,3,-1.0,0.0,-1.0,True,,2.2e-07
47.0,-,14,8914.73092,2,3,-1.0,1.0,0.0,0.25,8914.7435,-0.012580000000525615,14,2,3,-1.0,1.0,0.0,True,,1.3e-06
47.0,-,15,9065.65827,2,3,-1.0,-1.0,-2.0,0.09,9065.5719,0.08636999999907857,15,2,3,-1.0,-1.0,-2.0,True,,4.8e-07
47.0,-,26,11862.93819,3,0,-1.0,0.0,-1.0,121.0,11862.9353,0.0028900000015710248,26,3,0,-1.0,0.0,-1.0,True,,0.00065
47.0,-,34,13408.42077,3,1,-1.0,0.0,-1.0,0.16,13408.3355,0.08527000000140106,34,3,1,-1.0,0.0,-1.0,True,,8.6e-07
47.0,-,42,14929.51248,3,2,-1.0,0.0,-1.0,0.16,14929.4312,0.08127999999851454,42,3,2,-1.0,0.0,-1.0,True,,8.6e-07
47.0,-,53,16426.08193,3,3,-1.0,0.0,-1.0,0.16,16426.1287,-0.046770000000833534,53,3,3,-1.0,0.0,-1.0,True,,8.6e-07
47.0,-,64,17898.11072,3,4,-1.0,0.0,-1.0,0.25,17898.3317,-0.22097999999823514,64,3,4,-1.0,0.0,-1.0,True,,1.3e-06
47.0,-,73,19345.47422,3,5,-1.0,0.0,-1.0,0.04,19345.9368,-0.4625799999994342,73,3,5,-1.0,0.0,-1.0,True,,2.2e-07
47.0,-,83,20768.01434,3,6,-1.0,0.0,-1.0,0.01,20768.8618,-0.847459999997227,83,3,6,-1.0,0.0,-1.0,True,,5.4e-08
48.0,+,1,4220.93136,1,0,0.0,0.0,0.0,484.0,4220.9313,5.999999939376721e-05,1,1,0,0.0,0.0,0.0,True,,0.0026
48.0,+,7,6005.34013,1,1,0.0,0.0,0.0,81.96,6005.3298,0.010329999999157735,7,1,1,0.0,0.0,0.0,True,,0.00044
48.0,+,12,7760.59588,1,2,0.0,0.0,0.0,1.44,7760.8987,-0.3028199999998833,12,1,2,0.0,0.0,0.0,True,,7.7e-06
48.0,+,17,9578.2853,4,0,0.0,1.0,1.0,81.0,9578.3913,-0.10599999999976717,17,4,0,0.0,1.0,1.0,True,,0.00044
48.0,+,18,9861.87393,4,0,0.0,0.0,0.0,64.0,9861.7935,0.08042999999997846,18,4,0,0.0,0.0,0.0,True,,0.00034
48.0,+,22,10989.4991,4,1,0.0,1.0,1.0,1.0,10989.5855,-0.08639999999832071,22,4,1,0.0,1.0,1.0,True,,5.4e-06
48.0,+,24,11270.0253,4,1,0.0,0.0,0.0,1.0,11269.8617,0.1635999999998603,24,4,1,0.0,0.0,0.0,True,,5.4e-06
48.0,+,29,12378.59785,4,2,0.0,1.0,1.0,1.0,12378.7079,-0.11004999999931897,29,4,2,0.0,1.0,1.0,True,,5.4e-06
48.0,+,30,12655.8656,4,2,0.0,0.0,0.0,1.21,12655.738,0.1275999999998021,30,4,2,0.0,0.0,0.0,True,,6.5e-06
48.0,+,36,13745.54491,4,3,0.0,1.0,1.0,1.0,13745.6974,-0.15248999999857915,36,4,3,0.0,1.0,1.0,True,,5.4e-06
48.0,+,38,14019.66045,4,3,0.0,0.0,0.0,0.81,14019.5417,0.1187499999996362,38,4,3,0.0,0.0,0.0,True,,4.4e-06
48.0,+,43,15090.446,4,4,0.0,1.0,1.0,0.09,15090.6393,-0.19330000000081782,43,4,4,0.0,1.0,1.0,True,,4.8e-07
48.0,+,46,15361.37948,4,4,0.0,0.0,0.0,0.36,15361.2931,0.08637999999882595,46,4,4,0.0,0.0,0.0,True,,1.9e-06
48.0,+,51,16413.40904,4,5,0.0,1.0,1.0,0.09,16413.6494,-0.2403599999997823,51,4,5,0.0,1.0,1.0,True,,4.8e-07
48.0,+,54,16591.74078,7,1,2.0,0.0,2.0,0.01,16591.5567,0.18407999999908498,54,7,1,2.0,0.0,2.0,True,,5.4e-08
48.0,+,55,16681.18092,4,5,0.0,0.0,0.0,0.09,16681.1126,0.06831999999849359,55,4,5,0.0,0.0,0.0,True,,4.8e-07
48.0,+,59,17714.5059,4,6,0.0,1.0,1.0,0.04,17714.8467,-0.3407999999981257,59,4,6,0.0,1.0,1.0,True,,2.2e-07
48.0,+,63,17979.08675,4,6,0.0,0.0,0.0,0.04,17979.1188,-0.03205000000161817,63,4,6,0.0,0.0,0.0,True,,2.2e-07
48.0,+,104,23897.80731,6,0,1.0,0.0,1.0,9.0,23893.4011,4.4062100000010105,104,6,0,1.0,0.0,1.0,True,,4.8e-05
48.0,+,106,24058.74858,6,0,1.0,-1.0,0.0,16.0,24058.7984,-0.04982000000018161,106,6,0,1.0,-1.0,0.0,True,,8.6e-05
48.0,+,110,24229.30597,6,0,1.0,1.0,2.0,25.0,24229.7199,-0.41392999999879976,110,6,0,1.0,1.0,2.0,True,,0.00013
48.0,+,123,25602.8423,6,1,1.0,0.0,1.0,0.09,25602.5613,0.2809999999990396,123,6,1,1.0,0.0,1.0,True,,4.8e-07
48.0,+,126,25764.1989,6,1,1.0,-1.0,0.0,0.09,25764.1494,0.04950000000098953,125,6,1,1.0,-1.0,0.0,True,,4.8e-07
48.0,+,127,25932.50998,6,1,1.0,1.0,2.0,0.04,25932.911,-0.4010200000011537,127,6,1,1.0,1.0,2.0,True,,2.2e-07
48.0,-,1,4243.27355,2,0,-1.0,0.0,-1.0,169.0,4243.2315,0.04205000000001746,1,2,0,-1.0,0.0,-1.0,True,,0.00091
48.0,-,2,4398.54577,2,0,-1.0,1.0,0.0,289.0,4398.5504,-0.0046300000003611785,2,2,0,-1.0,1.0,0.0,True,,0.0016
48.0,-,3,4554.60294,2,0,-1.0,-1.0,-2.0,100.0,4554.6091,-0.006159999999908905,3,2,0,-1.0,-1.0,-2.0,True,,0.00054
48.0,-,4,5823.71067,2,1,-1.0,0.0,-1.0,0.36,5823.6927,0.017970000000786968,4,2,1,-1.0,0.0,-1.0,True,,1.9e-06
48.0,-,5,5977.49251,2,1,-1.0,1.0,0.0,1.21,5977.4771,0.015409999999974389,5,2,1,-1.0,1.0,0.0,True,,6.5e-06
48.0,-,6,6131.84951,2,1,-1.0,-1.0,-2.0,0.81,6131.828,0.02150999999958003,6,2,1,-1.0,-1.0,-2.0,True,,4.4e-06
48.0,-,7,7381.1877,2,2,-1.0,0.0,-1.0,0.36,7380.6799,0.5078000000003158,7,2,2,-1.0,0.0,-1.0,True,,1.9e-06
48.0,-,8,7532.99436,2,2,-1.0,1.0,0.0,0.36,7532.9411,0.053259999999681895,8,2,2,-1.0,1.0,0.0,True,,1.9e-06
48.0,-,9,7685.59988,2,2,-1.0,-1.0,-2.0,0.49,7685.5499,0.04997999999977765,9,2,2,-1.0,-1.0,-2.0,True,,2.6e-06
48.0,-,10,8914.1409,2,3,-1.0,0.0,-1.0,0.16,8914.2144,-0.073500000000422,10,2,3,-1.0,0.0,-1.0,True,,8.6e-07
48.0,-,11,9064.98362,2,3,-1.0,1.0,0.0,0.09,9064.9816,0.0020200000017212005,11,2,3,-1.0,1.0,0.0,True,,4.8e-07
48.0,-,12,9215.88591,2,3,-1.0,-1.0,-2.0,0.16,9215.8118,0.07411000000138301,12,2,3,-1.0,-1.0,-2.0,True,,8.6e-07
48.0,-,19,12014.86008,3,0,-1.0,0.0,-1.0,36.0,12014.4239,0.4361800000006042,19,3,0,-1.0,0.0,-1.0,True,,0.00019
48.0,-,25,13557.63567,3,1,-1.0,0.0,-1.0,0.04,13558.0681,-0.4324300000007497,25,3,1,-1.0,0.0,-1.0,True,,2.2e-07
48.0,-,32,15078.12596,3,2,-1.0,0.0,-1.0,0.04,15077.6145,0.5114599999997154,32,3,2,-1.0,0.0,-1.0,True,,2.2e-07
48.0,-,42,16573.03587,3,3,-1.0,0.0,-1.0,0.04,16572.6531,0.38277000000016415,42,3,3,-1.0,0.0,-1.0,True,,2.2e-07
48.0,-,51,18043.39067,3,4,-1.0,0.0,-1.0,0.09,18043.191,0.19967000000178814,51,3,4,-1.0,0.0,-1.0,True,,4.8e-07
48.0,-,58,19489.07588,3,5,-1.0,0.0,-1.0,0.01,19489.168,-0.0921200000011595,58,3,5,-1.0,0.0,-1.0,True,,5.4e-08
49.0,+,13,9861.92025,4,0,0.0,1.0,1.0,81.0,9861.8297,0.09054999999898428,13,4,0,0.0,1.0,1.0,True,,0.00044
49.0,+,17,11270.02918,4,1,0.0,1.0,1.0,0.81,11269.8808,0.1483799999987241,17,4,1,0.0,1.0,1.0,True,,4.4e-06
49.0,+,22,12655.92563,4,2,0.0,1.0,1.0,1.0,12655.8092,0.11643000000003667,22,4,2,0.0,1.0,1.0,True,,5.4e-06
49.0,+,28,14019.68886,4,3,0.0,1.0,1.0,0.81,14019.6124,0.07646000000022468,28,4,3,0.0,1.0,1.0,True,,4.4e-06
49.0,+,34,15361.42317,4,4,0.0,1.0,1.0,0.36,15361.3706,0.05256999999983236,34,4,4,0.0,1.0,1.0,True,,1.9e-06
49.0,+,41,16681.18663,4,5,0.0,1.0,1.0,0.16,16681.1987,-0.012070000000676373,41,4,5,0.0,1.0,1.0,True,,8.6e-07
49.0,+,43,16729.72205,7,1,2.0,0.0,2.0,0.01,16729.5324,0.1896500000002561,43,7,1,2.0,0.0,2.0,True,,5.4e-08
49.0,+,47,17979.06172,4,6,0.0,1.0,1.0,0.04,17979.2145,-0.1527799999967101,47,4,6,0.0,1.0,1.0,True,,2.2e-07
49.0,+,82,24058.31729,6,0,1.0,0.0,1.0,16.0,24058.3412,-0.023909999999887077,82,6,0,1.0,0.0,1.0,True,,8.6e-05
49.0,+,84,24228.98756,6,0,1.0,-1.0,0.0,36.0,24229.0305,-0.042939999999362044,84,6,0,1.0,-1.0,0.0,True,,0.00019
49.0,+,87,24399.03094,6,0,1.0,1.0,2.0,36.0,24399.0562,-0.025259999998525018,87,6,0,1.0,1.0,2.0,True,,0.00019
49.0,+,97,25763.70144,6,1,1.0,0.0,1.0,0.09,25763.6323,0.06913999999960652,96,6,1,1.0,0.0,1.0,True,,4.8e-07
49.0,+,99,25932.39022,6,1,1.0,-1.0,0.0,0.09,25932.4464,-0.05617999999958556,99,6,1,1.0,-1.0,0.0,True,,4.8e-07
49.0,+,100,26100.25638,6,1,1.0,1.0,2.0,0.09,26100.1083,0.14807999999902677,100,6,1,1.0,1.0,2.0,True,,4.8e-07
49.0,-,2,4397.28635,2,0,-1.0,0.0,-1.0,256.0,4397.2576,0.028750000000400178,2,2,0,-1.0,0.0,-1.0,True,,0.0014
49.0,-,3,4552.89754,2,0,-1.0,1.0,0.0,144.0,4552.9008,-0.003260000000409491,3,2,0,-1.0,1.0,0.0,True,,0.00077
49.0,-,4,4714.43398,2,0,-1.0,-1.0,-2.0,169.0,4714.4219,0.012079999999514257,4,2,0,-1.0,-1.0,-2.0,True,,0.00091
49.0,-,5,5976.24223,2,1,-1.0,0.0,-1.0,1.0,5976.1792,0.0630300000002535,5,2,1,-1.0,0.0,-1.0,True,,5.4e-06
49.0,-,6,6130.11971,2,1,-1.0,1.0,0.0,0.36,6130.1326,-0.012889999999970314,6,2,1,-1.0,1.0,0.0,True,,1.9e-06
49.0,-,8,6290.10108,2,1,-1.0,-1.0,-2.0,0.64,6290.062,0.03908000000046741,8,2,1,-1.0,-1.0,-2.0,True,,3.4e-06
49.0,-,9,7531.72226,2,2,-1.0,0.0,-1.0,0.36,7531.6376,0.08465999999953056,9,2,2,-1.0,0.0,-1.0,True,,1.9e-06
49.0,-,10,7683.86309,2,2,-1.0,1.0,0.0,0.25,7683.8697,-0.00661000000036438,10,2,2,-1.0,1.0,0.0,True,,1.3e-06
49.0,-,11,7842.29874,2,2,-1.0,-1.0,-2.0,0.64,7842.2221,0.07664000000022497,11,2,2,-1.0,-1.0,-2.0,True,,3.4e-06
49.0,-,13,9063.81177,2,3,-1.0,0.0,-1.0,0.09,9063.6721,0.13967000000047847,13,2,3,-1.0,0.0,-1.0,True,,4.8e-07
49.0,-,14,9214.08731,2,3,-1.0,1.0,0.0,0.25,9214.1502,-0.06288999999924272,14,2,3,-1.0,1.0,0.0,True,,1.3e-06
49.0,-,15,9370.95623,2,3,-1.0,-1.0,-2.0,0.04,9370.9595,-0.0032700000010663643,15,2,3,-1.0,-1.0,-2.0,True,,2.2e-07
49.0,-,26,12168.95185,3,0,-1.0,0.0,-1.0,121.0,12168.9449,0.006949999999051215,26,3,0,-1.0,0.0,-1.0,True,,0.00065
49.0,-,34,13711.10688,3,1,-1.0,0.0,-1.0,0.09,13711.0226,0.08427999999912572,34,3,1,-1.0,0.0,-1.0,True,,4.8e-07
49.0,-,43,15228.85173,3,2,-1.0,0.0,-1.0,0.16,15228.7608,0.0909300000002986,43,3,2,-1.0,0.0,-1.0,True,,8.6e-07
49.0,-,53,16722.06576,3,3,-1.0,0.0,-1.0,0.16,16722.1051,-0.03933999999935622,53,3,3,-1.0,0.0,-1.0,True,,8.6e-07
49.0,-,64,18190.70469,3,4,-1.0,0.0,-1.0,0.25,18190.9419,-0.23721000000296044,64,3,4,-1.0,0.0,-1.0,True,,1.3e-06
49.0,-,73,19634.65566,3,5,-1.0,0.0,-1.0,0.04,19635.1694,-0.5137399999985064,73,3,5,-1.0,0.0,-1.0,True,,2.2e-07
50.0,+,2,4572.73734,1,0,0.0,0.0,0.0,400.0,4572.7354,0.0019400000001041917,2,1,0,0.0,0.0,0.0,True,,0.0022
50.0,+,7,6353.49501,1,1,0.0,0.0,0.0,81.96,6353.4804,0.01460999999926571,7,1,1,0.0,0.0,0.0,True,,0.00044
50.0,+,12,8105.01545,1,2,0.0,0.0,0.0,0.64,8105.3396,-0.32415000000037253,12,1,2,0.0,0.0,0.0,True,,3.4e-06
50.0,+,17,9861.83591,4,0,0.0,1.0,1.0,81.0,9861.9296,-0.09368999999969674,17,4,0,0.0,1.0,1.0,True,,0.00044
50.0,+,18,10156.56574,4,0,0.0,0.0,0.0,36.0,10156.4883,0.07743999999911466,18,4,0,0.0,0.0,0.0,True,,0.00019
50.0,+,22,11269.81967,4,1,0.0,1.0,1.0,0.81,11269.9109,-0.09122999999999593,22,4,1,0.0,1.0,1.0,True,,4.4e-06
50.0,+,24,11561.4601,4,1,0.0,0.0,0.0,1.0,11561.28,0.18009999999958382,24,4,1,0.0,0.0,0.0,True,,5.4e-06
50.0,+,29,12655.74221,4,2,0.0,1.0,1.0,0.81,12655.8517,-0.10948999999891385,29,4,2,0.0,1.0,1.0,True,,4.4e-06
50.0,+,30,12943.95402,4,2,0.0,0.0,0.0,1.0,12943.8129,0.14111999999840918,30,4,2,0.0,0.0,0.0,True,,5.4e-06
50.0,+,36,14019.51672,4,3,0.0,1.0,1.0,0.64,14019.6635,-0.1467800000009447,36,4,3,0.0,1.0,1.0,True,,3.4e-06
50.0,+,38,14304.4259,4,3,0.0,0.0,0.0,0.49,14304.3052,0.12069999999948777,38,4,3,0.0,0.0,0.0,True,,2.6e-06
50.0,+,42,15361.23769,4,4,0.0,1.0,1.0,0.36,15361.4289,-0.19121000000086497,42,4,4,0.0,1.0,1.0,True,,1.9e-06
50.0,+,46,15642.83128,4,4,0.0,0.0,0.0,0.16,15642.7476,0.08367999999973108,46,4,4,0.0,0.0,0.0,True,,8.6e-07
50.0,+,51,16681.02213,4,5,0.0,1.0,1.0,0.16,16681.2641,-0.24196999999912805,51,4,5,0.0,1.0,1.0,True,,8.6e-07
50.0,+,53,16870.40837,7,1,2.0,0.0,2.0,0.01,16870.1986,0.2097700000012992,53,7,1,2.0,0.0,2.0,True,,5.4e-08
50.0,+,55,16959.28066,4,5,0.0,0.0,0.0,0.09,16959.2598,0.020860000000539003,55,4,5,0.0,0.0,0.0,True,,4.8e-07
50.0,+,58,17978.95247,4,6,0.0,1.0,1.0,0.04,17979.2916,-0.3391300000002957,58,4,6,0.0,1.0,1.0,True,,2.2e-07
50.0,+,105,24227.87657,6,0,1.0,0.0,1.0,36.0,24227.5476,0.3289699999986624,105,6,0,1.0,0.0,1.0,True,,0.00019
50.0,+,106,24397.69067,6,0,1.0,-1.0,0.0,25.0,24397.6314,0.05927000000156113,106,6,0,1.0,-1.0,0.0,True,,0.00013
50.0,+,111,24574.74731,6,0,1.0,1.0,2.0,25.0,24575.1384,-0.39109000000098604,111,6,0,1.0,1.0,2.0,True,,0.00013
50.0,+,124,25931.30529,6,1,1.0,0.0,1.0,0.09,25930.9291,0.3761899999990419,124,6,1,1.0,0.0,1.0,True,,4.8e-07
50.0,+,126,26098.98224,6,1,1.0,-1.0,0.0,0.09,26098.9066,0.07564000000274973,126,6,1,1.0,-1.0,0.0,True,,4.8e-07
50.0,+,127,26273.88632,6,1,1.0,1.0,2.0,0.04,26274.2385,-0.35217999999804306,127,6,1,1.0,1.0,2.0,True,,2.2e-07
50.0,-,1,4552.46626,2,0,-1.0,0.0,-1.0,81.0,4552.4232,0.04305999999996857,1,2,0,-1.0,0.0,-1.0,True,,0.00044
50.0,-,2,4713.89925,2,0,-1.0,1.0,0.0,256.0,4713.9054,-0.0061499999992520316,2,2,0,-1.0,1.0,0.0,True,,0.0014
50.0,-,3,4875.94794,2,0,-1.0,-1.0,-2.0,169.0,4875.9563,-0.008359999999811407,3,2,0,-1.0,-1.0,-2.0,True,,0.00091
50.0,-,4,6129.67863,2,1,-1.0,0.0,-1.0,0.49,6129.6511,0.02753000000029715,4,2,1,-1.0,0.0,-1.0,True,,2.6e-06
50.0,-,5,6289.54873,2,1,-1.0,1.0,0.0,0.81,6289.5353,0.013430000000880682,5,2,1,-1.0,1.0,0.0,True,,4.4e-06
50.0,-,6,6449.8218,2,1,-1.0,-1.0,-2.0,0.49,6449.8069,0.014900000000125146,6,2,1,-1.0,-1.0,-2.0,True,,2.6e-06
50.0,-,7,7683.40545,2,2,-1.0,0.0,-1.0,0.49,7683.3861,0.019350000000486034,7,2,2,-1.0,0.0,-1.0,True,,2.6e-06
50.0,-,8,7841.73596,2,2,-1.0,1.0,0.0,0.49,7841.6844,0.051559999999881256,8,2,2,-1.0,1.0,0.0,True,,2.6e-06
50.0,-,9,8000.19082,2,2,-1.0,-1.0,-2.0,0.64,8000.141,0.04982000000018161,9,2,2,-1.0,-1.0,-2.0,True,,3.4e-06
50.0,-,10,9213.63027,2,3,-1.0,0.0,-1.0,0.25,9213.6676,-0.03733000000102038,10,2,3,-1.0,0.0,-1.0,True,,1.3e-06
50.0,-,11,9370.25982,2,3,-1.0,1.0,0.0,0.01,9370.4101,-0.15027999999983876,11,2,3,-1.0,1.0,0.0,True,,5.4e-08
50.0,-,12,9527.05361,2,3,-1.0,-1.0,-2.0,0.04,9527.0141,0.03951000000051863,12,2,3,-1.0,-1.0,-2.0,True,,2.2e-07
50.0,-,19,12326.96887,3,0,-1.0,0.0,-1.0,25.0,12326.4908,0.4780700000010256,19,3,0,-1.0,0.0,-1.0,True,,0.00013
50.0,-,25,13867.36594,3,1,-1.0,0.0,-1.0,0.09,13866.8306,0.5353400000003603,25,3,1,-1.0,0.0,-1.0,True,,4.8e-07
50.0,-,32,15383.41927,3,2,-1.0,0.0,-1.0,0.04,15382.8618,0.5574699999997392,32,3,2,-1.0,0.0,-1.0,True,,2.2e-07
50.0,-,43,16874.88628,3,3,-1.0,0.0,-1.0,0.04,16874.4769,0.4093799999973271,43,3,3,-1.0,0.0,-1.0,True,,2.2e-07
50.0,-,51,18341.78711,3,4,-1.0,0.0,-1.0,0.09,18341.5789,0.20821000000069034,51,3,4,-1.0,0.0,-1.0,True,,4.8e-07
50.0,-,57,19783.95545,3,5,-1.0,0.0,-1.0,0.01,19784.0196,-0.06414999999833526,57,3,5,-1.0,0.0,-1.0,True,,5.4e-08
51.0,+,13,10156.60482,4,0,0.0,1.0,1.0,49.0,10156.5244,0.08042000000023108,13,4,0,0.0,1.0,1.0,True,,0.00026
51.0,+,17,11561.41827,4,1,0.0,1.0,1.0,0.64,11561.2662,0.1520700000000943,17,4,1,0.0,1.0,1.0,True,,3.4e-06
51.0,+,22,12944.00424,4,2,0.0,1.0,1.0,1.21,12943.8835,0.12074000000029628,22,4,2,0.0,1.0,1.0,True,,6.5e-06
51.0,+,28,14304.46351,4,3,0.0,1.0,1.0,0.81,14304.3773,0.08620999999948253,28,4,3,0.0,1.0,1.0,True,,4.4e-06
51.0,+,34,15642.85858,4,4,0.0,1.0,1.0,0.25,15642.8268,0.031779999999344,34,4,4,0.0,1.0,1.0,True,,1.3e-06
51.0,+,40,16959.3375,4,5,0.0,1.0,1.0,0.09,16959.3478,-0.01029999999809661,40,4,5,0.0,1.0,1.0,True,,4.8e-07
51.0,+,47,18253.90935,4,6,0.0,1.0,1.0,0.01,18254.0584,-0.14904999999998836,47,4,6,0.0,1.0,1.0,True,,5.4e-08
51.0,+,82,24397.43329,6,0,1.0,0.0,1.0,16.0,24397.3029,0.13039000000208034,82,6,0,1.0,0.0,1.0,True,,8.6e-05
51.0,+,85,24575.12502,6,0,1.0,1.0,2.0,36.0,24576.1835,-1.0584799999996903,85,6,0,1.0,-1.0,0.0,False,,0.00019
51.0,+,87,24751.05694,6,0,1.0,-1.0,0.0,16.0,24751.0728,-0.015860000003158348,87,6,0,1.0,1.0,2.0,False,,8.6e-05
51.0,+,97,26098.66428,6,1,1.0,0.0,1.0,0.04,26098.4309,0.23338000000148895,97,6,1,1.0,0.0,1.0,True,,2.2e-07
51.0,+,99,26273.81102,6,1,1.0,-1.0,0.0,0.09,26273.7974,0.013620000001537846,99,6,1,1.0,-1.0,0.0,True,,4.8e-07
51.0,+,100,26447.96015,6,1,1.0,1.0,2.0,0.04,26447.7912,0.16894999999931315,100,6,1,1.0,1.0,2.0,True,,2.2e-07
51.0,-,1,4712.68689,2,0,-1.0,0.0,-1.0,289.0,4712.6591,0.02779000000009546,1,2,0,-1.0,0.0,-1.0,True,,0.0016
51.0,-,3,4874.27564,2,0,-1.0,1.0,0.0,169.0,4874.2847,-0.009060000000317814,3,2,0,-1.0,1.0,0.0,True,,0.00091
51.0,-,4,5041.96332,2,0,-1.0,-1.0,-2.0,196.0,5041.9471,0.01621999999952095,4,2,0,-1.0,-1.0,-2.0,True,,0.0011
51.0,-,5,6288.34975,2,1,-1.0,0.0,-1.0,0.81,6288.2841,0.06565000000045984,5,2,1,-1.0,0.0,-1.0,True,,4.4e-06
51.0,-,6,6448.13259,2,1,-1.0,1.0,0.0,0.81,6448.1486,-0.016010000000278524,6,2,1,-1.0,1.0,0.0,True,,4.4e-06
51.0,-,8,6614.21245,2,1,-1.0,-1.0,-2.0,0.64,6614.156,0.056450000000040745,8,2,1,-1.0,-1.0,-2.0,True,,3.4e-06
51.0,-,9,7840.54272,2,2,-1.0,0.0,-1.0,0.36,7840.4278,0.1149199999999837,9,2,2,-1.0,0.0,-1.0,True,,1.9e-06
51.0,-,10,7998.50453,2,2,-1.0,1.0,0.0,0.49,7998.4982,0.006330000000161817,10,2,2,-1.0,1.0,0.0,True,,2.6e-06
51.0,-,11,8162.95668,2,2,-1.0,-1.0,-2.0,0.25,8162.866,0.09068000000024767,11,2,2,-1.0,-1.0,-2.0,True,,1.3e-06
51.0,-,13,9369.3311,2,3,-1.0,0.0,-1.0,0.04,9369.1477,0.18339999999989232,13,2,3,-1.0,0.0,-1.0,True,,2.2e-07
51.0,-,14,9525.34315,2,3,-1.0,1.0,0.0,0.09,9525.3902,-0.04704999999921711,14,2,3,-1.0,1.0,0.0,True,,4.8e-07
51.0,-,15,9688.20632,2,3,-1.0,-1.0,-2.0,0.01,9688.1533,0.05301999999937834,15,2,3,-1.0,-1.0,-2.0,True,,5.4e-08
51.0,-,26,12487.06481,3,0,-1.0,0.0,-1.0,49.0,12487.0538,0.011010000000169384,26,3,0,-1.0,0.0,-1.0,True,,0.00026
51.0,-,34,14025.75465,3,1,-1.0,0.0,-1.0,0.09,14025.6664,0.08825000000069849,34,3,1,-1.0,0.0,-1.0,True,,4.8e-07
51.0,-,43,15540.01699,3,2,-1.0,0.0,-1.0,0.16,15539.9103,0.1066900000005262,43,3,2,-1.0,0.0,-1.0,True,,8.6e-07
51.0,-,54,17029.71946,3,3,-1.0,0.0,-1.0,0.16,17029.7606,-0.04114000000117812,54,3,3,-1.0,0.0,-1.0,True,,8.6e-07
51.0,-,64,18494.82596,3,4,-1.0,0.0,-1.0,0.25,18495.0899,-0.2639400000007299,64,3,4,-1.0,0.0,-1.0,True,,1.3e-06
52.0,+,2,4938.17798,1,0,0.0,0.0,0.0,400.0,4938.1737,0.004280000000107975,2,1,0,0.0,0.0,0.0,True,,0.0022
52.0,+,7,6715.12707,1,1,0.0,0.0,0.0,81.69,6715.113,0.014069999999264837,7,1,1,0.0,0.0,0.0,True,,0.00044
52.0,+,16,10156.37396,4,0,0.0,1.0,1.0,64.0,10156.4726,-0.0986399999983405,16,4,0,0.0,1.0,1.0,True,,0.00034
52.0,+,18,10462.38845,4,0,0.0,0.0,0.0,64.0,10462.3199,0.06854999999995925,18,4,0,0.0,0.0,0.0,True,,0.00034
52.0,+,22,11561.20565,4,1,0.0,1.0,1.0,1.0,11561.2995,-0.09384999999929278,22,4,1,0.0,1.0,1.0,True,,5.4e-06
52.0,+,23,11862.70567,4,1,0.0,0.0,0.0,0.04,11862.7719,-0.06623000000035972,23,4,1,0.0,0.0,0.0,True,,2.2e-07
52.0,+,29,12943.80701,4,2,0.0,1.0,1.0,0.49,12943.9277,-0.1206899999997404,29,4,2,0.0,1.0,1.0,True,,2.6e-06
52.0,+,30,13242.91976,4,2,0.0,0.0,0.0,0.64,13242.7598,0.15996000000086497,30,4,2,0.0,0.0,0.0,True,,3.4e-06
52.0,+,36,14304.26845,4,3,0.0,1.0,1.0,0.81,14304.4298,-0.1613500000003114,36,4,3,0.0,1.0,1.0,True,,4.4e-06
52.0,+,38,14599.9506,4,3,0.0,0.0,0.0,0.64,14599.809,0.14160000000083528,38,4,3,0.0,0.0,0.0,True,,3.4e-06
52.0,+,42,15642.68761,4,4,0.0,1.0,1.0,0.25,15642.8869,-0.19928999999865482,42,4,4,0.0,1.0,1.0,True,,1.3e-06
52.0,+,46,15934.92915,4,4,0.0,0.0,0.0,0.25,15934.8106,0.11854999999923166,46,4,4,0.0,0.0,0.0,True,,1.3e-06
52.0,+,50,16959.14537,4,5,0.0,1.0,1.0,0.16,16959.4157,-0.270330000003014,50,4,5,0.0,1.0,1.0,True,,8.6e-07
52.0,+,55,17247.92808,4,5,0.0,0.0,0.0,0.04,17247.8836,0.04448000000047614,55,4,5,0.0,0.0,0.0,True,,2.2e-07
52.0,+,58,18253.79123,4,6,0.0,1.0,1.0,0.01,18254.1613,-0.370070000000851,58,4,6,0.0,1.0,1.0,True,,5.4e-08
52.0,+,63,18539.05665,4,6,0.0,0.0,0.0,0.01,18539.1475,-0.09085000000050059,63,4,6,0.0,0.0,0.0,True,,5.4e-08
52.0,+,105,24573.50416,6,0,1.0,0.0,1.0,36.0,24573.1429,0.3612600000014936,105,6,0,1.0,0.0,1.0,True,,0.00019
52.0,+,108,24749.79514,6,0,1.0,-1.0,0.0,25.0,24749.8976,-0.1024600000018836,108,6,0,1.0,-1.0,0.0,True,,0.00013
52.0,+,113,24933.39819,6,0,1.0,1.0,2.0,9.0,24933.7968,-0.39861000000018976,113,6,0,1.0,1.0,2.0,True,,4.8e-05
52.0,+,124,26272.77589,6,1,1.0,0.0,1.0,0.04,26272.3024,0.47349000000031083,124,6,1,1.0,0.0,1.0,True,,2.2e-07
52.0,+,126,26446.72312,6,1,1.0,-1.0,0.0,0.09,26446.6123,0.11081999999805703,126,6,1,1.0,-1.0,0.0,True,,4.8e-07
52.0,+,127,26628.11442,6,1,1.0,1.0,2.0,0.04,26628.4711,-0.35667999999714084,127,6,1,1.0,1.0,2.0,True,,2.2e-07
52.0,-,1,4874.01829,2,0,-1.0,0.0,-1.0,121.0,4873.8485,0.16978999999992084,1,2,0,-1.0,0.0,-1.0,True,,0.00065
52.0,-,2,5041.46879,2,0,-1.0,1.0,0.0,289.0,5041.4685,0.0002899999999499414,2,2,0,-1.0,1.0,0.0,True,,0.0016
52.0,-,3,5209.46515,2,0,-1.0,-1.0,-2.0,81.0,5209.4823,-0.017149999999674037,3,2,0,-1.0,-1.0,-2.0,True,,0.00044
52.0,-,4,6447.72942,2,1,-1.0,0.0,-1.0,0.49,6447.7087,0.020719999999528227,4,2,1,-1.0,0.0,-1.0,True,,2.6e-06
52.0,-,5,6613.69967,2,1,-1.0,1.0,0.0,0.81,6613.6672,0.03247000000010303,5,2,1,-1.0,1.0,0.0,True,,4.4e-06
52.0,-,6,6779.85878,2,1,-1.0,-1.0,-2.0,0.36,6779.8302,0.02857999999923777,6,2,1,-1.0,-1.0,-2.0,True,,1.9e-06
52.0,-,7,7998.08038,2,2,-1.0,0.0,-1.0,0.64,7998.0565,0.02388000000064494,7,2,2,-1.0,0.0,-1.0,True,,3.4e-06
52.0,-,8,8162.41357,2,2,-1.0,1.0,0.0,0.49,8162.3663,0.0472700000000259,8,2,2,-1.0,1.0,0.0,True,,2.6e-06
52.0,-,9,8326.71517,2,2,-1.0,-1.0,-2.0,0.36,8326.6415,0.07366999999976542,9,2,2,-1.0,-1.0,-2.0,True,,1.9e-06
52.0,-,10,9524.90373,2,3,-1.0,0.0,-1.0,0.16,9524.9499,-0.046169999999619904,10,2,3,-1.0,0.0,-1.0,True,,8.6e-07
52.0,-,11,9687.65102,2,3,-1.0,1.0,0.0,0.01,9687.6421,0.008920000000216532,11,2,3,-1.0,1.0,0.0,True,,5.4e-08
52.0,-,12,9850.03015,2,3,-1.0,-1.0,-2.0,0.04,9849.9907,0.03945000000021537,12,2,3,-1.0,-1.0,-2.0,True,,2.2e-07
52.0,-,19,12651.13871,3,0,-1.0,0.0,-1.0,9.0,12650.6258,0.5129099999994651,19,3,0,-1.0,0.0,-1.0,True,,4.8e-05
52.0,-,25,14188.03758,3,1,-1.0,0.0,-1.0,0.01,14187.443,0.5945800000008603,25,3,1,-1.0,0.0,-1.0,True,,5.4e-08
52.0,-,32,15700.50573,3,2,-1.0,0.0,-1.0,0.04,15699.8976,0.6081300000005285,32,3,2,-1.0,0.0,-1.0,True,,2.2e-07
52.0,-,43,17188.39853,3,3,-1.0,0.0,-1.0,0.04,17187.9483,0.4502299999985553,43,3,3,-1.0,0.0,-1.0,True,,2.2e-07
53.0,+,13,10462.43143,4,0,0.0,1.0,1.0,64.0,10462.3555,0.07593000000088068,13,4,0,0.0,1.0,1.0,True,,0.00034
53.0,+,17,11863.79947,4,1,0.0,1.0,1.0,0.64,11863.656,0.14346999999906984,17,4,1,0.0,1.0,1.0,True,,3.4e-06
53.0,+,22,13242.95166,4,2,0.0,1.0,1.0,1.0,13242.8303,0.12136000000100466,22,4,2,0.0,1.0,1.0,True,,5.4e-06
53.0,+,28,14599.97017,4,3,0.0,1.0,1.0,1.0,14599.8824,0.08777000000009139,28,4,3,0.0,1.0,1.0,True,,5.4e-06
53.0,+,34,15934.92872,4,4,0.0,1.0,1.0,0.25,15934.8913,0.03742000000056578,34,4,4,0.0,1.0,1.0,True,,1.3e-06
53.0,+,40,17247.91727,4,5,0.0,1.0,1.0,0.01,17247.9733,-0.0560299999997369,40,4,5,0.0,1.0,1.0,True,,5.4e-08
53.0,+,47,18539.14972,4,6,0.0,1.0,1.0,0.01,18539.2467,-0.09697999999843887,47,4,6,0.0,1.0,1.0,True,,5.4e-08
53.0,+,83,24749.3878,6,0,1.0,0.0,1.0,16.0,24749.3799,0.007900000000518048,83,6,0,1.0,0.0,1.0,True,,8.6e-05
53.0,+,86,24933.48784,6,0,1.0,-1.0,0.0,4.0,24933.4337,0.05414000000018859,86,6,0,1.0,-1.0,0.0,True,,2.2e-05
53.0,+,88,25116.13747,6,0,1.0,1.0,2.0,16.0,25116.1596,-0.022129999997559935,88,6,0,1.0,1.0,2.0,True,,8.6e-05
53.0,+,97,26446.50029,6,1,1.0,0.0,1.0,0.04,26446.1746,0.3256900000014866,97,6,1,1.0,0.0,1.0,True,,2.2e-07
53.0,+,99,26628.15679,6,1,1.0,-1.0,0.0,0.0,26628.0531,0.10368999999991502,99,6,1,1.0,-1.0,0.0,True,,0.0
53.0,-,1,5040.23243,2,0,-1.0,0.0,-1.0,169.0,5040.2654,-0.03297000000020489,1,2,0,-1.0,0.0,-1.0,True,,0.00091
53.0,-,3,5207.83659,2,0,-1.0,1.0,0.0,81.0,5207.8444,-0.007810000000063155,3,2,0,-1.0,1.0,0.0,True,,0.00044
53.0,-,4,5381.63217,2,0,-1.0,-1.0,-2.0,121.0,5381.6199,0.012270000000171422,4,2,0,-1.0,-1.0,-2.0,True,,0.00065
53.0,-,5,6612.51761,2,1,-1.0,0.0,-1.0,1.0,6612.4593,0.05830999999943742,5,2,1,-1.0,0.0,-1.0,True,,5.4e-06
53.0,-,6,6778.188,2,1,-1.0,1.0,0.0,0.49,6778.206,-0.018000000000029104,6,2,1,-1.0,1.0,0.0,True,,2.6e-06
53.0,-,8,6950.33584,2,1,-1.0,-1.0,-2.0,0.49,6950.263,0.07283999999981461,8,2,1,-1.0,-1.0,-2.0,True,,2.6e-06
53.0,-,9,8161.26921,2,2,-1.0,0.0,-1.0,0.49,8161.1531,0.1161099999999351,9,2,2,-1.0,0.0,-1.0,True,,2.6e-06
53.0,-,10,8325.03097,2,2,-1.0,1.0,0.0,0.36,8325.033,-0.00202999999964959,10,2,2,-1.0,1.0,0.0,True,,1.9e-06
53.0,-,11,8495.51903,2,2,-1.0,-1.0,-2.0,0.09,8495.3876,0.1314299999994546,11,2,2,-1.0,-1.0,-2.0,True,,4.8e-07
53.0,-,13,9686.61589,2,3,-1.0,0.0,-1.0,0.01,9686.4233,0.19258999999874504,13,2,3,-1.0,0.0,-1.0,True,,5.4e-08
53.0,-,14,9848.42312,2,3,-1.0,1.0,0.0,0.04,9848.4014,0.02171999999882246,14,2,3,-1.0,1.0,0.0,True,,2.2e-07
53.0,-,15,10017.10407,2,3,-1.0,-1.0,-2.0,0.04,10017.0894,0.014669999998659478,15,2,3,-1.0,-1.0,-2.0,True,,2.2e-07
53.0,-,26,12817.21139,3,0,-1.0,0.0,-1.0,49.0,12817.199,0.01238999999986845,26,3,0,-1.0,0.0,-1.0,True,,0.00026
53.0,-,34,14352.29842,3,1,-1.0,0.0,-1.0,0.04,14352.2056,0.09281999999984691,34,3,1,-1.0,0.0,-1.0,True,,2.2e-07
53.0,-,43,15862.92239,3,2,-1.0,0.0,-1.0,0.16,15862.8165,0.10588999999890802,43,3,2,-1.0,0.0,-1.0,True,,8.6e-07
53.0,-,54,17348.9925,3,3,-1.0,0.0,-1.0,0.16,17349.0317,-0.03919999999925494,54,3,3,-1.0,0.0,-1.0,True,,8.6e-07
53.0,-,64,18810.42574,3,4,-1.0,0.0,-1.0,0.16,18810.7121,-0.2863600000018778,64,3,4,-1.0,0.0,-1.0,True,,8.6e-07
54.0,+,2,5317.18142,1,0,0.0,0.0,0.0,361.0,5317.1776,0.0038199999999051215,2,1,0,0.0,0.0,0.0,True,,0.0019
54.0,+,7,7090.16708,1,1,0.0,0.0,0.0,81.96,7090.1586,0.008480000000417931,7,1,1,0.0,0.0,0.0,True,,0.00044
54.0,+,16,10462.12593,4,0,0.0,1.0,1.0,49.0,10462.3692,-0.2432699999990291,16,4,0,0.0,1.0,1.0,True,,0.00026
54.0,+,18,10779.28138,4,0,0.0,0.0,0.0,64.0,10779.2266,0.05478000000039174,18,4,0,0.0,0.0,0.0,True,,0.00034
54.0,+,22,11863.52522,4,1,0.0,1.0,1.0,0.81,11863.6919,-0.1666800000002695,22,4,1,0.0,1.0,1.0,True,,4.4e-06
54.0,+,23,12176.97608,4,1,0.0,0.0,0.0,0.81,12176.8748,0.10128000000077009,23,4,1,0.0,0.0,0.0,True,,4.4e-06
54.0,+,29,13242.68986,4,2,0.0,1.0,1.0,1.0,13242.8759,-0.18603999999868392,29,4,2,0.0,1.0,1.0,True,,5.4e-06
54.0,+,30,13552.63607,4,2,0.0,0.0,0.0,0.49,13552.5165,0.11957000000074913,30,4,2,0.0,0.0,0.0,True,,2.6e-06
54.0,+,35,14599.75732,4,3,0.0,1.0,1.0,1.0,14599.9364,-0.17907999999988533,35,4,3,0.0,1.0,1.0,True,,5.4e-06
54.0,+,37,14906.10009,4,3,0.0,0.0,0.0,0.36,14905.9908,0.10929000000032829,37,4,3,0.0,0.0,0.0,True,,1.9e-06
54.0,+,42,15934.69168,4,4,0.0,1.0,1.0,0.25,15934.9532,-0.2615200000000186,42,4,4,0.0,1.0,1.0,True,,1.3e-06
54.0,+,46,16237.47605,4,4,0.0,0.0,0.0,0.04,16237.4195,0.05654999999933352,46,4,4,0.0,0.0,0.0,True,,2.2e-07
54.0,+,50,17247.75296,4,5,0.0,1.0,1.0,0.09,17248.0441,-0.29113999999754014,50,4,5,0.0,1.0,1.0,True,,4.8e-07
54.0,+,55,17546.91167,4,5,0.0,0.0,0.0,0.04,17546.9213,-0.009630000000470318,55,4,5,0.0,0.0,0.0,True,,2.2e-07
54.0,+,57,18538.71506,4,6,0.0,1.0,1.0,0.01,18539.2955,-0.5804400000015448,57,4,6,0.0,1.0,1.0,True,,5.4e-08
54.0,+,105,24932.17385,6,0,1.0,0.0,1.0,9.0,24931.8292,0.34464999999909196,105,6,0,1.0,0.0,1.0,True,,4.8e-05
54.0,+,113,25305.1287,6,0,1.0,1.0,2.0,9.0,25305.5005,-0.3717999999971653,113,6,0,1.0,1.0,2.0,True,,4.8e-05
54.0,-,1,5207.42581,2,0,-1.0,0.0,-1.0,81.0,5207.4461,-0.0202900000003865,1,2,0,-1.0,0.0,-1.0,True,,0.00044
54.0,-,2,5381.17684,2,0,-1.0,1.0,0.0,144.0,5381.1767,0.00014000000010128133,2,2,0,-1.0,1.0,0.0,True,,0.00077
54.0,-,3,5555.10073,2,0,-1.0,-1.0,-2.0,100.0,5555.1225,-0.021770000000287837,3,2,0,-1.0,-1.0,-2.0,True,,0.00054
54.0,-,4,6777.78002,2,1,-1.0,0.0,-1.0,0.36,6777.8042,-0.024179999999432766,4,2,1,-1.0,0.0,-1.0,True,,1.9e-06
54.0,-,5,6949.83293,2,1,-1.0,1.0,0.0,0.25,6949.8097,0.023229999999784923,5,2,1,-1.0,1.0,0.0,True,,1.3e-06
54.0,-,6,7121.81835,2,1,-1.0,-1.0,-2.0,0.36,7121.8332,-0.014850000000478758,6,2,1,-1.0,-1.0,-2.0,True,,1.9e-06
54.0,-,7,8324.63971,2,2,-1.0,0.0,-1.0,0.36,8324.6298,0.009909999998853891,7,2,2,-1.0,0.0,-1.0,True,,1.9e-06
54.0,-,8,8495.01118,2,2,-1.0,1.0,0.0,0.16,8494.9235,0.087679999998727,8,2,2,-1.0,1.0,0.0,True,,8.6e-07
54.0,-,9,8665.03147,2,2,-1.0,-1.0,-2.0,0.16,8664.9866,0.04486999999971886,9,2,2,-1.0,-1.0,-2.0,True,,8.6e-07
54.0,-,10,9847.92646,2,3,-1.0,0.0,-1.0,0.09,9847.9998,-0.07333999999900698,10,2,3,-1.0,0.0,-1.0,True,,4.8e-07
54.0,-,11,10016.65679,2,3,-1.0,1.0,0.0,0.01,10016.6138,0.04298999999991793,11,2,3,-1.0,1.0,0.0,True,,5.4e-08
54.0,-,19,12987.30756,3,0,-1.0,0.0,-1.0,16.0,12986.765,0.5425599999998667,19,3,0,-1.0,0.0,-1.0,True,,8.6e-05
54.0,-,25,14520.53992,3,1,-1.0,0.0,-1.0,0.01,14519.9103,0.6296199999997043,25,3,1,-1.0,0.0,-1.0,True,,5.4e-08
54.0,-,32,16029.29326,3,2,-1.0,0.0,-1.0,0.04,16028.6635,0.6297599999998056,33,3,2,-1.0,0.0,-1.0,True,,2.2e-07
54.0,-,43,17513.47947,3,3,-1.0,0.0,-1.0,0.04,17513.0026,0.47686999999859836,43,3,3,-1.0,0.0,-1.0,True,,2.2e-07
54.0,-,50,18973.02708,3,4,-1.0,0.0,-1.0,0.04,18972.8005,0.22657999999864842,50,3,4,-1.0,0.0,-1.0,True,,2.2e-07
55.0,+,13,10779.32382,4,0,0.0,1.0,1.0,64.0,10779.2609,0.06292000000030384,13,4,0,0.0,1.0,1.0,True,,0.00034
55.0,+,17,12177.12909,4,1,0.0,1.0,1.0,0.25,12176.9883,0.14078999999946973,17,4,1,0.0,1.0,1.0,True,,1.3e-06
55.0,+,22,13552.70618,4,2,0.0,1.0,1.0,0.25,13552.5872,0.11897999999928288,22,4,2,0.0,1.0,1.0,True,,1.3e-06
55.0,+,27,14906.15973,4,3,0.0,1.0,1.0,0.25,14906.0655,0.09422999999878812,27,4,3,0.0,1.0,1.0,True,,1.3e-06
55.0,+,34,16237.52523,4,4,0.0,1.0,1.0,0.09,16237.5017,0.023529999998572748,34,4,4,0.0,1.0,1.0,True,,4.8e-07
55.0,+,83,25114.4384,6,0,1.0,0.0,1.0,4.0,25114.3246,0.11379999999917345,83,6,0,1.0,0.0,1.0,True,,2.2e-05
55.0,+,86,25305.04785,6,0,1.0,-1.0,0.0,9.0,25305.1348,-0.08695000000079744,86,6,0,1.0,-1.0,0.0,True,,4.8e-05
55.0,+,88,25494.22591,6,0,1.0,1.0,2.0,16.0,25494.2405,-0.014589999998861458,88,6,0,1.0,1.0,2.0,True,,8.6e-05
55.0,-,1,5379.98686,2,0,-1.0,0.0,-1.0,225.0,5380.0138,-0.026939999999740394,1,2,0,-1.0,0.0,-1.0,True,,0.0012
55.0,-,3,5553.50161,2,0,-1.0,1.0,0.0,25.0,5553.516,-0.01438999999936641,3,2,0,-1.0,1.0,0.0,True,,0.00013
55.0,-,4,5733.39171,2,0,-1.0,-1.0,-2.0,144.0,5733.3745,0.0172099999999773,4,2,0,-1.0,-1.0,-2.0,True,,0.00077
55.0,-,5,6948.64276,2,1,-1.0,0.0,-1.0,0.64,6948.6421,0.0006599999996979022,5,2,1,-1.0,0.0,-1.0,True,,3.4e-06
55.0,-,6,7120.22496,2,1,-1.0,1.0,0.0,0.49,7120.2405,-0.015540000000328291,6,2,1,-1.0,1.0,0.0,True,,2.6e-06
55.0,-,8,7298.33759,2,1,-1.0,-1.0,-2.0,0.16,7298.317,0.02059000000008382,8,2,1,-1.0,-1.0,-2.0,True,,8.6e-07
55.0,-,9,8493.82296,2,2,-1.0,0.0,-1.0,0.09,8493.7508,0.07215999999971245,9,2,2,-1.0,0.0,-1.0,True,,4.8e-07
55.0,-,10,8663.40735,2,2,-1.0,1.0,0.0,0.04,8663.4099,-0.0025500000010652,10,2,2,-1.0,1.0,0.0,True,,2.2e-07
55.0,-,27,13159.32838,3,0,-1.0,0.0,-1.0,36.0,13159.3156,0.012780000000930158,27,3,0,-1.0,0.0,-1.0,True,,0.00019
55.0,-,34,14690.66995,3,1,-1.0,0.0,-1.0,0.04,14690.5754,0.09454999999979918,34,3,1,-1.0,0.0,-1.0,True,,2.2e-07
55.0,-,44,16197.53589,3,2,-1.0,0.0,-1.0,0.16,16197.4138,0.12208999999893422,44,3,2,-1.0,0.0,-1.0,True,,8.6e-07
55.0,-,54,17679.825,3,3,-1.0,0.0,-1.0,0.16,17679.8523,-0.027299999997921987,54,3,3,-1.0,0.0,-1.0,True,,8.6e-07
55.0,-,64,19137.42702,3,4,-1.0,0.0,-1.0,0.16,19137.7432,-0.31618000000162283,64,3,4,-1.0,0.0,-1.0,True,,8.6e-07
56.0,+,2,5709.67938,1,0,0.0,0.0,0.0,324.0,5709.6762,0.0031799999997019768,2,1,0,0.0,0.0,0.0,True,,0.0017
56.0,+,8,7478.55413,1,1,0.0,0.0,0.0,81.96,7478.5453,0.008830000000671134,8,1,1,0.0,0.0,0.0,True,,0.00044
56.0,+,16,10779.04343,4,0,0.0,1.0,1.0,81.0,10779.2863,-0.242870000000039,16,4,0,0.0,1.0,1.0,True,,0.00044
56.0,+,18,11107.2074,4,0,0.0,0.0,0.0,36.0,11107.1446,0.06279999999969732,18,4,0,0.0,0.0,0.0,True,,0.00019
56.0,+,22,12176.86613,4,1,0.0,1.0,1.0,0.49,12177.0262,-0.16006999999990512,22,4,1,0.0,1.0,1.0,True,,2.6e-06
56.0,+,23,12501.23411,4,1,0.0,0.0,0.0,0.81,12501.1128,0.12130999999862979,23,4,1,0.0,0.0,0.0,True,,4.4e-06
56.0,+,29,13552.44537,4,2,0.0,1.0,1.0,0.81,13552.6342,-0.18883000000096217,29,4,2,0.0,1.0,1.0,True,,4.4e-06
56.0,+,30,13873.15408,4,2,0.0,0.0,0.0,0.36,13873.0187,0.13537999999971362,30,4,2,0.0,0.0,0.0,True,,1.9e-06
56.0,+,35,14905.89765,4,3,0.0,1.0,1.0,0.36,14906.1208,-0.223149999999805,35,4,3,0.0,1.0,1.0,True,,1.9e-06
56.0,+,37,15222.89873,4,3,0.0,0.0,0.0,0.16,15222.7859,0.11283000000003085,37,4,3,0.0,0.0,0.0,True,,8.6e-07
56.0,+,42,16237.28891,4,4,0.0,1.0,1.0,0.09,16237.5652,-0.27628999999978987,42,4,4,0.0,1.0,1.0,True,,4.8e-07
56.0,+,46,16550.60701,4,4,0.0,0.0,0.0,0.16,16550.5094,0.09761000000071363,46,4,4,0.0,0.0,0.0,True,,8.6e-07
56.0,+,55,17856.32737,4,5,0.0,0.0,0.0,0.01,17856.3079,0.01946999999927357,55,4,5,0.0,0.0,0.0,True,,5.4e-08
56.0,+,107,25303.99583,6,0,1.0,0.0,1.0,9.0,25303.7623,0.2335300000013376,107,6,0,1.0,0.0,1.0,True,,4.8e-05
56.0,+,111,25493.007,6,0,1.0,-1.0,0.0,9.0,25493.1334,-0.12639999999737483,110,6,0,1.0,-1.0,0.0,True,,4.8e-05
56.0,+,114,25689.79541,6,0,1.0,1.0,2.0,9.0,25690.1661,-0.3706899999997404,114,6,0,1.0,1.0,2.0,True,,4.8e-05
56.0,-,1,5553.137,2,0,-1.0,0.0,-1.0,64.0,5553.1523,-0.015300000000024738,1,2,0,-1.0,0.0,-1.0,True,,0.00034
56.0,-,2,5732.96245,2,0,-1.0,1.0,0.0,100.0,5732.9646,-0.0021500000002561137,2,2,0,-1.0,1.0,0.0,True,,0.00054
56.0,-,3,5912.78494,2,0,-1.0,-1.0,-2.0,81.0,5912.8105,-0.025560000000041327,3,2,0,-1.0,-1.0,-2.0,True,,0.00044
56.0,-,4,7119.84649,2,1,-1.0,0.0,-1.0,0.49,7119.8738,-0.02731000000039785,4,2,1,-1.0,0.0,-1.0,True,,2.6e-06
56.0,-,5,7297.91671,2,1,-1.0,1.0,0.0,0.36,7297.8971,0.019610000000284344,5,2,1,-1.0,1.0,0.0,True,,1.9e-06
56.0,-,6,7475.74876,2,1,-1.0,-1.0,-2.0,0.49,7475.7493,-0.0005400000000008731,6,2,1,-1.0,-1.0,-2.0,True,,2.6e-06
56.0,-,7,8662.89845,2,2,-1.0,0.0,-1.0,0.16,8663.0418,-0.1433500000002823,7,2,2,-1.0,0.0,-1.0,True,,8.6e-07
56.0,-,9,9015.17967,2,2,-1.0,-1.0,-2.0,0.16,9015.1094,0.07027000000016415,9,2,2,-1.0,-1.0,-2.0,True,,8.6e-07
56.0,-,20,13335.41883,3,0,-1.0,0.0,-1.0,16.0,13334.842,0.5768299999999726,20,3,0,-1.0,0.0,-1.0,True,,8.6e-05
56.0,-,25,14864.83988,3,1,-1.0,0.0,-1.0,0.01,14864.1723,0.6675799999993615,25,3,1,-1.0,0.0,-1.0,True,,5.4e-08
56.0,-,33,16369.76278,3,2,-1.0,0.0,-1.0,0.04,16369.0759,0.6868799999992916,33,3,2,-1.0,0.0,-1.0,True,,2.2e-07
56.0,-,43,17850.08726,3,3,-1.0,0.0,-1.0,0.04,17849.5726,0.5146600000007311,43,3,3,-1.0,0.0,-1.0,True,,2.2e-07
56.0,-,50,19305.74413,3,4,-1.0,0.0,-1.0,0.04,19305.5084,0.23573000000033062,50,3,4,-1.0,0.0,-1.0,True,,2.2e-07
57.0,+,13,11107.21985,4,0,0.0,1.0,1.0,49.0,11107.1763,0.04355000000032305,13,4,0,0.0,1.0,1.0,True,,0.00026
57.0,+,17,12501.32112,4,1,0.0,1.0,1.0,0.36,12501.1985,0.1226200000000972,17,4,1,0.0,1.0,1.0,True,,1.9e-06
57.0,+,22,13873.20083,4,2,0.0,1.0,1.0,0.49,13873.0897,0.11112999999932072,22,4,2,0.0,1.0,1.0,True,,2.6e-06
57.0,+,27,15222.92983,4,3,0.0,1.0,1.0,0.16,15222.8617,0.06812999999965541,27,4,3,0.0,1.0,1.0,True,,8.6e-07
57.0,+,34,16550.60733,4,4,0.0,1.0,1.0,0.01,16550.5929,0.01442999999926542,34,4,4,0.0,1.0,1.0,True,,5.4e-08
57.0,+,40,17856.30973,4,5,0.0,1.0,1.0,0.01,17856.4003,-0.09057000000029802,40,4,5,0.0,1.0,1.0,True,,5.4e-08
57.0,+,84,25492.72143,6,0,1.0,0.0,1.0,9.0,25492.7548,-0.033369999997376,84,6,0,1.0,0.0,1.0,True,,4.8e-05
57.0,+,87,25689.78073,6,0,1.0,1.0,2.0,16.0,25689.8139,-0.033170000002428424,87,6,0,1.0,-1.0,0.0,False,,8.6e-05
57.0,+,89,25885.252,6,0,1.0,-1.0,0.0,9.0,25885.2413,0.010699999998905696,89,6,0,1.0,1.0,2.0,False,,4.8e-05
57.0,-,1,5731.81725,2,0,-1.0,0.0,-1.0,144.0,5731.8392,-0.021950000000288128,1,2,0,-1.0,0.0,-1.0,True,,0.00077
57.0,-,3,5911.20397,2,0,-1.0,1.0,0.0,64.0,5911.2329,-0.02893000000040047,3,2,0,-1.0,1.0,0.0,True,,0.00034
57.0,-,4,6097.1684,2,0,-1.0,-1.0,-2.0,100.0,6097.1428,0.025599999999940337,4,2,0,-1.0,-1.0,-2.0,True,,0.00054
57.0,-,5,7296.77041,2,1,-1.0,0.0,-1.0,0.25,7296.7671,0.0033100000000558794,5,2,1,-1.0,0.0,-1.0,True,,1.3e-06
57.0,-,6,7474.15313,2,1,-1.0,1.0,0.0,0.16,7474.1857,-0.0325700000003053,6,2,1,-1.0,1.0,0.0,True,,8.6e-07
57.0,-,7,7658.29746,2,1,-1.0,-1.0,-2.0,0.16,7658.25,0.04745999999977357,7,2,1,-1.0,-1.0,-2.0,True,,8.6e-07
57.0,-,9,8838.229,2,2,-1.0,0.0,-1.0,0.09,8838.1552,0.07380000000011933,9,2,2,-1.0,0.0,-1.0,True,,4.8e-07
57.0,-,10,9013.55733,2,2,-1.0,1.0,0.0,0.09,9013.5621,-0.004769999999552965,10,2,2,-1.0,1.0,0.0,True,,4.8e-07
57.0,-,27,13513.3525,3,0,-1.0,0.0,-1.0,25.0,13513.3359,0.01660000000083528,27,3,0,-1.0,0.0,-1.0,True,,0.00013
57.0,-,34,15040.81153,3,1,-1.0,0.0,-1.0,0.04,15040.7082,0.10333000000173342,34,3,1,-1.0,0.0,-1.0,True,,2.2e-07
57.0,-,44,16543.76481,3,2,-1.0,0.0,-1.0,0.16,16543.6342,0.13061000000016065,44,3,2,-1.0,0.0,-1.0,True,,8.6e-07
57.0,-,55,18022.09911,3,3,-1.0,0.0,-1.0,0.16,18022.1541,-0.05499000000054366,55,3,3,-1.0,0.0,-1.0,True,,8.6e-07
57.0,-,64,19475.68939,3,4,-1.0,0.0,-1.0,0.16,19476.1494,-0.46000999999887426,64,3,4,-1.0,0.0,-1.0,True,,8.6e-07
58.0,+,3,6115.58929,1,0,0.0,0.0,0.0,324.0,6115.5955,-0.006210000000464788,3,1,0,0.0,0.0,0.0,True,,0.0017
58.0,+,8,7880.20907,1,1,0.0,0.0,0.0,81.69,7880.1989,0.010169999999561696,8,1,1,0.0,0.0,0.0,True,,0.00044
58.0,+,16,11106.96951,4,0,0.0,1.0,1.0,49.0,11107.207,-0.23748999999952503,16,4,0,0.0,1.0,1.0,True,,0.00026
58.0,+,18,11446.10355,4,0,0.0,0.0,0.0,36.0,11446.0089,0.09464999999909196,18,4,0,0.0,0.0,0.0,True,,0.00019
58.0,+,22,12501.07442,4,1,0.0,1.0,1.0,0.49,12501.2382,-0.1637799999989511,22,4,1,0.0,1.0,1.0,True,,2.6e-06
58.0,+,23,12836.34426,4,1,0.0,0.0,0.0,0.16,12836.1433,0.20096000000012282,23,4,1,0.0,0.0,0.0,True,,8.6e-07
58.0,+,29,13872.94892,4,2,0.0,1.0,1.0,0.81,13873.1378,-0.18887999999969907,29,4,2,0.0,1.0,1.0,True,,4.4e-06
58.0,+,30,14204.34505,4,2,0.0,0.0,0.0,0.25,14204.1994,0.14565000000038708,30,4,2,0.0,0.0,0.0,True,,1.3e-06
58.0,+,35,15222.68157,4,3,0.0,1.0,1.0,0.36,15222.9183,-0.23672999999871536,35,4,3,0.0,1.0,1.0,True,,1.9e-06
58.0,+,37,15550.24739,4,3,0.0,0.0,0.0,0.16,15550.1272,0.12018999999963853,37,4,3,0.0,0.0,0.0,True,,8.6e-07
58.0,+,42,16550.351,4,4,0.0,1.0,1.0,0.16,16550.6582,-0.307200000002922,42,4,4,0.0,1.0,1.0,True,,8.6e-07
58.0,+,46,16874.07549,4,4,0.0,0.0,0.0,0.01,16874.0131,0.062389999999140855,46,4,4,0.0,0.0,0.0,True,,5.4e-08
58.0,+,50,17856.09781,4,5,0.0,1.0,1.0,0.04,17856.4838,-0.3859900000024936,50,4,5,0.0,1.0,1.0,True,,2.2e-07
58.0,+,57,19139.63351,4,6,0.0,1.0,1.0,0.01,19140.4725,-0.8389900000001944,57,4,6,0.0,1.0,1.0,True,,5.4e-08
58.0,+,108,25688.67852,6,0,1.0,0.0,1.0,9.0,25688.352,0.32652000000234693,108,6,0,1.0,0.0,1.0,True,,4.8e-05
58.0,+,112,25884.04343,6,0,1.0,-1.0,0.0,9.0,25884.141,-0.09756999999808613,112,6,0,1.0,-1.0,0.0,True,,4.8e-05
58.0,+,114,26087.4769,6,0,1.0,1.0,2.0,9.0,26087.7155,-0.23859999999694992,114,6,0,1.0,1.0,2.0,True,,4.8e-05
58.0,-,1,5910.91843,2,0,-1.0,0.0,-1.0,100.0,5910.9011,0.017329999999674328,1,2,0,-1.0,0.0,-1.0,True,,0.00054
58.0,-,2,6096.7622,2,0,-1.0,1.0,0.0,169.0,6096.7642,-0.001999999999497959,2,2,0,-1.0,1.0,0.0,True,,0.00091
58.0,-,3,6282.48369,2,0,-1.0,-1.0,-2.0,49.0,6282.4772,0.006489999999757856,3,2,0,-1.0,-1.0,-2.0,True,,0.00026
58.0,-,4,7473.83078,2,1,-1.0,0.0,-1.0,0.36,7473.851,-0.020219999999426364,4,2,1,-1.0,0.0,-1.0,True,,1.9e-06
58.0,-,5,7657.88372,2,1,-1.0,1.0,0.0,0.49,7657.8613,0.02242000000023836,5,2,1,-1.0,1.0,0.0,True,,2.6e-06
58.0,-,6,7841.50503,2,1,-1.0,-1.0,-2.0,0.25,7841.5091,-0.004069999999956053,6,2,1,-1.0,-1.0,-2.0,True,,1.3e-06
58.0,-,7,9013.19601,2,2,-1.0,0.0,-1.0,0.09,9013.2263,-0.030290000000604778,7,2,2,-1.0,0.0,-1.0,True,,4.8e-07
58.0,-,9,9376.99189,2,2,-1.0,-1.0,-2.0,0.04,9376.9406,0.05128999999942607,9,2,2,-1.0,-1.0,-2.0,True,,2.2e-07
58.0,-,10,10529.03741,2,3,-1.0,0.0,-1.0,0.04,10529.1433,-0.10588999999890802,10,2,3,-1.0,0.0,-1.0,True,,2.2e-07
58.0,-,20,13695.39843,3,0,-1.0,0.0,-1.0,16.0,13694.7881,0.6103299999995215,20,3,0,-1.0,0.0,-1.0,True,,8.6e-05
58.0,-,25,15220.86129,3,1,-1.0,0.0,-1.0,0.01,15220.1617,0.6995900000001711,25,3,1,-1.0,0.0,-1.0,True,,5.4e-08
58.0,-,34,16721.80953,3,2,-1.0,0.0,-1.0,0.04,16721.0814,0.7281299999995099,34,3,2,-1.0,0.0,-1.0,True,,2.2e-07
58.0,-,43,18198.13024,3,3,-1.0,0.0,-1.0,0.04,18197.5887,0.5415399999983492,43,3,3,-1.0,0.0,-1.0,True,,2.2e-07
58.0,-,50,19649.76907,3,4,-1.0,0.0,-1.0,0.04,19649.519,0.25006999999823165,50,3,4,-1.0,0.0,-1.0,True,,2.2e-07
59.0,+,13,11446.06172,4,0,0.0,1.0,1.0,16.0,11446.0351,0.026620000000548316,13,4,0,0.0,1.0,1.0,True,,8.6e-05
59.0,+,17,12836.3265,4,1,0.0,1.0,1.0,0.09,12836.2198,0.10669999999845459,17,4,1,0.0,1.0,1.0,True,,4.8e-07
59.0,+,22,14204.36922,4,2,0.0,1.0,1.0,0.25,14204.2707,0.09852000000137195,22,4,2,0.0,1.0,1.0,True,,1.3e-06
59.0,+,27,15550.27502,4,3,0.0,1.0,1.0,0.09,15550.204,0.07101999999940745,27,4,3,0.0,1.0,1.0,True,,4.8e-07
59.0,+,32,16874.10022,4,4,0.0,1.0,1.0,0.01,16874.0978,0.0024200000007112976,32,4,4,0.0,1.0,1.0,True,,5.4e-08
59.0,+,85,25883.76627,6,0,1.0,0.0,1.0,9.0,25883.7815,-0.015230000000883592,85,6,0,1.0,0.0,1.0,True,,4.8e-05
59.0,+,87,26087.37641,6,0,1.0,1.0,2.0,9.0,26087.3795,-0.003089999998337589,87,6,0,1.0,-1.0,0.0,False,,4.8e-05
59.0,+,89,26289.10376,6,0,1.0,-1.0,0.0,16.0,26289.0862,0.017560000000230502,89,6,0,1.0,1.0,2.0,False,,8.6e-05
59.0,-,1,6095.67052,2,0,-1.0,0.0,-1.0,196.0,6095.674,-0.0034800000003087916,1,2,0,-1.0,0.0,-1.0,True,,0.0011
59.0,-,2,6280.89464,2,0,-1.0,1.0,0.0,25.0,6280.9264,-0.03175999999984924,2,2,0,-1.0,1.0,0.0,True,,0.00013
59.0,-,4,6472.90691,2,0,-1.0,-1.0,-2.0,49.0,6472.8546,0.05231000000003405,4,2,0,-1.0,-1.0,-2.0,True,,0.00026
59.0,-,5,7656.7749,2,1,-1.0,0.0,-1.0,0.49,7656.7665,0.008400000000619912,5,2,1,-1.0,0.0,-1.0,True,,2.6e-06
59.0,-,6,7839.94202,2,1,-1.0,1.0,0.0,0.01,7839.9726,-0.030579999999645224,6,2,1,-1.0,1.0,0.0,True,,5.4e-08
59.0,-,7,8030.05658,2,1,-1.0,-1.0,-2.0,0.16,8029.9911,0.06548000000020693,7,2,1,-1.0,-1.0,-2.0,True,,8.6e-07
59.0,-,9,9194.36963,2,2,-1.0,0.0,-1.0,0.09,9194.2986,0.07102999999915482,9,2,2,-1.0,0.0,-1.0,True,,4.8e-07
59.0,-,10,9375.42042,2,2,-1.0,1.0,0.0,0.04,9375.4205,-7.999999979801942e-05,10,2,2,-1.0,1.0,0.0,True,,2.2e-07
59.0,-,27,13879.19974,3,0,-1.0,0.0,-1.0,16.0,13879.1899,0.00984000000062224,27,3,0,-1.0,0.0,-1.0,True,,8.6e-05
59.0,-,35,15402.6402,3,1,-1.0,0.0,-1.0,0.04,15402.5341,0.10609999999905995,35,3,1,-1.0,0.0,-1.0,True,,2.2e-07
59.0,-,44,16901.54618,3,2,-1.0,0.0,-1.0,0.09,16901.4071,0.1390800000008312,44,3,2,-1.0,0.0,-1.0,True,,4.8e-07
59.0,-,55,18375.81826,3,3,-1.0,0.0,-1.0,0.16,18375.866,-0.047740000001795124,55,3,3,-1.0,0.0,-1.0,True,,8.6e-07
59.0,-,63,19825.37919,3,4,-1.0,0.0,-1.0,0.16,19825.7319,-0.35270999999920605,63,3,4,-1.0,0.0,-1.0,True,,8.6e-07
60.0,+,3,6534.86791,1,0,0.0,0.0,0.0,289.0,6534.8595,0.00841000000036729,3,1,0,0.0,0.0,0.0,True,,0.0016
60.0,+,8,8295.04158,1,1,0.0,0.0,0.0,81.44,8295.0421,-0.0005200000014156103,8,1,1,0.0,0.0,0.0,True,,0.00044
60.0,+,16,11445.82148,4,0,0.0,1.0,1.0,36.0,11446.0689,-0.24741999999969266,16,4,0,0.0,1.0,1.0,True,,0.00019
60.0,+,18,11795.84036,4,0,0.0,0.0,0.0,16.0,11795.7578,0.08256000000073982,18,4,0,0.0,0.0,0.0,True,,8.6e-05
60.0,+,22,12836.08856,4,1,0.0,1.0,1.0,0.36,12836.261,-0.17244000000027881,22,4,1,0.0,1.0,1.0,True,,1.9e-06
60.0,+,23,13182.07023,4,1,0.0,0.0,0.0,0.25,13181.9111,0.15913000000000466,23,4,1,0.0,0.0,0.0,True,,1.3e-06
60.0,+,28,14204.1239,4,2,0.0,1.0,1.0,0.25,14204.32,-0.19609999999920547,28,4,2,0.0,1.0,1.0,True,,1.3e-06
60.0,+,30,14546.13273,4,2,0.0,0.0,0.0,0.36,14545.9894,0.14332999999896856,30,4,2,0.0,0.0,0.0,True,,1.9e-06
60.0,+,34,15549.98566,4,3,0.0,1.0,1.0,0.16,15550.2617,-0.27603999999882944,34,4,3,0.0,1.0,1.0,True,,8.6e-07
60.0,+,37,15888.06298,4,3,0.0,0.0,0.0,0.01,15887.9452,0.1177800000004936,37,4,3,0.0,0.0,0.0,True,,5.4e-08
60.0,+,41,16873.84133,4,4,0.0,1.0,1.0,0.01,16874.165,-0.3236700000015844,41,4,4,0.0,1.0,1.0,True,,5.4e-08
60.0,+,109,26086.3845,6,0,1.0,0.0,1.0,9.0,26086.0141,0.37039999999979045,109,6,0,1.0,0.0,1.0,True,,4.8e-05
60.0,+,112,26287.90305,6,0,1.0,-1.0,0.0,16.0,26288.0006,-0.09754999999859137,112,6,0,1.0,-1.0,0.0,True,,8.6e-05
60.0,+,114,26497.75115,6,0,1.0,1.0,2.0,4.0,26498.0698,-0.318650000001071,114,6,0,1.0,1.0,2.0,True,,2.2e-05
60.0,-,1,6280.64204,2,0,-1.0,0.0,-1.0,25.0,6280.6239,0.018140000000130385,1,2,0,-1.0,0.0,-1.0,True,,0.00013
60.0,-,2,6472.50119,2,0,-1.0,1.0,0.0,121.0,6472.5055,-0.004310000000259606,2,2,0,-1.0,1.0,0.0,True,,0.00065
60.0,-,3,6664.04883,2,0,-1.0,-1.0,-2.0,64.0,6664.0513,-0.002470000000357686,3,2,0,-1.0,-1.0,-2.0,True,,0.00034
60.0,-,4,7839.62167,2,1,-1.0,0.0,-1.0,0.09,7839.6673,-0.04562999999961903,4,2,1,-1.0,0.0,-1.0,True,,4.8e-07
60.0,-,5,8029.65915,2,1,-1.0,1.0,0.0,0.16,8029.632,0.02715000000080181,5,2,1,-1.0,1.0,0.0,True,,8.6e-07
60.0,-,6,8219.02694,2,1,-1.0,-1.0,-2.0,0.09,8219.0412,-0.014259999999922002,6,2,1,-1.0,-1.0,-2.0,True,,4.8e-07
60.0,-,8,9563.27202,2,2,-1.0,1.0,0.0,0.01,9563.1771,0.09491999999954714,8,2,2,-1.0,1.0,0.0,True,,5.4e-08
60.0,-,20,14067.18934,3,0,-1.0,0.0,-1.0,16.0,14066.532,0.6573400000015681,20,3,0,-1.0,0.0,-1.0,True,,8.6e-05
60.0,-,25,15588.56201,3,1,-1.0,0.0,-1.0,0.01,15587.8077,0.7543100000002596,25,3,1,-1.0,0.0,-1.0,True,,5.4e-08
60.0,-,34,17085.38517,3,2,-1.0,0.0,-1.0,0.04,17084.6033,0.7818700000025274,34,3,2,-1.0,0.0,-1.0,True,,2.2e-07
60.0,-,43,18557.54964,3,3,-1.0,0.0,-1.0,0.04,18556.9792,0.5704399999995076,43,3,3,-1.0,0.0,-1.0,True,,2.2e-07
60.0,-,50,20005.01158,3,4,-1.0,0.0,-1.0,0.04,20004.7605,0.25107999999818276,50,3,4,-1.0,0.0,-1.0,True,,2.2e-07
61.0,+,13,11795.78277,4,0,0.0,1.0,1.0,25.0,11795.7682,0.0145699999993667,13,4,0,0.0,1.0,1.0,True,,0.00013
61.0,+,17,13182.07906,4,1,0.0,1.0,1.0,0.25,13181.9832,0.09585999999944761,17,4,1,0.0,1.0,1.0,True,,1.3e-06
61.0,+,22,14546.15419,4,2,0.0,1.0,1.0,0.36,14546.0612,0.09298999999919033,22,4,2,0.0,1.0,1.0,True,,1.9e-06
61.0,+,27,15888.08102,4,3,0.0,1.0,1.0,0.25,15888.023,0.058020000000396976,27,4,3,0.0,1.0,1.0,True,,1.3e-06
61.0,+,85,26287.65511,6,0,1.0,0.0,1.0,16.0,26287.6677,-0.012590000002091983,85,6,0,1.0,0.0,1.0,True,,8.6e-05
61.0,+,88,26497.75407,6,0,1.0,1.0,2.0,9.0,26497.7502,0.0038700000004610047,88,6,0,1.0,-1.0,0.0,False,,4.8e-05
61.0,+,89,26705.71229,6,0,1.0,-1.0,0.0,16.0,26705.6966,0.01569000000017695,89,6,0,1.0,1.0,2.0,False,,8.6e-05
61.0,-,1,6471.45545,2,0,-1.0,0.0,-1.0,100.0,6471.4483,0.007150000000365253,1,2,0,-1.0,0.0,-1.0,True,,0.00054
61.0,-,2,6662.49426,2,0,-1.0,1.0,0.0,64.0,6662.5254,-0.03114000000005035,2,2,0,-1.0,1.0,0.0,True,,0.00034
61.0,-,4,6860.49715,2,0,-1.0,-1.0,-2.0,49.0,6860.4372,0.059949999999844295,4,2,0,-1.0,-1.0,-2.0,True,,0.00026
61.0,-,5,8028.58636,2,1,-1.0,0.0,-1.0,0.09,8028.5703,0.016059999999924912,5,2,1,-1.0,0.0,-1.0,True,,4.8e-07
61.0,-,6,8217.4769,2,1,-1.0,1.0,0.0,0.04,8217.5297,-0.05279999999947904,6,2,1,-1.0,1.0,0.0,True,,2.2e-07
61.0,-,7,8413.53559,2,1,-1.0,-1.0,-2.0,0.09,8413.4677,0.06789000000026135,7,2,1,-1.0,-1.0,-2.0,True,,4.8e-07
61.0,-,27,14256.8151,3,0,-1.0,0.0,-1.0,9.0,14256.8053,0.009799999999813735,27,3,0,-1.0,0.0,-1.0,True,,4.8e-05
61.0,-,35,15776.09129,3,1,-1.0,0.0,-1.0,0.04,15775.9804,0.11088999999992666,35,3,1,-1.0,0.0,-1.0,True,,2.2e-07
61.0,-,44,17270.80447,3,2,-1.0,0.0,-1.0,0.09,17270.6595,0.14496999999755644,44,3,2,-1.0,0.0,-1.0,True,,4.8e-07
61.0,-,55,18740.86888,3,3,-1.0,0.0,-1.0,0.16,18740.9149,-0.046019999997952254,55,3,3,-1.0,0.0,-1.0,True,,8.6e-07
61.0,-,63,20186.19148,3,4,-1.0,0.0,-1.0,0.16,20186.5631,-0.3716199999980745,63,3,4,-1.0,0.0,-1.0,True,,8.6e-07
62.0,+,3,6967.39917,1,0,0.0,0.0,0.0,289.0,6967.3891,0.010069999999359425,3,1,0,0.0,0.0,0.0,True,,0.0016
62.0,+,8,8723.0042,1,1,0.0,0.0,0.0,80.81,8722.9956,0.008599999999205465,8,1,1,0.0,0.0,0.0,True,,0.00043
62.0,+,16,11795.53181,4,0,0.0,1.0,1.0,16.0,11795.8043,-0.2724899999993795,16,4,0,0.0,1.0,1.0,True,,8.6e-05
62.0,+,18,12156.55885,4,0,0.0,0.0,0.0,16.0,12156.4709,0.08794999999918218,18,4,0,0.0,0.0,0.0,True,,8.6e-05
62.0,+,22,13181.84326,4,1,0.0,1.0,1.0,0.16,13182.0257,-0.1824400000004971,22,4,1,0.0,1.0,1.0,True,,8.6e-07
62.0,+,23,13538.48983,4,1,0.0,0.0,0.0,0.04,13538.3476,0.14223000000129105,23,4,1,0.0,0.0,0.0,True,,2.2e-07
62.0,+,28,14545.90952,4,2,0.0,1.0,1.0,0.16,14546.1114,-0.20188000000052853,28,4,2,0.0,1.0,1.0,True,,8.6e-07
62.0,+,30,14898.48106,4,2,0.0,0.0,0.0,0.09,14898.3173,0.16375999999945634,30,4,2,0.0,0.0,0.0,True,,4.8e-07
62.0,+,37,16236.29159,4,3,0.0,0.0,0.0,0.01,16236.1683,0.12329000000136148,37,4,3,0.0,0.0,0.0,True,,5.4e-08
62.0,+,111,26496.81042,6,0,1.0,0.0,1.0,9.0,26496.3836,0.42682000000058906,110,6,0,1.0,0.0,1.0,True,,4.8e-05
62.0,+,113,26704.53853,6,0,1.0,-1.0,0.0,16.0,26704.6279,-0.08936999999787076,113,6,0,1.0,-1.0,0.0,True,,8.6e-05
62.0,+,114,26920.73382,6,0,1.0,1.0,2.0,1.0,26921.1473,-0.4134799999992538,114,6,0,1.0,1.0,2.0,True,,5.4e-06
62.0,-,1,6662.25817,2,0,-1.0,0.0,-1.0,64.0,6662.2498,0.00837000000046828,1,2,0,-1.0,0.0,-1.0,True,,0.00034
62.0,-,2,6860.11369,2,0,-1.0,1.0,0.0,64.0,6860.116,-0.0023099999998521525,2,2,0,-1.0,1.0,0.0,True,,0.00034
62.0,-,3,7057.44733,2,0,-1.0,-1.0,-2.0,49.0,7057.4592,-0.01187000000027183,3,2,0,-1.0,-1.0,-2.0,True,,0.00026
62.0,-,4,8217.22352,2,1,-1.0,0.0,-1.0,0.04,8217.2515,-0.027980000000752625,4,2,1,-1.0,0.0,-1.0,True,,2.2e-07
62.0,-,5,8413.16645,2,1,-1.0,1.0,0.0,0.25,8413.1364,0.03005000000121072,5,2,1,-1.0,1.0,0.0,True,,1.3e-06
62.0,-,20,14450.70298,3,0,-1.0,0.0,-1.0,9.0,14450.0002,0.7027799999996205,20,3,0,-1.0,0.0,-1.0,True,,4.8e-05
62.0,-,25,15967.83477,3,1,-1.0,0.0,-1.0,0.01,15967.0366,0.7981700000000274,25,3,1,-1.0,0.0,-1.0,True,,5.4e-08
62.0,-,35,17460.38833,3,2,-1.0,0.0,-1.0,0.04,17459.5676,0.8207300000030955,35,3,2,-1.0,0.0,-1.0,True,,2.2e-07
62.0,-,43,18928.30614,3,3,-1.0,0.0,-1.0,0.04,18927.6725,0.633640000000014,43,3,3,-1.0,0.0,-1.0,True,,2.2e-07
62.0,-,50,20371.4342,3,4,-1.0,0.0,-1.0,0.04,20371.1626,0.2716000000000349,50,3,4,-1.0,0.0,-1.0,True,,2.2e-07
63.0,+,13,12156.28695,4,0,0.0,1.0,1.0,9.0,12156.3044,-0.017450000001190347,13,4,0,0.0,1.0,1.0,True,,4.8e-05
63.0,+,17,13538.51754,4,1,0.0,1.0,1.0,0.04,13538.4173,0.10024000000157685,17,4,1,0.0,1.0,1.0,True,,2.2e-07
63.0,+,22,14898.47823,4,2,0.0,1.0,1.0,0.16,14898.3895,0.0887300000013056,22,4,2,0.0,1.0,1.0,True,,8.6e-07
63.0,+,27,16236.30885,4,3,0.0,1.0,1.0,0.01,16236.247,0.061850000000049477,27,4,3,0.0,1.0,1.0,True,,5.4e-08
63.0,+,86,26704.33444,6,0,1.0,0.0,1.0,16.0,26704.3203,0.014139999999315478,86,6,0,1.0,0.0,1.0,True,,8.6e-05
63.0,+,88,26920.89975,6,0,1.0,1.0,2.0,4.0,26920.8441,0.05565000000206055,88,6,0,1.0,-1.0,0.0,False,,2.2e-05
63.0,+,89,27135.00737,6,0,1.0,-1.0,0.0,16.0,27134.9915,0.015869999999267748,89,6,0,1.0,1.0,2.0,False,,8.6e-05
63.0,-,1,6859.08747,2,0,-1.0,0.0,-1.0,64.0,6859.0897,-0.002230000000054133,1,2,0,-1.0,0.0,-1.0,True,,0.00034
63.0,-,2,7055.93564,2,0,-1.0,1.0,0.0,49.0,7055.9564,-0.02076000000033673,2,2,0,-1.0,1.0,0.0,True,,0.00026
63.0,-,4,7259.87782,2,0,-1.0,-1.0,-2.0,64.0,7259.8155,0.06231999999999971,4,2,0,-1.0,-1.0,-2.0,True,,0.00034
63.0,-,5,8412.1399,2,1,-1.0,0.0,-1.0,0.04,8412.1058,0.03410000000076252,5,2,1,-1.0,0.0,-1.0,True,,2.2e-07
63.0,-,7,8808.68966,2,1,-1.0,-1.0,-2.0,0.04,8808.6044,0.08525999999983469,7,2,1,-1.0,-1.0,-2.0,True,,2.2e-07
63.0,-,27,14646.11748,3,0,-1.0,0.0,-1.0,4.0,14646.1073,0.010180000001128064,27,3,0,-1.0,0.0,-1.0,True,,2.2e-05
63.0,-,35,16161.09723,3,1,-1.0,0.0,-1.0,0.04,16160.972,0.12522999999964668,35,3,1,-1.0,0.0,-1.0,True,,2.2e-07
63.0,-,45,17651.48433,3,2,-1.0,0.0,-1.0,0.04,17651.316,0.16833000000042375,45,3,2,-1.0,0.0,-1.0,True,,2.2e-07
63.0,-,55,19117.16849,3,3,-1.0,0.0,-1.0,0.16,19117.225,-0.05650999999852502,55,3,3,-1.0,0.0,-1.0,True,,8.6e-07
63.0,-,63,20558.12522,3,4,-1.0,0.0,-1.0,0.16,20558.5087,-0.38347999999677995,63,3,4,-1.0,0.0,-1.0,True,,8.6e-07
64.0,+,3,7413.11469,1,0,0.0,0.0,0.0,225.0,7413.1029,0.01179000000047381,3,1,0,0.0,0.0,0.0,True,,0.0012
64.0,+,8,9163.9752,1,1,0.0,0.0,0.0,80.64,9163.9769,-0.001699999998891144,8,1,1,0.0,0.0,0.0,True,,0.00043
64.0,+,16,12156.05816,4,0,0.0,1.0,1.0,9.0,12156.3421,-0.2839399999993475,16,4,0,0.0,1.0,1.0,True,,4.8e-05
64.0,+,17,12527.47254,4,0,0.0,0.0,0.0,16.0,12527.4703,0.002239999999801512,17,4,0,0.0,0.0,0.0,True,,8.6e-05
64.0,+,22,13538.26142,4,1,0.0,1.0,1.0,0.04,13538.4608,-0.1993800000000192,22,4,1,0.0,1.0,1.0,True,,2.2e-07
64.0,+,23,13905.51583,4,1,0.0,0.0,0.0,0.16,13905.38,0.1358300000010786,23,4,1,0.0,0.0,0.0,True,,8.6e-07
64.0,+,28,14898.23177,4,2,0.0,1.0,1.0,0.16,14898.4406,-0.20882999999957974,28,4,2,0.0,1.0,1.0,True,,8.6e-07
64.0,+,30,15261.25936,4,2,0.0,0.0,0.0,0.25,15261.1091,0.150260000000344,30,4,2,0.0,0.0,0.0,True,,1.3e-06
64.0,+,34,16236.05663,4,3,0.0,1.0,1.0,0.04,16236.3068,-0.2501700000011624,34,4,3,0.0,1.0,1.0,True,,2.2e-07
64.0,+,37,16594.87466,4,3,0.0,0.0,0.0,0.01,16594.7224,0.15226000000257045,37,4,3,0.0,0.0,0.0,True,,5.4e-08
64.0,+,111,26919.90938,6,0,1.0,0.0,1.0,9.0,26919.4917,0.4176800000022922,111,6,0,1.0,0.0,1.0,True,,4.8e-05
64.0,+,113,27133.85964,6,0,1.0,-1.0,0.0,16.0,27133.9401,-0.08046000000103959,113,6,0,1.0,-1.0,0.0,True,,8.6e-05
64.0,+,115,27356.56656,6,0,1.0,1.0,2.0,9.0,27356.8625,-0.2959399999999732,115,6,0,1.0,1.0,2.0,True,,4.8e-05
64.0,-,1,7055.74708,2,0,-1.0,0.0,-1.0,16.0,7055.7057,0.04137999999966269,1,2,0,-1.0,0.0,-1.0,True,,8.6e-05
64.0,-,2,7260.51875,2,0,-1.0,1.0,0.0,25.0,7259.5207,0.9980500000001484,2,2,0,-1.0,1.0,0.0,True,,0.00013
64.0,-,3,7462.5994,2,0,-1.0,-1.0,-2.0,49.0,7462.6248,-0.025399999999535794,3,2,0,-1.0,-1.0,-2.0,True,,0.00026
64.0,-,4,8606.49176,2,1,-1.0,0.0,-1.0,0.09,8606.5302,-0.03843999999844527,4,2,1,-1.0,0.0,-1.0,True,,4.8e-07
64.0,-,5,8808.32573,2,1,-1.0,1.0,0.0,0.09,8808.2995,0.026230000001305598,5,2,1,-1.0,1.0,0.0,True,,4.8e-07
64.0,-,6,9009.09447,2,1,-1.0,-1.0,-2.0,0.04,9009.1243,-0.02982999999949243,6,2,1,-1.0,-1.0,-2.0,True,,2.2e-07
64.0,-,20,14845.86299,3,0,-1.0,0.0,-1.0,9.0,14845.1166,0.7463900000002468,20,3,0,-1.0,0.0,-1.0,True,,4.8e-05
64.0,-,25,16358.61999,3,1,-1.0,0.0,-1.0,0.01,16357.7722,0.8477899999998044,25,3,1,-1.0,0.0,-1.0,True,,5.4e-08
64.0,-,35,17846.76728,3,2,-1.0,0.0,-1.0,0.04,17845.8976,0.8696799999997893,35,3,2,-1.0,0.0,-1.0,True,,2.2e-07
64.0,-,42,19310.23485,3,3,-1.0,0.0,-1.0,0.04,19309.5691,0.6657500000001164,42,3,3,-1.0,0.0,-1.0,True,,2.2e-07
64.0,-,49,20748.8752,3,4,-1.0,0.0,-1.0,0.04,20748.6196,0.2555999999967753,49,3,4,-1.0,0.0,-1.0,True,,2.2e-07
65.0,+,13,12527.58613,4,0,0.0,1.0,1.0,16.0,12527.5702,0.01592999999957101,13,4,0,0.0,1.0,1.0,True,,8.6e-05
65.0,+,17,13906.55036,4,1,0.0,1.0,1.0,0.01,13905.4482,1.1021599999985483,17,4,1,0.0,1.0,1.0,True,,5.4e-08
65.0,+,22,15261.26273,4,2,0.0,1.0,1.0,0.01,15261.1816,0.08113000000048487,22,4,2,0.0,1.0,1.0,True,,5.4e-08
65.0,+,27,16594.84813,4,3,0.0,1.0,1.0,0.01,16594.8019,0.046229999999923166,27,4,3,0.0,1.0,1.0,True,,5.4e-08
65.0,+,86,27133.67284,6,0,1.0,0.0,1.0,16.0,27133.6563,0.016540000000532018,86,6,0,1.0,0.0,1.0,True,,8.6e-05
65.0,+,88,27357.61776,6,0,1.0,1.0,2.0,9.0,27356.5755,1.0422600000019884,88,6,0,1.0,-1.0,0.0,False,,4.8e-05
65.0,+,89,27576.87667,6,0,1.0,-1.0,0.0,9.0,27576.8869,-0.010229999999864958,89,6,0,1.0,1.0,2.0,False,,4.8e-05
65.0,-,1,7258.52877,2,0,-1.0,0.0,-1.0,64.0,7258.5237,0.00507000000015978,1,2,0,-1.0,0.0,-1.0,True,,0.00034
65.0,-,2,7461.13363,2,0,-1.0,1.0,0.0,36.0,7461.1437,-0.010069999999359425,2,2,0,-1.0,1.0,0.0,True,,0.00019
65.0,-,4,7670.97754,2,0,-1.0,-1.0,-2.0,64.0,7670.9123,0.06523999999990338,4,2,0,-1.0,-1.0,-2.0,True,,0.00034
65.0,-,5,8807.33777,2,1,-1.0,0.0,-1.0,0.04,8807.2982,0.03957000000082189,5,2,1,-1.0,0.0,-1.0,True,,2.2e-07
65.0,-,27,15047.03512,3,0,-1.0,0.0,-1.0,4.0,15047.0186,0.01652000000103726,27,3,0,-1.0,0.0,-1.0,True,,2.2e-05
65.0,-,35,16557.54657,3,1,-1.0,0.0,-1.0,0.04,16557.4315,0.11506999999983236,35,3,1,-1.0,0.0,-1.0,True,,2.2e-07
65.0,-,45,18043.48087,3,2,-1.0,0.0,-1.0,0.04,18043.299,0.1818700000003446,45,3,2,-1.0,0.0,-1.0,True,,2.2e-07
65.0,-,55,19504.64476,3,3,-1.0,0.0,-1.0,0.09,19504.7185,-0.07373999999981606,55,3,3,-1.0,0.0,-1.0,True,,4.8e-07
65.0,-,63,20941.06517,3,4,-1.0,0.0,-1.0,0.16,20941.4918,-0.4266299999981129,63,3,4,-1.0,0.0,-1.0,True,,8.6e-07
66.0,+,3,7871.91765,1,0,0.0,0.0,0.0,225.0,7871.9169,0.0007500000001527951,3,1,0,0.0,0.0,0.0,True,,0.0012
66.0,+,8,9617.89517,1,1,0.0,0.0,0.0,80.09,9617.9013,-0.006129999999757274,8,1,1,0.0,0.0,0.0,True,,0.00043
66.0,+,16,12527.30672,4,0,0.0,1.0,1.0,4.0,12527.6091,-0.3023799999991752,16,4,0,0.0,1.0,1.0,True,,2.2e-05
66.0,+,17,12909.4197,4,0,0.0,0.0,0.0,4.0,12909.4189,0.0007999999997991836,17,4,0,0.0,0.0,0.0,True,,2.2e-05
66.0,+,21,13905.27755,4,1,0.0,1.0,1.0,0.09,13905.4927,-0.21514999999999418,21,4,1,0.0,1.0,1.0,True,,4.8e-07
66.0,+,23,14283.04596,4,1,0.0,0.0,0.0,0.01,14282.9329,0.11305999999967753,23,4,1,0.0,0.0,0.0,True,,5.4e-08
66.0,+,28,15261.02587,4,2,0.0,1.0,1.0,0.04,15261.2335,-0.20763000000079046,28,4,2,0.0,1.0,1.0,True,,2.2e-07
66.0,+,30,15634.42545,4,2,0.0,0.0,0.0,0.04,15634.2887,0.1367500000014843,30,4,2,0.0,0.0,0.0,True,,2.2e-07
66.0,+,34,16594.60907,4,3,0.0,1.0,1.0,0.01,16594.8626,-0.25353000000177417,34,4,3,0.0,1.0,1.0,True,,5.4e-08
66.0,+,112,27355.62755,6,0,1.0,0.0,1.0,9.0,27355.2397,0.3878500000027998,112,6,0,1.0,0.0,1.0,True,,4.8e-05
66.0,+,113,27575.78464,6,0,1.0,-1.0,0.0,16.0,27575.8527,-0.06805999999778578,113,6,0,1.0,-1.0,0.0,True,,8.6e-05
66.0,-,1,7460.9481,2,0,-1.0,0.0,-1.0,25.0,7460.9158,0.032299999999850115,1,2,0,-1.0,0.0,-1.0,True,,0.00013
66.0,-,2,7671.66976,2,0,-1.0,1.0,0.0,36.0,7670.6425,1.027259999999842,2,2,0,-1.0,1.0,0.0,True,,0.00019
66.0,-,3,7879.41666,2,0,-1.0,-1.0,-2.0,36.0,7879.4701,-0.053439999999682186,3,2,0,-1.0,-1.0,-2.0,True,,0.00019
66.0,-,20,15252.57615,3,0,-1.0,0.0,-1.0,4.0,15251.8029,0.7732500000001892,20,3,0,-1.0,0.0,-1.0,True,,2.2e-05
66.0,-,25,16760.81225,3,1,-1.0,0.0,-1.0,0.01,16759.936,0.8762499999975262,25,3,1,-1.0,0.0,-1.0,True,,5.4e-08
66.0,-,35,18244.42335,3,2,-1.0,0.0,-1.0,0.01,18243.5145,0.9088499999998021,35,3,2,-1.0,0.0,-1.0,True,,5.4e-08
66.0,-,42,19703.29765,3,3,-1.0,0.0,-1.0,0.01,19702.6271,0.6705499999989115,42,3,3,-1.0,0.0,-1.0,True,,5.4e-08
66.0,-,49,21137.38517,3,4,-1.0,0.0,-1.0,0.04,21137.0956,0.2895700000008219,49,3,4,-1.0,0.0,-1.0,True,,2.2e-07
67.0,+,13,12909.42995,4,0,0.0,1.0,1.0,1.0,12909.4895,-0.0595499999999447,13,4,0,0.0,1.0,1.0,True,,5.4e-06
67.0,+,22,15635.45916,4,2,0.0,1.0,1.0,0.01,15634.3615,1.0976599999994505,22,4,2,0.0,1.0,1.0,True,,5.4e-08
67.0,+,86,27575.6021,6,0,1.0,0.0,1.0,9.0,27575.5914,0.010699999998905696,86,6,0,1.0,0.0,1.0,True,,4.8e-05
67.0,+,88,27805.94656,6,0,1.0,1.0,2.0,16.0,27804.848,1.0985599999985425,88,6,0,1.0,-1.0,0.0,False,,8.6e-05
67.0,+,90,28031.28266,6,0,1.0,-1.0,0.0,9.0,28031.2949,-0.01224000000001979,90,6,0,1.0,1.0,2.0,False,,4.8e-05
67.0,-,1,7669.67932,2,0,-1.0,0.0,-1.0,64.0,7669.6731,0.006220000000212167,1,2,0,-1.0,0.0,-1.0,True,,0.00034
67.0,-,2,7877.93265,2,0,-1.0,1.0,0.0,25.0,7878.0089,-0.07625000000007276,2,2,0,-1.0,1.0,0.0,True,,0.00013
67.0,-,28,15459.46788,3,0,-1.0,0.0,-1.0,4.0,15459.4596,0.008280000000013388,28,3,0,-1.0,0.0,-1.0,True,,2.2e-05
67.0,-,35,16965.39518,3,1,-1.0,0.0,-1.0,0.04,16965.2788,0.11637999999948079,35,3,1,-1.0,0.0,-1.0,True,,2.2e-07
67.0,-,45,18446.70128,3,2,-1.0,0.0,-1.0,0.04,18446.5283,0.1729799999993702,45,3,2,-1.0,0.0,-1.0,True,,2.2e-07
67.0,-,55,19903.25213,3,3,-1.0,0.0,-1.0,0.04,19903.3183,-0.06616999999823747,55,3,3,-1.0,0.0,-1.0,True,,2.2e-07
67.0,-,63,21334.97518,3,4,-1.0,0.0,-1.0,0.09,21335.4315,-0.45631999999750406,63,3,4,-1.0,0.0,-1.0,True,,4.8e-07
68.0,+,4,8343.74661,1,0,0.0,0.0,0.0,169.0,8343.7447,0.0019100000008620555,4,1,0,0.0,0.0,0.0,True,,0.00091
68.0,+,8,10084.69461,1,1,0.0,0.0,0.0,80.04,10084.6812,0.013409999999566935,8,1,1,0.0,0.0,0.0,True,,0.00043
68.0,+,21,14282.80755,4,1,0.0,1.0,1.0,0.04,14283.0454,-0.2378500000013446,21,4,1,0.0,1.0,1.0,True,,2.2e-07
68.0,+,27,15634.19562,4,2,0.0,1.0,1.0,0.01,15634.414,-0.21838000000025204,27,4,2,0.0,1.0,1.0,True,,5.4e-08
68.0,+,112,27803.96498,6,0,1.0,0.0,1.0,9.0,27803.5311,0.4338800000004994,112,6,0,1.0,0.0,1.0,True,,4.8e-05
68.0,+,114,28030.15165,6,0,1.0,-1.0,0.0,9.0,28030.2786,-0.12695000000167056,114,6,0,1.0,-1.0,0.0,True,,4.8e-05
68.0,-,1,7877.75264,2,0,-1.0,0.0,-1.0,9.0,7877.8022,-0.0495600000003833,1,2,0,-1.0,0.0,-1.0,True,,4.8e-05
68.0,-,2,8094.44296,2,0,-1.0,1.0,0.0,4.0,8093.4018,1.0411600000006729,2,2,0,-1.0,1.0,0.0,True,,2.2e-05
68.0,-,3,8307.82566,2,0,-1.0,-1.0,-2.0,4.0,8307.9143,-0.08863999999994121,3,2,0,-1.0,-1.0,-2.0,True,,2.2e-05
68.0,-,26,17174.36801,3,1,-1.0,0.0,-1.0,0.01,17173.4466,0.921409999999014,26,3,1,-1.0,0.0,-1.0,True,,5.4e-08
68.0,-,35,18653.28881,3,2,-1.0,0.0,-1.0,0.01,18652.3378,0.9510099999970407,35,3,2,-1.0,0.0,-1.0,True,,5.4e-08
68.0,-,42,20107.44661,3,3,-1.0,0.0,-1.0,0.01,20106.742,0.7046100000006845,42,3,3,-1.0,0.0,-1.0,True,,5.4e-08
68.0,-,49,21536.81461,3,4,-1.0,0.0,-1.0,0.04,21536.4832,0.3314100000025064,49,3,4,-1.0,0.0,-1.0,True,,2.2e-07
69.0,+,13,13301.98595,4,0,0.0,1.0,1.0,4.0,13301.9843,0.0016500000001542503,13,4,0,0.0,1.0,1.0,True,,2.2e-05
69.0,+,86,28029.97429,6,0,1.0,0.0,1.0,16.0,28030.0393,-0.06501000000207569,86,6,0,1.0,0.0,1.0,True,,8.6e-05
69.0,+,88,28265.65955,6,0,1.0,1.0,2.0,1.0,28265.3227,0.3368499999996857,88,6,0,1.0,-1.0,0.0,False,,5.4e-06
69.0,+,90,28498.09166,6,0,1.0,-1.0,0.0,4.0,28498.0882,0.0034599999999045394,90,6,0,1.0,1.0,2.0,False,,2.2e-05
69.0,-,1,8092.46358,2,0,-1.0,0.0,-1.0,25.0,8092.4586,0.004979999999704887,1,2,0,-1.0,0.0,-1.0,True,,0.00013
69.0,-,2,8306.46665,2,0,-1.0,1.0,0.0,9.0,8306.4718,-0.005149999999048305,2,2,0,-1.0,1.0,0.0,True,,4.8e-05
69.0,-,28,15883.35521,3,0,-1.0,0.0,-1.0,4.0,15883.3484,0.006809999998949934,28,3,0,-1.0,0.0,-1.0,True,,2.2e-05
69.0,-,35,17384.54941,3,1,-1.0,0.0,-1.0,0.04,17384.4316,0.11780999999973574,35,3,1,-1.0,0.0,-1.0,True,,2.2e-07
69.0,-,46,18861.08041,3,2,-1.0,0.0,-1.0,0.01,18860.9213,0.15910999999687192,46,3,2,-1.0,0.0,-1.0,True,,5.4e-08
69.0,-,54,20312.80961,3,3,-1.0,0.0,-1.0,0.04,20312.9,-0.09039000000120723,54,3,3,-1.0,0.0,-1.0,True,,2.2e-07
69.0,-,63,21739.77461,3,4,-1.0,0.0,-1.0,0.09,21740.2441,-0.4694899999994959,63,3,4,-1.0,0.0,-1.0,True,,4.8e-07
70.0,+,4,8828.47261,1,0,0.0,0.0,0.0,144.0,8828.4969,-0.024289999999382417,4,1,0,0.0,0.0,0.0,True,,0.00077
70.0,+,8,10564.19261,1,1,0.0,0.0,0.0,80.04,10564.2266,-0.033989999999903375,8,1,1,0.0,0.0,0.0,True,,0.00043
70.0,+,16,13301.66548,4,0,0.0,1.0,1.0,1.0,13302.0253,-0.3598199999996723,16,4,0,0.0,1.0,1.0,True,,5.4e-06
70.0,+,21,14670.77628,4,1,0.0,1.0,1.0,0.01,14671.0405,-0.2642199999991135,21,4,1,0.0,1.0,1.0,True,,5.4e-08
70.0,+,27,16017.65903,4,2,0.0,1.0,1.0,0.09,16017.9037,-0.2446700000000419,27,4,2,0.0,1.0,1.0,True,,4.8e-07
70.0,+,33,17342.38873,4,3,0.0,1.0,1.0,0.01,17342.6593,-0.27057000000058906,33,4,3,0.0,1.0,1.0,True,,5.4e-08
70.0,+,112,28264.91558,6,0,1.0,0.0,1.0,4.0,28264.0649,0.8506799999995565,112,6,0,1.0,0.0,1.0,True,,2.2e-05
70.0,+,114,28497.07865,6,0,1.0,-1.0,0.0,4.0,28497.1267,-0.04805000000123982,114,6,0,1.0,-1.0,0.0,True,,2.2e-05
70.0,-,1,8306.29108,2,0,-1.0,0.0,-1.0,49.0,8306.2845,0.006580000001122244,1,2,0,-1.0,0.0,-1.0,True,,0.00026
70.0,-,2,8527.78755,2,0,-1.0,1.0,0.0,9.0,8527.7168,0.07074999999895226,2,2,0,-1.0,1.0,0.0,True,,4.8e-05
70.0,-,3,8747.78966,2,0,-1.0,-1.0,-2.0,1.0,8747.8746,-0.08493999999882362,3,2,0,-1.0,-1.0,-2.0,True,,5.4e-06
70.0,-,4,9843.73753,2,1,-1.0,0.0,-1.0,0.04,9843.7623,-0.024769999999989523,4,2,1,-1.0,0.0,-1.0,True,,2.2e-07
70.0,-,27,17599.16771,3,1,-1.0,0.0,-1.0,0.01,17598.2207,0.9470099999998638,27,3,1,-1.0,0.0,-1.0,True,,5.4e-08
70.0,-,35,19073.27091,3,2,-1.0,0.0,-1.0,0.01,19072.2866,0.984309999999823,35,3,2,-1.0,0.0,-1.0,True,,5.4e-08
70.0,-,42,20522.55261,3,3,-1.0,0.0,-1.0,0.01,20521.8327,0.7199099999997998,42,3,3,-1.0,0.0,-1.0,True,,5.4e-08
70.0,-,49,21946.99261,3,4,-1.0,0.0,-1.0,0.04,21946.7004,0.2922099999996135,49,3,4,-1.0,0.0,-1.0,True,,2.2e-07
71.0,+,13,13704.93815,4,0,0.0,1.0,1.0,1.0,13704.9742,-0.03605000000061409,13,4,0,0.0,1.0,1.0,True,,5.4e-06
71.0,+,86,28496.90308,6,0,1.0,0.0,1.0,9.0,28496.9107,-0.0076200000003154855,86,6,0,1.0,0.0,1.0,True,,4.8e-05
71.0,+,89,28738.99455,6,0,1.0,1.0,2.0,4.0,28738.8663,0.12824999999793363,89,6,0,1.0,-1.0,0.0,False,,2.2e-05
71.0,-,1,8527.04358,2,0,-1.0,0.0,-1.0,4.0,8526.7984,0.24517999999989115,1,2,0,-1.0,0.0,-1.0,True,,2.2e-05
71.0,-,2,8746.45465,2,0,-1.0,1.0,0.0,4.0,8746.4495,0.005149999999048305,2,2,0,-1.0,1.0,0.0,True,,2.2e-05
71.0,-,36,17814.89721,3,1,-1.0,0.0,-1.0,0.01,17814.8051,0.09210999999777414,36,3,1,-1.0,0.0,-1.0,True,,5.4e-08
71.0,-,54,20733.36261,3,3,-1.0,0.0,-1.0,0.04,20733.4608,-0.09819000000061351,54,3,3,-1.0,0.0,-1.0,True,,2.2e-07
71.0,-,63,22155.31261,3,4,-1.0,0.0,-1.0,0.04,22155.8434,-0.5307900000007066,63,3,4,-1.0,0.0,-1.0,True,,2.2e-07
72.0,+,4,9326.05261,1,0,0.0,0.0,0.0,25.0,9326.082,-0.029389999999693828,4,1,0,0.0,0.0,0.0,True,,0.00013
72.0,+,8,11056.37261,1,1,0.0,0.0,0.0,10.04,11056.4447,-0.07208999999966181,8,1,1,0.0,0.0,0.0,True,,5.4e-05
72.0,+,113,28738.25058,6,0,1.0,0.0,1.0,4.0,28737.5805,0.6700799999998708,113,6,0,1.0,0.0,1.0,True,,2.2e-05
72.0,+,114,28976.27365,6,0,1.0,-1.0,0.0,4.0,28976.2909,-0.017250000000785803,114,6,0,1.0,-1.0,0.0,True,,2.2e-05
72.0,-,1,8746.27908,2,0,-1.0,0.0,-1.0,4.0,8746.2801,-0.0010199999996984843,1,2,0,-1.0,0.0,-1.0,True,,2.2e-05
72.0,-,2,8973.55955,2,0,-1.0,1.0,0.0,9.0,8973.5033,0.0562499999996362,2,2,0,-1.0,1.0,0.0,True,,4.8e-05
72.0,-,42,20948.57261,3,3,-1.0,0.0,-1.0,0.01,20947.8136,0.7590099999979429,42,3,3,-1.0,0.0,-1.0,True,,5.4e-08
72.0,-,49,22367.94261,3,4,-1.0,0.0,-1.0,0.04,22367.6601,0.28250999999727355,49,3,4,-1.0,0.0,-1.0,True,,2.2e-07
73.0,+,13,14118.36915,4,0,0.0,1.0,1.0,1.0,14118.3762,-0.0070500000001629815,13,4,0,0.0,1.0,1.0,True,,5.4e-06
73.0,+,86,28976.09808,6,0,1.0,0.0,1.0,4.0,28976.1134,-0.015319999998610001,86,6,0,1.0,0.0,1.0,True,,2.2e-05
73.0,+,89,29224.46155,6,0,1.0,1.0,2.0,4.0,29224.0611,0.40045000000100117,89,6,0,1.0,-1.0,0.0,False,,2.2e-05
73.0,-,1,8972.81558,2,0,-1.0,0.0,-1.0,4.0,8972.6085,0.2070800000001327,1,2,0,-1.0,0.0,-1.0,True,,2.2e-05
73.0,-,2,9197.82065,2,0,-1.0,1.0,0.0,4.0,9197.8569,-0.036250000001018634,2,2,0,-1.0,1.0,0.0,True,,2.2e-05
73.0,-,54,21164.73261,3,3,-1.0,0.0,-1.0,0.04,21164.8532,-0.1205900000022666,54,3,3,-1.0,0.0,-1.0,True,,2.2e-07
73.0,-,63,22581.54261,3,4,-1.0,0.0,-1.0,0.04,22582.1407,-0.5980899999995017,63,3,4,-1.0,0.0,-1.0,True,,2.2e-07
74.0,+,4,9836.35261,1,0,0.0,0.0,0.0,16.0,9836.4057,-0.05308999999942898,4,1,0,0.0,0.0,0.0,True,,8.6e-05
74.0,+,113,29223.80158,6,0,1.0,0.0,1.0,4.0,29222.9828,0.818779999997787,113,6,0,1.0,0.0,1.0,True,,2.2e-05
74.0,+,116,29467.73365,6,0,1.0,-1.0,0.0,4.0,29467.8225,-0.08885000000009313,116,6,0,1.0,-1.0,0.0,True,,2.2e-05
74.0,-,1,9197.64508,2,0,-1.0,0.0,-1.0,4.0,9197.7041,-0.0590200000006007,1,2,0,-1.0,0.0,-1.0,True,,2.2e-05
74.0,-,2,9430.78455,2,0,-1.0,1.0,0.0,9.0,9430.6749,0.10965000000032887,2,2,0,-1.0,1.0,0.0,True,,4.8e-05
74.0,-,41,21385.33261,3,3,-1.0,0.0,-1.0,0.01,21384.5397,0.7929100000001199,41,3,3,-1.0,0.0,-1.0,True,,5.4e-08
74.0,-,49,22799.54261,3,4,-1.0,0.0,-1.0,0.01,22799.2725,0.2701100000012957,49,3,4,-1.0,0.0,-1.0,True,,5.4e-08
75.0,+,13,14542.09195,4,0,0.0,1.0,1.0,1.0,14542.1055,-0.013549999999668216,13,4,0,0.0,1.0,1.0,True,,5.4e-06
75.0,+,87,29467.55808,6,0,1.0,0.0,1.0,4.0,29467.5507,0.007379999999102438,87,6,0,1.0,0.0,1.0,True,,2.2e-05
75.0,+,91,29722.12455,6,0,1.0,1.0,2.0,4.0,29721.9097,0.21485000000029686,91,6,0,1.0,-1.0,0.0,False,,2.2e-05
75.0,-,1,9430.12458,2,0,-1.0,0.0,-1.0,4.0,9429.8025,0.32207999999991443,1,2,0,-1.0,0.0,-1.0,True,,2.2e-05
75.0,-,2,9660.55765,2,0,-1.0,1.0,0.0,4.0,9660.6066,-0.048949999998512794,2,2,0,-1.0,1.0,0.0,True,,2.2e-05
75.0,-,54,21606.90261,3,3,-1.0,0.0,-1.0,0.01,21606.9985,-0.09589000000050873,54,3,3,-1.0,0.0,-1.0,True,,5.4e-08
76.0,+,113,29721.46458,6,0,1.0,0.0,1.0,4.0,29720.5877,0.8768799999998009,113,6,0,1.0,0.0,1.0,True,,2.2e-05
76.0,+,117,29971.30565,6,0,1.0,-1.0,0.0,4.0,29971.3412,-0.03555000000051223,117,6,0,1.0,-1.0,0.0,True,,2.2e-05
76.0,-,1,9660.38208,2,0,-1.0,0.0,-1.0,4.0,9660.469,-0.08691999999973632,1,2,0,-1.0,0.0,-1.0,True,,2.2e-05
76.0,-,2,9899.27455,2,0,-1.0,-1.0,-2.0,9.0,9899.1427,0.13184999999975844,2,2,0,-1.0,-1.0,-2.0,True,,4.8e-05
77.0,+,87,29971.10208,6,0,1.0,0.0,1.0,4.0,29971.0502,0.051879999999073334,87,6,0,1.0,0.0,1.0,True,,2.2e-05
77.0,+,91,30231.87455,6,0,1.0,1.0,2.0,4.0,30231.5956,0.2789499999998952,91,6,0,1.0,-1.0,0.0,False,,2.2e-05
77.0,-,1,9898.61458,2,0,-1.0,0.0,-1.0,4.0,9898.2917,0.3228799999997136,1,2,0,-1.0,0.0,-1.0,True,,2.2e-05
77.0,-,2,10134.52365,2,0,-1.0,1.0,0.0,4.0,10134.6089,-0.08525000000008731,2,2,0,-1.0,1.0,0.0,True,,2.2e-05
78.0,+,115,30231.21458,6,0,1.0,0.0,1.0,4.0,30230.3643,0.8502799999987474,115,6,0,1.0,0.0,1.0,True,,2.2e-05
78.0,+,118,30486.78465,6,0,1.0,-1.0,0.0,4.0,30486.9431,-0.158449999998993,118,6,0,1.0,-1.0,0.0,True,,2.2e-05
78.0,-,1,10134.36308,2,0,-1.0,0.0,-1.0,4.0,10134.4853,-0.12222000000110711,1,2,0,-1.0,0.0,-1.0,True,,2.2e-05
78.0,-,2,10378.96855,2,0,-1.0,-1.0,-2.0,4.0,10378.8157,0.15285000000039872,2,2,0,-1.0,-1.0,-2.0,True,,2.2e-05
79.0,+,88,30486.62408,6,0,1.0,0.0,1.0,4.0,30486.7906,-0.16651999999885447,88,6,0,1.0,0.0,1.0,True,,2.2e-05
79.0,+,92,30753.60655,6,0,1.0,1.0,2.0,4.0,30753.2803,0.32625000000189175,92,6,0,1.0,-1.0,0.0,False,,2.2e-05
79.0,-,1,10378.30858,2,0,-1.0,0.0,-1.0,4.0,10377.9851,0.32348000000092725,1,2,0,-1.0,0.0,-1.0,True,,2.2e-05
79.0,-,2,10619.52465,2,0,-1.0,1.0,0.0,4.0,10619.7718,-0.24715000000105647,2,2,0,-1.0,1.0,0.0,True,,2.2e-05
80.0,+,115,30752.94658,6,0,1.0,0.0,1.0,4.0,30752.0372,0.9093800000009651,115,6,0,1.0,0.0,1.0,True,,2.2e-05
80.0,+,118,31014.21265,6,0,1.0,-1.0,0.0,4.0,31014.4869,-0.2742499999985739,118,6,0,1.0,-1.0,0.0,True,,2.2e-05
80.0,-,1,10619.40708,2,0,-1.0,0.0,-1.0,4.0,10619.661,-0.2539199999991979,1,2,0,-1.0,0.0,-1.0,True,,2.2e-05
80.0,-,2,10869.75555,2,0,-1.0,-1.0,-2.0,4.0,10869.6004,0.1551500000005035,2,2,0,-1.0,-1.0,-2.0,True,,2.2e-05
81.0,+,89,31014.09508,6,0,1.0,0.0,1.0,4.0,31014.3447,-0.24962000000232365,89,6,0,1.0,0.0,1.0,True,,2.2e-05
81.0,+,93,31287.22355,6,0,1.0,1.0,2.0,4.0,31286.8487,0.37485000000015134,93,6,0,1.0,-1.0,0.0,False,,2.2e-05
81.0,-,1,10869.09558,2,0,-1.0,0.0,-1.0,1.0,10868.7894,0.30617999999958556,1,2,0,-1.0,0.0,-1.0,True,,5.4e-06
81.0,-,2,11115.59465,2,0,-1.0,1.0,0.0,4.0,11116.0009,-0.40625,2,2,0,-1.0,1.0,0.0,True,,2.2e-05
82.0,+,120,31553.40665,6,0,1.0,-1.0,0.0,4.0,31553.8538,-0.4471499999999651,120,6,0,1.0,-1.0,0.0,True,,2.2e-05
82.0,-,1,11115.52008,2,0,-1.0,0.0,-1.0,1.0,11115.9019,-0.3818200000005163,1,2,0,-1.0,0.0,-1.0,True,,5.4e-06
82.0,-,2,11371.57255,2,0,-1.0,-1.0,-2.0,4.0,11371.4013,0.1712500000012369,2,2,0,-1.0,-1.0,-2.0,True,,2.2e-05
83.0,+,93,31832.80855,6,0,1.0,1.0,2.0,4.0,31832.1809,0.627650000002177,93,6,0,1.0,-1.0,0.0,False,,2.2e-05
83.0,-,2,11622.55965,2,0,-1.0,1.0,0.0,4.0,11623.1997,-0.6400499999999738,2,2,0,-1.0,1.0,0.0,True,,2.2e-05
84.0,+,122,32104.34965,6,0,1.0,-1.0,0.0,4.0,32105.0111,-0.6614499999996042,122,6,0,1.0,-1.0,0.0,True,,2.2e-05
84.0,-,2,11884.50655,2,0,-1.0,-1.0,-2.0,4.0,11884.1203,0.38624999999956344,2,2,0,-1.0,-1.0,-2.0,True,,2.2e-05
85.0,+,93,32390.09955,6,0,1.0,1.0,2.0,4.0,32389.585,0.5145499999998719,94,6,0,1.0,-1.0,0.0,False,,2.2e-05
85.0,-,2,12140.40965,2,0,-1.0,1.0,0.0,4.0,12141.2692,-0.8595500000010361,2,2,0,-1.0,1.0,0.0,True,,2.2e-05
86.0,+,123,32667.09065,6,0,1.0,-1.0,0.0,1.0,32667.7107,-0.6200500000013562,123,6,0,1.0,-1.0,0.0,True,,5.4e-06
86.0,-,2,12408.05955,2,0,-1.0,-1.0,-2.0,4.0,12407.6573,0.4022499999991851,2,2,0,-1.0,-1.0,-2.0,True,,2.2e-05
87.0,+,94,32958.81255,6,0,1.0,1.0,2.0,1.0,32957.8294,0.9831500000000233,94,6,0,1.0,-1.0,0.0,False,,5.4e-06
