J,parity,state,v,observed_cm,input_weight,previous_cm,final_cm,delta_cm,rank_changed
0.0,+,1,0,0.0,13924.0,0.0,0.0,0.0,False
0.0,+,1,1,1827.48618,0.64,1827.481219225742,1827.481219387662,1.619198428670643e-07,False
0.0,+,1,2,3626.68149,0.81,3626.661886808147,3626.661887500694,6.925470188434701e-07,False
0.0,+,1,3,5396.68647,0.36,5396.606945469601,5396.606946946463,1.4768620530958287e-06,False
0.0,+,4,0,6250.14953,25.0,6250.345481586765,6250.345481455628,-1.311373125645332e-07,False
0.0,+,1,4,7136.34991,0.16,7136.199747194634,7136.19974871064,1.5160057955654338e-06,False
0.0,+,4,1,7698.25288,0.16,7698.439930623549,7698.439930408907,-2.146425686078146e-07,False
0.0,+,1,5,8844.12432,0.49,8843.945063879895,8843.945064727453,8.475581125821918e-07,False
0.0,+,4,2,9124.17747,0.09,9124.411982447333,9124.411982329151,-1.1818156053777784e-07,False
0.0,+,1,6,10517.95,0.04,10517.770568275491,10517.77056839551,1.2001873983535916e-07,False
0.0,+,4,3,10528.07629,0.09,10528.302302785803,10528.302302488903,-2.9690090741496533e-07,False
0.0,+,1,7,12154.96104,0.09,12155.026059787777,12155.026059735226,-5.2550603868439794e-08,False
0.0,+,1,8,13751.39251,0.04,13751.421288854322,13751.421289207443,3.531204129103571e-07,False
0.0,+,8,0,15196.50888,4.0,15196.52836646799,15196.528366282277,-1.857133611338213e-07,False
0.0,+,1,9,15302.89279,0.0015,15301.16050660052,15301.160507161618,5.610982043435797e-07,False
0.0,+,8,1,16616.99662,0.04,16616.991641882996,16616.991641709472,-1.7352431314066052e-07,False
0.0,+,8,3,19457.58008,0.01,19457.504998567652,19457.504998206816,-3.6083656596019864e-07,False
0.0,+,6,0,20009.01051,9.0,20008.97930902507,20008.97931708111,8.05603849585168e-06,False
0.0,+,6,1,21762.51003,0.25,21762.51176839414,21762.511771120215,2.72607576334849e-06,False
0.0,+,6,2,23478.64612,0.09,23478.61026461511,23478.610266195534,1.5804253052920103e-06,False
0.0,+,6,3,25154.25703,0.49,25154.173026597964,25154.172977412236,-4.9185728130396456e-05,False
0.0,+,6,4,26785.16292,0.01,26784.710881201692,26784.71088448328,3.2815878512337804e-06,False
0.0,+,6,5,28365.14897,0.36,28365.117927018353,28365.117956840328,2.9821974749211222e-05,False
0.0,+,6,6,29889.37192,0.09,29888.378560267127,29888.378710435354,0.00015016822726465762,False
0.0,+,6,7,31346.66832,0.16,31346.59259586861,31346.592637305173,4.143656406085938e-05,False
0.0,+,6,8,32731.03437,0.01,32730.827647488542,32730.827707793713,6.03051703365054e-05,False
0.0,+,6,9,34034.57692,0.0004,34033.70358370373,34033.70357797306,-5.7306751841679215e-06,False
0.0,+,6,10,35254.39831,0.0028,35253.84228416326,35253.84220098059,-8.318266918649897e-05,False
0.0,+,6,12,37472.23572,0.0002,37471.42449474312,37471.42440917018,-8.557294495403767e-05,False
0.0,-,2,0,632.72979,25.0,632.726213045985,632.726215003201,1.9572159999370342e-06,False
0.0,-,2,1,2250.7145,1.0,2250.679637364796,2250.679636993282,-3.7151357901166193e-07,False
0.0,-,2,2,3845.34962,0.25,3845.380043760666,3845.380043537815,-2.2285121303866617e-07,False
0.0,-,2,3,5416.66979,0.01,5416.653669590858,5416.653667874259,-1.716599399514962e-06,False
0.0,-,2,4,6964.70287,0.01,6964.605369449368,6964.605365007343,-4.442024874151684e-06,False
0.0,-,2,5,8488.62283,0.01,8489.256801319747,8489.256791332262,-9.987485100282356e-06,False
0.0,-,5,0,9280.83461,36.0,9280.844644031084,9280.844708230154,6.419907003873959e-05,False
0.0,-,5,1,11312.66782,0.64,11312.591630147059,11312.591577341358,-5.280570076138247e-05,False
0.0,-,2,7,11468.54981,0.04,11468.6713918318,11468.671442116025,5.0284224926144816e-05,False
0.0,-,2,8,12923.12313,0.01,12923.091781839525,12923.091749284462,-3.255506271671038e-05,False
0.0,-,5,2,13315.61059,0.09,13315.850499258748,13315.850564867926,6.560917790920939e-05,False
0.0,-,2,9,14354.35296,0.0004,14354.35576114802,14354.355761086745,-6.127447704784572e-08,False
0.0,-,5,3,15288.57986,0.36,15288.534043688054,15288.534044088088,4.000339686172083e-07,False
0.0,-,2,10,15762.29387,0.0003,15762.359753358498,15762.359766686952,1.3328453860594891e-05,False
0.0,-,2,11,17147.09864,0.0011,17146.86356928203,17146.86354989109,-1.939093999681063e-05,False
0.0,-,5,5,19139.89474,0.09,19139.847007726512,19139.847023280247,1.5553734556306154e-05,False
0.0,-,5,6,21015.17311,0.01,21015.064563842745,21015.06454158484,-2.225790376542136e-05,False
0.0,-,5,7,22854.43567,0.04,22854.354658145643,22854.35467340143,1.525578772998415e-05,False
1.0,+,4,0,6250.45902,196.0,6250.348026943042,6250.348026811945,-1.310972947976552e-07,False
1.0,+,4,1,7698.5526,2.25,7698.443242269267,7698.443242052295,-2.1697178453905508e-07,False
1.0,+,4,2,9124.48029,1.69,9124.416332138248,9124.416332026012,-1.1223528417758644e-07,False
1.0,+,4,3,10528.32009,0.25,10528.248776910583,10528.248776663539,-2.4704422685317695e-07,False
1.0,+,4,5,13270.0052,0.01,13269.867207889463,13269.867207708825,-1.8063838069792837e-07,False
1.0,+,4,6,14608.14077,0.01,14607.871145333642,14607.871145086705,-2.4693690647836775e-07,False
1.0,+,6,0,19998.25343,81.0,19998.261438794372,19998.261439038408,2.440356183797121e-07,False
1.0,+,6,0,20014.51376,100.0,20014.48641356028,20014.486421342663,7.782382454024628e-06,False
1.0,+,6,1,21751.86956,1.21,21751.90830806021,21751.9083079827,-7.751077646389604e-08,False
1.0,+,6,1,21767.9799,1.0,21767.99273419504,21767.992735469044,1.2740056263282895e-06,False
1.0,+,6,2,23468.13674,0.64,23468.155281494623,23468.15528049971,-9.949108061846346e-07,False
1.0,+,6,2,23484.07313,0.64,23484.073058088747,23484.073028420473,-2.9668273782590404e-05,False
1.0,+,6,3,25143.74997,4.41,25143.78194162155,25143.781939314063,-2.3074862838257104e-06,False
1.0,+,6,3,25159.49283,5.76,25159.51415250236,25159.51410498872,-4.751364031108096e-05,False
1.0,+,6,4,26774.53013,0.49,26774.535551581794,26774.5355451099,-6.471895176218823e-06,False
1.0,+,6,4,26790.04113,0.25,26790.07837743011,26790.078321392866,-5.603724275715649e-05,False
1.0,+,6,5,28355.03644,5.76,28355.082759849545,28355.082755476913,-4.3726322473958135e-06,False
1.0,+,6,5,28370.28187,3.24,28370.335083634367,28370.334988491406,-9.514296107226983e-05,False
1.0,+,6,6,29876.88517,0.09,29878.580120752868,29878.58011581009,-4.942776286043227e-06,False
1.0,+,6,6,29894.52877,0.04,29893.535621150095,29893.535529197514,-9.195258098770864e-05,False
1.0,+,6,7,31336.9736,1.44,31337.04974028248,31337.049737956102,-2.3263783077709377e-06,False
1.0,+,6,7,31351.53096,1.21,31351.627897913757,31351.627872944002,-2.4969755031634122e-05,False
1.0,+,6,8,32721.42173,0.36,32721.607368320176,32721.607365082837,-3.237339115003124e-06,False
1.0,+,6,8,32735.89864,0.16,32735.778386719358,32735.778417693164,3.097380613326095e-05,False
1.0,+,6,9,34024.92913,0.0004,34024.88503025737,34024.88502169083,-8.566537871956825e-06,False
1.0,+,6,9,34038.7831,0.0004,34038.629469737854,34038.6294761475,6.409645720850676e-06,False
1.0,+,6,10,35245.42111,0.0256,35245.34526663988,35245.34526134708,-5.292800778988749e-06,False
1.0,+,6,10,35258.65767,0.0202,35258.546248198145,35258.54619624645,-5.195169796934351e-05,False
1.0,+,6,11,36388.0853,0.0011,36388.61368320172,36388.61367756099,-5.640729796141386e-06,False
1.0,+,6,12,37463.72651,0.006,37463.693271164506,37463.693263509274,-7.655231456737965e-06,False
1.0,+,6,12,37476.11283,0.0022,37475.92180352366,37475.92174568433,-5.78393301111646e-05,False
1.0,-,2,0,619.64211,225.0,619.649975989008,619.649977918446,1.92943798538181e-06,False
1.0,-,2,0,635.32745,289.0,635.324337305638,635.324339297925,1.9922870251321e-06,False
1.0,-,2,1,2237.60649,2.89,2237.604843665045,2237.604843375112,-2.8993281375733204e-07,False
1.0,-,2,1,2253.25934,5.29,2253.247434111706,2253.247433990718,-1.209878064400982e-07,False
1.0,-,2,2,3832.26124,2.25,3832.302966866554,3832.302967111063,2.445090103719849e-07,False
1.0,-,2,2,3847.87568,2.25,3847.917940512338,3847.917941144283,6.319446583802346e-07,False
1.0,-,2,3,5403.59787,1.0,5403.570755970257,5403.570755217221,-7.530361472163349e-07,False
1.0,-,2,3,5419.15671,0.81,5419.162634371942,5419.16263469301,3.210680006304756e-07,False
1.0,-,2,4,6951.56999,0.09,6951.513897133676,6951.513894532105,-2.6015713956439868e-06,False
1.0,-,2,4,6967.10868,0.25,6967.087210942221,6967.087210816877,-1.2534383131423965e-07,False
1.0,-,3,0,8271.60685,196.0,8271.594198770723,8271.594201055443,2.2847198124509305e-06,False
1.0,-,2,5,8476.1853,0.49,8476.156903718853,8476.156897998686,-5.720166882383637e-06,False
1.0,-,2,5,8491.76192,1.21,8491.718567211135,8491.718567802189,5.910533218411729e-07,False
1.0,-,5,0,9280.21579,400.0,9280.215042260425,9280.215100531024,5.82705997658195e-05,False
1.0,-,3,1,9855.61511,1.96,9855.609505524471,9855.609506557295,1.0328240023227409e-06,False
1.0,-,2,6,9977.59117,0.04,9977.47862134841,9977.478615124666,-6.223743184818886e-06,False
1.0,-,2,6,9992.94943,0.09,9993.021044338706,9993.021044178438,-1.6026751836761832e-07,False
1.0,-,5,1,11312.05232,5.29,11312.02706549137,11312.027031537962,-3.395340718270745e-05,False
1.0,-,3,2,11415.41218,2.25,11415.440491981864,11415.440492186295,2.0443076209630817e-07,False
1.0,-,2,7,11455.03176,0.25,11455.487323887362,11455.487349944995,2.6057632567244582e-05,False
1.0,-,2,7,11470.86937,0.25,11470.957661611657,11470.957661283435,-3.2822208595462143e-07,False
1.0,-,2,8,12910.03547,0.25,12909.955136372959,12909.95511917008,-1.7202879462274723e-05,False
1.0,-,2,8,12925.80892,0.09,12925.501459899737,12925.501460430822,5.310848791850731e-07,False
1.0,-,3,3,12950.93001,1.96,12950.923484947361,12950.923487071665,2.1243031369522214e-06,False
1.0,-,5,2,13314.97748,1.21,13315.240797560004,13315.240840768929,4.3208925490034744e-05,False
1.0,-,2,9,14341.26586,0.03,14341.169227954535,14341.169227638344,-3.1619129003956914e-07,False
1.0,-,2,9,14356.50888,0.0059,14356.679235432957,14356.679235210479,-2.2247877495829016e-07,False
1.0,-,3,4,14462.10991,0.81,14462.067300326686,14462.067301165147,8.38461346575059e-07,False
1.0,-,5,3,15287.93752,2.56,15287.969207915268,15287.969208975368,1.060099748428911e-06,False
1.0,-,2,10,15749.18827,0.0013,15749.12164080577,15749.12164830882,7.503049346269108e-06,False
1.0,-,2,10,15764.5021,0.0013,15764.59384019232,15764.593840123891,-6.842856237199157e-08,False
1.0,-,3,5,15948.88012,0.16,15948.813714906159,15948.813716449726,1.5435671230079606e-06,False
1.0,-,2,11,17133.74118,0.0044,17133.793540551418,17133.793533143522,-7.407896191580221e-06,False
1.0,-,2,11,17149.03905,0.0011,17149.432251650785,17149.432252136237,4.854518920183182e-07,False
1.0,-,3,6,17411.1295,0.04,17411.05791471018,17411.05791703458,2.32439924729988e-06,False
1.0,-,3,7,18848.79097,0.01,18848.685675944118,18848.685675363733,-5.803849489893764e-07,False
1.0,-,5,5,19139.23084,1.0,19139.29581235771,19139.295829850926,1.7493217455921695e-05,False
1.0,-,2,13,19832.98979,0.0009,19835.630106886736,19835.630106305212,-5.815236363559961e-07,False
1.0,-,5,6,21014.50778,0.36,21014.584908993154,21014.584879733662,-2.9259492293931544e-05,False
1.0,-,3,9,21649.98402,0.0015,21649.783981621884,21649.783994362122,1.274023816222325e-05,False
1.0,-,5,7,22853.73672,0.36,22853.8132229773,22853.813231549684,8.572384103899822e-06,False
1.0,-,3,10,23013.2947,0.0013,23013.042150713,23013.04215866752,7.95451705926098e-06,False
1.0,-,3,11,24351.5847,0.0011,24351.304662593386,24351.304660511712,-2.0816733012907207e-06,False
1.0,-,3,12,25664.72351,0.0038,25664.458769403394,25664.458760263526,-9.139868780039251e-06,False
1.0,-,3,13,26952.55153,0.0034,26952.371848090268,26952.37184175483,-6.3354382291436195e-06,False
1.0,-,3,14,28214.90407,0.0008,28214.884567364534,28214.884566104553,-1.259981218026951e-06,False
1.0,-,3,15,29451.57549,0.0028,29451.797475196505,29451.79747848133,3.284825652372092e-06,False
1.0,-,3,16,30662.3611,0.0006,30662.875337800026,30662.875340228496,2.4284709070343524e-06,False
2.0,+,1,0,10.87522,676.0,10.866349386389,10.866349386205,-1.8400037049559614e-10,False
2.0,+,1,1,1838.23872,110.24,1838.238366369764,1838.238366531306,1.6154194781847764e-07,False
2.0,+,1,2,3637.32674,7.29,3637.308777165574,3637.308777856872,6.91297827870585e-07,False
2.0,+,1,3,5407.21821,1.96,5407.141436175495,5407.141437651262,1.4757670214748941e-06,False
2.0,+,4,0,6250.33028,529.0,6250.347273234336,6250.347273103173,-1.3116277841618285e-07,False
2.0,+,4,0,6265.18371,529.0,6265.250325079484,6265.250324948503,-1.3098178897053003e-07,False
2.0,+,1,4,7146.76412,2.25,7146.618839544933,7146.618841061385,1.5164523574640043e-06,False
2.0,+,4,1,7698.42414,4.84,7698.442444149366,7698.44244393318,-2.1618598111672327e-07,False
2.0,+,4,1,7713.11601,3.61,7713.181399608214,7713.18139939255,-2.156639311579056e-07,False
2.0,+,1,5,8854.41408,3.24,8854.244649547694,8854.244650396979,8.492843335261568e-07,False
2.0,+,4,2,9124.3528,5.29,9124.415425264166,9124.415425149238,-1.149273884948343e-07,False
2.0,+,4,2,9138.87881,4.0,9138.990241391752,9138.99024127613,-1.1562224244698882e-07,False
2.0,+,1,6,10527.54868,4.0,10527.564562442474,10527.564562607931,1.6545709513593465e-07,False
2.0,+,4,3,10528.69598,2.89,10528.663297818432,10528.6632974988,-3.1963099900167435e-07,False
2.0,+,4,3,10542.57465,1.69,10542.682264696723,10542.682264428244,-2.684791979845613e-07,False
2.0,+,7,0,11867.82519,36.0,11867.8148207693,11867.814822119233,1.3499338820111006e-06,False
2.0,+,4,4,11910.0031,0.49,11910.025721069269,11910.025720932153,-1.3711542123928666e-07,False
2.0,+,4,4,11924.19807,0.25,11924.271000821684,11924.271000677976,-1.4370743883773685e-07,False
2.0,+,1,7,12164.9951,0.81,12165.06720419253,12165.067204139263,-5.326728569343686e-08,False
2.0,+,7,1,13252.26534,0.16,13252.275816262445,13252.275816102601,-1.5984369383659214e-07,False
2.0,+,4,5,13269.88317,0.09,13269.861312010456,13269.86131183214,-1.7831735021900386e-07,False
2.0,+,4,5,13283.91745,0.25,13283.942433015985,13283.942432824506,-1.9147955754306167e-07,False
2.0,+,1,8,13761.28004,0.36,13761.31719762348,13761.317197975319,3.518380253808573e-07,False
2.0,+,4,6,14607.91028,0.09,14607.864101351022,14607.864101106217,-2.44805050897412e-07,False
2.0,+,7,2,14613.83544,0.25,14613.872943990507,14613.872944132801,1.4229408407118171e-07,False
2.0,+,4,6,14621.78804,0.16,14621.780909091538,14621.780908813329,-2.782089723041281e-07,False
2.0,+,8,0,15205.35907,25.0,15205.37855986079,15205.37855967512,-1.856697053881362e-07,False
2.0,+,1,9,15312.6264,0.0133,15310.894030475134,15310.894031035932,5.607980710919946e-07,False
2.0,+,4,7,15924.1905,0.04,15924.155978872557,15924.155978744357,-1.2820055417250842e-07,False
2.0,+,4,7,15937.95501,0.04,15937.90847711705,15937.908476927174,-1.8987520888913423e-07,False
2.0,+,7,3,15952.60006,0.25,15952.619494787505,15952.619494406617,-3.808872861554846e-07,False
2.0,+,8,1,16625.7787,0.16,16625.77790362102,16625.777903447455,-1.7356433090753853e-07,False
2.0,+,4,8,17218.84452,0.04,17218.854566377,17218.854566159243,-2.1775485947728157e-07,False
2.0,+,7,4,17268.62883,0.36,17268.62219994724,17268.62219848637,-1.4608704077545553e-06,False
2.0,+,8,2,18045.24962,0.04,18045.571979665492,18045.57197950799,-1.5750265447422862e-07,False
2.0,+,7,5,18561.9736,0.16,18561.957704671073,18561.95770282888,-1.8421924323774874e-06,False
2.0,+,8,3,19466.26106,0.09,19466.188592985098,19466.18859262563,-3.5946868592873216e-07,False
2.0,+,7,6,19832.66158,0.16,19832.590791665658,19832.590782276602,-9.389055776409805e-06,False
2.0,+,6,0,19983.95383,121.0,19984.0377615374,19984.03776375447,2.21707159653306e-06,False
2.0,+,6,0,20004.78321,196.0,20004.782059201585,20004.782060230562,1.0289768397342414e-06,False
2.0,+,6,0,20021.88339,169.0,20021.866319179546,20021.866326104104,6.924557965248823e-06,False
2.0,+,7,7,21080.87284,0.09,21080.791448111744,21080.79144776204,-3.49704350810498e-07,False
2.0,+,6,1,21737.69675,0.81,21737.729571393967,21737.72957001206,-1.3819080777466297e-06,False
2.0,+,6,1,21758.34274,2.25,21758.346269812275,21758.34626995915,1.4687611837871373e-07,False
2.0,+,6,1,21775.2354,1.44,21775.247587256286,21775.247589627117,2.3708307708147913e-06,False
2.0,+,6,2,23453.92182,1.0,23453.5247558254,23453.524699962392,-5.586300903814845e-05,False
2.0,+,6,2,23474.49742,1.96,23474.458179001853,23474.458174197425,-4.804427589988336e-06,False
2.0,+,6,2,23491.21282,1.0,23491.193729816034,23491.19373167574,1.859705662354827e-06,False
2.0,+,6,3,25129.96382,4.0,25129.962950380843,25129.962968912474,1.8531631212681532e-05,False
2.0,+,6,3,25150.06417,6.76,25150.060693168387,25150.060686832447,-6.335940270218998e-06,False
2.0,+,6,3,25166.62962,5.76,25166.57796957796,25166.57792821053,-4.136743154958822e-05,False
2.0,+,6,4,26760.82671,0.36,26760.81977558936,26760.819631975908,-0.00014361345165525563,False
2.0,+,6,4,26780.68177,0.49,26780.725101467637,26780.725092552904,-8.91473246156238e-06,False
2.0,+,6,4,26796.87904,0.49,26796.856063389285,26796.856061451617,-1.9376675481908023e-06,False
2.0,+,6,5,28341.76794,4.84,28341.77210982245,28341.772221445033,0.00011162258306285366,False
2.0,+,6,5,28361.1501,5.29,28361.16782982222,28361.1678390804,9.25817948882468e-06,False
2.0,+,6,5,28377.15623,5.76,28377.151835279652,28377.151862329963,2.7050311473431066e-05,False
2.0,+,6,6,29864.78589,0.09,29865.529372499812,29865.529340999783,-3.1500028853770345e-05,False
2.0,+,6,6,29883.93305,0.16,29884.55252616677,29884.5525389547,1.2787928426405415e-05,False
2.0,+,6,6,29901.73225,0.09,29900.17468022021,29900.174825256814,0.00014503660349873826,False
2.0,+,6,7,31324.48987,1.0,31324.567759226822,31324.568045266125,0.0002860393033188302,False
2.0,+,6,7,31342.86465,2.56,31342.89719342716,31342.897208735274,1.530811277916655e-05,False
2.0,+,6,7,31358.21178,1.44,31358.175415290712,31358.175450865725,3.5575012589106336e-05,False
2.0,+,6,8,32709.27246,0.36,32709.420819324638,32709.420760639758,-5.868488005944528e-05,False
2.0,+,6,8,32727.05373,0.49,32727.307233197243,32727.307234237607,1.0403637134004384e-06,False
2.0,+,6,8,32742.4397,0.09,32742.117781498804,32742.11783238471,5.0885904784081504e-05,False
2.0,+,6,9,34013.24764,0.0004,34013.234721820976,34013.23471175845,-1.0062525689136237e-05,False
2.0,+,6,9,34030.55731,0.0015,34030.44120125382,34030.44119277319,-8.480630640406162e-06,False
2.0,+,6,9,34045.01693,0.0004,34044.600425509525,34044.600419048045,-6.461479642894119e-06,False
2.0,+,6,10,35233.97426,0.0202,35234.19497583657,35234.194956507876,-1.9328697817400098e-05,False
2.0,+,6,10,35250.86546,0.0455,35250.71608430967,35250.71607033342,-1.3976248737890273e-05,False
2.0,+,6,10,35265.00988,0.0256,35264.53915662114,35264.53908584691,-7.077422924339771e-05,False
2.0,+,6,11,36376.94782,0.0011,36377.984919157556,36377.98498573751,6.657995254499838e-05,False
2.0,+,6,11,36393.34668,0.0025,36393.82432786637,36393.82431404664,-1.3819735613651574e-05,False
2.0,+,6,12,37452.91087,0.0038,37453.58458858822,37453.5845796087,-8.979521226137877e-06,False
2.0,+,6,12,37468.84749,0.0087,37468.74943381419,37468.74941740977,-1.640442496864125e-05,False
2.0,+,6,12,37482.23148,0.0038,37481.50640073265,37481.50632599707,-7.47355807106942e-05,False
2.0,-,2,0,603.81737,256.0,603.811808706609,603.811810700103,1.9934940382881905e-06,False
2.0,-,2,0,625.9238,400.0,625.930197789741,625.930199728529,1.9387880456633866e-06,False
2.0,-,2,0,644.34202,324.0,644.335921128668,644.335923075496,1.9468279788270593e-06,False
2.0,-,2,1,2221.80345,5.76,2221.79303483428,2221.793034715595,-1.1868542060256004e-07,False
2.0,-,2,1,2243.82684,6.25,2243.823233644929,2243.823233391877,-2.530523488530889e-07,False
2.0,-,2,1,2262.1729,6.25,2262.155971219501,2262.155970810007,-4.094940777576994e-07,False
2.0,-,2,2,3816.47789,3.24,3816.5137020495,3816.513702694805,6.453051355492789e-07,False
2.0,-,2,2,3838.41071,5.29,3838.459317949455,3838.459318297192,3.4773711377056316e-07,False
2.0,-,2,2,3856.69175,1.96,3856.721956198091,3856.72195586107,-3.3702099244692363e-07,False
2.0,-,2,3,5387.84846,1.0,5387.800354169015,5387.800354515008,3.459927029325627e-07,False
2.0,-,2,3,5409.67232,1.96,5409.665204247899,5409.665203760062,-4.878374966210686e-07,False
2.0,-,2,3,5427.88628,1.69,5427.860627397844,5427.860625397344,-2.000499989662785e-06,False
2.0,-,2,4,6935.84335,1.0,6935.759558687401,6935.759558621658,-6.574373401235789e-08,False
2.0,-,2,4,6957.59277,0.49,6957.546592074177,6957.546590057746,-2.0164316083537415e-06,False
2.0,-,2,4,6975.73603,0.36,6975.676304247316,6975.67629917449,-5.0728258429444395e-06,False
2.0,-,3,0,8278.03555,256.0,8278.026493276373,8278.026495561218,2.284845322719775e-06,False
2.0,-,2,5,8460.47032,1.69,8460.418824936287,8460.418825666731,7.304442988242954e-07,False
2.0,-,2,5,8482.17726,1.69,8482.12869620818,8482.128691947995,-4.260184141458012e-06,False
2.0,-,2,5,8500.23877,1.44,8500.18840522933,8500.188393696544,-1.1532785720191896e-05,False
2.0,-,5,0,9280.48492,841.0,9280.434600217404,9280.434659284281,5.9066876929136924e-05,False
2.0,-,5,0,9299.7964,529.0,9299.860338934997,9299.860402265855,6.333085730148014e-05,False
2.0,-,3,1,9861.97922,2.56,9861.9735489848,9861.973550018572,1.0337716958019882e-06,False
2.0,-,2,6,9961.85131,0.04,9961.743761898279,9961.743761846103,-5.217589205130935e-08,False
2.0,-,2,6,9983.41358,0.16,9983.386478600107,9983.3864736317,-4.968407665728591e-06,False
2.0,-,2,6,10001.39263,0.09,10001.399903425854,10001.399893346375,-1.0079478670377284e-05,False
2.0,-,5,1,11312.26249,12.25,11312.271045832142,11312.271021221377,-2.4610764739918523e-05,False
2.0,-,5,1,11331.45729,9.0,11331.34225128342,11331.342187376747,-6.39066729490878e-05,False
2.0,-,3,2,11421.70169,2.56,11421.73594242641,11421.735942600666,1.7425554688088596e-07,False
2.0,-,2,7,11439.77167,0.36,11439.699880531723,11439.699879266544,-1.265179889742285e-06,False
2.0,-,2,7,11461.31771,0.81,11461.318368756614,11461.318387427296,1.867068203864619e-05,False
2.0,-,2,7,11479.19964,0.36,11479.39062734486,11479.390687690473,6.034561374690384e-05,False
2.0,-,2,8,12894.34601,0.25,12894.253653232614,12894.253654140297,9.076829883269966e-07,False
2.0,-,2,8,12915.79513,1.0,12915.743706901774,12915.74369391345,-1.2988324670004658e-05,False
2.0,-,2,8,12933.6701,0.16,12933.600886265436,12933.600849497947,-3.67674892913783e-05,False
2.0,-,3,3,12957.15195,1.0,12957.15035943709,12957.150361540442,2.1033520170021802e-06,False
2.0,-,5,2,13315.26492,1.96,13315.43788751113,13315.437929225038,4.171390719420742e-05,False
2.0,-,5,2,13334.20772,1.21,13334.497259714319,13334.497326350292,6.663597378064878e-05,False
2.0,-,2,9,14325.62374,0.0237,14325.441693686738,14325.441693448594,-2.3814391170162708e-07,False
2.0,-,2,9,14346.98577,0.0533,14346.887051127627,14346.887050750012,-3.776149242185056e-07,False
2.0,-,2,9,14364.77297,0.0181,14364.752340205561,14364.752340287616,8.205461199395359e-08,False
2.0,-,3,4,14468.25598,1.44,14468.225335886738,14468.225336722959,8.362203516298905e-07,False
2.0,-,5,3,15288.18169,4.84,15288.191779132669,15288.191780387317,1.2546479410957545e-06,False
2.0,-,5,3,15306.99808,3.24,15306.923726110766,15306.923726173165,6.239861249923706e-08,False
2.0,-,2,10,15733.56478,0.0013,15733.363883563674,15733.363883313248,-2.504257281543687e-07,False
2.0,-,2,10,15754.85505,0.0013,15754.768510242553,15754.768515896163,5.653610060107894e-06,False
2.0,-,2,10,15772.56002,0.0013,15772.647079400376,15772.647094921345,1.5520969100180082e-05,False
2.0,-,3,5,15954.94702,0.36,15954.902670564214,15954.902672106478,1.5422647265950218e-06,False
2.0,-,2,11,17118.13332,0.0044,17118.20209130673,17118.20209192218,6.154477887321264e-07,False
2.0,-,2,11,17139.25522,0.0099,17139.42312187362,17139.423116399226,-5.474394129123539e-06,False
2.0,-,2,11,17156.96775,0.0011,17156.89324746152,17156.893227004082,-2.0457438949961215e-05,False
2.0,-,3,6,17417.14562,0.16,17417.077542681272,17417.077544994914,2.3136417439673096e-06,False
2.0,-,2,12,18479.43682,0.001,18480.253511258747,18480.253511070146,-1.8860009731724858e-07,False
2.0,-,2,12,18500.47771,0.0002,18501.511593286734,18501.51159313466,-1.5207479009404778e-07,False
2.0,-,3,7,18854.73371,0.01,18854.63536403125,18854.635363476787,-5.54464349988848e-07,False
2.0,-,5,5,19139.4857,2.56,19139.508249345425,19139.508267149282,1.7803857190301642e-05,False
2.0,-,5,5,19157.90898,1.44,19157.839311689753,19157.839326952293,1.526253981865011e-05,False
2.0,-,2,13,19817.42176,0.0009,19819.8742951916,19819.87429493189,-2.597080310806632e-07,False
2.0,-,2,13,19838.45089,0.0009,19841.089254847782,19841.089254115588,-7.321941666305065e-07,False
2.0,-,3,8,20267.65342,0.01,20267.51426573604,20267.514273802175,8.06613388704136e-06,False
2.0,-,5,6,21014.73296,0.49,21014.843245167896,21014.84322398162,-2.1186275262152776e-05,False
2.0,-,5,6,21033.00032,0.16,21032.735660354763,21032.735629696264,-3.0658498872071505e-05,False
2.0,-,2,14,21132.11926,0.0008,21137.512013315787,21137.51201323719,-7.859853212721646e-08,False
2.0,-,3,9,21655.78712,0.0004,21655.592655495137,21655.592668256588,1.2761451216647401e-05,False
2.0,-,5,7,22854.01042,0.64,22854.01808708615,22854.018098734323,1.1648171494016424e-05,False
2.0,-,5,7,22872.02755,0.16,22871.921555093384,22871.921566979097,1.1885713320225477e-05,False
2.0,-,3,10,23019.02508,0.0003,23018.779598910645,23018.779606954246,8.043600246310234e-06,False
2.0,-,3,11,24357.24308,0.0003,24356.970320693115,24356.970318629108,-2.0640072762034833e-06,False
2.0,-,3,12,25670.30659,0.001,25670.05206833092,25670.05205919763,-9.133287676377222e-06,False
2.0,-,3,13,26958.06807,0.0009,26957.892134657082,26957.89212830756,-6.3495208451058716e-06,False
2.0,-,3,14,28220.3351,0.0002,28220.331127354195,28220.33112609553,-1.2586642696987838e-06,False
2.0,-,3,15,29456.93873,0.0007,29457.169455645846,29457.169458919096,3.273249603807926e-06,False
2.0,-,3,16,30667.6384,0.0002,30668.171799809956,30668.171802239365,2.429409505566582e-06,False
3.0,+,4,0,6265.36061,729.0,6265.252105534755,6265.252105403779,-1.309763320023194e-07,False
3.0,+,4,1,7713.29305,6.25,7713.183888306335,7713.183888089163,-2.1717187337344512e-07,False
3.0,+,4,2,9139.05607,6.76,9138.993627538506,9138.993627426344,-1.121625246014446e-07,False
3.0,+,4,3,10542.72662,2.25,10542.66278516879,10542.662784921833,-2.4695691536180675e-07,False
3.0,+,7,0,11876.55742,36.0,11876.545879797139,11876.545881146772,1.3496337487595156e-06,False
3.0,+,4,4,11924.37585,0.36,11924.281625713058,11924.281625577552,-1.3550561561714858e-07,False
3.0,+,7,1,13260.89352,0.25,13260.905355070705,13260.905354911602,-1.5910336514934897e-07,False
3.0,+,4,5,13284.09557,0.04,13283.954728412145,13283.95472823202,-1.8012542568612844e-07,False
3.0,+,4,6,14621.97674,0.04,14621.79550452229,14621.795504275124,-2.471660991432145e-07,False
3.0,+,7,2,14622.36569,0.36,14622.401035953051,14622.401036094758,1.417065504938364e-07,False
3.0,+,4,7,15938.08752,0.04,15937.925498926226,15937.925498787512,-1.3871431292500347e-07,False
3.0,+,7,3,15961.03156,0.25,15961.046240229483,15961.046239850579,-3.7890458770561963e-07,False
3.0,+,7,4,17276.94899,0.49,17276.947590013922,17276.94758855436,-1.4595607353840023e-06,False
3.0,+,7,5,18570.18973,0.09,18570.1816929097,18570.181691069745,-1.839955075411126e-06,False
3.0,+,7,6,19840.78035,0.25,19840.714595095247,19840.714585821752,-9.273495379602537e-06,False
3.0,+,6,0,19992.79475,289.0,19992.868152409603,19992.868154460182,2.050579496426508e-06,False
3.0,+,6,0,20015.07648,169.0,20015.092844926097,20015.092846561845,1.635748049011454e-06,False
3.0,+,6,0,20035.39319,169.0,20035.36265490086,20035.362661399235,6.498376023955643e-06,False
3.0,+,7,7,21088.89727,0.09,21088.812193107333,21088.812192760495,-3.4683762351050973e-07,False
3.0,+,6,1,21746.43157,1.96,21746.466454702826,21746.466453387216,-1.3156095519661903e-06,False
3.0,+,6,1,21768.51519,1.69,21768.54035137796,21768.540351384858,6.897607818245888e-09,False
3.0,+,6,1,21788.60723,1.96,21788.616723647672,21788.616724719628,1.0719559213612229e-06,False
3.0,+,7,8,22314.4933,0.04,22314.29309756325,22314.293098059472,4.962203092873096e-07,False
3.0,+,6,2,23462.56796,1.96,23462.187747447857,23462.187694274606,-5.3173251217231154e-05,False
3.0,+,6,2,23484.52133,1.44,23484.477848038066,23484.477831565204,-1.647286262596026e-05,False
3.0,+,6,2,23504.43587,1.69,23504.416959696176,23504.41693273775,-2.695842704270035e-05,False
3.0,+,6,3,25138.47263,8.41,25138.478293246164,25138.47831014206,1.6895897715585306e-05,False
3.0,+,6,3,25159.96477,7.84,25160.002706439776,25160.00269882386,-7.615915819769725e-06,False
3.0,+,6,3,25179.58763,5.76,25179.60132541422,25179.60128553681,-3.987741001765244e-05,False
3.0,+,6,4,26769.28433,1.0,26769.219212952565,26769.21907831263,-0.00013463993309414946,False
3.0,+,6,4,26790.51357,1.21,26790.45846127856,26790.458426115434,-3.516312426654622e-05,False
3.0,+,6,4,26809.73595,1.0,26809.856854128833,26809.856807488362,-4.6640470827696845e-05,False
3.0,+,6,5,28350.01462,7.84,28350.022169188498,28350.02227182986,0.00010264136290061288,False
3.0,+,6,5,28370.76665,6.25,28370.821262933234,28370.82125603236,-6.900874723214656e-06,False
3.0,+,6,5,28389.76717,5.29,28389.805931324052,28389.805852039157,-7.928489503683522e-05,False
3.0,+,6,6,29872.42121,0.25,29873.627235063184,29873.62720487316,-3.0190025427145883e-05,False
3.0,+,6,6,29894.1751,0.49,29894.010676664897,29894.010653304962,-2.335993485758081e-05,False
3.0,+,6,6,29914.12884,0.16,29912.648579591965,29912.648501778964,-7.781300155329518e-05,False
3.0,+,6,7,31332.39306,2.25,31332.470062663448,31332.470322236648,0.00025957320031011477,False
3.0,+,6,7,31352.0965,3.24,31352.19517292053,31352.195188870803,1.595027424627915e-05,False
3.0,+,6,7,31370.27054,0.81,31370.343444098908,31370.343423513947,-2.05849610210862e-05,False
3.0,+,6,8,32716.97417,1.21,32717.13359394214,32717.133539107203,-5.483493805513717e-05,False
3.0,+,6,8,32736.40271,1.0,32736.36135439115,32736.361350145566,-4.2455831135157496e-06,False
3.0,+,6,8,32754.13464,0.16,32754.03997473802,32754.039999291363,2.4553341063437983e-05,False
3.0,+,6,9,34020.72624,0.0015,34020.72136773899,34020.72135768371,-1.005527883535251e-05,False
3.0,+,6,9,34039.43079,0.0015,34039.17484591993,34039.17483923362,-6.686306733172387e-06,False
3.0,+,6,9,34056.5159,0.0004,34056.386095125024,34056.38609956347,4.4384432840161026e-06,False
3.0,+,6,10,35241.24826,0.062,35241.44674641579,35241.44672977351,-1.6642283299006522e-05,False
3.0,+,6,10,35259.30767,0.0316,35259.291782356726,35259.29177089298,-1.146374415839091e-05,False
3.0,+,6,10,35275.91812,0.0155,35275.79903851049,35275.79899523422,-4.327627539169043e-05,False
3.0,+,6,11,36384.00272,0.0025,36385.00710668035,36385.00716804746,6.136710726423189e-05,False
3.0,+,6,11,36401.55079,0.0011,36402.13808927091,36402.138079628974,-9.641938959248364e-06,False
3.0,+,6,12,37459.76505,0.0087,37460.38438898654,37460.3843806874,-8.29913915367797e-06,False
3.0,+,6,12,37476.8055,0.0118,37476.81469000167,37476.81467256496,-1.7436716007068753e-05,False
3.0,+,6,12,37492.38626,0.0022,37492.199233570056,37492.19918439022,-4.917983460472897e-05,False
3.0,-,2,0,612.1917,576.0,612.190400799385,612.190402790547,1.991161980186007e-06,False
3.0,-,2,0,635.1293,676.0,635.131127864771,635.131129803559,1.9387880456633866e-06,False
3.0,-,2,0,654.64219,441.0,654.63788563578,654.637887621162,1.9853820276694023e-06,False
3.0,-,2,1,2230.10339,9.61,2230.093736664533,2230.093736546927,-1.1760585039155558e-07,False
3.0,-,2,1,2252.9416,6.76,2252.934762420406,2252.934762132182,-2.882238732127007e-07,False
3.0,-,2,1,2272.3405,7.29,2272.342864067648,2272.34286394524,-1.2240798241691664e-07,False
3.0,-,2,2,3824.69484,9.0,3824.736289899142,3824.736290555112,6.559703251696192e-07,False
3.0,-,2,2,3847.44236,5.29,3847.480922606379,3847.480922804312,1.9793287719949149e-07,False
3.0,-,2,2,3866.7498,3.61,3866.793835995315,3866.793836642372,6.470568223448936e-07,False
3.0,-,2,3,5395.95745,4.0,5395.944962098964,5395.944962467263,3.682989699882455e-07,False
3.0,-,2,3,5418.60487,2.89,5418.596645733669,5418.596644908258,-8.254110070993192e-07,False
3.0,-,2,3,5437.81315,1.69,5437.818652550715,5437.818652898482,3.477662176010199e-07,False
3.0,-,2,4,6943.88108,2.56,6943.826159592141,6943.826159562145,-2.9996044759172946e-08,False
3.0,-,2,4,6966.43737,1.21,6966.387080974378,6966.387078251742,-2.722635144891683e-06,False
3.0,-,2,4,6985.53935,0.36,6985.52274668078,6985.522746581411,-9.936866263160482e-08,False
3.0,-,3,0,8287.68254,625.0,8287.674543486328,8287.674545771626,2.285298251081258e-06,False
3.0,-,2,5,8468.45169,3.24,8468.40730329162,8468.407304101213,8.095921657513827e-07,False
3.0,-,2,5,8490.92148,4.0,8490.87517385822,8490.875167895067,-5.963152943877503e-06,False
3.0,-,2,5,8509.91295,1.44,8509.93296399322,8509.932964630714,6.374939403031021e-07,False
3.0,-,5,0,9299.4418,1024.0,9299.450390481778,9299.450448721054,5.823927676829044e-05,False
3.0,-,3,1,9871.52363,6.76,9871.519215808563,9871.519216843548,1.0349849617341533e-06,False
3.0,-,2,6,9969.69113,0.36,9969.654003112531,9969.654003073003,-3.952845872845501e-08,False
3.0,-,2,6,9992.05226,0.16,9992.047370341246,9992.047364160879,-6.180367563501932e-06,False
3.0,-,2,6,10010.95185,0.09,10011.013610115368,10011.013609865782,-2.495853550499305e-07,False
3.0,-,5,1,11331.04962,13.69,11331.023516768424,11331.023482037162,-3.4731261621345766e-05,False
3.0,-,3,2,11431.14458,4.41,11431.178704278362,11431.1787044368,1.584376150276512e-07,False
3.0,-,2,7,11447.61757,0.64,11447.53254396551,11447.532541516983,-2.448527084197849e-06,False
3.0,-,2,7,11469.83593,0.64,11469.939900647396,11469.939931255214,3.060781818930991e-05,False
3.0,-,2,7,11488.66528,0.25,11488.728167519188,11488.728165906616,-1.6125723050208762e-06,False
3.0,-,2,8,12902.09164,0.81,12902.006281509384,12902.006282736964,1.2275795597815886e-06,False
3.0,-,2,8,12924.29916,0.81,12924.204345530408,12924.204327231102,-1.8299306248081848e-05,False
3.0,-,2,8,12942.81793,0.81,12943.047728714277,12943.047729690634,9.763571142684668e-07,False
3.0,-,3,3,12966.49489,3.24,12966.49027741414,12966.490279533267,2.1191281120991334e-06,False
3.0,-,5,2,13333.85896,2.25,13334.085221654057,13334.085264646099,4.299204192648176e-05,False
3.0,-,2,9,14333.28494,0.0533,14333.11558819224,14333.115587917668,-2.7457281248643994e-07,False
3.0,-,2,9,14355.36226,0.0726,14355.280308922673,14355.280308759968,-1.6270496416836977e-07,False
3.0,-,2,9,14373.96732,0.03,14374.002200640552,14374.00220036064,-2.799133653752506e-07,False
3.0,-,3,4,14477.50446,2.56,14477.461991329501,14477.461992164079,8.345778041984886e-07,False
3.0,-,5,3,15306.60244,4.41,15306.581934457832,15306.58193547621,1.0183775884797797e-06,False
3.0,-,2,10,15741.15818,0.0028,15740.959072658112,15740.959072219417,-4.3869476940017194e-07,False
3.0,-,2,10,15763.12259,0.0013,15763.096656241429,15763.096664453265,8.211836757254787e-06,False
3.0,-,2,10,15781.64423,0.0003,15781.693651385762,15781.69365109971,-2.8605245461221784e-07,False
3.0,-,3,5,15964.08498,1.0,15964.035702456018,15964.035703995423,1.5394052752526477e-06,False
3.0,-,2,11,17125.62486,0.0099,17125.716567276675,17125.71656807598,7.993039616849273e-07,False
3.0,-,2,11,17147.54239,0.0069,17147.53183718128,17147.531829263266,-7.918013579910621e-06,False
3.0,-,2,11,17165.87559,0.0011,17166.306339117542,17166.306340082247,9.64704668149352e-07,False
3.0,-,3,6,17426.17422,0.16,17426.106516813972,17426.106519108827,2.294855221407488e-06,False
3.0,-,2,12,18486.86167,0.0022,18487.690232831486,18487.69023260863,-2.2285530576482415e-07,False
3.0,-,2,12,18508.64039,0.0002,18509.635484846876,18509.63548495348,1.0660369298420846e-07,False
3.0,-,3,7,18863.65625,0.04,18863.559497404527,18863.55949690209,-5.024376150686294e-07,False
3.0,-,5,5,19157.50261,1.44,19157.500924466065,19157.50094193615,1.74700835486874e-05,False
3.0,-,2,13,19824.76821,0.0019,19827.232811658643,19827.232811298098,-3.605455276556313e-07,False
3.0,-,2,13,19846.4543,0.0002,19849.143190974064,19849.143190818966,-1.55097950482741e-07,False
3.0,-,3,8,20276.46957,0.01,20276.332971899817,20276.332979969047,8.069229807006195e-06,False
3.0,-,5,6,21032.54971,0.49,21032.517009086703,21032.516979634074,-2.9452628950821236e-05,False
3.0,-,2,14,21139.3925,0.0017,21144.794249820632,21144.794249370058,-4.505745891947299e-07,False
3.0,-,3,9,21664.4998,0.0015,21664.3052548083,21664.305267599204,1.2790904293069616e-05,False
3.0,-,5,7,22871.60638,0.64,22871.58544706702,22871.58545531778,8.250761311501265e-06,False
3.0,-,3,10,23027.62355,0.0013,23027.385344836464,23027.38535297791,8.141447324305773e-06,False
3.0,-,3,11,24365.73105,0.0011,24365.468390842336,24365.468388807818,-2.034517819993198e-06,False
3.0,-,3,12,25678.68494,0.0022,25678.441596357647,25678.44158723596,-9.121686161961406e-06,False
3.0,-,3,13,26966.33237,0.0019,26966.172140196646,26966.17213382712,-6.369526090566069e-06,False
3.0,-,3,14,28228.50175,0.0008,28228.500528568144,28228.50052731242,-1.2557247828226537e-06,False
3.0,-,3,15,29464.98522,0.0015,29465.226994901765,29465.22699815504,3.2532771001569927e-06,False
3.0,-,3,16,30675.5734,0.0002,30676.11605465663,30676.11605708772,2.4310866137966514e-06,False
4.0,+,1,0,36.2234,784.0,36.219196588104,36.219196587515,-5.889972953809774e-10,False
4.0,+,1,1,1863.33755,110.89,1863.336394315765,1863.336394476431,1.606661044206703e-07,False
4.0,+,1,2,3662.16523,7.84,3662.149520198567,3662.149520886938,6.883706191729289e-07,False
4.0,+,1,3,5431.79158,4.0,5431.719889036014,5431.719890509214,1.4731995179317892e-06,False
4.0,+,4,0,6265.21957,676.0,6265.251471043387,6265.251470912287,-1.3110002328176051e-07,False
4.0,+,4,0,6292.02799,529.0,6292.074439576464,6292.074439445714,-1.3074986782157794e-07,False
4.0,+,1,4,7171.06447,2.89,7170.92799754814,7170.927999065567,1.5174264262896031e-06,False
4.0,+,4,1,7713.15081,5.76,7713.183409555993,7713.183409339654,-2.163396857213229e-07,False
4.0,+,4,1,7739.66497,4.0,7739.711163991246,7739.711163775253,-2.159931682399474e-07,False
4.0,+,1,5,8878.43203,2.89,8878.27491399689,8878.274914850073,8.531842468073592e-07,False
4.0,+,4,2,9138.9169,7.84,9138.993284134287,9138.993284018907,-1.1538031685631722e-07,False
4.0,+,4,2,9165.13353,4.84,9165.22580204077,9165.225801925675,-1.1509473551996052e-07,False
4.0,+,4,3,10542.53928,2.89,10542.62322911811,10542.623228900378,-2.1773121261503547e-07,False
4.0,+,1,6,10551.84487,0.25,10551.76274753865,10551.762747600504,6.18529156781733e-08,False
4.0,+,4,3,10568.53608,2.56,10568.618492863172,10568.618492599206,-2.6396628527436405e-07,False
4.0,+,7,0,11888.19937,25.0,11888.186581839784,11888.186583189072,1.3492881407728419e-06,False
4.0,+,4,4,11924.22704,0.81,11924.276736689348,11924.276736553391,-1.3595672498922795e-07,False
4.0,+,4,4,11949.86199,0.64,11949.918895389606,11949.918895244084,-1.455227902624756e-07,False
4.0,+,1,7,12188.40039,0.64,12188.494297944639,12188.49429789006,-5.4578777053393424e-08,False
4.0,+,7,1,13272.4023,0.25,13272.410695141369,13272.41069498308,-1.5828845789656043e-07,False
4.0,+,4,5,13283.92774,0.36,13283.949204884351,13283.949204711094,-1.7325692169833928e-07,False
4.0,+,4,5,13309.2886,0.49,13309.296444210438,13309.296444015263,-1.9517574401106685e-07,False
4.0,+,1,8,13784.35297,0.16,13784.405281779296,13784.405282128237,3.4894037526100874e-07,False
4.0,+,4,6,14621.8183,0.25,14621.788879671287,14621.788879436624,-2.346623659832403e-07,False
4.0,+,7,2,14633.73711,0.36,14633.771110971387,14633.771111112379,1.4099168765824288e-07,False
4.0,+,4,6,14646.86529,0.16,14646.841180980993,14646.841180692238,-2.88755472865887e-07,False
4.0,+,8,0,15226.01244,36.0,15226.027244612322,15226.027244426536,-1.8578612070996314e-07,False
4.0,+,4,7,15937.93771,0.09,15937.917687094134,15937.917686986837,-1.0729672794695944e-07,False
4.0,+,4,7,15962.68705,0.09,15962.675106291525,15962.675106081004,-2.105207386193797e-07,False
4.0,+,7,3,15972.2664,0.36,15972.28118500593,15972.281184629775,-3.761542757274583e-07,False
4.0,+,8,1,16646.28627,0.36,16646.27747313916,16646.277472965594,-1.7356433090753853e-07,False
4.0,+,4,8,17232.40588,0.04,17232.453253771353,17232.45325359097,-1.803819031920284e-07,False
4.0,+,4,8,17256.84736,0.09,17256.915804114302,17256.915803757896,-3.5640550777316093e-07,False
4.0,+,7,4,17288.04889,0.49,17288.047392035965,17288.047390578125,-1.457839971408248e-06,False
4.0,+,8,2,18065.6312,0.09,18065.94930781833,18065.949307660852,-1.5747718862257898e-07,False
4.0,+,7,5,18581.15699,0.25,18581.146289871125,18581.14628803428,-1.8368446035310626e-06,False
4.0,+,8,3,19486.52865,0.09,19486.44865643183,19486.448656075376,-3.5645280149765313e-07,False
4.0,+,7,6,19851.61753,0.36,19851.545555147575,19851.545546023568,-9.124007192440331e-06,False
4.0,+,6,0,20004.71413,324.0,20004.781005357687,20004.78100724642,1.8887330952566117e-06,False
4.0,+,6,0,20028.42314,121.0,20028.415911887707,20028.415914206173,2.318465703865513e-06,False
4.0,+,6,0,20050.79738,196.0,20050.79823234396,20050.798238018553,5.674592102877796e-06,False
4.0,+,7,7,21099.58502,0.16,21099.505791458043,21099.50579111502,-3.430213837418705e-07,False
4.0,+,6,1,21758.21855,2.56,21758.25062286703,21758.250621635692,-1.231339410878718e-06,False
4.0,+,6,1,21781.68424,2.89,21781.69407527298,21781.694075638978,3.659988578874618e-07,False
4.0,+,6,1,21803.80493,1.69,21803.84094476039,21803.840946733522,1.9731305656023324e-06,False
4.0,+,7,8,22325.04652,0.04,22324.850507985673,22324.850508501706,5.160327418707311e-07,False
4.0,+,6,2,23474.22659,1.96,23473.8637502658,23473.863699878777,-5.03870214743074e-05,False
4.0,+,6,2,23497.52622,1.21,23497.373050273785,23497.37303126373,-1.901005452964455e-05,False
4.0,+,6,2,23519.40579,0.49,23519.384451585523,23519.38444814514,-3.4403819881845266e-06,False
4.0,+,6,3,25149.99359,4.84,25149.96494648082,25149.96496126114,1.478031845181249e-05,False
4.0,+,6,3,25172.86015,6.25,25172.822592897086,25172.8225811884,-1.1708685633493587e-05,False
4.0,+,6,3,25194.44874,5.29,25194.437517239952,25194.43748505405,-3.218590063625015e-05,False
4.0,+,6,4,26780.56819,0.49,26780.52419630802,26780.52407284933,-0.00012345868890406564,False
4.0,+,6,4,26803.03161,0.09,26803.13656854056,26803.136542828244,-2.571231743786484e-05,False
4.0,+,6,4,26824.28277,1.0,26824.07662196428,26824.076609657557,-1.2306722055654973e-05,False
4.0,+,6,5,28361.1501,3.61,28361.15347522842,28361.15356963742,9.440899884793907e-05,False
4.0,+,6,5,28383.24507,6.76,28383.23861509216,28383.238640250922,2.5158762582577765e-05,False
4.0,+,6,5,28404.14622,4.0,28404.171708238253,28404.171733789164,2.5550911232130602e-05,False
4.0,+,6,6,29882.2715,0.36,29884.544226069534,29884.544199457283,-2.661225153133273e-05,False
4.0,+,6,6,29906.59448,0.49,29906.21061917708,29906.21064501068,2.5833600375335664e-05,False
4.0,+,6,6,29928.19574,0.25,29926.657436162335,29926.657592592073,0.00015642973812646233,False
4.0,+,6,7,31343.06959,1.0,31343.142073035764,31343.142304740213,0.00023170444910647348,False
4.0,+,6,7,31364.11926,1.96,31364.1156787377,31364.1157210617,4.2323998059146106e-05,False
4.0,+,6,7,31384.1434,1.69,31384.16510410482,31384.165134693303,3.058848233195022e-05,False
4.0,+,6,8,32727.483,0.64,32727.539786534697,32727.539736339215,-5.0195481890114024e-05,False
4.0,+,6,8,32747.96539,0.04,32747.99588107133,32747.995884462875,3.3915457606781274e-06,False
4.0,+,6,8,32767.53094,0.01,32767.443618996083,32767.443658769367,3.977328378823586e-05,False
4.0,+,6,9,34030.85272,0.0004,34030.79217562831,34030.792165602536,-1.0025774827226996e-05,False
4.0,+,6,9,34050.73479,0.0015,34050.56033102819,34050.56032341499,-7.613198249600828e-06,False
4.0,+,6,9,34065.60593,0.0,34069.014183420455,34069.01417593197,-7.488488336093724e-06,False
4.0,+,6,10,35251.07556,0.0202,35251.24476646251,35251.24475207816,-1.4384349924512208e-05,False
4.0,+,6,10,35270.4303,0.0202,35270.244332791284,35270.2443093315,-2.345978282392025e-05,False
4.0,+,6,10,35288.85356,0.0079,35288.49700112851,35288.496944323386,-5.680512549588457e-05,False
4.0,+,6,11,36393.52963,0.0025,36394.49084724976,36394.49090210427,5.485450674314052e-05,False
4.0,+,6,11,36412.33489,0.0011,36412.77365692981,36412.77363606899,-2.0860818040091544e-05,False
4.0,+,6,12,37469.0103,0.006,37469.56617473241,37469.5661662822,-8.45020986162126e-06,False
4.0,+,6,12,37487.28517,0.0038,37487.143573960195,37487.14354595769,-2.800250513246283e-05,False
4.0,+,6,12,37504.70763,0.0022,37504.05339373119,37504.05332963007,-6.410112109733745e-05,False
4.0,-,2,0,623.47744,484.0,623.471399272241,623.471401262914,1.9906730130969663e-06,False
4.0,-,2,0,648.04587,625.0,648.047979902295,648.047981857538,1.9552430785552133e-06,False
4.0,-,2,0,670.76602,484.0,670.755941793529,670.755943725058,1.9315290273880237e-06,False
4.0,-,2,1,2241.27933,7.84,2241.267769699065,2241.267769595449,-1.036160028888844e-07,False
4.0,-,2,1,2265.72681,6.25,2265.719134562841,2265.719134362933,-1.9990829969174229e-07,False
4.0,-,2,1,2288.30498,7.84,2288.284607017682,2288.284606547634,-4.700477802543901e-07,False
4.0,-,2,2,3835.76407,4.41,3835.802977029296,3835.802977738027,7.087310223141685e-07,False
4.0,-,2,2,3860.09029,4.84,3860.132418151041,3860.132418624952,4.739113137475215e-07,False
4.0,-,2,2,3882.52826,4.0,3882.556971750651,3882.556971221673,-5.289780347084161e-07,False
4.0,-,2,3,5406.82009,1.0,5406.904388522328,5406.904389013548,4.912199074169621e-07,False
4.0,-,2,3,5431.12337,1.96,5431.115690036791,5431.115689898795,-1.3799672160530463e-07,False
4.0,-,2,3,5453.42295,2.25,5453.400915629261,5453.400913160114,-2.469147148076445e-06,False
4.0,-,2,4,6954.72784,1.0,6954.678115932795,6954.678116149194,2.1639880287693813e-07,False
4.0,-,2,4,6978.82189,1.0,6978.774360946602,6978.774359719177,-1.227425855176989e-06,False
4.0,-,2,4,7000.98819,0.64,7000.919607504685,7000.919601391688,-6.112996743468102e-06,False
4.0,-,3,0,8300.54976,441.0,8300.537875393258,8300.537877678842,2.2855838324176148e-06,False
4.0,-,2,5,8479.1913,2.25,8479.15098213856,8479.15098353595,1.3973894965602085e-06,False
4.0,-,2,5,8503.15755,2.56,8503.134070625743,8503.134068370067,-2.2556760086445138e-06,False
4.0,-,2,5,8525.19288,0.81,8525.128040585594,8525.128026518896,-1.4066697985981591e-05,False
4.0,-,5,0,9299.76815,729.0,9299.676582662136,9299.67664074491,5.808277455798816e-05,False
4.0,-,5,0,9334.35279,361.0,9334.473426947861,9334.473491080056,6.413219489331823e-05,False
4.0,-,3,1,9884.25429,4.84,9884.246045788943,9884.246046826402,1.0374587873229757e-06,False
4.0,-,2,6,9980.3334,0.36,9980.291189548283,9980.291189919562,3.712793841259554e-07,False
4.0,-,2,6,10004.18586,0.36,10004.166805853967,10004.166802722762,-3.1312047212850302e-06,False
4.0,-,2,6,10026.06119,0.25,10026.052375672036,10026.052363525128,-1.2146907465648837e-05,False
4.0,-,5,1,11331.26342,12.25,11331.315556312906,11331.315544954798,-1.1358108167769387e-05,False
4.0,-,5,1,11365.6493,8.41,11365.473390943518,11365.47330905824,-8.18852786323987e-05,False
4.0,-,3,2,11443.74026,4.0,11443.768356788074,11443.76835686173,7.365633791778237e-08,False
4.0,-,2,7,11458.17893,1.0,11458.075188294957,11458.075181831131,-6.463826139224693e-06,False
4.0,-,2,7,11481.92173,0.49,11481.86657970159,11481.866589053523,9.351933840662241e-06,False
4.0,-,2,7,11503.5858,0.36,11503.863388677939,11503.86346823062,7.955268119985703e-05,False
4.0,-,2,8,12912.49147,0.81,12912.422775943727,12912.422778955515,3.0117880669422448e-06,False
4.0,-,2,8,12936.09345,0.81,12936.078471262876,12936.078464006643,-7.256232493091375e-06,False
4.0,-,2,8,12957.7089,0.36,12957.619410298776,12957.61936663475,-4.3664025724865496e-05,False
4.0,-,3,3,12978.9515,1.69,12978.94275375976,12978.942755810918,2.0511579350568354e-06,False
4.0,-,5,2,13334.20611,1.44,13334.275711642158,13334.275745686591,3.404443305043969e-05,False
4.0,-,5,2,13368.12794,0.49,13368.417863622602,13368.417936753358,7.313075548154302e-05,False
4.0,-,2,9,14343.59959,0.0533,14343.429209296879,14343.429208952899,-3.439799911575392e-07,False
4.0,-,2,9,14367.0815,0.0448,14366.990359011932,14366.990358598781,-4.1315070120617747e-07,False
4.0,-,2,9,14388.55711,0.0181,14388.518815649171,14388.518816044765,3.9559381548315287e-07,False
4.0,-,3,4,14489.8219,1.69,14489.77678545115,14489.776786280534,8.293845894513652e-07,False
4.0,-,5,3,15306.86978,4.41,15306.832420559787,15306.832422193838,1.6340509318979457e-06,False
4.0,-,5,3,15340.56077,1.69,15340.392992816818,15340.392992138859,-6.779591785743833e-07,False
4.0,-,2,10,15751.37964,0.0028,15751.170538784696,15751.170537522716,-1.2619802873814479e-06,False
4.0,-,2,10,15774.7467,0.0013,15774.640631262817,15774.640634420668,3.1578510970575735e-06,False
4.0,-,2,10,15796.0499,0.0003,15796.169947302384,15796.169966739753,1.9437369701336138e-05,False
4.0,-,3,5,15976.24556,0.25,15976.212331092756,15976.212332630052,1.5372952475445345e-06,False
4.0,-,2,11,17135.64219,0.0099,17135.78999600867,17135.789997674143,1.6654739738442004e-06,False
4.0,-,2,11,17160.17857,0.0025,17159.106259248183,17159.106256443545,-2.8046379156876355e-06,False
4.0,-,3,6,17438.20173,0.25,17438.144534369756,17438.144536643627,2.273871359648183e-06,False
4.0,-,2,12,18496.83676,0.001,18497.679319725947,18497.67931942173,-3.042150638066232e-07,False
4.0,-,3,7,18875.54796,0.04,18875.457571265022,18875.45757080627,-4.587527655530721e-07,False
4.0,-,5,5,19157.7867,1.0,19157.73640220669,19157.73642083659,1.8629900296218693e-05,False
4.0,-,5,5,19190.80341,0.04,19190.580228861665,19190.580243334654,1.4472989278146997e-05,False
4.0,-,2,13,19834.64331,0.0009,19837.11930841199,19837.119307853896,-5.580950528383255e-07,False
4.0,-,2,13,19857.64345,0.0002,19860.28774723036,19860.2877464442,-7.86159944254905e-07,False
4.0,-,3,8,20288.21937,0.01,20288.090484694723,20288.090492767613,8.07288961368613e-06,False
4.0,-,5,6,21032.76742,0.25,21032.86104944851,21032.861033194196,-1.6254314687103033e-05,False
4.0,-,5,6,21065.49345,0.01,21064.90781936471,21064.907782875714,-3.6488996556727216e-05,False
4.0,-,2,14,21149.18281,0.0008,21154.590543150738,21154.590541688478,-1.4622601156588644e-06,False
4.0,-,3,9,21676.10847,0.0004,21675.921287591176,21675.921300426075,1.2834898370783776e-05,False
4.0,-,5,7,22871.91299,0.36,22871.809747117317,22871.80975933805,1.2220734788570553e-05,False
4.0,-,3,10,23039.09203,0.0003,23038.858926356326,23038.858934707598,8.351271389983594e-06,False
4.0,-,3,11,24377.05203,0.0003,24376.79837194185,24376.79836994125,-2.000600943574682e-06,False
4.0,-,3,12,25689.85321,0.001,25689.626848081345,25689.626838972323,-9.10902235773392e-06,False
4.0,-,3,13,26977.36968,0.0009,26977.211355200852,26977.211348802608,-6.398244295269251e-06,False
4.0,-,3,14,28239.37639,0.0002,28239.392288422485,28239.39228717425,-1.2482341844588518e-06,False
5.0,+,4,0,6292.18337,841.0,6292.076313042819,6292.076312912017,-1.30801709019579e-07,False
5.0,+,4,1,7739.82792,8.41,7739.713913642704,7739.713913425212,-2.174920155084692e-07,False
5.0,+,4,2,9165.29852,9.0,9165.229616530469,9165.229616418512,-1.1195697879884392e-07,False
5.0,+,4,3,10568.66123,4.41,10568.604852418486,10568.60485217158,-2.4690598365850747e-07,False
5.0,+,7,0,11902.74942,36.0,11902.736318347412,11902.73631969634,1.3489279808709398e-06,False
5.0,+,4,4,11950.0234,0.49,11949.929798477577,11949.929798341536,-1.3604039850179106e-07,False
5.0,+,7,1,13286.78368,0.25,13286.791226488967,13286.79122633199,-1.5697696653660387e-07,False
5.0,+,4,5,13309.44801,1.0,13309.309108590618,13309.309108411197,-1.794214767869562e-07,False
5.0,+,4,6,14647.02264,0.25,14646.856190649203,14646.85619040161,-2.475935616530478e-07,False
5.0,+,7,2,14647.95045,0.36,14647.982558262804,14647.98255840297,1.4016586646903306e-07,False
5.0,+,4,7,15962.8466,0.16,15962.692584010678,15962.692583871822,-1.3885619409848005e-07,False
5.0,+,7,3,15986.30795,0.64,15986.323715522161,15986.323715149634,-3.7252721085678786e-07,False
5.0,+,4,8,17257.01309,0.09,17256.93577176851,17256.93577152875,-2.3975735530257225e-07,False
5.0,+,7,4,17301.9223,0.64,17301.920990526465,17301.920989070823,-1.4556426322087646e-06,False
5.0,+,7,5,18594.86051,0.49,18594.850877821616,18594.850875988453,-1.8331629689782858e-06,False
5.0,+,7,6,19865.15419,0.36,19865.08300857058,19865.082999626524,-8.94405457074754e-06,False
5.0,+,6,0,20019.83723,225.0,20019.898834496013,20019.898836251246,1.7552338249515742e-06,False
5.0,+,6,0,20045.93877,225.0,20045.963641808277,20045.96364448391,2.6756315492093563e-06,False
5.0,+,6,0,20071.72342,196.0,20071.695245863168,20071.69525126302,5.3998519433662295e-06,False
5.0,+,7,7,21112.9461,0.25,21112.871618927504,21112.871618589135,-3.383684088476002e-07,False
5.0,+,6,1,21773.17209,2.56,21773.202134335403,21773.20213316158,-1.173822965938598e-06,False
5.0,+,6,1,21799.00711,2.89,21799.04783263976,21799.0478326829,4.313915269449353e-08,False
5.0,+,6,1,21824.51535,2.56,21824.51728496676,21824.517285866852,9.000905265565962e-07,False
5.0,+,7,8,22338.25405,0.04,22338.04610131054,22338.046101851123,5.40581822860986e-07,False
5.0,+,6,2,23488.99982,1.69,23488.653465487907,23488.653416725727,-4.876218008575961e-05,False
5.0,+,6,2,23514.59774,1.69,23514.448837098385,23514.44880019359,-3.6904795706504956e-05,False
5.0,+,6,2,23539.89232,0.16,23539.41542822729,23539.415386507837,-4.1719453292898834e-05,False
5.0,+,6,3,25164.53504,7.29,25164.53591676653,25164.53592981543,1.3048898836132139e-05,False
5.0,+,6,3,25189.70338,7.29,25189.744877505385,25189.7448660206,-1.1484786227811128e-05,False
5.0,+,6,3,25214.57443,4.0,25214.576568781504,25214.576535601387,-3.318011658848263e-05,False
5.0,+,6,4,26794.95186,0.81,26794.910457222104,26794.91034000092,-0.00011722118506440893,False
5.0,+,6,4,26819.76882,1.44,26819.612702407867,26819.612638078026,-6.432984082493931e-05,False
5.0,+,6,4,26844.97345,0.49,26844.669595922285,26844.66953286947,-6.305281567620113e-05,False
5.0,+,6,5,28375.26067,6.25,28375.273341722765,28375.273425422616,8.369985152967274e-05,False
5.0,+,6,5,28399.59975,5.29,28399.669310102512,28399.66930313262,-6.969890819163993e-06,False
5.0,+,6,5,28423.6869,2.25,28423.709188962745,28423.709124364006,-6.459873839048669e-05,False
5.0,+,6,6,29900.16602,0.36,29898.41131439783,29898.411286315684,-2.8082144126528874e-05,False
5.0,+,6,6,29922.74228,0.25,29922.293353447836,29922.293314329076,-3.911876046913676e-05,False
5.0,+,6,6,29947.1943,0.25,29945.92593515489,29945.925868768973,-6.638591730734333e-05,False
5.0,+,6,7,31356.5951,1.96,31356.679542616577,31356.679745811154,0.0002031945768976584,False
5.0,+,6,7,31381.18048,0.81,31379.93914233787,31379.939172063645,2.9725775675615296e-05,False
5.0,+,6,7,31402.90887,0.25,31402.92203230954,31402.922016459757,-1.5849782357690856e-05,False
5.0,+,6,8,32740.59335,0.64,32740.757297135053,32740.757250316306,-4.681874634115957e-05,False
5.0,+,6,8,32763.47065,0.04,32763.394712720103,32763.39470608388,-6.636222678935155e-06,False
5.0,+,6,8,32785.81545,0.16,32785.821159682855,32785.821177947466,1.8264610844198614e-05,False
5.0,+,6,9,34043.65371,0.0015,34043.65980230235,34043.65979230297,-9.999377653002739e-06,False
5.0,+,6,9,34065.66313,0.0004,34065.31594684452,34065.315941415174,-5.429348675534129e-06,False
5.0,+,6,9,34087.4002,0.0004,34087.27693964273,34087.27694261059,2.9678558348678052e-06,False
5.0,+,6,10,35263.51737,0.0114,35263.68352999231,35263.6835191443,-1.0848008969333023e-05,False
5.0,+,6,10,35284.79545,0.0114,35284.836921244474,35284.836906781806,-1.4462668332271278e-05,False
5.0,+,6,10,35305.96846,0.0051,35305.80205459437,35305.80201929976,-3.529461537254974e-05,False
5.0,+,6,11,36405.59736,0.0025,36406.552442865046,36406.55249325185,5.0386806833557785e-05,False
5.0,+,6,11,36426.27145,0.0003,36426.90681766511,36426.90680670193,-1.0963180102407932e-05,False
5.0,+,6,12,37480.74843,0.0022,37481.262166996115,37481.26215960083,-7.395283319056034e-06,False
5.0,+,6,12,37500.8175,0.0002,37500.842286006344,37500.84226079192,-2.5214423658326268e-05,False
5.0,-,2,0,637.69162,625.0,637.691335249277,637.691337235772,1.986495021810697e-06,False
5.0,-,2,0,663.63193,625.0,663.632940015509,663.632941962411,1.946901988958416e-06,False
5.0,-,2,0,688.3235,529.0,688.321874182915,688.321876162328,1.979412900254829e-06,False
5.0,-,2,1,2255.36243,8.41,2255.35169515575,2255.351695042567,-1.1318297765683383e-07,False
5.0,-,2,1,2281.16002,10.89,2281.146707645124,2281.14670735872,-2.864039743144531e-07,False
5.0,-,2,1,2305.67169,7.29,2305.662972297945,2305.662972177095,-1.208500179927796e-07,False
5.0,-,2,2,3849.71529,6.76,3849.750499842264,3849.750500523862,6.815976121288259e-07,False
5.0,-,2,2,3875.36269,4.41,3875.401471136572,3875.401471286141,1.4956867744331248e-07,False
5.0,-,2,2,3899.70426,4.84,3899.747828979812,3899.747829640542,6.607301656913478e-07,False
5.0,-,2,3,5420.72757,2.89,5420.715784170344,5420.715784596807,4.264629751560278e-07,False
5.0,-,2,3,5446.2407,2.56,5446.225494909999,5446.225494011305,-8.986935426946729e-07,False
5.0,-,2,3,5470.40168,3.24,5470.406060944204,5470.406061325325,3.8112102629384026e-07,False
5.0,-,2,4,6968.39966,1.96,6968.353475502556,6968.353475569585,6.702885002596304e-08,False
5.0,-,2,4,6993.77458,1.44,6993.722980167672,6993.722977314687,-2.852984835044481e-06,False
5.0,-,2,4,7017.76391,1.0,7017.742581396015,7017.742581335499,-6.05159584665671e-08,False
5.0,-,3,0,8316.62338,900.0,8316.615865645657,8316.615867931781,2.286124072270468e-06,False
5.0,-,2,5,8492.73086,4.84,8492.690715168836,8492.690716198835,1.0299991117790341e-06,False
5.0,-,2,5,8517.94846,1.69,8517.914049294492,8517.914043074656,-6.21983599558007e-06,False
5.0,-,2,5,8541.77064,0.49,8541.784092226493,8541.784092948072,7.215785444714129e-07,False
5.0,-,5,0,9334.05316,676.0,9334.070333881062,9334.070392063742,5.818268073198851e-05,False
5.0,-,3,1,9900.15678,8.41,9900.153387797396,9900.15338883667,1.0392741387477145e-06,False
5.0,-,2,6,9993.71927,1.0,9993.693320244458,9993.693320273713,2.925480657722801e-08,False
5.0,-,2,6,10018.77399,0.49,10018.799299646671,10018.799293510201,-6.1364698922261596e-06,False
5.0,-,2,6,10042.43232,0.49,10042.494722905247,10042.49472261789,-2.873566700145602e-07,False
5.0,-,5,1,11365.238,10.24,11365.207385838226,11365.207349635608,-3.620261850301176e-05,False
5.0,-,3,2,11459.47059,9.0,11459.50417056545,11459.504170636668,7.121889211703092e-08,False
5.0,-,2,7,11471.43038,0.64,11471.33066850635,11471.330662880897,-5.625453923130408e-06,False
5.0,-,2,7,11496.32387,0.49,11496.4731108069,11496.473147466499,3.665959775389638e-05,False
5.0,-,2,7,11519.80694,0.36,11519.838522709224,11519.838519725832,-2.9833918233634904e-06,False
5.0,-,2,8,12925.61472,1.0,12925.553693664737,12925.553695706192,2.041455445578322e-06,False
5.0,-,2,8,12950.43462,1.0,12950.34492908077,12950.344909731668,-1.9349101421539672e-05,False
5.0,-,2,8,12973.52389,0.81,12973.783952089872,12973.783953577009,1.4871366147417575e-06,False
5.0,-,3,3,12994.51104,4.41,12994.50716520794,12994.507167317497,2.109556589857675e-06,False
5.0,-,5,2,13367.83864,1.96,13368.000530822697,13368.000573430842,4.260814421286341e-05,False
5.0,-,2,9,14356.57803,0.0626,14356.417844004756,14356.417843641091,-3.6366509448271245e-07,False
5.0,-,2,9,14381.23059,0.0533,14381.155056974727,14381.155057008129,3.340210241731256e-08,False
5.0,-,2,9,14404.31754,0.03,14404.36510457511,14404.36510424054,-3.3457035897299647e-07,False
5.0,-,3,4,14505.20796,2.89,14505.169084412226,14505.169085239846,8.276201697299257e-07,False
5.0,-,5,3,15340.18665,2.56,15340.080236707849,15340.080237648639,9.407904144609347e-07,False
5.0,-,2,10,15764.20987,0.0028,15764.016394647944,15764.016393714,-9.339437383459881e-07,False
5.0,-,3,5,15991.47905,1.21,15991.431912070926,15991.43191360275,1.5318237274186686e-06,False
5.0,-,2,11,17148.37485,0.0099,17148.52123388561,17148.521235113698,1.228087057825178e-06,False
5.0,-,2,11,17172.77289,0.0011,17172.709163109375,17172.709154949538,-8.159837307175621e-06,False
5.0,-,3,6,17453.23683,0.49,17453.190634464794,17453.19063670517,2.2403764887712896e-06,False
5.0,-,2,12,18509.40885,0.0002,18510.254014996528,18510.25401469637,-3.0015871743671596e-07,False
5.0,-,3,7,18890.41124,0.16,18890.328966417135,18890.328966049503,-3.6763231037184596e-07,False
5.0,-,5,5,19190.42151,0.04,19190.265747484205,19190.26576491756,1.7433354514651e-05,False
5.0,-,2,13,19847.06443,0.0002,19849.553594429617,19849.55359384074,-5.888759915251285e-07,False
5.0,-,3,8,20302.90287,0.01,20302.786150781863,20302.786158859555,8.07769174571149e-06,False
5.0,-,5,6,21065.02656,0.01,21064.781609480022,21064.78157967006,-2.9809962143190205e-05,False
5.0,-,2,14,21161.44756,0.0002,21166.878807086214,21166.87880567782,-1.4083925634622574e-06,False
5.0,-,3,9,21690.60847,0.0004,21690.440094053647,21690.440106936123,1.2882475857622921e-05,False
5.0,-,5,7,22903.76803,0.01,22903.570821518595,22903.570829174827,7.656231900909916e-06,False
5.0,-,3,10,23053.41839,0.0013,23053.199620307627,23053.199628801907,8.49428033689037e-06,False
5.0,-,3,11,24391.20303,0.0003,24390.959597315723,24390.959595366698,-1.9490253180265427e-06,False
5.0,-,3,12,25703.81621,0.001,25703.607151628123,25703.6071425398,-9.088322258321568e-06,False
5.0,-,3,13,26991.14168,0.0009,26991.009101002634,26991.009094572128,-6.43050589133054e-06,False
5.0,-,3,14,28252.97339,0.0002,28253.005663946347,28253.00566270703,-1.23931749840267e-06,False
6.0,+,1,0,76.05852,900.0,76.05381860237,76.053818601121,-1.2490062317738193e-09,False
6.0,+,1,1,1902.77159,112.25,1902.770546392601,1902.770546551844,1.5924297258607112e-07,False
6.0,+,1,2,3701.19084,10.24,3701.179313401252,3701.179314084997,6.837449291197117e-07,False
6.0,+,1,3,5470.4012,5.76,5470.337443104476,5470.337444573639,1.469163180445321e-06,False
6.0,+,4,0,6292.03783,900.0,6292.075869661012,6292.075869530041,-1.3097087503410876e-07,False
6.0,+,4,0,6330.77214,576.0,6330.813254158278,6330.813254027797,-1.3048156688455492e-07,False
6.0,+,1,4,7209.24459,2.89,7209.122283253153,7209.122284772132,1.5189789337455295e-06,False
6.0,+,4,1,7739.68355,8.41,7739.713854992799,7739.713854776039,-2.16759872273542e-07,False
6.0,+,4,1,7777.98795,4.0,7778.024863416099,7778.02486319966,-2.1643882064381614e-07,False
6.0,+,1,5,8916.16675,2.89,8916.030811591098,8916.030812450457,8.593597158323973e-07,False
6.0,+,4,2,9165.15064,7.29,9165.229995959124,9165.229995843381,-1.1574229574762285e-07,False
6.0,+,4,2,9203.03308,6.25,9203.11459553083,9203.114595416047,-1.1478186934255064e-07,False
6.0,+,4,3,10568.49652,2.89,10568.584521501021,10568.584521268136,-2.32885213335976e-07,False
6.0,+,1,6,10589.09546,0.64,10589.0418980024,10589.041898082487,8.008646545931697e-08,False
6.0,+,4,3,10605.99985,2.89,10606.081737696248,10606.081737433764,-2.624838089104742e-07,False
6.0,+,7,0,11920.20609,36.0,11920.194328654197,11920.194330002683,1.3484859664458781e-06,False
6.0,+,4,4,11949.87117,1.44,11949.925602070474,11949.925601935616,-1.3485805538948625e-07,False
6.0,+,4,4,11986.9482,1.21,11986.958410386282,11986.958410238498,-1.477837940910831e-07,False
6.0,+,7,1,13304.03877,0.36,13304.046186635522,13304.046186480024,-1.5549812815152109e-07,False
6.0,+,4,5,13309.29444,1.21,13309.304432714602,13309.304432546896,-1.6770536603871733e-07,False
6.0,+,4,5,13345.91399,0.81,13345.911430286164,13345.911430087563,-1.986009010579437e-07,False
6.0,+,4,6,14646.86765,0.36,14646.850550458574,14646.850550234283,-2.2429048840422183e-07,False
6.0,+,7,2,14665.00541,0.36,14665.034611923315,14665.034612062294,1.3897988537792116e-07,False
6.0,+,4,6,14683.06125,0.36,14683.031798502307,14683.031798202557,-2.9974944482091814e-07,False
6.0,+,8,0,15258.46149,36.0,15258.470181852505,15258.470181666806,-1.8569880921859294e-07,False
6.0,+,4,7,15962.69444,0.16,15962.685890997265,15962.685890911156,-8.61091393744573e-08,False
6.0,+,4,7,15998.46152,0.25,15998.441487788648,15998.441487556882,-2.317665348527953e-07,False
6.0,+,7,3,16003.15877,0.64,16003.173065009218,16003.173064641005,-3.682125679915771e-07,False
6.0,+,8,1,16678.50338,0.36,16678.48625253502,16678.486252361374,-1.7364800442010164e-07,False
6.0,+,4,8,17256.86169,0.09,17256.928068436748,17256.92806829495,-1.417974999640137e-07,False
6.0,+,4,8,17292.19586,0.09,17292.258033790855,17292.25803339945,-3.914065018761903e-07,False
6.0,+,7,4,17318.57334,0.81,17318.567616188502,17318.567614735442,-1.4530596672557294e-06,False
6.0,+,8,2,18097.65847,0.09,18097.966153374007,18097.96615321657,-1.5743717085570097e-07,False
6.0,+,7,5,18611.3044,0.25,18611.29468464811,18611.294682819647,-1.8284627003595233e-06,False
6.0,+,8,3,19518.37527,0.09,19518.28121270298,19518.281212351303,-3.516761353239417e-07,False
6.0,+,7,6,19881.39111,0.25,19881.326131989645,19881.32612325222,-8.737424650462344e-06,False
6.0,+,6,0,20038.18038,324.0,20038.22876506652,20038.228766691886,1.6253652574960142e-06,False
6.0,+,6,0,20066.24694,196.0,20066.240074469042,20066.24007750568,3.0366391001734883e-06,False
6.0,+,6,0,20094.69116,196.0,20094.710205566484,20094.71021036249,4.796005669049919e-06,False
6.0,+,7,7,21128.98638,0.36,21128.908895340064,21128.90889500701,-3.3305332181043923e-07,False
6.0,+,6,1,21791.30871,1.96,21791.328029551172,21791.328028465767,-1.085405529011041e-06,False
6.0,+,6,1,21819.07409,3.24,21819.06941390062,21819.069414355494,4.5487468014471233e-07,False
6.0,+,6,1,21847.19923,1.44,21847.240624057456,21847.24062575139,1.6939338820520788e-06,False
6.0,+,7,8,22354.08491,0.04,22353.879097911984,22353.87909848201,5.700276233255863e-07,False
6.0,+,6,2,23506.93805,1.21,23506.586488469988,23506.58644143149,-4.703849845100194e-05,False
6.0,+,6,2,23534.37234,1.0,23534.064797054205,23534.064756459233,-4.059497223352082e-05,False
6.0,+,6,2,23562.38278,0.25,23562.58231196277,23562.58234708983,3.512705734465271e-05,False
6.0,+,6,3,25182.25644,5.29,25182.205835799232,25182.205846403518,1.060428621713072e-05,False
6.0,+,6,3,25209.30003,4.41,25209.250609753006,25209.25059543902,-1.431398413842544e-05,False
6.0,+,6,3,25236.71035,3.61,25236.730067326982,25236.730041983472,-2.5343510060338303e-05,False
6.0,+,6,4,26812.21528,0.36,26812.23476952999,26812.23466546034,-0.00010406965157017112,False
6.0,+,6,4,26838.36566,0.64,26838.99995124483,26838.999914353415,-3.689141522045247e-05,False
6.0,+,6,4,26865.75341,0.49,26864.905605517135,26864.90556170997,-4.380716563900933e-05,False
6.0,+,6,5,28392.39871,3.24,28392.40221004203,28392.402288464928,7.842289778636768e-05,False
6.0,+,6,5,28418.5803,2.56,28418.557000326513,28418.557036907587,3.658107380033471e-05,False
6.0,+,6,5,28445.11743,2.25,28445.18239619271,28445.18242214268,2.5949968403438106e-05,False
6.0,+,6,6,29916.24133,0.16,29915.194239618515,29915.194217966036,-2.1652478608302772e-05,False
6.0,+,6,6,29941.24494,0.25,29940.872288374387,29940.87232601838,3.7643992982339114e-05,False
6.0,+,6,6,29968.10583,0.16,29966.84588905113,29966.846116409008,0.00022735787933925167,False
6.0,+,6,7,31373.0565,0.001,31373.123323163727,31373.123501830625,0.00017866689813672565,False
6.0,+,6,7,31398.08151,0.001,31398.05656753454,31398.056624451903,5.691736441804096e-05,False
6.0,+,6,7,31423.49549,0.001,31423.592953425523,31423.592981105747,2.768022386590019e-05,False
6.0,+,6,8,32756.55685,0.001,32756.774436068277,32756.774394051867,-4.201641058898531e-05,False
6.0,+,6,8,32781.13193,0.001,32781.09837461338,32781.09837777236,3.1589806894771755e-06,False
6.0,+,6,8,32805.967,0.001,32805.85913173433,32805.85916312266,3.13883283524774e-05,False
6.0,+,6,9,34058.9947,0.001,34059.09620650674,34059.09619667724,-9.829505870584399e-06,False
6.0,+,6,9,34082.89537,0.001,34082.74068518414,34082.740678311566,-6.872571248095483e-06,False
6.0,+,6,9,34107.08819,0.001,34105.910212129194,34105.910203242274,-8.886920113582164e-06,False
6.0,+,6,10,35278.69343,0.001,35278.79334565973,35278.79333604288,-9.61685145739466e-06,False
6.0,+,6,10,35301.70864,0.001,35301.48486003566,35301.48483334347,-2.6692192477639765e-05,False
6.0,+,6,10,35325.07648,0.001,35324.801808094686,35324.80176156534,-4.652934876503423e-05,False
6.0,+,6,11,36420.27285,0.001,36421.17508231358,36421.17512560978,4.329619696363807e-05,False
6.0,+,6,11,36442.62962,0.001,36443.08689030604,36443.08686761921,-2.2686828742735088e-05,False
6.0,+,6,12,37494.99103,0.001,37495.42055635097,37495.4205473736,-8.977367542684078e-06,False
6.0,+,6,12,37516.75159,0.001,37516.56734366618,37516.56730944659,-3.421959263505414e-05,False
6.0,-,2,0,654.96,676.0,654.954571063456,654.954573053075,1.9896190224244492e-06,False
6.0,-,2,0,683.26891,961.0,683.269949819696,683.269951787473,1.9677770524140215e-06,False
6.0,-,2,0,711.20694,676.0,711.202802825759,711.202804742811,1.9170520317857154e-06,False
6.0,-,2,1,2272.45848,7.84,2272.446021171834,2272.446021097829,-7.400512913591228e-08,False
6.0,-,2,1,2300.59298,10.89,2300.581513582702,2300.581513426419,-1.5628302207915112e-07,False
6.0,-,2,1,2328.31984,9.61,2328.298915646381,2328.298915114977,-5.314041118253954e-07,False
6.0,-,2,2,3866.6346,4.84,3866.675137478741,3866.675138294068,8.153269845934119e-07,False
6.0,-,2,2,3894.59277,4.84,3894.633568355529,3894.633568927506,5.719771252188366e-07,False
6.0,-,2,2,3922.11108,4.84,3922.135622179514,3922.135621442548,-7.369658305833582e-07,False
6.0,-,2,3,5437.48909,1.69,5437.470643129078,5437.470643875221,7.461430868715979e-07,False
6.0,-,2,3,5465.25723,2.89,5465.255741796631,5465.255741941366,1.4473516785074025e-07,False
6.0,-,2,3,5492.5804,1.69,5492.542506029802,5492.542503062945,-2.9668572096852586e-06,False
6.0,-,2,4,6984.9831,1.21,6984.937862685876,6984.937863415103,7.292264854186215e-07,False
6.0,-,2,4,7012.58306,1.44,7012.552917849663,7012.552917257348,-5.923147909925319e-07,False
6.0,-,2,4,7039.71393,0.64,7039.621082492104,7039.621075279045,-7.213058779598214e-06,False
6.0,-,3,0,8335.92223,441.0,8335.907721517153,8335.907723803639,2.2864860511617735e-06,False
6.0,-,2,5,8509.12583,0.64,8509.102094977261,8509.102097602148,2.6248872018186375e-06,False
6.0,-,2,5,8536.55941,0.64,8536.550922104469,8536.550921475528,-6.289410521276295e-07,False
6.0,-,2,5,8563.48358,0.49,8563.380531913239,8563.380515204477,-1.6708761904737912e-05,False
6.0,-,5,0,9334.41124,576.0,9334.285331107996,9334.285388082471,5.697447522834409e-05,False
6.0,-,5,0,9384.30749,169.0,9384.482503520096,9384.482568473795,6.495369962067343e-05,False
6.0,-,3,1,9919.25126,6.25,9919.240488380537,9919.240489423652,1.0431140253785998e-06,False
6.0,-,2,6,10009.95554,0.64,10009.938242418271,10009.938243655433,1.2371619959594682e-06,False
6.0,-,2,6,10037.2003,0.81,10037.219617644487,10037.219616015029,-1.6294579836539924e-06,False
6.0,-,2,6,10063.88827,0.36,10063.877894185185,10063.877879974256,-1.4210929293767549e-05,False
6.0,-,5,1,11365.42555,6.76,11365.536214184332,11365.536217713074,3.52874121745117e-06,False
6.0,-,5,1,11415.04121,2.25,11414.780216747733,11414.780111702814,-0.00010504491910978686,False
6.0,-,3,2,11478.35953,5.29,11478.385531206672,11478.385531091288,-1.1538395483512431e-07,False
6.0,-,2,7,11487.63196,0.81,11487.451818585478,11487.451802764259,-1.5821218767086975e-05,False
6.0,-,2,7,11514.65808,0.49,11514.552602514575,11514.552603439233,9.246577974408865e-07,False
6.0,-,2,7,11541.05134,0.36,11541.430957972987,11541.43106355997,0.00010558698340901174,False
6.0,-,2,8,12941.45847,1.0,12941.441753566218,12941.441760271358,6.705140549456701e-06,False
6.0,-,2,8,12968.38213,0.64,12968.404028910483,12968.404026377304,-2.533179213060066e-06,False
6.0,-,2,8,12994.6562,0.49,12994.511772047224,12994.511721387176,-5.066004814580083e-05,False
6.0,-,3,3,13013.19368,2.25,13013.18270199501,13013.182703962482,1.967471689567901e-06,False
6.0,-,5,2,13368.2265,1.21,13368.168339046835,13368.168365047259,2.600042353151366e-05,False
6.0,-,5,2,13417.16008,0.09,13417.41690563639,13417.416985018715,7.938232556625735e-05,False
6.0,-,2,9,14372.30975,0.0626,14372.153270411785,14372.153269901037,-5.107485776534304e-07,False
6.0,-,2,9,14399.02074,0.03,14398.945932549672,14398.945932096234,-4.534376785159111e-07,False
6.0,-,2,9,14425.08508,0.0181,14425.028895491974,14425.028896367441,8.754668670007959e-07,False
6.0,-,3,4,14523.68242,1.69,14523.638083798514,14523.638084617316,8.188017091015354e-07,False
6.0,-,5,3,15340.46107,1.69,15340.343234305969,15340.34323648245,2.1764808479929343e-06,False
6.0,-,5,3,15389.04443,0.09,15388.754569351035,15388.754567538677,-1.8123573681805283e-06,False
6.0,-,3,5,16009.74378,0.64,16009.693648169407,16009.693649698953,1.5295463526854292e-06,False
6.0,-,2,11,17163.59377,0.0025,17163.840164730347,17163.840168062103,3.331755578983575e-06,False
6.0,-,3,6,17471.29511,0.25,17471.24454787018,17471.244550078613,2.2084313968662173e-06,False
6.0,-,3,7,18908.25503,0.04,18908.172825941478,18908.17282562684,-3.14637873088941e-07,False
6.0,-,2,13,19862.12692,0.0002,19864.62559378168,19864.625592811433,-9.702453098725528e-07,False
6.0,-,3,8,20320.53419,0.01,20320.41915379394,20320.419161876638,8.082697604550049e-06,False
6.0,-,5,6,21065.25392,0.01,21065.204772790505,21065.20476140816,-1.1382344382582232e-05,False
6.0,-,3,9,21708.02959,0.0004,21707.860855664647,21707.860868616153,1.2951506505487487e-05,False
6.0,-,5,7,22904.08503,0.01,22903.799794336122,22903.799806853676,1.2517553841462359e-05,False
6.0,-,3,10,23070.61875,0.0003,23070.406702658503,23070.406711542422,8.883918781066313e-06,False
7.0,+,4,0,6330.92549,1156.0,6330.815277290189,6330.815277159622,-1.3056705938652158e-07,False
7.0,+,4,1,7778.1427,9.0,7778.027939964858,7778.027939746891,-2.1796677174279466e-07,False
7.0,+,4,2,9203.19094,11.56,9203.11891187776,9203.118911766074,-1.1168594937771559e-07,False
7.0,+,4,3,10606.13619,4.41,10606.069583027367,10606.069582780672,-2.4669498088769615e-07,False
7.0,+,7,0,11940.57134,36.0,11940.559699992298,11940.559701340198,1.3479002518579364e-06,False
7.0,+,4,4,11987.06223,1.0,11986.970004139903,11986.97000400307,-1.3683347788173705e-07,False
7.0,+,7,1,13324.16736,0.36,13324.174660684539,13324.174660530685,-1.5385376173071563e-07,False
7.0,+,4,5,13346.05928,0.81,13345.92493707501,13345.92493689675,-1.782591425580904e-07,False
7.0,+,4,6,14683.21572,0.25,14683.047785533749,14683.047785285626,-2.4812288756947964e-07,False
7.0,+,7,2,14684.89448,0.36,14684.926355721886,14684.926355859749,1.37863025884144e-07,False
7.0,+,4,7,15998.61493,0.09,15998.460080215202,15998.460080076124,-1.3907811080571264e-07,False
7.0,+,7,3,16022.81963,0.64,16022.828312848156,16022.828312484848,-3.6330857255961746e-07,False
7.0,+,4,8,17292.34489,0.09,17292.279266833146,17292.27926659504,-2.381057129241526e-07,False
7.0,+,7,4,17337.99033,0.81,17337.986345797624,17337.986344347646,-1.4499782992061228e-06,False
7.0,+,7,5,18630.48701,0.64,18630.476783761158,18630.476781937705,-1.823453203542158e-06,False
7.0,+,7,6,19900.339,0.64,19900.27394096098,19900.27393245233,-8.508646715199575e-06,False
7.0,+,6,0,20059.87466,400.0,20059.92330184988,20059.923303384156,1.5342739061452448e-06,False
7.0,+,6,0,20090.94891,324.0,20090.978957724867,20090.97896093219,3.20732215186581e-06,False
7.0,+,6,0,20122.77554,144.0,20122.74834332315,20122.748347942033,4.618883394869044e-06,False
7.0,+,7,7,21147.68344,0.25,21147.61668445104,21147.6166841244,-3.2663956517353654e-07,False
7.0,+,6,1,21812.75206,2.25,21812.777926210598,21812.77792515346,-1.0571384336799383e-06,False
7.0,+,6,1,21843.4945,2.56,21843.53738898892,21843.537389036883,4.7963112592697144e-08,False
7.0,+,6,1,21874.96846,2.25,21874.968827544944,21874.968828331992,7.870476110838354e-07,False
7.0,+,7,8,22372.55247,0.01,22372.34856238214,22372.348562986128,6.039881554897875e-07,False
7.0,+,6,2,23528.10082,1.21,23527.766212881645,23527.7661652619,-4.76197456009686e-05,False
7.0,+,6,2,23558.49421,0.16,23558.066088202282,23558.066017198842,-7.100344009813853e-05,False
7.0,+,6,2,23589.77482,0.49,23589.8237814235,23589.823777360823,-4.0626764530315995e-06,False
7.0,+,6,3,25203.09886,4.0,25203.10656743068,25203.1065767649,9.334220521850511e-06,False
7.0,+,6,3,25233.06521,6.25,25233.110883068428,25233.1108691673,-1.3901128113502637e-05,False
7.0,+,6,3,25263.73781,1.96,25263.733546692572,25263.733518216104,-2.8476468287408352e-05,False
7.0,+,6,4,26832.93387,0.64,26832.92860569452,26832.92850099884,-0.00010469567860127427,False
7.0,+,6,4,26862.28377,0.16,26861.855520879497,26861.855431539334,-8.934016295825131e-05,False
7.0,+,6,4,26892.85202,0.25,26892.78577362075,26892.7857259202,-4.770055238623172e-05,False
7.0,+,6,5,28412.63477,2.89,28412.656295560497,28412.656362419813,6.685931657557376e-05,False
7.0,+,6,5,28441.63612,2.56,28441.722192352077,28441.722185480827,-6.871250661788508e-06,False
7.0,+,6,5,28471.35205,1.0,28471.35871175037,28471.358657952955,-5.379741560318507e-05,False
7.0,+,6,6,29935.7106,0.09,29935.10326767374,29935.10324003513,-2.7638612664304674e-05,False
7.0,+,6,6,29963.87832,0.09,29963.51689356436,29963.51684349373,-5.0070630095433444e-05,False
7.0,+,6,6,29993.5424,0.09,29992.693131718872,29992.693072520316,-5.919855539104901e-05,False
7.0,+,6,7,31392.45724,1.21,31392.549088265318,31392.54924134256,0.00015307724243029952,False
7.0,+,6,7,31420.20396,0.81,31420.363546372424,31420.36358009497,3.372254650457762e-05,False
7.0,+,6,7,31448.66526,0.36,31448.699531477218,31448.699518879705,-1.2597512977663428e-05,False
7.0,+,6,8,32775.65503,0.09,32775.75335007423,32775.75330984698,-4.02272489736788e-05,False
7.0,+,6,8,32802.79408,0.04,32802.78607771475,32802.78606855979,-9.154959116131067e-06,False
7.0,+,6,8,32830.52935,0.04,32830.471903436795,32830.47191665636,1.3219563697930425e-05,False
7.0,+,6,9,34077.72716,0.0015,34077.65828897056,34077.65827901834,-9.952222171705216e-06,False
7.0,+,6,9,34103.86271,0.0015,34103.28884767778,34103.28884265218,-5.025598511565477e-06,False
7.0,+,6,9,34130.76475,0.0004,34130.619994978966,34130.6199976446,2.6656343834474683e-06,False
7.0,+,6,10,35296.54292,0.0,35296.65490722827,35296.65490182097,-5.407302523963153e-06,False
7.0,+,6,10,35321.98258,0.0,35322.04361155156,35322.04359722623,-1.4325334632303566e-05,False
7.0,+,6,10,35348.07572,0.0,35347.93455405419,35347.93452499579,-2.9058399377390742e-05,False
7.0,+,6,11,36437.60147,0.0003,36438.516670803816,36438.51671204523,4.124141560168937e-05,False
7.0,+,6,12,37511.83475,0.0002,37512.25633466272,37512.25632787744,-6.785281584598124e-06,False
7.0,-,2,0,675.24059,625.0,675.23641052042,675.236412502338,1.9819179897240247e-06,False
7.0,-,2,0,705.32769,625.0,705.324796978194,705.32479893012,1.9519260376910097e-06,False
7.0,-,2,0,735.72109,784.0,735.721381302183,735.721383276938,1.9747550368265365e-06,False
7.0,-,2,1,2292.54188,8.41,2292.529640204806,2292.529640095285,-1.0952135198749602e-07,False
7.0,-,2,1,2322.42878,10.24,2322.409975384881,2322.409975101634,-2.8324711820459925e-07,False
7.0,-,2,1,2352.57044,12.25,2352.562903351223,2352.562903233808,-1.1741531125153415e-07,False
7.0,-,2,2,3886.52125,7.84,3886.560000119784,3886.560000816813,6.970290087338071e-07,False
7.0,-,2,2,3916.20285,5.29,3916.233733046602,3916.233733159662,1.130597411247436e-07,False
7.0,-,2,2,3946.10215,7.29,3946.145346864082,3946.145347532413,6.683308129140642e-07,False
7.0,-,2,3,5457.17353,3.61,5457.157272944409,5457.157273414071,4.6966215450083837e-07,False
7.0,-,2,3,5486.64039,3.61,5486.626153996383,5486.626153050222,-9.461618901696056e-07,False
7.0,-,2,3,5516.30267,4.0,5516.300750397411,5516.300750810094,4.126823114347644e-07,False
7.0,-,2,4,7004.46383,1.96,7004.426720510003,7004.426720640602,1.3059889170108363e-07,False
7.0,-,2,4,7033.74191,1.21,7033.690065138842,7033.690062194367,-2.9444754545693286e-06,False
7.0,-,2,4,7063.14827,1.21,7063.133255784882,7063.133255760474,-2.4408109311480075e-08,False
7.0,-,3,0,8358.4164,961.0,8358.412511384027,8358.412513671305,2.287277311552316e-06,False
7.0,-,2,5,8528.43063,1.21,8528.395198605393,8528.395199778644,1.1732518032658845e-06,False
7.0,-,2,5,8557.48875,0.64,8557.441567016274,8557.44156063568,-6.3805946410866454e-06,False
7.0,-,2,5,8586.65256,1.0,8586.669336554867,8586.669337362357,8.074894140008837e-07,False
7.0,-,5,0,9384.03725,196.0,9384.06855946519,9384.068617565708,5.810051879961975e-05,False
7.0,-,3,1,9941.50808,10.24,9941.506353670127,9941.506354715526,1.0453986760694534e-06,False
7.0,-,2,6,10029.0458,0.36,10029.028382979703,10029.02838303115,5.144647730048746e-08,False
7.0,-,2,6,10057.89795,1.0,10057.901971633415,10057.90196558058,-6.052834578440525e-06,False
7.0,-,2,6,10086.81246,0.81,10086.872755753995,10086.872755468748,-2.8524664230644703e-07,False
7.0,-,5,1,11414.58775,3.61,11414.559505394478,11414.559466907136,-3.84873419534415e-05,False
7.0,-,3,2,11500.3781,10.89,11500.411207655985,11500.41120760338,-5.260517355054617e-08,False
7.0,-,2,7,11506.42958,0.49,11506.298839878793,11506.29883080052,-9.078272341866978e-06,False
7.0,-,2,7,11535.08099,0.36,11535.267317497455,11535.267361135584,4.3638128772727214e-05,False
7.0,-,2,7,11563.703,0.49,11563.70809629848,11563.708092120194,-4.1782859625527635e-06,False
7.0,-,2,8,12960.18768,0.64,12960.145746877397,12960.14574944782,2.5704230210976675e-06,False
7.0,-,2,8,12988.63037,0.64,12988.543577881404,12988.543557968438,-1.9912966308766045e-05,False
7.0,-,2,8,13017.07319,0.64,13017.141158138078,13017.141160041876,1.9037979654967785e-06,False
7.0,-,3,3,13034.96945,6.25,13034.968425751933,13034.968427847894,2.0959614630555734e-06,False
7.0,-,5,2,13416.92549,0.09,13416.978853376142,13416.978895443492,4.206734956824221e-05,False
7.0,-,2,9,14390.77582,0.0533,14390.638201843689,14390.638201389012,-4.5467641029972583e-07,False
7.0,-,2,9,14419.03067,0.037,14418.958522371267,14418.958522616127,2.448596205795184e-07,False
7.0,-,2,9,14447.17542,0.037,14447.210331090619,14447.210330711701,-3.7891732063144445e-07,False
7.0,-,3,4,14545.2167,3.61,14545.18283584563,14545.182836663076,8.174465619958937e-07,False
7.0,-,5,3,15388.68033,0.64,15388.456137612127,15388.456138434492,8.223651093430817e-07,False
7.0,-,3,5,16031.03427,1.21,16030.99657042939,16030.996571950263,1.5208734112093225e-06,False
7.0,-,2,11,17181.79824,0.0011,17181.994732635354,17181.99473410927,1.4739161997567862e-06,False
7.0,-,3,6,17492.34334,0.49,17492.304502771956,17492.30450492912,2.157164999516681e-06,False
7.0,-,3,7,18929.04823,0.16,18928.988238453185,18928.98823826817,-1.8501305021345615e-07,False
7.0,-,3,8,20341.08447,0.04,20340.988513671262,20340.988521760275,8.08901313575916e-06,False
7.0,-,3,9,21728.32759,0.0004,21728.18258098877,21728.18259400448,1.3015709555475041e-05,False
7.0,-,3,10,23090.66175,0.0003,23090.479022989948,23090.479032036255,9.046307241078466e-06,False
7.0,-,3,12,25740.08875,0.0002,25739.949378219037,25739.9493691805,-9.038536518346518e-06,False
8.0,+,1,0,130.36526,841.0,130.362794356991,130.362794354865,-2.1260007088130806e-09,False
8.0,+,1,1,1956.53373,112.96,1956.533348586999,1956.533348744413,1.5741397874080576e-07,False
8.0,+,1,2,3754.39754,11.56,3754.390610595844,3754.390611273405,6.775608198950067e-07,False
8.0,+,1,3,5523.03778,5.29,5522.986460150889,5522.98646161449,1.4636007108492777e-06,False
8.0,+,4,0,6330.77164,841.0,6330.815049046084,6330.81504891534,-1.3074350135866553e-07,False
8.0,+,4,0,6381.42446,576.0,6381.459057957572,6381.459057827478,-1.3009412214159966e-07,False
8.0,+,1,4,7261.29704,2.56,7261.193937024071,7261.193938545117,1.5210462152026594e-06,False
8.0,+,4,1,7777.98885,6.76,7778.028342951672,7778.028342734326,-2.1734649635618553e-07,False
8.0,+,4,1,7828.08692,5.76,7828.114791074658,7828.114790857648,-2.1700998331652954e-07,False
8.0,+,1,5,8967.61208,1.69,8967.504411694685,8967.504412562406,8.677216101204976e-07,False
8.0,+,4,2,9203.03426,7.84,9203.120107399422,9203.12010728341,-1.1601150617934763e-07,False
8.0,+,4,2,9252.58171,9.0,9252.648920063886,9252.648919949494,-1.1439260561019182e-07,False
8.0,+,4,3,10605.96127,2.89,10606.056062871543,10606.056062634034,-2.3750908439978957e-07,False
8.0,+,1,6,10639.89601,1.0,10639.880768534636,10639.880768625719,9.108225640375167e-08,False
8.0,+,4,3,10655.004,2.89,10655.063027384329,10655.063027121741,-2.625874913064763e-07,False
8.0,+,7,0,11963.84337,36.0,11963.831367508134,11963.8313688553,1.3471671991283074e-06,False
8.0,+,4,4,11986.9101,1.69,11986.966616331581,11986.966616197655,-1.3392673281487077e-07,False
8.0,+,4,4,12035.34119,1.96,12035.382038162745,12035.382038012442,-1.5030309441499412e-07,False
8.0,+,4,5,13345.90437,1.21,13345.921242169987,13345.921242008004,-1.6198282537516207e-07,False
8.0,+,7,1,13347.17091,0.36,13347.17558134863,13347.175581196687,-1.5194382285699248e-07,False
8.0,+,4,5,13393.80163,1.0,13393.779917159267,13393.779916957767,-2.015003701671958e-07,False
8.0,+,4,6,14683.05398,0.25,14683.043288980327,14683.043288766292,-2.140350261470303e-07,False
8.0,+,7,2,14707.62703,0.36,14707.656717692158,14707.65671782857,1.3641147234011441e-07,False
8.0,+,4,6,14730.38205,0.25,14730.34534251627,14730.345342205686,-3.1058334570843726e-07,False
8.0,+,8,0,15302.69733,36.0,15302.700712578602,15302.700712392854,-1.8574792193248868e-07,False
8.0,+,4,7,15998.45119,0.16,15998.454691047878,15998.454690982688,-6.519076123367995e-08,False
8.0,+,4,7,16045.21913,0.25,16045.20024788137,16045.200247627357,-2.5401277525816113e-07,False
8.0,+,7,3,16045.27779,0.64,16045.288400290014,16045.288399933643,-3.5637094697449356e-07,False
8.0,+,8,1,16722.42701,0.36,16722.397805068063,16722.397804894343,-1.7372076399624348e-07,False
8.0,+,4,8,17292.19326,0.09,17292.273037103445,17292.273037000105,-1.033404259942472e-07,False
8.0,+,4,8,17338.40492,0.09,17338.462155172125,17338.462154746983,-4.2514147935435176e-07,False
8.0,+,7,4,17360.18317,0.81,17360.176102475885,17360.17610102926,-1.4466240827459842e-06,False
8.0,+,8,2,18141.31869,0.09,18141.616292173672,18141.61629201645,-1.5722253010608256e-07,False
8.0,+,7,5,18652.40679,0.49,18652.396094321255,18652.39609250369,-1.8175633158534765e-06,False
8.0,+,8,3,19561.78802,0.09,19561.68001420278,19561.68001385732,-3.4545882954262197e-07,False
8.0,+,7,6,19921.98577,0.49,19921.925298396007,19921.925290133822,-8.262184564955533e-06,False
8.0,+,6,0,20084.87151,225.0,20084.90059612115,20084.900597538228,1.4170764188747853e-06,False
8.0,+,6,0,20118.23745,169.0,20118.222948684444,20118.22295201421,3.329765604576096e-06,False
8.0,+,6,0,20153.05828,169.0,20153.0929094976,20153.09291368279,4.18518902733922e-06,False
8.0,+,7,7,21169.06728,0.36,21168.99389431697,21168.993893997056,-3.1991294235922396e-07,False
8.0,+,6,1,21837.46416,1.69,21837.47280182059,21837.472800843225,-9.773648343980312e-07,False
8.0,+,6,1,21870.45371,1.44,21870.442068557888,21870.44206903308,4.7519279178231955e-07,False
8.0,+,6,1,21904.88887,1.44,21904.943460689556,21904.9434621934,1.5038458514027297e-06,False
8.0,+,7,8,22393.65106,0.04,22393.45340372412,22393.453404366337,6.422160367947072e-07,False
8.0,+,6,2,23552.53902,0.49,23552.175650895726,23552.175603204105,-4.769162114826031e-05,False
8.0,+,6,2,23585.27529,0.04,23584.198159759206,23584.198066715344,-9.304386185249314e-05,False
8.0,+,6,2,23619.30875,0.16,23619.434460152414,23619.43447754093,1.7388516425853595e-05,False
8.0,+,6,3,25227.22658,2.25,25227.182494599736,25227.18250145935,6.859612767584622e-06,False
8.0,+,6,3,25259.37409,2.89,25259.315762157054,25259.31574677415,-1.538290234748274e-05,False
8.0,+,6,3,25292.92408,2.25,25292.963391557278,25292.96337105809,-2.04991883947514e-05,False
8.0,+,6,4,26856.1818,1.0,26856.31979900815,26856.319714599606,-8.440854435320944e-05,False
8.0,+,6,4,26888.59431,0.25,26888.341990372843,26888.341928705857,-6.166698585730046e-05,False
8.0,+,6,4,26922.21815,0.09,26924.36787999257,26924.367940482487,6.048991781426594e-05,False
8.0,+,6,5,28435.99692,1.0,28436.000631966446,28436.00069760737,6.564092473126948e-05,False
8.0,+,6,5,28467.13288,0.81,28467.092084608936,28467.09212759823,4.2989293433493e-05,False
8.0,+,6,5,28499.62384,0.81,28499.704410011866,28499.704437124212,2.7112346288049594e-05,False
8.0,+,6,6,29958.54946,0.09,29957.94759511185,29957.94757754724,-1.756461279001087e-05,False
8.0,+,6,6,29988.65204,0.36,29988.506154362844,29988.506208586798,5.422395406640135e-05,False
8.0,+,6,6,30021.09463,0.09,30020.242560380215,30020.243700640654,0.001140260439569829,False
8.0,+,6,7,31414.92499,0.25,31414.980392485286,31414.980527435873,0.00013495058738044463,False
8.0,+,6,7,31444.71362,0.49,31444.684508196686,31444.684568433597,6.0236910940147936e-05,False
8.0,+,6,7,31475.8366,0.16,31475.993347358584,31475.993372726134,2.5367549824295565e-05,False
8.0,+,6,8,32797.55602,0.04,32797.57813135199,32797.57809578875,-3.5563243727665395e-05,False
8.0,+,6,8,32826.61755,0.09,32826.57679740487,32826.57679954527,2.140397555194795e-06,False
8.0,+,6,8,32857.06274,0.36,32856.9106953838,32856.91072071528,2.533147926442325e-05,False
8.0,+,6,9,34098.63846,0.0004,34098.5237304542,34098.52372109435,-9.359850082546473e-06,False
8.0,+,6,9,34127.05041,0.0015,34126.93068598469,34126.93068011004,-5.874651833437383e-06,False
8.0,+,6,9,34156.55812,0.0004,34154.40766974339,34154.407658382464,-1.1360927601344883e-05,False
8.0,+,6,10,35317.2113,0.0051,35317.273985044674,35317.27397932416,-5.720510671380907e-06,False
8.0,+,6,10,35344.56269,0.0051,35344.391897247544,35344.391871054,-2.6193541998509318e-05,False
8.0,+,6,10,35373.22292,0.0051,35373.021392971335,35373.02135390873,-3.90626082662493e-05,False
8.0,+,6,11,36457.60568,0.0003,36458.46070228882,36458.46073615814,3.386931348359212e-05,False
8.0,+,6,12,37531.24682,0.0002,37531.560231525764,37531.56022138534,-1.0140422091353685e-05,False
8.0,-,2,0,698.67773,625.0,698.674738694395,698.67474068549,1.9910949049517512e-06,False
8.0,-,2,0,731.63134,841.0,731.630353620773,731.630355596331,1.9755580069613643e-06,False
8.0,-,2,0,765.21087,576.0,765.208406274366,765.208408178261,1.9038950540561927e-06,False
8.0,-,2,1,2315.74486,6.76,2315.733529436039,2315.733529403586,-3.245304469601251e-08,False
8.0,-,2,1,2348.45666,12.25,2348.446317665857,2348.446317540695,-1.2516193237388507e-07,False
8.0,-,2,1,2381.75671,10.89,2381.736752279145,2381.736751691027,-5.881179276912007e-07,False
8.0,-,2,2,3909.48576,5.76,3909.528094547199,3909.528095499926,9.527270776743535e-07,False
8.0,-,2,2,3941.96053,7.84,3942.000415802536,3942.000416436885,6.343493623717222e-07,False
8.0,-,2,2,3974.98457,4.41,3975.001861388772,3975.001860446741,-9.42030965234153e-07,False
8.0,-,2,3,5479.89616,1.21,5479.8890766504,5479.889077735764,1.0853636922547594e-06,False
8.0,-,2,3,5512.12562,4.41,5512.124699771443,5512.12470011101,3.3956621336983517e-07,False
8.0,-,2,3,5544.88064,1.96,5544.835603039774,5544.83559959336,-3.4464137570466846e-06,False
8.0,-,2,4,7026.96319,1.0,7026.920638665295,7026.920640086561,1.4212664609658532e-06,False
8.0,-,2,4,7058.95607,2.56,7058.923280471603,7058.923280308695,-1.6290778148686513e-07,False
8.0,-,2,4,7091.42351,0.64,7091.33740079487,7091.337392524886,-8.269983482023235e-06,False
8.0,-,3,0,8384.14685,484.0,8384.129121776816,8384.129124064673,2.287857569172047e-06,False
8.0,-,2,5,8550.6496,0.64,8550.645529521897,8550.645533807517,4.285620889277197e-06,False
8.0,-,2,5,8582.42134,0.64,8582.421955064776,8582.42195554313,4.783541953656822e-07,False
8.0,-,2,5,8614.60644,0.64,8614.509666727961,8614.509647533238,-1.9194723790860735e-05,False
8.0,-,5,0,9384.41829,225.0,9384.26742429343,9384.267480191938,5.589850843534805e-05,False
8.0,-,5,0,9449.62797,64.0,9449.865563935691,9449.865629574859,6.563916758750565e-05,False
8.0,-,3,1,9966.96496,6.76,9966.949950698809,9966.949951750372,1.0515632311580703e-06,False
8.0,-,2,6,10051.0595,1.44,10051.050737702519,10051.050740152576,2.450056854286231e-06,False
8.0,-,2,6,10082.57003,1.44,10082.589097321312,10082.589096716461,-6.048503564670682e-07,False
8.0,-,2,6,10114.48034,0.81,10114.446503035879,10114.446487002946,-1.603293276275508e-05,False
8.0,-,5,1,11414.73742,1.96,11414.93025153642,11414.93027292329,2.1386869775597006e-05,False
8.0,-,5,1,11479.57461,1.0,11479.208896616408,11479.208760481059,-0.00013613534974865615,False
8.0,-,3,2,11525.55978,5.76,11525.580567057303,11525.580566686047,-3.712557372637093e-07,False
8.0,-,2,7,11528.52866,0.49,11528.201629240446,11528.201599023512,-3.0216933737392537e-05,False
8.0,-,2,7,11559.5916,0.25,11559.42242463377,11559.422418037937,-6.595833838218823e-06,False
8.0,-,2,7,11591.19256,0.25,11591.696400390549,11591.696541098883,0.00014070833458390553,False
8.0,-,2,8,12981.65184,0.81,12981.65838918255,12981.658400723614,1.1541063940967433e-05,False
8.0,-,2,8,13012.7203,0.36,13012.767766791318,13012.767767475325,6.840073183411732e-07,False
8.0,-,2,8,13044.05075,0.36,13043.865643976691,13043.865587099759,-5.6876931921578944e-05,False
8.0,-,3,3,13059.87594,2.56,13059.863214438215,13059.863216288371,1.8501559679862112e-06,False
8.0,-,5,2,13417.32807,0.16,13417.120710596795,13417.120728794273,1.8197477402281947e-05,False
8.0,-,2,9,14412.09892,0.0448,14411.955636204853,14411.955635448694,-7.561593520222232e-07,False
8.0,-,2,9,14442.86025,0.037,14442.802164100516,14442.802163597647,-5.028687155572698e-07,False
8.0,-,2,9,14473.92972,0.037,14473.872931358446,14473.872932905264,1.546817657072097e-06,False
8.0,-,3,4,14569.84653,1.96,14569.802211193706,14569.802211998272,8.045662980293855e-07,False
8.0,-,5,3,15388.95966,0.25,15388.728541916229,15388.728544909109,2.9928796720923856e-06,False
8.0,-,5,3,15452.4706,0.04,15451.984352310248,15451.984348822461,-3.487786671030335e-06,False
8.0,-,3,5,16055.38285,0.81,16055.339565958267,16055.33956747682,1.518552380730398e-06,False
8.0,-,3,6,17516.41526,0.16,17516.37060145681,17516.370603569183,2.1123742044437677e-06,False
8.0,-,3,7,18952.85077,0.04,18952.773986380864,18952.773986251108,-1.2975579011254013e-07,False
8.0,-,3,8,20364.58894,0.01,20364.493087710223,20364.49309580523,8.09500488685444e-06,False
9.0,+,4,0,6381.57283,1225.0,6381.461239177646,6381.461239047448,-1.3019871403230354e-07,False
9.0,+,4,1,7828.23438,10.24,7828.118199284819,7828.118199066268,-2.1855066734133288e-07,False
9.0,+,4,2,9252.72493,14.44,9252.653732677367,9252.65373256605,-1.1131669452879578e-07,False
9.0,+,4,3,10655.1161,4.0,10655.04918392534,10655.049183678886,-2.4645305529702455e-07,False
9.0,+,7,0,11990.02029,36.0,11990.008114284026,11990.008115630522,1.346495992038399e-06,False
9.0,+,4,4,12035.4926,1.44,12035.394437928542,12035.394437790726,-1.3781573215965182e-07,False
9.0,+,7,1,13373.04314,0.36,13373.047728487565,13373.047728337806,-1.497592165833339e-07,False
9.0,+,4,5,13393.9391972414,1.45,13393.794398010754,13393.794397833995,-1.7675847630016506e-07,False
9.0,+,4,6,14730.53057,0.25,14730.362463434061,14730.362463185187,-2.488741301931441e-07,False
9.0,+,7,2,14733.19656,0.36,14733.22447601161,14733.22447614641,1.3479984772857279e-07,False
9.0,+,4,7,16045.36959,0.36,16045.220152827718,16045.220152688298,-1.3942008081357926e-07,False
9.0,+,7,3,16070.54244,0.64,16070.552056660286,16070.552056308969,-3.513177944114432e-07,False
9.0,+,4,8,17338.55997,0.09,17338.484863767608,17338.484863531696,-2.359120117034763e-07,False
9.0,+,7,4,17385.14149,0.81,17385.135655228874,17385.13565378638,-1.442494976799935e-06,False
9.0,+,7,5,18677.05818,0.49,18677.051380871184,18677.051379060307,-1.810876710806042e-06,False
9.0,+,7,6,19946.33741,0.49,19946.278906819996,19946.278898817807,-8.002189133549109e-06,False
9.0,+,6,0,20113.29687,289.0,20113.33823712043,20113.338238473698,1.3532662705983967e-06,False
9.0,+,6,0,20150.04179,289.0,20150.079134986347,20150.07913838842,3.402074071345851e-06,False
9.0,+,6,0,20188.18478,121.0,20188.159725720787,20188.15972977407,4.053283191751689e-06,False
9.0,+,7,7,21193.10391,0.36,21193.039276772004,21193.039276459578,-3.124259819742292e-07,False
9.0,+,6,1,21865.55853,1.44,21865.584909299523,21865.584908325458,-9.74065187619999e-07,False
9.0,+,6,1,21901.90443,1.69,21901.950156997373,21901.950157040596,4.322282620705664e-08,False
9.0,+,6,1,21939.61648,1.0,21939.612897245584,21939.6128979648,7.192138582468033e-07,False
9.0,+,7,8,22417.38624,0.04,22417.192375324667,22417.192376009454,6.847876647952944e-07,False
9.0,+,6,2,23580.24771,0.49,23579.89363261774,23579.893581312044,-5.1305694796610624e-05,False
9.0,+,6,2,23616.29155,0.16,23621.488577545617,23621.488782246615,0.00020470099843805656,False
9.0,+,6,2,23653.6079,0.36,23653.62182592248,23653.621818521533,-7.400947652058676e-06,False
9.0,+,6,3,25254.56681,4.0,25254.570222312155,25254.57022842281,6.110654794611037e-06,False
9.0,+,6,3,25289.99621,3.24,25290.043430990412,25290.043415329685,-1.566072751302272e-05,False
9.0,+,6,3,25326.73944,2.56,25326.72134116191,25326.721315873696,-2.528821278247051e-05,False
9.0,+,6,4,26883.62399,0.81,26883.64535022025,26883.645253157723,-9.706252603791654e-05,False
9.0,+,6,4,26920.23574,0.36,26921.943857955008,26921.94382958135,-2.837365900631994e-05,False
9.0,+,6,4,26954.88049,0.25,26954.835327286986,26954.835277733753,-4.955323311151005e-05,False
9.0,+,6,5,28462.51006,1.44,28462.538312215293,28462.53836527008,5.305478771333583e-05,False
9.0,+,6,5,28496.83032,0.81,28496.922778895845,28496.922771012996,-7.882848876761273e-06,False
9.0,+,6,5,28532.40735,0.81,28532.41235830884,28532.412312048673,-4.62601674371399e-05,False
9.0,+,6,6,29984.36665,0.16,29984.062498607705,29984.06247023621,-2.837149440892972e-05,False
9.0,+,6,6,30017.52139,0.16,30017.616744895484,30017.61668682337,-5.807211346109398e-05,False
9.0,+,6,6,30053.14324,0.25,30052.613167060954,30052.613112039075,-5.502187923411839e-05,False
9.0,+,6,7,31440.33081,0.49,31440.432084730754,31440.43219769217,0.00011296141747152433,False
9.0,+,6,7,31473.22442,0.25,31473.410254689337,31473.410285596252,3.0906914616934955e-05,False
9.0,+,6,7,31507.31044,0.16,31507.344460237113,31507.34444925978,-1.0977331839967519e-05,False
9.0,+,6,8,32822.36127,0.16,32822.46332038801,32822.46328503094,-3.535706491675228e-05,False
9.0,+,6,8,32854.40788,0.16,32854.47569448359,32854.475683143224,-1.1340365745127201e-05,False
9.0,+,6,8,32887.68646,0.25,32887.667325098286,32887.66733433162,9.233335731551051e-06,False
9.0,+,6,9,34123.05265,0.0015,34123.04671548117,34123.04670551432,-9.966846846509725e-06,False
9.0,+,6,9,34153.87599,0.0004,34152.704872257615,34152.704866624495,-5.63311914447695e-06,False
9.0,+,6,9,34186.19354,0.0004,34186.40351525482,34186.40351526625,1.1430529411882162e-08,False
9.0,+,6,10,35340.55085,0.0051,35340.682210224186,35340.68220919457,-1.0296134860254824e-06,False
9.0,+,6,10,35370.75852,0.0051,35370.850026949454,35370.850014257485,-1.2691969459410757e-05,False
9.0,+,6,10,35402.0239,0.0051,35401.8877019061,35401.88767778063,-2.4125467461999506e-05,False
9.0,+,6,12,37553.32692,0.0002,37553.668726414464,37553.66872024717,-6.1672908486798406e-06,False
9.0,-,2,0,725.17878,841.0,725.176107341926,725.176109319791,1.9778649402724113e-06,False
9.0,-,2,0,760.16878,529.0,760.163940127899,760.163942082513,1.9546140492820996e-06,False
9.0,-,2,0,796.50285,529.0,796.504494278919,796.504496249693,1.9707740648300387e-06,False
9.0,-,2,1,2341.98571,9.61,2341.972539655751,2341.972539550204,-1.0554686014074832e-07,False
9.0,-,2,1,2376.70345,12.25,2376.684750130719,2376.684749852956,-2.777628651529085e-07,False
9.0,-,2,1,2412.71994,12.96,2412.713282711975,2412.713282599787,-1.1218799045309424e-07,False
9.0,-,2,2,3935.4638,9.0,3935.504139502099,3935.504140204857,7.027579158602748e-07,False
9.0,-,2,2,3969.91193,7.29,3969.940884849842,3969.940884937641,8.77989805303514e-08,False
9.0,-,2,2,4005.6158,8.41,4005.659595148174,4005.659595818236,6.700620360788889e-07,False
9.0,-,2,3,5505.61944,4.0,5505.603085606496,5505.60308610537,4.988733053323813e-07,False
9.0,-,2,3,5539.78857,4.0,5539.764833970675,5539.764833002321,-9.68353560892865e-07,False
9.0,-,2,3,5575.17657,2.89,5575.178552599789,5575.178553039936,4.4014632294420153e-07,False
9.0,-,2,4,7052.41767,2.25,7052.373778670632,7052.373778834433,1.6380090528400615e-07,False
9.0,-,2,4,7086.31275,1.44,7086.257625262548,7086.257622267708,-2.9948396331747063e-06,False
9.0,-,2,4,7121.39344,2.25,7121.373281919027,7121.373281921972,2.9449438443407416e-09,False
9.0,-,3,0,8413.05785,1024.0,8413.05631492349,8413.056317212331,2.2888416424393654e-06,False
9.0,-,2,5,8575.86943,1.21,8575.842775687384,8575.842776934793,1.247408363269642e-06,False
9.0,-,2,5,8609.47851,1.0,8609.43028942563,8609.43028298713,-6.438500349759124e-06,False
9.0,-,2,5,8644.2456,1.0,8644.269954862182,8644.269955739868,8.776860340731218e-07,False
9.0,-,5,0,9449.37651,81.0,9449.43595018001,9449.436008172353,5.799234349979088e-05,False
9.0,-,3,1,9995.57029,10.24,9995.569927705468,9995.569928759576,1.054107997333631e-06,False
9.0,-,2,6,10075.98002,0.81,10075.975304504711,10075.975304543443,3.873174136970192e-08,False
9.0,-,2,6,10109.33805,1.69,10109.331127795942,10109.331121881442,-5.914500434300862e-06,False
9.0,-,2,6,10143.76996,1.44,10143.831770379707,10143.831770111145,-2.6856287149712443e-07,False
9.0,-,5,1,11479.05242,1.96,11479.044655687389,11479.04461399292,-4.169446765445173e-05,False
9.0,-,2,7,11552.92113,0.16,11552.747884405993,11552.747871557378,-1.2848615369875915e-05,False
9.0,-,3,2,11553.85709,10.24,11553.891682976882,11553.891682188074,-7.888083928264678e-07,False
9.0,-,2,7,11586.14291,0.36,11586.326519059978,11586.326571395837,5.233585943642538e-05,False
9.0,-,2,7,11620.01722,0.49,11620.02380502289,11620.023799762163,-5.260728357825428e-06,False
9.0,-,2,8,13006.10746,0.81,13006.086432797303,13006.086435622707,2.825403498718515e-06,False
9.0,-,2,8,13038.85945,0.36,13038.783795665668,13038.783775680411,-1.9985256585641764e-05,False
9.0,-,2,8,13072.73112,0.16,13072.809326822711,13072.809329016754,2.1940431906841695e-06,False
9.0,-,3,3,13087.8627,4.84,13087.86579479994,13087.865796877933,2.0779934857273474e-06,False
9.0,-,5,2,13481.09089,0.01,13481.009033472848,13481.00907485587,4.138302210776601e-05,False
9.0,-,2,9,14436.18614,0.03,14436.074620107287,14436.074619564282,-5.430047167465091e-07,False
9.0,-,2,9,14468.74164,0.037,14468.675809738877,14468.675810212206,4.7332832764368504e-07,False
9.0,-,2,9,14502.17926,0.03,14502.230886049461,14502.230885631536,-4.1792554839048535e-07,False
9.0,-,3,4,14597.52269,3.61,14597.494949942391,14597.49495074661,8.042188710533082e-07,False
9.0,-,5,3,15452.09732,0.01,15451.697911879428,15451.69791253486,6.554328138008714e-07,False
9.0,-,3,5,16082.74663,1.69,16082.72133906648,16082.721340572834,1.5063542377902195e-06,False
9.0,-,3,6,17543.45655,0.49,17543.43980988537,17543.439811924993,2.0396219042595476e-06,False
9.0,-,3,7,18979.58167,0.16,18979.52887252121,18979.528872555453,3.4244294511154294e-08,False
9.0,-,3,8,20390.99849,0.04,20390.93156907071,20390.93157717292,8.102208084892482e-06,False
10.0,+,1,0,199.13431,841.0,199.136005760503,199.136005757283,-3.2200091482081916e-09,False
10.0,+,1,1,2024.61591,112.25,2024.61461054761,2024.614610702696,1.550858996779425e-07,False
10.0,+,1,2,3821.77411,12.96,3821.773122751188,3821.773123420851,6.696627679048106e-07,False
10.0,+,1,3,5589.69348,5.29,5589.656525187953,5589.656526644452,1.4564993762178347e-06,False
10.0,+,4,0,6381.40861,729.0,6381.461238205108,6381.461238074713,-1.303951648878865e-07,False
10.0,+,4,0,6443.97171,576.0,6444.001718156578,6444.001718026997,-1.2958116712979972e-07,False
10.0,+,1,4,7327.21113,2.89,7327.132377519097,7327.132379042625,1.5235282262437977e-06,False
10.0,+,4,1,7828.07253,5.76,7828.119092470623,7828.119092252546,-2.1807773009641096e-07,False
10.0,+,4,1,7889.95209,5.29,7889.970805948716,7889.97080573098,-2.1773576008854434e-07,False
10.0,+,1,5,9032.75558,0.81,9032.684895800383,9032.684896678795,8.784118108451366e-07,False
10.0,+,4,2,9252.56675,10.24,9252.655837079075,9252.655836962529,-1.1654628906399012e-07,False
10.0,+,4,2,9313.75501,7.84,9313.818623212994,9313.818623098814,-1.1417978384997696e-07,False
10.0,+,4,3,10654.94432,2.25,10655.03936418688,10655.039363947453,-2.394262992311269e-07,False
10.0,+,1,6,10704.21963,0.81,10704.25630183396,10704.256301937141,1.0318035492673516e-07,False
10.0,+,4,3,10715.48499,3.24,10715.554822302467,10715.554822037904,-2.645629137987271e-07,False
10.0,+,7,0,12019.10005,36.0,12019.088571356408,12019.088572701983,1.3455755834002048e-06,False
10.0,+,4,4,12035.33276,1.96,12035.391902293048,12035.391902159663,-1.333846739726141e-07,False
10.0,+,4,4,12095.14443,1.96,12095.179645871709,12095.179645718783,-1.5292607713490725e-07,False
10.0,+,4,5,13393.76594,1.21,13393.791734356988,13393.791734201019,-1.5596924640703946e-07,False
10.0,+,7,1,13401.78755,0.36,13401.789730285827,13401.789730138536,-1.4729084796272218e-07,False
10.0,+,4,5,13452.90475,1.96,13452.891768352005,13452.891768148065,-2.039396349573508e-07,False
10.0,+,4,6,14730.35833,0.25,14730.359170408457,14730.35917020429,-2.0416700863279402e-07,False
10.0,+,7,2,14761.60226,0.36,14761.628252866823,14761.628252999719,1.3289536582306027e-07,False
10.0,+,4,6,14788.82973,0.64,14788.771679352842,14788.771679031635,-3.2120624382514507e-07,False
10.0,+,8,0,15358.71336,36.0,15358.70976042849,15358.709760242658,-1.858315954450518e-07,False
10.0,+,4,7,16045.19469,0.25,16045.216136696334,16045.21613665128,-4.505454853642732e-08,False
10.0,+,7,3,16098.61152,0.81,16098.617944757774,16098.61794441347,-3.4430377127137035e-07,False
10.0,+,4,7,16102.96524,0.36,16102.941301669376,16102.941301396388,-2.729884727159515e-07,False
10.0,+,8,1,16778.04494,0.36,16778.003358921607,16778.00335874769,-1.7391721485182643e-07,False
10.0,+,4,8,17338.37726,0.09,17338.48018457913,17338.480184513952,-6.517802830785513e-08,False
10.0,+,4,8,17395.45838,0.09,17395.518045877576,17395.518045420227,-4.573485057335347e-07,False
10.0,+,7,4,17412.87223,0.81,17412.863619792693,17412.863618354582,-1.4381112123373896e-06,False
10.0,+,8,2,18196.60553,0.09,18196.89124154588,18196.89124138892,-1.5696059563197196e-07,False
10.0,+,7,5,18704.44884,0.49,18704.441253994482,18704.441252190776,-1.8037062545772642e-06,False
10.0,+,8,3,19616.75858,0.09,19616.636542855882,19616.63654251819,-3.3769174478948116e-07,False
10.0,+,7,6,19973.38812,0.49,19973.333325187534,19973.33331745453,-7.733004167675972e-06,False
10.0,+,6,0,20145.08432,289.0,20145.098110967494,20145.09811219784,1.2303462426643819e-06,False
10.0,+,6,0,20184.28581,121.0,20184.274307926844,20184.274311304107,3.3772630558814853e-06,False
10.0,+,6,0,20225.6574,144.0,20225.705712993553,20225.705716725883,3.7323297874536365e-06,False
10.0,+,7,7,21219.81608,0.36,21219.75142841476,21219.751428110474,-3.0428418540395796e-07,False
10.0,+,6,1,21896.97951,1.96,21896.983128043237,21896.983127135525,-9.077120921574533e-07,False
10.0,+,6,1,21935.73869,2.56,21935.72163618234,21935.721636646325,4.6398417907767e-07,False
10.0,+,6,1,21976.64383,0.64,21976.71113773251,21976.711139096922,1.3644130376633257e-06,False
10.0,+,7,8,22443.74641,0.09,22443.564075412494,22443.56407614413,7.316339178942144e-07,False
10.0,+,6,2,23611.30826,0.25,23610.898628127594,23610.89857346866,-5.4658932640450075e-05,False
10.0,+,6,2,23650.64833,0.16,23651.670633035723,23651.670809415322,0.0001763795989973005,False
10.0,+,6,2,23690.16165,0.25,23690.300143871085,23690.30015996502,1.6093934391392395e-05,False
10.0,+,6,3,25285.22569,2.25,25285.184146079817,25285.184149833807,3.7539903132710606e-06,False
10.0,+,6,3,25322.98889,2.89,25322.930212977873,25322.93019718728,-1.5790592442499474e-05,False
10.0,+,6,3,25362.84182,1.96,25362.902890657202,25362.902873629762,-1.702743975329213e-05,False
10.0,+,6,4,26910.85036,0.49,26911.73308326498,26911.733059496244,-2.3768734536133707e-05,False
10.0,+,6,4,26951.10202,1.0,26950.99259485204,26950.992521339635,-7.351240492425859e-05,False
10.0,+,6,4,26990.68971,0.09,26991.701179049433,26991.701197709564,1.8660131900105625e-05,False
10.0,+,6,5,28492.21958,0.64,28492.226942220375,28492.226997734117,5.55137412447948e-05,False
10.0,+,6,5,28528.79889,0.81,28528.757157671494,28528.75720354429,4.587279545376077e-05,False
10.0,+,6,5,28567.38918,0.36,28567.508034645583,28567.508063112145,2.846656207111664e-05,False
10.0,+,6,6,30013.27481,0.16,30013.070041809926,30013.070027561407,-1.4248518709791824e-05,False
10.0,+,6,6,30048.43949,0.25,30049.024844677464,30049.024933743945,8.906648145057261e-05,False
10.0,+,6,6,30087.17081,0.04,30086.67964278236,30086.679379789937,-0.00026299242381355725,False
10.0,+,6,7,31468.91052,0.16,31468.97659708781,31468.9766982735,0.00010118568752659485,False
10.0,+,6,7,31503.9551,0.25,31503.91502550472,31503.91508279842,5.729369877371937e-05,False
10.0,+,6,7,31540.96846,0.36,31541.14164475168,31541.14166784531,2.309363117092289e-05,False
10.0,+,6,8,32850.13974,0.16,32850.20548032925,32850.2054495503,-3.07789450744167e-05,False
10.0,+,6,8,32884.39102,0.36,32884.344429821205,32884.34443085342,1.03221827885136e-06,False
10.0,+,6,8,32920.48598,0.25,32920.377932881725,32920.37795370372,2.082199353026226e-05,False
10.0,+,6,9,34149.51033,0.0004,34149.100618172175,34149.10060989174,-8.280432666651905e-06,False
10.0,+,6,9,34182.98627,0.0004,34183.162919343216,34183.162911669904,-7.673312211409211e-06,False
10.0,+,6,9,34217.87969,0.0004,34212.02545710744,34212.0254400714,-1.70360435731709e-05,False
10.0,+,6,10,35366.87864,0.0051,35366.92189212761,35366.92188917606,-2.95155041385442e-06,False
10.0,+,6,10,35399.10169,0.0051,35398.879988630375,35398.87996454434,-2.408603177173063e-05,False
10.0,+,6,10,35433.09882,0.0051,35432.945937388344,35432.94590400632,-3.3382020774297416e-05,False
10.0,-,2,0,754.90209,529.0,754.905242441206,754.905244435089,1.993882960960036e-06,False
10.0,-,2,0,793.0794,841.0,793.078900951201,793.078902930798,1.9795969592451e-06,False
10.0,-,2,0,832.52383,484.0,832.521837376637,832.521839268484,1.8918469777418068e-06,False
10.0,-,2,1,2371.40524,9.0,2371.400068765523,2371.400068782261,1.6737885744078085e-08,False
10.0,-,2,1,2409.27761,10.24,2409.265076914445,2409.265076811862,-1.0258327165502124e-07,False
10.0,-,2,1,2448.34813,7.29,2448.348919404431,2448.348918765266,-6.391651368176099e-07,False
10.0,-,2,2,3964.58778,3.61,3964.627976184755,3964.62797729206,1.1073052519350313e-06,False
10.0,-,2,2,4002.14957,10.24,4002.186349948191,4002.186350618652,6.704608495056164e-07,False
10.0,-,2,2,4040.89538,6.25,4040.908237661532,4040.908236522058,-1.1394740795367397e-06,False
10.0,-,2,3,5534.41717,2.25,5534.422108509683,5534.422109985228,1.4755451047676615e-06,False
10.0,-,2,3,5571.68564,5.76,5571.67785617001,5571.67785664017,4.7015964810270816e-07,False
10.0,-,2,3,5610.08056,2.56,5610.034547583823,5610.034543685029,-3.898793693224434e-06,False
10.0,-,2,4,7080.91286,1.21,7080.885070615667,7080.885072836261,2.2205940695130266e-06,False
10.0,-,2,4,7117.86984,4.0,7117.842689981789,7117.842690095217,1.1342854122631252e-07,False
10.0,-,2,4,7155.90437,1.21,7155.824779489876,7155.824770225062,-9.264814252674114e-06,False
10.0,-,3,0,8445.21496,484.0,8445.192654862354,8445.192657151734,2.289380063302815e-06,False
10.0,-,2,5,8604.0108,0.36,8604.036022711425,8604.036028907398,6.195972673594952e-06,False
10.0,-,2,5,8640.68918,1.0,8640.706470344783,8640.70647153983,1.195046934299171e-06,False
10.0,-,2,5,8678.38822,0.64,8678.273908898198,8678.273887422558,-2.147564009646885e-05,False
10.0,-,5,0,9449.78306,81.0,9449.616946278627,9449.617001201937,5.492331001732964e-05,False
10.0,-,3,1,10027.38457,6.76,10027.364989856238,10027.36499091932,1.0630810720613226e-06,False
10.0,-,2,6,10103.86152,1.21,10103.879901708682,10103.879905552018,3.843335434794426e-06,False
10.0,-,2,6,10140.20473,1.44,10140.236350540185,10140.236350593854,5.3669282351620495e-08,False
10.0,-,2,6,10177.55767,1.21,10177.518679427289,10177.51866187159,-1.755569792294409e-05,False
10.0,-,5,1,11479.14845,1.0,11479.472908941654,11479.472953678136,4.4736481868312694e-05,False
10.0,-,5,1,11559.14984,1.0,11558.67596471534,11558.675784836218,-0.0001798791217879625,False
10.0,-,2,7,11581.10055,0.36,11580.593080198754,11580.59302946729,-5.073146348877344e-05,False
10.0,-,3,2,11585.32952,5.29,11585.344431650463,11585.344429696224,-1.954238541657105e-06,False
10.0,-,2,7,11616.68184,0.25,11616.44127001045,11616.441254704854,-1.5305595297832042e-05,False
10.0,-,2,7,11653.81823,0.49,11654.485227914618,11654.485419475848,0.00019156123016728088,False
10.0,-,2,8,13033.25047,0.81,13033.316112992212,13033.316129903573,1.691136094450485e-05,False
10.0,-,2,8,13069.02499,0.64,13069.13531801245,13069.13532074058,2.7281294023850933e-06,False
10.0,-,2,8,13105.65754,0.49,13105.448061852947,13105.447999735215,-6.211773143149912e-05,False
10.0,-,3,3,13118.99201,2.89,13118.974760873565,13118.974762570828,1.6972626326605678e-06,False
10.0,-,5,2,13481.56768,0.01,13481.125112814127,13481.125123739368,1.0925241440418176e-05,False
10.0,-,2,9,14463.20777,0.037,14463.07606761195,14463.076066501031,-1.1109186743851751e-06,False
10.0,-,2,9,14498.56759,0.0237,14498.525914508558,14498.525913943002,-5.655565473716706e-07,False
10.0,-,2,9,14534.87715,0.037,14534.817695291573,14534.817697741004,2.4494311219314113e-06,False
10.0,-,3,4,14628.30333,1.96,14628.259596363405,14628.259597150209,7.868038665037602e-07,False
10.0,-,3,5,16113.17801,0.81,16113.140463958021,16113.140465462637,1.5046152839204296e-06,False
10.0,-,3,6,17573.54291,0.25,17573.513261260567,17573.51326323488,1.974312908714637e-06,False
10.0,-,3,7,19009.29427,0.04,19009.25131496887,19009.251315055386,8.651477401144803e-08,False
10.0,-,3,8,20420.37453,0.01,20420.302488931855,20420.302497040117,8.108261681627482e-06,False
11.0,+,4,0,6444.1146,841.0,6444.004053458326,6444.004053328561,-1.2976488505955786e-07,False
11.0,+,4,1,7890.09092,8.41,7889.974534687323,7889.974534468072,-2.1925097826169804e-07,False
11.0,+,4,2,9313.8979,12.25,9313.823905078358,9313.823904967472,-1.1088559404015541e-07,False
11.0,+,4,3,10715.60464,4.0,10715.533465278759,10715.533465032626,-2.461329131620005e-07,False
11.0,+,7,0,12051.07969,36.0,12051.071217748935,12051.071219093603,1.3446679076878354e-06,False
11.0,+,4,4,12095.29673,2.25,12095.192894648184,12095.192894509059,-1.3912540453020483e-07,False
11.0,+,7,1,13433.39813,0.36,13433.40006191719,13433.400061772592,-1.4459692465607077e-07,False
11.0,+,4,5,13453.04413,1.21,13452.907271625128,13452.907271450216,-1.74912202055566e-07,False
11.0,+,4,6,14788.95185,0.49,14788.789991576343,14788.78999132659,-2.4975270207505673e-07,False
11.0,+,7,2,14792.84451,0.36,14792.866520839174,14792.866520970054,1.3087992556393147e-07,False
11.0,+,4,7,16103.09786,0.36,16102.962557179424,16102.962557039506,-1.3991848391015083e-07,False
11.0,+,7,3,16129.47906,0.81,16129.484518251644,16129.484517914976,-3.3666765375528485e-07,False
11.0,+,4,8,17395.59728,0.09,17395.542307507727,17395.542307274452,-2.3327447706833482e-07,False
11.0,+,7,4,17443.36962,0.81,17443.35845729316,17443.358455859914,-1.433247234672308e-06,False
11.0,+,7,5,18734.57159,0.81,18734.564169321835,18734.564167526,-1.7958336684387177e-06,False
11.0,+,7,6,20003.13353,0.64,20003.086949238656,20003.086941779988,-7.458667823811993e-06,False
11.0,+,6,0,20180.31893,169.0,20180.36077163018,20180.360772815977,1.1857955541927367e-06,False
11.0,+,6,0,20223.16006,144.0,20223.199688216486,20223.199691619146,3.4026597859337926e-06,False
11.0,+,6,0,20267.76752,169.0,20267.743671633347,20267.743675253765,3.6204182833898813e-06,False
11.0,+,7,7,21249.19022,0.25,21249.128789227765,21249.128788932143,-2.956221578642726e-07,False
11.0,+,6,1,21931.81289,1.69,21931.83799335868,21931.837992439476,-9.19204467209056e-07,False
11.0,+,6,1,21974.17696,1.21,21974.221324447164,21974.2213244834,3.623426891863346e-08,False
11.0,+,6,1,22018.27576,0.81,22018.265063140483,22018.265063822546,6.820628186687827e-07,False
11.0,+,7,8,22472.7521,0.09,22472.566946793653,22472.566947576062,7.824091881047934e-07,False
11.0,+,6,2,23645.59859,0.25,23645.19946518059,23645.19940105044,-6.413015216821805e-05,False
11.0,+,6,2,23688.09576,0.36,23688.717991029593,23688.71807644668,8.541708666598424e-05,False
11.0,+,6,2,23731.31023,0.49,23731.280967786464,23731.28095992831,-7.858154276618734e-06,False
11.0,+,6,3,25319.11357,2.56,25319.13525314136,25319.135256509515,3.3681535569485277e-06,False
11.0,+,6,3,25360.42574,3.61,25360.47872324592,25360.478706054906,-1.7191014194395393e-05,False
11.0,+,6,3,25403.3867,2.56,25403.35842655601,25403.3584034255,-2.313050936209038e-05,False
11.0,+,6,4,26947.20201,0.09,26947.260476494987,26947.26038367408,-9.282090832130052e-05,False
11.0,+,6,4,26988.55001,0.09,26989.152607114185,26989.152510376472,-9.673771273810416e-05,False
11.0,+,6,4,27030.37563,0.49,27030.337714159035,27030.337658454526,-5.5704509577481076e-05,False
11.0,+,6,5,28525.07768,1.0,28525.119182252634,28525.119224001406,4.1748771764105186e-05,False
11.0,+,6,5,28565.10452,0.81,28565.207558776652,28565.207548704537,-1.007211540127173e-05,False
11.0,+,6,5,28606.68598,0.49,28606.69201150825,28606.69197042077,-4.10874818044249e-05,False
11.0,+,6,6,30045.51201,0.16,30045.483599698386,30045.483569855332,-2.984305319841951e-05,False
11.0,+,6,6,30085.42961,0.25,30084.51463060276,30084.51456584579,-6.475696864072233e-05,False
11.0,+,6,6,30125.84822,0.16,30125.50928675456,30125.509233876208,-5.287835301714949e-05,False
11.0,+,6,7,31500.39202,0.25,31500.51640219039,31500.51648452838,8.233798871515319e-05,False
11.0,+,6,7,31538.80823,0.36,31539.01575684167,31539.015781703492,2.4861823476385325e-05,False
11.0,+,6,7,31578.65582,0.25,31578.682831875223,31578.682821303424,-1.0571799066383392e-05,False
11.0,+,6,8,32880.93951,0.16,32881.067749135014,32881.067717272526,-3.186248795827851e-05,False
11.0,+,6,8,32918.29823,0.16,32918.39818398113,32918.39817073762,-1.3243508874438703e-05,False
11.0,+,6,8,32957.22645,0.36,32957.2355961296,32957.23560211329,5.983689334243536e-06,False
11.0,+,6,9,34179.98155,0.0004,34179.99533713269,34179.99532708984,-1.0042851499747485e-05,False
11.0,+,6,9,34215.57596,0.0015,34211.64380292637,34211.643793401825,-9.524548659101129e-06,False
11.0,+,6,9,34253.1319,0.0004,34253.9692967052,34253.969297095806,3.9060250855982304e-07,False
11.0,+,6,10,35395.78143,0.0051,35395.9304594673,35395.930461551565,2.08426354220137e-06,False
11.0,+,6,10,35431.06798,0.0028,35431.19145314625,35431.19144253316,-1.0613090125843883e-05,False
11.0,+,6,10,35467.62465,0.0051,35467.497108884854,35467.497088802724,-2.0082130504306406e-05,False
11.0,-,2,0,787.7223,784.0,787.724475263137,787.724477237109,1.97397196188831e-06,False
11.0,-,2,0,828.08175,576.0,828.079929494324,828.079931449705,1.9553809806893696e-06,False
11.0,-,2,0,870.49314,484.0,870.495975284662,870.49597725161,1.9669480479933554e-06,False
11.0,-,2,1,2403.90099,12.96,2403.892190424827,2403.892190323713,-1.0111398296430707e-07,False
11.0,-,2,1,2443.92153,9.0,2443.902219789598,2443.902219518851,-2.707470230234321e-07,False
11.0,-,2,1,2485.94774,10.24,2485.939455563218,2485.939455457211,-1.0600706445984542e-07,False
11.0,-,2,2,3996.75555,5.76,3996.792413988586,3996.792414690001,7.014150469331071e-07,False
11.0,-,2,2,4036.42835,10.24,4036.45578669601,4036.455786766067,7.0057012635516e-08,False
11.0,-,2,2,4078.07011,6.76,4078.116486095863,4078.116486762855,6.669920367130544e-07,False
11.0,-,2,3,5566.26609,3.61,5566.260385822324,5566.260386342291,5.199672159506008e-07,False
11.0,-,2,3,5605.5994,5.76,5605.576122456971,5605.576121485918,-9.710529411677271e-07,False
11.0,-,2,3,5646.85934,2.25,5646.865943489584,5646.865943954328,4.6474360715365037e-07,False
11.0,-,2,4,7112.43972,2.56,7112.399435428908,7112.399435606513,1.7760521586751565e-07,False
11.0,-,2,4,7151.41308,1.21,7151.362045108387,7151.362042093896,-3.014491085195914e-06,False
11.0,-,2,4,7192.30109,1.69,7192.28969650436,7192.289696526228,2.1867890609428287e-08,False
11.0,-,3,0,8480.53591,1296.0,8480.536599568622,8480.536601859187,2.2905642254045233e-06,False
11.0,-,2,5,8635.24359,1.21,8635.235787528029,8635.23578880586,1.2778309610439464e-06,False
11.0,-,2,5,8673.85663,0.64,8673.81866821435,8673.81866179709,-6.417260010493919e-06,False
11.0,-,2,5,8714.38577,1.0,8714.41354516947,8714.413546099573,9.301038517151028e-07,False
11.0,-,5,0,9530.07114,36.0,9530.16058312871,9530.160640986483,5.785777284472715e-05,False
11.0,-,3,1,10062.33145,11.56,10062.333407556862,10062.333408622624,1.0657622624421492e-06,False
11.0,-,2,6,10134.72762,1.44,10134.733985277611,10134.733985283145,5.533365765586495e-09,False
11.0,-,2,6,10173.02889,1.44,10173.027221391847,10173.027215668617,-5.723230060539208e-06,False
11.0,-,2,6,10213.12915,1.21,10213.199935377392,10213.199935127166,-2.5022563931997865e-07,False
11.0,-,5,1,11558.53705,1.69,11558.59483201691,11558.594786598847,-4.541806265478954e-05,False
11.0,-,2,7,11611.12874,0.25,11610.877726934781,11610.877706573063,-2.036171827057842e-05,False
11.0,-,3,2,11619.89854,10.24,11619.93474499452,11619.934744113974,-8.805454854154959e-07,False
11.0,-,2,7,11649.47634,0.36,11649.64643026067,11649.646494922556,6.466188642662019e-05,False
11.0,-,2,7,11688.61954,0.16,11688.614462500414,11688.61445612505,-6.375365046551451e-06,False
11.0,-,2,8,13063.59033,0.64,13063.570426479293,13063.570429374082,2.8947888495167717e-06,False
11.0,-,2,8,13101.04827,0.81,13101.011735727154,13101.011716040026,-1.9687127860379405e-05,False
11.0,-,2,8,13140.46369,0.36,13140.61782946941,13140.61783184292,2.3735101422062144e-06,False
11.0,-,3,3,13153.18125,5.76,13153.188468036064,13153.188470092022,2.055958248092793e-06,False
11.0,-,2,9,14493.00713,0.03,14492.919318480119,14492.919317849195,-6.309237505774945e-07,False
11.0,-,2,9,14530.31774,0.0181,14530.25337790861,14530.253378636213,7.276030373759568e-07,False
11.0,-,2,9,14569.19837,0.03,14569.256786074686,14569.2567856179,-4.56786438007839e-07,False
11.0,-,3,4,14662.11437,4.0,14662.094579933184,14662.094580721241,7.880571502028033e-07,False
11.0,-,3,5,16146.60612,1.21,16146.595315226597,16146.595316714405,1.487807821831666e-06,False
11.0,-,3,6,17606.58228,0.64,17606.585722918593,17606.58572479548,1.876887836260721e-06,False
11.0,-,3,7,19041.94532,0.09,19041.939832226668,19041.939832504468,2.777996996883303e-07,False
11.0,-,3,8,20452.63468,0.04,20452.604213567796,20452.604221683465,8.115668606478721e-06,False
12.0,+,1,0,282.35839,900.0,282.3606391282,282.360639123653,-4.546961918094894e-09,False
12.0,+,1,1,2107.00242,112.25,2107.00142694633,2107.001427098619,1.522889760963153e-07,False
12.0,+,1,2,3903.30637,12.96,3903.313819089258,3903.313819749453,6.601953828067053e-07,False
12.0,+,1,3,5670.35316,5.29,5670.334447174489,5670.334448622308,1.4478191587841138e-06,False
12.0,+,4,0,6443.94946,576.0,6444.004287328265,6444.004287198229,-1.300359144806862e-07,False
12.0,+,4,0,6518.40475,729.0,6518.428709667426,6518.42870953837,-1.2905638868687674e-07,False
12.0,+,1,4,7406.97273,2.56,7406.924201615701,7406.924203142051,1.5263494788086973e-06,False
12.0,+,4,1,7889.92698,5.29,7889.975943669503,7889.975943450527,-2.189763108617626e-07,False
12.0,+,4,1,7963.56672,5.76,7963.580370228851,7963.580370010286,-2.1856521925656125e-07,False
12.0,+,1,5,9111.58587,1.0,9111.558552410008,9111.55855330135,8.913411875255406e-07,False
12.0,+,4,2,9313.73364,7.29,9313.827033299172,9313.82703318201,-1.1716292647179216e-07,False
12.0,+,4,2,9386.55842,7.84,9386.611150225153,9386.611150111152,-1.1400152288842946e-07,False
12.0,+,4,3,10715.41928,2.89,10715.52610123239,10715.526100992112,-2.4027758627198637e-07,False
12.0,+,1,6,10782.03903,0.49,10782.130914385169,10782.13091450801,1.2284181138966233e-07,False
12.0,+,4,3,10787.50908,3.61,10787.56618675739,10787.566186484088,-2.7330315788276494e-07,False
12.0,+,7,0,12085.9641,36.0,12085.95438048525,12085.954381828886,1.343636540696025e-06,False
12.0,+,4,4,12095.12888,1.69,12095.191227324649,12095.19122719162,-1.3302815204951912e-07,False
12.0,+,4,4,12166.31396,2.25,12166.3386560942,12166.338655938345,-1.5585465007461607e-07,False
12.0,+,4,5,13452.87146,1.96,13452.905657576563,13452.905657426638,-1.4992474461905658e-07,False
12.0,+,7,1,13467.87583,0.36,13467.877046607293,13467.87704646556,-1.4173201634548604e-07,False
12.0,+,4,5,13523.25182,1.21,13523.234392500444,13523.234392294782,-2.0566221792250872e-07,False
12.0,+,4,6,14788.77904,0.36,14788.787924408,14788.787924213118,-1.9488106772769243e-07,False
12.0,+,7,2,14826.91697,0.36,14826.937596428332,14826.937596556842,1.2850978237111121e-07,False
12.0,+,4,6,14858.33578,0.49,14858.298207441674,14858.298207110294,-3.3137985155917704e-07,False
12.0,+,8,0,15426.49574,36.0,15426.485835469999,15426.485835284224,-1.8577520677354187e-07,False
12.0,+,4,7,16102.92754,0.36,16102.959939381784,16102.959939356084,-2.5700501282699406e-08,False
12.0,+,7,3,16163.14663,0.81,16163.150088126382,16163.15008779802,-3.2836214813869447e-07,False
12.0,+,4,7,16171.66166,0.36,16171.651994325097,16171.6519940325,-2.9259717848617584e-07,False
12.0,+,8,1,16845.34532,0.36,16845.291812335097,16845.291812161042,-1.7405545804649591e-07,False
12.0,+,4,8,17395.41838,0.09,17395.53920538375,17395.539205356017,-2.7732312446460128e-08,False
12.0,+,4,8,17463.34357,0.09,17463.413089120848,17463.41308863337,-4.874782462138683e-07,False
12.0,+,7,4,17476.62583,0.81,17476.618476428877,17476.618475000985,-1.427892129868269e-06,False
12.0,+,8,2,18263.50766,0.09,18263.780264718396,18263.780264561687,-1.5670957509428263e-07,False
12.0,+,7,5,18767.425,0.49,18767.418429080448,18767.418427293116,-1.7873317119665444e-06,False
12.0,+,8,3,19683.27591,0.09,19683.140011252108,19683.140010923267,-3.28840542351827e-07,False
12.0,+,7,6,20035.57993,0.36,20035.53804075636,20035.538033574016,-7.182345143519342e-06,False
12.0,+,6,0,20218.97562,196.0,20218.979445593537,20218.979446644058,1.0505209502298385e-06,False
12.0,+,6,0,20264.33857,121.0,20264.32739652801,20264.327399817463,3.2894531614147127e-06,False
12.0,+,6,0,20312.35882,169.0,20312.42006595159,20312.4200693258,3.3742107916623354e-06,False
12.0,+,7,7,21281.22927,0.36,21281.169644739777,21281.169644453163,-2.866145223379135e-07,False
12.0,+,6,1,21970.02529,1.21,21970.015622209816,21970.015621342856,-8.669594535604119e-07,False
12.0,+,6,1,22014.86167,1.69,22014.840666521573,22014.84066695719,4.356152203399688e-07,False
12.0,+,6,1,22062.34047,0.36,22062.41576626915,22062.41576751847,1.2493183021433651e-06,False
12.0,+,7,8,22504.37989,0.04,22504.199277908734,22504.199278745837,8.371025614906102e-07,False
12.0,+,6,2,23683.3667,0.16,23682.80323507202,23682.80315795242,-7.711959915468469e-05,False
12.0,+,6,2,23728.09877,0.25,23728.418717800218,23728.418785358805,6.755858703400008e-05,False
12.0,+,6,2,23774.66912,0.16,23774.938901505182,23774.938919303273,1.77980909938924e-05,False
12.0,+,6,3,25356.40149,2.89,25356.36187985925,25356.361881094665,1.2354139471426606e-06,False
12.0,+,6,3,25400.08425,2.25,25400.027748886932,25400.027732942133,-1.5944799088174477e-05,False
12.0,+,6,3,25446.33999,1.69,25446.421548549635,25446.421534035602,-1.4514032955048606e-05,False
12.0,+,6,4,26985.24126,0.09,26985.08396193847,26985.083853908283,-0.00010803018813021481,False
12.0,+,6,4,27026.33877,0.16,27026.70877581909,27026.70870176554,-7.405355063383467e-05,False
12.0,+,6,4,27072.91772,0.04,27073.62975984153,27073.62975510907,-4.732461093226448e-06,False
12.0,+,6,5,28561.21752,0.81,28561.224487649426,28561.224534885205,4.723577876575291e-05,False
12.0,+,6,5,28603.53312,0.64,28603.4864240446,28603.486470628417,4.6583816583734006e-05,False
12.0,+,6,5,28648.3284,0.49,28648.46735183055,28648.46738170208,2.9871531296521425e-05,False
12.0,+,6,6,30079.8327,0.16,30080.68880076864,30080.688789598156,-1.117048304877244e-05,False
12.0,+,6,6,30122.80493,0.25,30122.35968842209,30122.359901410247,0.00021298815772752278,False
12.0,+,6,6,30166.37376,0.09,30165.903101832275,30165.90298818107,-0.00011365120371920057,False
12.0,+,6,7,31535.17761,0.25,31535.24284142617,31535.242917338383,7.591221219627187e-05,False
12.0,+,6,7,31575.69482,0.25,31575.683405703727,31575.68345739126,5.168753341422416e-05,False
12.0,+,6,7,31618.70836,0.36,31618.9124245262,31618.912445310456,2.07842567760963e-05,False
12.0,+,6,8,32914.69383,0.09,32914.78196475384,32914.781937472275,-2.7281566872261465e-05,False
12.0,+,6,8,32954.35438,0.25,32954.3343290951,32954.33432905761,-3.7493009585887194e-08,False
12.0,+,6,8,32996.24473,0.16,32996.13493835726,32996.13495566394,1.7306680092588067e-05,False
12.0,+,6,9,34211.62831,0.0,34209.67745464987,34209.677448060356,-6.589514669030905e-06,False
12.0,+,6,9,34250.74528,0.0015,34251.13305780519,34251.13305165763,-6.147565727587789e-06,False
12.0,+,6,9,34292.29875,0.0004,34296.06222762439,34296.06222823098,6.06589310336858e-07,False
12.0,+,6,10,35427.82454,0.0028,35427.8484552458,35427.848454000785,-1.2450182111933827e-06,False
12.0,+,6,10,35465.05368,0.0028,35464.883417084224,35464.88339565031,-2.1433916117530316e-05,False
12.0,+,6,10,35504.56178,0.0028,35504.45490679167,35504.454877934186,-2.885748108383268e-05,False
12.0,-,2,0,823.80387,676.0,823.805621887301,823.805623884404,1.997103026951663e-06,False
12.0,-,2,0,867.56267,784.0,867.562918599894,867.562920581133,1.9812389382423135e-06,False
12.0,-,2,0,913.00397,400.0,913.000941152533,913.000943033009,1.8804760202328907e-06,False
12.0,-,2,1,2439.60639,7.84,2439.603806353966,2439.603806424138,7.017206371529028e-08,False
12.0,-,2,1,2482.99999,12.96,2482.985982541284,2482.985982456226,-8.505821824655868e-08,False
12.0,-,2,1,2528.0182,8.41,2527.993733439301,2527.993732754527,-6.847740223747678e-07,False
12.0,-,2,2,4032.08154,5.29,4032.131550749049,4032.131552017778,1.2687291928159539e-06,False
12.0,-,2,2,4075.10112,6.76,4075.140444694446,4075.140445383273,6.88826730765868e-07,False
12.0,-,2,2,4119.70332,5.29,4119.713531030578,4119.713529702348,-1.3282306099426933e-06,False
12.0,-,2,3,5601.2305,2.56,5601.225097773132,5601.225099664956,1.8918244677479379e-06,False
12.0,-,2,3,5643.86625,4.41,5643.865198000477,5643.865198560349,5.598722054855898e-07,False
12.0,-,2,3,5688.04708,2.56,5687.998597718027,5687.998593395755,-4.322271706769243e-06,False
12.0,-,2,4,7146.99926,1.0,7146.985092335791,7146.985095407428,3.0716373657924123e-06,False
12.0,-,2,4,7189.27445,2.56,7189.262077019021,7189.262077308743,2.897222657338716e-07,False
12.0,-,2,4,7233.03577,0.81,7232.942995256632,7232.942985060884,-1.0195747563557234e-05,False
12.0,-,3,0,8519.11419,529.0,8519.086389167063,8519.086391457999,2.2909352992428467e-06,False
12.0,-,2,5,8669.362,0.25,8669.426167309448,8669.426175520799,8.21135108708404e-06,False
12.0,-,2,5,8711.32889,0.64,8711.356411110502,8711.356412765106,1.6546036931686103e-06,False
12.0,-,2,5,8754.64136,0.49,8754.533842277684,8754.533818729999,-2.3547685486846603e-05,False
12.0,-,5,0,9530.50501,36.0,9530.323224452168,9530.323278550586,5.4098418331705034e-05,False
12.0,-,3,1,10100.50056,6.25,10100.473647857827,10100.473648936104,1.0782769095385447e-06,False
12.0,-,2,6,10168.55149,1.21,10168.57711440435,10168.577119678293,5.273943315842189e-06,False
12.0,-,2,6,10210.05573,1.69,10210.114197142024,10210.114197608129,4.6610512072220445e-07,False
12.0,-,2,6,10252.99522,1.21,10252.955824876723,10252.955806123826,-1.8752896721707657e-05,False
12.0,-,5,1,11558.54505,0.64,11559.112036623404,11559.11211513792,7.851451482565608e-05,False
12.0,-,2,7,11645.53414,0.36,11644.818297993683,11644.818216894408,-8.10992751212325e-05,False
12.0,-,5,1,11653.68779,0.49,11652.991552442254,11652.991317508453,-0.00023493380103900563,False
12.0,-,3,2,11657.65908,5.76,11657.672142220203,11657.672127406993,-1.4813209418207407e-05,False
12.0,-,2,7,11685.97512,0.36,11685.577747397017,11685.577714791929,-3.26050885632867e-05,False
12.0,-,2,7,11728.8811,0.25,11729.810180779685,11729.810453736229,0.00027295654399495106,False
12.0,-,2,8,13096.44255,0.64,13096.564358021118,13096.56438035796,2.233684244856704e-05,False
12.0,-,2,8,13137.33493,0.49,13137.461832402816,13137.461836386654,3.983837814303115e-06,False
12.0,-,2,8,13179.3519,0.49,13179.123412033621,13179.123345663702,-6.636991929553915e-05,False
12.0,-,3,3,13190.52579,2.56,13190.505271230653,13190.505272740127,1.5094738046173006e-06,False
12.0,-,2,9,14525.78073,0.03,14525.661737089067,14525.66173547523,-1.6138365026563406e-06,False
12.0,-,2,9,14566.09197,0.03,14566.072914801534,14566.072914157445,-6.440895958803594e-07,False
12.0,-,2,9,14607.77615,0.03,14607.726561314706,14607.726564946166,3.6314595490694046e-06,False
12.0,-,3,4,14699.04143,1.96,14698.998117495375,14698.998118261423,7.660473784198985e-07,False
12.0,-,3,5,16183.1179,1.0,16183.084158028883,16183.084159516186,1.4873021427774802e-06,False
12.0,-,3,6,17642.673,0.16,17642.660854558082,17642.660856327573,1.7694910638965666e-06,False
12.0,-,3,7,19077.61963,0.04,19077.592479092924,19077.59247941632,3.2339448807761073e-07,False
12.0,-,3,8,20487.87833,0.01,20487.83494835566,20487.83495647729,8.121631253743544e-06,False
13.0,+,4,0,6518.54269,784.0,6518.431189746614,6518.431189617348,-1.292664819629863e-07,False
13.0,+,4,1,7963.70942,6.25,7963.584401302532,7963.584401082395,-2.2013682610122487e-07,False
13.0,+,4,2,9386.69316,10.89,9386.616863217849,9386.616863107354,-1.1049451131839305e-07,False
13.0,+,4,3,10787.57808,4.0,10787.509841369114,10787.509841123414,-2.4569999368395656e-07,False
13.0,+,7,0,12123.7473,36.0,12123.736234647671,12123.736235990129,1.3424578355625272e-06,False
13.0,+,4,4,12166.45328,2.25,12166.352769510693,12166.352769370036,-1.4065699360799044e-07,False
13.0,+,7,1,13505.21994,0.36,13505.218854920811,13505.218854782384,-1.3842691259924322e-07,False
13.0,+,4,5,13523.3818,1.69,13523.250934991824,13523.250934819042,-1.7278216546401381e-07,False
13.0,+,4,6,14858.48477,0.49,14858.317730824396,14858.317730573683,-2.5071312848012894e-07,False
13.0,+,7,2,14863.82126,0.36,14863.839646683251,14863.839646809407,1.2615601008292288e-07,False
13.0,+,4,7,16171.81614,0.49,16171.6746392227,16171.674639082134,-1.4056604413781315e-07,False
13.0,+,7,3,16199.61166,0.81,16199.612816431098,16199.612816111685,-3.1941272027324885e-07,False
13.0,+,4,8,17463.47441,0.09,17463.438930844306,17463.438930614167,-2.3013853933662176e-07,False
13.0,+,7,4,17512.65385,0.81,17512.641830160544,17512.641828738557,-1.4219876902643591e-06,False
13.0,+,7,5,18803.00785,0.49,18803.002179896805,18803.00217811854,-1.7782658687792718e-06,False
13.0,+,7,6,20070.72141,0.49,20070.684692096114,20070.684685188757,-6.9073576014488935e-06,False
13.0,+,6,0,20261.06713,225.0,20261.103682269317,20261.103683292735,1.0234180081170052e-06,False
13.0,+,6,0,20310.25104,225.0,20310.293567272573,20310.293570567745,3.295172064099461e-06,False
13.0,+,6,0,20361.41893,121.0,20361.393453858032,20361.3934571303,3.2722673495300114e-06,False
13.0,+,7,7,21315.92597,0.25,21315.872123120305,21315.872122843364,-2.7694113668985665e-07,False
13.0,+,6,1,22011.62258,1.0,22011.648911564112,22011.648910678996,-8.851166057866067e-07,False
13.0,+,6,1,22060.25816,0.81,22060.3030996933,22060.303099721696,2.839442458935082e-08,False
13.0,+,6,1,22110.83605,1.21,22110.818930816156,22110.818931481714,6.655573088210076e-07,False
13.0,+,7,8,22538.64077,0.04,22538.459201947167,22538.4592028428,8.956340025179088e-07,False
13.0,+,6,2,23724.27031,0.04,23723.521093476073,23723.520985656436,-0.00010781963646877557,False
13.0,+,6,2,23772.92035,0.04,23773.261049967612,23773.261084915423,3.4947810490848497e-05,False
13.0,+,6,2,23822.59683,0.25,23822.67567002423,23822.675662177262,-7.846967491786927e-06,False
13.0,+,6,3,25396.87886,2.25,25396.90939049949,25396.909391508074,1.0085823305416852e-06,False
13.0,+,6,3,25444.30738,3.61,25444.36880295291,25444.368784281778,-1.867113314801827e-05,False
13.0,+,6,3,25493.56755,2.25,25493.539319888394,25493.53929820901,-2.1679385099560022e-05,False
13.0,+,6,4,27023.43163,0.49,27023.81188707848,27023.811802745255,-8.433322363998741e-05,False
13.0,+,6,4,27071.06868,0.09,27071.448889068546,27071.448763309894,-0.00012575865184771828,False
13.0,+,6,4,27119.22533,0.49,27119.18046470942,27119.180396531974,-6.817744724685326e-05,False
13.0,+,6,5,28600.44431,0.81,28600.50078403731,28600.500816313284,3.227597335353494e-05,False
13.0,+,6,5,28646.40577,0.81,28646.52765589362,28646.527642713336,-1.3180284440750256e-05,False
13.0,+,6,5,28694.09581,0.49,28694.092957553512,28694.092919955074,-3.759843821171671e-05,False
13.0,+,6,6,30119.81545,0.16,30119.464744548142,30119.464712703917,-3.1844225304666907e-05,False
13.0,+,6,6,30164.6302,0.09,30164.12914751053,30164.129076292986,-7.12175460648723e-05,False
13.0,+,6,6,30211.5354,0.16,30211.27518583368,30211.275133625048,-5.220863386057317e-05,False
13.0,+,6,7,31572.76769,0.25,31572.894424106693,31572.894483601685,5.9494992456166074e-05,False
13.0,+,6,7,31616.89994,0.36,31617.129376899502,31617.12939467696,1.7777456378098577e-05,False
13.0,+,6,7,31662.57472,0.25,31662.610366046967,31662.610355086268,-1.0960699000861496e-05,False
13.0,+,6,8,32951.46548,0.36,32951.65425790747,32951.65422853077,-2.937669341918081e-05,False
13.0,+,6,8,32994.44668,0.16,32994.499724555906,32994.499709538795,-1.5017110854387283e-05,False
13.0,+,6,8,33039.06026,0.16,33039.07224998322,33039.07225319763,3.214408934582025e-06,False
13.0,+,6,9,34248.56174,0.0004,34248.5796015901,34248.579591458045,-1.0132054740097374e-05,False
13.0,+,6,9,34290.5882,0.0015,34294.21195903465,34294.21195470384,-4.330810043029487e-06,False
13.0,+,6,9,34333.86631,0.0004,34333.49436759503,34333.494367996595,4.0156737668439746e-07,False
13.0,+,6,10,35462.32075,0.0051,35462.476246589686,35462.47625067301,4.083325620740652e-06,False
13.0,+,6,10,35502.84709,0.0028,35503.01457011819,35503.014561557735,-8.560455171391368e-06,False
13.0,+,6,10,35544.80783,0.0028,35544.66093810399,35544.66092144284,-1.66611498571001e-05,False
13.0,-,2,0,862.99794,576.0,863.001508229075,863.00151019923,1.9701550399986445e-06,False
13.0,-,2,0,909.02318,484.0,909.016845672631,909.016847627731,1.9550999468265218e-06,False
13.0,-,2,0,957.58882,484.0,957.592688375205,957.592690338271,1.963066097232513e-06,False
13.0,-,2,1,2478.4146,11.56,2478.40779020682,2478.407790111073,-9.574705472914502e-08,False
13.0,-,2,1,2524.02455,11.56,2524.007122554742,2524.007122292954,-2.617880454636179e-07,False
13.0,-,2,1,2572.1476,10.89,2572.138372321871,2572.138372223256,-9.861514627118595e-08,False
13.0,-,2,2,4070.50601,5.76,4070.543209992039,4070.543210687217,6.951781870156992e-07,False
13.0,-,2,2,4115.69825,8.41,4115.723852362466,4115.723852419477,5.7011675380636007e-08,False
13.0,-,2,2,4163.37589,6.25,4163.413029614942,4163.413030274786,6.598438631044701e-07,False
13.0,-,2,3,5639.25819,4.0,5639.246746917944,5639.246747454916,5.369720383896492e-07,False
13.0,-,2,3,5684.01177,3.61,5684.006146394327,5684.006145434234,-9.600926205166616e-07,False
13.0,-,2,3,5731.26195,2.56,5731.259980885206,5731.259981372699,4.874937076237984e-07,False
13.0,-,2,4,7184.65998,2.89,7184.620435569296,7184.620435748969,1.7967249732464552e-07,False
13.0,-,2,4,7228.9861,1.44,7228.950220269656,7228.950217257325,-3.012331035279203e-06,False
13.0,-,2,4,7275.77085,2.56,7275.779589260042,7275.779589293699,3.3657670428510755e-08,False
13.0,-,3,0,8560.83533,1296.0,8560.840179000976,8560.840181293237,2.2922613425180316e-06,False
13.0,-,2,5,8706.69028,1.0,8706.690118465152,8706.690119747707,1.282554876524955e-06,False
13.0,-,2,5,8750.57481,0.64,8750.554642090836,8750.554635750825,-6.340011168504134e-06,False
13.0,-,2,5,8796.95376,1.0,8796.99721178335,8796.997212749971,9.666218829806894e-07,False
13.0,-,5,0,9626.10164,16.0,9626.227721344521,9626.227779039114,5.7694593124324456e-05,False
13.0,-,3,1,10141.77837,10.89,10141.783575991949,10141.78357707296,1.0810108506120741e-06,False
13.0,-,2,6,10205.39883,1.96,10205.419465065454,10205.419465026313,-3.914101398549974e-08,False
13.0,-,2,6,10248.92099,1.44,10248.939245118796,10248.939239637202,-5.481593689182773e-06,False
13.0,-,2,6,10294.78746,1.0,10294.874365231848,10294.874364996993,-2.3485517886001617e-07,False
13.0,-,5,1,11652.72891,1.0,11653.054118975482,11653.054075467175,-4.3508307498996146e-05,False
13.0,-,2,7,11681.3048,0.25,11680.8129910058,11680.812950760035,-4.024576446681749e-05,False
13.0,-,3,2,11698.48782,10.24,11698.52739902073,11698.527397350766,-1.6699632396921515e-06,False
13.0,-,2,7,11725.1708,0.25,11725.306907155267,11725.306991783447,8.462818004772998e-05,False
13.0,-,2,7,11769.38909,0.16,11769.377312193568,11769.377304482874,-7.710694262641482e-06,False
13.0,-,2,8,13132.66047,0.49,13132.710875558985,13132.710878410331,2.851345925591886e-06,False
13.0,-,2,8,13175.2033,0.36,13175.179871072074,13175.179851939574,-1.9132499801344238e-05,False
13.0,-,2,8,13220.32075,0.25,13220.463780807697,13220.4637832734,2.4657038011355326e-06,False
13.0,-,3,3,13230.91105,4.41,13230.92310288595,13230.923104916546,2.030596078839153e-06,False
13.0,-,2,9,14561.34954,0.0181,14561.284628697686,14561.284627975789,-7.218968676170334e-07,False
13.0,-,2,9,14603.66567,0.0237,14603.64306660292,14603.64306761945,1.0165313142351806e-06,False
13.0,-,2,9,14648.11178,0.03,14648.185180602364,14648.185180103634,-4.987305146642029e-07,False
13.0,-,3,4,14738.97642,3.61,14738.968329100928,14738.968329869873,7.68945028539747e-07,False
13.0,-,3,5,16222.59908,2.25,16222.605032987653,16222.605034452949,1.4652960089733824e-06,False
13.0,-,3,6,17681.69977,0.64,17681.728946554016,17681.72894820271,1.6486956155858934e-06,False
13.0,-,3,7,19116.19886,0.09,19116.207486987383,19116.2074875202,5.328183760866523e-07,False
13.0,-,3,8,20525.97194,0.04,20525.992732506937,20525.992740635,8.128063200274482e-06,False
14.0,+,1,0,380.01623,900.0,380.021186979711,380.021186973569,-6.141988251329167e-09,False
14.0,+,1,1,2203.67855,112.96,2203.678179191038,2203.678179340128,1.4908982848282903e-07,False
14.0,+,1,2,3998.98073,12.25,3998.996928472941,3998.996929122091,6.49150024401024e-07,False
14.0,+,1,3,5765.00211,5.29,5765.004259881991,5765.004261319555,1.4375636965269223e-06,False
14.0,+,4,0,6518.37117,529.0,6518.43166389791,6518.431663768361,-1.295484253205359e-07,False
14.0,+,4,0,6604.70634,576.0,6604.725121319748,6604.725121191299,-1.2844884622609243e-07,False
14.0,+,1,4,7500.56564,3.61,7500.553184231917,7500.553185761431,1.529514520370867e-06,False
14.0,+,4,1,7963.53341,4.41,7963.586352762056,7963.586352542023,-2.2003314370522276e-07,False
14.0,+,4,1,8048.92396,5.29,8048.928556824404,8048.928556604904,-2.1950017980998382e-07,False
14.0,+,1,5,9204.08613,1.0,9204.108767644984,9204.108768551696,9.067116479855031e-07,False
14.0,+,4,2,9386.5278,6.76,9386.621174885026,9386.62117476695,-1.1807605915237218e-07,False
14.0,+,4,2,9470.96378,7.84,9471.011553652866,9471.01155353914,-1.1372685548849404e-07,False
14.0,+,4,3,10787.40289,3.24,10787.504310814893,10787.504310574348,-2.405449777143076e-07,False
14.0,+,4,3,10870.74541,1.44,10870.819571380845,10870.81957118944,-1.914049789775163e-07,False
14.0,+,1,6,10873.6069,2.89,10873.749516918611,10873.749516971999,5.338733899407089e-08,False
14.0,+,7,0,12164.42421,36.0,12164.414803338797,12164.414804680022,1.341224560746923e-06,False
14.0,+,4,4,12166.27473,1.69,12166.351973214982,12166.351973081899,-1.330827217316255e-07,False
14.0,+,4,4,12248.83166,2.89,12248.844078848275,12248.84407868944,-1.588341547176242e-07,False
14.0,+,4,5,13523.20549,1.96,13523.250373436695,13523.250373292967,-1.4372744772117585e-07,False
14.0,+,7,1,13545.42669,0.36,13545.423505483615,13545.423505348728,-1.34887159219943e-07,False
14.0,+,4,5,13604.81222,2.25,13604.792779925318,13604.792779718457,-2.0686093193944544e-07,False
14.0,+,4,6,14858.28353,0.49,14858.31689345364,14858.316893267489,-1.8615173758007586e-07,False
14.0,+,7,2,14903.55524,0.36,14903.57068256586,14903.570682689238,1.2337841326370835e-07,False
14.0,+,4,6,14938.94194,0.64,14938.909900535878,14938.909900194882,-3.40996848535724e-07,False
14.0,+,8,0,15506.02937,36.0,15506.015039010912,15506.015038825086,-1.8582613847684115e-07,False
14.0,+,4,7,16171.64205,0.49,16171.67342360393,16171.67342359635,-7.579728844575584e-09,False
14.0,+,7,3,16238.87144,0.81,16238.870707957481,16238.870707647706,-3.097757144132629e-07,False
14.0,+,4,7,16251.39999,0.36,16251.317300046445,16251.317299735105,-3.1134004530031234e-07,False
14.0,+,8,1,16924.31655,0.36,16924.249740109422,16924.249739935247,-1.7417551134712994e-07,False
14.0,+,4,8,17463.28618,0.09,17463.43740756575,17463.4374075745,8.74933903105557e-09,False
14.0,+,4,8,17542.04941,0.09,17542.13223080901,17542.132230293588,-5.154215614311397e-07,False
14.0,+,7,4,17551.43841,0.81,17551.42652081454,17551.426519398843,-1.4156976249068975e-06,False
14.0,+,8,2,18342.00658,0.09,18342.2703763599,18342.2703762034,-1.564985723234713e-07,False
14.0,+,7,5,18841.31956,0.49,18841.313415950157,18841.313414181353,-1.7688034859020263e-06,False
14.0,+,8,3,19761.32309,0.09,19761.17736393606,19761.177363617346,-3.187160473316908e-07,False
14.0,+,7,6,20108.55912,0.64,20108.52487087841,20108.524864242856,-6.63555329083465e-06,False
14.0,+,6,0,20306.63085,225.0,20306.62446535309,20306.624466228448,8.753595466259867e-07,False
14.0,+,6,0,20358.34622,169.0,20358.336256520113,20358.336259648884,3.128770913463086e-06,False
14.0,+,6,0,20413.08499,256.0,20413.156935893938,20413.156938970347,3.076409484492615e-06,False
14.0,+,7,7,21353.28223,0.25,21353.234199272072,21353.234199005015,-2.6705674827098846e-07,False
14.0,+,6,1,22056.66788,0.81,22056.64917967122,22056.649178826403,-8.448187145404518e-07,False
14.0,+,6,1,22107.77857,1.44,22107.752462513643,22107.752462908094,3.9445149013772607e-07,False
14.0,+,6,1,22161.88821,0.81,22161.97816969579,22161.97817083579,1.1400006769690663e-06,False
14.0,+,7,8,22575.52544,0.09,22575.34469921698,22575.344700174686,9.577051969245076e-07,False
14.0,+,6,2,23768.40727,0.04,23767.010067516032,23767.00989790325,-0.00016961278379312716,False
14.0,+,6,2,23819.73706,0.09,23819.903660677774,23819.903701315874,4.063810047227889e-05,False
14.0,+,6,2,23873.14811,0.09,23873.254147982097,23873.25417179072,2.380862133577466e-05,False
14.0,+,6,3,25440.82382,1.96,25440.790777665658,25440.790776864007,-8.016504580155015e-07,False
14.0,+,6,3,25490.6163,2.89,25490.56183588316,25490.56181984667,-1.6036490706028417e-05,False
14.0,+,6,3,25543.33843,1.69,25543.439662861994,25543.439650152934,-1.2709060683846474e-05,False
14.0,+,6,4,27067.9624,0.09,27067.85747202543,27067.857369571306,-0.00010245412340736948,False
14.0,+,6,4,27116.40668,0.49,27116.224427579742,27116.224313342336,-0.00011423740579630248,False
14.0,+,6,4,27168.50576,0.09,27169.06372708476,27169.06369634005,-3.074470805586316e-05,False
14.0,+,6,5,28643.05378,0.64,28643.06253012017,28643.0625703659,4.024572990601882e-05,False
14.0,+,6,5,28691.248,0.49,28691.23267018421,28691.232716237322,4.6053111873334274e-05,False
14.0,+,6,5,28742.34756,0.49,28742.501761754473,28742.50179314922,3.139474574709311e-05,False
14.0,+,6,6,30161.07051,0.09,30160.843768919134,30160.843761474884,-7.4442505137994885e-06,False
14.0,+,6,6,30208.78617,0.09,30208.499027800568,30208.49781982759,-0.0012079729785909876,False
14.0,+,6,6,30258.35989,0.09,30257.77674395665,30257.776666960057,-7.699659181525931e-05,False
14.0,+,6,7,31613.78483,0.16,31613.83819075764,31613.838247995525,5.723788490286097e-05,False
14.0,+,6,7,31659.95503,0.09,31659.941280594943,31659.941325917735,4.532279126578942e-05,False
14.0,+,6,7,31708.98903,0.16,31709.223168991746,31709.223187458632,1.846688610385172e-05,False
14.0,+,6,8,32991.46247,0.16,32991.36195239791,32991.36192765491,-2.4742999812588096e-05,False
14.0,+,6,8,33036.53086,0.25,33036.49574558741,33036.49574448962,-1.0977892088703811e-06,False
14.0,+,6,8,33084.21581,0.09,33084.09482112012,33084.09483553265,1.441252970835194e-05,False
14.0,+,6,9,34287.54989,0.0015,34291.15841110635,34291.158388682285,-2.2424064809456468e-05,False
14.0,+,6,9,34331.29731,0.0004,34330.86894840396,34330.86894260385,-5.800109647680074e-06,False
14.0,+,6,9,34377.92178,0.0004,34380.035471925345,34380.035470530434,-1.3949102140031755e-06,False
14.0,+,6,10,35500.09672,0.0028,35500.098694563916,35500.09869421788,-3.4603726817294955e-07,False
14.0,+,6,10,35542.5152,0.0028,35542.35092195944,35542.3509032676,-1.8691840523388237e-05,False
14.0,+,6,10,35587.5283,0.0028,35587.46531876883,35587.46529365953,-2.5109300622716546e-05,False
14.0,-,2,0,905.45951,484.0,905.463919059514,905.463921059923,2.000409040192608e-06,False
14.0,-,2,0,955.04003,625.0,955.040615223529,955.040617204616,1.9810869389402797e-06,False
14.0,-,2,0,1006.56039,484.0,1006.556759368483,1006.556761238257,1.8697739960771287e-06,False
14.0,-,2,1,2520.43595,7.84,2520.432302130921,2520.432302256651,1.2572991181514226e-07,False
14.0,-,2,1,2569.57835,10.89,2569.567576398649,2569.567576328392,-7.025710146990605e-08,False
14.0,-,2,1,2620.60993,10.24,2620.582339690548,2620.582338965756,-7.247917892527767e-07,False
14.0,-,2,2,4112.07745,5.29,4112.125892694696,4112.125894125324,1.430627889931202e-06,False
14.0,-,2,2,4160.78345,7.29,4160.821574881246,4160.821575576965,6.957188816159032e-07,False
14.0,-,2,2,4211.32247,4.84,4211.32897515434,4211.32897364689,-1.5074501789058559e-06,False
14.0,-,2,3,5680.36647,2.25,5680.384648486372,5680.384650803649,2.317276994290296e-06,False
14.0,-,2,3,5728.64772,4.0,5728.64594837407,5728.645948998041,6.239706635824405e-07,False
14.0,-,2,3,5778.69823,3.24,5778.63908500776,5778.639080291046,-4.7167131924652494e-06,False
14.0,-,2,4,7225.30883,1.44,7225.30685710844,7225.306861046362,3.937921974284109e-06,False
14.0,-,2,4,7273.14505,2.89,7273.141024180409,7273.141024582013,4.0160466596717015e-07,False
14.0,-,2,4,7322.69595,1.44,7322.60350977932,7322.603498716719,-1.106260151573224e-05,False
14.0,-,3,0,8605.82996,576.0,8605.795884224288,8605.795886516862,2.2925742086954415e-06,False
14.0,-,2,5,8746.81507,0.25,8746.901846753766,8746.901856988512,1.0234745786874555e-05,False
14.0,-,2,5,8794.29922,0.81,8794.331747914754,8794.33174986287,1.9481158233247697e-06,False
14.0,-,2,5,8843.3168,0.64,8843.20132317676,8843.201297763833,-2.541292633395642e-05,False
14.0,-,5,0,9626.55068,25.0,9626.372169572789,9626.372223041157,5.346836769604124e-05,False
14.0,-,5,0,9737.62424,1.0,9738.101759106823,9738.101825362737,6.625591413467191e-05,False
14.0,-,3,1,10186.29524,6.76,10186.261453961048,10186.261455059512,1.0984640539390966e-06,False
14.0,-,2,6,10245.17714,1.0,10245.228062490456,10245.228069123938,6.633481461904012e-06,False
14.0,-,2,6,10292.12564,1.96,10292.182929782297,10292.18293049771,7.154121703933924e-07,False
14.0,-,2,6,10340.70726,1.44,10340.670401093375,10340.67038150012,-1.9593255274230614e-05,False
14.0,-,5,1,11652.73549,0.49,11653.729067009026,11653.72920112572,0.00013411669351626188,False
14.0,-,2,7,11722.3089,0.25,11721.067519000006,11721.067383724705,-0.0001352753006358398,False
14.0,-,3,2,11742.5242,5.29,11742.520459491,11742.520463679504,4.188505045021884e-06,False
14.0,-,5,1,11761.01349,0.36,11761.388532761657,11761.388315723209,-0.00021703844868170563,False
14.0,-,2,7,11769.02785,0.16,11767.134271744028,11767.134052572226,-0.0002191718012909405,False
14.0,-,2,7,11816.63514,0.16,11818.018563712038,11818.018984453427,0.0004207413894619094,False
14.0,-,2,8,13171.32074,0.81,13171.4893075547,13171.489335055609,2.7500907890498638e-05,False
14.0,-,2,8,13217.57547,0.25,13217.708526221693,13217.708530947293,4.725599865196273e-06,False
14.0,-,2,8,13265.04031,0.49,13264.805795684924,13264.805726008797,-6.967612716834992e-05,False
14.0,-,3,3,13274.4644,1.96,13274.440135707127,13274.440137001631,1.2945038179168478e-06,False
14.0,-,2,9,14599.90972,0.037,14599.797229751171,14599.797227442337,-2.308834154973738e-06,False
14.0,-,2,9,14645.39509,0.037,14645.404570664115,14645.404569924287,-7.398284651571885e-07,False
14.0,-,2,9,14692.56182,0.03,14692.512705596282,14692.512710745286,5.149004209670238e-06,False
14.0,-,3,4,14782.04417,1.96,14782.003103492521,14782.003104234866,7.423441275022924e-07,False
14.0,-,3,5,16265.18186,1.21,16265.155901721148,16265.155903187477,1.4663291949545965e-06,False
14.0,-,3,6,17723.79525,0.09,17723.800370390873,17723.80037181206,1.421187334926799e-06,False
14.0,-,3,7,19157.78181,0.01,19157.78255228116,19157.782552851324,5.701622285414487e-07,False
14.0,-,3,8,20567.07774,0.01,20567.075446036433,20567.075454169233,8.132799848681316e-06,False
15.0,+,4,0,6604.83809,841.0,6604.72773375904,6604.727733630336,-1.2870441423729062e-07,False
15.0,+,4,1,8049.05352,6.25,8048.932867500948,8048.932867279855,-2.2109361452749e-07,False
15.0,+,4,2,9471.09552,10.89,9471.017650371068,9471.017650261005,-1.1006341082975268e-07,False
15.0,+,4,3,10871.04384,3.24,10870.96333167268,10870.96333142754,-2.4513974494766444e-07,False
15.0,+,7,0,12207.99813,25.0,12207.987957906791,12207.987959246679,1.3398876035353169e-06,False
15.0,+,4,4,12248.95369,1.96,12248.85905915626,12248.859059013763,-1.4249781088437885e-07,False
15.0,+,7,1,13588.49529,0.36,13588.488864278594,13588.488864147457,-1.3113640306983143e-07,False
15.0,+,4,5,13604.94976,1.44,13604.810362971011,13604.810362800708,-1.703028829069808e-07,False
15.0,+,4,6,14939.08104,0.49,14938.930636514553,14938.930636262827,-2.51726305577904e-07,False
15.0,+,7,2,14946.11534,0.36,14946.128565696095,14946.12856581659,1.2049531505908817e-07,False
15.0,+,4,7,16251.4525,0.36,16251.341336244062,16251.341336102663,-1.4139914128463715e-07,False
15.0,+,7,3,16280.92354,0.81,16280.921618348399,16280.921618048893,-2.99505700240843e-07,False
15.0,+,4,8,17542.17884,0.09,17542.159654941133,17542.159654714716,-2.2641688701696694e-07,False
15.0,+,7,4,17592.98267,0.64,17592.970392460753,17592.97039105192,-1.4088327588979155e-06,False
15.0,+,7,5,18882.35341,0.36,18882.349974701654,18882.349972943168,-1.7584861780051142e-06,False
15.0,+,7,6,20149.08739,0.36,20149.05636685929,20149.05636048917,-6.370122719090432e-06,False
15.0,+,6,0,20355.58817,169.0,20355.623306685244,20355.62330755129,8.660463208798319e-07,False
15.0,+,6,0,20411.2788,225.0,20411.325276536016,20411.32527966557,3.1295530789066106e-06,False
15.0,+,6,0,20469.06687,169.0,20469.039282682985,20469.039285663945,2.9809598345309496e-06,False
15.0,+,7,7,21393.29416,0.25,21393.253689557063,21393.25368930036,-2.5670306058600545e-07,False
15.0,+,6,1,22105.04866,1.0,22105.073336019814,22105.073335153673,-8.661409083288163e-07,False
15.0,+,6,1,22160.11876,0.49,22160.159076059284,22160.159076077613,1.832813723012805e-08,False
15.0,+,6,1,22217.22724,1.21,22217.204619129443,22217.20461979233,6.628870323766023e-07,False
15.0,+,7,8,22615.01799,0.04,22614.85359481058,22614.853595834382,1.023803633870557e-06,False
15.0,+,6,2,23818.22797,0.09,23819.50222152995,23819.502385235195,0.00016370524463127367,False
15.0,+,6,2,23871.50149,0.49,23871.739848111163,23871.739865861222,1.775005875970237e-05,False
15.0,+,6,2,23927.79,0.16,23927.73239745112,23927.732389736124,-7.714996172580868e-06,False
15.0,+,6,3,25487.91181,2.56,25487.94553265563,25487.945531594767,-1.0608637239784002e-06,False
15.0,+,6,3,25541.61043,2.25,25541.676223411305,25541.67620323914,-2.017216320382431e-05,False
15.0,+,6,3,25597.23264,3.24,25597.194036444518,25597.194015714667,-2.0729850803036243e-05,False
15.0,+,6,4,27113.84788,0.04,27113.684309951095,27113.68420651364,-0.00010343745452701114,False
15.0,+,6,4,27166.90435,0.25,27167.18232147065,27167.182164289112,-0.00015718153736088425,False
15.0,+,6,4,27221.3473,0.49,27221.28255591634,27221.28245838407,-9.753226913744584e-05,False
15.0,+,6,5,28688.66043,0.49,28688.7315830765,28688.731607215013,2.4138513254001737e-05,False
15.0,+,6,5,28740.71074,0.64,28740.843663572323,28740.843646627287,-1.6945035895332694e-05,False
15.0,+,6,5,28794.55592,0.64,28794.544490515527,28794.544455189738,-3.532578921294771e-05,False
15.0,+,6,6,30206.18941,0.25,30206.05131871278,30206.05128439182,-3.4320961276534945e-05,False
15.0,+,6,6,30256.71843,0.09,30256.338595479734,30256.338517147662,-7.833207200746983e-05,False
15.0,+,6,6,30309.93339,0.09,30309.829165543342,30309.829113115247,-5.242809493211098e-05,False
15.0,+,6,7,31657.43908,0.25,31657.606649417805,31657.606691987083,4.2569277866277844e-05,False
15.0,+,6,7,31707.45485,0.36,31707.708348556702,31707.708359257424,1.0700721759349108e-05,False
15.0,+,6,7,31759.03103,0.16,31759.054497308767,31759.05448546136,-1.1847405403386801e-05,False
15.0,+,6,8,33034.0894,0.16,33034.25970954823,33034.25968191671,-2.7631518605630845e-05,False
15.0,+,6,8,33082.65148,0.16,33082.73221078782,33082.732193977135,-1.6810685337986797e-05,False
15.0,+,6,8,33133.08725,0.16,33133.103156494806,33133.103157233694,7.388880476355553e-07,False
15.0,+,6,9,34328.77638,0.0,34328.78490527261,34328.784895284065,-9.98854375211522e-06,False
15.0,+,6,9,34373.54782,0.0,34378.45487208186,34378.45486786191,-4.219946276862174e-06,False
15.0,+,6,9,34425.17568,0.0,34424.86738784249,34424.867388311526,4.6903733164072037e-07,False
15.0,+,6,10,35540.16991,0.0051,35540.348161098016,35540.34816634151,5.243491614237428e-06,False
15.0,+,6,10,35586.04246,0.0051,35586.27217933852,35586.272172639736,-6.6987850004807115e-06,False
15.0,+,6,10,35633.45349,0.0028,35633.304907685706,35633.30489399374,-1.3691962521988899e-05,False
15.0,-,2,0,951.06542,529.0,951.071135506538,951.071137472541,1.9660029693113756e-06,False
15.0,-,2,0,1002.93637,484.0,1002.932721982082,1002.932723935694,1.9536120134944213e-06,False
15.0,-,2,0,1057.7201,729.0,1057.726181929844,1057.726183888424,1.958580014616018e-06,False
15.0,-,2,1,2565.58997,8.41,2565.5830109546,2565.58301086538,-8.92200660018716e-08,False
15.0,-,2,1,2616.97222,12.25,2616.957730283832,2616.957730032576,-2.512560968170874e-07,False
15.0,-,2,1,2671.22908,12.25,2671.241536846377,2671.241536756273,-9.010409485199489e-08,False
15.0,-,2,2,4156.78157,4.84,4156.819938115758,4156.819938800674,6.849159035482444e-07,False
15.0,-,2,2,4207.67679,6.25,4207.70359539972,4207.703595446055,4.63351170765236e-08,False
15.0,-,2,2,4261.43192,9.61,4261.480658332127,4261.480658981339,6.492118700407445e-07,False
15.0,-,2,3,5724.64013,3.24,5724.625328258026,5724.625328810149,5.521233106264845e-07,False
15.0,-,2,3,5775.02785,2.56,5775.013687924193,5775.01368698551,-9.386831152369268e-07,False
15.0,-,2,3,5828.27711,2.89,5828.292016516805,5828.292017025877,5.090714694233611e-07,False
15.0,-,2,4,7269.13544,3.24,7269.099685023927,7269.09968519858,1.7465299606556073e-07,False
15.0,-,2,4,7319.02235,1.44,7318.981247128267,7318.98124413314,-2.9951270335004665e-06,False
15.0,-,2,4,7371.78532,2.56,7371.774214093996,7371.774214133637,3.964032657677308e-08,False
15.0,-,3,0,8653.94312,1156.0,8653.951358868544,8653.951361162715,2.2941712813917547e-06,False
15.0,-,2,5,8790.26754,1.0,8790.268407021576,8790.26840829413,1.27255407278426e-06,False
15.0,-,2,5,8839.61315,1.0,8839.597889127432,8839.597882905537,-6.221895091584884e-06,False
15.0,-,2,5,8891.91192,1.21,8891.952090040944,8891.952091031262,9.903178579406813e-07,False
15.0,-,5,0,9737.6243,16.0,9737.619793629088,9737.619851130157,5.750106902269181e-05,False
15.0,-,3,1,10233.89673,9.0,10233.904703180371,10233.904704281304,1.1009324225597084e-06,False
15.0,-,2,6,10288.0511,1.21,10288.094130203188,10288.094130111389,-9.179893822874874e-08,False
15.0,-,2,6,10337.00564,1.21,10337.027606066169,10337.0276008755,-5.190668161958456e-06,False
15.0,-,2,6,10388.69081,1.21,10388.786069238677,10388.786069014634,-2.240431058453396e-07,False
15.0,-,5,1,11758.3081,0.64,11761.184735032017,11761.185164474002,0.00042944198503391817,False
15.0,-,2,7,11766.38453,0.16,11763.439195664145,11763.438648522366,-0.0005471417789522093,False
15.0,-,3,2,11789.61216,9.61,11789.654316118871,11789.654312582035,-3.536835720296949e-06,False
15.0,-,2,7,11813.65667,0.16,11813.664471573815,11813.664593729303,0.00012215548849781044,False
15.0,-,2,7,11862.27134,0.16,11862.243461455768,11862.243451884973,-9.570794645696878e-06,False
15.0,-,2,8,13213.50132,0.36,13213.56956246705,13213.569565208472,2.7414225769462064e-06,False
15.0,-,2,8,13261.25831,0.49,13261.250812014365,13261.250793608624,-1.8405740775051527e-05,False
15.0,-,2,8,13312.12378,0.36,13312.277898765724,13312.277901256577,2.4908531486289576e-06,False
15.0,-,3,3,13321.03455,4.0,13321.05382044634,13321.05382244946,2.003120243898593e-06,False
15.0,-,2,9,14641.27072,0.03,14641.232120267141,14641.232119448068,-8.190727385226637e-07,False
15.0,-,2,9,14688.84121,0.0237,14688.80665871472,14688.806660062528,1.3478074833983555e-06,False
15.0,-,2,9,14738.84529,0.03,14738.946672281896,14738.94667173596,-5.45936927665025e-07,False
15.0,-,3,4,14828.0952,4.84,14828.10025216356,14828.100252910532,7.469716365449131e-07,False
15.0,-,3,5,16310.70953,1.21,16310.734464668229,16310.734466106476,1.4382476365426555e-06,False
15.0,-,3,6,17768.7981,0.36,17768.853873033204,17768.853874345597,1.3123935787007213e-06,False
15.0,-,3,7,19202.2634,0.16,19202.315613336144,19202.3156141239,7.877570169512182e-07,False
15.0,-,3,8,20611.02168,0.04,20611.080800806805,20611.080808944098,8.137292752508074e-06,False
16.0,+,1,0,492.10374,784.0,492.099450201748,492.099450193864,-7.88401166573749e-09,False
16.0,+,1,1,2314.62754,189.61,2314.626537480853,2314.626537626318,1.4546503734891303e-07,False
16.0,+,1,2,4108.78101,9.0,4108.803941063486,4108.803941700136,6.366508387145586e-07,False
16.0,+,1,3,5873.62061,3.61,5873.647222906826,5873.647224332443,1.4256174836191349e-06,False
16.0,+,4,0,6604.66655,529.0,6604.728452636494,6604.728452507505,-1.2898908607894555e-07,False
16.0,+,4,0,6702.85715,529.0,6702.873658685144,6702.873658557351,-1.2779310054611415e-07,False
16.0,+,1,4,7607.97351,2.56,7608.000277963652,7608.000279496526,1.5328741937992163e-06,False
16.0,+,4,1,8048.88541,3.61,8048.935392014911,8048.935391793691,-2.2121912479633465e-07,False
16.0,+,4,1,8145.99975,4.84,8145.998052546986,8145.998052326353,-2.206334102083929e-07,False
16.0,+,1,5,9310.23774,0.36,9310.316006716304,9310.316007640828,9.245231922250241e-07,False
16.0,+,4,2,9470.92985,5.76,9471.023386767216,9471.023386647717,-1.1949850886594504e-07,False
16.0,+,4,2,9566.96918,6.76,9567.002497542493,9567.00249742883,-1.1366319085936993e-07,False
16.0,+,4,3,10870.84959,3.24,10870.959277907685,10870.959277667216,-2.404685801593587e-07,False
16.0,+,4,3,10965.77764,2.89,10965.834199141711,10965.834198900577,-2.4113433028105646e-07,False
16.0,+,1,6,10978.33193,0.25,10978.555239982801,10978.555240100131,1.1733027349691838e-07,False
16.0,+,4,4,12248.77997,1.96,12248.859128607643,12248.859128474145,-1.3349745131563395e-07,False
16.0,+,7,0,12254.46392,36.0,12254.453417677632,12254.453419016114,1.338481524726376e-06,False
16.0,+,4,4,12342.66177,2.89,12342.678521245076,12342.67852108307,-1.6200647223740816e-07,False
16.0,+,4,5,13604.77341,1.96,13604.810847674768,13604.810847537326,-1.3744102034252137e-07,False
16.0,+,7,1,13634.42112,0.36,13634.412645499098,13634.412645372051,-1.2704731489066035e-07,False
16.0,+,4,5,13697.56798,2.25,13697.549513459808,13697.549513252392,-2.0741572370752692e-07,False
16.0,+,4,6,14938.90044,0.64,14938.931022137933,14938.931021959808,-1.78124537342228e-07,False
16.0,+,7,2,14991.50171,0.36,14991.511001653229,14991.511001770596,1.173666532849893e-07,False
16.0,+,4,6,15030.53558,0.64,15030.589320261735,15030.58931991182,-3.499153535813093e-07,False
16.0,+,8,0,15597.30027,36.0,15597.281069437417,15597.281069251518,-1.8589889805298299e-07,False
16.0,+,4,7,16251.28612,0.36,16251.34151416897,16251.341514178317,9.347786544822156e-09,False
16.0,+,7,3,16325.7703,0.81,16325.763246003276,16325.763245714445,-2.888318704208359e-07,False
16.0,+,4,7,16341.92909,0.49,16341.919760959609,16341.919760630395,-3.292134351795539e-07,False
16.0,+,8,1,17014.94223,0.25,17014.861401486894,17014.861401312453,-1.7444108380004764e-07,False
16.0,+,4,8,17541.99844,0.09,17542.159697834795,17542.159697878895,4.4099579099565744e-08,False
16.0,+,4,8,17631.5703,0.09,17631.65799536088,17631.65799481998,-5.409019649960101e-07,False
16.0,+,7,4,17637.28523,0.64,17637.27114258392,17637.27114118233,-1.4015895430929959e-06,False
16.0,+,8,2,18432.09017,0.04,18432.346349216223,18432.346349060037,-1.5618570614606142e-07,False
16.0,+,7,5,18926.11306,0.36,18926.109542697337,18926.109540949554,-1.7477832443546504e-06,False
16.0,+,8,3,19850.89039,0.09,19850.73327874394,19850.733278435953,-3.0798764782957733e-07,False
16.0,+,7,6,20192.30172,0.25,20192.276853342897,20192.27684723144,-6.111458787927404e-06,False
16.0,+,6,0,20408.08786,196.0,20408.070856949806,20408.070857657334,7.075286703184247e-07,False
16.0,+,6,0,20466.27779,225.0,20466.265880816234,20466.265883747095,2.9308612283784896e-06,False
16.0,+,6,0,20527.7757,196.0,20527.860553791932,20527.860556611588,2.81965549220331e-06,False
16.0,+,7,7,21435.96389,0.25,21435.928258725507,21435.92825847945,-2.460583345964551e-07,False
16.0,+,6,1,22156.94803,1.0,22156.920612607548,22156.920611774534,-8.330134733114392e-07,False
16.0,+,6,1,22214.44102,0.64,22214.421312945662,22214.42131328681,3.411478246562183e-07,False
16.0,+,6,1,22275.24394,1.21,22275.341905758356,22275.341906779744,1.021388015942648e-06,False
16.0,+,7,8,22657.14233,0.01,22656.983563798967,22656.983564892715,1.0937474144157022e-06,False
16.0,+,6,2,23868.74614,0.09,23869.297874357526,23869.29796698593,9.262840467272326e-05,False
16.0,+,6,2,23925.05376,0.49,23925.13007490853,23925.13010602966,3.1121129723032936e-05,False
16.0,+,6,2,23985.0682,0.16,23985.128035642156,23985.128086472345,5.0830189138650894e-05,False
16.0,+,6,3,25538.54541,2.25,25538.504566210126,25538.504563755807,-2.454318746458739e-06,False
16.0,+,6,3,25594.55044,2.89,25594.496250087715,25594.49623392331,-1.616440567886457e-05,False
16.0,+,6,3,25653.78229,1.96,25653.899400439605,25653.89938897642,-1.1463183909654617e-05,False
16.0,+,6,4,27164.09164,0.011,27164.013927523763,27164.013823249887,-0.00010427387678646483,False
16.0,+,6,4,27218.73964,0.011,27218.57570550386,27218.575558397373,-0.0001471064861107152,False
16.0,+,6,4,27277.3188,0.011,27277.777623399284,27277.777532146523,-9.125276119448245e-05,False
16.0,+,6,5,28737.7584,0.64,28737.76990718936,28737.769941395356,3.420599750825204e-05,False
16.0,+,6,5,28791.99214,0.49,28791.958120825842,28791.958165735385,4.490954233915545e-05,False
16.0,+,6,5,28849.39255,0.49,28849.551337392233,28849.551370624056,3.323182318126783e-05,False
16.0,+,6,6,30253.61894,0.16,30253.49427742937,30253.494276208578,-1.220792910316959e-06,False
16.0,+,6,6,30307.37361,0.36,30307.304207168527,30307.30400582175,-0.0002013467783399392,False
16.0,+,6,6,30362.81831,0.09,30361.917184796897,30361.917117253037,-6.754386049578898e-05,False
16.0,+,6,7,31704.70901,0.16,31704.782794180184,31704.78283760068,4.342049578553997e-05,False
16.0,+,6,7,31756.64576,0.09,31756.647948926064,31756.647987984383,3.905831908923574e-05,False
16.0,+,6,7,31811.75083,0.25,31812.01066530423,31812.010681449694,1.6145462723216042e-05,False
16.0,+,6,8,33079.89618,0.09,33079.95978448122,33079.95976153437,-2.2946856915950775e-05,False
16.0,+,6,8,33130.80465,0.16,33130.785280978096,33130.78527876793,-2.2101667127572e-06,False
16.0,+,6,8,33184.34139,0.09,33184.18554482762,33184.1855566839,1.1856282071676105e-05,False
16.0,+,6,9,34373.78064,0.0015,34375.562357810326,34375.56233996267,-1.784765481716022e-05,False
16.0,+,6,9,34422.9417,0.0033,34422.78799235927,34422.78798702396,-5.335306923370808e-06,False
16.0,+,6,9,34476.47633,0.0033,34476.77537817421,34476.77537556064,-2.6135676307603717e-06,False
16.0,+,6,10,35583.6341,0.0051,35583.68146154412,35583.68146156997,2.5851477403193712e-08,False
16.0,+,6,10,35631.43137,0.0051,35631.23710866527,35631.237092632386,-1.603288546903059e-05,False
16.0,+,6,10,35681.85568,0.0028,35681.91030323425,35681.91028133365,-2.190059603890404e-05,False
16.0,-,2,0,999.92335,400.0,999.925966442548,999.925968445561,2.0030130372106214e-06,False
16.0,-,2,0,1055.47919,576.0,1055.478210709326,1055.478212688627,1.9793010324065108e-06,False
16.0,-,2,0,1113.12711,400.0,1113.127118979634,1113.127120838742,1.8591081243357621e-06,False
16.0,-,2,1,2613.93536,6.76,2613.931232789629,2613.931232971392,1.817629708966706e-07,False
16.0,-,2,1,2668.98433,13.69,2668.976187545461,2668.976187488433,-5.702804628526792e-08,False
16.0,-,2,1,2726.07929,7.29,2726.052556956291,2726.052556196834,-7.594571798108518e-07,False
16.0,-,2,2,4204.60506,5.29,4204.656526039859,4204.656527628294,1.5884343156358227e-06,False
16.0,-,2,2,4259.15984,7.84,4259.196169281497,4259.196169975507,6.940099410712719e-07,False
16.0,-,2,2,4315.69158,5.76,4315.692365770092,4315.692364093067,-1.6770245565567166e-06,False
16.0,-,2,3,5771.92359,2.89,5771.946156750162,5771.946159491744,2.7415817385190167e-06,False
16.0,-,2,3,5825.98892,5.29,5825.986643613101,5825.986644285315,6.722148100379854e-07,False
16.0,-,2,3,5881.94772,2.89,5881.89379402756,5881.893788946267,-5.0812932386179455e-06,False
16.0,-,2,4,7315.88004,1.44,7315.895668258444,7315.895673053843,4.795399036083836e-06,False
16.0,-,2,4,7369.46213,3.61,7369.446176147602,7369.446176618911,4.7130833991104737e-07,False
16.0,-,2,4,7424.84495,2.89,7424.744129674204,7424.744117809849,-1.1864354746649042e-05,False
16.0,-,3,0,8705.34705,576.0,8705.30419243943,8705.304194733804,2.294375008204952e-06,False
16.0,-,2,5,8836.40368,0.64,8836.508497100747,8836.50850930395,1.2203203368699178e-05,False
16.0,-,2,5,8889.55441,1.44,8889.59924035582,8889.599242488564,2.1327450667740777e-06,False
16.0,-,2,5,8944.33027,0.64,8944.21442932187,8944.214402248717,-2.707315252337139e-05,False
16.0,-,5,0,9737.92203,1.0,9737.746629073037,9737.7466821498,5.3076762924320064e-05,False
16.0,-,3,1,10284.75199,5.29,10284.71142785322,10284.711428977449,1.1242282198509201e-06,False
16.0,-,2,6,10333.82824,1.21,10333.878448660313,10333.878456497587,7.837274097255431e-06,False
16.0,-,2,6,10386.33552,1.69,10386.409390077744,10386.40939093058,8.528350008418784e-07,False
16.0,-,2,6,10440.63123,1.0,10440.601224664219,10440.601204630475,-2.0033743567182682e-05,False
16.0,-,5,1,11761.05447,0.25,11762.968986578511,11762.969230616789,0.0002440382777422201,False
16.0,-,2,7,11811.96829,0.16,11809.723547732303,11809.72330517871,-0.0002425535931251943,False
16.0,-,3,2,11839.92256,4.41,11839.90756046957,11839.907562443534,1.9739636627491564e-06,False
16.0,-,2,7,11859.46661,0.25,11859.739064612082,11859.739099092898,3.448081588430796e-05,False
16.0,-,5,1,11886.20125,0.25,11883.480893751328,11883.480136803159,-0.0007569481695099967,False
16.0,-,2,7,11918.4978,0.16,11920.717780220213,11920.718486289004,0.0007060687912598951,False
16.0,-,2,8,13257.91602,0.81,13258.137925980513,13258.137958191042,3.2210529752774164e-05,False
16.0,-,2,8,13309.69082,0.49,13309.842526791377,13309.842531921284,5.12990663992241e-06,False
16.0,-,2,8,13362.66668,0.64,13362.434882076524,13362.434809968001,-7.210852345451713e-05,False
16.0,-,3,3,13370.7915,2.56,13370.762204118679,13370.76220519186,1.0731819202192128e-06,False
16.0,-,2,9,14685.6341,0.03,14685.528313527375,14685.528310281601,-3.245773768867366e-06,False
16.0,-,2,9,14736.44878,0.037,14736.488033264706,14736.488032409827,-8.548795449314639e-07,False
16.0,-,2,9,14789.16149,0.0181,14789.115294490779,14789.115301558133,7.0673540903953835e-06,False
16.0,-,3,4,14877.29441,1.0,14877.257335470673,14877.257336186833,7.161597750382498e-07,False
16.0,-,3,5,16359.34522,0.49,16359.338387944103,16359.338389385657,1.441554559278302e-06,False
16.0,-,3,6,17816.87514,0.09,17816.924699118597,17816.924699636667,5.180700100027025e-07,False
16.0,-,3,7,19249.78079,0.04,19249.804015501955,19249.80401631783,8.158749551512301e-07,False
16.0,-,3,8,20657.97171,0.01,20658.006352075972,20658.006360216306,8.140334102790803e-06,False
17.0,+,4,0,6702.98784,900.0,6702.876388783022,6702.876388655024,-1.2799773685401306e-07,False
17.0,+,4,1,8146.127,6.25,8146.002616306777,8146.00261608461,-2.2216681827558205e-07,False
17.0,+,4,2,9567.09632,4.84,9567.00892031206,9567.008920202636,-1.0942494554910809e-07,False
17.0,+,4,3,10965.95116,4.0,10965.87656213757,10965.876561893137,-2.444321580696851e-07,False
17.0,+,7,0,12303.8212,25.0,12303.808750217155,12303.808751553968,1.3368135114433244e-06,False
17.0,+,4,4,12342.80425,1.69,12342.694362861135,12342.694362716482,-1.446533133275807e-07,False
17.0,+,7,1,13683.2043,0.36,13683.192410667787,13683.192410545069,-1.227181201102212e-07,False
17.0,+,4,5,13697.70189,2.25,13697.568129322764,13697.568129155308,-1.6745616449043155e-07,False
17.0,+,4,6,15030.76343,0.81,15030.611259448082,15030.6112591953,-2.527813194319606e-07,False
17.0,+,7,2,15039.71329,0.25,15039.715546760423,15039.715546874346,1.1392330634407699e-07,False
17.0,+,4,7,16342.05206,0.49,16341.945177710466,16341.945177567994,-1.424723450327292e-07,False
17.0,+,7,3,16373.40137,0.81,16373.39314046329,16373.393140185994,-2.772958396235481e-07,False
17.0,+,4,8,17631.69357,0.09,17631.68698995511,17631.686989732883,-2.2222593543119729e-07,False
17.0,+,7,4,17684.34464,0.49,17684.32630417442,17684.32630278084,-1.393582351738587e-06,False
17.0,+,7,5,18972.59294,0.25,18972.589647981968,18972.589646245346,-1.736621925374493e-06,False
17.0,+,7,6,20238.20802,0.36,20238.183816518336,20238.183810656545,-5.861791578354314e-06,False
17.0,+,6,0,20463.91388,256.0,20463.944611850868,20463.94461256722,7.163507689256221e-07,False
17.0,+,6,0,20526.21825,225.0,20526.264754160726,20526.26475709525,2.934524673037231e-06,False
17.0,+,6,0,20590.65524,225.0,20590.62935700391,20590.62935973378,2.7298701752442867e-06,False
17.0,+,7,7,21481.30262,0.16,21481.25541131106,21481.255411075974,-2.350861905142665e-07,False
17.0,+,6,1,22212.10803,0.49,22212.135683271255,22212.13568241261,-8.586466719862074e-07,False
17.0,+,6,1,22273.71412,0.64,22273.758102958785,22273.75810296251,3.725290298461914e-09,False
17.0,+,6,1,22337.40176,0.64,22337.370004439017,22337.37000510764,6.686241249553859e-07,False
17.0,+,7,8,22701.87782,0.01,22701.732125655348,22701.7321268232,1.1678530427161604e-06,False
17.0,+,6,2,23922.91201,0.16,23923.302675177678,23923.302729866373,5.468869494507089e-05,False
17.0,+,6,2,23983.56662,0.16,23983.870953404043,23983.870962704037,9.299994417233393e-06,False
17.0,+,6,2,24046.43414,0.25,24046.397517517613,24046.39750997443,-7.543181709479541e-06,False
17.0,+,6,3,25592.23514,1.44,25592.265875528046,25592.265872618955,-2.909091563196853e-06,False
17.0,+,6,3,25652.30335,2.56,25652.36814929581,25652.36812757281,-2.1723000827478245e-05,False
17.0,+,6,3,25714.3071,1.69,25714.269743909477,25714.2697237566,-2.015287827816792e-05,False
17.0,+,6,4,27216.4871,0.64,27216.434822580533,27216.43471384979,-0.00010873074279516004,False
17.0,+,6,4,27275.93252,0.36,27276.14919266967,27276.148985689593,-0.0002069800757453777,False
17.0,+,6,4,27336.67173,0.16,27336.509615659532,27336.509384529356,-0.00023113017596188,False
17.0,+,6,5,28789.74697,0.36,28789.82996759246,28789.829984590604,1.699814310995862e-05,False
17.0,+,6,5,28847.97527,0.49,28848.120020747458,28848.119999577884,-2.1169573301449418e-05,False
17.0,+,6,5,28908.0071,0.25,28907.99208488622,28907.992050929373,-3.3956846891669556e-05,False
17.0,+,6,6,30305.30678,0.36,30305.258702884996,30305.25866556672,-3.731827746378258e-05,False
17.0,+,6,6,30361.47937,0.16,30360.83277428983,30360.83268699105,-8.729878027224913e-05,False
17.0,+,6,6,30422.17664,0.16,30421.29799922007,30421.297935834322,-6.338574894471094e-05,False
17.0,+,6,7,31754.49801,0.25,31754.66427915588,31754.664309111762,2.9955881473142654e-05,False
17.0,+,6,7,31810.45714,0.36,31810.71275396896,31810.71275800181,4.0328486647922546e-06,False
17.0,+,6,7,31867.90907,0.09,31867.95724976551,31867.957236717386,-1.3048123946646228e-05,False
17.0,+,6,8,33128.7161,0.09,33128.89195071328,33128.891924265445,-2.644783671712503e-05,False
17.0,+,6,8,33182.98713,0.09,33183.0469202471,33183.04690147196,-1.8775142962113023e-05,False
17.0,+,6,8,33239.2805,0.16,33239.26781663302,33239.26781505143,-1.5815894585102797e-06,False
17.0,+,6,9,34420.56205,0.0059,34421.01642499762,34421.01641196257,-1.3035052688792348e-05,False
17.0,+,6,9,34475.66188,0.0059,34475.46458859437,34475.46458384353,-4.750836524181068e-06,False
17.0,+,6,9,34528.31376,0.0059,34528.02135744774,34528.02135813482,6.870832294225693e-07,False
17.0,+,6,10,35629.30076,0.0051,35629.54722839302,35629.5472342167,5.823676474392414e-06,False
17.0,+,6,10,35680.67374,0.0051,35680.91840845517,35680.918403395095,-5.060071998741478e-06,False
17.0,+,6,10,35733.52009,0.0028,35733.36664219833,35733.36663113457,-1.106375566450879e-05,False
17.0,-,2,0,1051.95943,441.0,1051.964431851091,1051.964433812758,1.961667067007511e-06,False
17.0,-,2,0,1109.79786,441.0,1109.793655322869,1109.793657274281,1.9514120594976703e-06,False
17.0,-,2,0,1170.83891,484.0,1170.84537417512,1170.845376129177,1.9540570974641014e-06,False
17.0,-,2,1,2665.45741,7.84,2665.448852939974,2665.448852858583,-8.139113560901023e-08,False
17.0,-,2,1,2722.74358,9.61,2722.720216057561,2722.720215818811,-2.3875008992035873e-07,False
17.0,-,2,1,2783.20498,9.61,2783.197790814164,2783.197790734085,-8.00787347543519e-08,False
17.0,-,2,2,4255.61805,6.25,4255.653521117153,4255.653521788708,6.715545168844983e-07,False
17.0,-,2,2,4312.33786,6.76,4312.361262045999,4312.361262083273,3.727382136275992e-08,False
17.0,-,2,2,4372.22733,9.0,4372.268112649565,4372.268113285175,6.356094672810286e-07,False
17.0,-,2,3,5822.4399,2.25,5822.426987992996,5822.426988559983,5.669871825375594e-07,False
17.0,-,2,3,5878.58238,3.24,5878.565089655424,5878.565088746298,-9.091263564187102e-07,False
17.0,-,2,3,5937.89684,2.89,5937.91068313431,5937.910683664875,5.305655577103607e-07,False
17.0,-,2,4,7365.8997,1.96,7365.867978600966,7365.867978766142,1.6517606127308682e-07,False
17.0,-,2,4,7421.45554,1.69,7421.421606834586,7421.421603868463,-2.966123247460928e-06,False
17.0,-,2,4,7480.22343,3.24,7480.222080775156,7480.222080816573,4.1416569729335606e-08,False
17.0,-,3,0,8759.83969,1156.0,8759.851938665268,8759.851940961269,2.296001184731722e-06,False
17.0,-,2,5,8885.99334,0.64,8886.001376787359,8886.00137804108,1.2537220754893497e-06,False
17.0,-,2,5,8940.91269,0.81,8940.915285379559,8940.915279305587,-6.0739712353097275e-06,False
17.0,-,2,5,8999.16232,1.0,8999.22654597984,8999.226546983376,1.003536453936249e-06,False
17.0,-,5,0,9864.24792,9.0,9864.316354121778,9864.316411395497,5.727371899411082e-05,False
17.0,-,3,1,10338.67035,10.24,10338.678549668342,10338.678550794482,1.1261399777140468e-06,False
17.0,-,2,6,10382.74619,0.81,10382.788644673561,10382.788644522121,-1.5143996279221028e-07,False
17.0,-,2,6,10437.23065,1.69,10437.259935281576,10437.259930432409,-4.84916745335795e-06,False
17.0,-,2,6,10494.77239,1.69,10494.883261894309,10494.883261676101,-2.182077878387645e-07,False
17.0,-,2,7,11855.56119,0.36,11856.14703724936,11856.147076079495,3.8830134144518524e-05,False
17.0,-,5,1,11884.21194,0.25,11883.898954316408,11883.89873238619,-0.00022193021868588403,False
17.0,-,3,2,11893.25911,10.24,11893.300591833653,11893.300580676578,-1.1157075277878903e-05,False
17.0,-,2,7,11916.72957,0.16,11916.389737519796,11916.389935595062,0.00019807526587101165,False
17.0,-,2,7,11967.21353,0.25,11967.161501821756,11967.161489197255,-1.2624501323443837e-05,False
17.0,-,2,8,13306.08895,0.36,13306.176984388185,13306.176986980925,2.5927402020897716e-06,False
17.0,-,2,8,13359.17572,0.64,13359.193558583256,13359.19354101707,-1.7566186215844937e-05,False
17.0,-,2,8,13415.83734,0.49,13416.00805522315,13416.00805768705,2.463899363647215e-06,False
17.0,-,3,3,13423.5438,4.0,13423.56220749506,13423.562209471009,1.975948180188425e-06,False
17.0,-,2,9,14732.79829,0.03,14732.792268039255,14732.792267113842,-9.25412678043358e-07,False
17.0,-,2,9,14785.73456,0.03,14785.71256301035,14785.712564739439,1.7290894902544096e-06,False
17.0,-,2,9,14841.25867,0.0237,14841.488989854126,14841.488989254278,-5.998481356073171e-07,False
17.0,-,3,4,14929.45881,3.61,14929.471856896314,14929.471857618446,7.221315172500908e-07,False
17.0,-,3,5,16410.9198,1.0,16410.96502254004,16410.965023946108,1.4060678950045258e-06,False
17.0,-,3,6,17867.85701,0.25,17867.943047971417,17867.943048735917,7.644994184374809e-07,False
17.0,-,3,7,19300.15361,0.01,19300.24539627798,19300.245397310082,1.0321018635295331e-06,False
17.0,-,3,8,20707.73201,0.01,20707.84948391497,20707.849492056568,8.141596481436864e-06,False
18.0,+,1,0,618.57675,676.0,618.574540568596,618.57454055876,-9.836071512836497e-09,False
18.0,+,1,1,2439.82581,110.24,2439.825463193443,2439.825463334865,1.4142233339953236e-07,False
18.0,+,1,2,4232.67903,10.24,4232.713610235801,4232.713610858405,6.226046025403775e-07,False
18.0,+,1,3,5996.19491,2.89,5996.241822804289,5996.241824216301,1.4120123523753136e-06,False
18.0,+,4,0,6702.815,400.0,6702.877356574431,6702.877356446043,-1.2838791008107364e-07,False
18.0,+,4,0,6812.84197,225.0,6812.854646255892,6812.854646128913,-1.269781932933256e-07,False
18.0,+,1,4,7729.17534,1.96,7729.243612412179,7729.243613948442,1.5362629710580222e-06,False
18.0,+,4,1,8145.97661,2.89,8146.005751287053,8146.005751064411,-2.2264157450990751e-07,False
18.0,+,4,1,8254.77528,3.61,8254.769160426082,8254.769160204209,-2.218730514869094e-07,False
18.0,+,1,5,9430.01779,0.09,9430.157773062536,9430.157774007675,9.451396181248128e-07,False
18.0,+,4,2,9566.92595,4.84,9567.01647881324,9567.016478691608,-1.2163218343630433e-07,False
18.0,+,4,2,9674.53257,3.61,9674.564260810384,9674.564260696723,-1.1366137186996639e-07,False
18.0,+,4,3,10965.77143,2.56,10965.873759668952,10965.873759428852,-2.4009932531043887e-07,False
18.0,+,4,3,11072.16141,2.89,11072.20074109783,11072.200740851738,-2.460910764057189e-07,False
18.0,+,1,6,11096.61174,0.25,11096.91453251691,11096.9145326555,1.3859062164556235e-07,False
18.0,+,4,4,12342.62039,1.69,12342.695287600083,12342.695287465716,-1.3436692825052887e-07,False
18.0,+,7,0,12356.06361,36.0,12356.051371408255,12356.051372743332,1.335076376562938e-06,False
18.0,+,4,4,12447.81021,2.25,12447.822191845084,12447.82219167977,-1.6531339497305453e-07,False
18.0,+,4,5,13697.52097,2.25,13697.56964793998,13697.569647808674,-1.313055690843612e-07,False
18.0,+,7,1,13734.83948,0.25,13734.82556972847,13734.825569610459,-1.1801057553384453e-07,False
18.0,+,4,5,13801.50835,2.25,13801.484773145112,13801.484772937809,-2.0730294636450708e-07,False
18.0,+,4,6,15030.58969,0.49,15030.612854135954,15030.61285396523,-1.707230694591999e-07,False
18.0,+,7,2,15090.74095,0.25,15090.739601381407,15090.739601491541,1.1013435141649097e-07,False
18.0,+,4,6,15133.34522,0.81,15133.316621323662,15133.316620965621,-3.5804077924694866e-07,False
18.0,+,8,0,15700.28526,36.0,15700.265229089706,15700.265228903705,-1.8600076145958155e-07,False
18.0,+,4,7,16341.86877,0.36,16341.946732344288,16341.946732369064,2.477645466569811e-08,False
18.0,+,7,3,16423.82522,0.81,16423.80869380093,16423.808693535582,-2.6534689823165536e-07,False
18.0,+,4,7,16443.44055,0.36,16443.43950828185,16443.439507935997,-3.458517312537879e-07,False
18.0,+,8,1,17117.20126,0.36,17117.10874940826,17117.10874923353,-1.7473212210461497e-07,False
18.0,+,4,8,17631.51304,0.04,17631.688576843,17631.688576921068,7.806738722138107e-08,False
18.0,+,4,8,17731.86731,0.09,17731.970489480915,17731.970488917163,-5.637521098833531e-07,False
18.0,+,7,4,17734.15395,0.64,17734.133275895612,17734.133274510416,-1.3851968105882406e-06,False
18.0,+,8,2,18533.73953,0.09,18533.99072179898,18533.99072164296,-1.560183591209352e-07,False
18.0,+,7,5,19021.79476,0.36,19021.787670011727,19021.7876682867,-1.7250276869162917e-06,False
18.0,+,8,3,19951.94849,0.04,19951.790168066735,19951.790167770254,-2.9648072086274624e-07,False
18.0,+,7,6,20286.79562,0.36,20286.774633342266,20286.774627721123,-5.621142918244004e-06,False
18.0,+,6,0,20523.3633,196.0,20523.332375968752,20523.332376518734,5.49982360098511e-07,False
18.0,+,6,0,20588.0993,289.0,20588.08598776997,20588.08599048603,2.7160604076925665e-06,False
18.0,+,6,0,20656.39178,256.0,20656.486399071382,20656.486401663456,2.592074451968074e-06,False
18.0,+,7,7,21529.26334,0.09,21529.232502388837,21529.232502165087,-2.2375024855136871e-07,False
18.0,+,6,1,22270.88172,0.64,22270.84270384786,22270.842703024002,-8.238566806539893e-07,False
18.0,+,6,1,22334.85045,0.64,22334.81624001066,22334.81624028506,2.7440182748250663e-07,False
18.0,+,6,1,22402.36909,0.64,22402.46125237229,22402.461253250243,8.779534255154431e-07,False
18.0,+,7,8,22749.2519,0.01,22749.09665541444,22749.096656660437,1.2459968274924904e-06,False
18.0,+,6,2,23980.95481,0.16,23981.17735493798,23981.17739316954,3.823155930149369e-05,False
18.0,+,6,2,24044.83537,0.16,24043.952993525658,24043.953022611,2.9085342248436064e-05,False
18.0,+,6,2,24110.65851,0.04,24111.12133590907,24111.12125863331,-7.72757593949791e-05,False
18.0,+,6,3,25649.55515,1.96,25649.513156288594,25649.51315248975,-3.7988429539836943e-06,False
18.0,+,6,3,25711.85366,1.69,25711.79905993957,25711.799043552794,-1.638677713344805e-05,False
18.0,+,6,3,25777.63583,1.69,25777.752983649636,25777.752972958187,-1.0691448551369831e-05,False
18.0,+,6,4,27273.41997,0.04,27273.335838388444,27273.335725824578,-0.00011256386642344296,False
18.0,+,6,4,27334.27746,0.49,27334.08464506212,27334.084432675434,-0.0002123866870533675,False
18.0,+,6,4,27399.16464,0.09,27402.3184953077,27402.319787971126,0.0012926634262839798,False
18.0,+,6,5,28845.3361,0.81,28845.35200744277,28845.352036364744,2.8921975172124803e-05,False
18.0,+,6,5,28905.64837,0.36,28905.628621869757,28905.628665482807,4.361305036582053e-05,False
18.0,+,6,5,28969.38652,0.64,28969.565398302766,28969.565434030377,3.5727611248148605e-05,False
18.0,+,6,6,30358.70168,0.09,30358.420868829868,30358.420881952145,1.3122276868671179e-05,False
18.0,+,6,6,30415.80554,0.01,30418.97070899954,30418.970570071437,-0.00013892810238758102,False
18.0,+,6,6,30479.40189,0.0,30476.453250028535,30476.45316535386,-8.467467341688462e-05,False
18.0,+,6,7,31807.99201,0.25,31808.07429825333,31808.074331322925,3.306959479232319e-05,False
18.0,+,6,7,31865.75469,0.25,31865.765026060166,31865.765059277004,3.321683834656142e-05,False
18.0,+,6,7,31926.85172,0.25,31927.220112505624,31927.220126253906,1.3748282071901485e-05,False
18.0,+,6,8,33180.49189,0.09,33180.56452708718,33180.56450530075,-2.1786436263937503e-05,False
18.0,+,6,8,33237.17421,0.16,33237.161420693585,33237.16141725041,-3.443172317929566e-06,False
18.0,+,6,8,33296.55776,0.09,33296.33687346797,33296.33688282453,9.356561349704862e-06,False
18.0,+,6,9,34474.06398,0.0033,34472.862821620874,34472.86280507183,-1.654904190218076e-05,False
18.0,+,6,9,34527.13126,0.0033,34526.06531257217,34526.06530811052,-4.461653588805348e-06,False
18.0,+,6,9,34585.19403,0.0,34585.55254738392,34585.55254369042,-3.6935016396455467e-06,False
18.0,+,6,10,35678.35532,0.0028,35678.58421963378,35678.58421972843,9.4645656645298e-08,False
18.0,+,6,10,35731.79056,0.0051,35731.497395785475,35731.497382273694,-1.351178070763126e-05,False
18.0,+,6,10,35787.76342,0.0028,35787.72926589739,35787.7292468158,-1.90815917449072e-05,False
18.0,-,2,0,1107.21694,441.0,1107.212297665375,1107.212299670274,2.0048989881615853e-06,False
18.0,-,2,0,1168.84442,676.0,1168.846019032827,1168.846021009226,1.976399062186829e-06,False
18.0,-,2,0,1232.66346,361.0,1232.663645387443,1232.663647236138,1.8486950921214884e-06,False
18.0,-,2,1,2720.12488,5.76,2720.121089432227,2720.121089669649,2.3742177290841937e-07,False
18.0,-,2,1,2781.19084,10.89,2781.182148752436,2781.182148708283,-4.415323928697035e-08,False
18.0,-,2,1,2844.3834,7.29,2844.355969447297,2844.355968659047,-7.882499630795792e-07,False
18.0,-,2,2,4309.69888,6.76,4309.743902725917,4309.743904465143,1.739225808705669e-06,False
18.0,-,2,2,4370.19999,7.84,4370.234565869589,4370.23456655561,6.860218491056003e-07,False
18.0,-,2,2,4432.75784,6.76,4432.755232825921,4432.755230989842,-1.8360788089921698e-06,False
18.0,-,2,3,5875.935,2.56,5875.930063144508,5875.93006630163,3.1571225918014534e-06,False
18.0,-,2,3,5935.85941,4.41,5935.85763182282,5935.857632532996,7.101762093952857e-07,False
18.0,-,2,3,5997.76784,1.96,5997.714215737137,5997.714210321978,-5.41515964869177e-06,False
18.0,-,2,4,7418.75552,1.96,7418.771996496435,7418.772002124293,5.627857717627194e-06,False
18.0,-,2,4,7478.16815,3.24,7478.147887207378,7478.147887719822,5.124447852722369e-07,False
18.0,-,2,4,7539.41504,1.21,7539.316342638845,7539.316330039253,-1.2599591173056979e-05,False
18.0,-,3,0,8817.64292,529.0,8817.591861105073,8817.591863400758,2.295684680575505e-06,False
18.0,-,2,5,8938.14122,0.81,8938.266859912092,8938.266873986771,1.407467971148435e-05,False
18.0,-,2,5,8997.08697,0.81,8997.129244587231,8997.129246830737,2.2435051505453885e-06,False
18.0,-,2,5,9057.62571,0.49,9057.5248742386,9057.524845708396,-2.85302030533785e-05,False
18.0,-,5,0,9864.81572,1.0,9864.426485116443,9864.426538086185,5.2969742682762444e-05,False
18.0,-,3,1,10395.86013,5.76,10395.80408384317,10395.804085000533,1.1573629308259115e-06,False
18.0,-,2,6,10434.49809,1.44,10434.549573613522,10434.54958242584,8.812317901174538e-06,False
18.0,-,2,6,10492.68412,1.44,10492.763919211557,10492.763920120513,9.089562809094787e-07,False
18.0,-,2,6,10552.72107,1.0,10552.701068076327,10552.701048059993,-2.0016334019601345e-05,False
18.0,-,5,1,11881.18572,0.09,11885.129173445313,11885.129678700436,0.0005052551223343471,False
18.0,-,3,2,11949.82736,4.41,11949.798794303337,11949.798795379875,1.0765379556687549e-06,False
18.0,-,2,7,11964.95711,0.25,11964.971554033003,11964.971563506657,9.473653335589916e-06,False
18.0,-,2,8,13356.25533,0.81,13356.532780081618,13356.532816437928,3.635631037468556e-05,False
18.0,-,2,8,13413.6548,0.81,13413.834189795763,13413.834195104666,5.308902473188937e-06,False
18.0,-,2,8,13472.18584,0.81,13471.96358503235,13471.963511268988,-7.37633617973188e-05,False
18.0,-,3,3,13479.49535,2.25,13479.451785635316,13479.451786519492,8.841761882649735e-07,False
18.0,-,2,9,14782.98341,0.037,14782.87674619271,14782.876741711552,-4.481156793190166e-06,False
18.0,-,2,9,14839.2396,0.0181,14839.293619476815,14839.293618485384,-9.914310794556513e-07,False
18.0,-,2,9,14897.52209,0.0133,14897.48732326433,14897.487332729484,9.46515501709655e-06,False
18.0,-,3,4,14984.78412,1.21,14984.741048493986,14984.74104918172,6.877344276290387e-07,False
18.0,-,3,5,16465.61936,0.49,16465.611751042903,16465.611752454995,1.4120923879090697e-06,False
18.0,-,3,6,17921.90512,0.09,17921.764867347993,17921.764877553585,1.0205592843703926e-05,False
18.0,-,3,7,19353.58431,0.04,19353.6367585821,19353.636759633326,1.0512267181184143e-06,False
18.0,-,3,8,20760.53954,0.01,20760.607427650164,20760.607435792313,8.142149454215541e-06,False
19.0,+,4,0,6812.97195,676.0,6812.857477369754,6812.857477242466,-1.272874214919284e-07,False
19.0,+,4,1,8254.90103,5.29,8254.773947024336,8254.773946801011,-2.2332460503093898e-07,False
19.0,+,4,2,9674.65854,4.0,9674.570938881052,9674.57093877218,-1.0887197277043015e-07,False
19.0,+,4,3,11072.30418,2.56,11072.22976665379,11072.229766410192,-2.435990609228611e-07,False
19.0,+,7,0,12411.19033,25.0,12411.17854529348,12411.17854662672,1.3332391972653568e-06,False
19.0,+,4,4,12447.94453,1.96,12447.838883928314,12447.838883781234,-1.4707984519191086e-07,False
19.0,+,7,1,13789.32523,0.16,13789.309379879445,13789.309379766424,-1.1302108759991825e-07,False
19.0,+,4,5,13801.63241,1.44,13801.504407989976,13801.504407825645,-1.6433114069513977e-07,False
19.0,+,4,6,15133.50531,0.64,15133.33974703665,15133.339746782842,-2.53809048444964e-07,False
19.0,+,7,2,15144.58608,0.36,15144.58041669775,15144.580416804149,1.0639814718160778e-07,False
19.0,+,4,7,16443.52941,0.36,16443.466286247713,16443.466286103918,-1.4379475032910705e-07,False
19.0,+,7,3,16477.02584,0.81,16477.007149650297,16477.007149397585,-2.5271219783462584e-07,False
19.0,+,4,8,17731.99362,0.04,17732.001035760983,17732.00103554344,-2.1754385670647025e-07,False
19.0,+,7,4,17786.71089,0.49,17786.6892676459,17786.68926626971,-1.3761891750618815e-06,False
19.0,+,7,5,19073.70766,0.36,19073.700827041437,19073.70082532849,-1.7129459592979401e-06,False
19.0,+,7,6,20338.06391,0.25,20338.046484651335,20338.04647926034,-5.390993464970961e-06,False
19.0,+,6,0,20586.04764,256.0,20586.073977077358,20586.073977653716,5.763577064499259e-07,False
19.0,+,6,0,20655.03439,256.0,20655.083751644117,20655.08375437082,2.7267014957033098e-06,False
19.0,+,6,0,20726.14865,225.0,20726.120714132387,20726.12071664103,2.5086446839850396e-06,False
19.0,+,7,7,21579.88356,0.25,21579.856724633628,21579.856724421556,-2.1207233658060431e-07,False
19.0,+,6,1,22332.82517,0.81,22332.84180185329,22332.841800992945,-8.603456080891192e-07,False
19.0,+,6,1,22401.03221,0.81,22401.0705313007,22401.070531281206,-1.9492290448397398e-08,False
19.0,+,6,1,22471.30941,1.0,22471.271633958113,22471.271634637546,6.794325599912554e-07,False
19.0,+,7,8,22799.21781,0.04,22799.074371691902,22799.074373021358,1.3294556993059814e-06,False
19.0,+,6,2,24042.01483,0.36,24042.198667229866,24042.19869322218,2.5992314476752654e-05,False
19.0,+,6,2,24109.46176,0.09,24109.57560352838,24109.575607896364,4.36798291048035e-06,False
19.0,+,6,2,24178.66957,0.16,24178.62658660054,24178.626579246014,-7.354527042480186e-06,False
19.0,+,6,3,25709.85429,1.96,25709.874260388588,25709.874255802915,-4.585672286339104e-06,False
19.0,+,6,3,25776.34992,1.96,25776.412697908854,25776.412674569183,-2.333967131562531e-05,False
19.0,+,6,3,25844.76267,1.44,25844.721871228983,25844.721851360107,-1.9868875824613497e-05,False
19.0,+,6,4,27332.32914,0.36,27332.292089968705,27332.291967840585,-0.0001221281199832447,False
19.0,+,6,4,27398.10306,0.25,27398.24129012882,27398.24097230988,-0.000317818939947756,False
19.0,+,6,4,27465.34394,0.16,27465.43936215714,27465.439591713566,0.00022955642634769902,False
19.0,+,6,5,28903.70526,0.36,28903.79615762446,28903.796168248788,1.0624327842378989e-05,False
19.0,+,6,5,28968.18475,0.36,28968.32154180554,28968.3215160783,-2.572724042693153e-05,False
19.0,+,6,5,29034.39762,0.16,29034.388755834698,29034.388722549178,-3.32855197484605e-05,False
19.0,+,6,6,30417.08504,0.16,30417.083627721266,30417.083586763183,-4.095808253623545e-05,False
19.0,+,6,6,30477.76995,0.0,30475.999816841602,30475.999714296355,-0.00010254524750052951,False
19.0,+,6,6,30545.43337,0.16,30545.208675698912,30545.208612160513,-6.353839853545651e-05,False
19.0,+,6,7,31863.87446,0.36,31864.060617675983,31864.06063809268,2.0416697225300595e-05,False
19.0,+,6,7,31925.83154,0.25,31926.10243767,31926.102435528588,-2.1414125512819737e-06,False
19.0,+,6,7,31989.21926,0.09,31989.266955701933,31989.266941245663,-1.4456269127549604e-05,False
19.0,+,6,8,33235.34014,0.16,33235.54078896816,33235.54076325741,-2.5710745831020176e-05,False
19.0,+,6,8,33295.39162,0.09,33295.38910242476,33295.3890813151,-2.1109655790496618e-05,False
19.0,+,6,8,33357.49825,0.09,33357.51124481879,33357.511240956825,-3.8619618862867355e-06,False
19.0,+,6,9,34525.79917,0.0059,34524.531453390475,34524.5314413334,-1.2057076673954725e-05,False
19.0,+,6,9,34584.33802,0.0059,34584.46031657067,34584.46031109287,-5.4777992772869766e-06,False
19.0,+,6,9,34643.20637,0.0059,34642.89592113675,34642.89592255996,1.423213689122349e-06,False
19.0,+,6,10,35730.35588,0.0051,35730.05711398677,35730.057120005404,6.018635758664459e-06,False
19.0,+,6,10,35786.74065,0.0028,35786.90587214074,35786.90586850736,-3.633380401879549e-06,False
19.0,+,6,10,35844.60159,0.0028,35844.78815393329,35844.78814522994,-8.703347702976316e-06,False
19.0,-,2,0,1165.68974,576.0,1165.692513248905,1165.692515205543,1.9566380160540575e-06,False
19.0,-,2,0,1229.57622,441.0,1229.569492925581,1229.569494873791,1.9482099560264032e-06,False
19.0,-,2,0,1296.90151,625.0,1296.907978255815,1296.907980204201,1.9483861706248717e-06,False
19.0,-,2,1,2778.0285,7.29,2778.016413106723,2778.016413034126,-7.259723133756779e-08,False
19.0,-,2,1,2841.2863,9.0,2841.264440421315,2841.26444019679,-2.2452513803727925e-07,False
19.0,-,2,1,2907.96941,9.61,2907.964766049168,2907.964765980072,-6.909567673574202e-08,False
19.0,-,2,2,4367.02723,8.41,4367.055031712437,4367.055032367854,6.554173523909412e-07,False
19.0,-,2,2,4429.64538,6.25,4429.66672087103,4429.666720899524,2.8494469006545842e-08,False
19.0,-,2,2,4495.70013,7.84,4495.732920157601,4495.732920776674,6.190730346133932e-07,False
19.0,-,2,3,5932.6971,3.61,5932.662786964014,5932.662787546129,5.821148079121485e-07,False
19.0,-,2,3,5994.66779,2.56,5994.63025080193,5994.630249928705,-8.732249625609256e-07,False
19.0,-,2,3,6060.06069,2.56,6060.073400404975,6060.073400956799,5.518240868696012e-07,False
19.0,-,2,4,7474.97472,3.61,7474.936366144225,7474.936366297017,1.5279238141374663e-07,False
19.0,-,2,4,7536.22885,1.69,7536.24127075711,7536.241267828897,-2.928212779806927e-06,False
19.0,-,2,4,7601.08658,1.69,7601.080487387725,7601.080487427553,3.98276824853383e-08,False
19.0,-,3,0,8878.50287,900.0,8878.521213891903,8878.521216189314,2.29741090151947e-06,False
19.0,-,2,5,8993.88966,0.81,8993.900059367144,8993.900060596385,1.229240297107026e-06,False
19.0,-,2,5,9054.45732,0.81,9054.477113743993,9054.477107839988,-5.904004865442403e-06,False
19.0,-,2,5,9118.71781,1.21,9118.777735726115,9118.777736734253,1.00813849712722e-06,False
19.0,-,5,0,10006.35541,1.0,10006.294008213188,10006.294065220873,5.700768451788463e-05,False
19.0,-,3,1,10456.07242,9.0,10456.084370283,10456.084371441359,1.158357918029651e-06,False
19.0,-,2,6,10489.46789,1.0,10489.514030190023,10489.514029971217,-2.1880623535253108e-07,False
19.0,-,2,6,10549.57272,1.44,10549.607504330565,10549.607499877888,-4.452676876098849e-06,False
19.0,-,2,6,10612.99575,1.44,10613.122949824807,10613.12294960774,-2.1706728148274124e-07,False
19.0,-,2,7,11961.37731,0.36,11961.716950248074,11961.716968795414,1.8547340005170554e-05,False
19.0,-,3,2,12009.36687,10.89,12009.394533279507,12009.394570511971,3.72324648196809e-05,False
19.0,-,2,7,12041.84325,0.04,12040.95266345075,12040.952882420603,0.00021896985344938003,False
19.0,-,2,7,12084.24368,0.16,12084.089995491013,12084.089976513571,-1.8977441868628375e-05,False
19.0,-,2,8,13410.44599,0.49,13410.544117561485,13410.544119983146,2.4216606107074767e-06,False
19.0,-,2,8,13468.94427,0.81,13468.980020831508,13468.980004175146,-1.6656362276989967e-05,False
19.0,-,2,8,13531.41104,0.36,13531.610922822649,13531.610925216957,2.3943084670463577e-06,False
19.0,-,3,3,13538.401,3.24,13538.427318595513,13538.427320548844,1.9533308659447357e-06,False
19.0,-,2,9,14835.95532,0.0181,14835.97607062919,14835.976069585471,-1.0437197488499805e-06,False
19.0,-,2,9,14894.34356,0.0237,14894.332563440372,14894.332565608947,2.168575520045124e-06,False
19.0,-,2,9,14955.61342,0.0133,14955.768666026377,14955.768665364689,-6.616883183596656e-07,False
19.0,-,3,4,15043.03292,2.56,15043.062105981637,15043.06210667619,6.945538189029321e-07,False
19.0,-,3,5,16523.20847,0.64,16523.275560885286,16523.27556225325,1.3679637049790472e-06,False
19.0,-,3,6,17978.85472,0.16,17978.979152746928,17978.9791524226,-3.243294486310333e-07,False
19.0,-,3,7,19409.84022,0.01,19409.975430688464,19409.97543194609,1.2576274457387626e-06,False
19.0,-,3,8,20816.10024,0.01,20816.277238892337,20816.27724703114,8.138802513713017e-06,False
20.0,+,1,0,759.42218,676.0,759.422883610846,759.422883598799,-1.2047053132846486e-08,False
20.0,+,1,1,2579.25209,87.84,2579.251211592315,2579.251211729364,1.3704902812605724e-07,False
20.0,+,1,2,4370.65598,7.29,4370.701954735754,4370.701955342846,6.070922609069385e-07,False
20.0,+,1,3,6132.68828,3.24,6132.763774315903,6132.763775712472,1.3965691323392093e-06,False
20.0,+,4,0,6812.79975,400.0,6812.858698644477,6812.858698516762,-1.2771488400176167e-07,False
20.0,+,4,0,6934.64076,289.0,6934.646029570993,6934.646029444807,-1.2618602340808138e-07,False
20.0,+,1,4,7864.1408,1.69,7864.258492991491,7864.258494531146,1.5396553862956353e-06,False
20.0,+,4,1,8254.73262,3.61,8254.777740556783,8254.777740332614,-2.2416861611418426e-07,False
20.0,+,4,1,8375.23309,1.96,8375.219801921488,8375.219801698295,-2.2319363779388368e-07,False
20.0,+,1,5,9563.39784,0.04,9563.608503167132,9563.60850413615,9.690174920251593e-07,False
20.0,+,4,2,9674.49564,4.0,9674.581048570224,9674.58104844496,-1.252647052751854e-07,False
20.0,+,4,2,9793.6526,2.25,9793.674741082887,9793.674740968956,-1.1393058230169117e-07,False
20.0,+,4,3,11072.12931,2.89,11072.228061523838,11072.22806128428,-2.395572664681822e-07,False
20.0,+,4,3,11189.94897,3.61,11189.976456121618,11189.976455874412,-2.4720611691009253e-07,False
20.0,+,1,6,11228.33062,0.16,11228.721943918217,11228.721944076566,1.5834848454687744e-07,False
20.0,+,4,4,12447.75936,1.96,12447.840649496866,12447.840649361166,-1.3570024748332798e-07,False
20.0,+,7,0,12469.199,25.0,12469.187384337498,12469.18738566875,1.3312528608366847e-06,False
20.0,+,4,4,12564.23495,1.44,12564.252903453913,12564.252903285067,-1.6884587239474058e-07,False
20.0,+,4,5,13801.45017,1.69,13801.506943680986,13801.506943555813,-1.2517375580500811e-07,False
20.0,+,7,1,13846.66047,0.16,13846.64094702695,13846.640946919266,-1.076841726899147e-07,False
20.0,+,4,5,13916.59891,1.96,13916.57633909416,13916.576338887686,-2.0647348719649017e-07,False
20.0,+,4,6,15133.29464,0.64,15133.342531706126,15133.342531541894,-1.642329152673483e-07,False
20.0,+,7,2,15201.24344,0.36,15201.235088039242,15201.235088141266,1.0202347766608e-07,False
20.0,+,4,6,15247.1064,0.81,15247.069554482876,15247.069554117717,-3.651584847830236e-07,False
20.0,+,8,0,15814.96418,36.0,15814.946432187087,15814.946432001065,-1.860225893324241e-07,False
20.0,+,4,7,16443.43184,0.49,16443.469194940568,16443.46919497913,3.856257535517216e-08,False
20.0,+,7,3,16533.00774,0.81,16532.98559389386,16532.985593654197,-2.3966276785358787e-07,False
20.0,+,4,7,16555.86332,0.36,16555.85426534612,16555.854264984468,-3.616514732129872e-07,False
20.0,+,8,1,17231.06935,0.36,17230.97144114977,17230.9714409748,-1.7496859072707593e-07,False
20.0,+,4,8,17731.80453,0.04,17732.004137793218,17732.00413790372,1.1050360626541078e-07,False
20.0,+,7,4,17842.01389,0.49,17841.991360608845,17841.991359242613,-1.3662320270668715e-06,False
20.0,+,4,8,17842.92781,0.09,17843.047445126893,17843.04744454263,-5.842630343977362e-07,False
20.0,+,8,2,18646.92947,0.09,18647.183807074,18647.183806918154,-1.558473741170019e-07,False
20.0,+,7,5,19128.33375,0.25,19128.326192145443,19128.326190444895,-1.7005477275233716e-06,False
20.0,+,8,3,20064.47737,0.01,20064.328179916756,20064.328179632117,-2.846390998456627e-07,False
20.0,+,7,6,20392.00804,0.36,20391.996448385147,20391.996443214917,-5.170229997020215e-06,False
20.0,+,6,0,20652.44788,256.0,20652.408146691512,20652.408147096234,4.04721504310146e-07,False
20.0,+,6,0,20723.78166,225.0,20723.7676891659,20723.767691661797,2.4958972062449902e-06,False
20.0,+,6,0,20798.89445,225.0,20798.99524688919,20798.995249275016,2.3858265194576234e-06,False
20.0,+,7,7,21633.14964,0.36,21633.125123902922,21633.12512370298,-1.9994331523776054e-07,False
20.0,+,6,1,22398.45764,0.64,22398.41334413024,22398.41334332053,-8.097085810732096e-07,False
20.0,+,6,1,22468.95188,0.81,22468.907617490822,22468.907617681678,1.9085564417764544e-07,False
20.0,+,6,1,22543.20383,1.0,22543.29500751476,22543.295008203444,6.886839400976896e-07,False
20.0,+,7,8,22851.79595,0.01,22851.662359770486,22851.662361188384,1.417898602085188e-06,False
20.0,+,6,2,24106.9308,0.49,24107.0029737545,24107.002995595587,2.1841085981577635e-05,False
20.0,+,6,2,24176.33243,0.16,24176.29444512217,24176.29448142831,3.6306140827946365e-05,False
20.0,+,6,2,24249.75189,0.25,24250.01448829051,24250.01446975289,-1.8537622963776812e-05,False
20.0,+,6,3,25773.86545,1.69,25773.811486541847,25773.811481650166,-4.891680873697624e-06,False
20.0,+,6,3,25842.49858,1.96,25842.43937162255,25842.43935487884,-1.674371014814824e-05,False
20.0,+,6,3,25914.84158,1.96,25914.956555387056,25914.956545030764,-1.0356292477808893e-05,False
20.0,+,6,4,27395.83799,0.04,27395.763309611393,27395.76317943635,-0.0001301750417042058,False
20.0,+,6,4,27462.9291,0.36,27462.617521485972,27462.617119362385,-0.0004021235872642137,False
20.0,+,6,4,27534.58758,0.49,27535.14027612941,27535.14041858015,0.0001424507427145727,False
20.0,+,6,5,28965.79092,0.36,28965.79931515662,28965.799339440433,2.428381412755698e-05,False
20.0,+,6,5,29032.19417,0.09,29032.21050327039,29032.21054582806,4.2557669075904414e-05,False
20.0,+,6,5,29102.31915,0.36,29102.496605021322,29102.49664453165,3.951032704208046e-05,False
20.0,+,6,6,30474.76439,0.0,30474.347171534908,30474.347230352854,5.881794641027227e-05,False
20.0,+,6,6,30543.29039,0.0,30543.055046981197,30543.054931186663,-0.00011579453348531388,False
20.0,+,6,6,30615.92041,0.0,30618.29471506783,30618.294667811293,-4.725653707282618e-05,False
20.0,+,6,7,31923.74036,0.09,31923.696012171815,31923.696037327867,2.515605228836648e-05,False
20.0,+,6,7,31987.23233,0.25,31987.253582601872,31987.25361047273,2.78708575933706e-05,False
20.0,+,6,7,32054.51347,0.09,32054.799546199465,32054.799557141578,1.0942112567136064e-05,False
20.0,+,6,8,33293.05634,0.09,33293.145811384406,33293.14579011019,-2.1274216123856604e-05,False
20.0,+,6,8,33355.59697,0.16,33355.58158404164,33355.581579168975,-4.872665158472955e-06,False
20.0,+,6,8,33420.81938,0.09,33420.46941435434,33420.46942085886,6.504524208139628e-06,False
20.0,+,6,9,34582.80699,0.0,34582.10296653057,34582.102950345434,-1.6185134882107377e-05,False
20.0,+,6,9,34641.55692,0.0059,34641.09604701946,34641.09604316315,-3.856315743178129e-06,False
20.0,+,6,9,34705.92255,0.0,34706.12361051029,34706.1236032202,-7.29008752387017e-06,False
20.0,+,6,10,35784.88883,0.0028,35784.7803366522,35784.78033666298,1.0782969184219837e-08,False
20.0,+,6,10,35843.01268,0.0051,35843.08537987097,35843.085368731845,-1.1139127309434116e-05,False
20.0,+,6,10,35904.90901,0.0028,35904.86288018433,35904.862863622235,-1.6562094970140606e-05,False
20.0,-,2,0,1227.33367,441.0,1227.327536862359,1227.327538868321,2.0059619600942824e-06,False
20.0,-,2,0,1295.11277,729.0,1295.115801974124,1295.115803946637,1.9725130186998285e-06,False
20.0,-,2,0,1365.12783,324.0,1365.125027142126,1365.125028980674,1.8385478597338079e-06,False
20.0,-,2,1,2839.01608,5.29,2839.006489071054,2839.006489363179,2.921246959886048e-07,False
20.0,-,2,1,2906.16945,9.61,2906.157202611646,2906.157202580556,-3.109016688540578e-08,False
20.0,-,2,1,2975.47962,5.29,2975.451216116626,2975.451215305584,-8.110419003060088e-07,False
20.0,-,2,2,4427.35127,4.84,4427.392634513621,4427.392636394435,1.8808141248882748e-06,False
20.0,-,2,2,4493.87759,8.41,4493.908472582544,4493.908473255585,6.730406312271953e-07,False
20.0,-,2,2,4562.48083,4.0,4562.476154436141,4562.476152451873,-1.9842682377202436e-06,False
20.0,-,2,3,5992.32494,2.25,5992.341002596098,5992.341006154889,3.5587909223977476e-06,False
20.0,-,2,3,6058.24256,2.56,6058.23059013605,6058.230590877484,7.414346328005195e-07,False
20.0,-,2,3,6126.1278,1.69,6126.058885440434,6126.058879723239,-5.717194653698243e-06,False
20.0,-,2,4,7533.91615,1.69,7533.940543858132,7533.940550282014,6.423882041417528e-06,False
20.0,-,2,4,7599.22458,1.96,7599.217797562465,7599.217798096379,5.339134077075869e-07,False
20.0,-,2,4,7666.38545,1.44,7666.278678724761,7666.278665458443,-1.3266318092064466e-05,False
20.0,-,3,0,8942.69785,576.0,8942.636934697015,8942.636936994062,2.2970471036387607e-06,False
20.0,-,2,5,9052.02954,0.81,9052.18194229294,9052.181958114177,1.582123695698101e-05,False
20.0,-,2,5,9116.83498,1.0,9116.893353818155,9116.893356120827,2.3026714188745245e-06,False
20.0,-,2,5,9183.19197,0.64,9183.091385258997,9183.091355472658,-2.9786338927806355e-05,False
20.0,-,3,1,10519.58377,5.29,10519.517435690492,10519.517436890199,1.1997071851510555e-06,False
20.0,-,2,6,10547.18243,1.69,10547.247298472608,10547.24730796084,9.488232535659336e-06,False
20.0,-,2,6,10611.13262,1.21,10611.218055696063,10611.2180565967,9.006362233776599e-07,False
20.0,-,2,6,10676.94625,1.0,10676.930224117023,10676.930204654822,-1.9462200725683942e-05,False
20.0,-,5,1,12043.47403,0.04,12038.260602476545,12038.26001247155,-0.0005900049945921637,False
20.0,-,3,2,12072.21255,4.84,12072.173036155753,12072.173036283639,1.2788586900569499e-07,False
20.0,-,2,7,12082.32482,0.04,12082.13031971635,12082.130315852948,-3.863402525894344e-06,False
20.0,-,2,7,12142.03909,0.04,12140.421275992858,12140.420658737119,-0.0006172557386889821,False
20.0,-,2,8,13466.37205,0.81,13466.680621183194,13466.680661066937,3.9883743738755584e-05,False
20.0,-,2,8,13529.442,0.36,13529.654948427744,13529.654953762854,5.335110472515225e-06,False
20.0,-,2,8,13593.57191,0.64,13593.351531646354,13593.35145689881,-7.474754420400131e-05,False
20.0,-,3,3,13600.53596,2.56,13600.486652661417,13600.48665343758,7.76162778493017e-07,False
20.0,-,2,9,14891.96032,0.03,14891.84892792055,14891.848921839031,-6.081518222345039e-06,False
20.0,-,2,9,14953.70665,0.0181,14953.792700570659,14953.792699417903,-1.1527554306667298e-06,False
20.0,-,2,9,15017.6736,0.0133,15017.589196544088,15017.589208982983,1.2438895282684825e-05,False
20.0,-,3,4,15104.47212,1.21,15104.431933533537,15104.43193419046,6.569225661223754e-07,False
20.0,-,3,5,16583.94075,0.36,16583.953569414636,16583.95357079207,1.377433363813907e-06,False
20.0,-,3,6,18038.85828,0.01,18038.909002899913,18038.909005447444,2.547531039454043e-06,False
20.0,-,3,7,19469.16887,0.04,19469.258081710348,19469.258082978424,1.26807572087273e-06,False
21.0,+,4,0,6934.76346,576.0,6934.648943245368,6934.64894311886,-1.26507984532509e-07,False
21.0,+,4,1,8375.35611,3.61,8375.224777072177,8375.224776847574,-2.2460335458163172e-07,False
21.0,+,4,2,9793.77699,2.56,9793.681585751741,9793.681585643344,-1.0839721653610468e-07,False
21.0,+,4,3,11190.08411,2.89,11190.000788711164,11190.000788468591,-2.4257315089926124e-07,False
21.0,+,7,0,12530.08565,25.0,12530.07484928835,12530.074850617422,1.3290718925418332e-06,False
21.0,+,4,4,12564.38285,1.96,12564.270431255585,12564.270431105737,-1.4984834706410766e-07,False
21.0,+,7,1,13906.83977,0.16,13906.817224179433,13906.817224077322,-1.021107891574502e-07,False
21.0,+,4,5,13916.73857,1.44,13916.596974548509,13916.596974387608,-1.6090052668005228e-07,False
21.0,+,4,6,15247.22693,0.49,15247.093844596826,15247.093844342013,-2.548131305957213e-07,False
21.0,+,7,2,15260.71237,0.36,15260.700561621155,15260.700561718899,9.77433955995366e-08,False
21.0,+,4,7,16555.90707,0.49,16555.8823787486,16555.882378603023,-1.4557735994458199e-07,False
21.0,+,7,3,16591.76545,0.81,16591.740964432884,16591.740964206787,-2.2609674488194287e-07,False
21.0,+,4,8,17843.04741,0.01,17843.079482780555,17843.0794825681,-2.1245432435534894e-07,False
21.0,+,7,4,17900.06227,0.36,17900.036528707195,17900.03652735076,-1.3564349501393735e-06,False
21.0,+,7,5,19185.66596,0.25,19185.660673246515,19185.660671558813,-1.6877020243555307e-06,False
21.0,+,7,6,20448.62838,0.16,20448.62139810158,20448.62139314079,-4.960787919117138e-06,False
21.0,+,6,0,20721.97829,225.0,20722.005886589835,20722.005887036903,4.470675776246935e-07,False
21.0,+,6,0,20797.70566,196.0,20797.753880978784,20797.753883493882,2.5150984583888203e-06,False
21.0,+,6,0,20875.50338,169.0,20875.474507755473,20875.474510065404,2.309931005584076e-06,False
21.0,+,7,7,21689.05221,0.36,21689.034580999254,21689.03458081206,-1.8719583749771118e-07,False
21.0,+,6,1,22467.17312,0.81,22467.18562018826,22467.185619318152,-8.701063052285463e-07,False
21.0,+,6,1,22542.0391,1.0,22542.065965185848,22542.065965128688,-5.7159923017024994e-08,False
21.0,+,6,1,22618.91582,0.81,22618.870000402483,22618.870001094278,6.91794411977753e-07,False
21.0,+,6,2,24174.6272,0.16,24174.7566070825,24174.7566219683,1.4885798009345308e-05,False
21.0,+,6,2,24248.60485,0.09,24248.807918399776,24248.80791960883,1.209053152706474e-06,False
21.0,+,6,2,24324.4252,0.25,24324.379296347284,24324.379289191904,-7.155380444601178e-06,False
21.0,+,6,3,25840.72361,1.69,25840.76264556467,25840.762639437933,-6.126738298917189e-06,False
21.0,+,6,3,25913.72072,2.56,25913.776705378175,25913.776680338236,-2.5039938918780535e-05,False
21.0,+,6,3,25988.5635,2.25,25988.509497987492,25988.509478153363,-1.9834129489026964e-05,False
21.0,+,6,4,27461.2576,0.36,27461.22091498402,27461.220766691396,-0.0001482926236349158,False
21.0,+,6,4,27533.298,0.04,27533.06172133312,27533.060881880883,-0.0008394522374146618,False
21.0,+,6,4,27606.94197,0.25,27606.944630839393,27606.94468823077,5.739137850468978e-05,False
21.0,+,6,5,29030.52959,0.25,29030.618433516996,29030.618438369485,4.852488928008825e-06,False
21.0,+,6,5,29101.27304,0.09,29101.411326526933,29101.411295975828,-3.055110573768616e-05,False
21.0,+,6,5,29173.7104,0.16,29173.690579191312,29173.69054600799,-3.318332164781168e-05,False
21.0,+,6,6,30541.44901,0.0,30541.50881862581,30541.50877320661,-4.541920134215616e-05,False
21.0,+,6,6,30615.86422,0.0,30616.898572247814,30616.898460064833,-0.00011218298095627688,False
21.0,+,6,6,30682.03822,0.0,30681.85681386156,30681.856739634153,-7.422740600304678e-05,False
21.0,+,6,7,31985.56632,0.04,31985.77695492513,31985.776967973467,1.304833494941704e-05,False
21.0,+,6,7,32053.58892,0.16,32053.835179239933,32053.835171364608,-7.875325536588207e-06,False
21.0,+,6,7,32122.92597,0.04,32122.93395962302,32122.933943606808,-1.6016212612157688e-05,False
21.0,+,6,8,33353.97334,0.16,33354.18367943917,33354.18365408913,-2.5350040232297033e-05,False
21.0,+,6,8,33419.84726,0.09,33419.691056217205,33419.69103205036,-2.4166845832951367e-05,False
21.0,+,6,8,33487.93295,0.09,33487.77965514096,33487.77964892646,-6.214504537638277e-06,False
21.0,+,6,9,34639.95741,0.0059,34639.77761969907,34639.777607320626,-1.2378441169857979e-05,False
21.0,+,6,9,34705.05099,0.0033,34705.22516078176,34705.22515443958,-6.3421830418519676e-06,False
21.0,+,6,9,34769.75583,0.0059,34769.37303205489,34769.373047291374,1.5236480976454914e-05,False
21.0,+,6,10,35841.61329,0.0051,35841.84938236517,35841.84938832447,5.959293048363179e-06,False
21.0,+,6,10,35904.13091,0.0028,35904.184012345664,35904.1840099426,-2.403066901024431e-06,False
21.0,+,6,10,35970.4174,0.0028,35967.51196777674,35967.511961213946,-6.562797352671623e-06,False
21.0,-,2,0,1292.25413,625.0,1292.253639911155,1292.253641862002,1.950847035914194e-06,False
21.0,-,2,0,1362.23781,484.0,1362.231262685337,1362.231264629467,1.94412996279425e-06,False
21.0,-,2,0,1435.86995,576.0,1435.87597746285,1435.875979404942,1.942092012541252e-06,False
21.0,-,2,1,2903.29829,8.41,2903.283943623582,2903.28394356138,-6.220216164365411e-08,False
21.0,-,2,1,2972.58344,4.41,2972.561418900781,2972.56141869228,-2.085012056340929e-07,False
21.0,-,2,1,3045.51229,10.24,3045.504366274656,3045.504366218175,-5.64809852221515e-08,False
21.0,-,2,2,4490.9977,7.29,4491.022706200333,4491.02270683701,6.3667721406091e-07,False
21.0,-,2,2,4559.57693,5.76,4559.590969051563,4559.590969071299,1.9736035028472543e-08,False
21.0,-,2,2,4631.80607,5.29,4631.836883509413,4631.836884109247,5.998335836920887e-07,False
21.0,-,2,3,6055.35276,2.56,6055.330956429322,6055.330957027365,5.980427886242978e-07,False
21.0,-,2,3,6123.19969,1.96,6123.180173120951,6123.180172289093,-8.318575055454858e-07,False
21.0,-,2,3,6194.7324,2.89,6194.74186800354,6194.741868577037,5.7349734561285e-07,False
21.0,-,2,4,7596.34602,2.25,7596.303073219663,7596.303073358609,1.3894623407395557e-07,False
21.0,-,2,4,7663.38429,1.44,7663.411286686366,7663.411283803778,-2.882587978092488e-06,False
21.0,-,2,4,7734.30751,1.0,7734.311018221527,7734.311018257224,3.569675754988566e-08,False
21.0,-,3,0,9009.91236,1024.0,9009.935978491425,9009.935980790146,2.298720573890023e-06,False
21.0,-,2,5,9113.94451,0.81,9113.962665902165,9113.962667103515,1.2013497325824574e-06,False
21.0,-,2,5,9180.21947,1.44,9180.254683977968,9180.254678260419,-5.717549356631935e-06,False
21.0,-,2,5,9250.49472,1.44,9250.567107825385,9250.567108831057,1.0056719474960119e-06,False
21.0,-,3,1,10586.08361,9.0,10586.098919385193,10586.09892058491,1.1997162800980732e-06,False
21.0,-,2,6,10608.20934,1.0,10608.268489856095,10608.268489559578,-2.9651710065081716e-07,False
21.0,-,2,6,10674.00221,1.0,10674.04303318221,10674.043029187807,-3.994402504758909e-06,False
21.0,-,2,6,10743.33538,1.21,10743.466438615698,10743.466438394926,-2.2077256289776415e-07,False
21.0,-,2,7,12078.90112,0.04,12079.165734160102,12079.165745932296,1.1772193829528987e-05,False
21.0,-,3,2,12137.97212,6.25,12138.014567928418,12138.014588474482,2.0546063751680776e-05,False
21.0,-,2,7,12138.4221,0.04,12139.055816248048,12139.055665740434,-0.0001505076143075712,False
21.0,-,5,1,12192.07981,0.09,12191.462280318434,12191.462430816846,0.00015049841204017866,False
21.0,-,2,7,12213.52608,0.04,12213.000588368704,12213.000546934434,-4.143427031522151e-05,False
21.0,-,2,8,13526.513,0.36,13526.669129861626,13526.66913209968,2.2380536393029615e-06,False
21.0,-,2,8,13590.53083,0.81,13590.582766351736,13590.582750645335,-1.5706400517956354e-05,False
21.0,-,2,8,13658.92657,0.16,13659.047491325107,13659.047493613349,2.2882413759361953e-06,False
21.0,-,3,3,13665.59083,1.96,13665.625678343162,13665.625680282628,1.939466528710909e-06,False
21.0,-,2,9,14950.73683,0.0181,14950.781715390685,14950.781714213594,-1.1770916898967698e-06,False
21.0,-,2,9,15014.63636,0.0133,15014.639710996858,15014.639713673076,2.676217263797298e-06,False
21.0,-,2,9,15081.56101,0.0133,15081.746559437952,15081.746558705527,-7.324251782847568e-07,False
21.0,-,3,4,15168.80218,2.56,15168.847419075062,15168.84741973938,6.643185770371929e-07,False
21.0,-,3,5,16647.55083,0.36,16647.64237847229,16647.64237979541,1.3231183402240276e-06,False
21.0,-,3,6,18101.77809,0.04,18101.961115015267,18101.961111174714,-3.840552381007001e-06,False
22.0,+,1,0,914.61873,484.0,914.618221822864,914.618221808404,-1.4460056263487786e-08,False
22.0,+,1,1,2732.87795,84.84,2732.87733483992,2732.877334972288,1.3236785889603198e-07,False
22.0,+,1,2,4522.68405,6.25,4522.742261062834,4522.742261653124,5.902902557863854e-07,False
22.0,+,1,3,6283.07791,2.56,6283.186021651503,6283.186023030838,1.379335117235314e-06,False
22.0,+,4,0,6934.58717,361.0,6934.650423637248,6934.650423510275,-1.2697364581981674e-07,False
22.0,+,4,0,7068.22284,196.0,7068.22337745718,7068.223377331888,-1.252919901162386e-07,False
22.0,+,1,4,8012.84558,1.0,8013.01739884964,8013.017400392509,1.5428695405717008e-06,False
22.0,+,4,1,8375.1834,1.96,8375.22929352656,8375.229293300694,-2.2586573322769254e-07,False
22.0,+,4,1,8507.35212,1.44,8507.325519261622,8507.325519036956,-2.2466520022135228e-07,False
22.0,+,1,5,9710.33902,0.09,9710.63922805881,9710.6392290568,9.979903552448377e-07,False
22.0,+,4,2,9793.61148,3.24,9793.695815977413,9793.695815845154,-1.3225871953181922e-07,False
22.0,+,4,2,9924.29827,2.56,9924.309459870785,9924.309459756429,-1.143562258221209e-07,False
22.0,+,4,3,11189.89506,2.25,11190.00006876159,11190.000068522859,-2.387314452789724e-07,False
22.0,+,4,3,11319.12256,2.56,11319.142858352403,11319.142858105251,-2.4715154722798616e-07,False
22.0,+,4,4,12564.19521,1.69,12564.273020065202,12564.273019927678,-1.3752469385508448e-07,False
22.0,+,7,0,12593.84869,25.0,12593.837749409731,12593.837750736548,1.3268163456814364e-06,False
22.0,+,4,4,12691.94924,1.69,12691.946075434433,12691.946075261987,-1.7244565242435783e-07,False
22.0,+,4,5,13916.53606,1.96,13916.600506955174,13916.600506836092,-1.1908196029253304e-07,False
22.0,+,7,1,13969.85913,0.25,13969.835013463104,13969.835013367001,-9.610266715753824e-08,False
22.0,+,4,5,14042.81888,1.96,14042.799593762105,14042.799593557069,-2.0503648556768894e-07,False
22.0,+,4,6,15247.03645,0.49,15247.097796244812,15247.097796086646,-1.5816658560652286e-07,False
22.0,+,7,2,15322.99234,0.36,15322.973627934978,15322.97362802799,9.301220416091383e-08,False
22.0,+,4,6,15371.84578,0.49,15371.82346878512,15371.823468413733,-3.713867045007646e-07,False
22.0,+,8,0,15941.31383,36.0,15941.30121381602,15941.301213629862,-1.861571945482865e-07,False
22.0,+,4,7,16555.78101,0.16,16555.886614602074,16555.886614652627,5.055335350334644e-08,False
22.0,+,7,3,16653.29927,0.49,16653.270041133324,16653.270040921256,-2.1206869860179722e-07,False
22.0,+,4,7,16679.1324,0.16,16679.139349749534,16679.139349373407,-3.761269908864051e-07,False
22.0,+,8,1,17356.52966,0.36,17356.426850340747,17356.426850165455,-1.752923708409071e-07,False
22.0,+,4,8,17842.87105,0.09,17843.084066443607,17843.084066584757,1.4114993973635137e-07,False
22.0,+,7,4,17960.8491,0.49,17960.821482710464,17960.821481364797,-1.345666532870382e-06,False
22.0,+,4,8,17964.75072,0.04,17964.864082243123,17964.864081641794,-6.013287929818034e-07,False
22.0,+,8,2,18771.63903,0.04,18771.903702087755,18771.903701932137,-1.556181814521551e-07,False
22.0,+,7,5,19245.70523,0.16,19245.701037962906,19245.701036288076,-1.6748308553360403e-06,False
22.0,+,7,6,20507.92248,0.25,20507.918110243772,20507.91810548287,-4.760902811540291e-06,False
22.0,+,6,0,20795.33592,196.0,20795.2875835189,20795.287583790992,2.720917109400034e-07,False
22.0,+,6,0,20873.29844,196.0,20873.28174022535,20873.28174250164,2.276290615554899e-06,False
22.0,+,6,0,20955.24469,169.0,20955.35001280223,20955.35001499824,2.196007699239999e-06,False
22.0,+,7,7,21747.59347,0.25,21747.581832981843,21747.581832808315,-1.7352795111946762e-07,False
22.0,+,6,1,22539.68392,0.49,22539.620190893274,22539.620190112604,-7.806702342350036e-07,False
22.0,+,6,1,22616.71811,1.0,22616.665357394326,22616.665357480306,8.597999112680554e-08,False
22.0,+,6,1,22697.71563,0.64,22697.802607270256,22697.802607689813,4.19557181885466e-07,False
22.0,+,7,8,22964.77053,0.01,22964.65674669476,22964.656748311772,1.6170124581549317e-06,False
22.0,+,6,2,24246.31853,0.04,24246.391096390955,24246.391111192963,1.4802008081460372e-05,False
22.0,+,6,2,24322.26151,0.25,24321.827600700206,24321.827716271127,0.00011557092147995718,False
22.0,+,6,2,24402.35838,0.09,24402.585950602715,24402.58594116714,-9.435574611416087e-06,False
22.0,+,6,3,25911.4378,2.25,25911.383986620418,25911.383980850773,-5.769645213149488e-06,False
22.0,+,6,3,25986.44661,2.25,25986.38559628802,25986.385579017795,-1.72702239069622e-05,False
22.0,+,6,3,26065.36058,1.96,26065.466373280487,26065.46636281478,-1.0465708328410983e-05,False
22.0,+,6,4,27531.30599,0.04,27531.26446709361,27531.26429928263,-0.000167810980201466,False
22.0,+,6,4,27605.11648,0.16,27608.384675648816,27608.386718386573,0.0020427377567102667,False
22.0,+,6,4,27682.79951,0.36,27683.368829244708,27683.368908115874,7.887116589699872e-05,False
22.0,+,6,5,29099.07466,0.09,29099.091738422794,29099.091758657472,2.0234678231645375e-05,False
22.0,+,6,5,29171.63429,0.01,29171.66890787326,29171.668950043557,4.217029709252529e-05,False
22.0,+,6,5,29248.13254,0.09,29248.29739156156,29248.297437457153,4.589559466694482e-05,False
22.0,+,6,6,30615.51639,0.0,30614.59428645058,30614.5941571633,-0.00012928728028782643,False
22.0,+,6,6,30679.91085,0.0,30679.825802462354,30679.82568627456,-0.00011618779535638168,False
22.0,+,6,6,30756.57042,0.0,30758.032887575704,30758.032828325435,-5.925026925979182e-05,False
22.0,+,6,7,32051.49662,0.04,32051.621022931366,32051.621041880386,1.894902015919797e-05,False
22.0,+,6,7,32121.03762,0.16,32121.07261280455,32121.072635794695,2.299014522577636e-05,False
22.0,+,6,7,32194.41265,0.09,32194.696270507826,32194.696273657228,3.149401891278103e-06,False
22.0,+,6,8,33417.63757,0.09,33417.653276559475,33417.653254946745,-2.1612730051856488e-05,False
22.0,+,6,8,33485.88912,0.09,33486.0004721361,33486.000465540084,-6.5960120991803706e-06,False
22.0,+,6,8,33557.02051,0.04,33556.477394985355,33556.47739743375,2.4483961169607937e-06,False
22.0,+,6,9,34703.49796,0.0033,34703.07472826807,34703.07471179339,-1.6474674339406192e-05,False
22.0,+,6,9,34768.17512,0.0059,34767.77413227049,34767.77412908247,-3.1880190363153815e-06,False
22.0,+,6,9,34839.67551,0.0,34838.47239740201,34838.47239415916,-3.242850652895868e-06,False
22.0,+,6,10,35902.30477,0.0051,35902.232748832896,35902.2327486926,-1.4029501471668482e-07,False
22.0,+,6,10,35966.14261,0.0028,35965.951456960785,35965.95144804704,-8.913746569305658e-06,False
22.0,+,6,10,36033.13163,0.0028,36033.25022814634,36033.25021384928,-1.4297060261014849e-05,False
22.0,-,2,0,1360.27066,625.0,1360.265663185876,1360.26566519162,2.0057439087395323e-06,False
22.0,-,2,0,1434.25771,576.0,1434.259195671752,1434.259197639343,1.967591060747509e-06,False
22.0,-,2,0,1510.47637,324.0,1510.47333360551,1510.473335433926,1.828415861382382e-06,False
22.0,-,2,1,2970.58929,4.41,2970.581410822242,2970.581411167705,3.4546292226877995e-07,False
22.0,-,2,1,3043.88585,7.84,3043.872948299256,3043.872948282116,-1.7140337149612606e-08,False
22.0,-,2,1,3119.32907,5.29,3119.300315488698,3119.300314661348,-8.273500498034991e-07,False
22.0,-,2,2,4557.55303,5.29,4557.59670072273,4557.596702734314,2.0115840015932918e-06,False
22.0,-,2,2,4630.16696,8.41,4630.189435308012,4630.189435963963,6.559503162861802e-07,False
22.0,-,2,2,4704.82846,3.61,4704.817088606409,4704.817086485531,-2.1208779799053445e-06,False
22.0,-,2,3,6121.15449,2.25,6121.172982777352,6121.172986719784,3.942431249015499e-06,False
22.0,-,2,3,6193.09493,2.56,6193.077014467081,6193.077015235475,7.683938747504726e-07,False
22.0,-,2,3,6266.95414,2.25,6266.889720423687,6266.88971443705,-5.986637006571982e-06,False
22.0,-,2,4,7661.35656,1.44,7661.395390916689,7661.395398091792,7.175102837209124e-06,False
22.0,-,2,4,7732.68093,1.44,7732.627345929041,7732.62734647023,5.411884558270685e-07,False
22.0,-,2,4,7805.69851,1.0,7805.59305266856,7805.593038805693,-1.3862866580893751e-05,False
22.0,-,3,0,9080.48641,576.0,9080.41495744174,9080.414959739426,2.2976855689194053e-06,False
22.0,-,2,5,9178.07084,1.21,9178.248120863149,9178.248138287578,1.74244287336478e-05,False
22.0,-,2,5,9248.80664,1.0,9248.862935978716,9248.862938303297,2.3245811462402344e-06,False
22.0,-,2,5,9320.9768,1.0,9320.87604521952,9320.87601437442,-3.0845099900034256e-05,False
22.0,-,3,1,10655.90585,4.41,10655.826994346315,10655.826995596888,1.2505734048318118e-06,False
22.0,-,2,6,10671.91824,1.21,10671.967261369,10671.967271159907,9.790906915441155e-06,False
22.0,-,2,6,10741.68827,0.81,10741.74309594612,10741.743096781733,8.356128091691062e-07,False
22.0,-,2,6,10813.26695,1.21,10813.253119964074,10813.253101702949,-1.826112566050142e-05,False
22.0,-,5,1,12193.38447,0.04,12190.131693403766,12190.131369406707,-0.00032399705924035516,False
22.0,-,3,2,12207.05952,4.0,12207.006923123517,12207.006920736354,-2.3871634766692296e-06,False
22.0,-,2,7,12212.07488,0.04,12211.224694825138,12211.224664225292,-3.059984555875417e-05,False
22.0,-,2,7,12278.3215,0.01,12277.360876565772,12277.36045262456,-0.0004239412119204644,False
22.0,-,2,8,13588.23278,0.81,13588.577345342395,13588.577388115698,4.277330299373716e-05,False
22.0,-,2,8,13657.04,0.16,13657.275933781986,13657.275939037816,5.255829819361679e-06,False
22.0,-,2,8,13726.75813,0.49,13726.561453979239,13726.561378831375,-7.514786375395488e-05,False
22.0,-,3,3,13733.89933,1.69,13733.842051855007,13733.842052634674,7.796679710736498e-07,False
22.0,-,2,9,15012.58143,0.0093,15012.440956523404,15012.440948396566,-8.126837201416492e-06,False
22.0,-,2,9,15079.93191,0.0059,15079.956336842959,15079.956335499583,-1.3433764252113178e-06,False
22.0,-,2,9,15152.2714,0.0059,15149.385243164854,15149.385259275217,1.611036350368522e-05,False
22.0,-,3,4,15236.34603,0.64,15236.305139637068,15236.305140261307,6.242389645194635e-07,False
22.0,-,3,5,16714.31613,0.16,16714.338868936684,16714.338870272924,1.3362405297812074e-06,False
22.0,-,3,6,18167.73791,0.01,18167.81224220572,18167.812243857403,1.6516823961865157e-06,False
23.0,+,4,0,7068.34348,441.0,7068.226353435524,7068.226353309872,-1.2565215001814067e-07,False
23.0,+,4,1,8507.46349,1.44,8507.330644017824,8507.330643791873,-2.259512257296592e-07,False
23.0,+,4,2,9924.41433,2.25,9924.31635639419,9924.316356286246,-1.0794428817462176e-07,False
23.0,+,4,3,11319.25436,2.25,11319.165083239715,11319.165082998392,-2.4132350517902523e-07,False
23.0,+,7,0,12660.4838,25.0,12660.472742354188,12660.472743678469,1.3242806744528934e-06,False
23.0,+,4,4,12692.08577,1.96,12691.96442107591,12691.964420923006,-1.529042492620647e-07,False
23.0,+,7,1,14035.72068,0.16,14035.690963798796,14035.690963708947,-8.984898158814758e-08,False
23.0,+,4,5,14042.9436,1.44,14042.82120782509,14042.82120766779,-1.5730074665043503e-07,False
23.0,+,4,6,15371.98211,0.64,15371.848896788544,15371.848896532903,-2.5564077077433467e-07,False
23.0,+,7,2,15388.07406,0.36,15388.050928423272,15388.050928511284,8.801180229056627e-08,False
23.0,+,4,7,16679.24551,0.25,16679.168767607753,16679.16876746009,-1.4766192180104554e-07,False
23.0,+,7,3,16717.60429,0.49,16717.569456335958,16717.5694561385,-1.974585757125169e-07,False
23.0,+,4,8,17964.84312,0.01,17964.897612917186,17964.897612710374,-2.068118192255497e-07,False
23.0,+,7,4,18024.37245,0.36,18024.342877902724,18024.342876568353,-1.3343706086743623e-06,False
23.0,+,7,5,19308.44969,0.16,19308.443883103824,19308.44388144273,-1.661093847360462e-06,False
23.0,+,7,6,20569.88127,0.25,20569.883149384383,20569.88314481256,-4.571822501020506e-06,False
23.0,+,6,0,20871.69421,225.0,20871.726580838404,20871.726581166913,3.285094862803817e-07,False
23.0,+,6,0,20954.19562,169.0,20954.24556410117,20954.245566405923,2.3047541617415845e-06,False
23.0,+,6,0,21038.68528,144.0,21038.65342419659,21038.653426325258,2.1286687115207314e-06,False
23.0,+,7,7,21808.76927,0.25,21808.76344881895,21808.763448659418,-1.595326466485858e-07,False
23.0,+,6,1,22615.14,0.81,22615.15276827106,22615.152767382544,-8.885144779924303e-07,False
23.0,+,6,1,22696.68917,0.81,22696.711521428064,22696.711521309127,-1.1893644114024937e-07,False
23.0,+,6,1,22780.18487,0.36,22780.12687969139,22780.12688039449,7.031012501101941e-07,False
23.0,+,6,2,24320.69469,0.16,24320.821940224847,24320.82194944933,9.224484529113397e-06,False
23.0,+,6,2,24401.34889,0.16,24401.529940980756,24401.52994005548,-9.252762538380921e-07,False
23.0,+,6,2,24483.73254,0.16,24483.616790896973,24483.616783949543,-6.947429938009009e-06,False
23.0,+,6,3,25984.89315,1.69,25984.91463307808,25984.91462551678,-7.561298843938857e-06,False
23.0,+,6,3,26064.38904,1.96,26064.424013240092,26064.42398638647,-2.6853620511246845e-05,False
23.0,+,6,3,26145.65711,1.21,26145.592804460506,26145.592784425782,-2.0034724002471194e-05,False
23.0,+,6,4,27603.24461,0.49,27603.180686658456,27603.180478988383,-0.00020767007299582474,False
23.0,+,6,4,27682.25802,0.25,27682.8802198741,27682.88085811366,0.0006382395622495096,False
23.0,+,6,4,27761.67027,0.49,27761.661863553785,27761.66188794258,2.4388795281993225e-05,False
23.0,+,6,5,29170.17341,0.09,29170.276521811444,29170.276521366708,-4.447356332093477e-07,False
23.0,+,6,5,29247.25897,0.09,29247.34925257998,29247.349216951276,-3.56287055183202e-05,False
23.0,+,6,5,29325.87807,0.16,29325.85421866331,29325.854185081003,-3.358230605954304e-05,False
23.0,+,6,6,30678.32285,0.16,30678.49072899525,30678.4906784379,-5.055734800407663e-05,False
23.0,+,6,6,30755.63434,0.0,30756.857090558235,30756.856959798723,-0.00013075951210339554,False
23.0,+,6,6,30831.26173,0.09,30831.105722788274,30831.105620980594,-0.00010180768003920093,False
23.0,+,6,7,32119.55587,0.09,32119.785711708253,32119.78571891539,7.207137969089672e-06,False
23.0,+,6,7,32193.65741,0.04,32193.86548473958,32193.86547146313,-1.3276450772536919e-05,False
23.0,+,6,7,32268.87589,0.04,32268.908238535194,32268.908220831556,-1.770363815012388e-05,False
23.0,+,6,8,33484.40004,0.04,33484.7887769834,33484.78875165526,-2.532813959987834e-05,False
23.0,+,6,8,33556.04826,0.09,33555.85800544192,33555.85797670425,-2.8737675165757537e-05,False
23.0,+,6,8,33630.2729,0.04,33630.01768012849,33630.01767134049,-8.78800346981734e-06,False
23.0,+,6,9,34766.72178,0.0033,34766.639776823875,34766.639763853236,-1.2970638636033982e-05,False
23.0,+,6,9,34839.13102,0.0033,34837.64524784516,34837.64524057615,-7.269009074661881e-06,False
23.0,+,6,9,34907.86373,0.0059,34907.612715530195,34907.612712714465,-2.815730113070458e-06,False
23.0,+,6,10,35964.72518,0.0051,35964.886324050756,35964.88632977957,5.728812539018691e-06,False
23.0,+,6,10,36033.29743,0.0028,36032.69800641345,36032.69800504485,-1.3686003512702882e-06,False
23.0,+,6,10,36101.88189,0.0028,36101.478992233344,36101.47898762112,-4.6122222556732595e-06,False
23.0,-,2,0,1431.63753,625.0,1431.6372148851,1431.63721682996,1.9448598322924227e-06,False
23.0,-,2,0,1507.75859,400.0,1507.749706793839,1507.74970873335,1.9395108665776206e-06,False
23.0,-,2,0,1587.70848,529.0,1587.71310252745,1587.713104462809,1.935359023264027e-06,False
23.0,-,2,1,3041.25903,7.84,3041.240835434615,3041.240835384513,-5.0101789383916184e-08,False
23.0,-,2,1,3116.60538,6.25,3116.581869465504,3116.581869274839,-1.9066510503762402e-07,False
23.0,-,2,1,3195.79239,6.76,3195.780244810924,3195.780244768705,-4.2219198803650215e-08,False
23.0,-,2,2,4627.53094,9.0,4627.545913337223,4627.54591395291,6.156869858386926e-07,False
23.0,-,2,2,4702.09256,5.29,4702.104694331058,4702.104694341779,1.0720214049797505e-08,False
23.0,-,2,2,4780.5159,6.76,4780.543558265272,4780.543558843317,5.780457286164165e-07,False
23.0,-,2,3,6190.44197,3.24,6190.420852076847,6190.420852691836,6.149894034024328e-07,False
23.0,-,2,3,6264.20942,3.24,6264.185537318777,6264.185536533419,-7.85358679422643e-07,False
23.0,-,2,3,6341.89146,2.25,6341.879542765993,6341.879543361798,5.958045221632347e-07,False
23.0,-,2,4,7729.9873,1.44,7729.957440123063,7729.95744024691,1.238468030351214e-07,False
23.0,-,2,4,7802.92637,1.21,7802.902369324948,7802.902366494212,-2.8307358661550097e-06,False
23.0,-,2,4,7879.86867,1.0,7879.877019817831,7879.877019847676,2.984506863867864e-08,False
23.0,-,3,0,9154.04031,961.0,9154.070527553027,9154.0705298525,2.299473635503091e-06,False
23.0,-,2,5,9246.15227,1.21,9246.178510347761,9246.178511518809,1.171047188108787e-06,False
23.0,-,2,5,9318.17443,0.49,9318.218931843032,9318.218926323938,-5.519093974726275e-06,False
23.0,-,2,5,9394.47942,1.21,9394.557877722418,9394.557878719716,9.972973202820867e-07,False
23.0,-,3,1,10728.67643,8.41,10728.696458054908,10728.69645930667,1.2517612049123272e-06,False
23.0,-,2,6,10738.96258,1.0,10739.041317662577,10739.041317274354,-3.8822327041998506e-07,False
23.0,-,2,6,10810.49912,1.0,10810.539542609165,10810.539539146657,-3.4625081752892584e-06,False
23.0,-,2,6,10885.72951,1.21,10885.876805685353,10885.876805455768,-2.2958556655794382e-07,False
23.0,-,2,7,12208.2589,0.04,12208.493782158093,12208.493790531373,8.373279342777096e-06,False
23.0,-,2,7,12274.98841,0.04,12275.598718838248,12275.598637201963,-8.163628444890492e-05,False
23.0,-,3,2,12279.04054,5.76,12279.084177061532,12279.084177419889,3.5835728340316564e-07,False
23.0,-,2,7,12351.97952,0.001,12353.682485672265,12353.682618178773,0.00013250650772533845,False
23.0,-,5,1,12363.54662,0.001,12360.680124447908,12360.680055566274,-6.888163443363737e-05,False
23.0,-,2,8,13654.34898,0.25,13654.541253139405,13654.54125518686,2.047454472631216e-06,False
23.0,-,2,8,13723.88091,0.36,13723.973692675901,13723.973677938504,-1.4737397577846423e-05,False
23.0,-,2,8,13799.55351,0.25,13798.280536589937,13798.280538742198,2.152261004084721e-06,False
23.0,-,3,3,13805.08979,1.96,13805.131283785548,13805.131285721627,1.936079570441507e-06,False
23.0,-,2,9,15077.11771,0.0093,15077.19843753655,15077.198436207034,-1.3295157259562984e-06,False
23.0,-,2,9,15146.69362,0.0093,15146.607124792963,15146.607128057198,3.264234692323953e-06,False
23.0,-,2,9,15219.16264,0.0093,15219.38532245524,15219.38532164186,-8.133811206789687e-07,False
23.0,-,3,4,15306.73936,2.25,15306.801675074255,15306.801675705578,6.31322109256871e-07,False
23.0,-,3,5,16783.9101,0.36,16784.039221588035,16784.039222858086,1.2700511433649808e-06,False
23.0,-,3,6,18236.5264,0.09,18236.3536848613,18236.3537165263,3.166500027873553e-05,False
24.0,+,1,0,1084.12933,441.0,1084.131618196736,1084.131618179691,-1.704506757960189e-08,False
24.0,+,1,1,2900.67543,84.41,2900.674685299969,2900.674685427368,1.2739883459289558e-07,False
24.0,+,1,2,4688.73231,6.76,4688.80508605795,4688.805086630082,5.721321940654889e-07,False
24.0,+,1,3,6447.33478,1.96,6447.478739777684,6447.478741137887,1.3602029866888188e-06,False
24.0,+,4,0,7068.16347,324.0,7068.228100471778,7068.228100345655,-1.2612326827365905e-07,False
24.0,+,4,0,7213.56728,169.0,7213.559884441053,7213.559884316722,-1.2433156371116638e-07,False
24.0,+,1,4,8175.25804,0.36,8175.48997921703,8175.489980762761,1.5457308109034784e-06,False
24.0,+,4,1,8507.28469,1.96,8507.335972842868,8507.335972615196,-2.2767198970541358e-07,False
24.0,+,4,1,8651.09421,1.96,8651.059478004538,8651.05947777836,-2.2617678041569889e-07,False
24.0,+,1,5,9870.8264,0.04,9871.216005788596,9871.216006826195,1.0375988495070487e-06,False
24.0,+,4,2,9924.26168,2.89,9924.339184339618,9924.339184191527,-1.4809120330028236e-07,False
24.0,+,4,2,10066.44521,1.96,10066.44157042334,10066.441570308281,-1.150583557318896e-07,False
24.0,+,4,3,11319.05746,2.89,11319.165262001277,11319.165261763563,-2.3771463020239025e-07,False
24.0,+,4,3,11459.66675,2.25,11459.674508313241,11459.674508066915,-2.4632572603877634e-07,False
24.0,+,1,6,11531.93371,0.01,11532.542504550742,11532.542504752882,2.0214065443724394e-07,False
24.0,+,4,4,12691.87864,1.96,12691.967812927194,12691.967812787427,-1.3976750778965652e-07,False
24.0,+,7,0,12729.98617,25.0,12729.976334405872,12729.976335727602,1.3217304513091221e-06,False
24.0,+,4,4,12830.88411,1.96,12830.874735902446,12830.874735726142,-1.763037289492786e-07,False
24.0,+,4,5,14042.74842,1.44,14042.82571372484,14042.825713611594,-1.1324664228595793e-07,False
24.0,+,7,1,14104.41296,0.09,14104.38157388414,14104.381573800987,-8.315328159369528e-08,False
24.0,+,4,5,14180.17187,1.96,14180.12752404994,14180.12752384702,-2.0291918190196157e-07,False
24.0,+,4,6,15371.78776,0.64,15371.853989385643,15371.853989232633,-1.5300975064747036e-07,False
24.0,+,7,2,15455.9556,0.36,15455.928948948973,15455.92894903172,8.274764695670456e-08,False
24.0,+,4,6,15507.5743,0.49,15507.551313545533,15507.551313169222,-3.7631070881616324e-07,False
24.0,+,8,0,16079.30788,36.0,16079.303739994852,16079.303739808676,-1.8617538444232196e-07,False
24.0,+,4,7,16679.02523,0.25,16679.17430072214,16679.174300782768,6.06269168201834e-08,False
24.0,+,7,3,16784.67636,0.64,16784.63568408814,16784.635683905522,-1.826192601583898e-07,False
24.0,+,4,7,16813.1823,0.16,16813.267675187246,16813.267674797786,-3.8946018321439624e-07,False
24.0,+,8,1,17493.55175,0.36,17493.450080362123,17493.45008018649,-1.7563434084877372e-07,False
24.0,+,4,8,17964.66721,0.09,17964.903641920668,17964.90364209088,1.7021375242620707e-07,False
24.0,+,7,4,18090.62731,0.49,18090.597157189648,18090.59715586736,-1.3222888810560107e-06,False
24.0,+,4,8,18097.24085,0.04,18097.393328737508,18097.393328122114,-6.1539321905002e-07,False
24.0,+,8,2,18907.84511,0.09,18908.12629845904,18908.126298303603,-1.5543628251180053e-07,False
24.0,+,7,5,19373.88208,0.09,19373.885672061802,19373.8856704141,-1.6477024473715574e-06,False
24.0,+,7,6,20634.5002,0.25,20634.512988566516,20634.512984174846,-4.391669790493324e-06,False
24.0,+,6,0,20952.00978,196.0,20951.953113225598,20951.953113377396,1.5179830370470881e-07,False
24.0,+,6,0,21036.61124,169.0,21036.597601107507,21036.5976031679,2.060391125269234e-06,False
24.0,+,6,0,21125.40113,169.0,21125.51398158058,21125.513983598725,2.018143277382478e-06,False
24.0,+,7,7,21872.58039,0.16,21872.57585714655,21872.575857002266,-1.4428223948925734e-07,False
24.0,+,6,1,22694.51623,0.49,22694.44280015421,22694.442799435074,-7.191374606918544e-07,False
24.0,+,6,1,22778.11568,0.64,22778.057871397243,22778.057871351524,-4.5718479668721557e-08,False
24.0,+,6,1,22865.86548,0.36,22865.940195502513,22865.94019550381,1.2951204553246498e-09,False
24.0,+,7,8,23088.11335,0.01,23088.053755603687,23088.053757462167,1.858479663496837e-06,False
24.0,+,6,2,24399.27698,0.49,24399.25801161293,24399.25802326628,1.1653351975837722e-05,False
24.0,+,6,2,24481.66995,0.64,24481.8302143508,24481.830176580897,-3.776990342885256e-05,False
24.0,+,6,2,24568.40439,0.09,24568.643273794132,24568.643267873813,-5.9203193814028054e-06,False
24.0,+,6,3,26062.266,2.25,26062.206596936863,26062.206590487764,-6.449099601013586e-06,False
24.0,+,6,3,26143.6722,2.25,26143.60449353486,26143.604475529264,-1.80055940290913e-05,False
24.0,+,6,3,26229.14746,1.69,26229.235442209632,26229.23543112159,-1.1088042811024934e-05,False
24.0,+,6,4,27679.86198,0.01,27679.76270208232,27679.762428773112,-0.00027330920784152113,False
24.0,+,6,4,27759.85953,0.16,27760.02029212645,27760.02066381108,0.00037168462949921377,False
24.0,+,6,4,27844.77451,0.09,27844.710088087148,27844.710145537014,5.7449866289971396e-05,False
24.0,+,6,5,29245.17995,0.09,29245.20065759671,29245.200674356252,1.6759542631916702e-05,False
24.0,+,6,5,29323.98798,0.09,29323.966865923914,29323.966908979735,4.305582115193829e-05,False
24.0,+,6,5,29406.77067,0.01,29406.917097698104,29406.91715595388,5.825577682117e-05,False
24.0,+,6,6,30752.40537,0.0,30754.590949058824,30754.590857155672,-9.190315176965669e-05,False
24.0,+,6,6,30829.3809,0.0,30829.33410736896,30829.333970620348,-0.00013674861111212522,False
24.0,+,6,6,30911.70553,0.0,30912.717510550723,30912.717393132116,-0.00011741860726033337,False
24.0,+,6,7,32191.903,0.01,32191.814238969593,32191.814252914668,1.3945074897492304e-05,False
24.0,+,6,7,32267.11988,0.04,32267.178175793466,32267.178194330405,1.853693902376108e-05,False
24.0,+,6,7,32347.12051,0.01,32346.857749039133,32346.857760763214,1.17240815598052e-05,False
24.0,+,6,8,33554.321,0.04,33554.00700513731,33554.00698169385,-2.3443462850991637e-05,False
24.0,+,6,8,33628.17765,0.04,33628.36885345816,33628.36884469078,-8.76737612998113e-06,False
24.0,+,6,8,33706.54152,0.04,33704.18399702826,33704.183991816884,-5.211375537328422e-06,False
24.0,+,6,9,34836.31836,0.0,34835.67463657273,34835.6746196121,-1.696062827249989e-05,False
24.0,+,6,9,34906.35888,0.0,34906.0226584324,34906.02265665783,-1.7745696823112667e-06,False
24.0,+,6,9,34983.12052,0.0,34982.337496801054,34982.33749307797,-3.7230856833048165e-06,False
24.0,+,6,10,36031.05371,0.0051,36030.895776543686,36030.89577621965,-3.2403477234765887e-07,False
24.0,+,6,10,36100.30162,0.0051,36100.04207137381,36100.04206453918,-6.83463440509513e-06,False
24.0,+,6,10,36171.63964,0.0051,36172.82690273477,36172.82689045739,-1.2277378118596971e-05,False
24.0,-,2,0,1506.01885,361.0,1506.013044011379,1506.013046015634,2.00425506591273e-06,False
24.0,-,2,0,1586.24424,676.0,1586.246798482055,1586.24680044367,1.9616149984358344e-06,False
24.0,-,2,0,1668.68194,289.0,1668.67190356122,1668.671905379511,1.8182909116148949e-06,False
24.0,-,2,1,3114.83853,4.0,3114.832218925557,3114.832219322435,3.9687802200205624e-07,False
24.0,-,2,1,3194.31376,7.84,3194.299937223991,3194.299937221653,-2.337856130907312e-09,False
24.0,-,2,1,3275.90116,4.41,3275.866555615499,3275.866554778087,-8.37411789689213e-07,False
24.0,-,2,2,4700.30183,4.84,4700.342461431827,4700.34246356215,2.1303230823832564e-06,False
24.0,-,2,2,4779.02446,9.0,4779.047941880781,4779.047942515916,6.351347110467032e-07,False
24.0,-,2,2,4859.76129,3.61,4859.741264330084,4859.741262084442,-2.245642463094555e-06,False
24.0,-,2,3,6262.38872,2.56,6262.412387051954,6262.412391357199,4.305245056457352e-06,False
24.0,-,2,3,6340.36206,2.89,6340.367331853947,6340.367332646546,7.925991667434573e-07,False
24.0,-,2,3,6420.24925,2.25,6420.169911188913,6420.169904966496,-6.222417141543701e-06,False
24.0,-,2,4,7801.07332,1.44,7801.122988371407,7801.122996246962,7.875555638747755e-06,False
24.0,-,2,4,7878.44871,1.0,7878.346890668578,7878.346891207018,5.384399628383107e-07,False
24.0,-,2,4,7957.28645,0.64,7957.222654029813,7957.222639642261,-1.438755225535715e-05,False
24.0,-,3,0,9230.9811,484.0,9230.898976144159,9230.898978442205,2.2980457288213074e-06,False
24.0,-,2,5,9316.23694,0.64,9316.452113675894,9316.452132548253,1.887235885078553e-05,False
24.0,-,2,5,9392.92534,0.81,9393.008264587368,9393.00826690634,2.318971382919699e-06,False
24.0,-,2,5,9470.94463,0.81,9470.84217827869,9470.842146567575,-3.171111529809423e-05,False
24.0,-,3,1,10804.79702,4.0,10804.705504503596,10804.705505752081,1.2484852049965411e-06,False
24.0,-,2,6,10808.65003,1.0,10808.698332651398,10808.698342343685,9.69228676694911e-06,False
24.0,-,2,6,10884.28541,0.25,10884.309235857523,10884.309236570873,7.133494364097714e-07,False
24.0,-,2,6,10961.63689,1.21,10961.636665151897,10961.636648899317,-1.625257937121205e-05,False
24.0,-,2,7,12272.09837,0.04,12274.626198471135,12274.626452119435,0.00025364830071339384,False
24.0,-,2,7,12350.40104,0.01,12352.12806780789,12352.12819196793,0.00012416004028636962,False
24.0,-,3,2,12354.33454,3.24,12354.254842112803,12354.254856653031,1.454022822144907e-05,False
24.0,-,5,1,12364.863,0.01,12359.803280052365,12359.802893789563,-0.0003862628018396208,False
24.0,-,2,7,12425.66211,0.01,12425.02957382574,12425.029252092476,-0.0003217332632630132,False
24.0,-,2,8,13721.73161,0.16,13722.210928600409,13722.210973627436,4.502702722675167e-05,False
24.0,-,2,8,13798.07702,0.001,13796.667138372273,13796.667143475137,5.102863724459894e-06,False
24.0,-,2,8,13871.68173,0.25,13871.55712536907,13871.557050365083,-7.500398714910261e-05,False
24.0,-,3,3,13879.55635,1.21,13879.490716259841,13879.49071714443,8.845890988595784e-07,False
24.0,-,2,9,15144.80296,0.0133,15144.641675941259,15144.641665224162,-1.0717096301959828e-05,False
24.0,-,2,9,15217.68541,0.0093,15217.754446252799,15217.754444682943,-1.5698551578680053e-06,False
24.0,-,2,9,15292.83589,0.0093,15292.841829234605,15292.841849871611,2.0637005945900455e-05,False
24.0,-,3,4,15380.37191,0.64,15380.333276298421,15380.333276888266,5.898455128772184e-07,False
24.0,-,3,5,16856.67235,0.09,16856.740127779587,16856.74012906661,1.2870223145000637e-06,False
24.0,-,3,6,18308.47478,0.01,18308.586145461453,18308.58614626549,8.040369721129537e-07,False
25.0,+,4,0,7213.67691,256.0,7213.562900596474,7213.562900471738,-1.2473537935875356e-07,False
25.0,+,4,1,8651.20146,2.56,8651.064707806474,8651.064707579108,-2.2736639948561788e-07,False
25.0,+,4,2,10066.54173,1.96,10066.448364225478,10066.448364117945,-1.075331965694204e-07,False
25.0,+,4,3,11459.78922,2.56,11459.695718625562,11459.695718385785,-2.3977736418601125e-07,False
25.0,+,7,0,12802.35456,25.0,12802.34488034317,12802.344881661977,1.318807335337624e-06,False
25.0,+,4,4,12830.99523,1.69,12830.893878863539,12830.893878707113,-1.5642581274732947e-07,False
25.0,+,7,1,14175.93724,0.16,14175.903188507917,14175.903188431708,-7.62083800509572e-08,False
25.0,+,4,5,14180.26877,1.0,14180.150091714551,14180.150091561165,-1.5338628145400435e-07,False
25.0,+,4,6,15507.67034,0.36,15507.577849193218,15507.57784893691,-2.56308339885436e-07,False
25.0,+,7,2,15526.63478,0.36,15526.60402639092,15526.604026468112,7.719245331827551e-08,False
25.0,+,4,7,16813.34195,0.36,16813.298362080273,16813.298361929927,-1.5034675016067922e-07,False
25.0,+,7,3,16854.50563,0.64,16854.465051347674,16854.465051180567,-1.6710691852495074e-07,False
25.0,+,4,8,18097.35445,0.01,18097.428300595824,18097.428300394957,-2.0086736185476184e-07,False
25.0,+,7,4,18159.61558,0.36,18159.580651801454,18159.580650491822,-1.3096323527861387e-06,False
25.0,+,7,5,19442.02559,0.16,19442.022689395737,19442.022687762204,-1.6335325199179351e-06,False
25.0,+,7,6,20701.79296,0.25,20701.803882016648,20701.80387779524,-4.221408744342625e-06,False
25.0,+,6,0,21035.18735,144.0,21035.216136107578,21035.216136327315,2.1973755792714655e-07,False
25.0,+,6,0,21124.47639,144.0,21124.527453452585,21124.52745554996,2.0973748178221285e-06,False
25.0,+,6,0,21215.65775,121.0,21215.62019524622,21215.62019720729,1.9610670278780162e-06,False
25.0,+,7,7,21939.01316,0.09,21939.01531522987,21939.015315101962,-1.2790769687853754e-07,False
25.0,+,6,1,22776.71131,0.64,22776.722629497268,22776.722628580876,-9.163923095911741e-07,False
25.0,+,6,1,22864.96737,0.36,22864.96931066583,22864.969310441673,-2.2415770217776299e-07,False
25.0,+,6,1,22955.08166,0.25,22955.00353607605,22955.003536798205,7.221569831017405e-07,False
25.0,+,6,2,24480.2864,0.64,24480.339680882906,24480.339686773204,5.890298780286685e-06,False
25.0,+,6,2,24567.55226,0.25,24567.705189066393,24567.705186656276,-2.4101173039525747e-06,False
25.0,+,6,2,24656.43633,0.25,24656.300139651423,24656.300132920514,-6.730908353347331e-06,False
25.0,+,6,3,26142.27159,1.96,26142.307468991523,26142.307460076077,-8.91544550540857e-06,False
25.0,+,6,3,26228.27926,0.81,26228.31338149095,26228.313352656787,-2.8834161639679223e-05,False
25.0,+,6,3,26316.01012,1.69,26315.931551832826,26315.93153134279,-2.0490035240072757e-05,False
25.0,+,6,4,27758.24037,0.04,27758.016077118446,27758.015643482035,-0.0004336364108894486,False
25.0,+,6,4,27843.64622,0.04,27843.954139702528,27843.954341480105,0.00020177757687633857,False
25.0,+,6,4,27929.46577,0.25,27929.444563398516,27929.444573627603,1.0229086910840124e-05,False
25.0,+,6,5,29322.64334,0.16,29322.743509160126,29322.743503784928,-5.375197360990569e-06,False
25.0,+,6,5,29406.06249,0.09,29406.09041715761,29406.090376158834,-4.099877696717158e-05,False
25.0,+,6,5,29490.81274,0.04,29490.835475203992,29490.835440734525,-3.4469467209419236e-05,False
25.0,+,6,6,30828.49319,0.01,30828.18121588794,30828.181150787546,-6.510039384011179e-05,False
25.0,+,6,6,30911.1474,0.01,30911.74546542636,30911.745295863024,-0.00016956333638518117,False
25.0,+,6,6,30993.0565,0.01,30992.843790363233,30992.843531205643,-0.000259157590335235,False
25.0,+,6,7,32265.82313,0.04,32266.0521826068,32266.052185042852,2.4360524548683316e-06,False
25.0,+,6,7,32346.45223,0.01,32346.143597756913,32346.14357928921,-1.846770101110451e-05,False
25.0,+,6,7,32427.04285,0.01,32427.137998399587,32427.1379788816,-1.9517985492711887e-05,False
25.0,+,6,8,33627.28703,0.04,33627.316618834506,33627.31659319728,-2.5637222279328853e-05,False
25.0,+,6,8,33705.31141,0.04,33703.728131705364,33703.72809463001,-3.707535506691784e-05,False
25.0,+,6,8,33781.92589,0.04,33784.164070773324,33784.1640588176,-1.195572258438915e-05,False
25.0,+,6,9,34904.99962,0.0059,34905.06617680331,34905.06616290444,-1.3898868928663433e-05,False
25.0,+,6,9,34983.15702,0.0,34981.247320938965,34981.247319571325,-1.367639924865216e-06,False
25.0,+,6,9,35057.82174,0.0059,35057.307589413846,35057.307587565025,-1.8488208297640085e-06,False
25.0,+,6,10,36098.90796,0.0051,36099.1225382574,36099.12254363487,5.377471097745001e-06,False
25.0,+,6,10,36172.39242,0.0051,36172.387879115406,36172.38787856647,-5.489346222020686e-07,False
25.0,+,6,10,36246.94089,0.0051,36246.627279157365,36246.627276321684,-2.835680788848549e-06,False
25.0,-,2,0,1583.82819,484.0,1583.826108198119,1583.826110135858,1.9377389435248915e-06,False
25.0,-,2,0,1666.09953,289.0,1666.094442398301,1666.094444332226,1.9339249774930067e-06,False
25.0,-,2,0,1752.37839,441.0,1752.383357313199,1752.383359240658,1.927458924910752e-06,False
25.0,-,2,1,3191.88841,7.84,3191.869937720602,3191.869937683905,-3.669720172183588e-08,False
25.0,-,2,1,3273.31202,5.76,3273.29537820422,3273.295378033472,-1.7074808056349866e-07,False
25.0,-,2,1,3358.77183,6.76,3358.756329008678,3358.756328982214,-2.646402208483778e-08,False
25.0,-,2,2,4776.59305,8.41,4776.607469739723,4776.607470331963,5.922402124269865e-07,False
25.0,-,2,2,4857.16329,4.41,4857.177446065902,4857.177446066678,7.767084753140807e-10,False
25.0,-,2,2,4941.79726,5.29,4941.81677600519,4941.816776558981,5.537904144148342e-07,False
25.0,-,2,3,6337.93861,2.25,6337.91526535337,6337.915265986205,6.328345989459194e-07,False
25.0,-,2,3,6417.63184,4.0,6417.61587903143,6417.615878296461,-7.349690349656157e-07,False
25.0,-,2,3,6501.45545,2.56,6501.450159757011,6501.450160375457,6.184463927638717e-07,False
25.0,-,2,4,7875.91472,1.44,7875.882229305725,7875.882229414046,1.0832172847585753e-07,False
25.0,-,2,4,7954.68002,1.0,7954.684080491416,7954.684077718304,-2.7731121008400805e-06,False
25.0,-,2,4,8037.73499,0.64,8037.742119672658,8037.74211969556,2.2901986085344106e-08,False
25.0,-,3,0,9310.85951,961.0,9310.896660271103,9310.89666257072,2.299617335665971e-06,False
25.0,-,2,5,9390.49031,1.21,9390.530312801626,9390.530313939984,1.1383581295376644e-06,False
25.0,-,2,5,9468.27328,0.64,9468.33959985826,9468.339594545743,-5.312516805133782e-06,False
25.0,-,2,5,9550.63353,0.64,9550.713543703305,9550.713544686841,9.835366654442623e-07,False
25.0,-,2,6,10881.731,1.0,10881.815189183057,10881.815188656275,-5.267811502562836e-07,False
25.0,-,3,1,10883.82463,8.41,10883.848776222381,10883.848777566252,1.3438711903290823e-06,False
25.0,-,2,6,10959.03065,1.0,10959.069951748172,10959.069948909795,-2.838376531144604e-06,False
25.0,-,2,6,11040.70851,0.36,11040.31741346273,11040.317413218614,-2.441156539134681e-07,False
25.0,-,2,7,12349.471,0.01,12349.685931540518,12349.6859378671,6.326581569737755e-06,False
25.0,-,2,7,12422.5712,0.01,12423.164838593471,12423.16477921435,-5.93791210121708e-05,False
25.0,-,3,2,12432.50524,5.29,12432.55024188702,12432.550243946356,2.0593361114151776e-06,False
25.0,-,2,7,12505.88146,0.01,12506.490806759404,12506.49083045344,2.3694035917287692e-05,False
25.0,-,2,8,13794.27037,0.25,13794.1430735513,13794.143075404687,1.8533864931669086e-06,False
25.0,-,2,8,13868.94489,0.25,13869.123272280514,13869.123258516447,-1.3764067261945456e-05,False
25.0,-,2,8,13950.16653,0.36,13949.273127287444,13949.27312928175,1.9943054212490097e-06,False
25.0,-,3,3,13956.8612,1.96,13956.915606972367,13956.915608913547,1.9411800167290494e-06,False
25.0,-,2,9,15215.23571,0.0059,15215.208808893047,15215.208807386864,-1.5061832527862862e-06,False
25.0,-,2,9,15290.22462,0.0059,15290.207401770642,15290.207405719959,3.949317033402622e-06,False
25.0,-,2,9,15366.92464,0.0059,15368.647905335578,15368.647904429645,-9.059331205207855e-07,False
25.0,-,3,4,15456.81733,1.96,15456.896214576775,15456.89621517271,5.9593548940029e-07,False
25.0,-,3,5,16932.26357,0.09,16932.4372878921,16932.437289098718,1.2066193448845297e-06,False
25.0,-,3,6,18383.12712,0.04,18383.353307855927,18383.35331484114,6.985213985899463e-06,False
26.0,+,1,0,1267.92832,400.0,1267.931460070269,1267.93146005046,-1.980902197828982e-08,False
26.0,+,1,1,3082.61141,84.84,3082.611419111329,3082.61141923347,1.2214104572194628e-07,False
26.0,+,1,2,4868.76958,7.29,4868.858259673692,4868.858260226458,5.527654138859361e-07,False
26.0,+,1,3,6625.42946,1.69,6625.609335646237,6625.609336985353,1.3391163520282134e-06,False
26.0,+,4,0,7213.4991,324.0,7213.564924783008,7213.564924657781,-1.2522650649771094e-07,False
26.0,+,4,0,7370.63613,121.0,7370.626373351714,7370.626373228381,-1.233329385286197e-07,False
26.0,+,1,4,8351.35141,0.49,8351.643046796085,8351.64304834428,1.5481946320505813e-06,False
26.0,+,4,1,8651.02776,1.69,8651.070978189855,8651.07097796003,-2.2982567315921187e-07,False
26.0,+,4,1,8806.43214,1.96,8806.392469889679,8806.392469661903,-2.277756721014157e-07,False
26.0,+,1,5,10044.76437,0.04,10045.283538712483,10045.283539841246,1.12876296043396e-06,False
26.0,+,4,2,10066.45498,2.89,10066.505610762975,10066.5056105492,-2.1377491066232324e-07,False
26.0,+,4,2,10220.05724,2.25,10220.041871146726,10220.041871030407,-1.1631891538854688e-07,False
26.0,+,4,3,11459.59156,1.96,11459.696726017408,11459.696725780925,-2.364831743761897e-07,False
26.0,+,4,3,11611.54742,2.25,11611.54263270139,11611.542632456294,-2.4509608920197934e-07,False
26.0,+,1,6,11703.78305,0.01,11704.486683518584,11704.486683745783,2.2719905246049166e-07,False
26.0,+,4,4,12830.80465,1.44,12830.898051320988,12830.898051178521,-1.4246688806451857e-07,False
26.0,+,7,0,12877.58289,16.0,12877.574583706719,12877.574585022578,1.3158587535144761e-06,False
26.0,+,4,4,12981.03094,2.25,12981.009523949187,12981.00952376882,-1.8036735127680004e-07,False
26.0,+,4,5,14180.08754,1.96,14180.155545466529,14180.155545359043,-1.074859028449282e-07,False
26.0,+,7,1,14250.28972,0.09,14250.25200360417,14250.252003535375,-6.879417924210429e-08,False
26.0,+,4,5,14328.57554,1.96,14328.530723405665,14328.530723205413,-2.0025254343636334e-07,False
26.0,+,4,6,15507.63075,0.36,15507.584054439158,15507.584054290748,-1.4840952644590288e-07,False
26.0,+,7,2,15600.10858,0.36,15600.072342207131,15600.072342278332,7.120070222299546e-08,False
26.0,+,4,6,15654.26029,0.49,15654.223640289863,15654.223639909675,-3.80188794224523e-07,False
26.0,+,8,0,16228.91893,36.0,16228.925818835847,16228.925818649752,-1.8609534890856594e-07,False
26.0,+,4,7,16813.16356,0.25,16813.305160779306,16813.305160847878,6.85722625348717e-08,False
26.0,+,7,3,16927.0988,0.49,16927.053726557748,16927.05372640634,-1.5140903997235e-07,False
26.0,+,4,7,16958.16033,0.16,16958.209753200113,16958.209752798473,-4.016401362605393e-07,False
26.0,+,8,1,17642.11691,0.36,17642.013979125742,17642.01397894986,-1.7588172340765595e-07,False
26.0,+,4,8,18097.15513,0.04,18097.435738310738,18097.435738508095,1.9735671230591834e-07,False
26.0,+,7,4,18231.32815,0.49,18231.28950377653,18231.289502480242,-1.2962882465217263e-06,False
26.0,+,4,8,18240.46665,0.01,18240.6056475496,18240.605646922955,-6.266454875003546e-07,False
26.0,+,8,2,19055.51331,0.09,19055.825293651127,19055.82529349569,-1.5543628251180053e-07,False
26.0,+,7,5,19512.8464,0.09,19512.851095956434,19512.851094336645,-1.6197882359847426e-06,False
26.0,+,7,6,20771.74031,0.25,20771.7519981225,20771.751994063077,-4.0594240999780595e-06,False
26.0,+,6,0,21122.44501,144.0,21122.381746535855,21122.38174657843,4.2575265979394317e-08,False
26.0,+,6,0,21213.69437,81.0,21213.682916589474,21213.68291843796,1.848486135713756e-06,False
26.0,+,6,0,21309.32722,144.0,21309.449762397635,21309.449764246878,1.8492428353056312e-06,False
26.0,+,7,7,22008.06936,0.25,22008.077943623568,22008.077943513672,-1.0989606380462646e-07,False
26.0,+,6,1,22862.88915,0.09,22862.852537128216,22862.8525365415,-5.86715032113716e-07,False
26.0,+,6,1,22953.11986,0.36,22953.051308695824,22953.051308494567,-2.0125662558712065e-07,False
26.0,+,6,1,23047.65869,0.16,23047.65146400726,23047.65146326051,-7.467497198376805e-07,False
26.0,+,6,2,24565.58714,0.09,24565.554088019635,24565.55409966605,1.1646414350252599e-05,False
26.0,+,6,2,24654.4416,0.16,24654.519619346007,24654.5196053301,-1.401590634486638e-05,False
26.0,+,6,2,24747.96006,0.16,24748.133976757006,24748.133972622607,-4.134399205213413e-06,False
26.0,+,6,3,26226.30708,1.44,26226.246926998832,26226.2469200807,-6.918133294675499e-06,False
26.0,+,6,3,26314.11893,0.64,26314.060593971095,26314.060574966577,-1.9004517525900155e-05,False
26.0,+,6,3,26406.15897,0.81,26406.208361907487,26406.208349511056,-1.2396430975059047e-05,False
26.0,+,6,4,27841.82086,0.01,27840.35661171146,27840.355416595034,-0.001195116426970344,False
26.0,+,6,4,27927.69314,0.04,27927.758208686122,27927.758388419825,0.00017973370268009603,False
26.0,+,6,4,28018.56639,0.01,28019.091431893652,28019.09147854505,4.665139931603335e-05,False
26.0,+,6,5,29404.06513,0.16,29404.08945344945,29404.08946733756,1.3888107787352055e-05,False
26.0,+,6,5,29489.08152,0.0,29489.06473610063,29489.06478239928,4.6298649976961315e-05,False
26.0,+,6,5,29578.19664,0.0,29578.298197281845,29578.298285886704,8.860485831974074e-05,False
26.0,+,6,6,30909.6574,0.0,30909.67421468899,30909.674129147443,-8.554154555895366e-05,False
26.0,+,6,6,30991.41216,0.0,30991.19879875038,30991.198614938494,-0.00018381188783678226,False
26.0,+,6,6,31079.59883,0.0,31080.93648946862,31080.937231465035,0.0007419964167638682,False
26.0,+,6,7,32344.34083,0.04,32344.233263616872,32344.233273437323,9.820450941333547e-06,False
26.0,+,6,7,32425.52956,0.01,32425.522873156537,32425.522888076743,1.4920206012902781e-05,False
26.0,+,6,7,32510.98441,0.01,32511.222259050897,32511.222266745954,7.695056410739198e-06,False
26.0,+,6,8,33703.505,0.04,33702.06356474371,33702.06353594855,-2.8795155230909586e-05,False
26.0,+,6,8,33782.94465,0.0,33782.63094114116,33782.63092936087,-1.178028469439596e-05,False
26.0,+,6,8,33863.64052,0.04,33863.17360355206,33863.17357758632,-2.596573904156685e-05,False
26.0,+,6,9,34980.66836,0.0,34979.83229131904,34979.832273429085,-1.788995723472908e-05,False
26.0,+,6,9,35056.1849,0.0,35055.949796867004,35055.9497919462,-4.920802894048393e-06,False
26.0,+,6,9,35138.95853,0.0,35137.74852883994,35137.74852443417,-4.405766958370805e-06,False
26.0,+,6,10,36170.91572,0.0051,36170.715900254305,36170.715899709074,-5.452311597764492e-07,False
26.0,+,6,10,36245.47863,0.0051,36245.29928146031,36245.29927655406,-4.906250978820026e-06,False
26.0,+,6,10,36321.02964,0.0051,36323.52343665359,36323.523426128675,-1.0524912795517594e-05,False
26.0,-,2,0,1664.55848,361.0,1664.550240242166,1664.550242243407,2.0012410004710546e-06,False
26.0,-,2,0,1751.0425,484.0,1751.047638577788,1751.047640532414,1.954626213773736e-06,False
26.0,-,2,0,1839.68836,256.0,1839.684082899275,1839.684084707232,1.8079570054396754e-06,False
26.0,-,2,1,3271.74603,5.76,3271.739464533255,3271.739464979618,4.463627192308195e-07,False
26.0,-,2,1,3357.42251,9.0,3357.407143550051,3357.407143563722,1.367106960969977e-08,False
26.0,-,2,1,3445.15628,4.0,3445.113231197361,3445.113230356681,-8.406800589000341e-07,False
26.0,-,2,2,4855.57613,4.41,4855.610456241433,4855.61045847717,2.235737156297546e-06,False
26.0,-,2,2,4940.43348,6.76,4940.452895951455,4940.452896562564,6.111094990046695e-07,False
26.0,-,2,2,5027.24838,4.0,5027.211918072976,5027.211915714812,-2.3581642381031998e-06,False
26.0,-,2,3,6416.02202,2.56,6416.0397698508,6416.039774495038,4.644237378670368e-06,False
26.0,-,2,3,6500.07687,2.56,6500.070377445271,6500.070378259658,8.143870218191296e-07,False
26.0,-,2,3,6585.95362,2.25,6585.862656359693,6585.862649935289,-6.424404091376346e-06,False
26.0,-,2,4,7953.04023,1.21,7953.103948196879,7953.103956717232,8.520352821506094e-06,False
26.0,-,2,4,8036.45936,0.64,8036.345190080324,8036.345190608494,5.281699486658908e-07,False
26.0,-,2,4,8121.21002,0.81,8121.130679414854,8121.130664575123,-1.4839731193205807e-05,False
26.0,-,3,0,9394.15318,484.0,9394.05954326925,9394.059545566779,2.2975291358307004e-06,False
26.0,-,2,5,9466.55319,0.64,9466.774761687626,9466.774781845394,2.015776772168465e-05,False
26.0,-,2,5,9549.2074,0.64,9549.298002740748,9549.29800503283,2.2920812625670806e-06,False
26.0,-,2,5,9633.0395,0.64,9632.953078353883,9632.95304596304,-3.239084253436886e-05,False
26.0,-,2,6,10957.38029,0.49,10957.42252085551,10957.422529578633,8.723121936782263e-06,False
26.0,-,3,1,10966.22978,3.61,10966.125220998627,10966.125222542121,1.5434943634318188e-06,False
26.0,-,2,6,11038.84023,0.25,11038.885063335742,11038.885063859247,5.235051503404975e-07,False
26.0,-,2,6,11122.04885,0.36,11122.049828480609,11122.049815291683,-1.3188926459406503e-05,False
26.0,-,3,2,12514.019,1.96,12513.928659986304,12513.928664287485,4.301180524635129e-06,False
26.0,-,2,7,12584.56812,0.01,12584.138907980981,12584.13864664188,-0.00026133910068892874,False
26.0,-,2,8,13867.05662,0.16,13867.56322594576,13867.56327260398,4.6658220526296645e-05,False
26.0,-,2,8,13949.44102,0.01,13947.796912858134,13947.796917756035,4.8979018174577504e-06,False
26.0,-,2,8,14028.62174,0.16,14028.302157820113,14028.302083505823,-7.431429003190715e-05,False
26.0,-,3,3,14037.47841,0.49,14037.40286752674,14037.402868574882,1.0481417120900005e-06,False
26.0,-,2,9,15288.55795,0.0059,15288.434627784114,15288.434613804475,-1.3979639334138483e-05,False
26.0,-,2,9,15367.04942,0.0059,15367.155303455764,15367.155301614512,-1.8412520148558542e-06,False
26.0,-,2,9,15447.93789,0.0033,15447.926433168741,15447.926459397366,2.6228624847135507e-05,False
26.0,-,3,4,15536.52745,0.81,15536.486416011947,15536.486416565485,5.535384843824431e-07,False
26.0,-,3,5,17011.05957,0.04,17011.127283942824,17011.127285169623,1.2267992133274674e-06,False
27.0,+,4,0,7370.74344,289.0,7370.629405545312,7370.629405421601,-1.2371037882985547e-07,False
27.0,+,4,1,8806.53798,2.25,8806.397753174737,8806.397752945895,-2.2884159989189357e-07,False
27.0,+,4,2,10220.14857,2.25,10220.048342940861,10220.048342833707,-1.0715484677348286e-07,False
27.0,+,4,3,11611.65408,2.89,11611.563378895358,11611.563378657382,-2.3797656467650086e-07,False
27.0,+,7,0,12955.67189,16.0,12955.661496637646,12955.661497950234,1.3125882105669007e-06,False
27.0,+,4,4,12981.13124,2.25,12981.029441398112,12981.029441237924,-1.601874828338623e-07,False
27.0,+,7,1,14327.46606,0.16,14327.424058360926,14327.4240582995,-6.142545316834003e-08,False
27.0,+,4,5,14328.6701,1.44,14328.554218091978,14328.554217942894,-1.490843715146184e-07,False
27.0,+,4,6,15654.35127,0.64,15654.251250025492,15654.251249768744,-2.567485353210941e-07,False
27.0,+,7,2,15676.36815,0.36,15676.329928935153,15676.32992900031,6.515801942441612e-08,False
27.0,+,4,7,16958.32043,0.16,16958.241669758532,16958.241669605093,-1.5343903214670718e-07,False
27.0,+,7,3,17002.44928,0.49,17002.39773147773,17002.397731342477,-1.352527760900557e-07,False
27.0,+,4,8,18240.56426,0.01,18240.64201390402,18240.642013709607,-1.9441358745098114e-07,False
27.0,+,7,4,18305.75558,0.25,18305.719734384304,18305.7197331019,-1.2824020814150572e-06,False
27.0,+,7,5,19586.36789,0.09,19586.366862358624,19586.36686075345,-1.6051744751166552e-06,False
27.0,+,7,6,20844.33002,0.04,20844.353279745093,20844.353275838406,-3.906687197741121e-06,False
27.0,+,6,0,21212.41822,100.0,21212.449697656924,21212.449697776334,1.194093783851713e-07,False
27.0,+,6,0,21308.51338,144.0,21308.566100664895,21308.566102558143,1.8932478269562125e-06,False
27.0,+,6,0,21406.38749,144.0,21406.33670375189,21406.336705555033,1.803142367862165e-06,False
27.0,+,7,7,22079.74509,0.04,22079.759688170427,22079.75968808032,-9.010545909404755e-08,False
27.0,+,6,1,22951.86207,0.49,22951.869537967705,22951.869537010913,-9.567920642439276e-07,False
27.0,+,6,1,23046.81496,0.16,23046.788929138133,23046.788928723214,-4.1491875890642405e-07,False
27.0,+,6,1,23143.53299,0.36,23143.455935740894,23143.45593685002,1.109125150833279e-06,False
27.0,+,6,2,24653.20282,0.25,24653.27141403619,24653.271417788,3.7518111639656126e-06,False
27.0,+,6,2,24747.16447,0.36,24747.296370371387,24747.29636691637,-3.4550175769254565e-06,False
27.0,+,6,2,24842.55675,0.09,24842.389421013842,24842.38941450849,-6.505353667307645e-06,False
27.0,+,6,3,26312.88715,0.36,26312.91321798356,26312.913207766716,-1.021684511215426e-05,False
27.0,+,6,3,26405.46312,0.25,26405.394360083454,26405.394329006587,-3.107686643488705e-05,False
27.0,+,6,3,26499.54774,0.49,26499.484019387393,26499.483998126292,-2.126110121025704e-05,False
27.0,+,6,4,27926.58567,0.01,27927.273586594463,27927.274351216372,0.0007646219091839157,False
27.0,+,6,4,28018.02892,0.01,28018.36135090395,28018.361451551784,0.00010064783418783918,False
27.0,+,6,4,28110.28418,0.04,28110.238546135315,28110.238548343532,2.208216756116599e-06,False
27.0,+,6,5,29487.86234,0.09,29487.986960847393,29487.986950809965,-1.0037427273346111e-05,False
27.0,+,6,5,29577.56724,0.16,29577.58273407553,29577.582687316873,-4.6758657845202833e-05,False
27.0,+,6,5,29668.58409,0.04,29668.588370354184,29668.5883344594,-3.5894783650292084e-05,False
27.0,+,6,6,30990.20777,0.04,30990.20312385041,30990.203048585918,-7.526449189754203e-05,False
27.0,+,6,6,31079.1661,0.01,31079.59631881644,31079.59605270988,-0.0002661065591382794,False
27.0,+,6,6,31167.4415,0.01,31167.37713302775,31167.37726740799,0.00013438023961498402,False
27.0,+,6,7,32424.40655,0.01,32424.535528786408,32424.53552719412,-1.5922887541819364e-06,False
27.0,+,6,7,32510.67692,0.01,32510.61442508967,32510.6144015172,-2.3572469217469916e-05,False
27.0,+,6,7,32597.56494,0.01,32597.56879168863,32597.568770212016,-2.147661507478915e-05,False
27.0,+,6,8,33781.56555,0.01,33781.72104061455,33781.72101431422,-2.6300331228412688e-05,False
27.0,+,6,8,33863.98792,0.01,33862.91895370825,33862.918895668336,-5.803991371067241e-05,False
27.0,+,6,9,35055.09462,0.0059,35055.00221066318,35055.00219489621,-1.5766971046105027e-05,False
27.0,+,6,9,35139.17902,0.0059,35137.24855476748,35137.248544384456,-1.0383024346083403e-05,False
27.0,+,6,9,35219.38074,0.0059,35218.48998282453,35218.48998104769,-1.7768397810868919e-06,False
27.0,+,6,10,36244.23796,0.0051,36244.50584932496,36244.50585425828,4.933317541144788e-06,False
27.0,+,6,10,36323.29442,0.0051,36323.18755599181,36323.18755600582,1.4006218407303095e-08,False
27.0,+,6,10,36403.40089,0.0028,36402.89125935893,36402.89125813173,-1.2271993909962475e-06,False
27.0,-,2,0,1748.79614,676.0,1748.798054697,1748.798056626762,1.9297619928693166e-06,False
27.0,-,2,0,1837.23888,289.0,1837.233472161823,1837.233474089239,1.9274159512860933e-06,False
27.0,-,2,0,1929.84539,324.0,1929.850121844123,1929.850123762785,1.918662064781529e-06,False
27.0,-,2,1,3355.16752,7.84,3355.148954654691,3355.148954633558,-2.113301889039576e-08,False
27.0,-,2,1,3442.68964,4.0,3442.669911494332,3442.669911345635,-1.4869738151901402e-07,False
27.0,-,2,1,3534.41143,6.76,3534.39592173366,3534.395921724965,-8.69522409630008e-09,False
27.0,-,2,2,4938.17383,7.29,4938.185036218467,4938.185036784971,5.66504240850918e-07,False
27.0,-,2,2,5024.77247,3.24,5024.777149273497,5024.777149263507,-9.989889804273844e-09,False
27.0,-,2,2,5115.59968,4.84,5115.619744376007,5115.619744903081,5.270740075502545e-07,False
27.0,-,2,3,6497.95486,2.89,6497.791819333248,6497.791819984866,6.516183930216357e-07,False
27.0,-,2,3,6583.46343,2.89,6583.439104158677,6583.439103477761,-6.80915945849847e-07,False
27.0,-,2,3,6673.43439,1.69,6673.416830239367,6673.416830880834,6.414666131604463e-07,False
27.0,-,2,4,8034.07098,1.21,8034.055021013553,8034.05502110616,9.26065695239231e-08,False
27.0,-,2,4,8118.74991,1.0,8118.724344957148,8118.724342246662,-2.7104861146654002e-06,False
27.0,-,2,4,8207.86529,0.81,8207.869321906148,8207.869321921471,1.5323166735470295e-08,False
27.0,-,3,0,9480.33807,961.0,9480.383683153095,9480.383685452161,2.2990661818766966e-06,False
27.0,-,2,5,9546.94849,0.81,9546.995594902475,9546.995596006536,1.1040610843338072e-06,False
27.0,-,2,5,9630.48503,0.64,9630.584751870516,9630.584746769653,-5.1008628361159936e-06,False
27.0,-,2,5,9718.91483,0.49,9718.996979954583,9718.996980919448,9.648647392168641e-07,False
27.0,-,2,6,11036.46266,0.49,11036.567606041472,11036.56760537506,-6.664122338406742e-07,False
27.0,-,3,1,11051.49426,8.41,11051.525165826253,11051.525167248012,1.4217584975995123e-06,False
27.0,-,2,6,11119.60156,0.25,11119.607351351437,11119.607349260488,-2.090948328259401e-06,False
27.0,-,2,6,11206.56741,0.49,11206.75099994227,11206.750999676544,-2.657252480275929e-07,False
27.0,-,3,2,12598.35971,3.61,12598.403411104575,12598.403413231628,2.1270534489303827e-06,False
27.0,-,2,8,13945.80537,0.16,13945.451926644138,13945.45192830133,1.657192115089856e-06,False
27.0,-,2,8,14025.8239,0.16,14026.000135546003,14026.000122750018,-1.279598473047372e-05,False
27.0,-,2,8,14113.03953,0.16,14111.98770944087,14111.987711263957,1.8230875866720453e-06,False
27.0,-,3,3,14120.88723,1.0,14120.947597602191,14120.94759955327,1.951078957063146e-06,False
27.0,-,2,9,15364.79372,0.0059,15364.790135201381,15364.79013348678,-1.7146012396551669e-06,False
27.0,-,2,9,15445.43663,0.0033,15445.412457232038,15445.412461985024,4.752986569656059e-06,False
27.0,-,2,9,15526.42764,0.0033,15529.496638382541,15529.496637370326,-1.0122148523805663e-06,False
27.0,-,3,4,15619.00031,1.21,15619.099842514359,15619.099843072088,5.577294359682128e-07,False
27.0,-,3,5,17092.61043,0.16,17092.8052316288,17092.80523275871,1.1299089237581939e-06,False
27.0,-,3,6,18541.61173,0.04,18541.900447256758,18541.900452030688,4.773930413648486e-06,False
28.0,+,1,0,1465.97862,400.0,1465.983463274417,1465.983463251647,-2.277010935358703e-08,False
28.0,+,1,1,3278.65372,84.41,3278.653000012583,3278.653000129199,1.1661586540867575e-07,False
28.0,+,1,2,5062.76392,7.29,5062.866887902529,5062.866888434791,5.322617653291672e-07,False
28.0,+,1,3,6817.324,2.89,6817.542449269081,6817.542450585154,1.3160733942640945e-06,False
28.0,+,4,0,7370.56246,225.0,7370.631721862103,7370.631721737789,-1.243142833118327e-07,False
28.0,+,4,0,7539.41286,121.0,7539.391298120844,7539.391297998531,-1.2231339496793225e-07,False
28.0,+,1,4,8541.08157,0.36,8541.440565131406,8541.440566681458,1.5500518202316016e-06,False
28.0,+,4,1,8806.36277,2.25,8806.405160170252,8806.405159938115,-2.3213760869111866e-07,False
28.0,+,4,1,8973.34946,1.69,8973.292916058572,8973.292915829004,-2.2956737666390836e-07,False
28.0,+,4,2,10219.77858,2.56,10219.957414734497,10219.957414825234,9.073664841707796e-08,False
28.0,+,1,5,10232.54465,0.09,10233.013339596064,10233.013340447487,8.514234650647268e-07,False
28.0,+,4,2,10385.10006,2.25,10385.078831792423,10385.078831674082,-1.1834163160528988e-07,False
28.0,+,4,3,11611.45538,2.25,11611.565155583388,11611.565155348408,-2.3498068912886083e-07,False
28.0,+,4,3,11774.73376,2.56,11774.715777170926,11774.715776927676,-2.432498149573803e-07,False
28.0,+,4,4,12980.94299,1.21,12981.034370087125,12981.034369941308,-1.4581746654585004e-07,False
28.0,+,7,0,13036.61003,9.0,13036.601520183964,13036.601521493256,1.3092922017676756e-06,False
28.0,+,4,4,13142.35246,0.81,13142.31869194727,13142.318691762623,-1.8464743334334344e-07,False
28.0,+,4,5,14328.48742,2.25,14328.560591016036,14328.560590914054,-1.0198164090979844e-07,False
28.0,+,7,1,14407.46213,0.09,14407.415250202628,14407.415250149628,-5.299989425111562e-08,False
28.0,+,4,5,14488.02112,1.44,14487.977393990863,14487.977393793819,-1.9704384612850845e-07,False
28.0,+,4,6,15654.29161,0.25,15654.258538095011,15654.258537950578,-1.4443321560975164e-07,False
28.0,+,7,2,15755.41951,0.36,15755.372663863345,15755.372663922039,5.869333108421415e-08,False
28.0,+,4,6,15811.82827,0.25,15811.808604734728,15811.808604351938,-3.827899490715936e-07,False
28.0,+,8,0,16390.11557,16.0,16390.1369128234,16390.136912637085,-1.86315446626395e-07,False
28.0,+,4,7,16958.17364,0.16,16958.24970205582,16958.249702130233,7.441485649906099e-08,False
28.0,+,7,3,17080.54646,0.36,17080.492929174445,17080.492929055446,-1.1899828677996993e-07,False
28.0,+,4,7,17113.86264,0.09,17113.933694939118,17113.93369452641,-4.127068677917123e-07,False
28.0,+,8,1,17802.18253,0.36,17802.089155229965,17802.08915505355,-1.7641650629229844e-07,False
28.0,+,4,8,18240.40473,0.09,18240.6508275696,18240.6508277924,2.2280073608271778e-07,False
28.0,+,7,4,18382.91229,0.36,18382.86718144379,18382.86718017616,-1.2676318874582648e-06,False
28.0,+,4,8,18394.29297,0.04,18394.46910501226,18394.4691043775,-6.347618182189763e-07,False
28.0,+,8,2,19214.63028,0.04,19214.97220292663,19214.97220277116,-1.5546902432106435e-07,False
28.0,+,7,5,19662.56662,0.04,19662.56584931755,19662.565847726244,-1.5913064999040216e-06,False
28.0,+,7,6,20919.58082,0.04,20919.603589913488,20919.60358615229,-3.7611971492879093e-06,False
28.0,+,6,0,21306.61646,100.0,21306.54602078416,21306.546020727365,-5.679612513631582e-08,False
28.0,+,6,0,21404.51765,81.0,21404.503216694757,21404.503218335194,1.6404374036937952e-06,False
28.0,+,6,0,21506.99825,100.0,21507.118643915328,21507.11864560097,1.6856429283507168e-06,False
28.0,+,7,7,22154.03116,0.04,22154.056361693038,22154.056361625346,-6.76918716635555e-08,False
28.0,+,6,1,23044.90201,0.36,23044.807361128434,23044.80736085388,-2.745546225924045e-07,False
28.0,+,6,1,23141.65592,0.25,23141.606862695153,23141.606862594683,-1.0047006071545184e-07,False
28.0,+,6,1,23242.8687,0.16,23242.81749227666,23242.81748972952,-2.547138137742877e-06,False
28.0,+,6,2,24745.31275,0.16,24745.17591715582,24745.17594306307,2.5907251256285235e-05,False
28.0,+,6,2,24840.65828,0.81,24840.678080584104,24840.67807239256,-8.191545930458233e-06,False
28.0,+,6,2,24940.90222,0.16,24941.01376631385,24941.01376321025,-3.1035997380968183e-06,False
28.0,+,6,3,26403.67489,0.49,26403.461755495937,26403.461748384594,-7.111342711141333e-06,False
28.0,+,6,3,26497.78537,0.81,26497.715746920952,26497.71572657573,-2.0345221855677664e-05,False
28.0,+,6,3,26596.32699,0.25,26596.308209690724,26596.308194901187,-1.4789537090109661e-05,False
28.0,+,6,4,28016.46384,0.01,28016.56228412789,28016.562581567705,0.00029743981576757506,False
28.0,+,6,4,28108.61786,0.04,28108.604382201243,28108.604496773678,0.00011457243454060517,False
28.0,+,6,4,28206.01646,0.01,28206.460945788265,28206.460986067486,4.027922113891691e-05,False
28.0,+,6,5,29575.67839,0.09,29575.712463101107,29575.71247482037,1.171926487586461e-05,False
28.0,+,6,5,29666.9556,0.09,29666.919787565617,29666.91984186461,5.429899101727642e-05,False
28.0,+,6,5,29762.33729,0.04,29762.365131027676,29762.365367702376,0.00023667469940846786,False
28.0,+,6,6,31077.67087,0.04,31077.716571582725,31077.71647686104,-9.472168676438741e-05,False
28.0,+,6,6,31165.73968,0.04,31165.531094738373,31165.53073739962,-0.00035733875483856536,False
28.0,+,6,6,31260.19357,0.04,31260.99231688918,31260.992402195676,8.530649574822746e-05,False
28.0,+,6,7,32509.09387,0.01,32508.828441049016,32508.828447502117,6.453101377701387e-06,False
28.0,+,6,7,32595.94934,0.01,32596.055570133358,32596.055579117547,8.984188752947375e-06,False
28.0,+,6,7,32687.63603,0.01,32687.726131951633,32687.72613686547,4.913836164632812e-06,False
28.0,+,6,8,33861.97587,0.01,33861.48016247742,33861.48011657966,-4.5897759264335036e-05,False
28.0,+,6,8,33948.59934,0.01,33948.61158149073,33948.61153774357,-4.3747160816565156e-05,False
28.0,+,6,9,35136.56437,0.0059,35135.473078081486,35135.473057719115,-2.0362371287774295e-05,False
28.0,+,6,9,35217.6709,0.0059,35217.181267973625,35217.181264593375,-3.3802498364821076e-06,False
28.0,+,6,9,35303.79853,0.0,35304.61300916632,35304.61300416621,-5.000110832042992e-06,False
28.0,+,6,10,36321.88572,0.0051,36321.63182057827,36321.63181973714,-8.41137079987675e-07,False
28.0,+,6,10,36401.83063,0.0028,36401.6604892295,36401.66048608913,-3.1403687899000943e-06,False
28.0,+,6,10,36481.68164,0.0,36485.26356497067,36485.26355588072,-9.089948434848338e-06,False
28.0,-,2,0,1835.86287,256.0,1835.853116703925,1835.853118700529,1.9966039417340653e-06,False
28.0,-,2,0,1928.62439,625.0,1928.628857653571,1928.628859600151,1.9465799141471507e-06,False
28.0,-,2,0,2023.48576,289.0,2023.472442006821,2023.472443804287,1.7974659840547247e-06,False
28.0,-,2,1,3441.29181,4.84,3441.278995003046,3441.278995496425,4.93379047838971e-07,False
28.0,-,2,1,3533.16543,9.0,3533.161648866303,3533.161648897506,3.120294422842562e-08,False
28.0,-,2,1,3627.04669,4.0,3627.002859852467,3627.002859015075,-8.37391780805774e-07,False
28.0,-,2,2,5023.34374,5.29,5023.376512965407,5023.376515292512,2.3271049940376543e-06,False
28.0,-,2,2,5114.35333,4.84,5114.371303026314,5114.371303610403,5.840884114149958e-07,False
28.0,-,2,2,5207.23769,2.89,5207.191508977361,5207.191506519172,-2.458188646414783e-06,False
28.0,-,2,3,6582.00367,2.25,6582.030964358791,6582.030969316619,4.957828423357569e-06,False
28.0,-,2,3,6672.24592,2.25,6672.153081578075,6672.153082413028,8.34952516015619e-07,False
28.0,-,2,3,6764.00974,1.69,6763.930375936698,6763.930369344755,-6.5919430198846385e-06,False
28.0,-,2,4,8117.30027,0.81,8117.314149598543,8117.314158704959,9.106415745918639e-06,False
28.0,-,2,4,8206.58325,0.64,8206.589090605863,8206.589091118356,5.124929884914309e-07,False
28.0,-,2,4,8297.35317,0.49,8297.279542856362,8297.279527637835,-1.5218527551041916e-05,False
28.0,-,3,0,9569.97215,361.0,9569.864720258414,9569.864722554414,2.2959993657423183e-06,False
28.0,-,2,5,9628.93434,0.49,9629.192129919555,9629.192151197163,2.1277608539094217e-05,False
28.0,-,2,5,9717.6791,0.36,9717.698892599123,9717.698894847837,2.248714736197144e-06,False
28.0,-,2,5,9807.25234,0.36,9807.17121733844,9807.171184446996,-3.289144478912931e-05,False
28.0,-,2,6,11118.16555,0.25,11118.12246362839,11118.122470785018,7.156628271332011e-06,False
28.0,-,3,1,11140.17241,4.0,11140.052287321365,11140.052289016125,1.6947597032412887e-06,False
28.0,-,2,6,11205.37792,0.16,11205.437262134688,11205.437262373407,2.3871871235314757e-07,False
28.0,-,2,6,11294.43494,0.09,11294.464523449029,11294.46451478396,-8.665068889968097e-06,False
28.0,-,3,2,12686.07202,1.96,12685.963479040485,12685.963482068111,3.0276260076789185e-06,False
28.0,-,2,8,14024.25262,0.16,14024.61111981163,14024.611167496018,4.768438702740241e-05,False
28.0,-,2,8,14112.47202,0.16,14110.631660251833,14110.63166490691,4.6550776460208e-06,False
28.0,-,2,8,14197.41775,0.16,14196.759296808015,14196.759223743979,-7.306403676921036e-05,False
28.0,-,3,3,14207.63592,0.64,14207.546209456972,14207.546210682813,1.2258406059117988e-06,False
28.0,-,2,9,15443.95396,0.0033,15443.799434233488,15443.799416150157,-1.8083330360241234e-05,False
28.0,-,2,9,15528.06742,0.0033,15528.125236104366,15528.125233933277,-2.1710893634008244e-06,False
28.0,-,2,9,15614.79389,0.0033,15614.607408972424,15614.607442144106,3.317168193461839e-05,False
28.0,-,3,4,15704.77331,0.16,15704.732096998934,15704.732097514165,5.152305675437674e-07,False
28.0,-,3,5,17177.4078,0.04,17177.46774892521,17177.467750077078,1.1518677638377994e-06,False
28.0,-,3,6,18625.554,0.01,18625.71407809206,18625.714066542354,-1.154970595962368e-05,False
29.0,+,4,0,7539.50936,169.0,7539.394319982305,7539.394319859608,-1.2269720173208043e-07,False
29.0,+,4,1,8973.43849,1.69,8973.298192240733,8973.298192010398,-2.3033499019220471e-07,False
29.0,+,4,2,10385.18572,1.96,10385.084649016711,10385.084648909706,-1.070056896423921e-07,False
29.0,+,4,3,11774.82513,3.24,11774.736366060975,11774.736365825042,-2.3593383957631886e-07,False
29.0,+,7,0,13120.3994,9.0,13120.390404099746,13120.390405405431,1.3056851457804441e-06,False
29.0,+,4,4,13142.43208,1.69,13142.339358979942,13142.339358815576,-1.6436570149380714e-07,False
29.0,+,4,5,14488.1071,0.81,14488.001780701898,14488.001780556278,-1.4561919670086354e-07,False
29.0,+,7,1,14490.27288,0.16,14490.221313709471,14490.221313665239,-4.423236532602459e-08,False
29.0,+,4,6,15811.92281,0.64,15811.837251972298,15811.837251715477,-2.5682129489723593e-07,False
29.0,+,7,2,15837.24969,0.36,15837.196275423848,15837.196275475742,5.189394869375974e-08,False
29.0,+,4,7,17114.06289,0.09,17113.966798162583,17113.966798005615,-1.5696787158958614e-07,False
29.0,+,7,3,17161.39569,0.25,17161.33503640046,17161.335036298206,-1.0225267033092678e-07,False
29.0,+,4,8,18394.40344,0.01,18394.506815835215,18394.506815647408,-1.878070179373026e-07,False
29.0,+,7,4,18462.77082,0.25,18462.72755848885,18462.72755723664,-1.252206857316196e-06,False
29.0,+,7,5,19741.43796,0.01,19741.44371088596,19741.44370930977,-1.5761906979605556e-06,False
29.0,+,7,6,20997.46834,0.09,20997.498559398486,20997.498555774626,-3.62385981134139e-06,False
29.0,+,6,0,21403.36464,100.0,21403.398237924073,21403.398237949645,2.557135303504765e-08,False
29.0,+,6,0,21506.26828,121.0,21506.32575827637,21506.325759967658,1.6912890714593232e-06,False
29.0,+,6,0,21610.81655,121.0,21610.76342451507,21610.763426167472,1.6524027159903198e-06,False
29.0,+,7,7,22230.93177,0.04,22230.96359912272,22230.963599079736,-4.298271960578859e-08,False
29.0,+,6,1,23140.5644,0.36,23140.563475336272,23140.563474322487,-1.0137846402358264e-06,False
29.0,+,6,1,23242.13224,0.36,23242.0637354574,23242.063734624007,-8.333918231073767e-07,False
29.0,+,6,1,23345.55506,0.36,23345.454103019878,23345.454103113978,9.409995982423425e-08,False
29.0,+,6,2,24839.55215,0.64,24839.581086407292,24839.581088712035,2.3047432478051633e-06,False
29.0,+,6,2,24940.16025,0.36,24940.264381223416,24940.264377037212,-4.186204023426399e-06,False
29.0,+,6,2,25042.02576,0.09,25041.84314781181,25041.84314154113,-6.270682206377387e-06,False
29.0,+,6,3,26496.66451,0.36,26496.699468017454,26496.69945651744,-1.1500014807097614e-05,False
29.0,+,6,3,26595.73081,0.49,26595.595648395618,26595.595614638427,-3.3757190976757556e-05,False
29.0,+,6,3,26696.27619,0.09,26696.2055709735,26696.205548549497,-2.2424002963816747e-05,False
29.0,+,6,4,28107.54463,0.01,28107.68893302217,28107.68910580637,0.00017278419909416698,False
29.0,+,6,4,28205.40983,0.01,28205.7921829732,28205.79223857044,5.559724013437517e-05,False
29.0,+,6,4,28304.03466,0.04,28303.995739287417,28303.99573621142,-3.0759983928874135e-06,False
29.0,+,6,5,29665.87174,0.04,29665.969589479268,29665.969574946983,-1.4532284694723785e-05,False
29.0,+,6,5,29761.92279,0.01,29761.761960013733,29761.761906933058,-5.308067557052709e-05,False
29.0,+,6,5,29859.06813,0.04,29859.064473300048,29859.064435307617,-3.7992431316524744e-05,False
29.0,+,6,6,31164.69349,0.04,31164.73988562999,31164.73978765305,-9.797694292501546e-05,False
29.0,+,6,6,31259.54133,0.01,31259.756944033128,31259.755992507264,-0.0009515258643659763,False
29.0,+,6,6,31354.17483,0.04,31354.104910096466,31354.104937905864,2.7809397579403594e-05,False
29.0,+,6,7,32595.08257,0.01,32595.18935028209,32595.189345164446,-5.117643013363704e-06,False
29.0,+,6,7,32687.28181,0.01,32687.21599847654,32687.21596976712,-2.8709418984362856e-05,False
29.0,+,6,8,33947.74757,0.0,33947.94956191562,33947.94953452739,-2.7388232410885394e-05,False
29.0,+,6,8,34034.64781,0.0,34031.9115654125,34031.91141549282,-0.0001499196805525571,False
29.0,+,6,9,35216.71762,0.0059,35216.359404399016,35216.359377637884,-2.6761132176034153e-05,False
29.0,+,6,9,35306.59903,0.0059,35304.20165555002,35304.201643841,-1.1709023965522647e-05,False
29.0,+,6,9,35390.70075,0.0059,35391.08875678839,35391.0887548083,-1.980093657039106e-06,False
29.0,+,6,10,36400.70396,0.0028,36400.977850164294,36400.97785457525,4.4109547161497176e-06,False
29.0,+,6,10,36485.29242,0.0028,36485.023557595036,36485.02355784778,2.5274493964388967e-07,False
29.0,+,6,10,36571.27589,0.0028,36570.20124275425,36570.20124296466,2.104061422869563e-07,False
29.0,-,2,0,1926.52347,484.0,1926.52652321793,1926.526525138626,1.920696149682044e-06,False
29.0,-,2,0,2021.13599,225.0,2021.132892230012,2021.132894149621,1.91960907613975e-06,False
29.0,-,2,0,2120.07826,484.0,2120.075587507537,2120.075589416278,1.9087410692009144e-06,False
29.0,-,2,1,3531.06265,7.29,3531.051314640469,3531.051314636294,-4.175035428488627e-09,False
29.0,-,2,1,3624.68057,4.0,3624.671524219069,3624.671524094337,-1.2473174137994647e-07,False
29.0,-,2,1,3722.67623,6.76,3722.661135135235,3722.661135145854,1.061926013790071e-08,False
29.0,-,2,2,5112.24402,3.61,5112.251987729569,5112.251988267728,5.381589289754629e-07,False
29.0,-,2,2,5204.86334,4.0,5204.869813380699,5204.869813359064,-2.1635059965774417e-08,False
29.0,-,2,2,5301.91753,5.29,5301.91447966337,5301.91448016118,4.978101060260087e-07,False
29.0,-,2,3,6670.18884,2.56,6670.023839264768,6670.023839936074,6.713062248309143e-07,False
29.0,-,2,3,6761.63329,2.25,6761.621197484743,6761.621196861314,-6.234286047401838e-07,False
29.0,-,2,3,6857.75446,1.69,6857.741472467004,6857.741473132082,6.650780051131733e-07,False
29.0,-,2,4,8204.44752,0.64,8204.449084647782,8204.449084725038,7.725611794739962e-08,False
29.0,-,2,4,8295.07233,0.49,8294.989158195283,8294.989155552363,-2.642920662765391e-06,False
29.0,-,2,4,8390.1073,0.36,8390.220436123143,8390.220436130716,7.5724528869614e-09,False
29.0,-,3,0,9662.4453,784.0,9662.498413464125,9662.498415761636,2.297510945936665e-06,False
29.0,-,2,5,9715.57125,0.49,9715.547552047312,9715.547553115508,1.0681960702640936e-06,False
29.0,-,2,5,9804.80833,0.25,9804.920479909055,9804.920475022374,-4.886680471827276e-06,False
29.0,-,2,5,9899.26231,0.36,9899.369863262571,9899.36986420466,9.420891728950664e-07,False
29.0,-,2,6,11203.16587,0.25,11203.271697709935,11203.27169682313,-8.868046279530972e-07,False
29.0,-,3,1,11231.65636,6.76,11231.69253388131,11231.692535429105,1.5477944543818012e-06,False
29.0,-,2,6,11292.09934,0.36,11292.126208914906,11292.126207747022,-1.1678839655360207e-06,False
29.0,-,2,6,11384.94303,0.16,11385.139103515736,11385.13910321866,-2.9707553039770573e-07,False
29.0,-,3,2,12776.56296,2.89,12776.609045195573,12776.60904722615,2.030576069955714e-06,False
29.0,-,2,8,14109.05738,0.16,14108.440772912898,14108.440774372506,1.4596080291084945e-06,False
29.0,-,2,8,14194.69591,0.16,14194.57085327382,14194.570841435117,-1.1838703358080238e-05,False
29.0,-,2,8,14285.30753,0.16,14286.385526216061,14286.38552786069,1.6446283552795649e-06,False
29.0,-,3,3,14297.12473,1.0,14297.1936858282,14297.193687790957,1.9627568690339103e-06,False
29.0,-,2,9,15525.91772,0.0033,15525.915335204667,15525.91533323905,-1.9656163203762844e-06,False
29.0,-,2,9,15612.22562,0.0033,15612.19374054841,15612.19374625444,5.706029696739279e-06,False
29.0,-,2,9,15697.63364,0.0033,15701.892649936348,15701.89264880153,-1.1348183761583641e-06,False
29.0,-,3,4,15793.25711,1.21,15793.378830946724,15793.3788314637,5.169767973711714e-07,False
29.0,-,3,5,17264.86392,0.01,17265.109171337957,17265.109172373115,1.0351577657274902e-06,False
29.0,-,3,6,18711.88709,0.04,18712.227281892443,18712.227285797948,3.905504854628816e-06,False
30.0,+,1,0,1678.24604,400.0,1678.250676564654,1678.250676538786,-2.5868075681501068e-08,False
30.0,+,1,1,3488.76209,84.0,3488.762203395082,3488.762203506029,1.1094698493252508e-07,False
30.0,+,1,2,5270.67327,6.76,5270.793355834423,5270.793356345114,5.106912794872187e-07,False
30.0,+,1,3,7022.98019,1.96,7023.239954499411,7023.239955790415,1.2910031728097238e-06,False
30.0,+,4,0,7539.32566,225.0,7539.396950031695,7539.396949908338,-1.2335749488556758e-07,False
30.0,+,4,0,7719.84588,144.0,7719.820746783781,7719.820746662592,-1.2118925951654091e-07,False
30.0,+,1,4,8744.45817,0.25,8744.843622427788,8744.843623979095,1.5513069229200482e-06,False
30.0,+,4,1,8973.26613,1.96,8973.307047301874,8973.307047067074,-2.348006091779098e-07,False
30.0,+,4,1,9151.79129,1.44,9151.726870774384,9151.726870542972,-2.3141183191910386e-07,False
30.0,+,4,2,10384.95214,2.25,10385.061874571944,10385.061874519319,-5.2625182433985174e-08,False
30.0,+,1,5,10433.32467,0.01,10433.966576015342,10433.966577039384,1.0240419214824215e-06,False
30.0,+,4,2,10561.55796,1.96,10561.518653109111,10561.518652987515,-1.2159580364823341e-07,False
30.0,+,4,3,11774.6292,2.25,11774.738859901363,11774.738859668225,-2.3313805286306888e-07,False
30.0,+,4,3,11949.18295,1.69,11949.15998942019,11949.15998917914,-2.4105065676849335e-07,False
30.0,+,4,4,13142.24515,1.44,13142.345017844109,13142.345017694455,-1.4965371519792825e-07,False
30.0,+,7,0,13207.03114,9.0,13207.023747205654,13207.02374850746,1.3018052413826808e-06,False
30.0,+,4,4,13314.80405,1.21,13314.768107962307,13314.768107773203,-1.8910395738203079e-07,False
30.0,+,4,5,14487.91298,1.44,14488.009048609592,14488.009048512811,-9.678115020506084e-08,False
30.0,+,7,1,14575.89111,0.09,14575.837835421513,14575.83783538583,-3.5683115129359066e-08,False
30.0,+,4,5,14658.4714,1.21,14658.433348941819,14658.433348748522,-1.9329672795720398e-07,False
30.0,+,4,6,15811.73072,0.04,15811.845592356378,15811.8455922152,-1.4117722457740456e-07,False
30.0,+,7,2,15921.85855,0.16,15921.796336980038,15921.796337024965,4.492721927817911e-08,False
30.0,+,4,6,15980.30304,0.49,15980.271968844507,15980.271968460589,-3.83917722501792e-07,False
30.0,+,8,0,16562.86437,9.0,16562.904152231935,16562.90415204545,-1.864864316303283e-07,False
30.0,+,4,7,17113.8389,0.04,17113.97603382974,17113.976033907755,7.801645551808178e-08,False
30.0,+,7,3,17244.99213,0.16,17244.91961108323,17244.919610997742,-8.548886398784816e-08,False
30.0,+,4,7,17280.42777,0.09,17280.405212991172,17280.40521256867,-4.2250394471921027e-07,False
30.0,+,8,1,17973.7332,0.01,17973.643995484657,17973.643995307924,-1.7673301044851542e-07,False
30.0,+,4,8,18394.28657,0.04,18394.516985846418,18394.51698609339,2.469714672770351e-07,False
30.0,+,7,4,18545.34798,0.25,18545.296398200797,18545.296396964797,-1.2359996617306024e-06,False
30.0,+,7,5,19822.99047,0.04,19822.996011285275,19822.996009722836,-1.5624391380697489e-06,False
30.0,+,7,6,21078.00072,0.01,21078.03374556187,21078.033742068936,-3.4929325920529664e-06,False
30.0,+,6,0,21504.48072,121.0,21504.414583693666,21504.414583545582,-1.4808392734266818e-07,False
30.0,+,6,0,21609.03485,81.0,21609.021737543586,21609.021738977885,1.4342986105475575e-06,False
30.0,+,6,0,21718.35597,100.0,21718.480176945915,21718.480178470167,1.5242512745317072e-06,False
30.0,+,7,7,22310.43966,0.04,22310.476906005213,22310.47690599071,-1.450462150387466e-08,False
30.0,+,6,1,23240.31442,0.16,23240.21542352947,23240.215424236696,7.072267180774361e-07,False
30.0,+,6,1,23343.80593,0.16,23343.694540528733,23343.694539313303,-1.2154305295553058e-06,False
30.0,+,6,1,23450.3199,0.0,23449.691119159408,23449.69110345919,-1.57002177729737e-05,False
30.0,+,6,2,24938.41254,0.25,24938.445975128085,24938.445964467715,-1.0660369298420846e-05,False
30.0,+,6,2,25040.19994,0.16,25040.205862416897,25040.205856624696,-5.792200681753457e-06,False
30.0,+,6,2,25147.02913,0.09,25147.238376442194,25147.238373970642,-2.4715518520679325e-06,False
30.0,+,6,3,26594.06793,0.16,26593.78734771143,26593.787340884537,-6.826892786193639e-06,False
30.0,+,6,3,26694.60194,0.36,26694.528284532877,26694.528262433323,-2.209955346188508e-05,False
30.0,+,6,3,26799.81343,0.09,26799.385719114016,26799.385699988965,-1.9125051039736718e-05,False
30.0,+,6,4,28203.83173,0.01,28203.97154715742,28203.97166686115,0.00011970373088843189,False
30.0,+,6,4,28302.43329,0.01,28302.429349090486,28302.429431192813,8.21023277239874e-05,False
30.0,+,6,4,28406.37931,0.01,28406.76812184951,28406.768158204344,3.635483517427929e-05,False
30.0,+,6,5,29759.99659,0.09,29760.011134876542,29760.01114535895,1.0482406651135534e-05,False
30.0,+,6,5,29857.48333,0.04,29857.485653272088,29857.485727116386,7.384429773082957e-05,False
30.0,+,6,5,29959.13003,0.04,29959.08585913209,29959.085535051327,-0.0003240807636757381,False
30.0,+,6,6,31257.87106,0.01,31258.356381162397,31258.35625686653,-0.0001242958678631112,False
30.0,+,6,6,31352.4629,0.01,31353.423600995782,31353.42508225339,0.001481257608247688,False
30.0,+,6,6,31453.17332,0.04,31453.888898083354,31453.888941984882,4.390152753330767e-05,False
30.0,+,6,7,32685.95963,0.01,32685.541954965192,32685.541959457976,4.4927837734576315e-06,False
30.0,+,6,7,32778.89992,0.01,32778.72097369339,32778.7209789833,5.289912223815918e-06,False
30.0,+,6,7,32876.76443,0.01,32876.294852421546,32876.29485460511,2.1835658117197454e-06,False
30.0,+,6,8,34032.72263,0.0,34030.895595270864,34030.895465516754,-0.00012975410936633125,False
30.0,+,6,8,34126.88692,0.0,34126.66013722372,34126.660117608604,-1.961511588888243e-05,False
30.0,+,6,9,35303.89038,0.0059,35302.676967137704,35302.67696106523,-6.072470569051802e-06,False
30.0,+,6,9,35390.83391,0.0059,35389.86153026337,35389.86152727481,-2.9885632102377713e-06,False
30.0,+,6,9,35482.70753,0.0059,35482.85084956265,35482.85084405653,-5.506124580278993e-06,False
30.0,+,6,10,36483.82772,0.0028,36483.573813248506,36483.57381197115,-1.2773525668308139e-06,False
30.0,+,6,10,36569.25962,0.0028,36569.05825541959,36569.058253863186,-1.5564073692075908e-06,False
30.0,+,6,10,36653.53564,0.0028,36657.96166766159,36657.96165960989,-8.05169838713482e-06,False
30.0,-,2,0,2019.90267,256.0,2019.893546913143,2019.893548903579,1.9904359760403167e-06,False
30.0,-,2,0,2118.94966,625.0,2118.955519202369,2118.955521139858,1.937488832481904e-06,False
30.0,-,2,0,2220.01085,196.0,2219.998275081169,2219.998276868052,1.7868828763312194e-06,False
30.0,-,2,1,3623.4354,4.84,3623.422658372759,3623.422658911133,5.383740244724322e-07,False
30.0,-,2,1,3721.53365,9.0,3721.528450615614,3721.528450665941,5.0326889322604984e-08,False
30.0,-,2,1,3821.54104,2.89,3821.496680209975,3821.496679382989,-8.269857971754391e-07,False
30.0,-,2,2,5203.57026,3.24,5203.612452307775,5203.612454711653,2.4038781702984124e-06,False
30.0,-,2,2,5300.75086,4.41,5300.768079481107,5300.768080035414,5.543070074054413e-07,False
30.0,-,2,2,5399.69125,2.89,5399.641215906421,5399.641213360842,-2.545579263824038e-06,False
30.0,-,2,3,6760.38763,1.21,6760.357786920643,6760.35779216467,5.244027306616772e-06,False
30.0,-,2,3,6856.59683,2.25,6856.580278989383,6856.580279843854,8.544711818103679e-07,False
30.0,-,2,3,6954.43667,1.44,6954.334206461363,6954.334199736156,-6.725206731061917e-06,False
30.0,-,2,4,8293.64193,0.64,8293.725442498855,8293.72545213018,9.631325156078674e-06,False
30.0,-,2,4,8389.13779,0.64,8389.04333628342,8389.043336776953,4.935336619382724e-07,False
30.0,-,2,4,8485.80008,0.49,8485.630368343982,8485.630352819771,-1.55242105392972e-05,False
30.0,-,3,0,9758.40056,289.0,9758.280081058034,9758.280083351188,2.2931544663151726e-06,False
30.0,-,2,5,9803.41164,0.25,9803.676208974408,9803.67623120603,2.2231621187529527e-05,False
30.0,-,2,5,9898.05433,0.49,9898.175565139387,9898.175567331515,2.1921277948422357e-06,False
30.0,-,2,5,9993.49232,0.25,9993.457737122806,9993.457703901227,-3.322157863294706e-05,False
30.0,-,2,6,11290.82757,0.25,11290.776335110188,11290.77633956267,4.4524822442326695e-06,False
30.0,-,3,1,11326.58972,3.61,11326.454162989603,11326.45416498196,1.992357283597812e-06,False
30.0,-,2,6,11383.86781,0.16,11383.930459128369,11383.930458922983,-2.0538573153316975e-07,False
30.0,-,3,2,12870.45932,1.21,12870.33233343421,12870.332335936953,2.502743882359937e-06,False
30.0,-,2,8,14193.19963,0.16,14193.327287046883,14193.32733516894,4.8122057705768384e-05,False
30.0,-,2,8,14287.32503,0.16,14285.135647148278,14285.135651532562,4.384284693514928e-06,False
30.0,-,2,8,14376.21076,0.09,14376.890007738553,14376.889936497013,-7.124154035409447e-05,False
30.0,-,3,3,14389.98522,0.49,14389.885923644882,14389.885925034656,1.389773387927562e-06,False
30.0,-,2,9,15610.95097,0.0033,15610.712953042232,15610.71292978462,-2.3257611246663146e-05,False
30.0,-,2,9,15700.66242,0.0033,15700.628439476473,15700.628436897035,-2.5794379325816408e-06,False
30.0,-,2,9,15793.58789,0.0033,15792.854397585452,15792.854439456269,4.1870816858136095e-05,False
30.0,-,3,4,15885.11842,0.25,15885.035326095709,15885.035326570587,4.748781066155061e-07,False
30.0,-,3,5,17355.63327,0.04,17355.726437566,17355.72643861901,1.0530093277338892e-06,False
30.0,-,3,6,18801.59019,0.01,18801.764957987536,18801.76496681636,8.828825230011716e-06,False
31.0,+,4,0,7719.92961,144.0,7719.823729395322,7719.823729273694,-1.2162763596279547e-07,False
31.0,+,4,1,9151.8699,1.44,9151.732067260858,9151.732067028997,-2.318611223017797e-07,False
31.0,+,4,2,10561.63118,2.25,10561.523264376377,10561.523264269366,-1.0701114661060274e-07,False
31.0,+,4,3,11949.27043,2.56,11949.18060261588,11949.180602382385,-2.3349457478616387e-07,False
31.0,+,7,0,13296.50587,9.0,13296.49699712938,13296.496998427241,1.2978616723557934e-06,False
31.0,+,4,4,13314.88681,1.69,13314.789497785732,13314.789497616883,-1.6884951037354767e-07,False
31.0,+,4,5,14658.54655,1.21,14658.45859878446,14658.458598643187,-1.412736310157925e-07,False
31.0,+,7,1,14664.31723,0.09,14664.26025570593,14664.260255679652,-2.627893991302699e-08,False
31.0,+,4,6,15980.37324,0.49,15980.301614151267,15980.30161389486,-2.564065653132275e-07,False
31.0,+,7,2,16009.23466,0.16,16009.168273104493,16009.168273141995,3.750210453290492e-08,False
31.0,+,4,7,17280.62102,0.16,17280.43945643712,17280.43945627595,-1.6116973711177707e-07,False
31.0,+,7,3,17331.31203,0.16,17331.242065167517,17331.24206509915,-6.836489774286747e-08,False
31.0,+,7,4,18630.62126,0.25,18630.56910729768,18630.569106078663,-1.2190175766590983e-06,False
31.0,+,7,5,19907.21429,0.04,19907.218083739204,19907.218082192303,-1.5469013305846602e-06,False
31.0,+,7,6,21161.16539,0.01,21161.20446660294,21161.204463234048,-3.3688920666463673e-06,False
31.0,+,6,0,21607.99431,100.0,21608.029037885583,21608.02903782243,-6.315167411230505e-08,False
31.0,+,6,0,21717.70563,144.0,21717.768252853577,21717.768254342627,1.4890501915942878e-06,False
31.0,+,6,0,21828.9145,121.0,21828.859062227213,21828.859063732405,1.5051919035613537e-06,False
31.0,+,7,7,22392.59442,0.01,22392.591607231174,22392.591607248887,1.771331881172955e-08,False
31.0,+,6,1,23342.7744,0.16,23342.770417331187,23342.770416236257,-1.094929757528007e-06,False
31.0,+,6,1,23449.61243,0.36,23449.283240061133,23449.28323679477,-3.2663629099261016e-06,False
31.0,+,6,1,23561.0756,0.25,23560.900604821778,23560.900603938615,-8.831630111671984e-07,False
31.0,+,6,2,25039.20493,0.64,25039.231395623097,25039.231396916537,1.2934397091157734e-06,False
31.0,+,6,2,25146.46384,0.81,25146.56777686236,25146.567772178096,-4.684265149990097e-06,False
31.0,+,6,2,25254.75897,0.16,25254.617891975427,25254.61788594878,-6.026646587997675e-06,False
31.0,+,6,3,26693.59333,0.04,26693.62974639139,26693.629733580634,-1.2810756743419915e-05,False
31.0,+,6,3,26799.23426,0.16,26798.778928549564,26798.778891334776,-3.721478788065724e-05,False
31.0,+,6,3,26906.12167,0.04,26906.005419261437,26906.005400592225,-1.8669212295208126e-05,False
31.0,+,6,4,28301.49572,0.04,28301.568054899686,28301.56813612439,8.12247053545434e-05,False
31.0,+,6,4,28405.70794,0.01,28406.166775053287,28406.1668048636,2.9810311389155686e-05,False
31.0,+,6,4,28510.7372,0.04,28510.667564846284,28510.667557921042,-6.925241905264556e-06,False
31.0,+,6,5,29856.48557,0.04,29856.64965568614,29856.64963671485,-1.897128822747618e-05,False
31.0,+,6,5,29958.77338,0.01,29958.53887209131,29958.53881184108,-6.02502295805607e-05,False
31.0,+,6,5,30054.70808,0.04,30062.21209940592,30062.212058376066,-4.102985258214176e-05,False
31.0,+,6,6,31351.61781,0.04,31351.694779836547,31351.69462837569,-0.0001514608557044994,False
31.0,+,6,6,31452.37564,0.0,31453.46494489191,31453.465290464075,0.0003455721634963993,False
31.0,+,6,6,31553.33328,0.0,31553.274261974053,31553.274265508295,3.5342418414074928e-06,False
31.0,+,6,7,32777.89657,0.01,32777.96201065095,32777.96200232827,-8.322676876559854e-06,False
31.0,+,6,7,32876.23581,0.04,32875.87674504364,32875.87671104888,-3.3994765544775873e-05,False
31.0,+,6,9,35390.00563,0.0059,35389.229420063726,35389.2294140324,-6.031325028743595e-06,False
31.0,+,6,9,35485.72203,0.0059,35482.52869670763,35482.528683520446,-1.318718568654731e-05,False
31.0,+,6,9,35573.61076,0.0033,35575.030870922434,35575.03086856383,-2.358603524044156e-06,False
31.0,+,6,10,36568.17097,0.0028,36568.4742277216,36568.47423153686,3.815257514361292e-06,False
31.0,+,6,10,36658.35542,0.0028,36657.812806871196,36657.81280694253,7.133348844945431e-08,False
31.0,+,6,10,36750.62189,0.0028,36748.48306617129,36748.48306763649,1.4651959645561874e-06,False
31.0,-,2,0,2116.97575,676.0,2116.981274228478,2116.981276139226,1.9107478692603763e-06,False
31.0,-,2,0,2217.75317,225.0,2217.756714012869,2217.756715923994,1.911124854814261e-06,False
31.0,-,2,0,2323.02313,361.0,2323.02039084885,2323.020392746558,1.897707988973707e-06,False
31.0,-,2,1,3719.55779,7.29,3719.546728289381,3719.546728304363,1.4982106222305447e-08,False
31.0,-,2,1,3819.26923,3.24,3819.264181248149,3819.264181149606,-9.8542841442395e-08,False
31.0,-,2,1,3923.53173,5.76,3923.512523192984,3923.512523225066,3.208197085768916e-08,False
31.0,-,2,2,5298.77142,5.29,5298.777972324599,5298.777972832359,5.077599780634046e-07,False
31.0,-,2,2,5397.40167,3.61,5397.419353719017,5397.41935368449,-3.4527147363405675e-08,False
31.0,-,2,2,5500.66012,6.25,5500.661438438697,5500.661438904959,4.6626246330561116e-07,False
31.0,-,2,3,6854.62273,1.21,6854.580912285423,6854.580912977049,6.916252459632233e-07,False
31.0,-,2,3,6952.11332,1.0,6952.126043501913,6952.126042937974,-5.639394657919183e-07,False
31.0,-,2,3,7054.39831,1.96,7054.384441872748,7054.384442561387,6.886393748573028e-07,False
31.0,-,2,4,8387.0526,0.81,8387.033939428069,8387.033939490644,6.257505447138101e-08,False
31.0,-,2,4,8483.61232,0.36,8483.44240588391,8483.442403312525,-2.5713852664921433e-06,False
31.0,-,2,4,8584.58304,0.49,8584.755706038475,8584.755706038679,2.0372681319713593e-10,False
31.0,-,3,0,9857.14287,484.0,9857.205182894455,9857.205185189365,2.2949097910895944e-06,False
31.0,-,2,5,9896.13506,0.49,9896.155615059168,9896.155616089647,1.0304793249815702e-06,False
31.0,-,2,5,9991.1809,0.25,9991.310723776298,9991.310719103783,-4.6725144784431905e-06,False
31.0,-,2,5,10091.68633,0.09,10091.792299914257,10091.792300829231,9.149734978564084e-07,False
31.0,-,2,6,11381.94263,0.16,11381.89688086996,11381.896879633374,-1.2365853763185441e-06,False
31.0,-,3,1,11424.26999,4.84,11424.315394981759,11424.315396708105,1.7263464542338625e-06,False
31.0,-,2,6,11476.61692,0.36,11476.605434902247,11476.605434929752,2.7504938771016896e-08,False
31.0,-,2,6,11575.49843,0.09,11575.441688796609,11575.441688454315,-3.422937879804522e-07,False
31.0,-,3,2,12967.08729,1.44,12967.131093253402,12967.131095168641,1.915239408845082e-06,False
31.0,-,2,8,14283.91438,0.09,14283.078763341036,14283.078764601001,1.259964847122319e-06,False
31.0,-,2,8,14375.23892,0.09,14374.799840994863,14374.799830100854,-1.0894009392359294e-05,False
31.0,-,2,8,14471.91454,0.09,14472.426239410759,14472.426240873638,1.46287857205607e-06,False
31.0,-,3,3,14485.53639,0.64,14485.617785287654,14485.61778726248,1.974825863726437e-06,False
31.0,-,2,9,15698.54271,0.0033,15698.553510651665,15698.553508375991,-2.275673978147097e-06,False
31.0,-,2,9,15790.58661,0.0033,15790.522890268476,15790.522897119963,6.8514873419189826e-06,False
31.0,-,2,9,15880.53564,0.0033,15885.795486747378,15885.795485469584,-1.2777945812558755e-06,False
31.0,-,3,4,15979.60972,0.81,15979.696922005634,15979.696922478763,4.73128238809295e-07,False
31.0,-,3,5,17449.01026,0.04,17449.312702690513,17449.312703605043,9.145296644419432e-07,False
31.0,-,3,6,18893.91687,0.04,18894.308597206316,18894.308600619588,3.413271770114079e-06,False
32.0,+,1,0,1904.68564,400.0,1904.693486319035,1904.69348628983,-2.9205011742305942e-08,False
32.0,+,1,1,3712.89882,84.0,3712.899120559532,3712.899120664719,1.0518670023884624e-07,False
32.0,+,1,2,5492.45724,6.76,5492.597330813391,5492.597331301563,4.88172190671321e-07,False
32.0,+,1,3,7242.35355,2.56,7242.660959291154,7242.660960555022,1.2638683983823285e-06,False
32.0,+,4,0,7719.74803,144.0,7719.826704618238,7719.826704495932,-1.2230611901031807e-07,False
32.0,+,4,0,7911.90872,144.0,7911.878444685753,7911.878444565691,-1.2006148608634248e-07,False
32.0,+,1,4,8961.29878,0.36,8961.810370598469,8961.810372150328,1.5518598956987262e-06,False
32.0,+,4,1,9151.70171,1.44,9151.742907033373,9151.742906795325,-2.3804750526323915e-07,False
32.0,+,4,1,9341.72956,1.69,9341.658025869945,9341.658025636747,-2.331980795133859e-07,False
32.0,+,4,2,10561.40355,2.25,10561.511583973926,10561.511583899062,-7.486414688173681e-08,False
32.0,+,4,2,10749.36922,2.25,10749.32543134117,10749.325431214214,-1.2695636542048305e-07,False
32.0,+,4,3,11949.06916,2.25,11949.183766344775,11949.183766113749,-2.3102620616555214e-07,False
32.0,+,4,3,12134.87071,1.96,12134.838885828125,12134.838885589694,-2.384313120273873e-07,False
32.0,+,4,4,13314.69792,1.0,13314.79585932966,13314.795859175725,-1.539356162538752e-07,False
32.0,+,7,0,13388.81056,9.0,13388.805450743626,13388.805452037339,1.2937125575263053e-06,False
32.0,+,4,4,13498.35575,1.21,13498.321258277268,13498.321258083457,-1.9381150195840746e-07,False
32.0,+,4,5,14658.36342,0.81,14658.466728103042,14658.466728011075,-9.196628525387496e-08,False
32.0,+,7,1,14755.54507,0.09,14755.483857148096,14755.483857131505,-1.6591002349741757e-08,False
32.0,+,4,5,14839.90592,0.49,14839.862014734425,14839.86201454517,-1.892549335025251e-07,False
32.0,+,4,6,15980.14864,0.16,15980.31097671844,15980.310976580264,-1.381758920615539e-07,False
32.0,+,7,2,16099.37822,0.25,16099.307353489436,16099.30735351929,2.985507308039814e-08,False
32.0,+,4,6,16159.58865,0.16,16159.577102979983,16159.577102596368,-3.836157702608034e-07,False
32.0,+,8,0,16747.14145,1.0,16747.192349711262,16747.192349524805,-1.8645732779987156e-07,False
32.0,+,4,7,17280.22783,0.16,17280.44987033228,17280.44987041176,7.948256097733974e-08,False
32.0,+,7,3,17420.37237,0.09,17420.29765168458,17420.29765163323,-5.135007086209953e-08,False
32.0,+,4,7,17457.5326,0.09,17457.58762329368,17457.587622862527,-4.3115142034366727e-07,False
32.0,+,7,4,18718.58776,0.04,18718.540913037214,18718.540911835935,-1.201278791995719e-06,False
32.0,+,6,0,21716.0217,121.0,21715.952562916747,21715.952562683746,-2.3300162865780294e-07,False
32.0,+,6,0,21827.19806,64.0,21827.19930923196,21827.19931045946,1.227497705258429e-06,False
32.0,+,6,0,21943.36703,100.0,21943.491886604294,21943.49188796566,1.36136804940179e-06,False
32.0,+,7,7,22477.24962,0.04,22477.302901858344,22477.302901913714,5.537003744393587e-08,False
32.0,+,6,1,23447.90724,0.36,23447.8988580518,23447.898868690052,1.0638250387273729e-05,False
32.0,+,6,1,23559.40955,0.16,23559.252797278594,23559.252795416647,-1.8619466572999954e-06,False
32.0,+,6,1,23674.38581,0.16,23674.477680749766,23674.477678176514,-2.5732515496201813e-06,False
32.0,+,6,2,25144.83713,0.49,25144.798634401202,25144.798631093832,-3.3073702070396394e-06,False
32.0,+,6,2,25253.0544,0.36,25253.051666438816,25253.051661880498,-4.558318323688582e-06,False
32.0,+,6,2,25366.62994,0.16,25366.76176360222,25366.761761520327,-2.081891580019146e-06,False
32.0,+,6,3,26797.64554,0.04,26797.098820716466,26797.098815336947,-5.379519279813394e-06,False
32.0,+,6,3,26904.50753,0.04,26904.427705742575,26904.427684932445,-2.0810130081372336e-05,False
32.0,+,6,3,27016.312,0.04,27014.868113621786,27014.868075091134,-3.853065209113993e-05,False
32.0,+,6,4,28404.13796,0.01,28404.416303062048,28404.416370264636,6.720258897985332e-05,False
32.0,+,6,4,28509.13042,0.04,28509.169958451217,28509.170021400263,6.294904596870765e-05,False
32.0,+,6,4,28619.54731,0.01,28619.96058490649,28619.960619092297,3.418580672587268e-05,False
32.0,+,6,5,29957.12863,0.09,29956.90275548048,29956.902766178595,1.0698113328544423e-05,False
32.0,+,6,5,30060.7229,0.04,30060.710781895534,30060.710910500293,0.00012860475908382796,False
32.0,+,6,5,30168.7022,0.01,30168.18108399811,30168.18097469967,-0.00010929844211204909,False
32.0,+,6,6,31450.96889,0.04,31451.429214833082,31451.42898650701,-0.00022832607282907702,False
32.0,+,6,6,31551.9609,0.04,31551.963015655165,31551.96323282054,0.00021716537594329566,False
32.0,+,6,6,31658.56333,0.04,31659.205019703026,31659.205048829852,2.912682612077333e-05,False
32.0,+,6,7,32874.93363,0.04,32874.308531323564,32874.30852212492,-9.198643965646625e-06,False
32.0,+,6,7,32973.65192,0.04,32973.45964438112,32973.459645493516,1.1123993317596614e-06,False
32.0,+,6,7,33071.66043,0.01,33076.838403224385,33076.838402459056,-7.653288776054978e-07,False
32.0,+,6,8,34220.00163,0.0,34234.34036475702,34234.33984764622,-0.0005171108059585094,False
32.0,+,6,9,35482.81938,0.0033,35481.027218180694,35481.02720276296,-1.5417732356581837e-05,False
32.0,+,6,9,35575.32292,0.0033,35573.88193842288,35573.881935566176,-2.856701030395925e-06,False
32.0,+,6,9,35673.12254,0.0033,35672.37880813363,35672.378802260115,-5.8735167840495706e-06,False
32.0,+,6,10,36656.92671,0.0028,36656.46204090229,36656.46203895277,-1.949520083144307e-06,False
32.0,+,6,10,36747.62061,0.0028,36747.420155772146,36747.420155589694,-1.824519131332636e-07,False
32.0,+,6,10,36836.43764,0.0028,36841.51806933164,36841.51806180564,-7.5260031735524535e-06,False
32.0,-,2,0,2216.64429,169.0,2216.639873741779,2216.639875724132,1.98235284187831e-06,False
32.0,-,2,0,2321.9777,484.0,2321.990490149946,2321.990492077175,1.9272292774985544e-06,False
32.0,-,2,0,2429.23261,225.0,2429.221271040831,2429.221272816528,1.7756970009941142e-06,False
32.0,-,2,1,3818.14334,3.61,3818.138763935378,3818.138764516237,5.80859250476351e-07,False
32.0,-,2,1,3922.47738,7.29,3922.470343529083,3922.470343600382,7.129892765078694e-08,False
32.0,-,2,1,4028.59714,3.61,4028.554321647913,4028.554320838192,-8.097213139990345e-07,False
32.0,-,2,2,5396.25744,3.61,5396.286548838924,5396.286551304424,2.4655000743223354e-06,False
32.0,-,2,2,5499.59169,5.29,5499.605934271328,5499.60593479315,5.218216756475158e-07,False
32.0,-,2,2,5604.57221,2.89,5604.520606275788,5604.52060365547,-2.6203179004369304e-06,False
32.0,-,2,3,6950.94282,1.0,6950.988497885975,6950.988503387706,5.501730811374728e-06,False
32.0,-,2,3,7053.31494,2.56,7053.314590376743,7053.314591249614,8.72871169121936e-07,False
32.0,-,2,3,7157.13772,1.21,7157.033668148026,7157.033661323713,-6.824312549724709e-06,False
32.0,-,2,4,8482.17589,0.49,8482.306107682065,8482.306117776025,1.0093959645018913e-05,False
32.0,-,2,4,8583.65538,0.36,8583.670450187206,8583.670450659376,4.7216963139362633e-07,False
32.0,-,2,4,8686.24349,0.36,8686.14265467466,8686.14263891755,-1.5757110304548405e-05,False
32.0,-,3,0,9959.40219,225.0,9959.268715774739,9959.268718063253,2.288514224346727e-06,False
32.0,-,2,5,9989.88198,0.16,9990.195375131912,9990.195398154548,2.3022636014502496e-05,False
32.0,-,2,5,10090.63795,0.09,10090.69042149129,10090.69042361625,2.1249597921269014e-06,False
32.0,-,2,5,10191.84624,0.09,10191.772115275768,10191.772081885074,-3.339069371577352e-05,False
32.0,-,3,1,11525.44325,2.25,11525.296511831259,11525.296514431107,2.599848812678829e-06,False
32.0,-,2,6,11574.33781,0.04,11574.32723696244,11574.327235977285,-9.851537470240146e-07,False
32.0,-,3,2,13067.14337,0.49,13066.998494001311,13066.998496201377,2.20006586459931e-06,False
32.0,-,2,8,14374.06063,0.09,14373.680737874743,14373.680785856519,4.7981775423977524e-05,False
32.0,-,2,8,14474.18003,0.09,14471.270885258895,14471.270889349917,4.091021764907055e-06,False
32.0,-,2,8,14566.88276,0.09,14568.654244054307,14568.654175217258,-6.883704918436706e-05,False
32.0,-,3,3,14584.49294,0.16,14584.38467133789,14584.384672867447,1.5295572666218504e-06,False
32.0,-,2,9,15789.49796,0.0033,15789.150485081325,15789.150455255398,-2.9825927413185127e-05,False
32.0,-,2,9,15884.82842,0.0033,15884.626864566348,15884.626861468185,-3.0981627787696198e-06,False
32.0,-,2,9,15984.40289,0.0033,15982.639577072201,15982.639629989955,5.29177541466197e-05,False
32.0,-,3,4,16077.3949,0.36,16077.358581796616,16077.358582228344,4.317280399845913e-07,False
32.0,-,3,5,17545.75724,0.01,17545.865849805825,17545.86585071851,9.126852091867477e-07,False
32.0,-,3,6,18989.50355,0.01,18989.735770701078,18989.735775550664,4.849585820920765e-06,False
33.0,+,4,0,7911.98968,121.0,7911.881356138333,7911.881356017826,-1.2050713849021122e-07,False
33.0,+,4,1,9341.80886,1.69,9341.663053541839,9341.663053308466,-2.333727024961263e-07,False
33.0,+,4,2,10749.43776,1.96,10749.327799207818,10749.327799100653,-1.0716576070990413e-07,False
33.0,+,4,3,12134.9549,0.81,12134.85963417334,12134.859633942671,-2.306678652530536e-07,False
33.0,+,7,0,13483.94996,9.0,13483.944253817823,13483.944255106904,1.2890814105048776e-06,False
33.0,+,4,4,13498.43438,1.21,13498.343342357324,13498.343342183585,-1.7373895389027894e-07,False
33.0,+,4,5,14839.98122,0.49,14839.888092373254,14839.888092236202,-1.3705175661016256e-07,False
33.0,+,7,1,14849.57029,0.09,14849.503775337853,14849.50377533134,-6.511982064694166e-09,False
33.0,+,4,6,16159.67072,0.25,16159.607704181482,16159.60770392592,-2.555625542299822e-07,False
33.0,+,7,2,16192.28664,0.25,16192.20869910164,16192.20869912362,2.1978848963044584e-08,False
33.0,+,4,7,17457.77358,0.09,17457.62295714633,17457.62295698038,-1.6595004126429558e-07,False
33.0,+,7,3,17512.16004,0.09,17512.08147797624,17512.08147794241,-3.382956492714584e-08,False
33.0,+,7,4,18809.26418,0.04,18809.206915849427,18809.20691466677,-1.1826559784822166e-06,False
33.0,+,7,5,20083.64482,0.01,20083.652370746062,20083.65236922863,-1.5174337022472173e-06,False
33.0,+,6,0,21826.25213,64.0,21826.306001310895,21826.306001161913,-1.4898250810801983e-07,False
33.0,+,6,0,21942.79256,144.0,21942.852893263233,21942.852894546977,1.283744495594874e-06,False
33.0,+,6,0,22060.63752,100.0,22060.580308474713,22060.58030983285,1.3581375242210925e-06,False
33.0,+,7,7,22564.54336,0.01,22564.605806213905,22564.605806312553,9.864743333309889e-08,False
33.0,+,6,1,23558.44944,0.16,23558.45224123625,23558.452240033374,-1.2028758646920323e-06,False
33.0,+,6,1,23673.98822,0.16,23674.127801193903,23674.12780028203,-9.118739399127662e-07,False
33.0,+,6,1,23790.17823,0.09,23790.180274775594,23790.180280102715,5.327121471054852e-06,False
33.0,+,6,2,25252.18657,0.09,25252.182668470406,25252.18266904445,5.740439519286156e-07,False
33.0,+,6,2,25366.07452,0.36,25366.162414822767,25366.162409818622,-5.004145350540057e-06,False
33.0,+,6,2,25480.64299,0.09,25480.668028708253,25480.66802293537,-5.7728830142878e-06,False
33.0,+,6,3,26903.55457,0.01,26903.663721953082,26903.66370773468,-1.4218403521226719e-05,False
33.0,+,6,3,27015.80947,0.09,27014.417787288123,27014.417745244893,-4.204322976875119e-05,False
33.0,+,6,3,27129.05558,0.04,27128.98398404185,27128.983952239796,-3.18020538543351e-05,False
33.0,+,6,4,28508.22882,0.01,28508.391659115994,28508.391703986694,4.487069963943213e-05,False
33.0,+,6,4,28619.13395,0.01,28619.426050997896,28619.426063866315,1.2868418707512319e-05,False
33.0,+,6,4,28730.27589,0.04,28730.203448789383,28730.203438837,-9.952382242772728e-06,False
33.0,+,6,5,30059.77507,0.04,30059.981195876102,30059.981172383563,-2.3492539185099304e-05,False
33.0,+,6,5,30168.22202,0.01,30167.75741260694,30167.757343881138,-6.8725803430425e-05,False
33.0,+,6,5,30277.70548,0.04,30277.972679557613,30277.972634232603,-4.5325010432861745e-05,False
33.0,+,6,6,31550.89713,0.04,31550.90958205164,31550.909146376824,-0.0004356748177087866,False
33.0,+,6,6,31658.29195,0.0,31658.757845902852,31658.757958363145,0.00011246029316680506,False
33.0,+,6,6,31758.72324,0.0,31764.79073636932,31764.79072884814,-7.52117921365425e-06,False
33.0,+,6,7,33077.19381,0.04,33076.50976630547,33076.50972675829,-3.95471797673963e-05,False
33.0,+,6,9,35574.66663,0.0033,35573.3292835558,35573.32927296194,-1.0593859769869596e-05,False
33.0,+,6,9,35676.11103,0.0033,35672.14116452385,35672.14114982967,-1.4694174751639366e-05,False
33.0,+,6,9,35768.09076,0.0033,35770.2389601931,35770.23895729981,-2.8932918212376535e-06,False
33.0,+,6,10,36746.67996,0.0028,36746.924955493254,36746.924958638454,3.145200025755912e-06,False
33.0,+,6,10,36842.29542,0.0028,36841.458363561214,36841.45836289104,-6.70173903927207e-07,False
33.0,+,6,10,36941.21989,0.0028,36937.65781072282,36937.6578132428,2.5199769879691303e-06,False
33.0,-,2,0,2320.12392,625.0,2320.128728201287,2320.128730100983,1.8996961443917826e-06,False
33.0,-,2,0,2427.06253,144.0,2427.066753280966,2427.066755182058,1.9010917640116531e-06,False
33.0,-,2,0,2538.65131,441.0,2538.64337017401,2538.643372059436,1.8854257177736145e-06,False
33.0,-,2,1,3920.61602,7.84,3920.60155709564,3920.601557131654,3.6013716453453526e-08,False
33.0,-,2,1,4026.42384,3.24,4026.40964599626,4026.409645926116,-7.01443241268862e-08,False
33.0,-,2,1,4136.93241,6.25,4136.908837243311,4136.908837299164,5.5852979130577296e-08,False
33.0,-,2,2,5497.72407,4.41,5497.729280758108,5497.729281233259,4.75150955026038e-07,False
33.0,-,2,2,5602.38181,2.56,5602.387479914606,5602.387479865764,-4.884168447460979e-08,False
33.0,-,2,2,5711.82558,5.29,5711.819272440533,5711.819272873124,4.325911504565738e-07,False
33.0,-,2,3,7051.44496,1.96,7051.429257679768,7051.429258392222,7.124544936232269e-07,False
33.0,-,2,3,7154.91753,1.44,7154.915313934293,7154.915313432062,-5.022311597713269e-07,False
33.0,-,2,3,7263.21353,1.0,7263.304284759156,7263.304285471395,7.122389433789067e-07,False
33.0,-,2,4,8581.78166,0.81,8581.77572544474,8581.775725494004,4.926369001623243e-08,False
33.0,-,2,4,8684.19488,0.36,8684.04575003245,8684.04574753724,-2.49520962825045e-06,False
33.0,-,2,4,8791.3282,0.36,8791.433561900281,8791.433561894348,-5.933543434366584e-09,False
33.0,-,3,0,10064.39492,441.0,10064.465841430823,10064.465843721671,2.2908479877514765e-06,False
33.0,-,2,5,10088.75272,0.09,10088.785822101274,10088.78582309244,9.911655070027336e-07,False
33.0,-,2,5,10189.4839,0.09,10189.717158251375,10189.717153791173,-4.460202035261318e-06,False
33.0,-,2,5,10296.08633,0.04,10296.222576750784,10296.2225776349,8.841161616146564e-07,False
33.0,-,2,6,11572.50163,0.09,11572.409286836517,11572.409284953495,-1.8830214685294777e-06,False
33.0,-,3,1,11629.30154,3.24,11629.356045722441,11629.356047713178,1.9907365640392527e-06,False
33.0,-,2,6,11672.93292,0.04,11673.036206182396,11673.036207871823,1.6894264263100922e-06,False
33.0,-,3,2,13169.88032,1.21,13169.931109926218,13169.931111731124,1.8049067875836045e-06,False
33.0,-,2,8,14470.65538,0.09,14469.331614739549,14469.331615797077,1.0575276974122971e-06,False
33.0,-,2,8,14567.52592,0.09,14566.649343929239,14566.649333967767,-9.961471732822247e-06,False
33.0,-,2,8,14670.29354,0.09,14670.06767631941,14670.067677598636,1.2792261259164661e-06,False
33.0,-,3,3,14686.08706,0.36,14686.181296341689,14686.181298329097,1.9874078134307638e-06,False
33.0,-,2,9,15882.75671,0.0033,15882.670327909407,15882.670325238365,-2.67104223894421e-06,False
33.0,-,2,9,15980.48761,0.0033,15980.373058051402,15980.373066305086,8.253684427472763e-06,False
33.0,-,2,9,16075.08164,0.0033,16081.162860378881,16081.162858932605,-1.446276655769907e-06,False
33.0,-,3,4,16177.84171,0.64,16178.015330973296,16178.015331399476,4.2618012230377644e-07,False
33.0,-,3,5,17645.036,0.04,17645.376923103267,17645.376923857963,7.546950655523688e-07,False
33.0,-,3,6,19087.63194,0.04,19088.10774373164,19088.10774681121,3.0795672500971705e-06,False
34.0,+,1,0,2145.2555,361.0,2145.269621484812,2145.269621452151,-3.2660864235367626e-08,False
34.0,+,1,1,3951.02165,84.41,3951.021163149307,3951.021163248492,9.918494470184669e-08,False
34.0,+,1,2,5728.07475,5.76,5728.235765658857,5728.235766123656,4.6479817683575675e-07,False
34.0,+,1,3,7475.41033,1.44,7475.76180503743,7475.761806272061,1.2346308722044341e-06,False
34.0,+,4,0,7911.80409,144.0,7911.884722845612,7911.884722724368,-1.212438291986473e-07,False
34.0,+,4,0,8115.56408,121.0,8115.525757900959,8115.525757782081,-1.188782334793359e-07,False
34.0,+,1,4,9191.70311,0.09,9192.295857815958,9192.295859368098,1.5521400200668722e-06,False
34.0,+,4,1,9341.63769,1.44,9341.676911971483,9341.676911729151,-2.4233122530858964e-07,False
34.0,+,4,1,9543.12815,1.44,9543.047716365481,9543.047716130366,-2.3511529434472322e-07,False
34.0,+,4,2,10749.21909,1.44,10749.32083915943,10749.320839075257,-8.417373464908451e-08,False
34.0,+,4,2,10948.51754,2.25,10948.461750968578,10948.461750831446,-1.3713179214391857e-07,False
34.0,+,4,3,12134.74613,2.56,12134.863423872896,12134.863423644289,-2.2860695025883615e-07,False
34.0,+,4,3,12331.74969,1.69,12331.713680851879,12331.713680616489,-2.3538996174465865e-07,False
34.0,+,4,4,13498.24127,0.81,13498.350377892051,13498.35037773325,-1.5880141290836036e-07,False
34.0,+,7,0,13581.91509,9.0,13581.908401571796,13581.90840285613,1.2843338481616229e-06,False
34.0,+,4,4,13692.98433,1.0,13692.9392500259,13692.939249827285,-1.9861545297317207e-07,False
34.0,+,4,5,14839.78194,0.81,14839.897053361461,14839.897053273986,-8.747520041652024e-08,False
34.0,+,7,1,14946.38562,0.09,14946.314991468364,14946.314991472422,4.058165359310806e-09,False
34.0,+,4,5,15031.28689,0.49,15032.2244336542,15032.224433469413,-1.8478749552741647e-07,False
34.0,+,4,6,16159.48353,0.16,16159.618060643206,16159.618060507464,-1.3574208423960954e-07,False
34.0,+,7,2,16287.94547,0.09,16287.867276222703,16287.867276236457,1.375337888021022e-08,False
34.0,+,4,6,16349.58699,0.16,16349.684988145029,16349.684987763214,-3.81814970751293e-07,False
34.0,+,4,7,17457.44033,0.16,17457.634535241294,17457.63453531982,7.852577255107462e-08,False
34.0,+,7,3,17606.66695,0.09,17606.588492423805,17606.588492407318,-1.6487319953739643e-08,False
34.0,+,7,4,18902.61175,0.01,18902.562037518925,18902.56203635549,-1.163432898465544e-06,False
34.0,+,7,6,21426.42238,0.01,21426.481310665014,21426.481307633185,-3.031829692190513e-06,False
34.0,+,6,0,21941.19575,144.0,21941.121799843168,21941.121799530196,-3.1297167879529297e-07,False
34.0,+,6,0,22059.00544,64.0,22058.9942812152,22058.994282231342,1.0161420505028218e-06,False
34.0,+,6,0,22181.98279,100.0,22182.10904920934,22182.109050400777,1.191438059322536e-06,False
34.0,+,7,7,22654.41845,0.04,22654.495214516413,22654.495214665876,1.4946272131055593e-07,False
34.0,+,6,1,23672.51338,0.25,23672.453241837866,23672.453236288944,-5.5489217629656196e-06,False
34.0,+,6,1,23788.44532,0.09,23788.210630932703,23788.210627586242,-3.34646028932184e-06,False
34.0,+,6,1,23910.22666,0.09,23910.44937917442,23910.449380550508,1.376087311655283e-06,False
34.0,+,6,2,25364.55692,0.09,25364.467272454665,25364.467270563742,-1.890923158498481e-06,False
34.0,+,6,2,25479.28758,0.16,25479.168298285313,25479.168294458173,-3.827139153145254e-06,False
34.0,+,6,2,25599.37206,0.09,25599.535316149908,25599.535314290348,-1.8595601432025433e-06,False
34.0,+,6,3,27014.31098,0.04,27012.92853404618,27012.92853478937,7.431917765643448e-07,False
34.0,+,6,3,27127.62549,0.01,27127.45913411999,27127.45910323303,-3.088695666519925e-05,False
34.0,+,6,3,27245.87229,0.01,27232.55394547747,27232.55387842505,-6.705242049065419e-05,False
34.0,+,6,4,28617.78369,0.01,28617.754181573197,28617.754224172328,4.259913112036884e-05,False
34.0,+,6,4,28728.79502,0.04,28728.771784529778,28728.7718352209,5.0691123760771006e-05,False
34.0,+,6,4,28845.47645,0.04,28845.98274222375,28845.982775971326,3.374757579877041e-05,False
34.0,+,6,5,30166.80883,0.01,30166.242587398272,30166.2426010485,1.3650227629113942e-05,False
34.0,+,6,5,30276.68887,0.04,30276.496355912543,30276.49710185237,0.0007459398257196881,False
34.0,+,6,5,30390.94104,0.01,30389.278846914756,30389.27876322727,-8.368748603970744e-05,False
34.0,+,6,6,31656.80772,0.04,31657.9162653619,31657.917694701053,0.0014293391541286837,False
34.0,+,6,6,31763.1699,0.04,31763.502268344128,31763.50237316984,0.00010482571087777615,False
34.0,+,6,6,31869.22433,0.01,31876.84785495865,31876.84787632716,2.1368508896557614e-05,False
34.0,+,6,7,33075.97963,0.04,33075.03948818662,33075.03948262668,-5.5599448387511075e-06,False
34.0,+,6,7,33180.44692,0.04,33180.207611720485,33180.20760830099,-3.419496351853013e-06,False
34.0,+,6,9,35673.03838,0.0033,35670.72640724003,35670.72639047578,-1.676425017649308e-05,False
34.0,+,6,9,35771.12692,0.0033,35769.16325504458,35769.16325213104,-2.913540811277926e-06,False
34.0,+,6,9,35872.73154,0.0033,35873.107775160766,35873.10776914002,-6.020745786372572e-06,False
34.0,+,6,10,36840.93371,0.0028,36840.20279877333,36840.202795776226,-2.9971051844768226e-06,False
34.0,+,6,10,36936.88161,0.0028,36936.66864422058,36936.668645162616,9.420327842235565e-07,False
34.0,+,6,10,37030.46464,0.0028,37035.80877105745,37035.808763373025,-7.68442259868607e-06,False
34.0,-,2,0,2426.06408,169.0,2426.057218885143,2426.057220857616,1.9724730009329505e-06,False
34.0,-,2,0,2537.68406,361.0,2537.694366741775,2537.694368657611,1.915836037369445e-06,False
34.0,-,2,0,2651.11024,169.0,2651.099292189444,2651.099293953678,1.764234184520319e-06,False
34.0,-,2,1,4025.39857,3.61,4025.392391600901,4025.392392222164,6.212626431079116e-07,False
34.0,-,2,1,4135.95699,7.29,4135.947845154649,4135.947845248804,9.415452950634062e-08,False
34.0,-,2,1,4248.18098,4.0,4248.133581862481,4248.133581077037,-7.854441719246097e-07,False
34.0,-,2,2,5601.3298,3.24,5601.363840753466,5601.363843265232,2.5117660698015243e-06,False
34.0,-,2,2,5710.83274,5.76,5710.845294623562,5710.845295110526,4.869643817073666e-07,False
34.0,-,2,2,5821.84718,1.96,5821.787412880763,5821.787410198528,-2.6822353902389295e-06,False
34.0,-,2,3,7153.83406,1.21,7153.888111182009,7153.888116912014,5.730004886572715e-06,False
34.0,-,2,3,7262.33595,1.44,7262.31634779508,7262.316348685659,8.905790309654549e-07,False
34.0,-,2,3,7372.00306,1.21,7371.9864402062,7371.986433316508,-6.889692485856358e-06,False
34.0,-,2,4,8682.92425,0.49,8683.021165699292,8683.021176193357,1.049406455422286e-05,False
34.0,-,2,4,8790.41202,0.25,8790.430659543108,8790.43065999294,4.498324415180832e-07,False
34.0,-,2,4,8898.76948,0.25,8898.774048841811,8898.774032923318,-1.5918492863420397e-05,False
34.0,-,3,0,10172.94075,196.0,10172.79123380555,10172.791236085017,2.27946657105349e-06,False
34.0,-,2,5,10188.42028,0.16,10188.71470119231,10188.714724849024,2.365671389270574e-05,False
34.0,-,2,5,10295.21695,0.04,10295.203557788347,10295.203559837175,2.048827809630893e-06,False
34.0,-,3,1,11736.69415,0.64,11736.554883712228,11736.55488821652,4.504292519413866e-06,False
34.0,-,2,6,11776.67581,0.04,11776.588760933304,11776.58875814724,-2.786064214888029e-06,False
34.0,-,3,2,13276.09093,0.49,13275.922396173579,13275.922398165896,1.992317265830934e-06,False
34.0,-,2,8,14566.53163,0.09,14565.637219074268,14565.637266339534,4.7265266402973793e-05,False
34.0,-,2,8,14672.59303,0.0,14668.997056018447,14668.997059796904,3.778457539738156e-06,False
34.0,-,2,8,14769.42577,0.0,14772.01034501112,14772.010279178707,-6.583241338375956e-05,False
34.0,-,3,3,14791.12558,0.25,14791.002598539382,14791.00260018386,1.6444773791590706e-06,False
34.0,-,2,9,15979.54696,0.0033,15979.087369387344,15979.087331126162,-3.8261181543930434e-05,False
34.0,-,2,9,16080.42142,0.0033,16080.080156300832,16080.080152520653,-3.7801783037139103e-06,False
34.0,-,2,9,16187.13189,0.0033,16183.940311516606,16183.940378732286,6.721568024659064e-05,False
34.0,-,3,4,16281.69368,0.16,16281.661817456265,16281.6618178415,3.852346708299592e-07,False
34.0,-,3,5,17747.71475,0.01,17747.846375678113,17747.846376360205,6.820919224992394e-07,False
34.0,-,3,6,19189.12033,0.01,19189.384127691905,19189.384131444272,3.7523677747230977e-06,False
35.0,+,4,0,8115.63173,144.0,8115.52856267291,8115.528562553593,-1.1931751942029223e-07,False
35.0,+,4,1,9543.19716,1.44,9543.052462497231,9543.05246226242,-2.3481152311433107e-07,False
35.0,+,4,2,10948.57221,1.69,10948.459494922998,10948.459494815452,-1.0754592949524522e-07,False
35.0,+,4,3,12331.83873,1.96,12331.734632236503,12331.734632008931,-2.2757194528821856e-07,False
35.0,+,7,0,13682.69895,9.0,13682.69273818342,13682.692739462706,1.2792861525667831e-06,False
35.0,+,4,4,13693.05486,1.44,13692.96199821115,13692.96199803228,-1.788703229976818e-07,False
35.0,+,4,5,15032.34239,0.64,15032.251302057806,15032.251301924813,-1.3299359125085175e-07,False
35.0,+,7,1,15045.98502,0.09,15045.912338175844,15045.912338190861,1.501757651567459e-08,False
35.0,+,4,6,16349.76091,0.09,16349.716500355229,16349.716500101045,-2.5418376026209444e-07,False
35.0,+,7,2,16386.35998,0.04,16386.27790247376,16386.277902479,5.238689482212067e-09,False
35.0,+,4,7,17645.58806,0.09,17645.478218158234,17645.4782179869,-1.713342498987913e-07,False
35.0,+,7,3,17703.9005,0.04,17703.813497976113,17703.813497976982,8.694769348949194e-10,False
35.0,+,7,4,18998.663,0.04,18998.60107255376,18998.60107141067,-1.1430893209762871e-06,False
35.0,+,6,0,22058.13018,49.0,22058.189864815,22058.18986458105,-2.3395114112645388e-07,False
35.0,+,6,0,22181.47358,121.0,22181.536386688073,22181.536387758675,1.0706025932449847e-06,False
35.0,+,6,0,22305.93996,100.0,22305.881670994233,22305.881672200197,1.2059645086992532e-06,False
35.0,+,6,1,23787.54473,0.25,23787.562944526,23787.56294347125,-1.054748281603679e-06,False
35.0,+,6,1,23909.63657,0.16,23909.591082253697,23909.591077597193,-4.65650373371318e-06,False
35.0,+,6,1,24032.49915,0.09,24032.38590213906,24032.385904329363,2.1903033484704792e-06,False
35.0,+,6,2,25478.35723,0.49,25478.39247436484,25478.392474425767,6.092886906117201e-08,False
35.0,+,6,2,25598.92733,0.16,25599.001114802802,25599.001109618053,-5.184749170439318e-06,False
35.0,+,6,2,25720.08011,0.09,25719.94555241744,25719.945546907322,-5.510119081009179e-06,False
35.0,+,6,3,27126.66404,0.01,27126.75712856732,27126.757112740368,-1.5826950402697548e-05,False
35.0,+,6,3,27245.43283,0.0,27232.777194379676,27232.77716562564,-2.875403515645303e-05,False
35.0,+,6,3,27365.01195,0.01,27364.898387203193,27364.898338543597,-4.865959635935724e-05,False
35.0,+,6,4,28727.90306,0.01,28728.076639559353,28728.07666496072,2.540136847528629e-05,False
35.0,+,6,4,28845.22095,0.01,28845.512803502446,28845.51280418008,6.776353984605521e-07,False
35.0,+,6,4,28962.55324,0.04,28962.55026673236,28962.55025423726,-1.2495100236264989e-05,False
35.0,+,6,5,30275.6303,0.04,30275.914114604922,30275.9140863214,-2.828352080541663e-05,False
35.0,+,6,5,30390.40871,0.01,30389.000490986833,30389.000411906374,-7.90804588177707e-05,False
35.0,+,6,5,30498.22148,0.0,30490.436787246006,30490.436776763767,-1.0482239304110408e-05,False
35.0,+,6,6,31762.61328,0.0,31762.97604868579,31762.976351586854,0.00030290106587926857,False
35.0,+,6,6,31876.06895,0.04,31876.4537334297,31876.45378244235,4.901265128864907e-05,False
35.0,+,6,7,33290.15781,0.04,33288.99877350245,33288.998728006256,-4.549619188765064e-05,False
35.0,+,6,9,35770.56563,0.0033,35768.69151153459,35768.69149948246,-1.205212902277708e-05,False
35.0,+,6,9,35877.88603,0.0033,35872.950427517644,35872.95041137386,-1.6143785614985973e-05,False
35.0,+,6,9,35973.98177,0.0033,35976.630835050455,35976.63083146138,-3.589077095966786e-06,False
35.0,+,6,10,36936.07896,0.0028,36936.25440094537,36936.25440333935,2.393979229964316e-06,False
35.0,+,6,10,37037.11742,0.0028,37035.839954648836,37035.83995245473,-2.194108674302697e-06,False
35.0,+,6,10,37143.28689,0.0013,37137.64149172477,37137.641495071926,3.3471587812528014e-06,False
35.0,-,2,0,2535.9285,400.0,2535.932215684918,2535.932217572644,1.8877258298743982e-06,False
35.0,-,2,0,2649.01634,196.0,2649.022560125029,2649.022562015216,1.8901869225373957e-06,False
35.0,-,2,0,2766.90868,400.0,2766.901400406952,2766.901402279035,1.8720834304986056e-06,False
35.0,-,2,1,4134.19525,4.0,4134.179063681733,4134.179063741396,5.966285243630409e-08,False
35.0,-,2,1,4246.07931,2.89,4246.067409745021,4246.067409705365,-3.965578798670322e-08,False
35.0,-,2,1,4362.83206,4.0,4362.806859891479,4362.806859973335,8.185634214896709e-08,False
35.0,-,2,2,5709.06693,6.76,5709.069097547868,5709.069097988551,4.4068292481824756e-07,False
35.0,-,2,2,5819.74249,2.89,5819.733624992407,5819.733624928214,-6.419304554583505e-08,False
35.0,-,2,2,5935.36329,4.84,5935.344662045981,5935.344662442782,3.9680071495240554e-07,False
35.0,-,2,3,7260.56369,1.69,7260.531978407259,7260.531979141008,7.337494025705382e-07,False
35.0,-,2,3,7369.95551,1.21,7369.948395926406,7369.948395487538,-4.3886848288821056e-07,False
35.0,-,2,3,7484.40438,1.0,7484.457570780293,7484.457571516117,7.358239599852823e-07,False
35.0,-,2,4,8788.66783,1.0,8788.637455759384,8788.637455796894,3.7509380490519106e-08,False
35.0,-,2,4,8896.89786,0.36,8896.758555840743,8896.75855342527,-2.4154724087566137e-06,False
35.0,-,2,4,9010.11904,0.16,9010.21045191928,9010.21045190859,-1.0690200724638999e-08,False
35.0,-,3,0,10284.15696,400.0,10284.239761297664,10284.239763581352,2.28368844545912e-06,False
35.0,-,2,5,10293.42472,0.04,10293.401071554843,10293.401072506336,9.514933481113985e-07,False
35.0,-,2,5,10399.7869,0.09,10400.099121807552,10400.09911755587,-4.251682184985839e-06,False
35.0,-,2,6,11774.94463,0.04,11774.772487771204,11774.772484283596,-3.4876084100687876e-06,False
35.0,-,3,1,11846.7107,1.96,11846.774913961823,11846.774916373577,2.411754394415766e-06,False
35.0,-,2,6,11881.10692,0.04,11881.444846300466,11881.44485057117,4.270703357178718e-06,False
35.0,-,3,2,13384.9125,1.0,13384.968173071511,13384.968174774524,1.7030124581651762e-06,False
35.0,-,2,8,14668.92839,0.09,14667.16186528738,14667.161866138022,8.50641299621202e-07,False
35.0,-,2,8,14771.48692,0.09,14770.079484785776,14770.079475748165,-9.037610652740113e-06,False
35.0,-,2,8,14878.22853,0.09,14879.265656838694,14879.265657932885,1.0941912478301674e-06,False
35.0,-,3,3,14898.72513,0.16,14898.843109484995,14898.843111485565,2.0005700207548216e-06,False
35.0,-,2,9,16078.49271,0.0033,16078.228284222529,16078.228281025882,-3.1966465030563995e-06,False
35.0,-,2,9,16181.77462,0.0015,16181.721443931296,16181.721453942393,1.0011097401729785e-05,False
35.0,-,2,9,16281.31664,0.0015,16287.950474523492,16287.950472874878,-1.6486137610627338e-06,False
35.0,-,3,4,16388.10331,0.36,16388.292749493907,16388.292749869288,3.753812052309513e-07,False
35.0,-,3,5,17852.91507,0.04,17853.260487381678,17853.26048791114,5.294605216477066e-07,False
35.0,-,3,6,19293.05936,0.04,19293.583831813226,19293.583834641602,2.828375727403909e-06,False
36.0,+,1,0,2399.92212,361.0,2399.934158753553,2399.934158717253,-3.6300207284512e-08,False
36.0,+,1,1,4203.08299,84.41,4203.083067730041,4203.083067823247,9.320592653239146e-08,False
36.0,+,1,2,5977.48539,4.41,5977.662901914767,5977.662902355493,4.4072658056393266e-07,False
36.0,+,1,3,7722.09839,1.0,7722.496064220425,7722.496065423773,1.2033478924422525e-06,False
36.0,+,4,0,8115.44953,144.0,8115.532390325755,8115.532390205579,-1.2017608241876587e-07,False
36.0,+,4,0,8330.76156,121.0,8330.721696882141,8330.721696764445,-1.176958903670311e-07,False
36.0,+,1,4,9435.56783,0.04,9436.25143769534,9436.251439248588,1.5532477846136317e-06,False
36.0,+,4,1,9543.03905,1.44,9543.071727193943,9543.071726945174,-2.487686288077384e-07,False
36.0,+,4,1,9755.94609,1.44,9755.85492814998,9755.854927912686,-2.3729444365017116e-07,False
36.0,+,4,2,10948.36119,1.69,10948.455238052056,10948.455237962371,-8.968527254182845e-08,False
36.0,+,4,2,11158.9722,1.96,11158.892071044387,11158.892070881684,-1.6270314517896622e-07,False
36.0,+,4,3,12331.62799,2.25,12331.739006301932,12331.739006076143,-2.2578933567274362e-07,False
36.0,+,4,3,12539.78648,1.21,12539.743202342916,12539.743202111193,-2.317228791071102e-07,False
36.0,+,4,4,13692.85792,0.81,13692.969678116922,13692.969677952804,-1.641183189349249e-07,False
36.0,+,7,0,13786.29529,9.0,13786.291957539588,13786.291958813645,1.2740565580315888e-06,False
36.0,+,4,4,13898.62403,1.0,13898.580813930314,13898.58081372674,-2.0357401808723807e-07,False
36.0,+,4,5,15032.15465,1.0,15032.261064821821,15032.261064738354,-8.346796676050872e-08,False
36.0,+,7,1,15148.37762,0.04,15148.290494775552,15148.290494801831,2.627893991302699e-08,False
36.0,+,4,5,15235.50395,0.25,15235.4792663684,15235.479266188162,-1.8023820302914828e-07,False
36.0,+,4,6,16349.59183,0.16,16349.72782645372,16349.727826320186,-1.3353383110370487e-07,False
36.0,+,7,2,16487.52678,0.01,16487.435240989897,16487.43524098643,-3.4669938031584024e-09,False
36.0,+,4,6,16550.47423,0.09,16550.55421833335,16550.554217954945,-3.784043656196445e-07,False
36.0,+,4,7,17645.38348,0.09,17645.490969877595,17645.490969953054,7.545895641669631e-08,False
36.0,+,7,3,17803.8612,0.01,17803.751138610878,17803.751138628937,1.8058926798403263e-08,False
36.0,+,7,4,19097.38133,0.01,19097.318637319768,19097.318636197717,-1.1220508895348758e-06,False
36.0,+,7,6,21616.35546,0.01,21616.418315618077,21616.418312785776,-2.832301106536761e-06,False
36.0,+,6,0,22179.95516,81.0,22179.880987032673,22179.88098664293,-3.897439455613494e-07,False
36.0,+,6,0,22304.35456,36.0,22304.362467170846,22304.362467965733,7.94887455413118e-07,False
36.0,+,6,0,22434.1588,81.0,22434.28447262162,22434.28447362813,1.006508682621643e-06,False
36.0,+,6,1,23908.2445,0.09,23908.14059879028,23908.14059462245,-4.167828592471778e-06,False
36.0,+,6,1,24030.60423,0.16,24030.03571886273,24030.0357019455,-1.6917230823310092e-05,False
36.0,+,6,1,24159.2003,0.09,24159.785204665233,24159.785220272868,1.5607634850312024e-05,False
36.0,+,6,2,25597.42938,0.25,25597.37804917238,25597.37804780717,-1.3652097550220788e-06,False
36.0,+,6,2,25718.60402,0.16,25718.50765032389,25718.507646982278,-3.3416108635719866e-06,False
36.0,+,6,2,25845.33332,0.16,25845.507171878136,25845.507170106277,-1.7718593880999833e-06,False
36.0,+,6,3,27244.0109,0.0,27232.517609999333,27232.51764636967,3.6370336601976305e-05,False
36.0,+,6,3,27363.53705,0.01,27363.459127263606,27363.45908797352,-3.929008744307794e-05,False
36.0,+,6,3,27488.43723,0.01,27490.599856569967,27490.599793811747,-6.275821942836046e-05,False
36.0,+,6,4,28843.83511,0.04,28843.917188422394,28843.91721706984,2.8647446015384048e-05,False
36.0,+,6,4,28961.1666,0.04,28961.180634803364,28961.180677520068,4.271670331945643e-05,False
36.0,+,6,4,29084.34528,0.04,29084.774555655236,29084.774591458692,3.580345583031885e-05,False
36.0,+,6,5,30389.05783,0.01,30387.647375108096,30387.647398110304,2.3002208763500676e-05,False
36.0,+,6,5,30505.09486,0.01,30505.020060544102,30505.01977100815,-0.000289535953925224,False
36.0,+,6,6,31874.62072,0.01,31874.94332396472,31874.943470174174,0.00014620945512433536,False
36.0,+,6,6,31987.0609,0.01,31987.350255553072,31987.350318752626,6.319955355138518e-05,False
36.0,+,6,7,33289.02263,0.01,33287.62820445588,33287.6281969748,-7.481081411242485e-06,False
36.0,+,6,7,33399.20592,0.01,33398.89604492309,33398.896036404134,-8.518953109160066e-06,False
36.0,+,6,9,35874.63239,0.0015,35871.619861194464,35871.619843893255,-1.73012085724622e-05,False
36.0,+,6,9,35978.23692,0.0015,35975.623569616015,35975.6235664538,-3.162211214657873e-06,False
36.0,+,6,9,36083.83553,0.0004,36084.940456657314,36084.94045081054,-5.846770363859832e-06,False
36.0,+,6,10,37035.83471,0.0028,37034.67981670963,37034.67981206722,-4.6424102038145065e-06,False
36.0,-,2,0,2648.11573,121.0,2648.107696162119,2648.107698122558,1.960439021786442e-06,False
36.0,-,2,0,2766.00686,441.0,2766.025427802461,2766.025429705299,1.9028379938390572e-06,False
36.0,-,2,0,2885.60117,169.0,2885.588222463803,2885.588224215627,1.7518241293146275e-06,False
36.0,-,2,1,4245.15526,3.61,4245.145605003187,4245.145605662518,6.593318175873719e-07,False
36.0,-,2,1,4361.92697,5.29,4361.919148677036,4361.919148796216,1.1918018572032452e-07,False
36.0,-,2,1,4480.23312,2.25,4480.190274094147,4480.190273340003,-7.541439117630944e-07,False
36.0,-,2,2,5818.78104,3.24,5818.806343303095,5818.806345845764,2.542668880778365e-06,False
36.0,-,2,2,5934.43748,4.41,5934.444258982544,5934.444259432517,4.49973413196858e-07,False
36.0,-,2,2,6051.45195,2.56,6051.397380525884,6051.397377794411,-2.7314727049088106e-06,False
36.0,-,2,3,7369.01105,1.0,7369.018607459536,7369.018613387487,5.927950951445382e-06,False
36.0,-,2,3,7483.53781,1.21,7483.543547247124,7483.54354815431,9.071864042198285e-07,False
36.0,-,2,3,7599.17042,1.0,7599.148206137666,7599.148199215306,-6.92236062604934e-06,False
36.0,-,2,4,8895.74234,0.36,8895.83258933866,8895.83260017003,1.0831370673258789e-05,False
36.0,-,2,4,9009.25071,0.25,9009.281847960621,9009.281848387887,4.272660589776933e-07,False
36.0,-,2,4,9123.49374,0.25,9123.480189709944,9123.480173700043,-1.6009900718927383e-05,False
36.0,-,2,5,10398.95728,0.04,10399.19637964063,10399.196404163531,2.4522900275769643e-05,False
36.0,-,3,0,10398.97088,144.0,10398.8055592582,10398.805561140418,1.8822174752131104e-06,False
36.0,-,2,5,10511.68895,0.01,10511.672717073743,10511.672719038861,1.965117917279713e-06,False
36.0,-,3,1,11959.94591,0.25,11959.6766660198,11959.67664135441,-2.4665390810696408e-05,False
36.0,-,2,6,11990.85681,0.01,11990.686553072213,11990.686539579461,-1.3492752259480767e-05,False
36.0,-,3,2,13497.25283,0.49,13497.061914094278,13497.061915928674,1.8343962437938899e-06,False
36.0,-,2,8,14770.59463,0.04,14769.159541855148,14769.15958781639,4.596124199451879e-05,False
36.0,-,2,8,14882.68104,0.04,14878.271462193428,14878.271465640773,3.4473450796213e-06,False
36.0,-,2,8,14983.77277,0.09,14986.915044108167,14986.91498191733,-6.219083661562763e-05,False
36.0,-,3,3,15009.83726,0.25,15009.697341417714,15009.697343156182,1.738468199619092e-06,False
36.0,-,2,9,16181.15596,0.0015,16180.5015290027,16180.501479717035,-4.928566522721667e-05,False
36.0,-,2,9,16287.54742,0.0015,16286.945636102217,16286.945631381672,-4.720544893643819e-06,False
36.0,-,2,9,16401.93689,0.0004,16396.74455696005,16396.744643176837,8.621678716735914e-05,False
36.0,-,3,4,16497.92731,0.09,16497.902464677347,16497.902465011754,3.3440664992667735e-07,False
36.0,-,3,5,17961.48539,0.01,17961.628236733737,17961.628236886514,1.5277692000381649e-07,False
36.0,-,3,6,19400.36839,0.01,19400.68443627085,19400.684439470777,3.1999261409509927e-06,False
37.0,+,4,0,8330.82971,121.0,8330.724354961976,8330.724354843822,-1.1815427569672465e-07,False
37.0,+,4,1,9756.00319,1.44,9755.859244835337,9755.859244599143,-2.3619395506102592e-07,False
37.0,+,4,2,11158.99371,1.69,11158.877227245739,11158.87722713753,-1.0820986062753946e-07,False
37.0,+,4,3,12539.85849,1.69,12539.764397088202,12539.764396864226,-2.239758032374084e-07,False
37.0,+,7,0,13892.69559,4.0,13892.70060246598,13892.70060373443,1.2684504326898605e-06,False
37.0,+,4,4,13898.69189,0.81,13898.604194567582,13898.604194383257,-1.8432547221891582e-07,False
37.0,+,4,5,15235.5836,0.36,15235.506886505007,15235.506886376003,-1.290045474888757e-07,False
37.0,+,7,1,15253.52732,0.09,15253.443991513668,15253.44399155179,3.812237991951406e-08,False
37.0,+,4,6,16550.59996,0.16,16550.58659390182,16550.586593649736,-2.52082827500999e-07,False
37.0,+,7,2,16591.4356,0.04,16591.33380631061,16591.333806298146,-1.2463715393096209e-08,False
37.0,+,4,7,17843.88157,0.04,17843.963764607233,17843.963764429907,-1.7732600099407136e-07,False
37.0,+,7,3,17906.50623,0.01,17906.39591309574,17906.395913131164,3.542299964465201e-08,False
37.0,+,6,0,22303.55656,36.0,22303.638340813897,22303.63834049333,-3.2056777854450047e-07,False
37.0,+,6,0,22433.71028,25.0,22433.77272762425,22433.77272846705,8.427996363025159e-07,False
37.0,+,6,0,22564.78153,36.0,22564.715342838877,22564.715343879696,1.0408184607513249e-06,False
37.0,+,6,1,24030.10654,0.25,24030.06829623467,24030.068293890436,-2.344233507756144e-06,False
37.0,+,6,1,24159.1558,0.36,24159.658183171327,24159.65819770648,1.453515506000258e-05,False
37.0,+,6,1,24288.08606,0.09,24288.095518635466,24288.095520437888,1.8024220480583608e-06,False
37.0,+,6,2,25717.76595,0.16,25717.815486416657,25717.81548611541,-3.012464731000364e-07,False
37.0,+,6,2,25844.98159,0.16,25845.033180653245,25845.033175398217,-5.2550276450347155e-06,False
37.0,+,6,2,25972.48543,0.04,25972.3999319296,25972.399926691585,-5.238016456132755e-06,False
37.0,+,6,3,27362.74019,0.04,27362.86048930875,27362.860471585405,-1.7723345081321895e-05,False
37.0,+,6,3,27488.05536,0.04,27490.127369858594,27490.127312263732,-5.7594861573306844e-05,False
37.0,+,6,3,27613.95247,0.01,27614.93024077527,27614.930554451275,0.00031367600604426116,False
37.0,+,6,4,28960.43405,0.01,28960.564107970316,28960.564121223244,1.3252927601570264e-05,False
37.0,+,6,4,29084.06681,0.01,29084.367101547912,29084.36709282689,-8.721021004021168e-06,False
37.0,+,6,4,29207.65454,0.04,29207.65205402841,29207.652039256358,-1.4772052963962778e-05,False
37.0,+,6,5,30738.78574,0.0,30747.147186595033,30747.147112294708,-7.430032565025613e-05,False
37.0,+,6,9,36191.29477,0.0015,36194.11922431722,36194.11921985283,-4.464389348868281e-06,False
37.0,-,2,0,2764.3425,484.0,2764.35215148514,2764.352153359217,1.8740770428848919e-06,False
37.0,-,2,0,2883.57418,81.0,2883.581374371702,2883.581376249428,1.8777259356284048e-06,False
37.0,-,2,0,3007.75929,324.0,3007.749279161044,3007.749281018233,1.8571890905150212e-06,False
37.0,-,2,1,4360.255,3.61,4360.239586016241,4360.239586101439,8.519782568328083e-08,False
37.0,-,2,1,4478.20553,3.61,4478.194646369596,4478.194646363069,-6.526533979922533e-09,False
37.0,-,2,1,4601.18726,3.24,4601.16129023246,4601.161290342593,1.101334419217892e-07,False
37.0,-,2,2,5932.7619,4.84,5932.757675881599,5932.757676285632,4.0403301682090387e-07,False
37.0,-,2,2,6049.41305,2.25,6049.414899890086,6049.414899808919,-8.116785465972498e-08,False
37.0,-,2,2,6171.21923,4.41,6171.192201203412,6171.192201562375,3.589630068745464e-07,False
37.0,-,2,3,7481.89554,1.0,7481.849236295787,7481.849237050605,7.548178473371081e-07,False
37.0,-,2,3,7597.18769,0.81,7597.182345646924,7597.182345272158,-3.7476547731785104e-07,False
37.0,-,2,3,7717.73118,0.64,7717.798777032748,7717.798777791228,7.584794730064459e-07,False
37.0,-,2,4,9007.60493,0.25,9007.579191956533,9007.579191984307,2.7774149202741683e-08,False
37.0,-,2,4,9121.48444,0.16,9121.53784409453,9121.537841762978,-2.331551513634622e-06,False
37.0,-,2,4,9240.92315,0.09,9241.040725451765,9241.040725438332,-1.343323674518615e-08,False
37.0,-,3,0,10516.39218,361.0,10516.483843161306,10516.483845447478,2.28617136599496e-06,False
37.0,-,3,1,12076.45763,1.44,12076.531513612934,12076.531516766048,3.15311444865074e-06,False
37.0,-,3,2,13612.14354,0.36,13612.198872906558,13612.198874514717,1.608159436727874e-06,False
37.0,-,2,8,14878.90239,0.01,14876.52905276509,14876.529053402091,6.370009941747412e-07,False
37.0,-,2,8,14986.86692,0.01,14985.048374039352,14985.048365922896,-8.116456228890456e-06,False
37.0,-,3,3,15123.43833,0.16,15123.559608897292,15123.559610912369,2.0150764612481e-06,False
37.0,-,2,9,16285.72771,0.0015,16285.186908343308,16285.186904407272,-3.9360365917673334e-06,False
37.0,-,3,4,16610.26821,0.36,16610.48534892107,16610.48534924107,3.2000025385059416e-07,False
37.0,-,3,5,18072.53074,0.04,18072.91976117554,18072.9197613562,1.8065838958136737e-07,False
37.0,-,3,6,19510.04351,0.04,19510.692907020624,19510.692909647176,2.626551577122882e-06,False
38.0,+,1,0,2668.62799,400.0,2668.639527943101,2668.639527903075,-4.00259523303248e-08,False
38.0,+,1,1,4469.0385,83.24,4469.036900484497,4469.036900571575,8.707775123184547e-08,False
38.0,+,1,2,6240.63608,4.0,6240.830273085156,6240.83027350118,4.160247044637799e-07,False
38.0,+,1,3,7982.22864,0.36,7982.8145347489,7982.814535918789,1.16988940135343e-06,False
38.0,+,4,0,8330.64049,121.0,8330.728750655919,8330.728750536846,-1.1907286534551531e-07,False
38.0,+,4,0,8557.45968,144.0,8557.422920374891,8557.422920258416,-1.1647534847725183e-07,False
38.0,+,1,4,9692.84694,0.04,9693.621535086011,9693.621536645907,1.5598961908835918e-06,False
38.0,+,4,1,9755.87196,1.69,9755.891736620499,9755.891736357813,-2.6268571673426777e-07,False
38.0,+,4,1,9980.13358,1.44,9980.036309661396,9980.03630942198,-2.394172042841092e-07,False
38.0,+,4,2,11158.7895,1.21,11158.874769271748,11158.874769178125,-9.362338460050523e-08,False
38.0,+,4,2,11380.8035,1.69,11380.661105581963,11380.661105225714,-3.56249074684456e-07,False
38.0,+,4,3,12539.66295,1.69,12539.769315529544,12539.76931530682,-2.2272433852776885e-07,False
38.0,+,4,3,12758.93488,1.0,12758.883900870343,12758.883900642739,-2.2760468709748238e-07,False
38.0,+,4,4,13898.49045,0.81,13898.612488580628,13898.612488410763,-1.6986450646072626e-07,False
38.0,+,7,0,14001.91792,9.0,14001.91306590804,14001.913067170688,1.2626478564925492e-06,False
38.0,+,4,4,14115.25782,0.49,14115.20230713271,14115.202306923915,-2.0879451767541468e-07,False
38.0,+,4,5,15235.39596,0.49,15235.517422246601,15235.517422166542,-8.005918061826378e-08,False
38.0,+,7,1,15361.45525,0.09,15361.367205917442,15361.367205967797,5.0355083658359945e-08,False
38.0,+,4,5,15449.52337,0.36,15449.582794592661,15449.58279441715,-1.755106495693326e-07,False
38.0,+,4,6,16550.4416,0.09,16550.59887292773,16550.59887279622,-1.3150929589755833e-07,False
38.0,+,7,2,16698.07846,0.01,16697.967958690988,16697.967958669105,-2.1882442524656653e-08,False
38.0,+,4,6,16762.02464,0.16,16762.14100297848,16762.141002604945,-3.735331119969487e-07,False
38.0,+,4,7,17843.67058,0.01,17843.97775220063,17843.977752270806,7.017661118879914e-08,False
38.0,+,6,0,22432.26004,36.0,22432.1857164228,22432.185715958167,-4.646317393053323e-07,False
38.0,+,6,0,22563.26497,25.0,22563.257095494733,22563.257096050613,5.558795237448066e-07,False
38.0,+,6,0,22699.83911,36.0,22699.96817270904,22699.968173500663,7.916241884231567e-07,False
38.0,+,6,1,24157.46538,0.09,24157.33894747542,24157.338942841758,-4.633660864783451e-06,False
38.0,+,6,1,24286.72041,0.09,24286.82342550698,24286.823428548727,3.041746822418645e-06,False
38.0,+,6,1,24421.86214,0.09,24422.08043257695,24422.08043833313,5.7561810535844415e-06,False
38.0,+,6,2,25843.36842,0.09,25843.47790820012,25843.477907139077,-1.0610419849399477e-06,False
38.0,+,6,2,25970.98084,0.16,25971.01950250454,25971.01949952024,-2.9842994990758598e-06,False
38.0,+,6,2,26104.53306,0.04,26104.621162842763,26104.621161026538,-1.8162245396524668e-06,False
38.0,+,6,3,27486.7199,0.01,27488.578342584762,27488.578311870893,-3.071386890951544e-05,False
38.0,+,6,3,27612.75905,0.01,27612.483711260415,27612.483642993437,-6.826697790529579e-05,False
38.0,+,6,4,29082.77252,0.04,29082.843716644034,29082.843736586994,1.9942959625041112e-05,False
38.0,+,6,4,29206.35988,0.04,29206.340328023853,29206.34036601864,3.799478872679174e-05,False
38.0,+,6,4,29335.85518,0.01,29336.26948321074,29336.269526451873,4.324113251641393e-05,False
38.0,-,2,0,2882.7561,144.0,2882.750562141586,2882.75056408804,1.9464537217572797e-06,False
38.0,-,2,0,3006.92327,361.0,3006.939605342293,3006.939607230933,1.88863987204968e-06,False
38.0,-,2,0,3132.64605,196.0,3132.641861753699,3132.641863492757,1.7390580069331918e-06,False
38.0,-,2,1,4477.37188,2.89,4477.357601829953,4477.357602525294,6.953414413146675e-07,False
38.0,-,2,1,4600.34311,4.41,4600.34009303847,4600.340093184804,1.4633405953645706e-07,False
38.0,-,2,1,4724.71543,1.44,4724.678120483438,4724.678119767445,-7.159924280131236e-07,False
38.0,-,2,2,6048.54634,2.56,6048.573199379861,6048.573201938004,2.5581430236343294e-06,False
38.0,-,2,2,6170.35924,4.0,6170.358567254469,6170.358567665201,4.1073235479416326e-07,False
38.0,-,2,2,6293.36647,1.44,6293.304158907175,6293.304156138875,-2.768299964373e-06,False
38.0,-,2,3,7596.30363,0.36,7596.339084292945,7596.339090388277,6.095332537370268e-06,False
38.0,-,2,3,7716.96685,0.49,7716.951818539042,7716.951819461879,9.228369890479371e-07,False
38.0,-,2,3,7838.48166,0.64,7838.472545434654,7838.472538511711,-6.922943612153176e-06,False
38.0,-,2,4,9120.59518,0.25,9120.699453148725,9120.699464256122,1.1107396858278662e-05,False
38.0,-,2,4,9240.13037,0.16,9240.179524882466,9240.179525288384,4.0591839933767915e-07,False
38.0,-,2,4,9360.19924,0.09,9360.21459835814,9360.214582325014,-1.6033125575631857e-05,False
38.0,-,3,0,10637.45096,144.0,10637.268010852857,10637.268013140167,2.2873100533615798e-06,False
38.0,-,3,1,12196.17499,0.36,12195.938894169318,12195.938892495133,-1.6741851140977815e-06,False
38.0,-,3,2,13730.59194,0.09,13730.372410956661,13730.372412661673,1.7050115275196731e-06,False
38.0,-,2,8,15209.91477,0.01,15213.323594057762,15213.323536209697,-5.784806489828043e-05,False
38.0,-,3,3,15240.44174,0.16,15240.42403112408,15240.424032940464,1.8163846107199788e-06,False
38.0,-,3,4,16726.05978,0.09,16726.035436967966,16726.035437245035,2.7706846594810486e-07,False
38.0,-,3,5,18187.66608,0.01,18187.285666578868,18187.285663436993,-3.1418749131262302e-06,False
38.0,-,3,6,19623.09864,0.01,19623.59364542368,19623.593648270933,2.847253199433908e-06,False
39.0,+,4,0,8557.52616,121.0,8557.425386004004,8557.425385887065,-1.1693919077515602e-07,False
39.0,+,4,1,9980.19213,1.21,9980.039993865787,9980.039993628186,-2.3760003386996686e-07,False
39.0,+,4,2,11380.66114,1.69,11380.537509415575,11380.5375093064,-1.091757440008223e-07,False
39.0,+,4,3,12758.99633,1.44,12758.905360789508,12758.905360569617,-2.198903530370444e-07,False
39.0,+,7,0,14113.9187,1.0,14113.923589210273,14113.923590466735,1.2564614735310897e-06,False
39.0,+,4,4,14115.31231,1.0,14115.226287440984,14115.226287250951,-1.9003346096724272e-07,False
39.0,+,4,5,15449.6691,0.36,15449.611125388556,15449.611125263098,-1.2545751815196127e-07,False
39.0,+,7,1,15472.14811,0.09,15472.054366222666,15472.054366285776,6.310983735602349e-08,False
39.0,+,4,6,16762.19361,0.09,16762.174191331662,16762.174191082435,-2.49227014137432e-07,False
39.0,+,7,2,16807.4536,0.01,16807.33190985368,16807.331909822486,-3.119566827081144e-08,False
39.0,+,4,7,18052.9498,0.04,18053.0357309221,18053.03573073839,-1.8371065380051732e-07,False
39.0,+,7,3,18119.91389,0.01,18119.784077871736,18119.78407794096,6.922346074134111e-08,False
39.0,+,6,0,22562.53046,16.0,22562.60621563354,22562.60621522217,-4.1136809159070253e-07,False
39.0,+,6,0,22699.44877,36.0,22699.51298159761,22699.512982186847,5.892361514270306e-07,False
39.0,+,6,0,22837.09766,49.0,22837.03107767401,22837.031078522275,8.482638804707676e-07,False
39.0,+,6,1,24285.98546,0.09,24285.86547800935,24285.865474014583,-3.9947663026396185e-06,False
39.0,+,6,1,24421.53657,0.09,24421.709307061756,24421.70931147743,4.4156731746625155e-06,False
39.0,+,6,1,24557.33425,0.04,24557.128154025755,24557.128155699098,1.6733429220039397e-06,False
39.0,+,6,2,25970.31189,0.09,25970.403430656654,25970.403430108578,-5.480760592035949e-07,False
39.0,+,6,2,26104.1781,0.09,26104.203489473184,26104.20348423417,-5.239013262325898e-06,False
39.0,+,6,3,27612.16334,0.01,27612.033189888127,27612.03315728777,-3.2600357371848077e-05,False
39.0,+,6,3,27743.63624,0.01,27744.815419253675,27744.815314881067,-0.00010437260789331049,False
39.0,+,6,4,29205.55002,0.01,29205.797423317767,29205.79742823041,4.912642907584086e-06,False
39.0,+,6,4,29335.66187,0.04,29335.923681615306,29335.923665200135,-1.64151715580374e-05,False
39.0,+,6,4,29465.63484,0.01,29465.449804607037,29465.449787652553,-1.695448372629471e-05,False
39.0,-,2,0,3005.33937,441.0,3005.346159002619,3005.346160861781,1.8591617845231667e-06,False
39.0,-,2,0,3130.69341,169.0,3130.698097251461,3130.698099115257,1.8637956600286998e-06,False
39.0,-,2,0,3261.14422,400.0,3261.13964714586,3261.139648986487,1.8406267372483853e-06,False
39.0,-,2,1,4598.77042,2.89,4598.740661656657,4598.740661769983,1.1332576832501218e-07,False
39.0,-,2,1,4722.75514,2.25,4722.746183290556,4722.746183319346,2.8790054784622043e-08,False
39.0,-,2,1,4851.95106,2.56,4851.924663470041,4851.924663610976,1.409343894920312e-07,False
39.0,-,2,2,6168.77194,1.96,6168.752462441875,6168.75246280729,3.6541496228892356e-07,False
39.0,-,2,2,6291.38585,1.69,6291.386064215922,6291.386064116782,-9.913946996675804e-08,False
39.0,-,2,2,6419.34712,1.96,6419.314316875792,6419.314317195184,3.193918018951081e-07,False
39.0,-,2,3,7715.3945,0.36,7715.338377000245,7715.338377775657,7.754124453640543e-07,False
39.0,-,2,3,7836.57307,0.64,7836.571858172228,7836.571857862076,-3.101513357250951e-07,False
39.0,-,2,3,7963.30961,0.64,7963.280206761064,7963.280207541378,7.803146218066104e-07,False
39.0,-,2,4,9238.59816,0.09,9238.558169270513,9238.55816929105,2.053639036603272e-08,False
39.0,-,2,4,9358.2889,0.09,9358.338259980548,9358.338257736825,-2.243723429273814e-06,False
39.0,-,2,4,9483.83991,0.04,9483.87655089007,9483.876550876399,-1.3671524357050657e-08,False
39.0,-,3,0,10761.0545,256.0,10761.15251427955,10761.15251655434,2.2747899492969736e-06,False
39.0,-,2,5,10856.328,0.01,10856.615053909849,10856.615050058464,-3.851384462905116e-06,False
39.0,-,3,1,12318.49459,1.21,12318.585387581697,12318.585392108083,4.526385964709334e-06,False
39.0,-,3,2,13851.51655,0.25,13851.577312767195,13851.577314286225,1.5190307749435306e-06,False
39.0,-,3,3,15360.16148,0.16,15360.284676123341,15360.284678154529,2.0311872503953055e-06,False
39.0,-,3,4,16844.30775,0.36,16844.54678383349,16844.546784091846,2.583547029644251e-07,False
39.0,-,3,5,18303.85542,0.04,18304.309377385707,18304.309376932208,-4.5349952415563166e-07,False
39.0,-,3,6,19738.61649,0.04,19739.388263789147,19739.3882662472,2.458051312714815e-06,False
40.0,+,1,0,2951.32704,361.0,2951.335517564401,2951.335517520534,-4.386720320326276e-08,False
40.0,+,1,1,4748.83674,83.24,4748.832061986924,4748.832062067945,8.102142601273954e-08,False
40.0,+,1,2,6517.47477,2.89,6517.686707812113,6517.686708202955,3.908417056663893e-07,False
40.0,+,1,3,8256.08434,0.36,8256.665227146223,8256.665228280592,1.1343690857756883e-06,False
40.0,+,4,0,8557.34936,100.0,8557.430521805267,8557.430521687189,-1.1807787814177573e-07,False
40.0,+,4,0,8795.62335,144.0,8795.58373966205,8795.583739546715,-1.1533484212122858e-07,False
40.0,+,1,4,9963.51884,0.04,9964.281944954899,9964.281946585434,1.6305348253808916e-06,False
40.0,+,4,1,9980.26454,0.81,9980.164727276364,9980.164726934236,-3.421282599447295e-07,False
40.0,+,4,1,10215.62711,1.21,10215.546192125475,10215.546191883568,-2.4190740077756345e-07,False
40.0,+,4,2,11380.45052,1.21,11380.536359887474,11380.536359790553,-9.692121238913387e-08,False
40.0,+,4,2,11613.35724,1.44,11613.32887245238,11613.328872445663,-6.717527867294848e-09,False
40.0,+,4,3,12758.81518,1.21,12758.910784763344,12758.910784544303,-2.190408849855885e-07,False
40.0,+,4,3,12989.13485,0.81,12989.08985626037,12989.0898560373,-2.2306994651444256e-07,False
40.0,+,4,4,14115.12289,0.49,14115.235164722026,14115.235164545944,-1.76081812242046e-07,False
40.0,+,7,0,14228.73128,1.0,14228.72626573179,14228.726266981932,1.2501423043431714e-06,False
40.0,+,4,4,14342.81929,0.25,14342.757716108546,14342.75771589459,-2.1395680960267782e-07,False
40.0,+,4,5,15449.48725,0.09,15449.622407710898,15449.622407633728,-7.717062544543296e-08,False
40.0,+,7,1,15585.60202,0.09,15585.499548365413,15585.499548441692,7.627932063769549e-08,False
40.0,+,4,5,15674.51215,0.36,15674.48892384661,15674.48892367564,-1.709686330286786e-07,False
40.0,+,4,6,16761.99002,0.01,16762.18742023337,16762.187420103794,-1.2957752915099263e-07,False
40.0,+,4,6,16984.35881,0.04,16984.399169512024,16984.399169145083,-3.6694109439849854e-07,False
40.0,+,4,7,18052.68286,0.04,18053.051156036556,18053.05115609942,6.28642737865448e-08,False
40.0,+,6,0,22698.07411,49.0,22697.988392443367,22697.988391904706,-5.386609700508416e-07,False
40.0,+,6,0,22835.64015,25.0,22835.628748171082,22835.628748456147,2.8506474336609244e-07,False
40.0,+,6,0,22978.98208,49.0,22979.106618502326,22979.106619017875,5.155488906893879e-07,False
40.0,+,6,1,24420.0283,0.09,24419.727697613303,24419.727687936007,-9.677296475274488e-06,False
40.0,+,6,1,24555.79727,0.09,24555.64549194857,24555.645484410248,-7.538321369793266e-06,False
40.0,+,6,1,24697.71006,0.04,24697.828487355495,24697.828491645163,4.289668140700087e-06,False
40.0,+,6,2,26102.88442,0.09,26102.712030266903,26102.712029483075,-7.838279998395592e-07,False
40.0,+,6,2,26236.57814,0.04,26236.65108282836,26236.651080134063,-2.694298018468544e-06,False
40.0,+,6,4,29334.4095,0.01,29334.468950613962,29334.46896491511,1.430114934919402e-05,False
40.0,+,6,4,29464.22242,0.04,29464.19182623774,29464.19186278403,3.65462910849601e-05,False
40.0,+,6,4,29600.18983,0.04,29600.38869701301,29600.38876734723,7.033421934465878e-05,False
40.0,-,2,0,3129.95847,121.0,3129.94232501416,3129.942326944574,1.9304138731968123e-06,False
40.0,-,2,0,3260.37993,400.0,3260.390466421163,3260.390468293983,1.8728196664596908e-06,False
40.0,-,2,0,3392.21525,169.0,3392.211851430864,3392.211853156171,1.725306901789736e-06,False
40.0,-,2,1,4722.00226,0.81,4721.984822304236,4721.984823033858,7.296221156138927e-07,False
40.0,-,2,1,4851.17322,2.25,4851.164144282997,4851.164144458904,1.759071892593056e-07,False
40.0,-,2,1,4981.58906,0.64,4981.548676677064,4981.548676006066,-6.709979061270133e-07,False
40.0,-,2,2,6290.61334,1.69,6290.620788184217,6290.620790742568,2.5583503884263337e-06,False
40.0,-,2,2,6418.55136,2.56,6418.541582276534,6418.541582646321,3.6978690332034603e-07,False
40.0,-,2,2,6547.50989,1.44,6547.459226843099,6547.459224050042,-2.793056410155259e-06,False
40.0,-,2,3,7835.76402,0.64,7835.805864393225,7835.805870624732,6.23150663159322e-06,False
40.0,-,2,3,7962.39388,0.25,7962.49440634965,7962.494407286655,9.370050975121558e-07,False
40.0,-,2,3,8090.00884,0.25,8089.910856753994,8089.910849860678,-6.893315912748221e-06,False
40.0,-,2,4,9357.38321,0.04,9357.57804098912,9357.578052312723,1.1323603757773526e-05,False
40.0,-,2,4,9483.0881,0.01,9483.076806205907,9483.076806591982,3.860750439343974e-07,False
40.0,-,3,0,10888.33588,81.0,10888.13111497939,10888.131117252717,2.2733274818165228e-06,False
40.0,-,3,1,12444.36824,0.49,12444.118592636252,12444.118592476005,-1.6024750948417932e-07,False
40.0,-,3,2,13976.05374,0.16,13975.806755802869,13975.80675739641,1.5935420378809795e-06,False
40.0,-,3,3,15483.22466,0.16,15483.135298116627,15483.135299998989,1.8823611753759906e-06,False
40.0,-,3,4,16966.04704,0.09,16966.013133887798,16966.013134097964,2.1016603568568826e-07,False
40.0,-,3,5,18424.19477,0.01,18424.35737679993,18424.357379062414,2.262484485981986e-06,False
40.0,-,3,6,19857.58434,0.01,19858.06434467954,19858.064347272113,2.5925728550646454e-06,False
41.0,+,4,0,8795.69362,121.0,8795.585959495345,8795.585959379592,-1.1575320968404412e-07,False
41.0,+,4,1,10215.71121,1.21,10215.54894890963,10215.548948670825,-2.3880602384451777e-07,False
41.0,+,4,2,11613.53112,1.69,11613.394495492843,11613.39449538236,-1.1048359738197178e-07,False
41.0,+,4,3,12989.23073,0.49,12989.11159027344,12989.111590057933,-2.155065885744989e-07,False
41.0,+,7,0,14346.31639,1.0,14346.31503568396,14346.31503692725,1.2432901712600142e-06,False
41.0,+,4,5,15674.60581,0.09,15674.51792211982,15674.517921997574,-1.2224518286529928e-07,False
41.0,+,7,1,15701.81258,0.04,15701.696678894288,15701.696678984144,8.985625754576176e-08,False
41.0,+,4,6,16984.46928,0.01,16984.433116846558,16984.43311660098,-2.45578121393919e-07,False
41.0,+,7,2,17034.35819,0.01,17034.22529061808,17034.225290567363,-5.071706254966557e-08,False
41.0,+,6,0,22834.97008,25.0,22835.045415864006,22835.045415353095,-5.10910467710346e-07,False
41.0,+,6,0,22978.67357,49.0,22978.70470085982,22978.70470115092,2.911001502070576e-07,False
41.0,+,6,0,23122.85535,36.0,23122.775988961148,23122.775989557576,5.964284355286509e-07,False
41.0,+,6,1,24555.1291,0.04,24556.72250422343,24556.722533663964,2.9440532671287656e-05,False
41.0,+,6,1,24697.34624,0.16,24697.47213876551,24697.472141768838,3.0033261282369494e-06,False
41.0,+,6,1,24839.59596,0.09,24839.420463466053,24839.4204650846,1.6185476852115244e-06,False
41.0,+,6,2,26235.51508,0.01,26236.10506456039,26236.10506385516,-7.052294677123427e-07,False
41.0,+,6,4,29463.3906,0.01,29463.71824863529,29463.718247416,-1.2192904250696301e-06,False
41.0,+,6,4,29599.92178,0.01,29600.108309301413,29600.108286193245,-2.310816853423603e-05,False
41.0,+,6,4,29736.17036,0.01,29735.881277598433,29735.881258379613,-1.9218819943489507e-05,False
41.0,-,2,0,3258.8757,361.0,3258.869161124326,3258.869162967072,1.8427458599035162e-06,False
41.0,-,2,0,3390.32814,121.0,3390.325273688013,3390.325275536548,1.848534793680301e-06,False
41.0,-,2,0,3527.03106,361.0,3527.022932097485,3527.022933920176,1.8226910469820723e-06,False
41.0,-,2,1,4849.66104,2.25,4849.637118438177,4849.637118581811,1.4363376976689324e-07,False
41.0,-,2,1,4979.69472,0.49,4979.674483027839,4979.674483094693,6.685331754852086e-08,False
41.0,-,2,1,5115.07905,1.96,5115.047294099284,5115.047294273382,1.7409820429747924e-07,False
41.0,-,2,2,6417.04473,2.56,6417.008188583471,6417.008188908597,3.251261659897864e-07,False
41.0,-,2,2,6545.63441,0.64,6545.59950764122,6545.599507522581,-1.1863903637276962e-07,False
41.0,-,2,2,6679.68603,2.25,6679.661212126214,6679.661212404542,2.7832811611006036e-07,False
41.0,-,2,3,7960.96556,0.25,7960.954021189143,7960.954021984395,7.95252162788529e-07,False
41.0,-,2,3,8088.11578,0.64,8088.069248044919,8088.069247799025,-2.458937160554342e-07,False
41.0,-,2,3,8220.87506,0.49,8220.85193178021,8220.851932580952,8.007427823031321e-07,False
41.0,-,2,4,9481.53442,0.01,9481.52888777736,9481.528887793515,1.615444489289075e-08,False
41.0,-,2,4,9606.77122,0.04,9607.112052704575,9607.112050552654,-2.151920853066258e-06,False
41.0,-,3,0,11018.08889,121.0,11018.19774245123,11018.197744715666,2.2644362616119906e-06,False
41.0,-,3,1,12572.73663,0.81,12572.817529365277,12572.81753212166,2.756383764790371e-06,False
41.0,-,3,2,14102.99841,0.36,14103.055112509886,14103.055113943834,1.4339475455926731e-06,False
41.0,-,3,3,15608.81741,0.16,15608.969693863124,15608.969695912276,2.0491515897447243e-06,False
41.0,-,3,4,17090.15549,0.36,17090.428195802036,17090.42819599032,1.882835931610316e-07,False
41.0,-,3,5,18546.90136,0.04,18547.385464880765,18547.3854628283,-2.0524639694485813e-06,False
41.0,-,3,6,19978.82434,0.04,19979.62055523831,19979.620557551978,2.3136672098189592e-06,False
42.0,+,1,0,3247.96531,361.0,3247.96928054753,3247.969280499616,-4.7913999878801405e-08,False
42.0,+,1,1,5042.42137,82.56,5042.415292019748,5042.415292094685,7.493690645787865e-08,False
42.0,+,1,2,6807.94795,1.96,6808.178332946985,6808.178333312319,3.6533401726046577e-07,False
42.0,+,1,3,8543.36434,0.09,8543.993334254723,8543.993335351606,1.0968833521474153e-06,False
42.0,+,4,0,8795.51199,100.0,8795.592129403218,8795.592129286095,-1.1712290870491415e-07,False
42.0,+,4,0,9045.20145,100.0,9045.156123263969,9045.156123149853,-1.1411611922085285e-07,False
42.0,+,4,1,10215.37568,1.44,10215.49166616917,10215.491665995763,-1.7340607882943004e-07,False
42.0,+,4,1,10462.45211,1.21,10462.336630304091,10462.336630059419,-2.4467226467095315e-07,False
42.0,+,4,2,11613.32284,1.21,11613.394352848605,11613.394352748623,-9.998257155530155e-08,False
42.0,+,4,2,11857.4295,1.44,11857.363070252128,11857.363070184605,-6.752270564902574e-08,False
42.0,+,4,3,12988.9997,1.21,12989.1174817794,12989.117481564392,-2.1500818547792733e-07,False
42.0,+,4,3,13230.3894,1.21,13230.312782755702,13230.312782537712,-2.1798950911033899e-07,False
42.0,+,4,4,14342.66911,0.36,14342.791691827651,14342.791691645067,-1.8258469935972244e-07,False
42.0,+,7,0,14466.70016,1.0,14466.683690270514,14466.683691506601,1.2360869732219726e-06,False
42.0,+,4,4,14581.26934,0.36,14581.198659651543,14581.198659432295,-2.1924824977759272e-07,False
42.0,+,4,5,15674.38405,0.16,15674.529928915475,15674.529928840495,-7.498056220356375e-08,False
42.0,+,7,1,15820.75269,0.04,15820.639532385925,15820.639532489748,1.0382245818618685e-07,False
42.0,+,4,5,15910.15521,0.25,15910.149186289003,15910.149186122444,-1.6655940271448344e-07,False
42.0,+,4,6,16984.17758,0.09,16984.44731782784,16984.44731770016,-1.2767850421369076e-07,False
42.0,+,7,2,17151.89736,0.01,17151.74238467772,17151.74238461688,-6.084155756980181e-08,False
42.0,+,4,6,17217.2222,0.04,17217.28016604791,17217.28016568902,-3.588902472984046e-07,False
42.0,+,6,0,22977.32013,36.0,22977.23779142896,22977.237790818577,-6.103837222326547e-07,False
42.0,+,6,0,23121.43421,25.0,23121.425245466315,23121.425245426297,-4.001776687800884e-08,False
42.0,+,6,0,23271.52233,36.0,23271.64001430371,23271.64001439781,9.409995982423425e-08,False
42.0,+,6,1,24696.10513,0.09,24696.123678390053,24696.123681683595,3.2935422495938838e-06,False
42.0,+,6,1,24838.3964,0.09,24838.313719393896,24838.313730790418,1.1396521585993469e-05,False
42.0,+,6,1,24986.73144,0.09,24986.82685244755,24986.826856046056,3.598506737034768e-06,False
42.0,+,6,4,29598.6725,0.04,29598.719976555087,29598.719987302447,1.0747360647656024e-05,False
42.0,+,6,4,29734.64214,0.01,29734.672598613215,29734.6726385486,3.993538484792225e-05,False
42.0,+,6,4,29867.03106,0.0,29879.674940693356,29879.674939061933,-1.631422492209822e-06,False
42.0,-,2,0,3389.6581,121.0,3389.636825083177,3389.636826995151,1.9119738681183662e-06,False
42.0,-,2,0,3526.32597,324.0,3526.329202484826,3526.329204340232,1.8554060261521954e-06,False
42.0,-,2,0,3664.25448,196.0,3664.247621452763,3664.247623163175,1.7104121070588008e-06,False
42.0,-,2,1,4979.00691,1.0,4978.981029202021,4978.981029964147,7.621256372658536e-07,False
42.0,-,2,1,5114.35844,1.69,5114.342384346852,5114.342384554639,2.0778679754585028e-07,False
42.0,-,2,1,5250.79843,0.81,5250.751278041088,5250.751277421529,-6.1955870478414e-07,False
42.0,-,2,2,6544.86494,1.44,6544.902805378826,6544.902807922513,2.5436866053496487e-06,False
42.0,-,2,2,6678.97455,1.96,6678.944278736403,6678.944279063545,3.271416062489152e-07,False
42.0,-,2,2,6813.89608,1.21,6813.811838189663,6813.811835383616,-2.806046722980682e-06,False
42.0,-,2,3,8087.2766,0.49,8087.372575256467,8087.372581593272,6.336805199680384e-06,False
42.0,-,2,3,8220.13078,0.49,8220.122158734892,8220.122159684444,9.495524864178151e-07,False
42.0,-,2,3,8353.49036,0.36,8353.412302880908,8353.412296046301,-6.834607120254077e-06,False
42.0,-,2,4,9606.22508,0.04,9606.421925045232,9606.421936527202,1.1481970432214439e-05,False
42.0,-,3,0,11151.57626,64.0,11151.34583823478,11151.345840495733,2.2609528969042003e-06,False
42.0,-,3,1,12704.77456,0.09,12704.501431707213,12704.501432195148,4.879348125541583e-07,False
42.0,-,3,2,14233.5952,0.09,14233.315332207472,14233.31533370171,1.4942379493732005e-06,False
42.0,-,3,3,15737.96809,0.09,15737.781276256803,15737.78127819719,1.9403869373491034e-06,False
42.0,-,3,4,17217.79532,0.09,17217.785446300164,17217.7854464278,1.2763484846800566e-07,False
42.0,-,3,5,18673.07795,0.01,18673.251413573762,18673.251414910228,1.3364660844672471e-06,False
42.0,-,3,6,20103.54434,0.01,20104.046113821558,20104.046116216257,2.39469954976812e-06,False
43.0,+,4,0,9045.26897,121.0,9045.158033606498,9045.158033491949,-1.1454903869889677e-07,False
43.0,+,4,1,10462.50364,1.21,10462.33799879975,10462.337998559797,-2.399538061581552e-07,False
43.0,+,4,2,11857.53826,1.21,11857.399983750294,11857.399983638152,-1.121425157180056e-07,False
43.0,+,4,3,13230.43553,1.44,13230.33479051913,13230.334790308587,-2.1054256649222225e-07,False
43.0,+,4,4,14581.3315,0.16,14581.223733104294,14581.223732902174,-2.0212064555380493e-07,False
43.0,+,7,0,14589.82861,1.0,14589.825871295106,14589.825872523992,1.2288855941733345e-06,False
43.0,+,4,5,15910.23912,0.25,15910.178806619795,15910.17880650029,-1.1950578482355922e-07,False
43.0,+,4,6,17217.2898,0.09,17217.314814803587,17217.31481456253,-2.41056113736704e-07,False
43.0,+,6,0,23120.83513,25.0,23120.905049354857,23120.90504873013,-6.247282726690173e-07,False
43.0,+,6,0,23271.26669,36.0,23271.289705543822,23271.28970545311,-9.071300155483186e-08,False
43.0,+,6,0,23421.96946,25.0,23421.892730833795,23421.89273112128,2.8748399927280843e-07,False
43.0,+,6,1,24837.63619,0.09,24837.69873883568,24837.69874140702,2.571341610746458e-06,False
43.0,+,6,1,24986.32171,0.04,24986.506196237457,24986.50619868174,2.44428520090878e-06,False
43.0,+,6,1,25135.09136,0.01,25134.913692825186,25134.91369441665,1.5914629329927266e-06,False
43.0,+,6,4,29734.1456,0.01,29734.265442761363,29734.265436775575,-5.985788448015228e-06,False
43.0,-,2,0,3524.88309,361.0,3524.873448234023,3524.873450058755,1.8247324078402016e-06,False
43.0,-,2,0,3662.41719,144.0,3662.413081687604,3662.413083518992,1.831388090067776e-06,False
43.0,-,2,0,3805.35345,361.0,3805.347309144727,3805.347310947638,1.8029109014605638e-06,False
43.0,-,2,1,5112.90787,1.69,5112.881142185985,5112.88114236249,1.7650563677307218e-07,False
43.0,-,2,1,5248.94672,0.81,5248.929631841667,5248.929631948639,1.069720383384265e-07,False
43.0,-,2,1,5390.50978,1.96,5390.477235549052,5390.477235758784,2.0973220671294257e-07,False
43.0,-,2,2,6677.50921,1.21,6677.476938462735,6677.476938745977,2.832421159837395e-07,False
43.0,-,2,2,6812.01148,0.81,6812.005238399776,6812.005238260675,-1.3910175766795874e-07,False
43.0,-,2,2,6952.23341,1.21,6952.180825716208,6952.180825951957,2.3574830265715718e-07,False
43.0,-,2,3,8218.71345,0.64,8218.64813258235,8218.648133396295,8.139450073940679e-07,False
43.0,-,2,3,8351.63714,0.64,8351.624436990114,8351.62443680747,-1.8264472601003945e-07,False
43.0,-,2,3,8490.51091,0.25,8490.461751462239,8490.461752281331,8.190927474061027e-07,False
43.0,-,3,0,11287.44881,100.0,11287.569033644422,11287.569035897048,2.2526255634147674e-06,False
43.0,-,3,1,12839.17996,0.36,12839.172694664592,12839.172691784855,-2.8797367122024298e-06,False
43.0,-,3,2,14366.53265,0.25,14366.581412666428,14366.58141401818,1.351751052425243e-06,False
43.0,-,3,3,15869.41722,0.16,15869.563549861461,15869.563551930549,2.069087713607587e-06,False
43.0,-,3,4,17347.77036,0.36,17348.078217618506,17348.07821772393,1.0542498785071075e-07,False
43.0,-,3,5,18801.74318,0.01,18802.187869601836,18802.187853504267,-1.609756873222068e-05,False
43.0,-,3,6,20230.46434,0.04,20231.33783944715,20231.337841634693,2.1875421225558966e-06,False
44.0,+,1,0,3558.47762,484.0,3558.485340102018,3558.485340050013,-5.200536179472692e-08,False
44.0,+,1,1,5349.73929,82.56,5349.7306743915,5349.730674460397,6.889695214340463e-08,False
44.0,+,1,2,7111.99318,1.96,7112.248576461778,7112.248576801402,3.3962442103074864e-07,False
44.0,+,1,3,8844.09434,0.09,8844.741150462463,8844.741151519971,1.0575076885288581e-06,False
44.0,+,4,0,9045.09357,121.0,9045.165789572757,9045.165789456503,-1.1625343177001923e-07,False
44.0,+,4,0,9306.13243,100.0,9306.089702341771,9306.08970222877,-1.1300107871647924e-07,False
44.0,+,4,1,10462.25522,1.0,10462.316491635202,10462.316491422636,-2.1256528270896524e-07,False
44.0,+,4,1,10720.47058,1.0,10720.357499985656,10720.357499737433,-2.4822293198667467e-07,False
44.0,+,4,2,11857.32425,1.44,11857.400644764244,11857.400644661118,-1.0312578524462879e-07,False
44.0,+,4,2,12112.54777,1.44,12112.474052254409,12112.474052169098,-8.531060302630067e-08,False
44.0,+,4,3,13230.24674,1.21,13230.341112219316,13230.341112008764,-2.1055166143923998e-07,False
44.0,+,4,3,13482.55648,1.21,13482.5020334541,13482.50203324155,-2.1255073079373688e-07,False
44.0,+,4,4,14581.11626,0.64,14581.233688134556,14581.233687945194,-1.893622538773343e-07,False
44.0,+,7,0,14715.7409,1.0,14715.735069411161,14715.735070632216,1.2210548447910696e-06,False
44.0,+,4,4,14830.53534,0.64,14830.474391913787,14830.474391689278,-2.2450876713264734e-07,False
44.0,+,4,5,15910.04653,0.49,15910.191523023484,15910.19152294986,-7.362359610851854e-08,False
44.0,+,7,1,16066.86717,0.04,16066.736757194649,16066.7367573278,1.3315184332896024e-07,False
44.0,+,4,5,16156.54007,0.25,16156.51274362934,16156.512743466888,-1.624521246412769e-07,False
44.0,+,4,6,17217.12345,0.01,17217.330059909495,17217.330059783988,-1.25506630865857e-07,False
44.0,+,4,6,17460.69548,0.04,17460.73306422948,17460.73306388034,-3.491404640953988e-07,False
44.0,+,6,0,23269.99897,36.0,23269.87714383528,23269.877143165446,-6.698355718981475e-07,False
44.0,+,6,0,23420.59637,16.0,23420.59056671882,23420.590566334144,-3.8467624108307064e-07,False
44.0,+,6,0,23577.40064,36.0,23577.484630369145,23577.484629556613,-8.125316526275128e-07,False
44.0,+,6,1,24985.19727,0.09,24985.08676899505,24985.086768215948,-7.791022653691471e-07,False
44.0,+,6,1,25133.69135,0.01,25133.738452570888,25133.738457816555,5.2456671255640686e-06,False
44.0,+,6,1,25288.7816,0.01,25289.00428637042,25289.004289523382,3.1529634725302458e-06,False
44.0,-,2,0,3661.81816,144.0,3661.785295611082,3661.785297502627,1.8915452528744936e-06,False
44.0,-,2,0,3804.70571,361.0,3804.704623769233,3804.704625605722,1.8364889911026694e-06,False
44.0,-,2,0,3948.69336,169.0,3948.696352668306,3948.696354362939,1.6946328287303913e-06,False
44.0,-,2,1,5248.32018,0.81,5248.29736815655,5248.297368949545,7.929947969387285e-07,False
44.0,-,2,1,5389.84561,1.44,5389.823504890324,5389.823505132443,2.4211840354837477e-07,False
44.0,-,2,1,5532.26564,0.64,5532.233001095764,5532.233000534021,-5.617430360871367e-07,False
44.0,-,2,2,6811.38032,1.21,6811.370323489218,6811.370326003972,2.5147537598968484e-06,False
44.0,-,2,2,6951.56954,1.44,6951.51523713085,6951.51523741406,2.8320937417447567e-07,False
44.0,-,2,2,7092.37593,1.0,7092.308983035961,7092.308980228566,-2.807395503623411e-06,False
44.0,-,2,3,8350.96779,0.25,8350.990209032316,8350.990215443384,6.411068170564249e-06,False
44.0,-,2,3,8489.83731,0.36,8489.783520666306,8489.78352162632,9.600134944776073e-07,False
44.0,-,2,3,8629.03982,0.25,8628.923771069196,8628.923764320694,-6.748501618858427e-06,False
44.0,-,3,0,11427.107,25.0,11426.860457499017,11426.860459746653,2.247636075480841e-06,False
44.0,-,3,1,12977.32819,0.25,12977.049647787748,12977.04964925881,1.4710622053826228e-06,False
44.0,-,3,2,14503.14875,0.04,14502.846044313086,14502.84604571707,1.4039833331480622e-06,False
44.0,-,3,3,16004.51136,0.09,16004.309606871488,16004.309608864913,1.9934250303776935e-06,False
44.0,-,3,4,17481.31972,0.09,17481.29976462957,17481.299764646617,1.7047568690031767e-08,False
44.0,-,3,5,18933.53318,0.01,18933.740926671704,18933.74092748113,8.094248187262565e-07,False
44.0,-,3,6,20360.95434,0.01,20361.485821978265,20361.485824212225,2.23395909415558e-06,False
45.0,+,4,0,9306.19845,64.0,9306.091224858832,9306.091224745442,-1.1339034244883806e-07,False
45.0,+,4,1,10720.52254,1.21,10720.356685453258,10720.356685212373,-2.408851287327707e-07,False
45.0,+,4,2,12112.64489,0.64,12112.503420133908,12112.503420019637,-1.1427073332015425e-07,False
45.0,+,4,3,13482.63635,1.0,13482.524307793732,13482.524307588536,-2.0519655663520098e-07,False
45.0,+,4,4,14830.60721,0.36,14830.499957161504,14830.499956953357,-2.0814695744775236e-07,False
45.0,+,7,0,14844.39795,1.0,14844.404626023033,14844.404627236,1.2129657989135012e-06,False
45.0,+,4,5,16156.62722,0.16,16156.54293813292,16156.542938015498,-1.1742122296709567e-07,False
45.0,+,7,1,16194.01085,0.01,16193.877926022684,16193.877926171119,1.4843499229755253e-07,False
45.0,+,4,6,17460.74784,0.04,17460.768352215662,17460.76835198008,-2.3558095563203096e-07,False
45.0,+,6,0,23420.05612,16.0,23420.13141972677,23420.13141896361,-7.631606422364712e-07,False
45.0,+,6,0,23577.19499,36.0,23577.189176384312,23577.189175734075,-6.502377800643444e-07,False
45.0,+,6,0,23734.41503,36.0,23734.323055755936,23734.32305478279,-9.731447789818048e-07,False
45.0,+,6,1,25133.15114,0.01,25133.243578520134,25133.24357960156,1.0814255801960826e-06,False
45.0,+,6,1,25288.59057,0.09,25288.723355406324,25288.723357543415,2.1370906324591488e-06,False
45.0,+,6,1,25443.7527,0.04,25443.547962707267,25443.54796428119,1.5739242371637374e-06,False
45.0,-,2,0,3803.32815,441.0,3803.308730291692,3803.30873209668,1.8049881873594131e-06,False
45.0,-,2,0,3946.91135,100.0,3946.909326574003,3946.909328386816,1.8128130250261165e-06,False
45.0,-,2,0,4096.0656,256.0,4096.058672868294,4096.058674649729,1.7814354578149505e-06,False
45.0,-,2,1,5388.45875,1.96,5388.422328420833,5388.422328632894,2.1206142264418304e-07,False
45.0,-,2,1,5530.47104,0.49,5530.459333205085,5530.459333354957,1.4987199392635375e-07,False
45.0,-,2,1,5678.19057,1.44,5678.160251529844,5678.160251777973,2.4812925403239205e-07,False
45.0,-,2,2,6950.16788,1.96,6950.108201093793,6950.108201334224,2.40431290876586e-07,False
45.0,-,2,2,7090.56766,0.64,7090.550876642585,7090.55087648203,-1.6055491869337857e-07,False
45.0,-,2,2,7236.88495,1.21,7236.818803438712,7236.818803631039,1.9232720660511404e-07,False
45.0,-,2,3,8488.43668,0.25,8488.370069837794,8488.370070668767,8.309725672006607e-07,False
45.0,-,2,3,8627.20806,0.25,8627.184946535182,8627.18494641394,-1.2124291970394552e-07,False
45.0,-,2,3,8772.08495,0.01,8772.055163494862,8772.055164330306,8.354436431545764e-07,False
45.0,-,3,0,11569.08695,144.0,11569.213439392155,11569.213441631395,2.2392396203940734e-06,False
45.0,-,3,1,13117.74061,0.25,13117.786647143095,13117.786645207605,-1.935490217874758e-06,False
45.0,-,3,2,14642.03813,0.16,14642.102878860169,14642.102880131948,1.2717791832983494e-06,False
45.0,-,3,3,16141.85439,0.16,16142.012640883553,16142.01264297525,2.091697751893662e-06,False
45.0,-,3,4,17617.10939,0.36,17617.442978500625,17617.442978503565,2.939486876130104e-09,False
45.0,-,3,5,19067.71287,0.04,19068.269700768473,19068.269707909403,7.14093039277941e-06,False
45.0,-,3,6,20493.58434,0.04,20494.48560195375,20494.485604030426,2.0766747184097767e-06,False
46.0,+,1,0,3882.82223,441.0,3882.825595683216,3882.825595626966,-5.624997356790118e-08,False
46.0,+,1,1,5670.73268,82.25,5670.719641712815,5670.719641775734,6.291884346865118e-08,False
46.0,+,1,2,7429.57257,1.69,7429.838170142507,7429.838170456365,3.138584361295216e-07,False
46.0,+,1,3,9158.13434,0.09,9158.84780654953,9158.84780756603,1.0165003914153203e-06,False
46.0,+,4,0,9306.03093,81.0,9306.101774598876,9306.101774483119,-1.1575684766285121e-07,False
46.0,+,4,0,9578.3782,64.0,9578.331777300376,9578.331777188538,-1.1183874448761344e-07,False
46.0,+,4,1,10720.29461,1.0,10720.344283246399,10720.34428302361,-2.2278800315689296e-07,False
46.0,+,4,1,10989.67976,0.81,10989.556786926532,10989.556786673182,-2.5335066311527044e-07,False
46.0,+,4,2,12112.44427,1.21,12112.504737726425,12112.504737619976,-1.0644907888490707e-07,False
46.0,+,4,2,12378.71691,1.0,12378.625919832444,12378.625919737158,-9.528594091534615e-08,False
46.0,+,4,3,13482.43713,1.0,13482.531022928963,13482.531022723266,-2.056967787211761e-07,False
46.0,+,4,3,13745.68845,1.21,13745.604604351462,13745.60460414488,-2.0658080757129937e-07,False
46.0,+,4,4,14830.39076,0.49,14830.510408066424,14830.510407870082,-1.9634171621873975e-07,False
46.0,+,7,0,14975.80176,1.0,14975.827732085247,14975.827733289783,1.2045366020174697e-06,False
46.0,+,4,4,15090.61101,0.36,15090.531805489014,15090.531805259287,-2.297274477314204e-07,False
46.0,+,4,5,16156.41287,0.16,16156.556361457424,16156.556361384386,-7.303788152057678e-08,False
46.0,+,7,1,16323.84126,0.01,16323.73841307341,16323.738413237688,1.6427839000243694e-07,False
46.0,+,4,5,16413.55716,0.09,16413.526390113147,16413.526389954197,-1.5895057003945112e-07,False
46.0,+,4,6,17460.56118,0.04,17460.784823868995,17460.78482374557,-1.2342570698820055e-07,False
46.0,+,6,0,23575.95841,36.0,23575.830848121383,23575.830847479032,-6.423506420105696e-07,False
46.0,+,6,0,23733.07132,25.0,23733.06899968796,23733.068998492858,-1.1951015039812773e-06,False
46.0,+,6,0,23898.29351,16.0,23899.76418829601,23899.764191873324,3.5773155104834586e-06,False
46.0,+,6,1,25287.40974,0.01,25287.265600718227,25287.265595553887,-5.164340109331533e-06,False
46.0,+,6,1,25442.50929,0.04,25442.388836082424,25442.388839786698,3.7042736948933452e-06,False
46.0,+,6,1,25604.20704,0.09,25604.29542666934,25604.295429480408,2.8110662242397666e-06,False
46.0,-,2,0,3946.37114,169.0,3946.336409842281,3946.336411710763,1.8684822862269357e-06,False
46.0,-,2,0,4095.46299,361.0,4095.463157211004,4095.463159026687,1.8156833903049119e-06,False
46.0,-,2,0,4245.4987,121.0,4245.502950016003,4245.50295169333,1.677327418292407e-06,False
46.0,-,2,1,5529.9187,0.49,5529.882414082949,5529.882414905619,8.226697900681756e-07,False
46.0,-,2,1,5677.56871,1.44,5677.55380461465,5677.553804893462,2.7881196729140356e-07,False
46.0,-,2,1,5825.97402,0.36,5825.938635858758,5825.938635360762,-4.979956429451704e-07,False
46.0,-,2,2,7090.00005,1.21,7089.97183839193,7089.971840864206,2.4722758098505437e-06,False
46.0,-,2,2,7236.25314,1.21,7236.200641198837,7236.200641437314,2.3847678676247597e-07,False
46.0,-,2,2,7382.98189,1.0,7382.895359847739,7382.895357050211,-2.7975283956038766e-06,False
46.0,-,2,3,8626.59608,0.25,8626.607168469736,8626.607174924604,6.45486761641223e-06,False
46.0,-,2,3,8771.44042,0.04,8771.424531035591,8771.424532003712,9.681207302492112e-07,False
46.0,-,2,3,8916.47356,0.09,8916.389844413572,8916.389837776416,-6.637155820499174e-06,False
46.0,-,3,0,11714.85406,36.0,11714.620798541362,11714.62080077375,2.232387487310916e-06,False
46.0,-,3,1,13262.04016,0.09,13261.752112674016,13261.752117076714,4.402698323247023e-06,False
46.0,-,3,2,14784.68028,0.04,14784.344321540477,14784.344322861914,1.3214375940151513e-06,False
46.0,-,3,3,16282.89259,0.09,16282.66544290074,16282.665444945129,2.0443894754862413e-06,False
46.0,-,3,4,17756.5521,0.09,17756.500997249535,17756.500997099403,-1.501321094110608e-07,False
46.0,-,3,5,19205.55257,0.01,19205.77667285536,19205.77667291161,5.6246790336444974e-08,False
46.0,-,3,6,20629.74434,0.01,20630.32772214747,20630.327724246807,2.099335688399151e-06,False
47.0,+,4,0,9578.43152,100.0,9578.332812085382,9578.33281197322,-1.121625246014446e-07,False
47.0,+,4,1,10989.713,1.0,10989.55220750149,10989.55220725983,-2.416600182186812e-07,False
47.0,+,4,2,12378.79191,1.21,12378.651901775755,12378.651901659008,-1.1674637789838016e-07,False
47.0,+,4,3,13745.7413,0.49,13745.627132943517,13745.62713274412,-1.9939579942729324e-07,False
47.0,+,4,4,15090.64902,0.81,15090.557823987967,15090.557823773768,-2.1419873519334942e-07,False
47.0,+,7,0,15110.00699,1.0,15109.997429154711,15109.997430350482,1.1957708920817822e-06,False
47.0,+,4,5,16413.63073,0.09,16413.55710806946,16413.557107953377,-1.1608426575548947e-07,False
47.0,+,7,1,16456.45839,0.01,16456.311241554966,16456.31124173537,1.8040373106487095e-07,False
47.0,+,4,6,17714.70042,0.04,17714.740421272818,17714.740421043603,-2.2921449271962047e-07,False
47.0,+,6,0,23732.59054,25.0,23732.667996868855,23732.6679959238,-9.450559446122497e-07,False
47.0,+,6,0,23898.31696,16.0,23894.140664523886,23894.14066289689,-1.6269950720015913e-06,False
47.0,+,6,0,24060.24795,4.0,24060.38977728029,24060.389811003017,3.3722728403517976e-05,False
47.0,+,6,1,25442.02631,0.09,25441.9601475714,25441.9601481281,5.566980689764023e-07,False
47.0,+,6,1,25603.96077,0.04,25604.054673837985,25604.0546757676,1.9296130631119013e-06,False
47.0,+,6,1,25765.49323,0.09,25765.26120858086,25765.26121013749,1.5566292859148234e-06,False
47.0,-,2,0,4094.14774,361.0,4094.122177638827,4094.12217942246,1.7836327970144339e-06,False
47.0,-,2,0,4243.75429,169.0,4243.759438596153,4243.759440388338,1.7921847756952047e-06,False
47.0,-,2,0,4399.1145,289.0,4399.100617813162,4399.100619571241,1.75807872437872e-06,False
47.0,-,2,1,5676.2494,0.81,5676.207722725911,5676.207722975982,2.5007102522067726e-07,False
47.0,-,2,1,5824.2145,0.64,5824.208904641978,5824.208904837112,1.951339072547853e-07,False
47.0,-,2,1,5978.07856,1.44,5978.039795841498,5978.039796130413,2.88915543933399e-07,False
47.0,-,2,2,7234.91193,1.0,7234.848911009774,7234.848911206045,1.9627077563200146e-07,False
47.0,-,2,2,7381.217,0.49,7381.181651166481,7381.181650983805,-1.8267564882989973e-07,False
47.0,-,2,2,7533.58605,0.25,7533.518477920053,7533.518478068301,1.4824854588368908e-07,False
47.0,-,2,3,8770.1402,0.04,8770.066626981728,8770.066627827384,8.456554496660829e-07,False
47.0,-,2,3,8914.73092,0.25,8914.695894056174,8914.695893994289,-6.188565748743713e-08,False
47.0,-,2,3,9065.65827,0.09,9065.575343138424,9065.57534398736,8.489369065500796e-07,False
47.0,-,3,0,11862.93819,121.0,11863.075561444772,11863.075563668122,2.2233507479541004e-06,False
47.0,-,3,1,13408.42077,0.16,13408.471150775835,13408.471149580662,-1.1951724445680156e-06,False
47.0,-,3,2,14929.51248,0.16,14929.563706332206,14929.563707525836,1.1936299415538087e-06,False
47.0,-,3,3,16426.08193,0.16,16426.26087677528,16426.26087889212,2.1168416424188763e-06,False
47.0,-,3,4,17898.11072,0.25,17898.466111647107,17898.466111514597,-1.3250974006950855e-07,False
47.0,-,3,5,19345.47422,0.04,19346.075754866666,19346.07575867625,3.809582267422229e-06,False
47.0,-,3,6,20768.01434,0.01,20769.00676808093,20769.00677005919,1.9782601157203317e-06,False
48.0,+,1,0,4220.93136,484.0,4220.929329034917,4220.929328974337,-6.05796230956912e-08,False
48.0,+,1,1,6005.34013,81.96,6005.320980082648,6005.320980139632,5.698439053958282e-08,False
48.0,+,1,2,7760.59588,1.44,7760.885152001082,7760.885152289253,2.88170667772647e-07,False
48.0,+,4,0,9578.2853,81.0,9578.349662981656,9578.349662865672,-1.1598422133829445e-07,False
48.0,+,4,0,9861.87393,64.0,9861.827326662893,9861.827326552026,-1.1086740414611995e-07,False
48.0,+,4,1,10989.4991,1.0,10989.543990596509,10989.543990368747,-2.2776112018618733e-07,False
48.0,+,4,1,11270.0253,1.0,11269.881756175106,11269.881755912362,-2.6274392439518124e-07,False
48.0,+,4,2,12378.59785,1.0,12378.6537632111,12378.653763101029,-1.1007068678736687e-07,False
48.0,+,4,2,12655.8656,1.21,12655.766075641894,12655.766075539274,-1.0262010619044304e-07,False
48.0,+,4,3,13745.54491,1.0,13745.634205334323,13745.634205134,-2.0032348402310163e-07,False
48.0,+,4,3,14019.66045,0.81,14019.565138156204,14019.565137956097,-2.0010702428407967e-07,False
48.0,+,4,4,15090.446,0.09,15090.568745644196,15090.568745440787,-2.034084900515154e-07,False
48.0,+,4,4,15361.37948,0.36,15361.315434525728,15361.31543429097,-2.3475877242162824e-07,False
48.0,+,4,5,16413.40904,0.09,16413.57125669187,16413.57125661847,-7.33998604118824e-08,False
48.0,+,7,1,16591.74078,0.01,16591.589283427365,16591.589283624267,1.9690196495503187e-07,False
48.0,+,4,5,16681.18092,0.09,16681.134555590786,16681.134555434797,-1.5598925529047847e-07,False
48.0,+,4,6,17714.5059,0.04,17714.7585987986,17714.7585986772,-1.2139935279265046e-07,False
48.0,+,4,6,17979.08675,0.04,17979.13898873406,17979.138988408715,-3.253444447182119e-07,False
48.0,+,6,0,23897.80731,9.0,23893.39518418999,23893.395189193525,5.003534170100465e-06,False
48.0,+,6,0,24058.74858,16.0,24058.791233442716,24058.791230818726,-2.6239904400426894e-06,False
48.0,+,6,0,24229.30597,25.0,24229.46730821151,24229.467313828773,5.617261194856837e-06,False
48.0,+,6,1,25602.8423,0.09,25602.79542183917,25602.795424596774,2.7576024876907468e-06,False
48.0,+,6,1,25764.1989,0.09,25764.131421080652,25764.131424012063,2.9314105631783605e-06,False
48.0,+,6,1,25932.50998,0.04,25932.634079592255,25932.63408210434,2.5120862119365484e-06,False
48.0,-,2,0,4243.27355,169.0,4243.236318149342,4243.236319992522,1.8431801436236128e-06,False
48.0,-,2,0,4398.54577,289.0,4398.548846830182,4398.548848623233,1.7930515241459943e-06,False
48.0,-,2,0,4554.60294,100.0,4554.61002364936,4554.610025308151,1.658791006775573e-06,False
48.0,-,2,1,5823.71067,0.36,5823.68220768305,5823.682208534322,8.512715794495307e-07,False
48.0,-,2,1,5977.49251,1.21,5977.477189030705,5977.477189348881,3.1817671697353944e-07,False
48.0,-,2,1,6131.84951,0.81,6131.810666129581,6131.810665701013,-4.285675458959304e-07,False
48.0,-,2,2,7381.1877,0.36,7380.653305853201,7380.653308270252,2.4170503820641898e-06,False
48.0,-,2,2,7532.99436,0.36,7532.944277788308,7532.944277981362,1.930538928718306e-07,False
48.0,-,2,2,7685.59988,0.49,7685.51335557742,7685.513352800264,-2.777155714284163e-06,False
48.0,-,2,3,8914.1409,0.16,8914.16930291896,8914.16930938732,6.468360879807733e-06,False
48.0,-,2,3,9064.98362,0.09,9064.988822088846,9064.988823062124,9.732775652082637e-07,False
48.0,-,2,3,9215.88591,0.16,9215.752781263382,9215.752774760818,-6.502563337562606e-06,False
48.0,-,3,0,12014.86008,36.0,12014.570240034756,12014.570242250174,2.215418135165237e-06,False
48.0,-,3,1,13557.63567,0.04,13558.215342519368,13558.21533660137,-5.917998350923881e-06,False
48.0,-,3,2,15078.12596,0.04,15077.75312150064,15077.753122748089,1.24744838103652e-06,False
48.0,-,3,3,16573.03587,0.04,16572.79145325584,16572.79145535175,2.0959123503416777e-06,False
48.0,-,3,4,18043.39067,0.09,18043.331635623726,18043.331635163155,-4.6057175495661795e-07,False
48.0,-,3,5,19489.07588,0.01,19489.314080709722,19489.3140780138,-2.695924194995314e-06,False
49.0,+,4,0,9861.92025,81.0,9861.827740461062,9861.827740350012,-1.1104930308647454e-07,False
49.0,+,4,1,11270.02918,0.81,11269.869423958145,11269.86942371595,-2.421948011033237e-07,False
49.0,+,4,2,12655.92563,1.0,12655.790180540369,12655.790180420638,-1.197313395095989e-07,False
49.0,+,4,3,14019.68886,0.81,14019.587904719458,14019.587904526172,-1.932858140207827e-07,False
49.0,+,4,4,15361.42317,0.36,15361.341866307812,15361.341866087814,-2.199976734118536e-07,False
49.0,+,4,5,16681.18663,0.16,16681.165742857116,16681.165742741494,-1.1562224244698882e-07,False
49.0,+,7,1,16729.72205,0.01,16729.56526130869,16729.565261522657,2.139677235390991e-07,False
49.0,+,4,6,17979.06172,0.04,17979.175341865077,17979.17534164322,-2.2185849957168102e-07,False
49.0,+,6,0,24058.31729,16.0,24058.455260854542,24058.45525964297,-1.2115706340409815e-06,False
49.0,+,6,0,24228.98756,36.0,24229.03020374116,24229.030199557143,-4.1840175981633365e-06,False
49.0,+,6,0,24399.03094,36.0,24398.94868406961,24398.94868679009,2.720476913964376e-06,False
49.0,+,6,1,25763.70144,0.09,25763.759484563412,25763.759484841998,2.785855031106621e-07,False
49.0,+,6,1,25932.39022,0.09,25932.43297613376,25932.43297789657,1.7628080968279392e-06,False
49.0,+,6,1,26100.25638,0.09,26099.988853198854,26099.98885473094,1.5320838429033756e-06,False
49.0,-,2,0,4397.28635,256.0,4397.258453713844,4397.258455474175,1.7603315427550115e-06,False
49.0,-,2,0,4552.89754,144.0,4552.906472925442,4552.906474695275,1.7698330339044333e-06,False
49.0,-,2,0,4714.43398,169.0,4714.414425203846,4714.414426936715,1.732869350234978e-06,False
49.0,-,2,1,5976.24223,1.0,5976.181852968793,5976.181853259445,2.906526788137853e-07,False
49.0,-,2,1,6130.11971,0.36,6130.121276948563,6130.121277191039,2.4247583496617153e-07,False
49.0,-,2,1,6290.10108,0.64,6290.056998384774,6290.056998716796,3.320228643133305e-07,False
49.0,-,2,2,7531.72226,0.36,7531.643480719998,7531.643480871817,1.518192220828496e-07,False
49.0,-,2,2,7683.86309,0.25,7683.840398530961,7683.840398325578,-2.0538300304906443e-07,False
49.0,-,2,2,7842.29874,0.64,7842.220854618702,7842.220854722505,1.0380244930274785e-07,False
49.0,-,2,3,9063.81177,0.09,9063.6820655883,9063.682066445968,8.576680556870997e-07,False
49.0,-,2,3,9214.08731,0.25,9214.099991264,9214.099991258328,-5.6716089602559805e-09,False
49.0,-,2,3,9370.95623,0.04,9370.963128698939,9370.963129557615,8.586757758166641e-07,False
49.0,-,3,0,12168.95185,121.0,12169.097556722953,12169.097558928408,2.2054555302020162e-06,False
49.0,-,3,1,13711.10688,0.09,13711.170340389528,13711.17033964171,-7.478174666175619e-07,False
49.0,-,3,2,15228.85173,0.16,15228.905624529638,15228.90562564684,1.1172014637850225e-06,False
49.0,-,3,3,16722.06576,0.16,16722.24968461902,16722.249686764593,2.1455743990372866e-06,False
49.0,-,3,4,18190.70469,0.25,18191.088768235248,18191.088767907953,-3.2729440135881305e-07,False
49.0,-,3,5,19634.65566,0.04,19635.32067901911,19635.320681875626,2.8565154934767634e-06,False
50.0,+,1,0,4572.73734,400.0,4572.733210277598,4572.733210212647,-6.495156412711367e-08,False
50.0,+,1,1,6353.49501,81.96,6353.470833634688,6353.470833685826,5.1138158596586436e-08,False
50.0,+,1,2,8105.01545,0.64,8105.324868336232,8105.324868599037,2.628048605402e-07,False
50.0,+,4,0,9861.83591,81.0,9861.872125070435,9861.87212494973,-1.2070449884049594e-07,False
50.0,+,4,0,10156.56574,36.0,10156.51902068245,10156.519020572578,-1.0987241694238037e-07,False
50.0,+,4,1,11269.81967,0.81,11269.863616879467,11269.863616648832,-2.3063512344378978e-07,False
50.0,+,4,1,11561.4601,1.0,11561.287519173931,11561.287518883673,-2.9025795811321586e-07,False
50.0,+,4,2,12655.74221,0.81,12655.792495256785,12655.792495142787,-1.1399788490962237e-07,False
50.0,+,4,2,12943.95402,1.0,12943.837732540185,12943.83773243118,-1.09004758996889e-07,False
50.0,+,4,3,14019.51672,0.64,14019.59529884931,14019.595298654594,-1.9471553969196975e-07,False
50.0,+,4,3,14304.4259,0.49,14304.325927960565,14304.325927767268,-1.9329672795720398e-07,False
50.0,+,4,4,15361.23769,0.36,15361.353238170554,15361.35323796009,-2.1046434994786978e-07,False
50.0,+,4,4,15642.83128,0.16,15642.767457856517,15642.76745761707,-2.394463081145659e-07,False
50.0,+,4,5,16681.02213,0.16,16681.180673735165,16681.180673660485,-7.468042895197868e-08,False
50.0,+,7,1,16870.40837,0.01,16870.23174675951,16870.231746990787,2.3127722670324147e-07,False
50.0,+,4,5,16959.28066,0.09,16959.27930869685,16959.27930854294,-1.53908331412822e-07,False
50.0,+,4,6,17978.95247,0.04,17979.19685549548,17979.196855375474,-1.2000600690953434e-07,False
50.0,+,6,0,24227.87657,36.0,24227.777496034283,24227.777494091395,-1.942888047778979e-06,False
50.0,+,6,0,24397.69067,25.0,24397.645887720628,24397.645878641968,-9.078659786609933e-06,False
50.0,+,6,0,24574.74731,25.0,24574.88027264536,24574.880275081814,2.4364526325371116e-06,False
50.0,+,6,1,25931.30529,0.09,25931.17947097615,25931.179471685937,7.097878551576287e-07,False
50.0,+,6,1,26098.98224,0.09,26098.8922042708,26098.89220669469,2.423890691716224e-06,False
50.0,+,6,1,26273.88632,0.04,26273.95131585795,26273.951318076157,2.2182066459208727e-06,False
50.0,-,2,0,4552.46626,81.0,4552.428678024401,4552.428679839926,1.8155251382268034e-06,False
50.0,-,2,0,4713.89925,256.0,4713.903355886895,4713.90335765537,1.7684751583146863e-06,False
50.0,-,2,0,4875.94794,169.0,4875.957875913552,4875.957877552199,1.6386466086260043e-06,False
50.0,-,2,1,6129.67863,0.49,6129.640284761104,6129.640285640103,8.789984349277802e-07,False
50.0,-,2,1,6289.54873,0.81,6289.535171984173,6289.535172343957,3.5978428059024736e-07,False
50.0,-,2,1,6449.8218,0.49,6449.789255637442,6449.789255283461,-3.539807948982343e-07,False
50.0,-,2,2,7683.40545,0.49,7683.358170848428,7683.358173198414,2.3499860617448576e-06,False
50.0,-,2,2,7841.73596,0.49,7841.687538446667,7841.687538594244,1.4757733879378065e-07,False
50.0,-,2,2,8000.19082,0.64,8000.103031643529,8000.1030288973,-2.7462292564450763e-06,False
50.0,-,2,3,9213.63027,0.25,9213.619937128708,9213.61994358113,6.452422894653864e-06,False
50.0,-,2,3,9370.25982,0.01,9370.417620581418,9370.41762155647,9.75051079876721e-07,False
50.0,-,2,3,9527.05361,0.04,9526.95250057837,9526.95249423131,-6.3470615714322776e-06,False
50.0,-,3,0,12326.96887,25.0,12326.649718467803,12326.649720663756,2.1959531295578927e-06,False
50.0,-,3,1,13867.36594,0.09,13866.985035222166,13866.985033654968,-1.5671976143494248e-06,False
50.0,-,3,2,15383.41927,0.04,15383.0129259656,15383.012927153612,1.1880110832862556e-06,False
50.0,-,3,3,16874.88628,0.04,16874.62782760392,16874.62782975533,2.1514097170438617e-06,False
50.0,-,3,4,18341.78711,0.09,18341.732218027973,18341.732216662316,-1.365657226415351e-06,False
50.0,-,3,5,19783.95545,0.01,19784.178813440263,19784.178820948073,7.507809641538188e-06,False
51.0,+,4,0,10156.60482,49.0,10156.518625582989,10156.518625473025,-1.0996336641255766e-07,False
51.0,+,4,1,11561.41827,0.64,11561.25085790831,11561.25085766586,-2.424494596198201e-07,False
51.0,+,4,2,12944.00424,1.21,12943.86066658316,12943.8606664599,-1.2326017895247787e-07,False
51.0,+,4,3,14304.46351,0.81,14304.348913117548,14304.348912930816,-1.86731995199807e-07,False
51.0,+,4,4,15642.85858,0.25,15642.794261374027,15642.79426114831,-2.2571657609660178e-07,False
51.0,+,4,5,16959.3375,0.09,16959.310906782102,16959.310906665978,-1.1612428352236748e-07,False
51.0,+,4,6,18253.90935,0.01,18254.015064086314,18254.015063872626,-2.1368759917095304e-07,False
51.0,+,6,0,24397.43329,16.0,24397.428466875415,24397.428465308156,-1.5672594599891454e-06,False
51.0,+,6,0,24575.12502,36.0,24575.910356496603,24575.910446877962,9.038135976879857e-05,False
51.0,+,6,0,24751.05694,16.0,24750.960542059158,24750.96054380781,1.7486527212895453e-06,False
51.0,+,6,1,26098.66428,0.04,26098.5721645259,26098.572164620804,9.490395314060152e-08,False
51.0,+,6,1,26273.81102,0.09,26273.78913389276,26273.789135497307,1.6045487427618355e-06,False
51.0,+,6,1,26447.96015,0.04,26447.663644484554,26447.663645978064,1.4935103536117822e-06,False
51.0,-,2,0,4712.68689,289.0,4712.659741870255,4712.659743605376,1.7351212591165677e-06,False
51.0,-,2,0,4874.27564,169.0,4874.291111376754,4874.291113122104,1.7453503460274078e-06,False
51.0,-,2,0,5041.96332,196.0,5041.939054269974,5041.939055975539,1.7055654097930528e-06,False
51.0,-,2,1,6288.34975,0.81,6288.28675558735,6288.286755921163,3.338127498864196e-07,False
51.0,-,2,1,6448.13259,0.81,6448.136995135864,6448.136995427974,2.921105988207273e-07,False
51.0,-,2,1,6614.21245,0.64,6614.150655785496,6614.150656163212,3.777158781304024e-07,False
51.0,-,2,2,7840.54272,0.36,7840.433827173666,7840.433827280638,1.069720383384265e-07,False
51.0,-,2,2,7998.50453,0.49,7998.467563884668,7998.467563656441,-2.2822769096819684e-07,False
51.0,-,2,2,8162.95668,0.25,8162.864602409059,8162.864602468691,5.963192961644381e-08,False
51.0,-,2,3,9369.3311,0.04,9369.158140930505,9369.158141796808,8.663027983857319e-07,False
51.0,-,2,3,9525.34315,0.09,9525.337544452294,9525.33754449873,4.643698048312217e-08,False
51.0,-,2,3,9688.20632,0.01,9688.157011607083,9688.15701247138,8.642964530736208e-07,False
51.0,-,3,0,12487.06481,49.0,12487.219142161026,12487.21914434611,2.185084667871706e-06,False
51.0,-,3,1,14025.75465,0.09,14025.826890923261,14025.826890471955,-4.5130582293495536e-07,False
51.0,-,3,2,15540.01699,0.16,15540.067901749899,15540.067902792487,1.042588337440975e-06,False
51.0,-,3,3,17029.71946,0.16,17029.91801303987,17029.918015218722,2.1788509911857545e-06,False
51.0,-,3,4,18494.82596,0.25,18495.249652549166,18495.24965190656,-6.42605300527066e-07,False
52.0,+,1,0,4938.17798,400.0,4938.171304008095,4938.171303938634,-6.946083885850385e-08,False
52.0,+,1,1,6715.12707,81.69,6715.102708889194,6715.102708934629,4.54347173217684e-08,False
52.0,+,4,0,10156.37396,64.0,10156.454402834705,10156.454402744004,-9.070026862900704e-08,False
52.0,+,4,0,10462.38845,64.0,10462.347245986572,10462.347245877445,-1.0912663128692657e-07,False
52.0,+,4,1,11561.20565,1.0,11561.246613352614,11561.24661312016,-2.3245411284733564e-07,False
52.0,+,4,1,11862.70567,0.04,11862.989565576985,11862.989566228567,6.515820132335648e-07,False
52.0,+,4,2,12943.80701,0.49,12943.863358985687,12943.863358867333,-1.183543645311147e-07,False
52.0,+,4,2,13242.91976,0.64,13242.781288562423,13242.781288447326,-1.1509655450936407e-07,False
52.0,+,4,3,14304.26845,0.81,14304.356594309596,14304.356594120887,-1.8870923668146133e-07,False
52.0,+,4,3,14599.9506,0.64,14599.826920808047,14599.826920621888,-1.8615901353769004e-07,False
52.0,+,4,4,15642.68761,0.25,15642.806070403793,15642.806070186309,-2.1748383005615324e-07,False
52.0,+,4,4,15934.92915,0.25,15934.827702136081,15934.827701892338,-2.437427610857412e-07,False
52.0,+,4,5,16959.14537,0.16,16959.326754323658,16959.32675424678,-7.687776815146208e-08,False
52.0,+,4,5,17247.92808,0.04,17247.90036020729,17247.900360054613,-1.52678694576025e-07,False
52.0,+,4,6,18253.79123,0.01,18254.05431773631,18254.054317607643,-1.286680344492197e-07,False
52.0,+,4,6,18539.05665,0.01,18539.162118683067,18539.162118386645,-2.9642251320183277e-07,False
52.0,+,6,0,24573.50416,36.0,24573.387483264352,24573.38748078891,-2.4754408514127135e-06,False
52.0,+,6,0,24749.79514,25.0,24749.85019406792,24749.85020404142,9.973500709747896e-06,False
52.0,+,6,0,24933.39819,9.0,24933.529532492645,24933.529534190664,1.6980193322524428e-06,False
52.0,+,6,1,26272.77589,0.04,26272.568608772053,26272.568608961694,1.896405592560768e-07,False
52.0,+,6,1,26446.72312,0.09,26446.60122598756,26446.601228015585,2.028024027822539e-06,False
52.0,+,6,1,26628.11442,0.04,26628.173673371188,26628.17367526163,1.8904429452959448e-06,False
52.0,-,2,0,4874.01829,121.0,4873.854678817986,4873.854680603557,1.7855718397186138e-06,False
52.0,-,2,0,5041.46879,289.0,5041.465970326392,5041.46597206839,1.7419979485566728e-06,False
52.0,-,2,0,5209.46515,81.0,5209.48449269448,5209.484494311344,1.6168642105185427e-06,False
52.0,-,2,1,6447.72942,0.49,6447.69770026383,6447.697701169983,9.061532182386145e-07,False
52.0,-,2,1,6613.69967,0.81,6613.666878456445,6613.666878860135,4.036892278236337e-07,False
52.0,-,2,1,6779.85878,0.36,6779.812238576771,6779.812238302136,-2.746346581261605e-07,False
52.0,-,2,2,7998.08038,0.64,7998.027391571694,7998.027393843844,2.272149686177727e-06,False
52.0,-,2,2,8162.41357,0.49,8162.369422245844,8162.369422348174,1.0232997738057747e-07,False
52.0,-,2,2,8326.71517,0.36,8326.602114289226,8326.602111583627,-2.7055993996327743e-06,False
52.0,-,2,3,9524.90373,0.16,9524.899894759234,9524.899901166666,6.407432010746561e-06,False
52.0,-,2,3,9687.65102,0.01,9687.64975016798,9687.649751141003,9.730229066917673e-07,False
52.0,-,2,3,9850.03015,0.04,9849.926571727596,9849.92656555476,-6.172835128381848e-06,False
52.0,-,3,0,12651.13871,9.0,12650.797733196074,12650.797735370192,2.1741179807577282e-06,False
52.0,-,3,1,14188.03758,0.01,14187.61011679628,14187.610116057887,-7.383932825177908e-07,False
52.0,-,3,2,15700.50573,0.04,15700.061676849535,15700.06167802843,1.1788961273850873e-06,False
52.0,-,3,3,17188.39853,0.04,17188.11228212036,17188.1122843362,2.215838321717456e-06,False
53.0,+,4,0,10462.43143,64.0,10462.345757584551,10462.34575747559,-1.089611032512039e-07,False
53.0,+,4,1,11863.79947,0.64,11863.636700198396,11863.636699956036,-2.4236032913904637e-07,False
53.0,+,4,2,13242.95166,1.0,13242.803431901004,13242.803431773726,-1.2727832654491067e-07,False
53.0,+,4,3,14599.97017,1.0,14599.850102715667,14599.850102535751,-1.7991624190472066e-07,False
53.0,+,4,4,15934.92872,0.25,15934.854834007245,15934.85483377637,-2.3087523004505783e-07,False
53.0,+,4,5,17247.91727,0.01,17247.932304795417,17247.932304677593,-1.1782321962527931e-07,False
53.0,+,4,6,18539.14972,0.01,18539.199170697426,18539.19917049255,-2.048764145001769e-07,False
53.0,+,6,0,24749.3878,16.0,24749.523367688485,24749.52336473883,-2.9496550268959254e-06,False
53.0,+,6,0,24933.48784,4.0,24933.40904333645,24933.40904870093,5.364479875424877e-06,False
53.0,+,6,0,25116.13747,16.0,25116.040149721113,25116.040151082216,1.3611024769488722e-06,False
53.0,+,6,1,26446.50029,0.04,26446.32984868322,26446.32984863516,-4.806133802048862e-08,False
53.0,+,6,1,26628.15679,0.0,26628.04985442972,26628.04985586065,1.4309298421721905e-06,False
53.0,-,2,0,5040.23243,169.0,5040.26576785305,5040.265769561141,1.7080901670851745e-06,False
53.0,-,2,0,5207.83659,81.0,5207.851665385079,5207.851667104073,1.7189940990647301e-06,False
53.0,-,2,0,5381.63217,121.0,5381.611137036693,5381.61113871323,1.6765361579018645e-06,False
53.0,-,2,1,6612.51761,1.0,6612.461997497834,6612.461997877302,3.794675649260171e-07,False
53.0,-,2,1,6778.188,0.49,6778.194220632529,6778.194220976554,3.4402455639792606e-07,False
53.0,-,2,1,6950.33584,0.49,6950.257225489564,6950.257225915292,4.257281034369953e-07,False
53.0,-,2,2,8161.26921,0.49,8161.159393777995,8161.159393840644,6.264872354222462e-08,False
53.0,-,2,2,8325.03097,0.36,8325.001203030259,8325.001202779778,-2.504802978364751e-07,False
53.0,-,2,2,8495.51903,0.09,8495.38604759036,8495.386047606866,1.6505509847775102e-08,False
53.0,-,2,3,9686.61589,0.01,9686.43412366059,9686.434124531546,8.709557732800022e-07,False
53.0,-,2,3,9848.42312,0.04,9848.346456034638,9848.346456128706,9.406721801497042e-08,False
53.0,-,2,3,10017.10407,0.04,10017.093129937733,10017.09313080335,8.656170393805951e-07,False
53.0,-,3,0,12817.21139,49.0,12817.377596840375,12817.37759900269,2.162314558518119e-06,False
53.0,-,3,1,14352.29842,0.04,14352.37923067718,14352.37923044105,-2.3612847144249827e-07,False
53.0,-,3,2,15862.92239,0.16,15862.987349866617,15862.98735083677,9.70152541412972e-07,False
53.0,-,3,3,17348.9925,0.16,17349.202336795828,17349.202339014144,2.2183157852850854e-06,False
53.0,-,3,4,18810.42574,0.16,18810.885148565147,18810.88514730857,-1.2565760698635131e-06,False
54.0,+,1,0,5317.18142,361.0,5317.175075375481,5317.175075301495,-7.398648449452594e-08,False
54.0,+,1,1,7090.16708,81.96,7090.147478852286,7090.14747889212,3.983313945354894e-08,False
54.0,+,4,0,10462.12593,49.0,10462.3273433953,10462.3273432917,-1.0360054147895426e-07,False
54.0,+,4,0,10779.28138,64.0,10779.250159568286,10779.25015945969,-1.0859548638109118e-07,False
54.0,+,4,1,11863.52522,0.81,11863.633543139651,11863.633542906085,-2.3356551537290215e-07,False
54.0,+,4,1,12176.97608,0.81,12176.911788148587,12176.911787963496,-1.8509126675780863e-07,False
54.0,+,4,2,13242.68986,1.0,13242.806436890573,13242.806436767423,-1.2314922059886158e-07,False
54.0,+,4,2,13552.63607,0.49,13552.534638431493,13552.534638310233,-1.2125929060857743e-07,False
54.0,+,4,3,14599.75732,1.0,14599.858037431492,14599.858037249169,-1.8232276488561183e-07,False
54.0,+,4,3,14906.10009,0.36,14906.005721176201,14906.005720997215,-1.7898673831950873e-07,False
54.0,+,4,4,15934.69168,0.25,15934.867079728883,15934.86707950456,-2.2432323021348566e-07,False
54.0,+,4,4,16237.47605,0.04,16237.433644984623,16237.433644737097,-2.475262590451166e-07,False
54.0,+,4,5,17247.75296,0.09,17247.949382807295,17247.94938272718,-8.01155692897737e-08,False
54.0,+,4,5,17546.91167,0.04,17546.9350667224,17546.935066569957,-1.5244222595356405e-07,False
54.0,+,4,6,18538.71506,0.01,18539.19872880271,18539.198728706786,-9.59225872065872e-08,False
54.0,+,6,0,24932.17385,9.0,24932.097380581934,24932.09737532522,-5.256715667201206e-06,False
54.0,+,6,0,25305.1287,9.0,25305.222618549036,25305.222619886754,1.3377175491768867e-06,False
54.0,-,2,0,5207.42581,81.0,5207.453062573591,5207.453064326463,1.7528727767057717e-06,False
54.0,-,2,0,5381.17684,144.0,5381.17360317321,5381.173604886624,1.7134143490693532e-06,False
54.0,-,2,0,5555.10073,100.0,5555.125538070485,5555.125539663593,1.5931082089082338e-06,False
54.0,-,2,1,6777.78002,0.36,6777.793048402694,6777.793049335502,9.328077794634737e-07,False
54.0,-,2,1,6949.83293,0.25,6949.809048306161,6949.80904875607,4.499097485677339e-07,False
54.0,-,2,1,7121.81835,0.36,7121.815113463195,7121.815113272259,-1.9093658920610324e-07,False
54.0,-,2,2,8324.63971,0.36,8324.599459484385,8324.599461669353,2.1849682525498793e-06,False
54.0,-,2,2,8495.01118,0.16,8494.926539489366,8494.926539547405,5.803849489893764e-08,False
54.0,-,2,2,8665.03147,0.16,8664.945988232621,8664.945985577115,-2.655506250448525e-06,False
54.0,-,2,3,9847.92646,0.09,9847.947517963796,9847.947524298283,6.334486897685565e-06,False
54.0,-,2,3,10016.65679,0.01,10016.62163467752,10016.621635643609,9.660889190854505e-07,False
54.0,-,3,0,12987.30756,16.0,12986.950351510939,12986.950353660728,2.1497889974853024e-06,False
54.0,-,3,1,14520.53992,0.01,14520.09069459265,14520.090694238204,-3.5444645618554205e-07,False
54.0,-,3,2,16029.29326,0.04,16028.838930431732,16028.838929894622,-5.37109372089617e-07,False
54.0,-,3,3,17513.47947,0.04,17513.180067743284,17513.180070042028,2.298744220752269e-06,False
54.0,-,3,4,18973.02708,0.04,18972.98038768631,18972.98038934265,1.656339009059593e-06,False
55.0,+,4,0,10779.32382,64.0,10779.247105262642,10779.24710515467,-1.0797157301567495e-07,False
55.0,+,4,1,12177.12909,0.25,12176.964813107094,12176.964812865,-2.4209293769672513e-07,False
55.0,+,4,2,13552.70618,0.25,13552.556213851043,13552.556213719381,-1.3166209100745618e-07,False
55.0,+,4,3,14906.15973,0.25,14906.029075985656,14906.029075812725,-1.7293132259510458e-07,False
55.0,+,4,4,16237.52523,0.09,16237.461059586898,16237.461059351395,-2.355027390876785e-07,False
55.0,+,6,0,25114.4384,4.0,25114.529199692413,25114.529181746966,-1.794544732547365e-05,False
55.0,+,6,0,25305.04785,9.0,25305.121636371518,25305.121639248122,2.876604412449524e-06,False
55.0,+,6,0,25494.22591,16.0,25494.11285325126,25494.11285437547,1.1242118489462882e-06,False
55.0,-,2,0,5379.98686,225.0,5380.01381902542,5380.013820704076,1.6786561900516972e-06,False
55.0,-,2,0,5553.50161,25.0,5553.524079910238,5553.524081600502,1.690264070930425e-06,False
55.0,-,2,0,5733.39171,144.0,5733.36497574796,5733.364977392715,1.644755684537813e-06,False
55.0,-,2,1,6948.64276,0.64,6948.644694732664,6948.644695159705,4.270414137863554e-07,False
55.0,-,2,1,7120.22496,0.49,7120.228734425295,7120.228734823309,3.9801398088457063e-07,False
55.0,-,2,1,7298.33759,0.16,7298.310822493787,7298.310822969583,4.75795786769595e-07,False
55.0,-,2,2,8493.82296,0.09,8493.757169072733,8493.757169091692,1.8959326553158462e-08,False
55.0,-,2,2,8663.40735,0.04,8663.376985389054,8663.376985116865,-2.721881173783913e-07,False
55.0,-,3,0,13159.32838,36.0,13159.507798902885,13159.507801039334,2.136448529199697e-06,False
55.0,-,3,1,14690.66995,0.04,14690.762604946141,14690.762604877717,-6.842492439318448e-08,False
55.0,-,3,2,16197.53589,0.16,16197.598329264703,16197.598330163537,8.98833604878746e-07,False
55.0,-,3,3,17679.825,0.16,17680.03666198949,17680.036664257274,2.2677850211039186e-06,False
55.0,-,3,4,19137.42702,0.16,19137.930112576774,19137.930109590387,-2.9863876989111304e-06,False
56.0,+,1,0,5709.67938,324.0,5709.673396095362,5709.673396016748,-7.86139935371466e-08,False
56.0,+,1,1,7478.55413,81.96,7478.533386799564,7478.533386833889,3.4325239539612085e-08,False
56.0,+,4,0,10779.04343,81.0,10779.236359673992,10779.236359569233,-1.0475923772901297e-07,False
56.0,+,4,0,11107.2074,36.0,11107.163836301579,11107.163836193295,-1.0828443919308484e-07,False
56.0,+,4,1,12176.86613,0.49,12176.962447247406,12176.962447013257,-2.3414941097144037e-07,False
56.0,+,4,1,12501.23411,0.81,12501.138275158974,12501.13827494957,-2.0940387912560254e-07,False
56.0,+,4,2,13552.44537,0.81,13552.559473950538,13552.559473822119,-1.2841883290093392e-07,False
56.0,+,4,2,13873.15408,0.36,13873.0332735101,13873.033273382463,-1.276366674574092e-07,False
56.0,+,4,3,14905.89765,0.36,14906.037232307193,14906.037232131386,-1.7580714484211057e-07,False
56.0,+,4,3,15222.89873,0.16,15222.797594374742,15222.797594203319,-1.7142338037956506e-07,False
56.0,+,4,4,16237.28891,0.09,16237.473763587004,16237.473763356176,-2.3082793632056564e-07,False
56.0,+,4,4,16550.60701,0.16,16550.520418145872,16550.520417895215,-2.50656739808619e-07,False
56.0,+,4,5,17856.32737,0.01,17856.31843500572,17856.318434852255,-1.5346449799835682e-07,False
56.0,+,6,0,25303.99583,9.0,25304.00136446517,25304.001372313713,7.848542736610398e-06,False
56.0,+,6,0,25493.007,9.0,25493.119308579153,25493.119310909253,2.3300999600905925e-06,False
56.0,+,6,0,25689.79541,9.0,25689.87673168144,25689.87673277282,1.0913790902122855e-06,False
56.0,-,2,0,5553.137,64.0,5553.160141922924,5553.160143640861,1.71793726622127e-06,False
56.0,-,2,0,5732.96245,100.0,5732.960799624952,5732.960801307684,1.6827316358103417e-06,False
56.0,-,2,0,5912.78494,81.0,5912.814351480161,5912.814353047895,1.567733306728769e-06,False
56.0,-,2,1,7119.84649,0.49,7119.862479833198,7119.862480792534,9.593359209247865e-07,False
56.0,-,2,1,7297.91671,0.36,7297.896040710676,7297.896041208925,4.98249391966965e-07,False
56.0,-,2,1,7475.74876,0.49,7475.731039530126,7475.731039426373,-1.0375242709415033e-07,False
56.0,-,2,2,8662.89845,0.16,8663.010416369003,8663.010418458634,2.089631379931234e-06,False
56.0,-,2,2,9015.17967,0.16,9015.067692811534,9015.067690215266,-2.596267222543247e-06,False
56.0,-,3,0,13335.41883,16.0,13335.041213850971,13335.041215973955,2.1229843696346506e-06,False
56.0,-,3,1,14864.83988,0.01,14864.366493338997,14864.366493223533,-1.1546399036888033e-07,False
56.0,-,3,2,16369.76278,0.04,16369.267347984307,16369.267348777523,7.932158041512594e-07,False
56.0,-,3,3,17850.08726,0.04,17849.763986055805,17849.763988475268,2.4194632715079933e-06,False
56.0,-,3,4,19305.74413,0.04,19305.70223202068,19305.702232834057,8.133756637107581e-07,False
57.0,+,4,0,11107.21985,49.0,11107.15832019823,11107.158320091137,-1.070930011337623e-07,False
57.0,+,4,1,12501.32112,0.36,12501.170733975898,12501.170733734585,-2.4131259124260396e-07,False
57.0,+,4,2,13873.20083,0.49,13873.05441861472,13873.054418477937,-1.3678254617843777e-07,False
57.0,+,4,3,15222.92983,0.16,15222.821096558651,15222.821096392976,-1.6567537386436015e-07,False
57.0,+,4,4,16550.60733,0.01,16550.548066972933,16550.54806673349,-2.3944448912516236e-07,False
57.0,+,4,5,17856.30973,0.01,17856.350842618227,17856.35084249359,-1.2463715393096209e-07,False
57.0,+,6,0,25492.72143,9.0,25492.903454258016,25492.903457438697,3.1806812330614775e-06,False
57.0,+,6,0,25689.78073,16.0,25689.807364842116,25689.8073667905,1.9483850337564945e-06,False
57.0,+,6,0,25885.252,9.0,25885.104793477847,25885.104794424136,9.462892194278538e-07,False
57.0,-,2,0,5731.81725,144.0,5731.83876113878,5731.83876278612,1.6473404684802517e-06,False
57.0,-,2,0,5911.20397,64.0,5911.24193802821,5911.241939687644,1.6594340195297264e-06,False
57.0,-,2,0,6097.1684,100.0,6097.132542297061,6097.132543908311,1.6112498997244984e-06,False
57.0,-,2,1,7296.77041,0.25,7296.769528606562,7296.769529083429,4.768671715282835e-07,False
57.0,-,2,1,7474.15313,0.16,7474.173940901622,7474.173941355097,4.534749677986838e-07,False
57.0,-,2,1,7658.29746,0.16,7658.243218101396,7658.243218629103,5.277061063679866e-07,False
57.0,-,2,2,8838.229,0.09,8838.16170284595,8838.161702822637,-2.3312168195843697e-08,False
57.0,-,2,2,9013.55733,0.09,9013.52819761277,9013.528197320209,-2.925607986981049e-07,False
57.0,-,3,0,13513.3525,25.0,13513.54213607804,13513.542138186269,2.1082287275930867e-06,False
57.0,-,3,1,15040.81153,0.04,15040.909502497689,15040.909502567889,7.020025805104524e-08,False
57.0,-,3,2,16543.76481,0.16,16543.83275391008,16543.83275474348,8.333990990649909e-07,False
57.0,-,3,3,18022.09911,0.16,18022.352532766323,18022.352535099948,2.3336251615546644e-06,False
57.0,-,3,4,19475.68939,0.16,19476.359214215587,19476.359179880168,-3.433541860431433e-05,False
58.0,+,1,0,6115.58929,324.0,6115.592550361799,6115.592550278584,-8.321512723341584e-08,False
58.0,+,1,1,7880.20907,81.69,7880.186049677189,7880.186049706095,2.8906470106448978e-08,False
58.0,+,4,0,11106.96951,49.0,11107.150679235505,11107.150679130847,-1.046573743224144e-07,False
58.0,+,4,0,11446.10355,36.0,11446.022807730034,11446.022807621208,-1.088264980353415e-07,False
58.0,+,4,1,12501.07442,0.49,12501.168959961982,12501.168959727875,-2.3410757421515882e-07,False
58.0,+,4,1,12836.34426,0.16,12836.162378457333,12836.162378240386,-2.169472281821072e-07,False
58.0,+,4,2,13872.94892,0.81,13873.057882070454,13873.05788193641,-1.3404496712610126e-07,False
58.0,+,4,2,14204.34505,0.25,14204.210322215758,14204.210322081424,-1.3433418644126505e-07,False
58.0,+,4,3,15222.68157,0.36,15222.829444972493,15222.829444803323,-1.6916965250857174e-07,False
58.0,+,4,3,15550.24739,0.16,15550.135469855508,15550.135469691662,-1.6384547052439302e-07,False
58.0,+,4,4,16550.351,0.16,16550.561292668626,16550.561292431772,-2.3685424821451306e-07,False
58.0,+,4,4,16874.07549,0.01,16874.020810695918,16874.020810443017,-2.529013727325946e-07,False
58.0,+,4,5,17856.09781,0.04,17856.37540209534,17856.37540201017,-8.516872185282409e-08,False
58.0,+,4,6,19139.63351,0.01,19140.359303431505,19140.359303335892,-9.56133590079844e-08,False
58.0,+,6,0,25688.67852,9.0,25688.62738312462,25688.627384677024,1.5524019545409828e-06,False
58.0,+,6,0,25884.04343,9.0,25884.13081422579,25884.13081582714,1.6013473214115947e-06,False
58.0,+,6,0,26087.4769,9.0,26087.414021795066,26087.414022690424,8.953575161285698e-07,False
58.0,-,2,0,5910.91843,100.0,5910.909815741374,5910.909817421677,1.680303284956608e-06,False
58.0,-,2,0,6096.7622,169.0,6096.759742665225,6096.759744315082,1.6498570403200574e-06,False
58.0,-,2,0,6282.48369,49.0,6282.481946821471,6282.481948361728,1.540257471788209e-06,False
58.0,-,2,1,7473.83078,0.36,7473.839716600091,7473.839717586001,9.85909537121188e-07,False
58.0,-,2,1,7657.88372,0.49,7657.859839130861,7657.859839679348,5.484871508087963e-07,False
58.0,-,2,1,7841.50503,0.25,7841.490835085252,7841.490835071985,-1.3266799214761704e-08,False
58.0,-,2,2,9013.19601,0.09,9013.193869081082,9013.193871068786,1.9877043087035418e-06,False
58.0,-,2,2,9376.99189,0.04,9376.897920021698,9376.897917493267,-2.5284316507168114e-06,False
58.0,-,2,3,10529.03741,0.04,10529.086819644335,10529.08682575278,6.1084447224857286e-06,False
58.0,-,3,0,13695.39843,16.0,13695.001538550372,13695.001540643709,2.0933366613462567e-06,False
58.0,-,3,1,15220.86129,0.01,15220.370134611738,15220.370134669918,5.818037607241422e-08,False
58.0,-,3,2,16721.80953,0.04,16721.287130240922,16721.287131026394,7.854723662603647e-07,False
58.0,-,3,3,18198.13024,0.04,18197.79443456211,18197.794437190674,2.6285633794032037e-06,False
58.0,-,3,4,19649.76907,0.04,19649.727156944744,19649.72715726504,3.202949301339686e-07,False
59.0,+,4,0,11446.06172,16.0,11446.012740848191,11446.0127407419,-1.0629082680679858e-07,False
59.0,+,4,1,12836.3265,0.09,12836.187678778057,12836.187678537743,-2.403139660600573e-07,False
59.0,+,4,2,14204.36922,0.25,14204.231124579585,14204.231124437394,-1.421904016751796e-07,False
59.0,+,4,3,15550.27502,0.09,15550.159092420545,15550.159092262062,-1.5848308976273984e-07,False
59.0,+,4,4,16874.10022,0.01,16874.048641336438,16874.04864109388,-2.4255859898403287e-07,False
59.0,+,6,0,25883.76627,9.0,25883.951004532017,25883.951005692128,1.1601114238146693e-06,False
59.0,+,6,0,26087.37641,9.0,26087.37835511038,26087.378356524343,1.4139623090159148e-06,False
59.0,+,6,0,26289.10376,16.0,26288.940064346447,26288.940065140596,7.941489457152784e-07,False
59.0,-,2,0,6095.67052,196.0,6095.673053217274,6095.673054830924,1.6136500562424771e-06,False
59.0,-,2,0,6280.89464,25.0,6280.9364660302,6280.93646765669,1.6264903024421073e-06,False
59.0,-,2,0,6472.90691,49.0,6472.843479203249,6472.843480778786,1.5755367712699808e-06,False
59.0,-,2,1,7656.7749,0.49,7656.768759994219,7656.768760523091,5.288720785756595e-07,False
59.0,-,2,1,7839.94202,0.01,7839.960872225224,7839.960872735775,5.105512173031457e-07,False
59.0,-,2,1,8030.05658,0.16,8029.98384024061,8029.983840822058,5.814472388010472e-07,False
59.0,-,2,2,9194.36963,0.09,9194.305120260056,9194.305120196625,-6.343179848045111e-08,False
59.0,-,2,2,9375.42042,0.04,9375.38574765623,9375.385747345192,-3.1103809305932373e-07,False
59.0,-,3,0,13879.19974,16.0,13879.410642087827,13879.410644165106,2.077278622891754e-06,False
59.0,-,3,1,15402.6402,0.04,15402.749825948396,15402.749826138775,1.9037906895391643e-07,False
59.0,-,3,2,16901.54618,0.09,16901.620097515475,16901.62009828752,7.720445864833891e-07,False
59.0,-,3,3,18375.81826,0.16,18376.079041916175,18376.079044344726,2.4285509425681084e-06,False
59.0,-,3,4,19825.37919,0.16,19825.947436146365,19825.94744159796,5.451594915939495e-06,False
60.0,+,1,0,6534.86791,289.0,6534.8562406141,6534.856240526183,-8.791721484158188e-08,False
60.0,+,1,1,8295.04158,81.44,8295.02846104829,8295.028461071937,2.3646862246096134e-08,False
60.0,+,4,0,11445.82148,36.0,11446.006742690326,11446.006742586118,-1.0420808393973857e-07,False
60.0,+,4,0,11795.84036,16.0,11795.763276544576,11795.763276432943,-1.1163319868501276e-07,False
60.0,+,4,1,12836.08856,0.36,12836.186354928119,12836.186354694473,-2.3364555090665817e-07,False
60.0,+,4,1,13182.07023,0.25,13181.924922795033,13181.924922575272,-2.1976120478939265e-07,False
60.0,+,4,2,14204.1239,0.25,14204.234744087833,14204.23474394757,-1.40262272907421e-07,False
60.0,+,4,2,14546.13273,0.36,14545.996569634111,14545.996569492809,-1.4130273484624922e-07,False
60.0,+,4,3,15549.98566,0.16,15550.167607151572,15550.16760698912,-1.624521246412769e-07,False
60.0,+,4,3,15888.06298,0.01,15887.949944422162,15887.949944265712,-1.5644945960957557e-07,False
60.0,+,4,4,16873.84133,0.01,16874.06254128997,16874.062541047086,-2.428860170766711e-07,False
60.0,+,6,0,26086.3845,9.0,26086.31170095608,26086.311701602994,6.469126674346626e-07,False
60.0,+,6,0,26287.90305,16.0,26287.99384474309,26287.993845885554,1.1424635886214674e-06,False
60.0,+,6,0,26497.75115,4.0,26497.755631151176,26497.755631870896,7.19719537300989e-07,False
60.0,-,2,0,6280.64204,25.0,6280.633583069951,6280.633584710447,1.6404965208494104e-06,False
60.0,-,2,0,6472.50119,121.0,6472.500259053632,6472.500260668631,1.6149988368852064e-06,False
60.0,-,2,0,6664.04883,64.0,6664.057013034557,6664.057014545303,1.510746187705081e-06,False
60.0,-,2,1,7839.62167,0.09,7839.656065366594,7839.656066379093,1.0124995242222212e-06,False
60.0,-,2,1,8029.65915,0.16,8029.630056668696,8029.630057269143,6.004474926157854e-07,False
60.0,-,2,1,8219.02694,0.09,8219.022977391662,8219.022977471259,7.959715730976313e-08,False
60.0,-,2,2,9563.27202,0.01,9563.17965730445,9563.179657240664,-6.378650141414255e-08,False
60.0,-,3,0,14067.18934,16.0,14066.760127151127,14066.760129211681,2.0605548343155533e-06,False
60.0,-,3,1,15588.56201,0.01,15588.030758778008,15588.030758975337,1.9732942746486515e-07,False
60.0,-,3,2,17085.38517,0.04,17084.82378746349,17084.823788214686,7.511953299399465e-07,False
60.0,-,3,3,18557.54964,0.04,18557.19962155092,18557.199624665183,3.114262653980404e-06,False
60.0,-,3,4,20005.01158,0.04,20004.983523992938,20004.9835235625,-4.304383764974773e-07,False
61.0,+,4,0,11795.78277,25.0,11795.741396585405,11795.741396479774,-1.0563053365331143e-07,False
61.0,+,4,1,13182.07906,0.25,13181.946545602048,13181.946545363282,-2.3876600607763976e-07,False
61.0,+,4,2,14546.15419,0.36,14546.017085615196,14546.017085466981,-1.4821489457972348e-07,False
61.0,+,4,3,15888.08102,0.25,15887.973659011073,15887.973658859717,-1.5135628927964717e-07,False
61.0,+,6,0,26287.65511,16.0,26287.854025671037,26287.85402620268,5.316433089319617e-07,False
61.0,+,6,0,26497.75407,9.0,26497.75410212685,26497.75410315824,1.0313888196833432e-06,False
61.0,+,6,0,26705.71229,16.0,26705.54026501048,26705.54026565946,6.489790393970907e-07,False
61.0,-,2,0,6471.45545,100.0,6471.446760971697,6471.446762549871,1.5781743059051223e-06,False
61.0,-,2,0,6662.49426,64.0,6662.536538891885,6662.536540483175,1.591289219504688e-06,False
61.0,-,2,0,6860.49715,49.0,6860.425101771229,6860.425103308785,1.5375562725239433e-06,False
61.0,-,2,1,8028.58636,0.09,8028.572242145458,8028.572242727807,5.823485480505042e-07,False
61.0,-,2,1,8217.4769,0.04,8217.518193116797,8217.518193685832,5.690344551112503e-07,False
61.0,-,2,1,8413.53559,0.09,8413.459774996354,8413.459775632855,6.365007720887661e-07,False
61.0,-,3,0,14256.8151,9.0,14257.04090841556,14257.040910458787,2.0432271412573755e-06,False
61.0,-,3,1,15776.09129,0.04,15776.21096801227,15776.210968310546,2.98276063404046e-07,False
61.0,-,3,2,17270.80447,0.09,17270.88740064285,17270.88740136029,7.174421625677496e-07,False
61.0,-,3,3,18740.86888,0.16,18741.142853186997,18741.142855767346,2.5803492462728173e-06,False
61.0,-,3,4,20186.19148,0.16,20186.793628204145,20186.793631212302,3.0081573640927672e-06,False
62.0,+,1,0,6967.39917,289.0,6967.385593111623,6967.385593018959,-9.26638676901348e-08,False
62.0,+,1,1,8723.0042,80.81,8722.980993507288,8722.980993525702,1.8413629732094705e-08,False
62.0,+,4,0,11795.53181,16.0,11795.736388007906,11795.73638790412,-1.0378607839811593e-07,False
62.0,+,4,0,12156.55885,16.0,12156.421947724886,12156.421947582665,-1.4222132449503988e-07,False
62.0,+,4,1,13181.84326,0.16,13181.94556733442,13181.945567101768,-2.3265238269232213e-07,False
62.0,+,4,1,13538.48983,0.04,13538.356569876838,13538.356569656218,-2.206197677878663e-07,False
62.0,+,4,2,14545.90952,0.16,14546.020817464023,14546.020817317112,-1.469106791773811e-07,False
62.0,+,4,2,14898.48106,0.09,14898.320468646054,14898.320468497406,-1.486478140577674e-07,False
62.0,+,4,3,16236.29159,0.01,16236.169285330245,16236.169285181082,-1.4916258805897087e-07,False
62.0,+,6,0,26496.81042,9.0,26496.699557025335,26496.699557243883,2.1854793885722756e-07,False
62.0,+,6,0,26704.53853,16.0,26704.62430528235,26704.624306078305,7.95957021182403e-07,False
62.0,+,6,0,26920.73382,1.0,26920.820158193987,26920.820158736784,5.427973519545048e-07,False
62.0,-,2,0,6662.25817,64.0,6662.26055567919,6662.260557277135,1.597945811226964e-06,False
62.0,-,2,0,6860.11369,64.0,6860.10982558414,6860.10982716174,1.5776004147483036e-06,False
62.0,-,2,0,7057.44733,49.0,7057.465915829598,7057.465917308604,1.4790057321079075e-06,False
62.0,-,2,1,8217.22352,0.04,8217.240429310503,8217.240430349622,1.039119524648413e-06,False
62.0,-,2,1,8413.16645,0.25,8413.13394171791,8413.133942371373,6.534628482768312e-07,False
62.0,-,3,0,14450.70298,9.0,14450.243369082085,14450.243371106992,2.0249062799848616e-06,False
62.0,-,3,1,15967.83477,0.01,15967.274729754157,15967.274730070478,3.163204382872209e-07,False
62.0,-,3,2,17460.38833,0.04,17459.803116895764,17459.803117615695,7.199305400718004e-07,False
62.0,-,3,3,18928.30614,0.04,18927.908475274646,18927.90848095967,5.685025826096535e-06,False
62.0,-,3,4,20371.4342,0.04,20371.401217338367,20371.40121310441,-4.2339561332482845e-06,False
63.0,+,4,0,12156.28695,9.0,12156.273011663556,12156.273011558465,-1.0509029380045831e-07,False
63.0,+,4,1,13538.51754,0.04,13538.37591802711,13538.375917790247,-2.368633431615308e-07,False
63.0,+,4,2,14898.47823,0.16,14898.340734211833,14898.34073405716,-1.5467412595171481e-07,False
63.0,+,4,3,16236.30885,0.01,16236.193062200779,16236.193062056418,-1.443604560336098e-07,False
63.0,+,6,0,26704.33444,16.0,26704.52326069232,26704.523260895265,2.029446477536112e-07,False
63.0,+,6,0,26920.89975,4.0,26920.852849412913,26920.85285012665,7.137350621633232e-07,False
63.0,+,6,0,27135.00737,16.0,27134.82433892637,27134.824339419472,4.93102561449632e-07,False
63.0,-,2,0,6859.08747,64.0,6859.087569048873,6859.087570589119,1.5402465578517877e-06,False
63.0,-,2,0,7055.93564,49.0,7055.968686004488,7055.968687558247,1.5537598301307298e-06,False
63.0,-,2,0,7259.87782,64.0,7259.802401157646,7259.802402655033,1.4973866200307384e-06,False
63.0,-,2,1,8412.1399,0.04,8412.107432352099,8412.107432989396,6.372974894475192e-07,False
63.0,-,2,1,8808.68966,0.04,8808.595769086753,8808.595769779104,6.923510227352381e-07,False
63.0,-,3,0,14646.11748,4.0,14646.358119874105,14646.358121880327,2.0062216208316386e-06,False
63.0,-,3,1,16161.09723,0.04,16161.217849899786,16161.217850297495,3.977093001594767e-07,False
63.0,-,3,2,17651.48433,0.04,17651.559281058842,17651.559281730544,6.717018550261855e-07,False
63.0,-,3,3,19117.16849,0.16,19117.468266855074,19117.468269714627,2.859553205780685e-06,False
63.0,-,3,4,20558.12522,0.16,20558.75456951929,20558.754571812788,2.2934982553124428e-06,False
64.0,+,1,0,7413.11469,225.0,7413.099163267868,7413.099163170509,-9.735867934068665e-08,False
64.0,+,1,1,9163.9752,80.64,9163.961400478567,9163.961400491884,1.3316821423359215e-08,False
64.0,+,4,0,12156.05816,9.0,12156.268645159491,12156.268645056005,-1.0348594514653087e-07,False
64.0,+,4,0,12527.47254,16.0,12527.49298083064,12527.49298074076,-8.987990440800786e-08,False
64.0,+,4,1,13538.26142,0.04,13538.375206509945,13538.375206278715,-2.3122993297874928e-07,False
64.0,+,4,1,13905.51583,0.16,13905.384298107601,13905.38429788747,-2.2013045963831246e-07,False
64.0,+,4,2,14898.23177,0.16,14898.344537720392,14898.34453756642,-1.539719960419461e-07,False
64.0,+,4,2,15261.25936,0.25,15261.10814712772,15261.108146971377,-1.5634213923476636e-07,False
64.0,+,4,3,16236.05663,0.04,16236.201861758502,16236.201861608728,-1.4977376849856228e-07,False
64.0,+,4,3,16594.87466,0.01,16594.7194332705,16594.719433128157,-1.4234319678507745e-07,False
64.0,+,6,0,26919.90938,9.0,26919.82597780529,26919.825977809225,3.9362930692732334e-09,False
64.0,+,6,0,27133.85964,16.0,27133.939588440546,27133.939588936006,4.954599717166275e-07,False
64.0,+,6,0,27356.56656,9.0,27356.5220859384,27356.522086269983,3.315835783723742e-07,False
64.0,-,2,0,7055.74708,16.0,7055.717469543598,7055.717471096818,1.5532204997725785e-06,False
64.0,-,2,0,7260.51875,25.0,7259.513575521619,7259.513577059673,1.5380537661258131e-06,False
64.0,-,2,0,7462.5994,49.0,7462.632700287329,7462.632701732764,1.445435373170767e-06,False
64.0,-,2,1,8606.49176,0.09,8606.519318972361,8606.519320038318,1.0659568943083286e-06,False
64.0,-,2,1,8808.32573,0.09,8808.296383826157,8808.296384533858,7.077014743117616e-07,False
64.0,-,2,1,9009.09447,0.04,9009.106513444438,9009.106513713888,2.694505383260548e-07,False
64.0,-,3,0,14845.86299,9.0,14845.3752464461,14845.375248432487,1.9863873603753746e-06,False
64.0,-,3,1,16358.61999,0.01,16358.025842203991,16358.025842626777,4.227858880767599e-07,False
64.0,-,3,2,17846.76728,0.04,17846.148596250096,17846.148596954794,7.046983228065073e-07,False
64.0,-,3,3,19310.23485,0.04,19309.820670009143,19309.820668721164,-1.2879791029263288e-06,False
64.0,-,3,4,20748.8752,0.04,20748.873449106424,20748.87345425386,5.147434421814978e-06,False
65.0,+,4,0,12527.58613,16.0,12527.534009079931,12527.53400897518,-1.0475014278199524e-07,False
65.0,+,4,1,13906.55036,0.01,13905.402068364927,13905.402068130394,-2.3453321773558855e-07,False
65.0,+,4,2,15261.26273,0.01,15261.128184454472,15261.12818429301,-1.6146259440574795e-07,False
65.0,+,4,3,16594.84813,0.01,16594.743241115535,16594.74324097766,-1.3787575880996883e-07,False
65.0,+,6,0,27133.67284,16.0,27133.87616950764,27133.87616949132,-1.6319972928613424e-08,False
65.0,+,6,0,27357.61776,9.0,27356.589146681625,27356.58914709449,4.128669388592243e-07,False
65.0,+,6,0,27576.87667,9.0,27576.708320005393,27576.708320299294,2.939013938885182e-07,False
65.0,-,2,0,7258.52877,64.0,7258.520792336788,7258.52079383679,1.5000023267930374e-06,False
65.0,-,2,0,7461.13363,36.0,7461.157097076878,7461.157098590958,1.5140803952817805e-06,False
65.0,-,2,0,7670.97754,64.0,7670.89804812172,7670.898049576481,1.4547604223480448e-06,False
65.0,-,2,1,8807.33777,0.04,8807.29940270392,8807.299403397137,6.932168616913259e-07,False
65.0,-,3,0,15047.03512,4.0,15047.285056532395,15047.285058498499,1.9661038095364347e-06,False
65.0,-,3,1,16557.54657,0.04,16557.692942944654,16557.692943436137,4.914836608804762e-07,False
65.0,-,3,2,18043.48087,0.04,18043.557950478596,18043.557951116978,6.383816071320325e-07,False
65.0,-,3,3,19504.64476,0.09,19504.977513429058,19504.977516938587,3.5095290513709188e-06,False
65.0,-,3,4,20941.06517,0.16,20941.753443139052,20941.753445116385,1.9773324311245233e-06,False
66.0,+,1,0,7871.91765,225.0,7871.912940689982,7871.912940587888,-1.0209350875811651e-07,False
66.0,+,1,1,9617.89517,80.09,9617.884817310432,9617.884817318572,8.139977580867708e-09,False
66.0,+,4,0,12527.30672,4.0,12527.53008012632,12527.530080023113,-1.0320763976778835e-07,False
66.0,+,4,0,12909.4197,4.0,12909.428856737768,12909.428856640956,-9.681207302492112e-08,False
66.0,+,4,1,13905.27755,0.09,13905.401564223614,13905.401563994299,-2.293145371368155e-07,False
66.0,+,4,1,14283.04596,0.01,14282.932377645011,14282.932377426256,-2.187553036492318e-07,False
66.0,+,4,2,15261.02587,0.04,15261.13202164476,15261.132021483374,-1.6138619685079902e-07,False
66.0,+,4,2,15634.42545,0.04,15634.28341311205,15634.283412947794,-1.6425656212959439e-07,False
66.0,+,4,3,16594.60907,0.01,16594.752192194934,16594.75219205079,-1.4414399629458785e-07,False
66.0,+,6,0,27355.62755,9.0,27355.59263326514,27355.59263311103,-1.5410842024721205e-07,False
66.0,+,6,0,27575.78464,16.0,27575.855296494752,27575.85529669552,2.0076913642697036e-07,False
66.0,-,2,0,7460.9481,25.0,7460.928695429381,7460.928696935331,1.5059495126479305e-06,False
66.0,-,2,0,7671.66976,36.0,7670.634305140514,7670.634306636995,1.4964807633077726e-06,False
66.0,-,2,0,7879.41666,36.0,7879.479094120558,7879.479095530098,1.409539436281193e-06,False
66.0,-,3,0,15252.57615,4.0,15252.077338585093,15252.077340529828,1.944734322023578e-06,False
66.0,-,3,1,16760.81225,0.01,16760.205398516686,16760.205399038066,5.213805707171559e-07,False
66.0,-,3,2,18244.42335,0.01,18243.78144371728,18243.781444438875,7.215967343654484e-07,False
66.0,-,3,3,19703.29765,0.01,19702.894215993765,19702.894216825018,8.312526915688068e-07,False
66.0,-,3,4,21137.38517,0.04,21137.365359334362,21137.365361964745,2.6303823688067496e-06,False
67.0,+,4,0,12909.42995,1.0,12909.448514309803,12909.448514205329,-1.0447365639265627e-07,False
67.0,+,4,2,15635.45916,0.01,15634.30323480118,15634.303234632562,-1.6861849871929735e-07,False
67.0,+,6,0,27575.6021,9.0,27575.8288325294,27575.82883234036,-1.8904029275290668e-07,False
67.0,+,6,0,27805.94656,16.0,27804.866747589316,27804.866747668962,7.964627002365887e-08,False
67.0,+,6,0,28031.28266,9.0,28031.105078932662,28031.10507880715,-1.255102688446641e-07,False
67.0,-,2,0,7669.67932,64.0,7669.669386489038,7669.669387946667,1.4576289686374366e-06,False
67.0,-,2,0,7877.93265,25.0,7878.023628136009,7878.023629607866,1.4718561942572705e-06,False
67.0,-,3,0,15459.46788,4.0,15459.742097970031,15459.742099893081,1.923050149343908e-06,False
67.0,-,3,1,16965.39518,0.04,16965.55628210324,16965.556282684167,5.809270078316331e-07,False
67.0,-,3,2,18446.70128,0.04,18446.803246628846,18446.80324725234,6.234949978534132e-07,False
67.0,-,3,3,19903.25213,0.04,19903.593741878132,19903.593748160256,6.2821236497256905e-06,False
67.0,-,3,4,21334.97518,0.09,21335.709302322986,21335.709304141546,1.8185601220466197e-06,False
68.0,+,1,0,8343.74661,169.0,8343.740353866477,8343.740353759686,-1.0679104889277369e-07,False
68.0,+,1,1,10084.69461,80.04,10084.663761567364,10084.663761570482,3.117747837677598e-09,False
68.0,+,4,1,14282.80755,0.04,14282.948620940208,14282.948620713252,-2.269553078804165e-07,False
68.0,+,4,2,15634.19562,0.01,15634.30707029377,15634.307070124663,-1.6910598787944764e-07,False
68.0,+,6,0,27803.96498,9.0,27803.90228232999,27803.902282082345,-2.476444933563471e-07,False
68.0,+,6,0,28030.15165,9.0,28030.284832370853,28030.284832194793,-1.7605998436920345e-07,False
68.0,-,2,0,7877.75264,9.0,7877.816248739685,7877.816250196085,1.4564002412953414e-06,False
68.0,-,2,0,8094.44296,4.0,8093.392480302952,8093.392481755563,1.4526103768730536e-06,False
68.0,-,2,0,8307.82566,4.0,8307.92451142107,8307.924512792524,1.3714543456444517e-06,False
68.0,-,3,1,17174.36801,0.01,17173.73221469715,17173.732215312346,6.15196768194437e-07,False
68.0,-,3,2,18653.28881,0.01,18652.620973522702,18652.620974332927,8.102251740638167e-07,False
68.0,-,3,3,20107.44661,0.01,20107.025369803272,20107.025371135467,1.3321950973477215e-06,False
68.0,-,3,4,21536.81461,0.04,21536.769299428255,21536.769301530472,2.1022169676143676e-06,False
69.0,+,4,0,13301.98595,4.0,13301.938358883808,13301.9383587794,-1.0440817277412862e-07,False
69.0,+,6,0,28029.97429,16.0,28030.294933327434,28030.29493298042,-3.4701224649325013e-07,False
69.0,+,6,0,28265.65955,1.0,28265.34125560017,28265.34125517104,-4.2913234210573137e-07,False
69.0,+,6,0,28498.09166,4.0,28497.896670076738,28497.896666066456,-4.010282282251865e-06,False
69.0,-,2,0,8092.46358,25.0,8092.45395778283,8092.453959196153,1.4133229342405684e-06,False
69.0,-,2,0,8306.46665,9.0,8306.487807556798,8306.487808984477,1.427679308108054e-06,False
69.0,-,3,0,15883.35521,4.0,15883.647227475489,15883.64722935248,1.8769915186567232e-06,False
69.0,-,3,1,17384.54941,0.04,17384.725474216455,17384.725474880477,6.640220817644149e-07,False
69.0,-,3,2,18861.08041,0.01,18861.212705490037,18861.212706126826,6.367881724145263e-07,False
69.0,-,3,3,20312.80961,0.04,20313.193072808655,20313.19306583763,-6.971025868551806e-06,False
69.0,-,3,4,21739.77461,0.09,21740.5384677111,21740.538469450512,1.7394122551195323e-06,False
70.0,+,1,0,8828.47261,144.0,8828.492274441633,8828.492274330116,-1.1151678336318582e-07,False
70.0,+,1,1,10564.19261,80.04,10564.208132417469,10564.208132415586,-1.8826540326699615e-09,False
70.0,+,4,0,13301.66548,1.0,13301.934973416848,13301.934973313872,-1.0297662811353803e-07,False
70.0,+,4,1,14670.77628,0.01,14670.938051171584,14670.938050947429,-2.2415588318835944e-07,False
70.0,+,4,2,16017.65903,0.09,16017.791171837049,16017.79117166015,-1.768985384842381e-07,False
70.0,+,4,3,17342.38873,0.01,17342.53767398348,17342.537673846193,-1.3728640624321997e-07,False
70.0,+,6,0,28264.91558,4.0,28264.433136936306,28264.433137210108,2.738015609793365e-07,False
70.0,+,6,0,28497.07865,4.0,28497.137145539567,28497.137144771492,-7.680755516048521e-07,False
70.0,-,2,0,8306.29108,49.0,8306.299798719881,8306.299800124598,1.4047163858776912e-06,False
70.0,-,2,0,8527.78755,9.0,8527.706243014034,8527.706244420673,1.4066390576772392e-06,False
70.0,-,2,0,8747.78966,1.0,8747.88605674762,8747.886058079082,1.3314620446180925e-06,False
70.0,-,2,1,9843.73753,0.04,9843.752563681213,9843.752564827944,1.146730937762186e-06,False
70.0,-,3,1,17599.16771,0.01,17598.5228790117,17598.522879711847,7.001472113188356e-07,False
70.0,-,3,2,19073.27091,0.01,19072.586624940617,19072.586626070242,1.1296251614112407e-06,False
70.0,-,3,3,20522.55261,0.01,20522.13276027179,20522.13276195631,1.6845187928993255e-06,False
70.0,-,3,4,21946.99261,0.04,21947.003247741508,21947.003249644913,1.9034050637856126e-06,False
71.0,+,4,0,13704.93815,1.0,13704.923083777148,13704.923083672611,-1.0453732102178037e-07,False
71.0,+,6,0,28496.90308,9.0,28497.18545106154,28497.185450543955,-5.175861588213593e-07,False
71.0,+,6,0,28738.99455,4.0,28738.897620237774,28738.897618900242,-1.337532012257725e-06,False
71.0,-,2,0,8527.04358,4.0,8526.792772394356,8526.792773760966,1.366610376862809e-06,False
71.0,-,2,0,8746.45465,4.0,8746.466842065272,8746.466843446668,1.3813951227348298e-06,False
71.0,-,3,1,17814.89721,0.01,17815.115710396934,17815.115711148865,7.519302016589791e-07,False
71.0,-,3,3,20733.36261,0.04,20733.769465989208,20733.769465271947,-7.17260263627395e-07,False
71.0,-,3,4,22155.31261,0.04,22156.154706515,22156.15470822199,1.706990587990731e-06,False
72.0,+,1,0,9326.05261,25.0,9326.077021008952,9326.077020892817,-1.1613519745878875e-07,False
72.0,+,1,1,11056.37261,10.04,11056.4252090013,11056.425208994298,-7.0012902142480016e-09,False
72.0,+,6,0,28738.25058,4.0,28737.99797498785,28737.99797412467,-8.631795935798436e-07,False
72.0,+,6,0,28976.27365,4.0,28976.309513206998,28976.30951044521,-2.7617861633189023e-06,False
72.0,-,2,0,8746.27908,4.0,8746.296677097454,8746.296678448338,1.3508833944797516e-06,False
72.0,-,2,0,8973.55955,9.0,8973.491417902102,8973.491419260747,1.3586450222646818e-06,False
72.0,-,3,3,20948.57261,0.01,20948.13077968318,20948.13078210261,2.4194305296987295e-06,False
72.0,-,3,4,22367.94261,0.04,22367.980060695474,22367.98006251927,1.8237951735500246e-06,False
73.0,+,4,0,14118.36915,1.0,14118.3199425796,14118.319942474716,-1.0488292900845408e-07,False
73.0,+,6,0,28976.09808,4.0,28976.40799080553,28976.407990070627,-7.349008228629827e-07,False
73.0,+,6,0,29224.46155,4.0,29224.14452317925,29224.144505812328,-1.73669213836547e-05,False
73.0,-,2,0,8972.81558,4.0,8972.601765142668,8972.601766460588,1.3179196685086936e-06,False
73.0,-,2,0,9197.82065,4.0,9197.875622656706,9197.875623989674,1.3329681678442284e-06,False
73.0,-,3,3,21164.73261,0.04,21165.1789879851,21165.17898814189,1.5679324860684574e-07,False
73.0,-,3,4,22581.54261,0.04,22582.469274795454,22582.469276500167,1.7047132132574916e-06,False
74.0,+,1,0,9836.35261,16.0,9836.400362352082,9836.400362231403,-1.206790329888463e-07,False
74.0,+,6,0,29223.80158,4.0,29223.420820407915,29223.42081932097,-1.0869443940464407e-06,False
74.0,+,6,0,29467.73365,4.0,29467.818586766814,29467.818592479485,5.712670827051625e-06,False
74.0,-,2,0,9197.64508,4.0,9197.72188620167,9197.721887496667,1.2949967640452087e-06,False
74.0,-,2,0,9430.78455,9.0,9430.66151857362,9430.661519882306,1.3086864782962948e-06,False
74.0,-,3,3,21385.33261,0.01,21384.886367478764,21384.88635416761,-1.3311153452377766e-05,False
74.0,-,3,4,22799.54261,0.01,22799.60983805943,22799.60983986373,1.8042992451228201e-06,False
75.0,+,4,0,14542.09195,1.0,14542.043904411821,14542.043904306398,-1.054231688613072e-07,False
75.0,+,6,0,29467.55808,4.0,29467.867519693053,29467.86751841342,-1.2796335795428604e-06,False
75.0,+,6,0,29722.12455,4.0,29721.93897911992,29721.93898153953,2.419608790660277e-06,False
75.0,-,2,0,9430.12458,4.0,9429.794547741561,9429.794549008799,1.2672371667576954e-06,False
75.0,-,2,0,9660.55765,4.0,9660.626730377955,9660.626731660595,1.2826403690269217e-06,False
75.0,-,3,3,21606.90261,0.01,21607.34184550336,21607.34184596092,4.57559508504346e-07,False
76.0,+,6,0,29721.46458,4.0,29721.05046475304,29721.050462550644,-2.202395990025252e-06,False
76.0,+,6,0,29971.30565,4.0,29971.35228359173,29971.352285155415,1.5636869648005813e-06,False
76.0,-,2,0,9660.38208,4.0,9660.488106593632,9660.48810783072,1.2370892363833264e-06,False
76.0,-,2,0,9899.27455,9.0,9899.127753790226,9899.127755046999,1.256772520719096e-06,False
77.0,+,6,0,29971.10208,4.0,29971.407717910828,29971.407710098363,-7.81246490078047e-06,False
77.0,+,6,0,30231.87455,4.0,30231.633335581122,30231.633336706072,1.1249503586441278e-06,False
77.0,-,2,0,9898.61458,4.0,9898.282416573666,9898.282417788565,1.2148993846494704e-06,False
77.0,-,2,0,10134.52365,4.0,10134.630441924739,10134.63044315517,1.2304317351663485e-06,False
78.0,+,6,0,30231.21458,4.0,30230.83365730553,30230.833659829834,2.5243025447707623e-06,False
78.0,+,6,0,30486.78465,4.0,30486.959033817835,30486.95903466556,8.47725459607318e-07,False
78.0,-,2,0,10134.36308,4.0,10134.505704219879,10134.505705397418,1.177539161290042e-06,False
78.0,-,2,0,10378.96855,4.0,10378.799033422856,10378.799034626109,1.2032523954985663e-06,False
79.0,+,6,0,30486.62408,4.0,30487.143296590948,30487.143297493196,9.022478479892015e-07,False
79.0,+,6,0,30753.60655,4.0,30753.32419068028,30753.32419132446,6.441805453505367e-07,False
79.0,-,2,0,10378.30858,4.0,10377.974359994916,10377.974361155782,1.1608663044171408e-06,False
79.0,-,2,0,10619.52465,4.0,10619.794735000261,10619.794736176573,1.1763113434426486e-06,False
80.0,+,6,0,30752.94658,4.0,30752.536682997867,30752.53668333039,3.3252217690460384e-07,False
80.0,+,6,0,31014.21265,4.0,31014.506525101482,31014.506525611596,5.101137503515929e-07,False
80.0,-,2,0,10619.40708,4.0,10619.682737090989,10619.682738207215,1.116226485464722e-06,False
80.0,-,2,0,10869.75555,4.0,10869.581974133707,10869.581975281817,1.1481097317300737e-06,False
81.0,+,6,0,31014.09508,4.0,31014.722795787646,31014.722795925925,1.38279574457556e-07,False
81.0,+,6,0,31287.22355,4.0,31286.898133223112,31286.89813356391,3.407985786907375e-07,False
81.0,-,2,0,10869.09558,1.0,10868.777065163285,10868.777066268625,1.1053398338845e-06,False
81.0,-,2,0,11115.59465,4.0,11116.025293390294,11116.025294511466,1.121172317652963e-06,False
82.0,+,6,0,31553.40665,4.0,31553.87642142966,31553.87642179687,3.672103048302233e-07,False
82.0,-,2,0,11115.52008,1.0,11115.924961477695,11115.924962531344,1.0536496120039374e-06,False
82.0,-,2,0,11371.57255,4.0,11371.380904738184,11371.380905829736,1.0915518942056224e-06,False
83.0,+,6,0,31832.80855,4.0,31832.235845470586,31832.23584555211,8.15234670881182e-08,False
83.0,-,2,0,11622.55965,4.0,11623.22551170362,11623.22551276793,1.064308889908716e-06,False
84.0,+,6,0,32104.34965,4.0,32105.038685700623,32105.038685412383,-2.882406988646835e-07,False
84.0,-,2,0,11884.50655,4.0,11884.097871197911,11884.097872231634,1.0337225830880925e-06,False
85.0,+,6,0,32390.09955,4.0,32389.63089513311,32389.630894852544,-2.8056456358172e-07,False
85.0,-,2,0,12140.40965,4.0,12141.296499724891,12141.296500731436,1.0065450624097139e-06,False
86.0,+,6,0,32667.09065,1.0,32667.74178607967,32667.741785557784,-5.218862497713417e-07,False
86.0,-,2,0,12408.05955,4.0,12407.63264119942,12407.632642174416,9.749965101946145e-07,False
87.0,+,6,0,32958.81255,1.0,32957.897130167185,32957.89712929091,-8.762726793065667e-07,False
