state,r_angstrom,supplied_cm,refined_cm
1,0.85,109937.9956701963,109928.56791571689
1,0.8521267723102586,108411.17980013767,108407.31273494796
1,0.8542535446205171,106865.5035732106,106866.24009823462
1,0.8563803169307757,105307.9136846751,105312.26695476034
1,0.8585070892410341,103744.9550796726,103752.04859184848
1,0.8606338615512927,102182.13136548524,102191.25112684561
1,0.8627606338615512,100623.77255630856,100634.36435536719
1,0.8648874061718098,99073.16004980807,99084.80409536225
1,0.8670141784820684,97532.73157735645,97545.11304701521
1,0.8691409507923269,96004.28021064348,96017.16334253612
1,0.8712677231025855,94489.11822465781,94502.32587992394
1,0.873394495412844,92988.20257062459,93001.60090077379
1,0.8755212677231026,91502.22775440424,91515.71495741367
1,0.877648040033361,90031.69360969469,90045.19175267222
1,0.8797748123436196,88576.95457215531,88590.4036455315
1,0.8819015846538782,87138.25559033954,87151.60916560877
1,0.8840283569641367,85715.75845138879,85728.98048766307
1,0.8861551292743953,84309.56123067683,84322.62370626976
1,0.8882819015846538,82919.7127879665,82932.593927798
1,0.8904086738949124,81546.22367143258,81558.90660791265
1,0.892535446205171,80189.07439600561,80201.54614793531
1,0.8946622185154295,78848.22178584134,78860.4724726918
1,0.8967889908256881,77523.60387673031,77535.62610870566
1,0.8989157631359466,76215.14373766421,76226.93213821511
1,0.9010425354462052,74922.75247399841,74934.30330301118
1,0.9031693077564636,73646.33160559907,73657.64245975701
1,0.9052960800667222,72385.77496369668,72396.84453648138
1,0.9074228523769808,71140.9702141644,71151.79810230988
1,0.9095496246872393,69911.80008861156,69922.3866350114
1,0.9116763969974979,68698.1433852863,68708.48955071115
1,0.9138031693077564,67499.87578736585,67509.98304510742
1,0.915929941618015,66316.8705354184,66326.74078429549
1,0.9180567139282736,65148.998982680394,65158.6344748429
1,0.9201834862385321,63996.13105559974,64005.53433632897
1,0.9223102585487907,62858.13563736031,62867.30949464817
1,0.9244370308590492,61734.88088845115,61743.82831059449
1,0.9265638031693078,60626.23451550975,60634.95865530622
1,0.9286905754795662,59532.06399746012,59540.56814186967
1,0.9308173477898248,58452.23677622759,58460.5243205775
1,0.9329441201000834,57386.62041794213,57394.69484392859
1,0.9350708924103419,56335.08274945159,56342.947606324524
1,0.9371976647206005,55297.49197409648,55305.15086252585
1,0.939324437030859,54273.716770000225,54281.17332820872
1,0.9414512093411176,53263.626373563995,53270.884265383254
1,0.9435779816513761,52267.09065040119,52274.15355496516
1,0.9457047539616347,51283.980155572506,51290.85175840965
1,0.9478315262718933,50314.16618468074,50320.85017000536
1,0.9499582985821518,49357.52081713393,49364.02086116794
1,0.9520850708924103,48413.91695268,48420.2367178634
1,0.9542118432026688,47483.22834214715,47489.371472116436
1,0.9563386155129274,46565.3296131799,46571.29972841271
1,0.9584653878231859,45660.09629164755,45665.89698568554
1,0.9605921601334445,44767.40481929707,44773.03965547364
1,0.9627189324437031,43887.13256814725,43892.60507675493
1,0.9648457047539616,43019.15785204349,43024.471527886795
1,0.9669724770642202,42163.359935739805,42168.51823602595
1,0.9690992493744787,41319.619041822065,41324.62538434849
1,0.9712260216847373,40487.816355743744,40492.674117347095
1,0.9733527939949957,39667.83402921159,39672.546544447
1,0.9754795663052543,38859.555182124794,38864.125742148884
1,0.9776063386155129,38062.863903247955,38067.29575488213
1,0.9797331109257714,37277.64524977303,37281.9415947262
1,0.98185988323603,36503.78524590691,36507.94924014002
1,0.9839866555462886,35741.170880605,35745.20563382142
1,0.9861134278565471,34989.6901045551,34993.59867980312
1,0.9882402001668056,34249.23182650475,34253.01723987955
1,0.9903669724770642,33519.68590901329,33523.35112944806
1,0.9924937447873228,32800.9431637009,32804.4911128372
1,0.9946205170975813,32092.895346057798,32096.32889818676
1,0.9967472894078399,31395.435149870355,31398.75713193718
1,0.9988740617180984,30708.45620131432,30711.669392979293
1,1.001000834028357,30031.85305275864,30034.960186508986
1,1.0031276063386154,29365.52117632053,29368.524937627164
1,1.0052543786488741,28709.35695720574,28712.25998472095
1,1.0073811509591326,28063.257686866564,28066.062572657596
1,1.009507923269391,27427.12155600396,27429.830845819244
1,1.0116346955796498,26800.847647440227,26803.46384100448
1,1.0137614678899083,26184.335928883724,26186.86148021899
1,1.0158882402001668,25577.487245605254,25579.92456337512
1,1.0180150125104253,24980.203313044723,24982.55476091909
1,1.020141784820684,24392.386709363425,24394.654606401782
1,1.0222685571309424,23813.940867956706,23816.12748900767
1,1.024395329441201,23244.770069938884,23246.8776460543
1,1.0265221017514596,22684.77943661322,22686.81015547501
1,1.0286488740617181,22133.87492193635,22135.830928294865
1,1.0307756463719766,21591.96330498615,21593.846701108305
1,1.032902418682235,21058.952182442255,21060.765028568618
1,1.0350291909924938,20534.749961085778,20536.494275895
1,1.0371559633027523,20019.265850325333,20020.943611405368
1,1.0392827356130108,19512.40985475472,19514.022999079592
1,1.0414095079232695,19014.09276674835,19015.643191159706
1,1.043536280233528,18524.226159098595,18525.715720791326
1,1.0456630525437864,18042.722377699134,18044.152894710227
1,1.047789824854045,17569.494534278652,17570.867785978793
1,1.0499165971643036,17104.456499187596,17105.77422677471
1,1.0520433694745621,16647.52289424147,16648.786801235954
1,1.0541701417848206,16198.609085622524,16199.820838363388
1,1.0562969140950793,15757.631176843024,15758.792404984646
1,1.0584236864053378,15324.506001771555,15325.618298780668
1,1.0605504587155963,14899.151117723946,14900.216041376278
1,1.0626772310258548,14481.484798620797,14482.503871497327
1,1.0648040033361135,14071.426028212683,14072.4007381948
1,1.066930775646372,13668.894493374064,13669.826294137714
1,1.0690575479566304,13273.810577466576,13274.700888974981
1,1.0711843202668891,12886.095353773226,12886.945562767736
1,1.0733110925771476,12505.670579003363,12506.482039492523
1,1.0754378648874061,12132.45868686884,12133.23272061538
1,1.0775646371976646,11766.382781732558,11767.120678737867
1,1.0796914095079233,11407.36663232855,11408.069651314849
1,1.0818181818181818,11055.334665554705,11056.00403444443
1,1.0839449541284403,10710.211960337108,10710.848876729591
1,1.086071726438699,10371.924241567076,10372.529873212166
1,1.0881984987489575,10040.397874110038,10040.973359378737
1,1.090325271059216,9715.559856885959,9716.106305237852
1,1.0924520433694744,9397.337817021653,9397.856309469029
1,1.0945788156797331,9085.660004074098,9086.151593642693
1,1.0967055879899916,8780.455284324773,8780.920996511044
1,1.09883236030025,8481.65313514399,8482.093968368818
1,1.1009591326105088,8189.183639425417,8189.600565484188
1,1.1030859049207673,7902.977480090136,7903.3714445991045
1,1.1052126772310258,7622.965934658896,7623.337857497825
1,1.1073394495412843,7349.0808698932615,7349.431645644183
1,1.109466221851543,7081.254736503866,7081.585234886023
1,1.1115929941618015,6819.420563925911,6819.731630226761
1,1.11371976647206,6563.511955160595,6563.80441066286
1,1.1158465387823187,6313.463081682326,6313.737724087066
1,1.1179733110925771,6069.208678410729,6069.4662822563405
1,1.1201000834028356,5830.684038746529,5830.9253558237215
1,1.122226855713094,5597.825009670929,5598.050769433619
1,1.1243536280233528,5370.567986907448,5370.778896879514
1,1.1264804003336113,5148.849910145573,5149.046656323484
1,1.1286071726438698,4932.608258325114,4932.791505576466
1,1.1307339449541285,4721.781044980995,4721.951437438798
1,1.132860717264387,4516.306813647196,4516.46497510006
1,1.1349874895746455,4316.124633319108,4316.271167597182
1,1.137114261884904,4121.174093973683,4121.309585330455
1,1.1392410341951626,3931.3953021462767,3931.5203156361313
1,1.1413678065054211,3746.728876563586,3746.8439584151856
1,1.1434945788156798,3567.1159438314935,3567.221621816927
1,1.1456213511259383,3392.498134177431,3392.5949179771796
1,1.1477481234361968,3222.817577245938,3222.905958809615
1,1.1498748957464553,3058.016897946929,3058.0973518498467
1,1.1520016680567138,2898.0392123556667,2898.112196151127
1,1.1541284403669725,2742.828123663501,2742.8940782309965
1,1.156255212677231,2592.3277181788017,2592.3870680679465
1,1.1583819849874897,2446.4825613768335,2446.5357151471453
1,1.1605087572977482,2305.2376939981878,2305.2850445546956
1,1.1626355296080066,2168.538628194523,2168.5805531192054
1,1.1647623019182651,2036.3313437210363,2036.3682056001144
1,1.1668890742285236,1908.5622841747427,1908.5944309218357
1,1.1690158465387823,1785.1783532776717,1785.2061184528247
1,1.1711426188490408,1666.1269112043483,1666.1506143289444
1,1.1732693911592995,1551.3557709523939,1551.3757178199794
1,1.175396163469558,1440.8131947558904,1440.8296777389041
1,1.1775229357798165,1334.4478905402302,1334.4611888926775
1,1.179649708090075,1232.2090084179836,1232.2193885740799
1,1.1817764804003335,1134.046137224872,1134.0538530936046
1,1.1839032527105922,1039.9093010949582,1039.9145943507083
1,1.1860300250208506,949.748956074478,949.7520564435908
1,1.1881567973311093,863.5159867732709,863.5171123166929
1,1.1902835696413678,781.1617030533234,781.1610604452635
1,1.1924103419516263,702.6378367533744,702.6356215560554
1,1.1945371142618848,627.8965384490712,627.8929353835574
1,1.1966638865721433,556.8903742477451,556.8855574609042
1,1.198790658882402,489.57232261715035,489.56645594473594
1,1.2009174311926605,425.895771247433,425.88900847333025
1,1.2030442035029192,365.81451394552096,365.8069990571785
1,1.2051709758131777,309.2827475613103,309.27461500139907
1,1.2072977481234362,256.25506894486534,256.24644385913416
1,1.2094245204336946,206.68647193394463,206.67747041537405
1,1.2115512927439533,160.53234437117135,160.52307370038397
1,1.2136780650542118,117.74846515013996,117.73902403213287
1,1.2158048373644703,78.29100128971913,78.28148008694006
1,1.217931609674729,42.11650503599776,42.10698599777061
1,1.2200583819849875,9.181910991092082,9.172468479442614
1,1.222185154295246,-20.555466731817432,-20.564766019917442
1,1.2243119266055045,-47.13793732785598,-47.14703414180258
1,1.2264386989157632,-70.60743609488054,-70.61627841527115
1,1.2285654712260217,-91.00552720363521,-91.0140700306074
1,1.2306922435362802,-108.3734064442524,-108.38161158928415
1,1.2328190158465389,-122.75190394970559,-122.75973983085532
1,1.2349457881567973,-134.18148689686495,-134.1889283374221
1,1.2370725604670558,-142.7022621857559,-142.70929021627853
1,1.2391993327773143,-148.35397909764106,-148.36058076133304
1,1.241326105087573,-151.17603193248033,-151.18220009391007
1,1.2434528773978315,-151.20746060572856,-151.21319376112842
1,1.24557964970809,-148.48691361738383,-148.492215687309
1,1.2477064220183487,-143.05259346154162,-143.05747356654138
1,1.2498331943286072,-134.94225551976342,-134.94672775701474
1,1.2519599666388657,-124.19321629037586,-124.1972995121705
1,1.2540867389491241,-110.84236144707938,-110.84607904120276
1,1.2562135112593829,-94.92615372393993,-94.92953339610722
1,1.2583402835696413,-76.48064063011043,-76.48371418856732
1,1.2604670558798998,-55.54146199744537,-55.54426513985163
1,1.2625938281901585,-32.14385736428085,-32.14642946694039
1,1.264720600500417,-6.322673198495977,-6.325057108120745
1,1.2668473728106755,21.88763003688109,21.885388208840595
1,1.268974145120934,52.45297097243201,52.45082205278959
1,1.2711009174311927,85.33964057228513,85.33753252632596
1,1.2732276897414512,120.51429552211266,120.51217365097727
1,1.2753544620517097,157.9439517621322,157.9417588972301
1,1.2774812343619684,197.59597816191672,197.5936548563459
1,1.2796080066722268,239.43809033401885,239.43557505091303
1,1.2817347789824853,283.4383445833555,283.43557388105546
1,1.2838615512927438,329.5651319892422,329.5620407032602
1,1.2859883236030025,377.78717261710153,377.7836940388197
1,1.288115095913261,428.0735098568184,428.0695759088376
1,1.2902418682235195,480.3935048847652,480.38904629288663
1,1.2923686405337782,534.7168312464746,534.7117777082358
1,1.2944954128440367,591.0134695569914,591.0077499067365
1,1.2966221851542952,649.2537023160348,649.2472446864576
1,1.2987489574645537,709.4081088348939,709.4008408150303
1,1.3008757297748124,771.4475602722359,771.4394090618771
1,1.3030025020850708,835.3432147758367,835.3341073363044
1,1.3051292743953293,901.0665127274051,901.0563759287088
1,1.307256046705588,968.5891720875306,968.5779328518356
1,1.3093828190158465,1037.8831838378765,1037.870769279285
1,1.311509591326105,1108.920807517823,1108.9071450784695
1,1.3136363636363635,1181.6745668525846,1181.6595844349813
1,1.3157631359466222,1256.1172454700136,1256.1008715656953
1,1.3178899082568807,1332.2218827031556,1332.2040465175733
1,1.3200166805671394,1409.9617694758726,1409.9424010495432
1,1.3221434528773979,1489.310444268447,1489.2894745943604
1,1.3242702251876564,1570.2416891605671,1570.2190502978465
1,1.3263969974979148,1652.7295259486627,1652.7051511324944
1,1.3285237698081733,1736.7482123348755,1736.7220360826823
1,1.330650542118432,1822.2722381847598,1822.244196398672
1,1.3327773144286905,1909.2763218508835,1909.2463519164621
1,1.3349040867389492,1997.7354065595473,1997.7034474408356
1,1.3370308590492077,2087.624656857609,2087.590649188479
1,1.3391576313594662,2178.9194551167966,2178.883341288607
1,1.3412844036697247,2271.5953980923905,2271.5571223380266
1,1.3434111759799832,2365.628293533593,2365.587802007846
1,1.3455379482902419,2460.994156842582,2460.95139769893
1,1.3476647206005004,2557.6692077793723,2557.6241312431875
1,1.349791492910759,2655.62986720968,2655.5824256478572
1,1.3519182652210175,2754.852753892572,2754.8029018796506
1,1.354045037531276,2855.31468130532,2855.2623756860867
1,1.3561718098415345,2956.9926545021162,2956.9378544507717
1,1.358298582151793,3059.86386700392,3059.806534079774
1,1.3604253544620517,3163.90569771622,3163.845795916017
1,1.3625521267723102,3269.09570787172,3269.033203678572
1,1.364678899082569,3375.4116379949246,3375.346500423948
1,1.3668056713928274,3482.831404885277,3482.76360552591
1,1.3689324437030859,3591.3330986159426,3591.2626116710353
1,1.3710592160133444,3700.894979544799,3700.821781866478
1,1.3731859883236028,3811.4954753345064,3811.4195464568556
1,1.3753127606338615,3923.113177978288,3923.034500146936
1,1.37743953294412,4035.726840828067,4035.64539902663
1,1.3795663052543787,4149.315375621623,4149.231157595164
1,1.3816930775646372,4263.857849505114,4263.770845780545
1,1.3838198498748957,4379.3334820476875,4379.243685951246
1,1.3859466221851542,4495.721642244335,4495.6290499161105
1,1.3880733944954127,4613.001845503481,4612.906455909085
1,1.3902001668056714,4731.153750615524,4731.055565554938
1,1.3923269391159299,4850.157156698474,4850.056180812078
1,1.3944537114261886,4969.992000116973,4969.888240888859
1,1.396580483736447,5090.638351370419,5090.5318191289825
1,1.3987072560467055,5212.076411946529,5211.967119862411
1,1.400834028356964,5334.286511135891,5334.174475217274
1,1.4029608006672225,5457.249102803435,5457.134341888819
1,1.4050875729774812,5580.944762112527,5580.827297860904
1,1.4072143452877397,5705.354182197192,5705.2340390757545
1,1.4093411175979984,5830.458170778143,5830.335376047531
1,1.411467889908257,5956.237646717787,5956.112230414913
1,1.4135946622185154,6082.673636509866,6082.545631428343
1,1.4157214345287739,6209.7472706986655,6209.616712366902
1,1.4178482068390323,6337.43978022316,6337.306706880111
1,1.419974979149291,6465.732492681103,6465.596945249764
1,1.4221017514595498,6594.606828508046,6594.468850566663
1,1.4242285237698082,6724.044297066286,6723.903934817341
1,1.4263552960800667,6854.026492638635,6853.883794875636
1,1.4284820683903252,6984.535090321702,6984.390108393778
1,1.4306088407005837,7115.551841813676,7115.404629588004
1,1.4327356130108422,7247.058571091278,7246.909184913391
1,1.4348623853211009,7379.037169970756,7378.885668622672
1,1.4369891576313596,7511.469593547612,7511.316038203886
1,1.439115929941618,7644.337855510148,7644.182309691785
1,1.4412427022518766,7777.624023321636,7777.466552847897
1,1.443369474562135,7911.310213266262,7911.150886204338
1,1.4454962468723935,8045.3785853541085,8045.217471966727
1,1.447623019182652,8179.8113380807545,8179.648510771611
1,1.4497497914929107,8314.59070303721,8314.426236294294
1,1.4518765638031694,8449.698939366326,8449.532909703057
1,1.454003336113428,8585.118328062345,8584.950813956551
1,1.4561301084236864,8720.831166110682,8720.66224794136
1,1.4582568807339449,8856.819760465556,8856.649520447387
1,1.4603836530442034,8993.066421864103,8992.894943979667
1,1.4625104253544619,9129.553458476234,9129.380828405896
1,1.4646371976647206,9266.263169390635,9266.089474440068
1,1.4667639699749793,9403.17783793839,9403.003166963614
1,1.4688907422852377,9540.279724857242,9540.104168187147
1,1.4710175145954962,9677.55106130091,9677.37471065723
1,1.4731442869057547,9814.974041699723,9814.796990114293
1,1.4752710592160132,9952.530816480921,9952.35315821021
1,1.477397831526272,10090.20348465936,10090.02531509612
1,1.4795246038365304,10227.974086311788,10227.795501893783
1,1.481651376146789,10365.82459495125,10365.645693066896
1,1.4837781484570476,10503.736909820916,10503.557788711782
1,1.485904920767306,10641.692848131295,10641.513606791237
1,1.4880316930775646,10779.674137267928,10779.494875338863
1,1.490158465387823,10917.662407002335,10917.483224666468
1,1.4922852376980817,11055.639181743743,11055.460179612059
1,1.4944120100083402,11193.585872874668,11193.407151871648
1,1.496538782318599,11331.483771220537,11331.305432464926
1,1.4986655546288574,11469.314039709572,11469.136184391036
1,1.500792326939116,11607.057706287627,11606.880435539206
1,1.5029190992493744,11744.69565716036,11744.519071926614
1,1.5050458715596329,11882.208630444433,11882.032831345117
1,1.5071726438698916,12019.577210319017,12019.402297508233
1,1.50929941618015,12156.781821779081,12156.607894799814
1,1.5114261884904088,12293.802726103242,12293.6298837372
1,1.5135529608006673,12430.620017159934,12430.448357272759
1,1.5156797331109257,12567.213618688611,12567.043238070328
1,1.5178065054211842,12703.563282704246,12703.39427690514
1,1.5199332777314427,12839.648589186934,12839.48105234884
1,1.5220600500417014,12975.448947230738,12975.282971914068
1,1.52418682235196,13110.94359783906,13110.779274845598
1,1.5263135946622186,13246.111618565807,13245.949036757724
1,1.528440366972477,13380.93193021321,13380.771176328677
1,1.5305671392827356,13515.38330580779,13515.22446427362
1,1.532693911592994,13649.44438208433,13649.287534826311
1,1.5348206839032525,13783.093673714455,13782.938899966139
1,1.5369474562135113,13916.309590520379,13916.156966631093
1,1.5390742285237697,14049.07045791431,14048.920057157444
1,1.5412010008340284,14181.35454080057,14181.20643318333
1,1.543327773144287,14313.140071168262,14312.994323244127
1,1.5454545454545454,14444.405279588147,14444.261954273574
1,1.547581317764804,14575.128430805802,14574.987587202762
1,1.5497080900750624,14705.287863594815,14705.149556821016
1,1.551834862385321,14834.862034997033,14834.726316025723
1,1.5539616346955796,14963.82956903133,14963.696484542852
1,1.5560884070058383,15092.169309898038,15092.038902145321
1,1.5582151793160968,15219.860379641515,15219.732686331912
1,1.5603419516263553,15346.882240160618,15346.757294356317
1,1.5624687239366137,15473.214759373224,15473.092589412918
1,1.5645954962468722,15598.838281251028,15598.718910695081
1,1.566722268557131,15723.733699341987,15723.617146943583
1,1.5688490408673894,15847.882533295015,15847.768812999437
1,1.5709758131776481,15971.267007794504,15971.15612876871
1,1.5731025854879066,16093.8701332055,16093.762099899644
1,1.575229357798165,16215.675787126014,16215.57059936852
1,1.5773561301084236,16336.668795945126,16336.566449072312
1,1.579482902418682,16456.835015417975,16456.735500438812
1,1.5816096747289408,16576.16140919548,16576.064712991665
1,1.5837364470391992,16694.636124192013,16694.5422297527
1,1.585863219349458,16812.248561641587,16812.157448331767
1,1.5879899916597164,16928.98944268597,16928.90108654677
1,1.590116763969975,17044.85086735999,17044.765241438377
1,1.5922435362802334,17159.826365889916,17159.7434405949
1,1.594370308590492,17273.910941303322,17273.830684785007
1,1.5964970809007506,17387.101102460678,17387.023481008044
1,1.5986238532110093,17499.39488675938,17499.31986521215
1,1.6007506255212678,17610.791871926107,17610.71941409593
1,1.6028773978315263,17721.29317649974,17721.223245595313
1,1.6050041701417848,17830.901448807494,17830.83400785854
1,1.6071309424520432,17939.62084444758,17939.555856722287
1,1.6092577147623017,18047.456992502994,18047.394421913843
1,1.6113844870725604,18154.416950918134,18154.35676241128
1,1.6135112593828191,18260.509151664948,18260.451311588626
1,1.6156380316930776,18365.743336502324,18365.6878129504
1,1.617764804003336,18470.13048428591,18470.077247413003
1,1.6198915763135946,18573.682730911092,18573.631753216607
1,1.622018348623853,18676.41328306702,18676.364539645932
1,1.6241451209341116,18778.33632704192,18778.289795800778
1,1.6262718932443703,18879.466933849468,18879.422595686952
1,1.628398665554629,18979.82096194441,18979.778800896238
1,1.6305254378648875,19079.41495876403,19079.374962112735
1,1.632652210175146,19178.26606227453,19178.228220625093
1,1.6347789824854044,19276.39190362113,19276.35621094401
1,1.636905754795663,19373.810511882835,19373.77696552626
1,1.6390325271059214,19470.540221821066,19470.508822494878
1,1.64115929941618,19566.59958539082,19566.57033712421
1,1.6432860717264388,19662.007287657772,19661.980197733723
1,1.6454128440366973,19756.782067639368,19756.75714650836
1,1.6475396163469558,19850.942644464583,19850.919905640374
1,1.6496663886572143,19944.50764913013,19944.487109070422
1,1.6517931609674728,20037.495562021963,20037.47723999643
1,1.6539199332777315,20129.92465627156,20129.908574219844
1,1.65604670558799,20221.81294692809,20221.79912931016
1,1.6581734778982486,20313.178145851296,20313.16661949224
1,1.6603002502085071,20404.03762216424,20404.02841609563
1,1.6624270225187656,20494.40836805252,20494.401513352008
1,1.664553794829024,20584.30696965336,20584.302499284207
1,1.6666805671392826,20673.749582746415,20673.747531398232
1,1.6688073394495413,20762.75191293505,20762.752316867034
1,1.6709341117597998,20851.329199992673,20851.33209688033
1,1.6730608840700585,20939.496206041636,20939.50163482774
1,1.675187656380317,21027.2672072311,21027.27520798171
1,1.6773144286905755,21114.655988585364,21114.666602351263
1,1.679441201000834,21201.67584170208,21201.689110386174
1,1.6815679733110924,21288.33956499256,21288.35553122343
1,1.6836947456213511,21374.659466170702,21374.678173182532
1,1.6858215179316096,21460.647366713678,21460.66885823257
1,1.6879482902418683,21546.31460803537,21546.3389281722
1,1.6900750625521268,21631.672059132026,21631.699252281654
1,1.6922018348623853,21716.73012547841,21716.7602362252
1,1.6943286071726438,21801.498758971276,21801.53183200079
1,1.6964553794829023,21885.987468735522,21886.023548752164
1,1.698582151793161,21970.205332625934,21970.24446427639
1,1.7007089241034195,22054.16100927421,22054.2032370764
1,1.7028356964136782,22137.862750547352,22137.90811882471
1,1.7049624687239366,22221.318414298083,22221.366967118847
1,1.7070892410341951,22304.535477302252,22304.587258423573
1,1.7092160133444536,22387.52104829096,22387.576101107552
1,1.711342785654712,22470.281880997172,22470.34024849419
1,1.7134695579649708,22552.824387147255,22552.886111857293
1,1.7155963302752293,22635.154649338027,22635.219773301782
1,1.717723102585488,22717.278433748543,22717.346998479134
1,1.7198498748957465,22799.20120264408,22799.27324909462
1,1.721976647206005,22880.92812663693,22881.0036951712
1,1.7241034195162634,22962.464096674943,22962.543227040976
1,1.726230191826522,23043.813735734573,23043.8964670409
1,1.7283569641367806,23124.981410200107,23125.067780894537
1,1.7304837364470391,23205.971240915183,23206.06128876585
1,1.7326105087572978,23286.78711389673,23286.88087597534
1,1.7347372810675563,23367.432690704405,23367.530203371465
1,1.7368640533778148,23447.911418462158,23448.012717354024
1,1.7389908256880733,23528.22653953027,23528.33165954793
1,1.7411175979983318,23608.38110082916,23608.490076128583
1,1.7432443703085905,23688.37796281732,23688.490826801255
1,1.745371142618849,23768.219808127866,23768.33659343899
1,1.7474979149291077,23847.909149869123,23848.02988838445
1,1.7496246872393661,23927.448339595678,23927.573062422063
1,1.7517514595496246,24006.83957495753,24006.96831242823
1,1.7538782318598831,24086.08490703513,24086.21768870741
1,1.7560050041701416,24165.186247369187,24165.323102022674
1,1.7581317764804003,24244.145374693926,24244.28633032992
1,1.7602585487906588,24322.963941383285,24323.10902522472
1,1.7623853211009175,24401.64347961941,24401.79271811158
1,1.764512093411176,24480.185407292924,24480.338826104777
1,1.7666388657214345,24558.59103364463,24558.748657670665
1,1.768765638031693,24636.861564658077,24637.02341802081
1,1.7708924103419514,24714.99810821248,24715.164214265344
1,1.7730191826522101,24793.00167900533,24793.172060336037
1,1.7751459549624686,24870.873203253705,24871.047881688028
1,1.7772727272727273,24948.613523183456,24948.792519789367
1,1.7793994995829858,25026.223401314728,25026.40673640689
1,1.7815262718932443,25103.70352455262,25103.891217697183
1,1.7836530442035028,25181.054508091,25181.24657811068
1,1.7857798165137613,25258.276899137618,25258.47336411703
1,1.78790658882402,25335.371180468246,25335.572057759488
1,1.7900333611342787,25412.337773817253,25412.54308004564
1,1.7921601334445372,25489.17704311191,25489.38679418203
1,1.7942869057547957,25565.889297557398,25566.10350865921
1,1.7964136780650541,25642.474794579055,25642.693480194186
1,1.7985404503753126,25718.93374262838,25719.156916536616
1,1.8006672226855711,25795.266303859018,25795.493979144856
1,1.8027939949958298,25871.472596678475,25871.704785737813
1,1.8049207673060885,25947.55269818134,25947.789412728274
1,1.807047539616347,26023.50664646939,26023.747897543108
1,1.8091743119266055,26099.334442863856,26099.5802408356
1,1.811301084236864,26175.036054014585,26175.286408594664
1,1.8134278565471225,26250.61141391111,26250.866334156028
1,1.815554628857381,26326.060425799973,26326.319920119586
1,1.8176814011676397,26401.38296401275,26401.647040177406
1,1.8198081734778984,26476.57887570873,26476.84754085658
1,1.8219349457881568,26551.647982536448,26551.92124318065
1,1.8240617180984153,26626.590082217615,26626.867944253703
1,1.8261884904086738,26701.40495005715,26701.687418770252
1,1.8283152627189323,26776.0923403826,26776.379420454865
1,1.830442035029191,26850.65198791645,26850.943683434343
1,1.8325688073394495,26925.08360908419,26925.37992354583
1,1.8346955796497082,26999.386903261206,26999.68783958375
1,1.8368223519599667,27073.561553961335,27073.867114488312
1,1.8389491242702252,27147.60722996977,27147.917416478445
1,1.8410758965804837,27221.523586422813,27221.838400131488
1,1.8432026688907421,27295.310265837008,27295.629707412372
1,1.8453294412010008,27368.966899089908,27369.290968654364
1,1.8474562135112593,27442.493106354766,27442.821803493673
1,1.849582985821518,27515.88849799117,27516.221821760184
1,1.8517097581317765,27589.152675393732,27589.49062432601
1,1.853836530442035,27662.2852318007,27662.627803914147
1,1.8559633027522935,27735.285753064287,27735.632945868765
1,1.858090075062552,27808.15381838452,27808.505628889026
1,1.8602168473728105,27880.889001008236,27881.245425728033
1,1.8623436196830694,27953.490868894824,27953.851903858555
1,1.8644703919933279,28025.958985350102,28026.324626106907
1,1.8665971643035864,28098.29290963005,28098.663151256565
1,1.8687239366138448,28170.492197515403,28170.867034622814
1,1.8708507089241033,28242.55640185866,28242.93582859967
1,1.8729774812343618,28314.485073104668,28314.869083180416
1,1.8751042535446203,28386.27775978598,28386.666346452952
1,1.8772310258548792,28457.93400899403,28458.327165070958
1,1.8793577981651377,28529.453366827383,28529.851084701993
1,1.8814845704753962,28600.835378817923,28601.237650453757
1,1.8836113427856547,28672.079590335983,28672.48640727913
1,1.8857381150959132,28743.18554697545,28743.596900361244
1,1.8878648874061716,28814.152794919577,28814.56867547921
1,1.8899916597164301,28884.980881288513,28885.401279355698
1,1.892118432026689,28955.669354469283,28956.094259986734
1,1.8942452043369475,29026.217764428853,29026.647166954852
1,1.896371976647206,29096.6256630114,29097.059551726255
1,1.8984987489574645,29166.892604220036,29167.33096793249
1,1.900625521267723,29237.01814448396,29237.460971637553
1,1.9027522935779815,29307.001842911613,29307.449121591017
1,1.90487906588824,29376.84326153031,29377.29497946761
1,1.907005838198499,29446.541965513232,29446.998110094122
1,1.9091326105087574,29516.097523393924,29516.558081663905
1,1.9112593828190159,29585.50950726926,29585.974465939762
1,1.9133861551292743,29654.77749299112,29655.24683844556
1,1.9155129274395328,29723.901060347245,29724.374778647114
1,1.9176396997497913,29792.879793231954,29793.35787012272
1,1.9197664720600498,29861.713279806954,29862.195700724027
1,1.9218932443703087,29930.40111265279,29930.887862727373
1,1.9240200166805672,29998.94288891121,29999.433952976153
1,1.9261467889908257,30067.338210419075,30067.833573014646
1,1.9282735613010842,30135.586683833953,30136.086329213522
1,1.9304003336113427,30203.687920751778,30204.191832887507
1,1.9325271059216012,30271.641537817046,30272.149700405538
1,1.9346538782318596,30339.44715682579,30339.95955329363
1,1.9367806505421186,30407.104404821683,30407.621018330923
1,1.938907422852377,30474.61291418535,30475.133727639037
1,1.9410341951626355,30541.972322717666,30542.497318765214
1,1.943160967472894,30609.182273716742,30609.711434759294
1,1.9452877397831525,30676.242416049245,30676.77572424499
1,1.947414512093411,30743.15240421617,30743.689841485597
1,1.9495412844036695,30809.911898413262,30810.45344644438
1,1.9516680567139284,30876.52056458649,30877.06620483995
1,1.9537948290241869,30942.978074482467,30943.527788196676
1,1.9559216013344454,31009.284105694474,31009.83787389067
1,1.9580483736447039,31075.43834170386,31075.996145191068
1,1.9601751459549623,31141.44047191727,31142.002291297307
1,1.9623019182652208,31207.290191699845,31207.85600737215
1,1.9644286905754793,31272.98720240443,31273.556994570936
1,1.9665554628857382,31338.53121139723,31339.104960067154
1,1.9686822351959967,31403.921932079684,31404.49961707431
1,1.9708090075062552,31469.15908390726,31469.740684864566
1,1.9729357798165137,31534.2423924047,31534.82788878402
1,1.9750625521267722,31599.17158917834,31599.760960264986
1,1.9771893244370307,31663.946411925444,31664.539636835158
1,1.9793160967472891,31728.56660444062,31729.16366212416
1,1.981442869057548,31793.031916619664,31793.6327858672
1,1.9835696413678066,31857.342104460644,31857.946763906126
1,1.985696413678065,31921.496930062756,31922.105358188277
1,1.9878231859883235,31985.496161622596,31986.108336762678
1,1.989949958298582,32049.339573428297,32049.955473774142
1,1.9920767306088405,32113.02694585153,32113.646549455156
1,1.9942035029190994,32176.558065337395,32177.181350115825
1,1.996330275229358,32239.93272439236,32240.559668131715
1,1.9984570475396164,32303.150721570477,32303.78130192997
1,2.000583819849875,32366.21186145761,32366.846055973594
1,2.0027105921601334,32429.115954654157,32429.75374074403
1,2.004837364470392,32491.862817756024,32492.504172722132
1,2.0069641367806503,32554.452273334176,32555.09717436769
1,2.0090909090909093,32616.884149912683,32617.53257409737
1,2.0112176814011677,32679.15828194529,32679.810206261296
1,2.0133444537114262,32741.274509790896,32741.92991111842
1,2.0154712260216847,32803.23267968756,32803.89153481052
1,2.017597998331943,32865.03264372535,32865.69492933504
1,2.0197247706422017,32926.67425981827,32927.33995251686
1,2.02185154295246,32988.15739167472,32988.826467978826
1,2.023978315262719,33049.481908767426,33050.154345111565
1,2.0261050875729776,33110.64768630195,33111.32345904198
1,2.028231859883236,33171.654605184616,33172.33369060112
1,2.0303586321934946,33232.50255198942,33233.184926291055
1,2.032485404503753,33293.191418924194,33293.87705825093
1,2.0346121768140115,33353.721103795884,33354.409984222366
1,2.03673894912427,33414.09150997531,33414.78360751394
1,2.038865721434529,33474.30254636105,33474.997836965245
1,2.0409924937447874,33534.35412734277,33535.05258691002
1,2.043119266055046,33594.24617276394,33594.94777713894
1,2.0452460383653044,33653.978607884004,33654.68333286166
1,2.047372810675563,33713.55136334003,33714.25918466845
1,2.0494995829858214,33772.96437510778,33773.675268491206
1,2.05162635529608,33832.2175844624,33832.93152556416
1,2.0537531276063388,33891.31093793867,33892.02790238402
1,2.0558798999165973,33950.244387290855,33950.96435066977
1,2.0580066722268557,34009.017889452145,34009.74082732217
1,2.0601334445371142,34067.6314064938,34068.35729438275
1,2.0622602168473727,34126.08490558399,34126.813718992686
1,2.064386989157631,34184.3783589463,34185.11007335117
1,2.0665137614678897,34242.51174381798,34243.24633467377
1,2.0686405337781486,34300.48504240803,34301.22248515031
1,2.070767306088407,34358.298241854915,34359.03851190267
1,2.0728940783986656,34415.95133418428,34416.6944069424
1,2.075020850708924,34473.44431626635,34474.1901671281
1,2.0771476230191825,34530.77718977322,34531.52579412267
1,2.079274395329441,34587.94996113601,34588.701294350445
1,2.0814011676396995,34644.96264150193,34645.71667895419
1,2.0835279399499584,34701.81524669124,34702.57196375204
1,2.085654712260217,34758.50779715404,34759.26716919425
1,2.0877814845704754,34815.04031792723,34815.802320320116
1,2.089908256880734,34871.4128385911,34872.177446714544
1,2.0920350291909924,34927.6253932262,34928.39258246488
1,2.094161801501251,34983.67802037,34984.4477661175
1,2.0962885738115093,35039.57076297357,35040.34304063454
1,2.0984153461217683,35095.3036683584,35096.07845335056
1,2.1005421184320268,35150.87678817303,35151.654055929226
1,2.1026688907422852,35206.29017834994,35207.06990432018
1,2.1047956630525437,35261.54389906234,35262.32605871571
1,2.106922435362802,35316.63801468106,35317.42258350769
1,2.1090492076730607,35371.57259373153,35372.35954724448
1,2.111175979983319,35426.34770885082,35427.13702258795
1,2.113302752293578,35480.963436744794,35481.75508627058
1,2.1154295246038366,35535.41985814526,35536.213819052675
1,2.117556296914095,35589.71705776747,35590.51330567964
1,2.1196830692243536,35643.855124267444,35644.653634839495
1,2.121809841534612,35697.83415019967,35698.63489912034
1,2.1239366138448705,35751.654231974724,35752.45719496813
1,2.126063386155129,35805.31546981724,35806.12062264445
1,2.128190158465388,35858.81796772386,35859.625286184564
1,2.1303169307756464,35912.161833421385,35912.97129335548
1,2.132443703085905,35965.34717832521,35966.15875561432
1,2.1345704753961634,36018.37411749775,36019.18778806678
1,2.136697247706422,36071.24276960713,36072.05850942578
1,2.1388240200166804,36123.953256886074,36124.77104197028
1,2.140950792326939,36176.50570509091,36177.32551150429
1,2.143077564637198,36228.90024346085,36229.72204731615
1,2.1452043369474563,36281.13700467736,36281.960782137816
1,2.1473311092577148,36333.216124823855,36334.041852104594
1,2.1494578815679732,36385.137743345564,36385.965396714826
1,2.1515846538782317,36436.90200300945,36437.73155879005
1,2.15371142618849,36488.50904986461,36489.34048443511
1,2.1558381984987487,36539.95903320267,36540.792322998655
1,2.1579649708090076,36591.25210551852,36592.08722703386
1,2.160091743119266,36642.38842247122,36643.22535225921
1,2.1622185154295246,36693.36814284511,36694.20685751973
1,2.164345287739783,36744.1914285113,36745.03190474831
1,2.1664720600500416,36794.85844438918,36795.70065892724
1,2.1685988323603,36845.36935840828,36846.21328805012
1,2.170725604670559,36895.7243414704,36896.569963083806
1,2.1728523769808175,36945.923567411875,36946.770857930824
1,2.174979149291076,36995.96721296619,36996.81614939185
1,2.1771059216013344,37045.85545772674,37046.706017128505
1,2.179232693911593,37095.588484109976,37096.44064362638
1,2.1813594662218514,37145.16647731858,37146.02021415835
1,2.18348623853211,37194.58962530509,37195.44491674805
1,2.185613010842369,37243.858118735734,37244.71494213373
1,2.1877397831526273,37292.972150954396,37293.83048373217
1,2.1898665554628858,37341.931917947004,37342.79173760309
1,2.1919933277731443,37390.73761830605,37391.598902413636
1,2.1941201000834027,37439.38945319539,37440.25217940314
1,2.1962468723936612,37487.88762631536,37488.75177234824
1,2.1983736447039197,37536.23234386807,37537.09788752813
1,2.2005004170141786,37584.423814523034,37585.29073369019
1,2.202627189324437,37632.46224938292,37633.33052201568
1,2.2047539616346956,37680.347861949784,37681.21746608601
1,2.206880733944954,37728.08086809129,37728.951781848926
1,2.2090075062552126,37775.66148600746,37776.53368758519
1,2.211134278565471,37823.089936197466,37823.96340387539
1,2.2132610508757296,37870.36644142679,37871.24115356712
1,2.2153878231859885,37917.49122669465,37918.3671617423
1,2.217514595496247,37964.464519201574,37965.34165568485
1,2.2196413678065054,38011.28654831746,38012.164864848586
1,2.221768140116764,38057.95754554963,38058.83702082537
1,2.2238949124270224,38104.47774451129,38105.35835731353
1,2.226021684737281,38150.847380890256,38151.729110086526
1,2.2281484570475394,38197.066692417924,38197.94951696192
1,2.2302752293577983,38243.13591883839,38244.01981777056
1,2.232402001668057,38289.055301878,38289.94025432597
1,2.2345287739783153,38334.82508521507,38335.71107039418
1,2.2366555462885738,38380.445514449806,38381.33251166355
1,2.2387823185988323,38425.91683707468,38426.80482571515
1,2.2409090909090907,38471.23930244473,38472.12826199309
1,2.2430358632193492,38516.413161748496,38517.30307177538
1,2.245162635529608,38561.43866797891,38562.329508144816
1,2.2472894078398666,38606.31607590455,38607.20782596028
1,2.249416180150125,38651.045642041274,38651.93828182823
1,2.2515429524603836,38695.62762462382,38696.52113407446
1,2.253669724770642,38740.06228357792,38740.95664271605
1,2.2557964970809006,38784.349880492555,38785.24506943369
1,2.257923269391159,38828.49067859244,38829.386677544084
1,2.260050041701418,38872.484942710784,38873.3817319728
1,2.2621768140116765,38916.33293926232,38917.23049922717
1,2.264303586321935,38960.03493621656,38960.93324736959
1,2.2664303586321934,39003.591203071264,39004.490245991015
1,2.268557130942452,39047.002010826225,39047.901766184645
1,2.2706839032527104,39090.267631957235,39091.16808051994
1,2.272810675562969,39133.38834039029,39134.2894630168
1,2.274937447873228,39176.36441147614,39177.26618912007
1,2.2770642201834863,39219.19612196486,39220.09853567415
1,2.279190992493745,39261.88374998095,39262.78678089806
1,2.2813177648040033,39304.42757499845,39305.33120436051
1,2.2834445371142618,39346.82787781631,39347.73208695534
1,2.2855713094245202,39389.084940534165,39389.98971087719
1,2.2876980817347787,39431.19904652811,39432.10435959735
1,2.2898248540450377,39473.170480426925,39474.07631783989
1,2.291951626355296,39514.999528088294,39515.90587155795
1,2.2940783986655546,39556.68647657555,39557.5933079104
1,2.296205170975813,39598.23161413439,39599.13891523859
1,2.2983319432860716,39639.63523016988,39640.54298304336
1,2.30045871559633,39680.89761522385,39681.80580196237
1,2.3025854879065886,39722.01906095222,39722.927663747476
1,2.3047122602168475,39762.99986010289,39763.90886124252
1,2.306839032527106,39803.8403064935,39804.74968836122
1,2.3089658048373645,39844.5406949897,39845.45044006527
1,2.311092577147623,39885.1013214835,39886.01141234285
1,2.3132193494578814,39925.522482871835,39926.432902187014
1,2.31534612176814,39965.80447703539,39966.71520757465
1,2.3174728940783984,40005.94760281764,40006.85862744537
1,2.3195996663886573,40045.95216000405,40046.86346168087
1,2.321726438698916,40085.818449301565,40086.73001108425
1,2.3238532110091743,40125.54677231822,40126.458577359714
1,2.325979983319433,40165.13743154306,40166.049463092466
1,2.3281067556296913,40204.590730326185,40205.5029717287
1,2.3302335279399498,40243.90697285905,40244.81940755595
1,2.3323603002502082,40283.08646415493,40283.999075683525
1,2.334487072560467,40322.129510029634,40323.04228202322
1,2.3366138448707257,40361.03641708241,40361.94933327015
1,2.338740617180984,40399.80749267699,40400.720536883964
1,2.3408673894912426,40438.44304492295,40439.35620106997
1,2.342994161801501,40476.94338265715,40477.856634760705
1,2.3451209341117596,40515.30881542546,40516.22214759766
1,2.3472477064220185,40553.53965346462,40554.45304991307
1,2.349374478732277,40591.63620768431,40592.54965271202
1,2.3515012510425355,40629.59878964945,40630.51226765472
1,2.353628023352794,40667.427711562654,40668.34120703895
1,2.3557547956630525,40705.12328624686,40706.03678378274
1,2.357881567973311,40742.685827128196,40743.59931140711
1,2.3600083402835694,40780.11564821899,40781.02910401917
1,2.3621351125938284,40817.41306410099,40818.326476295355
1,2.364261884904087,40854.57838990872,40855.491743464656
1,2.3663886572143453,40891.61194131309,40892.52522129238
1,2.368515429524604,40928.51403450517,40929.4272260638
1,2.3706422018348623,40965.28498618013,40966.19807456809
1,2.372768974145121,41001.92511352129,41002.838084082454
1,2.3748957464553793,41038.434734184455,41039.3475723564
1,2.377022518765638,41074.81416628241,41075.72685759624
1,2.3791492910758967,41111.063728369525,41111.97625844965
1,2.381276063386155,41147.183739426546,41148.09609399058
1,2.3834028356964136,41183.174518845655,41184.0866837041
1,2.385529608006672,41219.03638641555,41219.94834747174
1,2.3876563803169306,41254.76966230682,41255.68140555661
1,2.389783152627189,41290.37466705739,41291.28617858899
1,2.391909924937448,41325.85172155821,41326.76298755201
1,2.3940366972477065,41361.20114703907,41362.112153767346
1,2.396163469557965,41396.4232650546,41397.33399888134
1,2.3982902418682235,41431.51839747033,41432.428844851056
1,2.400417014178482,41466.48686644912,41467.3970139306
1,2.4025437864887405,41501.32899443756,41502.23882865756
1,2.404670558798999,41536.04510415255,41536.95461183967
1,2.406797331109258,41570.63551856818,41571.544686541565
1,2.4089241034195163,41605.10056090255,41606.00937607167
1,2.411050875729775,41639.44055460494,41640.34900396936
1,2.4131776480400333,41673.65582334303,41674.56389399211
1,2.415304420350292,41707.74669099028,41708.65437010297
1,2.4174311926605503,41741.71348161342,41742.62075645801
1,2.4195579649708088,41775.556519460275,41776.46337739408
1,2.4216847372810677,41809.276128947444,41810.1825574166
1,2.423811509591326,41842.87263464837,41843.778621187565
1,2.4259382819015847,41876.34636128146,41877.25189351365
1,2.428065054211843,41909.69763369832,41910.60269933445
1,2.4301918265221016,41942.92677687219,41943.83136371095
1,2.43231859883236,41976.03411588652,41976.938211814035
1,2.4344453711426186,42009.0199759236,42009.92356891319
1,2.4365721434528775,42041.88468225342,42042.78776036532
1,2.438698915763136,42074.62856022264,42075.531111603676
1,2.4408256880733945,42107.25193524374,42108.15394812706
1,2.442952460383653,42139.75513278414,42140.656595488974
1,2.4450792326939115,42172.138478355686,42173.03937928699
1,2.44720600500417,42204.40229750408,42205.30262515229
1,2.4493327773144284,42236.54691579856,42237.44665873926
1,2.4514595496246874,42268.572658821606,42269.4718057153
1,2.453586321934946,42300.47985215892,42301.378391750644
1,2.4557130942452043,42332.268821389356,42333.166742508445
1,2.457839866555463,42363.93989207513,42364.83718363491
1,2.4599666388657213,42395.49338975204,42396.390040749495
1,2.46209341117598,42426.929639919894,42427.82563943538
1,2.4642201834862383,42458.248968033025,42459.14430522999
1,2.466346955796497,42489.45169949095,42490.34636361555
1,2.4684737281067557,42520.53815962903,42521.43214000992
1,2.470600500417014,42551.508673709504,42552.40195975744
1,2.4727272727272727,42582.363566912354,42583.256148119945
1,2.474854045037531,42613.10316432649,42613.995030267855
1,2.4769808173477896,42643.72779094096,42644.618931271405
1,2.479107589658048,42674.237771636275,42675.128176092025
1,2.481234361968307,42704.63343117595,42705.52308957375
1,2.4833611342785655,42734.91509419793,42735.8039964348
1,2.485487906588824,42765.0830852064,42765.9712212593
1,2.4876146788990825,42795.13772856356,42796.02508848904
1,2.489741451209341,42825.07934848147,42825.96592241539
1,2.4918682235195995,42854.90826901411,42855.79404717127
1,2.493994995829858,42884.62481404945,42885.50978672335
1,2.496121768140117,42914.229307301786,42915.1134648642
1,2.4982485404503754,42943.722072303906,42944.60540520465
1,2.500375312760634,42973.1034323997,42973.98593116623
1,2.5025020850708923,43002.37371073656,43003.25536597369
1,2.504628857381151,43031.53323025806,43032.41403264765
1,2.5067556296914093,43060.58231369676,43061.46225399734
1,2.508882402001668,43089.52128356694,43090.40035261343
1,2.5110091743119267,43118.35046215765,43119.22865086103
1,2.513135946622185,43147.070171525644,43147.94747087257
1,2.5152627189324437,43175.68073348861,43176.55713454115
1,2.517389491242702,43204.182469618325,43205.05796351364
1,2.5195162635529607,43232.57570123405,43233.45027918398
1,2.521643035863219,43260.8607493959,43261.7344026867
1,2.5237698081734776,43289.03793489837,43289.91065489039
1,2.5258965804837366,43317.10757826396,43317.97935639128
1,2.528023352793995,43345.06999973686,43345.940827506965
1,2.5301501251042535,43372.92551927671,43373.79538827021
1,2.532276897414512,43400.674456552566,43401.543358422794
1,2.5344036697247705,43428.317130936775,43429.1850574095
1,2.536530442035029,43455.85386149905,43456.720804372126
1,2.538657214345288,43483.28496700066,43484.15091814375
1,2.5407839866555464,43510.610765888596,43511.47571724276
1,2.542910758965805,43537.83157628992,43538.695519867346
1,2.5450375312760634,43564.947716006136,43565.810643889796
1,2.547164303586322,43591.95950250771,43592.821406851006
1,2.5492910758965803,43618.867252928576,43619.72812595505
1,2.551417848206839,43645.6712840608,43646.53111806381
1,2.5535446205170977,43672.37191234938,43673.230699691696
1,2.5556713928273562,43698.969453886864,43699.82718700043
1,2.5577981651376147,43725.46422440844,43726.32089579401
1,2.559924937447873,43751.85653928675,43752.71214151356
1,2.5620517097581317,43778.146713527,43779.001239232435
1,2.56417848206839,43804.33506176206,43805.18850365134
1,2.5663052543786486,43830.42189824759,43831.274249093454
1,2.5684320266889076,43856.40753685744,43857.25878949978
1,2.570558798999166,43882.29229107881,43883.1424384244
1,2.5726855713094245,43908.07647400784,43908.92550902994
1,2.574812343619683,43933.76039834491,43934.60831408303
1,2.5769391159299415,43959.344376390356,43960.19116594989
1,2.5790658882402,43984.82872004,43985.674376591865
1,2.5811926605504585,44010.21374078087,44011.05825756125
1,2.5833194328607174,44035.49974968696,44036.34311999694
1,2.585446205170976,44060.68705741503,44061.5292746203
1,2.5875729774812344,44085.775974200566,44086.61703173108
1,2.589699749791493,44110.7668098537,44111.60670120339
1,2.5918265221017514,44135.65987375526,44136.498592481665
1,2.59395329441201,44160.45547485283,44161.29301457684
1,2.5960800667222683,44185.153921656965,44185.990276062446
1,2.5982068390325272,44209.75552223738,44210.5906850709
1,2.6003336113427857,44234.26058421921,44235.0945492897
1,2.602460383653044,44258.66941477945,44259.502175957896
1,2.6045871559633027,44282.982320643234,44283.81387186237
1,2.606713928273561,44307.19960808044,44308.029943334426
1,2.6088407005838197,44331.321582902114,44332.150696246215
1,2.610967472894078,44355.34855045714,44356.176436007445
1,2.613094245204337,44379.28081562882,44380.10746756192
1,2.6152210175145956,44403.118682831635,44403.94409538426
1,2.617347789824854,44426.862456007955,44427.68662347676
1,2.6194745621351125,44450.51243862494,44451.33535536612
1,2.621601334445371,44474.06893367131,44474.89059410035
1,2.6237281067556295,44497.5322436544,44498.35264224571
1,2.625854879065888,44520.902670597,44521.72180188366
1,2.627981651376147,44544.18051603454,44544.998374607974
1,2.6301084236864054,44567.36608101207,44568.18266152175
1,2.632235195996664,44590.45966608148,44591.27496323461
1,2.6343619683069224,44613.461571298656,44614.275579859896
1,2.636488740617181,44636.37209622072,44637.18481101189
1,2.6386155129274393,44659.191539903404,44660.002955803124
1,2.640742285237698,44681.920200898276,44682.73031284176
1,2.6428690575479568,44704.558377250265,44705.36718022896
1,2.6449958298582152,44727.106366495005,44727.91385555631
1,2.6471226021684737,44749.56446565639,44750.37063590337
1,2.649249374478732,44771.93297124411,44772.7378178352
1,2.6513761467889907,44794.21217925122,44795.01569739993
1,2.653502919099249,44816.40238515177,44817.204570126414
1,2.6556296914095077,44838.50388389855,44839.30473102191
1,2.6577564637197666,44860.51696992072,44861.3164745698
1,2.659883236030025,44882.441937121635,44883.24009472738
1,2.6620100083402836,44904.27907887668,44905.07588492365
1,2.664136780650542,44926.02868803109,44926.82413805718
1,2.6662635529608005,44947.69105689784,44948.48514649404
1,2.668390325271059,44969.266477255645,44970.05920206571
1,2.6705170975813175,44990.75524034689,44991.54659606709
1,2.6726438698915764,45012.157636875665,45012.9476192545
1,2.674770642201835,45033.47395700589,45034.26256184377
1,2.6768974145120934,45054.704490359305,45055.49171350833
1,2.679024186822352,45075.84952601374,45076.63536337738
1,2.6811509591326104,45096.90935250119,45097.693800034074
1,2.683277731442869,45117.88425780618,45118.667311513695
1,2.6854045037531273,45138.774529363815,45139.556185302004
1,2.6875312760633863,45159.580454058305,45160.360708333435
1,2.6896580483736447,45180.30231822113,45181.08116698954
1,2.6917848206839032,45200.94040762952,45201.71784709726
1,2.6939115929941617,45221.49500750477,45222.2710339274
1,2.69603836530442,45241.96640251078,45242.74101219307
1,2.6981651376146787,45262.35487675244,45263.128066048135
1,2.700291909924937,45282.66071377422,45283.4324790857
1,2.702418682235196,45302.88419655864,45303.654534336776
1,2.7045454545454546,45323.02560752492,45323.7945142687
1,2.706672226855713,45343.08522852753,45343.852700783864
1,2.7087989991659716,45363.06334085489,45363.82937521832
1,2.71092577147623,45382.96022522799,45383.72481834046
1,2.7130525437864885,45402.776161799135,45403.539310349704
1,2.7151793160967475,45422.51143015068,45423.273130875285
1,2.717306088407006,45442.16630929379,45442.92655897496
1,2.7194328607172644,45461.741077667204,45462.499873133886
1,2.721559633027523,45481.23601313615,45481.99335126335
1,2.7236864053377814,45500.65139299111,45501.40727069971
1,2.72581317764804,45519.98749394678,45520.741908203265
1,2.7279399499582984,45539.244592140894,45539.997539957156
1,2.7300667222685573,45558.42296313329,45559.17444156628
1,2.7321934945788158,45577.52288190476,45578.27288805634
1,2.7343202668890743,45596.54462285614,45597.293153872764
1,2.7364470391993327,45615.48845980725,45616.23551287978
1,2.7385738115095912,45634.354665996,45635.10023835943
1,2.7407005838198497,45653.14351407746,45653.88760301067
1,2.742827356130108,45671.85527612296,45672.59787894849
1,2.744954128440367,45690.49022361916,45691.231337703
1,2.7470809007506256,45709.0486274673,45709.7882502186
1,2.749207673060884,45727.53075798229,45728.268886853126
1,2.7513344453711426,45745.93688489194,45746.67351737712
1,2.753461217681401,45764.26727733619,45765.00241097301
1,2.7555879899916595,45782.522203866334,45783.255836234326
1,2.757714762301918,45800.7019324443,45801.43406116501
1,2.759841534612177,45818.80673044197,45819.537353178705
1,2.7619683069224354,45836.8368646404,45837.565979098064
1,2.764095079232694,45854.792601229245,45855.52020515404
1,2.7662218515429524,45872.6742058061,45873.40029698533
1,2.768348623853211,45890.481943375824,45891.20651963768
1,2.7704753961634694,45908.21607834997,45908.939137563284
1,2.772602168473728,45925.87687454623,45926.59841462025
1,2.774728940783987,45943.46459518781,45944.18461407201
1,2.7768557130942453,45960.97950290294,45961.69799858675
1,2.7789824854045038,45978.42185972427,45979.13883023692
1,2.7811092577147623,45995.7919270885,45996.507370498744
1,2.7832360300250207,46013.08996583576,46013.803880251675
1,2.785362802335279,46030.31623620918,46031.02861977797
1,2.7874895746455377,46047.470997854485,46048.181848762244
1,2.7896163469557966,46064.55450981951,46065.26382629101
1,2.791743119266055,46081.567030553764,46082.27481085228
1,2.7938698915763136,46098.508817908136,46099.21506033514
1,2.795996663886572,46115.38012913438,46116.08483202943
1,2.7981234361968306,46132.18122088483,46132.884382625314
1,2.800250208507089,46148.91234921201,46149.61396821297
1,2.8023769808173475,46165.57376956835,46166.27384428221
1,2.8045037531276065,46182.16573680581,46182.86426572222
1,2.806630525437865,46198.68850517561,46199.38548682123
1,2.8087572977481234,46215.142328327915,46215.83776126622
1,2.810884070058382,46231.52745931159,46232.22134214266
1,2.8130108423686404,46247.844150573925,46248.536481934236
1,2.815137614678899,46264.09265396041,46264.7834325226
1,2.8172643869891574,46280.27322071444,46280.96244518719
1,2.8193911592994163,46296.38610147719,46297.07377060497
1,2.821517931609675,46312.431546287335,46313.117658850206
1,2.8236447039199333,46328.40980458089,46329.09435939433
1,2.8257714762301918,46344.32112519104,46345.00412110571
1,2.8278982485404502,46360.165756347946,46360.84719224954
1,2.8300250208507087,46375.94394567862,46376.62382048767
1,2.832151793160967,46391.65594020678,46392.33425287839
1,2.834278565471226,46407.30198635271,46407.97873587646
1,2.8364053377814846,46422.88232993313,46423.557515332825
1,2.838532110091743,46438.39721616113,46439.07083649462
1,2.8406588824020016,46453.84688964604,46454.51894400507
1,2.84278565471226,46469.23159439339,46469.90208190332
1,2.8449124270225186,46484.55157380477,46485.22049362449
1,2.847039199332777,46499.80707067784,46500.47442199951
1,2.849165971643036,46514.998327206216,46515.66410925514
1,2.8512927439532945,46530.1255849795,46530.78979701389
1,2.853419516263553,46545.18908498317,46545.85172629399
1,2.8555462885738114,46560.18906759864,46560.850137509406
1,2.85767306088407,46575.125772603176,46575.785270469816
1,2.859799833194329,46589.99943916997,46590.657364380546
1,2.8619266055045873,46604.81030586808,46605.46665784272
1,2.864053377814846,46619.558610662476,46620.21338885313
1,2.8661801501251043,46634.244590914066,46634.897794804354
1,2.868306922435363,46648.86848337977,46649.52011248476
1,2.8704336947456213,46663.430524212454,46664.08057807855
1,2.8725604670558798,46677.930948961126,46678.57942716586
1,2.8746872393661387,46692.369992570886,46693.01689472273
1,2.876814011676397,46706.74788938307,46707.39321512126
1,2.8789407839866556,46721.06487313527,46721.708622129656
1,2.881067556296914,46735.32117696142,46735.96334891231
1,2.8831943286071726,46749.517033391974,46750.157628029876
1,2.885321100917431,46763.65267435391,46764.29169143945
1,2.8874478732276896,46777.72833117086,46778.365770494594
1,2.8895746455379485,46791.74423456329,46792.38009594549
1,2.891701417848207,46805.70061464851,46806.33489793903
1,2.8938281901584655,46819.59770094091,46820.23040601902
1,2.895954962468724,46833.43572235206,46834.06684912624
1,2.8980817347789825,46847.214907190806,46847.84445559864
1,2.900208507089241,46860.9354831635,46861.56345317148
1,2.9023352793994994,46874.597677374106,46875.22406897743
1,2.9044620517097584,46888.20171632439,46888.82652954684
1,2.906588824020017,46901.74782591403,46902.37106080783
1,2.9087155963302753,46915.236231440926,46915.85788808649
1,2.910842368640534,46928.6671576012,46929.28723610707
1,2.9129691409507923,46942.04082848957,46942.65932899214
1,2.9150959132610508,46955.35746759936,46955.97439026287
1,2.9172226855713093,46968.61729782287,46969.23264283912
1,2.919349457881568,46981.82054145149,46982.43430903968
1,2.9214762301918267,46994.96742017591,46995.57961058255
1,2.923603002502085,47008.05815508634,47008.66876858507
1,2.9257297748123436,47021.092966672804,47021.70200356418
1,2.927856547122602,47034.07207482526,47034.67953543666
1,2.9299833194328606,47046.9956988339,47047.60158351935
1,2.932110091743119,47059.864057389386,47060.468366529385
1,2.934236864053378,47072.67736858307,47073.28010258444
1,2.9363636363636365,47085.43584990724,47086.03700920297
1,2.938490408673895,47098.139718255414,47098.73930330453
1,2.9406171809841535,47110.78918992255,47111.387201209924
1,2.942743953294412,47123.38448060533,47123.98091864155
1,2.9448707256046704,47135.92580540245,47136.52067072365
1,2.9469974979149294,47148.41337881486,47149.00667198257
1,2.949124270225188,47160.84741474603,47161.43913634705
1,2.9512510425354463,47173.228126502305,47173.81827714851
1,2.953377814845705,47185.5557267931,47186.1443071213
1,2.9555045871559633,47197.83042773125,47198.41743840306
1,2.957631359466222,47210.052440833286,47210.637882534975
1,2.9597581317764803,47222.22197701975,47222.80585046206
1,2.961884904086739,47234.339246615455,47234.92155253347
1,2.9640116763969977,47246.40445934988,47246.985198502894
1,2.966138448707256,47258.41782435738,47258.99699752871
1,2.9682652210175147,47270.37955017757,47270.95715817444
1,2.970391993327773,47282.28984475564,47282.86588840902
1,2.9725187656380316,47294.14891544266,47294.72339560711
1,2.97464553794829,47305.95696899593,47306.529886549455
1,2.976772310258549,47317.71421157928,47318.28556742322
1,2.9788990825688075,47329.42084876345,47329.99064382229
1,2.981025854879066,47341.077085526435,47341.64532074765
1,2.9831526271893245,47352.68312625373,47353.24980260773
1,2.985279399499583,47364.23917473887,47364.80429321872
1,2.9874061718098415,47375.7454341836,47376.30899580497
1,2.9895329441201,47387.20210719831,47387.764112999306
1,2.991659716430359,47398.609395802414,47399.16984684343
1,2.9937864887406174,47409.96750142469,47410.526398788286
1,2.995913261050876,47421.276624903665,47421.83396969436
1,2.9980400333611343,47432.53696648793,47433.09275983217
1,3.000166805671393,47443.74872583662,47444.30296888252
1,3.0022935779816513,47454.91210201973,47455.46479593697
1,3.00442035029191,47466.02729351846,47466.57843949822
1,3.0065471226021687,47477.094498225735,47477.64409748044
1,3.008673894912427,47488.11391344646,47488.66196720969
1,3.0108006672226857,47499.085735897956,47499.63224542434
1,3.012927439532944,47510.01016171044,47510.555128275446
1,3.0150542118432027,47520.88738642731,47521.43081132716
1,3.017180984153461,47531.71760500565,47532.25948955715
1,3.0193077564637196,47542.50101181658,47543.04135735699
1,3.0214345287739786,47553.23780064568,47553.77660853258
1,3.023561301084237,47563.92816469344,47564.46543630457
1,3.0256880733944955,47574.572296575665,47575.10803330883
1,3.027814845704754,47585.1703883239,47585.70459159679
1,3.0299416180150125,47595.72263138584,47596.255302635924
1,3.032068390325271,47606.229216625834,47606.76035731018
1,3.0341951626355295,47616.69033432523,47617.219945920406
1,3.0363219349457884,47627.106174182874,47627.634258184815
1,3.038448707256047,47637.47692531557,47638.003483239416
1,3.0405754795663054,47647.802776258475,47648.32780963844
1,3.042702251876564,47658.08391496562,47658.60742535486
1,3.0448290241868223,47668.32052881029,47668.84251778078
1,3.046955796497081,47678.51280458557,47679.03327372794
1,3.0490825688073393,47688.66092850472,47689.179879428164
1,3.0512093411175982,47698.76508620174,47699.28252053383
1,3.0533361134278567,47708.82546273179,47709.34138211836
1,3.055462885738115,47718.842242571634,47719.35664867668
1,3.0575896580483737,47728.815609620215,47729.32850412571
1,3.059716430358632,47738.745747199064,47739.25713180483
1,3.0618432026688907,47748.632838052785,47749.14271447643
1,3.063969974979149,47758.47706434963,47758.98543432632
1,3.066096747289408,47768.27860768194,47768.785472964286
1,3.0682235195996665,47778.037649066595,47778.54301142459
1,3.070350291909925,47787.75436894562,47788.25823016643
1,3.0724770642201835,47797.428947186665,47797.93130907453
1,3.074603836530442,47807.06156308348,47807.562427459554
1,3.0767306088407005,47816.652395356454,47817.15176405872
1,3.078857381150959,47826.20162215316,47826.699497036265
1,3.080984153461218,47835.70942104886,47836.205803984005
1,3.0831109257714764,47845.17596904705,47845.67086192182
1,3.085237698081735,47854.601442579966,47855.094847298235
1,3.0873644703919934,47863.98601750917,47864.47793599095
1,3.089491242702252,47873.32986912605,47873.8203033074
1,3.0916180150125103,47882.63317215238,47883.122123985224
1,3.093744787322769,47891.89610074092,47892.383572192935
1,3.0958715596330277,47901.11882847591,47901.604821530396
1,3.097998331943286,47910.30152837363,47910.786045029396
1,3.1001251042535447,47919.44437288303,47919.92741515426
1,3.102251876563803,47928.547533886245,47929.02910380235
1,3.1043786488740617,47937.611182699184,47938.091282304704
1,3.10650542118432,47946.63549007215,47947.11412142656
1,3.1086321934945786,47955.62062619032,47956.097791367996
1,3.1107589658048376,47964.566760674454,47965.0424617645
1,3.112885738115096,47973.47406258143,47973.948301687495
1,3.1150125104253545,47982.34270040481,47982.81547964507
1,3.117139282735613,47991.17284207555,47991.64416358248
1,3.1192660550458715,47999.96465496247,48000.43452088279
1,3.12139282735613,48008.71830587296,48009.18671836747
1,3.123519599666389,48017.43396105358,48017.900922297034
1,3.1256463719766474,48026.11178619066,48026.57729837165
1,3.127773144286906,48034.75194641095,48035.216011731776
1,3.1298999165971644,48043.35460628222,48043.81722695877
1,3.132026688907423,48051.919929813936,48052.38110807554
1,3.1341534612176813,48060.44808045787,48060.9078185472
1,3.13628023352794,48068.939221108776,48069.39752128171
1,3.1384070058381988,48077.39351410499,48077.85037863047
1,3.1405337781484572,48085.81112122914,48086.266552389076
1,3.1426605504587157,48094.19220370878,48094.6462037979
1,3.144787322768974,48102.53692221702,48102.989493542795
1,3.1469140950792327,48110.845436873315,48111.29658175575
1,3.149040867389491,48119.117907243985,48119.56762801557
1,3.1511676396997497,48127.35449234302,48127.802791348564
1,3.1532944120100086,48135.55535063269,48136.00223022923
1,3.155421184320267,48143.72064002425,48144.166102580886
1,3.1575479566305256,48151.85051787871,48152.29456577651
1,3.159674728940784,48159.94514100738,48160.38777663929
1,3.1618015012510425,48168.004665672765,48168.44589144339
1,3.163928273561301,48176.0292475891,48176.46906591469
1,3.1660550458715595,48184.0190419232,48184.45745523146
1,3.1681818181818184,48191.97420329511,48192.41121402508
1,3.170308590492077,48199.894885778835,48200.330496380826
1,3.1724353628023354,48207.78124290312,48208.21545583851
1,3.174562135112594,48215.63342765211,48216.0662453933
1,3.1766889074228524,48223.451592466175,48223.8830174964
1,3.178815679733111,48231.2358892426,48231.66592405587
1,3.1809424520433693,48238.98646933635,48239.415116437296
1,3.1830692243536283,48246.70348356086,48247.1307454646
1,3.1851959966638868,48254.387082188725,48254.81296142077
1,3.1873227689741452,48262.03741495254,48262.46191404871
1,3.1894495412844037,48269.654631045676,48270.07775255189
1,3.191576313594662,48277.238879123,48277.66062559522
1,3.1937030859049207,48284.79030730169,48285.21068130579
1,3.195829858215179,48292.309063162036,48292.7280672737
1,3.197956630525438,48299.79529374825,48300.2129305528
1,3.2000834028356966,48307.24914556919,48307.66541766154
1,3.202210175145955,48314.670764599265,48315.08567458374
1,3.2043369474562136,48322.06029627918,48322.47384676943
1,3.206463719766472,48329.417885516756,48329.830079135674
1,3.2085904920767305,48336.743676687816,48337.154516067334
1,3.210717264386989,48344.03781363692,48344.447301417975
1,3.212844036697248,48351.30043967824,48351.70857851061
1,3.2149708090075064,48358.53169759645,48358.93849013865
1,3.217097581317765,48365.731729647465,48366.13717856665
1,3.2192243536280234,48372.90067755938,48373.30478553118
1,3.221351125938282,48380.03868253327,48380.441452241765
1,3.2234778982485404,48387.14588524408,48387.547319381585
1,3.225604670558799,48394.222425841464,48394.622527108484
1,3.2277314428690578,48401.26844395069,48401.66721505578
1,3.2298582151793163,48408.28407867349,48408.681522333114
1,3.2319849874895747,48415.26946858893,48415.66558752742
1,3.2341117597998332,48422.22475175434,48422.61954870371
1,3.2362385321100917,48429.15006570615,48429.54354340604
1,3.23836530442035,48436.04554746083,48436.43770865837
1,3.2404920767306087,48442.9113335158,48443.30218096545
1,3.2426188490408676,48449.74755985029,48450.13709631382
1,3.244745621351126,48456.55436192628,48456.942590172606
1,3.2468723936613846,48463.33187468943,48463.71879749449
1,3.248999165971643,48470.08023256999,48470.46585271667
1,3.2511259382819016,48476.79956948372,48477.18388976173
1,3.25325271059216,48483.49001883285,48483.87304203861
1,3.2553794829024185,48490.151713506995,48490.533442443535
1,3.2575062552126774,48496.78478588411,48497.16522336094
1,3.259633027522936,48503.38936783146,48503.768516664466
1,3.2617597998331944,48509.965590706524,48510.343453717884
1,3.263886572143453,48516.51358535801,48516.89016537606
1,3.2660133444537114,48523.03348212675,48523.40878198594
1,3.26814011676397,48529.525410846814,48529.89943338747
1,3.2702668890742284,48535.98950084631,48536.362248914644
1,3.2723936613844873,48542.42588094845,48542.79735739641
1,3.2745204336947458,48548.83467947257,48549.20488715774
1,3.2766472060050043,48555.21602423506,48555.58496602055
1,3.2787739783152627,48561.57004255037,48561.937721304705
1,3.2809007506255212,48567.896861232046,48568.263279829094
1,3.2830275229357797,48574.19660659372,48574.561767912535
1,3.285154295246038,48580.469404450094,48580.83331137485
1,3.287281067556297,48586.715380117996,48587.07803553789
1,3.2894078398665556,48592.934658417355,48593.296065226474
1,3.291534612176814,48599.12736367231,48599.48752476953
1,3.2936613844870726,48605.29361971215,48605.65253800105
1,3.295788156797331,48611.43354987238,48611.79122826114
1,3.2979149291075895,48617.54727699581,48617.9037183971
1,3.300041701417848,48623.63492343351,48623.990130764396
1,3.302168473728107,48629.69661104595,48630.05058722778
1,3.3042952460383654,48635.73246120398,48636.08520916232
1,3.306422018348624,48641.74259478998,48642.09411745444
1,3.3085487906588824,48647.72713219882,48648.07743250304
1,3.310675562969141,48653.686193339,48654.03527422051
1,3.3128023352793994,48659.61989763371,48659.967762033804
1,3.3149291075896583,48665.528364021884,48665.8750148856
1,3.317055879899917,48671.41171095933,48671.75715123525
1,3.3191826522101753,48677.27005641975,48677.61428906
1,3.3213094245204338,48683.10351789592,48683.44654585598
1,3.3234361968306922,48688.91221240068,48689.254038639396
1,3.3255629691409507,48694.696256468145,48695.03688394754
1,3.327689741451209,48700.455766154744,48700.79519783995
1,3.329816513761468,48706.19085704031,48706.5290958995
1,3.3319432860717266,48711.90164422928,48712.23869323354
1,3.334070058381985,48717.588242351725,48717.92410447497
1,3.3361968306922436,48723.25076556453,48723.58544378342
1,3.338323603002502,48728.88932755247,48729.22282484631
1,3.3404503753127606,48734.504041529406,48734.83636088004
1,3.342577147623019,48740.09502023937,48740.4261646311
1,3.344703919933278,48745.662375957705,48745.992348377215
1,3.3468306922435365,48751.20622049224,48751.535023928474
1,3.348957464553795,48756.726665184404,48757.05430262851
1,3.3510842368640534,48762.223820910396,48762.55029535559
1,3.353211009174312,48767.69779808235,48768.023112523864
1,3.3553377814845704,48773.14870664945,48773.47286408444
1,3.357464553794829,48778.57665609914,48778.89965952657
1,3.359591326105088,48783.98175545826,48784.30360787886
1,3.3617180984153463,48789.36411329426,48789.68481771036
1,3.363844870725605,48794.723837716294,48795.04339713182
1,3.3659716430358633,48800.061036376464,48800.379453796806
1,3.3680984153461218,48805.37581647101,48805.693094902934
1,3.3702251876563802,48810.6682847414,48810.984427193
1,3.3723519599666387,48815.93854747564,48816.25355695621
1,3.3744787322768977,48821.18671050939,48821.500590029354
1,3.376605504587156,48826.41287922718,48826.725631798
1,3.3787322768974146,48831.61715856361,48831.928787197714
1,3.380859049207673,48836.79965300452,48837.110160715245
1,3.3829858215179316,48841.96046658826,48842.26985638968
1,3.38511259382819,48847.099702906846,48847.40797781377
1,3.3872393661384486,48852.217465107155,48852.52462813504
1,3.3893661384487075,48857.31385589221,48857.619910057045
1,3.391492910758966,48862.38897752233,48862.69392584056
1,3.3936196830692245,48867.44293181638,48867.74677730488
1,3.395746455379483,48872.475820153,48872.77856582891
1,3.3978732276897414,48877.487743471815,48877.7893923525
1,3.4,48882.47880227467,48882.77935737766
2,0.85,137834.1437669831,137823.4162097451
2,0.8521267723102586,135868.10962652037,135857.62826495917
2,0.8542535446205171,133924.78133887833,133914.54135947485
2,0.8563803169307757,132003.93531309886,131993.9319836115
2,0.8585070892410341,130105.35006137528,130095.57872963656
2,0.8606338615512927,128228.80617917184,128219.2622719007
2,0.8627606338615512,126374.08632553564,126364.7653471657
2,0.8648874061718098,124540.97520359614,124531.87273511894
2,0.8670141784820684,122729.25954125343,122720.37123907654
2,0.8691409507923269,120938.72807205077,120930.04966687168
2,0.8712677231025855,119169.17151623058,119160.698811925
2,0.873394495412844,117420.38256197453,117412.11143449895
2,0.8755212677231026,115692.15584682103,115684.08224313044
2,0.877648040033361,113984.28793926374,113976.4078762435
2,0.8797748123436196,112296.57732052555,112288.88688393695
2,0.8819015846538782,110628.82436650849,110621.31970994882
2,0.8840283569641367,108980.83132991684,108973.5086737933
2,0.8861551292743953,107352.40232255199,107345.25795306894
2,0.8882819015846538,105743.34329777859,105736.37356593847
2,0.8904086738949124,104153.46203315804,104146.66335377579
2,0.892535446205171,102582.5681132502,102575.9369639806
2,0.8946622185154295,101030.47291258004,101024.00583295853
2,0.8967889908256881,99496.98957876787,99490.68316926372
2,0.8989157631359466,97981.93301582309,97975.78393690573
2,0.9010425354462052,96485.11986759712,96479.12483881501
2,0.9031693077564636,95006.3685013976,95000.52430046923
2,0.9052960800667222,93545.49899175814,93539.80245367585
2,0.9074228523769808,92102.33310436623,92096.78112051185
2,0.9095496246872393,90676.69428014506,90671.28379741739
2,0.9116763969974979,89268.40761948792,89263.13563944271
2,0.9138031693077564,87877.29986664627,87872.16344464732
2,0.915929941618015,86503.19939426593,86498.19563864823
2,0.9180567139282736,85145.93618807437,85141.06225931799
2,0.9201834862385321,83805.34183171364,83800.59494162985
2,0.9223102585487907,82481.24949172017,82476.62690264825
2,0.9244370308590492,81173.49390264969,81168.99292666471
2,0.9265638031693078,79881.91135234424,79877.52935047603
2,0.9286905754795662,78606.33966734244,78602.074048805
2,0.9308173477898248,77346.61819842858,77342.4664198606
2,0.9329441201000834,76102.58780632289,76098.54737103835
2,0.9350708924103419,74874.0908475078,74870.15930475731
2,0.9371976647206005,73660.97116019174,73657.14610443378
2,0.939324437030859,72463.07405040778,72459.35312059057
2,0.9414512093411176,71280.24627824617,71276.62715709898
2,0.9435779816513761,70112.33604421925,70108.81645755429
2,0.9457047539616347,68959.19297575789,68955.7706917813
2,0.9478315262718933,67820.66811383795,67817.34094247085
2,0.9499582985821518,66696.61389973527,66693.37969194424
2,0.9520850708924103,65586.88416190783,65583.74080904493
2,0.9542118432026688,64491.33410300523,64488.27953615714
2,0.9563386155129274,63409.820287001865,63406.85247634837
2,0.9584653878231859,62342.20062645515,62339.31758063645
2,0.9605921601334445,61288.334369885095,61285.53413537838
2,0.9627189324437031,60248.08208927632,60245.36274978119
2,0.9648457047539616,59221.30566769998,59218.665343532295
2,0.9669724770642202,58207.86828705396,58205.30513454865
2,0.9690992493744787,57207.63441592254,57205.14662684483
2,0.9712260216847373,56220.4697975511,56218.05559851597
2,0.9733527939949957,55246.241437937766,55243.899089838094
2,0.9754795663052543,54284.81759403846,54282.545391480955
2,0.9776063386155129,53336.06776208613,53333.86403283587
2,0.9797331109257714,52399.86266602181,52397.72577045424
2,0.98185988323603,51476.07424603643,51474.00257659769
2,0.9839866555462886,50564.57564722375,50562.56762789859
2,0.9861134278565471,49665.2412083412,49663.29529412853
2,0.9882402001668056,48777.94645067904,48776.06112707541
2,0.9903669724770642,47902.5680670364,47900.74184952658
2,0.9924937447873228,47038.98391080313,47037.21534435849
2,0.9946205170975813,46187.072985146304,46185.36064373004
2,0.9967472894078399,45346.715432300145,45345.05791838038
2,0.9988740617180984,44517.79252295955,44516.1884670289
2,1.001000834028357,43700.186645774236,43698.63470587682
2,1.0031276063386154,42893.781296944326,42892.28015820962
2,1.0052543786488741,42098.46106991515,42097.0094440987
2,1.0073811509591326,41314.111645171506,41312.70827020237
2,1.009507923269391,40540.61978012858,40539.26341966349
2,1.0116346955796498,39777.87329912044,39776.5627421046
2,1.0137614678899083,39025.76108348455,39024.49514371891
2,1.0158882402001668,38284.17306174019,38282.95057745504
2,1.0180150125104253,37553.000199861744,37551.82003329695
2,1.020141784820684,36832.134491644705,36830.99552863577
2,1.0222685571309424,36121.46894916391,36120.370098734595
2,1.024395329441201,35420.897593322465,35419.83778728332
2,1.0265221017514596,34730.31544449169,34729.29363704459
2,1.0286488740617181,34049.61851324016,34048.6336805889
2,1.0307756463719766,33378.703791151005,33377.75493111764
2,1.032902418682235,32717.46924172732,32716.55537337433
2,1.0350291909924938,32065.81379138408,32064.933954642223
2,1.0371559633027523,31423.637320526293,31422.79057582812
2,1.0392827356130108,30790.84065471158,30790.026082630466
2,1.0414095079232695,30167.325555897696,30166.54225679237
2,1.043536280233528,29552.994713773372,29552.241807437855
2,1.0456630525437864,28947.75173717109,28947.028362489986
2,1.047789824854045,28351.50114556246,28350.80646017141
2,1.0499165971643036,27764.14836063397,27763.481540585486
2,1.0520433694745621,27185.599697943424,27184.95993737764
2,1.0541701417848206,26615.762358654985,26615.148869475663
2,1.0562969140950793,26054.54442135351,26053.956432908875
2,1.0584236864053378,25501.854833936555,25501.291592705085
2,1.0605504587155963,24957.603405582944,24957.064174864074
2,1.0626772310258548,24421.700798798138,24421.18485840769
2,1.0648040033361135,23894.058521534884,23893.565167505236
2,1.066930775646372,23374.588919388825,23374.117463673763
2,1.0690575479566304,22863.205167867713,22862.754938051836
2,1.0711843202668891,22359.821264734324,22359.39160374702
2,1.0733110925771476,21864.352022421936,21863.942288255814
2,1.0754378648874061,21376.713060521386,21376.32262595507
2,1.0775646371976646,20896.82079833941,20896.44905066474
2,1.0796914095079233,20424.5924475275,20424.23878828104
2,1.0818181818181818,19959.946004780508,19959.60984947924
2,1.0839449541284403,19502.800244604074,19502.48102248521
2,1.086071726438699,19053.074712150552,19052.771865915605
2,1.0881984987489575,18610.689716122964,18610.402701685736
2,1.090325271059216,18175.566321745253,18175.29460798389
2,1.0924520433694744,17747.62634379953,17747.36941231256
2,1.0945788156797331,17326.79233972876,17326.549684594895
2,1.0967055879899916,16912.987602804602,16912.75873034653
2,1.09883236030025,16506.136155359447,16505.92058391126
2,1.1009591326105088,16106.162742082452,16105.960001760932
2,1.1030859049207673,15712.99282337875,15712.80245585825
2,1.1052126772310258,15326.55256879087,15326.374127081843
2,1.1073394495412843,14946.76885048238,14946.601898713492
2,1.109466221851543,14573.569236782587,14573.413349986371
2,1.1115929941618015,14206.881985792292,14206.736749694202
2,1.11371976647206,13846.636039049003,13846.501049859995
2,1.1158465387823187,13492.761015252192,13492.635879464618
2,1.1179733110925771,13145.187204047365,13145.07153823418
2,1.1201000834028356,12803.845559868088,12803.738990485419
2,1.122226855713094,12468.667695836195,12468.569859029083
2,1.1243536280233528,12139.585877718953,12139.496419130277
2,1.1264804003336113,11816.533017942982,11816.451592525553
2,1.1286071726438698,11499.442669663906,11499.368941495683
2,1.1307339449541285,11188.249020891897,11188.1826629942
2,1.132860717264387,10882.886888672052,10882.827582830814
2,1.1349874895746455,10583.291713318933,10583.239149908959
2,1.137114261884904,10289.399552705376,10289.353430517409
2,1.1392410341951626,10001.147076604311,10001.107102675149
2,1.1413678065054211,9718.471561083732,9718.437450529033
2,1.1434945788156798,9441.31088295354,9441.282358803493
2,1.1456213511259383,9169.603514264658,9169.580307302438
2,1.1477481234361968,8903.28851685897,8903.270365461854
2,1.1498748957464553,8642.30553697037,8642.292186953562
2,1.1520016680567138,8386.594799875927,8386.586004339038
2,1.1541284403669725,8136.097104596823,8136.092623772889
2,1.156255212677231,7890.753818648705,7890.753419755885
2,1.1583819849874897,7650.506872840625,7650.510329936294
2,1.1605087572977482,7415.298756122615,7415.305849960014
2,1.1626355296080066,7185.072510480748,7185.083028368095
2,1.1647623019182651,6959.771725879911,6959.785461541899
2,1.1668890742285236,6739.340535253327,6739.357288695003
2,1.1690158465387823,6523.723609538535,6523.743186911534
2,1.1711426188490408,6312.866152759524,6312.8883662306325
2,1.1732693911592995,6106.713897154162,6106.7385647761075
2,1.175396163469558,5905.213098347042,5905.240043931577
2,1.1775229357798165,5708.310530566712,5708.339583559839
2,1.179649708090075,5515.953481907323,5515.984477266792
2,1.1817764804003335,5328.0897496340385,5328.122527708884
2,1.1839032527105922,5144.667635531729,5144.702041944004
2,1.1860300250208506,4965.635941296799,4965.671826825327
2,1.1881567973311093,4790.943963971289,4790.981184437479
2,1.1902835696413678,4620.541491419349,4620.579907575063
2,1.1924103419516263,4454.378797845211,4454.418275262553
2,1.1945371142618848,4292.406639352589,4292.44704831571
2,1.1966638865721433,4134.576249544948,4134.617464943734
2,1.198790658882402,3980.839335166198,3980.8812363919023
2,1.2009174311926605,3831.148071781652,3831.1905426243247
2,1.2030442035029192,3685.4550994984716,3685.498028046304
2,1.2051709758131777,3543.7135187256913,3543.756797266123
2,1.2072977481234362,3405.87688597296,3405.9204108955937
2,1.2094245204336946,3271.8992096880247,3271.942881389275
2,1.2115512927439533,3141.734946132308,3141.778668921809
2,1.2136780650542118,3015.338995294398,3015.3826773030814
2,1.2158048373644703,2892.666696840869,2892.710249930746
2,1.217931609674729,2773.673826104307,2773.7171657798854
2,1.2200583819849875,2658.31659010808,2658.3596354294104
2,1.222185154295246,2546.5516236273706,2546.5942971246914
2,1.2243119266055045,2438.3359852863737,2438.378212876318
2,1.2264386989157632,2333.6271536910776,2333.668864594471
2,1.2285654712260217,2232.3830235974992,2232.424150258625
2,1.2306922435362802,2134.561902114739,2134.602380122162
2,1.2328190158465389,2040.1225049428722,2040.1622729516953
2,1.2349457881567973,1949.0239526450969,1949.0629523007028
2,1.2370725604670558,1861.2257669538194,1861.2639428170296
2,1.2391993327773143,1776.6878671105155,1776.725166584161
2,1.241326105087573,1695.3705662388502,1695.4069394957378
2,1.2434528773978315,1617.234567750901,1617.2699676631355
2,1.24557964970809,1542.2409617859912,1542.275343855649
2,1.2477064220183487,1470.3512216820018,1470.3845439731158
2,1.2498331943286072,1401.5272004787544,1401.559423550611
2,1.2519599666388657,1335.7311274531023,1335.762214294812
2,1.2540867389491241,1272.9256046855876,1272.9555206519158
2,1.2562135112593829,1213.0736036581952,1213.1023164066432
2,1.2583402835696413,1156.138461883045,1156.1659413121386
2,1.2604670558798998,1102.0838795615905,1102.1100977503638
2,1.2625938281901585,1050.8739162741554,1050.8988474228358
2,1.264720600500417,1002.4729876994659,1002.4966080713037
2,1.2668473728106755,956.845862363855,956.8681502280971
2,1.268974145120934,913.9576584199365,913.9785939959334
2,1.2711009174311927,873.7738404544035,873.7934058568128
2,1.2732276897414512,836.260216324725,836.2783955098071
2,1.2753544620517097,801.3829340243963,801.3997127373757
2,1.2774812343619684,769.108478576543,769.1238443000357
2,1.2796080066722268,739.4036689555973,739.4176108590515
2,1.2817347789824853,712.2356550367177,712.2481639268901
2,1.2838615512927438,687.5719145727751,687.5829828452003
2,1.2859883236030025,665.3802501985892,665.389871790037
2,1.288115095913261,645.6287864621861,645.636956804085
2,1.2902418682235195,628.2859668827797,628.2926828555946
2,1.2923686405337782,613.3205510352861,613.3258109238317
2,1.2944954128440367,600.7016116610781,600.7054151107499
2,1.2966221851542952,590.3985318047271,590.4008797786435
2,1.2987489574645537,582.3810019765228,582.3818967135531
2,1.3008757297748124,576.6190173404984,576.6184623141672
2,1.3030025020850708,573.0828749277331,573.0808748059858
2,1.3051292743953293,571.7431708746883,571.7397314805008
2,1.307256046705588,572.5709309542145,572.5660590454718
2,1.3093828190158465,575.5382240178491,575.5319277556079
2,1.311509591326105,580.6176506987829,580.6099402760038
2,1.3136363636363635,587.7820665831359,587.7729541549952
2,1.3157631359466222,597.0045754022476,596.9940750118147
2,1.3178899082568807,608.258523406002,608.2466509108074
2,1.3200166805671394,621.5174945332149,621.5042675327255
2,1.3221434528773979,636.7553063026136,636.7407440666441
2,1.3242702251876564,653.9460063526549,653.9301297507342
2,1.3263969974979148,673.0638695628069,673.0467009945254
2,1.3285237698081733,694.0833956932543,694.0649590196135
2,1.330650542118432,716.979307484061,716.9596279598527
2,1.3327773144286905,741.7265491587556,741.7056533659866
2,1.3349040867389492,768.300285281118,768.278201063511
2,1.3370308590492077,796.6758999174514,796.652656316036
2,1.3391576313594662,826.8289960602071,826.8046232500286
2,1.3412844036697247,858.7353952719789,858.7099244999472
2,1.3434111759799832,892.3711375121432,892.344601036035
2,1.3455379482902419,927.7124811113434,927.6849121399866
2,1.3476647206005004,964.7359028618766,964.7073354965304
2,1.349791492910759,1003.4180981948281,1003.3885673717804
2,1.3519182652210175,1043.7359814172034,1043.705522851605
2,1.354045037531276,1085.6666859849827,1085.635336115931
2,1.3561718098415345,1129.1875647901184,1129.155360727013
2,1.358298582151793,1174.276190441823,1174.2431699120043
2,1.3604253544620517,1220.9103555245301,1220.876556822224
2,1.3625521267723102,1269.0680728168195,1269.0335347533844
2,1.364678899082569,1318.7275754575294,1318.6923373130503
2,1.3668056713928274,1369.8673170468694,1369.8314185230738
2,1.3689324437030859,1422.4659716721417,1422.4294528466844
2,1.3710592160133444,1476.5024338490261,1476.465335131127
2,1.3731859883236028,1531.9558183709269,1531.9181804583886
2,1.3753127606338615,1588.805460060155,1588.7673238977636
2,1.37743953294412,1647.030913415936,1646.9923201552515
2,1.3795663052543787,1706.6119521554838,1706.5729431160335
2,1.3816930775646372,1767.528568645214,1767.4891852770834
2,1.3838198498748957,1829.7609732204778,1829.7212570683273
2,1.3859466221851542,1893.289593392767,1893.2495860612494
2,1.3880733944954127,1958.0950729444007,1958.0548160650137
2,1.3902001668056714,2024.1582709113782,2024.1178061107234
2,1.3923269391159299,2091.4602604557163,2091.419629325202
2,1.3944537114261886,2159.9823276293937,2159.9415716963476
2,1.396580483736447,2229.7059700322843,2229.665130732511
2,1.3987072560467055,2300.612895367368,2300.572014019106
2,1.400834028356964,2372.6850198965226,2372.6441376758553
2,1.4029608006672225,2445.9044668009738,2445.8636247186405
2,1.4050875729774812,2520.253564450577,2520.2128033302156
2,1.4072143452877397,2595.7148445865046,2595.674205044303
2,1.4093411175979984,2672.271040422244,2672.230562848
2,1.411467889908257,2749.9050846677465,2749.8648092073345
2,1.4135946622185154,2828.6001074821975,2828.560074021422
2,1.4157214345287739,2908.339434360499,2908.299682510356
2,1.4178482068390323,2989.106583959091,2989.0671530423892
2,1.419974979149291,3070.8852658665755,3070.8461949059347
2,1.4221017514595498,3153.6593783246717,3153.6207060318884
2,1.4242285237698082,3237.4130059051863,3237.374770671927
2,1.4263552960800667,3322.1304171484835,3322.0926570383476
2,1.4284820683903252,3407.7960621690163,3407.758814910887
2,1.4306088407005837,3494.3945702334127,3494.3578732161354
2,1.4327356130108422,3581.9107473165136,3581.874637584878
2,1.4348623853211009,3670.329573640711,3670.2940878926865
2,1.4369891576313596,3759.636201203692,3759.601375788957
2,1.439115929941618,3849.8159512998036,3849.7818222194956
2,1.4412427022518766,3940.8543120398913,3940.8209149475997
2,1.443369474562135,4032.7369358743763,4032.7043060783317
2,1.4454962468723935,4125.449637124256,4125.417809590732
2,1.447623019182652,4218.978389524461,4218.947398882335
2,1.4497497914929107,4313.309323783861,4313.279204330306
2,1.4518765638031694,4408.428725165916,4408.399510873254
2,1.454003336113428,4504.323031094039,4504.294755617677
2,1.4561301084236864,4600.978828785221,4600.9515254726875
2,1.4582568807339449,4698.382852915472,4698.356554816487
2,1.4603836530442034,4796.52198332036,4796.496723197973
2,1.4625104253544619,4895.3832427337775,4895.359053076487
2,1.4646371976647206,4994.95379456776,4994.930707602646
2,1.4667639699749793,5095.220940736058,5095.198988442842
2,1.4688907422852377,5196.172119523921,5196.151333649999
2,1.4710175145954962,5297.794903506423,5297.775315582763
2,1.4731442869057547,5400.076997517223,5400.058638875175
2,1.4752710592160132,5503.006236669764,5502.9891384587
2,1.477397831526272,5606.570584432532,5606.55477763831
2,1.4795246038365304,5710.758130759696,5710.743646223932
2,1.481651376146789,5815.557090278697,5815.543958718779
2,1.4837781484570476,5920.955800535401,5920.944052565264
2,1.485904920767306,6026.942720298216,6026.9323864497865
2,1.4880316930775646,6133.5064279214175,6133.497538666769
2,1.490158465387823,6240.635619768518,6240.628205542643
2,1.4922852376980817,6348.3191086959205,6348.313199920111
2,1.4944120100083402,6456.545822596969,6456.541449702818
2,1.496538782318599,6565.304803006705,6565.301996460601
2,1.4986655546288574,6674.585203766784,6674.58399409497
2,1.500792326939116,6784.376289750759,6784.376707564836
2,1.5029190992493744,6894.667435648878,6894.669511671815
2,1.5050458715596329,7005.448124812202,7005.451889904704
2,1.5071726438698916,7116.707948155133,7116.713433342455
2,1.50929941618015,7228.436603115656,7228.443839614726
2,1.5114261884904088,7340.623892672431,7340.6329119193415
2,1.5135529608006673,7453.259724417527,7453.270558095296
2,1.5156797331109257,7566.334109683938,7566.346789750521
2,1.5178065054211842,7679.837162726378,7679.851721442925
2,1.5199332777314427,7793.759099954249,7793.775569913556
2,1.5220600500417014,7908.090239215298,7908.1086533704
2,1.52418682235196,8022.820999128436,8022.841390821371
2,1.5263135946622186,8137.941898464366,8137.9643014550065
2,1.528440366972477,8253.443555572114,8253.468004067065
2,1.5305671392827356,8369.316687850072,8369.34321653164
2,1.532693911592994,8485.552111259653,8485.58075531479
2,1.5348206839032525,8602.140739879844,8602.17153502905
2,1.5369474562135113,8719.073585500832,8719.10656802706
2,1.5390742285237697,8836.341757254826,8836.37696403225
2,1.5412010008340284,8953.936461282345,8953.97392980503
2,1.543327773144287,9071.849000431741,9071.88876884217
2,1.5454545454545454,9190.070773990436,9190.112881107843
2,1.547581317764804,9308.59327744556,9308.637762794106
2,1.5497080900750624,9427.408102272308,9427.455006108952
2,1.551834862385321,9546.506935747888,9546.556299090069
2,1.5539616346955796,9665.88156078913,9665.933425442112
2,1.5560884070058383,9785.523855811956,9785.578264395894
2,1.5582151793160968,9905.425794610455,9905.48279058708
2,1.5603419516263553,10025.57944625393,10025.639073952903
2,1.5624687239366137,10145.976974999785,10146.03927964465
2,1.5645954962468722,10266.610640220446,10266.67566795414
2,1.566722268557131,10387.472796342368,10387.540594252328
2,1.5688490408673894,10508.555892795335,10508.626508938094
2,1.5709758131776481,10629.852473970186,10629.925957395515
2,1.5731025854879066,10751.35517918308,10751.431579957612
2,1.575229357798165,10873.056742644763,10873.136111875056
2,1.5773561301084236,10994.949993432809,10995.0323832879
2,1.579482902418682,11117.02785546539,11117.113319198721
2,1.5816096747289408,11239.283347474762,11239.371939445544
2,1.5837364470391992,11361.709582978914,11361.801358672847
2,1.585863219349458,11484.299770249912,11484.394786299305
2,1.5879899916597164,11607.047212277155,11607.14552648035
2,1.590116763969975,11729.945306724403,11730.04697806457
2,1.5922435362802334,11852.987545878943,11853.092634542134
2,1.594370308590492,11976.16751659147,11976.276083984034
2,1.5964970809007506,12099.478900205639,12099.591008970845
2,1.5986238532110093,12222.9154724757,12223.031186509677
2,1.6007506255212678,12346.471103471238,12346.590487938114
2,1.6028773978315263,12470.139757467728,12470.262878814083
2,1.6050041701417848,12593.915492821878,12594.042418790334
2,1.6071309424520432,12717.792461830622,12717.923261472699
2,1.6092577147623017,12841.764910572885,12841.899654261011
2,1.6113844870725604,12965.827178733054,12965.965938171807
2,1.6135112593828191,13089.97369940536,13090.11654764187
2,1.6156380316930776,13214.198998878346,13214.346010311836
2,1.617764804003336,13338.497696398603,13338.648946789139
2,1.6198915763135946,13462.864503913048,13463.02007038939
2,1.622018348623853,13587.294225789128,13587.454186855737
2,1.6241451209341116,13711.781758512338,13711.946194055541
2,1.6262718932443703,13836.322090360456,13836.491081653707
2,1.628398665554629,13960.910301054017,13961.083930762283
2,1.6305254378648875,14085.541561382577,14085.719913565878
2,1.632652210175146,14210.211132806477,14210.394292922461
2,1.6347789824854044,14334.914367033489,14335.102421939182
2,1.636905754795663,14459.646705570332,14459.839743522974
2,1.6390325271059214,14584.40367924868,14584.601789905613
2,1.64115929941618,14709.180907725447,14709.384182143216
2,1.6432860717264388,14833.974098957291,14834.18262958969
2,1.6454128440366973,14958.779048649147,14958.992929344458
2,1.6475396163469558,15083.591639676744,15083.810965674085
2,1.6496663886572143,15208.407841483186,15208.632709407837
2,1.6517931609674728,15333.223709449427,15333.45421730739
2,1.6539199332777315,15458.03538423895,15458.271631410506
2,1.65604670558799,15582.839091116519,15583.081178348903
2,1.6581734778982486,15707.631139241437,15707.879168640648
2,1.6603002502085071,15832.407920935144,15832.66199595681
2,1.6624270225187656,15957.165910923783,15957.426136363127
2,1.664553794829024,16081.90166555555,16082.16814753649
2,1.6666805671392826,16206.611821993556,16206.884667956905
2,1.6688073394495413,16331.293097384218,16331.57241607497
2,1.6709341117597998,16455.942288001606,16456.22818945538
2,1.6730608840700585,16580.556268368295,16580.848863896892
2,1.675187656380317,16705.131990352904,16705.431392528935
2,1.6773144286905755,16829.666482244917,16829.97280488566
2,1.679441201000834,16954.15684780719,16954.47020595751
2,1.6815679733110924,17078.6002653067,17078.92077522116
2,1.6836947456213511,17202.99398652397,17203.321765648063
2,1.6858215179316096,17327.33533574173,17327.670502692286
2,1.6879482902418683,17451.621708713516,17451.9643832583
2,1.6900750625521268,17575.85057161252,17576.20087464895
2,1.6922018348623853,17700.019459961553,17700.377513494677
2,1.6943286071726438,17824.125977544605,17824.491904664195
2,1.6964553794829023,17948.16779530056,17948.541720157453
2,1.698582151793161,18072.14265019994,18072.524697981622
2,1.7007089241034195,18196.048344105115,18196.43864101042
2,1.7028356964136782,18319.882742614813,18320.281415827965
2,1.7049624687239366,18443.643773893436,18444.050951557296
2,1.7070892410341951,18567.329427486136,18567.74523867467
2,1.7092160133444536,18690.937753120095,18691.36232781013
2,1.711342785654712,18814.466859492863,18814.900328535157
2,1.7134695579649708,18937.914913048466,18938.35740813798
2,1.7155963302752293,19061.28013674192,19061.73179038746
2,1.717723102585488,19184.56080879312,19185.021754286245
2,1.7198498748957465,19307.7552614304,19308.225632813694
2,1.721976647206005,19430.861879625085,19431.34181165971
2,1.7241034195162634,19553.879099817226,19554.368727949855
2,1.726230191826522,19676.80540863361,19677.304868962758
2,1.7283569641367806,19799.639341598697,19800.14877084033
2,1.7304837364470391,19922.379481839136,19922.89901729173
2,1.7326105087572978,20045.024458782784,20045.554238291814
2,1.7347372810675563,20167.572946852808,20168.11310877456
2,1.7368640533778148,20290.023664157674,20290.574347322574
2,1.7389908256880733,20412.375371177837,20412.936714853146
2,1.7411175979983318,20534.626869449636,20535.199013301688
2,1.7432443703085905,20656.77700024749,20657.360084303324
2,1.745371142618849,20778.824643264685,20779.41880787318
2,1.7474979149291077,20900.76871529393,20901.374101086472
2,1.7496246872393661,21022.608168907933,21023.224916758598
2,1.7517514595496246,21144.341991141173,21144.97024212637
2,1.7538782318598831,21265.96920217314,21266.6090975309
2,1.7560050041701416,21387.48885401408,21388.140535102822
2,1.7581317764804003,21508.900029193646,21509.5636374506
2,1.7602585487906588,21630.2018394534,21630.877516352546
2,1.7623853211009175,21751.393424443664,21752.08131145333
2,1.764512093411176,21872.473950425378,21873.174188965466
2,1.7666388657214345,21993.442608977777,21994.155340376612
2,1.768765638031693,22114.29861571229,22115.023981163118
2,1.7708924103419514,22235.04120899354,22235.77934951071
2,1.7730191826522101,22355.669648667837,22356.420705042736
2,1.7751459549624686,22476.183214799927,22476.947327556514
2,1.7772727272727273,22596.581206418654,22597.358515768818
2,1.7793994995829858,22716.86294027185,22717.65358607045
2,1.7815262718932443,22837.027749591318,22837.83187129103
2,1.7836530442035028,22957.074982868402,22957.892719474286
2,1.7857798165137613,23077.004002640482,23077.835492664402
2,1.78790658882402,23196.814184289327,23197.65956570415
2,1.7900333611342787,23316.50491485143,23317.364325045102
2,1.7921601334445372,23436.075591841185,23436.949167570572
2,1.7942869057547957,23555.525622087196,23556.413499431885
2,1.7964136780650541,23674.854420582236,23675.75673489814
2,1.7985404503753126,23794.061409347432,23794.978295220375
2,1.8006672226855711,23913.146016311115,23914.077607510244
2,1.8027939949958298,24032.10767420259,24033.054103633855
2,1.8049207673060885,24150.94581946167,24151.90721912111
2,1.807047539616347,24269.659891163985,24270.636392091124
2,1.8091743119266055,24388.249329962768,24389.241062193927
2,1.811301084236864,24506.71357704737,24507.720669569004
2,1.8134278565471225,24625.052073118928,24626.074653821015
2,1.815554628857381,24743.264257383606,24744.30245301305
2,1.8176814011676397,24861.34956656371,24862.403502677866
2,1.8198081734778984,24979.307433927024,24980.377234847267
2,1.8219349457881568,25097.137288334794,25098.223077100203
2,1.8240617180984153,25214.838553308608,25215.940451629776
2,1.8261884904086738,25332.41064611639,25333.528774329392
2,1.8283152627189323,25449.852976878065,25450.987453898528
2,1.830442035029191,25567.16494769084,25568.31589096829
2,1.8325688073394495,25684.345951774634,25685.513477246976
2,1.8346955796497082,25801.395372637897,25802.57959468611
2,1.8368223519599667,25918.312583263796,25919.513614666896
2,1.8389491242702252,26035.09694531738,26036.314897207605
2,1.8410758965804837,26151.747808373588,26152.98279019192
2,1.8432026688907421,26268.264509166613,26269.51662861847
2,1.8453294412010008,26384.6463708605,26385.91573387187
2,1.8474562135112593,26500.892702341414,26502.179413015267
2,1.849582985821518,26617.002797531655,26618.30695810468
2,1.8517097581317765,26732.975934725524,26734.297645525225
2,1.853836530442035,26848.81137594719,26850.15073534946
2,1.8559633027522935,26964.50836633079,26965.86547071774
2,1.858090075062552,27080.066133522698,27081.44107724105
2,1.8602168473728105,27195.48388710623,27196.87676242604
2,1.8623436196830694,27310.76081804882,27312.17171512275
2,1.8644703919933279,27425.896098171594,27427.32510499453
2,1.8665971643035864,27540.888879641745,27542.33608201109
2,1.8687239366138448,27655.738294487444,27657.203775963746
2,1.8708507089241033,27770.443454135384,27771.92729600357
2,1.8729774812343618,27885.00344897118,27886.505730202356
2,1.8751042535446203,27999.4173479224,28000.93814513616
2,1.8772310258548792,28113.684198064377,28115.223585491738
2,1.8793577981651377,28227.80302424876,28229.361073695603
2,1.8814845704753962,28341.772828754765,28343.349609566045
2,1.8836113427856547,28455.592590963148,28457.188169987592
2,1.8857381150959132,28569.261267052763,28570.875708608255
2,1.8878648874061716,28682.777789719814,28684.411155559457
2,1.8899916597164301,28796.1410679195,28797.79341719834
2,1.892118432026689,28909.349986630295,28911.021375872773
2,1.8942452043369475,29022.403406640402,29024.09388970842
2,1.896371976647206,29135.300164356755,29137.009792418557
2,1.8984987489574645,29248.03907163593,29249.767893135697
2,1.900625521267723,29360.618915637286,29362.36697626548
2,1.9027522935779815,29473.03845869803,29474.805801362432
2,1.90487906588824,29585.296438229972,29587.083103027686
2,1.907005838198499,29697.391566638184,29699.19759082817
2,1.9091326105087574,29809.322531260797,29811.14794923748
2,1.9112593828190159,29921.08799433054,29922.932837598044
2,1.9133861551292743,30032.686592957212,30034.550890104507
2,1.9155129274395328,30144.11693913113,30146.000715808066
2,1.9176396997497913,30255.377619747516,30257.280898641613
2,1.9197664720600498,30366.467196651367,30368.389997465518
2,1.9218932443703087,30477.38420670275,30479.32654613386
2,1.9240200166805672,30588.1271618622,30590.089053580654
2,1.9261467889908257,30698.694549296255,30700.676003926284
2,1.9282735613010842,30809.08483150248,30811.085856603477
2,1.9304003336113427,30919.296446454013,30921.317046502765
2,1.9325271059216012,31029.327807763468,31031.367984137327
2,1.9346538782318596,31139.177304865596,31141.23705582656
2,1.9367806505421186,31248.843303218786,31250.92262389855
2,1.938907422852377,31358.32414452491,31360.42302691087
2,1.9410341951626355,31467.61814696734,31469.736579889624
2,1.943160967472894,31576.72360546685,31578.86157458622
2,1.9452877397831525,31685.638791955003,31687.796279751798
2,1.947414512093411,31794.361955664866,31796.538941428946
2,1.9495412844036695,31902.89132343862,31905.087783260326
2,1.9516680567139284,32011.225100051946,32013.44100681391
2,1.9537948290241869,32119.361468554456,32121.596791924665
2,1.9559216013344454,32227.29859062651,32229.553297052145
2,1.9580483736447039,32335.034606951343,32337.30865965383
2,1.9601751459549623,32442.567637602777,32444.86099657368
2,1.9623019182652208,32549.895782447762,32552.208404445835
2,1.9644286905754793,32657.01712156366,32659.348960112875
2,1.9665554628857382,32763.92971566979,32766.280721058396
2,1.9686822351959967,32870.631606572875,32873.001725853464
2,1.9708090075062552,32977.120817626215,32979.50999461689
2,1.9729357798165137,33083.39535420191,33085.80352948841
2,1.9750625521267722,33189.453204176,33191.88031511491
2,1.9771893244370307,33295.292338426116,33297.738319149124
2,1.9793160967472891,33400.91071134121,33403.37549276029
2,1.981442869057548,33506.306261343,33508.78977115683
2,1.9835696413678066,33611.47691141875,33613.97907411995
2,1.985696413678065,33716.42056966508,33718.94130654863
2,1.9878231859883235,33821.135129842296,33823.6743590149
2,1.989949958298582,33925.61847193894,33928.17610832945
2,1.9920767306088405,34029.86846274601,34032.44441811694
2,1.9942035029190994,34133.882956440844,34136.477139400726
2,1.996330275229358,34237.65979517972,34240.27211119665
2,1.9984570475396164,34341.1968096993,34343.82716111543
2,2.000583819849875,34444.49181992613,34447.1401059731
2,2.0027105921601334,34547.54263559403,34550.20875240957
2,2.004837364470392,34650.347056868915,34653.030897514225
2,2.0069641367806503,34752.90287498055,34755.60432945888
2,2.0090909090909093,34855.207872861036,34857.92682813704
2,2.0112176814011677,34957.25982578932,34959.996165809556
2,2.0133444537114262,35059.05650204182,35061.81010775611
2,2.0154712260216847,35160.595663548134,35163.36641293192
2,2.017597998331943,35261.875066551955,35264.66283462965
2,2.0197247706422017,35362.892462276635,35365.69712114569
2,2.02185154295246,35463.64559759472,35466.46701645098
2,2.023978315262719,35564.13221570162,35566.970260865295
2,2.0261050875729776,35664.35005679237,35667.20459173504
2,2.028231859883236,35764.2968587418,35767.16774411426
2,2.0303586321934946,35863.97035778692,35866.85745144802
2,2.032485404503753,35963.36828921192,35966.27144625809
2,2.0346121768140115,36062.48838803466,36065.40746083053
2,2.03673894912427,36161.328389695016,36164.26322790467
2,2.038865721434529,36259.886030744005,36262.83648136311
2,2.0409924937447874,36358.15904953365,36361.12495692256
2,2.043119266055046,36456.14518690741,36459.12639282487
2,2.0452460383653044,36553.842186890164,36556.83853052799
2,2.047372810675563,36651.24779737821,36654.259115396504
2,2.0494995829858214,36748.35977082802,36751.38589739145
2,2.05162635529608,36845.17586494422,36848.216631758776
2,2.0537531276063388,36941.69384336582,36944.749079716465
2,2.0558798999165973,37037.91147635063,37040.981009139585
2,2.0580066722268557,37133.82654145748,37136.910195243254
2,2.0601334445371142,37229.43682422587,37232.53442126295
2,2.0622602168473727,37324.74011885257,37327.85147913172
2,2.064386989157631,37419.734228865134,37422.85917015451
2,2.0665137614678897,37514.41696779176,37517.5553056784
2,2.0686405337781486,37608.78615982718,37611.93770775928
2,2.070767306088407,37702.8396404942,37706.00420982403
2,2.0728940783986656,37796.57525730108,37799.75265732828
2,2.075020850708924,37889.99087039357,37893.18090840911
2,2.0771476230191825,37983.08435320193,37986.28683453272
2,2.079274395329441,38075.85359308262,38079.0683211364
2,2.0814011676396995,38168.296491953966,38171.523268264864
2,2.0835279399499584,38260.41096692587,38263.649591200396
2,2.085654712260217,38352.194950923105,38355.44522108661
2,2.0877814845704754,38443.64639330214,38446.90810554564
2,2.089908256880734,38534.76326046075,38538.03620928835
2,2.0920350291909924,38625.54353644076,38628.827514717246
2,2.094161801501251,38715.98522352314,38719.28002252217
2,2.0962885738115093,38806.086342815564,38809.391752268064
2,2.0984153461217683,38895.844934831934,38899.16074297489
2,2.1005421184320268,38985.259060063705,38988.58505368931
2,2.1026688907422852,39074.32679954305,39077.66276404803
2,2.1047956630525437,39163.046255397065,39166.391974832455
2,2.106922435362802,39251.41555139332,39254.77080851437
2,2.1090492076730607,39339.43283347638,39342.797409792736
2,2.111175979983319,39427.09627029493,39430.46994612108
2,2.113302752293578,39514.40405371964,39517.78660822539
2,2.1154295246038366,39601.354399351025,39604.74561061244
2,2.117556296914095,39687.94554701803,39691.3451920682
2,2.1196830692243536,39774.17576126603,39777.58361614625
2,2.121809841534612,39860.04333183507,39863.45917164595
2,2.1239366138448705,39945.546574127555,39948.97017308031
2,2.126063386155129,40030.68382966557,40034.11496113336
2,2.128190158465388,40115.453466537474,40118.8919031068
2,2.1303169307756464,40199.85387983378,40203.299393355905
2,2.132443703085905,40283.8834920721,40287.33585371452
2,2.1345704753961634,40367.54075361114,40370.999733909
2,2.136697247706422,40450.824143053454,40454.289511960924
2,2.1388240200166804,40533.73216763697,40537.203694578624
2,2.140950792326939,40616.26336361514,40619.74081753733
2,2.143077564637198,40698.416296625815,40701.89944604776
2,2.1452043369474563,40780.18956204823,40783.67817511318
2,2.1473311092577148,40861.58178534878,40865.07562987497
2,2.1494578815679732,40942.591622414744,40946.090465946276
2,2.1515846538782317,41023.217759876534,41026.72136973401
2,2.15371142618849,41103.45891541791,41106.96705874894
2,2.1558381984987487,41183.31383807447,41186.82628190399
2,2.1579649708090076,41262.781308520236,41266.29781980051
2,2.160091743119266,41341.86013934203,41345.380485002606
2,2.1622185154295246,41420.54917530228,41424.07312229953
2,2.164345287739783,41498.84729358954,41502.37460895596
2,2.1664720600500416,41576.753404057,41580.28385495026
2,2.1685988323603,41654.26644944905,41657.79980320079
2,2.170725604670559,41731.3854056158,41734.92142977997
2,2.1728523769808175,41808.10928171547,41811.647744116424
2,2.174979149291076,41884.43712040486,41887.97778918511
2,2.1771059216013344,41960.36799801773,41963.910641685296
2,2.179232693911593,42035.90102473124,42039.44541220659
2,2.1813594662218514,42111.03534472042,42114.58124538309
2,2.18348623853211,42185.77013630061,42189.317320035385
2,2.185613010842369,42260.104612058225,42263.65284930083
2,2.1877397831526273,42334.03801896937,42337.5870807518
2,2.1898665554628858,42407.569638507026,42411.11929650237
2,2.1919933277731443,42480.69878673619,42484.248813303
2,2.1941201000834027,42553.42481439741,42556.974982623615
2,2.1962468723936612,42625.74710697891,42629.29719072518
2,2.1983736447039197,42697.6650847769,42701.21485871955
2,2.2005004170141786,42769.17820294458,42772.727442617994
2,2.202627189324437,42840.28595152977,42843.83443336813
2,2.2047539616346956,42910.98785550126,42914.53535687995
2,2.206880733944954,42981.283474763906,42984.829774040176
2,2.2090075062552126,43051.17240416269,43054.71728071588
2,2.211134278565471,43120.65427347571,43124.19750774686
2,2.2132610508757296,43189.728747396475,43193.27012092734
2,2.2153878231859885,43258.39552550519,43261.934820976625
2,2.217514595496247,43326.654342229514,43330.19134349936
2,2.2196413678065054,43394.50496679479,43398.03945893507
2,2.221768140116764,43461.94720316381,43465.47897249732
2,2.2238949124270224,43528.980889966326,43532.509724102616
2,2.226021684737281,43595.60590041843,43599.13158828907
2,2.2281484570475394,43661.82214223179,43665.34447412515
2,2.2302752293577983,43727.62955751318,43731.14832510841
2,2.232402001668057,43793.02812265412,43796.543119054535
2,2.2345287739783153,43858.01784821101,43861.52886797682
2,2.2366555462885738,43922.598778775806,43926.10561795618
2,2.2387823185988323,43986.77099283733,43990.27344900174
2,2.2409090909090907,44050.53460263349,44054.03247490243
2,2.2430358632193492,44113.88975399451,44117.38284306953
2,2.245162635529608,44176.836626177355,44180.324734370304
2,2.2472894078398666,44239.37543169134,44242.858362953084
2,2.249416180150125,44301.50641611542,44304.98397606374
2,2.2515429524603836,44363.229857907034,44366.70185385388
2,2.253669724770642,44424.54606820281,44428.01230918083
2,2.2557964970809006,44485.45539061115,44488.91568739951
2,2.257923269391159,44545.95820099717,44549.4123661467
2,2.260050041701418,44606.05490725984,44609.50275511743
2,2.2621768140116765,44665.745949101576,44669.18729583391
2,2.264303586321935,44725.03179779075,44728.46646140724
2,2.2664303586321934,44783.91295591674,44787.34075629193
2,2.268557130942452,44842.38995713835,44845.81071603333
2,2.2706839032527104,44900.463365925076,44903.87690700847
2,2.272810675562969,44958.133777292125,44961.53992616016
2,2.274937447873228,45015.401816528705,45018.80040072471
2,2.2770642201834863,45072.26813892031,45075.65898795336
2,2.279190992493745,45128.73342946474,45132.11637482771
2,2.2813177648040033,45184.79840258231,45188.17327776919
2,2.2834445371142618,45240.46380182039,45243.83044234286
2,2.2855713094245202,45295.730399552354,45299.0886429557
2,2.2876980817347787,45350.59899667125,45353.94868254952
2,2.2898248540450377,45405.07042227822,45408.4113922887
2,2.291951626355296,45459.14553336598,45462.477631243055
2,2.2940783986655546,45512.825214497534,45516.14828606569
2,2.296205170975813,45566.110377480225,45569.42427066653
2,2.2983319432860716,45619.001961035305,45622.306525881126
2,2.30045871559633,45671.500930463386,45674.796019135334
2,2.3025854879065886,45723.60827730558,45726.893744106
2,2.3047122602168475,45775.325019001015,45778.60072037754
2,2.306839032527106,45826.6521985403,45829.91799309494
2,2.3089658048373645,45877.59088411572,45880.846632613175
2,2.311092577147623,45928.14216876793,45931.387734143274
2,2.3132193494578814,45978.30717002941,45981.54241739515
2,2.31534612176814,46028.087029564944,46031.31182621738
2,2.3174728940783984,46077.48291280928,46080.69712823423
2,2.3195996663886573,46126.49600860201,46129.6995144799
2,2.321726438698916,46175.12752881987,46178.32019903026
2,2.3238532110091743,46223.378708007025,46226.560418632405
2,2.325979983319433,46271.25080300272,46274.42143233172
2,2.3281067556296913,46318.745092567195,46321.90452109723
2,2.3302335279399498,46365.86287700566,46369.01098744493
2,2.3323603002502082,46412.60547779057,46415.742155059466
2,2.334487072560467,46458.9742371824,46462.09936841427
2,2.3366138448707257,46504.970517848895,46508.08399239037
2,2.338740617180984,46550.59570248334,46553.69741189393
2,2.3408673894912426,46595.85119342151,46598.94103147269
2,2.342994161801501,46640.73841225787,46643.81627493163
2,2.3451209341117596,46685.25879946087,46688.32458494768
2,2.3472477064220185,46729.41381398773,46732.467422683985
2,2.349374478732277,46773.20493289869,46776.24626740355
2,2.3515012510425355,46816.633650970914,46819.66261608271
2,2.353628023352794,46859.701480312186,46862.71798302425
2,2.3557547956630525,46902.4099499746,46905.41389947064
2,2.357881567973311,46944.76060556834,46947.751913217144
2,2.3600083402835694,46986.75500887551,46989.73358822538
2,2.3621351125938284,47028.39473746457,47031.360504237186
2,2.364261884904087,47069.68138430498,47072.63425638868
2,2.3663886572143453,47110.61655738266,47113.55645482537
2,2.368515429524604,47151.201879316024,47154.128724317714
2,2.3706422018348623,47191.43898697291,47194.35270387759
2,2.372768974145121,47231.32953108857,47234.23004637575
2,2.3748957464553793,47270.87517588451,47273.76241816042
2,2.377022518765638,47310.07759868879,47312.951498677015
2,2.3791492910758967,47348.938489557455,47351.798980089196
2,2.381276063386155,47387.45955089748,47390.3065669014
2,2.3834028356964136,47425.64249709117,47428.475975582915
2,2.385529608006672,47463.48905412221,47466.30893419347
2,2.3876563803169306,47501.00095920354,47503.8071820107
2,2.389783152627189,47538.1799604069,47540.972469159424
2,2.391909924937448,47575.02781629442,47577.80655624281
2,2.3940366972477065,47611.54629555221,47614.31121397559
2,2.396163469557965,47647.737176626004,47650.488222819455
2,2.3982902418682235,47683.60224735912,47686.339372620576
2,2.400417014178482,47719.143304632635,47721.866462249505
2,2.4025437864887405,47754.362154007926,47757.07129924339
2,2.404670558798999,47789.260609371675,47791.95569945072
2,2.406797331109258,47823.84049258349,47826.52148667856
2,2.4089241034195163,47858.10363312598,47860.77049234244
2,2.411050875729775,47892.051867757706,47894.70455511891
2,2.4131776480400333,47925.687040168734,47928.32552060096
2,2.415304420350292,47959.01100063909,47961.63524095608
2,2.4174311926605503,47992.02560570011,47994.63557458744
2,2.4195579649708088,48024.73271779872,48027.328385797904
2,2.4216847372810677,48057.13420496472,48059.71554445714
2,2.423811509591326,48089.231940481266,48091.79892567172
2,2.4259382819015847,48121.02780255834,48123.58040945849
2,2.428065054211843,48152.52367400946,48155.061880421104
2,2.4301918265221016,48183.72144193169,48186.24522742976
2,2.43231859883236,48214.62299738891,48217.13234330427
2,2.4344453711426186,48245.230235098395,48247.72512450048
2,2.4365721434528775,48275.545053120826,48278.02547080017
2,2.438698915763136,48305.56935255373,48308.03528500418
2,2.4408256880733945,48335.305037228354,48337.75647262929
2,2.442952460383653,48364.754013410115,48367.1909416084
2,2.4450792326939115,48393.91818950254,48396.340601994365
2,2.44720600500417,48422.79947575484,48425.207365667426
2,2.4493327773144284,48451.399783973,48453.793146046235
2,2.4514595496246874,48479.72102723471,48482.099857802554
2,2.453586321934946,48507.76511960772,48510.129416579584
2,2.4557130942452043,48535.533975872124,48537.88373871413
2,2.457839866555463,48563.02951124625,48565.36474096234
2,2.4599666388657213,48590.25364111624,48592.5743402293
2,2.46209341117598,48617.20828076963,48619.5144533024
2,2.4642201834862383,48643.89534513242,48646.186996588454
2,2.466346955796497,48670.31674851019,48672.593885854665
2,2.4684737281067557,48696.47440433289,48698.737035973354
2,2.470600500417014,48722.37022490354,48724.6183606707
2,2.4727272727272727,48748.00612115071,48750.239772279034
2,2.474854045037531,48773.38400238498,48775.603181493345
2,2.4769808173477896,48798.505776059035,48800.71049713135
2,2.479107589658048,48823.37334753186,48825.563625897616
2,2.481234361968307,48847.98861983671,48850.164472151475
2,2.4833611342785655,48872.35349345288,48874.51493767892
2,2.485487906588824,48896.469866081534,48898.616921468245
2,2.4876146788990825,48920.339632425224,48922.472319489694
2,2.489741451209341,48943.96468397138,48946.08302447888
2,2.4918682235195995,48967.346908779684,48969.45092572421
2,2.493994995829858,48990.488191273245,48992.57790885805
2,2.496121768140117,49013.39041203375,49015.46585565189
2,2.4982485404503754,49036.0554476003,49038.1166438152
2,2.500375312760634,49058.48517027223,49060.53214679832
2,2.5025020850708923,49080.68144791574,49082.714233599116
2,2.504628857381151,49102.64614377436,49104.66476857338
2,2.5067556296914093,49124.381116283075,49126.385611249185
2,2.508882402001668,49145.88821888654,49147.878616145
2,2.5110091743119267,49167.16929986085,49169.145632591535
2,2.513135946622185,49188.226202139085,49190.18850455746
2,2.5152627189324437,49209.060763140755,49211.009070478765
2,2.517389491242702,49229.67481460491,49231.609163091984
2,2.5195162635529607,49250.07018242683,49251.99060927105
2,2.521643035863219,49270.24868649868,49272.15522986786
2,2.5237698081734776,49290.21214055359,49292.104839556574
2,2.5258965804837366,49309.9623520135,49311.84124668152
2,2.528023352793995,49329.50112184067,49331.36625310872
2,2.5301501251042535,49348.830244392746,49350.681654081076
2,2.532276897414512,49367.95150728135,49369.78923807712
2,2.5344036697247705,49386.866691234354,49388.69078667335
2,2.536530442035029,49405.577569961606,49407.38807441001
2,2.538657214345288,49424.08591002417,49425.88286866051
2,2.5407839866555464,49442.39347070707,49444.176929504196
2,2.542910758965805,49460.50200389544,49462.27200960269
2,2.5450375312760634,49478.41325395412,49480.169854079584
2,2.547164303586322,49496.128957610636,49497.8722004035
2,2.5492910758965803,49513.650843841555,49515.380778274615
2,2.551417848206839,49530.980633762185,49532.69730951445
2,2.5535446205170977,49548.12004051948,49549.823507958885
2,2.5556713928273562,49565.07076918835,49566.76107935466
2,2.5577981651376147,49581.83451667108,49583.5117212589
2,2.559924937447873,49598.41297160005,49600.077122941904
2,2.5620517097581317,49614.80781424356,49616.4589652932
2,2.56417848206839,49631.02071641482,49632.65892073062
2,2.5663052543786486,49647.05334138402,49648.67865311253
2,2.5684320266889076,49662.9073437935,49664.51981765313
2,2.570558798999166,49678.5843695759,49680.18406084075
2,2.5726855713094245,49694.0860558754,49695.67302035925
2,2.574812343619683,49709.414030971835,49710.98832501222
2,2.5769391159299415,49724.56991420772,49726.13159465029
2,2.5790658882402,49739.555315918304,49741.10444010117
2,2.5811926605504585,49754.371837364306,49755.90846310264
2,2.5833194328607174,49769.02107066759,49770.5452562384
2,2.585446205170976,49783.50459874961,49785.016402876536
2,2.5875729774812344,49797.82399527253,49799.32347711095
2,2.589699749791493,49811.98082458309,49813.46804370529
2,2.5918265221017514,49825.97664165922,49827.451658039754
2,2.59395329441201,49839.812992059145,49841.27586606037
2,2.5960800667222683,49853.49141187324,49854.94220423094
2,2.5982068390325272,49867.01342767831,49868.45219948755
2,2.6003336113427857,49880.38055649448,49881.80736919562
2,2.602460383653044,49893.59430574455,49895.009221109416
2,2.6045871559633027,49906.65617321581,49908.05925333394
2,2.606713928273561,49919.567647024225,49920.958954289395
2,2.6088407005838197,49932.330205581005,49933.709802677935
2,2.610967472894078,49944.94531756163,49946.31326745269
2,2.613094245204337,49957.41444187695,49958.770807789195
2,2.6152210175145956,49969.739027646734,49971.08387305904
2,2.617347789824854,49981.920514175414,49983.25390280575
2,2.6194745621351125,49993.960330929884,49995.28232672288
2,2.621601334445371,50005.8598975197,50007.17056463415
2,2.6237281067556295,50017.620623679126,50018.920026475855
2,2.625854879065888,50029.24390925143,50030.53211228129
2,2.627981651376147,50040.73114417517,50042.00821216714
2,2.6301084236864054,50052.083708472484,50053.349706321955
2,2.632235195996664,50063.30297223934,50064.5579649966
2,2.6343619683069224,50074.39029563776,50075.63434849662
2,2.636488740617181,50085.34702888986,50086.58020717646
2,2.6386155129274393,50096.17451227387,50097.396881435605
2,2.640742285237698,50106.87407612184,50108.08570171652
2,2.6428690575479568,50117.44704081925,50118.647988504345
2,2.6449958298582152,50127.89471680632,50129.08505232843
2,2.6471226021684737,50138.21840458099,50139.3981937655
2,2.649249374478732,50148.419394703786,50149.58870344455
2,2.6513761467889907,50158.49896780402,50159.6578620534
2,2.653502919099249,50168.458394587935,50169.60694034679
2,2.6556296914095077,50178.298935848135,50179.43719915619
2,2.6577564637197666,50188.02184247483,50189.149889401015
2,2.659883236030025,50197.62835546836,50198.74625210143
2,2.6620100083402836,50207.1197059534,50208.22751839265
2,2.664136780650542,50216.49711519447,50217.59490954063
2,2.6662635529608005,50225.76179461292,50226.84963695925
2,2.668390325271059,50234.91494580532,50235.99290222873
2,2.6705170975813175,50243.95776056313,50245.02589711564
2,2.6726438698915764,50252.89142089377,50253.949803593976
2,2.674770642201835,50261.71709904293,50262.765793867664
2,2.6768974145120934,50270.43595751814,50271.475030394315
2,2.679024186822352,50279.04914911356,50280.07866591017
2,2.6811509591326104,50287.55781693605,50288.57784345622
2,2.683277731442869,50295.96309443223,50296.97369640558
2,2.6854045037531273,50304.26610541686,50305.26734849186
2,2.6875312760633863,50312.46796410222,50313.45991383881
2,2.6896580483736447,50320.56977512861,50321.55249699088
2,2.6917848206839032,50328.572633595846,50329.5461929449
2,2.6939115929941617,50336.47762509582,50337.44208718283
2,2.69603836530442,50344.2858257461,50345.241255705405
2,2.6981651376146787,50351.998302224354,50352.944765066764
2,2.700291909924937,50359.616111803836,50360.55367241006
2,2.702418682235196,50367.14030238972,50368.06902550399
2,2.7045454545454546,50374.57191255639,50375.491862780065
2,2.706672226855713,50381.91197158542,50382.8232133709
2,2.7087989991659716,50389.16149950456,50390.06409714931
2,2.71092577147623,50396.32150712748,50397.21552476805
2,2.7130525437864885,50403.392996094226,50404.27849770055
2,2.7151793160967475,50410.37695891246,50411.25400828224
2,2.717306088407006,50417.27437899949,50418.14303975271
2,2.7194328607172644,50424.086230724926,50424.94656629846
2,2.721559633027523,50430.81347945404,50431.665553096456
2,2.7236864053377814,50437.4570815918,50438.30095635825
2,2.72581317764804,50444.01798462752,50444.853723374756
2,2.7279399499582984,50450.49712718015,50451.32479256165
2,2.7300667222685573,50456.89543904408,50457.71509350532
2,2.7321934945788158,50463.21384123558,50464.02554700946
2,2.7343202668890743,50469.45324603979,50470.2570651421
2,2.7364470391993327,50475.61455705816,50476.41055128321
2,2.7385738115095912,50481.69866925645,50482.48690017286
2,2.7407005838198497,50487.70646901322,50488.4869979597
2,2.742827356130108,50493.638834168705,50494.41172225011
2,2.744954128440367,50499.49663407421,50500.261942157565
2,2.7470809007506256,50505.28072964189,50506.038518352616
2,2.749207673060884,50510.99197339493,50511.74230311316
2,2.7513344453711426,50516.631209518084,50517.37414037507
2,2.753461217681401,50522.199273908634,50522.93486578326
2,2.7555879899916595,50527.696994227634,50528.42530674308
2,2.757714762301918,50533.125189951534,50533.84628247196
2,2.759841534612177,50538.48467242401,50539.198604051475
2,2.7619683069224354,50543.77624490826,50544.483074479554
2,2.764095079232694,50549.000702639336,50549.70048872313
2,2.7662218515429524,50554.158832876994,50554.85163377093
2,2.768348623853211,50559.25141495856,50559.937288686466
2,2.7704753961634694,50564.27922035215,50564.95822466144
2,2.772602168473728,50569.24301271005,50569.9152050691
2,2.774728940783987,50574.14354792231,50574.808985517986
2,2.7768557130942453,50578.98157417043,50579.64031390576
2,2.7789824854045038,50583.7578319814,50584.40993047321
2,2.7811092577147623,50588.47305428166,50589.11856785843
2,2.7832360300250207,50593.127966451335,50593.76695115103
2,2.785362802335279,50597.72328637857,50598.35579794666
2,2.7874895746455377,50602.25972451387,50602.88581840138
2,2.7896163469557966,50606.73798392472,50607.35771528638
2,2.791743119266055,50611.15876035011,50611.77218404253
2,2.7938698915763136,50615.522742255176,50616.12991283522
2,2.795996663886572,50619.83061088593,50620.43158260907
2,2.7981234361968306,50624.083040324025,50624.677867142804
2,2.800250208507089,50628.28069754146,50628.86943310408
2,2.8023769808173475,50632.42424245545,50633.00694010436
2,2.8045037531276065,50636.514327983175,50637.09104075376
2,2.806630525437865,50640.551600096565,50641.12238071593
2,2.8087572977481234,50644.53669787708,50645.10159876295
2,2.810884070058382,50648.47025357045,50649.02932682998
2,2.8130108423686404,50652.35289264138,50652.90619007024
2,2.815137614678899,50656.1852338282,50656.732806909575
2,2.8172643869891574,50659.967889197476,50660.5097891012
2,2.8193911592994163,50663.70146419849,50664.23774178026
2,2.821517931609675,50667.38655771776,50667.917263518364
2,2.8236447039199333,50671.02376213331,50671.54894637799
2,2.8257714762301918,50674.61366336902,50675.1333759668
2,2.8278982485404502,50678.15684094873,50678.67113149191
2,2.8300250208507087,50681.65386805033,50682.162785813955
2,2.832151793160967,50685.10531155963,50685.608905501096
2,2.834278565471226,50688.51173212421,50689.01005088286
2,2.8364053377814846,50691.87368420701,50692.36677610385
2,2.838532110091743,50695.19171613992,50695.67962917732
2,2.8406588824020016,50698.4663701771,50698.9491520386
2,2.84278565471226,50701.69818254815,50702.17588059834
2,2.8449124270225186,50704.887683511195,50705.360344795576
2,2.847039199332777,50708.035397405714,50708.50306865066
2,2.849165971643036,50711.14184270521,50711.60457031801
2,2.8512927439532945,50714.20753206975,50714.66536213861
2,2.853419516263553,50717.23297239818,50717.68595069238
2,2.8555462885738114,50720.21866488032,50720.666836850316
2,2.85767306088407,50723.16510504881,50723.60851582644
2,2.859799833194329,50726.072782830764,50726.51147722956
2,2.8619266055045873,50728.94218259933,50729.376205114706
2,2.864053377814846,50731.77378322487,50732.203178034506
2,2.8661801501251043,50734.568058125966,50734.992869090216
2,2.868306922435363,50737.32547532032,50737.74574598256
2,2.8704336947456213,50740.046497475196,50740.46227106234
2,2.8725604670558798,50742.73158195781,50743.142901380765
2,2.8746872393661387,50745.381180885364,50745.7880887396
2,2.876814011676397,50747.99574117491,50748.398279741035
2,2.8789407839866556,50750.5757045929,50750.97391583723
2,2.881067556296914,50753.12150780449,50753.51543337977
2,2.8831943286071726,50755.633582422655,50756.02326366866
2,2.885321100917431,50758.112355056895,50758.497833001245
2,2.8874478732276896,50760.55824736187,50760.9395627207
2,2.8895746455379485,50762.97167608556,50763.34886926435
2,2.891701417848207,50765.3530531173,50765.72616421168
2,2.8938281901584655,50767.702785535475,50768.07185433207
2,2.895954962468724,50770.02127565495,50770.386341632264
2,2.8980817347789825,50772.30892107422,50772.67002340356
2,2.900208507089241,50774.56611472225,50774.92329226865
2,2.9023352793994994,50776.79324490507,50777.14653622826
2,2.9044620517097584,50778.99069535207,50779.34013870747
2,2.906588824020017,50781.15884526197,50781.5044786017
2,2.9087155963302753,50783.29806934851,50783.639930322446
2,2.910842368640534,50785.408737885904,50785.74686384277
2,2.9129691409507923,50787.491216753886,50787.82564474228
2,2.9150959132610508,50789.54586748254,50789.87663425217
2,2.9172226855713093,50791.57304729685,50791.900189299544
2,2.919349457881568,50793.573109160825,50793.896662551764
2,2.9214762301918267,50795.546401821426,50795.866402460386
2,2.923603002502085,50797.49326985222,50797.80975330463
2,2.9257297748123436,50799.41405369657,50799.727055234885
2,2.927856547122602,50801.3090897107,50801.61864431556
2,2.9299833194328606,50803.178710206324,50803.484852567824
2,2.932110091743119,50805.02324349299,50805.32600801202
2,2.934236864053378,50806.843013920174,50807.14243470966
2,2.9363636363636365,50808.63834191902,50808.934452805275
2,2.938490408673895,50810.409544043716,50810.702378567774
2,2.9406171809841535,50812.15693301269,50812.446524431616
2,2.942743953294412,50813.88081774933,50814.16719903765
2,2.9448707256046704,50815.58150342257,50815.86470727359
2,2.9469974979149294,50817.25929148697,50817.53935031419
2,2.949124270225188,50818.91447972265,50819.19142566121
2,2.9512510425354463,50820.547362274825,50820.82122718286
2,2.953377814845705,50822.158229693,50822.429045153105
2,2.9555045871559633,50823.74736896995,50824.01516629064
2,2.957631359466222,50825.3150635803,50825.57987379747
2,2.9597581317764803,50826.861593518835,50827.123447397185
2,2.961884904086739,50828.38723533846,50828.64616337301
2,2.9640116763969977,50829.892262187896,50830.14829460542
2,2.966138448707256,50831.37694384898,50831.630110609585
2,2.9682652210175147,50832.8415467738,50833.091877572384
2,2.970391993327773,50834.286334121345,50834.5338583891
2,2.9725187656380316,50835.71156579396,50835.95631269992
2,2.97464553794829,50837.117498473424,50837.359496925994
2,2.976772310258549,50838.50438565682,50838.74366430529
2,2.9788990825688075,50839.872477691926,50840.109064928074
2,2.981025854879066,50841.222021812464,50841.455945772024
2,2.9831526271893245,50842.55326217296,50842.78455073722
2,2.985279399499583,50843.86643988328,50844.09512068066
2,2.9874061718098415,50845.16179304289,50845.38789345049
2,2.9895329441201,50846.43955677487,50846.66310392002
2,2.991659716430359,50847.69996325947,50847.920984021344
2,2.9937864887406174,50848.94324176749,50849.161762778705
2,2.995913261050876,50850.169618693355,50850.38566634149
2,2.9980400333611343,50851.37931758781,50851.59291801703
2,3.000166805671393,50852.57255919037,50852.783738303
2,3.0022935779816513,50853.74956146147,50853.95834491961
2,3.00442035029191,50854.91053961428,50855.11695284139
2,3.0065471226021687,50856.055706146275,50856.25977432878
2,3.008673894912427,50857.18527087049,50857.38701895935
2,3.0108006672226857,50858.299440946445,50858.49889365878
2,3.012927439532944,50859.39842091082,50859.59560273152
2,3.0150542118432027,50860.48241270783,50860.67734789112
2,3.017180984153461,50861.55161571929,50861.744328290384
2,3.0193077564637196,50862.60622679445,50862.796740551064
2,3.0214345287739786,50863.64644027942,50863.83477879349
2,3.023561301084237,50864.67244804647,50864.85863466567
2,3.0256880733944955,50865.68443952289,50865.868497372256
2,3.027814845704754,50866.68260171973,50866.86455370325
2,3.0299416180150125,50867.667119260055,50867.846988062316
2,3.032068390325271,50868.63817440715,50868.81598249485
2,3.0341951626355295,50869.59594709222,50869.77171671585
2,3.0363219349457884,50870.54061494204,50870.7143681374
2,3.038448707256047,50871.472353306104,50871.64411189597
2,3.0405754795663054,50872.391335283704,50872.56112087934
2,3.042702251876564,50873.29773175059,50873.46556575339
2,3.0448290241868223,50874.1917113854,50874.357614988476
2,3.046955796497081,50875.07344069593,50875.237434885625
2,3.0490825688073393,50875.94308404492,50876.10518960246
2,3.0512093411175982,50876.8008036758,50876.96104117881
2,3.0533361134278567,50877.64675973798,50877.80514956211
2,3.055462885738115,50878.48111031209,50878.63767263253
2,3.0575896580483737,50879.30401143473,50879.45876622778
2,3.059716430358632,50880.115617123105,50880.26858416779
2,3.0618432026688907,50880.91607939943,50881.067278278955
2,3.063969974979149,50881.70554831493,50881.854998418305
2,3.066096747289408,50882.48417197373,50882.631892497324
2,3.0682235195996665,50883.25209655649,50883.398106505476
2,3.070350291909925,50884.00946634363,50884.153784533635
2,3.0724770642201835,50884.75642373854,50884.89906879708
2,3.074603836530442,50885.493109290335,50885.6340996584
2,3.0767306088407005,50886.21966171654,50886.35901565008
2,3.078857381150959,50886.9362179254,50887.07395349685
2,3.080984153461218,50887.64291303802,50887.77904813781
2,3.0831109257714764,50888.33988041025,50888.4744327483
2,3.085237698081735,50889.02725165432,50889.160238761535
2,3.0873644703919934,50889.70515666029,50889.83659589006
2,3.089491242702252,50890.37372361722,50890.50363214687
2,3.0916180150125103,50891.03307903407,50891.1614738664
2,3.093744787322769,50891.683347760496,50891.81024572519
2,3.0958715596330277,50892.32465300733,50892.45007076244
2,3.097998331943286,50892.95711636683,50893.081070400236
2,3.1001251042535447,50893.580857832705,50893.70336446357
2,3.102251876563803,50894.19599582002,50894.31707120022
2,3.1043786488740617,50894.80264718472,50894.92230730031
2,3.10650542118432,50895.4009272431,50895.51918791568
2,3.1086321934945786,50895.99094979088,50896.10782667911
2,3.1107589658048376,50896.57282712227,50896.68833572322
2,3.112885738115096,50897.14667004864,50897.26082569921
2,3.1150125104253545,50897.71258791711,50897.82540579545
2,3.117139282735613,50898.27068862885,50898.382183755704
2,3.1192660550458715,50898.82107865718,50898.93126589736
2,3.12139282735613,50899.36386306555,50899.47275712924
2,3.123519599666389,50899.89914552523,50900.00676096936
2,3.1256463719766474,50900.42702833277,50900.53337956244
2,3.127773144286906,50900.94761242741,50901.05271369718
2,3.1298999165971644,50901.4609974081,50901.56486282339
2,3.132026688907423,50901.967281550526,50902.0699250689
2,3.1341534612176813,50902.466561823705,50902.56799725627
2,3.13628023352794,50902.95893390666,50903.05917491935
2,3.1384070058381988,50903.444492204675,50903.54355231955
2,3.1405337781484572,50903.92332986546,50904.02122246206
2,3.1426605504587157,50904.39553879514,50904.492277111785
2,3.144787322768974,50904.861209674054,50904.9568068091
2,3.1469140950792327,50905.32043197234,50905.41490088548
2,3.149040867389491,50905.77329396529,50905.86664747886
2,3.1511676396997497,50906.21988274872,50906.31213354891
2,3.1532944120100086,50906.66028425393,50906.7514448921
2,3.155421184320267,50907.094583262624,50907.18466615652
2,3.1575479566305256,50907.52286342159,50907.61188085663
2,3.159674728940784,50907.945207257304,50908.03317138778
2,3.1618015012510425,50908.361696190244,50908.448619040544
2,3.163928273561301,50908.77241054907,50908.85830401492
2,3.1660550458715595,50909.17742958469,50909.262305434386
2,3.1681818181818184,50909.57683148414,50909.66070135968
2,3.170308590492077,50909.97069338423,50910.05356880257
2,3.1724353628023354,50910.359091385086,50910.44098373933
2,3.174562135112594,50910.74210056355,50910.8230211241
2,3.1766889074228524,50911.1197949864,50911.199754902125
2,3.178815679733111,50911.49224772334,50911.57125802279
2,3.1809424520433693,50911.85953086003,50911.9376024525
2,3.1830692243536283,50912.22171551064,50912.29885918742
2,3.1851959966638868,50912.578871830636,50912.65509826604
2,3.1873227689741452,50912.93106902909,50913.00638878166
2,3.1894495412844037,50913.27837538099,50913.35279889463
2,3.191576313594662,50913.62085823944,50913.69439584447
2,3.1937030859049207,50913.9585840476,50914.03124596189
2,3.195829858215179,50914.29161835055,50914.36341468061
2,3.197956630525438,50914.62002580696,50914.69096654904
2,3.2000834028356966,50914.94387020074,50915.013965241895
2,3.202210175145955,50915.26321445234,50915.33247357153
2,3.2043369474562136,50915.578120630154,50915.64655349927
2,3.206463719766472,50915.888649961584,50915.9562661465
2,3.2085904920767305,50916.19486284404,50916.26167180572
2,3.210717264386989,50916.49681885587,50916.56282995135
2,3.212844036697248,50916.79457676705,50916.859799250495
2,3.2149708090075064,50917.08819454986,50917.15263757353
2,3.217097581317765,50917.37772938921,50917.4414020046
2,3.2192243536280234,50917.66323769318,50917.72614885191
2,3.221351125938282,50917.9447751031,50918.00693365795
2,3.2234778982485404,50918.22239650367,50918.28381120958
2,3.225604670558799,50918.49615603296,50918.55683554801
2,3.2277314428690578,50918.76610709226,50918.82605997864
2,3.2298582151793163,50919.03230235572,50919.091537080705
2,3.2319849874895747,50919.294793780056,50919.35331871696
2,3.2341117597998332,50919.55363261397,50919.61145604308
2,3.2362385321100917,50919.80886940749,50919.865999517024
2,3.23836530442035,50920.06055402127,50920.11699890836
2,3.2404920767306087,50920.30873563571,50920.364503307224
2,3.2426188490408676,50920.55346275995,50920.60856113349
2,3.244745621351126,50920.79478324075,50920.84922014556
2,3.2468723936613846,50921.032744271346,50921.086527449195
2,3.248999165971643,50921.26739240009,50921.32052950617
2,3.2511259382819016,50921.49877353898,50921.55127214281
2,3.25325271059216,50921.72693297223,50921.77880055852
2,3.2553794829024185,50921.95191536451,50922.00315933404
2,3.2575062552126774,50922.17376476925,50922.22439243974
2,3.259633027522936,50922.39252463683,50922.4425432438
2,3.2617597998331944,50922.6082378225,50922.65765452013
2,3.263886572143453,50922.82094659444,50922.86976845639
2,3.2660133444537114,50923.030692641536,50923.07892666181
2,3.26814011676397,50923.23751708114,50923.285170174895
2,3.2702668890742284,50923.4414604667,50923.488539471065
2,3.2723936613844873,50923.64256279533,50923.68907447024
2,3.2745204336947458,50923.8408635152,50923.88681454419
2,3.2766472060050043,50924.03640153295,50924.08179852397
2,3.2787739783152627,50924.229215220905,50924.27406470709
2,3.2809007506255212,50924.419342424284,50924.46365086475
2,3.2830275229357797,50924.606820468216,50924.65059424886
2,3.285154295246038,50924.79168616477,50924.83493159901
2,3.287281067556297,50924.97397581984,50925.01669914939
2,3.2894078398665556,50925.15372523991,50925.19593263555
2,3.291534612176814,50925.330969738825,50925.37266730113
2,3.2936613844870726,50925.50574414437,50925.5469379045
2,3.295788156797331,50925.6780828049,50925.718778725255
2,3.2979149291075895,50925.84801959567,50925.8882235707
2,3.300041701417848,50926.01558792531,50926.05530578222
2,3.302168473728107,50926.18082074208,50926.22005824152
2,3.3042952460383654,50926.343750540145,50926.382513376935
2,3.306422018348624,50926.504409365596,50926.54270316943
2,3.3085487906588824,50926.66282882257,50926.700659158705
2,3.310675562969141,50926.81904007924,50926.856412449226
2,3.3128023352793994,50926.97307387365,50927.00999371598
2,3.3149291075896583,50927.124960519635,50927.161433210385
2,3.317055879899917,50927.27472991241,50927.31076076602
2,3.3191826522101753,50927.422411534404,50927.45800580423
2,3.3213094245204338,50927.56803446075,50927.60319733976
2,3.3234361968306922,50927.711627364835,50927.746363986305
2,3.3255629691409507,50927.85321852375,50927.887533961846
2,3.327689741451209,50927.99283582369,50928.02673509413
2,3.329816513761468,50928.130506765185,50928.16399482593
2,3.3319432860717266,50928.26625846846,50928.29934022024
2,3.334070058381985,50928.400117678495,50928.432797965506
2,3.3361968306922436,50928.53211077019,50928.56439438067
2,3.338323603002502,50928.662263753366,50928.694155420235
2,3.3404503753127606,50928.790602277724,50928.82210667918
2,3.342577147623019,50928.91715163784,50928.948273397924
2,3.344703919933278,50929.04193677786,50929.072680467085
2,3.3468306922435365,50929.16498229638,50929.19535243232
2,3.348957464553795,50929.286312451135,50929.31631349896
2,3.3510842368640534,50929.405951163586,50929.435587536704
2,3.353211009174312,50929.52392202364,50929.5531980842
2,3.3553377814845704,50929.64024829403,50929.66916835353
2,3.357464553794829,50929.754952914875,50929.78352123471
2,3.359591326105088,50929.86805850808,50929.896279300076
2,3.3617180984153463,50929.97958738162,50930.00746480862
2,3.363844870725605,50930.089561533925,50930.11709971028
2,3.3659716430358633,50930.198002658064,50930.2252056502
2,3.3680984153461218,50930.304932145904,50930.33180397283
2,3.3702251876563802,50930.41037109228,50930.43691572617
2,3.3723519599666387,50930.514340299036,50930.540561665686
2,3.3744787322768977,50930.61686027905,50930.642762258394
2,3.376605504587156,50930.71795126017,50930.74353768685
2,3.3787322768974146,50930.81763318918,50930.84290785299
2,3.380859049207673,50930.91592573557,50930.94089238199
2,3.3829858215179316,50931.01284829543,50931.03751062609
2,3.38511259382819,50931.10841999514,50931.132781668326
2,3.3872393661384486,50931.20265969509,50931.226724326225
2,3.3893661384487075,50931.29558599333,50931.3193571555
2,3.391492910758966,50931.38721722922,50931.41069845356
2,3.3936196830692245,50931.47757148691,50931.50076626313
2,3.395746455379483,50931.56666659891,50931.58957837575
2,3.3978732276897414,50931.654520149525,50931.67715233521
2,3.4,50931.74114947826,50931.763505440955
3,0.85,147590.10137272583,147558.60595224446
3,0.8521267723102586,145688.3113779646,145657.20793348382
3,0.8542535446205171,143806.79617575512,143776.08038168502
3,0.8563803169307757,141945.3838913816,141915.05146742475
3,0.8585070892410341,140103.9039149481,140073.95062564898
3,0.8606338615512927,138282.18689216996,138252.60854646904
3,0.8627606338615512,136480.06471525563,136450.8571660474
3,0.8648874061718098,134697.3705138755,134668.52965756966
3,0.8670141784820684,132933.93864621763,132905.4604223063
3,0.8691409507923269,131189.60469012934,131161.48508075622
3,0.8712677231025855,129464.20543434213,129436.44046387715
3,0.873394495412844,127757.57886978138,127730.1646043982
3,0.8755212677231026,126069.56418095561,126042.49672821401
3,0.877648040033361,124400.0017374292,124373.27724586044
3,0.8797748123436196,122748.73308537234,122722.34774406922
3,0.8819015846538782,121115.60093919141,121089.5509774016
3,0.8840283569641367,119500.44917323581,119474.73085995912
3,0.8861551292743953,117903.12281358147,117877.73245717087
3,0.8882819015846538,116323.46802988977,116298.40197765616
3,0.8904086738949124,114761.33212734055,114736.58676516124
3,0.892535446205171,113216.56353863893,113192.13529056958
3,0.8946622185154295,111689.01181609363,111664.89714398429
3,0.8967889908256881,110178.5276237667,110154.72302688086
3,0.8989157631359466,108684.9627296945,108661.46474433214
3,0.9010425354462052,107208.16999817647,107184.97519730037
3,0.9031693077564636,105748.0033821334,105725.1083749994
3,0.9052960800667222,104304.31791553265,104281.71934732272
3,0.9074228523769808,102876.96970587992,102854.66425733929
3,0.9095496246872393,101465.8159267767,101443.80031385388
3,0.9116763969974979,100070.71481054217,100048.98578403296
3,0.9138031693077564,98691.52564089913,98670.07998609351
3,0.915929941618015,97328.10874572293,97306.94328205539
3,0.9180567139282736,95980.32548985205,95959.43707055545
3,0.9201834862385321,94648.0382679608,94627.42377972299
3,0.9223102585487907,93331.11049749088,93310.7668601154
3,0.9244370308590492,92029.40661164459,92009.33077771371
3,0.9265638031693078,90742.79205243464,90722.98100697616
3,0.9286905754795662,89471.1332637942,89451.58402395115
3,0.9308173477898248,88214.29768474172,88195.00729944551
3,0.9329441201000834,86972.1537426048,86953.11929225092
3,0.9350708924103419,85744.57084629766,85725.78944242484
3,0.9371976647206005,84531.41937965424,84512.88816462707
3,0.939324437030859,83332.57069481628,83314.28684151004
3,0.9414512093411176,82147.89710567391,82129.85781716261
3,0.9435779816513761,80977.27188135943,80959.47439060743
3,0.9457047539616347,79820.56923979297,79803.010809349
3,0.9478315262718933,78677.66434128025,78660.34226297443
3,0.9499582985821518,77548.43328216035,77531.34487680408
3,0.9520850708924103,76432.75308850352,76415.89570559272
3,0.9542118432026688,75330.5017098594,75313.87272727968
3,0.9563386155129274,74241.55801305262,74225.15483678832
3,0.9584653878231859,73165.80177602802,73149.62183987325
3,0.9605921601334445,72103.11368174186,72087.1544470148
3,0.9627189324437031,71053.37531210162,71037.63426736122
3,0.9648457047539616,70016.46914195071,70000.94380271652
3,0.9669724770642202,68992.27853309968,68976.96644157403
3,0.9690992493744787,67980.68772840234,67965.5864531955
3,0.9712260216847373,66981.5818458767,66966.68898173433
3,0.9733527939949957,65994.84687286963,65980.16004040325
3,0.9754795663052543,65020.369660264914,65005.88650568479
3,0.9776063386155129,64058.037916734946,64043.756111585535
3,0.9797331109257714,63107.740203033856,63093.657443932025
3,0.98185988323603,62169.36592633308,62155.4799347085
3,0.9839866555462886,61242.805334598175,61229.11385643683
3,0.9861134278565471,60327.949511006576,60314.45031659615
3,0.9882402001668056,59424.6903684054,59411.38125208334
3,0.9903669724770642,58532.92064380925,58519.79942371373
3,0.9924937447873228,57652.53389293775,57639.59841076022
3,0.9946205170975813,56783.42448479126,56770.672605532425
3,0.9967472894078399,55925.48759626568,55912.91720799273
3,0.9988740617180984,55078.61920680475,55066.22822041213
3,1.001000834028357,54242.71609309029,54230.502442061916
3,1.0031276063386154,53417.67582376914,53405.63746394344
3,1.0052543786488741,52603.39675421688,52591.531663553855
3,1.0073811509591326,51799.778021338134,51788.084199689096
3,1.009507923269391,51006.719538401885,50995.19500728094
3,1.0116346955796498,50224.121989912746,50212.764792270966
3,1.0137614678899083,49451.886826517424,49440.69502651905
3,1.0158882402001668,48689.916259944875,48678.887942745765
3,1.0180150125104253,47938.11325798153,47927.24652950977
3,1.020141784820684,47196.38153947983,47185.674526218514
3,1.0222685571309424,46464.62556940052,46454.07641817283
3,1.024395329441201,45742.75055388751,45732.35743164371
3,1.0265221017514596,45030.66243537588,45020.42352898238
3,1.0286488740617181,44328.26788773213,44318.181403763025
3,1.0307756463719766,43635.474311426064,43625.538475956324
3,1.032902418682235,42952.18982873461,42942.4028871356
3,1.0350291909924938,42278.32327897697,42268.68349571376
3,1.0371559633027523,41613.784213780586,41604.28987221163
3,1.0392827356130108,40958.48289237765,40949.13229455606
3,1.0414095079232695,40312.330276931985,40303.12174340905
3,1.043536280233528,39675.23802789615,39666.16989752678
3,1.0456630525437864,39047.11849939769,39038.189129147766
3,1.047789824854045,38427.884734655236,38419.09249941089
3,1.0499165971643036,37817.45046142338,37808.79375380216
3,1.0520433694745621,37215.73008746669,37207.20731763065
3,1.0541701417848206,36622.63869606146,36614.248291532225
3,1.0562969140950793,36038.092041526426,36029.8324470019
3,1.0584236864053378,35462.006544781194,35453.87622195431
3,1.0605504587155963,34894.29928893187,34886.29671631099
3,1.0626772310258548,34334.88801488462,34327.01168761589
3,1.0648040033361135,33783.69111698588,33775.93954667735
3,1.066930775646372,33240.62763869004,33232.99935323746
3,1.0690575479566304,32705.61726825278,32698.11081166724
3,1.0711843202668891,32178.58033445149,32171.19426668885
3,1.0733110925771476,31659.43780233177,31652.170699123584
3,1.0754378648874061,31148.11126897898,31140.96172166554
3,1.0775646371976646,30644.522959316528,30637.489574681094
3,1.0796914095079233,30148.59572192849,30141.677122033667
3,1.0818181818181818,29660.25302490833,29653.44784693377
3,1.0839449541284403,29179.41895173154,29172.725847813505
3,1.086071726438699,28706.018197153728,28699.435834226148
3,1.0881984987489575,28239.976063133094,28233.503122770322
3,1.090325271059216,27781.218454776634,27774.85363303777
3,1.0924520433694744,27329.671876311037,27323.41388358584
3,1.0945788156797331,26885.26342707704,26879.110987933425
3,1.0967055879899916,26447.920797547682,26441.87265058077
3,1.09883236030025,26017.5722653697,26011.627163052362
3,1.1009591326105088,25594.146691428366,25588.303399963414
3,1.1030859049207673,25177.57351593558,25171.830815109286
3,1.1052126772310258,24767.782754540232,24762.139437577578
3,1.1073394495412843,24364.704994461892,24359.159867883118
3,1.109466221851543,23968.27139064663,23962.82327412528
3,1.1115929941618015,23578.413661945342,23573.06138816789
3,1.11371976647206,23195.064087313964,23189.806501840707
3,1.1158465387823187,22818.155502035923,22812.991463163467
3,1.1179733110925771,22447.621293966426,22442.549672591456
3,1.1201000834028356,22083.39539979798,22078.41507928253
3,1.122226855713094,21725.412301347867,21720.522177385916
3,1.1243536280233528,21373.6070218666,21368.80600235208
3,1.1264804003336113,21027.91512236785,21023.20212726397
3,1.1286071726438698,20688.272697978893,20683.646659188882
3,1.1307339449541285,20354.61637431233,20350.076235551474
3,1.132860717264387,20026.883303858467,20022.428020527434
3,1.1349874895746455,19705.011162397874,19700.639701457465
3,1.137114261884904,19388.93814543479,19384.649485281858
3,1.1392410341951626,19078.602964650512,19074.396094995216
3,1.1413678065054211,18773.9448443771,18769.818766121458
3,1.1434945788156798,18474.903518090712,18470.857243208426
3,1.1456213511259383,18181.419224925336,18177.45177634278
3,1.1477481234361968,17893.432706205644,17889.543117684185
3,1.1498748957464553,17610.885201999845,17607.07251801933
3,1.1520016680567138,17333.718447691826,17329.9817233353
3,1.1541284403669725,17061.874670572583,17058.212971412227
3,1.156255212677231,16795.296586451055,16791.708988435275
3,1.1583819849874897,16533.92739628367,16530.412985625393
3,1.1605087572977482,16277.710782823286,16274.268655889422
3,1.1626355296080066,16026.590907286574,16023.220170488608
3,1.1647623019182651,15780.512406040394,15777.21217572616
3,1.1668890742285236,15539.420387306678,15536.189789653195
3,1.1690158465387823,15303.260427885732,15300.098598793276
3,1.1711426188490408,15071.978569898156,15068.884654885333
3,1.1732693911592995,14845.521317544666,14842.49447164464
3,1.175396163469558,14623.835633884504,14620.87502154231
3,1.1775229357798165,14406.868937631512,14403.973732602415
3,1.179649708090075,14194.569099968438,14191.738485217415
3,1.1817764804003335,13986.884441378967,13984.1176089812
3,1.1839032527105922,13783.763728497517,13781.059879539916
3,1.1860300250208506,13585.156170976763,13582.51451546061
3,1.1881567973311093,13391.011418372487,13388.431175117013
3,1.1902835696413678,13201.279557046226,13198.759953593242
3,1.1924103419516263,13015.911107084903,13013.451379604445
3,1.1945371142618848,12834.857019238,12832.456412434978
3,1.1966638865721433,12658.068671871808,12655.726438893576
3,1.198790658882402,12485.497867940678,12483.213270285676
3,1.2009174311926605,12317.096831975428,12314.869139402708
3,1.2030442035029192,12152.818207088441,12150.646697528191
3,1.2051709758131777,11992.615051995785,11990.499011460794
3,1.2072977481234362,11836.440838055867,11834.379560553905
3,1.2094245204336946,11684.249446324851,11682.242233772025
3,1.2115512927439533,11535.995164628577,11534.04132676355
3,1.2136780650542118,11391.632684651006,11389.731538950171
3,1.2158048373644703,11251.117099038933,11249.267970632452
3,1.217931609674729,11114.403898523127,11112.606120111883
3,1.2200583819849875,10981.448969055677,10979.701880829103
3,1.222185154295246,10852.208588963395,10850.511538518163
3,1.2243119266055045,10726.639426117405,10724.991768377007
3,1.2264386989157632,10604.698535118629,10603.09963225379
3,1.2285654712260217,10486.343354499308,10484.79257584925
3,1.2306922435362802,10371.531703940183,10370.028425934737
3,1.2328190158465389,10260.221781503606,10258.765387586143
3,1.2349457881567973,10152.372160882285,10150.96204143348
3,1.2370725604670558,10047.941788663595,10046.577340925998
3,1.2391993327773143,9946.889981609522,9945.570609612914
3,1.241326105087573,9849.176423952002,9847.901538439603
3,1.2434528773978315,9754.761164703772,9753.530183059162
3,1.24557964970809,9663.604614984393,9662.41696115928
3,1.2477064220183487,9575.667545361692,9574.522649804414
3,1.2498331943286072,9490.911083208332,9489.808382793137
3,1.2519599666388657,9409.296710073495,9408.23564803058
3,1.2540867389491241,9330.786259069668,9329.766284915953
3,1.2562135112593829,9255.341912274382,9254.362481745045
3,1.2583402835696413,9182.926198146954,9181.986773127679
3,1.2604670558798998,9113.501988959966,9112.602037419945
3,1.2625938281901585,9047.032498245684,9046.171494171294
3,1.264720600500417,8983.48127825712,8982.658701586362
3,1.2668473728106755,8922.81221744379,8922.027554001397
3,1.268974145120934,8864.989537942085,8864.242279375338
3,1.2711009174311927,8809.97779308019,8809.267436795426
3,1.2732276897414512,8757.7418648975,8757.067913997285
3,1.2753544620517097,8708.2469616784,8707.608924899416
3,1.2774812343619684,8661.458615500489,8660.85600715204
3,1.2796080066722268,8617.342679797048,8616.775019700266
3,1.2817347789824853,8575.865326933763,8575.33214036145
3,1.2838615512927438,8536.993045799636,8536.493863416761
3,1.2859883236030025,8500.692639412015,8500.22699721684
3,1.288115095913261,8466.931222535692,8466.49866180155
3,1.2902418682235195,8435.676219315985,8435.276286533677
3,1.2923686405337782,8406.89536092579,8406.527607746597
3,1.2944954128440367,8380.556683226529,8380.220666405843
3,1.2966221851542952,8356.628524442885,8356.32380578446
3,1.2987489574645537,8335.079522851362,8334.805669152145
3,1.3008757297748124,8315.878614482537,8315.635197478116
3,1.3030025020850708,8298.995030836986,8298.781627147608
3,1.3051292743953293,8284.3982966148,8284.214487691985
3,1.307256046705588,8272.058227458656,8271.903599532388
3,1.3093828190158465,8261.944927710407,8261.819071736893
3,1.311509591326105,8254.028788181075,8253.931299791055
3,1.3136363636363635,8248.280483934248,8248.210963381895
3,1.3157631359466222,8244.670972082806,8244.629024195152
3,1.3178899082568807,8243.171489598928,8243.156723725846
3,1.3200166805671394,8243.753739102824,8243.765778554429
3,1.3221434528773979,8246.391121015698,8246.429612628901
3,1.3242702251876564,8251.057823860523,8251.122417309869
3,1.3263969974979148,8257.728115604768,8257.81846287204
3,1.3285237698081733,8266.376355918888,8266.492111453823
3,1.330650542118432,8276.97701139392,8277.117832261549
3,1.3327773144286905,8289.504669575714,8289.670215591022
3,1.3349040867389492,8303.934051874226,8304.123985724826
3,1.3370308590492077,8320.240025404399,8320.454012761917
3,1.3391576313594662,8338.397613813468,8338.635323434259
3,1.3412844036697247,8358.382007147602,8358.643110963445
3,1.3434111759799832,8380.168570809064,8380.452744008413
3,1.3455379482902419,8403.732853653255,8404.039774753637
3,1.3476647206005004,8429.050595273215,8429.379946185334
3,1.349791492910759,8456.097732517495,8456.44919860156
3,1.3519182652210175,8484.850405285433,8485.223675400215
3,1.354045037531276,8515.28496164234,8515.679728187453
3,1.3561718098415345,8547.377962295272,8547.793921247136
3,1.358298582151793,8581.106184468566,8581.543035410481
3,1.3604253544620517,8616.44662521658,8616.904071363344
3,1.3625521267723102,8653.376504209591,8653.854252427043
3,1.364678899082569,8691.873266027269,8692.371026847155
3,1.3668056713928274,8731.91458199253,8732.432069623017
3,1.3689324437030859,8773.478351577303,8774.015283909495
3,1.3710592160133444,8816.542703410085,8817.098802020868
3,1.3731859883236028,8861.085995913993,8861.660986065475
3,1.3753127606338615,8907.08681760251,8907.680428238364
3,1.37743953294412,8954.523987058874,8955.135950797834
3,1.3795663052543787,9003.376552623864,9004.00660575062
3,1.3816930775646372,9053.623791815287,9054.271674269005
3,1.3838198498748957,9105.245210501598,9105.910665862284
3,1.3859466221851542,9158.220541850593,9158.903317323497
3,1.3880733944954127,9212.529745073274,9213.229591471514
3,1.3902001668056714,9268.153003981759,9268.869675707334
3,1.3923269391159299,9325.070725379092,9325.803980402441
3,1.3944537114261886,9383.263537297917,9384.01313713617
3,1.396580483736447,9442.712287103775,9443.477996797817
3,1.3987072560467055,9503.398039478205,9504.17962756869
3,1.400834028356964,9565.302074295563,9566.099312797965
3,1.4029608006672225,9628.405884406926,9629.21854878572
3,1.4050875729774812,9692.69117334342,9693.519042485532
3,1.4072143452877397,9758.139852950648,9758.982709138156
3,1.4093411175979984,9824.734040965084,9825.591669847352
3,1.411467889908257,9892.456058542535,9893.328249107744
3,1.4135946622185154,9961.288427748226,9962.174972294406
3,1.4157214345287739,10031.213869017185,10032.114563122786
3,1.4178482068390323,10102.215298593183,10103.129941087198
3,1.419974979149291,10174.27582595375,10175.20421888547
3,1.4221017514595498,10247.378751228234,10248.320699836599
3,1.4242285237698082,10321.507562615392,10322.462875298002
3,1.4263552960800667,10396.6459338064,10397.614422088198
3,1.4284820683903252,10472.777721418646,10473.759199920249
3,1.4306088407005837,10549.886962445351,10550.88124885108
3,1.4327356130108422,10627.957871725439,10628.964786751007
3,1.4348623853211009,10706.974839437773,10707.994206797663
3,1.4369891576313596,10786.922428623384,10787.954074997893
3,1.439115929941618,10867.78537273905,10868.829127740988
3,1.4412427022518766,10949.54857324513,10950.604269386178
3,1.443369474562135,11032.197097230186,11033.264569886891
3,1.4454962468723935,11115.716175074767,11116.795262454149
3,1.447623019182652,11200.091198156277,11201.181741261056
3,1.4497497914929107,11285.307716596602,11286.409559190008
3,1.4518765638031694,11371.351437053954,11372.464425624099
3,1.454003336113428,11458.2082205601,11459.33220428391
3,1.4561301084236864,11545.86408040394,11546.998911110608
3,1.4582568807339449,11634.30518006209,11635.45071219603
3,1.4603836530442034,11723.517831177063,11724.673921760372
3,1.4625104253544619,11813.48849158337,11814.655000177729
3,1.4646371976647206,11904.203763381698,11905.38055204973
3,1.4667639699749793,11995.65039106111,11996.837324327173
3,1.4688907422852377,12087.815259669227,12089.01220447958
3,1.4710175145954962,12180.685393030019,12181.892218712412
3,1.4731442869057547,12274.247952008796,12275.464530231386
3,1.4752710592160132,12368.49023282389,12369.716437553543
3,1.477397831526272,12463.399665404384,12464.63537286429
3,1.4795246038365304,12558.963811793152,12560.208900419748
3,1.481651376146789,12655.170364594429,12656.42471499366
3,1.4837781484570476,12752.007145464893,12753.270640367742
3,1.485904920767306,12849.462103647511,12850.734627864807
3,1.4880316930775646,12947.523314546868,12948.804754923374
3,1.490158465387823,13046.178978345095,13047.469223712877
3,1.4922852376980817,13145.41741865718,13146.716359788195
3,1.4944120100083402,13245.227081224451,13246.534610782455
3,1.496538782318599,13345.59653264525,13346.912545136878
3,1.4986655546288574,13446.514459141192,13447.838850866357
3,1.500792326939116,13547.969665358163,13549.302334359694
3,1.5029190992493744,13649.95107320051,13651.291919213008
3,1.5050458715596329,13752.447720697237,13753.796645095259
3,1.5071726438698916,13855.448760898955,13856.805666644412
3,1.50929941618015,13958.943460804207,13960.308252393075
3,1.5114261884904088,14062.921200314053,14064.293783722354
3,1.5135529608006673,14167.37147121333,14168.75175384242
3,1.5156797331109257,14272.283876177684,14273.671766798861
3,1.5178065054211842,14377.648127804798,14379.043536503246
3,1.5199332777314427,14483.454047668733,14484.856885786803
3,1.5220600500417014,14589.691565396122,14591.101745475993
3,1.52418682235196,14696.350717762933,14697.768153488669
3,1.5263135946622186,14803.4216478108,14804.846253949792
3,1.528440366972477,14910.89460398144,14912.326296325336
3,1.5305671392827356,15018.759939268388,15020.19863457344
3,1.532693911592994,15127.008110384626,15128.453726311565
3,1.5348206839032525,15235.629676945202,15237.082131998617
3,1.5369474562135113,15344.615300663732,15346.074514131007
3,1.5390742285237697,15453.955744561717,15455.421636451538
3,1.5412010008340284,15563.641872189843,15565.11436317036
3,1.543327773144287,15673.664646860056,15675.143658196645
3,1.5454545454545454,15784.015130887761,15785.500584380537
3,1.547581317764804,15894.684484843068,15896.176302764057
3,1.5497080900750624,16005.663966810302,16007.162071840414
3,1.551834862385321,16116.944931654976,16118.449246820783
3,1.5539616346955796,16228.518830297382,16230.029278907708
3,1.5560884070058383,16340.377208992213,16341.893714574631
3,1.5582151793160968,16452.511708613223,16454.03419485046
3,1.5603419516263553,16564.91406394261,16566.442454608925
3,1.5624687239366137,16677.576102964173,16679.110321861725
3,1.5645954962468722,16790.48974615979,16792.029717055084
3,1.566722268557131,16903.6470058087,16905.192652369093
3,1.5688490408673894,17017.039985288873,17018.591231019236
3,1.5709758131776481,17130.66087838021,17132.217646559788
3,1.5731025854879066,17244.501968568853,17246.064182188296
3,1.575229357798165,17358.555628352442,17360.123210051162
3,1.5773561301084236,17472.81431854565,17474.387190549474
3,1.579482902418682,17587.27058758588,17588.84867164504
3,1.5816096747289408,17701.917070838586,17703.500288166157
3,1.5837364470391992,17816.74648990202,17818.334761112783
3,1.585863219349458,17931.751651911196,17933.344896960985
3,1.5879899916597164,18046.925448840604,18048.523586966217
3,1.590116763969975,18162.26085680571,18163.863806465386
3,1.5922435362802334,18277.750935362885,18279.35861417741
3,1.594370308590492,18393.388826807648,18395.001151502154
3,1.5964970809007506,18509.167755471135,18510.784641817583
3,1.5986238532110093,18625.081027014545,18626.702389774975
3,1.6007506255212678,18741.122027721678,18742.747780592275
3,1.6028773978315263,18857.28422378933,18858.91427934532
3,1.6050041701417848,18973.56116061557,18975.195430256976
3,1.6071309424520432,19089.946462085816,19091.58485598419
3,1.6092577147623017,19206.433829856847,19208.076256902903
3,1.6113844870725604,19323.017042638618,19324.663410390924
3,1.6135112593828191,19439.68995547395,19441.34017010862
3,1.6156380316930776,19556.446499016245,19558.100465277697
3,1.617764804003336,19673.280678805204,19674.938299958107
3,1.6198915763135946,19790.186574540567,19791.847752322843
3,1.622018348623853,19907.158339354173,19908.822973931252
3,1.6241451209341116,20024.190199080294,20025.858189000548
3,1.6262718932443703,20141.276451524398,20142.94769367583
3,1.628398665554629,20258.411465730493,20260.085855298734
3,1.6305254378648875,20375.58968124728,20377.26711167488
3,1.632652210175146,20492.805607393173,20494.48597034021
3,1.6347789824854044,20610.05382252035,20611.73700782645
3,1.636905754795663,20727.328973278094,20729.014868925835
3,1.6390325271059214,20844.6257738756,20846.314265955327
3,1.64115929941618,20961.9390053444,20963.6299780205
3,1.6432860717264388,21079.263514800576,21080.956850279217
3,1.6454128440366973,21196.594214707147,21198.289793205506
3,1.6475396163469558,21313.926082136633,21315.62378185369
3,1.6496663886572143,21431.254158034164,21432.953855122923
3,1.6517931609674728,21548.57354648121,21550.275115022625
3,1.6539199332777315,21665.879413960407,21667.582725938722
3,1.65604670558799,21783.16698862136,21784.871913901155
3,1.6581734778982486,21900.431559548073,21902.13796585286
3,1.6603002502085071,22017.66847602778,22019.37622892022
3,1.6624270225187656,22134.87314682189,22136.58210968564
3,1.664553794829024,22252.041039438845,22253.75107346209
3,1.6666805671392826,22369.167679409467,22370.878643570002
3,1.6688073394495413,22486.248649564783,22487.960400616874
3,1.6709341117597998,22603.279589316746,22604.991981779545
3,1.6730608840700585,22720.256193942023,22721.96908008975
3,1.675187656380317,22837.174213868944,22838.8874437227
3,1.6773144286905755,22954.02945396818,22955.742875289427
3,1.679441201000834,23070.81777284698,23072.531231132743
3,1.6815679733110924,23187.535082147464,23189.24842062719
3,1.6836947456213511,23304.177345849133,23305.890405483246
3,1.6858215179316096,23420.740579575708,23422.453199055857
3,1.6879482902418683,23537.22084990674,23538.9328656577
3,1.6900750625521268,23653.614273693885,23655.32551987715
3,1.6922018348623853,23769.917017382424,23771.62732590147
3,1.6943286071726438,23886.125296337843,23887.834496845102
3,1.6964553794829023,24002.235374178024,24003.943294083416
3,1.698582151793161,24118.243562110976,24119.950026592174
3,1.7007089241034195,24234.146218278387,24235.85105029273
3,1.7028356964136782,24349.939747105345,24351.64276740331
3,1.7049624687239366,24465.620598655983,24467.321625796365
3,1.7070892410341951,24581.185267995777,24582.884118362366
3,1.7092160133444536,24696.630294560113,24698.326782380114
3,1.711342785654712,24811.952261529717,24813.646198893563
3,1.7134695579649708,24927.147795212808,24928.83899209574
3,1.7155963302752293,25042.21356443428,25043.901828719296
3,1.717723102585488,25157.146279932054,25158.8314174345
3,1.7198498748957465,25271.942693760535,25273.62450825415
3,1.721976647206005,25386.59959870169,25388.27789194614
3,1.7241034195162634,25501.113827683363,25502.788399453333
3,1.726230191826522,25615.482253205446,25617.15290132103
3,1.7283569641367806,25729.70178677361,25731.36830713229
3,1.7304837364470391,25843.76937834093,25845.431564950813
3,1.7326105087572978,25957.682015757495,25959.33966077208
3,1.7347372810675563,26071.436724227886,26073.08961798202
3,1.7368640533778148,26185.0305657769,26186.678496824235
3,1.7389908256880733,26298.460638723325,26300.103393874968
3,1.7411175979983318,26411.724077162053,26413.36144152654
3,1.7432443703085905,26524.818050454393,26526.44980747887
3,1.745371142618849,26637.739762726782,26639.365694239525
3,1.7474979149291077,26750.48645237796,26752.10633863198
3,1.7496246872393661,26863.055391594495,26864.669011312326
3,1.7517514595496246,26975.443885874873,26977.05101629455
3,1.7538782318598831,27087.649273562034,27089.249690484146
3,1.7560050041701416,27199.668925384514,27201.262403220346
3,1.7581317764804003,27311.50024400609,27313.086555826798
3,1.7602585487906588,27423.140663583996,27424.71958117085
3,1.7623853211009175,27534.587649335845,27536.158943231356
3,1.764512093411176,27645.838697114883,27647.402136674988
3,1.7666388657214345,27756.891332994073,27758.446686441188
3,1.768765638031693,27867.743112858556,27869.29014733553
3,1.7708924103419514,27978.391622006766,27979.93010363169
3,1.7730191826522101,28088.834474760068,28090.36416868188
3,1.7751459549624686,28199.069314080734,28200.589984535676
3,1.7772727272727273,28309.093811198716,28310.605221567457
3,1.7793994995829858,28418.905665246482,28420.407578112026
3,1.7815262718932443,28528.502602902518,28529.9947801088
3,1.7836530442035028,28637.88237804303,28639.364580754103
3,1.7857798165137613,28747.04277140201,28748.51476016191
3,1.78790658882402,28855.981590239502,28857.443125032674
3,1.7900333611342787,28964.69666801806,28966.147508330316
3,1.7921601334445372,29073.185864087318,29074.62576896733
3,1.7942869057547957,29181.447063376672,29182.87579149792
3,1.7964136780650541,29289.47817609583,29290.895485819034
3,1.7985404503753126,29397.27713744335,29398.68278687924
3,1.8006672226855711,29504.84190732295,29506.23565439548
3,1.8027939949958298,29612.170470067624,29613.552072577506
3,1.8049207673060885,29719.26083417132,29720.6300498598
3,1.807047539616347,29826.111032028268,29827.46761864126
3,1.8091743119266055,29932.71911967974,29934.062835032164
3,1.811301084236864,30039.08317656824,30040.41377860849
3,1.8134278565471225,30145.201305298837,30146.51855217354
3,1.815554628857381,30251.071631407864,30252.375281526678
3,1.8176814011676397,30356.692303138563,30357.982115239087
3,1.8198081734778984,30462.06149122371,30463.33722443651
3,1.8219349457881568,30567.177388675158,30568.43880258874
3,1.8240617180984153,30672.03821058014,30673.285065305987
3,1.8261884904086738,30776.64219390409,30777.87425014162
3,1.8283152627189323,30880.98759730009,30882.204616401643
3,1.830442035029191,30985.07270092477,30986.274444960312
3,1.8325688073394495,31088.895806260294,31090.082038082175
3,1.8346955796497082,31192.455235942823,31193.625719250238
3,1.8368223519599667,31295.749333596646,31296.903833000026
3,1.8389491242702252,31398.77646367462,31399.91474475964
3,1.8410758965804837,31501.535011304157,31502.65684069563
3,1.8432026688907421,31604.02338213893,31605.128527564368
3,1.8453294412010008,31706.24000221625,31707.328232569038
3,1.8474562135112593,31808.183317819665,31809.254403222025
3,1.849582985821518,31909.851795347102,31910.905507212534
3,1.8517097581317765,32011.243921183923,32012.280032279377
3,1.853836530442035,32112.35820158122,32113.37648608876
3,1.8559633027522935,32213.193162538937,32214.193396116934
3,1.858090075062552,32313.747349693767,32314.729309537674
3,1.8602168473728105,32414.019328211674,32414.982793114228
3,1.8623436196830694,32514.007682685093,32514.95243309602
3,1.8644703919933279,32613.711017034242,32614.63683511936
3,1.8665971643035864,32713.127954412997,32714.034624112755
3,1.8687239366138448,32812.25713711872,32813.14444420615
3,1.8708507089241033,32911.097226506114,32911.96495864408
3,1.8729774812343618,33009.646902904984,33010.49484970283
3,1.8751042535446203,33107.90486554173,33108.73281861123
3,1.8772310258548792,33205.869832464465,33206.67758547504
3,1.8793577981651377,33303.54054047155,33304.32788920479
3,1.8814845704753962,33400.915745043676,33401.68248744711
3,1.8836113427856547,33497.99422027895,33498.740156519045
3,1.8857381150959132,33594.77475883127,33595.49969134563
3,1.8878648874061716,33691.25617185155,33691.95990540033
3,1.8899916597164301,33787.43728893195,33788.119630648405
3,1.892118432026689,33883.31695805271,33883.977717492984
3,1.8942452043369475,33978.89404553166,33979.5330347236
3,1.896371976647206,34074.167435976284,34074.78446946745
3,1.8984987489574645,34169.13603223804,34169.73092714283
3,1.900625521267723,34263.79875536905,34264.37133141482
3,1.9027522935779815,34358.15454458082,34358.70462415322
3,1.90487906588824,34452.20235720516,34452.729765392425
3,1.907005838198499,34545.94116865679,34546.4457332931
3,1.9091326105087574,34639.36997239792,34639.85152410579
3,1.9112593828190159,34732.48777990446,34732.9461521362
3,1.9133861551292743,34825.29362063384,34825.728649711964
3,1.9155129274395328,34917.78654199422,34918.19806715085
3,1.9176396997497913,35009.96560931512,35010.35347273046
3,1.9197664720600498,35101.82990581936,35102.19395265899
3,1.9218932443703087,35193.37853259606,35193.7186110474
3,1.9240200166805672,35284.61060857471,35284.92656988224
3,1.9261467889908257,35375.525270500286,35375.81696899987
3,1.9282735613010842,35466.12167290914,35466.38896606118
3,1.9304003336113427,35556.39898810565,35556.64173652729
3,1.9325271059216012,35646.35640613956,35646.57447363568
3,1.9346538782318596,35735.99313478392,35736.186388377166
3,1.9367806505421186,35825.30839951347,35825.47670947314
3,1.938907422852377,35914.3014434834,35914.444683353264
3,1.9410341951626355,36002.97152750849,36003.08957413351
3,1.943160967472894,36091.317930042416,36091.4106635944
3,1.9452877397831525,36179.33994715725,36179.40725115932
3,1.947414512093411,36267.03689252293,36267.078653872995
3,1.9495412844036695,36354.4080973868,36354.424206379845
3,1.9516680567139284,36441.45291055301,36441.443260902364
3,1.9537948290241869,36528.170698361726,36528.13518721912
3,1.9559216013344454,36614.560844668216,36614.499372642786
3,1.9580483736447039,36700.622750821436,36700.53522199767
3,1.9601751459549623,36786.35583564238,36786.24215759683
3,1.9623019182652208,36871.75953540189,36871.61961921896
3,1.9644286905754793,36956.83330379803,36956.66706408447
3,1.9665554628857382,37041.57661193282,37041.38396683126
3,1.9686822351959967,37125.98894828827,37125.76981948961
3,1.9708090075062552,37210.06981870198,37209.824131456626
3,1.9729357798165137,37293.81874634161,37293.54642946974
3,1.9750625521267722,37377.23527167883,37376.936257579495
3,1.9771893244370307,37460.31895246226,37459.9931771214
3,1.9793160967472891,37543.06936368957,37542.716766686994
3,1.981442869057548,37625.486097578585,37625.10662209383
3,1.9835696413678066,37707.56876353733,37707.16235635449
3,1.985696413678065,37789.31698813312,37788.88359964463
3,1.9878231859883235,37870.73041506048,37870.26999926981
3,1.989949958298582,37951.80870510798,37951.32121963128
3,1.9920767306088405,38032.55153612375,38032.03694219054
3,1.9942035029190994,38112.95860298001,38112.41686543272
3,1.996330275229358,38193.029617536115,38192.460704828656
3,1.9984570475396164,38272.764308600454,38272.16819279583
3,2.000583819849875,38352.162421890986,38351.53907865785
3,2.0027105921601334,38431.223719994436,38430.57312860262
3,2.004837364470392,38509.94798232407,38509.270125639225
3,2.0069641367806503,38588.33500507612,38587.629869553304
3,2.0090909090909093,38666.384601184815,38665.65217686111
3,2.0112176814011677,38744.09660027573,38743.33688076199
3,2.0133444537114262,38821.47084861802,38820.68383108962
3,2.0154712260216847,38898.50720907488,38897.692894261505
3,2.017597998331943,38975.20556105258,38974.36395322715
3,2.0197247706422017,39051.565800447956,39050.69690741467
3,2.02185154295246,39127.587839594424,39126.69167267579
3,2.023978315262719,39203.27160720634,39202.348181229456
3,2.0261050875729776,39278.6170483218,39277.66638160368
3,2.028231859883236,39353.62412424393,39352.64623857604
3,2.0303586321934946,39428.2928124806,39427.28773311245
3,2.032485404503753,39502.623106682324,39501.590862304365
3,2.0346121768140115,39576.615016578886,39575.55563930448
3,2.03673894912427,39650.268567914085,39649.18209326069
3,2.038865721434529,39723.583802379,39722.47026924866
3,2.0409924937447874,39796.56077754361,39795.42022820251
3,2.043119266055046,39869.19956678681,39868.032046844215
3,2.0452460383653044,39941.50025922483,39940.3058176112
3,2.047372810675563,40013.46295963797,40012.24164858237
3,2.0494995829858214,40085.08778839579,40083.83966340259
3,2.05162635529608,40156.37488138074,40155.10000120555
3,2.0537531276063388,40227.32438991006,40226.02281653509
3,2.0558798999165973,40297.93648065622,40296.60827926483
3,2.0580066722268557,40368.21133556564,40366.85657451641
3,2.0601334445371142,40438.149151776066,40436.767902576
3,2.0622602168473727,40507.7501415321,40506.34247880942
3,2.064386989157631,40577.01453209935,40575.58053357552
3,2.0665137614678897,40645.94256567705,40644.48231213829
3,2.0686405337781486,40714.53449930902,40713.04807457723
3,2.070767306088407,40782.79060479325,40781.27809569631
3,2.0728940783986656,40850.71116858996,40849.172664931524
3,2.075020850708924,40918.29649172803,40916.73208625686
3,2.0771476230191825,40985.54688971024,40983.95667808885
3,2.079274395329441,41052.4626924168,41050.84677318973
3,2.0814011676396995,41119.04424400754,41117.402718569145
3,2.0835279399499584,41185.29190282282,41183.624875384456
3,2.085654712260217,41251.2060412828,41249.51361883971
3,2.0877814845704754,41316.7870457855,41315.069338083194
3,2.089908256880734,41382.03531660361,41380.29243610376
3,2.0920350291909924,41446.951267779645,41445.18332962568
3,2.094161801501251,41511.53532702013,41509.742449002406
3,2.0962885738115093,41575.787935588334,41573.97023810882
3,2.0984153461217683,41639.709548195795,41637.86715423254
3,2.1005421184320268,41703.3006328925,41701.43366796369
3,2.1026688907422852,41766.5616709561,41764.67026308377
3,2.1047956630525437,41829.49315677973,41827.577436453124
3,2.106922435362802,41892.09559775867,41890.15569789743
3,2.1090492076730607,41954.369514176055,41952.40557009296
3,2.111175979983319,42016.31543908724,42014.32758845082
3,2.113302752293578,42077.93391820337,42075.922301000086
3,2.1154295246038366,42139.22550977353,42137.19026826991
3,2.117556296914095,42200.19078446628,42198.132063170684
3,2.1196830692243536,42260.83032524989,42258.74827087414
3,2.121809841534612,42321.144727271734,42319.03948869245
3,2.1239366138448705,42381.134597736745,42379.00632595661
3,2.126063386155129,42440.80055578497,42438.64940389371
3,2.128190158465388,42500.14323236812,42497.969355503454
3,2.1303169307756464,42559.16327012544,42556.9668254338
3,2.132443703085905,42617.86132325874,42615.64246985581
3,2.1345704753961634,42676.238057406445,42673.99695633777
3,2.136697247706422,42734.2941495172,42732.030963718425
3,2.1388240200166804,42792.030287722344,42789.74518197964
3,2.140950792326939,42849.447171208085,42847.14031211833
3,2.143077564637198,42906.545510086784,42904.21706601768
3,2.1452043369474563,42963.32602526755,42960.97616631775
3,2.1473311092577148,43019.78944832641,43017.4183462856
3,2.1494578815679732,43075.93652137573,43073.544349684686
3,2.1515846538782317,43131.76799693318,43129.35493064376
3,2.15371142618849,43187.28463779019,43184.85085352537
3,2.1558381984987487,43242.4872168798,43240.03289279374
3,2.1579649708090076,43297.376517144236,43294.901832882286
3,2.160091743119266,43351.95333140179,43349.45846806065
3,2.1622185154295246,43406.218462213656,43403.70360230145
3,2.164345287739783,43460.17272175006,43457.6380491466
3,2.1664720600500416,43513.81693165624,43511.26263157323
3,2.1685988323603,43567.151922918085,43564.578181859506
3,2.170725604670559,43620.17853572749,43617.58554145001
3,2.1728523769808175,43672.897619347335,43670.28556082087
3,2.174979149291076,43725.310031976536,43722.67909934486
3,2.1771059216013344,43777.41664061458,43774.76702515612
3,2.179232693911593,43829.21832092613,43826.55021501486
3,2.1813594662218514,43880.71595710539,43878.029554171815
3,2.18348623853211,43931.910441740314,43929.205936232705
3,2.185613010842369,43982.802675676925,43980.08026302267
3,2.1877397831526273,44033.39356788332,44030.65344445042
3,2.1898665554628858,44083.684035314,44080.92639837269
3,2.1919933277731443,44133.67500277379,44130.90005045855
3,2.1941201000834027,44183.36740278217,44180.575334053676
3,2.1962468723936612,44232.76217543738,44229.95319004486
3,2.1983736447039197,44281.860268280914,44279.03456672454
3,2.2005004170141786,44330.66263616174,44327.82041965543
3,2.202627189324437,44379.170241101034,44376.31171153529
3,2.2047539616346956,44427.38405215682,44424.50941206194
3,2.206880733944954,44475.30504528897,44472.41449779847
3,2.2090075062552126,44522.93420322436,44520.02795203853
3,2.211134278565471,44570.27251532214,44567.3507646721
3,2.2132610508757296,44617.32097743954,44614.38393205126
3,2.2153878231859885,44664.08059179773,44661.12845685657
3,2.217514595496247,44710.55236684809,44707.585347963446
3,2.2196413678065054,44756.73731713883,44753.75562030921
3,2.221768140116764,44802.636463181945,44799.64029476018
3,2.2238949124270224,44848.25083132055,44845.24039797941
3,2.226021684737281,44893.581453596664,44890.55696229468
3,2.2281484570475394,44938.629367619316,44935.59102556703
3,2.2302752293577983,44983.39561643328,44980.343631059695
3,2.232402001668057,45027.88124838805,45024.81582730744
3,2.2345287739783153,45072.087317007565,45069.00866798661
3,2.2366555462885738,45116.01488086027,45112.923211785426
3,2.2387823185988323,45159.665003429676,45156.560522275075
3,2.2409090909090907,45203.03875298568,45199.921667781164
3,2.2430358632193492,45246.13720245627,45243.00772125582
3,2.245162635529608,45288.96142929986,45285.81976015042
3,2.2472894078398666,45331.5125153783,45328.35886628888
3,2.249416180150125,45373.79154683047,45370.62612574167
3,2.2515429524603836,45415.799613946525,45412.622628700294
3,2.253669724770642,45457.53781104274,45454.34946935261
3,2.2557964970809006,45499.0072363372,45495.80774575881
3,2.257923269391159,45540.20899182597,45536.99855972798
3,2.260050041701418,45581.14418316023,45577.92301669556
3,2.2621768140116765,45621.81391952382,45618.58222560133
3,2.264303586321935,45662.21931351187,45658.97729876832
3,2.2664303586321934,45702.36148100997,45699.10935178239
3,2.268557130942452,45742.24154107414,45738.97950337259
3,2.2706839032527104,45781.860615811675,45778.58887529237
3,2.272810675562969,45821.21983026268,45817.93859220145
3,2.274937447873228,45860.320312282536,45857.02978154876
3,2.2770642201834863,45899.1631924251,45895.86357345589
3,2.279190992493745,45937.74960382674,45934.44110060163
3,2.2813177648040033,45976.0806820914,45972.7634981073
3,2.2834445371142618,46014.15756517621,46010.83190342288
3,2.2855713094245202,46051.981393278285,46048.64745621407
3,2.2876980817347787,46089.55330872226,46086.21129825024
3,2.2898248540450377,46126.87445584865,46123.52457329327
3,2.291951626355296,46163.94598090337,46160.58842698726
3,2.2940783986655546,46200.76903192783,46197.40400674925
3,2.296205170975813,46237.34475865032,46233.97246166079
3,2.2983319432860716,46273.67431237799,46270.29494236044
3,2.30045871559633,46309.75884589003,46306.37260093725
3,2.3025854879065886,46345.59951333169,46342.20659082521
3,2.3047122602168475,46381.197470109284,46377.798066698626
3,2.306839032527106,46416.5538727861,46413.14818436843
3,2.3089658048373645,46451.66987897942,46448.25810067959
3,2.311092577147623,46486.54664725842,46483.12897340933
3,2.3132193494578814,46521.18533704305,46517.761961166514
3,2.31534612176814,46555.58710850397,46552.15822329186
3,2.3174728940783984,46589.75312246353,46586.3189197593
3,2.3195996663886573,46623.684540297545,46620.24521107826
3,2.321726438698916,46657.38252383833,46653.93825819691
3,2.3238532110091743,46690.84823527862,46687.39922240661
3,2.325979983319433,46724.08283707655,46720.629265247146
3,2.3281067556296913,46757.08749186165,46753.629548413155
3,2.3302335279399498,46789.8633623418,46786.401233661534
3,2.3323603002502082,46822.41161121141,46818.94548271981
3,2.334487072560467,46854.73340106041,46851.263457195666
3,2.3366138448707257,46886.82989428441,46883.3563184874
3,2.338740617180984,46918.70225299592,46915.22522769551
3,2.3408673894912426,46950.35163893647,46946.87134553522
3,2.342994161801501,46981.77921338998,46978.29583225016
3,2.3451209341117596,47012.986137096974,47009.49984752699
3,2.3472477064220185,47043.97357017004,47040.48455041118
3,2.349374478732277,47074.74267201015,47071.2510992237
3,2.3515012510425355,47105.29460122413,47101.8006514789
3,2.353628023352794,47135.630515543264,47132.13436380335
3,2.3557547956630525,47165.751571742745,47162.253391855775
3,2.357881567973311,47195.65892556237,47192.15889024796
3,2.3600083402835694,47225.35373162813,47221.852012466865
3,2.3621351125938284,47254.83714337506,47251.333910797584
3,2.364261884904087,47284.110312970864,47280.60573624752
3,2.3663886572143453,47313.1743912408,47309.66863847153
3,2.368515429524604,47342.03052759361,47338.523765698126
3,2.3706422018348623,47370.67986994833,47367.17226465672
3,2.372768974145121,47399.123564662324,47395.61528050596
3,2.3748957464553793,47427.362756460265,47423.85395676295
3,2.377022518765638,47455.39858836419,47451.889435233774
3,2.3791492910758967,47483.2322016246,47479.72285594479
3,2.381276063386155,47510.86473565256,47507.35535707511
3,2.3834028356964136,47538.29732795287,47534.788074890115
3,2.385529608006672,47565.53111405825,47562.02214367588
3,2.3876563803169306,47592.56722746462,47589.058695674736
3,2.389783152627189,47619.40679956727,47615.89886102189
3,2.391909924937448,47646.0509595981,47642.54376768285
3,2.3940366972477065,47672.50083456401,47668.99454139212
3,2.396163469557965,47698.75754918615,47695.252305592796
3,2.3982902418682235,47724.822225840195,47721.31818137706
3,2.400417014178482,47750.69598449768,47747.1932874279
3,2.4025437864887405,47776.379942668354,47772.87873996168
3,2.404670558798999,47801.87521534345,47798.37565267168
3,2.406797331109258,47827.18291493997,47823.68513667274
3,2.4089241034195163,47852.30415124606,47848.80830044682
3,2.411050875729775,47877.24003136721,47873.7462497895
3,2.4131776480400333,47901.99165967351,47898.500087757595
3,2.415304420350292,47926.56013774792,47923.07091461752
3,2.4174311926605503,47950.94656433546,47947.459827794875
3,2.4195579649708088,47975.152035293286,47971.667921824745
3,2.4216847372810677,47999.17764354189,47995.696288303145
3,2.423811509591326,48023.02447901711,48019.54601583927
3,2.4259382819015847,48046.69362862315,48043.21819000877
3,2.428065054211843,48070.1861761865,48066.71389330794
3,2.4301918265221016,48093.50320241084,48090.03420510885
3,2.43231859883236,48116.645784832785,48113.180201615345
3,2.4344453711426186,48139.614997778684,48136.15295582
3,2.4365721434528775,48162.41191232216,48158.953537461995
3,2.438698915763136,48185.03759624272,48181.58301298589
3,2.4408256880733945,48207.49311398514,48204.042445501225
3,2.442952460383653,48229.77952661981,48226.332894743195
3,2.4450792326939115,48251.897891803965,48248.455417033925
3,2.44720600500417,48273.84926374379,48270.41106524489
3,2.4493327773144284,48295.63469315732,48292.20088876005
3,2.4514595496246874,48317.25522723836,48313.82593343994
3,2.453586321934946,48338.711909621125,48335.28724158641
3,2.4557130942452043,48360.00578034576,48356.58585190862
3,2.457839866555463,48381.13787582482,48377.72279948938
3,2.4599666388657213,48402.1092288104,48398.699115752715
3,2.46209341117598,48422.92086836221,48419.515828432064
3,2.4642201834862383,48443.57381981652,48440.17396153934
3,2.466346955796497,48464.06910475575,48460.674535334794
3,2.4684737281067557,48484.40774097903,48481.0185662977
3,2.470600500417014,48504.590742473476,48501.20706709786
3,2.4727272727272727,48524.61911938626,48521.2410465678
3,2.474854045037531,48544.49387799758,48541.12150967587
3,2.4769808173477896,48564.21602069415,48560.84945750006
3,2.479107589658048,48583.78654594379,48580.42588720254
3,2.481234361968307,48603.20644827047,48599.851792005036
3,2.4833611342785655,48622.47671823035,48619.12816116493
3,2.485487906588824,48641.59834238839,48638.25597995207
3,2.4876146788990825,48660.57230329582,48657.236229626345
3,2.489741451209341,48679.39957946823,48676.06988741601
3,2.4918682235195995,48698.08114536453,48694.75792649665
3,2.493994995829858,48716.617971366475,48713.30131597097
3,2.496121768140117,48735.01102375897,48731.70102084922
3,2.4982485404503754,48753.261264711095,48749.95800203027
3,2.500375312760634,48771.36965225777,48768.07321628347
3,2.5025020850708923,48789.33714028211,48786.04761623117
3,2.504628857381151,48807.16467849849,48803.88215033185
3,2.5067556296914093,48824.8532124363,48821.57776286398
3,2.508882402001668,48842.403683424214,48839.135393910496
3,2.5110091743119267,48859.817028575344,48856.555979343975
3,2.513135946622185,48877.09418077282,48873.840450812386
3,2.5152627189324437,48894.236068656115,48890.98973572552
3,2.517389491242702,48911.243616608015,48908.00475724202
3,2.5195162635529607,48928.117744742136,48924.88643425712
3,2.521643035863219,48944.85936889115,48941.6356813908
3,2.5237698081734776,48961.46940059548,48958.25340897673
3,2.5258965804837366,48977.94874709273,48974.74052305173
3,2.528023352793995,48994.29831130765,48991.097925345835
3,2.5301501251042535,49010.51899184265,49007.32651327292
3,2.532276897414512,49026.61168296894,49023.427179921906
3,2.5344036697247705,49042.57727461822,49039.40081404852
3,2.536530442035029,49058.4166523749,49055.24830006767
3,2.538657214345288,49074.13069746895,49070.97051804627
3,2.5407839866555464,49089.72028676917,49086.56834369669
3,2.542910758965805,49105.1862927771,49102.0426483707
3,2.5450375312760634,49120.529583621465,49117.39429905396
3,2.547164303586322,49135.75102305302,49132.624158360944
3,2.5492910758965803,49150.851470440044,49147.7330845306
3,2.551417848206839,49165.8317807643,49162.7219314222
3,2.5535446205170977,49180.69280461744,49177.59154851197
3,2.5556713928273562,49195.43538819793,49192.34278088999
3,2.5577981651376147,49210.060373308545,49206.97646925775
3,2.559924937447873,49224.5685973542,49221.493449926085
3,2.5620517097581317,49238.96089334032,49235.894554813545
3,2.56417848206839,49253.238089871695,49250.180611445365
3,2.5663052543786486,49267.40101115177,49264.35244295273
3,2.5684320266889076,49281.45047698234,49278.41086807256
3,2.570558798999166,49295.38730276376,49292.35670114778
3,2.5726855713094245,49309.21229949553,49306.190752127906
3,2.574812343619683,49322.92627377734,49319.91382657016
3,2.5769391159299415,49336.5300278105,49333.52672564098
3,2.5790658882402,49350.02435939983,49347.03024611784
3,2.5811926605504585,49363.41006195599,49360.42518039168
3,2.5833194328607174,49376.68792449801,49373.7123164695
3,2.585446205170976,49389.85873165645,49386.89243797751
3,2.5875729774812344,49402.92326367687,49399.96632416463
3,2.589699749791493,49415.88229642362,49412.934749906315
3,2.5918265221017514,49428.73660138402,49425.79848570874
3,2.59395329441201,49441.48694567298,49438.55829771353
3,2.5960800667222683,49454.134092037915,49451.21494770254
3,2.5982068390325272,49466.67879886397,49463.76919310327
3,2.6003336113427857,49479.12182017972,49476.2217869945
3,2.602460383653044,49491.46390566313,49488.57347811221
3,2.6045871559633027,49503.70580064779,49500.82501085597
3,2.606713928273561,49515.84824612964,49512.977125295554
3,2.6088407005838197,49527.89197877383,49525.030557177895
3,2.610967472894078,49539.83773092205,49536.986037934366
3,2.613094245204337,49551.686230600084,49548.84429468837
3,2.6152210175145956,49563.438201525685,49560.606050263246
3,2.617347789824854,49575.09436311673,49572.272023190395
3,2.6194745621351125,49586.65543049977,49583.842927717815
3,2.621601334445371,49598.12211451866,49595.319473818796
3,2.6237281067556295,49609.495121743676,49606.70236720104
3,2.625854879065888,49620.77515448084,49617.99230931589
3,2.627981651376147,49631.962910781425,49629.1899973679
3,2.6301084236864054,49643.05908445183,49640.29612432475
3,2.632235195996664,49654.06436506368,49651.31137892726
3,2.6343619683069224,49664.97943796414,49662.23644569978
3,2.636488740617181,49675.804984286544,49673.07200496074
3,2.6386155129274393,49686.541680961265,49683.81873283349
3,2.640742285237698,49697.19020072665,49694.47730125739
3,2.6428690575479568,49707.75121214047,49705.04837799904
3,2.6449958298582152,49718.22537959137,49715.532626663844
3,2.6471226021684737,49728.61336331059,49725.930706707724
3,2.649249374478732,49738.91581938397,49736.24327344906
3,2.6513761467889907,49749.133399764134,49746.47097808084
3,2.653502919099249,49759.26675228278,49756.614467683044
3,2.6556296914095077,49769.31652066333,49766.67438523516
3,2.6577564637197666,49779.2833445337,49776.65136962897
3,2.659883236030025,49789.16785943917,49786.54605568146
3,2.6620100083402836,49798.97069685563,49796.35907414795
3,2.664136780650542,49808.692484202824,49806.09105173542
3,2.6662635529608005,49818.3338448579,49815.74261111595
3,2.668390325271059,49827.89539816906,49825.314370940396
3,2.6705170975813175,49837.37775946935,49834.806945852164
3,2.6726438698915764,49846.781540090786,49844.220946501235
3,2.674770642201835,49856.10734737833,49853.55697955826
3,2.6768974145120934,49865.355784704385,49862.81564772885
3,2.679024186822352,49874.527451483096,49871.99754976801
3,2.6811509591326104,49883.62294318504,49881.10328049473
3,2.683277731442869,49892.64285135195,49890.13343080665
3,2.6854045037531273,49901.58776361159,49899.08858769497
3,2.6875312760633863,49910.458263692766,49907.9693342594
3,2.6896580483736447,49919.25493144046,49916.77624972326
3,2.6917848206839032,49927.97834283112,49925.50990944877
3,2.6939115929941617,49936.629069988034,49934.170884952284
3,2.69603836530442,49945.207681196756,49942.759743919916
3,2.6981651376146787,49953.71474092087,49951.277050223
3,2.700291909924937,49962.150809817555,49959.723363933794
3,2.702418682235196,49970.516444753535,49968.09924134133
3,2.7045454545454546,49978.81219882092,49976.40523496726
3,2.706672226855713,49987.03862135326,49984.64189358185
3,2.7087989991659716,49995.1962579417,49992.80976222007
3,2.71092577147623,50003.28565045117,50000.90938219779
3,2.7130525437864885,50011.307337036604,50008.94129112799
3,2.7151793160967475,50019.261852159456,50016.90602293715
3,2.717306088407006,50027.14972660408,50024.80410788165
3,2.7194328607172644,50034.97148749426,50032.6360725643
3,2.721559633027523,50042.72765830984,50040.40243995085
3,2.7236864053377814,50050.41875890347,50048.103729386705
3,2.72581317764804,50058.04530551724,50055.74045661359
3,2.7279399499582984,50065.607810799556,50063.313133786345
3,2.7300667222685573,50073.10678382206,50070.822269489756
3,2.7321934945788158,50080.54273009644,50078.26836875543
3,2.7343202668890743,50087.91615159155,50085.65193307878
3,2.7364470391993327,50095.22754675038,50092.97346043598
3,2.7385738115095912,50102.47741050713,50100.233445301055
3,2.7407005838198497,50109.666234304415,50107.432378662954
3,2.742827356130108,50116.79450611041,50114.57074804267
3,2.744954128440367,50123.86271043602,50121.649037510455
3,2.7470809007506256,50130.87132835221,50128.66772770304
3,2.749207673060884,50137.820837507286,50135.62729584082
3,2.7513344453711426,50144.71171214421,50142.52821574523
3,2.753461217681401,50151.54442311797,50149.370957855994
3,2.7555879899916595,50158.31943791293,50156.155989248495
3,2.757714762301918,50165.03722066026,50162.88377365113
3,2.759841534612177,50171.69823215544,50169.554771462725
3,2.7619683069224354,50178.3029298756,50176.169439769896
3,2.764095079232694,50184.851767997054,50182.728232364534
3,2.7662218515429524,50191.34519741278,50189.23159976123
3,2.768348623853211,50197.78366574996,50195.67998921471
3,2.7704753961634694,50204.167617387386,50202.07384473732
3,2.772602168473728,50210.49749347313,50208.41360711651
3,2.774728940783987,50216.77373194194,50214.69971393232
3,2.7768557130942453,50222.99676753285,50220.93259957485
3,2.7789824854045038,50229.16703180673,50227.112695261785
3,2.7811092577147623,50235.28495316373,50233.24042905583
3,2.7832360300250207,50241.350956860944,50239.316225882285
3,2.785362802335279,50247.36546502984,50245.34050754647
3,2.7874895746455377,50253.32889669384,50251.3136927512
3,2.7896163469557966,50259.24166778583,50257.236197114325
3,2.791743119266055,50265.104191165665,50263.10843318614
3,2.7938698915763136,50270.91687663768,50268.93081046685
3,2.795996663886572,50276.680130968205,50274.70373542405
3,2.7981234361968306,50282.39435790299,50280.42761151011
3,2.800250208507089,50288.05995818465,50286.1028391796
3,2.8023769808173475,50293.677329570186,50291.72981590671
3,2.8045037531276065,50299.24686684838,50297.30893620261
3,2.806630525437865,50304.76896185713,50302.84059163278
3,2.8087572977481234,50310.24400350092,50308.32517083438
3,2.810884070058382,50315.67237776813,50313.76305953358
3,2.8130108423686404,50321.05446774833,50319.154640562774
3,2.815137614678899,50326.390653649665,50324.50029387787
3,2.8172643869891574,50331.68131281609,50329.80039657556
3,2.8193911592994163,50336.92681974456,50335.05532291046
3,2.821517931609675,50342.127546102376,50340.2654443123
3,2.8236447039199333,50347.283860744166,50345.43112940306
3,2.8257714762301918,50352.396129729284,50350.552744014094
3,2.8278982485404502,50357.464716338654,50355.63065120314
3,2.8300250208507087,50362.48998109209,50360.6652112714
3,2.832151793160967,50367.472281765135,50365.65678178052
3,2.834278565471226,50372.41197340621,50370.60571756954
3,2.8364053377814846,50377.30940835344,50375.51237077181
3,2.838532110091743,50382.16493625168,50380.37709083185
3,2.8406588824020016,50386.97890406934,50385.20022452219
3,2.84278565471226,50391.75165611523,50389.98211596018
3,2.8449124270225186,50396.48353405531,50394.72310662468
3,2.847039199332777,50401.17487692949,50399.42353537282
3,2.849165971643036,50405.82602116828,50404.0837384566
3,2.8512927439532945,50410.43730060944,50408.70404953949
3,2.853419516263553,50415.009046514606,50413.28479971307
3,2.8555462885738114,50419.54158758583,50417.826317513405
3,2.85767306088407,50424.03524998206,50422.32892893762
3,2.859799833194329,50428.490357335584,50426.79295746022
3,2.8619266055045873,50432.90723076847,50431.21872404948
3,2.864053377814846,50437.28618890884,50435.60654718376
3,2.8661801501251043,50441.627547907236,50439.956742867704
3,2.868306922435363,50445.93162145278,50444.26962464848
3,2.8704336947456213,50450.1987207894,50448.54550363187
3,2.8725604670558798,50454.42915473193,50452.7846884984
3,2.8746872393661387,50458.62322968218,50456.98748551932
3,2.876814011676397,50462.78124964496,50461.1541985726
3,2.8789407839866556,50466.903516244,50465.28512915882
3,2.881067556296914,50470.99032873784,50469.38057641701
3,2.8831943286071726,50475.04198403572,50473.440837140486
3,2.885321100917431,50479.05877671328,50477.46620579252
3,2.8874478732276896,50483.04099902828,50481.456974522065
3,2.8895746455379485,50486.988940936266,50485.41343317931
3,2.891701417848207,50490.90289010618,50489.33586933127
3,2.8938281901584655,50494.78313193584,50493.224568277226
3,2.895954962468724,50498.6299495674,50497.07981306422
3,2.8980817347789825,50502.4436239028,50500.901884502324
3,2.900208507089241,50506.224433619034,50504.69106117998
3,2.9023352793994994,50509.97265518345,50508.44761947924
3,2.9044620517097584,50513.68856286896,50512.171833590895
3,2.906588824020017,50517.37242876916,50515.86397552961
3,2.9087155963302753,50521.0245228134,50519.52431514892
3,2.910842368640534,50524.645112781815,50523.15312015623
3,2.9129691409507923,50528.23446432022,50526.75065612773
3,2.9150959132610508,50531.79284095505,50530.317186523156
3,2.9172226855713093,50535.32050410811,50533.85297270064
3,2.919349457881568,50538.817713111275,50537.35827393136
3,2.9214762301918267,50542.28472522127,50540.83334741418
3,2.923603002502085,50545.72179563418,50544.27844829022
3,2.9257297748123436,50549.12917749997,50547.69382965738
3,2.927856547122602,50552.50712193707,50551.079742584705
3,2.9299833194328606,50555.85587804661,50554.43643612678
3,2.932110091743119,50559.175692926845,50557.76415733801
3,2.934236864053378,50562.466811687365,50561.063151286835
3,2.9363636363636365,50565.72947746332,50564.333661069904
3,2.938490408673895,50568.96393142945,50567.575927826096
3,2.9406171809841535,50572.170412814245,50570.79019075061
3,2.942743953294412,50575.349158913814,50573.9766871088
3,2.9448707256046704,50578.50040510585,50577.13565225017
3,2.9469974979149294,50581.62438486342,50580.26731962202
3,2.949124270225188,50584.721329768756,50583.37192078333
3,2.9512510425354463,50587.791469526885,50586.449685418265
3,2.953377814845705,50590.83503197937,50589.50084134988
3,2.9555045871559633,50593.8522431177,50592.525614553575
3,2.957631359466222,50596.84332709685,50595.52422917052
3,2.9597581317764803,50599.80850624872,50598.496907521054
3,2.961884904086739,50602.748001095344,50601.443870118004
3,2.9640116763969977,50605.66203036225,50604.365335679846
3,2.966138448707256,50608.55081099161,50607.26152114391
3,2.9682652210175147,50611.41455815536,50610.13264167947
3,2.970391993327773,50614.25348526826,50612.978910700695
3,2.9725187656380316,50617.06780400079,50615.80053987966
3,2.97464553794829,50619.85772429213,50618.59773915917
3,2.976772310258549,50622.62345436298,50621.370716765574
3,2.9788990825688075,50625.36520072825,50624.11967922146
3,2.981025854879066,50628.08316820978,50626.84483135834
3,2.9831526271893245,50630.77755994897,50629.546376329235
3,2.985279399499583,50633.448577419316,50632.22451562114
3,2.9874061718098415,50636.0964204388,50634.87944906748
3,2.9895329441201,50638.72128718239,50637.511374860514
3,2.991659716430359,50641.32337419425,50640.12048956355
3,2.9937864887406174,50643.90287640013,50642.70698812327
3,2.995913261050876,50646.45998711939,50645.27106388173
3,2.9980400333611343,50648.9948980772,50647.8129085886
3,3.000166805671393,50651.50779941656,50650.33271241309
3,3.0022935779816513,50653.998879710256,50652.830663955836
3,3.00442035029191,50656.46832597272,50655.30695026088
3,3.0065471226021687,50658.91632367189,50657.761756827385
3,3.008673894912427,50661.34305674094,50660.19526762134
3,3.0108006672226857,50663.74870758997,50662.607665087286
3,3.012927439532944,50666.13345711758,50664.99913015983
3,3.0150542118432027,50668.49748472245,50667.36984227516
3,3.017180984153461,50670.84096831476,50669.71997938255
3,3.0193077564637196,50673.16408432761,50672.049717955626
3,3.0214345287739786,50675.46700772831,50674.35923300373
3,3.023561301084237,50677.74991202967,50676.64869808313
3,3.0256880733944955,50680.012969301184,50678.91828530819
3,3.027814845704754,50682.256350180105,50681.168165362404
3,3.0299416180150125,50684.48022388246,50683.398507509504
3,3.032068390325271,50686.68475821418,50685.609479604325
3,3.0341951626355295,50688.87011958174,50687.801248103715
3,3.0363219349457884,50691.03647300326,50689.97397807736
3,3.038448707256047,50693.183982119066,50692.12783321849
3,3.0405754795663054,50695.312809202514,50694.26297585458
3,3.042702251876564,50697.42311517053,50696.37956695794
3,3.0448290241868223,50699.51505959421,50698.47776615625
3,3.046955796497081,50701.5888007093,50700.557731743014
3,3.0490825688073393,50703.64449542663,50702.61962068797
3,3.0512093411175982,50705.68229934243,50704.66358864743
3,3.0533361134278567,50707.70236674862,50706.68978997453
3,3.055462885738115,50709.70485064309,50708.698377729415
3,3.0575896580483737,50711.68990273973,50710.68950368939
3,3.059716430358632,50713.65767347862,50712.663318358966
3,3.0618432026688907,50715.60831203601,50714.61997097983
3,3.063969974979149,50717.54196633423,50716.559609540825
3,3.066096747289408,50719.458783051625,50718.48238078779
3,3.0682235195996665,50721.35890763234,50720.38843023333
3,3.070350291909925,50723.24248429606,50722.27790216658
3,3.0724770642201835,50725.109656047745,50724.15093966282
3,3.074603836530442,50726.96056468718,50726.00768459316
3,3.0767306088407005,50728.79535081853,50727.84827763397
3,3.078857381150959,50730.61415385996,50729.67285827644
3,3.080984153461218,50732.41711205283,50731.4815648359
3,3.0831109257714764,50734.20436247125,50733.274534461234
3,3.085237698081735,50735.97604103129,50735.05190314411
3,3.0873644703919934,50737.73228250019,50736.813805728205
3,3.089491242702252,50739.47322050559,50738.560375918365
3,3.0916180150125103,50741.19898754459,50740.29174628966
3,3.093744787322769,50742.90971499277,50742.00804829644
3,3.0958715596330277,50744.60553311324,50743.70941228127
3,3.097998331943286,50746.286571065444,50745.39596748386
3,3.1001251042535447,50747.952956914174,50747.06784204982
3,3.102251876563803,50749.604817638145,50748.72516303956
3,3.1043786488740617,50751.24227913894,50750.368056436884
3,3.10650542118432,50752.865466249496,50751.996647157684
3,3.1086321934945786,50754.47450274283,50753.61105905855
3,3.1107589658048376,50756.06951134054,50755.21141494529
3,3.112885738115096,50757.650613721285,50756.79783658134
3,3.1150125104253545,50759.217930529194,50758.37044469628
3,3.117139282735613,50760.77158138227,50759.929358994064
3,3.1192660550458715,50762.31168488065,50761.4746981614
3,3.12139282735613,50763.8383586149,50763.00657987593
3,3.123519599666389,50765.35171917411,50764.525120814425
3,3.1256463719766474,50766.85188215415,50766.03043666086
3,3.127773144286906,50768.338962165595,50767.52264211451
3,3.1298999165971644,50769.81307284185,50769.00185089792
3,3.132026688907423,50771.27432684704,50770.46817576483
3,3.1341534612176813,50772.72283588389,50771.92172850809
3,3.13628023352794,50774.15871070164,50773.36261996746
3,3.1384070058381988,50775.582061103705,50774.79096003736
3,3.1405337781484572,50776.9929959555,50776.20685767461
3,3.1426605504587157,50778.391623192045,50777.610420906065
3,3.144787322768974,50779.77804982562,50779.001756836195
3,3.1469140950792327,50781.15238195326,50780.38097165465
3,3.149040867389491,50782.5147247643,50781.74817064376
3,3.1511676396997497,50783.8651825478,50783.103458185884
3,3.1532944120100086,50785.203858699926,50784.446937770896
3,3.155421184320267,50786.53085573125,50785.77871200341
3,3.1575479566305256,50787.84627527415,50787.09888261012
3,3.159674728940784,50789.15021808985,50788.40755044693
3,3.1618015012510425,50790.442784075756,50789.704815506186
3,3.163928273561301,50791.72407227248,50790.990776923754
3,3.1660550458715595,50792.99418087091,50792.26553298606
3,3.1681818181818184,50794.253207219255,50793.529181137084
3,3.170308590492077,50795.50124782996,50794.78181798535
3,3.1724353628023354,50796.73839838666,50796.023539310765
3,3.174562135112594,50797.96475375099,50797.2544400715
3,3.1766889074228524,50799.1804079694,50798.47461441074
3,3.178815679733111,50800.385454279894,50799.68415566349
3,3.1809424520433693,50801.57998511876,50800.88315636319
3,3.1830692243536283,50802.76409212721,50802.07170824841
3,3.1851959966638868,50803.93786615794,50803.24990226939
3,3.1873227689741452,50805.1013972817,50804.417828594596
3,3.1894495412844037,50806.25477479382,50805.57557661725
3,3.191576313594662,50807.3980872206,50806.72323496168
3,3.1937030859049207,50808.531422325774,50807.8608914898
3,3.195829858215179,50809.6548671168,50808.98863330738
3,3.197956630525438,50810.768507851186,50810.10654677038
3,3.2000834028356966,50811.87243004276,50811.21471749117
3,3.202210175145955,50812.966718467855,50812.313230344764
3,3.2043369474562136,50814.05145717143,50813.40216947488
3,3.206463719766472,50815.12672947327,50814.48161830016
3,3.2085904920767305,50816.19261797397,50815.55165952011
3,3.210717264386989,50817.24920456094,50816.6123751212
3,3.212844036697248,50818.29657041446,50817.66384638276
3,3.2149708090075064,50819.33479601353,50818.70615388291
3,3.217097581317765,50820.363961141746,50819.739377504455
3,3.2192243536280234,50821.38414489316,50820.76359644067
3,3.221351125938282,50822.39542567807,50821.778889201094
3,3.2234778982485404,50823.39788122871,50822.78533361727
3,3.225604670558799,50824.391588604994,50823.7830068484
3,3.2277314428690578,50825.37662420017,50824.77198538704
3,3.2298582151793163,50826.353063746355,50825.75234506465
3,3.2319849874895747,50827.320982320205,50826.72416105717
3,3.2341117597998332,50828.28045434832,50827.68750789054
3,3.2362385321100917,50829.231553612844,50828.64245944614
3,3.23836530442035,50830.174353256734,50829.589088966255
3,3.2404920767306087,50831.10892578932,50830.527469059416
3,3.2426188490408676,50832.03534309154,50831.45767170574
3,3.244745621351126,50832.9536764213,50832.379768262304
3,3.2468723936613846,50833.86399641867,50833.29382946828
3,3.248999165971643,50834.7663731112,50834.19992545025
3,3.2511259382819016,50835.66087591901,50835.098125727316
3,3.25325271059216,50836.54757365998,50835.98849921628
3,3.2553794829024185,50837.426534554834,50836.87111423668
3,3.2575062552126774,50838.2978262322,50837.746038515914
3,3.259633027522936,50839.16151573359,50838.61333919417
3,3.2617597998331944,50840.017669518435,50839.473082829456
3,3.263886572143453,50840.866353469,50840.325335402486
3,3.2660133444537114,50841.70763289525,50841.170162321614
3,3.26814011676397,50842.54157253975,50842.00762842767
3,3.2702668890742284,50843.36823658245,50842.83779799878
3,3.2723936613844873,50844.187688645514,50843.66073475509
3,3.2745204336947458,50844.99999179796,50844.47650186358
3,3.2766472060050043,50845.80520856053,50845.28516194272
3,3.2787739783152627,50846.60340091017,50846.08677706712
3,3.2809007506255212,50847.394630284805,50846.88140877219
3,3.2830275229357797,50848.17895758782,50847.66911805871
3,3.285154295246038,50848.956443192714,50848.449965397354
3,3.287281067556297,50849.72714694755,50849.22401073324
3,3.2894078398665556,50850.49112817945,50849.9913134904
3,3.291534612176814,50851.24844569902,50850.75193257618
3,3.2936613844870726,50851.999157804836,50851.505926385704
3,3.295788156797331,50852.743322287715,50852.253352806205
3,3.2979149291075895,50853.480996435115,50852.99426922134
3,3.300041701417848,50854.212237035405,50853.72873251555
3,3.302168473728107,50854.93710038216,50854.45679907824
3,3.3042952460383654,50855.65564227839,50855.1785248081
3,3.306422018348624,50856.367918040705,50855.893965117226
3,3.3085487906588824,50857.07398250351,50856.60317493529
3,3.310675562969141,50857.77389002312,50857.306208713715
3,3.3128023352793994,50858.467694481864,50858.00312042969
3,3.3149291075896583,50859.15544929213,50858.69396359029
3,3.317055879899917,50859.837207400415,50859.37879123649
3,3.3191826522101753,50860.51302129132,50860.05765594713
3,3.3213094245204338,50861.182942991494,50860.73060984288
3,3.3234361968306922,50861.84702407356,50861.39770459023
3,3.3255629691409507,50862.50531566006,50862.05899140527
3,3.327689741451209,50863.15786842725,50862.714521057664
3,3.329816513761468,50863.804732609016,50863.36434387439
3,3.3319432860717266,50864.44595800059,50864.00850974363
3,3.334070058381985,50865.081593962386,50864.64706811845
3,3.3361968306922436,50865.71168942371,50865.28006802063
3,3.338323603002502,50866.336292886495,50865.90755804424
3,3.3404503753127606,50866.95545242894,50866.52958635946
3,3.342577147623019,50867.56921570918,50867.146200716146
3,3.344703919933278,50868.17762996894,50867.757448447446
3,3.3468306922435365,50868.78074203704,50868.3633764734
3,3.348957464553795,50869.378598333016,50868.9640313045
3,3.3510842368640534,50869.971244870656,50869.55945904522
3,3.353211009174312,50870.55872726145,50870.14970539748
3,3.3553377814845704,50871.14109071807,50870.73481566416
3,3.357464553794829,50871.71838005788,50871.314834752506
3,3.359591326105088,50872.29063970626,50871.88980717755
3,3.3617180984153463,50872.85791370002,50872.459777065495
3,3.363844870725605,50873.420245690795,50873.024788157076
3,3.3659716430358633,50873.977678948344,50873.584883810865
3,3.3680984153461218,50874.530256363796,50874.1401070066
3,3.3702251876563802,50875.07802045302,50874.69050034841
3,3.3723519599666387,50875.621013359836,50875.23610606813
3,3.3744787322768977,50876.159276859165,50875.77696602844
3,3.376605504587156,50876.69285236037,50876.313121726096
3,3.3787322768974146,50877.22178091023,50876.844614295085
3,3.380859049207673,50877.746103196245,50877.371484509786
3,3.3829858215179316,50878.26585954966,50877.89377278803
3,3.38511259382819,50878.78108994858,50878.41151919423
3,3.3872393661384486,50879.291834021,50878.92476344243
3,3.3893661384487075,50879.79813104789,50879.43354489929
3,3.391492910758966,50880.30001996618,50879.937902587175
3,3.3936196830692245,50880.79753937168,50880.437875187075
3,3.395746455379483,50881.290727522166,50880.93350104158
3,3.3978732276897414,50881.77962234021,50881.424818157815
3,3.4,50882.26426141613,50881.91186421037
4,0.85,172099.66338173812,172116.66964561772
4,0.8521267723102586,169890.021155884,169906.7619013006
4,0.8542535446205171,167704.9869666274,167721.46612924212
4,0.8563803169307757,165544.31716033022,165560.53862107784
4,0.8585070892410341,163407.77042549234,163423.73801128054
4,0.8606338615512927,161295.10777034124,161310.82525474147
4,0.8627606338615512,159206.09250063528,159221.56360456627
4,0.8648874061718098,157140.4901976721,157155.71859007404
4,0.8670141784820684,155098.06869650615,155113.05799500784
4,0.8691409507923269,153078.59806436975,153093.35183594804
4,0.8712677231025855,151081.85057929694,151096.3723409281
4,0.873394495412844,149107.60070895,149121.89392825364
4,0.8755212677231026,147155.62508964384,147169.693185519
4,0.877648040033361,145225.7025055696,145239.54884882347
4,0.8797748123436196,143317.61386821253,143331.2417821822
4,0.8819015846538782,141431.14219596618,141444.55495713252
4,0.8840283569641367,139566.0725939378,139579.27343253212
4,0.8861551292743953,137722.19223394463,137735.1843345485
4,0.8882819015846538,135899.2903346999,135912.0768368377
4,0.8904086738949124,134097.15814218656,134109.74214091065
4,0.892535446205171,132315.58891021565,132327.97345668558
4,0.8946622185154295,130554.37788117043,130566.56598322406
4,0.8967889908256881,128813.32226693167,128825.31688965036
4,0.8989157631359466,127092.22122998495,127104.02529625174
4,0.9010425354462052,125390.8758647063,125402.49225575734
4,0.9031693077564636,123709.08917882695,123720.52073479646
4,0.9052960800667222,122046.66607507202,122057.91559553098
4,0.9074228523769808,120403.41333297617,120414.483577464
4,0.9095496246872393,118779.1395908707,118790.03327942107
4,0.9116763969974979,117173.6553280422,117184.37514170229
4,0.9138031693077564,115586.77284706189,115597.32142840566
4,0.915929941618015,114018.30625628223,114028.68620991695
4,0.9180567139282736,112468.071452501,112478.28534556883
4,0.9201834862385321,110935.88610379118,110945.93646646317
4,0.9223102585487907,109421.5696324929,109431.45895845845
4,0.9244370308590492,107924.94319836996,107934.67394531942
4,0.9265638031693078,106445.8296819255,106455.40427202737
4,0.9286905754795662,104984.0536678778,104993.47448825018
4,0.9308173477898248,103539.44142879403,103548.71083197024
4,0.9329441201000834,102111.82090888033,102120.94121326854
4,0.9350708924103419,100701.02170792702,100709.99519826526
4,0.9371976647206005,99306.87506540716,99315.70399321191
4,0.939324437030859,97929.21384472845,97937.9004287378
4,0.9414512093411176,96567.8725176343,96576.4189442464
4,0.9435779816513761,95222.687148756,95231.09557246156
4,0.9457047539616347,93893.49538031168,93901.76792412146
4,0.9478315262718933,92580.13641695335,92588.27517282001
4,0.9499582985821518,91282.45101075777,91290.45803999346
4,0.9520850708924103,90000.28144636285,90008.15878005048
4,0.9542118432026688,88733.47152624559,88741.22116564626
4,0.9563386155129274,87481.86655614249,87489.49047309687
4,0.9584653878231859,86245.3133306088,86252.81346793445
4,0.9605921601334445,85023.66011871793,85031.03839060088
4,0.9627189324437031,83816.75664989723,83824.01494227974
4,0.9648457047539616,82624.45409990079,82631.5942708634
4,0.9669724770642202,81446.6050769166,81453.62895705589
4,0.9690992493744787,80283.06360780791,80289.97300060958
4,0.9712260216847373,79133.68512448663,79140.48180669395
4,0.9733527939949957,77998.32645041856,78005.01217239622
4,0.9754795663052543,76876.84578725748,76883.422273351
4,0.9776063386155129,75769.10270160987,75775.5716505002
4,0.9797331109257714,74674.95811192511,74681.32119697957
4,0.98185988323603,73594.27427551348,73600.53314513149
4,0.9839866555462886,72526.91477568919,72533.07105364431
4,0.9861134278565471,71472.74450903693,71478.79979481416
4,0.9882402001668056,70431.6296728015,70437.58554193088
4,0.9903669724770642,69403.43775239939,69409.2957567849
4,0.9924937447873228,68388.03750905083,68393.79917729564
4,0.9946205170975813,67385.29896753118,67390.96580525838
4,0.9967472894078399,66395.0934040401,66400.66689420992
4,0.9988740617180984,65417.293334189235,65422.77493741181
4,1.001000834028357,64451.77250110478,64457.163655949196
4,1.0031276063386154,63498.40586364534,63503.70798694483
4,1.0052543786488741,62557.06958473384,62562.284071887014
4,1.0073811509591326,61627.64101980255,61632.76924507096
4,1.009507923269391,60709.998705348844,60715.04202215058
4,1.0116346955796498,59804.022347602644,59808.98208880254
4,1.0137614678899083,58909.59281130349,58914.47028949926
4,1.0158882402001668,58026.59210858498,58031.388616390155
4,1.0180150125104253,57154.90338796841,57159.620198291304
4,1.020141784820684,56294.41092346177,56299.04928978111
4,1.0222685571309424,55445.00010376509,55449.56126040207
4,1.024395329441201,54606.55742157929,54611.042583966264
4,1.0265221017514596,53778.97046301941,53783.38082796508
4,1.0286488740617181,52962.12789713046,52966.464643081665
4,1.0307756463719766,52155.91946550381,52160.183752803874
4,1.032902418682235,51360.23597199523,51364.42894313928
4,1.0350291909924938,50574.969272541784,50579.09205242861
4,1.0371559633027523,49800.012265078236,49804.065961258944
4,1.0392827356130108,49035.25887955005,49039.244582473424
4,1.0414095079232695,48280.60406802402,48284.522851279056
4,1.043536280233528,47535.94379489464,47539.79671544955
4,1.0456630525437864,46801.1750271849,46804.96312562332
4,1.047789824854045,46076.19572494171,46079.92002569578
4,1.0499165971643036,45360.904831723914,45364.56634330435
4,1.0520433694745621,44655.20226518319,44658.801980406395
4,1.0541701417848206,43958.98890773541,43962.527803947465
4,1.0562969140950793,43272.166597322954,43275.64563662107
4,1.0584236864053378,42594.63811826685,42598.05824771771
4,1.0605504587155963,41926.30719220686,41929.66934406208
4,1.0626772310258548,41267.07846913016,41270.38356103911
4,1.0648040033361135,40616.85751848643,40620.106453706256
4,1.066930775646372,39975.55082038988,39978.74448799257
4,1.0690575479566304,39343.06575690551,39346.20503198259
4,1.0711843202668891,38719.31060342079,38722.39634728511
4,1.0733110925771476,38104.19452010082,38107.22758048587
4,1.0754378648874061,37497.62754342596,37500.60875468235
4,1.0775646371976646,36899.52057781194,36902.45076110155
4,1.0796914095079233,36309.78538731106,36312.665350798474
4,1.0818181818181818,35728.33458739414,35731.16512643569
4,1.0839449541284403,35155.08163681172,35157.86353414185
4,1.086071726438699,34589.94082953433,34592.67485544981
4,1.0881984987489575,34032.82728677151,34035.514199312885
4,1.090325271059216,33483.65694906715,33486.29749419804
4,1.0924520433694744,32942.346568472334,32944.94148025626
4,1.0945788156797331,32408.813700793875,32411.363701568698
4,1.0967055879899916,31882.97669791784,31885.48249846806
4,1.09883236030025,31364.754700207595,31367.216999934157
4,1.1009591326105088,30854.067628975517,30856.487116063523
4,1.1030859049207673,30350.836179028018,30353.21353061212
4,1.1052126772310258,29854.981811282156,29857.317693609766
4,1.1073394495412843,29366.4267454545,29368.721814046847
4,1.109466221851543,28885.093952820444,28887.348852631418
4,1.1115929941618015,28410.90714904401,28413.122514616996
4,1.11371976647206,27943.790787076672,27945.96724269921
4,1.1158465387823187,27483.670050125504,27485.808209981828
4,1.1179733110925771,27030.470844689262,27032.571313010892
4,1.1201000834028356,26584.11979366172,26586.18316487596
4,1.122226855713094,26144.544229502146,26146.57108837868
4,1.1243536280233528,25711.672187471755,25713.66310926711
4,1.1264804003336113,25285.43239893586,25287.38794953608
4,1.1286071726438698,24865.75428473046,24867.675020791787
4,1.1307339449541285,24452.567948593532,24454.454417681132
4,1.132860717264387,24045.804170659827,24047.656911384787
4,1.1349874895746455,23645.394401018282,23647.213943172545
4,1.137114261884904,23251.270753332283,23253.05761802193
4,1.1392410341951626,22863.365998521273,22865.120698297942
4,1.1413678065054211,22481.61355850396,22483.336597494417
4,1.1434945788156798,22105.947500001406,22107.639374035432
4,1.1456213511259383,21736.30252840087,21737.96372513734
4,1.1477481234361968,21372.613981678172,21374.244980729476
4,1.1498748957464553,21014.81782437955,21016.41909743425
4,1.1520016680567138,20662.850641661244,20664.42265260509
4,1.1541284403669725,20316.649633386915,20318.19283842219
4,1.156255212677231,19976.152608282206,19977.667456045427
4,1.1583819849874897,19641.29797814538,19642.784909823407
4,1.1605087572977482,19312.024752114557,19313.484201559077
4,1.1626355296080066,18988.272530989656,18989.704924830083
4,1.1647623019182651,18669.98150160972,18671.38725936455
4,1.1668890742285236,18357.09243128424,18358.471965470897
4,1.1690158465387823,18049.546662278342,18050.900378521474
4,1.1711426188490408,17747.286106351377,17748.61440348961
4,1.1732693911592995,17450.253239347854,17451.556509539114
4,1.175396163469558,17158.39109584096,17159.669724666393
4,1.1775229357798165,16871.64326382753,16872.897630393833
4,1.179649708090075,16589.95387947431,16591.184356514706
4,1.1817764804003335,16313.267621914783,16314.474575888673
4,1.1839032527105922,16041.529708096314,16042.713499287373
4,1.1860300250208506,15774.685887676938,15775.846870289952
4,1.1881567973311093,15512.682437971092,15513.82096022743
4,1.1902835696413678,15255.466158944573,15256.58256317625
4,1.1924103419516263,15002.984368257077,15004.078990999582
4,1.1945371142618848,14755.184896353061,14756.258068436824
4,1.1966638865721433,14512.016081599502,14513.068128240116
4,1.198790658882402,14273.426765470715,14274.458006357778
4,1.2009174311926605,14039.366287779369,14040.377037164233
4,1.2030442035029192,13809.78448195336,13810.775048735552
4,1.2051709758131777,13584.631670358423,13585.602358170772
4,1.2072977481234362,13363.85865966529,13364.809766958002
4,1.2094245204336946,13147.416736261799,13148.348556385208
4,1.2115512927439533,12935.257661708862,12936.170482995065
4,1.2136780650542118,12727.333668240313,12728.227774083613
4,1.2158048373644703,12523.597454305735,12524.47312324198
4,1.217931609674729,12324.002180156365,12324.859685941094
4,1.2200583819849875,12128.50146347332,12129.341075158809
4,1.222185154295246,11937.049375037644,11937.871357048913
4,1.2243119266055045,11749.600434442178,11750.40504665178
4,1.2264386989157632,11566.10960584438,11566.897103646235
4,1.2285654712260217,11386.532293760054,11387.302928142162
4,1.2306922435362802,11210.82433889724,11211.578356513348
4,1.2328190158465389,11038.942014030245,11039.679657270473
4,1.2349457881567973,10870.842019913156,10871.563526973623
4,1.2370725604670558,10706.481481232411,10707.187086183867
4,1.2391993327773143,10545.817942598354,10546.507875453759
4,1.241326105087573,10388.809364575027,10389.483851356194
4,1.2434528773978315,10235.414119748111,10236.073382551363
4,1.24557964970809,10085.590988830336,10086.235245891221
4,1.2477064220183487,9939.299156804334,9939.928622561365
4,1.2498331943286072,9796.498209102378,9797.113094259867
4,1.2519599666388657,9657.148127822524,9657.748639412492
4,1.2540867389491241,9521.209287981106,9521.795629424283
4,1.2562135112593829,9388.642453800954,9389.214824966872
4,1.2583402835696413,9259.408775035186,9259.967372301406
4,1.2604670558798998,9133.469783325974,9134.014799636412
4,1.2625938281901585,9010.787388598199,9011.319013520633
4,1.264720600500417,8891.323875487586,8891.842295270282
4,1.2668473728106755,8775.041899802787,8775.54729743028
4,1.268974145120934,8661.904485021347,8662.397040269425
4,1.2711009174311927,8551.875018819053,8552.354908308902
4,1.2732276897414512,8444.917249632443,8445.384646883991
4,1.2753544620517097,8340.995283253968,8341.450358738435
4,1.2774812343619684,8240.07357945973,8240.51650065138
4,1.2796080066722268,8142.116948669313,8142.547880096473
4,1.2817347789824853,8047.090548637406,8047.5096519326535
4,1.2838615512927438,7954.959881176946,7955.367315126615
4,1.2859883236030025,7865.69078891348,7866.086709506376
4,1.288115095913261,7779.249452070436,7779.634012545826
4,1.2902418682235195,7695.602385284867,7695.975736179754
4,1.2923686405337782,7614.716434453606,7615.078723649293
4,1.2944954128440367,7536.558773609386,7536.910146377314
4,1.2966221851542952,7461.096901826573,7461.4375008734905
4,1.2987489574645537,7388.2986401563985,7388.6286056688205
4,1.3008757297748124,7318.132128591251,7318.451598279258
4,1.3030025020850708,7250.565823057833,7250.874932198198
4,1.3051292743953293,7185.568492438806,7185.867373917462
4,1.307256046705588,7123.109215622768,7123.39799997662
4,1.3093828190158465,7063.157378582191,7063.4361940403
4,1.311509591326105,7005.68267147904,7005.951644003164
4,1.3136363636363635,6950.655085797903,6950.914339122413
4,1.3157631359466222,6898.044911506224,6898.294567177423
4,1.3178899082568807,6847.822734241527,6848.062911656338
4,1.3200166805671394,6799.95943252517,6800.190248969238
4,1.3221434528773979,6754.426175002618,6754.647745687821
4,1.3242702251876564,6711.194417709716,6711.406855811094
4,1.3263969974979148,6670.235901364917,6670.439318057021
4,1.3285237698081733,6631.522648687091,6631.717153179774
4,1.330650542118432,6595.026961738705,6595.21266131235
4,1.3327773144286905,6560.721419294141,6560.898419334334
4,1.3349040867389492,6528.5788742328405,6528.747278264507
4,1.3370308590492077,6498.572450957143,6498.732360678143
4,1.3391576313594662,6470.6755428344495,6470.8270581486495
4,1.3412844036697247,6444.861809663589,6445.005028713409
4,1.3434111759799832,6421.105175165077,6421.240194363518
4,1.3455379482902419,6399.379824495054,6399.506738557232
4,1.3476647206005004,6379.660201782693,6379.77910375686
4,1.349791492910759,6361.9210076908075,6362.031988988891
4,1.3519182652210175,6346.137196999481,6346.240347427121
4,1.354045037531276,6332.283976212442,6332.379383998572
4,1.3561718098415345,6320.336801186019,6320.424553011948
4,1.358298582151793,6310.271374780401,6310.35155580845
4,1.3604253544620517,6302.06364453303,6302.1363384347005
4,1.3625521267723102,6295.689800353885,6295.755089337575
4,1.364678899082569,6291.126272242453,6291.1842370807235
4,1.3668056713928274,6288.349728026171,6288.40044808258
4,1.3689324437030859,6287.337071120146,6287.380624375638
4,1.3710592160133444,6288.065476912944,6288.101939388053
4,1.3731859883236028,6290.512547967143,6290.5419931014685
4,1.3753127606338615,6294.656177533699,6294.678676777231
4,1.37743953294412,6300.474485367718,6300.490108234699
4,1.3795663052543787,6307.945815738357,6307.954629859638
4,1.3816930775646372,6317.048735461244,6317.050806638977
4,1.3838198498748957,6327.762031930052,6327.757424194559
4,1.3859466221851542,6340.064711148603,6340.053486817275
4,1.3880733944954127,6353.93599576488,6353.918215502949
4,1.3902001668056714,6369.35532310818,6369.331045991201
4,1.3923269391159299,6386.302343230605,6386.271626808489
4,1.3944537114261886,6404.75691695404,6404.719817316467
4,1.396580483736447,6424.699113923607,6424.655685766664
4,1.3987072560467055,6446.109210668655,6446.059507362523
4,1.400834028356964,6468.967688672135,6468.911762329667
4,1.4029608006672225,6493.255232449282,6493.193133995287
4,1.4050875729774812,6518.952727636347,6518.884506877445
4,1.4072143452877397,6546.041259090156,6545.966964785007
4,1.4093411175979984,6574.5021089991915,6574.42178892895
4,1.411467889908257,6604.31675500676,6604.230456045598
4,1.4135946622185154,6635.4668683469345,6635.374636532462
4,1.4157214345287739,6667.9343119936975,6667.83619259712
4,1.4178482068390323,6701.701138823827,6701.597176419712
4,1.419974979149291,6736.749589793964,6736.639828329418
4,1.4221017514595498,6773.062092132207,6772.946574995371
4,1.4242285237698082,6810.621257544654,6810.500027632318
4,1.4263552960800667,6849.409880437163,6849.282980221396
4,1.4284820683903252,6889.410936152589,6889.278407746238
4,1.4306088407005837,6930.607579223775,6930.469464444694
4,1.4327356130108422,6972.983141642486,6972.839482076357
4,1.4348623853211009,7016.521131144435,7016.371968206097
4,1.4369891576313596,7061.205229510559,7061.050604503671
4,1.439115929941618,7107.019290884651,7106.859245059619
4,1.4412427022518766,7153.947340107442,7153.781914717477
4,1.443369474562135,7201.97357106713,7201.802807422341
4,1.4454962468723935,7251.082345066457,7250.9062845858725
4,1.447623019182652,7301.258189206276,7301.07687346772
4,1.4497497914929107,7352.485794785651,7352.299265573341
4,1.4518765638031694,7404.7500157183595,7404.558315068205
4,1.454003336113428,7458.035866965843,7457.839037208305
4,1.4561301084236864,7512.328522986472,7512.126606786954
4,1.4582568807339449,7567.613316201003,7567.4063565976785
4,1.4603836530442034,7623.875735474163,7623.663775913201
4,1.4625104253544619,7681.101424612234,7680.884508980341
4,1.4646371976647206,7739.276180876466,7739.054353530709
4,1.4667639699749793,7798.385953512167,7798.15925930703
4,1.4688907422852377,7858.416842293352,7858.18532660498
4,1.4710175145954962,7919.355096082737,7919.118804830331
4,1.4731442869057547,7981.187111406868,7980.946091071207
4,1.4752710592160132,8043.899431046251,8043.653728685309
4,1.477397831526272,8107.4787426402545,8107.2284059018875
4,1.4795246038365304,8171.911877306521,8171.656954438238
4,1.481651376146789,8237.185808274826,8236.92634813058
4,1.4837781484570476,8303.287649534941,8303.023701578992
4,1.485904920767306,8370.204654498506,8369.936268806307
4,1.4880316930775646,8437.9242146745,8437.651441930642
4,1.490158465387823,8506.433858358192,8506.1567498514
4,1.4922852376980817,8575.72124933328,8575.439856948471
4,1.4944120100083402,8645.774185586994,8645.488561794426
4,1.496538782318599,8716.580598037963,8716.290795879493
4,1.4986655546288574,8788.12854927653,8787.834622348988
4,1.500792326939116,8860.40623231738,8860.108234753103
4,1.5029190992493744,8933.40196936413,8933.09995580869
4,1.5050458715596329,9007.104210585727,9006.798236172888
4,1.5071726438698916,9081.501532904389,9081.19165322833
4,1.50929941618015,9156.582638794842,9156.268909879673
4,1.5114261884904088,9232.33635509467,9232.018833361326
4,1.5135529608006673,9308.751631825446,9308.43037405597
4,1.5156797331109257,9385.817541024584,9385.492604323877
4,1.5178065054211842,9463.523275587482,9463.194717342554
4,1.5199332777314427,9541.858148119913,9541.526025956719
4,1.5220600500417014,9620.81158980035,9620.47596153824
4,1.52418682235196,9700.373149252018,9700.03407285591
4,1.5263135946622186,9780.532491424558,9780.190024954836
4,1.528440366972477,9861.279396484913,9860.933598045181
4,1.5305671392827356,9942.603758717478,9942.254686400192
4,1.532693911592994,10024.495585433076,10024.143297263165
4,1.5348206839032525,10106.944995886748,10106.589549763263
4,1.5369474562135113,10189.942220204111,10189.583673839988
4,1.5390742285237697,10273.477598316036,10273.116009176083
4,1.5412010008340284,10357.541578901659,10357.177004138784
4,1.543327773144287,10442.124718339295,10441.7572147291
4,1.5454545454545454,10527.217679665362,10526.847303539165
4,1.547581317764804,10612.811231540923,10612.438038717315
4,1.5497080900750624,10698.89624722587,10698.520292940842
4,1.551834862385321,10785.463703560488,10785.085042396255
4,1.5539616346955796,10872.504679954309,10872.123365766896
4,1.5560884070058383,10960.010357382167,10959.626443227835
4,1.5582151793160968,11047.972017387154,11047.585555447786
4,1.5603419516263553,11136.381041090604,11135.992082598086
4,1.5624687239366137,11225.22890820876,11224.837503368475
4,1.5645954962468722,11314.507196076134,11314.11339398965
4,1.566722268557131,11404.20757867542,11403.811427262455
4,1.5688490408673894,11494.321825673833,11493.923371593573
4,1.5709758131776481,11584.841801465875,11584.441090037766
4,1.5731025854879066,11675.759464222254,11675.356539346298
4,1.575229357798165,11767.066864945115,11766.661769021794
4,1.5773561301084236,11858.756146529226,11858.348920379147
4,1.579482902418682,11950.819542829304,11950.410225612606
4,1.5816096747289408,12043.24937773323,12042.838006868868
4,1.5837364470391992,12136.038064241115,12135.624675326113
4,1.585863219349458,12229.178103550325,12228.762730279024
4,1.5879899916597164,12322.66208414606,12322.244758229546
4,1.590116763969975,12416.482680897872,12416.063431983526
4,1.5922435362802334,12510.632654161687,12510.211509753068
4,1.594370308590492,12605.104848887524,12604.681834264562
4,1.5964970809007506,12699.892193732769,12699.46733187242
4,1.5986238532110093,12794.987700180995,12794.561011678386
4,1.6007506255212678,12890.384461666312,12889.955964656463
4,1.6028773978315263,12986.07565270325,12985.645362783458
4,1.6050041701417848,13082.054528022012,13081.622458174941
4,1.6071309424520432,13178.314421709245,13177.880582226833
4,1.6092577147623017,13274.848746354193,13274.41314476242
4,1.6113844870725604,13371.650992200346,13371.213633184907
4,1.6135112593828191,13468.714726302354,13468.27561163536
4,1.6156380316930776,13566.033591688474,13565.592720156212
4,1.617764804003336,13663.601306528375,13663.158673860158
4,1.6198915763135946,13761.411663306277,13760.967262104534
4,1.622018348623853,13859.45852799953,13859.012347671087
4,1.6241451209341116,13957.73583926258,13957.287865951284
4,1.6262718932443703,14056.237607616351,14055.78782413703
4,1.628398665554629,14154.957914642971,14154.506300416815
4,1.6305254378648875,14253.890912185996,14253.437443177401
4,1.632652210175146,14353.030821556036,14352.575470210963
4,1.6347789824854044,14452.371932741793,14451.91466792772
4,1.636905754795663,14551.908603626593,14551.449390574022
4,1.6390325271059214,14651.635259210352,14651.174059456047
4,1.64115929941618,14751.546390837126,14751.083162168974
4,1.6432860717264388,14851.636555428018,14851.171251831702
4,1.6454128440366973,14951.900374719758,14951.43294632718
4,1.6475396163469558,15052.332534508812,15051.862927548338
4,1.6496663886572143,15152.927783900997,15152.45594064957
4,1.6517931609674728,15253.680934566746,15253.206793303887
4,1.6539199332777315,15354.586860002022,15354.110354965764
4,1.65604670558799,15455.640494794798,15455.16155613954
4,1.6581734778982486,15556.83683389733,15556.35538765373
4,1.6603002502085071,15658.170931903991,15657.686899940842
4,1.6624270225187656,15759.637902334971,15759.151202323093
4,1.664553794829024,15861.232916925625,15860.743462303852
4,1.6666805671392826,15962.951204921637,15962.458904864878
4,1.6688073394495413,16064.788052380001,16064.292811769392
4,1.6709341117597998,16166.738801475769,16166.240520870952
4,1.6730608840700585,16268.798849814813,16268.297425428334
4,1.675187656380317,16370.963649752232,16370.458973426119
4,1.6773144286905755,16473.228707716917,16472.720666901405
4,1.679441201000834,16575.58958354185,16575.078061276257
4,1.6815679733110924,16678.04188980048,16677.52676469633
4,1.6836947456213511,16780.581291149065,16780.062437375323
4,1.6858215179316096,16883.20350367493,16882.680790945524
4,1.6879482902418683,16985.904294250933,16985.377587814364
4,1.6900750625521268,17088.679479895778,17088.14864052705
4,1.6922018348623853,17191.524927140577,17190.989811135256
4,1.6943286071726438,17294.436551401384,17293.897010571913
4,1.6964553794829023,17397.410316357928,17396.8661980321
4,1.698582151793161,17500.44223333843,17499.893380360085
4,1.7007089241034195,17603.528360710538,17602.97461144248
4,1.7028356964136782,17706.66480327858,17706.10599160764
4,1.7049624687239366,17809.847711686794,17809.28366703111
4,1.7070892410341951,17913.073281828947,17912.50382914738
4,1.7092160133444536,18016.337754264023,18015.76271406778
4,1.711342785654712,18119.63741363823,18119.05660200461
4,1.7134695579649708,18222.968588113203,18222.381816701516
4,1.7155963302752293,18326.327648800423,18325.73472486996
4,1.717723102585488,18429.711009202005,18429.11173563221
4,1.7198498748957465,18533.115124657572,18532.50929997024
4,1.721976647206005,18636.536491797608,18635.923910181184
4,1.7241034195162634,18739.971648002884,18739.352099338787
4,1.726230191826522,18843.417170870285,18842.79044076136
4,1.7283569641367806,18946.869677684906,18946.23554748576
4,1.7304837364470391,19050.325824898333,19049.68407174773
4,1.7326105087572978,19153.78230761335,19153.132704468637
4,1.7347372810675563,19257.235859074783,19256.5781747481
4,1.7368640533778148,19360.683250166723,19360.017249363318
4,1.7389908256880733,19464.12128891596,19463.446732274257
4,1.7411175979983318,19567.546820001662,19566.863464135255
4,1.7432443703085905,19670.956724271397,19670.26432181288
4,1.745371142618849,19774.34791826324,19773.64621790986
4,1.7474979149291077,19877.717353734348,19877.00610029538
4,1.7496246872393661,19981.062017195458,19980.340951641418
4,1.7517514595496246,20084.378929451912,20083.647788965405
4,1.7538782318598831,20187.6651451506,20186.92366317891
4,1.7560050041701416,20290.917752333255,20290.165658642585
4,1.7581317764804003,20394.133871995844,20393.370892727147
4,1.7602585487906588,20497.310657654023,20496.536515380485
4,1.7623853211009175,20600.44529491494,20599.65970870091
4,1.764512093411176,20703.535001054803,20702.737686516393
4,1.7666388657214345,20806.57702460284,20805.767693969865
4,1.768765638031693,20909.56864493111,20908.747007110585
4,1.7708924103419514,21012.50717185038,21011.67293249134
4,1.7730191826522101,21115.389945212035,21114.542806771835
4,1.7751459549624686,21218.2143345159,21217.353996327765
4,1.7772727272727273,21320.97773852406,21320.103896865985
4,1.7793994995829858,21423.677584880497,21422.78993304541
4,1.7815262718932443,21526.311329736738,21525.409558103864
4,1.7836530442035028,21628.876457383158,21627.960253490608
4,1.7857798165137613,21731.37047988628,21730.43952850476
4,1.78790658882402,21833.790936731668,21832.844919939318
4,1.7900333611342787,21936.13539447265,21935.173991730968
4,1.7921601334445372,22038.40144638475,22037.424334615513
4,1.7942869057547957,22140.586712125696,22139.59356578892
4,1.7964136780650541,22242.688837401118,22241.679328573937
4,1.7985404503753126,22344.70549363576,22343.67929209222
4,1.8006672226855711,22446.634377650218,22445.591150942004
4,1.8027939949958298,22548.47321134324,22547.412624881188
4,1.8049207673060885,22650.219741379347,22649.141458515754
4,1.807047539616347,22751.871738881968,22750.77542099367
4,1.8091743119266055,22853.42699913185,22852.312305704058
4,1.811301084236864,22954.88334127082,22953.74992998154
4,1.8134278565471225,23056.238608010684,23055.086134815887
4,1.815554628857381,23157.49066534753,23156.318784566858
4,1.8176814011676397,23258.637402281,23257.44576668403
4,1.8198081734778984,23359.676730538748,23358.46499143182
4,1.8219349457881568,23460.606584305955,23459.37439161942
4,1.8240617180984153,23561.42491995984,23560.17192233583
4,1.8261884904086738,23662.129715809122,23660.85556068964
4,1.8283152627189323,23762.718971838327,23761.423305553777
4,1.830442035029191,23863.190709457027,23861.873177315043
4,1.8325688073394495,23963.54297125377,23962.20321762831
4,1.8346955796497082,24063.77382075484,24062.41148917558
4,1.8368223519599667,24163.881342187582,24162.496075429503
4,1.8389491242702252,24263.86364024849,24262.455080421627
4,1.8410758965804837,24363.71883987574,24362.28662851508
4,1.8432026688907421,24463.445086026208,24461.988864181752
4,1.8453294412010008,24563.040543457126,24561.5599517839
4,1.8474562135112593,24662.50339651187,24660.99807536007
4,1.849582985821518,24761.83184891034,24760.30143841541
4,1.8517097581317765,24861.024123543342,24859.46826371611
4,1.853836530442035,24960.078462271504,24958.49679308809
4,1.8559633027522935,25058.99312572804,25057.385287219782
4,1.858090075062552,25157.766393125832,25156.13202546905
4,1.8602168473728105,25256.396562068458,25254.735305673952
4,1.8623436196830694,25354.881948365153,25353.19344396767
4,1.8644703919933279,25453.220885849812,25451.504774597044
4,1.8665971643035864,25551.411726203765,25549.667649745294
4,1.8687239366138448,25649.45283878239,25647.680439358162
4,1.8708507089241033,25747.342610445423,25745.541530973962
4,1.8729774812343618,25845.079445390973,25843.249329557235
4,1.8751042535446203,25942.661764993154,25940.80225733594
4,1.8772310258548792,26040.088007643313,26038.198753642282
4,1.8793577981651377,26137.3566285946,26135.437274756812
4,1.8814845704753962,26234.46609981022,26232.516293756213
4,1.8836113427856547,26331.414909814866,26329.43430036419
4,1.8857381150959132,26428.20156354955,26426.18980080576
4,1.8878648874061716,26524.824582229645,26522.781317664754
4,1.8899916597164301,26621.282503206152,26619.20738974448
4,1.892118432026689,26717.573879830154,26715.466571931516
4,1.8942452043369475,26813.697281320194,26811.557435062474
4,1.896371976647206,26909.65129263287,26907.478565793914
4,1.8984987489574645,27005.434514336226,27003.228566475053
4,1.900625521267723,27101.04556248614,27098.806055023357
4,1.9027522935779815,27196.483068505444,27194.209664803042
4,1.90487906588824,27291.745679065974,27289.43804450624
4,1.907005838198499,27386.83205597322,27384.48985803691
4,1.9091326105087574,27481.74087605365,27479.363784397356
4,1.9112593828190159,27576.470831044746,27574.058517577374
4,1.9133861551292743,27671.02062748748,27668.57276644595
4,1.9155129274395328,27765.3889866213,27762.90525464533
4,1.9176396997497913,27859.57464428161,27857.0547204876
4,1.9197664720600498,27953.57635079956,27951.019916853555
4,1.9218932443703087,28047.3928709042,28044.799611093986
4,1.9240200166805672,28141.022983626885,28138.39258493304
4,1.9261467889908257,28234.465482207906,28231.797634373957
4,1.9282735613010842,28327.719174005317,28325.013569606854
4,1.9304003336113427,28420.782880405728,28418.039214918615
4,1.9325271059216012,28513.65543673734,28510.873408604828
4,1.9346538782318596,28606.335692184854,28603.515002883636
4,1.9367806505421186,28698.82250970632,28695.962863811677
4,1.938907422852377,28791.11476595192,28788.21587120166
4,1.9410341951626355,28883.211351184644,28880.27291854206
4,1.943160967472894,28975.11116920265,28972.132912918387
4,1.9452877397831525,29066.813137263427,29063.794774936207
4,1.947414512093411,29158.31618600959,29155.257438645895
4,1.9495412844036695,29249.619259396437,29246.519851469013
4,1.9516680567139284,29340.721314620994,29337.580974126235
4,1.9537948290241869,29431.621322052513,29428.439780566805
4,1.9559216013344454,29522.31826516478,29519.09525789952
4,1.9580483736447039,29612.81114046951,29609.546406325157
4,1.9601751459549623,29703.09895745138,29699.79223907017
4,1.9623019182652208,29793.18073850432,29789.83178232199
4,1.9644286905754793,29883.055518869154,29879.66407516529
4,1.9665554628857382,29972.722346572446,29969.288169519816
4,1.9686822351959967,30062.180282366648,30058.70313007923
4,1.9708090075062552,30151.42839967138,30147.908034251275
4,1.9729357798165137,30240.465784515847,30236.90197209893
4,1.9750625521267722,30329.291535482396,30325.684046282753
4,1.9771893244370307,30417.904763650986,30414.25337200425
4,1.9793160967472891,30506.304592544886,30502.609076950182
4,1.981442869057548,30594.49015807717,30590.750301237982
4,1.9835696413678066,30682.460608498117,30678.676197361936
4,1.985696413678065,30770.215104343737,30766.385930140357
4,1.9878231859883235,30857.752818384884,30853.878676663626
4,1.989949958298582,30945.072935577366,30941.15362624295
4,1.9920767306088405,31032.174653012673,31028.209980360014
4,1.9942035029190994,31119.057179869655,31115.046952617267
4,1.996330275229358,31205.71973736665,31201.663768688944
4,1.9984570475396164,31292.161558714597,31288.059666272908
4,2.000583819849875,31378.381889070486,31374.233895042853
4,2.0027105921601334,31464.379985491563,31460.185716601343
4,2.004837364470392,31550.15511689012,31545.91440443336
4,2.0069641367806503,31635.70656398875,31631.419243860328
4,2.0090909090909093,31721.033619276197,31716.699531994745
4,2.0112176814011677,31806.135586963534,31801.75457769518
4,2.0133444537114262,31891.011782940997,31886.58370152185
4,2.0154712260216847,31975.661534735067,31971.18623569254
4,2.017597998331943,32060.084181465983,32055.561524038916
4,2.0197247706422017,32144.279073805665,32139.708921963196
4,2.02185154295246,32228.245573935867,32223.62779639521
4,2.023978315262719,32311.98305550678,32307.317525749728
4,2.0261050875729776,32395.490903595717,32390.777499883967
4,2.028231859883236,32478.768514666277,32474.007120055685
4,2.0303586321934946,32561.81529652752,32557.005798881073
4,2.032485404503753,32644.630668293514,32639.772960293194
4,2.0346121768140115,32727.21406034296,32722.30803950045
4,2.03673894912427,32809.564914278984,32804.61048294521
4,2.038865721434529,32891.682682889106,32886.67974826268
4,2.0409924937447874,32973.566830105265,32968.51530423974
4,2.043119266055046,33055.21683096398,33050.11663077407
4,2.0452460383653044,33136.63217156657,33131.483218833135
4,2.047372810675563,33217.81234903939,33212.61457041342
4,2.0494995829858214,33298.7568714941,33293.510198499585
4,2.05162635529608,33379.465257987984,33374.16962702364
4,2.0537531276063388,33459.93703848428,33454.59239082428
4,2.0558798999165973,33540.171753812334,33534.778035605865
4,2.0580066722268557,33620.1689556279,33614.726117897786
4,2.0601334445371142,33699.9282063733,33694.43620501349
4,2.0622602168473727,33779.44907923743,33773.90787500951
4,2.064386989157631,33858.73115811583,33853.140716644426
4,2.0665137614678897,33937.77403757052,33932.134329337794
4,2.0686405337781486,34016.57732278978,34010.88832312883
4,2.070767306088407,34095.14062954772,34089.40231863504
4,2.0728940783986656,34173.463584163874,34167.67594701079
4,2.075020850708924,34251.545823462395,34245.70884990561
4,2.0771476230191825,34329.38699473125,34323.50067942237
4,2.079274395329441,34406.986755681224,34401.05109807525
4,2.0814011676396995,34484.344774404555,34478.359778747705
4,2.0835279399499584,34561.46072933363,34555.42640464998
4,2.085654712260217,34638.334309199214,34632.250669276524
4,2.0877814845704754,34714.96521298863,34708.83227636328
4,2.089908256880734,34791.35314990359,34785.17093984467
4,2.0920350291909924,34867.49783931786,34861.2663838103
4,2.094161801501251,34943.3990107346,34937.11834246153
4,2.0962885738115093,35019.05640374351,35012.726560067684
4,2.0984153461217683,35094.469767977644,35088.09079092215
4,2.1005421184320268,35169.63886306997,35163.210799298016
4,2.1026688907422852,35244.56345860975,35238.086359403685
4,2.1047956630525437,35319.24333409844,35312.717255338
4,2.106922435362802,35393.67827890541,35387.10328104517
4,2.1090492076730607,35467.86809222344,35461.244240269465
4,2.111175979983319,35541.812583023675,35535.13994650951
4,2.113302752293578,35615.51157001058,35608.79022297241
4,2.1154295246038366,35688.96488157626,35682.19490252742
4,2.117556296914095,35762.17235575479,35755.353827659506
4,2.1196830692243536,35835.13384017594,35828.26685042238
4,2.121809841534612,35907.84919201875,35900.933832391485
4,2.1239366138448705,35980.31827796477,35973.35464461638
4,2.126063386155129,36052.54097415081,36045.529167573084
4,2.128190158465388,36124.51716612165,36117.4572911159
4,2.1303169307756464,36196.24674878208,36189.13891442899
4,2.132443703085905,36267.72962634896,36260.57394597776
4,2.1345704753961634,36338.96571230261,36331.762303459676
4,2.136697247706422,36409.954929338135,36402.70391375499
4,2.1388240200166804,36480.697209316284,36473.39871287699
4,2.140950792326939,36551.19249321395,36543.846645922065
4,2.143077564637198,36621.440731074515,36614.047667019324
4,2.1452043369474563,36691.44188195754,36684.00173927995
4,2.1473311092577148,36761.195913888514,36753.70883474627
4,2.1494578815679732,36830.70280380798,36823.16893434051
4,2.1515846538782317,36899.96253752045,36892.38202781314
4,2.15371142618849,36968.97510964301,36961.348113691
4,2.1558381984987487,37037.74052355348,37030.06719922506
4,2.1579649708090076,37106.25879133846,37098.539300337994
4,2.160091743119266,37174.52993374082,37166.76444157121
4,2.1622185154295246,37242.55398010706,37234.742656031834
4,2.164345287739783,37310.33096833427,37302.47398533921
4,2.1664720600500416,37377.86094481677,37369.958479571214
4,2.1685988323603,37445.14396439248,37437.196197210214
4,2.170725604670559,37512.18009028901,37504.18720508873
4,2.1728523769808175,37578.969394069296,37570.931578334865
4,2.174979149291076,37645.5119555772,37637.42940031739
4,2.1771059216013344,37711.807862882575,37703.68076259065
4,2.179232693911593,37777.85721222618,37769.68576483903
4,2.1813594662218514,37843.66010796423,37835.4445148213
4,2.18348623853211,37909.21666251277,37900.95712831464
4,2.185613010842369,37974.52699629168,37966.22372905841
4,2.1877397831526273,38039.59123766843,38031.24444869757
4,2.1898665554628858,38104.40952290158,38096.01942672611
4,2.1919933277731443,38168.98199608415,38160.54881042987
4,2.1941201000834027,38233.308809086404,38224.83275482949
4,2.1962468723936612,38297.39012149877,38288.87142262278
4,2.1983736447039197,38361.226100574306,38352.66498412713
4,2.2005004170141786,38424.81692117092,38416.21361722159
4,2.202627189324437,38488.16276569343,38479.517507288656
4,2.2047539616346956,38551.263824035435,38542.57684715599
4,2.206880733944954,38614.12029352085,38605.39183703787
4,2.2090075062552126,38676.73237884533,38667.96268447639
4,2.211134278565471,38739.100292017414,38730.28960428254
4,2.2132610508757296,38801.224252299566,38792.37281847705
4,2.2153878231859885,38863.10448614889,38854.21255623112
4,2.217514595496247,38924.74122715781,38915.80905380683
4,2.2196413678065054,38986.13471599443,38977.162554497576
4,2.221768140116764,39047.28520034283,39038.27330856822
4,2.2238949124270224,39108.19293484313,39099.14157319509
4,2.226021684737281,39168.85818103144,39159.767612405834
4,2.2281484570475394,39229.2812072796,39220.15169701922
4,2.2302752293577983,39289.46228873486,39280.29410458468
4,2.232402001668057,39349.40170725929,39340.195119321776
4,2.2345287739783153,39409.09975136921,39399.85503205955
4,2.2366555462885738,39468.556716174426,39459.274140175825
4,2.2387823185988323,39527.772903317295,39518.452747536176
4,2.2409090909090907,39586.7486209118,39577.39116443313
4,2.2430358632193492,39645.48418348238,39636.08970752496
4,2.245162635529608,39703.979911902796,39694.54869977459
4,2.2472894078398666,39762.23613333484,39752.768470388335
4,2.249416180150125,39820.253181166925,39810.74935475464
4,2.2515429524603836,39878.03139495273,39868.49169438261
4,2.253669724770642,39935.571120349654,39925.995836840666
4,2.2557964970809006,39992.87270905721,39983.26213569503
4,2.257923269391159,40049.93651875549,40040.29095044819
4,2.260050041701418,40106.76291304344,40097.0826464773
4,2.2621768140116765,40163.35226137719,40153.637594972635
4,2.264303586321935,40219.70493900829,40209.95617287594
4,2.2664303586321934,40275.821326921985,40266.03876281881
4,2.268557130942452,40331.70181177542,40321.885753061
4,2.2706839032527104,40387.34678583586,40377.49753742884
4,2.272810675562969,40442.75664691891,40432.87451525351
4,2.274937447873228,40497.931798326696,40488.01709130947
4,2.2770642201834863,40552.87264878612,40542.92567575278
4,2.279190992493745,40607.5796123871,40597.60068405956
4,2.2813177648040033,40662.053108520835,40652.0425369644
4,2.2834445371142618,40716.2935618181,40706.251660398884
4,2.2855713094245202,40770.30140208757,40760.22848543
4,2.2876980817347787,40824.077064254256,40813.97344819883
4,2.2898248540450377,40877.62098829787,40867.48698985911
4,2.291951626355296,40930.93361919136,40920.76955651597
4,2.2940783986655546,40984.01540683944,40973.82159916463
4,2.296205170975813,41036.86680601726,41026.64357362933
4,2.2983319432860716,41089.4882763091,41079.23594050224
4,2.30045871559633,41141.88028204714,41131.59916508243
4,2.3025854879065886,41194.04329225035,41183.73371731501
4,2.3047122602168475,41245.97778056357,41235.64007173041
4,2.306839032527106,41297.68422519639,41287.318707383565
4,2.3089658048373645,41349.163108862565,41338.77010779354
4,2.311092577147623,41400.414918719216,41389.994760882975
4,2.3132193494578814,41451.440146306275,41440.99315891779
4,2.31534612176814,41502.23928748609,41491.76579844707
4,2.3174728940783984,41552.8128423831,41542.313180242985
4,2.3195996663886573,41603.161315323676,41592.63580924091
4,2.321726438698916,41653.285214776115,41642.73419447968
4,2.3238532110091743,41703.18505329079,41692.60884904202
4,2.325979983319433,41752.86134744048,41742.260289995196
4,2.3281067556296913,41802.31461776075,41791.689038331606
4,2.3302335279399498,41851.545388690654,41840.895618909875
4,2.3323603002502082,41900.554188513546,41889.88056039583
4,2.334487072560467,41949.34154929805,41938.64439520388
4,2.3366138448707257,41997.908006839214,41987.187659438416
4,2.338740617180984,42046.254100599916,42035.510892835526
4,2.3408673894912426,42094.380373652435,42083.61463870487
4,2.342994161801501,42142.28737262017,42131.49944387172
4,2.3451209341117596,42189.97564761965,42179.16585861927
4,2.3472477064220185,42237.44575220271,42226.614436631164
4,2.349374478732277,42284.69824329886,42273.845734934104
4,2.3515012510425355,42331.733681157966,42320.86031384092
4,2.353628023352794,42378.55262929305,42367.65873689369
4,2.3557547956630525,42425.1556544234,42414.2415708071
4,2.357881567973311,42471.54332641783,42460.609385412165
4,2.3600083402835694,42517.7162182383,42506.76275360002
4,2.3621351125938284,42563.67490588369,42552.70225126615
4,2.364261884904087,42609.41996833379,42598.42845725467
4,2.3663886572143453,42654.95198749367,42643.941953303
4,2.368515429524604,42700.27154813822,42689.243323986804
4,2.3706422018348623,42745.379237856956,42734.33315666505
4,2.372768974145121,42790.27564699906,42779.21204142548
4,2.3748957464553793,42834.9613686188,42823.880571030306
4,2.377022518765638,42879.43699842111,42868.33934086216
4,2.3791492910758967,42923.70313470745,42912.5889488703
4,2.381276063386155,42967.76037832207,42956.6299955172
4,2.3834028356964136,43011.609332598426,43000.4630837253
4,2.385529608006672,43055.25060330588,43044.08881882411
4,2.3876563803169306,43098.68479859682,43087.507808497605
4,2.389783152627189,43141.91252895391,43130.7206627319
4,2.391909924937448,43184.934407137785,43173.72799376322
4,2.3940366972477065,43227.75104813492,43216.530416026144
4,2.396163469557965,43270.363069105915,43259.128546102234
4,2.3982902418682235,43312.77108933395,43301.523002668895
4,2.400417014178482,43354.97573017372,43343.714406448555
4,2.4025437864887405,43396.9776150005,43385.70338015818
4,2.404670558798999,43438.77736915967,43427.49054845911
4,2.406797331109258,43480.3756199165,43469.07653790716
4,2.4089241034195163,43521.772996406224,43510.46197690307
4,2.411050875729775,43562.97012958446,43551.64749564331
4,2.4131776480400333,43603.96765217799,43592.63372607118
4,2.415304420350292,43644.76619863582,43633.4213018282
4,2.4174311926605503,43685.3664050806,43674.01085820589
4,2.4195579649708088,43725.76890926028,43714.403032097835
4,2.4216847372810677,43765.97435050032,43754.598461952126
4,2.423811509591326,43805.98336965595,43794.597787724066
4,2.4259382819015847,43845.79660906498,43834.40165082929
4,2.428065054211843,43885.41471250088,43874.010694097204
4,2.4301918265221016,43924.83832512618,43913.425561724674
4,2.43231859883236,43964.06809344619,43952.646899230225
4,2.4344453711426186,44003.104665263185,43991.67535340841
4,2.4365721434528775,44041.94868963078,44030.51157228464
4,2.438698915763136,44080.60081680874,44069.15620507027
4,2.4408256880733945,44119.06169821818,44107.609902118165
4,2.442952460383653,44157.331986396945,44145.87331487847
4,2.4450792326939115,44195.412334955545,44183.94709585478
4,2.44720600500417,44233.303398533295,44221.83189856072
4,2.4493327773144284,44271.00583275489,44259.528377476745
4,2.4514595496246874,44308.52029418729,44297.03718800751
4,2.453586321934946,44345.84744029696,44334.358986439285
4,2.4557130942452043,44382.987929407485,44371.494429898004
4,2.457839866555463,44419.94242065756,44408.44417630758
4,2.4599666388657213,44456.71157395926,44445.20888434844
4,2.46209341117598,44493.2960499568,44481.78921341665
4,2.4642201834862383,44529.69650998544,44518.18582358321
4,2.466346955796497,44565.913616031066,44554.39937555384
4,2.4684737281067557,44601.94803068975,44590.43053062893
4,2.470600500417014,44637.80041712802,44626.27995066414
4,2.4727272727272727,44673.47143904322,44661.94829803107
4,2.474854045037531,44708.96176062445,44697.436235578476
4,2.4769808173477896,44744.27204651369,44732.74442659376
4,2.479107589658048,44779.40296176737,44767.87353476486
4,2.481234361968307,44814.35517181833,44802.82422414245
4,2.4833611342785655,44849.12934243804,44837.59715910257
4,2.485487906588824,44883.72613969928,44872.19300430951
4,2.4876146788990825,44918.14622993914,44906.61242467923
4,2.489741451209341,44952.390279722385,44940.85608534289
4,2.4918682235195995,44986.45895580517,44974.924651611014
4,2.493994995829858,45020.35292509908,45008.81878893775
4,2.496121768140117,45054.072854635706,45042.53916288572
4,2.4982485404503754,45087.619411531305,45076.086439091
4,2.500375312760634,45120.99326295204,45109.461283228724
4,2.5025020850708923,45154.19507607953,45142.6643609788
4,2.504628857381151,45187.22551807664,45175.696337992114
4,2.5067556296914093,45220.08525605383,45208.55787985706
4,2.508882402001668,45252.77495703569,45241.2496520664
4,2.5110091743119267,45285.295287927904,45273.77231998454
4,2.513135946622185,45317.64691548458,45306.126548815126
4,2.5152627189324437,45349.830506275925,45338.31300356893
4,2.517389491242702,45381.84672665625,45370.332349032244
4,2.5195162635529607,45413.69624273237,45402.18524973544
4,2.521643035863219,45445.379720332305,45433.87236992207
4,2.5237698081734776,45476.89782497442,45465.39437351812
4,2.5258965804837366,45508.251221836814,45496.75192410178
4,2.528023352793995,45539.44057572712,45527.945684873484
4,2.5301501251042535,45570.46655105266,45558.9763186263
4,2.532276897414512,45601.32981179095,45589.8444877167
4,2.5344036697247705,45632.031021460454,45620.5508540356
4,2.536530442035029,45662.57084309186,45651.09607897987
4,2.538657214345288,45692.94993919959,45681.48082342405
4,2.5407839866555464,45723.16897175359,45711.705747692475
4,2.542910758965805,45753.22860215168,45741.7715115318
4,2.5450375312760634,45783.129491191976,45771.67877408374
4,2.547164303586322,45812.87229904591,45801.42819385822
4,2.5492910758965803,45842.45768523137,45831.02042870688
4,2.551417848206839,45871.88630858635,45860.45613579685
4,2.5535446205170977,45901.158827242805,45889.73597158494
4,2.5556713928273562,45930.27589860096,45918.86059179205
4,2.5577981651376147,45959.2381793038,45947.83065137809
4,2.559924937447873,45988.04632521211,45976.64680451701
4,2.5620517097581317,46016.700991379614,46005.30970457234
4,2.56417848206839,46045.2028320286,46033.82000407296
4,2.5663052543786486,46073.55250052582,46062.17835468921
4,2.5684320266889076,46101.75064935871,46090.38540720939
4,2.570558798999166,46129.79793011195,46118.44181151646
4,2.5726855713094245,46157.694993444326,46146.34821656517
4,2.574812343619683,46185.44248906596,46174.10527035947
4,2.5769391159299415,46213.04106571581,46201.7136199302
4,2.5790658882402,46240.49137113953,46229.17391131318
4,2.5811926605504585,46267.79405206756,46256.486789527546
4,2.5833194328607174,46294.94975419371,46283.652898554385
4,2.585446205170976,46321.959122153814,46310.67288131576
4,2.5875729774812344,46348.822799504895,46337.547379654
4,2.589699749791493,46375.54142870458,46364.277034311235
4,2.5918265221017514,46402.115651090775,46390.862484909376
4,2.59395329441201,46428.5461068617,46417.30436993024
4,2.5960800667222683,46454.8334350562,46443.603326696124
4,2.5982068390325272,46480.978273534376,46469.75999135058
4,2.6003336113427857,46506.98125895852,46495.77499883948
4,2.602460383653044,46532.843026774295,46521.64898289251
4,2.6045871559633027,46558.56421119233,46547.382576004755
4,2.606713928273561,46584.145445169976,46572.97640941878
4,2.6088407005838197,46609.587360393394,46598.431113106824
4,2.610967472894078,46634.89058726004,46623.74731575343
4,2.613094245204337,46660.055754861256,46648.92564473829
4,2.6152210175145956,46685.083490965306,46673.96672611929
4,2.617347789824854,46709.9744220006,46698.871184616066
4,2.6194745621351125,46734.72917303929,46723.639643593626
4,2.621601334445371,46759.34836778103,46748.27272504633
4,2.6237281067556295,46783.8326285371,46772.771049582145
4,2.625854879065888,46808.1825762148,46797.13523640723
4,2.627981651376147,46832.3988303021,46821.365903310645
4,2.6301084236864054,46856.48200885256,46845.463666649484
4,2.632235195996664,46880.432728470536,46869.429141334236
4,2.6343619683069224,46904.251604296645,46893.26294081434
4,2.636488740617181,46927.939249993506,46916.9656770641
4,2.6386155129274393,46951.49627773174,46940.5379605688
4,2.640742285237698,46974.923298176196,46963.9804003111
4,2.6428690575479568,46998.22092047256,46987.29360375771
4,2.6449958298582152,47021.389752234034,47010.478176846285
4,2.6471226021684737,47044.430399528464,47033.53472397261
4,2.649249374478732,47067.343466865575,47056.463847978004
4,2.6513761467889907,47090.12955718457,47079.266150136966
4,2.653502919099249,47112.789271841866,47101.94223014517
4,2.6556296914095077,47135.32321059919,47124.49268610754
4,2.6577564637197666,47157.731971611836,47146.91811452672
4,2.659883236030025,47180.01615141722,47169.2191102917
4,2.6620100083402836,47202.176344923675,47191.3962666667
4,2.664136780650542,47224.21314539944,47213.45017528032
4,2.6662635529608005,47246.12714446191,47235.38142611489
4,2.668390325271059,47267.91893206717,47257.19060749607
4,2.6705170975813175,47289.58909649969,47278.878306082675
4,2.6726438698915764,47311.13822436228,47300.44510685678
4,2.674770642201835,47332.566900566286,47321.891593113905
4,2.6768974145120934,47353.875708322026,47343.21834645365
4,2.679024186822352,47375.0652291294,47364.42594677035
4,2.6811509591326104,47396.13604276876,47385.51497224407
4,2.683277731442869,47417.088727292015,47406.485999331766
4,2.6854045037531273,47437.923859013914,47427.33960275868
4,2.6875312760633863,47458.64201250357,47448.07635550993
4,2.6896580483736447,47479.24376057621,47468.69682882242
4,2.6917848206839032,47499.72967428511,47489.201592176774
4,2.6939115929941617,47520.10032291379,47509.59121328963
4,2.69603836530442,47540.35627396834,47529.86625810605
4,2.6981651376146787,47560.49809317002,47550.02729079225
4,2.700291909924937,47580.52634444802,47570.07487372839
4,2.702418682235196,47600.4415899325,47590.00956750167
4,2.7045454545454546,47620.24438994771,47609.831930899556
4,2.706672226855713,47639.9353030054,47629.5425209033
4,2.7087989991659716,47659.51488579842,47649.141892681495
4,2.71092577147623,47678.983693194474,47668.630599584016
4,2.7130525437864885,47698.34227823009,47688.00919313599
4,2.7151793160967475,47717.59119210479,47707.278223032044
4,2.717306088407006,47736.73098417541,47726.43823713072
4,2.7194328607172644,47755.76220195068,47745.489781449054
4,2.721559633027523,47774.6853910859,47764.433400157366
4,2.7236864053377814,47793.50109537786,47783.26963557422
4,2.72581317764804,47812.20985675994,47801.99902816156
4,2.7279399499582984,47830.81221529731,47820.622116520026
4,2.7300667222685573,47849.30870918244,47839.13943738447
4,2.7321934945788158,47867.6998747307,47857.55152561954
4,2.7343202668890743,47885.986246376095,47875.85891421562
4,2.7364470391993327,47904.16835666726,47894.06213428477
4,2.7385738115095912,47922.24673626358,47912.161715056944
4,2.7407005838198497,47940.2219139315,47930.15818387624
4,2.742827356130108,47958.09441654096,47948.05206619755
4,2.744954128440367,47975.86476906201,47965.84388558305
4,2.7470809007506256,47993.5334945616,47983.534163699165
4,2.749207673060884,48011.10111420057,48001.12342031349
4,2.7513344453711426,48028.56814723063,48018.61217329191
4,2.753461217681401,48045.93511099177,48036.00093859597
4,2.7555879899916595,48063.20252090955,48053.2902302802
4,2.757714762301918,48080.370890492704,48070.48056048986
4,2.759841534612177,48097.440731330884,48087.57243945853
4,2.7619683069224354,48114.412553092436,48104.56637550612
4,2.764095079232694,48131.28686352249,48121.46287503686
4,2.7662218515429524,48148.06416844107,48138.26244253748
4,2.768348623853211,48164.744971741435,48154.965580575554
4,2.7704753961634694,48181.32977538843,48171.57278979792
4,2.772602168473728,48197.819079417124,48188.084568929335
4,2.774728940783987,48214.213381931535,48204.50141477116
4,2.7768557130942453,48230.51317910344,48220.82382220029
4,2.7789824854045038,48246.71896517134,48237.0522841681
4,2.7811092577147623,48262.83123243966,48253.187291699636
4,2.7832360300250207,48278.85047127794,48269.229333892814
4,2.785362802335279,48294.77717012018,48285.17889791791
4,2.7874895746455377,48310.61181546439,48301.03646901699
4,2.7896163469557966,48326.35489187226,48316.80253050358
4,2.791743119266055,48342.00688196879,48332.47756376247
4,2.7938698915763136,48357.56826644226,48348.06204824958
4,2.795996663886572,48373.039524044216,48363.55646149196
4,2.7981234361968306,48388.42113158957,48378.96127908789
4,2.800250208507089,48403.71356395684,48394.27697470721
4,2.8023769808173475,48418.91729408846,48409.50402009159
4,2.8045037531276065,48434.03279299131,48424.64288505506
4,2.806630525437865,48449.06052973723,48439.69403748454
4,2.8087572977481234,48464.000971463756,48454.65794334061
4,2.810884070058382,48478.85458337488,48469.5350666582
4,2.8130108423686404,48493.621828741976,48484.32586954761
4,2.815137614678899,48508.30316890479,48499.03081219546
4,2.8172643869891574,48522.89906327257,48513.65035286582
4,2.8193911592994163,48537.409969325265,48528.18494790146
4,2.821517931609675,48551.83634261489,48542.6350517251
4,2.8236447039199333,48566.17863676689,48557.00111684092
4,2.8257714762301918,48580.437303481696,48571.28359383601
4,2.8278982485404502,48594.612792536325,48585.48293138202
4,2.8300250208507087,48608.70555178612,48599.59957623687
4,2.832151793160967,48622.71602716648,48613.63397324651
4,2.834278565471226,48636.644662694904,48627.58656534689
4,2.8364053377814846,48650.49190047278,48641.45779356589
4,2.838532110091743,48664.25818068767,48655.24809702539
4,2.8406588824020016,48677.94394161537,48668.9579129435
4,2.84278565471226,48691.54961962215,48682.58767663673
4,2.8449124270225186,48705.07564916717,48696.13782152238
4,2.847039199332777,48718.522462804875,48709.60877912095
4,2.849165971643036,48731.890491187485,48723.00097905863
4,2.8512927439532945,48745.180163067605,48736.31484906986
4,2.853419516263553,48758.39190530092,48749.550815000075
4,2.8555462885738114,48771.526142848925,48762.709300808354
4,2.85767306088407,48784.58329878175,48775.79072857028
4,2.859799833194329,48797.56379428109,48788.79551848085
4,2.8619266055045873,48810.468048643175,48801.72408885743
4,2.864053377814846,48823.29647928181,48814.57685614279
4,2.8661801501251043,48836.04950173154,48827.354234908205
4,2.868306922435363,48848.727529650845,48840.056637856695
4,2.8704336947456213,48861.33097482536,48852.68447582624
4,2.8725604670558798,48873.86024717132,48865.2381577931
4,2.8746872393661387,48886.31575473883,48877.71809087525
4,2.876814011676397,48898.69790371549,48890.12468033577
4,2.8789407839866556,48911.00709842981,48902.45832958643
4,2.881067556296914,48923.24374135489,48914.719440191235
4,2.8831943286071726,48935.40823311206,48926.90841187012
4,2.885321100917431,48947.500972474605,48939.02564250261
4,2.8874478732276896,48959.5223563716,48951.07152813162
4,2.8895746455379485,48971.47277989167,48963.04646296729
4,2.891701417848207,48983.35263628702,48974.95083939084
4,2.8938281901584655,48995.1623169773,48986.78504795856
4,2.895954962468724,49006.90221155367,48998.54947740577
4,2.8980817347789825,49018.572707782885,49010.24451465092
4,2.900208507089241,49030.1741916114,49021.87054479965
4,2.9023352793994994,49041.70704716961,49033.42795114897
4,2.9044620517097584,49053.17165677601,49044.91711519153
4,2.906588824020017,49064.56840094152,49056.33841661977
4,2.9087155963302753,49075.89765837389,49067.69223333035
4,2.910842368640534,49087.15980598193,49078.978941428446
4,2.9129691409507923,49098.35521888014,49090.19891523218
4,2.9150959132610508,49109.48427039301,49101.352527277035
4,2.9172226855713093,49120.54733205968,49112.440148320464
4,2.919349457881568,49131.54477363847,49123.46214734632
4,2.9214762301918267,49142.476963111425,49134.4188915695
4,2.923603002502085,49153.34426668913,49145.31074644059
4,2.9257297748123436,49164.14704881527,49156.13807565051
4,2.927856547122602,49174.88567217144,49166.90124113525
4,2.9299833194328606,49185.560497681916,49177.60060308061
4,2.932110091743119,49196.17188451849,49188.23651992701
4,2.934236864053378,49206.7201901053,49198.8093483743
4,2.9363636363636365,49217.205770123735,49209.31944338668
4,2.938490408673895,49227.62897851744,49219.76715819753
4,2.9406171809841535,49237.990167497184,49230.15284431442
4,2.942743953294412,49248.28968754593,49240.47685152405
4,2.9448707256046704,49258.527887423814,49250.739527897254
4,2.9469974979149294,49268.70511417334,49260.94121979409
4,2.949124270225188,49278.82171312433,49271.082271868865
4,2.9512510425354463,49288.87802789919,49281.163027075236
4,2.953377814845705,49298.87440041799,49291.18382667141
4,2.9555045871559633,49308.81117090372,49301.14501022523
4,2.957631359466222,49318.68867788746,49311.04691561943
4,2.9597581317764803,49328.5072582137,49320.88987905684
4,2.961884904086739,49338.26724704556,49330.67423506562
4,2.9640116763969977,49347.96897787014,49340.40031650454
4,2.966138448707256,49357.61278250385,49350.0684545683
4,2.9682652210175147,49367.19899109772,49359.67897879285
4,2.970391993327773,49376.72793214287,49369.23221706076
4,2.9725187656380316,49386.199932475836,49378.728495606505
4,2.97464553794829,49395.61531728408,49388.168139022026
4,2.976772310258549,49404.97441011134,49397.55147026198
4,2.9788990825688075,49414.2775328632,49406.878810649294
4,2.981025854879066,49423.52500581256,49416.1504798806
4,2.9831526271893245,49432.71714760511,49425.36679603165
4,2.985279399499583,49441.85427526491,49434.528075562965
4,2.9874061718098415,49450.93670419993,49443.63463332517
4,2.9895329441201,49459.96474820761,49452.686782564706
4,2.991659716430359,49468.93871948049,49461.684834929256
4,2.9937864887406174,49477.85892861175,49470.6291004734
4,2.995913261050876,49486.725684600875,49479.519887664144
4,2.9980400333611343,49495.53929485932,49488.35750338656
4,3.000166805671393,49504.300065216084,49497.142252949416
4,3.0022935779816513,49513.008299923466,49505.87444009076
4,3.00442035029191,49521.66430166267,49514.55436698362
4,3.0065471226021687,49530.268371549544,49523.1823342416
4,3.008673894912427,49538.82080914028,49531.75864092464
4,3.0108006672226857,49547.32191243713,49540.28358454463
4,3.012927439532944,49555.7719778941,49548.757461071116
4,3.0150542118432027,49564.17130042278,49557.18056493702
4,3.017180984153461,49572.520173398,49565.553189044374
4,3.0193077564637196,49580.818888663634,49573.87562476999
4,3.0214345287739786,49589.06773653838,49582.148161971265
4,3.023561301084237,49597.267005821515,49590.37108899186
4,3.0256880733944955,49605.416983798685,49598.54469266749
4,3.027814845704754,49613.517956247735,49606.6692583317
4,3.0299416180150125,49621.57020744444,49614.74506982156
4,3.032068390325271,49629.574020168395,49622.77240948353
4,3.0341951626355295,49637.52967570875,49630.75155817916
4,3.0363219349457884,49645.437453870094,49638.68279529092
4,3.038448707256047,49653.297632978254,49646.566398727984
4,3.0405754795663054,49661.1104898861,49654.40264493201
4,3.042702251876564,49668.876299979434,49662.19180888295
4,3.0448290241868223,49676.59533718278,49669.93416410482
4,3.046955796497081,49684.26787396522,49677.629982671606
4,3.0490825688073393,49691.8941813463,49685.27953521292
4,3.0512093411175982,49699.47452890181,49692.88309091994
4,3.0533361134278567,49707.009184769646,49700.44091755116
4,3.055462885738115,49714.49841565568,49707.953281438204
4,3.0575896580483737,49721.94248683959,49715.42044749168
4,3.059716430358632,49729.34166218072,49722.84267920694
4,3.0618432026688907,49736.696204123946,49730.22023866997
4,3.063969974979149,49744.00637370547,49737.553386563115
4,3.066096747289408,49751.272430558754,49744.842382170966
4,3.0682235195996665,49758.49463292031,49752.08748338615
4,3.070350291909925,49765.673237635536,49759.28894671514
4,3.0724770642201835,49772.80850016461,49766.44702728407
4,3.074603836530442,49779.90067458833,49773.56197884454
4,3.0767306088407005,49786.95001361391,49780.63405377943
4,3.078857381150959,49793.95676858086,49787.6635031087
4,3.080984153461218,49800.9211894668,49794.6505764952
4,3.0831109257714764,49807.8435248933,49801.59552225045
4,3.085237698081735,49814.72402213173,49808.498587340466
4,3.0873644703919934,49821.56292710904,49815.36001739148
4,3.089491242702252,49828.36048441359,49822.180056695826
4,3.0916180150125103,49835.11693730101,49828.95894821763
4,3.093744787322769,49841.83252769995,49835.69693359866
4,3.0958715596330277,49848.50749621793,49842.394253164006
4,3.097998331943286,49855.142082147075,49849.051145927944
4,3.1001251042535447,49861.73652347,49855.66784959962
4,3.102251876563803,49868.2910568655,49862.244600588834
4,3.1043786488740617,49874.8059177144,49868.781634011786
4,3.10650542118432,49881.281340105284,49875.27918369682
4,3.1086321934945786,49887.717556840296,49881.737482190096
4,3.1107589658048376,49894.11479944084,49888.156760761405
4,3.112885738115096,49900.47329815338,49894.53724940982
4,3.1150125104253545,49906.79328195518,49900.87917686943
4,3.117139282735613,49913.074978559984,49907.18277061502
4,3.1192660550458715,49919.31861442381,49913.4482568678
4,3.12139282735613,49925.524414750624,49919.675860601026
4,3.123519599666389,49931.692603498035,49925.865805545734
4,3.1256463719766474,49937.82340338302,49932.01831419638
4,3.127773144286906,49943.91703588761,49938.13360781646
4,3.1298999165971644,49949.97372126453,49944.21190644423
4,3.132026688907423,49955.9936785429,49950.253428898264
4,3.1341534612176813,49961.9771255339,49956.25839278312
4,3.13628023352794,49967.92427883638,49962.227014494965
4,3.1384070058381988,49973.835353842514,49968.15950922713
4,3.1405337781484572,49979.71056474344,49974.05609097571
4,3.1426605504587157,49985.55012453482,49979.91697254524
4,3.144787322768974,49991.35424502251,49985.742365554106
4,3.1469140950792327,49997.1231368281,49991.53248044023
4,3.149040867389491,50002.85700939451,49997.28752646658
4,3.1511676396997497,50008.55607099155,50003.00771172666
4,3.1532944120100086,50014.220528721475,50008.69324315011
4,3.155421184320267,50019.85058852455,50014.34432650815
4,3.1575479566305256,50025.446455184516,50019.96116641912
4,3.159674728940784,50031.00833233418,50025.54396635393
4,3.1618015012510425,50036.53642246088,50031.09292864157
4,3.163928273561301,50042.03092691197,50036.608254474544
4,3.1660550458715595,50047.49204590029,50042.09014391433
4,3.1681818181818184,50052.91997850968,50047.53879589678
4,3.170308590492077,50058.31492270037,50052.9544082376
4,3.1724353628023354,50063.67707531443,50058.33717763771
4,3.174562135112594,50069.006632081226,50063.687299688645
4,3.1766889074228524,50074.30378762279,50069.00496887792
4,3.178815679733111,50079.56873545924,50074.29037859445
4,3.1809424520433693,50084.80166801411,50079.54372113382
4,3.1830692243536283,50090.00277661978,50084.765187703684
4,3.1851959966638868,50095.17225152282,50089.95496842906
4,3.1873227689741452,50100.31028188923,50095.11325235762
4,3.1894495412844037,50105.41705580989,50100.24022746504
4,3.191576313594662,50110.49276030581,50105.33608066019
4,3.1937030859049207,50115.537581333374,50110.40099779049
4,3.195829858215179,50120.5517037897,50115.43516364708
4,3.197956630525438,50125.535311517844,50120.438761970094
4,3.2000834028356966,50130.488587312066,50125.411975453884
4,3.202210175145955,50135.411712923036,50130.35498575214
4,3.2043369474562136,50140.304869063075,50135.26797348321
4,3.206463719766472,50145.16823541133,50140.15111823516
4,3.2085904920767305,50150.001990618985,50145.00459857097
4,3.210717264386989,50154.806312314395,50149.82859203366
4,3.212844036697248,50159.581377108225,50154.623275151425
4,3.2149708090075064,50164.327360598654,50159.38882344274
4,3.217097581317765,50169.04443737639,50164.12541142143
4,3.2192243536280234,50173.73278102987,50168.83321260178
4,3.221351125938282,50178.39256415024,50173.51239950355
4,3.2234778982485404,50183.02395833654,50178.163143657024
4,3.225604670558799,50187.62713420064,50182.78561560809
4,3.2277314428690578,50192.20226137237,50187.37998492317
4,3.2298582151793163,50196.74950850446,50191.94642019426
4,3.2319849874895747,50201.2690432776,50196.485089043876
4,3.2341117597998332,50205.76103240538,50200.99615813004
4,3.2362385321100917,50210.22564163929,50205.4797931512
4,3.23836530442035,50214.663035773636,50209.93615885116
4,3.2404920767306087,50219.073378650515,50214.365419024005
4,3.2426188490408676,50223.45683316466,50218.76773651894
4,3.244745621351126,50227.81356126843,50223.14327324523
4,3.2468723936613846,50232.14372397662,50227.492190176985
4,3.248999165971643,50236.44748137134,50231.81464735809
4,3.2511259382819016,50240.7249926069,50236.11080390692
4,3.25325271059216,50244.97641591456,50240.38081802123
4,3.2553794829024185,50249.20190860743,50244.62484698287
4,3.2575062552126774,50253.4016270852,50248.84304716265
4,3.259633027522936,50257.57572683892,50253.035574024965
4,3.2617597998331944,50261.724362455796,50257.20258213267
4,3.263886572143453,50265.84768762391,50261.34422515166
4,3.2660133444537114,50269.94585513692,50265.46065585567
4,3.26814011676397,50274.019016898805,50269.55202613091
4,3.2702668890742284,50278.067323928495,50273.61848698072
4,3.2723936613844873,50282.090926364646,50277.66018853029
4,3.2745204336947458,50286.08997347015,50281.677280031174
4,3.2766472060050043,50290.06461363688,50285.669909866
4,3.2787739783152627,50294.014994390265,50289.638225553
4,3.2809007506255212,50297.941262393855,50293.58237375062
4,3.2830275229357797,50301.843563454,50297.50250026207
4,3.285154295246038,50305.72204252427,50301.39875003984
4,3.287281067556297,50309.57684371013,50305.27126719028
4,3.2894078398665556,50313.40811027338,50309.120194978015
4,3.291534612176814,50317.21598463673,50312.94567583052
4,3.2936613844870726,50321.000608388196,50316.74785134252
4,3.295788156797331,50324.76212228566,50320.526862280516
4,3.2979149291075895,50328.5006662613,50324.28284858713
4,3.300041701417848,50332.21637942603,50328.01594938555
4,3.302168473728107,50335.90940007383,50331.72630298398
4,3.3042952460383654,50339.57986568631,50335.41404687995
4,3.306422018348624,50343.22791293694,50339.079317764714
4,3.3085487906588824,50346.85367769549,50342.722251527535
4,3.310675562969141,50350.45729503238,50346.342983260125
4,3.3128023352793994,50354.03889922293,50349.94164726083
4,3.3149291075896583,50357.598623751794,50353.51837703897
4,3.317055879899917,50361.136601317114,50357.073305319136
4,3.3191826522101753,50364.65296383489,50360.606564045396
4,3.3213094245204338,50368.1478424432,50364.118284385564
4,3.3234361968306922,50371.62136750643,50367.60859673539
4,3.3255629691409507,50375.07366861951,50371.077630722735
4,3.327689741451209,50378.504874612096,50374.52551521187
4,3.329816513761468,50381.91511355275,50377.95237830749
4,3.3319432860717266,50385.30451275314,50381.358347358924
4,3.334070058381985,50388.67319877212,50384.74354896431
4,3.3361968306922436,50392.021297419946,50388.10810897459
4,3.338323603002502,50395.34893376228,50391.45215249774
4,3.3404503753127606,50398.65623212437,50394.7758039027
4,3.342577147623019,50401.9433160951,50398.07918682356
4,3.344703919933278,50405.21030853101,50401.36242416348
4,3.3468306922435365,50408.457331560356,50404.625638098805
4,3.348957464553795,50411.68450658717,50407.86895008302
4,3.3510842368640534,50414.89195429518,50411.09248085074
4,3.353211009174312,50418.07979465187,50414.29635042168
4,3.3553377814845704,50421.24814691241,50417.48067810459
4,3.357464553794829,50424.39712962359,50420.64558250121
4,3.359591326105088,50427.526860627775,50423.79118151015
4,3.3617180984153463,50430.637457066834,50426.917592330836
4,3.363844870725605,50433.729035385964,50430.02493146733
4,3.3659716430358633,50436.801711337655,50433.113314732225
4,3.3680984153461218,50439.85559998548,50436.18285725049
4,3.3702251876563802,50442.89081570798,50439.23367346326
4,3.3723519599666387,50445.90747220245,50442.265877131686
4,3.3744787322768977,50448.9056824888,50445.279581340685
4,3.376605504587156,50451.88555891326,50448.27489850274
4,3.3787322768974146,50454.84721315223,50451.251940361675
4,3.380859049207673,50457.790756215996,50454.21081799632
4,3.3829858215179316,50460.71629845248,50457.151641824275
4,3.38511259382819,50463.62394955092,50460.074521605646
4,3.3872393661384486,50466.51381854562,50462.979566446666
4,3.3893661384487075,50469.3860138196,50465.86688480339
4,3.391492910758966,50472.24064310829,50468.73658448537
4,3.3936196830692245,50475.07781350315,50471.58877265924
4,3.395746455379483,50477.89763145531,50474.42355585237
4,3.3978732276897414,50480.70020277917,50477.241039956454
4,3.4,50483.48563265605,50480.04133023106
5,0.85,122336.16684867641,122239.18949335854
5,0.8521267723102586,120447.14364910909,120351.30257027187
5,0.8542535446205171,118581.03224984657,118486.31920267183
5,0.8563803169307757,116737.64646248404,116644.0532180735
5,0.8585070892410341,114916.80093727716,114824.3192830998
5,0.8606338615512927,113118.31116356663,113026.9329039007
5,0.8627606338615512,111341.99347024005,111251.710426613
5,0.8648874061718098,109587.66502622851,109498.46903785216
5,0.8670141784820684,107855.14384103539,107767.02676523766
5,0.8691409507923269,106144.24876529384,106057.20247794683
5,0.8712677231025855,104454.79949135108,104368.81588729462
5,0.873394495412844,102786.61655387703,102701.68754733876
5,0.8755212677231026,101139.52133049355,101055.63885550447
5,0.877648040033361,99513.33604242373,99430.49205322993
5,0.8797748123436196,97907.8837551566,97826.07022662653
5,0.8819015846538782,96322.98837912684,96242.19730715464
5,0.8840283569641367,94758.47467040636,94678.69807231028
5,0.8861551292743953,93214.16823140428,93135.39814632158
5,0.8882819015846538,91689.89551157657,91612.12400085304
5,0.8904086738949124,90185.48380813835,90108.702955714
5,0.892535446205171,88700.76126678134,88624.96317957138
5,0.8946622185154295,87235.55688239125,87160.73369066241
5,0.8967889908256881,85789.70049976473,85715.84435750697
5,0.8989157631359466,84363.02281432338,84290.12589961685
5,0.9010425354462052,82955.35537282258,82883.40988820011
5,0.9031693077564636,81566.53057405457,81495.52874685933
5,0.9052960800667222,80196.38166954195,80126.31575227993
5,0.9074228523769808,78844.74276422206,78775.60503491029
5,0.9095496246872393,77511.44881711883,77443.23157962845
5,0.9116763969974979,76196.33564200105,76129.03122639527
5,0.9138031693077564,74899.23990802593,74832.8406708935
5,0.915929941618015,73619.99914036538,73554.49746514882
5,0.9180567139282736,72358.4517208146,72293.84001813341
5,0.9201834862385321,71114.43688838034,71050.70759634949
5,0.9223102585487907,69887.79473984845,69824.94032439133
5,0.9244370308590492,68678.36623032887,68616.37918548567
5,0.9265638031693078,67485.99317377624,67424.86602200684
5,0.9286905754795662,66310.51824348616,66250.2435359684
5,0.9308173477898248,65151.78497256411,65092.35528948635
5,0.9329441201000834,64009.637754367584,63951.04570521653
5,0.9350708924103419,62883.921842918855,62826.16006676218
5,0.9371976647206005,61774.48335328792,61717.54451905137
5,0.939324437030859,60681.16926194452,60625.04606868446
5,0.9414512093411176,59603.827407077966,59548.512584248165
5,0.9435779816513761,58542.30648888429,58487.79279659767
5,0.9457047539616347,57496.456069818494,57442.736299103955
5,0.9478315262718933,56466.12657481293,56413.19354786645
5,0.9499582985821518,55451.169291459104,55399.01586189
5,0.9520850708924103,54451.436370152565,54400.05542322455
5,0.9542118432026688,53466.78082420144,53416.16527706802
5,0.9563386155129274,52497.05652989503,52447.19933183027
5,0.9584653878231859,51542.118226534985,51493.01235915863
5,0.9605921601334445,50601.82151642548,50553.45999392294
5,0.9627189324437031,49676.02286482381,49628.39873416102
5,0.9648457047539616,48764.57959984945,48717.685940982454
5,0.9669724770642202,47867.34991235159,47821.17983843095
5,0.9690992493744787,46984.192855734764,46938.73951330465
5,0.9712260216847373,46114.968345741065,46070.22491493334
5,0.9733527939949957,45259.537160189975,45215.496854912926
5,0.9754795663052543,44417.76093867344,44374.41700679553
5,0.9776063386155129,43589.502182207885,43546.8479057361
5,0.9797331109257714,42774.624252840826,42732.652948094066
5,0.98185988323603,41972.991373212644,41931.69639098992
5,0.9839866555462886,41184.46862607357,41143.84335181714
5,0.9861134278565471,40408.92195375446,40368.95980770779
5,0.9882402001668056,39646.21815759196,39606.912594952606
5,0.9903669724770642,38896.22489730728,38857.569408374795
5,0.9924937447873228,38158.810690338956,38120.79880065768
5,0.9946205170975813,37433.84491112856,37396.47018162539
5,0.9967472894078399,36721.197790359605,36684.45381747686
5,0.9988740617180984,36020.740414149914,35984.62082997312
5,1.001000834028357,35332.34472319658,35296.84319557733
5,1.0031276063386154,34655.8835118735,34620.99374454742
5,1.0052543786488741,33991.23042728213,33956.94615998196
5,1.0073811509591326,33338.25996825478,33304.57497681852
5,1.009507923269391,32696.847484309983,32663.75558078425
5,1.0116346955796498,32066.86917456118,32034.364207299706
5,1.0137614678899083,31448.202086577876,31416.277940335272
5,1.0158882402001668,30840.72411519896,30809.374711219636
5,1.0180150125104253,30244.314001299295,30213.53329740177
5,1.020141784820684,29658.85133050876,29628.63332116521
5,1.0222685571309424,29084.216531884602,29054.555248295725
5,1.024395329441201,28520.290876535983,28491.18038670127
5,1.0265221017514596,27966.956476202366,27938.390884985805
5,1.0286488740617181,27424.09628178508,27396.069730976233
5,1.0307756463719766,26891.59408183187,26864.100750202448
5,1.032902418682235,26369.334500975558,26342.368604331554
5,1.0350291909924938,25857.202998326313,25830.75878955561
5,1.0371559633027523,25355.085865818233,25329.157634933865
5,1.0392827356130108,24862.87022650979,24837.452300688725
5,1.0414095079232695,24380.44403283913,24355.530776456846
5,1.043536280233528,23907.696064834417,23883.28187949506
5,1.0456630525437864,23444.515928278735,23420.59525284104
5,1.047789824854045,22990.794052830788,22967.361363429867
5,1.0499165971643036,22546.42169010132,22523.47150016611
5,1.0520433694745621,22111.29091168563,22088.81777195233
5,1.0541701417848206,21685.29460715211,21663.293105673452
5,1.0562969140950793,21268.326481988013,21246.7912441385
5,1.0584236864053378,20860.28105550227,20839.206743979386
5,1.0605504587155963,20461.05365868547,20440.434973506875
5,1.0626772310258548,20070.540432028163,20050.37211052501
5,1.0648040033361135,19688.638323297168,19668.91514010354
5,1.066930775646372,19315.24508527095,19295.96185230937
5,1.0690575479566304,18950.25927343363,18931.410839896824
5,1.0711843202668891,18593.580243629007,18575.161495957924
5,1.0733110925771476,18245.10814967456,18227.114011532627
5,1.0754378648874061,17904.743940935623,17887.169373179357
5,1.0775646371976646,17572.389359860856,17555.22936050682
5,1.0796914095079233,17247.946939478898,17231.196543667138
5,1.0818181818181818,16931.320000857166,16914.97428081103
5,1.0839449541284403,16622.412650522652,16606.46671550518
5,1.086071726438699,16321.129777845928,16305.578774112757
5,1.0881984987489575,16027.377052388521,16012.21616313742
5,1.090325271059216,15741.060921213906,15726.285366530916
5,1.0924520433694744,15462.088606163175,15447.693642965492
5,1.0945788156797331,15190.368101095519,15176.349023071067
5,1.0967055879899916,14925.808169094296,14912.160306638096
5,1.09883236030025,14668.318339638798,14655.037059786207
5,1.1009591326105088,14417.808905742872,14404.889612099614
5,1.1030859049207673,14174.1909210605,14161.629053729703
5,1.1052126772310258,13937.37619695886,13925.16723246502
5,1.1073394495412843,13707.2772995598,13695.416750769755
5,1.109466221851543,13483.807546749846,13472.290962790827
5,1.1115929941618015,13266.881005159712,13255.703971334504
5,1.11371976647206,13056.412487113374,13045.570624812626
5,1.1158465387823187,12852.317547547835,12841.806514159558
5,1.1179733110925771,12654.51248090381,12644.327969720143
5,1.1201000834028356,12462.914317987856,12453.05205810911
5,1.122226855713094,12277.440822806788,12267.896579042848
5,1.1243536280233528,12098.010489374743,12088.78006214383
5,1.1264804003336113,11924.542538493602,11915.621763718495
5,1.1286071726438698,11756.956914507164,11748.34166350888
5,1.1307339449541285,11595.174282029868,11586.860461418895
5,1.132860717264387,11439.116022650633,11431.099574215677
5,1.1349874895746455,11288.704231612084,11280.9811322065
5,1.137114261884904,11143.861714466213,11136.427975892046
5,1.1392410341951626,11004.511983706703,10997.363652596483
5,1.1413678065054211,10870.579255378745,10863.712413074983
5,1.1434945788156798,10741.988445666606,10735.399208099123
5,1.1456213511259383,10618.665167459994,10612.349685021103
5,1.1477481234361968,10500.535726899348,10494.49018431687
5,1.1498748957464553,10387.527119900935,10381.747736109206
5,1.1520016680567138,10279.56702866222,10274.050056671053
5,1.1541284403669725,10176.583818148098,10171.325544909761
5,1.156255212677231,10078.506532558622,10073.503278832888
5,1.1583819849874897,9985.26489177865,9980.513011995947
5,1.1605087572977482,9896.789287810256,9892.285169932984
5,1.1626355296080066,9813.010781188153,9808.75084657019
5,1.1647623019182651,9733.861097379024,9729.841800623468
5,1.1668890742285236,9659.272623165061,9655.490451980268
5,1.1690158465387823,9589.178403012465,9585.629878066387
5,1.1711426188490408,9523.512135425399,9520.193810198309
5,1.1732693911592995,9462.20816928589,9459.11662992152
5,1.175396163469558,9405.20150018044,9402.333365335548
5,1.1775229357798165,9352.427766713645,9349.779687406097
5,1.179649708090075,9303.823246809614,9301.391906264982
5,1.1817764804003335,9259.324854001568,9257.106967498317
5,1.1839032527105922,9218.870133710263,9216.862448423544
5,1.1860300250208506,9182.397259511761,9180.596554355863
5,1.1881567973311093,9149.845029395034,9148.24811486453
5,1.1902835696413678,9121.15286201005,9119.756580019679
5,1.1924103419516263,9096.260792906767,9095.06201663009
5,1.1945371142618848,9075.109470765621,9074.105104472495
5,1.1966638865721433,9057.640153620032,9056.827132512924
5,1.198790658882402,9043.794705071425,9043.169995120632
5,1.2009174311926605,9033.515590497316,9033.076188275101
5,1.2030442035029192,9026.745873252943,9026.488805766645
5,1.2051709758131777,9023.429210866976,9023.351535391123
5,1.2072977481234362,9023.51027621531,9023.609219790585
5,1.2094245204336946,9026.942799711394,9027.216269284876
5,1.2115512927439533,9033.687998644664,9034.133937498942
5,1.2136780650542118,9043.706389269082,9044.322687790824
5,1.2158048373644703,9056.957594643456,9057.742096952003
5,1.217931609674729,9073.400469634418,9074.350979869168
5,1.2200583819849875,9092.99321880895,9094.107507080538
5,1.222185154295246,9115.69350736196,9116.969315373057
5,1.2243119266055045,9141.458565238061,9142.89361158036
5,1.2264386989157632,9170.245284618786,9171.837269753292
5,1.2285654712260217,9202.010310956635,9203.756921884971
5,1.2306922435362802,9236.710127746148,9238.609042381062
5,1.2328190158465389,9274.301135229389,9276.350026472983
5,1.2349457881567973,9314.739723239087,9316.936262777725
5,1.2370725604670558,9357.982338387432,9360.324200212448
5,1.2391993327773143,9403.985545811747,9406.470409475376
5,1.241326105087573,9452.706085690812,9455.331639306885
5,1.2434528773978315,9504.100924746872,9506.86486774596
5,1.24557964970809,9558.127302948926,9561.027348597661
5,1.2477064220183487,9614.742775632378,9617.776653326739
5,1.2498331943286072,9673.905251249149,9677.070708591482
5,1.2519599666388657,9735.573024960551,9738.867829630059
5,1.2540867389491241,9799.704808282699,9803.126749709048
5,1.2562135112593829,9866.259754991417,9869.806645841038
5,1.2583402835696413,9935.197483490087,9938.867160974609
5,1.2604670558798998,10006.478095840135,10010.268422856238
5,1.2625938281901585,10080.062193649424,10083.971059759253
5,1.264720600500417,10155.910891009433,10159.936213270521
5,1.2668473728106755,10233.985824667307,10238.125548320755
5,1.268974145120934,10314.249161613543,10318.501260639012
5,1.2711009174311927,10396.663604261139,10401.02608180695
5,1.2732276897414512,10481.192393386293,10485.663282082762
5,1.2753544620517097,10567.799308995576,10572.376671159416
5,1.2774812343619684,10656.448669278423,10661.13059701582
5,1.2796080066722268,10747.105327798366,10751.889943014106
5,1.2817347789824853,10839.734669070778,10844.620123390534
5,1.2838615512927438,10934.302602668735,10939.287077281322
5,1.2859883236030025,11030.775555993263,11035.85726141954
5,1.288115095913261,11129.120465838225,11134.297641632904
5,1.2902418682235195,11229.304768874641,11234.575683267132
5,1.2923686405337782,11331.296391173282,11336.659340653403
5,1.2944954128440367,11435.063736879065,11440.517045733157
5,1.2966221851542952,11540.57567614528,11546.117695948093
5,1.2987489574645537,11647.80153242999,11653.430641497398
5,1.3008757297748124,11756.711069252011,11762.425672059388
5,1.3030025020850708,11867.274476498354,11873.073003069203
5,1.3051292743953293,11979.46235637024,11985.343261639458
5,1.307256046705588,12093.245709049485,12099.207472205342
5,1.3093828190158465,12208.595918162384,12214.637041971188
5,1.311509591326105,12325.484736113736,12331.603746230772
5,1.3136363636363635,12443.884269358457,12450.079713628762
5,1.3157631359466222,12563.766963674409,12570.037411426565
5,1.3178899082568807,12685.105589495308,12691.44963083136
5,1.3200166805671394,12807.873227358761,12814.289472443066
5,1.3221434528773979,12932.043253519898,12938.530331869608
5,1.3242702251876564,13057.58932577785,13064.145885557464
5,1.3263969974979148,13184.485369557835,13191.110076880166
5,1.3285237698081733,13312.705564288537,13319.397102524159
5,1.330650542118432,13442.224330110606,13448.98139920779
5,1.3327773144286905,13573.016314948847,13579.837630765738
5,1.3349040867389492,13705.056381977594,13711.940675628251
5,1.3370308590492077,13838.319597505139,13845.265614720987
5,1.3391576313594662,13972.781219300894,13979.787719808879
5,1.3412844036697247,14108.416685385311,14115.482442303928
5,1.3434111759799832,14245.201603300373,14252.325402554723
5,1.3455379482902419,14383.111739875727,14390.292379632481
5,1.3476647206005004,14522.123011502932,14529.359301626018
5,1.349791492910759,14662.211474928221,14669.502236455966
5,1.3519182652210175,14803.3533185714,14810.69738321572
5,1.354045037531276,14945.524854377181,14952.92106404527
5,1.3561718098415345,15088.7025102023,15096.149716541251
5,1.358298582151793,15232.86282274065,15240.35988670525
5,1.3604253544620517,15377.982430986383,15385.528222430337
5,1.3625521267723102,15524.0380702334,15531.631467524046
5,1.364678899082569,15671.006566608168,15678.646456264767
5,1.3668056713928274,15818.864832130917,15826.55010848644
5,1.3689324437030859,15967.589860299518,15975.31942518583
5,1.3710592160133444,16117.158722188253,16124.93148464454
5,1.3731859883236028,16267.548563053257,16275.363439057404
5,1.3753127606338615,16418.736599434666,16426.592511657367
5,1.37743953294412,16570.700116744854,16578.595994325995
5,1.3795663052543787,16723.41646733116,16731.35124567818
5,1.3816930775646372,16876.863069000297,16884.835689607993
5,1.3838198498748957,17031.01740399143,17039.026814282784
5,1.3859466221851542,17185.857018383635,17193.90217157109
5,1.3880733944954127,17341.35952192321,17349.43937688985
5,1.3902001668056714,17497.50258825556,17505.61610945558
5,1.3923269391159299,17654.26395554587,17662.410112923746
5,1.3944537114261886,17811.62142747266,17819.799196400323
5,1.396580483736447,17969.552874577297,17977.76123580873
5,1.3987072560467055,18128.036235953172,18136.2741755956
5,1.400834028356964,18287.049521257017,18295.316030758135
5,1.4029608006672225,18446.570813025493,18454.86488917591
5,1.4050875729774812,18606.57826927952,18614.898914229747
5,1.4072143452877397,18767.050126398903,18775.396347690108
5,1.4093411175979984,18927.96470225009,18936.335512857935
5,1.411467889908257,19089.300399549124,19097.69481793986
5,1.4135946622185154,19251.035709442993,19259.452759641135
5,1.4157214345287739,19413.14921529169,19421.587926958513
5,1.4178482068390323,19575.619596634104,19584.07900515619
5,1.419974979149291,19738.42563332079,19746.904779907913
5,1.4221017514595498,19901.54620979688,19910.044141588456
5,1.4242285237698082,20064.9603195187,20073.476089698204
5,1.4263552960800667,20228.647069488085,20237.179737404556
5,1.4284820683903252,20392.58568488829,20401.13431618431
5,1.4306088407005837,20556.75551380618,20565.319180551676
5,1.4327356130108422,20721.1360320256,20729.713812856677
5,1.4348623853211009,20885.706847877016,20894.29782813927
5,1.4369891576313596,21050.447707129184,21059.050979024836
5,1.439115929941618,21215.338497908975,21223.953160647114
5,1.4412427022518766,21380.359255635834,21388.984415585262
5,1.443369474562135,21545.49016795781,21554.124938801815
5,1.4454962468723935,21710.71157967663,21719.355082569207
5,1.447623019182652,21876.003997649826,21884.6553613727
5,1.4497497914929107,22041.3480956583,22050.006456778272
5,1.4518765638031694,22206.72471922804,22215.389222254118
5,1.454003336113428,22372.114890395802,22380.784687935688
5,1.4561301084236864,22537.499812408314,22546.174065323656
5,1.4582568807339449,22702.86087434556,22711.538751905675
5,1.4603836530442034,22868.179655659114,22876.86033569261
5,1.4625104253544619,23033.4379306169,23042.120599660928
5,1.4646371976647206,23198.61767264642,23207.301526093026
5,1.4667639699749793,23363.701058568724,23372.38530080812
5,1.4688907422852377,23528.670472716345,23537.35431727657
5,1.4710175145954962,23693.508510928485,23702.191180611313
5,1.4731442869057547,23858.197984417307,23866.878711429945
5,1.4752710592160132,24022.721923500045,24031.399949582512
5,1.477397831526272,24187.063581191556,24195.738157739335
5,1.4795246038365304,24351.206436652832,24359.87682483467
5,1.481651376146789,24515.13419849141,24523.79966936202
5,1.4837781484570476,24678.830807909588,24687.490642517012
5,1.485904920767306,24842.2804416977,24850.933931185267
5,1.4880316930775646,25005.46751506912,25014.113960771727
5,1.490158465387823,25168.37668433482,25177.015397869494
5,1.4922852376980817,25330.99284941546,25339.623152765984
5,1.4944120100083402,25493.301156189125,25501.922381784796
5,1.496538782318599,25655.286998673924,25663.898489462095
5,1.4986655546288574,25816.936021043868,25825.53713055651
5,1.500792326939116,25978.23411947828,25986.82421189227
5,1.5029190992493744,26139.167443843835,26147.745894035063
5,1.5050458715596329,26299.722399209728,26308.288592800953
5,1.5071726438698916,26459.885647196395,26468.43898059886
5,1.50929941618015,26619.644107158245,26628.183987607044
5,1.5114261884904088,26778.984957201836,26787.51080278505
5,1.5135529608006673,26937.89563504028,26946.40687472195
5,1.5156797331109257,27096.363838685866,27104.85991232278
5,1.5178065054211842,27254.377526982338,27262.85788533476
5,1.5199332777314427,27411.924919979,27420.389024715314
5,1.5220600500417014,27568.99449914883,27577.441822844234
5,1.52418682235196,27725.575007452877,27734.005033582234
5,1.5263135946622186,27881.655449253878,27890.06767217876
5,1.528440366972477,28037.22509008136,28045.61901503136
5,1.5305671392827356,28192.273456251685,28200.648599300217
5,1.532693911592994,28346.790334345707,28355.14622238028
5,1.5348206839032525,28500.76577054747,28509.10194123463
5,1.5369474562135113,28654.1900698472,28662.50607159224
5,1.5390742285237697,28807.053795112028,28815.349187013595
5,1.5412010008340284,28959.347766028135,28967.622117827905
5,1.543327773144287,29111.0630579176,29119.31594994511
5,1.5454545454545454,29262.191000434213,29270.422023547017
5,1.547581317764804,29412.72317614143,29420.931931660718
5,1.5497080900750624,29562.651418976726,29570.83751861856
5,1.551834862385321,29711.967812606104,29720.13087840843
5,1.5539616346955796,29860.66468867255,29868.804352918163
5,1.5560884070058383,30008.73462494273,30016.850530078274
5,1.5582151793160968,30156.170443355426,30164.262241906647
5,1.5603419516263553,30302.965207976165,30311.032562459564
5,1.5624687239366137,30449.112222861666,30457.154805692706
5,1.5645954962468722,30594.605029838378,30602.62252323637
5,1.566722268557131,30739.43740619882,30747.429502088744
5,1.5688490408673894,30883.603362319853,30891.569762231135
5,1.5709758131776481,31027.09713920694,31035.0375541695
5,1.5731025854879066,31169.91320596791,31177.827356405458
5,1.575229357798165,31312.046257220565,31319.933872841448
5,1.5773561301084236,31453.491210437613,31461.352030123337
5,1.579482902418682,31594.24320323293,31602.076974924385
5,1.5816096747289408,31734.297590592767,31742.10407117455
5,1.5837364470391992,31873.649942055672,31881.428897238384
5,1.585863219349458,32012.296038844797,32020.047243045672
5,1.5879899916597164,32150.231870955955,32157.95510717783
5,1.590116763969975,32287.453634205274,32295.148693914103
5,1.5922435362802334,32423.957727239518,32431.62441024061
5,1.594370308590492,32559.740748512726,32567.378862825677
5,1.5964970809007506,32694.799493232356,32702.408854965037
5,1.5986238532110093,32829.13095027811,32836.71138349964
5,1.6007506255212678,32962.73229909671,32970.2836357097
5,1.6028773978315263,33095.60090657561,33103.12298618762
5,1.6050041701417848,33227.73432389866,33235.22699369319
5,1.6071309424520432,33359.130283386556,33366.59339799359
5,1.6092577147623017,33489.78669532505,33497.22011669115
5,1.6113844870725604,33619.70164478355,33627.10524204188
5,1.6135112593828191,33748.87338842674,33756.24703776686
5,1.6156380316930776,33877.30035132193,33884.643935859654
5,1.617764804003336,34004.98112374454,34012.29453339182
5,1.6198915763135946,34131.91445798406,34139.19758931908
5,1.622018348623853,34258.09926515297,34265.3520212905
5,1.6241451209341116,34383.53461200064,34390.756902462796
5,1.6262718932443703,34508.219717734704,34515.411458322065
5,1.628398665554629,34632.15395085145,34639.3150635148
5,1.6305254378648875,34755.336825977836,34762.46723869043
5,1.632652210175146,34877.768000726544,34884.86764735714
5,1.6347789824854044,34999.44727256612,35006.51609275269
5,1.636905754795663,35120.37457570788,35127.412514732205
5,1.6390325271059214,35240.54997801135,35247.55698667444
5,1.64115929941618,35359.973677909664,35366.94971240815
5,1.6432860717264388,35478.64600135644,35485.59102316005
5,1.6454128440366973,35596.567398795865,35603.481374525785
5,1.6475396163469558,35713.73844215691,35720.62134346545
5,1.6496663886572143,35830.1598218732,35837.01162532455
5,1.6517931609674728,35945.83234392989,35952.65303088197
5,1.6539199332777315,36060.75692693826,36067.546483426035
5,1.65604670558799,36174.93459923957,36181.69301585951
5,1.6581734778982486,36288.36649603894,36295.093767834886
5,1.6603002502085071,36401.0538565702,36407.749982920504
5,1.6624270225187656,36512.998021292704,36519.66300579887
5,1.664553794829024,36624.20042912075,36630.83427949749
5,1.6666805671392826,36734.662614686604,36741.265342653234
5,1.6688073394495413,36844.38620563756,36850.95782681108
5,1.6709341117597998,36953.372919967886,36959.913453757355
5,1.6730608840700585,37061.6245633862,37068.134032888745
5,1.675187656380317,37169.14302671864,37175.62145861705
5,1.6773144286905755,37275.93028334861,37282.377707810316
5,1.679441201000834,37381.9883866932,37388.404837271075
5,1.6815679733110924,37487.319467716996,37493.704981251474
5,1.6836947456213511,37591.92573248329,37598.28034900631
5,1.6858215179316096,37695.809459743214,37702.13322238356
5,1.6879482902418683,37798.972998562975,37805.2659534534
5,1.6900750625521268,37901.41876598932,37907.6809621752
5,1.6922018348623853,38003.149244753535,38009.380734103106
5,1.6943286071726438,38104.16698101397,38110.36781813025
5,1.6964553794829023,38204.47458213723,38210.64482427154
5,1.698582151793161,38304.074714518094,38310.21442148516
5,1.7007089241034195,38402.970101438164,38409.07933553288
5,1.7028356964136782,38501.16352096332,38507.24234687905
5,1.7049624687239366,38598.65780387957,38604.70628862819
5,1.7070892410341951,38695.4558316679,38701.47404450127
5,1.7092160133444536,38791.56053451727,38797.54854685038
5,1.711342785654712,38886.974889376084,38892.93277471178
5,1.7134695579649708,38981.70191804189,38987.62975189718
5,1.7155963302752293,39075.744685288984,39081.642545122864
5,1.717723102585488,39169.106297033984,39174.974262176846
5,1.7198498748957465,39261.78989853879,39267.628050123334
5,1.721976647206005,39353.79867265095,39359.60709354466
5,1.7241034195162634,39445.13583808115,39450.91461282025
5,1.726230191826522,39535.80464771733,39541.553862442226
5,1.7283569641367806,39625.80838697536,39631.528129367594
5,1.7304837364470391,39715.1503721858,39720.8407314064
5,1.7326105087572978,39803.83394901652,39809.49501564591
5,1.7347372810675563,39891.86249093069,39897.49435690991
5,1.7368640533778148,39979.23939767992,39984.84215625332
5,1.7389908256880733,40065.96809383214,40071.541839491445
5,1.7411175979983318,40152.05202733365,40157.59685576343
5,1.7432443703085905,40237.494668105275,40243.010676129736
5,1.745371142618849,40322.299506671894,40327.78679220303
5,1.7474979149291077,40406.47005282521,40411.928714812224
5,1.7496246872393661,40490.00983431898,40495.43997269909
5,1.7517514595496246,40572.922395596725,40578.32411124717
5,1.7538782318598831,40655.2112965511,40660.584691242446
5,1.7560050041701416,40736.88011131461,40742.225287665264
5,1.7581317764804003,40817.932427081294,40823.24948851327
5,1.7602585487906588,40898.371842958855,40903.66089365473
5,1.7623853211009175,40978.20196885077,40983.46311371177
5,1.764512093411176,41057.4264243679,41062.65976897321
5,1.7666388657214345,41136.04883776925,41141.254488336395
5,1.768765638031693,41214.072844931245,41219.25090827766
5,1.7708924103419514,41291.50208834522,41296.652671850825
5,1.7730191826522101,41368.340216142526,41373.46342771344
5,1.7751459549624686,41444.59088114676,41449.68682918011
5,1.7772727272727273,41520.25773995301,41525.326533302585
5,1.7793994995829858,41595.34445203297,41600.386199976114
5,1.7815262718932443,41669.85467886614,41674.86949107147
5,1.7836530442035028,41743.79208309618,41748.78006959241
5,1.7857798165137613,41817.16032771223,41822.121598857804
5,1.78790658882402,41889.96307525458,41894.89774170834
5,1.7900333611342787,41962.20398704419,41967.11215973692
5,1.7921601334445372,42033.88672243584,42038.76851254272
5,1.7942869057547957,42105.014938094195,42109.870457008044
5,1.7964136780650541,42175.592287292384,42180.42164659788
5,1.7985404503753126,42245.62241923277,42250.425730681454
5,1.8006672226855711,42315.108978389384,42319.88635387541
5,1.8027939949958298,42384.055603871515,42388.807155408285
5,1.8049207673060885,42452.46592880806,42457.191768505625
5,1.807047539616347,42520.3435797523,42525.04381979545
5,1.8091743119266055,42587.69217610656,42592.366928733725
5,1.811301084236864,42654.51532956629,42659.16470704916
5,1.8134278565471225,42720.81664358322,42725.44075820701
5,1.815554628857381,42786.59971284723,42791.19867689174
5,1.8176814011676397,42851.8681227864,42856.44204850758
5,1.8198081734778984,42916.62544908477,42921.17444869713
5,1.8219349457881568,42980.87525721777,42985.39944287726
5,1.8240617180984153,43044.621102004385,43049.12058579203
5,1.8261884904086738,43107.866527176186,43112.34142108221
5,1.8283152627189323,43170.615064962425,43175.06548087105
5,1.830442035029191,43232.870235691094,43237.29628536588
5,1.8325688073394495,43294.635547405385,43299.037342475145
5,1.8346955796497082,43355.91449549538,43360.292147440545
5,1.8368223519599667,43416.71056234434,43421.06418248401
5,1.8389491242702252,43477.02721698953,43481.356916468925
5,1.8410758965804837,43536.86791479692,43541.173804575345
5,1.8432026688907421,43596.236097149755,43600.51828798906
5,1.8453294412010008,43655.135191150264,43659.39379360383
5,1.8474562135112593,43713.56860933455,43717.80373373664
5,1.849582985821518,43771.53974940011,43775.75150585569
5,1.8517097581317765,43829.05199394559,43833.24049232068
5,1.853836530442035,43886.10871022278,43890.27406013505
5,1.8559633027522935,43942.713249900175,43946.8555607101
5,1.858090075062552,43998.86894883794,44002.988329640284
5,1.8602168473728105,44054.579126874094,44058.67568648979
5,1.8623436196830694,44109.84708762147,44113.92093458981
5,1.8644703919933279,44164.676118275056,44168.72736084637
5,1.8665971643035864,44219.069489429785,44223.09823555837
5,1.8687239366138448,44273.03045490818,44277.03681224557
5,1.8708507089241033,44326.562251597614,44330.54632748624
5,1.8729774812343618,44379.66809929714,44383.63000076424
5,1.8751042535446203,44432.35120057329,44436.291034325186
5,1.8772310258548792,44484.61474062494,44488.532613041505
5,1.8793577981651377,44536.46188715663,44540.3579042862
5,1.8814845704753962,44587.895790260445,44591.770057814894
5,1.8836113427856547,44638.91958230596,44642.772205656074
5,1.8857381150959132,44689.53637783809,44693.36746200916
5,1.8878648874061716,44739.74927348258,44743.5589231504
5,1.8899916597164301,44789.561347859075,44793.34966734596
5,1.892118432026689,44838.9756615013,44842.742754772495
5,1.8942452043369475,44887.99525678427,44891.74122744454
5,1.896371976647206,44936.62315785833,44940.34810914876
5,1.8984987489574645,44984.86237058979,44988.56640538483
5,1.900625521267723,45032.71588250788,45036.399103312535
5,1.9027522935779815,45080.18666275798,45083.84917170524
5,1.90487906588824,45127.277662060755,45130.91956090921
5,1.907005838198499,45173.9918126772,45177.61320280882
5,1.9091326105087574,45220.3320283792,45223.93301079728
5,1.9112593828190159,45266.301204425545,45269.881879752895
5,1.9133861551292743,45311.90221754335,45315.4626860205
5,1.9155129274395328,45357.137925914285,45360.67828739807
5,1.9176396997497913,45402.01116916605,45405.531523128084
5,1.9197664720600498,45446.52476836833,45450.025213893794
5,1.9218932443703087,45490.68152603353,45494.1621618201
5,1.9240200166805672,45534.48422612184,45537.94515047867
5,1.9261467889908257,45577.93563405071,45581.376944897565
5,1.9282735613010842,45621.03849670828,45624.46029157484
5,1.9304003336113427,45663.79554247102,45667.197918496255
5,1.9325271059216012,45706.20948122508,45709.59253515671
5,1.9346538782318596,45748.283004391364,45751.64683258555
5,1.9367806505421186,45790.0187849543,45793.3634833753
5,1.938907422852377,45831.419477493866,45834.745141713865
5,1.9410341951626355,45872.487718221215,45875.79444342022
5,1.943160967472894,45913.22612501719,45916.514005983045
5,1.9452877397831525,45953.63729747419,45956.90642860267
5,1.947414512093411,45993.72381694083,45996.97429223577
5,1.9495412844036695,46033.48824656952,46036.72015964308
5,1.9516680567139284,46072.933131366764,46076.146575439794
5,1.9537948290241869,46112.060998246074,46115.256066148475
5,1.9559216013344454,46150.8743560835,46154.05114025464
5,1.9580483736447039,46189.3756957754,46192.53428826475
5,1.9601751459549623,46227.56749029874,46230.70798276637
5,1.9623019182652208,46265.45219477346,46268.57467849074
5,1.9644286905754793,46303.032246527066,46306.13681237736
5,1.9665554628857382,46340.31006516124,46343.39680364066
5,1.9686822351959967,46377.28805262032,46380.35705383854
5,1.9708090075062552,46413.968593261794,46417.01994694292
5,1.9729357798165137,46450.35405392848,46453.38784941193
5,1.9750625521267722,46486.44678402236,46489.46311026382
5,1.9771893244370307,46522.24911558018,46525.248061152626
5,1.9793160967472891,46557.76336335047,46560.7450164451
5,1.981442869057548,46592.99182487203,46595.95627329944
5,1.9835696413678066,46627.936780553886,46630.884111745065
5,1.985696413678065,46662.60049375656,46665.53079476408
5,1.9878231859883235,46696.985210874525,46699.89856837368
5,1.989949958298582,46731.093161419936,46733.98966170987
5,1.9920767306088405,46764.9265581074,46767.806287112384
5,1.9942035029190994,46798.48759693989,46801.35064021054
5,1.996330275229358,46831.77845729565,46834.62490001015
5,1.9984570475396164,46864.801302015956,46867.631228981365
5,2.000583819849875,46897.5582774939,46900.371773147446
5,2.0027105921601334,46930.051513763945,46932.84866217428
5,2.004837364470392,46962.283124592155,46965.06400946075
5,2.0069641367806503,46994.25520756741,46997.01991222985
5,2.0090909090909093,47025.96984419298,47028.718451620385
5,2.0112176814011677,47057.42909997899,47060.16169277929
5,2.0133444537114262,47088.635024535346,47091.35168495473
5,2.0154712260216847,47119.589651665214,47122.290461589495
5,2.017597998331943,47150.294999459,47152.980040415
5,2.0197247706422017,47180.75307038877,47183.42242354574
5,2.02185154295246,47210.965851403074,47213.619597574085
5,2.023978315262719,47240.93531402223,47243.57353366561
5,2.0261050875729776,47270.663414433715,47273.28618765449
5,2.028231859883236,47300.15209358818,47302.75950013942
5,2.0303586321934946,47329.403277295394,47331.99539657972
5,2.032485404503753,47358.41887632062,47360.9957873916
5,2.0346121768140115,47387.20078648114,47389.76256804472
5,2.03673894912427,47415.75088874289,47418.29761915885
5,2.038865721434529,47444.07104931724,47446.60280660057
5,2.0409924937447874,47472.16311975792,47474.679981580295
5,2.043119266055046,47500.028937057934,47502.53098074913
5,2.0452460383653044,47527.670323746606,47530.15762629593
5,2.047372810675563,47555.089087986526,47557.56172604425
5,2.0494995829858214,47582.287023670615,47584.74507354938
5,2.05162635529608,47609.26591051902,47611.70944819525
5,2.0537531276063388,47636.02751417607,47638.456615291405
5,2.0558798999165973,47662.573586307015,47664.98832616971
5,2.0580066722268557,47688.90586469479,47691.30631828113
5,2.0601334445371142,47715.02607333657,47717.412315292255
5,2.0622602168473727,47740.9359225402,47743.30802718173
5,2.064386989157631,47766.63710902041,47768.99515033649
5,2.0665137614678897,47792.13131599493,47794.47536764786
5,2.0686405337781486,47817.42021328035,47819.750348607384
5,2.070767306088407,47842.50545738766,47844.8217494024
5,2.0728940783986656,47867.38869161782,47869.69121301152
5,2.075020850708924,47892.0715461567,47894.360369299684
5,2.0771476230191825,47916.555638170095,47918.830835113054
5,2.079274395329441,47940.8425718982,47943.104214373554
5,2.0814011676396995,47964.93393874992,47967.18209817317
5,2.0835279399499584,47988.831317396856,47991.066064867875
5,2.085654712260217,48012.536273866855,48014.7576801712
5,2.0877814845704754,48036.050361637375,48038.25849724759
5,2.089908256880734,48059.375121728364,48061.570056805314
5,2.0920350291909924,48082.51208279485,48084.693887189
5,2.094161801501251,48105.46276121913,48107.63150447179
5,2.0962885738115093,48128.2286612026,48130.38441254721
5,2.0984153461217683,48150.81127485712,48152.954103220545
5,2.1005421184320268,48173.21208229605,48175.34205629981
5,2.1026688907422852,48195.43255172484,48197.54973968635
5,2.1047956630525437,48217.47413953123,48219.578609465054
5,2.106922435362802,48239.33829037494,48241.43010999398
5,2.1090492076730607,48261.026437277,48263.10567399376
5,2.111175979983319,48282.54000170863,48284.606722636425
5,2.113302752293578,48303.88039367961,48305.93466563373
5,2.1154295246038366,48325.04901182629,48327.090901325166
5,2.117556296914095,48346.047243498964,48348.07681676549
5,2.1196830692243536,48366.876464849054,48368.89378781158
5,2.121809841534612,48387.53804091552,48389.543179209126
5,2.1239366138448705,48408.03332571096,48410.02634467861
5,2.126063386155129,48428.36366230722,48430.34462700087
5,2.128190158465388,48448.5303829205,48450.49935810223
5,2.1303169307756464,48468.534808995835,48470.49185913903
5,2.132443703085905,48488.37825129136,48490.32344058178
5,2.1345704753961634,48508.06200996181,48509.99540229874
5,2.136697247706422,48527.58737464166,48529.509033638984
5,2.1388240200166804,48546.9556245277,48548.86561351502
5,2.140950792326939,48566.16802846114,48568.066410484855
5,2.143077564637198,48585.225845009205,48587.112682833555
5,2.1452043369474563,48604.13032254612,48606.00567865434
5,2.1473311092577148,48622.882699333764,48624.746635929056
5,2.1494578815679732,48641.484203601656,48643.33678260828
5,2.1515846538782317,48659.93605362643,48661.77733669078
5,2.15371142618849,48678.239457810894,48680.06950630249
5,2.1558381984987487,48696.39561476248,48698.21448977504
5,2.1579649708090076,48714.405713371205,48716.21347572362
5,2.160091743119266,48732.27093288706,48734.067643124465
5,2.1622185154295246,48749.99244299702,48751.77816139173
5,2.164345287739783,48767.57140390131,48769.34619045393
5,2.1664720600500416,48785.00896638936,48786.77288082967
5,2.1685988323603,48802.3062719151,48804.0593737031
5,2.170725604670559,48819.4644526718,48821.20680099868
5,2.1728523769808175,48836.48463166634,48838.21628545543
5,2.174979149291076,48853.36792279299,48855.08894070081
5,2.1771059216013344,48870.115430906706,48871.82587132379
5,2.179232693911593,48886.72825189581,48888.42817294775
5,2.1813594662218514,48903.20747275415,48904.89693230257
5,2.18348623853211,48919.55417165294,48921.23322729634
5,2.185613010842369,48935.76941801178,48937.43812708657
5,2.1877397831526273,48951.8542725694,48953.51269215073
5,2.1898665554628858,48967.80978745373,48969.4579743565
5,2.1919933277731443,48983.63700625158,48985.27501703132
5,2.1941201000834027,48999.336964077724,49000.96485503152
5,2.1962468723936612,49014.9106876435,49016.52851481085
5,2.1983736447039197,49030.35919532491,49031.96701448866
5,2.2005004170141786,49045.68349723013,49047.28136391741
5,2.202627189324437,49060.884595266674,49062.47256474971
5,2.2047539616346956,49075.963483207895,49077.54161050495
5,2.206880733944954,49090.92114675908,49092.48948663531
5,2.2090075062552126,49105.75856362299,49107.31717059131
5,2.211134278565471,49120.47670356492,49122.02563188689
5,2.2132610508757296,49135.07652847729,49136.61583216397
5,2.2153878231859885,49149.558992443686,49151.088725256486
5,2.217514595496247,49163.92504180244,49165.445257254
5,2.2196413678065054,49178.17561520968,49179.686366564754
5,2.221768140116764,49192.31164370206,49193.81298397825
5,2.2238949124270224,49206.3340507587,49207.826032727404
5,2.226021684737281,49220.24375236291,49221.72642855013
5,2.2281484570475394,49234.04165706333,49235.515079750476
5,2.2302752293577983,49247.72866603459,49249.192887259356
5,2.232402001668057,49261.30567313749,49262.76074469462
5,2.2345287739783153,49274.77356497872,49276.21953842092
5,2.2366555462885738,49288.13322097015,49289.57014760883
5,2.2387823185988323,49301.385513387526,49302.81344429364
5,2.2409090909090907,49314.53130742889,49315.950293433794
5,2.2430358632193492,49327.571461272375,49328.981552968515
5,2.245162635529608,49340.50682613355,49341.90807387541
5,2.2472894078398666,49353.33824632246,49354.73070022729
5,2.249416180150125,49366.066559300045,49367.45026924863
5,2.2515429524603836,49378.69259573415,49380.06761137169
5,2.253669724770642,49391.21717955517,49392.58355029201
5,2.2557964970809006,49403.64112801112,49404.998903023574
5,2.257923269391159,49415.96525172236,49417.314479953464
5,2.260050041701418,49428.190354735845,49429.53108489618
5,2.2621768140116765,49440.31723457892,49441.649515147365
5,2.264303586321935,49452.34668231272,49453.670561537234
5,2.2664303586321934,49464.27948258509,49465.59500848352
5,2.268557130942452,49476.11641368313,49477.42363404395
5,2.2706839032527104,49487.858247585275,49489.157209968354
5,2.272810675562969,49499.50575001296,49500.79650175039
5,2.274937447873228,49511.05968048188,49512.34226867865
5,2.2770642201834863,49522.520792352785,49523.79526388766
5,2.279190992493745,49533.88983288198,49535.15623440815
5,2.2813177648040033,49545.16754327121,49546.42592121712
5,2.2834445371142618,49556.35465871737,49557.60505928747
5,2.2855713094245202,49567.45190846165,49568.69437763713
5,2.2876980817347787,49578.46001583828,49579.69459937788
5,2.2898248540450377,49589.379698323035,49590.60644176371
5,2.291951626355296,49600.21166758108,49601.43061623884
5,2.2940783986655546,49610.956629514716,49612.16782848531
5,2.296205170975813,49621.61528431046,49622.81877847016
5,2.2983319432860716,49632.188326485964,49633.38416049231
5,2.30045871559633,49642.67644493638,49643.86466322892
5,2.3025854879065886,49653.080322980466,49654.26096978146
5,2.3047122602168475,49663.40063840622,49664.57375772146
5,2.306839032527106,49673.638063516184,49674.80369913569
5,2.3089658048373645,49683.79326517239,49684.95146067113
5,2.311092577147623,49693.86690484088,49695.017703579564
5,2.3132193494578814,49703.85963863593,49705.00308376168
5,2.31534612176814,49713.77211736382,49714.908251810964
5,2.3174728940783984,49723.60498656635,49724.7338530571
5,2.3195996663886573,49733.35888656387,49734.48052760911
5,2.321726438698916,49743.034452498076,49744.14891039804
5,2.3238532110091743,49752.632314374365,49753.73963121945
5,2.325979983319433,49762.1530971039,49763.253314775284
5,2.3281067556296913,49771.597420545295,49772.69058071573
5,2.3302335279399498,49780.965899545896,49782.052043680436
5,2.3323603002502082,49790.259143982876,49791.3383133396
5,2.334487072560467,49799.47775880384,49800.54999443455
5,2.3366138448707257,49808.62234406713,49809.6876868181
5,2.338740617180984,49817.69349498187,49818.75198549456
5,2.3408673894912426,49826.69180194758,49827.74348065937
5,2.342994161801501,49835.617850593495,49836.66275773839
5,2.3451209341117596,49844.47222181762,49845.51039742697
5,2.3472477064220185,49853.25549182535,49854.286975728595
5,2.349374478732277,49861.96823216784,49862.993063993184
5,2.3515012510425355,49870.61100978007,49871.62922895524
5,2.353628023352794,49879.18438701852,49880.19603277145
5,2.3557547956630525,49887.6889216986,49888.69403305817
5,2.357881567973311,49896.12516713177,49897.12378292851
5,2.3600083402835694,49904.49367216229,49905.48583102909
5,2.3621351125938284,49912.794981203704,49913.78072157655
5,2.364261884904087,49921.02963427503,49922.00899439369
5,2.3663886572143453,49929.19816703666,49930.171184945386
5,2.368515429524604,49937.30111082589,49938.2678243742
5,2.3706422018348623,49945.33899269225,49946.299439535534
5,2.372768974145121,49953.31233543247,49954.26655303278
5,2.3748957464553793,49961.221657625174,49962.16968325191
5,2.377022518765638,49969.067473665316,49970.00934439592
5,2.3791492910758967,49976.85029379828,49977.78604651893
5,2.381276063386155,49984.57062415372,49985.50029556012
5,2.3834028356964136,49992.228966779156,49993.15259337712
5,2.385529608006672,49999.82581967321,50000.743437779456
5,2.3876563803169306,50007.36167681863,50008.273322561465
5,2.389783152627189,50014.83702821503,50015.74273753502
5,2.391909924937448,50022.25235991133,50023.15216856207
5,2.3940366972477065,50029.608154037924,50030.50209758665
5,2.396163469557965,50036.90488883867,50037.79300266705
5,2.3982902418682235,50044.14303870245,50045.025358007246
5,2.400417014178482,50051.32307419467,50052.19963398842
5,2.4025437864887405,50058.4454620883,50059.31629720004
5,2.404670558798999,50065.51066539477,50066.37581047074
5,2.406797331109258,50072.51914339463,50073.37863289895
5,2.4089241034195163,50079.47135166785,50080.325219883234
5,2.411050875729775,50086.36774212397,50087.21602315242
5,2.4131776480400333,50093.208763031944,50094.051490795464
5,2.415304420350292,50099.994859049766,50100.832067291034
5,2.4174311926605503,50106.72647125382,50107.55819353687
5,2.4195579649708088,50113.404037168024,50114.23030687896
5,2.4216847372810677,50120.02799079267,50120.84884114038
5,2.423811509591326,50126.598762633104,50127.414226649926
5,2.4259382819015847,50133.11677972815,50133.92689027055
5,2.428065054211843,50139.582465678184,50140.3872554275
5,2.4301918265221016,50145.99624067321,50146.79574213628
5,2.43231859883236,50152.35852152041,50153.152767030304
5,2.4344453711426186,50158.66972167173,50159.45874338846
5,2.4365721434528775,50164.93025125112,50165.71408116224
5,2.438698915763136,50171.14051708147,50171.91918700286
5,2.4408256880733945,50177.30092271148,50178.074464288
5,2.442952460383653,50183.41186844225,50184.180313148376
5,2.4450792326939115,50189.47375135357,50190.23713049418
5,2.44720600500417,50195.4869653301,50196.24531004105
5,2.4493327773144284,50201.45190108728,50202.20524233616
5,2.4514595496246874,50207.368946197035,50208.117314783856
5,2.453586321934946,50213.23848511328,50213.9819116711
5,2.4557130942452043,50219.06089919718,50219.79941419285
5,2.457839866555463,50224.83656674228,50225.57020047706
5,2.4599666388657213,50230.56586299926,50231.29464560957
5,2.46209341117598,50236.24916020074,50236.97312165875
5,2.4642201834862383,50241.88682758564,50242.605997700055
5,2.466346955796497,50247.47923142345,50248.1936398401
5,2.4684737281067557,50253.026735038315,50253.73641124087
5,2.470600500417014,50258.52969883288,50259.23467214352
5,2.4727272727272727,50263.988480311935,50264.68877989201
5,2.474854045037531,50269.403434105894,50270.09908895663
5,2.4769808173477896,50274.77491199408,50275.46595095722
5,2.479107589658048,50280.10326292777,50280.78971468628
5,2.481234361968307,50285.38883305313,50286.07072613183
5,2.4833611342785655,50290.63196573387,50291.30932850012
5,2.485487906588824,50295.8330015738,50296.50586223818
5,2.4876146788990825,50300.99227843914,50301.660665056086
5,2.489741451209341,50306.110131480644,50306.77407194917
5,2.4918682235195995,50311.18689315562,50311.84641521993
5,2.493994995829858,50316.22289324963,50316.87802449982
5,2.496121768140117,50321.21845889818,50321.86922677088
5,2.4982485404503754,50326.173914608116,50326.82034638715
5,2.500375312760634,50331.0895822788,50331.73170509588
5,2.5025020850708923,50335.96578122331,50336.603622058654
5,2.504628857381151,50340.80282818928,50341.43641387229
5,2.5067556296914093,50345.601037379565,50346.23039458951
5,2.508882402001668,50350.36072047294,50350.985875739556
5,2.5110091743119267,50355.08218664438,50355.70316634858
5,2.513135946622185,50359.765742585325,50360.38257295985
5,2.5152627189324437,50364.41169252373,50365.02439965375
5,2.517389491242702,50369.020338243965,50369.628948067795
5,2.5195162635529607,50373.59197910653,50374.19651741626
5,2.521643035863219,50378.126912067666,50378.72740450977
5,2.5237698081734776,50382.62543169869,50383.22190377477
5,2.5258965804837366,50387.0878302053,50387.68030727265
5,2.528023352793995,50391.51439744667,50392.10290471891
5,2.5301501251042535,50395.90542095433,50396.48998350215
5,2.532276897414512,50400.26118595101,50400.84182870273
5,2.5344036697247705,50404.58197536922,50405.15872311145
5,2.536530442035029,50408.86806986975,50409.44094724805
5,2.538657214345288,50413.119747859964,50413.68877937949
5,2.5407839866555464,50417.33728551203,50417.90249553812
5,2.542910758965805,50421.52095678087,50422.08236953974
5,2.5450375312760634,50425.67103342209,50426.228673001446
5,2.547164303586322,50429.78778500968,50430.34167535938
5,2.5492910758965803,50433.87147895361,50434.421643886264
5,2.551417848206839,50437.9223805173,50438.46884370889
5,2.5535446205170977,50441.94075283489,50442.48353782542
5,2.5556713928273562,50445.92685692836,50446.465987122545
5,2.5577981651376147,50449.880951724626,50450.416450392426
5,2.559924937447873,50453.80329407239,50454.33518434968
5,2.5620517097581317,50457.69413875887,50458.22244364805
5,2.56417848206839,50461.55373852639,50462.07848089705
5,2.5663052543786486,50465.38234408889,50465.90354667838
5,2.5684320266889076,50469.18020414824,50469.69788956233
5,2.570558798999166,50472.94756541043,50473.46175612393
5,2.5726855713094245,50476.68467260169,50477.19539095901
5,2.574812343619683,50480.391768484355,50480.89903670021
5,2.5769391159299415,50484.06909387273,50484.57293403268
5,2.5790658882402,50487.71688764877,50488.21732170989
5,2.5811926605504585,50491.33538677759,50491.832436569035
5,2.5833194328607174,50494.92482632293,50495.41851354658
5,2.585446205170976,50498.485439462456,50498.97578569352
5,2.5875729774812344,50502.01745750293,50502.50448419052
5,2.589699749791493,50505.52110989523,50506.004838363006
5,2.5918265221017514,50508.99662424933,50509.47707569611
5,2.59395329441201,50512.4442263491,50512.921421849445
5,2.5960800667222683,50515.864140166974,50516.33810067175
5,2.5982068390325272,50519.256587878524,50519.7273342156
5,2.6003336113427857,50522.621789876925,50523.08934275166
5,2.602460383653044,50525.95996478728,50526.42434478321
5,2.6045871559633027,50529.27132948085,50529.73255706024
5,2.606713928273561,50532.55609908913,50533.01419459356
5,2.6088407005838197,50535.81448701786,50536.26947066885
5,2.610967472894078,50539.04670496089,50539.498596860445
5,2.613094245204337,50542.252962913946,50542.701783045195
5,2.6152210175145956,50545.433469188276,50545.87923741601
5,2.617347789824854,50548.58843042419,50549.03116649549
5,2.6194745621351125,50551.71805160449,50552.1577751493
5,2.621601334445371,50554.82253606778,50555.25926659946
5,2.6237281067556295,50557.90208552171,50558.335842437635
5,2.625854879065888,50560.95690005604,50561.387702638196
5,2.627981651376147,50563.98717815568,50564.41504557122
5,2.6301084236864054,50566.99311671354,50567.418068015366
5,2.632235195996664,50569.974911043355,50570.39696517069
5,2.6343619683069224,50572.93275489238,50573.35193067131
5,2.636488740617181,50575.86684045391,50576.28315659803
5,2.6386155129274393,50578.77735837984,50579.19083349075
5,2.640742285237698,50581.664497793,50582.07515036089
5,2.6428690575479568,50584.52844629944,50584.93629470367
5,2.6449958298582152,50587.36939000062,50587.77445251026
5,2.6471226021684737,50590.18751350547,50590.58980827991
5,2.649249374478732,50592.98299994245,50593.38254503188
5,2.6513761467889907,50595.75603097131,50596.15284431736
5,2.653502919099249,50598.506786794984,50598.900886231204
5,2.6556296914095077,50601.235446171275,50601.626849423745
5,2.6577564637197666,50603.942186424385,50604.330911112265
5,2.659883236030025,50606.62718345655,50607.013247092575
5,2.6620100083402836,50609.2906117593,50609.6740317504
5,2.664136780650542,50611.932644424916,50612.3134380727
5,2.6662635529608005,50614.55345315759,50614.93163765894
5,2.668390325271059,50617.15320828458,50617.528800732165
5,2.6705170975813175,50619.732078767265,50620.10509615009
5,2.6726438698915764,50622.29023221211,50622.660691416066
5,2.674770642201835,50624.82783488152,50625.195752689935
5,2.6768974145120934,50627.34505170468,50627.710444798766
5,2.679024186822352,50629.842046288155,50630.204931247674
5,2.6811509591326104,50632.318980926604,50632.67937423028
5,2.683277731442869,50634.77601661325,50635.133934639394
5,2.6854045037531273,50637.21331305033,50637.56877207731
5,2.6875312760633863,50639.63102865946,50639.98404486624
5,2.6896580483736447,50642.02932059189,50642.37991005859
5,2.6917848206839032,50644.40834473874,50644.75652344707
5,2.6939115929941617,50646.76825574106,50647.11403957495
5,2.69603836530442,50649.1092069999,50649.45261174592
5,2.6981651376146787,50651.431350686165,50651.77239203415
5,2.700291909924937,50653.734837750635,50654.073531294096
5,2.702418682235196,50656.01981793361,50656.35617917031
5,2.7045454545454546,50658.2864397747,50658.620484107116
5,2.706672226855713,50660.534850622425,50660.86659335831
5,2.7087989991659716,50662.76519664374,50663.09465299662
5,2.71092577147623,50664.9776228336,50665.30480792324
5,2.7130525437864885,50667.17227302425,50667.49720187721
5,2.7151793160967475,50669.34928989463,50669.67197744473
5,2.717306088407006,50671.50881497955,50671.82927606838
5,2.7194328607172644,50673.65098867897,50673.969238056394
5,2.721559633027523,50675.77595026698,50676.09200259164
5,2.7236864053377814,50677.883837900925,50678.19770774069
5,2.72581317764804,50679.97478863028,50680.28649046282
5,2.7279399499582984,50682.04893840558,50682.358486618774
5,2.7300667222685573,50684.10642208724,50684.41383097973
5,2.7321934945788158,50686.147373454274,50686.45265723587
5,2.7343202668890743,50688.171925212926,50688.47509800519
5,2.7364470391993327,50690.18020900535,50690.48128484201
5,2.7385738115095912,50692.172355418086,50692.471348245526
5,2.7407005838198497,50694.14849399055,50694.44541766832
5,2.742827356130108,50696.10875322338,50696.403621524645
5,2.744954128440367,50698.053260586814,50698.34608719885
5,2.7470809007506256,50699.98214252895,50700.27294105358
5,2.749207673060884,50701.89552448391,50702.18430843802
5,2.7513344453711426,50703.793530879964,50704.08031369596
5,2.753461217681401,50705.67628514764,50705.961080173875
5,2.7555879899916595,50707.54390972764,50707.826730228946
5,2.757714762301918,50709.396526078875,50709.677385236966
5,2.759841534612177,50711.23425468625,50711.51316560022
5,2.7619683069224354,50713.05721506851,50713.33419075528
5,2.764095079232694,50714.86552578596,50715.14057918076
5,2.7662218515429524,50716.65930444818,50716.93244840497
5,2.768348623853211,50718.43866772161,50718.70991501356
5,2.7704753961634694,50720.203731337155,50720.47309465705
5,2.772602168473728,50721.95461009761,50722.22210205838
5,2.774728940783987,50723.691417885166,50723.95705102026
5,2.7768557130942453,50725.41426766874,50725.67805443262
5,2.7789824854045038,50727.12327151134,50727.38522427989
5,2.7811092577147623,50728.81854057728,50729.07867164828
5,2.7832360300250207,50730.50018513941,50730.758506732964
5,2.785362802335279,50732.16831458624,50732.42483884521
5,2.7874895746455377,50733.82303742905,50734.07777641951
5,2.7896163469557966,50735.46446130891,50735.71742702053
5,2.791743119266055,50737.092693003615,50737.343897350176
5,2.7938698915763136,50738.70783843469,50738.95729325444
5,2.795996663886572,50740.310002674145,50740.55771973028
5,2.7981234361968306,50741.89928995137,50742.14528093244
5,2.800250208507089,50743.47580365984,50743.72008018017
5,2.8023769808173475,50745.03964636384,50745.282219963934
5,2.8045037531276065,50746.59091980507,50746.83180195211
5,2.806630525437865,50748.12972490926,50748.36892699744
5,2.8087572977481234,50749.656161792744,50749.893695143706
5,2.810884070058382,50751.170329768865,50751.40620563217
5,2.8130108423686404,50752.67232735449,50752.90655690797
5,2.815137614678899,50754.16225227632,50754.394846626514
5,2.8172643869891574,50755.640201477276,50755.87117165985
5,2.8193911592994163,50757.10627112278,50757.33562810291
5,2.821517931609675,50758.56055660691,50758.78831127971
5,2.8236447039199333,50760.00315255868,50760.22931574963
5,2.8257714762301918,50761.434152848116,50761.65873531338
5,2.8278982485404502,50762.85365059232,50763.07666301924
5,2.8300250208507087,50764.26173816155,50764.48319116898
5,2.832151793160967,50765.65850718517,50765.87841132395
5,2.834278565471226,50767.04404855761,50767.262414310884
5,2.8364053377814846,50768.41845244423,50768.635290227845
5,2.838532110091743,50769.781808287174,50769.99712845012
5,2.8406588824020016,50771.13420481117,50771.348017635944
5,2.84278565471226,50772.475730029255,50772.68804573227
5,2.8449124270225186,50773.80647124851,50774.017299980434
5,2.847039199332777,50775.126515075695,50775.33586692187
5,2.849165971643036,50776.43594742286,50776.6438324037
5,2.8512927439532945,50777.73485351292,50777.94128158422
5,2.853419516263553,50779.02331788517,50779.228298938586
5,2.8555462885738114,50780.30142440076,50780.504968264126
5,2.85767306088407,50781.56925624813,50781.77137268582
5,2.859799833194329,50782.82689594842,50783.02759466176
5,2.8619266055045873,50784.07442536077,50784.2737159884
5,2.864053377814846,50785.31192568768,50785.50981780591
5,2.8661801501251043,50786.539477480226,50786.73598060342
5,2.868306922435363,50787.75716064329,50787.952284224215
5,2.8704336947456213,50788.96505444078,50789.15880787099
5,2.8725604670558798,50790.163237500674,50790.35563011086
5,2.8746872393661387,50791.35178782021,50791.54282888057
5,2.876814011676397,50792.53078277089,50792.72048149149
5,2.8789407839866556,50793.70029910351,50793.88866463461
5,2.881067556296914,50794.86041295312,50795.04745438557
5,2.8831943286071726,50796.01119984395,50796.19692620952
5,2.885321100917431,50797.152734694355,50797.337154966124
5,2.8874478732276896,50798.285091821585,50798.46821491423
5,2.8895746455379485,50799.40834494668,50799.59017971689
5,2.891701417848207,50800.522567199216,50800.70312244598
5,2.8938281901584655,50801.62783112202,50801.80711558703
5,2.895954962468724,50802.72420867594,50802.90223104386
5,2.8980817347789825,50803.81177124442,50803.98854014333
5,2.900208507089241,50804.890589638184,50805.0661136398
5,2.9023352793994994,50805.96073409981,50806.135021719936
5,2.9044620517097584,50807.02227430829,50807.195334007076
5,2.906588824020017,50808.07527938354,50808.24711956586
5,2.9087155963302753,50809.11981789087,50809.29044690663
5,2.910842368640534,50810.155957845425,50810.32538398991
5,2.9129691409507923,50811.18376671662,50811.35199823082
5,2.9150959132610508,50812.20331143251,50812.37035650345
5,2.9172226855713093,50813.2146583841,50813.380525145156
5,2.919349457881568,50814.21787342966,50814.382569960886
5,2.9214762301918267,50815.213021899,50815.376556227464
5,2.923603002502085,50816.2001685977,50816.36254869783
5,2.9257297748123436,50817.17937781135,50817.34061160515
5,2.927856547122602,50818.15071330962,50818.31080866711
5,2.9299833194328606,50819.11423835048,50819.273203089964
5,2.932110091743119,50820.070015684294,50820.22785757267
5,2.934236864053378,50821.01810755785,50821.17483431092
5,2.9363636363636365,50821.95857571841,50822.114195001195
5,2.938490408673895,50822.89148141772,50823.04600084477
5,2.9406171809841535,50823.816885415974,50823.97031255171
5,2.942743953294412,50824.73484798578,50824.88719034474
5,2.9448707256046704,50825.64542891602,50825.79669396322
5,2.9469974979149294,50826.548687515744,50826.698882666926
5,2.949124270225188,50827.44468261804,50827.593815240034
5,2.9512510425354463,50828.33347258383,50828.4815499948
5,2.953377814845705,50829.21511530565,50829.36214477544
5,2.9555045871559633,50830.089668211396,50830.2356569618
5,2.957631359466222,50830.95718826809,50831.10214347314
5,2.9597581317764803,50831.81773198551,50831.961660771805
5,2.961884904086739,50832.6713554199,50832.81426486684
5,2.9640116763969977,50833.518114177605,50833.660011317756
5,2.966138448707256,50834.358063418644,50834.49895523797
5,2.9682652210175147,50835.19125786032,50835.33115129851
5,2.970391993327773,50836.01775178075,50836.156653731465
5,2.9725187656380316,50836.83759902241,50836.97551633358
5,2.97464553794829,50837.650852995575,50837.78779246971
5,2.976772310258549,50838.45756668184,50838.593535076274
5,2.9788990825688075,50839.25779263752,50839.39279666473
5,2.981025854879066,50840.05158299709,50840.185629324915
5,2.9831526271893245,50840.8389894765,50840.972084728506
5,2.985279399499583,50841.620063376635,50841.7522141323
5,2.9874061718098415,50842.39485558654,50842.52606838159
5,2.9895329441201,50843.16341658677,50843.29369791341
5,2.991659716430359,50843.9257964527,50844.05515275993
5,2.9937864887406174,50844.68204485768,50844.810482551504
5,2.995913261050876,50845.4322110763,50845.55973652008
5,2.9980400333611343,50846.17634398767,50846.3029635023
5,3.000166805671393,50846.914492078424,50847.04021194267
5,3.0022935779816513,50847.64670344603,50847.77152989672
5,3.00442035029191,50848.373025801804,50848.496965034166
5,3.0065471226021687,50849.093506474026,50849.216564641916
5,3.008673894912427,50849.80819241106,50849.930375627184
5,3.0108006672226857,50850.51713018434,50850.63844452059
5,3.012927439532944,50851.2203659914,50851.34081747905
5,3.0150542118432027,50851.917945658926,50852.037540288904
5,3.017180984153461,50852.60991464566,50852.7286583688
5,3.0193077564637196,50853.29631804538,50853.41421677267
5,3.0214345287739786,50853.97720058984,50854.094260192694
5,3.023561301084237,50854.65260665163,50854.76883296213
5,3.0256880733944955,50855.32258024712,50855.437979058246
5,3.027814845704754,50855.987165039245,50856.10174210515
5,3.0299416180150125,50856.6464043404,50856.76016537659
5,3.032068390325271,50857.30034111519,50857.413291798875
5,3.0341951626355295,50857.949017983294,50858.061163953535
5,3.0363219349457884,50858.59247722214,50858.703824080134
5,3.038448707256047,50859.23076076974,50859.34131407905
5,3.0405754795663054,50859.86391022733,50859.97367551415
5,3.042702251876564,50860.491966862144,50860.60094961549
5,3.0448290241868223,50861.11497161003,50861.223177281994
5,3.046955796497081,50861.73296507815,50861.84039908415
5,3.0490825688073393,50862.34598754759,50862.45265526658
5,3.0512093411175982,50862.954078975985,50863.059985750704
5,3.0533361134278567,50863.55727900012,50863.66243013732
5,3.055462885738115,50864.155626938475,50864.260027709155
5,3.0575896580483737,50864.74916179383,50864.852817433435
5,3.059716430358632,50865.33792225573,50865.4408379644
5,3.0618432026688907,50865.92194670304,50866.02412764584
5,3.063969974979149,50866.50127320644,50866.60272451358
5,3.066096747289408,50867.07593953087,50867.176666297906
5,3.0682235195996665,50867.645983138005,50867.745990426076
5,3.070350291909925,50868.21144118866,50868.31073402475
5,3.0724770642201835,50868.77235054522,50868.87093392231
5,3.074603836530442,50869.32874777407,50869.42662665137
5,3.0767306088407005,50869.88066914788,50869.97784845109
5,3.078857381150959,50870.42815064805,50870.52463526951
5,3.080984153461218,50870.97122796699,50871.06702276596
5,3.0831109257714764,50871.50993651046,50871.60504631327
5,3.085237698081735,50872.04431139988,50872.13874100018
5,3.0873644703919934,50872.57438747456,50872.668141633534
5,3.089491242702252,50873.10019929405,50873.19328274057
5,3.0916180150125103,50873.621781140275,50873.71419857119
5,3.093744787322769,50874.139167019865,50874.230923100156
5,3.0958715596330277,50874.652390666284,50874.74349002929
5,3.097998331943286,50875.16148554209,50875.25193278966
5,3.1001251042535447,50875.66648484104,50875.75628454382
5,3.102251876563803,50876.167421490274,50876.25657818788
5,3.1043786488740617,50876.66432815248,50876.75284635366
5,3.10650542118432,50877.157237228006,50877.24512141083
5,3.1086321934945786,50877.64618085692,50877.733435469054
5,3.1107589658048376,50878.13119092113,50878.217820379985
5,3.112885738115096,50878.612299046465,50878.69830773941
5,3.1150125104253545,50879.08953660473,50879.174928889246
5,3.117139282735613,50879.562934715716,50879.64771491964
5,3.1192660550458715,50880.032524249225,50880.11669667093
5,3.12139282735613,50880.498335827135,50880.58190473566
5,3.123519599666389,50880.960399825286,50881.04336946063
5,3.1256463719766474,50881.41874637554,50881.501120948786
5,3.127773144286906,50881.87340536769,50881.95518906122
5,3.1298999165971644,50882.324406451466,50882.4056034191
5,3.132026688907423,50882.77177903836,50882.8523934056
5,3.1341534612176813,50883.21555230362,50883.29558816779
5,3.13628023352794,50883.65575518812,50883.73521661856
5,3.1384070058381988,50884.09241640021,50884.171307438504
5,3.1405337781484572,50884.525564417665,50884.60388907774
5,3.1426605504587157,50884.95522748941,50885.03298975782
5,3.144787322768974,50885.38143363747,50885.458637473464
5,3.1469140950792327,50885.80421065875,50885.88085999452
5,3.149040867389491,50886.22358612683,50886.299684867656
5,3.1511676396997497,50886.63958739373,50886.7151394182
5,3.1532944120100086,50887.05224159178,50887.1272507519
5,3.155421184320267,50887.461575635294,50887.536045756715
5,3.1575479566305256,50887.86761622234,50887.94155110451
5,3.159674728940784,50888.270389836514,50888.34379325282
5,3.1618015012510425,50888.66992274862,50888.74279844662
5,3.163928273561301,50889.06624101838,50889.138592719944
5,3.1660550458715595,50889.459370496144,50889.53120189761
5,3.1681818181818184,50889.84933682457,50889.92065159691
5,3.170308590492077,50890.23616544029,50890.306967229306
5,3.1724353628023354,50890.619881575534,50890.690174002
5,3.174562135112594,50891.00051025982,50891.07029691964
5,3.1766889074228524,50891.37807632155,50891.447360785955
5,3.178815679733111,50891.752604389614,50891.82139020528
5,3.1809424520433693,50892.124118895015,50892.192409584255
5,3.1830692243536283,50892.49264407245,50892.56044313338
5,3.1851959966638868,50892.8582039619,50892.92551486855
5,3.1873227689741452,50893.22082241015,50893.28764861268
5,3.1894495412844037,50893.58052307237,50893.6468679972
5,3.191576313594662,50893.93732941366,50894.00319646363
5,3.1937030859049207,50894.29126471056,50894.3566572651
5,3.195829858215179,50894.64235205258,50894.70727346782
5,3.197956630525438,50894.99061434366,50895.05506795265
5,3.2000834028356966,50895.336074303705,50895.40006341651
5,3.202210175145955,50895.67875447006,50895.74228237393
5,3.2043369474562136,50896.018677198925,50896.08174715849
5,3.206463719766472,50896.35586466688,50896.41847992421
5,3.2085904920767305,50896.69033887228,50896.75250264711
5,3.210717264386989,50897.02212163669,50897.08383712653
5,3.212844036697248,50897.351234606314,50897.41250498663
5,3.2149708090075064,50897.67769925341,50897.738527677706
5,3.217097581317765,50898.001536877666,50898.061926477705
5,3.2192243536280234,50898.32276860758,50898.382722493494
5,3.221351125938282,50898.641415401886,50898.70093666231
5,3.2234778982485404,50898.95749805084,50899.0165897531
5,3.225604670558799,50899.271037177656,50899.32970236782
5,3.2277314428690578,50899.58205323977,50899.64029494289
5,3.2298582151793163,50899.890566530215,50899.94838775038
5,3.2319849874895747,50900.19659717895,50900.254000899484
5,3.2341117597998332,50900.50016515408,50900.557154337715
5,3.2362385321100917,50900.801290263335,50900.85786785222
5,3.23836530442035,50901.09999215515,50901.15616107111
5,3.2404920767306087,50901.39629032009,50901.4520534647
5,3.2426188490408676,50901.69020409205,50901.7455643468
5,3.244745621351126,50901.981752649546,50902.03671287594
5,3.2468723936613846,50902.27095501693,50902.32551805666
5,3.248999165971643,50902.55783006566,50902.611998740715
5,3.2511259382819016,50902.84239651553,50902.89617362831
5,3.25325271059216,50903.12467293582,50903.17806126931
5,3.2553794829024185,50903.40467774659,50903.45768006447
5,3.2575062552126774,50903.68242921986,50903.73504826662
5,3.259633027522936,50903.957945480724,50904.01018398182
5,3.2617597998331944,50904.23124450866,50904.283105170616
5,3.263886572143453,50904.50234413856,50904.5538296491
5,3.2660133444537114,50904.77126206202,50904.82237509018
5,3.26814011676397,50905.03801582837,50905.088759024686
5,3.2702668890742284,50905.30262284591,50905.352998842485
5,3.2723936613844873,50905.56510038301,50905.61511179361
5,3.2745204336947458,50905.82546556921,50905.87511498948
5,3.2766472060050043,50906.08373539637,50906.13302540386
5,3.2787739783152627,50906.33992671976,50906.38885987412
5,3.2809007506255212,50906.59405625914,50906.64263510218
5,3.2830275229357797,50906.84614059989,50906.89436765577
5,3.285154295246038,50907.09619619407,50907.14407396935
5,3.287281067556297,50907.344239361446,50907.39177034522
5,3.2894078398665556,50907.59028629063,50907.637472954695
5,3.291534612176814,50907.83435304011,50907.881197838986
5,3.2936613844870726,50908.076455539216,50908.122960910376
5,3.295788156797331,50908.31660958928,50908.36277795317
5,3.2979149291075895,50908.55483086459,50908.6006646248
5,3.300041701417848,50908.79113491341,50908.83663645676
5,3.302168473728107,50909.02553715904,50909.07070885571
5,3.3042952460383654,50909.258052900754,50909.30289710438
5,3.306422018348624,50909.488697314846,50909.533216362644
5,3.3085487906588824,50909.7174854556,50909.76168166849
5,3.310675562969141,50909.94443225629,50909.988307938955
5,3.3128023352793994,50910.16955253009,50910.213109971126
5,3.3149291075896583,50910.39286097112,50910.43610244317
5,3.317055879899917,50910.61437215535,50910.65729991514
5,3.3191826522101753,50910.83410054157,50910.876716830084
5,3.3213094245204338,50911.05206047231,50911.094367514845
5,3.3234361968306922,50911.26826617481,50911.31026618113
5,3.3255629691409507,50911.4827317619,50911.524426926306
5,3.327689741451209,50911.69547123296,50911.73686373439
5,3.329816513761468,50911.90649847481,50911.94759047698
5,3.3319432860717266,50912.11582726262,50912.1566209141
5,3.334070058381985,50912.32347126079,50912.363968695136
5,3.3361968306922436,50912.52944402388,50912.56964735966
5,3.338323603002502,50912.73375899747,50912.77367033846
5,3.3404503753127606,50912.936429518995,50912.976050954225
5,3.342577147623019,50913.13746881869,50913.176802422546
5,3.344703919933278,50913.33689002039,50913.37593785273
5,3.3468306922435365,50913.534706142425,50913.57347024868
5,3.348957464553795,50913.73093009844,50913.769412509704
5,3.3510842368640534,50913.925574698245,50913.96377743136
5,3.353211009174312,50914.11865264864,50914.15657770631
5,3.3553377814845704,50914.31017655429,50914.34782592516
5,3.357464553794829,50914.50015891846,50914.53753457726
5,3.359591326105088,50914.68861214392,50914.725716051486
5,3.3617180984153463,50914.87554853367,50914.91238263708
5,3.363844870725605,50915.06098029182,50915.0975465245
5,3.3659716430358633,50915.24491952433,50915.281219806115
5,3.3680984153461218,50915.4273782398,50915.46341447704
5,3.3702251876563802,50915.60836835029,50915.644142435965
5,3.3723519599666387,50915.78790167205,50915.82341548582
5,3.3744787322768977,50915.96598992634,50916.001245334686
5,3.376605504587156,50916.14264474015,50916.177643596384
5,3.3787322768974146,50916.31787764696,50916.35262179139
5,3.380859049207673,50916.49170008752,50916.52619134754
5,3.3829858215179316,50916.66412341059,50916.69836360069
5,3.38511259382819,50916.83515887364,50916.86914979559
5,3.3872393661384486,50917.00481764363,50917.03856108649
5,3.3893661384487075,50917.173110797725,50917.20660853798
5,3.391492910758966,50917.34004932398,50917.37330312563
5,3.3936196830692245,50917.50564412213,50917.5386557367
5,3.395746455379483,50917.669906004216,50917.70267717095
5,3.3978732276897414,50917.832845695346,50917.865378141214
5,3.4,50917.99447383439,50918.026769274205
6,0.85,148838.79151352495,148845.6131036766
6,0.8521267723102586,146856.92895052582,146863.5817538984
6,0.8542535446205171,144899.481133949,144905.9682712704
6,0.8563803169307757,142966.18849518895,142972.5130422525
6,0.8585070892410341,141056.794233609,141062.95922183618
6,0.8606338615512927,139171.04428617097,139177.05270311423
6,0.8627606338615512,137308.68729735538,137314.5420872476
6,0.8648874061718098,135469.4745894093,135475.17865366302
6,0.8670141784820684,133653.16013288125,133658.7163306307
6,0.8691409507923269,131859.50051750056,131864.91166608222
6,0.8712677231025855,130088.25492331013,130093.52379878424
6,0.873394495412844,128339.18509213626,128344.31442978047
6,0.8755212677231026,126612.05529934168,126617.04779413529
6,0.877648040033361,124906.63232587278,124911.49063298665
6,0.8797748123436196,123222.68543059006,123227.41216587089
6,0.8819015846538782,121559.98632290773,121564.58406335115
6,0.8840283569641367,119918.3091357071,119922.78041992337
6,0.8861551292743953,118297.43039853126,118301.77772720717
6,0.8882819015846538,116697.12901105545,116701.35484742746
6,0.8904086738949124,115117.18621686287,115121.29298716411
6,0.892535446205171,113557.3855774682,113561.37567136809
6,0.8946622185154295,112017.51294662431,112021.38871768303
6,0.8967889908256881,110497.35644490086,110501.12021100894
6,0.8989157631359466,108996.70643454045,109000.36047834158
6,0.9010425354462052,107515.35549454391,107518.90206388384
6,0.9031693077564636,106053.0983960852,106056.53970441967
6,0.9052960800667222,104609.73207812756,104613.07030493766
6,0.9074228523769808,103185.05562330782,103188.29291453958
6,0.9095496246872393,101778.87023411691,101782.00870257057
6,0.9116763969974979,100390.97920928709,100394.02093503438
6,0.9138031693077564,99021.18792047072,99024.13495123945
6,0.915929941618015,97669.30378912017,97672.15814071335
6,0.9180567139282736,96335.13626367133,96337.89992034715
6,0.9201834862385321,95018.49679693114,95021.17171179317
6,0.9223102585487907,93719.19882372674,93721.78691910952
6,0.9244370308590492,92437.05773878377,92439.5609066356
6,0.9265638031693078,91171.89087486453,91174.31097711157
6,0.9286905754795662,89923.5174811082,89925.856350041
6,0.9308173477898248,88691.75870164018,88694.01814027317
6,0.9329441201000834,87476.43755439203,87478.61933682393
6,0.9350708924103419,86277.37891015504,86279.48478193767
6,0.9371976647206005,85094.40947186947,85096.44115035795
6,0.939324437030859,83927.35775413085,83929.31692883372
6,0.9414512093411176,82776.05406292435,82777.94239585474
6,0.9435779816513761,81640.33047557715,81642.14960159361
6,0.9457047539616347,80520.02082093712,80521.77234809007
6,0.9478315262718933,79414.96065976284,79416.64616962429
6,0.9499582985821518,78324.98726532608,78326.60831332859
6,0.9520850708924103,77249.93960424699,77251.49772000592
6,0.9542118432026688,76189.65831751004,76191.15500515793
6,0.9563386155129274,75143.98570172116,75145.42244022619
6,0.9584653878231859,74112.76569055207,74114.14393403381
6,0.9605921601334445,73095.84383639507,73097.16501444392
6,0.9627189324437031,72093.06729222927,72094.33281021751
6,0.9648457047539616,71104.28479367588,71105.49603306875
6,0.9669724770642202,70129.34664127138,70130.50495992927
6,0.9690992493744787,69168.1046829219,69169.21141540213
6,0.9712260216847373,68220.41229655966,68221.46875441773
6,0.9733527939949957,67286.12437300291,67287.13184508681
6,0.9754795663052543,66365.09729899699,66366.05705174059
6,0.9776063386155129,65457.188940451946,65458.102218162734
6,0.9797331109257714,64562.258625871036,64563.12665101746
6,0.98185988323603,63680.16712995898,63680.991103456356
6,0.9839866555462886,62810.77665742999,62811.557758915704
6,0.9861134278565471,61953.950826985296,61954.690215101466
6,0.9882402001668056,61109.554655484855,61110.25346814608
6,0.9903669724770642,60277.454542287625,60278.113896958064
6,0.9924937447873228,59457.51825378509,59458.13924774341
6,0.9946205170975813,58649.614908096846,58650.19861870492
6,0.9967472894078399,57853.61495995661,57854.16244492121
6,0.9988740617180984,57069.3901857608,57069.90248339111
6,1.001000834028357,56296.81366879493,56297.29179826286
6,1.0031276063386154,55535.75978462864,55536.20474622166
6,1.0052543786488741,54786.1041866811,54786.51696205605
6,1.0073811509591326,54047.723791953176,54048.10534438258
6,1.009507923269391,53320.49676692393,53320.84804154467
6,1.0116346955796498,52604.30251361476,52604.624437671155
6,1.0137614678899083,51899.021655810066,51899.31513889693
6,1.0158882402001668,51204.53602544917,51204.80195974605
6,1.0180150125104253,50520.728649165016,50520.96790967556
6,1.020141784820684,49847.483734990004,49847.697179777315
6,1.0222685571309424,49184.68665921409,49184.87512962916
6,1.024395329441201,48532.22395339981,48532.38827431132
6,1.0265221017514596,47889.98329154821,47890.124271568144
6,1.0286488740617181,47257.853477418656,47257.97190912673
6,1.0307756463719766,46635.72443199693,46635.82109216275
6,1.032902418682235,46023.48718111403,46023.56283091544
6,1.0350291909924938,45421.0338432095,45421.08922845055
6,1.0371559633027523,44828.25761724543,44828.29346856871
6,1.0392827356130108,44245.05277075688,44245.06980385864
6,1.0414095079232695,43671.31462805369,43671.31354389223
6,1.043536280233528,43106.9395585577,43106.921043561306
6,1.0456630525437864,42551.82496528304,42551.789691555314
6,1.047789824854045,42005.86927345139,42005.81789897499
6,1.0499165971643036,41468.97191924788,41468.90508808708
6,1.0520433694745621,40941.03333871416,40940.951681210194
6,1.0541701417848206,40421.95495676622,40421.85908973846
6,1.0562969140950793,39911.639176358236,39911.529703296255
6,1.0584236864053378,39409.989367766306,39409.866879023146
6,1.0605504587155963,38916.90985801024,38916.77493099379
6,1.0626772310258548,38432.30592039856,38432.15911975922
6,1.0648040033361135,37956.08376420406,37955.925642021466
6,1.066930775646372,37488.1505244642,37487.98162043234
6,1.0690575479566304,37028.41425190517,37028.23509351374
6,1.0711843202668891,36576.7839029897,36576.59500570642
6,1.0733110925771476,36133.16933008935,36132.97119753645
6,1.0754378648874061,35697.481271771714,35697.27439590334
6,1.0775646371976646,35269.63134321093,35269.41620448872
6,1.0796914095079233,34849.53202671604,34849.30909428082
6,1.0818181818181818,34437.096662373515,34436.86639421666
6,1.0839449541284403,34032.23943880689,34032.00228193891
6,1.086071726438699,33634.87538404949,33634.63177466742
6,1.0881984987489575,33244.92035653035,33244.67072018271
6,1.090325271059216,32862.29103616974,32862.03578792035
6,1.0924520433694744,32486.904915587977,32486.644460177282
6,1.0945788156797331,32118.6802914188,32118.415023424197
6,1.0967055879899916,31757.536255734856,31757.26655972749
6,1.09883236030025,31403.39268757426,31403.118938276544
6,1.1009591326105088,31056.170244577108,31055.892807016033
6,1.1030859049207673,30715.79035472183,30715.50958438241
6,1.1052126772310258,30382.175208165776,30381.891451141913
6,1.1073394495412843,30055.24774918717,30054.96134233079
6,1.109466221851543,29734.931668225792,29734.642939294572
6,1.1115929941618015,29421.151394023793,29420.86066182633
6,1.11371976647206,29113.832085862872,29113.539660402923
6,1.1158465387823187,28812.899625897524,28812.60580851743
6,1.1179733110925771,28518.280611584894,28517.985695105162
6,1.1201000834028356,28229.902348207193,28229.606617066078
6,1.122226855713094,27947.692841486074,27947.39657187753
6,1.1243536280233528,27671.580790290143,27671.284250299097
6,1.1264804003336113,27401.495579432114,27401.19902916823
6,1.1286071726438698,27137.36727255315,27137.070964285173
6,1.1307339449541285,26879.126605097845,26878.830783382873
6,1.132860717264387,26626.704977374116,26626.409879187704
6,1.1349874895746455,26380.03444769833,26379.74030256248
6,1.137114261884904,26139.04772562557,26138.754755735165
6,1.1392410341951626,25903.67816526245,25903.38658560952
6,1.1413678065054211,25673.859758662,25673.569777159195
6,1.1434945788156798,25449.527129298833,25449.23894690117
6,1.1456213511259383,25230.615525624482,25230.329336449387
6,1.1477481234361968,25017.060814700555,25016.776806146314
6,1.1498748957464553,24808.799475909036,24808.517828772485
6,1.1520016680567138,24605.768594739493,24605.48948333098
6,1.1541284403669725,24407.905856649508,24407.629448907566
6,1.156255212677231,24215.14954100107,24214.87599860446
6,1.1583819849874897,24027.438515066635,24027.167993546464
6,1.1605087572977482,23844.712228109944,23844.444876958267
6,1.1626355296080066,23666.91070553352,23666.646668312605
6,1.1647623019182651,23493.974543098127,23493.713957546744
6,1.1668890742285236,23325.84490120859,23325.58789934765
6,1.1690158465387823,23162.46349926683,23162.21020750323
6,1.1711426188490408,23003.77261009015,23003.52314931946
6,1.1732693911592995,22849.71505439491,22849.46954010235
6,1.175396163469558,22700.23419534217,22699.99273770256
6,1.1775229357798165,22555.27393314609,22555.03663712245
6,1.179649708090075,22414.778699744144,22414.545665183978
6,1.1817764804003335,22278.693453525426,22278.464775257045
6,1.1839032527105922,22146.963674118917,22146.739442045568
6,1.1860300250208506,22019.5353572389,22019.31565643137
6,1.1881567973311093,21896.35500958658,21896.139920375077
6,1.1902835696413678,21777.369643807062,21777.159241871414
6,1.1924103419516263,21662.526773499994,21662.321129958465
6,1.1945371142618848,21551.774408283498,21551.57358978057
6,1.1966638865721433,21445.061048909527,21444.865117701935
6,1.198790658882402,21342.33568242943,21342.144696471572
6,1.2009174311926605,21243.54777740949,21243.361790436815
6,1.2030442035029192,21148.647279193916,21148.46634080552
6,1.2051709758131777,21057.584605214943,21057.408760954888
6,1.2072977481234362,20970.310640349053,20970.139931786194
6,1.2094245204336946,20886.776732317114,20886.611197123857
6,1.2115512927439533,20806.93468712829,20806.774359158182
6,1.2136780650542118,20730.736764565983,20730.581673929875
6,1.2158048373644703,20658.13567371448,20657.98584685562
6,1.217931609674729,20589.08456852549,20588.94002829361
6,1.2200583819849875,20523.537043423188,20523.397809147078
6,1.222185154295246,20461.447128946253,20461.313216505398
6,1.2243119266055045,20402.76928742614,20402.640709321277
6,1.2264386989157632,20347.458408699866,20347.335174122214
6,1.2285654712260217,20295.469805856643,20295.351920756075
6,1.2306922435362802,20246.759211016295,20246.646678168618
6,1.2328190158465389,20201.28277113891,20201.175590211846
6,1.2349457881567973,20158.997043864307,20158.895211482595
6,1.2370725604670558,20119.858993379603,20119.76250318886
6,1.2391993327773143,20083.82598631413,20083.73482904391
6,1.241326105087573,20050.855787660228,20050.769951186056
6,1.2434528773978315,20020.90655671846,20020.826026122842
6,1.24557964970809,19993.936843065923,19993.86160069838
6,1.2477064220183487,19969.90558254697,19969.835608083333
6,1.2498331943286072,19948.77209328409,19948.707363784677
6,1.2519599666388657,19930.49607170814,19930.436561675335
6,1.2540867389491241,19915.037588606778,19914.983270041586
6,1.2562135112593829,19902.35708518926,19902.307927647053
6,1.2583402835696413,19892.415369166687,19892.371339812365
6,1.2604670558798998,19885.17361084606,19885.134674508416
6,1.2625938281901585,19880.59333923715,19880.55945846242
6,1.264720600500417,19878.63643817042,19878.60757327531
6,1.2668473728106755,19879.26514242511,19879.24125154913
6,1.268974145120934,19882.44203386559,19882.423073022903
6,1.2711009174311927,19888.130037585288,19888.115960715993
6,1.2732276897414512,19896.29241805637,19896.283177077305
6,1.2753544620517097,19906.892775284025,19906.888320139056
6,1.2774812343619684,19919.895040964024,19919.895319674106
6,1.2796080066722268,19935.263474642197,19935.268433354984
6,1.2817347789824853,19952.962659874844,19952.972242914053
6,1.2838615512927438,19972.957500387973,19972.971650302527
6,1.2859883236030025,19995.21321623519,19995.231873848345
6,1.288115095913261,20019.695339952246,20019.718444410275
6,1.2902418682235195,20046.369712707106,20046.397201528394
6,1.2923686405337782,20075.202480444714,20075.234289568543
6,1.2944954128440367,20106.16009002486,20106.19615386051
6,1.2966221851542952,20139.209285352204,20139.249536828167
6,1.2987489574645537,20174.317103497524,20174.361474110992
6,1.3008757297748124,20211.45087080881,20211.499290675434
6,1.3030025020850708,20250.578199011346,20250.630596915595
6,1.3051292743953293,20291.666981295966,20291.723284741864
6,1.307256046705588,20334.68538839448,20334.74552365696
6,1.3093828190158465,20379.601864641285,20379.665756818278
6,1.311509591326105,20426.385124020744,20426.45269708603
6,1.3136363636363635,20475.004146199324,20475.075323056328
6,1.3157631359466222,20525.428172542153,20525.502875078644
6,1.3178899082568807,20577.62670211326,20577.704851257244
6,1.3200166805671394,20631.5694876594,20631.65100343614
6,1.3221434528773979,20687.226531576758,20687.311333167097
6,1.3242702251876564,20744.568081860707,20744.656087660944
6,1.3263969974979148,20803.564628038395,20803.655755721564
6,1.3285237698081733,20864.186897084284,20864.281063663126
6,1.330650542118432,20926.405849318748,20926.50297121051
6,1.3327773144286905,20990.192674290258,20990.292667383343
6,1.3349040867389492,21055.51878664158,21055.621566364265
6,1.3370308590492077,21122.355821960773,21122.46130335197
6,1.3391576313594662,21190.675632617764,21190.783730400166
6,1.3412844036697247,21260.45028358762,21260.56091224322
6,1.3434111759799832,21331.652048261916,21331.765122109944
6,1.3455379482902419,21404.253404249605,21404.36883752721
6,1.3476647206005004,21478.227029169044,21478.344736114712
6,1.349791492910759,21553.54579643342,21553.6656913732
6,1.3519182652210175,21630.18277103147,21630.304768468377
6,1.354045037531276,21708.111205306377,21708.235220012684
6,1.3561718098415345,21787.30453473528,21787.430481848176
6,1.358298582151793,21867.73637371263,21867.864168833148
6,1.3604253544620517,21949.380511340754,21949.510070636166
6,1.3625521267723102,22032.210907231332,22032.342147540996
6,1.364678899082569,22116.2016873217,22116.334526266517
6,1.3668056713928274,22201.327139710418,22201.461495805954
6,1.3689324437030859,22287.561710516668,22287.697503290045
6,1.3710592160133444,22374.87999976871,22375.017149879175
6,1.3731859883236028,22463.25675732656,22463.3951866899
6,1.3753127606338615,22552.666878844808,22552.806510761577
6,1.37743953294412,22643.08540178162,22643.22616106919
6,1.3795663052543787,22734.487501460593,22734.62931458892
6,1.3816930775646372,22826.848487191983,22826.991282423267
6,1.3838198498748957,22920.143798461126,22920.28750599292
6,1.3859466221851542,23014.34900119111,23014.493553303204
6,1.3880733944954127,23109.43978408807,23109.58511529273
6,1.3902001668056714,23205.39195507751,23205.538002273024
6,1.3923269391159299,23302.181437840045,23302.32814046734
6,1.3944537114261886,23399.78426845614,23399.931568658318
6,1.396580483736447,23498.176592168726,23498.324434953174
6,1.3987072560467055,23597.334660273897,23597.482993676702
6,1.400834028356964,23697.234827149412,23697.383602401682
6,1.4029608006672225,23797.853547431307,23798.002719127035
6,1.4050875729774812,23899.167373349243,23899.31689961425
6,1.4072143452877397,24001.15295223117,24001.30279489257
6,1.4093411175979984,24103.787024188274,24103.93714894391
6,1.411467889908257,24207.046419990987,24207.19679657828
6,1.4135946622185154,24310.908059147467,24311.058661510793
6,1.4157214345287739,24415.34894819506,24415.499754651057
6,1.4178482068390323,24520.346179216256,24520.497172616175
6,1.419974979149291,24625.876928589656,24626.02809647775
6,1.4221017514595498,24731.918455986775,24732.06979075382
6,1.4242285237698082,24838.448103625098,24838.599602655933
6,1.4263552960800667,24945.443295787416,24945.59496160134
6,1.4284820683903252,25052.88153861709,25053.033378999855
6,1.4306088407005837,25160.7404201984,25160.89244832444
6,1.4327356130108422,25268.99761093034,25269.149845473818
6,1.4348623853211009,25377.630864201776,25377.78332943495
6,1.4369891576313596,25486.61801737475,25486.770743251935
6,1.439115929941618,25595.936993082083,25596.090015307593
6,1.4412427022518766,25705.56580084412,25705.71916092228
6,1.443369474562135,25815.482539008335,25815.636284273707
6,1.4454962468723935,25925.665397014498,25925.819580640316
6,1.447623019182652,26036.092657986395,26036.247338969017
6,1.4497497914929107,26146.74270164981,26146.897944767068
6,1.4518765638031694,26257.594007574735,26257.7498833159
6,1.454003336113428,26368.625158738203,26368.781743203184
6,1.4561301084236864,26479.814845402354,26479.972220167627
6,1.4582568807339449,26591.141869300205,26591.300121249114
6,1.4603836530442034,26702.585148120048,26702.74436923476
6,1.4625104253544619,26814.123720277068,26814.284007389673
6,1.4646371976647206,26925.736749958945,26925.898204458957
6,1.4667639699749793,27037.4035324299,27037.566259925636
6,1.4688907422852377,27149.103499575947,27149.267609506933
6,1.4710175145954962,27260.81622567165,27260.98183086956
6,1.4731442869057547,27372.521433347127,27372.688649542528
6,1.4752710592160132,27484.198999731852,27484.367945004262
6,1.477397831526272,27595.828962750307,27595.99975691906
6,1.4795246038365304,27707.391527542877,27707.564291496474
6,1.481651376146789,27818.867072984165,27819.04192794592
6,1.4837781484570476,27930.23615826954,27930.413224997494
6,1.485904920767306,28041.47952954067,28041.658927459983
6,1.4880316930775646,28152.578126519657,28152.759972786036
6,1.490158465387823,28263.51308912222,28263.697497615198
6,1.4922852376980817,28374.265764020696,28374.452844265852
6,1.4944120100083402,28484.817711128777,28485.007567148714
6,1.496538782318599,28595.150709982365,28595.343439076394
6,1.4986655546288574,28705.246765992466,28705.44245744581
6,1.500792326939116,28815.08811655092,28815.28685027462
6,1.5029190992493744,28924.65723697249,28924.85908207619
6,1.5050458715596329,29033.93684626324,29034.14185956348
6,1.5071726438698916,29142.909912710515,29143.11813717827
6,1.50929941618015,29251.559659297174,29251.771122449245
6,1.5114261884904088,29359.86956895108,29360.084281190968
6,1.5135529608006673,29467.823389649504,29468.041342564436
6,1.5156797331109257,29575.405139408947,29575.626304031175
6,1.5178065054211842,29682.599111201343,29682.823436242856
6,1.5199332777314427,29789.389877850143,29789.61728792151
6,1.5220600500417014,29895.76229697225,29895.99269079774
6,1.52418682235196,30001.701516045367,30001.934764687932
6,1.5263135946622186,30107.192977693918,30107.42892280543
6,1.528440366972477,30212.222425300704,30212.46087741432
6,1.5305671392827356,30316.775909065273,30317.01664594856
6,1.532693911592994,30420.839792642644,30421.082557731876
6,1.5348206839032525,30524.400760508663,30524.6452614462
6,1.5369474562135113,30627.44582620815,30627.69173350664
6,1.5390742285237697,30729.962341650364,30730.20928750897
6,1.5412010008340284,30831.938007622055,30832.185584921284
6,1.543327773144287,30933.360885689268,30933.60864719233
6,1.5454545454545454,31034.219411657617,31034.46686944694
6,1.547581317764804,31134.50241075203,31134.749035930585
6,1.5497080900750624,31234.199114664294,31234.444337351295
6,1.551834862385321,31333.29918059603,31333.54239024668
6,1.5539616346955796,31431.792712398015,31432.033258475876
6,1.5560884070058383,31529.6702838713,31529.90747690092
6,1.5582151793160968,31626.922964253146,31627.15607727802
6,1.5603419516263553,31723.542345859274,31723.770616327893
6,1.5624687239366137,31819.520573795646,31819.743205894294
6,1.5645954962468722,31914.850377586645,31915.06654503325
6,1.566722268557131,32009.52510449422,32009.733953802148
6,1.5688490408673894,32103.538754225603,32103.73940843992
6,1.5709758131776481,32196.886014647323,32197.077577549
6,1.5731025854879066,32289.56229804224,32289.743858807495
6,1.575229357798165,32381.563777368356,32381.734415662322
6,1.5773561301084236,32472.88742190478,32473.046213379144
6,1.579482902418682,32563.53103160599,32563.677053761035
6,1.5816096747289408,32653.493269433027,32653.62560779531
6,1.5837364470391992,32742.77369089375,32742.891445451216
6,1.585863219349458,32831.3727700063,32831.47506183436
6,1.5879899916597164,32919.2919209034,32919.37789890755
6,1.590116763969975,33006.533514322444,33006.60236201671
6,1.5922435362802334,33093.100888278124,33093.151830513416
6,1.594370308590492,33178.99835229102,33179.0306618446
6,1.5964970809007506,33264.231184646924,33264.244188582685
6,1.5986238532110093,33348.80561367752,33348.798700406594
6,1.6007506255212678,33432.727446150966,33432.70010275098
6,1.6028773978315263,33516.000428353145,33515.95224343223
6,1.6050041701417848,33598.628535144286,33598.559193716865
6,1.6071309424520432,33680.616299341826,33680.52558761611
6,1.6092577147623017,33761.96880019408,33761.85660956976
6,1.6113844870725604,33842.691648420536,33842.557978649675
6,1.6135112593828191,33922.790967838555,33922.635929316726
6,1.6156380316930776,34002.27337366809,34002.09718883751
6,1.617764804003336,34081.14594767526,34080.948951536484
6,1.6198915763135946,34159.41621038002,34159.19885012362
6,1.622018348623853,34237.092090611564,34236.85492439507
6,1.6241451209341116,34314.181892744,34313.92558765242
6,1.6262718932443703,34390.694261984456,34390.41959122425
6,1.628398665554629,34466.638148114274,34466.3459875008
6,1.6305254378648875,34542.02276810169,34541.71409190831
6,1.632652210175146,34616.85756801036,34616.533444253786
6,1.6347789824854044,34691.15218462429,34690.81376986497
6,1.636905754795663,34764.9164071954,34764.56494093443
6,1.6390325271059214,34838.16013969779,34837.79693845221
6,1.64115929941618,34910.89336394275,34910.51981508022
6,1.6432860717264388,34983.126103873554,34982.743659284766
6,1.6454128440366973,35054.86839131965,35054.4785610028
6,1.6475396163469558,35126.130233447686,35125.734579074655
6,1.6496663886572143,35196.92158210417,35196.521710631976
6,1.6517931609674728,35267.252305201364,35266.84986258645
6,1.6539199332777315,35337.13216025692,35336.72882532272
6,1.65604670558799,35406.57077015828,35406.16824865976
6,1.6581734778982486,35475.57760118675,35475.17762010881
6,1.6603002502085071,35544.16194330347,35543.766245423074
6,1.6624270225187656,35612.3328926707,35611.94323140647
6,1.664553794829024,35680.09933635694,35679.71747092347
6,1.6666805671392826,35747.46993915368,35747.09763003278
6,1.6688073394495413,35814.45313241468,35814.09213715007
6,1.6709341117597998,35881.05710481561,35880.709174133626
6,1.6730608840700585,35947.28979492213,35946.956669176536
6,1.675187656380317,36013.158885447825,36012.8422913838
6,1.6773144286905755,36078.67179907981,36078.37344690912
6,1.679441201000834,36143.8356957482,36143.5572765251
6,1.6815679733110924,36208.65747121626,36208.400654502075
6,1.6836947456213511,36273.14375687057,36272.910188673115
6,1.6858215179316096,36337.300920593756,36337.09222156689
6,1.6879482902418683,36401.13506860757,36400.95283249544
6,1.6900750625521268,36464.652048179036,36464.49784048897
6,1.6922018348623853,36527.85745108886,36527.73280797711
6,1.6943286071726438,36590.756617767445,36590.66304512148
6,1.6964553794829023,36653.35464201039,36653.29361471226
6,1.698582151793161,36715.656376192106,36715.62933754751
6,1.7007089241034195,36777.66643690251,36777.67479822065
6,1.7028356964136782,36839.389210938294,36839.434351248514
6,1.7049624687239366,36900.828861585986,36900.91212747763
6,1.7070892410341951,36961.98933514041,36962.11204071312
6,1.7092160133444536,37022.87436760697,37023.037794519565
6,1.711342785654712,37083.48749154193,37083.69288914847
6,1.7134695579649708,37143.832042989015,37144.080628551914
6,1.7155963302752293,37203.911168475875,37204.20412744611
6,1.717723102585488,37263.72783203715,37264.06631839293
6,1.7198498748957465,37323.2848222353,37323.66995887087
6,1.721976647206005,37382.584759153404,37383.01763831069
6,1.7241034195162634,37441.63010133754,37442.11178507363
6,1.726230191826522,37500.42315266864,37500.95467335314
6,1.7283569641367806,37558.966069147034,37559.54842998368
6,1.7304837364470391,37617.26086557447,37617.895041141994
6,1.7326105087572978,37675.309422121034,37675.99635892875
6,1.7347372810675563,37733.11349076567,37733.85410781998
6,1.7368640533778148,37790.67470160155,37791.469890979555
6,1.7389908256880733,37847.99456899791,37848.8451964253
6,1.7411175979983318,37905.07449761248,37905.98140304262
6,1.7432443703085905,37961.915788248785,37962.87978644095
6,1.745371142618849,38018.519643554595,38019.54152464892
6,1.7474979149291077,38074.88717355805,38075.96770364566
6,1.7496246872393661,38131.01940103915,38132.15932272587
6,1.7517514595496246,38186.917266735334,38188.11729969744
6,1.7538782318598831,38242.58163437977,38243.84247591105
6,1.7560050041701416,38298.01329557249,38299.335621121434
6,1.7581317764804003,38353.21297448445,38354.597438180994
6,1.7602585487906588,38408.18133239526,38409.628567566324
6,1.7623853211009175,38462.918972065774,38464.429591739296
6,1.764512093411176,38517.42644194695,38519.00103934405
6,1.7666388657214345,38571.70424022718,38573.34338924215
6,1.768765638031693,38625.752818719746,38627.45707438774
6,1.7708924103419514,38679.572586593225,38681.34248554568
6,1.7730191826522101,38733.1639139473,38734.999974855025
6,1.7751459549624686,38786.5271352368,38788.42985924073
6,1.7772727272727273,38839.66255254705,38841.63242367691
6,1.7793994995829858,38892.570438723495,38894.607924304466
6,1.7815262718932443,38945.25104035907,38947.3565914067
6,1.7836530442035028,38997.70458064253,38999.87863224601
6,1.7857798165137613,39049.93126207113,39052.17423376536
6,1.78790658882402,39101.93126903139,39104.243565157914
6,1.7900333611342787,39153.70477025124,39156.086780308506
6,1.7921601334445372,39205.251921127296,39207.704020110374
6,1.7942869057547957,39256.57286593081,39259.095414661075
6,1.7964136780650541,39307.667739895965,39310.26108534092
6,1.7985404503753126,39358.536671194204,39361.20114677769
6,1.8006672226855711,39409.17978279798,39411.91570870137
6,1.8027939949958298,39459.59719423792,39462.40487769224
6,1.8049207673060885,39509.7890232566,39512.66875882627
6,1.807047539616347,39559.75538736279,39562.70745722096
6,1.8091743119266055,39609.49640528953,39612.52107948553
6,1.811301084236864,39659.012198359495,39662.10973507865
6,1.8134278565471225,39708.30289176127,39711.47353757728
6,1.815554628857381,39757.36861573959,39760.61260585995
6,1.8176814011676397,39806.20950670332,39809.52706520778
6,1.8198081734778984,39854.82570825387,39858.21704832653
6,1.8219349457881568,39903.21737213778,39906.68269629276
6,1.8240617180984153,39951.38465912628,39954.92415942746
6,1.8261884904086738,39999.327739825,40002.94159809993
6,1.8283152627189323,40047.04679541681,40050.735183465076
6,1.830442035029191,40094.5420183407,40098.305098136894
6,1.8325688073394495,40141.81361290947,40145.65153680122
6,1.8346955796497082,40188.86179586934,40192.77470677017
6,1.8368223519599667,40235.686796903625,40239.67482848129
6,1.8389491242702252,40282.2888590836,40286.3521359438
6,1.8410758965804837,40328.66823926883,40332.806877134586
6,1.8432026688907421,40374.82520845949,40379.03931434633
6,1.8453294412010008,40420.760052103156,40425.04972449029
6,1.8474562135112593,40466.47307035819,40470.838399355795
6,1.849582985821518,40511.964578316285,40516.40564582906
6,1.8517097581317765,40557.23490618591,40561.75178607307
6,1.853836530442035,40602.28439943916,40606.87715767102
6,1.8559633027522935,40647.11341892376,40651.782113734844
6,1.858090075062552,40691.722340942295,40696.467022981466
6,1.8602168473728105,40736.11155730054,40740.93226977782
6,1.8623436196830694,40780.28147532663,40785.17825415718
6,1.8644703919933279,40824.232517862845,40829.20539180802
6,1.8665971643035864,40867.965123231836,40873.01411403744
6,1.8687239366138448,40911.47974517851,40916.604867710405
6,1.8708507089241033,40954.77685278964,40959.978115166676
6,1.8729774812343618,40997.856930392154,41003.13433411669
6,1.8751042535446203,41040.72047743202,41046.074017517894
6,1.8772310258548792,41083.36800833464,41088.79767343282
6,1.8793577981651377,41125.80005234834,41131.30582487029
6,1.8814845704753962,41168.017153372144,41173.599009610945
6,1.8836113427856547,41210.019869769,41215.67778001828
6,1.8857381150959132,41251.80877416547,41257.54270283627
6,1.8878648874061716,41293.384453239254,41299.194358974804
6,1.8899916597164301,41334.74750749532,41340.633343283844
6,1.892118432026689,41375.898551031714,41381.86026431728
6,1.8942452043369475,41416.83821129605,41422.87574408753
6,1.896371976647206,41457.56712883353,41463.68041781168
6,1.8984987489574645,41498.08595702722,41504.274933650006
6,1.900625521267723,41538.39536183163,41544.65995243774
6,1.9027522935779815,41578.496021500185,41584.836147410824
6,1.90487906588824,41618.388626307315,41624.80420392639
6,1.907005838198499,41658.07387826602,41664.56481917849
6,1.9091326105087574,41697.55249084122,41704.11870191007
6,1.9112593828190159,41736.825188660056,41743.46657212148
6,1.9133861551292743,41775.89270721902,41782.60916077615
6,1.9155129274395328,41814.75579258913,41821.547209504264
6,1.9176396997497913,41853.41520111922,41860.28147030446
6,1.9197664720600498,41891.871699137984,41898.812705244505
6,1.9218932443703087,41930.12606265536,41937.14168616121
6,1.9240200166805672,41968.1790770634,41975.2691943598
6,1.9261467889908257,42006.03153683727,42013.19602031369
6,1.9282735613010842,42043.68424523669,42050.922963364435
6,1.9304003336113427,42081.13801400816,42088.450831422604
6,1.9325271059216012,42118.39366308822,42125.780440669805
6,1.9346538782318596,42155.45202030824,42162.912615262125
6,1.9367806505421186,42192.31392110088,42199.84818703527
6,1.938907422852377,42228.98020820851,42236.58799521179
6,1.9410341951626355,42265.45173139389,42273.1328861105
6,1.943160967472894,42301.72934715334,42309.48371285842
6,1.9452877397831525,42337.813918432534,42345.641335105305
6,1.947414512093411,42373.70631434514,42381.60661874126
6,1.9495412844036695,42409.40740989463,42417.3804356172
6,1.9516680567139284,42444.91808569923,42452.96366326873
6,1.9537948290241869,42480.2392277202,42488.35718464329
6,1.9559216013344454,42515.3717269937,42523.561887830925
6,1.9580483736447039,42550.31647936627,42558.57866579858
6,1.9601751459549623,42585.07438523406,42593.40841612829
6,1.9623019182652208,42619.64634928584,42628.052040759154
6,1.9644286905754793,42654.03328025004,42662.510445733235
6,1.9665554628857382,42688.23609064581,42696.784540945635
6,1.9686822351959967,42722.25569653798,42730.87523989839
6,1.9708090075062552,42756.09301729651,42764.78345945893
6,1.9729357798165137,42789.74897535978,42798.51011962235
6,1.9750625521267722,42823.224496002375,42832.0561432782
6,1.9771893244370307,42856.520507107016,42865.422455981476
6,1.9793160967472891,42889.637938940876,42898.60998572791
6,1.981442869057548,42922.577723936185,42931.6196627337
6,1.9835696413678066,42955.34079647511,42964.45241921939
6,1.985696413678065,42987.9280926792,42997.10918919844
6,1.9878231859883235,43020.34055020295,43029.59090826984
6,1.989949958298582,43052.57910803186,43061.89851341528
6,1.9920767306088405,43084.64470628478,43094.03294280067
6,1.9942035029190994,43116.53828602069,43125.99513558192
6,1.996330275229358,43148.260789049586,43157.786031715084
6,1.9984570475396164,43179.813157747936,43189.40657177092
6,2.000583819849875,43211.19633487825,43220.8576967536
6,2.0027105921601334,43242.411263412905,43252.140347923756
6,2.004837364470392,43273.45888636222,43283.25546662569
6,2.0069641367806503,43304.34014660676,43314.2039941189
6,2.0090909090909093,43335.055986733714,43344.98687141369
6,2.0112176814011677,43365.60734887736,43375.60503911083
6,2.0133444537114262,43395.995174563745,43406.05943724545
6,2.0154712260216847,43426.22040455929,43436.3510051349
6,2.017597998331943,43456.28397872329,43466.48068123052
6,2.0197247706422017,43486.18683586456,43496.449402973536
6,2.02185154295246,43515.929913601794,43526.25810665469
6,2.023978315262719,43545.51414822781,43555.90772727778
6,2.0261050875729776,43574.94047457761,43585.399198427
6,2.028231859883236,43604.209825900136,43614.73345213803
6,2.0303586321934946,43633.323133733764,43643.911418772776
6,2.032485404503753,43662.281327785284,43672.934026897805
6,2.0346121768140115,43691.085335812604,43701.80220316626
6,2.03673894912427,43719.73608351094,43730.51687220344
6,2.038865721434529,43748.234494402364,43759.07895649574
6,2.0409924937447874,43776.5814897288,43787.48937628299
6,2.043119266055046,43804.777988348505,43815.749049454236
6,2.0452460383653044,43832.82490663558,43843.85889144681
6,2.047372810675563,43860.72315838291,43871.81981514849
6,2.0494995829858214,43888.47365470822,43899.63273080306
6,2.05162635529608,43916.0773039632,43927.298545918835
6,2.0537531276063388,43943.535011645756,43954.81816518028
6,2.0558798999165973,43970.84768031517,43982.19249036271
6,2.0580066722268557,43998.016209510344,44009.42242024988
6,2.0601334445371142,44025.04149567077,44036.508850554426
6,2.0622602168473727,44051.92443206043,44063.45267384126
6,2.064386989157631,44078.6659086944,44090.254779453644
6,2.0665137614678897,44105.266812268295,44116.91605344204
6,2.0686405337781486,44131.7280260902,44143.43737849558
6,2.070767306088407,44158.050430015275,44169.81963387621
6,2.0728940783986656,44184.234900383024,44196.06369535539
6,2.075020850708924,44210.28230995688,44222.17043515317
6,2.0771476230191825,44236.193527866286,44248.140721879914
6,2.079274395329441,44261.96941955127,44273.97542048027
6,2.0814011676396995,44287.610846709205,44299.6753921795
6,2.0835279399499584,44313.11866724396,44325.24149443224
6,2.085654712260217,44338.493735217155,44350.67458087325
6,2.0877814845704754,44363.736900801814,44375.97550127059
6,2.089908256880734,44388.8490102379,44401.14510148081
6,2.0920350291909924,44413.83090579009,44426.18422340626
6,2.094161801501251,44438.68342570755,44451.09370495438
6,2.0962885738115093,44463.40740418565,44475.874379999106
6,2.0984153461217683,44488.00367132964,44500.527078344116
6,2.1005421184320268,44512.47305312027,44525.05262568799
6,2.1026688907422852,44536.816371381145,44549.451843591254
6,2.1047956630525437,44561.03444374798,44573.7255494452
6,2.106922435362802,44585.12808363951,44597.874556442446
6,2.1090492076730607,44609.098100230236,44621.8996735493
6,2.111175979983319,44632.945298424704,44645.80170547967
6,2.113302752293578,44656.67047883349,44669.58145267074
6,2.1154295246038366,44680.27443775075,44693.23971126007
6,2.117556296914095,44703.75796713327,44716.77727306442
6,2.1196830692243536,44727.12185458114,44740.19492556
6,2.121809841534612,44750.36688331969,44763.4934518641
6,2.1239366138448705,44773.49383218303,44786.67363071836
6,2.126063386155129,44796.503475598875,44809.73623647315
6,2.128190158465388,44819.396583574795,44832.68203907365
6,2.1303169307756464,44842.173921685644,44855.511804046844
6,2.132443703085905,44864.8362510624,44878.226292490195
6,2.1345704753961634,44887.38432838221,44900.82626106123
6,2.136697247706422,44909.81890585956,44923.31246196857
6,2.1388240200166804,44932.14073123873,44945.68564296398
6,2.140950792326939,44954.35054778729,44967.946547335705
6,2.143077564637198,44976.449094290765,44990.095913902755
6,2.1452043369474563,44998.43710504831,45012.13447701038
6,2.1473311092577148,45020.31530986957,45034.0629665266
6,2.1494578815679732,45042.08443407234,45055.88210783968
6,2.1515846538782317,45063.745198481374,45077.59262185661
6,2.15371142618849,45085.29831942803,45099.19522500261
6,2.1558381984987487,45106.74450875101,45120.690629221455
6,2.1579649708090076,45128.08447379773,45142.079541976826
6,2.160091743119266,45149.318917426855,45163.36266625437
6,2.1622185154295246,45170.44853801142,45184.54070056479
6,2.164345287739783,45191.474029442936,45205.61433894763
6,2.1664720600500416,45212.396081136234,45226.58427097588
6,2.1685988323603,45233.21537803501,45247.45118176139
6,2.170725604670559,45253.93260061824,45268.21575196096
6,2.1728523769808175,45274.54842490714,45288.87865778322
6,2.174979149291076,45295.06352247302,45309.44057099614
6,2.1771059216013344,45315.478560445656,45329.90215893531
6,2.179232693911593,45335.79420152232,45350.264084512746
6,2.1813594662218514,45356.01110397758,45370.527006226424
6,2.18348623853211,45376.12992167346,45390.691578170394
6,2.185613010842369,45396.15130407043,45410.75845004545
6,2.1877397831526273,45416.075896238784,45430.72826717042
6,2.1898665554628858,45435.9043388707,45450.60167049398
6,2.1919933277731443,45455.63726829268,45470.37929660694
6,2.1941201000834027,45475.275316478605,45490.061777755174
6,2.1962468723936612,45494.81911106323,45509.649741852896
6,2.1983736447039197,45514.26927535619,45529.14381249653
6,2.2005004170141786,45533.62642835638,45548.54460897889
6,2.202627189324437,45552.891184766835,45567.85274630394
6,2.2047539616346956,45572.06415501001,45587.068835201964
6,2.206880733944954,45591.1459452435,45606.193482145005
6,2.2090075062552126,45610.13715737602,45625.22728936283
6,2.211134278565471,45629.03838908394,45644.17085485925
6,2.2132610508757296,45647.85023382798,45663.024772428704
6,2.2153878231859885,45666.57328087047,45681.78963167331
6,2.217514595496247,45685.20811529267,45700.46601802019
6,2.2196413678065054,45703.75531801263,45719.054512739065
6,2.221768140116764,45722.21546580326,45737.55569296026
6,2.2238949124270224,45740.58913131067,45755.97013169288
6,2.226021684737281,45758.87688307277,45774.29839784333
6,2.2281484570475394,45777.079285538246,45792.54105623413
6,2.2302752293577983,45795.19689908561,45810.69866762286
6,2.232402001668057,45813.23028004264,45828.7717887215
6,2.2345287739783153,45831.17998070594,45846.76097221583
6,2.2366555462885738,45849.04654936082,45864.66676678525
6,2.2387823185988323,45866.830530301195,45882.48971712259
6,2.2409090909090907,45884.53246384997,45900.230363954215
6,2.2430358632193492,45902.15288637926,45917.88924406041
6,2.245162635529608,45919.69233033108,45935.466890295735
6,2.2472894078398666,45937.15132423799,45952.963831609704
6,2.249416180150125,45954.530392744025,45970.38059306758
6,2.2515429524603836,45971.83005662572,45987.71769587124
6,2.253669724770642,45989.05083281321,46004.97565738033
6,2.2557964970809006,46006.193234411614,46022.154991133364
6,2.257923269391159,46023.257770722324,46039.25620686911
6,2.260050041701418,46040.24494726461,46056.27981054796
6,2.2621768140116765,46057.15526579715,46073.22630437347
6,2.264303586321935,46073.9892243398,46090.09618681399
6,2.2664303586321934,46090.747317195375,46106.889952624384
6,2.268557130942452,46107.43003497145,46123.60809286778
6,2.2706839032527104,46124.03786460239,46140.251094937434
6,2.272810675562969,46140.571289371284,46156.819442578686
6,2.274937447873228,46157.0307889321,46173.31361591097
6,2.2770642201834863,46173.41683933163,46189.73409144973
6,2.279190992493745,46189.72991303184,46206.08134212865
6,2.2813177648040033,46205.97047893194,46222.355837321724
6,2.2834445371142618,46222.13900239066,46238.55804286536
6,2.2855713094245202,46238.23594524849,46254.688421080675
6,2.2876980817347787,46254.26176584996,46270.7474307956
6,2.2898248540450377,46270.21691906595,46286.7355273672
6,2.291951626355296,46286.10185631599,46302.65316270384
6,2.2940783986655546,46301.91702559054,46318.5007852875
6,2.296205170975813,46317.66287147332,46334.27884019595
6,2.2983319432860716,46333.339835163664,46349.98776912509
6,2.30045871559633,46348.94835449873,46365.62801041109
6,2.3025854879065886,46364.488863975865,46381.19999905273
6,2.3047122602168475,46379.961794774834,46396.704166733514
6,2.306839032527106,46395.367574780044,46412.140941843914
6,2.3089658048373645,46410.70662860285,46427.51074950353
6,2.311092577147623,46425.97937760366,46442.81401158325
6,2.3132193494578814,46441.18623991413,46458.05114672727
6,2.31534612176814,46456.327630459324,46473.22257037535
6,2.3174728940783984,46471.4039609797,46488.32869478464
6,2.3195996663886573,46486.41564005328,46503.36992905183
6,2.321726438698916,46501.36307311752,46518.34667913497
6,2.3238532110091743,46516.246662491336,46533.25934787551
6,2.325979983319433,46531.066807396935,46548.10833502002
6,2.3281067556296913,46545.82390398171,46562.894037242026
6,2.3302335279399498,46560.51834533998,46577.61684816377
6,2.3323603002502082,46575.15052153468,46592.27715837785
6,2.334487072560467,46589.72081961905,46606.87535546883
6,2.3366138448707257,46604.22962365822,46621.411824034774
6,2.338740617180984,46618.67731475068,46635.88694570877
6,2.3408673894912426,46633.064271049814,46650.3010991803
6,2.342994161801501,46647.390867785114,46664.65466021655
6,2.3451209341117596,46661.65747728363,46678.94800168369
6,2.3472477064220185,46675.864468991116,46693.18149356808
6,2.349374478732277,46690.01220949314,46707.355502997336
6,2.3515012510425355,46704.101062536196,46721.47039426133
6,2.353628023352794,46718.131389048634,46735.5265288332
6,2.3557547956630525,46732.10354716156,46749.52426539012
6,2.357881567973311,46746.017892229625,46763.463959834124
6,2.3600083402835694,46759.874776851735,46777.34596531277
6,2.3621351125938284,46773.674550891694,46791.1706322397
6,2.364261884904087,46787.41756149869,46804.93830831518
6,2.3663886572143453,46801.10415312775,46818.64933854646
6,2.368515429524604,46814.73466756009,46832.30406526813
6,2.3706422018348623,46828.309443923376,46845.9028281623
6,2.372768974145121,46841.82881871177,46859.4459642788
6,2.3748957464553793,46855.29312580614,46872.93380805504
6,2.377022518765638,46868.70269649386,46886.366691336094
6,2.3791492910758967,46882.05785948876,46899.744943394486
6,2.381276063386155,46895.358940950835,46913.06889094982
6,2.3834028356964136,46908.60626450589,46926.33885818855
6,2.385529608006672,46921.80015126511,46939.55516678339
6,2.3876563803169306,46934.940919844455,46952.71813591281
6,2.389783152627189,46948.02888638404,46965.828082280226
6,2.391909924937448,46961.06436456737,46978.88532013338
6,2.3940366972477065,46974.047665640406,46991.89016128329
6,2.396163469557965,46986.97909843065,47004.842915123365
6,2.3982902418682235,46999.85896936604,47017.743888648205
6,2.400417014178482,47012.687582493716,47030.593386472436
6,2.4025437864887405,47025.46523949875,47043.39171084937
6,2.404670558798999,47038.192239722775,47056.139161689585
6,2.406797331109258,47050.868880182345,47068.836036579356
6,2.4089241034195163,47063.495455587414,47081.48263079903
6,2.411050875729775,47076.07225835955,47094.07923734126
6,2.4131776480400333,47088.5995786501,47106.626146929135
6,2.415304420350292,47101.077704358184,47119.12364803422
6,2.4174311926605503,47113.5069211487,47131.5720268944
6,2.4195579649708088,47125.88751247008,47143.97156753176
6,2.4216847372810677,47138.219759572,47156.32255177022
6,2.423811509591326,47150.503941523,47168.62525925317
6,2.4259382819015847,47162.74033522796,47180.879967460874
6,2.428065054211843,47174.92921544546,47193.08695172783
6,2.4301918265221016,47187.07085480503,47205.24648526008
6,2.43231859883236,47199.16552382435,47217.35883915229
6,2.4344453711426186,47211.21349092623,47229.42428240476
6,2.4365721434528775,47223.21502245557,47241.44308194038
6,2.438698915763136,47235.170382696124,47253.41550262137
6,2.4408256880733945,47247.079833887314,47265.34180726605
6,2.442952460383653,47258.94363624064,47277.222256665336
6,2.4450792326939115,47270.762047956356,47289.057109599264
6,2.44720600500417,47282.5353252397,47300.84662285329
6,2.4493327773144284,47294.263722317206,47312.59105123459
6,2.4514595496246874,47305.947491452825,47324.29064758815
6,2.453586321934946,47317.58688296401,47335.94566281279
6,2.4557130942452043,47329.18214523756,47347.556345877114
6,2.457839866555463,47340.733524745505,47359.12294383529
6,2.4599666388657213,47352.24126606076,47370.6457018427
6,2.46209341117598,47363.70561187276,47382.12486317159
6,2.4642201834862383,47375.12680300292,47393.56066922651
6,2.466346955796497,47386.505078419985,47404.95335955962
6,2.4684737281067557,47397.84067525535,47416.30317188609
6,2.470600500417014,47409.13382881816,47427.61034209906
6,2.4727272727272727,47420.38477261041,47438.87510428486
6,2.474854045037531,47431.59373834182,47450.097690737755
6,2.4769808173477896,47442.760955944745,47461.27833197493
6,2.479107589658048,47453.88665358882,47472.41725675109
6,2.481234361968307,47464.97105769565,47483.51469207313
6,2.4833611342785655,47476.01439295322,47494.57086321457
6,2.485487906588824,47487.0168823304,47505.58599373003
6,2.4876146788990825,47497.97874709121,47516.56030546945
6,2.489741451209341,47508.900206808954,47527.494018592304
6,2.4918682235195995,47519.78147938038,47538.38735158165
6,2.493994995829858,47530.62278103962,47549.24052125813
6,2.496121768140117,47541.424326372115,47560.053742793825
6,2.4982485404503754,47552.186328328266,47570.827229726
6,2.500375312760634,47562.908998237275,47581.561193970796
6,2.5025020850708923,47573.592545820546,47592.255845836764
6,2.504628857381151,47584.23717920528,47602.9113940383
6,2.5067556296914093,47594.843104937754,47613.52804570907
6,2.508882402001668,47605.41052799659,47624.10600641517
6,2.5110091743119267,47615.93965180594,47634.645480168336
6,2.513135946622185,47626.430678248515,47645.146669438946
6,2.5152627189324437,47636.88380767858,47655.60977516904
6,2.517389491242702,47647.29923893477,47666.03499678506
6,2.5195162635529607,47657.67716935284,47676.42253221072
6,2.521643035863219,47668.01779477838,47686.77257787958
6,2.5237698081734776,47678.32130957935,47697.08532874758
6,2.5258965804837366,47688.587906658475,47707.36097830558
6,2.528023352793995,47698.817777465716,47717.599718591635
6,2.5301501251042535,47709.01111201049,47727.80174020331
6,2.532276897414512,47719.16809887385,47737.9672323098
6,2.5344036697247705,47729.28892522051,47748.09638266405
6,2.536530442035029,47739.37377681093,47758.18937761469
6,2.538657214345288,47749.42283801311,47768.2464021179
6,2.5407839866555464,47759.436291814425,47778.267639749276
6,2.542910758965805,47769.41431983333,47788.253272715425
6,2.5450375312760634,47779.35710233095,47798.20348186562
6,2.547164303586322,47789.26481822259,47808.118446703294
6,2.5492910758965803,47799.13764508918,47817.998345397464
6,2.551417848206839,47808.97575918859,47827.84335479403
6,2.5535446205170977,47818.77933546684,47837.65365042704
6,2.5556713928273562,47828.54854756936,47847.4294065298
6,2.5577981651376147,47838.28356785188,47857.17079604596
6,2.559924937447873,47847.98456739156,47866.87799064046
6,2.5620517097581317,47857.65171599779,47876.551160710376
6,2.56417848206839,47867.28518222299,47886.19047539579
6,2.5663052543786486,47876.88513337333,47895.79610259044
6,2.5684320266889076,47886.45173551937,47905.368208952255
6,2.570558798999166,47895.98515350654,47914.906959914064
6,2.5726855713094245,47905.48555096564,47924.41251969386
6,2.574812343619683,47914.9530903232,47933.88505130527
6,2.5769391159299415,47924.38793281172,47943.324716567746
6,2.5790658882402,47933.790238479865,47952.73167611685
6,2.5811926605504585,47943.16016620264,47962.10608941425
6,2.5833194328607174,47952.49787369135,47971.448114757826
6,2.585446205170976,47961.803517503584,47980.757909291555
6,2.5875729774812344,47971.077253053045,47990.03562901538
6,2.589699749791493,47980.31923461937,47999.28142879501
6,2.5918265221017514,47989.52961535777,48008.49546237159
6,2.59395329441201,47998.70854730876,48017.67788237132
6,2.5960800667222683,48007.856181407566,48026.828840314985
6,2.5982068390325272,48016.9726674937,48035.94848662745
6,2.6003336113427857,48026.05815432025,48045.03697064696
6,2.602460383653044,48035.112789563296,48054.09444063449
6,2.6045871559633027,48044.136719831,48063.12104378299
6,2.606713928273561,48053.13009067289,48072.116926226474
6,2.6088407005838197,48062.09304658884,48081.08223304912
6,2.610967472894078,48071.02573103811,48090.01710829424
6,2.613094245204337,48079.92828644828,48098.921694973236
6,2.6152210175145956,48088.800854224035,48107.796135074415
6,2.617347789824854,48097.64357475607,48116.640569571726
6,2.6194745621351125,48106.4565874296,48125.455138433535
6,2.621601334445371,48115.24003063318,48134.23998063119
6,2.6237281067556295,48123.99404176711,48142.99523414754
6,2.625854879065888,48132.71875725202,48151.7210359855
6,2.627981651376147,48141.414312537236,48160.417522176365
6,2.6301084236864054,48150.08084210912,48169.084827788225
6,2.632235195996664,48158.718479499315,48177.72308693415
6,2.6343619683069224,48167.32735729303,48186.332432780444
6,2.636488740617181,48175.90760713706,48194.91299755473
6,2.6386155129274393,48184.45935974793,48203.46491255405
6,2.640742285237698,48192.98274491984,48211.98830815278
6,2.6428690575479568,48201.477891532646,48220.48331381063
6,2.6449958298582152,48209.94492755961,48228.95005808041
6,2.6471226021684737,48218.38398007531,48237.3886686159
6,2.649249374478732,48226.795175263316,48245.79927217951
6,2.6513761467889907,48235.17863842379,48254.181994649945
6,2.653502919099249,48243.53449398117,48262.536961029786
6,2.6556296914095077,48251.862865491676,48270.864295453015
6,2.6577564637197666,48260.163875650695,48279.16412119252
6,2.659883236030025,48268.437646300285,48287.4365606674
6,2.6620100083402836,48276.684298436456,48295.681735450344
6,2.664136780650542,48284.903952216446,48303.89976627489
6,2.6662635529608005,48293.096726965945,48312.09077304265
6,2.668390325271059,48301.26274118622,48320.25487483041
6,2.6705170975813175,48309.40211256123,48328.392189897226
6,2.6726438698915764,48317.514957964624,48336.5028356915
6,2.674770642201835,48325.60139346672,48344.58692885782
6,2.6768974145120934,48333.66153434142,48352.64458524397
6,2.679024186822352,48341.695495073036,48360.67591990773
6,2.6811509591326104,48349.703389363094,48368.68104712362
6,2.683277731442869,48357.68533013702,48376.66008038968
6,2.6854045037531273,48365.64142955088,48384.61313243411
6,2.6875312760633863,48373.57179899791,48392.540315221864
6,2.6896580483736447,48381.47654911515,48400.44173996119
6,2.6917848206839032,48389.35578978988,48408.317517110176
6,2.6939115929941617,48397.20963016608,48416.167756383096
6,2.69603836530442,48405.03817865084,48423.992566756904
6,2.6981651376146787,48412.84154292063,48431.79205647744
6,2.700291909924937,48420.61982992766,48439.56633306577
6,2.702418682235196,48428.37314590599,48447.31550332438
6,2.7045454545454546,48436.10159637782,48455.03967334335
6,2.706672226855713,48443.8052861595,48462.73894850641
6,2.7087989991659716,48451.48431936761,48470.413433497066
6,2.71092577147623,48459.13879942502,48478.06323230456
6,2.7130525437864885,48466.76882906679,48485.68844822979
6,2.7151793160967475,48474.37451034607,48493.28918389127
6,2.717306088407006,48481.95594463998,48500.86554123091
6,2.7194328607172644,48489.51323265539,48508.417621519846
6,2.721559633027523,48497.04647443467,48515.94552536419
6,2.7236864053377814,48504.55576936138,48523.44935271068
6,2.72581317764804,48512.04121616592,48530.92920285235
6,2.7279399499582984,48519.50291293115,48538.38517443413
6,2.7300667222685573,48526.9409570979,48545.81736545836
6,2.7321934945788158,48534.35544547047,48553.225873290285
6,2.7343202668890743,48541.74647422216,48560.61079466354
6,2.7364470391993327,48549.11413890056,48567.97222568552
6,2.7385738115095912,48556.45853443296,48575.3102618427
6,2.7407005838198497,48563.77975513168,48582.62499800602
6,2.742827356130108,48571.0778946993,48589.91652843606
6,2.744954128440367,48578.35304623388,48597.18494678826
6,2.7470809007506256,48585.60530223413,48604.43034611813
6,2.749207673060884,48592.834754604526,48611.652818886345
6,2.7513344453711426,48600.041494660436,48618.852456963796
6,2.753461217681401,48607.225613133065,48626.02935163665
6,2.7555879899916595,48614.38720017452,48633.18359361131
6,2.757714762301918,48621.52634536274,48640.315273019376
6,2.759841534612177,48628.64313770635,48647.424479422494
6,2.7619683069224354,48635.737665649605,48654.51130181727
6,2.764095079232694,48642.81001707713,48661.57582864008
6,2.7662218515429524,48649.86027931868,48668.61814777175
6,2.768348623853211,48656.888539153966,48675.63834654235
6,2.7704753961634694,48663.89488281725,48682.636511735895
6,2.772602168473728,48670.87939600203,48689.61272959492
6,2.774728940783987,48677.84216386562,48696.56708582514
6,2.7768557130942453,48684.78327103376,48703.49966559995
6,2.7789824854045038,48691.70280160509,48710.410553565
6,2.7811092577147623,48698.60083915567,48717.29983384265
6,2.7832360300250207,48705.477466743374,48724.16759003638
6,2.785362802335279,48712.33276691237,48731.01390523522
6,2.7874895746455377,48719.1668216974,48737.83886201811
6,2.7896163469557966,48725.97971262818,48744.64254245821
6,2.791743119266055,48732.7715207336,48751.425028127174
6,2.7938698915763136,48739.54232654608,48758.18640009942
6,2.795996663886572,48746.29221010568,48764.926738956274
6,2.7981234361968306,48753.02125096436,48771.64612479023
6,2.800250208507089,48759.72952819004,48778.344637209
6,2.8023769808173475,48766.41712037071,48785.022355339635
6,2.8045037531276065,48773.08410561857,48791.67935783262
6,2.806630525437865,48779.73056157397,48798.3157228658
6,2.8087572977481234,48786.356565409405,48804.931528148496
6,2.810884070058382,48792.96219383353,48811.526850925315
6,2.8130108423686404,48799.54752309501,48818.101767980144
6,2.815137614678899,48806.11262898648,48824.65635564006
6,2.8172643869891574,48812.65758684826,48831.19068977906
6,2.8193911592994163,48819.182471572334,48837.70484582198
6,2.821517931609675,48825.68735760602,48844.198898748204
6,2.8236447039199333,48832.17231895575,48850.67292309544
6,2.8257714762301918,48838.637429190756,48857.1269929634
6,2.8278982485404502,48845.082761446814,48863.56118201751
6,2.8300250208507087,48851.50838842982,48869.975563492495
6,2.832151793160967,48857.91438241942,48876.37021019605
6,2.834278565471226,48864.30081527262,48882.74519451237
6,2.8364053377814846,48870.6677584273,48889.10058840571
6,2.838532110091743,48877.01528290575,48895.43646342387
6,2.8406588824020016,48883.343459318145,48901.75289070174
6,2.84278565471226,48889.65235786599,48908.04994096469
6,2.8449124270225186,48895.942048345576,48914.32768453201
6,2.847039199332777,48902.212600151324,48920.58619132025
6,2.849165971643036,48908.46408227917,48926.8255308467
6,2.8512927439532945,48914.69656332991,48933.045772232515
6,2.853419516263553,48920.910111512465,48939.24698420624
6,2.8555462885738114,48927.104794647195,48945.42923510689
6,2.85767306088407,48933.28068016908,48951.59259288728
6,2.859799833194329,48939.43783513098,48957.737125117215
6,2.8619266055045873,48945.57632620681,48963.86289898665
6,2.864053377814846,48951.69621969467,48969.96998130884
6,2.8661801501251043,48957.79758152,48976.0584385235
6,2.868306922435363,48963.88047723866,48982.12833669985
6,2.8704336947456213,48969.94497203997,48988.17974153969
6,2.8725604670558798,48975.99113074983,48994.21271838047
6,2.8746872393661387,48982.019017833656,49000.227332198236
6,2.876814011676397,48988.0286973994,49006.22364761069
6,2.8789407839866556,48994.020233200485,49012.201728880034
6,2.881067556296914,48999.99368863878,49018.161639916056
6,2.8831943286071726,49005.94912676746,49024.10344427884
6,2.885321100917431,49011.88661029393,49030.027205181825
6,2.8874478732276896,49017.80620158259,49035.93298549452
6,2.8895746455379485,49023.707962657805,49041.82084774539
6,2.891701417848207,49029.59195520659,49047.69085412463
6,2.8938281901584655,49035.45824058137,49053.54306648696
6,2.895954962468724,49041.30687980287,49059.37754635433
6,2.8980817347789825,49047.13793356268,49065.1943549187
6,2.900208507089241,49052.951462226054,49070.99355304466
6,2.9023352793994994,49058.74752583456,49076.77520127218
6,2.9044620517097584,49064.52618410873,49082.53935981921
6,2.906588824020017,49070.28749645064,49088.28608858431
6,2.9087155963302753,49076.031521946636,49094.01544714925
6,2.910842368640534,49081.758319369794,49099.72749478162
6,2.9129691409507923,49087.46794718251,49105.42229043731
6,2.9150959132610508,49093.160463539054,49111.0998927631
6,2.9172226855713093,49098.835926288084,49116.760360099164
6,2.919349457881568,49104.49439297509,49122.403750481484
6,2.9214762301918267,49110.13592084488,49128.030121644435
6,2.923603002502085,49115.76056684407,49133.63953102308
6,2.9257297748123436,49121.368387623384,49139.232035755704
6,2.927856547122602,49126.9594395402,49144.807692686125
6,2.9299833194328606,49132.53377866082,49150.366558366106
6,2.932110091743119,49138.09146076284,49155.90868905772
6,2.934236864053378,49143.632541337494,49161.43414073561
6,2.9363636363636365,49149.157075592004,49166.942969089374
6,2.938490408673895,49154.66511845179,49172.435229525836
6,2.9406171809841535,49160.156724562796,49177.91097717124
6,2.942743953294412,49165.631948293725,49183.370266873564
6,2.9448707256046704,49171.09084373826,49188.81315320477
6,2.9469974979149294,49176.53346471725,49194.239690462884
6,2.949124270225188,49181.95986478095,49199.64993267432
6,2.9512510425354463,49187.370097211155,49205.043933595975
6,2.953377814845705,49192.76421502331,49210.42174671734
6,2.9555045871559633,49198.142270968696,49215.78342526268
6,2.957631359466222,49203.50431753655,49221.129022193134
6,2.9597581317764803,49208.850406956044,49226.458590208786
6,2.961884904086739,49214.18059119851,49231.77218175068
6,2.9640116763969977,49219.49492197931,49237.06984900297
6,2.966138448707256,49224.79345076005,49242.35164389486
6,2.9682652210175147,49230.07622875048,49247.61761810265
6,2.970391993327773,49235.34330691048,49252.86782305174
6,2.9725187656380316,49240.594735952094,49258.10230991857
6,2.97464553794829,49245.830566341465,49263.32112963257
6,2.976772310258549,49251.050848300765,49268.52433287815
6,2.9788990825688075,49256.25563181013,49273.71197009655
6,2.981025854879066,49261.44496660951,49278.88409148779
6,2.9831526271893245,49266.618902200666,49284.04074701252
6,2.985279399499583,49271.77748784891,49289.181986393916
6,2.9874061718098415,49276.92077258507,49294.307859119515
6,2.9895329441201,49282.04880520723,49299.41841444302
6,2.991659716430359,49287.16163428262,49304.51370138617
6,2.9937864887406174,49292.25930814937,49309.59376874047
6,2.995913261050876,49297.34187491831,49314.65866506907
6,2.9980400333611343,49302.40938247475,49319.70843870839
6,3.000166805671393,49307.46187848019,49324.74313777001
6,3.0022935779816513,49312.499410374134,49329.76281014232
6,3.00442035029191,49317.5220253757,49334.767503492236
6,3.0065471226021687,49322.529770485446,49339.75726526696
6,3.008673894912427,49327.522692486906,49344.73214269559
6,3.0108006672226857,49332.500837948435,49349.69218279084
6,3.012927439532944,49337.46425322475,49354.63743235069
6,3.0150542118432027,49342.41298445856,49359.56793795998
6,3.017180984153461,49347.3470775823,49364.48374599211
6,3.0193077564637196,49352.26657831963,49369.384902610574
6,3.0214345287739786,49357.171532187065,49374.27145377059
6,3.023561301084237,49362.06198449564,49379.143445220696
6,3.0256880733944955,49366.937980352275,49384.00092250423
6,3.027814845704754,49371.799564661575,49388.84393096104
6,3.0299416180150125,49376.646782127194,49393.67251572884
6,3.032068390325271,49381.479677253395,49398.48672174483
6,3.0341951626355295,49386.29829434662,49403.28659374721
6,3.0363219349457884,49391.102677516916,49408.07217627662
6,3.038448707256047,49395.89287067943,49412.843513677675
6,3.0405754795663054,49400.668917555915,49417.60065010037
6,3.042702251876564,49405.43086167614,49422.34362950161
6,3.0448290241868223,49410.178746379344,49427.07249564656
6,3.046955796497081,49414.912614815694,49431.787292110144
6,3.0490825688073393,49419.63250994763,49436.48806227841
6,3.0512093411175982,49424.33847455135,49441.17484934997
6,3.0533361134278567,49429.03055121812,49445.847696337325
6,3.055462885738115,49433.70878235571,49450.506646068316
6,3.0575896580483737,49438.37321018973,49455.15174118744
6,3.059716430358632,49443.02387676497,49459.783024157165
6,3.0618432026688907,49447.66082394675,49464.40053725935
6,3.063969974979149,49452.28409342225,49469.004322596484
6,3.066096747289408,49456.893726701805,49473.59442209307
6,3.0682235195996665,49461.48976512023,49478.170877496865
6,3.070350291909925,49466.07224983808,49482.733730380176
6,3.0724770642201835,49470.64122184295,49487.28302214117
6,3.074603836530442,49475.19672195073,49491.81879400512
6,3.0767306088407005,49479.738790806834,49496.34108702564
6,3.078857381150959,49484.26746888748,49500.84994208593
6,3.080984153461218,49488.782796500935,49505.34539990003
6,3.0831109257714764,49493.28481378865,49509.82750101396
6,3.085237698081735,49497.77356072653,49514.29628580705
6,3.0873644703919934,49502.249077126144,49518.75179449306
6,3.089491242702252,49506.711402635854,49523.194067121294
6,3.0916180150125103,49511.16057674204,49527.623143577934
6,3.093744787322769,49515.59663877022,49532.03906358706
6,3.0958715596330277,49520.01962788622,49536.44186671188
6,3.097998331943286,49524.42958309735,49540.83159235584
6,3.1001251042535447,49528.82654325346,49545.20827976374
6,3.102251876563803,49533.21054704812,49549.5719680229
6,3.1043786488740617,49537.581633019705,49553.9226960642
6,3.10650542118432,49541.939839552484,49558.26050266325
6,3.1086321934945786,49546.285204877764,49562.585426441416
6,3.1107589658048376,49550.617767074895,49566.897505866946
6,3.112885738115096,49554.937564072374,49571.19677925602
6,3.1150125104253545,49559.24463364892,49575.483284773785
6,3.117139282735613,49563.539013434485,49579.75706043543
6,3.1192660550458715,49567.82074091132,49584.018144107235
6,3.12139282735613,49572.089853415,49588.26657350755
6,3.123519599666389,49576.34638813544,49592.502386207874
6,3.1256463719766474,49580.590382117894,49596.72561963383
6,3.127773144286906,49584.821872263994,49600.93631106617
6,3.1298999165971644,49589.040895332706,49605.134497641746
6,3.132026688907423,49593.24748794131,49609.32021635455
6,3.1341534612176813,49597.441686566395,49613.493504056634
6,3.13628023352794,49601.62352754481,49617.6543974591
6,3.1384070058381988,49605.79304707465,49621.802933133
6,3.1405337781484572,49609.95028121612,49625.939147510384
6,3.1426605504587157,49614.09526589259,49630.06307688516
6,3.144787322768974,49618.228036891414,49634.17475741403
6,3.1469140950792327,49622.34862986495,49638.274225117435
6,3.149040867389491,49626.45708033137,49642.36151588043
6,3.1511676396997497,49630.55342367563,49646.43666545366
6,3.1532944120100086,49634.63769515036,49650.499709454125
6,3.155421184320267,49638.709929876735,49654.550683366244
6,3.1575479566305256,49642.77016284535,49658.58962254255
6,3.159674728940784,49646.81842891708,49662.61656220467
6,3.1618015012510425,49650.85476282403,49666.63153744418
6,3.163928273561301,49654.879199170224,49670.634583223415
6,3.1660550458715595,49658.8917724326,49674.62573437635
6,3.1681818181818184,49662.89251696181,49678.60502560943
6,3.170308590492077,49666.881466982966,49682.5724915024
6,3.1724353628023354,49670.85865659661,49686.52816650909
6,3.174562135112594,49674.82411977938,49690.472084958325
6,3.1766889074228524,49678.77789038494,49694.40428105461
6,3.178815679733111,49682.7200021447,49698.324788879036
6,3.1809424520433693,49686.65048866863,49702.23364239001
6,3.1830692243536283,49690.56938344608,49706.130875424074
6,3.1851959966638868,49694.47671984652,49710.016521696634
6,3.1873227689741452,49698.372531120265,49713.89061480279
6,3.1894495412844037,49702.25685039937,49717.75318821807
6,3.191576313594662,49706.129710698275,49721.6042752992
6,3.1937030859049207,49709.99114491458,49725.44390928481
6,3.195829858215179,49713.841185829835,49729.27212329625
6,3.197956630525438,49717.679866110164,49733.088950338264
6,3.2000834028356966,49721.50721830714,49736.89442329975
6,3.202210175145955,49725.3232748584,49740.68857495445
6,3.2043369474562136,49729.12806808839,49744.47143796173
6,3.206463719766472,49732.921630209086,49748.24304486721
6,3.2085904920767305,49736.703993320705,49752.00342810353
6,3.210717264386989,49740.47518941233,49755.752619991006
6,3.212844036697248,49744.235250362726,49759.49065273832
6,3.2149708090075064,49747.984207940885,49763.21755844327
6,3.217097581317765,49751.7220938068,49766.93336909332
6,3.2192243536280234,49755.44893951208,49770.638116566406
6,3.221351125938282,49759.16477650068,49774.3318326315
6,3.2234778982485404,49762.86963610945,49778.01454894933
6,3.225604670558799,49766.56354956889,49781.68629707299
6,3.2277314428690578,49770.24654800378,49785.34710844864
6,3.2298582151793163,49773.918662433745,49788.997014416054
6,3.2319849874895747,49777.57992377398,49792.63604620938
6,3.2341117597998332,49781.23036283582,49796.26423495765
6,3.2362385321100917,49784.87001032738,49799.88161168547
6,3.23836530442035,49788.498896854195,49803.48820731365
6,3.2404920767306087,49792.11705291978,49807.08405265972
6,3.2426188490408676,49795.72450892627,49810.66917843868
6,3.244745621351126,49799.32129517505,49814.24361526347
6,3.2468723936613846,49802.90744186726,49817.80739364564
6,3.248999165971643,49806.482979104476,49821.3605439959
6,3.2511259382819016,49810.04793688923,49824.903096624745
6,3.25325271059216,49813.602345125604,49828.43508174301
6,3.2553794829024185,49817.14623361986,49831.956529462426
6,3.2575062552126774,49820.6796320809,49835.46746979619
6,3.259633027522936,49824.20257012091,49838.967932659594
6,3.2617597998331944,49827.71507725591,49842.45794787049
6,3.263886572143453,49831.21718290625,49845.9375451499
6,3.2660133444537114,49834.70891639723,49849.40675412256
6,3.26814011676397,49838.19030695957,49852.865604317434
6,3.2702668890742284,49841.66138373004,49856.31412516827
6,3.2723936613844873,49845.12217575188,49859.75234601414
6,3.2745204336947458,49848.5727119754,49863.18029609997
6,3.2766472060050043,49852.01302125851,49866.598004577034
6,3.2787739783152627,49855.44313236718,49870.00550050351
6,3.2809007506255212,49858.86307397599,49873.40281284496
6,3.2830275229357797,49862.27287466865,49876.78997047486
6,3.285154295246038,49865.672562938475,49880.16700217511
6,3.287281067556297,49869.062167188895,49883.53393663652
6,3.2894078398665556,49872.44171573396,49886.8908024593
6,3.291534612176814,49875.8112367988,49890.237628153554
6,3.2936613844870726,49879.17075852015,49893.574442139805
6,3.295788156797331,49882.52030894679,49896.9012727494
6,3.2979149291075895,49885.85991604006,49900.21814822508
6,3.300041701417848,49889.18960767432,49903.525096721394
6,3.302168473728107,49892.50941163737,49906.82214630513
6,3.3042952460383654,49895.81935563103,49910.10932495589
6,3.306422018348624,49899.119467271434,49913.38666056647
6,3.3085487906588824,49902.40977408965,49916.65418094334
6,3.310675562969141,49905.690303532036,49919.9119138071
6,3.3128023352793994,49908.96108296069,49923.159886792906
6,3.3149291075896583,49912.22213965394,49926.398127450935
6,3.317055879899917,49915.47350080674,49929.62666324685
6,3.3191826522101753,49918.71519353111,49932.84552156215
6,3.3213094245204338,49921.947244856616,49936.054729694726
6,3.3234361968306922,49925.16968173071,49939.25431485921
6,3.3255629691409507,49928.38253101925,49942.44430418736
6,3.327689741451209,49931.58581950683,49945.62472472861
6,3.329816513761468,49934.77957389726,49948.79560345038
6,3.3319432860717266,49937.96382081396,49951.9569672385
6,3.334070058381985,49941.13858680035,49955.108842897695
6,3.3361968306922436,49944.303898320286,49958.25125715189
6,3.338323603002502,49947.459781758414,49961.384236644706
6,3.3404503753127606,49950.60626342065,49964.507807939786
6,3.342577147623019,49953.743369534466,49967.62199752123
6,3.344703919933278,49956.87112624938,49970.726831793974
6,3.3468306922435365,49959.98955963729,49973.82233708422
6,3.348957464553795,49963.09869569285,49976.908539639684
6,3.3510842368640534,49966.19856033386,49979.985465630205
6,3.353211009174312,49969.28917940172,49983.05314114791
6,3.3553377814845704,49972.370578661634,49986.1115922077
6,3.357464553794829,49975.442783803184,49989.16084474761
6,3.359591326105088,49978.50582044049,49992.20092462915
6,3.3617180984153463,49981.559714112766,49995.23185763768
6,3.363844870725605,49984.60449028454,49998.25366948281
6,3.3659716430358633,49987.640174346074,50001.266385798684
6,3.3680984153461218,49990.66679161372,50004.27003214441
6,3.3702251876563802,49993.68436733025,50007.26463400438
6,3.3723519599666387,49996.6929266652,50010.25021678862
6,3.3744787322768977,49999.69249471524,50013.22680583311
6,3.376605504587156,50002.6830965045,50016.194426400194
6,3.3787322768974146,50005.66475698493,50019.153103678866
6,3.380859049207673,50008.63750103658,50022.102862785134
6,3.3829858215179316,50011.60135346801,50025.043728762335
6,3.38511259382819,50014.55633901654,50027.975726581484
6,3.3872393661384486,50017.50248234866,50030.8988811416
6,3.3893661384487075,50020.439808060284,50033.81321727002
6,3.391492910758966,50023.36834067711,50036.71875972275
6,3.3936196830692245,50026.28810465494,50039.61553318475
6,3.395746455379483,50029.19912437994,50042.503562270256
6,3.3978732276897414,50032.10142416906,50045.38287152315
6,3.4,50034.99502827024,50048.25348541722
7,0.85,179792.27221877943,179784.63264713
7,0.8521267723102586,177615.70178864227,177608.17391125485
7,0.8542535446205171,175462.55764935206,175455.1402642672
7,0.8563803169307757,173332.6198035879,173325.3117151612
7,0.8585070892410341,171225.67020554063,171218.47022452176
7,0.8606338615512927,169141.49274387615,169134.3996874849
7,0.8627606338615512,167079.8732248513,167072.88591685085
7,0.8648874061718098,165040.59935557874,165033.71662634722
7,0.8670141784820684,163023.4607274419,163016.6814140403
7,0.8691409507923269,161028.24879965567,161021.57174589412
7,0.8712677231025855,159054.75688297418,159048.18093947557
7,0.873394495412844,157102.7801235436,157096.3041478037
7,0.8755212677231026,155172.11548689587,155165.73834334305
7,0.877648040033361,153262.56174208721,153256.28230213845
7,0.8797748123436196,151373.91944597504,151367.73658808973
7,0.8819015846538782,149505.99092763587,149499.90353736767
7,0.8840283569641367,147658.58027291947,147652.5872429657
7,0.8861551292743953,145831.49330914076,145825.5935393897
7,0.8882819015846538,144024.53758990788,144018.72998748368
7,0.8904086738949124,142237.52238008208,142231.80585938788
7,0.892535446205171,140470.25864087362,140464.632123632
7,0.8946622185154295,138722.5590150663,138717.02143035844
7,0.8967889908256881,136994.23781237498,136988.78809667696
7,0.8989157631359466,135285.11099493128,135279.74809214874
7,0.9010425354462052,133594.99616289645,133589.71902439767
7,0.9031693077564636,131923.712540204,131918.52012485
7,0.9052960800667222,130271.08096042425,130265.9722345981
7,0.9074228523769808,128636.9238527572,128631.89779039059
7,0.9095496246872393,127021.06522814588,127016.12081074419
7,0.9116763969974979,125423.33066551332,125418.46688217907
7,0.9138031693077564,123843.54729812128,123838.76314557547
7,0.915929941618015,122281.54380004741,122276.83828264904
7,0.9180567139282736,120737.1503727829,120732.5225025471
7,0.9201834862385321,119210.19873194695,119205.64752856115
7,0.9223102585487907,117700.52209411841,117696.0465849569
7,0.9244370308590492,116207.95516378338,116203.55438392032
7,0.9265638031693078,114732.33412039674,114728.00711261742
7,0.9286905754795662,113273.49660555793,113269.24242036861
7,0.9308173477898248,111831.28171029902,111827.09940593489
7,0.9329441201000834,110405.52996248427,110401.4186049164
7,0.9350708924103419,108996.08331432006,108992.04197726048
7,0.9371976647206005,107602.78512997457,107598.81289487984
7,0.939324437030859,106225.48017330586,106221.57612937961
7,0.9414512093411176,104864.01459569711,104860.17783989068
7,0.9435779816513761,103518.2359239991,103514.46556101122
7,0.9457047539616347,102187.99304857725,102184.28819085185
7,0.9478315262718933,100873.136211464,100869.49597918746
7,0.9499582985821518,99573.5169946148,99569.94051571106
7,0.9520850708924103,98288.98830826576,98285.47471839076
7,0.9542118432026688,97019.4043793947,97015.95282192931
7,0.9563386155129274,95764.62074028142,95761.23036632304
7,0.9584653878231859,94524.49421716882,94521.16418552223
7,0.9605921601334445,93298.88291902264,93295.6123961892
7,0.9627189324437031,92087.64622638965,92084.43438655545
7,0.9648457047539616,90890.6447803524,90887.49080537568
7,0.9669724770642202,89707.74047158069,89704.64355097762
7,0.9690992493744787,88538.7964294788,88535.75576040833
7,0.9712260216847373,87383.67701142632,87380.69179867436
7,0.9733527939949957,86242.24779211388,86239.31724807617
7,0.9754795663052543,85114.37555297097,85111.4988976345
7,0.9776063386155129,83999.92827168573,83997.1047326102
7,0.9797331109257714,82898.77511181672,82896.00392411409
7,0.98185988323603,81810.786412494,81808.06681880768
7,0.9839866555462886,80735.83367821066,80733.16492869363
7,0.9861134278565471,79673.7895687029,79671.17092099461
7,0.9882402001668056,78624.52788891726,78621.95860812033
7,0.9903669724770642,77587.92357906618,77585.40293772181
7,0.9924937447873228,76563.85270476941,76561.37998283184
7,0.9946205170975813,75552.19244728088,75549.76693209144
7,0.9967472894078399,74552.82109380024,74550.44208006038
7,0.9988740617180984,73565.61802786925,73563.28481761277
7,1.001000834028357,72590.4637198506,72588.17562241553
7,1.0031276063386154,71627.23971748968,71624.99604948876
7,1.0052543786488741,70675.82863655826,70673.62872184916
7,1.0073811509591326,69736.1141515791,69733.95732123412
7,1.009507923269391,68807.98098663068,68805.86657890544
7,1.0116346955796498,67891.31490623196,67889.24226653343
7,1.0137614678899083,66986.00270630633,66983.97118716053
7,1.0158882402001668,66091.9322052225,66089.94116624135
7,1.0180150125104253,65208.9922349144,65207.04104276211
7,1.020141784820684,64337.072632077005,64335.160660435766
7,1.0222685571309424,63476.06422943878,63474.19085897405
7,1.024395329441201,62625.85884710893,62624.02346543409
7,1.0265221017514596,61786.34928400017,61784.55128564066
7,1.0286488740617181,60957.42930932519,60955.66809568225
7,1.0307756463719766,60138.9936541667,60137.26863348042
7,1.032902418682235,59330.93800312014,59329.24859043224
7,1.0350291909924938,58533.15898600854,58531.50460312463
7,1.0371559633027523,57745.554169669515,57743.93424512078
7,1.0392827356130108,56968.02204981193,56966.43601881678
7,1.0414095079232695,56200.46204294369,56198.909347368535
7,1.043536280233528,55442.77447836948,55441.2545666894
7,1.0456630525437864,54694.86059025608,54693.37291751498
7,1.047789824854045,53956.622509767534,53955.16653753811
7,1.0499165971643036,53227.963257267314,53226.53845361048
7,1.0520433694745621,52508.78673458815,52507.39257401234
7,1.0541701417848206,51798.997717367674,51797.63368078755
7,1.0562969140950793,51098.5018474509,51097.167422146056
7,1.0584236864053378,50407.20562535791,50405.90030493101
7,1.0605504587155963,49725.016402815716,49723.73968715069
7,1.0626772310258548,49051.84237535542,49050.593770575
7,1.0648040033361135,48387.59257497227,48386.37159339548
7,1.066930775646372,47732.17686284927,47730.9830229489
7,1.0690575479566304,47085.50592214316,47084.3387485025
7,1.0711843202668891,46447.49125083232,46446.35027410215
7,1.0733110925771476,45818.04515462677,45816.92991148193
7,1.0754378648874061,45197.080739938174,45195.99077303395
7,1.0775646371976646,44584.51190691091,44583.446764839304
7,1.0796914095079233,43980.253342512835,43979.212579758634
7,1.0818181818181818,43384.22051368552,43383.20369058217
7,1.0839449541284403,42796.32966055277,42795.33634323832
7,1.086071726438699,42216.49778968805,42215.52755006064
7,1.0881984987489575,41644.642667439766,41643.6950831132
7,1.090325271059216,41080.682813313055,41079.75746757221
7,1.0924520433694744,40524.53749340911,40523.63397516533
7,1.0945788156797331,39976.12671392046,39975.244617666714
7,1.0967055879899916,39435.37121468241,39434.510140448394
7,1.09883236030025,38902.192462778985,38901.352016086326
7,1.1009591326105088,38376.5126462045,38375.69243802168
7,1.1030859049207673,37858.25466757924,37857.454314276605
7,1.1052126772310258,37347.34213791875,37346.56126122338
7,1.1073394495412843,36843.69937045674,36842.93759740738
7,1.109466221851543,36347.25137452084,36346.5083374228
7,1.1115929941618015,35857.92384946119,35857.19918584112
7,1.11371976647206,35375.64317863021,35374.93653119098
7,1.1158465387823187,34900.3364234147,34899.64743999026
7,1.1179733110925771,34431.9313173189,34431.2596508291
7,1.1201000834028356,33970.35626009775,33969.70156850327
7,1.122226855713094,33515.54031194093,33514.902258198104
7,1.1243536280233528,33067.413187706414,33066.79143972222
7,1.1264804003336113,32625.90525120349,32625.299481790444
7,1.1286071726438698,32190.947509524438,32190.357396355714
7,1.1307339449541285,31762.471607425014,31761.89683298945
7,1.132860717264387,31340.409821752997,31339.85007331025
7,1.1349874895746455,30924.695055924065,30924.150025459803
7,1.137114261884904,30515.260834445296,30514.730218626482
7,1.1392410341951626,30112.04129748528,30111.52479761553
7,1.1413678065054211,29714.971195490845,29714.46851746589
7,1.1434945788156798,29323.98588384945,29323.496738112714
7,1.1456213511259383,28939.021317597806,28938.54541909596
7,1.1477481234361968,28560.01404617502,28559.551114313806
7,1.1498748957464553,28186.901208221145,28186.45096682124
7,1.1520016680567138,27819.620526419953,27819.18270367291
7,1.1541284403669725,27458.110302385747,27457.684630810138
7,1.156255212677231,27102.309411594033,27101.895627991675
7,1.1583819849874897,26752.15729835523,26751.755143767565
7,1.1605087572977482,26407.593970831695,26407.20319049628
7,1.1626355296080066,26068.559996096883,26068.18033940408
7,1.1647623019182651,25734.9964952371,25734.627715686827
7,1.1668890742285236,25406.84513849486,25406.486993653612
7,1.1690158465387823,25084.048140453753,25083.700391911698
7,1.1711426188490408,24766.548255264643,24766.21066859288
7,1.1732693911592995,24454.288771912183,24453.96111662023
7,1.175396163469558,24147.213509522342,24146.895559015717
7,1.1775229357798165,23845.266812709386,23844.958344247447
7,1.179649708090075,23548.39354696308,23548.094341616983
7,1.1817764804003335,23256.539094075008,23256.248936685864
7,1.1839032527105922,22969.64934760397,22969.368026741227
7,1.1860300250208506,22687.67070838027,22687.398016300198
7,1.1881567973311093,22410.55008004803,22410.285812652524
7,1.1902835696413678,22138.234864645972,22137.97882144143
7,1.1924103419516263,21870.67295822553,21870.42494228203
7,1.1945371142618848,21607.81274650665,21607.572564417263
7,1.1966638865721433,21349.603100570537,21349.370562410943
7,1.198790658882402,21095.993372589175,21095.768291877328
7,1.2009174311926605,20846.93339159141,20846.715585247584
7,1.2030442035029192,20602.373459264865,20602.16274757183
7,1.2051709758131777,20362.26434579411,20362.06055235753
7,1.2072977481234362,20126.557285733947,20126.360237443056
7,1.2094245204336946,19895.2039739182,19895.013500906614
7,1.2115512927439533,19668.156561403244,19667.972497010087
7,1.2136780650542118,19445.36765144631,19445.189832177508
7,1.2158048373644703,19226.790295517916,19226.618561007752
7,1.217931609674729,19012.37798934847,19012.212182321367
7,1.2200583819849875,18802.084669008633,18801.924635241205
7,1.222185154295246,18595.864707022978,18595.710295306242
7,1.2243119266055045,18393.67290851698,18393.523970618855
7,1.2264386989157632,18195.464507396748,18195.32089802485
7,1.2285654712260217,18001.19516256158,18001.05673932613
7,1.2306922435362802,17810.820954148512,17810.687577525623
7,1.2328190158465389,17624.298379809195,17624.169913104335
7,1.2349457881567973,17441.584351018508,17441.4606603302
7,1.2370725604670558,17262.636189414516,17262.517143598325
7,1.2391993327773143,17087.411623169835,17087.297093802605
7,1.241326105087573,16915.868783393904,16915.758644738216
7,1.2434528773978315,16747.96620056603,16747.86032953495
7,1.24557964970809,16583.66280099874,16583.56107712078
7,1.2477064220183487,16422.917903331447,16422.820208715828
7,1.2498331943286072,16265.691215054101,16265.597434356237
7,1.2519599666388657,16111.9428290603,16111.852849447554
7,1.2540867389491241,15961.633220230067,15961.54693134777
7,1.2562135112593829,15814.72324204165,15814.640535979364
7,1.2583402835696413,15671.174123212386,15671.094894470456
7,1.2604670558798998,15530.947464368099,15530.871609824411
7,1.2625938281901585,15394.005234741038,15393.9326536181
7,1.264720600500417,15260.309768896055,15260.240362728302
7,1.2668473728106755,15129.823763484603,15129.757436085978
7,1.268974145120934,15002.51027402661,15002.446931458406
7,1.2711009174311927,14878.33271171974,14878.272262258693
7,1.2732276897414512,14757.254840276031,14757.197194382696
7,1.2753544620517097,14639.24077278539,14639.185843072755
7,1.2774812343619684,14524.254968606025,14524.202669808432
7,1.2796080066722268,14412.26223028146,14412.21247922373
7,1.2817347789824853,14303.227700483756,14303.180416050634
7,1.2838615512927438,14197.116858983018,14197.071962088843
7,1.2859883236030025,14093.895519642705,14093.852933201359
7,1.288115095913261,13993.529827440703,13993.489476335835
7,1.2902418682235195,13895.986255515758,13895.948066571245
7,1.2923686405337782,13801.231602239284,13801.195504189982
7,1.2944954128440367,13709.23298831216,13709.198911774894
7,1.2966221851542952,13619.957853886302,13619.925731331145
7,1.2987489574645537,13533.37395571096,13533.343721432753
7,1.3008757297748124,13449.449364303337,13449.42095439349
7,1.3030025020850708,13368.15246114351,13368.125813462035
7,1.3051292743953293,13289.451935893212,13289.426990041058
7,1.307256046705588,13213.316783638555,13213.293480930175
7,1.3093828190158465,13139.716302156294,13139.694585592486
7,1.311509591326105,13068.620089203454,13068.599903444452
7,1.3136363636363635,12999.998039830234,12999.979331169066
7,1.3157631359466222,12933.820343715845,12933.80306005196
7,1.3178899082568807,12870.057482527254,12870.041573340377
7,1.3200166805671394,12808.680227300427,12808.665643624701
7,1.3221434528773979,12749.659635844124,12749.646330242505
7,1.3242702251876564,12692.967050165846,12692.954976704736
7,1.3263969974979148,12638.574093919884,12638.563208144049
7,1.3285237698081733,12586.45266987724,12586.442928784938
7,1.330650542118432,12536.574957417193,12536.566319435613
7,1.3327773144286905,12488.913410040426,12488.905835001327
7,1.3349040867389492,12443.4407529034,12443.434202019043
7,1.3370308590492077,12400.129980373958,12400.124416213264
7,1.3391576313594662,12358.954353607814,12358.949740072781
7,1.3412844036697247,12319.887398145884,12319.883700448252
7,1.3434111759799832,12282.902901532201,12282.90008617037
7,1.3455379482902419,12247.974910952282,12247.97294568847
7,1.3476647206005004,12215.07773089178,12215.076584729433
7,1.349791492910759,12184.185920815185,12184.185563976624
7,1.3519182652210175,12155.27429286451,12155.274696768838
7,1.354045037531276,12128.3179095777,12128.319046818933
7,1.3561718098415345,12103.292081626652,12103.293925952115
7,1.358298582151793,12080.172365574677,12080.174891863606
7,1.3604253544620517,12058.934561653197,12058.937745895619
7,1.3625521267723102,12039.554711557585,12039.558530833416
7,1.364678899082569,12022.009096261922,12022.0135287203
7,1.3668056713928274,12006.274233852564,12006.279258691427
7,1.3689324437030859,11992.326877380308,11992.332474826206
7,1.3710592160133444,11980.144012731063,11980.150164019195
7,1.3731859883236028,11969.702856514818,11969.709543869307
7,1.3753127606338615,11960.980853972773,11960.988060587179
7,1.37743953294412,11953.955676902493,11953.963386920543
7,1.3795663052543787,11948.60522160091,11948.613420097463
7,1.3816930775646372,11944.907606825042,11944.916279787281
7,1.3838198498748957,11942.841171770267,11942.850306079114
7,1.3859466221851542,11942.384474779157,11942.39405819483
7,1.3880733944954127,11943.516416461707,11943.526437881044
7,1.3902001668056714,11946.216376310591,11946.226826123648
7,1.3923269391159299,11950.463970427882,11950.474840508718
7,1.3944537114261886,11956.239015155881,11956.25029883454
7,1.396580483736447,11963.521526011944,11963.533218044893
7,1.3987072560467055,11972.291716599648,11972.30381313875
7,1.400834028356964,11982.529997497204,11982.542496057338
7,1.4029608006672225,11994.216975123965,11994.229874549384
7,1.4050875729774812,12007.33345058593,12007.346751015428
7,1.4072143452877397,12021.860418501059,12021.87412133206
7,1.4093411175979984,12037.779065805325,12037.793173656948
7,1.411467889908257,12055.070770540233,12055.085287215436
7,1.4135946622185154,12073.717100622727,12073.73203106962
7,1.4157214345287739,12093.699812598268,12093.715162870621
7,1.4178482068390323,12115.000850377863,12115.016627594956
7,1.419974979149291,12137.602343959887,12137.618556265707
7,1.4221017514595498,12161.486608137431,12161.503264659334
7,1.4242285237698082,12186.636141191999,12186.653251998867
7,1.4263552960800667,12213.033623574262,12213.051199634272
7,1.4284820683903252,12240.661916572657,12240.679969710653
7,1.4306088407005837,12269.504060970528,12269.52260382513
7,1.4327356130108422,12299.543275692566,12299.562321673026
7,1.4348623853211009,12330.762956441242,12330.78251968413
7,1.4369891576313596,12363.14667432391,12363.166769649673
7,1.439115929941618,12396.678174471312,12396.698817340763
7,1.4412427022518766,12431.341374648127,12431.362581118907
7,1.443369474562135,12467.1203638562,12467.142150539294
7,1.4454962468723935,12503.999400931154,12504.021784947457
7,1.447623019182652,12541.962913132975,12541.98591207
7,1.4497497914929107,12580.995494731207,12581.019126599957
7,1.4518765638031694,12621.081905585354,12621.10618877739
7,1.454003336113428,12662.207069721102,12662.23202296589
7,1.4561301084236864,12704.356073902945,12704.381716225462
7,1.4582568807339449,12747.514166203744,12747.54051688243
7,1.4603836530442034,12791.66675457183,12791.693833096884
7,1.4625104253544619,12836.799405396152,12836.827231428239
7,1.4646371976647206,12882.897842070035,12882.92643539941
7,1.4667639699749793,12929.947943554023,12929.977324060113
7,1.4688907422852377,12977.93574293837,12977.96593054985
7,1.4710175145954962,13026.847426005632,13026.878440661007
7,1.4731442869057547,13076.66932979383,13076.70119140256
7,1.4752710592160132,13127.387941160694,13127.420669564888
7,1.477397831526272,13178.989895349412,13179.02351028611
7,1.4795246038365304,13231.461974556325,13231.496495620377
7,1.481651376146789,13284.79110650104,13284.826553108644
7,1.4837781484570476,13338.964362999304,13339.000754352177
7,1.485904920767306,13393.96895853915,13394.006313589365
7,1.4880316930775646,13449.792248860591,13449.830586276119
7,1.490158465387823,13506.421729539346,13506.461067670287
7,1.4922852376980817,13563.845034574924,13563.885391420454
7,1.4944120100083402,13622.04993498339,13622.091328159451
7,1.496538782318599,13681.02433739528,13681.066784103014
7,1.4986655546288574,13740.756282658835,13740.799799653752
7,1.500792326939116,13801.233944449044,13801.27854801099
7,1.5029190992493744,13862.445627882696,13862.491333786566
7,1.5050458715596329,13924.379768139775,13924.426591627034
7,1.5071726438698916,13987.024929091545,13987.072884842526
7,1.50929941618015,14050.369801935503,14050.418904042512
7,1.5114261884904088,14114.403203837604,14114.45346577882
7,1.5135529608006673,14179.114076581862,14179.165511196068
7,1.5156797331109257,14244.49148522775,14244.544104689854
7,1.5178065054211842,14310.524616775505,14310.578432572887
7,1.5199332777314427,14377.202778839608,14377.257801749296
7,1.5220600500417014,14444.515398330726,14444.571638397383
7,1.52418682235196,14512.452020146184,14512.509486660925
7,1.5263135946622186,14581.002305869397,14581.06100734942
7,1.528440366972477,14650.156032478148,14650.215976647203
7,1.5305671392827356,14719.903091062222,14719.964284831893
7,1.532693911592994,14790.233485550321,14790.295935002125
7,1.5348206839032525,14861.137331446549,14861.201041814862
7,1.5369474562135113,14932.604854576606,14932.669830232408
7,1.5390742285237697,15004.626389843801,15004.692634279221
7,1.5412010008340284,15077.192379995126,15077.259895808802
7,1.543327773144287,15150.293374397343,15150.362163280597
7,1.5454545454545454,15223.920027823446,15223.99009054725
7,1.547581317764804,15298.063099249408,15298.134435652126
7,1.5497080900750624,15372.713450661406,15372.786059637372
7,1.551834862385321,15447.862045873688,15447.935925362515
7,1.5539616346955796,15523.499949357016,15523.575096333712
7,1.5560884070058383,15599.618325077983,15599.69473554383
7,1.5582151793160968,15676.208435349066,15676.286104323257
7,1.5603419516263553,15753.261639689685,15753.34056120171
7,1.5624687239366137,15830.769393698181,15830.84956078098
7,1.5645954962468722,15908.723247934868,15908.80465261868
7,1.566722268557131,15987.114846816174,15987.197480123172
7,1.5688490408673894,16065.935927519913,16066.019779459502
7,1.5709758131776481,16145.17831890181,16145.263378466663
7,1.5731025854879066,16224.833940423134,16224.920195585935
7,1.575229357798165,16304.894801089715,16304.98223880057
7,1.5773561301084236,16385.352998402137,16385.44160458669
7,1.579482902418682,16466.20071731729,16466.290476875474
7,1.5816096747289408,16547.430229221194,16547.521126026688
7,1.5837364470391992,16629.033890913164,16629.125907813454
7,1.585863219349458,16711.004143601316,16711.09726241843
7,1.5879899916597164,16793.33351190932,16793.427713441157
7,1.590116763969975,16876.0146028946,16876.1098669169
7,1.5922435362802334,16959.0401050777,16959.136410346604
7,1.594370308590492,17042.402787483024,17042.50011173823
7,1.5964970809007506,17126.095498690833,17126.19381865934
7,1.5986238532110093,17210.11116590045,17210.210457300847
7,1.6007506255212678,17294.442794004724,17294.543031552075
7,1.6028773978315263,17379.083464675703,17379.184622086937
7,1.6050041701417848,17464.0263354614,17464.128385461252
7,1.6071309424520432,17549.264638893666,17549.36755322116
7,1.6092577147623017,17634.79168160723,17634.895431022625
7,1.6113844870725604,17720.600843469645,17720.705397761918
7,1.6135112593828191,17806.68557672226,17806.790904717047
7,1.6156380316930776,17893.03940513212,17893.14547470014
7,1.617764804003336,17979.655923154736,17979.762701220694
7,1.6198915763135946,18066.528795107624,18066.636247659517
7,1.622018348623853,18153.651754354618,18153.759846453515
7,1.6241451209341116,18241.018602500844,18241.12729829107
7,1.6262718932443703,18328.62320859834,18328.732471318086
7,1.628398665554629,18416.459508362164,18416.569300354473
7,1.6305254378648875,18504.521503397013,18504.63178612118
7,1.632652210175146,18592.803260434266,18592.913994477574
7,1.6347789824854044,18681.29891057928,18681.410055669137
7,1.636905754795663,18770.002648568952,18770.114163585364
7,1.6390325271059214,18858.90873203948,18859.02057502786
7,1.64115929941618,18948.01148080417,18948.123608988448
7,1.6432860717264388,19037.305276141196,19037.417645937297
7,1.6454128440366973,19126.784560091357,19126.897127120938
7,1.6475396163469558,19216.443834765625,19216.55655387011
7,1.6496663886572143,19306.277661662374,19306.39048691727
7,1.6517931609674728,19396.280660994296,19396.393545723793
7,1.6539199332777315,19486.44751102488,19486.56040781668
7,1.65604670558799,19576.772947414265,19576.885808134666
7,1.6581734778982486,19667.25176257461,19667.364538383827
7,1.6603002502085071,19757.87880503453,19757.991446402226
7,1.6624270225187656,19848.648978812882,19848.761435533917
7,1.664553794829024,19939.557242801508,19939.669464011895
7,1.6666805671392826,20030.598610157,20030.710544350026
7,1.6688073394495413,20121.768147701325,20121.87974274387
7,1.6709341117597998,20213.060975331202,20213.17217848022
7,1.6730608840700585,20304.47226543625,20304.583023355393
7,1.675187656380317,20395.997242325517,20396.107501101942
7,1.6773144286905755,20487.63118166272,20487.740886823976
7,1.679441201000834,20579.36940990966,20579.47850644074
7,1.6815679733110924,20671.20730377797,20671.31573613849
7,1.6836947456213511,20763.140289689087,20763.248001830503
7,1.6858215179316096,20855.16384324211,20855.27077862512
7,1.6879482902418683,20947.273488689854,20947.379590301833
7,1.6900750625521268,21039.464798422538,21039.57000879503
7,1.6922018348623853,21131.73339245935,21131.837653685703
7,1.6943286071726438,21224.07493794761,21224.178191700586
7,1.6964553794829023,21316.485148669468,21316.587336218967
7,1.698582151793161,21408.95978455607,21409.06084678683
7,1.7007089241034195,21501.494651208974,21501.594528638387
7,1.7028356964136782,21594.085599428956,21594.184232224827
7,1.7049624687239366,21686.728524751725,21686.825852750073
7,1.7070892410341951,21779.419366990853,21779.515329713766
7,1.7092160133444536,21872.15410978753,21872.248646460925
7,1.711342785654712,21964.9287801671,21965.021829738565
7,1.7134695579649708,22057.739448102435,22057.830949258983
7,1.7155963302752293,22150.582226083738,22150.67211726959
7,1.717723102585488,22243.453268695073,22243.541488129376
7,1.7198498748957465,22336.348772197096,22336.435257891597
7,1.721976647206005,22429.26497411624,22429.349663892954
7,1.7241034195162634,22522.198152840036,22522.280984348818
7,1.726230191826522,22615.14462721857,22615.225537954622
7,1.7283569641367806,22708.100756171923,22708.17968349329
7,1.7304837364470391,22801.062938303505,22801.139819448428
7,1.7326105087572978,22894.027611519334,22894.102383623565
7,1.7347372810675563,22986.99125265278,22987.063852766816
7,1.7368640533778148,23079.950377095225,23080.020742201406
7,1.7389908256880733,23172.901538431986,23172.969605461534
7,1.7411175979983318,23265.84132808384,23265.907033933785
7,1.7432443703085905,23358.766374953782,23358.82965650377
7,1.745371142618849,23451.67334507907,23451.73413920805
7,1.7474979149291077,23544.558941288433,23544.61718489124
7,1.7496246872393661,23637.41990286426,23637.475532868084
7,1.7517514595496246,23730.253005209845,23730.30595859054
7,1.7538782318598831,23823.055059521474,23823.105273319714
7,1.7560050041701416,23915.822912465246,23915.870323802614
7,1.7581317764804003,24008.553445858666,24008.59799195353
7,1.7602585487906588,24101.243576356814,24101.285194540073
7,1.7623853211009175,24193.890255143044,24193.92888287374
7,1.764512093411176,24286.490467624073,24286.526042504833
7,1.7666388657214345,24379.041233129567,24379.073692921862
7,1.768765638031693,24471.539604615784,24471.56888725506
7,1.7708924103419514,24563.982668373632,24564.008711984236
7,1.7730191826522101,24656.36754374062,24656.39028665059
7,1.7751459549624686,24748.69138281697,24748.71076357262
7,1.7772727272727273,24840.951370185678,24840.967327566035
7,1.7793994995829858,24933.144722636334,24933.15719566735
7,1.7815262718932443,25025.268688892855,25025.27761686145
7,1.7836530442035028,25117.32054934485,25117.325871812805
7,1.7857798165137613,25209.29761578264,25209.29927260026
7,1.78790658882402,25301.197231135877,25301.195162455428
7,1.7900333611342787,25393.016769215566,25393.010915504627
7,1.7921601334445372,25484.75363445961,25484.743936514096
7,1.7942869057547957,25576.405261681644,25576.39166063872
7,1.7964136780650541,25667.969115823125,25667.951553173887
7,1.7985404503753126,25759.442691708653,25759.42110931061
7,1.8006672226855711,25850.82351380447,25850.79785389378
7,1.8027939949958298,25942.109135979932,25942.079341183493
7,1.8049207673060885,26033.297141272033,26033.263154619366
7,1.807047539616347,26124.38514165292,26124.346906587758
7,1.8091743119266055,26215.370777800217,26215.328238191956
7,1.811301084236864,26306.251718870168,26306.204819025086
7,1.8134278565471225,26397.025662273525,26396.974346945804
7,1.815554628857381,26487.69033345418,26487.63454785665
7,1.8176814011676397,26578.243485670326,26578.183175485086
7,1.8198081734778984,26668.682899778283,26668.618011167004
7,1.8219349457881568,26759.006384018794,26758.936863632887
7,1.8240617180984153,26849.211773805764,26849.137568796265
7,1.8261884904086738,26939.296931517412,26939.21798954471
7,1.8283152627189323,27029.25974628977,27029.176015533074
7,1.830442035029191,27119.098133812484,27119.00956297907
7,1.8325688073394495,27208.810036126793,27208.71657446102
7,1.8346955796497082,27298.393421425775,27298.29501871795
7,1.8368223519599667,27387.846283856652,27387.742890451584
7,1.8389491242702252,27477.16664332527,27477.058210130657
7,1.8410758965804837,27566.3525453025,27566.239023797083
7,1.8432026688907421,27655.402060632747,27655.28340287421
7,1.8453294412010008,27744.313285344277,27744.189443977033
7,1.8474562135112593,27833.084340461537,27832.95526872413
7,1.849582985821518,27921.713371819314,27921.579023551756
7,1.8517097581317765,28010.198549878616,28010.058879529413
7,1.853836530442035,28098.53806954442,28098.393032177417
7,1.8559633027522935,28186.73014998508,28186.57970128609
7,1.858090075062552,28274.773034453458,28274.617130736617
7,1.8602168473728105,28362.664990109603,28362.503588323623
7,1.8623436196830694,28450.404307845194,28450.237365579258
7,1.8644703919933279,28537.989302109276,28537.816777598866
7,1.8665971643035864,28625.418310735888,28625.240162868286
7,1.8687239366138448,28712.689694772842,28712.505883092446
7,1.8708507089241033,28799.8018383121,28799.61232302559
7,1.8729774812343618,28886.753148321586,28886.557890302804
7,1.8751042535446203,28973.542054478326,28973.34101527296
7,1.8772310258548792,29060.167009002966,29059.960150833074
7,1.8793577981651377,29146.626486495505,29146.413772263793
7,1.8814845704753962,29232.918983772535,29232.700377066438
7,1.8836113427856547,29319.043019705503,29318.818484801053
7,1.8857381150959132,29404.997135060312,29404.766636925808
7,1.8878648874061716,29490.779892338065,29490.54339663759
7,1.8899916597164301,29576.389875617024,29576.14734871368
7,1.892118432026689,29661.82569039566,29661.577099354672
7,1.8942452043369475,29747.085963436784,29746.831276028373
7,1.896371976647206,29832.16934261288,29831.908527314983
7,1.8984987489574645,29917.074496752382,29916.80752275309
7,1.900625521267723,30001.80011548696,30001.526952686912
7,1.9027522935779815,30086.344909099935,30086.06552811438
7,1.90487906588824,30170.707608375582,30170.421980536317
7,1.907005838198499,30254.886964449426,30254.59506180659
7,1.9091326105087574,30338.881748659398,30338.583543982993
7,1.9112593828190159,30422.690752398095,30422.386219179396
7,1.9133861551292743,30506.312786965726,30506.001899418494
7,1.9155129274395328,30589.74668342406,30589.429416485564
7,1.9176396997497913,30672.99129245116,30672.667621783043
7,1.9197664720600498,30756.04548419699,30755.715386185955
7,1.9218932443703087,30838.90814813989,30838.5715998982
7,1.9240200166805672,30921.578192943645,30921.235172309513
7,1.9261467889908257,31004.054546315645,31003.70503185336
7,1.9282735613010842,31086.336154865552,31085.98012586553
7,1.9304003336113427,31168.421983964832,31168.059420443467
7,1.9325271059216012,31250.311017606957,31249.941900306334
7,1.9346538782318596,31332.00225826847,31331.626568655847
7,1.9367806505421186,31413.494726770536,31413.112447037776
7,1.938907422852377,31494.78746214128,31494.398575204108
7,1.9410341951626355,31575.879521478953,31575.48401097595
7,1.943160967472894,31656.769979815486,31656.367830107105
7,1.9452877397831525,31737.457929980887,31737.0491261482
7,1.947414512093411,31817.94248246819,31817.52701031154
7,1.9495412844036695,31898.22276529908,31897.80061133657
7,1.9516680567139284,31978.297923890124,31977.86907535598
7,1.9537948290241869,32058.167120919505,32057.7315657623
7,1.9559216013344454,32137.82953619452,32137.387263075303
7,1.9580483736447039,32217.284366519576,32216.83536480978
7,1.9601751459549623,32296.530825564718,32296.075085344008
7,1.9623019182652208,32375.568143734767,32375.105655788735
7,1.9644286905754793,32454.395568039068,32453.926323856816
7,1.9665554628857382,32533.012361961668,32532.536353733256
7,1.9686822351959967,32611.417805332076,32610.935025945866
7,1.9708090075062552,32689.611194196703,32689.121637236545
7,1.9729357798165137,32767.59184069057,32767.095500432915
7,1.9750625521267722,32845.35907290972,32844.85594432062
7,1.9771893244370307,32922.91223478408,32922.40231351604
7,1.9793160967472891,33000.25068595085,32999.733968339584
7,1.981442869057548,33077.373801628375,33076.850284689484
7,1.9835696413678066,33154.28097249045,33153.75065391597
7,1.985696413678065,33230.97160454132,33230.43448269617
7,1.9878231859883235,33307.44511899089,33306.9011929092
7,1.989949958298582,33383.7009521306,33383.15022151203
7,1.9920767306088405,33459.738555209755,33459.18102041558
7,1.9942035029190994,33535.557394312294,33534.99305636147
7,1.996330275229358,33611.15695023391,33610.58581079912
7,1.9984570475396164,33686.536718359945,33685.9587797634
7,2.000583819849875,33761.69620854339,33761.11147375273
7,2.0027105921601334,33836.63494498362,33836.04341760753
7,2.004837364470392,33911.35246610542,33910.75415038929
7,2.0069641367806503,33985.8483244385,33985.243225260005
7,2.0090909090909093,34060.12208649753,34059.510209362095
7,2.0112176814011677,34134.173332662496,34133.55468369868
7,2.0133444537114262,34208.00165705962,34207.376243014485
7,2.0154712260216847,34281.6066674427,34280.97449567701
7,2.017597998331943,34354.9879850748,34354.34906355827
7,2.0197247706422017,34428.145244610525,34427.49958191691
7,2.02185154295246,34501.07809397862,34500.42569928076
7,2.023978315262719,34573.78619426508,34573.12707732992
7,2.0261050875729776,34646.26921959659,34645.6033907801
7,2.028231859883236,34718.5268570246,34717.85432726667
7,2.0303586321934946,34790.55880640968,34789.87958722888
7,2.032485404503753,34862.36478030626,34861.67888379471
7,2.0346121768140115,34933.94450384803,34933.25194266601
7,2.03673894912427,35005.297714633576,35004.59850200422
7,2.038865721434529,35076.424162612515,35075.71831231646
7,2.0409924937447874,35147.32360997205,35146.61113634195
7,2.043119266055046,35217.995831024076,35217.27674893916
7,2.0452460383653044,35288.44061209253,35287.71493697305
7,2.047372810675563,35358.65775140132,35357.92549920303
7,2.0494995829858214,35428.647058962655,35427.90824617118
7,2.05162635529608,35498.40835646578,35497.66300009098
7,2.0537531276063388,35567.94147716624,35567.189594736534
7,2.0558798999165973,35637.24626577542,35636.487875332095
7,2.0580066722268557,35706.32257835074,35705.557698442186
7,2.0601334445371142,35775.17028218611,35774.39893186209
7,2.0622602168473727,35843.789255702926,35843.01145450873
7,2.064386989157631,35912.17938834151,35911.39515631215
7,2.0665137614678897,35980.34058045289,35979.54993810729
7,2.0686405337781486,36048.27274319122,36047.47571152628
7,2.070767306088407,36115.97579840642,36115.17239889113
7,2.0728940783986656,36183.449678537465,36182.63993310706
7,2.075020850708924,36250.69432650605,36249.87825755596
7,2.0771476230191825,36317.70969561061,36316.88732599065
7,2.079274395329441,36384.49574942098,36383.667102429245
7,2.0814011676396995,36451.05246167336,36450.21756105033
7,2.0835279399499584,36517.37981616583,36516.538686088374
7,2.085654712260217,36583.47780665422,36582.63047172956
7,2.0877814845704754,36649.3464367486,36648.49292200833
7,2.089908256880734,36714.985719810094,36714.126050704115
7,2.0920350291909924,36780.395678848174,36779.529881238734
7,2.094161801501251,36845.57634641851,36844.70444657412
7,2.0962885738115093,36910.52776452119,36909.6497891106
7,2.0984153461217683,36975.249984499475,36974.36596058565
7,2.1005421184320268,37039.74306693892,37038.853021972995
7,2.1026688907422852,37104.00708156719,37103.111043382414
7,2.1047956630525437,37168.04210715408,37167.14010395979
7,2.106922435362802,37231.84823141217,37230.94029178779
7,2.1090492076730607,37295.42555089797,37294.51170378693
7,2.111175979983319,37358.77417091346,37357.854445617166
7,2.113302752293578,37421.89420540814,37420.96863158004
7,2.1154295246038366,37484.78577688163,37483.854384521095
7,2.117556296914095,37547.44901628667,37546.51183573303
7,2.1196830692243536,37609.88406293265,37608.94112485922
7,2.121809841534612,37672.091064389584,37671.142399797696
7,2.1239366138448705,37734.07017639266,37733.11581660565
7,2.126063386155129,37795.82156274721,37794.861539404475
7,2.128190158465388,37857.345395234195,37856.37974028529
7,2.1303169307756464,37918.641853516194,37917.6705992148
7,2.132443703085905,37979.71112504386,37978.734303942
7,2.1345704753961634,38040.55340496293,38039.571049905004
7,2.136697247706422,38101.16889602167,38100.1810401386
7,2.1388240200166804,38161.5578084789,38160.56448518226
7,2.140950792326939,38221.72036001245,38220.721602988604
7,2.143077564637198,38281.65677562812,38280.65261883248
7,2.1452043369474563,38341.367287569214,38340.35776522038
7,2.1473311092577148,38400.852135226545,38399.837281800574
7,2.1494578815679732,38460.11156504894,38459.091415273564
7,2.1515846538782317,38519.14583045425,38518.120419303166
7,2.15371142618849,38577.955191740904,38576.92455442807
7,2.1558381984987487,38636.53991599995,38635.50408797394
7,2.1579649708090076,38694.90027702763,38693.85929396593
7,2.160091743119266,38753.03655523839,38751.99045304184
7,2.1622185154295246,38810.9490375786,38809.89785236577
7,2.164345287739783,38868.638017440564,38867.58178554219
7,2.1664720600500416,38926.10379457722,38925.04255253068
7,2.1685988323603,38983.34667501723,38982.28045956103
7,2.170725604670559,39040.36697098072,39039.295819049046
7,2.1728523769808175,39097.1650007954,39096.08894951263
7,2.174979149291076,39153.74108881339,39152.66017548871
7,2.1771059216013344,39210.095565328345,39209.00982745041
7,2.179232693911593,39266.22876649332,39265.138241724846
7,2.1813594662218514,39322.141034239,39321.045760411485
7,2.18348623853211,39377.83271619257,39376.73273130101
7,2.185613010842369,39433.30416559703,39432.19950779469
7,2.1877397831526273,39488.555741231045,39487.44644882424
7,2.1898665554628858,39543.587807329415,39542.473918772346
7,2.1919933277731443,39598.40073350398,39597.282287393566
7,2.1941201000834027,39652.99489466504,39651.87192973588
7,2.1962468723936612,39707.37067094339,39706.24322606265
7,2.1983736447039197,39761.52844761284,39760.396561775255
7,2.2005004170141786,39815.46861501327,39814.33232733614
7,2.202627189324437,39869.191568474125,39868.050918192384
7,2.2047539616346956,39922.69770823866,39921.55273469996
7,2.206880733944954,39975.987439388526,39974.83818204836
7,2.2090075062552126,40029.061171768895,40027.90767018578
7,2.211134278565471,40081.91931991425,40080.76161374491
7,2.2132610508757296,40134.56230297457,40133.4004319692
7,2.2153878231859885,40186.990544642125,40185.82454863968
7,2.217514595496247,40239.20447307874,40238.03439200226
7,2.2196413678065054,40291.20452084366,40290.03039469564
7,2.221768140116764,40342.991124821914,40341.81299367972
7,2.2238949124270224,40394.564726153214,40393.3826301645
7,2.226021684737281,40445.92577016131,40444.73974953959
7,2.2281484570475394,40497.07470628407,40495.88480130416
7,2.2302752293577983,40548.01198800387,40546.8182389975
7,2.232402001668057,40598.73807277859,40597.54052013002
7,2.2345287739783153,40649.25342197326,40648.05210611498
7,2.2366555462885738,40699.55850079205,40698.35346220042
7,2.2387823185988323,40749.65377821091,40748.44505740196
7,2.2409090909090907,40799.53972691069,40798.32736443585
7,2.2430358632193492,40849.21682321077,40848.00085965275
7,2.245162635529608,40898.68554700332,40897.466022971945
7,2.2472894078398666,40947.94638168787,40946.723337816045
7,2.249416180150125,40996.99981410671,40995.77329104635
7,2.2515429524603836,41045.84633448055,41044.616372898556
7,2.253669724770642,41094.4864363448,41093.253076919136
7,2.2557964970809006,41142.920616486415,41141.683899902215
7,2.257923269391159,41191.149374881206,41189.90934182687
7,2.260050041701418,41239.173214631664,41237.929905795056
7,2.2621768140116765,41286.99264190536,41285.74609797
7,2.264303586321935,41334.60816587381,41333.35842751518
7,2.2664303586321934,41382.0202986519,41380.76740653372
7,2.268557130942452,41429.22955523778,41427.97355000835
7,2.2706839032527104,41476.23645345331,41474.97737574194
7,2.272810675562969,41523.041513885015,41521.77940429842
7,2.274937447873228,41569.64525982553,41568.38015894435
7,2.2770642201834863,41616.04821721559,41614.780165590855
7,2.279190992493745,41662.25091458652,41660.97995273629
7,2.2813177648040033,41708.253883003206,41706.98005140913
7,2.2834445371142618,41754.057656007615,41752.78099511159
7,2.2855713094245202,41799.66276956277,41798.38331976367
7,2.2876980817347787,41845.06976199731,41843.78756364768
7,2.2898248540450377,41890.279173950476,41888.99426735335
7,2.291951626355296,41935.291548317604,41934.0039737233
7,2.2940783986655546,41980.10743019619,41978.81722779923
7,2.296205170975813,42024.727366832405,42023.43457676831
7,2.2983319432860716,42069.15190756801,42067.85656991043
7,2.30045871559633,42113.38160378802,42112.08375854556
7,2.3025854879065886,42157.41700886855,42156.11669598191
7,2.3047122602168475,42201.25867812542,42199.955937464445
7,2.306839032527106,42244.90716876308,42243.60204012388
7,2.3089658048373645,42288.363039824064,42287.05556292618
7,2.311092577147623,42331.626852139016,42330.31706662265
7,2.3132193494578814,42374.699168277075,42373.387113700264
7,2.31534612176814,42417.58055249682,42416.26626833281
7,2.3174728940783984,42460.27157069762,42458.95509633218
7,2.3195996663886573,42502.77279037164,42501.45416510038
7,2.321726438698916,42545.08478055605,42543.7640435819
7,2.3238532110091743,42587.20811178598,42585.885302216586
7,2.325979983319433,42629.14335604777,42627.81851289303
7,2.3281067556296913,42670.891086732736,42669.56424890233
7,2.3302335279399498,42712.45187859147,42711.1230848924
7,2.3323603002502082,42753.826307688505,42752.495596822744
7,2.334487072560467,42795.014951357516,42793.682361919666
7,2.3366138448707257,42836.01838815697,42834.6839586319
7,2.338740617180984,42876.83719782616,42875.50096658682
7,2.3408673894912426,42917.471961241856,42916.133966547015
7,2.342994161801501,42957.92326037529,42956.58354036731
7,2.3451209341117596,42998.1916782496,42996.85027095232
7,2.3472477064220185,43038.27779889774,43036.93474221438
7,2.349374478732277,43078.182207320875,43076.83753903195
7,2.3515012510425355,43117.905489447236,43116.55924720849
7,2.353628023352794,43157.448232091294,43156.10045343173
7,2.3557547956630525,43196.81102291352,43195.461745233464
7,2.357881567973311,43235.99445038053,43234.64371094966
7,2.3600083402835694,43274.99910372561,43273.646939681086
7,2.3621351125938284,43313.82557290983,43312.47202125447
7,2.364261884904087,43352.474448583365,43351.1195461838
7,2.3663886572143453,43390.94632204751,43389.59010563241
7,2.368515429524604,43429.241785216866,43427.88429137522
7,2.3706422018348623,43467.36143058216,43466.00269576158
7,2.372768974145121,43505.30585117337,43503.94591167837
7,2.3748957464553793,43543.07564052328,43541.71453251371
7,2.377022518765638,43580.67139263153,43579.3091521209
7,2.3791492910758967,43618.093701928956,43616.73036478295
7,2.381276063386155,43655.34316324248,43653.97876517738
7,2.3834028356964136,43692.42037176032,43691.05494834151
7,2.385529608006672,43729.32592299764,43727.95950963815
7,2.3876563803169306,43766.06041276257,43764.69304472167
7,2.389783152627189,43802.624437122715,43801.2561495045
7,2.391909924937448,43839.018592371984,43837.64942012401
7,2.3940366972477065,43875.24347499781,43873.87345290976
7,2.396163469557965,43911.29968164885,43909.92884435126
7,2.3982902418682235,43947.18780910302,43945.816191066
7,2.400417014178482,43982.90845423592,43981.53608976789
7,2.4025437864887405,44018.462213989624,44017.08913723618
7,2.404670558798999,44053.849685341935,44052.47593028464
7,2.406797331109258,44089.07146527598,44087.69706573122
7,2.4089241034195163,44124.128150750126,44122.753140368004
7,2.411050875729775,44159.02033866839,44157.644750931664
7,2.4131776480400333,44193.74862585112,44192.37249407416
7,2.415304420350292,44228.313609006116,44226.93696633386
7,2.4174311926605503,44262.71588470011,44261.33876410707
7,2.4195579649708088,44296.95604933055,44295.57848361992
7,2.4216847372810677,44331.03469909786,44329.656720900515
7,2.423811509591326,44364.95242997796,44363.57407175158
7,2.4259382819015847,44398.709837695234,44397.33113172343
7,2.428065054211843,44432.307517695765,44430.92849608725
7,2.4301918265221016,44465.74606512097,44464.36675980872
7,2.43231859883236,44499.02607478164,44497.646517522124
7,2.4344453711426186,44532.14814113222,44530.76836350461
7,2.4365721434528775,44565.11285824551,44563.732891651
7,2.438698915763136,44597.92081978769,44596.54069544874
7,2.4408256880733945,44630.572618993705,44629.19236795339
7,2.442952460383653,44663.06884864297,44661.68850176428
7,2.4450792326939115,44695.41010103539,44694.02968900066
7,2.44720600500417,44727.596967967766,44726.216521278024
7,2.4493327773144284,44759.63004071047,44758.249589684914
7,2.4514595496246874,44791.50990998454,44790.12948475992
7,2.453586321934946,44823.237165939005,44821.85679646912
7,2.4557130942452043,44854.81239812852,44853.43211418377
7,2.457839866555463,44886.23619549151,44884.85602665832
7,2.4599666388657213,44917.509146328404,44916.12912200882
7,2.46209341117598,44948.63183828026,44947.2519876915
7,2.4642201834862383,44979.60485830778,44978.225210481876
7,2.466346955796497,45010.428792670544,45009.049376453884
7,2.4684737281067557,45041.10422690661,45039.7250709596
7,2.470600500417014,45071.63174581234,45070.252878609084
7,2.4727272727272727,45102.01193342265,45100.63338325062
7,2.474854045037531,45132.24537299144,45130.86716795119
7,2.4769808173477896,45162.33264697244,45160.9548149773
7,2.479107589658048,45192.27433700021,45190.89690577604
7,2.481234361968307,45222.071023871555,45220.69402095654
7,2.4833611342785655,45251.72328752717,45250.346740271576
7,2.485487906588824,45281.231707033614,45279.85564259962
7,2.4876146788990825,45310.59686056549,45309.22130592703
7,2.489741451209341,45339.81932538803,45338.444307330574
7,2.4918682235195995,45368.89967783984,45367.52522296035
7,2.493994995829858,45397.83849331597,45396.46462802273
7,2.496121768140117,45426.63634625131,45425.26309676387
7,2.4982485404503754,45455.29381010418,45453.92120245323
7,2.500375312760634,45483.81145734023,45482.43951736762
7,2.5025020850708923,45512.18985941657,45510.81861277521
7,2.504628857381151,45540.429586766244,45539.059058920146
7,2.5067556296914093,45568.53120878294,45567.161425007114
7,2.508882402001668,45596.495293805856,45595.12627918644
7,2.5110091743119267,45624.32240910496,45622.95418853921
7,2.513135946622185,45652.01312086645,45650.645719062784
7,2.5152627189324437,45679.56799417848,45678.20143565655
7,2.517389491242702,45706.9875930171,45705.6219021079
7,2.5195162635529607,45734.272480232525,45732.90768107846
7,2.521643035863219,45761.42321753553,45760.059334090576
7,2.5237698081734776,45788.440365484246,45787.07742151401
7,2.5258965804837366,45815.32448347099,45813.96250255297
7,2.528023352793995,45842.07612970959,45840.715135233215
7,2.5301501251042535,45868.69586122272,45867.33587638964
7,2.532276897414512,45895.18423382957,45893.82528165377
7,2.5344036697247705,45921.54180213377,45920.18390544187
7,2.536530442035029,45947.76911951152,45946.41230094287
7,2.538657214345288,45973.866738099896,45972.51102010696
7,2.5407839866555464,45999.835208785444,45998.48061363396
7,2.542910758965805,46025.675081193025,46024.32163096228
7,2.5450375312760634,46051.386903674764,46050.034620257895
7,2.547164303586322,46076.97122329936,46075.62012840365
7,2.5492910758965803,46102.428585841466,46101.07870098864
7,2.551417848206839,46127.759535771474,46126.41088229802
7,2.5535446205170977,46152.964616245255,46151.61721530276
7,2.5556713928273562,46178.044369094365,46176.698241649865
7,2.5577981651376147,46202.99933481631,46201.65450165262
7,2.559924937447873,46227.83005256504,46226.48653428115
7,2.5620517097581317,46252.53706014171,46251.19487715316
7,2.56417848206839,46277.1208939855,46275.78006652478
7,2.5663052543786486,46301.58208916482,46300.24263728176
7,2.5684320266889076,46325.92117936855,46324.58312293075
7,2.570558798999166,46350.138696897644,46348.80205559086
7,2.5726855713094245,46374.235172656685,46372.899965985314
7,2.574812343619683,46398.21113614588,46396.8773834334
7,2.5769391159299415,46422.0671154531,46420.73483584251
7,2.5790658882402,46445.803637246165,46444.472849700454
7,2.5811926605504585,46469.42122676526,46468.09195006789
7,2.5833194328607174,46492.92040781559,46491.592660571
7,2.585446205170976,46516.30170276019,46514.97550339425
7,2.5875729774812344,46539.565632512895,46538.240999273476
7,2.589699749791493,46562.71271653156,46561.389667489
7,2.5918265221017514,46585.743472811344,46584.42202585896
7,2.59395329441201,46608.65841787825,46607.338590732965
7,2.5960800667222683,46631.45806678284,46630.13987698559
7,2.5982068390325272,46654.142933094074,46652.82639801045
7,2.6003336113427857,46676.71352889323,46675.39866571405
7,2.602460383653044,46699.1703647683,46697.8571905101
7,2.6045871559633027,46721.513949808184,46720.202481313856
7,2.606713928273561,46743.744791597244,46742.43504553658
7,2.6088407005838197,46765.86339620997,46764.555389080284
7,2.610967472894078,46787.870268205836,46786.564016332544
7,2.613094245204337,46809.76591062429,46808.46143016152
7,2.6152210175145956,46831.55082497983,46830.24813191104
7,2.617347789824854,46853.22551125735,46851.92462139594
7,2.6194745621351125,46874.79046790762,46873.49139689756
7,2.621601334445371,46896.24619184279,46894.94895515923
7,2.6237281067556295,46917.59317843217,46916.29779138214
7,2.625854879065888,46938.831921498146,46937.53839922114
7,2.627981651376147,46959.96291331216,46958.67127078079
7,2.6301084236864054,46980.986644590885,46979.69689661158
7,2.632235195996664,47001.90360449256,47000.615765706185
7,2.6343619683069224,47022.71428061339,47021.42836549597
7,2.636488740617181,47043.41915898422,47042.13518184755
7,2.6386155129274393,47064.01872406714,47062.73669905949
7,2.640742285237698,47084.51345875241,47083.23339985924
7,2.6428690575479568,47104.90384435543,47103.62576540002
7,2.6449958298582152,47125.19036061382,47123.91427525804
7,2.6471226021684737,47145.37348568473,47144.099407429676
7,2.649249374478732,47165.45369614214,47164.18163832884
7,2.6513761467889907,47185.43146697439,47184.16144278455
7,2.653502919099249,47205.30727158177,47204.03929403848
7,2.6556296914095077,47225.0815817743,47223.8156637427
7,2.6577564637197666,47244.754867769545,47243.49102195763
7,2.659883236030025,47264.32759819059,47263.06583714987
7,2.6620100083402836,47283.80024006423,47282.54057619047
7,2.664136780650542,47303.173258819006,47301.915704353
7,2.6662635529608005,47322.44711828373,47321.19168531196
7,2.668390325271059,47341.622280685726,47340.36898114119
7,2.6705170975813175,47360.69920664957,47359.44805231245
7,2.6726438698915764,47379.678355195574,47378.42935769404
7,2.674770642201835,47398.56018373868,47397.313354549595
7,2.6768974145120934,47417.34514808726,47416.100498536965
7,2.679024186822352,47436.03370244216,47434.791243707165
7,2.6811509591326104,47454.62629939569,47453.38604250355
7,2.683277731442869,47473.123389930886,47471.885345760864
7,2.6854045037531273,47491.52542342081,47490.28960270464
7,2.6875312760633863,47509.832847627855,47508.59926095058
7,2.6896580483736447,47528.046108703275,47526.81476650394
7,2.6917848206839032,47546.165651186806,47544.93656375926
7,2.6939115929941617,47564.19191800627,47562.96509549994
7,2.69603836530442,47582.12535047739,47580.90080289806
7,2.6981651376146787,47599.96638830367,47598.74412551423
7,2.700291909924937,47617.7154695763,47616.495501297526
7,2.702418682235196,47635.37303077425,47634.15536658563
7,2.7045454545454546,47652.93950676439,47651.72415610486
7,2.706672226855713,47670.4153308017,47669.2023029704
7,2.7087989991659716,47687.8009345296,47686.59023868674
7,2.71092577147623,47705.096747980366,47703.888393147936
7,2.7130525437864885,47722.30319957553,47721.09719463813
7,2.7151793160967475,47739.420716126566,47738.21706983216
7,2.717306088407006,47756.4497228354,47755.248443796125
7,2.7194328607172644,47773.39064329528,47772.19173998822
7,2.721559633027523,47790.24389949141,47789.047380259406
7,2.7236864053377814,47807.009911802,47805.815784854436
7,2.72581317764804,47823.68909899914,47822.497372412705
7,2.7279399499582984,47840.28187824982,47839.09255996933
7,2.7300667222685573,47856.788665117085,47855.601762956256
7,2.7321934945788158,47873.209873561194,47872.025395203455
7,2.7343202668890743,47889.54591594089,47888.363868940185
7,2.7364470391993327,47905.79720301472,47904.61759479622
7,2.7385738115095912,47921.96414394243,47920.78698180342
7,2.7407005838198497,47938.04714628642,47936.87243739705
7,2.742827356130108,47954.04661601331,47952.874367417404
7,2.744954128440367,47969.96295749553,47968.79317611134
7,2.7470809007506256,47985.796573512926,47984.629266134
7,2.749207673060884,48001.547865254615,48000.38303855047
7,2.7513344453711426,48017.21723232065,48016.05489283771
7,2.753461217681401,48032.805072723975,48031.64522688625
7,2.7555879899916595,48048.31178289227,48047.15443700222
7,2.757714762301918,48063.73775767004,48062.582917909254
7,2.759841534612177,48079.083390320506,48077.93106275065
7,2.7619683069224354,48094.34907252781,48093.19926309129
7,2.764095079232694,48109.535194399126,48108.38790891995
7,2.7662218515429524,48124.64214446694,48123.497388651434
7,2.768348623853211,48139.67030969121,48138.5280891289
7,2.7704753961634694,48154.62007546176,48153.48039562609
7,2.772602168473728,48169.491825600664,48168.35469184979
7,2.774728940783987,48184.285942364644,48183.15135994223
7,2.7768557130942453,48199.00280644758,48197.87078048357
7,2.7789824854045038,48213.642796983,48212.51333249442
7,2.7811092577147623,48228.206291546696,48227.07939343843
7,2.7832360300250207,48242.69366615939,48241.56933922494
7,2.785362802335279,48257.105295289366,48255.9835442116
7,2.7874895746455377,48271.441551855154,48270.32238120721
7,2.7896163469557966,48285.70280722846,48284.58622147438
7,2.791743119266055,48299.889431236836,48298.77543473242
7,2.7938698915763136,48314.0017921666,48312.89038916014
7,2.795996663886572,48328.04025676576,48326.931451398836
7,2.7981234361968306,48342.00519024697,48340.89898655523
7,2.800250208507089,48355.896956290526,48354.79335820438
7,2.8023769808173475,48369.71591704736,48368.61492839285
7,2.8045037531276065,48383.46243314218,48382.36405764168
7,2.806630525437865,48397.136863676555,48396.04110494953
7,2.8087572977481234,48410.73956623208,48409.64642779589
7,2.810884070058382,48424.2708968736,48423.180382144215
7,2.8130108423686404,48437.7312101524,48436.643322445205
7,2.815137614678899,48451.120859109506,48450.035601640004
7,2.8172643869891574,48464.44019527902,48463.35757116362
7,2.8193911592994163,48477.68956869141,48476.609580948134
7,2.821517931609675,48490.86932787689,48489.79197942621
7,2.8236447039199333,48503.979819868924,48502.905113534405
7,2.8257714762301918,48517.02139020756,48515.9493287167
7,2.8278982485404502,48529.99438294298,48528.924968927895
7,2.8300250208507087,48542.89914063901,48541.83237663715
7,2.832151793160967,48555.736004376624,48554.67189283155
7,2.834278565471226,48568.50531375753,48567.443857019694
7,2.8364053377814846,48581.20740690784,48580.14860723524
7,2.838532110091743,48593.84262048156,48592.78648004054
7,2.8406588824020016,48606.41128966448,48605.357810530346
7,2.84278565471226,48618.9137481776,48617.86293233551
7,2.8449124270225186,48631.350328281056,48630.302177626625
7,2.847039199332777,48643.72136077778,48642.6758771178
7,2.849165971643036,48656.02717501724,48654.98436007049
7,2.8512927439532945,48668.26809889932,48667.227954297196
7,2.853419516263553,48680.444458878075,48679.406986165355
7,2.8555462885738114,48692.55657996565,48691.521780601135
7,2.85767306088407,48704.60478573604,48703.57266109336
7,2.859799833194329,48716.58939832907,48715.55994969736
7,2.8619266055045873,48728.51073845432,48727.483967038876
7,2.864053377814846,48740.369125394995,48739.34503231803
7,2.8661801501251043,48752.164877011935,48751.14346331323
7,2.868306922435363,48763.8983097476,48762.87957638524
7,2.8704336947456213,48775.569738630045,48774.553686481086
7,2.8725604670558798,48787.17947727692,48786.166107138124
7,2.8746872393661387,48798.7278378996,48797.71715048807
7,2.876814011676397,48810.21513130715,48809.207127261005
7,2.8789407839866556,48821.64166691044,48820.63634678957
7,2.881067556296914,48833.00775272626,48832.00511701296
7,2.8831943286071726,48844.313695381396,48843.31374448101
7,2.885321100917431,48855.55980011677,48854.562534358454
7,2.8874478732276896,48866.74637079162,48865.7517904289
7,2.8895746455379485,48877.873709887586,48876.88181509914
7,2.891701417848207,48888.942118513005,48887.95290940322
7,2.8938281901584655,48899.95189640696,48898.96537300668
7,2.895954962468724,48910.90334194359,48909.91950421073
7,2.8980817347789825,48921.79675213626,48920.81559995648
7,2.900208507089241,48932.63242264185,48931.6539558292
7,2.9023352793994994,48943.41064776492,48942.43486606248
7,2.9044620517097584,48954.13172046203,48953.15862354258
7,2.906588824020017,48964.795932345965,48963.82551981263
7,2.9087155963302753,48975.40357369007,48974.435845076936
7,2.910842368640534,48985.95493343253,48984.989888205295
7,2.9129691409507923,48996.45029918061,48995.48793673725
7,2.9150959132610508,49006.88995721504,49005.93027688637
7,2.9172226855713093,49017.274192494355,49016.31719354472
7,2.919349457881568,49027.60328865914,49026.64897028702
7,2.9214762301918267,49037.877528036435,49036.925889375096
7,2.923603002502085,49048.097191644134,49047.14823176214
7,2.9257297748123436,49058.26255919518,49057.3162770972
7,2.927856547122602,49068.37390910214,49067.43030372937
7,2.9299833194328606,49078.43151848142,49077.49058871233
7,2.932110091743119,49088.43566315774,49087.49740780861
7,2.934236864053378,49098.3866176685,49097.45103549404
7,2.9363636363636365,49108.284655268115,49107.351744962085
7,2.938490408673895,49118.130047932544,49117.199808128295
7,2.9406171809841535,49127.92306636354,49126.99549563471
7,2.942743953294412,49137.66397999323,49136.739076854225
7,2.9448707256046704,49147.35305698839,49146.43081989506
7,2.9469974979149294,49156.99056425496,49156.07099160514
7,2.949124270225188,49166.57676744241,49165.659857576524
7,2.9512510425354463,49176.111930948246,49175.197682149854
7,2.953377814845705,49185.59631792235,49184.68472841878
7,2.9555045871559633,49195.030190271485,49194.12125823434
7,2.957631359466222,49204.413808663754,49203.50753220952
7,2.9597581317764803,49213.74743253294,49212.84380972358
7,2.961884904086739,49223.031320083086,49222.13034892653
7,2.9640116763969977,49232.265728292856,49231.36740674361
7,2.966138448707256,49241.45091291999,49240.55523887972
7,2.9682652210175147,49250.58712850581,49249.69409982383
7,2.970391993327773,49259.67462837964,49258.78424285349
7,2.9725187656380316,49268.71366466321,49267.825920039264
7,2.97464553794829,49277.70448827522,49276.81938224913
7,2.976772310258549,49286.64734893573,49285.76487915301
7,2.9788990825688075,49295.54249517058,49294.66265922718
7,2.981025854879066,49304.39017431592,49303.51296975871
7,2.9831526271893245,49313.190632522645,49312.31605684999
7,2.985279399499583,49321.944114760816,49321.07216542309
7,2.9874061718098415,49330.65086482417,49329.781539224234
7,2.9895329441201,49339.31112533448,49338.444420828295
7,2.991659716430359,49347.92513774616,49347.061051643206
7,2.9937864887406174,49356.49314235052,49355.63167191441
7,2.995913261050876,49365.01537828038,49364.15652072933
7,2.9980400333611343,49373.49208351446,49372.63583602176
7,3.000166805671393,49381.92349488175,49381.06985457636
7,3.0022935779816513,49390.30984806607,49389.45881203303
7,3.00442035029191,49398.651377610455,49397.80294289146
7,3.0065471226021687,49406.94831692157,49406.10248051543
7,3.008673894912427,49415.20089827417,49414.3576571373
7,3.0108006672226857,49423.409352815506,49422.568703862446
7,3.012927439532944,49431.57391056977,49430.73585067368
7,3.0150542118432027,49439.694800442565,49438.85932643563
7,3.017180984153461,49447.772250225185,49446.939358899195
7,3.0193077564637196,49455.80648659913,49454.976174705924
7,3.0214345287739786,49463.79773514056,49462.96999939247
7,3.023561301084237,49471.74622032452,49470.921057394924
7,3.0256880733944955,49479.65216552958,49478.82957205326
7,3.027814845704754,49487.515793041995,49486.69576561572
7,3.0299416180150125,49495.33732406027,49494.519859243155
7,3.032068390325271,49503.1169786994,49502.302073013474
7,3.0341951626355295,49510.85497599543,49510.042625926
7,3.0363219349457884,49518.55153390962,49517.74173590576
7,3.038448707256047,49526.206869332935,49525.39961980797
7,3.0405754795663054,49533.8211980904,49533.0164934223
7,3.042702251876564,49541.394734945425,49540.59257147729
7,3.0448290241868223,49548.92769360416,49548.12806764465
7,3.046955796497081,49556.420286719804,49555.62319454357
7,3.0490825688073393,49563.872725897,49563.07816374516
7,3.0512093411175982,49571.28522169618,49570.49318577668
7,3.0533361134278567,49578.657983637735,49577.868470125846
7,3.055462885738115,49585.9912202065,49585.20422524524
7,3.0575896580483737,49593.285138855994,49592.500658556484
7,3.059716430358632,49600.539946012665,49599.75797645467
7,3.0618432026688907,49607.755847080305,49606.97638431254
7,3.063969974979149,49614.93304644419,49614.156086484785
7,3.066096747289408,49622.07174747545,49621.2972863124
7,3.0682235195996665,49629.17215253532,49628.400186126804
7,3.070350291909925,49636.23446297938,49635.46498725425
7,3.0724770642201835,49643.25887916179,49642.49189001997
7,3.074603836530442,49650.24560043962,49649.481093752445
7,3.0767306088407005,49657.194825176935,49656.432796787616
7,3.078857381150959,49664.1067507492,49663.34719647316
7,3.080984153461218,49670.98157354731,49670.224489172644
7,3.0831109257714764,49677.81948898194,49677.06487026978
7,3.085237698081735,49684.62069148771,49683.86853417255
7,3.0873644703919934,49691.38537452729,49690.6356743175
7,3.089491242702252,49698.11373059572,49697.3664831738
7,3.0916180150125103,49704.805951224465,49704.061152247494
7,3.093744787322769,49711.46222698563,49710.71987208564
7,3.0958715596330277,49718.0827474961,49717.34283228041
7,3.097998331943286,49724.6677014217,49723.93022147333
7,3.1001251042535447,49731.217276481286,49730.482227359316
7,3.102251876563803,49737.73165945092,49736.99903669082
7,3.1043786488740617,49744.21103616792,49743.48083528198
7,3.10650542118432,49750.65559153506,49749.92780801267
7,3.1086321934945786,49757.065509524546,49756.34013883263
7,3.1107589658048376,49763.44097318221,49762.718010765486
7,3.112885738115096,49769.782164631455,49769.06160591291
7,3.1150125104253545,49776.08926507748,49775.37110545859
7,3.117139282735613,49782.362454811155,49781.64668967236
7,3.1192660550458715,49788.60191321322,49787.88853791417
7,3.12139282735613,49794.80781875823,49794.096828638154
7,3.123519599666389,49800.98034901857,49800.2717393966
7,3.1256463719766474,49807.119680668504,49806.413446844075
7,3.127773144286906,49813.22598948816,49812.522126741285
7,3.1298999165971644,49819.2994503675,49818.59795395909
7,3.132026688907423,49825.34023731033,49824.641102482565
7,3.1341534612176813,49831.34852343824,49830.65174541487
7,3.13628023352794,49837.324480994546,49836.63005498123
7,3.1384070058381988,49843.26828134831,49842.5762025329
7,3.1405337781484572,49849.18009499817,49848.49035855106
7,3.1426605504587157,49855.060091576306,49854.37269265078
7,3.144787322768974,49860.908439852385,49860.22337358486
7,3.1469140950792327,49866.72530773743,49866.04256924779
7,3.149040867389491,49872.51086228767,49871.830446679596
7,3.1511676396997497,49878.2652697085,49877.58717206975
7,3.1532944120100086,49883.98869535826,49883.312910760986
7,3.155421184320267,49889.681303752135,49889.0078272532
7,3.1575479566305256,49895.34325856602,49894.67208520723
7,3.159674728940784,49900.97472264027,49900.30584744876
7,3.1618015012510425,49906.5758579836,49905.90927597208
7,3.163928273561301,49912.14682577684,49911.48253194385
7,3.1660550458715595,49917.68778637677,49917.02577570705
7,3.1681818181818184,49923.198899319876,49922.539166784554
7,3.170308590492077,49928.6803233261,49928.02286388309
7,3.1724353628023354,49934.132216302634,49933.47702489683
7,3.174562135112594,49939.55473534769,49938.901806911264
7,3.1766889074228524,49944.94803675417,49944.29736620687
7,3.178815679733111,49950.31227601344,49949.66385826282
7,3.1809424520433693,49955.64760781903,49955.00143776077
7,3.1830692243536283,49960.95418607029,49960.31025858848
7,3.1851959966638868,49966.232163876164,49965.59047384349
7,3.1873227689741452,49971.48169355877,49970.84223583687
7,3.1894495412844037,49976.70292665718,49976.065696096804
7,3.191576313594662,49981.89601393092,49981.261005372304
7,3.1937030859049207,49987.061105363726,49986.428313636774
7,3.195829858215179,49992.198350167135,49991.5677700917
7,3.197956630525438,49997.307896784085,49996.67952317021
7,3.2000834028356966,50002.389892892534,50001.76372054074
7,3.202210175145955,50007.44448540904,50006.82050911052
7,3.2043369474562136,50012.471820492356,50011.850035029274
7,3.206463719766472,50017.47204354698,50016.85244369267
7,3.2085904920767305,50022.445299226674,50021.82787974592
7,3.210717264386989,50027.39173143808,50026.77648708735
7,3.212844036697248,50032.31148334421,50031.698408871845
7,3.2149708090075064,50037.204697367895,50036.593787514445
7,3.217097581317765,50042.07151519542,50041.46276469379
7,3.2192243536280234,50046.91207777994,50046.30548135562
7,3.221351125938282,50051.72652534493,50051.122077716325
7,3.2234778982485404,50056.51499738767,50055.91269326622
7,3.225604670558799,50061.27763268279,50060.67746677324
7,3.2277314428690578,50066.01456928556,50065.41653628618
7,3.2298582151793163,50070.725944535414,50070.13003913824
7,3.2319849874895747,50075.41189505937,50074.81811195037
7,3.2341117597998332,50080.07255677537,50079.48089063472
7,3.2362385321100917,50084.708064895705,50084.11851039798
7,3.23836530442035,50089.31855393044,50088.731105744824
7,3.2404920767306087,50093.90415769069,50093.3188104812
7,3.2426188490408676,50098.46500929205,50097.881757717725
7,3.244745621351126,50103.001241157894,50102.420079873045
7,3.2468723936613846,50107.51298502271,50106.93390867706
7,3.248999165971643,50112.00037193541,50111.423375174374
7,3.2511259382819016,50116.4635322627,50115.888609727524
7,3.25325271059216,50120.90259569224,50120.32974202023
7,3.2553794829024185,50125.31769123605,50124.74690106076
7,3.2575062552126774,50129.70894723368,50129.140215185136
7,3.259633027522936,50134.07649135555,50133.50981206042
7,3.2617597998331944,50138.420450606136,50137.85581868791
7,3.263886572143453,50142.740951327185,50142.17836140639
7,3.2660133444537114,50147.038119200966,50146.47756589536
7,3.26814011676397,50151.31207925349,50150.75355717822
7,3.2702668890742284,50155.56295585765,50155.00645962545
7,3.2723936613844873,50159.79087273641,50159.23639695783
7,3.2745204336947458,50163.99595296603,50163.44349224951
7,3.2766472060050043,50168.17831897912,50167.62786793128
7,3.2787739783152627,50172.338092567865,50171.78964579366
7,3.2809007506255212,50176.47539488714,50175.92894698995
7,3.2830275229357797,50180.59034645758,50180.0458920395
7,3.285154295246038,50184.683067168735,50184.14060083068
7,3.287281067556297,50188.753676282126,50188.21319262404
7,3.2894078398665556,50192.80229243434,50192.26378605532
7,3.291534612176814,50196.82903364011,50196.29249913864
7,3.2936613844870726,50200.83401729535,50200.2994492694
7,3.295788156797331,50204.81736018021,50204.2847532274
7,3.2979149291075895,50208.77917846208,50208.24852717992
7,3.300041701417848,50212.71958769864,50212.190886684635
7,3.302168473728107,50216.638702840835,50216.11194669263
7,3.3042952460383654,50220.536638235935,50220.01182155151
7,3.306422018348624,50224.41350763038,50223.89062500821
7,3.3085487906588824,50228.26942417292,50227.74847021206
7,3.310675562969141,50232.10450041744,50231.58546971777
7,3.3128023352793994,50235.91884832595,50235.40173548827
7,3.3149291075896583,50239.71257927154,50239.19737889772
7,3.317055879899917,50243.48580404124,50242.97251073441
7,3.3191826522101753,50247.238632838984,50246.72724120367
7,3.3213094245204338,50250.971175288505,50250.4616799307
7,3.3234361968306922,50254.68354043613,50254.17593596356
7,3.3255629691409507,50258.375836753825,50257.870117775965
7,3.327689741451209,50262.04817214183,50261.54433327018
7,3.329816513761468,50265.70065393174,50265.19868977982
7,3.3319432860717266,50269.333388889136,50268.83329407273
7,3.334070058381985,50272.946483216525,50272.44825235377
7,3.3361968306922436,50276.54004255614,50276.04367026771
7,3.338323603002502,50280.11417199271,50279.61965290186
7,3.3404503753127606,50283.66897605626,50283.17630478903
7,3.342577147623019,50287.20455872489,50286.71372991022
7,3.344703919933278,50290.72102342751,50290.23203169735
7,3.3468306922435365,50294.218473046654,50293.73131303613
7,3.348957464553795,50297.69700992115,50297.21167626865
7,3.3510842368640534,50301.15673584891,50300.67322319621
7,3.353211009174312,50304.59775208958,50304.116055082006
7,3.3553377814845704,50308.02015936733,50307.54027265383
7,3.357464553794829,50311.42405787343,50310.94597610677
7,3.359591326105088,50314.80954726906,50314.333265105815
7,3.3617180984153463,50318.1767266879,50317.7022387887
7,3.363844870725605,50321.52569473877,50321.05299576836
7,3.3659716430358633,50324.85654950836,50324.38563413572
7,3.3680984153461218,50328.169388563794,50327.70025146224
7,3.3702251876563802,50331.46430895527,50330.996944802624
7,3.3723519599666387,50334.74140721868,50334.275810697276
7,3.3744787322768977,50338.00077937823,50337.53694517512
7,3.376605504587156,50341.242520948945,50340.78044375598
7,3.3787322768974146,50344.4667269394,50344.00640145328
7,3.380859049207673,50347.67349185409,50347.21491277659
7,3.3829858215179316,50350.86290969614,50350.406071734105
7,3.38511259382819,50354.03507396979,50353.57997183528
7,3.3872393661384486,50357.19007768291,50356.73670609332
7,3.3893661384487075,50360.32801334957,50359.8763670277
7,3.391492910758966,50363.44897299251,50362.999046666635
7,3.3936196830692245,50366.55304814561,50366.1048365497
7,3.395746455379483,50369.640329856455,50369.19382773014
7,3.3978732276897414,50372.710908688736,50372.26611077748
7,3.4,50375.76487472479,50375.32177577993
8,0.85,155395.78150917773,155385.29318932
8,0.8521267723102586,153609.7671887867,153599.45838690302
8,0.8542535446205171,151842.87648278003,151832.744745321
8,0.8563803169307757,150094.92377221555,150084.9666726255
8,0.8585070892410341,148365.7251723178,148355.9403107623
8,0.8606338615512927,146655.0985177361,146645.48352083203
8,0.8627606338615512,144962.86334792452,144953.41586847423
8,0.8648874061718098,143288.84089264285,143279.55860937035
8,0.8670141784820684,141632.85405757764,141623.73467486852
8,0.8691409507923269,139994.72741008096,139985.7686577256
8,0.8712677231025855,138374.28716502708,138365.48679796548
8,0.873394495412844,136771.36117078507,136762.7169688562
8,0.8755212677231026,135185.77889530582,135177.2886629991
8,0.877648040033361,133617.37141232364,133609.03297853356
8,0.8797748123436196,132065.97138766918,132057.78260545232
8,0.8819015846538782,130531.41306569522,130523.37181203035
8,0.8840283569641367,129013.53225581105,129005.63643136261
8,0.8861551292743953,127512.16631912699,127504.41384801053
8,0.8882819015846538,126027.15415520692,126019.54298475749
8,0.8904086738949124,124558.33618892674,124550.86428947012
8,0.892535446205171,123105.55435743937,123098.21972206587
8,0.8946622185154295,121668.65209724405,121661.452741585
8,0.8967889908256881,120247.47433135891,120240.40829336557
8,0.8989157631359466,118841.86745659611,118834.9327963218
8,0.9010425354462052,117451.67933093861,117444.87413032218
8,0.9031693077564636,116076.75926101682,116070.08162366968
8,0.9052960800667222,114716.95798968406,114710.4060406798
8,0.9074228523769808,113372.12768369162,113365.6995693567
8,0.9095496246872393,112042.12192145878,112035.81580916776
8,0.9116763969974979,110726.79568094085,110720.6097589119
8,0.9138031693077564,109426.005327591,109419.93780468524
8,0.915929941618015,108139.60860241667,108133.65770793914
8,0.9180567139282736,106867.46461012863,106861.62859363196
8,0.9201834862385321,105609.43380738267,105603.71093847275
8,0.9223102585487907,104365.37799111113,104359.76655925522
8,0.9244370308590492,103135.16028694606,103129.65860128289
8,0.9265638031693078,101918.64513772969,101913.25152688216
8,0.9286905754795662,100715.6982921148,100710.41110400438
8,0.9308173477898248,99526.1867932504,99521.00439491394
8,0.9329441201000834,98349.97896755517,98344.89974496396
8,0.9350708924103419,97186.94441357537,97181.96677145579
8,0.9371976647206005,96036.95399092665,96032.07635258352
8,0.939324437030859,94899.87980932066,94895.10061646209
8,0.9414512093411176,93775.59521767283,93770.91293023739
8,0.9435779816513761,92663.97479329254,92659.3878892781
8,0.9457047539616347,91564.89433115332,91560.40130644833
8,0.9478315262718933,90478.23083324377,90473.83020145984
8,0.9499582985821518,89403.86249799692,89399.5527903038
8,0.9520850708924103,88341.66870979725,88337.44847475947
8,0.9542118432026688,87291.53002856633,87287.3978319816
8,0.9563386155129274,86253.32817942313,86249.28260416284
8,0.9584653878231859,85226.94604242161,85222.98568827279
8,0.9605921601334445,84212.26764236156,84208.39112587085
8,0.9627189324437031,83209.17813867479,83205.38409299386
8,0.9648457047539616,82217.56381538326,82213.8508901164
8,0.9669724770642202,81237.3120711302,81233.6789321831
8,0.9690992493744787,80268.31140928305,80264.75673871352
8,0.9712260216847373,79310.45142810643,79306.97392397662
8,0.9733527939949957,78363.62281100574,78360.22118723614
8,0.9754795663052543,77427.71731684002,77424.39030306476
8,0.9776063386155129,76502.62777030288,76499.3741117271
8,0.9797331109257714,75588.24805237223,75585.0665096303
8,0.98185988323603,74684.47309082578,74681.36243984145
8,0.9839866555462886,73791.19885082428,73788.1578826723
8,0.9861134278565471,72908.32232555948,72905.3498463285
8,0.9882402001668056,72035.74152696741,72032.83635762469
8,0.9903669724770642,71173.35547650643,71170.51645276317
8,0.9924937447873228,70321.06419599811,70318.29016817718
8,0.9946205170975813,69478.76869853196,69476.05853143623
8,0.9967472894078399,68646.37097943175,68643.72355221407
8,0.9988740617180984,67823.77400728443,67821.18821331875
8,1.001000834028357,67010.88171502932,67008.35646178346
8,1.0031276063386154,66207.5989911084,66205.13320001755
8,1.0052543786488741,65413.83167067613,65411.42427701808
8,1.0073811509591326,64629.486526869194,64627.136479640496
8,1.009507923269391,63854.47126213396,63852.17752392731
8,1.0116346955796498,63088.69449961315,63086.45604649607
8,1.0137614678899083,62332.06577458969,62329.88159598429
8,1.0158882402001668,61584.49552598748,61582.36462455132
8,1.0180150125104253,60845.89508792912,60843.816479437155
8,1.020141784820684,60116.17668134933,60114.149394577034
8,1.0222685571309424,59395.25340566436,59393.27648227179
8,1.024395329441201,58683.03923049566,58681.11172491277
8,1.0265221017514596,57979.44898744895,57977.5699667616
8,1.0286488740617181,57284.3983619472,57282.56690578435
8,1.0307756463719766,56597.80388511641,56596.019085538486
8,1.032902418682235,55919.582925725896,55917.84388711366
8,1.0350291909924938,55249.653682180266,55247.959521124954
8,1.0371559633027523,54587.935174564496,54586.2850197588
8,1.0392827356130108,53934.3472367401,53932.74022886997
8,1.0414095079232695,53288.81050849357,53287.24580013094
8,1.043536280233528,52651.246427735794,52649.72318323212
8,1.0456630525437864,52021.57722275167,52020.09461813243
8,1.047789824854045,51399.725904500956,51398.28312736078
8,1.0499165971643036,50785.61625896844,50784.212508367156
8,1.0520433694745621,50179.17283956456,50177.807325923975
8,1.0541701417848206,49580.32095957459,49578.99290457601
8,1.0562969140950793,48988.98668465737,48987.695321139945
8,1.0584236864053378,48405.096825393186,48403.84139725279
8,1.0605504587155963,47828.578929878975,47827.3586919681
8,1.0626772310258548,47259.361276373005,47258.17549440101
8,1.0648040033361135,46697.37286598666,46696.22081642087
8,1.066930775646372,46142.54341542443,46141.42438539179
8,1.0690575479566304,45594.80334977073,45593.71663696025
8,1.0711843202668891,45054.083795324535,45053.028707890226
8,1.0733110925771476,44520.316572480944,44519.29242894526
8,1.0754378648874061,43993.43418865884,43992.44031781702
8,1.0775646371976646,43473.36983127608,43472.40557210074
8,1.0796914095079233,42960.05736077049,42959.12206231692
8,1.0818181818181818,42453.43130366738,42452.5243249794
8,1.0839449541284403,41953.42684569285,41952.547555709105
8,1.086071726438699,41459.97982493317,41459.127602393986
8,1.0881984987489575,40973.02672504022,40972.20095839498
8,1.090325271059216,40492.504668481924,40491.70475579693
8,1.0924520433694744,40018.351409838855,40017.576758705516
8,1.0945788156797331,39550.50532914581,39549.755356589594
8,1.0967055879899916,39088.90542527927,39088.17955766873
8,1.09883236030025,38633.49130938926,38632.788982345795
8,1.1009591326105088,38184.20319837715,38183.52385668502
8,1.1030859049207673,37740.98190841831,37740.32500593513
8,1.1052126772310258,37303.76884852953,37303.1338480971
8,1.1073394495412843,36872.506014181745,36871.89238753739
8,1.109466221851543,36447.135980957704,36446.54320864586
8,1.1115929941618015,36027.601898254514,36027.02946953877
8,1.11371976647206,35613.84748303094,35613.29489580635
8,1.1158465387823187,35205.81701359979,35205.28377430562
8,1.1179733110925771,34803.4553234653,34802.940946998075
8,1.1201000834028356,34406.70779520502,34406.211804831946
8,1.122226855713094,34015.52035439705,34015.04228166966
8,1.1243536280233528,33629.839463591954,33629.378848260145
8,1.1264804003336113,33249.61211632992,33249.16850625635
8,1.1286071726438698,32874.7858312025,32874.35878227712
8,1.1307339449541285,32505.30864595977,32504.897722014804
8,1.132860717264387,32141.129111662667,32140.73388438782
8,1.1349874895746455,31782.196286880022,31781.81633573796
8,1.137114261884904,31428.45973193139,31428.094644073513
8,1.1392410341951626,31079.8695031748,31079.5188733573
8,1.1413678065054211,30736.37614734022,30736.03957784039
8,1.1434945788156798,30397.930695908108,30397.607796440847
8,1.1456213511259383,30064.484659533962,30064.175047168697
8,1.1477481234361968,29735.990022518174,29735.693321595885
8,1.1498748957464553,29412.3992373219,29412.11507937243
8,1.1520016680567138,29093.665219128656,29093.39324278837
8,1.1541284403669725,28779.741340451976,28779.481191381532
8,1.156255212677231,28470.581425789263,28470.33275659169
8,1.1583819849874897,28166.13974632152,28165.902216460527
8,1.1605087572977482,27866.371014659933,27866.14429037844
8,1.1626355296080066,27571.230379638357,27571.01413387736
8,1.1647623019182651,27280.673421152984,27280.467333470504
8,1.1668890742285236,26994.656145048233,26994.45990153864
8,1.1690158465387823,26713.134978049893,26712.948271263376
8,1.1711426188490408,26436.066762745133,26435.889291607476
8,1.1732693911592995,26163.408752609525,26163.240222342072
8,1.175396163469558,25895.118607081728,25894.958729121616
8,1.1775229357798165,25631.154386685146,25631.002878605803
8,1.179649708090075,25371.47454819765,25371.331133629472
8,1.1817764804003335,25116.037939868726,25115.902348420062
8,1.1839032527105922,24864.803796684606,24864.675763862957
8,1.1860300250208506,24617.7317356816,24617.611002815065
8,1.1881567973311093,24374.781751307284,24374.668065466332
8,1.1902835696413678,24135.914210830484,24135.80732474987
8,1.1924103419516263,23901.089849799377,23900.989521800395
8,1.1945371142618848,23670.269767548514,23670.175761461527
8,1.1966638865721433,23443.4154227546,23443.32750784178
8,1.198790658882402,23220.488629041218,23220.40657991961
8,1.2009174311926605,23001.45155063283,23001.37514719768
8,1.2030442035029192,22786.266698057872,22786.195725406214
8,1.2051709758131777,22574.896923901557,22574.831172256174
8,1.2072977481234362,22367.305418608106,22367.24468324164
8,1.2094245204336946,22163.45570633286,22163.399787492403
8,1.2115512927439533,21963.31164084437,21963.260343676182
8,1.2136780650542118,21766.83740147662,21766.79053595131
8,1.2158048373644703,21573.997489131303,21573.954869969264
8,1.217931609674729,21384.75672233088,21384.71816892801
8,1.2200583819849875,21199.08023332205,21199.045569675898
8,1.222185154295246,21016.933464229944,21016.90251886614
8,1.2243119266055045,20838.282163263466,20838.25476916249
8,1.2264386989157632,20663.092380971546,20663.06837549588
8,1.2285654712260217,20491.330466550895,20491.309691372546
8,1.2306922435362802,20322.963064205,20322.945365233347
8,1.2328190158465389,20157.957109554933,20157.94233686501
8,1.2349457881567973,19996.27982610202,19996.267833863138
8,1.2370725604670558,19837.89872174232,19837.8893681471
8,1.2391993327773143,19682.781585333563,19682.774732527396
8,1.241326105087573,19530.896483314355,19530.891997325212
8,1.2434528773978315,19382.211756376088,19382.209507044827
8,1.24557964970809,19236.696016187932,19236.695877098973
8,1.2477064220183487,19094.31814217552,19094.319990587974
8,1.2498331943286072,18955.047278352562,18955.050995131794
8,1.2519599666388657,18818.85283020566,18818.858299755342
8,1.2540867389491241,18685.704461633235,18685.711571827815
8,1.2562135112593829,18555.57209193834,18555.580734056006
8,1.2583402835696413,18428.42589287601,18428.435961532134
8,1.2604670558798998,18304.236285755127,18304.24767883616
8,1.2625938281901585,18182.973938595358,18182.98655719329
8,1.264720600500417,18064.609763339497,18064.62351168674
8,1.2668473728106755,17949.114913121244,17949.1296985261
8,1.268974145120934,17836.460779589273,17836.47651237188
8,1.2711009174311927,17726.618990287556,17726.635583716383
8,1.2732276897414512,17619.561406092722,17619.578776321556
8,1.2753544620517097,17515.26011870846,17515.278184714043
8,1.2774812343619684,17413.687448218,17413.7061317381
8,1.2796080066722268,17314.815940694698,17314.835166166828
8,1.2817347789824853,17218.6183658715,17218.638060372163
8,1.2838615512927438,17125.06771486987,17125.08780805439
8,1.2859883236030025,17034.137197988675,17034.157622031664
8,1.288115095913261,16945.800242553934,16945.820932090246
8,1.2902418682235195,16860.03049082975,16860.051382896163
8,1.2923686405337782,16776.80179799164,16776.822831969046
8,1.2944954128440367,16696.088230162746,16696.109347719008
8,1.2966221851542952,16617.864062513898,16617.88520754733
8,1.2987489574645537,16542.103777428514,16542.124896011974
8,1.3008757297748124,16468.78206273327,16468.80310305889
8,1.3030025020850708,16397.87380999561,16397.894722320187
8,1.3051292743953293,16329.354112889212,16329.374849480237
8,1.307256046705588,16263.198265628696,16263.218780711039
8,1.3093828190158465,16199.381761474833,16199.402011178097
8,1.311509591326105,16137.880291311549,16137.900233618093
8,1.3136363636363635,16078.669742296377,16078.68933699
8,1.3157631359466222,16021.72619658578,16021.7454052011
8,1.3178899082568807,15967.0259301371,15967.044715909618
8,1.3200166805671394,15914.5454115889,15914.563739405732
8,1.3221434528773979,15864.261301221602,15864.279137572938
8,1.3242702251876564,15816.150450000445,15816.167762931684
8,1.3263969974979148,15770.189898702947,15770.206657767547
8,1.3285237698081733,15726.356877133123,15726.37305334615
8,1.330650542118432,15684.628803424908,15684.644369217307
8,1.3327773144286905,15644.983283437396,15644.998212610983
8,1.3349040867389492,15607.398110244558,15607.412377927705
8,1.3370308590492077,15571.851263722434,15571.86484632652
8,1.3391576313594662,15538.320910236816,15538.33378541335
8,1.3412844036697247,15506.785402434656,15506.797549033185
8,1.3434111759799832,15477.223279142701,15477.23467716941
8,1.3455379482902419,15449.61326537691,15449.62389595398
8,1.3476647206005004,15423.934272466518,15423.944117792213
8,1.349791492910759,15400.165398296767,15400.174441606254
8,1.3519182652210175,15378.28592767454,15378.294153201463
8,1.354045037531276,15358.275332821348,15358.282725760142
8,1.3561718098415345,15340.113273998373,15340.119820467324
8,1.358298582151793,15323.779600268452,15323.785287273502
8,1.3604253544620517,15309.254350400124,15309.259165799427
8,1.3625521267723102,15296.51775391913,15296.521686388365
8,1.364678899082569,15285.550232312942,15285.553271311368
8,1.3668056713928274,15276.33240039416,15276.334536131424
8,1.3689324437030859,15268.84506782879,15268.846291232521
8,1.3710592160133444,15263.069240835788,15263.069543519887
8,1.3731859883236028,15258.98612406418,15258.985498297941
8,1.3753127606338615,15256.577122654657,15256.57556133259
8,1.37743953294412,15255.82384449238,15255.821341104813
8,1.3795663052543787,15256.70810265811,15256.704651262575
8,1.3816930775646372,15259.211918084875,15259.207513278237
8,1.3838198498748957,15263.317522427513,15263.312159318852
8,1.3859466221851542,15269.007361152431,15269.001035336736
8,1.3880733944954127,15276.26409685515,15276.256804387744
8,1.3902001668056714,15285.070612813019,15285.062350184768
8,1.3923269391159299,15295.410016780505,15295.40078089382
8,1.3944537114261886,15307.265645034375,15307.255433179971
8,1.396580483736447,15320.621066675785,15320.609876510242
8,1.3987072560467055,15335.460088196098,15335.447917720192
8,1.400834028356964,15351.766758312779,15351.75360585062
8,1.4029608006672225,15369.525373081222,15369.511237260183
8,1.4050875729774812,15388.720481287774,15388.705361019234
8,1.4072143452877397,15409.336890128274,15409.320784589145
8,1.4093411175979984,15431.359671175593,15431.342579790691
8,1.411467889908257,15454.774166638379,15454.756089063609
8,1.4135946622185154,15479.565995911853,15479.546932018227
8,1.4157214345287739,15505.721062419809,15505.701012278318
8,1.4178482068390323,15533.225560745093,15533.204524612418
8,1.419974979149291,15562.065984043496,15562.043962348605
8,1.4221017514595498,15592.229131733497,15592.206125065095
8,1.4242285237698082,15623.702117451172,15623.678126546085
8,1.4263552960800667,15656.472377256367,15656.447402988793
8,1.4284820683903252,15690.52767807203,15690.501721443741
8,1.4306088407005837,15725.856126334555,15725.82918846604
8,1.4327356130108422,15762.446176827681,15762.418258950238
8,1.4348623853211009,15800.286641667124,15800.257745115952
8,1.4369891576313596,15839.366699396676,15839.336825604973
8,1.439115929941618,15879.675904149686,15879.64505464373
8,1.4412427022518766,15921.204194821856,15921.172371217204
8,1.443369474562135,15963.941904192898,15963.909108191607
8,1.4454962468723935,16007.879767924918,16007.84600131388
8,1.447623019182652,16053.008933355122,16052.974198005537
8,1.4497497914929107,16099.320967988999,16099.28526585698
8,1.4518765638031694,16146.807867587719,16146.77120071608
8,1.454003336113428,16195.462063730176,16195.424434251425
8,1.4561301084236864,16245.276430715603,16245.23784085617
8,1.4582568807339449,16296.244291657233,16296.204743742926
8,1.4603836530442034,16348.359423601103,16348.318920063852
8,1.4625104253544619,16401.616061486733,16401.57460487261
8,1.4646371976647206,16456.008900748217,16455.96649372677
8,1.4667639699749793,16511.533098335403,16511.489743710303
8,1.4688907422852377,16568.18427191559,16568.139972636574
8,1.4710175145954962,16625.958496996373,16625.91325617251
8,1.4731442869057547,16684.852301690782,16684.80612260504
8,1.4752710592160132,16744.86265882666,16744.815544951754
8,1.477397831526272,16805.986975083983,16805.93893009943
8,1.4795246038365304,16868.223076826544,16868.174104636953
8,1.481651376146789,16931.569192280003,16931.51929703446
8,1.4837781484570476,16996.023929695497,16995.973115808018
8,1.485904920767306,17061.58625112979,17061.534523300714
8,1.4880316930775646,17128.25544146845,17128.202804706638
8,1.490158465387823,17196.031072319765,17195.977531965502
8,1.4922852376980817,17264.91296041506,17264.858522163446
8,1.4944120100083402,17334.901120166323,17334.845790090993
8,1.496538782318599,17405.995710056715,17405.939494633603
8,1.4986655546288574,17478.196972573707,17478.139878704696
8,1.500792326939116,17551.505167440922,17551.447202477004
8,1.5029190992493744,17625.920497962583,17625.861669726248
8,1.5050458715596329,17701.44303036655,17701.38334717309
8,1.5071726438698916,17778.072606117836,17778.01207679518
8,1.50929941618015,17855.808747275074,17855.74738118177
8,1.5114261884904088,17934.650555078326,17934.588362119233
8,1.5135529608006673,18014.596602086476,18014.533592725846
8,1.5156797331109257,18095.644818326913,18095.5810035983
8,1.5178065054211842,18177.792372076197,18177.72776358893
8,1.5199332777314427,18261.035546057465,18260.970155999123
8,1.5220600500417014,18345.36961001422,18345.303451148895
8,1.52418682235196,18430.788690798396,18430.72177646024
8,1.5263135946622186,18517.28564128834,18517.217985370175
8,1.528440366972477,18604.851909624525,18604.78352656129
8,1.5305671392827356,18693.477410412932,18693.40831515975
8,1.532693911592994,18783.150399690512,18783.080607695323
8,1.5348206839032525,18873.85735556935,18873.786882740085
8,1.5369474562135113,18965.582866569202,18965.511729235634
8,1.5390742285237697,19058.30952970594,19058.23774457646
8,1.5412010008340284,19152.017860421816,19151.945444535395
8,1.543327773144287,19246.686216416274,19246.613187090097
8,1.5454545454545454,19342.290737362444,19342.21711213582
8,1.547581317764804,19438.805302370016,19438.73109894514
8,1.5497080900750624,19536.201506882393,19536.126743062792
8,1.551834862385321,19634.448660474343,19634.37335410179
8,1.5539616346955796,19733.51380675071,19733.437975641584
8,1.5560884070058383,19833.36176624192,19833.28542812388
8,1.5582151793160968,19933.955202853926,19933.878375303917
8,1.5603419516263553,20035.254714069106,20035.177414453672
8,1.5624687239366137,20137.21894471684,20137.14119013566
8,1.5645954962468722,20239.804723750432,20239.72653098403
8,1.566722268557131,20342.967223088963,20342.888608551395
8,1.5688490408673894,20446.660137218772,20446.581116916044
8,1.5709758131776481,20550.835881909225,20550.756471404136
8,1.5731025854879066,20655.445810088324,20655.366024472227
8,1.575229357798165,20760.4404426537,20760.36029652562
8,1.5773561301084236,20865.769711767625,20865.689219221043
8,1.579482902418682,20971.383214006193,20971.30238862369
8,1.5816096747289408,21077.230470603998,21077.1493254597
8,1.5837364470391992,21183.26119195732,21183.17973962726
8,1.585863219349458,21289.425543521647,21289.343796101693
8,1.5879899916597164,21395.674410258813,21395.59237939007
8,1.590116763969975,21501.959656856066,21501.87735375722
8,1.5922435362802334,21608.23438104576,21608.15181655215
8,1.594370308590492,21714.453157500473,21714.3703421093
8,1.5964970809007506,21820.57226995563,21820.48921387687
8,1.5986238532110093,21926.549929417863,21926.46664263028
8,1.6007506255212678,22032.346476546358,22032.262968858227
8,1.6028773978315263,22137.924566541482,22137.840847655356
8,1.6050041701417848,22243.249335135428,22243.16541471646
8,1.6071309424520432,22348.288544549123,22348.204432296458
8,1.6092577147623017,22453.012708553226,22452.92841427402
8,1.6113844870725604,22557.39519604501,22557.310729730485
8,1.6135112593828191,22661.4123128232,22661.327684726424
8,1.6156380316930776,22765.043361505734,22764.958582220705
8,1.617764804003336,22868.270679787776,22868.185760329365
8,1.6198915763135946,22971.07965747513,22970.994609359703
8,1.622018348623853,23073.458732950396,23073.373568276616
8,1.6241451209341116,23175.399369931063,23175.314101460714
8,1.6262718932443703,23276.896015559774,23276.81065679826
8,1.628398665554629,23377.946041024647,23377.860606300976
8,1.6305254378648875,23478.549666040482,23478.464170586398
8,1.632652210175146,23578.709868628925,23578.624328656944
8,1.6347789824854044,23678.432281716287,23678.34671449649
8,1.636905754795663,23777.725078122698,23777.63950205781
8,1.6390325271059214,23876.598845543787,23876.513280242427
8,1.64115929941618,23975.066453129213,23974.98091947685
8,1.6432860717264388,24073.14291124013,24073.05743146745
8,1.6454128440366973,24170.845225922865,24170.759823671135
8,1.6475396163469558,24268.19224956989,24268.106949952835
8,1.6496663886572143,24365.204529153267,24365.119358814918
8,1.6517931609674728,24461.904153313575,24461.819140481537
8,1.6539199332777315,24558.31459947007,24558.229774003506
8,1.65604670558799,24654.46058198849,24654.37597542006
8,1.6581734778982486,24750.367902305232,24750.28354787621
8,1.6603002502085071,24846.063301761038,24845.979234448576
8,1.6624270225187656,24941.574317749306,24941.4905742849
8,1.664553794829024,25036.929143634447,25036.845762512425
8,1.6666805671392826,25132.156492747832,25132.07351422273
8,1.6688073394495413,25227.28546662585,25227.202932697288
8,1.6709341117597998,25322.3454275185,25322.26338190222
8,1.6730608840700585,25417.36587507092,25417.284363154595
8,1.675187656380317,25512.376326966445,25512.295395748723
8,1.6773144286905755,25607.4062032218,25607.32590123312
8,1.679441201000834,25702.484713743725,25702.405090947464
8,1.6815679733110924,25797.640748696565,25797.56185636912
8,1.6836947456213511,25892.90277119181,25892.82466178026
8,1.6858215179316096,25988.298711798096,25988.22143875445
8,1.6879482902418683,26083.855864383906,26083.77948197497
8,1.6900750625521268,26179.600782847556,26179.525345939866
8,1.6922018348623853,26275.559178360945,26275.484742180637
8,1.6943286071726438,26371.755816855533,26371.682436723364
8,1.6964553794829023,26468.214416609822,26468.1421476522
8,1.698582151793161,26564.957545956837,26564.886442794304
8,1.7007089241034195,26662.006521312876,26661.93663772808
8,1.7028356964136782,26759.381305932617,26759.312694520726
8,1.7049624687239366,26857.100410012463,26857.033121817505
8,1.7070892410341951,26955.180792987045,26955.11487712855
8,1.7092160133444536,27053.637769083172,27053.573272378184
8,1.711342785654712,27152.48491740054,27152.421883986695
8,1.7134695579649708,27251.733997967174,27251.67246893314
8,1.7155963302752293,27351.39487535871,27351.334888388603
8,1.717723102585488,27451.47545156097,27451.417040599736
8,1.7198498748957465,27551.981609786162,27551.92480473273
8,1.721976647206005,27652.917170915465,27652.86199735048
8,1.7241034195162634,27754.283864128538,27754.230343082818
8,1.726230191826522,27856.081313094302,27856.029460863552
8,1.7283569641367806,27958.307038838204,27958.25686684856
8,1.7304837364470391,28060.956480076806,28060.907994804656
8,1.7326105087572978,28164.023031434193,28163.976234382295
8,1.7347372810675563,28267.49809953905,28267.452987269702
8,1.7368640533778148,28371.3711765685,28371.32774079299
8,1.7389908256880733,28475.629930371295,28475.58815809338
8,1.7411175979983318,28580.2603098927,28580.22018360265
8,1.7432443703085905,28685.246664252943,28685.208162167335
8,1.745371142618849,28790.57187351909,28790.534969860626
8,1.7474979149291077,28896.217488968763,28896.18215427964
8,1.7496246872393661,29002.163880482127,29002.13008196394
8,1.7517514595496246,29108.39038862038,29108.35809049327
8,1.7538782318598831,29214.87547895235,29214.844642826232
8,1.7560050041701416,29321.59689627156,29321.56748152237
8,1.7581317764804003,29428.531816495033,29428.503780639498
8,1.7602585487906588,29535.65699423868,29535.63029330166
8,1.7623853211009175,29642.948904312136,29642.923493181337
8,1.764512093411176,29750.383875650045,29750.359708413776
8,1.7666388657214345,29857.938216488354,29857.9152467527
8,1.768765638031693,29965.588329884456,29965.566511067216
8,1.7708924103419514,30073.31081896421,30073.290104563748
8,1.7730191826522101,30181.08258154323,30181.062925381015
8,1.7751459549624686,30288.88089400981,30288.862250446306
8,1.7772727272727273,30396.68348456827,30396.665808692178
8,1.7793994995829858,30504.46859611953,30504.45184391115
8,1.7815262718932443,30612.215039203275,30612.199167672938
8,1.7836530442035028,30719.902235539375,30719.887202842285
8,1.7857798165137613,30827.51025279153,30827.49601832066
8,1.78790658882402,30935.019831232778,30935.006355691476
8,1.7900333611342787,31042.412403025315,31042.399648481485
8,1.7921601334445372,31149.670104839835,31149.658034763495
8,1.7942869057547957,31256.775784533605,31256.764363819693
8,1.7964136780650541,31363.71300258802,31363.7021975662
8,1.7985404503753126,31470.46602897666,31470.45580740981
8,1.8006672226855711,31577.019836096857,31577.010167169865
8,1.8027939949958298,31683.360088354755,31683.350942655088
8,1.8049207673060885,31789.47312894746,31789.46447843886
8,1.807047539616347,31895.345964337743,31895.337782328275
8,1.8091743119266055,32000.966246868553,32000.95850797415
8,1.811301084236864,32106.322255917392,32106.31493602183
8,1.8134278565471225,32211.402877945166,32211.395954157375
8,1.815554628857381,32316.1975857512,32316.191036360666
8,1.8176814011676397,32420.696417205807,32420.690221636698
8,1.8198081734778984,32524.889953694666,32524.884092459306
8,1.8219349457881568,32628.769298475578,32628.763753127663
8,1.8240617180984153,32732.326055117042,32732.320808205073
8,1.8261884904086738,32835.55230616075,32835.547341182006
8,1.8283152627189323,32938.44059212536,32938.43589348061
8,1.830442035029191,33040.98389094701,33040.979443896365
8,1.8325688073394495,33143.17559793327,33143.17138855307
8,1.8346955796497082,33245.00950628975,33245.00552143096
8,1.8368223519599667,33346.479788265045,33346.47601551294
8,1.8389491242702252,33447.58097694626,33447.57740458168
8,1.8410758965804837,33548.30794872749,33548.304565689636
8,1.8432026688907421,33648.65590646388,33648.652702314685
8,1.8453294412010008,33748.62036331687,33748.61732820691
8,1.8474562135112593,33848.19712728936,33848.19425192538
8,1.849582985821518,33947.38228644473,33947.37956205871
8,1.8517097581317765,34046.172194798855,34046.16961311855
8,1.853836530442035,34144.56345887134,34144.561012092374
8,1.8559633027522935,34242.55292487913,34242.55060563848
8,1.858090075062552,34340.13766655361,34340.13546790448
8,1.8602168473728105,34437.31497356084,34437.312888948916
8,1.8623436196830694,34534.0823405033,34534.08036374425
8,1.8644703919933279,34630.437456480984,34630.43558173918
8,1.8665971643035864,34726.378195189034,34726.37641695756
8,1.8687239366138448,34821.902605529176,34821.9009186108
8,1.8708507089241033,34917.00890271195,34917.007302201324
8,1.8729774812343618,35011.6954598274,35011.693941094156
8,1.8751042535446203,35105.96079986197,35105.959358534834
8,1.8772310258548792,35199.80358813984,35199.80222009169
8,1.8793577981651377,35293.22262516771,35293.221326501465
8,1.8814845704753962,35386.21683986271,35386.215606898004
8,1.8836113427856547,35478.785283143225,35478.784112403984
8,1.8857381150959132,35570.92712186443,35570.926010067014
8,1.8878648874061716,35662.64163307935,35662.640577121514
8,1.8899916597164301,35753.928198608846,35753.9271955593
8,1.892118432026689,35844.78629990324,35844.78534699182
8,1.8942452043369475,35935.21551317982,35935.21460778826
8,1.896371976647206,36025.21550482125,36025.214644474494
8,1.8984987489574645,36114.78602702011,36114.78520937812
8,1.900625521267723,36203.926913656105,36203.92613650614
8,1.9027522935779815,36292.63807639275,36292.637337642176
8,1.90487906588824,36380.91950098149,36380.918798650906
8,1.907005838198499,36468.771243761184,36468.770575978066
8,1.9091326105087574,36556.1934283422,36556.1927933348
8,1.9112593828190159,36643.186242464595,36643.1856385563
8,1.9133861551292743,36729.74993502049,36729.74936062444
8,1.9155129274395328,36815.88481323133,36815.884266845416
8,1.9176396997497913,36901.59123997112,36901.590720173226
8,1.9197664720600498,36986.86963122762,36986.86913667115
8,1.9218932443703087,37071.72045369342,37071.7199831031
8,1.9240200166805672,37156.14422247946,37156.14377464739
8,1.9261467889908257,37240.141498944395,37240.1410727263
8,1.9282735613010842,37323.7128886329,37323.712482944626
8,1.9304003336113427,37406.8590393168,37406.858653131014
8,1.9325271059216012,37489.58063913345,37489.5802714765
8,1.9346538782318596,37571.87841481558,37571.87806476457
8,1.9367806505421186,37653.753130007666,37653.75279668765
8,1.938907422852377,37735.20558366375,37735.205266245175
8,1.9410341951626355,37816.236608522595,37816.236306218816
8,1.943160967472894,37896.84706965529,37896.846781720196
8,1.9452877397831525,37977.03786308156,37977.03758880747
8,1.947414512093411,38056.80991445116,38056.80965316668
8,1.9495412844036695,38136.16417778632,38136.163928854454
8,1.9516680567139284,38215.10163428227,38215.10139709853
8,1.9537948290241869,38293.62329116235,38293.62306515305
8,1.9559216013344454,38371.73018058516,38371.729965205726
8,1.9580483736447039,38449.423358600194,38449.423153333715
8,1.9601751459549623,38526.703904150294,38526.703708505935
8,1.9623019182652208,38603.572918117454,38603.572731629174
8,1.9644286905754793,38680.031522410274,38680.031344635485
8,1.9665554628857382,38756.080859090776,38756.080689609094
8,1.9686822351959967,38831.722089538016,38831.72192795012
8,1.9708090075062552,38906.95639364733,38906.95623957387
8,1.9729357798165137,38981.78496906257,38981.78482214309
8,1.9750625521267722,39056.20903044017,39056.20889033216
8,1.9771893244370307,39130.22980874315,39130.22967512106
8,1.9793160967472891,39203.84855056339,39203.84842311786
8,1.981442869057548,39277.066517471176,39277.06639590809
8,1.9835696413678066,39349.884985390054,39349.88486942981
8,1.985696413678065,39422.30524399617,39422.305133372916
8,1.9878231859883235,39494.328596140695,39494.32849060165
8,1.989949958298582,39565.956357294075,39565.95625659884
8,1.9920767306088405,39637.18985501133,39637.18975893125
8,1.9942035029190994,39708.030428416976,39708.03033673456
8,1.996330275229358,39778.479427708924,39778.47934021729
8,1.9984570475396164,39848.53821368044,39848.53813018273
8,2.000583819849875,39918.208157259,39918.20807756793
8,2.0027105921601334,39987.490639061616,39987.49056299895
8,2.004837364470392,40056.38704896552,40056.38697636165
8,2.0069641367806503,40124.8987856938,40124.89871638729
8,2.0090909090909093,40193.02725641506,40193.02719025226
8,2.0112176814011677,40260.773876356594,40260.77381319122
8,2.0133444537114262,40328.14006843036,40328.14000812315
8,2.0154712260216847,40395.127262871305,40395.12720528965
8,2.017597998331943,40461.73689688738,40461.73684190504
8,2.0197247706422017,40527.97041432083,40527.970361817555
8,2.02185154295246,40593.82926532006,40593.829215181344
8,2.023978315262719,40659.31490602205,40659.314858138816
8,2.0261050875729776,40724.42879824424,40724.42875251259
8,2.028231859883236,40789.17240918616,40789.17236550714
8,2.0303586321934946,40853.547211139965,40853.547169419275
8,2.032485404503753,40917.55468120945,40917.55464135726
8,2.0346121768140115,40981.19630103766,40981.19626296836
8,2.03673894912427,41044.47355654232,41044.473520174346
8,2.038865721434529,41107.38793765883,41107.38790291444
8,2.0409924937447874,41169.94093809076,41169.940904895855
8,2.043119266055046,41232.13405506736,41232.134023351326
8,2.0452460383653044,41293.96878910785,41293.968758803356
8,2.047372810675563,41355.44664379221,41355.446614835084
8,2.0494995829858214,41416.569125538364,41416.56909786742
8,2.05162635529608,41477.33774338531,41477.337716942224
8,2.0537531276063388,41537.75400878224,41537.75398351138
8,2.0558798999165973,41597.819435383084,41597.81941123141
8,2.0580066722268557,41657.53553884673,41657.535515763666
8,2.0601334445371142,41716.90383664228,41716.90381457958
8,2.0622602168473727,41775.925847859544,41775.9258267712
8,2.064386989157631,41834.603093024234,41834.60307286636
8,2.0665137614678897,41892.93709391812,41892.93707464886
8,2.0686405337781486,41950.9293734036,41950.92935498302
8,2.070767306088407,42008.58145525265,42008.58143764264
8,2.0728940783986656,42065.89486398029,42065.894847144504
8,2.075020850708924,42122.87112468195,42122.871108585714
8,2.0771476230191825,42179.51176287507,42179.511747485274
8,2.079274395329441,42235.818304344364,42235.818289629446
8,2.0814011676396995,42291.79227499112,42291.792260920934
8,2.0835279399499584,42347.43520068599,42347.43518723177
8,2.085654712260217,42402.74860712536,42402.748594259654
8,2.0877814845704754,42457.73401969133,42457.73400738793
8,2.089908256880734,42512.392963314865,42512.392951548776
8,2.0920350291909924,42566.72696234229,42566.72695108964
8,2.094161801501251,42620.73754040505,42620.73752964302
8,2.0962885738115093,42674.42622029236,42674.426209999205
8,2.0984153461217683,42727.79452382706,42727.79451398201
8,2.1005421184320268,42780.84397174436,42780.84396232756
8,2.1026688907422852,42833.57608357329,42833.57607456581
8,2.1047956630525437,42885.99237752114,42885.99236890491
8,2.106922435362802,42938.094370360486,42938.09436211821
8,2.1090492076730607,42989.88357731887,42989.88356943407
8,2.111175979983319,43041.3615119711,43041.36150442801
8,2.113302752293578,43092.529686134025,43092.529678917606
8,2.1154295246038366,43143.3896097638,43143.389602859665
8,2.117556296914095,43193.94279085547,43193.94278424992
8,2.1196830692243536,43244.190735345095,43244.190729025
8,2.121809841534612,43294.134947013874,43294.13494096672
8,2.1239366138448705,43343.776927394756,43343.77692160856
8,2.126063386155129,43393.1181756811,43393.11817014444
8,2.128190158465388,43442.16018863752,43442.16018333947
8,2.1303169307756464,43490.90446051286,43490.90445544297
8,2.132443703085905,43539.35248295505,43539.35247810336
8,2.1345704753961634,43587.50574492826,43587.50574028524
8,2.136697247706422,43635.36573263172,43635.36572818827
8,2.1388240200166804,43682.93392942061,43682.933925168014
8,2.140950792326939,43730.211815728806,43730.211811658766
8,2.143077564637198,43777.20086899348,43777.20086509805
8,2.1452043369474563,43823.902563581476,43823.90255985305
8,2.1473311092577148,43870.31837071747,43870.318367148786
8,2.1494578815679732,43916.44975841387,43916.449754998
8,2.1515846538782317,43962.29819140243,43962.29818813273
8,2.15371142618849,44007.86513106744,44007.86512793756
8,2.1558381984987487,44053.15203538069,44053.152032384605
8,2.1579649708090076,44098.160358837995,44098.160355969885
8,2.160091743119266,44142.89155239715,44142.891549651475
8,2.1622185154295246,44187.34706341766,44187.347060789136
8,2.164345287739783,44231.528335601826,44231.52833308537
8,2.1664720600500416,44275.43680893736,44275.43680652814
8,2.1685988323603,44319.07391964149,44319.073917334885
8,2.170725604670559,44362.44110010644,44362.44109789803
8,2.1728523769808175,44405.539778846374,44405.5397767319
8,2.174979149291076,44448.371380445635,44448.37137842107
8,2.1771059216013344,44490.93732550854,44490.937323570004
8,2.179232693911593,44533.239030610195,44533.239028754
8,2.1813594662218514,44575.277908248936,44575.27790647153
8,2.18348623853211,44617.05536679984,44617.05536509784
8,2.185613010842369,44658.57281046958,44658.57280883975
8,2.1877397831526273,44699.83163925254,44699.83163769178
8,2.1898665554628858,44740.833248888084,44740.83324739343
8,2.1919933277731443,44781.57903081911,44781.57902938775
8,2.1941201000834027,44822.07037215172,44822.070370780915
8,2.1962468723936612,44862.308655616034,44862.3086543032
8,2.1983736447039197,44902.2952595282,44902.29525827085
8,2.2005004170141786,44942.03155775349,44942.03155654927
8,2.202627189324437,44981.51891967049,44981.51891851711
8,2.2047539616346956,45020.758710136346,45020.758709031645
8,2.206880733944954,45059.75228945318,45059.75228839508
8,2.2090075062552126,45098.501013335415,45098.50101232193
8,2.211134278565471,45137.006232878215,45137.00623190744
8,2.2132610508757296,45175.26929452683,45175.269293596946
8,2.2153878231859885,45213.29154004714,45213.2915391564
8,2.217514595496247,45251.07430649689,45251.07430564364
8,2.2196413678065054,45288.61892619816,45288.618925380804
8,2.221768140116764,45325.92672671059,45325.92672592759
8,2.2238949124270224,45362.99903080554,45362.99903005545
8,2.226021684737281,45399.8371564414,45399.837155722795
8,2.2281484570475394,45436.442416739315,45436.4424160509
8,2.2302752293577983,45472.81611996039,45472.81611930086
8,2.232402001668057,45508.95956948326,45508.95956885138
8,2.2345287739783153,45544.87406378273,45544.87406317734
8,2.2366555462885738,45580.5608964093,45580.560895829265
8,2.2387823185988323,45616.02135596937,45616.02135541365
8,2.2409090909090907,45651.25672610641,45651.256725573956
8,2.2430358632193492,45686.26828548271,45686.26828497254
8,2.245162635529608,45721.05730776212,45721.05730727329
8,2.2472894078398666,45755.625061593484,45755.62506112508
8,2.249416180150125,45789.97281059479,45789.972810145955
8,2.2515429524603836,45824.1018133381,45824.101812908026
8,2.253669724770642,45858.01332333526,45858.013322923136
8,2.2557964970809006,45891.70858902415,45891.70858862924
8,2.257923269391159,45925.18885375589,45925.188853377455
8,2.260050041701418,45958.45535578254,45958.45535541989
8,2.2621768140116765,45991.50932824553,45991.509327897984
8,2.264303586321935,46024.35199916482,46024.351998831764
8,2.2664303586321934,46056.98459142868,46056.984591109496
8,2.268557130942452,46089.40832278411,46089.408322478215
8,2.2706839032527104,46121.62440582784,46121.62440553467
8,2.272810675562969,46153.634047998064,46153.63404771709
8,2.274937447873228,46185.438451566726,46185.43845129744
8,2.2770642201834863,46217.038813632396,46217.0388133743
8,2.279190992493745,46248.43632611379,46248.43632586642
8,2.2813177648040033,46279.63217574376,46279.63217550667
8,2.2834445371142618,46310.62754406407,46310.62754383681
8,2.2855713094245202,46341.4236074204,46341.42360720258
8,2.2876980817347787,46372.02153695828,46372.02153674949
8,2.2898248540450377,46402.422498619264,46402.42249841913
8,2.291951626355296,46432.627653137766,46432.62765294593
8,2.2940783986655546,46462.638156038454,46462.63815585457
8,2.296205170975813,46492.45515763403,46492.45515745775
8,2.2983319432860716,46522.07980302363,46522.079802854656
8,2.30045871559633,46551.51323209165,46551.51323192967
8,2.3025854879065886,46580.75657950707,46580.75657935179
8,2.3047122602168475,46609.81097472329,46609.81097457443
8,2.306839032527106,46638.677541978366,46638.67754183566
8,2.3089658048373645,46667.35740029575,46667.357400158944
8,2.311092577147623,46695.851663485504,46695.85166335435
8,2.3132193494578814,46724.161440145836,46724.1614400201
8,2.31534612176814,46752.28783366524,46752.28783354469
8,2.3174728940783984,46780.23194222491,46780.231942109334
8,2.3195996663886573,46807.99485880166,46807.99485869086
8,2.321726438698916,46835.57767117119,46835.577671064944
8,2.3238532110091743,46862.98146191182,46862.98146180995
8,2.325979983319433,46890.207308408535,46890.20730831088
8,2.3281067556296913,46917.256282857525,46917.256282763876
8,2.3302335279399498,46944.129452270965,46944.12945218117
8,2.3323603002502082,46970.827878482276,46970.82787839619
8,2.334487072560467,46997.35261815167,46997.352618069126
8,2.3366138448707257,47023.70472277214,47023.70472269298
8,2.338740617180984,47049.88523867568,47049.885238599774
8,2.3408673894912426,47075.895207039954,47075.895206967165
8,2.342994161801501,47101.73566389522,47101.735663825435
8,2.3451209341117596,47127.40764013168,47127.40764006476
8,2.3472477064220185,47152.912161506974,47152.9121614428
8,2.349374478732277,47178.250248654185,47178.250248592645
8,2.3515012510425355,47203.422917090036,47203.42291703102
8,2.353628023352794,47228.43117722341,47228.431177166814
8,2.3557547956630525,47253.276034364135,47253.276034309856
8,2.357881567973311,47277.95848873218,47277.95848868013
8,2.3600083402835694,47302.47953546692,47302.479535417
8,2.3621351125938284,47326.84016463687,47326.840164589
8,2.364261884904087,47351.04136124965,47351.04136120374
8,2.3663886572143453,47375.084105262045,47375.08410521801
8,2.368515429524604,47398.9693715906,47398.96937154837
8,2.3706422018348623,47422.69813012224,47422.69813008173
8,2.372768974145121,47446.27134572521,47446.271345686364
8,2.3748957464553793,47469.68997826034,47469.689978223076
8,2.377022518765638,47492.954982592375,47492.95498255663
8,2.3791492910758967,47516.067308601625,47516.06730856735
8,2.381276063386155,47539.02790119599,47539.027901163114
8,2.3834028356964136,47561.83770032283,47561.83770029129
8,2.385529608006672,47584.497640981426,47584.49764095117
8,2.3876563803169306,47607.00865323547,47607.008653206445
8,2.389783152627189,47629.37166222573,47629.3716621979
8,2.391909924937448,47651.58758818302,47651.587588156326
8,2.3940366972477065,47673.657346441265,47673.65734641565
8,2.396163469557965,47695.58184745083,47695.581847426256
8,2.3982902418682235,47717.361996791995,47717.36199676843
8,2.400417014178482,47738.9986951886,47738.998695165996
8,2.4025437864887405,47760.49283852191,47760.49283850022
8,2.404670558798999,47781.84531784455,47781.84531782375
8,2.406797331109258,47803.05701939477,47803.05701937481
8,2.4089241034195163,47824.1288246107,47824.12882459156
8,2.411050875729775,47845.061610144854,47845.06161012648
8,2.4131776480400333,47865.85624787877,47865.85624786115
8,2.415304420350292,47886.513604937834,47886.513604920925
8,2.4174311926605503,47907.03454370612,47907.03454368989
8,2.4195579649708088,47927.419921841516,47927.41992182596
8,2.4216847372810677,47947.67059229102,47947.67059227609
8,2.423811509591326,47967.78740330585,47967.78740329153
8,2.4259382819015847,47987.77119845712,47987.77119844338
8,2.428065054211843,48007.622816651325,48007.62281663813
8,2.4301918265221016,48027.34309214607,48027.34309213341
8,2.43231859883236,48046.93285456588,48046.93285455375
8,2.4344453711426186,48066.392928918205,48066.392928906556
8,2.4365721434528775,48085.72413560936,48085.72413559818
8,2.438698915763136,48104.92729046076,48104.927290450025
8,2.4408256880733945,48124.00320472511,48124.00320471482
8,2.442952460383653,48142.952685102835,48142.95268509296
8,2.4450792326939115,48161.77653375845,48161.77653374898
8,2.44720600500417,48180.47554833719,48180.47554832811
8,2.4493327773144284,48199.05052198151,48199.05052197279
8,2.4514595496246874,48217.50224334793,48217.50224333956
8,2.453586321934946,48235.83149662373,48235.831496615705
8,2.4557130942452043,48254.03906154389,48254.039061536176
8,2.457839866555463,48272.125713408015,48272.125713400615
8,2.4599666388657213,48290.09222309736,48290.09222309026
8,2.46209341117598,48307.939357091935,48307.939357085124
8,2.4642201834862383,48325.66787748766,48325.66787748112
8,2.466346955796497,48343.27854201359,48343.27854200732
8,2.4684737281067557,48360.77210404918,48360.77210404316
8,2.470600500417014,48378.14931264169,48378.14931263591
8,2.4727272727272727,48395.410912523505,48395.41091251796
8,2.474854045037531,48412.5576441297,48412.55764412438
8,2.4769808173477896,48429.590243615414,48429.590243610306
8,2.479107589658048,48446.50944287351,48446.50944286861
8,2.481234361968307,48463.31596955215,48463.315969547446
8,2.4833611342785655,48480.01054707237,48480.01054706785
8,2.485487906588824,48496.59389464587,48496.59389464153
8,2.4876146788990825,48513.066727292644,48513.06672728848
8,2.489741451209341,48529.42975585881,48529.42975585482
8,2.4918682235195995,48545.683687034376,48545.68368703054
8,2.493994995829858,48561.82922337098,48561.829223367306
8,2.496121768140117,48577.86706329991,48577.867063296384
8,2.4982485404503754,48593.79790114981,48593.79790114642
8,2.500375312760634,48609.62242716471,48609.62242716146
8,2.5025020850708923,48625.34132752186,48625.341327518734
8,2.504628857381151,48640.955284349744,48640.955284346746
8,2.5067556296914093,48656.46497574599,48656.46497574312
8,2.508882402001668,48671.871075795374,48671.871075792624
8,2.5110091743119267,48687.174254587844,48687.174254585196
8,2.513135946622185,48702.37517823644,48702.375178233895
8,2.5152627189324437,48717.4745088954,48717.47450889296
8,2.517389491242702,48732.47290477818,48732.47290477583
8,2.5195162635529607,48747.37102017537,48747.37102017312
8,2.521643035863219,48762.1695054729,48762.16950547074
8,2.5237698081734776,48776.86900716997,48776.86900716789
8,2.5258965804837366,48791.470167897096,48791.4701678951
8,2.528023352793995,48805.9736264342,48805.973626432286
8,2.5301501251042535,48820.380017728625,48820.38001772679
8,2.532276897414512,48834.689972913155,48834.68997291139
8,2.5344036697247705,48848.90411932407,48848.90411932238
8,2.536530442035029,48863.02308051915,48863.02308051753
8,2.538657214345288,48877.04747629573,48877.047476294174
8,2.5407839866555464,48890.977922708626,48890.977922707134
8,2.542910758965805,48904.81503208823,48904.815032086786
8,2.5450375312760634,48918.559413058414,48918.55941305703
8,2.547164303586322,48932.21167055453,48932.2116705532
8,2.5492910758965803,48945.772405841366,48945.7724058401
8,2.551417848206839,48959.24221653106,48959.24221652984
8,2.5535446205170977,48972.62169660108,48972.621696599905
8,2.5556713928273562,48985.91143641198,48985.911436410854
8,2.5577981651376147,48999.11202272546,48999.11202272438
8,2.559924937447873,49012.22403872208,49012.22403872104
8,2.5620517097581317,49025.248064019164,49025.24806401817
8,2.56417848206839,49038.18467468856,49038.1846746876
8,2.5663052543786486,49051.03444327445,49051.03444327353
8,2.5684320266889076,49063.79793881115,49063.79793881027
8,2.570558798999166,49076.475726840705,49076.47572683985
8,2.5726855713094245,49089.06836943073,49089.068369429915
8,2.574812343619683,49101.57642519199,49101.576425191204
8,2.5769391159299415,49114.00044929607,49114.000449295316
8,2.5790658882402,49126.34099349295,49126.34099349224
8,2.5811926605504585,49138.59860612864,49138.59860612794
8,2.5833194328607174,49150.7738321626,49150.77383216193
8,2.585446205170976,49162.86721318538,49162.86721318474
8,2.5875729774812344,49174.879287435986,49174.87928743537
8,2.589699749791493,49186.81058981934,49186.81058981875
8,2.5918265221017514,49198.661651923685,49198.661651923125
8,2.59395329441201,49210.433002037906,49210.43300203737
8,2.5960800667222683,49222.12516516885,49222.12516516833
8,2.5982068390325272,49233.73866305864,49233.73866305814
8,2.6003336113427857,49245.27401420182,49245.274014201335
8,2.602460383653044,49256.73173386263,49256.73173386217
8,2.6045871559633027,49268.11233409209,49268.11233409165
8,2.606713928273561,49279.41632374513,49279.4163237447
8,2.6088407005838197,49290.64420849763,49290.64420849722
8,2.610967472894078,49301.79649086345,49301.79649086306
8,2.613094245204337,49312.87367021142,49312.87367021103
8,2.6152210175145956,49323.87624278214,49323.87624278177
8,2.617347789824854,49334.80470170502,49334.80470170467
8,2.6194745621351125,49345.659537014995,49345.65953701466
8,2.621601334445371,49356.44123566932,49356.44123566899
8,2.6237281067556295,49367.15028156432,49367.150281564005
8,2.625854879065888,49377.78715555203,49377.78715555173
8,2.627981651376147,49388.35233545689,49388.3523354566
8,2.6301084236864054,49398.8462960922,49398.84629609192
8,2.632235195996664,49409.26950927681,49409.26950927655
8,2.6343619683069224,49419.62244385146,49419.62244385121
8,2.636488740617181,49429.90556569523,49429.905565695
8,2.6386155129274393,49440.11933774198,49440.11933774174
8,2.640742285237698,49450.26421999651,49450.26421999629
8,2.6428690575479568,49460.340669551035,49460.340669550824
8,2.6449958298582152,49470.34914060117,49470.34914060096
8,2.6471226021684737,49480.29008446228,49480.290084462074
8,2.649249374478732,49490.16394958539,49490.1639495852
8,2.6513761467889907,49499.971181573404,49499.97118157322
8,2.653502919099249,49509.71222319697,49509.71222319679
8,2.6556296914095077,49519.38751441042,49519.38751441025
8,2.6577564637197666,49528.99749236771,49528.99749236755
8,2.659883236030025,49538.54259143815,49538.54259143799
8,2.6620100083402836,49548.02324322223,49548.02324322208
8,2.664136780650542,49557.439876567296,49557.43987656715
8,2.6662635529608005,49566.792917583174,49566.792917583036
8,2.668390325271059,49576.08278965774,49576.08278965761
8,2.6705170975813175,49585.309913472534,49585.3099134724
8,2.6726438698915764,49594.47470701811,49594.47470701798
8,2.674770642201835,49603.57758560951,49603.5775856094
8,2.6768974145120934,49612.61896190162,49612.618961901506
8,2.679024186822352,49621.59924590441,49621.59924590429
8,2.6811509591326104,49630.518844998136,49630.51884499802
8,2.683277731442869,49639.37816394863,49639.378163948524
8,2.6854045037531273,49648.177604922304,49648.1776049222
8,2.6875312760633863,49656.9175675012,49656.917567501114
8,2.6896580483736447,49665.59844869803,49665.59844869794
8,2.6917848206839032,49674.22064297103,49674.22064297093
8,2.6939115929941617,49682.78454223883,49682.784542238755
8,2.69603836530442,49691.29053589538,49691.2905358953
8,2.6981651376146787,49699.73901082449,49699.73901082441
8,2.700291909924937,49708.13035141463,49708.130351414555
8,2.702418682235196,49716.464939573554,49716.46493957348
8,2.7045454545454546,49724.74315474277,49724.743154742704
8,2.706672226855713,49732.96537391213,49732.96537391206
8,2.7087989991659716,49741.13197163416,49741.131971634095
8,2.71092577147623,49749.2433200385,49749.24332003843
8,2.7130525437864885,49757.29978884616,49757.2997888461
8,2.7151793160967475,49765.30174538384,49765.30174538378
8,2.717306088407006,49773.24955459797,49773.24955459792
8,2.7194328607172644,49781.143579068936,49781.143579068885
8,2.721559633027523,49788.98417902513,49788.98417902507
8,2.7236864053377814,49796.771712356865,49796.771712356815
8,2.72581317764804,49804.506534630375,49804.50653463032
8,2.7279399499582984,49812.18899910163,49812.18899910158
8,2.7300667222685573,49819.81945673017,49819.819456730125
8,2.7321934945788158,49827.398256192806,49827.39825619276
8,2.7343202668890743,49834.92574389734,49834.9257438973
8,2.7364470391993327,49842.40226399614,49842.402263996104
8,2.7385738115095912,49849.8281583997,49849.828158399665
8,2.7407005838198497,49857.203766790095,49857.20376679006
8,2.742827356130108,49864.529426634464,49864.529426634435
8,2.744954128440367,49871.80547319833,49871.8054731983
8,2.7470809007506256,49879.03223955885,49879.03223955882
8,2.749207673060884,49886.21005661815,49886.21005661812
8,2.7513344453711426,49893.33925311639,49893.33925311637
8,2.753461217681401,49900.42015564494,49900.42015564492
8,2.7555879899916595,49907.4530886594,49907.45308865938
8,2.757714762301918,49914.43837449255,49914.43837449252
8,2.759841534612177,49921.3763333673,49921.37633336727
8,2.7619683069224354,49928.26728340952,49928.2672834095
8,2.764095079232694,49935.11154066088,49935.11154066086
8,2.7662218515429524,49941.9094190915,49941.90941909148
8,2.768348623853211,49948.66123061266,49948.66123061263
8,2.7704753961634694,49955.3672850894,49955.36728508938
8,2.772602168473728,49962.02789035305,49962.02789035303
8,2.774728940783987,49968.64335221369,49968.643352213665
8,2.7768557130942453,49975.213974472616,49975.2139744726
8,2.7789824854045038,49981.74005893462,49981.74005893461
8,2.7811092577147623,49988.22190542034,49988.221905420316
8,2.7832360300250207,49994.65981177841,49994.65981177839
8,2.785362802335279,50001.05407389776,50001.05407389774
8,2.7874895746455377,50007.40498571953,50007.40498571952
8,2.7896163469557966,50013.712839249296,50013.71283924928
8,2.791743119266055,50019.97792456891,50019.9779245689
8,2.7938698915763136,50026.200529848495,50026.200529848495
8,2.795996663886572,50032.38094135828,50032.380941358264
8,2.7981234361968306,50038.519443480334,50038.51944348033
8,2.800250208507089,50044.61631872044,50044.61631872043
8,2.8023769808173475,50050.6718477196,50050.67184771959
8,2.8045037531276065,50056.68630926575,50056.68630926573
8,2.806630525437865,50062.65998030527,50062.65998030525
8,2.8087572977481234,50068.593135954514,50068.5931359545
8,2.810884070058382,50074.48604951114,50074.48604951113
8,2.8130108423686404,50080.33899246562,50080.3389924656
8,2.815137614678899,50086.15223451239,50086.15223451238
8,2.8172643869891574,50091.92604356123,50091.92604356122
8,2.8193911592994163,50097.66068574836,50097.66068574835
8,2.821517931609675,50103.35642544761,50103.3564254476
8,2.8236447039199333,50109.01352528145,50109.01352528144
8,2.8257714762301918,50114.63224613205,50114.632246132045
8,2.8278982485404502,50120.21284715219,50120.21284715217
8,2.8300250208507087,50125.75558577611,50125.7555857761
8,2.832151793160967,50131.26071773044,50131.26071773043
8,2.834278565471226,50136.728497044896,50136.72849704488
8,2.8364053377814846,50142.15917606297,50142.15917606296
8,2.838532110091743,50147.55300545262,50147.55300545261
8,2.8406588824020016,50152.91023421691,50152.9102342169
8,2.84278565471226,50158.23110970444,50158.23110970444
8,2.8449124270225186,50163.51587761992,50163.51587761991
8,2.847039199332777,50168.7647820345,50168.7647820345
8,2.849165971643036,50173.97806539621,50173.97806539619
8,2.8512927439532945,50179.155968540224,50179.15596854022
8,2.853419516263553,50184.2987306991,50184.29873069909
8,2.8555462885738114,50189.406589513,50189.40658951299
8,2.85767306088407,50194.47978103979,50194.47978103978
8,2.859799833194329,50199.51853976514,50199.51853976513
8,2.8619266055045873,50204.523098612524,50204.52309861252
8,2.864053377814846,50209.493688953204,50209.493688953204
8,2.8661801501251043,50214.43054061611,50214.43054061611
8,2.868306922435363,50219.33388189769,50219.333881897684
8,2.8704336947456213,50224.203939571766,50224.20393957176
8,2.8725604670558798,50229.040938899154,50229.04093889915
8,2.8746872393661387,50233.84510363749,50233.84510363749
8,2.876814011676397,50238.616656050726,50238.61665605073
8,2.8789407839866556,50243.35581691882,50243.35581691882
8,2.881067556296914,50248.06280554714,50248.06280554713
8,2.8831943286071726,50252.73783977601,50252.73783977601
8,2.885321100917431,50257.38113599012,50257.381135990116
8,2.8874478732276896,50261.992909127795,50261.99290912779
8,2.8895746455379485,50266.57337269042,50266.57337269043
8,2.891701417848207,50271.12273875161,50271.122738751605
8,2.8938281901584655,50275.64121796639,50275.64121796639
8,2.895954962468724,50280.129019580374,50280.129019580374
8,2.8980817347789825,50284.58635143888,50284.586351438884
8,2.900208507089241,50289.01341999587,50289.01341999587
8,2.9023352793994994,50293.41043032306,50293.41043032306
8,2.9044620517097584,50297.777586118704,50297.777586118704
8,2.906588824020017,50302.115089716615,50302.115089716615
8,2.9087155963302753,50306.423142094885,50306.42314209488
8,2.910842368640534,50310.701942884705,50310.7019428847
8,2.9129691409507923,50314.95169037907,50314.95169037907
8,2.9150959132610508,50319.17258154149,50319.17258154149
8,2.9172226855713093,50323.36481201455,50323.36481201455
8,2.919349457881568,50327.52857612852,50327.52857612853
8,2.9214762301918267,50331.664066909856,50331.664066909856
8,2.923603002502085,50335.77147608967,50335.77147608967
8,2.9257297748123436,50339.85099411215,50339.85099411215
8,2.927856547122602,50343.90281014293,50343.90281014293
8,2.9299833194328606,50347.9271120774,50347.92711207741
8,2.932110091743119,50351.92408654898,50351.92408654898
8,2.934236864053378,50355.89391893732,50355.89391893733
8,2.9363636363636365,50359.83679337654,50359.83679337653
8,2.938490408673895,50363.75289276322,50363.75289276321
8,2.9406171809841535,50367.64239876459,50367.64239876459
8,2.942743953294412,50371.505491826516,50371.50549182651
8,2.9448707256046704,50375.34235118146,50375.34235118146
8,2.9469974979149294,50379.1531548564,50379.1531548564
8,2.949124270225188,50382.938079680745,50382.938079680745
8,2.9512510425354463,50386.697301294174,50386.69730129417
8,2.953377814845705,50390.430994154325,50390.43099415432
8,2.9555045871559633,50394.13933154466,50394.13933154466
8,2.957631359466222,50397.82248558207,50397.82248558207
8,2.9597581317764803,50401.48062722457,50401.48062722457
8,2.961884904086739,50405.113926278835,50405.11392627883
8,2.9640116763969977,50408.72255140778,50408.72255140778
8,2.966138448707256,50412.30667013816,50412.30667013816
8,2.9682652210175147,50415.86644886781,50415.86644886781
8,2.970391993327773,50419.4020528733,50419.4020528733
8,2.9725187656380316,50422.91364631714,50422.913646317145
8,2.97464553794829,50426.40139225513,50426.401392255124
8,2.976772310258549,50429.86545264373,50429.86545264373
8,2.9788990825688075,50433.30598834719,50433.30598834719
8,2.981025854879066,50436.72315914476,50436.72315914476
8,2.9831526271893245,50440.11712373789,50440.11712373789
8,2.985279399499583,50443.48803975724,50443.48803975724
8,2.9874061718098415,50446.83606376985,50446.83606376985
8,2.9895329441201,50450.16135128605,50450.16135128605
8,2.991659716430359,50453.464056766476,50453.464056766476
8,2.9937864887406174,50456.744333629,50456.744333629
8,2.995913261050876,50460.0023342556,50460.002334255594
8,2.9980400333611343,50463.238209999225,50463.238209999225
8,3.000166805671393,50466.45211119056,50466.452111190556
8,3.0022935779816513,50469.64418714478,50469.64418714478
8,3.00442035029191,50472.814586168344,50472.814586168344
8,3.0065471226021687,50475.96345556557,50475.963455565565
8,3.008673894912427,50479.09094164528,50479.09094164528
8,3.0108006672226857,50482.197189727456,50482.19718972746
8,3.012927439532944,50485.28234414973,50485.28234414973
8,3.0150542118432027,50488.34654827393,50488.34654827392
8,3.017180984153461,50491.38994449247,50491.38994449246
8,3.0193077564637196,50494.41267423488,50494.41267423488
8,3.0214345287739786,50497.41487797414,50497.41487797414
8,3.023561301084237,50500.39669523303,50500.39669523303
8,3.0256880733944955,50503.35826459041,50503.35826459041
8,3.027814845704754,50506.29972368753,50506.29972368753
8,3.0299416180150125,50509.22120923426,50509.22120923427
8,3.032068390325271,50512.122857015245,50512.122857015245
8,3.0341951626355295,50515.00480189605,50515.004801896044
8,3.0363219349457884,50517.86717782931,50517.8671778293
8,3.038448707256047,50520.71011786076,50520.71011786076
8,3.0405754795663054,50523.53375413532,50523.53375413533
8,3.042702251876564,50526.33821790302,50526.33821790302
8,3.0448290241868223,50529.123639525045,50529.12363952505
8,3.046955796497081,50531.89014847953,50531.89014847953
8,3.0490825688073393,50534.63787336759,50534.63787336759
8,3.0512093411175982,50537.366941919034,50537.366941919034
8,3.0533361134278567,50540.07748099827,50540.077480998276
8,3.055462885738115,50542.76961660999,50542.76961661
8,3.0575896580483737,50545.44347390502,50545.44347390503
8,3.059716430358632,50548.09917718587,50548.099177185875
8,3.0618432026688907,50550.7368499125,50550.7368499125
8,3.063969974979149,50553.356614707925,50553.35661470792
8,3.066096747289408,50555.95859336379,50555.95859336379
8,3.0682235195996665,50558.54290684589,50558.54290684588
8,3.070350291909925,50561.10967529977,50561.10967529977
8,3.0724770642201835,50563.659018056154,50563.659018056154
8,3.074603836530442,50566.19105363638,50566.19105363638
8,3.0767306088407005,50568.70589975784,50568.705899757835
8,3.078857381150959,50571.20367333937,50571.20367333936
8,3.080984153461218,50573.68449050653,50573.68449050654
8,3.0831109257714764,50576.14846659702,50576.14846659703
8,3.085237698081735,50578.59571616581,50578.59571616581
8,3.0873644703919934,50581.026352990535,50581.02635299054
8,3.089491242702252,50583.44049007657,50583.44049007657
8,3.0916180150125103,50585.838239662306,50585.838239662306
8,3.093744787322769,50588.21971322423,50588.21971322423
8,3.0958715596330277,50590.585021482024,50590.58502148203
8,3.097998331943286,50592.93427440371,50592.934274403706
8,3.1001251042535447,50595.26758121062,50595.26758121061
8,3.102251876563803,50597.585050382375,50597.58505038238
8,3.1043786488740617,50599.88678966205,50599.88678966205
8,3.10650542118432,50602.17290606084,50602.17290606085
8,3.1086321934945786,50604.44350586321,50604.443505863215
8,3.1107589658048376,50606.69869463165,50606.69869463164
8,3.112885738115096,50608.93857721152,50608.93857721152
8,3.1150125104253545,50611.163257735956,50611.163257735956
8,3.117139282735613,50613.37283963061,50613.3728396306
8,3.1192660550458715,50615.56742561833,50615.56742561833
8,3.12139282735613,50617.747117724,50617.747117724
8,3.123519599666389,50619.91201727919,50619.912017279195
8,3.1256463719766474,50622.06222492678,50622.06222492678
8,3.127773144286906,50624.19784062566,50624.19784062566
8,3.1298999165971644,50626.31896365527,50626.31896365527
8,3.132026688907423,50628.42569262024,50628.42569262024
8,3.1341534612176813,50630.51812545483,50630.51812545482
8,3.13628023352794,50632.59635942756,50632.59635942756
8,3.1384070058381988,50634.66049114563,50634.66049114563
8,3.1405337781484572,50636.71061655934,50636.710616559336
8,3.1426605504587157,50638.74683096662,50638.74683096662
8,3.144787322768974,50640.769229017336,50640.769229017336
8,3.1469140950792327,50642.77790471768,50642.77790471768
8,3.149040867389491,50644.772951434534,50644.77295143453
8,3.1511676396997497,50646.75446189971,50646.75446189972
8,3.1532944120100086,50648.72252821436,50648.72252821437
8,3.155421184320267,50650.67724185312,50650.67724185312
8,3.1575479566305256,50652.61869366832,50652.61869366832
8,3.159674728940784,50654.546973894314,50654.546973894314
8,3.1618015012510425,50656.46217215152,50656.46217215152
8,3.163928273561301,50658.364377450605,50658.364377450605
8,3.1660550458715595,50660.253678196656,50660.253678196656
8,3.1681818181818184,50662.13016219315,50662.13016219314
8,3.170308590492077,50663.993916646155,50663.993916646155
8,3.1724353628023354,50665.84502816827,50665.84502816826
8,3.174562135112594,50667.68358278266,50667.68358278265
8,3.1766889074228524,50669.50966592704,50669.50966592704
8,3.178815679733111,50671.32336245764,50671.32336245764
8,3.1809424520433693,50673.12475665312,50673.124756653124
8,3.1830692243536283,50674.9139322185,50674.9139322185
8,3.1851959966638868,50676.690972289,50676.690972289
8,3.1873227689741452,50678.45595943389,50678.45595943389
8,3.1894495412844037,50680.20897566042,50680.20897566042
8,3.191576313594662,50681.95010241747,50681.95010241747
8,3.1937030859049207,50683.67942059942,50683.67942059942
8,3.195829858215179,50685.397010549896,50685.397010549896
8,3.197956630525438,50687.10295206548,50687.10295206548
8,3.2000834028356966,50688.79732439939,50688.79732439939
8,3.202210175145955,50690.480206265216,50690.480206265216
8,3.2043369474562136,50692.15167584055,50692.15167584054
8,3.206463719766472,50693.81181077055,50693.81181077055
8,3.2085904920767305,50695.460688171675,50695.46068817168
8,3.210717264386989,50697.09838463518,50697.09838463518
8,3.212844036697248,50698.724976230624,50698.724976230624
8,3.2149708090075064,50700.340538509554,50700.340538509554
8,3.217097581317765,50701.945146508886,50701.945146508886
8,3.2192243536280234,50703.53887475445,50703.53887475445
8,3.221351125938282,50705.121797264415,50705.12179726442
8,3.2234778982485404,50706.69398755282,50706.69398755282
8,3.225604670558799,50708.255518632846,50708.25551863285
8,3.2277314428690578,50709.80646302038,50709.80646302038
8,3.2298582151793163,50711.346892737245,50711.346892737245
8,3.2319849874895747,50712.87687931461,50712.87687931461
8,3.2341117597998332,50714.39649379635,50714.396493796354
8,3.2362385321100917,50715.905806742296,50715.905806742296
8,3.23836530442035,50717.404888231555,50717.404888231555
8,3.2404920767306087,50718.893807865745,50718.893807865745
8,3.2426188490408676,50720.372634772255,50720.37263477225
8,3.244745621351126,50721.841437607465,50721.841437607465
8,3.2468723936613846,50723.30028455993,50723.30028455993
8,3.248999165971643,50724.749243353566,50724.749243353566
8,3.2511259382819016,50726.18838125082,50726.18838125082
8,3.25325271059216,50727.61776505576,50727.61776505575
8,3.2553794829024185,50729.03746111718,50729.03746111718
8,3.2575062552126774,50730.44753533185,50730.44753533184
8,3.259633027522936,50731.848053147296,50731.848053147296
8,3.2617597998331944,50733.239079565144,50733.23907956515
8,3.263886572143453,50734.62067914398,50734.62067914398
8,3.2660133444537114,50735.99291600241,50735.99291600241
8,3.26814011676397,50737.355853822046,50737.35585382204
8,3.2702668890742284,50738.709555850444,50738.709555850444
8,3.2723936613844873,50740.05408490413,50740.05408490412
8,3.2745204336947458,50741.38950337146,50741.38950337146
8,3.2766472060050043,50742.715873215544,50742.71587321555
8,3.2787739783152627,50744.03325597719,50744.033255977185
8,3.2809007506255212,50745.3417127777,50745.3417127777
8,3.2830275229357797,50746.64130432177,50746.64130432177
8,3.285154295246038,50747.93209090029,50747.93209090029
8,3.287281067556297,50749.214132393216,50749.214132393216
8,3.2894078398665556,50750.487488272294,50750.487488272294
8,3.291534612176814,50751.75221760389,50751.75221760389
8,3.2936613844870726,50753.00837905172,50753.00837905172
8,3.295788156797331,50754.2560308796,50754.2560308796
8,3.2979149291075895,50755.49523095416,50755.49523095417
8,3.300041701417848,50756.72603674758,50756.72603674759
8,3.302168473728107,50757.948505340224,50757.948505340224
8,3.3042952460383654,50759.162693423306,50759.162693423306
8,3.306422018348624,50760.36865730163,50760.36865730163
8,3.3085487906588824,50761.56645289609,50761.56645289609
8,3.310675562969141,50762.75613574637,50762.75613574637
8,3.3128023352793994,50763.93776101351,50763.93776101352
8,3.3149291075896583,50765.11138348253,50765.11138348253
8,3.317055879899917,50766.27705756489,50766.27705756489
8,3.3191826522101753,50767.43483730114,50767.43483730114
8,3.3213094245204338,50768.584776363365,50768.584776363365
8,3.3234361968306922,50769.72692805775,50769.72692805775
8,3.3255629691409507,50770.86134532707,50770.86134532707
8,3.327689741451209,50771.988080753115,50771.988080753115
8,3.329816513761468,50773.10718655921,50773.10718655922
8,3.3319432860717266,50774.21871461263,50774.21871461263
8,3.334070058381985,50775.322716426985,50775.322716426985
8,3.3361968306922436,50776.41924316471,50776.41924316472
8,3.338323603002502,50777.508345639435,50777.508345639435
8,3.3404503753127606,50778.59007431827,50778.59007431827
8,3.342577147623019,50779.664479324325,50779.66447932433
8,3.344703919933278,50780.73161043895,50780.73161043895
8,3.3468306922435365,50781.79151710402,50781.79151710402
8,3.348957464553795,50782.84424842443,50782.84424842442
8,3.3510842368640534,50783.889853170156,50783.88985317016
8,3.353211009174312,50784.928379778765,50784.928379778765
8,3.3553377814845704,50785.959876357505,50785.95987635751
8,3.357464553794829,50786.98439068567,50786.98439068568
8,3.359591326105088,50788.00197021676,50788.00197021676
8,3.3617180984153463,50789.01266208075,50789.01266208075
8,3.363844870725605,50790.016513086295,50790.016513086295
8,3.3659716430358633,50791.01356972289,50791.0135697229
8,3.3680984153461218,50792.00387816308,50792.00387816308
8,3.3702251876563802,50792.98748426458,50792.98748426458
8,3.3723519599666387,50793.964433572495,50793.964433572495
8,3.3744787322768977,50794.934771321365,50794.934771321365
8,3.376605504587156,50795.898542437346,50795.89854243734
8,3.3787322768974146,50796.85579154027,50796.85579154027
8,3.380859049207673,50797.8065629458,50797.8065629458
8,3.3829858215179316,50798.75090066741,50798.75090066741
8,3.38511259382819,50799.688848418526,50799.688848418526
8,3.3872393661384486,50800.620449614566,50800.62044961456
8,3.3893661384487075,50801.54574737491,50801.54574737491
8,3.391492910758966,50802.464784524986,50802.46478452499
8,3.3936196830692245,50803.37760359828,50803.37760359829
8,3.395746455379483,50804.28424683825,50804.284246838244
8,3.3978732276897414,50805.18475620036,50805.18475620036
8,3.4,50806.0791733541,50806.07917335409
