J,parity,original_rank,observed_cm,state,v,Lambda,Sigma,Omega,input_weight,calculated_cm,residual_cm,matched_rank,calculated_state,calculated_v,calculated_Lambda,calculated_Sigma,calculated_Omega,assignment_matches,mark,duo_weight
0.0,+,1,0.0,1,0,0.0,0.0,0.0,13924.0,0.0,0.0,1,1,0,0.0,0.0,0.0,True,,0.075
0.0,+,3,1827.48618,1,1,0.0,0.0,0.0,0.64,1827.481219387662,0.004960612338209103,3,1,1,0.0,0.0,0.0,True,,3.4e-06
0.0,+,5,3626.68149,1,2,0.0,0.0,0.0,0.81,3626.661887500694,0.019602499306074606,5,1,2,0.0,0.0,0.0,True,,4.4e-06
0.0,+,7,5396.68647,1,3,0.0,0.0,0.0,0.36,5396.606946946463,0.07952305353683187,7,1,3,0.0,0.0,0.0,True,,1.9e-06
0.0,+,9,6250.14953,4,0,0.0,0.0,0.0,25.0,6250.345481455628,-0.1959514556283466,9,4,0,0.0,0.0,0.0,True,,0.00013
0.0,+,11,7136.34991,1,4,0.0,0.0,0.0,0.16,7136.19974871064,0.15016128935985762,11,1,4,0.0,0.0,0.0,True,,8.6e-07
0.0,+,12,7698.25288,4,1,0.0,0.0,0.0,0.16,7698.439930408907,-0.18705040890654345,12,4,1,0.0,0.0,0.0,True,,8.6e-07
0.0,+,14,8844.12432,1,5,0.0,0.0,0.0,0.49,8843.945064727453,0.17925527254737972,14,1,5,0.0,0.0,0.0,True,,2.6e-06
0.0,+,15,9124.17747,4,2,0.0,0.0,0.0,0.09,9124.411982329151,-0.23451232915067521,15,4,2,0.0,0.0,0.0,True,,4.8e-07
0.0,+,17,10517.95,1,6,0.0,0.0,0.0,0.04,10517.77056839551,0.17943160449067364,17,1,6,0.0,0.0,0.0,True,,2.2e-07
0.0,+,18,10528.07629,4,3,0.0,0.0,0.0,0.09,10528.302302488903,-0.2260124889016879,18,4,3,0.0,0.0,0.0,True,,4.8e-07
0.0,+,21,12154.96104,1,7,0.0,0.0,0.0,0.09,12155.026059735226,-0.0650197352260875,21,1,7,0.0,0.0,0.0,True,,4.8e-07
0.0,+,24,13751.39251,1,8,0.0,0.0,0.0,0.04,13751.421289207443,-0.02877920744322182,24,1,8,0.0,0.0,0.0,True,,2.2e-07
0.0,+,27,15196.50888,8,0,0.0,0.0,0.0,4.0,15196.528366282277,-0.019486282277284772,27,8,0,0.0,0.0,0.0,True,,2.2e-05
0.0,+,28,15302.89279,1,9,0.0,0.0,0.0,0.0015,15301.160507161618,1.7322828383821616,28,1,9,0.0,0.0,0.0,True,,8.1e-09
0.0,+,31,16616.99662,8,1,0.0,0.0,0.0,0.04,16616.991641709472,0.004978290529834339,31,8,1,0.0,0.0,0.0,True,,2.2e-07
0.0,+,39,19457.58008,8,3,0.0,0.0,0.0,0.01,19457.504998206816,0.07508179318392649,39,8,3,0.0,0.0,0.0,True,,5.4e-08
0.0,+,43,20009.01051,6,0,1.0,-1.0,0.0,9.0,20008.97931708111,0.031192918890155852,43,6,0,1.0,-1.0,0.0,True,,4.8e-05
0.0,+,48,21762.51003,6,1,1.0,-1.0,0.0,0.25,21762.511771120215,-0.0017411202134098858,48,6,1,1.0,-1.0,0.0,True,,1.3e-06
0.0,+,55,23478.64612,6,2,1.0,-1.0,0.0,0.09,23478.610266195534,0.03585380446747877,55,6,2,1.0,-1.0,0.0,True,,4.8e-07
0.0,+,62,25154.25703,6,3,1.0,-1.0,0.0,0.49,25154.172977412236,0.08405258776474511,62,6,3,1.0,-1.0,0.0,True,,2.6e-06
0.0,+,68,26785.16292,6,4,1.0,-1.0,0.0,0.01,26784.71088448328,0.45203551671875175,68,6,4,1.0,-1.0,0.0,True,,5.4e-08
0.0,+,74,28365.14897,6,5,1.0,-1.0,0.0,0.36,28365.117956840328,0.031013159670692403,74,6,5,1.0,-1.0,0.0,True,,1.9e-06
0.0,+,81,29889.37192,6,6,1.0,-1.0,0.0,0.09,29888.378710435354,0.993209564647259,81,6,6,1.0,-1.0,0.0,True,,4.8e-07
0.0,+,88,31346.66832,6,7,1.0,-1.0,0.0,0.16,31346.592637305173,0.07568269482726464,88,6,7,1.0,-1.0,0.0,True,,8.6e-07
0.0,+,94,32731.03437,6,8,1.0,-1.0,0.0,0.01,32730.827707793713,0.20666220628845622,94,6,8,1.0,-1.0,0.0,True,,5.4e-08
0.0,+,99,34034.57692,6,9,1.0,-1.0,0.0,0.0004,34033.70357797306,0.8733420269418275,99,6,9,1.0,-1.0,0.0,True,,2.2e-09
0.0,+,107,35254.39831,6,10,1.0,-1.0,0.0,0.0028,35253.84220098059,0.5561090194096323,106,6,10,1.0,-1.0,0.0,True,,1.5e-08
0.0,+,118,37472.23572,6,12,1.0,-1.0,0.0,0.0002,37471.42440917018,0.811310829820286,117,6,12,1.0,-1.0,0.0,True,,1.1e-09
0.0,-,1,632.72979,2,0,-1.0,1.0,0.0,25.0,632.726215003201,0.00357499679898865,1,2,0,-1.0,1.0,0.0,True,,0.00013
0.0,-,2,2250.7145,2,1,-1.0,1.0,0.0,1.0,2250.679636993282,0.03486300671784193,2,2,1,-1.0,1.0,0.0,True,,5.4e-06
0.0,-,3,3845.34962,2,2,-1.0,1.0,0.0,0.25,3845.380043537815,-0.03042353781484053,3,2,2,-1.0,1.0,0.0,True,,1.3e-06
0.0,-,4,5416.66979,2,3,-1.0,1.0,0.0,0.01,5416.653667874259,0.01612212574127625,4,2,3,-1.0,1.0,0.0,True,,5.4e-08
0.0,-,5,6964.70287,2,4,-1.0,1.0,0.0,0.01,6964.605365007343,0.09750499265737744,5,2,4,-1.0,1.0,0.0,True,,5.4e-08
0.0,-,6,8488.62283,2,5,-1.0,1.0,0.0,0.01,8489.256791332262,-0.633961332261606,6,2,5,-1.0,1.0,0.0,True,,5.4e-08
0.0,-,7,9280.83461,5,0,0.0,0.0,0.0,36.0,9280.844708230154,-0.010098230153744225,7,5,0,0.0,0.0,0.0,True,,0.00019
0.0,-,9,11312.66782,5,1,0.0,0.0,0.0,0.64,11312.591577341358,0.07624265864251356,9,5,1,0.0,0.0,0.0,True,,3.4e-06
0.0,-,10,11468.54981,2,7,-1.0,1.0,0.0,0.04,11468.671442116025,-0.12163211602455704,10,2,7,-1.0,1.0,0.0,True,,2.2e-07
0.0,-,11,12923.12313,2,8,-1.0,1.0,0.0,0.01,12923.091749284462,0.031380715538034565,11,2,8,-1.0,1.0,0.0,True,,5.4e-08
0.0,-,12,13315.61059,5,2,0.0,0.0,0.0,0.09,13315.850564867926,-0.23997486792541167,12,5,2,0.0,0.0,0.0,True,,4.8e-07
0.0,-,13,14354.35296,2,9,-1.0,1.0,0.0,0.0004,14354.355761086745,-0.0028010867445118492,13,2,9,-1.0,1.0,0.0,True,,2.2e-09
0.0,-,14,15288.57986,5,3,0.0,0.0,0.0,0.36,15288.534044088088,0.0458159119116317,14,5,3,0.0,0.0,0.0,True,,1.9e-06
0.0,-,15,15762.29387,2,10,-1.0,1.0,0.0,0.0003,15762.359766686952,-0.06589668695232831,15,2,10,-1.0,1.0,0.0,True,,1.6e-09
0.0,-,16,17147.09864,2,11,-1.0,1.0,0.0,0.0011,17146.86354989109,0.23509010890848003,16,2,11,-1.0,1.0,0.0,True,,5.9e-09
0.0,-,19,19139.89474,5,5,0.0,0.0,0.0,0.09,19139.847023280247,0.047716719753225334,19,5,5,0.0,0.0,0.0,True,,4.8e-07
0.0,-,22,21015.17311,5,6,0.0,0.0,0.0,0.01,21015.06454158484,0.10856841515851556,22,5,6,0.0,0.0,0.0,True,,5.4e-08
0.0,-,26,22854.43567,5,7,0.0,0.0,0.0,0.04,22854.35467340143,0.08099659856816288,26,5,7,0.0,0.0,0.0,True,,2.2e-07
1.0,+,9,6250.45902,4,0,0.0,1.0,1.0,196.0,6250.348026811945,0.11099318805554503,9,4,0,0.0,1.0,1.0,True,,0.0011
1.0,+,12,7698.5526,4,1,0.0,1.0,1.0,2.25,7698.443242052295,0.109357947704666,12,4,1,0.0,1.0,1.0,True,,1.2e-05
1.0,+,16,9124.48029,4,2,0.0,1.0,1.0,1.69,9124.416332026012,0.06395797398727154,16,4,2,0.0,1.0,1.0,True,,9.1e-06
1.0,+,22,10528.32009,4,3,0.0,1.0,1.0,0.25,10528.248776663539,0.07131333646066196,22,4,3,0.0,1.0,1.0,True,,1.3e-06
1.0,+,32,13270.0052,4,5,0.0,1.0,1.0,0.01,13269.867207708825,0.13799229117466894,32,4,5,0.0,1.0,1.0,True,,5.4e-08
1.0,+,38,14608.14077,4,6,0.0,1.0,1.0,0.01,14607.871145086705,0.269624913295047,38,4,6,0.0,1.0,1.0,True,,5.4e-08
1.0,+,60,19998.25343,6,0,1.0,0.0,1.0,81.0,19998.261439038408,-0.008009038407180924,60,6,0,1.0,0.0,1.0,True,,0.00044
1.0,+,61,20014.51376,6,0,1.0,-1.0,0.0,100.0,20014.486421342663,0.027338657338987105,61,6,0,1.0,-1.0,0.0,True,,0.00054
1.0,+,69,21751.86956,6,1,1.0,0.0,1.0,1.21,21751.9083079827,-0.03874798270044266,69,6,1,1.0,0.0,1.0,True,,6.5e-06
1.0,+,70,21767.9799,6,1,1.0,-1.0,0.0,1.0,21767.992735469044,-0.01283546904596733,70,6,1,1.0,-1.0,0.0,True,,5.4e-06
1.0,+,78,23468.13674,6,2,1.0,0.0,1.0,0.64,23468.15528049971,-0.018540499710070435,78,6,2,1.0,0.0,1.0,True,,3.4e-06
1.0,+,79,23484.07313,6,2,1.0,-1.0,0.0,0.64,23484.073028420473,0.00010157952783629298,79,6,2,1.0,-1.0,0.0,True,,3.4e-06
1.0,+,88,25143.74997,6,3,1.0,0.0,1.0,4.41,25143.781939314063,-0.031969314062735066,88,6,3,1.0,0.0,1.0,True,,2.4e-05
1.0,+,89,25159.49283,6,3,1.0,-1.0,0.0,5.76,25159.51410498872,-0.021274988721415866,89,6,3,1.0,-1.0,0.0,True,,3.1e-05
1.0,+,96,26774.53013,6,4,1.0,0.0,1.0,0.49,26774.5355451099,-0.005415109899331583,96,6,4,1.0,0.0,1.0,True,,2.6e-06
1.0,+,97,26790.04113,6,4,1.0,-1.0,0.0,0.25,26790.078321392866,-0.03719139286477002,97,6,4,1.0,-1.0,0.0,True,,1.3e-06
1.0,+,106,28355.03644,6,5,1.0,0.0,1.0,5.76,28355.082755476913,-0.04631547691315063,106,6,5,1.0,0.0,1.0,True,,3.1e-05
1.0,+,107,28370.28187,6,5,1.0,-1.0,0.0,3.24,28370.334988491406,-0.05311849140707636,107,6,5,1.0,-1.0,0.0,True,,1.7e-05
1.0,+,116,29876.88517,6,6,1.0,0.0,1.0,0.09,29878.58011581009,-1.6949458100898482,116,6,6,1.0,0.0,1.0,True,,4.8e-07
1.0,+,117,29894.52877,6,6,1.0,-1.0,0.0,0.04,29893.535529197514,0.9932408024869801,117,6,6,1.0,-1.0,0.0,True,,2.2e-07
1.0,+,123,31336.9736,6,7,1.0,0.0,1.0,1.44,31337.049737956102,-0.07613795610086527,123,6,7,1.0,0.0,1.0,True,,7.7e-06
1.0,+,124,31351.53096,6,7,1.0,-1.0,0.0,1.21,31351.627872944002,-0.09691294400181505,124,6,7,1.0,-1.0,0.0,True,,6.5e-06
1.0,+,131,32721.42173,6,8,1.0,0.0,1.0,0.36,32721.607365082837,-0.18563508283841657,131,6,8,1.0,0.0,1.0,True,,1.9e-06
1.0,+,132,32735.89864,6,8,1.0,-1.0,0.0,0.16,32735.778417693164,0.12022230683578528,132,6,8,1.0,-1.0,0.0,True,,8.6e-07
1.0,+,139,34024.92913,6,9,1.0,0.0,1.0,0.0004,34024.88502169083,0.04410830916458508,139,6,9,1.0,0.0,1.0,True,,2.2e-09
1.0,+,140,34038.7831,6,9,1.0,-1.0,0.0,0.0004,34038.6294761475,0.15362385250045918,140,6,9,1.0,-1.0,0.0,True,,2.2e-09
1.0,+,151,35245.42111,6,10,1.0,0.0,1.0,0.0256,35245.34526134708,0.07584865292301401,149,6,10,1.0,0.0,1.0,True,,1.4e-07
1.0,+,152,35258.65767,6,10,1.0,-1.0,0.0,0.0202,35258.54619624645,0.11147375355358236,150,6,10,1.0,-1.0,0.0,True,,1.1e-07
1.0,+,159,36388.0853,6,11,1.0,0.0,1.0,0.0011,36388.61367756099,-0.5283775609932491,157,6,11,1.0,0.0,1.0,True,,5.9e-09
1.0,+,167,37463.72651,6,12,1.0,0.0,1.0,0.006,37463.693263509274,0.0332464907260146,165,6,12,1.0,0.0,1.0,True,,3.2e-08
1.0,+,168,37476.11283,6,12,1.0,-1.0,0.0,0.0022,37475.92174568433,0.19108431566564832,166,6,12,1.0,-1.0,0.0,True,,1.2e-08
1.0,-,2,619.64211,2,0,-1.0,0.0,-1.0,225.0,619.649977918446,-0.007867918445981559,2,2,0,-1.0,0.0,-1.0,True,,0.0012
1.0,-,3,635.32745,2,0,-1.0,1.0,0.0,289.0,635.324339297925,0.0031107020749914227,3,2,0,-1.0,1.0,0.0,True,,0.0016
1.0,-,5,2237.60649,2,1,-1.0,0.0,-1.0,2.89,2237.604843375112,0.0016466248880533385,5,2,1,-1.0,0.0,-1.0,True,,1.6e-05
1.0,-,6,2253.25934,2,1,-1.0,1.0,0.0,5.29,2253.247433990718,0.011906009282029117,6,2,1,-1.0,1.0,0.0,True,,2.8e-05
1.0,-,8,3832.26124,2,2,-1.0,0.0,-1.0,2.25,3832.302967111063,-0.04172711106321003,8,2,2,-1.0,0.0,-1.0,True,,1.2e-05
1.0,-,9,3847.87568,2,2,-1.0,1.0,0.0,2.25,3847.917941144283,-0.04226114428274741,9,2,2,-1.0,1.0,0.0,True,,1.2e-05
1.0,-,11,5403.59787,2,3,-1.0,0.0,-1.0,1.0,5403.570755217221,0.027114782778880908,11,2,3,-1.0,0.0,-1.0,True,,5.4e-06
1.0,-,12,5419.15671,2,3,-1.0,1.0,0.0,0.81,5419.16263469301,-0.0059246930095469,12,2,3,-1.0,1.0,0.0,True,,4.4e-06
1.0,-,15,6951.56999,2,4,-1.0,0.0,-1.0,0.09,6951.513894532105,0.05609546789492015,15,2,4,-1.0,0.0,-1.0,True,,4.8e-07
1.0,-,16,6967.10868,2,4,-1.0,1.0,0.0,0.25,6967.087210816877,0.021469183123372204,16,2,4,-1.0,1.0,0.0,True,,1.3e-06
1.0,-,20,8271.60685,3,0,-1.0,0.0,-1.0,196.0,8271.594201055443,0.0126489445574407,20,3,0,-1.0,0.0,-1.0,True,,0.0011
1.0,-,21,8476.1853,2,5,-1.0,0.0,-1.0,0.49,8476.156897998686,0.0284020013132249,21,2,5,-1.0,0.0,-1.0,True,,2.6e-06
1.0,-,22,8491.76192,2,5,-1.0,1.0,0.0,1.21,8491.718567802189,0.04335219781205524,22,2,5,-1.0,1.0,0.0,True,,6.5e-06
1.0,-,26,9280.21579,5,0,0.0,-1.0,-1.0,400.0,9280.215100531024,0.0006894689759064931,26,5,0,0.0,-1.0,-1.0,True,,0.0022
1.0,-,27,9855.61511,3,1,-1.0,0.0,-1.0,1.96,9855.609506557295,0.005603442705250927,27,3,1,-1.0,0.0,-1.0,True,,1.1e-05
1.0,-,28,9977.59117,2,6,-1.0,0.0,-1.0,0.04,9977.478615124666,0.11255487533344422,28,2,6,-1.0,0.0,-1.0,True,,2.2e-07
1.0,-,29,9992.94943,2,6,-1.0,1.0,0.0,0.09,9993.021044178438,-0.07161417843781237,29,2,6,-1.0,1.0,0.0,True,,4.8e-07
1.0,-,33,11312.05232,5,1,0.0,-1.0,-1.0,5.29,11312.027031537962,0.025288462038588477,33,5,1,0.0,-1.0,-1.0,True,,2.8e-05
1.0,-,34,11415.41218,3,2,-1.0,0.0,-1.0,2.25,11415.440492186295,-0.028312186295806896,34,3,2,-1.0,0.0,-1.0,True,,1.2e-05
1.0,-,35,11455.03176,2,7,-1.0,0.0,-1.0,0.25,11455.487349944995,-0.45558994499515393,35,2,7,-1.0,0.0,-1.0,True,,1.3e-06
1.0,-,36,11470.86937,2,7,-1.0,1.0,0.0,0.25,11470.957661283435,-0.0882912834349554,36,2,7,-1.0,1.0,0.0,True,,1.3e-06
1.0,-,40,12910.03547,2,8,-1.0,0.0,-1.0,0.25,12909.95511917008,0.08035082992137177,40,2,8,-1.0,0.0,-1.0,True,,1.3e-06
1.0,-,41,12925.80892,2,8,-1.0,1.0,0.0,0.09,12925.501460430822,0.3074595691778086,41,2,8,-1.0,1.0,0.0,True,,4.8e-07
1.0,-,42,12950.93001,3,3,-1.0,0.0,-1.0,1.96,12950.923487071665,0.006522928335471079,42,3,3,-1.0,0.0,-1.0,True,,1.1e-05
1.0,-,45,13314.97748,5,2,0.0,-1.0,-1.0,1.21,13315.240840768929,-0.2633607689294877,45,5,2,0.0,-1.0,-1.0,True,,6.5e-06
1.0,-,47,14341.26586,2,9,-1.0,0.0,-1.0,0.03,14341.169227638344,0.09663236165579292,47,2,9,-1.0,0.0,-1.0,True,,1.6e-07
1.0,-,48,14356.50888,2,9,-1.0,1.0,0.0,0.0059,14356.679235210479,-0.17035521047910152,48,2,9,-1.0,1.0,0.0,True,,3.2e-08
1.0,-,49,14462.10991,3,4,-1.0,0.0,-1.0,0.81,14462.067301165147,0.042608834852217115,49,3,4,-1.0,0.0,-1.0,True,,4.4e-06
1.0,-,53,15287.93752,5,3,0.0,-1.0,-1.0,2.56,15287.969208975368,-0.03168897536852455,53,5,3,0.0,-1.0,-1.0,True,,1.4e-05
1.0,-,55,15749.18827,2,10,-1.0,0.0,-1.0,0.0013,15749.12164830882,0.06662169118135353,55,2,10,-1.0,0.0,-1.0,True,,7e-09
1.0,-,56,15764.5021,2,10,-1.0,1.0,0.0,0.0013,15764.593840123891,-0.09174012389121344,56,2,10,-1.0,1.0,0.0,True,,7e-09
1.0,-,59,15948.88012,3,5,-1.0,0.0,-1.0,0.16,15948.813716449726,0.06640355027411715,59,3,5,-1.0,0.0,-1.0,True,,8.6e-07
1.0,-,62,17133.74118,2,11,-1.0,0.0,-1.0,0.0044,17133.793533143522,-0.0523531435210316,62,2,11,-1.0,0.0,-1.0,True,,2.4e-08
1.0,-,63,17149.03905,2,11,-1.0,1.0,0.0,0.0011,17149.432252136237,-0.3932021362379601,63,2,11,-1.0,1.0,0.0,True,,5.9e-09
1.0,-,67,17411.1295,3,6,-1.0,0.0,-1.0,0.04,17411.05791703458,0.07158296541820164,67,3,6,-1.0,0.0,-1.0,True,,2.2e-07
1.0,-,74,18848.79097,3,7,-1.0,0.0,-1.0,0.01,18848.685675363733,0.105294636265171,74,3,7,-1.0,0.0,-1.0,True,,5.4e-08
1.0,-,75,19139.23084,5,5,0.0,-1.0,-1.0,1.0,19139.295829850926,-0.06498985092548537,75,5,5,0.0,-1.0,-1.0,True,,5.4e-06
1.0,-,80,19832.98979,2,13,-1.0,0.0,-1.0,0.0009,19835.630106305212,-2.640316305212764,80,2,13,-1.0,0.0,-1.0,True,,4.8e-09
1.0,-,89,21014.50778,5,6,0.0,-1.0,-1.0,0.36,21014.584879733662,-0.07709973366218037,89,5,6,0.0,-1.0,-1.0,True,,1.9e-06
1.0,-,92,21649.98402,3,9,-1.0,0.0,-1.0,0.0015,21649.783994362122,0.2000256378778431,92,3,9,-1.0,0.0,-1.0,True,,8.1e-09
1.0,-,101,22853.73672,5,7,0.0,-1.0,-1.0,0.36,22853.813231549684,-0.07651154968334595,101,5,7,0.0,-1.0,-1.0,True,,1.9e-06
1.0,-,102,23013.2947,3,10,-1.0,0.0,-1.0,0.0013,23013.04215866752,0.2525413324801775,102,3,10,-1.0,0.0,-1.0,True,,7e-09
1.0,-,111,24351.5847,3,11,-1.0,0.0,-1.0,0.0011,24351.304660511712,0.2800394882870023,111,3,11,-1.0,0.0,-1.0,True,,5.9e-09
1.0,-,122,25664.72351,3,12,-1.0,0.0,-1.0,0.0038,25664.458760263526,0.26474973647418665,122,3,12,-1.0,0.0,-1.0,True,,2e-08
1.0,-,134,26952.55153,3,13,-1.0,0.0,-1.0,0.0034,26952.37184175483,0.17968824517083704,134,3,13,-1.0,0.0,-1.0,True,,1.8e-08
1.0,-,142,28214.90407,3,14,-1.0,0.0,-1.0,0.0008,28214.884566104553,0.01950389544799691,142,3,14,-1.0,0.0,-1.0,True,,4.3e-09
1.0,-,151,29451.57549,3,15,-1.0,0.0,-1.0,0.0028,29451.79747848133,-0.2219884813312092,151,3,15,-1.0,0.0,-1.0,True,,1.5e-08
1.0,-,162,30662.3611,3,16,-1.0,0.0,-1.0,0.0006,30662.875340228496,-0.5142402284982381,161,3,16,-1.0,0.0,-1.0,True,,3.2e-09
2.0,+,1,10.87522,1,0,0.0,0.0,0.0,676.0,10.866349386205,0.008870613795000537,1,1,0,0.0,0.0,0.0,True,,0.0036
2.0,+,5,1838.23872,1,1,0.0,0.0,0.0,110.24,1838.238366531306,0.000353468694129333,5,1,1,0.0,0.0,0.0,True,,0.00059
2.0,+,9,3637.32674,1,2,0.0,0.0,0.0,7.29,3637.308777856872,0.017962143127988384,9,1,2,0.0,0.0,0.0,True,,3.9e-05
2.0,+,14,5407.21821,1,3,0.0,0.0,0.0,1.96,5407.141437651262,0.0767723487379044,14,1,3,0.0,0.0,0.0,True,,1.1e-05
2.0,+,17,6250.33028,4,0,0.0,1.0,1.0,529.0,6250.347273103173,-0.01699310317326308,17,4,0,0.0,1.0,1.0,True,,0.0028
2.0,+,18,6265.18371,4,0,0.0,0.0,0.0,529.0,6265.250324948503,-0.06661494850231975,18,4,0,0.0,0.0,0.0,True,,0.0028
2.0,+,22,7146.76412,1,4,0.0,0.0,0.0,2.25,7146.618841061385,0.14527893861486518,22,1,4,0.0,0.0,0.0,True,,1.2e-05
2.0,+,23,7698.42414,4,1,0.0,1.0,1.0,4.84,7698.44244393318,-0.018303933179595333,23,4,1,0.0,1.0,1.0,True,,2.6e-05
2.0,+,24,7713.11601,4,1,0.0,0.0,0.0,3.61,7713.18139939255,-0.06538939255005971,24,4,1,0.0,0.0,0.0,True,,1.9e-05
2.0,+,29,8854.41408,1,5,0.0,0.0,0.0,3.24,8854.244650396979,0.16942960302185384,29,1,5,0.0,0.0,0.0,True,,1.7e-05
2.0,+,30,9124.3528,4,2,0.0,1.0,1.0,5.29,9124.415425149238,-0.06262514923764684,30,4,2,0.0,1.0,1.0,True,,2.8e-05
2.0,+,31,9138.87881,4,2,0.0,0.0,0.0,4.0,9138.99024127613,-0.11143127612922399,31,4,2,0.0,0.0,0.0,True,,2.2e-05
2.0,+,37,10527.54868,1,6,0.0,0.0,0.0,4.0,10527.564562607931,-0.015882607931416715,37,1,6,0.0,0.0,0.0,True,,2.2e-05
2.0,+,38,10528.69598,4,3,0.0,1.0,1.0,2.89,10528.6632974988,0.032682501199815306,38,4,3,0.0,1.0,1.0,True,,1.6e-05
2.0,+,39,10542.57465,4,3,0.0,0.0,0.0,1.69,10542.682264428244,-0.10761442824332335,39,4,3,0.0,0.0,0.0,True,,9.1e-06
2.0,+,45,11867.82519,7,0,2.0,0.0,2.0,36.0,11867.814822119233,0.010367880766352755,45,7,0,2.0,0.0,2.0,True,,0.00019
2.0,+,46,11910.0031,4,4,0.0,1.0,1.0,0.49,11910.025720932153,-0.022620932153586182,46,4,4,0.0,1.0,1.0,True,,2.6e-06
2.0,+,47,11924.19807,4,4,0.0,0.0,0.0,0.25,11924.271000677976,-0.07293067797581898,47,4,4,0.0,0.0,0.0,True,,1.3e-06
2.0,+,48,12164.9951,1,7,0.0,0.0,0.0,0.81,12165.067204139263,-0.07210413926259207,48,1,7,0.0,0.0,0.0,True,,4.4e-06
2.0,+,53,13252.26534,7,1,2.0,0.0,2.0,0.16,13252.275816102601,-0.010476102601387538,53,7,1,2.0,0.0,2.0,True,,8.6e-07
2.0,+,54,13269.88317,4,5,0.0,1.0,1.0,0.09,13269.86131183214,0.021858167860045796,54,4,5,0.0,1.0,1.0,True,,4.8e-07
2.0,+,55,13283.91745,4,5,0.0,0.0,0.0,0.25,13283.942432824506,-0.024982824505059398,55,4,5,0.0,0.0,0.0,True,,1.3e-06
2.0,+,57,13761.28004,1,8,0.0,0.0,0.0,0.36,13761.317197975319,-0.037157975319132674,57,1,8,0.0,0.0,0.0,True,,1.9e-06
2.0,+,62,14607.91028,4,6,0.0,1.0,1.0,0.09,14607.864101106217,0.046178893782780506,62,4,6,0.0,1.0,1.0,True,,4.8e-07
2.0,+,63,14613.83544,7,2,2.0,0.0,2.0,0.25,14613.872944132801,-0.037504132800677326,63,7,2,2.0,0.0,2.0,True,,1.3e-06
2.0,+,64,14621.78804,4,6,0.0,0.0,0.0,0.16,14621.780908813329,0.007131186670449097,64,4,6,0.0,0.0,0.0,True,,8.6e-07
2.0,+,65,15205.35907,8,0,0.0,0.0,0.0,25.0,15205.37855967512,-0.019489675119984895,65,8,0,0.0,0.0,0.0,True,,0.00013
2.0,+,67,15312.6264,1,9,0.0,0.0,0.0,0.0133,15310.894031035932,1.7323689640670636,67,1,9,0.0,0.0,0.0,True,,7.2e-08
2.0,+,71,15924.1905,4,7,0.0,1.0,1.0,0.04,15924.155978744357,0.034521255643994664,71,4,7,0.0,1.0,1.0,True,,2.2e-07
2.0,+,72,15937.95501,4,7,0.0,0.0,0.0,0.04,15937.908476927174,0.046533072825695854,72,4,7,0.0,0.0,0.0,True,,2.2e-07
2.0,+,73,15952.60006,7,3,2.0,0.0,2.0,0.25,15952.619494406617,-0.019434406616710476,73,7,3,2.0,0.0,2.0,True,,1.3e-06
2.0,+,75,16625.7787,8,1,0.0,0.0,0.0,0.16,16625.777903447455,0.0007965525437612087,75,8,1,0.0,0.0,0.0,True,,8.6e-07
2.0,+,80,17218.84452,4,8,0.0,1.0,1.0,0.04,17218.854566159243,-0.010046159244666342,80,4,8,0.0,1.0,1.0,True,,2.2e-07
2.0,+,83,17268.62883,7,4,2.0,0.0,2.0,0.36,17268.62219848637,0.006631513631873531,83,7,4,2.0,0.0,2.0,True,,1.9e-06
2.0,+,85,18045.24962,8,2,0.0,0.0,0.0,0.04,18045.57197950799,-0.3223595079907682,85,8,2,0.0,0.0,0.0,True,,2.2e-07
2.0,+,92,18561.9736,7,5,2.0,0.0,2.0,0.16,18561.95770282888,0.015897171120741405,92,7,5,2.0,0.0,2.0,True,,8.6e-07
2.0,+,95,19466.26106,8,3,0.0,0.0,0.0,0.09,19466.18859262563,0.07246737437162665,95,8,3,0.0,0.0,0.0,True,,4.8e-07
2.0,+,100,19832.66158,7,6,2.0,0.0,2.0,0.16,19832.590782276602,0.0707977233978454,100,7,6,2.0,0.0,2.0,True,,8.6e-07
2.0,+,103,19983.95383,6,0,1.0,1.0,2.0,121.0,19984.03776375447,-0.08393375447121798,103,6,0,1.0,1.0,2.0,True,,0.00065
2.0,+,104,20004.78321,6,0,1.0,0.0,1.0,196.0,20004.782060230562,0.0011497694395075087,104,6,0,1.0,0.0,1.0,True,,0.0011
2.0,+,105,20021.88339,6,0,1.0,-1.0,0.0,169.0,20021.866326104104,0.01706389589526225,105,6,0,1.0,-1.0,0.0,True,,0.00091
2.0,+,112,21080.87284,7,7,2.0,0.0,2.0,0.09,21080.79144776204,0.08139223796024453,112,7,7,2.0,0.0,2.0,True,,4.8e-07
2.0,+,117,21737.69675,6,1,1.0,1.0,2.0,0.81,21737.72957001206,-0.032820012060255976,117,6,1,1.0,1.0,2.0,True,,4.4e-06
2.0,+,118,21758.34274,6,1,1.0,0.0,1.0,2.25,21758.34626995915,-0.0035299591509101447,118,6,1,1.0,0.0,1.0,True,,1.2e-05
2.0,+,119,21775.2354,6,1,1.0,-1.0,0.0,1.44,21775.247589627117,-0.012189627115731128,119,6,1,1.0,-1.0,0.0,True,,7.7e-06
2.0,+,133,23453.92182,6,2,1.0,1.0,2.0,1.0,23453.524699962392,0.39712003760723746,133,6,2,1.0,1.0,2.0,True,,5.4e-06
2.0,+,134,23474.49742,6,2,1.0,0.0,1.0,1.96,23474.458174197425,0.03924580257444177,134,6,2,1.0,0.0,1.0,True,,1.1e-05
2.0,+,135,23491.21282,6,2,1.0,-1.0,0.0,1.0,23491.19373167574,0.01908832426124718,135,6,2,1.0,-1.0,0.0,True,,5.4e-06
2.0,+,151,25129.96382,6,3,1.0,1.0,2.0,4.0,25129.962968912474,0.0008510875268257223,151,6,3,1.0,1.0,2.0,True,,2.2e-05
2.0,+,152,25150.06417,6,3,1.0,0.0,1.0,6.76,25150.060686832447,0.0034831675548048224,152,6,3,1.0,0.0,1.0,True,,3.6e-05
2.0,+,153,25166.62962,6,3,1.0,-1.0,0.0,5.76,25166.57792821053,0.051691789471078664,153,6,3,1.0,-1.0,0.0,True,,3.1e-05
2.0,+,165,26760.82671,6,4,1.0,1.0,2.0,0.36,26760.819631975908,0.0070780240930616856,165,6,4,1.0,1.0,2.0,True,,1.9e-06
2.0,+,166,26780.68177,6,4,1.0,0.0,1.0,0.49,26780.725092552904,-0.043322552905010525,166,6,4,1.0,0.0,1.0,True,,2.6e-06
2.0,+,167,26796.87904,6,4,1.0,-1.0,0.0,0.49,26796.856061451617,0.022978548382525332,167,6,4,1.0,-1.0,0.0,True,,2.6e-06
2.0,+,182,28341.76794,6,5,1.0,1.0,2.0,4.84,28341.772221445033,-0.004281445031665498,182,6,5,1.0,1.0,2.0,True,,2.6e-05
2.0,+,183,28361.1501,6,5,1.0,0.0,1.0,5.29,28361.1678390804,-0.01773908040195238,183,6,5,1.0,0.0,1.0,True,,2.8e-05
2.0,+,184,28377.15623,6,5,1.0,-1.0,0.0,5.76,28377.151862329963,0.004367670037026983,184,6,5,1.0,-1.0,0.0,True,,3.1e-05
2.0,+,199,29864.78589,6,6,1.0,1.0,2.0,0.09,29865.529340999783,-0.7434509997838177,199,6,6,1.0,1.0,2.0,True,,4.8e-07
2.0,+,200,29883.93305,6,6,1.0,0.0,1.0,0.16,29884.5525389547,-0.6194889547005005,200,6,6,1.0,0.0,1.0,True,,8.6e-07
2.0,+,201,29901.73225,6,6,1.0,-1.0,0.0,0.09,29900.174825256814,1.557424743186857,201,6,6,1.0,-1.0,0.0,True,,4.8e-07
2.0,+,215,31324.48987,6,7,1.0,1.0,2.0,1.0,31324.568045266125,-0.07817526612416259,215,6,7,1.0,1.0,2.0,True,,5.4e-06
2.0,+,216,31342.86465,6,7,1.0,0.0,1.0,2.56,31342.897208735274,-0.032558735274506034,216,6,7,1.0,0.0,1.0,True,,1.4e-05
2.0,+,217,31358.21178,6,7,1.0,-1.0,0.0,1.44,31358.175450865725,0.0363291342764569,217,6,7,1.0,-1.0,0.0,True,,7.7e-06
2.0,+,229,32709.27246,6,8,1.0,1.0,2.0,0.36,32709.420760639758,-0.14830063975750818,229,6,8,1.0,1.0,2.0,True,,1.9e-06
2.0,+,230,32727.05373,6,8,1.0,0.0,1.0,0.49,32727.307234237607,-0.253504237607558,230,6,8,1.0,0.0,1.0,True,,2.6e-06
2.0,+,231,32742.4397,6,8,1.0,-1.0,0.0,0.09,32742.11783238471,0.32186761529010255,231,6,8,1.0,-1.0,0.0,True,,4.8e-07
2.0,+,242,34013.24764,6,9,1.0,1.0,2.0,0.0004,34013.23471175845,0.012928241550980601,242,6,9,1.0,1.0,2.0,True,,2.2e-09
2.0,+,243,34030.55731,6,9,1.0,0.0,1.0,0.0015,34030.44119277319,0.11611722680390812,243,6,9,1.0,0.0,1.0,True,,8.1e-09
2.0,+,245,34045.01693,6,9,1.0,-1.0,0.0,0.0004,34044.600419048045,0.4165109519526595,244,6,9,1.0,-1.0,0.0,True,,2.2e-09
2.0,+,263,35233.97426,6,10,1.0,1.0,2.0,0.0202,35234.194956507876,-0.22069650787307182,259,6,10,1.0,1.0,2.0,True,,1.1e-07
2.0,+,264,35250.86546,6,10,1.0,0.0,1.0,0.0455,35250.71607033342,0.14938966657791752,261,6,10,1.0,0.0,1.0,True,,2.4e-07
2.0,+,265,35265.00988,6,10,1.0,-1.0,0.0,0.0256,35264.53908584691,0.4707941530868993,262,6,10,1.0,-1.0,0.0,True,,1.4e-07
2.0,+,276,36376.94782,6,11,1.0,1.0,2.0,0.0011,36377.98498573751,-1.0371657375071663,273,6,11,1.0,1.0,2.0,True,,5.9e-09
2.0,+,277,36393.34668,6,11,1.0,0.0,1.0,0.0025,36393.82431404664,-0.4776340466341935,274,6,11,1.0,0.0,1.0,True,,1.3e-08
2.0,+,290,37452.91087,6,12,1.0,1.0,2.0,0.0038,37453.5845796087,-0.6737096087017562,287,6,12,1.0,1.0,2.0,True,,2e-08
2.0,+,291,37468.84749,6,12,1.0,0.0,1.0,0.0087,37468.74941740977,0.09807259023364168,288,6,12,1.0,0.0,1.0,True,,4.7e-08
2.0,+,292,37482.23148,6,12,1.0,-1.0,0.0,0.0038,37481.50632599707,0.7251540029319585,289,6,12,1.0,-1.0,0.0,True,,2e-08
2.0,-,1,603.81737,2,0,-1.0,-1.0,-2.0,256.0,603.811810700103,0.0055592998969586915,1,2,0,-1.0,-1.0,-2.0,True,,0.0014
2.0,-,2,625.9238,2,0,-1.0,0.0,-1.0,400.0,625.930199728529,-0.006399728529004278,2,2,0,-1.0,0.0,-1.0,True,,0.0022
2.0,-,3,644.34202,2,0,-1.0,1.0,0.0,324.0,644.335923075496,0.006096924504049639,3,2,0,-1.0,1.0,0.0,True,,0.0017
2.0,-,4,2221.80345,2,1,-1.0,-1.0,-2.0,5.76,2221.793034715595,0.010415284405098646,4,2,1,-1.0,-1.0,-2.0,True,,3.1e-05
2.0,-,5,2243.82684,2,1,-1.0,0.0,-1.0,6.25,2243.823233391877,0.0036066081233911973,5,2,1,-1.0,0.0,-1.0,True,,3.4e-05
2.0,-,6,2262.1729,2,1,-1.0,1.0,0.0,6.25,2262.155970810007,0.0169291899928794,6,2,1,-1.0,1.0,0.0,True,,3.4e-05
2.0,-,7,3816.47789,2,2,-1.0,-1.0,-2.0,3.24,3816.513702694805,-0.035812694804917555,7,2,2,-1.0,-1.0,-2.0,True,,1.7e-05
2.0,-,8,3838.41071,2,2,-1.0,0.0,-1.0,5.29,3838.459318297192,-0.0486082971920041,8,2,2,-1.0,0.0,-1.0,True,,2.8e-05
2.0,-,9,3856.69175,2,2,-1.0,1.0,0.0,1.96,3856.72195586107,-0.030205861070044193,9,2,2,-1.0,1.0,0.0,True,,1.1e-05
2.0,-,10,5387.84846,2,3,-1.0,-1.0,-2.0,1.0,5387.800354515008,0.0481054849924476,10,2,3,-1.0,-1.0,-2.0,True,,5.4e-06
2.0,-,11,5409.67232,2,3,-1.0,0.0,-1.0,1.96,5409.665203760062,0.007116239938113722,11,2,3,-1.0,0.0,-1.0,True,,1.1e-05
2.0,-,12,5427.88628,2,3,-1.0,1.0,0.0,1.69,5427.860625397344,0.025654602655777126,12,2,3,-1.0,1.0,0.0,True,,9.1e-06
2.0,-,14,6935.84335,2,4,-1.0,-1.0,-2.0,1.0,6935.759558621658,0.08379137834253925,14,2,4,-1.0,-1.0,-2.0,True,,5.4e-06
2.0,-,15,6957.59277,2,4,-1.0,0.0,-1.0,0.49,6957.546590057746,0.04617994225463917,15,2,4,-1.0,0.0,-1.0,True,,2.6e-06
2.0,-,16,6975.73603,2,4,-1.0,1.0,0.0,0.36,6975.67629917449,0.059730825510087016,16,2,4,-1.0,1.0,0.0,True,,1.9e-06
2.0,-,18,8278.03555,3,0,-1.0,0.0,-1.0,256.0,8278.026495561218,0.00905443878218648,18,3,0,-1.0,0.0,-1.0,True,,0.0014
2.0,-,19,8460.47032,2,5,-1.0,-1.0,-2.0,1.69,8460.418825666731,0.05149433326914732,19,2,5,-1.0,-1.0,-2.0,True,,9.1e-06
2.0,-,20,8482.17726,2,5,-1.0,0.0,-1.0,1.69,8482.128691947995,0.04856805200506642,20,2,5,-1.0,0.0,-1.0,True,,9.1e-06
2.0,-,21,8500.23877,2,5,-1.0,1.0,0.0,1.44,8500.188393696544,0.050376303455777816,21,2,5,-1.0,1.0,0.0,True,,7.7e-06
2.0,-,23,9280.48492,5,0,0.0,-1.0,-1.0,841.0,9280.434659284281,0.05026071571955981,23,5,0,0.0,-1.0,-1.0,True,,0.0045
2.0,-,24,9299.7964,5,0,0.0,0.0,0.0,529.0,9299.860402265855,-0.06400226585537894,24,5,0,0.0,0.0,0.0,True,,0.0028
2.0,-,25,9861.97922,3,1,-1.0,0.0,-1.0,2.56,9861.973550018572,0.0056699814267631155,25,3,1,-1.0,0.0,-1.0,True,,1.4e-05
2.0,-,26,9961.85131,2,6,-1.0,-1.0,-2.0,0.04,9961.743761846103,0.10754815389736905,26,2,6,-1.0,-1.0,-2.0,True,,2.2e-07
2.0,-,27,9983.41358,2,6,-1.0,0.0,-1.0,0.16,9983.3864736317,0.02710636830124713,27,2,6,-1.0,0.0,-1.0,True,,8.6e-07
2.0,-,28,10001.39263,2,6,-1.0,1.0,0.0,0.09,10001.399893346375,-0.007263346375111723,28,2,6,-1.0,1.0,0.0,True,,4.8e-07
2.0,-,30,11312.26249,5,1,0.0,-1.0,-1.0,12.25,11312.271021221377,-0.00853122137777973,30,5,1,0.0,-1.0,-1.0,True,,6.6e-05
2.0,-,31,11331.45729,5,1,0.0,0.0,0.0,9.0,11331.342187376747,0.11510262325282383,31,5,1,0.0,0.0,0.0,True,,4.8e-05
2.0,-,32,11421.70169,3,2,-1.0,0.0,-1.0,2.56,11421.735942600666,-0.0342526006661501,32,3,2,-1.0,0.0,-1.0,True,,1.4e-05
2.0,-,33,11439.77167,2,7,-1.0,-1.0,-2.0,0.36,11439.699879266544,0.07179073345650977,33,2,7,-1.0,-1.0,-2.0,True,,1.9e-06
2.0,-,34,11461.31771,2,7,-1.0,0.0,-1.0,0.81,11461.318387427296,-0.0006774272969778394,34,2,7,-1.0,0.0,-1.0,True,,4.4e-06
2.0,-,35,11479.19964,2,7,-1.0,1.0,0.0,0.36,11479.390687690473,-0.19104769047226,35,2,7,-1.0,1.0,0.0,True,,1.9e-06
2.0,-,38,12894.34601,2,8,-1.0,-1.0,-2.0,0.25,12894.253654140297,0.0923558597023657,38,2,8,-1.0,-1.0,-2.0,True,,1.3e-06
2.0,-,39,12915.79513,2,8,-1.0,0.0,-1.0,1.0,12915.74369391345,0.05143608655089338,39,2,8,-1.0,0.0,-1.0,True,,5.4e-06
2.0,-,40,12933.6701,2,8,-1.0,1.0,0.0,0.16,12933.600849497947,0.06925050205245498,40,2,8,-1.0,1.0,0.0,True,,8.6e-07
2.0,-,41,12957.15195,3,3,-1.0,0.0,-1.0,1.0,12957.150361540442,0.0015884595577517757,41,3,3,-1.0,0.0,-1.0,True,,5.4e-06
2.0,-,44,13315.26492,5,2,0.0,-1.0,-1.0,1.96,13315.437929225038,-0.17300922503818583,44,5,2,0.0,-1.0,-1.0,True,,1.1e-05
2.0,-,45,13334.20772,5,2,0.0,0.0,0.0,1.21,13334.497326350292,-0.28960635029216064,45,5,2,0.0,0.0,0.0,True,,6.5e-06
2.0,-,46,14325.62374,2,9,-1.0,-1.0,-2.0,0.0237,14325.441693448594,0.18204655140652903,46,2,9,-1.0,-1.0,-2.0,True,,1.3e-07
2.0,-,47,14346.98577,2,9,-1.0,0.0,-1.0,0.0533,14346.887050750012,0.09871924998697068,47,2,9,-1.0,0.0,-1.0,True,,2.9e-07
2.0,-,48,14364.77297,2,9,-1.0,1.0,0.0,0.0181,14364.752340287616,0.020629712384106824,48,2,9,-1.0,1.0,0.0,True,,9.7e-08
2.0,-,49,14468.25598,3,4,-1.0,0.0,-1.0,1.44,14468.225336722959,0.030643277041235706,49,3,4,-1.0,0.0,-1.0,True,,7.7e-06
2.0,-,52,15288.18169,5,3,0.0,-1.0,-1.0,4.84,15288.191780387317,-0.010090387317177374,52,5,3,0.0,-1.0,-1.0,True,,2.6e-05
2.0,-,53,15306.99808,5,3,0.0,0.0,0.0,3.24,15306.923726173165,0.07435382683434,53,5,3,0.0,0.0,0.0,True,,1.7e-05
2.0,-,54,15733.56478,2,10,-1.0,-1.0,-2.0,0.0013,15733.363883313248,0.20089668675245775,54,2,10,-1.0,-1.0,-2.0,True,,7e-09
2.0,-,55,15754.85505,2,10,-1.0,0.0,-1.0,0.0013,15754.768515896163,0.08653410383703886,55,2,10,-1.0,0.0,-1.0,True,,7e-09
2.0,-,56,15772.56002,2,10,-1.0,1.0,0.0,0.0013,15772.647094921345,-0.08707492134453787,56,2,10,-1.0,1.0,0.0,True,,7e-09
2.0,-,59,15954.94702,3,5,-1.0,0.0,-1.0,0.36,15954.902672106478,0.04434789352126245,59,3,5,-1.0,0.0,-1.0,True,,1.9e-06
2.0,-,60,17118.13332,2,11,-1.0,-1.0,-2.0,0.0044,17118.20209192218,-0.06877192217871197,60,2,11,-1.0,-1.0,-2.0,True,,2.4e-08
2.0,-,61,17139.25522,2,11,-1.0,0.0,-1.0,0.0099,17139.423116399226,-0.1678963992271747,61,2,11,-1.0,0.0,-1.0,True,,5.3e-08
2.0,-,62,17156.96775,2,11,-1.0,1.0,0.0,0.0011,17156.893227004082,0.07452299591750489,62,2,11,-1.0,1.0,0.0,True,,5.9e-09
2.0,-,67,17417.14562,3,6,-1.0,0.0,-1.0,0.16,17417.077544994914,0.06807500508512021,67,3,6,-1.0,0.0,-1.0,True,,8.6e-07
2.0,-,68,18479.43682,2,12,-1.0,-1.0,-2.0,0.001,18480.253511070146,-0.816691070147499,68,2,12,-1.0,-1.0,-2.0,True,,5.4e-09
2.0,-,70,18500.47771,2,12,-1.0,0.0,-1.0,0.0002,18501.51159313466,-1.0338831346598454,70,2,12,-1.0,0.0,-1.0,True,,1.1e-09
2.0,-,73,18854.73371,3,7,-1.0,0.0,-1.0,0.01,18854.635363476787,0.09834652321296744,73,3,7,-1.0,0.0,-1.0,True,,5.4e-08
2.0,-,74,19139.4857,5,5,0.0,-1.0,-1.0,2.56,19139.508267149282,-0.022567149280803278,74,5,5,0.0,-1.0,-1.0,True,,1.4e-05
2.0,-,75,19157.90898,5,5,0.0,0.0,0.0,1.44,19157.839326952293,0.06965304770710645,75,5,5,0.0,0.0,0.0,True,,7.7e-06
2.0,-,77,19817.42176,2,13,-1.0,-1.0,-2.0,0.0009,19819.87429493189,-2.4525349318901135,77,2,13,-1.0,-1.0,-2.0,True,,4.8e-09
2.0,-,79,19838.45089,2,13,-1.0,0.0,-1.0,0.0009,19841.089254115588,-2.638364115588047,79,2,13,-1.0,0.0,-1.0,True,,4.8e-09
2.0,-,84,20267.65342,3,8,-1.0,0.0,-1.0,0.01,20267.514273802175,0.13914619782372029,84,3,8,-1.0,0.0,-1.0,True,,5.4e-08
2.0,-,86,21014.73296,5,6,0.0,-1.0,-1.0,0.49,21014.84322398162,-0.11026398161993711,86,5,6,0.0,-1.0,-1.0,True,,2.6e-06
2.0,-,87,21033.00032,5,6,0.0,0.0,0.0,0.16,21032.735629696264,0.26469030373482383,87,5,6,0.0,0.0,0.0,True,,8.6e-07
2.0,-,89,21132.11926,2,14,-1.0,-1.0,-2.0,0.0008,21137.51201323719,-5.3927532371890265,89,2,14,-1.0,-1.0,-2.0,True,,4.3e-09
2.0,-,92,21655.78712,3,9,-1.0,0.0,-1.0,0.0004,21655.592668256588,0.19445174341308302,92,3,9,-1.0,0.0,-1.0,True,,2.2e-09
2.0,-,101,22854.01042,5,7,0.0,-1.0,-1.0,0.64,22854.018098734323,-0.007678734324144898,101,5,7,0.0,-1.0,-1.0,True,,3.4e-06
2.0,-,102,22872.02755,5,7,0.0,0.0,0.0,0.16,22871.921566979097,0.10598302090147627,102,5,7,0.0,0.0,0.0,True,,8.6e-07
2.0,-,103,23019.02508,3,10,-1.0,0.0,-1.0,0.0003,23018.779606954246,0.24547304575389717,103,3,10,-1.0,0.0,-1.0,True,,1.6e-09
2.0,-,112,24357.24308,3,11,-1.0,0.0,-1.0,0.0003,24356.970318629108,0.2727613708921126,112,3,11,-1.0,0.0,-1.0,True,,1.6e-09
2.0,-,123,25670.30659,3,12,-1.0,0.0,-1.0,0.001,25670.05205919763,0.25453080236911774,123,3,12,-1.0,0.0,-1.0,True,,5.4e-09
2.0,-,135,26958.06807,3,13,-1.0,0.0,-1.0,0.0009,26957.89212830756,0.17594169243966462,135,3,13,-1.0,0.0,-1.0,True,,4.8e-09
2.0,-,144,28220.3351,3,14,-1.0,0.0,-1.0,0.0002,28220.33112609553,0.00397390446960344,144,3,14,-1.0,0.0,-1.0,True,,1.1e-09
2.0,-,153,29456.93873,3,15,-1.0,0.0,-1.0,0.0007,29457.169458919096,-0.23072891909396276,153,3,15,-1.0,0.0,-1.0,True,,3.8e-09
2.0,-,164,30667.6384,3,16,-1.0,0.0,-1.0,0.0002,30668.171802239365,-0.5334022393653868,164,3,16,-1.0,0.0,-1.0,True,,1.1e-09
3.0,+,13,6265.36061,4,0,0.0,1.0,1.0,729.0,6265.252105403779,0.10850459622088238,13,4,0,0.0,1.0,1.0,True,,0.0039
3.0,+,17,7713.29305,4,1,0.0,1.0,1.0,6.25,7713.183888089163,0.10916191083742888,17,4,1,0.0,1.0,1.0,True,,3.4e-05
3.0,+,22,9139.05607,4,2,0.0,1.0,1.0,6.76,9138.993627426344,0.062442573656880995,22,4,2,0.0,1.0,1.0,True,,3.6e-05
3.0,+,29,10542.72662,4,3,0.0,1.0,1.0,2.25,10542.662784921833,0.06383507816644851,29,4,3,0.0,1.0,1.0,True,,1.2e-05
3.0,+,36,11876.55742,7,0,2.0,0.0,2.0,36.0,11876.545881146772,0.011538853226738865,36,7,0,2.0,0.0,2.0,True,,0.00019
3.0,+,37,11924.37585,4,4,0.0,1.0,1.0,0.36,11924.281625577552,0.09422442244795093,37,4,4,0.0,1.0,1.0,True,,1.9e-06
3.0,+,42,13260.89352,7,1,2.0,0.0,2.0,0.25,13260.905354911602,-0.01183491160190897,42,7,1,2.0,0.0,2.0,True,,1.3e-06
3.0,+,43,13284.09557,4,5,0.0,1.0,1.0,0.04,13283.95472823202,0.1408417679795093,43,4,5,0.0,1.0,1.0,True,,2.2e-07
3.0,+,50,14621.97674,4,6,0.0,1.0,1.0,0.04,14621.795504275124,0.1812357248763874,50,4,6,0.0,1.0,1.0,True,,2.2e-07
3.0,+,51,14622.36569,7,2,2.0,0.0,2.0,0.36,14622.401036094758,-0.03534609475718753,51,7,2,2.0,0.0,2.0,True,,1.9e-06
3.0,+,57,15938.08752,4,7,0.0,1.0,1.0,0.04,15937.925498787512,0.1620212124871614,57,4,7,0.0,1.0,1.0,True,,2.2e-07
3.0,+,58,15961.03156,7,3,2.0,0.0,2.0,0.25,15961.046239850579,-0.014679850579341291,58,7,3,2.0,0.0,2.0,True,,1.3e-06
3.0,+,66,17276.94899,7,4,2.0,0.0,2.0,0.49,17276.94758855436,0.0014014456392033026,66,7,4,2.0,0.0,2.0,True,,2.6e-06
3.0,+,72,18570.18973,7,5,2.0,0.0,2.0,0.09,18570.181691069745,0.008038930252951104,72,7,5,2.0,0.0,2.0,True,,4.8e-07
3.0,+,78,19840.78035,7,6,2.0,0.0,2.0,0.25,19840.714585821752,0.06576417824908276,78,7,6,2.0,0.0,2.0,True,,1.3e-06
3.0,+,81,19992.79475,6,0,1.0,1.0,2.0,289.0,19992.868154460182,-0.07340446018133662,81,6,0,1.0,1.0,2.0,True,,0.0016
3.0,+,82,20015.07648,6,0,1.0,0.0,1.0,169.0,20015.092846561845,-0.016366561845643446,82,6,0,1.0,0.0,1.0,True,,0.00091
3.0,+,83,20035.39319,6,0,1.0,-1.0,0.0,169.0,20035.362661399235,0.03052860076422803,83,6,0,1.0,-1.0,0.0,True,,0.00091
3.0,+,88,21088.89727,7,7,2.0,0.0,2.0,0.09,21088.812192760495,0.08507723950606305,88,7,7,2.0,0.0,2.0,True,,4.8e-07
3.0,+,93,21746.43157,6,1,1.0,1.0,2.0,1.96,21746.466453387216,-0.034883387215813855,93,6,1,1.0,1.0,2.0,True,,1.1e-05
3.0,+,94,21768.51519,6,1,1.0,0.0,1.0,1.69,21768.540351384858,-0.02516138485952979,94,6,1,1.0,0.0,1.0,True,,9.1e-06
3.0,+,95,21788.60723,6,1,1.0,-1.0,0.0,1.96,21788.616724719628,-0.009494719626673032,95,6,1,1.0,-1.0,0.0,True,,1.1e-05
3.0,+,97,22314.4933,7,8,2.0,0.0,2.0,0.04,22314.293098059472,0.20020194052631268,97,7,8,2.0,0.0,2.0,True,,2.2e-07
3.0,+,105,23462.56796,6,2,1.0,1.0,2.0,1.96,23462.187694274606,0.3802657253945654,105,6,2,1.0,1.0,2.0,True,,1.1e-05
3.0,+,106,23484.52133,6,2,1.0,0.0,1.0,1.44,23484.477831565204,0.043498434795765206,106,6,2,1.0,0.0,1.0,True,,7.7e-06
3.0,+,107,23504.43587,6,2,1.0,-1.0,0.0,1.69,23504.41693273775,0.018937262251711218,107,6,2,1.0,-1.0,0.0,True,,9.1e-06
3.0,+,120,25138.47263,6,3,1.0,1.0,2.0,8.41,25138.47831014206,-0.005680142061464721,120,6,3,1.0,1.0,2.0,True,,4.5e-05
3.0,+,121,25159.96477,6,3,1.0,0.0,1.0,7.84,25160.00269882386,-0.03792882386187557,121,6,3,1.0,0.0,1.0,True,,4.2e-05
3.0,+,122,25179.58763,6,3,1.0,-1.0,0.0,5.76,25179.60128553681,-0.01365553680807352,122,6,3,1.0,-1.0,0.0,True,,3.1e-05
3.0,+,131,26769.28433,6,4,1.0,1.0,2.0,1.0,26769.21907831263,0.06525168736698106,131,6,4,1.0,1.0,2.0,True,,5.4e-06
3.0,+,132,26790.51357,6,4,1.0,0.0,1.0,1.21,26790.458426115434,0.055143884565040935,132,6,4,1.0,0.0,1.0,True,,6.5e-06
3.0,+,133,26809.73595,6,4,1.0,-1.0,0.0,1.0,26809.856807488362,-0.12085748836398125,133,6,4,1.0,-1.0,0.0,True,,5.4e-06
3.0,+,145,28350.01462,6,5,1.0,1.0,2.0,7.84,28350.02227182986,-0.007651829859241843,145,6,5,1.0,1.0,2.0,True,,4.2e-05
3.0,+,146,28370.76665,6,5,1.0,0.0,1.0,6.25,28370.82125603236,-0.05460603235769668,146,6,5,1.0,0.0,1.0,True,,3.4e-05
3.0,+,147,28389.76717,6,5,1.0,-1.0,0.0,5.29,28389.805852039157,-0.03868203915772028,147,6,5,1.0,-1.0,0.0,True,,2.8e-05
3.0,+,159,29872.42121,6,6,1.0,1.0,2.0,0.25,29873.62720487316,-1.2059948731584882,159,6,6,1.0,1.0,2.0,True,,1.3e-06
3.0,+,160,29894.1751,6,6,1.0,0.0,1.0,0.49,29894.010653304962,0.1644466950383503,160,6,6,1.0,0.0,1.0,True,,2.6e-06
3.0,+,161,29914.12884,6,6,1.0,-1.0,0.0,0.16,29912.648501778964,1.4803382210375275,161,6,6,1.0,-1.0,0.0,True,,8.6e-07
3.0,+,170,31332.39306,6,7,1.0,1.0,2.0,2.25,31332.470322236648,-0.07726223664940335,170,6,7,1.0,1.0,2.0,True,,1.2e-05
3.0,+,171,31352.0965,6,7,1.0,0.0,1.0,3.24,31352.195188870803,-0.09868887080301647,171,6,7,1.0,0.0,1.0,True,,1.7e-05
3.0,+,172,31370.27054,6,7,1.0,-1.0,0.0,0.81,31370.343423513947,-0.07288351394527126,172,6,7,1.0,-1.0,0.0,True,,4.4e-06
3.0,+,181,32716.97417,6,8,1.0,1.0,2.0,1.21,32717.133539107203,-0.15936910720120068,181,6,8,1.0,1.0,2.0,True,,6.5e-06
3.0,+,182,32736.40271,6,8,1.0,0.0,1.0,1.0,32736.361350145566,0.041359854432812426,182,6,8,1.0,0.0,1.0,True,,5.4e-06
3.0,+,183,32754.13464,6,8,1.0,-1.0,0.0,0.16,32754.039999291363,0.09464070863759844,183,6,8,1.0,-1.0,0.0,True,,8.6e-07
3.0,+,192,34020.72624,6,9,1.0,1.0,2.0,0.0015,34020.72135768371,0.004882316294242628,192,6,9,1.0,1.0,2.0,True,,8.1e-09
3.0,+,193,34039.43079,6,9,1.0,0.0,1.0,0.0015,34039.17483923362,0.255950766375463,193,6,9,1.0,0.0,1.0,True,,8.1e-09
3.0,+,195,34056.5159,6,9,1.0,-1.0,0.0,0.0004,34056.38609956347,0.1298004365307861,194,6,9,1.0,-1.0,0.0,True,,2.2e-09
3.0,+,209,35241.24826,6,10,1.0,1.0,2.0,0.062,35241.44672977351,-0.1984697735097143,205,6,10,1.0,1.0,2.0,True,,3.3e-07
3.0,+,210,35259.30767,6,10,1.0,0.0,1.0,0.0316,35259.29177089298,0.015899107020231895,207,6,10,1.0,0.0,1.0,True,,1.7e-07
3.0,+,211,35275.91812,6,10,1.0,-1.0,0.0,0.0155,35275.79899523422,0.11912476578436326,208,6,10,1.0,-1.0,0.0,True,,8.3e-08
3.0,+,220,36384.00272,6,11,1.0,1.0,2.0,0.0025,36385.00716804746,-1.0044480474607553,217,6,11,1.0,1.0,2.0,True,,1.3e-08
3.0,+,221,36401.55079,6,11,1.0,0.0,1.0,0.0011,36402.138079628974,-0.5872896289729397,218,6,11,1.0,0.0,1.0,True,,5.9e-09
3.0,+,231,37459.76505,6,12,1.0,1.0,2.0,0.0087,37460.3843806874,-0.6193306873974507,228,6,12,1.0,1.0,2.0,True,,4.7e-08
3.0,+,232,37476.8055,6,12,1.0,0.0,1.0,0.0118,37476.81467256496,-0.00917256495449692,229,6,12,1.0,0.0,1.0,True,,6.3e-08
3.0,+,233,37492.38626,6,12,1.0,-1.0,0.0,0.0022,37492.19918439022,0.18707560977782123,230,6,12,1.0,-1.0,0.0,True,,1.2e-08
3.0,-,2,612.1917,2,0,-1.0,-1.0,-2.0,576.0,612.190402790547,0.0012972094530141476,2,2,0,-1.0,-1.0,-2.0,True,,0.0031
3.0,-,3,635.1293,2,0,-1.0,0.0,-1.0,676.0,635.131129803559,-0.0018298035590760264,3,2,0,-1.0,0.0,-1.0,True,,0.0036
3.0,-,4,654.64219,2,0,-1.0,1.0,0.0,441.0,654.637887621162,0.004302378838019649,4,2,0,-1.0,1.0,0.0,True,,0.0024
3.0,-,6,2230.10339,2,1,-1.0,-1.0,-2.0,9.61,2230.093736546927,0.009653453073042328,6,2,1,-1.0,-1.0,-2.0,True,,5.2e-05
3.0,-,7,2252.9416,2,1,-1.0,0.0,-1.0,6.76,2252.934762132182,0.006837867817921506,7,2,1,-1.0,0.0,-1.0,True,,3.6e-05
3.0,-,8,2272.3405,2,1,-1.0,1.0,0.0,7.29,2272.34286394524,-0.0023639452401766903,8,2,1,-1.0,1.0,0.0,True,,3.9e-05
3.0,-,10,3824.69484,2,2,-1.0,-1.0,-2.0,9.0,3824.736290555112,-0.04145055511207829,10,2,2,-1.0,-1.0,-2.0,True,,4.8e-05
3.0,-,11,3847.44236,2,2,-1.0,0.0,-1.0,5.29,3847.480922804312,-0.03856280431182313,11,2,2,-1.0,0.0,-1.0,True,,2.8e-05
3.0,-,12,3866.7498,2,2,-1.0,1.0,0.0,3.61,3866.793836642372,-0.04403664237179328,12,2,2,-1.0,1.0,0.0,True,,1.9e-05
3.0,-,13,5395.95745,2,3,-1.0,-1.0,-2.0,4.0,5395.944962467263,0.012487532736486173,13,2,3,-1.0,-1.0,-2.0,True,,2.2e-05
3.0,-,15,5418.60487,2,3,-1.0,0.0,-1.0,2.89,5418.596644908258,0.008225091742133372,15,2,3,-1.0,0.0,-1.0,True,,1.6e-05
3.0,-,16,5437.81315,2,3,-1.0,1.0,0.0,1.69,5437.818652898482,-0.005502898481609009,16,2,3,-1.0,1.0,0.0,True,,9.1e-06
3.0,-,19,6943.88108,2,4,-1.0,-1.0,-2.0,2.56,6943.826159562145,0.054920437854889315,19,2,4,-1.0,-1.0,-2.0,True,,1.4e-05
3.0,-,20,6966.43737,2,4,-1.0,0.0,-1.0,1.21,6966.387078251742,0.050291748257222935,20,2,4,-1.0,0.0,-1.0,True,,6.5e-06
3.0,-,21,6985.53935,2,4,-1.0,1.0,0.0,0.36,6985.522746581411,0.016603418588601926,21,2,4,-1.0,1.0,0.0,True,,1.9e-06
3.0,-,25,8287.68254,3,0,-1.0,0.0,-1.0,625.0,8287.674545771626,0.007994228373718215,25,3,0,-1.0,0.0,-1.0,True,,0.0034
3.0,-,26,8468.45169,2,5,-1.0,-1.0,-2.0,3.24,8468.407304101213,0.044385898787368205,26,2,5,-1.0,-1.0,-2.0,True,,1.7e-05
3.0,-,27,8490.92148,2,5,-1.0,0.0,-1.0,4.0,8490.875167895067,0.04631210493425897,27,2,5,-1.0,0.0,-1.0,True,,2.2e-05
3.0,-,28,8509.91295,2,5,-1.0,1.0,0.0,1.44,8509.932964630714,-0.020014630714285886,28,2,5,-1.0,1.0,0.0,True,,7.7e-06
3.0,-,32,9299.4418,5,0,0.0,-1.0,-1.0,1024.0,9299.450448721054,-0.0086487210537598,32,5,0,0.0,-1.0,-1.0,True,,0.0055
3.0,-,33,9871.52363,3,1,-1.0,0.0,-1.0,6.76,9871.519216843548,0.004413156451846589,33,3,1,-1.0,0.0,-1.0,True,,3.6e-05
3.0,-,34,9969.69113,2,6,-1.0,-1.0,-2.0,0.36,9969.654003073003,0.03712692699627951,34,2,6,-1.0,-1.0,-2.0,True,,1.9e-06
3.0,-,35,9992.05226,2,6,-1.0,0.0,-1.0,0.16,9992.047364160879,0.004895839121672907,35,2,6,-1.0,0.0,-1.0,True,,8.6e-07
3.0,-,36,10010.95185,2,6,-1.0,1.0,0.0,0.09,10011.013609865782,-0.06175986578273296,36,2,6,-1.0,1.0,0.0,True,,4.8e-07
3.0,-,40,11331.04962,5,1,0.0,-1.0,-1.0,13.69,11331.023482037162,0.026137962837310624,40,5,1,0.0,-1.0,-1.0,True,,7.4e-05
3.0,-,41,11431.14458,3,2,-1.0,0.0,-1.0,4.41,11431.1787044368,-0.03412443679917487,41,3,2,-1.0,0.0,-1.0,True,,2.4e-05
3.0,-,42,11447.61757,2,7,-1.0,-1.0,-2.0,0.64,11447.532541516983,0.08502848301759514,42,2,7,-1.0,-1.0,-2.0,True,,3.4e-06
3.0,-,43,11469.83593,2,7,-1.0,0.0,-1.0,0.64,11469.939931255214,-0.1040012552148255,43,2,7,-1.0,0.0,-1.0,True,,3.4e-06
3.0,-,44,11488.66528,2,7,-1.0,1.0,0.0,0.25,11488.728165906616,-0.06288590661642957,44,2,7,-1.0,1.0,0.0,True,,1.3e-06
3.0,-,49,12902.09164,2,8,-1.0,-1.0,-2.0,0.81,12902.006282736964,0.08535726303671254,49,2,8,-1.0,-1.0,-2.0,True,,4.4e-06
3.0,-,50,12924.29916,2,8,-1.0,0.0,-1.0,0.81,12924.204327231102,0.09483276889841363,50,2,8,-1.0,0.0,-1.0,True,,4.4e-06
3.0,-,51,12942.81793,2,8,-1.0,1.0,0.0,0.81,12943.047729690634,-0.2297996906345361,51,2,8,-1.0,1.0,0.0,True,,4.4e-06
3.0,-,52,12966.49489,3,3,-1.0,0.0,-1.0,3.24,12966.490279533267,0.004610466732628993,52,3,3,-1.0,0.0,-1.0,True,,1.7e-05
3.0,-,56,13333.85896,5,2,0.0,-1.0,-1.0,2.25,13334.085264646099,-0.22630464609937917,56,5,2,0.0,-1.0,-1.0,True,,1.2e-05
3.0,-,58,14333.28494,2,9,-1.0,-1.0,-2.0,0.0533,14333.115587917668,0.1693520823318977,58,2,9,-1.0,-1.0,-2.0,True,,2.9e-07
3.0,-,59,14355.36226,2,9,-1.0,0.0,-1.0,0.0726,14355.280308759968,0.08195124003214005,59,2,9,-1.0,0.0,-1.0,True,,3.9e-07
3.0,-,60,14373.96732,2,9,-1.0,1.0,0.0,0.03,14374.00220036064,-0.03488036063936306,60,2,9,-1.0,1.0,0.0,True,,1.6e-07
3.0,-,61,14477.50446,3,4,-1.0,0.0,-1.0,2.56,14477.461992164079,0.04246783592134307,61,3,4,-1.0,0.0,-1.0,True,,1.4e-05
3.0,-,66,15306.60244,5,3,0.0,-1.0,-1.0,4.41,15306.58193547621,0.02050452379080525,66,5,3,0.0,-1.0,-1.0,True,,2.4e-05
3.0,-,68,15741.15818,2,10,-1.0,-1.0,-2.0,0.0028,15740.959072219417,0.19910778058329015,68,2,10,-1.0,-1.0,-2.0,True,,1.5e-08
3.0,-,69,15763.12259,2,10,-1.0,0.0,-1.0,0.0013,15763.096664453265,0.025925546735379612,69,2,10,-1.0,0.0,-1.0,True,,7e-09
3.0,-,70,15781.64423,2,10,-1.0,1.0,0.0,0.0003,15781.69365109971,-0.0494210997094342,70,2,10,-1.0,1.0,0.0,True,,1.6e-09
3.0,-,74,15964.08498,3,5,-1.0,0.0,-1.0,1.0,15964.035703995423,0.049276004576313426,74,3,5,-1.0,0.0,-1.0,True,,5.4e-06
3.0,-,77,17125.62486,2,11,-1.0,-1.0,-2.0,0.0099,17125.71656807598,-0.09170807597911335,77,2,11,-1.0,-1.0,-2.0,True,,5.3e-08
3.0,-,78,17147.54239,2,11,-1.0,0.0,-1.0,0.0069,17147.531829263266,0.010560736733168596,78,2,11,-1.0,0.0,-1.0,True,,3.7e-08
3.0,-,79,17165.87559,2,11,-1.0,1.0,0.0,0.0011,17166.306340082247,-0.4307500822469592,79,2,11,-1.0,1.0,0.0,True,,5.9e-09
3.0,-,84,17426.17422,3,6,-1.0,0.0,-1.0,0.16,17426.106519108827,0.06770089117344469,84,3,6,-1.0,0.0,-1.0,True,,8.6e-07
3.0,-,87,18486.86167,2,12,-1.0,-1.0,-2.0,0.0022,18487.69023260863,-0.8285626086326374,87,2,12,-1.0,-1.0,-2.0,True,,1.2e-08
3.0,-,89,18508.64039,2,12,-1.0,0.0,-1.0,0.0002,18509.63548495348,-0.9950949534795654,89,2,12,-1.0,0.0,-1.0,True,,1.1e-09
3.0,-,93,18863.65625,3,7,-1.0,0.0,-1.0,0.04,18863.55949690209,0.09675309791055042,93,3,7,-1.0,0.0,-1.0,True,,2.2e-07
3.0,-,94,19157.50261,5,5,0.0,-1.0,-1.0,1.44,19157.50094193615,0.001668063850956969,94,5,5,0.0,-1.0,-1.0,True,,7.7e-06
3.0,-,99,19824.76821,2,13,-1.0,-1.0,-2.0,0.0019,19827.232811298098,-2.4646012980992964,99,2,13,-1.0,-1.0,-2.0,True,,1e-08
3.0,-,101,19846.4543,2,13,-1.0,0.0,-1.0,0.0002,19849.143190818966,-2.6888908189648646,101,2,13,-1.0,0.0,-1.0,True,,1.1e-09
3.0,-,106,20276.46957,3,8,-1.0,0.0,-1.0,0.01,20276.332979969047,0.13659003095381195,106,3,8,-1.0,0.0,-1.0,True,,5.4e-08
3.0,-,111,21032.54971,5,6,0.0,-1.0,-1.0,0.49,21032.516979634074,0.032730365925090155,111,5,6,0.0,-1.0,-1.0,True,,2.6e-06
3.0,-,113,21139.3925,2,14,-1.0,-1.0,-2.0,0.0017,21144.794249370058,-5.401749370055768,113,2,14,-1.0,-1.0,-2.0,True,,9.1e-09
3.0,-,116,21664.4998,3,9,-1.0,0.0,-1.0,0.0015,21664.305267599204,0.19453240079747047,116,3,9,-1.0,0.0,-1.0,True,,8.1e-09
3.0,-,128,22871.60638,5,7,0.0,-1.0,-1.0,0.64,22871.58545531778,0.020924682219629176,128,5,7,0.0,-1.0,-1.0,True,,3.4e-06
3.0,-,129,23027.62355,3,10,-1.0,0.0,-1.0,0.0013,23027.38535297791,0.23819702208857052,129,3,10,-1.0,0.0,-1.0,True,,7e-09
3.0,-,141,24365.73105,3,11,-1.0,0.0,-1.0,0.0011,24365.468388807818,0.26266119218053063,141,3,11,-1.0,0.0,-1.0,True,,5.9e-09
3.0,-,155,25678.68494,3,12,-1.0,0.0,-1.0,0.0022,25678.44158723596,0.2433527640387183,155,3,12,-1.0,0.0,-1.0,True,,1.2e-08
3.0,-,170,26966.33237,3,13,-1.0,0.0,-1.0,0.0019,26966.17213382712,0.16023617288010428,170,3,13,-1.0,0.0,-1.0,True,,1e-08
3.0,-,181,28228.50175,3,14,-1.0,0.0,-1.0,0.0008,28228.50052731242,0.0012226875805936288,181,3,14,-1.0,0.0,-1.0,True,,4.3e-09
3.0,-,193,29464.98522,3,15,-1.0,0.0,-1.0,0.0015,29465.22699815504,-0.2417781550429936,193,3,15,-1.0,0.0,-1.0,True,,8.1e-09
3.0,-,207,30675.5734,3,16,-1.0,0.0,-1.0,0.0002,30676.11605708772,-0.5426570877170889,206,3,16,-1.0,0.0,-1.0,True,,1.1e-09
4.0,+,1,36.2234,1,0,0.0,0.0,0.0,784.0,36.219196587515,0.004203412484997671,1,1,0,0.0,0.0,0.0,True,,0.0042
4.0,+,5,1863.33755,1,1,0.0,0.0,0.0,110.89,1863.336394476431,0.0011555235689684196,5,1,1,0.0,0.0,0.0,True,,0.0006
4.0,+,9,3662.16523,1,2,0.0,0.0,0.0,7.84,3662.149520886938,0.01570911306225753,9,1,2,0.0,0.0,0.0,True,,4.2e-05
4.0,+,15,5431.79158,1,3,0.0,0.0,0.0,4.0,5431.719890509214,0.07168949078641162,15,1,3,0.0,0.0,0.0,True,,2.2e-05
4.0,+,17,6265.21957,4,0,0.0,1.0,1.0,676.0,6265.251470912287,-0.03190091228680103,17,4,0,0.0,1.0,1.0,True,,0.0036
4.0,+,18,6292.02799,4,0,0.0,0.0,0.0,529.0,6292.074439445714,-0.046449445714642934,18,4,0,0.0,0.0,0.0,True,,0.0028
4.0,+,22,7171.06447,1,4,0.0,0.0,0.0,2.89,7170.927999065567,0.13647093443341873,22,1,4,0.0,0.0,0.0,True,,1.6e-05
4.0,+,23,7713.15081,4,1,0.0,1.0,1.0,5.76,7713.183409339654,-0.032599339653643256,23,4,1,0.0,1.0,1.0,True,,3.1e-05
4.0,+,24,7739.66497,4,1,0.0,0.0,0.0,4.0,7739.711163775253,-0.04619377525341406,24,4,1,0.0,0.0,0.0,True,,2.2e-05
4.0,+,29,8878.43203,1,5,0.0,0.0,0.0,2.89,8878.274914850073,0.15711514992653974,29,1,5,0.0,0.0,0.0,True,,1.6e-05
4.0,+,30,9138.9169,4,2,0.0,1.0,1.0,7.84,9138.993284018907,-0.07638401890653768,30,4,2,0.0,1.0,1.0,True,,4.2e-05
4.0,+,31,9165.13353,4,2,0.0,0.0,0.0,4.84,9165.225801925675,-0.09227192567595921,31,4,2,0.0,0.0,0.0,True,,2.6e-05
4.0,+,37,10542.53928,4,3,0.0,1.0,1.0,2.89,10542.623228900378,-0.08394890037743608,37,4,3,0.0,1.0,1.0,True,,1.6e-05
4.0,+,38,10551.84487,1,6,0.0,0.0,0.0,0.25,10551.762747600504,0.08212239949716604,38,1,6,0.0,0.0,0.0,True,,1.3e-06
4.0,+,39,10568.53608,4,3,0.0,0.0,0.0,2.56,10568.618492599206,-0.08241259920578159,39,4,3,0.0,0.0,0.0,True,,1.4e-05
4.0,+,45,11888.19937,7,0,2.0,0.0,2.0,25.0,11888.186583189072,0.012786810928446357,45,7,0,2.0,0.0,2.0,True,,0.00013
4.0,+,46,11924.22704,4,4,0.0,1.0,1.0,0.81,11924.276736553391,-0.04969655339118617,46,4,4,0.0,1.0,1.0,True,,4.4e-06
4.0,+,47,11949.86199,4,4,0.0,0.0,0.0,0.64,11949.918895244084,-0.05690524408419151,47,4,4,0.0,0.0,0.0,True,,3.4e-06
4.0,+,48,12188.40039,1,7,0.0,0.0,0.0,0.64,12188.49429789006,-0.09390789005919942,48,1,7,0.0,0.0,0.0,True,,3.4e-06
4.0,+,53,13272.4023,7,1,2.0,0.0,2.0,0.25,13272.41069498308,-0.00839498308050679,53,7,1,2.0,0.0,2.0,True,,1.3e-06
4.0,+,54,13283.92774,4,5,0.0,1.0,1.0,0.36,13283.949204711094,-0.021464711095177336,54,4,5,0.0,1.0,1.0,True,,1.9e-06
4.0,+,55,13309.2886,4,5,0.0,0.0,0.0,0.49,13309.296444015263,-0.007844015262890025,55,4,5,0.0,0.0,0.0,True,,2.6e-06
4.0,+,57,13784.35297,1,8,0.0,0.0,0.0,0.16,13784.405282128237,-0.05231212823673559,57,1,8,0.0,0.0,0.0,True,,8.6e-07
4.0,+,62,14621.8183,4,6,0.0,1.0,1.0,0.25,14621.788879436624,0.02942056337633403,62,4,6,0.0,1.0,1.0,True,,1.3e-06
4.0,+,63,14633.73711,7,2,2.0,0.0,2.0,0.36,14633.771111112379,-0.03400111237897363,63,7,2,2.0,0.0,2.0,True,,1.9e-06
4.0,+,64,14646.86529,4,6,0.0,0.0,0.0,0.16,14646.841180692238,0.024109307762046228,64,4,6,0.0,0.0,0.0,True,,8.6e-07
4.0,+,65,15226.01244,8,0,0.0,0.0,0.0,36.0,15226.027244426536,-0.01480442653519276,65,8,0,0.0,0.0,0.0,True,,0.00019
4.0,+,71,15937.93771,4,7,0.0,1.0,1.0,0.09,15937.917686986837,0.020023013163154246,71,4,7,0.0,1.0,1.0,True,,4.8e-07
4.0,+,72,15962.68705,4,7,0.0,0.0,0.0,0.09,15962.675106081004,0.011943918996621505,72,4,7,0.0,0.0,0.0,True,,4.8e-07
4.0,+,73,15972.2664,7,3,2.0,0.0,2.0,0.36,15972.281184629775,-0.01478462977502204,73,7,3,2.0,0.0,2.0,True,,1.9e-06
4.0,+,75,16646.28627,8,1,0.0,0.0,0.0,0.36,16646.277472965594,0.008797034406597959,75,8,1,0.0,0.0,0.0,True,,1.9e-06
4.0,+,80,17232.40588,4,8,0.0,1.0,1.0,0.04,17232.45325359097,-0.0473735909727111,80,4,8,0.0,1.0,1.0,True,,2.2e-07
4.0,+,81,17256.84736,4,8,0.0,0.0,0.0,0.09,17256.915803757896,-0.06844375789660262,81,4,8,0.0,0.0,0.0,True,,4.8e-07
4.0,+,83,17288.04889,7,4,2.0,0.0,2.0,0.49,17288.047390578125,0.0014994218727224506,83,7,4,2.0,0.0,2.0,True,,2.6e-06
4.0,+,85,18065.6312,8,2,0.0,0.0,0.0,0.09,18065.949307660852,-0.31810766085254727,85,8,2,0.0,0.0,0.0,True,,4.8e-07
4.0,+,92,18581.15699,7,5,2.0,0.0,2.0,0.25,18581.14628803428,0.010701965718908468,92,7,5,2.0,0.0,2.0,True,,1.3e-06
4.0,+,95,19486.52865,8,3,0.0,0.0,0.0,0.09,19486.448656075376,0.07999392462443211,95,8,3,0.0,0.0,0.0,True,,4.8e-07
4.0,+,100,19851.61753,7,6,2.0,0.0,2.0,0.36,19851.545546023568,0.07198397643151111,100,7,6,2.0,0.0,2.0,True,,1.9e-06
4.0,+,103,20004.71413,6,0,1.0,1.0,2.0,324.0,20004.78100724642,-0.06687724641960813,103,6,0,1.0,1.0,2.0,True,,0.0017
4.0,+,104,20028.42314,6,0,1.0,0.0,1.0,121.0,20028.415914206173,0.007225793826364679,104,6,0,1.0,0.0,1.0,True,,0.00065
4.0,+,105,20050.79738,6,0,1.0,-1.0,0.0,196.0,20050.798238018553,-0.0008580185531172901,105,6,0,1.0,-1.0,0.0,True,,0.0011
4.0,+,112,21099.58502,7,7,2.0,0.0,2.0,0.16,21099.50579111502,0.07922888497705571,112,7,7,2.0,0.0,2.0,True,,8.6e-07
4.0,+,117,21758.21855,6,1,1.0,1.0,2.0,2.56,21758.250621635692,-0.03207163569095428,117,6,1,1.0,1.0,2.0,True,,1.4e-05
4.0,+,118,21781.68424,6,1,1.0,0.0,1.0,2.89,21781.694075638978,-0.009835638978984207,118,6,1,1.0,0.0,1.0,True,,1.6e-05
4.0,+,119,21803.80493,6,1,1.0,-1.0,0.0,1.69,21803.840946733522,-0.036016733523865696,119,6,1,1.0,-1.0,0.0,True,,9.1e-06
4.0,+,124,22325.04652,7,8,2.0,0.0,2.0,0.04,22324.850508501706,0.1960114982939558,124,7,8,2.0,0.0,2.0,True,,2.2e-07
4.0,+,133,23474.22659,6,2,1.0,1.0,2.0,1.96,23473.863699878777,0.36289012122142594,133,6,2,1.0,1.0,2.0,True,,1.1e-05
4.0,+,134,23497.52622,6,2,1.0,0.0,1.0,1.21,23497.37303126373,0.15318873626893037,134,6,2,1.0,0.0,1.0,True,,6.5e-06
4.0,+,135,23519.40579,6,2,1.0,-1.0,0.0,0.49,23519.38444814514,0.021341854859201703,135,6,2,1.0,-1.0,0.0,True,,2.6e-06
4.0,+,151,25149.99359,6,3,1.0,1.0,2.0,4.84,25149.96496126114,0.028628738858969882,151,6,3,1.0,1.0,2.0,True,,2.6e-05
4.0,+,152,25172.86015,6,3,1.0,0.0,1.0,6.25,25172.8225811884,0.03756881160006742,152,6,3,1.0,0.0,1.0,True,,3.4e-05
4.0,+,153,25194.44874,6,3,1.0,-1.0,0.0,5.29,25194.43748505405,0.011254945948167006,153,6,3,1.0,-1.0,0.0,True,,2.8e-05
4.0,+,165,26780.56819,6,4,1.0,1.0,2.0,0.49,26780.52407284933,0.04411715067180921,165,6,4,1.0,1.0,2.0,True,,2.6e-06
4.0,+,166,26803.03161,6,4,1.0,0.0,1.0,0.09,26803.136542828244,-0.10493282824609196,166,6,4,1.0,0.0,1.0,True,,4.8e-07
4.0,+,167,26824.28277,6,4,1.0,-1.0,0.0,1.0,26824.076609657557,0.2061603424444911,168,6,4,1.0,-1.0,0.0,True,,5.4e-06
4.0,+,182,28361.1501,6,5,1.0,1.0,2.0,3.61,28361.15356963742,-0.0034696374204941094,182,6,5,1.0,1.0,2.0,True,,1.9e-05
4.0,+,183,28383.24507,6,5,1.0,0.0,1.0,6.76,28383.238640250922,0.006429749078961322,183,6,5,1.0,0.0,1.0,True,,3.6e-05
4.0,+,184,28404.14622,6,5,1.0,-1.0,0.0,4.0,28404.171733789164,-0.0255137891654158,184,6,5,1.0,-1.0,0.0,True,,2.2e-05
4.0,+,199,29882.2715,6,6,1.0,1.0,2.0,0.36,29884.544199457283,-2.272699457284034,199,6,6,1.0,1.0,2.0,True,,1.9e-06
4.0,+,200,29906.59448,6,6,1.0,0.0,1.0,0.49,29906.21064501068,0.38383498931943905,200,6,6,1.0,0.0,1.0,True,,2.6e-06
4.0,+,201,29928.19574,6,6,1.0,-1.0,0.0,0.25,29926.657592592073,1.5381474079258624,201,6,6,1.0,-1.0,0.0,True,,1.3e-06
4.0,+,215,31343.06959,6,7,1.0,1.0,2.0,1.0,31343.142304740213,-0.07271474021399627,215,6,7,1.0,1.0,2.0,True,,5.4e-06
4.0,+,216,31364.11926,6,7,1.0,0.0,1.0,1.96,31364.1157210617,0.0035389383010624442,216,6,7,1.0,0.0,1.0,True,,1.1e-05
4.0,+,217,31384.1434,6,7,1.0,-1.0,0.0,1.69,31384.165134693303,-0.021734693302278174,217,6,7,1.0,-1.0,0.0,True,,9.1e-06
4.0,+,229,32727.483,6,8,1.0,1.0,2.0,0.64,32727.539736339215,-0.05673633921469445,229,6,8,1.0,1.0,2.0,True,,3.4e-06
4.0,+,230,32747.96539,6,8,1.0,0.0,1.0,0.04,32747.995884462875,-0.030494462873321027,230,6,8,1.0,0.0,1.0,True,,2.2e-07
4.0,+,231,32767.53094,6,8,1.0,-1.0,0.0,0.01,32767.443658769367,0.08728123063337989,231,6,8,1.0,-1.0,0.0,True,,5.4e-08
4.0,+,242,34030.85272,6,9,1.0,1.0,2.0,0.0004,34030.792165602536,0.06055439746705815,242,6,9,1.0,1.0,2.0,True,,2.2e-09
4.0,+,243,34050.73479,6,9,1.0,0.0,1.0,0.0015,34050.56032341499,0.17446658501285128,243,6,9,1.0,0.0,1.0,True,,8.1e-09
4.0,+,245,34065.60593,6,9,1.0,-1.0,0.0,0.0,34069.01417593197,-3.4082459319688496,244,6,9,1.0,-1.0,0.0,True,,0.0
4.0,+,263,35251.07556,6,10,1.0,1.0,2.0,0.0202,35251.24475207816,-0.16919207815953996,259,6,10,1.0,1.0,2.0,True,,1.1e-07
4.0,+,264,35270.4303,6,10,1.0,0.0,1.0,0.0202,35270.2443093315,0.18599066849856172,261,6,10,1.0,0.0,1.0,True,,1.1e-07
4.0,+,265,35288.85356,6,10,1.0,-1.0,0.0,0.0079,35288.496944323386,0.35661567661736626,262,6,10,1.0,-1.0,0.0,True,,4.2e-08
4.0,+,276,36393.52963,6,11,1.0,1.0,2.0,0.0025,36394.49090210427,-0.9612721042722114,273,6,11,1.0,1.0,2.0,True,,1.3e-08
4.0,+,277,36412.33489,6,11,1.0,0.0,1.0,0.0011,36412.77363606899,-0.4387460689904401,274,6,11,1.0,0.0,1.0,True,,5.9e-09
4.0,+,290,37469.0103,6,12,1.0,1.0,2.0,0.006,37469.5661662822,-0.5558662822004408,287,6,12,1.0,1.0,2.0,True,,3.2e-08
4.0,+,291,37487.28517,6,12,1.0,0.0,1.0,0.0038,37487.14354595769,0.1416240423131967,288,6,12,1.0,0.0,1.0,True,,2e-08
4.0,+,292,37504.70763,6,12,1.0,-1.0,0.0,0.0022,37504.05332963007,0.6543003699262044,289,6,12,1.0,-1.0,0.0,True,,1.2e-08
4.0,-,1,623.47744,2,0,-1.0,-1.0,-2.0,484.0,623.471401262914,0.0060387370859871226,1,2,0,-1.0,-1.0,-2.0,True,,0.0026
4.0,-,2,648.04587,2,0,-1.0,0.0,-1.0,625.0,648.047981857538,-0.0021118575380114635,2,2,0,-1.0,0.0,-1.0,True,,0.0034
4.0,-,3,670.76602,2,0,-1.0,1.0,0.0,484.0,670.755943725058,0.010076274941980046,3,2,0,-1.0,1.0,0.0,True,,0.0026
4.0,-,4,2241.27933,2,1,-1.0,-1.0,-2.0,7.84,2241.267769595449,0.01156040455089169,4,2,1,-1.0,-1.0,-2.0,True,,4.2e-05
4.0,-,5,2265.72681,2,1,-1.0,0.0,-1.0,6.25,2265.719134362933,0.007675637067222851,5,2,1,-1.0,0.0,-1.0,True,,3.4e-05
4.0,-,6,2288.30498,2,1,-1.0,1.0,0.0,7.84,2288.284606547634,0.020373452365674893,6,2,1,-1.0,1.0,0.0,True,,4.2e-05
4.0,-,7,3835.76407,2,2,-1.0,-1.0,-2.0,4.41,3835.802977738027,-0.038907738026864536,7,2,2,-1.0,-1.0,-2.0,True,,2.4e-05
4.0,-,8,3860.09029,2,2,-1.0,0.0,-1.0,4.84,3860.132418624952,-0.04212862495205627,8,2,2,-1.0,0.0,-1.0,True,,2.6e-05
4.0,-,9,3882.52826,2,2,-1.0,1.0,0.0,4.0,3882.556971221673,-0.02871122167289286,9,2,2,-1.0,1.0,0.0,True,,2.2e-05
4.0,-,10,5406.82009,2,3,-1.0,-1.0,-2.0,1.0,5406.904389013548,-0.08429901354793401,10,2,3,-1.0,-1.0,-2.0,True,,5.4e-06
4.0,-,11,5431.12337,2,3,-1.0,0.0,-1.0,1.96,5431.115689898795,0.007680101205551182,11,2,3,-1.0,0.0,-1.0,True,,1.1e-05
4.0,-,12,5453.42295,2,3,-1.0,1.0,0.0,2.25,5453.400913160114,0.02203683988591365,12,2,3,-1.0,1.0,0.0,True,,1.2e-05
4.0,-,14,6954.72784,2,4,-1.0,-1.0,-2.0,1.0,6954.678116149194,0.04972385080600361,14,2,4,-1.0,-1.0,-2.0,True,,5.4e-06
4.0,-,15,6978.82189,2,4,-1.0,0.0,-1.0,1.0,6978.774359719177,0.047530280823593785,15,2,4,-1.0,0.0,-1.0,True,,5.4e-06
4.0,-,16,7000.98819,2,4,-1.0,1.0,0.0,0.64,7000.919601391688,0.06858860831198399,16,2,4,-1.0,1.0,0.0,True,,3.4e-06
4.0,-,18,8300.54976,3,0,-1.0,0.0,-1.0,441.0,8300.537877678842,0.011882321157827391,18,3,0,-1.0,0.0,-1.0,True,,0.0024
4.0,-,19,8479.1913,2,5,-1.0,-1.0,-2.0,2.25,8479.15098353595,0.040316464050192735,19,2,5,-1.0,-1.0,-2.0,True,,1.2e-05
4.0,-,20,8503.15755,2,5,-1.0,0.0,-1.0,2.56,8503.134068370067,0.023481629932575743,20,2,5,-1.0,0.0,-1.0,True,,1.4e-05
4.0,-,21,8525.19288,2,5,-1.0,1.0,0.0,0.81,8525.128026518896,0.06485348110436462,21,2,5,-1.0,1.0,0.0,True,,4.4e-06
4.0,-,23,9299.76815,5,0,0.0,-1.0,-1.0,729.0,9299.67664074491,0.09150925508947694,23,5,0,0.0,-1.0,-1.0,True,,0.0039
4.0,-,24,9334.35279,5,0,0.0,0.0,0.0,361.0,9334.473491080056,-0.12070108005536895,24,5,0,0.0,0.0,0.0,True,,0.0019
4.0,-,25,9884.25429,3,1,-1.0,0.0,-1.0,4.84,9884.246046826402,0.008243173599112197,25,3,1,-1.0,0.0,-1.0,True,,2.6e-05
4.0,-,26,9980.3334,2,6,-1.0,-1.0,-2.0,0.36,9980.291189919562,0.042210080437143915,26,2,6,-1.0,-1.0,-2.0,True,,1.9e-06
4.0,-,27,10004.18586,2,6,-1.0,0.0,-1.0,0.36,10004.166802722762,0.019057277237152448,27,2,6,-1.0,0.0,-1.0,True,,1.9e-06
4.0,-,28,10026.06119,2,6,-1.0,1.0,0.0,0.25,10026.052363525128,0.008826474871966639,28,2,6,-1.0,1.0,0.0,True,,1.3e-06
4.0,-,30,11331.26342,5,1,0.0,-1.0,-1.0,12.25,11331.315544954798,-0.05212495479827339,30,5,1,0.0,-1.0,-1.0,True,,6.6e-05
4.0,-,31,11365.6493,5,1,0.0,0.0,0.0,8.41,11365.47330905824,0.17599094175966457,31,5,1,0.0,0.0,0.0,True,,4.5e-05
4.0,-,32,11443.74026,3,2,-1.0,0.0,-1.0,4.0,11443.76835686173,-0.02809686172986403,32,3,2,-1.0,0.0,-1.0,True,,2.2e-05
4.0,-,33,11458.17893,2,7,-1.0,-1.0,-2.0,1.0,11458.075181831131,0.10374816886906046,33,2,7,-1.0,-1.0,-2.0,True,,5.4e-06
4.0,-,34,11481.92173,2,7,-1.0,0.0,-1.0,0.49,11481.866589053523,0.055140946476967656,34,2,7,-1.0,0.0,-1.0,True,,2.6e-06
4.0,-,35,11503.5858,2,7,-1.0,1.0,0.0,0.36,11503.86346823062,-0.2776682306193834,35,2,7,-1.0,1.0,0.0,True,,1.9e-06
4.0,-,38,12912.49147,2,8,-1.0,-1.0,-2.0,0.81,12912.422778955515,0.06869104448560392,38,2,8,-1.0,-1.0,-2.0,True,,4.4e-06
4.0,-,39,12936.09345,2,8,-1.0,0.0,-1.0,0.81,12936.078464006643,0.01498599335718609,39,2,8,-1.0,0.0,-1.0,True,,4.4e-06
4.0,-,40,12957.7089,2,8,-1.0,1.0,0.0,0.36,12957.61936663475,0.08953336524973565,40,2,8,-1.0,1.0,0.0,True,,1.9e-06
4.0,-,41,12978.9515,3,3,-1.0,0.0,-1.0,1.69,12978.942755810918,0.00874418908097141,41,3,3,-1.0,0.0,-1.0,True,,9.1e-06
4.0,-,44,13334.20611,5,2,0.0,-1.0,-1.0,1.44,13334.275745686591,-0.06963568659193697,44,5,2,0.0,-1.0,-1.0,True,,7.7e-06
4.0,-,45,13368.12794,5,2,0.0,0.0,0.0,0.49,13368.417936753358,-0.2899967533576273,45,5,2,0.0,0.0,0.0,True,,2.6e-06
4.0,-,46,14343.59959,2,9,-1.0,-1.0,-2.0,0.0533,14343.429208952899,0.17038104710081825,46,2,9,-1.0,-1.0,-2.0,True,,2.9e-07
4.0,-,47,14367.0815,2,9,-1.0,0.0,-1.0,0.0448,14366.990358598781,0.09114140121891978,47,2,9,-1.0,0.0,-1.0,True,,2.4e-07
4.0,-,48,14388.55711,2,9,-1.0,1.0,0.0,0.0181,14388.518816044765,0.038293955234621535,48,2,9,-1.0,1.0,0.0,True,,9.7e-08
4.0,-,49,14489.8219,3,4,-1.0,0.0,-1.0,1.69,14489.776786280534,0.045113719466826296,49,3,4,-1.0,0.0,-1.0,True,,9.1e-06
4.0,-,52,15306.86978,5,3,0.0,-1.0,-1.0,4.41,15306.832422193838,0.037357806162617635,52,5,3,0.0,-1.0,-1.0,True,,2.4e-05
4.0,-,53,15340.56077,5,3,0.0,0.0,0.0,1.69,15340.392992138859,0.16777786114107585,53,5,3,0.0,0.0,0.0,True,,9.1e-06
4.0,-,54,15751.37964,2,10,-1.0,-1.0,-2.0,0.0028,15751.170537522716,0.2091024772835226,54,2,10,-1.0,-1.0,-2.0,True,,1.5e-08
4.0,-,55,15774.7467,2,10,-1.0,0.0,-1.0,0.0013,15774.640634420668,0.10606557933169825,55,2,10,-1.0,0.0,-1.0,True,,7e-09
4.0,-,56,15796.0499,2,10,-1.0,1.0,0.0,0.0003,15796.169966739753,-0.12006673975338344,56,2,10,-1.0,1.0,0.0,True,,1.6e-09
4.0,-,59,15976.24556,3,5,-1.0,0.0,-1.0,0.25,15976.212332630052,0.03322736994778097,59,3,5,-1.0,0.0,-1.0,True,,1.3e-06
4.0,-,60,17135.64219,2,11,-1.0,-1.0,-2.0,0.0099,17135.789997674143,-0.14780767414413276,60,2,11,-1.0,-1.0,-2.0,True,,5.3e-08
4.0,-,61,17160.17857,2,11,-1.0,0.0,-1.0,0.0025,17159.106256443545,1.0723135564549011,61,2,11,-1.0,0.0,-1.0,True,,1.3e-08
4.0,-,67,17438.20173,3,6,-1.0,0.0,-1.0,0.25,17438.144536643627,0.05719335637331824,67,3,6,-1.0,0.0,-1.0,True,,1.3e-06
4.0,-,68,18496.83676,2,12,-1.0,-1.0,-2.0,0.001,18497.67931942173,-0.8425594217333128,68,2,12,-1.0,-1.0,-2.0,True,,5.4e-09
4.0,-,73,18875.54796,3,7,-1.0,0.0,-1.0,0.04,18875.45757080627,0.09038919373051613,73,3,7,-1.0,0.0,-1.0,True,,2.2e-07
4.0,-,74,19157.7867,5,5,0.0,-1.0,-1.0,1.0,19157.73642083659,0.05027916340986849,74,5,5,0.0,-1.0,-1.0,True,,5.4e-06
4.0,-,75,19190.80341,5,5,0.0,0.0,0.0,0.04,19190.580243334654,0.22316666534607066,75,5,5,0.0,0.0,0.0,True,,2.2e-07
4.0,-,77,19834.64331,2,13,-1.0,-1.0,-2.0,0.0009,19837.119307853896,-2.4759978538968426,77,2,13,-1.0,-1.0,-2.0,True,,4.8e-09
4.0,-,79,19857.64345,2,13,-1.0,0.0,-1.0,0.0002,19860.2877464442,-2.6442964441994263,79,2,13,-1.0,0.0,-1.0,True,,1.1e-09
4.0,-,84,20288.21937,3,8,-1.0,0.0,-1.0,0.01,20288.090492767613,0.12887723238600302,84,3,8,-1.0,0.0,-1.0,True,,5.4e-08
4.0,-,86,21032.76742,5,6,0.0,-1.0,-1.0,0.25,21032.861033194196,-0.09361319419622305,86,5,6,0.0,-1.0,-1.0,True,,1.3e-06
4.0,-,87,21065.49345,5,6,0.0,0.0,0.0,0.01,21064.907782875714,0.5856671242872835,87,5,6,0.0,0.0,0.0,True,,5.4e-08
4.0,-,89,21149.18281,2,14,-1.0,-1.0,-2.0,0.0008,21154.590541688478,-5.407731688479544,89,2,14,-1.0,-1.0,-2.0,True,,4.3e-09
4.0,-,92,21676.10847,3,9,-1.0,0.0,-1.0,0.0004,21675.921300426075,0.18716957392462064,92,3,9,-1.0,0.0,-1.0,True,,2.2e-09
4.0,-,101,22871.91299,5,7,0.0,-1.0,-1.0,0.36,22871.80975933805,0.1032306619490555,101,5,7,0.0,-1.0,-1.0,True,,1.9e-06
4.0,-,103,23039.09203,3,10,-1.0,0.0,-1.0,0.0003,23038.858934707598,0.23309529240214033,103,3,10,-1.0,0.0,-1.0,True,,1.6e-09
4.0,-,112,24377.05203,3,11,-1.0,0.0,-1.0,0.0003,24376.79836994125,0.25366005874820985,112,3,11,-1.0,0.0,-1.0,True,,1.6e-09
4.0,-,123,25689.85321,3,12,-1.0,0.0,-1.0,0.001,25689.626838972323,0.22637102767839679,123,3,12,-1.0,0.0,-1.0,True,,5.4e-09
4.0,-,135,26977.36968,3,13,-1.0,0.0,-1.0,0.0009,26977.211348802608,0.1583311973918171,135,3,13,-1.0,0.0,-1.0,True,,4.8e-09
4.0,-,144,28239.37639,3,14,-1.0,0.0,-1.0,0.0002,28239.39228717425,-0.01589717424940318,144,3,14,-1.0,0.0,-1.0,True,,1.1e-09
5.0,+,13,6292.18337,4,0,0.0,1.0,1.0,841.0,6292.076312912017,0.1070570879828665,13,4,0,0.0,1.0,1.0,True,,0.0045
5.0,+,17,7739.82792,4,1,0.0,1.0,1.0,8.41,7739.713913425212,0.11400657478770881,17,4,1,0.0,1.0,1.0,True,,4.5e-05
5.0,+,22,9165.29852,4,2,0.0,1.0,1.0,9.0,9165.229616418512,0.06890358148848463,22,4,2,0.0,1.0,1.0,True,,4.8e-05
5.0,+,29,10568.66123,4,3,0.0,1.0,1.0,4.41,10568.60485217158,0.056377828419499565,29,4,3,0.0,1.0,1.0,True,,2.4e-05
5.0,+,36,11902.74942,7,0,2.0,0.0,2.0,36.0,11902.73631969634,0.013100303660394275,36,7,0,2.0,0.0,2.0,True,,0.00019
5.0,+,37,11950.0234,4,4,0.0,1.0,1.0,0.49,11949.929798341536,0.09360165846374002,37,4,4,0.0,1.0,1.0,True,,2.6e-06
5.0,+,42,13286.78368,7,1,2.0,0.0,2.0,0.25,13286.79122633199,-0.007546331989942701,42,7,1,2.0,0.0,2.0,True,,1.3e-06
5.0,+,43,13309.44801,4,5,0.0,1.0,1.0,1.0,13309.309108411197,0.1389015888034919,43,4,5,0.0,1.0,1.0,True,,5.4e-06
5.0,+,50,14647.02264,4,6,0.0,1.0,1.0,0.25,14646.85619040161,0.1664495983895904,50,4,6,0.0,1.0,1.0,True,,1.3e-06
5.0,+,51,14647.95045,7,2,2.0,0.0,2.0,0.36,14647.98255840297,-0.03210840296924289,51,7,2,2.0,0.0,2.0,True,,1.9e-06
5.0,+,57,15962.8466,4,7,0.0,1.0,1.0,0.16,15962.692583871822,0.154016128179137,57,4,7,0.0,1.0,1.0,True,,8.6e-07
5.0,+,58,15986.30795,7,3,2.0,0.0,2.0,0.64,15986.323715149634,-0.015765149633807596,58,7,3,2.0,0.0,2.0,True,,3.4e-06
5.0,+,63,17257.01309,4,8,0.0,1.0,1.0,0.09,17256.93577152875,0.07731847124887281,63,4,8,0.0,1.0,1.0,True,,4.8e-07
5.0,+,65,17301.9223,7,4,2.0,0.0,2.0,0.64,17301.920989070823,0.001310929175815545,65,7,4,2.0,0.0,2.0,True,,3.4e-06
5.0,+,72,18594.86051,7,5,2.0,0.0,2.0,0.49,18594.850875988453,0.009634011545131216,72,7,5,2.0,0.0,2.0,True,,2.6e-06
5.0,+,78,19865.15419,7,6,2.0,0.0,2.0,0.36,19865.082999626524,0.07119037347729318,78,7,6,2.0,0.0,2.0,True,,1.9e-06
5.0,+,81,20019.83723,6,0,1.0,1.0,2.0,225.0,20019.898836251246,-0.06160625124539365,81,6,0,1.0,1.0,2.0,True,,0.0012
5.0,+,82,20045.93877,6,0,1.0,0.0,1.0,225.0,20045.96364448391,-0.024874483908206457,82,6,0,1.0,0.0,1.0,True,,0.0012
5.0,+,83,20071.72342,6,0,1.0,-1.0,0.0,196.0,20071.69525126302,0.02816873697884148,83,6,0,1.0,-1.0,0.0,True,,0.0011
5.0,+,88,21112.9461,7,7,2.0,0.0,2.0,0.25,21112.871618589135,0.07448141086570104,88,7,7,2.0,0.0,2.0,True,,1.3e-06
5.0,+,93,21773.17209,6,1,1.0,1.0,2.0,2.56,21773.20213316158,-0.030043161579669686,93,6,1,1.0,1.0,2.0,True,,1.4e-05
5.0,+,94,21799.00711,6,1,1.0,0.0,1.0,2.89,21799.0478326829,-0.040722682901105145,94,6,1,1.0,0.0,1.0,True,,1.6e-05
5.0,+,95,21824.51535,6,1,1.0,-1.0,0.0,2.56,21824.517285866852,-0.0019358668505446985,95,6,1,1.0,-1.0,0.0,True,,1.4e-05
5.0,+,97,22338.25405,7,8,2.0,0.0,2.0,0.04,22338.046101851123,0.2079481488763122,97,7,8,2.0,0.0,2.0,True,,2.2e-07
5.0,+,105,23488.99982,6,2,1.0,1.0,2.0,1.69,23488.653416725727,0.3464032742740528,105,6,2,1.0,1.0,2.0,True,,9.1e-06
5.0,+,106,23514.59774,6,2,1.0,0.0,1.0,1.69,23514.44880019359,0.14893980641136295,106,6,2,1.0,0.0,1.0,True,,9.1e-06
5.0,+,107,23539.89232,6,2,1.0,-1.0,0.0,0.16,23539.415386507837,0.47693349216206116,107,6,2,1.0,-1.0,0.0,True,,8.6e-07
5.0,+,120,25164.53504,6,3,1.0,1.0,2.0,7.29,25164.53592981543,-0.0008898154301277827,120,6,3,1.0,1.0,2.0,True,,3.9e-05
5.0,+,121,25189.70338,6,3,1.0,0.0,1.0,7.29,25189.7448660206,-0.04148602060013218,121,6,3,1.0,0.0,1.0,True,,3.9e-05
5.0,+,122,25214.57443,6,3,1.0,-1.0,0.0,4.0,25214.576535601387,-0.0021056013865745626,122,6,3,1.0,-1.0,0.0,True,,2.2e-05
5.0,+,131,26794.95186,6,4,1.0,1.0,2.0,0.81,26794.91034000092,0.041519999082083814,131,6,4,1.0,1.0,2.0,True,,4.4e-06
5.0,+,132,26819.76882,6,4,1.0,0.0,1.0,1.44,26819.612638078026,0.15618192197507597,132,6,4,1.0,0.0,1.0,True,,7.7e-06
5.0,+,133,26844.97345,6,4,1.0,-1.0,0.0,0.49,26844.66953286947,0.3039171305317723,134,6,4,1.0,-1.0,0.0,True,,2.6e-06
5.0,+,145,28375.26067,6,5,1.0,1.0,2.0,6.25,28375.273425422616,-0.012755422616464784,145,6,5,1.0,1.0,2.0,True,,3.4e-05
5.0,+,146,28399.59975,6,5,1.0,0.0,1.0,5.29,28399.66930313262,-0.06955313262005802,146,6,5,1.0,0.0,1.0,True,,2.8e-05
5.0,+,147,28423.6869,6,5,1.0,-1.0,0.0,2.25,28423.709124364006,-0.022224364005523967,147,6,5,1.0,-1.0,0.0,True,,1.2e-05
5.0,+,159,29900.16602,6,6,1.0,1.0,2.0,0.36,29898.411286315684,1.7547336843163066,159,6,6,1.0,1.0,2.0,True,,1.9e-06
5.0,+,160,29922.74228,6,6,1.0,0.0,1.0,0.25,29922.293314329076,0.4489656709229166,160,6,6,1.0,0.0,1.0,True,,1.3e-06
5.0,+,161,29947.1943,6,6,1.0,-1.0,0.0,0.25,29945.925868768973,1.268431231026625,161,6,6,1.0,-1.0,0.0,True,,1.3e-06
5.0,+,170,31356.5951,6,7,1.0,1.0,2.0,1.96,31356.679745811154,-0.08464581115549663,170,6,7,1.0,1.0,2.0,True,,1.1e-05
5.0,+,171,31381.18048,6,7,1.0,0.0,1.0,0.81,31379.939172063645,1.2413079363541328,171,6,7,1.0,0.0,1.0,True,,4.4e-06
5.0,+,172,31402.90887,6,7,1.0,-1.0,0.0,0.25,31402.922016459757,-0.01314645975799067,172,6,7,1.0,-1.0,0.0,True,,1.3e-06
5.0,+,181,32740.59335,6,8,1.0,1.0,2.0,0.64,32740.757250316306,-0.16390031630726298,181,6,8,1.0,1.0,2.0,True,,3.4e-06
5.0,+,182,32763.47065,6,8,1.0,0.0,1.0,0.04,32763.39470608388,0.07594391611928586,182,6,8,1.0,0.0,1.0,True,,2.2e-07
5.0,+,183,32785.81545,6,8,1.0,-1.0,0.0,0.16,32785.821177947466,-0.005727947464038152,183,6,8,1.0,-1.0,0.0,True,,8.6e-07
5.0,+,192,34043.65371,6,9,1.0,1.0,2.0,0.0015,34043.65979230297,-0.006082302970753517,192,6,9,1.0,1.0,2.0,True,,8.1e-09
5.0,+,194,34065.66313,6,9,1.0,0.0,1.0,0.0004,34065.315941415174,0.3471885848266538,193,6,9,1.0,0.0,1.0,True,,2.2e-09
5.0,+,196,34087.4002,6,9,1.0,-1.0,0.0,0.0004,34087.27694261059,0.12325738940853626,194,6,9,1.0,-1.0,0.0,True,,2.2e-09
5.0,+,209,35263.51737,6,10,1.0,1.0,2.0,0.0114,35263.6835191443,-0.16614914430101635,205,6,10,1.0,1.0,2.0,True,,6.1e-08
5.0,+,210,35284.79545,6,10,1.0,0.0,1.0,0.0114,35284.836906781806,-0.04145678180793766,207,6,10,1.0,0.0,1.0,True,,6.1e-08
5.0,+,211,35305.96846,6,10,1.0,-1.0,0.0,0.0051,35305.80201929976,0.16644070023903623,208,6,10,1.0,-1.0,0.0,True,,2.7e-08
5.0,+,220,36405.59736,6,11,1.0,1.0,2.0,0.0025,36406.55249325185,-0.9551332518531126,217,6,11,1.0,1.0,2.0,True,,1.3e-08
5.0,+,221,36426.27145,6,11,1.0,0.0,1.0,0.0003,36426.90680670193,-0.6353567019323236,218,6,11,1.0,0.0,1.0,True,,1.6e-09
5.0,+,231,37480.74843,6,12,1.0,1.0,2.0,0.0022,37481.26215960083,-0.5137296008324483,228,6,12,1.0,1.0,2.0,True,,1.2e-08
5.0,+,232,37500.8175,6,12,1.0,0.0,1.0,0.0002,37500.84226079192,-0.02476079192274483,229,6,12,1.0,0.0,1.0,True,,1.1e-09
5.0,-,2,637.69162,2,0,-1.0,-1.0,-2.0,625.0,637.691337235772,0.00028276422790440847,2,2,0,-1.0,-1.0,-2.0,True,,0.0034
5.0,-,3,663.63193,2,0,-1.0,0.0,-1.0,625.0,663.632941962411,-0.0010119624109847791,3,2,0,-1.0,0.0,-1.0,True,,0.0034
5.0,-,4,688.3235,2,0,-1.0,1.0,0.0,529.0,688.321876162328,0.0016238376720139058,4,2,0,-1.0,1.0,0.0,True,,0.0028
5.0,-,6,2255.36243,2,1,-1.0,-1.0,-2.0,8.41,2255.351695042567,0.010734957433214731,6,2,1,-1.0,-1.0,-2.0,True,,4.5e-05
5.0,-,7,2281.16002,2,1,-1.0,0.0,-1.0,10.89,2281.14670735872,0.013312641279753734,7,2,1,-1.0,0.0,-1.0,True,,5.9e-05
5.0,-,8,2305.67169,2,1,-1.0,1.0,0.0,7.29,2305.662972177095,0.008717822905055073,8,2,1,-1.0,1.0,0.0,True,,3.9e-05
5.0,-,10,3849.71529,2,2,-1.0,-1.0,-2.0,6.76,3849.750500523862,-0.035210523861678666,10,2,2,-1.0,-1.0,-2.0,True,,3.6e-05
5.0,-,11,3875.36269,2,2,-1.0,0.0,-1.0,4.41,3875.401471286141,-0.03878128614087473,11,2,2,-1.0,0.0,-1.0,True,,2.4e-05
5.0,-,12,3899.70426,2,2,-1.0,1.0,0.0,4.84,3899.747829640542,-0.04356964054204582,12,2,2,-1.0,1.0,0.0,True,,2.6e-05
5.0,-,13,5420.72757,2,3,-1.0,-1.0,-2.0,2.89,5420.715784596807,0.011785403193243837,13,2,3,-1.0,-1.0,-2.0,True,,1.6e-05
5.0,-,14,5446.2407,2,3,-1.0,0.0,-1.0,2.56,5446.225494011305,0.015205988695015549,14,2,3,-1.0,0.0,-1.0,True,,1.4e-05
5.0,-,16,5470.40168,2,3,-1.0,1.0,0.0,3.24,5470.406061325325,-0.004381325325084617,16,2,3,-1.0,1.0,0.0,True,,1.7e-05
5.0,-,19,6968.39966,2,4,-1.0,-1.0,-2.0,1.96,6968.353475569585,0.04618443041545106,19,2,4,-1.0,-1.0,-2.0,True,,1.1e-05
5.0,-,20,6993.77458,2,4,-1.0,0.0,-1.0,1.44,6993.722977314687,0.051602685312900576,20,2,4,-1.0,0.0,-1.0,True,,7.7e-06
5.0,-,21,7017.76391,2,4,-1.0,1.0,0.0,1.0,7017.742581335499,0.02132866450028814,21,2,4,-1.0,1.0,0.0,True,,5.4e-06
5.0,-,25,8316.62338,3,0,-1.0,0.0,-1.0,900.0,8316.615867931781,0.0075120682195120025,25,3,0,-1.0,0.0,-1.0,True,,0.0048
5.0,-,26,8492.73086,2,5,-1.0,-1.0,-2.0,4.84,8492.690716198835,0.04014380116495886,26,2,5,-1.0,-1.0,-2.0,True,,2.6e-05
5.0,-,27,8517.94846,2,5,-1.0,0.0,-1.0,1.69,8517.914043074656,0.03441692534397589,27,2,5,-1.0,0.0,-1.0,True,,9.1e-06
5.0,-,28,8541.77064,2,5,-1.0,1.0,0.0,0.49,8541.784092948072,-0.013452948071062565,28,2,5,-1.0,1.0,0.0,True,,2.6e-06
5.0,-,32,9334.05316,5,0,0.0,-1.0,-1.0,676.0,9334.070392063742,-0.017232063742994796,32,5,0,0.0,-1.0,-1.0,True,,0.0036
5.0,-,33,9900.15678,3,1,-1.0,0.0,-1.0,8.41,9900.15338883667,0.0033911633290699683,33,3,1,-1.0,0.0,-1.0,True,,4.5e-05
5.0,-,34,9993.71927,2,6,-1.0,-1.0,-2.0,1.0,9993.693320273713,0.025949726286853547,34,2,6,-1.0,-1.0,-2.0,True,,5.4e-06
5.0,-,35,10018.77399,2,6,-1.0,0.0,-1.0,0.49,10018.799293510201,-0.025303510201410973,35,2,6,-1.0,0.0,-1.0,True,,2.6e-06
5.0,-,36,10042.43232,2,6,-1.0,1.0,0.0,0.49,10042.49472261789,-0.062402617890256806,36,2,6,-1.0,1.0,0.0,True,,2.6e-06
5.0,-,40,11365.238,5,1,0.0,-1.0,-1.0,10.24,11365.207349635608,0.030650364391476614,40,5,1,0.0,-1.0,-1.0,True,,5.5e-05
5.0,-,41,11459.47059,3,2,-1.0,0.0,-1.0,9.0,11459.504170636668,-0.033580636667466024,41,3,2,-1.0,0.0,-1.0,True,,4.8e-05
5.0,-,42,11471.43038,2,7,-1.0,-1.0,-2.0,0.64,11471.330662880897,0.0997171191029338,42,2,7,-1.0,-1.0,-2.0,True,,3.4e-06
5.0,-,43,11496.32387,2,7,-1.0,0.0,-1.0,0.49,11496.473147466499,-0.14927746649846085,43,2,7,-1.0,0.0,-1.0,True,,2.6e-06
5.0,-,44,11519.80694,2,7,-1.0,1.0,0.0,0.36,11519.838519725832,-0.03157972583176161,44,2,7,-1.0,1.0,0.0,True,,1.9e-06
5.0,-,49,12925.61472,2,8,-1.0,-1.0,-2.0,1.0,12925.553695706192,0.06102429380734975,49,2,8,-1.0,-1.0,-2.0,True,,5.4e-06
5.0,-,50,12950.43462,2,8,-1.0,0.0,-1.0,1.0,12950.344909731668,0.08971026833205542,50,2,8,-1.0,0.0,-1.0,True,,5.4e-06
5.0,-,51,12973.52389,2,8,-1.0,1.0,0.0,0.81,12973.783953577009,-0.2600635770086228,51,2,8,-1.0,1.0,0.0,True,,4.4e-06
5.0,-,52,12994.51104,3,3,-1.0,0.0,-1.0,4.41,12994.507167317497,0.0038726825023331912,52,3,3,-1.0,0.0,-1.0,True,,2.4e-05
5.0,-,56,13367.83864,5,2,0.0,-1.0,-1.0,1.96,13368.000573430842,-0.16193343084160006,56,5,2,0.0,-1.0,-1.0,True,,1.1e-05
5.0,-,58,14356.57803,2,9,-1.0,-1.0,-2.0,0.0626,14356.417843641091,0.16018635890941368,58,2,9,-1.0,-1.0,-2.0,True,,3.4e-07
5.0,-,59,14381.23059,2,9,-1.0,0.0,-1.0,0.0533,14381.155057008129,0.07553299187020457,59,2,9,-1.0,0.0,-1.0,True,,2.9e-07
5.0,-,60,14404.31754,2,9,-1.0,1.0,0.0,0.03,14404.36510424054,-0.04756424053994124,60,2,9,-1.0,1.0,0.0,True,,1.6e-07
5.0,-,61,14505.20796,3,4,-1.0,0.0,-1.0,2.89,14505.169085239846,0.03887476015370339,61,3,4,-1.0,0.0,-1.0,True,,1.6e-05
5.0,-,66,15340.18665,5,3,0.0,-1.0,-1.0,2.56,15340.080237648639,0.10641235136063187,66,5,3,0.0,-1.0,-1.0,True,,1.4e-05
5.0,-,68,15764.20987,2,10,-1.0,-1.0,-2.0,0.0028,15764.016393714,0.19347628600007738,68,2,10,-1.0,-1.0,-2.0,True,,1.5e-08
5.0,-,74,15991.47905,3,5,-1.0,0.0,-1.0,1.21,15991.43191360275,0.04713639725014218,74,3,5,-1.0,0.0,-1.0,True,,6.5e-06
5.0,-,77,17148.37485,2,11,-1.0,-1.0,-2.0,0.0099,17148.521235113698,-0.14638511369776097,77,2,11,-1.0,-1.0,-2.0,True,,5.3e-08
5.0,-,78,17172.77289,2,11,-1.0,0.0,-1.0,0.0011,17172.709154949538,0.06373505046212813,78,2,11,-1.0,0.0,-1.0,True,,5.9e-09
5.0,-,84,17453.23683,3,6,-1.0,0.0,-1.0,0.49,17453.19063670517,0.04619329483102774,84,3,6,-1.0,0.0,-1.0,True,,2.6e-06
5.0,-,87,18509.40885,2,12,-1.0,-1.0,-2.0,0.0002,18510.25401469637,-0.8451646963694657,87,2,12,-1.0,-1.0,-2.0,True,,1.1e-09
5.0,-,93,18890.41124,3,7,-1.0,0.0,-1.0,0.16,18890.328966049503,0.0822739504983474,93,3,7,-1.0,0.0,-1.0,True,,8.6e-07
5.0,-,94,19190.42151,5,5,0.0,-1.0,-1.0,0.04,19190.26576491756,0.1557450824402622,94,5,5,0.0,-1.0,-1.0,True,,2.2e-07
5.0,-,99,19847.06443,2,13,-1.0,-1.0,-2.0,0.0002,19849.55359384074,-2.489163840742549,99,2,13,-1.0,-1.0,-2.0,True,,1.1e-09
5.0,-,106,20302.90287,3,8,-1.0,0.0,-1.0,0.01,20302.786158859555,0.1167111404465686,106,3,8,-1.0,0.0,-1.0,True,,5.4e-08
5.0,-,111,21065.02656,5,6,0.0,-1.0,-1.0,0.01,21064.78157967006,0.24498032993869856,111,5,6,0.0,-1.0,-1.0,True,,5.4e-08
5.0,-,113,21161.44756,2,14,-1.0,-1.0,-2.0,0.0002,21166.87880567782,-5.431245677820698,113,2,14,-1.0,-1.0,-2.0,True,,1.1e-09
5.0,-,116,21690.60847,3,9,-1.0,0.0,-1.0,0.0004,21690.440106936123,0.1683630638763134,116,3,9,-1.0,0.0,-1.0,True,,2.2e-09
5.0,-,128,22903.76803,5,7,0.0,-1.0,-1.0,0.01,22903.570829174827,0.19720082517233095,128,5,7,0.0,-1.0,-1.0,True,,5.4e-08
5.0,-,129,23053.41839,3,10,-1.0,0.0,-1.0,0.0013,23053.199628801907,0.21876119809166994,129,3,10,-1.0,0.0,-1.0,True,,7e-09
5.0,-,141,24391.20303,3,11,-1.0,0.0,-1.0,0.0003,24390.959595366698,0.243434633302968,141,3,11,-1.0,0.0,-1.0,True,,1.6e-09
5.0,-,155,25703.81621,3,12,-1.0,0.0,-1.0,0.001,25703.6071425398,0.2090674602004583,155,3,12,-1.0,0.0,-1.0,True,,5.4e-09
5.0,-,170,26991.14168,3,13,-1.0,0.0,-1.0,0.0009,26991.009094572128,0.1325854278729821,170,3,13,-1.0,0.0,-1.0,True,,4.8e-09
5.0,-,181,28252.97339,3,14,-1.0,0.0,-1.0,0.0002,28253.00566270703,-0.03227270703064278,181,3,14,-1.0,0.0,-1.0,True,,1.1e-09
6.0,+,1,76.05852,1,0,0.0,0.0,0.0,900.0,76.053818601121,0.004701398879007002,1,1,0,0.0,0.0,0.0,True,,0.0048
6.0,+,5,1902.77159,1,1,0.0,0.0,0.0,112.25,1902.770546551844,0.0010434481559968845,5,1,1,0.0,0.0,0.0,True,,0.0006
6.0,+,9,3701.19084,1,2,0.0,0.0,0.0,10.24,3701.179314084997,0.011525915003403497,9,1,2,0.0,0.0,0.0,True,,5.5e-05
6.0,+,15,5470.4012,1,3,0.0,0.0,0.0,5.76,5470.337444573639,0.0637554263612401,15,1,3,0.0,0.0,0.0,True,,3.1e-05
6.0,+,17,6292.03783,4,0,0.0,1.0,1.0,900.0,6292.075869530041,-0.0380395300408054,17,4,0,0.0,1.0,1.0,True,,0.0048
6.0,+,18,6330.77214,4,0,0.0,0.0,0.0,576.0,6330.813254027797,-0.04111402779653872,18,4,0,0.0,0.0,0.0,True,,0.0031
6.0,+,22,7209.24459,1,4,0.0,0.0,0.0,2.89,7209.122284772132,0.12230522786830988,22,1,4,0.0,0.0,0.0,True,,1.6e-05
6.0,+,23,7739.68355,4,1,0.0,1.0,1.0,8.41,7739.713854776039,-0.030304776038974524,23,4,1,0.0,1.0,1.0,True,,4.5e-05
6.0,+,24,7777.98795,4,1,0.0,0.0,0.0,4.0,7778.02486319966,-0.03691319966037554,24,4,1,0.0,0.0,0.0,True,,2.2e-05
6.0,+,29,8916.16675,1,5,0.0,0.0,0.0,2.89,8916.030812450457,0.1359375495430868,29,1,5,0.0,0.0,0.0,True,,1.6e-05
6.0,+,30,9165.15064,4,2,0.0,1.0,1.0,7.29,9165.229995843381,-0.07935584338156332,30,4,2,0.0,1.0,1.0,True,,3.9e-05
6.0,+,31,9203.03308,4,2,0.0,0.0,0.0,6.25,9203.114595416047,-0.08151541604820522,31,4,2,0.0,0.0,0.0,True,,3.4e-05
6.0,+,37,10568.49652,4,3,0.0,1.0,1.0,2.89,10568.584521268136,-0.08800126813548559,37,4,3,0.0,1.0,1.0,True,,1.6e-05
6.0,+,38,10589.09546,1,6,0.0,0.0,0.0,0.64,10589.041898082487,0.05356191751343431,38,1,6,0.0,0.0,0.0,True,,3.4e-06
6.0,+,39,10605.99985,4,3,0.0,0.0,0.0,2.89,10606.081737433764,-0.08188743376376806,39,4,3,0.0,0.0,0.0,True,,1.6e-05
6.0,+,45,11920.20609,7,0,2.0,0.0,2.0,36.0,11920.194330002683,0.011759997316403314,45,7,0,2.0,0.0,2.0,True,,0.00019
6.0,+,46,11949.87117,4,4,0.0,1.0,1.0,1.44,11949.925601935616,-0.05443193561586668,46,4,4,0.0,1.0,1.0,True,,7.7e-06
6.0,+,47,11986.9482,4,4,0.0,0.0,0.0,1.21,11986.958410238498,-0.010210238497165847,47,4,4,0.0,0.0,0.0,True,,6.5e-06
6.0,+,53,13304.03877,7,1,2.0,0.0,2.0,0.36,13304.046186480024,-0.007416480024403427,53,7,1,2.0,0.0,2.0,True,,1.9e-06
6.0,+,54,13309.29444,4,5,0.0,1.0,1.0,1.21,13309.304432546896,-0.009992546896683052,54,4,5,0.0,1.0,1.0,True,,6.5e-06
6.0,+,55,13345.91399,4,5,0.0,0.0,0.0,0.81,13345.911430087563,0.0025599124364816817,55,4,5,0.0,0.0,0.0,True,,4.4e-06
6.0,+,62,14646.86765,4,6,0.0,1.0,1.0,0.36,14646.850550234283,0.017099765716920956,62,4,6,0.0,1.0,1.0,True,,1.9e-06
6.0,+,63,14665.00541,7,2,2.0,0.0,2.0,0.36,14665.034612062294,-0.029202062294643838,63,7,2,2.0,0.0,2.0,True,,1.9e-06
6.0,+,64,14683.06125,4,6,0.0,0.0,0.0,0.36,14683.031798202557,0.02945179744347115,64,4,6,0.0,0.0,0.0,True,,1.9e-06
6.0,+,65,15258.46149,8,0,0.0,0.0,0.0,36.0,15258.470181666806,-0.00869166680604394,65,8,0,0.0,0.0,0.0,True,,0.00019
6.0,+,71,15962.69444,4,7,0.0,1.0,1.0,0.16,15962.685890911156,0.008549088843210484,71,4,7,0.0,1.0,1.0,True,,8.6e-07
6.0,+,72,15998.46152,4,7,0.0,0.0,0.0,0.25,15998.441487556882,0.020032443118907395,72,4,7,0.0,0.0,0.0,True,,1.3e-06
6.0,+,73,16003.15877,7,3,2.0,0.0,2.0,0.64,16003.173064641005,-0.014294641005108133,73,7,3,2.0,0.0,2.0,True,,3.4e-06
6.0,+,75,16678.50338,8,1,0.0,0.0,0.0,0.36,16678.486252361374,0.017127638624515384,75,8,1,0.0,0.0,0.0,True,,1.9e-06
6.0,+,80,17256.86169,4,8,0.0,1.0,1.0,0.09,17256.92806829495,-0.0663782949486631,80,4,8,0.0,1.0,1.0,True,,4.8e-07
6.0,+,81,17292.19586,4,8,0.0,0.0,0.0,0.09,17292.25803339945,-0.06217339944851119,81,4,8,0.0,0.0,0.0,True,,4.8e-07
6.0,+,83,17318.57334,7,4,2.0,0.0,2.0,0.81,17318.567614735442,0.005725264556531329,83,7,4,2.0,0.0,2.0,True,,4.4e-06
6.0,+,85,18097.65847,8,2,0.0,0.0,0.0,0.09,18097.96615321657,-0.30768321657160413,85,8,2,0.0,0.0,0.0,True,,4.8e-07
6.0,+,92,18611.3044,7,5,2.0,0.0,2.0,0.25,18611.294682819647,0.00971718035361846,92,7,5,2.0,0.0,2.0,True,,1.3e-06
6.0,+,95,19518.37527,8,3,0.0,0.0,0.0,0.09,19518.281212351303,0.09405764869734412,95,8,3,0.0,0.0,0.0,True,,4.8e-07
6.0,+,100,19881.39111,7,6,2.0,0.0,2.0,0.25,19881.32612325222,0.06498674778049462,100,7,6,2.0,0.0,2.0,True,,1.3e-06
6.0,+,103,20038.18038,6,0,1.0,1.0,2.0,324.0,20038.228766691886,-0.04838669188393396,103,6,0,1.0,1.0,2.0,True,,0.0017
6.0,+,104,20066.24694,6,0,1.0,0.0,1.0,196.0,20066.24007750568,0.006862494319648249,104,6,0,1.0,0.0,1.0,True,,0.0011
6.0,+,105,20094.69116,6,0,1.0,-1.0,0.0,196.0,20094.71021036249,-0.019050362490816042,105,6,0,1.0,-1.0,0.0,True,,0.0011
6.0,+,112,21128.98638,7,7,2.0,0.0,2.0,0.36,21128.90889500701,0.0774849929875927,112,7,7,2.0,0.0,2.0,True,,1.9e-06
6.0,+,117,21791.30871,6,1,1.0,1.0,2.0,1.96,21791.328028465767,-0.01931846576553653,117,6,1,1.0,1.0,2.0,True,,1.1e-05
6.0,+,118,21819.07409,6,1,1.0,0.0,1.0,3.24,21819.069414355494,0.004675644504459342,118,6,1,1.0,0.0,1.0,True,,1.7e-05
6.0,+,119,21847.19923,6,1,1.0,-1.0,0.0,1.44,21847.24062575139,-0.041395751391974045,119,6,1,1.0,-1.0,0.0,True,,7.7e-06
6.0,+,124,22354.08491,7,8,2.0,0.0,2.0,0.04,22353.87909848201,0.2058115179897868,124,7,8,2.0,0.0,2.0,True,,2.2e-07
6.0,+,133,23506.93805,6,2,1.0,1.0,2.0,1.21,23506.58644143149,0.3516085685114376,133,6,2,1.0,1.0,2.0,True,,6.5e-06
6.0,+,134,23534.37234,6,2,1.0,0.0,1.0,1.0,23534.064756459233,0.30758354076897376,134,6,2,1.0,0.0,1.0,True,,5.4e-06
6.0,+,136,23562.38278,6,2,1.0,-1.0,0.0,0.25,23562.58234708983,-0.19956708982863347,136,6,2,1.0,-1.0,0.0,True,,1.3e-06
6.0,+,151,25182.25644,6,3,1.0,1.0,2.0,5.29,25182.205846403518,0.050593596482940484,151,6,3,1.0,1.0,2.0,True,,2.8e-05
6.0,+,152,25209.30003,6,3,1.0,0.0,1.0,4.41,25209.25059543902,0.0494345609768061,152,6,3,1.0,0.0,1.0,True,,2.4e-05
6.0,+,153,25236.71035,6,3,1.0,-1.0,0.0,3.61,25236.730041983472,-0.01969198347069323,153,6,3,1.0,-1.0,0.0,True,,1.9e-05
6.0,+,165,26812.21528,6,4,1.0,1.0,2.0,0.36,26812.23466546034,-0.019385460338526173,165,6,4,1.0,1.0,2.0,True,,1.9e-06
6.0,+,166,26838.36566,6,4,1.0,-1.0,0.0,0.64,26838.999914353415,-0.6342543534155993,166,6,4,1.0,0.0,1.0,False,,3.4e-06
6.0,+,167,26865.75341,6,4,1.0,0.0,1.0,0.49,26864.90556170997,0.847848290031834,168,6,4,1.0,-1.0,0.0,False,,2.6e-06
6.0,+,182,28392.39871,6,5,1.0,1.0,2.0,3.24,28392.402288464928,-0.0035784649262495805,182,6,5,1.0,1.0,2.0,True,,1.7e-05
6.0,+,183,28418.5803,6,5,1.0,0.0,1.0,2.56,28418.557036907587,0.023263092414708808,183,6,5,1.0,0.0,1.0,True,,1.4e-05
6.0,+,184,28445.11743,6,5,1.0,-1.0,0.0,2.25,28445.18242214268,-0.06499214268114883,184,6,5,1.0,-1.0,0.0,True,,1.2e-05
6.0,+,198,29916.24133,6,6,1.0,1.0,2.0,0.16,29915.194217966036,1.0471120339643676,199,6,6,1.0,1.0,2.0,True,,8.6e-07
6.0,+,199,29941.24494,6,6,1.0,0.0,1.0,0.25,29940.87232601838,0.37261398162081605,200,6,6,1.0,0.0,1.0,True,,1.3e-06
6.0,+,200,29968.10583,6,6,1.0,-1.0,0.0,0.16,29966.846116409008,1.2597135909927601,201,6,6,1.0,-1.0,0.0,True,,8.6e-07
6.0,+,216,31373.0565,6,7,1.0,1.0,2.0,0.001,31373.123501830625,-0.06700183062639553,215,6,7,1.0,1.0,2.0,True,,5.4e-09
6.0,+,217,31398.08151,6,7,1.0,-1.0,0.0,0.001,31398.056624451903,0.024885548096790444,216,6,7,1.0,-1.0,0.0,True,,5.4e-09
6.0,+,218,31423.49549,6,7,1.0,0.0,1.0,0.001,31423.592981105747,-0.09749110574557562,217,6,7,1.0,0.0,1.0,True,,5.4e-09
6.0,+,228,32756.55685,6,8,1.0,1.0,2.0,0.001,32756.774394051867,-0.21754405186584336,229,6,8,1.0,1.0,2.0,True,,5.4e-09
6.0,+,229,32781.13193,6,8,1.0,-1.0,0.0,0.001,32781.09837777236,0.03355222764366772,230,6,8,1.0,-1.0,0.0,True,,5.4e-09
6.0,+,230,32805.967,6,8,1.0,0.0,1.0,0.001,32805.85916312266,0.10783687733783154,231,6,8,1.0,0.0,1.0,True,,5.4e-09
6.0,+,242,34058.9947,6,9,1.0,1.0,2.0,0.001,34059.09619667724,-0.10149667723453604,242,6,9,1.0,1.0,2.0,True,,5.4e-09
6.0,+,243,34082.89537,6,9,1.0,-1.0,0.0,0.001,34082.740678311566,0.15469168843264924,243,6,9,1.0,-1.0,0.0,True,,5.4e-09
6.0,+,246,34107.08819,6,9,1.0,0.0,1.0,0.001,34105.910203242274,1.177986757727922,244,6,9,1.0,0.0,1.0,True,,5.4e-09
6.0,+,263,35278.69343,6,10,1.0,1.0,2.0,0.001,35278.79333604288,-0.09990604288032046,259,6,10,1.0,1.0,2.0,True,,5.4e-09
6.0,+,264,35301.70864,6,10,1.0,-1.0,0.0,0.001,35301.48483334347,0.22380665652599419,261,6,10,1.0,-1.0,0.0,True,,5.4e-09
6.0,+,265,35325.07648,6,10,1.0,0.0,1.0,0.001,35324.80176156534,0.27471843466628343,262,6,10,1.0,0.0,1.0,True,,5.4e-09
6.0,+,276,36420.27285,6,11,1.0,1.0,2.0,0.001,36421.17512560978,-0.9022756097765523,273,6,11,1.0,1.0,2.0,True,,5.4e-09
6.0,+,277,36442.62962,6,11,1.0,-1.0,0.0,0.001,36443.08686761921,-0.4572476192115573,274,6,11,1.0,-1.0,0.0,True,,5.4e-09
6.0,+,290,37494.99103,6,12,1.0,1.0,2.0,0.001,37495.4205473736,-0.4295173736027209,287,6,12,1.0,1.0,2.0,True,,5.4e-09
6.0,+,291,37516.75159,6,12,1.0,-1.0,0.0,0.001,37516.56730944659,0.18428055341064464,288,6,12,1.0,-1.0,0.0,True,,5.4e-09
6.0,-,1,654.96,2,0,-1.0,-1.0,-2.0,676.0,654.954573053075,0.005426946925012999,1,2,0,-1.0,-1.0,-2.0,True,,0.0036
6.0,-,2,683.26891,2,0,-1.0,0.0,-1.0,961.0,683.269951787473,-0.0010417874730137555,2,2,0,-1.0,0.0,-1.0,True,,0.0052
6.0,-,3,711.20694,2,0,-1.0,1.0,0.0,676.0,711.202804742811,0.004135257188977448,3,2,0,-1.0,1.0,0.0,True,,0.0036
6.0,-,4,2272.45848,2,1,-1.0,-1.0,-2.0,7.84,2272.446021097829,0.012458902170692454,4,2,1,-1.0,-1.0,-2.0,True,,4.2e-05
6.0,-,5,2300.59298,2,1,-1.0,0.0,-1.0,10.89,2300.581513426419,0.011466573580946715,5,2,1,-1.0,0.0,-1.0,True,,5.9e-05
6.0,-,6,2328.31984,2,1,-1.0,1.0,0.0,9.61,2328.298915114977,0.02092488502330525,6,2,1,-1.0,1.0,0.0,True,,5.2e-05
6.0,-,7,3866.6346,2,2,-1.0,-1.0,-2.0,4.84,3866.675138294068,-0.040538294068028335,7,2,2,-1.0,-1.0,-2.0,True,,2.6e-05
6.0,-,8,3894.59277,2,2,-1.0,0.0,-1.0,4.84,3894.633568927506,-0.040798927505875326,8,2,2,-1.0,0.0,-1.0,True,,2.6e-05
6.0,-,9,3922.11108,2,2,-1.0,1.0,0.0,4.84,3922.135621442548,-0.024541442548070336,9,2,2,-1.0,1.0,0.0,True,,2.6e-05
6.0,-,10,5437.48909,2,3,-1.0,-1.0,-2.0,1.69,5437.470643875221,0.018446124779075035,10,2,3,-1.0,-1.0,-2.0,True,,9.1e-06
6.0,-,11,5465.25723,2,3,-1.0,0.0,-1.0,2.89,5465.255741941366,0.0014880586340950686,11,2,3,-1.0,0.0,-1.0,True,,1.6e-05
6.0,-,12,5492.5804,2,3,-1.0,1.0,0.0,1.69,5492.542503062945,0.03789693705493846,12,2,3,-1.0,1.0,0.0,True,,9.1e-06
6.0,-,14,6984.9831,2,4,-1.0,-1.0,-2.0,1.21,6984.937863415103,0.045236584897793364,14,2,4,-1.0,-1.0,-2.0,True,,6.5e-06
6.0,-,15,7012.58306,2,4,-1.0,0.0,-1.0,1.44,7012.552917257348,0.030142742652060406,15,2,4,-1.0,0.0,-1.0,True,,7.7e-06
6.0,-,16,7039.71393,2,4,-1.0,1.0,0.0,0.64,7039.621075279045,0.0928547209550743,16,2,4,-1.0,1.0,0.0,True,,3.4e-06
6.0,-,18,8335.92223,3,0,-1.0,0.0,-1.0,441.0,8335.907723803639,0.014506196361253387,18,3,0,-1.0,0.0,-1.0,True,,0.0024
6.0,-,19,8509.12583,2,5,-1.0,-1.0,-2.0,0.64,8509.102097602148,0.023732397852654685,19,2,5,-1.0,-1.0,-2.0,True,,3.4e-06
6.0,-,20,8536.55941,2,5,-1.0,0.0,-1.0,0.64,8536.550921475528,0.008488524472340941,20,2,5,-1.0,0.0,-1.0,True,,3.4e-06
6.0,-,21,8563.48358,2,5,-1.0,1.0,0.0,0.49,8563.380515204477,0.10306479552309611,21,2,5,-1.0,1.0,0.0,True,,2.6e-06
6.0,-,23,9334.41124,5,0,0.0,-1.0,-1.0,576.0,9334.285388082471,0.12585191752805258,23,5,0,0.0,-1.0,-1.0,True,,0.0031
6.0,-,24,9384.30749,5,0,0.0,0.0,0.0,169.0,9384.482568473795,-0.17507847379602026,24,5,0,0.0,0.0,0.0,True,,0.00091
6.0,-,25,9919.25126,3,1,-1.0,0.0,-1.0,6.25,9919.240489423652,0.01077057634756784,25,3,1,-1.0,0.0,-1.0,True,,3.4e-05
6.0,-,26,10009.95554,2,6,-1.0,-1.0,-2.0,0.64,10009.938243655433,0.01729634456751228,26,2,6,-1.0,-1.0,-2.0,True,,3.4e-06
6.0,-,27,10037.2003,2,6,-1.0,0.0,-1.0,0.81,10037.219616015029,-0.019316015028380207,27,2,6,-1.0,0.0,-1.0,True,,4.4e-06
6.0,-,28,10063.88827,2,6,-1.0,1.0,0.0,0.36,10063.877879974256,0.010390025743618025,28,2,6,-1.0,1.0,0.0,True,,1.9e-06
6.0,-,30,11365.42555,5,1,0.0,-1.0,-1.0,6.76,11365.536217713074,-0.11066771307378076,30,5,1,0.0,-1.0,-1.0,True,,3.6e-05
6.0,-,31,11415.04121,5,1,0.0,0.0,0.0,2.25,11414.780111702814,0.26109829718552646,31,5,1,0.0,0.0,0.0,True,,1.2e-05
6.0,-,32,11478.35953,3,2,-1.0,0.0,-1.0,5.29,11478.385531091288,-0.02600109128798067,32,3,2,-1.0,0.0,-1.0,True,,2.8e-05
6.0,-,33,11487.63196,2,7,-1.0,-1.0,-2.0,0.81,11487.451802764259,0.18015723574171716,33,2,7,-1.0,-1.0,-2.0,True,,4.4e-06
6.0,-,34,11514.65808,2,7,-1.0,0.0,-1.0,0.49,11514.552603439233,0.10547656076596468,34,2,7,-1.0,0.0,-1.0,True,,2.6e-06
6.0,-,35,11541.05134,2,7,-1.0,1.0,0.0,0.36,11541.43106355997,-0.3797235599704436,35,2,7,-1.0,1.0,0.0,True,,1.9e-06
6.0,-,38,12941.45847,2,8,-1.0,-1.0,-2.0,1.0,12941.441760271358,0.016709728641217225,38,2,8,-1.0,-1.0,-2.0,True,,5.4e-06
6.0,-,39,12968.38213,2,8,-1.0,0.0,-1.0,0.64,12968.404026377304,-0.02189637730407412,39,2,8,-1.0,0.0,-1.0,True,,3.4e-06
6.0,-,40,12994.6562,2,8,-1.0,1.0,0.0,0.49,12994.511721387176,0.1444786128231499,40,2,8,-1.0,1.0,0.0,True,,2.6e-06
6.0,-,41,13013.19368,3,3,-1.0,0.0,-1.0,2.25,13013.182703962482,0.010976037518048543,41,3,3,-1.0,0.0,-1.0,True,,1.2e-05
6.0,-,44,13368.2265,5,2,0.0,-1.0,-1.0,1.21,13368.168365047259,0.05813495274196612,44,5,2,0.0,-1.0,-1.0,True,,6.5e-06
6.0,-,45,13417.16008,5,2,0.0,0.0,0.0,0.09,13417.416985018715,-0.25690501871577,45,5,2,0.0,0.0,0.0,True,,4.8e-07
6.0,-,46,14372.30975,2,9,-1.0,-1.0,-2.0,0.0626,14372.153269901037,0.15648009896358417,46,2,9,-1.0,-1.0,-2.0,True,,3.4e-07
6.0,-,47,14399.02074,2,9,-1.0,0.0,-1.0,0.03,14398.945932096234,0.07480790376575897,47,2,9,-1.0,0.0,-1.0,True,,1.6e-07
6.0,-,48,14425.08508,2,9,-1.0,1.0,0.0,0.0181,14425.028896367441,0.05618363255962322,48,2,9,-1.0,1.0,0.0,True,,9.7e-08
6.0,-,49,14523.68242,3,4,-1.0,0.0,-1.0,1.69,14523.638084617316,0.044335382683129865,49,3,4,-1.0,0.0,-1.0,True,,9.1e-06
6.0,-,52,15340.46107,5,3,0.0,-1.0,-1.0,1.69,15340.34323648245,0.11783351755002514,52,5,3,0.0,-1.0,-1.0,True,,9.1e-06
6.0,-,53,15389.04443,5,3,0.0,0.0,0.0,0.09,15388.754567538677,0.2898624613226275,53,5,3,0.0,0.0,0.0,True,,4.8e-07
6.0,-,59,16009.74378,3,5,-1.0,0.0,-1.0,0.64,16009.693649698953,0.05013030104782956,59,3,5,-1.0,0.0,-1.0,True,,3.4e-06
6.0,-,60,17163.59377,2,11,-1.0,-1.0,-2.0,0.0025,17163.840168062103,-0.24639806210325332,60,2,11,-1.0,-1.0,-2.0,True,,1.3e-08
6.0,-,67,17471.29511,3,6,-1.0,0.0,-1.0,0.25,17471.244550078613,0.05055992138659349,67,3,6,-1.0,0.0,-1.0,True,,1.3e-06
6.0,-,73,18908.25503,3,7,-1.0,0.0,-1.0,0.04,18908.17282562684,0.08220437316049356,73,3,7,-1.0,0.0,-1.0,True,,2.2e-07
6.0,-,77,19862.12692,2,13,-1.0,-1.0,-2.0,0.0002,19864.625592811433,-2.498672811434517,77,2,13,-1.0,-1.0,-2.0,True,,1.1e-09
6.0,-,84,20320.53419,3,8,-1.0,0.0,-1.0,0.01,20320.419161876638,0.11502812336038915,84,3,8,-1.0,0.0,-1.0,True,,5.4e-08
6.0,-,86,21065.25392,5,6,0.0,-1.0,-1.0,0.01,21065.20476140816,0.0491585918389319,86,5,6,0.0,-1.0,-1.0,True,,5.4e-08
6.0,-,92,21708.02959,3,9,-1.0,0.0,-1.0,0.0004,21707.860868616153,0.16872138384496793,92,3,9,-1.0,0.0,-1.0,True,,2.2e-09
6.0,-,101,22904.08503,5,7,0.0,-1.0,-1.0,0.01,22903.799806853676,0.285223146322096,101,5,7,0.0,-1.0,-1.0,True,,5.4e-08
6.0,-,103,23070.61875,3,10,-1.0,0.0,-1.0,0.0003,23070.406711542422,0.21203845757918316,103,3,10,-1.0,0.0,-1.0,True,,1.6e-09
7.0,+,13,6330.92549,4,0,0.0,1.0,1.0,1156.0,6330.815277159622,0.11021284037724399,13,4,0,0.0,1.0,1.0,True,,0.0062
7.0,+,17,7778.1427,4,1,0.0,1.0,1.0,9.0,7778.027939746891,0.11476025310912519,17,4,1,0.0,1.0,1.0,True,,4.8e-05
7.0,+,22,9203.19094,4,2,0.0,1.0,1.0,11.56,9203.118911766074,0.07202823392617574,22,4,2,0.0,1.0,1.0,True,,6.2e-05
7.0,+,29,10606.13619,4,3,0.0,1.0,1.0,4.41,10606.069582780672,0.06660721932712477,29,4,3,0.0,1.0,1.0,True,,2.4e-05
7.0,+,36,11940.57134,7,0,2.0,0.0,2.0,36.0,11940.559701340198,0.011638659801974427,36,7,0,2.0,0.0,2.0,True,,0.00019
7.0,+,37,11987.06223,4,4,0.0,1.0,1.0,1.0,11986.97000400307,0.09222599693021039,37,4,4,0.0,1.0,1.0,True,,5.4e-06
7.0,+,42,13324.16736,7,1,2.0,0.0,2.0,0.36,13324.174660530685,-0.007300530685824924,42,7,1,2.0,0.0,2.0,True,,1.9e-06
7.0,+,43,13346.05928,4,5,0.0,1.0,1.0,0.81,13345.92493689675,0.13434310324919352,43,4,5,0.0,1.0,1.0,True,,4.4e-06
7.0,+,50,14683.21572,4,6,0.0,1.0,1.0,0.25,14683.047785285626,0.16793471437449625,50,4,6,0.0,1.0,1.0,True,,1.3e-06
7.0,+,51,14684.89448,7,2,2.0,0.0,2.0,0.36,14684.926355859749,-0.03187585974774265,51,7,2,2.0,0.0,2.0,True,,1.9e-06
7.0,+,57,15998.61493,4,7,0.0,1.0,1.0,0.09,15998.460080076124,0.15484992387609964,57,4,7,0.0,1.0,1.0,True,,4.8e-07
7.0,+,58,16022.81963,7,3,2.0,0.0,2.0,0.64,16022.828312484848,-0.008682484847668093,58,7,3,2.0,0.0,2.0,True,,3.4e-06
7.0,+,63,17292.34489,4,8,0.0,1.0,1.0,0.09,17292.27926659504,0.06562340496020624,63,4,8,0.0,1.0,1.0,True,,4.8e-07
7.0,+,65,17337.99033,7,4,2.0,0.0,2.0,0.81,17337.986344347646,0.00398565235445858,65,7,4,2.0,0.0,2.0,True,,4.4e-06
7.0,+,72,18630.48701,7,5,2.0,0.0,2.0,0.64,18630.476781937705,0.01022806229593698,72,7,5,2.0,0.0,2.0,True,,3.4e-06
7.0,+,78,19900.339,7,6,2.0,0.0,2.0,0.64,19900.27393245233,0.06506754766814993,78,7,6,2.0,0.0,2.0,True,,3.4e-06
7.0,+,81,20059.87466,6,0,1.0,1.0,2.0,400.0,20059.923303384156,-0.04864338415427483,81,6,0,1.0,1.0,2.0,True,,0.0022
7.0,+,82,20090.94891,6,0,1.0,-1.0,0.0,324.0,20090.97896093219,-0.03005093218962429,82,6,0,1.0,-1.0,0.0,True,,0.0017
7.0,+,83,20122.77554,6,0,1.0,0.0,1.0,144.0,20122.748347942033,0.027192057965294225,83,6,0,1.0,0.0,1.0,True,,0.00077
7.0,+,88,21147.68344,7,7,2.0,0.0,2.0,0.25,21147.6166841244,0.06675587559948326,88,7,7,2.0,0.0,2.0,True,,1.3e-06
7.0,+,93,21812.75206,6,1,1.0,1.0,2.0,2.25,21812.77792515346,-0.025865153460472357,93,6,1,1.0,1.0,2.0,True,,1.2e-05
7.0,+,94,21843.4945,6,1,1.0,-1.0,0.0,2.56,21843.537389036883,-0.04288903688211576,94,6,1,1.0,-1.0,0.0,True,,1.4e-05
7.0,+,95,21874.96846,6,1,1.0,0.0,1.0,2.25,21874.968828331992,-0.0003683319919218775,95,6,1,1.0,0.0,1.0,True,,1.2e-05
7.0,+,97,22372.55247,7,8,2.0,0.0,2.0,0.01,22372.348562986128,0.2039070138707757,97,7,8,2.0,0.0,2.0,True,,5.4e-08
7.0,+,105,23528.10082,6,2,1.0,1.0,2.0,1.21,23527.7661652619,0.33465473810065305,105,6,2,1.0,1.0,2.0,True,,6.5e-06
7.0,+,106,23558.49421,6,2,1.0,-1.0,0.0,0.16,23558.066017198842,0.4281928011587297,106,6,2,1.0,-1.0,0.0,True,,8.6e-07
7.0,+,108,23589.77482,6,2,1.0,0.0,1.0,0.49,23589.823777360823,-0.04895736082471558,108,6,2,1.0,0.0,1.0,True,,2.6e-06
7.0,+,120,25203.09886,6,3,1.0,1.0,2.0,4.0,25203.1065767649,-0.007716764903307194,120,6,3,1.0,1.0,2.0,True,,2.2e-05
7.0,+,121,25233.06521,6,3,1.0,-1.0,0.0,6.25,25233.1108691673,-0.04565916729916353,121,6,3,1.0,-1.0,0.0,True,,3.4e-05
7.0,+,122,25263.73781,6,3,1.0,0.0,1.0,1.96,25263.733518216104,0.0042917838945868425,122,6,3,1.0,0.0,1.0,True,,1.1e-05
7.0,+,131,26832.93387,6,4,1.0,1.0,2.0,0.64,26832.92850099884,0.005369001159124309,131,6,4,1.0,1.0,2.0,True,,3.4e-06
7.0,+,132,26862.28377,6,4,1.0,-1.0,0.0,0.16,26861.855431539334,0.42833846066423575,132,6,4,1.0,-1.0,0.0,True,,8.6e-07
7.0,+,133,26892.85202,6,4,1.0,0.0,1.0,0.25,26892.7857259202,0.06629407979926327,134,6,4,1.0,0.0,1.0,True,,1.3e-06
7.0,+,145,28412.63477,6,5,1.0,1.0,2.0,2.89,28412.656362419813,-0.02159241981280502,145,6,5,1.0,1.0,2.0,True,,1.6e-05
7.0,+,146,28441.63612,6,5,1.0,-1.0,0.0,2.56,28441.722185480827,-0.08606548082752852,146,6,5,1.0,-1.0,0.0,True,,1.4e-05
7.0,+,147,28471.35205,6,5,1.0,0.0,1.0,1.0,28471.358657952955,-0.006607952953345375,147,6,5,1.0,0.0,1.0,True,,5.4e-06
7.0,+,159,29935.7106,6,6,1.0,1.0,2.0,0.09,29935.10324003513,0.6073599648698291,159,6,6,1.0,1.0,2.0,True,,4.8e-07
7.0,+,160,29963.87832,6,6,1.0,-1.0,0.0,0.09,29963.51684349373,0.3614765062702645,160,6,6,1.0,-1.0,0.0,True,,4.8e-07
7.0,+,161,29993.5424,6,6,1.0,0.0,1.0,0.09,29992.693072520316,0.8493274796819605,161,6,6,1.0,0.0,1.0,True,,4.8e-07
7.0,+,170,31392.45724,6,7,1.0,1.0,2.0,1.21,31392.54924134256,-0.09200134256025194,170,6,7,1.0,1.0,2.0,True,,6.5e-06
7.0,+,171,31420.20396,6,7,1.0,-1.0,0.0,0.81,31420.36358009497,-0.1596200949716149,171,6,7,1.0,-1.0,0.0,True,,4.4e-06
7.0,+,172,31448.66526,6,7,1.0,0.0,1.0,0.36,31448.699518879705,-0.03425887970297481,172,6,7,1.0,0.0,1.0,True,,1.9e-06
7.0,+,181,32775.65503,6,8,1.0,1.0,2.0,0.09,32775.75330984698,-0.09827984697767533,181,6,8,1.0,1.0,2.0,True,,4.8e-07
7.0,+,182,32802.79408,6,8,1.0,-1.0,0.0,0.04,32802.78606855979,0.008011440208065324,182,6,8,1.0,-1.0,0.0,True,,2.2e-07
7.0,+,183,32830.52935,6,8,1.0,0.0,1.0,0.04,32830.47191665636,0.05743334363796748,183,6,8,1.0,0.0,1.0,True,,2.2e-07
7.0,+,192,34077.72716,6,9,1.0,1.0,2.0,0.0015,34077.65827901834,0.06888098166382406,192,6,9,1.0,1.0,2.0,True,,8.1e-09
7.0,+,194,34103.86271,6,9,1.0,-1.0,0.0,0.0015,34103.28884265218,0.5738673478190321,193,6,9,1.0,-1.0,0.0,True,,8.1e-09
7.0,+,196,34130.76475,6,9,1.0,0.0,1.0,0.0004,34130.6199976446,0.14475235540157882,194,6,9,1.0,0.0,1.0,True,,2.2e-09
7.0,+,209,35296.54292,6,10,1.0,1.0,2.0,0.0,35296.65490182097,-0.11198182096995879,205,6,10,1.0,1.0,2.0,True,,0.0
7.0,+,210,35321.98258,6,10,1.0,-1.0,0.0,0.0,35322.04359722623,-0.06101722622406669,207,6,10,1.0,-1.0,0.0,True,,0.0
7.0,+,211,35348.07572,6,10,1.0,0.0,1.0,0.0,35347.93452499579,0.14119500420929398,208,6,10,1.0,0.0,1.0,True,,0.0
7.0,+,220,36437.60147,6,11,1.0,1.0,2.0,0.0003,36438.51671204523,-0.9152420452301158,217,6,11,1.0,1.0,2.0,True,,1.6e-09
7.0,+,231,37511.83475,6,12,1.0,1.0,2.0,0.0002,37512.25632787744,-0.4215778774378123,228,6,12,1.0,1.0,2.0,True,,1.1e-09
7.0,-,2,675.24059,2,0,-1.0,-1.0,-2.0,625.0,675.236412502338,0.004177497661999041,2,2,0,-1.0,-1.0,-2.0,True,,0.0034
7.0,-,3,705.32769,2,0,-1.0,1.0,0.0,625.0,705.32479893012,0.0028910698799791135,3,2,0,-1.0,1.0,0.0,True,,0.0034
7.0,-,4,735.72109,2,0,-1.0,0.0,-1.0,784.0,735.721383276938,-0.0002932769380095124,4,2,0,-1.0,0.0,-1.0,True,,0.0042
7.0,-,6,2292.54188,2,1,-1.0,-1.0,-2.0,8.41,2292.529640095285,0.012239904715443117,6,2,1,-1.0,-1.0,-2.0,True,,4.5e-05
7.0,-,7,2322.42878,2,1,-1.0,1.0,0.0,10.24,2322.409975101634,0.018804898366397538,7,2,1,-1.0,1.0,0.0,True,,5.5e-05
7.0,-,8,2352.57044,2,1,-1.0,0.0,-1.0,12.25,2352.562903233808,0.007536766192060895,8,2,1,-1.0,0.0,-1.0,True,,6.6e-05
7.0,-,10,3886.52125,2,2,-1.0,-1.0,-2.0,7.84,3886.560000816813,-0.038750816813262645,10,2,2,-1.0,-1.0,-2.0,True,,4.2e-05
7.0,-,11,3916.20285,2,2,-1.0,0.0,-1.0,5.29,3916.233733159662,-0.0308831596616983,11,2,2,-1.0,0.0,-1.0,True,,2.8e-05
7.0,-,12,3946.10215,2,2,-1.0,1.0,0.0,7.29,3946.145347532413,-0.043197532412705186,12,2,2,-1.0,1.0,0.0,True,,3.9e-05
7.0,-,13,5457.17353,2,3,-1.0,-1.0,-2.0,3.61,5457.157273414071,0.0162565859291135,13,2,3,-1.0,-1.0,-2.0,True,,1.9e-05
7.0,-,14,5486.64039,2,3,-1.0,0.0,-1.0,3.61,5486.626153050222,0.0142369497780237,14,2,3,-1.0,0.0,-1.0,True,,1.9e-05
7.0,-,16,5516.30267,2,3,-1.0,1.0,0.0,4.0,5516.300750810094,0.0019191899064026074,16,2,3,-1.0,1.0,0.0,True,,2.2e-05
7.0,-,19,7004.46383,2,4,-1.0,-1.0,-2.0,1.96,7004.426720640602,0.03710935939761839,19,2,4,-1.0,-1.0,-2.0,True,,1.1e-05
7.0,-,20,7033.74191,2,4,-1.0,0.0,-1.0,1.21,7033.690062194367,0.0518478056328604,20,2,4,-1.0,0.0,-1.0,True,,6.5e-06
7.0,-,21,7063.14827,2,4,-1.0,1.0,0.0,1.21,7063.133255760474,0.015014239525953599,21,2,4,-1.0,1.0,0.0,True,,6.5e-06
7.0,-,25,8358.4164,3,0,-1.0,0.0,-1.0,961.0,8358.412513671305,0.003886328695443808,25,3,0,-1.0,0.0,-1.0,True,,0.0052
7.0,-,26,8528.43063,2,5,-1.0,-1.0,-2.0,1.21,8528.395199778644,0.0354302213563642,26,2,5,-1.0,-1.0,-2.0,True,,6.5e-06
7.0,-,27,8557.48875,2,5,-1.0,0.0,-1.0,0.64,8557.44156063568,0.04718936432072951,27,2,5,-1.0,0.0,-1.0,True,,3.4e-06
7.0,-,28,8586.65256,2,5,-1.0,1.0,0.0,1.0,8586.669337362357,-0.01677736235615157,28,2,5,-1.0,1.0,0.0,True,,5.4e-06
7.0,-,32,9384.03725,5,0,0.0,-1.0,-1.0,196.0,9384.068617565708,-0.0313675657089334,32,5,0,0.0,-1.0,-1.0,True,,0.0011
7.0,-,33,9941.50808,3,1,-1.0,0.0,-1.0,10.24,9941.506354715526,0.0017252844736503903,33,3,1,-1.0,0.0,-1.0,True,,5.5e-05
7.0,-,34,10029.0458,2,6,-1.0,-1.0,-2.0,0.36,10029.02838303115,0.017416968850739067,34,2,6,-1.0,-1.0,-2.0,True,,1.9e-06
7.0,-,35,10057.89795,2,6,-1.0,0.0,-1.0,1.0,10057.90196558058,-0.004015580580016831,35,2,6,-1.0,0.0,-1.0,True,,5.4e-06
7.0,-,36,10086.81246,2,6,-1.0,1.0,0.0,0.81,10086.872755468748,-0.06029546874924563,36,2,6,-1.0,1.0,0.0,True,,4.4e-06
7.0,-,40,11414.58775,5,1,0.0,-1.0,-1.0,3.61,11414.559466907136,0.028283092864512582,40,5,1,0.0,-1.0,-1.0,True,,1.9e-05
7.0,-,41,11500.3781,3,2,-1.0,0.0,-1.0,10.89,11500.41120760338,-0.033107603379903594,41,3,2,-1.0,0.0,-1.0,True,,5.9e-05
7.0,-,42,11506.42958,2,7,-1.0,-1.0,-2.0,0.49,11506.29883080052,0.13074919947939634,42,2,7,-1.0,-1.0,-2.0,True,,2.6e-06
7.0,-,43,11535.08099,2,7,-1.0,0.0,-1.0,0.36,11535.267361135584,-0.18637113558361307,43,2,7,-1.0,0.0,-1.0,True,,1.9e-06
7.0,-,44,11563.703,2,7,-1.0,1.0,0.0,0.49,11563.708092120194,-0.005092120194603922,44,2,7,-1.0,1.0,0.0,True,,2.6e-06
7.0,-,49,12960.18768,2,8,-1.0,-1.0,-2.0,0.64,12960.14574944782,0.041930552179110236,49,2,8,-1.0,-1.0,-2.0,True,,3.4e-06
7.0,-,50,12988.63037,2,8,-1.0,0.0,-1.0,0.64,12988.543557968438,0.08681203156265838,50,2,8,-1.0,0.0,-1.0,True,,3.4e-06
7.0,-,51,13017.07319,2,8,-1.0,1.0,0.0,0.64,13017.141160041876,-0.06797004187683342,51,2,8,-1.0,1.0,0.0,True,,3.4e-06
7.0,-,52,13034.96945,3,3,-1.0,0.0,-1.0,6.25,13034.968427847894,0.0010221521060884697,52,3,3,-1.0,0.0,-1.0,True,,3.4e-05
7.0,-,56,13416.92549,5,2,0.0,-1.0,-1.0,0.09,13416.978895443492,-0.05340544349201082,56,5,2,0.0,-1.0,-1.0,True,,4.8e-07
7.0,-,58,14390.77582,2,9,-1.0,-1.0,-2.0,0.0533,14390.638201389012,0.13761861098828376,58,2,9,-1.0,-1.0,-2.0,True,,2.9e-07
7.0,-,59,14419.03067,2,9,-1.0,0.0,-1.0,0.037,14418.958522616127,0.07214738387301622,59,2,9,-1.0,0.0,-1.0,True,,2e-07
7.0,-,60,14447.17542,2,9,-1.0,1.0,0.0,0.037,14447.210330711701,-0.03491071170174109,60,2,9,-1.0,1.0,0.0,True,,2e-07
7.0,-,61,14545.2167,3,4,-1.0,0.0,-1.0,3.61,14545.182836663076,0.03386333692469634,61,3,4,-1.0,0.0,-1.0,True,,1.9e-05
7.0,-,66,15388.68033,5,3,0.0,-1.0,-1.0,0.64,15388.456138434492,0.22419156550677144,66,5,3,0.0,-1.0,-1.0,True,,3.4e-06
7.0,-,74,16031.03427,3,5,-1.0,0.0,-1.0,1.21,16030.996571950263,0.03769804973671853,74,3,5,-1.0,0.0,-1.0,True,,6.5e-06
7.0,-,77,17181.79824,2,11,-1.0,-1.0,-2.0,0.0011,17181.99473410927,-0.19649410927013378,77,2,11,-1.0,-1.0,-2.0,True,,5.9e-09
7.0,-,84,17492.34334,3,6,-1.0,0.0,-1.0,0.49,17492.30450492912,0.03883507087812177,84,3,6,-1.0,0.0,-1.0,True,,2.6e-06
7.0,-,93,18929.04823,3,7,-1.0,0.0,-1.0,0.16,18928.98823826817,0.0599917318286316,93,3,7,-1.0,0.0,-1.0,True,,8.6e-07
7.0,-,106,20341.08447,3,8,-1.0,0.0,-1.0,0.04,20340.988521760275,0.09594823972656741,106,3,8,-1.0,0.0,-1.0,True,,2.2e-07
7.0,-,116,21728.32759,3,9,-1.0,0.0,-1.0,0.0004,21728.18259400448,0.1449959955207305,116,3,9,-1.0,0.0,-1.0,True,,2.2e-09
7.0,-,129,23090.66175,3,10,-1.0,0.0,-1.0,0.0003,23090.479032036255,0.1827179637439258,129,3,10,-1.0,0.0,-1.0,True,,1.6e-09
7.0,-,155,25740.08875,3,12,-1.0,0.0,-1.0,0.0002,25739.9493691805,0.13938081949891057,156,3,12,-1.0,0.0,-1.0,True,,1.1e-09
8.0,+,1,130.36526,1,0,0.0,0.0,0.0,841.0,130.362794354865,0.0024656451350040243,1,1,0,0.0,0.0,0.0,True,,0.0045
8.0,+,5,1956.53373,1,1,0.0,0.0,0.0,112.96,1956.533348744413,0.00038125558717183594,5,1,1,0.0,0.0,0.0,True,,0.00061
8.0,+,9,3754.39754,1,2,0.0,0.0,0.0,11.56,3754.390611273405,0.006928726595106127,9,1,2,0.0,0.0,0.0,True,,6.2e-05
8.0,+,15,5523.03778,1,3,0.0,0.0,0.0,5.29,5522.98646161449,0.05131838551005785,15,1,3,0.0,0.0,0.0,True,,2.8e-05
8.0,+,17,6330.77164,4,0,0.0,1.0,1.0,841.0,6330.81504891534,-0.043408915340478416,17,4,0,0.0,1.0,1.0,True,,0.0045
8.0,+,18,6381.42446,4,0,0.0,0.0,0.0,576.0,6381.459057827478,-0.03459782747813733,18,4,0,0.0,0.0,0.0,True,,0.0031
8.0,+,22,7261.29704,1,4,0.0,0.0,0.0,2.56,7261.193938545117,0.10310145488347189,22,1,4,0.0,0.0,0.0,True,,1.4e-05
8.0,+,23,7777.98885,4,1,0.0,1.0,1.0,6.76,7778.028342734326,-0.039492734325904166,23,4,1,0.0,1.0,1.0,True,,3.6e-05
8.0,+,24,7828.08692,4,1,0.0,0.0,0.0,5.76,7828.114790857648,-0.027870857647940284,24,4,1,0.0,0.0,0.0,True,,3.1e-05
8.0,+,29,8967.61208,1,5,0.0,0.0,0.0,1.69,8967.504412562406,0.10766743759450037,29,1,5,0.0,0.0,0.0,True,,9.1e-06
8.0,+,30,9203.03426,4,2,0.0,1.0,1.0,7.84,9203.12010728341,-0.08584728340974834,30,4,2,0.0,1.0,1.0,True,,4.2e-05
8.0,+,31,9252.58171,4,2,0.0,0.0,0.0,9.0,9252.648919949494,-0.06720994949318992,31,4,2,0.0,0.0,0.0,True,,4.8e-05
8.0,+,37,10605.96127,4,3,0.0,1.0,1.0,2.89,10606.056062634034,-0.09479263403409277,37,4,3,0.0,1.0,1.0,True,,1.6e-05
8.0,+,38,10639.89601,1,6,0.0,0.0,0.0,1.0,10639.880768625719,0.015241374281686149,38,1,6,0.0,0.0,0.0,True,,5.4e-06
8.0,+,39,10655.004,4,3,0.0,0.0,0.0,2.89,10655.063027121741,-0.059027121740655275,39,4,3,0.0,0.0,0.0,True,,1.6e-05
8.0,+,45,11963.84337,7,0,2.0,0.0,2.0,36.0,11963.8313688553,0.01200114469975233,45,7,0,2.0,0.0,2.0,True,,0.00019
8.0,+,46,11986.9101,4,4,0.0,1.0,1.0,1.69,11986.966616197655,-0.0565161976555828,46,4,4,0.0,1.0,1.0,True,,9.1e-06
8.0,+,47,12035.34119,4,4,0.0,0.0,0.0,1.96,12035.382038012442,-0.04084801244243863,47,4,4,0.0,0.0,0.0,True,,1.1e-05
8.0,+,53,13345.90437,4,5,0.0,1.0,1.0,1.21,13345.921242008004,-0.01687200800370192,53,4,5,0.0,1.0,1.0,True,,6.5e-06
8.0,+,54,13347.17091,7,1,2.0,0.0,2.0,0.36,13347.175581196687,-0.00467119668610394,54,7,1,2.0,0.0,2.0,True,,1.9e-06
8.0,+,55,13393.80163,4,5,0.0,0.0,0.0,1.0,13393.779916957767,0.02171304223338666,55,4,5,0.0,0.0,0.0,True,,5.4e-06
8.0,+,62,14683.05398,4,6,0.0,1.0,1.0,0.25,14683.043288766292,0.010691233708712389,62,4,6,0.0,1.0,1.0,True,,1.3e-06
8.0,+,63,14707.62703,7,2,2.0,0.0,2.0,0.36,14707.65671782857,-0.02968782856987673,63,7,2,2.0,0.0,2.0,True,,1.9e-06
8.0,+,64,14730.38205,4,6,0.0,0.0,0.0,0.25,14730.345342205686,0.03670779431377014,64,4,6,0.0,0.0,0.0,True,,1.3e-06
8.0,+,65,15302.69733,8,0,0.0,0.0,0.0,36.0,15302.700712392854,-0.0033823928533820435,65,8,0,0.0,0.0,0.0,True,,0.00019
8.0,+,71,15998.45119,4,7,0.0,1.0,1.0,0.16,15998.454690982688,-0.0035009826879104367,71,4,7,0.0,1.0,1.0,True,,8.6e-07
8.0,+,73,16045.21913,4,7,0.0,0.0,0.0,0.25,16045.200247627357,0.018882372642110568,72,4,7,0.0,0.0,0.0,True,,1.3e-06
8.0,+,72,16045.27779,7,3,2.0,0.0,2.0,0.64,16045.288399933643,-0.010609933642626856,73,7,3,2.0,0.0,2.0,True,,3.4e-06
8.0,+,75,16722.42701,8,1,0.0,0.0,0.0,0.36,16722.397804894343,0.029205105656728847,75,8,1,0.0,0.0,0.0,True,,1.9e-06
8.0,+,80,17292.19326,4,8,0.0,1.0,1.0,0.09,17292.273037000105,-0.07977700010451372,80,4,8,0.0,1.0,1.0,True,,4.8e-07
8.0,+,81,17338.40492,4,8,0.0,0.0,0.0,0.09,17338.462154746983,-0.057234746982430806,81,4,8,0.0,0.0,0.0,True,,4.8e-07
8.0,+,83,17360.18317,7,4,2.0,0.0,2.0,0.81,17360.17610102926,0.007068970739055658,83,7,4,2.0,0.0,2.0,True,,4.4e-06
8.0,+,85,18141.31869,8,2,0.0,0.0,0.0,0.09,18141.61629201645,-0.2976020164496731,85,8,2,0.0,0.0,0.0,True,,4.8e-07
8.0,+,92,18652.40679,7,5,2.0,0.0,2.0,0.49,18652.39609250369,0.010697496309148846,92,7,5,2.0,0.0,2.0,True,,2.6e-06
8.0,+,95,19561.78802,8,3,0.0,0.0,0.0,0.09,19561.68001385732,0.10800614268009667,95,8,3,0.0,0.0,0.0,True,,4.8e-07
8.0,+,100,19921.98577,7,6,2.0,0.0,2.0,0.49,19921.925290133822,0.06047986617704737,100,7,6,2.0,0.0,2.0,True,,2.6e-06
8.0,+,103,20084.87151,6,0,1.0,1.0,2.0,225.0,20084.900597538228,-0.029087538227031473,103,6,0,1.0,1.0,2.0,True,,0.0012
8.0,+,104,20118.23745,6,0,1.0,-1.0,0.0,169.0,20118.22295201421,0.014497985790512757,104,6,0,1.0,-1.0,0.0,True,,0.00091
8.0,+,105,20153.05828,6,0,1.0,0.0,1.0,169.0,20153.09291368279,-0.03463368278971757,105,6,0,1.0,0.0,1.0,True,,0.00091
8.0,+,112,21169.06728,7,7,2.0,0.0,2.0,0.36,21168.993893997056,0.07338600294315256,112,7,7,2.0,0.0,2.0,True,,1.9e-06
8.0,+,117,21837.46416,6,1,1.0,1.0,2.0,1.69,21837.472800843225,-0.008640843225293793,117,6,1,1.0,1.0,2.0,True,,9.1e-06
8.0,+,118,21870.45371,6,1,1.0,-1.0,0.0,1.44,21870.44206903308,0.011640966920822393,118,6,1,1.0,-1.0,0.0,True,,7.7e-06
8.0,+,119,21904.88887,6,1,1.0,0.0,1.0,1.44,21904.9434621934,-0.05459219340264099,119,6,1,1.0,0.0,1.0,True,,7.7e-06
8.0,+,124,22393.65106,7,8,2.0,0.0,2.0,0.04,22393.453404366337,0.19765563366308925,124,7,8,2.0,0.0,2.0,True,,2.2e-07
8.0,+,133,23552.53902,6,2,1.0,1.0,2.0,0.49,23552.175603204105,0.3634167958953185,133,6,2,1.0,1.0,2.0,True,,2.6e-06
8.0,+,134,23585.27529,6,2,1.0,-1.0,0.0,0.04,23584.198066715344,1.0772232846575207,134,6,2,1.0,-1.0,0.0,True,,2.2e-07
8.0,+,136,23619.30875,6,2,1.0,0.0,1.0,0.16,23619.43447754093,-0.12572754092980176,136,6,2,1.0,0.0,1.0,True,,8.6e-07
8.0,+,151,25227.22658,6,3,1.0,1.0,2.0,2.25,25227.18250145935,0.04407854064993444,151,6,3,1.0,1.0,2.0,True,,1.2e-05
8.0,+,152,25259.37409,6,3,1.0,-1.0,0.0,2.89,25259.31574677415,0.058343225849966984,152,6,3,1.0,-1.0,0.0,True,,1.6e-05
8.0,+,153,25292.92408,6,3,1.0,0.0,1.0,2.25,25292.96337105809,-0.03929105808856548,153,6,3,1.0,0.0,1.0,True,,1.2e-05
8.0,+,165,26856.1818,6,4,1.0,1.0,2.0,1.0,26856.319714599606,-0.13791459960702923,165,6,4,1.0,1.0,2.0,True,,5.4e-06
8.0,+,166,26888.59431,6,4,1.0,-1.0,0.0,0.25,26888.341928705857,0.2523812941435608,167,6,4,1.0,-1.0,0.0,True,,1.3e-06
8.0,+,168,26922.21815,6,4,1.0,0.0,1.0,0.09,26924.367940482487,-2.1497904824864236,169,6,4,1.0,0.0,1.0,True,,4.8e-07
8.0,+,182,28435.99692,6,5,1.0,1.0,2.0,1.0,28436.00069760737,-0.0037776073695567902,182,6,5,1.0,1.0,2.0,True,,5.4e-06
8.0,+,183,28467.13288,6,5,1.0,-1.0,0.0,0.81,28467.09212759823,0.040752401771896984,183,6,5,1.0,-1.0,0.0,True,,4.4e-06
8.0,+,184,28499.62384,6,5,1.0,0.0,1.0,0.81,28499.704437124212,-0.08059712421163567,184,6,5,1.0,0.0,1.0,True,,4.4e-06
8.0,+,199,29958.54946,6,6,1.0,1.0,2.0,0.09,29957.94757754724,0.6018824527600373,199,6,6,1.0,1.0,2.0,True,,4.8e-07
8.0,+,200,29988.65204,6,6,1.0,-1.0,0.0,0.36,29988.506208586798,0.1458314132032683,200,6,6,1.0,-1.0,0.0,True,,1.9e-06
8.0,+,202,30021.09463,6,6,1.0,0.0,1.0,0.09,30020.243700640654,0.850929359345173,201,6,6,1.0,0.0,1.0,True,,4.8e-07
8.0,+,215,31414.92499,6,7,1.0,1.0,2.0,0.25,31414.980527435873,-0.055537435873702634,215,6,7,1.0,1.0,2.0,True,,1.3e-06
8.0,+,216,31444.71362,6,7,1.0,-1.0,0.0,0.49,31444.684568433597,0.029051566401903983,216,6,7,1.0,-1.0,0.0,True,,2.6e-06
8.0,+,217,31475.8366,6,7,1.0,0.0,1.0,0.16,31475.993372726134,-0.15677272613538662,217,6,7,1.0,0.0,1.0,True,,8.6e-07
8.0,+,229,32797.55602,6,8,1.0,1.0,2.0,0.04,32797.57809578875,-0.02207578874367755,229,6,8,1.0,1.0,2.0,True,,2.2e-07
8.0,+,230,32826.61755,6,8,1.0,-1.0,0.0,0.09,32826.57679954527,0.04075045473291539,230,6,8,1.0,-1.0,0.0,True,,4.8e-07
8.0,+,231,32857.06274,6,8,1.0,0.0,1.0,0.36,32856.91072071528,0.15201928472379223,231,6,8,1.0,0.0,1.0,True,,1.9e-06
8.0,+,242,34098.63846,6,9,1.0,1.0,2.0,0.0004,34098.52372109435,0.11473890564957401,242,6,9,1.0,1.0,2.0,True,,2.2e-09
8.0,+,244,34127.05041,6,9,1.0,-1.0,0.0,0.0015,34126.93068011004,0.11972988996421918,243,6,9,1.0,-1.0,0.0,True,,8.1e-09
8.0,+,246,34156.55812,6,9,1.0,0.0,1.0,0.0004,34154.407658382464,2.1504616175370757,245,6,9,1.0,0.0,1.0,True,,2.2e-09
8.0,+,263,35317.2113,6,10,1.0,1.0,2.0,0.0051,35317.27397932416,-0.06267932416085387,259,6,10,1.0,1.0,2.0,True,,2.7e-08
8.0,+,264,35344.56269,6,10,1.0,-1.0,0.0,0.0051,35344.391871054,0.17081894599687075,261,6,10,1.0,-1.0,0.0,True,,2.7e-08
8.0,+,265,35373.22292,6,10,1.0,0.0,1.0,0.0051,35373.02135390873,0.20156609127297997,262,6,10,1.0,0.0,1.0,True,,2.7e-08
8.0,+,276,36457.60568,6,11,1.0,1.0,2.0,0.0003,36458.46073615814,-0.8550561581359943,273,6,11,1.0,1.0,2.0,True,,1.6e-09
8.0,+,290,37531.24682,6,12,1.0,1.0,2.0,0.0002,37531.56022138534,-0.3134013853414217,287,6,12,1.0,1.0,2.0,True,,1.1e-09
8.0,-,1,698.67773,2,0,-1.0,-1.0,-2.0,625.0,698.67474068549,0.002989314510045915,1,2,0,-1.0,-1.0,-2.0,True,,0.0034
8.0,-,2,731.63134,2,0,-1.0,1.0,0.0,841.0,731.630355596331,0.0009844036690083158,2,2,0,-1.0,1.0,0.0,True,,0.0045
8.0,-,3,765.21087,2,0,-1.0,0.0,-1.0,576.0,765.208408178261,0.0024618217389615893,3,2,0,-1.0,0.0,-1.0,True,,0.0031
8.0,-,4,2315.74486,2,1,-1.0,-1.0,-2.0,6.76,2315.733529403586,0.011330596413699823,4,2,1,-1.0,-1.0,-2.0,True,,3.6e-05
8.0,-,5,2348.45666,2,1,-1.0,1.0,0.0,12.25,2348.446317540695,0.01034245930486577,5,2,1,-1.0,1.0,0.0,True,,6.6e-05
8.0,-,6,2381.75671,2,1,-1.0,0.0,-1.0,10.89,2381.736751691027,0.019958308972945815,6,2,1,-1.0,0.0,-1.0,True,,5.9e-05
8.0,-,7,3909.48576,2,2,-1.0,-1.0,-2.0,5.76,3909.528095499926,-0.042335499926139164,7,2,2,-1.0,-1.0,-2.0,True,,3.1e-05
8.0,-,8,3941.96053,2,2,-1.0,1.0,0.0,7.84,3942.000416436885,-0.03988643688535376,8,2,2,-1.0,1.0,0.0,True,,4.2e-05
8.0,-,9,3974.98457,2,2,-1.0,0.0,-1.0,4.41,3975.001860446741,-0.017290446740844345,9,2,2,-1.0,0.0,-1.0,True,,2.4e-05
8.0,-,10,5479.89616,2,3,-1.0,-1.0,-2.0,1.21,5479.889077735764,0.00708226423648739,10,2,3,-1.0,-1.0,-2.0,True,,6.5e-06
8.0,-,11,5512.12562,2,3,-1.0,1.0,0.0,4.41,5512.12470011101,0.0009198889902108931,11,2,3,-1.0,1.0,0.0,True,,2.4e-05
8.0,-,12,5544.88064,2,3,-1.0,0.0,-1.0,1.96,5544.83559959336,0.0450404066405099,12,2,3,-1.0,0.0,-1.0,True,,1.1e-05
8.0,-,14,7026.96319,2,4,-1.0,-1.0,-2.0,1.0,7026.920640086561,0.042549913438961084,14,2,4,-1.0,-1.0,-2.0,True,,5.4e-06
8.0,-,15,7058.95607,2,4,-1.0,1.0,0.0,2.56,7058.923280308695,0.03278969130496989,15,2,4,-1.0,1.0,0.0,True,,1.4e-05
8.0,-,16,7091.42351,2,4,-1.0,0.0,-1.0,0.64,7091.337392524886,0.08611747511349677,16,2,4,-1.0,0.0,-1.0,True,,3.4e-06
8.0,-,18,8384.14685,3,0,-1.0,0.0,-1.0,484.0,8384.129124064673,0.017725935325870523,18,3,0,-1.0,0.0,-1.0,True,,0.0026
8.0,-,19,8550.6496,2,5,-1.0,-1.0,-2.0,0.64,8550.645533807517,0.004066192483151099,19,2,5,-1.0,-1.0,-2.0,True,,3.4e-06
8.0,-,20,8582.42134,2,5,-1.0,1.0,0.0,0.64,8582.42195554313,-0.0006155431292427238,20,2,5,-1.0,1.0,0.0,True,,3.4e-06
8.0,-,21,8614.60644,2,5,-1.0,0.0,-1.0,0.64,8614.509647533238,0.09679246676205366,21,2,5,-1.0,0.0,-1.0,True,,3.4e-06
8.0,-,23,9384.41829,5,0,0.0,-1.0,-1.0,225.0,9384.267480191938,0.1508098080612399,23,5,0,0.0,-1.0,-1.0,True,,0.0012
8.0,-,24,9449.62797,5,0,0.0,0.0,0.0,64.0,9449.865629574859,-0.23765957485920808,24,5,0,0.0,0.0,0.0,True,,0.00034
8.0,-,25,9966.96496,3,1,-1.0,0.0,-1.0,6.76,9966.949951750372,0.015008249627499026,25,3,1,-1.0,0.0,-1.0,True,,3.6e-05
8.0,-,26,10051.0595,2,6,-1.0,-1.0,-2.0,1.44,10051.050740152576,0.008759847423789324,26,2,6,-1.0,-1.0,-2.0,True,,7.7e-06
8.0,-,27,10082.57003,2,6,-1.0,1.0,0.0,1.44,10082.589096716461,-0.019066716460656608,27,2,6,-1.0,1.0,0.0,True,,7.7e-06
8.0,-,28,10114.48034,2,6,-1.0,0.0,-1.0,0.81,10114.446487002946,0.03385299705405487,28,2,6,-1.0,0.0,-1.0,True,,4.4e-06
8.0,-,30,11414.73742,5,1,0.0,-1.0,-1.0,1.96,11414.93027292329,-0.19285292329004733,30,5,1,0.0,-1.0,-1.0,True,,1.1e-05
8.0,-,31,11479.57461,5,1,0.0,0.0,0.0,1.0,11479.208760481059,0.3658495189411042,31,5,1,0.0,0.0,0.0,True,,5.4e-06
8.0,-,32,11525.55978,3,2,-1.0,0.0,-1.0,5.76,11525.580566686047,-0.02078668604735867,32,3,2,-1.0,0.0,-1.0,True,,3.1e-05
8.0,-,33,11528.52866,2,7,-1.0,-1.0,-2.0,0.49,11528.201599023512,0.3270609764877008,33,2,7,-1.0,-1.0,-2.0,True,,2.6e-06
8.0,-,34,11559.5916,2,7,-1.0,1.0,0.0,0.25,11559.422418037937,0.1691819620627939,34,2,7,-1.0,1.0,0.0,True,,1.3e-06
8.0,-,35,11591.19256,2,7,-1.0,0.0,-1.0,0.25,11591.696541098883,-0.5039810988837417,35,2,7,-1.0,0.0,-1.0,True,,1.3e-06
8.0,-,38,12981.65184,2,8,-1.0,-1.0,-2.0,0.81,12981.658400723614,-0.006560723613802111,38,2,8,-1.0,-1.0,-2.0,True,,4.4e-06
8.0,-,39,13012.7203,2,8,-1.0,1.0,0.0,0.36,13012.767767475325,-0.04746747532408335,39,2,8,-1.0,1.0,0.0,True,,1.9e-06
8.0,-,40,13044.05075,2,8,-1.0,0.0,-1.0,0.36,13043.865587099759,0.18516290024126647,40,2,8,-1.0,0.0,-1.0,True,,1.9e-06
8.0,-,41,13059.87594,3,3,-1.0,0.0,-1.0,2.56,13059.863216288371,0.012723711628495948,41,3,3,-1.0,0.0,-1.0,True,,1.4e-05
8.0,-,44,13417.32807,5,2,0.0,-1.0,-1.0,0.16,13417.120728794273,0.2073412057270616,44,5,2,0.0,-1.0,-1.0,True,,8.6e-07
8.0,-,46,14412.09892,2,9,-1.0,-1.0,-2.0,0.0448,14411.955635448694,0.1432845513063512,46,2,9,-1.0,-1.0,-2.0,True,,2.4e-07
8.0,-,47,14442.86025,2,9,-1.0,1.0,0.0,0.037,14442.802163597647,0.05808640235227358,47,2,9,-1.0,1.0,0.0,True,,2e-07
8.0,-,48,14473.92972,2,9,-1.0,0.0,-1.0,0.037,14473.872932905264,0.05678709473613708,48,2,9,-1.0,0.0,-1.0,True,,2e-07
8.0,-,49,14569.84653,3,4,-1.0,0.0,-1.0,1.96,14569.802211998272,0.04431800172824296,49,3,4,-1.0,0.0,-1.0,True,,1.1e-05
8.0,-,52,15388.95966,5,3,0.0,-1.0,-1.0,0.25,15388.728544909109,0.23111509089176252,52,5,3,0.0,-1.0,-1.0,True,,1.3e-06
8.0,-,53,15452.4706,5,3,0.0,0.0,0.0,0.04,15451.984348822461,0.48625117753908853,53,5,3,0.0,0.0,0.0,True,,2.2e-07
8.0,-,59,16055.38285,3,5,-1.0,0.0,-1.0,0.81,16055.33956747682,0.04328252318009618,59,3,5,-1.0,0.0,-1.0,True,,4.4e-06
8.0,-,67,17516.41526,3,6,-1.0,0.0,-1.0,0.16,17516.370603569183,0.044656430818577064,67,3,6,-1.0,0.0,-1.0,True,,8.6e-07
8.0,-,73,18952.85077,3,7,-1.0,0.0,-1.0,0.04,18952.773986251108,0.07678374889292172,73,3,7,-1.0,0.0,-1.0,True,,2.2e-07
8.0,-,84,20364.58894,3,8,-1.0,0.0,-1.0,0.01,20364.49309580523,0.09584419477323536,84,3,8,-1.0,0.0,-1.0,True,,5.4e-08
9.0,+,13,6381.57283,4,0,0.0,1.0,1.0,1225.0,6381.461239047448,0.11159095255243301,13,4,0,0.0,1.0,1.0,True,,0.0066
9.0,+,17,7828.23438,4,1,0.0,1.0,1.0,10.24,7828.118199066268,0.11618093373181182,17,4,1,0.0,1.0,1.0,True,,5.5e-05
9.0,+,22,9252.72493,4,2,0.0,1.0,1.0,14.44,9252.65373256605,0.07119743395014666,22,4,2,0.0,1.0,1.0,True,,7.8e-05
9.0,+,29,10655.1161,4,3,0.0,1.0,1.0,4.0,10655.049183678886,0.06691632111323997,29,4,3,0.0,1.0,1.0,True,,2.2e-05
9.0,+,36,11990.02029,7,0,2.0,0.0,2.0,36.0,11990.008115630522,0.01217436947808892,36,7,0,2.0,0.0,2.0,True,,0.00019
9.0,+,37,12035.4926,4,4,0.0,1.0,1.0,1.44,12035.394437790726,0.09816220927314134,37,4,4,0.0,1.0,1.0,True,,7.7e-06
9.0,+,42,13373.04314,7,1,2.0,0.0,2.0,0.36,13373.047728337806,-0.004588337806126219,42,7,1,2.0,0.0,2.0,True,,1.9e-06
9.0,+,43,13393.9391972414,4,5,0.0,1.0,1.0,1.45,13393.794397833995,0.14479940740420716,43,4,5,0.0,1.0,1.0,True,,7.8e-06
9.0,+,50,14730.53057,4,6,0.0,1.0,1.0,0.25,14730.362463185187,0.16810681481365464,50,4,6,0.0,1.0,1.0,True,,1.3e-06
9.0,+,51,14733.19656,7,2,2.0,0.0,2.0,0.36,14733.22447614641,-0.02791614640955231,51,7,2,2.0,0.0,2.0,True,,1.9e-06
9.0,+,57,16045.36959,4,7,0.0,1.0,1.0,0.36,16045.220152688298,0.14943731170205865,57,4,7,0.0,1.0,1.0,True,,1.9e-06
9.0,+,58,16070.54244,7,3,2.0,0.0,2.0,0.64,16070.552056308969,-0.009616308969270904,58,7,3,2.0,0.0,2.0,True,,3.4e-06
9.0,+,63,17338.55997,4,8,0.0,1.0,1.0,0.09,17338.484863531696,0.07510646830269252,63,4,8,0.0,1.0,1.0,True,,4.8e-07
9.0,+,65,17385.14149,7,4,2.0,0.0,2.0,0.81,17385.13565378638,0.0058362136223877314,65,7,4,2.0,0.0,2.0,True,,4.4e-06
9.0,+,72,18677.05818,7,5,2.0,0.0,2.0,0.49,18677.051379060307,0.006800939692766406,72,7,5,2.0,0.0,2.0,True,,2.6e-06
9.0,+,78,19946.33741,7,6,2.0,0.0,2.0,0.49,19946.278898817807,0.058511182192887645,78,7,6,2.0,0.0,2.0,True,,2.6e-06
9.0,+,81,20113.29687,6,0,1.0,1.0,2.0,289.0,20113.338238473698,-0.04136847369954921,81,6,0,1.0,1.0,2.0,True,,0.0016
9.0,+,82,20150.04179,6,0,1.0,-1.0,0.0,289.0,20150.07913838842,-0.03734838842137833,82,6,0,1.0,-1.0,0.0,True,,0.0016
9.0,+,83,20188.18478,6,0,1.0,0.0,1.0,121.0,20188.15972977407,0.025050225929589942,83,6,0,1.0,0.0,1.0,True,,0.00065
9.0,+,87,21193.10391,7,7,2.0,0.0,2.0,0.36,21193.039276459578,0.06463354042352876,87,7,7,2.0,0.0,2.0,True,,1.9e-06
9.0,+,93,21865.55853,6,1,1.0,1.0,2.0,1.44,21865.584908325458,-0.026378325459518237,93,6,1,1.0,1.0,2.0,True,,7.7e-06
9.0,+,94,21901.90443,6,1,1.0,-1.0,0.0,1.69,21901.950157040596,-0.04572704059683019,94,6,1,1.0,-1.0,0.0,True,,9.1e-06
9.0,+,95,21939.61648,6,1,1.0,0.0,1.0,1.0,21939.6128979648,0.003582035202271072,95,6,1,1.0,0.0,1.0,True,,5.4e-06
9.0,+,97,22417.38624,7,8,2.0,0.0,2.0,0.04,22417.192376009454,0.19386399054565118,97,7,8,2.0,0.0,2.0,True,,2.2e-07
9.0,+,105,23580.24771,6,2,1.0,1.0,2.0,0.49,23579.893581312044,0.3541286879553809,105,6,2,1.0,1.0,2.0,True,,2.6e-06
9.0,+,106,23616.29155,6,2,1.0,-1.0,0.0,0.16,23621.488782246615,-5.1972322466135665,107,6,2,1.0,-1.0,0.0,True,,8.6e-07
9.0,+,108,23653.6079,6,2,1.0,0.0,1.0,0.36,23653.621818521533,-0.013918521533923922,108,6,2,1.0,0.0,1.0,True,,1.9e-06
9.0,+,120,25254.56681,6,3,1.0,1.0,2.0,4.0,25254.57022842281,-0.003418422809772892,120,6,3,1.0,1.0,2.0,True,,2.2e-05
9.0,+,121,25289.99621,6,3,1.0,-1.0,0.0,3.24,25290.043415329685,-0.04720532968349289,121,6,3,1.0,-1.0,0.0,True,,1.7e-05
9.0,+,122,25326.73944,6,3,1.0,0.0,1.0,2.56,25326.721315873696,0.018124126305337995,122,6,3,1.0,0.0,1.0,True,,1.4e-05
9.0,+,131,26883.62399,6,4,1.0,1.0,2.0,0.81,26883.645253157723,-0.0212631577232969,131,6,4,1.0,1.0,2.0,True,,4.4e-06
9.0,+,132,26920.23574,6,4,1.0,-1.0,0.0,0.36,26921.94382958135,-1.7080895813487587,133,6,4,1.0,-1.0,0.0,True,,1.9e-06
9.0,+,134,26954.88049,6,4,1.0,0.0,1.0,0.25,26954.835277733753,0.04521226624638075,134,6,4,1.0,0.0,1.0,True,,1.3e-06
9.0,+,145,28462.51006,6,5,1.0,1.0,2.0,1.44,28462.53836527008,-0.028305270079727052,145,6,5,1.0,1.0,2.0,True,,7.7e-06
9.0,+,146,28496.83032,6,5,1.0,-1.0,0.0,0.81,28496.922771012996,-0.09245101299529779,146,6,5,1.0,-1.0,0.0,True,,4.4e-06
9.0,+,147,28532.40735,6,5,1.0,0.0,1.0,0.81,28532.412312048673,-0.004962048671586672,147,6,5,1.0,0.0,1.0,True,,4.4e-06
9.0,+,159,29984.36665,6,6,1.0,1.0,2.0,0.16,29984.06247023621,0.30417976378885214,159,6,6,1.0,1.0,2.0,True,,8.6e-07
9.0,+,160,30017.52139,6,6,1.0,-1.0,0.0,0.16,30017.61668682337,-0.09529682336869882,160,6,6,1.0,-1.0,0.0,True,,8.6e-07
9.0,+,161,30053.14324,6,6,1.0,0.0,1.0,0.25,30052.613112039075,0.5301279609266203,161,6,6,1.0,0.0,1.0,True,,1.3e-06
9.0,+,170,31440.33081,6,7,1.0,1.0,2.0,0.49,31440.43219769217,-0.10138769217155641,170,6,7,1.0,1.0,2.0,True,,2.6e-06
9.0,+,171,31473.22442,6,7,1.0,-1.0,0.0,0.25,31473.410285596252,-0.18586559625327936,171,6,7,1.0,-1.0,0.0,True,,1.3e-06
9.0,+,172,31507.31044,6,7,1.0,0.0,1.0,0.16,31507.34444925978,-0.034009259779850254,172,6,7,1.0,0.0,1.0,True,,8.6e-07
9.0,+,181,32822.36127,6,8,1.0,1.0,2.0,0.16,32822.46328503094,-0.10201503094140207,181,6,8,1.0,1.0,2.0,True,,8.6e-07
9.0,+,182,32854.40788,6,8,1.0,-1.0,0.0,0.16,32854.475683143224,-0.06780314322531922,182,6,8,1.0,-1.0,0.0,True,,8.6e-07
9.0,+,183,32887.68646,6,8,1.0,0.0,1.0,0.25,32887.66733433162,0.01912566837563645,183,6,8,1.0,0.0,1.0,True,,1.3e-06
9.0,+,192,34123.05265,6,9,1.0,1.0,2.0,0.0015,34123.04670551432,0.005944485674262978,192,6,9,1.0,1.0,2.0,True,,8.1e-09
9.0,+,194,34153.87599,6,9,1.0,-1.0,0.0,0.0004,34152.704866624495,1.1711233755049761,193,6,9,1.0,-1.0,0.0,True,,2.2e-09
9.0,+,197,34186.19354,6,9,1.0,0.0,1.0,0.0004,34186.40351526625,-0.20997526624705642,195,6,9,1.0,0.0,1.0,True,,2.2e-09
9.0,+,209,35340.55085,6,10,1.0,1.0,2.0,0.0051,35340.68220919457,-0.13135919457272394,205,6,10,1.0,1.0,2.0,True,,2.7e-08
9.0,+,210,35370.75852,6,10,1.0,-1.0,0.0,0.0051,35370.850014257485,-0.09149425748182693,207,6,10,1.0,-1.0,0.0,True,,2.7e-08
9.0,+,211,35402.0239,6,10,1.0,0.0,1.0,0.0051,35401.88767778063,0.13622221937112045,208,6,10,1.0,0.0,1.0,True,,2.7e-08
9.0,+,231,37553.32692,6,12,1.0,1.0,2.0,0.0002,37553.66872024717,-0.34180024717352353,228,6,12,1.0,1.0,2.0,True,,1.1e-09
9.0,-,2,725.17878,2,0,-1.0,-1.0,-2.0,841.0,725.176109319791,0.0026706802090075143,2,2,0,-1.0,-1.0,-2.0,True,,0.0045
9.0,-,3,760.16878,2,0,-1.0,1.0,0.0,529.0,760.163942082513,0.004837917486952392,3,2,0,-1.0,1.0,0.0,True,,0.0028
9.0,-,4,796.50285,2,0,-1.0,0.0,-1.0,529.0,796.504496249693,-0.0016462496930671477,4,2,0,-1.0,0.0,-1.0,True,,0.0028
9.0,-,6,2341.98571,2,1,-1.0,-1.0,-2.0,9.61,2341.972539550204,0.01317044979577986,6,2,1,-1.0,-1.0,-2.0,True,,5.2e-05
9.0,-,7,2376.70345,2,1,-1.0,1.0,0.0,12.25,2376.684749852956,0.018700147044000914,7,2,1,-1.0,1.0,0.0,True,,6.6e-05
9.0,-,8,2412.71994,2,1,-1.0,0.0,-1.0,12.96,2412.713282599787,0.006657400213043729,8,2,1,-1.0,0.0,-1.0,True,,7e-05
9.0,-,10,3935.4638,2,2,-1.0,-1.0,-2.0,9.0,3935.504140204857,-0.04034020485687506,10,2,2,-1.0,-1.0,-2.0,True,,4.8e-05
9.0,-,11,3969.91193,2,2,-1.0,1.0,0.0,7.29,3969.940884937641,-0.028954937640719436,11,2,2,-1.0,1.0,0.0,True,,3.9e-05
9.0,-,12,4005.6158,2,2,-1.0,0.0,-1.0,8.41,4005.659595818236,-0.043795818236048945,12,2,2,-1.0,0.0,-1.0,True,,4.5e-05
9.0,-,13,5505.61944,2,3,-1.0,-1.0,-2.0,4.0,5505.60308610537,0.016353894630810828,13,2,3,-1.0,-1.0,-2.0,True,,2.2e-05
9.0,-,14,5539.78857,2,3,-1.0,1.0,0.0,4.0,5539.764833002321,0.023736997678497573,14,2,3,-1.0,1.0,0.0,True,,2.2e-05
9.0,-,16,5575.17657,2,3,-1.0,0.0,-1.0,2.89,5575.178553039936,-0.001983039936021669,16,2,3,-1.0,0.0,-1.0,True,,1.6e-05
9.0,-,19,7052.41767,2,4,-1.0,-1.0,-2.0,2.25,7052.373778834433,0.04389116556649242,19,2,4,-1.0,-1.0,-2.0,True,,1.2e-05
9.0,-,20,7086.31275,2,4,-1.0,1.0,0.0,1.44,7086.257622267708,0.05512773229202139,20,2,4,-1.0,1.0,0.0,True,,7.7e-06
9.0,-,21,7121.39344,2,4,-1.0,0.0,-1.0,2.25,7121.373281921972,0.020158078027634474,21,2,4,-1.0,0.0,-1.0,True,,1.2e-05
9.0,-,25,8413.05785,3,0,-1.0,0.0,-1.0,1024.0,8413.056317212331,0.0015327876681112684,25,3,0,-1.0,0.0,-1.0,True,,0.0055
9.0,-,26,8575.86943,2,5,-1.0,-1.0,-2.0,1.21,8575.842776934793,0.026653065207938198,26,2,5,-1.0,-1.0,-2.0,True,,6.5e-06
9.0,-,27,8609.47851,2,5,-1.0,1.0,0.0,1.0,8609.43028298713,0.04822701287048403,27,2,5,-1.0,1.0,0.0,True,,5.4e-06
9.0,-,28,8644.2456,2,5,-1.0,0.0,-1.0,1.0,8644.269955739868,-0.024355739868042292,28,2,5,-1.0,0.0,-1.0,True,,5.4e-06
9.0,-,32,9449.37651,5,0,0.0,-1.0,-1.0,81.0,9449.436008172353,-0.0594981723534147,32,5,0,0.0,-1.0,-1.0,True,,0.00044
9.0,-,33,9995.57029,3,1,-1.0,0.0,-1.0,10.24,9995.569928759576,0.0003612404234445421,33,3,1,-1.0,0.0,-1.0,True,,5.5e-05
9.0,-,34,10075.98002,2,6,-1.0,-1.0,-2.0,0.81,10075.975304543443,0.004715456558187725,34,2,6,-1.0,-1.0,-2.0,True,,4.4e-06
9.0,-,35,10109.33805,2,6,-1.0,1.0,0.0,1.69,10109.331121881442,0.00692811855878972,35,2,6,-1.0,1.0,0.0,True,,9.1e-06
9.0,-,36,10143.76996,2,6,-1.0,0.0,-1.0,1.44,10143.831770111145,-0.0618101111449505,36,2,6,-1.0,0.0,-1.0,True,,7.7e-06
9.0,-,40,11479.05242,5,1,0.0,-1.0,-1.0,1.96,11479.04461399292,0.007806007079125266,40,5,1,0.0,-1.0,-1.0,True,,1.1e-05
9.0,-,41,11552.92113,2,7,-1.0,-1.0,-2.0,0.16,11552.747871557378,0.1732584426226822,41,2,7,-1.0,-1.0,-2.0,True,,8.6e-07
9.0,-,42,11553.85709,3,2,-1.0,0.0,-1.0,10.24,11553.891682188074,-0.03459218807438447,42,3,2,-1.0,0.0,-1.0,True,,5.5e-05
9.0,-,43,11586.14291,2,7,-1.0,1.0,0.0,0.36,11586.326571395837,-0.18366139583667973,43,2,7,-1.0,1.0,0.0,True,,1.9e-06
9.0,-,44,11620.01722,2,7,-1.0,0.0,-1.0,0.49,11620.023799762163,-0.006579762162800762,44,2,7,-1.0,0.0,-1.0,True,,2.6e-06
9.0,-,49,13006.10746,2,8,-1.0,-1.0,-2.0,0.81,13006.086435622707,0.02102437729263329,49,2,8,-1.0,-1.0,-2.0,True,,4.4e-06
9.0,-,50,13038.85945,2,8,-1.0,1.0,0.0,0.36,13038.783775680411,0.07567431958887028,50,2,8,-1.0,1.0,0.0,True,,1.9e-06
9.0,-,51,13072.73112,2,8,-1.0,0.0,-1.0,0.16,13072.809329016754,-0.07820901675404457,51,2,8,-1.0,0.0,-1.0,True,,8.6e-07
9.0,-,52,13087.8627,3,3,-1.0,0.0,-1.0,4.84,13087.865796877933,-0.0030968779337854357,52,3,3,-1.0,0.0,-1.0,True,,2.6e-05
9.0,-,56,13481.09089,5,2,0.0,-1.0,-1.0,0.01,13481.00907485587,0.0818151441289956,56,5,2,0.0,-1.0,-1.0,True,,5.4e-08
9.0,-,58,14436.18614,2,9,-1.0,-1.0,-2.0,0.03,14436.074619564282,0.11152043571746617,58,2,9,-1.0,-1.0,-2.0,True,,1.6e-07
9.0,-,59,14468.74164,2,9,-1.0,1.0,0.0,0.037,14468.675810212206,0.06582978779442783,59,2,9,-1.0,1.0,0.0,True,,2e-07
9.0,-,60,14502.17926,2,9,-1.0,0.0,-1.0,0.03,14502.230885631536,-0.051625631534989225,60,2,9,-1.0,0.0,-1.0,True,,1.6e-07
9.0,-,61,14597.52269,3,4,-1.0,0.0,-1.0,3.61,14597.49495074661,0.027739253389881924,61,3,4,-1.0,0.0,-1.0,True,,1.9e-05
9.0,-,67,15452.09732,5,3,0.0,-1.0,-1.0,0.01,15451.69791253486,0.39940746514002967,67,5,3,0.0,-1.0,-1.0,True,,5.4e-08
9.0,-,74,16082.74663,3,5,-1.0,0.0,-1.0,1.69,16082.721340572834,0.02528942716526217,74,3,5,-1.0,0.0,-1.0,True,,9.1e-06
9.0,-,84,17543.45655,3,6,-1.0,0.0,-1.0,0.49,17543.439811924993,0.016738075006287545,84,3,6,-1.0,0.0,-1.0,True,,2.6e-06
9.0,-,93,18979.58167,3,7,-1.0,0.0,-1.0,0.16,18979.528872555453,0.052797444546740735,93,3,7,-1.0,0.0,-1.0,True,,8.6e-07
9.0,-,106,20390.99849,3,8,-1.0,0.0,-1.0,0.04,20390.93157717292,0.06691282708197832,106,3,8,-1.0,0.0,-1.0,True,,2.2e-07
10.0,+,1,199.13431,1,0,0.0,0.0,0.0,841.0,199.136005757283,-0.0016957572829880974,1,1,0,0.0,0.0,0.0,True,,0.0045
10.0,+,5,2024.61591,1,1,0.0,0.0,0.0,112.25,2024.614610702696,0.0012992973040582,5,1,1,0.0,0.0,0.0,True,,0.0006
10.0,+,9,3821.77411,1,2,0.0,0.0,0.0,12.96,3821.773123420851,0.0009865791489573894,9,1,2,0.0,0.0,0.0,True,,7e-05
10.0,+,15,5589.69348,1,3,0.0,0.0,0.0,5.29,5589.656526644452,0.03695335554766643,15,1,3,0.0,0.0,0.0,True,,2.8e-05
10.0,+,17,6381.40861,4,0,0.0,1.0,1.0,729.0,6381.461238074713,-0.052628074712629314,17,4,0,0.0,1.0,1.0,True,,0.0039
10.0,+,18,6443.97171,4,0,0.0,0.0,0.0,576.0,6444.001718026997,-0.03000802699716587,18,4,0,0.0,0.0,0.0,True,,0.0031
10.0,+,22,7327.21113,1,4,0.0,0.0,0.0,2.89,7327.132379042625,0.07875095737472293,22,1,4,0.0,0.0,0.0,True,,1.6e-05
10.0,+,23,7828.07253,4,1,0.0,1.0,1.0,5.76,7828.119092252546,-0.0465622525453,23,4,1,0.0,1.0,1.0,True,,3.1e-05
10.0,+,24,7889.95209,4,1,0.0,0.0,0.0,5.29,7889.97080573098,-0.018715730980147782,24,4,1,0.0,0.0,0.0,True,,2.8e-05
10.0,+,29,9032.75558,1,5,0.0,0.0,0.0,0.81,9032.684896678795,0.07068332120434206,29,1,5,0.0,0.0,0.0,True,,4.4e-06
10.0,+,30,9252.56675,4,2,0.0,1.0,1.0,10.24,9252.655836962529,-0.08908696252910886,30,4,2,0.0,1.0,1.0,True,,5.5e-05
10.0,+,31,9313.75501,4,2,0.0,0.0,0.0,7.84,9313.818623098814,-0.06361309881322086,31,4,2,0.0,0.0,0.0,True,,4.2e-05
10.0,+,37,10654.94432,4,3,0.0,1.0,1.0,2.25,10655.039363947453,-0.09504394745272293,37,4,3,0.0,1.0,1.0,True,,1.2e-05
10.0,+,38,10704.21963,1,6,0.0,0.0,0.0,0.81,10704.256301937141,-0.03667193714136374,38,1,6,0.0,0.0,0.0,True,,4.4e-06
10.0,+,39,10715.48499,4,3,0.0,0.0,0.0,3.24,10715.554822037904,-0.06983203790332482,39,4,3,0.0,0.0,0.0,True,,1.7e-05
10.0,+,45,12019.10005,7,0,2.0,0.0,2.0,36.0,12019.088572701983,0.011477298015961424,45,7,0,2.0,0.0,2.0,True,,0.00019
10.0,+,46,12035.33276,4,4,0.0,1.0,1.0,1.96,12035.391902159663,-0.059142159663679195,46,4,4,0.0,1.0,1.0,True,,1.1e-05
10.0,+,47,12095.14443,4,4,0.0,0.0,0.0,1.96,12095.179645718783,-0.03521571878263785,47,4,4,0.0,0.0,0.0,True,,1.1e-05
10.0,+,53,13393.76594,4,5,0.0,1.0,1.0,1.21,13393.791734201019,-0.025794201019380125,53,4,5,0.0,1.0,1.0,True,,6.5e-06
10.0,+,54,13401.78755,7,1,2.0,0.0,2.0,0.36,13401.789730138536,-0.002180138537369203,54,7,1,2.0,0.0,2.0,True,,1.9e-06
10.0,+,55,13452.90475,4,5,0.0,0.0,0.0,1.96,13452.891768148065,0.012981851934455335,55,4,5,0.0,0.0,0.0,True,,1.1e-05
10.0,+,62,14730.35833,4,6,0.0,1.0,1.0,0.25,14730.35917020429,-0.0008402042913076002,62,4,6,0.0,1.0,1.0,True,,1.3e-06
10.0,+,63,14761.60226,7,2,2.0,0.0,2.0,0.36,14761.628252999719,-0.0259929997191648,63,7,2,2.0,0.0,2.0,True,,1.9e-06
10.0,+,64,14788.82973,4,6,0.0,0.0,0.0,0.64,14788.771679031635,0.05805096836411394,64,4,6,0.0,0.0,0.0,True,,3.4e-06
10.0,+,65,15358.71336,8,0,0.0,0.0,0.0,36.0,15358.709760242658,0.0035997573413624195,65,8,0,0.0,0.0,0.0,True,,0.00019
10.0,+,71,16045.19469,4,7,0.0,1.0,1.0,0.25,16045.21613665128,-0.021446651278893114,71,4,7,0.0,1.0,1.0,True,,1.3e-06
10.0,+,72,16098.61152,7,3,2.0,0.0,2.0,0.81,16098.61794441347,-0.00642441347008571,72,7,3,2.0,0.0,2.0,True,,4.4e-06
10.0,+,73,16102.96524,4,7,0.0,0.0,0.0,0.36,16102.941301396388,0.023938603611895815,73,4,7,0.0,0.0,0.0,True,,1.9e-06
10.0,+,75,16778.04494,8,1,0.0,0.0,0.0,0.36,16778.00335874769,0.04158125230969745,75,8,1,0.0,0.0,0.0,True,,1.9e-06
10.0,+,80,17338.37726,4,8,0.0,1.0,1.0,0.09,17338.480184513952,-0.10292451395071112,80,4,8,0.0,1.0,1.0,True,,4.8e-07
10.0,+,81,17395.45838,4,8,0.0,0.0,0.0,0.09,17395.518045420227,-0.05966542022724752,81,4,8,0.0,0.0,0.0,True,,4.8e-07
10.0,+,82,17412.87223,7,4,2.0,0.0,2.0,0.81,17412.863618354582,0.008611645418568514,82,7,4,2.0,0.0,2.0,True,,4.4e-06
10.0,+,85,18196.60553,8,2,0.0,0.0,0.0,0.09,18196.89124138892,-0.2857113889185712,85,8,2,0.0,0.0,0.0,True,,4.8e-07
10.0,+,92,18704.44884,7,5,2.0,0.0,2.0,0.49,18704.441252190776,0.007587809224787634,92,7,5,2.0,0.0,2.0,True,,2.6e-06
10.0,+,95,19616.75858,8,3,0.0,0.0,0.0,0.09,19616.63654251819,0.12203748181127594,95,8,3,0.0,0.0,0.0,True,,4.8e-07
10.0,+,100,19973.38812,7,6,2.0,0.0,2.0,0.49,19973.33331745453,0.054802545470010955,100,7,6,2.0,0.0,2.0,True,,2.6e-06
10.0,+,103,20145.08432,6,0,1.0,1.0,2.0,289.0,20145.09811219784,-0.013792197838483844,103,6,0,1.0,1.0,2.0,True,,0.0016
10.0,+,104,20184.28581,6,0,1.0,-1.0,0.0,121.0,20184.274311304107,0.01149869589426089,104,6,0,1.0,-1.0,0.0,True,,0.00065
10.0,+,105,20225.6574,6,0,1.0,0.0,1.0,144.0,20225.705716725883,-0.048316725882614264,105,6,0,1.0,0.0,1.0,True,,0.00077
10.0,+,112,21219.81608,7,7,2.0,0.0,2.0,0.36,21219.751428110474,0.06465188952643075,112,7,7,2.0,0.0,2.0,True,,1.9e-06
10.0,+,117,21896.97951,6,1,1.0,1.0,2.0,1.96,21896.983127135525,-0.0036171355241094716,117,6,1,1.0,1.0,2.0,True,,1.1e-05
10.0,+,118,21935.73869,6,1,1.0,-1.0,0.0,2.56,21935.721636646325,0.017053353672963567,118,6,1,1.0,-1.0,0.0,True,,1.4e-05
10.0,+,119,21976.64383,6,1,1.0,0.0,1.0,0.64,21976.711139096922,-0.06730909692123532,119,6,1,1.0,0.0,1.0,True,,3.4e-06
10.0,+,124,22443.74641,7,8,2.0,0.0,2.0,0.09,22443.56407614413,0.1823338558715477,124,7,8,2.0,0.0,2.0,True,,4.8e-07
10.0,+,133,23611.30826,6,2,1.0,1.0,2.0,0.25,23610.89857346866,0.40968653134041233,133,6,2,1.0,1.0,2.0,True,,1.3e-06
10.0,+,135,23650.64833,6,2,1.0,-1.0,0.0,0.16,23651.670809415322,-1.0224794153218681,135,6,2,1.0,-1.0,0.0,True,,8.6e-07
10.0,+,136,23690.16165,6,2,1.0,0.0,1.0,0.25,23690.30015996502,-0.13850996502151247,136,6,2,1.0,0.0,1.0,True,,1.3e-06
10.0,+,151,25285.22569,6,3,1.0,1.0,2.0,2.25,25285.184149833807,0.041540166192135075,151,6,3,1.0,1.0,2.0,True,,1.2e-05
10.0,+,152,25322.98889,6,3,1.0,-1.0,0.0,2.89,25322.93019718728,0.058692812719527865,152,6,3,1.0,-1.0,0.0,True,,1.6e-05
10.0,+,153,25362.84182,6,3,1.0,0.0,1.0,1.96,25362.902873629762,-0.06105362976086326,153,6,3,1.0,0.0,1.0,True,,1.1e-05
10.0,+,165,26910.85036,6,4,1.0,1.0,2.0,0.49,26911.733059496244,-0.8826994962437311,165,6,4,1.0,1.0,2.0,True,,2.6e-06
10.0,+,167,26951.10202,6,4,1.0,-1.0,0.0,1.0,26950.992521339635,0.10949866036389722,167,6,4,1.0,-1.0,0.0,True,,5.4e-06
10.0,+,168,26990.68971,6,4,1.0,0.0,1.0,0.09,26991.701197709564,-1.0114877095656993,169,6,4,1.0,0.0,1.0,True,,4.8e-07
10.0,+,182,28492.21958,6,5,1.0,1.0,2.0,0.64,28492.226997734117,-0.007417734115733765,182,6,5,1.0,1.0,2.0,True,,3.4e-06
10.0,+,183,28528.79889,6,5,1.0,-1.0,0.0,0.81,28528.75720354429,0.04168645570825902,183,6,5,1.0,-1.0,0.0,True,,4.4e-06
10.0,+,184,28567.38918,6,5,1.0,0.0,1.0,0.36,28567.508063112145,-0.11888311214715941,184,6,5,1.0,0.0,1.0,True,,1.9e-06
10.0,+,199,30013.27481,6,6,1.0,1.0,2.0,0.16,30013.070027561407,0.20478243859179202,199,6,6,1.0,1.0,2.0,True,,8.6e-07
10.0,+,200,30048.43949,6,6,1.0,-1.0,0.0,0.25,30049.024933743945,-0.5854437439447793,200,6,6,1.0,-1.0,0.0,True,,1.3e-06
10.0,+,202,30087.17081,6,6,1.0,0.0,1.0,0.04,30086.679379789937,0.49143021006238996,202,6,6,1.0,0.0,1.0,True,,2.2e-07
10.0,+,215,31468.91052,6,7,1.0,1.0,2.0,0.16,31468.9766982735,-0.06617827349691652,215,6,7,1.0,1.0,2.0,True,,8.6e-07
10.0,+,216,31503.9551,6,7,1.0,-1.0,0.0,0.25,31503.91508279842,0.040017201579757966,216,6,7,1.0,-1.0,0.0,True,,1.3e-06
10.0,+,217,31540.96846,6,7,1.0,0.0,1.0,0.36,31541.14166784531,-0.17320784530966193,217,6,7,1.0,0.0,1.0,True,,1.9e-06
10.0,+,229,32850.13974,6,8,1.0,1.0,2.0,0.16,32850.2054495503,-0.06570955030474579,229,6,8,1.0,1.0,2.0,True,,8.6e-07
10.0,+,230,32884.39102,6,8,1.0,-1.0,0.0,0.36,32884.34443085342,0.04658914657920832,230,6,8,1.0,-1.0,0.0,True,,1.9e-06
10.0,+,231,32920.48598,6,8,1.0,0.0,1.0,0.25,32920.37795370372,0.10802629627869464,231,6,8,1.0,0.0,1.0,True,,1.3e-06
10.0,+,243,34149.51033,6,9,1.0,1.0,2.0,0.0004,34149.10060989174,0.4097201082549873,242,6,9,1.0,1.0,2.0,True,,2.2e-09
10.0,+,245,34182.98627,6,9,1.0,-1.0,0.0,0.0004,34183.162911669904,-0.17664166990289232,244,6,9,1.0,-1.0,0.0,True,,2.2e-09
10.0,+,247,34217.87969,6,9,1.0,0.0,1.0,0.0004,34212.0254400714,5.854249928604986,245,6,9,1.0,0.0,1.0,True,,2.2e-09
10.0,+,263,35366.87864,6,10,1.0,1.0,2.0,0.0051,35366.92188917606,-0.043249176058452576,259,6,10,1.0,1.0,2.0,True,,2.7e-08
10.0,+,264,35399.10169,6,10,1.0,-1.0,0.0,0.0051,35398.87996454434,0.2217254556599073,261,6,10,1.0,-1.0,0.0,True,,2.7e-08
10.0,+,265,35433.09882,6,10,1.0,0.0,1.0,0.0051,35432.94590400632,0.15291599367628805,262,6,10,1.0,0.0,1.0,True,,2.7e-08
10.0,-,1,754.90209,2,0,-1.0,-1.0,-2.0,529.0,754.905244435089,-0.0031544350889589623,1,2,0,-1.0,-1.0,-2.0,True,,0.0028
10.0,-,2,793.0794,2,0,-1.0,1.0,0.0,841.0,793.078902930798,0.0004970692019696799,2,2,0,-1.0,1.0,0.0,True,,0.0045
10.0,-,3,832.52383,2,0,-1.0,0.0,-1.0,484.0,832.521839268484,0.0019907315160025973,3,2,0,-1.0,0.0,-1.0,True,,0.0026
10.0,-,4,2371.40524,2,1,-1.0,-1.0,-2.0,9.0,2371.400068782261,0.00517121773918916,4,2,1,-1.0,-1.0,-2.0,True,,4.8e-05
10.0,-,5,2409.27761,2,1,-1.0,1.0,0.0,10.24,2409.265076811862,0.012533188138149853,5,2,1,-1.0,1.0,0.0,True,,5.5e-05
10.0,-,6,2448.34813,2,1,-1.0,0.0,-1.0,7.29,2448.348918765266,-0.0007887652659519517,6,2,1,-1.0,0.0,-1.0,True,,3.9e-05
10.0,-,7,3964.58778,2,2,-1.0,-1.0,-2.0,3.61,3964.62797729206,-0.040197292060383916,7,2,2,-1.0,-1.0,-2.0,True,,1.9e-05
10.0,-,8,4002.14957,2,2,-1.0,1.0,0.0,10.24,4002.186350618652,-0.03678061865184645,8,2,2,-1.0,1.0,0.0,True,,5.5e-05
10.0,-,9,4040.89538,2,2,-1.0,0.0,-1.0,6.25,4040.908236522058,-0.012856522057973052,9,2,2,-1.0,0.0,-1.0,True,,3.4e-05
10.0,-,10,5534.41717,2,3,-1.0,-1.0,-2.0,2.25,5534.422109985228,-0.004939985228702426,10,2,3,-1.0,-1.0,-2.0,True,,1.2e-05
10.0,-,11,5571.68564,2,3,-1.0,1.0,0.0,5.76,5571.67785664017,0.007783359829772962,11,2,3,-1.0,1.0,0.0,True,,3.1e-05
10.0,-,12,5610.08056,2,3,-1.0,0.0,-1.0,2.56,5610.034543685029,0.04601631497098424,12,2,3,-1.0,0.0,-1.0,True,,1.4e-05
10.0,-,14,7080.91286,2,4,-1.0,-1.0,-2.0,1.21,7080.885072836261,0.027787163739048992,14,2,4,-1.0,-1.0,-2.0,True,,6.5e-06
10.0,-,15,7117.86984,2,4,-1.0,1.0,0.0,4.0,7117.842690095217,0.027149904783072998,15,2,4,-1.0,1.0,0.0,True,,2.2e-05
10.0,-,16,7155.90437,2,4,-1.0,0.0,-1.0,1.21,7155.824770225062,0.07959977493828774,16,2,4,-1.0,0.0,-1.0,True,,6.5e-06
10.0,-,18,8445.21496,3,0,-1.0,0.0,-1.0,484.0,8445.192657151734,0.022302848265098874,18,3,0,-1.0,0.0,-1.0,True,,0.0026
10.0,-,19,8604.0108,2,5,-1.0,-1.0,-2.0,0.36,8604.036028907398,-0.02522890739783179,19,2,5,-1.0,-1.0,-2.0,True,,1.9e-06
10.0,-,20,8640.68918,2,5,-1.0,1.0,0.0,1.0,8640.70647153983,-0.01729153983069409,20,2,5,-1.0,1.0,0.0,True,,5.4e-06
10.0,-,21,8678.38822,2,5,-1.0,0.0,-1.0,0.64,8678.273887422558,0.11433257744283765,21,2,5,-1.0,0.0,-1.0,True,,3.4e-06
10.0,-,23,9449.78306,5,0,0.0,-1.0,-1.0,81.0,9449.617001201937,0.16605879806229495,23,5,0,0.0,-1.0,-1.0,True,,0.00044
10.0,-,25,10027.38457,3,1,-1.0,0.0,-1.0,6.76,10027.36499091932,0.019579080681069172,25,3,1,-1.0,0.0,-1.0,True,,3.6e-05
10.0,-,26,10103.86152,2,6,-1.0,-1.0,-2.0,1.21,10103.879905552018,-0.018385552017207374,26,2,6,-1.0,-1.0,-2.0,True,,6.5e-06
10.0,-,27,10140.20473,2,6,-1.0,1.0,0.0,1.44,10140.236350593854,-0.03162059385431348,27,2,6,-1.0,1.0,0.0,True,,7.7e-06
10.0,-,28,10177.55767,2,6,-1.0,0.0,-1.0,1.21,10177.51866187159,0.03900812840947765,28,2,6,-1.0,0.0,-1.0,True,,6.5e-06
10.0,-,30,11479.14845,5,1,0.0,-1.0,-1.0,1.0,11479.472953678136,-0.3245036781354429,30,5,1,0.0,-1.0,-1.0,True,,5.4e-06
10.0,-,31,11559.14984,5,1,0.0,0.0,0.0,1.0,11558.675784836218,0.47405516378239554,31,5,1,0.0,0.0,0.0,True,,5.4e-06
10.0,-,32,11581.10055,2,7,-1.0,-1.0,-2.0,0.36,11580.59302946729,0.5075205327084404,32,2,7,-1.0,-1.0,-2.0,True,,1.9e-06
10.0,-,33,11585.32952,3,2,-1.0,0.0,-1.0,5.29,11585.344429696224,-0.014909696225004154,33,3,2,-1.0,0.0,-1.0,True,,2.8e-05
10.0,-,34,11616.68184,2,7,-1.0,1.0,0.0,0.25,11616.441254704854,0.24058529514513793,34,2,7,-1.0,1.0,0.0,True,,1.3e-06
10.0,-,35,11653.81823,2,7,-1.0,0.0,-1.0,0.49,11654.485419475848,-0.6671894758474082,35,2,7,-1.0,0.0,-1.0,True,,2.6e-06
10.0,-,38,13033.25047,2,8,-1.0,-1.0,-2.0,0.81,13033.316129903573,-0.06565990357194096,38,2,8,-1.0,-1.0,-2.0,True,,4.4e-06
10.0,-,39,13069.02499,2,8,-1.0,1.0,0.0,0.64,13069.13532074058,-0.11033074057922931,39,2,8,-1.0,1.0,0.0,True,,3.4e-06
10.0,-,40,13105.65754,2,8,-1.0,0.0,-1.0,0.49,13105.447999735215,0.20954026478466403,40,2,8,-1.0,0.0,-1.0,True,,2.6e-06
10.0,-,41,13118.99201,3,3,-1.0,0.0,-1.0,2.89,13118.974762570828,0.01724742917213007,41,3,3,-1.0,0.0,-1.0,True,,1.6e-05
10.0,-,44,13481.56768,5,2,0.0,-1.0,-1.0,0.01,13481.125123739368,0.44255626063204545,44,5,2,0.0,-1.0,-1.0,True,,5.4e-08
10.0,-,46,14463.20777,2,9,-1.0,-1.0,-2.0,0.037,14463.076066501031,0.13170349896972766,46,2,9,-1.0,-1.0,-2.0,True,,2e-07
10.0,-,47,14498.56759,2,9,-1.0,1.0,0.0,0.0237,14498.525913943002,0.04167605699876731,47,2,9,-1.0,1.0,0.0,True,,1.3e-07
10.0,-,48,14534.87715,2,9,-1.0,0.0,-1.0,0.037,14534.817697741004,0.05945225899631623,48,2,9,-1.0,0.0,-1.0,True,,2e-07
10.0,-,49,14628.30333,3,4,-1.0,0.0,-1.0,1.96,14628.259597150209,0.04373284979192249,49,3,4,-1.0,0.0,-1.0,True,,1.1e-05
10.0,-,59,16113.17801,3,5,-1.0,0.0,-1.0,0.81,16113.140465462637,0.03754453736291907,59,3,5,-1.0,0.0,-1.0,True,,4.4e-06
10.0,-,67,17573.54291,3,6,-1.0,0.0,-1.0,0.25,17573.51326323488,0.029646765120560303,67,3,6,-1.0,0.0,-1.0,True,,1.3e-06
10.0,-,73,19009.29427,3,7,-1.0,0.0,-1.0,0.04,19009.251315055386,0.042954944612574764,73,3,7,-1.0,0.0,-1.0,True,,2.2e-07
10.0,-,84,20420.37453,3,8,-1.0,0.0,-1.0,0.01,20420.302497040117,0.07203295988438185,84,3,8,-1.0,0.0,-1.0,True,,5.4e-08
11.0,+,13,6444.1146,4,0,0.0,1.0,1.0,841.0,6444.004053328561,0.11054667143889674,13,4,0,0.0,1.0,1.0,True,,0.0045
11.0,+,17,7890.09092,4,1,0.0,1.0,1.0,8.41,7889.974534468072,0.11638553192733525,17,4,1,0.0,1.0,1.0,True,,4.5e-05
11.0,+,22,9313.8979,4,2,0.0,1.0,1.0,12.25,9313.823904967472,0.0739950325278187,22,4,2,0.0,1.0,1.0,True,,6.6e-05
11.0,+,29,10715.60464,4,3,0.0,1.0,1.0,4.0,10715.533465032626,0.07117496737373585,29,4,3,0.0,1.0,1.0,True,,2.2e-05
11.0,+,36,12051.07969,7,0,2.0,0.0,2.0,36.0,12051.071219093603,0.008470906397633371,36,7,0,2.0,0.0,2.0,True,,0.00019
11.0,+,37,12095.29673,4,4,0.0,1.0,1.0,2.25,12095.192894509059,0.10383549094149203,37,4,4,0.0,1.0,1.0,True,,1.2e-05
11.0,+,42,13433.39813,7,1,2.0,0.0,2.0,0.36,13433.400061772592,-0.0019317725927976426,42,7,1,2.0,0.0,2.0,True,,1.9e-06
11.0,+,43,13453.04413,4,5,0.0,1.0,1.0,1.21,13452.907271450216,0.13685854978393763,43,4,5,0.0,1.0,1.0,True,,6.5e-06
11.0,+,50,14788.95185,4,6,0.0,1.0,1.0,0.49,14788.78999132659,0.16185867340936966,50,4,6,0.0,1.0,1.0,True,,2.6e-06
11.0,+,51,14792.84451,7,2,2.0,0.0,2.0,0.36,14792.866520970054,-0.022010970053088386,51,7,2,2.0,0.0,2.0,True,,1.9e-06
11.0,+,57,16103.09786,4,7,0.0,1.0,1.0,0.36,16102.962557039506,0.13530296049430035,57,4,7,0.0,1.0,1.0,True,,1.9e-06
11.0,+,58,16129.47906,7,3,2.0,0.0,2.0,0.81,16129.484517914976,-0.005457914976432221,58,7,3,2.0,0.0,2.0,True,,4.4e-06
11.0,+,63,17395.59728,4,8,0.0,1.0,1.0,0.09,17395.542307274452,0.054972725549305324,63,4,8,0.0,1.0,1.0,True,,4.8e-07
11.0,+,65,17443.36962,7,4,2.0,0.0,2.0,0.81,17443.358455859914,0.011164140087203123,65,7,4,2.0,0.0,2.0,True,,4.4e-06
11.0,+,72,18734.57159,7,5,2.0,0.0,2.0,0.81,18734.564167526,0.007422473998303758,72,7,5,2.0,0.0,2.0,True,,4.4e-06
11.0,+,78,20003.13353,7,6,2.0,0.0,2.0,0.64,20003.086941779988,0.046588220011472004,78,7,6,2.0,0.0,2.0,True,,3.4e-06
11.0,+,81,20180.31893,6,0,1.0,1.0,2.0,169.0,20180.360772815977,-0.04184281597554218,81,6,0,1.0,1.0,2.0,True,,0.00091
11.0,+,82,20223.16006,6,0,1.0,-1.0,0.0,144.0,20223.199691619146,-0.03963161914725788,82,6,0,1.0,-1.0,0.0,True,,0.00077
11.0,+,83,20267.76752,6,0,1.0,0.0,1.0,169.0,20267.743675253765,0.023844746236136416,83,6,0,1.0,0.0,1.0,True,,0.00091
11.0,+,87,21249.19022,7,7,2.0,0.0,2.0,0.25,21249.128788932143,0.06143106785748387,87,7,7,2.0,0.0,2.0,True,,1.3e-06
11.0,+,93,21931.81289,6,1,1.0,1.0,2.0,1.69,21931.837992439476,-0.025102439474721905,93,6,1,1.0,1.0,2.0,True,,9.1e-06
11.0,+,94,21974.17696,6,1,1.0,-1.0,0.0,1.21,21974.2213244834,-0.04436448339765775,94,6,1,1.0,-1.0,0.0,True,,6.5e-06
11.0,+,95,22018.27576,6,1,1.0,0.0,1.0,0.81,22018.265063822546,0.010696177454519784,95,6,1,1.0,0.0,1.0,True,,4.4e-06
11.0,+,97,22472.7521,7,8,2.0,0.0,2.0,0.09,22472.566947576062,0.18515242393914377,97,7,8,2.0,0.0,2.0,True,,4.8e-07
11.0,+,105,23645.59859,6,2,1.0,1.0,2.0,0.25,23645.19940105044,0.3991889495628129,105,6,2,1.0,1.0,2.0,True,,1.3e-06
11.0,+,107,23688.09576,6,2,1.0,-1.0,0.0,0.36,23688.71807644668,-0.6223164466791786,107,6,2,1.0,-1.0,0.0,True,,1.9e-06
11.0,+,108,23731.31023,6,2,1.0,0.0,1.0,0.49,23731.28095992831,0.029270071689097676,108,6,2,1.0,0.0,1.0,True,,2.6e-06
11.0,+,120,25319.11357,6,3,1.0,1.0,2.0,2.56,25319.135256509515,-0.021686509513529018,120,6,3,1.0,1.0,2.0,True,,1.4e-05
11.0,+,121,25360.42574,6,3,1.0,-1.0,0.0,3.61,25360.478706054906,-0.05296605490730144,121,6,3,1.0,-1.0,0.0,True,,1.9e-05
11.0,+,122,25403.3867,6,3,1.0,0.0,1.0,2.56,25403.3584034255,0.02829657449910883,122,6,3,1.0,0.0,1.0,True,,1.4e-05
11.0,+,131,26947.20201,6,4,1.0,1.0,2.0,0.09,26947.26038367408,-0.058373674077301985,131,6,4,1.0,1.0,2.0,True,,4.8e-07
11.0,+,132,26988.55001,6,4,1.0,-1.0,0.0,0.09,26989.152510376472,-0.602500376473472,133,6,4,1.0,-1.0,0.0,True,,4.8e-07
11.0,+,134,27030.37563,6,4,1.0,0.0,1.0,0.49,27030.337658454526,0.03797154547282844,134,6,4,1.0,0.0,1.0,True,,2.6e-06
11.0,+,145,28525.07768,6,5,1.0,1.0,2.0,1.0,28525.119224001406,-0.04154400140760117,145,6,5,1.0,1.0,2.0,True,,5.4e-06
11.0,+,146,28565.10452,6,5,1.0,-1.0,0.0,0.81,28565.207548704537,-0.10302870453597279,146,6,5,1.0,-1.0,0.0,True,,4.4e-06
11.0,+,147,28606.68598,6,5,1.0,0.0,1.0,0.49,28606.69197042077,-0.00599042077010381,147,6,5,1.0,0.0,1.0,True,,2.6e-06
11.0,+,158,30045.51201,6,6,1.0,1.0,2.0,0.16,30045.483569855332,0.028440144666092237,158,6,6,1.0,1.0,2.0,True,,8.6e-07
11.0,+,160,30085.42961,6,6,1.0,-1.0,0.0,0.25,30084.51456584579,0.9150441542078624,160,6,6,1.0,-1.0,0.0,True,,1.3e-06
11.0,+,161,30125.84822,6,6,1.0,0.0,1.0,0.16,30125.509233876208,0.3389861237919831,161,6,6,1.0,0.0,1.0,True,,8.6e-07
11.0,+,170,31500.39202,6,7,1.0,1.0,2.0,0.25,31500.51648452838,-0.12446452838048572,170,6,7,1.0,1.0,2.0,True,,1.3e-06
11.0,+,171,31538.80823,6,7,1.0,-1.0,0.0,0.36,31539.015781703492,-0.2075517034936638,171,6,7,1.0,-1.0,0.0,True,,1.9e-06
11.0,+,172,31578.65582,6,7,1.0,0.0,1.0,0.25,31578.682821303424,-0.027001303424185608,172,6,7,1.0,0.0,1.0,True,,1.3e-06
11.0,+,181,32880.93951,6,8,1.0,1.0,2.0,0.16,32881.067717272526,-0.12820727252983488,181,6,8,1.0,1.0,2.0,True,,8.6e-07
11.0,+,182,32918.29823,6,8,1.0,-1.0,0.0,0.16,32918.39817073762,-0.09994073762209155,182,6,8,1.0,-1.0,0.0,True,,8.6e-07
11.0,+,183,32957.22645,6,8,1.0,0.0,1.0,0.36,32957.23560211329,-0.009152113285381347,183,6,8,1.0,0.0,1.0,True,,1.9e-06
11.0,+,193,34179.98155,6,9,1.0,1.0,2.0,0.0004,34179.99532708984,-0.013777089843642898,192,6,9,1.0,1.0,2.0,True,,2.2e-09
11.0,+,195,34215.57596,6,9,1.0,-1.0,0.0,0.0015,34211.643793401825,3.932166598176991,193,6,9,1.0,-1.0,0.0,True,,8.1e-09
11.0,+,197,34253.1319,6,9,1.0,0.0,1.0,0.0004,34253.969297095806,-0.8373970958054997,195,6,9,1.0,0.0,1.0,True,,2.2e-09
11.0,+,209,35395.78143,6,10,1.0,1.0,2.0,0.0051,35395.930461551565,-0.14903155156207504,205,6,10,1.0,1.0,2.0,True,,2.7e-08
11.0,+,210,35431.06798,6,10,1.0,-1.0,0.0,0.0028,35431.19144253316,-0.12346253316354705,207,6,10,1.0,-1.0,0.0,True,,1.5e-08
11.0,+,211,35467.62465,6,10,1.0,0.0,1.0,0.0051,35467.497088802724,0.1275611972741899,208,6,10,1.0,0.0,1.0,True,,2.7e-08
11.0,-,2,787.7223,2,0,-1.0,-1.0,-2.0,784.0,787.724477237109,-0.0021772371089809894,2,2,0,-1.0,-1.0,-2.0,True,,0.0042
11.0,-,3,828.08175,2,0,-1.0,1.0,0.0,576.0,828.079931449705,0.0018185502950700538,3,2,0,-1.0,1.0,0.0,True,,0.0031
11.0,-,4,870.49314,2,0,-1.0,0.0,-1.0,484.0,870.49597725161,-0.0028372516100034773,4,2,0,-1.0,0.0,-1.0,True,,0.0026
11.0,-,6,2403.90099,2,1,-1.0,-1.0,-2.0,12.96,2403.892190323713,0.008799676287253533,6,2,1,-1.0,-1.0,-2.0,True,,7e-05
11.0,-,7,2443.92153,2,1,-1.0,1.0,0.0,9.0,2443.902219518851,0.01931048114920486,7,2,1,-1.0,1.0,0.0,True,,4.8e-05
11.0,-,8,2485.94774,2,1,-1.0,0.0,-1.0,10.24,2485.939455457211,0.008284542789169791,8,2,1,-1.0,0.0,-1.0,True,,5.5e-05
11.0,-,10,3996.75555,2,2,-1.0,-1.0,-2.0,5.76,3996.792414690001,-0.03686469000103898,10,2,2,-1.0,-1.0,-2.0,True,,3.1e-05
11.0,-,11,4036.42835,2,2,-1.0,1.0,0.0,10.24,4036.455786766067,-0.027436766066784912,11,2,2,-1.0,1.0,0.0,True,,5.5e-05
11.0,-,12,4078.07011,2,2,-1.0,0.0,-1.0,6.76,4078.116486762855,-0.04637676285483394,12,2,2,-1.0,0.0,-1.0,True,,3.6e-05
11.0,-,13,5566.26609,2,3,-1.0,-1.0,-2.0,3.61,5566.260386342291,0.005703657709091203,13,2,3,-1.0,-1.0,-2.0,True,,1.9e-05
11.0,-,14,5605.5994,2,3,-1.0,1.0,0.0,5.76,5605.576121485918,0.023278514082448964,14,2,3,-1.0,1.0,0.0,True,,3.1e-05
11.0,-,16,5646.85934,2,3,-1.0,0.0,-1.0,2.25,5646.865943954328,-0.006603954328056716,16,2,3,-1.0,0.0,-1.0,True,,1.2e-05
11.0,-,19,7112.43972,2,4,-1.0,-1.0,-2.0,2.56,7112.399435606513,0.04028439348712709,19,2,4,-1.0,-1.0,-2.0,True,,1.4e-05
11.0,-,20,7151.41308,2,4,-1.0,1.0,0.0,1.21,7151.362042093896,0.05103790610428405,20,2,4,-1.0,1.0,0.0,True,,6.5e-06
11.0,-,21,7192.30109,2,4,-1.0,0.0,-1.0,1.69,7192.289696526228,0.011393473771931895,21,2,4,-1.0,0.0,-1.0,True,,9.1e-06
11.0,-,25,8480.53591,3,0,-1.0,0.0,-1.0,1296.0,8480.536601859187,-0.0006918591861904133,25,3,0,-1.0,0.0,-1.0,True,,0.007
11.0,-,26,8635.24359,2,5,-1.0,-1.0,-2.0,1.21,8635.23578880586,0.007801194140483858,26,2,5,-1.0,-1.0,-2.0,True,,6.5e-06
11.0,-,27,8673.85663,2,5,-1.0,1.0,0.0,0.64,8673.81866179709,0.03796820291063341,27,2,5,-1.0,1.0,0.0,True,,3.4e-06
11.0,-,28,8714.38577,2,5,-1.0,0.0,-1.0,1.0,8714.413546099573,-0.02777609957229288,28,2,5,-1.0,0.0,-1.0,True,,5.4e-06
11.0,-,32,9530.07114,5,0,0.0,-1.0,-1.0,36.0,9530.160640986483,-0.08950098648347193,32,5,0,0.0,-1.0,-1.0,True,,0.00019
11.0,-,33,10062.33145,3,1,-1.0,0.0,-1.0,11.56,10062.333408622624,-0.0019586226244427962,33,3,1,-1.0,0.0,-1.0,True,,6.2e-05
11.0,-,34,10134.72762,2,6,-1.0,-1.0,-2.0,1.44,10134.733985283145,-0.006365283144987188,34,2,6,-1.0,-1.0,-2.0,True,,7.7e-06
11.0,-,35,10173.02889,2,6,-1.0,1.0,0.0,1.44,10173.027215668617,0.0016743313826736994,35,2,6,-1.0,1.0,0.0,True,,7.7e-06
11.0,-,36,10213.12915,2,6,-1.0,0.0,-1.0,1.21,10213.199935127166,-0.07078512716543628,36,2,6,-1.0,0.0,-1.0,True,,6.5e-06
11.0,-,40,11558.53705,5,1,0.0,-1.0,-1.0,1.69,11558.594786598847,-0.057736598846531706,40,5,1,0.0,-1.0,-1.0,True,,9.1e-06
11.0,-,41,11611.12874,2,7,-1.0,-1.0,-2.0,0.25,11610.877706573063,0.25103342693728337,41,2,7,-1.0,-1.0,-2.0,True,,1.3e-06
11.0,-,42,11619.89854,3,2,-1.0,0.0,-1.0,10.24,11619.934744113974,-0.03620411397423595,42,3,2,-1.0,0.0,-1.0,True,,5.5e-05
11.0,-,43,11649.47634,2,7,-1.0,1.0,0.0,0.36,11649.646494922556,-0.17015492255632125,43,2,7,-1.0,1.0,0.0,True,,1.9e-06
11.0,-,44,11688.61954,2,7,-1.0,0.0,-1.0,0.16,11688.61445612505,0.0050838749502872815,44,2,7,-1.0,0.0,-1.0,True,,8.6e-07
11.0,-,49,13063.59033,2,8,-1.0,-1.0,-2.0,0.64,13063.570429374082,0.01990062591903552,49,2,8,-1.0,-1.0,-2.0,True,,3.4e-06
11.0,-,50,13101.04827,2,8,-1.0,1.0,0.0,0.81,13101.011716040026,0.03655395997338928,50,2,8,-1.0,1.0,0.0,True,,4.4e-06
11.0,-,51,13140.46369,2,8,-1.0,0.0,-1.0,0.36,13140.61783184292,-0.15414184291876154,51,2,8,-1.0,0.0,-1.0,True,,1.9e-06
11.0,-,52,13153.18125,3,3,-1.0,0.0,-1.0,5.76,13153.188470092022,-0.007220092022180324,52,3,3,-1.0,0.0,-1.0,True,,3.1e-05
11.0,-,58,14493.00713,2,9,-1.0,-1.0,-2.0,0.03,14492.919317849195,0.08781215080489346,58,2,9,-1.0,-1.0,-2.0,True,,1.6e-07
11.0,-,59,14530.31774,2,9,-1.0,1.0,0.0,0.0181,14530.253378636213,0.06436136378761148,59,2,9,-1.0,1.0,0.0,True,,9.7e-08
11.0,-,60,14569.19837,2,9,-1.0,0.0,-1.0,0.03,14569.2567856179,-0.05841561789929983,60,2,9,-1.0,0.0,-1.0,True,,1.6e-07
11.0,-,61,14662.11437,3,4,-1.0,0.0,-1.0,4.0,14662.094580721241,0.019789278758253204,61,3,4,-1.0,0.0,-1.0,True,,2.2e-05
11.0,-,74,16146.60612,3,5,-1.0,0.0,-1.0,1.21,16146.595316714405,0.010803285595102352,74,3,5,-1.0,0.0,-1.0,True,,6.5e-06
11.0,-,84,17606.58228,3,6,-1.0,0.0,-1.0,0.64,17606.58572479548,-0.0034447954822098836,84,3,6,-1.0,0.0,-1.0,True,,3.4e-06
11.0,-,93,19041.94532,3,7,-1.0,0.0,-1.0,0.09,19041.939832504468,0.005487495531269815,93,3,7,-1.0,0.0,-1.0,True,,4.8e-07
11.0,-,106,20452.63468,3,8,-1.0,0.0,-1.0,0.04,20452.604221683465,0.03045831653435016,106,3,8,-1.0,0.0,-1.0,True,,2.2e-07
12.0,+,1,282.35839,1,0,0.0,0.0,0.0,900.0,282.360639123653,-0.002249123653029983,1,1,0,0.0,0.0,0.0,True,,0.0048
12.0,+,5,2107.00242,1,1,0.0,0.0,0.0,112.25,2107.001427098619,0.000992901380868716,5,1,1,0.0,0.0,0.0,True,,0.0006
12.0,+,9,3903.30637,1,2,0.0,0.0,0.0,12.96,3903.313819749453,-0.0074497494533716235,9,1,2,0.0,0.0,0.0,True,,7e-05
12.0,+,15,5670.35316,1,3,0.0,0.0,0.0,5.29,5670.334448622308,0.0187113776919432,15,1,3,0.0,0.0,0.0,True,,2.8e-05
12.0,+,17,6443.94946,4,0,0.0,1.0,1.0,576.0,6444.004287198229,-0.05482719822884974,17,4,0,0.0,1.0,1.0,True,,0.0031
12.0,+,18,6518.40475,4,0,0.0,0.0,0.0,729.0,6518.42870953837,-0.02395953837003617,18,4,0,0.0,0.0,0.0,True,,0.0039
12.0,+,22,7406.97273,1,4,0.0,0.0,0.0,2.56,7406.924203142051,0.048526857949582336,22,1,4,0.0,0.0,0.0,True,,1.4e-05
12.0,+,23,7889.92698,4,1,0.0,1.0,1.0,5.29,7889.975943450527,-0.04896345052657125,23,4,1,0.0,1.0,1.0,True,,2.8e-05
12.0,+,24,7963.56672,4,1,0.0,0.0,0.0,5.76,7963.580370010286,-0.013650010286255565,24,4,1,0.0,0.0,0.0,True,,3.1e-05
12.0,+,29,9111.58587,1,5,0.0,0.0,0.0,1.0,9111.55855330135,0.02731669865170261,29,1,5,0.0,0.0,0.0,True,,5.4e-06
12.0,+,30,9313.73364,4,2,0.0,1.0,1.0,7.29,9313.82703318201,-0.09339318200909474,30,4,2,0.0,1.0,1.0,True,,3.9e-05
12.0,+,31,9386.55842,4,2,0.0,0.0,0.0,7.84,9386.611150111152,-0.05273011115241388,31,4,2,0.0,0.0,0.0,True,,4.2e-05
12.0,+,37,10715.41928,4,3,0.0,1.0,1.0,2.89,10715.526100992112,-0.10682099211226159,37,4,3,0.0,1.0,1.0,True,,1.6e-05
12.0,+,38,10782.03903,1,6,0.0,0.0,0.0,0.49,10782.13091450801,-0.0918845080104802,38,1,6,0.0,0.0,0.0,True,,2.6e-06
12.0,+,39,10787.50908,4,3,0.0,0.0,0.0,3.61,10787.566186484088,-0.05710648408785346,39,4,3,0.0,0.0,0.0,True,,1.9e-05
12.0,+,45,12085.9641,7,0,2.0,0.0,2.0,36.0,12085.954381828886,0.009718171113490826,45,7,0,2.0,0.0,2.0,True,,0.00019
12.0,+,46,12095.12888,4,4,0.0,1.0,1.0,1.69,12095.19122719162,-0.06234719162057445,46,4,4,0.0,1.0,1.0,True,,9.1e-06
12.0,+,47,12166.31396,4,4,0.0,0.0,0.0,2.25,12166.338655938345,-0.024695938345757895,47,4,4,0.0,0.0,0.0,True,,1.2e-05
12.0,+,53,13452.87146,4,5,0.0,1.0,1.0,1.96,13452.905657426638,-0.034197426637547323,53,4,5,0.0,1.0,1.0,True,,1.1e-05
12.0,+,54,13467.87583,7,1,2.0,0.0,2.0,0.36,13467.87704646556,-0.001216465559991775,54,7,1,2.0,0.0,2.0,True,,1.9e-06
12.0,+,55,13523.25182,4,5,0.0,0.0,0.0,1.21,13523.234392294782,0.01742770521741477,55,4,5,0.0,0.0,0.0,True,,6.5e-06
12.0,+,62,14788.77904,4,6,0.0,1.0,1.0,0.36,14788.787924213118,-0.008884213119017659,62,4,6,0.0,1.0,1.0,True,,1.9e-06
12.0,+,63,14826.91697,7,2,2.0,0.0,2.0,0.36,14826.937596556842,-0.02062655684130732,63,7,2,2.0,0.0,2.0,True,,1.9e-06
12.0,+,64,14858.33578,4,6,0.0,0.0,0.0,0.49,14858.298207110294,0.03757288970518857,64,4,6,0.0,0.0,0.0,True,,2.6e-06
12.0,+,65,15426.49574,8,0,0.0,0.0,0.0,36.0,15426.485835284224,0.00990471577642893,65,8,0,0.0,0.0,0.0,True,,0.00019
12.0,+,71,16102.92754,4,7,0.0,1.0,1.0,0.36,16102.959939356084,-0.0323993560832605,71,4,7,0.0,1.0,1.0,True,,1.9e-06
12.0,+,72,16163.14663,7,3,2.0,0.0,2.0,0.81,16163.15008779802,-0.0034577980204630876,72,7,3,2.0,0.0,2.0,True,,4.4e-06
12.0,+,73,16171.66166,4,7,0.0,0.0,0.0,0.36,16171.6519940325,0.009665967500041006,73,4,7,0.0,0.0,0.0,True,,1.9e-06
12.0,+,75,16845.34532,8,1,0.0,0.0,0.0,0.36,16845.291812161042,0.05350783895846689,75,8,1,0.0,0.0,0.0,True,,1.9e-06
12.0,+,80,17395.41838,4,8,0.0,1.0,1.0,0.09,17395.539205356017,-0.12082535601803102,80,4,8,0.0,1.0,1.0,True,,4.8e-07
12.0,+,81,17463.34357,4,8,0.0,0.0,0.0,0.09,17463.41308863337,-0.06951863336871611,81,4,8,0.0,0.0,0.0,True,,4.8e-07
12.0,+,82,17476.62583,7,4,2.0,0.0,2.0,0.81,17476.618475000985,0.007354999015660724,82,7,4,2.0,0.0,2.0,True,,4.4e-06
12.0,+,85,18263.50766,8,2,0.0,0.0,0.0,0.09,18263.780264561687,-0.2726045616873307,85,8,2,0.0,0.0,0.0,True,,4.8e-07
12.0,+,92,18767.425,7,5,2.0,0.0,2.0,0.49,18767.418427293116,0.006572706883162027,92,7,5,2.0,0.0,2.0,True,,2.6e-06
12.0,+,95,19683.27591,8,3,0.0,0.0,0.0,0.09,19683.140010923267,0.1358990767330397,95,8,3,0.0,0.0,0.0,True,,4.8e-07
12.0,+,100,20035.57993,7,6,2.0,0.0,2.0,0.36,20035.538033574016,0.0418964259843051,100,7,6,2.0,0.0,2.0,True,,1.9e-06
12.0,+,103,20218.97562,6,0,1.0,1.0,2.0,196.0,20218.979446644058,-0.0038266440569714177,103,6,0,1.0,1.0,2.0,True,,0.0011
12.0,+,104,20264.33857,6,0,1.0,-1.0,0.0,121.0,20264.327399817463,0.011170182537171058,104,6,0,1.0,-1.0,0.0,True,,0.00065
12.0,+,105,20312.35882,6,0,1.0,0.0,1.0,169.0,20312.4200693258,-0.06124932579768938,105,6,0,1.0,0.0,1.0,True,,0.00091
12.0,+,111,21281.22927,7,7,2.0,0.0,2.0,0.36,21281.169644453163,0.05962554683719645,111,7,7,2.0,0.0,2.0,True,,1.9e-06
12.0,+,117,21970.02529,6,1,1.0,1.0,2.0,1.21,21970.015621342856,0.00966865714508458,117,6,1,1.0,1.0,2.0,True,,6.5e-06
12.0,+,118,22014.86167,6,1,1.0,-1.0,0.0,1.69,22014.84066695719,0.021003042809752515,118,6,1,1.0,-1.0,0.0,True,,9.1e-06
12.0,+,119,22062.34047,6,1,1.0,0.0,1.0,0.36,22062.41576751847,-0.07529751846959698,119,6,1,1.0,0.0,1.0,True,,1.9e-06
12.0,+,124,22504.37989,7,8,2.0,0.0,2.0,0.04,22504.199278745837,0.18061125416352297,124,7,8,2.0,0.0,2.0,True,,2.2e-07
12.0,+,133,23683.3667,6,2,1.0,1.0,2.0,0.16,23682.80315795242,0.5635420475773572,133,6,2,1.0,1.0,2.0,True,,8.6e-07
12.0,+,135,23728.09877,6,2,1.0,-1.0,0.0,0.25,23728.418785358805,-0.3200153588040848,135,6,2,1.0,-1.0,0.0,True,,1.3e-06
12.0,+,136,23774.66912,6,2,1.0,0.0,1.0,0.16,23774.938919303273,-0.26979930327433976,136,6,2,1.0,0.0,1.0,True,,8.6e-07
12.0,+,151,25356.40149,6,3,1.0,1.0,2.0,2.89,25356.361881094665,0.03960890533562633,151,6,3,1.0,1.0,2.0,True,,1.6e-05
12.0,+,152,25400.08425,6,3,1.0,-1.0,0.0,2.25,25400.027732942133,0.056517057866585674,152,6,3,1.0,-1.0,0.0,True,,1.2e-05
12.0,+,153,25446.33999,6,3,1.0,0.0,1.0,1.69,25446.421534035602,-0.0815440356018371,153,6,3,1.0,0.0,1.0,True,,9.1e-06
12.0,+,165,26985.24126,6,4,1.0,1.0,2.0,0.09,26985.083853908283,0.15740609171552933,166,6,4,1.0,1.0,2.0,True,,4.8e-07
12.0,+,167,27026.33877,6,4,1.0,-1.0,0.0,0.16,27026.70870176554,-0.3699317655409686,167,6,4,1.0,-1.0,0.0,True,,8.6e-07
12.0,+,169,27072.91772,6,4,1.0,0.0,1.0,0.04,27073.62975510907,-0.7120351090670738,169,6,4,1.0,0.0,1.0,True,,2.2e-07
12.0,+,182,28561.21752,6,5,1.0,1.0,2.0,0.81,28561.224534885205,-0.0070148852064448874,182,6,5,1.0,1.0,2.0,True,,4.4e-06
12.0,+,183,28603.53312,6,5,1.0,-1.0,0.0,0.64,28603.486470628417,0.04664937158304383,183,6,5,1.0,-1.0,0.0,True,,3.4e-06
12.0,+,184,28648.3284,6,5,1.0,0.0,1.0,0.49,28648.46738170208,-0.13898170208267402,184,6,5,1.0,0.0,1.0,True,,2.6e-06
12.0,+,199,30079.8327,6,6,1.0,1.0,2.0,0.16,30080.688789598156,-0.8560895981572685,199,6,6,1.0,1.0,2.0,True,,8.6e-07
12.0,+,200,30122.80493,6,6,1.0,-1.0,0.0,0.25,30122.359901410247,0.44502858975101844,200,6,6,1.0,-1.0,0.0,True,,1.3e-06
12.0,+,202,30166.37376,6,6,1.0,0.0,1.0,0.09,30165.90298818107,0.4707718189274601,202,6,6,1.0,0.0,1.0,True,,4.8e-07
12.0,+,215,31535.17761,6,7,1.0,1.0,2.0,0.25,31535.242917338383,-0.06530733838371816,215,6,7,1.0,1.0,2.0,True,,1.3e-06
12.0,+,216,31575.69482,6,7,1.0,-1.0,0.0,0.25,31575.68345739126,0.011362608740455471,216,6,7,1.0,-1.0,0.0,True,,1.3e-06
12.0,+,217,31618.70836,6,7,1.0,0.0,1.0,0.36,31618.912445310456,-0.20408531045541167,217,6,7,1.0,0.0,1.0,True,,1.9e-06
12.0,+,229,32914.69383,6,8,1.0,1.0,2.0,0.09,32914.781937472275,-0.08810747227835236,229,6,8,1.0,1.0,2.0,True,,4.8e-07
12.0,+,230,32954.35438,6,8,1.0,-1.0,0.0,0.25,32954.33432905761,0.020050942388479598,230,6,8,1.0,-1.0,0.0,True,,1.3e-06
12.0,+,231,32996.24473,6,8,1.0,0.0,1.0,0.16,32996.13495566394,0.10977433605876286,231,6,8,1.0,0.0,1.0,True,,8.6e-07
12.0,+,243,34211.62831,6,9,1.0,1.0,2.0,0.0,34209.677448060356,1.9508619396438007,242,6,9,1.0,1.0,2.0,True,,0.0
12.0,+,245,34250.74528,6,9,1.0,-1.0,0.0,0.0015,34251.13305165763,-0.38777165762439836,244,6,9,1.0,-1.0,0.0,True,,8.1e-09
12.0,+,248,34292.29875,6,9,1.0,0.0,1.0,0.0004,34296.06222823098,-3.763478230976034,246,6,9,1.0,0.0,1.0,True,,2.2e-09
12.0,+,263,35427.82454,6,10,1.0,1.0,2.0,0.0028,35427.848454000785,-0.023914000783406664,259,6,10,1.0,1.0,2.0,True,,1.5e-08
12.0,+,264,35465.05368,6,10,1.0,-1.0,0.0,0.0028,35464.88339565031,0.17028434968960937,261,6,10,1.0,-1.0,0.0,True,,1.5e-08
12.0,+,266,35504.56178,6,10,1.0,0.0,1.0,0.0028,35504.454877934186,0.10690206581784878,262,6,10,1.0,0.0,1.0,True,,1.5e-08
12.0,-,1,823.80387,2,0,-1.0,-1.0,-2.0,676.0,823.805623884404,-0.001753884404024575,1,2,0,-1.0,-1.0,-2.0,True,,0.0036
12.0,-,2,867.56267,2,0,-1.0,1.0,0.0,784.0,867.562920581133,-0.00025058113294562645,2,2,0,-1.0,1.0,0.0,True,,0.0042
12.0,-,3,913.00397,2,0,-1.0,0.0,-1.0,400.0,913.000943033009,0.0030269669910012453,3,2,0,-1.0,0.0,-1.0,True,,0.0022
12.0,-,4,2439.60639,2,1,-1.0,-1.0,-2.0,7.84,2439.603806424138,0.002583575861990539,4,2,1,-1.0,-1.0,-2.0,True,,4.2e-05
12.0,-,5,2482.99999,2,1,-1.0,1.0,0.0,12.96,2482.985982456226,0.014007543773914222,5,2,1,-1.0,1.0,0.0,True,,7e-05
12.0,-,6,2528.0182,2,1,-1.0,0.0,-1.0,8.41,2527.993732754527,0.0244672454728061,6,2,1,-1.0,0.0,-1.0,True,,4.5e-05
12.0,-,7,4032.08154,2,2,-1.0,-1.0,-2.0,5.29,4032.131552017778,-0.05001201777804454,7,2,2,-1.0,-1.0,-2.0,True,,2.8e-05
12.0,-,8,4075.10112,2,2,-1.0,1.0,0.0,6.76,4075.140445383273,-0.03932538327308066,8,2,2,-1.0,1.0,0.0,True,,3.6e-05
12.0,-,9,4119.70332,2,2,-1.0,0.0,-1.0,5.29,4119.713529702348,-0.010209702348220162,9,2,2,-1.0,0.0,-1.0,True,,2.8e-05
12.0,-,10,5601.2305,2,3,-1.0,-1.0,-2.0,2.56,5601.225099664956,0.005400335043304949,10,2,3,-1.0,-1.0,-2.0,True,,1.4e-05
12.0,-,11,5643.86625,2,3,-1.0,1.0,0.0,4.41,5643.865198560349,0.0010514396508369828,11,2,3,-1.0,1.0,0.0,True,,2.4e-05
12.0,-,12,5688.04708,2,3,-1.0,0.0,-1.0,2.56,5687.998593395755,0.04848660424522677,12,2,3,-1.0,0.0,-1.0,True,,1.4e-05
12.0,-,14,7146.99926,2,4,-1.0,-1.0,-2.0,1.0,7146.985095407428,0.014164592571432877,14,2,4,-1.0,-1.0,-2.0,True,,5.4e-06
12.0,-,15,7189.27445,2,4,-1.0,1.0,0.0,2.56,7189.262077308743,0.012372691257041879,15,2,4,-1.0,1.0,0.0,True,,1.4e-05
12.0,-,16,7233.03577,2,4,-1.0,0.0,-1.0,0.81,7232.942985060884,0.09278493911642727,16,2,4,-1.0,0.0,-1.0,True,,4.4e-06
12.0,-,18,8519.11419,3,0,-1.0,0.0,-1.0,529.0,8519.086391457999,0.027798542001619353,18,3,0,-1.0,0.0,-1.0,True,,0.0028
12.0,-,19,8669.362,2,5,-1.0,-1.0,-2.0,0.25,8669.426175520799,-0.0641755207998358,19,2,5,-1.0,-1.0,-2.0,True,,1.3e-06
12.0,-,20,8711.32889,2,5,-1.0,1.0,0.0,0.64,8711.356412765106,-0.027522765105459257,20,2,5,-1.0,1.0,0.0,True,,3.4e-06
12.0,-,21,8754.64136,2,5,-1.0,0.0,-1.0,0.49,8754.533818729999,0.10754127000109293,21,2,5,-1.0,0.0,-1.0,True,,2.6e-06
12.0,-,23,9530.50501,5,0,0.0,-1.0,-1.0,36.0,9530.323278550586,0.1817314494146558,23,5,0,0.0,-1.0,-1.0,True,,0.00019
12.0,-,25,10100.50056,3,1,-1.0,0.0,-1.0,6.25,10100.473648936104,0.02691106389647757,25,3,1,-1.0,0.0,-1.0,True,,3.4e-05
12.0,-,26,10168.55149,2,6,-1.0,-1.0,-2.0,1.21,10168.577119678293,-0.025629678293626057,26,2,6,-1.0,-1.0,-2.0,True,,6.5e-06
12.0,-,27,10210.05573,2,6,-1.0,1.0,0.0,1.69,10210.114197608129,-0.05846760812892171,27,2,6,-1.0,1.0,0.0,True,,9.1e-06
12.0,-,28,10252.99522,2,6,-1.0,0.0,-1.0,1.21,10252.955806123826,0.03941387617487635,28,2,6,-1.0,0.0,-1.0,True,,6.5e-06
12.0,-,30,11558.54505,5,1,0.0,-1.0,-1.0,0.64,11559.11211513792,-0.5670651379186893,30,5,1,0.0,-1.0,-1.0,True,,3.4e-06
12.0,-,31,11645.53414,2,7,-1.0,-1.0,-2.0,0.36,11644.818216894408,0.7159231055920827,31,2,7,-1.0,-1.0,-2.0,True,,1.9e-06
12.0,-,32,11653.68779,5,1,0.0,0.0,0.0,0.49,11652.991317508453,0.696472491546956,32,5,1,0.0,0.0,0.0,True,,2.6e-06
12.0,-,33,11657.65908,3,2,-1.0,0.0,-1.0,5.76,11657.672127406993,-0.01304740699379181,33,3,2,-1.0,0.0,-1.0,True,,3.1e-05
12.0,-,34,11685.97512,2,7,-1.0,1.0,0.0,0.36,11685.577714791929,0.3974052080702677,34,2,7,-1.0,1.0,0.0,True,,1.9e-06
12.0,-,35,11728.8811,2,7,-1.0,0.0,-1.0,0.25,11729.810453736229,-0.9293537362282223,35,2,7,-1.0,0.0,-1.0,True,,1.3e-06
12.0,-,38,13096.44255,2,8,-1.0,-1.0,-2.0,0.64,13096.56438035796,-0.12183035796078912,38,2,8,-1.0,-1.0,-2.0,True,,3.4e-06
12.0,-,39,13137.33493,2,8,-1.0,1.0,0.0,0.49,13137.461836386654,-0.12690638665299048,39,2,8,-1.0,1.0,0.0,True,,2.6e-06
12.0,-,40,13179.3519,2,8,-1.0,0.0,-1.0,0.49,13179.123345663702,0.2285543362977478,40,2,8,-1.0,0.0,-1.0,True,,2.6e-06
12.0,-,41,13190.52579,3,3,-1.0,0.0,-1.0,2.56,13190.505272740127,0.020517259872576687,41,3,3,-1.0,0.0,-1.0,True,,1.4e-05
12.0,-,46,14525.78073,2,9,-1.0,-1.0,-2.0,0.03,14525.66173547523,0.11899452476973238,46,2,9,-1.0,-1.0,-2.0,True,,1.6e-07
12.0,-,47,14566.09197,2,9,-1.0,1.0,0.0,0.03,14566.072914157445,0.019055842554735136,47,2,9,-1.0,1.0,0.0,True,,1.6e-07
12.0,-,48,14607.77615,2,9,-1.0,0.0,-1.0,0.03,14607.726564946166,0.04958505383365264,48,2,9,-1.0,0.0,-1.0,True,,1.6e-07
12.0,-,49,14699.04143,3,4,-1.0,0.0,-1.0,1.96,14698.998118261423,0.04331173857644899,49,3,4,-1.0,0.0,-1.0,True,,1.1e-05
12.0,-,59,16183.1179,3,5,-1.0,0.0,-1.0,1.0,16183.084159516186,0.033740483813744504,59,3,5,-1.0,0.0,-1.0,True,,5.4e-06
12.0,-,67,17642.673,3,6,-1.0,0.0,-1.0,0.16,17642.660856327573,0.01214367242573644,67,3,6,-1.0,0.0,-1.0,True,,8.6e-07
12.0,-,73,19077.61963,3,7,-1.0,0.0,-1.0,0.04,19077.59247941632,0.027150583682669094,73,3,7,-1.0,0.0,-1.0,True,,2.2e-07
12.0,-,84,20487.87833,3,8,-1.0,0.0,-1.0,0.01,20487.83495647729,0.043373522708861856,84,3,8,-1.0,0.0,-1.0,True,,5.4e-08
13.0,+,13,6518.54269,4,0,0.0,1.0,1.0,784.0,6518.431189617348,0.11150038265259354,13,4,0,0.0,1.0,1.0,True,,0.0042
13.0,+,17,7963.70942,4,1,0.0,1.0,1.0,6.25,7963.584401082395,0.1250189176053027,17,4,1,0.0,1.0,1.0,True,,3.4e-05
13.0,+,22,9386.69316,4,2,0.0,1.0,1.0,10.89,9386.616863107354,0.07629689264649642,22,4,2,0.0,1.0,1.0,True,,5.9e-05
13.0,+,29,10787.57808,4,3,0.0,1.0,1.0,4.0,10787.509841123414,0.06823887658538297,29,4,3,0.0,1.0,1.0,True,,2.2e-05
13.0,+,36,12123.7473,7,0,2.0,0.0,2.0,36.0,12123.736235990129,0.011064009871915914,36,7,0,2.0,0.0,2.0,True,,0.00019
13.0,+,37,12166.45328,4,4,0.0,1.0,1.0,2.25,12166.352769370036,0.10051062996353721,37,4,4,0.0,1.0,1.0,True,,1.2e-05
13.0,+,42,13505.21994,7,1,2.0,0.0,2.0,0.36,13505.218854782384,0.0010852176164917182,42,7,1,2.0,0.0,2.0,True,,1.9e-06
13.0,+,43,13523.3818,4,5,0.0,1.0,1.0,1.69,13523.250934819042,0.1308651809576986,43,4,5,0.0,1.0,1.0,True,,9.1e-06
13.0,+,50,14858.48477,4,6,0.0,1.0,1.0,0.49,14858.317730573683,0.16703942631647806,50,4,6,0.0,1.0,1.0,True,,2.6e-06
13.0,+,51,14863.82126,7,2,2.0,0.0,2.0,0.36,14863.839646809407,-0.0183868094063655,51,7,2,2.0,0.0,2.0,True,,1.9e-06
13.0,+,57,16171.81614,4,7,0.0,1.0,1.0,0.49,16171.674639082134,0.1415009178672335,57,4,7,0.0,1.0,1.0,True,,2.6e-06
13.0,+,58,16199.61166,7,3,2.0,0.0,2.0,0.81,16199.612816111685,-0.0011561116843950003,58,7,3,2.0,0.0,2.0,True,,4.4e-06
13.0,+,63,17463.47441,4,8,0.0,1.0,1.0,0.09,17463.438930614167,0.035479385831422405,63,4,8,0.0,1.0,1.0,True,,4.8e-07
13.0,+,64,17512.65385,7,4,2.0,0.0,2.0,0.81,17512.641828738557,0.012021261441987008,64,7,4,2.0,0.0,2.0,True,,4.4e-06
13.0,+,72,18803.00785,7,5,2.0,0.0,2.0,0.49,18803.00217811854,0.005671881463058526,72,7,5,2.0,0.0,2.0,True,,2.6e-06
13.0,+,78,20070.72141,7,6,2.0,0.0,2.0,0.49,20070.684685188757,0.036724811241583666,78,7,6,2.0,0.0,2.0,True,,2.6e-06
13.0,+,81,20261.06713,6,0,1.0,1.0,2.0,225.0,20261.103683292735,-0.03655329273533425,81,6,0,1.0,1.0,2.0,True,,0.0012
13.0,+,82,20310.25104,6,0,1.0,-1.0,0.0,225.0,20310.293570567745,-0.04253056774541619,82,6,0,1.0,-1.0,0.0,True,,0.0012
13.0,+,83,20361.41893,6,0,1.0,0.0,1.0,121.0,20361.3934571303,0.025472869700024603,83,6,0,1.0,0.0,1.0,True,,0.00065
13.0,+,87,21315.92597,7,7,2.0,0.0,2.0,0.25,21315.872122843364,0.05384715663603856,87,7,7,2.0,0.0,2.0,True,,1.3e-06
13.0,+,93,22011.62258,6,1,1.0,1.0,2.0,1.0,22011.648910678996,-0.02633067899660091,93,6,1,1.0,1.0,2.0,True,,5.4e-06
13.0,+,94,22060.25816,6,1,1.0,-1.0,0.0,0.81,22060.303099721696,-0.044939721694390755,94,6,1,1.0,-1.0,0.0,True,,4.4e-06
13.0,+,95,22110.83605,6,1,1.0,0.0,1.0,1.21,22110.818931481714,0.01711851828804356,95,6,1,1.0,0.0,1.0,True,,6.5e-06
13.0,+,97,22538.64077,7,8,2.0,0.0,2.0,0.04,22538.4592028428,0.1815671572003339,97,7,8,2.0,0.0,2.0,True,,2.2e-07
13.0,+,105,23724.27031,6,2,1.0,1.0,2.0,0.04,23723.520985656436,0.7493243435637851,105,6,2,1.0,1.0,2.0,True,,2.2e-07
13.0,+,107,23772.92035,6,2,1.0,-1.0,0.0,0.04,23773.261084915423,-0.34073491542221745,107,6,2,1.0,-1.0,0.0,True,,2.2e-07
13.0,+,108,23822.59683,6,2,1.0,0.0,1.0,0.25,23822.675662177262,-0.07883217726339353,108,6,2,1.0,0.0,1.0,True,,1.3e-06
13.0,+,120,25396.87886,6,3,1.0,1.0,2.0,2.25,25396.909391508074,-0.030531508073181612,120,6,3,1.0,1.0,2.0,True,,1.2e-05
13.0,+,121,25444.30738,6,3,1.0,-1.0,0.0,3.61,25444.368784281778,-0.06140428177968715,121,6,3,1.0,-1.0,0.0,True,,1.9e-05
13.0,+,122,25493.56755,6,3,1.0,0.0,1.0,2.25,25493.53929820901,0.028251790990907466,122,6,3,1.0,0.0,1.0,True,,1.2e-05
13.0,+,131,27023.43163,6,4,1.0,1.0,2.0,0.49,27023.811802745255,-0.38017274525554967,131,6,4,1.0,1.0,2.0,True,,2.6e-06
13.0,+,133,27071.06868,6,4,1.0,-1.0,0.0,0.09,27071.448763309894,-0.380083309893962,133,6,4,1.0,-1.0,0.0,True,,4.8e-07
13.0,+,134,27119.22533,6,4,1.0,0.0,1.0,0.49,27119.180396531974,0.04493346802701126,134,6,4,1.0,0.0,1.0,True,,2.6e-06
13.0,+,145,28600.44431,6,5,1.0,1.0,2.0,0.81,28600.500816313284,-0.056506313285353826,145,6,5,1.0,1.0,2.0,True,,4.4e-06
13.0,+,146,28646.40577,6,5,1.0,-1.0,0.0,0.81,28646.527642713336,-0.12187271333459648,146,6,5,1.0,-1.0,0.0,True,,4.4e-06
13.0,+,147,28694.09581,6,5,1.0,0.0,1.0,0.49,28694.092919955074,0.002890044925152324,147,6,5,1.0,0.0,1.0,True,,2.6e-06
13.0,+,158,30119.81545,6,6,1.0,1.0,2.0,0.16,30119.464712703917,0.3507372960812063,158,6,6,1.0,1.0,2.0,True,,8.6e-07
13.0,+,160,30164.6302,6,6,1.0,-1.0,0.0,0.09,30164.129076292986,0.5011237070139032,160,6,6,1.0,-1.0,0.0,True,,4.8e-07
13.0,+,161,30211.5354,6,6,1.0,0.0,1.0,0.16,30211.275133625048,0.26026637495306204,161,6,6,1.0,0.0,1.0,True,,8.6e-07
13.0,+,170,31572.76769,6,7,1.0,1.0,2.0,0.25,31572.894483601685,-0.12679360168476705,170,6,7,1.0,1.0,2.0,True,,1.3e-06
13.0,+,171,31616.89994,6,7,1.0,-1.0,0.0,0.36,31617.12939467696,-0.22945467695899424,171,6,7,1.0,-1.0,0.0,True,,1.9e-06
13.0,+,172,31662.57472,6,7,1.0,0.0,1.0,0.25,31662.610355086268,-0.03563508626757539,172,6,7,1.0,0.0,1.0,True,,1.3e-06
13.0,+,181,32951.46548,6,8,1.0,1.0,2.0,0.36,32951.65422853077,-0.18874853077431908,181,6,8,1.0,1.0,2.0,True,,1.9e-06
13.0,+,182,32994.44668,6,8,1.0,-1.0,0.0,0.16,32994.499709538795,-0.05302953879436245,182,6,8,1.0,-1.0,0.0,True,,8.6e-07
13.0,+,183,33039.06026,6,8,1.0,0.0,1.0,0.16,33039.07225319763,-0.011993197629635688,183,6,8,1.0,0.0,1.0,True,,8.6e-07
13.0,+,193,34248.56174,6,9,1.0,1.0,2.0,0.0004,34248.579591458045,-0.017851458047516644,192,6,9,1.0,1.0,2.0,True,,2.2e-09
13.0,+,195,34290.5882,6,9,1.0,-1.0,0.0,0.0015,34294.21195470384,-3.62375470383995,194,6,9,1.0,-1.0,0.0,True,,8.1e-09
13.0,+,197,34333.86631,6,9,1.0,0.0,1.0,0.0004,34333.494367996595,0.3719420034030918,195,6,9,1.0,0.0,1.0,True,,2.2e-09
13.0,+,209,35462.32075,6,10,1.0,1.0,2.0,0.0051,35462.47625067301,-0.1555006730122841,205,6,10,1.0,1.0,2.0,True,,2.7e-08
13.0,+,210,35502.84709,6,10,1.0,-1.0,0.0,0.0028,35503.014561557735,-0.1674715577319148,207,6,10,1.0,-1.0,0.0,True,,1.5e-08
13.0,+,211,35544.80783,6,10,1.0,0.0,1.0,0.0028,35544.66092144284,0.14690855715889484,208,6,10,1.0,0.0,1.0,True,,1.5e-08
13.0,-,2,862.99794,2,0,-1.0,-1.0,-2.0,576.0,863.00151019923,-0.0035701992300118945,2,2,0,-1.0,-1.0,-2.0,True,,0.0031
13.0,-,3,909.02318,2,0,-1.0,1.0,0.0,484.0,909.016847627731,0.006332372269071129,3,2,0,-1.0,1.0,0.0,True,,0.0026
13.0,-,4,957.58882,2,0,-1.0,0.0,-1.0,484.0,957.592690338271,-0.003870338270985485,4,2,0,-1.0,0.0,-1.0,True,,0.0026
13.0,-,6,2478.4146,2,1,-1.0,-1.0,-2.0,11.56,2478.407790111073,0.00680988892690948,6,2,1,-1.0,-1.0,-2.0,True,,6.2e-05
13.0,-,7,2524.02455,2,1,-1.0,1.0,0.0,11.56,2524.007122292954,0.017427707045953866,7,2,1,-1.0,1.0,0.0,True,,6.2e-05
13.0,-,8,2572.1476,2,1,-1.0,0.0,-1.0,10.89,2572.138372223256,0.009227776743955474,8,2,1,-1.0,0.0,-1.0,True,,5.9e-05
13.0,-,10,4070.50601,2,2,-1.0,-1.0,-2.0,5.76,4070.543210687217,-0.037200687217136874,10,2,2,-1.0,-1.0,-2.0,True,,3.1e-05
13.0,-,11,4115.69825,2,2,-1.0,1.0,0.0,8.41,4115.723852419477,-0.025602419476854266,11,2,2,-1.0,1.0,0.0,True,,4.5e-05
13.0,-,12,4163.37589,2,2,-1.0,0.0,-1.0,6.25,4163.413030274786,-0.03714027478599746,12,2,2,-1.0,0.0,-1.0,True,,3.4e-05
13.0,-,13,5639.25819,2,3,-1.0,-1.0,-2.0,4.0,5639.246747454916,0.011442545083809819,13,2,3,-1.0,-1.0,-2.0,True,,2.2e-05
13.0,-,14,5684.01177,2,3,-1.0,1.0,0.0,3.61,5684.006145434234,0.005624565766083833,14,2,3,-1.0,1.0,0.0,True,,1.9e-05
13.0,-,16,5731.26195,2,3,-1.0,0.0,-1.0,2.56,5731.259981372699,0.0019686273008119315,16,2,3,-1.0,0.0,-1.0,True,,1.4e-05
13.0,-,19,7184.65998,2,4,-1.0,-1.0,-2.0,2.89,7184.620435748969,0.03954425103165704,19,2,4,-1.0,-1.0,-2.0,True,,1.6e-05
13.0,-,20,7228.9861,2,4,-1.0,1.0,0.0,1.44,7228.950217257325,0.03588274267531233,20,2,4,-1.0,1.0,0.0,True,,7.7e-06
13.0,-,21,7275.77085,2,4,-1.0,0.0,-1.0,2.56,7275.779589293699,-0.00873929369936377,21,2,4,-1.0,0.0,-1.0,True,,1.4e-05
13.0,-,25,8560.83533,3,0,-1.0,0.0,-1.0,1296.0,8560.840181293237,-0.0048512932371522766,25,3,0,-1.0,0.0,-1.0,True,,0.007
13.0,-,26,8706.69028,2,5,-1.0,-1.0,-2.0,1.0,8706.690119747707,0.00016025229342631064,26,2,5,-1.0,-1.0,-2.0,True,,5.4e-06
13.0,-,27,8750.57481,2,5,-1.0,1.0,0.0,0.64,8750.554635750825,0.020174249175397563,27,2,5,-1.0,1.0,0.0,True,,3.4e-06
13.0,-,28,8796.95376,2,5,-1.0,0.0,-1.0,1.0,8796.997212749971,-0.04345274997103843,28,2,5,-1.0,0.0,-1.0,True,,5.4e-06
13.0,-,32,9626.10164,5,0,0.0,-1.0,-1.0,16.0,9626.227779039114,-0.12613903911369562,32,5,0,0.0,-1.0,-1.0,True,,8.6e-05
13.0,-,33,10141.77837,3,1,-1.0,0.0,-1.0,10.89,10141.78357707296,-0.005207072959819925,33,3,1,-1.0,0.0,-1.0,True,,5.9e-05
13.0,-,34,10205.39883,2,6,-1.0,-1.0,-2.0,1.96,10205.419465026313,-0.020635026312447735,34,2,6,-1.0,-1.0,-2.0,True,,1.1e-05
13.0,-,35,10248.92099,2,6,-1.0,1.0,0.0,1.44,10248.939239637202,-0.018249637201734004,35,2,6,-1.0,1.0,0.0,True,,7.7e-06
13.0,-,36,10294.78746,2,6,-1.0,0.0,-1.0,1.0,10294.874364996993,-0.08690499699332577,36,2,6,-1.0,0.0,-1.0,True,,5.4e-06
13.0,-,40,11652.72891,5,1,0.0,-1.0,-1.0,1.0,11653.054075467175,-0.3251654671748838,40,5,1,0.0,-1.0,-1.0,True,,5.4e-06
13.0,-,41,11681.3048,2,7,-1.0,-1.0,-2.0,0.25,11680.812950760035,0.4918492399647221,41,2,7,-1.0,-1.0,-2.0,True,,1.3e-06
13.0,-,42,11698.48782,3,2,-1.0,0.0,-1.0,10.24,11698.527397350766,-0.039577350766194286,42,3,2,-1.0,0.0,-1.0,True,,5.5e-05
13.0,-,43,11725.1708,2,7,-1.0,1.0,0.0,0.25,11725.306991783447,-0.13619178344742977,43,2,7,-1.0,1.0,0.0,True,,1.3e-06
13.0,-,44,11769.38909,2,7,-1.0,0.0,-1.0,0.16,11769.377304482874,0.011785517126554623,44,2,7,-1.0,0.0,-1.0,True,,8.6e-07
13.0,-,49,13132.66047,2,8,-1.0,-1.0,-2.0,0.49,13132.710878410331,-0.05040841033041943,49,2,8,-1.0,-1.0,-2.0,True,,2.6e-06
13.0,-,50,13175.2033,2,8,-1.0,1.0,0.0,0.36,13175.179851939574,0.023448060424925643,50,2,8,-1.0,1.0,0.0,True,,1.9e-06
13.0,-,51,13220.32075,2,8,-1.0,0.0,-1.0,0.25,13220.4637832734,-0.14303327339985117,51,2,8,-1.0,0.0,-1.0,True,,1.3e-06
13.0,-,52,13230.91105,3,3,-1.0,0.0,-1.0,4.41,13230.923104916546,-0.01205491654582147,52,3,3,-1.0,0.0,-1.0,True,,2.4e-05
13.0,-,58,14561.34954,2,9,-1.0,-1.0,-2.0,0.0181,14561.284627975789,0.06491202421057096,58,2,9,-1.0,-1.0,-2.0,True,,9.7e-08
13.0,-,59,14603.66567,2,9,-1.0,1.0,0.0,0.0237,14603.64306761945,0.02260238054986985,59,2,9,-1.0,1.0,0.0,True,,1.3e-07
13.0,-,60,14648.11178,2,9,-1.0,0.0,-1.0,0.03,14648.185180103634,-0.07340010363441252,60,2,9,-1.0,0.0,-1.0,True,,1.6e-07
13.0,-,61,14738.97642,3,4,-1.0,0.0,-1.0,3.61,14738.968329869873,0.008090130128039164,61,3,4,-1.0,0.0,-1.0,True,,1.9e-05
13.0,-,74,16222.59908,3,5,-1.0,0.0,-1.0,2.25,16222.605034452949,-0.005954452948571998,74,3,5,-1.0,0.0,-1.0,True,,1.2e-05
13.0,-,84,17681.69977,3,6,-1.0,0.0,-1.0,0.64,17681.72894820271,-0.029178202712500934,84,3,6,-1.0,0.0,-1.0,True,,3.4e-06
13.0,-,93,19116.19886,3,7,-1.0,0.0,-1.0,0.09,19116.2074875202,-0.008627520201116567,93,3,7,-1.0,0.0,-1.0,True,,4.8e-07
13.0,-,106,20525.97194,3,8,-1.0,0.0,-1.0,0.04,20525.992740635,-0.020800635000341572,106,3,8,-1.0,0.0,-1.0,True,,2.2e-07
14.0,+,1,380.01623,1,0,0.0,0.0,0.0,900.0,380.021186973569,-0.004956973568994272,1,1,0,0.0,0.0,0.0,True,,0.0048
14.0,+,5,2203.67855,1,1,0.0,0.0,0.0,112.96,2203.678179340128,0.0003706598722601484,5,1,1,0.0,0.0,0.0,True,,0.00061
14.0,+,9,3998.98073,1,2,0.0,0.0,0.0,12.25,3998.996929122091,-0.01619912209071117,9,1,2,0.0,0.0,0.0,True,,6.6e-05
14.0,+,15,5765.00211,1,3,0.0,0.0,0.0,5.29,5765.004261319555,-0.0021513195542866015,15,1,3,0.0,0.0,0.0,True,,2.8e-05
14.0,+,17,6518.37117,4,0,0.0,1.0,1.0,529.0,6518.431663768361,-0.06049376836108422,17,4,0,0.0,1.0,1.0,True,,0.0028
14.0,+,18,6604.70634,4,0,0.0,0.0,0.0,576.0,6604.725121191299,-0.018781191299240163,18,4,0,0.0,0.0,0.0,True,,0.0031
14.0,+,22,7500.56564,1,4,0.0,0.0,0.0,3.61,7500.553185761431,0.012454238568352594,22,1,4,0.0,0.0,0.0,True,,1.9e-05
14.0,+,23,7963.53341,4,1,0.0,1.0,1.0,4.41,7963.586352542023,-0.05294254202271986,23,4,1,0.0,1.0,1.0,True,,2.4e-05
14.0,+,24,8048.92396,4,1,0.0,0.0,0.0,5.29,8048.928556604904,-0.004596604903781554,24,4,1,0.0,0.0,0.0,True,,2.8e-05
14.0,+,29,9204.08613,1,5,0.0,0.0,0.0,1.0,9204.108768551696,-0.0226385516962182,29,1,5,0.0,0.0,0.0,True,,5.4e-06
14.0,+,30,9386.5278,4,2,0.0,1.0,1.0,6.76,9386.62117476695,-0.09337476694963698,30,4,2,0.0,1.0,1.0,True,,3.6e-05
14.0,+,31,9470.96378,4,2,0.0,0.0,0.0,7.84,9471.01155353914,-0.04777353913959814,31,4,2,0.0,0.0,0.0,True,,4.2e-05
14.0,+,37,10787.40289,4,3,0.0,1.0,1.0,3.24,10787.504310574348,-0.10142057434859453,37,4,3,0.0,1.0,1.0,True,,1.7e-05
14.0,+,38,10870.74541,4,3,0.0,0.0,0.0,1.44,10870.81957118944,-0.07416118944092887,38,4,3,0.0,0.0,0.0,True,,7.7e-06
14.0,+,39,10873.6069,1,6,0.0,0.0,0.0,2.89,10873.749516971999,-0.14261697199799528,39,1,6,0.0,0.0,0.0,True,,1.6e-05
14.0,+,45,12164.42421,7,0,2.0,0.0,2.0,36.0,12164.414804680022,0.009405319977304316,45,7,0,2.0,0.0,2.0,True,,0.00019
14.0,+,46,12166.27473,4,4,0.0,1.0,1.0,1.69,12166.351973081899,-0.07724308189972362,46,4,4,0.0,1.0,1.0,True,,9.1e-06
14.0,+,47,12248.83166,4,4,0.0,0.0,0.0,2.89,12248.84407868944,-0.012418689440892194,47,4,4,0.0,0.0,0.0,True,,1.6e-05
14.0,+,53,13523.20549,4,5,0.0,1.0,1.0,1.96,13523.250373292967,-0.04488329296691518,53,4,5,0.0,1.0,1.0,True,,1.1e-05
14.0,+,54,13545.42669,7,1,2.0,0.0,2.0,0.36,13545.423505348728,0.0031846512720221654,54,7,1,2.0,0.0,2.0,True,,1.9e-06
14.0,+,55,13604.81222,4,5,0.0,0.0,0.0,2.25,13604.792779718457,0.019440281543211313,55,4,5,0.0,0.0,0.0,True,,1.2e-05
14.0,+,62,14858.28353,4,6,0.0,1.0,1.0,0.49,14858.316893267489,-0.033363267488311976,62,4,6,0.0,1.0,1.0,True,,2.6e-06
14.0,+,63,14903.55524,7,2,2.0,0.0,2.0,0.36,14903.570682689238,-0.015442689238625462,63,7,2,2.0,0.0,2.0,True,,1.9e-06
14.0,+,64,14938.94194,4,6,0.0,0.0,0.0,0.64,14938.909900194882,0.03203980511898408,64,4,6,0.0,0.0,0.0,True,,3.4e-06
14.0,+,65,15506.02937,8,0,0.0,0.0,0.0,36.0,15506.015038825086,0.014331174914332223,65,8,0,0.0,0.0,0.0,True,,0.00019
14.0,+,71,16171.64205,4,7,0.0,1.0,1.0,0.49,16171.67342359635,-0.031373596350022126,71,4,7,0.0,1.0,1.0,True,,2.6e-06
14.0,+,72,16238.87144,7,3,2.0,0.0,2.0,0.81,16238.870707647706,0.0007323522950173356,72,7,3,2.0,0.0,2.0,True,,4.4e-06
14.0,+,73,16251.39999,4,7,0.0,0.0,0.0,0.36,16251.317299735105,0.08269026489506359,73,4,7,0.0,0.0,0.0,True,,1.9e-06
14.0,+,75,16924.31655,8,1,0.0,0.0,0.0,0.36,16924.249739935247,0.0668100647526444,75,8,1,0.0,0.0,0.0,True,,1.9e-06
14.0,+,79,17463.28618,4,8,0.0,1.0,1.0,0.09,17463.4374075745,-0.15122757450080826,79,4,8,0.0,1.0,1.0,True,,4.8e-07
14.0,+,81,17542.04941,4,8,0.0,0.0,0.0,0.09,17542.132230293588,-0.08282029358815635,81,4,8,0.0,0.0,0.0,True,,4.8e-07
14.0,+,82,17551.43841,7,4,2.0,0.0,2.0,0.81,17551.426519398843,0.011890601155755576,82,7,4,2.0,0.0,2.0,True,,4.4e-06
14.0,+,85,18342.00658,8,2,0.0,0.0,0.0,0.09,18342.2703762034,-0.2637962033986696,85,8,2,0.0,0.0,0.0,True,,4.8e-07
14.0,+,92,18841.31956,7,5,2.0,0.0,2.0,0.49,18841.313414181353,0.006145818646473344,92,7,5,2.0,0.0,2.0,True,,2.6e-06
14.0,+,95,19761.32309,8,3,0.0,0.0,0.0,0.09,19761.177363617346,0.1457263826559938,95,8,3,0.0,0.0,0.0,True,,4.8e-07
14.0,+,100,20108.55912,7,6,2.0,0.0,2.0,0.64,20108.524864242856,0.03425575714572915,100,7,6,2.0,0.0,2.0,True,,3.4e-06
14.0,+,103,20306.63085,6,0,1.0,1.0,2.0,225.0,20306.624466228448,0.006383771553373663,103,6,0,1.0,1.0,2.0,True,,0.0012
14.0,+,104,20358.34622,6,0,1.0,-1.0,0.0,169.0,20358.336259648884,0.009960351115296362,104,6,0,1.0,-1.0,0.0,True,,0.00091
14.0,+,105,20413.08499,6,0,1.0,0.0,1.0,256.0,20413.156938970347,-0.07194897034787573,105,6,0,1.0,0.0,1.0,True,,0.0014
14.0,+,111,21353.28223,7,7,2.0,0.0,2.0,0.25,21353.234199005015,0.048030994985310826,111,7,7,2.0,0.0,2.0,True,,1.3e-06
14.0,+,117,22056.66788,6,1,1.0,1.0,2.0,0.81,22056.649178826403,0.018701173597946763,117,6,1,1.0,1.0,2.0,True,,4.4e-06
14.0,+,118,22107.77857,6,1,1.0,-1.0,0.0,1.44,22107.752462908094,0.02610709190412308,118,6,1,1.0,-1.0,0.0,True,,7.7e-06
14.0,+,119,22161.88821,6,1,1.0,0.0,1.0,0.81,22161.97817083579,-0.08996083579040715,119,6,1,1.0,0.0,1.0,True,,4.4e-06
14.0,+,124,22575.52544,7,8,2.0,0.0,2.0,0.09,22575.344700174686,0.18073982531495858,124,7,8,2.0,0.0,2.0,True,,4.8e-07
14.0,+,133,23768.40727,6,2,1.0,1.0,2.0,0.04,23767.00989790325,1.3973720967514964,133,6,2,1.0,1.0,2.0,True,,2.2e-07
14.0,+,135,23819.73706,6,2,1.0,-1.0,0.0,0.09,23819.903701315874,-0.16664131587458542,135,6,2,1.0,-1.0,0.0,True,,4.8e-07
14.0,+,136,23873.14811,6,2,1.0,0.0,1.0,0.09,23873.25417179072,-0.10606179072055966,136,6,2,1.0,0.0,1.0,True,,4.8e-07
14.0,+,151,25440.82382,6,3,1.0,1.0,2.0,1.96,25440.790776864007,0.033043135994375916,151,6,3,1.0,1.0,2.0,True,,1.1e-05
14.0,+,152,25490.6163,6,3,1.0,-1.0,0.0,2.89,25490.56181984667,0.05448015333240619,152,6,3,1.0,-1.0,0.0,True,,1.6e-05
14.0,+,153,25543.33843,6,3,1.0,0.0,1.0,1.69,25543.439650152934,-0.10122015293381992,153,6,3,1.0,0.0,1.0,True,,9.1e-06
14.0,+,166,27067.9624,6,4,1.0,1.0,2.0,0.09,27067.857369571306,0.10503042869459023,166,6,4,1.0,1.0,2.0,True,,4.8e-07
14.0,+,167,27116.40668,6,4,1.0,-1.0,0.0,0.49,27116.224313342336,0.1823666576638061,168,6,4,1.0,-1.0,0.0,True,,2.6e-06
14.0,+,169,27168.50576,6,4,1.0,0.0,1.0,0.09,27169.06369634005,-0.5579363400502189,169,6,4,1.0,0.0,1.0,True,,4.8e-07
14.0,+,182,28643.05378,6,5,1.0,1.0,2.0,0.64,28643.0625703659,-0.00879036590049509,182,6,5,1.0,1.0,2.0,True,,3.4e-06
14.0,+,183,28691.248,6,5,1.0,-1.0,0.0,0.49,28691.232716237322,0.015283762677427148,183,6,5,1.0,-1.0,0.0,True,,2.6e-06
14.0,+,184,28742.34756,6,5,1.0,0.0,1.0,0.49,28742.50179314922,-0.15423314922009013,184,6,5,1.0,0.0,1.0,True,,2.6e-06
14.0,+,199,30161.07051,6,6,1.0,1.0,2.0,0.09,30160.843761474884,0.2267485251177277,199,6,6,1.0,1.0,2.0,True,,4.8e-07
14.0,+,201,30208.78617,6,6,1.0,-1.0,0.0,0.09,30208.49781982759,0.2883501724099915,201,6,6,1.0,-1.0,0.0,True,,4.8e-07
14.0,+,202,30258.35989,6,6,1.0,0.0,1.0,0.09,30257.776666960057,0.5832230399428227,202,6,6,1.0,0.0,1.0,True,,4.8e-07
14.0,+,215,31613.78483,6,7,1.0,1.0,2.0,0.16,31613.838247995525,-0.053417995524796424,215,6,7,1.0,1.0,2.0,True,,8.6e-07
14.0,+,216,31659.95503,6,7,1.0,-1.0,0.0,0.09,31659.941325917735,0.013704082266485784,216,6,7,1.0,-1.0,0.0,True,,4.8e-07
14.0,+,217,31708.98903,6,7,1.0,0.0,1.0,0.16,31709.223187458632,-0.23415745863167103,217,6,7,1.0,0.0,1.0,True,,8.6e-07
14.0,+,229,32991.46247,6,8,1.0,1.0,2.0,0.16,32991.36192765491,0.10054234509152593,229,6,8,1.0,1.0,2.0,True,,8.6e-07
14.0,+,230,33036.53086,6,8,1.0,-1.0,0.0,0.25,33036.49574448962,0.03511551037809113,230,6,8,1.0,-1.0,0.0,True,,1.3e-06
14.0,+,231,33084.21581,6,8,1.0,0.0,1.0,0.09,33084.09483553265,0.12097446735424455,231,6,8,1.0,0.0,1.0,True,,4.8e-07
14.0,+,243,34287.54989,6,9,1.0,1.0,2.0,0.0015,34291.158388682285,-3.608498682282516,243,6,9,1.0,1.0,2.0,True,,8.1e-09
14.0,+,245,34331.29731,6,9,1.0,-1.0,0.0,0.0004,34330.86894260385,0.42836739615449915,244,6,9,1.0,-1.0,0.0,True,,2.2e-09
14.0,+,249,34377.92178,6,9,1.0,0.0,1.0,0.0004,34380.035470530434,-2.1136905304374523,246,6,9,1.0,0.0,1.0,True,,2.2e-09
14.0,+,263,35500.09672,6,10,1.0,1.0,2.0,0.0028,35500.09869421788,-0.0019742178774322383,259,6,10,1.0,1.0,2.0,True,,1.5e-08
14.0,+,264,35542.5152,6,10,1.0,-1.0,0.0,0.0028,35542.3509032676,0.164296732400544,261,6,10,1.0,-1.0,0.0,True,,1.5e-08
14.0,+,265,35587.5283,6,10,1.0,0.0,1.0,0.0028,35587.46529365953,0.06300634046783671,262,6,10,1.0,0.0,1.0,True,,1.5e-08
14.0,-,1,905.45951,2,0,-1.0,-1.0,-2.0,484.0,905.463921059923,-0.004411059922972527,1,2,0,-1.0,-1.0,-2.0,True,,0.0026
14.0,-,2,955.04003,2,0,-1.0,1.0,0.0,625.0,955.040617204616,-0.0005872046159538513,2,2,0,-1.0,1.0,0.0,True,,0.0034
14.0,-,3,1006.56039,2,0,-1.0,0.0,-1.0,484.0,1006.556761238257,0.0036287617430161845,3,2,0,-1.0,0.0,-1.0,True,,0.0026
14.0,-,4,2520.43595,2,1,-1.0,-1.0,-2.0,7.84,2520.432302256651,0.0036477433491199918,4,2,1,-1.0,-1.0,-2.0,True,,4.2e-05
14.0,-,5,2569.57835,2,1,-1.0,1.0,0.0,10.89,2569.567576328392,0.010773671607694268,5,2,1,-1.0,1.0,0.0,True,,5.9e-05
14.0,-,6,2620.60993,2,1,-1.0,0.0,-1.0,10.24,2620.582338965756,0.027591034243869217,6,2,1,-1.0,0.0,-1.0,True,,5.5e-05
14.0,-,7,4112.07745,2,2,-1.0,-1.0,-2.0,5.29,4112.125894125324,-0.048444125323840126,7,2,2,-1.0,-1.0,-2.0,True,,2.8e-05
14.0,-,8,4160.78345,2,2,-1.0,1.0,0.0,7.29,4160.821575576965,-0.03812557696528529,8,2,2,-1.0,1.0,0.0,True,,3.9e-05
14.0,-,9,4211.32247,2,2,-1.0,0.0,-1.0,4.84,4211.32897364689,-0.006503646889541415,9,2,2,-1.0,0.0,-1.0,True,,2.6e-05
14.0,-,10,5680.36647,2,3,-1.0,-1.0,-2.0,2.25,5680.384650803649,-0.01818080364864727,10,2,3,-1.0,-1.0,-2.0,True,,1.2e-05
14.0,-,11,5728.64772,2,3,-1.0,1.0,0.0,4.0,5728.645948998041,0.0017710019592414028,11,2,3,-1.0,1.0,0.0,True,,2.2e-05
14.0,-,12,5778.69823,2,3,-1.0,0.0,-1.0,3.24,5778.639080291046,0.05914970895355509,12,2,3,-1.0,0.0,-1.0,True,,1.7e-05
14.0,-,14,7225.30883,2,4,-1.0,-1.0,-2.0,1.44,7225.306861046362,0.0019689536375153693,14,2,4,-1.0,-1.0,-2.0,True,,7.7e-06
14.0,-,15,7273.14505,2,4,-1.0,1.0,0.0,2.89,7273.141024582013,0.00402541798666789,15,2,4,-1.0,1.0,0.0,True,,1.6e-05
14.0,-,16,7322.69595,2,4,-1.0,0.0,-1.0,1.44,7322.603498716719,0.09245128328166174,16,2,4,-1.0,0.0,-1.0,True,,7.7e-06
14.0,-,18,8605.82996,3,0,-1.0,0.0,-1.0,576.0,8605.795886516862,0.03407348313703551,18,3,0,-1.0,0.0,-1.0,True,,0.0031
14.0,-,19,8746.81507,2,5,-1.0,-1.0,-2.0,0.25,8746.901856988512,-0.08678698851144873,19,2,5,-1.0,-1.0,-2.0,True,,1.3e-06
14.0,-,20,8794.29922,2,5,-1.0,1.0,0.0,0.81,8794.33174986287,-0.032529862868614146,20,2,5,-1.0,1.0,0.0,True,,4.4e-06
14.0,-,21,8843.3168,2,5,-1.0,0.0,-1.0,0.64,8843.201297763833,0.11550223616723088,21,2,5,-1.0,0.0,-1.0,True,,3.4e-06
14.0,-,23,9626.55068,5,0,0.0,-1.0,-1.0,25.0,9626.372223041157,0.17845695884352608,23,5,0,0.0,-1.0,-1.0,True,,0.00013
14.0,-,24,9737.62424,5,0,0.0,0.0,0.0,1.0,9738.101825362737,-0.4775853627379547,24,5,0,0.0,0.0,0.0,True,,5.4e-06
14.0,-,25,10186.29524,3,1,-1.0,0.0,-1.0,6.76,10186.261455059512,0.03378494048774883,25,3,1,-1.0,0.0,-1.0,True,,3.6e-05
14.0,-,26,10245.17714,2,6,-1.0,-1.0,-2.0,1.0,10245.228069123938,-0.050929123937748955,26,2,6,-1.0,-1.0,-2.0,True,,5.4e-06
14.0,-,27,10292.12564,2,6,-1.0,1.0,0.0,1.96,10292.18293049771,-0.05729049770889105,27,2,6,-1.0,1.0,0.0,True,,1.1e-05
14.0,-,28,10340.70726,2,6,-1.0,0.0,-1.0,1.44,10340.67038150012,0.036878499879094306,28,2,6,-1.0,0.0,-1.0,True,,7.7e-06
14.0,-,30,11652.73549,5,1,0.0,-1.0,-1.0,0.49,11653.72920112572,-0.9937111257204378,30,5,1,0.0,-1.0,-1.0,True,,2.6e-06
14.0,-,31,11722.3089,2,7,-1.0,-1.0,-2.0,0.25,11721.067383724705,1.2415162752949982,31,2,7,-1.0,-1.0,-2.0,True,,1.3e-06
14.0,-,32,11742.5242,3,2,-1.0,0.0,-1.0,5.29,11742.520463679504,0.003736320495590917,32,3,2,-1.0,0.0,-1.0,True,,2.8e-05
14.0,-,33,11761.01349,5,1,0.0,0.0,0.0,0.36,11761.388315723209,-0.37482572320914187,33,5,1,0.0,0.0,0.0,True,,1.9e-06
14.0,-,34,11769.02785,2,7,-1.0,1.0,0.0,0.16,11767.134052572226,1.8937974277741887,34,2,7,-1.0,1.0,0.0,True,,8.6e-07
14.0,-,35,11816.63514,2,7,-1.0,0.0,-1.0,0.16,11818.018984453427,-1.3838444534267182,35,2,7,-1.0,0.0,-1.0,True,,8.6e-07
14.0,-,38,13171.32074,2,8,-1.0,-1.0,-2.0,0.81,13171.489335055609,-0.1685950556093303,38,2,8,-1.0,-1.0,-2.0,True,,4.4e-06
14.0,-,39,13217.57547,2,8,-1.0,1.0,0.0,0.25,13217.708530947293,-0.13306094729341567,39,2,8,-1.0,1.0,0.0,True,,1.3e-06
14.0,-,40,13265.04031,2,8,-1.0,0.0,-1.0,0.49,13264.805726008797,0.23458399120318063,40,2,8,-1.0,0.0,-1.0,True,,2.6e-06
14.0,-,41,13274.4644,3,3,-1.0,0.0,-1.0,1.96,13274.440137001631,0.024262998369522393,41,3,3,-1.0,0.0,-1.0,True,,1.1e-05
14.0,-,46,14599.90972,2,9,-1.0,-1.0,-2.0,0.037,14599.797227442337,0.11249255766233546,46,2,9,-1.0,-1.0,-2.0,True,,2e-07
14.0,-,47,14645.39509,2,9,-1.0,1.0,0.0,0.037,14645.404569924287,-0.009479924287006725,47,2,9,-1.0,1.0,0.0,True,,2e-07
14.0,-,48,14692.56182,2,9,-1.0,0.0,-1.0,0.03,14692.512710745286,0.049109254714494455,48,2,9,-1.0,0.0,-1.0,True,,1.6e-07
14.0,-,49,14782.04417,3,4,-1.0,0.0,-1.0,1.96,14782.003104234866,0.04106576513368054,49,3,4,-1.0,0.0,-1.0,True,,1.1e-05
14.0,-,59,16265.18186,3,5,-1.0,0.0,-1.0,1.21,16265.155903187477,0.02595681252387294,59,3,5,-1.0,0.0,-1.0,True,,6.5e-06
14.0,-,67,17723.79525,3,6,-1.0,0.0,-1.0,0.09,17723.80037181206,-0.005121812060679076,67,3,6,-1.0,0.0,-1.0,True,,4.8e-07
14.0,-,73,19157.78181,3,7,-1.0,0.0,-1.0,0.01,19157.782552851324,-0.0007428513235936407,73,3,7,-1.0,0.0,-1.0,True,,5.4e-08
14.0,-,84,20567.07774,3,8,-1.0,0.0,-1.0,0.01,20567.075454169233,0.0022858307675051037,84,3,8,-1.0,0.0,-1.0,True,,5.4e-08
15.0,+,13,6604.83809,4,0,0.0,1.0,1.0,841.0,6604.727733630336,0.11035636966425955,13,4,0,0.0,1.0,1.0,True,,0.0045
15.0,+,17,8049.05352,4,1,0.0,1.0,1.0,6.25,8048.932867279855,0.12065272014569928,17,4,1,0.0,1.0,1.0,True,,3.4e-05
15.0,+,22,9471.09552,4,2,0.0,1.0,1.0,10.89,9471.017650261005,0.07786973899601435,22,4,2,0.0,1.0,1.0,True,,5.9e-05
15.0,+,29,10871.04384,4,3,0.0,1.0,1.0,3.24,10870.96333142754,0.08050857246053056,29,4,3,0.0,1.0,1.0,True,,1.7e-05
15.0,+,36,12207.99813,7,0,2.0,0.0,2.0,25.0,12207.987959246679,0.010170753321290249,36,7,0,2.0,0.0,2.0,True,,0.00013
15.0,+,37,12248.95369,4,4,0.0,1.0,1.0,1.96,12248.859059013763,0.09463098623746191,37,4,4,0.0,1.0,1.0,True,,1.1e-05
15.0,+,42,13588.49529,7,1,2.0,0.0,2.0,0.36,13588.488864147457,0.006425852543543442,42,7,1,2.0,0.0,2.0,True,,1.9e-06
15.0,+,43,13604.94976,4,5,0.0,1.0,1.0,1.44,13604.810362800708,0.1393971992911247,43,4,5,0.0,1.0,1.0,True,,7.7e-06
15.0,+,50,14939.08104,4,6,0.0,1.0,1.0,0.49,14938.930636262827,0.15040373717238253,50,4,6,0.0,1.0,1.0,True,,2.6e-06
15.0,+,51,14946.11534,7,2,2.0,0.0,2.0,0.36,14946.12856581659,-0.013225816590420436,51,7,2,2.0,0.0,2.0,True,,1.9e-06
15.0,+,57,16251.4525,4,7,0.0,1.0,1.0,0.36,16251.341336102663,0.11116389733615506,57,4,7,0.0,1.0,1.0,True,,1.9e-06
15.0,+,58,16280.92354,7,3,2.0,0.0,2.0,0.81,16280.921618048893,0.0019219511068513384,58,7,3,2.0,0.0,2.0,True,,4.4e-06
15.0,+,63,17542.17884,4,8,0.0,1.0,1.0,0.09,17542.159654714716,0.0191852852840384,63,4,8,0.0,1.0,1.0,True,,4.8e-07
15.0,+,64,17592.98267,7,4,2.0,0.0,2.0,0.64,17592.97039105192,0.012278948081075214,64,7,4,2.0,0.0,2.0,True,,3.4e-06
15.0,+,72,18882.35341,7,5,2.0,0.0,2.0,0.36,18882.349972943168,0.003437056831899099,72,7,5,2.0,0.0,2.0,True,,1.9e-06
15.0,+,78,20149.08739,7,6,2.0,0.0,2.0,0.36,20149.05636048917,0.03102951083201333,78,7,6,2.0,0.0,2.0,True,,1.9e-06
15.0,+,81,20355.58817,6,0,1.0,1.0,2.0,169.0,20355.62330755129,-0.035137551290972624,81,6,0,1.0,1.0,2.0,True,,0.00091
15.0,+,82,20411.2788,6,0,1.0,-1.0,0.0,225.0,20411.32527966557,-0.046479665568767814,82,6,0,1.0,-1.0,0.0,True,,0.0012
15.0,+,83,20469.06687,6,0,1.0,0.0,1.0,169.0,20469.039285663945,0.02758433605413302,83,6,0,1.0,0.0,1.0,True,,0.00091
15.0,+,87,21393.29416,7,7,2.0,0.0,2.0,0.25,21393.25368930036,0.04047069964144612,87,7,7,2.0,0.0,2.0,True,,1.3e-06
15.0,+,93,22105.04866,6,1,1.0,1.0,2.0,1.0,22105.073335153673,-0.024675153672433225,93,6,1,1.0,1.0,2.0,True,,5.4e-06
15.0,+,94,22160.11876,6,1,1.0,-1.0,0.0,0.49,22160.159076077613,-0.04031607761135092,94,6,1,1.0,-1.0,0.0,True,,2.6e-06
15.0,+,95,22217.22724,6,1,1.0,0.0,1.0,1.21,22217.20461979233,0.022620207670115633,95,6,1,1.0,0.0,1.0,True,,6.5e-06
15.0,+,97,22615.01799,7,8,2.0,0.0,2.0,0.04,22614.853595834382,0.16439416561843245,97,7,8,2.0,0.0,2.0,True,,2.2e-07
15.0,+,106,23818.22797,6,2,1.0,0.0,1.0,0.09,23819.502385235195,-1.2744152351951925,106,6,2,1.0,0.0,1.0,True,,4.8e-07
15.0,+,107,23871.50149,6,2,1.0,-1.0,0.0,0.49,23871.739865861222,-0.2383758612231759,107,6,2,1.0,-1.0,0.0,True,,2.6e-06
15.0,+,108,23927.79,6,2,1.0,1.0,2.0,0.16,23927.732389736124,0.057610263876995305,108,6,2,1.0,1.0,2.0,True,,8.6e-07
15.0,+,120,25487.91181,6,3,1.0,1.0,2.0,2.56,25487.945531594767,-0.03372159476566594,120,6,3,1.0,1.0,2.0,True,,1.4e-05
15.0,+,121,25541.61043,6,3,1.0,-1.0,0.0,2.25,25541.67620323914,-0.06577323914098088,121,6,3,1.0,-1.0,0.0,True,,1.2e-05
15.0,+,122,25597.23264,6,3,1.0,0.0,1.0,3.24,25597.194015714667,0.03862428533102502,122,6,3,1.0,0.0,1.0,True,,1.7e-05
15.0,+,131,27113.84788,6,4,1.0,0.0,1.0,0.04,27113.68420651364,0.16367348636049428,132,6,4,1.0,1.0,2.0,False,,2.2e-07
15.0,+,133,27166.90435,6,4,1.0,-1.0,0.0,0.25,27167.182164289112,-0.27781428911112016,133,6,4,1.0,-1.0,0.0,True,,1.3e-06
15.0,+,134,27221.3473,6,4,1.0,1.0,2.0,0.49,27221.28245838407,0.06484161593107274,134,6,4,1.0,0.0,1.0,False,,2.6e-06
15.0,+,145,28688.66043,6,5,1.0,1.0,2.0,0.49,28688.731607215013,-0.07117721501344931,145,6,5,1.0,1.0,2.0,True,,2.6e-06
15.0,+,146,28740.71074,6,5,1.0,-1.0,0.0,0.64,28740.843646627287,-0.13290662728832103,146,6,5,1.0,-1.0,0.0,True,,3.4e-06
15.0,+,147,28794.55592,6,5,1.0,0.0,1.0,0.64,28794.544455189738,0.01146481026080437,147,6,5,1.0,0.0,1.0,True,,3.4e-06
15.0,+,158,30206.18941,6,6,1.0,1.0,2.0,0.25,30206.05128439182,0.13812560818041675,158,6,6,1.0,1.0,2.0,True,,1.3e-06
15.0,+,160,30256.71843,6,6,1.0,-1.0,0.0,0.09,30256.338517147662,0.37991285233874805,160,6,6,1.0,-1.0,0.0,True,,4.8e-07
15.0,+,161,30309.93339,6,6,1.0,0.0,1.0,0.09,30309.829113115247,0.10427688475101604,161,6,6,1.0,0.0,1.0,True,,4.8e-07
15.0,+,170,31657.43908,6,7,1.0,1.0,2.0,0.25,31657.606691987083,-0.16761198708263692,170,6,7,1.0,1.0,2.0,True,,1.3e-06
15.0,+,171,31707.45485,6,7,1.0,-1.0,0.0,0.36,31707.708359257424,-0.25350925742532127,171,6,7,1.0,-1.0,0.0,True,,1.9e-06
15.0,+,173,31759.03103,6,7,1.0,0.0,1.0,0.16,31759.05448546136,-0.023455461363482755,172,6,7,1.0,0.0,1.0,True,,8.6e-07
15.0,+,181,33034.0894,6,8,1.0,1.0,2.0,0.16,33034.25968191671,-0.1702819167112466,181,6,8,1.0,1.0,2.0,True,,8.6e-07
15.0,+,182,33082.65148,6,8,1.0,-1.0,0.0,0.16,33082.732193977135,-0.08071397713501938,182,6,8,1.0,-1.0,0.0,True,,8.6e-07
15.0,+,183,33133.08725,6,8,1.0,0.0,1.0,0.16,33133.103157233694,-0.015907233697362244,183,6,8,1.0,0.0,1.0,True,,8.6e-07
15.0,+,193,34328.77638,6,9,1.0,1.0,2.0,0.0,34328.784895284065,-0.008515284062013961,192,6,9,1.0,1.0,2.0,True,,0.0
15.0,+,196,34373.54782,6,9,1.0,-1.0,0.0,0.0,34378.45486786191,-4.9070478619105415,194,6,9,1.0,-1.0,0.0,True,,0.0
15.0,+,198,34425.17568,6,9,1.0,0.0,1.0,0.0,34424.867388311526,0.308291688474128,195,6,9,1.0,0.0,1.0,True,,0.0
15.0,+,209,35540.16991,6,10,1.0,0.0,1.0,0.0051,35540.34816634151,-0.17825634151085978,206,6,10,1.0,0.0,1.0,True,,2.7e-08
15.0,+,210,35586.04246,6,10,1.0,-1.0,0.0,0.0051,35586.272172639736,-0.2297126397388638,207,6,10,1.0,-1.0,0.0,True,,2.7e-08
15.0,+,211,35633.45349,6,10,1.0,1.0,2.0,0.0028,35633.30489399374,0.14859600625641178,208,6,10,1.0,1.0,2.0,True,,1.5e-08
15.0,-,2,951.06542,2,0,-1.0,-1.0,-2.0,529.0,951.071137472541,-0.005717472540936797,2,2,0,-1.0,-1.0,-2.0,True,,0.0028
15.0,-,3,1002.93637,2,0,-1.0,1.0,0.0,484.0,1002.932723935694,0.0036460643060536313,3,2,0,-1.0,1.0,0.0,True,,0.0026
15.0,-,4,1057.7201,2,0,-1.0,0.0,-1.0,729.0,1057.726183888424,-0.006083888423972894,4,2,0,-1.0,0.0,-1.0,True,,0.0039
15.0,-,6,2565.58997,2,1,-1.0,-1.0,-2.0,8.41,2565.58301086538,0.006959134620046825,6,2,1,-1.0,-1.0,-2.0,True,,4.5e-05
15.0,-,7,2616.97222,2,1,-1.0,1.0,0.0,12.25,2616.957730032576,0.014489967424196948,7,2,1,-1.0,1.0,0.0,True,,6.6e-05
15.0,-,8,2671.22908,2,1,-1.0,0.0,-1.0,12.25,2671.241536756273,-0.01245675627296805,8,2,1,-1.0,0.0,-1.0,True,,6.6e-05
15.0,-,10,4156.78157,2,2,-1.0,-1.0,-2.0,4.84,4156.819938800674,-0.03836880067410675,10,2,2,-1.0,-1.0,-2.0,True,,2.6e-05
15.0,-,11,4207.67679,2,2,-1.0,1.0,0.0,6.25,4207.703595446055,-0.026805446054822823,11,2,2,-1.0,1.0,0.0,True,,3.4e-05
15.0,-,12,4261.43192,2,2,-1.0,0.0,-1.0,9.61,4261.480658981339,-0.048738981338829035,12,2,2,-1.0,0.0,-1.0,True,,5.2e-05
15.0,-,13,5724.64013,2,3,-1.0,-1.0,-2.0,3.24,5724.625328810149,0.014801189850913943,13,2,3,-1.0,-1.0,-2.0,True,,1.7e-05
15.0,-,14,5775.02785,2,3,-1.0,1.0,0.0,2.56,5775.01368698551,0.014163014490804926,14,2,3,-1.0,1.0,0.0,True,,1.4e-05
15.0,-,16,5828.27711,2,3,-1.0,0.0,-1.0,2.89,5828.292017025877,-0.014907025876709668,16,2,3,-1.0,0.0,-1.0,True,,1.6e-05
15.0,-,19,7269.13544,2,4,-1.0,-1.0,-2.0,3.24,7269.09968519858,0.035754801419898286,19,2,4,-1.0,-1.0,-2.0,True,,1.7e-05
15.0,-,20,7319.02235,2,4,-1.0,1.0,0.0,1.44,7318.98124413314,0.041105866860561946,20,2,4,-1.0,1.0,0.0,True,,7.7e-06
15.0,-,21,7371.78532,2,4,-1.0,0.0,-1.0,2.56,7371.774214133637,0.011105866363323003,21,2,4,-1.0,0.0,-1.0,True,,1.4e-05
15.0,-,25,8653.94312,3,0,-1.0,0.0,-1.0,1156.0,8653.951361162715,-0.008241162715421524,25,3,0,-1.0,0.0,-1.0,True,,0.0062
15.0,-,26,8790.26754,2,5,-1.0,-1.0,-2.0,1.0,8790.26840829413,-0.0008682941297593061,26,2,5,-1.0,-1.0,-2.0,True,,5.4e-06
15.0,-,27,8839.61315,2,5,-1.0,1.0,0.0,1.0,8839.597882905537,0.015267094462615205,27,2,5,-1.0,1.0,0.0,True,,5.4e-06
15.0,-,28,8891.91192,2,5,-1.0,0.0,-1.0,1.21,8891.952091031262,-0.04017103126170696,28,2,5,-1.0,0.0,-1.0,True,,6.5e-06
15.0,-,32,9737.6243,5,0,0.0,-1.0,-1.0,16.0,9737.619851130157,0.004448869842235581,32,5,0,0.0,-1.0,-1.0,True,,8.6e-05
15.0,-,33,10233.89673,3,1,-1.0,0.0,-1.0,9.0,10233.904704281304,-0.007974281303177122,33,3,1,-1.0,0.0,-1.0,True,,4.8e-05
15.0,-,34,10288.0511,2,6,-1.0,-1.0,-2.0,1.21,10288.094130111389,-0.04303011138836155,34,2,6,-1.0,-1.0,-2.0,True,,6.5e-06
15.0,-,35,10337.00564,2,6,-1.0,1.0,0.0,1.21,10337.0276008755,-0.021960875501463306,35,2,6,-1.0,1.0,0.0,True,,6.5e-06
15.0,-,36,10388.69081,2,6,-1.0,0.0,-1.0,1.21,10388.786069014634,-0.09525901463348418,36,2,6,-1.0,0.0,-1.0,True,,6.5e-06
15.0,-,40,11758.3081,5,1,0.0,-1.0,-1.0,0.64,11761.185164474002,-2.8770644740015996,40,5,1,0.0,-1.0,-1.0,True,,3.4e-06
15.0,-,41,11766.38453,2,7,-1.0,0.0,-1.0,0.16,11763.438648522366,2.9458814776335203,41,2,7,-1.0,0.0,-1.0,True,,8.6e-07
15.0,-,42,11789.61216,3,2,-1.0,0.0,-1.0,9.61,11789.654312582035,-0.04215258203475969,42,3,2,-1.0,0.0,-1.0,True,,5.2e-05
15.0,-,43,11813.65667,2,7,-1.0,1.0,0.0,0.16,11813.664593729303,-0.007923729303001892,43,2,7,-1.0,1.0,0.0,True,,8.6e-07
15.0,-,44,11862.27134,2,7,-1.0,-1.0,-2.0,0.16,11862.243451884973,0.027888115026144078,44,2,7,-1.0,-1.0,-2.0,True,,8.6e-07
15.0,-,49,13213.50132,2,8,-1.0,-1.0,-2.0,0.36,13213.569565208472,-0.0682452084729448,49,2,8,-1.0,-1.0,-2.0,True,,1.9e-06
15.0,-,50,13261.25831,2,8,-1.0,1.0,0.0,0.49,13261.250793608624,0.007516391375247622,50,2,8,-1.0,1.0,0.0,True,,2.6e-06
15.0,-,51,13312.12378,2,8,-1.0,0.0,-1.0,0.36,13312.277901256577,-0.1541212565771275,51,2,8,-1.0,0.0,-1.0,True,,1.9e-06
15.0,-,52,13321.03455,3,3,-1.0,0.0,-1.0,4.0,13321.05382244946,-0.019272449459094787,52,3,3,-1.0,0.0,-1.0,True,,2.2e-05
15.0,-,58,14641.27072,2,9,-1.0,-1.0,-2.0,0.03,14641.232119448068,0.03860055193217704,58,2,9,-1.0,-1.0,-2.0,True,,1.6e-07
15.0,-,59,14688.84121,2,9,-1.0,1.0,0.0,0.0237,14688.806660062528,0.034549937472547754,59,2,9,-1.0,1.0,0.0,True,,1.3e-07
15.0,-,60,14738.84529,2,9,-1.0,0.0,-1.0,0.03,14738.94667173596,-0.1013817359598761,60,2,9,-1.0,0.0,-1.0,True,,1.6e-07
15.0,-,61,14828.0952,3,4,-1.0,0.0,-1.0,4.84,14828.100252910532,-0.005052910531958332,61,3,4,-1.0,0.0,-1.0,True,,2.6e-05
15.0,-,74,16310.70953,3,5,-1.0,0.0,-1.0,1.21,16310.734466106476,-0.024936106476161513,74,3,5,-1.0,0.0,-1.0,True,,6.5e-06
15.0,-,84,17768.7981,3,6,-1.0,0.0,-1.0,0.36,17768.853874345597,-0.05577434559745598,84,3,6,-1.0,0.0,-1.0,True,,1.9e-06
15.0,-,93,19202.2634,3,7,-1.0,0.0,-1.0,0.16,19202.3156141239,-0.052214123901649145,93,3,7,-1.0,0.0,-1.0,True,,8.6e-07
15.0,-,106,20611.02168,3,8,-1.0,0.0,-1.0,0.04,20611.080808944098,-0.059128944096300984,106,3,8,-1.0,0.0,-1.0,True,,2.2e-07
16.0,+,1,492.10374,1,0,0.0,0.0,0.0,784.0,492.099450193864,0.004289806136000607,1,1,0,0.0,0.0,0.0,True,,0.0042
16.0,+,5,2314.62754,1,1,0.0,0.0,0.0,189.61,2314.626537626318,0.0010023736817856843,5,1,1,0.0,0.0,0.0,True,,0.001
16.0,+,9,4108.78101,1,2,0.0,0.0,0.0,9.0,4108.803941700136,-0.02293170013672352,9,1,2,0.0,0.0,0.0,True,,4.8e-05
16.0,+,15,5873.62061,1,3,0.0,0.0,0.0,3.61,5873.647224332443,-0.026614332443386957,15,1,3,0.0,0.0,0.0,True,,1.9e-05
16.0,+,17,6604.66655,4,0,0.0,1.0,1.0,529.0,6604.728452507505,-0.06190250750478299,17,4,0,0.0,1.0,1.0,True,,0.0028
16.0,+,18,6702.85715,4,0,0.0,0.0,0.0,529.0,6702.873658557351,-0.016508557350789488,18,4,0,0.0,0.0,0.0,True,,0.0028
16.0,+,22,7607.97351,1,4,0.0,0.0,0.0,2.56,7608.000279496526,-0.026769496525957948,22,1,4,0.0,0.0,0.0,True,,1.4e-05
16.0,+,23,8048.88541,4,1,0.0,1.0,1.0,3.61,8048.935391793691,-0.04998179369158606,23,4,1,0.0,1.0,1.0,True,,1.9e-05
16.0,+,24,8145.99975,4,1,0.0,0.0,0.0,4.84,8145.998052326353,0.0016976736469587195,24,4,1,0.0,0.0,0.0,True,,2.6e-05
16.0,+,29,9310.23774,1,5,0.0,0.0,0.0,0.36,9310.316007640828,-0.07826764082710724,29,1,5,0.0,0.0,0.0,True,,1.9e-06
16.0,+,30,9470.92985,4,2,0.0,1.0,1.0,5.76,9471.023386647717,-0.09353664771697368,30,4,2,0.0,1.0,1.0,True,,3.1e-05
16.0,+,31,9566.96918,4,2,0.0,0.0,0.0,6.76,9567.00249742883,-0.03331742882983235,31,4,2,0.0,0.0,0.0,True,,3.6e-05
16.0,+,37,10870.84959,4,3,0.0,1.0,1.0,3.24,10870.959277667216,-0.10968766721634893,37,4,3,0.0,1.0,1.0,True,,1.7e-05
16.0,+,38,10965.77764,4,3,0.0,0.0,0.0,2.89,10965.834198900577,-0.056558900576419546,38,4,3,0.0,0.0,0.0,True,,1.6e-05
16.0,+,39,10978.33193,1,6,0.0,0.0,0.0,0.25,10978.555240100131,-0.22331010013112973,39,1,6,0.0,0.0,0.0,True,,1.3e-06
16.0,+,45,12248.77997,4,4,0.0,1.0,1.0,1.96,12248.859128474145,-0.07915847414551536,45,4,4,0.0,1.0,1.0,True,,1.1e-05
16.0,+,46,12254.46392,7,0,2.0,0.0,2.0,36.0,12254.453419016114,0.010500983886231552,46,7,0,2.0,0.0,2.0,True,,0.00019
16.0,+,47,12342.66177,4,4,0.0,0.0,0.0,2.89,12342.67852108307,-0.016751083068811568,47,4,4,0.0,0.0,0.0,True,,1.6e-05
16.0,+,53,13604.77341,4,5,0.0,1.0,1.0,1.96,13604.810847537326,-0.03743753732669575,53,4,5,0.0,1.0,1.0,True,,1.1e-05
16.0,+,54,13634.42112,7,1,2.0,0.0,2.0,0.36,13634.412645372051,0.008474627949908609,54,7,1,2.0,0.0,2.0,True,,1.9e-06
16.0,+,55,13697.56798,4,5,0.0,0.0,0.0,2.25,13697.549513252392,0.018466747607817524,55,4,5,0.0,0.0,0.0,True,,1.2e-05
16.0,+,62,14938.90044,4,6,0.0,1.0,1.0,0.64,14938.931021959808,-0.03058195980884193,62,4,6,0.0,1.0,1.0,True,,3.4e-06
16.0,+,63,14991.50171,7,2,2.0,0.0,2.0,0.36,14991.511001770596,-0.009291770595154958,63,7,2,2.0,0.0,2.0,True,,1.9e-06
16.0,+,64,15030.53558,4,6,0.0,0.0,0.0,0.64,15030.58931991182,-0.05373991182023019,64,4,6,0.0,0.0,0.0,True,,3.4e-06
16.0,+,65,15597.30027,8,0,0.0,0.0,0.0,36.0,15597.281069251518,0.019200748482035124,65,8,0,0.0,0.0,0.0,True,,0.00019
16.0,+,71,16251.28612,4,7,0.0,1.0,1.0,0.36,16251.341514178317,-0.05539417831641913,71,4,7,0.0,1.0,1.0,True,,1.9e-06
16.0,+,72,16325.7703,7,3,2.0,0.0,2.0,0.81,16325.763245714445,0.00705428555556864,72,7,3,2.0,0.0,2.0,True,,4.4e-06
16.0,+,73,16341.92909,4,7,0.0,0.0,0.0,0.49,16341.919760630395,0.009329369604529347,73,4,7,0.0,0.0,0.0,True,,2.6e-06
16.0,+,75,17014.94223,8,1,0.0,0.0,0.0,0.25,17014.861401312453,0.0808286875471822,75,8,1,0.0,0.0,0.0,True,,1.3e-06
16.0,+,79,17541.99844,4,8,0.0,1.0,1.0,0.09,17542.159697878895,-0.16125787889541243,79,4,8,0.0,1.0,1.0,True,,4.8e-07
16.0,+,81,17631.5703,4,8,0.0,0.0,0.0,0.09,17631.65799481998,-0.08769481998024276,81,4,8,0.0,0.0,0.0,True,,4.8e-07
16.0,+,82,17637.28523,7,4,2.0,0.0,2.0,0.64,17637.27114118233,0.014088817672018195,82,7,4,2.0,0.0,2.0,True,,3.4e-06
16.0,+,85,18432.09017,8,2,0.0,0.0,0.0,0.04,18432.346349060037,-0.2561790600375389,85,8,2,0.0,0.0,0.0,True,,2.2e-07
16.0,+,91,18926.11306,7,5,2.0,0.0,2.0,0.36,18926.109540949554,0.003519050445902394,91,7,5,2.0,0.0,2.0,True,,1.9e-06
16.0,+,95,19850.89039,8,3,0.0,0.0,0.0,0.09,19850.733278435953,0.15711156404722715,95,8,3,0.0,0.0,0.0,True,,4.8e-07
16.0,+,100,20192.30172,7,6,2.0,0.0,2.0,0.25,20192.27684723144,0.024872768561181147,100,7,6,2.0,0.0,2.0,True,,1.3e-06
16.0,+,103,20408.08786,6,0,1.0,0.0,1.0,196.0,20408.070857657334,0.017002342665364267,103,6,0,1.0,0.0,1.0,True,,0.0011
16.0,+,104,20466.27779,6,0,1.0,-1.0,0.0,225.0,20466.265883747095,0.011906252904736903,104,6,0,1.0,-1.0,0.0,True,,0.0012
16.0,+,105,20527.7757,6,0,1.0,1.0,2.0,196.0,20527.860556611588,-0.08485661158920266,105,6,0,1.0,1.0,2.0,True,,0.0011
16.0,+,111,21435.96389,7,7,2.0,0.0,2.0,0.25,21435.92825847945,0.03563152054994134,111,7,7,2.0,0.0,2.0,True,,1.3e-06
16.0,+,117,22156.94803,6,1,1.0,0.0,1.0,1.0,22156.920611774534,0.027418225465225987,117,6,1,1.0,0.0,1.0,True,,5.4e-06
16.0,+,118,22214.44102,6,1,1.0,-1.0,0.0,0.64,22214.42131328681,0.019706713188497815,118,6,1,1.0,-1.0,0.0,True,,3.4e-06
16.0,+,119,22275.24394,6,1,1.0,1.0,2.0,1.21,22275.341906779744,-0.0979667797437287,119,6,1,1.0,1.0,2.0,True,,6.5e-06
16.0,+,124,22657.14233,7,8,2.0,0.0,2.0,0.01,22656.983564892715,0.1587651072841254,124,7,8,2.0,0.0,2.0,True,,5.4e-08
16.0,+,134,23868.74614,6,2,1.0,0.0,1.0,0.09,23869.29796698593,-0.5518269859312568,134,6,2,1.0,0.0,1.0,True,,4.8e-07
16.0,+,135,23925.05376,6,2,1.0,-1.0,0.0,0.49,23925.13010602966,-0.07634602966209059,135,6,2,1.0,-1.0,0.0,True,,2.6e-06
16.0,+,136,23985.0682,6,2,1.0,1.0,2.0,0.16,23985.128086472345,-0.05988647234335076,136,6,2,1.0,1.0,2.0,True,,8.6e-07
16.0,+,151,25538.54541,6,3,1.0,0.0,1.0,2.25,25538.504563755807,0.04084624419192551,151,6,3,1.0,0.0,1.0,True,,1.2e-05
16.0,+,152,25594.55044,6,3,1.0,-1.0,0.0,2.89,25594.49623392331,0.05420607668929733,152,6,3,1.0,-1.0,0.0,True,,1.6e-05
16.0,+,153,25653.78229,6,3,1.0,1.0,2.0,1.96,25653.89938897642,-0.11709897642140277,153,6,3,1.0,1.0,2.0,True,,1.1e-05
16.0,+,166,27164.09164,6,4,1.0,0.0,1.0,0.011,27164.013823249887,0.07781675011210609,166,6,4,1.0,0.0,1.0,True,,5.9e-08
16.0,+,168,27218.73964,6,4,1.0,-1.0,0.0,0.011,27218.575558397373,0.16408160262653837,168,6,4,1.0,-1.0,0.0,True,,5.9e-08
16.0,+,169,27277.3188,6,4,1.0,1.0,2.0,0.011,27277.777532146523,-0.4587321465223795,169,6,4,1.0,1.0,2.0,True,,5.9e-08
16.0,+,182,28737.7584,6,5,1.0,0.0,1.0,0.64,28737.769941395356,-0.01154139535719878,182,6,5,1.0,0.0,1.0,True,,3.4e-06
16.0,+,183,28791.99214,6,5,1.0,-1.0,0.0,0.49,28791.958165735385,0.03397426461378927,183,6,5,1.0,-1.0,0.0,True,,2.6e-06
16.0,+,185,28849.39255,6,5,1.0,1.0,2.0,0.49,28849.551370624056,-0.15882062405580655,184,6,5,1.0,1.0,2.0,True,,2.6e-06
16.0,+,199,30253.61894,6,6,1.0,0.0,1.0,0.16,30253.494276208578,0.12466379142279038,199,6,6,1.0,0.0,1.0,True,,8.6e-07
16.0,+,201,30307.37361,6,6,1.0,-1.0,0.0,0.36,30307.30400582175,0.06960417825030163,201,6,6,1.0,-1.0,0.0,True,,1.9e-06
16.0,+,202,30362.81831,6,6,1.0,1.0,2.0,0.09,30361.917117253037,0.9011927469618968,203,6,6,1.0,1.0,2.0,True,,4.8e-07
16.0,+,215,31704.70901,6,7,1.0,0.0,1.0,0.16,31704.78283760068,-0.0738276006813976,215,6,7,1.0,0.0,1.0,True,,8.6e-07
16.0,+,216,31756.64576,6,7,1.0,-1.0,0.0,0.09,31756.647987984383,-0.002227984383353032,216,6,7,1.0,-1.0,0.0,True,,4.8e-07
16.0,+,217,31811.75083,6,7,1.0,1.0,2.0,0.25,31812.010681449694,-0.2598514496930875,217,6,7,1.0,1.0,2.0,True,,1.3e-06
16.0,+,229,33079.89618,6,8,1.0,0.0,1.0,0.09,33079.95976153437,-0.06358153436303837,229,6,8,1.0,0.0,1.0,True,,4.8e-07
16.0,+,230,33130.80465,6,8,1.0,-1.0,0.0,0.16,33130.78527876793,0.01937123206880642,230,6,8,1.0,-1.0,0.0,True,,8.6e-07
16.0,+,231,33184.34139,6,8,1.0,1.0,2.0,0.09,33184.1855566839,0.15583331610105233,231,6,8,1.0,1.0,2.0,True,,4.8e-07
16.0,+,244,34373.78064,6,9,1.0,1.0,2.0,0.0015,34375.56233996267,-1.7816999626738834,243,6,9,1.0,0.0,1.0,False,,8.1e-09
16.0,+,247,34422.9417,6,9,1.0,-1.0,0.0,0.0033,34422.78798702396,0.15371297603996936,245,6,9,1.0,-1.0,0.0,True,,1.8e-08
16.0,+,250,34476.47633,6,9,1.0,0.0,1.0,0.0033,34476.77537556064,-0.2990455606413889,246,6,9,1.0,1.0,2.0,False,,1.8e-08
16.0,+,263,35583.6341,6,10,1.0,0.0,1.0,0.0051,35583.68146156997,-0.04736156996659702,260,6,10,1.0,0.0,1.0,True,,2.7e-08
16.0,+,264,35631.43137,6,10,1.0,-1.0,0.0,0.0051,35631.237092632386,0.19427736761281267,261,6,10,1.0,-1.0,0.0,True,,2.7e-08
16.0,+,265,35681.85568,6,10,1.0,1.0,2.0,0.0028,35681.91028133365,-0.05460133364977082,262,6,10,1.0,1.0,2.0,True,,1.5e-08
16.0,-,1,999.92335,2,0,-1.0,-1.0,-2.0,400.0,999.925968445561,-0.002618445560983673,1,2,0,-1.0,-1.0,-2.0,True,,0.0022
16.0,-,2,1055.47919,2,0,-1.0,1.0,0.0,576.0,1055.478212688627,0.000977311372935219,2,2,0,-1.0,1.0,0.0,True,,0.0031
16.0,-,3,1113.12711,2,0,-1.0,0.0,-1.0,400.0,1113.127120838742,-1.0838742127816658e-05,3,2,0,-1.0,0.0,-1.0,True,,0.0022
16.0,-,4,2613.93536,2,1,-1.0,-1.0,-2.0,6.76,2613.931232971392,0.0041270286078542995,4,2,1,-1.0,-1.0,-2.0,True,,3.6e-05
16.0,-,5,2668.98433,2,1,-1.0,1.0,0.0,13.69,2668.976187488433,0.008142511567257316,5,2,1,-1.0,1.0,0.0,True,,7.4e-05
16.0,-,6,2726.07929,2,1,-1.0,0.0,-1.0,7.29,2726.052556196834,0.026733803166280268,6,2,1,-1.0,0.0,-1.0,True,,3.9e-05
16.0,-,7,4204.60506,2,2,-1.0,-1.0,-2.0,5.29,4204.656527628294,-0.051467628293721646,7,2,2,-1.0,-1.0,-2.0,True,,2.8e-05
16.0,-,8,4259.15984,2,2,-1.0,1.0,0.0,7.84,4259.196169975507,-0.036329975506305345,8,2,2,-1.0,1.0,0.0,True,,4.2e-05
16.0,-,9,4315.69158,2,2,-1.0,0.0,-1.0,5.76,4315.692364093067,-0.0007840930675229174,9,2,2,-1.0,0.0,-1.0,True,,3.1e-05
16.0,-,10,5771.92359,2,3,-1.0,-1.0,-2.0,2.89,5771.946159491744,-0.02256949174352485,10,2,3,-1.0,-1.0,-2.0,True,,1.6e-05
16.0,-,11,5825.98892,2,3,-1.0,1.0,0.0,5.29,5825.986644285315,0.002275714684401464,11,2,3,-1.0,1.0,0.0,True,,2.8e-05
16.0,-,12,5881.94772,2,3,-1.0,0.0,-1.0,2.89,5881.893788946267,0.05393105373332219,12,2,3,-1.0,0.0,-1.0,True,,1.6e-05
16.0,-,14,7315.88004,2,4,-1.0,-1.0,-2.0,1.44,7315.895673053843,-0.01563305384297564,14,2,4,-1.0,-1.0,-2.0,True,,7.7e-06
16.0,-,15,7369.46213,2,4,-1.0,1.0,0.0,3.61,7369.446176618911,0.015953381089275354,15,2,4,-1.0,1.0,0.0,True,,1.9e-05
16.0,-,16,7424.84495,2,4,-1.0,0.0,-1.0,2.89,7424.744117809849,0.10083219015086797,16,2,4,-1.0,0.0,-1.0,True,,1.6e-05
16.0,-,18,8705.34705,3,0,-1.0,0.0,-1.0,576.0,8705.304194733804,0.04285526619605662,18,3,0,-1.0,0.0,-1.0,True,,0.0031
16.0,-,19,8836.40368,2,5,-1.0,-1.0,-2.0,0.64,8836.50850930395,-0.10482930395119183,19,2,5,-1.0,-1.0,-2.0,True,,3.4e-06
16.0,-,20,8889.55441,2,5,-1.0,1.0,0.0,1.44,8889.599242488564,-0.04483248856377031,20,2,5,-1.0,1.0,0.0,True,,7.7e-06
16.0,-,21,8944.33027,2,5,-1.0,0.0,-1.0,0.64,8944.214402248717,0.11586775128307636,21,2,5,-1.0,0.0,-1.0,True,,3.4e-06
16.0,-,23,9737.92203,5,0,0.0,-1.0,-1.0,1.0,9737.7466821498,0.17534785019961419,23,5,0,0.0,-1.0,-1.0,True,,5.4e-06
16.0,-,25,10284.75199,3,1,-1.0,0.0,-1.0,5.29,10284.711428977449,0.04056102255162841,25,3,1,-1.0,0.0,-1.0,True,,2.8e-05
16.0,-,26,10333.82824,2,6,-1.0,-1.0,-2.0,1.21,10333.878456497587,-0.05021649758600688,26,2,6,-1.0,-1.0,-2.0,True,,6.5e-06
16.0,-,27,10386.33552,2,6,-1.0,1.0,0.0,1.69,10386.40939093058,-0.07387093057877792,27,2,6,-1.0,1.0,0.0,True,,9.1e-06
16.0,-,28,10440.63123,2,6,-1.0,0.0,-1.0,1.0,10440.601204630475,0.030025369525901624,28,2,6,-1.0,0.0,-1.0,True,,5.4e-06
16.0,-,30,11761.05447,5,1,0.0,-1.0,-1.0,0.25,11762.969230616789,-1.914760616789863,30,5,1,0.0,-1.0,-1.0,True,,1.3e-06
16.0,-,31,11811.96829,2,7,-1.0,-1.0,-2.0,0.16,11809.72330517871,2.2449848212909274,31,2,7,-1.0,-1.0,-2.0,True,,8.6e-07
16.0,-,32,11839.92256,3,2,-1.0,0.0,-1.0,4.41,11839.907562443534,0.014997556467278628,32,3,2,-1.0,0.0,-1.0,True,,2.4e-05
16.0,-,33,11859.46661,2,7,-1.0,1.0,0.0,0.25,11859.739099092898,-0.2724890928984678,33,2,7,-1.0,1.0,0.0,True,,1.3e-06
16.0,-,34,11886.20125,5,1,0.0,0.0,0.0,0.25,11883.480136803159,2.721113196841543,34,5,1,0.0,0.0,0.0,True,,1.3e-06
16.0,-,35,11918.4978,2,7,-1.0,0.0,-1.0,0.16,11920.718486289004,-2.2206862890052435,35,2,7,-1.0,0.0,-1.0,True,,8.6e-07
16.0,-,38,13257.91602,2,8,-1.0,-1.0,-2.0,0.81,13258.137958191042,-0.22193819104177237,38,2,8,-1.0,-1.0,-2.0,True,,4.4e-06
16.0,-,39,13309.69082,2,8,-1.0,1.0,0.0,0.49,13309.842531921284,-0.15171192128400435,39,2,8,-1.0,1.0,0.0,True,,2.6e-06
16.0,-,40,13362.66668,2,8,-1.0,0.0,-1.0,0.64,13362.434809968001,0.23187003199927858,40,2,8,-1.0,0.0,-1.0,True,,3.4e-06
16.0,-,41,13370.7915,3,3,-1.0,0.0,-1.0,2.56,13370.76220519186,0.029294808138729422,41,3,3,-1.0,0.0,-1.0,True,,1.4e-05
16.0,-,46,14685.6341,2,9,-1.0,-1.0,-2.0,0.03,14685.528310281601,0.1057897183982277,46,2,9,-1.0,-1.0,-2.0,True,,1.6e-07
16.0,-,47,14736.44878,2,9,-1.0,1.0,0.0,0.037,14736.488032409827,-0.03925240982607647,47,2,9,-1.0,1.0,0.0,True,,2e-07
16.0,-,48,14789.16149,2,9,-1.0,0.0,-1.0,0.0181,14789.115301558133,0.0461884418673435,48,2,9,-1.0,0.0,-1.0,True,,9.7e-08
16.0,-,49,14877.29441,3,4,-1.0,0.0,-1.0,1.0,14877.257336186833,0.03707381316780811,49,3,4,-1.0,0.0,-1.0,True,,5.4e-06
16.0,-,59,16359.34522,3,5,-1.0,0.0,-1.0,0.49,16359.338389385657,0.0068306143421068555,59,3,5,-1.0,0.0,-1.0,True,,2.6e-06
16.0,-,67,17816.87514,3,6,-1.0,0.0,-1.0,0.09,17816.924699636667,-0.04955963666725438,67,3,6,-1.0,0.0,-1.0,True,,4.8e-07
16.0,-,73,19249.78079,3,7,-1.0,0.0,-1.0,0.04,19249.80401631783,-0.023226317829539767,73,3,7,-1.0,0.0,-1.0,True,,2.2e-07
16.0,-,84,20657.97171,3,8,-1.0,0.0,-1.0,0.01,20658.006360216306,-0.0346502163047262,84,3,8,-1.0,0.0,-1.0,True,,5.4e-08
17.0,+,13,6702.98784,4,0,0.0,1.0,1.0,900.0,6702.876388655024,0.11145134497564868,13,4,0,0.0,1.0,1.0,True,,0.0048
17.0,+,17,8146.127,4,1,0.0,1.0,1.0,6.25,8146.00261608461,0.12438391539035365,17,4,1,0.0,1.0,1.0,True,,3.4e-05
17.0,+,22,9567.09632,4,2,0.0,1.0,1.0,4.84,9567.008920202636,0.08739979736492387,22,4,2,0.0,1.0,1.0,True,,2.6e-05
17.0,+,29,10965.95116,4,3,0.0,1.0,1.0,4.0,10965.876561893137,0.0745981068630499,29,4,3,0.0,1.0,1.0,True,,2.2e-05
17.0,+,36,12303.8212,7,0,2.0,0.0,2.0,25.0,12303.808751553968,0.012448446032067295,36,7,0,2.0,0.0,2.0,True,,0.00013
17.0,+,37,12342.80425,4,4,0.0,1.0,1.0,1.69,12342.694362716482,0.1098872835173097,37,4,4,0.0,1.0,1.0,True,,9.1e-06
17.0,+,42,13683.2043,7,1,2.0,0.0,2.0,0.36,13683.192410545069,0.011889454930496868,42,7,1,2.0,0.0,2.0,True,,1.9e-06
17.0,+,43,13697.70189,4,5,0.0,1.0,1.0,2.25,13697.568129155308,0.13376084469200578,43,4,5,0.0,1.0,1.0,True,,1.2e-05
17.0,+,50,15030.76343,4,6,0.0,1.0,1.0,0.81,15030.6112591953,0.15217080470029032,50,4,6,0.0,1.0,1.0,True,,4.4e-06
17.0,+,51,15039.71329,7,2,2.0,0.0,2.0,0.25,15039.715546874346,-0.002256874346130644,51,7,2,2.0,0.0,2.0,True,,1.3e-06
17.0,+,57,16342.05206,4,7,0.0,1.0,1.0,0.49,16341.945177567994,0.10688243200638681,57,4,7,0.0,1.0,1.0,True,,2.6e-06
17.0,+,58,16373.40137,7,3,2.0,0.0,2.0,0.81,16373.393140185994,0.008229814005972003,58,7,3,2.0,0.0,2.0,True,,4.4e-06
17.0,+,63,17631.69357,4,8,0.0,1.0,1.0,0.09,17631.686989732883,0.006580267116078176,63,4,8,0.0,1.0,1.0,True,,4.8e-07
17.0,+,64,17684.34464,7,4,2.0,0.0,2.0,0.49,17684.32630278084,0.018337219160457607,64,7,4,2.0,0.0,2.0,True,,2.6e-06
17.0,+,71,18972.59294,7,5,2.0,0.0,2.0,0.25,18972.589646245346,0.003293754652986536,71,7,5,2.0,0.0,2.0,True,,1.3e-06
17.0,+,78,20238.20802,7,6,2.0,0.0,2.0,0.36,20238.183810656545,0.02420934345354908,78,7,6,2.0,0.0,2.0,True,,1.9e-06
17.0,+,81,20463.91388,6,0,1.0,0.0,1.0,256.0,20463.94461256722,-0.030732567218365148,81,6,0,1.0,0.0,1.0,True,,0.0014
17.0,+,82,20526.21825,6,0,1.0,-1.0,0.0,225.0,20526.26475709525,-0.04650709524867125,82,6,0,1.0,-1.0,0.0,True,,0.0012
17.0,+,83,20590.65524,6,0,1.0,1.0,2.0,225.0,20590.62935973378,0.02588026622106554,83,6,0,1.0,1.0,2.0,True,,0.0012
17.0,+,86,21481.30262,7,7,2.0,0.0,2.0,0.16,21481.255411075974,0.04720892402474419,86,7,7,2.0,0.0,2.0,True,,8.6e-07
17.0,+,93,22212.10803,6,1,1.0,0.0,1.0,0.49,22212.13568241261,-0.027652412609313615,93,6,1,1.0,0.0,1.0,True,,2.6e-06
17.0,+,94,22273.71412,6,1,1.0,-1.0,0.0,0.64,22273.75810296251,-0.043982962510199286,94,6,1,1.0,-1.0,0.0,True,,3.4e-06
17.0,+,95,22337.40176,6,1,1.0,1.0,2.0,0.64,22337.37000510764,0.03175489235945861,95,6,1,1.0,1.0,2.0,True,,3.4e-06
17.0,+,97,22701.87782,7,8,2.0,0.0,2.0,0.01,22701.7321268232,0.14569317680070526,97,7,8,2.0,0.0,2.0,True,,5.4e-08
17.0,+,106,23922.91201,6,2,1.0,0.0,1.0,0.16,23923.302729866373,-0.3907198663728195,106,6,2,1.0,0.0,1.0,True,,8.6e-07
17.0,+,107,23983.56662,6,2,1.0,-1.0,0.0,0.16,23983.870962704037,-0.3043427040356619,107,6,2,1.0,-1.0,0.0,True,,8.6e-07
17.0,+,108,24046.43414,6,2,1.0,1.0,2.0,0.25,24046.39750997443,0.03663002557004802,108,6,2,1.0,1.0,2.0,True,,1.3e-06
17.0,+,120,25592.23514,6,3,1.0,0.0,1.0,1.44,25592.265872618955,-0.030732618954061763,120,6,3,1.0,0.0,1.0,True,,7.7e-06
17.0,+,121,25652.30335,6,3,1.0,-1.0,0.0,2.56,25652.36812757281,-0.06477757281027152,121,6,3,1.0,-1.0,0.0,True,,1.4e-05
17.0,+,122,25714.3071,6,3,1.0,1.0,2.0,1.69,25714.2697237566,0.03737624340283219,122,6,3,1.0,1.0,2.0,True,,9.1e-06
17.0,+,132,27216.4871,6,4,1.0,0.0,1.0,0.64,27216.43471384979,0.05238615020789439,132,6,4,1.0,0.0,1.0,True,,3.4e-06
17.0,+,133,27275.93252,6,4,1.0,-1.0,0.0,0.36,27276.148985689593,-0.21646568959477008,133,6,4,1.0,-1.0,0.0,True,,1.9e-06
17.0,+,134,27336.67173,6,4,1.0,1.0,2.0,0.16,27336.509384529356,0.16234547064232174,134,6,4,1.0,1.0,2.0,True,,8.6e-07
17.0,+,145,28789.74697,6,5,1.0,0.0,1.0,0.36,28789.829984590604,-0.08301459060385241,145,6,5,1.0,0.0,1.0,True,,1.9e-06
17.0,+,146,28847.97527,6,5,1.0,-1.0,0.0,0.49,28848.119999577884,-0.1447295778853004,146,6,5,1.0,-1.0,0.0,True,,2.6e-06
17.0,+,148,28908.0071,6,5,1.0,1.0,2.0,0.25,28907.992050929373,0.015049070625536842,147,6,5,1.0,1.0,2.0,True,,1.3e-06
17.0,+,158,30305.30678,6,6,1.0,0.0,1.0,0.36,30305.25866556672,0.048114433280716185,158,6,6,1.0,0.0,1.0,True,,1.9e-06
17.0,+,159,30361.47937,6,6,1.0,-1.0,0.0,0.16,30360.83268699105,0.6466830089520954,159,6,6,1.0,-1.0,0.0,True,,8.6e-07
17.0,+,161,30422.17664,6,6,1.0,1.0,2.0,0.16,30421.297935834322,0.8787041656796646,162,6,6,1.0,1.0,2.0,True,,8.6e-07
17.0,+,170,31754.49801,6,7,1.0,0.0,1.0,0.25,31754.664309111762,-0.16629911176278256,170,6,7,1.0,0.0,1.0,True,,1.3e-06
17.0,+,171,31810.45714,6,7,1.0,-1.0,0.0,0.36,31810.71275800181,-0.2556180018109444,171,6,7,1.0,-1.0,0.0,True,,1.9e-06
17.0,+,173,31867.90907,6,7,1.0,1.0,2.0,0.09,31867.957236717386,-0.04816671738444711,173,6,7,1.0,1.0,2.0,True,,4.8e-07
17.0,+,181,33128.7161,6,8,1.0,0.0,1.0,0.09,33128.891924265445,-0.17582426544686314,181,6,8,1.0,0.0,1.0,True,,4.8e-07
17.0,+,182,33182.98713,6,8,1.0,-1.0,0.0,0.09,33183.04690147196,-0.05977147195517318,182,6,8,1.0,-1.0,0.0,True,,4.8e-07
17.0,+,183,33239.2805,6,8,1.0,1.0,2.0,0.16,33239.26781505143,0.012684948567766696,183,6,8,1.0,1.0,2.0,True,,8.6e-07
17.0,+,194,34420.56205,6,9,1.0,0.0,1.0,0.0059,34421.01641196257,-0.4543619625692372,193,6,9,1.0,0.0,1.0,True,,3.2e-08
17.0,+,196,34475.66188,6,9,1.0,1.0,2.0,0.0059,34475.46458384353,0.19729615646792809,194,6,9,1.0,-1.0,0.0,False,,3.2e-08
17.0,+,199,34528.31376,6,9,1.0,-1.0,0.0,0.0059,34528.02135813482,0.29240186517563416,196,6,9,1.0,1.0,2.0,False,,3.2e-08
17.0,+,209,35629.30076,6,10,1.0,0.0,1.0,0.0051,35629.5472342167,-0.2464742166994256,206,6,10,1.0,0.0,1.0,True,,2.7e-08
17.0,+,210,35680.67374,6,10,1.0,-1.0,0.0,0.0051,35680.918403395095,-0.24466339509672252,207,6,10,1.0,-1.0,0.0,True,,2.7e-08
17.0,+,211,35733.52009,6,10,1.0,1.0,2.0,0.0028,35733.36663113457,0.15345886542490916,209,6,10,1.0,1.0,2.0,True,,1.5e-08
17.0,-,2,1051.95943,2,0,-1.0,-1.0,-2.0,441.0,1051.964433812758,-0.005003812757877313,2,2,0,-1.0,-1.0,-2.0,True,,0.0024
17.0,-,3,1109.79786,2,0,-1.0,1.0,0.0,441.0,1109.793657274281,0.00420272571886926,3,2,0,-1.0,1.0,0.0,True,,0.0024
17.0,-,4,1170.83891,2,0,-1.0,0.0,-1.0,484.0,1170.845376129177,-0.0064661291771699325,4,2,0,-1.0,0.0,-1.0,True,,0.0026
17.0,-,6,2665.45741,2,1,-1.0,-1.0,-2.0,7.84,2665.448852858583,0.00855714141698627,6,2,1,-1.0,-1.0,-2.0,True,,4.2e-05
17.0,-,7,2722.74358,2,1,-1.0,1.0,0.0,9.61,2722.720215818811,0.02336418118875372,7,2,1,-1.0,1.0,0.0,True,,5.2e-05
17.0,-,8,2783.20498,2,1,-1.0,0.0,-1.0,9.61,2783.197790734085,0.0071892659148034,8,2,1,-1.0,0.0,-1.0,True,,5.2e-05
17.0,-,10,4255.61805,2,2,-1.0,-1.0,-2.0,6.25,4255.653521788708,-0.035471788707582164,10,2,2,-1.0,-1.0,-2.0,True,,3.4e-05
17.0,-,11,4312.33786,2,2,-1.0,1.0,0.0,6.76,4312.361262083273,-0.023402083273140306,11,2,2,-1.0,1.0,0.0,True,,3.6e-05
17.0,-,12,4372.22733,2,2,-1.0,0.0,-1.0,9.0,4372.268113285175,-0.040783285175166384,12,2,2,-1.0,0.0,-1.0,True,,4.8e-05
17.0,-,13,5822.4399,2,3,-1.0,-1.0,-2.0,2.25,5822.426988559983,0.012911440016978304,13,2,3,-1.0,-1.0,-2.0,True,,1.2e-05
17.0,-,14,5878.58238,2,3,-1.0,1.0,0.0,3.24,5878.565088746298,0.017291253701841924,14,2,3,-1.0,1.0,0.0,True,,1.7e-05
17.0,-,16,5937.89684,2,3,-1.0,0.0,-1.0,2.89,5937.910683664875,-0.013843664874912065,16,2,3,-1.0,0.0,-1.0,True,,1.6e-05
17.0,-,19,7365.8997,2,4,-1.0,-1.0,-2.0,1.96,7365.867978766142,0.03172123385775194,19,2,4,-1.0,-1.0,-2.0,True,,1.1e-05
17.0,-,20,7421.45554,2,4,-1.0,1.0,0.0,1.69,7421.421603868463,0.03393613153730257,20,2,4,-1.0,1.0,0.0,True,,9.1e-06
17.0,-,21,7480.22343,2,4,-1.0,0.0,-1.0,3.24,7480.222080816573,0.001349183427009848,21,2,4,-1.0,0.0,-1.0,True,,1.7e-05
17.0,-,25,8759.83969,3,0,-1.0,0.0,-1.0,1156.0,8759.851940961269,-0.012250961268364335,25,3,0,-1.0,0.0,-1.0,True,,0.0062
17.0,-,26,8885.99334,2,5,-1.0,-1.0,-2.0,0.64,8886.00137804108,-0.008038041079998948,26,2,5,-1.0,-1.0,-2.0,True,,3.4e-06
17.0,-,27,8940.91269,2,5,-1.0,1.0,0.0,0.81,8940.915279305587,-0.0025893055881169857,27,2,5,-1.0,1.0,0.0,True,,4.4e-06
17.0,-,28,8999.16232,2,5,-1.0,0.0,-1.0,1.0,8999.226546983376,-0.06422698337701149,28,2,5,-1.0,0.0,-1.0,True,,5.4e-06
17.0,-,32,9864.24792,5,0,0.0,-1.0,-1.0,9.0,9864.316411395497,-0.06849139549740357,32,5,0,0.0,-1.0,-1.0,True,,4.8e-05
17.0,-,33,10338.67035,3,1,-1.0,0.0,-1.0,10.24,10338.678550794482,-0.008200794482036144,33,3,1,-1.0,0.0,-1.0,True,,5.5e-05
17.0,-,34,10382.74619,2,6,-1.0,-1.0,-2.0,0.81,10382.788644522121,-0.04245452212126111,34,2,6,-1.0,-1.0,-2.0,True,,4.4e-06
17.0,-,35,10437.23065,2,6,-1.0,1.0,0.0,1.69,10437.259930432409,-0.029280432408995694,35,2,6,-1.0,1.0,0.0,True,,9.1e-06
17.0,-,36,10494.77239,2,6,-1.0,0.0,-1.0,1.69,10494.883261676101,-0.11087167610094184,36,2,6,-1.0,0.0,-1.0,True,,9.1e-06
17.0,-,40,11855.56119,2,7,-1.0,-1.0,-2.0,0.36,11856.147076079495,-0.5858860794942302,40,2,7,-1.0,-1.0,-2.0,True,,1.9e-06
17.0,-,41,11884.21194,5,1,0.0,-1.0,-1.0,0.25,11883.89873238619,0.31320761380993645,41,5,1,0.0,-1.0,-1.0,True,,1.3e-06
17.0,-,42,11893.25911,3,2,-1.0,0.0,-1.0,10.24,11893.300580676578,-0.04147067657686421,42,3,2,-1.0,0.0,-1.0,True,,5.5e-05
17.0,-,43,11916.72957,2,7,-1.0,1.0,0.0,0.16,11916.389935595062,0.33963440493789676,43,2,7,-1.0,1.0,0.0,True,,8.6e-07
17.0,-,44,11967.21353,2,7,-1.0,0.0,-1.0,0.25,11967.161489197255,0.052040802745978,44,2,7,-1.0,0.0,-1.0,True,,1.3e-06
17.0,-,49,13306.08895,2,8,-1.0,-1.0,-2.0,0.36,13306.176986980925,-0.08803698092560808,49,2,8,-1.0,-1.0,-2.0,True,,1.9e-06
17.0,-,50,13359.17572,2,8,-1.0,1.0,0.0,0.64,13359.19354101707,-0.017821017070673406,50,2,8,-1.0,1.0,0.0,True,,3.4e-06
17.0,-,51,13415.83734,2,8,-1.0,0.0,-1.0,0.49,13416.00805768705,-0.17071768704954593,51,2,8,-1.0,0.0,-1.0,True,,2.6e-06
17.0,-,52,13423.5438,3,3,-1.0,0.0,-1.0,4.0,13423.562209471009,-0.018409471009363187,52,3,3,-1.0,0.0,-1.0,True,,2.2e-05
17.0,-,58,14732.79829,2,9,-1.0,-1.0,-2.0,0.03,14732.792267113842,0.006022886158461915,58,2,9,-1.0,-1.0,-2.0,True,,1.6e-07
17.0,-,59,14785.73456,2,9,-1.0,1.0,0.0,0.03,14785.712564739439,0.021995260562107433,59,2,9,-1.0,1.0,0.0,True,,1.6e-07
17.0,-,60,14841.25867,2,9,-1.0,0.0,-1.0,0.0237,14841.488989254278,-0.23031925427858368,60,2,9,-1.0,0.0,-1.0,True,,1.3e-07
17.0,-,61,14929.45881,3,4,-1.0,0.0,-1.0,3.61,14929.471857618446,-0.013047618445853004,61,3,4,-1.0,0.0,-1.0,True,,1.9e-05
17.0,-,74,16410.9198,3,5,-1.0,0.0,-1.0,1.0,16410.965023946108,-0.045223946108308155,74,3,5,-1.0,0.0,-1.0,True,,5.4e-06
17.0,-,84,17867.85701,3,6,-1.0,0.0,-1.0,0.25,17867.943048735917,-0.08603873591709998,84,3,6,-1.0,0.0,-1.0,True,,1.3e-06
17.0,-,93,19300.15361,3,7,-1.0,0.0,-1.0,0.01,19300.245397310082,-0.09178731008069008,93,3,7,-1.0,0.0,-1.0,True,,5.4e-08
17.0,-,106,20707.73201,3,8,-1.0,0.0,-1.0,0.01,20707.849492056568,-0.11748205656840582,106,3,8,-1.0,0.0,-1.0,True,,5.4e-08
18.0,+,1,618.57675,1,0,0.0,0.0,0.0,676.0,618.57454055876,0.0022094412399837893,1,1,0,0.0,0.0,0.0,True,,0.0036
18.0,+,5,2439.82581,1,1,0.0,0.0,0.0,110.24,2439.825463334865,0.00034666513465708704,5,1,1,0.0,0.0,0.0,True,,0.00059
18.0,+,9,4232.67903,1,2,0.0,0.0,0.0,10.24,4232.713610858405,-0.03458085840520653,9,1,2,0.0,0.0,0.0,True,,5.5e-05
18.0,+,15,5996.19491,1,3,0.0,0.0,0.0,2.89,5996.241824216301,-0.04691421630104742,15,1,3,0.0,0.0,0.0,True,,1.6e-05
18.0,+,17,6702.815,4,0,0.0,1.0,1.0,400.0,6702.877356446043,-0.062356446043850156,17,4,0,0.0,1.0,1.0,True,,0.0022
18.0,+,18,6812.84197,4,0,0.0,0.0,0.0,225.0,6812.854646128913,-0.012676128912971762,18,4,0,0.0,0.0,0.0,True,,0.0012
18.0,+,22,7729.17534,1,4,0.0,0.0,0.0,1.96,7729.243613948442,-0.06827394844185619,22,1,4,0.0,0.0,0.0,True,,1.1e-05
18.0,+,23,8145.97661,4,1,0.0,1.0,1.0,2.89,8146.005751064411,-0.029141064411305706,23,4,1,0.0,1.0,1.0,True,,1.6e-05
18.0,+,24,8254.77528,4,1,0.0,0.0,0.0,3.61,8254.769160204209,0.006119795791164506,24,4,1,0.0,0.0,0.0,True,,1.9e-05
18.0,+,29,9430.01779,1,5,0.0,0.0,0.0,0.09,9430.157774007675,-0.1399840076755936,29,1,5,0.0,0.0,0.0,True,,4.8e-07
18.0,+,30,9566.92595,4,2,0.0,1.0,1.0,4.84,9567.016478691608,-0.0905286916076875,30,4,2,0.0,1.0,1.0,True,,2.6e-05
18.0,+,31,9674.53257,4,2,0.0,0.0,0.0,3.61,9674.564260696723,-0.03169069672367186,31,4,2,0.0,0.0,0.0,True,,1.9e-05
18.0,+,37,10965.77143,4,3,0.0,1.0,1.0,2.56,10965.873759428852,-0.10232942885158991,37,4,3,0.0,1.0,1.0,True,,1.4e-05
18.0,+,38,11072.16141,4,3,0.0,0.0,0.0,2.89,11072.200740851738,-0.039330851737759076,38,4,3,0.0,0.0,0.0,True,,1.6e-05
18.0,+,39,11096.61174,1,6,0.0,0.0,0.0,0.25,11096.9145326555,-0.30279265550052514,39,1,6,0.0,0.0,0.0,True,,1.3e-06
18.0,+,45,12342.62039,4,4,0.0,1.0,1.0,1.69,12342.695287465716,-0.0748974657162762,45,4,4,0.0,1.0,1.0,True,,9.1e-06
18.0,+,46,12356.06361,7,0,2.0,0.0,2.0,36.0,12356.051372743332,0.01223725666750397,46,7,0,2.0,0.0,2.0,True,,0.00019
18.0,+,47,12447.81021,4,4,0.0,0.0,0.0,2.25,12447.82219167977,-0.011981679770542542,47,4,4,0.0,0.0,0.0,True,,1.2e-05
18.0,+,53,13697.52097,4,5,0.0,1.0,1.0,2.25,13697.569647808674,-0.048677808674256084,53,4,5,0.0,1.0,1.0,True,,1.2e-05
18.0,+,54,13734.83948,7,1,2.0,0.0,2.0,0.25,13734.825569610459,0.013910389541706536,54,7,1,2.0,0.0,2.0,True,,1.3e-06
18.0,+,55,13801.50835,4,5,0.0,0.0,0.0,2.25,13801.484772937809,0.02357706219117972,55,4,5,0.0,0.0,0.0,True,,1.2e-05
18.0,+,62,15030.58969,4,6,0.0,1.0,1.0,0.49,15030.61285396523,-0.02316396523019648,62,4,6,0.0,1.0,1.0,True,,2.6e-06
18.0,+,63,15090.74095,7,2,2.0,0.0,2.0,0.25,15090.739601491541,0.001348508458249853,63,7,2,2.0,0.0,2.0,True,,1.3e-06
18.0,+,64,15133.34522,4,6,0.0,0.0,0.0,0.81,15133.316620965621,0.028599034378203214,64,4,6,0.0,0.0,0.0,True,,4.4e-06
18.0,+,65,15700.28526,8,0,0.0,0.0,0.0,36.0,15700.265228903705,0.020031096295497264,65,8,0,0.0,0.0,0.0,True,,0.00019
18.0,+,71,16341.86877,4,7,0.0,1.0,1.0,0.36,16341.946732369064,-0.07796236906506238,71,4,7,0.0,1.0,1.0,True,,1.9e-06
18.0,+,72,16423.82522,7,3,2.0,0.0,2.0,0.81,16423.808693535582,0.016526464416529052,72,7,3,2.0,0.0,2.0,True,,4.4e-06
18.0,+,73,16443.44055,4,7,0.0,0.0,0.0,0.36,16443.439507935997,0.0010420640028314665,73,4,7,0.0,0.0,0.0,True,,1.9e-06
18.0,+,75,17117.20126,8,1,0.0,0.0,0.0,0.36,17117.10874923353,0.09251076647342416,75,8,1,0.0,0.0,0.0,True,,1.9e-06
18.0,+,79,17631.51304,4,8,0.0,1.0,1.0,0.04,17631.688576921068,-0.175536921065941,79,4,8,0.0,1.0,1.0,True,,2.2e-07
18.0,+,81,17731.86731,4,8,0.0,0.0,0.0,0.09,17731.970488917163,-0.10317891716113081,81,4,8,0.0,0.0,0.0,True,,4.8e-07
18.0,+,82,17734.15395,7,4,2.0,0.0,2.0,0.64,17734.133274510416,0.02067548958439147,82,7,4,2.0,0.0,2.0,True,,3.4e-06
18.0,+,85,18533.73953,8,2,0.0,0.0,0.0,0.09,18533.99072164296,-0.2511916429612029,85,8,2,0.0,0.0,0.0,True,,4.8e-07
18.0,+,91,19021.79476,7,5,2.0,0.0,2.0,0.36,19021.7876682867,0.0070917133016337175,91,7,5,2.0,0.0,2.0,True,,1.9e-06
18.0,+,95,19951.94849,8,3,0.0,0.0,0.0,0.04,19951.790167770254,0.1583222297449538,95,8,3,0.0,0.0,0.0,True,,2.2e-07
18.0,+,100,20286.79562,7,6,2.0,0.0,2.0,0.36,20286.774627721123,0.020992278878111392,100,7,6,2.0,0.0,2.0,True,,1.9e-06
18.0,+,103,20523.3633,6,0,1.0,0.0,1.0,196.0,20523.332376518734,0.030923481266654562,103,6,0,1.0,0.0,1.0,True,,0.0011
18.0,+,104,20588.0993,6,0,1.0,-1.0,0.0,289.0,20588.08599048603,0.013309513971762499,104,6,0,1.0,-1.0,0.0,True,,0.0016
18.0,+,105,20656.39178,6,0,1.0,1.0,2.0,256.0,20656.486401663456,-0.09462166345474543,105,6,0,1.0,1.0,2.0,True,,0.0014
18.0,+,111,21529.26334,7,7,2.0,0.0,2.0,0.09,21529.232502165087,0.030837834914564155,111,7,7,2.0,0.0,2.0,True,,4.8e-07
18.0,+,117,22270.88172,6,1,1.0,0.0,1.0,0.64,22270.842703024002,0.03901697599940235,117,6,1,1.0,0.0,1.0,True,,3.4e-06
18.0,+,118,22334.85045,6,1,1.0,-1.0,0.0,0.64,22334.81624028506,0.03420971494051628,118,6,1,1.0,-1.0,0.0,True,,3.4e-06
18.0,+,119,22402.36909,6,1,1.0,1.0,2.0,0.64,22402.461253250243,-0.09216325024317484,119,6,1,1.0,1.0,2.0,True,,3.4e-06
18.0,+,123,22749.2519,7,8,2.0,0.0,2.0,0.01,22749.096656660437,0.1552433395627304,123,7,8,2.0,0.0,2.0,True,,5.4e-08
18.0,+,134,23980.95481,6,2,1.0,0.0,1.0,0.16,23981.17739316954,-0.22258316953957547,134,6,2,1.0,0.0,1.0,True,,8.6e-07
18.0,+,135,24044.83537,6,2,1.0,-1.0,0.0,0.16,24043.953022611,0.8823473890006426,135,6,2,1.0,-1.0,0.0,True,,8.6e-07
18.0,+,137,24110.65851,6,2,1.0,1.0,2.0,0.04,24111.12125863331,-0.46274863330836524,137,6,2,1.0,1.0,2.0,True,,2.2e-07
18.0,+,151,25649.55515,6,3,1.0,0.0,1.0,1.96,25649.51315248975,0.04199751024862053,151,6,3,1.0,0.0,1.0,True,,1.1e-05
18.0,+,152,25711.85366,6,3,1.0,-1.0,0.0,1.69,25711.799043552794,0.054616447207081364,152,6,3,1.0,-1.0,0.0,True,,9.1e-06
18.0,+,153,25777.63583,6,3,1.0,1.0,2.0,1.69,25777.752972958187,-0.11714295818819664,153,6,3,1.0,1.0,2.0,True,,9.1e-06
18.0,+,166,27273.41997,6,4,1.0,0.0,1.0,0.04,27273.335725824578,0.08424417542119045,167,6,4,1.0,0.0,1.0,True,,2.2e-07
18.0,+,168,27334.27746,6,4,1.0,-1.0,0.0,0.49,27334.084432675434,0.19302732456708327,168,6,4,1.0,-1.0,0.0,True,,2.6e-06
18.0,+,170,27399.16464,6,4,1.0,1.0,2.0,0.09,27402.319787971126,-3.1551479711270076,170,6,4,1.0,1.0,2.0,True,,4.8e-07
18.0,+,182,28845.3361,6,5,1.0,0.0,1.0,0.81,28845.352036364744,-0.015936364743538434,182,6,5,1.0,0.0,1.0,True,,4.4e-06
18.0,+,183,28905.64837,6,5,1.0,-1.0,0.0,0.36,28905.628665482807,0.01970451719171251,183,6,5,1.0,-1.0,0.0,True,,1.9e-06
18.0,+,185,28969.38652,6,5,1.0,1.0,2.0,0.64,28969.565434030377,-0.1789140303772001,184,6,5,1.0,1.0,2.0,True,,3.4e-06
18.0,+,198,30358.70168,6,6,1.0,0.0,1.0,0.09,30358.420881952145,0.2807980478537502,198,6,6,1.0,0.0,1.0,True,,4.8e-07
18.0,+,201,30415.80554,6,6,1.0,-1.0,0.0,0.01,30418.970570071437,-3.165030071435467,202,6,6,1.0,-1.0,0.0,True,,5.4e-08
18.0,+,203,30479.40189,6,6,1.0,1.0,2.0,0.0,30476.45316535386,2.9487246461394534,203,6,6,1.0,1.0,2.0,True,,0.0
18.0,+,215,31807.99201,6,7,1.0,0.0,1.0,0.25,31808.074331322925,-0.08232132292323513,215,6,7,1.0,0.0,1.0,True,,1.3e-06
18.0,+,216,31865.75469,6,7,1.0,-1.0,0.0,0.25,31865.765059277004,-0.010369277002610033,216,6,7,1.0,-1.0,0.0,True,,1.3e-06
18.0,+,218,31926.85172,6,7,1.0,1.0,2.0,0.25,31927.220126253906,-0.3684062539068691,217,6,7,1.0,1.0,2.0,True,,1.3e-06
18.0,+,229,33180.49189,6,8,1.0,0.0,1.0,0.09,33180.56450530075,-0.07261530074902112,229,6,8,1.0,0.0,1.0,True,,4.8e-07
18.0,+,230,33237.17421,6,8,1.0,-1.0,0.0,0.16,33237.16141725041,0.012792749585059937,230,6,8,1.0,-1.0,0.0,True,,8.6e-07
18.0,+,231,33296.55776,6,8,1.0,1.0,2.0,0.09,33296.33688282453,0.22087717547401553,231,6,8,1.0,1.0,2.0,True,,4.8e-07
18.0,+,244,34474.06398,6,9,1.0,0.0,1.0,0.0033,34472.86280507183,1.201174928166438,243,6,9,1.0,0.0,1.0,True,,1.8e-08
18.0,+,248,34527.13126,6,9,1.0,-1.0,0.0,0.0033,34526.06530811052,1.065951889482676,245,6,9,1.0,-1.0,0.0,True,,1.8e-08
18.0,+,251,34585.19403,6,9,1.0,1.0,2.0,0.0,34585.55254369042,-0.35851369042211445,247,6,9,1.0,1.0,2.0,True,,0.0
18.0,+,263,35678.35532,6,10,1.0,0.0,1.0,0.0028,35678.58421972843,-0.22889972842676798,260,6,10,1.0,0.0,1.0,True,,1.5e-08
18.0,+,264,35731.79056,6,10,1.0,-1.0,0.0,0.0051,35731.497382273694,0.2931777263074764,261,6,10,1.0,-1.0,0.0,True,,2.7e-08
18.0,+,265,35787.76342,6,10,1.0,1.0,2.0,0.0028,35787.7292468158,0.0341731842054287,263,6,10,1.0,1.0,2.0,True,,1.5e-08
18.0,-,1,1107.21694,2,0,-1.0,0.0,-1.0,441.0,1107.212299670274,0.004640329726044001,1,2,0,-1.0,0.0,-1.0,True,,0.0024
18.0,-,2,1168.84442,2,0,-1.0,1.0,0.0,676.0,1168.846021009226,-0.0016010092260785314,2,2,0,-1.0,1.0,0.0,True,,0.0036
18.0,-,3,1232.66346,2,0,-1.0,-1.0,-2.0,361.0,1232.663647236138,-0.00018723613811744144,3,2,0,-1.0,-1.0,-2.0,True,,0.0019
18.0,-,4,2720.12488,2,1,-1.0,0.0,-1.0,5.76,2720.121089669649,0.003790330350966542,4,2,1,-1.0,0.0,-1.0,True,,3.1e-05
18.0,-,5,2781.19084,2,1,-1.0,1.0,0.0,10.89,2781.182148708283,0.008691291717241256,5,2,1,-1.0,1.0,0.0,True,,5.9e-05
18.0,-,6,2844.3834,2,1,-1.0,-1.0,-2.0,7.29,2844.355968659047,0.027431340953171457,6,2,1,-1.0,-1.0,-2.0,True,,3.9e-05
18.0,-,7,4309.69888,2,2,-1.0,0.0,-1.0,6.76,4309.743904465143,-0.04502446514288749,7,2,2,-1.0,0.0,-1.0,True,,3.6e-05
18.0,-,8,4370.19999,2,2,-1.0,1.0,0.0,7.84,4370.23456655561,-0.034576555610328796,8,2,2,-1.0,1.0,0.0,True,,4.2e-05
18.0,-,9,4432.75784,2,2,-1.0,-1.0,-2.0,6.76,4432.755230989842,0.0026090101582667558,9,2,2,-1.0,-1.0,-2.0,True,,3.6e-05
18.0,-,10,5875.935,2,3,-1.0,-1.0,-2.0,2.56,5875.93006630163,0.004933698370223283,10,2,3,-1.0,-1.0,-2.0,True,,1.4e-05
18.0,-,11,5935.85941,2,3,-1.0,1.0,0.0,4.41,5935.857632532996,0.0017774670041035279,11,2,3,-1.0,1.0,0.0,True,,2.4e-05
18.0,-,12,5997.76784,2,3,-1.0,0.0,-1.0,1.96,5997.714210321978,0.05362967802284402,12,2,3,-1.0,0.0,-1.0,True,,1.1e-05
18.0,-,14,7418.75552,2,4,-1.0,-1.0,-2.0,1.96,7418.772002124293,-0.016482124293361267,14,2,4,-1.0,-1.0,-2.0,True,,1.1e-05
18.0,-,15,7478.16815,2,4,-1.0,1.0,0.0,3.24,7478.147887719822,0.020262280178030778,15,2,4,-1.0,1.0,0.0,True,,1.7e-05
18.0,-,16,7539.41504,2,4,-1.0,-1.0,-2.0,1.21,7539.316330039253,0.0987099607464188,16,2,4,-1.0,0.0,-1.0,False,,6.5e-06
18.0,-,18,8817.64292,3,0,-1.0,0.0,-1.0,529.0,8817.591863400758,0.051056599242656375,18,3,0,-1.0,0.0,-1.0,True,,0.0028
18.0,-,19,8938.14122,2,5,-1.0,-1.0,-2.0,0.81,8938.266873986771,-0.12565398677179473,19,2,5,-1.0,-1.0,-2.0,True,,4.4e-06
18.0,-,20,8997.08697,2,5,-1.0,1.0,0.0,0.81,8997.129246830737,-0.042276830736227566,20,2,5,-1.0,1.0,0.0,True,,4.4e-06
18.0,-,21,9057.62571,2,5,-1.0,0.0,-1.0,0.49,9057.524845708396,0.10086429160401167,21,2,5,-1.0,0.0,-1.0,True,,2.6e-06
18.0,-,23,9864.81572,5,0,0.0,-1.0,-1.0,1.0,9864.426538086185,0.3891819138152641,23,5,0,0.0,-1.0,-1.0,True,,5.4e-06
18.0,-,25,10395.86013,3,1,-1.0,0.0,-1.0,5.76,10395.804085000533,0.056044999466394074,25,3,1,-1.0,0.0,-1.0,True,,3.1e-05
18.0,-,26,10434.49809,2,6,-1.0,-1.0,-2.0,1.44,10434.54958242584,-0.05149242584047897,26,2,6,-1.0,-1.0,-2.0,True,,7.7e-06
18.0,-,27,10492.68412,2,6,-1.0,1.0,0.0,1.44,10492.763920120513,-0.07980012051302765,27,2,6,-1.0,1.0,0.0,True,,7.7e-06
18.0,-,28,10552.72107,2,6,-1.0,0.0,-1.0,1.0,10552.701048059993,0.02002194000669988,28,2,6,-1.0,0.0,-1.0,True,,5.4e-06
18.0,-,30,11881.18572,5,1,0.0,-1.0,-1.0,0.09,11885.129678700436,-3.9439587004362693,30,5,1,0.0,-1.0,-1.0,True,,4.8e-07
18.0,-,32,11949.82736,3,2,-1.0,0.0,-1.0,4.41,11949.798795379875,0.02856462012459815,32,3,2,-1.0,0.0,-1.0,True,,2.4e-05
18.0,-,33,11964.95711,2,7,-1.0,1.0,0.0,0.25,11964.971563506657,-0.014453506657446269,33,2,7,-1.0,1.0,0.0,True,,1.3e-06
18.0,-,38,13356.25533,2,8,-1.0,-1.0,-2.0,0.81,13356.532816437928,-0.27748643792801886,38,2,8,-1.0,-1.0,-2.0,True,,4.4e-06
18.0,-,39,13413.6548,2,8,-1.0,1.0,0.0,0.81,13413.834195104666,-0.179395104665673,39,2,8,-1.0,1.0,0.0,True,,4.4e-06
18.0,-,40,13472.18584,2,8,-1.0,0.0,-1.0,0.81,13471.963511268988,0.2223287310116575,40,2,8,-1.0,0.0,-1.0,True,,4.4e-06
18.0,-,41,13479.49535,3,3,-1.0,0.0,-1.0,2.25,13479.451786519492,0.04356348050714587,41,3,3,-1.0,0.0,-1.0,True,,1.2e-05
18.0,-,46,14782.98341,2,9,-1.0,-1.0,-2.0,0.037,14782.876741711552,0.10666828844841802,46,2,9,-1.0,-1.0,-2.0,True,,2e-07
18.0,-,47,14839.2396,2,9,-1.0,1.0,0.0,0.0181,14839.293618485384,-0.05401848538349441,47,2,9,-1.0,1.0,0.0,True,,9.7e-08
18.0,-,48,14897.52209,2,9,-1.0,0.0,-1.0,0.0133,14897.487332729484,0.03475727051591093,48,2,9,-1.0,0.0,-1.0,True,,7.2e-08
18.0,-,49,14984.78412,3,4,-1.0,0.0,-1.0,1.21,14984.74104918172,0.04307081827937509,49,3,4,-1.0,0.0,-1.0,True,,6.5e-06
18.0,-,59,16465.61936,3,5,-1.0,0.0,-1.0,0.49,16465.611752454995,0.00760754500515759,59,3,5,-1.0,0.0,-1.0,True,,2.6e-06
18.0,-,66,17921.90512,3,6,-1.0,0.0,-1.0,0.09,17921.764877553585,0.14024244641404948,66,3,6,-1.0,0.0,-1.0,True,,4.8e-07
18.0,-,73,19353.58431,3,7,-1.0,0.0,-1.0,0.04,19353.636759633326,-0.05244963332734187,73,3,7,-1.0,0.0,-1.0,True,,2.2e-07
18.0,-,84,20760.53954,3,8,-1.0,0.0,-1.0,0.01,20760.607435792313,-0.06789579231190146,84,3,8,-1.0,0.0,-1.0,True,,5.4e-08
19.0,+,13,6812.97195,4,0,0.0,1.0,1.0,676.0,6812.857477242466,0.11447275753380382,13,4,0,0.0,1.0,1.0,True,,0.0036
19.0,+,17,8254.90103,4,1,0.0,1.0,1.0,5.29,8254.773946801011,0.12708319898956688,17,4,1,0.0,1.0,1.0,True,,2.8e-05
19.0,+,22,9674.65854,4,2,0.0,1.0,1.0,4.0,9674.57093877218,0.08760122782041435,22,4,2,0.0,1.0,1.0,True,,2.2e-05
19.0,+,29,11072.30418,4,3,0.0,1.0,1.0,2.56,11072.229766410192,0.07441358980759105,29,4,3,0.0,1.0,1.0,True,,1.4e-05
19.0,+,36,12411.19033,7,0,2.0,0.0,2.0,25.0,12411.17854662672,0.01178337328019552,36,7,0,2.0,0.0,2.0,True,,0.00013
19.0,+,37,12447.94453,4,4,0.0,1.0,1.0,1.96,12447.838883781234,0.1056462187661964,37,4,4,0.0,1.0,1.0,True,,1.1e-05
19.0,+,42,13789.32523,7,1,2.0,0.0,2.0,0.16,13789.309379766424,0.0158502335762023,42,7,1,2.0,0.0,2.0,True,,8.6e-07
19.0,+,43,13801.63241,4,5,0.0,1.0,1.0,1.44,13801.504407825645,0.12800217435506056,43,4,5,0.0,1.0,1.0,True,,7.7e-06
19.0,+,50,15133.50531,4,6,0.0,1.0,1.0,0.64,15133.339746782842,0.1655632171587058,50,4,6,0.0,1.0,1.0,True,,3.4e-06
19.0,+,51,15144.58608,7,2,2.0,0.0,2.0,0.36,15144.580416804149,0.005663195850502234,51,7,2,2.0,0.0,2.0,True,,1.9e-06
19.0,+,57,16443.52941,4,7,0.0,1.0,1.0,0.36,16443.466286103918,0.06312389608137892,57,4,7,0.0,1.0,1.0,True,,1.9e-06
19.0,+,58,16477.02584,7,3,2.0,0.0,2.0,0.81,16477.007149397585,0.018690602413698798,58,7,3,2.0,0.0,2.0,True,,4.4e-06
19.0,+,62,17731.99362,4,8,0.0,1.0,1.0,0.04,17732.00103554344,-0.0074155434376734775,62,4,8,0.0,1.0,1.0,True,,2.2e-07
19.0,+,64,17786.71089,7,4,2.0,0.0,2.0,0.49,17786.68926626971,0.021623730288411025,64,7,4,2.0,0.0,2.0,True,,2.6e-06
19.0,+,71,19073.70766,7,5,2.0,0.0,2.0,0.36,19073.70082532849,0.006834671508840984,71,7,5,2.0,0.0,2.0,True,,1.9e-06
19.0,+,78,20338.06391,7,6,2.0,0.0,2.0,0.25,20338.04647926034,0.017430739659175742,78,7,6,2.0,0.0,2.0,True,,1.3e-06
19.0,+,81,20586.04764,6,0,1.0,0.0,1.0,256.0,20586.073977653716,-0.02633765371501795,81,6,0,1.0,0.0,1.0,True,,0.0014
19.0,+,82,20655.03439,6,0,1.0,-1.0,0.0,256.0,20655.08375437082,-0.04936437081778422,82,6,0,1.0,-1.0,0.0,True,,0.0014
19.0,+,83,20726.14865,6,0,1.0,1.0,2.0,225.0,20726.12071664103,0.027933358967857203,83,6,0,1.0,1.0,2.0,True,,0.0012
19.0,+,86,21579.88356,7,7,2.0,0.0,2.0,0.25,21579.856724421556,0.026835578442842234,86,7,7,2.0,0.0,2.0,True,,1.3e-06
19.0,+,93,22332.82517,6,1,1.0,0.0,1.0,0.81,22332.841800992945,-0.016630992944556056,93,6,1,1.0,0.0,1.0,True,,4.4e-06
19.0,+,94,22401.03221,6,1,1.0,-1.0,0.0,0.81,22401.070531281206,-0.038321281204844126,94,6,1,1.0,-1.0,0.0,True,,4.4e-06
19.0,+,95,22471.30941,6,1,1.0,1.0,2.0,1.0,22471.271634637546,0.0377753624561592,95,6,1,1.0,1.0,2.0,True,,5.4e-06
19.0,+,97,22799.21781,7,8,2.0,0.0,2.0,0.04,22799.074373021358,0.14343697864023852,97,7,8,2.0,0.0,2.0,True,,2.2e-07
19.0,+,106,24042.01483,6,2,1.0,0.0,1.0,0.36,24042.19869322218,-0.18386322218066198,106,6,2,1.0,0.0,1.0,True,,1.9e-06
19.0,+,107,24109.46176,6,2,1.0,-1.0,0.0,0.09,24109.575607896364,-0.11384789636576897,107,6,2,1.0,-1.0,0.0,True,,4.8e-07
19.0,+,109,24178.66957,6,2,1.0,1.0,2.0,0.16,24178.626579246014,0.04299075398375862,108,6,2,1.0,1.0,2.0,True,,8.6e-07
19.0,+,120,25709.85429,6,3,1.0,0.0,1.0,1.96,25709.874255802915,-0.019965802915976383,120,6,3,1.0,0.0,1.0,True,,1.1e-05
19.0,+,121,25776.34992,6,3,1.0,-1.0,0.0,1.96,25776.412674569183,-0.06275456918228883,121,6,3,1.0,-1.0,0.0,True,,1.1e-05
19.0,+,122,25844.76267,6,3,1.0,1.0,2.0,1.44,25844.721851360107,0.04081863989267731,122,6,3,1.0,1.0,2.0,True,,7.7e-06
19.0,+,132,27332.32914,6,4,1.0,0.0,1.0,0.36,27332.291967840585,0.03717215941651375,132,6,4,1.0,0.0,1.0,True,,1.9e-06
19.0,+,133,27398.10306,6,4,1.0,-1.0,0.0,0.25,27398.24097230988,-0.13791230987771996,133,6,4,1.0,-1.0,0.0,True,,1.3e-06
19.0,+,135,27465.34394,6,4,1.0,1.0,2.0,0.16,27465.439591713566,-0.09565171356734936,135,6,4,1.0,1.0,2.0,True,,8.6e-07
19.0,+,145,28903.70526,6,5,1.0,0.0,1.0,0.36,28903.796168248788,-0.09090824878876447,145,6,5,1.0,0.0,1.0,True,,1.9e-06
19.0,+,146,28968.18475,6,5,1.0,-1.0,0.0,0.36,28968.3215160783,-0.13676607829984277,146,6,5,1.0,-1.0,0.0,True,,1.9e-06
19.0,+,149,29034.39762,6,5,1.0,1.0,2.0,0.16,29034.388722549178,0.008897450821677921,147,6,5,1.0,1.0,2.0,True,,8.6e-07
19.0,+,158,30417.08504,6,6,1.0,0.0,1.0,0.16,30417.083586763183,0.0014532368186337408,158,6,6,1.0,0.0,1.0,True,,8.6e-07
19.0,+,159,30477.76995,6,6,1.0,-1.0,0.0,0.0,30475.999714296355,1.7702357036469039,159,6,6,1.0,-1.0,0.0,True,,0.0
19.0,+,161,30545.43337,6,6,1.0,1.0,2.0,0.16,30545.208612160513,0.22475783948539174,162,6,6,1.0,1.0,2.0,True,,8.6e-07
19.0,+,170,31863.87446,6,7,1.0,0.0,1.0,0.36,31864.06063809268,-0.1861780926810752,170,6,7,1.0,0.0,1.0,True,,1.9e-06
19.0,+,171,31925.83154,6,7,1.0,-1.0,0.0,0.25,31926.102435528588,-0.27089552858888055,171,6,7,1.0,-1.0,0.0,True,,1.3e-06
19.0,+,173,31989.21926,6,7,1.0,1.0,2.0,0.09,31989.266941245663,-0.047681245661806315,173,6,7,1.0,1.0,2.0,True,,4.8e-07
19.0,+,181,33235.34014,6,8,1.0,0.0,1.0,0.16,33235.54076325741,-0.20062325741309905,181,6,8,1.0,0.0,1.0,True,,8.6e-07
19.0,+,182,33295.39162,6,8,1.0,-1.0,0.0,0.09,33295.3890813151,0.0025386849010828882,182,6,8,1.0,-1.0,0.0,True,,4.8e-07
19.0,+,183,33357.49825,6,8,1.0,1.0,2.0,0.09,33357.511240956825,-0.012990956827707123,183,6,8,1.0,1.0,2.0,True,,4.8e-07
19.0,+,194,34525.79917,6,9,1.0,0.0,1.0,0.0059,34524.5314413334,1.2677286666003056,193,6,9,1.0,0.0,1.0,True,,3.2e-08
19.0,+,197,34584.33802,6,9,1.0,1.0,2.0,0.0059,34584.46031109287,-0.12229109287000028,194,6,9,1.0,-1.0,0.0,False,,3.2e-08
19.0,+,199,34643.20637,6,9,1.0,-1.0,0.0,0.0059,34642.89592255996,0.3104474400388426,196,6,9,1.0,1.0,2.0,False,,3.2e-08
19.0,+,209,35730.35588,6,10,1.0,0.0,1.0,0.0051,35730.057120005404,0.2987599945990951,206,6,10,1.0,0.0,1.0,True,,2.7e-08
19.0,+,210,35786.74065,6,10,1.0,-1.0,0.0,0.0028,35786.90586850736,-0.16521850736171473,207,6,10,1.0,-1.0,0.0,True,,1.5e-08
19.0,+,211,35844.60159,6,10,1.0,1.0,2.0,0.0028,35844.78814522994,-0.18655522994231433,209,6,10,1.0,1.0,2.0,True,,1.5e-08
19.0,-,2,1165.68974,2,0,-1.0,0.0,-1.0,576.0,1165.692515205543,-0.002775205543002812,2,2,0,-1.0,0.0,-1.0,True,,0.0031
19.0,-,3,1229.57622,2,0,-1.0,1.0,0.0,441.0,1229.569494873791,0.006725126208948495,3,2,0,-1.0,1.0,0.0,True,,0.0024
19.0,-,4,1296.90151,2,0,-1.0,-1.0,-2.0,625.0,1296.907980204201,-0.006470204201150409,4,2,0,-1.0,-1.0,-2.0,True,,0.0034
19.0,-,6,2778.0285,2,1,-1.0,0.0,-1.0,7.29,2778.016413034126,0.012086965874004818,6,2,1,-1.0,0.0,-1.0,True,,3.9e-05
19.0,-,7,2841.2863,2,1,-1.0,1.0,0.0,9.0,2841.26444019679,0.021859803210190876,7,2,1,-1.0,1.0,0.0,True,,4.8e-05
19.0,-,8,2907.96941,2,1,-1.0,-1.0,-2.0,9.61,2907.964765980072,0.004644019928036869,8,2,1,-1.0,-1.0,-2.0,True,,5.2e-05
19.0,-,10,4367.02723,2,2,-1.0,0.0,-1.0,8.41,4367.055032367854,-0.02780236785474699,10,2,2,-1.0,0.0,-1.0,True,,4.5e-05
19.0,-,11,4429.64538,2,2,-1.0,1.0,0.0,6.25,4429.666720899524,-0.02134089952414797,11,2,2,-1.0,1.0,0.0,True,,3.4e-05
19.0,-,12,4495.70013,2,2,-1.0,-1.0,-2.0,7.84,4495.732920776674,-0.032790776674119115,12,2,2,-1.0,-1.0,-2.0,True,,4.2e-05
19.0,-,13,5932.6971,2,3,-1.0,0.0,-1.0,3.61,5932.662787546129,0.03431245387128001,13,2,3,-1.0,0.0,-1.0,True,,1.9e-05
19.0,-,14,5994.66779,2,3,-1.0,1.0,0.0,2.56,5994.630249928705,0.03754007129555248,14,2,3,-1.0,1.0,0.0,True,,1.4e-05
19.0,-,15,6060.06069,2,3,-1.0,-1.0,-2.0,2.56,6060.073400956799,-0.01271095679840073,15,2,3,-1.0,-1.0,-2.0,True,,1.4e-05
19.0,-,19,7474.97472,2,4,-1.0,0.0,-1.0,3.61,7474.936366297017,0.03835370298293128,19,2,4,-1.0,0.0,-1.0,True,,1.9e-05
19.0,-,20,7536.22885,2,4,-1.0,1.0,0.0,1.69,7536.241267828897,-0.01241782889701426,20,2,4,-1.0,1.0,0.0,True,,9.1e-06
19.0,-,21,7601.08658,2,4,-1.0,-1.0,-2.0,1.69,7601.080487427553,0.006092572447414568,21,2,4,-1.0,-1.0,-2.0,True,,9.1e-06
19.0,-,25,8878.50287,3,0,-1.0,0.0,-1.0,900.0,8878.521216189314,-0.018346189313888317,25,3,0,-1.0,0.0,-1.0,True,,0.0048
19.0,-,26,8993.88966,2,5,-1.0,0.0,-1.0,0.81,8993.900060596385,-0.010400596383988159,26,2,5,-1.0,0.0,-1.0,True,,4.4e-06
19.0,-,27,9054.45732,2,5,-1.0,1.0,0.0,0.81,9054.477107839988,-0.019787839988566702,27,2,5,-1.0,1.0,0.0,True,,4.4e-06
19.0,-,28,9118.71781,2,5,-1.0,-1.0,-2.0,1.21,9118.777736734253,-0.059926734253167524,28,2,5,-1.0,-1.0,-2.0,True,,6.5e-06
19.0,-,32,10006.35541,5,0,0.0,-1.0,-1.0,1.0,10006.294065220873,0.06134477912746661,32,5,0,0.0,-1.0,-1.0,True,,5.4e-06
19.0,-,33,10456.07242,3,1,-1.0,0.0,-1.0,9.0,10456.084371441359,-0.011951441358178272,33,3,1,-1.0,0.0,-1.0,True,,4.8e-05
19.0,-,34,10489.46789,2,6,-1.0,0.0,-1.0,1.0,10489.514029971217,-0.046139971216689446,34,2,6,-1.0,0.0,-1.0,True,,5.4e-06
19.0,-,35,10549.57272,2,6,-1.0,1.0,0.0,1.44,10549.607499877888,-0.03477987788755854,35,2,6,-1.0,1.0,0.0,True,,7.7e-06
19.0,-,36,10612.99575,2,6,-1.0,-1.0,-2.0,1.44,10613.12294960774,-0.1271996077393851,36,2,6,-1.0,-1.0,-2.0,True,,7.7e-06
19.0,-,40,11961.37731,2,7,-1.0,0.0,-1.0,0.36,11961.716968795414,-0.33965879541392496,40,2,7,-1.0,0.0,-1.0,True,,1.9e-06
19.0,-,41,12009.36687,3,2,-1.0,0.0,-1.0,10.89,12009.394570511971,-0.027700511971488595,41,3,2,-1.0,0.0,-1.0,True,,5.9e-05
19.0,-,43,12041.84325,2,7,-1.0,-1.0,-2.0,0.04,12040.952882420603,0.890367579397207,43,2,7,-1.0,-1.0,-2.0,True,,2.2e-07
19.0,-,44,12084.24368,2,7,-1.0,0.0,-1.0,0.16,12084.089976513571,0.15370348642863974,44,2,7,-1.0,1.0,0.0,False,,8.6e-07
19.0,-,49,13410.44599,2,8,-1.0,0.0,-1.0,0.49,13410.544119983146,-0.09812998314555443,49,2,8,-1.0,0.0,-1.0,True,,2.6e-06
19.0,-,50,13468.94427,2,8,-1.0,1.0,0.0,0.81,13468.980004175146,-0.035734175145989866,50,2,8,-1.0,1.0,0.0,True,,4.4e-06
19.0,-,51,13531.41104,2,8,-1.0,-1.0,-2.0,0.36,13531.610925216957,-0.1998852169563179,51,2,8,-1.0,-1.0,-2.0,True,,1.9e-06
19.0,-,52,13538.401,3,3,-1.0,0.0,-1.0,3.24,13538.427320548844,-0.026320548844523728,52,3,3,-1.0,0.0,-1.0,True,,1.7e-05
19.0,-,58,14835.95532,2,9,-1.0,0.0,-1.0,0.0181,14835.976069585471,-0.020749585472003673,58,2,9,-1.0,0.0,-1.0,True,,9.7e-08
19.0,-,59,14894.34356,2,9,-1.0,1.0,0.0,0.0237,14894.332565608947,0.010994391052008723,59,2,9,-1.0,1.0,0.0,True,,1.3e-07
19.0,-,60,14955.61342,2,9,-1.0,-1.0,-2.0,0.0133,14955.768665364689,-0.1552453646891081,60,2,9,-1.0,-1.0,-2.0,True,,7.2e-08
19.0,-,61,15043.03292,3,4,-1.0,0.0,-1.0,2.56,15043.06210667619,-0.029186676190875005,61,3,4,-1.0,0.0,-1.0,True,,1.4e-05
19.0,-,74,16523.20847,3,5,-1.0,0.0,-1.0,0.64,16523.27556225325,-0.06709225324811996,74,3,5,-1.0,0.0,-1.0,True,,3.4e-06
19.0,-,84,17978.85472,3,6,-1.0,0.0,-1.0,0.16,17978.9791524226,-0.12443242259905674,84,3,6,-1.0,0.0,-1.0,True,,8.6e-07
19.0,-,93,19409.84022,3,7,-1.0,0.0,-1.0,0.01,19409.97543194609,-0.1352119460934773,93,3,7,-1.0,0.0,-1.0,True,,5.4e-08
19.0,-,106,20816.10024,3,8,-1.0,0.0,-1.0,0.01,20816.27724703114,-0.17700703113951022,106,3,8,-1.0,0.0,-1.0,True,,5.4e-08
20.0,+,1,759.42218,1,0,0.0,0.0,0.0,676.0,759.422883598799,-0.000703598798963867,1,1,0,0.0,0.0,0.0,True,,0.0036
20.0,+,5,2579.25209,1,1,0.0,0.0,0.0,87.84,2579.251211729364,0.000878270635894296,5,1,1,0.0,0.0,0.0,True,,0.00047
20.0,+,9,4370.65598,1,2,0.0,0.0,0.0,7.29,4370.701955342846,-0.04597534284584981,9,1,2,0.0,0.0,0.0,True,,3.9e-05
20.0,+,16,6132.68828,1,3,0.0,0.0,0.0,3.24,6132.763775712472,-0.0754957124718203,16,1,3,0.0,0.0,0.0,True,,1.7e-05
20.0,+,17,6812.79975,4,0,0.0,1.0,1.0,400.0,6812.858698516762,-0.05894851676202961,17,4,0,0.0,1.0,1.0,True,,0.0022
20.0,+,18,6934.64076,4,0,0.0,0.0,0.0,289.0,6934.646029444807,-0.005269444806799584,18,4,0,0.0,0.0,0.0,True,,0.0016
20.0,+,22,7864.1408,1,4,0.0,0.0,0.0,1.69,7864.258494531146,-0.11769453114629869,22,1,4,0.0,0.0,0.0,True,,9.1e-06
20.0,+,23,8254.73262,4,1,0.0,1.0,1.0,3.61,8254.777740332614,-0.04512033261380566,23,4,1,0.0,1.0,1.0,True,,1.9e-05
20.0,+,24,8375.23309,4,1,0.0,0.0,0.0,1.96,8375.219801698295,0.013288301704960759,24,4,1,0.0,0.0,0.0,True,,1.1e-05
20.0,+,29,9563.39784,1,5,0.0,0.0,0.0,0.04,9563.60850413615,-0.2106641361497168,29,1,5,0.0,0.0,0.0,True,,2.2e-07
20.0,+,30,9674.49564,4,2,0.0,1.0,1.0,4.0,9674.58104844496,-0.08540844496019417,30,4,2,0.0,1.0,1.0,True,,2.2e-05
20.0,+,31,9793.6526,4,2,0.0,0.0,0.0,2.25,9793.674740968956,-0.022140968956591678,31,4,2,0.0,0.0,0.0,True,,1.2e-05
20.0,+,37,11072.12931,4,3,0.0,1.0,1.0,2.89,11072.22806128428,-0.09875128428029711,37,4,3,0.0,1.0,1.0,True,,1.6e-05
20.0,+,38,11189.94897,4,3,0.0,0.0,0.0,3.61,11189.976455874412,-0.027485874412377598,38,4,3,0.0,0.0,0.0,True,,1.9e-05
20.0,+,39,11228.33062,1,6,0.0,0.0,0.0,0.16,11228.721944076566,-0.39132407656506984,39,1,6,0.0,0.0,0.0,True,,8.6e-07
20.0,+,45,12447.75936,4,4,0.0,1.0,1.0,1.96,12447.840649361166,-0.08128936116554542,45,4,4,0.0,1.0,1.0,True,,1.1e-05
20.0,+,46,12469.199,7,0,2.0,0.0,2.0,25.0,12469.18738566875,0.01161433124980249,46,7,0,2.0,0.0,2.0,True,,0.00013
20.0,+,47,12564.23495,4,4,0.0,0.0,0.0,1.44,12564.252903285067,-0.017953285067051183,47,4,4,0.0,0.0,0.0,True,,7.7e-06
20.0,+,53,13801.45017,4,5,0.0,1.0,1.0,1.69,13801.506943555813,-0.05677355581246957,53,4,5,0.0,1.0,1.0,True,,9.1e-06
20.0,+,54,13846.66047,7,1,2.0,0.0,2.0,0.16,13846.640946919266,0.019523080734870746,54,7,1,2.0,0.0,2.0,True,,8.6e-07
20.0,+,55,13916.59891,4,5,0.0,0.0,0.0,1.96,13916.576338887686,0.022571112314835773,55,4,5,0.0,0.0,0.0,True,,1.1e-05
20.0,+,62,15133.29464,4,6,0.0,1.0,1.0,0.64,15133.342531541894,-0.04789154189347755,62,4,6,0.0,1.0,1.0,True,,3.4e-06
20.0,+,63,15201.24344,7,2,2.0,0.0,2.0,0.36,15201.235088141266,0.008351858734386042,63,7,2,2.0,0.0,2.0,True,,1.9e-06
20.0,+,64,15247.1064,4,6,0.0,0.0,0.0,0.81,15247.069554117717,0.03684588228315988,64,4,6,0.0,0.0,0.0,True,,4.4e-06
20.0,+,65,15814.96418,8,0,0.0,0.0,0.0,36.0,15814.946432001065,0.017747998936101794,65,8,0,0.0,0.0,0.0,True,,0.00019
20.0,+,71,16443.43184,4,7,0.0,1.0,1.0,0.49,16443.46919497913,-0.03735497912930441,71,4,7,0.0,1.0,1.0,True,,2.6e-06
20.0,+,72,16533.00774,7,3,2.0,0.0,2.0,0.81,16532.985593654197,0.022146345803776057,72,7,3,2.0,0.0,2.0,True,,4.4e-06
20.0,+,73,16555.86332,4,7,0.0,0.0,0.0,0.36,16555.854264984468,0.009055015532794641,73,4,7,0.0,0.0,0.0,True,,1.9e-06
20.0,+,75,17231.06935,8,1,0.0,0.0,0.0,0.36,17230.9714409748,0.09790902520035161,75,8,1,0.0,0.0,0.0,True,,1.9e-06
20.0,+,79,17731.80453,4,8,0.0,1.0,1.0,0.04,17732.00413790372,-0.1996079037198797,79,4,8,0.0,1.0,1.0,True,,2.2e-07
20.0,+,81,17842.01389,7,4,2.0,0.0,2.0,0.49,17841.991359242613,0.02253075738553889,81,7,4,2.0,0.0,2.0,True,,2.6e-06
20.0,+,82,17842.92781,4,8,0.0,0.0,0.0,0.09,17843.04744454263,-0.11963454262877349,82,4,8,0.0,0.0,0.0,True,,4.8e-07
20.0,+,85,18646.92947,8,2,0.0,0.0,0.0,0.09,18647.183806918154,-0.2543369181548769,85,8,2,0.0,0.0,0.0,True,,4.8e-07
20.0,+,91,19128.33375,7,5,2.0,0.0,2.0,0.25,19128.326190444895,0.007559555106126936,91,7,5,2.0,0.0,2.0,True,,1.3e-06
20.0,+,95,20064.47737,8,3,0.0,0.0,0.0,0.01,20064.328179632117,0.14919036788342055,95,8,3,0.0,0.0,0.0,True,,5.4e-08
20.0,+,100,20392.00804,7,6,2.0,0.0,2.0,0.36,20391.996443214917,0.01159678508338402,100,7,6,2.0,0.0,2.0,True,,1.9e-06
20.0,+,103,20652.44788,6,0,1.0,0.0,1.0,256.0,20652.408147096234,0.039732903765980154,103,6,0,1.0,0.0,1.0,True,,0.0014
20.0,+,104,20723.78166,6,0,1.0,-1.0,0.0,225.0,20723.767691661797,0.01396833820399479,104,6,0,1.0,-1.0,0.0,True,,0.0012
20.0,+,105,20798.89445,6,0,1.0,1.0,2.0,225.0,20798.995249275016,-0.10079927501647035,105,6,0,1.0,1.0,2.0,True,,0.0012
20.0,+,111,21633.14964,7,7,2.0,0.0,2.0,0.36,21633.12512370298,0.024516297020454658,111,7,7,2.0,0.0,2.0,True,,1.9e-06
20.0,+,117,22398.45764,6,1,1.0,0.0,1.0,0.64,22398.41334332053,0.04429667946897098,117,6,1,1.0,0.0,1.0,True,,3.4e-06
20.0,+,118,22468.95188,6,1,1.0,-1.0,0.0,0.81,22468.907617681678,0.04426231832258054,118,6,1,1.0,-1.0,0.0,True,,4.4e-06
20.0,+,119,22543.20383,6,1,1.0,1.0,2.0,1.0,22543.295008203444,-0.0911782034454518,119,6,1,1.0,1.0,2.0,True,,5.4e-06
20.0,+,123,22851.79595,7,8,2.0,0.0,2.0,0.01,22851.662361188384,0.13358881161548197,123,7,8,2.0,0.0,2.0,True,,5.4e-08
20.0,+,134,24106.9308,6,2,1.0,0.0,1.0,0.49,24107.002995595587,-0.0721955955887097,134,6,2,1.0,0.0,1.0,True,,2.6e-06
20.0,+,135,24176.33243,6,2,1.0,-1.0,0.0,0.16,24176.29448142831,0.03794857168759336,135,6,2,1.0,-1.0,0.0,True,,8.6e-07
20.0,+,138,24249.75189,6,2,1.0,1.0,2.0,0.25,24250.01446975289,-0.26257975288899615,138,6,2,1.0,1.0,2.0,True,,1.3e-06
20.0,+,151,25773.86545,6,3,1.0,0.0,1.0,1.69,25773.811481650166,0.05396834983548615,151,6,3,1.0,0.0,1.0,True,,9.1e-06
20.0,+,152,25842.49858,6,3,1.0,-1.0,0.0,1.96,25842.43935487884,0.05922512116012513,152,6,3,1.0,-1.0,0.0,True,,1.1e-05
20.0,+,153,25914.84158,6,3,1.0,1.0,2.0,1.96,25914.956545030764,-0.11496503076341469,153,6,3,1.0,1.0,2.0,True,,1.1e-05
20.0,+,166,27395.83799,6,4,1.0,0.0,1.0,0.04,27395.76317943635,0.07481056364849792,167,6,4,1.0,0.0,1.0,True,,2.2e-07
20.0,+,168,27462.9291,6,4,1.0,-1.0,0.0,0.36,27462.617119362385,0.31198063761621597,168,6,4,1.0,-1.0,0.0,True,,1.9e-06
20.0,+,171,27534.58758,6,4,1.0,1.0,2.0,0.49,27535.14041858015,-0.5528385801517288,171,6,4,1.0,1.0,2.0,True,,2.6e-06
20.0,+,182,28965.79092,6,5,1.0,0.0,1.0,0.36,28965.799339440433,-0.008419440433499403,182,6,5,1.0,0.0,1.0,True,,1.9e-06
20.0,+,184,29032.19417,6,5,1.0,-1.0,0.0,0.09,29032.21054582806,-0.016375828061427455,183,6,5,1.0,-1.0,0.0,True,,4.8e-07
20.0,+,186,29102.31915,6,5,1.0,1.0,2.0,0.36,29102.49664453165,-0.17749453165015439,184,6,5,1.0,1.0,2.0,True,,1.9e-06
20.0,+,187,30474.76439,6,6,1.0,0.0,0.0,0.0,30474.347230352854,0.41715964714603615,198,6,6,1.0,0.0,1.0,False,,0.0
20.0,+,201,30543.29039,6,6,1.0,-1.0,0.0,0.0,30543.054931186663,0.2354588133348443,202,6,6,1.0,-1.0,0.0,True,,0.0
20.0,+,203,30615.92041,6,6,1.0,1.0,2.0,0.0,30618.294667811293,-2.3742578112942283,204,6,6,1.0,1.0,2.0,True,,0.0
20.0,+,215,31923.74036,6,7,1.0,0.0,1.0,0.09,31923.696037327867,0.0443226721326937,215,6,7,1.0,0.0,1.0,True,,4.8e-07
20.0,+,216,31987.23233,6,7,1.0,-1.0,0.0,0.25,31987.25361047273,-0.021280472730722977,216,6,7,1.0,-1.0,0.0,True,,1.3e-06
20.0,+,218,32054.51347,6,7,1.0,1.0,2.0,0.09,32054.799557141578,-0.28608714157599024,217,6,7,1.0,1.0,2.0,True,,4.8e-07
20.0,+,229,33293.05634,6,8,1.0,0.0,1.0,0.09,33293.14579011019,-0.08945011018658988,229,6,8,1.0,0.0,1.0,True,,4.8e-07
20.0,+,230,33355.59697,6,8,1.0,-1.0,0.0,0.16,33355.581579168975,0.015390831023978535,230,6,8,1.0,-1.0,0.0,True,,8.6e-07
20.0,+,231,33420.81938,6,8,1.0,1.0,2.0,0.09,33420.46942085886,0.34995914113824256,231,6,8,1.0,1.0,2.0,True,,4.8e-07
20.0,+,244,34582.80699,6,9,1.0,0.0,1.0,0.0,34582.102950345434,0.7040396545635303,243,6,9,1.0,0.0,1.0,True,,0.0
20.0,+,247,34641.55692,6,9,1.0,-1.0,0.0,0.0059,34641.09604316315,0.46087683685618686,245,6,9,1.0,-1.0,0.0,True,,3.2e-08
20.0,+,250,34705.92255,6,9,1.0,1.0,2.0,0.0,34706.1236032202,-0.20105322019662708,247,6,9,1.0,1.0,2.0,True,,0.0
20.0,+,263,35784.88883,6,10,1.0,0.0,1.0,0.0028,35784.78033666298,0.10849333702208241,260,6,10,1.0,0.0,1.0,True,,1.5e-08
20.0,+,264,35843.01268,6,10,1.0,-1.0,0.0,0.0051,35843.085368731845,-0.07268873184511904,261,6,10,1.0,-1.0,0.0,True,,2.7e-08
20.0,+,265,35904.90901,6,10,1.0,1.0,2.0,0.0028,35904.862863622235,0.04614637776830932,263,6,10,1.0,1.0,2.0,True,,1.5e-08
20.0,-,1,1227.33367,2,0,-1.0,0.0,-1.0,441.0,1227.327538868321,0.006131131679012469,1,2,0,-1.0,0.0,-1.0,True,,0.0024
20.0,-,2,1295.11277,2,0,-1.0,1.0,0.0,729.0,1295.115803946637,-0.0030339466370605805,2,2,0,-1.0,1.0,0.0,True,,0.0039
20.0,-,3,1365.12783,2,0,-1.0,-1.0,-2.0,324.0,1365.125028980674,0.0028010193259433436,3,2,0,-1.0,-1.0,-2.0,True,,0.0017
20.0,-,4,2839.01608,2,1,-1.0,0.0,-1.0,5.29,2839.006489363179,0.009590636821030785,4,2,1,-1.0,0.0,-1.0,True,,2.8e-05
20.0,-,5,2906.16945,2,1,-1.0,1.0,0.0,9.61,2906.157202580556,0.0122474194440656,5,2,1,-1.0,1.0,0.0,True,,5.2e-05
20.0,-,6,2975.47962,2,1,-1.0,-1.0,-2.0,5.29,2975.451215305584,0.02840469441616733,6,2,1,-1.0,-1.0,-2.0,True,,2.8e-05
20.0,-,7,4427.35127,2,2,-1.0,0.0,-1.0,4.84,4427.392636394435,-0.04136639443458989,7,2,2,-1.0,0.0,-1.0,True,,2.6e-05
20.0,-,8,4493.87759,2,2,-1.0,1.0,0.0,8.41,4493.908473255585,-0.030883255584740255,8,2,2,-1.0,1.0,0.0,True,,4.5e-05
20.0,-,9,4562.48083,2,2,-1.0,-1.0,-2.0,4.0,4562.476152451873,0.004677548127801856,9,2,2,-1.0,-1.0,-2.0,True,,2.2e-05
20.0,-,10,5992.32494,2,3,-1.0,0.0,-1.0,2.25,5992.341006154889,-0.01606615488890384,10,2,3,-1.0,0.0,-1.0,True,,1.2e-05
20.0,-,11,6058.24256,2,3,-1.0,1.0,0.0,2.56,6058.230590877484,0.011969122515438357,11,2,3,-1.0,1.0,0.0,True,,1.4e-05
20.0,-,12,6126.1278,2,3,-1.0,-1.0,-2.0,1.69,6126.058879723239,0.06892027676076395,12,2,3,-1.0,-1.0,-2.0,True,,9.1e-06
20.0,-,14,7533.91615,2,4,-1.0,0.0,-1.0,1.69,7533.940550282014,-0.024400282013630203,14,2,4,-1.0,0.0,-1.0,True,,9.1e-06
20.0,-,15,7599.22458,2,4,-1.0,1.0,0.0,1.96,7599.217798096379,0.006781903621231322,15,2,4,-1.0,1.0,0.0,True,,1.1e-05
20.0,-,16,7666.38545,2,4,-1.0,-1.0,-2.0,1.44,7666.278665458443,0.10678454155640793,16,2,4,-1.0,-1.0,-2.0,True,,7.7e-06
20.0,-,18,8942.69785,3,0,-1.0,0.0,-1.0,576.0,8942.636936994062,0.06091300593834603,18,3,0,-1.0,0.0,-1.0,True,,0.0031
20.0,-,19,9052.02954,2,5,-1.0,0.0,-1.0,0.81,9052.181958114177,-0.1524181141776353,19,2,5,-1.0,0.0,-1.0,True,,4.4e-06
20.0,-,20,9116.83498,2,5,-1.0,1.0,0.0,1.0,9116.893356120827,-0.058376120827233535,20,2,5,-1.0,1.0,0.0,True,,5.4e-06
20.0,-,21,9183.19197,2,5,-1.0,-1.0,-2.0,0.64,9183.091355472658,0.10061452734225895,21,2,5,-1.0,-1.0,-2.0,True,,3.4e-06
20.0,-,25,10519.58377,3,1,-1.0,0.0,-1.0,5.29,10519.517436890199,0.06633310980032547,25,3,1,-1.0,0.0,-1.0,True,,2.8e-05
20.0,-,26,10547.18243,2,6,-1.0,0.0,-1.0,1.69,10547.24730796084,-0.06487796084002184,26,2,6,-1.0,0.0,-1.0,True,,9.1e-06
20.0,-,27,10611.13262,2,6,-1.0,1.0,0.0,1.21,10611.2180565967,-0.08543659669885528,27,2,6,-1.0,1.0,0.0,True,,6.5e-06
20.0,-,28,10676.94625,2,6,-1.0,-1.0,-2.0,1.0,10676.930204654822,0.01604534517900902,28,2,6,-1.0,-1.0,-2.0,True,,5.4e-06
20.0,-,31,12043.47403,5,1,0.0,-1.0,-1.0,0.04,12038.26001247155,5.2140175284494035,31,5,1,0.0,-1.0,-1.0,True,,2.2e-07
20.0,-,32,12072.21255,3,2,-1.0,0.0,-1.0,4.84,12072.173036283639,0.03951371636139811,32,3,2,-1.0,0.0,-1.0,True,,2.6e-05
20.0,-,33,12082.32482,2,7,-1.0,1.0,0.0,0.04,12082.130315852948,0.1945041470517026,33,2,7,-1.0,1.0,0.0,True,,2.2e-07
20.0,-,34,12142.03909,2,7,-1.0,-1.0,-2.0,0.04,12140.420658737119,1.6184312628811313,34,2,7,-1.0,-1.0,-2.0,True,,2.2e-07
20.0,-,38,13466.37205,2,8,-1.0,0.0,-1.0,0.81,13466.680661066937,-0.30861106693737383,38,2,8,-1.0,0.0,-1.0,True,,4.4e-06
20.0,-,39,13529.442,2,8,-1.0,1.0,0.0,0.36,13529.654953762854,-0.2129537628552498,39,2,8,-1.0,1.0,0.0,True,,1.9e-06
20.0,-,40,13593.57191,2,8,-1.0,-1.0,-2.0,0.64,13593.35145689881,0.22045310119028727,40,2,8,-1.0,-1.0,-2.0,True,,3.4e-06
20.0,-,41,13600.53596,3,3,-1.0,0.0,-1.0,2.56,13600.48665343758,0.04930656241958786,41,3,3,-1.0,0.0,-1.0,True,,1.4e-05
20.0,-,46,14891.96032,2,9,-1.0,0.0,-1.0,0.03,14891.848921839031,0.1113981609687471,46,2,9,-1.0,0.0,-1.0,True,,1.6e-07
20.0,-,47,14953.70665,2,9,-1.0,1.0,0.0,0.0181,14953.792699417903,-0.08604941790326848,47,2,9,-1.0,1.0,0.0,True,,9.7e-08
20.0,-,48,15017.6736,2,9,-1.0,-1.0,-2.0,0.0133,15017.589208982983,0.08439101701696927,48,2,9,-1.0,-1.0,-2.0,True,,7.2e-08
20.0,-,49,15104.47212,3,4,-1.0,0.0,-1.0,1.21,15104.43193419046,0.04018580954107165,49,3,4,-1.0,0.0,-1.0,True,,6.5e-06
20.0,-,59,16583.94075,3,5,-1.0,0.0,-1.0,0.36,16583.95357079207,-0.012820792067941511,59,3,5,-1.0,0.0,-1.0,True,,1.9e-06
20.0,-,66,18038.85828,3,6,-1.0,0.0,-1.0,0.01,18038.909005447444,-0.05072544744325569,66,3,6,-1.0,0.0,-1.0,True,,5.4e-08
20.0,-,73,19469.16887,3,7,-1.0,0.0,-1.0,0.04,19469.258082978424,-0.08921297842243803,73,3,7,-1.0,0.0,-1.0,True,,2.2e-07
21.0,+,13,6934.76346,4,0,0.0,1.0,1.0,576.0,6934.64894311886,0.11451688113993441,13,4,0,0.0,1.0,1.0,True,,0.0031
21.0,+,17,8375.35611,4,1,0.0,1.0,1.0,3.61,8375.224776847574,0.13133315242703247,17,4,1,0.0,1.0,1.0,True,,1.9e-05
21.0,+,22,9793.77699,4,2,0.0,1.0,1.0,2.56,9793.681585643344,0.09540435665621771,22,4,2,0.0,1.0,1.0,True,,1.4e-05
21.0,+,29,11190.08411,4,3,0.0,1.0,1.0,2.89,11190.000788468591,0.08332153140872833,29,4,3,0.0,1.0,1.0,True,,1.6e-05
21.0,+,36,12530.08565,7,0,2.0,0.0,2.0,25.0,12530.074850617422,0.010799382578625227,36,7,0,2.0,0.0,2.0,True,,0.00013
21.0,+,37,12564.38285,4,4,0.0,1.0,1.0,1.96,12564.270431105737,0.11241889426310081,37,4,4,0.0,1.0,1.0,True,,1.1e-05
21.0,+,42,13906.83977,7,1,2.0,0.0,2.0,0.16,13906.817224077322,0.02254592267854605,42,7,1,2.0,0.0,2.0,True,,8.6e-07
21.0,+,43,13916.73857,4,5,0.0,1.0,1.0,1.44,13916.596974387608,0.14159561239102914,43,4,5,0.0,1.0,1.0,True,,7.7e-06
21.0,+,50,15247.22693,4,6,0.0,1.0,1.0,0.49,15247.093844342013,0.13308565798797645,50,4,6,0.0,1.0,1.0,True,,2.6e-06
21.0,+,51,15260.71237,7,2,2.0,0.0,2.0,0.36,15260.700561718899,0.011808281100456952,51,7,2,2.0,0.0,2.0,True,,1.9e-06
21.0,+,57,16555.90707,4,7,0.0,1.0,1.0,0.49,16555.882378603023,0.024691396978596458,57,4,7,0.0,1.0,1.0,True,,2.6e-06
21.0,+,58,16591.76545,7,3,2.0,0.0,2.0,0.81,16591.740964206787,0.024485793212079443,58,7,3,2.0,0.0,2.0,True,,4.4e-06
21.0,+,62,17843.04741,4,8,0.0,1.0,1.0,0.01,17843.0794825681,-0.03207256810128456,62,4,8,0.0,1.0,1.0,True,,5.4e-08
21.0,+,64,17900.06227,7,4,2.0,0.0,2.0,0.36,17900.03652735076,0.025742649238964077,64,7,4,2.0,0.0,2.0,True,,1.9e-06
21.0,+,71,19185.66596,7,5,2.0,0.0,2.0,0.25,19185.660671558813,0.005288441185257398,71,7,5,2.0,0.0,2.0,True,,1.3e-06
21.0,+,78,20448.62838,7,6,2.0,0.0,2.0,0.16,20448.62139314079,0.006986859207245288,78,7,6,2.0,0.0,2.0,True,,8.6e-07
21.0,+,81,20721.97829,6,0,1.0,0.0,1.0,225.0,20722.005887036903,-0.027597036903898697,81,6,0,1.0,0.0,1.0,True,,0.0012
21.0,+,82,20797.70566,6,0,1.0,-1.0,0.0,196.0,20797.753883493882,-0.04822349388268776,82,6,0,1.0,-1.0,0.0,True,,0.0011
21.0,+,83,20875.50338,6,0,1.0,1.0,2.0,169.0,20875.474510065404,0.028869934594695223,83,6,0,1.0,1.0,2.0,True,,0.00091
21.0,+,86,21689.05221,7,7,2.0,0.0,2.0,0.36,21689.03458081206,0.01762918794338475,86,7,7,2.0,0.0,2.0,True,,1.9e-06
21.0,+,93,22467.17312,6,1,1.0,0.0,1.0,0.81,22467.185619318152,-0.012499318152549677,93,6,1,1.0,0.0,1.0,True,,4.4e-06
21.0,+,94,22542.0391,6,1,1.0,-1.0,0.0,1.0,22542.065965128688,-0.026865128686040407,94,6,1,1.0,-1.0,0.0,True,,5.4e-06
21.0,+,95,22618.91582,6,1,1.0,1.0,2.0,0.81,22618.870001094278,0.04581890572080738,95,6,1,1.0,1.0,2.0,True,,4.4e-06
21.0,+,106,24174.6272,6,2,1.0,0.0,1.0,0.16,24174.7566219683,-0.1294219683004485,106,6,2,1.0,0.0,1.0,True,,8.6e-07
21.0,+,107,24248.60485,6,2,1.0,-1.0,0.0,0.09,24248.80791960883,-0.20306960882953717,107,6,2,1.0,-1.0,0.0,True,,4.8e-07
21.0,+,109,24324.4252,6,2,1.0,1.0,2.0,0.25,24324.379289191904,0.04591080809768755,109,6,2,1.0,1.0,2.0,True,,1.3e-06
21.0,+,120,25840.72361,6,3,1.0,0.0,1.0,1.69,25840.762639437933,-0.03902943793218583,120,6,3,1.0,0.0,1.0,True,,9.1e-06
21.0,+,121,25913.72072,6,3,1.0,-1.0,0.0,2.56,25913.776680338236,-0.05596033823530888,121,6,3,1.0,-1.0,0.0,True,,1.4e-05
21.0,+,122,25988.5635,6,3,1.0,1.0,2.0,2.25,25988.509478153363,0.05402184663762455,122,6,3,1.0,1.0,2.0,True,,1.2e-05
21.0,+,132,27461.2576,6,4,1.0,0.0,1.0,0.36,27461.220766691396,0.03683330860440037,132,6,4,1.0,0.0,1.0,True,,1.9e-06
21.0,+,133,27533.298,6,4,1.0,-1.0,0.0,0.04,27533.060881880883,0.23711811911562108,133,6,4,1.0,-1.0,0.0,True,,2.2e-07
21.0,+,136,27606.94197,6,4,1.0,1.0,2.0,0.25,27606.94468823077,-0.0027182307712791953,136,6,4,1.0,1.0,2.0,True,,1.3e-06
21.0,+,145,29030.52959,6,5,1.0,0.0,1.0,0.25,29030.618438369485,-0.08884836948709562,145,6,5,1.0,0.0,1.0,True,,1.3e-06
21.0,+,147,29101.27304,6,5,1.0,-1.0,0.0,0.09,29101.411295975828,-0.13825597582763294,146,6,5,1.0,-1.0,0.0,True,,4.8e-07
21.0,+,149,29173.7104,6,5,1.0,1.0,2.0,0.16,29173.69054600799,0.0198539920093026,148,6,5,1.0,1.0,2.0,True,,8.6e-07
21.0,+,158,30541.44901,6,6,1.0,0.0,1.0,0.0,30541.50877320661,-0.059763206609204644,158,6,6,1.0,0.0,1.0,True,,0.0
21.0,+,159,30615.86422,6,6,1.0,1.0,2.0,0.0,30616.898460064833,-1.0342400648332841,160,6,6,1.0,1.0,2.0,True,,0.0
21.0,+,162,30682.03822,6,6,1.0,-1.0,0.0,0.0,30681.856739634153,0.18148036584534566,162,6,6,1.0,-1.0,0.0,True,,0.0
21.0,+,170,31985.56632,6,7,1.0,0.0,1.0,0.04,31985.776967973467,-0.2106479734648019,170,6,7,1.0,0.0,1.0,True,,2.2e-07
21.0,+,171,32053.58892,6,7,1.0,-1.0,0.0,0.16,32053.835171364608,-0.24625136460963404,171,6,7,1.0,-1.0,0.0,True,,8.6e-07
21.0,+,173,32122.92597,6,7,1.0,1.0,2.0,0.04,32122.933943606808,-0.007973606807354372,173,6,7,1.0,1.0,2.0,True,,2.2e-07
21.0,+,181,33353.97334,6,8,1.0,0.0,1.0,0.16,33354.18365408913,-0.21031408913404448,181,6,8,1.0,0.0,1.0,True,,8.6e-07
21.0,+,182,33419.84726,6,8,1.0,-1.0,0.0,0.09,33419.69103205036,0.15622794964292552,182,6,8,1.0,-1.0,0.0,True,,4.8e-07
21.0,+,183,33487.93295,6,8,1.0,1.0,2.0,0.09,33487.77964892646,0.1533010735438438,183,6,8,1.0,1.0,2.0,True,,4.8e-07
21.0,+,194,34639.95741,6,9,1.0,0.0,1.0,0.0059,34639.777607320626,0.1798026793767349,193,6,9,1.0,0.0,1.0,True,,3.2e-08
21.0,+,195,34705.05099,6,9,1.0,1.0,2.0,0.0033,34705.22515443958,-0.17416443957336014,194,6,9,1.0,-1.0,0.0,False,,1.8e-08
21.0,+,200,34769.75583,6,9,1.0,-1.0,0.0,0.0059,34769.373047291374,0.3827827086279285,196,6,9,1.0,1.0,2.0,False,,3.2e-08
21.0,+,209,35841.61329,6,10,1.0,0.0,1.0,0.0051,35841.84938832447,-0.23609832446527435,206,6,10,1.0,0.0,1.0,True,,2.7e-08
21.0,+,210,35904.13091,6,10,1.0,-1.0,0.0,0.0028,35904.1840099426,-0.053099942597327754,207,6,10,1.0,-1.0,0.0,True,,1.5e-08
21.0,+,211,35970.4174,6,10,1.0,1.0,2.0,0.0028,35967.511961213946,2.9054387860524002,210,6,10,1.0,1.0,2.0,True,,1.5e-08
21.0,-,2,1292.25413,2,0,-1.0,0.0,-1.0,625.0,1292.253641862002,0.0004881379979906342,2,2,0,-1.0,0.0,-1.0,True,,0.0034
21.0,-,3,1362.23781,2,0,-1.0,1.0,0.0,484.0,1362.231264629467,0.006545370533103778,3,2,0,-1.0,1.0,0.0,True,,0.0026
21.0,-,4,1435.86995,2,0,-1.0,-1.0,-2.0,576.0,1435.875979404942,-0.006029404941955363,4,2,0,-1.0,-1.0,-2.0,True,,0.0031
21.0,-,6,2903.29829,2,1,-1.0,0.0,-1.0,8.41,2903.28394356138,0.014346438620123081,6,2,1,-1.0,0.0,-1.0,True,,4.5e-05
21.0,-,7,2972.58344,2,1,-1.0,1.0,0.0,4.41,2972.56141869228,0.022021307720024197,7,2,1,-1.0,1.0,0.0,True,,2.4e-05
21.0,-,8,3045.51229,2,1,-1.0,-1.0,-2.0,10.24,3045.504366218175,0.007923781824956677,8,2,1,-1.0,-1.0,-2.0,True,,5.5e-05
21.0,-,10,4490.9977,2,2,-1.0,0.0,-1.0,7.29,4491.02270683701,-0.025006837010550953,10,2,2,-1.0,0.0,-1.0,True,,3.9e-05
21.0,-,11,4559.57693,2,2,-1.0,1.0,0.0,5.76,4559.590969071299,-0.014039071298611816,11,2,2,-1.0,1.0,0.0,True,,3.1e-05
21.0,-,12,4631.80607,2,2,-1.0,-1.0,-2.0,5.29,4631.836884109247,-0.030814109247330634,12,2,2,-1.0,-1.0,-2.0,True,,2.8e-05
21.0,-,13,6055.35276,2,3,-1.0,0.0,-1.0,2.56,6055.330957027365,0.0218029726347595,13,2,3,-1.0,0.0,-1.0,True,,1.4e-05
21.0,-,14,6123.19969,2,3,-1.0,1.0,0.0,1.96,6123.180172289093,0.019517710907166474,14,2,3,-1.0,1.0,0.0,True,,1.1e-05
21.0,-,15,6194.7324,2,3,-1.0,-1.0,-2.0,2.89,6194.741868577037,-0.0094685770372962,15,2,3,-1.0,-1.0,-2.0,True,,1.6e-05
21.0,-,19,7596.34602,2,4,-1.0,0.0,-1.0,2.25,7596.303073358609,0.04294664139069937,19,2,4,-1.0,0.0,-1.0,True,,1.2e-05
21.0,-,20,7663.38429,2,4,-1.0,1.0,0.0,1.44,7663.411283803778,-0.026993803778168513,20,2,4,-1.0,1.0,0.0,True,,7.7e-06
21.0,-,21,7734.30751,2,4,-1.0,-1.0,-2.0,1.0,7734.311018257224,-0.003508257223984401,21,2,4,-1.0,-1.0,-2.0,True,,5.4e-06
21.0,-,25,9009.91236,3,0,-1.0,0.0,-1.0,1024.0,9009.935980790146,-0.023620790145287174,25,3,0,-1.0,0.0,-1.0,True,,0.0055
21.0,-,26,9113.94451,2,5,-1.0,0.0,-1.0,0.81,9113.962667103515,-0.018157103515477502,26,2,5,-1.0,0.0,-1.0,True,,4.4e-06
21.0,-,27,9180.21947,2,5,-1.0,1.0,0.0,1.44,9180.254678260419,-0.03520826041858527,27,2,5,-1.0,1.0,0.0,True,,7.7e-06
21.0,-,28,9250.49472,2,5,-1.0,-1.0,-2.0,1.44,9250.567108831057,-0.07238883105674176,28,2,5,-1.0,-1.0,-2.0,True,,7.7e-06
21.0,-,33,10586.08361,3,1,-1.0,0.0,-1.0,9.0,10586.09892058491,-0.015310584909457248,33,3,1,-1.0,0.0,-1.0,True,,4.8e-05
21.0,-,34,10608.20934,2,6,-1.0,0.0,-1.0,1.0,10608.268489559578,-0.05914955957814527,34,2,6,-1.0,0.0,-1.0,True,,5.4e-06
21.0,-,35,10674.00221,2,6,-1.0,1.0,0.0,1.0,10674.043029187807,-0.04081918780684646,35,2,6,-1.0,1.0,0.0,True,,5.4e-06
21.0,-,36,10743.33538,2,6,-1.0,-1.0,-2.0,1.21,10743.466438394926,-0.13105839492527593,36,2,6,-1.0,-1.0,-2.0,True,,6.5e-06
21.0,-,40,12078.90112,2,7,-1.0,0.0,-1.0,0.04,12079.165745932296,-0.2646259322955302,40,2,7,-1.0,0.0,-1.0,True,,2.2e-07
21.0,-,41,12137.97212,3,2,-1.0,0.0,-1.0,6.25,12138.014588474482,-0.04246847448121116,41,3,2,-1.0,0.0,-1.0,True,,3.4e-05
21.0,-,42,12138.4221,2,7,-1.0,1.0,0.0,0.04,12139.055665740434,-0.6335657404342783,42,2,7,-1.0,1.0,0.0,True,,2.2e-07
21.0,-,43,12192.07981,5,1,0.0,-1.0,-1.0,0.09,12191.462430816846,0.617379183153389,43,5,1,0.0,-1.0,-1.0,True,,4.8e-07
21.0,-,44,12213.52608,2,7,-1.0,-1.0,-2.0,0.04,12213.000546934434,0.5255330655654689,44,2,7,-1.0,-1.0,-2.0,True,,2.2e-07
21.0,-,49,13526.513,2,8,-1.0,0.0,-1.0,0.36,13526.66913209968,-0.15613209967887087,49,2,8,-1.0,0.0,-1.0,True,,1.9e-06
21.0,-,50,13590.53083,2,8,-1.0,1.0,0.0,0.81,13590.582750645335,-0.05192064533548546,50,2,8,-1.0,1.0,0.0,True,,4.4e-06
21.0,-,51,13658.92657,2,8,-1.0,-1.0,-2.0,0.16,13659.047493613349,-0.12092361334907764,51,2,8,-1.0,-1.0,-2.0,True,,8.6e-07
21.0,-,52,13665.59083,3,3,-1.0,0.0,-1.0,1.96,13665.625680282628,-0.034850282629122376,52,3,3,-1.0,0.0,-1.0,True,,1.1e-05
21.0,-,58,14950.73683,2,9,-1.0,0.0,-1.0,0.0181,14950.781714213594,-0.0448842135938321,58,2,9,-1.0,0.0,-1.0,True,,9.7e-08
21.0,-,59,15014.63636,2,9,-1.0,1.0,0.0,0.0133,15014.639713673076,-0.0033536730752530275,59,2,9,-1.0,1.0,0.0,True,,7.2e-08
21.0,-,60,15081.56101,2,9,-1.0,-1.0,-2.0,0.0133,15081.746558705527,-0.18554870552725333,60,2,9,-1.0,-1.0,-2.0,True,,7.2e-08
21.0,-,61,15168.80218,3,4,-1.0,0.0,-1.0,2.56,15168.84741973938,-0.045239739380122046,61,3,4,-1.0,0.0,-1.0,True,,1.4e-05
21.0,-,74,16647.55083,3,5,-1.0,0.0,-1.0,0.36,16647.64237979541,-0.09154979540835484,74,3,5,-1.0,0.0,-1.0,True,,1.9e-06
21.0,-,84,18101.77809,3,6,-1.0,0.0,-1.0,0.04,18101.961111174714,-0.18302117471466772,84,3,6,-1.0,0.0,-1.0,True,,2.2e-07
22.0,+,1,914.61873,1,0,0.0,0.0,0.0,484.0,914.618221808404,0.0005081915960545302,1,1,0,0.0,0.0,0.0,True,,0.0026
22.0,+,5,2732.87795,1,1,0.0,0.0,0.0,84.84,2732.877334972288,0.0006150277122287662,5,1,1,0.0,0.0,0.0,True,,0.00046
22.0,+,9,4522.68405,1,2,0.0,0.0,0.0,6.25,4522.742261653124,-0.058211653124089935,9,1,2,0.0,0.0,0.0,True,,3.4e-05
22.0,+,16,6283.07791,1,3,0.0,0.0,0.0,2.56,6283.186023030838,-0.10811303083846724,16,1,3,0.0,0.0,0.0,True,,1.4e-05
22.0,+,17,6934.58717,4,0,0.0,1.0,1.0,361.0,6934.650423510275,-0.06325351027498982,17,4,0,0.0,1.0,1.0,True,,0.0019
22.0,+,18,7068.22284,4,0,0.0,0.0,0.0,196.0,7068.223377331888,-0.0005373318872443633,18,4,0,0.0,0.0,0.0,True,,0.0011
22.0,+,22,8012.84558,1,4,0.0,0.0,0.0,1.0,8013.017400392509,-0.17182039250928938,22,1,4,0.0,0.0,0.0,True,,5.4e-06
22.0,+,23,8375.1834,4,1,0.0,1.0,1.0,1.96,8375.229293300694,-0.04589330069393327,23,4,1,0.0,1.0,1.0,True,,1.1e-05
22.0,+,24,8507.35212,4,1,0.0,0.0,0.0,1.44,8507.325519036956,0.026600963043165393,24,4,1,0.0,0.0,0.0,True,,7.7e-06
22.0,+,29,9710.33902,1,5,0.0,0.0,0.0,0.09,9710.6392290568,-0.3002090568006679,29,1,5,0.0,0.0,0.0,True,,4.8e-07
22.0,+,30,9793.61148,4,2,0.0,1.0,1.0,3.24,9793.695815845154,-0.08433584515478287,30,4,2,0.0,1.0,1.0,True,,1.7e-05
22.0,+,31,9924.29827,4,2,0.0,0.0,0.0,2.56,9924.309459756429,-0.011189756429303088,31,4,2,0.0,0.0,0.0,True,,1.4e-05
22.0,+,37,11189.89506,4,3,0.0,1.0,1.0,2.25,11190.000068522859,-0.10500852285804285,37,4,3,0.0,1.0,1.0,True,,1.2e-05
22.0,+,38,11319.12256,4,3,0.0,0.0,0.0,2.56,11319.142858105251,-0.020298105251640663,38,4,3,0.0,0.0,0.0,True,,1.4e-05
22.0,+,45,12564.19521,4,4,0.0,1.0,1.0,1.69,12564.273019927678,-0.07780992767766293,45,4,4,0.0,1.0,1.0,True,,9.1e-06
22.0,+,46,12593.84869,7,0,2.0,0.0,2.0,25.0,12593.837750736548,0.01093926345311047,46,7,0,2.0,0.0,2.0,True,,0.00013
22.0,+,47,12691.94924,4,4,0.0,0.0,0.0,1.69,12691.946075261987,0.0031647380128561053,47,4,4,0.0,0.0,0.0,True,,9.1e-06
22.0,+,53,13916.53606,4,5,0.0,1.0,1.0,1.96,13916.600506836092,-0.0644468360915198,53,4,5,0.0,1.0,1.0,True,,1.1e-05
22.0,+,54,13969.85913,7,1,2.0,0.0,2.0,0.25,13969.835013367001,0.024116632999721332,54,7,1,2.0,0.0,2.0,True,,1.3e-06
22.0,+,55,14042.81888,4,5,0.0,0.0,0.0,1.96,14042.799593557069,0.01928644293184334,55,4,5,0.0,0.0,0.0,True,,1.1e-05
22.0,+,62,15247.03645,4,6,0.0,1.0,1.0,0.49,15247.097796086646,-0.06134608664615371,62,4,6,0.0,1.0,1.0,True,,2.6e-06
22.0,+,63,15322.99234,7,2,2.0,0.0,2.0,0.36,15322.97362802799,0.01871197201035102,63,7,2,2.0,0.0,2.0,True,,1.9e-06
22.0,+,64,15371.84578,4,6,0.0,0.0,0.0,0.49,15371.823468413733,0.022311586266368977,64,4,6,0.0,0.0,0.0,True,,2.6e-06
22.0,+,65,15941.31383,8,0,0.0,0.0,0.0,36.0,15941.301213629862,0.012616370137038757,65,8,0,0.0,0.0,0.0,True,,0.00019
22.0,+,71,16555.78101,4,7,0.0,1.0,1.0,0.16,16555.886614652627,-0.10560465262824437,71,4,7,0.0,1.0,1.0,True,,8.6e-07
22.0,+,72,16653.29927,7,3,2.0,0.0,2.0,0.49,16653.270040921256,0.029229078743810533,72,7,3,2.0,0.0,2.0,True,,2.6e-06
22.0,+,73,16679.1324,4,7,0.0,0.0,0.0,0.16,16679.139349373407,-0.006949373408133397,73,4,7,0.0,0.0,0.0,True,,8.6e-07
22.0,+,75,17356.52966,8,1,0.0,0.0,0.0,0.36,17356.426850165455,0.10280983454504167,75,8,1,0.0,0.0,0.0,True,,1.9e-06
22.0,+,78,17842.87105,4,8,0.0,1.0,1.0,0.09,17843.084066584757,-0.2130165847556782,78,4,8,0.0,1.0,1.0,True,,4.8e-07
22.0,+,81,17960.8491,7,4,2.0,0.0,2.0,0.49,17960.821481364797,0.027618635202088626,81,7,4,2.0,0.0,2.0,True,,2.6e-06
22.0,+,82,17964.75072,4,8,0.0,0.0,0.0,0.04,17964.864081641794,-0.11336164179374464,82,4,8,0.0,0.0,0.0,True,,2.2e-07
22.0,+,85,18771.63903,8,2,0.0,0.0,0.0,0.04,18771.903701932137,-0.26467193213829887,85,8,2,0.0,0.0,0.0,True,,2.2e-07
22.0,+,91,19245.70523,7,5,2.0,0.0,2.0,0.16,19245.701036288076,0.004193711924017407,91,7,5,2.0,0.0,2.0,True,,8.6e-07
22.0,+,100,20507.92248,7,6,2.0,0.0,2.0,0.25,20507.91810548287,0.004374517131509492,100,7,6,2.0,0.0,2.0,True,,1.3e-06
22.0,+,103,20795.33592,6,0,1.0,0.0,1.0,196.0,20795.287583790992,0.04833620900899405,103,6,0,1.0,0.0,1.0,True,,0.0011
22.0,+,104,20873.29844,6,0,1.0,-1.0,0.0,196.0,20873.28174250164,0.016697498358553275,104,6,0,1.0,-1.0,0.0,True,,0.0011
22.0,+,105,20955.24469,6,0,1.0,1.0,2.0,169.0,20955.35001499824,-0.10532499823966646,105,6,0,1.0,1.0,2.0,True,,0.00091
22.0,+,111,21747.59347,7,7,2.0,0.0,2.0,0.25,21747.581832808315,0.011637191684712889,111,7,7,2.0,0.0,2.0,True,,1.3e-06
22.0,+,117,22539.68392,6,1,1.0,0.0,1.0,0.49,22539.620190112604,0.06372988739531138,117,6,1,1.0,0.0,1.0,True,,2.6e-06
22.0,+,118,22616.71811,6,1,1.0,-1.0,0.0,1.0,22616.665357480306,0.05275251969578676,118,6,1,1.0,-1.0,0.0,True,,5.4e-06
22.0,+,119,22697.71563,6,1,1.0,1.0,2.0,0.64,22697.802607689813,-0.08697768981437548,119,6,1,1.0,1.0,2.0,True,,3.4e-06
22.0,+,123,22964.77053,7,8,2.0,0.0,2.0,0.01,22964.656748311772,0.11378168822920998,123,7,8,2.0,0.0,2.0,True,,5.4e-08
22.0,+,134,24246.31853,6,2,1.0,0.0,1.0,0.04,24246.391111192963,-0.07258119296238874,134,6,2,1.0,0.0,1.0,True,,2.2e-07
22.0,+,135,24322.26151,6,2,1.0,-1.0,0.0,0.25,24321.827716271127,0.4337937288728426,135,6,2,1.0,-1.0,0.0,True,,1.3e-06
22.0,+,139,24402.35838,6,2,1.0,1.0,2.0,0.09,24402.58594116714,-0.22756116713935626,138,6,2,1.0,1.0,2.0,True,,4.8e-07
22.0,+,151,25911.4378,6,3,1.0,0.0,1.0,2.25,25911.383980850773,0.05381914922691067,151,6,3,1.0,0.0,1.0,True,,1.2e-05
22.0,+,152,25986.44661,6,3,1.0,-1.0,0.0,2.25,25986.385579017795,0.06103098220410175,152,6,3,1.0,-1.0,0.0,True,,1.2e-05
22.0,+,153,26065.36058,6,3,1.0,1.0,2.0,1.96,26065.46636281478,-0.10578281477864948,153,6,3,1.0,1.0,2.0,True,,1.1e-05
22.0,+,167,27531.30599,6,4,1.0,0.0,1.0,0.04,27531.26429928263,0.04169071737123886,167,6,4,1.0,0.0,1.0,True,,2.2e-07
22.0,+,169,27605.11648,6,4,1.0,-1.0,0.0,0.16,27608.386718386573,-3.2702383865726006,169,6,4,1.0,-1.0,0.0,True,,8.6e-07
22.0,+,171,27682.79951,6,4,1.0,1.0,2.0,0.36,27683.368908115874,-0.5693981158729002,171,6,4,1.0,1.0,2.0,True,,1.9e-06
22.0,+,182,29099.07466,6,5,1.0,0.0,1.0,0.09,29099.091758657472,-0.017098657473979983,182,6,5,1.0,0.0,1.0,True,,4.8e-07
22.0,+,184,29171.63429,6,5,1.0,-1.0,0.0,0.01,29171.668950043557,-0.034660043555049924,183,6,5,1.0,-1.0,0.0,True,,5.4e-08
22.0,+,186,29248.13254,6,5,1.0,1.0,2.0,0.09,29248.297437457153,-0.1648974571544386,185,6,5,1.0,1.0,2.0,True,,4.8e-07
22.0,+,199,30615.51639,6,6,1.0,0.0,1.0,0.0,30614.5941571633,0.9222328366995498,200,6,6,1.0,0.0,1.0,True,,0.0
22.0,+,202,30679.91085,6,6,1.0,-1.0,0.0,0.0,30679.82568627456,0.0851637254418165,202,6,6,1.0,-1.0,0.0,True,,0.0
22.0,+,204,30756.57042,6,6,1.0,1.0,2.0,0.0,30758.032828325435,-1.462408325434808,204,6,6,1.0,1.0,2.0,True,,0.0
22.0,+,215,32051.49662,6,7,1.0,0.0,1.0,0.04,32051.621041880386,-0.12442188038403401,215,6,7,1.0,0.0,1.0,True,,2.2e-07
22.0,+,217,32121.03762,6,7,1.0,-1.0,0.0,0.16,32121.072635794695,-0.035015794695937075,216,6,7,1.0,-1.0,0.0,True,,8.6e-07
22.0,+,218,32194.41265,6,7,1.0,1.0,2.0,0.09,32194.696273657228,-0.28362365722932736,217,6,7,1.0,1.0,2.0,True,,4.8e-07
22.0,+,229,33417.63757,6,8,1.0,0.0,1.0,0.09,33417.653254946745,-0.015684946745750494,229,6,8,1.0,0.0,1.0,True,,4.8e-07
22.0,+,230,33485.88912,6,8,1.0,-1.0,0.0,0.09,33486.000465540084,-0.11134554008458508,230,6,8,1.0,-1.0,0.0,True,,4.8e-07
22.0,+,232,33557.02051,6,8,1.0,1.0,2.0,0.04,33556.47739743375,0.5431125662507839,231,6,8,1.0,1.0,2.0,True,,2.2e-07
22.0,+,247,34703.49796,6,9,1.0,0.0,1.0,0.0033,34703.07471179339,0.4232482066072407,244,6,9,1.0,0.0,1.0,True,,1.8e-08
22.0,+,248,34768.17512,6,9,1.0,-1.0,0.0,0.0059,34767.77412908247,0.4009909175292705,245,6,9,1.0,-1.0,0.0,True,,3.2e-08
22.0,+,252,34839.67551,6,9,1.0,1.0,2.0,0.0,34838.47239415916,1.2031158408426563,249,6,9,1.0,1.0,2.0,True,,0.0
22.0,+,263,35902.30477,6,10,1.0,0.0,1.0,0.0051,35902.2327486926,0.07202130740188295,260,6,10,1.0,0.0,1.0,True,,2.7e-08
22.0,+,264,35966.14261,6,10,1.0,-1.0,0.0,0.0028,35965.95144804704,0.19116195296373917,262,6,10,1.0,-1.0,0.0,True,,1.5e-08
22.0,+,265,36033.13163,6,10,1.0,1.0,2.0,0.0028,36033.25021384928,-0.11858384927472798,264,6,10,1.0,1.0,2.0,True,,1.5e-08
22.0,-,1,1360.27066,2,0,-1.0,0.0,-1.0,625.0,1360.26566519162,0.004994808379933602,1,2,0,-1.0,0.0,-1.0,True,,0.0034
22.0,-,2,1434.25771,2,0,-1.0,1.0,0.0,576.0,1434.259197639343,-0.0014876393429403834,2,2,0,-1.0,1.0,0.0,True,,0.0031
22.0,-,3,1510.47637,2,0,-1.0,-1.0,-2.0,324.0,1510.473335433926,0.0030345660741204483,3,2,0,-1.0,-1.0,-2.0,True,,0.0017
22.0,-,4,2970.58929,2,1,-1.0,0.0,-1.0,4.41,2970.581411167705,0.007878832294863969,4,2,1,-1.0,0.0,-1.0,True,,2.4e-05
22.0,-,5,3043.88585,2,1,-1.0,1.0,0.0,7.84,3043.872948282116,0.012901717884233221,5,2,1,-1.0,1.0,0.0,True,,4.2e-05
22.0,-,6,3119.32907,2,1,-1.0,-1.0,-2.0,5.29,3119.300314661348,0.028755338651990314,6,2,1,-1.0,-1.0,-2.0,True,,2.8e-05
22.0,-,7,4557.55303,2,2,-1.0,0.0,-1.0,5.29,4557.596702734314,-0.04367273431398644,7,2,2,-1.0,0.0,-1.0,True,,2.8e-05
22.0,-,8,4630.16696,2,2,-1.0,1.0,0.0,8.41,4630.189435963963,-0.022475963963188406,8,2,2,-1.0,1.0,0.0,True,,4.5e-05
22.0,-,9,4704.82846,2,2,-1.0,-1.0,-2.0,3.61,4704.817086485531,0.011373514468687063,9,2,2,-1.0,-1.0,-2.0,True,,1.9e-05
22.0,-,10,6121.15449,2,3,-1.0,0.0,-1.0,2.25,6121.172986719784,-0.018496719783797744,10,2,3,-1.0,0.0,-1.0,True,,1.2e-05
22.0,-,11,6193.09493,2,3,-1.0,1.0,0.0,2.56,6193.077015235475,0.01791476452490315,11,2,3,-1.0,1.0,0.0,True,,1.4e-05
22.0,-,12,6266.95414,2,3,-1.0,-1.0,-2.0,2.25,6266.88971443705,0.06442556294950919,12,2,3,-1.0,-1.0,-2.0,True,,1.2e-05
22.0,-,14,7661.35656,2,4,-1.0,0.0,-1.0,1.44,7661.395398091792,-0.03883809179205855,14,2,4,-1.0,0.0,-1.0,True,,7.7e-06
22.0,-,15,7732.68093,2,4,-1.0,1.0,0.0,1.44,7732.62734647023,0.05358352977054892,15,2,4,-1.0,1.0,0.0,True,,7.7e-06
22.0,-,16,7805.69851,2,4,-1.0,-1.0,-2.0,1.0,7805.593038805693,0.10547119430702878,16,2,4,-1.0,-1.0,-2.0,True,,5.4e-06
22.0,-,18,9080.48641,3,0,-1.0,0.0,-1.0,576.0,9080.414959739426,0.0714502605733287,18,3,0,-1.0,0.0,-1.0,True,,0.0031
22.0,-,19,9178.07084,2,5,-1.0,0.0,-1.0,1.21,9178.248138287578,-0.17729828757728683,19,2,5,-1.0,0.0,-1.0,True,,6.5e-06
22.0,-,20,9248.80664,2,5,-1.0,1.0,0.0,1.0,9248.862938303297,-0.05629830329598917,20,2,5,-1.0,1.0,0.0,True,,5.4e-06
22.0,-,21,9320.9768,2,5,-1.0,-1.0,-2.0,1.0,9320.87601437442,0.10078562558010162,21,2,5,-1.0,-1.0,-2.0,True,,5.4e-06
22.0,-,25,10655.90585,3,1,-1.0,0.0,-1.0,4.41,10655.826995596888,0.0788544031111087,25,3,1,-1.0,0.0,-1.0,True,,2.4e-05
22.0,-,26,10671.91824,2,6,-1.0,0.0,-1.0,1.21,10671.967271159907,-0.049031159906007815,26,2,6,-1.0,0.0,-1.0,True,,6.5e-06
22.0,-,27,10741.68827,2,6,-1.0,1.0,0.0,0.81,10741.743096781733,-0.054826781732117524,27,2,6,-1.0,1.0,0.0,True,,4.4e-06
22.0,-,28,10813.26695,2,6,-1.0,-1.0,-2.0,1.21,10813.253101702949,0.013848297050572,28,2,6,-1.0,-1.0,-2.0,True,,6.5e-06
22.0,-,31,12193.38447,5,1,0.0,-1.0,-1.0,0.04,12190.131369406707,3.2531005932942207,31,5,1,0.0,-1.0,-1.0,True,,2.2e-07
22.0,-,32,12207.05952,3,2,-1.0,0.0,-1.0,4.0,12207.006920736354,0.05259926364669809,32,3,2,-1.0,0.0,-1.0,True,,2.2e-05
22.0,-,33,12212.07488,2,7,-1.0,1.0,0.0,0.04,12211.224664225292,0.8502157747079764,33,2,7,-1.0,1.0,0.0,True,,2.2e-07
22.0,-,34,12278.3215,2,7,-1.0,-1.0,-2.0,0.01,12277.36045262456,0.9610473754401028,34,2,7,-1.0,-1.0,-2.0,True,,5.4e-08
22.0,-,38,13588.23278,2,8,-1.0,0.0,-1.0,0.81,13588.577388115698,-0.3446081156980654,38,2,8,-1.0,0.0,-1.0,True,,4.4e-06
22.0,-,39,13657.04,2,8,-1.0,1.0,0.0,0.16,13657.275939037816,-0.23593903781511472,39,2,8,-1.0,1.0,0.0,True,,8.6e-07
22.0,-,40,13726.75813,2,8,-1.0,-1.0,-2.0,0.49,13726.561378831375,0.1967511686252692,40,2,8,-1.0,-1.0,-2.0,True,,2.6e-06
22.0,-,41,13733.89933,3,3,-1.0,0.0,-1.0,1.69,13733.842052634674,0.057277365325717255,41,3,3,-1.0,0.0,-1.0,True,,9.1e-06
22.0,-,46,15012.58143,2,9,-1.0,0.0,-1.0,0.0093,15012.440948396566,0.1404816034337273,46,2,9,-1.0,0.0,-1.0,True,,5e-08
22.0,-,47,15079.93191,2,9,-1.0,1.0,0.0,0.0059,15079.956335499583,-0.024425499583230703,47,2,9,-1.0,1.0,0.0,True,,3.2e-08
22.0,-,48,15152.2714,2,9,-1.0,-1.0,-2.0,0.0059,15149.385259275217,2.886140724782308,48,2,9,-1.0,-1.0,-2.0,True,,3.2e-08
22.0,-,49,15236.34603,3,4,-1.0,0.0,-1.0,0.64,15236.305140261307,0.04088973869329493,49,3,4,-1.0,0.0,-1.0,True,,3.4e-06
22.0,-,59,16714.31613,3,5,-1.0,0.0,-1.0,0.16,16714.338870272924,-0.02274027292514802,59,3,5,-1.0,0.0,-1.0,True,,8.6e-07
22.0,-,66,18167.73791,3,6,-1.0,0.0,-1.0,0.01,18167.812243857403,-0.07433385740296217,66,3,6,-1.0,0.0,-1.0,True,,5.4e-08
23.0,+,13,7068.34348,4,0,0.0,1.0,1.0,441.0,7068.226353309872,0.11712669012831611,13,4,0,0.0,1.0,1.0,True,,0.0024
23.0,+,17,8507.46349,4,1,0.0,1.0,1.0,1.44,8507.330643791873,0.13284620812737558,17,4,1,0.0,1.0,1.0,True,,7.7e-06
23.0,+,22,9924.41433,4,2,0.0,1.0,1.0,2.25,9924.316356286246,0.09797371375316288,22,4,2,0.0,1.0,1.0,True,,1.2e-05
23.0,+,29,11319.25436,4,3,0.0,1.0,1.0,2.25,11319.165082998392,0.08927700160893437,29,4,3,0.0,1.0,1.0,True,,1.2e-05
23.0,+,36,12660.4838,7,0,2.0,0.0,2.0,25.0,12660.472743678469,0.011056321531214053,36,7,0,2.0,0.0,2.0,True,,0.00013
23.0,+,37,12692.08577,4,4,0.0,1.0,1.0,1.96,12691.964420923006,0.12134907699328323,37,4,4,0.0,1.0,1.0,True,,1.1e-05
23.0,+,42,14035.72068,7,1,2.0,0.0,2.0,0.16,14035.690963708947,0.029716291053773602,42,7,1,2.0,0.0,2.0,True,,8.6e-07
23.0,+,43,14042.9436,4,5,0.0,1.0,1.0,1.44,14042.82120766779,0.12239233221043833,43,4,5,0.0,1.0,1.0,True,,7.7e-06
23.0,+,50,15371.98211,4,6,0.0,1.0,1.0,0.64,15371.848896532903,0.1332134670974483,50,4,6,0.0,1.0,1.0,True,,3.4e-06
23.0,+,51,15388.07406,7,2,2.0,0.0,2.0,0.36,15388.050928511284,0.023131488716899185,51,7,2,2.0,0.0,2.0,True,,1.9e-06
23.0,+,57,16679.24551,4,7,0.0,1.0,1.0,0.25,16679.16876746009,0.0767425399099011,57,4,7,0.0,1.0,1.0,True,,1.3e-06
23.0,+,58,16717.60429,7,3,2.0,0.0,2.0,0.49,16717.5694561385,0.03483386150037404,58,7,3,2.0,0.0,2.0,True,,2.6e-06
23.0,+,62,17964.84312,4,8,0.0,1.0,1.0,0.01,17964.897612710374,-0.054492710372869624,62,4,8,0.0,1.0,1.0,True,,5.4e-08
23.0,+,64,18024.37245,7,4,2.0,0.0,2.0,0.36,18024.342876568353,0.029573431645985693,64,7,4,2.0,0.0,2.0,True,,1.9e-06
23.0,+,71,19308.44969,7,5,2.0,0.0,2.0,0.16,19308.44388144273,0.005808557270938763,71,7,5,2.0,0.0,2.0,True,,8.6e-07
23.0,+,78,20569.88127,7,6,2.0,0.0,2.0,0.25,20569.88314481256,-0.0018748125585261732,78,7,6,2.0,0.0,2.0,True,,1.3e-06
23.0,+,81,20871.69421,6,0,1.0,0.0,1.0,225.0,20871.726581166913,-0.032371166911616456,81,6,0,1.0,0.0,1.0,True,,0.0012
23.0,+,82,20954.19562,6,0,1.0,-1.0,0.0,169.0,20954.245566405923,-0.04994640592485666,82,6,0,1.0,-1.0,0.0,True,,0.00091
23.0,+,83,21038.68528,6,0,1.0,1.0,2.0,144.0,21038.653426325258,0.031853674743615557,83,6,0,1.0,1.0,2.0,True,,0.00077
23.0,+,86,21808.76927,7,7,2.0,0.0,2.0,0.25,21808.763448659418,0.005821340582770063,86,7,7,2.0,0.0,2.0,True,,1.3e-06
23.0,+,93,22615.14,6,1,1.0,0.0,1.0,0.81,22615.152767382544,-0.012767382544552675,93,6,1,1.0,0.0,1.0,True,,4.4e-06
23.0,+,94,22696.68917,6,1,1.0,-1.0,0.0,0.81,22696.711521309127,-0.022351309125951957,94,6,1,1.0,-1.0,0.0,True,,4.4e-06
23.0,+,95,22780.18487,6,1,1.0,1.0,2.0,0.36,22780.12688039449,0.057989605509646935,95,6,1,1.0,1.0,2.0,True,,1.9e-06
23.0,+,106,24320.69469,6,2,1.0,0.0,1.0,0.16,24320.82194944933,-0.12725944933117717,106,6,2,1.0,0.0,1.0,True,,8.6e-07
23.0,+,108,24401.34889,6,2,1.0,-1.0,0.0,0.16,24401.52994005548,-0.18105005547840847,107,6,2,1.0,-1.0,0.0,True,,8.6e-07
23.0,+,110,24483.73254,6,2,1.0,1.0,2.0,0.16,24483.616783949543,0.1157560504580033,110,6,2,1.0,1.0,2.0,True,,8.6e-07
23.0,+,120,25984.89315,6,3,1.0,0.0,1.0,1.69,25984.91462551678,-0.021475516779901227,120,6,3,1.0,0.0,1.0,True,,9.1e-06
23.0,+,121,26064.38904,6,3,1.0,-1.0,0.0,1.96,26064.42398638647,-0.03494638647316606,121,6,3,1.0,-1.0,0.0,True,,1.1e-05
23.0,+,122,26145.65711,6,3,1.0,1.0,2.0,1.21,26145.592784425782,0.06432557421794627,122,6,3,1.0,1.0,2.0,True,,6.5e-06
23.0,+,132,27603.24461,6,4,1.0,0.0,1.0,0.49,27603.180478988383,0.06413101161888335,132,6,4,1.0,0.0,1.0,True,,2.6e-06
23.0,+,134,27682.25802,6,4,1.0,-1.0,0.0,0.25,27682.88085811366,-0.6228381136606913,134,6,4,1.0,-1.0,0.0,True,,1.3e-06
23.0,+,136,27761.67027,6,4,1.0,1.0,2.0,0.49,27761.66188794258,0.008382057418202749,136,6,4,1.0,1.0,2.0,True,,2.6e-06
23.0,+,145,29170.17341,6,5,1.0,0.0,1.0,0.09,29170.276521366708,-0.10311136670861742,145,6,5,1.0,0.0,1.0,True,,4.8e-07
23.0,+,147,29247.25897,6,5,1.0,-1.0,0.0,0.09,29247.349216951276,-0.09024695127664017,146,6,5,1.0,-1.0,0.0,True,,4.8e-07
23.0,+,150,29325.87807,6,5,1.0,1.0,2.0,0.16,29325.854185081003,0.023884918995463522,148,6,5,1.0,1.0,2.0,True,,8.6e-07
23.0,+,158,30678.32285,6,6,1.0,0.0,1.0,0.16,30678.4906784379,-0.16782843790133484,158,6,6,1.0,0.0,1.0,True,,8.6e-07
23.0,+,160,30755.63434,6,6,1.0,1.0,2.0,0.0,30756.856959798723,-1.2226197987220075,160,6,6,1.0,-1.0,0.0,False,,0.0
23.0,+,162,30831.26173,6,6,1.0,-1.0,0.0,0.09,30831.105620980594,0.15610901940453914,162,6,6,1.0,1.0,2.0,False,,4.8e-07
23.0,+,170,32119.55587,6,7,1.0,0.0,1.0,0.09,32119.78571891539,-0.22984891539090313,170,6,7,1.0,0.0,1.0,True,,4.8e-07
23.0,+,171,32193.65741,6,7,1.0,-1.0,0.0,0.04,32193.86547146313,-0.20806146313043428,171,6,7,1.0,-1.0,0.0,True,,2.2e-07
23.0,+,173,32268.87589,6,7,1.0,1.0,2.0,0.04,32268.908220831556,-0.032330831556464545,173,6,7,1.0,1.0,2.0,True,,2.2e-07
23.0,+,181,33484.40004,6,8,1.0,0.0,1.0,0.04,33484.78875165526,-0.3887116552577936,181,6,8,1.0,0.0,1.0,True,,2.2e-07
23.0,+,182,33556.04826,6,8,1.0,-1.0,0.0,0.09,33555.85797670425,0.19028329575667158,182,6,8,1.0,-1.0,0.0,True,,4.8e-07
23.0,+,184,33630.2729,6,8,1.0,1.0,2.0,0.04,33630.01767134049,0.25522865951643325,183,6,8,1.0,1.0,2.0,True,,2.2e-07
23.0,+,192,34766.72178,6,9,1.0,0.0,1.0,0.0033,34766.639763853236,0.08201614676363533,193,6,9,1.0,0.0,1.0,True,,1.8e-08
23.0,+,195,34839.13102,6,9,1.0,-1.0,0.0,0.0033,34837.64524057615,1.4857794238487259,195,6,9,1.0,-1.0,0.0,True,,1.8e-08
23.0,+,199,34907.86373,6,9,1.0,1.0,2.0,0.0059,34907.612712714465,0.2510172855327255,197,6,9,1.0,1.0,2.0,True,,3.2e-08
23.0,+,209,35964.72518,6,10,1.0,0.0,1.0,0.0051,35964.88632977957,-0.161149779567495,206,6,10,1.0,0.0,1.0,True,,2.7e-08
23.0,+,210,36033.29743,6,10,1.0,-1.0,0.0,0.0028,36032.69800504485,0.5994249551513349,208,6,10,1.0,-1.0,0.0,True,,1.5e-08
23.0,+,211,36101.88189,6,10,1.0,1.0,2.0,0.0028,36101.47898762112,0.40290237887529656,210,6,10,1.0,1.0,2.0,True,,1.5e-08
23.0,-,2,1431.63753,2,0,-1.0,0.0,-1.0,625.0,1431.63721682996,0.000313170040044497,2,2,0,-1.0,0.0,-1.0,True,,0.0034
23.0,-,3,1507.75859,2,0,-1.0,1.0,0.0,400.0,1507.74970873335,0.008881266649950703,3,2,0,-1.0,1.0,0.0,True,,0.0022
23.0,-,4,1587.70848,2,0,-1.0,-1.0,-2.0,529.0,1587.713104462809,-0.004624462809033503,4,2,0,-1.0,-1.0,-2.0,True,,0.0028
23.0,-,6,3041.25903,2,1,-1.0,0.0,-1.0,7.84,3041.240835384513,0.018194615487118426,6,2,1,-1.0,0.0,-1.0,True,,4.2e-05
23.0,-,7,3116.60538,2,1,-1.0,1.0,0.0,6.25,3116.581869274839,0.023510725161031587,7,2,1,-1.0,1.0,0.0,True,,3.4e-05
23.0,-,8,3195.79239,2,1,-1.0,-1.0,-2.0,6.76,3195.780244768705,0.012145231295107806,8,2,1,-1.0,-1.0,-2.0,True,,3.6e-05
23.0,-,10,4627.53094,2,2,-1.0,0.0,-1.0,9.0,4627.54591395291,-0.014973952910622756,10,2,2,-1.0,0.0,-1.0,True,,4.8e-05
23.0,-,11,4702.09256,2,2,-1.0,1.0,0.0,5.29,4702.104694341779,-0.012134341778619273,11,2,2,-1.0,1.0,0.0,True,,2.8e-05
23.0,-,12,4780.5159,2,2,-1.0,-1.0,-2.0,6.76,4780.543558843317,-0.02765884331711277,12,2,2,-1.0,-1.0,-2.0,True,,3.6e-05
23.0,-,13,6190.44197,2,3,-1.0,0.0,-1.0,3.24,6190.420852691836,0.021117308163411508,13,2,3,-1.0,0.0,-1.0,True,,1.7e-05
23.0,-,14,6264.20942,2,3,-1.0,1.0,0.0,3.24,6264.185536533419,0.023883466581537505,14,2,3,-1.0,1.0,0.0,True,,1.7e-05
23.0,-,15,6341.89146,2,3,-1.0,-1.0,-2.0,2.25,6341.879543361798,0.011916638201910246,15,2,3,-1.0,-1.0,-2.0,True,,1.2e-05
23.0,-,19,7729.9873,2,4,-1.0,0.0,-1.0,1.44,7729.95744024691,0.029859753090022423,19,2,4,-1.0,0.0,-1.0,True,,7.7e-06
23.0,-,20,7802.92637,2,4,-1.0,1.0,0.0,1.21,7802.902366494212,0.024003505787732138,20,2,4,-1.0,1.0,0.0,True,,6.5e-06
23.0,-,21,7879.86867,2,4,-1.0,-1.0,-2.0,1.0,7879.877019847676,-0.008349847676072386,21,2,4,-1.0,-1.0,-2.0,True,,5.4e-06
23.0,-,25,9154.04031,3,0,-1.0,0.0,-1.0,961.0,9154.0705298525,-0.030219852500522393,25,3,0,-1.0,0.0,-1.0,True,,0.0052
23.0,-,26,9246.15227,2,5,-1.0,0.0,-1.0,1.21,9246.178511518809,-0.026241518808092223,26,2,5,-1.0,0.0,-1.0,True,,6.5e-06
23.0,-,27,9318.17443,2,5,-1.0,1.0,0.0,0.49,9318.218926323938,-0.04449632393880165,27,2,5,-1.0,1.0,0.0,True,,2.6e-06
23.0,-,28,9394.47942,2,5,-1.0,-1.0,-2.0,1.21,9394.557878719716,-0.07845871971585439,28,2,5,-1.0,-1.0,-2.0,True,,6.5e-06
23.0,-,33,10728.67643,3,1,-1.0,0.0,-1.0,8.41,10728.69645930667,-0.02002930667003966,33,3,1,-1.0,0.0,-1.0,True,,4.5e-05
23.0,-,34,10738.96258,2,6,-1.0,0.0,-1.0,1.0,10739.041317274354,-0.07873727435435285,34,2,6,-1.0,0.0,-1.0,True,,5.4e-06
23.0,-,35,10810.49912,2,6,-1.0,1.0,0.0,1.0,10810.539539146657,-0.040419146656859084,35,2,6,-1.0,1.0,0.0,True,,5.4e-06
23.0,-,36,10885.72951,2,6,-1.0,-1.0,-2.0,1.21,10885.876805455768,-0.14729545576847158,36,2,6,-1.0,-1.0,-2.0,True,,6.5e-06
23.0,-,40,12208.2589,2,7,-1.0,0.0,-1.0,0.04,12208.493790531373,-0.23489053137200244,40,2,7,-1.0,0.0,-1.0,True,,2.2e-07
23.0,-,41,12274.98841,2,7,-1.0,1.0,0.0,0.04,12275.598637201963,-0.6102272019634256,41,2,7,-1.0,1.0,0.0,True,,2.2e-07
23.0,-,42,12279.04054,3,2,-1.0,0.0,-1.0,5.76,12279.084177419889,-0.04363741988890979,42,3,2,-1.0,0.0,-1.0,True,,3.1e-05
23.0,-,43,12351.97952,2,7,-1.0,-1.0,-2.0,0.001,12353.682618178773,-1.703098178772052,43,2,7,-1.0,-1.0,-2.0,True,,5.4e-09
23.0,-,44,12363.54662,5,1,0.0,-1.0,-1.0,0.001,12360.680055566274,2.866564433725216,44,5,1,0.0,-1.0,-1.0,True,,5.4e-09
23.0,-,49,13654.34898,2,8,-1.0,0.0,-1.0,0.25,13654.54125518686,-0.1922751868587511,49,2,8,-1.0,0.0,-1.0,True,,1.3e-06
23.0,-,50,13723.88091,2,8,-1.0,1.0,0.0,0.36,13723.973677938504,-0.0927679385040392,50,2,8,-1.0,1.0,0.0,True,,1.9e-06
23.0,-,51,13799.55351,2,8,-1.0,-1.0,-2.0,0.25,13798.280538742198,1.2729712578020553,51,2,8,-1.0,-1.0,-2.0,True,,1.3e-06
23.0,-,52,13805.08979,3,3,-1.0,0.0,-1.0,1.96,13805.131285721627,-0.04149572162714321,52,3,3,-1.0,0.0,-1.0,True,,1.1e-05
23.0,-,58,15077.11771,2,9,-1.0,0.0,-1.0,0.0093,15077.198436207034,-0.08072620703387656,58,2,9,-1.0,0.0,-1.0,True,,5e-08
23.0,-,59,15146.69362,2,9,-1.0,1.0,0.0,0.0093,15146.607128057198,0.08649194280224037,59,2,9,-1.0,1.0,0.0,True,,5e-08
23.0,-,60,15219.16264,2,9,-1.0,-1.0,-2.0,0.0093,15219.38532164186,-0.22268164185879868,60,2,9,-1.0,-1.0,-2.0,True,,5e-08
23.0,-,61,15306.73936,3,4,-1.0,0.0,-1.0,2.25,15306.801675705578,-0.0623157055779302,61,3,4,-1.0,0.0,-1.0,True,,1.2e-05
23.0,-,74,16783.9101,3,5,-1.0,0.0,-1.0,0.36,16784.039222858086,-0.12912285808488377,74,3,5,-1.0,0.0,-1.0,True,,1.9e-06
23.0,-,83,18236.5264,3,6,-1.0,0.0,-1.0,0.09,18236.3537165263,0.17268347369827097,83,3,6,-1.0,0.0,-1.0,True,,4.8e-07
24.0,+,1,1084.12933,1,0,0.0,0.0,0.0,441.0,1084.131618179691,-0.0022881796910496632,1,1,0,0.0,0.0,0.0,True,,0.0024
24.0,+,5,2900.67543,1,1,0.0,0.0,0.0,84.41,2900.674685427368,0.0007445726319019741,5,1,1,0.0,0.0,0.0,True,,0.00045
24.0,+,9,4688.73231,1,2,0.0,0.0,0.0,6.76,4688.805086630082,-0.07277663008153468,9,1,2,0.0,0.0,0.0,True,,3.6e-05
24.0,+,16,6447.33478,1,3,0.0,0.0,0.0,1.96,6447.478741137887,-0.1439611378864356,16,1,3,0.0,0.0,0.0,True,,1.1e-05
24.0,+,17,7068.16347,4,0,0.0,1.0,1.0,324.0,7068.228100345655,-0.06463034565422277,17,4,0,0.0,1.0,1.0,True,,0.0017
24.0,+,18,7213.56728,4,0,0.0,0.0,0.0,169.0,7213.559884316722,0.007395683278446086,18,4,0,0.0,0.0,0.0,True,,0.00091
24.0,+,22,8175.25804,1,4,0.0,0.0,0.0,0.36,8175.489980762761,-0.2319407627610417,22,1,4,0.0,0.0,0.0,True,,1.9e-06
24.0,+,23,8507.28469,4,1,0.0,1.0,1.0,1.96,8507.335972615196,-0.05128261519530497,23,4,1,0.0,1.0,1.0,True,,1.1e-05
24.0,+,24,8651.09421,4,1,0.0,0.0,0.0,1.96,8651.05947777836,0.03473222163847822,24,4,1,0.0,0.0,0.0,True,,1.1e-05
24.0,+,29,9870.8264,1,5,0.0,0.0,0.0,0.04,9871.216006826195,-0.3896068261947221,29,1,5,0.0,0.0,0.0,True,,2.2e-07
24.0,+,30,9924.26168,4,2,0.0,1.0,1.0,2.89,9924.339184191527,-0.07750419152762333,30,4,2,0.0,1.0,1.0,True,,1.6e-05
24.0,+,31,10066.44521,4,2,0.0,0.0,0.0,1.96,10066.441570308281,0.0036396917184902122,31,4,2,0.0,0.0,0.0,True,,1.1e-05
24.0,+,37,11319.05746,4,3,0.0,1.0,1.0,2.89,11319.165261763563,-0.10780176356274751,37,4,3,0.0,1.0,1.0,True,,1.6e-05
24.0,+,38,11459.66675,4,3,0.0,0.0,0.0,2.25,11459.674508066915,-0.007758066914902884,38,4,3,0.0,0.0,0.0,True,,1.2e-05
24.0,+,39,11531.93371,1,6,0.0,0.0,0.0,0.01,11532.542504752882,-0.6087947528831137,39,1,6,0.0,0.0,0.0,True,,5.4e-08
24.0,+,45,12691.87864,4,4,0.0,1.0,1.0,1.96,12691.967812787427,-0.08917278742592316,45,4,4,0.0,1.0,1.0,True,,1.1e-05
24.0,+,46,12729.98617,7,0,2.0,0.0,2.0,25.0,12729.976335727602,0.009834272397711175,46,7,0,2.0,0.0,2.0,True,,0.00013
24.0,+,47,12830.88411,4,4,0.0,0.0,0.0,1.96,12830.874735726142,0.009374273859066307,47,4,4,0.0,0.0,0.0,True,,1.1e-05
24.0,+,53,14042.74842,4,5,0.0,1.0,1.0,1.44,14042.825713611594,-0.0772936115936318,53,4,5,0.0,1.0,1.0,True,,7.7e-06
24.0,+,54,14104.41296,7,1,2.0,0.0,2.0,0.09,14104.381573800987,0.03138619901255879,54,7,1,2.0,0.0,2.0,True,,4.8e-07
24.0,+,55,14180.17187,4,5,0.0,0.0,0.0,1.96,14180.12752384702,0.04434615297941491,55,4,5,0.0,0.0,0.0,True,,1.1e-05
24.0,+,61,15371.78776,4,6,0.0,1.0,1.0,0.64,15371.853989232633,-0.06622923263421399,61,4,6,0.0,1.0,1.0,True,,3.4e-06
24.0,+,63,15455.9556,7,2,2.0,0.0,2.0,0.36,15455.92894903172,0.02665096827877278,63,7,2,2.0,0.0,2.0,True,,1.9e-06
24.0,+,64,15507.5743,4,6,0.0,0.0,0.0,0.49,15507.551313169222,0.02298683077788155,64,4,6,0.0,0.0,0.0,True,,2.6e-06
24.0,+,65,16079.30788,8,0,0.0,0.0,0.0,36.0,16079.303739808676,0.004140191324040643,65,8,0,0.0,0.0,0.0,True,,0.00019
24.0,+,70,16679.02523,4,7,0.0,1.0,1.0,0.25,16679.174300782768,-0.14907078276883112,70,4,7,0.0,1.0,1.0,True,,1.3e-06
24.0,+,72,16784.67636,7,3,2.0,0.0,2.0,0.64,16784.635683905522,0.04067609447884024,72,7,3,2.0,0.0,2.0,True,,3.4e-06
24.0,+,73,16813.1823,4,7,0.0,0.0,0.0,0.16,16813.267674797786,-0.08537479778533452,73,4,7,0.0,0.0,0.0,True,,8.6e-07
24.0,+,75,17493.55175,8,1,0.0,0.0,0.0,0.36,17493.45008018649,0.1016698135099432,75,8,1,0.0,0.0,0.0,True,,1.9e-06
24.0,+,78,17964.66721,4,8,0.0,1.0,1.0,0.09,17964.90364209088,-0.23643209088186268,78,4,8,0.0,1.0,1.0,True,,4.8e-07
24.0,+,81,18090.62731,7,4,2.0,0.0,2.0,0.49,18090.59715586736,0.030154132640745956,81,7,4,2.0,0.0,2.0,True,,2.6e-06
24.0,+,82,18097.24085,4,8,0.0,0.0,0.0,0.04,18097.393328122114,-0.1524781221160083,82,4,8,0.0,0.0,0.0,True,,2.2e-07
24.0,+,85,18907.84511,8,2,0.0,0.0,0.0,0.09,18908.126298303603,-0.281188303604722,85,8,2,0.0,0.0,0.0,True,,4.8e-07
24.0,+,91,19373.88208,7,5,2.0,0.0,2.0,0.09,19373.8856704141,-0.003590414100472117,91,7,5,2.0,0.0,2.0,True,,4.8e-07
24.0,+,100,20634.5002,7,6,2.0,0.0,2.0,0.25,20634.512984174846,-0.012784174847183749,100,7,6,2.0,0.0,2.0,True,,1.3e-06
24.0,+,103,20952.00978,6,0,1.0,0.0,1.0,196.0,20951.953113377396,0.05666662260409794,103,6,0,1.0,0.0,1.0,True,,0.0011
24.0,+,104,21036.61124,6,0,1.0,-1.0,0.0,169.0,21036.5976031679,0.013636832100019092,104,6,0,1.0,-1.0,0.0,True,,0.00091
24.0,+,105,21125.40113,6,0,1.0,1.0,2.0,169.0,21125.513983598725,-0.11285359872636036,105,6,0,1.0,1.0,2.0,True,,0.00091
24.0,+,111,21872.58039,7,7,2.0,0.0,2.0,0.16,21872.575857002266,0.004532997732894728,111,7,7,2.0,0.0,2.0,True,,8.6e-07
24.0,+,117,22694.51623,6,1,1.0,0.0,1.0,0.49,22694.442799435074,0.0734305649275484,117,6,1,1.0,0.0,1.0,True,,2.6e-06
24.0,+,118,22778.11568,6,1,1.0,-1.0,0.0,0.64,22778.057871351524,0.057808648474747315,118,6,1,1.0,-1.0,0.0,True,,3.4e-06
24.0,+,119,22865.86548,6,1,1.0,1.0,2.0,0.36,22865.94019550381,-0.07471550380796543,119,6,1,1.0,1.0,2.0,True,,1.9e-06
24.0,+,123,23088.11335,7,8,2.0,0.0,2.0,0.01,23088.053757462167,0.05959253783294116,123,7,8,2.0,0.0,2.0,True,,5.4e-08
24.0,+,134,24399.27698,6,2,1.0,0.0,1.0,0.49,24399.25802326628,0.018956733718368923,134,6,2,1.0,0.0,1.0,True,,2.6e-06
24.0,+,137,24481.66995,6,2,1.0,-1.0,0.0,0.64,24481.830176580897,-0.16022658089787,137,6,2,1.0,-1.0,0.0,True,,3.4e-06
24.0,+,139,24568.40439,6,2,1.0,1.0,2.0,0.09,24568.643267873813,-0.23887787381318049,139,6,2,1.0,1.0,2.0,True,,4.8e-07
24.0,+,151,26062.266,6,3,1.0,0.0,1.0,2.25,26062.206590487764,0.05940951223601587,151,6,3,1.0,0.0,1.0,True,,1.2e-05
24.0,+,152,26143.6722,6,3,1.0,-1.0,0.0,2.25,26143.604475529264,0.06772447073672083,152,6,3,1.0,-1.0,0.0,True,,1.2e-05
24.0,+,153,26229.14746,6,3,1.0,1.0,2.0,1.69,26229.23543112159,-0.08797112158936216,153,6,3,1.0,1.0,2.0,True,,9.1e-06
24.0,+,167,27679.86198,6,4,1.0,0.0,1.0,0.01,27679.762428773112,0.09955122688916163,167,6,4,1.0,0.0,1.0,True,,5.4e-08
24.0,+,169,27759.85953,6,4,1.0,-1.0,0.0,0.16,27760.02066381108,-0.16113381107788882,169,6,4,1.0,-1.0,0.0,True,,8.6e-07
24.0,+,171,27844.77451,6,4,1.0,1.0,2.0,0.09,27844.710145537014,0.06436446298539522,171,6,4,1.0,1.0,2.0,True,,4.8e-07
24.0,+,182,29245.17995,6,5,1.0,0.0,1.0,0.09,29245.200674356252,-0.02072435625086655,182,6,5,1.0,0.0,1.0,True,,4.8e-07
24.0,+,185,29323.98798,6,5,1.0,-1.0,0.0,0.09,29323.966908979735,0.021071020266390406,183,6,5,1.0,-1.0,0.0,True,,4.8e-07
24.0,+,188,29406.77067,6,5,1.0,1.0,2.0,0.01,29406.91715595388,-0.1464859538791643,186,6,5,1.0,1.0,2.0,True,,5.4e-08
24.0,+,199,30752.40537,6,6,1.0,0.0,1.0,0.0,30754.590857155672,-2.1854871556715807,200,6,6,1.0,0.0,1.0,True,,0.0
24.0,+,202,30829.3809,6,6,1.0,-1.0,0.0,0.0,30829.333970620348,0.04692937965228339,203,6,6,1.0,-1.0,0.0,True,,0.0
24.0,+,204,30911.70553,6,6,1.0,1.0,2.0,0.0,30912.717393132116,-1.0118631321165594,204,6,6,1.0,1.0,2.0,True,,0.0
24.0,+,215,32191.903,6,7,1.0,0.0,1.0,0.01,32191.814252914668,0.08874708533039666,215,6,7,1.0,0.0,1.0,True,,5.4e-08
24.0,+,217,32267.11988,6,7,1.0,-1.0,0.0,0.04,32267.178194330405,-0.0583143304065743,216,6,7,1.0,-1.0,0.0,True,,2.2e-07
24.0,+,218,32347.12051,6,7,1.0,1.0,2.0,0.01,32346.857760763214,0.2627492367864761,218,6,7,1.0,1.0,2.0,True,,5.4e-08
24.0,+,229,33554.321,6,8,1.0,0.0,1.0,0.04,33554.00698169385,0.3140183061550488,229,6,8,1.0,0.0,1.0,True,,2.2e-07
24.0,+,230,33628.17765,6,8,1.0,-1.0,0.0,0.04,33628.36884469078,-0.19119469078577822,230,6,8,1.0,-1.0,0.0,True,,2.2e-07
24.0,+,232,33706.54152,6,8,1.0,1.0,2.0,0.04,33704.183991816884,2.357528183114482,231,6,8,1.0,1.0,2.0,True,,2.2e-07
24.0,+,247,34836.31836,6,9,1.0,0.0,1.0,0.0,34835.6746196121,0.6437403878953774,244,6,9,1.0,0.0,1.0,True,,0.0
24.0,+,250,34906.35888,6,9,1.0,-1.0,0.0,0.0,34906.02265665783,0.3362233421721612,246,6,9,1.0,-1.0,0.0,True,,0.0
24.0,+,252,34983.12052,6,9,1.0,1.0,2.0,0.0,34982.33749307797,0.7830269220285118,249,6,9,1.0,1.0,2.0,True,,0.0
24.0,+,263,36031.05371,6,10,1.0,0.0,1.0,0.0051,36030.89577621965,0.1579337803486851,260,6,10,1.0,0.0,1.0,True,,2.7e-08
24.0,+,264,36100.30162,6,10,1.0,-1.0,0.0,0.0051,36100.04206453918,0.2595554608196835,262,6,10,1.0,-1.0,0.0,True,,2.7e-08
24.0,+,265,36171.63964,6,10,1.0,1.0,2.0,0.0051,36172.82689045739,-1.187250457391201,264,6,10,1.0,1.0,2.0,True,,2.7e-08
24.0,-,1,1506.01885,2,0,-1.0,0.0,-1.0,361.0,1506.013046015634,0.005803984365911674,1,2,0,-1.0,0.0,-1.0,True,,0.0019
24.0,-,2,1586.24424,2,0,-1.0,1.0,0.0,676.0,1586.24680044367,-0.0025604436700632505,2,2,0,-1.0,1.0,0.0,True,,0.0036
24.0,-,3,1668.68194,2,0,-1.0,-1.0,-2.0,289.0,1668.671905379511,0.010034620489022927,3,2,0,-1.0,-1.0,-2.0,True,,0.0016
24.0,-,4,3114.83853,2,1,-1.0,0.0,-1.0,4.0,3114.832219322435,0.006310677565124934,4,2,1,-1.0,0.0,-1.0,True,,2.2e-05
24.0,-,5,3194.31376,2,1,-1.0,1.0,0.0,7.84,3194.299937221653,0.013822778346820996,5,2,1,-1.0,1.0,0.0,True,,4.2e-05
24.0,-,6,3275.90116,2,1,-1.0,-1.0,-2.0,4.41,3275.866554778087,0.03460522191289783,6,2,1,-1.0,-1.0,-2.0,True,,2.4e-05
24.0,-,7,4700.30183,2,2,-1.0,0.0,-1.0,4.84,4700.34246356215,-0.04063356215010572,7,2,2,-1.0,0.0,-1.0,True,,2.6e-05
24.0,-,8,4779.02446,2,2,-1.0,1.0,0.0,9.0,4779.047942515916,-0.02348251591592998,8,2,2,-1.0,1.0,0.0,True,,4.8e-05
24.0,-,9,4859.76129,2,2,-1.0,-1.0,-2.0,3.61,4859.741262084442,0.020027915558785025,9,2,2,-1.0,-1.0,-2.0,True,,1.9e-05
24.0,-,10,6262.38872,2,3,-1.0,0.0,-1.0,2.56,6262.412391357199,-0.023671357199418708,10,2,3,-1.0,0.0,-1.0,True,,1.4e-05
24.0,-,11,6340.36206,2,3,-1.0,1.0,0.0,2.89,6340.367332646546,-0.005272646545563475,11,2,3,-1.0,1.0,0.0,True,,1.6e-05
24.0,-,12,6420.24925,2,3,-1.0,-1.0,-2.0,2.25,6420.169904966496,0.07934503350406885,12,2,3,-1.0,-1.0,-2.0,True,,1.2e-05
24.0,-,14,7801.07332,2,4,-1.0,0.0,-1.0,1.44,7801.122996246962,-0.04967624696200801,14,2,4,-1.0,0.0,-1.0,True,,7.7e-06
24.0,-,15,7878.44871,2,4,-1.0,1.0,0.0,1.0,7878.346891207018,0.10181879298124841,15,2,4,-1.0,1.0,0.0,True,,5.4e-06
24.0,-,16,7957.28645,2,4,-1.0,-1.0,-2.0,0.64,7957.222639642261,0.06381035773847543,16,2,4,-1.0,-1.0,-2.0,True,,3.4e-06
24.0,-,18,9230.9811,3,0,-1.0,0.0,-1.0,484.0,9230.898978442205,0.08212155779619934,18,3,0,-1.0,0.0,-1.0,True,,0.0026
24.0,-,19,9316.23694,2,5,-1.0,0.0,-1.0,0.64,9316.452132548253,-0.21519254825216194,19,2,5,-1.0,0.0,-1.0,True,,3.4e-06
24.0,-,20,9392.92534,2,5,-1.0,1.0,0.0,0.81,9393.00826690634,-0.08292690633970778,20,2,5,-1.0,1.0,0.0,True,,4.4e-06
24.0,-,21,9470.94463,2,5,-1.0,-1.0,-2.0,0.81,9470.842146567575,0.1024834324252879,21,2,5,-1.0,-1.0,-2.0,True,,4.4e-06
24.0,-,25,10804.79702,3,1,-1.0,0.0,-1.0,4.0,10804.705505752081,0.0915142479188944,25,3,1,-1.0,0.0,-1.0,True,,2.2e-05
24.0,-,26,10808.65003,2,6,-1.0,0.0,-1.0,1.0,10808.698342343685,-0.048312343684301595,26,2,6,-1.0,0.0,-1.0,True,,5.4e-06
24.0,-,27,10884.28541,2,6,-1.0,1.0,0.0,0.25,10884.309236570873,-0.023826570872188313,27,2,6,-1.0,1.0,0.0,True,,1.3e-06
24.0,-,28,10961.63689,2,6,-1.0,-1.0,-2.0,1.21,10961.636648899317,0.00024110068261506967,28,2,6,-1.0,-1.0,-2.0,True,,6.5e-06
24.0,-,30,12272.09837,2,7,-1.0,0.0,-1.0,0.04,12274.626452119435,-2.5280821194355667,30,2,7,-1.0,0.0,-1.0,True,,2.2e-07
24.0,-,31,12350.40104,2,7,-1.0,-1.0,-2.0,0.01,12352.12819196793,-1.7271519679288758,31,2,7,-1.0,-1.0,-2.0,True,,5.4e-08
24.0,-,32,12354.33454,3,2,-1.0,0.0,-1.0,3.24,12354.254856653031,0.07968334696852253,32,3,2,-1.0,0.0,-1.0,True,,1.7e-05
24.0,-,33,12364.863,5,1,0.0,-1.0,-1.0,0.01,12359.802893789563,5.060106210436061,33,5,1,0.0,-1.0,-1.0,True,,5.4e-08
24.0,-,34,12425.66211,2,7,-1.0,1.0,0.0,0.01,12425.029252092476,0.6328579075234302,34,2,7,-1.0,1.0,0.0,True,,5.4e-08
24.0,-,38,13721.73161,2,8,-1.0,0.0,-1.0,0.16,13722.210973627436,-0.4793636274353048,38,2,8,-1.0,0.0,-1.0,True,,8.6e-07
24.0,-,39,13798.07702,2,8,-1.0,1.0,0.0,0.001,13796.667143475137,1.4098765248636482,39,2,8,-1.0,1.0,0.0,True,,5.4e-09
24.0,-,40,13871.68173,2,8,-1.0,-1.0,-2.0,0.25,13871.557050365083,0.1246796349169017,40,2,8,-1.0,-1.0,-2.0,True,,1.3e-06
24.0,-,41,13879.55635,3,3,-1.0,0.0,-1.0,1.21,13879.49071714443,0.06563285557058407,41,3,3,-1.0,0.0,-1.0,True,,6.5e-06
24.0,-,46,15144.80296,2,9,-1.0,0.0,-1.0,0.0133,15144.641665224162,0.16129477583854168,46,2,9,-1.0,0.0,-1.0,True,,7.2e-08
24.0,-,47,15217.68541,2,9,-1.0,1.0,0.0,0.0093,15217.754444682943,-0.06903468294331105,47,2,9,-1.0,1.0,0.0,True,,5e-08
24.0,-,48,15292.83589,2,9,-1.0,-1.0,-2.0,0.0093,15292.841849871611,-0.005959871610684786,48,2,9,-1.0,-1.0,-2.0,True,,5e-08
24.0,-,49,15380.37191,3,4,-1.0,0.0,-1.0,0.64,15380.333276888266,0.03863311173336115,49,3,4,-1.0,0.0,-1.0,True,,3.4e-06
24.0,-,59,16856.67235,3,5,-1.0,0.0,-1.0,0.09,16856.74012906661,-0.06777906660863664,59,3,5,-1.0,0.0,-1.0,True,,4.8e-07
24.0,-,66,18308.47478,3,6,-1.0,0.0,-1.0,0.01,18308.58614626549,-0.11136626548977802,66,3,6,-1.0,0.0,-1.0,True,,5.4e-08
25.0,+,13,7213.67691,4,0,0.0,1.0,1.0,256.0,7213.562900471738,0.11400952826170396,13,4,0,0.0,1.0,1.0,True,,0.0014
25.0,+,17,8651.20146,4,1,0.0,1.0,1.0,2.56,8651.064707579108,0.13675242089266249,17,4,1,0.0,1.0,1.0,True,,1.4e-05
25.0,+,22,10066.54173,4,2,0.0,1.0,1.0,1.96,10066.448364117945,0.09336588205587759,22,4,2,0.0,1.0,1.0,True,,1.1e-05
25.0,+,29,11459.78922,4,3,0.0,1.0,1.0,2.56,11459.695718385785,0.09350161421571102,29,4,3,0.0,1.0,1.0,True,,1.4e-05
25.0,+,36,12802.35456,7,0,2.0,0.0,2.0,25.0,12802.344881661977,0.00967833802314999,36,7,0,2.0,0.0,2.0,True,,0.00013
25.0,+,37,12830.99523,4,4,0.0,1.0,1.0,1.69,12830.893878707113,0.10135129288755707,37,4,4,0.0,1.0,1.0,True,,9.1e-06
25.0,+,42,14175.93724,7,1,2.0,0.0,2.0,0.16,14175.903188431708,0.03405156829103362,42,7,1,2.0,0.0,2.0,True,,8.6e-07
25.0,+,43,14180.26877,4,5,0.0,1.0,1.0,1.0,14180.150091561165,0.11867843883555906,43,4,5,0.0,1.0,1.0,True,,5.4e-06
25.0,+,50,15507.67034,4,6,0.0,1.0,1.0,0.36,15507.57784893691,0.09249106309107447,50,4,6,0.0,1.0,1.0,True,,1.9e-06
25.0,+,51,15526.63478,7,2,2.0,0.0,2.0,0.36,15526.604026468112,0.030753531887967256,51,7,2,2.0,0.0,2.0,True,,1.9e-06
25.0,+,57,16813.34195,4,7,0.0,1.0,1.0,0.36,16813.298361929927,0.04358807007520227,57,4,7,0.0,1.0,1.0,True,,1.9e-06
25.0,+,58,16854.50563,7,3,2.0,0.0,2.0,0.64,16854.465051180567,0.04057881943299435,58,7,3,2.0,0.0,2.0,True,,3.4e-06
25.0,+,62,18097.35445,4,8,0.0,1.0,1.0,0.01,18097.428300394957,-0.0738503949578444,62,4,8,0.0,1.0,1.0,True,,5.4e-08
25.0,+,64,18159.61558,7,4,2.0,0.0,2.0,0.36,18159.580650491822,0.03492950817962992,64,7,4,2.0,0.0,2.0,True,,1.9e-06
25.0,+,71,19442.02559,7,5,2.0,0.0,2.0,0.16,19442.022687762204,0.002902237796661211,71,7,5,2.0,0.0,2.0,True,,8.6e-07
25.0,+,78,20701.79296,7,6,2.0,0.0,2.0,0.25,20701.80387779524,-0.010917795239947736,78,7,6,2.0,0.0,2.0,True,,1.3e-06
25.0,+,81,21035.18735,6,0,1.0,0.0,1.0,144.0,21035.216136327315,-0.028786327315174276,81,6,0,1.0,0.0,1.0,True,,0.00077
25.0,+,82,21124.47639,6,0,1.0,-1.0,0.0,144.0,21124.52745554996,-0.05106554996018531,82,6,0,1.0,-1.0,0.0,True,,0.00077
25.0,+,84,21215.65775,6,0,1.0,1.0,2.0,121.0,21215.62019720729,0.03755279270990286,84,6,0,1.0,1.0,2.0,True,,0.00065
25.0,+,86,21939.01316,7,7,2.0,0.0,2.0,0.09,21939.015315101962,-0.002155101963580819,86,7,7,2.0,0.0,2.0,True,,4.8e-07
25.0,+,93,22776.71131,6,1,1.0,0.0,1.0,0.64,22776.722628580876,-0.01131858087683213,93,6,1,1.0,0.0,1.0,True,,3.4e-06
25.0,+,94,22864.96737,6,1,1.0,-1.0,0.0,0.36,22864.969310441673,-0.001940441674378235,94,6,1,1.0,-1.0,0.0,True,,1.9e-06
25.0,+,95,22955.08166,6,1,1.0,1.0,2.0,0.25,22955.003536798205,0.07812320179436938,95,6,1,1.0,1.0,2.0,True,,1.3e-06
25.0,+,106,24480.2864,6,2,1.0,0.0,1.0,0.64,24480.339686773204,-0.053286773203581106,106,6,2,1.0,0.0,1.0,True,,3.4e-06
25.0,+,108,24567.55226,6,2,1.0,-1.0,0.0,0.25,24567.705186656276,-0.15292665627566748,108,6,2,1.0,-1.0,0.0,True,,1.3e-06
25.0,+,111,24656.43633,6,2,1.0,1.0,2.0,0.25,24656.300132920514,0.1361970794860099,110,6,2,1.0,1.0,2.0,True,,1.3e-06
25.0,+,120,26142.27159,6,3,1.0,0.0,1.0,1.96,26142.307460076077,-0.03587007607711712,120,6,3,1.0,0.0,1.0,True,,1.1e-05
25.0,+,121,26228.27926,6,3,1.0,-1.0,0.0,0.81,26228.313352656787,-0.03409265678783413,121,6,3,1.0,-1.0,0.0,True,,4.4e-06
25.0,+,122,26316.01012,6,3,1.0,1.0,2.0,1.69,26315.93153134279,0.07858865720845642,122,6,3,1.0,1.0,2.0,True,,9.1e-06
25.0,+,132,27758.24037,6,4,1.0,0.0,1.0,0.04,27758.015643482035,0.22472651796488208,132,6,4,1.0,0.0,1.0,True,,2.2e-07
25.0,+,134,27843.64622,6,4,1.0,-1.0,0.0,0.04,27843.954341480105,-0.30812148010591045,135,6,4,1.0,-1.0,0.0,True,,2.2e-07
25.0,+,136,27929.46577,6,4,1.0,1.0,2.0,0.25,27929.444573627603,0.021196372395934304,136,6,4,1.0,1.0,2.0,True,,1.3e-06
25.0,+,146,29322.64334,6,5,1.0,0.0,1.0,0.16,29322.743503784928,-0.10016378492946387,145,6,5,1.0,0.0,1.0,True,,8.6e-07
25.0,+,148,29406.06249,6,5,1.0,-1.0,0.0,0.09,29406.090376158834,-0.0278861588340078,147,6,5,1.0,-1.0,0.0,True,,4.8e-07
25.0,+,150,29490.81274,6,5,1.0,1.0,2.0,0.04,29490.835440734525,-0.022700734523823485,149,6,5,1.0,1.0,2.0,True,,2.2e-07
25.0,+,158,30828.49319,6,6,1.0,0.0,1.0,0.01,30828.181150787546,0.31203921245469246,159,6,6,1.0,0.0,1.0,True,,5.4e-08
25.0,+,160,30911.1474,6,6,1.0,1.0,2.0,0.01,30911.745295863024,-0.5978958630221314,160,6,6,1.0,-1.0,0.0,False,,5.4e-08
25.0,+,162,30993.0565,6,6,1.0,-1.0,0.0,0.01,30992.843531205643,0.21296879435612937,162,6,6,1.0,1.0,2.0,False,,5.4e-08
25.0,+,170,32265.82313,6,7,1.0,0.0,1.0,0.04,32266.052185042852,-0.22905504285154166,170,6,7,1.0,0.0,1.0,True,,2.2e-07
25.0,+,171,32346.45223,6,7,1.0,-1.0,0.0,0.01,32346.14357928921,0.3086507107873331,171,6,7,1.0,-1.0,0.0,True,,5.4e-08
25.0,+,173,32427.04285,6,7,1.0,1.0,2.0,0.01,32427.1379788816,-0.09512888159952126,173,6,7,1.0,1.0,2.0,True,,5.4e-08
25.0,+,181,33627.28703,6,8,1.0,0.0,1.0,0.04,33627.31659319728,-0.029563197284005582,181,6,8,1.0,0.0,1.0,True,,2.2e-07
25.0,+,182,33705.31141,6,8,1.0,-1.0,0.0,0.04,33703.72809463001,1.5833153699932154,182,6,8,1.0,-1.0,0.0,True,,2.2e-07
25.0,+,185,33781.92589,6,8,1.0,1.0,2.0,0.04,33784.1640588176,-2.2381688176028547,183,6,8,1.0,1.0,2.0,True,,2.2e-07
25.0,+,196,34904.99962,6,9,1.0,0.0,1.0,0.0059,34905.06616290444,-0.06654290443839272,193,6,9,1.0,0.0,1.0,True,,3.2e-08
25.0,+,199,34983.15702,6,9,1.0,-1.0,0.0,0.0,34981.247319571325,1.909700428674114,195,6,9,1.0,-1.0,0.0,True,,0.0
25.0,+,200,35057.82174,6,9,1.0,1.0,2.0,0.0059,35057.307587565025,0.514152434974676,198,6,9,1.0,1.0,2.0,True,,3.2e-08
25.0,+,209,36098.90796,6,10,1.0,0.0,1.0,0.0051,36099.12254363487,-0.21458363487181487,206,6,10,1.0,0.0,1.0,True,,2.7e-08
25.0,+,210,36172.39242,6,10,1.0,-1.0,0.0,0.0051,36172.38787856647,0.004541433525446337,208,6,10,1.0,-1.0,0.0,True,,2.7e-08
25.0,+,211,36246.94089,6,10,1.0,1.0,2.0,0.0051,36246.627276321684,0.313613678314141,210,6,10,1.0,1.0,2.0,True,,2.7e-08
25.0,-,2,1583.82819,2,0,-1.0,0.0,-1.0,484.0,1583.826110135858,0.0020798641419332853,2,2,0,-1.0,0.0,-1.0,True,,0.0026
25.0,-,3,1666.09953,2,0,-1.0,1.0,0.0,289.0,1666.094444332226,0.005085667773983005,3,2,0,-1.0,1.0,0.0,True,,0.0016
25.0,-,4,1752.37839,2,0,-1.0,-1.0,-2.0,441.0,1752.383359240658,-0.004969240657828777,4,2,0,-1.0,-1.0,-2.0,True,,0.0024
25.0,-,6,3191.88841,2,1,-1.0,0.0,-1.0,7.84,3191.869937683905,0.01847231609508526,6,2,1,-1.0,0.0,-1.0,True,,4.2e-05
25.0,-,7,3273.31202,2,1,-1.0,1.0,0.0,5.76,3273.295378033472,0.01664196652791361,7,2,1,-1.0,1.0,0.0,True,,3.1e-05
25.0,-,8,3358.77183,2,1,-1.0,-1.0,-2.0,6.76,3358.756328982214,0.01550101778593671,8,2,1,-1.0,-1.0,-2.0,True,,3.6e-05
25.0,-,9,4776.59305,2,2,-1.0,0.0,-1.0,8.41,4776.607470331963,-0.014420331962355704,9,2,2,-1.0,0.0,-1.0,True,,4.5e-05
25.0,-,11,4857.16329,2,2,-1.0,1.0,0.0,4.41,4857.177446066678,-0.014156066677969648,11,2,2,-1.0,1.0,0.0,True,,2.4e-05
25.0,-,12,4941.79726,2,2,-1.0,-1.0,-2.0,5.29,4941.816776558981,-0.01951655898028548,12,2,2,-1.0,-1.0,-2.0,True,,2.8e-05
25.0,-,13,6337.93861,2,3,-1.0,0.0,-1.0,2.25,6337.915265986205,0.023344013795394858,13,2,3,-1.0,0.0,-1.0,True,,1.2e-05
25.0,-,14,6417.63184,2,3,-1.0,1.0,0.0,4.0,6417.615878296461,0.015961703538778238,14,2,3,-1.0,1.0,0.0,True,,2.2e-05
25.0,-,15,6501.45545,2,3,-1.0,-1.0,-2.0,2.56,6501.450160375457,0.00528962454336579,15,2,3,-1.0,-1.0,-2.0,True,,1.4e-05
25.0,-,19,7875.91472,2,4,-1.0,0.0,-1.0,1.44,7875.882229414046,0.03249058595338283,19,2,4,-1.0,0.0,-1.0,True,,7.7e-06
25.0,-,20,7954.68002,2,4,-1.0,1.0,0.0,1.0,7954.684077718304,-0.004057718304466107,20,2,4,-1.0,1.0,0.0,True,,5.4e-06
25.0,-,21,8037.73499,2,4,-1.0,-1.0,-2.0,0.64,8037.74211969556,-0.007129695560252003,21,2,4,-1.0,-1.0,-2.0,True,,3.4e-06
25.0,-,25,9310.85951,3,0,-1.0,0.0,-1.0,961.0,9310.89666257072,-0.037152570719626965,25,3,0,-1.0,0.0,-1.0,True,,0.0052
25.0,-,26,9390.49031,2,5,-1.0,0.0,-1.0,1.21,9390.530313939984,-0.04000393998467189,26,2,5,-1.0,0.0,-1.0,True,,6.5e-06
25.0,-,27,9468.27328,2,5,-1.0,1.0,0.0,0.64,9468.339594545743,-0.06631454574380768,27,2,5,-1.0,1.0,0.0,True,,3.4e-06
25.0,-,28,9550.63353,2,5,-1.0,-1.0,-2.0,0.64,9550.713544686841,-0.0800146868423326,28,2,5,-1.0,-1.0,-2.0,True,,3.4e-06
25.0,-,33,10881.731,2,6,-1.0,0.0,-1.0,1.0,10881.815188656275,-0.08418865627572814,33,2,6,-1.0,0.0,-1.0,True,,5.4e-06
25.0,-,34,10883.82463,3,1,-1.0,0.0,-1.0,8.41,10883.848777566252,-0.02414756625330483,34,3,1,-1.0,0.0,-1.0,True,,4.5e-05
25.0,-,35,10959.03065,2,6,-1.0,1.0,0.0,1.0,10959.069948909795,-0.03929890979452466,35,2,6,-1.0,1.0,0.0,True,,5.4e-06
25.0,-,36,11040.70851,2,6,-1.0,-1.0,-2.0,0.36,11040.317413218614,0.39109678138629533,36,2,6,-1.0,-1.0,-2.0,True,,1.9e-06
25.0,-,40,12349.471,2,7,-1.0,0.0,-1.0,0.01,12349.6859378671,-0.21493786710016138,40,2,7,-1.0,0.0,-1.0,True,,5.4e-08
25.0,-,41,12422.5712,2,7,-1.0,1.0,0.0,0.01,12423.16477921435,-0.5935792143500294,41,2,7,-1.0,1.0,0.0,True,,5.4e-08
25.0,-,42,12432.50524,3,2,-1.0,0.0,-1.0,5.29,12432.550243946356,-0.04500394635579141,42,3,2,-1.0,0.0,-1.0,True,,2.8e-05
25.0,-,43,12505.88146,2,7,-1.0,-1.0,-2.0,0.01,12506.49083045344,-0.6093704534396238,43,2,7,-1.0,-1.0,-2.0,True,,5.4e-08
25.0,-,49,13794.27037,2,8,-1.0,0.0,-1.0,0.25,13794.143075404687,0.12729459531328757,49,2,8,-1.0,0.0,-1.0,True,,1.3e-06
25.0,-,50,13868.94489,2,8,-1.0,1.0,0.0,0.25,13869.123258516447,-0.17836851644642593,50,2,8,-1.0,1.0,0.0,True,,1.3e-06
25.0,-,51,13950.16653,2,8,-1.0,-1.0,-2.0,0.36,13949.27312928175,0.893400718250632,51,2,8,-1.0,-1.0,-2.0,True,,1.9e-06
25.0,-,52,13956.8612,3,3,-1.0,0.0,-1.0,1.96,13956.915608913547,-0.05440891354737687,52,3,3,-1.0,0.0,-1.0,True,,1.1e-05
25.0,-,58,15215.23571,2,9,-1.0,0.0,-1.0,0.0059,15215.208807386864,0.02690261313728115,58,2,9,-1.0,0.0,-1.0,True,,3.2e-08
25.0,-,59,15290.22462,2,9,-1.0,1.0,0.0,0.0059,15290.207405719959,0.017214280042026076,59,2,9,-1.0,1.0,0.0,True,,3.2e-08
25.0,-,60,15366.92464,2,9,-1.0,-1.0,-2.0,0.0059,15368.647904429645,-1.7232644296454964,60,2,9,-1.0,-1.0,-2.0,True,,3.2e-08
25.0,-,62,15456.81733,3,4,-1.0,0.0,-1.0,1.96,15456.89621517271,-0.07888517271021556,62,3,4,-1.0,0.0,-1.0,True,,1.1e-05
25.0,-,74,16932.26357,3,5,-1.0,0.0,-1.0,0.09,16932.437289098718,-0.1737190987187205,74,3,5,-1.0,0.0,-1.0,True,,4.8e-07
25.0,-,83,18383.12712,3,6,-1.0,0.0,-1.0,0.04,18383.35331484114,-0.22619484113965882,83,3,6,-1.0,0.0,-1.0,True,,2.2e-07
26.0,+,1,1267.92832,1,0,0.0,0.0,0.0,400.0,1267.93146005046,-0.0031400504599332635,1,1,0,0.0,0.0,0.0,True,,0.0022
26.0,+,5,3082.61141,1,1,0.0,0.0,0.0,84.84,3082.61141923347,-9.233469882019563e-06,5,1,1,0.0,0.0,0.0,True,,0.00046
26.0,+,10,4868.76958,1,2,0.0,0.0,0.0,7.29,4868.858260226458,-0.0886802264576545,10,1,2,0.0,0.0,0.0,True,,3.9e-05
26.0,+,16,6625.42946,1,3,0.0,0.0,0.0,1.69,6625.609336985353,-0.17987698535307572,16,1,3,0.0,0.0,0.0,True,,9.1e-06
26.0,+,17,7213.4991,4,0,0.0,1.0,1.0,324.0,7213.564924657781,-0.06582465778137703,17,4,0,0.0,1.0,1.0,True,,0.0017
26.0,+,18,7370.63613,4,0,0.0,0.0,0.0,121.0,7370.626373228381,0.00975677161841304,18,4,0,0.0,0.0,0.0,True,,0.00065
26.0,+,22,8351.35141,1,4,0.0,0.0,0.0,0.49,8351.64304834428,-0.2916383442807273,22,1,4,0.0,0.0,0.0,True,,2.6e-06
26.0,+,23,8651.02776,4,1,0.0,1.0,1.0,1.69,8651.07097796003,-0.04321796002841438,23,4,1,0.0,1.0,1.0,True,,9.1e-06
26.0,+,24,8806.43214,4,1,0.0,0.0,0.0,1.96,8806.392469661903,0.039670338097494096,24,4,1,0.0,0.0,0.0,True,,1.1e-05
26.0,+,29,10044.76437,1,5,0.0,0.0,0.0,0.04,10045.283539841246,-0.5191698412454571,29,1,5,0.0,0.0,0.0,True,,2.2e-07
26.0,+,30,10066.45498,4,2,0.0,1.0,1.0,2.89,10066.5056105492,-0.050630549199922825,30,4,2,0.0,1.0,1.0,True,,1.6e-05
26.0,+,31,10220.05724,4,2,0.0,0.0,0.0,2.25,10220.041871030407,0.015368969592600479,31,4,2,0.0,0.0,0.0,True,,1.2e-05
26.0,+,37,11459.59156,4,3,0.0,1.0,1.0,1.96,11459.696725780925,-0.10516578092392592,37,4,3,0.0,1.0,1.0,True,,1.1e-05
26.0,+,38,11611.54742,4,3,0.0,0.0,0.0,2.25,11611.542632456294,0.004787543706697761,38,4,3,0.0,0.0,0.0,True,,1.2e-05
26.0,+,39,11703.78305,1,6,0.0,0.0,0.0,0.01,11704.486683745783,-0.7036337457830086,39,1,6,0.0,0.0,0.0,True,,5.4e-08
26.0,+,45,12830.80465,4,4,0.0,1.0,1.0,1.44,12830.898051178521,-0.09340117852116236,45,4,4,0.0,1.0,1.0,True,,7.7e-06
26.0,+,46,12877.58289,7,0,2.0,0.0,2.0,16.0,12877.574585022578,0.008304977422085358,46,7,0,2.0,0.0,2.0,True,,8.6e-05
26.0,+,47,12981.03094,4,4,0.0,0.0,0.0,2.25,12981.00952376882,0.02141623118041025,47,4,4,0.0,0.0,0.0,True,,1.2e-05
26.0,+,53,14180.08754,4,5,0.0,1.0,1.0,1.96,14180.155545359043,-0.0680053590422176,53,4,5,0.0,1.0,1.0,True,,1.1e-05
26.0,+,54,14250.28972,7,1,2.0,0.0,2.0,0.09,14250.252003535375,0.03771646462519129,54,7,1,2.0,0.0,2.0,True,,4.8e-07
26.0,+,55,14328.57554,4,5,0.0,0.0,0.0,1.96,14328.530723205413,0.04481679458694998,55,4,5,0.0,0.0,0.0,True,,1.1e-05
26.0,+,61,15507.63075,4,6,0.0,1.0,1.0,0.36,15507.584054290748,0.04669570925216249,61,4,6,0.0,1.0,1.0,True,,1.9e-06
26.0,+,63,15600.10858,7,2,2.0,0.0,2.0,0.36,15600.072342278332,0.0362377216679306,63,7,2,2.0,0.0,2.0,True,,1.9e-06
26.0,+,64,15654.26029,4,6,0.0,0.0,0.0,0.49,15654.223639909675,0.03665009032556554,64,4,6,0.0,0.0,0.0,True,,2.6e-06
26.0,+,65,16228.91893,8,0,0.0,0.0,0.0,36.0,16228.925818649752,-0.006888649751999765,65,8,0,0.0,0.0,0.0,True,,0.00019
26.0,+,70,16813.16356,4,7,0.0,1.0,1.0,0.25,16813.305160847878,-0.141600847877271,70,4,7,0.0,1.0,1.0,True,,1.3e-06
26.0,+,72,16927.0988,7,3,2.0,0.0,2.0,0.49,16927.05372640634,0.045073593661072664,72,7,3,2.0,0.0,2.0,True,,2.6e-06
26.0,+,73,16958.16033,4,7,0.0,0.0,0.0,0.16,16958.209752798473,-0.04942279847455211,73,4,7,0.0,0.0,0.0,True,,8.6e-07
26.0,+,75,17642.11691,8,1,0.0,0.0,0.0,0.36,17642.01397894986,0.10293105013988679,75,8,1,0.0,0.0,0.0,True,,1.9e-06
26.0,+,78,18097.15513,4,8,0.0,1.0,1.0,0.04,18097.435738508095,-0.2806085080956109,78,4,8,0.0,1.0,1.0,True,,2.2e-07
26.0,+,81,18231.32815,7,4,2.0,0.0,2.0,0.49,18231.289502480242,0.038647519759251736,81,7,4,2.0,0.0,2.0,True,,2.6e-06
26.0,+,82,18240.46665,4,8,0.0,0.0,0.0,0.01,18240.605646922955,-0.1389969229567214,82,4,8,0.0,0.0,0.0,True,,5.4e-08
26.0,+,85,19055.51331,8,2,0.0,0.0,0.0,0.09,19055.82529349569,-0.31198349569240236,85,8,2,0.0,0.0,0.0,True,,4.8e-07
26.0,+,91,19512.8464,7,5,2.0,0.0,2.0,0.09,19512.851094336645,-0.004694336646934971,91,7,5,2.0,0.0,2.0,True,,4.8e-07
26.0,+,100,20771.74031,7,6,2.0,0.0,2.0,0.25,20771.751994063077,-0.011684063076245366,100,7,6,2.0,0.0,2.0,True,,1.3e-06
26.0,+,103,21122.44501,6,0,1.0,0.0,1.0,144.0,21122.38174657843,0.06326342156899045,103,6,0,1.0,0.0,1.0,True,,0.00077
26.0,+,104,21213.69437,6,0,1.0,-1.0,0.0,81.0,21213.68291843796,0.011451562040747376,104,6,0,1.0,-1.0,0.0,True,,0.00044
26.0,+,106,21309.32722,6,0,1.0,1.0,2.0,144.0,21309.449764246878,-0.12254424687853316,106,6,0,1.0,1.0,2.0,True,,0.00077
26.0,+,111,22008.06936,7,7,2.0,0.0,2.0,0.25,22008.077943513672,-0.00858351367060095,111,7,7,2.0,0.0,2.0,True,,1.3e-06
26.0,+,117,22862.88915,6,1,1.0,0.0,1.0,0.09,22862.8525365415,0.03661345849832287,117,6,1,1.0,0.0,1.0,True,,4.8e-07
26.0,+,118,22953.11986,6,1,1.0,-1.0,0.0,0.36,22953.051308494567,0.06855150543196942,118,6,1,1.0,-1.0,0.0,True,,1.9e-06
26.0,+,120,23047.65869,6,1,1.0,1.0,2.0,0.16,23047.65146326051,0.007226739489851752,120,6,1,1.0,1.0,2.0,True,,8.6e-07
26.0,+,134,24565.58714,6,2,1.0,0.0,1.0,0.09,24565.55409966605,0.03304033395033912,134,6,2,1.0,0.0,1.0,True,,4.8e-07
26.0,+,138,24654.4416,6,2,1.0,-1.0,0.0,0.16,24654.5196053301,-0.07800533010231447,137,6,2,1.0,-1.0,0.0,True,,8.6e-07
26.0,+,140,24747.96006,6,2,1.0,1.0,2.0,0.16,24748.133972622607,-0.17391262260571239,140,6,2,1.0,1.0,2.0,True,,8.6e-07
26.0,+,151,26226.30708,6,3,1.0,0.0,1.0,1.44,26226.2469200807,0.060159919299621833,151,6,3,1.0,0.0,1.0,True,,7.7e-06
26.0,+,152,26314.11893,6,3,1.0,-1.0,0.0,0.64,26314.060574966577,0.05835503342314041,152,6,3,1.0,-1.0,0.0,True,,3.4e-06
26.0,+,153,26406.15897,6,3,1.0,1.0,2.0,0.81,26406.208349511056,-0.04937951105603133,153,6,3,1.0,1.0,2.0,True,,4.4e-06
26.0,+,167,27841.82086,6,4,1.0,0.0,1.0,0.01,27840.355416595034,1.4654434049662086,167,6,4,1.0,0.0,1.0,True,,5.4e-08
26.0,+,170,27927.69314,6,4,1.0,-1.0,0.0,0.04,27927.758388419825,-0.065248419825366,170,6,4,1.0,-1.0,0.0,True,,2.2e-07
26.0,+,171,28018.56639,6,4,1.0,1.0,2.0,0.01,28019.09147854505,-0.5250885450514033,171,6,4,1.0,1.0,2.0,True,,5.4e-08
26.0,+,183,29404.06513,6,5,1.0,0.0,1.0,0.16,29404.08946733756,-0.024337337559700245,182,6,5,1.0,0.0,1.0,True,,8.6e-07
26.0,+,185,29489.08152,6,5,1.0,-1.0,0.0,0.0,29489.06478239928,0.016737600719352486,184,6,5,1.0,-1.0,0.0,True,,0.0
26.0,+,188,29578.19664,6,5,1.0,1.0,2.0,0.0,29578.298285886704,-0.1016458867052279,186,6,5,1.0,1.0,2.0,True,,0.0
26.0,+,200,30909.6574,6,6,1.0,0.0,1.0,0.0,30909.674129147443,-0.01672914744267473,200,6,6,1.0,0.0,1.0,True,,0.0
26.0,+,201,30991.41216,6,6,1.0,-1.0,0.0,0.0,30991.198614938494,0.21354506150601082,203,6,6,1.0,-1.0,0.0,True,,0.0
26.0,+,205,31079.59883,6,6,1.0,1.0,2.0,0.0,31080.937231465035,-1.3384014650364406,205,6,6,1.0,1.0,2.0,True,,0.0
26.0,+,216,32344.34083,6,7,1.0,0.0,1.0,0.04,32344.233273437323,0.10755656267792801,215,6,7,1.0,0.0,1.0,True,,2.2e-07
26.0,+,217,32425.52956,6,7,1.0,-1.0,0.0,0.01,32425.522888076743,0.006671923256362788,216,6,7,1.0,-1.0,0.0,True,,5.4e-08
26.0,+,218,32510.98441,6,7,1.0,1.0,2.0,0.01,32511.222266745954,-0.2378567459527403,218,6,7,1.0,1.0,2.0,True,,5.4e-08
26.0,+,229,33703.505,6,8,1.0,0.0,1.0,0.04,33702.06353594855,1.4414640514441999,229,6,8,1.0,0.0,1.0,True,,2.2e-07
26.0,+,231,33782.94465,6,8,1.0,1.0,2.0,0.0,33782.63092936087,0.3137206391256768,230,6,8,1.0,-1.0,0.0,False,,0.0
26.0,+,233,33863.64052,6,8,1.0,-1.0,0.0,0.04,33863.17357758632,0.4669424136809539,232,6,8,1.0,1.0,2.0,False,,2.2e-07
26.0,+,247,34980.66836,6,9,1.0,0.0,1.0,0.0,34979.832273429085,0.836086570918269,244,6,9,1.0,0.0,1.0,True,,0.0
26.0,+,250,35056.1849,6,9,1.0,-1.0,0.0,0.0,35055.9497919462,0.23510805379919475,248,6,9,1.0,-1.0,0.0,True,,0.0
26.0,+,252,35138.95853,6,9,1.0,1.0,2.0,0.0,35137.74852443417,1.2100055658302153,250,6,9,1.0,1.0,2.0,True,,0.0
26.0,+,263,36170.91572,6,10,1.0,0.0,1.0,0.0051,36170.715899709074,0.19982029092352604,260,6,10,1.0,0.0,1.0,True,,2.7e-08
26.0,+,264,36245.47863,6,10,1.0,-1.0,0.0,0.0051,36245.29927655406,0.17935344593570335,262,6,10,1.0,-1.0,0.0,True,,2.7e-08
26.0,+,265,36321.02964,6,10,1.0,1.0,2.0,0.0051,36323.523426128675,-2.493786128674401,265,6,10,1.0,1.0,2.0,True,,2.7e-08
26.0,-,1,1664.55848,2,0,-1.0,0.0,-1.0,361.0,1664.550242243407,0.008237756592961887,1,2,0,-1.0,0.0,-1.0,True,,0.0019
26.0,-,2,1751.0425,2,0,-1.0,1.0,0.0,484.0,1751.047640532414,-0.005140532414088739,2,2,0,-1.0,1.0,0.0,True,,0.0026
26.0,-,3,1839.68836,2,0,-1.0,-1.0,-2.0,256.0,1839.684084707232,0.004275292768170402,3,2,0,-1.0,-1.0,-2.0,True,,0.0014
26.0,-,4,3271.74603,2,1,-1.0,0.0,-1.0,5.76,3271.739464979618,0.0065650203819132,4,2,1,-1.0,0.0,-1.0,True,,3.1e-05
26.0,-,5,3357.42251,2,1,-1.0,1.0,0.0,9.0,3357.407143563722,0.015366436277872708,5,2,1,-1.0,1.0,0.0,True,,4.8e-05
26.0,-,6,3445.15628,2,1,-1.0,-1.0,-2.0,4.0,3445.113230356681,0.04304964331913652,6,2,1,-1.0,-1.0,-2.0,True,,2.2e-05
26.0,-,7,4855.57613,2,2,-1.0,0.0,-1.0,4.41,4855.61045847717,-0.03432847716976539,7,2,2,-1.0,0.0,-1.0,True,,2.4e-05
26.0,-,8,4940.43348,2,2,-1.0,1.0,0.0,6.76,4940.452896562564,-0.01941656256440183,8,2,2,-1.0,1.0,0.0,True,,3.6e-05
26.0,-,9,5027.24838,2,2,-1.0,-1.0,-2.0,4.0,5027.211915714812,0.03646428518823086,9,2,2,-1.0,-1.0,-2.0,True,,2.2e-05
26.0,-,10,6416.02202,2,3,-1.0,0.0,-1.0,2.56,6416.039774495038,-0.0177544950374795,10,2,3,-1.0,0.0,-1.0,True,,1.4e-05
26.0,-,11,6500.07687,2,3,-1.0,1.0,0.0,2.56,6500.070378259658,0.006491740341516561,11,2,3,-1.0,1.0,0.0,True,,1.4e-05
26.0,-,12,6585.95362,2,3,-1.0,-1.0,-2.0,2.25,6585.862649935289,0.09097006471165514,12,2,3,-1.0,-1.0,-2.0,True,,1.2e-05
26.0,-,14,7953.04023,2,4,-1.0,0.0,-1.0,1.21,7953.103956717232,-0.06372671723238454,14,2,4,-1.0,0.0,-1.0,True,,6.5e-06
26.0,-,15,8036.45936,2,4,-1.0,1.0,0.0,0.64,8036.345190608494,0.11416939150603866,15,2,4,-1.0,1.0,0.0,True,,3.4e-06
26.0,-,16,8121.21002,2,4,-1.0,-1.0,-2.0,0.81,8121.130664575123,0.0793554248775763,16,2,4,-1.0,-1.0,-2.0,True,,4.4e-06
26.0,-,18,9394.15318,3,0,-1.0,0.0,-1.0,484.0,9394.059545566779,0.09363443322035891,18,3,0,-1.0,0.0,-1.0,True,,0.0026
26.0,-,19,9466.55319,2,5,-1.0,0.0,-1.0,0.64,9466.774781845394,-0.22159184539304988,19,2,5,-1.0,0.0,-1.0,True,,3.4e-06
26.0,-,20,9549.2074,2,5,-1.0,1.0,0.0,0.64,9549.29800503283,-0.0906050328303536,20,2,5,-1.0,1.0,0.0,True,,3.4e-06
26.0,-,21,9633.0395,2,5,-1.0,-1.0,-2.0,0.64,9632.95304596304,0.08645403696027643,21,2,5,-1.0,-1.0,-2.0,True,,3.4e-06
26.0,-,25,10957.38029,2,6,-1.0,0.0,-1.0,0.49,10957.422529578633,-0.042239578633598285,25,2,6,-1.0,0.0,-1.0,True,,2.6e-06
26.0,-,26,10966.22978,3,1,-1.0,0.0,-1.0,3.61,10966.125222542121,0.10455745787839987,26,3,1,-1.0,0.0,-1.0,True,,1.9e-05
26.0,-,27,11038.84023,2,6,-1.0,1.0,0.0,0.25,11038.885063859247,-0.04483385924686445,27,2,6,-1.0,1.0,0.0,True,,1.3e-06
26.0,-,28,11122.04885,2,6,-1.0,-1.0,-2.0,0.36,11122.049815291683,-0.0009652916833147174,28,2,6,-1.0,-1.0,-2.0,True,,1.9e-06
26.0,-,32,12514.019,3,2,-1.0,0.0,-1.0,1.96,12513.928664287485,0.09033571251529793,32,3,2,-1.0,0.0,-1.0,True,,1.1e-05
26.0,-,34,12584.56812,2,7,-1.0,-1.0,-2.0,0.01,12584.13864664188,0.42947335811913945,34,2,7,-1.0,-1.0,-2.0,True,,5.4e-08
26.0,-,38,13867.05662,2,8,-1.0,0.0,-1.0,0.16,13867.56327260398,-0.5066526039809105,38,2,8,-1.0,0.0,-1.0,True,,8.6e-07
26.0,-,39,13949.44102,2,8,-1.0,1.0,0.0,0.01,13947.796917756035,1.6441022439648805,39,2,8,-1.0,1.0,0.0,True,,5.4e-08
26.0,-,40,14028.62174,2,8,-1.0,-1.0,-2.0,0.16,14028.302083505823,0.31965649417725217,40,2,8,-1.0,-1.0,-2.0,True,,8.6e-07
26.0,-,41,14037.47841,3,3,-1.0,0.0,-1.0,0.49,14037.402868574882,0.07554142511799,41,3,3,-1.0,0.0,-1.0,True,,2.6e-06
26.0,-,46,15288.55795,2,9,-1.0,0.0,-1.0,0.0059,15288.434613804475,0.1233361955255532,46,2,9,-1.0,0.0,-1.0,True,,3.2e-08
26.0,-,47,15367.04942,2,9,-1.0,1.0,0.0,0.0059,15367.155301614512,-0.10588161451232736,47,2,9,-1.0,1.0,0.0,True,,3.2e-08
26.0,-,48,15447.93789,2,9,-1.0,-1.0,-2.0,0.0033,15447.926459397366,0.011430602633481612,48,2,9,-1.0,-1.0,-2.0,True,,1.8e-08
26.0,-,49,15536.52745,3,4,-1.0,0.0,-1.0,0.81,15536.486416565485,0.04103343451424735,49,3,4,-1.0,0.0,-1.0,True,,4.4e-06
26.0,-,59,17011.05957,3,5,-1.0,0.0,-1.0,0.04,17011.127285169623,-0.06771516962180613,59,3,5,-1.0,0.0,-1.0,True,,2.2e-07
27.0,+,13,7370.74344,4,0,0.0,1.0,1.0,289.0,7370.629405421601,0.11403457839878683,13,4,0,0.0,1.0,1.0,True,,0.0016
27.0,+,17,8806.53798,4,1,0.0,1.0,1.0,2.25,8806.397752945895,0.1402270541038888,17,4,1,0.0,1.0,1.0,True,,1.2e-05
27.0,+,22,10220.14857,4,2,0.0,1.0,1.0,2.25,10220.048342833707,0.10022716629282513,22,4,2,0.0,1.0,1.0,True,,1.2e-05
27.0,+,29,11611.65408,4,3,0.0,1.0,1.0,2.89,11611.563378657382,0.09070134261855856,29,4,3,0.0,1.0,1.0,True,,1.6e-05
27.0,+,36,12955.67189,7,0,2.0,0.0,2.0,16.0,12955.661497950234,0.01039204976586916,36,7,0,2.0,0.0,2.0,True,,8.6e-05
27.0,+,37,12981.13124,4,4,0.0,1.0,1.0,2.25,12981.029441237924,0.10179876207621419,37,4,4,0.0,1.0,1.0,True,,1.2e-05
27.0,+,42,14327.46606,7,1,2.0,0.0,2.0,0.16,14327.4240582995,0.04200170049989538,42,7,1,2.0,0.0,2.0,True,,8.6e-07
27.0,+,43,14328.6701,4,5,0.0,1.0,1.0,1.44,14328.554217942894,0.11588205710540933,43,4,5,0.0,1.0,1.0,True,,7.7e-06
27.0,+,50,15654.35127,4,6,0.0,1.0,1.0,0.64,15654.251249768744,0.10002023125525739,50,4,6,0.0,1.0,1.0,True,,3.4e-06
27.0,+,51,15676.36815,7,2,2.0,0.0,2.0,0.36,15676.32992900031,0.03822099968965631,51,7,2,2.0,0.0,2.0,True,,1.9e-06
27.0,+,57,16958.32043,4,7,0.0,1.0,1.0,0.16,16958.241669605093,0.07876039490656694,57,4,7,0.0,1.0,1.0,True,,8.6e-07
27.0,+,58,17002.44928,7,3,2.0,0.0,2.0,0.49,17002.397731342477,0.05154865752410842,58,7,3,2.0,0.0,2.0,True,,2.6e-06
27.0,+,62,18240.56426,4,8,0.0,1.0,1.0,0.01,18240.642013709607,-0.07775370960735017,62,4,8,0.0,1.0,1.0,True,,5.4e-08
27.0,+,64,18305.75558,7,4,2.0,0.0,2.0,0.25,18305.7197331019,0.035846898099407554,64,7,4,2.0,0.0,2.0,True,,1.3e-06
27.0,+,71,19586.36789,7,5,2.0,0.0,2.0,0.09,19586.36686075345,0.0010292465522070415,71,7,5,2.0,0.0,2.0,True,,4.8e-07
27.0,+,78,20844.33002,7,6,2.0,0.0,2.0,0.04,20844.353275838406,-0.023255838405020768,78,7,6,2.0,0.0,2.0,True,,2.2e-07
27.0,+,81,21212.41822,6,0,1.0,0.0,1.0,100.0,21212.449697776334,-0.03147777633421356,81,6,0,1.0,0.0,1.0,True,,0.00054
27.0,+,82,21308.51338,6,0,1.0,-1.0,0.0,144.0,21308.566102558143,-0.052722558142704656,82,6,0,1.0,-1.0,0.0,True,,0.00077
27.0,+,84,21406.38749,6,0,1.0,1.0,2.0,144.0,21406.336705555033,0.05078444496757584,84,6,0,1.0,1.0,2.0,True,,0.00077
27.0,+,86,22079.74509,7,7,2.0,0.0,2.0,0.04,22079.75968808032,-0.014598080320865847,86,7,7,2.0,0.0,2.0,True,,2.2e-07
27.0,+,93,22951.86207,6,1,1.0,0.0,1.0,0.49,22951.869537010913,-0.0074670109133876394,93,6,1,1.0,0.0,1.0,True,,2.6e-06
27.0,+,94,23046.81496,6,1,1.0,-1.0,0.0,0.16,23046.788928723214,0.02603127678594319,94,6,1,1.0,-1.0,0.0,True,,8.6e-07
27.0,+,95,23143.53299,6,1,1.0,1.0,2.0,0.36,23143.45593685002,0.07705314998020185,95,6,1,1.0,1.0,2.0,True,,1.9e-06
27.0,+,107,24653.20282,6,2,1.0,0.0,1.0,0.25,24653.271417788,-0.06859778800208005,106,6,2,1.0,0.0,1.0,True,,1.3e-06
27.0,+,109,24747.16447,6,2,1.0,-1.0,0.0,0.36,24747.29636691637,-0.1318969163694419,109,6,2,1.0,-1.0,0.0,True,,1.9e-06
27.0,+,111,24842.55675,6,2,1.0,1.0,2.0,0.09,24842.38941450849,0.16733549151103944,111,6,2,1.0,1.0,2.0,True,,4.8e-07
27.0,+,120,26312.88715,6,3,1.0,0.0,1.0,0.36,26312.913207766716,-0.026057766717713093,120,6,3,1.0,0.0,1.0,True,,1.9e-06
27.0,+,121,26405.46312,6,3,1.0,-1.0,0.0,0.25,26405.394329006587,0.06879099341313122,121,6,3,1.0,-1.0,0.0,True,,1.3e-06
27.0,+,122,26499.54774,6,3,1.0,1.0,2.0,0.49,26499.483998126292,0.06374187370965956,122,6,3,1.0,1.0,2.0,True,,2.6e-06
27.0,+,133,27926.58567,6,4,1.0,0.0,1.0,0.01,27927.274351216372,-0.6886812163720606,133,6,4,1.0,0.0,1.0,True,,5.4e-08
27.0,+,135,28018.02892,6,4,1.0,-1.0,0.0,0.01,28018.361451551784,-0.33253155178317684,135,6,4,1.0,-1.0,0.0,True,,5.4e-08
27.0,+,136,28110.28418,6,4,1.0,1.0,2.0,0.04,28110.238548343532,0.04563165646686684,136,6,4,1.0,1.0,2.0,True,,2.2e-07
27.0,+,145,29487.86234,6,5,1.0,0.0,1.0,0.09,29487.986950809965,-0.12461080996581586,144,6,5,1.0,0.0,1.0,True,,4.8e-07
27.0,+,148,29577.56724,6,5,1.0,-1.0,0.0,0.16,29577.582687316873,-0.015447316873178352,147,6,5,1.0,-1.0,0.0,True,,8.6e-07
27.0,+,150,29668.58409,6,5,1.0,1.0,2.0,0.04,29668.5883344594,-0.0042444594000699,149,6,5,1.0,1.0,2.0,True,,2.2e-07
27.0,+,158,30990.20777,6,6,1.0,0.0,1.0,0.04,30990.203048585918,0.004721414083178388,159,6,6,1.0,0.0,1.0,True,,2.2e-07
27.0,+,160,31079.1661,6,6,1.0,1.0,2.0,0.01,31079.59605270988,-0.42995270988103584,160,6,6,1.0,-1.0,0.0,False,,5.4e-08
27.0,+,163,31167.4415,6,6,1.0,-1.0,0.0,0.01,31167.37726740799,0.0642325920125586,163,6,6,1.0,1.0,2.0,False,,5.4e-08
27.0,+,170,32424.40655,6,7,1.0,0.0,1.0,0.01,32424.53552719412,-0.1289771941192157,170,6,7,1.0,0.0,1.0,True,,5.4e-08
27.0,+,171,32510.67692,6,7,1.0,-1.0,0.0,0.01,32510.6144015172,0.06251848280226113,171,6,7,1.0,-1.0,0.0,True,,5.4e-08
27.0,+,173,32597.56494,6,7,1.0,1.0,2.0,0.01,32597.568770212016,-0.0038302120156004094,173,6,7,1.0,1.0,2.0,True,,5.4e-08
27.0,+,181,33781.56555,6,8,1.0,0.0,1.0,0.01,33781.72101431422,-0.15546431422262685,181,6,8,1.0,0.0,1.0,True,,5.4e-08
27.0,+,183,33863.98792,6,8,1.0,-1.0,0.0,0.01,33862.918895668336,1.069024331663968,182,6,8,1.0,-1.0,0.0,True,,5.4e-08
27.0,+,196,35055.09462,6,9,1.0,0.0,1.0,0.0059,35055.00219489621,0.09242510379408486,193,6,9,1.0,0.0,1.0,True,,3.2e-08
27.0,+,199,35139.17902,6,9,1.0,-1.0,0.0,0.0059,35137.248544384456,1.9304756155470386,196,6,9,1.0,-1.0,0.0,True,,3.2e-08
27.0,+,200,35219.38074,6,9,1.0,1.0,2.0,0.0059,35218.48998104769,0.8907589523078059,198,6,9,1.0,1.0,2.0,True,,3.2e-08
27.0,+,209,36244.23796,6,10,1.0,0.0,1.0,0.0051,36244.50585425828,-0.2678942582788295,207,6,10,1.0,0.0,1.0,True,,2.7e-08
27.0,+,210,36323.29442,6,10,1.0,-1.0,0.0,0.0051,36323.18755600582,0.10686399418045767,209,6,10,1.0,-1.0,0.0,True,,2.7e-08
27.0,+,211,36403.40089,6,10,1.0,1.0,2.0,0.0028,36402.89125813173,0.5096318682699348,211,6,10,1.0,1.0,2.0,True,,1.5e-08
27.0,-,2,1748.79614,2,0,-1.0,0.0,-1.0,676.0,1748.798056626762,-0.001916626762067608,2,2,0,-1.0,0.0,-1.0,True,,0.0036
27.0,-,3,1837.23888,2,0,-1.0,1.0,0.0,289.0,1837.233474089239,0.005405910761055566,3,2,0,-1.0,1.0,0.0,True,,0.0016
27.0,-,4,1929.84539,2,0,-1.0,-1.0,-2.0,324.0,1929.850123762785,-0.004733762785008366,4,2,0,-1.0,-1.0,-2.0,True,,0.0017
27.0,-,6,3355.16752,2,1,-1.0,0.0,-1.0,7.84,3355.148954633558,0.018565366442089726,6,2,1,-1.0,0.0,-1.0,True,,4.2e-05
27.0,-,7,3442.68964,2,1,-1.0,1.0,0.0,4.0,3442.669911345635,0.019728654365280818,7,2,1,-1.0,1.0,0.0,True,,2.2e-05
27.0,-,8,3534.41143,2,1,-1.0,-1.0,-2.0,6.76,3534.395921724965,0.015508275035244878,8,2,1,-1.0,-1.0,-2.0,True,,3.6e-05
27.0,-,9,4938.17383,2,2,-1.0,0.0,-1.0,7.29,4938.185036784971,-0.011206784971363959,9,2,2,-1.0,0.0,-1.0,True,,3.9e-05
27.0,-,11,5024.77247,2,2,-1.0,1.0,0.0,3.24,5024.777149263507,-0.004679263507568976,11,2,2,-1.0,1.0,0.0,True,,1.7e-05
27.0,-,12,5115.59968,2,2,-1.0,-1.0,-2.0,4.84,5115.619744903081,-0.020064903080310614,12,2,2,-1.0,-1.0,-2.0,True,,2.6e-05
27.0,-,13,6497.95486,2,3,-1.0,0.0,-1.0,2.89,6497.791819984866,0.163040015133447,13,2,3,-1.0,0.0,-1.0,True,,1.6e-05
27.0,-,14,6583.46343,2,3,-1.0,1.0,0.0,2.89,6583.439103477761,0.02432652223887999,14,2,3,-1.0,1.0,0.0,True,,1.6e-05
27.0,-,15,6673.43439,2,3,-1.0,-1.0,-2.0,1.69,6673.416830880834,0.017559119166435266,15,2,3,-1.0,-1.0,-2.0,True,,9.1e-06
27.0,-,19,8034.07098,2,4,-1.0,0.0,-1.0,1.21,8034.05502110616,0.01595889384043403,19,2,4,-1.0,0.0,-1.0,True,,6.5e-06
27.0,-,20,8118.74991,2,4,-1.0,1.0,0.0,1.0,8118.724342246662,0.025567753338691546,20,2,4,-1.0,1.0,0.0,True,,5.4e-06
27.0,-,21,8207.86529,2,4,-1.0,-1.0,-2.0,0.81,8207.869321921471,-0.004031921471323585,21,2,4,-1.0,-1.0,-2.0,True,,4.4e-06
27.0,-,25,9480.33807,3,0,-1.0,0.0,-1.0,961.0,9480.383685452161,-0.04561545216165541,25,3,0,-1.0,0.0,-1.0,True,,0.0052
27.0,-,26,9546.94849,2,5,-1.0,0.0,-1.0,0.81,9546.995596006536,-0.04710600653561414,26,2,5,-1.0,0.0,-1.0,True,,4.4e-06
27.0,-,27,9630.48503,2,5,-1.0,1.0,0.0,0.64,9630.584746769653,-0.0997167696532415,27,2,5,-1.0,1.0,0.0,True,,3.4e-06
27.0,-,28,9718.91483,2,5,-1.0,-1.0,-2.0,0.49,9718.996980919448,-0.08215091944839514,28,2,5,-1.0,-1.0,-2.0,True,,2.6e-06
27.0,-,33,11036.46266,2,6,-1.0,0.0,-1.0,0.49,11036.56760537506,-0.10494537506019697,33,2,6,-1.0,0.0,-1.0,True,,2.6e-06
27.0,-,34,11051.49426,3,1,-1.0,0.0,-1.0,8.41,11051.525167248012,-0.030907248012226773,34,3,1,-1.0,0.0,-1.0,True,,4.5e-05
27.0,-,35,11119.60156,2,6,-1.0,1.0,0.0,0.25,11119.607349260488,-0.005789260489109438,35,2,6,-1.0,1.0,0.0,True,,1.3e-06
27.0,-,36,11206.56741,2,6,-1.0,-1.0,-2.0,0.49,11206.750999676544,-0.18358967654421576,36,2,6,-1.0,-1.0,-2.0,True,,2.6e-06
27.0,-,42,12598.35971,3,2,-1.0,0.0,-1.0,3.61,12598.403413231628,-0.04370323162765999,42,3,2,-1.0,0.0,-1.0,True,,1.9e-05
27.0,-,49,13945.80537,2,8,-1.0,0.0,-1.0,0.16,13945.45192830133,0.35344169866948505,49,2,8,-1.0,0.0,-1.0,True,,8.6e-07
27.0,-,50,14025.8239,2,8,-1.0,1.0,0.0,0.16,14026.000122750018,-0.1762227500184963,50,2,8,-1.0,1.0,0.0,True,,8.6e-07
27.0,-,51,14113.03953,2,8,-1.0,-1.0,-2.0,0.16,14111.987711263957,1.0518187360430602,51,2,8,-1.0,-1.0,-2.0,True,,8.6e-07
27.0,-,52,14120.88723,3,3,-1.0,0.0,-1.0,1.0,14120.94759955327,-0.06036955326999305,52,3,3,-1.0,0.0,-1.0,True,,5.4e-06
27.0,-,58,15364.79372,2,9,-1.0,0.0,-1.0,0.0059,15364.79013348678,0.003586513219488552,58,2,9,-1.0,0.0,-1.0,True,,3.2e-08
27.0,-,59,15445.43663,2,9,-1.0,1.0,0.0,0.0033,15445.412461985024,0.02416801497565757,59,2,9,-1.0,1.0,0.0,True,,1.8e-08
27.0,-,60,15526.42764,2,9,-1.0,-1.0,-2.0,0.0033,15529.496637370326,-3.0689973703265423,60,2,9,-1.0,-1.0,-2.0,True,,1.8e-08
27.0,-,62,15619.00031,3,4,-1.0,0.0,-1.0,1.21,15619.099843072088,-0.09953307208888873,62,3,4,-1.0,0.0,-1.0,True,,6.5e-06
27.0,-,74,17092.61043,3,5,-1.0,0.0,-1.0,0.16,17092.80523275871,-0.19480275870955666,74,3,5,-1.0,0.0,-1.0,True,,8.6e-07
27.0,-,83,18541.61173,3,6,-1.0,0.0,-1.0,0.04,18541.900452030688,-0.28872203068749513,83,3,6,-1.0,0.0,-1.0,True,,2.2e-07
28.0,+,1,1465.97862,1,0,0.0,0.0,0.0,400.0,1465.983463251647,-0.004843251646889257,1,1,0,0.0,0.0,0.0,True,,0.0022
28.0,+,5,3278.65372,1,1,0.0,0.0,0.0,84.41,3278.653000129199,0.0007198708008218091,5,1,1,0.0,0.0,0.0,True,,0.00045
28.0,+,10,5062.76392,1,2,0.0,0.0,0.0,7.29,5062.866888434791,-0.10296843479045492,10,1,2,0.0,0.0,0.0,True,,3.9e-05
28.0,+,16,6817.324,1,3,0.0,0.0,0.0,2.89,6817.542450585154,-0.21845058515464189,16,1,3,0.0,0.0,0.0,True,,1.6e-05
28.0,+,17,7370.56246,4,0,0.0,1.0,1.0,225.0,7370.631721737789,-0.06926173778902012,17,4,0,0.0,1.0,1.0,True,,0.0012
28.0,+,18,7539.41286,4,0,0.0,0.0,0.0,121.0,7539.391297998531,0.02156200146964693,18,4,0,0.0,0.0,0.0,True,,0.00065
28.0,+,22,8541.08157,1,4,0.0,0.0,0.0,0.36,8541.440566681458,-0.3589966814579384,22,1,4,0.0,0.0,0.0,True,,1.9e-06
28.0,+,23,8806.36277,4,1,0.0,1.0,1.0,2.25,8806.405159938115,-0.0423899381148658,23,4,1,0.0,1.0,1.0,True,,1.2e-05
28.0,+,24,8973.34946,4,1,0.0,0.0,0.0,1.69,8973.292915829004,0.05654417099503917,24,4,1,0.0,0.0,0.0,True,,9.1e-06
28.0,+,29,10219.77858,4,2,0.0,1.0,1.0,2.56,10219.957414825234,-0.17883482523393468,29,4,2,0.0,1.0,1.0,True,,1.4e-05
28.0,+,30,10232.54465,1,5,0.0,0.0,0.0,0.09,10233.013340447487,-0.4686904474874609,30,1,5,0.0,0.0,0.0,True,,4.8e-07
28.0,+,31,10385.10006,4,2,0.0,0.0,0.0,2.25,10385.078831674082,0.021228325918855262,31,4,2,0.0,0.0,0.0,True,,1.2e-05
28.0,+,37,11611.45538,4,3,0.0,1.0,1.0,2.25,11611.565155348408,-0.10977534840822045,37,4,3,0.0,1.0,1.0,True,,1.2e-05
28.0,+,38,11774.73376,4,3,0.0,0.0,0.0,2.56,11774.715776927676,0.01798307232274965,38,4,3,0.0,0.0,0.0,True,,1.4e-05
28.0,+,45,12980.94299,4,4,0.0,1.0,1.0,1.21,12981.034369941308,-0.09137994130833249,45,4,4,0.0,1.0,1.0,True,,6.5e-06
28.0,+,46,13036.61003,7,0,2.0,0.0,2.0,9.0,13036.601521493256,0.008508506743964972,46,7,0,2.0,0.0,2.0,True,,4.8e-05
28.0,+,47,13142.35246,4,4,0.0,0.0,0.0,0.81,13142.318691762623,0.033768237377444166,47,4,4,0.0,0.0,0.0,True,,4.4e-06
28.0,+,53,14328.48742,4,5,0.0,1.0,1.0,2.25,14328.560590914054,-0.07317091405457177,53,4,5,0.0,1.0,1.0,True,,1.2e-05
28.0,+,54,14407.46213,7,1,2.0,0.0,2.0,0.09,14407.415250149628,0.04687985037162434,54,7,1,2.0,0.0,2.0,True,,4.8e-07
28.0,+,55,14488.02112,4,5,0.0,0.0,0.0,1.44,14487.977393793819,0.0437262061805086,55,4,5,0.0,0.0,0.0,True,,7.7e-06
28.0,+,61,15654.29161,4,6,0.0,1.0,1.0,0.25,15654.258537950578,0.033072049422116834,61,4,6,0.0,1.0,1.0,True,,1.3e-06
28.0,+,63,15755.41951,7,2,2.0,0.0,2.0,0.36,15755.372663922039,0.046846077961163246,63,7,2,2.0,0.0,2.0,True,,1.9e-06
28.0,+,64,15811.82827,4,6,0.0,0.0,0.0,0.25,15811.808604351938,0.01966564806207316,64,4,6,0.0,0.0,0.0,True,,1.3e-06
28.0,+,65,16390.11557,8,0,0.0,0.0,0.0,16.0,16390.136912637085,-0.02134263708285289,65,8,0,0.0,0.0,0.0,True,,8.6e-05
28.0,+,70,16958.17364,4,7,0.0,1.0,1.0,0.16,16958.249702130233,-0.076062130232458,70,4,7,0.0,1.0,1.0,True,,8.6e-07
28.0,+,72,17080.54646,7,3,2.0,0.0,2.0,0.36,17080.492929055446,0.05353094455495011,72,7,3,2.0,0.0,2.0,True,,1.9e-06
28.0,+,73,17113.86264,4,7,0.0,0.0,0.0,0.09,17113.93369452641,-0.07105452641189913,73,4,7,0.0,0.0,0.0,True,,4.8e-07
28.0,+,75,17802.18253,8,1,0.0,0.0,0.0,0.36,17802.08915505355,0.09337494644933031,75,8,1,0.0,0.0,0.0,True,,1.9e-06
28.0,+,78,18240.40473,4,8,0.0,1.0,1.0,0.09,18240.6508277924,-0.24609779240199714,78,4,8,0.0,1.0,1.0,True,,4.8e-07
28.0,+,81,18382.91229,7,4,2.0,0.0,2.0,0.36,18382.86718017616,0.04510982384090312,81,7,4,2.0,0.0,2.0,True,,1.9e-06
28.0,+,82,18394.29297,4,8,0.0,0.0,0.0,0.04,18394.4691043775,-0.17613437749969307,82,4,8,0.0,0.0,0.0,True,,2.2e-07
28.0,+,85,19214.63028,8,2,0.0,0.0,0.0,0.04,19214.97220277116,-0.34192277116017067,85,8,2,0.0,0.0,0.0,True,,2.2e-07
28.0,+,91,19662.56662,7,5,2.0,0.0,2.0,0.04,19662.565847726244,0.0007722737573203631,91,7,5,2.0,0.0,2.0,True,,2.2e-07
28.0,+,100,20919.58082,7,6,2.0,0.0,2.0,0.04,20919.60358615229,-0.02276615229129675,100,7,6,2.0,0.0,2.0,True,,2.2e-07
28.0,+,103,21306.61646,6,0,1.0,0.0,1.0,100.0,21306.546020727365,0.07043927263657679,103,6,0,1.0,0.0,1.0,True,,0.00054
28.0,+,104,21404.51765,6,0,1.0,-1.0,0.0,81.0,21404.503218335194,0.014431664807489142,104,6,0,1.0,-1.0,0.0,True,,0.00044
28.0,+,106,21506.99825,6,0,1.0,1.0,2.0,100.0,21507.11864560097,-0.12039560097036883,106,6,0,1.0,1.0,2.0,True,,0.00054
28.0,+,111,22154.03116,7,7,2.0,0.0,2.0,0.04,22154.056361625346,-0.025201625347108347,111,7,7,2.0,0.0,2.0,True,,2.2e-07
28.0,+,117,23044.90201,6,1,1.0,0.0,1.0,0.36,23044.80736085388,0.09464914612181019,117,6,1,1.0,0.0,1.0,True,,1.9e-06
28.0,+,118,23141.65592,6,1,1.0,-1.0,0.0,0.25,23141.606862594683,0.049057405318308156,118,6,1,1.0,-1.0,0.0,True,,1.3e-06
28.0,+,120,23242.8687,6,1,1.0,1.0,2.0,0.16,23242.81748972952,0.05121027047789539,120,6,1,1.0,1.0,2.0,True,,8.6e-07
28.0,+,135,24745.31275,6,2,1.0,0.0,1.0,0.16,24745.17594306307,0.13680693693095236,135,6,2,1.0,0.0,1.0,True,,8.6e-07
28.0,+,138,24840.65828,6,2,1.0,-1.0,0.0,0.81,24840.67807239256,-0.019792392558883876,138,6,2,1.0,-1.0,0.0,True,,4.4e-06
28.0,+,140,24940.90222,6,2,1.0,1.0,2.0,0.16,24941.01376321025,-0.111543210248783,140,6,2,1.0,1.0,2.0,True,,8.6e-07
28.0,+,151,26403.67489,6,3,1.0,0.0,1.0,0.49,26403.461748384594,0.21314161540431087,151,6,3,1.0,0.0,1.0,True,,2.6e-06
28.0,+,152,26497.78537,6,3,1.0,-1.0,0.0,0.81,26497.71572657573,0.06964342427090742,152,6,3,1.0,-1.0,0.0,True,,4.4e-06
28.0,+,153,26596.32699,6,3,1.0,1.0,2.0,0.25,26596.308194901187,0.018795098814734956,153,6,3,1.0,1.0,2.0,True,,1.3e-06
28.0,+,168,28016.46384,6,4,1.0,0.0,1.0,0.01,28016.562581567705,-0.09874156770456466,168,6,4,1.0,0.0,1.0,True,,5.4e-08
28.0,+,170,28108.61786,6,4,1.0,-1.0,0.0,0.04,28108.604496773678,0.013363226320507238,170,6,4,1.0,-1.0,0.0,True,,2.2e-07
28.0,+,171,28206.01646,6,4,1.0,1.0,2.0,0.01,28206.460986067486,-0.44452606748745893,171,6,4,1.0,1.0,2.0,True,,5.4e-08
28.0,+,183,29575.67839,6,5,1.0,0.0,1.0,0.09,29575.71247482037,-0.034084820370480884,182,6,5,1.0,0.0,1.0,True,,4.8e-07
28.0,+,186,29666.9556,6,5,1.0,-1.0,0.0,0.09,29666.91984186461,0.03575813539282535,184,6,5,1.0,-1.0,0.0,True,,4.8e-07
28.0,+,188,29762.33729,6,5,1.0,1.0,2.0,0.04,29762.365367702376,-0.028077702376322122,188,6,5,1.0,1.0,2.0,True,,2.2e-07
28.0,+,200,31077.67087,6,6,1.0,0.0,1.0,0.04,31077.71647686104,-0.04560686103650369,201,6,6,1.0,0.0,1.0,True,,2.2e-07
28.0,+,203,31165.73968,6,6,1.0,-1.0,0.0,0.04,31165.53073739962,0.20894260038039647,203,6,6,1.0,-1.0,0.0,True,,2.2e-07
28.0,+,205,31260.19357,6,6,1.0,1.0,2.0,0.04,31260.992402195676,-0.7988321956763684,205,6,6,1.0,1.0,2.0,True,,2.2e-07
28.0,+,216,32509.09387,6,7,1.0,0.0,1.0,0.01,32508.828447502117,0.26542249788326444,215,6,7,1.0,0.0,1.0,True,,5.4e-08
28.0,+,217,32595.94934,6,7,1.0,-1.0,0.0,0.01,32596.055579117547,-0.10623911754737492,217,6,7,1.0,-1.0,0.0,True,,5.4e-08
28.0,+,218,32687.63603,6,7,1.0,1.0,2.0,0.01,32687.72613686547,-0.09010686546753277,218,6,7,1.0,1.0,2.0,True,,5.4e-08
28.0,+,229,33861.97587,6,8,1.0,0.0,1.0,0.01,33861.48011657966,0.4957534203422256,229,6,8,1.0,0.0,1.0,True,,5.4e-08
28.0,+,231,33948.59934,6,8,1.0,1.0,2.0,0.01,33948.61153774357,-0.012197743570141029,230,6,8,1.0,1.0,2.0,True,,5.4e-08
28.0,+,248,35136.56437,6,9,1.0,0.0,1.0,0.0059,35135.473057719115,1.0913122808851767,244,6,9,1.0,0.0,1.0,True,,3.2e-08
28.0,+,251,35217.6709,6,9,1.0,-1.0,0.0,0.0059,35217.181264593375,0.4896354066222557,248,6,9,1.0,-1.0,0.0,True,,3.2e-08
28.0,+,252,35303.79853,6,9,1.0,1.0,2.0,0.0,35304.61300416621,-0.8144741662108572,250,6,9,1.0,1.0,2.0,True,,0.0
28.0,+,263,36321.88572,6,10,1.0,0.0,1.0,0.0051,36321.63181973714,0.25390026286186185,261,6,10,1.0,0.0,1.0,True,,2.7e-08
28.0,+,264,36401.83063,6,10,1.0,-1.0,0.0,0.0028,36401.66048608913,0.17014391086559044,263,6,10,1.0,-1.0,0.0,True,,1.5e-08
28.0,+,265,36481.68164,6,10,1.0,1.0,2.0,0.0,36485.26355588072,-3.5819158807207714,265,6,10,1.0,1.0,2.0,True,,0.0
28.0,-,1,1835.86287,2,0,-1.0,0.0,-1.0,256.0,1835.853118700529,0.009751299470963204,1,2,0,-1.0,0.0,-1.0,True,,0.0014
28.0,-,2,1928.62439,2,0,-1.0,1.0,0.0,625.0,1928.628859600151,-0.0044696001509692,2,2,0,-1.0,1.0,0.0,True,,0.0034
28.0,-,3,2023.48576,2,0,-1.0,-1.0,-2.0,289.0,2023.472443804287,0.013316195713059642,3,2,0,-1.0,-1.0,-2.0,True,,0.0016
28.0,-,4,3441.29181,2,1,-1.0,0.0,-1.0,4.84,3441.278995496425,0.012814503575100389,4,2,1,-1.0,0.0,-1.0,True,,2.6e-05
28.0,-,5,3533.16543,2,1,-1.0,1.0,0.0,9.0,3533.161648897506,0.0037811024940310745,5,2,1,-1.0,1.0,0.0,True,,4.8e-05
28.0,-,6,3627.04669,2,1,-1.0,-1.0,-2.0,4.0,3627.002859015075,0.043830984925079974,6,2,1,-1.0,-1.0,-2.0,True,,2.2e-05
28.0,-,7,5023.34374,2,2,-1.0,0.0,-1.0,5.29,5023.376515292512,-0.03277529251136002,7,2,2,-1.0,0.0,-1.0,True,,2.8e-05
28.0,-,8,5114.35333,2,2,-1.0,1.0,0.0,4.84,5114.371303610403,-0.017973610402805207,8,2,2,-1.0,1.0,0.0,True,,2.6e-05
28.0,-,9,5207.23769,2,2,-1.0,-1.0,-2.0,2.89,5207.191506519172,0.04618348082749435,9,2,2,-1.0,-1.0,-2.0,True,,1.6e-05
28.0,-,10,6582.00367,2,3,-1.0,0.0,-1.0,2.25,6582.030969316619,-0.027299316619064484,10,2,3,-1.0,0.0,-1.0,True,,1.2e-05
28.0,-,11,6672.24592,2,3,-1.0,1.0,0.0,2.25,6672.153082413028,0.09283758697256417,11,2,3,-1.0,1.0,0.0,True,,1.2e-05
28.0,-,12,6764.00974,2,3,-1.0,-1.0,-2.0,1.69,6763.930369344755,0.07937065524583886,12,2,3,-1.0,-1.0,-2.0,True,,9.1e-06
28.0,-,14,8117.30027,2,4,-1.0,0.0,-1.0,0.81,8117.314158704959,-0.013888704958844755,14,2,4,-1.0,0.0,-1.0,True,,4.4e-06
28.0,-,15,8206.58325,2,4,-1.0,1.0,0.0,0.64,8206.589091118356,-0.005841118356329389,15,2,4,-1.0,1.0,0.0,True,,3.4e-06
28.0,-,16,8297.35317,2,4,-1.0,-1.0,-2.0,0.49,8297.279527637835,0.07364236216562858,16,2,4,-1.0,-1.0,-2.0,True,,2.6e-06
28.0,-,18,9569.97215,3,0,-1.0,0.0,-1.0,361.0,9569.864722554414,0.10742744558592676,18,3,0,-1.0,0.0,-1.0,True,,0.0019
28.0,-,19,9628.93434,2,5,-1.0,0.0,-1.0,0.49,9629.192151197163,-0.2578111971633916,19,2,5,-1.0,0.0,-1.0,True,,2.6e-06
28.0,-,20,9717.6791,2,5,-1.0,1.0,0.0,0.36,9717.698894847837,-0.01979484783805674,20,2,5,-1.0,1.0,0.0,True,,1.9e-06
28.0,-,21,9807.25234,2,5,-1.0,-1.0,-2.0,0.36,9807.171184446996,0.08115555300355481,21,2,5,-1.0,-1.0,-2.0,True,,1.9e-06
28.0,-,25,11118.16555,2,6,-1.0,0.0,-1.0,0.25,11118.122470785018,0.043079214981844416,25,2,6,-1.0,0.0,-1.0,True,,1.3e-06
28.0,-,26,11140.17241,3,1,-1.0,0.0,-1.0,4.0,11140.052289016125,0.12012098387458536,26,3,1,-1.0,0.0,-1.0,True,,2.2e-05
28.0,-,27,11205.37792,2,6,-1.0,1.0,0.0,0.16,11205.437262373407,-0.05934237340625259,27,2,6,-1.0,1.0,0.0,True,,8.6e-07
28.0,-,28,11294.43494,2,6,-1.0,-1.0,-2.0,0.09,11294.46451478396,-0.029574783960924833,28,2,6,-1.0,-1.0,-2.0,True,,4.8e-07
28.0,-,32,12686.07202,3,2,-1.0,0.0,-1.0,1.96,12685.963482068111,0.1085379318883497,32,3,2,-1.0,0.0,-1.0,True,,1.1e-05
28.0,-,38,14024.25262,2,8,-1.0,0.0,-1.0,0.16,14024.611167496018,-0.3585474960182182,38,2,8,-1.0,0.0,-1.0,True,,8.6e-07
28.0,-,39,14112.47202,2,8,-1.0,1.0,0.0,0.16,14110.63166490691,1.8403550930888741,39,2,8,-1.0,1.0,0.0,True,,8.6e-07
28.0,-,40,14197.41775,2,8,-1.0,-1.0,-2.0,0.16,14196.759223743979,0.6585262560220144,40,2,8,-1.0,-1.0,-2.0,True,,8.6e-07
28.0,-,41,14207.63592,3,3,-1.0,0.0,-1.0,0.64,14207.546210682813,0.08970931718795327,41,3,3,-1.0,0.0,-1.0,True,,3.4e-06
28.0,-,46,15443.95396,2,9,-1.0,0.0,-1.0,0.0033,15443.799416150157,0.15454384984332137,46,2,9,-1.0,0.0,-1.0,True,,1.8e-08
28.0,-,47,15528.06742,2,9,-1.0,1.0,0.0,0.0033,15528.125233933277,-0.057813933277429896,47,2,9,-1.0,1.0,0.0,True,,1.8e-08
28.0,-,48,15614.79389,2,9,-1.0,-1.0,-2.0,0.0033,15614.607442144106,0.1864478558945848,48,2,9,-1.0,-1.0,-2.0,True,,1.8e-08
28.0,-,49,15704.77331,3,4,-1.0,0.0,-1.0,0.16,15704.732097514165,0.04121248583578563,49,3,4,-1.0,0.0,-1.0,True,,8.6e-07
28.0,-,59,17177.4078,3,5,-1.0,0.0,-1.0,0.04,17177.467750077078,-0.059950077076791786,59,3,5,-1.0,0.0,-1.0,True,,2.2e-07
28.0,-,66,18625.554,3,6,-1.0,0.0,-1.0,0.01,18625.714066542354,-0.1600665423538885,66,3,6,-1.0,0.0,-1.0,True,,5.4e-08
29.0,+,13,7539.50936,4,0,0.0,1.0,1.0,169.0,7539.394319859608,0.11504014039201138,13,4,0,0.0,1.0,1.0,True,,0.00091
29.0,+,17,8973.43849,4,1,0.0,1.0,1.0,1.69,8973.298192010398,0.14029798960291373,17,4,1,0.0,1.0,1.0,True,,9.1e-06
29.0,+,22,10385.18572,4,2,0.0,1.0,1.0,1.96,10385.084648909706,0.1010710902937717,22,4,2,0.0,1.0,1.0,True,,1.1e-05
29.0,+,29,11774.82513,4,3,0.0,1.0,1.0,3.24,11774.736365825042,0.08876417495775968,29,4,3,0.0,1.0,1.0,True,,1.7e-05
29.0,+,36,13120.3994,7,0,2.0,0.0,2.0,9.0,13120.390405405431,0.008994594569230685,36,7,0,2.0,0.0,2.0,True,,4.8e-05
29.0,+,37,13142.43208,4,4,0.0,1.0,1.0,1.69,13142.339358815576,0.09272118442459032,37,4,4,0.0,1.0,1.0,True,,9.1e-06
29.0,+,42,14488.1071,4,5,0.0,1.0,1.0,0.81,14488.001780556278,0.1053194437208731,42,4,5,0.0,1.0,1.0,True,,4.4e-06
29.0,+,43,14490.27288,7,1,2.0,0.0,2.0,0.16,14490.221313665239,0.05156633476144634,43,7,1,2.0,0.0,2.0,True,,8.6e-07
29.0,+,50,15811.92281,4,6,0.0,1.0,1.0,0.64,15811.837251715477,0.08555828452335845,50,4,6,0.0,1.0,1.0,True,,3.4e-06
29.0,+,51,15837.24969,7,2,2.0,0.0,2.0,0.36,15837.196275475742,0.05341452425818716,51,7,2,2.0,0.0,2.0,True,,1.9e-06
29.0,+,57,17114.06289,4,7,0.0,1.0,1.0,0.09,17113.966798005615,0.09609199438637006,57,4,7,0.0,1.0,1.0,True,,4.8e-07
29.0,+,58,17161.39569,7,3,2.0,0.0,2.0,0.25,17161.335036298206,0.06065370179567253,58,7,3,2.0,0.0,2.0,True,,1.3e-06
29.0,+,62,18394.40344,4,8,0.0,1.0,1.0,0.01,18394.506815647408,-0.10337564740984817,62,4,8,0.0,1.0,1.0,True,,5.4e-08
29.0,+,63,18462.77082,7,4,2.0,0.0,2.0,0.25,18462.72755723664,0.043262763359962264,64,7,4,2.0,0.0,2.0,True,,1.3e-06
29.0,+,71,19741.43796,7,5,2.0,0.0,2.0,0.01,19741.44370930977,-0.005749309770180844,71,7,5,2.0,0.0,2.0,True,,5.4e-08
29.0,+,78,20997.46834,7,6,2.0,0.0,2.0,0.09,20997.498555774626,-0.030215774626412895,78,7,6,2.0,0.0,2.0,True,,4.8e-07
29.0,+,81,21403.36464,6,0,1.0,0.0,1.0,100.0,21403.398237949645,-0.03359794964489993,81,6,0,1.0,0.0,1.0,True,,0.00054
29.0,+,82,21506.26828,6,0,1.0,-1.0,0.0,121.0,21506.325759967658,-0.05747996765785501,82,6,0,1.0,-1.0,0.0,True,,0.00065
29.0,+,84,21610.81655,6,0,1.0,1.0,2.0,121.0,21610.763426167472,0.05312383252748987,84,6,0,1.0,1.0,2.0,True,,0.00065
29.0,+,86,22230.93177,7,7,2.0,0.0,2.0,0.04,22230.963599079736,-0.03182907973678084,86,7,7,2.0,0.0,2.0,True,,2.2e-07
29.0,+,93,23140.5644,6,1,1.0,0.0,1.0,0.36,23140.563474322487,0.0009256775119865779,93,6,1,1.0,0.0,1.0,True,,1.9e-06
29.0,+,94,23242.13224,6,1,1.0,-1.0,0.0,0.36,23242.063734624007,0.06850537599166273,94,6,1,1.0,-1.0,0.0,True,,1.9e-06
29.0,+,96,23345.55506,6,1,1.0,1.0,2.0,0.36,23345.454103113978,0.10095688602086739,96,6,1,1.0,1.0,2.0,True,,1.9e-06
29.0,+,107,24839.55215,6,2,1.0,0.0,1.0,0.64,24839.581088712035,-0.028938712035596836,107,6,2,1.0,0.0,1.0,True,,3.4e-06
29.0,+,109,24940.16025,6,2,1.0,-1.0,0.0,0.36,24940.264377037212,-0.10412703721158323,109,6,2,1.0,-1.0,0.0,True,,1.9e-06
29.0,+,111,25042.02576,6,2,1.0,1.0,2.0,0.09,25041.84314154113,0.18261845887172967,111,6,2,1.0,1.0,2.0,True,,4.8e-07
29.0,+,120,26496.66451,6,3,1.0,0.0,1.0,0.36,26496.69945651744,-0.03494651744040311,120,6,3,1.0,0.0,1.0,True,,1.9e-06
29.0,+,121,26595.73081,6,3,1.0,-1.0,0.0,0.49,26595.595614638427,0.1351953615740058,121,6,3,1.0,-1.0,0.0,True,,2.6e-06
29.0,+,122,26696.27619,6,3,1.0,1.0,2.0,0.09,26696.205548549497,0.07064145050389925,122,6,3,1.0,1.0,2.0,True,,4.8e-07
29.0,+,133,28107.54463,6,4,1.0,0.0,1.0,0.01,28107.68910580637,-0.14447580636988278,133,6,4,1.0,0.0,1.0,True,,5.4e-08
29.0,+,135,28205.40983,6,4,1.0,-1.0,0.0,0.01,28205.79223857044,-0.3824085704400204,135,6,4,1.0,-1.0,0.0,True,,5.4e-08
29.0,+,136,28304.03466,6,4,1.0,1.0,2.0,0.04,28303.99573621142,0.03892378858290613,136,6,4,1.0,1.0,2.0,True,,2.2e-07
29.0,+,146,29665.87174,6,5,1.0,0.0,1.0,0.04,29665.969574946983,-0.09783494698422146,144,6,5,1.0,0.0,1.0,True,,2.2e-07
29.0,+,149,29761.92279,6,5,1.0,-1.0,0.0,0.01,29761.761906933058,0.16088306694291532,148,6,5,1.0,-1.0,0.0,True,,5.4e-08
29.0,+,150,29859.06813,6,5,1.0,1.0,2.0,0.04,29859.064435307617,0.003694692382850917,150,6,5,1.0,1.0,2.0,True,,2.2e-07
29.0,+,159,31164.69349,6,6,1.0,0.0,1.0,0.04,31164.73978765305,-0.04629765304707689,159,6,6,1.0,0.0,1.0,True,,2.2e-07
29.0,+,160,31259.54133,6,6,1.0,1.0,2.0,0.01,31259.755992507264,-0.21466250726371072,160,6,6,1.0,-1.0,0.0,False,,5.4e-08
29.0,+,163,31354.17483,6,6,1.0,-1.0,0.0,0.04,31354.104937905864,0.0698920941358665,163,6,6,1.0,1.0,2.0,False,,2.2e-07
29.0,+,170,32595.08257,6,7,1.0,0.0,1.0,0.01,32595.189345164446,-0.10677516444775392,170,6,7,1.0,0.0,1.0,True,,5.4e-08
29.0,+,171,32687.28181,6,7,1.0,-1.0,0.0,0.01,32687.21596976712,0.06584023288087337,171,6,7,1.0,-1.0,0.0,True,,5.4e-08
29.0,+,181,33947.74757,6,8,1.0,0.0,1.0,0.0,33947.94953452739,-0.2019645273903734,181,6,8,1.0,0.0,1.0,True,,0.0
29.0,+,183,34034.64781,6,8,1.0,-1.0,0.0,0.0,34031.91141549282,2.736394507184741,182,6,8,1.0,-1.0,0.0,True,,0.0
29.0,+,197,35216.71762,6,9,1.0,0.0,1.0,0.0059,35216.359377637884,0.35824236211919924,193,6,9,1.0,0.0,1.0,True,,3.2e-08
29.0,+,199,35306.59903,6,9,1.0,-1.0,0.0,0.0059,35304.201643841,2.3973861589984153,197,6,9,1.0,-1.0,0.0,True,,3.2e-08
29.0,+,200,35390.70075,6,9,1.0,1.0,2.0,0.0059,35391.0887548083,-0.38800480829377193,199,6,9,1.0,1.0,2.0,True,,3.2e-08
29.0,+,209,36400.70396,6,10,1.0,0.0,1.0,0.0028,36400.97785457525,-0.2738945752498694,207,6,10,1.0,0.0,1.0,True,,1.5e-08
29.0,+,210,36485.29242,6,10,1.0,-1.0,0.0,0.0028,36485.02355784778,0.2688621522174799,209,6,10,1.0,-1.0,0.0,True,,1.5e-08
29.0,+,211,36571.27589,6,10,1.0,1.0,2.0,0.0028,36570.20124296466,1.074647035340604,211,6,10,1.0,1.0,2.0,True,,1.5e-08
29.0,-,2,1926.52347,2,0,-1.0,0.0,-1.0,484.0,1926.526525138626,-0.0030551386259958235,2,2,0,-1.0,0.0,-1.0,True,,0.0026
29.0,-,3,2021.13599,2,0,-1.0,1.0,0.0,225.0,2021.132894149621,0.0030958503789406677,3,2,0,-1.0,1.0,0.0,True,,0.0012
29.0,-,4,2120.07826,2,0,-1.0,-1.0,-2.0,484.0,2120.075589416278,0.002670583721737785,4,2,0,-1.0,-1.0,-2.0,True,,0.0026
29.0,-,6,3531.06265,2,1,-1.0,0.0,-1.0,7.29,3531.051314636294,0.011335363705711643,6,2,1,-1.0,0.0,-1.0,True,,3.9e-05
29.0,-,7,3624.68057,2,1,-1.0,1.0,0.0,4.0,3624.671524094337,0.009045905662787845,7,2,1,-1.0,1.0,0.0,True,,2.2e-05
29.0,-,8,3722.67623,2,1,-1.0,-1.0,-2.0,6.76,3722.661135145854,0.015094854145900172,8,2,1,-1.0,-1.0,-2.0,True,,3.6e-05
29.0,-,9,5112.24402,2,2,-1.0,0.0,-1.0,3.61,5112.251988267728,-0.007968267727846978,9,2,2,-1.0,0.0,-1.0,True,,1.9e-05
29.0,-,11,5204.86334,2,2,-1.0,1.0,0.0,4.0,5204.869813359064,-0.006473359064329998,11,2,2,-1.0,1.0,0.0,True,,2.2e-05
29.0,-,12,5301.91753,2,2,-1.0,-1.0,-2.0,5.29,5301.91448016118,0.0030498388196065207,12,2,2,-1.0,-1.0,-2.0,True,,2.8e-05
29.0,-,13,6670.18884,2,3,-1.0,0.0,-1.0,2.56,6670.023839936074,0.16500006392561772,13,2,3,-1.0,0.0,-1.0,True,,1.4e-05
29.0,-,14,6761.63329,2,3,-1.0,1.0,0.0,2.25,6761.621196861314,0.012093138685486338,14,2,3,-1.0,1.0,0.0,True,,1.2e-05
29.0,-,15,6857.75446,2,3,-1.0,-1.0,-2.0,1.69,6857.741473132082,0.012986867917788913,15,2,3,-1.0,-1.0,-2.0,True,,9.1e-06
29.0,-,19,8204.44752,2,4,-1.0,0.0,-1.0,0.64,8204.449084725038,-0.0015647250384063227,19,2,4,-1.0,0.0,-1.0,True,,3.4e-06
29.0,-,20,8295.07233,2,4,-1.0,1.0,0.0,0.49,8294.989155552363,0.08317444763815729,20,2,4,-1.0,1.0,0.0,True,,2.6e-06
29.0,-,21,8390.1073,2,4,-1.0,-1.0,-2.0,0.36,8390.220436130716,-0.11313613071615691,21,2,4,-1.0,-1.0,-2.0,True,,1.9e-06
29.0,-,25,9662.4453,3,0,-1.0,0.0,-1.0,784.0,9662.498415761636,-0.053115761636945535,25,3,0,-1.0,0.0,-1.0,True,,0.0042
29.0,-,26,9715.57125,2,5,-1.0,0.0,-1.0,0.49,9715.547553115508,0.023696884492892423,26,2,5,-1.0,0.0,-1.0,True,,2.6e-06
29.0,-,27,9804.80833,2,5,-1.0,1.0,0.0,0.25,9804.920475022374,-0.11214502237453416,27,2,5,-1.0,1.0,0.0,True,,1.3e-06
29.0,-,28,9899.26231,2,5,-1.0,-1.0,-2.0,0.36,9899.36986420466,-0.10755420466011856,28,2,5,-1.0,-1.0,-2.0,True,,1.9e-06
29.0,-,33,11203.16587,2,6,-1.0,0.0,-1.0,0.25,11203.27169682313,-0.10582682312997349,33,2,6,-1.0,0.0,-1.0,True,,1.3e-06
29.0,-,34,11231.65636,3,1,-1.0,0.0,-1.0,6.76,11231.692535429105,-0.03617542910433258,34,3,1,-1.0,0.0,-1.0,True,,3.6e-05
29.0,-,35,11292.09934,2,6,-1.0,1.0,0.0,0.36,11292.126207747022,-0.026867747021242394,35,2,6,-1.0,1.0,0.0,True,,1.9e-06
29.0,-,36,11384.94303,2,6,-1.0,-1.0,-2.0,0.16,11385.13910321866,-0.19607321865987615,36,2,6,-1.0,-1.0,-2.0,True,,8.6e-07
29.0,-,42,12776.56296,3,2,-1.0,0.0,-1.0,2.89,12776.60904722615,-0.04608722615012084,42,3,2,-1.0,0.0,-1.0,True,,1.6e-05
29.0,-,49,14109.05738,2,8,-1.0,0.0,-1.0,0.16,14108.440774372506,0.6166056274942093,49,2,8,-1.0,0.0,-1.0,True,,8.6e-07
29.0,-,50,14194.69591,2,8,-1.0,1.0,0.0,0.16,14194.570841435117,0.12506856488289486,50,2,8,-1.0,1.0,0.0,True,,8.6e-07
29.0,-,51,14285.30753,2,8,-1.0,-1.0,-2.0,0.16,14286.38552786069,-1.0779978606897203,51,2,8,-1.0,-1.0,-2.0,True,,8.6e-07
29.0,-,52,14297.12473,3,3,-1.0,0.0,-1.0,1.0,14297.193687790957,-0.06895779095793841,52,3,3,-1.0,0.0,-1.0,True,,5.4e-06
29.0,-,58,15525.91772,2,9,-1.0,0.0,-1.0,0.0033,15525.91533323905,0.00238676094886614,58,2,9,-1.0,0.0,-1.0,True,,1.8e-08
29.0,-,59,15612.22562,2,9,-1.0,1.0,0.0,0.0033,15612.19374625444,0.03187374556000577,59,2,9,-1.0,1.0,0.0,True,,1.8e-08
29.0,-,60,15697.63364,2,9,-1.0,-1.0,-2.0,0.0033,15701.89264880153,-4.25900880152949,60,2,9,-1.0,-1.0,-2.0,True,,1.8e-08
29.0,-,62,15793.25711,3,4,-1.0,0.0,-1.0,1.21,15793.3788314637,-0.12172146369994152,62,3,4,-1.0,0.0,-1.0,True,,6.5e-06
29.0,-,74,17264.86392,3,5,-1.0,0.0,-1.0,0.01,17265.109172373115,-0.2452523731153633,74,3,5,-1.0,0.0,-1.0,True,,5.4e-08
29.0,-,83,18711.88709,3,6,-1.0,0.0,-1.0,0.04,18712.227285797948,-0.34019579794767196,83,3,6,-1.0,0.0,-1.0,True,,2.2e-07
30.0,+,1,1678.24604,1,0,0.0,0.0,0.0,400.0,1678.250676538786,-0.004636538785916855,1,1,0,0.0,0.0,0.0,True,,0.0022
30.0,+,5,3488.76209,1,1,0.0,0.0,0.0,84.0,3488.762203506029,-0.00011350602881066152,5,1,1,0.0,0.0,0.0,True,,0.00045
30.0,+,10,5270.67327,1,2,0.0,0.0,0.0,6.76,5270.793356345114,-0.12008634511403216,10,1,2,0.0,0.0,0.0,True,,3.6e-05
30.0,+,16,7022.98019,1,3,0.0,0.0,0.0,1.96,7023.239955790415,-0.2597657904143489,16,1,3,0.0,0.0,0.0,True,,1.1e-05
30.0,+,17,7539.32566,4,0,0.0,1.0,1.0,225.0,7539.396949908338,-0.0712899083373486,17,4,0,0.0,1.0,1.0,True,,0.0012
30.0,+,18,7719.84588,4,0,0.0,0.0,0.0,144.0,7719.820746662592,0.02513333740807866,18,4,0,0.0,0.0,0.0,True,,0.00077
30.0,+,22,8744.45817,1,4,0.0,0.0,0.0,0.25,8744.843623979095,-0.3854539790954732,22,1,4,0.0,0.0,0.0,True,,1.3e-06
30.0,+,23,8973.26613,4,1,0.0,1.0,1.0,1.96,8973.307047067074,-0.04091706707367848,23,4,1,0.0,1.0,1.0,True,,1.1e-05
30.0,+,24,9151.79129,4,1,0.0,0.0,0.0,1.44,9151.726870542972,0.06441945702681551,24,4,1,0.0,0.0,0.0,True,,7.7e-06
30.0,+,29,10384.95214,4,2,0.0,1.0,1.0,2.25,10385.061874519319,-0.10973451931931777,29,4,2,0.0,1.0,1.0,True,,1.2e-05
30.0,+,30,10433.32467,1,5,0.0,0.0,0.0,0.01,10433.966577039384,-0.6419070393840229,30,1,5,0.0,0.0,0.0,True,,5.4e-08
30.0,+,31,10561.55796,4,2,0.0,0.0,0.0,1.96,10561.518652987515,0.039307012484641746,31,4,2,0.0,0.0,0.0,True,,1.1e-05
30.0,+,37,11774.6292,4,3,0.0,1.0,1.0,2.25,11774.738859668225,-0.10965966822550399,37,4,3,0.0,1.0,1.0,True,,1.2e-05
30.0,+,38,11949.18295,4,3,0.0,0.0,0.0,1.69,11949.15998917914,0.02296082086104434,38,4,3,0.0,0.0,0.0,True,,9.1e-06
30.0,+,45,13142.24515,4,4,0.0,1.0,1.0,1.44,13142.345017694455,-0.09986769445458776,45,4,4,0.0,1.0,1.0,True,,7.7e-06
30.0,+,46,13207.03114,7,0,2.0,0.0,2.0,9.0,13207.02374850746,0.007391492539682076,46,7,0,2.0,0.0,2.0,True,,4.8e-05
30.0,+,47,13314.80405,4,4,0.0,0.0,0.0,1.21,13314.768107773203,0.03594222679748782,47,4,4,0.0,0.0,0.0,True,,6.5e-06
30.0,+,53,14487.91298,4,5,0.0,1.0,1.0,1.44,14488.009048512811,-0.09606851281205309,53,4,5,0.0,1.0,1.0,True,,7.7e-06
30.0,+,54,14575.89111,7,1,2.0,0.0,2.0,0.09,14575.83783538583,0.05327461417073209,54,7,1,2.0,0.0,2.0,True,,4.8e-07
30.0,+,55,14658.4714,4,5,0.0,0.0,0.0,1.21,14658.433348748522,0.03805125147846411,55,4,5,0.0,0.0,0.0,True,,6.5e-06
30.0,+,61,15811.73072,4,6,0.0,1.0,1.0,0.04,15811.8455922152,-0.11487221520110324,61,4,6,0.0,1.0,1.0,True,,2.2e-07
30.0,+,63,15921.85855,7,2,2.0,0.0,2.0,0.16,15921.796337024965,0.0622129750354361,63,7,2,2.0,0.0,2.0,True,,8.6e-07
30.0,+,64,15980.30304,4,6,0.0,0.0,0.0,0.49,15980.271968460589,0.031071539411641425,64,4,6,0.0,0.0,0.0,True,,2.6e-06
30.0,+,65,16562.86437,8,0,0.0,0.0,0.0,9.0,16562.90415204545,-0.03978204544910113,65,8,0,0.0,0.0,0.0,True,,4.8e-05
30.0,+,70,17113.8389,4,7,0.0,1.0,1.0,0.04,17113.976033907755,-0.13713390775592416,70,4,7,0.0,1.0,1.0,True,,2.2e-07
30.0,+,72,17244.99213,7,3,2.0,0.0,2.0,0.16,17244.919610997742,0.07251900225674035,72,7,3,2.0,0.0,2.0,True,,8.6e-07
30.0,+,73,17280.42777,4,7,0.0,0.0,0.0,0.09,17280.40521256867,0.022557431329914834,73,4,7,0.0,0.0,0.0,True,,4.8e-07
30.0,+,75,17973.7332,8,1,0.0,0.0,0.0,0.01,17973.643995307924,0.08920469207441784,75,8,1,0.0,0.0,0.0,True,,5.4e-08
30.0,+,78,18394.28657,4,8,0.0,1.0,1.0,0.04,18394.51698609339,-0.2304160933890671,78,4,8,0.0,1.0,1.0,True,,2.2e-07
30.0,+,80,18545.34798,7,4,2.0,0.0,2.0,0.25,18545.296396964797,0.05158303520147456,80,7,4,2.0,0.0,2.0,True,,1.3e-06
30.0,+,91,19822.99047,7,5,2.0,0.0,2.0,0.04,19822.996009722836,-0.005539722835237626,91,7,5,2.0,0.0,2.0,True,,2.2e-07
30.0,+,100,21078.00072,7,6,2.0,0.0,2.0,0.01,21078.033742068936,-0.03302206893567927,100,7,6,2.0,0.0,2.0,True,,5.4e-08
30.0,+,103,21504.48072,6,0,1.0,0.0,1.0,121.0,21504.414583545582,0.06613645441757399,103,6,0,1.0,0.0,1.0,True,,0.00065
30.0,+,104,21609.03485,6,0,1.0,-1.0,0.0,81.0,21609.021738977885,0.013111022115481319,104,6,0,1.0,-1.0,0.0,True,,0.00044
30.0,+,106,21718.35597,6,0,1.0,1.0,2.0,100.0,21718.480178470167,-0.12420847016619518,106,6,0,1.0,1.0,2.0,True,,0.00054
30.0,+,111,22310.43966,7,7,2.0,0.0,2.0,0.04,22310.47690599071,-0.037245990708470345,111,7,7,2.0,0.0,2.0,True,,2.2e-07
30.0,+,117,23240.31442,6,1,1.0,0.0,1.0,0.16,23240.215424236696,0.09899576330280979,117,6,1,1.0,0.0,1.0,True,,8.6e-07
30.0,+,119,23343.80593,6,1,1.0,-1.0,0.0,0.16,23343.694539313303,0.1113906866958132,119,6,1,1.0,-1.0,0.0,True,,8.6e-07
30.0,+,121,23450.3199,6,1,1.0,1.0,2.0,0.0,23449.69110345919,0.6287965408082528,120,6,1,1.0,1.0,2.0,True,,0.0
30.0,+,136,24938.41254,6,2,1.0,0.0,1.0,0.25,24938.445964467715,-0.03342446771421237,136,6,2,1.0,0.0,1.0,True,,1.3e-06
30.0,+,138,25040.19994,6,2,1.0,-1.0,0.0,0.16,25040.205856624696,-0.005916624697420048,138,6,2,1.0,-1.0,0.0,True,,8.6e-07
30.0,+,140,25147.02913,6,2,1.0,1.0,2.0,0.09,25147.238373970642,-0.20924397064300138,140,6,2,1.0,1.0,2.0,True,,4.8e-07
30.0,+,151,26594.06793,6,3,1.0,0.0,1.0,0.16,26593.787340884537,0.28058911546395393,151,6,3,1.0,0.0,1.0,True,,8.6e-07
30.0,+,152,26694.60194,6,3,1.0,-1.0,0.0,0.36,26694.528262433323,0.07367756667736103,152,6,3,1.0,-1.0,0.0,True,,1.9e-06
30.0,+,155,26799.81343,6,3,1.0,1.0,2.0,0.09,26799.385699988965,0.4277300110334181,154,6,3,1.0,1.0,2.0,True,,4.8e-07
30.0,+,168,28203.83173,6,4,1.0,0.0,1.0,0.01,28203.97166686115,-0.1399368611491809,168,6,4,1.0,0.0,1.0,True,,5.4e-08
30.0,+,170,28302.43329,6,4,1.0,-1.0,0.0,0.01,28302.429431192813,0.0038588071874983143,170,6,4,1.0,-1.0,0.0,True,,5.4e-08
30.0,+,171,28406.37931,6,4,1.0,1.0,2.0,0.01,28406.768158204344,-0.38884820434395806,171,6,4,1.0,1.0,2.0,True,,5.4e-08
30.0,+,184,29759.99659,6,5,1.0,0.0,1.0,0.09,29760.01114535895,-0.014555358950019581,183,6,5,1.0,0.0,1.0,True,,4.8e-07
30.0,+,187,29857.48333,6,5,1.0,-1.0,0.0,0.04,29857.485727116386,-0.0023971163864189293,185,6,5,1.0,-1.0,0.0,True,,2.2e-07
30.0,+,189,29959.13003,6,5,1.0,1.0,2.0,0.04,29959.085535051327,0.04449494867367321,189,6,5,1.0,1.0,2.0,True,,2.2e-07
30.0,+,200,31257.87106,6,6,1.0,0.0,1.0,0.01,31258.35625686653,-0.48519686652798555,201,6,6,1.0,0.0,1.0,True,,5.4e-08
30.0,+,204,31352.4629,6,6,1.0,-1.0,0.0,0.01,31353.42508225339,-0.9621822533918021,204,6,6,1.0,-1.0,0.0,True,,5.4e-08
30.0,+,205,31453.17332,6,6,1.0,1.0,2.0,0.04,31453.888941984882,-0.7156219848802721,205,6,6,1.0,1.0,2.0,True,,2.2e-07
30.0,+,216,32685.95963,6,7,1.0,0.0,1.0,0.01,32685.541959457976,0.4176705420250073,215,6,7,1.0,0.0,1.0,True,,5.4e-08
30.0,+,217,32778.89992,6,7,1.0,-1.0,0.0,0.01,32778.7209789833,0.17894101670390228,217,6,7,1.0,-1.0,0.0,True,,5.4e-08
30.0,+,218,32876.76443,6,7,1.0,1.0,2.0,0.01,32876.29485460511,0.4695753948908532,218,6,7,1.0,1.0,2.0,True,,5.4e-08
30.0,+,229,34032.72263,6,8,1.0,0.0,1.0,0.0,34030.895465516754,1.8271644832420861,229,6,8,1.0,0.0,1.0,True,,0.0
30.0,+,232,34126.88692,6,8,1.0,-1.0,0.0,0.0,34126.660117608604,0.22680239139299374,231,6,8,1.0,-1.0,0.0,True,,0.0
30.0,+,250,35303.89038,6,9,1.0,0.0,1.0,0.0059,35302.67696106523,1.2134189347634674,246,6,9,1.0,0.0,1.0,True,,3.2e-08
30.0,+,251,35390.83391,6,9,1.0,-1.0,0.0,0.0059,35389.86152727481,0.9723827251946204,249,6,9,1.0,-1.0,0.0,True,,3.2e-08
30.0,+,252,35482.70753,6,9,1.0,1.0,2.0,0.0059,35482.85084405653,-0.14331405652774265,251,6,9,1.0,1.0,2.0,True,,3.2e-08
30.0,+,263,36483.82772,6,10,1.0,0.0,1.0,0.0028,36483.57381197115,0.2539080288479454,261,6,10,1.0,0.0,1.0,True,,1.5e-08
30.0,+,264,36569.25962,6,10,1.0,-1.0,0.0,0.0028,36569.058253863186,0.20136613681097515,263,6,10,1.0,-1.0,0.0,True,,1.5e-08
30.0,+,265,36653.53564,6,10,1.0,1.0,2.0,0.0028,36657.96165960989,-4.4260196098912274,265,6,10,1.0,1.0,2.0,True,,1.5e-08
30.0,-,1,2019.90267,2,0,-1.0,0.0,-1.0,256.0,2019.893548903579,0.00912109642104042,1,2,0,-1.0,0.0,-1.0,True,,0.0014
30.0,-,2,2118.94966,2,0,-1.0,1.0,0.0,625.0,2118.955521139858,-0.005861139857643138,2,2,0,-1.0,1.0,0.0,True,,0.0034
30.0,-,3,2220.01085,2,0,-1.0,-1.0,-2.0,196.0,2219.998276868052,0.012573131948101945,3,2,0,-1.0,-1.0,-2.0,True,,0.0011
30.0,-,4,3623.4354,2,1,-1.0,0.0,-1.0,4.84,3623.422658911133,0.012741088866732753,4,2,1,-1.0,0.0,-1.0,True,,2.6e-05
30.0,-,5,3721.53365,2,1,-1.0,1.0,0.0,9.0,3721.528450665941,0.00519933405894335,5,2,1,-1.0,1.0,0.0,True,,4.8e-05
30.0,-,6,3821.54104,2,1,-1.0,-1.0,-2.0,2.89,3821.496679382989,0.04436061701107974,6,2,1,-1.0,-1.0,-2.0,True,,1.6e-05
30.0,-,7,5203.57026,2,2,-1.0,0.0,-1.0,3.24,5203.612454711653,-0.04219471165288269,7,2,2,-1.0,0.0,-1.0,True,,1.7e-05
30.0,-,8,5300.75086,2,2,-1.0,1.0,0.0,4.41,5300.768080035414,-0.017220035413629375,8,2,2,-1.0,1.0,0.0,True,,2.4e-05
30.0,-,9,5399.69125,2,2,-1.0,-1.0,-2.0,2.89,5399.641213360842,0.05003663915795187,9,2,2,-1.0,-1.0,-2.0,True,,1.6e-05
30.0,-,10,6760.38763,2,3,-1.0,0.0,-1.0,1.21,6760.35779216467,0.029837835329999507,10,2,3,-1.0,0.0,-1.0,True,,6.5e-06
30.0,-,11,6856.59683,2,3,-1.0,1.0,0.0,2.25,6856.580279843854,0.016550156145967776,11,2,3,-1.0,1.0,0.0,True,,1.2e-05
30.0,-,12,6954.43667,2,3,-1.0,-1.0,-2.0,1.44,6954.334199736156,0.10247026384422497,12,2,3,-1.0,-1.0,-2.0,True,,7.7e-06
30.0,-,14,8293.64193,2,4,-1.0,0.0,-1.0,0.64,8293.72545213018,-0.08352213018042676,14,2,4,-1.0,0.0,-1.0,True,,3.4e-06
30.0,-,15,8389.13779,2,4,-1.0,1.0,0.0,0.64,8389.043336776953,0.09445322304782167,15,2,4,-1.0,1.0,0.0,True,,3.4e-06
30.0,-,16,8485.80008,2,4,-1.0,-1.0,-2.0,0.49,8485.630352819771,0.16972718022952904,16,2,4,-1.0,-1.0,-2.0,True,,2.6e-06
30.0,-,18,9758.40056,3,0,-1.0,0.0,-1.0,289.0,9758.280083351188,0.12047664881174569,18,3,0,-1.0,0.0,-1.0,True,,0.0016
30.0,-,19,9803.41164,2,5,-1.0,0.0,-1.0,0.25,9803.67623120603,-0.2645912060288538,19,2,5,-1.0,0.0,-1.0,True,,1.3e-06
30.0,-,20,9898.05433,2,5,-1.0,1.0,0.0,0.49,9898.175567331515,-0.12123733151383931,20,2,5,-1.0,1.0,0.0,True,,2.6e-06
30.0,-,21,9993.49232,2,5,-1.0,-1.0,-2.0,0.25,9993.457703901227,0.0346160987719486,21,2,5,-1.0,-1.0,-2.0,True,,1.3e-06
30.0,-,25,11290.82757,2,6,-1.0,0.0,-1.0,0.25,11290.77633956267,0.05123043732965016,25,2,6,-1.0,0.0,-1.0,True,,1.3e-06
30.0,-,26,11326.58972,3,1,-1.0,0.0,-1.0,3.61,11326.45416498196,0.13555501803966763,26,3,1,-1.0,0.0,-1.0,True,,1.9e-05
30.0,-,27,11383.86781,2,6,-1.0,1.0,0.0,0.16,11383.930458922983,-0.06264892298349878,27,2,6,-1.0,1.0,0.0,True,,8.6e-07
30.0,-,32,12870.45932,3,2,-1.0,0.0,-1.0,1.21,12870.332335936953,0.12698406304662058,32,3,2,-1.0,0.0,-1.0,True,,6.5e-06
30.0,-,38,14193.19963,2,8,-1.0,0.0,-1.0,0.16,14193.32733516894,-0.1277051689412474,38,2,8,-1.0,0.0,-1.0,True,,8.6e-07
30.0,-,39,14287.32503,2,8,-1.0,1.0,0.0,0.16,14285.135651532562,2.189378467437564,39,2,8,-1.0,1.0,0.0,True,,8.6e-07
30.0,-,40,14376.21076,2,8,-1.0,-1.0,-2.0,0.09,14376.889936497013,-0.6791764970130316,40,2,8,-1.0,-1.0,-2.0,True,,4.8e-07
30.0,-,41,14389.98522,3,3,-1.0,0.0,-1.0,0.49,14389.885925034656,0.09929496534459759,41,3,3,-1.0,0.0,-1.0,True,,2.6e-06
30.0,-,46,15610.95097,2,9,-1.0,0.0,-1.0,0.0033,15610.71292978462,0.2380402153794421,46,2,9,-1.0,0.0,-1.0,True,,1.8e-08
30.0,-,47,15700.66242,2,9,-1.0,1.0,0.0,0.0033,15700.628436897035,0.03398310296506679,47,2,9,-1.0,1.0,0.0,True,,1.8e-08
30.0,-,48,15793.58789,2,9,-1.0,-1.0,-2.0,0.0033,15792.854439456269,0.7334505437320331,48,2,9,-1.0,-1.0,-2.0,True,,1.8e-08
30.0,-,49,15885.11842,3,4,-1.0,0.0,-1.0,0.25,15885.035326570587,0.0830934294135659,49,3,4,-1.0,0.0,-1.0,True,,1.3e-06
30.0,-,59,17355.63327,3,5,-1.0,0.0,-1.0,0.04,17355.72643861901,-0.09316861901243101,59,3,5,-1.0,0.0,-1.0,True,,2.2e-07
30.0,-,65,18801.59019,3,6,-1.0,0.0,-1.0,0.01,18801.76496681636,-0.17477681636228226,65,3,6,-1.0,0.0,-1.0,True,,5.4e-08
31.0,+,13,7719.92961,4,0,0.0,1.0,1.0,144.0,7719.823729273694,0.10588072630616807,13,4,0,0.0,1.0,1.0,True,,0.00077
31.0,+,17,9151.8699,4,1,0.0,1.0,1.0,1.44,9151.732067028997,0.1378329710023536,17,4,1,0.0,1.0,1.0,True,,7.7e-06
31.0,+,22,10561.63118,4,2,0.0,1.0,1.0,2.25,10561.523264269366,0.10791573063397664,22,4,2,0.0,1.0,1.0,True,,1.2e-05
31.0,+,29,11949.27043,4,3,0.0,1.0,1.0,2.56,11949.180602382385,0.0898276176158106,29,4,3,0.0,1.0,1.0,True,,1.4e-05
31.0,+,35,13296.50587,7,0,2.0,0.0,2.0,9.0,13296.496998427241,0.008871572759744595,35,7,0,2.0,0.0,2.0,True,,4.8e-05
31.0,+,37,13314.88681,4,4,0.0,1.0,1.0,1.69,13314.789497616883,0.09731238311724155,37,4,4,0.0,1.0,1.0,True,,9.1e-06
31.0,+,42,14658.54655,4,5,0.0,1.0,1.0,1.21,14658.458598643187,0.08795135681248212,42,4,5,0.0,1.0,1.0,True,,6.5e-06
31.0,+,43,14664.31723,7,1,2.0,0.0,2.0,0.09,14664.260255679652,0.056974320348672336,43,7,1,2.0,0.0,2.0,True,,4.8e-07
31.0,+,50,15980.37324,4,6,0.0,1.0,1.0,0.49,15980.30161389486,0.07162610514023982,50,4,6,0.0,1.0,1.0,True,,2.6e-06
31.0,+,51,16009.23466,7,2,2.0,0.0,2.0,0.16,16009.168273141995,0.06638685800498934,51,7,2,2.0,0.0,2.0,True,,8.6e-07
31.0,+,56,17280.62102,4,7,0.0,1.0,1.0,0.16,17280.43945627595,0.1815637240470096,56,4,7,0.0,1.0,1.0,True,,8.6e-07
31.0,+,58,17331.31203,7,3,2.0,0.0,2.0,0.16,17331.24206509915,0.06996490084929974,58,7,3,2.0,0.0,2.0,True,,8.6e-07
31.0,+,63,18630.62126,7,4,2.0,0.0,2.0,0.25,18630.569106078663,0.052153921336866915,63,7,4,2.0,0.0,2.0,True,,1.3e-06
31.0,+,71,19907.21429,7,5,2.0,0.0,2.0,0.04,19907.218082192303,-0.0037921923030808102,71,7,5,2.0,0.0,2.0,True,,2.2e-07
31.0,+,78,21161.16539,7,6,2.0,0.0,2.0,0.01,21161.204463234048,-0.0390732340492832,78,7,6,2.0,0.0,2.0,True,,5.4e-08
31.0,+,81,21607.99431,6,0,1.0,0.0,1.0,100.0,21608.02903782243,-0.03472782243261463,81,6,0,1.0,0.0,1.0,True,,0.00054
31.0,+,83,21717.70563,6,0,1.0,-1.0,0.0,144.0,21717.768254342627,-0.06262434262680472,83,6,0,1.0,-1.0,0.0,True,,0.00077
31.0,+,84,21828.9145,6,0,1.0,1.0,2.0,121.0,21828.859063732405,0.05543626759390463,84,6,0,1.0,1.0,2.0,True,,0.00065
31.0,+,86,22392.59442,7,7,2.0,0.0,2.0,0.01,22392.591607248887,0.0028127511141065042,86,7,7,2.0,0.0,2.0,True,,5.4e-08
31.0,+,93,23342.7744,6,1,1.0,0.0,1.0,0.16,23342.770416236257,0.003983763741416624,93,6,1,1.0,0.0,1.0,True,,8.6e-07
31.0,+,94,23449.61243,6,1,1.0,-1.0,0.0,0.36,23449.28323679477,0.32919320523069473,94,6,1,1.0,-1.0,0.0,True,,1.9e-06
31.0,+,96,23561.0756,6,1,1.0,1.0,2.0,0.25,23560.900603938615,0.17499606138517265,96,6,1,1.0,1.0,2.0,True,,1.3e-06
31.0,+,107,25039.20493,6,2,1.0,0.0,1.0,0.64,25039.231396916537,-0.026466916537174257,107,6,2,1.0,0.0,1.0,True,,3.4e-06
31.0,+,110,25146.46384,6,2,1.0,-1.0,0.0,0.81,25146.567772178096,-0.10393217809541966,109,6,2,1.0,-1.0,0.0,True,,4.4e-06
31.0,+,111,25254.75897,6,2,1.0,1.0,2.0,0.16,25254.61788594878,0.14108405121805845,111,6,2,1.0,1.0,2.0,True,,8.6e-07
31.0,+,120,26693.59333,6,3,1.0,0.0,1.0,0.04,26693.629733580634,-0.03640358063421445,120,6,3,1.0,0.0,1.0,True,,2.2e-07
31.0,+,121,26799.23426,6,3,1.0,-1.0,0.0,0.16,26798.778891334776,0.4553686652252509,121,6,3,1.0,-1.0,0.0,True,,8.6e-07
31.0,+,122,26906.12167,6,3,1.0,1.0,2.0,0.04,26906.005400592225,0.11626940777568961,122,6,3,1.0,1.0,2.0,True,,2.2e-07
31.0,+,133,28301.49572,6,4,1.0,0.0,1.0,0.04,28301.56813612439,-0.07241612439247547,133,6,4,1.0,0.0,1.0,True,,2.2e-07
31.0,+,135,28405.70794,6,4,1.0,-1.0,0.0,0.01,28406.1668048636,-0.45886486359813716,135,6,4,1.0,-1.0,0.0,True,,5.4e-08
31.0,+,136,28510.7372,6,4,1.0,1.0,2.0,0.04,28510.667557921042,0.06964207895725849,136,6,4,1.0,1.0,2.0,True,,2.2e-07
31.0,+,146,29856.48557,6,5,1.0,0.0,1.0,0.04,29856.64963671485,-0.16406671484946855,145,6,5,1.0,0.0,1.0,True,,2.2e-07
31.0,+,149,29958.77338,6,5,1.0,-1.0,0.0,0.01,29958.53881184108,0.234568158917682,148,6,5,1.0,-1.0,0.0,True,,5.4e-08
31.0,+,150,30054.70808,6,5,1.0,1.0,2.0,0.04,30062.212058376066,-7.503978376065788,150,6,5,1.0,1.0,2.0,True,*,2.2e-07
31.0,+,159,31351.61781,6,6,1.0,0.0,1.0,0.04,31351.69462837569,-0.07681837569180061,159,6,6,1.0,0.0,1.0,True,,2.2e-07
31.0,+,161,31452.37564,6,6,1.0,1.0,2.0,0.0,31453.465290464075,-1.0896504640768399,161,6,6,1.0,-1.0,0.0,False,,0.0
31.0,+,162,31553.33328,6,6,1.0,-1.0,0.0,0.0,31553.274265508295,0.059014491704147076,162,6,6,1.0,1.0,2.0,False,,0.0
31.0,+,170,32777.89657,6,7,1.0,0.0,1.0,0.01,32777.96200232827,-0.06543232827243628,170,6,7,1.0,0.0,1.0,True,,5.4e-08
31.0,+,171,32876.23581,6,7,1.0,-1.0,0.0,0.04,32875.87671104888,0.35909895112126833,171,6,7,1.0,-1.0,0.0,True,,2.2e-07
31.0,+,198,35390.00563,6,9,1.0,0.0,1.0,0.0059,35389.2294140324,0.7762159675985458,195,6,9,1.0,0.0,1.0,True,,3.2e-08
31.0,+,199,35485.72203,6,9,1.0,-1.0,0.0,0.0059,35482.528683520446,3.19334647955111,197,6,9,1.0,-1.0,0.0,True,,3.2e-08
31.0,+,200,35573.61076,6,9,1.0,1.0,2.0,0.0033,35575.03086856383,-1.4201085638269433,199,6,9,1.0,1.0,2.0,True,,1.8e-08
31.0,+,209,36568.17097,6,10,1.0,0.0,1.0,0.0028,36568.47423153686,-0.3032615368574625,207,6,10,1.0,0.0,1.0,True,,1.5e-08
31.0,+,210,36658.35542,6,10,1.0,-1.0,0.0,0.0028,36657.81280694253,0.5426130574705894,209,6,10,1.0,-1.0,0.0,True,,1.5e-08
31.0,+,211,36750.62189,6,10,1.0,1.0,2.0,0.0028,36748.48306763649,2.138822363514919,211,6,10,1.0,1.0,2.0,True,,1.5e-08
31.0,-,2,2116.97575,2,0,-1.0,0.0,-1.0,676.0,2116.981276139226,-0.00552613922582168,2,2,0,-1.0,0.0,-1.0,True,,0.0036
31.0,-,3,2217.75317,2,0,-1.0,1.0,0.0,225.0,2217.756715923994,-0.003545923993897304,3,2,0,-1.0,1.0,0.0,True,,0.0012
31.0,-,4,2323.02313,2,0,-1.0,-1.0,-2.0,361.0,2323.020392746558,0.0027372534418645955,4,2,0,-1.0,-1.0,-2.0,True,,0.0019
31.0,-,6,3719.55779,2,1,-1.0,0.0,-1.0,7.29,3719.546728304363,0.011061695636726654,6,2,1,-1.0,0.0,-1.0,True,,3.9e-05
31.0,-,7,3819.26923,2,1,-1.0,1.0,0.0,3.24,3819.264181149606,0.005048850393905013,7,2,1,-1.0,1.0,0.0,True,,1.7e-05
31.0,-,8,3923.53173,2,1,-1.0,-1.0,-2.0,5.76,3923.512523225066,0.019206774933991255,8,2,1,-1.0,-1.0,-2.0,True,,3.1e-05
31.0,-,9,5298.77142,2,2,-1.0,0.0,-1.0,5.29,5298.777972832359,-0.006552832359375316,9,2,2,-1.0,0.0,-1.0,True,,2.8e-05
31.0,-,11,5397.40167,2,2,-1.0,1.0,0.0,3.61,5397.41935368449,-0.017683684489384177,11,2,2,-1.0,1.0,0.0,True,,1.9e-05
31.0,-,12,5500.66012,2,2,-1.0,-1.0,-2.0,6.25,5500.661438904959,-0.0013189049595894176,12,2,2,-1.0,-1.0,-2.0,True,,3.4e-05
31.0,-,13,6854.62273,2,3,-1.0,0.0,-1.0,1.21,6854.580912977049,0.04181702295136347,13,2,3,-1.0,0.0,-1.0,True,,6.5e-06
31.0,-,14,6952.11332,2,3,-1.0,1.0,0.0,1.0,6952.126042937974,-0.012722937973194348,14,2,3,-1.0,1.0,0.0,True,,5.4e-06
31.0,-,15,7054.39831,2,3,-1.0,-1.0,-2.0,1.96,7054.384442561387,0.013867438612578553,15,2,3,-1.0,-1.0,-2.0,True,,1.1e-05
31.0,-,19,8387.0526,2,4,-1.0,0.0,-1.0,0.81,8387.033939490644,0.018660509356777766,19,2,4,-1.0,0.0,-1.0,True,,4.4e-06
31.0,-,20,8483.61232,2,4,-1.0,1.0,0.0,0.36,8483.442403312525,0.16991668747505173,20,2,4,-1.0,1.0,0.0,True,,1.9e-06
31.0,-,21,8584.58304,2,4,-1.0,-1.0,-2.0,0.49,8584.755706038679,-0.17266603867938102,21,2,4,-1.0,-1.0,-2.0,True,,2.6e-06
31.0,-,25,9857.14287,3,0,-1.0,0.0,-1.0,484.0,9857.205185189365,-0.06231518936510838,25,3,0,-1.0,0.0,-1.0,True,,0.0026
31.0,-,26,9896.13506,2,5,-1.0,0.0,-1.0,0.49,9896.155616089647,-0.020556089646561304,26,2,5,-1.0,0.0,-1.0,True,,2.6e-06
31.0,-,27,9991.1809,2,5,-1.0,1.0,0.0,0.25,9991.310719103783,-0.12981910378402972,27,2,5,-1.0,1.0,0.0,True,,1.3e-06
31.0,-,28,10091.68633,2,5,-1.0,-1.0,-2.0,0.09,10091.792300829231,-0.10597082923050039,28,2,5,-1.0,-1.0,-2.0,True,,4.8e-07
31.0,-,33,11381.94263,2,6,-1.0,0.0,-1.0,0.16,11381.896879633374,0.04575036662572529,33,2,6,-1.0,0.0,-1.0,True,,8.6e-07
31.0,-,34,11424.26999,3,1,-1.0,0.0,-1.0,4.84,11424.315396708105,-0.04540670810456504,34,3,1,-1.0,0.0,-1.0,True,,2.6e-05
31.0,-,35,11476.61692,2,6,-1.0,1.0,0.0,0.36,11476.605434929752,0.011485070248454576,35,2,6,-1.0,1.0,0.0,True,,1.9e-06
31.0,-,36,11575.49843,2,6,-1.0,-1.0,-2.0,0.09,11575.441688454315,0.05674154568441736,36,2,6,-1.0,-1.0,-2.0,True,,4.8e-07
31.0,-,42,12967.08729,3,2,-1.0,0.0,-1.0,1.44,12967.131095168641,-0.04380516864148376,42,3,2,-1.0,0.0,-1.0,True,,7.7e-06
31.0,-,49,14283.91438,2,8,-1.0,0.0,-1.0,0.09,14283.078764601001,0.8356153989989252,49,2,8,-1.0,0.0,-1.0,True,,4.8e-07
31.0,-,50,14375.23892,2,8,-1.0,1.0,0.0,0.09,14374.799830100854,0.4390898991459835,50,2,8,-1.0,1.0,0.0,True,,4.8e-07
31.0,-,51,14471.91454,2,8,-1.0,-1.0,-2.0,0.09,14472.426240873638,-0.5117008736378921,51,2,8,-1.0,-1.0,-2.0,True,,4.8e-07
31.0,-,52,14485.53639,3,3,-1.0,0.0,-1.0,0.64,14485.61778726248,-0.08139726248009538,52,3,3,-1.0,0.0,-1.0,True,,3.4e-06
31.0,-,58,15698.54271,2,9,-1.0,0.0,-1.0,0.0033,15698.553508375991,-0.010798375991726061,58,2,9,-1.0,0.0,-1.0,True,,1.8e-08
31.0,-,59,15790.58661,2,9,-1.0,1.0,0.0,0.0033,15790.522897119963,0.0637128800372011,59,2,9,-1.0,1.0,0.0,True,,1.8e-08
31.0,-,60,15880.53564,2,9,-1.0,-1.0,-2.0,0.0033,15885.795485469584,-5.259845469583524,60,2,9,-1.0,-1.0,-2.0,True,,1.8e-08
31.0,-,62,15979.60972,3,4,-1.0,0.0,-1.0,0.81,15979.696922478763,-0.08720247876226495,62,3,4,-1.0,0.0,-1.0,True,,4.4e-06
31.0,-,74,17449.01026,3,5,-1.0,0.0,-1.0,0.04,17449.312703605043,-0.3024436050436634,74,3,5,-1.0,0.0,-1.0,True,,2.2e-07
31.0,-,83,18893.91687,3,6,-1.0,0.0,-1.0,0.04,18894.308600619588,-0.3917306195871788,83,3,6,-1.0,0.0,-1.0,True,,2.2e-07
32.0,+,1,1904.68564,1,0,0.0,0.0,0.0,400.0,1904.69348628983,-0.00784628983001312,1,1,0,0.0,0.0,0.0,True,,0.0022
32.0,+,5,3712.89882,1,1,0.0,0.0,0.0,84.0,3712.899120664719,-0.0003006647189067735,5,1,1,0.0,0.0,0.0,True,,0.00045
32.0,+,10,5492.45724,1,2,0.0,0.0,0.0,6.76,5492.597331301563,-0.1400913015631886,10,1,2,0.0,0.0,0.0,True,,3.6e-05
32.0,+,16,7242.35355,1,3,0.0,0.0,0.0,2.56,7242.660960555022,-0.3074105550222157,16,1,3,0.0,0.0,0.0,True,,1.4e-05
32.0,+,17,7719.74803,4,0,0.0,1.0,1.0,144.0,7719.826704495932,-0.07867449593231868,17,4,0,0.0,1.0,1.0,True,,0.00077
32.0,+,18,7911.90872,4,0,0.0,0.0,0.0,144.0,7911.878444565691,0.030275434309260163,18,4,0,0.0,0.0,0.0,True,,0.00077
32.0,+,22,8961.29878,1,4,0.0,0.0,0.0,0.36,8961.810372150328,-0.5115921503293066,22,1,4,0.0,0.0,0.0,True,,1.9e-06
32.0,+,23,9151.70171,4,1,0.0,1.0,1.0,1.44,9151.742906795325,-0.0411967953259591,23,4,1,0.0,1.0,1.0,True,,7.7e-06
32.0,+,24,9341.72956,4,1,0.0,0.0,0.0,1.69,9341.658025636747,0.07153436325279472,24,4,1,0.0,0.0,0.0,True,,9.1e-06
32.0,+,29,10561.40355,4,2,0.0,1.0,1.0,2.25,10561.511583899062,-0.10803389906141092,29,4,2,0.0,1.0,1.0,True,,1.2e-05
32.0,+,31,10749.36922,4,2,0.0,0.0,0.0,2.25,10749.325431214214,0.043788785786091466,31,4,2,0.0,0.0,0.0,True,,1.2e-05
32.0,+,37,11949.06916,4,3,0.0,1.0,1.0,2.25,11949.183766113749,-0.11460611374968721,37,4,3,0.0,1.0,1.0,True,,1.2e-05
32.0,+,38,12134.87071,4,3,0.0,0.0,0.0,1.96,12134.838885589694,0.03182441030548944,38,4,3,0.0,0.0,0.0,True,,1.1e-05
32.0,+,45,13314.69792,4,4,0.0,1.0,1.0,1.0,13314.795859175725,-0.09793917572460487,45,4,4,0.0,1.0,1.0,True,,5.4e-06
32.0,+,46,13388.81056,7,0,2.0,0.0,2.0,9.0,13388.805452037339,0.005107962660986232,46,7,0,2.0,0.0,2.0,True,,4.8e-05
32.0,+,47,13498.35575,4,4,0.0,0.0,0.0,1.21,13498.321258083457,0.034491916543629486,47,4,4,0.0,0.0,0.0,True,,6.5e-06
32.0,+,53,14658.36342,4,5,0.0,1.0,1.0,0.81,14658.466728011075,-0.10330801107556908,53,4,5,0.0,1.0,1.0,True,,4.4e-06
32.0,+,54,14755.54507,7,1,2.0,0.0,2.0,0.09,14755.483857131505,0.06121286849520402,54,7,1,2.0,0.0,2.0,True,,4.8e-07
32.0,+,55,14839.90592,4,5,0.0,0.0,0.0,0.49,14839.86201454517,0.043905454829655355,55,4,5,0.0,0.0,0.0,True,,2.6e-06
32.0,+,60,15980.14864,4,6,0.0,1.0,1.0,0.16,15980.310976580264,-0.1623365802643093,60,4,6,0.0,1.0,1.0,True,,8.6e-07
32.0,+,63,16099.37822,7,2,2.0,0.0,2.0,0.25,16099.30735351929,0.07086648070981028,63,7,2,2.0,0.0,2.0,True,,1.3e-06
32.0,+,64,16159.58865,4,6,0.0,0.0,0.0,0.16,16159.577102596368,0.011547403631993802,64,4,6,0.0,0.0,0.0,True,,8.6e-07
32.0,+,65,16747.14145,8,0,0.0,0.0,0.0,1.0,16747.192349524805,-0.05089952480557258,65,8,0,0.0,0.0,0.0,True,,5.4e-06
32.0,+,69,17280.22783,4,7,0.0,1.0,1.0,0.16,17280.44987041176,-0.22204041176155442,69,4,7,0.0,1.0,1.0,True,,8.6e-07
32.0,+,72,17420.37237,7,3,2.0,0.0,2.0,0.09,17420.29765163323,0.07471836676995736,72,7,3,2.0,0.0,2.0,True,,4.8e-07
32.0,+,73,17457.5326,4,7,0.0,0.0,0.0,0.09,17457.587622862527,-0.05502286252885824,73,4,7,0.0,0.0,0.0,True,,4.8e-07
32.0,+,80,18718.58776,7,4,2.0,0.0,2.0,0.04,18718.540911835935,0.046848164063703734,80,7,4,2.0,0.0,2.0,True,,2.2e-07
32.0,+,103,21716.0217,6,0,1.0,0.0,1.0,121.0,21715.952562683746,0.06913731625536457,103,6,0,1.0,0.0,1.0,True,,0.00065
32.0,+,105,21827.19806,6,0,1.0,-1.0,0.0,64.0,21827.19931045946,-0.0012504594596975949,105,6,0,1.0,-1.0,0.0,True,,0.00034
32.0,+,106,21943.36703,6,0,1.0,1.0,2.0,100.0,21943.49188796566,-0.12485796566033969,106,6,0,1.0,1.0,2.0,True,,0.00054
32.0,+,111,22477.24962,7,7,2.0,0.0,2.0,0.04,22477.302901913714,-0.05328191371518187,111,7,7,2.0,0.0,2.0,True,,2.2e-07
32.0,+,117,23447.90724,6,1,1.0,0.0,1.0,0.36,23447.898868690052,0.008371309948415728,117,6,1,1.0,0.0,1.0,True,,1.9e-06
32.0,+,119,23559.40955,6,1,1.0,-1.0,0.0,0.16,23559.252795416647,0.1567545833531767,119,6,1,1.0,-1.0,0.0,True,,8.6e-07
32.0,+,122,23674.38581,6,1,1.0,1.0,2.0,0.16,23674.477678176514,-0.09186817651425372,122,6,1,1.0,1.0,2.0,True,,8.6e-07
32.0,+,137,25144.83713,6,2,1.0,0.0,1.0,0.49,25144.798631093832,0.03849890616766061,136,6,2,1.0,0.0,1.0,True,,2.6e-06
32.0,+,139,25253.0544,6,2,1.0,-1.0,0.0,0.36,25253.051661880498,0.002738119503192138,139,6,2,1.0,-1.0,0.0,True,,1.9e-06
32.0,+,140,25366.62994,6,2,1.0,1.0,2.0,0.16,25366.761761520327,-0.1318215203282307,140,6,2,1.0,1.0,2.0,True,,8.6e-07
32.0,+,151,26797.64554,6,3,1.0,0.0,1.0,0.04,26797.098815336947,0.5467246630541922,151,6,3,1.0,0.0,1.0,True,,2.2e-07
32.0,+,152,26904.50753,6,3,1.0,1.0,2.0,0.04,26904.427684932445,0.07984506755383336,152,6,3,1.0,-1.0,0.0,False,,2.2e-07
32.0,+,155,27016.312,6,3,1.0,-1.0,0.0,0.04,27014.868075091134,1.4439249088682118,155,6,3,1.0,1.0,2.0,False,,2.2e-07
32.0,+,169,28404.13796,6,4,1.0,0.0,1.0,0.01,28404.416370264636,-0.2784102646364772,169,6,4,1.0,0.0,1.0,True,,5.4e-08
32.0,+,170,28509.13042,6,4,1.0,-1.0,0.0,0.04,28509.170021400263,-0.03960140026174486,170,6,4,1.0,-1.0,0.0,True,,2.2e-07
32.0,+,171,28619.54731,6,4,1.0,1.0,2.0,0.01,28619.960619092297,-0.41330909229509416,171,6,4,1.0,1.0,2.0,True,,5.4e-08
32.0,+,184,29957.12863,6,5,1.0,0.0,1.0,0.09,29956.902766178595,0.2258638214043458,183,6,5,1.0,0.0,1.0,True,,4.8e-07
32.0,+,187,30060.7229,6,5,1.0,-1.0,0.0,0.04,30060.710910500293,0.011989499707851792,186,6,5,1.0,-1.0,0.0,True,,2.2e-07
32.0,+,189,30168.7022,6,5,1.0,1.0,2.0,0.01,30168.18097469967,0.5212253003301157,189,6,5,1.0,1.0,2.0,True,,5.4e-08
32.0,+,201,31450.96889,6,6,1.0,0.0,1.0,0.04,31451.42898650701,-0.46009650700943894,201,6,6,1.0,0.0,1.0,True,,2.2e-07
32.0,+,203,31551.9609,6,6,1.0,-1.0,0.0,0.04,31551.96323282054,-0.0023328205425059423,203,6,6,1.0,-1.0,0.0,True,,2.2e-07
32.0,+,205,31658.56333,6,6,1.0,1.0,2.0,0.04,31659.205048829852,-0.6417188298510155,205,6,6,1.0,1.0,2.0,True,,2.2e-07
32.0,+,216,32874.93363,6,7,1.0,0.0,1.0,0.04,32874.30852212492,0.6251078750792658,216,6,7,1.0,0.0,1.0,True,,2.2e-07
32.0,+,217,32973.65192,6,7,1.0,-1.0,0.0,0.04,32973.459645493516,0.19227450648031663,217,6,7,1.0,-1.0,0.0,True,,2.2e-07
32.0,+,218,33071.66043,6,7,1.0,1.0,2.0,0.01,33076.838402459056,-5.177972459052398,218,6,7,1.0,1.0,2.0,True,,5.4e-08
32.0,+,230,34220.00163,6,8,1.0,0.0,1.0,0.0,34234.33984764622,-14.338217646218254,230,6,8,1.0,0.0,1.0,True,*,0.0
32.0,+,250,35482.81938,6,9,1.0,0.0,1.0,0.0033,35481.02720276296,1.792177237039141,247,6,9,1.0,0.0,1.0,True,,1.8e-08
32.0,+,251,35575.32292,6,9,1.0,-1.0,0.0,0.0033,35573.881935566176,1.4409844338224502,249,6,9,1.0,-1.0,0.0,True,,1.8e-08
32.0,+,252,35673.12254,6,9,1.0,1.0,2.0,0.0033,35672.378802260115,0.743737739881908,251,6,9,1.0,1.0,2.0,True,,1.8e-08
32.0,+,263,36656.92671,6,10,1.0,0.0,1.0,0.0028,36656.46203895277,0.46467104722978547,261,6,10,1.0,0.0,1.0,True,,1.5e-08
32.0,+,264,36747.62061,6,10,1.0,-1.0,0.0,0.0028,36747.420155589694,0.20045441030379152,264,6,10,1.0,-1.0,0.0,True,,1.5e-08
32.0,+,265,36836.43764,6,10,1.0,1.0,2.0,0.0028,36841.51806180564,-5.080421805643709,265,6,10,1.0,1.0,2.0,True,,1.5e-08
32.0,-,1,2216.64429,2,0,-1.0,0.0,-1.0,169.0,2216.639875724132,0.0044142758683847205,1,2,0,-1.0,0.0,-1.0,True,,0.00091
32.0,-,2,2321.9777,2,0,-1.0,1.0,0.0,484.0,2321.990492077175,-0.012792077175163286,2,2,0,-1.0,1.0,0.0,True,,0.0026
32.0,-,3,2429.23261,2,0,-1.0,-1.0,-2.0,225.0,2429.221272816528,0.011337183471823664,3,2,0,-1.0,-1.0,-2.0,True,,0.0012
32.0,-,4,3818.14334,2,1,-1.0,0.0,-1.0,3.61,3818.138764516237,0.004575483762891963,4,2,1,-1.0,0.0,-1.0,True,,1.9e-05
32.0,-,5,3922.47738,2,1,-1.0,1.0,0.0,7.29,3922.470343600382,0.0070363996178457455,5,2,1,-1.0,1.0,0.0,True,,3.9e-05
32.0,-,6,4028.59714,2,1,-1.0,-1.0,-2.0,3.61,4028.554320838192,0.04281916180798362,6,2,1,-1.0,-1.0,-2.0,True,,1.9e-05
32.0,-,7,5396.25744,2,2,-1.0,0.0,-1.0,3.61,5396.286551304424,-0.02911130442407739,7,2,2,-1.0,0.0,-1.0,True,,1.9e-05
32.0,-,8,5499.59169,2,2,-1.0,1.0,0.0,5.29,5499.60593479315,-0.014244793149373436,8,2,2,-1.0,1.0,0.0,True,,2.8e-05
32.0,-,9,5604.57221,2,2,-1.0,-1.0,-2.0,2.89,5604.52060365547,0.05160634453022794,9,2,2,-1.0,-1.0,-2.0,True,,1.6e-05
32.0,-,10,6950.94282,2,3,-1.0,0.0,-1.0,1.0,6950.988503387706,-0.04568338770604896,10,2,3,-1.0,0.0,-1.0,True,,5.4e-06
32.0,-,11,7053.31494,2,3,-1.0,1.0,0.0,2.56,7053.314591249614,0.0003487503863652819,11,2,3,-1.0,1.0,0.0,True,,1.4e-05
32.0,-,12,7157.13772,2,3,-1.0,-1.0,-2.0,1.21,7157.033661323713,0.10405867628651322,12,2,3,-1.0,-1.0,-2.0,True,,6.5e-06
32.0,-,14,8482.17589,2,4,-1.0,0.0,-1.0,0.49,8482.306117776025,-0.130227776024185,14,2,4,-1.0,0.0,-1.0,True,,2.6e-06
32.0,-,15,8583.65538,2,4,-1.0,1.0,0.0,0.36,8583.670450659376,-0.015070659375851392,15,2,4,-1.0,1.0,0.0,True,,1.9e-06
32.0,-,16,8686.24349,2,4,-1.0,-1.0,-2.0,0.36,8686.14263891755,0.1008510824503901,16,2,4,-1.0,-1.0,-2.0,True,,1.9e-06
32.0,-,18,9959.40219,3,0,-1.0,0.0,-1.0,225.0,9959.268718063253,0.1334719367478101,18,3,0,-1.0,0.0,-1.0,True,,0.0012
32.0,-,19,9989.88198,2,5,-1.0,0.0,-1.0,0.16,9990.195398154548,-0.3134181545483443,19,2,5,-1.0,0.0,-1.0,True,,8.6e-07
32.0,-,20,10090.63795,2,5,-1.0,1.0,0.0,0.09,10090.69042361625,-0.05247361624969926,20,2,5,-1.0,1.0,0.0,True,,4.8e-07
32.0,-,21,10191.84624,2,5,-1.0,-1.0,-2.0,0.09,10191.772081885074,0.07415811492683133,21,2,5,-1.0,-1.0,-2.0,True,,4.8e-07
32.0,-,26,11525.44325,3,1,-1.0,0.0,-1.0,2.25,11525.296514431107,0.14673556889283645,26,3,1,-1.0,0.0,-1.0,True,,1.2e-05
32.0,-,27,11574.33781,2,6,-1.0,1.0,0.0,0.04,11574.327235977285,0.010574022715445608,27,2,6,-1.0,1.0,0.0,True,,2.2e-07
32.0,-,32,13067.14337,3,2,-1.0,0.0,-1.0,0.49,13066.998496201377,0.14487379862293892,32,3,2,-1.0,0.0,-1.0,True,,2.6e-06
32.0,-,38,14374.06063,2,8,-1.0,0.0,-1.0,0.09,14373.680785856519,0.3798441434810229,38,2,8,-1.0,0.0,-1.0,True,,4.8e-07
32.0,-,39,14474.18003,2,8,-1.0,1.0,0.0,0.09,14471.270889349917,2.909140650082918,39,2,8,-1.0,1.0,0.0,True,,4.8e-07
32.0,-,40,14566.88276,2,8,-1.0,-1.0,-2.0,0.09,14568.654175217258,-1.7714152172575268,40,2,8,-1.0,-1.0,-2.0,True,,4.8e-07
32.0,-,41,14584.49294,3,3,-1.0,0.0,-1.0,0.16,14584.384672867447,0.10826713255301001,41,3,3,-1.0,0.0,-1.0,True,,8.6e-07
32.0,-,46,15789.49796,2,9,-1.0,0.0,-1.0,0.0033,15789.150455255398,0.347504744602702,46,2,9,-1.0,0.0,-1.0,True,,1.8e-08
32.0,-,47,15884.82842,2,9,-1.0,1.0,0.0,0.0033,15884.626861468185,0.2015585318149533,47,2,9,-1.0,1.0,0.0,True,,1.8e-08
32.0,-,48,15984.40289,2,9,-1.0,-1.0,-2.0,0.0033,15982.639629989955,1.7632600100441778,48,2,9,-1.0,-1.0,-2.0,True,,1.8e-08
32.0,-,50,16077.3949,3,4,-1.0,0.0,-1.0,0.36,16077.358582228344,0.03631777165537642,50,3,4,-1.0,0.0,-1.0,True,,1.9e-06
32.0,-,59,17545.75724,3,5,-1.0,0.0,-1.0,0.01,17545.86585071851,-0.10861071851104498,59,3,5,-1.0,0.0,-1.0,True,,5.4e-08
32.0,-,65,18989.50355,3,6,-1.0,0.0,-1.0,0.01,18989.735775550664,-0.23222555066240602,65,3,6,-1.0,0.0,-1.0,True,,5.4e-08
33.0,+,13,7911.98968,4,0,0.0,1.0,1.0,121.0,7911.881356017826,0.1083239821737152,13,4,0,0.0,1.0,1.0,True,,0.00065
33.0,+,17,9341.80886,4,1,0.0,1.0,1.0,1.69,9341.663053308466,0.14580669153292547,17,4,1,0.0,1.0,1.0,True,,9.1e-06
33.0,+,22,10749.43776,4,2,0.0,1.0,1.0,1.96,10749.327799100653,0.10996089934815245,22,4,2,0.0,1.0,1.0,True,,1.1e-05
33.0,+,29,12134.9549,4,3,0.0,1.0,1.0,0.81,12134.859633942671,0.09526605732935423,29,4,3,0.0,1.0,1.0,True,,4.4e-06
33.0,+,35,13483.94996,7,0,2.0,0.0,2.0,9.0,13483.944255106904,0.005704893095753505,35,7,0,2.0,0.0,2.0,True,,4.8e-05
33.0,+,36,13498.43438,4,4,0.0,1.0,1.0,1.21,13498.343342183585,0.09103781641533715,36,4,4,0.0,1.0,1.0,True,,6.5e-06
33.0,+,42,14839.98122,4,5,0.0,1.0,1.0,0.49,14839.888092236202,0.09312776379738352,42,4,5,0.0,1.0,1.0,True,,2.6e-06
33.0,+,43,14849.57029,7,1,2.0,0.0,2.0,0.09,14849.50377533134,0.0665146686587832,43,7,1,2.0,0.0,2.0,True,,4.8e-07
33.0,+,49,16159.67072,4,6,0.0,1.0,1.0,0.25,16159.60770392592,0.06301607408022392,49,4,6,0.0,1.0,1.0,True,,1.3e-06
33.0,+,51,16192.28664,7,2,2.0,0.0,2.0,0.25,16192.20869912362,0.0779408763810352,51,7,2,2.0,0.0,2.0,True,,1.3e-06
33.0,+,56,17457.77358,4,7,0.0,1.0,1.0,0.09,17457.62295698038,0.1506230196209799,56,4,7,0.0,1.0,1.0,True,,4.8e-07
33.0,+,57,17512.16004,7,3,2.0,0.0,2.0,0.09,17512.08147794241,0.07856205758798751,57,7,3,2.0,0.0,2.0,True,,4.8e-07
33.0,+,63,18809.26418,7,4,2.0,0.0,2.0,0.04,18809.20691466677,0.05726533322740579,63,7,4,2.0,0.0,2.0,True,,2.2e-07
33.0,+,71,20083.64482,7,5,2.0,0.0,2.0,0.01,20083.65236922863,-0.007549228626885451,71,7,5,2.0,0.0,2.0,True,,5.4e-08
33.0,+,81,21826.25213,6,0,1.0,0.0,1.0,64.0,21826.306001161913,-0.05387116191195673,81,6,0,1.0,0.0,1.0,True,,0.00034
33.0,+,83,21942.79256,6,0,1.0,-1.0,0.0,144.0,21942.852894546977,-0.0603345469753549,83,6,0,1.0,-1.0,0.0,True,,0.00077
33.0,+,84,22060.63752,6,0,1.0,1.0,2.0,100.0,22060.58030983285,0.057210167149605695,84,6,0,1.0,1.0,2.0,True,,0.00054
33.0,+,86,22564.54336,7,7,2.0,0.0,2.0,0.01,22564.605806312553,-0.062446312553220196,86,7,7,2.0,0.0,2.0,True,,5.4e-08
33.0,+,93,23558.44944,6,1,1.0,0.0,1.0,0.16,23558.452240033374,-0.002800033373205224,93,6,1,1.0,0.0,1.0,True,,8.6e-07
33.0,+,95,23673.98822,6,1,1.0,-1.0,0.0,0.16,23674.12780028203,-0.13958028202978312,95,6,1,1.0,-1.0,0.0,True,,8.6e-07
33.0,+,97,23790.17823,6,1,1.0,1.0,2.0,0.09,23790.180280102715,-0.002050102713837987,97,6,1,1.0,1.0,2.0,True,,4.8e-07
33.0,+,108,25252.18657,6,2,1.0,0.0,1.0,0.09,25252.18266904445,0.0039009555512166116,108,6,2,1.0,0.0,1.0,True,,4.8e-07
33.0,+,110,25366.07452,6,2,1.0,-1.0,0.0,0.36,25366.162409818622,-0.08788981862380751,110,6,2,1.0,-1.0,0.0,True,,1.9e-06
33.0,+,111,25480.64299,6,2,1.0,1.0,2.0,0.09,25480.66802293537,-0.025032935369381448,111,6,2,1.0,1.0,2.0,True,,4.8e-07
33.0,+,120,26903.55457,6,3,1.0,0.0,1.0,0.01,26903.66370773468,-0.10913773467837018,120,6,3,1.0,0.0,1.0,True,,5.4e-08
33.0,+,121,27015.80947,6,3,1.0,-1.0,0.0,0.09,27014.417745244893,1.3917247551071341,121,6,3,1.0,-1.0,0.0,True,,4.8e-07
33.0,+,123,27129.05558,6,3,1.0,1.0,2.0,0.04,27128.983952239796,0.0716277602041373,123,6,3,1.0,1.0,2.0,True,,2.2e-07
33.0,+,134,28508.22882,6,4,1.0,0.0,1.0,0.01,28508.391703986694,-0.1628839866934868,134,6,4,1.0,0.0,1.0,True,,5.4e-08
33.0,+,135,28619.13395,6,4,1.0,-1.0,0.0,0.01,28619.426063866315,-0.29211386631504865,135,6,4,1.0,-1.0,0.0,True,,5.4e-08
33.0,+,136,28730.27589,6,4,1.0,1.0,2.0,0.04,28730.203438837,0.07245116299964138,136,6,4,1.0,1.0,2.0,True,,2.2e-07
33.0,+,146,30059.77507,6,5,1.0,0.0,1.0,0.04,30059.981172383563,-0.20610238356312038,145,6,5,1.0,0.0,1.0,True,,2.2e-07
33.0,+,149,30168.22202,6,5,1.0,-1.0,0.0,0.01,30167.757343881138,0.46467611886328086,148,6,5,1.0,-1.0,0.0,True,,5.4e-08
33.0,+,150,30277.70548,6,5,1.0,1.0,2.0,0.04,30277.972634232603,-0.26715423260247917,150,6,5,1.0,1.0,2.0,True,,2.2e-07
33.0,+,158,31550.89713,6,6,1.0,0.0,1.0,0.04,31550.909146376824,-0.012016376822430175,158,6,6,1.0,0.0,1.0,True,,2.2e-07
33.0,+,161,31658.29195,6,6,1.0,1.0,2.0,0.0,31658.757958363145,-0.46600836314610206,161,6,6,1.0,-1.0,0.0,False,,0.0
33.0,+,162,31758.72324,6,6,1.0,-1.0,0.0,0.0,31764.79072884814,-6.067488848140783,162,6,6,1.0,1.0,2.0,False,,0.0
33.0,+,171,33077.19381,6,7,1.0,-1.0,0.0,0.04,33076.50972675829,0.6840832417074125,171,6,7,1.0,-1.0,0.0,True,,2.2e-07
33.0,+,198,35574.66663,6,9,1.0,0.0,1.0,0.0033,35573.32927296194,1.3373570380572346,195,6,9,1.0,0.0,1.0,True,,1.8e-08
33.0,+,199,35676.11103,6,9,1.0,-1.0,0.0,0.0033,35672.14114982967,3.9698801703270874,197,6,9,1.0,-1.0,0.0,True,,1.8e-08
33.0,+,200,35768.09076,6,9,1.0,1.0,2.0,0.0033,35770.23895729981,-2.148197299808089,200,6,9,1.0,1.0,2.0,True,,1.8e-08
33.0,+,209,36746.67996,6,10,1.0,0.0,1.0,0.0028,36746.924958638454,-0.244998638452671,208,6,10,1.0,0.0,1.0,True,,1.5e-08
33.0,+,210,36842.29542,6,10,1.0,-1.0,0.0,0.0028,36841.45836289104,0.8370571089617442,210,6,10,1.0,-1.0,0.0,True,,1.5e-08
33.0,+,211,36941.21989,6,10,1.0,1.0,2.0,0.0028,36937.6578132428,3.562076757203613,211,6,10,1.0,1.0,2.0,True,,1.5e-08
33.0,-,2,2320.12392,2,0,-1.0,0.0,-1.0,625.0,2320.128730100983,-0.0048101009829224495,2,2,0,-1.0,0.0,-1.0,True,,0.0034
33.0,-,3,2427.06253,2,0,-1.0,1.0,0.0,144.0,2427.066755182058,-0.00422518205778033,3,2,0,-1.0,1.0,0.0,True,,0.00077
33.0,-,4,2538.65131,2,0,-1.0,-1.0,-2.0,441.0,2538.643372059436,0.007937940564261226,4,2,0,-1.0,-1.0,-2.0,True,,0.0024
33.0,-,6,3920.61602,2,1,-1.0,0.0,-1.0,7.84,3920.601557131654,0.014462868346072355,6,2,1,-1.0,0.0,-1.0,True,,4.2e-05
33.0,-,7,4026.42384,2,1,-1.0,1.0,0.0,3.24,4026.409645926116,0.014194073884027603,7,2,1,-1.0,1.0,0.0,True,,1.7e-05
33.0,-,8,4136.93241,2,1,-1.0,-1.0,-2.0,6.25,4136.908837299164,0.023572700836666627,8,2,1,-1.0,-1.0,-2.0,True,,3.4e-05
33.0,-,9,5497.72407,2,2,-1.0,0.0,-1.0,4.41,5497.729281233259,-0.005211233258705761,9,2,2,-1.0,0.0,-1.0,True,,2.4e-05
33.0,-,10,5602.38181,2,2,-1.0,1.0,0.0,2.56,5602.387479865764,-0.005669865764502902,10,2,2,-1.0,1.0,0.0,True,,1.4e-05
33.0,-,12,5711.82558,2,2,-1.0,-1.0,-2.0,5.29,5711.819272873124,0.006307126875981339,12,2,2,-1.0,-1.0,-2.0,True,,2.8e-05
33.0,-,13,7051.44496,2,3,-1.0,0.0,-1.0,1.96,7051.429258392222,0.015701607777373283,13,2,3,-1.0,0.0,-1.0,True,,1.1e-05
33.0,-,14,7154.91753,2,3,-1.0,1.0,0.0,1.44,7154.915313432062,0.002216567937466607,14,2,3,-1.0,1.0,0.0,True,,7.7e-06
33.0,-,15,7263.21353,2,3,-1.0,-1.0,-2.0,1.0,7263.304285471395,-0.09075547139491391,15,2,3,-1.0,-1.0,-2.0,True,,5.4e-06
33.0,-,19,8581.78166,2,4,-1.0,0.0,-1.0,0.81,8581.775725494004,0.005934505996265216,19,2,4,-1.0,0.0,-1.0,True,,4.4e-06
33.0,-,20,8684.19488,2,4,-1.0,1.0,0.0,0.36,8684.04574753724,0.14913246275864367,20,2,4,-1.0,1.0,0.0,True,,1.9e-06
33.0,-,21,8791.3282,2,4,-1.0,-1.0,-2.0,0.36,8791.433561894348,-0.10536189434787957,21,2,4,-1.0,-1.0,-2.0,True,,1.9e-06
33.0,-,25,10064.39492,3,0,-1.0,0.0,-1.0,441.0,10064.465843721671,-0.07092372167062422,25,3,0,-1.0,0.0,-1.0,True,,0.0024
33.0,-,26,10088.75272,2,5,-1.0,0.0,-1.0,0.09,10088.78582309244,-0.03310309243897791,26,2,5,-1.0,0.0,-1.0,True,,4.8e-07
33.0,-,27,10189.4839,2,5,-1.0,1.0,0.0,0.09,10189.717153791173,-0.23325379117341072,27,2,5,-1.0,1.0,0.0,True,,4.8e-07
33.0,-,28,10296.08633,2,5,-1.0,-1.0,-2.0,0.04,10296.2225776349,-0.13624763490042824,28,2,5,-1.0,-1.0,-2.0,True,,2.2e-07
33.0,-,33,11572.50163,2,6,-1.0,0.0,-1.0,0.09,11572.409284953495,0.09234504650521558,33,2,6,-1.0,0.0,-1.0,True,,4.8e-07
33.0,-,34,11629.30154,3,1,-1.0,0.0,-1.0,3.24,11629.356047713178,-0.05450771317737235,34,3,1,-1.0,0.0,-1.0,True,,1.7e-05
33.0,-,35,11672.93292,2,6,-1.0,1.0,0.0,0.04,11673.036207871823,-0.10328787182334054,35,2,6,-1.0,1.0,0.0,True,,2.2e-07
33.0,-,42,13169.88032,3,2,-1.0,0.0,-1.0,1.21,13169.931111731124,-0.050791731124263606,42,3,2,-1.0,0.0,-1.0,True,,6.5e-06
33.0,-,49,14470.65538,2,8,-1.0,0.0,-1.0,0.09,14469.331615797077,1.3237642029234848,49,2,8,-1.0,0.0,-1.0,True,,4.8e-07
33.0,-,50,14567.52592,2,8,-1.0,1.0,0.0,0.09,14566.649333967767,0.8765860322328081,50,2,8,-1.0,1.0,0.0,True,,4.8e-07
33.0,-,51,14670.29354,2,8,-1.0,-1.0,-2.0,0.09,14670.067677598636,0.22586240136479319,51,2,8,-1.0,-1.0,-2.0,True,,4.8e-07
33.0,-,52,14686.08706,3,3,-1.0,0.0,-1.0,0.36,14686.181298329097,-0.09423832909669727,52,3,3,-1.0,0.0,-1.0,True,,1.9e-06
33.0,-,58,15882.75671,2,9,-1.0,0.0,-1.0,0.0033,15882.670325238365,0.08638476163469022,58,2,9,-1.0,0.0,-1.0,True,,1.8e-08
33.0,-,59,15980.48761,2,9,-1.0,1.0,0.0,0.0033,15980.373066305086,0.11454369491366378,59,2,9,-1.0,1.0,0.0,True,,1.8e-08
33.0,-,61,16075.08164,2,9,-1.0,-1.0,-2.0,0.0033,16081.162858932605,-6.081218932604315,61,2,9,-1.0,-1.0,-2.0,True,,1.8e-08
33.0,-,62,16177.84171,3,4,-1.0,0.0,-1.0,0.64,16178.015331399476,-0.17362139947545074,62,3,4,-1.0,0.0,-1.0,True,,3.4e-06
33.0,-,74,17645.036,3,5,-1.0,0.0,-1.0,0.04,17645.376923857963,-0.3409238579624798,74,3,5,-1.0,0.0,-1.0,True,,2.2e-07
33.0,-,83,19087.63194,3,6,-1.0,0.0,-1.0,0.04,19088.10774681121,-0.47580681120962254,83,3,6,-1.0,0.0,-1.0,True,,2.2e-07
34.0,+,1,2145.2555,1,0,0.0,0.0,0.0,361.0,2145.269621452151,-0.014121452150902769,1,1,0,0.0,0.0,0.0,True,,0.0019
34.0,+,5,3951.02165,1,1,0.0,0.0,0.0,84.41,3951.021163248492,0.0004867515081059537,5,1,1,0.0,0.0,0.0,True,,0.00045
34.0,+,11,5728.07475,1,2,0.0,0.0,0.0,5.76,5728.235766123656,-0.16101612365582696,11,1,2,0.0,0.0,0.0,True,,3.1e-05
34.0,+,16,7475.41033,1,3,0.0,0.0,0.0,1.44,7475.761806272061,-0.3514762720615181,16,1,3,0.0,0.0,0.0,True,,7.7e-06
34.0,+,17,7911.80409,4,0,0.0,1.0,1.0,144.0,7911.884722724368,-0.0806327243681153,17,4,0,0.0,1.0,1.0,True,,0.00077
34.0,+,18,8115.56408,4,0,0.0,0.0,0.0,121.0,8115.525757782081,0.038322217918903334,18,4,0,0.0,0.0,0.0,True,,0.00065
34.0,+,22,9191.70311,1,4,0.0,0.0,0.0,0.09,9192.295859368098,-0.5927493680974294,22,1,4,0.0,0.0,0.0,True,,4.8e-07
34.0,+,23,9341.63769,4,1,0.0,1.0,1.0,1.44,9341.676911729151,-0.03922172915190458,23,4,1,0.0,1.0,1.0,True,,7.7e-06
34.0,+,24,9543.12815,4,1,0.0,0.0,0.0,1.44,9543.047716130366,0.08043386963436205,24,4,1,0.0,0.0,0.0,True,,7.7e-06
34.0,+,29,10749.21909,4,2,0.0,1.0,1.0,1.44,10749.320839075257,-0.10174907525652088,29,4,2,0.0,1.0,1.0,True,,7.7e-06
34.0,+,31,10948.51754,4,2,0.0,0.0,0.0,2.25,10948.461750831446,0.0557891685548384,31,4,2,0.0,0.0,0.0,True,,1.2e-05
34.0,+,37,12134.74613,4,3,0.0,1.0,1.0,2.56,12134.863423644289,-0.11729364428902045,37,4,3,0.0,1.0,1.0,True,,1.4e-05
34.0,+,38,12331.74969,4,3,0.0,0.0,0.0,1.69,12331.713680616489,0.036009383511554915,38,4,3,0.0,0.0,0.0,True,,9.1e-06
34.0,+,44,13498.24127,4,4,0.0,1.0,1.0,0.81,13498.35037773325,-0.10910773324940237,44,4,4,0.0,1.0,1.0,True,,4.4e-06
34.0,+,46,13581.91509,7,0,2.0,0.0,2.0,9.0,13581.90840285613,0.006687143870294676,46,7,0,2.0,0.0,2.0,True,,4.8e-05
34.0,+,47,13692.98433,4,4,0.0,0.0,0.0,1.0,13692.939249827285,0.045080172714733635,47,4,4,0.0,0.0,0.0,True,,5.4e-06
34.0,+,53,14839.78194,4,5,0.0,1.0,1.0,0.81,14839.897053273986,-0.1151132739851164,53,4,5,0.0,1.0,1.0,True,,4.4e-06
34.0,+,54,14946.38562,7,1,2.0,0.0,2.0,0.09,14946.314991472422,0.07062852757735527,54,7,1,2.0,0.0,2.0,True,,4.8e-07
34.0,+,55,15031.28689,4,5,0.0,0.0,0.0,0.49,15032.224433469413,-0.9375434694138676,55,4,5,0.0,0.0,0.0,True,,2.6e-06
34.0,+,60,16159.48353,4,6,0.0,1.0,1.0,0.16,16159.618060507464,-0.13453050746466033,60,4,6,0.0,1.0,1.0,True,,8.6e-07
34.0,+,63,16287.94547,7,2,2.0,0.0,2.0,0.09,16287.867276236457,0.07819376354382257,63,7,2,2.0,0.0,2.0,True,,4.8e-07
34.0,+,64,16349.58699,4,6,0.0,0.0,0.0,0.16,16349.684987763214,-0.09799776321415266,64,4,6,0.0,0.0,0.0,True,,8.6e-07
34.0,+,69,17457.44033,4,7,0.0,1.0,1.0,0.16,17457.63453531982,-0.19420531981813838,69,4,7,0.0,1.0,1.0,True,,8.6e-07
34.0,+,72,17606.66695,7,3,2.0,0.0,2.0,0.09,17606.588492407318,0.07845759268093389,72,7,3,2.0,0.0,2.0,True,,4.8e-07
34.0,+,80,18902.61175,7,4,2.0,0.0,2.0,0.01,18902.56203635549,0.04971364450830151,80,7,4,2.0,0.0,2.0,True,,5.4e-08
34.0,+,100,21426.42238,7,6,2.0,0.0,2.0,0.01,21426.481307633185,-0.058927633184794104,100,7,6,2.0,0.0,2.0,True,,5.4e-08
34.0,+,103,21941.19575,6,0,1.0,0.0,1.0,144.0,21941.121799530196,0.07395046980309417,103,6,0,1.0,0.0,1.0,True,,0.00077
34.0,+,105,22059.00544,6,0,1.0,-1.0,0.0,64.0,22058.994282231342,0.01115776865844964,105,6,0,1.0,-1.0,0.0,True,,0.00034
34.0,+,106,22181.98279,6,0,1.0,1.0,2.0,100.0,22182.109050400777,-0.12626040077884682,106,6,0,1.0,1.0,2.0,True,,0.00054
34.0,+,111,22654.41845,7,7,2.0,0.0,2.0,0.04,22654.495214665876,-0.07676466587508912,111,7,7,2.0,0.0,2.0,True,,2.2e-07
34.0,+,118,23672.51338,6,1,1.0,0.0,1.0,0.25,23672.453236288944,0.06014371105629834,118,6,1,1.0,0.0,1.0,True,,1.3e-06
34.0,+,119,23788.44532,6,1,1.0,-1.0,0.0,0.09,23788.210627586242,0.23469241375642014,119,6,1,1.0,-1.0,0.0,True,,4.8e-07
34.0,+,123,23910.22666,6,1,1.0,1.0,2.0,0.09,23910.449380550508,-0.22272055050780182,123,6,1,1.0,1.0,2.0,True,,4.8e-07
34.0,+,137,25364.55692,6,2,1.0,0.0,1.0,0.09,25364.467270563742,0.08964943625687738,137,6,2,1.0,0.0,1.0,True,,4.8e-07
34.0,+,139,25479.28758,6,2,1.0,-1.0,0.0,0.16,25479.168294458173,0.1192855418266845,139,6,2,1.0,-1.0,0.0,True,,8.6e-07
34.0,+,140,25599.37206,6,2,1.0,1.0,2.0,0.09,25599.535314290348,-0.16325429034623085,140,6,2,1.0,1.0,2.0,True,,4.8e-07
34.0,+,151,27014.31098,6,3,1.0,0.0,1.0,0.04,27012.92853478937,1.3824452106273384,151,6,3,1.0,0.0,1.0,True,,2.2e-07
34.0,+,153,27127.62549,6,3,1.0,-1.0,0.0,0.01,27127.45910323303,0.16638676696675248,153,6,3,1.0,-1.0,0.0,True,,5.4e-08
34.0,+,155,27245.87229,6,3,1.0,1.0,2.0,0.01,27232.55387842505,13.318411574950005,155,4,15,0.0,0.0,0.0,False,*,5.4e-08
34.0,+,169,28617.78369,6,4,1.0,0.0,1.0,0.01,28617.754224172328,0.02946582767253858,169,6,4,1.0,0.0,1.0,True,,5.4e-08
34.0,+,170,28728.79502,6,4,1.0,-1.0,0.0,0.04,28728.7718352209,0.023184779100120068,170,6,4,1.0,-1.0,0.0,True,,2.2e-07
34.0,+,172,28845.47645,6,4,1.0,1.0,2.0,0.04,28845.982775971326,-0.5063259713278967,171,6,4,1.0,1.0,2.0,True,,2.2e-07
34.0,+,186,30166.80883,6,5,1.0,0.0,1.0,0.01,30166.2426010485,0.5662289515021257,183,6,5,1.0,0.0,1.0,True,,5.4e-08
34.0,+,187,30276.68887,6,5,1.0,-1.0,0.0,0.04,30276.49710185237,0.191768147633411,187,6,5,1.0,-1.0,0.0,True,,2.2e-07
34.0,+,190,30390.94104,6,5,1.0,1.0,2.0,0.01,30389.27876322727,1.6622767727312748,190,6,5,1.0,1.0,2.0,True,,5.4e-08
34.0,+,202,31656.80772,6,6,1.0,0.0,1.0,0.04,31657.917694701053,-1.1099747010521241,202,6,6,1.0,0.0,1.0,True,,2.2e-07
34.0,+,203,31763.1699,6,6,1.0,-1.0,0.0,0.04,31763.50237316984,-0.33247316983761266,203,6,6,1.0,-1.0,0.0,True,,2.2e-07
34.0,+,205,31869.22433,6,6,1.0,1.0,2.0,0.01,31876.84787632716,-7.623546327158692,205,6,6,1.0,1.0,2.0,True,*,5.4e-08
34.0,+,216,33075.97963,6,7,1.0,0.0,1.0,0.04,33075.03948262668,0.9401473733232706,216,6,7,1.0,0.0,1.0,True,,2.2e-07
34.0,+,217,33180.44692,6,7,1.0,-1.0,0.0,0.04,33180.20760830099,0.23931169901334215,217,6,7,1.0,-1.0,0.0,True,,2.2e-07
34.0,+,250,35673.03838,6,9,1.0,0.0,1.0,0.0033,35670.72639047578,2.3119895242198254,247,6,9,1.0,0.0,1.0,True,,1.8e-08
34.0,+,251,35771.12692,6,9,1.0,-1.0,0.0,0.0033,35769.16325213104,1.9636678689639666,250,6,9,1.0,-1.0,0.0,True,,1.8e-08
34.0,+,252,35872.73154,6,9,1.0,1.0,2.0,0.0033,35873.10776914002,-0.3762291400198592,252,6,9,1.0,1.0,2.0,True,,1.8e-08
34.0,+,263,36840.93371,6,10,1.0,0.0,1.0,0.0028,36840.202795776226,0.7309142237718333,262,6,10,1.0,0.0,1.0,True,,1.5e-08
34.0,+,264,36936.88161,6,10,1.0,-1.0,0.0,0.0028,36936.668645162616,0.21296483738115057,264,6,10,1.0,-1.0,0.0,True,,1.5e-08
34.0,+,266,37030.46464,6,10,1.0,1.0,2.0,0.0028,37035.808763373025,-5.3441233730263775,265,6,10,1.0,1.0,2.0,True,,1.5e-08
34.0,-,1,2426.06408,2,0,-1.0,0.0,-1.0,169.0,2426.057220857616,0.0068591423842008226,1,2,0,-1.0,0.0,-1.0,True,,0.00091
34.0,-,2,2537.68406,2,0,-1.0,1.0,0.0,361.0,2537.694368657611,-0.010308657610949012,2,2,0,-1.0,1.0,0.0,True,,0.0019
34.0,-,3,2651.11024,2,0,-1.0,-1.0,-2.0,169.0,2651.099293953678,0.010946046321805625,3,2,0,-1.0,-1.0,-2.0,True,,0.00091
34.0,-,4,4025.39857,2,1,-1.0,0.0,-1.0,3.61,4025.392392222164,0.006177777836001042,4,2,1,-1.0,0.0,-1.0,True,,1.9e-05
34.0,-,5,4135.95699,2,1,-1.0,1.0,0.0,7.29,4135.947845248804,0.009144751195890422,5,2,1,-1.0,1.0,0.0,True,,3.9e-05
34.0,-,6,4248.18098,2,1,-1.0,-1.0,-2.0,4.0,4248.133581077037,0.047398922963111545,6,2,1,-1.0,-1.0,-2.0,True,,2.2e-05
34.0,-,7,5601.3298,2,2,-1.0,0.0,-1.0,3.24,5601.363843265232,-0.034043265231957776,7,2,2,-1.0,0.0,-1.0,True,,1.7e-05
34.0,-,8,5710.83274,2,2,-1.0,1.0,0.0,5.76,5710.845295110526,-0.012555110526591307,8,2,2,-1.0,1.0,0.0,True,,3.1e-05
34.0,-,9,5821.84718,2,2,-1.0,-1.0,-2.0,1.96,5821.787410198528,0.05976980147170252,9,2,2,-1.0,-1.0,-2.0,True,,1.1e-05
34.0,-,10,7153.83406,2,3,-1.0,0.0,-1.0,1.21,7153.888116912014,-0.05405691201394802,10,2,3,-1.0,0.0,-1.0,True,,6.5e-06
34.0,-,11,7262.33595,2,3,-1.0,1.0,0.0,1.44,7262.316348685659,0.019601314340434328,11,2,3,-1.0,1.0,0.0,True,,7.7e-06
34.0,-,12,7372.00306,2,3,-1.0,-1.0,-2.0,1.21,7371.986433316508,0.016626683492177108,12,2,3,-1.0,-1.0,-2.0,True,,6.5e-06
34.0,-,14,8682.92425,2,4,-1.0,0.0,-1.0,0.49,8683.021176193357,-0.09692619335692143,14,2,4,-1.0,0.0,-1.0,True,,2.6e-06
34.0,-,15,8790.41202,2,4,-1.0,1.0,0.0,0.25,8790.43065999294,-0.018639992940734373,15,2,4,-1.0,1.0,0.0,True,,1.3e-06
34.0,-,16,8898.76948,2,4,-1.0,-1.0,-2.0,0.25,8898.774032923318,-0.004552923317532986,16,2,4,-1.0,-1.0,-2.0,True,,1.3e-06
34.0,-,18,10172.94075,3,0,-1.0,0.0,-1.0,196.0,10172.791236085017,0.14951391498289013,18,3,0,-1.0,0.0,-1.0,True,,0.0011
34.0,-,19,10188.42028,2,5,-1.0,0.0,-1.0,0.16,10188.714724849024,-0.29444484902342083,19,2,5,-1.0,0.0,-1.0,True,,8.6e-07
34.0,-,20,10295.21695,2,5,-1.0,1.0,0.0,0.04,10295.203559837175,0.013390162825089647,20,2,5,-1.0,1.0,0.0,True,,2.2e-07
34.0,-,26,11736.69415,3,1,-1.0,0.0,-1.0,0.64,11736.55488821652,0.1392617834790144,26,3,1,-1.0,0.0,-1.0,True,,3.4e-06
34.0,-,27,11776.67581,2,6,-1.0,1.0,0.0,0.04,11776.58875814724,0.08705185276085103,27,2,6,-1.0,1.0,0.0,True,,2.2e-07
34.0,-,32,13276.09093,3,2,-1.0,0.0,-1.0,0.49,13275.922398165896,0.1685318341042148,32,3,2,-1.0,0.0,-1.0,True,,2.6e-06
34.0,-,38,14566.53163,2,8,-1.0,0.0,-1.0,0.09,14565.637266339534,0.8943636604653875,38,2,8,-1.0,0.0,-1.0,True,,4.8e-07
34.0,-,39,14672.59303,2,8,-1.0,1.0,0.0,0.0,14668.997059796904,3.5959702030959306,39,2,8,-1.0,1.0,0.0,True,,0.0
34.0,-,40,14769.42577,2,8,-1.0,-1.0,-2.0,0.0,14772.010279178707,-2.584509178706867,40,2,8,-1.0,-1.0,-2.0,True,,0.0
34.0,-,41,14791.12558,3,3,-1.0,0.0,-1.0,0.25,14791.00260018386,0.12297981614028686,41,3,3,-1.0,0.0,-1.0,True,,1.3e-06
34.0,-,46,15979.54696,2,9,-1.0,0.0,-1.0,0.0033,15979.087331126162,0.45962887383757334,46,2,9,-1.0,0.0,-1.0,True,,1.8e-08
34.0,-,47,16080.42142,2,9,-1.0,1.0,0.0,0.0033,16080.080152520653,0.3412674793471524,47,2,9,-1.0,1.0,0.0,True,,1.8e-08
34.0,-,48,16187.13189,2,9,-1.0,-1.0,-2.0,0.0033,16183.940378732286,3.1915112677143043,48,2,9,-1.0,-1.0,-2.0,True,,1.8e-08
34.0,-,50,16281.69368,3,4,-1.0,0.0,-1.0,0.16,16281.6618178415,0.03186215850109875,50,3,4,-1.0,0.0,-1.0,True,,8.6e-07
34.0,-,59,17747.71475,3,5,-1.0,0.0,-1.0,0.01,17747.846376360205,-0.13162636020570062,59,3,5,-1.0,0.0,-1.0,True,,5.4e-08
34.0,-,65,19189.12033,3,6,-1.0,0.0,-1.0,0.01,19189.384131444272,-0.2638014442709391,65,3,6,-1.0,0.0,-1.0,True,,5.4e-08
35.0,+,13,8115.63173,4,0,0.0,1.0,1.0,144.0,8115.528562553593,0.10316744640749675,13,4,0,0.0,1.0,1.0,True,,0.00077
35.0,+,17,9543.19716,4,1,0.0,1.0,1.0,1.44,9543.05246226242,0.14469773757991788,17,4,1,0.0,1.0,1.0,True,,7.7e-06
35.0,+,22,10948.57221,4,2,0.0,1.0,1.0,1.69,10948.459494815452,0.11271518454850593,22,4,2,0.0,1.0,1.0,True,,9.1e-06
35.0,+,29,12331.83873,4,3,0.0,1.0,1.0,1.96,12331.734632008931,0.10409799106855644,29,4,3,0.0,1.0,1.0,True,,1.1e-05
35.0,+,35,13682.69895,7,0,2.0,0.0,2.0,9.0,13682.692739462706,0.006210537294464302,35,7,0,2.0,0.0,2.0,True,,4.8e-05
35.0,+,36,13693.05486,4,4,0.0,1.0,1.0,1.44,13692.96199803228,0.09286196771972755,36,4,4,0.0,1.0,1.0,True,,7.7e-06
35.0,+,42,15032.34239,4,5,0.0,1.0,1.0,0.64,15032.251301924813,0.09108807518714457,42,4,5,0.0,1.0,1.0,True,,3.4e-06
35.0,+,43,15045.98502,7,1,2.0,0.0,2.0,0.09,15045.912338190861,0.072681809138885,43,7,1,2.0,0.0,2.0,True,,4.8e-07
35.0,+,49,16349.76091,4,6,0.0,1.0,1.0,0.09,16349.716500101045,0.04440989895556413,49,4,6,0.0,1.0,1.0,True,,4.8e-07
35.0,+,50,16386.35998,7,2,2.0,0.0,2.0,0.04,16386.277902479,0.08207752100133803,50,7,2,2.0,0.0,2.0,True,,2.2e-07
35.0,+,55,17645.58806,4,7,0.0,1.0,1.0,0.09,17645.4782179869,0.10984201309838681,55,4,7,0.0,1.0,1.0,True,,4.8e-07
35.0,+,57,17703.9005,7,3,2.0,0.0,2.0,0.04,17703.813497976982,0.08700202301770332,57,7,3,2.0,0.0,2.0,True,,2.2e-07
35.0,+,63,18998.663,7,4,2.0,0.0,2.0,0.04,18998.60107141067,0.0619285893299093,63,7,4,2.0,0.0,2.0,True,,2.2e-07
35.0,+,81,22058.13018,6,0,1.0,0.0,1.0,49.0,22058.18986458105,-0.05968458105053287,81,6,0,1.0,0.0,1.0,True,,0.00026
35.0,+,83,22181.47358,6,0,1.0,-1.0,0.0,121.0,22181.536387758675,-0.06280775867344346,83,6,0,1.0,-1.0,0.0,True,,0.00065
35.0,+,84,22305.93996,6,0,1.0,1.0,2.0,100.0,22305.881672200197,0.058287799802201334,84,6,0,1.0,1.0,2.0,True,,0.00054
35.0,+,93,23787.54473,6,1,1.0,0.0,1.0,0.25,23787.56294347125,-0.0182134712486004,93,6,1,1.0,0.0,1.0,True,,1.3e-06
35.0,+,95,23909.63657,6,1,1.0,-1.0,0.0,0.16,23909.591077597193,0.045492402805393795,95,6,1,1.0,-1.0,0.0,True,,8.6e-07
35.0,+,97,24032.49915,6,1,1.0,1.0,2.0,0.09,24032.385904329363,0.11324567063638824,97,6,1,1.0,1.0,2.0,True,,4.8e-07
35.0,+,108,25478.35723,6,2,1.0,0.0,1.0,0.49,25478.392474425767,-0.0352444257659954,108,6,2,1.0,0.0,1.0,True,,2.6e-06
35.0,+,110,25598.92733,6,2,1.0,-1.0,0.0,0.16,25599.001109618053,-0.07377961805468658,110,6,2,1.0,-1.0,0.0,True,,8.6e-07
35.0,+,111,25720.08011,6,2,1.0,1.0,2.0,0.09,25719.945546907322,0.1345630926771264,111,6,2,1.0,1.0,2.0,True,,4.8e-07
35.0,+,120,27126.66404,6,3,1.0,0.0,1.0,0.01,27126.757112740368,-0.09307274036837043,120,6,3,1.0,0.0,1.0,True,,5.4e-08
35.0,+,121,27245.43283,6,3,1.0,1.0,2.0,0.0,27232.77716562564,12.65566437436064,121,4,15,0.0,1.0,1.0,False,*,0.0
35.0,+,123,27365.01195,6,3,1.0,-1.0,0.0,0.01,27364.898338543597,0.11361145640330506,123,6,3,1.0,-1.0,0.0,True,,5.4e-08
35.0,+,134,28727.90306,6,4,1.0,0.0,1.0,0.01,28728.07666496072,-0.1736049607206951,134,6,4,1.0,0.0,1.0,True,,5.4e-08
35.0,+,135,28845.22095,6,4,1.0,-1.0,0.0,0.01,28845.51280418008,-0.291854180082737,135,6,4,1.0,-1.0,0.0,True,,5.4e-08
35.0,+,137,28962.55324,6,4,1.0,1.0,2.0,0.04,28962.55025423726,0.0029857627414457966,136,6,4,1.0,1.0,2.0,True,,2.2e-07
35.0,+,147,30275.6303,6,5,1.0,0.0,1.0,0.04,30275.9140863214,-0.28378632140083937,146,6,5,1.0,0.0,1.0,True,,2.2e-07
35.0,+,149,30390.40871,6,5,1.0,-1.0,0.0,0.01,30389.000411906374,1.4082980936254899,148,6,5,1.0,-1.0,0.0,True,,5.4e-08
35.0,+,150,30498.22148,6,5,1.0,1.0,2.0,0.0,30490.436776763767,7.784703236233327,150,4,18,0.0,1.0,1.0,False,*,0.0
35.0,+,159,31762.61328,6,6,1.0,0.0,1.0,0.0,31762.976351586854,-0.36307158685303875,159,6,6,1.0,0.0,1.0,True,,0.0
35.0,+,161,31876.06895,6,6,1.0,-1.0,0.0,0.04,31876.45378244235,-0.38483244234885206,161,6,6,1.0,-1.0,0.0,True,,2.2e-07
35.0,+,171,33290.15781,6,7,1.0,-1.0,0.0,0.04,33288.998728006256,1.1590819937409833,171,6,7,1.0,-1.0,0.0,True,,2.2e-07
35.0,+,198,35770.56563,6,9,1.0,0.0,1.0,0.0033,35768.69149948246,1.8741305175353773,196,6,9,1.0,0.0,1.0,True,,1.8e-08
35.0,+,199,35877.88603,6,9,1.0,-1.0,0.0,0.0033,35872.95041137386,4.935618626142968,198,6,9,1.0,-1.0,0.0,True,,1.8e-08
35.0,+,200,35973.98177,6,9,1.0,1.0,2.0,0.0033,35976.63083146138,-2.6490614613794605,200,6,9,1.0,1.0,2.0,True,,1.8e-08
35.0,+,209,36936.07896,6,10,1.0,0.0,1.0,0.0028,36936.25440333935,-0.17544333935074974,208,6,10,1.0,0.0,1.0,True,,1.5e-08
35.0,+,210,37037.11742,6,10,1.0,-1.0,0.0,0.0028,37035.83995245473,1.2774675452747033,210,6,10,1.0,-1.0,0.0,True,,1.5e-08
35.0,+,211,37143.28689,6,10,1.0,1.0,2.0,0.0013,37137.641495071926,5.645394928076712,211,6,10,1.0,1.0,2.0,True,,7e-09
35.0,-,2,2535.9285,2,0,-1.0,0.0,-1.0,400.0,2535.932217572644,-0.00371757264383632,2,2,0,-1.0,0.0,-1.0,True,,0.0022
35.0,-,3,2649.01634,2,0,-1.0,1.0,0.0,196.0,2649.022562015216,-0.006222015215826104,3,2,0,-1.0,1.0,0.0,True,,0.0011
35.0,-,4,2766.90868,2,0,-1.0,-1.0,-2.0,400.0,2766.901402279035,0.0072777209647938435,4,2,0,-1.0,-1.0,-2.0,True,,0.0022
35.0,-,6,4134.19525,2,1,-1.0,0.0,-1.0,4.0,4134.179063741396,0.01618625860373868,6,2,1,-1.0,0.0,-1.0,True,,2.2e-05
35.0,-,7,4246.07931,2,1,-1.0,1.0,0.0,2.89,4246.067409705365,0.011900294634870079,7,2,1,-1.0,1.0,0.0,True,,1.6e-05
35.0,-,8,4362.83206,2,1,-1.0,-1.0,-2.0,4.0,4362.806859973335,0.025200026664606412,8,2,1,-1.0,-1.0,-2.0,True,,2.2e-05
35.0,-,9,5709.06693,2,2,-1.0,0.0,-1.0,6.76,5709.069097988551,-0.0021679885512639885,9,2,2,-1.0,0.0,-1.0,True,,3.6e-05
35.0,-,10,5819.74249,2,2,-1.0,1.0,0.0,2.89,5819.733624928214,0.008865071785294276,10,2,2,-1.0,1.0,0.0,True,,1.6e-05
35.0,-,12,5935.36329,2,2,-1.0,-1.0,-2.0,4.84,5935.344662442782,0.018627557218678703,12,2,2,-1.0,-1.0,-2.0,True,,2.6e-05
35.0,-,13,7260.56369,2,3,-1.0,0.0,-1.0,1.69,7260.531979141008,0.03171085899157333,13,2,3,-1.0,0.0,-1.0,True,,9.1e-06
35.0,-,14,7369.95551,2,3,-1.0,1.0,0.0,1.21,7369.948395487538,0.0071145124620670686,14,2,3,-1.0,1.0,0.0,True,,6.5e-06
35.0,-,15,7484.40438,2,3,-1.0,-1.0,-2.0,1.0,7484.457571516117,-0.05319151611729467,15,2,3,-1.0,-1.0,-2.0,True,,5.4e-06
35.0,-,19,8788.66783,2,4,-1.0,0.0,-1.0,1.0,8788.637455796894,0.03037420310647576,19,2,4,-1.0,0.0,-1.0,True,,5.4e-06
35.0,-,20,8896.89786,2,4,-1.0,1.0,0.0,0.36,8896.75855342527,0.13930657472883468,20,2,4,-1.0,1.0,0.0,True,,1.9e-06
35.0,-,21,9010.11904,2,4,-1.0,-1.0,-2.0,0.16,9010.21045190859,-0.0914119085900893,21,2,4,-1.0,-1.0,-2.0,True,,8.6e-07
35.0,-,25,10284.15696,3,0,-1.0,0.0,-1.0,400.0,10284.239763581352,-0.08280358135198185,25,3,0,-1.0,0.0,-1.0,True,,0.0022
35.0,-,26,10293.42472,2,5,-1.0,0.0,-1.0,0.04,10293.401072506336,0.02364749366461183,26,2,5,-1.0,0.0,-1.0,True,,2.2e-07
35.0,-,27,10399.7869,2,5,-1.0,1.0,0.0,0.09,10400.09911755587,-0.3122175558710296,27,2,5,-1.0,1.0,0.0,True,,4.8e-07
35.0,-,33,11774.94463,2,6,-1.0,0.0,-1.0,0.04,11774.772484283596,0.1721457164039748,33,2,6,-1.0,0.0,-1.0,True,,2.2e-07
35.0,-,34,11846.7107,3,1,-1.0,0.0,-1.0,1.96,11846.774916373577,-0.06421637357743748,34,3,1,-1.0,0.0,-1.0,True,,1.1e-05
35.0,-,35,11881.10692,2,6,-1.0,1.0,0.0,0.04,11881.44485057117,-0.3379305711696361,35,2,6,-1.0,1.0,0.0,True,,2.2e-07
35.0,-,42,13384.9125,3,2,-1.0,0.0,-1.0,1.0,13384.968174774524,-0.05567477452314051,42,3,2,-1.0,0.0,-1.0,True,,5.4e-06
35.0,-,49,14668.92839,2,8,-1.0,0.0,-1.0,0.09,14667.161866138022,1.7665238619774755,49,2,8,-1.0,0.0,-1.0,True,,4.8e-07
35.0,-,50,14771.48692,2,8,-1.0,1.0,0.0,0.09,14770.079475748165,1.407444251834022,50,2,8,-1.0,1.0,0.0,True,,4.8e-07
35.0,-,51,14878.22853,2,8,-1.0,-1.0,-2.0,0.09,14879.265657932885,-1.0371279328846867,51,2,8,-1.0,-1.0,-2.0,True,,4.8e-07
35.0,-,52,14898.72513,3,3,-1.0,0.0,-1.0,0.16,14898.843111485565,-0.11798148556408705,52,3,3,-1.0,0.0,-1.0,True,,8.6e-07
35.0,-,58,16078.49271,2,9,-1.0,0.0,-1.0,0.0033,16078.228281025882,0.26442897411834565,58,2,9,-1.0,0.0,-1.0,True,,1.8e-08
35.0,-,59,16181.77462,2,9,-1.0,1.0,0.0,0.0015,16181.721453942393,0.05316605760708626,59,2,9,-1.0,1.0,0.0,True,,8.1e-09
35.0,-,61,16281.31664,2,9,-1.0,-1.0,-2.0,0.0015,16287.950472874878,-6.633832874878863,61,2,9,-1.0,-1.0,-2.0,True,,8.1e-09
35.0,-,63,16388.10331,3,4,-1.0,0.0,-1.0,0.36,16388.292749869288,-0.18943986928934464,63,3,4,-1.0,0.0,-1.0,True,,1.9e-06
35.0,-,74,17852.91507,3,5,-1.0,0.0,-1.0,0.04,17853.26048791114,-0.3454179111395206,74,3,5,-1.0,0.0,-1.0,True,,2.2e-07
35.0,-,83,19293.05936,3,6,-1.0,0.0,-1.0,0.04,19293.583834641602,-0.5244746416028647,83,3,6,-1.0,0.0,-1.0,True,,2.2e-07
36.0,+,1,2399.92212,1,0,0.0,0.0,0.0,361.0,2399.934158717253,-0.01203871725283534,1,1,0,0.0,0.0,0.0,True,,0.0019
36.0,+,5,4203.08299,1,1,0.0,0.0,0.0,84.41,4203.083067823247,-7.782324701111065e-05,5,1,1,0.0,0.0,0.0,True,,0.00045
36.0,+,11,5977.48539,1,2,0.0,0.0,0.0,4.41,5977.662902355493,-0.17751235549349076,11,1,2,0.0,0.0,0.0,True,,2.4e-05
36.0,+,16,7722.09839,1,3,0.0,0.0,0.0,1.0,7722.496065423773,-0.3976754237728528,16,1,3,0.0,0.0,0.0,True,,5.4e-06
36.0,+,17,8115.44953,4,0,0.0,1.0,1.0,144.0,8115.532390205579,-0.08286020557898155,17,4,0,0.0,1.0,1.0,True,,0.00077
36.0,+,18,8330.76156,4,0,0.0,0.0,0.0,121.0,8330.721696764445,0.03986323555545823,18,4,0,0.0,0.0,0.0,True,,0.00065
36.0,+,22,9435.56783,1,4,0.0,0.0,0.0,0.04,9436.251439248588,-0.6836092485882546,22,1,4,0.0,0.0,0.0,True,,2.2e-07
36.0,+,23,9543.03905,4,1,0.0,1.0,1.0,1.44,9543.071726945174,-0.03267694517489872,23,4,1,0.0,1.0,1.0,True,,7.7e-06
36.0,+,24,9755.94609,4,1,0.0,0.0,0.0,1.44,9755.854927912686,0.09116208731393272,24,4,1,0.0,0.0,0.0,True,,7.7e-06
36.0,+,29,10948.36119,4,2,0.0,1.0,1.0,1.69,10948.455237962371,-0.09404796237140545,29,4,2,0.0,1.0,1.0,True,,9.1e-06
36.0,+,31,11158.9722,4,2,0.0,0.0,0.0,1.96,11158.892070881684,0.08012911831610836,31,4,2,0.0,0.0,0.0,True,,1.1e-05
36.0,+,37,12331.62799,4,3,0.0,1.0,1.0,2.25,12331.739006076143,-0.11101607614182285,37,4,3,0.0,1.0,1.0,True,,1.2e-05
36.0,+,38,12539.78648,4,3,0.0,0.0,0.0,1.21,12539.743202111193,0.04327788880800654,38,4,3,0.0,0.0,0.0,True,,6.5e-06
36.0,+,44,13692.85792,4,4,0.0,1.0,1.0,0.81,13692.969677952804,-0.11175795280360035,44,4,4,0.0,1.0,1.0,True,,4.4e-06
36.0,+,45,13786.29529,7,0,2.0,0.0,2.0,9.0,13786.291958813645,0.003331186355353566,45,7,0,2.0,0.0,2.0,True,,4.8e-05
36.0,+,47,13898.62403,4,4,0.0,0.0,0.0,1.0,13898.58081372674,0.04321627326135058,47,4,4,0.0,0.0,0.0,True,,5.4e-06
36.0,+,53,15032.15465,4,5,0.0,1.0,1.0,1.0,15032.261064738354,-0.10641473835312354,53,4,5,0.0,1.0,1.0,True,,5.4e-06
36.0,+,54,15148.37762,7,1,2.0,0.0,2.0,0.04,15148.290494801831,0.08712519816799613,54,7,1,2.0,0.0,2.0,True,,2.2e-07
36.0,+,55,15235.50395,4,5,0.0,0.0,0.0,0.25,15235.479266188162,0.024683811838258407,55,4,5,0.0,0.0,0.0,True,,1.3e-06
36.0,+,60,16349.59183,4,6,0.0,1.0,1.0,0.16,16349.727826320186,-0.13599632018667762,60,4,6,0.0,1.0,1.0,True,,8.6e-07
36.0,+,62,16487.52678,7,2,2.0,0.0,2.0,0.01,16487.43524098643,0.09153901357058203,62,7,2,2.0,0.0,2.0,True,,5.4e-08
36.0,+,64,16550.47423,4,6,0.0,0.0,0.0,0.09,16550.554217954945,-0.07998795494495425,64,4,6,0.0,0.0,0.0,True,,4.8e-07
36.0,+,68,17645.38348,4,7,0.0,1.0,1.0,0.09,17645.490969953054,-0.10748995305402786,68,4,7,0.0,1.0,1.0,True,,4.8e-07
36.0,+,72,17803.8612,7,3,2.0,0.0,2.0,0.01,17803.751138628937,0.11006137106232927,72,7,3,2.0,0.0,2.0,True,,5.4e-08
36.0,+,80,19097.38133,7,4,2.0,0.0,2.0,0.01,19097.318636197717,0.06269380228332011,80,7,4,2.0,0.0,2.0,True,,5.4e-08
36.0,+,100,21616.35546,7,6,2.0,0.0,2.0,0.01,21616.418312785776,-0.06285278577706777,100,7,6,2.0,0.0,2.0,True,,5.4e-08
36.0,+,103,22179.95516,6,0,1.0,0.0,1.0,81.0,22179.88098664293,0.07417335707214079,103,6,0,1.0,0.0,1.0,True,,0.00044
36.0,+,105,22304.35456,6,0,1.0,-1.0,0.0,36.0,22304.362467965733,-0.007907965733465971,105,6,0,1.0,-1.0,0.0,True,,0.00019
36.0,+,106,22434.1588,6,0,1.0,1.0,2.0,81.0,22434.28447362813,-0.12567362812842475,106,6,0,1.0,1.0,2.0,True,,0.00044
36.0,+,118,23908.2445,6,1,1.0,0.0,1.0,0.09,23908.14059462245,0.10390537754938123,118,6,1,1.0,0.0,1.0,True,,4.8e-07
36.0,+,121,24030.60423,6,1,1.0,-1.0,0.0,0.16,24030.0357019455,0.5685280545003479,120,6,1,1.0,-1.0,0.0,True,,8.6e-07
36.0,+,125,24159.2003,6,1,1.0,1.0,2.0,0.09,24159.785220272868,-0.5849202728677483,124,6,1,1.0,1.0,2.0,True,,4.8e-07
36.0,+,137,25597.42938,6,2,1.0,0.0,1.0,0.25,25597.37804780717,0.05133219283015933,137,6,2,1.0,0.0,1.0,True,,1.3e-06
36.0,+,139,25718.60402,6,2,1.0,-1.0,0.0,0.16,25718.507646982278,0.09637301772090723,139,6,2,1.0,-1.0,0.0,True,,8.6e-07
36.0,+,140,25845.33332,6,2,1.0,1.0,2.0,0.16,25845.507170106277,-0.1738501062754949,140,6,2,1.0,1.0,2.0,True,,8.6e-07
36.0,+,151,27244.0109,6,3,1.0,0.0,1.0,0.0,27232.51764636967,11.49325363033131,151,4,15,0.0,1.0,1.0,False,*,0.0
36.0,+,154,27363.53705,6,3,1.0,-1.0,0.0,0.01,27363.45908797352,0.07796202648023609,153,6,3,1.0,-1.0,0.0,True,,5.4e-08
36.0,+,156,27488.43723,6,3,1.0,1.0,2.0,0.01,27490.599793811747,-2.162563811747532,156,6,3,1.0,1.0,2.0,True,,5.4e-08
36.0,+,169,28843.83511,6,4,1.0,0.0,1.0,0.04,28843.91721706984,-0.08210706984027638,169,6,4,1.0,0.0,1.0,True,,2.2e-07
36.0,+,170,28961.1666,6,4,1.0,-1.0,0.0,0.04,28961.180677520068,-0.014077520067075966,170,6,4,1.0,-1.0,0.0,True,,2.2e-07
36.0,+,172,29084.34528,6,4,1.0,1.0,2.0,0.04,29084.774591458692,-0.42931145869079046,172,6,4,1.0,1.0,2.0,True,,2.2e-07
36.0,+,186,30389.05783,6,5,1.0,0.0,1.0,0.01,30387.647398110304,1.4104318896970653,183,6,5,1.0,0.0,1.0,True,,5.4e-08
36.0,+,188,30505.09486,6,5,1.0,-1.0,0.0,0.01,30505.01977100815,0.07508899185268092,189,6,5,1.0,-1.0,0.0,True,,5.4e-08
36.0,+,202,31874.62072,6,6,1.0,0.0,1.0,0.01,31874.943470174174,-0.32275017417487106,202,6,6,1.0,0.0,1.0,True,,5.4e-08
36.0,+,203,31987.0609,6,6,1.0,-1.0,0.0,0.01,31987.350318752626,-0.28941875262535177,203,6,6,1.0,-1.0,0.0,True,,5.4e-08
36.0,+,216,33289.02263,6,7,1.0,0.0,1.0,0.01,33287.6281969748,1.3944330251979409,216,6,7,1.0,0.0,1.0,True,,5.4e-08
36.0,+,217,33399.20592,6,7,1.0,-1.0,0.0,0.01,33398.896036404134,0.30988359586626757,217,6,7,1.0,-1.0,0.0,True,,5.4e-08
36.0,+,250,35874.63239,6,9,1.0,0.0,1.0,0.0015,35871.619843893255,3.0125461067436845,248,6,9,1.0,0.0,1.0,True,,8.1e-09
36.0,+,251,35978.23692,6,9,1.0,-1.0,0.0,0.0015,35975.6235664538,2.613353546199505,250,6,9,1.0,-1.0,0.0,True,,8.1e-09
36.0,+,252,36083.83553,6,9,1.0,1.0,2.0,0.0004,36084.94045081054,-1.1049208105469006,252,6,9,1.0,1.0,2.0,True,,2.2e-09
36.0,+,263,37035.83471,6,10,1.0,0.0,1.0,0.0028,37034.67981206722,1.1548979327853885,262,6,10,1.0,0.0,1.0,True,,1.5e-08
36.0,-,1,2648.11573,2,0,-1.0,0.0,-1.0,121.0,2648.107698122558,0.008031877442135738,1,2,0,-1.0,0.0,-1.0,True,,0.00065
36.0,-,2,2766.00686,2,0,-1.0,1.0,0.0,441.0,2766.025429705299,-0.01856970529888713,2,2,0,-1.0,1.0,0.0,True,,0.0024
36.0,-,3,2885.60117,2,0,-1.0,-1.0,-2.0,169.0,2885.588224215627,0.012945784372732305,3,2,0,-1.0,-1.0,-2.0,True,,0.00091
36.0,-,4,4245.15526,2,1,-1.0,0.0,-1.0,3.61,4245.145605662518,0.009654337482061237,4,2,1,-1.0,0.0,-1.0,True,,1.9e-05
36.0,-,5,4361.92697,2,1,-1.0,1.0,0.0,5.29,4361.919148796216,0.007821203784260433,5,2,1,-1.0,1.0,0.0,True,,2.8e-05
36.0,-,6,4480.23312,2,1,-1.0,-1.0,-2.0,2.25,4480.190273340003,0.04284665999693971,6,2,1,-1.0,-1.0,-2.0,True,,1.2e-05
36.0,-,7,5818.78104,2,2,-1.0,0.0,-1.0,3.24,5818.806345845764,-0.025305845763796242,7,2,2,-1.0,0.0,-1.0,True,,1.7e-05
36.0,-,8,5934.43748,2,2,-1.0,1.0,0.0,4.41,5934.444259432517,-0.006779432517760142,8,2,2,-1.0,1.0,0.0,True,,2.4e-05
36.0,-,9,6051.45195,2,2,-1.0,-1.0,-2.0,2.56,6051.397377794411,0.054572205588556244,9,2,2,-1.0,-1.0,-2.0,True,,1.4e-05
36.0,-,10,7369.01105,2,3,-1.0,0.0,-1.0,1.0,7369.018613387487,-0.007563387486698048,10,2,3,-1.0,0.0,-1.0,True,,5.4e-06
36.0,-,11,7483.53781,2,3,-1.0,1.0,0.0,1.21,7483.54354815431,-0.005738154310165555,11,2,3,-1.0,1.0,0.0,True,,6.5e-06
36.0,-,12,7599.17042,2,3,-1.0,-1.0,-2.0,1.0,7599.148199215306,0.022220784694582107,12,2,3,-1.0,-1.0,-2.0,True,,5.4e-06
36.0,-,14,8895.74234,2,4,-1.0,0.0,-1.0,0.36,8895.83260017003,-0.09026017002906883,14,2,4,-1.0,0.0,-1.0,True,,1.9e-06
36.0,-,15,9009.25071,2,4,-1.0,1.0,0.0,0.25,9009.281848387887,-0.031138387887040153,15,2,4,-1.0,1.0,0.0,True,,1.3e-06
36.0,-,16,9123.49374,2,4,-1.0,-1.0,-2.0,0.25,9123.480173700043,0.013566299956437433,16,2,4,-1.0,-1.0,-2.0,True,,1.3e-06
36.0,-,19,10398.95728,2,5,-1.0,0.0,-1.0,0.04,10399.196404163531,-0.23912416353050503,19,2,5,-1.0,0.0,-1.0,True,,2.2e-07
36.0,-,18,10398.97088,3,0,-1.0,0.0,-1.0,144.0,10398.805561140418,0.16531885958283965,18,3,0,-1.0,0.0,-1.0,True,,0.00077
36.0,-,20,10511.68895,2,5,-1.0,1.0,0.0,0.01,10511.672719038861,0.016230961138717248,20,2,5,-1.0,1.0,0.0,True,,5.4e-08
36.0,-,25,11959.94591,3,1,-1.0,0.0,-1.0,0.25,11959.67664135441,0.2692686455902731,25,3,1,-1.0,0.0,-1.0,True,,1.3e-06
36.0,-,27,11990.85681,2,6,-1.0,1.0,0.0,0.01,11990.686539579461,0.17027042053814512,27,2,6,-1.0,1.0,0.0,True,,5.4e-08
36.0,-,32,13497.25283,3,2,-1.0,0.0,-1.0,0.49,13497.061915928674,0.1909140713250963,32,3,2,-1.0,0.0,-1.0,True,,2.6e-06
36.0,-,38,14770.59463,2,8,-1.0,0.0,-1.0,0.04,14769.15958781639,1.4350421836097667,38,2,8,-1.0,0.0,-1.0,True,,2.2e-07
36.0,-,39,14882.68104,2,8,-1.0,1.0,0.0,0.04,14878.271465640773,4.409574359226099,39,2,8,-1.0,1.0,0.0,True,,2.2e-07
36.0,-,40,14983.77277,2,8,-1.0,-1.0,-2.0,0.09,14986.91498191733,-3.142211917331224,40,2,8,-1.0,-1.0,-2.0,True,,4.8e-07
36.0,-,41,15009.83726,3,3,-1.0,0.0,-1.0,0.25,15009.697343156182,0.13991684381835512,41,3,3,-1.0,0.0,-1.0,True,,1.3e-06
36.0,-,46,16181.15596,2,9,-1.0,0.0,-1.0,0.0015,16180.501479717035,0.6544802829648688,46,2,9,-1.0,0.0,-1.0,True,,8.1e-09
36.0,-,47,16287.54742,2,9,-1.0,1.0,0.0,0.0015,16286.945631381672,0.6017886183290102,47,2,9,-1.0,1.0,0.0,True,,8.1e-09
36.0,-,48,16401.93689,2,9,-1.0,-1.0,-2.0,0.0004,16396.744643176837,5.192246823164169,48,2,9,-1.0,-1.0,-2.0,True,,2.2e-09
36.0,-,51,16497.92731,3,4,-1.0,0.0,-1.0,0.09,16497.902465011754,0.024844988245604327,51,3,4,-1.0,0.0,-1.0,True,,4.8e-07
36.0,-,59,17961.48539,3,5,-1.0,0.0,-1.0,0.01,17961.628236886514,-0.14284688651241595,59,3,5,-1.0,0.0,-1.0,True,,5.4e-08
36.0,-,65,19400.36839,3,6,-1.0,0.0,-1.0,0.01,19400.684439470777,-0.3160494707772159,65,3,6,-1.0,0.0,-1.0,True,,5.4e-08
37.0,+,13,8330.82971,4,0,0.0,1.0,1.0,121.0,8330.724354843822,0.10535515617812052,13,4,0,0.0,1.0,1.0,True,,0.00065
37.0,+,17,9756.00319,4,1,0.0,1.0,1.0,1.44,9755.859244599143,0.14394540085595509,17,4,1,0.0,1.0,1.0,True,,7.7e-06
37.0,+,22,11158.99371,4,2,0.0,1.0,1.0,1.69,11158.87722713753,0.11648286247145734,22,4,2,0.0,1.0,1.0,True,,9.1e-06
37.0,+,29,12539.85849,4,3,0.0,1.0,1.0,1.69,12539.764396864226,0.09409313577452849,29,4,3,0.0,1.0,1.0,True,,9.1e-06
37.0,+,35,13892.69559,7,0,2.0,0.0,2.0,4.0,13892.70060373443,-0.0050137344314862275,35,7,0,2.0,0.0,2.0,True,,2.2e-05
37.0,+,36,13898.69189,4,4,0.0,1.0,1.0,0.81,13898.604194383257,0.08769561674307624,36,4,4,0.0,1.0,1.0,True,,4.4e-06
37.0,+,42,15235.5836,4,5,0.0,1.0,1.0,0.36,15235.506886376003,0.07671362399742065,42,4,5,0.0,1.0,1.0,True,,1.9e-06
37.0,+,43,15253.52732,7,1,2.0,0.0,2.0,0.09,15253.44399155179,0.08332844820870378,43,7,1,2.0,0.0,2.0,True,,4.8e-07
37.0,+,49,16550.59996,4,6,0.0,1.0,1.0,0.16,16550.586593649736,0.013366350263822824,49,4,6,0.0,1.0,1.0,True,,8.6e-07
37.0,+,50,16591.4356,7,2,2.0,0.0,2.0,0.04,16591.333806298146,0.10179370185505832,50,7,2,2.0,0.0,2.0,True,,2.2e-07
37.0,+,55,17843.88157,4,7,0.0,1.0,1.0,0.04,17843.963764429907,-0.08219442990593961,55,4,7,0.0,1.0,1.0,True,,2.2e-07
37.0,+,57,17906.50623,7,3,2.0,0.0,2.0,0.01,17906.395913131164,0.11031686883507064,57,7,3,2.0,0.0,2.0,True,,5.4e-08
37.0,+,81,22303.55656,6,0,1.0,0.0,1.0,36.0,22303.63834049333,-0.08178049332855153,81,6,0,1.0,0.0,1.0,True,,0.00019
37.0,+,83,22433.71028,6,0,1.0,-1.0,0.0,25.0,22433.77272846705,-0.06244846705158125,83,6,0,1.0,-1.0,0.0,True,,0.00013
37.0,+,84,22564.78153,6,0,1.0,1.0,2.0,36.0,22564.715343879696,0.06618612030433724,84,6,0,1.0,1.0,2.0,True,,0.00019
37.0,+,94,24030.10654,6,1,1.0,0.0,1.0,0.25,24030.068293890436,0.03824610956507968,94,6,1,1.0,0.0,1.0,True,,1.3e-06
37.0,+,96,24159.1558,6,1,1.0,-1.0,0.0,0.36,24159.65819770648,-0.5023977064811334,96,6,1,1.0,-1.0,0.0,True,,1.9e-06
37.0,+,98,24288.08606,6,1,1.0,1.0,2.0,0.09,24288.095520437888,-0.009460437886446016,98,6,1,1.0,1.0,2.0,True,,4.8e-07
37.0,+,109,25717.76595,6,2,1.0,0.0,1.0,0.16,25717.81548611541,-0.04953611540986458,108,6,2,1.0,0.0,1.0,True,,8.6e-07
37.0,+,110,25844.98159,6,2,1.0,-1.0,0.0,0.16,25845.033175398217,-0.051585398217866896,110,6,2,1.0,-1.0,0.0,True,,8.6e-07
37.0,+,111,25972.48543,6,2,1.0,1.0,2.0,0.04,25972.399926691585,0.0855033084153547,111,6,2,1.0,1.0,2.0,True,,2.2e-07
37.0,+,120,27362.74019,6,3,1.0,0.0,1.0,0.04,27362.860471585405,-0.12028158540488221,120,6,3,1.0,0.0,1.0,True,,2.2e-07
37.0,+,122,27488.05536,6,3,1.0,1.0,2.0,0.04,27490.127312263732,-2.0719522637336922,122,6,3,1.0,-1.0,0.0,False,,2.2e-07
37.0,+,124,27613.95247,6,3,1.0,-1.0,0.0,0.01,27614.930554451275,-0.9780844512752083,125,6,3,1.0,1.0,2.0,False,,5.4e-08
37.0,+,133,28960.43405,6,4,1.0,0.0,1.0,0.01,28960.564121223244,-0.13007122324415832,134,6,4,1.0,0.0,1.0,True,,5.4e-08
37.0,+,135,29084.06681,6,4,1.0,-1.0,0.0,0.01,29084.36709282689,-0.300282826890907,135,6,4,1.0,-1.0,0.0,True,,5.4e-08
37.0,+,138,29207.65454,6,4,1.0,1.0,2.0,0.04,29207.652039256358,0.002500743641576264,137,6,4,1.0,1.0,2.0,True,,2.2e-07
37.0,+,151,30738.78574,6,5,1.0,1.0,2.0,0.0,30747.147112294708,-8.361372294708417,151,6,5,1.0,1.0,2.0,True,*,0.0
37.0,+,200,36191.29477,6,9,1.0,1.0,2.0,0.0015,36194.11921985283,-2.824449852829275,200,6,9,1.0,1.0,2.0,True,,8.1e-09
37.0,-,2,2764.3425,2,0,-1.0,0.0,-1.0,484.0,2764.352153359217,-0.009653359216827084,2,2,0,-1.0,0.0,-1.0,True,,0.0026
37.0,-,3,2883.57418,2,0,-1.0,1.0,0.0,81.0,2883.581376249428,-0.007196249428034207,3,2,0,-1.0,1.0,0.0,True,,0.00044
37.0,-,4,3007.75929,2,0,-1.0,-1.0,-2.0,324.0,3007.749281018233,0.010008981766986835,4,2,0,-1.0,-1.0,-2.0,True,,0.0017
37.0,-,6,4360.255,2,1,-1.0,0.0,-1.0,3.61,4360.239586101439,0.01541389856083697,6,2,1,-1.0,0.0,-1.0,True,,1.9e-05
37.0,-,7,4478.20553,2,1,-1.0,1.0,0.0,3.61,4478.194646363069,0.010883636930884677,7,2,1,-1.0,1.0,0.0,True,,1.9e-05
37.0,-,8,4601.18726,2,1,-1.0,-1.0,-2.0,3.24,4601.161290342593,0.02596965740667656,8,2,1,-1.0,-1.0,-2.0,True,,1.7e-05
37.0,-,9,5932.7619,2,2,-1.0,0.0,-1.0,4.84,5932.757676285632,0.004223714367981302,9,2,2,-1.0,0.0,-1.0,True,,2.6e-05
37.0,-,10,6049.41305,2,2,-1.0,1.0,0.0,2.25,6049.414899808919,-0.0018498089184504352,10,2,2,-1.0,1.0,0.0,True,,1.2e-05
37.0,-,12,6171.21923,2,2,-1.0,-1.0,-2.0,4.41,6171.192201562375,0.027028437624721846,12,2,2,-1.0,-1.0,-2.0,True,,2.4e-05
37.0,-,13,7481.89554,2,3,-1.0,0.0,-1.0,1.0,7481.849237050605,0.04630294939579471,13,2,3,-1.0,0.0,-1.0,True,,5.4e-06
37.0,-,14,7597.18769,2,3,-1.0,1.0,0.0,0.81,7597.182345272158,0.005344727841475105,14,2,3,-1.0,1.0,0.0,True,,4.4e-06
37.0,-,15,7717.73118,2,3,-1.0,-1.0,-2.0,0.64,7717.798777791228,-0.06759779122785403,15,2,3,-1.0,-1.0,-2.0,True,,3.4e-06
37.0,-,19,9007.60493,2,4,-1.0,0.0,-1.0,0.25,9007.579191984307,0.025738015692695626,19,2,4,-1.0,0.0,-1.0,True,,1.3e-06
37.0,-,20,9121.48444,2,4,-1.0,1.0,0.0,0.16,9121.537841762978,-0.053401762977955514,20,2,4,-1.0,1.0,0.0,True,,8.6e-07
37.0,-,21,9240.92315,2,4,-1.0,-1.0,-2.0,0.09,9241.040725438332,-0.11757543833118689,21,2,4,-1.0,-1.0,-2.0,True,,4.8e-07
37.0,-,26,10516.39218,3,0,-1.0,0.0,-1.0,361.0,10516.483845447478,-0.09166544747677108,26,3,0,-1.0,0.0,-1.0,True,,0.0019
37.0,-,34,12076.45763,3,1,-1.0,0.0,-1.0,1.44,12076.531516766048,-0.07388676604750799,34,3,1,-1.0,0.0,-1.0,True,,7.7e-06
37.0,-,42,13612.14354,3,2,-1.0,0.0,-1.0,0.36,13612.198874514717,-0.05533451471819717,42,3,2,-1.0,0.0,-1.0,True,,1.9e-06
37.0,-,49,14878.90239,2,8,-1.0,0.0,-1.0,0.01,14876.529053402091,2.373336597907837,49,2,8,-1.0,0.0,-1.0,True,,5.4e-08
37.0,-,50,14986.86692,2,8,-1.0,1.0,0.0,0.01,14985.048365922896,1.8185540771046362,50,2,8,-1.0,1.0,0.0,True,,5.4e-08
37.0,-,52,15123.43833,3,3,-1.0,0.0,-1.0,0.16,15123.559610912369,-0.12128091236809269,52,3,3,-1.0,0.0,-1.0,True,,8.6e-07
37.0,-,58,16285.72771,2,9,-1.0,0.0,-1.0,0.0015,16285.186904407272,0.5408055927273381,58,2,9,-1.0,0.0,-1.0,True,,8.1e-09
37.0,-,63,16610.26821,3,4,-1.0,0.0,-1.0,0.36,16610.48534924107,-0.21713924107098137,63,3,4,-1.0,0.0,-1.0,True,,1.9e-06
37.0,-,74,18072.53074,3,5,-1.0,0.0,-1.0,0.04,18072.9197613562,-0.38902135620082845,74,3,5,-1.0,0.0,-1.0,True,,2.2e-07
37.0,-,83,19510.04351,3,6,-1.0,0.0,-1.0,0.04,19510.692909647176,-0.6493996471763239,83,3,6,-1.0,0.0,-1.0,True,,2.2e-07
38.0,+,1,2668.62799,1,0,0.0,0.0,0.0,400.0,2668.639527903075,-0.01153790307489544,1,1,0,0.0,0.0,0.0,True,,0.0022
38.0,+,5,4469.0385,1,1,0.0,0.0,0.0,83.24,4469.036900571575,0.0015994284249245538,5,1,1,0.0,0.0,0.0,True,,0.00045
38.0,+,11,6240.63608,1,2,0.0,0.0,0.0,4.0,6240.83027350118,-0.1941935011800524,11,1,2,0.0,0.0,0.0,True,,2.2e-05
38.0,+,16,7982.22864,1,3,0.0,0.0,0.0,0.36,7982.814535918789,-0.5858959187889923,16,1,3,0.0,0.0,0.0,True,,1.9e-06
38.0,+,17,8330.64049,4,0,0.0,1.0,1.0,121.0,8330.728750536846,-0.0882605368460645,17,4,0,0.0,1.0,1.0,True,,0.00065
38.0,+,18,8557.45968,4,0,0.0,0.0,0.0,144.0,8557.422920258416,0.03675974158431927,18,4,0,0.0,0.0,0.0,True,,0.00077
38.0,+,22,9692.84694,1,4,0.0,0.0,0.0,0.04,9693.621536645907,-0.7745966459078772,22,1,4,0.0,0.0,0.0,True,,2.2e-07
38.0,+,23,9755.87196,4,1,0.0,1.0,1.0,1.69,9755.891736357813,-0.019776357812588685,23,4,1,0.0,1.0,1.0,True,,9.1e-06
38.0,+,24,9980.13358,4,1,0.0,0.0,0.0,1.44,9980.03630942198,0.09727057802047057,24,4,1,0.0,0.0,0.0,True,,7.7e-06
38.0,+,29,11158.7895,4,2,0.0,1.0,1.0,1.21,11158.874769178125,-0.08526917812378088,29,4,2,0.0,1.0,1.0,True,,6.5e-06
38.0,+,31,11380.8035,4,2,0.0,0.0,0.0,1.69,11380.661105225714,0.14239477428600367,31,4,2,0.0,0.0,0.0,True,,9.1e-06
38.0,+,37,12539.66295,4,3,0.0,1.0,1.0,1.69,12539.76931530682,-0.10636530681949807,37,4,3,0.0,1.0,1.0,True,,9.1e-06
38.0,+,38,12758.93488,4,3,0.0,0.0,0.0,1.0,12758.883900642739,0.05097935726189462,38,4,3,0.0,0.0,0.0,True,,5.4e-06
38.0,+,44,13898.49045,4,4,0.0,1.0,1.0,0.81,13898.612488410763,-0.12203841076370736,44,4,4,0.0,1.0,1.0,True,,4.4e-06
38.0,+,45,14001.91792,7,0,2.0,0.0,2.0,9.0,14001.913067170688,0.004852829311857931,45,7,0,2.0,0.0,2.0,True,,4.8e-05
38.0,+,46,14115.25782,4,4,0.0,0.0,0.0,0.49,14115.202306923915,0.05551307608584466,46,4,4,0.0,0.0,0.0,True,,2.6e-06
38.0,+,52,15235.39596,4,5,0.0,1.0,1.0,0.49,15235.517422166542,-0.12146216654218733,52,4,5,0.0,1.0,1.0,True,,2.6e-06
38.0,+,54,15361.45525,7,1,2.0,0.0,2.0,0.09,15361.367205967797,0.08804403220347012,54,7,1,2.0,0.0,2.0,True,,4.8e-07
38.0,+,55,15449.52337,4,5,0.0,0.0,0.0,0.36,15449.58279441715,-0.05942441714978486,55,4,5,0.0,0.0,0.0,True,,1.9e-06
38.0,+,60,16550.4416,4,6,0.0,1.0,1.0,0.09,16550.59887279622,-0.1572727962229692,60,4,6,0.0,1.0,1.0,True,,4.8e-07
38.0,+,62,16698.07846,7,2,2.0,0.0,2.0,0.01,16697.967958669105,0.11050133089520386,62,7,2,2.0,0.0,2.0,True,,5.4e-08
38.0,+,64,16762.02464,4,6,0.0,0.0,0.0,0.16,16762.141002604945,-0.11636260494560702,64,4,6,0.0,0.0,0.0,True,,8.6e-07
38.0,+,68,17843.67058,4,7,0.0,1.0,1.0,0.01,17843.977752270806,-0.3071722708045854,68,4,7,0.0,1.0,1.0,True,,5.4e-08
38.0,+,104,22432.26004,6,0,1.0,0.0,1.0,36.0,22432.185715958167,0.07432404183418839,104,6,0,1.0,0.0,1.0,True,,0.00019
38.0,+,105,22563.26497,6,0,1.0,-1.0,0.0,25.0,22563.257096050613,0.007873949387430912,105,6,0,1.0,-1.0,0.0,True,,0.00013
38.0,+,106,22699.83911,6,0,1.0,1.0,2.0,36.0,22699.968173500663,-0.1290635006625962,106,6,0,1.0,1.0,2.0,True,,0.00019
38.0,+,118,24157.46538,6,1,1.0,0.0,1.0,0.09,24157.338942841758,0.12643715824378887,118,6,1,1.0,0.0,1.0,True,,4.8e-07
38.0,+,122,24286.72041,6,1,1.0,-1.0,0.0,0.09,24286.823428548727,-0.10301854872523108,122,6,1,1.0,-1.0,0.0,True,,4.8e-07
38.0,+,125,24421.86214,6,1,1.0,1.0,2.0,0.09,24422.08043833313,-0.2182983331294963,125,6,1,1.0,1.0,2.0,True,,4.8e-07
38.0,+,138,25843.36842,6,2,1.0,0.0,1.0,0.09,25843.477907139077,-0.10948713907782803,138,6,2,1.0,0.0,1.0,True,,4.8e-07
38.0,+,139,25970.98084,6,2,1.0,-1.0,0.0,0.16,25971.01949952024,-0.03865952023988939,139,6,2,1.0,-1.0,0.0,True,,8.6e-07
38.0,+,140,26104.53306,6,2,1.0,1.0,2.0,0.04,26104.621161026538,-0.08810102653660579,140,6,2,1.0,1.0,2.0,True,,2.2e-07
38.0,+,152,27486.7199,6,3,1.0,0.0,1.0,0.01,27488.578311870893,-1.8584118708931783,152,6,3,1.0,0.0,1.0,True,,5.4e-08
38.0,+,154,27612.75905,6,3,1.0,-1.0,0.0,0.01,27612.483642993437,0.2754070065639098,155,6,3,1.0,-1.0,0.0,True,,5.4e-08
38.0,+,169,29082.77252,6,4,1.0,0.0,1.0,0.04,29082.843736586994,-0.07121658699543332,169,6,4,1.0,0.0,1.0,True,,2.2e-07
38.0,+,171,29206.35988,6,4,1.0,-1.0,0.0,0.04,29206.34036601864,0.01951398135861382,170,6,4,1.0,-1.0,0.0,True,,2.2e-07
38.0,+,173,29335.85518,6,4,1.0,1.0,2.0,0.01,29336.269526451873,-0.41434645187473507,172,6,4,1.0,1.0,2.0,True,,5.4e-08
38.0,-,1,2882.7561,2,0,-1.0,0.0,-1.0,144.0,2882.75056408804,0.005535911960123485,1,2,0,-1.0,0.0,-1.0,True,,0.00077
38.0,-,2,3006.92327,2,0,-1.0,1.0,0.0,361.0,3006.939607230933,-0.01633723093300432,2,2,0,-1.0,1.0,0.0,True,,0.0019
38.0,-,3,3132.64605,2,0,-1.0,-1.0,-2.0,196.0,3132.641863492757,0.004186507243048254,3,2,0,-1.0,-1.0,-2.0,True,,0.0011
38.0,-,4,4477.37188,2,1,-1.0,0.0,-1.0,2.89,4477.357602525294,0.014277474705522764,4,2,1,-1.0,0.0,-1.0,True,,1.6e-05
38.0,-,5,4600.34311,2,1,-1.0,1.0,0.0,4.41,4600.340093184804,0.0030168151961333933,5,2,1,-1.0,1.0,0.0,True,,2.4e-05
38.0,-,6,4724.71543,2,1,-1.0,-1.0,-2.0,1.44,4724.678119767445,0.03731023255477339,6,2,1,-1.0,-1.0,-2.0,True,,7.7e-06
38.0,-,7,6048.54634,2,2,-1.0,0.0,-1.0,2.56,6048.573201938004,-0.026861938004003605,7,2,2,-1.0,0.0,-1.0,True,,1.4e-05
38.0,-,8,6170.35924,2,2,-1.0,1.0,0.0,4.0,6170.358567665201,0.0006723347987644956,8,2,2,-1.0,1.0,0.0,True,,2.2e-05
38.0,-,9,6293.36647,2,2,-1.0,-1.0,-2.0,1.44,6293.304156138875,0.062313861124494,9,2,2,-1.0,-1.0,-2.0,True,,7.7e-06
38.0,-,10,7596.30363,2,3,-1.0,0.0,-1.0,0.36,7596.339090388277,-0.03546038827698794,10,2,3,-1.0,0.0,-1.0,True,,1.9e-06
38.0,-,11,7716.96685,2,3,-1.0,1.0,0.0,0.49,7716.951819461879,0.015030538121209247,11,2,3,-1.0,1.0,0.0,True,,2.6e-06
38.0,-,12,7838.48166,2,3,-1.0,-1.0,-2.0,0.64,7838.472538511711,0.009121488289565605,12,2,3,-1.0,-1.0,-2.0,True,,3.4e-06
38.0,-,14,9120.59518,2,4,-1.0,0.0,-1.0,0.25,9120.699464256122,-0.1042842561219004,14,2,4,-1.0,0.0,-1.0,True,,1.3e-06
38.0,-,15,9240.13037,2,4,-1.0,1.0,0.0,0.16,9240.179525288384,-0.049155288383190054,15,2,4,-1.0,1.0,0.0,True,,8.6e-07
38.0,-,16,9360.19924,2,4,-1.0,-1.0,-2.0,0.09,9360.214582325014,-0.015342325013989466,16,2,4,-1.0,-1.0,-2.0,True,,4.8e-07
38.0,-,19,10637.45096,3,0,-1.0,0.0,-1.0,144.0,10637.268013140167,0.18294685983346426,19,3,0,-1.0,0.0,-1.0,True,,0.00077
38.0,-,25,12196.17499,3,1,-1.0,0.0,-1.0,0.36,12195.938892495133,0.23609750486684788,25,3,1,-1.0,0.0,-1.0,True,,1.9e-06
38.0,-,32,13730.59194,3,2,-1.0,0.0,-1.0,0.09,13730.372412661673,0.2195273383276799,32,3,2,-1.0,0.0,-1.0,True,,4.8e-07
38.0,-,40,15209.91477,2,8,-1.0,-1.0,-2.0,0.01,15213.323536209697,-3.4087662096972053,40,2,8,-1.0,-1.0,-2.0,True,,5.4e-08
38.0,-,41,15240.44174,3,3,-1.0,0.0,-1.0,0.16,15240.424032940464,0.017707059536405723,41,3,3,-1.0,0.0,-1.0,True,,8.6e-07
38.0,-,51,16726.05978,3,4,-1.0,0.0,-1.0,0.09,16726.035437245035,0.024342754964891355,51,3,4,-1.0,0.0,-1.0,True,,4.8e-07
38.0,-,59,18187.66608,3,5,-1.0,0.0,-1.0,0.01,18187.285663436993,0.38041656300629256,59,3,5,-1.0,0.0,-1.0,True,,5.4e-08
38.0,-,65,19623.09864,3,6,-1.0,0.0,-1.0,0.01,19623.593648270933,-0.49500827093288535,65,3,6,-1.0,0.0,-1.0,True,,5.4e-08
39.0,+,13,8557.52616,4,0,0.0,1.0,1.0,121.0,8557.425385887065,0.10077411293423211,13,4,0,0.0,1.0,1.0,True,,0.00065
39.0,+,17,9980.19213,4,1,0.0,1.0,1.0,1.21,9980.039993628186,0.1521363718129578,17,4,1,0.0,1.0,1.0,True,,6.5e-06
39.0,+,22,11380.66114,4,2,0.0,1.0,1.0,1.69,11380.5375093064,0.12363069360071677,22,4,2,0.0,1.0,1.0,True,,9.1e-06
39.0,+,29,12758.99633,4,3,0.0,1.0,1.0,1.44,12758.905360569617,0.0909694303827564,29,4,3,0.0,1.0,1.0,True,,7.7e-06
39.0,+,34,14113.9187,7,0,2.0,0.0,2.0,1.0,14113.923590466735,-0.004890466734650545,34,7,0,2.0,0.0,2.0,True,,5.4e-06
39.0,+,35,14115.31231,4,4,0.0,1.0,1.0,1.0,14115.226287250951,0.08602274904842488,35,4,4,0.0,1.0,1.0,True,,5.4e-06
39.0,+,42,15449.6691,4,5,0.0,1.0,1.0,0.36,15449.611125263098,0.057974736901087454,42,4,5,0.0,1.0,1.0,True,,1.9e-06
39.0,+,43,15472.14811,7,1,2.0,0.0,2.0,0.09,15472.054366285776,0.09374371422381955,43,7,1,2.0,0.0,2.0,True,,4.8e-07
39.0,+,49,16762.19361,4,6,0.0,1.0,1.0,0.09,16762.174191082435,0.01941891756359837,49,4,6,0.0,1.0,1.0,True,,4.8e-07
39.0,+,50,16807.4536,7,2,2.0,0.0,2.0,0.01,16807.331909822486,0.12169017751512001,50,7,2,2.0,0.0,2.0,True,,5.4e-08
39.0,+,55,18052.9498,4,7,0.0,1.0,1.0,0.04,18053.03573073839,-0.0859307383907435,55,4,7,0.0,1.0,1.0,True,,2.2e-07
39.0,+,57,18119.91389,7,3,2.0,0.0,2.0,0.01,18119.78407794096,0.1298120590399776,57,7,3,2.0,0.0,2.0,True,,5.4e-08
39.0,+,82,22562.53046,6,0,1.0,0.0,1.0,16.0,22562.60621522217,-0.07575522216939135,82,6,0,1.0,0.0,1.0,True,,8.6e-05
39.0,+,83,22699.44877,6,0,1.0,-1.0,0.0,36.0,22699.512982186847,-0.06421218684772612,83,6,0,1.0,-1.0,0.0,True,,0.00019
39.0,+,84,22837.09766,6,0,1.0,1.0,2.0,49.0,22837.031078522275,0.0665814777239575,84,6,0,1.0,1.0,2.0,True,,0.00026
39.0,+,94,24285.98546,6,1,1.0,0.0,1.0,0.09,24285.865474014583,0.11998598541686079,94,6,1,1.0,0.0,1.0,True,,4.8e-07
39.0,+,96,24421.53657,6,1,1.0,-1.0,0.0,0.09,24421.70931147743,-0.17274147742864443,96,6,1,1.0,-1.0,0.0,True,,4.8e-07
39.0,+,98,24557.33425,6,1,1.0,1.0,2.0,0.04,24557.128155699098,0.20609430090189562,98,6,1,1.0,1.0,2.0,True,,2.2e-07
39.0,+,109,25970.31189,6,2,1.0,0.0,1.0,0.09,25970.403430108578,-0.09154010857673711,109,6,2,1.0,0.0,1.0,True,,4.8e-07
39.0,+,110,26104.1781,6,2,1.0,-1.0,0.0,0.09,26104.20348423417,-0.02538423416990554,110,6,2,1.0,-1.0,0.0,True,,4.8e-07
39.0,+,120,27612.16334,6,3,1.0,0.0,1.0,0.01,27612.03315728777,0.13018271222972544,121,6,3,1.0,0.0,1.0,True,,5.4e-08
39.0,+,122,27743.63624,6,3,1.0,1.0,2.0,0.01,27744.815314881067,-1.1790748810672085,122,6,3,1.0,-1.0,0.0,False,,5.4e-08
39.0,+,133,29205.55002,6,4,1.0,0.0,1.0,0.01,29205.79742823041,-0.24740823041065596,133,6,4,1.0,0.0,1.0,True,,5.4e-08
39.0,+,136,29335.66187,6,4,1.0,-1.0,0.0,0.04,29335.923665200135,-0.2617952001346566,135,6,4,1.0,-1.0,0.0,True,,2.2e-07
39.0,+,138,29465.63484,6,4,1.0,1.0,2.0,0.01,29465.449787652553,0.1850523474458896,138,6,4,1.0,1.0,2.0,True,,5.4e-08
39.0,-,2,3005.33937,2,0,-1.0,0.0,-1.0,441.0,3005.346160861781,-0.006790861780700652,2,2,0,-1.0,0.0,-1.0,True,,0.0024
39.0,-,3,3130.69341,2,0,-1.0,1.0,0.0,169.0,3130.698099115257,-0.004689115256951482,3,2,0,-1.0,1.0,0.0,True,,0.00091
39.0,-,4,3261.14422,2,0,-1.0,-1.0,-2.0,400.0,3261.139648986487,0.004571013513213984,4,2,0,-1.0,-1.0,-2.0,True,,0.0022
39.0,-,5,4598.77042,2,1,-1.0,0.0,-1.0,2.89,4598.740661769983,0.029758230017250753,5,2,1,-1.0,0.0,-1.0,True,,1.6e-05
39.0,-,7,4722.75514,2,1,-1.0,1.0,0.0,2.25,4722.746183319346,0.008956680654591764,7,2,1,-1.0,1.0,0.0,True,,1.2e-05
39.0,-,8,4851.95106,2,1,-1.0,-1.0,-2.0,2.56,4851.924663610976,0.02639638902473962,8,2,1,-1.0,-1.0,-2.0,True,,1.4e-05
39.0,-,9,6168.77194,2,2,-1.0,0.0,-1.0,1.96,6168.75246280729,0.019477192709928204,9,2,2,-1.0,0.0,-1.0,True,,1.1e-05
39.0,-,10,6291.38585,2,2,-1.0,1.0,0.0,1.69,6291.386064116782,-0.00021411678244476207,10,2,2,-1.0,1.0,0.0,True,,9.1e-06
39.0,-,12,6419.34712,2,2,-1.0,-1.0,-2.0,1.96,6419.314317195184,0.03280280481612863,12,2,2,-1.0,-1.0,-2.0,True,,1.1e-05
39.0,-,13,7715.3945,2,3,-1.0,0.0,-1.0,0.36,7715.338377775657,0.05612222434319847,13,2,3,-1.0,0.0,-1.0,True,,1.9e-06
39.0,-,14,7836.57307,2,3,-1.0,1.0,0.0,0.64,7836.571857862076,0.0012121379240852548,14,2,3,-1.0,1.0,0.0,True,,3.4e-06
39.0,-,15,7963.30961,2,3,-1.0,-1.0,-2.0,0.64,7963.280207541378,0.029402458621916594,15,2,3,-1.0,-1.0,-2.0,True,,3.4e-06
39.0,-,19,9238.59816,2,4,-1.0,0.0,-1.0,0.09,9238.55816929105,0.03999070895042678,19,2,4,-1.0,0.0,-1.0,True,,4.8e-07
39.0,-,20,9358.2889,2,4,-1.0,1.0,0.0,0.09,9358.338257736825,-0.049357736825186294,20,2,4,-1.0,1.0,0.0,True,,4.8e-07
39.0,-,21,9483.83991,2,4,-1.0,-1.0,-2.0,0.04,9483.876550876399,-0.03664087639845093,21,2,4,-1.0,-1.0,-2.0,True,,2.2e-07
39.0,-,26,10761.0545,3,0,-1.0,0.0,-1.0,256.0,10761.15251655434,-0.09801655434057466,26,3,0,-1.0,0.0,-1.0,True,,0.0014
39.0,-,27,10856.328,2,5,-1.0,1.0,0.0,0.01,10856.615050058464,-0.28705005846495624,27,2,5,-1.0,1.0,0.0,True,,5.4e-08
39.0,-,34,12318.49459,3,1,-1.0,0.0,-1.0,1.21,12318.585392108083,-0.09080210808315314,34,3,1,-1.0,0.0,-1.0,True,,6.5e-06
39.0,-,42,13851.51655,3,2,-1.0,0.0,-1.0,0.25,13851.577314286225,-0.06076428622509411,42,3,2,-1.0,0.0,-1.0,True,,1.3e-06
39.0,-,53,15360.16148,3,3,-1.0,0.0,-1.0,0.16,15360.284678154529,-0.12319815452792682,53,3,3,-1.0,0.0,-1.0,True,,8.6e-07
39.0,-,63,16844.30775,3,4,-1.0,0.0,-1.0,0.36,16844.546784091846,-0.23903409184640623,63,3,4,-1.0,0.0,-1.0,True,,1.9e-06
39.0,-,74,18303.85542,3,5,-1.0,0.0,-1.0,0.04,18304.309376932208,-0.4539569322078023,74,3,5,-1.0,0.0,-1.0,True,,2.2e-07
39.0,-,83,19738.61649,3,6,-1.0,0.0,-1.0,0.04,19739.3882662472,-0.7717762471984315,83,3,6,-1.0,0.0,-1.0,True,,2.2e-07
40.0,+,1,2951.32704,1,0,0.0,0.0,0.0,361.0,2951.335517520534,-0.008477520533688221,1,1,0,0.0,0.0,0.0,True,,0.0019
40.0,+,6,4748.83674,1,1,0.0,0.0,0.0,83.24,4748.832062067945,0.004677932054619305,6,1,1,0.0,0.0,0.0,True,,0.00045
40.0,+,11,6517.47477,1,2,0.0,0.0,0.0,2.89,6517.686708202955,-0.2119382029550252,11,1,2,0.0,0.0,0.0,True,,1.6e-05
40.0,+,16,8256.08434,1,3,0.0,0.0,0.0,0.36,8256.665228280592,-0.5808882805922622,16,1,3,0.0,0.0,0.0,True,,1.9e-06
40.0,+,17,8557.34936,4,0,0.0,1.0,1.0,100.0,8557.430521687189,-0.08116168718879635,17,4,0,0.0,1.0,1.0,True,,0.00054
40.0,+,18,8795.62335,4,0,0.0,0.0,0.0,144.0,8795.583739546715,0.03961045328469481,18,4,0,0.0,0.0,0.0,True,,0.00077
40.0,+,22,9963.51884,1,4,0.0,0.0,0.0,0.04,9964.281946585434,-0.763106585432979,22,1,4,0.0,0.0,0.0,True,,2.2e-07
40.0,+,23,9980.26454,4,1,0.0,1.0,1.0,0.81,9980.164726934236,0.09981306576446514,23,4,1,0.0,1.0,1.0,True,,4.4e-06
40.0,+,24,10215.62711,4,1,0.0,0.0,0.0,1.21,10215.546191883568,0.08091811643134861,24,4,1,0.0,0.0,0.0,True,,6.5e-06
40.0,+,29,11380.45052,4,2,0.0,1.0,1.0,1.21,11380.536359790553,-0.0858397905521997,29,4,2,0.0,1.0,1.0,True,,6.5e-06
40.0,+,30,11613.35724,4,2,0.0,0.0,0.0,1.44,11613.328872445663,0.028367554336000467,30,4,2,0.0,0.0,0.0,True,,7.7e-06
40.0,+,37,12758.81518,4,3,0.0,1.0,1.0,1.21,12758.910784544303,-0.09560454430356913,37,4,3,0.0,1.0,1.0,True,,6.5e-06
40.0,+,38,12989.13485,4,3,0.0,0.0,0.0,0.81,12989.0898560373,0.044993962699663825,38,4,3,0.0,0.0,0.0,True,,4.4e-06
40.0,+,44,14115.12289,4,4,0.0,1.0,1.0,0.49,14115.235164545944,-0.1122745459433645,44,4,4,0.0,1.0,1.0,True,,2.6e-06
40.0,+,45,14228.73128,7,0,2.0,0.0,2.0,1.0,14228.726266981932,0.005013018067984376,45,7,0,2.0,0.0,2.0,True,,5.4e-06
40.0,+,46,14342.81929,4,4,0.0,0.0,0.0,0.25,14342.75771589459,0.061574105409818,46,4,4,0.0,0.0,0.0,True,,1.3e-06
40.0,+,51,15449.48725,4,5,0.0,1.0,1.0,0.09,15449.622407633728,-0.13515763372743095,51,4,5,0.0,1.0,1.0,True,,4.8e-07
40.0,+,54,15585.60202,7,1,2.0,0.0,2.0,0.09,15585.499548441692,0.10247155830802512,54,7,1,2.0,0.0,2.0,True,,4.8e-07
40.0,+,55,15674.51215,4,5,0.0,0.0,0.0,0.36,15674.48892367564,0.023226324359711725,55,4,5,0.0,0.0,0.0,True,,1.9e-06
40.0,+,60,16761.99002,4,6,0.0,1.0,1.0,0.01,16762.187420103794,-0.19740010379246087,60,4,6,0.0,1.0,1.0,True,,5.4e-08
40.0,+,64,16984.35881,4,6,0.0,0.0,0.0,0.04,16984.399169145083,-0.040359145081311,64,4,6,0.0,0.0,0.0,True,,2.2e-07
40.0,+,68,18052.68286,4,7,0.0,1.0,1.0,0.04,18053.05115609942,-0.3682960994192399,68,4,7,0.0,1.0,1.0,True,,2.2e-07
40.0,+,104,22698.07411,6,0,1.0,0.0,1.0,49.0,22697.988391904706,0.08571809529530583,104,6,0,1.0,0.0,1.0,True,,0.00026
40.0,+,105,22835.64015,6,0,1.0,-1.0,0.0,25.0,22835.628748456147,0.011401543852116447,105,6,0,1.0,-1.0,0.0,True,,0.00013
40.0,+,106,22978.98208,6,0,1.0,1.0,2.0,49.0,22979.106619017875,-0.12453901787375798,106,6,0,1.0,1.0,2.0,True,,0.00026
40.0,+,119,24420.0283,6,1,1.0,0.0,1.0,0.09,24419.727687936007,0.3006120639947767,119,6,1,1.0,0.0,1.0,True,,4.8e-07
40.0,+,122,24555.79727,6,1,1.0,-1.0,0.0,0.09,24555.645484410248,0.15178558975094347,122,6,1,1.0,-1.0,0.0,True,,4.8e-07
40.0,+,126,24697.71006,6,1,1.0,1.0,2.0,0.04,24697.828491645163,-0.1184316451617633,126,6,1,1.0,1.0,2.0,True,,2.2e-07
40.0,+,138,26102.88442,6,2,1.0,0.0,1.0,0.09,26102.712029483075,0.1723905169237696,138,6,2,1.0,0.0,1.0,True,,4.8e-07
40.0,+,139,26236.57814,6,2,1.0,-1.0,0.0,0.04,26236.651080134063,-0.07294013406135491,139,6,2,1.0,-1.0,0.0,True,,2.2e-07
40.0,+,169,29334.4095,6,4,1.0,0.0,1.0,0.01,29334.46896491511,-0.05946491510985652,169,6,4,1.0,0.0,1.0,True,,5.4e-08
40.0,+,171,29464.22242,6,4,1.0,-1.0,0.0,0.04,29464.19186278403,0.030557215966837248,171,6,4,1.0,-1.0,0.0,True,,2.2e-07
40.0,+,174,29600.18983,6,4,1.0,1.0,2.0,0.04,29600.38876734723,-0.1989373472315492,173,6,4,1.0,1.0,2.0,True,,2.2e-07
40.0,-,1,3129.95847,2,0,-1.0,0.0,-1.0,121.0,3129.942326944574,0.01614305542625516,1,2,0,-1.0,0.0,-1.0,True,,0.00065
40.0,-,2,3260.37993,2,0,-1.0,1.0,0.0,400.0,3260.390468293983,-0.010538293982790492,2,2,0,-1.0,1.0,0.0,True,,0.0022
40.0,-,3,3392.21525,2,0,-1.0,-1.0,-2.0,169.0,3392.211853156171,0.003396843829250429,3,2,0,-1.0,-1.0,-2.0,True,,0.00091
40.0,-,4,4722.00226,2,1,-1.0,0.0,-1.0,0.81,4721.984823033858,0.017436966141758603,4,2,1,-1.0,0.0,-1.0,True,,4.4e-06
40.0,-,5,4851.17322,2,1,-1.0,1.0,0.0,2.25,4851.164144458904,0.00907554109562625,5,2,1,-1.0,1.0,0.0,True,,1.2e-05
40.0,-,6,4981.58906,2,1,-1.0,-1.0,-2.0,0.64,4981.548676006066,0.04038399393448344,6,2,1,-1.0,-1.0,-2.0,True,,3.4e-06
40.0,-,7,6290.61334,2,2,-1.0,0.0,-1.0,1.69,6290.620790742568,-0.007450742567925772,7,2,2,-1.0,0.0,-1.0,True,,9.1e-06
40.0,-,8,6418.55136,2,2,-1.0,1.0,0.0,2.56,6418.541582646321,0.009777353679055523,8,2,2,-1.0,1.0,0.0,True,,1.4e-05
40.0,-,9,6547.50989,2,2,-1.0,-1.0,-2.0,1.44,6547.459224050042,0.050665949957874545,9,2,2,-1.0,-1.0,-2.0,True,,7.7e-06
40.0,-,10,7835.76402,2,3,-1.0,0.0,-1.0,0.64,7835.805870624732,-0.04185062473243306,10,2,3,-1.0,0.0,-1.0,True,,3.4e-06
40.0,-,11,7962.39388,2,3,-1.0,1.0,0.0,0.25,7962.494407286655,-0.10052728665505128,11,2,3,-1.0,1.0,0.0,True,,1.3e-06
40.0,-,12,8090.00884,2,3,-1.0,-1.0,-2.0,0.25,8089.910849860678,0.09799013932206435,12,2,3,-1.0,-1.0,-2.0,True,,1.3e-06
40.0,-,14,9357.38321,2,4,-1.0,0.0,-1.0,0.04,9357.578052312723,-0.19484231272326724,14,2,4,-1.0,0.0,-1.0,True,,2.2e-07
40.0,-,15,9483.0881,2,4,-1.0,1.0,0.0,0.01,9483.076806591982,0.011293408018900664,15,2,4,-1.0,1.0,0.0,True,,5.4e-08
40.0,-,19,10888.33588,3,0,-1.0,0.0,-1.0,81.0,10888.131117252717,0.204762747283894,19,3,0,-1.0,0.0,-1.0,True,,0.00044
40.0,-,25,12444.36824,3,1,-1.0,0.0,-1.0,0.49,12444.118592476005,0.24964752399500867,25,3,1,-1.0,0.0,-1.0,True,,2.6e-06
40.0,-,32,13976.05374,3,2,-1.0,0.0,-1.0,0.16,13975.80675739641,0.24698260358854895,32,3,2,-1.0,0.0,-1.0,True,,8.6e-07
40.0,-,41,15483.22466,3,3,-1.0,0.0,-1.0,0.16,15483.135299998989,0.08936000101130048,41,3,3,-1.0,0.0,-1.0,True,,8.6e-07
40.0,-,51,16966.04704,3,4,-1.0,0.0,-1.0,0.09,16966.013134097964,0.033905902037076885,51,3,4,-1.0,0.0,-1.0,True,,4.8e-07
40.0,-,58,18424.19477,3,5,-1.0,0.0,-1.0,0.01,18424.357379062414,-0.1626090624158678,58,3,5,-1.0,0.0,-1.0,True,,5.4e-08
40.0,-,65,19857.58434,3,6,-1.0,0.0,-1.0,0.01,19858.064347272113,-0.480007272111834,65,3,6,-1.0,0.0,-1.0,True,,5.4e-08
41.0,+,13,8795.69362,4,0,0.0,1.0,1.0,121.0,8795.585959379592,0.10766062040784163,13,4,0,0.0,1.0,1.0,True,,0.00065
41.0,+,17,10215.71121,4,1,0.0,1.0,1.0,1.21,10215.548948670825,0.1622613291747257,17,4,1,0.0,1.0,1.0,True,,6.5e-06
41.0,+,22,11613.53112,4,2,0.0,1.0,1.0,1.69,11613.39449538236,0.1366246176403365,22,4,2,0.0,1.0,1.0,True,,9.1e-06
41.0,+,29,12989.23073,4,3,0.0,1.0,1.0,0.49,12989.111590057933,0.1191399420658854,29,4,3,0.0,1.0,1.0,True,,2.6e-06
41.0,+,35,14346.31639,7,0,2.0,0.0,2.0,1.0,14346.31503692725,0.0013530727501347428,35,7,0,2.0,0.0,2.0,True,,5.4e-06
41.0,+,42,15674.60581,4,5,0.0,1.0,1.0,0.09,15674.517921997574,0.08788800242473371,42,4,5,0.0,1.0,1.0,True,,4.8e-07
41.0,+,43,15701.81258,7,1,2.0,0.0,2.0,0.04,15701.696678984144,0.11590101585534285,43,7,1,2.0,0.0,2.0,True,,2.2e-07
41.0,+,49,16984.46928,4,6,0.0,1.0,1.0,0.01,16984.43311660098,0.03616339902146137,49,4,6,0.0,1.0,1.0,True,,5.4e-08
41.0,+,50,17034.35819,7,2,2.0,0.0,2.0,0.01,17034.225290567363,0.1328994326358952,50,7,2,2.0,0.0,2.0,True,,5.4e-08
41.0,+,82,22834.97008,6,0,1.0,0.0,1.0,25.0,22835.045415353095,-0.07533535309630679,82,6,0,1.0,0.0,1.0,True,,0.00013
41.0,+,83,22978.67357,6,0,1.0,-1.0,0.0,49.0,22978.70470115092,-0.031131150921282824,83,6,0,1.0,-1.0,0.0,True,,0.00026
41.0,+,84,23122.85535,6,0,1.0,1.0,2.0,36.0,23122.775989557576,0.07936044242524076,84,6,0,1.0,1.0,2.0,True,,0.00019
41.0,+,95,24555.1291,6,1,1.0,0.0,1.0,0.04,24556.722533663964,-1.5934336639656976,95,6,1,1.0,0.0,1.0,True,,2.2e-07
41.0,+,97,24697.34624,6,1,1.0,-1.0,0.0,0.16,24697.472141768838,-0.12590176883895765,97,6,1,1.0,-1.0,0.0,True,,8.6e-07
41.0,+,99,24839.59596,6,1,1.0,1.0,2.0,0.09,24839.4204650846,0.17549491539830342,99,6,1,1.0,1.0,2.0,True,,4.8e-07
41.0,+,109,26235.51508,6,2,1.0,0.0,1.0,0.01,26236.10506385516,-0.5899838551595167,109,6,2,1.0,0.0,1.0,True,,5.4e-08
41.0,+,133,29463.3906,6,4,1.0,0.0,1.0,0.01,29463.718247416,-0.32764741600112757,133,6,4,1.0,0.0,1.0,True,,5.4e-08
41.0,+,137,29599.92178,6,4,1.0,-1.0,0.0,0.01,29600.108286193245,-0.18650619324398576,136,6,4,1.0,-1.0,0.0,True,,5.4e-08
41.0,+,139,29736.17036,6,4,1.0,1.0,2.0,0.01,29735.881258379613,0.28910162038664566,138,6,4,1.0,1.0,2.0,True,,5.4e-08
41.0,-,2,3258.8757,2,0,-1.0,0.0,-1.0,361.0,3258.869162967072,0.006537032928008557,2,2,0,-1.0,0.0,-1.0,True,,0.0019
41.0,-,3,3390.32814,2,0,-1.0,1.0,0.0,121.0,3390.325275536548,0.00286446345216973,3,2,0,-1.0,1.0,0.0,True,,0.00065
41.0,-,4,3527.03106,2,0,-1.0,-1.0,-2.0,361.0,3527.022933920176,0.008126079823796317,4,2,0,-1.0,-1.0,-2.0,True,,0.0019
41.0,-,5,4849.66104,2,1,-1.0,0.0,-1.0,2.25,4849.637118581811,0.023921418189274846,5,2,1,-1.0,0.0,-1.0,True,,1.2e-05
41.0,-,7,4979.69472,2,1,-1.0,1.0,0.0,0.49,4979.674483094693,0.020236905307683628,7,2,1,-1.0,1.0,0.0,True,,2.6e-06
41.0,-,8,5115.07905,2,1,-1.0,-1.0,-2.0,1.96,5115.047294273382,0.03175572661803017,8,2,1,-1.0,-1.0,-2.0,True,,1.1e-05
41.0,-,9,6417.04473,2,2,-1.0,0.0,-1.0,2.56,6417.008188908597,0.036541091402796155,9,2,2,-1.0,0.0,-1.0,True,,1.4e-05
41.0,-,10,6545.63441,2,2,-1.0,1.0,0.0,0.64,6545.599507522581,0.0349024774186546,10,2,2,-1.0,1.0,0.0,True,,3.4e-06
41.0,-,12,6679.68603,2,2,-1.0,-1.0,-2.0,2.25,6679.661212404542,0.02481759545753448,12,2,2,-1.0,-1.0,-2.0,True,,1.2e-05
41.0,-,13,7960.96556,2,3,-1.0,0.0,-1.0,0.25,7960.954021984395,0.0115380156048559,13,2,3,-1.0,0.0,-1.0,True,,1.3e-06
41.0,-,14,8088.11578,2,3,-1.0,1.0,0.0,0.64,8088.069247799025,0.04653220097497979,14,2,3,-1.0,1.0,0.0,True,,3.4e-06
41.0,-,15,8220.87506,2,3,-1.0,-1.0,-2.0,0.49,8220.851932580952,0.023127419048250886,15,2,3,-1.0,-1.0,-2.0,True,,2.6e-06
41.0,-,19,9481.53442,2,4,-1.0,0.0,-1.0,0.01,9481.528887793515,0.005532206485440838,19,2,4,-1.0,0.0,-1.0,True,,5.4e-08
41.0,-,20,9606.77122,2,4,-1.0,1.0,0.0,0.04,9607.112050552654,-0.34083055265364237,20,2,4,-1.0,1.0,0.0,True,,2.2e-07
41.0,-,26,11018.08889,3,0,-1.0,0.0,-1.0,121.0,11018.197744715666,-0.10885471566507476,26,3,0,-1.0,0.0,-1.0,True,,0.00065
41.0,-,34,12572.73663,3,1,-1.0,0.0,-1.0,0.81,12572.81753212166,-0.08090212166098354,34,3,1,-1.0,0.0,-1.0,True,,4.4e-06
41.0,-,42,14102.99841,3,2,-1.0,0.0,-1.0,0.36,14103.055113943834,-0.05670394383378152,42,3,2,-1.0,0.0,-1.0,True,,1.9e-06
41.0,-,53,15608.81741,3,3,-1.0,0.0,-1.0,0.16,15608.969695912276,-0.15228591227605648,53,3,3,-1.0,0.0,-1.0,True,,8.6e-07
41.0,-,63,17090.15549,3,4,-1.0,0.0,-1.0,0.36,17090.42819599032,-0.27270599031908205,63,3,4,-1.0,0.0,-1.0,True,,1.9e-06
41.0,-,74,18546.90136,3,5,-1.0,0.0,-1.0,0.04,18547.3854628283,-0.48410282830081997,74,3,5,-1.0,0.0,-1.0,True,,2.2e-07
41.0,-,83,19978.82434,3,6,-1.0,0.0,-1.0,0.04,19979.620557551978,-0.7962175519787706,83,3,6,-1.0,0.0,-1.0,True,,2.2e-07
42.0,+,1,3247.96531,1,0,0.0,0.0,0.0,361.0,3247.969280499616,-0.003970499616116285,1,1,0,0.0,0.0,0.0,True,,0.0019
42.0,+,6,5042.42137,1,1,0.0,0.0,0.0,82.56,5042.415292094685,0.006077905314668897,6,1,1,0.0,0.0,0.0,True,,0.00044
42.0,+,11,6807.94795,1,2,0.0,0.0,0.0,1.96,6808.178333312319,-0.23038331231964548,11,1,2,0.0,0.0,0.0,True,,1.1e-05
42.0,+,16,8543.36434,1,3,0.0,0.0,0.0,0.09,8543.993335351606,-0.628995351606136,16,1,3,0.0,0.0,0.0,True,,4.8e-07
42.0,+,17,8795.51199,4,0,0.0,1.0,1.0,100.0,8795.592129286095,-0.08013928609398135,17,4,0,0.0,1.0,1.0,True,,0.00054
42.0,+,18,9045.20145,4,0,0.0,0.0,0.0,100.0,9045.156123149853,0.045326850147830555,18,4,0,0.0,0.0,0.0,True,,0.00054
42.0,+,22,10215.37568,4,1,0.0,1.0,1.0,1.44,10215.491665995763,-0.1159859957642766,22,4,1,0.0,1.0,1.0,True,,7.7e-06
42.0,+,24,10462.45211,4,1,0.0,0.0,0.0,1.21,10462.336630059419,0.11547994058128097,24,4,1,0.0,0.0,0.0,True,,6.5e-06
42.0,+,29,11613.32284,4,2,0.0,1.0,1.0,1.21,11613.394352748623,-0.07151274862189894,29,4,2,0.0,1.0,1.0,True,,6.5e-06
42.0,+,30,11857.4295,4,2,0.0,0.0,0.0,1.44,11857.363070184605,0.06642981539516768,30,4,2,0.0,0.0,0.0,True,,7.7e-06
42.0,+,37,12988.9997,4,3,0.0,1.0,1.0,1.21,12989.117481564392,-0.1177815643914073,37,4,3,0.0,1.0,1.0,True,,6.5e-06
42.0,+,38,13230.3894,4,3,0.0,0.0,0.0,1.21,13230.312782537712,0.07661746228768607,38,4,3,0.0,0.0,0.0,True,,6.5e-06
42.0,+,44,14342.66911,4,4,0.0,1.0,1.0,0.36,14342.791691645067,-0.12258164506602043,44,4,4,0.0,1.0,1.0,True,,1.9e-06
42.0,+,45,14466.70016,7,0,2.0,0.0,2.0,1.0,14466.683691506601,0.016468493398861028,45,7,0,2.0,0.0,2.0,True,,5.4e-06
42.0,+,46,14581.26934,4,4,0.0,0.0,0.0,0.36,14581.198659432295,0.07068056770549447,46,4,4,0.0,0.0,0.0,True,,1.9e-06
42.0,+,51,15674.38405,4,5,0.0,1.0,1.0,0.16,15674.529928840495,-0.14587884049433342,51,4,5,0.0,1.0,1.0,True,,8.6e-07
42.0,+,54,15820.75269,7,1,2.0,0.0,2.0,0.04,15820.639532489748,0.11315751025176723,54,7,1,2.0,0.0,2.0,True,,2.2e-07
42.0,+,55,15910.15521,4,5,0.0,0.0,0.0,0.25,15910.149186122444,0.006023877556799562,55,4,5,0.0,0.0,0.0,True,,1.3e-06
42.0,+,60,16984.17758,4,6,0.0,1.0,1.0,0.09,16984.44731770016,-0.2697377001604764,60,4,6,0.0,1.0,1.0,True,,4.8e-07
42.0,+,62,17151.89736,7,2,2.0,0.0,2.0,0.01,17151.74238461688,0.15497538312047254,62,7,2,2.0,0.0,2.0,True,,5.4e-08
42.0,+,63,17217.2222,4,6,0.0,0.0,0.0,0.04,17217.28016568902,-0.05796568901860155,63,4,6,0.0,0.0,0.0,True,,2.2e-07
42.0,+,104,22977.32013,6,0,1.0,0.0,1.0,36.0,22977.237790818577,0.08233918142286711,104,6,0,1.0,0.0,1.0,True,,0.00019
42.0,+,105,23121.43421,6,0,1.0,-1.0,0.0,25.0,23121.425245426297,0.008964573702542111,105,6,0,1.0,-1.0,0.0,True,,0.00013
42.0,+,107,23271.52233,6,0,1.0,1.0,2.0,36.0,23271.64001439781,-0.11768439781008055,107,6,0,1.0,1.0,2.0,True,,0.00019
42.0,+,121,24696.10513,6,1,1.0,0.0,1.0,0.09,24696.123681683595,-0.018551683595433133,120,6,1,1.0,0.0,1.0,True,,4.8e-07
42.0,+,124,24838.3964,6,1,1.0,-1.0,0.0,0.09,24838.313730790418,0.08266920958340052,124,6,1,1.0,-1.0,0.0,True,,4.8e-07
42.0,+,126,24986.73144,6,1,1.0,1.0,2.0,0.09,24986.826856046056,-0.09541604605692555,126,6,1,1.0,1.0,2.0,True,,4.8e-07
42.0,+,170,29598.6725,6,4,1.0,0.0,1.0,0.04,29598.719987302447,-0.0474873024468252,169,6,4,1.0,0.0,1.0,True,,2.2e-07
42.0,+,172,29734.64214,6,4,1.0,-1.0,0.0,0.01,29734.6726385486,-0.03049854860000778,171,6,4,1.0,-1.0,0.0,True,,5.4e-08
42.0,+,174,29867.03106,6,4,1.0,1.0,2.0,0.0,29879.674939061933,-12.643879061932239,174,2,20,1.0,0.0,1.0,False,*,0.0
42.0,-,1,3389.6581,2,0,-1.0,0.0,-1.0,121.0,3389.636826995151,0.02127300484926309,1,2,0,-1.0,0.0,-1.0,True,,0.00065
42.0,-,2,3526.32597,2,0,-1.0,1.0,0.0,324.0,3526.329204340232,-0.0032343402322112524,2,2,0,-1.0,1.0,0.0,True,,0.0017
42.0,-,3,3664.25448,2,0,-1.0,-1.0,-2.0,196.0,3664.247623163175,0.00685683682513627,3,2,0,-1.0,-1.0,-2.0,True,,0.0011
42.0,-,4,4979.00691,2,1,-1.0,0.0,-1.0,1.0,4978.981029964147,0.02588003585333354,4,2,1,-1.0,0.0,-1.0,True,,5.4e-06
42.0,-,5,5114.35844,2,1,-1.0,1.0,0.0,1.69,5114.342384554639,0.016055445361416787,5,2,1,-1.0,1.0,0.0,True,,9.1e-06
42.0,-,6,5250.79843,2,1,-1.0,-1.0,-2.0,0.81,5250.751277421529,0.04715257847055909,6,2,1,-1.0,-1.0,-2.0,True,,4.4e-06
42.0,-,7,6544.86494,2,2,-1.0,0.0,-1.0,1.44,6544.902807922513,-0.037867922512305086,7,2,2,-1.0,0.0,-1.0,True,,7.7e-06
42.0,-,8,6678.97455,2,2,-1.0,1.0,0.0,1.96,6678.944279063545,0.030270936455053743,8,2,2,-1.0,1.0,0.0,True,,1.1e-05
42.0,-,9,6813.89608,2,2,-1.0,-1.0,-2.0,1.21,6813.811835383616,0.08424461638423963,9,2,2,-1.0,-1.0,-2.0,True,,6.5e-06
42.0,-,10,8087.2766,2,3,-1.0,0.0,-1.0,0.49,8087.372581593272,-0.09598159327197209,10,2,3,-1.0,0.0,-1.0,True,,2.6e-06
42.0,-,11,8220.13078,2,3,-1.0,1.0,0.0,0.49,8220.122159684444,0.00862031555516296,11,2,3,-1.0,1.0,0.0,True,,2.6e-06
42.0,-,12,8353.49036,2,3,-1.0,-1.0,-2.0,0.36,8353.412296046301,0.07806395369880192,12,2,3,-1.0,-1.0,-2.0,True,,1.9e-06
42.0,-,14,9606.22508,2,4,-1.0,0.0,-1.0,0.04,9606.421936527202,-0.1968565272018168,14,2,4,-1.0,0.0,-1.0,True,,2.2e-07
42.0,-,19,11151.57626,3,0,-1.0,0.0,-1.0,64.0,11151.345840495733,0.23041950426704716,19,3,0,-1.0,0.0,-1.0,True,,0.00034
42.0,-,26,12704.77456,3,1,-1.0,0.0,-1.0,0.09,12704.501432195148,0.2731278048522654,26,3,1,-1.0,0.0,-1.0,True,,4.8e-07
42.0,-,32,14233.5952,3,2,-1.0,0.0,-1.0,0.09,14233.31533370171,0.2798662982895621,32,3,2,-1.0,0.0,-1.0,True,,4.8e-07
42.0,-,41,15737.96809,3,3,-1.0,0.0,-1.0,0.09,15737.78127819719,0.18681180281055276,41,3,3,-1.0,0.0,-1.0,True,,4.8e-07
42.0,-,51,17217.79532,3,4,-1.0,0.0,-1.0,0.09,17217.7854464278,0.009873572202195646,51,3,4,-1.0,0.0,-1.0,True,,4.8e-07
42.0,-,58,18673.07795,3,5,-1.0,0.0,-1.0,0.01,18673.251414910228,-0.17346491022908594,58,3,5,-1.0,0.0,-1.0,True,,5.4e-08
42.0,-,65,20103.54434,3,6,-1.0,0.0,-1.0,0.01,20104.046116216257,-0.5017762162569852,65,3,6,-1.0,0.0,-1.0,True,,5.4e-08
43.0,+,13,9045.26897,4,0,0.0,1.0,1.0,121.0,9045.158033491949,0.11093650805014477,13,4,0,0.0,1.0,1.0,True,,0.00065
43.0,+,17,10462.50364,4,1,0.0,1.0,1.0,1.21,10462.337998559797,0.1656414402041264,17,4,1,0.0,1.0,1.0,True,,6.5e-06
43.0,+,22,11857.53826,4,2,0.0,1.0,1.0,1.21,11857.399983638152,0.13827636184760195,22,4,2,0.0,1.0,1.0,True,,6.5e-06
43.0,+,29,13230.43553,4,3,0.0,1.0,1.0,1.44,13230.334790308587,0.10073969141376438,29,4,3,0.0,1.0,1.0,True,,7.7e-06
43.0,+,34,14581.3315,4,4,0.0,1.0,1.0,0.16,14581.223732902174,0.10776709782658145,34,4,4,0.0,1.0,1.0,True,,8.6e-07
43.0,+,35,14589.82861,7,0,2.0,0.0,2.0,1.0,14589.825872523992,0.0027374760084057925,35,7,0,2.0,0.0,2.0,True,,5.4e-06
43.0,+,42,15910.23912,4,5,0.0,1.0,1.0,0.25,15910.17880650029,0.06031349971090094,42,4,5,0.0,1.0,1.0,True,,1.3e-06
43.0,+,48,17217.2898,4,6,0.0,1.0,1.0,0.09,17217.31481456253,-0.025014562532305717,48,4,6,0.0,1.0,1.0,True,,4.8e-07
43.0,+,82,23120.83513,6,0,1.0,0.0,1.0,25.0,23120.90504873013,-0.06991873012884753,82,6,0,1.0,0.0,1.0,True,,0.00013
43.0,+,83,23271.26669,6,0,1.0,-1.0,0.0,36.0,23271.28970545311,-0.02301545310911024,83,6,0,1.0,-1.0,0.0,True,,0.00019
43.0,+,84,23421.96946,6,0,1.0,1.0,2.0,25.0,23421.89273112128,0.07672887872104184,84,6,0,1.0,1.0,2.0,True,,0.00013
43.0,+,95,24837.63619,6,1,1.0,0.0,1.0,0.09,24837.69874140702,-0.06255140701978235,95,6,1,1.0,0.0,1.0,True,,4.8e-07
43.0,+,97,24986.32171,6,1,1.0,-1.0,0.0,0.04,24986.50619868174,-0.1844886817416409,97,6,1,1.0,-1.0,0.0,True,,2.2e-07
43.0,+,100,25135.09136,6,1,1.0,1.0,2.0,0.01,25134.91369441665,0.17766558334915317,99,6,1,1.0,1.0,2.0,True,,5.4e-08
43.0,+,134,29734.1456,6,4,1.0,0.0,1.0,0.01,29734.265436775575,-0.11983677557509509,133,6,4,1.0,0.0,1.0,True,,5.4e-08
43.0,-,2,3524.88309,2,0,-1.0,0.0,-1.0,361.0,3524.873450058755,0.009639941244586225,2,2,0,-1.0,0.0,-1.0,True,,0.0019
43.0,-,3,3662.41719,2,0,-1.0,1.0,0.0,144.0,3662.413083518992,0.004106481007966067,3,2,0,-1.0,1.0,0.0,True,,0.00077
43.0,-,4,3805.35345,2,0,-1.0,-1.0,-2.0,361.0,3805.347310947638,0.00613905236195933,4,2,0,-1.0,-1.0,-2.0,True,,0.0019
43.0,-,5,5112.90787,2,1,-1.0,0.0,-1.0,1.69,5112.88114236249,0.026727637509793567,5,2,1,-1.0,0.0,-1.0,True,,9.1e-06
43.0,-,7,5248.94672,2,1,-1.0,1.0,0.0,0.81,5248.929631948639,0.017088051360587997,7,2,1,-1.0,1.0,0.0,True,,4.4e-06
43.0,-,8,5390.50978,2,1,-1.0,-1.0,-2.0,1.96,5390.477235758784,0.032544241215873626,8,2,1,-1.0,-1.0,-2.0,True,,1.1e-05
43.0,-,9,6677.50921,2,2,-1.0,0.0,-1.0,1.21,6677.476938745977,0.03227125402281672,9,2,2,-1.0,0.0,-1.0,True,,6.5e-06
43.0,-,10,6812.01148,2,2,-1.0,1.0,0.0,0.81,6812.005238260675,0.006241739325560047,10,2,2,-1.0,1.0,0.0,True,,4.4e-06
43.0,-,11,6952.23341,2,2,-1.0,-1.0,-2.0,1.21,6952.180825951957,0.052584048043172515,11,2,2,-1.0,-1.0,-2.0,True,,6.5e-06
43.0,-,13,8218.71345,2,3,-1.0,0.0,-1.0,0.64,8218.648133396295,0.06531660370455938,13,2,3,-1.0,0.0,-1.0,True,,3.4e-06
43.0,-,14,8351.63714,2,3,-1.0,1.0,0.0,0.64,8351.62443680747,0.012703192531262175,14,2,3,-1.0,1.0,0.0,True,,3.4e-06
43.0,-,15,8490.51091,2,3,-1.0,-1.0,-2.0,0.25,8490.461752281331,0.049157718669448514,15,2,3,-1.0,-1.0,-2.0,True,,1.3e-06
43.0,-,26,11287.44881,3,0,-1.0,0.0,-1.0,100.0,11287.569035897048,-0.12022589704793063,26,3,0,-1.0,0.0,-1.0,True,,0.00054
43.0,-,34,12839.17996,3,1,-1.0,0.0,-1.0,0.36,12839.172691784855,0.007268215143994894,34,3,1,-1.0,0.0,-1.0,True,,1.9e-06
43.0,-,42,14366.53265,3,2,-1.0,0.0,-1.0,0.25,14366.58141401818,-0.04876401818000886,42,3,2,-1.0,0.0,-1.0,True,,1.3e-06
43.0,-,53,15869.41722,3,3,-1.0,0.0,-1.0,0.16,15869.563551930549,-0.1463319305494224,53,3,3,-1.0,0.0,-1.0,True,,8.6e-07
43.0,-,64,17347.77036,3,4,-1.0,0.0,-1.0,0.36,17348.07821772393,-0.3078577239321021,64,3,4,-1.0,0.0,-1.0,True,,1.9e-06
43.0,-,74,18801.74318,3,5,-1.0,0.0,-1.0,0.01,18802.187853504267,-0.44467350426566554,74,3,5,-1.0,0.0,-1.0,True,,5.4e-08
43.0,-,83,20230.46434,3,6,-1.0,0.0,-1.0,0.04,20231.337841634693,-0.8735016346945486,83,3,6,-1.0,0.0,-1.0,True,,2.2e-07
44.0,+,1,3558.47762,1,0,0.0,0.0,0.0,484.0,3558.485340050013,-0.007720050012721913,1,1,0,0.0,0.0,0.0,True,,0.0026
44.0,+,6,5349.73929,1,1,0.0,0.0,0.0,82.56,5349.730674460397,0.008615539603852085,6,1,1,0.0,0.0,0.0,True,,0.00044
44.0,+,12,7111.99318,1,2,0.0,0.0,0.0,1.96,7112.248576801402,-0.25539680140173004,12,1,2,0.0,0.0,0.0,True,,1.1e-05
44.0,+,16,8844.09434,1,3,0.0,0.0,0.0,0.09,8844.741151519971,-0.6468115199713793,16,1,3,0.0,0.0,0.0,True,,4.8e-07
44.0,+,17,9045.09357,4,0,0.0,1.0,1.0,121.0,9045.165789456503,-0.07221945650235284,17,4,0,0.0,1.0,1.0,True,,0.00065
44.0,+,18,9306.13243,4,0,0.0,0.0,0.0,100.0,9306.08970222877,0.042727771229692735,18,4,0,0.0,0.0,0.0,True,,0.00054
44.0,+,22,10462.25522,4,1,0.0,1.0,1.0,1.0,10462.316491422636,-0.061271422637219075,22,4,1,0.0,1.0,1.0,True,,5.4e-06
44.0,+,24,10720.47058,4,1,0.0,0.0,0.0,1.0,10720.357499737433,0.11308026256665471,24,4,1,0.0,0.0,0.0,True,,5.4e-06
44.0,+,29,11857.32425,4,2,0.0,1.0,1.0,1.44,11857.400644661118,-0.07639466111868387,29,4,2,0.0,1.0,1.0,True,,7.7e-06
44.0,+,30,12112.54777,4,2,0.0,0.0,0.0,1.44,12112.474052169098,0.07371783090093231,30,4,2,0.0,0.0,0.0,True,,7.7e-06
44.0,+,37,13230.24674,4,3,0.0,1.0,1.0,1.21,13230.341112008764,-0.09437200876345742,37,4,3,0.0,1.0,1.0,True,,6.5e-06
44.0,+,38,13482.55648,4,3,0.0,0.0,0.0,1.21,13482.50203324155,0.05444675844955782,38,4,3,0.0,0.0,0.0,True,,6.5e-06
44.0,+,44,14581.11626,4,4,0.0,1.0,1.0,0.64,14581.233687945194,-0.1174279451934126,44,4,4,0.0,1.0,1.0,True,,3.4e-06
44.0,+,45,14715.7409,7,0,2.0,0.0,2.0,1.0,14715.735070632216,0.0058293677848269,45,7,0,2.0,0.0,2.0,True,,5.4e-06
44.0,+,46,14830.53534,4,4,0.0,0.0,0.0,0.64,14830.474391689278,0.06094831072186935,46,4,4,0.0,0.0,0.0,True,,3.4e-06
44.0,+,51,15910.04653,4,5,0.0,1.0,1.0,0.49,15910.19152294986,-0.14499294986126188,51,4,5,0.0,1.0,1.0,True,,2.6e-06
44.0,+,54,16066.86717,7,1,2.0,0.0,2.0,0.04,16066.7367573278,0.13041267219887231,54,7,1,2.0,0.0,2.0,True,,2.2e-07
44.0,+,55,16156.54007,4,5,0.0,0.0,0.0,0.25,16156.512743466888,0.02732653311068134,55,4,5,0.0,0.0,0.0,True,,1.3e-06
44.0,+,59,17217.12345,4,6,0.0,1.0,1.0,0.01,17217.330059783988,-0.20660978398882435,59,4,6,0.0,1.0,1.0,True,,5.4e-08
44.0,+,63,17460.69548,4,6,0.0,0.0,0.0,0.04,17460.73306388034,-0.03758388034111704,63,4,6,0.0,0.0,0.0,True,,2.2e-07
44.0,+,104,23269.99897,6,0,1.0,0.0,1.0,36.0,23269.877143165446,0.12182683455466758,104,6,0,1.0,0.0,1.0,True,,0.00019
44.0,+,105,23420.59637,6,0,1.0,-1.0,0.0,16.0,23420.590566334144,0.005803665855637519,105,6,0,1.0,-1.0,0.0,True,,8.6e-05
44.0,+,107,23577.40064,6,0,1.0,1.0,2.0,36.0,23577.484629556613,-0.08398955661323271,107,6,0,1.0,1.0,2.0,True,,0.00019
44.0,+,121,24985.19727,6,1,1.0,0.0,1.0,0.09,24985.086768215948,0.11050178405275801,121,6,1,1.0,0.0,1.0,True,,4.8e-07
44.0,+,125,25133.69135,6,1,1.0,-1.0,0.0,0.01,25133.738457816555,-0.04710781655376195,124,6,1,1.0,-1.0,0.0,True,,5.4e-08
44.0,+,127,25288.7816,6,1,1.0,1.0,2.0,0.01,25289.004289523382,-0.22268952338345116,127,6,1,1.0,1.0,2.0,True,,5.4e-08
44.0,-,1,3661.81816,2,0,-1.0,0.0,-1.0,144.0,3661.785297502627,0.03286249737266189,1,2,0,-1.0,0.0,-1.0,True,,0.00077
44.0,-,2,3804.70571,2,0,-1.0,1.0,0.0,361.0,3804.704625605722,0.0010843942782230442,2,2,0,-1.0,1.0,0.0,True,,0.0019
44.0,-,3,3948.69336,2,0,-1.0,-1.0,-2.0,169.0,3948.696354362939,-0.0029943629388071713,3,2,0,-1.0,-1.0,-2.0,True,,0.00091
44.0,-,4,5248.32018,2,1,-1.0,0.0,-1.0,0.81,5248.297368949545,0.02281105045494769,4,2,1,-1.0,0.0,-1.0,True,,4.4e-06
44.0,-,5,5389.84561,2,1,-1.0,1.0,0.0,1.44,5389.823505132443,0.022104867557573016,5,2,1,-1.0,1.0,0.0,True,,7.7e-06
44.0,-,6,5532.26564,2,1,-1.0,-1.0,-2.0,0.64,5532.233000534021,0.03263946597871836,6,2,1,-1.0,-1.0,-2.0,True,,3.4e-06
44.0,-,7,6811.38032,2,2,-1.0,0.0,-1.0,1.21,6811.370326003972,0.009993996028242691,7,2,2,-1.0,0.0,-1.0,True,,6.5e-06
44.0,-,8,6951.56954,2,2,-1.0,1.0,0.0,1.44,6951.51523741406,0.05430258594060433,8,2,2,-1.0,1.0,0.0,True,,7.7e-06
44.0,-,9,7092.37593,2,2,-1.0,-1.0,-2.0,1.0,7092.308980228566,0.06694977143433789,9,2,2,-1.0,-1.0,-2.0,True,,5.4e-06
44.0,-,10,8350.96779,2,3,-1.0,0.0,-1.0,0.25,8350.990215443384,-0.022425443383326638,10,2,3,-1.0,0.0,-1.0,True,,1.3e-06
44.0,-,11,8489.83731,2,3,-1.0,1.0,0.0,0.36,8489.78352162632,0.053788373681527446,11,2,3,-1.0,1.0,0.0,True,,1.9e-06
44.0,-,12,8629.03982,2,3,-1.0,-1.0,-2.0,0.25,8628.923764320694,0.11605567930564575,12,2,3,-1.0,-1.0,-2.0,True,,1.3e-06
44.0,-,19,11427.107,3,0,-1.0,0.0,-1.0,25.0,11426.860459746653,0.2465402533471206,19,3,0,-1.0,0.0,-1.0,True,,0.00013
44.0,-,26,12977.32819,3,1,-1.0,0.0,-1.0,0.25,12977.04964925881,0.278540741190227,26,3,1,-1.0,0.0,-1.0,True,,1.3e-06
44.0,-,32,14503.14875,3,2,-1.0,0.0,-1.0,0.04,14502.84604571707,0.3027042829307902,32,3,2,-1.0,0.0,-1.0,True,,2.2e-07
44.0,-,41,16004.51136,3,3,-1.0,0.0,-1.0,0.09,16004.309608864913,0.2017511350877612,41,3,3,-1.0,0.0,-1.0,True,,4.8e-07
44.0,-,51,17481.31972,3,4,-1.0,0.0,-1.0,0.09,17481.299764646617,0.019955353382101748,51,3,4,-1.0,0.0,-1.0,True,,4.8e-07
44.0,-,58,18933.53318,3,5,-1.0,0.0,-1.0,0.01,18933.74092748113,-0.20774748113035457,58,3,5,-1.0,0.0,-1.0,True,,5.4e-08
44.0,-,65,20360.95434,3,6,-1.0,0.0,-1.0,0.01,20361.485824212225,-0.5314842122243135,65,3,6,-1.0,0.0,-1.0,True,,5.4e-08
45.0,+,13,9306.19845,4,0,0.0,1.0,1.0,64.0,9306.091224745442,0.10722525455821597,13,4,0,0.0,1.0,1.0,True,,0.00034
45.0,+,17,10720.52254,4,1,0.0,1.0,1.0,1.21,10720.356685212373,0.16585478762681305,17,4,1,0.0,1.0,1.0,True,,6.5e-06
45.0,+,22,12112.64489,4,2,0.0,1.0,1.0,0.64,12112.503420019637,0.14146998036267178,22,4,2,0.0,1.0,1.0,True,,3.4e-06
45.0,+,29,13482.63635,4,3,0.0,1.0,1.0,1.0,13482.524307588536,0.11204241146515415,29,4,3,0.0,1.0,1.0,True,,5.4e-06
45.0,+,34,14830.60721,4,4,0.0,1.0,1.0,0.36,14830.499956953357,0.10725304664265423,34,4,4,0.0,1.0,1.0,True,,1.9e-06
45.0,+,35,14844.39795,7,0,2.0,0.0,2.0,1.0,14844.404627236,-0.006677235998722608,35,7,0,2.0,0.0,2.0,True,,5.4e-06
45.0,+,42,16156.62722,4,5,0.0,1.0,1.0,0.16,16156.542938015498,0.08428198450201307,42,4,5,0.0,1.0,1.0,True,,8.6e-07
45.0,+,43,16194.01085,7,1,2.0,0.0,2.0,0.01,16193.877926171119,0.1329238288817578,43,7,1,2.0,0.0,2.0,True,,5.4e-08
45.0,+,48,17460.74784,4,6,0.0,1.0,1.0,0.04,17460.76835198008,-0.020511980081209913,48,4,6,0.0,1.0,1.0,True,,2.2e-07
45.0,+,82,23420.05612,6,0,1.0,0.0,1.0,16.0,23420.13141896361,-0.07529896360938437,82,6,0,1.0,0.0,1.0,True,,8.6e-05
45.0,+,83,23577.19499,6,0,1.0,-1.0,0.0,36.0,23577.189175734075,0.005814265925437212,83,6,0,1.0,-1.0,0.0,True,,0.00019
45.0,+,85,23734.41503,6,0,1.0,1.0,2.0,36.0,23734.32305478279,0.09197521720852819,85,6,0,1.0,1.0,2.0,True,,0.00019
45.0,+,96,25133.15114,6,1,1.0,0.0,1.0,0.01,25133.24357960156,-0.09243960155799869,95,6,1,1.0,0.0,1.0,True,,5.4e-08
45.0,+,98,25288.59057,6,1,1.0,-1.0,0.0,0.09,25288.723357543415,-0.13278754341445165,98,6,1,1.0,-1.0,0.0,True,,4.8e-07
45.0,+,100,25443.7527,6,1,1.0,1.0,2.0,0.04,25443.54796428119,0.20473571880938835,100,6,1,1.0,1.0,2.0,True,,2.2e-07
45.0,-,2,3803.32815,2,0,-1.0,0.0,-1.0,441.0,3803.30873209668,0.01941790331966331,2,2,0,-1.0,0.0,-1.0,True,,0.0024
45.0,-,3,3946.91135,2,0,-1.0,1.0,0.0,100.0,3946.909328386816,0.002021613183842419,3,2,0,-1.0,1.0,0.0,True,,0.00054
45.0,-,4,4096.0656,2,0,-1.0,-1.0,-2.0,256.0,4096.058674649729,0.006925350270648778,4,2,0,-1.0,-1.0,-2.0,True,,0.0014
45.0,-,5,5388.45875,2,1,-1.0,0.0,-1.0,1.96,5388.422328632894,0.03642136710550403,5,2,1,-1.0,0.0,-1.0,True,,1.1e-05
45.0,-,7,5530.47104,2,1,-1.0,1.0,0.0,0.49,5530.459333354957,0.01170664504297747,7,2,1,-1.0,1.0,0.0,True,,2.6e-06
45.0,-,8,5678.19057,2,1,-1.0,-1.0,-2.0,1.44,5678.160251777973,0.03031822202683543,8,2,1,-1.0,-1.0,-2.0,True,,7.7e-06
45.0,-,9,6950.16788,2,2,-1.0,0.0,-1.0,1.96,6950.108201334224,0.05967866577611858,9,2,2,-1.0,0.0,-1.0,True,,1.1e-05
45.0,-,10,7090.56766,2,2,-1.0,1.0,0.0,0.64,7090.55087648203,0.016783517969997774,10,2,2,-1.0,1.0,0.0,True,,3.4e-06
45.0,-,11,7236.88495,2,2,-1.0,-1.0,-2.0,1.21,7236.818803631039,0.06614636896028969,11,2,2,-1.0,-1.0,-2.0,True,,6.5e-06
45.0,-,13,8488.43668,2,3,-1.0,0.0,-1.0,0.25,8488.370070668767,0.06660933123384893,13,2,3,-1.0,0.0,-1.0,True,,1.3e-06
45.0,-,14,8627.20806,2,3,-1.0,1.0,0.0,0.25,8627.18494641394,0.02311358606129943,14,2,3,-1.0,1.0,0.0,True,,1.3e-06
45.0,-,15,8772.08495,2,3,-1.0,-1.0,-2.0,0.01,8772.055164330306,0.02978566969431995,15,2,3,-1.0,-1.0,-2.0,True,,5.4e-08
45.0,-,26,11569.08695,3,0,-1.0,0.0,-1.0,144.0,11569.213441631395,-0.1264916313939466,26,3,0,-1.0,0.0,-1.0,True,,0.00077
45.0,-,34,13117.74061,3,1,-1.0,0.0,-1.0,0.25,13117.786645207605,-0.04603520760429092,34,3,1,-1.0,0.0,-1.0,True,,1.3e-06
45.0,-,42,14642.03813,3,2,-1.0,0.0,-1.0,0.16,14642.102880131948,-0.06475013194722123,42,3,2,-1.0,0.0,-1.0,True,,8.6e-07
45.0,-,53,16141.85439,3,3,-1.0,0.0,-1.0,0.16,16142.01264297525,-0.15825297525043425,53,3,3,-1.0,0.0,-1.0,True,,8.6e-07
45.0,-,64,17617.10939,3,4,-1.0,0.0,-1.0,0.36,17617.442978503565,-0.3335885035630781,64,3,4,-1.0,0.0,-1.0,True,,1.9e-06
45.0,-,73,19067.71287,3,5,-1.0,0.0,-1.0,0.04,19068.269707909403,-0.5568379094038391,73,3,5,-1.0,0.0,-1.0,True,,2.2e-07
45.0,-,83,20493.58434,3,6,-1.0,0.0,-1.0,0.04,20494.485604030426,-0.9012640304244997,83,3,6,-1.0,0.0,-1.0,True,,2.2e-07
46.0,+,1,3882.82223,1,0,0.0,0.0,0.0,441.0,3882.825595626966,-0.00336562696566034,1,1,0,0.0,0.0,0.0,True,,0.0024
46.0,+,6,5670.73268,1,1,0.0,0.0,0.0,82.25,5670.719641775734,0.013038224265983445,6,1,1,0.0,0.0,0.0,True,,0.00044
46.0,+,12,7429.57257,1,2,0.0,0.0,0.0,1.69,7429.838170456365,-0.265600456365064,12,1,2,0.0,0.0,0.0,True,,9.1e-06
46.0,+,16,9158.13434,1,3,0.0,0.0,0.0,0.09,9158.84780756603,-0.7134675660290668,16,1,3,0.0,0.0,0.0,True,,4.8e-07
46.0,+,17,9306.03093,4,0,0.0,1.0,1.0,81.0,9306.101774483119,-0.07084448311798042,17,4,0,0.0,1.0,1.0,True,,0.00044
46.0,+,18,9578.3782,4,0,0.0,0.0,0.0,64.0,9578.331777188538,0.04642281146152527,18,4,0,0.0,0.0,0.0,True,,0.00034
46.0,+,22,10720.29461,4,1,0.0,1.0,1.0,1.0,10720.34428302361,-0.049673023610012024,22,4,1,0.0,1.0,1.0,True,,5.4e-06
46.0,+,24,10989.67976,4,1,0.0,0.0,0.0,0.81,10989.556786673182,0.12297332681919215,24,4,1,0.0,0.0,0.0,True,,4.4e-06
46.0,+,29,12112.44427,4,2,0.0,1.0,1.0,1.21,12112.504737619976,-0.06046761997640715,29,4,2,0.0,1.0,1.0,True,,6.5e-06
46.0,+,30,12378.71691,4,2,0.0,0.0,0.0,1.0,12378.625919737158,0.0909902628409327,30,4,2,0.0,0.0,0.0,True,,5.4e-06
46.0,+,37,13482.43713,4,3,0.0,1.0,1.0,1.0,13482.531022723266,-0.093892723265526,37,4,3,0.0,1.0,1.0,True,,5.4e-06
46.0,+,38,13745.68845,4,3,0.0,0.0,0.0,1.21,13745.60460414488,0.08384585511885234,38,4,3,0.0,0.0,0.0,True,,6.5e-06
46.0,+,44,14830.39076,4,4,0.0,1.0,1.0,0.49,14830.510407870082,-0.11964787008218991,44,4,4,0.0,1.0,1.0,True,,2.6e-06
46.0,+,45,14975.80176,7,0,2.0,0.0,2.0,1.0,14975.827733289783,-0.02597328978299629,45,7,0,2.0,0.0,2.0,True,,5.4e-06
46.0,+,46,15090.61101,4,4,0.0,0.0,0.0,0.36,15090.531805259287,0.07920474071397621,46,4,4,0.0,0.0,0.0,True,,1.9e-06
46.0,+,51,16156.41287,4,5,0.0,1.0,1.0,0.16,16156.556361384386,-0.1434913843859249,51,4,5,0.0,1.0,1.0,True,,8.6e-07
46.0,+,54,16323.84126,7,1,2.0,0.0,2.0,0.01,16323.738413237688,0.10284676231094636,54,7,1,2.0,0.0,2.0,True,,5.4e-08
46.0,+,55,16413.55716,4,5,0.0,0.0,0.0,0.09,16413.526389954197,0.030770045803365065,55,4,5,0.0,0.0,0.0,True,,4.8e-07
46.0,+,59,17460.56118,4,6,0.0,1.0,1.0,0.04,17460.78482374557,-0.22364374556855182,59,4,6,0.0,1.0,1.0,True,,2.2e-07
46.0,+,104,23575.95841,6,0,1.0,0.0,1.0,36.0,23575.830847479032,0.12756252096733078,104,6,0,1.0,0.0,1.0,True,,0.00019
46.0,+,106,23733.07132,6,0,1.0,-1.0,0.0,25.0,23733.068998492858,0.0023215071414597332,106,6,0,1.0,-1.0,0.0,True,,0.00013
46.0,+,107,23898.29351,6,0,1.0,1.0,2.0,16.0,23899.764191873324,-1.4706818733247928,108,6,0,1.0,1.0,2.0,True,,8.6e-05
46.0,+,122,25287.40974,6,1,1.0,0.0,1.0,0.01,25287.265595553887,0.14414444611247745,122,6,1,1.0,0.0,1.0,True,,5.4e-08
46.0,+,125,25442.50929,6,1,1.0,-1.0,0.0,0.04,25442.388839786698,0.12045021330413874,125,6,1,1.0,-1.0,0.0,True,,2.2e-07
46.0,+,127,25604.20704,6,1,1.0,1.0,2.0,0.09,25604.295429480408,-0.08838948040647665,127,6,1,1.0,1.0,2.0,True,,4.8e-07
46.0,-,1,3946.37114,2,0,-1.0,0.0,-1.0,169.0,3946.336411710763,0.03472828923713678,1,2,0,-1.0,0.0,-1.0,True,,0.00091
46.0,-,2,4095.46299,2,0,-1.0,1.0,0.0,361.0,4095.463159026687,-0.00016902668721741065,2,2,0,-1.0,1.0,0.0,True,,0.0019
46.0,-,3,4245.4987,2,0,-1.0,-1.0,-2.0,121.0,4245.50295169333,-0.004251693329933914,3,2,0,-1.0,-1.0,-2.0,True,,0.00065
46.0,-,4,5529.9187,2,1,-1.0,0.0,-1.0,0.49,5529.882414905619,0.03628509438112815,4,2,1,-1.0,0.0,-1.0,True,,2.6e-06
46.0,-,5,5677.56871,2,1,-1.0,1.0,0.0,1.44,5677.553804893462,0.014905106537298707,5,2,1,-1.0,1.0,0.0,True,,7.7e-06
46.0,-,6,5825.97402,2,1,-1.0,-1.0,-2.0,0.36,5825.938635360762,0.035384639237236115,6,2,1,-1.0,-1.0,-2.0,True,,1.9e-06
46.0,-,7,7090.00005,2,2,-1.0,0.0,-1.0,1.21,7089.971840864206,0.028209135793986206,7,2,2,-1.0,0.0,-1.0,True,,6.5e-06
46.0,-,8,7236.25314,2,2,-1.0,1.0,0.0,1.21,7236.200641437314,0.05249856268619624,8,2,2,-1.0,1.0,0.0,True,,6.5e-06
46.0,-,9,7382.98189,2,2,-1.0,-1.0,-2.0,1.0,7382.895357050211,0.08653294978921622,9,2,2,-1.0,-1.0,-2.0,True,,5.4e-06
46.0,-,10,8626.59608,2,3,-1.0,0.0,-1.0,0.25,8626.607174924604,-0.011094924604549306,10,2,3,-1.0,0.0,-1.0,True,,1.3e-06
46.0,-,11,8771.44042,2,3,-1.0,1.0,0.0,0.04,8771.424532003712,0.01588799628916604,11,2,3,-1.0,1.0,0.0,True,,2.2e-07
46.0,-,12,8916.47356,2,3,-1.0,-1.0,-2.0,0.09,8916.389837776416,0.08372222358411818,12,2,3,-1.0,-1.0,-2.0,True,,4.8e-07
46.0,-,19,11714.85406,3,0,-1.0,0.0,-1.0,36.0,11714.62080077375,0.23325922625008388,19,3,0,-1.0,0.0,-1.0,True,,0.00019
46.0,-,26,13262.04016,3,1,-1.0,0.0,-1.0,0.09,13261.752117076714,0.2880429232864117,26,3,1,-1.0,0.0,-1.0,True,,4.8e-07
46.0,-,32,14784.68028,3,2,-1.0,0.0,-1.0,0.04,14784.344322861914,0.33595713808608707,32,3,2,-1.0,0.0,-1.0,True,,2.2e-07
46.0,-,41,16282.89259,3,3,-1.0,0.0,-1.0,0.09,16282.665444945129,0.22714505487056158,41,3,3,-1.0,0.0,-1.0,True,,4.8e-07
46.0,-,51,17756.5521,3,4,-1.0,0.0,-1.0,0.09,17756.500997099403,0.05110290059747058,51,3,4,-1.0,0.0,-1.0,True,,4.8e-07
46.0,-,58,19205.55257,3,5,-1.0,0.0,-1.0,0.01,19205.77667291161,-0.22410291160849738,58,3,5,-1.0,0.0,-1.0,True,,5.4e-08
46.0,-,65,20629.74434,3,6,-1.0,0.0,-1.0,0.01,20630.327724246807,-0.5833842468055082,65,3,6,-1.0,0.0,-1.0,True,,5.4e-08
47.0,+,13,9578.43152,4,0,0.0,1.0,1.0,100.0,9578.33281197322,0.09870802678051405,13,4,0,0.0,1.0,1.0,True,,0.00054
47.0,+,17,10989.713,4,1,0.0,1.0,1.0,1.0,10989.55220725983,0.16079274016919953,17,4,1,0.0,1.0,1.0,True,,5.4e-06
47.0,+,22,12378.79191,4,2,0.0,1.0,1.0,1.21,12378.651901659008,0.1400083409916988,22,4,2,0.0,1.0,1.0,True,,6.5e-06
47.0,+,28,13745.7413,4,3,0.0,1.0,1.0,0.49,13745.62713274412,0.11416725587878318,28,4,3,0.0,1.0,1.0,True,,2.6e-06
47.0,+,34,15090.64902,4,4,0.0,1.0,1.0,0.81,15090.557823773768,0.09119622623256873,34,4,4,0.0,1.0,1.0,True,,4.4e-06
47.0,+,35,15110.00699,7,0,2.0,0.0,2.0,1.0,15109.997430350482,0.009559649517541402,35,7,0,2.0,0.0,2.0,True,,5.4e-06
47.0,+,41,16413.63073,4,5,0.0,1.0,1.0,0.09,16413.557107953377,0.073622046624223,41,4,5,0.0,1.0,1.0,True,,4.8e-07
47.0,+,43,16456.45839,7,1,2.0,0.0,2.0,0.01,16456.31124173537,0.147148264630232,43,7,1,2.0,0.0,2.0,True,,5.4e-08
47.0,+,48,17714.70042,4,6,0.0,1.0,1.0,0.04,17714.740421043603,-0.040001043602387654,48,4,6,0.0,1.0,1.0,True,,2.2e-07
47.0,+,82,23732.59054,6,0,1.0,0.0,1.0,25.0,23732.6679959238,-0.07745592379797017,82,6,0,1.0,0.0,1.0,True,,0.00013
47.0,+,83,23898.31696,6,0,1.0,-1.0,0.0,16.0,23894.14066289689,4.176297103109391,83,6,0,1.0,-1.0,0.0,True,,8.6e-05
47.0,+,86,24060.24795,6,0,1.0,1.0,2.0,4.0,24060.389811003017,-0.14186100301594706,86,6,0,1.0,1.0,2.0,True,,2.2e-05
47.0,+,96,25442.02631,6,1,1.0,0.0,1.0,0.09,25441.9601481281,0.06616187190229539,96,6,1,1.0,0.0,1.0,True,,4.8e-07
47.0,+,98,25603.96077,6,1,1.0,-1.0,0.0,0.04,25604.0546757676,-0.09390576759687974,98,6,1,1.0,-1.0,0.0,True,,2.2e-07
47.0,+,100,25765.49323,6,1,1.0,1.0,2.0,0.09,25765.26121013749,0.2320198625093326,100,6,1,1.0,1.0,2.0,True,,4.8e-07
47.0,-,2,4094.14774,2,0,-1.0,0.0,-1.0,361.0,4094.12217942246,0.02556057754009089,2,2,0,-1.0,0.0,-1.0,True,,0.0019
47.0,-,3,4243.75429,2,0,-1.0,1.0,0.0,169.0,4243.759440388338,-0.005150388337824552,3,2,0,-1.0,1.0,0.0,True,,0.00091
47.0,-,4,4399.1145,2,0,-1.0,-1.0,-2.0,289.0,4399.100619571241,0.013880428758966445,4,2,0,-1.0,-1.0,-2.0,True,,0.0016
47.0,-,5,5676.2494,2,1,-1.0,0.0,-1.0,0.81,5676.207722975982,0.04167702401809947,5,2,1,-1.0,0.0,-1.0,True,,4.4e-06
47.0,-,6,5824.2145,2,1,-1.0,1.0,0.0,0.64,5824.208904837112,0.0055951628883121884,6,2,1,-1.0,1.0,0.0,True,,3.4e-06
47.0,-,8,5978.07856,2,1,-1.0,-1.0,-2.0,1.44,5978.039796130413,0.03876386958654621,8,2,1,-1.0,-1.0,-2.0,True,,7.7e-06
47.0,-,9,7234.91193,2,2,-1.0,0.0,-1.0,1.0,7234.848911206045,0.06301879395505239,9,2,2,-1.0,0.0,-1.0,True,,5.4e-06
47.0,-,10,7381.217,2,2,-1.0,1.0,0.0,0.49,7381.181650983805,0.03534901619423181,10,2,2,-1.0,1.0,0.0,True,,2.6e-06
47.0,-,11,7533.58605,2,2,-1.0,-1.0,-2.0,0.25,7533.518478068301,0.06757193169869424,11,2,2,-1.0,-1.0,-2.0,True,,1.3e-06
47.0,-,13,8770.1402,2,3,-1.0,0.0,-1.0,0.04,8770.066627827384,0.07357217261596816,13,2,3,-1.0,0.0,-1.0,True,,2.2e-07
47.0,-,14,8914.73092,2,3,-1.0,1.0,0.0,0.25,8914.695893994289,0.03502600571118819,14,2,3,-1.0,1.0,0.0,True,,1.3e-06
47.0,-,15,9065.65827,2,3,-1.0,-1.0,-2.0,0.09,9065.57534398736,0.082926012639291,15,2,3,-1.0,-1.0,-2.0,True,,4.8e-07
47.0,-,26,11862.93819,3,0,-1.0,0.0,-1.0,121.0,11863.075563668122,-0.1373736681216542,26,3,0,-1.0,0.0,-1.0,True,,0.00065
47.0,-,34,13408.42077,3,1,-1.0,0.0,-1.0,0.16,13408.471149580662,-0.050379580661683576,34,3,1,-1.0,0.0,-1.0,True,,8.6e-07
47.0,-,42,14929.51248,3,2,-1.0,0.0,-1.0,0.16,14929.563707525836,-0.05122752583702095,42,3,2,-1.0,0.0,-1.0,True,,8.6e-07
47.0,-,53,16426.08193,3,3,-1.0,0.0,-1.0,0.16,16426.26087889212,-0.17894889212038834,53,3,3,-1.0,0.0,-1.0,True,,8.6e-07
47.0,-,64,17898.11072,3,4,-1.0,0.0,-1.0,0.25,17898.466111514597,-0.35539151459670393,64,3,4,-1.0,0.0,-1.0,True,,1.3e-06
47.0,-,73,19345.47422,3,5,-1.0,0.0,-1.0,0.04,19346.07575867625,-0.6015386762483104,73,3,5,-1.0,0.0,-1.0,True,,2.2e-07
47.0,-,83,20768.01434,3,6,-1.0,0.0,-1.0,0.01,20769.00677005919,-0.9924300591883366,83,3,6,-1.0,0.0,-1.0,True,,5.4e-08
48.0,+,1,4220.93136,1,0,0.0,0.0,0.0,484.0,4220.929328974337,0.002031025662290631,1,1,0,0.0,0.0,0.0,True,,0.0026
48.0,+,7,6005.34013,1,1,0.0,0.0,0.0,81.96,6005.320980139632,0.019149860367178917,7,1,1,0.0,0.0,0.0,True,,0.00044
48.0,+,12,7760.59588,1,2,0.0,0.0,0.0,1.44,7760.885152289253,-0.2892722892529491,12,1,2,0.0,0.0,0.0,True,,7.7e-06
48.0,+,17,9578.2853,4,0,0.0,1.0,1.0,81.0,9578.349662865672,-0.0643628656725923,17,4,0,0.0,1.0,1.0,True,,0.00044
48.0,+,18,9861.87393,4,0,0.0,0.0,0.0,64.0,9861.827326552026,0.04660344797412108,18,4,0,0.0,0.0,0.0,True,,0.00034
48.0,+,22,10989.4991,4,1,0.0,1.0,1.0,1.0,10989.543990368747,-0.04489036874656449,22,4,1,0.0,1.0,1.0,True,,5.4e-06
48.0,+,24,11270.0253,4,1,0.0,0.0,0.0,1.0,11269.881755912362,0.1435440876375651,24,4,1,0.0,0.0,0.0,True,,5.4e-06
48.0,+,29,12378.59785,4,2,0.0,1.0,1.0,1.0,12378.653763101029,-0.05591310102863645,29,4,2,0.0,1.0,1.0,True,,5.4e-06
48.0,+,30,12655.8656,4,2,0.0,0.0,0.0,1.21,12655.766075539274,0.0995244607256609,30,4,2,0.0,0.0,0.0,True,,6.5e-06
48.0,+,36,13745.54491,4,3,0.0,1.0,1.0,1.0,13745.634205134,-0.08929513399925781,36,4,3,0.0,1.0,1.0,True,,5.4e-06
48.0,+,38,14019.66045,4,3,0.0,0.0,0.0,0.81,14019.565137956097,0.09531204390259518,38,4,3,0.0,0.0,0.0,True,,4.4e-06
48.0,+,43,15090.446,4,4,0.0,1.0,1.0,0.09,15090.568745440787,-0.12274544078718463,43,4,4,0.0,1.0,1.0,True,,4.8e-07
48.0,+,46,15361.37948,4,4,0.0,0.0,0.0,0.36,15361.31543429097,0.06404570903032436,46,4,4,0.0,0.0,0.0,True,,1.9e-06
48.0,+,51,16413.40904,4,5,0.0,1.0,1.0,0.09,16413.57125661847,-0.1622166184715752,51,4,5,0.0,1.0,1.0,True,,4.8e-07
48.0,+,54,16591.74078,7,1,2.0,0.0,2.0,0.01,16591.589283624267,0.15149637573267682,54,7,1,2.0,0.0,2.0,True,,5.4e-08
48.0,+,55,16681.18092,4,5,0.0,0.0,0.0,0.09,16681.134555434797,0.04636456520165666,55,4,5,0.0,0.0,0.0,True,,4.8e-07
48.0,+,59,17714.5059,4,6,0.0,1.0,1.0,0.04,17714.7585986772,-0.2526986771990778,59,4,6,0.0,1.0,1.0,True,,2.2e-07
48.0,+,63,17979.08675,4,6,0.0,0.0,0.0,0.04,17979.138988408715,-0.052238408716220874,63,4,6,0.0,0.0,0.0,True,,2.2e-07
48.0,+,104,23897.80731,6,0,1.0,0.0,1.0,9.0,23893.395189193525,4.412120806475286,104,6,0,1.0,0.0,1.0,True,,4.8e-05
48.0,+,106,24058.74858,6,0,1.0,-1.0,0.0,16.0,24058.791230818726,-0.04265081872654264,106,6,0,1.0,-1.0,0.0,True,,8.6e-05
48.0,+,110,24229.30597,6,0,1.0,1.0,2.0,25.0,24229.467313828773,-0.16134382877135067,110,6,0,1.0,1.0,2.0,True,,0.00013
48.0,+,123,25602.8423,6,1,1.0,0.0,1.0,0.09,25602.795424596774,0.04687540322629502,123,6,1,1.0,0.0,1.0,True,,4.8e-07
48.0,+,126,25764.1989,6,1,1.0,-1.0,0.0,0.09,25764.131424012063,0.06747598793663201,125,6,1,1.0,-1.0,0.0,True,,4.8e-07
48.0,+,127,25932.50998,6,1,1.0,1.0,2.0,0.04,25932.63408210434,-0.12410210434245528,127,6,1,1.0,1.0,2.0,True,,2.2e-07
48.0,-,1,4243.27355,2,0,-1.0,0.0,-1.0,169.0,4243.236319992522,0.03723000747777405,1,2,0,-1.0,0.0,-1.0,True,,0.00091
48.0,-,2,4398.54577,2,0,-1.0,1.0,0.0,289.0,4398.548848623233,-0.0030786232337050023,2,2,0,-1.0,1.0,0.0,True,,0.0016
48.0,-,3,4554.60294,2,0,-1.0,-1.0,-2.0,100.0,4554.610025308151,-0.007085308151545178,3,2,0,-1.0,-1.0,-2.0,True,,0.00054
48.0,-,4,5823.71067,2,1,-1.0,0.0,-1.0,0.36,5823.682208534322,0.028461465678446984,4,2,1,-1.0,0.0,-1.0,True,,1.9e-06
48.0,-,5,5977.49251,2,1,-1.0,1.0,0.0,1.21,5977.477189348881,0.015320651118599926,5,2,1,-1.0,1.0,0.0,True,,6.5e-06
48.0,-,6,6131.84951,2,1,-1.0,-1.0,-2.0,0.81,6131.810665701013,0.03884429898698727,6,2,1,-1.0,-1.0,-2.0,True,,4.4e-06
48.0,-,7,7381.1877,2,2,-1.0,0.0,-1.0,0.36,7380.653308270252,0.5343917297486769,7,2,2,-1.0,0.0,-1.0,True,,1.9e-06
48.0,-,8,7532.99436,2,2,-1.0,1.0,0.0,0.36,7532.944277981362,0.05008201863802242,8,2,2,-1.0,1.0,0.0,True,,1.9e-06
48.0,-,9,7685.59988,2,2,-1.0,-1.0,-2.0,0.49,7685.513352800264,0.08652719973542844,9,2,2,-1.0,-1.0,-2.0,True,,2.6e-06
48.0,-,10,8914.1409,2,3,-1.0,0.0,-1.0,0.16,8914.16930938732,-0.028409387319698,10,2,3,-1.0,0.0,-1.0,True,,8.6e-07
48.0,-,11,9064.98362,2,3,-1.0,1.0,0.0,0.09,9064.988823062124,-0.005203062122745905,11,2,3,-1.0,1.0,0.0,True,,4.8e-07
48.0,-,12,9215.88591,2,3,-1.0,-1.0,-2.0,0.16,9215.752774760818,0.13313523918259307,12,2,3,-1.0,-1.0,-2.0,True,,8.6e-07
48.0,-,19,12014.86008,3,0,-1.0,0.0,-1.0,36.0,12014.570242250174,0.2898377498258924,19,3,0,-1.0,0.0,-1.0,True,,0.00019
48.0,-,25,13557.63567,3,1,-1.0,0.0,-1.0,0.04,13558.21533660137,-0.5796666013702634,25,3,1,-1.0,0.0,-1.0,True,,2.2e-07
48.0,-,32,15078.12596,3,2,-1.0,0.0,-1.0,0.04,15077.753122748089,0.3728372519108234,32,3,2,-1.0,0.0,-1.0,True,,2.2e-07
48.0,-,42,16573.03587,3,3,-1.0,0.0,-1.0,0.04,16572.79145535175,0.2444146482484939,42,3,3,-1.0,0.0,-1.0,True,,2.2e-07
48.0,-,51,18043.39067,3,4,-1.0,0.0,-1.0,0.09,18043.331635163155,0.05903483684596722,51,3,4,-1.0,0.0,-1.0,True,,4.8e-07
48.0,-,58,19489.07588,3,5,-1.0,0.0,-1.0,0.01,19489.3140780138,-0.23819801379795535,58,3,5,-1.0,0.0,-1.0,True,,5.4e-08
49.0,+,13,9861.92025,4,0,0.0,1.0,1.0,81.0,9861.827740350012,0.0925096499868232,13,4,0,0.0,1.0,1.0,True,,0.00044
49.0,+,17,11270.02918,4,1,0.0,1.0,1.0,0.81,11269.86942371595,0.15975628404885356,17,4,1,0.0,1.0,1.0,True,,4.4e-06
49.0,+,22,12655.92563,4,2,0.0,1.0,1.0,1.0,12655.790180420638,0.13544957936210267,22,4,2,0.0,1.0,1.0,True,,5.4e-06
49.0,+,28,14019.68886,4,3,0.0,1.0,1.0,0.81,14019.587904526172,0.10095547382843506,28,4,3,0.0,1.0,1.0,True,,4.4e-06
49.0,+,34,15361.42317,4,4,0.0,1.0,1.0,0.36,15361.341866087814,0.081303912185831,34,4,4,0.0,1.0,1.0,True,,1.9e-06
49.0,+,41,16681.18663,4,5,0.0,1.0,1.0,0.16,16681.165742741494,0.020887258506263606,41,4,5,0.0,1.0,1.0,True,,8.6e-07
49.0,+,43,16729.72205,7,1,2.0,0.0,2.0,0.01,16729.565261522657,0.15678847734307055,43,7,1,2.0,0.0,2.0,True,,5.4e-08
49.0,+,47,17979.06172,4,6,0.0,1.0,1.0,0.04,17979.17534164322,-0.11362164321690216,47,4,6,0.0,1.0,1.0,True,,2.2e-07
49.0,+,82,24058.31729,6,0,1.0,0.0,1.0,16.0,24058.45525964297,-0.13796964297216618,82,6,0,1.0,0.0,1.0,True,,8.6e-05
49.0,+,84,24228.98756,6,0,1.0,-1.0,0.0,36.0,24229.030199557143,-0.04263955714122858,84,6,0,1.0,-1.0,0.0,True,,0.00019
49.0,+,87,24399.03094,6,0,1.0,1.0,2.0,36.0,24398.94868679009,0.08225320991186891,87,6,0,1.0,1.0,2.0,True,,0.00019
49.0,+,97,25763.70144,6,1,1.0,0.0,1.0,0.09,25763.759484841998,-0.05804484199688886,96,6,1,1.0,0.0,1.0,True,,4.8e-07
49.0,+,99,25932.39022,6,1,1.0,-1.0,0.0,0.09,25932.43297789657,-0.04275789656821871,99,6,1,1.0,-1.0,0.0,True,,4.8e-07
49.0,+,100,26100.25638,6,1,1.0,1.0,2.0,0.09,26099.98885473094,0.2675252690605703,100,6,1,1.0,1.0,2.0,True,,4.8e-07
49.0,-,2,4397.28635,2,0,-1.0,0.0,-1.0,256.0,4397.258455474175,0.02789452582510421,2,2,0,-1.0,0.0,-1.0,True,,0.0014
49.0,-,3,4552.89754,2,0,-1.0,1.0,0.0,144.0,4552.906474695275,-0.008934695275456761,3,2,0,-1.0,1.0,0.0,True,,0.00077
49.0,-,4,4714.43398,2,0,-1.0,-1.0,-2.0,169.0,4714.414426936715,0.019553063284547534,4,2,0,-1.0,-1.0,-2.0,True,,0.00091
49.0,-,5,5976.24223,2,1,-1.0,0.0,-1.0,1.0,5976.181853259445,0.06037674055460229,5,2,1,-1.0,0.0,-1.0,True,,5.4e-06
49.0,-,6,6130.11971,2,1,-1.0,1.0,0.0,0.36,6130.121277191039,-0.001567191038702731,6,2,1,-1.0,1.0,0.0,True,,1.9e-06
49.0,-,8,6290.10108,2,1,-1.0,-1.0,-2.0,0.64,6290.056998716796,0.044081283203922794,8,2,1,-1.0,-1.0,-2.0,True,,3.4e-06
49.0,-,9,7531.72226,2,2,-1.0,0.0,-1.0,0.36,7531.643480871817,0.07877912818275945,9,2,2,-1.0,0.0,-1.0,True,,1.9e-06
49.0,-,10,7683.86309,2,2,-1.0,1.0,0.0,0.25,7683.840398325578,0.022691674422276265,10,2,2,-1.0,1.0,0.0,True,,1.3e-06
49.0,-,11,7842.29874,2,2,-1.0,-1.0,-2.0,0.64,7842.220854722505,0.0778852774956249,11,2,2,-1.0,-1.0,-2.0,True,,3.4e-06
49.0,-,13,9063.81177,2,3,-1.0,0.0,-1.0,0.09,9063.682066445968,0.12970355403194844,13,2,3,-1.0,0.0,-1.0,True,,4.8e-07
49.0,-,14,9214.08731,2,3,-1.0,1.0,0.0,0.25,9214.099991258328,-0.012681258327575051,14,2,3,-1.0,1.0,0.0,True,,1.3e-06
49.0,-,15,9370.95623,2,3,-1.0,-1.0,-2.0,0.04,9370.963129557615,-0.006899557614815421,15,2,3,-1.0,-1.0,-2.0,True,,2.2e-07
49.0,-,26,12168.95185,3,0,-1.0,0.0,-1.0,121.0,12169.097558928408,-0.14570892840856686,26,3,0,-1.0,0.0,-1.0,True,,0.00065
49.0,-,34,13711.10688,3,1,-1.0,0.0,-1.0,0.09,13711.17033964171,-0.06345964171123342,34,3,1,-1.0,0.0,-1.0,True,,4.8e-07
49.0,-,43,15228.85173,3,2,-1.0,0.0,-1.0,0.16,15228.90562564684,-0.053895646839009714,43,3,2,-1.0,0.0,-1.0,True,,8.6e-07
49.0,-,53,16722.06576,3,3,-1.0,0.0,-1.0,0.16,16722.249686764593,-0.18392676459188806,53,3,3,-1.0,0.0,-1.0,True,,8.6e-07
49.0,-,64,18190.70469,3,4,-1.0,0.0,-1.0,0.25,18191.088767907953,-0.3840779079546337,64,3,4,-1.0,0.0,-1.0,True,,1.3e-06
49.0,-,73,19634.65566,3,5,-1.0,0.0,-1.0,0.04,19635.320681875626,-0.6650218756258255,73,3,5,-1.0,0.0,-1.0,True,,2.2e-07
50.0,+,2,4572.73734,1,0,0.0,0.0,0.0,400.0,4572.733210212647,0.004129787353122083,2,1,0,0.0,0.0,0.0,True,,0.0022
50.0,+,7,6353.49501,1,1,0.0,0.0,0.0,81.96,6353.470833685826,0.024176314173928404,7,1,1,0.0,0.0,0.0,True,,0.00044
50.0,+,12,8105.01545,1,2,0.0,0.0,0.0,0.64,8105.324868599037,-0.30941859903668956,12,1,2,0.0,0.0,0.0,True,,3.4e-06
50.0,+,17,9861.83591,4,0,0.0,1.0,1.0,81.0,9861.87212494973,-0.03621494973049266,17,4,0,0.0,1.0,1.0,True,,0.00044
50.0,+,18,10156.56574,4,0,0.0,0.0,0.0,36.0,10156.519020572578,0.04671942742243118,18,4,0,0.0,0.0,0.0,True,,0.00019
50.0,+,22,11269.81967,4,1,0.0,1.0,1.0,0.81,11269.863616648832,-0.04394664883147925,22,4,1,0.0,1.0,1.0,True,,4.4e-06
50.0,+,24,11561.4601,4,1,0.0,0.0,0.0,1.0,11561.287518883673,0.17258111632690998,24,4,1,0.0,0.0,0.0,True,,5.4e-06
50.0,+,29,12655.74221,4,2,0.0,1.0,1.0,0.81,12655.792495142787,-0.050285142786378856,29,4,2,0.0,1.0,1.0,True,,4.4e-06
50.0,+,30,12943.95402,4,2,0.0,0.0,0.0,1.0,12943.83773243118,0.11628756881873414,30,4,2,0.0,0.0,0.0,True,,5.4e-06
50.0,+,36,14019.51672,4,3,0.0,1.0,1.0,0.64,14019.595298654594,-0.07857865459482127,36,4,3,0.0,1.0,1.0,True,,3.4e-06
50.0,+,38,14304.4259,4,3,0.0,0.0,0.0,0.49,14304.325927767268,0.09997223273239797,38,4,3,0.0,0.0,0.0,True,,2.6e-06
50.0,+,42,15361.23769,4,4,0.0,1.0,1.0,0.36,15361.35323796009,-0.1155479600893159,42,4,4,0.0,1.0,1.0,True,,1.9e-06
50.0,+,46,15642.83128,4,4,0.0,0.0,0.0,0.16,15642.76745761707,0.06382238293008413,46,4,4,0.0,0.0,0.0,True,,8.6e-07
50.0,+,51,16681.02213,4,5,0.0,1.0,1.0,0.16,16681.180673660485,-0.1585436604837014,51,4,5,0.0,1.0,1.0,True,,8.6e-07
50.0,+,53,16870.40837,7,1,2.0,0.0,2.0,0.01,16870.231746990787,0.17662300921438145,53,7,1,2.0,0.0,2.0,True,,5.4e-08
50.0,+,55,16959.28066,4,5,0.0,0.0,0.0,0.09,16959.27930854294,0.0013514570600818843,55,4,5,0.0,0.0,0.0,True,,4.8e-07
50.0,+,58,17978.95247,4,6,0.0,1.0,1.0,0.04,17979.196855375474,-0.24438537547393935,58,4,6,0.0,1.0,1.0,True,,2.2e-07
50.0,+,105,24227.87657,6,0,1.0,0.0,1.0,36.0,24227.777494091395,0.09907590860530036,105,6,0,1.0,0.0,1.0,True,,0.00019
50.0,+,106,24397.69067,6,0,1.0,-1.0,0.0,25.0,24397.645878641968,0.04479135803194367,106,6,0,1.0,-1.0,0.0,True,,0.00013
50.0,+,111,24574.74731,6,0,1.0,1.0,2.0,25.0,24574.880275081814,-0.1329650818152004,111,6,0,1.0,1.0,2.0,True,,0.00013
50.0,+,124,25931.30529,6,1,1.0,0.0,1.0,0.09,25931.179471685937,0.1258183140635083,124,6,1,1.0,0.0,1.0,True,,4.8e-07
50.0,+,126,26098.98224,6,1,1.0,-1.0,0.0,0.09,26098.89220669469,0.09003330531049869,126,6,1,1.0,-1.0,0.0,True,,4.8e-07
50.0,+,127,26273.88632,6,1,1.0,1.0,2.0,0.04,26273.951318076157,-0.0649980761554616,127,6,1,1.0,1.0,2.0,True,,2.2e-07
50.0,-,1,4552.46626,2,0,-1.0,0.0,-1.0,81.0,4552.428679839926,0.03758016007395781,1,2,0,-1.0,0.0,-1.0,True,,0.00044
50.0,-,2,4713.89925,2,0,-1.0,1.0,0.0,256.0,4713.90335765537,-0.004107655369807617,2,2,0,-1.0,1.0,0.0,True,,0.0014
50.0,-,3,4875.94794,2,0,-1.0,-1.0,-2.0,169.0,4875.957877552199,-0.009937552198607591,3,2,0,-1.0,-1.0,-2.0,True,,0.00091
50.0,-,4,6129.67863,2,1,-1.0,0.0,-1.0,0.49,6129.640285640103,0.03834435989756457,4,2,1,-1.0,0.0,-1.0,True,,2.6e-06
50.0,-,5,6289.54873,2,1,-1.0,1.0,0.0,0.81,6289.535172343957,0.013557656043303723,5,2,1,-1.0,1.0,0.0,True,,4.4e-06
50.0,-,6,6449.8218,2,1,-1.0,-1.0,-2.0,0.49,6449.789255283461,0.03254471653872315,6,2,1,-1.0,-1.0,-2.0,True,,2.6e-06
50.0,-,7,7683.40545,2,2,-1.0,0.0,-1.0,0.49,7683.358173198414,0.04727680158612202,7,2,2,-1.0,0.0,-1.0,True,,2.6e-06
50.0,-,8,7841.73596,2,2,-1.0,1.0,0.0,0.49,7841.687538594244,0.04842140575601661,8,2,2,-1.0,1.0,0.0,True,,2.6e-06
50.0,-,9,8000.19082,2,2,-1.0,-1.0,-2.0,0.64,8000.1030288973,0.0877911027000664,9,2,2,-1.0,-1.0,-2.0,True,,3.4e-06
50.0,-,10,9213.63027,2,3,-1.0,0.0,-1.0,0.25,9213.61994358113,0.010326418869226472,10,2,3,-1.0,0.0,-1.0,True,,1.3e-06
50.0,-,11,9370.25982,2,3,-1.0,1.0,0.0,0.01,9370.41762155647,-0.15780155647007632,11,2,3,-1.0,1.0,0.0,True,,5.4e-08
50.0,-,12,9527.05361,2,3,-1.0,-1.0,-2.0,0.04,9526.95249423131,0.10111576869167038,12,2,3,-1.0,-1.0,-2.0,True,,2.2e-07
50.0,-,19,12326.96887,3,0,-1.0,0.0,-1.0,25.0,12326.649720663756,0.3191493362446636,19,3,0,-1.0,0.0,-1.0,True,,0.00013
50.0,-,25,13867.36594,3,1,-1.0,0.0,-1.0,0.09,13866.985033654968,0.38090634503168985,25,3,1,-1.0,0.0,-1.0,True,,4.8e-07
50.0,-,32,15383.41927,3,2,-1.0,0.0,-1.0,0.04,15383.012927153612,0.40634284638872487,32,3,2,-1.0,0.0,-1.0,True,,2.2e-07
50.0,-,43,16874.88628,3,3,-1.0,0.0,-1.0,0.04,16874.62782975533,0.2584502446698025,43,3,3,-1.0,0.0,-1.0,True,,2.2e-07
50.0,-,51,18341.78711,3,4,-1.0,0.0,-1.0,0.09,18341.732216662316,0.05489333768491633,51,3,4,-1.0,0.0,-1.0,True,,4.8e-07
50.0,-,57,19783.95545,3,5,-1.0,0.0,-1.0,0.01,19784.178820948073,-0.22337094807153335,57,3,5,-1.0,0.0,-1.0,True,,5.4e-08
51.0,+,13,10156.60482,4,0,0.0,1.0,1.0,49.0,10156.518625473025,0.08619452697530505,13,4,0,0.0,1.0,1.0,True,,0.00026
51.0,+,17,11561.41827,4,1,0.0,1.0,1.0,0.64,11561.25085766586,0.1674123341399536,17,4,1,0.0,1.0,1.0,True,,3.4e-06
51.0,+,22,12944.00424,4,2,0.0,1.0,1.0,1.21,12943.8606664599,0.14357354010098788,22,4,2,0.0,1.0,1.0,True,,6.5e-06
51.0,+,28,14304.46351,4,3,0.0,1.0,1.0,0.81,14304.348912930816,0.11459706918321899,28,4,3,0.0,1.0,1.0,True,,4.4e-06
51.0,+,34,15642.85858,4,4,0.0,1.0,1.0,0.25,15642.79426114831,0.0643188516896771,34,4,4,0.0,1.0,1.0,True,,1.3e-06
51.0,+,40,16959.3375,4,5,0.0,1.0,1.0,0.09,16959.310906665978,0.02659333402334596,40,4,5,0.0,1.0,1.0,True,,4.8e-07
51.0,+,47,18253.90935,4,6,0.0,1.0,1.0,0.01,18254.015063872626,-0.1057138726246194,47,4,6,0.0,1.0,1.0,True,,5.4e-08
51.0,+,82,24397.43329,6,0,1.0,0.0,1.0,16.0,24397.428465308156,0.004824691844987683,82,6,0,1.0,0.0,1.0,True,,8.6e-05
51.0,+,85,24575.12502,6,0,1.0,1.0,2.0,36.0,24575.910446877962,-0.785426877962891,85,6,0,1.0,-1.0,0.0,False,,0.00019
51.0,+,87,24751.05694,6,0,1.0,-1.0,0.0,16.0,24750.96054380781,0.09639619218796724,87,6,0,1.0,1.0,2.0,False,,8.6e-05
51.0,+,97,26098.66428,6,1,1.0,0.0,1.0,0.04,26098.572164620804,0.09211537919691182,97,6,1,1.0,0.0,1.0,True,,2.2e-07
51.0,+,99,26273.81102,6,1,1.0,-1.0,0.0,0.09,26273.789135497307,0.021884502693865215,99,6,1,1.0,-1.0,0.0,True,,4.8e-07
51.0,+,100,26447.96015,6,1,1.0,1.0,2.0,0.04,26447.663645978064,0.2965040219351067,100,6,1,1.0,1.0,2.0,True,,2.2e-07
51.0,-,1,4712.68689,2,0,-1.0,0.0,-1.0,289.0,4712.659743605376,0.0271463946237418,1,2,0,-1.0,0.0,-1.0,True,,0.0016
51.0,-,3,4874.27564,2,0,-1.0,1.0,0.0,169.0,4874.291113122104,-0.01547312210459495,3,2,0,-1.0,1.0,0.0,True,,0.00091
51.0,-,4,5041.96332,2,0,-1.0,-1.0,-2.0,196.0,5041.939055975539,0.02426402446053544,4,2,0,-1.0,-1.0,-2.0,True,,0.0011
51.0,-,5,6288.34975,2,1,-1.0,0.0,-1.0,0.81,6288.286755921163,0.06299407883761887,5,2,1,-1.0,0.0,-1.0,True,,4.4e-06
51.0,-,6,6448.13259,2,1,-1.0,1.0,0.0,0.81,6448.136995427974,-0.004405427974234044,6,2,1,-1.0,1.0,0.0,True,,4.4e-06
51.0,-,8,6614.21245,2,1,-1.0,-1.0,-2.0,0.64,6614.150656163212,0.06179383678772865,8,2,1,-1.0,-1.0,-2.0,True,,3.4e-06
51.0,-,9,7840.54272,2,2,-1.0,0.0,-1.0,0.36,7840.433827280638,0.10889271936230216,9,2,2,-1.0,0.0,-1.0,True,,1.9e-06
51.0,-,10,7998.50453,2,2,-1.0,1.0,0.0,0.49,7998.467563656441,0.03696634355947026,10,2,2,-1.0,1.0,0.0,True,,2.6e-06
51.0,-,11,8162.95668,2,2,-1.0,-1.0,-2.0,0.25,8162.864602468691,0.09207753130885976,11,2,2,-1.0,-1.0,-2.0,True,,1.3e-06
51.0,-,13,9369.3311,2,3,-1.0,0.0,-1.0,0.04,9369.158141796808,0.17295820319122868,13,2,3,-1.0,0.0,-1.0,True,,2.2e-07
51.0,-,14,9525.34315,2,3,-1.0,1.0,0.0,0.09,9525.33754449873,0.005605501270110835,14,2,3,-1.0,1.0,0.0,True,,4.8e-07
51.0,-,15,9688.20632,2,3,-1.0,-1.0,-2.0,0.01,9688.15701247138,0.0493075286194653,15,2,3,-1.0,-1.0,-2.0,True,,5.4e-08
51.0,-,26,12487.06481,3,0,-1.0,0.0,-1.0,49.0,12487.21914434611,-0.15433434611077246,26,3,0,-1.0,0.0,-1.0,True,,0.00026
51.0,-,34,14025.75465,3,1,-1.0,0.0,-1.0,0.09,14025.826890471955,-0.07224047195450112,34,3,1,-1.0,0.0,-1.0,True,,4.8e-07
51.0,-,43,15540.01699,3,2,-1.0,0.0,-1.0,0.16,15540.067902792487,-0.050912792486997205,43,3,2,-1.0,0.0,-1.0,True,,8.6e-07
51.0,-,54,17029.71946,3,3,-1.0,0.0,-1.0,0.16,17029.918015218722,-0.19855521872159443,54,3,3,-1.0,0.0,-1.0,True,,8.6e-07
51.0,-,64,18494.82596,3,4,-1.0,0.0,-1.0,0.25,18495.24965190656,-0.42369190656245337,64,3,4,-1.0,0.0,-1.0,True,,1.3e-06
52.0,+,2,4938.17798,1,0,0.0,0.0,0.0,400.0,4938.171303938634,0.006676061366306385,2,1,0,0.0,0.0,0.0,True,,0.0022
52.0,+,7,6715.12707,1,1,0.0,0.0,0.0,81.69,6715.102708934629,0.024361065370612778,7,1,1,0.0,0.0,0.0,True,,0.00044
52.0,+,16,10156.37396,4,0,0.0,1.0,1.0,64.0,10156.454402744004,-0.08044274400344875,16,4,0,0.0,1.0,1.0,True,,0.00034
52.0,+,18,10462.38845,4,0,0.0,0.0,0.0,64.0,10462.347245877445,0.0412041225554276,18,4,0,0.0,0.0,0.0,True,,0.00034
52.0,+,22,11561.20565,4,1,0.0,1.0,1.0,1.0,11561.24661312016,-0.040963120160085964,22,4,1,0.0,1.0,1.0,True,,5.4e-06
52.0,+,23,11862.70567,4,1,0.0,0.0,0.0,0.04,11862.989566228567,-0.2838962285677553,23,4,1,0.0,0.0,0.0,True,,2.2e-07
52.0,+,29,12943.80701,4,2,0.0,1.0,1.0,0.49,12943.863358867333,-0.056348867332417285,29,4,2,0.0,1.0,1.0,True,,2.6e-06
52.0,+,30,13242.91976,4,2,0.0,0.0,0.0,0.64,13242.781288447326,0.13847155267467315,30,4,2,0.0,0.0,0.0,True,,3.4e-06
52.0,+,36,14304.26845,4,3,0.0,1.0,1.0,0.81,14304.356594120887,-0.08814412088759127,36,4,3,0.0,1.0,1.0,True,,4.4e-06
52.0,+,38,14599.9506,4,3,0.0,0.0,0.0,0.64,14599.826920621888,0.12367937811177399,38,4,3,0.0,0.0,0.0,True,,3.4e-06
52.0,+,42,15642.68761,4,4,0.0,1.0,1.0,0.25,15642.806070186309,-0.11846018630785693,42,4,4,0.0,1.0,1.0,True,,1.3e-06
52.0,+,46,15934.92915,4,4,0.0,0.0,0.0,0.25,15934.827701892338,0.10144810766178125,46,4,4,0.0,0.0,0.0,True,,1.3e-06
52.0,+,50,16959.14537,4,5,0.0,1.0,1.0,0.16,16959.32675424678,-0.18138424678181764,50,4,5,0.0,1.0,1.0,True,,8.6e-07
52.0,+,55,17247.92808,4,5,0.0,0.0,0.0,0.04,17247.900360054613,0.027719945388525957,55,4,5,0.0,0.0,0.0,True,,2.2e-07
52.0,+,58,18253.79123,4,6,0.0,1.0,1.0,0.01,18254.054317607643,-0.26308760764368344,58,4,6,0.0,1.0,1.0,True,,5.4e-08
52.0,+,63,18539.05665,4,6,0.0,0.0,0.0,0.01,18539.162118386645,-0.1054683866459527,63,4,6,0.0,0.0,0.0,True,,5.4e-08
52.0,+,105,24573.50416,6,0,1.0,0.0,1.0,36.0,24573.38748078891,0.11667921108892187,105,6,0,1.0,0.0,1.0,True,,0.00019
52.0,+,108,24749.79514,6,0,1.0,-1.0,0.0,25.0,24749.85020404142,-0.05506404142215615,108,6,0,1.0,-1.0,0.0,True,,0.00013
52.0,+,113,24933.39819,6,0,1.0,1.0,2.0,9.0,24933.529534190664,-0.13134419066409464,113,6,0,1.0,1.0,2.0,True,,4.8e-05
52.0,+,124,26272.77589,6,1,1.0,0.0,1.0,0.04,26272.568608961694,0.20728103830697364,124,6,1,1.0,0.0,1.0,True,,2.2e-07
52.0,+,126,26446.72312,6,1,1.0,-1.0,0.0,0.09,26446.601228015585,0.12189198441410554,126,6,1,1.0,-1.0,0.0,True,,4.8e-07
52.0,+,127,26628.11442,6,1,1.0,1.0,2.0,0.04,26628.17367526163,-0.05925526162900496,127,6,1,1.0,1.0,2.0,True,,2.2e-07
52.0,-,1,4874.01829,2,0,-1.0,0.0,-1.0,121.0,4873.854680603557,0.16360939644255268,1,2,0,-1.0,0.0,-1.0,True,,0.00065
52.0,-,2,5041.46879,2,0,-1.0,1.0,0.0,289.0,5041.46597206839,0.0028179316095702234,2,2,0,-1.0,1.0,0.0,True,,0.0016
52.0,-,3,5209.46515,2,0,-1.0,-1.0,-2.0,81.0,5209.484494311344,-0.019344311343957088,3,2,0,-1.0,-1.0,-2.0,True,,0.00044
52.0,-,4,6447.72942,2,1,-1.0,0.0,-1.0,0.49,6447.697701169983,0.031718830016870925,4,2,1,-1.0,0.0,-1.0,True,,2.6e-06
52.0,-,5,6613.69967,2,1,-1.0,1.0,0.0,0.81,6613.666878860135,0.03279113986536686,5,2,1,-1.0,1.0,0.0,True,,4.4e-06
52.0,-,6,6779.85878,2,1,-1.0,-1.0,-2.0,0.36,6779.812238302136,0.04654169786317652,6,2,1,-1.0,-1.0,-2.0,True,,1.9e-06
52.0,-,7,7998.08038,2,2,-1.0,0.0,-1.0,0.64,7998.027393843844,0.05298615615629387,7,2,2,-1.0,0.0,-1.0,True,,3.4e-06
52.0,-,8,8162.41357,2,2,-1.0,1.0,0.0,0.49,8162.369422348174,0.044147651825369394,8,2,2,-1.0,1.0,0.0,True,,2.6e-06
52.0,-,9,8326.71517,2,2,-1.0,-1.0,-2.0,0.36,8326.602111583627,0.11305841637295089,9,2,2,-1.0,-1.0,-2.0,True,,1.9e-06
52.0,-,10,9524.90373,2,3,-1.0,0.0,-1.0,0.16,9524.899901166666,0.0038288333344098646,10,2,3,-1.0,0.0,-1.0,True,,8.6e-07
52.0,-,11,9687.65102,2,3,-1.0,1.0,0.0,0.01,9687.649751141003,0.001268858995899791,11,2,3,-1.0,1.0,0.0,True,,5.4e-08
52.0,-,12,9850.03015,2,3,-1.0,-1.0,-2.0,0.04,9849.92656555476,0.10358444523990329,12,2,3,-1.0,-1.0,-2.0,True,,2.2e-07
52.0,-,19,12651.13871,3,0,-1.0,0.0,-1.0,9.0,12650.797735370192,0.34097462980753335,19,3,0,-1.0,0.0,-1.0,True,,4.8e-05
52.0,-,25,14188.03758,3,1,-1.0,0.0,-1.0,0.01,14187.610116057887,0.4274639421128086,25,3,1,-1.0,0.0,-1.0,True,,5.4e-08
52.0,-,32,15700.50573,3,2,-1.0,0.0,-1.0,0.04,15700.06167802843,0.4440519715699338,32,3,2,-1.0,0.0,-1.0,True,,2.2e-07
52.0,-,43,17188.39853,3,3,-1.0,0.0,-1.0,0.04,17188.1122843362,0.286245663799491,43,3,3,-1.0,0.0,-1.0,True,,2.2e-07
53.0,+,13,10462.43143,4,0,0.0,1.0,1.0,64.0,10462.34575747559,0.0856725244102563,13,4,0,0.0,1.0,1.0,True,,0.00034
53.0,+,17,11863.79947,4,1,0.0,1.0,1.0,0.64,11863.636699956036,0.16277004396397388,17,4,1,0.0,1.0,1.0,True,,3.4e-06
53.0,+,22,13242.95166,4,2,0.0,1.0,1.0,1.0,13242.803431773726,0.1482282262750232,22,4,2,0.0,1.0,1.0,True,,5.4e-06
53.0,+,28,14599.97017,4,3,0.0,1.0,1.0,1.0,14599.850102535751,0.12006746424958692,28,4,3,0.0,1.0,1.0,True,,5.4e-06
53.0,+,34,15934.92872,4,4,0.0,1.0,1.0,0.25,15934.85483377637,0.07388622363032482,34,4,4,0.0,1.0,1.0,True,,1.3e-06
53.0,+,40,17247.91727,4,5,0.0,1.0,1.0,0.01,17247.932304677593,-0.015034677591756918,40,4,5,0.0,1.0,1.0,True,,5.4e-08
53.0,+,47,18539.14972,4,6,0.0,1.0,1.0,0.01,18539.19917049255,-0.04945049254820333,47,4,6,0.0,1.0,1.0,True,,5.4e-08
53.0,+,83,24749.3878,6,0,1.0,0.0,1.0,16.0,24749.52336473883,-0.13556473882999853,83,6,0,1.0,0.0,1.0,True,,8.6e-05
53.0,+,86,24933.48784,6,0,1.0,-1.0,0.0,4.0,24933.40904870093,0.0787912990708719,86,6,0,1.0,-1.0,0.0,True,,2.2e-05
53.0,+,88,25116.13747,6,0,1.0,1.0,2.0,16.0,25116.040151082216,0.09731891778574209,88,6,0,1.0,1.0,2.0,True,,8.6e-05
53.0,+,97,26446.50029,6,1,1.0,0.0,1.0,0.04,26446.32984863516,0.17044136484037153,97,6,1,1.0,0.0,1.0,True,,2.2e-07
53.0,+,99,26628.15679,6,1,1.0,-1.0,0.0,0.0,26628.04985586065,0.10693413935223361,99,6,1,1.0,-1.0,0.0,True,,0.0
53.0,-,1,5040.23243,2,0,-1.0,0.0,-1.0,169.0,5040.265769561141,-0.03333956114056491,1,2,0,-1.0,0.0,-1.0,True,,0.00091
53.0,-,3,5207.83659,2,0,-1.0,1.0,0.0,81.0,5207.851667104073,-0.015077104073498049,3,2,0,-1.0,1.0,0.0,True,,0.00044
53.0,-,4,5381.63217,2,0,-1.0,-1.0,-2.0,121.0,5381.61113871323,0.021031286770266888,4,2,0,-1.0,-1.0,-2.0,True,,0.00065
53.0,-,5,6612.51761,2,1,-1.0,0.0,-1.0,1.0,6612.461997877302,0.055612122698221356,5,2,1,-1.0,0.0,-1.0,True,,5.4e-06
53.0,-,6,6778.188,2,1,-1.0,1.0,0.0,0.49,6778.194220976554,-0.006220976553777291,6,2,1,-1.0,1.0,0.0,True,,2.6e-06
53.0,-,8,6950.33584,2,1,-1.0,-1.0,-2.0,0.49,6950.257225915292,0.07861408470762399,8,2,1,-1.0,-1.0,-2.0,True,,2.6e-06
53.0,-,9,8161.26921,2,2,-1.0,0.0,-1.0,0.49,8161.159393840644,0.10981615935634181,9,2,2,-1.0,0.0,-1.0,True,,2.6e-06
53.0,-,10,8325.03097,2,2,-1.0,1.0,0.0,0.36,8325.001202779778,0.029767220221401658,10,2,2,-1.0,1.0,0.0,True,,1.9e-06
53.0,-,11,8495.51903,2,2,-1.0,-1.0,-2.0,0.09,8495.386047606866,0.13298239313371596,11,2,2,-1.0,-1.0,-2.0,True,,4.8e-07
53.0,-,13,9686.61589,2,3,-1.0,0.0,-1.0,0.01,9686.434124531546,0.18176546845279518,13,2,3,-1.0,0.0,-1.0,True,,5.4e-08
53.0,-,14,9848.42312,2,3,-1.0,1.0,0.0,0.04,9848.346456128706,0.07666387129393115,14,2,3,-1.0,1.0,0.0,True,,2.2e-07
53.0,-,15,10017.10407,2,3,-1.0,-1.0,-2.0,0.04,10017.09313080335,0.010939196648905636,15,2,3,-1.0,-1.0,-2.0,True,,2.2e-07
53.0,-,26,12817.21139,3,0,-1.0,0.0,-1.0,49.0,12817.37759900269,-0.16620900268935657,26,3,0,-1.0,0.0,-1.0,True,,0.00026
53.0,-,34,14352.29842,3,1,-1.0,0.0,-1.0,0.04,14352.37923044105,-0.08081044105165347,34,3,1,-1.0,0.0,-1.0,True,,2.2e-07
53.0,-,43,15862.92239,3,2,-1.0,0.0,-1.0,0.16,15862.98735083677,-0.06496083676938724,43,3,2,-1.0,0.0,-1.0,True,,8.6e-07
53.0,-,54,17348.9925,3,3,-1.0,0.0,-1.0,0.16,17349.202339014144,-0.2098390141436539,54,3,3,-1.0,0.0,-1.0,True,,8.6e-07
53.0,-,64,18810.42574,3,4,-1.0,0.0,-1.0,0.16,18810.88514730857,-0.45940730857182643,64,3,4,-1.0,0.0,-1.0,True,,8.6e-07
54.0,+,2,5317.18142,1,0,0.0,0.0,0.0,361.0,5317.175075301495,0.006344698505017732,2,1,0,0.0,0.0,0.0,True,,0.0019
54.0,+,7,7090.16708,1,1,0.0,0.0,0.0,81.96,7090.14747889212,0.019601107880589552,7,1,1,0.0,0.0,0.0,True,,0.00044
54.0,+,16,10462.12593,4,0,0.0,1.0,1.0,49.0,10462.3273432917,-0.20141329169928213,16,4,0,0.0,1.0,1.0,True,,0.00026
54.0,+,18,10779.28138,4,0,0.0,0.0,0.0,64.0,10779.25015945969,0.031220540309732314,18,4,0,0.0,0.0,0.0,True,,0.00034
54.0,+,22,11863.52522,4,1,0.0,1.0,1.0,0.81,11863.633542906085,-0.1083229060859594,22,4,1,0.0,1.0,1.0,True,,4.4e-06
54.0,+,23,12176.97608,4,1,0.0,0.0,0.0,0.81,12176.911787963496,0.06429203650441195,23,4,1,0.0,0.0,0.0,True,,4.4e-06
54.0,+,29,13242.68986,4,2,0.0,1.0,1.0,1.0,13242.806436767423,-0.11657676742288459,29,4,2,0.0,1.0,1.0,True,,5.4e-06
54.0,+,30,13552.63607,4,2,0.0,0.0,0.0,0.49,13552.534638310233,0.10143168976719608,30,4,2,0.0,0.0,0.0,True,,2.6e-06
54.0,+,35,14599.75732,4,3,0.0,1.0,1.0,1.0,14599.858037249169,-0.10071724916815583,35,4,3,0.0,1.0,1.0,True,,5.4e-06
54.0,+,37,14906.10009,4,3,0.0,0.0,0.0,0.36,14906.005720997215,0.09436900278524263,37,4,3,0.0,0.0,0.0,True,,1.9e-06
54.0,+,42,15934.69168,4,4,0.0,1.0,1.0,0.25,15934.86707950456,-0.17539950456011866,42,4,4,0.0,1.0,1.0,True,,1.3e-06
54.0,+,46,16237.47605,4,4,0.0,0.0,0.0,0.04,16237.433644737097,0.04240526290232083,46,4,4,0.0,0.0,0.0,True,,2.2e-07
54.0,+,50,17247.75296,4,5,0.0,1.0,1.0,0.09,17247.94938272718,-0.19642272717828746,50,4,5,0.0,1.0,1.0,True,,4.8e-07
54.0,+,55,17546.91167,4,5,0.0,0.0,0.0,0.04,17546.935066569957,-0.02339656995536643,55,4,5,0.0,0.0,0.0,True,,2.2e-07
54.0,+,57,18538.71506,4,6,0.0,1.0,1.0,0.01,18539.198728706786,-0.48366870678728446,57,4,6,0.0,1.0,1.0,True,,5.4e-08
54.0,+,105,24932.17385,6,0,1.0,0.0,1.0,9.0,24932.09737532522,0.0764746747809113,105,6,0,1.0,0.0,1.0,True,,4.8e-05
54.0,+,113,25305.1287,6,0,1.0,1.0,2.0,9.0,25305.222619886754,-0.09391988675270113,113,6,0,1.0,1.0,2.0,True,,4.8e-05
54.0,-,1,5207.42581,2,0,-1.0,0.0,-1.0,81.0,5207.453064326463,-0.027254326463662437,1,2,0,-1.0,0.0,-1.0,True,,0.00044
54.0,-,2,5381.17684,2,0,-1.0,1.0,0.0,144.0,5381.173604886624,0.003235113375922083,2,2,0,-1.0,1.0,0.0,True,,0.00077
54.0,-,3,5555.10073,2,0,-1.0,-1.0,-2.0,100.0,5555.125539663593,-0.024809663593259756,3,2,0,-1.0,-1.0,-2.0,True,,0.00054
54.0,-,4,6777.78002,2,1,-1.0,0.0,-1.0,0.36,6777.793049335502,-0.013029335501414607,4,2,1,-1.0,0.0,-1.0,True,,1.9e-06
54.0,-,5,6949.83293,2,1,-1.0,1.0,0.0,0.25,6949.80904875607,0.02388124392928148,5,2,1,-1.0,1.0,0.0,True,,1.3e-06
54.0,-,6,7121.81835,2,1,-1.0,-1.0,-2.0,0.36,7121.815113272259,0.003236727740841161,6,2,1,-1.0,-1.0,-2.0,True,,1.9e-06
54.0,-,7,8324.63971,2,2,-1.0,0.0,-1.0,0.36,8324.599461669353,0.04024833064613631,7,2,2,-1.0,0.0,-1.0,True,,1.9e-06
54.0,-,8,8495.01118,2,2,-1.0,1.0,0.0,0.16,8494.926539547405,0.08464045259461273,8,2,2,-1.0,1.0,0.0,True,,8.6e-07
54.0,-,9,8665.03147,2,2,-1.0,-1.0,-2.0,0.16,8664.945985577115,0.08548442288520164,9,2,2,-1.0,-1.0,-2.0,True,,8.6e-07
54.0,-,10,9847.92646,2,3,-1.0,0.0,-1.0,0.09,9847.947524298283,-0.021064298281999072,10,2,3,-1.0,0.0,-1.0,True,,4.8e-07
54.0,-,11,10016.65679,2,3,-1.0,1.0,0.0,0.01,10016.621635643609,0.03515435639019415,11,2,3,-1.0,1.0,0.0,True,,5.4e-08
54.0,-,19,12987.30756,3,0,-1.0,0.0,-1.0,16.0,12986.950353660728,0.35720633927121526,19,3,0,-1.0,0.0,-1.0,True,,8.6e-05
54.0,-,25,14520.53992,3,1,-1.0,0.0,-1.0,0.01,14520.090694238204,0.44922576179487805,25,3,1,-1.0,0.0,-1.0,True,,5.4e-08
54.0,-,32,16029.29326,3,2,-1.0,0.0,-1.0,0.04,16028.838929894622,0.4543301053781761,33,3,2,-1.0,0.0,-1.0,True,,2.2e-07
54.0,-,43,17513.47947,3,3,-1.0,0.0,-1.0,0.04,17513.180070042028,0.2993999579703086,43,3,3,-1.0,0.0,-1.0,True,,2.2e-07
54.0,-,50,18973.02708,3,4,-1.0,0.0,-1.0,0.04,18972.98038934265,0.04669065734924516,50,3,4,-1.0,0.0,-1.0,True,,2.2e-07
55.0,+,13,10779.32382,4,0,0.0,1.0,1.0,64.0,10779.24710515467,0.07671484532875184,13,4,0,0.0,1.0,1.0,True,,0.00034
55.0,+,17,12177.12909,4,1,0.0,1.0,1.0,0.25,12176.964812865,0.1642771349997929,17,4,1,0.0,1.0,1.0,True,,1.3e-06
55.0,+,22,13552.70618,4,2,0.0,1.0,1.0,0.25,13552.556213719381,0.1499662806181732,22,4,2,0.0,1.0,1.0,True,,1.3e-06
55.0,+,27,14906.15973,4,3,0.0,1.0,1.0,0.25,14906.029075812725,0.13065418727455835,27,4,3,0.0,1.0,1.0,True,,1.3e-06
55.0,+,34,16237.52523,4,4,0.0,1.0,1.0,0.09,16237.461059351395,0.06417064860397659,34,4,4,0.0,1.0,1.0,True,,4.8e-07
55.0,+,83,25114.4384,6,0,1.0,0.0,1.0,4.0,25114.529181746966,-0.09078174696696806,83,6,0,1.0,0.0,1.0,True,,2.2e-05
55.0,+,86,25305.04785,6,0,1.0,-1.0,0.0,9.0,25305.121639248122,-0.07378924812292098,86,6,0,1.0,-1.0,0.0,True,,4.8e-05
55.0,+,88,25494.22591,6,0,1.0,1.0,2.0,16.0,25494.11285437547,0.11305562452980666,88,6,0,1.0,1.0,2.0,True,,8.6e-05
55.0,-,1,5379.98686,2,0,-1.0,0.0,-1.0,225.0,5380.013820704076,-0.026960704076373077,1,2,0,-1.0,0.0,-1.0,True,,0.0012
55.0,-,3,5553.50161,2,0,-1.0,1.0,0.0,25.0,5553.524081600502,-0.022471600501376088,3,2,0,-1.0,1.0,0.0,True,,0.00013
55.0,-,4,5733.39171,2,0,-1.0,-1.0,-2.0,144.0,5733.364977392715,0.026732607284429832,4,2,0,-1.0,-1.0,-2.0,True,,0.00077
55.0,-,5,6948.64276,2,1,-1.0,0.0,-1.0,0.64,6948.644695159705,-0.0019351597056811443,5,2,1,-1.0,0.0,-1.0,True,,3.4e-06
55.0,-,6,7120.22496,2,1,-1.0,1.0,0.0,0.49,7120.228734823309,-0.003774823309868225,6,2,1,-1.0,1.0,0.0,True,,2.6e-06
55.0,-,8,7298.33759,2,1,-1.0,-1.0,-2.0,0.16,7298.310822969583,0.02676703041743167,8,2,1,-1.0,-1.0,-2.0,True,,8.6e-07
55.0,-,9,8493.82296,2,2,-1.0,0.0,-1.0,0.09,8493.757169091692,0.06579090830746281,9,2,2,-1.0,0.0,-1.0,True,,4.8e-07
55.0,-,10,8663.40735,2,2,-1.0,1.0,0.0,0.04,8663.376985116865,0.03036488313409791,10,2,2,-1.0,1.0,0.0,True,,2.2e-07
55.0,-,27,13159.32838,3,0,-1.0,0.0,-1.0,36.0,13159.507801039334,-0.17942103933273756,27,3,0,-1.0,0.0,-1.0,True,,0.00019
55.0,-,34,14690.66995,3,1,-1.0,0.0,-1.0,0.04,14690.762604877717,-0.09265487771699554,34,3,1,-1.0,0.0,-1.0,True,,2.2e-07
55.0,-,44,16197.53589,3,2,-1.0,0.0,-1.0,0.16,16197.598330163537,-0.06244016353775805,44,3,2,-1.0,0.0,-1.0,True,,8.6e-07
55.0,-,54,17679.825,3,3,-1.0,0.0,-1.0,0.16,17680.036664257274,-0.21166425727278693,54,3,3,-1.0,0.0,-1.0,True,,8.6e-07
55.0,-,64,19137.42702,3,4,-1.0,0.0,-1.0,0.16,19137.930109590387,-0.5030895903873898,64,3,4,-1.0,0.0,-1.0,True,,8.6e-07
56.0,+,2,5709.67938,1,0,0.0,0.0,0.0,324.0,5709.673396016748,0.005983983252008329,2,1,0,0.0,0.0,0.0,True,,0.0017
56.0,+,8,7478.55413,1,1,0.0,0.0,0.0,81.96,7478.533386833889,0.020743166111060418,8,1,1,0.0,0.0,0.0,True,,0.00044
56.0,+,16,10779.04343,4,0,0.0,1.0,1.0,81.0,10779.236359569233,-0.19292956923345628,16,4,0,0.0,1.0,1.0,True,,0.00044
56.0,+,18,11107.2074,4,0,0.0,0.0,0.0,36.0,11107.163836193295,0.04356380670469662,18,4,0,0.0,0.0,0.0,True,,0.00019
56.0,+,22,12176.86613,4,1,0.0,1.0,1.0,0.49,12176.962447013257,-0.09631701325633912,22,4,1,0.0,1.0,1.0,True,,2.6e-06
56.0,+,23,12501.23411,4,1,0.0,0.0,0.0,0.81,12501.13827494957,0.09583505042974139,23,4,1,0.0,0.0,0.0,True,,4.4e-06
56.0,+,29,13552.44537,4,2,0.0,1.0,1.0,0.81,13552.559473822119,-0.11410382211943215,29,4,2,0.0,1.0,1.0,True,,4.4e-06
56.0,+,30,13873.15408,4,2,0.0,0.0,0.0,0.36,13873.033273382463,0.12080661753680033,30,4,2,0.0,0.0,0.0,True,,1.9e-06
56.0,+,35,14905.89765,4,3,0.0,1.0,1.0,0.36,14906.037232131386,-0.13958213138539577,35,4,3,0.0,1.0,1.0,True,,1.9e-06
56.0,+,37,15222.89873,4,3,0.0,0.0,0.0,0.16,15222.797594203319,0.10113579668177408,37,4,3,0.0,0.0,0.0,True,,8.6e-07
56.0,+,42,16237.28891,4,4,0.0,1.0,1.0,0.09,16237.473763356176,-0.18485335617697274,42,4,4,0.0,1.0,1.0,True,,4.8e-07
56.0,+,46,16550.60701,4,4,0.0,0.0,0.0,0.16,16550.520417895215,0.08659210478435853,46,4,4,0.0,0.0,0.0,True,,8.6e-07
56.0,+,55,17856.32737,4,5,0.0,0.0,0.0,0.01,17856.318434852255,0.008935147743613925,55,4,5,0.0,0.0,0.0,True,,5.4e-08
56.0,+,107,25303.99583,6,0,1.0,0.0,1.0,9.0,25304.001372313713,-0.0055423137127945665,107,6,0,1.0,0.0,1.0,True,,4.8e-05
56.0,+,111,25493.007,6,0,1.0,-1.0,0.0,9.0,25493.119310909253,-0.11231090925139142,110,6,0,1.0,-1.0,0.0,True,,4.8e-05
56.0,+,114,25689.79541,6,0,1.0,1.0,2.0,9.0,25689.87673277282,-0.08132277282129508,114,6,0,1.0,1.0,2.0,True,,4.8e-05
56.0,-,1,5553.137,2,0,-1.0,0.0,-1.0,64.0,5553.160143640861,-0.023143640861235326,1,2,0,-1.0,0.0,-1.0,True,,0.00034
56.0,-,2,5732.96245,2,0,-1.0,1.0,0.0,100.0,5732.960801307684,0.0016486923159391154,2,2,0,-1.0,1.0,0.0,True,,0.00054
56.0,-,3,5912.78494,2,0,-1.0,-1.0,-2.0,81.0,5912.814353047895,-0.029413047895104683,3,2,0,-1.0,-1.0,-2.0,True,,0.00044
56.0,-,4,7119.84649,2,1,-1.0,0.0,-1.0,0.49,7119.862480792534,-0.01599079253446689,4,2,1,-1.0,0.0,-1.0,True,,2.6e-06
56.0,-,5,7297.91671,2,1,-1.0,1.0,0.0,0.36,7297.896041208925,0.020668791074967885,5,2,1,-1.0,1.0,0.0,True,,1.9e-06
56.0,-,6,7475.74876,2,1,-1.0,-1.0,-2.0,0.49,7475.731039426373,0.017720573627229896,6,2,1,-1.0,-1.0,-2.0,True,,2.6e-06
56.0,-,7,8662.89845,2,2,-1.0,0.0,-1.0,0.16,8663.010418458634,-0.11196845863378257,7,2,2,-1.0,0.0,-1.0,True,,8.6e-07
56.0,-,9,9015.17967,2,2,-1.0,-1.0,-2.0,0.16,9015.067690215266,0.11197978473319381,9,2,2,-1.0,-1.0,-2.0,True,,8.6e-07
56.0,-,20,13335.41883,3,0,-1.0,0.0,-1.0,16.0,13335.041215973955,0.3776140260451939,20,3,0,-1.0,0.0,-1.0,True,,8.6e-05
56.0,-,25,14864.83988,3,1,-1.0,0.0,-1.0,0.01,14864.366493223533,0.47338677646621363,25,3,1,-1.0,0.0,-1.0,True,,5.4e-08
56.0,-,33,16369.76278,3,2,-1.0,0.0,-1.0,0.04,16369.267348777523,0.4954312224763271,33,3,2,-1.0,0.0,-1.0,True,,2.2e-07
56.0,-,43,17850.08726,3,3,-1.0,0.0,-1.0,0.04,17849.763988475268,0.32327152473226306,43,3,3,-1.0,0.0,-1.0,True,,2.2e-07
56.0,-,50,19305.74413,3,4,-1.0,0.0,-1.0,0.04,19305.702232834057,0.0418971659419185,50,3,4,-1.0,0.0,-1.0,True,,2.2e-07
57.0,+,13,11107.21985,4,0,0.0,1.0,1.0,49.0,11107.158320091137,0.061529908862212324,13,4,0,0.0,1.0,1.0,True,,0.00026
57.0,+,17,12501.32112,4,1,0.0,1.0,1.0,0.36,12501.170733734585,0.1503862654153636,17,4,1,0.0,1.0,1.0,True,,1.9e-06
57.0,+,22,13873.20083,4,2,0.0,1.0,1.0,0.49,13873.054418477937,0.14641152206240804,22,4,2,0.0,1.0,1.0,True,,2.6e-06
57.0,+,27,15222.92983,4,3,0.0,1.0,1.0,0.16,15222.821096392976,0.10873360702316859,27,4,3,0.0,1.0,1.0,True,,8.6e-07
57.0,+,34,16550.60733,4,4,0.0,1.0,1.0,0.01,16550.54806673349,0.05926326651024283,34,4,4,0.0,1.0,1.0,True,,5.4e-08
57.0,+,40,17856.30973,4,5,0.0,1.0,1.0,0.01,17856.35084249359,-0.04111249358902569,40,4,5,0.0,1.0,1.0,True,,5.4e-08
57.0,+,84,25492.72143,6,0,1.0,0.0,1.0,9.0,25492.903457438697,-0.1820274386955134,84,6,0,1.0,0.0,1.0,True,,4.8e-05
57.0,+,87,25689.78073,6,0,1.0,1.0,2.0,16.0,25689.8073667905,-0.02663679050237988,87,6,0,1.0,-1.0,0.0,False,,8.6e-05
57.0,+,89,25885.252,6,0,1.0,-1.0,0.0,9.0,25885.104794424136,0.14720557586406358,89,6,0,1.0,1.0,2.0,False,,4.8e-05
57.0,-,1,5731.81725,2,0,-1.0,0.0,-1.0,144.0,5731.83876278612,-0.02151278612018359,1,2,0,-1.0,0.0,-1.0,True,,0.00077
57.0,-,3,5911.20397,2,0,-1.0,1.0,0.0,64.0,5911.241939687644,-0.03796968764436315,3,2,0,-1.0,1.0,0.0,True,,0.00034
57.0,-,4,6097.1684,2,0,-1.0,-1.0,-2.0,100.0,6097.132543908311,0.03585609168840165,4,2,0,-1.0,-1.0,-2.0,True,,0.00054
57.0,-,5,7296.77041,2,1,-1.0,0.0,-1.0,0.25,7296.769529083429,0.0008809165710772504,5,2,1,-1.0,0.0,-1.0,True,,1.3e-06
57.0,-,6,7474.15313,2,1,-1.0,1.0,0.0,0.16,7474.173941355097,-0.020811355097066553,6,2,1,-1.0,1.0,0.0,True,,8.6e-07
57.0,-,7,7658.29746,2,1,-1.0,-1.0,-2.0,0.16,7658.243218629103,0.05424137089721626,7,2,1,-1.0,-1.0,-2.0,True,,8.6e-07
57.0,-,9,8838.229,2,2,-1.0,0.0,-1.0,0.09,8838.161702822637,0.06729717736197927,9,2,2,-1.0,0.0,-1.0,True,,4.8e-07
57.0,-,10,9013.55733,2,2,-1.0,1.0,0.0,0.09,9013.528197320209,0.029132679790563998,10,2,2,-1.0,1.0,0.0,True,,4.8e-07
57.0,-,27,13513.3525,3,0,-1.0,0.0,-1.0,25.0,13513.542138186269,-0.18963818626798457,27,3,0,-1.0,0.0,-1.0,True,,0.00013
57.0,-,34,15040.81153,3,1,-1.0,0.0,-1.0,0.04,15040.909502567889,-0.09797256788806408,34,3,1,-1.0,0.0,-1.0,True,,2.2e-07
57.0,-,44,16543.76481,3,2,-1.0,0.0,-1.0,0.16,16543.83275474348,-0.06794474347771029,44,3,2,-1.0,0.0,-1.0,True,,8.6e-07
57.0,-,55,18022.09911,3,3,-1.0,0.0,-1.0,0.16,18022.352535099948,-0.25342509994879947,55,3,3,-1.0,0.0,-1.0,True,,8.6e-07
57.0,-,64,19475.68939,3,4,-1.0,0.0,-1.0,0.16,19476.359179880168,-0.6697898801685369,64,3,4,-1.0,0.0,-1.0,True,,8.6e-07
58.0,+,3,6115.58929,1,0,0.0,0.0,0.0,324.0,6115.592550278584,-0.003260278584093612,3,1,0,0.0,0.0,0.0,True,,0.0017
58.0,+,8,7880.20907,1,1,0.0,0.0,0.0,81.69,7880.186049706095,0.023020293904664868,8,1,1,0.0,0.0,0.0,True,,0.00044
58.0,+,16,11106.96951,4,0,0.0,1.0,1.0,49.0,11107.150679130847,-0.1811691308466834,16,4,0,0.0,1.0,1.0,True,,0.00026
58.0,+,18,11446.10355,4,0,0.0,0.0,0.0,36.0,11446.022807621208,0.0807423787919106,18,4,0,0.0,0.0,0.0,True,,0.00019
58.0,+,22,12501.07442,4,1,0.0,1.0,1.0,0.49,12501.168959727875,-0.09453972787378007,22,4,1,0.0,1.0,1.0,True,,2.6e-06
58.0,+,23,12836.34426,4,1,0.0,0.0,0.0,0.16,12836.162378240386,0.1818817596140434,23,4,1,0.0,0.0,0.0,True,,8.6e-07
58.0,+,29,13872.94892,4,2,0.0,1.0,1.0,0.81,13873.05788193641,-0.10896193640837737,29,4,2,0.0,1.0,1.0,True,,4.4e-06
58.0,+,30,14204.34505,4,2,0.0,0.0,0.0,0.25,14204.210322081424,0.13472791857566335,30,4,2,0.0,0.0,0.0,True,,1.3e-06
58.0,+,35,15222.68157,4,3,0.0,1.0,1.0,0.36,15222.829444803323,-0.14787480332233827,35,4,3,0.0,1.0,1.0,True,,1.9e-06
58.0,+,37,15550.24739,4,3,0.0,0.0,0.0,0.16,15550.135469691662,0.1119203083380853,37,4,3,0.0,0.0,0.0,True,,8.6e-07
58.0,+,42,16550.351,4,4,0.0,1.0,1.0,0.16,16550.561292431772,-0.21029243177326862,42,4,4,0.0,1.0,1.0,True,,8.6e-07
58.0,+,46,16874.07549,4,4,0.0,0.0,0.0,0.01,16874.020810443017,0.05467955698259175,46,4,4,0.0,0.0,0.0,True,,5.4e-08
58.0,+,50,17856.09781,4,5,0.0,1.0,1.0,0.04,17856.37540201017,-0.27759201017033774,50,4,5,0.0,1.0,1.0,True,,2.2e-07
58.0,+,57,19139.63351,4,6,0.0,1.0,1.0,0.01,19140.359303335892,-0.7257933358923765,57,4,6,0.0,1.0,1.0,True,,5.4e-08
58.0,+,108,25688.67852,6,0,1.0,0.0,1.0,9.0,25688.627384677024,0.05113532297764323,108,6,0,1.0,0.0,1.0,True,,4.8e-05
58.0,+,112,25884.04343,6,0,1.0,-1.0,0.0,9.0,25884.13081582714,-0.0873858271370409,112,6,0,1.0,-1.0,0.0,True,,4.8e-05
58.0,+,114,26087.4769,6,0,1.0,1.0,2.0,9.0,26087.414022690424,0.06287730957774329,114,6,0,1.0,1.0,2.0,True,,4.8e-05
58.0,-,1,5910.91843,2,0,-1.0,0.0,-1.0,100.0,5910.909817421677,0.008612578322754416,1,2,0,-1.0,0.0,-1.0,True,,0.00054
58.0,-,2,6096.7622,2,0,-1.0,1.0,0.0,169.0,6096.759744315082,0.0024556849184591556,2,2,0,-1.0,1.0,0.0,True,,0.00091
58.0,-,3,6282.48369,2,0,-1.0,-1.0,-2.0,49.0,6282.481948361728,0.0017416382715964573,3,2,0,-1.0,-1.0,-2.0,True,,0.00026
58.0,-,4,7473.83078,2,1,-1.0,0.0,-1.0,0.36,7473.839717586001,-0.00893758600068395,4,2,1,-1.0,0.0,-1.0,True,,1.9e-06
58.0,-,5,7657.88372,2,1,-1.0,1.0,0.0,0.49,7657.859839679348,0.023880320652096998,5,2,1,-1.0,1.0,0.0,True,,2.6e-06
58.0,-,6,7841.50503,2,1,-1.0,-1.0,-2.0,0.25,7841.490835071985,0.014194928015058395,6,2,1,-1.0,-1.0,-2.0,True,,1.3e-06
58.0,-,7,9013.19601,2,2,-1.0,0.0,-1.0,0.09,9013.193871068786,0.0021389312132669147,7,2,2,-1.0,0.0,-1.0,True,,4.8e-07
58.0,-,9,9376.99189,2,2,-1.0,-1.0,-2.0,0.04,9376.897917493267,0.09397250673282542,9,2,2,-1.0,-1.0,-2.0,True,,2.2e-07
58.0,-,10,10529.03741,2,3,-1.0,0.0,-1.0,0.04,10529.08682575278,-0.04941575277916854,10,2,3,-1.0,0.0,-1.0,True,,2.2e-07
58.0,-,20,13695.39843,3,0,-1.0,0.0,-1.0,16.0,13695.001540643709,0.39688935629055777,20,3,0,-1.0,0.0,-1.0,True,,8.6e-05
58.0,-,25,15220.86129,3,1,-1.0,0.0,-1.0,0.01,15220.370134669918,0.4911553300826199,25,3,1,-1.0,0.0,-1.0,True,,5.4e-08
58.0,-,34,16721.80953,3,2,-1.0,0.0,-1.0,0.04,16721.287131026394,0.5223989736041403,34,3,2,-1.0,0.0,-1.0,True,,2.2e-07
58.0,-,43,18198.13024,3,3,-1.0,0.0,-1.0,0.04,18197.794437190674,0.33580280932437745,43,3,3,-1.0,0.0,-1.0,True,,2.2e-07
58.0,-,50,19649.76907,3,4,-1.0,0.0,-1.0,0.04,19649.72715726504,0.041912734959623776,50,3,4,-1.0,0.0,-1.0,True,,2.2e-07
59.0,+,13,11446.06172,4,0,0.0,1.0,1.0,16.0,11446.0127407419,0.04897925809927983,13,4,0,0.0,1.0,1.0,True,,8.6e-05
59.0,+,17,12836.3265,4,1,0.0,1.0,1.0,0.09,12836.187678537743,0.13882146225660108,17,4,1,0.0,1.0,1.0,True,,4.8e-07
59.0,+,22,14204.36922,4,2,0.0,1.0,1.0,0.25,14204.231124437394,0.1380955626063951,22,4,2,0.0,1.0,1.0,True,,1.3e-06
59.0,+,27,15550.27502,4,3,0.0,1.0,1.0,0.09,15550.159092262062,0.11592773793745437,27,4,3,0.0,1.0,1.0,True,,4.8e-07
59.0,+,32,16874.10022,4,4,0.0,1.0,1.0,0.01,16874.04864109388,0.05157890612099436,32,4,4,0.0,1.0,1.0,True,,5.4e-08
59.0,+,85,25883.76627,6,0,1.0,0.0,1.0,9.0,25883.951005692128,-0.18473569212801522,85,6,0,1.0,0.0,1.0,True,,4.8e-05
59.0,+,87,26087.37641,6,0,1.0,1.0,2.0,9.0,26087.378356524343,-0.001946524342201883,87,6,0,1.0,-1.0,0.0,False,,4.8e-05
59.0,+,89,26289.10376,6,0,1.0,-1.0,0.0,16.0,26288.940065140596,0.1636948594059504,89,6,0,1.0,1.0,2.0,False,,8.6e-05
59.0,-,1,6095.67052,2,0,-1.0,0.0,-1.0,196.0,6095.673054830924,-0.002534830924560083,1,2,0,-1.0,0.0,-1.0,True,,0.0011
59.0,-,2,6280.89464,2,0,-1.0,1.0,0.0,25.0,6280.93646765669,-0.04182765668974753,2,2,0,-1.0,1.0,0.0,True,,0.00013
59.0,-,4,6472.90691,2,0,-1.0,-1.0,-2.0,49.0,6472.843480778786,0.06342922121348238,4,2,0,-1.0,-1.0,-2.0,True,,0.00026
59.0,-,5,7656.7749,2,1,-1.0,0.0,-1.0,0.49,7656.768760523091,0.006139476909083896,5,2,1,-1.0,0.0,-1.0,True,,2.6e-06
59.0,-,6,7839.94202,2,1,-1.0,1.0,0.0,0.01,7839.960872735775,-0.01885273577499902,6,2,1,-1.0,1.0,0.0,True,,5.4e-08
59.0,-,7,8030.05658,2,1,-1.0,-1.0,-2.0,0.16,8029.983840822058,0.0727391779428217,7,2,1,-1.0,-1.0,-2.0,True,,8.6e-07
59.0,-,9,9194.36963,2,2,-1.0,0.0,-1.0,0.09,9194.305120196625,0.06450980337467627,9,2,2,-1.0,0.0,-1.0,True,,4.8e-07
59.0,-,10,9375.42042,2,2,-1.0,1.0,0.0,0.04,9375.385747345192,0.03467265480867354,10,2,2,-1.0,1.0,0.0,True,,2.2e-07
59.0,-,27,13879.19974,3,0,-1.0,0.0,-1.0,16.0,13879.410644165106,-0.21090416510560317,27,3,0,-1.0,0.0,-1.0,True,,8.6e-05
59.0,-,35,15402.6402,3,1,-1.0,0.0,-1.0,0.04,15402.749826138775,-0.10962613877563854,35,3,1,-1.0,0.0,-1.0,True,,2.2e-07
59.0,-,44,16901.54618,3,2,-1.0,0.0,-1.0,0.09,16901.62009828752,-0.07391828751860885,44,3,2,-1.0,0.0,-1.0,True,,4.8e-07
59.0,-,55,18375.81826,3,3,-1.0,0.0,-1.0,0.16,18376.079044344726,-0.26078434472583467,55,3,3,-1.0,0.0,-1.0,True,,8.6e-07
59.0,-,63,19825.37919,3,4,-1.0,0.0,-1.0,0.16,19825.94744159796,-0.5682515979606251,63,3,4,-1.0,0.0,-1.0,True,,8.6e-07
60.0,+,3,6534.86791,1,0,0.0,0.0,0.0,289.0,6534.856240526183,0.011669473817164544,3,1,0,0.0,0.0,0.0,True,,0.0016
60.0,+,8,8295.04158,1,1,0.0,0.0,0.0,81.44,8295.028461071937,0.013118928061885526,8,1,1,0.0,0.0,0.0,True,,0.00044
60.0,+,16,11445.82148,4,0,0.0,1.0,1.0,36.0,11446.006742586118,-0.18526258611746016,16,4,0,0.0,1.0,1.0,True,,0.00019
60.0,+,18,11795.84036,4,0,0.0,0.0,0.0,16.0,11795.763276432943,0.07708356705734332,18,4,0,0.0,0.0,0.0,True,,8.6e-05
60.0,+,22,12836.08856,4,1,0.0,1.0,1.0,0.36,12836.186354694473,-0.09779469447312295,22,4,1,0.0,1.0,1.0,True,,1.9e-06
60.0,+,23,13182.07023,4,1,0.0,0.0,0.0,0.25,13181.924922575272,0.1453074247274344,23,4,1,0.0,0.0,0.0,True,,1.3e-06
60.0,+,28,14204.1239,4,2,0.0,1.0,1.0,0.25,14204.23474394757,-0.11084394757017435,28,4,2,0.0,1.0,1.0,True,,1.3e-06
60.0,+,30,14546.13273,4,2,0.0,0.0,0.0,0.36,14545.996569492809,0.13616050719065242,30,4,2,0.0,0.0,0.0,True,,1.9e-06
60.0,+,34,15549.98566,4,3,0.0,1.0,1.0,0.16,15550.16760698912,-0.18194698911975138,34,4,3,0.0,1.0,1.0,True,,8.6e-07
60.0,+,37,15888.06298,4,3,0.0,0.0,0.0,0.01,15887.949944265712,0.11303573428813252,37,4,3,0.0,0.0,0.0,True,,5.4e-08
60.0,+,41,16873.84133,4,4,0.0,1.0,1.0,0.01,16874.062541047086,-0.22121104708639905,41,4,4,0.0,1.0,1.0,True,,5.4e-08
60.0,+,109,26086.3845,6,0,1.0,0.0,1.0,9.0,26086.311701602994,0.07279839700640878,109,6,0,1.0,0.0,1.0,True,,4.8e-05
60.0,+,112,26287.90305,6,0,1.0,-1.0,0.0,16.0,26287.993845885554,-0.09079588555323426,112,6,0,1.0,-1.0,0.0,True,,8.6e-05
60.0,+,114,26497.75115,6,0,1.0,1.0,2.0,4.0,26497.755631870896,-0.004481870895688189,114,6,0,1.0,1.0,2.0,True,,2.2e-05
60.0,-,1,6280.64204,2,0,-1.0,0.0,-1.0,25.0,6280.633584710447,0.008455289552330214,1,2,0,-1.0,0.0,-1.0,True,,0.00013
60.0,-,2,6472.50119,2,0,-1.0,1.0,0.0,121.0,6472.500260668631,0.0009293313687521731,2,2,0,-1.0,1.0,0.0,True,,0.00065
60.0,-,3,6664.04883,2,0,-1.0,-1.0,-2.0,64.0,6664.057014545303,-0.008184545303265622,3,2,0,-1.0,-1.0,-2.0,True,,0.00034
60.0,-,4,7839.62167,2,1,-1.0,0.0,-1.0,0.09,7839.656066379093,-0.0343963790928683,4,2,1,-1.0,0.0,-1.0,True,,4.8e-07
60.0,-,5,8029.65915,2,1,-1.0,1.0,0.0,0.16,8029.630057269143,0.029092730856973503,5,2,1,-1.0,1.0,0.0,True,,8.6e-07
60.0,-,6,8219.02694,2,1,-1.0,-1.0,-2.0,0.09,8219.022977471259,0.003962528740885318,6,2,1,-1.0,-1.0,-2.0,True,,4.8e-07
60.0,-,8,9563.27202,2,2,-1.0,1.0,0.0,0.01,9563.179657240664,0.09236275933653815,8,2,2,-1.0,1.0,0.0,True,,5.4e-08
60.0,-,20,14067.18934,3,0,-1.0,0.0,-1.0,16.0,14066.760129211681,0.4292107883193239,20,3,0,-1.0,0.0,-1.0,True,,8.6e-05
60.0,-,25,15588.56201,3,1,-1.0,0.0,-1.0,0.01,15588.030758975337,0.5312510246621969,25,3,1,-1.0,0.0,-1.0,True,,5.4e-08
60.0,-,34,17085.38517,3,2,-1.0,0.0,-1.0,0.04,17084.823788214686,0.5613817853154615,34,3,2,-1.0,0.0,-1.0,True,,2.2e-07
60.0,-,43,18557.54964,3,3,-1.0,0.0,-1.0,0.04,18557.199624665183,0.3500153348177264,43,3,3,-1.0,0.0,-1.0,True,,2.2e-07
60.0,-,50,20005.01158,3,4,-1.0,0.0,-1.0,0.04,20004.9835235625,0.028056437498889863,50,3,4,-1.0,0.0,-1.0,True,,2.2e-07
61.0,+,13,11795.78277,4,0,0.0,1.0,1.0,25.0,11795.741396479774,0.041373520225533866,13,4,0,0.0,1.0,1.0,True,,0.00013
61.0,+,17,13182.07906,4,1,0.0,1.0,1.0,0.25,13181.946545363282,0.1325146367180423,17,4,1,0.0,1.0,1.0,True,,1.3e-06
61.0,+,22,14546.15419,4,2,0.0,1.0,1.0,0.36,14546.017085466981,0.13710453301791858,22,4,2,0.0,1.0,1.0,True,,1.9e-06
61.0,+,27,15888.08102,4,3,0.0,1.0,1.0,0.25,15887.973658859717,0.1073611402825918,27,4,3,0.0,1.0,1.0,True,,1.3e-06
61.0,+,85,26287.65511,6,0,1.0,0.0,1.0,16.0,26287.85402620268,-0.198916202680266,85,6,0,1.0,0.0,1.0,True,,8.6e-05
61.0,+,88,26497.75407,6,0,1.0,1.0,2.0,9.0,26497.75410315824,-3.315824142191559e-05,88,6,0,1.0,-1.0,0.0,False,,4.8e-05
61.0,+,89,26705.71229,6,0,1.0,-1.0,0.0,16.0,26705.54026565946,0.17202434053979232,89,6,0,1.0,1.0,2.0,False,,8.6e-05
61.0,-,1,6471.45545,2,0,-1.0,0.0,-1.0,100.0,6471.446762549871,0.008687450129400531,1,2,0,-1.0,0.0,-1.0,True,,0.00054
61.0,-,2,6662.49426,2,0,-1.0,1.0,0.0,64.0,6662.536540483175,-0.04228048317418143,2,2,0,-1.0,1.0,0.0,True,,0.00034
61.0,-,4,6860.49715,2,0,-1.0,-1.0,-2.0,49.0,6860.425103308785,0.0720466912152915,4,2,0,-1.0,-1.0,-2.0,True,,0.00026
61.0,-,5,8028.58636,2,1,-1.0,0.0,-1.0,0.09,8028.572242727807,0.014117272193288954,5,2,1,-1.0,0.0,-1.0,True,,4.8e-07
61.0,-,6,8217.4769,2,1,-1.0,1.0,0.0,0.04,8217.518193685832,-0.041293685831988114,6,2,1,-1.0,1.0,0.0,True,,2.2e-07
61.0,-,7,8413.53559,2,1,-1.0,-1.0,-2.0,0.09,8413.459775632855,0.07581436714463052,7,2,1,-1.0,-1.0,-2.0,True,,4.8e-07
61.0,-,27,14256.8151,3,0,-1.0,0.0,-1.0,9.0,14257.040910458787,-0.2258104587872367,27,3,0,-1.0,0.0,-1.0,True,,4.8e-05
61.0,-,35,15776.09129,3,1,-1.0,0.0,-1.0,0.04,15776.210968310546,-0.11967831054607814,35,3,1,-1.0,0.0,-1.0,True,,2.2e-07
61.0,-,44,17270.80447,3,2,-1.0,0.0,-1.0,0.09,17270.88740136029,-0.08293136029169546,44,3,2,-1.0,0.0,-1.0,True,,4.8e-07
61.0,-,55,18740.86888,3,3,-1.0,0.0,-1.0,0.16,18741.142855767346,-0.2739757673443819,55,3,3,-1.0,0.0,-1.0,True,,8.6e-07
61.0,-,63,20186.19148,3,4,-1.0,0.0,-1.0,0.16,20186.793631212302,-0.6021512123006687,63,3,4,-1.0,0.0,-1.0,True,,8.6e-07
62.0,+,3,6967.39917,1,0,0.0,0.0,0.0,289.0,6967.385593018959,0.013576981040387182,3,1,0,0.0,0.0,0.0,True,,0.0016
62.0,+,8,8723.0042,1,1,0.0,0.0,0.0,80.81,8722.980993525702,0.023206474297694513,8,1,1,0.0,0.0,0.0,True,,0.00043
62.0,+,16,11795.53181,4,0,0.0,1.0,1.0,16.0,11795.73638790412,-0.20457790412001486,16,4,0,0.0,1.0,1.0,True,,8.6e-05
62.0,+,18,12156.55885,4,0,0.0,0.0,0.0,16.0,12156.421947582665,0.13690241733456787,18,4,0,0.0,0.0,0.0,True,,8.6e-05
62.0,+,22,13181.84326,4,1,0.0,1.0,1.0,0.16,13181.945567101768,-0.10230710176801949,22,4,1,0.0,1.0,1.0,True,,8.6e-07
62.0,+,23,13538.48983,4,1,0.0,0.0,0.0,0.04,13538.356569656218,0.13326034378223994,23,4,1,0.0,0.0,0.0,True,,2.2e-07
62.0,+,28,14545.90952,4,2,0.0,1.0,1.0,0.16,14546.020817317112,-0.11129731711298518,28,4,2,0.0,1.0,1.0,True,,8.6e-07
62.0,+,30,14898.48106,4,2,0.0,0.0,0.0,0.09,14898.320468497406,0.16059150259388844,30,4,2,0.0,0.0,0.0,True,,4.8e-07
62.0,+,37,16236.29159,4,3,0.0,0.0,0.0,0.01,16236.169285181082,0.1223048189185647,37,4,3,0.0,0.0,0.0,True,,5.4e-08
62.0,+,111,26496.81042,6,0,1.0,0.0,1.0,9.0,26496.699557243883,0.11086275611887686,110,6,0,1.0,0.0,1.0,True,,4.8e-05
62.0,+,113,26704.53853,6,0,1.0,-1.0,0.0,16.0,26704.624306078305,-0.085776078303752,113,6,0,1.0,-1.0,0.0,True,,8.6e-05
62.0,+,114,26920.73382,6,0,1.0,1.0,2.0,1.0,26920.820158736784,-0.08633873678263626,114,6,0,1.0,1.0,2.0,True,,5.4e-06
62.0,-,1,6662.25817,2,0,-1.0,0.0,-1.0,64.0,6662.260557277135,-0.0023872771353126154,1,2,0,-1.0,0.0,-1.0,True,,0.00034
62.0,-,2,6860.11369,2,0,-1.0,1.0,0.0,64.0,6860.10982716174,0.003862838259919954,2,2,0,-1.0,1.0,0.0,True,,0.00034
62.0,-,3,7057.44733,2,0,-1.0,-1.0,-2.0,49.0,7057.465917308604,-0.01858730860385549,3,2,0,-1.0,-1.0,-2.0,True,,0.00026
62.0,-,4,8217.22352,2,1,-1.0,0.0,-1.0,0.04,8217.240430349622,-0.016910349622776266,4,2,1,-1.0,0.0,-1.0,True,,2.2e-07
62.0,-,5,8413.16645,2,1,-1.0,1.0,0.0,0.25,8413.133942371373,0.032507628628081875,5,2,1,-1.0,1.0,0.0,True,,1.3e-06
62.0,-,20,14450.70298,3,0,-1.0,0.0,-1.0,9.0,14450.243371106992,0.4596088930084079,20,3,0,-1.0,0.0,-1.0,True,,4.8e-05
62.0,-,25,15967.83477,3,1,-1.0,0.0,-1.0,0.01,15967.274730070478,0.5600399295217358,25,3,1,-1.0,0.0,-1.0,True,,5.4e-08
62.0,-,35,17460.38833,3,2,-1.0,0.0,-1.0,0.04,17459.803117615695,0.5852123843069421,35,3,2,-1.0,0.0,-1.0,True,,2.2e-07
62.0,-,43,18928.30614,3,3,-1.0,0.0,-1.0,0.04,18927.90848095967,0.39765904032901744,43,3,3,-1.0,0.0,-1.0,True,,2.2e-07
62.0,-,50,20371.4342,3,4,-1.0,0.0,-1.0,0.04,20371.40121310441,0.03298689558869228,50,3,4,-1.0,0.0,-1.0,True,,2.2e-07
63.0,+,13,12156.28695,4,0,0.0,1.0,1.0,9.0,12156.273011558465,0.013938441534264712,13,4,0,0.0,1.0,1.0,True,,4.8e-05
63.0,+,17,13538.51754,4,1,0.0,1.0,1.0,0.04,13538.375917790247,0.1416222097541322,17,4,1,0.0,1.0,1.0,True,,2.2e-07
63.0,+,22,14898.47823,4,2,0.0,1.0,1.0,0.16,14898.34073405716,0.13749594284126943,22,4,2,0.0,1.0,1.0,True,,8.6e-07
63.0,+,27,16236.30885,4,3,0.0,1.0,1.0,0.01,16236.193062056418,0.11578794358138111,27,4,3,0.0,1.0,1.0,True,,5.4e-08
63.0,+,86,26704.33444,6,0,1.0,0.0,1.0,16.0,26704.523260895265,-0.18882089526596246,86,6,0,1.0,0.0,1.0,True,,8.6e-05
63.0,+,88,26920.89975,6,0,1.0,1.0,2.0,4.0,26920.85285012665,0.046899873352231225,88,6,0,1.0,-1.0,0.0,False,,2.2e-05
63.0,+,89,27135.00737,6,0,1.0,-1.0,0.0,16.0,27134.824339419472,0.18303058052697452,89,6,0,1.0,1.0,2.0,False,,8.6e-05
63.0,-,1,6859.08747,2,0,-1.0,0.0,-1.0,64.0,6859.087570589119,-0.00010058911902888212,1,2,0,-1.0,0.0,-1.0,True,,0.00034
63.0,-,2,7055.93564,2,0,-1.0,1.0,0.0,49.0,7055.968687558247,-0.033047558247744746,2,2,0,-1.0,1.0,0.0,True,,0.00026
63.0,-,4,7259.87782,2,0,-1.0,-1.0,-2.0,64.0,7259.802402655033,0.07541734496680874,4,2,0,-1.0,-1.0,-2.0,True,,0.00034
63.0,-,5,8412.1399,2,1,-1.0,0.0,-1.0,0.04,8412.107432989396,0.03246701060379564,5,2,1,-1.0,0.0,-1.0,True,,2.2e-07
63.0,-,7,8808.68966,2,1,-1.0,-1.0,-2.0,0.04,8808.595769779104,0.09389022089635546,7,2,1,-1.0,-1.0,-2.0,True,,2.2e-07
63.0,-,27,14646.11748,3,0,-1.0,0.0,-1.0,4.0,14646.358121880327,-0.2406418803257111,27,3,0,-1.0,0.0,-1.0,True,,2.2e-05
63.0,-,35,16161.09723,3,1,-1.0,0.0,-1.0,0.04,16161.217850297495,-0.1206202974954067,35,3,1,-1.0,0.0,-1.0,True,,2.2e-07
63.0,-,45,17651.48433,3,2,-1.0,0.0,-1.0,0.04,17651.559281730544,-0.07495173054485349,45,3,2,-1.0,0.0,-1.0,True,,2.2e-07
63.0,-,55,19117.16849,3,3,-1.0,0.0,-1.0,0.16,19117.468269714627,-0.29977971462722053,55,3,3,-1.0,0.0,-1.0,True,,8.6e-07
63.0,-,63,20558.12522,3,4,-1.0,0.0,-1.0,0.16,20558.754571812788,-0.6293518127858988,63,3,4,-1.0,0.0,-1.0,True,,8.6e-07
64.0,+,3,7413.11469,1,0,0.0,0.0,0.0,225.0,7413.099163170509,0.015526829491136596,3,1,0,0.0,0.0,0.0,True,,0.0012
64.0,+,8,9163.9752,1,1,0.0,0.0,0.0,80.64,9163.961400491884,0.013799508116790093,8,1,1,0.0,0.0,0.0,True,,0.00043
64.0,+,16,12156.05816,4,0,0.0,1.0,1.0,9.0,12156.268645056005,-0.21048505600447243,16,4,0,0.0,1.0,1.0,True,,4.8e-05
64.0,+,17,12527.47254,4,0,0.0,0.0,0.0,16.0,12527.49298074076,-0.02044074076002289,17,4,0,0.0,0.0,0.0,True,,8.6e-05
64.0,+,22,13538.26142,4,1,0.0,1.0,1.0,0.04,13538.375206278715,-0.11378627871454228,22,4,1,0.0,1.0,1.0,True,,2.2e-07
64.0,+,23,13905.51583,4,1,0.0,0.0,0.0,0.16,13905.38429788747,0.1315321125293849,23,4,1,0.0,0.0,0.0,True,,8.6e-07
64.0,+,28,14898.23177,4,2,0.0,1.0,1.0,0.16,14898.34453756642,-0.11276756641927932,28,4,2,0.0,1.0,1.0,True,,8.6e-07
64.0,+,30,15261.25936,4,2,0.0,0.0,0.0,0.25,15261.108146971377,0.15121302862280572,30,4,2,0.0,0.0,0.0,True,,1.3e-06
64.0,+,34,16236.05663,4,3,0.0,1.0,1.0,0.04,16236.201861608728,-0.14523160872886365,34,4,3,0.0,1.0,1.0,True,,2.2e-07
64.0,+,37,16594.87466,4,3,0.0,0.0,0.0,0.01,16594.719433128157,0.15522687184420647,37,4,3,0.0,0.0,0.0,True,,5.4e-08
64.0,+,111,26919.90938,6,0,1.0,0.0,1.0,9.0,26919.825977809225,0.08340219077581423,111,6,0,1.0,0.0,1.0,True,,4.8e-05
64.0,+,113,27133.85964,6,0,1.0,-1.0,0.0,16.0,27133.939588936006,-0.0799489360069856,113,6,0,1.0,-1.0,0.0,True,,8.6e-05
64.0,+,115,27356.56656,6,0,1.0,1.0,2.0,9.0,27356.522086269983,0.04447373001676169,115,6,0,1.0,1.0,2.0,True,,4.8e-05
64.0,-,1,7055.74708,2,0,-1.0,0.0,-1.0,16.0,7055.717471096818,0.0296089031817246,1,2,0,-1.0,0.0,-1.0,True,,8.6e-05
64.0,-,2,7260.51875,2,0,-1.0,1.0,0.0,25.0,7259.513577059673,1.0051729403276113,2,2,0,-1.0,1.0,0.0,True,,0.00013
64.0,-,3,7462.5994,2,0,-1.0,-1.0,-2.0,49.0,7462.632701732764,-0.03330173276390269,3,2,0,-1.0,-1.0,-2.0,True,,0.00026
64.0,-,4,8606.49176,2,1,-1.0,0.0,-1.0,0.09,8606.519320038318,-0.027560038317460567,4,2,1,-1.0,0.0,-1.0,True,,4.8e-07
64.0,-,5,8808.32573,2,1,-1.0,1.0,0.0,0.09,8808.296384533858,0.029345466142331134,5,2,1,-1.0,1.0,0.0,True,,4.8e-07
64.0,-,6,9009.09447,2,1,-1.0,-1.0,-2.0,0.04,9009.106513713888,-0.012043713888488128,6,2,1,-1.0,-1.0,-2.0,True,,2.2e-07
64.0,-,20,14845.86299,3,0,-1.0,0.0,-1.0,9.0,14845.375248432487,0.48774156751278497,20,3,0,-1.0,0.0,-1.0,True,,4.8e-05
64.0,-,25,16358.61999,3,1,-1.0,0.0,-1.0,0.01,16358.025842626777,0.5941473732218583,25,3,1,-1.0,0.0,-1.0,True,,5.4e-08
64.0,-,35,17846.76728,3,2,-1.0,0.0,-1.0,0.04,17846.148596954794,0.6186830452061258,35,3,2,-1.0,0.0,-1.0,True,,2.2e-07
64.0,-,42,19310.23485,3,3,-1.0,0.0,-1.0,0.04,19309.820668721164,0.41418127883662237,42,3,3,-1.0,0.0,-1.0,True,,2.2e-07
64.0,-,49,20748.8752,3,4,-1.0,0.0,-1.0,0.04,20748.87345425386,0.0017457461399317253,49,3,4,-1.0,0.0,-1.0,True,,2.2e-07
65.0,+,13,12527.58613,4,0,0.0,1.0,1.0,16.0,12527.53400897518,0.05212102481891634,13,4,0,0.0,1.0,1.0,True,,8.6e-05
65.0,+,17,13906.55036,4,1,0.0,1.0,1.0,0.01,13905.402068130394,1.1482918696056004,17,4,1,0.0,1.0,1.0,True,,5.4e-08
65.0,+,22,15261.26273,4,2,0.0,1.0,1.0,0.01,15261.12818429301,0.13454570699104806,22,4,2,0.0,1.0,1.0,True,,5.4e-08
65.0,+,27,16594.84813,4,3,0.0,1.0,1.0,0.01,16594.74324097766,0.10488902233919362,27,4,3,0.0,1.0,1.0,True,,5.4e-08
65.0,+,86,27133.67284,6,0,1.0,0.0,1.0,16.0,27133.87616949132,-0.20332949131989153,86,6,0,1.0,0.0,1.0,True,,8.6e-05
65.0,+,88,27357.61776,6,0,1.0,1.0,2.0,9.0,27356.58914709449,1.0286129055093625,88,6,0,1.0,-1.0,0.0,False,,4.8e-05
65.0,+,89,27576.87667,6,0,1.0,-1.0,0.0,9.0,27576.708320299294,0.16834970070704003,89,6,0,1.0,1.0,2.0,False,,4.8e-05
65.0,-,1,7258.52877,2,0,-1.0,0.0,-1.0,64.0,7258.52079383679,0.007976163209605147,1,2,0,-1.0,0.0,-1.0,True,,0.00034
65.0,-,2,7461.13363,2,0,-1.0,1.0,0.0,36.0,7461.157098590958,-0.023468590958145796,2,2,0,-1.0,1.0,0.0,True,,0.00019
65.0,-,4,7670.97754,2,0,-1.0,-1.0,-2.0,64.0,7670.898049576481,0.0794904235190188,4,2,0,-1.0,-1.0,-2.0,True,,0.00034
65.0,-,5,8807.33777,2,1,-1.0,0.0,-1.0,0.04,8807.299403397137,0.03836660286287952,5,2,1,-1.0,0.0,-1.0,True,,2.2e-07
65.0,-,27,15047.03512,3,0,-1.0,0.0,-1.0,4.0,15047.285058498499,-0.24993849849852268,27,3,0,-1.0,0.0,-1.0,True,,2.2e-05
65.0,-,35,16557.54657,3,1,-1.0,0.0,-1.0,0.04,16557.692943436137,-0.14637343613867415,35,3,1,-1.0,0.0,-1.0,True,,2.2e-07
65.0,-,45,18043.48087,3,2,-1.0,0.0,-1.0,0.04,18043.557951116978,-0.07708111697866116,45,3,2,-1.0,0.0,-1.0,True,,2.2e-07
65.0,-,55,19504.64476,3,3,-1.0,0.0,-1.0,0.09,19504.977516938587,-0.3327569385874085,55,3,3,-1.0,0.0,-1.0,True,,4.8e-07
65.0,-,63,20941.06517,3,4,-1.0,0.0,-1.0,0.16,20941.753445116385,-0.6882751163830108,63,3,4,-1.0,0.0,-1.0,True,,8.6e-07
66.0,+,3,7871.91765,1,0,0.0,0.0,0.0,225.0,7871.912940587888,0.004709412111878919,3,1,0,0.0,0.0,0.0,True,,0.0012
66.0,+,8,9617.89517,1,1,0.0,0.0,0.0,80.09,9617.884817318572,0.010352681427320931,8,1,1,0.0,0.0,0.0,True,,0.00043
66.0,+,16,12527.30672,4,0,0.0,1.0,1.0,4.0,12527.530080023113,-0.2233600231120363,16,4,0,0.0,1.0,1.0,True,,2.2e-05
66.0,+,17,12909.4197,4,0,0.0,0.0,0.0,4.0,12909.428856640956,-0.009156640955552575,17,4,0,0.0,0.0,0.0,True,,2.2e-05
66.0,+,21,13905.27755,4,1,0.0,1.0,1.0,0.09,13905.401563994299,-0.12401399429836601,21,4,1,0.0,1.0,1.0,True,,4.8e-07
66.0,+,23,14283.04596,4,1,0.0,0.0,0.0,0.01,14282.932377426256,0.1135825737437699,23,4,1,0.0,0.0,0.0,True,,5.4e-08
66.0,+,28,15261.02587,4,2,0.0,1.0,1.0,0.04,15261.132021483374,-0.10615148337456048,28,4,2,0.0,1.0,1.0,True,,2.2e-07
66.0,+,30,15634.42545,4,2,0.0,0.0,0.0,0.04,15634.283412947794,0.14203705220643315,30,4,2,0.0,0.0,0.0,True,,2.2e-07
66.0,+,34,16594.60907,4,3,0.0,1.0,1.0,0.01,16594.75219205079,-0.14312205079113482,34,4,3,0.0,1.0,1.0,True,,5.4e-08
66.0,+,112,27355.62755,6,0,1.0,0.0,1.0,9.0,27355.59263311103,0.03491688896974665,112,6,0,1.0,0.0,1.0,True,,4.8e-05
66.0,+,113,27575.78464,6,0,1.0,-1.0,0.0,16.0,27575.85529669552,-0.07065669551957399,113,6,0,1.0,-1.0,0.0,True,,8.6e-05
66.0,-,1,7460.9481,2,0,-1.0,0.0,-1.0,25.0,7460.928696935331,0.01940306466894981,1,2,0,-1.0,0.0,-1.0,True,,0.00013
66.0,-,2,7671.66976,2,0,-1.0,1.0,0.0,36.0,7670.634306636995,1.0354533630052174,2,2,0,-1.0,1.0,0.0,True,,0.00019
66.0,-,3,7879.41666,2,0,-1.0,-1.0,-2.0,36.0,7879.479095530098,-0.06243553009790048,3,2,0,-1.0,-1.0,-2.0,True,,0.00019
66.0,-,20,15252.57615,3,0,-1.0,0.0,-1.0,4.0,15252.077340529828,0.4988094701730006,20,3,0,-1.0,0.0,-1.0,True,,2.2e-05
66.0,-,25,16760.81225,3,1,-1.0,0.0,-1.0,0.01,16760.205399038066,0.6068509619326505,25,3,1,-1.0,0.0,-1.0,True,,5.4e-08
66.0,-,35,18244.42335,3,2,-1.0,0.0,-1.0,0.01,18243.781444438875,0.6419055611258955,35,3,2,-1.0,0.0,-1.0,True,,5.4e-08
66.0,-,42,19703.29765,3,3,-1.0,0.0,-1.0,0.01,19702.894216825018,0.40343317498263787,42,3,3,-1.0,0.0,-1.0,True,,5.4e-08
66.0,-,49,21137.38517,3,4,-1.0,0.0,-1.0,0.04,21137.365361964745,0.01980803525657393,49,3,4,-1.0,0.0,-1.0,True,,2.2e-07
67.0,+,13,12909.42995,4,0,0.0,1.0,1.0,1.0,12909.448514205329,-0.018564205329312244,13,4,0,0.0,1.0,1.0,True,,5.4e-06
67.0,+,22,15635.45916,4,2,0.0,1.0,1.0,0.01,15634.303234632562,1.1559253674386127,22,4,2,0.0,1.0,1.0,True,,5.4e-08
67.0,+,86,27575.6021,6,0,1.0,0.0,1.0,9.0,27575.82883234036,-0.22673234036119538,86,6,0,1.0,0.0,1.0,True,,4.8e-05
67.0,+,88,27805.94656,6,0,1.0,1.0,2.0,16.0,27804.866747668962,1.0798123310378287,88,6,0,1.0,-1.0,0.0,False,,8.6e-05
67.0,+,90,28031.28266,6,0,1.0,-1.0,0.0,9.0,28031.10507880715,0.17758119284917484,90,6,0,1.0,1.0,2.0,False,,4.8e-05
67.0,-,1,7669.67932,2,0,-1.0,0.0,-1.0,64.0,7669.669387946667,0.009932053333614022,1,2,0,-1.0,0.0,-1.0,True,,0.00034
67.0,-,2,7877.93265,2,0,-1.0,1.0,0.0,25.0,7878.023629607866,-0.09097960786584736,2,2,0,-1.0,1.0,0.0,True,,0.00013
67.0,-,28,15459.46788,3,0,-1.0,0.0,-1.0,4.0,15459.742099893081,-0.2742198930809536,28,3,0,-1.0,0.0,-1.0,True,,2.2e-05
67.0,-,35,16965.39518,3,1,-1.0,0.0,-1.0,0.04,16965.556282684167,-0.16110268416741746,35,3,1,-1.0,0.0,-1.0,True,,2.2e-07
67.0,-,45,18446.70128,3,2,-1.0,0.0,-1.0,0.04,18446.80324725234,-0.10196725233981851,45,3,2,-1.0,0.0,-1.0,True,,2.2e-07
67.0,-,55,19903.25213,3,3,-1.0,0.0,-1.0,0.04,19903.593748160256,-0.341618160255166,55,3,3,-1.0,0.0,-1.0,True,,2.2e-07
67.0,-,63,21334.97518,3,4,-1.0,0.0,-1.0,0.09,21335.709304141546,-0.7341241415451805,63,3,4,-1.0,0.0,-1.0,True,,4.8e-07
68.0,+,4,8343.74661,1,0,0.0,0.0,0.0,169.0,8343.740353759686,0.006256240314542083,4,1,0,0.0,0.0,0.0,True,,0.00091
68.0,+,8,10084.69461,1,1,0.0,0.0,0.0,80.04,10084.663761570482,0.03084842951830069,8,1,1,0.0,0.0,0.0,True,,0.00043
68.0,+,21,14282.80755,4,1,0.0,1.0,1.0,0.04,14282.948620713252,-0.14107071325270226,21,4,1,0.0,1.0,1.0,True,,2.2e-07
68.0,+,27,15634.19562,4,2,0.0,1.0,1.0,0.01,15634.307070124663,-0.11145012466295157,27,4,2,0.0,1.0,1.0,True,,5.4e-08
68.0,+,112,27803.96498,6,0,1.0,0.0,1.0,9.0,27803.902282082345,0.06269791765589616,112,6,0,1.0,0.0,1.0,True,,4.8e-05
68.0,+,114,28030.15165,6,0,1.0,-1.0,0.0,9.0,28030.284832194793,-0.13318219479333493,114,6,0,1.0,-1.0,0.0,True,,4.8e-05
68.0,-,1,7877.75264,2,0,-1.0,0.0,-1.0,9.0,7877.816250196085,-0.06361019608539209,1,2,0,-1.0,0.0,-1.0,True,,4.8e-05
68.0,-,2,8094.44296,2,0,-1.0,1.0,0.0,4.0,8093.392481755563,1.050478244437727,2,2,0,-1.0,1.0,0.0,True,,2.2e-05
68.0,-,3,8307.82566,2,0,-1.0,-1.0,-2.0,4.0,8307.924512792524,-0.09885279252375767,3,2,0,-1.0,-1.0,-2.0,True,,2.2e-05
68.0,-,26,17174.36801,3,1,-1.0,0.0,-1.0,0.01,17173.732215312346,0.6357946876523783,26,3,1,-1.0,0.0,-1.0,True,,5.4e-08
68.0,-,35,18653.28881,3,2,-1.0,0.0,-1.0,0.01,18652.620974332927,0.6678356670709036,35,3,2,-1.0,0.0,-1.0,True,,5.4e-08
68.0,-,42,20107.44661,3,3,-1.0,0.0,-1.0,0.01,20107.025371135467,0.42123886453191517,42,3,3,-1.0,0.0,-1.0,True,,5.4e-08
68.0,-,49,21536.81461,3,4,-1.0,0.0,-1.0,0.04,21536.769301530472,0.045308469529118156,49,3,4,-1.0,0.0,-1.0,True,,2.2e-07
69.0,+,13,13301.98595,4,0,0.0,1.0,1.0,4.0,13301.9383587794,0.047591220600224915,13,4,0,0.0,1.0,1.0,True,,2.2e-05
69.0,+,86,28029.97429,6,0,1.0,0.0,1.0,16.0,28030.29493298042,-0.32064298042314476,86,6,0,1.0,0.0,1.0,True,,8.6e-05
69.0,+,88,28265.65955,6,0,1.0,1.0,2.0,1.0,28265.34125517104,0.3182948289613705,88,6,0,1.0,-1.0,0.0,False,,5.4e-06
69.0,+,90,28498.09166,6,0,1.0,-1.0,0.0,4.0,28497.896666066456,0.19499393354271888,90,6,0,1.0,1.0,2.0,False,,2.2e-05
69.0,-,1,8092.46358,2,0,-1.0,0.0,-1.0,25.0,8092.453959196153,0.009620803846701165,1,2,0,-1.0,0.0,-1.0,True,,0.00013
69.0,-,2,8306.46665,2,0,-1.0,1.0,0.0,9.0,8306.487808984477,-0.021158984476642217,2,2,0,-1.0,1.0,0.0,True,,4.8e-05
69.0,-,28,15883.35521,3,0,-1.0,0.0,-1.0,4.0,15883.64722935248,-0.29201935248056543,28,3,0,-1.0,0.0,-1.0,True,,2.2e-05
69.0,-,35,17384.54941,3,1,-1.0,0.0,-1.0,0.04,17384.725474880477,-0.17606488047749735,35,3,1,-1.0,0.0,-1.0,True,,2.2e-07
69.0,-,46,18861.08041,3,2,-1.0,0.0,-1.0,0.01,18861.212706126826,-0.13229612682698644,46,3,2,-1.0,0.0,-1.0,True,,5.4e-08
69.0,-,54,20312.80961,3,3,-1.0,0.0,-1.0,0.04,20313.19306583763,-0.3834558376292989,54,3,3,-1.0,0.0,-1.0,True,,2.2e-07
69.0,-,63,21739.77461,3,4,-1.0,0.0,-1.0,0.09,21740.538469450512,-0.7638594505115179,63,3,4,-1.0,0.0,-1.0,True,,4.8e-07
70.0,+,4,8828.47261,1,0,0.0,0.0,0.0,144.0,8828.492274330116,-0.01966433011511981,4,1,0,0.0,0.0,0.0,True,,0.00077
70.0,+,8,10564.19261,1,1,0.0,0.0,0.0,80.04,10564.208132415586,-0.015522415586019633,8,1,1,0.0,0.0,0.0,True,,0.00043
70.0,+,16,13301.66548,4,0,0.0,1.0,1.0,1.0,13301.934973313872,-0.2694933138718625,16,4,0,0.0,1.0,1.0,True,,5.4e-06
70.0,+,21,14670.77628,4,1,0.0,1.0,1.0,0.01,14670.938050947429,-0.16177094742852205,21,4,1,0.0,1.0,1.0,True,,5.4e-08
70.0,+,27,16017.65903,4,2,0.0,1.0,1.0,0.09,16017.79117166015,-0.13214166014950024,27,4,2,0.0,1.0,1.0,True,,4.8e-07
70.0,+,33,17342.38873,4,3,0.0,1.0,1.0,0.01,17342.537673846193,-0.14894384619401535,33,4,3,0.0,1.0,1.0,True,,5.4e-08
70.0,+,112,28264.91558,6,0,1.0,0.0,1.0,4.0,28264.433137210108,0.4824427898929571,112,6,0,1.0,0.0,1.0,True,,2.2e-05
70.0,+,114,28497.07865,6,0,1.0,-1.0,0.0,4.0,28497.137144771492,-0.05849477149240556,114,6,0,1.0,-1.0,0.0,True,,2.2e-05
70.0,-,1,8306.29108,2,0,-1.0,0.0,-1.0,49.0,8306.299800124598,-0.008720124596948153,1,2,0,-1.0,0.0,-1.0,True,,0.00026
70.0,-,2,8527.78755,2,0,-1.0,1.0,0.0,9.0,8527.706244420673,0.08130557932599913,2,2,0,-1.0,1.0,0.0,True,,4.8e-05
70.0,-,3,8747.78966,2,0,-1.0,-1.0,-2.0,1.0,8747.886058079082,-0.09639807908206421,3,2,0,-1.0,-1.0,-2.0,True,,5.4e-06
70.0,-,4,9843.73753,2,1,-1.0,0.0,-1.0,0.04,9843.752564827944,-0.015034827943964046,4,2,1,-1.0,0.0,-1.0,True,,2.2e-07
70.0,-,27,17599.16771,3,1,-1.0,0.0,-1.0,0.01,17598.522879711847,0.6448302881544805,27,3,1,-1.0,0.0,-1.0,True,,5.4e-08
70.0,-,35,19073.27091,3,2,-1.0,0.0,-1.0,0.01,19072.586626070242,0.6842839297569299,35,3,2,-1.0,0.0,-1.0,True,,5.4e-08
70.0,-,42,20522.55261,3,3,-1.0,0.0,-1.0,0.01,20522.13276195631,0.4198480436898535,42,3,3,-1.0,0.0,-1.0,True,,5.4e-08
70.0,-,49,21946.99261,3,4,-1.0,0.0,-1.0,0.04,21947.003249644913,-0.010639644911861978,49,3,4,-1.0,0.0,-1.0,True,,2.2e-07
71.0,+,13,13704.93815,4,0,0.0,1.0,1.0,1.0,13704.923083672611,0.015066327388922218,13,4,0,0.0,1.0,1.0,True,,5.4e-06
71.0,+,86,28496.90308,6,0,1.0,0.0,1.0,9.0,28497.185450543955,-0.28237054395503947,86,6,0,1.0,0.0,1.0,True,,4.8e-05
71.0,+,89,28738.99455,6,0,1.0,1.0,2.0,4.0,28738.897618900242,0.09693109975705738,89,6,0,1.0,-1.0,0.0,False,,2.2e-05
71.0,-,1,8527.04358,2,0,-1.0,0.0,-1.0,4.0,8526.792773760966,0.25080623903340893,1,2,0,-1.0,0.0,-1.0,True,,2.2e-05
71.0,-,2,8746.45465,2,0,-1.0,1.0,0.0,4.0,8746.466843446668,-0.01219344666787947,2,2,0,-1.0,1.0,0.0,True,,2.2e-05
71.0,-,36,17814.89721,3,1,-1.0,0.0,-1.0,0.01,17815.115711148865,-0.2185011488654709,36,3,1,-1.0,0.0,-1.0,True,,5.4e-08
71.0,-,54,20733.36261,3,3,-1.0,0.0,-1.0,0.04,20733.769465271947,-0.4068552719472791,54,3,3,-1.0,0.0,-1.0,True,,2.2e-07
71.0,-,63,22155.31261,3,4,-1.0,0.0,-1.0,0.04,22156.15470822199,-0.8420982219904545,63,3,4,-1.0,0.0,-1.0,True,,2.2e-07
72.0,+,4,9326.05261,1,0,0.0,0.0,0.0,25.0,9326.077020892817,-0.024410892816376872,4,1,0,0.0,0.0,0.0,True,,0.00013
72.0,+,8,11056.37261,1,1,0.0,0.0,0.0,10.04,11056.425208994298,-0.05259899429802317,8,1,1,0.0,0.0,0.0,True,,5.4e-05
72.0,+,113,28738.25058,6,0,1.0,0.0,1.0,4.0,28737.99797412467,0.2526058753282996,113,6,0,1.0,0.0,1.0,True,,2.2e-05
72.0,+,114,28976.27365,6,0,1.0,-1.0,0.0,4.0,28976.30951044521,-0.03586044521216536,114,6,0,1.0,-1.0,0.0,True,,2.2e-05
72.0,-,1,8746.27908,2,0,-1.0,0.0,-1.0,4.0,8746.296678448338,-0.017598448337594164,1,2,0,-1.0,0.0,-1.0,True,,2.2e-05
72.0,-,2,8973.55955,2,0,-1.0,1.0,0.0,9.0,8973.491419260747,0.06813073925331992,2,2,0,-1.0,1.0,0.0,True,,4.8e-05
72.0,-,42,20948.57261,3,3,-1.0,0.0,-1.0,0.01,20948.13078210261,0.44182789738988504,42,3,3,-1.0,0.0,-1.0,True,,5.4e-08
72.0,-,49,22367.94261,3,4,-1.0,0.0,-1.0,0.04,22367.98006251927,-0.037452519271027995,49,3,4,-1.0,0.0,-1.0,True,,2.2e-07
73.0,+,13,14118.36915,4,0,0.0,1.0,1.0,1.0,14118.319942474716,0.04920752528414596,13,4,0,0.0,1.0,1.0,True,,5.4e-06
73.0,+,86,28976.09808,6,0,1.0,0.0,1.0,4.0,28976.407990070627,-0.30991007062766585,86,6,0,1.0,0.0,1.0,True,,2.2e-05
73.0,+,89,29224.46155,6,0,1.0,1.0,2.0,4.0,29224.144505812328,0.31704418767185416,89,6,0,1.0,-1.0,0.0,False,,2.2e-05
73.0,-,1,8972.81558,2,0,-1.0,0.0,-1.0,4.0,8972.601766460588,0.2138135394125129,1,2,0,-1.0,0.0,-1.0,True,,2.2e-05
73.0,-,2,9197.82065,2,0,-1.0,1.0,0.0,4.0,9197.875623989674,-0.05497398967418121,2,2,0,-1.0,1.0,0.0,True,,2.2e-05
73.0,-,54,21164.73261,3,3,-1.0,0.0,-1.0,0.04,21165.17898814189,-0.44637814189263736,54,3,3,-1.0,0.0,-1.0,True,,2.2e-07
73.0,-,63,22581.54261,3,4,-1.0,0.0,-1.0,0.04,22582.469276500167,-0.9266665001669026,63,3,4,-1.0,0.0,-1.0,True,,2.2e-07
74.0,+,4,9836.35261,1,0,0.0,0.0,0.0,16.0,9836.400362231403,-0.04775223140313756,4,1,0,0.0,0.0,0.0,True,,8.6e-05
74.0,+,113,29223.80158,6,0,1.0,0.0,1.0,4.0,29223.42081932097,0.38076067902875366,113,6,0,1.0,0.0,1.0,True,,2.2e-05
74.0,+,116,29467.73365,6,0,1.0,-1.0,0.0,4.0,29467.818592479485,-0.08494247948692646,116,6,0,1.0,-1.0,0.0,True,,2.2e-05
74.0,-,1,9197.64508,2,0,-1.0,0.0,-1.0,4.0,9197.721887496667,-0.07680749666724296,1,2,0,-1.0,0.0,-1.0,True,,2.2e-05
74.0,-,2,9430.78455,2,0,-1.0,1.0,0.0,9.0,9430.661519882306,0.12303011769472505,2,2,0,-1.0,1.0,0.0,True,,4.8e-05
74.0,-,41,21385.33261,3,3,-1.0,0.0,-1.0,0.01,21384.88635416761,0.44625583239030675,41,3,3,-1.0,0.0,-1.0,True,,5.4e-08
74.0,-,49,22799.54261,3,4,-1.0,0.0,-1.0,0.01,22799.60983986373,-0.0672298637291533,49,3,4,-1.0,0.0,-1.0,True,,5.4e-08
75.0,+,13,14542.09195,4,0,0.0,1.0,1.0,1.0,14542.043904306398,0.04804569360203459,13,4,0,0.0,1.0,1.0,True,,5.4e-06
75.0,+,87,29467.55808,6,0,1.0,0.0,1.0,4.0,29467.86751841342,-0.3094384134201391,87,6,0,1.0,0.0,1.0,True,,2.2e-05
75.0,+,91,29722.12455,6,0,1.0,1.0,2.0,4.0,29721.93898153953,0.18556846047067665,91,6,0,1.0,-1.0,0.0,False,,2.2e-05
75.0,-,1,9430.12458,2,0,-1.0,0.0,-1.0,4.0,9429.794549008799,0.33003099120105617,1,2,0,-1.0,0.0,-1.0,True,,2.2e-05
75.0,-,2,9660.55765,2,0,-1.0,1.0,0.0,4.0,9660.626731660595,-0.06908166059474752,2,2,0,-1.0,1.0,0.0,True,,2.2e-05
75.0,-,54,21606.90261,3,3,-1.0,0.0,-1.0,0.01,21607.34184596092,-0.43923596091917716,54,3,3,-1.0,0.0,-1.0,True,,5.4e-08
76.0,+,113,29721.46458,6,0,1.0,0.0,1.0,4.0,29721.050462550644,0.4141174493561266,113,6,0,1.0,0.0,1.0,True,,2.2e-05
76.0,+,117,29971.30565,6,0,1.0,-1.0,0.0,4.0,29971.352285155415,-0.04663515541687957,117,6,0,1.0,-1.0,0.0,True,,2.2e-05
76.0,-,1,9660.38208,2,0,-1.0,0.0,-1.0,4.0,9660.48810783072,-0.10602783072135935,1,2,0,-1.0,0.0,-1.0,True,,2.2e-05
76.0,-,2,9899.27455,2,0,-1.0,-1.0,-2.0,9.0,9899.127755046999,0.14679495300151757,2,2,0,-1.0,-1.0,-2.0,True,,4.8e-05
77.0,+,87,29971.10208,6,0,1.0,0.0,1.0,4.0,29971.407710098363,-0.3056300983625988,87,6,0,1.0,0.0,1.0,True,,2.2e-05
77.0,+,91,30231.87455,6,0,1.0,1.0,2.0,4.0,30231.633336706072,0.24121329392801272,91,6,0,1.0,-1.0,0.0,False,,2.2e-05
77.0,-,1,9898.61458,2,0,-1.0,0.0,-1.0,4.0,9898.282417788565,0.3321622114344791,1,2,0,-1.0,0.0,-1.0,True,,2.2e-05
77.0,-,2,10134.52365,2,0,-1.0,1.0,0.0,4.0,10134.63044315517,-0.10679315517154464,2,2,0,-1.0,1.0,0.0,True,,2.2e-05
78.0,+,115,30231.21458,6,0,1.0,0.0,1.0,4.0,30230.833659829834,0.38092017016606405,115,6,0,1.0,0.0,1.0,True,,2.2e-05
78.0,+,118,30486.78465,6,0,1.0,-1.0,0.0,4.0,30486.95903466556,-0.17438466555904597,118,6,0,1.0,-1.0,0.0,True,,2.2e-05
78.0,-,1,10134.36308,2,0,-1.0,0.0,-1.0,4.0,10134.505705397418,-0.1426253974186693,1,2,0,-1.0,0.0,-1.0,True,,2.2e-05
78.0,-,2,10378.96855,2,0,-1.0,-1.0,-2.0,4.0,10378.799034626109,0.16951537389104487,2,2,0,-1.0,-1.0,-2.0,True,,2.2e-05
79.0,+,88,30486.62408,6,0,1.0,0.0,1.0,4.0,30487.143297493196,-0.5192174931944464,88,6,0,1.0,0.0,1.0,True,,2.2e-05
79.0,+,92,30753.60655,6,0,1.0,1.0,2.0,4.0,30753.32419132446,0.28235867554030847,92,6,0,1.0,-1.0,0.0,False,,2.2e-05
79.0,-,1,10378.30858,2,0,-1.0,0.0,-1.0,4.0,10377.974361155782,0.3342188442184124,1,2,0,-1.0,0.0,-1.0,True,,2.2e-05
79.0,-,2,10619.52465,2,0,-1.0,1.0,0.0,4.0,10619.794736176573,-0.2700861765733862,2,2,0,-1.0,1.0,0.0,True,,2.2e-05
80.0,+,115,30752.94658,6,0,1.0,0.0,1.0,4.0,30752.53668333039,0.40989666961104376,115,6,0,1.0,0.0,1.0,True,,2.2e-05
80.0,+,118,31014.21265,6,0,1.0,-1.0,0.0,4.0,31014.506525611596,-0.293875611594558,118,6,0,1.0,-1.0,0.0,True,,2.2e-05
80.0,-,1,10619.40708,2,0,-1.0,0.0,-1.0,4.0,10619.682738207215,-0.2756582072142919,1,2,0,-1.0,0.0,-1.0,True,,2.2e-05
80.0,-,2,10869.75555,2,0,-1.0,-1.0,-2.0,4.0,10869.581975281817,0.17357471818286285,2,2,0,-1.0,-1.0,-2.0,True,,2.2e-05
81.0,+,89,31014.09508,6,0,1.0,0.0,1.0,4.0,31014.722795925925,-0.627715925926168,89,6,0,1.0,0.0,1.0,True,,2.2e-05
81.0,+,93,31287.22355,6,0,1.0,1.0,2.0,4.0,31286.89813356391,0.3254164360878349,93,6,0,1.0,-1.0,0.0,False,,2.2e-05
81.0,-,1,10869.09558,2,0,-1.0,0.0,-1.0,1.0,10868.777066268625,0.31851373137396877,1,2,0,-1.0,0.0,-1.0,True,,5.4e-06
81.0,-,2,11115.59465,2,0,-1.0,1.0,0.0,4.0,11116.025294511466,-0.4306445114671078,2,2,0,-1.0,1.0,0.0,True,,2.2e-05
82.0,+,120,31553.40665,6,0,1.0,-1.0,0.0,4.0,31553.87642179687,-0.4697717968701909,120,6,0,1.0,-1.0,0.0,True,,2.2e-05
82.0,-,1,11115.52008,2,0,-1.0,0.0,-1.0,1.0,11115.924962531344,-0.40488253134390106,1,2,0,-1.0,0.0,-1.0,True,,5.4e-06
82.0,-,2,11371.57255,2,0,-1.0,-1.0,-2.0,4.0,11371.380905829736,0.19164417026513547,2,2,0,-1.0,-1.0,-2.0,True,,2.2e-05
83.0,+,93,31832.80855,6,0,1.0,1.0,2.0,4.0,31832.23584555211,0.5727044478917378,93,6,0,1.0,-1.0,0.0,False,,2.2e-05
83.0,-,2,11622.55965,2,0,-1.0,1.0,0.0,4.0,11623.22551276793,-0.6658627679298661,2,2,0,-1.0,1.0,0.0,True,,2.2e-05
84.0,+,122,32104.34965,6,0,1.0,-1.0,0.0,4.0,32105.038685412383,-0.6890354123825091,122,6,0,1.0,-1.0,0.0,True,,2.2e-05
84.0,-,2,11884.50655,2,0,-1.0,-1.0,-2.0,4.0,11884.097872231634,0.408677768366033,2,2,0,-1.0,-1.0,-2.0,True,,2.2e-05
85.0,+,93,32390.09955,6,0,1.0,1.0,2.0,4.0,32389.630894852544,0.4686551474551379,94,6,0,1.0,-1.0,0.0,False,,2.2e-05
85.0,-,2,12140.40965,2,0,-1.0,1.0,0.0,4.0,12141.296500731436,-0.8868507314364251,2,2,0,-1.0,1.0,0.0,True,,2.2e-05
86.0,+,123,32667.09065,6,0,1.0,-1.0,0.0,1.0,32667.741785557784,-0.6511355577858922,123,6,0,1.0,-1.0,0.0,True,,5.4e-06
86.0,-,2,12408.05955,2,0,-1.0,-1.0,-2.0,4.0,12407.632642174416,0.42690782558383944,2,2,0,-1.0,-1.0,-2.0,True,,2.2e-05
87.0,+,94,32958.81255,6,0,1.0,1.0,2.0,1.0,32957.89712929091,0.9154207090905402,94,6,0,1.0,-1.0,0.0,False,,5.4e-06
