
 Working directory              : /tmp/molpro/molpro.95UuCX1jg4/
 Global scratch directory       : /tmp/molpro/molpro.95UuCX1jg4/
 Wavefunction directory         : /home/molpro/wfu/
 Main file repository           : /tmp/molpro/molpro.95UuCX1jg4/

 id        : gskim

 Nodes                nprocs
 localhost.localdomain    1
 GA implementation: MPI file
 GA implementation (serial work in mppx): MPI file

 Using customized tuning parameters: mindgm=1; mindgv=20; mindgc=4; mindgr=1; noblas=0; minvec=7
 default implementation of scratch files=df  


 Variables initialized (1009), CPU time= 0.01 sec
 ***,The CASSCF for NH 1sigi-  excited states
 file,2,nh1sigmb.wfu
 memory,1500,M
 geometry={angstrom;
 N
 H,N,r(i)}
 basis=av5z
 r=[1.0,0.99,0.98,0.97,0.96,0.95,0.94,0.93,0.92,0.91,0.90,0.88,0.86,0.85,0.84,0.82,0.80,0.78,0.76,0.74,0.72,0.70,0.68,0.66,0.64,0.62,0.60,0.58,0.56,0.54,0.52,0.50]
 
 do i=1,#r
 int;
 
 Text,CASSCF, state averaged orbitals for 1sig- state
 
 {multi;occ,4,1,1;close,1,0,0;start,2130.2;orbital,2140.2;natorb,,ci;wf,8,4,0;state,3;maxiter,40;}
 {ci;occ,4,1,1;core,1,0,0;wf,8,4,0;state,2;maxiter,250;option,maxiti=250;option,nstati=3;orbital,ignore_error=1;}
 
 
 e1(i)=energy(1)
 e2(i)=energy(2)
 
 
 enddo
 
 table,r,e1,e2
 
 
 Commands initialized (810), CPU time= 0.00 sec, 661 directives.
 Default parameters read. Elapsed time= 0.05 sec

 Checking input...
 Passed
1


                                         ***  PROGRAM SYSTEM MOLPRO  ***
                                       Copyright, TTI GmbH Stuttgart, 2015
                                    Version 2021.2 linked Jul 16 2021 07:37:36


 **********************************************************************************************************************************
 LABEL *   The CASSCF for NH 1sigi-  excited states                                      
  64 bit serial version                                                                  DATE: 09-Oct-22          TIME: 22:54:41  
 **********************************************************************************************************************************

 SHA1:             dade016a989826d9d859d6207854b99675d53db3
 **********************************************************************************************************************************

 Memory per process:      1500 MW
 Total memory per node:   1500 MW

 GA preallocation disabled
 GA check disabled

 Variable memory set to 1500.0 MW



 Permanent file  2  nh1sigmb.wfu     assigned.  Implementation=df    Size= 17.30 MB


 PROGRAM * RESTART 


 Reading variables from file 2

 _FNUC           =      0.00000000
 _BASIS          =    AV5Z
 _NELEC          =      8.00000000
 _PROGRAM        =    CI
 _DMX(2)         =      0.00000000
 _DMY(2)         =      0.00000000
 _DMZ(1:2)       =      0.61977497    -1.56455298
 _DMX_SCF        =      0.00000000
 _DMY_SCF        =      0.00000000
 _DMZ_SCF        =      0.64099798
 _HOMO           =      1.30000000
 _EHOMO          =     -0.53806747
 _LUMO           =      4.10000000
 _ELUMO          =      0.02319510
 _ENERGD(1:2)    =    -55.10314023   -54.71125541
 _ENERGD0(1:2)   =    -55.10314023   -54.71125541
 _ENERGD1(1:2)   =    -55.10332578   -54.71128042
 _ENERGD2(1:2)   =    -55.10332578   -54.71128042
 _ENERGD3(1:2)   =    -55.10314023   -54.71125541
 _ENERGD4(1:2)   =    -55.10332578   -54.71128042
 _ENERGP(1:2)    =    -55.09865618   -54.70817197
 _ENERGP0(1:2)   =    -55.09865618   -54.70817197
 _ENERGP1(1:2)   =    -55.09878553   -54.70818930
 _ENERGP2(1:2)   =    -55.09878553   -54.70818930
 _ENERGP3(1:2)   =    -55.09865618   -54.70817197
 _ENERGP4(1:2)   =    -55.09878553   -54.70818930
 _ENERGR(1:2)    =    -54.89034080   -54.54336396
 _ENERGRR(1:2)   =    -54.89034080   -54.54336396
 _ENERGY(1:2)    =    -55.08903856   -54.70162300
 _ENERGY_METHOD  =    CI
 _ENERGY_BASIS   =    aug-cc-pV5Z
 _ENERGY_AVRG    =    -54.65705062
 _ENUC           =      3.70424048
 _IPROC_MPP      =      0.00000000
 _IPROC_MPPX     =      0.00000000
 _ORBITAL        =   2140.20000000
 _ROOT(1:2)      =      1.00000000     2.00000000
 _STATUS         =      1.00000000
 _TROV           =     -0.00000000
 _LASTORB        =    MCSCF
 _OUTPUT         =    /home/molpro/NH-2oct2022/dir-1/nh1sigmc10.out
 _PGROUP         =    C2v 
 _TIME           =    21:48:49
 _C0(1:2)        =      0.93373258     0.94262712
 _C0R(1:2)       =      0.93291914     0.94248674
 _DMX_CC(1:3)    =     -0.00000000    -0.00000000    -0.00000000
 _DMY_CC(1:3)    =     -0.00000000    -0.00000000    -0.00000000
 _DMZ_CC(1:3)    =      0.25381661     0.25381661     0.25381661
 _DMX_NUC(1:3)   =      0.00000000     0.00000000     0.00000000
 _DMY_NUC(1:3)   =      0.00000000     0.00000000     0.00000000
 _DMZ_NUC(1:3)   =      0.87486034     0.87486034     0.87486034
 _SYM_CATION     =      2.00000000
 R               =      1.00000000
 _TRDMX          =     -0.00000000
 _TRDMY          =     -0.00000000
 _TRDMZ          =      0.00021999

 Geometry written to block  1 of record 700


 **********************************************************************************************************************************
 DATASETS  * FILE   NREC   LENGTH (MB)   RECORD NAMES
              2       7       17.30       500      610      700     1000      520     2100     2140   
                                          VAR    BASINP    GEOM     BASIS   MCVARS     RHF     MCSCF   

 PROGRAMS   *        TOTAL   RESTART
 CPU TIMES  *         0.10      0.02
 REAL TIME  *         0.11 SEC
 DISK USED  *        28.77 MB
 **********************************************************************************************************************************
 SETTING BASIS          =    AV5Z
 SETTING R(1)           =         1.00000000                                  
 SETTING R(2)           =         0.99000000                                  
 SETTING R(3)           =         0.98000000                                  
 SETTING R(4)           =         0.97000000                                  
 SETTING R(5)           =         0.96000000                                  
 SETTING R(6)           =         0.95000000                                  
 SETTING R(7)           =         0.94000000                                  
 SETTING R(8)           =         0.93000000                                  
 SETTING R(9)           =         0.92000000                                  
 SETTING R(10)          =         0.91000000                                  
 SETTING R(11)          =         0.90000000                                  
 SETTING R(12)          =         0.88000000                                  
 SETTING R(13)          =         0.86000000                                  
 SETTING R(14)          =         0.85000000                                  
 SETTING R(15)          =         0.84000000                                  
 SETTING R(16)          =         0.82000000                                  
 SETTING R(17)          =         0.80000000                                  
 SETTING R(18)          =         0.78000000                                  
 SETTING R(19)          =         0.76000000                                  
 SETTING R(20)          =         0.74000000                                  
 SETTING R(21)          =         0.72000000                                  
 SETTING R(22)          =         0.70000000                                  
 SETTING R(23)          =         0.68000000                                  
 SETTING R(24)          =         0.66000000                                  
 SETTING R(25)          =         0.64000000                                  
 SETTING R(26)          =         0.62000000                                  
 SETTING R(27)          =         0.60000000                                  
 SETTING R(28)          =         0.58000000                                  
 SETTING R(29)          =         0.56000000                                  
 SETTING R(30)          =         0.54000000                                  
 SETTING R(31)          =         0.52000000                                  
 SETTING R(32)          =         0.50000000                                  

 DO I                   =         1.00000000   


 Using spherical harmonics

 Library entry N      S aug-cc-pV5Z          selected for orbital group  1
 Library entry N      P aug-cc-pV5Z          selected for orbital group  1
 Library entry N      D aug-cc-pV5Z          selected for orbital group  1
 Library entry N      F aug-cc-pV5Z          selected for orbital group  1
 Library entry N      G aug-cc-pV5Z          selected for orbital group  1
 Library entry N      H aug-cc-pV5Z          selected for orbital group  1
 Library entry H      S aug-cc-pV5Z          selected for orbital group  2
 Library entry H      P aug-cc-pV5Z          selected for orbital group  2
 Library entry H      D aug-cc-pV5Z          selected for orbital group  2
 Library entry H      F aug-cc-pV5Z          selected for orbital group  2
 Library entry H      G aug-cc-pV5Z          selected for orbital group  2


 PROGRAM * SEWARD (Integral evaluation for generally contracted gaussian basis sets)     Author: Roland Lindh, 1990

 Geometry written to block  1 of record 701

 Orientation using atomic masses  
 Molecule type: Linear
 Symmetry elements: X,Y
 Rotational constants:     537.4791300    537.4791300      0.0000000 GHz  (calculated with average atomic masses)

 Point group  C2v 



 ATOMIC COORDINATES

 NR  ATOM    CHARGE       X              Y              Z

   1  N       7.00    0.000000000    0.000000000   -0.126858223
   2  H       1.00    0.000000000    0.000000000    1.762867902

 Bond lengths in Bohr (Angstrom)

 1-2  1.889726125
     ( 1.000000000)

 NUCLEAR CHARGE:                    8
 NUMBER OF PRIMITIVE AOS:         307
 NUMBER OF SYMMETRY AOS:          227
 NUMBER OF CONTRACTIONS:          207   (   77A1  +   50B1  +   50B2  +   30A2  )
 NUMBER OF INNER CORE ORBITALS:     0   (    0A1  +    0B1  +    0B2  +    0A2  )
 NUMBER OF OUTER CORE ORBITALS:     1   (    1A1  +    0B1  +    0B2  +    0A2  )
 NUMBER OF VALENCE ORBITALS:        5   (    3A1  +    1B1  +    1B2  +    0A2  )


 NUCLEAR REPULSION ENERGY    3.70424048

 EXTRA SYMMETRY OF AOS IN SYMMETRY 1:   1 1 1 1 1 1 1 1 1 1   1 1 1 1 2 1 2 1 2 1   2 1 2 1 2 1 2 1 2 1   2 1 3 2 1 3 2 1 3 2
                                        2 3 1 2 3 1 1 1 1 1   1 1 1 1 1 1 1 1 2 1   2 1 2 1 2 1 2 1 2 1   2 1 3 2 1 3 2
 EXTRA SYMMETRY OF AOS IN SYMMETRY 2:   1 1 1 1 1 1 1 1 1 1   1 1 2 1 2 1 2 1 2 1   2 1 2 1 2 1 2 3 1 2   3 1 1 1 1 1 1 1 1 1
                                        1 2 1 2 1 2 1 2 1 2
 EXTRA SYMMETRY OF AOS IN SYMMETRY 3:   1 1 1 1 1 1 1 1 1 1   1 1 2 1 2 1 2 1 2 1   2 1 2 1 2 1 2 3 1 2   3 1 1 1 1 1 1 1 1 1
                                        1 2 1 2 1 2 1 2 1 2
 EXTRA SYMMETRY OF AOS IN SYMMETRY 4:   1 1 1 1 1 1 1 1 1 1   2 1 2 1 2 2 1 2 1 1   1 1 1 1 1 1 1 2 1 2

 Eigenvalues of metric

         1 0.146E-04 0.815E-04 0.227E-03 0.308E-03 0.556E-03 0.729E-03 0.146E-02 0.289E-02
         2 0.292E-03 0.140E-02 0.331E-02 0.481E-02 0.813E-02 0.194E-01 0.283E-01 0.392E-01
         3 0.292E-03 0.140E-02 0.331E-02 0.481E-02 0.813E-02 0.194E-01 0.283E-01 0.392E-01
         4 0.289E-02 0.163E-01 0.425E-01 0.645E-01 0.899E-01 0.115E+00 0.199E+00 0.210E+00


 Contracted 2-electron integrals neglected if value below      1.0D-12
 AO integral compression algorithm  1   Integral accuracy      1.0D-12

     285.475 MB (compressed) written to integral file ( 50.6%)


 NUMBER OF SORTED TWO-ELECTRON INTEGRALS:   59167011.     BUFFER LENGTH:  32768
 NUMBER OF SEGMENTS:   4  SEGMENT LENGTH:   15999984      RECORD LENGTH: 524288

 Memory used in sort:      16.56 MW

 SORT1 READ    70490039. AND WROTE    39593956. INTEGRALS IN    116 RECORDS. CPU TIME:     0.78 SEC, REAL TIME:     0.93 SEC
 SORT2 READ    39593956. AND WROTE    59167011. INTEGRALS IN   1089 RECORDS. CPU TIME:     0.65 SEC, REAL TIME:     0.76 SEC

 FILE SIZES:   FILE 1:   316.6 MBYTE,  FILE 4:   486.6 MBYTE,   TOTAL:    803.2 MBYTE

 OPERATOR DM      FOR CENTER  0  COORDINATES:    0.000000    0.000000    0.000000


 **********************************************************************************************************************************
 DATASETS  * FILE   NREC   LENGTH (MB)   RECORD NAMES
              1      20      249.20       500      700      610      701      900      950      970     1000      129      960   
                                          VAR     GEOM    BASINP    GEOM    SYMINP    ZMAT    AOBASIS   BASIS     P2S    ABASIS    
                                         1100     1400     1410     1200     1210     1080     1600     1650     1300     1700   
                                           S        T        V       H0       H01     AOSYM     SMH    MOLCAS    ERIS     OPER   

              2       8       17.64       500      610      700     1000      520     2100     2140      701   
                                          VAR    BASINP    GEOM     BASIS   MCVARS     RHF     MCSCF    GEOM   

 PROGRAMS   *        TOTAL       INT   RESTART
 CPU TIMES  *         8.86      8.76      0.02
 REAL TIME  *         9.43 SEC
 DISK USED  *       783.66 MB
 **********************************************************************************************************************************

 PROGRAM * MULTI (Direct Multiconfiguration SCF)       Authors: P.J. Knowles, H.-J. Werner (1984)
                                                                D.A. Kreplin, P.J. Knowles, H.-J. Werner (2019)

 Number of closed-shell orbitals:   1 (   1   0   0   0 )
 Number of active  orbitals:        5 (   3   1   1   0 )
 Number of external orbitals:     201 (  73  49  49  30 )

 State symmetry 1

 Number of active electrons:   6    Spin symmetry=Singlet   Space symmetry=4
 Number of states:             3
 Number of CSFs:               9   (24 determinants, 100 intermediate states)

 Molecular orbitals read from record     2140.2  Type=MCSCF/NATURAL (state averaged)

 EXTRA SYMMETRY OF MOS IN SYMMETRY 1:   1 1 1 1 1 1 1 2 1 1   1 1 2 1 1 2 1 1 2 1   2 1 1 1 2 3 1 2 1 1   2 1 2 3 1 1 2 1 1 1
                                        2 3 2 1 3 2 1 1 2 2   1 1 1 2 1 1 2 3 1 3   1 1 2 2 1 2 3 2 1 1   2 1 2 1 1 1 1
 EXTRA SYMMETRY OF MOS IN SYMMETRY 2:   1 1 1 1 1 1 2 1 1 1   2 1 1 1 2 1 1 2 1 2   1 1 1 2 3 1 1 2 1 2   1 2 1 1 1 2 1 3 1 2
                                        1 2 1 2 2 1 1 1 1 1
 EXTRA SYMMETRY OF MOS IN SYMMETRY 3:   1 1 1 1 1 1 2 1 1 1   2 1 1 1 2 1 1 2 1 2   1 1 1 2 3 1 1 2 1 2   1 2 1 1 1 2 1 3 1 2
                                        1 2 1 2 2 1 1 1 1 1
 EXTRA SYMMETRY OF MOS IN SYMMETRY 4:   1 1 1 1 1 1 2 1 1 1   2 1 1 2 1 2 1 1 1 1   1 2 2 1 1 1 2 1 1 1

 Wavefunction dump at record             2140.2

 Convergence thresholds  0.10E-04 (gradient)  0.10E-05 (energy)

 Weight factors for state symmetry  1:    0.33333   0.33333   0.33333
 
 Number of orbital rotations:  393  ( 3 closed/active, 73 closed/virtual, 0 active/active, 317 active/virtual )
 Total number of variables:    465
 
  Second-order MCSCF: L-BFGS accelerated
 
 ITER  MIC  NCI  NEG     ENERGY(VAR)    ENERGY(PROJ) ENERGY CHANGE       GRAD(0)  GRAD(ORB)   GRAD(CI)      STEP      TIME
   1    2    2    0    -54.65705062     -54.65705062    0.00000000    0.00000000 0.00000000 0.00000000  0.86E-10      0.33

 CONVERGENCE REACHED!  Final gradient:    0.00000000 ( 0.20E-11)
                       Final energy:    -54.65705062
 
 Results for state 1.4
 =====================
 !MCSCF STATE 1.4 Energy                       -54.890340802595
 Nuclear energy                                  3.70424048
 Kinetic energy                                 55.65923561
 One electron energy                           -82.43693162
 Two electron energy                            23.84235034
 Virial ratio                                    1.98618567
 
 !MCSCF STATE 1.4 Dipole moment                  0.00000000     0.00000000     0.71951340
 Dipole moment /Debye                            0.00000000     0.00000000     1.82882066
 
 Results for state 2.4
 =====================
 !MCSCF STATE 2.4 Energy                       -54.543363964260
 Nuclear energy                                  3.70424048
 Kinetic energy                                 54.47194349
 One electron energy                           -79.36439663
 Two electron energy                            21.11679219
 Virial ratio                                    2.00131114
 
 !MCSCF STATE 2.4 Dipole moment                  0.00000000     0.00000000    -1.52452417
 Dipole moment /Debye                            0.00000000     0.00000000    -3.87495392
 
 Results for state 3.4
 =====================
 !MCSCF STATE 3.4 Energy                       -54.537447083335
 Nuclear energy                                  3.70424048
 Kinetic energy                                 54.36237632
 One electron energy                           -79.37332908
 Two electron energy                            21.13164152
 Virial ratio                                    2.00322044
 
 !MCSCF STATE 3.4 Dipole moment                  0.00000000     0.00000000    -1.62753454
 Dipole moment /Debye                            0.00000000     0.00000000    -4.13678019
 
 State-averaged charge density matrix saved on record 2140.2 (density set 1)
 
 Expectation values: (only non-zero values are shown)
 
 !MCSCF expec                       <1.4|DMZ|1.4>     0.719513404766 au =     1.828820658980 Debye
 !MCSCF expec                       <2.4|DMZ|2.4>    -1.524524165899 au =    -3.874953921972 Debye
 !MCSCF expec                       <3.4|DMZ|3.4>    -1.627534544932 au =    -4.136780189583 Debye
 
 Transition values: (only non-zero values with the ground state are shown)
 
 !MCSCF trans                       <1.4|DMZ|3.4>    -0.802320322543 au =    -2.039294850196 Debye
 
 
 Natural orbital dump (state averaged) at molpro section 2140.2 (Orbital set 2)
 
 Reoptimze the CI vectors with natural orbitals 
 
 CI Coefficients of symmetry 4
 =============================
 
 220 a b       -0.70332428      0.00000000      0.06559598
 220 b a        0.70332428     -0.00000000     -0.06559598
 2bb a a       -0.00000000      0.57530084     -0.00000000
 2aa b b       -0.00000000      0.57530084     -0.00000000
 2ab b a        0.04774240     -0.28765042      0.49644057
 2ba a b        0.04774240     -0.28765042      0.49644057
 2ab a b       -0.04774240     -0.28765042     -0.49644057
 2ba b a       -0.04774240     -0.28765042     -0.49644057
 
 Energy:      -54.89034080    -54.54336396    -54.53744708
 


 **********************************************************************************************************************************
 DATASETS  * FILE   NREC   LENGTH (MB)   RECORD NAMES
              1      21      252.11       500      700      610      701      900      950      970     1000      129      960   
                                          VAR     GEOM    BASINP    GEOM    SYMINP    ZMAT    AOBASIS   BASIS     P2S    ABASIS    
                                         1100     1400     1410     1200     1210     1080     1600     1650     1300     1700   
                                           S        T        V       H0       H01     AOSYM     SMH    MOLCAS    ERIS     OPER   
                                         1380   
                                         JKOP   

              2       8       17.64       500      610      700     1000      520     2100     2140      701   
                                          VAR    BASINP    GEOM     BASIS   MCVARS     RHF     MCSCF    GEOM   

 PROGRAMS   *        TOTAL     MULTI       INT   RESTART
 CPU TIMES  *         9.47      0.61      8.76      0.02
 REAL TIME  *        10.12 SEC
 DISK USED  *       783.66 MB
 **********************************************************************************************************************************


 PROGRAM * CI (Multireference internally contracted CI)     Authors: H.-J. Werner, P.J. Knowles, 1987


 Convergence thresholds:  THRVAR = 1.00D-08  THRDEN = 1.00D-06

 Number of optimized states: 2  Roots:    1   2
 Number of reference states: 2  Roots:    1   2

 Program parameters:       NSTATE=  2    NSTATI=  3    NSTATR=  2    NCEPA = -1    NOKOP =  0    ITRDM =  0    ITRANS=  0
                           IDIP  =200    MAXIT =250    MAXITI=250    MAXDAV=  6    MAXVI =  9    NOSING=  0    NOPAIR=  0
                           MXSHRF=  5    IKCPS =  0    IOPTGM=  2    IOPTOR=  0    REFOPT=  1    IAVDEN=  0    IDELCG=  1
                           IREST =  0    NATORB=  0    IPUNRF=  0    ISEP  =  0    OLDDEN=  0    NSTPRI=  1    GPSFLI= -1
                           CLUSTE=  0    CLOSED=  1    ILSTYP=  0    ITRLS =  0    ICCSD =  0    LOCAL =  0    IBASO =  0
                           MP    =  0    ITEDIS=  2    INCDIS=  1    MAXDIS=  6    ITYDIS=  1    BRUECK=  0    IBRSTR=  3
                           INCBRK=  1    TRIPLE=  0    ICCTYP=  1    IHPPD =  0    ICCNEW=  0    I3EXT = -1    IDEB  =  0
                           IDLEIG=  1    IDFTYP=  1    IMP3  =  0    IPROCS=  0    NOINT =  0    NOREF =  1    IMP2G =  0
                           IHINT =  0    IFDIA =  0    ISPARO=  1    JKSYM =  0    CPHF  =  0    MP2D  = -1    DKINT =  0
                           NPKEX =  1    DRVK  =  1    HLSTRA=  1    WIGNER=  1    DIIS_C=  1    MAXIT_= 50    MATEL =  0
                           SPDEG =  1    MEMCPH=  0    DISM  =  1    KDCPMA=  5    IKDCP_=  0    IREDTH=  0    USECS =  0
                           IPROCC=  0    I3SAVE=  1    IKDCP =  1    USECI =  0    OLDPAI=  0    IPROCI=  0    KEEPCL=  1
                           DISCON=  0    SHIFTE=  0    DIISIN=  0    MOLCAS=  0    MEM_PT=  0    RECORD=  0    RS2C  =  0
                           KEXT  = -1    CIPT2 =  0    DECP0S=  0    I4EXT = -1    NATCOR=  0    RIMP2 =  0    DDCI  = -1
                           IPOLAR=  0

 Reference symmetry:                   4   Singlet 
 Number of electrons:                  8
 Maximum number of shells:             4
 Maximum number of spin couplings:     5

 Reference space:        6 conf        9 CSFs
 N elec internal:       45 conf       50 CSFs
 N-1 el internal:       48 conf       72 CSFs
 N-2 el internal:       26 conf       64 CSFs

 Number of electrons in valence space:                      6
 Maximum number of open shell orbitals in reference space:  4
 Maximum number of open shell orbitals in internal spaces:  6


 Number of core orbitals:           1 (   1   0   0   0 )
 Number of active  orbitals:        5 (   3   1   1   0 )
 Number of external orbitals:     201 (  73  49  49  30 )

 Molecular orbitals read from record     2140.2  Type=MCSCF/NATURAL (state averaged)

 Valence orbitals related to previous ones by unitary transformation. Operators transformed.


 Number of p-space configurations:   3

 Reference wavefunction optimized for reference space (refopt=1)

 State     Reference Energy 
     1       -54.89034080
     2       -54.54336396
     3       -54.53744708

 Number of blocks in overlap matrix:    12   Smallest eigenvalue:  0.18D-04
 Number of N-2 electron functions:      41
 Number of N-1 electron functions:      72

 Number of internal configurations:                    9
 Number of singly external configurations:          3575
 Number of doubly external configurations:        213344
 Total number of contracted configurations:       216928
 Total number of uncontracted configurations:     332025

 Diagonal Coupling coefficients finished.               Storage:    6317 words, CPU-Time:      0.00 seconds.
 Energy denominators for pairs finished in 1 passes.    Storage:  122654 words, CPU-time:      0.00 seconds.

  ITER. STATE  ROOT     SQ.NORM     CORR.ENERGY   TOTAL ENERGY   ENERGY CHANGE       DEN1      VAR(S)    VAR(P)      TIME
    1     1     1     1.00000000     0.00000000   -54.89034080     0.00000000    -0.20428961  0.54D-01  0.24D-01     0.14
    1     2     2     1.00000000     0.00000000   -54.54336396     0.00000000    -0.15305947  0.33D-01  0.17D-01     0.14
    2     1     1     1.06510880    -0.18741169   -55.07775249    -0.18741169    -0.00962593  0.24D-02  0.13D-02     0.83
    2     2     2     1.05004047    -0.15277227   -54.69613624    -0.15277227    -0.00428811  0.68D-03  0.70D-03     0.83
    3     1     1     1.06670824    -0.19776532   -55.08810613    -0.01035363    -0.00064469  0.11D-03  0.10D-03     1.51
    3     2     2     1.05521252    -0.15768013   -54.70104409    -0.00490785    -0.00033862  0.10D-03  0.50D-04     1.51
    4     1     1     1.07007073    -0.19860634   -55.08894714    -0.00084102    -0.00006065  0.67D-05  0.10D-04     2.19
    4     2     2     1.05904171    -0.15816109   -54.70152506    -0.00048097    -0.00005299  0.21D-04  0.76D-05     2.19
    5     1     1     1.07094895    -0.19868914   -55.08902994    -0.00008280    -0.00000587  0.71D-06  0.96D-06     2.88
    5     2     2     1.06009492    -0.15824143   -54.70160539    -0.00008034    -0.00000974  0.35D-05  0.13D-05     2.88
    6     1     1     1.07093442    -0.19869674   -55.08903755    -0.00000760    -0.00000072  0.81D-07  0.11D-06     3.55
    6     2     2     1.06044548    -0.15825566   -54.70161962    -0.00001423    -0.00000197  0.74D-06  0.26D-06     3.55
    7     1     1     1.07096356    -0.19869764   -55.08903844    -0.00000090    -0.00000010  0.11D-07  0.16D-07     4.23
    7     2     2     1.06066643    -0.15825820   -54.70162216    -0.00000254    -0.00000043  0.23D-06  0.51D-07     4.23
    8     1     1     1.07097045    -0.19869776   -55.08903856    -0.00000012    -0.00000001  0.20D-08  0.23D-08     4.95
    8     2     2     1.06076132    -0.15825879   -54.70162276    -0.00000060    -0.00000012  0.60D-07  0.16D-07     4.95
    9     1     1     1.07097045    -0.19869776   -55.08903856    -0.00000000    -0.00000001  0.20D-08  0.23D-08     5.47
    9     2     2     1.06086003    -0.15825900   -54.70162297    -0.00000021    -0.00000002  0.10D-07  0.40D-08     5.47
   10     1     1     1.07097045    -0.19869776   -55.08903856    -0.00000000    -0.00000001  0.20D-08  0.23D-08     6.00
   10     2     2     1.06086487    -0.15825903   -54.70162300    -0.00000003    -0.00000001  0.60D-08  0.13D-08     6.00


 =====================================
 Analysis of CPU times by interactions
 =====================================

       I      S      P

 I   0.0%
 S   0.0%   0.5%
 P   0.2%   0.7%  17.0%

 Initialization:   2.3%
 Other:           79.3%

 Total CPU:        6.0 seconds
 =====================================



 gnormi=  0.93373258  gnorms=  0.03597420  gnormp=  0.03029322  gnorm=  1.00000000
 ecorri= -0.18553057  ecorrs= -0.00714502  ecorrp= -0.00602216  ecorr= -0.19869776

 gnormi=  0.94262712  gnorms=  0.03713575  gnormp=  0.02023712  gnorm=  1.00000000
 ecorri= -0.14917926  ecorrs= -0.00587803  ecorrp= -0.00320175  ecorr= -0.15825903

 Reference coefficients greater than 0.0500000
 =============================================
 2//\\           0.0000001   0.9680694
 220/\           0.9635754   0.0000140
 2/\/\           0.0679668  -0.0002902
 /2/\\           0.0000000   0.0557739

 Coefficients of fixed reference functions:
 ==========================================

 State      Coefficients
 1           0.965877    0.000000
 2          -0.000013    0.970818

 Coefficients of rotated reference functions:
 ============================================

 State      Coefficients
 1           0.965877   -0.000006
 2          -0.000006    0.970818


 RESULTS FOR STATE 1.4
 =====================

 Coefficient of reference function:   C(0) = 0.96587739 (fixed)   0.96629839 (relaxed)   0.96587739 (rotated)

 Energy contributions of configuration classes

 CLASS          SQ.NORM        ECORR1        ECORR2
 +++++++++++++++++++++++++++++++++++++++++++++++++++
 Internals    0.00087193   -0.00000000   -0.12293976
 Singles      0.03856090   -0.06709127   -0.06973575
 Pairs        0.03247143   -0.00000009   -0.00602225
 Total        1.07190426   -0.06709136   -0.19869776
 +++++++++++++++++++++++++++++++++++++++++++++++++++


 Reference energy                     -54.89034080
 Nuclear energy                         3.70424048
 Kinetic energy                        55.22323155
 One electron energy                  -81.74007854
 Two electron energy                   22.94679951
 Virial quotient                       -0.99756999
 Correlation energy                    -0.19869776
 !MRCI STATE 1.4 Energy               -55.089038561321

 Properties without orbital relaxation:

 !MRCI STATE 1.4 Dipole moment          0.00000000     0.00000000     0.61977497
 Dipole moment /Debye                   0.00000000     0.00000000     1.57531085

 Cluster corrected energies           -55.10332578 (Davidson, fixed reference)
 Cluster corrected energies           -55.10314023 (Davidson, relaxed reference)
 Cluster corrected energies           -55.10332578 (Davidson, rotated reference)

 Cluster corrected energies           -55.09878553 (Pople, fixed reference)
 Cluster corrected energies           -55.09865618 (Pople, relaxed reference)
 Cluster corrected energies           -55.09878553 (Pople, rotated reference)



 RESULTS FOR STATE 2.4
 =====================

 Coefficient of reference function:   C(0) = 0.97081756 (fixed)   0.97088986 (relaxed)   0.97081756 (rotated)

 Energy contributions of configuration classes

 CLASS          SQ.NORM        ECORR1        ECORR2
 +++++++++++++++++++++++++++++++++++++++++++++++++++
 Internals    0.00014895   -0.00000000   -0.00002222
 Singles      0.03940188   -0.06865657   -0.07058594
 Pairs        0.02147205   -0.08960246   -0.08765087
 Total        1.06102289   -0.15825903   -0.15825903
 +++++++++++++++++++++++++++++++++++++++++++++++++++


 Reference energy                     -54.54336396
 Nuclear energy                         3.70424048
 Kinetic energy                        54.98210977
 One electron energy                  -79.63072917
 Two electron energy                   21.22486570
 Virial quotient                       -0.99489858
 Correlation energy                    -0.15825903
 !MRCI STATE 2.4 Energy               -54.701622995216

 Properties without orbital relaxation:

 !MRCI STATE 2.4 Dipole moment          0.00000000     0.00000000    -1.56455298
 Dipole moment /Debye                   0.00000000     0.00000000    -3.97669701

 Cluster corrected energies           -54.71128042 (Davidson, fixed reference)
 Cluster corrected energies           -54.71125541 (Davidson, relaxed reference)
 Cluster corrected energies           -54.71128042 (Davidson, rotated reference)

 Cluster corrected energies           -54.70818930 (Pople, fixed reference)
 Cluster corrected energies           -54.70817197 (Pople, relaxed reference)
 Cluster corrected energies           -54.70818930 (Pople, rotated reference)


 !MRCI trans          <2.4|DMZ|1.4>     0.000219991894 au =     0.000559163621 Debye


 **********************************************************************************************************************************
 DATASETS  * FILE   NREC   LENGTH (MB)   RECORD NAMES
              1      21      252.11       500      700      610      701      900      950      970     1000      129      960   
                                          VAR     GEOM    BASINP    GEOM    SYMINP    ZMAT    AOBASIS   BASIS     P2S    ABASIS    
                                         1100     1400     1410     1200     1210     1080     1600     1650     1300     1700   
                                           S        T        V       H0       H01     AOSYM     SMH    MOLCAS    ERIS     OPER   
                                         1380   
                                         JKOP   

              2       8       17.64       500      610      700     1000      520     2100     2140      701   
                                          VAR    BASINP    GEOM     BASIS   MCVARS     RHF     MCSCF    GEOM   

 PROGRAMS   *        TOTAL        CI     MULTI       INT   RESTART
 CPU TIMES  *        15.51      6.04      0.61      8.76      0.02
 REAL TIME  *        16.69 SEC
 DISK USED  *       783.66 MB
 **********************************************************************************************************************************
 SETTING E1(1)          =       -55.08903856  AU                              
 SETTING E2(1)          =       -54.70162300  AU                              

 DO I                   =         2.00000000   


 Using spherical harmonics

 Library entry N      S aug-cc-pV5Z          selected for orbital group  1
 Library entry N      P aug-cc-pV5Z          selected for orbital group  1
 Library entry N      D aug-cc-pV5Z          selected for orbital group  1
 Library entry N      F aug-cc-pV5Z          selected for orbital group  1
 Library entry N      G aug-cc-pV5Z          selected for orbital group  1
 Library entry N      H aug-cc-pV5Z          selected for orbital group  1
 Library entry H      S aug-cc-pV5Z          selected for orbital group  2
 Library entry H      P aug-cc-pV5Z          selected for orbital group  2
 Library entry H      D aug-cc-pV5Z          selected for orbital group  2
 Library entry H      F aug-cc-pV5Z          selected for orbital group  2
 Library entry H      G aug-cc-pV5Z          selected for orbital group  2


 PROGRAM * SEWARD (Integral evaluation for generally contracted gaussian basis sets)     Author: Roland Lindh, 1990

 Geometry written to block  1 of record 701

 Orientation using atomic masses  
 Molecule type: Linear
 Symmetry elements: X,Y
 Rotational constants:     548.3921335    548.3921335      0.0000000 GHz  (calculated with average atomic masses)

 Point group  C2v 



 ATOMIC COORDINATES

 NR  ATOM    CHARGE       X              Y              Z

   1  N       7.00    0.000000000    0.000000000   -0.125589641
   2  H       1.00    0.000000000    0.000000000    1.745239223

 Bond lengths in Bohr (Angstrom)

 1-2  1.870828863
     ( 0.990000000)

 NUCLEAR CHARGE:                    8
 NUMBER OF PRIMITIVE AOS:         307
 NUMBER OF SYMMETRY AOS:          227
 NUMBER OF CONTRACTIONS:          207   (   77A1  +   50B1  +   50B2  +   30A2  )
 NUMBER OF INNER CORE ORBITALS:     0   (    0A1  +    0B1  +    0B2  +    0A2  )
 NUMBER OF OUTER CORE ORBITALS:     1   (    1A1  +    0B1  +    0B2  +    0A2  )
 NUMBER OF VALENCE ORBITALS:        5   (    3A1  +    1B1  +    1B2  +    0A2  )


 NUCLEAR REPULSION ENERGY    3.74165705

 EXTRA SYMMETRY OF AOS IN SYMMETRY 1:   1 1 1 1 1 1 1 1 1 1   1 1 1 1 2 1 2 1 2 1   2 1 2 1 2 1 2 1 2 1   2 1 3 2 1 3 2 1 3 2
                                        2 3 1 2 3 1 1 1 1 1   1 1 1 1 1 1 1 1 2 1   2 1 2 1 2 1 2 1 2 1   2 1 3 2 1 3 2
 EXTRA SYMMETRY OF AOS IN SYMMETRY 2:   1 1 1 1 1 1 1 1 1 1   1 1 2 1 2 1 2 1 2 1   2 1 2 1 2 1 2 3 1 2   3 1 1 1 1 1 1 1 1 1
                                        1 2 1 2 1 2 1 2 1 2
 EXTRA SYMMETRY OF AOS IN SYMMETRY 3:   1 1 1 1 1 1 1 1 1 1   1 1 2 1 2 1 2 1 2 1   2 1 2 1 2 1 2 3 1 2   3 1 1 1 1 1 1 1 1 1
                                        1 2 1 2 1 2 1 2 1 2
 EXTRA SYMMETRY OF AOS IN SYMMETRY 4:   1 1 1 1 1 1 1 1 1 1   2 1 2 1 2 2 1 2 1 1   1 1 1 1 1 1 1 2 1 2

 Eigenvalues of metric

         1 0.142E-04 0.802E-04 0.227E-03 0.299E-03 0.544E-03 0.714E-03 0.139E-02 0.279E-02
         2 0.278E-03 0.133E-02 0.322E-02 0.480E-02 0.794E-02 0.190E-01 0.275E-01 0.377E-01
         3 0.278E-03 0.133E-02 0.322E-02 0.480E-02 0.794E-02 0.190E-01 0.275E-01 0.377E-01
         4 0.279E-02 0.158E-01 0.411E-01 0.628E-01 0.891E-01 0.114E+00 0.198E+00 0.209E+00


 Contracted 2-electron integrals neglected if value below      1.0D-12
 AO integral compression algorithm  1   Integral accuracy      1.0D-12

     285.737 MB (compressed) written to integral file ( 50.7%)


 NUMBER OF SORTED TWO-ELECTRON INTEGRALS:   59167011.     BUFFER LENGTH:  32768
 NUMBER OF SEGMENTS:   4  SEGMENT LENGTH:   15999984      RECORD LENGTH: 524288

 Memory used in sort:      16.56 MW

 SORT1 READ    70490039. AND WROTE    39593956. INTEGRALS IN    116 RECORDS. CPU TIME:     0.77 SEC, REAL TIME:     0.93 SEC
 SORT2 READ    39593956. AND WROTE    59167011. INTEGRALS IN   1090 RECORDS. CPU TIME:     0.65 SEC, REAL TIME:     0.75 SEC

 FILE SIZES:   FILE 1:   316.8 MBYTE,  FILE 4:   486.6 MBYTE,   TOTAL:    803.4 MBYTE

 OPERATOR DM      FOR CENTER  0  COORDINATES:    0.000000    0.000000    0.000000


 **********************************************************************************************************************************
 DATASETS  * FILE   NREC   LENGTH (MB)   RECORD NAMES
              1      20      249.58       500      700      610      701      900      950      970     1000      129      960   
                                          VAR     GEOM    BASINP    GEOM    SYMINP    ZMAT    AOBASIS   BASIS     P2S    ABASIS    
                                         1100     1400     1410     1200     1210     1080     1600     1650     1300     1700   
                                           S        T        V       H0       H01     AOSYM     SMH    MOLCAS    ERIS     OPER   

              2       8       17.64       500      610      700     1000      520     2100     2140      701   
                                          VAR    BASINP    GEOM     BASIS   MCVARS     RHF     MCSCF    GEOM   

 PROGRAMS   *        TOTAL       INT        CI     MULTI       INT   RESTART
 CPU TIMES  *        24.18      8.67      6.04      0.61      8.76      0.02
 REAL TIME  *        25.79 SEC
 DISK USED  *       783.91 MB
 **********************************************************************************************************************************

 PROGRAM * MULTI (Direct Multiconfiguration SCF)       Authors: P.J. Knowles, H.-J. Werner (1984)
                                                                D.A. Kreplin, P.J. Knowles, H.-J. Werner (2019)

 Number of closed-shell orbitals:   1 (   1   0   0   0 )
 Number of active  orbitals:        5 (   3   1   1   0 )
 Number of external orbitals:     201 (  73  49  49  30 )

 State symmetry 1

 Number of active electrons:   6    Spin symmetry=Singlet   Space symmetry=4
 Number of states:             3
 Number of CSFs:               9   (24 determinants, 100 intermediate states)

 Molecular orbitals read from record     2140.2  Type=MCSCF/NATURAL (state averaged)

 EXTRA SYMMETRY OF MOS IN SYMMETRY 1:   1 1 1 1 1 1 1 2 1 1   1 1 2 1 1 2 1 1 2 1   2 1 1 1 2 3 1 2 1 1   2 1 2 3 1 1 2 1 1 1
                                        2 3 2 1 3 2 1 1 2 2   1 1 1 2 1 1 2 3 1 3   1 1 2 2 1 2 3 2 1 1   2 1 2 1 1 1 1
 EXTRA SYMMETRY OF MOS IN SYMMETRY 2:   1 1 1 1 1 1 2 1 1 1   2 1 1 1 2 1 1 2 1 2   1 1 1 2 3 1 1 2 1 2   1 2 1 1 1 2 1 3 1 2
                                        1 2 1 2 2 1 1 1 1 1
 EXTRA SYMMETRY OF MOS IN SYMMETRY 3:   1 1 1 1 1 1 2 1 1 1   2 1 1 1 2 1 1 2 1 2   1 1 1 2 3 1 1 2 1 2   1 2 1 1 1 2 1 3 1 2
                                        1 2 1 2 2 1 1 1 1 1
 EXTRA SYMMETRY OF MOS IN SYMMETRY 4:   1 1 1 1 1 1 2 1 1 1   2 1 1 2 1 2 1 1 1 1   1 2 2 1 1 1 2 1 1 1

 Wavefunction dump at record             2140.2

 Convergence thresholds  0.10E-04 (gradient)  0.10E-05 (energy)

 Weight factors for state symmetry  1:    0.33333   0.33333   0.33333
 
 Number of orbital rotations:  393  ( 3 closed/active, 73 closed/virtual, 0 active/active, 317 active/virtual )
 Total number of variables:    465
 
  Second-order MCSCF: L-BFGS accelerated
 
 ITER  MIC  NCI  NEG     ENERGY(VAR)    ENERGY(PROJ) ENERGY CHANGE       GRAD(0)  GRAD(ORB)   GRAD(CI)      STEP      TIME
   1    7    4    0    -54.65519352     -54.65522700   -0.00003348    0.01142402 0.00000303 0.00000000  0.10E-01      0.36
   2    6    5    0    -54.65522697     -54.65522697   -0.00000000    0.00001434 0.00000000 0.00000000  0.31E-04      0.72
   3    3    2    0    -54.65522697     -54.65522697    0.00000000    0.00000000 0.00000000 0.00000000  0.86E-09      1.05

 CONVERGENCE REACHED!  Final gradient:    0.00000000 ( 0.63E-11)
                       Final energy:    -54.65522697
 
 Results for state 1.4
 =====================
 !MCSCF STATE 1.4 Energy                       -54.889454209982
 Nuclear energy                                  3.74165705
 Kinetic energy                                 55.68702839
 One electron energy                           -82.51400968
 Two electron energy                            23.88289842
 Virial ratio                                    1.98567756
 
 !MCSCF STATE 1.4 Dipole moment                  0.00000000     0.00000000     0.72595674
 Dipole moment /Debye                            0.00000000     0.00000000     1.84519800
 
 Results for state 2.4
 =====================
 !MCSCF STATE 2.4 Energy                       -54.540030892591
 Nuclear energy                                  3.74165705
 Kinetic energy                                 54.47657861
 One electron energy                           -79.40567570
 Two electron energy                            21.12398776
 Virial ratio                                    2.00116476
 
 !MCSCF STATE 2.4 Dipole moment                  0.00000000     0.00000000    -1.52695543
 Dipole moment /Debye                            0.00000000     0.00000000    -3.88113358
 
 Results for state 3.4
 =====================
 !MCSCF STATE 3.4 Energy                       -54.536195806451
 Nuclear energy                                  3.74165705
 Kinetic energy                                 54.36794321
 One electron energy                           -79.41137124
 Two electron energy                            21.13351838
 Virial ratio                                    2.00309470
 
 !MCSCF STATE 3.4 Dipole moment                  0.00000000     0.00000000    -1.63775119
 Dipole moment /Debye                            0.00000000     0.00000000    -4.16274832
 
 State-averaged charge density matrix saved on record 2140.2 (density set 1)
 
 Expectation values: (only non-zero values are shown)
 
 !MCSCF expec                       <1.4|DMZ|1.4>     0.725956744627 au =     1.845197995348 Debye
 !MCSCF expec                       <2.4|DMZ|2.4>    -1.526955430413 au =    -3.881133579976 Debye
 !MCSCF expec                       <3.4|DMZ|3.4>    -1.637751192736 au =    -4.162748318105 Debye
 
 Transition values: (only non-zero values with the ground state are shown)
 
 !MCSCF trans                       <1.4|DMZ|3.4>    -0.776338916779 au =    -1.973256703727 Debye
 

 EXTRA SYMMETRY OF MOS IN SYMMETRY 1:   1 1 1 1 1 1 1 2 1 1   1 1 2 1 1 2 1 1 2 1   2 1 1 1 2 3 1 2 1 1   2 1 2 3 1 1 2 1 1 1
                                        2 3 2 1 3 2 1 1 2 2   1 1 1 2 1 1 2 3 1 3   1 1 2 2 1 3 2 2 1 1   2 1 2 1 1 1 1
 EXTRA SYMMETRY OF MOS IN SYMMETRY 4:   1 1 1 1 1 1 2 1 1 1   2 1 1 2 1 2 1 1 1 1   1 2 2 1 1 2 1 1 1 1
 
 Natural orbital dump (state averaged) at molpro section 2140.2 (Orbital set 2)
 
 Reoptimze the CI vectors with natural orbitals 
 
 CI Coefficients of symmetry 4
 =============================
 
 220 a b       -0.70366250     -0.00000000      0.06203917
 220 b a        0.70366250      0.00000000     -0.06203917
 2bb a a        0.00000000      0.57534877      0.00000000
 2aa b b       -0.00000000      0.57534877     -0.00000000
 2ab a b       -0.04521397     -0.28767438     -0.49668925
 2ba a b        0.04521397     -0.28767438      0.49668925
 2ba b a       -0.04521397     -0.28767438     -0.49668925
 2ab b a        0.04521397     -0.28767438      0.49668925
 
 Energy:      -54.88945421    -54.54003089    -54.53619581
 


 **********************************************************************************************************************************
 DATASETS  * FILE   NREC   LENGTH (MB)   RECORD NAMES
              1      21      252.50       500      700      610      701      900      950      970     1000      129      960   
                                          VAR     GEOM    BASINP    GEOM    SYMINP    ZMAT    AOBASIS   BASIS     P2S    ABASIS    
                                         1100     1400     1410     1200     1210     1080     1600     1650     1300     1700   
                                           S        T        V       H0       H01     AOSYM     SMH    MOLCAS    ERIS     OPER   
                                         1380   
                                         JKOP   

              2       8       17.64       500      610      700     1000      520     2100     2140      701   
                                          VAR    BASINP    GEOM     BASIS   MCVARS     RHF     MCSCF    GEOM   

 PROGRAMS   *        TOTAL     MULTI       INT        CI     MULTI       INT   RESTART
 CPU TIMES  *        25.44      1.26      8.67      6.04      0.61      8.76      0.02
 REAL TIME  *        27.19 SEC
 DISK USED  *       783.91 MB
 **********************************************************************************************************************************


 PROGRAM * CI (Multireference internally contracted CI)     Authors: H.-J. Werner, P.J. Knowles, 1987


 Convergence thresholds:  THRVAR = 1.00D-08  THRDEN = 1.00D-06

 Number of optimized states: 2  Roots:    1   2
 Number of reference states: 2  Roots:    1   2

 Program parameters:       NSTATE=  2    NSTATI=  3    NSTATR=  2    NCEPA = -1    NOKOP =  0    ITRDM =  0    ITRANS=  0
                           IDIP  =200    MAXIT =250    MAXITI=250    MAXDAV=  6    MAXVI =  9    NOSING=  0    NOPAIR=  0
                           MXSHRF=  5    IKCPS =  0    IOPTGM=  2    IOPTOR=  0    REFOPT=  1    IAVDEN=  0    IDELCG=  1
                           IREST =  0    NATORB=  0    IPUNRF=  0    ISEP  =  0    OLDDEN=  0    NSTPRI=  1    GPSFLI= -1
                           CLUSTE=  0    CLOSED=  1    ILSTYP=  0    ITRLS =  0    ICCSD =  0    LOCAL =  0    IBASO =  0
                           MP    =  0    ITEDIS=  2    INCDIS=  1    MAXDIS=  6    ITYDIS=  1    BRUECK=  0    IBRSTR=  3
                           INCBRK=  1    TRIPLE=  0    ICCTYP=  1    IHPPD =  0    ICCNEW=  0    I3EXT = -1    IDEB  =  0
                           IDLEIG=  1    IDFTYP=  1    IMP3  =  0    IPROCS=  0    NOINT =  0    NOREF =  1    IMP2G =  0
                           IHINT =  0    IFDIA =  0    ISPARO=  1    JKSYM =  0    CPHF  =  0    MP2D  = -1    DKINT =  0
                           NPKEX =  1    DRVK  =  1    HLSTRA=  1    WIGNER=  1    DIIS_C=  1    MAXIT_= 50    MATEL =  0
                           SPDEG =  1    MEMCPH=  0    DISM  =  1    KDCPMA=  5    IKDCP_=  0    IREDTH=  0    USECS =  0
                           IPROCC=  0    I3SAVE=  1    IKDCP =  1    USECI =  0    OLDPAI=  0    IPROCI=  0    KEEPCL=  1
                           DISCON=  0    SHIFTE=  0    DIISIN=  0    MOLCAS=  0    MEM_PT=  0    RECORD=  0    RS2C  =  0
                           KEXT  = -1    CIPT2 =  0    DECP0S=  0    I4EXT = -1    NATCOR=  0    RIMP2 =  0    DDCI  = -1
                           IPOLAR=  0

 Reference symmetry:                   4   Singlet 
 Number of electrons:                  8
 Maximum number of shells:             4
 Maximum number of spin couplings:     5

 Reference space:        6 conf        9 CSFs
 N elec internal:       45 conf       50 CSFs
 N-1 el internal:       48 conf       72 CSFs
 N-2 el internal:       26 conf       64 CSFs

 Number of electrons in valence space:                      6
 Maximum number of open shell orbitals in reference space:  4
 Maximum number of open shell orbitals in internal spaces:  6


 Number of core orbitals:           1 (   1   0   0   0 )
 Number of active  orbitals:        5 (   3   1   1   0 )
 Number of external orbitals:     201 (  73  49  49  30 )

 Molecular orbitals read from record     2140.2  Type=MCSCF/NATURAL (state averaged)

 Valence orbitals related to previous ones by unitary transformation. Operators transformed.


 Number of p-space configurations:   3

 Reference wavefunction optimized for reference space (refopt=1)

 State     Reference Energy 
     1       -54.88945421
     2       -54.54003089
     3       -54.53619581

 Number of blocks in overlap matrix:    12   Smallest eigenvalue:  0.17D-04
 Number of N-2 electron functions:      41
 Number of N-1 electron functions:      72

 Number of internal configurations:                    9
 Number of singly external configurations:          3575
 Number of doubly external configurations:        213344
 Total number of contracted configurations:       216928
 Total number of uncontracted configurations:     332025

 Diagonal Coupling coefficients finished.               Storage:    6317 words, CPU-Time:      0.00 seconds.
 Energy denominators for pairs finished in 1 passes.    Storage:  122654 words, CPU-time:      0.00 seconds.

  ITER. STATE  ROOT     SQ.NORM     CORR.ENERGY   TOTAL ENERGY   ENERGY CHANGE       DEN1      VAR(S)    VAR(P)      TIME
    1     1     1     1.00000000     0.00000000   -54.88945421     0.00000000    -0.20485870  0.54D-01  0.24D-01     0.14
    1     2     2     1.00000000     0.00000000   -54.54003089     0.00000000    -0.15307710  0.33D-01  0.17D-01     0.14
    2     1     1     1.06526062    -0.18769233   -55.07714654    -0.18769233    -0.00963505  0.24D-02  0.13D-02     0.84
    2     2     2     1.04990057    -0.15275071   -54.69278160    -0.15275071    -0.00426591  0.66D-03  0.69D-03     0.84
    3     1     1     1.06675361    -0.19804174   -55.08749595    -0.01034941    -0.00063323  0.11D-03  0.10D-03     1.51
    3     2     2     1.05491478    -0.15762117   -54.69765206    -0.00487046    -0.00032991  0.95D-04  0.49D-04     1.51
    4     1     1     1.07004986    -0.19886459   -55.08831880    -0.00082285    -0.00005842  0.65D-05  0.10D-04     2.20
    4     2     2     1.05859372    -0.15808634   -54.69811723    -0.00046517    -0.00005020  0.20D-04  0.73D-05     2.20
    5     1     1     1.07092351    -0.19894415   -55.08839836    -0.00007956    -0.00000556  0.67D-06  0.90D-06     2.89
    5     2     2     1.05959690    -0.15816213   -54.69819303    -0.00007580    -0.00000911  0.33D-05  0.12D-05     2.89
    6     1     1     1.07091310    -0.19895133   -55.08840554    -0.00000718    -0.00000067  0.75D-07  0.11D-06     3.56
    6     2     2     1.05994305    -0.15817549   -54.69820638    -0.00001336    -0.00000186  0.79D-06  0.25D-06     3.56
    7     1     1     1.07094124    -0.19895216   -55.08840637    -0.00000083    -0.00000009  0.99D-08  0.14D-07     4.25
    7     2     2     1.06017133    -0.15817790   -54.69820879    -0.00000241    -0.00000041  0.25D-06  0.50D-07     4.25
    8     1     1     1.07094788    -0.19895227   -55.08840648    -0.00000011    -0.00000001  0.18D-08  0.21D-08     4.93
    8     2     2     1.06027809    -0.15817847   -54.69820937    -0.00000058    -0.00000012  0.69D-07  0.16D-07     4.93
    9     1     1     1.07094789    -0.19895227   -55.08840648    -0.00000000    -0.00000001  0.18D-08  0.21D-08     5.45
    9     2     2     1.06039845    -0.15817869   -54.69820958    -0.00000022    -0.00000003  0.15D-07  0.45D-08     5.45
   10     1     1     1.07094788    -0.19895227   -55.08840648    -0.00000000    -0.00000001  0.18D-08  0.21D-08     6.00
   10     2     2     1.06041381    -0.15817872   -54.69820962    -0.00000003    -0.00000001  0.92D-08  0.19D-08     6.00
   11     1     1     1.07094788    -0.19895227   -55.08840648    -0.00000000    -0.00000001  0.18D-08  0.21D-08     6.52
   11     2     2     1.06043504    -0.15817875   -54.69820964    -0.00000002    -0.00000001  0.46D-08  0.15D-08     6.52


 =====================================
 Analysis of CPU times by interactions
 =====================================

       I      S      P

 I   0.2%
 S   0.0%   0.5%
 P   0.0%   0.3%  17.5%

 Initialization:   2.1%
 Other:           79.4%

 Total CPU:        6.5 seconds
 =====================================



 gnormi=  0.93375226  gnorms=  0.03610254  gnormp=  0.03014520  gnorm=  1.00000000
 ecorri= -0.18577213  ecorrs= -0.00717998  ecorrp= -0.00600016  ecorr= -0.19895227

 gnormi=  0.94300920  gnorms=  0.03690862  gnormp=  0.02008218  gnorm=  1.00000000
 ecorri= -0.14916401  ecorrs= -0.00583957  ecorrp= -0.00317517  ecorr= -0.15817875

 Reference coefficients greater than 0.0500000
 =============================================
 2//\\           0.0000001   0.9683529
 220/\           0.9638414   0.0000087
 2/\/\           0.0642933  -0.0002042
 /2/\\           0.0000000   0.0551206

 Coefficients of fixed reference functions:
 ==========================================

 State      Coefficients
 1           0.965921    0.000000
 2          -0.000009    0.971011

 Coefficients of rotated reference functions:
 ============================================

 State      Coefficients
 1           0.965921   -0.000005
 2          -0.000005    0.971011


 RESULTS FOR STATE 1.4
 =====================

 Coefficient of reference function:   C(0) = 0.96592063 (fixed)   0.96630857 (relaxed)   0.96592063 (rotated)

 Energy contributions of configuration classes

 CLASS          SQ.NORM        ECORR1        ECORR2
 +++++++++++++++++++++++++++++++++++++++++++++++++++
 Internals    0.00080341   -0.00000000   -0.12303764
 Singles      0.03869500   -0.06723928   -0.06991440
 Pairs        0.03230988   -0.00000008   -0.00600023
 Total        1.07180829   -0.06723935   -0.19895227
 +++++++++++++++++++++++++++++++++++++++++++++++++++


 Reference energy                     -54.88945421
 Nuclear energy                         3.74165705
 Kinetic energy                        55.24106569
 One electron energy                  -81.80691540
 Two electron energy                   22.97685187
 Virial quotient                       -0.99723649
 Correlation energy                    -0.19895227
 !MRCI STATE 1.4 Energy               -55.088406480706

 Properties without orbital relaxation:

 !MRCI STATE 1.4 Dipole moment          0.00000000     0.00000000     0.62185518
 Dipole moment /Debye                   0.00000000     0.00000000     1.58059821

 Cluster corrected energies           -55.10269290 (Davidson, fixed reference)
 Cluster corrected energies           -55.10252172 (Davidson, relaxed reference)
 Cluster corrected energies           -55.10269290 (Davidson, rotated reference)

 Cluster corrected energies           -55.09815262 (Pople, fixed reference)
 Cluster corrected energies           -55.09803329 (Pople, relaxed reference)
 Cluster corrected energies           -55.09815262 (Pople, rotated reference)



 RESULTS FOR STATE 2.4
 =====================

 Coefficient of reference function:   C(0) = 0.97101144 (fixed)   0.97108661 (relaxed)   0.97101144 (rotated)

 Energy contributions of configuration classes

 CLASS          SQ.NORM        ECORR1        ECORR2
 +++++++++++++++++++++++++++++++++++++++++++++++++++
 Internals    0.00015483   -0.00000000   -0.00002309
 Singles      0.03914526   -0.06872365   -0.07063657
 Pairs        0.02129914   -0.08945510   -0.08751909
 Total        1.06059923   -0.15817875   -0.15817875
 +++++++++++++++++++++++++++++++++++++++++++++++++++


 Reference energy                     -54.54003089
 Nuclear energy                         3.74165705
 Kinetic energy                        54.98763727
 One electron energy                  -79.66934787
 Two electron energy                   21.22948118
 Virial quotient                       -0.99473650
 Correlation energy                    -0.15817875
 !MRCI STATE 2.4 Energy               -54.698209638687

 Properties without orbital relaxation:

 !MRCI STATE 2.4 Dipole moment          0.00000000     0.00000000    -1.56481256
 Dipole moment /Debye                   0.00000000     0.00000000    -3.97735680

 Cluster corrected energies           -54.70779515 (Davidson, fixed reference)
 Cluster corrected energies           -54.70776918 (Davidson, relaxed reference)
 Cluster corrected energies           -54.70779515 (Davidson, rotated reference)

 Cluster corrected energies           -54.70472619 (Pople, fixed reference)
 Cluster corrected energies           -54.70470820 (Pople, relaxed reference)
 Cluster corrected energies           -54.70472619 (Pople, rotated reference)


 !MRCI trans          <2.4|DMZ|1.4>     0.000149957182 au =     0.000381153140 Debye


 **********************************************************************************************************************************
 DATASETS  * FILE   NREC   LENGTH (MB)   RECORD NAMES
              1      21      252.50       500      700      610      701      900      950      970     1000      129      960   
                                          VAR     GEOM    BASINP    GEOM    SYMINP    ZMAT    AOBASIS   BASIS     P2S    ABASIS    
                                         1100     1400     1410     1200     1210     1080     1600     1650     1300     1700   
                                           S        T        V       H0       H01     AOSYM     SMH    MOLCAS    ERIS     OPER   
                                         1380   
                                         JKOP   

              2       8       17.64       500      610      700     1000      520     2100     2140      701   
                                          VAR    BASINP    GEOM     BASIS   MCVARS     RHF     MCSCF    GEOM   

 PROGRAMS   *        TOTAL        CI     MULTI       INT        CI     MULTI       INT   RESTART
 CPU TIMES  *        32.00      6.55      1.26      8.67      6.04      0.61      8.76      0.02
 REAL TIME  *        34.34 SEC
 DISK USED  *       783.91 MB
 **********************************************************************************************************************************
 SETTING E1(2)          =       -55.08840648  AU                              
 SETTING E2(2)          =       -54.69820964  AU                              

 DO I                   =         3.00000000   


 Using spherical harmonics

 Library entry N      S aug-cc-pV5Z          selected for orbital group  1
 Library entry N      P aug-cc-pV5Z          selected for orbital group  1
 Library entry N      D aug-cc-pV5Z          selected for orbital group  1
 Library entry N      F aug-cc-pV5Z          selected for orbital group  1
 Library entry N      G aug-cc-pV5Z          selected for orbital group  1
 Library entry N      H aug-cc-pV5Z          selected for orbital group  1
 Library entry H      S aug-cc-pV5Z          selected for orbital group  2
 Library entry H      P aug-cc-pV5Z          selected for orbital group  2
 Library entry H      D aug-cc-pV5Z          selected for orbital group  2
 Library entry H      F aug-cc-pV5Z          selected for orbital group  2
 Library entry H      G aug-cc-pV5Z          selected for orbital group  2


 PROGRAM * SEWARD (Integral evaluation for generally contracted gaussian basis sets)     Author: Roland Lindh, 1990

 Geometry written to block  1 of record 701

 Orientation using atomic masses  
 Molecule type: Linear
 Symmetry elements: X,Y
 Rotational constants:     559.6409101    559.6409101      0.0000000 GHz  (calculated with average atomic masses)

 Point group  C2v 



 ATOMIC COORDINATES

 NR  ATOM    CHARGE       X              Y              Z

   1  N       7.00    0.000000000    0.000000000   -0.124321059
   2  H       1.00    0.000000000    0.000000000    1.727610544

 Bond lengths in Bohr (Angstrom)

 1-2  1.851931602
     ( 0.980000000)

 NUCLEAR CHARGE:                    8
 NUMBER OF PRIMITIVE AOS:         307
 NUMBER OF SYMMETRY AOS:          227
 NUMBER OF CONTRACTIONS:          207   (   77A1  +   50B1  +   50B2  +   30A2  )
 NUMBER OF INNER CORE ORBITALS:     0   (    0A1  +    0B1  +    0B2  +    0A2  )
 NUMBER OF OUTER CORE ORBITALS:     1   (    1A1  +    0B1  +    0B2  +    0A2  )
 NUMBER OF VALENCE ORBITALS:        5   (    3A1  +    1B1  +    1B2  +    0A2  )


 NUCLEAR REPULSION ENERGY    3.77983722

 EXTRA SYMMETRY OF AOS IN SYMMETRY 1:   1 1 1 1 1 1 1 1 1 1   1 1 1 1 2 1 2 1 2 1   2 1 2 1 2 1 2 1 2 1   2 1 3 2 1 3 2 1 3 2
                                        2 3 1 2 3 1 1 1 1 1   1 1 1 1 1 1 1 1 2 1   2 1 2 1 2 1 2 1 2 1   2 1 3 2 1 3 2
 EXTRA SYMMETRY OF AOS IN SYMMETRY 2:   1 1 1 1 1 1 1 1 1 1   1 1 2 1 2 1 2 1 2 1   2 1 2 1 2 1 2 3 1 2   3 1 1 1 1 1 1 1 1 1
                                        1 2 1 2 1 2 1 2 1 2
 EXTRA SYMMETRY OF AOS IN SYMMETRY 3:   1 1 1 1 1 1 1 1 1 1   1 1 2 1 2 1 2 1 2 1   2 1 2 1 2 1 2 3 1 2   3 1 1 1 1 1 1 1 1 1
                                        1 2 1 2 1 2 1 2 1 2
 EXTRA SYMMETRY OF AOS IN SYMMETRY 4:   1 1 1 1 1 1 1 1 1 1   2 1 2 1 2 2 1 2 1 1   1 1 1 1 1 1 1 2 1 2

 Eigenvalues of metric

         1 0.138E-04 0.790E-04 0.226E-03 0.289E-03 0.531E-03 0.698E-03 0.132E-02 0.270E-02
         2 0.265E-03 0.126E-02 0.312E-02 0.479E-02 0.777E-02 0.185E-01 0.267E-01 0.364E-01
         3 0.265E-03 0.126E-02 0.312E-02 0.479E-02 0.777E-02 0.185E-01 0.267E-01 0.364E-01
         4 0.270E-02 0.152E-01 0.397E-01 0.611E-01 0.884E-01 0.113E+00 0.197E+00 0.208E+00


 Contracted 2-electron integrals neglected if value below      1.0D-12
 AO integral compression algorithm  1   Integral accuracy      1.0D-12

     286.261 MB (compressed) written to integral file ( 50.8%)


 NUMBER OF SORTED TWO-ELECTRON INTEGRALS:   59167011.     BUFFER LENGTH:  32768
 NUMBER OF SEGMENTS:   4  SEGMENT LENGTH:   15999984      RECORD LENGTH: 524288

 Memory used in sort:      16.56 MW

 SORT1 READ    70490039. AND WROTE    39593953. INTEGRALS IN    116 RECORDS. CPU TIME:     0.78 SEC, REAL TIME:     0.94 SEC
 SORT2 READ    39593953. AND WROTE    59167011. INTEGRALS IN   1092 RECORDS. CPU TIME:     0.65 SEC, REAL TIME:     0.76 SEC

 FILE SIZES:   FILE 1:   317.4 MBYTE,  FILE 4:   486.6 MBYTE,   TOTAL:    803.9 MBYTE

 OPERATOR DM      FOR CENTER  0  COORDINATES:    0.000000    0.000000    0.000000


 **********************************************************************************************************************************
 DATASETS  * FILE   NREC   LENGTH (MB)   RECORD NAMES
              1      20      249.97       500      700      610      701      900      950      970     1000      129      960   
                                          VAR     GEOM    BASINP    GEOM    SYMINP    ZMAT    AOBASIS   BASIS     P2S    ABASIS    
                                         1100     1400     1410     1200     1210     1080     1600     1650     1300     1700   
                                           S        T        V       H0       H01     AOSYM     SMH    MOLCAS    ERIS     OPER   

              2       8       17.64       500      610      700     1000      520     2100     2140      701   
                                          VAR    BASINP    GEOM     BASIS   MCVARS     RHF     MCSCF    GEOM   

 PROGRAMS   *        TOTAL       INT        CI     MULTI       INT        CI     MULTI       INT   RESTART
 CPU TIMES  *        40.68      8.68      6.55      1.26      8.67      6.04      0.61      8.76      0.02
 REAL TIME  *        43.44 SEC
 DISK USED  *       784.41 MB
 **********************************************************************************************************************************

 PROGRAM * MULTI (Direct Multiconfiguration SCF)       Authors: P.J. Knowles, H.-J. Werner (1984)
                                                                D.A. Kreplin, P.J. Knowles, H.-J. Werner (2019)

 Number of closed-shell orbitals:   1 (   1   0   0   0 )
 Number of active  orbitals:        5 (   3   1   1   0 )
 Number of external orbitals:     201 (  73  49  49  30 )

 State symmetry 1

 Number of active electrons:   6    Spin symmetry=Singlet   Space symmetry=4
 Number of states:             3
 Number of CSFs:               9   (24 determinants, 100 intermediate states)

 Molecular orbitals read from record     2140.2  Type=MCSCF/NATURAL (state averaged)

 EXTRA SYMMETRY OF MOS IN SYMMETRY 1:   1 1 1 1 1 1 1 2 1 1   1 1 2 1 1 2 1 1 2 1   2 1 1 1 2 3 1 2 1 1   2 1 2 3 1 1 2 1 1 1
                                        2 3 2 1 3 2 1 1 2 2   1 1 1 2 1 1 2 3 1 3   1 1 2 2 1 3 2 2 1 1   2 1 2 1 1 1 1
 EXTRA SYMMETRY OF MOS IN SYMMETRY 2:   1 1 1 1 1 1 2 1 1 1   2 1 1 1 2 1 1 2 1 2   1 1 1 2 3 1 1 2 1 2   1 2 1 1 1 2 1 3 1 2
                                        1 2 1 2 2 1 1 1 1 1
 EXTRA SYMMETRY OF MOS IN SYMMETRY 3:   1 1 1 1 1 1 2 1 1 1   2 1 1 1 2 1 1 2 1 2   1 1 1 2 3 1 1 2 1 2   1 2 1 1 1 2 1 3 1 2
                                        1 2 1 2 2 1 1 1 1 1
 EXTRA SYMMETRY OF MOS IN SYMMETRY 4:   1 1 1 1 1 1 2 1 1 1   2 1 1 2 1 2 1 1 1 1   1 2 2 1 1 2 1 1 1 1

 Wavefunction dump at record             2140.2

 Convergence thresholds  0.10E-04 (gradient)  0.10E-05 (energy)

 Weight factors for state symmetry  1:    0.33333   0.33333   0.33333
 
 Number of orbital rotations:  393  ( 3 closed/active, 73 closed/virtual, 0 active/active, 317 active/virtual )
 Total number of variables:    465
 
  Second-order MCSCF: L-BFGS accelerated
 
 ITER  MIC  NCI  NEG     ENERGY(VAR)    ENERGY(PROJ) ENERGY CHANGE       GRAD(0)  GRAD(ORB)   GRAD(CI)      STEP      TIME
   1    7    4    0    -54.65319962     -54.65323336   -0.00003374    0.01165796 0.00000295 0.00000000  0.10E-01      0.36
   2    6    5    0    -54.65323333     -54.65323333   -0.00000000    0.00001395 0.00000000 0.00000000  0.29E-04      0.72
   3    3    2    0    -54.65323333     -54.65323333    0.00000000    0.00000000 0.00000000 0.00000000  0.77E-09      1.06

 CONVERGENCE REACHED!  Final gradient:    0.00000000 ( 0.60E-11)
                       Final energy:    -54.65323333
 
 Results for state 1.4
 =====================
 !MCSCF STATE 1.4 Energy                       -54.888390388699
 Nuclear energy                                  3.77983722
 Kinetic energy                                 55.71507778
 One electron energy                           -82.59162999
 Two electron energy                            23.92340238
 Virial ratio                                    1.98516223
 
 !MCSCF STATE 1.4 Dipole moment                  0.00000000     0.00000000     0.73204131
 Dipole moment /Debye                            0.00000000     0.00000000     1.86066343
 
 Results for state 2.4
 =====================
 !MCSCF STATE 2.4 Energy                       -54.536573281261
 Nuclear energy                                  3.77983722
 Kinetic energy                                 54.48201684
 One electron energy                           -79.44852553
 Two electron energy                            21.13211503
 Virial ratio                                    2.00100137
 
 !MCSCF STATE 2.4 Dipole moment                  0.00000000     0.00000000    -1.52887065
 Dipole moment /Debye                            0.00000000     0.00000000    -3.88600158
 
 Results for state 3.4
 =====================
 !MCSCF STATE 3.4 Energy                       -54.534736328837
 Nuclear energy                                  3.77983722
 Kinetic energy                                 54.37451037
 One electron energy                           -79.45137978
 Two electron energy                            21.13680623
 Virial ratio                                    2.00294671
 
 !MCSCF STATE 3.4 Dipole moment                  0.00000000     0.00000000    -1.64689202
 Dipole moment /Debye                            0.00000000     0.00000000    -4.18598197
 
 State-averaged charge density matrix saved on record 2140.2 (density set 1)
 
 Expectation values: (only non-zero values are shown)
 
 !MCSCF expec                       <1.4|DMZ|1.4>     0.732041313891 au =     1.860663427815 Debye
 !MCSCF expec                       <2.4|DMZ|2.4>    -1.528870649533 au =    -3.886001581422 Debye
 !MCSCF expec                       <3.4|DMZ|3.4>    -1.646892016252 au =    -4.185981974041 Debye
 
 Transition values: (only non-zero values with the ground state are shown)
 
 !MCSCF trans                       <1.4|DMZ|3.4>    -0.750750896812 au =    -1.908218444220 Debye
 
 
 Natural orbital dump (state averaged) at molpro section 2140.2 (Orbital set 2)
 
 Reoptimze the CI vectors with natural orbitals 
 
 CI Coefficients of symmetry 4
 =============================
 
 220 a b       -0.70397877      0.00000000      0.05852283
 220 b a        0.70397877     -0.00000000     -0.05852283
 2aa b b        0.00000000      0.57539493     -0.00000000
 2bb a a        0.00000000      0.57539493     -0.00000000
 2ba a b        0.04271409     -0.28769747      0.49692195
 2ab b a        0.04271409     -0.28769747      0.49692195
 2ab a b       -0.04271409     -0.28769747     -0.49692195
 2ba b a       -0.04271409     -0.28769747     -0.49692195
 
 Energy:      -54.88839039    -54.53657328    -54.53473633
 


 **********************************************************************************************************************************
 DATASETS  * FILE   NREC   LENGTH (MB)   RECORD NAMES
              1      21      252.89       500      700      610      701      900      950      970     1000      129      960   
                                          VAR     GEOM    BASINP    GEOM    SYMINP    ZMAT    AOBASIS   BASIS     P2S    ABASIS    
                                         1100     1400     1410     1200     1210     1080     1600     1650     1300     1700   
                                           S        T        V       H0       H01     AOSYM     SMH    MOLCAS    ERIS     OPER   
                                         1380   
                                         JKOP   

              2       8       17.64       500      610      700     1000      520     2100     2140      701   
                                          VAR    BASINP    GEOM     BASIS   MCVARS     RHF     MCSCF    GEOM   

 PROGRAMS   *        TOTAL     MULTI       INT        CI     MULTI       INT        CI     MULTI       INT   RESTART
 CPU TIMES  *        41.93      1.25      8.68      6.55      1.26      8.67      6.04      0.61      8.76      0.02
 REAL TIME  *        44.85 SEC
 DISK USED  *       784.41 MB
 **********************************************************************************************************************************


 PROGRAM * CI (Multireference internally contracted CI)     Authors: H.-J. Werner, P.J. Knowles, 1987


 Convergence thresholds:  THRVAR = 1.00D-08  THRDEN = 1.00D-06

 Number of optimized states: 2  Roots:    1   2
 Number of reference states: 2  Roots:    1   2

 Program parameters:       NSTATE=  2    NSTATI=  3    NSTATR=  2    NCEPA = -1    NOKOP =  0    ITRDM =  0    ITRANS=  0
                           IDIP  =200    MAXIT =250    MAXITI=250    MAXDAV=  6    MAXVI =  9    NOSING=  0    NOPAIR=  0
                           MXSHRF=  5    IKCPS =  0    IOPTGM=  2    IOPTOR=  0    REFOPT=  1    IAVDEN=  0    IDELCG=  1
                           IREST =  0    NATORB=  0    IPUNRF=  0    ISEP  =  0    OLDDEN=  0    NSTPRI=  1    GPSFLI= -1
                           CLUSTE=  0    CLOSED=  1    ILSTYP=  0    ITRLS =  0    ICCSD =  0    LOCAL =  0    IBASO =  0
                           MP    =  0    ITEDIS=  2    INCDIS=  1    MAXDIS=  6    ITYDIS=  1    BRUECK=  0    IBRSTR=  3
                           INCBRK=  1    TRIPLE=  0    ICCTYP=  1    IHPPD =  0    ICCNEW=  0    I3EXT = -1    IDEB  =  0
                           IDLEIG=  1    IDFTYP=  1    IMP3  =  0    IPROCS=  0    NOINT =  0    NOREF =  1    IMP2G =  0
                           IHINT =  0    IFDIA =  0    ISPARO=  1    JKSYM =  0    CPHF  =  0    MP2D  = -1    DKINT =  0
                           NPKEX =  1    DRVK  =  1    HLSTRA=  1    WIGNER=  1    DIIS_C=  1    MAXIT_= 50    MATEL =  0
                           SPDEG =  1    MEMCPH=  0    DISM  =  1    KDCPMA=  5    IKDCP_=  0    IREDTH=  0    USECS =  0
                           IPROCC=  0    I3SAVE=  1    IKDCP =  1    USECI =  0    OLDPAI=  0    IPROCI=  0    KEEPCL=  1
                           DISCON=  0    SHIFTE=  0    DIISIN=  0    MOLCAS=  0    MEM_PT=  0    RECORD=  0    RS2C  =  0
                           KEXT  = -1    CIPT2 =  0    DECP0S=  0    I4EXT = -1    NATCOR=  0    RIMP2 =  0    DDCI  = -1
                           IPOLAR=  0

 Reference symmetry:                   4   Singlet 
 Number of electrons:                  8
 Maximum number of shells:             4
 Maximum number of spin couplings:     5

 Reference space:        6 conf        9 CSFs
 N elec internal:       45 conf       50 CSFs
 N-1 el internal:       48 conf       72 CSFs
 N-2 el internal:       26 conf       64 CSFs

 Number of electrons in valence space:                      6
 Maximum number of open shell orbitals in reference space:  4
 Maximum number of open shell orbitals in internal spaces:  6


 Number of core orbitals:           1 (   1   0   0   0 )
 Number of active  orbitals:        5 (   3   1   1   0 )
 Number of external orbitals:     201 (  73  49  49  30 )

 Molecular orbitals read from record     2140.2  Type=MCSCF/NATURAL (state averaged)

 Valence orbitals related to previous ones by unitary transformation. Operators transformed.


 Number of p-space configurations:   3

 Reference wavefunction optimized for reference space (refopt=1)

 State     Reference Energy 
     1       -54.88839039
     2       -54.53657328
     3       -54.53473633

 Number of blocks in overlap matrix:    12   Smallest eigenvalue:  0.15D-04
 Number of N-2 electron functions:      41
 Number of N-1 electron functions:      72

 Number of internal configurations:                    9
 Number of singly external configurations:          3575
 Number of doubly external configurations:        213344
 Total number of contracted configurations:       216928
 Total number of uncontracted configurations:     332025

 Diagonal Coupling coefficients finished.               Storage:    6317 words, CPU-Time:      0.00 seconds.
 Energy denominators for pairs finished in 1 passes.    Storage:  122654 words, CPU-time:      0.00 seconds.

  ITER. STATE  ROOT     SQ.NORM     CORR.ENERGY   TOTAL ENERGY   ENERGY CHANGE       DEN1      VAR(S)    VAR(P)      TIME
    1     1     1     1.00000000     0.00000000   -54.88839039    -0.00000000    -0.20540540  0.55D-01  0.24D-01     0.15
    1     2     2     1.00000000     0.00000000   -54.53657328     0.00000000    -0.15308038  0.33D-01  0.17D-01     0.15
    2     1     1     1.06540714    -0.18796747   -55.07635786    -0.18796747    -0.00964154  0.24D-02  0.13D-02     0.84
    2     2     2     1.04977228    -0.15273078   -54.68930406    -0.15273078    -0.00424509  0.64D-03  0.69D-03     0.84
    3     1     1     1.06679645    -0.19831007   -55.08670046    -0.01034260    -0.00062158  0.10D-03  0.10D-03     1.53
    3     2     2     1.05464384    -0.15756650   -54.69413978    -0.00483572    -0.00032216  0.91D-04  0.48D-04     1.53
    4     1     1     1.07002597    -0.19911459   -55.08750498    -0.00080452    -0.00005621  0.64D-05  0.96D-05     2.21
    4     2     2     1.05820356    -0.15801790   -54.69459118    -0.00045141    -0.00004801  0.19D-04  0.70D-05     2.21
    5     1     1     1.07089521    -0.19919096   -55.08758135    -0.00007638    -0.00000526  0.63D-06  0.85D-06     2.89
    5     2     2     1.05918507    -0.15809037   -54.69466365    -0.00007247    -0.00000881  0.36D-05  0.12D-05     2.89
    6     1     1     1.07088901    -0.19919774   -55.08758813    -0.00000677    -0.00000062  0.68D-07  0.99D-07     3.57
    6     2     2     1.05955001    -0.15810352   -54.69467680    -0.00001315    -0.00000197  0.11D-05  0.26D-06     3.57
    7     1     1     1.07091619    -0.19919851   -55.08758890    -0.00000077    -0.00000008  0.90D-08  0.13D-07     4.27
    7     2     2     1.05981497    -0.15810619   -54.69467947    -0.00000268    -0.00000056  0.46D-06  0.62D-07     4.27
    8     1     1     1.07092259    -0.19919861   -55.08758900    -0.00000010    -0.00000001  0.16D-08  0.19D-08     4.96
    8     2     2     1.05996455    -0.15810707   -54.69468035    -0.00000088    -0.00000026  0.21D-06  0.30D-07     4.96
    9     1     1     1.07092260    -0.19919861   -55.08758900    -0.00000000    -0.00000001  0.16D-08  0.19D-08     5.49
    9     2     2     1.06021156    -0.15810768   -54.69468096    -0.00000061    -0.00000012  0.82D-07  0.19D-07     5.49
   10     1     1     1.07092259    -0.19919861   -55.08758900    -0.00000000    -0.00000001  0.16D-08  0.19D-08     6.03
   10     2     2     1.06023705    -0.15810787   -54.69468115    -0.00000019    -0.00000008  0.47D-07  0.14D-07     6.03
   11     1     1     1.07092259    -0.19919861   -55.08758900     0.00000000    -0.00000001  0.16D-08  0.19D-08     6.55
   11     2     2     1.06028493    -0.15810804   -54.69468132    -0.00000017    -0.00000005  0.14D-07  0.96D-08     6.55
   12     1     1     1.07092259    -0.19919861   -55.08758900    -0.00000000    -0.00000001  0.16D-08  0.19D-08     7.08
   12     2     2     1.06029115    -0.15810809   -54.69468137    -0.00000006    -0.00000001  0.47D-08  0.17D-08     7.08


 =====================================
 Analysis of CPU times by interactions
 =====================================

       I      S      P

 I   0.0%
 S   0.0%   0.4%
 P   0.4%   0.7%  16.7%

 Initialization:   2.0%
 Other:           79.8%

 Total CPU:        7.1 seconds
 =====================================



 gnormi=  0.93377430  gnorms=  0.03623361  gnormp=  0.02999209  gnorm=  1.00000000
 ecorri= -0.18600654  ecorrs= -0.00721523  ecorrp= -0.00597683  ecorr= -0.19919861

 gnormi=  0.94313717  gnorms=  0.03693822  gnormp=  0.01992461  gnorm=  1.00000000
 ecorri= -0.14911762  ecorrs= -0.00583686  ecorrp= -0.00315361  ecorr= -0.15810809

 Reference coefficients greater than 0.0500000
 =============================================
 2//\\           0.0000001   0.9685088
 220/\           0.9640903   0.0000011
 2/\/\           0.0606750  -0.0000530
 /2/\\           0.0000000   0.0543728

 Coefficients of fixed reference functions:
 ==========================================

 State      Coefficients
 1           0.965964    0.000000
 2          -0.000003    0.971073

 Coefficients of rotated reference functions:
 ============================================

 State      Coefficients
 1           0.965964   -0.000002
 2          -0.000002    0.971073


 RESULTS FOR STATE 1.4
 =====================

 Coefficient of reference function:   C(0) = 0.96596350 (fixed)   0.96631998 (relaxed)   0.96596350 (rotated)

 Energy contributions of configuration classes

 CLASS          SQ.NORM        ECORR1        ECORR2
 +++++++++++++++++++++++++++++++++++++++++++++++++++
 Internals    0.00073821   -0.00000000   -0.12311902
 Singles      0.03883204   -0.06739732   -0.07010269
 Pairs        0.03214291   -0.00000007   -0.00597690
 Total        1.07171316   -0.06739739   -0.19919861
 +++++++++++++++++++++++++++++++++++++++++++++++++++


 Reference energy                     -54.88839039
 Nuclear energy                         3.77983722
 Kinetic energy                        55.25945373
 One electron energy                  -81.87467270
 Two electron energy                   23.00724648
 Virial quotient                       -0.99688986
 Correlation energy                    -0.19919861
 !MRCI STATE 1.4 Energy               -55.087588998154

 Properties without orbital relaxation:

 !MRCI STATE 1.4 Dipole moment          0.00000000     0.00000000     0.62382306
 Dipole moment /Debye                   0.00000000     0.00000000     1.58560006

 Cluster corrected energies           -55.10187416 (Davidson, fixed reference)
 Cluster corrected energies           -55.10171668 (Davidson, relaxed reference)
 Cluster corrected energies           -55.10187416 (Davidson, rotated reference)

 Cluster corrected energies           -55.09733399 (Pople, fixed reference)
 Cluster corrected energies           -55.09722422 (Pople, relaxed reference)
 Cluster corrected energies           -55.09733399 (Pople, rotated reference)



 RESULTS FOR STATE 2.4
 =====================

 Coefficient of reference function:   C(0) = 0.97107321 (fixed)   0.97115250 (relaxed)   0.97107321 (rotated)

 Energy contributions of configuration classes

 CLASS          SQ.NORM        ECORR1        ECORR2
 +++++++++++++++++++++++++++++++++++++++++++++++++++
 Internals    0.00016331   -0.00000000   -0.00002435
 Singles      0.03917166   -0.06880029   -0.07071438
 Pairs        0.02112934   -0.08930781   -0.08736937
 Total        1.06046430   -0.15810809   -0.15810809
 +++++++++++++++++++++++++++++++++++++++++++++++++++


 Reference energy                     -54.53657328
 Nuclear energy                         3.77983722
 Kinetic energy                        54.99393675
 One electron energy                  -79.70970313
 Two electron energy                   21.23518453
 Virial quotient                       -0.99455839
 Correlation energy                    -0.15810809
 !MRCI STATE 2.4 Energy               -54.694681373623

 Properties without orbital relaxation:

 !MRCI STATE 2.4 Dipole moment          0.00000000     0.00000000    -1.56242501
 Dipole moment /Debye                   0.00000000     0.00000000    -3.97128826

 Cluster corrected energies           -54.70424127 (Davidson, fixed reference)
 Cluster corrected energies           -54.70421389 (Davidson, relaxed reference)
 Cluster corrected energies           -54.70424127 (Davidson, rotated reference)

 Cluster corrected energies           -54.70118024 (Pople, fixed reference)
 Cluster corrected energies           -54.70116128 (Pople, relaxed reference)
 Cluster corrected energies           -54.70118024 (Pople, rotated reference)


 !MRCI trans          <2.4|DMZ|1.4>     0.000036016363 au =     0.000091544463 Debye


 **********************************************************************************************************************************
 DATASETS  * FILE   NREC   LENGTH (MB)   RECORD NAMES
              1      21      252.89       500      700      610      701      900      950      970     1000      129      960   
                                          VAR     GEOM    BASINP    GEOM    SYMINP    ZMAT    AOBASIS   BASIS     P2S    ABASIS    
                                         1100     1400     1410     1200     1210     1080     1600     1650     1300     1700   
                                           S        T        V       H0       H01     AOSYM     SMH    MOLCAS    ERIS     OPER   
                                         1380   
                                         JKOP   

              2       8       17.64       500      610      700     1000      520     2100     2140      701   
                                          VAR    BASINP    GEOM     BASIS   MCVARS     RHF     MCSCF    GEOM   

 PROGRAMS   *        TOTAL        CI     MULTI       INT        CI     MULTI       INT        CI     MULTI       INT   RESTART
 CPU TIMES  *        49.05      7.11      1.25      8.68      6.55      1.26      8.67      6.04      0.61      8.76      0.02
 REAL TIME  *        52.58 SEC
 DISK USED  *       784.41 MB
 **********************************************************************************************************************************
 SETTING E1(3)          =       -55.08758900  AU                              
 SETTING E2(3)          =       -54.69468137  AU                              

 DO I                   =         4.00000000   


 Using spherical harmonics

 Library entry N      S aug-cc-pV5Z          selected for orbital group  1
 Library entry N      P aug-cc-pV5Z          selected for orbital group  1
 Library entry N      D aug-cc-pV5Z          selected for orbital group  1
 Library entry N      F aug-cc-pV5Z          selected for orbital group  1
 Library entry N      G aug-cc-pV5Z          selected for orbital group  1
 Library entry N      H aug-cc-pV5Z          selected for orbital group  1
 Library entry H      S aug-cc-pV5Z          selected for orbital group  2
 Library entry H      P aug-cc-pV5Z          selected for orbital group  2
 Library entry H      D aug-cc-pV5Z          selected for orbital group  2
 Library entry H      F aug-cc-pV5Z          selected for orbital group  2
 Library entry H      G aug-cc-pV5Z          selected for orbital group  2


 PROGRAM * SEWARD (Integral evaluation for generally contracted gaussian basis sets)     Author: Roland Lindh, 1990

 Geometry written to block  1 of record 701

 Orientation using atomic masses  
 Molecule type: Linear
 Symmetry elements: X,Y
 Rotational constants:     571.2393772    571.2393772      0.0000000 GHz  (calculated with average atomic masses)

 Point group  C2v 



 ATOMIC COORDINATES

 NR  ATOM    CHARGE       X              Y              Z

   1  N       7.00    0.000000000    0.000000000   -0.123052476
   2  H       1.00    0.000000000    0.000000000    1.709981865

 Bond lengths in Bohr (Angstrom)

 1-2  1.833034341
     ( 0.970000000)

 NUCLEAR CHARGE:                    8
 NUMBER OF PRIMITIVE AOS:         307
 NUMBER OF SYMMETRY AOS:          227
 NUMBER OF CONTRACTIONS:          207   (   77A1  +   50B1  +   50B2  +   30A2  )
 NUMBER OF INNER CORE ORBITALS:     0   (    0A1  +    0B1  +    0B2  +    0A2  )
 NUMBER OF OUTER CORE ORBITALS:     1   (    1A1  +    0B1  +    0B2  +    0A2  )
 NUMBER OF VALENCE ORBITALS:        5   (    3A1  +    1B1  +    1B2  +    0A2  )


 NUCLEAR REPULSION ENERGY    3.81880461

 EXTRA SYMMETRY OF AOS IN SYMMETRY 1:   1 1 1 1 1 1 1 1 1 1   1 1 1 1 2 1 2 1 2 1   2 1 2 1 2 1 2 1 2 1   2 1 3 2 1 3 2 1 3 2
                                        2 3 1 2 3 1 1 1 1 1   1 1 1 1 1 1 1 1 2 1   2 1 2 1 2 1 2 1 2 1   2 1 3 2 1 3 2
 EXTRA SYMMETRY OF AOS IN SYMMETRY 2:   1 1 1 1 1 1 1 1 1 1   1 1 2 1 2 1 2 1 2 1   2 1 2 1 2 1 2 3 1 2   3 1 1 1 1 1 1 1 1 1
                                        1 2 1 2 1 2 1 2 1 2
 EXTRA SYMMETRY OF AOS IN SYMMETRY 3:   1 1 1 1 1 1 1 1 1 1   1 1 2 1 2 1 2 1 2 1   2 1 2 1 2 1 2 3 1 2   3 1 1 1 1 1 1 1 1 1
                                        1 2 1 2 1 2 1 2 1 2
 EXTRA SYMMETRY OF AOS IN SYMMETRY 4:   1 1 1 1 1 1 1 1 1 1   2 1 2 1 2 2 1 2 1 1   1 1 1 1 1 1 1 2 1 2

 Eigenvalues of metric

         1 0.134E-04 0.778E-04 0.225E-03 0.280E-03 0.519E-03 0.680E-03 0.126E-02 0.262E-02
         2 0.252E-03 0.120E-02 0.303E-02 0.478E-02 0.759E-02 0.180E-01 0.260E-01 0.350E-01
         3 0.252E-03 0.120E-02 0.303E-02 0.478E-02 0.759E-02 0.180E-01 0.260E-01 0.350E-01
         4 0.262E-02 0.146E-01 0.383E-01 0.595E-01 0.878E-01 0.112E+00 0.196E+00 0.208E+00


 Contracted 2-electron integrals neglected if value below      1.0D-12
 AO integral compression algorithm  1   Integral accuracy      1.0D-12

     286.786 MB (compressed) written to integral file ( 50.8%)


 NUMBER OF SORTED TWO-ELECTRON INTEGRALS:   59167011.     BUFFER LENGTH:  32768
 NUMBER OF SEGMENTS:   4  SEGMENT LENGTH:   15999984      RECORD LENGTH: 524288

 Memory used in sort:      16.56 MW

 SORT1 READ    70490039. AND WROTE    39593948. INTEGRALS IN    116 RECORDS. CPU TIME:     0.79 SEC, REAL TIME:     0.95 SEC
 SORT2 READ    39593948. AND WROTE    59167011. INTEGRALS IN   1094 RECORDS. CPU TIME:     0.65 SEC, REAL TIME:     0.76 SEC

 FILE SIZES:   FILE 1:   317.9 MBYTE,  FILE 4:   486.6 MBYTE,   TOTAL:    804.5 MBYTE

 OPERATOR DM      FOR CENTER  0  COORDINATES:    0.000000    0.000000    0.000000


 **********************************************************************************************************************************
 DATASETS  * FILE   NREC   LENGTH (MB)   RECORD NAMES
              1      20      250.36       500      700      610      701      900      950      970     1000      129      960   
                                          VAR     GEOM    BASINP    GEOM    SYMINP    ZMAT    AOBASIS   BASIS     P2S    ABASIS    
                                         1100     1400     1410     1200     1210     1080     1600     1650     1300     1700   
                                           S        T        V       H0       H01     AOSYM     SMH    MOLCAS    ERIS     OPER   

              2       8       17.64       500      610      700     1000      520     2100     2140      701   
                                          VAR    BASINP    GEOM     BASIS   MCVARS     RHF     MCSCF    GEOM   

 PROGRAMS   *        TOTAL       INT        CI     MULTI       INT        CI     MULTI       INT        CI     MULTI       INT
 CPU TIMES  *        57.74      8.69      7.11      1.25      8.68      6.55      1.26      8.67      6.04      0.61      8.76
 REAL TIME  *        61.70 SEC
 DISK USED  *       784.91 MB
 **********************************************************************************************************************************

 PROGRAM * MULTI (Direct Multiconfiguration SCF)       Authors: P.J. Knowles, H.-J. Werner (1984)
                                                                D.A. Kreplin, P.J. Knowles, H.-J. Werner (2019)

 Number of closed-shell orbitals:   1 (   1   0   0   0 )
 Number of active  orbitals:        5 (   3   1   1   0 )
 Number of external orbitals:     201 (  73  49  49  30 )

 State symmetry 1

 Number of active electrons:   6    Spin symmetry=Singlet   Space symmetry=4
 Number of states:             3
 Number of CSFs:               9   (24 determinants, 100 intermediate states)

 Molecular orbitals read from record     2140.2  Type=MCSCF/NATURAL (state averaged)

 EXTRA SYMMETRY OF MOS IN SYMMETRY 1:   1 1 1 1 1 1 1 2 1 1   1 1 2 1 1 2 1 1 2 1   2 1 1 1 2 3 1 2 1 1   2 1 2 3 1 1 2 1 1 1
                                        2 3 2 1 3 2 1 1 2 2   1 1 1 2 1 1 2 3 1 3   1 1 2 2 1 3 2 2 1 1   2 1 2 1 1 1 1
 EXTRA SYMMETRY OF MOS IN SYMMETRY 2:   1 1 1 1 1 1 2 1 1 1   2 1 1 1 2 1 1 2 1 2   1 1 1 2 3 1 1 2 1 2   1 2 1 1 1 2 1 3 1 2
                                        1 2 1 2 2 1 1 1 1 1
 EXTRA SYMMETRY OF MOS IN SYMMETRY 3:   1 1 1 1 1 1 2 1 1 1   2 1 1 1 2 1 1 2 1 2   1 1 1 2 3 1 1 2 1 2   1 2 1 1 1 2 1 3 1 2
                                        1 2 1 2 2 1 1 1 1 1
 EXTRA SYMMETRY OF MOS IN SYMMETRY 4:   1 1 1 1 1 1 2 1 1 1   2 1 1 2 1 2 1 1 1 1   1 2 2 1 1 2 1 1 1 1

 Wavefunction dump at record             2140.2

 Convergence thresholds  0.10E-04 (gradient)  0.10E-05 (energy)

 Weight factors for state symmetry  1:    0.33333   0.33333   0.33333
 
 Number of orbital rotations:  393  ( 3 closed/active, 73 closed/virtual, 0 active/active, 317 active/virtual )
 Total number of variables:    465
 
  Second-order MCSCF: L-BFGS accelerated
 
 ITER  MIC  NCI  NEG     ENERGY(VAR)    ENERGY(PROJ) ENERGY CHANGE       GRAD(0)  GRAD(ORB)   GRAD(CI)      STEP      TIME
   1    6    4    0    -54.65102327     -54.65105730   -0.00003403    0.01189771 0.00000290 0.00000000  0.97E-02      0.36
   2    6    5    0    -54.65105727     -54.65105727   -0.00000000    0.00001358 0.00000000 0.00000000  0.27E-04      0.72
   3    3    2    0    -54.65105727     -54.65105727    0.00000000    0.00000000 0.00000000 0.00000000  0.70E-09      1.05

 CONVERGENCE REACHED!  Final gradient:    0.00000000 ( 0.54E-11)
                       Final energy:    -54.65105727
 
 Results for state 1.4
 =====================
 !MCSCF STATE 1.4 Energy                       -54.887136936678
 Nuclear energy                                  3.81880461
 Kinetic energy                                 55.74340941
 One electron energy                           -82.66981866
 Two electron energy                            23.96387711
 Virial ratio                                    1.98463904
 
 !MCSCF STATE 1.4 Dipole moment                  0.00000000     0.00000000     0.73776705
 Dipole moment /Debye                            0.00000000     0.00000000     1.87521680
 
 Results for state 2.4
 =====================
 !MCSCF STATE 2.4 Energy                       -54.533057951355
 Nuclear energy                                  3.81880461
 Kinetic energy                                 54.38209385
 One electron energy                           -79.49334972
 Two electron energy                            21.14148716
 Virial ratio                                    2.00277599
 
 !MCSCF STATE 2.4 Dipole moment                  0.00000000     0.00000000    -1.65500429
 Dipole moment /Debye                            0.00000000     0.00000000    -4.20660132
 
 Results for state 3.4
 =====================
 !MCSCF STATE 3.4 Energy                       -54.532976927028
 Nuclear energy                                  3.81880461
 Kinetic energy                                 54.48827641
 One electron energy                           -79.49295073
 Two electron energy                            21.14116918
 Virial ratio                                    2.00082037
 
 !MCSCF STATE 3.4 Dipole moment                  0.00000000     0.00000000    -1.53030129
 Dipole moment /Debye                            0.00000000     0.00000000    -3.88963790
 
 State-averaged charge density matrix saved on record 2140.2 (density set 1)
 
 Expectation values: (only non-zero values are shown)
 
 !MCSCF expec                       <1.4|DMZ|1.4>     0.737767052046 au =     1.875216802577 Debye
 !MCSCF expec                       <2.4|DMZ|2.4>    -1.655004290369 au =    -4.206601318167 Debye
 !MCSCF expec                       <3.4|DMZ|3.4>    -1.530301287133 au =    -3.889637899494 Debye
 
 Transition values: (only non-zero values with the ground state are shown)
 
 !MCSCF trans                       <1.4|DMZ|2.4>    -0.725569575354 au =    -1.844213909213 Debye
 

 EXTRA SYMMETRY OF MOS IN SYMMETRY 1:   1 1 1 1 1 1 1 2 1 1   1 1 2 1 1 2 1 1 2 1   2 1 1 1 2 3 1 2 1 1   2 1 2 3 1 1 2 1 1 1
                                        2 3 2 1 3 2 1 1 2 2   1 1 1 2 1 1 2 3 1 3   1 1 2 2 1 3 2 1 2 1   2 1 2 1 1 1 1
 
 Natural orbital dump (state averaged) at molpro section 2140.2 (Orbital set 2)
 
 Reoptimze the CI vectors with natural orbitals 
 
 CI Coefficients of symmetry 4
 =============================
 
 220 a b       -0.70427380      0.05504696     -0.00000000
 220 b a        0.70427380     -0.05504696      0.00000000
 2aa b b       -0.00000000      0.00000000      0.57543942
 2bb a a        0.00000000      0.00000000      0.57543942
 2ab a b       -0.04024275     -0.49713919     -0.28771971
 2ba b a       -0.04024275     -0.49713919     -0.28771971
 2ba a b        0.04024275      0.49713919     -0.28771971
 2ab b a        0.04024275      0.49713919     -0.28771971
 
 Energy:      -54.88713694    -54.53305795    -54.53297693
 


 **********************************************************************************************************************************
 DATASETS  * FILE   NREC   LENGTH (MB)   RECORD NAMES
              1      21      253.28       500      700      610      701      900      950      970     1000      129      960   
                                          VAR     GEOM    BASINP    GEOM    SYMINP    ZMAT    AOBASIS   BASIS     P2S    ABASIS    
                                         1100     1400     1410     1200     1210     1080     1600     1650     1300     1700   
                                           S        T        V       H0       H01     AOSYM     SMH    MOLCAS    ERIS     OPER   
                                         1380   
                                         JKOP   

              2       8       17.64       500      610      700     1000      520     2100     2140      701   
                                          VAR    BASINP    GEOM     BASIS   MCVARS     RHF     MCSCF    GEOM   

 PROGRAMS   *        TOTAL     MULTI       INT        CI     MULTI       INT        CI     MULTI       INT        CI     MULTI
 CPU TIMES  *        59.00      1.25      8.69      7.11      1.25      8.68      6.55      1.26      8.67      6.04      0.61
 REAL TIME  *        63.10 SEC
 DISK USED  *       784.91 MB
 **********************************************************************************************************************************


 PROGRAM * CI (Multireference internally contracted CI)     Authors: H.-J. Werner, P.J. Knowles, 1987


 Convergence thresholds:  THRVAR = 1.00D-08  THRDEN = 1.00D-06

 Number of optimized states: 2  Roots:    1   2
 Number of reference states: 2  Roots:    1   2

 Program parameters:       NSTATE=  2    NSTATI=  3    NSTATR=  2    NCEPA = -1    NOKOP =  0    ITRDM =  0    ITRANS=  0
                           IDIP  =200    MAXIT =250    MAXITI=250    MAXDAV=  6    MAXVI =  9    NOSING=  0    NOPAIR=  0
                           MXSHRF=  5    IKCPS =  0    IOPTGM=  2    IOPTOR=  0    REFOPT=  1    IAVDEN=  0    IDELCG=  1
                           IREST =  0    NATORB=  0    IPUNRF=  0    ISEP  =  0    OLDDEN=  0    NSTPRI=  1    GPSFLI= -1
                           CLUSTE=  0    CLOSED=  1    ILSTYP=  0    ITRLS =  0    ICCSD =  0    LOCAL =  0    IBASO =  0
                           MP    =  0    ITEDIS=  2    INCDIS=  1    MAXDIS=  6    ITYDIS=  1    BRUECK=  0    IBRSTR=  3
                           INCBRK=  1    TRIPLE=  0    ICCTYP=  1    IHPPD =  0    ICCNEW=  0    I3EXT = -1    IDEB  =  0
                           IDLEIG=  1    IDFTYP=  1    IMP3  =  0    IPROCS=  0    NOINT =  0    NOREF =  1    IMP2G =  0
                           IHINT =  0    IFDIA =  0    ISPARO=  1    JKSYM =  0    CPHF  =  0    MP2D  = -1    DKINT =  0
                           NPKEX =  1    DRVK  =  1    HLSTRA=  1    WIGNER=  1    DIIS_C=  1    MAXIT_= 50    MATEL =  0
                           SPDEG =  1    MEMCPH=  0    DISM  =  1    KDCPMA=  5    IKDCP_=  0    IREDTH=  0    USECS =  0
                           IPROCC=  0    I3SAVE=  1    IKDCP =  1    USECI =  0    OLDPAI=  0    IPROCI=  0    KEEPCL=  1
                           DISCON=  0    SHIFTE=  0    DIISIN=  0    MOLCAS=  0    MEM_PT=  0    RECORD=  0    RS2C  =  0
                           KEXT  = -1    CIPT2 =  0    DECP0S=  0    I4EXT = -1    NATCOR=  0    RIMP2 =  0    DDCI  = -1
                           IPOLAR=  0

 Reference symmetry:                   4   Singlet 
 Number of electrons:                  8
 Maximum number of shells:             4
 Maximum number of spin couplings:     5

 Reference space:        6 conf        9 CSFs
 N elec internal:       45 conf       50 CSFs
 N-1 el internal:       48 conf       72 CSFs
 N-2 el internal:       26 conf       64 CSFs

 Number of electrons in valence space:                      6
 Maximum number of open shell orbitals in reference space:  4
 Maximum number of open shell orbitals in internal spaces:  6


 Number of core orbitals:           1 (   1   0   0   0 )
 Number of active  orbitals:        5 (   3   1   1   0 )
 Number of external orbitals:     201 (  73  49  49  30 )

 Molecular orbitals read from record     2140.2  Type=MCSCF/NATURAL (state averaged)

 Valence orbitals related to previous ones by unitary transformation. Operators transformed.


 Number of p-space configurations:   3

 Reference wavefunction optimized for reference space (refopt=1)

 State     Reference Energy 
     1       -54.88713694
     2       -54.53305795
     3       -54.53297693

 Number of blocks in overlap matrix:     8   Smallest eigenvalue:  0.45D-03
 Number of N-2 electron functions:      35
 Number of N-1 electron functions:      72

 Number of internal configurations:                    9
 Number of singly external configurations:          3575
 Number of doubly external configurations:        180251
 Total number of contracted configurations:       183835
 Total number of uncontracted configurations:     332025

 Diagonal Coupling coefficients finished.               Storage:    6197 words, CPU-Time:      0.00 seconds.
 Energy denominators for pairs finished in 1 passes.    Storage:  121346 words, CPU-time:      0.00 seconds.

  ITER. STATE  ROOT     SQ.NORM     CORR.ENERGY   TOTAL ENERGY   ENERGY CHANGE       DEN1      VAR(S)    VAR(P)      TIME
    1     1     1     1.00000000     0.00000000   -54.88713694     0.00000000    -0.20806651  0.55D-01  0.24D-01     0.15
    1     2     2     1.00000000     0.00000000   -54.53305795     0.00000000    -0.15781047  0.43D-01  0.17D-01     0.15
    2     1     1     1.06521475    -0.18894579   -55.07608272    -0.18894579    -0.00873261  0.22D-02  0.11D-02     0.73
    2     2     2     1.05589033    -0.15452900   -54.68758695    -0.15452900    -0.00487989  0.14D-02  0.73D-03     0.73
    3     1     1     1.06682311    -0.19834286   -55.08547980    -0.00939707    -0.00054336  0.78D-04  0.90D-04     1.32
    3     2     2     1.05680589    -0.15979506   -54.69285301    -0.00526606    -0.00036397  0.13D-03  0.62D-04     1.32
    4     1     1     1.06957057    -0.19904983   -55.08618676    -0.00070696    -0.00004999  0.61D-05  0.82D-05     1.90
    4     2     2     1.06059713    -0.16029093   -54.69334888    -0.00049587    -0.00006712  0.39D-04  0.11D-04     1.90
    5     1     1     1.07032006    -0.19911646   -55.08625340    -0.00006663    -0.00000441  0.49D-06  0.70D-06     2.48
    5     2     2     1.06254643    -0.16039199   -54.69344994    -0.00010107    -0.00002141  0.12D-04  0.35D-05     2.48
    6     1     1     1.07034360    -0.19912202   -55.08625896    -0.00000556    -0.00000052  0.46D-07  0.84D-07     3.06
    6     2     2     1.06343780    -0.16042266   -54.69348061    -0.00003067    -0.00000887  0.83D-05  0.11D-05     3.06
    7     1     1     1.07036568    -0.19912266   -55.08625960    -0.00000064    -0.00000007  0.64D-08  0.11D-07     3.64
    7     2     2     1.06450977    -0.16043558   -54.69349353    -0.00001292    -0.00000400  0.31D-05  0.52D-06     3.64
    8     1     1     1.07037225    -0.19912275   -55.08625968    -0.00000009    -0.00000001  0.11D-08  0.16D-08     4.23
    8     2     2     1.06511897    -0.16044114   -54.69349909    -0.00000556    -0.00000201  0.13D-05  0.33D-06     4.23
    9     1     1     1.07037208    -0.19912275   -55.08625968    -0.00000000    -0.00000001  0.12D-08  0.16D-08     4.69
    9     2     2     1.06632019    -0.16044543   -54.69350338    -0.00000428    -0.00000062  0.11D-06  0.10D-06     4.69
   10     1     1     1.07037231    -0.19912275   -55.08625968    -0.00000000    -0.00000001  0.12D-08  0.16D-08     5.16
   10     2     2     1.06638402    -0.16044608   -54.69350403    -0.00000066    -0.00000007  0.44D-07  0.11D-07     5.16
   11     1     1     1.07037205    -0.19912275   -55.08625968    -0.00000000    -0.00000001  0.12D-08  0.16D-08     5.64
   11     2     2     1.06650905    -0.16044620   -54.69350415    -0.00000012    -0.00000002  0.43D-08  0.36D-08     5.64


 =====================================
 Analysis of CPU times by interactions
 =====================================

       I      S      P

 I   0.0%
 S   0.2%   0.7%
 P   0.2%   0.4%  14.9%

 Initialization:   2.7%
 Other:           81.0%

 Total CPU:        5.6 seconds
 =====================================



 gnormi=  0.93425459  gnorms=  0.03601311  gnormp=  0.02973230  gnorm=  1.00000000
 ecorri= -0.18603134  ecorrs= -0.00716909  ecorrp= -0.00592231  ecorr= -0.19912275

 gnormi=  0.93763855  gnorms=  0.04260329  gnormp=  0.01975816  gnorm=  1.00000000
 ecorri= -0.15044054  ecorrs= -0.00683684  ecorrp= -0.00316882  ecorr= -0.16044620

 Reference coefficients greater than 0.0500000
 =============================================
 220/\           0.9645797  -0.0430923
 2/\/\           0.0567382   0.9640511
 /2\/\           0.0215404  -0.0783799

 Coefficients of singly external configurations greater than 0.0500000
 =====================================================================

 220\0   2.3     0.0401921  -0.0631959
 2200\   2.2     0.0401923  -0.0631826

 Coefficients of fixed reference functions:
 ==========================================

 State      Coefficients
 1           0.966235   -0.020073
 2           0.031908    0.967717

 Coefficients of rotated reference functions:
 ============================================

 State      Coefficients
 1           0.966425    0.005895
 2           0.005895    0.968225


 RESULTS FOR STATE 1.4
 =====================

 Coefficient of reference function:   C(0) = 0.96623452 (fixed)   0.96656846 (relaxed)   0.96642502 (rotated)

 Energy contributions of configuration classes

 CLASS          SQ.NORM        ECORR1        ECORR2
 +++++++++++++++++++++++++++++++++++++++++++++++++++
 Internals    0.00029686   -0.00005801   -0.12969193
 Singles      0.03855887   -0.06736876   -0.07008998
 Pairs        0.03183407    0.00704673    0.00065917
 Total        1.07068980   -0.06038004   -0.19912275
 +++++++++++++++++++++++++++++++++++++++++++++++++++


 Reference energy                     -54.88688132
 Nuclear energy                         3.81880461
 Kinetic energy                        55.28037352
 One electron energy                  -81.94781793
 Two electron energy                   23.04275364
 Virial quotient                       -0.99648856
 Correlation energy                    -0.19937837
 !MRCI STATE 1.4 Energy               -55.086259681904

 Properties without orbital relaxation:

 !MRCI STATE 1.4 Dipole moment          0.00000000     0.00000000     0.62835278
 Dipole moment /Debye                   0.00000000     0.00000000     1.59711347

 Cluster corrected energies           -55.10035370 (Davidson, fixed reference)
 Cluster corrected energies           -55.10029035 (Davidson, relaxed reference)
 Cluster corrected energies           -55.10035370 (Davidson, rotated reference)

 Cluster corrected energies           -55.09587126 (Pople, fixed reference)
 Cluster corrected energies           -55.09582711 (Pople, relaxed reference)
 Cluster corrected energies           -55.09587126 (Pople, rotated reference)



 RESULTS FOR STATE 2.4
 =====================

 Coefficient of reference function:   C(0) = 0.96771661 (fixed)   0.96831738 (relaxed)   0.96822457 (rotated)

 Energy contributions of configuration classes

 CLASS          SQ.NORM        ECORR1        ECORR2
 +++++++++++++++++++++++++++++++++++++++++++++++++++
 Internals    0.00019173   -0.00005791   -0.00025705
 Singles      0.04544551   -0.06895368   -0.07147808
 Pairs        0.02107629   -0.09124908   -0.08871107
 Total        1.06671353   -0.16026067   -0.16044620
 +++++++++++++++++++++++++++++++++++++++++++++++++++


 Reference energy                     -54.53331357
 Nuclear energy                         3.81880461
 Kinetic energy                        54.89401763
 One electron energy                  -79.70522945
 Two electron energy                   21.19292068
 Virial quotient                       -0.99634726
 Correlation energy                    -0.16019058
 !MRCI STATE 2.4 Energy               -54.693504148927

 Properties without orbital relaxation:

 !MRCI STATE 2.4 Dipole moment          0.00000000     0.00000000    -1.50398478
 Dipole moment /Debye                   0.00000000     0.00000000    -3.82274802

 Cluster corrected energies           -54.70419103 (Davidson, fixed reference)
 Cluster corrected energies           -54.70415827 (Davidson, relaxed reference)
 Cluster corrected energies           -54.70419103 (Davidson, rotated reference)

 Cluster corrected energies           -54.70078325 (Pople, fixed reference)
 Cluster corrected energies           -54.70076048 (Pople, relaxed reference)
 Cluster corrected energies           -54.70078325 (Pople, rotated reference)


 !MRCI trans          <2.4|DMZ|1.4>    -0.683836613915 au =    -1.738139301660 Debye


 **********************************************************************************************************************************
 DATASETS  * FILE   NREC   LENGTH (MB)   RECORD NAMES
              1      21      253.28       500      700      610      701      900      950      970     1000      129      960   
                                          VAR     GEOM    BASINP    GEOM    SYMINP    ZMAT    AOBASIS   BASIS     P2S    ABASIS    
                                         1100     1400     1410     1200     1210     1080     1600     1650     1300     1700   
                                           S        T        V       H0       H01     AOSYM     SMH    MOLCAS    ERIS     OPER   
                                         1380   
                                         JKOP   

              2       8       17.64       500      610      700     1000      520     2100     2140      701   
                                          VAR    BASINP    GEOM     BASIS   MCVARS     RHF     MCSCF    GEOM   

 PROGRAMS   *        TOTAL        CI     MULTI       INT        CI     MULTI       INT        CI     MULTI       INT        CI
 CPU TIMES  *        64.67      5.67      1.25      8.69      7.11      1.25      8.68      6.55      1.26      8.67      6.04
 REAL TIME  *        69.36 SEC
 DISK USED  *       784.91 MB
 **********************************************************************************************************************************
 SETTING E1(4)          =       -55.08625968  AU                              
 SETTING E2(4)          =       -54.69350415  AU                              

 DO I                   =         5.00000000   


 Using spherical harmonics

 Library entry N      S aug-cc-pV5Z          selected for orbital group  1
 Library entry N      P aug-cc-pV5Z          selected for orbital group  1
 Library entry N      D aug-cc-pV5Z          selected for orbital group  1
 Library entry N      F aug-cc-pV5Z          selected for orbital group  1
 Library entry N      G aug-cc-pV5Z          selected for orbital group  1
 Library entry N      H aug-cc-pV5Z          selected for orbital group  1
 Library entry H      S aug-cc-pV5Z          selected for orbital group  2
 Library entry H      P aug-cc-pV5Z          selected for orbital group  2
 Library entry H      D aug-cc-pV5Z          selected for orbital group  2
 Library entry H      F aug-cc-pV5Z          selected for orbital group  2
 Library entry H      G aug-cc-pV5Z          selected for orbital group  2


 PROGRAM * SEWARD (Integral evaluation for generally contracted gaussian basis sets)     Author: Roland Lindh, 1990

 Geometry written to block  1 of record 701

 Orientation using atomic masses  
 Molecule type: Linear
 Symmetry elements: X,Y
 Rotational constants:     583.2021810    583.2021810      0.0000000 GHz  (calculated with average atomic masses)

 Point group  C2v 



 ATOMIC COORDINATES

 NR  ATOM    CHARGE       X              Y              Z

   1  N       7.00    0.000000000    0.000000000   -0.121783894
   2  H       1.00    0.000000000    0.000000000    1.692353186

 Bond lengths in Bohr (Angstrom)

 1-2  1.814137080
     ( 0.960000000)

 NUCLEAR CHARGE:                    8
 NUMBER OF PRIMITIVE AOS:         307
 NUMBER OF SYMMETRY AOS:          227
 NUMBER OF CONTRACTIONS:          207   (   77A1  +   50B1  +   50B2  +   30A2  )
 NUMBER OF INNER CORE ORBITALS:     0   (    0A1  +    0B1  +    0B2  +    0A2  )
 NUMBER OF OUTER CORE ORBITALS:     1   (    1A1  +    0B1  +    0B2  +    0A2  )
 NUMBER OF VALENCE ORBITALS:        5   (    3A1  +    1B1  +    1B2  +    0A2  )


 NUCLEAR REPULSION ENERGY    3.85858383

 EXTRA SYMMETRY OF AOS IN SYMMETRY 1:   1 1 1 1 1 1 1 1 1 1   1 1 1 1 2 1 2 1 2 1   2 1 2 1 2 1 2 1 2 1   2 1 3 2 1 3 2 1 3 2
                                        2 3 1 2 3 1 1 1 1 1   1 1 1 1 1 1 1 1 2 1   2 1 2 1 2 1 2 1 2 1   2 1 3 2 1 3 2
 EXTRA SYMMETRY OF AOS IN SYMMETRY 2:   1 1 1 1 1 1 1 1 1 1   1 1 2 1 2 1 2 1 2 1   2 1 2 1 2 1 2 3 1 2   3 1 1 1 1 1 1 1 1 1
                                        1 2 1 2 1 2 1 2 1 2
 EXTRA SYMMETRY OF AOS IN SYMMETRY 3:   1 1 1 1 1 1 1 1 1 1   1 1 2 1 2 1 2 1 2 1   2 1 2 1 2 1 2 3 1 2   3 1 1 1 1 1 1 1 1 1
                                        1 2 1 2 1 2 1 2 1 2
 EXTRA SYMMETRY OF AOS IN SYMMETRY 4:   1 1 1 1 1 1 1 1 1 1   2 1 2 1 2 2 1 2 1 1   1 1 1 1 1 1 1 2 1 2

 Eigenvalues of metric

         1 0.130E-04 0.766E-04 0.224E-03 0.270E-03 0.506E-03 0.660E-03 0.121E-02 0.253E-02
         2 0.239E-03 0.114E-02 0.295E-02 0.477E-02 0.742E-02 0.176E-01 0.252E-01 0.338E-01
         3 0.239E-03 0.114E-02 0.295E-02 0.477E-02 0.742E-02 0.176E-01 0.252E-01 0.338E-01
         4 0.253E-02 0.141E-01 0.370E-01 0.578E-01 0.872E-01 0.111E+00 0.195E+00 0.207E+00


 Contracted 2-electron integrals neglected if value below      1.0D-12
 AO integral compression algorithm  1   Integral accuracy      1.0D-12

     287.048 MB (compressed) written to integral file ( 50.9%)


 NUMBER OF SORTED TWO-ELECTRON INTEGRALS:   59167011.     BUFFER LENGTH:  32768
 NUMBER OF SEGMENTS:   4  SEGMENT LENGTH:   15999984      RECORD LENGTH: 524288

 Memory used in sort:      16.56 MW

 SORT1 READ    70490039. AND WROTE    39593942. INTEGRALS IN    116 RECORDS. CPU TIME:     0.77 SEC, REAL TIME:     0.93 SEC
 SORT2 READ    39593942. AND WROTE    59167011. INTEGRALS IN   1095 RECORDS. CPU TIME:     0.62 SEC, REAL TIME:     0.76 SEC

 FILE SIZES:   FILE 1:   318.2 MBYTE,  FILE 4:   486.6 MBYTE,   TOTAL:    804.7 MBYTE

 OPERATOR DM      FOR CENTER  0  COORDINATES:    0.000000    0.000000    0.000000


 **********************************************************************************************************************************
 DATASETS  * FILE   NREC   LENGTH (MB)   RECORD NAMES
              1      20      250.75       500      700      610      701      900      950      970     1000      129      960   
                                          VAR     GEOM    BASINP    GEOM    SYMINP    ZMAT    AOBASIS   BASIS     P2S    ABASIS    
                                         1100     1400     1410     1200     1210     1080     1600     1650     1300     1700   
                                           S        T        V       H0       H01     AOSYM     SMH    MOLCAS    ERIS     OPER   

              2       8       17.64       500      610      700     1000      520     2100     2140      701   
                                          VAR    BASINP    GEOM     BASIS   MCVARS     RHF     MCSCF    GEOM   

 PROGRAMS   *        TOTAL       INT        CI     MULTI       INT        CI     MULTI       INT        CI     MULTI       INT
 CPU TIMES  *        73.33      8.65      5.67      1.25      8.69      7.11      1.25      8.68      6.55      1.26      8.67
 REAL TIME  *        78.49 SEC
 DISK USED  *       785.16 MB
 **********************************************************************************************************************************

 PROGRAM * MULTI (Direct Multiconfiguration SCF)       Authors: P.J. Knowles, H.-J. Werner (1984)
                                                                D.A. Kreplin, P.J. Knowles, H.-J. Werner (2019)

 Number of closed-shell orbitals:   1 (   1   0   0   0 )
 Number of active  orbitals:        5 (   3   1   1   0 )
 Number of external orbitals:     201 (  73  49  49  30 )

 State symmetry 1

 Number of active electrons:   6    Spin symmetry=Singlet   Space symmetry=4
 Number of states:             3
 Number of CSFs:               9   (24 determinants, 100 intermediate states)

 Molecular orbitals read from record     2140.2  Type=MCSCF/NATURAL (state averaged)

 EXTRA SYMMETRY OF MOS IN SYMMETRY 1:   1 1 1 1 1 1 1 2 1 1   1 1 2 1 1 2 1 1 2 1   2 1 1 1 2 3 1 2 1 1   2 1 2 3 1 1 2 1 1 1
                                        2 3 2 1 3 2 1 1 2 2   1 1 1 2 1 1 2 3 1 3   1 1 2 2 1 3 2 1 2 1   2 1 2 1 1 1 1
 EXTRA SYMMETRY OF MOS IN SYMMETRY 2:   1 1 1 1 1 1 2 1 1 1   2 1 1 1 2 1 1 2 1 2   1 1 1 2 3 1 1 2 1 2   1 2 1 1 1 2 1 3 1 2
                                        1 2 1 2 2 1 1 1 1 1
 EXTRA SYMMETRY OF MOS IN SYMMETRY 3:   1 1 1 1 1 1 2 1 1 1   2 1 1 1 2 1 1 2 1 2   1 1 1 2 3 1 1 2 1 2   1 2 1 1 1 2 1 3 1 2
                                        1 2 1 2 2 1 1 1 1 1
 EXTRA SYMMETRY OF MOS IN SYMMETRY 4:   1 1 1 1 1 1 2 1 1 1   2 1 1 2 1 2 1 1 1 1   1 2 2 1 1 2 1 1 1 1

 Wavefunction dump at record             2140.2

 Convergence thresholds  0.10E-04 (gradient)  0.10E-05 (energy)

 Weight factors for state symmetry  1:    0.33333   0.33333   0.33333
 
 Number of orbital rotations:  393  ( 3 closed/active, 73 closed/virtual, 0 active/active, 317 active/virtual )
 Total number of variables:    465
 
  Second-order MCSCF: L-BFGS accelerated
 
 ITER  MIC  NCI  NEG     ENERGY(VAR)    ENERGY(PROJ) ENERGY CHANGE       GRAD(0)  GRAD(ORB)   GRAD(CI)      STEP      TIME
   1    5    4    0    -54.64865131     -54.64868565   -0.00003434    0.01214363 0.00000283 0.00000000  0.95E-02      0.36
   2    6    5    0    -54.64868562     -54.64868562   -0.00000000    0.00001323 0.00000000 0.00000000  0.26E-04      0.73
   3    3    2    0    -54.64868562     -54.64868562    0.00000000    0.00000000 0.00000000 0.00000000  0.64E-09      1.07

 CONVERGENCE REACHED!  Final gradient:    0.00000000 ( 0.52E-11)
                       Final energy:    -54.64868562
 
 Results for state 1.4
 =====================
 !MCSCF STATE 1.4 Energy                       -54.885680747008
 Nuclear energy                                  3.85858383
 Kinetic energy                                 55.77204997
 One electron energy                           -82.74860301
 Two electron energy                            24.00433844
 Virial ratio                                    1.98410729
 
 !MCSCF STATE 1.4 Dipole moment                  0.00000000     0.00000000     0.74313489
 Dipole moment /Debye                            0.00000000     0.00000000     1.88886047
 
 Results for state 2.4
 =====================
 !MCSCF STATE 2.4 Energy                       -54.531149165152
 Nuclear energy                                  3.85858383
 Kinetic energy                                 54.39071019
 One electron energy                           -79.53727653
 Two electron energy                            21.14754354
 Virial ratio                                    2.00258204
 
 !MCSCF STATE 2.4 Dipole moment                  0.00000000     0.00000000    -1.66213462
 Dipole moment /Debye                            0.00000000     0.00000000    -4.22472480
 
 Results for state 3.4
 =====================
 !MCSCF STATE 3.4 Energy                       -54.529226948163
 Nuclear energy                                  3.85858383
 Kinetic energy                                 54.49537649
 One electron energy                           -79.53895673
 Two electron energy                            21.15114596
 Virial ratio                                    2.00062116
 
 !MCSCF STATE 3.4 Dipole moment                  0.00000000     0.00000000    -1.53127781
 Dipole moment /Debye                            0.00000000     0.00000000    -3.89211998
 
 State-averaged charge density matrix saved on record 2140.2 (density set 1)
 
 Expectation values: (only non-zero values are shown)
 
 !MCSCF expec                       <1.4|DMZ|1.4>     0.743134885317 au =     1.888860473861 Debye
 !MCSCF expec                       <2.4|DMZ|2.4>    -1.662134615934 au =    -4.224724798023 Debye
 !MCSCF expec                       <3.4|DMZ|3.4>    -1.531277812217 au =    -3.892119978682 Debye
 
 Transition values: (only non-zero values with the ground state are shown)
 
 !MCSCF trans                       <1.4|DMZ|2.4>    -0.700806661413 au =    -1.781272860037 Debye
 

 EXTRA SYMMETRY OF MOS IN SYMMETRY 2:   1 1 1 1 1 1 2 1 1 1   2 1 1 1 2 1 1 2 1 2   1 1 1 2 3 1 1 2 1 2   1 2 1 1 1 2 3 1 1 2
                                        1 2 1 2 2 1 1 1 1 1
 EXTRA SYMMETRY OF MOS IN SYMMETRY 3:   1 1 1 1 1 1 2 1 1 1   2 1 1 1 2 1 1 2 1 2   1 1 1 2 3 1 1 2 1 2   1 2 1 1 1 2 3 1 1 2
                                        1 2 1 2 2 1 1 1 1 1
 
 Natural orbital dump (state averaged) at molpro section 2140.2 (Orbital set 2)
 
 Reoptimze the CI vectors with natural orbitals 
 
 CI Coefficients of symmetry 4
 =============================
 
 220 a b       -0.70454826      0.05161171     -0.00000000
 220 b a        0.70454826     -0.05161171      0.00000000
 2bb a a       -0.00000000      0.00000000      0.57548232
 2aa b b        0.00000000      0.00000000      0.57548232
 2ba b a       -0.03780001     -0.49734151     -0.28774116
 2ab a b       -0.03780001     -0.49734151     -0.28774116
 2ab b a        0.03780001      0.49734151     -0.28774116
 2ba a b        0.03780001      0.49734151     -0.28774116
 
 Energy:      -54.88568075    -54.53114917    -54.52922695
 


 **********************************************************************************************************************************
 DATASETS  * FILE   NREC   LENGTH (MB)   RECORD NAMES
              1      21      253.67       500      700      610      701      900      950      970     1000      129      960   
                                          VAR     GEOM    BASINP    GEOM    SYMINP    ZMAT    AOBASIS   BASIS     P2S    ABASIS    
                                         1100     1400     1410     1200     1210     1080     1600     1650     1300     1700   
                                           S        T        V       H0       H01     AOSYM     SMH    MOLCAS    ERIS     OPER   
                                         1380   
                                         JKOP   

              2       8       17.64       500      610      700     1000      520     2100     2140      701   
                                          VAR    BASINP    GEOM     BASIS   MCVARS     RHF     MCSCF    GEOM   

 PROGRAMS   *        TOTAL     MULTI       INT        CI     MULTI       INT        CI     MULTI       INT        CI     MULTI
 CPU TIMES  *        74.60      1.28      8.65      5.67      1.25      8.69      7.11      1.25      8.68      6.55      1.26
 REAL TIME  *        79.90 SEC
 DISK USED  *       785.16 MB
 **********************************************************************************************************************************


 PROGRAM * CI (Multireference internally contracted CI)     Authors: H.-J. Werner, P.J. Knowles, 1987


 Convergence thresholds:  THRVAR = 1.00D-08  THRDEN = 1.00D-06

 Number of optimized states: 2  Roots:    1   2
 Number of reference states: 2  Roots:    1   2

 Program parameters:       NSTATE=  2    NSTATI=  3    NSTATR=  2    NCEPA = -1    NOKOP =  0    ITRDM =  0    ITRANS=  0
                           IDIP  =200    MAXIT =250    MAXITI=250    MAXDAV=  6    MAXVI =  9    NOSING=  0    NOPAIR=  0
                           MXSHRF=  5    IKCPS =  0    IOPTGM=  2    IOPTOR=  0    REFOPT=  1    IAVDEN=  0    IDELCG=  1
                           IREST =  0    NATORB=  0    IPUNRF=  0    ISEP  =  0    OLDDEN=  0    NSTPRI=  1    GPSFLI= -1
                           CLUSTE=  0    CLOSED=  1    ILSTYP=  0    ITRLS =  0    ICCSD =  0    LOCAL =  0    IBASO =  0
                           MP    =  0    ITEDIS=  2    INCDIS=  1    MAXDIS=  6    ITYDIS=  1    BRUECK=  0    IBRSTR=  3
                           INCBRK=  1    TRIPLE=  0    ICCTYP=  1    IHPPD =  0    ICCNEW=  0    I3EXT = -1    IDEB  =  0
                           IDLEIG=  1    IDFTYP=  1    IMP3  =  0    IPROCS=  0    NOINT =  0    NOREF =  1    IMP2G =  0
                           IHINT =  0    IFDIA =  0    ISPARO=  1    JKSYM =  0    CPHF  =  0    MP2D  = -1    DKINT =  0
                           NPKEX =  1    DRVK  =  1    HLSTRA=  1    WIGNER=  1    DIIS_C=  1    MAXIT_= 50    MATEL =  0
                           SPDEG =  1    MEMCPH=  0    DISM  =  1    KDCPMA=  5    IKDCP_=  0    IREDTH=  0    USECS =  0
                           IPROCC=  0    I3SAVE=  1    IKDCP =  1    USECI =  0    OLDPAI=  0    IPROCI=  0    KEEPCL=  1
                           DISCON=  0    SHIFTE=  0    DIISIN=  0    MOLCAS=  0    MEM_PT=  0    RECORD=  0    RS2C  =  0
                           KEXT  = -1    CIPT2 =  0    DECP0S=  0    I4EXT = -1    NATCOR=  0    RIMP2 =  0    DDCI  = -1
                           IPOLAR=  0

 Reference symmetry:                   4   Singlet 
 Number of electrons:                  8
 Maximum number of shells:             4
 Maximum number of spin couplings:     5

 Reference space:        6 conf        9 CSFs
 N elec internal:       45 conf       50 CSFs
 N-1 el internal:       48 conf       72 CSFs
 N-2 el internal:       26 conf       64 CSFs

 Number of electrons in valence space:                      6
 Maximum number of open shell orbitals in reference space:  4
 Maximum number of open shell orbitals in internal spaces:  6


 Number of core orbitals:           1 (   1   0   0   0 )
 Number of active  orbitals:        5 (   3   1   1   0 )
 Number of external orbitals:     201 (  73  49  49  30 )

 Molecular orbitals read from record     2140.2  Type=MCSCF/NATURAL (state averaged)

 Valence orbitals related to previous ones by unitary transformation. Operators transformed.


 Number of p-space configurations:   3

 Reference wavefunction optimized for reference space (refopt=1)

 State     Reference Energy 
     1       -54.88568075
     2       -54.53114917
     3       -54.52922695

 Number of blocks in overlap matrix:     8   Smallest eigenvalue:  0.47D-03
 Number of N-2 electron functions:      35
 Number of N-1 electron functions:      72

 Number of internal configurations:                    9
 Number of singly external configurations:          3575
 Number of doubly external configurations:        180251
 Total number of contracted configurations:       183835
 Total number of uncontracted configurations:     332025

 Diagonal Coupling coefficients finished.               Storage:    6197 words, CPU-Time:      0.00 seconds.
 Energy denominators for pairs finished in 1 passes.    Storage:  121346 words, CPU-time:      0.01 seconds.

  ITER. STATE  ROOT     SQ.NORM     CORR.ENERGY   TOTAL ENERGY   ENERGY CHANGE       DEN1      VAR(S)    VAR(P)      TIME
    1     1     1     1.00000000     0.00000000   -54.88568075    -0.00000000    -0.20873405  0.55D-01  0.24D-01     0.16
    1     2     2     1.00000000     0.00000000   -54.53114917     0.00000000    -0.15699699  0.42D-01  0.17D-01     0.16
    2     1     1     1.06535965    -0.18926021   -55.07494096    -0.18926021    -0.00870189  0.22D-02  0.11D-02     0.75
    2     2     2     1.05501307    -0.15411453   -54.68526369    -0.15411453    -0.00474409  0.13D-02  0.72D-03     0.75
    3     1     1     1.06683389    -0.19859569   -55.08427644    -0.00933548    -0.00052947  0.76D-04  0.87D-04     1.35
    3     2     2     1.05608097    -0.15924874   -54.69039790    -0.00513421    -0.00035220  0.13D-03  0.60D-04     1.35
    4     1     1     1.06953501    -0.19928081   -55.08496156    -0.00068512    -0.00004764  0.59D-05  0.78D-05     1.94
    4     2     2     1.05973846    -0.15972654   -54.69087571    -0.00047781    -0.00006488  0.37D-04  0.11D-04     1.94
    5     1     1     1.07028539    -0.19934415   -55.08502489    -0.00006333    -0.00000410  0.46D-06  0.65D-06     2.51
    5     2     2     1.06158825    -0.15982318   -54.69097234    -0.00009663    -0.00002060  0.12D-04  0.34D-05     2.51
    6     1     1     1.07030960    -0.19934931   -55.08503005    -0.00000516    -0.00000047  0.41D-07  0.77D-07     3.10
    6     2     2     1.06243889    -0.15985258   -54.69100175    -0.00002941    -0.00000849  0.80D-05  0.10D-05     3.10
    7     1     1     1.07033030    -0.19934989   -55.08503063    -0.00000058    -0.00000006  0.57D-08  0.10D-07     3.70
    7     2     2     1.06347077    -0.15986501   -54.69101417    -0.00001243    -0.00000388  0.30D-05  0.51D-06     3.70
    8     1     1     1.07033653    -0.19934996   -55.08503071    -0.00000008    -0.00000001  0.10D-08  0.14D-08     4.30
    8     2     2     1.06405547    -0.15987038   -54.69101954    -0.00000537    -0.00000197  0.13D-05  0.33D-06     4.30
    9     1     1     1.07033648    -0.19934996   -55.08503071    -0.00000000    -0.00000001  0.10D-08  0.14D-08     4.77
    9     2     2     1.06522316    -0.15987458   -54.69102374    -0.00000420    -0.00000061  0.11D-06  0.10D-06     4.77
   10     1     1     1.07033671    -0.19934996   -55.08503071    -0.00000000    -0.00000001  0.10D-08  0.14D-08     5.24
   10     2     2     1.06528549    -0.15987522   -54.69102439    -0.00000065    -0.00000007  0.43D-07  0.10D-07     5.24
   11     1     1     1.07033645    -0.19934996   -55.08503071    -0.00000000    -0.00000001  0.10D-08  0.14D-08     5.72
   11     2     2     1.06540684    -0.15987534   -54.69102450    -0.00000011    -0.00000002  0.42D-08  0.35D-08     5.72


 =====================================
 Analysis of CPU times by interactions
 =====================================

       I      S      P

 I   0.0%
 S   0.0%   0.5%
 P   0.5%   0.5%  14.2%

 Initialization:   2.8%
 Other:           81.5%

 Total CPU:        5.7 seconds
 =====================================



 gnormi=  0.93428566  gnorms=  0.03614406  gnormp=  0.02957027  gnorm=  1.00000000
 ecorri= -0.18624981  ecorrs= -0.00720356  ecorrp= -0.00589659  ecorr= -0.19934996

 gnormi=  0.93860858  gnorms=  0.04173482  gnormp=  0.01965660  gnorm=  1.00000000
 ecorri= -0.15006036  ecorrs= -0.00667356  ecorrp= -0.00314141  ecorr= -0.15987534

 Reference coefficients greater than 0.0500000
 =============================================
 220/\           0.9647969  -0.0400537
 2/\/\           0.0532455   0.9647326
 /2\/\           0.0217682  -0.0776693

 Coefficients of singly external configurations greater than 0.0500000
 =====================================================================

 220\0   2.3     0.0403012  -0.0618356
 2200\   2.2     0.0403014  -0.0618212

 Coefficients of fixed reference functions:
 ==========================================

 State      Coefficients
 1           0.966280   -0.018861
 2           0.030281    0.968272

 Coefficients of rotated reference functions:
 ============================================

 State      Coefficients
 1           0.966447    0.005683
 2           0.005683    0.968729


 RESULTS FOR STATE 1.4
 =====================

 Coefficient of reference function:   C(0) = 0.96627961 (fixed)   0.96658453 (relaxed)   0.96644695 (rotated)

 Energy contributions of configuration classes

 CLASS          SQ.NORM        ECORR1        ECORR2
 +++++++++++++++++++++++++++++++++++++++++++++++++++
 Internals    0.00028474   -0.00005293   -0.12932676
 Singles      0.03869732   -0.06753296   -0.07028068
 Pairs        0.03165915    0.00658880    0.00025748
 Total        1.07064121   -0.06099709   -0.19934996
 +++++++++++++++++++++++++++++++++++++++++++++++++++


 Reference energy                     -54.88545213
 Nuclear energy                         3.85858383
 Kinetic energy                        55.29997884
 One electron energy                  -82.01751318
 Two electron energy                   23.07389864
 Virial quotient                       -0.99611305
 Correlation energy                    -0.19957858
 !MRCI STATE 1.4 Energy               -55.085030709304

 Properties without orbital relaxation:

 !MRCI STATE 1.4 Dipole moment          0.00000000     0.00000000     0.63004892
 Dipole moment /Debye                   0.00000000     0.00000000     1.60142461

 Cluster corrected energies           -55.09912918 (Davidson, fixed reference)
 Cluster corrected energies           -55.09906836 (Davidson, relaxed reference)
 Cluster corrected energies           -55.09912918 (Davidson, rotated reference)

 Cluster corrected energies           -55.09464518 (Pople, fixed reference)
 Cluster corrected energies           -55.09460280 (Pople, relaxed reference)
 Cluster corrected energies           -55.09464518 (Pople, rotated reference)



 RESULTS FOR STATE 2.4
 =====================

 Coefficient of reference function:   C(0) = 0.96827225 (fixed)   0.96881813 (relaxed)   0.96872897 (rotated)

 Energy contributions of configuration classes

 CLASS          SQ.NORM        ECORR1        ECORR2
 +++++++++++++++++++++++++++++++++++++++++++++++++++
 Internals    0.00018410   -0.00005280   -0.00023517
 Singles      0.04447275   -0.06849925   -0.07095571
 Pairs        0.02094613   -0.09115493   -0.08868446
 Total        1.06560298   -0.15970697   -0.15987534
 +++++++++++++++++++++++++++++++++++++++++++++++++++


 Reference energy                     -54.53137779
 Nuclear energy                         3.85858383
 Kinetic energy                        54.90790475
 One electron energy                  -79.75589822
 Two electron energy                   21.20628989
 Virial quotient                       -0.99605011
 Correlation energy                    -0.15964672
 !MRCI STATE 2.4 Energy               -54.691024501990

 Properties without orbital relaxation:

 !MRCI STATE 2.4 Dipole moment          0.00000000     0.00000000    -1.51013232
 Dipole moment /Debye                   0.00000000     0.00000000    -3.83837349

 Cluster corrected energies           -54.70149780 (Davidson, fixed reference)
 Cluster corrected energies           -54.70146649 (Davidson, relaxed reference)
 Cluster corrected energies           -54.70149780 (Davidson, rotated reference)

 Cluster corrected energies           -54.69815568 (Pople, fixed reference)
 Cluster corrected energies           -54.69813393 (Pople, relaxed reference)
 Cluster corrected energies           -54.69815568 (Pople, rotated reference)


 !MRCI trans          <2.4|DMZ|1.4>    -0.668446136855 au =    -1.699020610872 Debye


 **********************************************************************************************************************************
 DATASETS  * FILE   NREC   LENGTH (MB)   RECORD NAMES
              1      21      253.67       500      700      610      701      900      950      970     1000      129      960   
                                          VAR     GEOM    BASINP    GEOM    SYMINP    ZMAT    AOBASIS   BASIS     P2S    ABASIS    
                                         1100     1400     1410     1200     1210     1080     1600     1650     1300     1700   
                                           S        T        V       H0       H01     AOSYM     SMH    MOLCAS    ERIS     OPER   
                                         1380   
                                         JKOP   

              2       8       17.64       500      610      700     1000      520     2100     2140      701   
                                          VAR    BASINP    GEOM     BASIS   MCVARS     RHF     MCSCF    GEOM   

 PROGRAMS   *        TOTAL        CI     MULTI       INT        CI     MULTI       INT        CI     MULTI       INT        CI
 CPU TIMES  *        80.35      5.75      1.28      8.65      5.67      1.25      8.69      7.11      1.25      8.68      6.55
 REAL TIME  *        86.18 SEC
 DISK USED  *       785.16 MB
 **********************************************************************************************************************************
 SETTING E1(5)          =       -55.08503071  AU                              
 SETTING E2(5)          =       -54.69102450  AU                              

 DO I                   =         6.00000000   


 Using spherical harmonics

 Library entry N      S aug-cc-pV5Z          selected for orbital group  1
 Library entry N      P aug-cc-pV5Z          selected for orbital group  1
 Library entry N      D aug-cc-pV5Z          selected for orbital group  1
 Library entry N      F aug-cc-pV5Z          selected for orbital group  1
 Library entry N      G aug-cc-pV5Z          selected for orbital group  1
 Library entry N      H aug-cc-pV5Z          selected for orbital group  1
 Library entry H      S aug-cc-pV5Z          selected for orbital group  2
 Library entry H      P aug-cc-pV5Z          selected for orbital group  2
 Library entry H      D aug-cc-pV5Z          selected for orbital group  2
 Library entry H      F aug-cc-pV5Z          selected for orbital group  2
 Library entry H      G aug-cc-pV5Z          selected for orbital group  2


 PROGRAM * SEWARD (Integral evaluation for generally contracted gaussian basis sets)     Author: Roland Lindh, 1990

 Geometry written to block  1 of record 701

 Orientation using atomic masses  
 Molecule type: Linear
 Symmetry elements: X,Y
 Rotational constants:     595.5447424    595.5447424      0.0000000 GHz  (calculated with average atomic masses)

 Point group  C2v 



 ATOMIC COORDINATES

 NR  ATOM    CHARGE       X              Y              Z

   1  N       7.00    0.000000000    0.000000000   -0.120515312
   2  H       1.00    0.000000000    0.000000000    1.674724507

 Bond lengths in Bohr (Angstrom)

 1-2  1.795239818
     ( 0.950000000)

 NUCLEAR CHARGE:                    8
 NUMBER OF PRIMITIVE AOS:         307
 NUMBER OF SYMMETRY AOS:          227
 NUMBER OF CONTRACTIONS:          207   (   77A1  +   50B1  +   50B2  +   30A2  )
 NUMBER OF INNER CORE ORBITALS:     0   (    0A1  +    0B1  +    0B2  +    0A2  )
 NUMBER OF OUTER CORE ORBITALS:     1   (    1A1  +    0B1  +    0B2  +    0A2  )
 NUMBER OF VALENCE ORBITALS:        5   (    3A1  +    1B1  +    1B2  +    0A2  )


 NUCLEAR REPULSION ENERGY    3.89920050

 EXTRA SYMMETRY OF AOS IN SYMMETRY 1:   1 1 1 1 1 1 1 1 1 1   1 1 1 1 2 1 2 1 2 1   2 1 2 1 2 1 2 1 2 1   2 1 3 2 1 3 2 1 3 2
                                        2 3 1 2 3 1 1 1 1 1   1 1 1 1 1 1 1 1 2 1   2 1 2 1 2 1 2 1 2 1   2 1 3 2 1 3 2
 EXTRA SYMMETRY OF AOS IN SYMMETRY 2:   1 1 1 1 1 1 1 1 1 1   1 1 2 1 2 1 2 1 2 1   2 1 2 1 2 1 2 3 1 2   3 1 1 1 1 1 1 1 1 1
                                        1 2 1 2 1 2 1 2 1 2
 EXTRA SYMMETRY OF AOS IN SYMMETRY 3:   1 1 1 1 1 1 1 1 1 1   1 1 2 1 2 1 2 1 2 1   2 1 2 1 2 1 2 3 1 2   3 1 1 1 1 1 1 1 1 1
                                        1 2 1 2 1 2 1 2 1 2
 EXTRA SYMMETRY OF AOS IN SYMMETRY 4:   1 1 1 1 1 1 1 1 1 1   2 1 2 1 2 2 1 2 1 1   1 1 1 1 1 1 1 2 1 2

 Eigenvalues of metric

         1 0.126E-04 0.754E-04 0.222E-03 0.260E-03 0.493E-03 0.638E-03 0.116E-02 0.245E-02
         2 0.227E-03 0.108E-02 0.286E-02 0.476E-02 0.726E-02 0.171E-01 0.245E-01 0.325E-01
         3 0.227E-03 0.108E-02 0.286E-02 0.476E-02 0.726E-02 0.171E-01 0.245E-01 0.325E-01
         4 0.245E-02 0.135E-01 0.356E-01 0.562E-01 0.866E-01 0.110E+00 0.195E+00 0.206E+00


 Contracted 2-electron integrals neglected if value below      1.0D-12
 AO integral compression algorithm  1   Integral accuracy      1.0D-12

     287.572 MB (compressed) written to integral file ( 51.0%)


 NUMBER OF SORTED TWO-ELECTRON INTEGRALS:   59167011.     BUFFER LENGTH:  32768
 NUMBER OF SEGMENTS:   4  SEGMENT LENGTH:   15999984      RECORD LENGTH: 524288

 Memory used in sort:      16.56 MW

 SORT1 READ    70490039. AND WROTE    39593947. INTEGRALS IN    116 RECORDS. CPU TIME:     0.79 SEC, REAL TIME:     0.94 SEC
 SORT2 READ    39593947. AND WROTE    59167011. INTEGRALS IN   1097 RECORDS. CPU TIME:     0.65 SEC, REAL TIME:     0.77 SEC

 FILE SIZES:   FILE 1:   318.7 MBYTE,  FILE 4:   486.6 MBYTE,   TOTAL:    805.3 MBYTE

 OPERATOR DM      FOR CENTER  0  COORDINATES:    0.000000    0.000000    0.000000


 **********************************************************************************************************************************
 DATASETS  * FILE   NREC   LENGTH (MB)   RECORD NAMES
              1      20      251.13       500      700      610      701      900      950      970     1000      129      960   
                                          VAR     GEOM    BASINP    GEOM    SYMINP    ZMAT    AOBASIS   BASIS     P2S    ABASIS    
                                         1100     1400     1410     1200     1210     1080     1600     1650     1300     1700   
                                           S        T        V       H0       H01     AOSYM     SMH    MOLCAS    ERIS     OPER   

              2       8       17.64       500      610      700     1000      520     2100     2140      701   
                                          VAR    BASINP    GEOM     BASIS   MCVARS     RHF     MCSCF    GEOM   

 PROGRAMS   *        TOTAL       INT        CI     MULTI       INT        CI     MULTI       INT        CI     MULTI       INT
 CPU TIMES  *        89.06      8.71      5.75      1.28      8.65      5.67      1.25      8.69      7.11      1.25      8.68
 REAL TIME  *        95.33 SEC
 DISK USED  *       785.66 MB
 **********************************************************************************************************************************

 PROGRAM * MULTI (Direct Multiconfiguration SCF)       Authors: P.J. Knowles, H.-J. Werner (1984)
                                                                D.A. Kreplin, P.J. Knowles, H.-J. Werner (2019)

 Number of closed-shell orbitals:   1 (   1   0   0   0 )
 Number of active  orbitals:        5 (   3   1   1   0 )
 Number of external orbitals:     201 (  73  49  49  30 )

 State symmetry 1

 Number of active electrons:   6    Spin symmetry=Singlet   Space symmetry=4
 Number of states:             3
 Number of CSFs:               9   (24 determinants, 100 intermediate states)

 Molecular orbitals read from record     2140.2  Type=MCSCF/NATURAL (state averaged)

 EXTRA SYMMETRY OF MOS IN SYMMETRY 1:   1 1 1 1 1 1 1 2 1 1   1 1 2 1 1 2 1 1 2 1   2 1 1 1 2 3 1 2 1 1   2 1 2 3 1 1 2 1 1 1
                                        2 3 2 1 3 2 1 1 2 2   1 1 1 2 1 1 2 3 1 3   1 1 2 2 1 3 2 1 2 1   2 1 2 1 1 1 1
 EXTRA SYMMETRY OF MOS IN SYMMETRY 2:   1 1 1 1 1 1 2 1 1 1   2 1 1 1 2 1 1 2 1 2   1 1 1 2 3 1 1 2 1 2   1 2 1 1 1 2 3 1 1 2
                                        1 2 1 2 2 1 1 1 1 1
 EXTRA SYMMETRY OF MOS IN SYMMETRY 3:   1 1 1 1 1 1 2 1 1 1   2 1 1 1 2 1 1 2 1 2   1 1 1 2 3 1 1 2 1 2   1 2 1 1 1 2 3 1 1 2
                                        1 2 1 2 2 1 1 1 1 1
 EXTRA SYMMETRY OF MOS IN SYMMETRY 4:   1 1 1 1 1 1 2 1 1 1   2 1 1 2 1 2 1 1 1 1   1 2 2 1 1 2 1 1 1 1

 Wavefunction dump at record             2140.2

 Convergence thresholds  0.10E-04 (gradient)  0.10E-05 (energy)

 Weight factors for state symmetry  1:    0.33333   0.33333   0.33333
 
 Number of orbital rotations:  393  ( 3 closed/active, 73 closed/virtual, 0 active/active, 317 active/virtual )
 Total number of variables:    465
 
  Second-order MCSCF: L-BFGS accelerated
 
 ITER  MIC  NCI  NEG     ENERGY(VAR)    ENERGY(PROJ) ENERGY CHANGE       GRAD(0)  GRAD(ORB)   GRAD(CI)      STEP      TIME
   1    5    4    0    -54.64606978     -54.64610446   -0.00003468    0.01239613 0.00000274 0.00000000  0.92E-02      0.36
   2    5    5    0    -54.64610443     -54.64610443   -0.00000000    0.00001290 0.00000000 0.00000000  0.24E-04      0.72
   3    3    2    0    -54.64610443     -54.64610443    0.00000000    0.00000000 0.00000000 0.00000000  0.58E-09      1.06

 CONVERGENCE REACHED!  Final gradient:    0.00000000 ( 0.47E-11)
                       Final energy:    -54.64610443
 
 Results for state 1.4
 =====================
 !MCSCF STATE 1.4 Energy                       -54.884007958123
 Nuclear energy                                  3.89920050
 Kinetic energy                                 55.80102722
 One electron energy                           -82.82801149
 Two electron energy                            24.04480303
 Virial ratio                                    1.98356627
 
 !MCSCF STATE 1.4 Dipole moment                  0.00000000     0.00000000     0.74814668
 Dipole moment /Debye                            0.00000000     0.00000000     1.90159919
 
 Results for state 2.4
 =====================
 !MCSCF STATE 2.4 Energy                       -54.528997606063
 Nuclear energy                                  3.89920050
 Kinetic energy                                 54.40037641
 One electron energy                           -79.58315625
 Two electron energy                            21.15495814
 Virial ratio                                    2.00236434
 
 !MCSCF STATE 2.4 Dipole moment                  0.00000000     0.00000000    -1.66832893
 Dipole moment /Debye                            0.00000000     0.00000000    -4.24046917
 
 Results for state 3.4
 =====================
 !MCSCF STATE 3.4 Energy                       -54.525307738152
 Nuclear energy                                  3.89920050
 Kinetic energy                                 54.50333720
 One electron energy                           -79.58654991
 Two electron energy                            21.16204167
 Virial ratio                                    2.00040310
 
 !MCSCF STATE 3.4 Dipole moment                  0.00000000     0.00000000    -1.53182975
 Dipole moment /Debye                            0.00000000     0.00000000    -3.89352286
 
 State-averaged charge density matrix saved on record 2140.2 (density set 1)
 
 Expectation values: (only non-zero values are shown)
 
 !MCSCF expec                       <1.4|DMZ|1.4>     0.748146681884 au =     1.901599190111 Debye
 !MCSCF expec                       <2.4|DMZ|2.4>    -1.668328930348 au =    -4.240469174841 Debye
 !MCSCF expec                       <3.4|DMZ|3.4>    -1.531829748288 au =    -3.893522860244 Debye
 
 Transition values: (only non-zero values with the ground state are shown)
 
 !MCSCF trans                       <1.4|DMZ|2.4>    -0.676472354675 au =    -1.719421221708 Debye
 

 EXTRA SYMMETRY OF MOS IN SYMMETRY 2:   1 1 1 1 1 1 2 1 1 1   2 1 1 1 2 1 1 2 1 2   1 1 1 2 3 1 1 2 1 2   1 2 1 1 1 2 3 1 1 1
                                        2 2 1 2 2 1 1 1 1 1
 EXTRA SYMMETRY OF MOS IN SYMMETRY 3:   1 1 1 1 1 1 2 1 1 1   2 1 1 1 2 1 1 2 1 2   1 1 1 2 3 1 1 2 1 2   1 2 1 1 1 2 3 1 1 1
                                        2 2 1 2 2 1 1 1 1 1
 
 Natural orbital dump (state averaged) at molpro section 2140.2 (Orbital set 2)
 
 Reoptimze the CI vectors with natural orbitals 
 
 CI Coefficients of symmetry 4
 =============================
 
 220 a b       -0.70480279      0.04821730     -0.00000000
 220 b a        0.70480279     -0.04821730      0.00000000
 2aa b b        0.00000000      0.00000000      0.57552372
 2bb a a       -0.00000000     -0.00000000      0.57552372
 2ba b a       -0.03538602     -0.49752940     -0.28776186
 2ab b a        0.03538602      0.49752940     -0.28776186
 2ab a b       -0.03538602     -0.49752940     -0.28776186
 2ba a b        0.03538602      0.49752940     -0.28776186
 
 Energy:      -54.88400796    -54.52899761    -54.52530774
 


 **********************************************************************************************************************************
 DATASETS  * FILE   NREC   LENGTH (MB)   RECORD NAMES
              1      21      254.05       500      700      610      701      900      950      970     1000      129      960   
                                          VAR     GEOM    BASINP    GEOM    SYMINP    ZMAT    AOBASIS   BASIS     P2S    ABASIS    
                                         1100     1400     1410     1200     1210     1080     1600     1650     1300     1700   
                                           S        T        V       H0       H01     AOSYM     SMH    MOLCAS    ERIS     OPER   
                                         1380   
                                         JKOP   

              2       8       17.64       500      610      700     1000      520     2100     2140      701   
                                          VAR    BASINP    GEOM     BASIS   MCVARS     RHF     MCSCF    GEOM   

 PROGRAMS   *        TOTAL     MULTI       INT        CI     MULTI       INT        CI     MULTI       INT        CI     MULTI
 CPU TIMES  *        90.31      1.25      8.71      5.75      1.28      8.65      5.67      1.25      8.69      7.11      1.25
 REAL TIME  *        96.74 SEC
 DISK USED  *       785.66 MB
 **********************************************************************************************************************************


 PROGRAM * CI (Multireference internally contracted CI)     Authors: H.-J. Werner, P.J. Knowles, 1987


 Convergence thresholds:  THRVAR = 1.00D-08  THRDEN = 1.00D-06

 Number of optimized states: 2  Roots:    1   2
 Number of reference states: 2  Roots:    1   2

 Program parameters:       NSTATE=  2    NSTATI=  3    NSTATR=  2    NCEPA = -1    NOKOP =  0    ITRDM =  0    ITRANS=  0
                           IDIP  =200    MAXIT =250    MAXITI=250    MAXDAV=  6    MAXVI =  9    NOSING=  0    NOPAIR=  0
                           MXSHRF=  5    IKCPS =  0    IOPTGM=  2    IOPTOR=  0    REFOPT=  1    IAVDEN=  0    IDELCG=  1
                           IREST =  0    NATORB=  0    IPUNRF=  0    ISEP  =  0    OLDDEN=  0    NSTPRI=  1    GPSFLI= -1
                           CLUSTE=  0    CLOSED=  1    ILSTYP=  0    ITRLS =  0    ICCSD =  0    LOCAL =  0    IBASO =  0
                           MP    =  0    ITEDIS=  2    INCDIS=  1    MAXDIS=  6    ITYDIS=  1    BRUECK=  0    IBRSTR=  3
                           INCBRK=  1    TRIPLE=  0    ICCTYP=  1    IHPPD =  0    ICCNEW=  0    I3EXT = -1    IDEB  =  0
                           IDLEIG=  1    IDFTYP=  1    IMP3  =  0    IPROCS=  0    NOINT =  0    NOREF =  1    IMP2G =  0
                           IHINT =  0    IFDIA =  0    ISPARO=  1    JKSYM =  0    CPHF  =  0    MP2D  = -1    DKINT =  0
                           NPKEX =  1    DRVK  =  1    HLSTRA=  1    WIGNER=  1    DIIS_C=  1    MAXIT_= 50    MATEL =  0
                           SPDEG =  1    MEMCPH=  0    DISM  =  1    KDCPMA=  5    IKDCP_=  0    IREDTH=  0    USECS =  0
                           IPROCC=  0    I3SAVE=  1    IKDCP =  1    USECI =  0    OLDPAI=  0    IPROCI=  0    KEEPCL=  1
                           DISCON=  0    SHIFTE=  0    DIISIN=  0    MOLCAS=  0    MEM_PT=  0    RECORD=  0    RS2C  =  0
                           KEXT  = -1    CIPT2 =  0    DECP0S=  0    I4EXT = -1    NATCOR=  0    RIMP2 =  0    DDCI  = -1
                           IPOLAR=  0

 Reference symmetry:                   4   Singlet 
 Number of electrons:                  8
 Maximum number of shells:             4
 Maximum number of spin couplings:     5

 Reference space:        6 conf        9 CSFs
 N elec internal:       45 conf       50 CSFs
 N-1 el internal:       48 conf       72 CSFs
 N-2 el internal:       26 conf       64 CSFs

 Number of electrons in valence space:                      6
 Maximum number of open shell orbitals in reference space:  4
 Maximum number of open shell orbitals in internal spaces:  6


 Number of core orbitals:           1 (   1   0   0   0 )
 Number of active  orbitals:        5 (   3   1   1   0 )
 Number of external orbitals:     201 (  73  49  49  30 )

 Molecular orbitals read from record     2140.2  Type=MCSCF/NATURAL (state averaged)

 Valence orbitals related to previous ones by unitary transformation. Operators transformed.


 Number of p-space configurations:   3

 Reference wavefunction optimized for reference space (refopt=1)

 State     Reference Energy 
     1       -54.88400796
     2       -54.52899761
     3       -54.52530774

 Number of blocks in overlap matrix:     8   Smallest eigenvalue:  0.49D-03
 Number of N-2 electron functions:      35
 Number of N-1 electron functions:      72

 Number of internal configurations:                    9
 Number of singly external configurations:          3575
 Number of doubly external configurations:        180251
 Total number of contracted configurations:       183835
 Total number of uncontracted configurations:     332025

 Diagonal Coupling coefficients finished.               Storage:    6197 words, CPU-Time:      0.00 seconds.
 Energy denominators for pairs finished in 1 passes.    Storage:  121346 words, CPU-time:      0.01 seconds.

  ITER. STATE  ROOT     SQ.NORM     CORR.ENERGY   TOTAL ENERGY   ENERGY CHANGE       DEN1      VAR(S)    VAR(P)      TIME
    1     1     1     1.00000000     0.00000000   -54.88400796     0.00000000    -0.20940014  0.56D-01  0.25D-01     0.15
    1     2     2     1.00000000     0.00000000   -54.52899761     0.00000000    -0.15622479  0.41D-01  0.16D-01     0.15
    2     1     1     1.06549597    -0.18957475   -55.07358271    -0.18957475    -0.00866553  0.22D-02  0.11D-02     0.74
    2     2     2     1.05418125    -0.15371623   -54.68271383    -0.15371623    -0.00461655  0.12D-02  0.70D-03     0.74
    3     1     1     1.06684345    -0.19884194   -55.08284990    -0.00926719    -0.00051473  0.75D-04  0.85D-04     1.33
    3     2     2     1.05538548    -0.15872568   -54.68772329    -0.00500946    -0.00034096  0.12D-03  0.59D-04     1.33
    4     1     1     1.06949646    -0.19950413   -55.08351208    -0.00066219    -0.00004523  0.57D-05  0.74D-05     1.91
    4     2     2     1.05891220    -0.15918609   -54.68818370    -0.00046041    -0.00006271  0.36D-04  0.11D-04     1.91
    5     1     1     1.07024740    -0.19956409   -55.08357205    -0.00005996    -0.00000380  0.43D-06  0.61D-06     2.50
    5     2     2     1.06066834    -0.15927848   -54.68827609    -0.00009239    -0.00001980  0.12D-04  0.32D-05     2.50
    6     1     1     1.07027279    -0.19956885   -55.08357681    -0.00000476    -0.00000042  0.37D-07  0.69D-07     3.10
    6     2     2     1.06148026    -0.15930667   -54.68830428    -0.00002819    -0.00000811  0.77D-05  0.98D-06     3.10
    7     1     1     1.07029218    -0.19956938   -55.08357733    -0.00000052    -0.00000006  0.50D-08  0.88D-08     3.69
    7     2     2     1.06247274    -0.15931862   -54.68831622    -0.00001194    -0.00000376  0.29D-05  0.50D-06     3.69
    8     1     1     1.07029807    -0.19956944   -55.08357740    -0.00000007    -0.00000001  0.86D-09  0.12D-08     4.28
    8     2     2     1.06303346    -0.15932380   -54.68832140    -0.00000518    -0.00000193  0.13D-05  0.33D-06     4.28
    9     1     1     1.07029816    -0.19956944   -55.08357740    -0.00000000    -0.00000001  0.86D-09  0.12D-08     4.75
    9     2     2     1.06416770    -0.15932791   -54.68832551    -0.00000411    -0.00000060  0.10D-06  0.99D-07     4.75
   10     1     1     1.07029840    -0.19956944   -55.08357740    -0.00000000    -0.00000001  0.86D-09  0.12D-08     5.22
   10     2     2     1.06422851    -0.15932854   -54.68832615    -0.00000064    -0.00000007  0.42D-07  0.10D-07     5.22
   11     1     1     1.07029813    -0.19956944   -55.08357740    -0.00000000    -0.00000001  0.87D-09  0.12D-08     5.70
   11     2     2     1.06434603    -0.15932866   -54.68832626    -0.00000011    -0.00000002  0.41D-08  0.33D-08     5.70


 =====================================
 Analysis of CPU times by interactions
 =====================================

       I      S      P

 I   0.2%
 S   0.0%   0.4%
 P   0.2%   0.7%  15.3%

 Initialization:   2.6%
 Other:           80.7%

 Total CPU:        5.7 seconds
 =====================================



 gnormi=  0.93431911  gnorms=  0.03627581  gnormp=  0.02940507  gnorm=  1.00000000
 ecorri= -0.18646154  ecorrs= -0.00723797  ecorrp= -0.00586993  ecorr= -0.19956944

 gnormi=  0.93954407  gnorms=  0.04090003  gnormp=  0.01955591  gnorm=  1.00000000
 ecorri= -0.14969629  ecorrs= -0.00651762  ecorrp= -0.00311474  ecorr= -0.15932866

 Reference coefficients greater than 0.0500000
 =============================================
 2/\/\           0.0498035   0.9653847
 220/\           0.9649996  -0.0370625
 /2\/\           0.0219793  -0.0769498

 Coefficients of singly external configurations greater than 0.0500000
 =====================================================================

 220\0   2.3     0.0404005  -0.0604852
 2200\   2.2     0.0404007  -0.0604697

 Coefficients of fixed reference functions:
 ==========================================

 State      Coefficients
 1           0.966324   -0.017653
 2           0.028659    0.968807

 Coefficients of rotated reference functions:
 ============================================

 State      Coefficients
 1           0.966470    0.005472
 2           0.005472    0.969215


 RESULTS FOR STATE 1.4
 =====================

 Coefficient of reference function:   C(0) = 0.96632422 (fixed)   0.96660184 (relaxed)   0.96646996 (rotated)

 Energy contributions of configuration classes

 CLASS          SQ.NORM        ECORR1        ECORR2
 +++++++++++++++++++++++++++++++++++++++++++++++++++
 Internals    0.00027292   -0.00004807   -0.12895247
 Singles      0.03883653   -0.06770448   -0.07047829
 Pairs        0.03148078    0.00613582   -0.00013868
 Total        1.07059023   -0.06161673   -0.19956944
 +++++++++++++++++++++++++++++++++++++++++++++++++++


 Reference energy                     -54.88380474
 Nuclear energy                         3.89920050
 Kinetic energy                        55.32020622
 One electron energy                  -82.08820064
 Two electron energy                   23.10542274
 Virial quotient                       -0.99572256
 Correlation energy                    -0.19977266
 !MRCI STATE 1.4 Energy               -55.083577400658

 Properties without orbital relaxation:

 !MRCI STATE 1.4 Dipole moment          0.00000000     0.00000000     0.63163742
 Dipole moment /Debye                   0.00000000     0.00000000     1.60546218

 Cluster corrected energies           -55.09767940 (Davidson, fixed reference)
 Cluster corrected energies           -55.09762105 (Davidson, relaxed reference)
 Cluster corrected energies           -55.09767940 (Davidson, rotated reference)

 Cluster corrected energies           -55.09319412 (Pople, fixed reference)
 Cluster corrected energies           -55.09315347 (Pople, relaxed reference)
 Cluster corrected energies           -55.09319412 (Pople, rotated reference)



 RESULTS FOR STATE 2.4
 =====================

 Coefficient of reference function:   C(0) = 0.96880702 (fixed)   0.96930081 (relaxed)   0.96921537 (rotated)

 Energy contributions of configuration classes

 CLASS          SQ.NORM        ECORR1        ECORR2
 +++++++++++++++++++++++++++++++++++++++++++++++++++
 Internals    0.00017633   -0.00004794   -0.00021416
 Singles      0.04353946   -0.06806102   -0.07045268
 Pairs        0.02081792   -0.09106774   -0.08866181
 Total        1.06453371   -0.15917670   -0.15932866
 +++++++++++++++++++++++++++++++++++++++++++++++++++


 Reference energy                     -54.52920082
 Nuclear energy                         3.89920050
 Kinetic energy                        54.92254756
 One electron energy                  -79.80804111
 Two electron energy                   21.22051435
 Virial quotient                       -0.99573543
 Correlation energy                    -0.15912544
 !MRCI STATE 2.4 Energy               -54.688326261840

 Properties without orbital relaxation:

 !MRCI STATE 2.4 Dipole moment          0.00000000     0.00000000    -1.51576118
 Dipole moment /Debye                   0.00000000     0.00000000    -3.85268062

 Cluster corrected energies           -54.69859522 (Davidson, fixed reference)
 Cluster corrected energies           -54.69856535 (Davidson, relaxed reference)
 Cluster corrected energies           -54.69859522 (Davidson, rotated reference)

 Cluster corrected energies           -54.69531598 (Pople, fixed reference)
 Cluster corrected energies           -54.69529525 (Pople, relaxed reference)
 Cluster corrected energies           -54.69531598 (Pople, rotated reference)


 !MRCI trans          <2.4|DMZ|1.4>    -0.653304113100 au =    -1.660533425394 Debye


 **********************************************************************************************************************************
 DATASETS  * FILE   NREC   LENGTH (MB)   RECORD NAMES
              1      21      254.05       500      700      610      701      900      950      970     1000      129      960   
                                          VAR     GEOM    BASINP    GEOM    SYMINP    ZMAT    AOBASIS   BASIS     P2S    ABASIS    
                                         1100     1400     1410     1200     1210     1080     1600     1650     1300     1700   
                                           S        T        V       H0       H01     AOSYM     SMH    MOLCAS    ERIS     OPER   
                                         1380   
                                         JKOP   

              2       8       17.64       500      610      700     1000      520     2100     2140      701   
                                          VAR    BASINP    GEOM     BASIS   MCVARS     RHF     MCSCF    GEOM   

 PROGRAMS   *        TOTAL        CI     MULTI       INT        CI     MULTI       INT        CI     MULTI       INT        CI
 CPU TIMES  *        96.05      5.74      1.25      8.71      5.75      1.28      8.65      5.67      1.25      8.69      7.11
 REAL TIME  *       102.99 SEC
 DISK USED  *       785.66 MB
 **********************************************************************************************************************************
 SETTING E1(6)          =       -55.08357740  AU                              
 SETTING E2(6)          =       -54.68832626  AU                              

 DO I                   =         7.00000000   


 Using spherical harmonics

 Library entry N      S aug-cc-pV5Z          selected for orbital group  1
 Library entry N      P aug-cc-pV5Z          selected for orbital group  1
 Library entry N      D aug-cc-pV5Z          selected for orbital group  1
 Library entry N      F aug-cc-pV5Z          selected for orbital group  1
 Library entry N      G aug-cc-pV5Z          selected for orbital group  1
 Library entry N      H aug-cc-pV5Z          selected for orbital group  1
 Library entry H      S aug-cc-pV5Z          selected for orbital group  2
 Library entry H      P aug-cc-pV5Z          selected for orbital group  2
 Library entry H      D aug-cc-pV5Z          selected for orbital group  2
 Library entry H      F aug-cc-pV5Z          selected for orbital group  2
 Library entry H      G aug-cc-pV5Z          selected for orbital group  2


 PROGRAM * SEWARD (Integral evaluation for generally contracted gaussian basis sets)     Author: Roland Lindh, 1990

 Geometry written to block  1 of record 701

 Orientation using atomic masses  
 Molecule type: Linear
 Symmetry elements: X,Y
 Rotational constants:     608.2833070    608.2833070      0.0000000 GHz  (calculated with average atomic masses)

 Point group  C2v 



 ATOMIC COORDINATES

 NR  ATOM    CHARGE       X              Y              Z

   1  N       7.00    0.000000000    0.000000000   -0.119246730
   2  H       1.00    0.000000000    0.000000000    1.657095827

 Bond lengths in Bohr (Angstrom)

 1-2  1.776342557
     ( 0.940000000)

 NUCLEAR CHARGE:                    8
 NUMBER OF PRIMITIVE AOS:         307
 NUMBER OF SYMMETRY AOS:          227
 NUMBER OF CONTRACTIONS:          207   (   77A1  +   50B1  +   50B2  +   30A2  )
 NUMBER OF INNER CORE ORBITALS:     0   (    0A1  +    0B1  +    0B2  +    0A2  )
 NUMBER OF OUTER CORE ORBITALS:     1   (    1A1  +    0B1  +    0B2  +    0A2  )
 NUMBER OF VALENCE ORBITALS:        5   (    3A1  +    1B1  +    1B2  +    0A2  )


 NUCLEAR REPULSION ENERGY    3.94068136

 EXTRA SYMMETRY OF AOS IN SYMMETRY 1:   1 1 1 1 1 1 1 1 1 1   1 1 1 1 2 1 2 1 2 1   2 1 2 1 2 1 2 1 2 1   2 1 3 2 1 3 2 1 3 2
                                        2 3 1 2 3 1 1 1 1 1   1 1 1 1 1 1 1 1 2 1   2 1 2 1 2 1 2 1 2 1   2 1 3 2 1 3 2
 EXTRA SYMMETRY OF AOS IN SYMMETRY 2:   1 1 1 1 1 1 1 1 1 1   1 1 2 1 2 1 2 1 2 1   2 1 2 1 2 1 2 3 1 2   3 1 1 1 1 1 1 1 1 1
                                        1 2 1 2 1 2 1 2 1 2
 EXTRA SYMMETRY OF AOS IN SYMMETRY 3:   1 1 1 1 1 1 1 1 1 1   1 1 2 1 2 1 2 1 2 1   2 1 2 1 2 1 2 3 1 2   3 1 1 1 1 1 1 1 1 1
                                        1 2 1 2 1 2 1 2 1 2
 EXTRA SYMMETRY OF AOS IN SYMMETRY 4:   1 1 1 1 1 1 1 1 1 1   2 1 2 1 2 2 1 2 1 1   1 1 1 1 1 1 1 2 1 2

 Eigenvalues of metric

         1 0.122E-04 0.743E-04 0.221E-03 0.251E-03 0.479E-03 0.615E-03 0.112E-02 0.237E-02
         2 0.215E-03 0.103E-02 0.278E-02 0.474E-02 0.710E-02 0.166E-01 0.238E-01 0.314E-01
         3 0.215E-03 0.103E-02 0.278E-02 0.474E-02 0.710E-02 0.166E-01 0.238E-01 0.314E-01
         4 0.237E-02 0.130E-01 0.342E-01 0.546E-01 0.860E-01 0.109E+00 0.194E+00 0.205E+00


 Contracted 2-electron integrals neglected if value below      1.0D-12
 AO integral compression algorithm  1   Integral accuracy      1.0D-12

     288.096 MB (compressed) written to integral file ( 51.1%)


 NUMBER OF SORTED TWO-ELECTRON INTEGRALS:   59167011.     BUFFER LENGTH:  32768
 NUMBER OF SEGMENTS:   4  SEGMENT LENGTH:   15999984      RECORD LENGTH: 524288

 Memory used in sort:      16.56 MW

 SORT1 READ    70490039. AND WROTE    39593936. INTEGRALS IN    116 RECORDS. CPU TIME:     0.79 SEC, REAL TIME:     0.94 SEC
 SORT2 READ    39593936. AND WROTE    59167011. INTEGRALS IN   1099 RECORDS. CPU TIME:     0.66 SEC, REAL TIME:     0.77 SEC

 FILE SIZES:   FILE 1:   319.2 MBYTE,  FILE 4:   486.6 MBYTE,   TOTAL:    805.8 MBYTE

 OPERATOR DM      FOR CENTER  0  COORDINATES:    0.000000    0.000000    0.000000


 **********************************************************************************************************************************
 DATASETS  * FILE   NREC   LENGTH (MB)   RECORD NAMES
              1      20      251.52       500      700      610      701      900      950      970     1000      129      960   
                                          VAR     GEOM    BASINP    GEOM    SYMINP    ZMAT    AOBASIS   BASIS     P2S    ABASIS    
                                         1100     1400     1410     1200     1210     1080     1600     1650     1300     1700   
                                           S        T        V       H0       H01     AOSYM     SMH    MOLCAS    ERIS     OPER   

              2       8       17.64       500      610      700     1000      520     2100     2140      701   
                                          VAR    BASINP    GEOM     BASIS   MCVARS     RHF     MCSCF    GEOM   

 PROGRAMS   *        TOTAL       INT        CI     MULTI       INT        CI     MULTI       INT        CI     MULTI       INT
 CPU TIMES  *       104.77      8.72      5.74      1.25      8.71      5.75      1.28      8.65      5.67      1.25      8.69
 REAL TIME  *       112.13 SEC
 DISK USED  *       786.16 MB
 **********************************************************************************************************************************

 PROGRAM * MULTI (Direct Multiconfiguration SCF)       Authors: P.J. Knowles, H.-J. Werner (1984)
                                                                D.A. Kreplin, P.J. Knowles, H.-J. Werner (2019)

 Number of closed-shell orbitals:   1 (   1   0   0   0 )
 Number of active  orbitals:        5 (   3   1   1   0 )
 Number of external orbitals:     201 (  73  49  49  30 )

 State symmetry 1

 Number of active electrons:   6    Spin symmetry=Singlet   Space symmetry=4
 Number of states:             3
 Number of CSFs:               9   (24 determinants, 100 intermediate states)

 Molecular orbitals read from record     2140.2  Type=MCSCF/NATURAL (state averaged)

 EXTRA SYMMETRY OF MOS IN SYMMETRY 1:   1 1 1 1 1 1 1 2 1 1   1 1 2 1 1 2 1 1 2 1   2 1 1 1 2 3 1 2 1 1   2 1 2 3 1 1 2 1 1 1
                                        2 3 2 1 3 2 1 1 2 2   1 1 1 2 1 1 2 3 1 3   1 1 2 2 1 3 2 1 2 1   2 1 2 1 1 1 1
 EXTRA SYMMETRY OF MOS IN SYMMETRY 2:   1 1 1 1 1 1 2 1 1 1   2 1 1 1 2 1 1 2 1 2   1 1 1 2 3 1 1 2 1 2   1 2 1 1 1 2 3 1 1 1
                                        2 2 1 2 2 1 1 1 1 1
 EXTRA SYMMETRY OF MOS IN SYMMETRY 3:   1 1 1 1 1 1 2 1 1 1   2 1 1 1 2 1 1 2 1 2   1 1 1 2 3 1 1 2 1 2   1 2 1 1 1 2 3 1 1 1
                                        2 2 1 2 2 1 1 1 1 1
 EXTRA SYMMETRY OF MOS IN SYMMETRY 4:   1 1 1 1 1 1 2 1 1 1   2 1 1 2 1 2 1 1 1 1   1 2 2 1 1 2 1 1 1 1

 Wavefunction dump at record             2140.2

 Convergence thresholds  0.10E-04 (gradient)  0.10E-05 (energy)

 Weight factors for state symmetry  1:    0.33333   0.33333   0.33333
 
 Number of orbital rotations:  393  ( 3 closed/active, 73 closed/virtual, 0 active/active, 317 active/virtual )
 Total number of variables:    465
 
  Second-order MCSCF: L-BFGS accelerated
 
 ITER  MIC  NCI  NEG     ENERGY(VAR)    ENERGY(PROJ) ENERGY CHANGE       GRAD(0)  GRAD(ORB)   GRAD(CI)      STEP      TIME
   1    5    4    0    -54.64326392     -54.64329897   -0.00003505    0.01265561 0.00000264 0.00000000  0.90E-02      0.36
   2    5    5    0    -54.64329894     -54.64329894   -0.00000000    0.00001260 0.00000000 0.00000000  0.22E-04      0.73
   3    3    2    0    -54.64329894     -54.64329894    0.00000000    0.00000000 0.00000000 0.00000000  0.52E-09      1.06

 CONVERGENCE REACHED!  Final gradient:    0.00000000 ( 0.42E-11)
                       Final energy:    -54.64329894
 
 Results for state 1.4
 =====================
 !MCSCF STATE 1.4 Energy                       -54.882103901050
 Nuclear energy                                  3.94068136
 Kinetic energy                                 55.83036999
 One electron energy                           -82.90807370
 Two electron energy                            24.08528844
 Virial ratio                                    1.98301523
 
 !MCSCF STATE 1.4 Dipole moment                  0.00000000     0.00000000     0.75280520
 Dipole moment /Debye                            0.00000000     0.00000000     1.91343997
 
 Results for state 2.4
 =====================
 !MCSCF STATE 2.4 Energy                       -54.526590006385
 Nuclear energy                                  3.94068136
 Kinetic energy                                 54.41111005
 One electron energy                           -79.63098550
 Two electron energy                            21.16371413
 Virial ratio                                    2.00212236
 
 !MCSCF STATE 2.4 Dipole moment                  0.00000000     0.00000000    -1.67363252
 Dipole moment /Debye                            0.00000000     0.00000000    -4.25394955
 
 Results for state 3.4
 =====================
 !MCSCF STATE 3.4 Energy                       -54.521202915552
 Nuclear energy                                  3.94068136
 Kinetic energy                                 54.51217962
 One electron energy                           -79.63573751
 Two electron energy                            21.17385324
 Virial ratio                                    2.00016553
 
 !MCSCF STATE 3.4 Dipole moment                  0.00000000     0.00000000    -1.53198572
 Dipole moment /Debye                            0.00000000     0.00000000    -3.89391931
 
 State-averaged charge density matrix saved on record 2140.2 (density set 1)
 
 Expectation values: (only non-zero values are shown)
 
 !MCSCF expec                       <1.4|DMZ|1.4>     0.752805204408 au =     1.913439973307 Debye
 !MCSCF expec                       <2.4|DMZ|2.4>    -1.673632518704 au =    -4.253949551838 Debye
 !MCSCF expec                       <3.4|DMZ|3.4>    -1.531985722825 au =    -3.893919307975 Debye
 
 Transition values: (only non-zero values with the ground state are shown)
 
 !MCSCF trans                       <1.4|DMZ|2.4>    -0.652575427743 au =    -1.658681291958 Debye
 
 
 Natural orbital dump (state averaged) at molpro section 2140.2 (Orbital set 2)
 
 Reoptimze the CI vectors with natural orbitals 
 
 CI Coefficients of symmetry 4
 =============================
 
 220 a b       -0.70503803      0.04486408     -0.00000000
 220 b a        0.70503803     -0.04486408      0.00000000
 2aa b b        0.00000000      0.00000000      0.57556368
 2bb a a       -0.00000000     -0.00000000      0.57556368
 2ba b a       -0.03300102     -0.49770335     -0.28778184
 2ab b a        0.03300102      0.49770335     -0.28778184
 2ab a b       -0.03300102     -0.49770335     -0.28778184
 2ba a b        0.03300102      0.49770335     -0.28778184
 
 Energy:      -54.88210390    -54.52659001    -54.52120292
 


 **********************************************************************************************************************************
 DATASETS  * FILE   NREC   LENGTH (MB)   RECORD NAMES
              1      21      254.44       500      700      610      701      900      950      970     1000      129      960   
                                          VAR     GEOM    BASINP    GEOM    SYMINP    ZMAT    AOBASIS   BASIS     P2S    ABASIS    
                                         1100     1400     1410     1200     1210     1080     1600     1650     1300     1700   
                                           S        T        V       H0       H01     AOSYM     SMH    MOLCAS    ERIS     OPER   
                                         1380   
                                         JKOP   

              2       8       17.64       500      610      700     1000      520     2100     2140      701   
                                          VAR    BASINP    GEOM     BASIS   MCVARS     RHF     MCSCF    GEOM   

 PROGRAMS   *        TOTAL     MULTI       INT        CI     MULTI       INT        CI     MULTI       INT        CI     MULTI
 CPU TIMES  *       106.04      1.27      8.72      5.74      1.25      8.71      5.75      1.28      8.65      5.67      1.25
 REAL TIME  *       113.54 SEC
 DISK USED  *       786.16 MB
 **********************************************************************************************************************************


 PROGRAM * CI (Multireference internally contracted CI)     Authors: H.-J. Werner, P.J. Knowles, 1987


 Convergence thresholds:  THRVAR = 1.00D-08  THRDEN = 1.00D-06

 Number of optimized states: 2  Roots:    1   2
 Number of reference states: 2  Roots:    1   2

 Program parameters:       NSTATE=  2    NSTATI=  3    NSTATR=  2    NCEPA = -1    NOKOP =  0    ITRDM =  0    ITRANS=  0
                           IDIP  =200    MAXIT =250    MAXITI=250    MAXDAV=  6    MAXVI =  9    NOSING=  0    NOPAIR=  0
                           MXSHRF=  5    IKCPS =  0    IOPTGM=  2    IOPTOR=  0    REFOPT=  1    IAVDEN=  0    IDELCG=  1
                           IREST =  0    NATORB=  0    IPUNRF=  0    ISEP  =  0    OLDDEN=  0    NSTPRI=  1    GPSFLI= -1
                           CLUSTE=  0    CLOSED=  1    ILSTYP=  0    ITRLS =  0    ICCSD =  0    LOCAL =  0    IBASO =  0
                           MP    =  0    ITEDIS=  2    INCDIS=  1    MAXDIS=  6    ITYDIS=  1    BRUECK=  0    IBRSTR=  3
                           INCBRK=  1    TRIPLE=  0    ICCTYP=  1    IHPPD =  0    ICCNEW=  0    I3EXT = -1    IDEB  =  0
                           IDLEIG=  1    IDFTYP=  1    IMP3  =  0    IPROCS=  0    NOINT =  0    NOREF =  1    IMP2G =  0
                           IHINT =  0    IFDIA =  0    ISPARO=  1    JKSYM =  0    CPHF  =  0    MP2D  = -1    DKINT =  0
                           NPKEX =  1    DRVK  =  1    HLSTRA=  1    WIGNER=  1    DIIS_C=  1    MAXIT_= 50    MATEL =  0
                           SPDEG =  1    MEMCPH=  0    DISM  =  1    KDCPMA=  5    IKDCP_=  0    IREDTH=  0    USECS =  0
                           IPROCC=  0    I3SAVE=  1    IKDCP =  1    USECI =  0    OLDPAI=  0    IPROCI=  0    KEEPCL=  1
                           DISCON=  0    SHIFTE=  0    DIISIN=  0    MOLCAS=  0    MEM_PT=  0    RECORD=  0    RS2C  =  0
                           KEXT  = -1    CIPT2 =  0    DECP0S=  0    I4EXT = -1    NATCOR=  0    RIMP2 =  0    DDCI  = -1
                           IPOLAR=  0

 Reference symmetry:                   4   Singlet 
 Number of electrons:                  8
 Maximum number of shells:             4
 Maximum number of spin couplings:     5

 Reference space:        6 conf        9 CSFs
 N elec internal:       45 conf       50 CSFs
 N-1 el internal:       48 conf       72 CSFs
 N-2 el internal:       26 conf       64 CSFs

 Number of electrons in valence space:                      6
 Maximum number of open shell orbitals in reference space:  4
 Maximum number of open shell orbitals in internal spaces:  6


 Number of core orbitals:           1 (   1   0   0   0 )
 Number of active  orbitals:        5 (   3   1   1   0 )
 Number of external orbitals:     201 (  73  49  49  30 )

 Molecular orbitals read from record     2140.2  Type=MCSCF/NATURAL (state averaged)

 Valence orbitals related to previous ones by unitary transformation. Operators transformed.


 Number of p-space configurations:   3

 Reference wavefunction optimized for reference space (refopt=1)

 State     Reference Energy 
     1       -54.88210390
     2       -54.52659001
     3       -54.52120292

 Number of blocks in overlap matrix:     8   Smallest eigenvalue:  0.52D-03
 Number of N-2 electron functions:      35
 Number of N-1 electron functions:      72

 Number of internal configurations:                    9
 Number of singly external configurations:          3575
 Number of doubly external configurations:        180251
 Total number of contracted configurations:       183835
 Total number of uncontracted configurations:     332025

 Diagonal Coupling coefficients finished.               Storage:    6197 words, CPU-Time:      0.00 seconds.
 Energy denominators for pairs finished in 1 passes.    Storage:  121346 words, CPU-time:      0.00 seconds.

  ITER. STATE  ROOT     SQ.NORM     CORR.ENERGY   TOTAL ENERGY   ENERGY CHANGE       DEN1      VAR(S)    VAR(P)      TIME
    1     1     1     1.00000000     0.00000000   -54.88210390    -0.00000000    -0.21006958  0.56D-01  0.25D-01     0.15
    1     2     2     1.00000000     0.00000000   -54.52659001     0.00000000    -0.15549287  0.40D-01  0.16D-01     0.15
    2     1     1     1.06562356    -0.18989125   -55.07199515    -0.18989125    -0.00862201  0.22D-02  0.11D-02     0.73
    2     2     2     1.05339301    -0.15333368   -54.67992369    -0.15333368    -0.00449698  0.12D-02  0.68D-03     0.73
    3     1     1     1.06685157    -0.19908173   -55.08118563    -0.00919048    -0.00049913  0.73D-04  0.82D-04     1.33
    3     2     2     1.05471809    -0.15822507   -54.68481507    -0.00489138    -0.00033024  0.12D-03  0.57D-04     1.33
    4     1     1     1.06945493    -0.19971987   -55.08182377    -0.00063814    -0.00004277  0.55D-05  0.70D-05     1.92
    4     2     2     1.05811719    -0.15866874   -54.68525875    -0.00044367    -0.00006059  0.34D-04  0.10D-04     1.92
    5     1     1     1.07020605    -0.19977641   -55.08188031    -0.00005654    -0.00000350  0.40D-06  0.56D-06     2.52
    5     2     2     1.05978550    -0.15875708   -54.68534709    -0.00008834    -0.00001900  0.11D-04  0.31D-05     2.52
    6     1     1     1.07023310    -0.19978078   -55.08188469    -0.00000438    -0.00000038  0.33D-07  0.62D-07     3.10
    6     2     2     1.06056074    -0.15878410   -54.68537410    -0.00002702    -0.00000774  0.74D-05  0.93D-06     3.10
    7     1     1     1.07025129    -0.19978125   -55.08188515    -0.00000047    -0.00000005  0.44D-08  0.78D-08     3.70
    7     2     2     1.06151443    -0.15879556   -54.68538556    -0.00001146    -0.00000363  0.28D-05  0.49D-06     3.70
    8     1     1     1.07025685    -0.19978131   -55.08188521    -0.00000006    -0.00000001  0.74D-09  0.10D-08     4.29
    8     2     2     1.06205171    -0.15880055   -54.68539056    -0.00000499    -0.00000188  0.12D-05  0.32D-06     4.29
    9     1     1     1.07025709    -0.19978131   -55.08188521    -0.00000000    -0.00000001  0.73D-09  0.10D-08     4.76
    9     2     2     1.06315221    -0.15880457   -54.68539457    -0.00000402    -0.00000059  0.10D-06  0.97D-07     4.76
   10     1     1     1.07025733    -0.19978131   -55.08188521    -0.00000000    -0.00000001  0.73D-09  0.10D-08     5.22
   10     2     2     1.06321150    -0.15880520   -54.68539520    -0.00000063    -0.00000007  0.40D-07  0.97D-08     5.22
   11     1     1     1.07025705    -0.19978131   -55.08188521    -0.00000000    -0.00000001  0.73D-09  0.10D-08     5.71
   11     2     2     1.06332505    -0.15880530   -54.68539531    -0.00000011    -0.00000002  0.40D-08  0.32D-08     5.71


 =====================================
 Analysis of CPU times by interactions
 =====================================

       I      S      P

 I   0.0%
 S   0.0%   0.4%
 P   0.5%   0.4%  14.2%

 Initialization:   2.5%
 Other:           82.1%

 Total CPU:        5.7 seconds
 =====================================



 gnormi=  0.93435498  gnorms=  0.03640778  gnormp=  0.02923724  gnorm=  1.00000000
 ecorri= -0.18666666  ecorrs= -0.00727219  ecorrp= -0.00584246  ecorr= -0.19978131

 gnormi=  0.94044620  gnorms=  0.04009776  gnormp=  0.01945604  gnorm=  1.00000000
 ecorri= -0.14934784  ecorrs= -0.00636869  ecorrp= -0.00308877  ecorr= -0.15880530

 Reference coefficients greater than 0.0500000
 =============================================
 2/\/\           0.0464109   0.9660084
 220/\           0.9651885  -0.0341173
 /2\/\           0.0221741  -0.0762228

 Coefficients of singly external configurations greater than 0.0500000
 =====================================================================

 220\0   2.3     0.0404905  -0.0591444
 2200\   2.2     0.0404906  -0.0591279

 Coefficients of fixed reference functions:
 ==========================================

 State      Coefficients
 1           0.966368   -0.016453
 2           0.027043    0.969321

 Coefficients of rotated reference functions:
 ============================================

 State      Coefficients
 1           0.966494    0.005260
 2           0.005260    0.969684


 RESULTS FOR STATE 1.4
 =====================

 Coefficient of reference function:   C(0) = 0.96636833 (fixed)   0.96662039 (relaxed)   0.96649407 (rotated)

 Energy contributions of configuration classes

 CLASS          SQ.NORM        ECORR1        ECORR2
 +++++++++++++++++++++++++++++++++++++++++++++++++++
 Internals    0.00026141   -0.00004346   -0.12857046
 Singles      0.03897587   -0.06788235   -0.07068182
 Pairs        0.03129955    0.00568822   -0.00052903
 Total        1.07053683   -0.06223758   -0.19978131
 +++++++++++++++++++++++++++++++++++++++++++++++++++


 Reference energy                     -54.88192449
 Nuclear energy                         3.94068136
 Kinetic energy                        55.34107987
 One electron energy                  -82.15990513
 Two electron energy                   23.13733857
 Virial quotient                       -0.99531641
 Correlation energy                    -0.19996072
 !MRCI STATE 1.4 Energy               -55.081885208491

 Properties without orbital relaxation:

 !MRCI STATE 1.4 Dipole moment          0.00000000     0.00000000     0.63311985
 Dipole moment /Debye                   0.00000000     0.00000000     1.60923016

 Cluster corrected energies           -55.09598980 (Davidson, fixed reference)
 Cluster corrected energies           -55.09593386 (Davidson, relaxed reference)
 Cluster corrected energies           -55.09598980 (Davidson, rotated reference)

 Cluster corrected energies           -55.09150354 (Pople, fixed reference)
 Cluster corrected energies           -55.09146457 (Pople, relaxed reference)
 Cluster corrected energies           -55.09150354 (Pople, rotated reference)



 RESULTS FOR STATE 2.4
 =====================

 Coefficient of reference function:   C(0) = 0.96932148 (fixed)   0.96976605 (relaxed)   0.96968436 (rotated)

 Energy contributions of configuration classes

 CLASS          SQ.NORM        ECORR1        ECORR2
 +++++++++++++++++++++++++++++++++++++++++++++++++++
 Internals    0.00016850   -0.00004331   -0.00019408
 Singles      0.04264413   -0.06763843   -0.06996827
 Pairs        0.02069158   -0.09098723   -0.08864295
 Total        1.06350422   -0.15866897   -0.15880530
 +++++++++++++++++++++++++++++++++++++++++++++++++++


 Reference energy                     -54.52676942
 Nuclear energy                         3.94068136
 Kinetic energy                        54.93796962
 One electron energy                  -79.86167166
 Two electron energy                   21.23559500
 Virial quotient                       -0.99540255
 Correlation energy                    -0.15862589
 !MRCI STATE 2.4 Energy               -54.685395309940

 Properties without orbital relaxation:

 !MRCI STATE 2.4 Dipole moment          0.00000000     0.00000000    -1.52089606
 Dipole moment /Debye                   0.00000000     0.00000000    -3.86573219

 Cluster corrected energies           -54.69546872 (Davidson, fixed reference)
 Cluster corrected energies           -54.69544030 (Davidson, relaxed reference)
 Cluster corrected energies           -54.69546872 (Davidson, rotated reference)

 Cluster corrected energies           -54.69224974 (Pople, fixed reference)
 Cluster corrected energies           -54.69223002 (Pople, relaxed reference)
 Cluster corrected energies           -54.69224974 (Pople, rotated reference)


 !MRCI trans          <2.4|DMZ|1.4>    -0.638410855580 au =    -1.622678540620 Debye


 **********************************************************************************************************************************
 DATASETS  * FILE   NREC   LENGTH (MB)   RECORD NAMES
              1      21      254.44       500      700      610      701      900      950      970     1000      129      960   
                                          VAR     GEOM    BASINP    GEOM    SYMINP    ZMAT    AOBASIS   BASIS     P2S    ABASIS    
                                         1100     1400     1410     1200     1210     1080     1600     1650     1300     1700   
                                           S        T        V       H0       H01     AOSYM     SMH    MOLCAS    ERIS     OPER   
                                         1380   
                                         JKOP   

              2       8       17.64       500      610      700     1000      520     2100     2140      701   
                                          VAR    BASINP    GEOM     BASIS   MCVARS     RHF     MCSCF    GEOM   

 PROGRAMS   *        TOTAL        CI     MULTI       INT        CI     MULTI       INT        CI     MULTI       INT        CI
 CPU TIMES  *       111.79      5.75      1.27      8.72      5.74      1.25      8.71      5.75      1.28      8.65      5.67
 REAL TIME  *       119.83 SEC
 DISK USED  *       786.16 MB
 **********************************************************************************************************************************
 SETTING E1(7)          =       -55.08188521  AU                              
 SETTING E2(7)          =       -54.68539531  AU                              

 DO I                   =         8.00000000   


 Using spherical harmonics

 Library entry N      S aug-cc-pV5Z          selected for orbital group  1
 Library entry N      P aug-cc-pV5Z          selected for orbital group  1
 Library entry N      D aug-cc-pV5Z          selected for orbital group  1
 Library entry N      F aug-cc-pV5Z          selected for orbital group  1
 Library entry N      G aug-cc-pV5Z          selected for orbital group  1
 Library entry N      H aug-cc-pV5Z          selected for orbital group  1
 Library entry H      S aug-cc-pV5Z          selected for orbital group  2
 Library entry H      P aug-cc-pV5Z          selected for orbital group  2
 Library entry H      D aug-cc-pV5Z          selected for orbital group  2
 Library entry H      F aug-cc-pV5Z          selected for orbital group  2
 Library entry H      G aug-cc-pV5Z          selected for orbital group  2


 PROGRAM * SEWARD (Integral evaluation for generally contracted gaussian basis sets)     Author: Roland Lindh, 1990

 Geometry written to block  1 of record 701

 Orientation using atomic masses  
 Molecule type: Linear
 Symmetry elements: X,Y
 Rotational constants:     621.4349983    621.4349983      0.0000000 GHz  (calculated with average atomic masses)

 Point group  C2v 



 ATOMIC COORDINATES

 NR  ATOM    CHARGE       X              Y              Z

   1  N       7.00    0.000000000    0.000000000   -0.117978147
   2  H       1.00    0.000000000    0.000000000    1.639467148

 Bond lengths in Bohr (Angstrom)

 1-2  1.757445296
     ( 0.930000000)

 NUCLEAR CHARGE:                    8
 NUMBER OF PRIMITIVE AOS:         307
 NUMBER OF SYMMETRY AOS:          227
 NUMBER OF CONTRACTIONS:          207   (   77A1  +   50B1  +   50B2  +   30A2  )
 NUMBER OF INNER CORE ORBITALS:     0   (    0A1  +    0B1  +    0B2  +    0A2  )
 NUMBER OF OUTER CORE ORBITALS:     1   (    1A1  +    0B1  +    0B2  +    0A2  )
 NUMBER OF VALENCE ORBITALS:        5   (    3A1  +    1B1  +    1B2  +    0A2  )


 NUCLEAR REPULSION ENERGY    3.98305428

 EXTRA SYMMETRY OF AOS IN SYMMETRY 1:   1 1 1 1 1 1 1 1 1 1   1 1 1 1 2 1 2 1 2 1   2 1 2 1 2 1 2 1 2 1   2 1 3 2 1 3 2 1 3 2
                                        2 3 1 2 3 1 1 1 1 1   1 1 1 1 1 1 1 1 2 1   2 1 2 1 2 1 2 1 2 1   2 1 3 2 1 3 2
 EXTRA SYMMETRY OF AOS IN SYMMETRY 2:   1 1 1 1 1 1 1 1 1 1   1 1 2 1 2 1 2 1 2 1   2 1 2 1 2 1 2 3 1 2   3 1 1 1 1 1 1 1 1 1
                                        1 2 1 2 1 2 1 2 1 2
 EXTRA SYMMETRY OF AOS IN SYMMETRY 3:   1 1 1 1 1 1 1 1 1 1   1 1 2 1 2 1 2 1 2 1   2 1 2 1 2 1 2 3 1 2   3 1 1 1 1 1 1 1 1 1
                                        1 2 1 2 1 2 1 2 1 2
 EXTRA SYMMETRY OF AOS IN SYMMETRY 4:   1 1 1 1 1 1 1 1 1 1   2 1 2 1 2 2 1 2 1 1   1 1 1 1 1 1 1 2 1 2

 Eigenvalues of metric

         1 0.119E-04 0.732E-04 0.220E-03 0.241E-03 0.466E-03 0.591E-03 0.108E-02 0.229E-02
         2 0.203E-03 0.986E-03 0.270E-02 0.472E-02 0.694E-02 0.161E-01 0.231E-01 0.302E-01
         3 0.203E-03 0.986E-03 0.270E-02 0.472E-02 0.694E-02 0.161E-01 0.231E-01 0.302E-01
         4 0.229E-02 0.125E-01 0.329E-01 0.530E-01 0.855E-01 0.108E+00 0.193E+00 0.204E+00


 Contracted 2-electron integrals neglected if value below      1.0D-12
 AO integral compression algorithm  1   Integral accuracy      1.0D-12

     288.358 MB (compressed) written to integral file ( 51.2%)


 NUMBER OF SORTED TWO-ELECTRON INTEGRALS:   59167011.     BUFFER LENGTH:  32768
 NUMBER OF SEGMENTS:   4  SEGMENT LENGTH:   15999984      RECORD LENGTH: 524288

 Memory used in sort:      16.56 MW

 SORT1 READ    70490039. AND WROTE    39593942. INTEGRALS IN    116 RECORDS. CPU TIME:     0.80 SEC, REAL TIME:     0.94 SEC
 SORT2 READ    39593942. AND WROTE    59167011. INTEGRALS IN   1100 RECORDS. CPU TIME:     0.65 SEC, REAL TIME:     0.78 SEC

 FILE SIZES:   FILE 1:   319.5 MBYTE,  FILE 4:   486.6 MBYTE,   TOTAL:    806.0 MBYTE

 OPERATOR DM      FOR CENTER  0  COORDINATES:    0.000000    0.000000    0.000000


 **********************************************************************************************************************************
 DATASETS  * FILE   NREC   LENGTH (MB)   RECORD NAMES
              1      20      251.90       500      700      610      701      900      950      970     1000      129      960   
                                          VAR     GEOM    BASINP    GEOM    SYMINP    ZMAT    AOBASIS   BASIS     P2S    ABASIS    
                                         1100     1400     1410     1200     1210     1080     1600     1650     1300     1700   
                                           S        T        V       H0       H01     AOSYM     SMH    MOLCAS    ERIS     OPER   

              2       8       17.64       500      610      700     1000      520     2100     2140      701   
                                          VAR    BASINP    GEOM     BASIS   MCVARS     RHF     MCSCF    GEOM   

 PROGRAMS   *        TOTAL       INT        CI     MULTI       INT        CI     MULTI       INT        CI     MULTI       INT
 CPU TIMES  *       120.53      8.74      5.75      1.27      8.72      5.74      1.25      8.71      5.75      1.28      8.65
 REAL TIME  *       128.98 SEC
 DISK USED  *       786.41 MB
 **********************************************************************************************************************************

 PROGRAM * MULTI (Direct Multiconfiguration SCF)       Authors: P.J. Knowles, H.-J. Werner (1984)
                                                                D.A. Kreplin, P.J. Knowles, H.-J. Werner (2019)

 Number of closed-shell orbitals:   1 (   1   0   0   0 )
 Number of active  orbitals:        5 (   3   1   1   0 )
 Number of external orbitals:     201 (  73  49  49  30 )

 State symmetry 1

 Number of active electrons:   6    Spin symmetry=Singlet   Space symmetry=4
 Number of states:             3
 Number of CSFs:               9   (24 determinants, 100 intermediate states)

 Molecular orbitals read from record     2140.2  Type=MCSCF/NATURAL (state averaged)

 EXTRA SYMMETRY OF MOS IN SYMMETRY 1:   1 1 1 1 1 1 1 2 1 1   1 1 2 1 1 2 1 1 2 1   2 1 1 1 2 3 1 2 1 1   2 1 2 3 1 1 2 1 1 1
                                        2 3 2 1 3 2 1 1 2 2   1 1 1 2 1 1 2 3 1 3   1 1 2 2 1 3 2 1 2 1   2 1 2 1 1 1 1
 EXTRA SYMMETRY OF MOS IN SYMMETRY 2:   1 1 1 1 1 1 2 1 1 1   2 1 1 1 2 1 1 2 1 2   1 1 1 2 3 1 1 2 1 2   1 2 1 1 1 2 3 1 1 1
                                        2 2 1 2 2 1 1 1 1 1
 EXTRA SYMMETRY OF MOS IN SYMMETRY 3:   1 1 1 1 1 1 2 1 1 1   2 1 1 1 2 1 1 2 1 2   1 1 1 2 3 1 1 2 1 2   1 2 1 1 1 2 3 1 1 1
                                        2 2 1 2 2 1 1 1 1 1
 EXTRA SYMMETRY OF MOS IN SYMMETRY 4:   1 1 1 1 1 1 2 1 1 1   2 1 1 2 1 2 1 1 1 1   1 2 2 1 1 2 1 1 1 1

 Wavefunction dump at record             2140.2

 Convergence thresholds  0.10E-04 (gradient)  0.10E-05 (energy)

 Weight factors for state symmetry  1:    0.33333   0.33333   0.33333
 
 Number of orbital rotations:  393  ( 3 closed/active, 73 closed/virtual, 0 active/active, 317 active/virtual )
 Total number of variables:    465
 
  Second-order MCSCF: L-BFGS accelerated
 
 ITER  MIC  NCI  NEG     ENERGY(VAR)    ENERGY(PROJ) ENERGY CHANGE       GRAD(0)  GRAD(ORB)   GRAD(CI)      STEP      TIME
   1    6    4    0    -54.64021806     -54.64025351   -0.00003545    0.01292257 0.00000252 0.00000000  0.87E-02      0.37
   2    5    5    0    -54.64025349     -54.64025349   -0.00000000    0.00001233 0.00000000 0.00000000  0.21E-04      0.73
   3    3    2    0    -54.64025349     -54.64025349    0.00000000    0.00000000 0.00000000 0.00000000  0.47E-09      1.07

 CONVERGENCE REACHED!  Final gradient:    0.00000000 ( 0.41E-11)
                       Final energy:    -54.64025349
 
 Results for state 1.4
 =====================
 !MCSCF STATE 1.4 Energy                       -54.879953043459
 Nuclear energy                                  3.98305428
 Kinetic energy                                 55.86010820
 One electron energy                           -82.98882035
 Two electron energy                            24.12581303
 Virial ratio                                    1.98245340
 
 !MCSCF STATE 1.4 Dipole moment                  0.00000000     0.00000000     0.75711406
 Dipole moment /Debye                            0.00000000     0.00000000     1.92439199
 
 Results for state 2.4
 =====================
 !MCSCF STATE 2.4 Energy                       -54.523912143595
 Nuclear energy                                  3.98305428
 Kinetic energy                                 54.42292923
 One electron energy                           -79.68076157
 Two electron energy                            21.17379515
 Virial ratio                                    2.00185552
 
 !MCSCF STATE 2.4 Dipole moment                  0.00000000     0.00000000    -1.67809002
 Dipole moment /Debye                            0.00000000     0.00000000    -4.26527940
 
 Results for state 3.4
 =====================
 !MCSCF STATE 3.4 Energy                       -54.516895269897
 Nuclear energy                                  3.98305428
 Kinetic energy                                 54.52192580
 One electron energy                           -79.68652778
 Two electron energy                            21.18657823
 Virial ratio                                    1.99990773
 
 !MCSCF STATE 3.4 Dipole moment                  0.00000000     0.00000000    -1.53177351
 Dipole moment /Debye                            0.00000000     0.00000000    -3.89337993
 
 State-averaged charge density matrix saved on record 2140.2 (density set 1)
 
 Expectation values: (only non-zero values are shown)
 
 !MCSCF expec                       <1.4|DMZ|1.4>     0.757114059810 au =     1.924391991327 Debye
 !MCSCF expec                       <2.4|DMZ|2.4>    -1.678090022143 au =    -4.265279395483 Debye
 !MCSCF expec                       <3.4|DMZ|3.4>    -1.531773514303 au =    -3.893379927712 Debye
 
 Transition values: (only non-zero values with the ground state are shown)
 
 !MCSCF trans                       <1.4|DMZ|2.4>    -0.629123297634 au =    -1.599071922965 Debye
 

 EXTRA SYMMETRY OF MOS IN SYMMETRY 1:   1 1 1 1 1 1 1 2 1 1   1 1 2 1 1 2 1 1 2 1   2 1 1 1 2 3 1 2 1 1   2 1 2 3 1 1 2 1 1 1
                                        2 3 2 1 3 2 1 1 2 2   1 1 1 2 1 1 2 3 1 3   1 2 1 2 1 3 2 1 2 1   2 1 2 1 1 1 1
 
 Natural orbital dump (state averaged) at molpro section 2140.2 (Orbital set 2)
 
 Reoptimze the CI vectors with natural orbitals 
 
 CI Coefficients of symmetry 4
 =============================
 
 220 a b       -0.70525460      0.04155243     -0.00000000
 220 b a        0.70525460     -0.04155243      0.00000000
 2bb a a        0.00000000      0.00000000      0.57560229
 2aa b b       -0.00000000      0.00000000      0.57560229
 2ab a b       -0.03064526     -0.49786383     -0.28780114
 2ba b a       -0.03064526     -0.49786383     -0.28780114
 2ba a b        0.03064526      0.49786383     -0.28780114
 2ab b a        0.03064526      0.49786383     -0.28780114
 
 Energy:      -54.87995304    -54.52391214    -54.51689527
 


 **********************************************************************************************************************************
 DATASETS  * FILE   NREC   LENGTH (MB)   RECORD NAMES
              1      21      254.82       500      700      610      701      900      950      970     1000      129      960   
                                          VAR     GEOM    BASINP    GEOM    SYMINP    ZMAT    AOBASIS   BASIS     P2S    ABASIS    
                                         1100     1400     1410     1200     1210     1080     1600     1650     1300     1700   
                                           S        T        V       H0       H01     AOSYM     SMH    MOLCAS    ERIS     OPER   
                                         1380   
                                         JKOP   

              2       8       17.64       500      610      700     1000      520     2100     2140      701   
                                          VAR    BASINP    GEOM     BASIS   MCVARS     RHF     MCSCF    GEOM   

 PROGRAMS   *        TOTAL     MULTI       INT        CI     MULTI       INT        CI     MULTI       INT        CI     MULTI
 CPU TIMES  *       121.77      1.24      8.74      5.75      1.27      8.72      5.74      1.25      8.71      5.75      1.28
 REAL TIME  *       130.39 SEC
 DISK USED  *       786.41 MB
 **********************************************************************************************************************************


 PROGRAM * CI (Multireference internally contracted CI)     Authors: H.-J. Werner, P.J. Knowles, 1987


 Convergence thresholds:  THRVAR = 1.00D-08  THRDEN = 1.00D-06

 Number of optimized states: 2  Roots:    1   2
 Number of reference states: 2  Roots:    1   2

 Program parameters:       NSTATE=  2    NSTATI=  3    NSTATR=  2    NCEPA = -1    NOKOP =  0    ITRDM =  0    ITRANS=  0
                           IDIP  =200    MAXIT =250    MAXITI=250    MAXDAV=  6    MAXVI =  9    NOSING=  0    NOPAIR=  0
                           MXSHRF=  5    IKCPS =  0    IOPTGM=  2    IOPTOR=  0    REFOPT=  1    IAVDEN=  0    IDELCG=  1
                           IREST =  0    NATORB=  0    IPUNRF=  0    ISEP  =  0    OLDDEN=  0    NSTPRI=  1    GPSFLI= -1
                           CLUSTE=  0    CLOSED=  1    ILSTYP=  0    ITRLS =  0    ICCSD =  0    LOCAL =  0    IBASO =  0
                           MP    =  0    ITEDIS=  2    INCDIS=  1    MAXDIS=  6    ITYDIS=  1    BRUECK=  0    IBRSTR=  3
                           INCBRK=  1    TRIPLE=  0    ICCTYP=  1    IHPPD =  0    ICCNEW=  0    I3EXT = -1    IDEB  =  0
                           IDLEIG=  1    IDFTYP=  1    IMP3  =  0    IPROCS=  0    NOINT =  0    NOREF =  1    IMP2G =  0
                           IHINT =  0    IFDIA =  0    ISPARO=  1    JKSYM =  0    CPHF  =  0    MP2D  = -1    DKINT =  0
                           NPKEX =  1    DRVK  =  1    HLSTRA=  1    WIGNER=  1    DIIS_C=  1    MAXIT_= 50    MATEL =  0
                           SPDEG =  1    MEMCPH=  0    DISM  =  1    KDCPMA=  5    IKDCP_=  0    IREDTH=  0    USECS =  0
                           IPROCC=  0    I3SAVE=  1    IKDCP =  1    USECI =  0    OLDPAI=  0    IPROCI=  0    KEEPCL=  1
                           DISCON=  0    SHIFTE=  0    DIISIN=  0    MOLCAS=  0    MEM_PT=  0    RECORD=  0    RS2C  =  0
                           KEXT  = -1    CIPT2 =  0    DECP0S=  0    I4EXT = -1    NATCOR=  0    RIMP2 =  0    DDCI  = -1
                           IPOLAR=  0

 Reference symmetry:                   4   Singlet 
 Number of electrons:                  8
 Maximum number of shells:             4
 Maximum number of spin couplings:     5

 Reference space:        6 conf        9 CSFs
 N elec internal:       45 conf       50 CSFs
 N-1 el internal:       48 conf       72 CSFs
 N-2 el internal:       26 conf       64 CSFs

 Number of electrons in valence space:                      6
 Maximum number of open shell orbitals in reference space:  4
 Maximum number of open shell orbitals in internal spaces:  6


 Number of core orbitals:           1 (   1   0   0   0 )
 Number of active  orbitals:        5 (   3   1   1   0 )
 Number of external orbitals:     201 (  73  49  49  30 )

 Molecular orbitals read from record     2140.2  Type=MCSCF/NATURAL (state averaged)

 Valence orbitals related to previous ones by unitary transformation. Operators transformed.


 Number of p-space configurations:   3

 Reference wavefunction optimized for reference space (refopt=1)

 State     Reference Energy 
     1       -54.87995304
     2       -54.52391214
     3       -54.51689527

 Number of blocks in overlap matrix:     8   Smallest eigenvalue:  0.55D-03
 Number of N-2 electron functions:      35
 Number of N-1 electron functions:      72

 Number of internal configurations:                    9
 Number of singly external configurations:          3575
 Number of doubly external configurations:        180251
 Total number of contracted configurations:       183835
 Total number of uncontracted configurations:     332025

 Diagonal Coupling coefficients finished.               Storage:    6197 words, CPU-Time:      0.00 seconds.
 Energy denominators for pairs finished in 1 passes.    Storage:  121346 words, CPU-time:      0.01 seconds.

  ITER. STATE  ROOT     SQ.NORM     CORR.ENERGY   TOTAL ENERGY   ENERGY CHANGE       DEN1      VAR(S)    VAR(P)      TIME
    1     1     1     1.00000000     0.00000000   -54.87995304    -0.00000000    -0.21074504  0.56D-01  0.25D-01     0.16
    1     2     2     1.00000000     0.00000000   -54.52391214    -0.00000000    -0.15479931  0.39D-01  0.16D-01     0.16
    2     1     1     1.06574265    -0.19021073   -55.07016377    -0.19021073    -0.00857045  0.22D-02  0.11D-02     0.74
    2     2     2     1.05264686    -0.15296650   -54.67687865    -0.15296650    -0.00438500  0.11D-02  0.67D-03     0.74
    3     1     1     1.06685812    -0.19931512   -55.07926817    -0.00910439    -0.00048264  0.70D-04  0.79D-04     1.32
    3     2     2     1.05407763    -0.15774613   -54.68165827    -0.00477962    -0.00031998  0.11D-03  0.56D-04     1.32
    4     1     1     1.06941041    -0.19992813   -55.07988118    -0.00061301    -0.00004028  0.54D-05  0.65D-05     1.91
    4     2     2     1.05735265    -0.15817371   -54.68208585    -0.00042758    -0.00005850  0.33D-04  0.10D-04     1.91
    5     1     1     1.07016132    -0.19998121   -55.07993426    -0.00005308    -0.00000322  0.36D-06  0.51D-06     2.50
    5     2     2     1.05893869    -0.15825817   -54.68217031    -0.00008446    -0.00001819  0.11D-04  0.30D-05     2.50
    6     1     1     1.07019048    -0.19998521   -55.07993826    -0.00000400    -0.00000034  0.29D-07  0.56D-07     3.10
    6     2     2     1.05967935    -0.15828404   -54.68219618    -0.00002587    -0.00000738  0.71D-05  0.89D-06     3.10
    7     1     1     1.07020758    -0.19998562   -55.07993867    -0.00000041    -0.00000004  0.38D-08  0.68D-08     3.69
    7     2     2     1.06059481    -0.15829502   -54.68220716    -0.00001098    -0.00000351  0.27D-05  0.49D-06     3.69
    8     1     1     1.07021282    -0.19998567   -55.07993872    -0.00000005    -0.00000001  0.62D-09  0.88D-09     4.28
    8     2     2     1.06110919    -0.15829982   -54.68221197    -0.00000480    -0.00000183  0.12D-05  0.32D-06     4.28
    9     1     1     1.07021322    -0.19998567   -55.07993872    -0.00000000    -0.00000001  0.61D-09  0.89D-09     4.75
    9     2     2     1.06217522    -0.15830375   -54.68221589    -0.00000392    -0.00000058  0.97D-07  0.96D-07     4.75
   10     1     1     1.07021346    -0.19998567   -55.07993872    -0.00000000    -0.00000001  0.60D-09  0.88D-09     5.22
   10     2     2     1.06223300    -0.15830436   -54.68221650    -0.00000062    -0.00000006  0.39D-07  0.93D-08     5.22
   11     1     1     1.07021316    -0.19998567   -55.07993872    -0.00000000    -0.00000001  0.61D-09  0.88D-09     5.69
   11     2     2     1.06234244    -0.15830447   -54.68221661    -0.00000010    -0.00000002  0.39D-08  0.30D-08     5.69


 =====================================
 Analysis of CPU times by interactions
 =====================================

       I      S      P

 I   0.0%
 S   0.2%   0.5%
 P   0.2%   0.4%  14.6%

 Initialization:   2.8%
 Other:           81.4%

 Total CPU:        5.7 seconds
 =====================================



 gnormi=  0.93439329  gnorms=  0.03653942  gnormp=  0.02906729  gnorm=  1.00000000
 ecorri= -0.18686527  ecorrs= -0.00730612  ecorrp= -0.00581428  ecorr= -0.19998567

 gnormi=  0.94131606  gnorms=  0.03932697  gnormp=  0.01935697  gnorm=  1.00000000
 ecorri= -0.14901454  ecorrs= -0.00622646  ecorrp= -0.00306347  ecorr= -0.15830447

 Reference coefficients greater than 0.0500000
 =============================================
 2/\/\           0.0430670   0.9666047
 220/\           0.9653644  -0.0312170
 /2\/\           0.0223529  -0.0754896

 Coefficients of singly external configurations greater than 0.0500000
 =====================================================================

 220\0   2.3     0.0405713  -0.0578130
 2200\   2.2     0.0405714  -0.0577956

 Coefficients of fixed reference functions:
 ==========================================

 State      Coefficients
 1           0.966412   -0.015261
 2           0.025435    0.969816

 Coefficients of rotated reference functions:
 ============================================

 State      Coefficients
 1           0.966519    0.005050
 2           0.005050    0.970137


 RESULTS FOR STATE 1.4
 =====================

 Coefficient of reference function:   C(0) = 0.96641199 (fixed)   0.96664021 (relaxed)   0.96651929 (rotated)

 Energy contributions of configuration classes

 CLASS          SQ.NORM        ECORR1        ECORR2
 +++++++++++++++++++++++++++++++++++++++++++++++++++
 Internals    0.00025023   -0.00003908   -0.12818203
 Singles      0.03911475   -0.06806568   -0.07089032
 Pairs        0.03111598    0.00524638   -0.00091332
 Total        1.07048096   -0.06285838   -0.19998567
 +++++++++++++++++++++++++++++++++++++++++++++++++++


 Reference energy                     -54.87979583
 Nuclear energy                         3.98305428
 Kinetic energy                        55.36262481
 One electron energy                  -82.23265202
 Two electron energy                   23.16965903
 Virial quotient                       -0.99489392
 Correlation energy                    -0.20014289
 !MRCI STATE 1.4 Energy               -55.079938718189

 Properties without orbital relaxation:

 !MRCI STATE 1.4 Dipole moment          0.00000000     0.00000000     0.63449787
 Dipole moment /Debye                   0.00000000     0.00000000     1.61273271

 Cluster corrected energies           -55.09404498 (Davidson, fixed reference)
 Cluster corrected energies           -55.09399138 (Davidson, relaxed reference)
 Cluster corrected energies           -55.09404498 (Davidson, rotated reference)

 Cluster corrected energies           -55.08955802 (Pople, fixed reference)
 Cluster corrected energies           -55.08952068 (Pople, relaxed reference)
 Cluster corrected energies           -55.08955802 (Pople, rotated reference)



 RESULTS FOR STATE 2.4
 =====================

 Coefficient of reference function:   C(0) = 0.96981619 (fixed)   0.97021444 (relaxed)   0.97013652 (rotated)

 Energy contributions of configuration classes

 CLASS          SQ.NORM        ECORR1        ECORR2
 +++++++++++++++++++++++++++++++++++++++++++++++++++
 Internals    0.00016065   -0.00003894   -0.00017496
 Singles      0.04178542   -0.06723090   -0.06950183
 Pairs        0.02056704   -0.09091310   -0.08862768
 Total        1.06251311   -0.15818294   -0.15830447
 +++++++++++++++++++++++++++++++++++++++++++++++++++


 Reference energy                     -54.52406936
 Nuclear energy                         3.98305428
 Kinetic energy                        54.95419514
 One electron energy                  -79.91680377
 Two electron energy                   21.25153288
 Virial quotient                       -0.99505081
 Correlation energy                    -0.15814725
 !MRCI STATE 2.4 Energy               -54.682216609605

 Properties without orbital relaxation:

 !MRCI STATE 2.4 Dipole moment          0.00000000     0.00000000    -1.52556147
 Dipole moment /Debye                   0.00000000     0.00000000    -3.87759049

 Cluster corrected energies           -54.69210289 (Davidson, fixed reference)
 Cluster corrected energies           -54.69207589 (Davidson, relaxed reference)
 Cluster corrected energies           -54.69210289 (Davidson, rotated reference)

 Cluster corrected energies           -54.68894164 (Pople, fixed reference)
 Cluster corrected energies           -54.68892292 (Pople, relaxed reference)
 Cluster corrected energies           -54.68894164 (Pople, rotated reference)


 !MRCI trans          <2.4|DMZ|1.4>    -0.623766078207 au =    -1.585455229382 Debye


 **********************************************************************************************************************************
 DATASETS  * FILE   NREC   LENGTH (MB)   RECORD NAMES
              1      21      254.82       500      700      610      701      900      950      970     1000      129      960   
                                          VAR     GEOM    BASINP    GEOM    SYMINP    ZMAT    AOBASIS   BASIS     P2S    ABASIS    
                                         1100     1400     1410     1200     1210     1080     1600     1650     1300     1700   
                                           S        T        V       H0       H01     AOSYM     SMH    MOLCAS    ERIS     OPER   
                                         1380   
                                         JKOP   

              2       8       17.64       500      610      700     1000      520     2100     2140      701   
                                          VAR    BASINP    GEOM     BASIS   MCVARS     RHF     MCSCF    GEOM   

 PROGRAMS   *        TOTAL        CI     MULTI       INT        CI     MULTI       INT        CI     MULTI       INT        CI
 CPU TIMES  *       127.50      5.73      1.24      8.74      5.75      1.27      8.72      5.74      1.25      8.71      5.75
 REAL TIME  *       136.69 SEC
 DISK USED  *       786.41 MB
 **********************************************************************************************************************************
 SETTING E1(8)          =       -55.07993872  AU                              
 SETTING E2(8)          =       -54.68221661  AU                              

 DO I                   =         9.00000000   


 Using spherical harmonics

 Library entry N      S aug-cc-pV5Z          selected for orbital group  1
 Library entry N      P aug-cc-pV5Z          selected for orbital group  1
 Library entry N      D aug-cc-pV5Z          selected for orbital group  1
 Library entry N      F aug-cc-pV5Z          selected for orbital group  1
 Library entry N      G aug-cc-pV5Z          selected for orbital group  1
 Library entry N      H aug-cc-pV5Z          selected for orbital group  1
 Library entry H      S aug-cc-pV5Z          selected for orbital group  2
 Library entry H      P aug-cc-pV5Z          selected for orbital group  2
 Library entry H      D aug-cc-pV5Z          selected for orbital group  2
 Library entry H      F aug-cc-pV5Z          selected for orbital group  2
 Library entry H      G aug-cc-pV5Z          selected for orbital group  2


 PROGRAM * SEWARD (Integral evaluation for generally contracted gaussian basis sets)     Author: Roland Lindh, 1990

 Geometry written to block  1 of record 701

 Orientation using atomic masses  
 Molecule type: Linear
 Symmetry elements: X,Y
 Rotational constants:     635.0178757    635.0178757      0.0000000 GHz  (calculated with average atomic masses)

 Point group  C2v 



 ATOMIC COORDINATES

 NR  ATOM    CHARGE       X              Y              Z

   1  N       7.00    0.000000000    0.000000000   -0.116709565
   2  H       1.00    0.000000000    0.000000000    1.621838469

 Bond lengths in Bohr (Angstrom)

 1-2  1.738548035
     ( 0.920000000)

 NUCLEAR CHARGE:                    8
 NUMBER OF PRIMITIVE AOS:         307
 NUMBER OF SYMMETRY AOS:          227
 NUMBER OF CONTRACTIONS:          207   (   77A1  +   50B1  +   50B2  +   30A2  )
 NUMBER OF INNER CORE ORBITALS:     0   (    0A1  +    0B1  +    0B2  +    0A2  )
 NUMBER OF OUTER CORE ORBITALS:     1   (    1A1  +    0B1  +    0B2  +    0A2  )
 NUMBER OF VALENCE ORBITALS:        5   (    3A1  +    1B1  +    1B2  +    0A2  )


 NUCLEAR REPULSION ENERGY    4.02634834

 EXTRA SYMMETRY OF AOS IN SYMMETRY 1:   1 1 1 1 1 1 1 1 1 1   1 1 1 1 2 1 2 1 2 1   2 1 2 1 2 1 2 1 2 1   2 1 3 2 1 3 2 1 3 2
                                        2 3 1 2 3 1 1 1 1 1   1 1 1 1 1 1 1 1 2 1   2 1 2 1 2 1 2 1 2 1   2 1 3 2 1 3 2
 EXTRA SYMMETRY OF AOS IN SYMMETRY 2:   1 1 1 1 1 1 1 1 1 1   1 1 2 1 2 1 2 1 2 1   2 1 2 1 2 1 2 3 1 2   3 1 1 1 1 1 1 1 1 1
                                        1 2 1 2 1 2 1 2 1 2
 EXTRA SYMMETRY OF AOS IN SYMMETRY 3:   1 1 1 1 1 1 1 1 1 1   1 1 2 1 2 1 2 1 2 1   2 1 2 1 2 1 2 3 1 2   3 1 1 1 1 1 1 1 1 1
                                        1 2 1 2 1 2 1 2 1 2
 EXTRA SYMMETRY OF AOS IN SYMMETRY 4:   1 1 1 1 1 1 1 1 1 1   2 1 2 1 2 2 1 2 1 1   1 1 1 1 1 1 1 2 1 2

 Eigenvalues of metric

         1 0.116E-04 0.721E-04 0.218E-03 0.231E-03 0.451E-03 0.566E-03 0.105E-02 0.221E-02
         2 0.191E-03 0.943E-03 0.262E-02 0.470E-02 0.678E-02 0.156E-01 0.224E-01 0.291E-01
         3 0.191E-03 0.943E-03 0.262E-02 0.470E-02 0.678E-02 0.156E-01 0.224E-01 0.291E-01
         4 0.221E-02 0.120E-01 0.316E-01 0.515E-01 0.849E-01 0.107E+00 0.191E+00 0.203E+00


 Contracted 2-electron integrals neglected if value below      1.0D-12
 AO integral compression algorithm  1   Integral accuracy      1.0D-12

     288.883 MB (compressed) written to integral file ( 51.2%)


 NUMBER OF SORTED TWO-ELECTRON INTEGRALS:   59167011.     BUFFER LENGTH:  32768
 NUMBER OF SEGMENTS:   4  SEGMENT LENGTH:   15999984      RECORD LENGTH: 524288

 Memory used in sort:      16.56 MW

 SORT1 READ    70490039. AND WROTE    39593944. INTEGRALS IN    116 RECORDS. CPU TIME:     0.78 SEC, REAL TIME:     0.94 SEC
 SORT2 READ    39593944. AND WROTE    59167011. INTEGRALS IN   1102 RECORDS. CPU TIME:     0.65 SEC, REAL TIME:     0.77 SEC

 FILE SIZES:   FILE 1:   320.0 MBYTE,  FILE 4:   486.6 MBYTE,   TOTAL:    806.6 MBYTE

 OPERATOR DM      FOR CENTER  0  COORDINATES:    0.000000    0.000000    0.000000


 **********************************************************************************************************************************
 DATASETS  * FILE   NREC   LENGTH (MB)   RECORD NAMES
              1      20      252.28       500      700      610      701      900      950      970     1000      129      960   
                                          VAR     GEOM    BASINP    GEOM    SYMINP    ZMAT    AOBASIS   BASIS     P2S    ABASIS    
                                         1100     1400     1410     1200     1210     1080     1600     1650     1300     1700   
                                           S        T        V       H0       H01     AOSYM     SMH    MOLCAS    ERIS     OPER   

              2       8       17.64       500      610      700     1000      520     2100     2140      701   
                                          VAR    BASINP    GEOM     BASIS   MCVARS     RHF     MCSCF    GEOM   

 PROGRAMS   *        TOTAL       INT        CI     MULTI       INT        CI     MULTI       INT        CI     MULTI       INT
 CPU TIMES  *       136.23      8.73      5.73      1.24      8.74      5.75      1.27      8.72      5.74      1.25      8.71
 REAL TIME  *       145.85 SEC
 DISK USED  *       786.91 MB
 **********************************************************************************************************************************

 PROGRAM * MULTI (Direct Multiconfiguration SCF)       Authors: P.J. Knowles, H.-J. Werner (1984)
                                                                D.A. Kreplin, P.J. Knowles, H.-J. Werner (2019)

 Number of closed-shell orbitals:   1 (   1   0   0   0 )
 Number of active  orbitals:        5 (   3   1   1   0 )
 Number of external orbitals:     201 (  73  49  49  30 )

 State symmetry 1

 Number of active electrons:   6    Spin symmetry=Singlet   Space symmetry=4
 Number of states:             3
 Number of CSFs:               9   (24 determinants, 100 intermediate states)

 Molecular orbitals read from record     2140.2  Type=MCSCF/NATURAL (state averaged)

 EXTRA SYMMETRY OF MOS IN SYMMETRY 1:   1 1 1 1 1 1 1 2 1 1   1 1 2 1 1 2 1 1 2 1   2 1 1 1 2 3 1 2 1 1   2 1 2 3 1 1 2 1 1 1
                                        2 3 2 1 3 2 1 1 2 2   1 1 1 2 1 1 2 3 1 3   1 2 1 2 1 3 2 1 2 1   2 1 2 1 1 1 1
 EXTRA SYMMETRY OF MOS IN SYMMETRY 2:   1 1 1 1 1 1 2 1 1 1   2 1 1 1 2 1 1 2 1 2   1 1 1 2 3 1 1 2 1 2   1 2 1 1 1 2 3 1 1 1
                                        2 2 1 2 2 1 1 1 1 1
 EXTRA SYMMETRY OF MOS IN SYMMETRY 3:   1 1 1 1 1 1 2 1 1 1   2 1 1 1 2 1 1 2 1 2   1 1 1 2 3 1 1 2 1 2   1 2 1 1 1 2 3 1 1 1
                                        2 2 1 2 2 1 1 1 1 1
 EXTRA SYMMETRY OF MOS IN SYMMETRY 4:   1 1 1 1 1 1 2 1 1 1   2 1 1 2 1 2 1 1 1 1   1 2 2 1 1 2 1 1 1 1

 Wavefunction dump at record             2140.2

 Convergence thresholds  0.10E-04 (gradient)  0.10E-05 (energy)

 Weight factors for state symmetry  1:    0.33333   0.33333   0.33333
 
 Number of orbital rotations:  393  ( 3 closed/active, 73 closed/virtual, 0 active/active, 317 active/virtual )
 Total number of variables:    465
 
  Second-order MCSCF: L-BFGS accelerated
 
 ITER  MIC  NCI  NEG     ENERGY(VAR)    ENERGY(PROJ) ENERGY CHANGE       GRAD(0)  GRAD(ORB)   GRAD(CI)      STEP      TIME
   1    4    3    0    -54.63691561     -54.63695150   -0.00003589    0.01319750 0.00001673 0.00000000  0.85E-02      0.36
   2    6    5    0    -54.63695147     -54.63695147   -0.00000000    0.00001280 0.00000000 0.00000000  0.14E-04      0.72
   3    3    2    0    -54.63695147     -54.63695147    0.00000000    0.00000000 0.00000000 0.00000000  0.12E-09      1.06

 CONVERGENCE REACHED!  Final gradient:    0.00000000 ( 0.15E-11)
                       Final energy:    -54.63695147
 
 Results for state 1.4
 =====================
 !MCSCF STATE 1.4 Energy                       -54.877538930307
 Nuclear energy                                  4.02634834
 Kinetic energy                                 55.89027283
 One electron energy                           -83.07028325
 Two electron energy                            24.16639598
 Virial ratio                                    1.98187996
 
 !MCSCF STATE 1.4 Dipole moment                  0.00000000     0.00000000     0.76107765
 Dipole moment /Debye                            0.00000000     0.00000000     1.93446642
 
 Results for state 2.4
 =====================
 !MCSCF STATE 2.4 Energy                       -54.520948785624
 Nuclear energy                                  4.02634834
 Kinetic energy                                 54.43585260
 One electron energy                           -79.73248242
 Two electron energy                            21.18518529
 Virial ratio                                    2.00156324
 
 !MCSCF STATE 2.4 Dipole moment                  0.00000000     0.00000000    -1.68174544
 Dipole moment /Debye                            0.00000000     0.00000000    -4.27457054
 
 Results for state 3.4
 =====================
 !MCSCF STATE 3.4 Energy                       -54.512366703527
 Nuclear energy                                  4.02634834
 Kinetic energy                                 54.53259878
 One electron energy                           -79.73892987
 Two electron energy                            21.20021482
 Virial ratio                                    1.99962899
 
 !MCSCF STATE 3.4 Dipole moment                  0.00000000     0.00000000    -1.53122009
 Dipole moment /Debye                            0.00000000     0.00000000    -3.89197327
 
 State-averaged charge density matrix saved on record 2140.2 (density set 1)
 
 Expectation values: (only non-zero values are shown)
 
 !MCSCF expec                       <1.4|DMZ|1.4>     0.761077646148 au =     1.934466422924 Debye
 !MCSCF expec                       <2.4|DMZ|2.4>    -1.681745439244 au =    -4.274570539009 Debye
 !MCSCF expec                       <3.4|DMZ|3.4>    -1.531220093079 au =    -3.891973271267 Debye
 
 Transition values: (only non-zero values with the ground state are shown)
 
 !MCSCF trans                       <1.4|DMZ|2.4>    -0.606122089682 au =    -1.540608683773 Debye
 

 EXTRA SYMMETRY OF MOS IN SYMMETRY 2:   1 1 1 1 1 1 2 1 1 1   2 1 1 1 2 1 1 2 1 2   1 1 1 2 3 1 1 2 2 1   1 2 1 1 1 2 3 1 1 1
                                        2 2 1 2 2 1 1 1 1 1
 EXTRA SYMMETRY OF MOS IN SYMMETRY 3:   1 1 1 1 1 1 2 1 1 1   2 1 1 1 2 1 1 2 1 2   1 1 1 2 3 1 1 2 2 1   1 2 1 1 1 2 3 1 1 1
                                        2 2 1 2 2 1 1 1 1 1
 
 Natural orbital dump (state averaged) at molpro section 2140.2 (Orbital set 2)
 
 Reoptimze the CI vectors with natural orbitals 
 
 CI Coefficients of symmetry 4
 =============================
 
 220 a b       -0.70545308      0.03828284     -0.00000000
 220 b a        0.70545308     -0.03828284      0.00000000
 2aa b b        0.00000000      0.00000000      0.57563959
 2bb a a        0.00000000      0.00000000      0.57563959
 2ba b a       -0.02831910     -0.49801129     -0.28781980
 2ab a b       -0.02831910     -0.49801129     -0.28781980
 2ab b a        0.02831910      0.49801129     -0.28781980
 2ba a b        0.02831910      0.49801129     -0.28781980
 
 Energy:      -54.87753893    -54.52094879    -54.51236670
 


 **********************************************************************************************************************************
 DATASETS  * FILE   NREC   LENGTH (MB)   RECORD NAMES
              1      21      255.19       500      700      610      701      900      950      970     1000      129      960   
                                          VAR     GEOM    BASINP    GEOM    SYMINP    ZMAT    AOBASIS   BASIS     P2S    ABASIS    
                                         1100     1400     1410     1200     1210     1080     1600     1650     1300     1700   
                                           S        T        V       H0       H01     AOSYM     SMH    MOLCAS    ERIS     OPER   
                                         1380   
                                         JKOP   

              2       8       17.64       500      610      700     1000      520     2100     2140      701   
                                          VAR    BASINP    GEOM     BASIS   MCVARS     RHF     MCSCF    GEOM   

 PROGRAMS   *        TOTAL     MULTI       INT        CI     MULTI       INT        CI     MULTI       INT        CI     MULTI
 CPU TIMES  *       137.49      1.25      8.73      5.73      1.24      8.74      5.75      1.27      8.72      5.74      1.25
 REAL TIME  *       147.26 SEC
 DISK USED  *       786.91 MB
 **********************************************************************************************************************************


 PROGRAM * CI (Multireference internally contracted CI)     Authors: H.-J. Werner, P.J. Knowles, 1987


 Convergence thresholds:  THRVAR = 1.00D-08  THRDEN = 1.00D-06

 Number of optimized states: 2  Roots:    1   2
 Number of reference states: 2  Roots:    1   2

 Program parameters:       NSTATE=  2    NSTATI=  3    NSTATR=  2    NCEPA = -1    NOKOP =  0    ITRDM =  0    ITRANS=  0
                           IDIP  =200    MAXIT =250    MAXITI=250    MAXDAV=  6    MAXVI =  9    NOSING=  0    NOPAIR=  0
                           MXSHRF=  5    IKCPS =  0    IOPTGM=  2    IOPTOR=  0    REFOPT=  1    IAVDEN=  0    IDELCG=  1
                           IREST =  0    NATORB=  0    IPUNRF=  0    ISEP  =  0    OLDDEN=  0    NSTPRI=  1    GPSFLI= -1
                           CLUSTE=  0    CLOSED=  1    ILSTYP=  0    ITRLS =  0    ICCSD =  0    LOCAL =  0    IBASO =  0
                           MP    =  0    ITEDIS=  2    INCDIS=  1    MAXDIS=  6    ITYDIS=  1    BRUECK=  0    IBRSTR=  3
                           INCBRK=  1    TRIPLE=  0    ICCTYP=  1    IHPPD =  0    ICCNEW=  0    I3EXT = -1    IDEB  =  0
                           IDLEIG=  1    IDFTYP=  1    IMP3  =  0    IPROCS=  0    NOINT =  0    NOREF =  1    IMP2G =  0
                           IHINT =  0    IFDIA =  0    ISPARO=  1    JKSYM =  0    CPHF  =  0    MP2D  = -1    DKINT =  0
                           NPKEX =  1    DRVK  =  1    HLSTRA=  1    WIGNER=  1    DIIS_C=  1    MAXIT_= 50    MATEL =  0
                           SPDEG =  1    MEMCPH=  0    DISM  =  1    KDCPMA=  5    IKDCP_=  0    IREDTH=  0    USECS =  0
                           IPROCC=  0    I3SAVE=  1    IKDCP =  1    USECI =  0    OLDPAI=  0    IPROCI=  0    KEEPCL=  1
                           DISCON=  0    SHIFTE=  0    DIISIN=  0    MOLCAS=  0    MEM_PT=  0    RECORD=  0    RS2C  =  0
                           KEXT  = -1    CIPT2 =  0    DECP0S=  0    I4EXT = -1    NATCOR=  0    RIMP2 =  0    DDCI  = -1
                           IPOLAR=  0

 Reference symmetry:                   4   Singlet 
 Number of electrons:                  8
 Maximum number of shells:             4
 Maximum number of spin couplings:     5

 Reference space:        6 conf        9 CSFs
 N elec internal:       45 conf       50 CSFs
 N-1 el internal:       48 conf       72 CSFs
 N-2 el internal:       26 conf       64 CSFs

 Number of electrons in valence space:                      6
 Maximum number of open shell orbitals in reference space:  4
 Maximum number of open shell orbitals in internal spaces:  6


 Number of core orbitals:           1 (   1   0   0   0 )
 Number of active  orbitals:        5 (   3   1   1   0 )
 Number of external orbitals:     201 (  73  49  49  30 )

 Molecular orbitals read from record     2140.2  Type=MCSCF/NATURAL (state averaged)

 Valence orbitals related to previous ones by unitary transformation. Operators transformed.


 Number of p-space configurations:   3

 Reference wavefunction optimized for reference space (refopt=1)

 State     Reference Energy 
     1       -54.87753893
     2       -54.52094879
     3       -54.51236670

 Number of blocks in overlap matrix:     8   Smallest eigenvalue:  0.59D-03
 Number of N-2 electron functions:      35
 Number of N-1 electron functions:      72

 Number of internal configurations:                    9
 Number of singly external configurations:          3575
 Number of doubly external configurations:        180251
 Total number of contracted configurations:       183835
 Total number of uncontracted configurations:     332025

 Diagonal Coupling coefficients finished.               Storage:    6197 words, CPU-Time:      0.00 seconds.
 Energy denominators for pairs finished in 1 passes.    Storage:  121346 words, CPU-time:      0.00 seconds.

  ITER. STATE  ROOT     SQ.NORM     CORR.ENERGY   TOTAL ENERGY   ENERGY CHANGE       DEN1      VAR(S)    VAR(P)      TIME
    1     1     1     1.00000000     0.00000000   -54.87753893     0.00000000    -0.21142890  0.57D-01  0.25D-01     0.15
    1     2     2     1.00000000     0.00000000   -54.52094879    -0.00000000    -0.15414186  0.38D-01  0.16D-01     0.15
    2     1     1     1.06585344    -0.19053395   -55.06807288    -0.19053395    -0.00851021  0.22D-02  0.11D-02     0.74
    2     2     2     1.05194157    -0.15261443   -54.67356321    -0.15261443    -0.00428012  0.10D-02  0.65D-03     0.74
    3     1     1     1.06686297    -0.19954211   -55.07708105    -0.00900817    -0.00046528  0.68D-04  0.76D-04     1.33
    3     2     2     1.05346307    -0.15728816   -54.67823695    -0.00467373    -0.00031011  0.11D-03  0.55D-04     1.33
    4     1     1     1.06936288    -0.20012899   -55.07766792    -0.00058688    -0.00003776  0.52D-05  0.61D-05     1.91
    4     2     2     1.05661810    -0.15770025   -54.67864903    -0.00041208    -0.00005640  0.31D-04  0.98D-05     1.91
    5     1     1     1.07011322    -0.20017862   -55.07771755    -0.00004962    -0.00000294  0.33D-06  0.47D-06     2.51
    5     2     2     1.05812702    -0.15778098   -54.67872977    -0.00008074    -0.00001737  0.11D-04  0.29D-05     2.51
    6     1     1     1.07014490    -0.20018226   -55.07772119    -0.00000364    -0.00000030  0.25D-07  0.50D-07     3.11
    6     2     2     1.05883515    -0.15780573   -54.67875451    -0.00002475    -0.00000702  0.69D-05  0.84D-06     3.11
    7     1     1     1.07016099    -0.20018262   -55.07772155    -0.00000036    -0.00000004  0.33D-08  0.59D-08     3.70
    7     2     2     1.05971294    -0.15781623   -54.67876501    -0.00001050    -0.00000338  0.26D-05  0.47D-06     3.70
    8     1     1     1.07016290    -0.20018262   -55.07772155    -0.00000000    -0.00000004  0.30D-08  0.59D-08     4.18
    8     2     2     1.06097200    -0.15782352   -54.67877230    -0.00000729    -0.00000115  0.38D-06  0.20D-06     4.18
    9     1     1     1.07016310    -0.20018262   -55.07772155    -0.00000000    -0.00000004  0.30D-08  0.59D-08     4.65
    9     2     2     1.06119178    -0.15782494   -54.67877372    -0.00000142    -0.00000025  0.73D-07  0.50D-07     4.65
   10     1     1     1.07016333    -0.20018262   -55.07772155    -0.00000000    -0.00000004  0.30D-08  0.59D-08     5.12
   10     2     2     1.06138567    -0.15782529   -54.67877407    -0.00000035    -0.00000007  0.14D-07  0.15D-07     5.12
   11     1     1     1.07016364    -0.20018262   -55.07772155    -0.00000000    -0.00000004  0.30D-08  0.59D-08     5.60
   11     2     2     1.06140331    -0.15782537   -54.67877415    -0.00000008    -0.00000001  0.73D-08  0.19D-08     5.60


 =====================================
 Analysis of CPU times by interactions
 =====================================

       I      S      P

 I   0.0%
 S   0.0%   0.4%
 P   0.2%   1.1%  14.1%

 Initialization:   2.7%
 Other:           81.6%

 Total CPU:        5.6 seconds
 =====================================



 gnormi=  0.93443654  gnorms=  0.03667075  gnormp=  0.02889271  gnorm=  1.00000000
 ecorri= -0.18705795  ecorrs= -0.00733963  ecorrp= -0.00578504  ecorr= -0.20018262

 gnormi=  0.94214894  gnorms=  0.03858788  gnormp=  0.01926318  gnorm=  1.00000000
 ecorri= -0.14869500  ecorrs= -0.00609252  ecorrp= -0.00303784  ecorr= -0.15782537

 Reference coefficients greater than 0.0500000
 =============================================
 2/\/\           0.0397703   0.9671713
 220/\           0.9655291  -0.0283618
 /2\/\           0.0225133  -0.0747565

 Coefficients of singly external configurations greater than 0.0500000
 =====================================================================

 220\0   2.3     0.0406461  -0.0564783
 2200\   2.2     0.0406457  -0.0564590

 Coefficients of fixed reference functions:
 ==========================================

 State      Coefficients
 1           0.966456   -0.014079
 2           0.023835    0.970289

 Coefficients of rotated reference functions:
 ============================================

 State      Coefficients
 1           0.966547    0.004839
 2           0.004839    0.970569


 RESULTS FOR STATE 1.4
 =====================

 Coefficient of reference function:   C(0) = 0.96645642 (fixed)   0.96666258 (relaxed)   0.96654686 (rotated)

 Energy contributions of configuration classes

 CLASS          SQ.NORM        ECORR1        ECORR2
 +++++++++++++++++++++++++++++++++++++++++++++++++++
 Internals    0.00023946   -0.00003494   -0.12778973
 Singles      0.03925310   -0.06825374   -0.07110315
 Pairs        0.03092733    0.00481186   -0.00128974
 Total        1.07041990   -0.06347682   -0.20018262
 +++++++++++++++++++++++++++++++++++++++++++++++++++


 Reference energy                     -54.87740232
 Nuclear energy                         4.02634834
 Kinetic energy                        55.38477061
 One electron energy                  -82.30637655
 Two electron energy                   23.20230665
 Virial quotient                       -0.99445607
 Correlation energy                    -0.20031923
 !MRCI STATE 1.4 Energy               -55.077721550151

 Properties without orbital relaxation:

 !MRCI STATE 1.4 Dipole moment          0.00000000     0.00000000     0.63574112
 Dipole moment /Debye                   0.00000000     0.00000000     1.61589276

 Cluster corrected energies           -55.09182801 (Davidson, fixed reference)
 Cluster corrected energies           -55.09177668 (Davidson, relaxed reference)
 Cluster corrected energies           -55.09182801 (Davidson, rotated reference)

 Cluster corrected energies           -55.08734081 (Pople, fixed reference)
 Cluster corrected energies           -55.08730505 (Pople, relaxed reference)
 Cluster corrected energies           -55.08734081 (Pople, rotated reference)



 RESULTS FOR STATE 2.4
 =====================

 Coefficient of reference function:   C(0) = 0.97028870 (fixed)   0.97064357 (relaxed)   0.97056934 (rotated)

 Energy contributions of configuration classes

 CLASS          SQ.NORM        ECORR1        ECORR2
 +++++++++++++++++++++++++++++++++++++++++++++++++++
 Internals    0.00015296   -0.00003479   -0.00015675
 Singles      0.04096357   -0.06683787   -0.06905412
 Pairs        0.02044914   -0.09084524   -0.08861450
 Total        1.06156566   -0.15771790   -0.15782537
 +++++++++++++++++++++++++++++++++++++++++++++++++++


 Reference energy                     -54.52108539
 Nuclear energy                         4.02634834
 Kinetic energy                        54.97124286
 One electron energy                  -79.97347517
 Two electron energy                   21.26835268
 Virial quotient                       -0.99467961
 Correlation energy                    -0.15768876
 !MRCI STATE 2.4 Energy               -54.678774151096

 Properties without orbital relaxation:

 !MRCI STATE 2.4 Dipole moment          0.00000000     0.00000000    -1.52968820
 Dipole moment /Debye                   0.00000000     0.00000000    -3.88807960

 Cluster corrected energies           -54.68848236 (Davidson, fixed reference)
 Cluster corrected energies           -54.68845676 (Davidson, relaxed reference)
 Cluster corrected energies           -54.68848236 (Davidson, rotated reference)

 Cluster corrected energies           -54.68537610 (Pople, fixed reference)
 Cluster corrected energies           -54.68535836 (Pople, relaxed reference)
 Cluster corrected energies           -54.68537610 (Pople, rotated reference)


 !MRCI trans          <2.4|DMZ|1.4>    -0.609336285609 au =    -1.548778354936 Debye


 **********************************************************************************************************************************
 DATASETS  * FILE   NREC   LENGTH (MB)   RECORD NAMES
              1      21      255.19       500      700      610      701      900      950      970     1000      129      960   
                                          VAR     GEOM    BASINP    GEOM    SYMINP    ZMAT    AOBASIS   BASIS     P2S    ABASIS    
                                         1100     1400     1410     1200     1210     1080     1600     1650     1300     1700   
                                           S        T        V       H0       H01     AOSYM     SMH    MOLCAS    ERIS     OPER   
                                         1380   
                                         JKOP   

              2       8       17.64       500      610      700     1000      520     2100     2140      701   
                                          VAR    BASINP    GEOM     BASIS   MCVARS     RHF     MCSCF    GEOM   

 PROGRAMS   *        TOTAL        CI     MULTI       INT        CI     MULTI       INT        CI     MULTI       INT        CI
 CPU TIMES  *       143.13      5.64      1.25      8.73      5.73      1.24      8.74      5.75      1.27      8.72      5.74
 REAL TIME  *       153.44 SEC
 DISK USED  *       786.91 MB
 **********************************************************************************************************************************
 SETTING E1(9)          =       -55.07772155  AU                              
 SETTING E2(9)          =       -54.67877415  AU                              

 DO I                   =        10.00000000   


 Using spherical harmonics

 Library entry N      S aug-cc-pV5Z          selected for orbital group  1
 Library entry N      P aug-cc-pV5Z          selected for orbital group  1
 Library entry N      D aug-cc-pV5Z          selected for orbital group  1
 Library entry N      F aug-cc-pV5Z          selected for orbital group  1
 Library entry N      G aug-cc-pV5Z          selected for orbital group  1
 Library entry N      H aug-cc-pV5Z          selected for orbital group  1
 Library entry H      S aug-cc-pV5Z          selected for orbital group  2
 Library entry H      P aug-cc-pV5Z          selected for orbital group  2
 Library entry H      D aug-cc-pV5Z          selected for orbital group  2
 Library entry H      F aug-cc-pV5Z          selected for orbital group  2
 Library entry H      G aug-cc-pV5Z          selected for orbital group  2


 PROGRAM * SEWARD (Integral evaluation for generally contracted gaussian basis sets)     Author: Roland Lindh, 1990

 Geometry written to block  1 of record 701

 Orientation using atomic masses  
 Molecule type: Linear
 Symmetry elements: X,Y
 Rotational constants:     649.0509963    649.0509963      0.0000000 GHz  (calculated with average atomic masses)

 Point group  C2v 



 ATOMIC COORDINATES

 NR  ATOM    CHARGE       X              Y              Z

   1  N       7.00    0.000000000    0.000000000   -0.115440983
   2  H       1.00    0.000000000    0.000000000    1.604209790

 Bond lengths in Bohr (Angstrom)

 1-2  1.719650773
     ( 0.910000000)

 NUCLEAR CHARGE:                    8
 NUMBER OF PRIMITIVE AOS:         307
 NUMBER OF SYMMETRY AOS:          227
 NUMBER OF CONTRACTIONS:          207   (   77A1  +   50B1  +   50B2  +   30A2  )
 NUMBER OF INNER CORE ORBITALS:     0   (    0A1  +    0B1  +    0B2  +    0A2  )
 NUMBER OF OUTER CORE ORBITALS:     1   (    1A1  +    0B1  +    0B2  +    0A2  )
 NUMBER OF VALENCE ORBITALS:        5   (    3A1  +    1B1  +    1B2  +    0A2  )


 NUCLEAR REPULSION ENERGY    4.07059393

 EXTRA SYMMETRY OF AOS IN SYMMETRY 1:   1 1 1 1 1 1 1 1 1 1   1 1 1 1 2 1 2 1 2 1   2 1 2 1 2 1 2 1 2 1   2 1 3 2 1 3 2 1 3 2
                                        2 3 1 2 3 1 1 1 1 1   1 1 1 1 1 1 1 1 2 1   2 1 2 1 2 1 2 1 2 1   2 1 3 2 1 3 2
 EXTRA SYMMETRY OF AOS IN SYMMETRY 2:   1 1 1 1 1 1 1 1 1 1   1 1 2 1 2 1 2 1 2 1   2 1 2 1 2 1 2 3 1 2   3 1 1 1 1 1 1 1 1 1
                                        1 2 1 2 1 2 1 2 1 2
 EXTRA SYMMETRY OF AOS IN SYMMETRY 3:   1 1 1 1 1 1 1 1 1 1   1 1 2 1 2 1 2 1 2 1   2 1 2 1 2 1 2 3 1 2   3 1 1 1 1 1 1 1 1 1
                                        1 2 1 2 1 2 1 2 1 2
 EXTRA SYMMETRY OF AOS IN SYMMETRY 4:   1 1 1 1 1 1 1 1 1 1   2 1 2 1 2 2 1 2 1 1   1 1 1 1 1 1 1 2 1 2

 Eigenvalues of metric

         1 0.112E-04 0.710E-04 0.216E-03 0.222E-03 0.437E-03 0.542E-03 0.102E-02 0.214E-02
         2 0.181E-03 0.903E-03 0.254E-02 0.468E-02 0.663E-02 0.151E-01 0.218E-01 0.281E-01
         3 0.181E-03 0.903E-03 0.254E-02 0.468E-02 0.663E-02 0.151E-01 0.218E-01 0.281E-01
         4 0.214E-02 0.115E-01 0.303E-01 0.500E-01 0.844E-01 0.106E+00 0.190E+00 0.202E+00


 Contracted 2-electron integrals neglected if value below      1.0D-12
 AO integral compression algorithm  1   Integral accuracy      1.0D-12

     289.407 MB (compressed) written to integral file ( 51.3%)


 NUMBER OF SORTED TWO-ELECTRON INTEGRALS:   59167011.     BUFFER LENGTH:  32768
 NUMBER OF SEGMENTS:   4  SEGMENT LENGTH:   15999984      RECORD LENGTH: 524288

 Memory used in sort:      16.56 MW

 SORT1 READ    70490039. AND WROTE    39593945. INTEGRALS IN    116 RECORDS. CPU TIME:     0.78 SEC, REAL TIME:     0.94 SEC
 SORT2 READ    39593945. AND WROTE    59167011. INTEGRALS IN   1104 RECORDS. CPU TIME:     0.64 SEC, REAL TIME:     0.77 SEC

 FILE SIZES:   FILE 1:   320.5 MBYTE,  FILE 4:   486.6 MBYTE,   TOTAL:    807.1 MBYTE

 OPERATOR DM      FOR CENTER  0  COORDINATES:    0.000000    0.000000    0.000000


 **********************************************************************************************************************************
 DATASETS  * FILE   NREC   LENGTH (MB)   RECORD NAMES
              1      20      252.65       500      700      610      701      900      950      970     1000      129      960   
                                          VAR     GEOM    BASINP    GEOM    SYMINP    ZMAT    AOBASIS   BASIS     P2S    ABASIS    
                                         1100     1400     1410     1200     1210     1080     1600     1650     1300     1700   
                                           S        T        V       H0       H01     AOSYM     SMH    MOLCAS    ERIS     OPER   

              2       8       17.64       500      610      700     1000      520     2100     2140      701   
                                          VAR    BASINP    GEOM     BASIS   MCVARS     RHF     MCSCF    GEOM   

 PROGRAMS   *        TOTAL       INT        CI     MULTI       INT        CI     MULTI       INT        CI     MULTI       INT
 CPU TIMES  *       151.85      8.71      5.64      1.25      8.73      5.73      1.24      8.74      5.75      1.27      8.72
 REAL TIME  *       162.60 SEC
 DISK USED  *       787.41 MB
 **********************************************************************************************************************************

 PROGRAM * MULTI (Direct Multiconfiguration SCF)       Authors: P.J. Knowles, H.-J. Werner (1984)
                                                                D.A. Kreplin, P.J. Knowles, H.-J. Werner (2019)

 Number of closed-shell orbitals:   1 (   1   0   0   0 )
 Number of active  orbitals:        5 (   3   1   1   0 )
 Number of external orbitals:     201 (  73  49  49  30 )

 State symmetry 1

 Number of active electrons:   6    Spin symmetry=Singlet   Space symmetry=4
 Number of states:             3
 Number of CSFs:               9   (24 determinants, 100 intermediate states)

 Molecular orbitals read from record     2140.2  Type=MCSCF/NATURAL (state averaged)

 EXTRA SYMMETRY OF MOS IN SYMMETRY 1:   1 1 1 1 1 1 1 2 1 1   1 1 2 1 1 2 1 1 2 1   2 1 1 1 2 3 1 2 1 1   2 1 2 3 1 1 2 1 1 1
                                        2 3 2 1 3 2 1 1 2 2   1 1 1 2 1 1 2 3 1 3   1 2 1 2 1 3 2 1 2 1   2 1 2 1 1 1 1
 EXTRA SYMMETRY OF MOS IN SYMMETRY 2:   1 1 1 1 1 1 2 1 1 1   2 1 1 1 2 1 1 2 1 2   1 1 1 2 3 1 1 2 2 1   1 2 1 1 1 2 3 1 1 1
                                        2 2 1 2 2 1 1 1 1 1
 EXTRA SYMMETRY OF MOS IN SYMMETRY 3:   1 1 1 1 1 1 2 1 1 1   2 1 1 1 2 1 1 2 1 2   1 1 1 2 3 1 1 2 2 1   1 2 1 1 1 2 3 1 1 1
                                        2 2 1 2 2 1 1 1 1 1
 EXTRA SYMMETRY OF MOS IN SYMMETRY 4:   1 1 1 1 1 1 2 1 1 1   2 1 1 2 1 2 1 1 1 1   1 2 2 1 1 2 1 1 1 1

 Wavefunction dump at record             2140.2

 Convergence thresholds  0.10E-04 (gradient)  0.10E-05 (energy)

 Weight factors for state symmetry  1:    0.33333   0.33333   0.33333
 
 Number of orbital rotations:  393  ( 3 closed/active, 73 closed/virtual, 0 active/active, 317 active/virtual )
 Total number of variables:    465
 
  Second-order MCSCF: L-BFGS accelerated
 
 ITER  MIC  NCI  NEG     ENERGY(VAR)    ENERGY(PROJ) ENERGY CHANGE       GRAD(0)  GRAD(ORB)   GRAD(CI)      STEP      TIME
   1    4    3    0    -54.63333898     -54.63337533   -0.00003635    0.01348097 0.00001596 0.00000000  0.82E-02      0.35
   2    6    5    0    -54.63337531     -54.63337531   -0.00000000    0.00001255 0.00000000 0.00000000  0.13E-04      0.72
   3    3    2    0    -54.63337531     -54.63337531   -0.00000000    0.00000000 0.00000000 0.00000000  0.91E-10      1.05

 CONVERGENCE REACHED!  Final gradient:    0.00000000 ( 0.17E-11)
                       Final energy:    -54.63337531
 
 Results for state 1.4
 =====================
 !MCSCF STATE 1.4 Energy                       -54.874844120827
 Nuclear energy                                  4.07059393
 Kinetic energy                                 55.92089599
 One electron energy                           -83.15249527
 Two electron energy                            24.20705722
 Virial ratio                                    1.98129408
 
 !MCSCF STATE 1.4 Dipole moment                  0.00000000     0.00000000     0.76470110
 Dipole moment /Debye                            0.00000000     0.00000000     1.94367632
 
 Results for state 2.4
 =====================
 !MCSCF STATE 2.4 Energy                       -54.517683632319
 Nuclear energy                                  4.07059393
 Kinetic energy                                 54.44989944
 One electron energy                           -79.78614674
 Two electron energy                            21.19786918
 Virial ratio                                    2.00124489
 
 !MCSCF STATE 2.4 Dipole moment                  0.00000000     0.00000000    -1.68464212
 Dipole moment /Debye                            0.00000000     0.00000000    -4.28193317
 
 Results for state 3.4
 =====================
 !MCSCF STATE 3.4 Energy                       -54.507598169177
 Nuclear energy                                  4.07059393
 Kinetic energy                                 54.54422257
 One electron energy                           -79.79295392
 Two electron energy                            21.21476182
 Virial ratio                                    1.99932854
 
 !MCSCF STATE 3.4 Dipole moment                  0.00000000     0.00000000    -1.53035166
 Dipole moment /Debye                            0.00000000     0.00000000    -3.88976593
 
 State-averaged charge density matrix saved on record 2140.2 (density set 1)
 
 Expectation values: (only non-zero values are shown)
 
 !MCSCF expec                       <1.4|DMZ|1.4>     0.764701096961 au =     1.943676316249 Debye
 !MCSCF expec                       <2.4|DMZ|2.4>    -1.684642122688 au =    -4.281933173935 Debye
 !MCSCF expec                       <3.4|DMZ|3.4>    -1.530351658517 au =    -3.889765930782 Debye
 
 Transition values: (only non-zero values with the ground state are shown)
 
 !MCSCF trans                       <1.4|DMZ|2.4>    -0.583576694915 au =    -1.483304006139 Debye
 

 EXTRA SYMMETRY OF MOS IN SYMMETRY 1:   1 1 1 1 1 1 1 2 1 1   1 1 2 1 1 2 1 1 2 1   2 1 1 1 3 2 1 2 1 1   2 1 2 3 1 1 2 1 1 1
                                        2 3 2 1 3 2 1 1 2 2   1 1 1 2 1 1 2 3 1 3   1 2 1 2 3 1 2 1 2 1   2 1 2 1 1 1 1
 EXTRA SYMMETRY OF MOS IN SYMMETRY 4:   1 1 1 1 1 2 1 1 1 1   2 1 1 2 1 2 1 1 1 1   1 2 2 1 1 2 1 1 1 1
 
 Natural orbital dump (state averaged) at molpro section 2140.2 (Orbital set 2)
 
 Reoptimze the CI vectors with natural orbitals 
 
 CI Coefficients of symmetry 4
 =============================
 
 220 b a        0.70563408     -0.03505582      0.00000000
 220 a b       -0.70563408      0.03505582     -0.00000000
 2bb a a        0.00000000      0.00000000      0.57567567
 2aa b b       -0.00000000      0.00000000      0.57567567
 2ab a b       -0.02602288     -0.49814620     -0.28783784
 2ba b a       -0.02602288     -0.49814620     -0.28783784
 2ba a b        0.02602288      0.49814620     -0.28783784
 2ab b a        0.02602288      0.49814620     -0.28783784
 
 Energy:      -54.87484412    -54.51768363    -54.50759817
 


 **********************************************************************************************************************************
 DATASETS  * FILE   NREC   LENGTH (MB)   RECORD NAMES
              1      21      255.57       500      700      610      701      900      950      970     1000      129      960   
                                          VAR     GEOM    BASINP    GEOM    SYMINP    ZMAT    AOBASIS   BASIS     P2S    ABASIS    
                                         1100     1400     1410     1200     1210     1080     1600     1650     1300     1700   
                                           S        T        V       H0       H01     AOSYM     SMH    MOLCAS    ERIS     OPER   
                                         1380   
                                         JKOP   

              2       8       17.64       500      610      700     1000      520     2100     2140      701   
                                          VAR    BASINP    GEOM     BASIS   MCVARS     RHF     MCSCF    GEOM   

 PROGRAMS   *        TOTAL     MULTI       INT        CI     MULTI       INT        CI     MULTI       INT        CI     MULTI
 CPU TIMES  *       153.10      1.25      8.71      5.64      1.25      8.73      5.73      1.24      8.74      5.75      1.27
 REAL TIME  *       164.00 SEC
 DISK USED  *       787.41 MB
 **********************************************************************************************************************************


 PROGRAM * CI (Multireference internally contracted CI)     Authors: H.-J. Werner, P.J. Knowles, 1987


 Convergence thresholds:  THRVAR = 1.00D-08  THRDEN = 1.00D-06

 Number of optimized states: 2  Roots:    1   2
 Number of reference states: 2  Roots:    1   2

 Program parameters:       NSTATE=  2    NSTATI=  3    NSTATR=  2    NCEPA = -1    NOKOP =  0    ITRDM =  0    ITRANS=  0
                           IDIP  =200    MAXIT =250    MAXITI=250    MAXDAV=  6    MAXVI =  9    NOSING=  0    NOPAIR=  0
                           MXSHRF=  5    IKCPS =  0    IOPTGM=  2    IOPTOR=  0    REFOPT=  1    IAVDEN=  0    IDELCG=  1
                           IREST =  0    NATORB=  0    IPUNRF=  0    ISEP  =  0    OLDDEN=  0    NSTPRI=  1    GPSFLI= -1
                           CLUSTE=  0    CLOSED=  1    ILSTYP=  0    ITRLS =  0    ICCSD =  0    LOCAL =  0    IBASO =  0
                           MP    =  0    ITEDIS=  2    INCDIS=  1    MAXDIS=  6    ITYDIS=  1    BRUECK=  0    IBRSTR=  3
                           INCBRK=  1    TRIPLE=  0    ICCTYP=  1    IHPPD =  0    ICCNEW=  0    I3EXT = -1    IDEB  =  0
                           IDLEIG=  1    IDFTYP=  1    IMP3  =  0    IPROCS=  0    NOINT =  0    NOREF =  1    IMP2G =  0
                           IHINT =  0    IFDIA =  0    ISPARO=  1    JKSYM =  0    CPHF  =  0    MP2D  = -1    DKINT =  0
                           NPKEX =  1    DRVK  =  1    HLSTRA=  1    WIGNER=  1    DIIS_C=  1    MAXIT_= 50    MATEL =  0
                           SPDEG =  1    MEMCPH=  0    DISM  =  1    KDCPMA=  5    IKDCP_=  0    IREDTH=  0    USECS =  0
                           IPROCC=  0    I3SAVE=  1    IKDCP =  1    USECI =  0    OLDPAI=  0    IPROCI=  0    KEEPCL=  1
                           DISCON=  0    SHIFTE=  0    DIISIN=  0    MOLCAS=  0    MEM_PT=  0    RECORD=  0    RS2C  =  0
                           KEXT  = -1    CIPT2 =  0    DECP0S=  0    I4EXT = -1    NATCOR=  0    RIMP2 =  0    DDCI  = -1
                           IPOLAR=  0

 Reference symmetry:                   4   Singlet 
 Number of electrons:                  8
 Maximum number of shells:             4
 Maximum number of spin couplings:     5

 Reference space:        6 conf        9 CSFs
 N elec internal:       45 conf       50 CSFs
 N-1 el internal:       48 conf       72 CSFs
 N-2 el internal:       26 conf       64 CSFs

 Number of electrons in valence space:                      6
 Maximum number of open shell orbitals in reference space:  4
 Maximum number of open shell orbitals in internal spaces:  6


 Number of core orbitals:           1 (   1   0   0   0 )
 Number of active  orbitals:        5 (   3   1   1   0 )
 Number of external orbitals:     201 (  73  49  49  30 )

 Molecular orbitals read from record     2140.2  Type=MCSCF/NATURAL (state averaged)

 Valence orbitals related to previous ones by unitary transformation. Operators transformed.


 Number of p-space configurations:   3

 Reference wavefunction optimized for reference space (refopt=1)

 State     Reference Energy 
     1       -54.87484412
     2       -54.51768363
     3       -54.50759817

 Number of blocks in overlap matrix:     8   Smallest eigenvalue:  0.63D-03
 Number of N-2 electron functions:      35
 Number of N-1 electron functions:      72

 Number of internal configurations:                    9
 Number of singly external configurations:          3575
 Number of doubly external configurations:        180251
 Total number of contracted configurations:       183835
 Total number of uncontracted configurations:     332025

 Diagonal Coupling coefficients finished.               Storage:    6197 words, CPU-Time:      0.01 seconds.
 Energy denominators for pairs finished in 1 passes.    Storage:  121346 words, CPU-time:      0.00 seconds.

  ITER. STATE  ROOT     SQ.NORM     CORR.ENERGY   TOTAL ENERGY   ENERGY CHANGE       DEN1      VAR(S)    VAR(P)      TIME
    1     1     1     1.00000000     0.00000000   -54.87484412    -0.00000000    -0.21212564  0.57D-01  0.25D-01     0.15
    1     2     2     1.00000000     0.00000000   -54.51768363    -0.00000000    -0.15352029  0.37D-01  0.16D-01     0.15
    2     1     1     1.06595524    -0.19086140   -55.06570552    -0.19086140    -0.00844079  0.21D-02  0.11D-02     0.76
    2     2     2     1.05127562    -0.15227774   -54.66996137    -0.15227774    -0.00418144  0.97D-03  0.64D-03     0.76
    3     1     1     1.06686579    -0.19976259   -55.07460671    -0.00890118    -0.00044715  0.66D-04  0.73D-04     1.35
    3     2     2     1.05287339    -0.15685052   -54.67453415    -0.00457278    -0.00030051  0.10D-03  0.53D-04     1.35
    4     1     1     1.06931232    -0.20032252   -55.07516664    -0.00055994    -0.00003526  0.50D-05  0.57D-05     1.94
    4     2     2     1.05591331    -0.15724766   -54.67493129    -0.00039714    -0.00005427  0.30D-04  0.95D-05     1.94
    5     1     1     1.07006182    -0.20036873   -55.07521285    -0.00004621    -0.00000268  0.30D-06  0.42D-06     2.54
    5     2     2     1.05734974    -0.15732481   -54.67500844    -0.00007714    -0.00001652  0.10D-04  0.27D-05     2.54
    6     1     1     1.07009628    -0.20037203   -55.07521615    -0.00000330    -0.00000026  0.22D-07  0.44D-07     3.13
    6     2     2     1.05802725    -0.15734843   -54.67503206    -0.00002362    -0.00000667  0.66D-05  0.79D-06     3.13
    7     1     1     1.07011148    -0.20037235   -55.07521647    -0.00000032    -0.00000003  0.28D-08  0.51D-08     3.72
    7     2     2     1.05886801    -0.15735844   -54.67504208    -0.00001001    -0.00000325  0.25D-05  0.46D-06     3.72
    8     1     1     1.07011374    -0.20037235   -55.07521647    -0.00000000    -0.00000003  0.25D-08  0.51D-08     4.19
    8     2     2     1.06008092    -0.15736547   -54.67504910    -0.00000702    -0.00000111  0.37D-06  0.19D-06     4.19
    9     1     1     1.07011397    -0.20037235   -55.07521647    -0.00000000    -0.00000003  0.25D-08  0.51D-08     4.66
    9     2     2     1.06029424    -0.15736685   -54.67505048    -0.00000138    -0.00000024  0.69D-07  0.48D-07     4.66
   10     1     1     1.07011417    -0.20037235   -55.07521647    -0.00000000    -0.00000003  0.25D-08  0.51D-08     5.12
   10     2     2     1.06047892    -0.15736719   -54.67505082    -0.00000034    -0.00000007  0.13D-07  0.14D-07     5.12
   11     1     1     1.07011443    -0.20037235   -55.07521647    -0.00000000    -0.00000003  0.25D-08  0.51D-08     5.59
   11     2     2     1.06049463    -0.15736726   -54.67505089    -0.00000007    -0.00000001  0.68D-08  0.17D-08     5.59


 =====================================
 Analysis of CPU times by interactions
 =====================================

       I      S      P

 I   0.0%
 S   0.0%   0.2%
 P   0.0%   0.7%  14.1%

 Initialization:   2.7%
 Other:           82.3%

 Total CPU:        5.6 seconds
 =====================================



 gnormi=  0.93447950  gnorms=  0.03680033  gnormp=  0.02872017  gnorm=  1.00000000
 ecorri= -0.18724386  ecorrs= -0.00737269  ecorrp= -0.00575581  ecorr= -0.20037235

 gnormi=  0.94295621  gnorms=  0.03787836  gnormp=  0.01916543  gnorm=  1.00000000
 ecorri= -0.14839044  ecorrs= -0.00596304  ecorrp= -0.00301379  ecorr= -0.15736726

 Reference coefficients greater than 0.0500000
 =============================================
 2/\/\           0.0365215   0.9677153
 220/\           0.9656804  -0.0255482
 /2\/\           0.0226619  -0.0740140

 Coefficients of singly external configurations greater than 0.0500000
 =====================================================================

 220\0   2.3     0.0407100  -0.0551709
 2200\   2.2     0.0407095  -0.0551508

 Coefficients of fixed reference functions:
 ==========================================

 State      Coefficients
 1           0.966499   -0.012908
 2           0.022249    0.970745

 Coefficients of rotated reference functions:
 ============================================

 State      Coefficients
 1           0.966574    0.004631
 2           0.004631    0.970989


 RESULTS FOR STATE 1.4
 =====================

 Coefficient of reference function:   C(0) = 0.96649907 (fixed)   0.96668480 (relaxed)   0.96657417 (rotated)

 Energy contributions of configuration classes

 CLASS          SQ.NORM        ECORR1        ECORR2
 +++++++++++++++++++++++++++++++++++++++++++++++++++
 Internals    0.00022892   -0.00003105   -0.12739200
 Singles      0.03938958   -0.06844540   -0.07131887
 Pairs        0.03074090    0.00438240   -0.00166149
 Total        1.07035940   -0.06409404   -0.20037235
 +++++++++++++++++++++++++++++++++++++++++++++++++++


 Reference energy                     -54.87472653
 Nuclear energy                         4.07059393
 Kinetic energy                        55.40773971
 One electron energy                  -82.38129080
 Two electron energy                   23.23548039
 Virial quotient                       -0.99399861
 Correlation energy                    -0.20048995
 !MRCI STATE 1.4 Energy               -55.075216474370

 Properties without orbital relaxation:

 !MRCI STATE 1.4 Dipole moment          0.00000000     0.00000000     0.63691808
 Dipole moment /Debye                   0.00000000     0.00000000     1.61888428

 Cluster corrected energies           -55.08932283 (Davidson, fixed reference)
 Cluster corrected energies           -55.08927371 (Davidson, relaxed reference)
 Cluster corrected energies           -55.08932283 (Davidson, rotated reference)

 Cluster corrected energies           -55.08483548 (Pople, fixed reference)
 Cluster corrected energies           -55.08480127 (Pople, relaxed reference)
 Cluster corrected energies           -55.08483548 (Pople, rotated reference)



 RESULTS FOR STATE 2.4
 =====================

 Coefficient of reference function:   C(0) = 0.97074492 (fixed)   0.97105932 (relaxed)   0.97098881 (rotated)

 Energy contributions of configuration classes

 CLASS          SQ.NORM        ECORR1        ECORR2
 +++++++++++++++++++++++++++++++++++++++++++++++++++
 Internals    0.00014524   -0.00003090   -0.00013966
 Singles      0.04017563   -0.06645899   -0.06862185
 Pairs        0.02032779   -0.09078300   -0.08860575
 Total        1.06064866   -0.15727290   -0.15736726
 +++++++++++++++++++++++++++++++++++++++++++++++++++


 Reference energy                     -54.51780122
 Nuclear energy                         4.07059393
 Kinetic energy                        54.98914811
 One electron energy                  -80.03165129
 Two electron energy                   21.28600647
 Virial quotient                       -0.99428801
 Correlation energy                    -0.15724967
 !MRCI STATE 2.4 Energy               -54.675050892873

 Properties without orbital relaxation:

 !MRCI STATE 2.4 Dipole moment          0.00000000     0.00000000    -1.53348964
 Dipole moment /Debye                   0.00000000     0.00000000    -3.89774190

 Cluster corrected energies           -54.68458787 (Davidson, fixed reference)
 Cluster corrected energies           -54.68456365 (Davidson, relaxed reference)
 Cluster corrected energies           -54.68458787 (Davidson, rotated reference)

 Cluster corrected energies           -54.68153455 (Pople, fixed reference)
 Cluster corrected energies           -54.68151777 (Pople, relaxed reference)
 Cluster corrected energies           -54.68153455 (Pople, rotated reference)


 !MRCI trans          <2.4|DMZ|1.4>    -0.595189317597 au =    -1.512820348885 Debye


 **********************************************************************************************************************************
 DATASETS  * FILE   NREC   LENGTH (MB)   RECORD NAMES
              1      21      255.57       500      700      610      701      900      950      970     1000      129      960   
                                          VAR     GEOM    BASINP    GEOM    SYMINP    ZMAT    AOBASIS   BASIS     P2S    ABASIS    
                                         1100     1400     1410     1200     1210     1080     1600     1650     1300     1700   
                                           S        T        V       H0       H01     AOSYM     SMH    MOLCAS    ERIS     OPER   
                                         1380   
                                         JKOP   

              2       8       17.64       500      610      700     1000      520     2100     2140      701   
                                          VAR    BASINP    GEOM     BASIS   MCVARS     RHF     MCSCF    GEOM   

 PROGRAMS   *        TOTAL        CI     MULTI       INT        CI     MULTI       INT        CI     MULTI       INT        CI
 CPU TIMES  *       158.72      5.63      1.25      8.71      5.64      1.25      8.73      5.73      1.24      8.74      5.75
 REAL TIME  *       170.17 SEC
 DISK USED  *       787.41 MB
 **********************************************************************************************************************************
 SETTING E1(10)         =       -55.07521647  AU                              
 SETTING E2(10)         =       -54.67505089  AU                              

 DO I                   =        11.00000000   


 Using spherical harmonics

 Library entry N      S aug-cc-pV5Z          selected for orbital group  1
 Library entry N      P aug-cc-pV5Z          selected for orbital group  1
 Library entry N      D aug-cc-pV5Z          selected for orbital group  1
 Library entry N      F aug-cc-pV5Z          selected for orbital group  1
 Library entry N      G aug-cc-pV5Z          selected for orbital group  1
 Library entry N      H aug-cc-pV5Z          selected for orbital group  1
 Library entry H      S aug-cc-pV5Z          selected for orbital group  2
 Library entry H      P aug-cc-pV5Z          selected for orbital group  2
 Library entry H      D aug-cc-pV5Z          selected for orbital group  2
 Library entry H      F aug-cc-pV5Z          selected for orbital group  2
 Library entry H      G aug-cc-pV5Z          selected for orbital group  2


 PROGRAM * SEWARD (Integral evaluation for generally contracted gaussian basis sets)     Author: Roland Lindh, 1990

 Geometry written to block  1 of record 701

 Orientation using atomic masses  
 Molecule type: Linear
 Symmetry elements: X,Y
 Rotational constants:     663.5544815    663.5544815      0.0000000 GHz  (calculated with average atomic masses)

 Point group  C2v 



 ATOMIC COORDINATES

 NR  ATOM    CHARGE       X              Y              Z

   1  N       7.00    0.000000000    0.000000000   -0.114172401
   2  H       1.00    0.000000000    0.000000000    1.586581111

 Bond lengths in Bohr (Angstrom)

 1-2  1.700753512
     ( 0.900000000)

 NUCLEAR CHARGE:                    8
 NUMBER OF PRIMITIVE AOS:         307
 NUMBER OF SYMMETRY AOS:          227
 NUMBER OF CONTRACTIONS:          207   (   77A1  +   50B1  +   50B2  +   30A2  )
 NUMBER OF INNER CORE ORBITALS:     0   (    0A1  +    0B1  +    0B2  +    0A2  )
 NUMBER OF OUTER CORE ORBITALS:     1   (    1A1  +    0B1  +    0B2  +    0A2  )
 NUMBER OF VALENCE ORBITALS:        5   (    3A1  +    1B1  +    1B2  +    0A2  )


 NUCLEAR REPULSION ENERGY    4.11582275

 EXTRA SYMMETRY OF AOS IN SYMMETRY 1:   1 1 1 1 1 1 1 1 1 1   1 1 1 1 2 1 2 1 2 1   2 1 2 1 2 1 2 1 2 1   2 1 3 2 1 3 2 1 3 2
                                        2 3 1 2 3 1 1 1 1 1   1 1 1 1 1 1 1 1 2 1   2 1 2 1 2 1 2 1 2 1   2 1 3 2 1 3 2
 EXTRA SYMMETRY OF AOS IN SYMMETRY 2:   1 1 1 1 1 1 1 1 1 1   1 1 2 1 2 1 2 1 2 1   2 1 2 1 2 1 2 3 1 2   3 1 1 1 1 1 1 1 1 1
                                        1 2 1 2 1 2 1 2 1 2
 EXTRA SYMMETRY OF AOS IN SYMMETRY 3:   1 1 1 1 1 1 1 1 1 1   1 1 2 1 2 1 2 1 2 1   2 1 2 1 2 1 2 3 1 2   3 1 1 1 1 1 1 1 1 1
                                        1 2 1 2 1 2 1 2 1 2
 EXTRA SYMMETRY OF AOS IN SYMMETRY 4:   1 1 1 1 1 1 1 1 1 1   2 1 2 1 2 2 1 2 1 1   1 1 1 1 1 1 1 2 1 2

 Eigenvalues of metric

         1 0.109E-04 0.700E-04 0.211E-03 0.216E-03 0.422E-03 0.519E-03 0.995E-03 0.206E-02
         2 0.170E-03 0.866E-03 0.247E-02 0.466E-02 0.648E-02 0.146E-01 0.211E-01 0.271E-01
         3 0.170E-03 0.866E-03 0.247E-02 0.466E-02 0.648E-02 0.146E-01 0.211E-01 0.271E-01
         4 0.206E-02 0.111E-01 0.290E-01 0.485E-01 0.838E-01 0.105E+00 0.189E+00 0.200E+00


 Contracted 2-electron integrals neglected if value below      1.0D-12
 AO integral compression algorithm  1   Integral accuracy      1.0D-12

     289.931 MB (compressed) written to integral file ( 51.4%)


 NUMBER OF SORTED TWO-ELECTRON INTEGRALS:   59167011.     BUFFER LENGTH:  32768
 NUMBER OF SEGMENTS:   4  SEGMENT LENGTH:   15999984      RECORD LENGTH: 524288

 Memory used in sort:      16.56 MW

 SORT1 READ    70490039. AND WROTE    39593931. INTEGRALS IN    116 RECORDS. CPU TIME:     0.77 SEC, REAL TIME:     0.94 SEC
 SORT2 READ    39593931. AND WROTE    59167011. INTEGRALS IN   1106 RECORDS. CPU TIME:     0.65 SEC, REAL TIME:     0.76 SEC

 FILE SIZES:   FILE 1:   321.0 MBYTE,  FILE 4:   486.6 MBYTE,   TOTAL:    807.6 MBYTE

 OPERATOR DM      FOR CENTER  0  COORDINATES:    0.000000    0.000000    0.000000


 **********************************************************************************************************************************
 DATASETS  * FILE   NREC   LENGTH (MB)   RECORD NAMES
              1      20      253.03       500      700      610      701      900      950      970     1000      129      960   
                                          VAR     GEOM    BASINP    GEOM    SYMINP    ZMAT    AOBASIS   BASIS     P2S    ABASIS    
                                         1100     1400     1410     1200     1210     1080     1600     1650     1300     1700   
                                           S        T        V       H0       H01     AOSYM     SMH    MOLCAS    ERIS     OPER   

              2       8       17.64       500      610      700     1000      520     2100     2140      701   
                                          VAR    BASINP    GEOM     BASIS   MCVARS     RHF     MCSCF    GEOM   

 PROGRAMS   *        TOTAL       INT        CI     MULTI       INT        CI     MULTI       INT        CI     MULTI       INT
 CPU TIMES  *       167.44      8.72      5.63      1.25      8.71      5.64      1.25      8.73      5.73      1.24      8.74
 REAL TIME  *       179.32 SEC
 DISK USED  *       787.91 MB
 **********************************************************************************************************************************

 PROGRAM * MULTI (Direct Multiconfiguration SCF)       Authors: P.J. Knowles, H.-J. Werner (1984)
                                                                D.A. Kreplin, P.J. Knowles, H.-J. Werner (2019)

 Number of closed-shell orbitals:   1 (   1   0   0   0 )
 Number of active  orbitals:        5 (   3   1   1   0 )
 Number of external orbitals:     201 (  73  49  49  30 )

 State symmetry 1

 Number of active electrons:   6    Spin symmetry=Singlet   Space symmetry=4
 Number of states:             3
 Number of CSFs:               9   (24 determinants, 100 intermediate states)

 Molecular orbitals read from record     2140.2  Type=MCSCF/NATURAL (state averaged)

 EXTRA SYMMETRY OF MOS IN SYMMETRY 1:   1 1 1 1 1 1 1 2 1 1   1 1 2 1 1 2 1 1 2 1   2 1 1 1 3 2 1 2 1 1   2 1 2 3 1 1 2 1 1 1
                                        2 3 2 1 3 2 1 1 2 2   1 1 1 2 1 1 2 3 1 3   1 2 1 2 3 1 2 1 2 1   2 1 2 1 1 1 1
 EXTRA SYMMETRY OF MOS IN SYMMETRY 2:   1 1 1 1 1 1 2 1 1 1   2 1 1 1 2 1 1 2 1 2   1 1 1 2 3 1 1 2 2 1   1 2 1 1 1 2 3 1 1 1
                                        2 2 1 2 2 1 1 1 1 1
 EXTRA SYMMETRY OF MOS IN SYMMETRY 3:   1 1 1 1 1 1 2 1 1 1   2 1 1 1 2 1 1 2 1 2   1 1 1 2 3 1 1 2 2 1   1 2 1 1 1 2 3 1 1 1
                                        2 2 1 2 2 1 1 1 1 1
 EXTRA SYMMETRY OF MOS IN SYMMETRY 4:   1 1 1 1 1 2 1 1 1 1   2 1 1 2 1 2 1 1 1 1   1 2 2 1 1 2 1 1 1 1

 Wavefunction dump at record             2140.2

 Convergence thresholds  0.10E-04 (gradient)  0.10E-05 (energy)

 Weight factors for state symmetry  1:    0.33333   0.33333   0.33333
 
 Number of orbital rotations:  393  ( 3 closed/active, 73 closed/virtual, 0 active/active, 317 active/virtual )
 Total number of variables:    465
 
  Second-order MCSCF: L-BFGS accelerated
 
 ITER  MIC  NCI  NEG     ENERGY(VAR)    ENERGY(PROJ) ENERGY CHANGE       GRAD(0)  GRAD(ORB)   GRAD(CI)      STEP      TIME
   1    4    3    0    -54.62946950     -54.62950635   -0.00003685    0.01377359 0.00001511 0.00000000  0.80E-02      0.35
   2    6    5    0    -54.62950633     -54.62950633   -0.00000000    0.00001231 0.00000000 0.00000000  0.13E-04      0.72
   3    2    2    0    -54.62950633     -54.62950633   -0.00000000    0.00000000 0.00000000 0.00000000  0.59E-10      1.05

 CONVERGENCE REACHED!  Final gradient:    0.00000000 ( 0.17E-11)
                       Final energy:    -54.62950633
 
 Results for state 1.4
 =====================
 !MCSCF STATE 1.4 Energy                       -54.871850121474
 Nuclear energy                                  4.11582275
 Kinetic energy                                 55.95201090
 One electron energy                           -83.23549032
 Two electron energy                            24.24781745
 Virial ratio                                    1.98069487
 
 !MCSCF STATE 1.4 Dipole moment                  0.00000000     0.00000000     0.76799022
 Dipole moment /Debye                            0.00000000     0.00000000     1.95203644
 
 Results for state 2.4
 =====================
 !MCSCF STATE 2.4 Energy                       -54.514099252624
 Nuclear energy                                  4.11582275
 Kinetic energy                                 54.46508965
 One electron energy                           -79.84175392
 Two electron energy                            21.21183192
 Virial ratio                                    2.00089984
 
 !MCSCF STATE 2.4 Dipole moment                  0.00000000     0.00000000    -1.68682277
 Dipole moment /Debye                            0.00000000     0.00000000    -4.28747582
 
 Results for state 3.4
 =====================
 !MCSCF STATE 3.4 Energy                       -54.502569603029
 Nuclear energy                                  4.11582275
 Kinetic energy                                 54.55682217
 One electron energy                           -79.84861099
 Two electron energy                            21.23021864
 Virial ratio                                    1.99900558
 
 !MCSCF STATE 3.4 Dipole moment                  0.00000000     0.00000000    -1.52919367
 Dipole moment /Debye                            0.00000000     0.00000000    -3.88682261
 
 State-averaged charge density matrix saved on record 2140.2 (density set 1)
 
 Expectation values: (only non-zero values are shown)
 
 !MCSCF expec                       <1.4|DMZ|1.4>     0.767990222936 au =     1.952036440594 Debye
 !MCSCF expec                       <2.4|DMZ|2.4>    -1.686822767100 au =    -4.287475819180 Debye
 !MCSCF expec                       <3.4|DMZ|3.4>    -1.529193668367 au =    -3.886822613403 Debye
 
 Transition values: (only non-zero values with the ground state are shown)
 
 !MCSCF trans                       <1.4|DMZ|2.4>    -0.561490823536 au =    -1.427167320452 Debye
 
 
 Natural orbital dump (state averaged) at molpro section 2140.2 (Orbital set 2)
 
 Reoptimze the CI vectors with natural orbitals 
 
 CI Coefficients of symmetry 4
 =============================
 
 220 a b       -0.70579818      0.03187192      0.00000000
 220 b a        0.70579818     -0.03187192     -0.00000000
 2aa b b        0.00000000     -0.00000000      0.57571058
 2bb a a        0.00000000     -0.00000000      0.57571058
 2ab b a        0.02375699      0.49826900     -0.28785529
 2ba a b        0.02375699      0.49826900     -0.28785529
 2ba b a       -0.02375699     -0.49826900     -0.28785529
 2ab a b       -0.02375699     -0.49826900     -0.28785529
 
 Energy:      -54.87185012    -54.51409925    -54.50256960
 


 **********************************************************************************************************************************
 DATASETS  * FILE   NREC   LENGTH (MB)   RECORD NAMES
              1      21      255.95       500      700      610      701      900      950      970     1000      129      960   
                                          VAR     GEOM    BASINP    GEOM    SYMINP    ZMAT    AOBASIS   BASIS     P2S    ABASIS    
                                         1100     1400     1410     1200     1210     1080     1600     1650     1300     1700   
                                           S        T        V       H0       H01     AOSYM     SMH    MOLCAS    ERIS     OPER   
                                         1380   
                                         JKOP   

              2       8       17.64       500      610      700     1000      520     2100     2140      701   
                                          VAR    BASINP    GEOM     BASIS   MCVARS     RHF     MCSCF    GEOM   

 PROGRAMS   *        TOTAL     MULTI       INT        CI     MULTI       INT        CI     MULTI       INT        CI     MULTI
 CPU TIMES  *       168.69      1.24      8.72      5.63      1.25      8.71      5.64      1.25      8.73      5.73      1.24
 REAL TIME  *       180.72 SEC
 DISK USED  *       787.91 MB
 **********************************************************************************************************************************


 PROGRAM * CI (Multireference internally contracted CI)     Authors: H.-J. Werner, P.J. Knowles, 1987


 Convergence thresholds:  THRVAR = 1.00D-08  THRDEN = 1.00D-06

 Number of optimized states: 2  Roots:    1   2
 Number of reference states: 2  Roots:    1   2

 Program parameters:       NSTATE=  2    NSTATI=  3    NSTATR=  2    NCEPA = -1    NOKOP =  0    ITRDM =  0    ITRANS=  0
                           IDIP  =200    MAXIT =250    MAXITI=250    MAXDAV=  6    MAXVI =  9    NOSING=  0    NOPAIR=  0
                           MXSHRF=  5    IKCPS =  0    IOPTGM=  2    IOPTOR=  0    REFOPT=  1    IAVDEN=  0    IDELCG=  1
                           IREST =  0    NATORB=  0    IPUNRF=  0    ISEP  =  0    OLDDEN=  0    NSTPRI=  1    GPSFLI= -1
                           CLUSTE=  0    CLOSED=  1    ILSTYP=  0    ITRLS =  0    ICCSD =  0    LOCAL =  0    IBASO =  0
                           MP    =  0    ITEDIS=  2    INCDIS=  1    MAXDIS=  6    ITYDIS=  1    BRUECK=  0    IBRSTR=  3
                           INCBRK=  1    TRIPLE=  0    ICCTYP=  1    IHPPD =  0    ICCNEW=  0    I3EXT = -1    IDEB  =  0
                           IDLEIG=  1    IDFTYP=  1    IMP3  =  0    IPROCS=  0    NOINT =  0    NOREF =  1    IMP2G =  0
                           IHINT =  0    IFDIA =  0    ISPARO=  1    JKSYM =  0    CPHF  =  0    MP2D  = -1    DKINT =  0
                           NPKEX =  1    DRVK  =  1    HLSTRA=  1    WIGNER=  1    DIIS_C=  1    MAXIT_= 50    MATEL =  0
                           SPDEG =  1    MEMCPH=  0    DISM  =  1    KDCPMA=  5    IKDCP_=  0    IREDTH=  0    USECS =  0
                           IPROCC=  0    I3SAVE=  1    IKDCP =  1    USECI =  0    OLDPAI=  0    IPROCI=  0    KEEPCL=  1
                           DISCON=  0    SHIFTE=  0    DIISIN=  0    MOLCAS=  0    MEM_PT=  0    RECORD=  0    RS2C  =  0
                           KEXT  = -1    CIPT2 =  0    DECP0S=  0    I4EXT = -1    NATCOR=  0    RIMP2 =  0    DDCI  = -1
                           IPOLAR=  0

 Reference symmetry:                   4   Singlet 
 Number of electrons:                  8
 Maximum number of shells:             4
 Maximum number of spin couplings:     5

 Reference space:        6 conf        9 CSFs
 N elec internal:       45 conf       50 CSFs
 N-1 el internal:       48 conf       72 CSFs
 N-2 el internal:       26 conf       64 CSFs

 Number of electrons in valence space:                      6
 Maximum number of open shell orbitals in reference space:  4
 Maximum number of open shell orbitals in internal spaces:  6


 Number of core orbitals:           1 (   1   0   0   0 )
 Number of active  orbitals:        5 (   3   1   1   0 )
 Number of external orbitals:     201 (  73  49  49  30 )

 Molecular orbitals read from record     2140.2  Type=MCSCF/NATURAL (state averaged)

 Valence orbitals related to previous ones by unitary transformation. Operators transformed.


 Number of p-space configurations:   3

 Reference wavefunction optimized for reference space (refopt=1)

 State     Reference Energy 
     1       -54.87185012
     2       -54.51409925
     3       -54.50256960

 Number of blocks in overlap matrix:     8   Smallest eigenvalue:  0.67D-03
 Number of N-2 electron functions:      35
 Number of N-1 electron functions:      72

 Number of internal configurations:                    9
 Number of singly external configurations:          3575
 Number of doubly external configurations:        180251
 Total number of contracted configurations:       183835
 Total number of uncontracted configurations:     332025

 Diagonal Coupling coefficients finished.               Storage:    6197 words, CPU-Time:      0.00 seconds.
 Energy denominators for pairs finished in 1 passes.    Storage:  121346 words, CPU-time:      0.00 seconds.

  ITER. STATE  ROOT     SQ.NORM     CORR.ENERGY   TOTAL ENERGY   ENERGY CHANGE       DEN1      VAR(S)    VAR(P)      TIME
    1     1     1     1.00000000     0.00000000   -54.87185012     0.00000000    -0.21305976  0.57D-01  0.25D-01     0.14
    1     2     2     1.00000000     0.00000000   -54.51409925     0.00000000    -0.15297212  0.36D-01  0.16D-01     0.14
    2     1     1     1.06599924    -0.19123200   -55.06308212    -0.19123200    -0.00832969  0.21D-02  0.11D-02     0.73
    2     2     2     1.05063361    -0.15195855   -54.66605780    -0.15195855    -0.00408860  0.91D-03  0.63D-03     0.73
    3     1     1     1.06686610    -0.19997765   -55.07182777    -0.00874565    -0.00042762  0.63D-04  0.69D-04     1.31
    3     2     2     1.05231147    -0.15643326   -54.67053252    -0.00447472    -0.00029083  0.95D-04  0.52D-04     1.31
    4     1     1     1.06926120    -0.20050865   -55.07235878    -0.00053101    -0.00003294  0.48D-05  0.53D-05     1.89
    4     2     2     1.05523777    -0.15681533   -54.67091458    -0.00038206    -0.00005202  0.29D-04  0.92D-05     1.89
    5     1     1     1.07000624    -0.20055167   -55.07240179    -0.00004301    -0.00000245  0.27D-06  0.39D-06     2.48
    5     2     2     1.05660745    -0.15688897   -54.67098822    -0.00007364    -0.00001565  0.10D-04  0.25D-05     2.48
    6     1     1     1.07004422    -0.20055467   -55.07240479    -0.00000300    -0.00000023  0.20D-07  0.39D-07     3.08
    6     2     2     1.05725592    -0.15691145   -54.67101070    -0.00002248    -0.00000631  0.63D-05  0.74D-06     3.08
    7     1     1     1.07005893    -0.20055495   -55.07240507    -0.00000028    -0.00000003  0.24D-08  0.45D-08     3.68
    7     2     2     1.05805916    -0.15692097   -54.67102022    -0.00000951    -0.00000310  0.24D-05  0.45D-06     3.68
    8     1     1     1.07006157    -0.20055495   -55.07240507    -0.00000000    -0.00000003  0.21D-08  0.44D-08     4.16
    8     2     2     1.05922588    -0.15692771   -54.67102696    -0.00000674    -0.00000107  0.35D-06  0.19D-06     4.16
    9     1     1     1.07006187    -0.20055495   -55.07240507    -0.00000000    -0.00000003  0.21D-08  0.44D-08     4.63
    9     2     2     1.05943229    -0.15692905   -54.67102830    -0.00000134    -0.00000023  0.65D-07  0.45D-07     4.63
   10     1     1     1.07006205    -0.20055495   -55.07240507    -0.00000000    -0.00000003  0.21D-08  0.44D-08     5.10
   10     2     2     1.05960698    -0.15692938   -54.67102863    -0.00000033    -0.00000006  0.12D-07  0.13D-07     5.10
   11     1     1     1.07006226    -0.20055495   -55.07240507    -0.00000000    -0.00000003  0.21D-08  0.44D-08     5.59
   11     2     2     1.05962072    -0.15692944   -54.67102870    -0.00000007    -0.00000001  0.62D-08  0.15D-08     5.59


 =====================================
 Analysis of CPU times by interactions
 =====================================

       I      S      P

 I   0.2%
 S   0.0%   0.7%
 P   0.0%   0.5%  14.5%

 Initialization:   2.5%
 Other:           81.6%

 Total CPU:        5.6 seconds
 =====================================



 gnormi=  0.93452506  gnorms=  0.03692814  gnormp=  0.02854680  gnorm=  1.00000000
 ecorri= -0.18742363  ecorrs= -0.00740510  ecorrp= -0.00572622  ecorr= -0.20055495

 gnormi=  0.94373391  gnorms=  0.03719775  gnormp=  0.01906834  gnorm=  1.00000000
 ecorri= -0.14809964  ecorrs= -0.00583946  ecorrp= -0.00299034  ecorr= -0.15692944

 Reference coefficients greater than 0.0500000
 =============================================
 2/\/\           0.0333193   0.9682346
 220/\           0.9658204  -0.0227771
 /2\/\           0.0227958  -0.0732690

 Coefficients of singly external configurations greater than 0.0500000
 =====================================================================

 220\0   2.3     0.0407656  -0.0538737
 2200\   2.2     0.0407651  -0.0538529

 Coefficients of fixed reference functions:
 ==========================================

 State      Coefficients
 1           0.966541   -0.011749
 2           0.020676    0.971183

 Coefficients of rotated reference functions:
 ============================================

 State      Coefficients
 1           0.966603    0.004424
 2           0.004424    0.971393


 RESULTS FOR STATE 1.4
 =====================

 Coefficient of reference function:   C(0) = 0.96654138 (fixed)   0.96670836 (relaxed)   0.96660266 (rotated)

 Energy contributions of configuration classes

 CLASS          SQ.NORM        ECORR1        ECORR2
 +++++++++++++++++++++++++++++++++++++++++++++++++++
 Internals    0.00021872   -0.00002739   -0.12699141
 Singles      0.03952406   -0.06864009   -0.07153696
 Pairs        0.03055353    0.00395971   -0.00202658
 Total        1.07029631   -0.06470777   -0.20055495
 +++++++++++++++++++++++++++++++++++++++++++++++++++


 Reference energy                     -54.87174997
 Nuclear energy                         4.11582275
 Kinetic energy                        55.43145815
 One electron energy                  -82.45732549
 Two electron energy                   23.26909766
 Virial quotient                       -0.99352258
 Correlation energy                    -0.20065510
 !MRCI STATE 1.4 Energy               -55.072405074297

 Properties without orbital relaxation:

 !MRCI STATE 1.4 Dipole moment          0.00000000     0.00000000     0.63799631
 Dipole moment /Debye                   0.00000000     0.00000000     1.62162488

 Cluster corrected energies           -55.08651039 (Davidson, fixed reference)
 Cluster corrected energies           -55.08646342 (Davidson, relaxed reference)
 Cluster corrected energies           -55.08651039 (Davidson, rotated reference)

 Cluster corrected energies           -55.08202319 (Pople, fixed reference)
 Cluster corrected energies           -55.08199047 (Pople, relaxed reference)
 Cluster corrected energies           -55.08202319 (Pople, rotated reference)



 RESULTS FOR STATE 2.4
 =====================

 Coefficient of reference function:   C(0) = 0.97118282 (fixed)   0.97145968 (relaxed)   0.97139282 (rotated)

 Energy contributions of configuration classes

 CLASS          SQ.NORM        ECORR1        ECORR2
 +++++++++++++++++++++++++++++++++++++++++++++++++++
 Internals    0.00013766   -0.00002726   -0.00012361
 Singles      0.03942093   -0.06609372   -0.06820577
 Pairs        0.02020799   -0.09072633   -0.08860007
 Total        1.05976658   -0.15684731   -0.15692944
 +++++++++++++++++++++++++++++++++++++++++++++++++++


 Reference energy                     -54.51419940
 Nuclear energy                         4.11582275
 Kinetic energy                        55.00793585
 One electron energy                  -80.09137477
 Two electron energy                   21.30452332
 Virial quotient                       -0.99387530
 Correlation energy                    -0.15682930
 !MRCI STATE 2.4 Energy               -54.671028696361

 Properties without orbital relaxation:

 !MRCI STATE 2.4 Dipole moment          0.00000000     0.00000000    -1.53689300
 Dipole moment /Debye                   0.00000000     0.00000000    -3.90639237

 Cluster corrected energies           -54.68040185 (Davidson, fixed reference)
 Cluster corrected energies           -54.68037897 (Davidson, relaxed reference)
 Cluster corrected energies           -54.68040185 (Davidson, rotated reference)

 Cluster corrected energies           -54.67739922 (Pople, fixed reference)
 Cluster corrected energies           -54.67738339 (Pople, relaxed reference)
 Cluster corrected energies           -54.67739922 (Pople, rotated reference)


 !MRCI trans          <2.4|DMZ|1.4>    -0.581286199960 au =    -1.477482148665 Debye


 **********************************************************************************************************************************
 DATASETS  * FILE   NREC   LENGTH (MB)   RECORD NAMES
              1      21      255.95       500      700      610      701      900      950      970     1000      129      960   
                                          VAR     GEOM    BASINP    GEOM    SYMINP    ZMAT    AOBASIS   BASIS     P2S    ABASIS    
                                         1100     1400     1410     1200     1210     1080     1600     1650     1300     1700   
                                           S        T        V       H0       H01     AOSYM     SMH    MOLCAS    ERIS     OPER   
                                         1380   
                                         JKOP   

              2       8       17.64       500      610      700     1000      520     2100     2140      701   
                                          VAR    BASINP    GEOM     BASIS   MCVARS     RHF     MCSCF    GEOM   

 PROGRAMS   *        TOTAL        CI     MULTI       INT        CI     MULTI       INT        CI     MULTI       INT        CI
 CPU TIMES  *       174.32      5.62      1.24      8.72      5.63      1.25      8.71      5.64      1.25      8.73      5.73
 REAL TIME  *       186.91 SEC
 DISK USED  *       787.91 MB
 **********************************************************************************************************************************
 SETTING E1(11)         =       -55.07240507  AU                              
 SETTING E2(11)         =       -54.67102870  AU                              

 DO I                   =        12.00000000   


 Using spherical harmonics

 Library entry N      S aug-cc-pV5Z          selected for orbital group  1
 Library entry N      P aug-cc-pV5Z          selected for orbital group  1
 Library entry N      D aug-cc-pV5Z          selected for orbital group  1
 Library entry N      F aug-cc-pV5Z          selected for orbital group  1
 Library entry N      G aug-cc-pV5Z          selected for orbital group  1
 Library entry N      H aug-cc-pV5Z          selected for orbital group  1
 Library entry H      S aug-cc-pV5Z          selected for orbital group  2
 Library entry H      P aug-cc-pV5Z          selected for orbital group  2
 Library entry H      D aug-cc-pV5Z          selected for orbital group  2
 Library entry H      F aug-cc-pV5Z          selected for orbital group  2
 Library entry H      G aug-cc-pV5Z          selected for orbital group  2


 PROGRAM * SEWARD (Integral evaluation for generally contracted gaussian basis sets)     Author: Roland Lindh, 1990

 Geometry written to block  1 of record 701

 Orientation using atomic masses  
 Molecule type: Linear
 Symmetry elements: X,Y
 Rotational constants:     694.0587939    694.0587939      0.0000000 GHz  (calculated with average atomic masses)

 Point group  C2v 



 ATOMIC COORDINATES

 NR  ATOM    CHARGE       X              Y              Z

   1  N       7.00    0.000000000    0.000000000   -0.111635236
   2  H       1.00    0.000000000    0.000000000    1.551323753

 Bond lengths in Bohr (Angstrom)

 1-2  1.662958990
     ( 0.880000000)

 NUCLEAR CHARGE:                    8
 NUMBER OF PRIMITIVE AOS:         307
 NUMBER OF SYMMETRY AOS:          227
 NUMBER OF CONTRACTIONS:          207   (   77A1  +   50B1  +   50B2  +   30A2  )
 NUMBER OF INNER CORE ORBITALS:     0   (    0A1  +    0B1  +    0B2  +    0A2  )
 NUMBER OF OUTER CORE ORBITALS:     1   (    1A1  +    0B1  +    0B2  +    0A2  )
 NUMBER OF VALENCE ORBITALS:        5   (    3A1  +    1B1  +    1B2  +    0A2  )


 NUCLEAR REPULSION ENERGY    4.20936418

 EXTRA SYMMETRY OF AOS IN SYMMETRY 1:   1 1 1 1 1 1 1 1 1 1   1 1 1 1 2 1 2 1 2 1   2 1 2 1 2 1 2 1 2 1   2 1 3 2 1 3 2 1 3 2
                                        2 3 1 2 3 1 1 1 1 1   1 1 1 1 1 1 1 1 2 1   2 1 2 1 2 1 2 1 2 1   2 1 3 2 1 3 2
 EXTRA SYMMETRY OF AOS IN SYMMETRY 2:   1 1 1 1 1 1 1 1 1 1   1 1 2 1 2 1 2 1 2 1   2 1 2 1 2 1 2 3 1 2   3 1 1 1 1 1 1 1 1 1
                                        1 2 1 2 1 2 1 2 1 2
 EXTRA SYMMETRY OF AOS IN SYMMETRY 3:   1 1 1 1 1 1 1 1 1 1   1 1 2 1 2 1 2 1 2 1   2 1 2 1 2 1 2 3 1 2   3 1 1 1 1 1 1 1 1 1
                                        1 2 1 2 1 2 1 2 1 2
 EXTRA SYMMETRY OF AOS IN SYMMETRY 4:   1 1 1 1 1 1 1 1 1 1   2 1 2 1 2 2 1 2 1 1   1 1 1 1 1 1 1 2 1 2

 Eigenvalues of metric

         1 0.103E-04 0.680E-04 0.192E-03 0.211E-03 0.389E-03 0.476E-03 0.957E-03 0.192E-02
         2 0.151E-03 0.800E-03 0.232E-02 0.460E-02 0.619E-02 0.136E-01 0.198E-01 0.252E-01
         3 0.151E-03 0.800E-03 0.232E-02 0.460E-02 0.619E-02 0.136E-01 0.198E-01 0.252E-01
         4 0.192E-02 0.102E-01 0.266E-01 0.456E-01 0.827E-01 0.102E+00 0.186E+00 0.197E+00


 Contracted 2-electron integrals neglected if value below      1.0D-12
 AO integral compression algorithm  1   Integral accuracy      1.0D-12

     290.718 MB (compressed) written to integral file ( 51.5%)


 NUMBER OF SORTED TWO-ELECTRON INTEGRALS:   59167011.     BUFFER LENGTH:  32768
 NUMBER OF SEGMENTS:   4  SEGMENT LENGTH:   15999984      RECORD LENGTH: 524288

 Memory used in sort:      16.56 MW

 SORT1 READ    70490039. AND WROTE    39593927. INTEGRALS IN    116 RECORDS. CPU TIME:     0.79 SEC, REAL TIME:     0.94 SEC
 SORT2 READ    39593927. AND WROTE    59167011. INTEGRALS IN   1109 RECORDS. CPU TIME:     0.62 SEC, REAL TIME:     0.77 SEC

 FILE SIZES:   FILE 1:   321.8 MBYTE,  FILE 4:   486.6 MBYTE,   TOTAL:    808.4 MBYTE

 OPERATOR DM      FOR CENTER  0  COORDINATES:    0.000000    0.000000    0.000000


 **********************************************************************************************************************************
 DATASETS  * FILE   NREC   LENGTH (MB)   RECORD NAMES
              1      20      253.75       500      700      610      701      900      950      970     1000      129      960   
                                          VAR     GEOM    BASINP    GEOM    SYMINP    ZMAT    AOBASIS   BASIS     P2S    ABASIS    
                                         1100     1400     1410     1200     1210     1080     1600     1650     1300     1700   
                                           S        T        V       H0       H01     AOSYM     SMH    MOLCAS    ERIS     OPER   

              2       8       17.64       500      610      700     1000      520     2100     2140      701   
                                          VAR    BASINP    GEOM     BASIS   MCVARS     RHF     MCSCF    GEOM   

 PROGRAMS   *        TOTAL       INT        CI     MULTI       INT        CI     MULTI       INT        CI     MULTI       INT
 CPU TIMES  *       183.02      8.70      5.62      1.24      8.72      5.63      1.25      8.71      5.64      1.25      8.73
 REAL TIME  *       196.06 SEC
 DISK USED  *       788.66 MB
 **********************************************************************************************************************************

 PROGRAM * MULTI (Direct Multiconfiguration SCF)       Authors: P.J. Knowles, H.-J. Werner (1984)
                                                                D.A. Kreplin, P.J. Knowles, H.-J. Werner (2019)

 Number of closed-shell orbitals:   1 (   1   0   0   0 )
 Number of active  orbitals:        5 (   3   1   1   0 )
 Number of external orbitals:     201 (  73  49  49  30 )

 State symmetry 1

 Number of active electrons:   6    Spin symmetry=Singlet   Space symmetry=4
 Number of states:             3
 Number of CSFs:               9   (24 determinants, 100 intermediate states)

 Molecular orbitals read from record     2140.2  Type=MCSCF/NATURAL (state averaged)

 EXTRA SYMMETRY OF MOS IN SYMMETRY 1:   1 1 1 1 1 1 1 2 1 1   1 1 2 1 1 2 1 1 2 1   2 1 1 1 3 2 1 2 1 1   2 1 2 3 1 1 2 1 1 1
                                        2 3 2 1 3 2 1 1 2 2   1 1 1 2 1 1 2 3 1 3   1 2 1 2 3 1 2 1 2 1   2 1 2 1 1 1 1
 EXTRA SYMMETRY OF MOS IN SYMMETRY 2:   1 1 1 1 1 1 2 1 1 1   2 1 1 1 2 1 1 2 1 2   1 1 1 2 3 1 1 2 2 1   1 2 1 1 1 2 3 1 1 1
                                        2 2 1 2 2 1 1 1 1 1
 EXTRA SYMMETRY OF MOS IN SYMMETRY 3:   1 1 1 1 1 1 2 1 1 1   2 1 1 1 2 1 1 2 1 2   1 1 1 2 3 1 1 2 2 1   1 2 1 1 1 2 3 1 1 1
                                        2 2 1 2 2 1 1 1 1 1
 EXTRA SYMMETRY OF MOS IN SYMMETRY 4:   1 1 1 1 1 2 1 1 1 1   2 1 1 2 1 2 1 1 1 1   1 2 2 1 1 2 1 1 1 1

 Wavefunction dump at record             2140.2

 Convergence thresholds  0.10E-04 (gradient)  0.10E-05 (energy)

 Weight factors for state symmetry  1:    0.33333   0.33333   0.33333
 
 Number of orbital rotations:  393  ( 3 closed/active, 73 closed/virtual, 0 active/active, 317 active/virtual )
 Total number of variables:    465
 
  Second-order MCSCF: L-BFGS accelerated
 
 ITER  MIC  NCI  NEG     ENERGY(VAR)    ENERGY(PROJ) ENERGY CHANGE       GRAD(0)  GRAD(ORB)   GRAD(CI)      STEP      TIME
   1    4    3    0    -54.62065854     -54.62080967   -0.00015113    0.02848322 0.00002778 0.00000000  0.15E-01      0.36
   2    7    5    0    -54.62080950     -54.62080950   -0.00000000    0.00004683 0.00000000 0.00000000  0.53E-04      0.73
   3    3    2    0    -54.62080950     -54.62080950    0.00000000    0.00000000 0.00000000 0.00000000  0.24E-08      1.06

 CONVERGENCE REACHED!  Final gradient:    0.00000000 ( 0.89E-11)
                       Final energy:    -54.62080950
 
 Results for state 1.4
 =====================
 !MCSCF STATE 1.4 Energy                       -54.864884882312
 Nuclear energy                                  4.20936418
 Kinetic energy                                 56.01585448
 One electron energy                           -83.40397016
 Two electron energy                            24.32972110
 Virial ratio                                    1.97945279
 
 !MCSCF STATE 1.4 Dipole moment                  0.00000000     0.00000000     0.77359177
 Dipole moment /Debye                            0.00000000     0.00000000     1.96627414
 
 Results for state 2.4
 =====================
 !MCSCF STATE 2.4 Energy                       -54.505897025682
 Nuclear energy                                  4.20936418
 Kinetic energy                                 54.49898315
 One electron energy                           -79.95879832
 Two electron energy                            21.24353712
 Virial ratio                                    2.00012686
 
 !MCSCF STATE 2.4 Dipole moment                  0.00000000     0.00000000    -1.68920331
 Dipole moment /Debye                            0.00000000     0.00000000    -4.29352655
 
 Results for state 3.4
 =====================
 !MCSCF STATE 3.4 Energy                       -54.491646601933
 Nuclear energy                                  4.20936418
 Kinetic energy                                 54.58505385
 One electron energy                           -79.96487314
 Two electron energy                            21.26386236
 Virial ratio                                    1.99828878
 
 !MCSCF STATE 3.4 Dipole moment                  0.00000000     0.00000000    -1.52610728
 Dipole moment /Debye                            0.00000000     0.00000000    -3.87897780
 
 State-averaged charge density matrix saved on record 2140.2 (density set 1)
 
 Expectation values: (only non-zero values are shown)
 
 !MCSCF expec                       <1.4|DMZ|1.4>     0.773591765354 au =     1.966274141280 Debye
 !MCSCF expec                       <2.4|DMZ|2.4>    -1.689203308812 au =    -4.293526552680 Debye
 !MCSCF expec                       <3.4|DMZ|3.4>    -1.526107280598 au =    -3.878977798176 Debye
 
 Transition values: (only non-zero values with the ground state are shown)
 
 !MCSCF trans                       <1.4|DMZ|2.4>    -0.518706888053 au =    -1.318421403330 Debye
 

 EXTRA SYMMETRY OF MOS IN SYMMETRY 1:   1 1 1 1 1 1 1 2 1 1   1 1 2 1 1 2 1 1 2 1   2 1 1 1 3 2 1 2 1 1   2 1 2 3 1 1 2 1 1 1
                                        2 3 2 1 2 3 1 1 2 2   1 1 1 2 1 1 2 3 1 3   1 2 2 1 3 1 2 1 2 1   2 1 2 1 1 1 1
 EXTRA SYMMETRY OF MOS IN SYMMETRY 4:   1 1 1 1 1 2 1 1 1 1   2 1 1 2 1 1 2 1 1 1   1 2 2 1 1 2 1 1 1 1
 
 Natural orbital dump (state averaged) at molpro section 2140.2 (Orbital set 2)
 
 Reoptimze the CI vectors with natural orbitals 
 
 CI Coefficients of symmetry 4
 =============================
 
 220 a b       -0.70607799      0.02563579     -0.00000000
 220 b a        0.70607799     -0.02563579      0.00000000
 2bb a a       -0.00000000      0.00000000      0.57577708
 2aa b b       -0.00000000      0.00000000      0.57577708
 2ab a b       -0.01931789     -0.49848002     -0.28788854
 2ba b a       -0.01931789     -0.49848002     -0.28788854
 2ab b a        0.01931789      0.49848002     -0.28788854
 2ba a b        0.01931789      0.49848002     -0.28788854
 
 Energy:      -54.86488488    -54.50589703    -54.49164660
 


 **********************************************************************************************************************************
 DATASETS  * FILE   NREC   LENGTH (MB)   RECORD NAMES
              1      21      256.67       500      700      610      701      900      950      970     1000      129      960   
                                          VAR     GEOM    BASINP    GEOM    SYMINP    ZMAT    AOBASIS   BASIS     P2S    ABASIS    
                                         1100     1400     1410     1200     1210     1080     1600     1650     1300     1700   
                                           S        T        V       H0       H01     AOSYM     SMH    MOLCAS    ERIS     OPER   
                                         1380   
                                         JKOP   

              2       8       17.64       500      610      700     1000      520     2100     2140      701   
                                          VAR    BASINP    GEOM     BASIS   MCVARS     RHF     MCSCF    GEOM   

 PROGRAMS   *        TOTAL     MULTI       INT        CI     MULTI       INT        CI     MULTI       INT        CI     MULTI
 CPU TIMES  *       184.28      1.26      8.70      5.62      1.24      8.72      5.63      1.25      8.71      5.64      1.25
 REAL TIME  *       197.48 SEC
 DISK USED  *       788.66 MB
 **********************************************************************************************************************************


 PROGRAM * CI (Multireference internally contracted CI)     Authors: H.-J. Werner, P.J. Knowles, 1987


 Convergence thresholds:  THRVAR = 1.00D-08  THRDEN = 1.00D-06

 Number of optimized states: 2  Roots:    1   2
 Number of reference states: 2  Roots:    1   2

 Program parameters:       NSTATE=  2    NSTATI=  3    NSTATR=  2    NCEPA = -1    NOKOP =  0    ITRDM =  0    ITRANS=  0
                           IDIP  =200    MAXIT =250    MAXITI=250    MAXDAV=  6    MAXVI =  9    NOSING=  0    NOPAIR=  0
                           MXSHRF=  5    IKCPS =  0    IOPTGM=  2    IOPTOR=  0    REFOPT=  1    IAVDEN=  0    IDELCG=  1
                           IREST =  0    NATORB=  0    IPUNRF=  0    ISEP  =  0    OLDDEN=  0    NSTPRI=  1    GPSFLI= -1
                           CLUSTE=  0    CLOSED=  1    ILSTYP=  0    ITRLS =  0    ICCSD =  0    LOCAL =  0    IBASO =  0
                           MP    =  0    ITEDIS=  2    INCDIS=  1    MAXDIS=  6    ITYDIS=  1    BRUECK=  0    IBRSTR=  3
                           INCBRK=  1    TRIPLE=  0    ICCTYP=  1    IHPPD =  0    ICCNEW=  0    I3EXT = -1    IDEB  =  0
                           IDLEIG=  1    IDFTYP=  1    IMP3  =  0    IPROCS=  0    NOINT =  0    NOREF =  1    IMP2G =  0
                           IHINT =  0    IFDIA =  0    ISPARO=  1    JKSYM =  0    CPHF  =  0    MP2D  = -1    DKINT =  0
                           NPKEX =  1    DRVK  =  1    HLSTRA=  1    WIGNER=  1    DIIS_C=  1    MAXIT_= 50    MATEL =  0
                           SPDEG =  1    MEMCPH=  0    DISM  =  1    KDCPMA=  5    IKDCP_=  0    IREDTH=  0    USECS =  0
                           IPROCC=  0    I3SAVE=  1    IKDCP =  1    USECI =  0    OLDPAI=  0    IPROCI=  0    KEEPCL=  1
                           DISCON=  0    SHIFTE=  0    DIISIN=  0    MOLCAS=  0    MEM_PT=  0    RECORD=  0    RS2C  =  0
                           KEXT  = -1    CIPT2 =  0    DECP0S=  0    I4EXT = -1    NATCOR=  0    RIMP2 =  0    DDCI  = -1
                           IPOLAR=  0

 Reference symmetry:                   4   Singlet 
 Number of electrons:                  8
 Maximum number of shells:             4
 Maximum number of spin couplings:     5

 Reference space:        6 conf        9 CSFs
 N elec internal:       45 conf       50 CSFs
 N-1 el internal:       48 conf       72 CSFs
 N-2 el internal:       26 conf       64 CSFs

 Number of electrons in valence space:                      6
 Maximum number of open shell orbitals in reference space:  4
 Maximum number of open shell orbitals in internal spaces:  6


 Number of core orbitals:           1 (   1   0   0   0 )
 Number of active  orbitals:        5 (   3   1   1   0 )
 Number of external orbitals:     201 (  73  49  49  30 )

 Molecular orbitals read from record     2140.2  Type=MCSCF/NATURAL (state averaged)

 Valence orbitals related to previous ones by unitary transformation. Operators transformed.


 Number of p-space configurations:   3

 Reference wavefunction optimized for reference space (refopt=1)

 State     Reference Energy 
     1       -54.86488488
     2       -54.50589703
     3       -54.49164660

 Number of blocks in overlap matrix:     8   Smallest eigenvalue:  0.77D-03
 Number of N-2 electron functions:      35
 Number of N-1 electron functions:      72

 Number of internal configurations:                    9
 Number of singly external configurations:          3575
 Number of doubly external configurations:        180251
 Total number of contracted configurations:       183835
 Total number of uncontracted configurations:     332025

 Diagonal Coupling coefficients finished.               Storage:    6197 words, CPU-Time:      0.00 seconds.
 Energy denominators for pairs finished in 1 passes.    Storage:  121346 words, CPU-time:      0.00 seconds.

  ITER. STATE  ROOT     SQ.NORM     CORR.ENERGY   TOTAL ENERGY   ENERGY CHANGE       DEN1      VAR(S)    VAR(P)      TIME
    1     1     1     1.00000000     0.00000000   -54.86488488     0.00000000    -0.21455122  0.58D-01  0.25D-01     0.14
    1     2     2     1.00000000     0.00000000   -54.50589703    -0.00000000    -0.15194183  0.34D-01  0.16D-01     0.14
    2     1     1     1.06614007    -0.19189555   -55.05678043    -0.19189555    -0.00815454  0.21D-02  0.10D-02     0.73
    2     2     2     1.04946726    -0.15136011   -54.65725713    -0.15136011    -0.00391636  0.82D-03  0.60D-03     0.73
    3     1     1     1.06686277    -0.20038213   -55.06526701    -0.00848659    -0.00039058  0.58D-04  0.63D-04     1.33
    3     2     2     1.05124751    -0.15565387   -54.66155090    -0.00429376    -0.00027219  0.86D-04  0.49D-04     1.33
    4     1     1     1.06914341    -0.20085953   -55.06574442    -0.00047740    -0.00002846  0.45D-05  0.46D-05     1.94
    4     2     2     1.05397558    -0.15600865   -54.66190567    -0.00035478    -0.00004730  0.26D-04  0.84D-05     1.94
    5     1     1     1.06988825    -0.20089657   -55.06578145    -0.00003704    -0.00000206  0.23D-06  0.33D-06     2.54
    5     2     2     1.05521740    -0.15607557   -54.66197260    -0.00006692    -0.00001383  0.93D-05  0.22D-05     2.54
    6     1     1     1.06993150    -0.20089907   -55.06578396    -0.00000250    -0.00000019  0.16D-07  0.32D-07     3.14
    6     2     2     1.05581311    -0.15609574   -54.66199277    -0.00002017    -0.00000560  0.57D-05  0.65D-06     3.14
    7     1     1     1.06994474    -0.20089930   -55.06578418    -0.00000022    -0.00000002  0.18D-08  0.35D-08     3.74
    7     2     2     1.05654630    -0.15610427   -54.66200129    -0.00000853    -0.00000280  0.21D-05  0.40D-06     3.74
    8     1     1     1.06994795    -0.20089930   -55.06578418    -0.00000000    -0.00000002  0.14D-08  0.34D-08     4.21
    8     2     2     1.05762011    -0.15611044   -54.66200746    -0.00000617    -0.00000096  0.32D-06  0.17D-06     4.21
    9     1     1     1.06994834    -0.20089930   -55.06578418    -0.00000000    -0.00000002  0.15D-08  0.34D-08     4.68
    9     2     2     1.05780997    -0.15611168   -54.66200870    -0.00000124    -0.00000020  0.55D-07  0.38D-07     4.68
   10     1     1     1.06994859    -0.20089930   -55.06578418    -0.00000000    -0.00000002  0.15D-08  0.34D-08     5.16
   10     2     2     1.05796229    -0.15611197   -54.66200899    -0.00000029    -0.00000005  0.96D-08  0.10D-07     5.16
   11     1     1     1.06994874    -0.20089930   -55.06578418    -0.00000000    -0.00000002  0.15D-08  0.34D-08     5.63
   11     2     2     1.05797234    -0.15611202   -54.66200904    -0.00000005    -0.00000001  0.51D-08  0.11D-08     5.63


 =====================================
 Analysis of CPU times by interactions
 =====================================

       I      S      P

 I   0.0%
 S   0.0%   0.7%
 P   0.0%   0.4%  14.0%

 Initialization:   2.5%
 Other:           82.4%

 Total CPU:        5.6 seconds
 =====================================



 gnormi=  0.93462422  gnorms=  0.03717673  gnormp=  0.02819905  gnorm=  1.00000000
 ecorri= -0.18776535  ecorrs= -0.00746796  ecorrp= -0.00566599  ecorr= -0.20089930

 gnormi=  0.94520429  gnorms=  0.03591954  gnormp=  0.01887616  gnorm=  1.00000000
 ecorri= -0.14755775  ecorrs= -0.00560920  ecorrp= -0.00294507  ecorr= -0.15611202

 Reference coefficients greater than 0.0500000
 =============================================
 2/\/\           0.0270537   0.9692021
 220/\           0.9660688  -0.0173599
 /2\/\           0.0230211  -0.0717760

 Coefficients of singly external configurations greater than 0.0500000
 =====================================================================

 220\0   2.3     0.0408529  -0.0513088
 2200\   2.2     0.0408524  -0.0512866

 Coefficients of fixed reference functions:
 ==========================================

 State      Coefficients
 1           0.966625   -0.009471
 2           0.017576    0.972006

 Coefficients of rotated reference functions:
 ============================================

 State      Coefficients
 1           0.966663    0.004015
 2           0.004015    0.972156


 RESULTS FOR STATE 1.4
 =====================

 Coefficient of reference function:   C(0) = 0.96662525 (fixed)   0.96675965 (relaxed)   0.96666332 (rotated)

 Energy contributions of configuration classes

 CLASS          SQ.NORM        ECORR1        ECORR2
 +++++++++++++++++++++++++++++++++++++++++++++++++++
 Internals    0.00019932   -0.00002080   -0.12618595
 Singles      0.03978512   -0.06903533   -0.07197720
 Pairs        0.03017756    0.00313540   -0.00273615
 Total        1.07016200   -0.06592073   -0.20089930
 +++++++++++++++++++++++++++++++++++++++++++++++++++


 Reference energy                     -54.86481502
 Nuclear energy                         4.20936418
 Kinetic energy                        55.48126826
 One electron energy                  -82.61287184
 Two electron energy                   23.33772348
 Virial quotient                       -0.99251127
 Correlation energy                    -0.20096916
 !MRCI STATE 1.4 Energy               -55.065784181272

 Properties without orbital relaxation:

 !MRCI STATE 1.4 Dipole moment          0.00000000     0.00000000     0.63986045
 Dipole moment /Debye                   0.00000000     0.00000000     1.62636303

 Cluster corrected energies           -55.07988458 (Davidson, fixed reference)
 Cluster corrected energies           -55.07984172 (Davidson, relaxed reference)
 Cluster corrected energies           -55.07988458 (Davidson, rotated reference)

 Cluster corrected energies           -55.07539854 (Pople, fixed reference)
 Cluster corrected energies           -55.07536869 (Pople, relaxed reference)
 Cluster corrected energies           -55.07539854 (Pople, rotated reference)



 RESULTS FOR STATE 2.4
 =====================

 Coefficient of reference function:   C(0) = 0.97200575 (fixed)   0.97221618 (relaxed)   0.97215636 (rotated)

 Energy contributions of configuration classes

 CLASS          SQ.NORM        ECORR1        ECORR2
 +++++++++++++++++++++++++++++++++++++++++++++++++++
 Internals    0.00012307   -0.00002068   -0.00009469
 Singles      0.03800656   -0.06540220   -0.06742004
 Pairs        0.01997292   -0.09062884   -0.08859729
 Total        1.05810254   -0.15605172   -0.15611202
 +++++++++++++++++++++++++++++++++++++++++++++++++++


 Reference energy                     -54.50596689
 Nuclear energy                         4.20936418
 Kinetic energy                        55.04826682
 One electron energy                  -80.21552677
 Two electron energy                   21.34415356
 Virial quotient                       -0.99298329
 Correlation energy                    -0.15604215
 !MRCI STATE 2.4 Energy               -54.662009042120

 Properties without orbital relaxation:

 !MRCI STATE 2.4 Dipole moment          0.00000000     0.00000000    -1.54258936
 Dipole moment /Debye                   0.00000000     0.00000000    -3.92087105

 Cluster corrected energies           -54.67107549 (Davidson, fixed reference)
 Cluster corrected energies           -54.67105517 (Davidson, relaxed reference)
 Cluster corrected energies           -54.67107549 (Davidson, rotated reference)

 Cluster corrected energies           -54.66816791 (Pople, fixed reference)
 Cluster corrected energies           -54.66815386 (Pople, relaxed reference)
 Cluster corrected energies           -54.66816791 (Pople, rotated reference)


 !MRCI trans          <2.4|DMZ|1.4>    -0.554204950818 au =    -1.408648479167 Debye


 **********************************************************************************************************************************
 DATASETS  * FILE   NREC   LENGTH (MB)   RECORD NAMES
              1      21      256.67       500      700      610      701      900      950      970     1000      129      960   
                                          VAR     GEOM    BASINP    GEOM    SYMINP    ZMAT    AOBASIS   BASIS     P2S    ABASIS    
                                         1100     1400     1410     1200     1210     1080     1600     1650     1300     1700   
                                           S        T        V       H0       H01     AOSYM     SMH    MOLCAS    ERIS     OPER   
                                         1380   
                                         JKOP   

              2       8       17.64       500      610      700     1000      520     2100     2140      701   
                                          VAR    BASINP    GEOM     BASIS   MCVARS     RHF     MCSCF    GEOM   

 PROGRAMS   *        TOTAL        CI     MULTI       INT        CI     MULTI       INT        CI     MULTI       INT        CI
 CPU TIMES  *       189.95      5.67      1.26      8.70      5.62      1.24      8.72      5.63      1.25      8.71      5.64
 REAL TIME  *       203.67 SEC
 DISK USED  *       788.66 MB
 **********************************************************************************************************************************
 SETTING E1(12)         =       -55.06578418  AU                              
 SETTING E2(12)         =       -54.66200904  AU                              

 DO I                   =        13.00000000   


 Using spherical harmonics

 Library entry N      S aug-cc-pV5Z          selected for orbital group  1
 Library entry N      P aug-cc-pV5Z          selected for orbital group  1
 Library entry N      D aug-cc-pV5Z          selected for orbital group  1
 Library entry N      F aug-cc-pV5Z          selected for orbital group  1
 Library entry N      G aug-cc-pV5Z          selected for orbital group  1
 Library entry N      H aug-cc-pV5Z          selected for orbital group  1
 Library entry H      S aug-cc-pV5Z          selected for orbital group  2
 Library entry H      P aug-cc-pV5Z          selected for orbital group  2
 Library entry H      D aug-cc-pV5Z          selected for orbital group  2
 Library entry H      F aug-cc-pV5Z          selected for orbital group  2
 Library entry H      G aug-cc-pV5Z          selected for orbital group  2


 PROGRAM * SEWARD (Integral evaluation for generally contracted gaussian basis sets)     Author: Roland Lindh, 1990

 Geometry written to block  1 of record 701

 Orientation using atomic masses  
 Molecule type: Linear
 Symmetry elements: X,Y
 Rotational constants:     726.7159681    726.7159681      0.0000000 GHz  (calculated with average atomic masses)

 Point group  C2v 



 ATOMIC COORDINATES

 NR  ATOM    CHARGE       X              Y              Z

   1  N       7.00    0.000000000    0.000000000   -0.109098072
   2  H       1.00    0.000000000    0.000000000    1.516066395

 Bond lengths in Bohr (Angstrom)

 1-2  1.625164467
     ( 0.860000000)

 NUCLEAR CHARGE:                    8
 NUMBER OF PRIMITIVE AOS:         307
 NUMBER OF SYMMETRY AOS:          227
 NUMBER OF CONTRACTIONS:          207   (   77A1  +   50B1  +   50B2  +   30A2  )
 NUMBER OF INNER CORE ORBITALS:     0   (    0A1  +    0B1  +    0B2  +    0A2  )
 NUMBER OF OUTER CORE ORBITALS:     1   (    1A1  +    0B1  +    0B2  +    0A2  )
 NUMBER OF VALENCE ORBITALS:        5   (    3A1  +    1B1  +    1B2  +    0A2  )


 NUCLEAR REPULSION ENERGY    4.30725637

 EXTRA SYMMETRY OF AOS IN SYMMETRY 1:   1 1 1 1 1 1 1 1 1 1   1 1 1 1 2 1 2 1 2 1   2 1 2 1 2 1 2 1 2 1   2 1 3 2 1 3 2 1 3 2
                                        2 3 1 2 3 1 1 1 1 1   1 1 1 1 1 1 1 1 2 1   2 1 2 1 2 1 2 1 2 1   2 1 3 2 1 3 2
 EXTRA SYMMETRY OF AOS IN SYMMETRY 2:   1 1 1 1 1 1 1 1 1 1   1 1 2 1 2 1 2 1 2 1   2 1 2 1 2 1 2 3 1 2   3 1 1 1 1 1 1 1 1 1
                                        1 2 1 2 1 2 1 2 1 2
 EXTRA SYMMETRY OF AOS IN SYMMETRY 3:   1 1 1 1 1 1 1 1 1 1   1 1 2 1 2 1 2 1 2 1   2 1 2 1 2 1 2 3 1 2   3 1 1 1 1 1 1 1 1 1
                                        1 2 1 2 1 2 1 2 1 2
 EXTRA SYMMETRY OF AOS IN SYMMETRY 4:   1 1 1 1 1 1 1 1 1 1   2 1 2 1 2 2 1 2 1 1   1 1 1 1 1 1 1 2 1 2

 Eigenvalues of metric

         1 0.978E-05 0.660E-04 0.173E-03 0.205E-03 0.356E-03 0.441E-03 0.925E-03 0.179E-02
         2 0.134E-03 0.741E-03 0.217E-02 0.452E-02 0.591E-02 0.126E-01 0.186E-01 0.235E-01
         3 0.134E-03 0.741E-03 0.217E-02 0.452E-02 0.591E-02 0.126E-01 0.186E-01 0.235E-01
         4 0.179E-02 0.931E-02 0.244E-01 0.429E-01 0.815E-01 0.996E-01 0.183E+00 0.194E+00


 Contracted 2-electron integrals neglected if value below      1.0D-12
 AO integral compression algorithm  1   Integral accuracy      1.0D-12

     291.504 MB (compressed) written to integral file ( 51.7%)


 NUMBER OF SORTED TWO-ELECTRON INTEGRALS:   59167011.     BUFFER LENGTH:  32768
 NUMBER OF SEGMENTS:   4  SEGMENT LENGTH:   15999984      RECORD LENGTH: 524288

 Memory used in sort:      16.56 MW

 SORT1 READ    70490039. AND WROTE    39593921. INTEGRALS IN    116 RECORDS. CPU TIME:     0.80 SEC, REAL TIME:     0.94 SEC
 SORT2 READ    39593921. AND WROTE    59167011. INTEGRALS IN   1112 RECORDS. CPU TIME:     0.65 SEC, REAL TIME:     0.76 SEC

 FILE SIZES:   FILE 1:   322.6 MBYTE,  FILE 4:   486.6 MBYTE,   TOTAL:    809.2 MBYTE

 OPERATOR DM      FOR CENTER  0  COORDINATES:    0.000000    0.000000    0.000000


 **********************************************************************************************************************************
 DATASETS  * FILE   NREC   LENGTH (MB)   RECORD NAMES
              1      20      254.47       500      700      610      701      900      950      970     1000      129      960   
                                          VAR     GEOM    BASINP    GEOM    SYMINP    ZMAT    AOBASIS   BASIS     P2S    ABASIS    
                                         1100     1400     1410     1200     1210     1080     1600     1650     1300     1700   
                                           S        T        V       H0       H01     AOSYM     SMH    MOLCAS    ERIS     OPER   

              2       8       17.64       500      610      700     1000      520     2100     2140      701   
                                          VAR    BASINP    GEOM     BASIS   MCVARS     RHF     MCSCF    GEOM   

 PROGRAMS   *        TOTAL       INT        CI     MULTI       INT        CI     MULTI       INT        CI     MULTI       INT
 CPU TIMES  *       198.69      8.74      5.67      1.26      8.70      5.62      1.24      8.72      5.63      1.25      8.71
 REAL TIME  *       212.81 SEC
 DISK USED  *       789.41 MB
 **********************************************************************************************************************************

 PROGRAM * MULTI (Direct Multiconfiguration SCF)       Authors: P.J. Knowles, H.-J. Werner (1984)
                                                                D.A. Kreplin, P.J. Knowles, H.-J. Werner (2019)

 Number of closed-shell orbitals:   1 (   1   0   0   0 )
 Number of active  orbitals:        5 (   3   1   1   0 )
 Number of external orbitals:     201 (  73  49  49  30 )

 State symmetry 1

 Number of active electrons:   6    Spin symmetry=Singlet   Space symmetry=4
 Number of states:             3
 Number of CSFs:               9   (24 determinants, 100 intermediate states)

 Molecular orbitals read from record     2140.2  Type=MCSCF/NATURAL (state averaged)

 EXTRA SYMMETRY OF MOS IN SYMMETRY 1:   1 1 1 1 1 1 1 2 1 1   1 1 2 1 1 2 1 1 2 1   2 1 1 1 3 2 1 2 1 1   2 1 2 3 1 1 2 1 1 1
                                        2 3 2 1 2 3 1 1 2 2   1 1 1 2 1 1 2 3 1 3   1 2 2 1 3 1 2 1 2 1   2 1 2 1 1 1 1
 EXTRA SYMMETRY OF MOS IN SYMMETRY 2:   1 1 1 1 1 1 2 1 1 1   2 1 1 1 2 1 1 2 1 2   1 1 1 2 3 1 1 2 2 1   1 2 1 1 1 2 3 1 1 1
                                        2 2 1 2 2 1 1 1 1 1
 EXTRA SYMMETRY OF MOS IN SYMMETRY 3:   1 1 1 1 1 1 2 1 1 1   2 1 1 1 2 1 1 2 1 2   1 1 1 2 3 1 1 2 2 1   1 2 1 1 1 2 3 1 1 1
                                        2 2 1 2 2 1 1 1 1 1
 EXTRA SYMMETRY OF MOS IN SYMMETRY 4:   1 1 1 1 1 2 1 1 1 1   2 1 1 2 1 1 2 1 1 1   1 2 2 1 1 2 1 1 1 1

 Wavefunction dump at record             2140.2

 Convergence thresholds  0.10E-04 (gradient)  0.10E-05 (energy)

 Weight factors for state symmetry  1:    0.33333   0.33333   0.33333
 
 Number of orbital rotations:  393  ( 3 closed/active, 73 closed/virtual, 0 active/active, 317 active/virtual )
 Total number of variables:    465
 
  Second-order MCSCF: L-BFGS accelerated
 
 ITER  MIC  NCI  NEG     ENERGY(VAR)    ENERGY(PROJ) ENERGY CHANGE       GRAD(0)  GRAD(ORB)   GRAD(CI)      STEP      TIME
   1    5    3    0    -54.61053179     -54.61068774   -0.00015595    0.02977986 0.00002391 0.00000000  0.15E-01      0.36
   2    5    5    0    -54.61068757     -54.61068757   -0.00000000    0.00004593 0.00000000 0.00000000  0.47E-04      0.73
   3    3    2    0    -54.61068757     -54.61068757    0.00000000    0.00000000 0.00000000 0.00000000  0.19E-08      1.07

 CONVERGENCE REACHED!  Final gradient:    0.00000000 ( 0.66E-11)
                       Final energy:    -54.61068757
 
 Results for state 1.4
 =====================
 !MCSCF STATE 1.4 Energy                       -54.856471376414
 Nuclear energy                                  4.30725637
 Kinetic energy                                 56.08209216
 One electron energy                           -83.57601373
 Two electron energy                            24.41228599
 Virial ratio                                    1.97814595
 
 !MCSCF STATE 1.4 Dipole moment                  0.00000000     0.00000000     0.77793997
 Dipole moment /Debye                            0.00000000     0.00000000     1.97732618
 
 Results for state 2.4
 =====================
 !MCSCF STATE 2.4 Energy                       -54.496177345287
 Nuclear energy                                  4.30725637
 Kinetic energy                                 54.53770626
 One electron energy                           -80.08362625
 Two electron energy                            21.28019253
 Virial ratio                                    1.99923853
 
 !MCSCF STATE 2.4 Dipole moment                  0.00000000     0.00000000    -1.68921458
 Dipole moment /Debye                            0.00000000     0.00000000    -4.29355520
 
 Results for state 3.4
 =====================
 !MCSCF STATE 3.4 Energy                       -54.479414002597
 Nuclear energy                                  4.30725637
 Kinetic energy                                 54.61751381
 One electron energy                           -80.08782321
 Two electron energy                            21.30115284
 Virial ratio                                    1.99747151
 
 !MCSCF STATE 3.4 Dipole moment                  0.00000000     0.00000000    -1.52215050
 Dipole moment /Debye                            0.00000000     0.00000000    -3.86892066
 
 State-averaged charge density matrix saved on record 2140.2 (density set 1)
 
 Expectation values: (only non-zero values are shown)
 
 !MCSCF expec                       <1.4|DMZ|1.4>     0.777939971204 au =     1.977326178165 Debye
 !MCSCF expec                       <2.4|DMZ|2.4>    -1.689214579292 au =    -4.293555199383 Debye
 !MCSCF expec                       <3.4|DMZ|3.4>    -1.522150498399 au =    -3.868920660977 Debye
 
 Transition values: (only non-zero values with the ground state are shown)
 
 !MCSCF trans                       <1.4|DMZ|2.4>    -0.477778228970 au =    -1.214391128455 Debye
 

 EXTRA SYMMETRY OF MOS IN SYMMETRY 1:   1 1 1 1 1 1 1 2 1 1   1 1 2 1 1 2 1 1 2 1   2 1 1 1 3 2 1 1 2 2   1 1 2 3 1 1 2 1 1 1
                                        2 3 2 1 2 3 1 1 2 2   1 1 1 2 1 1 2 3 1 3   1 2 2 1 3 1 2 1 2 1   2 1 2 1 1 1 1
 
 Natural orbital dump (state averaged) at molpro section 2140.2 (Orbital set 2)
 
 Reoptimze the CI vectors with natural orbitals 
 
 CI Coefficients of symmetry 4
 =============================
 
 220 a b       -0.70629713      0.01957910     -0.00000000
 220 b a        0.70629713     -0.01957910      0.00000000
 2aa b b       -0.00000000      0.00000000      0.57583950
 2bb a a       -0.00000000      0.00000000      0.57583950
 2ab a b       -0.01500515     -0.49864781     -0.28791975
 2ba b a       -0.01500515     -0.49864781     -0.28791975
 2ab b a        0.01500515      0.49864781     -0.28791975
 2ba a b        0.01500515      0.49864781     -0.28791975
 
 Energy:      -54.85647138    -54.49617735    -54.47941400
 


 **********************************************************************************************************************************
 DATASETS  * FILE   NREC   LENGTH (MB)   RECORD NAMES
              1      21      257.39       500      700      610      701      900      950      970     1000      129      960   
                                          VAR     GEOM    BASINP    GEOM    SYMINP    ZMAT    AOBASIS   BASIS     P2S    ABASIS    
                                         1100     1400     1410     1200     1210     1080     1600     1650     1300     1700   
                                           S        T        V       H0       H01     AOSYM     SMH    MOLCAS    ERIS     OPER   
                                         1380   
                                         JKOP   

              2       8       17.64       500      610      700     1000      520     2100     2140      701   
                                          VAR    BASINP    GEOM     BASIS   MCVARS     RHF     MCSCF    GEOM   

 PROGRAMS   *        TOTAL     MULTI       INT        CI     MULTI       INT        CI     MULTI       INT        CI     MULTI
 CPU TIMES  *       199.96      1.27      8.74      5.67      1.26      8.70      5.62      1.24      8.72      5.63      1.25
 REAL TIME  *       214.22 SEC
 DISK USED  *       789.41 MB
 **********************************************************************************************************************************


 PROGRAM * CI (Multireference internally contracted CI)     Authors: H.-J. Werner, P.J. Knowles, 1987


 Convergence thresholds:  THRVAR = 1.00D-08  THRDEN = 1.00D-06

 Number of optimized states: 2  Roots:    1   2
 Number of reference states: 2  Roots:    1   2

 Program parameters:       NSTATE=  2    NSTATI=  3    NSTATR=  2    NCEPA = -1    NOKOP =  0    ITRDM =  0    ITRANS=  0
                           IDIP  =200    MAXIT =250    MAXITI=250    MAXDAV=  6    MAXVI =  9    NOSING=  0    NOPAIR=  0
                           MXSHRF=  5    IKCPS =  0    IOPTGM=  2    IOPTOR=  0    REFOPT=  1    IAVDEN=  0    IDELCG=  1
                           IREST =  0    NATORB=  0    IPUNRF=  0    ISEP  =  0    OLDDEN=  0    NSTPRI=  1    GPSFLI= -1
                           CLUSTE=  0    CLOSED=  1    ILSTYP=  0    ITRLS =  0    ICCSD =  0    LOCAL =  0    IBASO =  0
                           MP    =  0    ITEDIS=  2    INCDIS=  1    MAXDIS=  6    ITYDIS=  1    BRUECK=  0    IBRSTR=  3
                           INCBRK=  1    TRIPLE=  0    ICCTYP=  1    IHPPD =  0    ICCNEW=  0    I3EXT = -1    IDEB  =  0
                           IDLEIG=  1    IDFTYP=  1    IMP3  =  0    IPROCS=  0    NOINT =  0    NOREF =  1    IMP2G =  0
                           IHINT =  0    IFDIA =  0    ISPARO=  1    JKSYM =  0    CPHF  =  0    MP2D  = -1    DKINT =  0
                           NPKEX =  1    DRVK  =  1    HLSTRA=  1    WIGNER=  1    DIIS_C=  1    MAXIT_= 50    MATEL =  0
                           SPDEG =  1    MEMCPH=  0    DISM  =  1    KDCPMA=  5    IKDCP_=  0    IREDTH=  0    USECS =  0
                           IPROCC=  0    I3SAVE=  1    IKDCP =  1    USECI =  0    OLDPAI=  0    IPROCI=  0    KEEPCL=  1
                           DISCON=  0    SHIFTE=  0    DIISIN=  0    MOLCAS=  0    MEM_PT=  0    RECORD=  0    RS2C  =  0
                           KEXT  = -1    CIPT2 =  0    DECP0S=  0    I4EXT = -1    NATCOR=  0    RIMP2 =  0    DDCI  = -1
                           IPOLAR=  0

 Reference symmetry:                   4   Singlet 
 Number of electrons:                  8
 Maximum number of shells:             4
 Maximum number of spin couplings:     5

 Reference space:        6 conf        9 CSFs
 N elec internal:       45 conf       50 CSFs
 N-1 el internal:       48 conf       72 CSFs
 N-2 el internal:       26 conf       64 CSFs

 Number of electrons in valence space:                      6
 Maximum number of open shell orbitals in reference space:  4
 Maximum number of open shell orbitals in internal spaces:  6


 Number of core orbitals:           1 (   1   0   0   0 )
 Number of active  orbitals:        5 (   3   1   1   0 )
 Number of external orbitals:     201 (  73  49  49  30 )

 Molecular orbitals read from record     2140.2  Type=MCSCF/NATURAL (state averaged)

 Valence orbitals related to previous ones by unitary transformation. Operators transformed.


 Number of p-space configurations:   3

 Reference wavefunction optimized for reference space (refopt=1)

 State     Reference Energy 
     1       -54.85647138
     2       -54.49617735
     3       -54.47941400

 Number of blocks in overlap matrix:     8   Smallest eigenvalue:  0.89D-03
 Number of N-2 electron functions:      35
 Number of N-1 electron functions:      72

 Number of internal configurations:                    9
 Number of singly external configurations:          3575
 Number of doubly external configurations:        180251
 Total number of contracted configurations:       183835
 Total number of uncontracted configurations:     332025

 Diagonal Coupling coefficients finished.               Storage:    6197 words, CPU-Time:      0.00 seconds.
 Energy denominators for pairs finished in 1 passes.    Storage:  121346 words, CPU-time:      0.00 seconds.

  ITER. STATE  ROOT     SQ.NORM     CORR.ENERGY   TOTAL ENERGY   ENERGY CHANGE       DEN1      VAR(S)    VAR(P)      TIME
    1     1     1     1.00000000     0.00000000   -54.85647138     0.00000000    -0.21601960  0.58D-01  0.25D-01     0.16
    1     2     2     1.00000000     0.00000000   -54.49617735     0.00000000    -0.15100973  0.33D-01  0.16D-01     0.16
    2     1     1     1.06626781    -0.19256206   -55.04903344    -0.19256206    -0.00794329  0.20D-02  0.10D-02     0.74
    2     2     2     1.04843593    -0.15081025   -54.64698759    -0.15081025    -0.00376557  0.74D-03  0.58D-03     0.74
    3     1     1     1.06685097    -0.20075538   -55.05722675    -0.00819331    -0.00035438  0.53D-04  0.57D-04     1.34
    3     2     2     1.05027041    -0.15494567   -54.65112301    -0.00413542    -0.00025352  0.78D-04  0.45D-04     1.34
    4     1     1     1.06901716    -0.20118240   -55.05765378    -0.00042702    -0.00002470  0.43D-05  0.39D-05     1.93
    4     2     2     1.05282989    -0.15527548   -54.65145282    -0.00032981    -0.00004214  0.24D-04  0.74D-05     1.93
    5     1     1     1.06975958    -0.20121456   -55.05768594    -0.00003216    -0.00000176  0.20D-06  0.28D-06     2.51
    5     2     2     1.05395030    -0.15533584   -54.65151319    -0.00006037    -0.00001191  0.85D-05  0.18D-05     2.51
    6     1     1     1.06980630    -0.20121670   -55.05768807    -0.00000214    -0.00000015  0.13D-07  0.26D-07     3.10
    6     2     2     1.05449976    -0.15535361   -54.65153096    -0.00001777    -0.00000488  0.51D-05  0.55D-06     3.10
    7     1     1     1.06981803    -0.20121688   -55.05768825    -0.00000018    -0.00000002  0.15D-08  0.27D-08     3.69
    7     2     2     1.05516750    -0.15536115   -54.65153849    -0.00000754    -0.00000247  0.19D-05  0.35D-06     3.69
    8     1     1     1.06982161    -0.20121688   -55.05768826    -0.00000000    -0.00000001  0.10D-08  0.26D-08     4.16
    8     2     2     1.05614615    -0.15536672   -54.65154407    -0.00000558    -0.00000084  0.29D-06  0.15D-06     4.16
    9     1     1     1.06982209    -0.20121688   -55.05768826    -0.00000000    -0.00000001  0.11D-08  0.26D-08     4.64
    9     2     2     1.05631531    -0.15536782   -54.65154517    -0.00000110    -0.00000016  0.45D-07  0.29D-07     4.64
   10     1     1     1.06982248    -0.20121688   -55.05768826    -0.00000000    -0.00000001  0.11D-08  0.26D-08     5.10
   10     2     2     1.05644258    -0.15536806   -54.65154540    -0.00000024    -0.00000004  0.71D-08  0.70D-08     5.10
   11     1     1     1.06982255    -0.20121688   -55.05768826    -0.00000000    -0.00000001  0.11D-08  0.26D-08     5.57
   11     2     2     1.05644972    -0.15536809   -54.65154544    -0.00000004    -0.00000000  0.39D-08  0.80D-09     5.57


 =====================================
 Analysis of CPU times by interactions
 =====================================

       I      S      P

 I   0.0%
 S   0.0%   0.4%
 P   0.4%   0.5%  14.2%

 Initialization:   2.7%
 Other:           81.9%

 Total CPU:        5.6 seconds
 =====================================



 gnormi=  0.93473446  gnorms=  0.03741360  gnormp=  0.02785194  gnorm=  1.00000000
 ecorri= -0.18808435  ecorrs= -0.00752749  ecorrp= -0.00560503  ecorr= -0.20121688

 gnormi=  0.94656659  gnorms=  0.03474701  gnormp=  0.01868640  gnorm=  1.00000000
 ecorri= -0.14706625  ecorrs= -0.00540006  ecorrp= -0.00290179  ecorr= -0.15536809

 Reference coefficients greater than 0.0500000
 =============================================
 2/\/\           0.0209715   0.9700800
 220/\           0.9662782  -0.0121070
 /2\/\           0.0231926  -0.0702859

 Coefficients of singly external configurations greater than 0.0500000
 =====================================================================

 2200\   5.2     0.0500569  -0.0117769
 220\0   5.3     0.0500568  -0.0117815

 Coefficients of fixed reference functions:
 ==========================================

 State      Coefficients
 1           0.966709   -0.007254
 2           0.014545    0.972761

 Coefficients of rotated reference functions:
 ============================================

 State      Coefficients
 1           0.966729    0.003612
 2           0.003612    0.972863


 RESULTS FOR STATE 1.4
 =====================

 Coefficient of reference function:   C(0) = 0.96670858 (fixed)   0.96681666 (relaxed)   0.96672905 (rotated)

 Energy contributions of configuration classes

 CLASS          SQ.NORM        ECORR1        ECORR2
 +++++++++++++++++++++++++++++++++++++++++++++++++++
 Internals    0.00018126   -0.00001513   -0.12538103
 Singles      0.04003317   -0.06943418   -0.07241825
 Pairs        0.02980204    0.00234059   -0.00341760
 Total        1.07001646   -0.06710871   -0.20121688
 +++++++++++++++++++++++++++++++++++++++++++++++++++


 Reference energy                     -54.85642587
 Nuclear energy                         4.30725637
 Kinetic energy                        55.53443625
 One electron energy                  -82.77324037
 Two electron energy                   23.40829574
 Virial quotient                       -0.99141527
 Correlation energy                    -0.20126239
 !MRCI STATE 1.4 Energy               -55.057688256223

 Properties without orbital relaxation:

 !MRCI STATE 1.4 Dipole moment          0.00000000     0.00000000     0.64134897
 Dipole moment /Debye                   0.00000000     0.00000000     1.63014649

 Cluster corrected energies           -55.07177994 (Davidson, fixed reference)
 Cluster corrected energies           -55.07174091 (Davidson, relaxed reference)
 Cluster corrected energies           -55.07177994 (Davidson, rotated reference)

 Cluster corrected energies           -55.06729624 (Pople, fixed reference)
 Cluster corrected energies           -55.06726906 (Pople, relaxed reference)
 Cluster corrected energies           -55.06729624 (Pople, rotated reference)



 RESULTS FOR STATE 2.4
 =====================

 Coefficient of reference function:   C(0) = 0.97276127 (fixed)   0.97291654 (relaxed)   0.97286331 (rotated)

 Energy contributions of configuration classes

 CLASS          SQ.NORM        ECORR1        ECORR2
 +++++++++++++++++++++++++++++++++++++++++++++++++++
 Internals    0.00010942   -0.00001503   -0.00007004
 Singles      0.03671249   -0.06476009   -0.06669309
 Pairs        0.01974341   -0.09055100   -0.08860496
 Total        1.05656532   -0.15532613   -0.15536809
 +++++++++++++++++++++++++++++++++++++++++++++++++++


 Reference energy                     -54.49622286
 Nuclear energy                         4.30725637
 Kinetic energy                        55.09246556
 One electron energy                  -80.34606611
 Two electron energy                   21.38726431
 Virial quotient                       -0.99199673
 Correlation energy                    -0.15532258
 !MRCI STATE 2.4 Energy               -54.651545440128

 Properties without orbital relaxation:

 !MRCI STATE 2.4 Dipole moment          0.00000000     0.00000000    -1.54696021
 Dipole moment /Debye                   0.00000000     0.00000000    -3.93198066

 Cluster corrected energies           -54.66033131 (Davidson, fixed reference)
 Cluster corrected energies           -54.66031336 (Davidson, relaxed reference)
 Cluster corrected energies           -54.66033131 (Davidson, rotated reference)

 Cluster corrected energies           -54.65751085 (Pople, fixed reference)
 Cluster corrected energies           -54.65749844 (Pople, relaxed reference)
 Cluster corrected energies           -54.65751085 (Pople, rotated reference)


 !MRCI trans          <2.4|DMZ|1.4>    -0.528068114983 au =    -1.342215268864 Debye


 **********************************************************************************************************************************
 DATASETS  * FILE   NREC   LENGTH (MB)   RECORD NAMES
              1      21      257.39       500      700      610      701      900      950      970     1000      129      960   
                                          VAR     GEOM    BASINP    GEOM    SYMINP    ZMAT    AOBASIS   BASIS     P2S    ABASIS    
                                         1100     1400     1410     1200     1210     1080     1600     1650     1300     1700   
                                           S        T        V       H0       H01     AOSYM     SMH    MOLCAS    ERIS     OPER   
                                         1380   
                                         JKOP   

              2       8       17.64       500      610      700     1000      520     2100     2140      701   
                                          VAR    BASINP    GEOM     BASIS   MCVARS     RHF     MCSCF    GEOM   

 PROGRAMS   *        TOTAL        CI     MULTI       INT        CI     MULTI       INT        CI     MULTI       INT        CI
 CPU TIMES  *       205.56      5.60      1.27      8.74      5.67      1.26      8.70      5.62      1.24      8.72      5.63
 REAL TIME  *       220.40 SEC
 DISK USED  *       789.41 MB
 **********************************************************************************************************************************
 SETTING E1(13)         =       -55.05768826  AU                              
 SETTING E2(13)         =       -54.65154544  AU                              

 DO I                   =        14.00000000   


 Using spherical harmonics

 Library entry N      S aug-cc-pV5Z          selected for orbital group  1
 Library entry N      P aug-cc-pV5Z          selected for orbital group  1
 Library entry N      D aug-cc-pV5Z          selected for orbital group  1
 Library entry N      F aug-cc-pV5Z          selected for orbital group  1
 Library entry N      G aug-cc-pV5Z          selected for orbital group  1
 Library entry N      H aug-cc-pV5Z          selected for orbital group  1
 Library entry H      S aug-cc-pV5Z          selected for orbital group  2
 Library entry H      P aug-cc-pV5Z          selected for orbital group  2
 Library entry H      D aug-cc-pV5Z          selected for orbital group  2
 Library entry H      F aug-cc-pV5Z          selected for orbital group  2
 Library entry H      G aug-cc-pV5Z          selected for orbital group  2


 PROGRAM * SEWARD (Integral evaluation for generally contracted gaussian basis sets)     Author: Roland Lindh, 1990

 Geometry written to block  1 of record 701

 Orientation using atomic masses  
 Molecule type: Linear
 Symmetry elements: X,Y
 Rotational constants:     743.9157509    743.9157509      0.0000000 GHz  (calculated with average atomic masses)

 Point group  C2v 



 ATOMIC COORDINATES

 NR  ATOM    CHARGE       X              Y              Z

   1  N       7.00    0.000000000    0.000000000   -0.107829490
   2  H       1.00    0.000000000    0.000000000    1.498437716

 Bond lengths in Bohr (Angstrom)

 1-2  1.606267206
     ( 0.850000000)

 NUCLEAR CHARGE:                    8
 NUMBER OF PRIMITIVE AOS:         307
 NUMBER OF SYMMETRY AOS:          227
 NUMBER OF CONTRACTIONS:          207   (   77A1  +   50B1  +   50B2  +   30A2  )
 NUMBER OF INNER CORE ORBITALS:     0   (    0A1  +    0B1  +    0B2  +    0A2  )
 NUMBER OF OUTER CORE ORBITALS:     1   (    1A1  +    0B1  +    0B2  +    0A2  )
 NUMBER OF VALENCE ORBITALS:        5   (    3A1  +    1B1  +    1B2  +    0A2  )


 NUCLEAR REPULSION ENERGY    4.35792997

 EXTRA SYMMETRY OF AOS IN SYMMETRY 1:   1 1 1 1 1 1 1 1 1 1   1 1 1 1 2 1 2 1 2 1   2 1 2 1 2 1 2 1 2 1   2 1 3 2 1 3 2 1 3 2
                                        2 3 1 2 3 1 1 1 1 1   1 1 1 1 1 1 1 1 2 1   2 1 2 1 2 1 2 1 2 1   2 1 3 2 1 3 2
 EXTRA SYMMETRY OF AOS IN SYMMETRY 2:   1 1 1 1 1 1 1 1 1 1   1 1 2 1 2 1 2 1 2 1   2 1 2 1 2 1 2 3 1 2   3 1 1 1 1 1 1 1 1 1
                                        1 2 1 2 1 2 1 2 1 2
 EXTRA SYMMETRY OF AOS IN SYMMETRY 3:   1 1 1 1 1 1 1 1 1 1   1 1 2 1 2 1 2 1 2 1   2 1 2 1 2 1 2 3 1 2   3 1 1 1 1 1 1 1 1 1
                                        1 2 1 2 1 2 1 2 1 2
 EXTRA SYMMETRY OF AOS IN SYMMETRY 4:   1 1 1 1 1 1 1 1 1 1   2 1 2 1 2 2 1 2 1 1   1 1 1 1 1 1 1 2 1 2

 Eigenvalues of metric

         1 0.951E-05 0.650E-04 0.164E-03 0.201E-03 0.341E-03 0.425E-03 0.911E-03 0.172E-02
         2 0.126E-03 0.714E-03 0.210E-02 0.448E-02 0.577E-02 0.121E-01 0.180E-01 0.227E-01
         3 0.126E-03 0.714E-03 0.210E-02 0.448E-02 0.577E-02 0.121E-01 0.180E-01 0.227E-01
         4 0.172E-02 0.891E-02 0.234E-01 0.415E-01 0.809E-01 0.982E-01 0.181E+00 0.192E+00


 Contracted 2-electron integrals neglected if value below      1.0D-12
 AO integral compression algorithm  1   Integral accuracy      1.0D-12

     292.028 MB (compressed) written to integral file ( 51.8%)


 NUMBER OF SORTED TWO-ELECTRON INTEGRALS:   59167011.     BUFFER LENGTH:  32768
 NUMBER OF SEGMENTS:   4  SEGMENT LENGTH:   15999984      RECORD LENGTH: 524288

 Memory used in sort:      16.56 MW

 SORT1 READ    70490039. AND WROTE    39593924. INTEGRALS IN    116 RECORDS. CPU TIME:     0.78 SEC, REAL TIME:     0.94 SEC
 SORT2 READ    39593924. AND WROTE    59167011. INTEGRALS IN   1114 RECORDS. CPU TIME:     0.64 SEC, REAL TIME:     0.76 SEC

 FILE SIZES:   FILE 1:   323.1 MBYTE,  FILE 4:   486.6 MBYTE,   TOTAL:    809.7 MBYTE

 OPERATOR DM      FOR CENTER  0  COORDINATES:    0.000000    0.000000    0.000000


 **********************************************************************************************************************************
 DATASETS  * FILE   NREC   LENGTH (MB)   RECORD NAMES
              1      20      254.83       500      700      610      701      900      950      970     1000      129      960   
                                          VAR     GEOM    BASINP    GEOM    SYMINP    ZMAT    AOBASIS   BASIS     P2S    ABASIS    
                                         1100     1400     1410     1200     1210     1080     1600     1650     1300     1700   
                                           S        T        V       H0       H01     AOSYM     SMH    MOLCAS    ERIS     OPER   

              2       8       17.64       500      610      700     1000      520     2100     2140      701   
                                          VAR    BASINP    GEOM     BASIS   MCVARS     RHF     MCSCF    GEOM   

 PROGRAMS   *        TOTAL       INT        CI     MULTI       INT        CI     MULTI       INT        CI     MULTI       INT
 CPU TIMES  *       214.26      8.70      5.60      1.27      8.74      5.67      1.26      8.70      5.62      1.24      8.72
 REAL TIME  *       229.55 SEC
 DISK USED  *       789.91 MB
 **********************************************************************************************************************************

 PROGRAM * MULTI (Direct Multiconfiguration SCF)       Authors: P.J. Knowles, H.-J. Werner (1984)
                                                                D.A. Kreplin, P.J. Knowles, H.-J. Werner (2019)

 Number of closed-shell orbitals:   1 (   1   0   0   0 )
 Number of active  orbitals:        5 (   3   1   1   0 )
 Number of external orbitals:     201 (  73  49  49  30 )

 State symmetry 1

 Number of active electrons:   6    Spin symmetry=Singlet   Space symmetry=4
 Number of states:             3
 Number of CSFs:               9   (24 determinants, 100 intermediate states)

 Molecular orbitals read from record     2140.2  Type=MCSCF/NATURAL (state averaged)

 EXTRA SYMMETRY OF MOS IN SYMMETRY 1:   1 1 1 1 1 1 1 2 1 1   1 1 2 1 1 2 1 1 2 1   2 1 1 1 3 2 1 1 2 2   1 1 2 3 1 1 2 1 1 1
                                        2 3 2 1 2 3 1 1 2 2   1 1 1 2 1 1 2 3 1 3   1 2 2 1 3 1 2 1 2 1   2 1 2 1 1 1 1
 EXTRA SYMMETRY OF MOS IN SYMMETRY 2:   1 1 1 1 1 1 2 1 1 1   2 1 1 1 2 1 1 2 1 2   1 1 1 2 3 1 1 2 2 1   1 2 1 1 1 2 3 1 1 1
                                        2 2 1 2 2 1 1 1 1 1
 EXTRA SYMMETRY OF MOS IN SYMMETRY 3:   1 1 1 1 1 1 2 1 1 1   2 1 1 1 2 1 1 2 1 2   1 1 1 2 3 1 1 2 2 1   1 2 1 1 1 2 3 1 1 1
                                        2 2 1 2 2 1 1 1 1 1
 EXTRA SYMMETRY OF MOS IN SYMMETRY 4:   1 1 1 1 1 2 1 1 1 1   2 1 1 2 1 1 2 1 1 1   1 2 2 1 1 2 1 1 1 1

 Wavefunction dump at record             2140.2

 Convergence thresholds  0.10E-04 (gradient)  0.10E-05 (energy)

 Weight factors for state symmetry  1:    0.33333   0.33333   0.33333
 
 Number of orbital rotations:  393  ( 3 closed/active, 73 closed/virtual, 0 active/active, 317 active/virtual )
 Total number of variables:    465
 
  Second-order MCSCF: L-BFGS accelerated
 
 ITER  MIC  NCI  NEG     ENERGY(VAR)    ENERGY(PROJ) ENERGY CHANGE       GRAD(0)  GRAD(ORB)   GRAD(CI)      STEP      TIME
   1    4    3    0    -54.60499221     -54.60503205   -0.00003984    0.01539856 0.00001027 0.00000000  0.70E-02      0.35
   2    5    5    0    -54.60503203     -54.60503203   -0.00000000    0.00001161 0.00000000 0.00000000  0.10E-04      0.72
   3    2    2    0    -54.60503203     -54.60503203   -0.00000000    0.00000000 0.00000000 0.00000000  0.69E-10      1.06

 CONVERGENCE REACHED!  Final gradient:    0.00000000 ( 0.18E-11)
                       Final energy:    -54.60503203
 
 Results for state 1.4
 =====================
 !MCSCF STATE 1.4 Energy                       -54.851661906894
 Nuclear energy                                  4.35792997
 Kinetic energy                                 56.11620409
 One electron energy                           -83.66346687
 Two electron energy                            24.45387499
 Virial ratio                                    1.97746565
 
 !MCSCF STATE 1.4 Dipole moment                  0.00000000     0.00000000     0.77966403
 Dipole moment /Debye                            0.00000000     0.00000000     1.98170830
 
 Results for state 2.4
 =====================
 !MCSCF STATE 2.4 Energy                       -54.490690768825
 Nuclear energy                                  4.35792997
 Kinetic energy                                 54.55893637
 One electron energy                           -80.14896585
 Two electron energy                            21.30034511
 Virial ratio                                    1.99874914
 
 !MCSCF STATE 2.4 Dipole moment                  0.00000000     0.00000000    -1.68843073
 Dipole moment /Debye                            0.00000000     0.00000000    -4.29156285
 
 Results for state 3.4
 =====================
 !MCSCF STATE 3.4 Energy                       -54.472743423540
 Nuclear energy                                  4.35792997
 Kinetic energy                                 54.63540255
 One electron energy                           -80.15184346
 Two electron energy                            21.32117007
 Virial ratio                                    1.99702283
 
 !MCSCF STATE 3.4 Dipole moment                  0.00000000     0.00000000    -1.51990194
 Dipole moment /Debye                            0.00000000     0.00000000    -3.86320539
 
 State-averaged charge density matrix saved on record 2140.2 (density set 1)
 
 Expectation values: (only non-zero values are shown)
 
 !MCSCF expec                       <1.4|DMZ|1.4>     0.779664029655 au =     1.981708297653 Debye
 !MCSCF expec                       <2.4|DMZ|2.4>    -1.688430729152 au =    -4.291562851054 Debye
 !MCSCF expec                       <3.4|DMZ|3.4>    -1.519901937483 au =    -3.863205389198 Debye
 
 Transition values: (only non-zero values with the ground state are shown)
 
 !MCSCF trans                       <1.4|DMZ|2.4>    -0.458007759053 au =    -1.164139606268 Debye
 

 EXTRA SYMMETRY OF MOS IN SYMMETRY 1:   1 1 1 1 1 1 1 2 1 1   1 1 2 1 1 2 1 1 2 1   2 1 1 1 3 2 1 1 2 2   1 1 2 3 1 1 2 1 1 1
                                        2 3 2 1 2 3 1 1 2 1   2 1 1 2 1 1 2 3 1 3   2 1 2 1 3 1 2 1 2 1   2 1 2 1 1 1 1
 
 Natural orbital dump (state averaged) at molpro section 2140.2 (Orbital set 2)
 
 Reoptimze the CI vectors with natural orbitals 
 
 CI Coefficients of symmetry 4
 =============================
 
 220 a b       -0.70638538      0.01661946      0.00000000
 220 b a        0.70638538     -0.01661946     -0.00000000
 2bb a a        0.00000000     -0.00000000      0.57586928
 2aa b b        0.00000000     -0.00000000      0.57586928
 2ba a b        0.01289719      0.49871656     -0.28793464
 2ab b a        0.01289719      0.49871656     -0.28793464
 2ba b a       -0.01289719     -0.49871656     -0.28793464
 2ab a b       -0.01289719     -0.49871656     -0.28793464
 
 Energy:      -54.85166191    -54.49069077    -54.47274342
 


 **********************************************************************************************************************************
 DATASETS  * FILE   NREC   LENGTH (MB)   RECORD NAMES
              1      21      257.75       500      700      610      701      900      950      970     1000      129      960   
                                          VAR     GEOM    BASINP    GEOM    SYMINP    ZMAT    AOBASIS   BASIS     P2S    ABASIS    
                                         1100     1400     1410     1200     1210     1080     1600     1650     1300     1700   
                                           S        T        V       H0       H01     AOSYM     SMH    MOLCAS    ERIS     OPER   
                                         1380   
                                         JKOP   

              2       8       17.64       500      610      700     1000      520     2100     2140      701   
                                          VAR    BASINP    GEOM     BASIS   MCVARS     RHF     MCSCF    GEOM   

 PROGRAMS   *        TOTAL     MULTI       INT        CI     MULTI       INT        CI     MULTI       INT        CI     MULTI
 CPU TIMES  *       215.51      1.25      8.70      5.60      1.27      8.74      5.67      1.26      8.70      5.62      1.24
 REAL TIME  *       230.96 SEC
 DISK USED  *       789.91 MB
 **********************************************************************************************************************************


 PROGRAM * CI (Multireference internally contracted CI)     Authors: H.-J. Werner, P.J. Knowles, 1987


 Convergence thresholds:  THRVAR = 1.00D-08  THRDEN = 1.00D-06

 Number of optimized states: 2  Roots:    1   2
 Number of reference states: 2  Roots:    1   2

 Program parameters:       NSTATE=  2    NSTATI=  3    NSTATR=  2    NCEPA = -1    NOKOP =  0    ITRDM =  0    ITRANS=  0
                           IDIP  =200    MAXIT =250    MAXITI=250    MAXDAV=  6    MAXVI =  9    NOSING=  0    NOPAIR=  0
                           MXSHRF=  5    IKCPS =  0    IOPTGM=  2    IOPTOR=  0    REFOPT=  1    IAVDEN=  0    IDELCG=  1
                           IREST =  0    NATORB=  0    IPUNRF=  0    ISEP  =  0    OLDDEN=  0    NSTPRI=  1    GPSFLI= -1
                           CLUSTE=  0    CLOSED=  1    ILSTYP=  0    ITRLS =  0    ICCSD =  0    LOCAL =  0    IBASO =  0
                           MP    =  0    ITEDIS=  2    INCDIS=  1    MAXDIS=  6    ITYDIS=  1    BRUECK=  0    IBRSTR=  3
                           INCBRK=  1    TRIPLE=  0    ICCTYP=  1    IHPPD =  0    ICCNEW=  0    I3EXT = -1    IDEB  =  0
                           IDLEIG=  1    IDFTYP=  1    IMP3  =  0    IPROCS=  0    NOINT =  0    NOREF =  1    IMP2G =  0
                           IHINT =  0    IFDIA =  0    ISPARO=  1    JKSYM =  0    CPHF  =  0    MP2D  = -1    DKINT =  0
                           NPKEX =  1    DRVK  =  1    HLSTRA=  1    WIGNER=  1    DIIS_C=  1    MAXIT_= 50    MATEL =  0
                           SPDEG =  1    MEMCPH=  0    DISM  =  1    KDCPMA=  5    IKDCP_=  0    IREDTH=  0    USECS =  0
                           IPROCC=  0    I3SAVE=  1    IKDCP =  1    USECI =  0    OLDPAI=  0    IPROCI=  0    KEEPCL=  1
                           DISCON=  0    SHIFTE=  0    DIISIN=  0    MOLCAS=  0    MEM_PT=  0    RECORD=  0    RS2C  =  0
                           KEXT  = -1    CIPT2 =  0    DECP0S=  0    I4EXT = -1    NATCOR=  0    RIMP2 =  0    DDCI  = -1
                           IPOLAR=  0

 Reference symmetry:                   4   Singlet 
 Number of electrons:                  8
 Maximum number of shells:             4
 Maximum number of spin couplings:     5

 Reference space:        6 conf        9 CSFs
 N elec internal:       45 conf       50 CSFs
 N-1 el internal:       48 conf       72 CSFs
 N-2 el internal:       26 conf       64 CSFs

 Number of electrons in valence space:                      6
 Maximum number of open shell orbitals in reference space:  4
 Maximum number of open shell orbitals in internal spaces:  6


 Number of core orbitals:           1 (   1   0   0   0 )
 Number of active  orbitals:        5 (   3   1   1   0 )
 Number of external orbitals:     201 (  73  49  49  30 )

 Molecular orbitals read from record     2140.2  Type=MCSCF/NATURAL (state averaged)

 Valence orbitals related to previous ones by unitary transformation. Operators transformed.


 Number of p-space configurations:   3

 Reference wavefunction optimized for reference space (refopt=1)

 State     Reference Energy 
     1       -54.85166191
     2       -54.49069077
     3       -54.47274342

 Number of blocks in overlap matrix:     8   Smallest eigenvalue:  0.96D-03
 Number of N-2 electron functions:      35
 Number of N-1 electron functions:      72

 Number of internal configurations:                    9
 Number of singly external configurations:          3575
 Number of doubly external configurations:        180251
 Total number of contracted configurations:       183835
 Total number of uncontracted configurations:     332025

 Diagonal Coupling coefficients finished.               Storage:    6197 words, CPU-Time:      0.00 seconds.
 Energy denominators for pairs finished in 1 passes.    Storage:  121346 words, CPU-time:      0.00 seconds.

  ITER. STATE  ROOT     SQ.NORM     CORR.ENERGY   TOTAL ENERGY   ENERGY CHANGE       DEN1      VAR(S)    VAR(P)      TIME
    1     1     1     1.00000000     0.00000000   -54.85166191    -0.00000000    -0.21673219  0.59D-01  0.25D-01     0.15
    1     2     2     1.00000000     0.00000000   -54.49069077     0.00000000    -0.15057964  0.32D-01  0.16D-01     0.15
    2     1     1     1.06632226    -0.19288855   -55.04455046    -0.19288855    -0.00782882  0.20D-02  0.98D-03     0.75
    2     2     2     1.04796484    -0.15055415   -54.64124492    -0.15055415    -0.00369533  0.70D-03  0.57D-03     0.75
    3     1     1     1.06683880    -0.20092893   -55.05259084    -0.00804038    -0.00033783  0.51D-04  0.54D-04     1.35
    3     2     2     1.04981277    -0.15461685   -54.64530762    -0.00406270    -0.00024411  0.75D-04  0.43D-04     1.35
    4     1     1     1.06895138    -0.20133367   -55.05299558    -0.00040474    -0.00002320  0.42D-05  0.37D-05     1.95
    4     2     2     1.05229944    -0.15493501   -54.64562578    -0.00031816    -0.00003946  0.22D-04  0.68D-05     1.95
    5     1     1     1.06969162    -0.20136392   -55.05302583    -0.00003025    -0.00000165  0.19D-06  0.26D-06     2.56
    5     2     2     1.05335949    -0.15499216   -54.64568293    -0.00005715    -0.00001092  0.80D-05  0.16D-05     2.56
    6     1     1     1.06973883    -0.20136591   -55.05302782    -0.00000199    -0.00000014  0.12D-07  0.24D-07     3.16
    6     2     2     1.05388879    -0.15500871   -54.64569948    -0.00001655    -0.00000452  0.48D-05  0.50D-06     3.16
    7     1     1     1.06974986    -0.20136607   -55.05302798    -0.00000017    -0.00000001  0.13D-08  0.24D-08     3.76
    7     2     2     1.05452574    -0.15501576   -54.64570653    -0.00000705    -0.00000231  0.17D-05  0.32D-06     3.76
    8     1     1     1.06975354    -0.20136608   -55.05302798    -0.00000000    -0.00000001  0.89D-09  0.23D-08     4.23
    8     2     2     1.05545534    -0.15502103   -54.64571180    -0.00000527    -0.00000077  0.28D-06  0.13D-06     4.23
    9     1     1     1.06975401    -0.20136608   -55.05302798    -0.00000000    -0.00000001  0.94D-09  0.22D-08     4.70
    9     2     2     1.05561253    -0.15502204   -54.64571281    -0.00000101    -0.00000014  0.40D-07  0.24D-07     4.70
   10     1     1     1.06975447    -0.20136608   -55.05302798    -0.00000000    -0.00000001  0.94D-09  0.22D-08     5.18
   10     2     2     1.05572668    -0.15502225   -54.64571302    -0.00000021    -0.00000003  0.61D-08  0.54D-08     5.18
   11     1     1     1.06975448    -0.20136608   -55.05302798    -0.00000000    -0.00000001  0.94D-09  0.22D-08     5.66
   11     2     2     1.05573286    -0.15502228   -54.64571305    -0.00000003    -0.00000000  0.33D-08  0.66D-09     5.66


 =====================================
 Analysis of CPU times by interactions
 =====================================

       I      S      P

 I   0.0%
 S   0.0%   0.2%
 P   0.2%   0.9%  14.1%

 Initialization:   2.7%
 Other:           82.0%

 Total CPU:        5.7 seconds
 =====================================



 gnormi=  0.93479393  gnorms=  0.03752677  gnormp=  0.02767929  gnorm=  1.00000000
 ecorri= -0.18823579  ecorrs= -0.00755587  ecorrp= -0.00557442  ecorr= -0.20136608

 gnormi=  0.94720931  gnorms=  0.03419832  gnormp=  0.01859237  gnorm=  1.00000000
 ecorri= -0.14683854  ecorrs= -0.00530292  ecorrp= -0.00288082  ecorr= -0.15502228

 Reference coefficients greater than 0.0500000
 =============================================
 2/\/\           0.0179987   0.9704872
 220/\           0.9663696  -0.0095414
 /2\/\           0.0232593  -0.0695445

 Coefficients of singly external configurations greater than 0.0500000
 =====================================================================

 2200\   5.2     0.0500988  -0.0108725
 220\0   5.3     0.0500987  -0.0108770

 Coefficients of fixed reference functions:
 ==========================================

 State      Coefficients
 1           0.966750   -0.006170
 2           0.013059    0.973115

 Coefficients of rotated reference functions:
 ============================================

 State      Coefficients
 1           0.966764    0.003413
 2           0.003413    0.973197


 RESULTS FOR STATE 1.4
 =====================

 Coefficient of reference function:   C(0) = 0.96675026 (fixed)   0.96684742 (relaxed)   0.96676393 (rotated)

 Energy contributions of configuration classes

 CLASS          SQ.NORM        ECORR1        ECORR2
 +++++++++++++++++++++++++++++++++++++++++++++++++++
 Internals    0.00017273   -0.00001263   -0.12498100
 Singles      0.04015137   -0.06963342   -0.07263752
 Pairs        0.02961516    0.00195464   -0.00374755
 Total        1.06993926   -0.06769141   -0.20136608
 +++++++++++++++++++++++++++++++++++++++++++++++++++


 Reference energy                     -54.85162644
 Nuclear energy                         4.35792997
 Kinetic energy                        55.56235931
 One electron energy                  -82.85530756
 Two electron energy                   23.44434961
 Virial quotient                       -0.99083316
 Correlation energy                    -0.20140154
 !MRCI STATE 1.4 Energy               -55.053027983054

 Properties without orbital relaxation:

 !MRCI STATE 1.4 Dipole moment          0.00000000     0.00000000     0.64195763
 Dipole moment /Debye                   0.00000000     0.00000000     1.63169354

 Cluster corrected energies           -55.06711386 (Davidson, fixed reference)
 Cluster corrected energies           -55.06707664 (Davidson, relaxed reference)
 Cluster corrected energies           -55.06711386 (Davidson, rotated reference)

 Cluster corrected energies           -55.06263178 (Pople, fixed reference)
 Cluster corrected energies           -55.06260587 (Pople, relaxed reference)
 Cluster corrected energies           -55.06263178 (Pople, rotated reference)



 RESULTS FOR STATE 2.4
 =====================

 Coefficient of reference function:   C(0) = 0.97311503 (fixed)   0.97324679 (relaxed)   0.97319666 (rotated)

 Energy contributions of configuration classes

 CLASS          SQ.NORM        ECORR1        ECORR2
 +++++++++++++++++++++++++++++++++++++++++++++++++++
 Internals    0.00010301   -0.00001255   -0.00005930
 Singles      0.03610800   -0.06445665   -0.06635056
 Pairs        0.01963060   -0.09051898   -0.08861241
 Total        1.05584162   -0.15498818   -0.15502228
 +++++++++++++++++++++++++++++++++++++++++++++++++++


 Reference energy                     -54.49072623
 Nuclear energy                         4.35792997
 Kinetic energy                        55.11609122
 One electron energy                  -80.41377575
 Two electron energy                   21.41013274
 Virial quotient                       -0.99146568
 Correlation energy                    -0.15498681
 !MRCI STATE 2.4 Energy               -54.645713045421

 Properties without orbital relaxation:

 !MRCI STATE 2.4 Dipole moment          0.00000000     0.00000000    -1.54870511
 Dipole moment /Debye                   0.00000000     0.00000000    -3.93641575

 Cluster corrected energies           -54.65436776 (Davidson, fixed reference)
 Cluster corrected energies           -54.65435090 (Davidson, relaxed reference)
 Cluster corrected energies           -54.65436776 (Davidson, rotated reference)

 Cluster corrected energies           -54.65158807 (Pople, fixed reference)
 Cluster corrected energies           -54.65157642 (Pople, relaxed reference)
 Cluster corrected energies           -54.65158807 (Pople, rotated reference)


 !MRCI trans          <2.4|DMZ|1.4>    -0.515345163589 au =    -1.309876752029 Debye


 **********************************************************************************************************************************
 DATASETS  * FILE   NREC   LENGTH (MB)   RECORD NAMES
              1      21      257.75       500      700      610      701      900      950      970     1000      129      960   
                                          VAR     GEOM    BASINP    GEOM    SYMINP    ZMAT    AOBASIS   BASIS     P2S    ABASIS    
                                         1100     1400     1410     1200     1210     1080     1600     1650     1300     1700   
                                           S        T        V       H0       H01     AOSYM     SMH    MOLCAS    ERIS     OPER   
                                         1380   
                                         JKOP   

              2       8       17.64       500      610      700     1000      520     2100     2140      701   
                                          VAR    BASINP    GEOM     BASIS   MCVARS     RHF     MCSCF    GEOM   

 PROGRAMS   *        TOTAL        CI     MULTI       INT        CI     MULTI       INT        CI     MULTI       INT        CI
 CPU TIMES  *       221.21      5.70      1.25      8.70      5.60      1.27      8.74      5.67      1.26      8.70      5.62
 REAL TIME  *       237.17 SEC
 DISK USED  *       789.91 MB
 **********************************************************************************************************************************
 SETTING E1(14)         =       -55.05302798  AU                              
 SETTING E2(14)         =       -54.64571305  AU                              

 DO I                   =        15.00000000   


 Using spherical harmonics

 Library entry N      S aug-cc-pV5Z          selected for orbital group  1
 Library entry N      P aug-cc-pV5Z          selected for orbital group  1
 Library entry N      D aug-cc-pV5Z          selected for orbital group  1
 Library entry N      F aug-cc-pV5Z          selected for orbital group  1
 Library entry N      G aug-cc-pV5Z          selected for orbital group  1
 Library entry N      H aug-cc-pV5Z          selected for orbital group  1
 Library entry H      S aug-cc-pV5Z          selected for orbital group  2
 Library entry H      P aug-cc-pV5Z          selected for orbital group  2
 Library entry H      D aug-cc-pV5Z          selected for orbital group  2
 Library entry H      F aug-cc-pV5Z          selected for orbital group  2
 Library entry H      G aug-cc-pV5Z          selected for orbital group  2


 PROGRAM * SEWARD (Integral evaluation for generally contracted gaussian basis sets)     Author: Roland Lindh, 1990

 Geometry written to block  1 of record 701

 Orientation using atomic masses  
 Molecule type: Linear
 Symmetry elements: X,Y
 Rotational constants:     761.7334609    761.7334609      0.0000000 GHz  (calculated with average atomic masses)

 Point group  C2v 



 ATOMIC COORDINATES

 NR  ATOM    CHARGE       X              Y              Z

   1  N       7.00    0.000000000    0.000000000   -0.106560907
   2  H       1.00    0.000000000    0.000000000    1.480809037

 Bond lengths in Bohr (Angstrom)

 1-2  1.587369945
     ( 0.840000000)

 NUCLEAR CHARGE:                    8
 NUMBER OF PRIMITIVE AOS:         307
 NUMBER OF SYMMETRY AOS:          227
 NUMBER OF CONTRACTIONS:          207   (   77A1  +   50B1  +   50B2  +   30A2  )
 NUMBER OF INNER CORE ORBITALS:     0   (    0A1  +    0B1  +    0B2  +    0A2  )
 NUMBER OF OUTER CORE ORBITALS:     1   (    1A1  +    0B1  +    0B2  +    0A2  )
 NUMBER OF VALENCE ORBITALS:        5   (    3A1  +    1B1  +    1B2  +    0A2  )


 NUCLEAR REPULSION ENERGY    4.40981009

 EXTRA SYMMETRY OF AOS IN SYMMETRY 1:   1 1 1 1 1 1 1 1 1 1   1 1 1 1 2 1 2 1 2 1   2 1 2 1 2 1 2 1 2 1   2 1 3 2 1 3 2 1 3 2
                                        2 3 1 2 3 1 1 1 1 1   1 1 1 1 1 1 1 1 2 1   2 1 2 1 2 1 2 1 2 1   2 1 3 2 1 3 2
 EXTRA SYMMETRY OF AOS IN SYMMETRY 2:   1 1 1 1 1 1 1 1 1 1   1 1 2 1 2 1 2 1 2 1   2 1 2 1 2 1 2 3 1 2   3 1 1 1 1 1 1 1 1 1
                                        1 2 1 2 1 2 1 2 1 2
 EXTRA SYMMETRY OF AOS IN SYMMETRY 3:   1 1 1 1 1 1 1 1 1 1   1 1 2 1 2 1 2 1 2 1   2 1 2 1 2 1 2 3 1 2   3 1 1 1 1 1 1 1 1 1
                                        1 2 1 2 1 2 1 2 1 2
 EXTRA SYMMETRY OF AOS IN SYMMETRY 4:   1 1 1 1 1 1 1 1 1 1   2 1 2 1 2 2 1 2 1 1   1 1 1 1 1 1 1 2 1 2

 Eigenvalues of metric

         1 0.925E-05 0.641E-04 0.155E-03 0.197E-03 0.326E-03 0.411E-03 0.898E-03 0.166E-02
         2 0.119E-03 0.688E-03 0.203E-02 0.443E-02 0.564E-02 0.117E-01 0.175E-01 0.219E-01
         3 0.119E-03 0.688E-03 0.203E-02 0.443E-02 0.564E-02 0.117E-01 0.175E-01 0.219E-01
         4 0.166E-02 0.852E-02 0.224E-01 0.402E-01 0.802E-01 0.968E-01 0.179E+00 0.189E+00


 Contracted 2-electron integrals neglected if value below      1.0D-12
 AO integral compression algorithm  1   Integral accuracy      1.0D-12

     292.291 MB (compressed) written to integral file ( 51.9%)


 NUMBER OF SORTED TWO-ELECTRON INTEGRALS:   59167011.     BUFFER LENGTH:  32768
 NUMBER OF SEGMENTS:   4  SEGMENT LENGTH:   15999984      RECORD LENGTH: 524288

 Memory used in sort:      16.56 MW

 SORT1 READ    70490039. AND WROTE    39593920. INTEGRALS IN    116 RECORDS. CPU TIME:     0.80 SEC, REAL TIME:     0.94 SEC
 SORT2 READ    39593920. AND WROTE    59167011. INTEGRALS IN   1115 RECORDS. CPU TIME:     0.64 SEC, REAL TIME:     0.76 SEC

 FILE SIZES:   FILE 1:   323.4 MBYTE,  FILE 4:   486.6 MBYTE,   TOTAL:    810.0 MBYTE

 OPERATOR DM      FOR CENTER  0  COORDINATES:    0.000000    0.000000    0.000000


 **********************************************************************************************************************************
 DATASETS  * FILE   NREC   LENGTH (MB)   RECORD NAMES
              1      20      255.18       500      700      610      701      900      950      970     1000      129      960   
                                          VAR     GEOM    BASINP    GEOM    SYMINP    ZMAT    AOBASIS   BASIS     P2S    ABASIS    
                                         1100     1400     1410     1200     1210     1080     1600     1650     1300     1700   
                                           S        T        V       H0       H01     AOSYM     SMH    MOLCAS    ERIS     OPER   

              2       8       17.64       500      610      700     1000      520     2100     2140      701   
                                          VAR    BASINP    GEOM     BASIS   MCVARS     RHF     MCSCF    GEOM   

 PROGRAMS   *        TOTAL       INT        CI     MULTI       INT        CI     MULTI       INT        CI     MULTI       INT
 CPU TIMES  *       229.93      8.71      5.70      1.25      8.70      5.60      1.27      8.74      5.67      1.26      8.70
 REAL TIME  *       246.30 SEC
 DISK USED  *       790.16 MB
 **********************************************************************************************************************************

 PROGRAM * MULTI (Direct Multiconfiguration SCF)       Authors: P.J. Knowles, H.-J. Werner (1984)
                                                                D.A. Kreplin, P.J. Knowles, H.-J. Werner (2019)

 Number of closed-shell orbitals:   1 (   1   0   0   0 )
 Number of active  orbitals:        5 (   3   1   1   0 )
 Number of external orbitals:     201 (  73  49  49  30 )

 State symmetry 1

 Number of active electrons:   6    Spin symmetry=Singlet   Space symmetry=4
 Number of states:             3
 Number of CSFs:               9   (24 determinants, 100 intermediate states)

 Molecular orbitals read from record     2140.2  Type=MCSCF/NATURAL (state averaged)

 EXTRA SYMMETRY OF MOS IN SYMMETRY 1:   1 1 1 1 1 1 1 2 1 1   1 1 2 1 1 2 1 1 2 1   2 1 1 1 3 2 1 1 2 2   1 1 2 3 1 1 2 1 1 1
                                        2 3 2 1 2 3 1 1 2 1   2 1 1 2 1 1 2 3 1 3   2 1 2 1 3 1 2 1 2 1   2 1 2 1 1 1 1
 EXTRA SYMMETRY OF MOS IN SYMMETRY 2:   1 1 1 1 1 1 2 1 1 1   2 1 1 1 2 1 1 2 1 2   1 1 1 2 3 1 1 2 2 1   1 2 1 1 1 2 3 1 1 1
                                        2 2 1 2 2 1 1 1 1 1
 EXTRA SYMMETRY OF MOS IN SYMMETRY 3:   1 1 1 1 1 1 2 1 1 1   2 1 1 1 2 1 1 2 1 2   1 1 1 2 3 1 1 2 2 1   1 2 1 1 1 2 3 1 1 1
                                        2 2 1 2 2 1 1 1 1 1
 EXTRA SYMMETRY OF MOS IN SYMMETRY 4:   1 1 1 1 1 2 1 1 1 1   2 1 1 2 1 1 2 1 1 1   1 2 2 1 1 2 1 1 1 1

 Wavefunction dump at record             2140.2

 Convergence thresholds  0.10E-04 (gradient)  0.10E-05 (energy)

 Weight factors for state symmetry  1:    0.33333   0.33333   0.33333
 
 Number of orbital rotations:  393  ( 3 closed/active, 73 closed/virtual, 0 active/active, 317 active/virtual )
 Total number of variables:    465
 
  Second-order MCSCF: L-BFGS accelerated
 
 ITER  MIC  NCI  NEG     ENERGY(VAR)    ENERGY(PROJ) ENERGY CHANGE       GRAD(0)  GRAD(ORB)   GRAD(CI)      STEP      TIME
   1    4    3    0    -54.59890448     -54.59894502   -0.00004053    0.01576161 0.00000922 0.00000000  0.68E-02      0.36
   2    6    5    0    -54.59894500     -54.59894500   -0.00000000    0.00001154 0.00000000 0.00000000  0.10E-04      0.73
   3    2    2    0    -54.59894500     -54.59894500    0.00000000    0.00000000 0.00000000 0.00000000  0.75E-10      1.06

 CONVERGENCE REACHED!  Final gradient:    0.00000000 ( 0.26E-11)
                       Final energy:    -54.59894500
 
 Results for state 1.4
 =====================
 !MCSCF STATE 1.4 Energy                       -54.846415827806
 Nuclear energy                                  4.40981009
 Kinetic energy                                 56.15103129
 One electron energy                           -83.75192662
 Two electron energy                            24.49570070
 Virial ratio                                    1.97676596
 
 !MCSCF STATE 1.4 Dipole moment                  0.00000000     0.00000000     0.78109938
 Dipole moment /Debye                            0.00000000     0.00000000     1.98535659
 
 Results for state 2.4
 =====================
 !MCSCF STATE 2.4 Energy                       -54.484752473155
 Nuclear energy                                  4.40981009
 Kinetic energy                                 54.58144447
 One electron energy                           -80.21626113
 Two electron energy                            21.32169857
 Virial ratio                                    1.99822848
 
 !MCSCF STATE 2.4 Dipole moment                  0.00000000     0.00000000    -1.68717168
 Dipole moment /Debye                            0.00000000     0.00000000    -4.28836266
 
 Results for state 3.4
 =====================
 !MCSCF STATE 3.4 Energy                       -54.465666685703
 Nuclear energy                                  4.40981009
 Kinetic energy                                 54.65443818
 One electron energy                           -80.21758205
 Two electron energy                            21.34210527
 Virial ratio                                    1.99654609
 
 !MCSCF STATE 3.4 Dipole moment                  0.00000000     0.00000000    -1.51750187
 Dipole moment /Debye                            0.00000000     0.00000000    -3.85710503
 
 State-averaged charge density matrix saved on record 2140.2 (density set 1)
 
 Expectation values: (only non-zero values are shown)
 
 !MCSCF expec                       <1.4|DMZ|1.4>     0.781099377763 au =     1.985356588644 Debye
 !MCSCF expec                       <2.4|DMZ|2.4>    -1.687171678322 au =    -4.288362663049 Debye
 !MCSCF expec                       <3.4|DMZ|3.4>    -1.517501871118 au =    -3.857105028979 Debye
 
 Transition values: (only non-zero values with the ground state are shown)
 
 !MCSCF trans                       <1.4|DMZ|2.4>    -0.438697033327 au =    -1.115056637260 Debye
 

 EXTRA SYMMETRY OF MOS IN SYMMETRY 1:   1 1 1 1 1 1 1 2 1 1   1 1 2 1 1 2 1 1 2 1   2 1 1 1 3 2 1 1 2 2   1 1 2 3 1 1 2 1 1 2
                                        1 3 2 1 2 3 1 1 2 1   2 1 1 2 1 1 2 3 1 3   2 1 2 3 1 1 2 1 2 1   2 1 1 2 1 1 1
 
 Natural orbital dump (state averaged) at molpro section 2140.2 (Orbital set 2)
 
 Reoptimze the CI vectors with natural orbitals 
 
 CI Coefficients of symmetry 4
 =============================
 
 220 a b       -0.70646017      0.01370635      0.00000000
 220 b a        0.70646017     -0.01370635     -0.00000000
 2bb a a        0.00000000     -0.00000000      0.57589817
 2aa b b        0.00000000     -0.00000000      0.57589817
 2ab b a        0.01082204      0.49877577     -0.28794908
 2ba a b        0.01082204      0.49877577     -0.28794908
 2ab a b       -0.01082204     -0.49877577     -0.28794908
 2ba b a       -0.01082204     -0.49877577     -0.28794908
 
 Energy:      -54.84641583    -54.48475247    -54.46566669
 


 **********************************************************************************************************************************
 DATASETS  * FILE   NREC   LENGTH (MB)   RECORD NAMES
              1      21      258.10       500      700      610      701      900      950      970     1000      129      960   
                                          VAR     GEOM    BASINP    GEOM    SYMINP    ZMAT    AOBASIS   BASIS     P2S    ABASIS    
                                         1100     1400     1410     1200     1210     1080     1600     1650     1300     1700   
                                           S        T        V       H0       H01     AOSYM     SMH    MOLCAS    ERIS     OPER   
                                         1380   
                                         JKOP   

              2       8       17.64       500      610      700     1000      520     2100     2140      701   
                                          VAR    BASINP    GEOM     BASIS   MCVARS     RHF     MCSCF    GEOM   

 PROGRAMS   *        TOTAL     MULTI       INT        CI     MULTI       INT        CI     MULTI       INT        CI     MULTI
 CPU TIMES  *       231.19      1.26      8.71      5.70      1.25      8.70      5.60      1.27      8.74      5.67      1.26
 REAL TIME  *       247.71 SEC
 DISK USED  *       790.16 MB
 **********************************************************************************************************************************


 PROGRAM * CI (Multireference internally contracted CI)     Authors: H.-J. Werner, P.J. Knowles, 1987


 Convergence thresholds:  THRVAR = 1.00D-08  THRDEN = 1.00D-06

 Number of optimized states: 2  Roots:    1   2
 Number of reference states: 2  Roots:    1   2

 Program parameters:       NSTATE=  2    NSTATI=  3    NSTATR=  2    NCEPA = -1    NOKOP =  0    ITRDM =  0    ITRANS=  0
                           IDIP  =200    MAXIT =250    MAXITI=250    MAXDAV=  6    MAXVI =  9    NOSING=  0    NOPAIR=  0
                           MXSHRF=  5    IKCPS =  0    IOPTGM=  2    IOPTOR=  0    REFOPT=  1    IAVDEN=  0    IDELCG=  1
                           IREST =  0    NATORB=  0    IPUNRF=  0    ISEP  =  0    OLDDEN=  0    NSTPRI=  1    GPSFLI= -1
                           CLUSTE=  0    CLOSED=  1    ILSTYP=  0    ITRLS =  0    ICCSD =  0    LOCAL =  0    IBASO =  0
                           MP    =  0    ITEDIS=  2    INCDIS=  1    MAXDIS=  6    ITYDIS=  1    BRUECK=  0    IBRSTR=  3
                           INCBRK=  1    TRIPLE=  0    ICCTYP=  1    IHPPD =  0    ICCNEW=  0    I3EXT = -1    IDEB  =  0
                           IDLEIG=  1    IDFTYP=  1    IMP3  =  0    IPROCS=  0    NOINT =  0    NOREF =  1    IMP2G =  0
                           IHINT =  0    IFDIA =  0    ISPARO=  1    JKSYM =  0    CPHF  =  0    MP2D  = -1    DKINT =  0
                           NPKEX =  1    DRVK  =  1    HLSTRA=  1    WIGNER=  1    DIIS_C=  1    MAXIT_= 50    MATEL =  0
                           SPDEG =  1    MEMCPH=  0    DISM  =  1    KDCPMA=  5    IKDCP_=  0    IREDTH=  0    USECS =  0
                           IPROCC=  0    I3SAVE=  1    IKDCP =  1    USECI =  0    OLDPAI=  0    IPROCI=  0    KEEPCL=  1
                           DISCON=  0    SHIFTE=  0    DIISIN=  0    MOLCAS=  0    MEM_PT=  0    RECORD=  0    RS2C  =  0
                           KEXT  = -1    CIPT2 =  0    DECP0S=  0    I4EXT = -1    NATCOR=  0    RIMP2 =  0    DDCI  = -1
                           IPOLAR=  0

 Reference symmetry:                   4   Singlet 
 Number of electrons:                  8
 Maximum number of shells:             4
 Maximum number of spin couplings:     5

 Reference space:        6 conf        9 CSFs
 N elec internal:       45 conf       50 CSFs
 N-1 el internal:       48 conf       72 CSFs
 N-2 el internal:       26 conf       64 CSFs

 Number of electrons in valence space:                      6
 Maximum number of open shell orbitals in reference space:  4
 Maximum number of open shell orbitals in internal spaces:  6


 Number of core orbitals:           1 (   1   0   0   0 )
 Number of active  orbitals:        5 (   3   1   1   0 )
 Number of external orbitals:     201 (  73  49  49  30 )

 Molecular orbitals read from record     2140.2  Type=MCSCF/NATURAL (state averaged)

 Valence orbitals related to previous ones by unitary transformation. Operators transformed.


 Number of p-space configurations:   3

 Reference wavefunction optimized for reference space (refopt=1)

 State     Reference Energy 
     1       -54.84641583
     2       -54.48475247
     3       -54.46566669

 Number of blocks in overlap matrix:     8   Smallest eigenvalue:  0.10D-02
 Number of N-2 electron functions:      35
 Number of N-1 electron functions:      72

 Number of internal configurations:                    9
 Number of singly external configurations:          3575
 Number of doubly external configurations:        180251
 Total number of contracted configurations:       183835
 Total number of uncontracted configurations:     332025

 Diagonal Coupling coefficients finished.               Storage:    6197 words, CPU-Time:      0.00 seconds.
 Energy denominators for pairs finished in 1 passes.    Storage:  121346 words, CPU-time:      0.00 seconds.

  ITER. STATE  ROOT     SQ.NORM     CORR.ENERGY   TOTAL ENERGY   ENERGY CHANGE       DEN1      VAR(S)    VAR(P)      TIME
    1     1     1     1.00000000     0.00000000   -54.84641583    -0.00000000    -0.21741352  0.59D-01  0.25D-01     0.14
    1     2     2     1.00000000     0.00000000   -54.48475247    -0.00000000    -0.15017236  0.32D-01  0.16D-01     0.14
    2     1     1     1.06636652    -0.19320282   -55.03961864    -0.19320282    -0.00771416  0.19D-02  0.96D-03     0.73
    2     2     2     1.04751807    -0.15031031   -54.63506278    -0.15031031    -0.00362747  0.68D-03  0.56D-03     0.73
    3     1     1     1.06682063    -0.20109314   -55.04750897    -0.00789032    -0.00032306  0.49D-04  0.52D-04     1.33
    3     2     2     1.04937450    -0.15430402   -54.63905649    -0.00399371    -0.00023484  0.72D-04  0.41D-04     1.33
    4     1     1     1.06888381    -0.20147843   -55.04789426    -0.00038529    -0.00002198  0.42D-05  0.34D-05     1.92
    4     2     2     1.05179546    -0.15461118   -54.63936365    -0.00030716    -0.00003680  0.21D-04  0.63D-05     1.92
    5     1     1     1.06962104    -0.20150713   -55.04792296    -0.00002870    -0.00000155  0.18D-06  0.24D-06     2.52
    5     2     2     1.05279480    -0.15466518   -54.63941765    -0.00005400    -0.00000994  0.76D-05  0.14D-05     2.52
    6     1     1     1.06966792    -0.20150899   -55.04792482    -0.00000186    -0.00000013  0.12D-07  0.21D-07     3.12
    6     2     2     1.05330649    -0.15468054   -54.63943301    -0.00001536    -0.00000417  0.44D-05  0.45D-06     3.12
    7     1     1     1.06967843    -0.20150914   -55.04792497    -0.00000015    -0.00000001  0.12D-08  0.21D-08     3.71
    7     2     2     1.05391379    -0.15468711   -54.63943958    -0.00000657    -0.00000215  0.16D-05  0.29D-06     3.71
    8     1     1     1.06968214    -0.20150914   -55.04792497    -0.00000000    -0.00000001  0.77D-09  0.19D-08     4.18
    8     2     2     1.05479277    -0.15469206   -54.63944454    -0.00000495    -0.00000070  0.26D-06  0.12D-06     4.18
    9     1     1     1.06968255    -0.20150914   -55.04792497    -0.00000000    -0.00000001  0.81D-09  0.19D-08     4.65
    9     2     2     1.05493744    -0.15469298   -54.63944546    -0.00000092    -0.00000012  0.35D-07  0.20D-07     4.65
   10     1     1     1.06968308    -0.20150914   -55.04792497    -0.00000000    -0.00000001  0.81D-09  0.19D-08     5.13
   10     2     2     1.05503857    -0.15469316   -54.63944564    -0.00000018    -0.00000002  0.54D-08  0.40D-08     5.13


 =====================================
 Analysis of CPU times by interactions
 =====================================

       I      S      P

 I   0.0%
 S   0.0%   0.6%
 P   0.0%   0.8%  14.0%

 Initialization:   2.7%
 Other:           81.9%

 Total CPU:        5.1 seconds
 =====================================



 gnormi=  0.93485633  gnorms=  0.03763608  gnormp=  0.02750759  gnorm=  1.00000000
 ecorri= -0.18838210  ecorrs= -0.00758327  ecorrp= -0.00554377  ecorr= -0.20150914

 gnormi=  0.94783264  gnorms=  0.03367023  gnormp=  0.01849713  gnorm=  1.00000000
 ecorri= -0.14662323  ecorrs= -0.00520379  ecorrp= -0.00286614  ecorr= -0.15469316

 Reference coefficients greater than 0.0500000
 =============================================
 2/\/\           0.0150715   0.9708767
 220/\           0.9664528  -0.0070230
 /2\/\           0.0233138  -0.0688079

 Coefficients of singly external configurations greater than 0.0500000
 =====================================================================

 2200\   5.2     0.0501384  -0.0099882
 220\0   5.3     0.0501383  -0.0099932

 Coefficients of fixed reference functions:
 ==========================================

 State      Coefficients
 1           0.966792   -0.005104
 2           0.011587    0.973456

 Coefficients of rotated reference functions:
 ============================================

 State      Coefficients
 1           0.966800    0.003213
 2           0.003213    0.973520


 RESULTS FOR STATE 1.4
 =====================

 Coefficient of reference function:   C(0) = 0.96679203 (fixed)   0.96687969 (relaxed)   0.96680017 (rotated)

 Energy contributions of configuration classes

 CLASS          SQ.NORM        ECORR1        ECORR2
 +++++++++++++++++++++++++++++++++++++++++++++++++++
 Internals    0.00016451   -0.00001034   -0.12458374
 Singles      0.04026530   -0.06983179   -0.07285522
 Pairs        0.02942925    0.00157653   -0.00407018
 Total        1.06985905   -0.06826559   -0.20150914
 +++++++++++++++++++++++++++++++++++++++++++++++++++


 Reference energy                     -54.84638907
 Nuclear energy                         4.40981009
 Kinetic energy                        55.59122077
 One electron energy                  -82.93867146
 Two electron energy                   23.48093639
 Virial quotient                       -0.99022695
 Correlation energy                    -0.20153591
 !MRCI STATE 1.4 Energy               -55.047924972223

 Properties without orbital relaxation:

 !MRCI STATE 1.4 Dipole moment          0.00000000     0.00000000     0.64247842
 Dipole moment /Debye                   0.00000000     0.00000000     1.63301727

 Cluster corrected energies           -55.06200408 (Davidson, fixed reference)
 Cluster corrected energies           -55.06196861 (Davidson, relaxed reference)
 Cluster corrected energies           -55.06200408 (Davidson, rotated reference)

 Cluster corrected energies           -55.05752392 (Pople, fixed reference)
 Cluster corrected energies           -55.05749922 (Pople, relaxed reference)
 Cluster corrected energies           -55.05752392 (Pople, rotated reference)



 RESULTS FOR STATE 2.4
 =====================

 Coefficient of reference function:   C(0) = 0.97345614 (fixed)   0.97356697 (relaxed)   0.97351979 (rotated)

 Energy contributions of configuration classes

 CLASS          SQ.NORM        ECORR1        ECORR2
 +++++++++++++++++++++++++++++++++++++++++++++++++++
 Internals    0.00009692   -0.00001027   -0.00004959
 Singles      0.03552683   -0.06416961   -0.06601995
 Pairs        0.01951707   -0.09048622   -0.08862362
 Total        1.05514083   -0.15466610   -0.15469316
 +++++++++++++++++++++++++++++++++++++++++++++++++++


 Reference energy                     -54.48477923
 Nuclear energy                         4.40981009
 Kinetic energy                        55.14078063
 One electron energy                  -80.48318970
 Two electron energy                   21.43393398
 Virial quotient                       -0.99090809
 Correlation energy                    -0.15466640
 !MRCI STATE 2.4 Energy               -54.639445636699

 Properties without orbital relaxation:

 !MRCI STATE 2.4 Dipole moment          0.00000000     0.00000000    -1.55007409
 Dipole moment /Debye                   0.00000000     0.00000000    -3.93989536

 Cluster corrected energies           -54.64797407 (Davidson, fixed reference)
 Cluster corrected energies           -54.64795825 (Davidson, relaxed reference)
 Cluster corrected energies           -54.64797407 (Davidson, rotated reference)

 Cluster corrected energies           -54.64523366 (Pople, fixed reference)
 Cluster corrected energies           -54.64522274 (Pople, relaxed reference)
 Cluster corrected energies           -54.64523366 (Pople, rotated reference)


 !MRCI trans          <2.4|DMZ|1.4>    -0.502863647721 au =    -1.278151903093 Debye


 **********************************************************************************************************************************
 DATASETS  * FILE   NREC   LENGTH (MB)   RECORD NAMES
              1      21      258.10       500      700      610      701      900      950      970     1000      129      960   
                                          VAR     GEOM    BASINP    GEOM    SYMINP    ZMAT    AOBASIS   BASIS     P2S    ABASIS    
                                         1100     1400     1410     1200     1210     1080     1600     1650     1300     1700   
                                           S        T        V       H0       H01     AOSYM     SMH    MOLCAS    ERIS     OPER   
                                         1380   
                                         JKOP   

              2       8       17.64       500      610      700     1000      520     2100     2140      701   
                                          VAR    BASINP    GEOM     BASIS   MCVARS     RHF     MCSCF    GEOM   

 PROGRAMS   *        TOTAL        CI     MULTI       INT        CI     MULTI       INT        CI     MULTI       INT        CI
 CPU TIMES  *       236.36      5.16      1.26      8.71      5.70      1.25      8.70      5.60      1.27      8.74      5.67
 REAL TIME  *       253.38 SEC
 DISK USED  *       790.16 MB
 **********************************************************************************************************************************
 SETTING E1(15)         =       -55.04792497  AU                              
 SETTING E2(15)         =       -54.63944564  AU                              

 DO I                   =        16.00000000   


 Using spherical harmonics

 Library entry N      S aug-cc-pV5Z          selected for orbital group  1
 Library entry N      P aug-cc-pV5Z          selected for orbital group  1
 Library entry N      D aug-cc-pV5Z          selected for orbital group  1
 Library entry N      F aug-cc-pV5Z          selected for orbital group  1
 Library entry N      G aug-cc-pV5Z          selected for orbital group  1
 Library entry N      H aug-cc-pV5Z          selected for orbital group  1
 Library entry H      S aug-cc-pV5Z          selected for orbital group  2
 Library entry H      P aug-cc-pV5Z          selected for orbital group  2
 Library entry H      D aug-cc-pV5Z          selected for orbital group  2
 Library entry H      F aug-cc-pV5Z          selected for orbital group  2
 Library entry H      G aug-cc-pV5Z          selected for orbital group  2


 PROGRAM * SEWARD (Integral evaluation for generally contracted gaussian basis sets)     Author: Roland Lindh, 1990

 Geometry written to block  1 of record 701

 Orientation using atomic masses  
 Molecule type: Linear
 Symmetry elements: X,Y
 Rotational constants:     799.3443338    799.3443338      0.0000000 GHz  (calculated with average atomic masses)

 Point group  C2v 



 ATOMIC COORDINATES

 NR  ATOM    CHARGE       X              Y              Z

   1  N       7.00    0.000000000    0.000000000   -0.104023743
   2  H       1.00    0.000000000    0.000000000    1.445551679

 Bond lengths in Bohr (Angstrom)

 1-2  1.549575422
     ( 0.820000000)

 NUCLEAR CHARGE:                    8
 NUMBER OF PRIMITIVE AOS:         307
 NUMBER OF SYMMETRY AOS:          227
 NUMBER OF CONTRACTIONS:          207   (   77A1  +   50B1  +   50B2  +   30A2  )
 NUMBER OF INNER CORE ORBITALS:     0   (    0A1  +    0B1  +    0B2  +    0A2  )
 NUMBER OF OUTER CORE ORBITALS:     1   (    1A1  +    0B1  +    0B2  +    0A2  )
 NUMBER OF VALENCE ORBITALS:        5   (    3A1  +    1B1  +    1B2  +    0A2  )


 NUCLEAR REPULSION ENERGY    4.51736643

 EXTRA SYMMETRY OF AOS IN SYMMETRY 1:   1 1 1 1 1 1 1 1 1 1   1 1 1 1 2 1 2 1 2 1   2 1 2 1 2 1 2 1 2 1   2 1 3 2 1 3 2 1 3 2
                                        2 3 1 2 3 1 1 1 1 1   1 1 1 1 1 1 1 1 2 1   2 1 2 1 2 1 2 1 2 1   2 1 3 2 1 3 2
 EXTRA SYMMETRY OF AOS IN SYMMETRY 2:   1 1 1 1 1 1 1 1 1 1   1 1 2 1 2 1 2 1 2 1   2 1 2 1 2 1 2 3 1 2   3 1 1 1 1 1 1 1 1 1
                                        1 2 1 2 1 2 1 2 1 2
 EXTRA SYMMETRY OF AOS IN SYMMETRY 3:   1 1 1 1 1 1 1 1 1 1   1 1 2 1 2 1 2 1 2 1   2 1 2 1 2 1 2 3 1 2   3 1 1 1 1 1 1 1 1 1
                                        1 2 1 2 1 2 1 2 1 2
 EXTRA SYMMETRY OF AOS IN SYMMETRY 4:   1 1 1 1 1 1 1 1 1 1   2 1 2 1 2 2 1 2 1 1   1 1 1 1 1 1 1 2 1 2

 Eigenvalues of metric

         1 0.874E-05 0.622E-04 0.138E-03 0.186E-03 0.301E-03 0.385E-03 0.870E-03 0.153E-02
         2 0.105E-03 0.640E-03 0.189E-02 0.431E-02 0.539E-02 0.107E-01 0.164E-01 0.204E-01
         3 0.105E-03 0.640E-03 0.189E-02 0.431E-02 0.539E-02 0.107E-01 0.164E-01 0.204E-01
         4 0.153E-02 0.778E-02 0.206E-01 0.377E-01 0.787E-01 0.937E-01 0.175E+00 0.181E+00


 Contracted 2-electron integrals neglected if value below      1.0D-12
 AO integral compression algorithm  1   Integral accuracy      1.0D-12

     293.077 MB (compressed) written to integral file ( 52.0%)


 NUMBER OF SORTED TWO-ELECTRON INTEGRALS:   59167011.     BUFFER LENGTH:  32768
 NUMBER OF SEGMENTS:   4  SEGMENT LENGTH:   15999984      RECORD LENGTH: 524288

 Memory used in sort:      16.56 MW

 SORT1 READ    70490039. AND WROTE    39593918. INTEGRALS IN    116 RECORDS. CPU TIME:     0.79 SEC, REAL TIME:     0.94 SEC
 SORT2 READ    39593918. AND WROTE    59167011. INTEGRALS IN   1118 RECORDS. CPU TIME:     0.65 SEC, REAL TIME:     0.77 SEC

 FILE SIZES:   FILE 1:   324.2 MBYTE,  FILE 4:   486.6 MBYTE,   TOTAL:    810.8 MBYTE

 OPERATOR DM      FOR CENTER  0  COORDINATES:    0.000000    0.000000    0.000000


 **********************************************************************************************************************************
 DATASETS  * FILE   NREC   LENGTH (MB)   RECORD NAMES
              1      20      255.87       500      700      610      701      900      950      970     1000      129      960   
                                          VAR     GEOM    BASINP    GEOM    SYMINP    ZMAT    AOBASIS   BASIS     P2S    ABASIS    
                                         1100     1400     1410     1200     1210     1080     1600     1650     1300     1700   
                                           S        T        V       H0       H01     AOSYM     SMH    MOLCAS    ERIS     OPER   

              2       8       17.64       500      610      700     1000      520     2100     2140      701   
                                          VAR    BASINP    GEOM     BASIS   MCVARS     RHF     MCSCF    GEOM   

 PROGRAMS   *        TOTAL       INT        CI     MULTI       INT        CI     MULTI       INT        CI     MULTI       INT
 CPU TIMES  *       245.07      8.71      5.16      1.26      8.71      5.70      1.25      8.70      5.60      1.27      8.74
 REAL TIME  *       262.51 SEC
 DISK USED  *       790.91 MB
 **********************************************************************************************************************************

 PROGRAM * MULTI (Direct Multiconfiguration SCF)       Authors: P.J. Knowles, H.-J. Werner (1984)
                                                                D.A. Kreplin, P.J. Knowles, H.-J. Werner (2019)

 Number of closed-shell orbitals:   1 (   1   0   0   0 )
 Number of active  orbitals:        5 (   3   1   1   0 )
 Number of external orbitals:     201 (  73  49  49  30 )

 State symmetry 1

 Number of active electrons:   6    Spin symmetry=Singlet   Space symmetry=4
 Number of states:             3
 Number of CSFs:               9   (24 determinants, 100 intermediate states)

 Molecular orbitals read from record     2140.2  Type=MCSCF/NATURAL (state averaged)

 EXTRA SYMMETRY OF MOS IN SYMMETRY 1:   1 1 1 1 1 1 1 2 1 1   1 1 2 1 1 2 1 1 2 1   2 1 1 1 3 2 1 1 2 2   1 1 2 3 1 1 2 1 1 2
                                        1 3 2 1 2 3 1 1 2 1   2 1 1 2 1 1 2 3 1 3   2 1 2 3 1 1 2 1 2 1   2 1 1 2 1 1 1
 EXTRA SYMMETRY OF MOS IN SYMMETRY 2:   1 1 1 1 1 1 2 1 1 1   2 1 1 1 2 1 1 2 1 2   1 1 1 2 3 1 1 2 2 1   1 2 1 1 1 2 3 1 1 1
                                        2 2 1 2 2 1 1 1 1 1
 EXTRA SYMMETRY OF MOS IN SYMMETRY 3:   1 1 1 1 1 1 2 1 1 1   2 1 1 1 2 1 1 2 1 2   1 1 1 2 3 1 1 2 2 1   1 2 1 1 1 2 3 1 1 1
                                        2 2 1 2 2 1 1 1 1 1
 EXTRA SYMMETRY OF MOS IN SYMMETRY 4:   1 1 1 1 1 2 1 1 1 1   2 1 1 2 1 1 2 1 1 1   1 2 2 1 1 2 1 1 1 1

 Wavefunction dump at record             2140.2

 Convergence thresholds  0.10E-04 (gradient)  0.10E-05 (energy)

 Weight factors for state symmetry  1:    0.33333   0.33333   0.33333
 
 Number of orbital rotations:  393  ( 3 closed/active, 73 closed/virtual, 0 active/active, 317 active/virtual )
 Total number of variables:    465
 
  Second-order MCSCF: L-BFGS accelerated
 
 ITER  MIC  NCI  NEG     ENERGY(VAR)    ENERGY(PROJ) ENERGY CHANGE       GRAD(0)  GRAD(ORB)   GRAD(CI)      STEP      TIME
   1    5    3    0    -54.58519410     -54.58536118   -0.00016709    0.03268289 0.00001549 0.00000000  0.13E-01      0.36
   2    7    5    0    -54.58536102     -54.58536102   -0.00000000    0.00004546 0.00000000 0.00000000  0.39E-04      0.73
   3    3    2    0    -54.58536102     -54.58536102   -0.00000000    0.00000000 0.00000000 0.00000000  0.10E-08      1.07

 CONVERGENCE REACHED!  Final gradient:    0.00000000 ( 0.36E-11)
                       Final energy:    -54.58536102
 
 Results for state 1.4
 =====================
 !MCSCF STATE 1.4 Energy                       -54.834499433741
 Nuclear energy                                  4.51736643
 Kinetic energy                                 56.22299835
 One electron energy                           -83.93202797
 Two electron energy                            24.58016210
 Virial ratio                                    1.97530372
 
 !MCSCF STATE 1.4 Dipole moment                  0.00000000     0.00000000     0.78313932
 Dipole moment /Debye                            0.00000000     0.00000000     1.99054160
 
 Results for state 2.4
 =====================
 !MCSCF STATE 2.4 Energy                       -54.471408673286
 Nuclear energy                                  4.51736643
 Kinetic energy                                 54.63039683
 One electron energy                           -80.35673953
 Two electron energy                            21.36796442
 Virial ratio                                    1.99708975
 
 !MCSCF STATE 2.4 Dipole moment                  0.00000000     0.00000000    -1.68337585
 Dipole moment /Debye                            0.00000000     0.00000000    -4.27871463
 
 Results for state 3.4
 =====================
 !MCSCF STATE 3.4 Energy                       -54.450174963228
 Nuclear energy                                  4.51736643
 Kinetic energy                                 54.69607929
 One electron energy                           -80.35428357
 Two electron energy                            21.38674217
 Virial ratio                                    1.99550417
 
 !MCSCF STATE 3.4 Dipole moment                  0.00000000     0.00000000    -1.51232881
 Dipole moment /Debye                            0.00000000     0.00000000    -3.84395642
 
 State-averaged charge density matrix saved on record 2140.2 (density set 1)
 
 Expectation values: (only non-zero values are shown)
 
 !MCSCF expec                       <1.4|DMZ|1.4>     0.783139319598 au =     1.990541603608 Debye
 !MCSCF expec                       <2.4|DMZ|2.4>    -1.683375852001 au =    -4.278714634883 Debye
 !MCSCF expec                       <3.4|DMZ|3.4>    -1.512328811949 au =    -3.843956424081 Debye
 
 Transition values: (only non-zero values with the ground state are shown)
 
 !MCSCF trans                       <1.4|DMZ|2.4>    -0.401441326807 au =    -1.020362076605 Debye
 

 EXTRA SYMMETRY OF MOS IN SYMMETRY 1:   1 1 1 1 1 1 1 2 1 1   1 1 2 1 1 2 1 1 2 1   2 1 1 1 3 2 1 1 2 2   1 1 2 3 1 1 2 1 1 2
                                        3 1 2 1 2 3 1 1 2 1   2 1 1 2 1 1 2 3 1 3   2 1 2 3 1 1 2 2 1 1   2 1 1 2 1 1 1
 EXTRA SYMMETRY OF MOS IN SYMMETRY 2:   1 1 1 1 1 1 2 1 1 1   2 1 1 1 2 1 1 2 1 2   1 1 1 3 2 1 1 2 2 1   1 2 1 1 1 2 3 1 1 1
                                        2 2 1 2 2 1 1 1 1 1
 EXTRA SYMMETRY OF MOS IN SYMMETRY 3:   1 1 1 1 1 1 2 1 1 1   2 1 1 1 2 1 1 2 1 2   1 1 1 3 2 1 1 2 2 1   1 2 1 1 1 2 3 1 1 1
                                        2 2 1 2 2 1 1 1 1 1
 
 Natural orbital dump (state averaged) at molpro section 2140.2 (Orbital set 2)
 
 Reoptimze the CI vectors with natural orbitals 
 
 CI Coefficients of symmetry 4
 =============================
 
 220 a b       -0.70657168      0.00802169     -0.00000000
 220 b a        0.70657168     -0.00802169      0.00000000
 2aa b b       -0.00000000      0.00000000      0.57595339
 2bb a a       -0.00000000      0.00000000      0.57595339
 2ba b a       -0.00677161     -0.49886721     -0.28797669
 2ab a b       -0.00677161     -0.49886721     -0.28797669
 2ba a b        0.00677161      0.49886721     -0.28797669
 2ab b a        0.00677161      0.49886721     -0.28797669
 
 Energy:      -54.83449943    -54.47140867    -54.45017496
 


 **********************************************************************************************************************************
 DATASETS  * FILE   NREC   LENGTH (MB)   RECORD NAMES
              1      21      258.79       500      700      610      701      900      950      970     1000      129      960   
                                          VAR     GEOM    BASINP    GEOM    SYMINP    ZMAT    AOBASIS   BASIS     P2S    ABASIS    
                                         1100     1400     1410     1200     1210     1080     1600     1650     1300     1700   
                                           S        T        V       H0       H01     AOSYM     SMH    MOLCAS    ERIS     OPER   
                                         1380   
                                         JKOP   

              2       8       17.64       500      610      700     1000      520     2100     2140      701   
                                          VAR    BASINP    GEOM     BASIS   MCVARS     RHF     MCSCF    GEOM   

 PROGRAMS   *        TOTAL     MULTI       INT        CI     MULTI       INT        CI     MULTI       INT        CI     MULTI
 CPU TIMES  *       246.34      1.27      8.71      5.16      1.26      8.71      5.70      1.25      8.70      5.60      1.27
 REAL TIME  *       263.93 SEC
 DISK USED  *       790.91 MB
 **********************************************************************************************************************************


 PROGRAM * CI (Multireference internally contracted CI)     Authors: H.-J. Werner, P.J. Knowles, 1987


 Convergence thresholds:  THRVAR = 1.00D-08  THRDEN = 1.00D-06

 Number of optimized states: 2  Roots:    1   2
 Number of reference states: 2  Roots:    1   2

 Program parameters:       NSTATE=  2    NSTATI=  3    NSTATR=  2    NCEPA = -1    NOKOP =  0    ITRDM =  0    ITRANS=  0
                           IDIP  =200    MAXIT =250    MAXITI=250    MAXDAV=  6    MAXVI =  9    NOSING=  0    NOPAIR=  0
                           MXSHRF=  5    IKCPS =  0    IOPTGM=  2    IOPTOR=  0    REFOPT=  1    IAVDEN=  0    IDELCG=  1
                           IREST =  0    NATORB=  0    IPUNRF=  0    ISEP  =  0    OLDDEN=  0    NSTPRI=  1    GPSFLI= -1
                           CLUSTE=  0    CLOSED=  1    ILSTYP=  0    ITRLS =  0    ICCSD =  0    LOCAL =  0    IBASO =  0
                           MP    =  0    ITEDIS=  2    INCDIS=  1    MAXDIS=  6    ITYDIS=  1    BRUECK=  0    IBRSTR=  3
                           INCBRK=  1    TRIPLE=  0    ICCTYP=  1    IHPPD =  0    ICCNEW=  0    I3EXT = -1    IDEB  =  0
                           IDLEIG=  1    IDFTYP=  1    IMP3  =  0    IPROCS=  0    NOINT =  0    NOREF =  1    IMP2G =  0
                           IHINT =  0    IFDIA =  0    ISPARO=  1    JKSYM =  0    CPHF  =  0    MP2D  = -1    DKINT =  0
                           NPKEX =  1    DRVK  =  1    HLSTRA=  1    WIGNER=  1    DIIS_C=  1    MAXIT_= 50    MATEL =  0
                           SPDEG =  1    MEMCPH=  0    DISM  =  1    KDCPMA=  5    IKDCP_=  0    IREDTH=  0    USECS =  0
                           IPROCC=  0    I3SAVE=  1    IKDCP =  1    USECI =  0    OLDPAI=  0    IPROCI=  0    KEEPCL=  1
                           DISCON=  0    SHIFTE=  0    DIISIN=  0    MOLCAS=  0    MEM_PT=  0    RECORD=  0    RS2C  =  0
                           KEXT  = -1    CIPT2 =  0    DECP0S=  0    I4EXT = -1    NATCOR=  0    RIMP2 =  0    DDCI  = -1
                           IPOLAR=  0

 Reference symmetry:                   4   Singlet 
 Number of electrons:                  8
 Maximum number of shells:             4
 Maximum number of spin couplings:     5

 Reference space:        6 conf        9 CSFs
 N elec internal:       45 conf       50 CSFs
 N-1 el internal:       48 conf       72 CSFs
 N-2 el internal:       26 conf       64 CSFs

 Number of electrons in valence space:                      6
 Maximum number of open shell orbitals in reference space:  4
 Maximum number of open shell orbitals in internal spaces:  6


 Number of core orbitals:           1 (   1   0   0   0 )
 Number of active  orbitals:        5 (   3   1   1   0 )
 Number of external orbitals:     201 (  73  49  49  30 )

 Molecular orbitals read from record     2140.2  Type=MCSCF/NATURAL (state averaged)

 Valence orbitals related to previous ones by unitary transformation. Operators transformed.


 Number of p-space configurations:   3

 Reference wavefunction optimized for reference space (refopt=1)

 State     Reference Energy 
     1       -54.83449943
     2       -54.47140867
     3       -54.45017496

 Number of blocks in overlap matrix:     8   Smallest eigenvalue:  0.12D-02
 Number of N-2 electron functions:      35
 Number of N-1 electron functions:      72

 Number of internal configurations:                    9
 Number of singly external configurations:          3575
 Number of doubly external configurations:        180251
 Total number of contracted configurations:       183835
 Total number of uncontracted configurations:     332025

 Diagonal Coupling coefficients finished.               Storage:    6197 words, CPU-Time:      0.00 seconds.
 Energy denominators for pairs finished in 1 passes.    Storage:  121346 words, CPU-time:      0.00 seconds.

  ITER. STATE  ROOT     SQ.NORM     CORR.ENERGY   TOTAL ENERGY   ENERGY CHANGE       DEN1      VAR(S)    VAR(P)      TIME
    1     1     1     1.00000000     0.00000000   -54.83449943     0.00000000    -0.21846268  0.59D-01  0.26D-01     0.16
    1     2     2     1.00000000     0.00000000   -54.47140867     0.00000000    -0.14928726  0.31D-01  0.16D-01     0.16
    2     1     1     1.06644616    -0.19376115   -55.02826059    -0.19376115    -0.00750705  0.19D-02  0.93D-03     0.76
    2     2     2     1.04669063    -0.14983898   -54.62124765    -0.14983898    -0.00351061  0.62D-03  0.54D-03     0.76
    3     1     1     1.06676637    -0.20139372   -55.03589315    -0.00763256    -0.00029978  0.46D-04  0.48D-04     1.34
    3     2     2     1.04855425    -0.15372233   -54.62513100    -0.00388335    -0.00021872  0.66D-04  0.38D-04     1.34
    4     1     1     1.06874337    -0.20174954   -55.03624897    -0.00035582    -0.00002025  0.41D-05  0.32D-05     1.93
    4     2     2     1.05085781    -0.15401093   -54.62541961    -0.00028861    -0.00003201  0.19D-04  0.52D-05     1.93
    5     1     1     1.06947011    -0.20177604   -55.03627547    -0.00002650    -0.00000137  0.17D-06  0.21D-06     2.52
    5     2     2     1.05173462    -0.15405915   -54.62546783    -0.00004822    -0.00000812  0.67D-05  0.11D-05     2.52
    6     1     1     1.06951559    -0.20177767   -55.03627711    -0.00000164    -0.00000010  0.11D-07  0.17D-07     3.12
    6     2     2     1.05221950    -0.15407237   -54.62548105    -0.00001322    -0.00000351  0.38D-05  0.37D-06     3.12
    7     1     1     1.06952578    -0.20177780   -55.03627723    -0.00000012    -0.00000001  0.10D-08  0.16D-08     3.71
    7     2     2     1.05276930    -0.15407805   -54.62548672    -0.00000567    -0.00000184  0.13D-05  0.24D-06     3.71
    8     1     1     1.06952939    -0.20177780   -55.03627723    -0.00000000    -0.00000001  0.60D-09  0.14D-08     4.20
    8     2     2     1.05354324    -0.15408236   -54.62549103    -0.00000431    -0.00000056  0.23D-06  0.92D-07     4.20
    9     1     1     1.06952957    -0.20177780   -55.03627723    -0.00000000    -0.00000001  0.61D-09  0.14D-08     4.68
    9     2     2     1.05366451    -0.15408311   -54.62549178    -0.00000075    -0.00000009  0.28D-07  0.13D-07     4.68
   10     1     1     1.06953024    -0.20177780   -55.03627723    -0.00000000    -0.00000001  0.59D-09  0.14D-08     5.16
   10     2     2     1.05374236    -0.15408324   -54.62549192    -0.00000013    -0.00000001  0.51D-08  0.22D-08     5.16


 =====================================
 Analysis of CPU times by interactions
 =====================================

       I      S      P

 I   0.2%
 S   0.0%   0.6%
 P   0.2%   0.2%  14.5%

 Initialization:   2.9%
 Other:           81.4%

 Total CPU:        5.2 seconds
 =====================================



 gnormi=  0.93498993  gnorms=  0.03784217  gnormp=  0.02716790  gnorm=  1.00000000
 ecorri= -0.18866021  ecorrs= -0.00763503  ecorrp= -0.00548256  ecorr= -0.20177780

 gnormi=  0.94899857  gnorms=  0.03268951  gnormp=  0.01831192  gnorm=  1.00000000
 ecorri= -0.14622478  ecorrs= -0.00503290  ecorrp= -0.00282556  ecorr= -0.15408324

 Reference coefficients greater than 0.0500000
 =============================================
 2/\/\           0.0093535   0.9715927
 220/\           0.9665960  -0.0020938
 /2\/\           0.0233882  -0.0673479

 Coefficients of singly external configurations greater than 0.0500000
 =====================================================================

 2200\   5.2     0.0502112  -0.0082842
 220\0   5.3     0.0502111  -0.0082892

 Coefficients of fixed reference functions:
 ==========================================

 State      Coefficients
 1           0.966876   -0.003027
 2           0.008721    0.974089

 Coefficients of rotated reference functions:
 ============================================

 State      Coefficients
 1           0.966877    0.002825
 2           0.002825    0.974124


 RESULTS FOR STATE 1.4
 =====================

 Coefficient of reference function:   C(0) = 0.96687609 (fixed)   0.96694877 (relaxed)   0.96687670 (rotated)

 Energy contributions of configuration classes

 CLASS          SQ.NORM        ECORR1        ECORR2
 +++++++++++++++++++++++++++++++++++++++++++++++++++
 Internals    0.00014909   -0.00000642   -0.12380028
 Singles      0.04047938   -0.07022406   -0.07328403
 Pairs        0.02906122    0.00084406   -0.00469349
 Total        1.06968970   -0.06938642   -0.20177780
 +++++++++++++++++++++++++++++++++++++++++++++++++++


 Reference energy                     -54.83448613
 Nuclear energy                         4.51736643
 Kinetic energy                        55.65189530
 One electron energy                  -83.10941159
 Two electron energy                   23.55576792
 Virial quotient                       -0.98893806
 Correlation energy                    -0.20179110
 !MRCI STATE 1.4 Energy               -55.036277234400

 Properties without orbital relaxation:

 !MRCI STATE 1.4 Dipole moment          0.00000000     0.00000000     0.64326238
 Dipole moment /Debye                   0.00000000     0.00000000     1.63500990

 Cluster corrected energies           -55.05034000 (Davidson, fixed reference)
 Cluster corrected energies           -55.05030782 (Davidson, relaxed reference)
 Cluster corrected energies           -55.05034000 (Davidson, rotated reference)

 Cluster corrected energies           -55.04586454 (Pople, fixed reference)
 Cluster corrected energies           -55.04584213 (Pople, relaxed reference)
 Cluster corrected energies           -55.04586454 (Pople, rotated reference)



 RESULTS FOR STATE 2.4
 =====================

 Coefficient of reference function:   C(0) = 0.97408893 (fixed)   0.97416558 (relaxed)   0.97412388 (rotated)

 Energy contributions of configuration classes

 CLASS          SQ.NORM        ECORR1        ECORR2
 +++++++++++++++++++++++++++++++++++++++++++++++++++
 Internals    0.00008562   -0.00000637   -0.00003328
 Singles      0.03444927   -0.06361753   -0.06540068
 Pairs        0.01929769   -0.09044384   -0.08864928
 Total        1.05383259   -0.15406774   -0.15408324
 +++++++++++++++++++++++++++++++++++++++++++++++++++


 Reference energy                     -54.47142197
 Nuclear energy                         4.51736643
 Kinetic energy                        55.19348195
 One electron energy                  -80.62694845
 Two electron energy                   21.48409010
 Virial quotient                       -0.98970911
 Correlation energy                    -0.15406994
 !MRCI STATE 2.4 Energy               -54.625491915442

 Properties without orbital relaxation:

 !MRCI STATE 2.4 Dipole moment          0.00000000     0.00000000    -1.55237225
 Dipole moment /Debye                   0.00000000     0.00000000    -3.94573669

 Cluster corrected energies           -54.63378590 (Davidson, fixed reference)
 Cluster corrected energies           -54.63377200 (Davidson, relaxed reference)
 Cluster corrected energies           -54.63378590 (Davidson, rotated reference)

 Cluster corrected energies           -54.63111852 (Pople, fixed reference)
 Cluster corrected energies           -54.63110893 (Pople, relaxed reference)
 Cluster corrected energies           -54.63111852 (Pople, rotated reference)


 !MRCI trans          <2.4|DMZ|1.4>    -0.478531833705 au =    -1.216306600630 Debye


 **********************************************************************************************************************************
 DATASETS  * FILE   NREC   LENGTH (MB)   RECORD NAMES
              1      21      258.79       500      700      610      701      900      950      970     1000      129      960   
                                          VAR     GEOM    BASINP    GEOM    SYMINP    ZMAT    AOBASIS   BASIS     P2S    ABASIS    
                                         1100     1400     1410     1200     1210     1080     1600     1650     1300     1700   
                                           S        T        V       H0       H01     AOSYM     SMH    MOLCAS    ERIS     OPER   
                                         1380   
                                         JKOP   

              2       8       17.64       500      610      700     1000      520     2100     2140      701   
                                          VAR    BASINP    GEOM     BASIS   MCVARS     RHF     MCSCF    GEOM   

 PROGRAMS   *        TOTAL        CI     MULTI       INT        CI     MULTI       INT        CI     MULTI       INT        CI
 CPU TIMES  *       251.52      5.18      1.27      8.71      5.16      1.26      8.71      5.70      1.25      8.70      5.60
 REAL TIME  *       269.61 SEC
 DISK USED  *       790.91 MB
 **********************************************************************************************************************************
 SETTING E1(16)         =       -55.03627723  AU                              
 SETTING E2(16)         =       -54.62549192  AU                              

 DO I                   =        17.00000000   


 Using spherical harmonics

 Library entry N      S aug-cc-pV5Z          selected for orbital group  1
 Library entry N      P aug-cc-pV5Z          selected for orbital group  1
 Library entry N      D aug-cc-pV5Z          selected for orbital group  1
 Library entry N      F aug-cc-pV5Z          selected for orbital group  1
 Library entry N      G aug-cc-pV5Z          selected for orbital group  1
 Library entry N      H aug-cc-pV5Z          selected for orbital group  1
 Library entry H      S aug-cc-pV5Z          selected for orbital group  2
 Library entry H      P aug-cc-pV5Z          selected for orbital group  2
 Library entry H      D aug-cc-pV5Z          selected for orbital group  2
 Library entry H      F aug-cc-pV5Z          selected for orbital group  2
 Library entry H      G aug-cc-pV5Z          selected for orbital group  2


 PROGRAM * SEWARD (Integral evaluation for generally contracted gaussian basis sets)     Author: Roland Lindh, 1990

 Geometry written to block  1 of record 701

 Orientation using atomic masses  
 Molecule type: Linear
 Symmetry elements: X,Y
 Rotational constants:     839.8111407    839.8111407      0.0000000 GHz  (calculated with average atomic masses)

 Point group  C2v 



 ATOMIC COORDINATES

 NR  ATOM    CHARGE       X              Y              Z

   1  N       7.00    0.000000000    0.000000000   -0.101486578
   2  H       1.00    0.000000000    0.000000000    1.410294321

 Bond lengths in Bohr (Angstrom)

 1-2  1.511780900
     ( 0.800000000)

 NUCLEAR CHARGE:                    8
 NUMBER OF PRIMITIVE AOS:         307
 NUMBER OF SYMMETRY AOS:          227
 NUMBER OF CONTRACTIONS:          207   (   77A1  +   50B1  +   50B2  +   30A2  )
 NUMBER OF INNER CORE ORBITALS:     0   (    0A1  +    0B1  +    0B2  +    0A2  )
 NUMBER OF OUTER CORE ORBITALS:     1   (    1A1  +    0B1  +    0B2  +    0A2  )
 NUMBER OF VALENCE ORBITALS:        5   (    3A1  +    1B1  +    1B2  +    0A2  )


 NUCLEAR REPULSION ENERGY    4.63030060

 EXTRA SYMMETRY OF AOS IN SYMMETRY 1:   1 1 1 1 1 1 1 1 1 1   1 1 1 1 2 1 2 1 2 1   2 1 2 1 2 1 2 1 2 1   2 1 3 2 1 3 2 1 3 2
                                        2 3 1 2 3 1 1 1 1 1   1 1 1 1 1 1 1 1 2 1   2 1 2 1 2 1 2 1 2 1   2 1 3 2 1 3 2
 EXTRA SYMMETRY OF AOS IN SYMMETRY 2:   1 1 1 1 1 1 1 1 1 1   1 1 2 1 2 1 2 1 2 1   2 1 2 1 2 1 2 3 1 2   3 1 1 1 1 1 1 1 1 1
                                        1 2 1 2 1 2 1 2 1 2
 EXTRA SYMMETRY OF AOS IN SYMMETRY 3:   1 1 1 1 1 1 1 1 1 1   1 1 2 1 2 1 2 1 2 1   2 1 2 1 2 1 2 3 1 2   3 1 1 1 1 1 1 1 1 1
                                        1 2 1 2 1 2 1 2 1 2
 EXTRA SYMMETRY OF AOS IN SYMMETRY 4:   1 1 1 1 1 1 1 1 1 1   2 1 2 1 2 2 1 2 1 1   1 1 1 1 1 1 1 2 1 2

 Eigenvalues of metric

         1 0.826E-05 0.602E-04 0.123E-03 0.172E-03 0.282E-03 0.362E-03 0.838E-03 0.135E-02
         2 0.937E-04 0.595E-03 0.176E-02 0.416E-02 0.516E-02 0.979E-02 0.153E-01 0.191E-01
         3 0.937E-04 0.595E-03 0.176E-02 0.416E-02 0.516E-02 0.979E-02 0.153E-01 0.191E-01
         4 0.141E-02 0.708E-02 0.189E-01 0.353E-01 0.769E-01 0.905E-01 0.171E+00 0.172E+00


 Contracted 2-electron integrals neglected if value below      1.0D-12
 AO integral compression algorithm  1   Integral accuracy      1.0D-12

     293.863 MB (compressed) written to integral file ( 52.1%)


 NUMBER OF SORTED TWO-ELECTRON INTEGRALS:   59167011.     BUFFER LENGTH:  32768
 NUMBER OF SEGMENTS:   4  SEGMENT LENGTH:   15999984      RECORD LENGTH: 524288

 Memory used in sort:      16.56 MW

 SORT1 READ    70490039. AND WROTE    39593918. INTEGRALS IN    116 RECORDS. CPU TIME:     0.80 SEC, REAL TIME:     0.96 SEC
 SORT2 READ    39593918. AND WROTE    59167011. INTEGRALS IN   1121 RECORDS. CPU TIME:     0.66 SEC, REAL TIME:     0.77 SEC

 FILE SIZES:   FILE 1:   325.0 MBYTE,  FILE 4:   486.6 MBYTE,   TOTAL:    811.5 MBYTE

 OPERATOR DM      FOR CENTER  0  COORDINATES:    0.000000    0.000000    0.000000


 **********************************************************************************************************************************
 DATASETS  * FILE   NREC   LENGTH (MB)   RECORD NAMES
              1      20      256.55       500      700      610      701      900      950      970     1000      129      960   
                                          VAR     GEOM    BASINP    GEOM    SYMINP    ZMAT    AOBASIS   BASIS     P2S    ABASIS    
                                         1100     1400     1410     1200     1210     1080     1600     1650     1300     1700   
                                           S        T        V       H0       H01     AOSYM     SMH    MOLCAS    ERIS     OPER   

              2       8       17.64       500      610      700     1000      520     2100     2140      701   
                                          VAR    BASINP    GEOM     BASIS   MCVARS     RHF     MCSCF    GEOM   

 PROGRAMS   *        TOTAL       INT        CI     MULTI       INT        CI     MULTI       INT        CI     MULTI       INT
 CPU TIMES  *       260.24      8.71      5.18      1.27      8.71      5.16      1.26      8.71      5.70      1.25      8.70
 REAL TIME  *       278.75 SEC
 DISK USED  *       791.66 MB
 **********************************************************************************************************************************

 PROGRAM * MULTI (Direct Multiconfiguration SCF)       Authors: P.J. Knowles, H.-J. Werner (1984)
                                                                D.A. Kreplin, P.J. Knowles, H.-J. Werner (2019)

 Number of closed-shell orbitals:   1 (   1   0   0   0 )
 Number of active  orbitals:        5 (   3   1   1   0 )
 Number of external orbitals:     201 (  73  49  49  30 )

 State symmetry 1

 Number of active electrons:   6    Spin symmetry=Singlet   Space symmetry=4
 Number of states:             3
 Number of CSFs:               9   (24 determinants, 100 intermediate states)

 Molecular orbitals read from record     2140.2  Type=MCSCF/NATURAL (state averaged)

 EXTRA SYMMETRY OF MOS IN SYMMETRY 1:   1 1 1 1 1 1 1 2 1 1   1 1 2 1 1 2 1 1 2 1   2 1 1 1 3 2 1 1 2 2   1 1 2 3 1 1 2 1 1 2
                                        3 1 2 1 2 3 1 1 2 1   2 1 1 2 1 1 2 3 1 3   2 1 2 3 1 1 2 2 1 1   2 1 1 2 1 1 1
 EXTRA SYMMETRY OF MOS IN SYMMETRY 2:   1 1 1 1 1 1 2 1 1 1   2 1 1 1 2 1 1 2 1 2   1 1 1 3 2 1 1 2 2 1   1 2 1 1 1 2 3 1 1 1
                                        2 2 1 2 2 1 1 1 1 1
 EXTRA SYMMETRY OF MOS IN SYMMETRY 3:   1 1 1 1 1 1 2 1 1 1   2 1 1 1 2 1 1 2 1 2   1 1 1 3 2 1 1 2 2 1   1 2 1 1 1 2 3 1 1 1
                                        2 2 1 2 2 1 1 1 1 1
 EXTRA SYMMETRY OF MOS IN SYMMETRY 4:   1 1 1 1 1 2 1 1 1 1   2 1 1 2 1 1 2 1 1 1   1 2 2 1 1 2 1 1 1 1

 Wavefunction dump at record             2140.2

 Convergence thresholds  0.10E-04 (gradient)  0.10E-05 (energy)

 Weight factors for state symmetry  1:    0.33333   0.33333   0.33333
 
 Number of orbital rotations:  393  ( 3 closed/active, 73 closed/virtual, 0 active/active, 317 active/virtual )
 Total number of variables:    465
 
  Second-order MCSCF: L-BFGS accelerated
 
 ITER  MIC  NCI  NEG     ENERGY(VAR)    ENERGY(PROJ) ENERGY CHANGE       GRAD(0)  GRAD(ORB)   GRAD(CI)      STEP      TIME
   1    4    3    0    -54.56951297     -54.56968632   -0.00017334    0.03431891 0.00001145 0.00000000  0.12E-01      0.36
   2    9    6    0    -54.56968615     -54.56968615   -0.00000000    0.00004587 0.00000000 0.00000000  0.37E-04      0.74
   3    3    2    0    -54.56968615     -54.56968615    0.00000000    0.00000000 0.00000000 0.00000000  0.67E-09      1.08

 CONVERGENCE REACHED!  Final gradient:    0.00000000 ( 0.27E-11)
                       Final energy:    -54.56968615
 
 Results for state 1.4
 =====================
 !MCSCF STATE 1.4 Energy                       -54.820474812239
 Nuclear energy                                  4.63030060
 Kinetic energy                                 56.29833922
 One electron energy                           -84.11664932
 Two electron energy                            24.66587391
 Virial ratio                                    1.97374941
 
 !MCSCF STATE 1.4 Dipole moment                  0.00000000     0.00000000     0.78413193
 Dipole moment /Debye                            0.00000000     0.00000000     1.99306457
 
 Results for state 2.4
 =====================
 !MCSCF STATE 2.4 Energy                       -54.455902702087
 Nuclear energy                                  4.63030060
 Kinetic energy                                 54.68477711
 One electron energy                           -80.50511136
 Two electron energy                            21.41890806
 Virial ratio                                    1.99581466
 
 !MCSCF STATE 2.4 Dipole moment                  0.00000000     0.00000000    -1.67811285
 Dipole moment /Debye                            0.00000000     0.00000000    -4.26533742
 
 Results for state 3.4
 =====================
 !MCSCF STATE 3.4 Energy                       -54.432680950655
 Nuclear energy                                  4.63030060
 Kinetic energy                                 54.74270579
 One electron energy                           -80.49807388
 Two electron energy                            21.43509234
 Virial ratio                                    1.99433669
 
 !MCSCF STATE 3.4 Dipole moment                  0.00000000     0.00000000    -1.50678718
 Dipole moment /Debye                            0.00000000     0.00000000    -3.82987099
 
 State-averaged charge density matrix saved on record 2140.2 (density set 1)
 
 Expectation values: (only non-zero values are shown)
 
 !MCSCF expec                       <1.4|DMZ|1.4>     0.784131931952 au =     1.993064572558 Debye
 !MCSCF expec                       <2.4|DMZ|2.4>    -1.678112852306 au =    -4.265337423970 Debye
 !MCSCF expec                       <3.4|DMZ|3.4>    -1.506787176544 au =    -3.829870991835 Debye
 
 Transition values: (only non-zero values with the ground state are shown)
 
 !MCSCF trans                       <1.4|DMZ|2.4>    -0.365976669288 au =    -0.930219908433 Debye
 

 EXTRA SYMMETRY OF MOS IN SYMMETRY 1:   1 1 1 1 1 1 1 2 1 1   1 1 2 1 1 2 1 1 2 1   2 1 1 1 3 2 1 1 2 2   1 1 2 3 1 1 2 1 1 2
                                        3 1 2 1 2 3 1 1 2 1   2 1 1 2 1 1 3 2 1 3   2 1 2 3 1 1 2 2 1 1   1 2 1 2 1 1 1
 EXTRA SYMMETRY OF MOS IN SYMMETRY 2:   1 1 1 1 1 1 2 1 1 1   2 1 1 1 2 1 1 2 1 2   1 1 1 3 2 1 1 2 2 1   1 2 1 1 1 2 3 1 1 1
                                        2 2 1 2 1 2 1 1 1 1
 EXTRA SYMMETRY OF MOS IN SYMMETRY 3:   1 1 1 1 1 1 2 1 1 1   2 1 1 1 2 1 1 2 1 2   1 1 1 3 2 1 1 2 2 1   1 2 1 1 1 2 3 1 1 1
                                        2 2 1 2 1 2 1 1 1 1
 EXTRA SYMMETRY OF MOS IN SYMMETRY 4:   1 1 1 1 1 2 1 1 1 1   2 1 1 2 1 1 2 1 1 1   2 1 2 1 1 2 1 1 1 1
 
 Natural orbital dump (state averaged) at molpro section 2140.2 (Orbital set 2)
 
 Reoptimze the CI vectors with natural orbitals 
 
 CI Coefficients of symmetry 4
 =============================
 
 220 b a        0.70663614     -0.00252868      0.00000000
 220 a b       -0.70663614      0.00252868     -0.00000000
 2aa b b       -0.00000000      0.00000000      0.57600540
 2bb a a       -0.00000000      0.00000000      0.57600540
 2ab a b       -0.00285653     -0.49892541     -0.28800270
 2ba b a       -0.00285653     -0.49892541     -0.28800270
 2ab b a        0.00285653      0.49892541     -0.28800270
 2ba a b        0.00285653      0.49892541     -0.28800270
 
 Energy:      -54.82047481    -54.45590270    -54.43268095
 


 **********************************************************************************************************************************
 DATASETS  * FILE   NREC   LENGTH (MB)   RECORD NAMES
              1      21      259.47       500      700      610      701      900      950      970     1000      129      960   
                                          VAR     GEOM    BASINP    GEOM    SYMINP    ZMAT    AOBASIS   BASIS     P2S    ABASIS    
                                         1100     1400     1410     1200     1210     1080     1600     1650     1300     1700   
                                           S        T        V       H0       H01     AOSYM     SMH    MOLCAS    ERIS     OPER   
                                         1380   
                                         JKOP   

              2       8       17.64       500      610      700     1000      520     2100     2140      701   
                                          VAR    BASINP    GEOM     BASIS   MCVARS     RHF     MCSCF    GEOM   

 PROGRAMS   *        TOTAL     MULTI       INT        CI     MULTI       INT        CI     MULTI       INT        CI     MULTI
 CPU TIMES  *       261.54      1.29      8.71      5.18      1.27      8.71      5.16      1.26      8.71      5.70      1.25
 REAL TIME  *       280.18 SEC
 DISK USED  *       791.66 MB
 **********************************************************************************************************************************


 PROGRAM * CI (Multireference internally contracted CI)     Authors: H.-J. Werner, P.J. Knowles, 1987


 Convergence thresholds:  THRVAR = 1.00D-08  THRDEN = 1.00D-06

 Number of optimized states: 2  Roots:    1   2
 Number of reference states: 2  Roots:    1   2

 Program parameters:       NSTATE=  2    NSTATI=  3    NSTATR=  2    NCEPA = -1    NOKOP =  0    ITRDM =  0    ITRANS=  0
                           IDIP  =200    MAXIT =250    MAXITI=250    MAXDAV=  6    MAXVI =  9    NOSING=  0    NOPAIR=  0
                           MXSHRF=  5    IKCPS =  0    IOPTGM=  2    IOPTOR=  0    REFOPT=  1    IAVDEN=  0    IDELCG=  1
                           IREST =  0    NATORB=  0    IPUNRF=  0    ISEP  =  0    OLDDEN=  0    NSTPRI=  1    GPSFLI= -1
                           CLUSTE=  0    CLOSED=  1    ILSTYP=  0    ITRLS =  0    ICCSD =  0    LOCAL =  0    IBASO =  0
                           MP    =  0    ITEDIS=  2    INCDIS=  1    MAXDIS=  6    ITYDIS=  1    BRUECK=  0    IBRSTR=  3
                           INCBRK=  1    TRIPLE=  0    ICCTYP=  1    IHPPD =  0    ICCNEW=  0    I3EXT = -1    IDEB  =  0
                           IDLEIG=  1    IDFTYP=  1    IMP3  =  0    IPROCS=  0    NOINT =  0    NOREF =  1    IMP2G =  0
                           IHINT =  0    IFDIA =  0    ISPARO=  1    JKSYM =  0    CPHF  =  0    MP2D  = -1    DKINT =  0
                           NPKEX =  1    DRVK  =  1    HLSTRA=  1    WIGNER=  1    DIIS_C=  1    MAXIT_= 50    MATEL =  0
                           SPDEG =  1    MEMCPH=  0    DISM  =  1    KDCPMA=  5    IKDCP_=  0    IREDTH=  0    USECS =  0
                           IPROCC=  0    I3SAVE=  1    IKDCP =  1    USECI =  0    OLDPAI=  0    IPROCI=  0    KEEPCL=  1
                           DISCON=  0    SHIFTE=  0    DIISIN=  0    MOLCAS=  0    MEM_PT=  0    RECORD=  0    RS2C  =  0
                           KEXT  = -1    CIPT2 =  0    DECP0S=  0    I4EXT = -1    NATCOR=  0    RIMP2 =  0    DDCI  = -1
                           IPOLAR=  0

 Reference symmetry:                   4   Singlet 
 Number of electrons:                  8
 Maximum number of shells:             4
 Maximum number of spin couplings:     5

 Reference space:        6 conf        9 CSFs
 N elec internal:       45 conf       50 CSFs
 N-1 el internal:       48 conf       72 CSFs
 N-2 el internal:       26 conf       64 CSFs

 Number of electrons in valence space:                      6
 Maximum number of open shell orbitals in reference space:  4
 Maximum number of open shell orbitals in internal spaces:  6


 Number of core orbitals:           1 (   1   0   0   0 )
 Number of active  orbitals:        5 (   3   1   1   0 )
 Number of external orbitals:     201 (  73  49  49  30 )

 Molecular orbitals read from record     2140.2  Type=MCSCF/NATURAL (state averaged)

 Valence orbitals related to previous ones by unitary transformation. Operators transformed.


 Number of p-space configurations:   3

 Reference wavefunction optimized for reference space (refopt=1)

 State     Reference Energy 
     1       -54.82047481
     2       -54.45590270
     3       -54.43268095

 Number of blocks in overlap matrix:     8   Smallest eigenvalue:  0.13D-02
 Number of N-2 electron functions:      35
 Number of N-1 electron functions:      72

 Number of internal configurations:                    9
 Number of singly external configurations:          3575
 Number of doubly external configurations:        180251
 Total number of contracted configurations:       183835
 Total number of uncontracted configurations:     332025

 Diagonal Coupling coefficients finished.               Storage:    6197 words, CPU-Time:      0.00 seconds.
 Energy denominators for pairs finished in 1 passes.    Storage:  121346 words, CPU-time:      0.00 seconds.

  ITER. STATE  ROOT     SQ.NORM     CORR.ENERGY   TOTAL ENERGY   ENERGY CHANGE       DEN1      VAR(S)    VAR(P)      TIME
    1     1     1     1.00000000     0.00000000   -54.82047481     0.00000000    -0.21956770  0.59D-01  0.26D-01     0.15
    1     2     2     1.00000000     0.00000000   -54.45590270     0.00000000    -0.14866237  0.30D-01  0.16D-01     0.15
    2     1     1     1.06638639    -0.19425562   -55.01473043    -0.19425562    -0.00730233  0.18D-02  0.90D-03     0.74
    2     2     2     1.04593329    -0.14943783   -54.60534053    -0.14943783    -0.00338901  0.58D-03  0.52D-03     0.74
    3     1     1     1.06665660    -0.20165816   -55.02213297    -0.00740254    -0.00028626  0.44D-04  0.47D-04     1.33
    3     2     2     1.04779734    -0.15319914   -54.60910185    -0.00376131    -0.00020347  0.61D-04  0.35D-04     1.33
    4     1     1     1.06859431    -0.20199794   -55.02247275    -0.00033978    -0.00001935  0.39D-05  0.30D-05     1.92
    4     2     2     1.04999539    -0.15347038   -54.60937308    -0.00027124    -0.00002834  0.17D-04  0.45D-05     1.92
    5     1     1     1.06930478    -0.20202323   -55.02249804    -0.00002529    -0.00000124  0.16D-06  0.18D-06     2.53
    5     2     2     1.05076117    -0.15351379   -54.60941649    -0.00004341    -0.00000677  0.59D-05  0.84D-06     2.53
    6     1     1     1.06934928    -0.20202471   -55.02249953    -0.00000148    -0.00000009  0.10D-07  0.15D-07     3.12
    6     2     2     1.05121152    -0.15352527   -54.60942797    -0.00001148    -0.00000296  0.32D-05  0.31D-06     3.12
    7     1     1     1.06936017    -0.20202482   -55.02249963    -0.00000011    -0.00000001  0.84D-09  0.13D-08     3.71
    7     2     2     1.05170189    -0.15353018   -54.60943288    -0.00000491    -0.00000160  0.11D-05  0.20D-06     3.71
    8     1     1     1.06936357    -0.20202482   -55.02249963    -0.00000000    -0.00000001  0.48D-09  0.11D-08     4.20
    8     2     2     1.05238161    -0.15353393   -54.60943663    -0.00000376    -0.00000047  0.21D-06  0.77D-07     4.20
    9     1     1     1.06936355    -0.20202482   -55.02249963    -0.00000000    -0.00000001  0.48D-09  0.11D-08     4.66
    9     2     2     1.05248473    -0.15353457   -54.60943727    -0.00000063    -0.00000007  0.24D-07  0.10D-07     4.66
   10     1     1     1.06936435    -0.20202482   -55.02249963    -0.00000000    -0.00000001  0.44D-09  0.11D-08     5.14
   10     2     2     1.05254866    -0.15353467   -54.60943738    -0.00000011    -0.00000001  0.52D-08  0.17D-08     5.14


 =====================================
 Analysis of CPU times by interactions
 =====================================

       I      S      P

 I   0.0%
 S   0.0%   0.0%
 P   0.2%   0.8%  14.4%

 Initialization:   2.9%
 Other:           81.7%

 Total CPU:        5.1 seconds
 =====================================



 gnormi=  0.93513497  gnorms=  0.03803073  gnormp=  0.02683430  gnorm=  1.00000000
 ecorri= -0.18892048  ecorrs= -0.00768256  ecorrp= -0.00542178  ecorr= -0.20202482

 gnormi=  0.95007484  gnorms=  0.03179644  gnormp=  0.01812872  gnorm=  1.00000000
 ecorri= -0.14586943  ecorrs= -0.00487804  ecorrp= -0.00278721  ecorr= -0.15353467

 Reference coefficients greater than 0.0500000
 =============================================
 2/\/\           0.0038178   0.9722358
 220/\           0.9667110   0.0026747
 /2\/\           0.0234195  -0.0659118

 Coefficients of singly external configurations greater than 0.0500000
 =====================================================================

 2200\   5.2     0.0502771  -0.0066662
 220\0   5.3     0.0502771  -0.0066711

 Coefficients of fixed reference functions:
 ==========================================

 State      Coefficients
 1           0.966961   -0.001027
 2           0.005948    0.974666

 Coefficients of rotated reference functions:
 ============================================

 State      Coefficients
 1           0.966959    0.002447
 2           0.002447    0.974681


 RESULTS FOR STATE 1.4
 =====================

 Coefficient of reference function:   C(0) = 0.96696108 (fixed)   0.96702377 (relaxed)   0.96695853 (rotated)

 Energy contributions of configuration classes

 CLASS          SQ.NORM        ECORR1        ECORR2
 +++++++++++++++++++++++++++++++++++++++++++++++++++
 Internals    0.00013494   -0.00000331   -0.12303573
 Singles      0.04067419   -0.07060774   -0.07370142
 Pairs        0.02869952    0.00014344   -0.00528767
 Total        1.06950865   -0.07046762   -0.20202482
 +++++++++++++++++++++++++++++++++++++++++++++++++++


 Reference energy                     -54.82047011
 Nuclear energy                         4.63030060
 Kinetic energy                        55.71674166
 One electron energy                  -83.28570628
 Two electron energy                   23.63290605
 Virial quotient                       -0.98753980
 Correlation energy                    -0.20202953
 !MRCI STATE 1.4 Energy               -55.022499634947

 Properties without orbital relaxation:

 !MRCI STATE 1.4 Dipole moment          0.00000000     0.00000000     0.64370903
 Dipole moment /Debye                   0.00000000     0.00000000     1.63614515

 Cluster corrected energies           -55.03654243 (Davidson, fixed reference)
 Cluster corrected energies           -55.03651328 (Davidson, relaxed reference)
 Cluster corrected energies           -55.03654243 (Davidson, rotated reference)

 Cluster corrected energies           -55.03207280 (Pople, fixed reference)
 Cluster corrected energies           -55.03205250 (Pople, relaxed reference)
 Cluster corrected energies           -55.03207280 (Pople, rotated reference)



 RESULTS FOR STATE 2.4
 =====================

 Coefficient of reference function:   C(0) = 0.97466592 (fixed)   0.97471783 (relaxed)   0.97468100 (rotated)

 Energy contributions of configuration classes

 CLASS          SQ.NORM        ECORR1        ECORR2
 +++++++++++++++++++++++++++++++++++++++++++++++++++
 Internals    0.00007556   -0.00000329   -0.00002092
 Singles      0.03346983   -0.06310769   -0.06483054
 Pairs        0.01908280   -0.09041656   -0.08868322
 Total        1.05262819   -0.15352754   -0.15353467
 +++++++++++++++++++++++++++++++++++++++++++++++++++


 Reference energy                     -54.45590741
 Nuclear energy                         4.63030060
 Kinetic energy                        55.25081889
 One electron energy                  -80.77755191
 Two electron energy                   21.53781394
 Virial quotient                       -0.98839146
 Correlation energy                    -0.15352997
 !MRCI STATE 2.4 Energy               -54.609437376081

 Properties without orbital relaxation:

 !MRCI STATE 2.4 Dipole moment          0.00000000     0.00000000    -1.55381990
 Dipole moment /Debye                   0.00000000     0.00000000    -3.94941625

 Cluster corrected energies           -54.61751738 (Davidson, fixed reference)
 Cluster corrected energies           -54.61750517 (Davidson, relaxed reference)
 Cluster corrected energies           -54.61751738 (Davidson, rotated reference)

 Cluster corrected energies           -54.61491674 (Pople, fixed reference)
 Cluster corrected energies           -54.61490832 (Pople, relaxed reference)
 Cluster corrected energies           -54.61491674 (Pople, rotated reference)


 !MRCI trans          <2.4|DMZ|1.4>    -0.455053237013 au =    -1.156629960293 Debye


 **********************************************************************************************************************************
 DATASETS  * FILE   NREC   LENGTH (MB)   RECORD NAMES
              1      21      259.47       500      700      610      701      900      950      970     1000      129      960   
                                          VAR     GEOM    BASINP    GEOM    SYMINP    ZMAT    AOBASIS   BASIS     P2S    ABASIS    
                                         1100     1400     1410     1200     1210     1080     1600     1650     1300     1700   
                                           S        T        V       H0       H01     AOSYM     SMH    MOLCAS    ERIS     OPER   
                                         1380   
                                         JKOP   

              2       8       17.64       500      610      700     1000      520     2100     2140      701   
                                          VAR    BASINP    GEOM     BASIS   MCVARS     RHF     MCSCF    GEOM   

 PROGRAMS   *        TOTAL        CI     MULTI       INT        CI     MULTI       INT        CI     MULTI       INT        CI
 CPU TIMES  *       266.72      5.17      1.29      8.71      5.18      1.27      8.71      5.16      1.26      8.71      5.70
 REAL TIME  *       285.85 SEC
 DISK USED  *       791.66 MB
 **********************************************************************************************************************************
 SETTING E1(17)         =       -55.02249963  AU                              
 SETTING E2(17)         =       -54.60943738  AU                              

 DO I                   =        18.00000000   


 Using spherical harmonics

 Library entry N      S aug-cc-pV5Z          selected for orbital group  1
 Library entry N      P aug-cc-pV5Z          selected for orbital group  1
 Library entry N      D aug-cc-pV5Z          selected for orbital group  1
 Library entry N      F aug-cc-pV5Z          selected for orbital group  1
 Library entry N      G aug-cc-pV5Z          selected for orbital group  1
 Library entry N      H aug-cc-pV5Z          selected for orbital group  1
 Library entry H      S aug-cc-pV5Z          selected for orbital group  2
 Library entry H      P aug-cc-pV5Z          selected for orbital group  2
 Library entry H      D aug-cc-pV5Z          selected for orbital group  2
 Library entry H      F aug-cc-pV5Z          selected for orbital group  2
 Library entry H      G aug-cc-pV5Z          selected for orbital group  2


 PROGRAM * SEWARD (Integral evaluation for generally contracted gaussian basis sets)     Author: Roland Lindh, 1990

 Geometry written to block  1 of record 701

 Orientation using atomic masses  
 Molecule type: Linear
 Symmetry elements: X,Y
 Rotational constants:     883.4305227    883.4305227      0.0000000 GHz  (calculated with average atomic masses)

 Point group  C2v 



 ATOMIC COORDINATES

 NR  ATOM    CHARGE       X              Y              Z

   1  N       7.00    0.000000000    0.000000000   -0.098949414
   2  H       1.00    0.000000000    0.000000000    1.375036963

 Bond lengths in Bohr (Angstrom)

 1-2  1.473986377
     ( 0.780000000)

 NUCLEAR CHARGE:                    8
 NUMBER OF PRIMITIVE AOS:         307
 NUMBER OF SYMMETRY AOS:          227
 NUMBER OF CONTRACTIONS:          207   (   77A1  +   50B1  +   50B2  +   30A2  )
 NUMBER OF INNER CORE ORBITALS:     0   (    0A1  +    0B1  +    0B2  +    0A2  )
 NUMBER OF OUTER CORE ORBITALS:     1   (    1A1  +    0B1  +    0B2  +    0A2  )
 NUMBER OF VALENCE ORBITALS:        5   (    3A1  +    1B1  +    1B2  +    0A2  )


 NUCLEAR REPULSION ENERGY    4.74902625

 EXTRA SYMMETRY OF AOS IN SYMMETRY 1:   1 1 1 1 1 1 1 1 1 1   1 1 1 1 2 1 2 1 2 1   2 1 2 1 2 1 2 1 2 1   2 1 3 2 1 3 2 1 3 2
                                        2 3 1 2 3 1 1 1 1 1   1 1 1 1 1 1 1 1 2 1   2 1 2 1 2 1 2 1 2 1   2 1 3 2 1 3 2
 EXTRA SYMMETRY OF AOS IN SYMMETRY 2:   1 1 1 1 1 1 1 1 1 1   1 1 2 1 2 1 2 1 2 1   2 1 2 1 2 1 2 3 1 2   3 1 1 1 1 1 1 1 1 1
                                        1 2 1 2 1 2 1 2 1 2
 EXTRA SYMMETRY OF AOS IN SYMMETRY 3:   1 1 1 1 1 1 1 1 1 1   1 1 2 1 2 1 2 1 2 1   2 1 2 1 2 1 2 3 1 2   3 1 1 1 1 1 1 1 1 1
                                        1 2 1 2 1 2 1 2 1 2
 EXTRA SYMMETRY OF AOS IN SYMMETRY 4:   1 1 1 1 1 1 1 1 1 1   2 1 2 1 2 2 1 2 1 1   1 1 1 1 1 1 1 2 1 2

 Eigenvalues of metric

         1 0.780E-05 0.582E-04 0.109E-03 0.157E-03 0.269E-03 0.340E-03 0.797E-03 0.119E-02
         2 0.837E-04 0.552E-03 0.163E-02 0.399E-02 0.494E-02 0.893E-02 0.143E-01 0.179E-01
         3 0.837E-04 0.552E-03 0.163E-02 0.399E-02 0.494E-02 0.893E-02 0.143E-01 0.179E-01
         4 0.130E-02 0.644E-02 0.175E-01 0.330E-01 0.746E-01 0.873E-01 0.163E+00 0.166E+00


 Contracted 2-electron integrals neglected if value below      1.0D-12
 AO integral compression algorithm  1   Integral accuracy      1.0D-12

     294.650 MB (compressed) written to integral file ( 52.3%)


 NUMBER OF SORTED TWO-ELECTRON INTEGRALS:   59167011.     BUFFER LENGTH:  32768
 NUMBER OF SEGMENTS:   4  SEGMENT LENGTH:   15999984      RECORD LENGTH: 524288

 Memory used in sort:      16.56 MW

 SORT1 READ    70490039. AND WROTE    39593913. INTEGRALS IN    116 RECORDS. CPU TIME:     0.78 SEC, REAL TIME:     0.95 SEC
 SORT2 READ    39593913. AND WROTE    59167011. INTEGRALS IN   1124 RECORDS. CPU TIME:     0.67 SEC, REAL TIME:     0.77 SEC

 FILE SIZES:   FILE 1:   325.8 MBYTE,  FILE 4:   486.6 MBYTE,   TOTAL:    812.3 MBYTE

 OPERATOR DM      FOR CENTER  0  COORDINATES:    0.000000    0.000000    0.000000


 **********************************************************************************************************************************
 DATASETS  * FILE   NREC   LENGTH (MB)   RECORD NAMES
              1      20      257.23       500      700      610      701      900      950      970     1000      129      960   
                                          VAR     GEOM    BASINP    GEOM    SYMINP    ZMAT    AOBASIS   BASIS     P2S    ABASIS    
                                         1100     1400     1410     1200     1210     1080     1600     1650     1300     1700   
                                           S        T        V       H0       H01     AOSYM     SMH    MOLCAS    ERIS     OPER   

              2       8       17.64       500      610      700     1000      520     2100     2140      701   
                                          VAR    BASINP    GEOM     BASIS   MCVARS     RHF     MCSCF    GEOM   

 PROGRAMS   *        TOTAL       INT        CI     MULTI       INT        CI     MULTI       INT        CI     MULTI       INT
 CPU TIMES  *       275.41      8.69      5.17      1.29      8.71      5.18      1.27      8.71      5.16      1.26      8.71
 REAL TIME  *       295.00 SEC
 DISK USED  *       792.41 MB
 **********************************************************************************************************************************

 PROGRAM * MULTI (Direct Multiconfiguration SCF)       Authors: P.J. Knowles, H.-J. Werner (1984)
                                                                D.A. Kreplin, P.J. Knowles, H.-J. Werner (2019)

 Number of closed-shell orbitals:   1 (   1   0   0   0 )
 Number of active  orbitals:        5 (   3   1   1   0 )
 Number of external orbitals:     201 (  73  49  49  30 )

 State symmetry 1

 Number of active electrons:   6    Spin symmetry=Singlet   Space symmetry=4
 Number of states:             3
 Number of CSFs:               9   (24 determinants, 100 intermediate states)

 Molecular orbitals read from record     2140.2  Type=MCSCF/NATURAL (state averaged)

 EXTRA SYMMETRY OF MOS IN SYMMETRY 1:   1 1 1 1 1 1 1 2 1 1   1 1 2 1 1 2 1 1 2 1   2 1 1 1 3 2 1 1 2 2   1 1 2 3 1 1 2 1 1 2
                                        3 1 2 1 2 3 1 1 2 1   2 1 1 2 1 1 3 2 1 3   2 1 2 3 1 1 2 2 1 1   1 2 1 2 1 1 1
 EXTRA SYMMETRY OF MOS IN SYMMETRY 2:   1 1 1 1 1 1 2 1 1 1   2 1 1 1 2 1 1 2 1 2   1 1 1 3 2 1 1 2 2 1   1 2 1 1 1 2 3 1 1 1
                                        2 2 1 2 1 2 1 1 1 1
 EXTRA SYMMETRY OF MOS IN SYMMETRY 3:   1 1 1 1 1 1 2 1 1 1   2 1 1 1 2 1 1 2 1 2   1 1 1 3 2 1 1 2 2 1   1 2 1 1 1 2 3 1 1 1
                                        2 2 1 2 1 2 1 1 1 1
 EXTRA SYMMETRY OF MOS IN SYMMETRY 4:   1 1 1 1 1 2 1 1 1 1   2 1 1 2 1 1 2 1 1 1   2 1 2 1 1 2 1 1 1 1

 Wavefunction dump at record             2140.2

 Convergence thresholds  0.10E-04 (gradient)  0.10E-05 (energy)

 Weight factors for state symmetry  1:    0.33333   0.33333   0.33333
 
 Number of orbital rotations:  393  ( 3 closed/active, 73 closed/virtual, 0 active/active, 317 active/virtual )
 Total number of variables:    465
 
  Second-order MCSCF: L-BFGS accelerated
 
 ITER  MIC  NCI  NEG     ENERGY(VAR)    ENERGY(PROJ) ENERGY CHANGE       GRAD(0)  GRAD(ORB)   GRAD(CI)      STEP      TIME
   1    5    3    0    -54.55145815     -54.55163816   -0.00018002    0.03610224 0.00000733 0.00000000  0.12E-01      0.36
   2    9    6    0    -54.55163800     -54.55163800   -0.00000000    0.00004669 0.00000000 0.00000000  0.36E-04      0.74
   3    3    2    0    -54.55163800     -54.55163800   -0.00000000    0.00000000 0.00000000 0.00000000  0.39E-09      1.08

 CONVERGENCE REACHED!  Final gradient:    0.00000000 ( 0.24E-11)
                       Final energy:    -54.55163800
 
 Results for state 1.4
 =====================
 !MCSCF STATE 1.4 Energy                       -54.804061897486
 Nuclear energy                                  4.74902625
 Kinetic energy                                 56.37741941
 One electron energy                           -84.30613348
 Two electron energy                            24.75304533
 Virial ratio                                    1.97209242
 
 !MCSCF STATE 1.4 Dipole moment                  0.00000000     0.00000000     0.78415025
 Dipole moment /Debye                            0.00000000     0.00000000     1.99311113
 
 Results for state 2.4
 =====================
 !MCSCF STATE 2.4 Energy                       -54.437957722327
 Nuclear energy                                  4.74902625
 Kinetic energy                                 54.74481493
 One electron energy                           -80.66144002
 Two electron energy                            21.47445605
 Virial ratio                                    1.99439477
 
 !MCSCF STATE 2.4 Dipole moment                  0.00000000     0.00000000    -1.67165119
 Dipole moment /Debye                            0.00000000     0.00000000    -4.24891351
 
 Results for state 3.4
 =====================
 !MCSCF STATE 3.4 Energy                       -54.412894374315
 Nuclear energy                                  4.74902625
 Kinetic energy                                 54.79460270
 One electron energy                           -80.64911027
 Two electron energy                            21.48718965
 Virial ratio                                    1.99303383
 
 !MCSCF STATE 3.4 Dipole moment                  0.00000000     0.00000000    -1.50102058
 Dipole moment /Debye                            0.00000000     0.00000000    -3.81521376
 
 State-averaged charge density matrix saved on record 2140.2 (density set 1)
 
 Expectation values: (only non-zero values are shown)
 
 !MCSCF expec                       <1.4|DMZ|1.4>     0.784150250532 au =     1.993111133745 Debye
 !MCSCF expec                       <2.4|DMZ|2.4>    -1.671651185467 au =    -4.248913505070 Debye
 !MCSCF expec                       <3.4|DMZ|3.4>    -1.501020576650 au =    -3.815213756891 Debye
 
 Transition values: (only non-zero values with the ground state are shown)
 
 !MCSCF trans                       <1.4|DMZ|2.4>    -0.332257966861 au =    -0.844515515460 Debye
 

 EXTRA SYMMETRY OF MOS IN SYMMETRY 1:   1 1 1 1 1 1 1 2 1 1   1 1 2 1 1 2 1 1 2 1   2 1 1 1 3 2 1 1 2 2   1 2 1 3 1 1 2 1 1 2
                                        3 2 1 1 2 3 1 1 2 1   2 1 1 2 1 1 3 2 1 2   3 1 2 3 1 1 2 2 1 1   1 2 1 2 1 1 1
 EXTRA SYMMETRY OF MOS IN SYMMETRY 2:   1 1 1 1 1 1 2 1 1 1   2 1 1 1 2 1 1 2 1 2   1 1 1 3 2 1 1 2 2 1   1 2 1 1 1 2 3 1 1 1
                                        2 2 2 1 1 2 1 1 1 1
 EXTRA SYMMETRY OF MOS IN SYMMETRY 3:   1 1 1 1 1 1 2 1 1 1   2 1 1 1 2 1 1 2 1 2   1 1 1 3 2 1 1 2 2 1   1 2 1 1 1 2 3 1 1 1
                                        2 2 2 1 1 2 1 1 1 1
 EXTRA SYMMETRY OF MOS IN SYMMETRY 4:   1 1 1 1 1 2 1 1 1 1   2 1 1 2 1 1 2 1 1 1   2 1 1 2 1 2 1 1 1 1
 
 Natural orbital dump (state averaged) at molpro section 2140.2 (Orbital set 2)
 
 Reoptimze the CI vectors with natural orbitals 
 
 CI Coefficients of symmetry 4
 =============================
 
 220 a b       -0.70665799     -0.00276977     -0.00000000
 220 b a        0.70665799      0.00276977      0.00000000
 2bb a a        0.00000000      0.00000000      0.57605441
 2aa b b        0.00000000      0.00000000      0.57605441
 2ab a b        0.00092100     -0.49895352     -0.28802721
 2ba b a        0.00092100     -0.49895352     -0.28802721
 2ab b a       -0.00092100      0.49895352     -0.28802721
 2ba a b       -0.00092100      0.49895352     -0.28802721
 
 Energy:      -54.80406190    -54.43795772    -54.41289437
 


 **********************************************************************************************************************************
 DATASETS  * FILE   NREC   LENGTH (MB)   RECORD NAMES
              1      21      260.15       500      700      610      701      900      950      970     1000      129      960   
                                          VAR     GEOM    BASINP    GEOM    SYMINP    ZMAT    AOBASIS   BASIS     P2S    ABASIS    
                                         1100     1400     1410     1200     1210     1080     1600     1650     1300     1700   
                                           S        T        V       H0       H01     AOSYM     SMH    MOLCAS    ERIS     OPER   
                                         1380   
                                         JKOP   

              2       8       17.64       500      610      700     1000      520     2100     2140      701   
                                          VAR    BASINP    GEOM     BASIS   MCVARS     RHF     MCSCF    GEOM   

 PROGRAMS   *        TOTAL     MULTI       INT        CI     MULTI       INT        CI     MULTI       INT        CI     MULTI
 CPU TIMES  *       276.68      1.27      8.69      5.17      1.29      8.71      5.18      1.27      8.71      5.16      1.26
 REAL TIME  *       296.43 SEC
 DISK USED  *       792.41 MB
 **********************************************************************************************************************************


 PROGRAM * CI (Multireference internally contracted CI)     Authors: H.-J. Werner, P.J. Knowles, 1987


 Convergence thresholds:  THRVAR = 1.00D-08  THRDEN = 1.00D-06

 Number of optimized states: 2  Roots:    1   2
 Number of reference states: 2  Roots:    1   2

 Program parameters:       NSTATE=  2    NSTATI=  3    NSTATR=  2    NCEPA = -1    NOKOP =  0    ITRDM =  0    ITRANS=  0
                           IDIP  =200    MAXIT =250    MAXITI=250    MAXDAV=  6    MAXVI =  9    NOSING=  0    NOPAIR=  0
                           MXSHRF=  5    IKCPS =  0    IOPTGM=  2    IOPTOR=  0    REFOPT=  1    IAVDEN=  0    IDELCG=  1
                           IREST =  0    NATORB=  0    IPUNRF=  0    ISEP  =  0    OLDDEN=  0    NSTPRI=  1    GPSFLI= -1
                           CLUSTE=  0    CLOSED=  1    ILSTYP=  0    ITRLS =  0    ICCSD =  0    LOCAL =  0    IBASO =  0
                           MP    =  0    ITEDIS=  2    INCDIS=  1    MAXDIS=  6    ITYDIS=  1    BRUECK=  0    IBRSTR=  3
                           INCBRK=  1    TRIPLE=  0    ICCTYP=  1    IHPPD =  0    ICCNEW=  0    I3EXT = -1    IDEB  =  0
                           IDLEIG=  1    IDFTYP=  1    IMP3  =  0    IPROCS=  0    NOINT =  0    NOREF =  1    IMP2G =  0
                           IHINT =  0    IFDIA =  0    ISPARO=  1    JKSYM =  0    CPHF  =  0    MP2D  = -1    DKINT =  0
                           NPKEX =  1    DRVK  =  1    HLSTRA=  1    WIGNER=  1    DIIS_C=  1    MAXIT_= 50    MATEL =  0
                           SPDEG =  1    MEMCPH=  0    DISM  =  1    KDCPMA=  5    IKDCP_=  0    IREDTH=  0    USECS =  0
                           IPROCC=  0    I3SAVE=  1    IKDCP =  1    USECI =  0    OLDPAI=  0    IPROCI=  0    KEEPCL=  1
                           DISCON=  0    SHIFTE=  0    DIISIN=  0    MOLCAS=  0    MEM_PT=  0    RECORD=  0    RS2C  =  0
                           KEXT  = -1    CIPT2 =  0    DECP0S=  0    I4EXT = -1    NATCOR=  0    RIMP2 =  0    DDCI  = -1
                           IPOLAR=  0

 Reference symmetry:                   4   Singlet 
 Number of electrons:                  8
 Maximum number of shells:             4
 Maximum number of spin couplings:     5

 Reference space:        6 conf        9 CSFs
 N elec internal:       45 conf       50 CSFs
 N-1 el internal:       48 conf       72 CSFs
 N-2 el internal:       26 conf       64 CSFs

 Number of electrons in valence space:                      6
 Maximum number of open shell orbitals in reference space:  4
 Maximum number of open shell orbitals in internal spaces:  6


 Number of core orbitals:           1 (   1   0   0   0 )
 Number of active  orbitals:        5 (   3   1   1   0 )
 Number of external orbitals:     201 (  73  49  49  30 )

 Molecular orbitals read from record     2140.2  Type=MCSCF/NATURAL (state averaged)

 Valence orbitals related to previous ones by unitary transformation. Operators transformed.


 Number of p-space configurations:   3

 Reference wavefunction optimized for reference space (refopt=1)

 State     Reference Energy 
     1       -54.80406190
     2       -54.43795772
     3       -54.41289437

 Number of blocks in overlap matrix:     8   Smallest eigenvalue:  0.14D-02
 Number of N-2 electron functions:      35
 Number of N-1 electron functions:      72

 Number of internal configurations:                    9
 Number of singly external configurations:          3575
 Number of doubly external configurations:        180251
 Total number of contracted configurations:       183835
 Total number of uncontracted configurations:     332025

 Diagonal Coupling coefficients finished.               Storage:    6197 words, CPU-Time:      0.00 seconds.
 Energy denominators for pairs finished in 1 passes.    Storage:  121346 words, CPU-time:      0.00 seconds.

  ITER. STATE  ROOT     SQ.NORM     CORR.ENERGY   TOTAL ENERGY   ENERGY CHANGE       DEN1      VAR(S)    VAR(P)      TIME
    1     1     1     1.00000000     0.00000000   -54.80406190    -0.00000000    -0.22051046  0.59D-01  0.26D-01     0.16
    1     2     2     1.00000000     0.00000000   -54.43795772     0.00000000    -0.14826348  0.29D-01  0.15D-01     0.16
    2     1     1     1.06619360    -0.19451959   -54.99858149    -0.19451959    -0.00727223  0.18D-02  0.90D-03     0.76
    2     2     2     1.04521016    -0.14907113   -54.58702885    -0.14907113    -0.00329506  0.54D-03  0.50D-03     0.76
    3     1     1     1.06650460    -0.20188536   -55.00594725    -0.00736576    -0.00028612  0.42D-04  0.47D-04     1.35
    3     2     2     1.04708751    -0.15272492   -54.59068264    -0.00365379    -0.00019474  0.57D-04  0.34D-04     1.35
    4     1     1     1.06842260    -0.20222548   -55.00628738    -0.00034012    -0.00001953  0.39D-05  0.31D-05     1.95
    4     2     2     1.04917942    -0.15298461   -54.59094233    -0.00025970    -0.00002696  0.15D-04  0.43D-05     1.95
    5     1     1     1.06912410    -0.20225083   -55.00631273    -0.00002535    -0.00000125  0.16D-06  0.19D-06     2.54
    5     2     2     1.04985984    -0.15302532   -54.59098305    -0.00004071    -0.00000617  0.53D-05  0.79D-06     2.54
    6     1     1     1.06916982    -0.20225233   -55.00631423    -0.00000150    -0.00000009  0.10D-07  0.15D-07     3.13
    6     2     2     1.05024095    -0.15303563   -54.59099335    -0.00001031    -0.00000263  0.30D-05  0.27D-06     3.13
    7     1     1     1.06918148    -0.20225243   -55.00631433    -0.00000011    -0.00000001  0.82D-09  0.13D-08     3.73
    7     2     2     1.05068077    -0.15304004   -54.59099776    -0.00000440    -0.00000145  0.99D-06  0.18D-06     3.73
    8     1     1     1.06918495    -0.20225244   -55.00631433    -0.00000000    -0.00000001  0.48D-09  0.11D-08     4.21
    8     2     2     1.05129917    -0.15304349   -54.59100122    -0.00000346    -0.00000045  0.19D-06  0.74D-07     4.21
    9     1     1     1.06918488    -0.20225244   -55.00631433     0.00000000    -0.00000001  0.48D-09  0.11D-08     4.69
    9     2     2     1.05139460    -0.15304411   -54.59100183    -0.00000061    -0.00000007  0.24D-07  0.10D-07     4.69
   10     1     1     1.06918581    -0.20225244   -55.00631433    -0.00000000    -0.00000001  0.44D-09  0.11D-08     5.15
   10     2     2     1.05145522    -0.15304421   -54.59100194    -0.00000011    -0.00000001  0.53D-08  0.16D-08     5.15


 =====================================
 Analysis of CPU times by interactions
 =====================================

       I      S      P

 I   0.2%
 S   0.0%   0.4%
 P   0.6%   0.2%  14.6%

 Initialization:   3.1%
 Other:           81.0%

 Total CPU:        5.1 seconds
 =====================================



 gnormi=  0.93529113  gnorms=  0.03820108  gnormp=  0.02650779  gnorm=  1.00000000
 ecorri= -0.18916491  ecorrs= -0.00772589  ecorrp= -0.00536164  ecorr= -0.20225244

 gnormi=  0.95106285  gnorms=  0.03098903  gnormp=  0.01794812  gnorm=  1.00000000
 ecorri= -0.14555467  ecorrs= -0.00473867  ecorrp= -0.00275087  ecorr= -0.15304421

 Reference coefficients greater than 0.0500000
 =============================================
 2/\/\          -0.0015354   0.9728086
 220/\           0.9668007   0.0072849
 /2\/\           0.0234118  -0.0645059

 Coefficients of singly external configurations greater than 0.0500000
 =====================================================================

 220\0   5.3     0.0503379  -0.0051388
 2200\   5.2     0.0503379  -0.0051341

 Coefficients of fixed reference functions:
 ==========================================

 State      Coefficients
 1           0.967047    0.000891
 2           0.003276    0.975189

 Coefficients of rotated reference functions:
 ============================================

 State      Coefficients
 1           0.967046    0.002079
 2           0.002079    0.975192


 RESULTS FOR STATE 1.4
 =====================

 Coefficient of reference function:   C(0) = 0.96704733 (fixed)   0.96710451 (relaxed)   0.96704551 (rotated)

 Energy contributions of configuration classes

 CLASS          SQ.NORM        ECORR1        ECORR2
 +++++++++++++++++++++++++++++++++++++++++++++++++++
 Internals    0.00012202   -0.00000097   -0.12229495
 Singles      0.04084903   -0.07098018   -0.07410492
 Pairs        0.02834521   -0.00052496   -0.00585257
 Total        1.06931627   -0.07150611   -0.20225244
 +++++++++++++++++++++++++++++++++++++++++++++++++++


 Reference energy                     -54.80406135
 Nuclear energy                         4.74902625
 Kinetic energy                        55.78605686
 One electron energy                  -83.46780790
 Two electron energy                   23.71246731
 Virial quotient                       -0.98602263
 Correlation energy                    -0.20225299
 !MRCI STATE 1.4 Energy               -55.006314334042

 Properties without orbital relaxation:

 !MRCI STATE 1.4 Dipole moment          0.00000000     0.00000000     0.64382593
 Dipole moment /Debye                   0.00000000     0.00000000     1.63644229

 Cluster corrected energies           -55.02033376 (Davidson, fixed reference)
 Cluster corrected energies           -55.02030737 (Davidson, relaxed reference)
 Cluster corrected energies           -55.02033376 (Davidson, rotated reference)

 Cluster corrected energies           -55.01587099 (Pople, fixed reference)
 Cluster corrected energies           -55.01585262 (Pople, relaxed reference)
 Cluster corrected energies           -55.01587099 (Pople, rotated reference)



 RESULTS FOR STATE 2.4
 =====================

 Coefficient of reference function:   C(0) = 0.97518868 (fixed)   0.97522451 (relaxed)   0.97519196 (rotated)

 Energy contributions of configuration classes

 CLASS          SQ.NORM        ECORR1        ECORR2
 +++++++++++++++++++++++++++++++++++++++++++++++++++
 Internals    0.00006676   -0.00000096   -0.00001228
 Singles      0.03258575   -0.06263807   -0.06430744
 Pairs        0.01887290   -0.09040345   -0.08872449
 Total        1.05152541   -0.15304247   -0.15304421
 +++++++++++++++++++++++++++++++++++++++++++++++++++


 Reference energy                     -54.43795827
 Nuclear energy                         4.74902625
 Kinetic energy                        55.31310438
 One electron energy                  -80.93517887
 Two electron energy                   21.59515069
 Virial quotient                       -0.98694518
 Correlation energy                    -0.15304366
 !MRCI STATE 2.4 Energy               -54.591001935073

 Properties without orbital relaxation:

 !MRCI STATE 2.4 Dipole moment          0.00000000     0.00000000    -1.55458382
 Dipole moment /Debye                   0.00000000     0.00000000    -3.95135795

 Cluster corrected energies           -54.59888757 (Davidson, fixed reference)
 Cluster corrected energies           -54.59887683 (Davidson, relaxed reference)
 Cluster corrected energies           -54.59888757 (Davidson, rotated reference)

 Cluster corrected energies           -54.59634763 (Pople, fixed reference)
 Cluster corrected energies           -54.59634023 (Pople, relaxed reference)
 Cluster corrected energies           -54.59634763 (Pople, rotated reference)


 !MRCI trans          <2.4|DMZ|1.4>    -0.432391011736 au =    -1.099028329120 Debye


 **********************************************************************************************************************************
 DATASETS  * FILE   NREC   LENGTH (MB)   RECORD NAMES
              1      21      260.15       500      700      610      701      900      950      970     1000      129      960   
                                          VAR     GEOM    BASINP    GEOM    SYMINP    ZMAT    AOBASIS   BASIS     P2S    ABASIS    
                                         1100     1400     1410     1200     1210     1080     1600     1650     1300     1700   
                                           S        T        V       H0       H01     AOSYM     SMH    MOLCAS    ERIS     OPER   
                                         1380   
                                         JKOP   

              2       8       17.64       500      610      700     1000      520     2100     2140      701   
                                          VAR    BASINP    GEOM     BASIS   MCVARS     RHF     MCSCF    GEOM   

 PROGRAMS   *        TOTAL        CI     MULTI       INT        CI     MULTI       INT        CI     MULTI       INT        CI
 CPU TIMES  *       281.86      5.18      1.27      8.69      5.17      1.29      8.71      5.18      1.27      8.71      5.16
 REAL TIME  *       302.13 SEC
 DISK USED  *       792.41 MB
 **********************************************************************************************************************************
 SETTING E1(18)         =       -55.00631433  AU                              
 SETTING E2(18)         =       -54.59100194  AU                              

 DO I                   =        19.00000000   


 Using spherical harmonics

 Library entry N      S aug-cc-pV5Z          selected for orbital group  1
 Library entry N      P aug-cc-pV5Z          selected for orbital group  1
 Library entry N      D aug-cc-pV5Z          selected for orbital group  1
 Library entry N      F aug-cc-pV5Z          selected for orbital group  1
 Library entry N      G aug-cc-pV5Z          selected for orbital group  1
 Library entry N      H aug-cc-pV5Z          selected for orbital group  1
 Library entry H      S aug-cc-pV5Z          selected for orbital group  2
 Library entry H      P aug-cc-pV5Z          selected for orbital group  2
 Library entry H      D aug-cc-pV5Z          selected for orbital group  2
 Library entry H      F aug-cc-pV5Z          selected for orbital group  2
 Library entry H      G aug-cc-pV5Z          selected for orbital group  2


 PROGRAM * SEWARD (Integral evaluation for generally contracted gaussian basis sets)     Author: Roland Lindh, 1990

 Geometry written to block  1 of record 701

 Orientation using atomic masses  
 Molecule type: Linear
 Symmetry elements: X,Y
 Rotational constants:     930.5386600    930.5386600      0.0000000 GHz  (calculated with average atomic masses)

 Point group  C2v 



 ATOMIC COORDINATES

 NR  ATOM    CHARGE       X              Y              Z

   1  N       7.00    0.000000000    0.000000000   -0.096412250
   2  H       1.00    0.000000000    0.000000000    1.339779605

 Bond lengths in Bohr (Angstrom)

 1-2  1.436191855
     ( 0.760000000)

 NUCLEAR CHARGE:                    8
 NUMBER OF PRIMITIVE AOS:         307
 NUMBER OF SYMMETRY AOS:          227
 NUMBER OF CONTRACTIONS:          207   (   77A1  +   50B1  +   50B2  +   30A2  )
 NUMBER OF INNER CORE ORBITALS:     0   (    0A1  +    0B1  +    0B2  +    0A2  )
 NUMBER OF OUTER CORE ORBITALS:     1   (    1A1  +    0B1  +    0B2  +    0A2  )
 NUMBER OF VALENCE ORBITALS:        5   (    3A1  +    1B1  +    1B2  +    0A2  )


 NUCLEAR REPULSION ENERGY    4.87400063

 EXTRA SYMMETRY OF AOS IN SYMMETRY 1:   1 1 1 1 1 1 1 1 1 1   1 1 1 1 2 1 2 1 2 1   2 1 2 1 2 1 2 1 2 1   2 1 3 2 1 3 2 1 3 2
                                        2 3 1 2 3 1 1 1 1 1   1 1 1 1 1 1 1 1 2 1   2 1 2 1 2 1 2 1 2 1   2 1 3 2 1 3 2
 EXTRA SYMMETRY OF AOS IN SYMMETRY 2:   1 1 1 1 1 1 1 1 1 1   1 1 2 1 2 1 2 1 2 1   2 1 2 1 2 1 2 3 1 2   3 1 1 1 1 1 1 1 1 1
                                        1 2 1 2 1 2 1 2 1 2
 EXTRA SYMMETRY OF AOS IN SYMMETRY 3:   1 1 1 1 1 1 1 1 1 1   1 1 2 1 2 1 2 1 2 1   2 1 2 1 2 1 2 3 1 2   3 1 1 1 1 1 1 1 1 1
                                        1 2 1 2 1 2 1 2 1 2
 EXTRA SYMMETRY OF AOS IN SYMMETRY 4:   1 1 1 1 1 1 1 1 1 1   2 1 2 1 2 2 1 2 1 1   1 1 1 1 1 1 1 2 1 2

 Eigenvalues of metric

         1 0.736E-05 0.561E-04 0.969E-04 0.141E-03 0.260E-03 0.320E-03 0.739E-03 0.107E-02
         2 0.751E-04 0.511E-03 0.151E-02 0.377E-02 0.475E-02 0.812E-02 0.134E-01 0.168E-01
         3 0.751E-04 0.511E-03 0.151E-02 0.377E-02 0.475E-02 0.812E-02 0.134E-01 0.168E-01
         4 0.120E-02 0.586E-02 0.162E-01 0.308E-01 0.717E-01 0.844E-01 0.155E+00 0.160E+00


 Contracted 2-electron integrals neglected if value below      1.0D-12
 AO integral compression algorithm  1   Integral accuracy      1.0D-12

     295.698 MB (compressed) written to integral file ( 52.4%)


 NUMBER OF SORTED TWO-ELECTRON INTEGRALS:   59167011.     BUFFER LENGTH:  32768
 NUMBER OF SEGMENTS:   4  SEGMENT LENGTH:   15999984      RECORD LENGTH: 524288

 Memory used in sort:      16.56 MW

 SORT1 READ    70490039. AND WROTE    39593907. INTEGRALS IN    116 RECORDS. CPU TIME:     0.79 SEC, REAL TIME:     0.95 SEC
 SORT2 READ    39593907. AND WROTE    59167011. INTEGRALS IN   1128 RECORDS. CPU TIME:     0.65 SEC, REAL TIME:     0.77 SEC

 FILE SIZES:   FILE 1:   326.8 MBYTE,  FILE 4:   486.6 MBYTE,   TOTAL:    813.4 MBYTE

 OPERATOR DM      FOR CENTER  0  COORDINATES:    0.000000    0.000000    0.000000


 **********************************************************************************************************************************
 DATASETS  * FILE   NREC   LENGTH (MB)   RECORD NAMES
              1      20      257.91       500      700      610      701      900      950      970     1000      129      960   
                                          VAR     GEOM    BASINP    GEOM    SYMINP    ZMAT    AOBASIS   BASIS     P2S    ABASIS    
                                         1100     1400     1410     1200     1210     1080     1600     1650     1300     1700   
                                           S        T        V       H0       H01     AOSYM     SMH    MOLCAS    ERIS     OPER   

              2       8       17.64       500      610      700     1000      520     2100     2140      701   
                                          VAR    BASINP    GEOM     BASIS   MCVARS     RHF     MCSCF    GEOM   

 PROGRAMS   *        TOTAL       INT        CI     MULTI       INT        CI     MULTI       INT        CI     MULTI       INT
 CPU TIMES  *       290.57      8.70      5.18      1.27      8.69      5.17      1.29      8.71      5.18      1.27      8.71
 REAL TIME  *       311.28 SEC
 DISK USED  *       793.41 MB
 **********************************************************************************************************************************

 PROGRAM * MULTI (Direct Multiconfiguration SCF)       Authors: P.J. Knowles, H.-J. Werner (1984)
                                                                D.A. Kreplin, P.J. Knowles, H.-J. Werner (2019)

 Number of closed-shell orbitals:   1 (   1   0   0   0 )
 Number of active  orbitals:        5 (   3   1   1   0 )
 Number of external orbitals:     201 (  73  49  49  30 )

 State symmetry 1

 Number of active electrons:   6    Spin symmetry=Singlet   Space symmetry=4
 Number of states:             3
 Number of CSFs:               9   (24 determinants, 100 intermediate states)

 Molecular orbitals read from record     2140.2  Type=MCSCF/NATURAL (state averaged)

 EXTRA SYMMETRY OF MOS IN SYMMETRY 1:   1 1 1 1 1 1 1 2 1 1   1 1 2 1 1 2 1 1 2 1   2 1 1 1 3 2 1 1 2 2   1 2 1 3 1 1 2 1 1 2
                                        3 2 1 1 2 3 1 1 2 1   2 1 1 2 1 1 3 2 1 2   3 1 2 3 1 1 2 2 1 1   1 2 1 2 1 1 1
 EXTRA SYMMETRY OF MOS IN SYMMETRY 2:   1 1 1 1 1 1 2 1 1 1   2 1 1 1 2 1 1 2 1 2   1 1 1 3 2 1 1 2 2 1   1 2 1 1 1 2 3 1 1 1
                                        2 2 2 1 1 2 1 1 1 1
 EXTRA SYMMETRY OF MOS IN SYMMETRY 3:   1 1 1 1 1 1 2 1 1 1   2 1 1 1 2 1 1 2 1 2   1 1 1 3 2 1 1 2 2 1   1 2 1 1 1 2 3 1 1 1
                                        2 2 2 1 1 2 1 1 1 1
 EXTRA SYMMETRY OF MOS IN SYMMETRY 4:   1 1 1 1 1 2 1 1 1 1   2 1 1 2 1 1 2 1 1 1   2 1 1 2 1 2 1 1 1 1

 Wavefunction dump at record             2140.2

 Convergence thresholds  0.10E-04 (gradient)  0.10E-05 (energy)

 Weight factors for state symmetry  1:    0.33333   0.33333   0.33333
 
 Number of orbital rotations:  393  ( 3 closed/active, 73 closed/virtual, 0 active/active, 317 active/virtual )
 Total number of variables:    465
 
  Second-order MCSCF: L-BFGS accelerated
 
 ITER  MIC  NCI  NEG     ENERGY(VAR)    ENERGY(PROJ) ENERGY CHANGE       GRAD(0)  GRAD(ORB)   GRAD(CI)      STEP      TIME
   1    5    3    0    -54.53070951     -54.53089665   -0.00018714    0.03805605 0.00000397 0.00000000  0.11E-01      0.36
   2    9    6    0    -54.53089648     -54.53089648   -0.00000000    0.00004796 0.00000000 0.00000000  0.36E-04      0.74
   3    3    2    0    -54.53089648     -54.53089648    0.00000000    0.00000000 0.00000000 0.00000000  0.28E-09      1.08

 CONVERGENCE REACHED!  Final gradient:    0.00000000 ( 0.35E-11)
                       Final energy:    -54.53089648
 
 Results for state 1.4
 =====================
 !MCSCF STATE 1.4 Energy                       -54.784943180217
 Nuclear energy                                  4.87400063
 Kinetic energy                                 56.46062422
 One electron energy                           -84.50083347
 Two electron energy                            24.84188967
 Virial ratio                                    1.97032124
 
 !MCSCF STATE 1.4 Dipole moment                  0.00000000     0.00000000     0.78326644
 Dipole moment /Debye                            0.00000000     0.00000000     1.99086472
 
 Results for state 2.4
 =====================
 !MCSCF STATE 2.4 Energy                       -54.417258539877
 Nuclear energy                                  4.87400063
 Kinetic energy                                 54.81075671
 One electron energy                           -80.82580231
 Two electron energy                            21.53454315
 Virial ratio                                    1.99282079
 
 !MCSCF STATE 2.4 Dipole moment                  0.00000000     0.00000000    -1.66424029
 Dipole moment /Debye                            0.00000000     0.00000000    -4.23007690
 
 Results for state 3.4
 =====================
 !MCSCF STATE 3.4 Energy                       -54.390487713053
 Nuclear energy                                  4.87400063
 Kinetic energy                                 54.85207137
 One electron energy                           -80.80756013
 Two electron energy                            21.54307179
 Virial ratio                                    1.99158494
 
 !MCSCF STATE 3.4 Dipole moment                  0.00000000     0.00000000    -1.49515943
 Dipole moment /Debye                            0.00000000     0.00000000    -3.80031622
 
 State-averaged charge density matrix saved on record 2140.2 (density set 1)
 
 Expectation values: (only non-zero values are shown)
 
 !MCSCF expec                       <1.4|DMZ|1.4>     0.783266442904 au =     1.990864718821 Debye
 !MCSCF expec                       <2.4|DMZ|2.4>    -1.664240293772 au =    -4.230076897243 Debye
 !MCSCF expec                       <3.4|DMZ|3.4>    -1.495159434416 au =    -3.800316219289 Debye
 
 Transition values: (only non-zero values with the ground state are shown)
 
 !MCSCF trans                       <1.4|DMZ|2.4>    -0.300231394126 au =    -0.763112087162 Debye
 

 EXTRA SYMMETRY OF MOS IN SYMMETRY 1:   1 1 1 1 1 1 1 2 1 1   1 1 2 1 1 2 1 1 2 1   2 1 1 1 3 2 1 2 1 2   1 2 1 3 1 1 2 1 1 2
                                        3 2 1 1 2 3 1 1 2 1   2 1 1 2 1 1 3 2 1 2   3 1 2 3 1 1 2 2 1 1   2 1 1 2 1 1 1
 
 Natural orbital dump (state averaged) at molpro section 2140.2 (Orbital set 2)
 
 Reoptimze the CI vectors with natural orbitals 
 
 CI Coefficients of symmetry 4
 =============================
 
 220 a b       -0.70664160     -0.00787148      0.00000000
 220 b a        0.70664160      0.00787148     -0.00000000
 2bb a a       -0.00000000      0.00000000      0.57610061
 2aa b b       -0.00000000      0.00000000      0.57610061
 2ab a b        0.00455928     -0.49895464     -0.28805030
 2ba b a        0.00455928     -0.49895464     -0.28805030
 2ab b a       -0.00455928      0.49895464     -0.28805030
 2ba a b       -0.00455928      0.49895464     -0.28805030
 
 Energy:      -54.78494318    -54.41725854    -54.39048771
 


 **********************************************************************************************************************************
 DATASETS  * FILE   NREC   LENGTH (MB)   RECORD NAMES
              1      21      260.83       500      700      610      701      900      950      970     1000      129      960   
                                          VAR     GEOM    BASINP    GEOM    SYMINP    ZMAT    AOBASIS   BASIS     P2S    ABASIS    
                                         1100     1400     1410     1200     1210     1080     1600     1650     1300     1700   
                                           S        T        V       H0       H01     AOSYM     SMH    MOLCAS    ERIS     OPER   
                                         1380   
                                         JKOP   

              2       8       17.64       500      610      700     1000      520     2100     2140      701   
                                          VAR    BASINP    GEOM     BASIS   MCVARS     RHF     MCSCF    GEOM   

 PROGRAMS   *        TOTAL     MULTI       INT        CI     MULTI       INT        CI     MULTI       INT        CI     MULTI
 CPU TIMES  *       291.85      1.28      8.70      5.18      1.27      8.69      5.17      1.29      8.71      5.18      1.27
 REAL TIME  *       312.72 SEC
 DISK USED  *       793.41 MB
 **********************************************************************************************************************************


 PROGRAM * CI (Multireference internally contracted CI)     Authors: H.-J. Werner, P.J. Knowles, 1987


 Convergence thresholds:  THRVAR = 1.00D-08  THRDEN = 1.00D-06

 Number of optimized states: 2  Roots:    1   2
 Number of reference states: 2  Roots:    1   2

 Program parameters:       NSTATE=  2    NSTATI=  3    NSTATR=  2    NCEPA = -1    NOKOP =  0    ITRDM =  0    ITRANS=  0
                           IDIP  =200    MAXIT =250    MAXITI=250    MAXDAV=  6    MAXVI =  9    NOSING=  0    NOPAIR=  0
                           MXSHRF=  5    IKCPS =  0    IOPTGM=  2    IOPTOR=  0    REFOPT=  1    IAVDEN=  0    IDELCG=  1
                           IREST =  0    NATORB=  0    IPUNRF=  0    ISEP  =  0    OLDDEN=  0    NSTPRI=  1    GPSFLI= -1
                           CLUSTE=  0    CLOSED=  1    ILSTYP=  0    ITRLS =  0    ICCSD =  0    LOCAL =  0    IBASO =  0
                           MP    =  0    ITEDIS=  2    INCDIS=  1    MAXDIS=  6    ITYDIS=  1    BRUECK=  0    IBRSTR=  3
                           INCBRK=  1    TRIPLE=  0    ICCTYP=  1    IHPPD =  0    ICCNEW=  0    I3EXT = -1    IDEB  =  0
                           IDLEIG=  1    IDFTYP=  1    IMP3  =  0    IPROCS=  0    NOINT =  0    NOREF =  1    IMP2G =  0
                           IHINT =  0    IFDIA =  0    ISPARO=  1    JKSYM =  0    CPHF  =  0    MP2D  = -1    DKINT =  0
                           NPKEX =  1    DRVK  =  1    HLSTRA=  1    WIGNER=  1    DIIS_C=  1    MAXIT_= 50    MATEL =  0
                           SPDEG =  1    MEMCPH=  0    DISM  =  1    KDCPMA=  5    IKDCP_=  0    IREDTH=  0    USECS =  0
                           IPROCC=  0    I3SAVE=  1    IKDCP =  1    USECI =  0    OLDPAI=  0    IPROCI=  0    KEEPCL=  1
                           DISCON=  0    SHIFTE=  0    DIISIN=  0    MOLCAS=  0    MEM_PT=  0    RECORD=  0    RS2C  =  0
                           KEXT  = -1    CIPT2 =  0    DECP0S=  0    I4EXT = -1    NATCOR=  0    RIMP2 =  0    DDCI  = -1
                           IPOLAR=  0

 Reference symmetry:                   4   Singlet 
 Number of electrons:                  8
 Maximum number of shells:             4
 Maximum number of spin couplings:     5

 Reference space:        6 conf        9 CSFs
 N elec internal:       45 conf       50 CSFs
 N-1 el internal:       48 conf       72 CSFs
 N-2 el internal:       26 conf       64 CSFs

 Number of electrons in valence space:                      6
 Maximum number of open shell orbitals in reference space:  4
 Maximum number of open shell orbitals in internal spaces:  6


 Number of core orbitals:           1 (   1   0   0   0 )
 Number of active  orbitals:        5 (   3   1   1   0 )
 Number of external orbitals:     201 (  73  49  49  30 )

 Molecular orbitals read from record     2140.2  Type=MCSCF/NATURAL (state averaged)

 Valence orbitals related to previous ones by unitary transformation. Operators transformed.


 Number of p-space configurations:   3

 Reference wavefunction optimized for reference space (refopt=1)

 State     Reference Energy 
     1       -54.78494318
     2       -54.41725854
     3       -54.39048771

 Number of blocks in overlap matrix:     8   Smallest eigenvalue:  0.14D-02
 Number of N-2 electron functions:      35
 Number of N-1 electron functions:      72

 Number of internal configurations:                    9
 Number of singly external configurations:          3575
 Number of doubly external configurations:        180251
 Total number of contracted configurations:       183835
 Total number of uncontracted configurations:     332025

 Diagonal Coupling coefficients finished.               Storage:    6197 words, CPU-Time:      0.00 seconds.
 Energy denominators for pairs finished in 1 passes.    Storage:  121346 words, CPU-time:      0.00 seconds.

  ITER. STATE  ROOT     SQ.NORM     CORR.ENERGY   TOTAL ENERGY   ENERGY CHANGE       DEN1      VAR(S)    VAR(P)      TIME
    1     1     1     1.00000000     0.00000000   -54.78494318     0.00000000    -0.21978466  0.60D-01  0.25D-01     0.16
    1     2     2     1.00000000     0.00000000   -54.41725854    -0.00000000    -0.14764965  0.29D-01  0.15D-01     0.16
    2     1     1     1.06620399    -0.19462150   -54.97956468    -0.19462150    -0.00732938  0.18D-02  0.90D-03     0.75
    2     2     2     1.04448845    -0.14871010   -54.56596864    -0.14871010    -0.00321192  0.50D-03  0.49D-03     0.75
    3     1     1     1.06630996    -0.20209309   -54.98703627    -0.00747158    -0.00028778  0.43D-04  0.46D-04     1.34
    3     2     2     1.04641647    -0.15229440   -54.56955294    -0.00358429    -0.00019239  0.54D-04  0.33D-04     1.34
    4     1     1     1.06821724    -0.20243582   -54.98737901    -0.00034274    -0.00001962  0.38D-05  0.31D-05     1.93
    4     2     2     1.04844860    -0.15255153   -54.56981007    -0.00025713    -0.00002727  0.13D-04  0.46D-05     1.93
    5     1     1     1.06893346    -0.20246143   -54.98740461    -0.00002561    -0.00000130  0.16D-06  0.19D-06     2.52
    5     2     2     1.04904402    -0.15259150   -54.56985004    -0.00003997    -0.00000610  0.47D-05  0.86D-06     2.52
    6     1     1     1.06897968    -0.20246298   -54.98740616    -0.00000155    -0.00000010  0.99D-08  0.16D-07     3.11
    6     2     2     1.04934164    -0.15260101   -54.56985955    -0.00000951    -0.00000237  0.27D-05  0.25D-06     3.11
    7     1     1     1.06899074    -0.20246309   -54.98740627    -0.00000011    -0.00000001  0.85D-09  0.14D-08     3.70
    7     2     2     1.04972666    -0.15260495   -54.56986349    -0.00000394    -0.00000131  0.96D-06  0.16D-06     3.70
    8     1     1     1.06899437    -0.20246309   -54.98740627    -0.00000000    -0.00000001  0.53D-09  0.12D-08     4.18
    8     2     2     1.05028297    -0.15260814   -54.56986668    -0.00000319    -0.00000047  0.18D-06  0.81D-07     4.18
    9     1     1     1.06899443    -0.20246309   -54.98740627    -0.00000000    -0.00000001  0.54D-09  0.12D-08     4.65
    9     2     2     1.05038149    -0.15260880   -54.56986734    -0.00000066    -0.00000009  0.29D-07  0.14D-07     4.65
   10     1     1     1.06899557    -0.20246309   -54.98740627    -0.00000000    -0.00000001  0.51D-09  0.12D-08     5.14
   10     2     2     1.05045365    -0.15260894   -54.56986748    -0.00000014    -0.00000002  0.55D-08  0.25D-08     5.14


 =====================================
 Analysis of CPU times by interactions
 =====================================

       I      S      P

 I   0.0%
 S   0.2%   0.6%
 P   0.4%   0.4%  14.2%

 Initialization:   2.9%
 Other:           81.3%

 Total CPU:        5.1 seconds
 =====================================



 gnormi=  0.93545757  gnorms=  0.03835340  gnormp=  0.02618903  gnorm=  1.00000000
 ecorri= -0.18939563  ecorrs= -0.00776458  ecorrp= -0.00530288  ecorr= -0.20246309

 gnormi=  0.95196965  gnorms=  0.03026073  gnormp=  0.01776961  gnorm=  1.00000000
 ecorri= -0.14527908  ecorrs= -0.00461303  ecorrp= -0.00271683  ecorr= -0.15260894

 Reference coefficients greater than 0.0500000
 =============================================
 2/\/\          -0.0067060   0.9733171
 220/\           0.9668679   0.0117364
 /2\/\           0.0233683  -0.0631353

 Coefficients of singly external configurations greater than 0.0500000
 =====================================================================

 220\0   5.3     0.0503949  -0.0036909
 2200\   5.2     0.0503948  -0.0036863

 Coefficients of fixed reference functions:
 ==========================================

 State      Coefficients
 1           0.967135    0.002726
 2           0.000708    0.975662

 Coefficients of rotated reference functions:
 ============================================

 State      Coefficients
 1           0.967137    0.001721
 2           0.001721    0.975660


 RESULTS FOR STATE 1.4
 =====================

 Coefficient of reference function:   C(0) = 0.96713492 (fixed)   0.96719055 (relaxed)   0.96713722 (rotated)

 Energy contributions of configuration classes

 CLASS          SQ.NORM        ECORR1        ECORR2
 +++++++++++++++++++++++++++++++++++++++++++++++++++
 Internals    0.00011029    0.00000068   -0.12158110
 Singles      0.04100414   -0.07134016   -0.07449292
 Pairs        0.02799904   -0.00116127   -0.00638908
 Total        1.06911347   -0.07250075   -0.20246309
 +++++++++++++++++++++++++++++++++++++++++++++++++++


 Reference energy                     -54.78494278
 Nuclear energy                         4.87400063
 Kinetic energy                        55.86015408
 One electron energy                  -83.65597527
 Two electron energy                   23.79456837
 Virial quotient                       -0.98437620
 Correlation energy                    -0.20246349
 !MRCI STATE 1.4 Energy               -54.987406274953

 Properties without orbital relaxation:

 !MRCI STATE 1.4 Dipole moment          0.00000000     0.00000000     0.64362320
 Dipole moment /Debye                   0.00000000     0.00000000     1.63592700

 Cluster corrected energies           -55.00139923 (Davidson, fixed reference)
 Cluster corrected energies           -55.00137536 (Davidson, relaxed reference)
 Cluster corrected energies           -55.00139923 (Davidson, rotated reference)

 Cluster corrected energies           -54.99694429 (Pople, fixed reference)
 Cluster corrected energies           -54.99692768 (Pople, relaxed reference)
 Cluster corrected energies           -54.99694429 (Pople, rotated reference)



 RESULTS FOR STATE 2.4
 =====================

 Coefficient of reference function:   C(0) = 0.97566172 (fixed)   0.97568932 (relaxed)   0.97566046 (rotated)

 Energy contributions of configuration classes

 CLASS          SQ.NORM        ECORR1        ECORR2
 +++++++++++++++++++++++++++++++++++++++++++++++++++
 Internals    0.00005916    0.00000067   -0.00000710
 Singles      0.03178938   -0.06220710   -0.06382880
 Pairs        0.01866726   -0.09040341   -0.08877304
 Total        1.05051580   -0.15260984   -0.15260894
 +++++++++++++++++++++++++++++++++++++++++++++++++++


 Reference energy                     -54.41725894
 Nuclear energy                         4.87400063
 Kinetic energy                        55.38063648
 One electron energy                  -81.09999794
 Two electron energy                   21.65612983
 Virial quotient                       -0.98536006
 Correlation energy                    -0.15260854
 !MRCI STATE 2.4 Energy               -54.569867479528

 Properties without orbital relaxation:

 !MRCI STATE 2.4 Dipole moment          0.00000000     0.00000000    -1.55481776
 Dipole moment /Debye                   0.00000000     0.00000000    -3.95195255

 Cluster corrected energies           -54.57757662 (Davidson, fixed reference)
 Cluster corrected energies           -54.57756714 (Davidson, relaxed reference)
 Cluster corrected energies           -54.57757662 (Davidson, rotated reference)

 Cluster corrected energies           -54.57509187 (Pople, fixed reference)
 Cluster corrected energies           -54.57508534 (Pople, relaxed reference)
 Cluster corrected energies           -54.57509187 (Pople, rotated reference)


 !MRCI trans          <2.4|DMZ|1.4>    -0.410511971892 au =    -1.043417356761 Debye


 **********************************************************************************************************************************
 DATASETS  * FILE   NREC   LENGTH (MB)   RECORD NAMES
              1      21      260.83       500      700      610      701      900      950      970     1000      129      960   
                                          VAR     GEOM    BASINP    GEOM    SYMINP    ZMAT    AOBASIS   BASIS     P2S    ABASIS    
                                         1100     1400     1410     1200     1210     1080     1600     1650     1300     1700   
                                           S        T        V       H0       H01     AOSYM     SMH    MOLCAS    ERIS     OPER   
                                         1380   
                                         JKOP   

              2       8       17.64       500      610      700     1000      520     2100     2140      701   
                                          VAR    BASINP    GEOM     BASIS   MCVARS     RHF     MCSCF    GEOM   

 PROGRAMS   *        TOTAL        CI     MULTI       INT        CI     MULTI       INT        CI     MULTI       INT        CI
 CPU TIMES  *       297.01      5.16      1.28      8.70      5.18      1.27      8.69      5.17      1.29      8.71      5.18
 REAL TIME  *       318.40 SEC
 DISK USED  *       793.41 MB
 **********************************************************************************************************************************
 SETTING E1(19)         =       -54.98740627  AU                              
 SETTING E2(19)         =       -54.56986748  AU                              

 DO I                   =        20.00000000   


 Using spherical harmonics

 Library entry N      S aug-cc-pV5Z          selected for orbital group  1
 Library entry N      P aug-cc-pV5Z          selected for orbital group  1
 Library entry N      D aug-cc-pV5Z          selected for orbital group  1
 Library entry N      F aug-cc-pV5Z          selected for orbital group  1
 Library entry N      G aug-cc-pV5Z          selected for orbital group  1
 Library entry N      H aug-cc-pV5Z          selected for orbital group  1
 Library entry H      S aug-cc-pV5Z          selected for orbital group  2
 Library entry H      P aug-cc-pV5Z          selected for orbital group  2
 Library entry H      D aug-cc-pV5Z          selected for orbital group  2
 Library entry H      F aug-cc-pV5Z          selected for orbital group  2
 Library entry H      G aug-cc-pV5Z          selected for orbital group  2


 PROGRAM * SEWARD (Integral evaluation for generally contracted gaussian basis sets)     Author: Roland Lindh, 1990

 Geometry written to block  1 of record 701

 Orientation using atomic masses  
 Molecule type: Linear
 Symmetry elements: X,Y
 Rotational constants:     981.5177685    981.5177685      0.0000000 GHz  (calculated with average atomic masses)

 Point group  C2v 



 ATOMIC COORDINATES

 NR  ATOM    CHARGE       X              Y              Z

   1  N       7.00    0.000000000    0.000000000   -0.093875085
   2  H       1.00    0.000000000    0.000000000    1.304522247

 Bond lengths in Bohr (Angstrom)

 1-2  1.398397332
     ( 0.740000000)

 NUCLEAR CHARGE:                    8
 NUMBER OF PRIMITIVE AOS:         307
 NUMBER OF SYMMETRY AOS:          227
 NUMBER OF CONTRACTIONS:          207   (   77A1  +   50B1  +   50B2  +   30A2  )
 NUMBER OF INNER CORE ORBITALS:     0   (    0A1  +    0B1  +    0B2  +    0A2  )
 NUMBER OF OUTER CORE ORBITALS:     1   (    1A1  +    0B1  +    0B2  +    0A2  )
 NUMBER OF VALENCE ORBITALS:        5   (    3A1  +    1B1  +    1B2  +    0A2  )


 NUCLEAR REPULSION ENERGY    5.00573037

 EXTRA SYMMETRY OF AOS IN SYMMETRY 1:   1 1 1 1 1 1 1 1 1 1   1 1 1 1 2 1 2 1 2 1   2 1 2 1 2 1 2 1 2 1   2 1 3 2 1 3 2 1 3 2
                                        2 3 1 2 3 1 1 1 1 1   1 1 1 1 1 1 1 1 2 1   2 1 2 1 2 1 2 1 2 1   2 1 3 2 1 3 2
 EXTRA SYMMETRY OF AOS IN SYMMETRY 2:   1 1 1 1 1 1 1 1 1 1   1 1 2 1 2 1 2 1 2 1   2 1 2 1 2 1 2 3 1 2   3 1 1 1 1 1 1 1 1 1
                                        1 2 1 2 1 2 1 2 1 2
 EXTRA SYMMETRY OF AOS IN SYMMETRY 3:   1 1 1 1 1 1 1 1 1 1   1 1 2 1 2 1 2 1 2 1   2 1 2 1 2 1 2 3 1 2   3 1 1 1 1 1 1 1 1 1
                                        1 2 1 2 1 2 1 2 1 2
 EXTRA SYMMETRY OF AOS IN SYMMETRY 4:   1 1 1 1 1 1 1 1 1 1   2 1 2 1 2 2 1 2 1 1   1 1 1 1 1 1 1 2 1 2

 Eigenvalues of metric

         1 0.693E-05 0.537E-04 0.855E-04 0.127E-03 0.253E-03 0.301E-03 0.663E-03 0.989E-03
         2 0.675E-04 0.471E-03 0.139E-02 0.353E-02 0.456E-02 0.737E-02 0.125E-01 0.157E-01
         3 0.675E-04 0.471E-03 0.139E-02 0.353E-02 0.456E-02 0.737E-02 0.125E-01 0.157E-01
         4 0.109E-02 0.532E-02 0.151E-01 0.288E-01 0.681E-01 0.817E-01 0.147E+00 0.154E+00


 Contracted 2-electron integrals neglected if value below      1.0D-12
 AO integral compression algorithm  1   Integral accuracy      1.0D-12

     296.223 MB (compressed) written to integral file ( 52.6%)


 NUMBER OF SORTED TWO-ELECTRON INTEGRALS:   59167011.     BUFFER LENGTH:  32768
 NUMBER OF SEGMENTS:   4  SEGMENT LENGTH:   15999984      RECORD LENGTH: 524288

 Memory used in sort:      16.56 MW

 SORT1 READ    70490039. AND WROTE    39593904. INTEGRALS IN    116 RECORDS. CPU TIME:     0.78 SEC, REAL TIME:     0.95 SEC
 SORT2 READ    39593904. AND WROTE    59167011. INTEGRALS IN   1130 RECORDS. CPU TIME:     0.67 SEC, REAL TIME:     0.78 SEC

 FILE SIZES:   FILE 1:   327.3 MBYTE,  FILE 4:   486.6 MBYTE,   TOTAL:    813.9 MBYTE

 OPERATOR DM      FOR CENTER  0  COORDINATES:    0.000000    0.000000    0.000000


 **********************************************************************************************************************************
 DATASETS  * FILE   NREC   LENGTH (MB)   RECORD NAMES
              1      20      258.57       500      700      610      701      900      950      970     1000      129      960   
                                          VAR     GEOM    BASINP    GEOM    SYMINP    ZMAT    AOBASIS   BASIS     P2S    ABASIS    
                                         1100     1400     1410     1200     1210     1080     1600     1650     1300     1700   
                                           S        T        V       H0       H01     AOSYM     SMH    MOLCAS    ERIS     OPER   

              2       8       17.64       500      610      700     1000      520     2100     2140      701   
                                          VAR    BASINP    GEOM     BASIS   MCVARS     RHF     MCSCF    GEOM   

 PROGRAMS   *        TOTAL       INT        CI     MULTI       INT        CI     MULTI       INT        CI     MULTI       INT
 CPU TIMES  *       305.74      8.73      5.16      1.28      8.70      5.18      1.27      8.69      5.17      1.29      8.71
 REAL TIME  *       327.56 SEC
 DISK USED  *       793.91 MB
 **********************************************************************************************************************************

 PROGRAM * MULTI (Direct Multiconfiguration SCF)       Authors: P.J. Knowles, H.-J. Werner (1984)
                                                                D.A. Kreplin, P.J. Knowles, H.-J. Werner (2019)

 Number of closed-shell orbitals:   1 (   1   0   0   0 )
 Number of active  orbitals:        5 (   3   1   1   0 )
 Number of external orbitals:     201 (  73  49  49  30 )

 State symmetry 1

 Number of active electrons:   6    Spin symmetry=Singlet   Space symmetry=4
 Number of states:             3
 Number of CSFs:               9   (24 determinants, 100 intermediate states)

 Molecular orbitals read from record     2140.2  Type=MCSCF/NATURAL (state averaged)

 EXTRA SYMMETRY OF MOS IN SYMMETRY 1:   1 1 1 1 1 1 1 2 1 1   1 1 2 1 1 2 1 1 2 1   2 1 1 1 3 2 1 2 1 2   1 2 1 3 1 1 2 1 1 2
                                        3 2 1 1 2 3 1 1 2 1   2 1 1 2 1 1 3 2 1 2   3 1 2 3 1 1 2 2 1 1   2 1 1 2 1 1 1
 EXTRA SYMMETRY OF MOS IN SYMMETRY 2:   1 1 1 1 1 1 2 1 1 1   2 1 1 1 2 1 1 2 1 2   1 1 1 3 2 1 1 2 2 1   1 2 1 1 1 2 3 1 1 1
                                        2 2 2 1 1 2 1 1 1 1
 EXTRA SYMMETRY OF MOS IN SYMMETRY 3:   1 1 1 1 1 1 2 1 1 1   2 1 1 1 2 1 1 2 1 2   1 1 1 3 2 1 1 2 2 1   1 2 1 1 1 2 3 1 1 1
                                        2 2 2 1 1 2 1 1 1 1
 EXTRA SYMMETRY OF MOS IN SYMMETRY 4:   1 1 1 1 1 2 1 1 1 1   2 1 1 2 1 1 2 1 1 1   2 1 1 2 1 2 1 1 1 1

 Wavefunction dump at record             2140.2

 Convergence thresholds  0.10E-04 (gradient)  0.10E-05 (energy)

 Weight factors for state symmetry  1:    0.33333   0.33333   0.33333
 
 Number of orbital rotations:  393  ( 3 closed/active, 73 closed/virtual, 0 active/active, 317 active/virtual )
 Total number of variables:    465
 
  Second-order MCSCF: L-BFGS accelerated
 
 ITER  MIC  NCI  NEG     ENERGY(VAR)    ENERGY(PROJ) ENERGY CHANGE       GRAD(0)  GRAD(ORB)   GRAD(CI)      STEP      TIME
   1    5    3    0    -54.50690362     -54.50709843   -0.00019481    0.04020886 0.00000537 0.00000000  0.11E-01      0.37
   2    9    6    0    -54.50709825     -54.50709825   -0.00000000    0.00004973 0.00000000 0.00000000  0.35E-04      0.75
   3    3    2    0    -54.50709825     -54.50709825   -0.00000000    0.00000000 0.00000000 0.00000000  0.24E-09      1.09

 CONVERGENCE REACHED!  Final gradient:    0.00000000 ( 0.29E-11)
                       Final energy:    -54.50709825
 
 Results for state 1.4
 =====================
 !MCSCF STATE 1.4 Energy                       -54.762758169740
 Nuclear energy                                  5.00573037
 Kinetic energy                                 56.54835897
 One electron energy                           -84.70111149
 Two electron energy                            24.93262295
 Virial ratio                                    1.96842347
 
 !MCSCF STATE 1.4 Dipole moment                  0.00000000     0.00000000     0.78155019
 Dipole moment /Debye                            0.00000000     0.00000000     1.98650244
 
 Results for state 2.4
 =====================
 !MCSCF STATE 2.4 Energy                       -54.393446041603
 Nuclear energy                                  5.00573037
 Kinetic energy                                 54.88286655
 One electron energy                           -80.99828820
 Two electron energy                            21.59911179
 Virial ratio                                    1.99108245
 
 !MCSCF STATE 2.4 Dipole moment                  0.00000000     0.00000000    -1.65610865
 Dipole moment /Debye                            0.00000000     0.00000000    -4.20940833
 
 Results for state 3.4
 =====================
 !MCSCF STATE 3.4 Energy                       -54.365090552675
 Nuclear energy                                  5.00573037
 Kinetic energy                                 54.91542944
 One electron energy                           -80.97359986
 Two electron energy                            21.60277894
 Virial ratio                                    1.98997843
 
 !MCSCF STATE 3.4 Dipole moment                  0.00000000     0.00000000    -1.48931974
 Dipole moment /Debye                            0.00000000     0.00000000    -3.78547318
 
 State-averaged charge density matrix saved on record 2140.2 (density set 1)
 
 Expectation values: (only non-zero values are shown)
 
 !MCSCF expec                       <1.4|DMZ|1.4>     0.781550191033 au =     1.986502441682 Debye
 !MCSCF expec                       <2.4|DMZ|2.4>    -1.656108652971 au =    -4.209408327914 Debye
 !MCSCF expec                       <3.4|DMZ|3.4>    -1.489319735403 au =    -3.785473184919 Debye
 
 Transition values: (only non-zero values with the ground state are shown)
 
 !MCSCF trans                       <1.4|DMZ|2.4>    -0.269836395143 au =    -0.685855705695 Debye
 

 EXTRA SYMMETRY OF MOS IN SYMMETRY 1:   1 1 1 1 1 1 1 2 1 1   1 1 2 1 1 2 1 1 2 1   2 1 1 1 3 2 1 2 1 2   1 2 1 3 1 1 2 1 1 2
                                        3 1 2 1 2 3 1 1 2 1   2 1 1 2 1 1 3 2 1 2   3 1 2 3 1 1 2 1 2 1   2 1 1 2 1 1 1
 
 Natural orbital dump (state averaged) at molpro section 2140.2 (Orbital set 2)
 
 Reoptimze the CI vectors with natural orbitals 
 
 CI Coefficients of symmetry 4
 =============================
 
 220 a b       -0.70659117     -0.01277498      0.00000000
 220 b a        0.70659117      0.01277498     -0.00000000
 2bb a a        0.00000000     -0.00000000      0.57614412
 2aa b b        0.00000000      0.00000000      0.57614412
 2ab b a       -0.00805710      0.49893173     -0.28807206
 2ab a b        0.00805710     -0.49893173     -0.28807206
 2ba b a        0.00805710     -0.49893173     -0.28807206
 2ba a b       -0.00805710      0.49893173     -0.28807206
 
 Energy:      -54.76275817    -54.39344604    -54.36509055
 


 **********************************************************************************************************************************
 DATASETS  * FILE   NREC   LENGTH (MB)   RECORD NAMES
              1      21      261.49       500      700      610      701      900      950      970     1000      129      960   
                                          VAR     GEOM    BASINP    GEOM    SYMINP    ZMAT    AOBASIS   BASIS     P2S    ABASIS    
                                         1100     1400     1410     1200     1210     1080     1600     1650     1300     1700   
                                           S        T        V       H0       H01     AOSYM     SMH    MOLCAS    ERIS     OPER   
                                         1380   
                                         JKOP   

              2       8       17.64       500      610      700     1000      520     2100     2140      701   
                                          VAR    BASINP    GEOM     BASIS   MCVARS     RHF     MCSCF    GEOM   

 PROGRAMS   *        TOTAL     MULTI       INT        CI     MULTI       INT        CI     MULTI       INT        CI     MULTI
 CPU TIMES  *       307.03      1.29      8.73      5.16      1.28      8.70      5.18      1.27      8.69      5.17      1.29
 REAL TIME  *       329.01 SEC
 DISK USED  *       793.91 MB
 **********************************************************************************************************************************


 PROGRAM * CI (Multireference internally contracted CI)     Authors: H.-J. Werner, P.J. Knowles, 1987


 Convergence thresholds:  THRVAR = 1.00D-08  THRDEN = 1.00D-06

 Number of optimized states: 2  Roots:    1   2
 Number of reference states: 2  Roots:    1   2

 Program parameters:       NSTATE=  2    NSTATI=  3    NSTATR=  2    NCEPA = -1    NOKOP =  0    ITRDM =  0    ITRANS=  0
                           IDIP  =200    MAXIT =250    MAXITI=250    MAXDAV=  6    MAXVI =  9    NOSING=  0    NOPAIR=  0
                           MXSHRF=  5    IKCPS =  0    IOPTGM=  2    IOPTOR=  0    REFOPT=  1    IAVDEN=  0    IDELCG=  1
                           IREST =  0    NATORB=  0    IPUNRF=  0    ISEP  =  0    OLDDEN=  0    NSTPRI=  1    GPSFLI= -1
                           CLUSTE=  0    CLOSED=  1    ILSTYP=  0    ITRLS =  0    ICCSD =  0    LOCAL =  0    IBASO =  0
                           MP    =  0    ITEDIS=  2    INCDIS=  1    MAXDIS=  6    ITYDIS=  1    BRUECK=  0    IBRSTR=  3
                           INCBRK=  1    TRIPLE=  0    ICCTYP=  1    IHPPD =  0    ICCNEW=  0    I3EXT = -1    IDEB  =  0
                           IDLEIG=  1    IDFTYP=  1    IMP3  =  0    IPROCS=  0    NOINT =  0    NOREF =  1    IMP2G =  0
                           IHINT =  0    IFDIA =  0    ISPARO=  1    JKSYM =  0    CPHF  =  0    MP2D  = -1    DKINT =  0
                           NPKEX =  1    DRVK  =  1    HLSTRA=  1    WIGNER=  1    DIIS_C=  1    MAXIT_= 50    MATEL =  0
                           SPDEG =  1    MEMCPH=  0    DISM  =  1    KDCPMA=  5    IKDCP_=  0    IREDTH=  0    USECS =  0
                           IPROCC=  0    I3SAVE=  1    IKDCP =  1    USECI =  0    OLDPAI=  0    IPROCI=  0    KEEPCL=  1
                           DISCON=  0    SHIFTE=  0    DIISIN=  0    MOLCAS=  0    MEM_PT=  0    RECORD=  0    RS2C  =  0
                           KEXT  = -1    CIPT2 =  0    DECP0S=  0    I4EXT = -1    NATCOR=  0    RIMP2 =  0    DDCI  = -1
                           IPOLAR=  0

 Reference symmetry:                   4   Singlet 
 Number of electrons:                  8
 Maximum number of shells:             4
 Maximum number of spin couplings:     5

 Reference space:        6 conf        9 CSFs
 N elec internal:       45 conf       50 CSFs
 N-1 el internal:       48 conf       72 CSFs
 N-2 el internal:       26 conf       64 CSFs

 Number of electrons in valence space:                      6
 Maximum number of open shell orbitals in reference space:  4
 Maximum number of open shell orbitals in internal spaces:  6


 Number of core orbitals:           1 (   1   0   0   0 )
 Number of active  orbitals:        5 (   3   1   1   0 )
 Number of external orbitals:     201 (  73  49  49  30 )

 Molecular orbitals read from record     2140.2  Type=MCSCF/NATURAL (state averaged)

 Valence orbitals related to previous ones by unitary transformation. Operators transformed.


 Number of p-space configurations:   3

 Reference wavefunction optimized for reference space (refopt=1)

 State     Reference Energy 
     1       -54.76275817
     2       -54.39344604
     3       -54.36509055

 Number of blocks in overlap matrix:     8   Smallest eigenvalue:  0.14D-02
 Number of N-2 electron functions:      35
 Number of N-1 electron functions:      72

 Number of internal configurations:                    9
 Number of singly external configurations:          3575
 Number of doubly external configurations:        180251
 Total number of contracted configurations:       183835
 Total number of uncontracted configurations:     332025

 Diagonal Coupling coefficients finished.               Storage:    6197 words, CPU-Time:      0.00 seconds.
 Energy denominators for pairs finished in 1 passes.    Storage:  121346 words, CPU-time:      0.00 seconds.

  ITER. STATE  ROOT     SQ.NORM     CORR.ENERGY   TOTAL ENERGY   ENERGY CHANGE       DEN1      VAR(S)    VAR(P)      TIME
    1     1     1     1.00000000     0.00000000   -54.76275817     0.00000000    -0.21892548  0.60D-01  0.24D-01     0.15
    1     2     2     1.00000000     0.00000000   -54.39344604     0.00000000    -0.14706156  0.28D-01  0.15D-01     0.15
    2     1     1     1.06612485    -0.19457217   -54.95733034    -0.19457217    -0.00747936  0.18D-02  0.91D-03     0.76
    2     2     2     1.04381590    -0.14838313   -54.54182917    -0.14838313    -0.00314652  0.47D-03  0.47D-03     0.76
    3     1     1     1.06608492    -0.20226779   -54.96502596    -0.00769563    -0.00030218  0.44D-04  0.47D-04     1.36
    3     2     2     1.04579247    -0.15191290   -54.54535894    -0.00352977    -0.00019188  0.52D-04  0.34D-04     1.36
    4     1     1     1.06800988    -0.20263072   -54.96538889    -0.00036292    -0.00002054  0.37D-05  0.32D-05     1.96
    4     2     2     1.04777019    -0.15216940   -54.54561544    -0.00025650    -0.00002862  0.12D-04  0.52D-05     1.96
    5     1     1     1.06873016    -0.20265760   -54.96541577    -0.00002688    -0.00000143  0.17D-06  0.22D-06     2.55
    5     2     2     1.04830113    -0.15220963   -54.54565567    -0.00004023    -0.00000642  0.41D-05  0.10D-05     2.55
    6     1     1     1.06877708    -0.20265931   -54.96541748    -0.00000171    -0.00000011  0.10D-07  0.19D-07     3.15
    6     2     2     1.04852111    -0.15221883   -54.54566487    -0.00000920    -0.00000222  0.25D-05  0.25D-06     3.15
    7     1     1     1.06878827    -0.20265945   -54.96541762    -0.00000013    -0.00000001  0.96D-09  0.18D-08     3.76
    7     2     2     1.04885072    -0.15222241   -54.54566845    -0.00000358    -0.00000117  0.96D-06  0.15D-06     3.76
    8     1     1     1.06879204    -0.20265945   -54.96541762    -0.00000000    -0.00000001  0.66D-09  0.16D-08     4.24
    8     2     2     1.04933706    -0.15222530   -54.54567135    -0.00000290    -0.00000051  0.20D-06  0.93D-07     4.24
    9     1     1     1.06879218    -0.20265945   -54.96541762    -0.00000000    -0.00000001  0.67D-09  0.16D-08     4.71
    9     2     2     1.04944791    -0.15222605   -54.54567209    -0.00000074    -0.00000013  0.40D-07  0.23D-07     4.71
   10     1     1     1.06879336    -0.20265945   -54.96541762    -0.00000000    -0.00000001  0.67D-09  0.16D-08     5.19
   10     2     2     1.04953992    -0.15222625   -54.54567229    -0.00000020    -0.00000003  0.64D-08  0.45D-08     5.19
   11     1     1     1.06879294    -0.20265945   -54.96541762    -0.00000000    -0.00000001  0.61D-09  0.16D-08     5.67
   11     2     2     1.04954044    -0.15222628   -54.54567232    -0.00000003    -0.00000000  0.24D-08  0.55D-09     5.67


 =====================================
 Analysis of CPU times by interactions
 =====================================

       I      S      P

 I   0.0%
 S   0.0%   0.2%
 P   0.4%   0.4%  14.5%

 Initialization:   2.6%
 Other:           82.0%

 Total CPU:        5.7 seconds
 =====================================



 gnormi=  0.93563492  gnorms=  0.03848605  gnormp=  0.02587902  gnorm=  1.00000000
 ecorri= -0.18961526  ecorrs= -0.00779901  ecorrp= -0.00524518  ecorr= -0.20265945

 gnormi=  0.95279797  gnorms=  0.02960657  gnormp=  0.01759546  gnorm=  1.00000000
 ecorri= -0.14504089  ecorrs= -0.00450811  ecorrp= -0.00267728  ecorr= -0.15222628

 Reference coefficients greater than 0.0500000
 =============================================
 2/\/\          -0.0116935   0.9737644
 220/\           0.9669157   0.0160395
 /2\/\           0.0232933  -0.0618029

 Coefficients of singly external configurations greater than 0.0500000
 =====================================================================

 220\0   5.3     0.0504478  -0.0023264
 2200\   5.2     0.0504478  -0.0023222

 Coefficients of fixed reference functions:
 ==========================================

 State      Coefficients
 1           0.967225    0.004475
 2          -0.001743    0.976087

 Coefficients of rotated reference functions:
 ============================================

 State      Coefficients
 1           0.967234    0.001380
 2           0.001380    0.976088


 RESULTS FOR STATE 1.4
 =====================

 Coefficient of reference function:   C(0) = 0.96722466 (fixed)   0.96728224 (relaxed)   0.96723403 (rotated)

 Energy contributions of configuration classes

 CLASS          SQ.NORM        ECORR1        ECORR2
 +++++++++++++++++++++++++++++++++++++++++++++++++++
 Internals    0.00009969    0.00000169   -0.12089815
 Singles      0.04113772   -0.07168558   -0.07486385
 Pairs        0.02766207   -0.00176610   -0.00689744
 Total        1.06889949   -0.07344999   -0.20265945
 +++++++++++++++++++++++++++++++++++++++++++++++++++


 Reference energy                     -54.76275439
 Nuclear energy                         5.00573037
 Kinetic energy                        55.93939347
 One electron energy                  -83.85050769
 Two electron energy                   23.87935970
 Virial quotient                       -0.98258873
 Correlation energy                    -0.20266323
 !MRCI STATE 1.4 Energy               -54.965417617180

 Properties without orbital relaxation:

 !MRCI STATE 1.4 Dipole moment          0.00000000     0.00000000     0.64311444
 Dipole moment /Debye                   0.00000000     0.00000000     1.63463385

 Cluster corrected energies           -54.97938101 (Davidson, fixed reference)
 Cluster corrected energies           -54.97935942 (Davidson, relaxed reference)
 Cluster corrected energies           -54.97938101 (Davidson, rotated reference)

 Cluster corrected energies           -54.97493486 (Pople, fixed reference)
 Cluster corrected energies           -54.97491983 (Pople, relaxed reference)
 Cluster corrected energies           -54.97493486 (Pople, rotated reference)



 RESULTS FOR STATE 2.4
 =====================

 Coefficient of reference function:   C(0) = 0.97608742 (fixed)   0.97611371 (relaxed)   0.97608800 (rotated)

 Energy contributions of configuration classes

 CLASS          SQ.NORM        ECORR1        ECORR2
 +++++++++++++++++++++++++++++++++++++++++++++++++++
 Internals    0.00005268    0.00000167   -0.00000506
 Singles      0.03107493   -0.06180615   -0.06339378
 Pairs        0.01846812   -0.09042283   -0.08882744
 Total        1.04959572   -0.15222732   -0.15222628
 +++++++++++++++++++++++++++++++++++++++++++++++++++


 Reference energy                     -54.39344982
 Nuclear energy                         5.00573037
 Kinetic energy                        55.45377582
 One electron energy                  -81.27215906
 Two electron energy                   21.72075637
 Virial quotient                       -0.98362414
 Correlation energy                    -0.15222250
 !MRCI STATE 2.4 Energy               -54.545672317939

 Properties without orbital relaxation:

 !MRCI STATE 2.4 Dipole moment          0.00000000     0.00000000    -1.55469752
 Dipole moment /Debye                   0.00000000     0.00000000    -3.95164693

 Cluster corrected energies           -54.55322190 (Davidson, fixed reference)
 Cluster corrected energies           -54.55321349 (Davidson, relaxed reference)
 Cluster corrected energies           -54.55322190 (Davidson, rotated reference)

 Cluster corrected energies           -54.55078709 (Pople, fixed reference)
 Cluster corrected energies           -54.55078130 (Pople, relaxed reference)
 Cluster corrected energies           -54.55078709 (Pople, rotated reference)


 !MRCI trans          <2.4|DMZ|1.4>    -0.389347076545 au =    -0.989621558658 Debye


 **********************************************************************************************************************************
 DATASETS  * FILE   NREC   LENGTH (MB)   RECORD NAMES
              1      21      261.49       500      700      610      701      900      950      970     1000      129      960   
                                          VAR     GEOM    BASINP    GEOM    SYMINP    ZMAT    AOBASIS   BASIS     P2S    ABASIS    
                                         1100     1400     1410     1200     1210     1080     1600     1650     1300     1700   
                                           S        T        V       H0       H01     AOSYM     SMH    MOLCAS    ERIS     OPER   
                                         1380   
                                         JKOP   

              2       8       17.64       500      610      700     1000      520     2100     2140      701   
                                          VAR    BASINP    GEOM     BASIS   MCVARS     RHF     MCSCF    GEOM   

 PROGRAMS   *        TOTAL        CI     MULTI       INT        CI     MULTI       INT        CI     MULTI       INT        CI
 CPU TIMES  *       312.73      5.70      1.29      8.73      5.16      1.28      8.70      5.18      1.27      8.69      5.17
 REAL TIME  *       335.23 SEC
 DISK USED  *       793.91 MB
 **********************************************************************************************************************************
 SETTING E1(20)         =       -54.96541762  AU                              
 SETTING E2(20)         =       -54.54567232  AU                              

 DO I                   =        21.00000000   


 Using spherical harmonics

 Library entry N      S aug-cc-pV5Z          selected for orbital group  1
 Library entry N      P aug-cc-pV5Z          selected for orbital group  1
 Library entry N      D aug-cc-pV5Z          selected for orbital group  1
 Library entry N      F aug-cc-pV5Z          selected for orbital group  1
 Library entry N      G aug-cc-pV5Z          selected for orbital group  1
 Library entry N      H aug-cc-pV5Z          selected for orbital group  1
 Library entry H      S aug-cc-pV5Z          selected for orbital group  2
 Library entry H      P aug-cc-pV5Z          selected for orbital group  2
 Library entry H      D aug-cc-pV5Z          selected for orbital group  2
 Library entry H      F aug-cc-pV5Z          selected for orbital group  2
 Library entry H      G aug-cc-pV5Z          selected for orbital group  2


 PROGRAM * SEWARD (Integral evaluation for generally contracted gaussian basis sets)     Author: Roland Lindh, 1990

 Geometry written to block  1 of record 701

 Orientation using atomic masses  
 Molecule type: Linear
 Symmetry elements: X,Y
 Rotational constants:    1036.8038774   1036.8038774      0.0000000 GHz  (calculated with average atomic masses)

 Point group  C2v 



 ATOMIC COORDINATES

 NR  ATOM    CHARGE       X              Y              Z

   1  N       7.00    0.000000000    0.000000000   -0.091337921
   2  H       1.00    0.000000000    0.000000000    1.269264889

 Bond lengths in Bohr (Angstrom)

 1-2  1.360602810
     ( 0.720000000)

 NUCLEAR CHARGE:                    8
 NUMBER OF PRIMITIVE AOS:         307
 NUMBER OF SYMMETRY AOS:          227
 NUMBER OF CONTRACTIONS:          207   (   77A1  +   50B1  +   50B2  +   30A2  )
 NUMBER OF INNER CORE ORBITALS:     0   (    0A1  +    0B1  +    0B2  +    0A2  )
 NUMBER OF OUTER CORE ORBITALS:     1   (    1A1  +    0B1  +    0B2  +    0A2  )
 NUMBER OF VALENCE ORBITALS:        5   (    3A1  +    1B1  +    1B2  +    0A2  )


 NUCLEAR REPULSION ENERGY    5.14477844

 EXTRA SYMMETRY OF AOS IN SYMMETRY 1:   1 1 1 1 1 1 1 1 1 1   1 1 1 1 2 1 2 1 2 1   2 1 2 1 2 1 2 1 2 1   2 1 3 2 1 3 2 1 3 2
                                        2 3 1 2 3 1 1 1 1 1   1 1 1 1 1 1 1 1 2 1   2 1 2 1 2 1 2 1 2 1   2 1 3 2 1 3 2
 EXTRA SYMMETRY OF AOS IN SYMMETRY 2:   1 1 1 1 1 1 1 1 1 1   1 1 2 1 2 1 2 1 2 1   2 1 2 1 2 1 2 3 1 2   3 1 1 1 1 1 1 1 1 1
                                        1 2 1 2 1 2 1 2 1 2
 EXTRA SYMMETRY OF AOS IN SYMMETRY 3:   1 1 1 1 1 1 1 1 1 1   1 1 2 1 2 1 2 1 2 1   2 1 2 1 2 1 2 3 1 2   3 1 1 1 1 1 1 1 1 1
                                        1 2 1 2 1 2 1 2 1 2
 EXTRA SYMMETRY OF AOS IN SYMMETRY 4:   1 1 1 1 1 1 1 1 1 1   2 1 2 1 2 2 1 2 1 1   1 1 1 1 1 1 1 2 1 2

 Eigenvalues of metric

         1 0.651E-05 0.509E-04 0.754E-04 0.115E-03 0.248E-03 0.284E-03 0.580E-03 0.941E-03
         2 0.609E-04 0.430E-03 0.129E-02 0.327E-02 0.439E-02 0.669E-02 0.116E-01 0.148E-01
         3 0.609E-04 0.430E-03 0.129E-02 0.327E-02 0.439E-02 0.669E-02 0.116E-01 0.148E-01
         4 0.998E-03 0.484E-02 0.142E-01 0.268E-01 0.638E-01 0.793E-01 0.140E+00 0.147E+00


 Contracted 2-electron integrals neglected if value below      1.0D-12
 AO integral compression algorithm  1   Integral accuracy      1.0D-12

     297.009 MB (compressed) written to integral file ( 52.7%)


 NUMBER OF SORTED TWO-ELECTRON INTEGRALS:   59167011.     BUFFER LENGTH:  32768
 NUMBER OF SEGMENTS:   4  SEGMENT LENGTH:   15999984      RECORD LENGTH: 524288

 Memory used in sort:      16.56 MW

 SORT1 READ    70490039. AND WROTE    39593902. INTEGRALS IN    116 RECORDS. CPU TIME:     0.80 SEC, REAL TIME:     0.94 SEC
 SORT2 READ    39593902. AND WROTE    59167011. INTEGRALS IN   1133 RECORDS. CPU TIME:     0.65 SEC, REAL TIME:     0.77 SEC

 FILE SIZES:   FILE 1:   328.1 MBYTE,  FILE 4:   486.6 MBYTE,   TOTAL:    814.7 MBYTE

 OPERATOR DM      FOR CENTER  0  COORDINATES:    0.000000    0.000000    0.000000


 **********************************************************************************************************************************
 DATASETS  * FILE   NREC   LENGTH (MB)   RECORD NAMES
              1      20      259.22       500      700      610      701      900      950      970     1000      129      960   
                                          VAR     GEOM    BASINP    GEOM    SYMINP    ZMAT    AOBASIS   BASIS     P2S    ABASIS    
                                         1100     1400     1410     1200     1210     1080     1600     1650     1300     1700   
                                           S        T        V       H0       H01     AOSYM     SMH    MOLCAS    ERIS     OPER   

              2       8       17.64       500      610      700     1000      520     2100     2140      701   
                                          VAR    BASINP    GEOM     BASIS   MCVARS     RHF     MCSCF    GEOM   

 PROGRAMS   *        TOTAL       INT        CI     MULTI       INT        CI     MULTI       INT        CI     MULTI       INT
 CPU TIMES  *       321.45      8.72      5.70      1.29      8.73      5.16      1.28      8.70      5.18      1.27      8.69
 REAL TIME  *       344.38 SEC
 DISK USED  *       794.66 MB
 **********************************************************************************************************************************

 PROGRAM * MULTI (Direct Multiconfiguration SCF)       Authors: P.J. Knowles, H.-J. Werner (1984)
                                                                D.A. Kreplin, P.J. Knowles, H.-J. Werner (2019)

 Number of closed-shell orbitals:   1 (   1   0   0   0 )
 Number of active  orbitals:        5 (   3   1   1   0 )
 Number of external orbitals:     201 (  73  49  49  30 )

 State symmetry 1

 Number of active electrons:   6    Spin symmetry=Singlet   Space symmetry=4
 Number of states:             3
 Number of CSFs:               9   (24 determinants, 100 intermediate states)

 Molecular orbitals read from record     2140.2  Type=MCSCF/NATURAL (state averaged)

 EXTRA SYMMETRY OF MOS IN SYMMETRY 1:   1 1 1 1 1 1 1 2 1 1   1 1 2 1 1 2 1 1 2 1   2 1 1 1 3 2 1 2 1 2   1 2 1 3 1 1 2 1 1 2
                                        3 1 2 1 2 3 1 1 2 1   2 1 1 2 1 1 3 2 1 2   3 1 2 3 1 1 2 1 2 1   2 1 1 2 1 1 1
 EXTRA SYMMETRY OF MOS IN SYMMETRY 2:   1 1 1 1 1 1 2 1 1 1   2 1 1 1 2 1 1 2 1 2   1 1 1 3 2 1 1 2 2 1   1 2 1 1 1 2 3 1 1 1
                                        2 2 2 1 1 2 1 1 1 1
 EXTRA SYMMETRY OF MOS IN SYMMETRY 3:   1 1 1 1 1 1 2 1 1 1   2 1 1 1 2 1 1 2 1 2   1 1 1 3 2 1 1 2 2 1   1 2 1 1 1 2 3 1 1 1
                                        2 2 2 1 1 2 1 1 1 1
 EXTRA SYMMETRY OF MOS IN SYMMETRY 4:   1 1 1 1 1 2 1 1 1 1   2 1 1 2 1 1 2 1 1 1   2 1 1 2 1 2 1 1 1 1

 Wavefunction dump at record             2140.2

 Convergence thresholds  0.10E-04 (gradient)  0.10E-05 (energy)

 Weight factors for state symmetry  1:    0.33333   0.33333   0.33333
 
 Number of orbital rotations:  393  ( 3 closed/active, 73 closed/virtual, 0 active/active, 317 active/virtual )
 Total number of variables:    465
 
  Second-order MCSCF: L-BFGS accelerated
 
 ITER  MIC  NCI  NEG     ENERGY(VAR)    ENERGY(PROJ) ENERGY CHANGE       GRAD(0)  GRAD(ORB)   GRAD(CI)      STEP      TIME
   1    5    3    0    -54.47962717     -54.47983039   -0.00020322    0.04259616 0.00000906 0.00000000  0.10E-01      0.36
   2    9    6    0    -54.47983021     -54.47983021   -0.00000000    0.00005206 0.00000000 0.00000000  0.36E-04      0.74
   3    3    2    0    -54.47983021     -54.47983021    0.00000000    0.00000000 0.00000000 0.00000000  0.24E-09      1.08

 CONVERGENCE REACHED!  Final gradient:    0.00000000 ( 0.32E-11)
                       Final energy:    -54.47983021
 
 Results for state 1.4
 =====================
 !MCSCF STATE 1.4 Energy                       -54.737096927836
 Nuclear energy                                  5.14477844
 Kinetic energy                                 56.64104921
 One electron energy                           -84.90733800
 Two electron energy                            25.02546263
 Virial ratio                                    1.96638565
 
 !MCSCF STATE 1.4 Dipole moment                  0.00000000     0.00000000     0.77906723
 Dipole moment /Debye                            0.00000000     0.00000000     1.98019138
 
 Results for state 2.4
 =====================
 !MCSCF STATE 2.4 Energy                       -54.366110686299
 Nuclear energy                                  5.14477844
 Kinetic energy                                 54.96142683
 One electron energy                           -81.17900030
 Two electron energy                            21.66811118
 Virial ratio                                    1.98916847
 
 !MCSCF STATE 2.4 Dipole moment                  0.00000000     0.00000000    -1.64746175
 Dipole moment /Debye                            0.00000000     0.00000000    -4.18743010
 
 Results for state 3.4
 =====================
 !MCSCF STATE 3.4 Energy                       -54.336283005607
 Nuclear energy                                  5.14477844
 Kinetic energy                                 54.98501064
 One electron energy                           -81.14741365
 Two electron energy                            21.66635220
 Virial ratio                                    1.98820174
 
 !MCSCF STATE 3.4 Dipole moment                  0.00000000     0.00000000    -1.48360144
 Dipole moment /Debye                            0.00000000     0.00000000    -3.77093873
 
 State-averaged charge density matrix saved on record 2140.2 (density set 1)
 
 Expectation values: (only non-zero values are shown)
 
 !MCSCF expec                       <1.4|DMZ|1.4>     0.779067229482 au =     1.980191382916 Debye
 !MCSCF expec                       <2.4|DMZ|2.4>    -1.647461753757 au =    -4.187430102333 Debye
 !MCSCF expec                       <3.4|DMZ|3.4>    -1.483601440069 au =    -3.770938727920 Debye
 
 Transition values: (only non-zero values with the ground state are shown)
 
 !MCSCF trans                       <1.4|DMZ|2.4>    -0.241007723541 au =    -0.612580531323 Debye
 

 EXTRA SYMMETRY OF MOS IN SYMMETRY 1:   1 1 1 1 1 1 1 2 1 1   1 1 2 1 1 2 1 1 2 1   2 1 1 1 3 2 1 2 1 2   1 2 1 3 1 1 2 1 1 2
                                        1 3 2 1 2 3 1 1 2 1   2 1 1 2 1 1 3 1 2 2   3 1 2 3 1 1 2 1 2 1   2 1 1 2 1 1 1
 
 Natural orbital dump (state averaged) at molpro section 2140.2 (Orbital set 2)
 
 Reoptimze the CI vectors with natural orbitals 
 
 CI Coefficients of symmetry 4
 =============================
 
 220 a b       -0.70651080     -0.01747951     -0.00000000
 220 b a        0.70651080      0.01747951      0.00000000
 2aa b b        0.00000000      0.00000000      0.57618505
 2bb a a        0.00000000     -0.00000000      0.57618505
 2ba a b       -0.01141376      0.49888763     -0.28809253
 2ba b a        0.01141376     -0.49888763     -0.28809253
 2ab b a       -0.01141376      0.49888763     -0.28809253
 2ab a b        0.01141376     -0.49888763     -0.28809253
 
 Energy:      -54.73709693    -54.36611069    -54.33628301
 


 **********************************************************************************************************************************
 DATASETS  * FILE   NREC   LENGTH (MB)   RECORD NAMES
              1      21      262.14       500      700      610      701      900      950      970     1000      129      960   
                                          VAR     GEOM    BASINP    GEOM    SYMINP    ZMAT    AOBASIS   BASIS     P2S    ABASIS    
                                         1100     1400     1410     1200     1210     1080     1600     1650     1300     1700   
                                           S        T        V       H0       H01     AOSYM     SMH    MOLCAS    ERIS     OPER   
                                         1380   
                                         JKOP   

              2       8       17.64       500      610      700     1000      520     2100     2140      701   
                                          VAR    BASINP    GEOM     BASIS   MCVARS     RHF     MCSCF    GEOM   

 PROGRAMS   *        TOTAL     MULTI       INT        CI     MULTI       INT        CI     MULTI       INT        CI     MULTI
 CPU TIMES  *       322.74      1.29      8.72      5.70      1.29      8.73      5.16      1.28      8.70      5.18      1.27
 REAL TIME  *       345.82 SEC
 DISK USED  *       794.66 MB
 **********************************************************************************************************************************


 PROGRAM * CI (Multireference internally contracted CI)     Authors: H.-J. Werner, P.J. Knowles, 1987


 Convergence thresholds:  THRVAR = 1.00D-08  THRDEN = 1.00D-06

 Number of optimized states: 2  Roots:    1   2
 Number of reference states: 2  Roots:    1   2

 Program parameters:       NSTATE=  2    NSTATI=  3    NSTATR=  2    NCEPA = -1    NOKOP =  0    ITRDM =  0    ITRANS=  0
                           IDIP  =200    MAXIT =250    MAXITI=250    MAXDAV=  6    MAXVI =  9    NOSING=  0    NOPAIR=  0
                           MXSHRF=  5    IKCPS =  0    IOPTGM=  2    IOPTOR=  0    REFOPT=  1    IAVDEN=  0    IDELCG=  1
                           IREST =  0    NATORB=  0    IPUNRF=  0    ISEP  =  0    OLDDEN=  0    NSTPRI=  1    GPSFLI= -1
                           CLUSTE=  0    CLOSED=  1    ILSTYP=  0    ITRLS =  0    ICCSD =  0    LOCAL =  0    IBASO =  0
                           MP    =  0    ITEDIS=  2    INCDIS=  1    MAXDIS=  6    ITYDIS=  1    BRUECK=  0    IBRSTR=  3
                           INCBRK=  1    TRIPLE=  0    ICCTYP=  1    IHPPD =  0    ICCNEW=  0    I3EXT = -1    IDEB  =  0
                           IDLEIG=  1    IDFTYP=  1    IMP3  =  0    IPROCS=  0    NOINT =  0    NOREF =  1    IMP2G =  0
                           IHINT =  0    IFDIA =  0    ISPARO=  1    JKSYM =  0    CPHF  =  0    MP2D  = -1    DKINT =  0
                           NPKEX =  1    DRVK  =  1    HLSTRA=  1    WIGNER=  1    DIIS_C=  1    MAXIT_= 50    MATEL =  0
                           SPDEG =  1    MEMCPH=  0    DISM  =  1    KDCPMA=  5    IKDCP_=  0    IREDTH=  0    USECS =  0
                           IPROCC=  0    I3SAVE=  1    IKDCP =  1    USECI =  0    OLDPAI=  0    IPROCI=  0    KEEPCL=  1
                           DISCON=  0    SHIFTE=  0    DIISIN=  0    MOLCAS=  0    MEM_PT=  0    RECORD=  0    RS2C  =  0
                           KEXT  = -1    CIPT2 =  0    DECP0S=  0    I4EXT = -1    NATCOR=  0    RIMP2 =  0    DDCI  = -1
                           IPOLAR=  0

 Reference symmetry:                   4   Singlet 
 Number of electrons:                  8
 Maximum number of shells:             4
 Maximum number of spin couplings:     5

 Reference space:        6 conf        9 CSFs
 N elec internal:       45 conf       50 CSFs
 N-1 el internal:       48 conf       72 CSFs
 N-2 el internal:       26 conf       64 CSFs

 Number of electrons in valence space:                      6
 Maximum number of open shell orbitals in reference space:  4
 Maximum number of open shell orbitals in internal spaces:  6


 Number of core orbitals:           1 (   1   0   0   0 )
 Number of active  orbitals:        5 (   3   1   1   0 )
 Number of external orbitals:     201 (  73  49  49  30 )

 Molecular orbitals read from record     2140.2  Type=MCSCF/NATURAL (state averaged)

 Valence orbitals related to previous ones by unitary transformation. Operators transformed.


 Number of p-space configurations:   3

 Reference wavefunction optimized for reference space (refopt=1)

 State     Reference Energy 
     1       -54.73709693
     2       -54.36611069
     3       -54.33628301

 Number of blocks in overlap matrix:     8   Smallest eigenvalue:  0.14D-02
 Number of N-2 electron functions:      35
 Number of N-1 electron functions:      72

 Number of internal configurations:                    9
 Number of singly external configurations:          3575
 Number of doubly external configurations:        180251
 Total number of contracted configurations:       183835
 Total number of uncontracted configurations:     332025

 Diagonal Coupling coefficients finished.               Storage:    6197 words, CPU-Time:      0.00 seconds.
 Energy denominators for pairs finished in 1 passes.    Storage:  121346 words, CPU-time:      0.01 seconds.

  ITER. STATE  ROOT     SQ.NORM     CORR.ENERGY   TOTAL ENERGY   ENERGY CHANGE       DEN1      VAR(S)    VAR(P)      TIME
    1     1     1     1.00000000     0.00000000   -54.73709693     0.00000000    -0.21864943  0.60D-01  0.23D-01     0.15
    1     2     2     1.00000000     0.00000000   -54.36611069    -0.00000000    -0.14656601  0.28D-01  0.15D-01     0.15
    2     1     1     1.06587489    -0.19459283   -54.93168976    -0.19459283    -0.00753062  0.18D-02  0.92D-03     0.74
    2     2     2     1.04319412    -0.14809305   -54.51420374    -0.14809305    -0.00309000  0.44D-03  0.46D-03     0.74
    3     1     1     1.06582487    -0.20241941   -54.93951634    -0.00782658    -0.00032370  0.46D-04  0.51D-04     1.33
    3     2     2     1.04522180    -0.15157874   -54.51768943    -0.00348569    -0.00019247  0.50D-04  0.34D-04     1.33
    4     1     1     1.06780576    -0.20281280   -54.93990973    -0.00039339    -0.00002255  0.36D-05  0.35D-05     1.92
    4     2     2     1.04715656    -0.15183700   -54.51794769    -0.00025826    -0.00003016  0.10D-04  0.57D-05     1.92
    5     1     1     1.06851260    -0.20284221   -54.93993914    -0.00002941    -0.00000161  0.18D-06  0.25D-06     2.52
    5     2     2     1.04763234    -0.15187791   -54.51798860    -0.00004091    -0.00000681  0.36D-05  0.12D-05     2.52
    6     1     1     1.06856186    -0.20284417   -54.93994110    -0.00000196    -0.00000014  0.11D-07  0.22D-07     3.12
    6     2     2     1.04779244    -0.15188700   -54.51799769    -0.00000909    -0.00000209  0.22D-05  0.26D-06     3.12
    7     1     1     1.06857501    -0.20284433   -54.93994126    -0.00000016    -0.00000001  0.11D-08  0.23D-08     3.72
    7     2     2     1.04806890    -0.15189026   -54.51800094    -0.00000325    -0.00000104  0.91D-06  0.13D-06     3.72
    8     1     1     1.06857897    -0.20284433   -54.93994126    -0.00000000    -0.00000001  0.83D-09  0.21D-08     4.20
    8     2     2     1.04847255    -0.15189277   -54.51800345    -0.00000251    -0.00000051  0.21D-06  0.97D-07     4.20
    9     1     1     1.06857912    -0.20284433   -54.93994126    -0.00000000    -0.00000001  0.84D-09  0.21D-08     4.67
    9     2     2     1.04859434    -0.15189355   -54.51800424    -0.00000078    -0.00000018  0.54D-07  0.33D-07     4.67
   10     1     1     1.06858016    -0.20284433   -54.93994126    -0.00000000    -0.00000001  0.87D-09  0.21D-08     5.15
   10     2     2     1.04870783    -0.15189382   -54.51800451    -0.00000027    -0.00000004  0.77D-08  0.72D-08     5.15
   11     1     1     1.06857990    -0.20284433   -54.93994126    -0.00000000    -0.00000001  0.84D-09  0.21D-08     5.63
   11     2     2     1.04870677    -0.15189387   -54.51800455    -0.00000004    -0.00000001  0.28D-08  0.90D-09     5.63


 =====================================
 Analysis of CPU times by interactions
 =====================================

       I      S      P

 I   0.0%
 S   0.0%   0.5%
 P   0.2%   0.2%  14.6%

 Initialization:   2.7%
 Other:           81.9%

 Total CPU:        5.6 seconds
 =====================================



 gnormi=  0.93582146  gnorms=  0.03860038  gnormp=  0.02557816  gnorm=  1.00000000
 ecorri= -0.18982608  ecorrs= -0.00782892  ecorrp= -0.00518933  ecorr= -0.20284433

 gnormi=  0.95355540  gnorms=  0.02902284  gnormp=  0.01742176  gnorm=  1.00000000
 ecorri= -0.14483922  ecorrs= -0.00440952  ecorrp= -0.00264513  ecorr= -0.15189387

 Reference coefficients greater than 0.0500000
 =============================================
 2/\/\          -0.0164981   0.9741565
 220/\           0.9669460   0.0201784
 /2\/\           0.0231902  -0.0605153

 Coefficients of singly external configurations greater than 0.0500000
 =====================================================================

 2200\   5.2     0.0504976  -0.0010289
 220\0   5.3     0.0504975  -0.0010331

 Coefficients of fixed reference functions:
 ==========================================

 State      Coefficients
 1           0.967316    0.006137
 2          -0.004090    0.976471

 Coefficients of rotated reference functions:
 ============================================

 State      Coefficients
 1           0.967335    0.001047
 2           0.001047    0.976479


 RESULTS FOR STATE 1.4
 =====================

 Coefficient of reference function:   C(0) = 0.96731615 (fixed)   0.96737865 (relaxed)   0.96733505 (rotated)

 Energy contributions of configuration classes

 CLASS          SQ.NORM        ECORR1        ECORR2
 +++++++++++++++++++++++++++++++++++++++++++++++++++
 Internals    0.00009015    0.00000211   -0.12024901
 Singles      0.04125130   -0.07201638   -0.07521733
 Pairs        0.02733477   -0.00233898   -0.00737800
 Total        1.06867622   -0.07435324   -0.20284433
 +++++++++++++++++++++++++++++++++++++++++++++++++++


 Reference energy                     -54.73708666
 Nuclear energy                         5.14477844
 Kinetic energy                        56.02411750
 One electron energy                  -84.05167568
 Two electron energy                   23.96695599
 Virial quotient                       -0.98064804
 Correlation energy                    -0.20285460
 !MRCI STATE 1.4 Energy               -54.939941257437

 Properties without orbital relaxation:

 !MRCI STATE 1.4 Dipole moment          0.00000000     0.00000000     0.64230624
 Dipole moment /Debye                   0.00000000     0.00000000     1.63257962

 Cluster corrected energies           -54.95387255 (Davidson, fixed reference)
 Cluster corrected energies           -54.95385300 (Davidson, relaxed reference)
 Cluster corrected energies           -54.95387255 (Davidson, rotated reference)

 Cluster corrected energies           -54.94943596 (Pople, fixed reference)
 Cluster corrected energies           -54.94942236 (Pople, relaxed reference)
 Cluster corrected energies           -54.94943596 (Pople, rotated reference)



 RESULTS FOR STATE 2.4
 =====================

 Coefficient of reference function:   C(0) = 0.97647054 (fixed)   0.97650161 (relaxed)   0.97647854 (rotated)

 Energy contributions of configuration classes

 CLASS          SQ.NORM        ECORR1        ECORR2
 +++++++++++++++++++++++++++++++++++++++++++++++++++
 Internals    0.00004725    0.00000209   -0.00000585
 Singles      0.03043788   -0.06144535   -0.06299829
 Pairs        0.01827118   -0.09044956   -0.08888972
 Total        1.04875632   -0.15189281   -0.15189387
 +++++++++++++++++++++++++++++++++++++++++++++++++++


 Reference energy                     -54.36612096
 Nuclear energy                         5.14477844
 Kinetic energy                        55.53284104
 One electron energy                  -81.45192907
 Two electron energy                   21.78914608
 Virial quotient                       -0.98172547
 Correlation energy                    -0.15188360
 !MRCI STATE 2.4 Energy               -54.518004552520

 Properties without orbital relaxation:

 !MRCI STATE 2.4 Dipole moment          0.00000000     0.00000000    -1.55425279
 Dipole moment /Debye                   0.00000000     0.00000000    -3.95051656

 Cluster corrected energies           -54.52540984 (Davidson, fixed reference)
 Cluster corrected energies           -54.52540231 (Davidson, relaxed reference)
 Cluster corrected energies           -54.52540984 (Davidson, rotated reference)

 Cluster corrected energies           -54.52302023 (Pople, fixed reference)
 Cluster corrected energies           -54.52301506 (Pople, relaxed reference)
 Cluster corrected energies           -54.52302023 (Pople, rotated reference)


 !MRCI trans          <2.4|DMZ|1.4>    -0.368905121398 au =    -0.937663291256 Debye


 **********************************************************************************************************************************
 DATASETS  * FILE   NREC   LENGTH (MB)   RECORD NAMES
              1      21      262.14       500      700      610      701      900      950      970     1000      129      960   
                                          VAR     GEOM    BASINP    GEOM    SYMINP    ZMAT    AOBASIS   BASIS     P2S    ABASIS    
                                         1100     1400     1410     1200     1210     1080     1600     1650     1300     1700   
                                           S        T        V       H0       H01     AOSYM     SMH    MOLCAS    ERIS     OPER   
                                         1380   
                                         JKOP   

              2       8       17.64       500      610      700     1000      520     2100     2140      701   
                                          VAR    BASINP    GEOM     BASIS   MCVARS     RHF     MCSCF    GEOM   

 PROGRAMS   *        TOTAL        CI     MULTI       INT        CI     MULTI       INT        CI     MULTI       INT        CI
 CPU TIMES  *       328.41      5.67      1.29      8.72      5.70      1.29      8.73      5.16      1.28      8.70      5.18
 REAL TIME  *       352.04 SEC
 DISK USED  *       794.66 MB
 **********************************************************************************************************************************
 SETTING E1(21)         =       -54.93994126  AU                              
 SETTING E2(21)         =       -54.51800455  AU                              

 DO I                   =        22.00000000   


 Using spherical harmonics

 Library entry N      S aug-cc-pV5Z          selected for orbital group  1
 Library entry N      P aug-cc-pV5Z          selected for orbital group  1
 Library entry N      D aug-cc-pV5Z          selected for orbital group  1
 Library entry N      F aug-cc-pV5Z          selected for orbital group  1
 Library entry N      G aug-cc-pV5Z          selected for orbital group  1
 Library entry N      H aug-cc-pV5Z          selected for orbital group  1
 Library entry H      S aug-cc-pV5Z          selected for orbital group  2
 Library entry H      P aug-cc-pV5Z          selected for orbital group  2
 Library entry H      D aug-cc-pV5Z          selected for orbital group  2
 Library entry H      F aug-cc-pV5Z          selected for orbital group  2
 Library entry H      G aug-cc-pV5Z          selected for orbital group  2


 PROGRAM * SEWARD (Integral evaluation for generally contracted gaussian basis sets)     Author: Roland Lindh, 1990

 Geometry written to block  1 of record 701

 Orientation using atomic masses  
 Molecule type: Linear
 Symmetry elements: X,Y
 Rotational constants:    1096.8961837   1096.8961837      0.0000000 GHz  (calculated with average atomic masses)

 Point group  C2v 



 ATOMIC COORDINATES

 NR  ATOM    CHARGE       X              Y              Z

   1  N       7.00    0.000000000    0.000000000   -0.088800756
   2  H       1.00    0.000000000    0.000000000    1.234007531

 Bond lengths in Bohr (Angstrom)

 1-2  1.322808287
     ( 0.700000000)

 NUCLEAR CHARGE:                    8
 NUMBER OF PRIMITIVE AOS:         307
 NUMBER OF SYMMETRY AOS:          227
 NUMBER OF CONTRACTIONS:          207   (   77A1  +   50B1  +   50B2  +   30A2  )
 NUMBER OF INNER CORE ORBITALS:     0   (    0A1  +    0B1  +    0B2  +    0A2  )
 NUMBER OF OUTER CORE ORBITALS:     1   (    1A1  +    0B1  +    0B2  +    0A2  )
 NUMBER OF VALENCE ORBITALS:        5   (    3A1  +    1B1  +    1B2  +    0A2  )


 NUCLEAR REPULSION ENERGY    5.29177211

 EXTRA SYMMETRY OF AOS IN SYMMETRY 1:   1 1 1 1 1 1 1 1 1 1   1 1 1 1 2 1 2 1 2 1   2 1 2 1 2 1 2 1 2 1   2 1 3 2 1 3 2 1 3 2
                                        2 3 1 2 3 1 1 1 1 1   1 1 1 1 1 1 1 1 2 1   2 1 2 1 2 1 2 1 2 1   2 1 3 2 1 3 2
 EXTRA SYMMETRY OF AOS IN SYMMETRY 2:   1 1 1 1 1 1 1 1 1 1   1 1 2 1 2 1 2 1 2 1   2 1 2 1 2 1 2 3 1 2   3 1 1 1 1 1 1 1 1 1
                                        1 2 1 2 1 2 1 2 1 2
 EXTRA SYMMETRY OF AOS IN SYMMETRY 3:   1 1 1 1 1 1 1 1 1 1   1 1 2 1 2 1 2 1 2 1   2 1 2 1 2 1 2 3 1 2   3 1 1 1 1 1 1 1 1 1
                                        1 2 1 2 1 2 1 2 1 2
 EXTRA SYMMETRY OF AOS IN SYMMETRY 4:   1 1 1 1 1 1 1 1 1 1   2 1 2 1 2 2 1 2 1 1   1 1 1 1 1 1 1 2 1 2

 Eigenvalues of metric

         1 0.609E-05 0.474E-04 0.667E-04 0.105E-03 0.243E-03 0.268E-03 0.500E-03 0.908E-03
         2 0.551E-04 0.391E-03 0.118E-02 0.300E-02 0.421E-02 0.608E-02 0.107E-01 0.139E-01
         3 0.551E-04 0.391E-03 0.118E-02 0.300E-02 0.421E-02 0.608E-02 0.107E-01 0.139E-01
         4 0.908E-03 0.441E-02 0.134E-01 0.249E-01 0.592E-01 0.771E-01 0.134E+00 0.141E+00


 Contracted 2-electron integrals neglected if value below      1.0D-12
 AO integral compression algorithm  1   Integral accuracy      1.0D-12

     297.796 MB (compressed) written to integral file ( 52.8%)


 NUMBER OF SORTED TWO-ELECTRON INTEGRALS:   59167011.     BUFFER LENGTH:  32768
 NUMBER OF SEGMENTS:   4  SEGMENT LENGTH:   15999984      RECORD LENGTH: 524288

 Memory used in sort:      16.56 MW

 SORT1 READ    70490039. AND WROTE    39593900. INTEGRALS IN    116 RECORDS. CPU TIME:     0.78 SEC, REAL TIME:     0.95 SEC
 SORT2 READ    39593900. AND WROTE    59167011. INTEGRALS IN   1136 RECORDS. CPU TIME:     0.64 SEC, REAL TIME:     0.77 SEC

 FILE SIZES:   FILE 1:   328.9 MBYTE,  FILE 4:   486.6 MBYTE,   TOTAL:    815.5 MBYTE

 OPERATOR DM      FOR CENTER  0  COORDINATES:    0.000000    0.000000    0.000000


 **********************************************************************************************************************************
 DATASETS  * FILE   NREC   LENGTH (MB)   RECORD NAMES
              1      20      259.83       500      700      610      701      900      950      970     1000      129      960   
                                          VAR     GEOM    BASINP    GEOM    SYMINP    ZMAT    AOBASIS   BASIS     P2S    ABASIS    
                                         1100     1400     1410     1200     1210     1080     1600     1650     1300     1700   
                                           S        T        V       H0       H01     AOSYM     SMH    MOLCAS    ERIS     OPER   

              2       8       17.64       500      610      700     1000      520     2100     2140      701   
                                          VAR    BASINP    GEOM     BASIS   MCVARS     RHF     MCSCF    GEOM   

 PROGRAMS   *        TOTAL       INT        CI     MULTI       INT        CI     MULTI       INT        CI     MULTI       INT
 CPU TIMES  *       337.11      8.70      5.67      1.29      8.72      5.70      1.29      8.73      5.16      1.28      8.70
 REAL TIME  *       361.20 SEC
 DISK USED  *       795.41 MB
 **********************************************************************************************************************************

 PROGRAM * MULTI (Direct Multiconfiguration SCF)       Authors: P.J. Knowles, H.-J. Werner (1984)
                                                                D.A. Kreplin, P.J. Knowles, H.-J. Werner (2019)

 Number of closed-shell orbitals:   1 (   1   0   0   0 )
 Number of active  orbitals:        5 (   3   1   1   0 )
 Number of external orbitals:     201 (  73  49  49  30 )

 State symmetry 1

 Number of active electrons:   6    Spin symmetry=Singlet   Space symmetry=4
 Number of states:             3
 Number of CSFs:               9   (24 determinants, 100 intermediate states)

 Molecular orbitals read from record     2140.2  Type=MCSCF/NATURAL (state averaged)

 EXTRA SYMMETRY OF MOS IN SYMMETRY 1:   1 1 1 1 1 1 1 2 1 1   1 1 2 1 1 2 1 1 2 1   2 1 1 1 3 2 1 2 1 2   1 2 1 3 1 1 2 1 1 2
                                        1 3 2 1 2 3 1 1 2 1   2 1 1 2 1 1 3 1 2 2   3 1 2 3 1 1 2 1 2 1   2 1 1 2 1 1 1
 EXTRA SYMMETRY OF MOS IN SYMMETRY 2:   1 1 1 1 1 1 2 1 1 1   2 1 1 1 2 1 1 2 1 2   1 1 1 3 2 1 1 2 2 1   1 2 1 1 1 2 3 1 1 1
                                        2 2 2 1 1 2 1 1 1 1
 EXTRA SYMMETRY OF MOS IN SYMMETRY 3:   1 1 1 1 1 1 2 1 1 1   2 1 1 1 2 1 1 2 1 2   1 1 1 3 2 1 1 2 2 1   1 2 1 1 1 2 3 1 1 1
                                        2 2 2 1 1 2 1 1 1 1
 EXTRA SYMMETRY OF MOS IN SYMMETRY 4:   1 1 1 1 1 2 1 1 1 1   2 1 1 2 1 1 2 1 1 1   2 1 1 2 1 2 1 1 1 1

 Wavefunction dump at record             2140.2

 Convergence thresholds  0.10E-04 (gradient)  0.10E-05 (energy)

 Weight factors for state symmetry  1:    0.33333   0.33333   0.33333
 
 Number of orbital rotations:  393  ( 3 closed/active, 73 closed/virtual, 0 active/active, 317 active/virtual )
 Total number of variables:    465
 
  Second-order MCSCF: L-BFGS accelerated
 
 ITER  MIC  NCI  NEG     ENERGY(VAR)    ENERGY(PROJ) ENERGY CHANGE       GRAD(0)  GRAD(ORB)   GRAD(CI)      STEP      TIME
   1    5    4    0    -54.44840931     -54.44862199   -0.00021268    0.04526279 0.00000227 0.00000000  0.97E-02      0.36
   2    9    6    0    -54.44862179     -54.44862179   -0.00000000    0.00005536 0.00000000 0.00000000  0.37E-04      0.74
   3    3    2    0    -54.44862179     -54.44862179    0.00000000    0.00000000 0.00000000 0.00000000  0.25E-09      1.08

 CONVERGENCE REACHED!  Final gradient:    0.00000000 ( 0.24E-11)
                       Final energy:    -54.44862179
 
 Results for state 1.4
 =====================
 !MCSCF STATE 1.4 Energy                       -54.707492491644
 Nuclear energy                                  5.29177211
 Kinetic energy                                 56.73914084
 One electron energy                           -85.11989085
 Two electron energy                            25.12062624
 Virial ratio                                    1.96419318
 
 !MCSCF STATE 1.4 Dipole moment                  0.00000000     0.00000000     0.77587803
 Dipole moment /Debye                            0.00000000     0.00000000     1.97208525
 
 Results for state 2.4
 =====================
 !MCSCF STATE 2.4 Energy                       -54.334784867571
 Nuclear energy                                  5.29177211
 Kinetic energy                                 55.04673845
 One electron energy                           -81.36805309
 Two electron energy                            21.74149611
 Virial ratio                                    1.98706638
 
 !MCSCF STATE 2.4 Dipole moment                  0.00000000     0.00000000    -1.63847995
 Dipole moment /Debye                            0.00000000     0.00000000    -4.16460064
 
 Results for state 3.4
 =====================
 !MCSCF STATE 3.4 Energy                       -54.303588015900
 Nuclear energy                                  5.29177211
 Kinetic energy                                 55.06116427
 One electron energy                           -81.32919210
 Two electron energy                            21.73383198
 Virial ratio                                    1.98624119
 
 !MCSCF STATE 3.4 Dipole moment                  0.00000000     0.00000000    -1.47808654
 Dipole moment /Debye                            0.00000000     0.00000000    -3.75692125
 
 State-averaged charge density matrix saved on record 2140.2 (density set 1)
 
 Expectation values: (only non-zero values are shown)
 
 !MCSCF expec                       <1.4|DMZ|1.4>     0.775878033298 au =     1.972085254765 Debye
 !MCSCF expec                       <2.4|DMZ|2.4>    -1.638479951253 au =    -4.164600637496 Debye
 !MCSCF expec                       <3.4|DMZ|3.4>    -1.478086540421 au =    -3.756921251191 Debye
 
 Transition values: (only non-zero values with the ground state are shown)
 
 !MCSCF trans                       <1.4|DMZ|2.4>    -0.213677493730 au =    -0.543114016089 Debye
 

 EXTRA SYMMETRY OF MOS IN SYMMETRY 1:   1 1 1 1 1 1 1 2 1 1   1 1 2 1 1 2 1 1 2 1   2 1 1 1 3 2 1 2 1 2   1 2 1 3 1 1 2 1 1 2
                                        1 3 2 1 2 3 1 1 2 1   2 1 1 2 1 1 1 3 2 2   3 1 2 3 1 1 2 1 2 1   2 1 1 2 1 1 1
 
 Natural orbital dump (state averaged) at molpro section 2140.2 (Orbital set 2)
 
 Reoptimze the CI vectors with natural orbitals 
 
 CI Coefficients of symmetry 4
 =============================
 
 220 a b       -0.70640442     -0.02198496     -0.00000000
 220 b a        0.70640442      0.02198496      0.00000000
 2aa b b        0.00000000     -0.00000000      0.57622350
 2bb a a        0.00000000     -0.00000000      0.57622350
 2ba a b       -0.01462902      0.49882506     -0.28811175
 2ba b a        0.01462902     -0.49882506     -0.28811175
 2ab b a       -0.01462902      0.49882506     -0.28811175
 2ab a b        0.01462902     -0.49882506     -0.28811175
 
 Energy:      -54.70749249    -54.33478487    -54.30358802
 


 **********************************************************************************************************************************
 DATASETS  * FILE   NREC   LENGTH (MB)   RECORD NAMES
              1      21      262.75       500      700      610      701      900      950      970     1000      129      960   
                                          VAR     GEOM    BASINP    GEOM    SYMINP    ZMAT    AOBASIS   BASIS     P2S    ABASIS    
                                         1100     1400     1410     1200     1210     1080     1600     1650     1300     1700   
                                           S        T        V       H0       H01     AOSYM     SMH    MOLCAS    ERIS     OPER   
                                         1380   
                                         JKOP   

              2       8       17.64       500      610      700     1000      520     2100     2140      701   
                                          VAR    BASINP    GEOM     BASIS   MCVARS     RHF     MCSCF    GEOM   

 PROGRAMS   *        TOTAL     MULTI       INT        CI     MULTI       INT        CI     MULTI       INT        CI     MULTI
 CPU TIMES  *       338.38      1.27      8.70      5.67      1.29      8.72      5.70      1.29      8.73      5.16      1.28
 REAL TIME  *       362.64 SEC
 DISK USED  *       795.41 MB
 **********************************************************************************************************************************


 PROGRAM * CI (Multireference internally contracted CI)     Authors: H.-J. Werner, P.J. Knowles, 1987


 Convergence thresholds:  THRVAR = 1.00D-08  THRDEN = 1.00D-06

 Number of optimized states: 2  Roots:    1   2
 Number of reference states: 2  Roots:    1   2

 Program parameters:       NSTATE=  2    NSTATI=  3    NSTATR=  2    NCEPA = -1    NOKOP =  0    ITRDM =  0    ITRANS=  0
                           IDIP  =200    MAXIT =250    MAXITI=250    MAXDAV=  6    MAXVI =  9    NOSING=  0    NOPAIR=  0
                           MXSHRF=  5    IKCPS =  0    IOPTGM=  2    IOPTOR=  0    REFOPT=  1    IAVDEN=  0    IDELCG=  1
                           IREST =  0    NATORB=  0    IPUNRF=  0    ISEP  =  0    OLDDEN=  0    NSTPRI=  1    GPSFLI= -1
                           CLUSTE=  0    CLOSED=  1    ILSTYP=  0    ITRLS =  0    ICCSD =  0    LOCAL =  0    IBASO =  0
                           MP    =  0    ITEDIS=  2    INCDIS=  1    MAXDIS=  6    ITYDIS=  1    BRUECK=  0    IBRSTR=  3
                           INCBRK=  1    TRIPLE=  0    ICCTYP=  1    IHPPD =  0    ICCNEW=  0    I3EXT = -1    IDEB  =  0
                           IDLEIG=  1    IDFTYP=  1    IMP3  =  0    IPROCS=  0    NOINT =  0    NOREF =  1    IMP2G =  0
                           IHINT =  0    IFDIA =  0    ISPARO=  1    JKSYM =  0    CPHF  =  0    MP2D  = -1    DKINT =  0
                           NPKEX =  1    DRVK  =  1    HLSTRA=  1    WIGNER=  1    DIIS_C=  1    MAXIT_= 50    MATEL =  0
                           SPDEG =  1    MEMCPH=  0    DISM  =  1    KDCPMA=  5    IKDCP_=  0    IREDTH=  0    USECS =  0
                           IPROCC=  0    I3SAVE=  1    IKDCP =  1    USECI =  0    OLDPAI=  0    IPROCI=  0    KEEPCL=  1
                           DISCON=  0    SHIFTE=  0    DIISIN=  0    MOLCAS=  0    MEM_PT=  0    RECORD=  0    RS2C  =  0
                           KEXT  = -1    CIPT2 =  0    DECP0S=  0    I4EXT = -1    NATCOR=  0    RIMP2 =  0    DDCI  = -1
                           IPOLAR=  0

 Reference symmetry:                   4   Singlet 
 Number of electrons:                  8
 Maximum number of shells:             4
 Maximum number of spin couplings:     5

 Reference space:        6 conf        9 CSFs
 N elec internal:       45 conf       50 CSFs
 N-1 el internal:       48 conf       72 CSFs
 N-2 el internal:       26 conf       64 CSFs

 Number of electrons in valence space:                      6
 Maximum number of open shell orbitals in reference space:  4
 Maximum number of open shell orbitals in internal spaces:  6


 Number of core orbitals:           1 (   1   0   0   0 )
 Number of active  orbitals:        5 (   3   1   1   0 )
 Number of external orbitals:     201 (  73  49  49  30 )

 Molecular orbitals read from record     2140.2  Type=MCSCF/NATURAL (state averaged)

 Valence orbitals related to previous ones by unitary transformation. Operators transformed.


 Number of p-space configurations:   3

 Reference wavefunction optimized for reference space (refopt=1)

 State     Reference Energy 
     1       -54.70749249
     2       -54.33478487
     3       -54.30358802

 Number of blocks in overlap matrix:     8   Smallest eigenvalue:  0.14D-02
 Number of N-2 electron functions:      35
 Number of N-1 electron functions:      72

 Number of internal configurations:                    9
 Number of singly external configurations:          3575
 Number of doubly external configurations:        180251
 Total number of contracted configurations:       183835
 Total number of uncontracted configurations:     332025

 Diagonal Coupling coefficients finished.               Storage:    6197 words, CPU-Time:      0.00 seconds.
 Energy denominators for pairs finished in 1 passes.    Storage:  121346 words, CPU-time:      0.00 seconds.

  ITER. STATE  ROOT     SQ.NORM     CORR.ENERGY   TOTAL ENERGY   ENERGY CHANGE       DEN1      VAR(S)    VAR(P)      TIME
    1     1     1     1.00000000     0.00000000   -54.70749249    -0.00000000    -0.21788228  0.60D-01  0.23D-01     0.15
    1     2     2     1.00000000     0.00000000   -54.33478487     0.00000000    -0.14607735  0.27D-01  0.14D-01     0.15
    2     1     1     1.06574481    -0.19452018   -54.90201267    -0.19452018    -0.00765465  0.18D-02  0.93D-03     0.75
    2     2     2     1.04263807    -0.14783762   -54.48262248    -0.14783762    -0.00304263  0.42D-03  0.45D-03     0.75
    3     1     1     1.06557589    -0.20255655   -54.91004904    -0.00803637    -0.00034803  0.48D-04  0.54D-04     1.36
    3     2     2     1.04469352    -0.15129129   -54.48607615    -0.00345367    -0.00019352  0.48D-04  0.35D-04     1.36
    4     1     1     1.06758879    -0.20298578   -54.91047827    -0.00042923    -0.00002491  0.36D-05  0.39D-05     1.94
    4     2     2     1.04660225    -0.15155271   -54.48633758    -0.00026143    -0.00003154  0.94D-05  0.61D-05     1.94
    5     1     1     1.06829010    -0.20301832   -54.91051081    -0.00003254    -0.00000182  0.19D-06  0.28D-06     2.53
    5     2     2     1.04702928    -0.15159446   -54.48637933    -0.00004175    -0.00000710  0.31D-05  0.14D-05     2.53
    6     1     1     1.06833696    -0.20302057   -54.91051306    -0.00000225    -0.00000016  0.13D-07  0.26D-07     3.12
    6     2     2     1.04714315    -0.15160348   -54.48638835    -0.00000902    -0.00000197  0.19D-05  0.26D-06     3.12
    7     1     1     1.06835183    -0.20302076   -54.91051325    -0.00000019    -0.00000002  0.13D-08  0.28D-08     3.70
    7     2     2     1.04737414    -0.15160644   -54.48639131    -0.00000296    -0.00000090  0.83D-06  0.12D-06     3.70
    8     1     1     1.06835586    -0.20302076   -54.91051325    -0.00000000    -0.00000001  0.11D-08  0.26D-08     4.17
    8     2     2     1.04769727    -0.15160856   -54.48639343    -0.00000212    -0.00000047  0.23D-06  0.90D-07     4.17
    9     1     1     1.06835600    -0.20302076   -54.91051325    -0.00000000    -0.00000001  0.11D-08  0.26D-08     4.64
    9     2     2     1.04782056    -0.15160932   -54.48639418    -0.00000076    -0.00000021  0.68D-07  0.41D-07     4.64
   10     1     1     1.06835678    -0.20302076   -54.91051325    -0.00000000    -0.00000001  0.11D-08  0.26D-08     5.12
   10     2     2     1.04795100    -0.15160965   -54.48639452    -0.00000033    -0.00000005  0.94D-08  0.99D-08     5.12
   11     1     1     1.06835660    -0.20302076   -54.91051325    -0.00000000    -0.00000001  0.11D-08  0.26D-08     5.60
   11     2     2     1.04794943    -0.15160971   -54.48639457    -0.00000006    -0.00000001  0.31D-08  0.13D-08     5.60


 =====================================
 Analysis of CPU times by interactions
 =====================================

       I      S      P

 I   0.2%
 S   0.0%   0.7%
 P   0.7%   0.2%  14.8%

 Initialization:   2.5%
 Other:           80.9%

 Total CPU:        5.6 seconds
 =====================================



 gnormi=  0.93601705  gnorms=  0.03869599  gnormp=  0.02528696  gnorm=  1.00000000
 ecorri= -0.19003089  ecorrs= -0.00785490  ecorrp= -0.00513497  ecorr= -0.20302076

 gnormi=  0.95424452  gnorms=  0.02850492  gnormp=  0.01725056  gnorm=  1.00000000
 ecorri= -0.14467273  ecorrs= -0.00432273  ecorrp= -0.00261425  ecorr= -0.15160971

 Reference coefficients greater than 0.0500000
 =============================================
 2/\/\          -0.0211196   0.9744966
 220/\           0.9669615   0.0241621
 /2\/\           0.0230632  -0.0592744

 Coefficients of singly external configurations greater than 0.0500000
 =====================================================================

 2200\   5.2     0.0505440   0.0001904
 220\0   5.3     0.0505438   0.0001862

 Coefficients of fixed reference functions:
 ==========================================

 State      Coefficients
 1           0.967410    0.007712
 2          -0.006324    0.976813

 Coefficients of rotated reference functions:
 ============================================

 State      Coefficients
 1           0.967440    0.000728
 2           0.000728    0.976834


 RESULTS FOR STATE 1.4
 =====================

 Coefficient of reference function:   C(0) = 0.96740980 (fixed)   0.96747974 (relaxed)   0.96744027 (rotated)

 Energy contributions of configuration classes

 CLASS          SQ.NORM        ECORR1        ECORR2
 +++++++++++++++++++++++++++++++++++++++++++++++++++
 Internals    0.00008160    0.00000202   -0.11963617
 Singles      0.04134449   -0.07233179   -0.07555317
 Pairs        0.02701769   -0.00288101   -0.00783142
 Total        1.06844378   -0.07521078   -0.20302076
 +++++++++++++++++++++++++++++++++++++++++++++++++++


 Reference energy                     -54.70747307
 Nuclear energy                         5.29177211
 Kinetic energy                        56.11472312
 One electron energy                  -84.25978637
 Two electron energy                   24.05750101
 Virial quotient                       -0.97854022
 Correlation energy                    -0.20304018
 !MRCI STATE 1.4 Energy               -54.910513250365

 Properties without orbital relaxation:

 !MRCI STATE 1.4 Dipole moment          0.00000000     0.00000000     0.64119673
 Dipole moment /Debye                   0.00000000     0.00000000     1.62975953

 Cluster corrected energies           -54.92441009 (Davidson, fixed reference)
 Cluster corrected energies           -54.92439239 (Davidson, relaxed reference)
 Cluster corrected energies           -54.92441009 (Davidson, rotated reference)

 Cluster corrected energies           -54.91998380 (Pople, fixed reference)
 Cluster corrected energies           -54.91997148 (Pople, relaxed reference)
 Cluster corrected energies           -54.91998380 (Pople, rotated reference)



 RESULTS FOR STATE 2.4
 =====================

 Coefficient of reference function:   C(0) = 0.97681331 (fixed)   0.97685440 (relaxed)   0.97683351 (rotated)

 Energy contributions of configuration classes

 CLASS          SQ.NORM        ECORR1        ECORR2
 +++++++++++++++++++++++++++++++++++++++++++++++++++
 Internals    0.00004277    0.00000200   -0.00000916
 Singles      0.02987299   -0.06111775   -0.06264151
 Pairs        0.01807849   -0.09048885   -0.08895904
 Total        1.04799425   -0.15160459   -0.15160971
 +++++++++++++++++++++++++++++++++++++++++++++++++++


 Reference energy                     -54.33480429
 Nuclear energy                         5.29177211
 Kinetic energy                        55.61820687
 One electron energy                  -81.63946806
 Two electron energy                   21.86130138
 Virial quotient                       -0.97965033
 Correlation energy                    -0.15159028
 !MRCI STATE 2.4 Energy               -54.486394574447

 Properties without orbital relaxation:

 !MRCI STATE 2.4 Dipole moment          0.00000000     0.00000000    -1.55361331
 Dipole moment /Debye                   0.00000000     0.00000000    -3.94889115

 Cluster corrected energies           -54.49367004 (Davidson, fixed reference)
 Cluster corrected energies           -54.49366324 (Davidson, relaxed reference)
 Cluster corrected energies           -54.49367004 (Davidson, rotated reference)

 Cluster corrected energies           -54.49132114 (Pople, fixed reference)
 Cluster corrected energies           -54.49131647 (Pople, relaxed reference)
 Cluster corrected energies           -54.49132114 (Pople, rotated reference)


 !MRCI trans          <2.4|DMZ|1.4>    -0.349126070562 au =    -0.887389958550 Debye


 **********************************************************************************************************************************
 DATASETS  * FILE   NREC   LENGTH (MB)   RECORD NAMES
              1      21      262.75       500      700      610      701      900      950      970     1000      129      960   
                                          VAR     GEOM    BASINP    GEOM    SYMINP    ZMAT    AOBASIS   BASIS     P2S    ABASIS    
                                         1100     1400     1410     1200     1210     1080     1600     1650     1300     1700   
                                           S        T        V       H0       H01     AOSYM     SMH    MOLCAS    ERIS     OPER   
                                         1380   
                                         JKOP   

              2       8       17.64       500      610      700     1000      520     2100     2140      701   
                                          VAR    BASINP    GEOM     BASIS   MCVARS     RHF     MCSCF    GEOM   

 PROGRAMS   *        TOTAL        CI     MULTI       INT        CI     MULTI       INT        CI     MULTI       INT        CI
 CPU TIMES  *       344.02      5.64      1.27      8.70      5.67      1.29      8.72      5.70      1.29      8.73      5.16
 REAL TIME  *       368.84 SEC
 DISK USED  *       795.41 MB
 **********************************************************************************************************************************
 SETTING E1(22)         =       -54.91051325  AU                              
 SETTING E2(22)         =       -54.48639457  AU                              

 DO I                   =        23.00000000   


 Using spherical harmonics

 Library entry N      S aug-cc-pV5Z          selected for orbital group  1
 Library entry N      P aug-cc-pV5Z          selected for orbital group  1
 Library entry N      D aug-cc-pV5Z          selected for orbital group  1
 Library entry N      F aug-cc-pV5Z          selected for orbital group  1
 Library entry N      G aug-cc-pV5Z          selected for orbital group  1
 Library entry N      H aug-cc-pV5Z          selected for orbital group  1
 Library entry H      S aug-cc-pV5Z          selected for orbital group  2
 Library entry H      P aug-cc-pV5Z          selected for orbital group  2
 Library entry H      D aug-cc-pV5Z          selected for orbital group  2
 Library entry H      F aug-cc-pV5Z          selected for orbital group  2
 Library entry H      G aug-cc-pV5Z          selected for orbital group  2


 PROGRAM * SEWARD (Integral evaluation for generally contracted gaussian basis sets)     Author: Roland Lindh, 1990

 Geometry written to block  1 of record 701

 Orientation using atomic masses  
 Molecule type: Linear
 Symmetry elements: X,Y
 Rotational constants:    1162.3683608   1162.3683608      0.0000000 GHz  (calculated with average atomic masses)

 Point group  C2v 



 ATOMIC COORDINATES

 NR  ATOM    CHARGE       X              Y              Z

   1  N       7.00    0.000000000    0.000000000   -0.086263592
   2  H       1.00    0.000000000    0.000000000    1.198750173

 Bond lengths in Bohr (Angstrom)

 1-2  1.285013765
     ( 0.680000000)

 NUCLEAR CHARGE:                    8
 NUMBER OF PRIMITIVE AOS:         307
 NUMBER OF SYMMETRY AOS:          227
 NUMBER OF CONTRACTIONS:          207   (   77A1  +   50B1  +   50B2  +   30A2  )
 NUMBER OF INNER CORE ORBITALS:     0   (    0A1  +    0B1  +    0B2  +    0A2  )
 NUMBER OF OUTER CORE ORBITALS:     1   (    1A1  +    0B1  +    0B2  +    0A2  )
 NUMBER OF VALENCE ORBITALS:        5   (    3A1  +    1B1  +    1B2  +    0A2  )


 NUCLEAR REPULSION ENERGY    5.44741247

 EXTRA SYMMETRY OF AOS IN SYMMETRY 1:   1 1 1 1 1 1 1 1 1 1   1 1 1 1 2 1 2 1 2 1   2 1 2 1 2 1 2 1 2 1   2 1 3 2 1 3 2 1 3 2
                                        2 3 1 2 3 1 1 1 1 1   1 1 1 1 1 1 1 1 2 1   2 1 2 1 2 1 2 1 2 1   2 1 3 2 1 3 2
 EXTRA SYMMETRY OF AOS IN SYMMETRY 2:   1 1 1 1 1 1 1 1 1 1   1 1 2 1 2 1 2 1 2 1   2 1 2 1 2 1 2 3 1 2   3 1 1 1 1 1 1 1 1 1
                                        1 2 1 2 1 2 1 2 1 2
 EXTRA SYMMETRY OF AOS IN SYMMETRY 3:   1 1 1 1 1 1 1 1 1 1   1 1 2 1 2 1 2 1 2 1   2 1 2 1 2 1 2 3 1 2   3 1 1 1 1 1 1 1 1 1
                                        1 2 1 2 1 2 1 2 1 2
 EXTRA SYMMETRY OF AOS IN SYMMETRY 4:   1 1 1 1 1 1 1 1 1 1   2 1 2 1 2 2 1 2 1 1   1 1 1 1 1 1 1 2 1 2

 Eigenvalues of metric

         1 0.568E-05 0.429E-04 0.601E-04 0.968E-04 0.237E-03 0.254E-03 0.428E-03 0.822E-03
         2 0.499E-04 0.351E-03 0.109E-02 0.272E-02 0.403E-02 0.554E-02 0.983E-02 0.130E-01
         3 0.499E-04 0.351E-03 0.109E-02 0.272E-02 0.403E-02 0.554E-02 0.983E-02 0.130E-01
         4 0.822E-03 0.403E-02 0.127E-01 0.230E-01 0.543E-01 0.749E-01 0.128E+00 0.134E+00


 Contracted 2-electron integrals neglected if value below      1.0D-12
 AO integral compression algorithm  1   Integral accuracy      1.0D-12

     298.582 MB (compressed) written to integral file ( 52.9%)


 NUMBER OF SORTED TWO-ELECTRON INTEGRALS:   59167011.     BUFFER LENGTH:  32768
 NUMBER OF SEGMENTS:   4  SEGMENT LENGTH:   15999984      RECORD LENGTH: 524288

 Memory used in sort:      16.56 MW

 SORT1 READ    70490039. AND WROTE    39593896. INTEGRALS IN    116 RECORDS. CPU TIME:     0.77 SEC, REAL TIME:     0.94 SEC
 SORT2 READ    39593896. AND WROTE    59167011. INTEGRALS IN   1139 RECORDS. CPU TIME:     0.67 SEC, REAL TIME:     0.77 SEC

 FILE SIZES:   FILE 1:   329.7 MBYTE,  FILE 4:   486.6 MBYTE,   TOTAL:    816.3 MBYTE

 OPERATOR DM      FOR CENTER  0  COORDINATES:    0.000000    0.000000    0.000000


 **********************************************************************************************************************************
 DATASETS  * FILE   NREC   LENGTH (MB)   RECORD NAMES
              1      20      260.38       500      700      610      701      900      950      970     1000      129      960   
                                          VAR     GEOM    BASINP    GEOM    SYMINP    ZMAT    AOBASIS   BASIS     P2S    ABASIS    
                                         1100     1400     1410     1200     1210     1080     1600     1650     1300     1700   
                                           S        T        V       H0       H01     AOSYM     SMH    MOLCAS    ERIS     OPER   

              2       8       17.64       500      610      700     1000      520     2100     2140      701   
                                          VAR    BASINP    GEOM     BASIS   MCVARS     RHF     MCSCF    GEOM   

 PROGRAMS   *        TOTAL       INT        CI     MULTI       INT        CI     MULTI       INT        CI     MULTI       INT
 CPU TIMES  *       352.72      8.70      5.64      1.27      8.70      5.67      1.29      8.72      5.70      1.29      8.73
 REAL TIME  *       377.99 SEC
 DISK USED  *       796.16 MB
 **********************************************************************************************************************************

 PROGRAM * MULTI (Direct Multiconfiguration SCF)       Authors: P.J. Knowles, H.-J. Werner (1984)
                                                                D.A. Kreplin, P.J. Knowles, H.-J. Werner (2019)

 Number of closed-shell orbitals:   1 (   1   0   0   0 )
 Number of active  orbitals:        5 (   3   1   1   0 )
 Number of external orbitals:     201 (  73  49  49  30 )

 State symmetry 1

 Number of active electrons:   6    Spin symmetry=Singlet   Space symmetry=4
 Number of states:             3
 Number of CSFs:               9   (24 determinants, 100 intermediate states)

 Molecular orbitals read from record     2140.2  Type=MCSCF/NATURAL (state averaged)

 EXTRA SYMMETRY OF MOS IN SYMMETRY 1:   1 1 1 1 1 1 1 2 1 1   1 1 2 1 1 2 1 1 2 1   2 1 1 1 3 2 1 2 1 2   1 2 1 3 1 1 2 1 1 2
                                        1 3 2 1 2 3 1 1 2 1   2 1 1 2 1 1 1 3 2 2   3 1 2 3 1 1 2 1 2 1   2 1 1 2 1 1 1
 EXTRA SYMMETRY OF MOS IN SYMMETRY 2:   1 1 1 1 1 1 2 1 1 1   2 1 1 1 2 1 1 2 1 2   1 1 1 3 2 1 1 2 2 1   1 2 1 1 1 2 3 1 1 1
                                        2 2 2 1 1 2 1 1 1 1
 EXTRA SYMMETRY OF MOS IN SYMMETRY 3:   1 1 1 1 1 1 2 1 1 1   2 1 1 1 2 1 1 2 1 2   1 1 1 3 2 1 1 2 2 1   1 2 1 1 1 2 3 1 1 1
                                        2 2 2 1 1 2 1 1 1 1
 EXTRA SYMMETRY OF MOS IN SYMMETRY 4:   1 1 1 1 1 2 1 1 1 1   2 1 1 2 1 1 2 1 1 1   2 1 1 2 1 2 1 1 1 1

 Wavefunction dump at record             2140.2

 Convergence thresholds  0.10E-04 (gradient)  0.10E-05 (energy)

 Weight factors for state symmetry  1:    0.33333   0.33333   0.33333
 
 Number of orbital rotations:  393  ( 3 closed/active, 73 closed/virtual, 0 active/active, 317 active/virtual )
 Total number of variables:    465
 
  Second-order MCSCF: L-BFGS accelerated
 
 ITER  MIC  NCI  NEG     ENERGY(VAR)    ENERGY(PROJ) ENERGY CHANGE       GRAD(0)  GRAD(ORB)   GRAD(CI)      STEP      TIME
   1    4    3    0    -54.41271267     -54.41293629   -0.00022362    0.04826531 0.00001713 0.00000000  0.93E-02      0.36
   2    9    6    0    -54.41293607     -54.41293607   -0.00000000    0.00005872 0.00000000 0.00000000  0.37E-04      0.73
   3    3    2    0    -54.41293607     -54.41293607    0.00000000    0.00000000 0.00000000 0.00000000  0.26E-09      1.08

 CONVERGENCE REACHED!  Final gradient:    0.00000000 ( 0.31E-11)
                       Final energy:    -54.41293607
 
 Results for state 1.4
 =====================
 !MCSCF STATE 1.4 Energy                       -54.673411962725
 Nuclear energy                                  5.44741247
 Kinetic energy                                 56.84309982
 One electron energy                           -85.33915438
 Two electron energy                            25.21832996
 Virial ratio                                    1.96183023
 
 !MCSCF STATE 1.4 Dipole moment                  0.00000000     0.00000000     0.77203664
 Dipole moment /Debye                            0.00000000     0.00000000     1.96232141
 
 Results for state 2.4
 =====================
 !MCSCF STATE 2.4 Energy                       -54.298933927817
 Nuclear energy                                  5.44741247
 Kinetic energy                                 55.13912049
 One electron energy                           -81.56557169
 Two electron energy                            21.81922530
 Virial ratio                                    1.98476242
 
 !MCSCF STATE 2.4 Dipole moment                  0.00000000     0.00000000    -1.62931621
 Dipole moment /Debye                            0.00000000     0.00000000    -4.14130873
 
 Results for state 3.4
 =====================
 !MCSCF STATE 3.4 Energy                       -54.266462330514
 Nuclear energy                                  5.44741247
 Kinetic energy                                 55.14425418
 One electron energy                           -81.51913068
 Two electron energy                            21.80525588
 Virial ratio                                    1.98408190
 
 !MCSCF STATE 3.4 Dipole moment                  0.00000000     0.00000000    -1.47283680
 Dipole moment /Debye                            0.00000000     0.00000000    -3.74357774
 
 State-averaged charge density matrix saved on record 2140.2 (density set 1)
 
 Expectation values: (only non-zero values are shown)
 
 !MCSCF expec                       <1.4|DMZ|1.4>     0.772036642472 au =     1.962321413181 Debye
 !MCSCF expec                       <2.4|DMZ|2.4>    -1.629316209739 au =    -4.141308729822 Debye
 !MCSCF expec                       <3.4|DMZ|3.4>    -1.472836797844 au =    -3.743577736511 Debye
 
 Transition values: (only non-zero values with the ground state are shown)
 
 !MCSCF trans                       <1.4|DMZ|2.4>    -0.187777234490 au =    -0.477282123512 Debye
 

 EXTRA SYMMETRY OF MOS IN SYMMETRY 1:   1 1 1 1 1 1 1 2 1 1   1 1 2 1 1 2 1 1 2 1   2 1 1 1 3 2 1 2 1 2   1 2 1 3 1 1 2 1 1 2
                                        1 3 2 1 2 3 1 1 2 1   2 1 1 2 1 1 1 3 2 2   1 3 2 3 1 1 1 2 2 1   2 1 1 2 1 1 1
 EXTRA SYMMETRY OF MOS IN SYMMETRY 2:   1 1 1 1 1 1 2 1 1 1   2 1 1 1 2 1 1 2 1 2   1 1 1 3 2 1 2 1 2 1   1 2 1 1 1 2 3 1 1 1
                                        2 2 2 1 1 2 1 1 1 1
 EXTRA SYMMETRY OF MOS IN SYMMETRY 3:   1 1 1 1 1 1 2 1 1 1   2 1 1 1 2 1 1 2 1 2   1 1 1 3 2 1 2 1 2 1   1 2 1 1 1 2 3 1 1 1
                                        2 2 2 1 1 2 1 1 1 1
 
 Natural orbital dump (state averaged) at molpro section 2140.2 (Orbital set 2)
 
 Reoptimze the CI vectors with natural orbitals 
 
 CI Coefficients of symmetry 4
 =============================
 
 220 b a        0.70627576      0.02629173      0.00000000
 220 a b       -0.70627576     -0.02629173     -0.00000000
 2bb a a        0.00000000     -0.00000000      0.57625953
 2aa b b        0.00000000     -0.00000000      0.57625953
 2ab b a       -0.01770301      0.49874657     -0.28812976
 2ba a b       -0.01770301      0.49874657     -0.28812976
 2ab a b        0.01770301     -0.49874657     -0.28812976
 2ba b a        0.01770301     -0.49874657     -0.28812976
 
 Energy:      -54.67341196    -54.29893393    -54.26646233
 


 **********************************************************************************************************************************
 DATASETS  * FILE   NREC   LENGTH (MB)   RECORD NAMES
              1      21      263.29       500      700      610      701      900      950      970     1000      129      960   
                                          VAR     GEOM    BASINP    GEOM    SYMINP    ZMAT    AOBASIS   BASIS     P2S    ABASIS    
                                         1100     1400     1410     1200     1210     1080     1600     1650     1300     1700   
                                           S        T        V       H0       H01     AOSYM     SMH    MOLCAS    ERIS     OPER   
                                         1380   
                                         JKOP   

              2       8       17.64       500      610      700     1000      520     2100     2140      701   
                                          VAR    BASINP    GEOM     BASIS   MCVARS     RHF     MCSCF    GEOM   

 PROGRAMS   *        TOTAL     MULTI       INT        CI     MULTI       INT        CI     MULTI       INT        CI     MULTI
 CPU TIMES  *       353.99      1.27      8.70      5.64      1.27      8.70      5.67      1.29      8.72      5.70      1.29
 REAL TIME  *       379.42 SEC
 DISK USED  *       796.16 MB
 **********************************************************************************************************************************


 PROGRAM * CI (Multireference internally contracted CI)     Authors: H.-J. Werner, P.J. Knowles, 1987


 Convergence thresholds:  THRVAR = 1.00D-08  THRDEN = 1.00D-06

 Number of optimized states: 2  Roots:    1   2
 Number of reference states: 2  Roots:    1   2

 Program parameters:       NSTATE=  2    NSTATI=  3    NSTATR=  2    NCEPA = -1    NOKOP =  0    ITRDM =  0    ITRANS=  0
                           IDIP  =200    MAXIT =250    MAXITI=250    MAXDAV=  6    MAXVI =  9    NOSING=  0    NOPAIR=  0
                           MXSHRF=  5    IKCPS =  0    IOPTGM=  2    IOPTOR=  0    REFOPT=  1    IAVDEN=  0    IDELCG=  1
                           IREST =  0    NATORB=  0    IPUNRF=  0    ISEP  =  0    OLDDEN=  0    NSTPRI=  1    GPSFLI= -1
                           CLUSTE=  0    CLOSED=  1    ILSTYP=  0    ITRLS =  0    ICCSD =  0    LOCAL =  0    IBASO =  0
                           MP    =  0    ITEDIS=  2    INCDIS=  1    MAXDIS=  6    ITYDIS=  1    BRUECK=  0    IBRSTR=  3
                           INCBRK=  1    TRIPLE=  0    ICCTYP=  1    IHPPD =  0    ICCNEW=  0    I3EXT = -1    IDEB  =  0
                           IDLEIG=  1    IDFTYP=  1    IMP3  =  0    IPROCS=  0    NOINT =  0    NOREF =  1    IMP2G =  0
                           IHINT =  0    IFDIA =  0    ISPARO=  1    JKSYM =  0    CPHF  =  0    MP2D  = -1    DKINT =  0
                           NPKEX =  1    DRVK  =  1    HLSTRA=  1    WIGNER=  1    DIIS_C=  1    MAXIT_= 50    MATEL =  0
                           SPDEG =  1    MEMCPH=  0    DISM  =  1    KDCPMA=  5    IKDCP_=  0    IREDTH=  0    USECS =  0
                           IPROCC=  0    I3SAVE=  1    IKDCP =  1    USECI =  0    OLDPAI=  0    IPROCI=  0    KEEPCL=  1
                           DISCON=  0    SHIFTE=  0    DIISIN=  0    MOLCAS=  0    MEM_PT=  0    RECORD=  0    RS2C  =  0
                           KEXT  = -1    CIPT2 =  0    DECP0S=  0    I4EXT = -1    NATCOR=  0    RIMP2 =  0    DDCI  = -1
                           IPOLAR=  0

 Reference symmetry:                   4   Singlet 
 Number of electrons:                  8
 Maximum number of shells:             4
 Maximum number of spin couplings:     5

 Reference space:        6 conf        9 CSFs
 N elec internal:       45 conf       50 CSFs
 N-1 el internal:       48 conf       72 CSFs
 N-2 el internal:       26 conf       64 CSFs

 Number of electrons in valence space:                      6
 Maximum number of open shell orbitals in reference space:  4
 Maximum number of open shell orbitals in internal spaces:  6


 Number of core orbitals:           1 (   1   0   0   0 )
 Number of active  orbitals:        5 (   3   1   1   0 )
 Number of external orbitals:     201 (  73  49  49  30 )

 Molecular orbitals read from record     2140.2  Type=MCSCF/NATURAL (state averaged)

 Valence orbitals related to previous ones by unitary transformation. Operators transformed.


 Number of p-space configurations:   3

 Reference wavefunction optimized for reference space (refopt=1)

 State     Reference Energy 
     1       -54.67341196
     2       -54.29893393
     3       -54.26646233

 Number of blocks in overlap matrix:     8   Smallest eigenvalue:  0.14D-02
 Number of N-2 electron functions:      35
 Number of N-1 electron functions:      72

 Number of internal configurations:                    9
 Number of singly external configurations:          3575
 Number of doubly external configurations:        180251
 Total number of contracted configurations:       183835
 Total number of uncontracted configurations:     332025

 Diagonal Coupling coefficients finished.               Storage:    6197 words, CPU-Time:      0.00 seconds.
 Energy denominators for pairs finished in 1 passes.    Storage:  121346 words, CPU-time:      0.00 seconds.

  ITER. STATE  ROOT     SQ.NORM     CORR.ENERGY   TOTAL ENERGY   ENERGY CHANGE       DEN1      VAR(S)    VAR(P)      TIME
    1     1     1     1.00000000     0.00000000   -54.67341196     0.00000000    -0.21672404  0.60D-01  0.22D-01     0.16
    1     2     2     1.00000000     0.00000000   -54.29893393    -0.00000000    -0.14577321  0.27D-01  0.14D-01     0.16
    2     1     1     1.06572056    -0.19440050   -54.86781246    -0.19440050    -0.00783244  0.18D-02  0.94D-03     0.75
    2     2     2     1.04212303    -0.14762328   -54.44655720    -0.14762328    -0.00300018  0.41D-03  0.44D-03     0.75
    3     1     1     1.06534020    -0.20269025   -54.87610221    -0.00828975    -0.00036963  0.50D-04  0.57D-04     1.36
    3     2     2     1.04420535    -0.15104864   -54.44998257    -0.00342536    -0.00019491  0.47D-04  0.35D-04     1.36
    4     1     1     1.06736156    -0.20315347   -54.87656543    -0.00046322    -0.00002715  0.36D-05  0.43D-05     1.96
    4     2     2     1.04610138    -0.15131492   -54.45024884    -0.00026628    -0.00003270  0.85D-05  0.63D-05     1.96
    5     1     1     1.06806620    -0.20318920   -54.87660116    -0.00003573    -0.00000203  0.22D-06  0.31D-06     2.55
    5     2     2     1.04648317    -0.15135756   -54.45029148    -0.00004264    -0.00000730  0.27D-05  0.14D-05     2.55
    6     1     1     1.06810392    -0.20319172   -54.87660369    -0.00000252    -0.00000018  0.15D-07  0.29D-07     3.15
    6     2     2     1.04656091    -0.15136649   -54.45030042    -0.00000893    -0.00000187  0.16D-05  0.27D-06     3.15
    7     1     1     1.06811994    -0.20319195   -54.87660391    -0.00000022    -0.00000002  0.15D-08  0.32D-08     3.74
    7     2     2     1.04675446    -0.15136920   -54.45030312    -0.00000271    -0.00000079  0.73D-06  0.11D-06     3.74
    8     1     1     1.06812389    -0.20319195   -54.87660391    -0.00000000    -0.00000002  0.13D-08  0.30D-08     4.22
    8     2     2     1.04700883    -0.15137096   -54.45030488    -0.00000176    -0.00000042  0.24D-06  0.77D-07     4.22
    9     1     1     1.06812399    -0.20319195   -54.87660391    -0.00000000    -0.00000002  0.13D-08  0.30D-08     4.69
    9     2     2     1.04712467    -0.15137164   -54.45030557    -0.00000068    -0.00000022  0.79D-07  0.42D-07     4.69
   10     1     1     1.06812451    -0.20319195   -54.87660391    -0.00000000    -0.00000002  0.14D-08  0.31D-08     5.17
   10     2     2     1.04726310    -0.15137200   -54.45030593    -0.00000036    -0.00000007  0.11D-07  0.12D-07     5.17
   11     1     1     1.06812436    -0.20319195   -54.87660391    -0.00000000    -0.00000002  0.14D-08  0.31D-08     5.64
   11     2     2     1.04726225    -0.15137207   -54.45030600    -0.00000007    -0.00000001  0.35D-08  0.18D-08     5.64


 =====================================
 Analysis of CPU times by interactions
 =====================================

       I      S      P

 I   0.0%
 S   0.0%   0.4%
 P   0.4%   0.7%  14.5%

 Initialization:   2.7%
 Other:           81.4%

 Total CPU:        5.6 seconds
 =====================================



 gnormi=  0.93622057  gnorms=  0.03877371  gnormp=  0.02500571  gnorm=  1.00000000
 ecorri= -0.19023248  ecorrs= -0.00787723  ecorrp= -0.00508224  ecorr= -0.20319195

 gnormi=  0.95487066  gnorms=  0.02804723  gnormp=  0.01708211  gnorm=  1.00000000
 ecorri= -0.14454075  ecorrs= -0.00424680  ecorrp= -0.00258452  ecorr= -0.15137207

 Reference coefficients greater than 0.0500000
 =============================================
 2/\/\          -0.0255584   0.9747892
 220/\           0.9669641   0.0279909
 /2\/\           0.0229161  -0.0580833

 Coefficients of singly external configurations greater than 0.0500000
 =====================================================================

 2200\   5.2     0.0505869   0.0013398
 220\0   5.3     0.0505866   0.0013357

 Coefficients of fixed reference functions:
 ==========================================

 State      Coefficients
 1           0.967505    0.009200
 2          -0.008444    0.977119

 Coefficients of rotated reference functions:
 ============================================

 State      Coefficients
 1           0.967549    0.000422
 2           0.000422    0.977156


 RESULTS FOR STATE 1.4
 =====================

 Coefficient of reference function:   C(0) = 0.96750547 (fixed)   0.96758492 (relaxed)   0.96754912 (rotated)

 Energy contributions of configuration classes

 CLASS          SQ.NORM        ECORR1        ECORR2
 +++++++++++++++++++++++++++++++++++++++++++++++++++
 Internals    0.00007400    0.00000148   -0.11906161
 Singles      0.04141821   -0.07263207   -0.07587183
 Pairs        0.02671119   -0.00339290   -0.00825851
 Total        1.06820340   -0.07602349   -0.20319195
 +++++++++++++++++++++++++++++++++++++++++++++++++++


 Reference energy                     -54.67338114
 Nuclear energy                         5.44741247
 Kinetic energy                        56.21160923
 One electron energy                  -84.47514005
 Two electron energy                   24.15112367
 Virial quotient                       -0.97625036
 Correlation energy                    -0.20322277
 !MRCI STATE 1.4 Energy               -54.876603909587

 Properties without orbital relaxation:

 !MRCI STATE 1.4 Dipole moment          0.00000000     0.00000000     0.63978202
 Dipole moment /Debye                   0.00000000     0.00000000     1.62616369

 Cluster corrected energies           -54.89046439 (Davidson, fixed reference)
 Cluster corrected energies           -54.89044833 (Davidson, relaxed reference)
 Cluster corrected energies           -54.89046439 (Davidson, rotated reference)

 Cluster corrected energies           -54.88604898 (Pople, fixed reference)
 Cluster corrected energies           -54.88603781 (Pople, relaxed reference)
 Cluster corrected energies           -54.88604898 (Pople, rotated reference)



 RESULTS FOR STATE 2.4
 =====================

 Coefficient of reference function:   C(0) = 0.97711933 (fixed)   0.97717484 (relaxed)   0.97715572 (rotated)

 Energy contributions of configuration classes

 CLASS          SQ.NORM        ECORR1        ECORR2
 +++++++++++++++++++++++++++++++++++++++++++++++++++
 Internals    0.00003913    0.00000147   -0.00001464
 Singles      0.02937395   -0.06082196   -0.06232164
 Pairs        0.01789015   -0.09054070   -0.08903579
 Total        1.04730322   -0.15136119   -0.15137207
 +++++++++++++++++++++++++++++++++++++++++++++++++++


 Reference energy                     -54.29896476
 Nuclear energy                         5.44741247
 Kinetic energy                        55.71025548
 One electron energy                  -81.83497859
 Two electron energy                   21.93726012
 Virial quotient                       -0.97738389
 Correlation energy                    -0.15134125
 !MRCI STATE 2.4 Energy               -54.450306001416

 Properties without orbital relaxation:

 !MRCI STATE 2.4 Dipole moment          0.00000000     0.00000000    -1.55285696
 Dipole moment /Debye                   0.00000000     0.00000000    -3.94696870

 Cluster corrected energies           -54.45746493 (Davidson, fixed reference)
 Cluster corrected energies           -54.45745873 (Davidson, relaxed reference)
 Cluster corrected energies           -54.45746493 (Davidson, rotated reference)

 Cluster corrected energies           -54.45515259 (Pople, fixed reference)
 Cluster corrected energies           -54.45514833 (Pople, relaxed reference)
 Cluster corrected energies           -54.45515259 (Pople, rotated reference)


 !MRCI trans          <2.4|DMZ|1.4>    -0.329981406563 au =    -0.838729076351 Debye


 **********************************************************************************************************************************
 DATASETS  * FILE   NREC   LENGTH (MB)   RECORD NAMES
              1      21      263.29       500      700      610      701      900      950      970     1000      129      960   
                                          VAR     GEOM    BASINP    GEOM    SYMINP    ZMAT    AOBASIS   BASIS     P2S    ABASIS    
                                         1100     1400     1410     1200     1210     1080     1600     1650     1300     1700   
                                           S        T        V       H0       H01     AOSYM     SMH    MOLCAS    ERIS     OPER   
                                         1380   
                                         JKOP   

              2       8       17.64       500      610      700     1000      520     2100     2140      701   
                                          VAR    BASINP    GEOM     BASIS   MCVARS     RHF     MCSCF    GEOM   

 PROGRAMS   *        TOTAL        CI     MULTI       INT        CI     MULTI       INT        CI     MULTI       INT        CI
 CPU TIMES  *       359.66      5.67      1.27      8.70      5.64      1.27      8.70      5.67      1.29      8.72      5.70
 REAL TIME  *       385.65 SEC
 DISK USED  *       796.16 MB
 **********************************************************************************************************************************
 SETTING E1(23)         =       -54.87660391  AU                              
 SETTING E2(23)         =       -54.45030600  AU                              

 DO I                   =        24.00000000   


 Using spherical harmonics

 Library entry N      S aug-cc-pV5Z          selected for orbital group  1
 Library entry N      P aug-cc-pV5Z          selected for orbital group  1
 Library entry N      D aug-cc-pV5Z          selected for orbital group  1
 Library entry N      F aug-cc-pV5Z          selected for orbital group  1
 Library entry N      G aug-cc-pV5Z          selected for orbital group  1
 Library entry N      H aug-cc-pV5Z          selected for orbital group  1
 Library entry H      S aug-cc-pV5Z          selected for orbital group  2
 Library entry H      P aug-cc-pV5Z          selected for orbital group  2
 Library entry H      D aug-cc-pV5Z          selected for orbital group  2
 Library entry H      F aug-cc-pV5Z          selected for orbital group  2
 Library entry H      G aug-cc-pV5Z          selected for orbital group  2


 PROGRAM * SEWARD (Integral evaluation for generally contracted gaussian basis sets)     Author: Roland Lindh, 1990

 Geometry written to block  1 of record 701

 Orientation using atomic masses  
 Molecule type: Linear
 Symmetry elements: X,Y
 Rotational constants:    1233.8823003   1233.8823003      0.0000000 GHz  (calculated with average atomic masses)

 Point group  C2v 



 ATOMIC COORDINATES

 NR  ATOM    CHARGE       X              Y              Z

   1  N       7.00    0.000000000    0.000000000   -0.083726427
   2  H       1.00    0.000000000    0.000000000    1.163492815

 Bond lengths in Bohr (Angstrom)

 1-2  1.247219242
     ( 0.660000000)

 NUCLEAR CHARGE:                    8
 NUMBER OF PRIMITIVE AOS:         307
 NUMBER OF SYMMETRY AOS:          227
 NUMBER OF CONTRACTIONS:          207   (   77A1  +   50B1  +   50B2  +   30A2  )
 NUMBER OF INNER CORE ORBITALS:     0   (    0A1  +    0B1  +    0B2  +    0A2  )
 NUMBER OF OUTER CORE ORBITALS:     1   (    1A1  +    0B1  +    0B2  +    0A2  )
 NUMBER OF VALENCE ORBITALS:        5   (    3A1  +    1B1  +    1B2  +    0A2  )


 NUCLEAR REPULSION ENERGY    5.61248557

 EXTRA SYMMETRY OF AOS IN SYMMETRY 1:   1 1 1 1 1 1 1 1 1 1   1 1 1 1 2 1 2 1 2 1   2 1 2 1 2 1 2 1 2 1   2 1 3 2 1 3 2 1 3 2
                                        2 3 1 2 3 1 1 1 1 1   1 1 1 1 1 1 1 1 2 1   2 1 2 1 2 1 2 1 2 1   2 1 3 2 1 3 2
 EXTRA SYMMETRY OF AOS IN SYMMETRY 2:   1 1 1 1 1 1 1 1 1 1   1 1 2 1 2 1 2 1 2 1   2 1 2 1 2 1 2 3 1 2   3 1 1 1 1 1 1 1 1 1
                                        1 2 1 2 1 2 1 2 1 2
 EXTRA SYMMETRY OF AOS IN SYMMETRY 3:   1 1 1 1 1 1 1 1 1 1   1 1 2 1 2 1 2 1 2 1   2 1 2 1 2 1 2 3 1 2   3 1 1 1 1 1 1 1 1 1
                                        1 2 1 2 1 2 1 2 1 2
 EXTRA SYMMETRY OF AOS IN SYMMETRY 4:   1 1 1 1 1 1 1 1 1 1   2 1 2 1 2 2 1 2 1 1   1 1 1 1 1 1 1 2 1 2

 Eigenvalues of metric

         1 0.526E-05 0.378E-04 0.552E-04 0.908E-04 0.229E-03 0.244E-03 0.365E-03 0.742E-03
         2 0.452E-04 0.313E-03 0.100E-02 0.244E-02 0.383E-02 0.509E-02 0.897E-02 0.122E-01
         3 0.452E-04 0.313E-03 0.100E-02 0.244E-02 0.383E-02 0.509E-02 0.897E-02 0.122E-01
         4 0.742E-03 0.370E-02 0.120E-01 0.213E-01 0.494E-01 0.727E-01 0.122E+00 0.126E+00


 Contracted 2-electron integrals neglected if value below      1.0D-12
 AO integral compression algorithm  1   Integral accuracy      1.0D-12

     299.106 MB (compressed) written to integral file ( 53.1%)


 NUMBER OF SORTED TWO-ELECTRON INTEGRALS:   59167011.     BUFFER LENGTH:  32768
 NUMBER OF SEGMENTS:   4  SEGMENT LENGTH:   15999984      RECORD LENGTH: 524288

 Memory used in sort:      16.56 MW

 SORT1 READ    70490039. AND WROTE    39593887. INTEGRALS IN    116 RECORDS. CPU TIME:     0.80 SEC, REAL TIME:     0.94 SEC
 SORT2 READ    39593887. AND WROTE    59167011. INTEGRALS IN   1141 RECORDS. CPU TIME:     0.65 SEC, REAL TIME:     0.77 SEC

 FILE SIZES:   FILE 1:   330.2 MBYTE,  FILE 4:   486.6 MBYTE,   TOTAL:    816.8 MBYTE

 OPERATOR DM      FOR CENTER  0  COORDINATES:    0.000000    0.000000    0.000000


 **********************************************************************************************************************************
 DATASETS  * FILE   NREC   LENGTH (MB)   RECORD NAMES
              1      20      260.90       500      700      610      701      900      950      970     1000      129      960   
                                          VAR     GEOM    BASINP    GEOM    SYMINP    ZMAT    AOBASIS   BASIS     P2S    ABASIS    
                                         1100     1400     1410     1200     1210     1080     1600     1650     1300     1700   
                                           S        T        V       H0       H01     AOSYM     SMH    MOLCAS    ERIS     OPER   

              2       8       17.64       500      610      700     1000      520     2100     2140      701   
                                          VAR    BASINP    GEOM     BASIS   MCVARS     RHF     MCSCF    GEOM   

 PROGRAMS   *        TOTAL       INT        CI     MULTI       INT        CI     MULTI       INT        CI     MULTI       INT
 CPU TIMES  *       368.41      8.75      5.67      1.27      8.70      5.64      1.27      8.70      5.67      1.29      8.72
 REAL TIME  *       394.82 SEC
 DISK USED  *       796.66 MB
 **********************************************************************************************************************************

 PROGRAM * MULTI (Direct Multiconfiguration SCF)       Authors: P.J. Knowles, H.-J. Werner (1984)
                                                                D.A. Kreplin, P.J. Knowles, H.-J. Werner (2019)

 Number of closed-shell orbitals:   1 (   1   0   0   0 )
 Number of active  orbitals:        5 (   3   1   1   0 )
 Number of external orbitals:     201 (  73  49  49  30 )

 State symmetry 1

 Number of active electrons:   6    Spin symmetry=Singlet   Space symmetry=4
 Number of states:             3
 Number of CSFs:               9   (24 determinants, 100 intermediate states)

 Molecular orbitals read from record     2140.2  Type=MCSCF/NATURAL (state averaged)

 EXTRA SYMMETRY OF MOS IN SYMMETRY 1:   1 1 1 1 1 1 1 2 1 1   1 1 2 1 1 2 1 1 2 1   2 1 1 1 3 2 1 2 1 2   1 2 1 3 1 1 2 1 1 2
                                        1 3 2 1 2 3 1 1 2 1   2 1 1 2 1 1 1 3 2 2   1 3 2 3 1 1 1 2 2 1   2 1 1 2 1 1 1
 EXTRA SYMMETRY OF MOS IN SYMMETRY 2:   1 1 1 1 1 1 2 1 1 1   2 1 1 1 2 1 1 2 1 2   1 1 1 3 2 1 2 1 2 1   1 2 1 1 1 2 3 1 1 1
                                        2 2 2 1 1 2 1 1 1 1
 EXTRA SYMMETRY OF MOS IN SYMMETRY 3:   1 1 1 1 1 1 2 1 1 1   2 1 1 1 2 1 1 2 1 2   1 1 1 3 2 1 2 1 2 1   1 2 1 1 1 2 3 1 1 1
                                        2 2 2 1 1 2 1 1 1 1
 EXTRA SYMMETRY OF MOS IN SYMMETRY 4:   1 1 1 1 1 2 1 1 1 1   2 1 1 2 1 1 2 1 1 1   2 1 1 2 1 2 1 1 1 1

 Wavefunction dump at record             2140.2

 Convergence thresholds  0.10E-04 (gradient)  0.10E-05 (energy)

 Weight factors for state symmetry  1:    0.33333   0.33333   0.33333
 
 Number of orbital rotations:  393  ( 3 closed/active, 73 closed/virtual, 0 active/active, 317 active/virtual )
 Total number of variables:    465
 
  Second-order MCSCF: L-BFGS accelerated
 
 ITER  MIC  NCI  NEG     ENERGY(VAR)    ENERGY(PROJ) ENERGY CHANGE       GRAD(0)  GRAD(ORB)   GRAD(CI)      STEP      TIME
   1    5    3    0    -54.37192279     -54.37215937   -0.00023659    0.05167187 0.00002079 0.00000000  0.90E-02      0.36
   2    9    6    0    -54.37215914     -54.37215914   -0.00000000    0.00006314 0.00000000 0.00000000  0.38E-04      0.74
   3    3    2    0    -54.37215914     -54.37215914    0.00000000    0.00000000 0.00000000 0.00000000  0.29E-09      1.08

 CONVERGENCE REACHED!  Final gradient:    0.00000000 ( 0.42E-11)
                       Final energy:    -54.37215914
 
 Results for state 1.4
 =====================
 !MCSCF STATE 1.4 Energy                       -54.634245991861
 Nuclear energy                                  5.61248557
 Kinetic energy                                 56.95341142
 One electron energy                           -85.56551861
 Two electron energy                            25.31878705
 Virial ratio                                    1.95927960
 
 !MCSCF STATE 1.4 Dipole moment                  0.00000000     0.00000000     0.76758960
 Dipole moment /Debye                            0.00000000     0.00000000     1.95101817
 
 Results for state 2.4
 =====================
 !MCSCF STATE 2.4 Energy                       -54.257945554722
 Nuclear energy                                  5.61248557
 Kinetic energy                                 55.23890887
 One electron energy                           -81.77169036
 Two electron energy                            21.90125923
 Virial ratio                                    1.98224144
 
 !MCSCF STATE 2.4 Dipole moment                  0.00000000     0.00000000    -1.62009378
 Dipole moment /Debye                            0.00000000     0.00000000    -4.11786766
 
 Results for state 3.4
 =====================
 !MCSCF STATE 3.4 Energy                       -54.224285870365
 Nuclear energy                                  5.61248557
 Kinetic energy                                 55.23465695
 One electron energy                           -81.71742781
 Two electron energy                            21.88065637
 Virial ratio                                    1.98170766
 
 !MCSCF STATE 3.4 Dipole moment                  0.00000000     0.00000000    -1.46789121
 Dipole moment /Debye                            0.00000000     0.00000000    -3.73100731
 
 State-averaged charge density matrix saved on record 2140.2 (density set 1)
 
 Expectation values: (only non-zero values are shown)
 
 !MCSCF expec                       <1.4|DMZ|1.4>     0.767589603883 au =     1.951018168529 Debye
 !MCSCF expec                       <2.4|DMZ|2.4>    -1.620093784155 au =    -4.117867662120 Debye
 !MCSCF expec                       <3.4|DMZ|3.4>    -1.467891213293 au =    -3.731007314420 Debye
 
 Transition values: (only non-zero values with the ground state are shown)
 
 !MCSCF trans                       <1.4|DMZ|2.4>    -0.163239959629 au =    -0.414914591672 Debye
 

 EXTRA SYMMETRY OF MOS IN SYMMETRY 1:   1 1 1 1 1 1 1 2 1 1   1 1 2 1 1 2 1 1 2 1   2 1 1 1 3 2 1 2 1 2   1 2 1 3 1 1 2 1 1 2
                                        1 2 3 1 2 3 1 1 2 1   2 1 1 2 1 1 1 3 2 2   1 3 2 3 1 1 1 2 2 1   2 1 1 2 1 1 1
 EXTRA SYMMETRY OF MOS IN SYMMETRY 4:   1 1 1 1 1 2 1 1 1 1   2 1 1 1 2 1 2 1 1 1   2 1 1 2 1 2 1 1 1 1
 
 Natural orbital dump (state averaged) at molpro section 2140.2 (Orbital set 2)
 
 Reoptimze the CI vectors with natural orbitals 
 
 CI Coefficients of symmetry 4
 =============================
 
 220 a b       -0.70612838     -0.03040068     -0.00000000
 220 b a        0.70612838      0.03040068      0.00000000
 2aa b b        0.00000000     -0.00000000      0.57629316
 2bb a a        0.00000000     -0.00000000      0.57629316
 2ba a b       -0.02063618      0.49865460     -0.28814658
 2ab b a       -0.02063618      0.49865460     -0.28814658
 2ba b a        0.02063618     -0.49865460     -0.28814658
 2ab a b        0.02063618     -0.49865460     -0.28814658
 
 Energy:      -54.63424599    -54.25794555    -54.22428587
 


 **********************************************************************************************************************************
 DATASETS  * FILE   NREC   LENGTH (MB)   RECORD NAMES
              1      21      263.82       500      700      610      701      900      950      970     1000      129      960   
                                          VAR     GEOM    BASINP    GEOM    SYMINP    ZMAT    AOBASIS   BASIS     P2S    ABASIS    
                                         1100     1400     1410     1200     1210     1080     1600     1650     1300     1700   
                                           S        T        V       H0       H01     AOSYM     SMH    MOLCAS    ERIS     OPER   
                                         1380   
                                         JKOP   

              2       8       17.64       500      610      700     1000      520     2100     2140      701   
                                          VAR    BASINP    GEOM     BASIS   MCVARS     RHF     MCSCF    GEOM   

 PROGRAMS   *        TOTAL     MULTI       INT        CI     MULTI       INT        CI     MULTI       INT        CI     MULTI
 CPU TIMES  *       369.72      1.31      8.75      5.67      1.27      8.70      5.64      1.27      8.70      5.67      1.29
 REAL TIME  *       396.26 SEC
 DISK USED  *       796.66 MB
 **********************************************************************************************************************************


 PROGRAM * CI (Multireference internally contracted CI)     Authors: H.-J. Werner, P.J. Knowles, 1987


 Convergence thresholds:  THRVAR = 1.00D-08  THRDEN = 1.00D-06

 Number of optimized states: 2  Roots:    1   2
 Number of reference states: 2  Roots:    1   2

 Program parameters:       NSTATE=  2    NSTATI=  3    NSTATR=  2    NCEPA = -1    NOKOP =  0    ITRDM =  0    ITRANS=  0
                           IDIP  =200    MAXIT =250    MAXITI=250    MAXDAV=  6    MAXVI =  9    NOSING=  0    NOPAIR=  0
                           MXSHRF=  5    IKCPS =  0    IOPTGM=  2    IOPTOR=  0    REFOPT=  1    IAVDEN=  0    IDELCG=  1
                           IREST =  0    NATORB=  0    IPUNRF=  0    ISEP  =  0    OLDDEN=  0    NSTPRI=  1    GPSFLI= -1
                           CLUSTE=  0    CLOSED=  1    ILSTYP=  0    ITRLS =  0    ICCSD =  0    LOCAL =  0    IBASO =  0
                           MP    =  0    ITEDIS=  2    INCDIS=  1    MAXDIS=  6    ITYDIS=  1    BRUECK=  0    IBRSTR=  3
                           INCBRK=  1    TRIPLE=  0    ICCTYP=  1    IHPPD =  0    ICCNEW=  0    I3EXT = -1    IDEB  =  0
                           IDLEIG=  1    IDFTYP=  1    IMP3  =  0    IPROCS=  0    NOINT =  0    NOREF =  1    IMP2G =  0
                           IHINT =  0    IFDIA =  0    ISPARO=  1    JKSYM =  0    CPHF  =  0    MP2D  = -1    DKINT =  0
                           NPKEX =  1    DRVK  =  1    HLSTRA=  1    WIGNER=  1    DIIS_C=  1    MAXIT_= 50    MATEL =  0
                           SPDEG =  1    MEMCPH=  0    DISM  =  1    KDCPMA=  5    IKDCP_=  0    IREDTH=  0    USECS =  0
                           IPROCC=  0    I3SAVE=  1    IKDCP =  1    USECI =  0    OLDPAI=  0    IPROCI=  0    KEEPCL=  1
                           DISCON=  0    SHIFTE=  0    DIISIN=  0    MOLCAS=  0    MEM_PT=  0    RECORD=  0    RS2C  =  0
                           KEXT  = -1    CIPT2 =  0    DECP0S=  0    I4EXT = -1    NATCOR=  0    RIMP2 =  0    DDCI  = -1
                           IPOLAR=  0

 Reference symmetry:                   4   Singlet 
 Number of electrons:                  8
 Maximum number of shells:             4
 Maximum number of spin couplings:     5

 Reference space:        6 conf        9 CSFs
 N elec internal:       45 conf       50 CSFs
 N-1 el internal:       48 conf       72 CSFs
 N-2 el internal:       26 conf       64 CSFs

 Number of electrons in valence space:                      6
 Maximum number of open shell orbitals in reference space:  4
 Maximum number of open shell orbitals in internal spaces:  6


 Number of core orbitals:           1 (   1   0   0   0 )
 Number of active  orbitals:        5 (   3   1   1   0 )
 Number of external orbitals:     201 (  73  49  49  30 )

 Molecular orbitals read from record     2140.2  Type=MCSCF/NATURAL (state averaged)

 Valence orbitals related to previous ones by unitary transformation. Operators transformed.


 Number of p-space configurations:   3

 Reference wavefunction optimized for reference space (refopt=1)

 State     Reference Energy 
     1       -54.63424599
     2       -54.25794555
     3       -54.22428587

 Number of blocks in overlap matrix:     8   Smallest eigenvalue:  0.13D-02
 Number of N-2 electron functions:      35
 Number of N-1 electron functions:      72

 Number of internal configurations:                    9
 Number of singly external configurations:          3575
 Number of doubly external configurations:        180251
 Total number of contracted configurations:       183835
 Total number of uncontracted configurations:     332025

 Diagonal Coupling coefficients finished.               Storage:    6197 words, CPU-Time:      0.00 seconds.
 Energy denominators for pairs finished in 1 passes.    Storage:  121346 words, CPU-time:      0.00 seconds.

  ITER. STATE  ROOT     SQ.NORM     CORR.ENERGY   TOTAL ENERGY   ENERGY CHANGE       DEN1      VAR(S)    VAR(P)      TIME
    1     1     1     1.00000000     0.00000000   -54.63424599     0.00000000    -0.21621604  0.60D-01  0.21D-01     0.16
    1     2     2     1.00000000     0.00000000   -54.25794555     0.00000000    -0.14555568  0.26D-01  0.14D-01     0.16
    2     1     1     1.06555266    -0.19439850   -54.82864449    -0.19439850    -0.00789484  0.18D-02  0.94D-03     0.75
    2     2     2     1.04166442    -0.14745308   -54.40539864    -0.14745308    -0.00296142  0.40D-03  0.43D-03     0.75
    3     1     1     1.06508449    -0.20282071   -54.83706670    -0.00842221    -0.00039208  0.52D-04  0.60D-04     1.35
    3     2     2     1.04376171    -0.15085150   -54.40879705    -0.00339841    -0.00019572  0.46D-04  0.35D-04     1.35
    4     1     1     1.06713384    -0.20331890   -54.83756489    -0.00049819    -0.00002974  0.37D-05  0.47D-05     1.94
    4     2     2     1.04564959    -0.15112264   -54.40906819    -0.00027114    -0.00003328  0.78D-05  0.63D-05     1.94
    5     1     1     1.06783083    -0.20335818   -54.83760417    -0.00003928    -0.00000229  0.24D-06  0.34D-06     2.54
    5     2     2     1.04598964    -0.15116593   -54.40911148    -0.00004329    -0.00000729  0.23D-05  0.14D-05     2.54
    6     1     1     1.06786282    -0.20336106   -54.83760705    -0.00000288    -0.00000022  0.18D-07  0.33D-07     3.13
    6     2     2     1.04604016    -0.15117462   -54.40912018    -0.00000870    -0.00000175  0.13D-05  0.27D-06     3.13
    7     1     1     1.06788073    -0.20336132   -54.83760732    -0.00000026    -0.00000002  0.18D-08  0.36D-08     3.72
    7     2     2     1.04620127    -0.15117708   -54.40912264    -0.00000246    -0.00000068  0.61D-06  0.96D-07     3.72
    8     1     1     1.06788468    -0.20336133   -54.83760732    -0.00000000    -0.00000002  0.17D-08  0.35D-08     4.20
    8     2     2     1.04639958    -0.15117853   -54.40912408    -0.00000145    -0.00000035  0.23D-06  0.62D-07     4.20
    9     1     1     1.06788476    -0.20336133   -54.83760732    -0.00000000    -0.00000002  0.17D-08  0.35D-08     4.67
    9     2     2     1.04650120    -0.15117911   -54.40912466    -0.00000058    -0.00000020  0.85D-07  0.39D-07     4.67
   10     1     1     1.06788501    -0.20336133   -54.83760732    -0.00000000    -0.00000002  0.17D-08  0.35D-08     5.14
   10     2     2     1.04663875    -0.15117947   -54.40912502    -0.00000036    -0.00000007  0.12D-07  0.13D-07     5.14
   11     1     1     1.06788486    -0.20336133   -54.83760732    -0.00000000    -0.00000002  0.17D-08  0.35D-08     5.61
   11     2     2     1.04663957    -0.15117955   -54.40912510    -0.00000008    -0.00000001  0.38D-08  0.23D-08     5.61


 =====================================
 Analysis of CPU times by interactions
 =====================================

       I      S      P

 I   0.0%
 S   0.0%   0.0%
 P   0.0%   0.5%  14.6%

 Initialization:   2.9%
 Other:           82.0%

 Total CPU:        5.6 seconds
 =====================================



 gnormi=  0.93643054  gnorms=  0.03883500  gnormp=  0.02473446  gnorm=  1.00000000
 ecorri= -0.19043376  ecorrs= -0.00789594  ecorrp= -0.00503163  ecorr= -0.20336133

 gnormi=  0.95543875  gnorms=  0.02764465  gnormp=  0.01691660  gnorm=  1.00000000
 ecorri= -0.14444280  ecorrs= -0.00418076  ecorrp= -0.00255599  ecorr= -0.15117955

 Reference coefficients greater than 0.0500000
 =============================================
 2/\/\          -0.0298146   0.9750384
 220/\           0.9669555   0.0316649
 /2\/\           0.0227527  -0.0569452

 Coefficients of singly external configurations greater than 0.0500000
 =====================================================================

 2200\   5.2     0.0506260   0.0024247
 220\0   5.3     0.0506256   0.0024206

 Coefficients of fixed reference functions:
 ==========================================

 State      Coefficients
 1           0.967603    0.010602
 2          -0.010450    0.977392

 Coefficients of rotated reference functions:
 ============================================

 State      Coefficients
 1           0.967661    0.000129
 2           0.000129    0.977448


 RESULTS FOR STATE 1.4
 =====================

 Coefficient of reference function:   C(0) = 0.96760280 (fixed)   0.96769341 (relaxed)   0.96766087 (rotated)

 Energy contributions of configuration classes

 CLASS          SQ.NORM        ECORR1        ECORR2
 +++++++++++++++++++++++++++++++++++++++++++++++++++
 Internals    0.00006726    0.00000054   -0.11852675
 Singles      0.04147410   -0.07291832   -0.07617429
 Pairs        0.02641533   -0.00387524   -0.00866028
 Total        1.06795669   -0.07679302   -0.20336133
 +++++++++++++++++++++++++++++++++++++++++++++++++++


 Reference energy                     -54.63420191
 Nuclear energy                         5.61248557
 Kinetic energy                        56.31517468
 One electron energy                  -84.69803040
 Two electron energy                   24.24793751
 Virial quotient                       -0.97376254
 Correlation energy                    -0.20340541
 !MRCI STATE 1.4 Energy               -54.837607318009

 Properties without orbital relaxation:

 !MRCI STATE 1.4 Dipole moment          0.00000000     0.00000000     0.63805656
 Dipole moment /Debye                   0.00000000     0.00000000     1.62177800

 Cluster corrected energies           -54.85143008 (Davidson, fixed reference)
 Cluster corrected energies           -54.85141547 (Davidson, relaxed reference)
 Cluster corrected energies           -54.85143008 (Davidson, rotated reference)

 Cluster corrected energies           -54.84702596 (Pople, fixed reference)
 Cluster corrected energies           -54.84701580 (Pople, relaxed reference)
 Cluster corrected energies           -54.84702596 (Pople, rotated reference)



 RESULTS FOR STATE 2.4
 =====================

 Coefficient of reference function:   C(0) = 0.97739192 (fixed)   0.97746547 (relaxed)   0.97744777 (rotated)

 Energy contributions of configuration classes

 CLASS          SQ.NORM        ECORR1        ECORR2
 +++++++++++++++++++++++++++++++++++++++++++++++++++
 Internals    0.00003622    0.00000054   -0.00002199
 Singles      0.02893503   -0.06055690   -0.06203707
 Pairs        0.01770623   -0.09060510   -0.08912049
 Total        1.04667748   -0.15116147   -0.15117955
 +++++++++++++++++++++++++++++++++++++++++++++++++++


 Reference energy                     -54.25798963
 Nuclear energy                         5.61248557
 Kinetic energy                        55.80938610
 One electron energy                  -82.03866856
 Two electron energy                   22.01705789
 Virial quotient                       -0.97490994
 Correlation energy                    -0.15113547
 !MRCI STATE 2.4 Energy               -54.409125104986

 Properties without orbital relaxation:

 !MRCI STATE 2.4 Dipole moment          0.00000000     0.00000000    -1.55202958
 Dipole moment /Debye                   0.00000000     0.00000000    -3.94486572

 Cluster corrected energies           -54.41617973 (Davidson, fixed reference)
 Cluster corrected energies           -54.41617400 (Davidson, relaxed reference)
 Cluster corrected energies           -54.41617973 (Davidson, rotated reference)

 Cluster corrected energies           -54.41390014 (Pople, fixed reference)
 Cluster corrected energies           -54.41389620 (Pople, relaxed reference)
 Cluster corrected energies           -54.41390014 (Pople, rotated reference)


 !MRCI trans          <2.4|DMZ|1.4>    -0.311446758339 au =    -0.791618699595 Debye


 **********************************************************************************************************************************
 DATASETS  * FILE   NREC   LENGTH (MB)   RECORD NAMES
              1      21      263.82       500      700      610      701      900      950      970     1000      129      960   
                                          VAR     GEOM    BASINP    GEOM    SYMINP    ZMAT    AOBASIS   BASIS     P2S    ABASIS    
                                         1100     1400     1410     1200     1210     1080     1600     1650     1300     1700   
                                           S        T        V       H0       H01     AOSYM     SMH    MOLCAS    ERIS     OPER   
                                         1380   
                                         JKOP   

              2       8       17.64       500      610      700     1000      520     2100     2140      701   
                                          VAR    BASINP    GEOM     BASIS   MCVARS     RHF     MCSCF    GEOM   

 PROGRAMS   *        TOTAL        CI     MULTI       INT        CI     MULTI       INT        CI     MULTI       INT        CI
 CPU TIMES  *       375.36      5.64      1.31      8.75      5.67      1.27      8.70      5.64      1.27      8.70      5.67
 REAL TIME  *       402.48 SEC
 DISK USED  *       796.66 MB
 **********************************************************************************************************************************
 SETTING E1(24)         =       -54.83760732  AU                              
 SETTING E2(24)         =       -54.40912510  AU                              

 DO I                   =        25.00000000   


 Using spherical harmonics

 Library entry N      S aug-cc-pV5Z          selected for orbital group  1
 Library entry N      P aug-cc-pV5Z          selected for orbital group  1
 Library entry N      D aug-cc-pV5Z          selected for orbital group  1
 Library entry N      F aug-cc-pV5Z          selected for orbital group  1
 Library entry N      G aug-cc-pV5Z          selected for orbital group  1
 Library entry N      H aug-cc-pV5Z          selected for orbital group  1
 Library entry H      S aug-cc-pV5Z          selected for orbital group  2
 Library entry H      P aug-cc-pV5Z          selected for orbital group  2
 Library entry H      D aug-cc-pV5Z          selected for orbital group  2
 Library entry H      F aug-cc-pV5Z          selected for orbital group  2
 Library entry H      G aug-cc-pV5Z          selected for orbital group  2


 PROGRAM * SEWARD (Integral evaluation for generally contracted gaussian basis sets)     Author: Roland Lindh, 1990

 Geometry written to block  1 of record 701

 Orientation using atomic masses  
 Molecule type: Linear
 Symmetry elements: X,Y
 Rotational constants:    1312.2049073   1312.2049073      0.0000000 GHz  (calculated with average atomic masses)

 Point group  C2v 



 ATOMIC COORDINATES

 NR  ATOM    CHARGE       X              Y              Z

   1  N       7.00    0.000000000    0.000000000   -0.081189263
   2  H       1.00    0.000000000    0.000000000    1.128235457

 Bond lengths in Bohr (Angstrom)

 1-2  1.209424720
     ( 0.640000000)

 NUCLEAR CHARGE:                    8
 NUMBER OF PRIMITIVE AOS:         307
 NUMBER OF SYMMETRY AOS:          227
 NUMBER OF CONTRACTIONS:          207   (   77A1  +   50B1  +   50B2  +   30A2  )
 NUMBER OF INNER CORE ORBITALS:     0   (    0A1  +    0B1  +    0B2  +    0A2  )
 NUMBER OF OUTER CORE ORBITALS:     1   (    1A1  +    0B1  +    0B2  +    0A2  )
 NUMBER OF VALENCE ORBITALS:        5   (    3A1  +    1B1  +    1B2  +    0A2  )


 NUCLEAR REPULSION ENERGY    5.78787574

 EXTRA SYMMETRY OF AOS IN SYMMETRY 1:   1 1 1 1 1 1 1 1 1 1   1 1 1 1 2 1 2 1 2 1   2 1 2 1 2 1 2 1 2 1   2 1 3 2 1 3 2 1 3 2
                                        2 3 1 2 3 1 1 1 1 1   1 1 1 1 1 1 1 1 2 1   2 1 2 1 2 1 2 1 2 1   2 1 3 2 1 3 2
 EXTRA SYMMETRY OF AOS IN SYMMETRY 2:   1 1 1 1 1 1 1 1 1 1   1 1 2 1 2 1 2 1 2 1   2 1 2 1 2 1 2 3 1 2   3 1 1 1 1 1 1 1 1 1
                                        1 2 1 2 1 2 1 2 1 2
 EXTRA SYMMETRY OF AOS IN SYMMETRY 3:   1 1 1 1 1 1 1 1 1 1   1 1 2 1 2 1 2 1 2 1   2 1 2 1 2 1 2 3 1 2   3 1 1 1 1 1 1 1 1 1
                                        1 2 1 2 1 2 1 2 1 2
 EXTRA SYMMETRY OF AOS IN SYMMETRY 4:   1 1 1 1 1 1 1 1 1 1   2 1 2 1 2 2 1 2 1 1   1 1 1 1 1 1 1 2 1 2

 Eigenvalues of metric

         1 0.484E-05 0.329E-04 0.515E-04 0.861E-04 0.218E-03 0.238E-03 0.311E-03 0.667E-03
         2 0.409E-04 0.275E-03 0.924E-03 0.218E-02 0.361E-02 0.470E-02 0.811E-02 0.114E-01
         3 0.409E-04 0.275E-03 0.924E-03 0.218E-02 0.361E-02 0.470E-02 0.811E-02 0.114E-01
         4 0.667E-03 0.340E-02 0.115E-01 0.197E-01 0.445E-01 0.704E-01 0.116E+00 0.119E+00


 Contracted 2-electron integrals neglected if value below      1.0D-12
 AO integral compression algorithm  1   Integral accuracy      1.0D-12

     299.893 MB (compressed) written to integral file ( 53.1%)


 NUMBER OF SORTED TWO-ELECTRON INTEGRALS:   59167011.     BUFFER LENGTH:  32768
 NUMBER OF SEGMENTS:   4  SEGMENT LENGTH:   15999984      RECORD LENGTH: 524288

 Memory used in sort:      16.56 MW

 SORT1 READ    70490039. AND WROTE    39593882. INTEGRALS IN    116 RECORDS. CPU TIME:     0.79 SEC, REAL TIME:     0.94 SEC
 SORT2 READ    39593882. AND WROTE    59167011. INTEGRALS IN   1144 RECORDS. CPU TIME:     0.66 SEC, REAL TIME:     0.77 SEC

 FILE SIZES:   FILE 1:   331.0 MBYTE,  FILE 4:   486.6 MBYTE,   TOTAL:    817.6 MBYTE

 OPERATOR DM      FOR CENTER  0  COORDINATES:    0.000000    0.000000    0.000000


 **********************************************************************************************************************************
 DATASETS  * FILE   NREC   LENGTH (MB)   RECORD NAMES
              1      20      261.41       500      700      610      701      900      950      970     1000      129      960   
                                          VAR     GEOM    BASINP    GEOM    SYMINP    ZMAT    AOBASIS   BASIS     P2S    ABASIS    
                                         1100     1400     1410     1200     1210     1080     1600     1650     1300     1700   
                                           S        T        V       H0       H01     AOSYM     SMH    MOLCAS    ERIS     OPER   

              2       8       17.64       500      610      700     1000      520     2100     2140      701   
                                          VAR    BASINP    GEOM     BASIS   MCVARS     RHF     MCSCF    GEOM   

 PROGRAMS   *        TOTAL       INT        CI     MULTI       INT        CI     MULTI       INT        CI     MULTI       INT
 CPU TIMES  *       384.07      8.71      5.64      1.31      8.75      5.67      1.27      8.70      5.64      1.27      8.70
 REAL TIME  *       411.64 SEC
 DISK USED  *       797.41 MB
 **********************************************************************************************************************************

 PROGRAM * MULTI (Direct Multiconfiguration SCF)       Authors: P.J. Knowles, H.-J. Werner (1984)
                                                                D.A. Kreplin, P.J. Knowles, H.-J. Werner (2019)

 Number of closed-shell orbitals:   1 (   1   0   0   0 )
 Number of active  orbitals:        5 (   3   1   1   0 )
 Number of external orbitals:     201 (  73  49  49  30 )

 State symmetry 1

 Number of active electrons:   6    Spin symmetry=Singlet   Space symmetry=4
 Number of states:             3
 Number of CSFs:               9   (24 determinants, 100 intermediate states)

 Molecular orbitals read from record     2140.2  Type=MCSCF/NATURAL (state averaged)

 EXTRA SYMMETRY OF MOS IN SYMMETRY 1:   1 1 1 1 1 1 1 2 1 1   1 1 2 1 1 2 1 1 2 1   2 1 1 1 3 2 1 2 1 2   1 2 1 3 1 1 2 1 1 2
                                        1 2 3 1 2 3 1 1 2 1   2 1 1 2 1 1 1 3 2 2   1 3 2 3 1 1 1 2 2 1   2 1 1 2 1 1 1
 EXTRA SYMMETRY OF MOS IN SYMMETRY 2:   1 1 1 1 1 1 2 1 1 1   2 1 1 1 2 1 1 2 1 2   1 1 1 3 2 1 2 1 2 1   1 2 1 1 1 2 3 1 1 1
                                        2 2 2 1 1 2 1 1 1 1
 EXTRA SYMMETRY OF MOS IN SYMMETRY 3:   1 1 1 1 1 1 2 1 1 1   2 1 1 1 2 1 1 2 1 2   1 1 1 3 2 1 2 1 2 1   1 2 1 1 1 2 3 1 1 1
                                        2 2 2 1 1 2 1 1 1 1
 EXTRA SYMMETRY OF MOS IN SYMMETRY 4:   1 1 1 1 1 2 1 1 1 1   2 1 1 1 2 1 2 1 1 1   2 1 1 2 1 2 1 1 1 1

 Wavefunction dump at record             2140.2

 Convergence thresholds  0.10E-04 (gradient)  0.10E-05 (energy)

 Weight factors for state symmetry  1:    0.33333   0.33333   0.33333
 
 Number of orbital rotations:  393  ( 3 closed/active, 73 closed/virtual, 0 active/active, 317 active/virtual )
 Total number of variables:    465
 
  Second-order MCSCF: L-BFGS accelerated
 
 ITER  MIC  NCI  NEG     ENERGY(VAR)    ENERGY(PROJ) ENERGY CHANGE       GRAD(0)  GRAD(ORB)   GRAD(CI)      STEP      TIME
   1    4    3    0    -54.32533559     -54.32558784   -0.00025225    0.05555605 0.00002422 0.00000000  0.87E-02      0.36
   2    9    6    0    -54.32558758     -54.32558758   -0.00000000    0.00006826 0.00000000 0.00000000  0.40E-04      0.74
   3    3    2    0    -54.32558758     -54.32558758    0.00000000    0.00000000 0.00000000 0.00000000  0.34E-09      1.08

 CONVERGENCE REACHED!  Final gradient:    0.00000000 ( 0.36E-11)
                       Final energy:    -54.32558758
 
 Results for state 1.4
 =====================
 !MCSCF STATE 1.4 Energy                       -54.589296330817
 Nuclear energy                                  5.78787574
 Kinetic energy                                 57.07057837
 One electron energy                           -85.79937826
 Two electron energy                            25.42220618
 Virial ratio                                    1.95652257
 
 !MCSCF STATE 1.4 Dipole moment                  0.00000000     0.00000000     0.76257501
 Dipole moment /Debye                            0.00000000     0.00000000     1.93827233
 
 Results for state 2.4
 =====================
 !MCSCF STATE 2.4 Energy                       -54.211117232853
 Nuclear energy                                  5.78787574
 Kinetic energy                                 55.34645380
 One electron energy                           -81.98655031
 Two electron energy                            21.98755734
 Virial ratio                                    1.97948673
 
 !MCSCF STATE 2.4 Dipole moment                  0.00000000     0.00000000    -1.61090384
 Dipole moment /Debye                            0.00000000     0.00000000    -4.09450915
 
 Results for state 3.4
 =====================
 !MCSCF STATE 3.4 Energy                       -54.176349176130
 Nuclear energy                                  5.78787574
 Kinetic energy                                 55.33275881
 One electron energy                           -81.92428273
 Two electron energy                            21.96005781
 Virial ratio                                    1.97910081
 
 !MCSCF STATE 3.4 Dipole moment                  0.00000000     0.00000000    -1.46326324
 Dipole moment /Debye                            0.00000000     0.00000000    -3.71924418
 
 State-averaged charge density matrix saved on record 2140.2 (density set 1)
 
 Expectation values: (only non-zero values are shown)
 
 !MCSCF expec                       <1.4|DMZ|1.4>     0.762575006886 au =     1.938272334298 Debye
 !MCSCF expec                       <2.4|DMZ|2.4>    -1.610903838801 au =    -4.094509150927 Debye
 !MCSCF expec                       <3.4|DMZ|3.4>    -1.463263238676 au =    -3.719244176258 Debye
 
 Transition values: (only non-zero values with the ground state are shown)
 
 !MCSCF trans                       <1.4|DMZ|2.4>    -0.140002281048 au =    -0.355850304094 Debye
 

 EXTRA SYMMETRY OF MOS IN SYMMETRY 1:   1 1 1 1 1 1 1 2 1 1   1 1 2 1 1 2 1 1 2 1   2 1 1 1 3 2 1 2 1 2   1 2 1 3 1 1 2 1 1 2
                                        1 2 3 1 2 3 1 1 1 2   2 1 1 2 1 1 1 3 2 2   1 3 2 3 1 1 1 2 2 1   2 1 1 2 1 1 1
 EXTRA SYMMETRY OF MOS IN SYMMETRY 2:   1 1 1 1 1 1 2 1 1 1   2 1 1 1 2 1 1 2 1 2   1 1 1 3 2 1 2 1 2 1   1 2 1 1 1 2 3 1 1 1
                                        2 2 2 1 1 1 2 1 1 1
 EXTRA SYMMETRY OF MOS IN SYMMETRY 3:   1 1 1 1 1 1 2 1 1 1   2 1 1 1 2 1 1 2 1 2   1 1 1 3 2 1 2 1 2 1   1 2 1 1 1 2 3 1 1 1
                                        2 2 2 1 1 1 2 1 1 1
 
 Natural orbital dump (state averaged) at molpro section 2140.2 (Orbital set 2)
 
 Reoptimze the CI vectors with natural orbitals 
 
 CI Coefficients of symmetry 4
 =============================
 
 220 a b       -0.70596564     -0.03431296      0.00000000
 220 b a        0.70596564      0.03431296     -0.00000000
 2aa b b        0.00000000     -0.00000000      0.57632442
 2bb a a        0.00000000     -0.00000000      0.57632442
 2ba a b       -0.02342917      0.49855140     -0.28816221
 2ba b a        0.02342917     -0.49855140     -0.28816221
 2ab b a       -0.02342917      0.49855140     -0.28816221
 2ab a b        0.02342917     -0.49855140     -0.28816221
 
 Energy:      -54.58929633    -54.21111723    -54.17634918
 


 **********************************************************************************************************************************
 DATASETS  * FILE   NREC   LENGTH (MB)   RECORD NAMES
              1      21      264.33       500      700      610      701      900      950      970     1000      129      960   
                                          VAR     GEOM    BASINP    GEOM    SYMINP    ZMAT    AOBASIS   BASIS     P2S    ABASIS    
                                         1100     1400     1410     1200     1210     1080     1600     1650     1300     1700   
                                           S        T        V       H0       H01     AOSYM     SMH    MOLCAS    ERIS     OPER   
                                         1380   
                                         JKOP   

              2       8       17.64       500      610      700     1000      520     2100     2140      701   
                                          VAR    BASINP    GEOM     BASIS   MCVARS     RHF     MCSCF    GEOM   

 PROGRAMS   *        TOTAL     MULTI       INT        CI     MULTI       INT        CI     MULTI       INT        CI     MULTI
 CPU TIMES  *       385.35      1.28      8.71      5.64      1.31      8.75      5.67      1.27      8.70      5.64      1.27
 REAL TIME  *       413.08 SEC
 DISK USED  *       797.41 MB
 **********************************************************************************************************************************


 PROGRAM * CI (Multireference internally contracted CI)     Authors: H.-J. Werner, P.J. Knowles, 1987


 Convergence thresholds:  THRVAR = 1.00D-08  THRDEN = 1.00D-06

 Number of optimized states: 2  Roots:    1   2
 Number of reference states: 2  Roots:    1   2

 Program parameters:       NSTATE=  2    NSTATI=  3    NSTATR=  2    NCEPA = -1    NOKOP =  0    ITRDM =  0    ITRANS=  0
                           IDIP  =200    MAXIT =250    MAXITI=250    MAXDAV=  6    MAXVI =  9    NOSING=  0    NOPAIR=  0
                           MXSHRF=  5    IKCPS =  0    IOPTGM=  2    IOPTOR=  0    REFOPT=  1    IAVDEN=  0    IDELCG=  1
                           IREST =  0    NATORB=  0    IPUNRF=  0    ISEP  =  0    OLDDEN=  0    NSTPRI=  1    GPSFLI= -1
                           CLUSTE=  0    CLOSED=  1    ILSTYP=  0    ITRLS =  0    ICCSD =  0    LOCAL =  0    IBASO =  0
                           MP    =  0    ITEDIS=  2    INCDIS=  1    MAXDIS=  6    ITYDIS=  1    BRUECK=  0    IBRSTR=  3
                           INCBRK=  1    TRIPLE=  0    ICCTYP=  1    IHPPD =  0    ICCNEW=  0    I3EXT = -1    IDEB  =  0
                           IDLEIG=  1    IDFTYP=  1    IMP3  =  0    IPROCS=  0    NOINT =  0    NOREF =  1    IMP2G =  0
                           IHINT =  0    IFDIA =  0    ISPARO=  1    JKSYM =  0    CPHF  =  0    MP2D  = -1    DKINT =  0
                           NPKEX =  1    DRVK  =  1    HLSTRA=  1    WIGNER=  1    DIIS_C=  1    MAXIT_= 50    MATEL =  0
                           SPDEG =  1    MEMCPH=  0    DISM  =  1    KDCPMA=  5    IKDCP_=  0    IREDTH=  0    USECS =  0
                           IPROCC=  0    I3SAVE=  1    IKDCP =  1    USECI =  0    OLDPAI=  0    IPROCI=  0    KEEPCL=  1
                           DISCON=  0    SHIFTE=  0    DIISIN=  0    MOLCAS=  0    MEM_PT=  0    RECORD=  0    RS2C  =  0
                           KEXT  = -1    CIPT2 =  0    DECP0S=  0    I4EXT = -1    NATCOR=  0    RIMP2 =  0    DDCI  = -1
                           IPOLAR=  0

 Reference symmetry:                   4   Singlet 
 Number of electrons:                  8
 Maximum number of shells:             4
 Maximum number of spin couplings:     5

 Reference space:        6 conf        9 CSFs
 N elec internal:       45 conf       50 CSFs
 N-1 el internal:       48 conf       72 CSFs
 N-2 el internal:       26 conf       64 CSFs

 Number of electrons in valence space:                      6
 Maximum number of open shell orbitals in reference space:  4
 Maximum number of open shell orbitals in internal spaces:  6


 Number of core orbitals:           1 (   1   0   0   0 )
 Number of active  orbitals:        5 (   3   1   1   0 )
 Number of external orbitals:     201 (  73  49  49  30 )

 Molecular orbitals read from record     2140.2  Type=MCSCF/NATURAL (state averaged)

 Valence orbitals related to previous ones by unitary transformation. Operators transformed.


 Number of p-space configurations:   3

 Reference wavefunction optimized for reference space (refopt=1)

 State     Reference Energy 
     1       -54.58929633
     2       -54.21111723
     3       -54.17634918

 Number of blocks in overlap matrix:     8   Smallest eigenvalue:  0.13D-02
 Number of N-2 electron functions:      35
 Number of N-1 electron functions:      72

 Number of internal configurations:                    9
 Number of singly external configurations:          3575
 Number of doubly external configurations:        180251
 Total number of contracted configurations:       183835
 Total number of uncontracted configurations:     332025

 Diagonal Coupling coefficients finished.               Storage:    6197 words, CPU-Time:      0.00 seconds.
 Energy denominators for pairs finished in 1 passes.    Storage:  121346 words, CPU-time:      0.00 seconds.

  ITER. STATE  ROOT     SQ.NORM     CORR.ENERGY   TOTAL ENERGY   ENERGY CHANGE       DEN1      VAR(S)    VAR(P)      TIME
    1     1     1     1.00000000     0.00000000   -54.58929633    -0.00000000    -0.21581583  0.60D-01  0.21D-01     0.16
    1     2     2     1.00000000     0.00000000   -54.21111723     0.00000000    -0.14538957  0.26D-01  0.14D-01     0.16
    2     1     1     1.06537260    -0.19443270   -54.78372904    -0.19443270    -0.00793369  0.18D-02  0.94D-03     0.76
    2     2     2     1.04124981    -0.14732225   -54.35843949    -0.14732225    -0.00292893  0.39D-03  0.42D-03     0.76
    3     1     1     1.06482758    -0.20295613   -54.79225246    -0.00852343    -0.00041235  0.54D-04  0.63D-04     1.35
    3     2     2     1.04335363    -0.15069856   -54.36181579    -0.00337631    -0.00019645  0.45D-04  0.35D-04     1.35
    4     1     1     1.06689931    -0.20348637   -54.79278270    -0.00053024    -0.00003217  0.37D-05  0.50D-05     1.95
    4     2     2     1.04523737    -0.15097444   -54.36209168    -0.00027588    -0.00003358  0.72D-05  0.63D-05     1.95
    5     1     1     1.06758889    -0.20352903   -54.79282536    -0.00004266    -0.00000255  0.27D-06  0.38D-06     2.55
    5     2     2     1.04554083    -0.15101831   -54.36213554    -0.00004386    -0.00000720  0.19D-05  0.14D-05     2.55
    6     1     1     1.06761550    -0.20353229   -54.79282862    -0.00000326    -0.00000025  0.22D-07  0.38D-07     3.14
    6     2     2     1.04557048    -0.15102674   -54.36214397    -0.00000843    -0.00000165  0.11D-05  0.26D-06     3.14
    7     1     1     1.06763539    -0.20353259   -54.79282892    -0.00000031    -0.00000003  0.22D-08  0.42D-08     3.73
    7     2     2     1.04570498    -0.15102898   -54.36214621    -0.00000224    -0.00000058  0.50D-06  0.85D-07     3.73
    8     1     1     1.06763931    -0.20353259   -54.79282893    -0.00000000    -0.00000003  0.21D-08  0.40D-08     4.21
    8     2     2     1.04585870    -0.15103016   -54.36214739    -0.00000118    -0.00000029  0.20D-06  0.49D-07     4.21
    9     1     1     1.06763942    -0.20353259   -54.79282893    -0.00000000    -0.00000003  0.21D-08  0.40D-08     4.69
    9     2     2     1.04594391    -0.15103063   -54.36214786    -0.00000047    -0.00000018  0.86D-07  0.33D-07     4.69
   10     1     1     1.06763945    -0.20353259   -54.79282893    -0.00000000    -0.00000003  0.21D-08  0.40D-08     5.18
   10     2     2     1.04607279    -0.15103096   -54.36214819    -0.00000033    -0.00000007  0.13D-07  0.14D-07     5.18
   11     1     1     1.06763926    -0.20353259   -54.79282893    -0.00000000    -0.00000003  0.21D-08  0.40D-08     5.65
   11     2     2     1.04607604    -0.15103105   -54.36214828    -0.00000009    -0.00000001  0.42D-08  0.27D-08     5.65


 =====================================
 Analysis of CPU times by interactions
 =====================================

       I      S      P

 I   0.0%
 S   0.0%   0.5%
 P   0.4%   0.7%  14.0%

 Initialization:   2.8%
 Other:           81.6%

 Total CPU:        5.6 seconds
 =====================================



 gnormi=  0.93664596  gnorms=  0.03888065  gnormp=  0.02447340  gnorm=  1.00000000
 ecorri= -0.19063798  ecorrs= -0.00791159  ecorrp= -0.00498303  ecorr= -0.20353259

 gnormi=  0.95595345  gnorms=  0.02729234  gnormp=  0.01675422  gnorm=  1.00000000
 ecorri= -0.14437865  ecorrs= -0.00412372  ecorrp= -0.00252868  ecorr= -0.15103105

 Reference coefficients greater than 0.0500000
 =============================================
 2/\/\          -0.0338885   0.9752483
 220/\           0.9669376   0.0351847
 /2\/\           0.0225768  -0.0558628

 Coefficients of singly external configurations greater than 0.0500000
 =====================================================================

 2200\   5.2     0.0506572   0.0034510
 220\0   5.3     0.0506567   0.0034471

 Coefficients of fixed reference functions:
 ==========================================

 State      Coefficients
 1           0.967702    0.011919
 2          -0.012342    0.977634

 Coefficients of rotated reference functions:
 ============================================

 State      Coefficients
 1           0.967775   -0.000150
 2          -0.000150    0.977712


 RESULTS FOR STATE 1.4
 =====================

 Coefficient of reference function:   C(0) = 0.96770165 (fixed)   0.96780471 (relaxed)   0.96777504 (rotated)

 Energy contributions of configuration classes

 CLASS          SQ.NORM        ECORR1        ECORR2
 +++++++++++++++++++++++++++++++++++++++++++++++++++
 Internals    0.00006132   -0.00000073   -0.11803341
 Singles      0.04151305   -0.07319136   -0.07646177
 Pairs        0.02613036   -0.00432888   -0.00903741
 Total        1.06770473   -0.07752097   -0.20353259
 +++++++++++++++++++++++++++++++++++++++++++++++++++


 Reference energy                     -54.58923752
 Nuclear energy                         5.78787574
 Kinetic energy                        56.42585768
 One electron energy                  -84.92877581
 Two electron energy                   24.34807114
 Virial quotient                       -0.97105886
 Correlation energy                    -0.20359140
 !MRCI STATE 1.4 Energy               -54.792828925396

 Properties without orbital relaxation:

 !MRCI STATE 1.4 Dipole moment          0.00000000     0.00000000     0.63600706
 Dipole moment /Debye                   0.00000000     0.00000000     1.61656870

 Cluster corrected energies           -54.80661303 (Davidson, fixed reference)
 Cluster corrected energies           -54.80659970 (Davidson, relaxed reference)
 Cluster corrected energies           -54.80661303 (Davidson, rotated reference)

 Cluster corrected energies           -54.80222050 (Pople, fixed reference)
 Cluster corrected energies           -54.80221123 (Pople, relaxed reference)
 Cluster corrected energies           -54.80222050 (Pople, rotated reference)



 RESULTS FOR STATE 2.4
 =====================

 Coefficient of reference function:   C(0) = 0.97763423 (fixed)   0.97772872 (relaxed)   0.97771212 (rotated)

 Energy contributions of configuration classes

 CLASS          SQ.NORM        ECORR1        ECORR2
 +++++++++++++++++++++++++++++++++++++++++++++++++++
 Internals    0.00003396   -0.00000072   -0.00003090
 Singles      0.02855083   -0.06032166   -0.06178645
 Pairs        0.01752678   -0.09068219   -0.08921369
 Total        1.04611157   -0.15100457   -0.15103105
 +++++++++++++++++++++++++++++++++++++++++++++++++++


 Reference energy                     -54.21117604
 Nuclear energy                         5.78787574
 Kinetic energy                        55.91601111
 One electron energy                  -82.25074751
 Two electron energy                   22.10072348
 Virial quotient                       -0.97221077
 Correlation energy                    -0.15097224
 !MRCI STATE 2.4 Energy               -54.362148281847

 Properties without orbital relaxation:

 !MRCI STATE 2.4 Dipole moment          0.00000000     0.00000000    -1.55116151
 Dipole moment /Debye                   0.00000000     0.00000000    -3.94265931

 Cluster corrected energies           -54.36910985 (Davidson, fixed reference)
 Cluster corrected energies           -54.36910449 (Davidson, relaxed reference)
 Cluster corrected energies           -54.36910985 (Davidson, rotated reference)

 Cluster corrected energies           -54.36685948 (Pople, fixed reference)
 Cluster corrected energies           -54.36685580 (Pople, relaxed reference)
 Cluster corrected energies           -54.36685948 (Pople, rotated reference)


 !MRCI trans          <2.4|DMZ|1.4>    -0.293498943384 au =    -0.745999904232 Debye


 **********************************************************************************************************************************
 DATASETS  * FILE   NREC   LENGTH (MB)   RECORD NAMES
              1      21      264.33       500      700      610      701      900      950      970     1000      129      960   
                                          VAR     GEOM    BASINP    GEOM    SYMINP    ZMAT    AOBASIS   BASIS     P2S    ABASIS    
                                         1100     1400     1410     1200     1210     1080     1600     1650     1300     1700   
                                           S        T        V       H0       H01     AOSYM     SMH    MOLCAS    ERIS     OPER   
                                         1380   
                                         JKOP   

              2       8       17.64       500      610      700     1000      520     2100     2140      701   
                                          VAR    BASINP    GEOM     BASIS   MCVARS     RHF     MCSCF    GEOM   

 PROGRAMS   *        TOTAL        CI     MULTI       INT        CI     MULTI       INT        CI     MULTI       INT        CI
 CPU TIMES  *       391.03      5.68      1.28      8.71      5.64      1.31      8.75      5.67      1.27      8.70      5.64
 REAL TIME  *       419.31 SEC
 DISK USED  *       797.41 MB
 **********************************************************************************************************************************
 SETTING E1(25)         =       -54.79282893  AU                              
 SETTING E2(25)         =       -54.36214828  AU                              

 DO I                   =        26.00000000   


 Using spherical harmonics

 Library entry N      S aug-cc-pV5Z          selected for orbital group  1
 Library entry N      P aug-cc-pV5Z          selected for orbital group  1
 Library entry N      D aug-cc-pV5Z          selected for orbital group  1
 Library entry N      F aug-cc-pV5Z          selected for orbital group  1
 Library entry N      G aug-cc-pV5Z          selected for orbital group  1
 Library entry N      H aug-cc-pV5Z          selected for orbital group  1
 Library entry H      S aug-cc-pV5Z          selected for orbital group  2
 Library entry H      P aug-cc-pV5Z          selected for orbital group  2
 Library entry H      D aug-cc-pV5Z          selected for orbital group  2
 Library entry H      F aug-cc-pV5Z          selected for orbital group  2
 Library entry H      G aug-cc-pV5Z          selected for orbital group  2


 PROGRAM * SEWARD (Integral evaluation for generally contracted gaussian basis sets)     Author: Roland Lindh, 1990

 Geometry written to block  1 of record 701

 Orientation using atomic masses  
 Molecule type: Linear
 Symmetry elements: X,Y
 Rotational constants:    1398.2287462   1398.2287462      0.0000000 GHz  (calculated with average atomic masses)

 Point group  C2v 



 ATOMIC COORDINATES

 NR  ATOM    CHARGE       X              Y              Z

   1  N       7.00    0.000000000    0.000000000   -0.078652098
   2  H       1.00    0.000000000    0.000000000    1.092978099

 Bond lengths in Bohr (Angstrom)

 1-2  1.171630197
     ( 0.620000000)

 NUCLEAR CHARGE:                    8
 NUMBER OF PRIMITIVE AOS:         307
 NUMBER OF SYMMETRY AOS:          227
 NUMBER OF CONTRACTIONS:          207   (   77A1  +   50B1  +   50B2  +   30A2  )
 NUMBER OF INNER CORE ORBITALS:     0   (    0A1  +    0B1  +    0B2  +    0A2  )
 NUMBER OF OUTER CORE ORBITALS:     1   (    1A1  +    0B1  +    0B2  +    0A2  )
 NUMBER OF VALENCE ORBITALS:        5   (    3A1  +    1B1  +    1B2  +    0A2  )


 NUCLEAR REPULSION ENERGY    5.97458141

 EXTRA SYMMETRY OF AOS IN SYMMETRY 1:   1 1 1 1 1 1 1 1 1 1   1 1 1 1 2 1 2 1 2 1   2 1 2 1 2 1 2 1 2 1   2 1 3 2 1 3 2 1 3 2
                                        2 3 1 2 3 1 1 1 1 1   1 1 1 1 1 1 1 1 2 1   2 1 2 1 2 1 2 1 2 1   2 1 3 2 1 3 2
 EXTRA SYMMETRY OF AOS IN SYMMETRY 2:   1 1 1 1 1 1 1 1 1 1   1 1 2 1 2 1 2 1 2 1   2 1 2 1 2 1 2 3 1 2   3 1 1 1 1 1 1 1 1 1
                                        1 2 1 2 1 2 1 2 1 2
 EXTRA SYMMETRY OF AOS IN SYMMETRY 3:   1 1 1 1 1 1 1 1 1 1   1 1 2 1 2 1 2 1 2 1   2 1 2 1 2 1 2 3 1 2   3 1 1 1 1 1 1 1 1 1
                                        1 2 1 2 1 2 1 2 1 2
 EXTRA SYMMETRY OF AOS IN SYMMETRY 4:   1 1 1 1 1 1 1 1 1 1   2 1 2 1 2 2 1 2 1 1   1 1 1 1 1 1 1 2 1 2

 Eigenvalues of metric

         1 0.442E-05 0.287E-04 0.485E-04 0.824E-04 0.207E-03 0.232E-03 0.265E-03 0.598E-03
         2 0.369E-04 0.241E-03 0.849E-03 0.193E-02 0.338E-02 0.438E-02 0.728E-02 0.107E-01
         3 0.369E-04 0.241E-03 0.849E-03 0.193E-02 0.338E-02 0.438E-02 0.728E-02 0.107E-01
         4 0.598E-03 0.315E-02 0.111E-01 0.181E-01 0.399E-01 0.680E-01 0.110E+00 0.112E+00


 Contracted 2-electron integrals neglected if value below      1.0D-12
 AO integral compression algorithm  1   Integral accuracy      1.0D-12

     300.417 MB (compressed) written to integral file ( 53.3%)


 NUMBER OF SORTED TWO-ELECTRON INTEGRALS:   59167011.     BUFFER LENGTH:  32768
 NUMBER OF SEGMENTS:   4  SEGMENT LENGTH:   15999984      RECORD LENGTH: 524288

 Memory used in sort:      16.56 MW

 SORT1 READ    70490039. AND WROTE    39593878. INTEGRALS IN    116 RECORDS. CPU TIME:     0.78 SEC, REAL TIME:     0.94 SEC
 SORT2 READ    39593878. AND WROTE    59167011. INTEGRALS IN   1146 RECORDS. CPU TIME:     0.67 SEC, REAL TIME:     0.78 SEC

 FILE SIZES:   FILE 1:   331.5 MBYTE,  FILE 4:   486.6 MBYTE,   TOTAL:    818.1 MBYTE

 OPERATOR DM      FOR CENTER  0  COORDINATES:    0.000000    0.000000    0.000000


 **********************************************************************************************************************************
 DATASETS  * FILE   NREC   LENGTH (MB)   RECORD NAMES
              1      20      261.90       500      700      610      701      900      950      970     1000      129      960   
                                          VAR     GEOM    BASINP    GEOM    SYMINP    ZMAT    AOBASIS   BASIS     P2S    ABASIS    
                                         1100     1400     1410     1200     1210     1080     1600     1650     1300     1700   
                                           S        T        V       H0       H01     AOSYM     SMH    MOLCAS    ERIS     OPER   

              2       8       17.64       500      610      700     1000      520     2100     2140      701   
                                          VAR    BASINP    GEOM     BASIS   MCVARS     RHF     MCSCF    GEOM   

 PROGRAMS   *        TOTAL       INT        CI     MULTI       INT        CI     MULTI       INT        CI     MULTI       INT
 CPU TIMES  *       399.76      8.73      5.68      1.28      8.71      5.64      1.31      8.75      5.67      1.27      8.70
 REAL TIME  *       428.47 SEC
 DISK USED  *       797.91 MB
 **********************************************************************************************************************************

 PROGRAM * MULTI (Direct Multiconfiguration SCF)       Authors: P.J. Knowles, H.-J. Werner (1984)
                                                                D.A. Kreplin, P.J. Knowles, H.-J. Werner (2019)

 Number of closed-shell orbitals:   1 (   1   0   0   0 )
 Number of active  orbitals:        5 (   3   1   1   0 )
 Number of external orbitals:     201 (  73  49  49  30 )

 State symmetry 1

 Number of active electrons:   6    Spin symmetry=Singlet   Space symmetry=4
 Number of states:             3
 Number of CSFs:               9   (24 determinants, 100 intermediate states)

 Molecular orbitals read from record     2140.2  Type=MCSCF/NATURAL (state averaged)

 EXTRA SYMMETRY OF MOS IN SYMMETRY 1:   1 1 1 1 1 1 1 2 1 1   1 1 2 1 1 2 1 1 2 1   2 1 1 1 3 2 1 2 1 2   1 2 1 3 1 1 2 1 1 2
                                        1 2 3 1 2 3 1 1 1 2   2 1 1 2 1 1 1 3 2 2   1 3 2 3 1 1 1 2 2 1   2 1 1 2 1 1 1
 EXTRA SYMMETRY OF MOS IN SYMMETRY 2:   1 1 1 1 1 1 2 1 1 1   2 1 1 1 2 1 1 2 1 2   1 1 1 3 2 1 2 1 2 1   1 2 1 1 1 2 3 1 1 1
                                        2 2 2 1 1 1 2 1 1 1
 EXTRA SYMMETRY OF MOS IN SYMMETRY 3:   1 1 1 1 1 1 2 1 1 1   2 1 1 1 2 1 1 2 1 2   1 1 1 3 2 1 2 1 2 1   1 2 1 1 1 2 3 1 1 1
                                        2 2 2 1 1 1 2 1 1 1
 EXTRA SYMMETRY OF MOS IN SYMMETRY 4:   1 1 1 1 1 2 1 1 1 1   2 1 1 1 2 1 2 1 1 1   2 1 1 2 1 2 1 1 1 1

 Wavefunction dump at record             2140.2

 Convergence thresholds  0.10E-04 (gradient)  0.10E-05 (energy)

 Weight factors for state symmetry  1:    0.33333   0.33333   0.33333
 
 Number of orbital rotations:  393  ( 3 closed/active, 73 closed/virtual, 0 active/active, 317 active/virtual )
 Total number of variables:    465
 
  Second-order MCSCF: L-BFGS accelerated
 
 ITER  MIC  NCI  NEG     ENERGY(VAR)    ENERGY(PROJ) ENERGY CHANGE       GRAD(0)  GRAD(ORB)   GRAD(CI)      STEP      TIME
   1    6    4    0    -54.27214264     -54.27241393   -0.00027129    0.05997996 0.00000446 0.00000000  0.85E-02      0.37
   2    8    6    0    -54.27241364     -54.27241364   -0.00000000    0.00007470 0.00000000 0.00000000  0.44E-04      0.75
   3    3    2    0    -54.27241364     -54.27241364    0.00000000    0.00000000 0.00000000 0.00000000  0.45E-09      1.09

 CONVERGENCE REACHED!  Final gradient:    0.00000000 ( 0.42E-11)
                       Final energy:    -54.27241364
 
 Results for state 1.4
 =====================
 !MCSCF STATE 1.4 Energy                       -54.537761049251
 Nuclear energy                                  5.97458141
 Kinetic energy                                 57.19511800
 One electron energy                           -86.04113185
 Two electron energy                            25.52878938
 Virial ratio                                    1.95353875
 
 !MCSCF STATE 1.4 Dipole moment                  0.00000000     0.00000000     0.75702158
 Dipole moment /Debye                            0.00000000     0.00000000     1.92415694
 
 Results for state 2.4
 =====================
 !MCSCF STATE 2.4 Energy                       -54.157641349755
 Nuclear energy                                  5.97458141
 Kinetic energy                                 55.46211569
 One electron energy                           -82.21029725
 Two electron energy                            22.07807449
 Virial ratio                                    1.97647990
 
 !MCSCF STATE 2.4 Dipole moment                  0.00000000     0.00000000    -1.60180292
 Dipole moment /Debye                            0.00000000     0.00000000    -4.07137694
 
 Results for state 3.4
 =====================
 !MCSCF STATE 3.4 Energy                       -54.121838531227
 Nuclear energy                                  5.97458141
 Kinetic energy                                 55.43895118
 One electron energy                           -82.13989283
 Two electron energy                            22.04347289
 Virial ratio                                    1.97624211
 
 !MCSCF STATE 3.4 Dipole moment                  0.00000000     0.00000000    -1.45893766
 Dipole moment /Debye                            0.00000000     0.00000000    -3.70824965
 
 State-averaged charge density matrix saved on record 2140.2 (density set 1)
 
 Expectation values: (only non-zero values are shown)
 
 !MCSCF expec                       <1.4|DMZ|1.4>     0.757021583529 au =     1.924156940067 Debye
 !MCSCF expec                       <2.4|DMZ|2.4>    -1.601802924879 au =    -4.071376935064 Debye
 !MCSCF expec                       <3.4|DMZ|3.4>    -1.458937658573 au =    -3.708249648287 Debye
 
 Transition values: (only non-zero values with the ground state are shown)
 
 !MCSCF trans                       <1.4|DMZ|2.4>    -0.118006590250 au =    -0.299942834581 Debye
 

 EXTRA SYMMETRY OF MOS IN SYMMETRY 1:   1 1 1 1 1 1 1 2 1 1   1 1 2 1 2 1 1 1 2 1   2 1 1 1 3 2 1 2 1 2   1 2 1 3 1 1 2 1 1 2
                                        1 2 3 1 2 3 1 1 2 1   2 1 1 2 1 1 1 2 3 2   1 3 2 3 1 1 2 1 2 1   2 1 2 1 1 1 1
 EXTRA SYMMETRY OF MOS IN SYMMETRY 2:   1 1 1 1 1 1 2 1 1 1   2 1 1 1 2 1 1 2 1 2   1 1 1 3 2 1 2 1 2 1   1 2 1 1 1 2 3 1 1 2
                                        1 2 2 1 1 1 2 1 1 1
 EXTRA SYMMETRY OF MOS IN SYMMETRY 3:   1 1 1 1 1 1 2 1 1 1   2 1 1 1 2 1 1 2 1 2   1 1 1 3 2 1 2 1 2 1   1 2 1 1 1 2 3 1 1 2
                                        1 2 2 1 1 1 2 1 1 1
 EXTRA SYMMETRY OF MOS IN SYMMETRY 4:   1 1 1 1 1 2 1 1 1 1   2 1 1 1 2 1 2 1 1 1   1 2 1 2 1 2 1 1 1 1
 
 Natural orbital dump (state averaged) at molpro section 2140.2 (Orbital set 2)
 
 Reoptimze the CI vectors with natural orbitals 
 
 CI Coefficients of symmetry 4
 =============================
 
 220 a b       -0.70579071     -0.03802988      0.00000000
 220 b a        0.70579071      0.03802988     -0.00000000
 2bb a a        0.00000000     -0.00000000      0.57635329
 2aa b b        0.00000000     -0.00000000      0.57635329
 2ab b a       -0.02608278      0.49843912     -0.28817665
 2ba a b       -0.02608278      0.49843912     -0.28817665
 2ab a b        0.02608278     -0.49843912     -0.28817665
 2ba b a        0.02608278     -0.49843912     -0.28817665
 
 Energy:      -54.53776105    -54.15764135    -54.12183853
 


 **********************************************************************************************************************************
 DATASETS  * FILE   NREC   LENGTH (MB)   RECORD NAMES
              1      21      264.82       500      700      610      701      900      950      970     1000      129      960   
                                          VAR     GEOM    BASINP    GEOM    SYMINP    ZMAT    AOBASIS   BASIS     P2S    ABASIS    
                                         1100     1400     1410     1200     1210     1080     1600     1650     1300     1700   
                                           S        T        V       H0       H01     AOSYM     SMH    MOLCAS    ERIS     OPER   
                                         1380   
                                         JKOP   

              2       8       17.64       500      610      700     1000      520     2100     2140      701   
                                          VAR    BASINP    GEOM     BASIS   MCVARS     RHF     MCSCF    GEOM   

 PROGRAMS   *        TOTAL     MULTI       INT        CI     MULTI       INT        CI     MULTI       INT        CI     MULTI
 CPU TIMES  *       401.05      1.28      8.73      5.68      1.28      8.71      5.64      1.31      8.75      5.67      1.27
 REAL TIME  *       429.92 SEC
 DISK USED  *       797.91 MB
 **********************************************************************************************************************************


 PROGRAM * CI (Multireference internally contracted CI)     Authors: H.-J. Werner, P.J. Knowles, 1987


 Convergence thresholds:  THRVAR = 1.00D-08  THRDEN = 1.00D-06

 Number of optimized states: 2  Roots:    1   2
 Number of reference states: 2  Roots:    1   2

 Program parameters:       NSTATE=  2    NSTATI=  3    NSTATR=  2    NCEPA = -1    NOKOP =  0    ITRDM =  0    ITRANS=  0
                           IDIP  =200    MAXIT =250    MAXITI=250    MAXDAV=  6    MAXVI =  9    NOSING=  0    NOPAIR=  0
                           MXSHRF=  5    IKCPS =  0    IOPTGM=  2    IOPTOR=  0    REFOPT=  1    IAVDEN=  0    IDELCG=  1
                           IREST =  0    NATORB=  0    IPUNRF=  0    ISEP  =  0    OLDDEN=  0    NSTPRI=  1    GPSFLI= -1
                           CLUSTE=  0    CLOSED=  1    ILSTYP=  0    ITRLS =  0    ICCSD =  0    LOCAL =  0    IBASO =  0
                           MP    =  0    ITEDIS=  2    INCDIS=  1    MAXDIS=  6    ITYDIS=  1    BRUECK=  0    IBRSTR=  3
                           INCBRK=  1    TRIPLE=  0    ICCTYP=  1    IHPPD =  0    ICCNEW=  0    I3EXT = -1    IDEB  =  0
                           IDLEIG=  1    IDFTYP=  1    IMP3  =  0    IPROCS=  0    NOINT =  0    NOREF =  1    IMP2G =  0
                           IHINT =  0    IFDIA =  0    ISPARO=  1    JKSYM =  0    CPHF  =  0    MP2D  = -1    DKINT =  0
                           NPKEX =  1    DRVK  =  1    HLSTRA=  1    WIGNER=  1    DIIS_C=  1    MAXIT_= 50    MATEL =  0
                           SPDEG =  1    MEMCPH=  0    DISM  =  1    KDCPMA=  5    IKDCP_=  0    IREDTH=  0    USECS =  0
                           IPROCC=  0    I3SAVE=  1    IKDCP =  1    USECI =  0    OLDPAI=  0    IPROCI=  0    KEEPCL=  1
                           DISCON=  0    SHIFTE=  0    DIISIN=  0    MOLCAS=  0    MEM_PT=  0    RECORD=  0    RS2C  =  0
                           KEXT  = -1    CIPT2 =  0    DECP0S=  0    I4EXT = -1    NATCOR=  0    RIMP2 =  0    DDCI  = -1
                           IPOLAR=  0

 Reference symmetry:                   4   Singlet 
 Number of electrons:                  8
 Maximum number of shells:             4
 Maximum number of spin couplings:     5

 Reference space:        6 conf        9 CSFs
 N elec internal:       45 conf       50 CSFs
 N-1 el internal:       48 conf       72 CSFs
 N-2 el internal:       26 conf       64 CSFs

 Number of electrons in valence space:                      6
 Maximum number of open shell orbitals in reference space:  4
 Maximum number of open shell orbitals in internal spaces:  6


 Number of core orbitals:           1 (   1   0   0   0 )
 Number of active  orbitals:        5 (   3   1   1   0 )
 Number of external orbitals:     201 (  73  49  49  30 )

 Molecular orbitals read from record     2140.2  Type=MCSCF/NATURAL (state averaged)

 Valence orbitals related to previous ones by unitary transformation. Operators transformed.


 Number of p-space configurations:   3

 Reference wavefunction optimized for reference space (refopt=1)

 State     Reference Energy 
     1       -54.53776105
     2       -54.15764135
     3       -54.12183853

 Number of blocks in overlap matrix:     8   Smallest eigenvalue:  0.13D-02
 Number of N-2 electron functions:      35
 Number of N-1 electron functions:      72

 Number of internal configurations:                    9
 Number of singly external configurations:          3575
 Number of doubly external configurations:        180251
 Total number of contracted configurations:       183835
 Total number of uncontracted configurations:     332025

 Diagonal Coupling coefficients finished.               Storage:    6197 words, CPU-Time:      0.00 seconds.
 Energy denominators for pairs finished in 1 passes.    Storage:  121346 words, CPU-time:      0.00 seconds.

  ITER. STATE  ROOT     SQ.NORM     CORR.ENERGY   TOTAL ENERGY   ENERGY CHANGE       DEN1      VAR(S)    VAR(P)      TIME
    1     1     1     1.00000000     0.00000000   -54.53776105     0.00000000    -0.21553135  0.59D-01  0.21D-01     0.15
    1     2     2     1.00000000     0.00000000   -54.15764135     0.00000000    -0.14529884  0.26D-01  0.14D-01     0.15
    2     1     1     1.06517141    -0.19450242   -54.73226347    -0.19450242    -0.00795456  0.18D-02  0.93D-03     0.74
    2     2     2     1.04086463    -0.14723186   -54.30487321    -0.14723186    -0.00290052  0.38D-03  0.41D-03     0.74
    3     1     1     1.06456805    -0.20310109   -54.74086214    -0.00859867    -0.00043033  0.56D-04  0.65D-04     1.34
    3     2     2     1.04297830    -0.15058919   -54.30823054    -0.00335733    -0.00019719  0.44D-04  0.34D-04     1.34
    4     1     1     1.06665926    -0.20366005   -54.74142110    -0.00055896    -0.00003436  0.38D-05  0.53D-05     1.95
    4     2     2     1.04485987    -0.15086952   -54.30851087    -0.00028033    -0.00003372  0.67D-05  0.62D-05     1.95
    5     1     1     1.06734131    -0.20370580   -54.74146685    -0.00004575    -0.00000282  0.29D-06  0.42D-06     2.53
    5     2     2     1.04513131    -0.15091391   -54.30855526    -0.00004439    -0.00000705  0.17D-05  0.14D-05     2.53
    6     1     1     1.06736323    -0.20370942   -54.74147047    -0.00000362    -0.00000029  0.25D-07  0.42D-07     3.14
    6     2     2     1.04514516    -0.15092208   -54.30856343    -0.00000818    -0.00000156  0.85D-06  0.26D-06     3.14
    7     1     1     1.06738521    -0.20370978   -54.74147083    -0.00000035    -0.00000003  0.25D-08  0.47D-08     3.75
    7     2     2     1.04525837    -0.15092413   -54.30856548    -0.00000205    -0.00000050  0.39D-06  0.76D-07     3.75
    8     1     1     1.06738902    -0.20370978   -54.74147083    -0.00000000    -0.00000003  0.25D-08  0.46D-08     4.22
    8     2     2     1.04537735    -0.15092510   -54.30856645    -0.00000097    -0.00000023  0.17D-06  0.37D-07     4.22
    9     1     1     1.06738924    -0.20370978   -54.74147083    -0.00000000    -0.00000003  0.25D-08  0.46D-08     4.69
    9     2     2     1.04544606    -0.15092546   -54.30856681    -0.00000037    -0.00000014  0.82D-07  0.25D-07     4.69
   10     1     1     1.06738913    -0.20370978   -54.74147083    -0.00000000    -0.00000003  0.25D-08  0.46D-08     5.16
   10     2     2     1.04556055    -0.15092575   -54.30856710    -0.00000029    -0.00000007  0.14D-07  0.13D-07     5.16
   11     1     1     1.06738887    -0.20370978   -54.74147083    -0.00000000    -0.00000003  0.25D-08  0.46D-08     5.64
   11     2     2     1.04556675    -0.15092584   -54.30856719    -0.00000009    -0.00000002  0.47D-08  0.31D-08     5.64


 =====================================
 Analysis of CPU times by interactions
 =====================================

       I      S      P

 I   0.0%
 S   0.0%   0.4%
 P   0.0%   0.4%  14.7%

 Initialization:   2.7%
 Other:           81.9%

 Total CPU:        5.6 seconds
 =====================================



 gnormi=  0.93686568  gnorms=  0.03891175  gnormp=  0.02422256  gnorm=  1.00000000
 ecorri= -0.19084870  ecorrs= -0.00792455  ecorrp= -0.00493653  ecorr= -0.20370978

 gnormi=  0.95641909  gnorms=  0.02698580  gnormp=  0.01659511  gnorm=  1.00000000
 ecorri= -0.14434836  ecorrs= -0.00407486  ecorrp= -0.00250262  ecorr= -0.15092584

 Reference coefficients greater than 0.0500000
 =============================================
 2/\/\          -0.0377804   0.9754227
 220/\           0.9669118   0.0385505
 /2\/\           0.0223925  -0.0548391

 Coefficients of singly external configurations greater than 0.0500000
 =====================================================================

 2200\   5.2     0.0506700   0.0044263
 220\0   5.3     0.0506695   0.0044225

 Coefficients of fixed reference functions:
 ==========================================

 State      Coefficients
 1           0.967802    0.013151
 2          -0.014121    0.977849

 Coefficients of rotated reference functions:
 ============================================

 State      Coefficients
 1           0.967891   -0.000415
 2          -0.000415    0.977951


 RESULTS FOR STATE 1.4
 =====================

 Coefficient of reference function:   C(0) = 0.96780180 (fixed)   0.96791822 (relaxed)   0.96789106 (rotated)

 Energy contributions of configuration classes

 CLASS          SQ.NORM        ECORR1        ECORR2
 +++++++++++++++++++++++++++++++++++++++++++++++++++
 Internals    0.00005613   -0.00000228   -0.11758319
 Singles      0.04153630   -0.07345260   -0.07673591
 Pairs        0.02585635   -0.00475458   -0.00939068
 Total        1.06744878   -0.07820946   -0.20370978
 +++++++++++++++++++++++++++++++++++++++++++++++++++


 Reference energy                     -54.53768638
 Nuclear energy                         5.97458141
 Kinetic energy                        56.54410077
 One electron energy                  -85.16769442
 Two electron energy                   24.45164218
 Virial quotient                       -0.96811993
 Correlation energy                    -0.20378445
 !MRCI STATE 1.4 Energy               -54.741470828254

 Properties without orbital relaxation:

 !MRCI STATE 1.4 Dipole moment          0.00000000     0.00000000     0.63361572
 Dipole moment /Debye                   0.00000000     0.00000000     1.61049051

 Cluster corrected energies           -54.75521584 (Davidson, fixed reference)
 Cluster corrected energies           -54.75520363 (Davidson, relaxed reference)
 Cluster corrected energies           -54.75521584 (Davidson, rotated reference)

 Cluster corrected energies           -54.75083503 (Pople, fixed reference)
 Cluster corrected energies           -54.75082654 (Pople, relaxed reference)
 Cluster corrected energies           -54.75083503 (Pople, rotated reference)



 RESULTS FOR STATE 2.4
 =====================

 Coefficient of reference function:   C(0) = 0.97784918 (fixed)   0.97796681 (relaxed)   0.97795105 (rotated)

 Energy contributions of configuration classes

 CLASS          SQ.NORM        ECORR1        ECORR2
 +++++++++++++++++++++++++++++++++++++++++++++++++++
 Internals    0.00003225   -0.00000226   -0.00004108
 Singles      0.02821637   -0.06011553   -0.06156865
 Pairs        0.01735185   -0.09077223   -0.08931612
 Total        1.04560047   -0.15089002   -0.15092584
 +++++++++++++++++++++++++++++++++++++++++++++++++++


 Reference energy                     -54.15771602
 Nuclear energy                         5.97458141
 Kinetic energy                        56.03055441
 One electron energy                  -82.47142653
 Two electron energy                   22.18827793
 Virial quotient                       -0.96926700
 Correlation energy                    -0.15085117
 !MRCI STATE 2.4 Energy               -54.308567192111

 Properties without orbital relaxation:

 !MRCI STATE 2.4 Dipole moment          0.00000000     0.00000000    -1.55025275
 Dipole moment /Debye                   0.00000000     0.00000000    -3.94034945

 Cluster corrected energies           -54.31544608 (Davidson, fixed reference)
 Cluster corrected energies           -54.31544099 (Davidson, relaxed reference)
 Cluster corrected energies           -54.31544608 (Davidson, rotated reference)

 Cluster corrected energies           -54.31322168 (Pople, fixed reference)
 Cluster corrected energies           -54.31321819 (Pople, relaxed reference)
 Cluster corrected energies           -54.31322168 (Pople, rotated reference)


 !MRCI trans          <2.4|DMZ|1.4>    -0.276120871754 au =    -0.701829251956 Debye


 **********************************************************************************************************************************
 DATASETS  * FILE   NREC   LENGTH (MB)   RECORD NAMES
              1      21      264.82       500      700      610      701      900      950      970     1000      129      960   
                                          VAR     GEOM    BASINP    GEOM    SYMINP    ZMAT    AOBASIS   BASIS     P2S    ABASIS    
                                         1100     1400     1410     1200     1210     1080     1600     1650     1300     1700   
                                           S        T        V       H0       H01     AOSYM     SMH    MOLCAS    ERIS     OPER   
                                         1380   
                                         JKOP   

              2       8       17.64       500      610      700     1000      520     2100     2140      701   
                                          VAR    BASINP    GEOM     BASIS   MCVARS     RHF     MCSCF    GEOM   

 PROGRAMS   *        TOTAL        CI     MULTI       INT        CI     MULTI       INT        CI     MULTI       INT        CI
 CPU TIMES  *       406.72      5.67      1.28      8.73      5.68      1.28      8.71      5.64      1.31      8.75      5.67
 REAL TIME  *       436.15 SEC
 DISK USED  *       797.91 MB
 **********************************************************************************************************************************
 SETTING E1(26)         =       -54.74147083  AU                              
 SETTING E2(26)         =       -54.30856719  AU                              

 DO I                   =        27.00000000   


 Using spherical harmonics

 Library entry N      S aug-cc-pV5Z          selected for orbital group  1
 Library entry N      P aug-cc-pV5Z          selected for orbital group  1
 Library entry N      D aug-cc-pV5Z          selected for orbital group  1
 Library entry N      F aug-cc-pV5Z          selected for orbital group  1
 Library entry N      G aug-cc-pV5Z          selected for orbital group  1
 Library entry N      H aug-cc-pV5Z          selected for orbital group  1
 Library entry H      S aug-cc-pV5Z          selected for orbital group  2
 Library entry H      P aug-cc-pV5Z          selected for orbital group  2
 Library entry H      D aug-cc-pV5Z          selected for orbital group  2
 Library entry H      F aug-cc-pV5Z          selected for orbital group  2
 Library entry H      G aug-cc-pV5Z          selected for orbital group  2


 PROGRAM * SEWARD (Integral evaluation for generally contracted gaussian basis sets)     Author: Roland Lindh, 1990

 Geometry written to block  1 of record 701

 Orientation using atomic masses  
 Molecule type: Linear
 Symmetry elements: X,Y
 Rotational constants:    1492.9975834   1492.9975834      0.0000000 GHz  (calculated with average atomic masses)

 Point group  C2v 



 ATOMIC COORDINATES

 NR  ATOM    CHARGE       X              Y              Z

   1  N       7.00    0.000000000    0.000000000   -0.076114934
   2  H       1.00    0.000000000    0.000000000    1.057720741

 Bond lengths in Bohr (Angstrom)

 1-2  1.133835675
     ( 0.600000000)

 NUCLEAR CHARGE:                    8
 NUMBER OF PRIMITIVE AOS:         307
 NUMBER OF SYMMETRY AOS:          227
 NUMBER OF CONTRACTIONS:          207   (   77A1  +   50B1  +   50B2  +   30A2  )
 NUMBER OF INNER CORE ORBITALS:     0   (    0A1  +    0B1  +    0B2  +    0A2  )
 NUMBER OF OUTER CORE ORBITALS:     1   (    1A1  +    0B1  +    0B2  +    0A2  )
 NUMBER OF VALENCE ORBITALS:        5   (    3A1  +    1B1  +    1B2  +    0A2  )


 NUCLEAR REPULSION ENERGY    6.17373413

 EXTRA SYMMETRY OF AOS IN SYMMETRY 1:   1 1 1 1 1 1 1 1 1 1   1 1 1 1 2 1 2 1 2 1   2 1 2 1 2 1 2 1 2 1   2 1 3 2 1 3 2 1 3 2
                                        2 3 1 2 3 1 1 1 1 1   1 1 1 1 1 1 1 1 2 1   2 1 2 1 2 1 2 1 2 1   2 1 3 2 1 3 2
 EXTRA SYMMETRY OF AOS IN SYMMETRY 2:   1 1 1 1 1 1 1 1 1 1   1 1 2 1 2 1 2 1 2 1   2 1 2 1 2 1 2 3 1 2   3 1 1 1 1 1 1 1 1 1
                                        1 2 1 2 1 2 1 2 1 2
 EXTRA SYMMETRY OF AOS IN SYMMETRY 3:   1 1 1 1 1 1 1 1 1 1   1 1 2 1 2 1 2 1 2 1   2 1 2 1 2 1 2 3 1 2   3 1 1 1 1 1 1 1 1 1
                                        1 2 1 2 1 2 1 2 1 2
 EXTRA SYMMETRY OF AOS IN SYMMETRY 4:   1 1 1 1 1 1 1 1 1 1   2 1 2 1 2 2 1 2 1 1   1 1 1 1 1 1 1 2 1 2

 Eigenvalues of metric

         1 0.403E-05 0.252E-04 0.457E-04 0.795E-04 0.195E-03 0.224E-03 0.230E-03 0.535E-03
         2 0.332E-04 0.209E-03 0.778E-03 0.170E-02 0.312E-02 0.412E-02 0.649E-02 0.993E-02
         3 0.332E-04 0.209E-03 0.778E-03 0.170E-02 0.312E-02 0.412E-02 0.649E-02 0.993E-02
         4 0.535E-03 0.293E-02 0.106E-01 0.167E-01 0.355E-01 0.654E-01 0.103E+00 0.104E+00


 Contracted 2-electron integrals neglected if value below      1.0D-12
 AO integral compression algorithm  1   Integral accuracy      1.0D-12

     300.941 MB (compressed) written to integral file ( 53.4%)


 NUMBER OF SORTED TWO-ELECTRON INTEGRALS:   59167011.     BUFFER LENGTH:  32768
 NUMBER OF SEGMENTS:   4  SEGMENT LENGTH:   15999984      RECORD LENGTH: 524288

 Memory used in sort:      16.56 MW

 SORT1 READ    70490039. AND WROTE    39593876. INTEGRALS IN    116 RECORDS. CPU TIME:     0.78 SEC, REAL TIME:     0.95 SEC
 SORT2 READ    39593876. AND WROTE    59167011. INTEGRALS IN   1148 RECORDS. CPU TIME:     0.66 SEC, REAL TIME:     0.77 SEC

 FILE SIZES:   FILE 1:   332.1 MBYTE,  FILE 4:   486.6 MBYTE,   TOTAL:    818.6 MBYTE

 OPERATOR DM      FOR CENTER  0  COORDINATES:    0.000000    0.000000    0.000000


 **********************************************************************************************************************************
 DATASETS  * FILE   NREC   LENGTH (MB)   RECORD NAMES
              1      20      262.42       500      700      610      701      900      950      970     1000      129      960   
                                          VAR     GEOM    BASINP    GEOM    SYMINP    ZMAT    AOBASIS   BASIS     P2S    ABASIS    
                                         1100     1400     1410     1200     1210     1080     1600     1650     1300     1700   
                                           S        T        V       H0       H01     AOSYM     SMH    MOLCAS    ERIS     OPER   

              2       8       17.64       500      610      700     1000      520     2100     2140      701   
                                          VAR    BASINP    GEOM     BASIS   MCVARS     RHF     MCSCF    GEOM   

 PROGRAMS   *        TOTAL       INT        CI     MULTI       INT        CI     MULTI       INT        CI     MULTI       INT
 CPU TIMES  *       415.45      8.72      5.67      1.28      8.73      5.68      1.28      8.71      5.64      1.31      8.75
 REAL TIME  *       445.32 SEC
 DISK USED  *       798.41 MB
 **********************************************************************************************************************************

 PROGRAM * MULTI (Direct Multiconfiguration SCF)       Authors: P.J. Knowles, H.-J. Werner (1984)
                                                                D.A. Kreplin, P.J. Knowles, H.-J. Werner (2019)

 Number of closed-shell orbitals:   1 (   1   0   0   0 )
 Number of active  orbitals:        5 (   3   1   1   0 )
 Number of external orbitals:     201 (  73  49  49  30 )

 State symmetry 1

 Number of active electrons:   6    Spin symmetry=Singlet   Space symmetry=4
 Number of states:             3
 Number of CSFs:               9   (24 determinants, 100 intermediate states)

 Molecular orbitals read from record     2140.2  Type=MCSCF/NATURAL (state averaged)

 EXTRA SYMMETRY OF MOS IN SYMMETRY 1:   1 1 1 1 1 1 1 2 1 1   1 1 2 1 2 1 1 1 2 1   2 1 1 1 3 2 1 2 1 2   1 2 1 3 1 1 2 1 1 2
                                        1 2 3 1 2 3 1 1 2 1   2 1 1 2 1 1 1 2 3 2   1 3 2 3 1 1 2 1 2 1   2 1 2 1 1 1 1
 EXTRA SYMMETRY OF MOS IN SYMMETRY 2:   1 1 1 1 1 1 2 1 1 1   2 1 1 1 2 1 1 2 1 2   1 1 1 3 2 1 2 1 2 1   1 2 1 1 1 2 3 1 1 2
                                        1 2 2 1 1 1 2 1 1 1
 EXTRA SYMMETRY OF MOS IN SYMMETRY 3:   1 1 1 1 1 1 2 1 1 1   2 1 1 1 2 1 1 2 1 2   1 1 1 3 2 1 2 1 2 1   1 2 1 1 1 2 3 1 1 2
                                        1 2 2 1 1 1 2 1 1 1
 EXTRA SYMMETRY OF MOS IN SYMMETRY 4:   1 1 1 1 1 2 1 1 1 1   2 1 1 1 2 1 2 1 1 1   1 2 1 2 1 2 1 1 1 1

 Wavefunction dump at record             2140.2

 Convergence thresholds  0.10E-04 (gradient)  0.10E-05 (energy)

 Weight factors for state symmetry  1:    0.33333   0.33333   0.33333
 
 Number of orbital rotations:  393  ( 3 closed/active, 73 closed/virtual, 0 active/active, 317 active/virtual )
 Total number of variables:    465
 
  Second-order MCSCF: L-BFGS accelerated
 
 ITER  MIC  NCI  NEG     ENERGY(VAR)    ENERGY(PROJ) ENERGY CHANGE       GRAD(0)  GRAD(ORB)   GRAD(CI)      STEP      TIME
   1    5    3    0    -54.21141366     -54.21170787   -0.00029420    0.06496323 0.00003051 0.00000000  0.85E-02      0.36
   2    9    6    0    -54.21170755     -54.21170755   -0.00000000    0.00008019 0.00000000 0.00000000  0.46E-04      0.74
   3    3    2    0    -54.21170755     -54.21170755    0.00000000    0.00000000 0.00000000 0.00000000  0.49E-09      1.08

 CONVERGENCE REACHED!  Final gradient:    0.00000000 ( 0.40E-11)
                       Final energy:    -54.21170755
 
 Results for state 1.4
 =====================
 !MCSCF STATE 1.4 Energy                       -54.478716922324
 Nuclear energy                                  6.17373413
 Kinetic energy                                 57.32755787
 One electron energy                           -86.29118067
 Two electron energy                            25.63872962
 Virial ratio                                    1.95030591
 
 !MCSCF STATE 1.4 Dipole moment                  0.00000000     0.00000000     0.75094784
 Dipole moment /Debye                            0.00000000     0.00000000     1.90871903
 
 Results for state 2.4
 =====================
 !MCSCF STATE 2.4 Energy                       -54.096587463385
 Nuclear energy                                  6.17373413
 Kinetic energy                                 55.58625915
 One electron energy                           -82.44307819
 Two electron energy                            22.17275660
 Virial ratio                                    1.97320072
 
 !MCSCF STATE 2.4 Dipole moment                  0.00000000     0.00000000    -1.59281015
 Dipole moment /Debye                            0.00000000     0.00000000    -4.04851957
 
 Results for state 3.4
 =====================
 !MCSCF STATE 3.4 Energy                       -54.059818272963
 Nuclear energy                                  6.17373413
 Kinetic energy                                 55.55362437
 One electron energy                           -82.36445066
 Two electron energy                            22.13089826
 Virial ratio                                    1.97311056
 
 !MCSCF STATE 3.4 Dipole moment                  0.00000000     0.00000000    -1.45486698
 Dipole moment /Debye                            0.00000000     0.00000000    -3.69790301
 
 State-averaged charge density matrix saved on record 2140.2 (density set 1)
 
 Expectation values: (only non-zero values are shown)
 
 !MCSCF expec                       <1.4|DMZ|1.4>     0.750947840995 au =     1.908719026401 Debye
 !MCSCF expec                       <2.4|DMZ|2.4>    -1.592810145466 au =    -4.048519569706 Debye
 !MCSCF expec                       <3.4|DMZ|3.4>    -1.454866978119 au =    -3.697903010599 Debye
 
 Transition values: (only non-zero values with the ground state are shown)
 
 !MCSCF trans                       <1.4|DMZ|2.4>    -0.097203329779 au =    -0.247066220650 Debye
 

 EXTRA SYMMETRY OF MOS IN SYMMETRY 1:   1 1 1 1 1 1 1 2 1 1   1 1 2 1 2 1 1 1 2 1   2 1 1 1 2 3 1 2 1 2   1 2 1 3 1 1 2 1 1 2
                                        1 2 3 1 2 3 1 1 2 1   2 1 1 2 1 1 2 3 1 2   1 3 2 1 3 1 2 1 2 1   2 1 2 1 1 1 1
 EXTRA SYMMETRY OF MOS IN SYMMETRY 4:   1 1 1 1 1 1 2 1 1 1   2 1 1 1 2 1 2 1 1 1   1 2 1 2 1 2 1 1 1 1
 
 Natural orbital dump (state averaged) at molpro section 2140.2 (Orbital set 2)
 
 Reoptimze the CI vectors with natural orbitals 
 
 CI Coefficients of symmetry 4
 =============================
 
 220 a b       -0.70560656     -0.04155274     -0.00000000
 220 b a        0.70560656      0.04155274      0.00000000
 2bb a a        0.00000000     -0.00000000      0.57637976
 2aa b b        0.00000000     -0.00000000      0.57637976
 2ab b a       -0.02859778      0.49831972     -0.28818988
 2ba a b       -0.02859778      0.49831972     -0.28818988
 2ab a b        0.02859778     -0.49831972     -0.28818988
 2ba b a        0.02859778     -0.49831972     -0.28818988
 
 Energy:      -54.47871692    -54.09658746    -54.05981827
 


 **********************************************************************************************************************************
 DATASETS  * FILE   NREC   LENGTH (MB)   RECORD NAMES
              1      21      265.34       500      700      610      701      900      950      970     1000      129      960   
                                          VAR     GEOM    BASINP    GEOM    SYMINP    ZMAT    AOBASIS   BASIS     P2S    ABASIS    
                                         1100     1400     1410     1200     1210     1080     1600     1650     1300     1700   
                                           S        T        V       H0       H01     AOSYM     SMH    MOLCAS    ERIS     OPER   
                                         1380   
                                         JKOP   

              2       8       17.64       500      610      700     1000      520     2100     2140      701   
                                          VAR    BASINP    GEOM     BASIS   MCVARS     RHF     MCSCF    GEOM   

 PROGRAMS   *        TOTAL     MULTI       INT        CI     MULTI       INT        CI     MULTI       INT        CI     MULTI
 CPU TIMES  *       416.75      1.29      8.72      5.67      1.28      8.73      5.68      1.28      8.71      5.64      1.31
 REAL TIME  *       446.76 SEC
 DISK USED  *       798.41 MB
 **********************************************************************************************************************************


 PROGRAM * CI (Multireference internally contracted CI)     Authors: H.-J. Werner, P.J. Knowles, 1987


 Convergence thresholds:  THRVAR = 1.00D-08  THRDEN = 1.00D-06

 Number of optimized states: 2  Roots:    1   2
 Number of reference states: 2  Roots:    1   2

 Program parameters:       NSTATE=  2    NSTATI=  3    NSTATR=  2    NCEPA = -1    NOKOP =  0    ITRDM =  0    ITRANS=  0
                           IDIP  =200    MAXIT =250    MAXITI=250    MAXDAV=  6    MAXVI =  9    NOSING=  0    NOPAIR=  0
                           MXSHRF=  5    IKCPS =  0    IOPTGM=  2    IOPTOR=  0    REFOPT=  1    IAVDEN=  0    IDELCG=  1
                           IREST =  0    NATORB=  0    IPUNRF=  0    ISEP  =  0    OLDDEN=  0    NSTPRI=  1    GPSFLI= -1
                           CLUSTE=  0    CLOSED=  1    ILSTYP=  0    ITRLS =  0    ICCSD =  0    LOCAL =  0    IBASO =  0
                           MP    =  0    ITEDIS=  2    INCDIS=  1    MAXDIS=  6    ITYDIS=  1    BRUECK=  0    IBRSTR=  3
                           INCBRK=  1    TRIPLE=  0    ICCTYP=  1    IHPPD =  0    ICCNEW=  0    I3EXT = -1    IDEB  =  0
                           IDLEIG=  1    IDFTYP=  1    IMP3  =  0    IPROCS=  0    NOINT =  0    NOREF =  1    IMP2G =  0
                           IHINT =  0    IFDIA =  0    ISPARO=  1    JKSYM =  0    CPHF  =  0    MP2D  = -1    DKINT =  0
                           NPKEX =  1    DRVK  =  1    HLSTRA=  1    WIGNER=  1    DIIS_C=  1    MAXIT_= 50    MATEL =  0
                           SPDEG =  1    MEMCPH=  0    DISM  =  1    KDCPMA=  5    IKDCP_=  0    IREDTH=  0    USECS =  0
                           IPROCC=  0    I3SAVE=  1    IKDCP =  1    USECI =  0    OLDPAI=  0    IPROCI=  0    KEEPCL=  1
                           DISCON=  0    SHIFTE=  0    DIISIN=  0    MOLCAS=  0    MEM_PT=  0    RECORD=  0    RS2C  =  0
                           KEXT  = -1    CIPT2 =  0    DECP0S=  0    I4EXT = -1    NATCOR=  0    RIMP2 =  0    DDCI  = -1
                           IPOLAR=  0

 Reference symmetry:                   4   Singlet 
 Number of electrons:                  8
 Maximum number of shells:             4
 Maximum number of spin couplings:     5

 Reference space:        6 conf        9 CSFs
 N elec internal:       45 conf       50 CSFs
 N-1 el internal:       48 conf       72 CSFs
 N-2 el internal:       26 conf       64 CSFs

 Number of electrons in valence space:                      6
 Maximum number of open shell orbitals in reference space:  4
 Maximum number of open shell orbitals in internal spaces:  6


 Number of core orbitals:           1 (   1   0   0   0 )
 Number of active  orbitals:        5 (   3   1   1   0 )
 Number of external orbitals:     201 (  73  49  49  30 )

 Molecular orbitals read from record     2140.2  Type=MCSCF/NATURAL (state averaged)

 Valence orbitals related to previous ones by unitary transformation. Operators transformed.


 Number of p-space configurations:   3

 Reference wavefunction optimized for reference space (refopt=1)

 State     Reference Energy 
     1       -54.47871692
     2       -54.09658746
     3       -54.05981827

 Number of blocks in overlap matrix:     8   Smallest eigenvalue:  0.12D-02
 Number of N-2 electron functions:      35
 Number of N-1 electron functions:      72

 Number of internal configurations:                    9
 Number of singly external configurations:          3575
 Number of doubly external configurations:        180251
 Total number of contracted configurations:       183835
 Total number of uncontracted configurations:     332025

 Diagonal Coupling coefficients finished.               Storage:    6197 words, CPU-Time:      0.00 seconds.
 Energy denominators for pairs finished in 1 passes.    Storage:  121346 words, CPU-time:      0.00 seconds.

  ITER. STATE  ROOT     SQ.NORM     CORR.ENERGY   TOTAL ENERGY   ENERGY CHANGE       DEN1      VAR(S)    VAR(P)      TIME
    1     1     1     1.00000000     0.00000000   -54.47871692     0.00000000    -0.21530368  0.59D-01  0.20D-01     0.16
    1     2     2     1.00000000     0.00000000   -54.09658746    -0.00000000    -0.14523088  0.26D-01  0.14D-01     0.16
    2     1     1     1.06497077    -0.19460394   -54.67332086    -0.19460394    -0.00796470  0.18D-02  0.93D-03     0.75
    2     2     2     1.04052028    -0.14717899   -54.24376645    -0.14717899    -0.00287929  0.38D-03  0.40D-03     0.75
    3     1     1     1.06430866    -0.20326052   -54.68197744    -0.00865658    -0.00044575  0.58D-04  0.67D-04     1.35
    3     2     2     1.04263103    -0.15052304   -54.24711050    -0.00334405    -0.00019797  0.43D-04  0.34D-04     1.35
    4     1     1     1.06641388    -0.20384446   -54.68256138    -0.00058394    -0.00003629  0.38D-05  0.56D-05     1.97
    4     2     2     1.04451175    -0.15080746   -54.24739492    -0.00028442    -0.00003381  0.64D-05  0.61D-05     1.97
    5     1     1     1.06708935    -0.20389294   -54.68260986    -0.00004848    -0.00000306  0.31D-06  0.45D-06     2.56
    5     2     2     1.04475722    -0.15085237   -54.24743983    -0.00004491    -0.00000689  0.15D-05  0.13D-05     2.56
    6     1     1     1.06710749    -0.20389691   -54.68261384    -0.00000397    -0.00000032  0.29D-07  0.46D-07     3.15
    6     2     2     1.04475888    -0.15086032   -54.24744778    -0.00000795    -0.00000147  0.67D-06  0.26D-06     3.15
    7     1     1     1.06713152    -0.20389731   -54.68261423    -0.00000040    -0.00000004  0.29D-08  0.53D-08     3.74
    7     2     2     1.04485526    -0.15086220   -54.24744967    -0.00000188    -0.00000043  0.30D-06  0.69D-07     3.74
    8     1     1     1.06713509    -0.20389731   -54.68261423    -0.00000000    -0.00000003  0.29D-08  0.52D-08     4.23
    8     2     2     1.04494769    -0.15086300   -54.24745047    -0.00000080    -0.00000018  0.14D-06  0.28D-07     4.23
    9     1     1     1.06713550    -0.20389731   -54.68261423    -0.00000000    -0.00000003  0.29D-08  0.51D-08     4.71
    9     2     2     1.04500129    -0.15086328   -54.24745075    -0.00000028    -0.00000011  0.74D-07  0.18D-07     4.71
   10     1     1     1.06713534    -0.20389731   -54.68261423    -0.00000000    -0.00000003  0.29D-08  0.51D-08     5.19
   10     2     2     1.04509786    -0.15086351   -54.24745098    -0.00000023    -0.00000006  0.15D-07  0.12D-07     5.19
   11     1     1     1.06713497    -0.20389731   -54.68261423    -0.00000000    -0.00000003  0.29D-08  0.52D-08     5.67
   11     2     2     1.04510706    -0.15086360   -54.24745107    -0.00000009    -0.00000002  0.50D-08  0.32D-08     5.67


 =====================================
 Analysis of CPU times by interactions
 =====================================

       I      S      P

 I   0.0%
 S   0.0%   0.2%
 P   0.7%   0.7%  13.9%

 Initialization:   2.6%
 Other:           81.8%

 Total CPU:        5.7 seconds
 =====================================



 gnormi=  0.93708859  gnorms=  0.03892948  gnormp=  0.02398194  gnorm=  1.00000000
 ecorri= -0.19106984  ecorrs= -0.00793522  ecorrp= -0.00489225  ecorr= -0.20389731

 gnormi=  0.95683977  gnorms=  0.02672079  gnormp=  0.01643944  gnorm=  1.00000000
 ecorri= -0.14435229  ecorrs= -0.00403344  ecorrp= -0.00247787  ecorr= -0.15086360

 Reference coefficients greater than 0.0500000
 =============================================
 2/\/\          -0.0414902   0.9755651
 220/\           0.9668799   0.0417625
 /2\/\           0.0222036  -0.0538771

 Coefficients of singly external configurations greater than 0.0500000
 =====================================================================

 2200\   5.2     0.0506387   0.0053586
 220\0   5.3     0.0506381   0.0053547

 Coefficients of fixed reference functions:
 ==========================================

 State      Coefficients
 1           0.967903    0.014300
 2          -0.015789    0.978039

 Coefficients of rotated reference functions:
 ============================================

 State      Coefficients
 1           0.968008   -0.000666
 2          -0.000666    0.978167


 RESULTS FOR STATE 1.4
 =====================

 Coefficient of reference function:   C(0) = 0.96790298 (fixed)   0.96803336 (relaxed)   0.96800838 (rotated)

 Energy contributions of configuration classes

 CLASS          SQ.NORM        ECORR1        ECORR2
 +++++++++++++++++++++++++++++++++++++++++++++++++++
 Internals    0.00005161   -0.00000406   -0.11717777
 Singles      0.04154515   -0.07370380   -0.07699865
 Pairs        0.02559329   -0.00515308   -0.00972090
 Total        1.06719005   -0.07886095   -0.20389731
 +++++++++++++++++++++++++++++++++++++++++++++++++++


 Reference energy                     -54.47862558
 Nuclear energy                         6.17373413
 Kinetic energy                        56.67035451
 One electron energy                  -85.41510890
 Two electron energy                   24.55876053
 Virial quotient                       -0.96492451
 Correlation energy                    -0.20398865
 !MRCI STATE 1.4 Energy               -54.682614234688

 Properties without orbital relaxation:

 !MRCI STATE 1.4 Dipole moment          0.00000000     0.00000000     0.63085792
 Dipole moment /Debye                   0.00000000     0.00000000     1.60348090

 Cluster corrected energies           -54.69632024 (Davidson, fixed reference)
 Cluster corrected energies           -54.69630901 (Davidson, relaxed reference)
 Cluster corrected energies           -54.69632024 (Davidson, rotated reference)

 Cluster corrected energies           -54.69195112 (Pople, fixed reference)
 Cluster corrected energies           -54.69194330 (Pople, relaxed reference)
 Cluster corrected energies           -54.69195112 (Pople, rotated reference)



 RESULTS FOR STATE 2.4
 =====================

 Coefficient of reference function:   C(0) = 0.97803950 (fixed)   0.97818187 (relaxed)   0.97816670 (rotated)

 Energy contributions of configuration classes

 CLASS          SQ.NORM        ECORR1        ECORR2
 +++++++++++++++++++++++++++++++++++++++++++++++++++
 Internals    0.00003101   -0.00000402   -0.00005225
 Singles      0.02792695   -0.05993800   -0.06138273
 Pairs        0.01718151   -0.09087568   -0.08942863
 Total        1.04513947   -0.15081770   -0.15086360
 +++++++++++++++++++++++++++++++++++++++++++++++++++


 Reference energy                     -54.09667880
 Nuclear energy                         6.17373413
 Kinetic energy                        56.15344356
 One electron energy                  -82.70091403
 Two electron energy                   22.27972883
 Virial quotient                       -0.96605742
 Correlation energy                    -0.15077226
 !MRCI STATE 2.4 Energy               -54.247451065498

 Properties without orbital relaxation:

 !MRCI STATE 2.4 Dipole moment          0.00000000     0.00000000    -1.54927130
 Dipole moment /Debye                   0.00000000     0.00000000    -3.93785485

 Cluster corrected energies           -54.25425685 (Davidson, fixed reference)
 Cluster corrected energies           -54.25425196 (Davidson, relaxed reference)
 Cluster corrected energies           -54.25425685 (Davidson, rotated reference)

 Cluster corrected energies           -54.25205542 (Pople, fixed reference)
 Cluster corrected energies           -54.25205206 (Pople, relaxed reference)
 Cluster corrected energies           -54.25205542 (Pople, rotated reference)


 !MRCI trans          <2.4|DMZ|1.4>    -0.259302990002 au =    -0.659082460325 Debye


 **********************************************************************************************************************************
 DATASETS  * FILE   NREC   LENGTH (MB)   RECORD NAMES
              1      21      265.34       500      700      610      701      900      950      970     1000      129      960   
                                          VAR     GEOM    BASINP    GEOM    SYMINP    ZMAT    AOBASIS   BASIS     P2S    ABASIS    
                                         1100     1400     1410     1200     1210     1080     1600     1650     1300     1700   
                                           S        T        V       H0       H01     AOSYM     SMH    MOLCAS    ERIS     OPER   
                                         1380   
                                         JKOP   

              2       8       17.64       500      610      700     1000      520     2100     2140      701   
                                          VAR    BASINP    GEOM     BASIS   MCVARS     RHF     MCSCF    GEOM   

 PROGRAMS   *        TOTAL        CI     MULTI       INT        CI     MULTI       INT        CI     MULTI       INT        CI
 CPU TIMES  *       422.45      5.70      1.29      8.72      5.67      1.28      8.73      5.68      1.28      8.71      5.64
 REAL TIME  *       453.00 SEC
 DISK USED  *       798.41 MB
 **********************************************************************************************************************************
 SETTING E1(27)         =       -54.68261423  AU                              
 SETTING E2(27)         =       -54.24745107  AU                              

 DO I                   =        28.00000000   


 Using spherical harmonics

 Library entry N      S aug-cc-pV5Z          selected for orbital group  1
 Library entry N      P aug-cc-pV5Z          selected for orbital group  1
 Library entry N      D aug-cc-pV5Z          selected for orbital group  1
 Library entry N      F aug-cc-pV5Z          selected for orbital group  1
 Library entry N      G aug-cc-pV5Z          selected for orbital group  1
 Library entry N      H aug-cc-pV5Z          selected for orbital group  1
 Library entry H      S aug-cc-pV5Z          selected for orbital group  2
 Library entry H      P aug-cc-pV5Z          selected for orbital group  2
 Library entry H      D aug-cc-pV5Z          selected for orbital group  2
 Library entry H      F aug-cc-pV5Z          selected for orbital group  2
 Library entry H      G aug-cc-pV5Z          selected for orbital group  2


 PROGRAM * SEWARD (Integral evaluation for generally contracted gaussian basis sets)     Author: Roland Lindh, 1990

 Geometry written to block  1 of record 701

 Orientation using atomic masses  
 Molecule type: Linear
 Symmetry elements: X,Y
 Rotational constants:    1597.7381987   1597.7381987      0.0000000 GHz  (calculated with average atomic masses)

 Point group  C2v 



 ATOMIC COORDINATES

 NR  ATOM    CHARGE       X              Y              Z

   1  N       7.00    0.000000000    0.000000000   -0.073577769
   2  H       1.00    0.000000000    0.000000000    1.022463383

 Bond lengths in Bohr (Angstrom)

 1-2  1.096041152
     ( 0.580000000)

 NUCLEAR CHARGE:                    8
 NUMBER OF PRIMITIVE AOS:         307
 NUMBER OF SYMMETRY AOS:          227
 NUMBER OF CONTRACTIONS:          207   (   77A1  +   50B1  +   50B2  +   30A2  )
 NUMBER OF INNER CORE ORBITALS:     0   (    0A1  +    0B1  +    0B2  +    0A2  )
 NUMBER OF OUTER CORE ORBITALS:     1   (    1A1  +    0B1  +    0B2  +    0A2  )
 NUMBER OF VALENCE ORBITALS:        5   (    3A1  +    1B1  +    1B2  +    0A2  )


 NUCLEAR REPULSION ENERGY    6.38662151

 EXTRA SYMMETRY OF AOS IN SYMMETRY 1:   1 1 1 1 1 1 1 1 1 1   1 1 1 1 2 1 2 1 2 1   2 1 2 1 2 1 2 1 2 1   2 1 3 2 1 3 2 1 3 2
                                        2 3 1 2 3 1 1 1 1 1   1 1 1 1 1 1 1 1 2 1   2 1 2 1 2 1 2 1 2 1   2 1 3 2 1 3 2
 EXTRA SYMMETRY OF AOS IN SYMMETRY 2:   1 1 1 1 1 1 1 1 1 1   1 1 2 1 2 1 2 1 2 1   2 1 2 1 2 1 2 3 1 2   3 1 1 1 1 1 1 1 1 1
                                        1 2 1 2 1 2 1 2 1 2
 EXTRA SYMMETRY OF AOS IN SYMMETRY 3:   1 1 1 1 1 1 1 1 1 1   1 1 2 1 2 1 2 1 2 1   2 1 2 1 2 1 2 3 1 2   3 1 1 1 1 1 1 1 1 1
                                        1 2 1 2 1 2 1 2 1 2
 EXTRA SYMMETRY OF AOS IN SYMMETRY 4:   1 1 1 1 1 1 1 1 1 1   2 1 2 1 2 2 1 2 1 1   1 1 1 1 1 1 1 2 1 2

 Eigenvalues of metric

         1 0.367E-05 0.226E-04 0.430E-04 0.771E-04 0.183E-03 0.195E-03 0.221E-03 0.477E-03
         2 0.297E-04 0.181E-03 0.709E-03 0.150E-02 0.287E-02 0.389E-02 0.577E-02 0.921E-02
         3 0.297E-04 0.181E-03 0.709E-03 0.150E-02 0.287E-02 0.389E-02 0.577E-02 0.921E-02
         4 0.477E-03 0.273E-02 0.102E-01 0.153E-01 0.315E-01 0.626E-01 0.963E-01 0.972E-01


 Contracted 2-electron integrals neglected if value below      1.0D-12
 AO integral compression algorithm  1   Integral accuracy      1.0D-12

     301.728 MB (compressed) written to integral file ( 53.5%)


 NUMBER OF SORTED TWO-ELECTRON INTEGRALS:   59167011.     BUFFER LENGTH:  32768
 NUMBER OF SEGMENTS:   4  SEGMENT LENGTH:   15999984      RECORD LENGTH: 524288

 Memory used in sort:      16.56 MW

 SORT1 READ    70490039. AND WROTE    39593871. INTEGRALS IN    116 RECORDS. CPU TIME:     0.80 SEC, REAL TIME:     0.95 SEC
 SORT2 READ    39593871. AND WROTE    59167011. INTEGRALS IN   1151 RECORDS. CPU TIME:     0.67 SEC, REAL TIME:     0.77 SEC

 FILE SIZES:   FILE 1:   332.8 MBYTE,  FILE 4:   486.6 MBYTE,   TOTAL:    819.4 MBYTE

 OPERATOR DM      FOR CENTER  0  COORDINATES:    0.000000    0.000000    0.000000


 **********************************************************************************************************************************
 DATASETS  * FILE   NREC   LENGTH (MB)   RECORD NAMES
              1      20      262.93       500      700      610      701      900      950      970     1000      129      960   
                                          VAR     GEOM    BASINP    GEOM    SYMINP    ZMAT    AOBASIS   BASIS     P2S    ABASIS    
                                         1100     1400     1410     1200     1210     1080     1600     1650     1300     1700   
                                           S        T        V       H0       H01     AOSYM     SMH    MOLCAS    ERIS     OPER   

              2       8       17.64       500      610      700     1000      520     2100     2140      701   
                                          VAR    BASINP    GEOM     BASIS   MCVARS     RHF     MCSCF    GEOM   

 PROGRAMS   *        TOTAL       INT        CI     MULTI       INT        CI     MULTI       INT        CI     MULTI       INT
 CPU TIMES  *       431.23      8.78      5.70      1.29      8.72      5.67      1.28      8.73      5.68      1.28      8.71
 REAL TIME  *       462.18 SEC
 DISK USED  *       799.16 MB
 **********************************************************************************************************************************

 PROGRAM * MULTI (Direct Multiconfiguration SCF)       Authors: P.J. Knowles, H.-J. Werner (1984)
                                                                D.A. Kreplin, P.J. Knowles, H.-J. Werner (2019)

 Number of closed-shell orbitals:   1 (   1   0   0   0 )
 Number of active  orbitals:        5 (   3   1   1   0 )
 Number of external orbitals:     201 (  73  49  49  30 )

 State symmetry 1

 Number of active electrons:   6    Spin symmetry=Singlet   Space symmetry=4
 Number of states:             3
 Number of CSFs:               9   (24 determinants, 100 intermediate states)

 Molecular orbitals read from record     2140.2  Type=MCSCF/NATURAL (state averaged)

 EXTRA SYMMETRY OF MOS IN SYMMETRY 1:   1 1 1 1 1 1 1 2 1 1   1 1 2 1 2 1 1 1 2 1   2 1 1 1 2 3 1 2 1 2   1 2 1 3 1 1 2 1 1 2
                                        1 2 3 1 2 3 1 1 2 1   2 1 1 2 1 1 2 3 1 2   1 3 2 1 3 1 2 1 2 1   2 1 2 1 1 1 1
 EXTRA SYMMETRY OF MOS IN SYMMETRY 2:   1 1 1 1 1 1 2 1 1 1   2 1 1 1 2 1 1 2 1 2   1 1 1 3 2 1 2 1 2 1   1 2 1 1 1 2 3 1 1 2
                                        1 2 2 1 1 1 2 1 1 1
 EXTRA SYMMETRY OF MOS IN SYMMETRY 3:   1 1 1 1 1 1 2 1 1 1   2 1 1 1 2 1 1 2 1 2   1 1 1 3 2 1 2 1 2 1   1 2 1 1 1 2 3 1 1 2
                                        1 2 2 1 1 1 2 1 1 1
 EXTRA SYMMETRY OF MOS IN SYMMETRY 4:   1 1 1 1 1 1 2 1 1 1   2 1 1 1 2 1 2 1 1 1   1 2 1 2 1 2 1 1 1 1

 Wavefunction dump at record             2140.2

 Convergence thresholds  0.10E-04 (gradient)  0.10E-05 (energy)

 Weight factors for state symmetry  1:    0.33333   0.33333   0.33333
 
 Number of orbital rotations:  393  ( 3 closed/active, 73 closed/virtual, 0 active/active, 317 active/virtual )
 Total number of variables:    465
 
  Second-order MCSCF: L-BFGS accelerated
 
 ITER  MIC  NCI  NEG     ENERGY(VAR)    ENERGY(PROJ) ENERGY CHANGE       GRAD(0)  GRAD(ORB)   GRAD(CI)      STEP      TIME
   1    7    4    0    -54.14207578     -54.14239674   -0.00032096    0.07044308 0.00000568 0.00000000  0.85E-02      0.37
   2    9    6    0    -54.14239639     -54.14239639   -0.00000000    0.00008723 0.00000000 0.00000000  0.53E-04      0.76
   3    3    2    0    -54.14239639     -54.14239639    0.00000000    0.00000000 0.00000000 0.00000000  0.67E-09      1.10

 CONVERGENCE REACHED!  Final gradient:    0.00000000 ( 0.45E-11)
                       Final energy:    -54.14239639
 
 Results for state 1.4
 =====================
 !MCSCF STATE 1.4 Energy                       -54.411098375886
 Nuclear energy                                  6.38662151
 Kinetic energy                                 57.46842987
 One electron energy                           -86.54992762
 Two electron energy                            25.75220773
 Virial ratio                                    1.94679981
 
 !MCSCF STATE 1.4 Dipole moment                  0.00000000     0.00000000     0.74436119
 Dipole moment /Debye                            0.00000000     0.00000000     1.89197743
 
 Results for state 2.4
 =====================
 !MCSCF STATE 2.4 Energy                       -54.026881120127
 Nuclear energy                                  6.38662151
 Kinetic energy                                 55.71924497
 One electron energy                           -82.68503769
 Two electron energy                            22.27153506
 Virial ratio                                    1.96962694
 
 !MCSCF STATE 2.4 Dipole moment                  0.00000000     0.00000000    -1.58390380
 Dipole moment /Debye                            0.00000000     0.00000000    -4.02588189
 
 Results for state 3.4
 =====================
 !MCSCF STATE 3.4 Energy                       -53.989209686932
 Nuclear energy                                  6.38662151
 Kinetic energy                                 55.67715914
 One electron energy                           -82.59814024
 Two electron energy                            22.22230905
 Virial ratio                                    1.96968327
 
 !MCSCF STATE 3.4 Dipole moment                  0.00000000     0.00000000    -1.45096712
 Dipole moment /Debye                            0.00000000     0.00000000    -3.68799055
 
 State-averaged charge density matrix saved on record 2140.2 (density set 1)
 
 Expectation values: (only non-zero values are shown)
 
 !MCSCF expec                       <1.4|DMZ|1.4>     0.744361190310 au =     1.891977430254 Debye
 !MCSCF expec                       <2.4|DMZ|2.4>    -1.583903796914 au =    -4.025881889686 Debye
 !MCSCF expec                       <3.4|DMZ|3.4>    -1.450967115252 au =    -3.687990547912 Debye
 
 Transition values: (only non-zero values with the ground state are shown)
 
 !MCSCF trans                       <1.4|DMZ|2.4>    -0.077553359236 au =    -0.197120977322 Debye
 

 EXTRA SYMMETRY OF MOS IN SYMMETRY 1:   1 1 1 1 1 1 1 2 1 1   1 1 2 1 2 1 1 1 2 1   2 1 1 1 2 3 1 2 1 2   1 2 1 3 1 1 2 1 1 2
                                        1 2 3 1 2 3 1 1 2 1   1 2 1 2 1 1 2 3 1 2   1 3 2 1 3 1 2 1 2 1   2 1 2 1 1 1 1
 
 Natural orbital dump (state averaged) at molpro section 2140.2 (Orbital set 2)
 
 Reoptimze the CI vectors with natural orbitals 
 
 CI Coefficients of symmetry 4
 =============================
 
 220 a b       -0.70541602     -0.04488267     -0.00000000
 220 b a        0.70541602      0.04488267      0.00000000
 2aa b b        0.00000000     -0.00000000      0.57640376
 2bb a a        0.00000000     -0.00000000      0.57640376
 2ba a b       -0.03097482      0.49819509     -0.28820188
 2ab b a       -0.03097482      0.49819509     -0.28820188
 2ba b a        0.03097482     -0.49819509     -0.28820188
 2ab a b        0.03097482     -0.49819509     -0.28820188
 
 Energy:      -54.41109838    -54.02688112    -53.98920969
 


 **********************************************************************************************************************************
 DATASETS  * FILE   NREC   LENGTH (MB)   RECORD NAMES
              1      21      265.85       500      700      610      701      900      950      970     1000      129      960   
                                          VAR     GEOM    BASINP    GEOM    SYMINP    ZMAT    AOBASIS   BASIS     P2S    ABASIS    
                                         1100     1400     1410     1200     1210     1080     1600     1650     1300     1700   
                                           S        T        V       H0       H01     AOSYM     SMH    MOLCAS    ERIS     OPER   
                                         1380   
                                         JKOP   

              2       8       17.64       500      610      700     1000      520     2100     2140      701   
                                          VAR    BASINP    GEOM     BASIS   MCVARS     RHF     MCSCF    GEOM   

 PROGRAMS   *        TOTAL     MULTI       INT        CI     MULTI       INT        CI     MULTI       INT        CI     MULTI
 CPU TIMES  *       432.54      1.31      8.78      5.70      1.29      8.72      5.67      1.28      8.73      5.68      1.28
 REAL TIME  *       463.64 SEC
 DISK USED  *       799.16 MB
 **********************************************************************************************************************************


 PROGRAM * CI (Multireference internally contracted CI)     Authors: H.-J. Werner, P.J. Knowles, 1987


 Convergence thresholds:  THRVAR = 1.00D-08  THRDEN = 1.00D-06

 Number of optimized states: 2  Roots:    1   2
 Number of reference states: 2  Roots:    1   2

 Program parameters:       NSTATE=  2    NSTATI=  3    NSTATR=  2    NCEPA = -1    NOKOP =  0    ITRDM =  0    ITRANS=  0
                           IDIP  =200    MAXIT =250    MAXITI=250    MAXDAV=  6    MAXVI =  9    NOSING=  0    NOPAIR=  0
                           MXSHRF=  5    IKCPS =  0    IOPTGM=  2    IOPTOR=  0    REFOPT=  1    IAVDEN=  0    IDELCG=  1
                           IREST =  0    NATORB=  0    IPUNRF=  0    ISEP  =  0    OLDDEN=  0    NSTPRI=  1    GPSFLI= -1
                           CLUSTE=  0    CLOSED=  1    ILSTYP=  0    ITRLS =  0    ICCSD =  0    LOCAL =  0    IBASO =  0
                           MP    =  0    ITEDIS=  2    INCDIS=  1    MAXDIS=  6    ITYDIS=  1    BRUECK=  0    IBRSTR=  3
                           INCBRK=  1    TRIPLE=  0    ICCTYP=  1    IHPPD =  0    ICCNEW=  0    I3EXT = -1    IDEB  =  0
                           IDLEIG=  1    IDFTYP=  1    IMP3  =  0    IPROCS=  0    NOINT =  0    NOREF =  1    IMP2G =  0
                           IHINT =  0    IFDIA =  0    ISPARO=  1    JKSYM =  0    CPHF  =  0    MP2D  = -1    DKINT =  0
                           NPKEX =  1    DRVK  =  1    HLSTRA=  1    WIGNER=  1    DIIS_C=  1    MAXIT_= 50    MATEL =  0
                           SPDEG =  1    MEMCPH=  0    DISM  =  1    KDCPMA=  5    IKDCP_=  0    IREDTH=  0    USECS =  0
                           IPROCC=  0    I3SAVE=  1    IKDCP =  1    USECI =  0    OLDPAI=  0    IPROCI=  0    KEEPCL=  1
                           DISCON=  0    SHIFTE=  0    DIISIN=  0    MOLCAS=  0    MEM_PT=  0    RECORD=  0    RS2C  =  0
                           KEXT  = -1    CIPT2 =  0    DECP0S=  0    I4EXT = -1    NATCOR=  0    RIMP2 =  0    DDCI  = -1
                           IPOLAR=  0

 Reference symmetry:                   4   Singlet 
 Number of electrons:                  8
 Maximum number of shells:             4
 Maximum number of spin couplings:     5

 Reference space:        6 conf        9 CSFs
 N elec internal:       45 conf       50 CSFs
 N-1 el internal:       48 conf       72 CSFs
 N-2 el internal:       26 conf       64 CSFs

 Number of electrons in valence space:                      6
 Maximum number of open shell orbitals in reference space:  4
 Maximum number of open shell orbitals in internal spaces:  6


 Number of core orbitals:           1 (   1   0   0   0 )
 Number of active  orbitals:        5 (   3   1   1   0 )
 Number of external orbitals:     201 (  73  49  49  30 )

 Molecular orbitals read from record     2140.2  Type=MCSCF/NATURAL (state averaged)

 Valence orbitals related to previous ones by unitary transformation. Operators transformed.


 Number of p-space configurations:   3

 Reference wavefunction optimized for reference space (refopt=1)

 State     Reference Energy 
     1       -54.41109838
     2       -54.02688112
     3       -53.98920969

 Number of blocks in overlap matrix:     8   Smallest eigenvalue:  0.12D-02
 Number of N-2 electron functions:      35
 Number of N-1 electron functions:      72

 Number of internal configurations:                    9
 Number of singly external configurations:          3575
 Number of doubly external configurations:        180251
 Total number of contracted configurations:       183835
 Total number of uncontracted configurations:     332025

 Diagonal Coupling coefficients finished.               Storage:    6197 words, CPU-Time:      0.00 seconds.
 Energy denominators for pairs finished in 1 passes.    Storage:  121346 words, CPU-time:      0.01 seconds.

  ITER. STATE  ROOT     SQ.NORM     CORR.ENERGY   TOTAL ENERGY   ENERGY CHANGE       DEN1      VAR(S)    VAR(P)      TIME
    1     1     1     1.00000000     0.00000000   -54.41109838     0.00000000    -0.21515067  0.59D-01  0.20D-01     0.16
    1     2     2     1.00000000     0.00000000   -54.02688112     0.00000000    -0.14521152  0.26D-01  0.14D-01     0.16
    2     1     1     1.06476207    -0.19473738   -54.60583576    -0.19473738    -0.00796798  0.18D-02  0.92D-03     0.76
    2     2     2     1.04020258    -0.14716593   -54.17404705    -0.14716593    -0.00286236  0.38D-03  0.40D-03     0.76
    3     1     1     1.06404860    -0.20343866   -54.61453704    -0.00870128    -0.00045915  0.59D-04  0.68D-04     1.35
    3     2     2     1.04230980    -0.15050022   -54.17738134    -0.00333429    -0.00019879  0.43D-04  0.34D-04     1.35
    4     1     1     1.06616509    -0.20404447   -54.61514284    -0.00060580    -0.00003796  0.38D-05  0.58D-05     1.97
    4     2     2     1.04419056    -0.15078833   -54.17766945    -0.00028811    -0.00003388  0.62D-05  0.60D-05     1.97
    5     1     1     1.06683441    -0.20409535   -54.61519373    -0.00005089    -0.00000329  0.34D-06  0.48D-06     2.55
    5     2     2     1.04441463    -0.15083376   -54.17771488    -0.00004542    -0.00000673  0.13D-05  0.13D-05     2.55
    6     1     1     1.06684957    -0.20409965   -54.61519802    -0.00000429    -0.00000035  0.32D-07  0.50D-07     3.16
    6     2     2     1.04440700    -0.15084154   -54.17772266    -0.00000778    -0.00000140  0.52D-06  0.25D-06     3.16
    7     1     1     1.06687561    -0.20410009   -54.61519846    -0.00000044    -0.00000004  0.33D-08  0.58D-08     3.74
    7     2     2     1.04449044    -0.15084329   -54.17772441    -0.00000175    -0.00000038  0.23D-06  0.63D-07     3.74
    8     1     1     1.06687877    -0.20410009   -54.61519847    -0.00000000    -0.00000004  0.32D-08  0.57D-08     4.21
    8     2     2     1.04456295    -0.15084396   -54.17772508    -0.00000067    -0.00000014  0.11D-06  0.22D-07     4.21
    9     1     1     1.06687944    -0.20410009   -54.61519847    -0.00000000    -0.00000004  0.34D-08  0.57D-08     4.69
    9     2     2     1.04460358    -0.15084417   -54.17772529    -0.00000021    -0.00000008  0.62D-07  0.13D-07     4.69
   10     1     1     1.06687934    -0.20410009   -54.61519847    -0.00000000    -0.00000004  0.34D-08  0.57D-08     5.17
   10     2     2     1.04468082    -0.15084434   -54.17772546    -0.00000017    -0.00000005  0.16D-07  0.95D-08     5.17
   11     1     1     1.06687888    -0.20410009   -54.61519847    -0.00000000    -0.00000004  0.33D-08  0.57D-08     5.65
   11     2     2     1.04469254    -0.15084442   -54.17772554    -0.00000008    -0.00000002  0.53D-08  0.33D-08     5.65


 =====================================
 Analysis of CPU times by interactions
 =====================================

       I      S      P

 I   0.0%
 S   0.0%   0.4%
 P   0.2%   0.7%  13.8%

 Initialization:   2.8%
 Other:           82.1%

 Total CPU:        5.6 seconds
 =====================================



 gnormi=  0.93731352  gnorms=  0.03893501  gnormp=  0.02375146  gnorm=  1.00000000
 ecorri= -0.19130577  ecorrs= -0.00794402  ecorrp= -0.00485029  ecorr= -0.20410009

 gnormi=  0.95721943  gnorms=  0.02649315  gnormp=  0.01628741  gnorm=  1.00000000
 ecorri= -0.14439121  ecorrs= -0.00399873  ecorrp= -0.00245448  ecorr= -0.15084442

 Reference coefficients greater than 0.0500000
 =============================================
 2/\/\          -0.0450175   0.9756789
 220/\           0.9668432   0.0448204
 /2\/\           0.0220142  -0.0529802

 Coefficients of singly external configurations greater than 0.0500000
 =====================================================================

 2200\   5.2     0.0505056   0.0062534
 220\0   5.3     0.0505049   0.0062496

 Coefficients of fixed reference functions:
 ==========================================

 State      Coefficients
 1           0.968005    0.015368
 2          -0.017346    0.978208

 Coefficients of rotated reference functions:
 ============================================

 State      Coefficients
 1           0.968126   -0.000903
 2          -0.000903    0.978361


 RESULTS FOR STATE 1.4
 =====================

 Coefficient of reference function:   C(0) = 0.96800488 (fixed)   0.96814954 (relaxed)   0.96812644 (rotated)

 Energy contributions of configuration classes

 CLASS          SQ.NORM        ECORR1        ECORR2
 +++++++++++++++++++++++++++++++++++++++++++++++++++
 Internals    0.00004772   -0.00000602   -0.11681897
 Singles      0.04154093   -0.07394704   -0.07725228
 Pairs        0.02534114   -0.00552515   -0.01002884
 Total        1.06692979   -0.07947821   -0.20410009
 +++++++++++++++++++++++++++++++++++++++++++++++++++


 Reference energy                     -54.41098985
 Nuclear energy                         6.38662151
 Kinetic energy                        56.80507100
 One electron energy                  -85.67134484
 Two electron energy                   24.66952486
 Virial quotient                       -0.96144935
 Correlation energy                    -0.20420862
 !MRCI STATE 1.4 Energy               -54.615198466147

 Properties without orbital relaxation:

 !MRCI STATE 1.4 Dipole moment          0.00000000     0.00000000     0.62770171
 Dipole moment /Debye                   0.00000000     0.00000000     1.59545861

 Cluster corrected energies           -54.62886611 (Davidson, fixed reference)
 Cluster corrected energies           -54.62885571 (Davidson, relaxed reference)
 Cluster corrected energies           -54.62886611 (Davidson, rotated reference)

 Cluster corrected energies           -54.62450846 (Pople, fixed reference)
 Cluster corrected energies           -54.62450123 (Pople, relaxed reference)
 Cluster corrected energies           -54.62450846 (Pople, rotated reference)



 RESULTS FOR STATE 2.4
 =====================

 Coefficient of reference function:   C(0) = 0.97820780 (fixed)   0.97837592 (relaxed)   0.97836116 (rotated)

 Energy contributions of configuration classes

 CLASS          SQ.NORM        ECORR1        ECORR2
 +++++++++++++++++++++++++++++++++++++++++++++++++++
 Internals    0.00003016   -0.00000596   -0.00006415
 Singles      0.02767804   -0.05978880   -0.06122800
 Pairs        0.01701585   -0.09099315   -0.08955227
 Total        1.04472405   -0.15078791   -0.15084442
 +++++++++++++++++++++++++++++++++++++++++++++++++++


 Reference energy                     -54.02698965
 Nuclear energy                         6.38662151
 Kinetic energy                        56.28510540
 One electron energy                  -82.93941431
 Two electron energy                   22.37506726
 Virial quotient                       -0.96255884
 Correlation energy                    -0.15073589
 !MRCI STATE 2.4 Energy               -54.177725541070

 Properties without orbital relaxation:

 !MRCI STATE 2.4 Dipole moment          0.00000000     0.00000000    -1.54814973
 Dipole moment /Debye                   0.00000000     0.00000000    -3.93500412

 Cluster corrected energies           -54.18446706 (Davidson, fixed reference)
 Cluster corrected energies           -54.18446231 (Davidson, relaxed reference)
 Cluster corrected energies           -54.18446706 (Davidson, rotated reference)

 Cluster corrected energies           -54.18228582 (Pople, fixed reference)
 Cluster corrected energies           -54.18228256 (Pople, relaxed reference)
 Cluster corrected energies           -54.18228582 (Pople, rotated reference)


 !MRCI trans          <2.4|DMZ|1.4>    -0.243044824991 au =    -0.617758326748 Debye


 **********************************************************************************************************************************
 DATASETS  * FILE   NREC   LENGTH (MB)   RECORD NAMES
              1      21      265.85       500      700      610      701      900      950      970     1000      129      960   
                                          VAR     GEOM    BASINP    GEOM    SYMINP    ZMAT    AOBASIS   BASIS     P2S    ABASIS    
                                         1100     1400     1410     1200     1210     1080     1600     1650     1300     1700   
                                           S        T        V       H0       H01     AOSYM     SMH    MOLCAS    ERIS     OPER   
                                         1380   
                                         JKOP   

              2       8       17.64       500      610      700     1000      520     2100     2140      701   
                                          VAR    BASINP    GEOM     BASIS   MCVARS     RHF     MCSCF    GEOM   

 PROGRAMS   *        TOTAL        CI     MULTI       INT        CI     MULTI       INT        CI     MULTI       INT        CI
 CPU TIMES  *       438.22      5.68      1.31      8.78      5.70      1.29      8.72      5.67      1.28      8.73      5.68
 REAL TIME  *       469.88 SEC
 DISK USED  *       799.16 MB
 **********************************************************************************************************************************
 SETTING E1(28)         =       -54.61519847  AU                              
 SETTING E2(28)         =       -54.17772554  AU                              

 DO I                   =        29.00000000   


 Using spherical harmonics

 Library entry N      S aug-cc-pV5Z          selected for orbital group  1
 Library entry N      P aug-cc-pV5Z          selected for orbital group  1
 Library entry N      D aug-cc-pV5Z          selected for orbital group  1
 Library entry N      F aug-cc-pV5Z          selected for orbital group  1
 Library entry N      G aug-cc-pV5Z          selected for orbital group  1
 Library entry N      H aug-cc-pV5Z          selected for orbital group  1
 Library entry H      S aug-cc-pV5Z          selected for orbital group  2
 Library entry H      P aug-cc-pV5Z          selected for orbital group  2
 Library entry H      D aug-cc-pV5Z          selected for orbital group  2
 Library entry H      F aug-cc-pV5Z          selected for orbital group  2
 Library entry H      G aug-cc-pV5Z          selected for orbital group  2


 PROGRAM * SEWARD (Integral evaluation for generally contracted gaussian basis sets)     Author: Roland Lindh, 1990

 Geometry written to block  1 of record 701

 Orientation using atomic masses  
 Molecule type: Linear
 Symmetry elements: X,Y
 Rotational constants:    1713.9002871   1713.9002871      0.0000000 GHz  (calculated with average atomic masses)

 Point group  C2v 



 ATOMIC COORDINATES

 NR  ATOM    CHARGE       X              Y              Z

   1  N       7.00    0.000000000    0.000000000   -0.071040605
   2  H       1.00    0.000000000    0.000000000    0.987206025

 Bond lengths in Bohr (Angstrom)

 1-2  1.058246630
     ( 0.560000000)

 NUCLEAR CHARGE:                    8
 NUMBER OF PRIMITIVE AOS:         307
 NUMBER OF SYMMETRY AOS:          227
 NUMBER OF CONTRACTIONS:          207   (   77A1  +   50B1  +   50B2  +   30A2  )
 NUMBER OF INNER CORE ORBITALS:     0   (    0A1  +    0B1  +    0B2  +    0A2  )
 NUMBER OF OUTER CORE ORBITALS:     1   (    1A1  +    0B1  +    0B2  +    0A2  )
 NUMBER OF VALENCE ORBITALS:        5   (    3A1  +    1B1  +    1B2  +    0A2  )


 NUCLEAR REPULSION ENERGY    6.61471514

 EXTRA SYMMETRY OF AOS IN SYMMETRY 1:   1 1 1 1 1 1 1 1 1 1   1 1 1 1 2 1 2 1 2 1   2 1 2 1 2 1 2 1 2 1   2 1 3 2 1 3 2 1 3 2
                                        2 3 1 2 3 1 1 1 1 1   1 1 1 1 1 1 1 1 2 1   2 1 2 1 2 1 2 1 2 1   2 1 3 2 1 3 2
 EXTRA SYMMETRY OF AOS IN SYMMETRY 2:   1 1 1 1 1 1 1 1 1 1   1 1 2 1 2 1 2 1 2 1   2 1 2 1 2 1 2 3 1 2   3 1 1 1 1 1 1 1 1 1
                                        1 2 1 2 1 2 1 2 1 2
 EXTRA SYMMETRY OF AOS IN SYMMETRY 3:   1 1 1 1 1 1 1 1 1 1   1 1 2 1 2 1 2 1 2 1   2 1 2 1 2 1 2 3 1 2   3 1 1 1 1 1 1 1 1 1
                                        1 2 1 2 1 2 1 2 1 2
 EXTRA SYMMETRY OF AOS IN SYMMETRY 4:   1 1 1 1 1 1 1 1 1 1   2 1 2 1 2 2 1 2 1 1   1 1 1 1 1 1 1 2 1 2

 Eigenvalues of metric

         1 0.338E-05 0.207E-04 0.405E-04 0.749E-04 0.169E-03 0.171E-03 0.213E-03 0.424E-03
         2 0.265E-04 0.157E-03 0.641E-03 0.133E-02 0.262E-02 0.368E-02 0.513E-02 0.850E-02
         3 0.265E-04 0.157E-03 0.641E-03 0.133E-02 0.262E-02 0.368E-02 0.513E-02 0.850E-02
         4 0.424E-03 0.255E-02 0.983E-02 0.141E-01 0.280E-01 0.596E-01 0.897E-01 0.902E-01


 Contracted 2-electron integrals neglected if value below      1.0D-12
 AO integral compression algorithm  1   Integral accuracy      1.0D-12

     302.252 MB (compressed) written to integral file ( 53.6%)


 NUMBER OF SORTED TWO-ELECTRON INTEGRALS:   59167011.     BUFFER LENGTH:  32768
 NUMBER OF SEGMENTS:   4  SEGMENT LENGTH:   15999984      RECORD LENGTH: 524288

 Memory used in sort:      16.56 MW

 SORT1 READ    70490039. AND WROTE    39593864. INTEGRALS IN    116 RECORDS. CPU TIME:     0.77 SEC, REAL TIME:     0.94 SEC
 SORT2 READ    39593864. AND WROTE    59167011. INTEGRALS IN   1153 RECORDS. CPU TIME:     0.65 SEC, REAL TIME:     0.78 SEC

 FILE SIZES:   FILE 1:   333.4 MBYTE,  FILE 4:   486.6 MBYTE,   TOTAL:    819.9 MBYTE

 OPERATOR DM      FOR CENTER  0  COORDINATES:    0.000000    0.000000    0.000000


 **********************************************************************************************************************************
 DATASETS  * FILE   NREC   LENGTH (MB)   RECORD NAMES
              1      20      263.41       500      700      610      701      900      950      970     1000      129      960   
                                          VAR     GEOM    BASINP    GEOM    SYMINP    ZMAT    AOBASIS   BASIS     P2S    ABASIS    
                                         1100     1400     1410     1200     1210     1080     1600     1650     1300     1700   
                                           S        T        V       H0       H01     AOSYM     SMH    MOLCAS    ERIS     OPER   

              2       8       17.64       500      610      700     1000      520     2100     2140      701   
                                          VAR    BASINP    GEOM     BASIS   MCVARS     RHF     MCSCF    GEOM   

 PROGRAMS   *        TOTAL       INT        CI     MULTI       INT        CI     MULTI       INT        CI     MULTI       INT
 CPU TIMES  *       446.92      8.69      5.68      1.31      8.78      5.70      1.29      8.72      5.67      1.28      8.73
 REAL TIME  *       479.03 SEC
 DISK USED  *       799.66 MB
 **********************************************************************************************************************************

 PROGRAM * MULTI (Direct Multiconfiguration SCF)       Authors: P.J. Knowles, H.-J. Werner (1984)
                                                                D.A. Kreplin, P.J. Knowles, H.-J. Werner (2019)

 Number of closed-shell orbitals:   1 (   1   0   0   0 )
 Number of active  orbitals:        5 (   3   1   1   0 )
 Number of external orbitals:     201 (  73  49  49  30 )

 State symmetry 1

 Number of active electrons:   6    Spin symmetry=Singlet   Space symmetry=4
 Number of states:             3
 Number of CSFs:               9   (24 determinants, 100 intermediate states)

 Molecular orbitals read from record     2140.2  Type=MCSCF/NATURAL (state averaged)

 EXTRA SYMMETRY OF MOS IN SYMMETRY 1:   1 1 1 1 1 1 1 2 1 1   1 1 2 1 2 1 1 1 2 1   2 1 1 1 2 3 1 2 1 2   1 2 1 3 1 1 2 1 1 2
                                        1 2 3 1 2 3 1 1 2 1   1 2 1 2 1 1 2 3 1 2   1 3 2 1 3 1 2 1 2 1   2 1 2 1 1 1 1
 EXTRA SYMMETRY OF MOS IN SYMMETRY 2:   1 1 1 1 1 1 2 1 1 1   2 1 1 1 2 1 1 2 1 2   1 1 1 3 2 1 2 1 2 1   1 2 1 1 1 2 3 1 1 2
                                        1 2 2 1 1 1 2 1 1 1
 EXTRA SYMMETRY OF MOS IN SYMMETRY 3:   1 1 1 1 1 1 2 1 1 1   2 1 1 1 2 1 1 2 1 2   1 1 1 3 2 1 2 1 2 1   1 2 1 1 1 2 3 1 1 2
                                        1 2 2 1 1 1 2 1 1 1
 EXTRA SYMMETRY OF MOS IN SYMMETRY 4:   1 1 1 1 1 1 2 1 1 1   2 1 1 1 2 1 2 1 1 1   1 2 1 2 1 2 1 1 1 1

 Wavefunction dump at record             2140.2

 Convergence thresholds  0.10E-04 (gradient)  0.10E-05 (energy)

 Weight factors for state symmetry  1:    0.33333   0.33333   0.33333
 
 Number of orbital rotations:  393  ( 3 closed/active, 73 closed/virtual, 0 active/active, 317 active/virtual )
 Total number of variables:    465
 
  Second-order MCSCF: L-BFGS accelerated
 
 ITER  MIC  NCI  NEG     ENERGY(VAR)    ENERGY(PROJ) ENERGY CHANGE       GRAD(0)  GRAD(ORB)   GRAD(CI)      STEP      TIME
   1    6    4    0    -54.06288856     -54.06323918   -0.00035062    0.07625304 0.00000658 0.00000000  0.85E-02      0.37
   2    9    6    0    -54.06323880     -54.06323880   -0.00000000    0.00009326 0.00000000 0.00000000  0.59E-04      0.76
   3    3    2    0    -54.06323880     -54.06323880    0.00000000    0.00000000 0.00000000 0.00000000  0.83E-09      1.10

 CONVERGENCE REACHED!  Final gradient:    0.00000000 ( 0.46E-11)
                       Final energy:    -54.06323880
 
 Results for state 1.4
 =====================
 !MCSCF STATE 1.4 Energy                       -54.333672221416
 Nuclear energy                                  6.61471514
 Kinetic energy                                 57.61826211
 One electron energy                           -86.81777593
 Two electron energy                            25.86938858
 Virial ratio                                    1.94299394
 
 !MCSCF STATE 1.4 Dipole moment                  0.00000000     0.00000000     0.73725703
 Dipole moment /Debye                            0.00000000     0.00000000     1.87392046
 
 Results for state 2.4
 =====================
 !MCSCF STATE 2.4 Energy                       -53.947278459829
 Nuclear energy                                  6.61471514
 Kinetic energy                                 55.86141924
 One electron energy                           -82.93631350
 Two electron energy                            22.37431990
 Virial ratio                                    1.96573412
 
 !MCSCF STATE 2.4 Dipole moment                  0.00000000     0.00000000    -1.57501728
 Dipole moment /Debye                            0.00000000     0.00000000    -4.00329462
 
 Results for state 3.4
 =====================
 !MCSCF STATE 3.4 Energy                       -53.908765729465
 Nuclear energy                                  6.61471514
 Kinetic energy                                 55.80991558
 One electron energy                           -82.84113293
 Two electron energy                            22.31765207
 Virial ratio                                    1.96593527
 
 !MCSCF STATE 3.4 Dipole moment                  0.00000000     0.00000000    -1.44711220
 Dipole moment /Debye                            0.00000000     0.00000000    -3.67819234
 
 State-averaged charge density matrix saved on record 2140.2 (density set 1)
 
 Expectation values: (only non-zero values are shown)
 
 !MCSCF expec                       <1.4|DMZ|1.4>     0.737257031012 au =     1.873920458413 Debye
 !MCSCF expec                       <2.4|DMZ|2.4>    -1.575017280040 au =    -4.003294616761 Debye
 !MCSCF expec                       <3.4|DMZ|3.4>    -1.447112202671 au =    -3.678192337455 Debye
 
 Transition values: (only non-zero values with the ground state are shown)
 
 !MCSCF trans                       <1.4|DMZ|2.4>    -0.059030393811 au =    -0.150040295281 Debye
 

 EXTRA SYMMETRY OF MOS IN SYMMETRY 1:   1 1 1 1 1 1 1 2 1 1   1 1 2 1 2 1 1 1 2 1   2 1 1 1 2 3 1 2 1 2   1 2 1 3 1 1 2 1 1 2
                                        1 2 3 1 2 3 1 1 2 1   1 2 1 2 1 1 2 3 1 2   1 3 1 2 3 1 2 1 2 1   2 1 2 1 1 1 1
 EXTRA SYMMETRY OF MOS IN SYMMETRY 2:   1 1 1 1 1 1 2 1 1 1   2 1 1 1 2 1 1 2 1 2   1 1 1 3 2 2 1 1 2 1   1 2 1 1 1 2 3 1 1 2
                                        1 2 2 1 1 1 2 1 1 1
 EXTRA SYMMETRY OF MOS IN SYMMETRY 3:   1 1 1 1 1 1 2 1 1 1   2 1 1 1 2 1 1 2 1 2   1 1 1 3 2 2 1 1 2 1   1 2 1 1 1 2 3 1 1 2
                                        1 2 2 1 1 1 2 1 1 1
 
 Natural orbital dump (state averaged) at molpro section 2140.2 (Orbital set 2)
 
 Reoptimze the CI vectors with natural orbitals 
 
 CI Coefficients of symmetry 4
 =============================
 
 220 a b       -0.70522174     -0.04802047     -0.00000000
 220 b a        0.70522174      0.04802047      0.00000000
 2bb a a        0.00000000     -0.00000000      0.57642521
 2aa b b        0.00000000     -0.00000000      0.57642521
 2ab b a       -0.03321430      0.49806694     -0.28821261
 2ba a b       -0.03321430      0.49806694     -0.28821261
 2ab a b        0.03321430     -0.49806694     -0.28821261
 2ba b a        0.03321430     -0.49806694     -0.28821261
 
 Energy:      -54.33367222    -53.94727846    -53.90876573
 


 **********************************************************************************************************************************
 DATASETS  * FILE   NREC   LENGTH (MB)   RECORD NAMES
              1      21      266.33       500      700      610      701      900      950      970     1000      129      960   
                                          VAR     GEOM    BASINP    GEOM    SYMINP    ZMAT    AOBASIS   BASIS     P2S    ABASIS    
                                         1100     1400     1410     1200     1210     1080     1600     1650     1300     1700   
                                           S        T        V       H0       H01     AOSYM     SMH    MOLCAS    ERIS     OPER   
                                         1380   
                                         JKOP   

              2       8       17.64       500      610      700     1000      520     2100     2140      701   
                                          VAR    BASINP    GEOM     BASIS   MCVARS     RHF     MCSCF    GEOM   

 PROGRAMS   *        TOTAL     MULTI       INT        CI     MULTI       INT        CI     MULTI       INT        CI     MULTI
 CPU TIMES  *       448.23      1.31      8.69      5.68      1.31      8.78      5.70      1.29      8.72      5.67      1.28
 REAL TIME  *       480.49 SEC
 DISK USED  *       799.66 MB
 **********************************************************************************************************************************


 PROGRAM * CI (Multireference internally contracted CI)     Authors: H.-J. Werner, P.J. Knowles, 1987


 Convergence thresholds:  THRVAR = 1.00D-08  THRDEN = 1.00D-06

 Number of optimized states: 2  Roots:    1   2
 Number of reference states: 2  Roots:    1   2

 Program parameters:       NSTATE=  2    NSTATI=  3    NSTATR=  2    NCEPA = -1    NOKOP =  0    ITRDM =  0    ITRANS=  0
                           IDIP  =200    MAXIT =250    MAXITI=250    MAXDAV=  6    MAXVI =  9    NOSING=  0    NOPAIR=  0
                           MXSHRF=  5    IKCPS =  0    IOPTGM=  2    IOPTOR=  0    REFOPT=  1    IAVDEN=  0    IDELCG=  1
                           IREST =  0    NATORB=  0    IPUNRF=  0    ISEP  =  0    OLDDEN=  0    NSTPRI=  1    GPSFLI= -1
                           CLUSTE=  0    CLOSED=  1    ILSTYP=  0    ITRLS =  0    ICCSD =  0    LOCAL =  0    IBASO =  0
                           MP    =  0    ITEDIS=  2    INCDIS=  1    MAXDIS=  6    ITYDIS=  1    BRUECK=  0    IBRSTR=  3
                           INCBRK=  1    TRIPLE=  0    ICCTYP=  1    IHPPD =  0    ICCNEW=  0    I3EXT = -1    IDEB  =  0
                           IDLEIG=  1    IDFTYP=  1    IMP3  =  0    IPROCS=  0    NOINT =  0    NOREF =  1    IMP2G =  0
                           IHINT =  0    IFDIA =  0    ISPARO=  1    JKSYM =  0    CPHF  =  0    MP2D  = -1    DKINT =  0
                           NPKEX =  1    DRVK  =  1    HLSTRA=  1    WIGNER=  1    DIIS_C=  1    MAXIT_= 50    MATEL =  0
                           SPDEG =  1    MEMCPH=  0    DISM  =  1    KDCPMA=  5    IKDCP_=  0    IREDTH=  0    USECS =  0
                           IPROCC=  0    I3SAVE=  1    IKDCP =  1    USECI =  0    OLDPAI=  0    IPROCI=  0    KEEPCL=  1
                           DISCON=  0    SHIFTE=  0    DIISIN=  0    MOLCAS=  0    MEM_PT=  0    RECORD=  0    RS2C  =  0
                           KEXT  = -1    CIPT2 =  0    DECP0S=  0    I4EXT = -1    NATCOR=  0    RIMP2 =  0    DDCI  = -1
                           IPOLAR=  0

 Reference symmetry:                   4   Singlet 
 Number of electrons:                  8
 Maximum number of shells:             4
 Maximum number of spin couplings:     5

 Reference space:        6 conf        9 CSFs
 N elec internal:       45 conf       50 CSFs
 N-1 el internal:       48 conf       72 CSFs
 N-2 el internal:       26 conf       64 CSFs

 Number of electrons in valence space:                      6
 Maximum number of open shell orbitals in reference space:  4
 Maximum number of open shell orbitals in internal spaces:  6


 Number of core orbitals:           1 (   1   0   0   0 )
 Number of active  orbitals:        5 (   3   1   1   0 )
 Number of external orbitals:     201 (  73  49  49  30 )

 Molecular orbitals read from record     2140.2  Type=MCSCF/NATURAL (state averaged)

 Valence orbitals related to previous ones by unitary transformation. Operators transformed.


 Number of p-space configurations:   3

 Reference wavefunction optimized for reference space (refopt=1)

 State     Reference Energy 
     1       -54.33367222
     2       -53.94727846
     3       -53.90876573

 Number of blocks in overlap matrix:     8   Smallest eigenvalue:  0.11D-02
 Number of N-2 electron functions:      35
 Number of N-1 electron functions:      72

 Number of internal configurations:                    9
 Number of singly external configurations:          3575
 Number of doubly external configurations:        180251
 Total number of contracted configurations:       183835
 Total number of uncontracted configurations:     332025

 Diagonal Coupling coefficients finished.               Storage:    6197 words, CPU-Time:      0.00 seconds.
 Energy denominators for pairs finished in 1 passes.    Storage:  121346 words, CPU-time:      0.00 seconds.

  ITER. STATE  ROOT     SQ.NORM     CORR.ENERGY   TOTAL ENERGY   ENERGY CHANGE       DEN1      VAR(S)    VAR(P)      TIME
    1     1     1     1.00000000     0.00000000   -54.33367222     0.00000000    -0.21562524  0.59D-01  0.20D-01     0.16
    1     2     2     1.00000000     0.00000000   -53.94727846    -0.00000000    -0.14524077  0.26D-01  0.13D-01     0.16
    2     1     1     1.06439094    -0.19496901   -54.52864123    -0.19496901    -0.00788709  0.17D-02  0.91D-03     0.75
    2     2     2     1.03991041    -0.14719350   -54.09447196    -0.14719350    -0.00285115  0.38D-03  0.39D-03     0.75
    3     1     1     1.06376829    -0.20363298   -54.53730520    -0.00866397    -0.00047643  0.61D-04  0.70D-04     1.35
    3     2     2     1.04201411    -0.15052160   -54.09780006    -0.00332811    -0.00019957  0.42D-04  0.33D-04     1.35
    4     1     1     1.06592316    -0.20426467   -54.53793689    -0.00063169    -0.00003995  0.38D-05  0.61D-05     1.96
    4     2     2     1.04389289    -0.15081273   -54.09809119    -0.00029113    -0.00003388  0.61D-05  0.59D-05     1.96
    5     1     1     1.06657227    -0.20431823   -54.53799045    -0.00005356    -0.00000360  0.35D-06  0.52D-06     2.55
    5     2     2     1.04410091    -0.15085861   -54.09813707    -0.00004588    -0.00000656  0.11D-05  0.12D-05     2.55
    6     1     1     1.06659051    -0.20432296   -54.53799518    -0.00000472    -0.00000039  0.35D-07  0.55D-07     3.14
    6     2     2     1.04408675    -0.15086623   -54.09814469    -0.00000762    -0.00000134  0.40D-06  0.24D-06     3.14
    7     1     1     1.06661900    -0.20432345   -54.53799567    -0.00000049    -0.00000005  0.39D-08  0.66D-08     3.74
    7     2     2     1.04415988    -0.15086786   -54.09814632    -0.00000164    -0.00000034  0.17D-06  0.59D-07     3.74
    8     1     1     1.06662600    -0.20432351   -54.53799573    -0.00000006    -0.00000001  0.60D-09  0.98D-09     4.32
    8     2     2     1.04420392    -0.15086835   -54.09814681    -0.00000049    -0.00000014  0.99D-07  0.22D-07     4.32
    9     1     1     1.06662761    -0.20432351   -54.53799573    -0.00000000    -0.00000001  0.64D-09  0.94D-09     4.80
    9     2     2     1.04426273    -0.15086861   -54.09814707    -0.00000025    -0.00000005  0.38D-07  0.84D-08     4.80
   10     1     1     1.06662746    -0.20432351   -54.53799573    -0.00000000    -0.00000001  0.63D-09  0.94D-09     5.27
   10     2     2     1.04428051    -0.15086869   -54.09814715    -0.00000009    -0.00000004  0.25D-07  0.56D-08     5.27
   11     1     1     1.06662712    -0.20432351   -54.53799573    -0.00000000    -0.00000001  0.62D-09  0.93D-09     5.74
   11     2     2     1.04431884    -0.15086877   -54.09814723    -0.00000008    -0.00000002  0.45D-08  0.40D-08     5.74


 =====================================
 Analysis of CPU times by interactions
 =====================================

       I      S      P

 I   0.0%
 S   0.0%   1.0%
 P   0.3%   0.3%  14.6%

 Initialization:   2.6%
 Other:           81.0%

 Total CPU:        5.7 seconds
 =====================================



 gnormi=  0.93753476  gnorms=  0.03893054  gnormp=  0.02353470  gnorm=  1.00000000
 ecorri= -0.19156039  ecorrs= -0.00795288  ecorrp= -0.00481024  ecorr= -0.20432351

 gnormi=  0.95756197  gnorms=  0.02630016  gnormp=  0.01613787  gnorm=  1.00000000
 ecorri= -0.14446620  ecorrs= -0.00396952  ecorrp= -0.00243305  ecorr= -0.15086877

 Reference coefficients greater than 0.0500000
 =============================================
 2/\/\          -0.0483614   0.9757673
 220/\           0.9668006   0.0477265
 /2\/\           0.0218310  -0.0521526

 Coefficients of singly external configurations greater than 0.0500000
 =====================================================================

 2200\   5.2     0.0501478   0.0071066
 220\0   5.3     0.0501476   0.0071027

 Coefficients of fixed reference functions:
 ==========================================

 State      Coefficients
 1           0.968105    0.016356
 2          -0.018791    0.978357

 Coefficients of rotated reference functions:
 ============================================

 State      Coefficients
 1           0.968242   -0.001125
 2          -0.001125    0.978536


 RESULTS FOR STATE 1.4
 =====================

 Coefficient of reference function:   C(0) = 0.96810482 (fixed)   0.96826379 (relaxed)   0.96824232 (rotated)

 Energy contributions of configuration classes

 CLASS          SQ.NORM        ECORR1        ECORR2
 +++++++++++++++++++++++++++++++++++++++++++++++++++
 Internals    0.00004434   -0.00000810   -0.11650910
 Singles      0.04152621   -0.07418380   -0.07749969
 Pairs        0.02510386   -0.00587149   -0.01031472
 Total        1.06667442   -0.08006339   -0.20432351
 +++++++++++++++++++++++++++++++++++++++++++++++++++


 Reference energy                     -54.33354628
 Nuclear energy                         6.61471514
 Kinetic energy                        56.94887670
 One electron energy                  -85.93684720
 Two electron energy                   24.78413634
 Virial quotient                       -0.95766587
 Correlation energy                    -0.20444945
 !MRCI STATE 1.4 Energy               -54.537995727458

 Properties without orbital relaxation:

 !MRCI STATE 1.4 Dipole moment          0.00000000     0.00000000     0.62410330
 Dipole moment /Debye                   0.00000000     0.00000000     1.58631236

 Cluster corrected energies           -54.55162727 (Davidson, fixed reference)
 Cluster corrected energies           -54.55161760 (Davidson, relaxed reference)
 Cluster corrected energies           -54.55162727 (Davidson, rotated reference)

 Cluster corrected energies           -54.54728040 (Pople, fixed reference)
 Cluster corrected energies           -54.54727368 (Pople, relaxed reference)
 Cluster corrected energies           -54.54728040 (Pople, rotated reference)



 RESULTS FOR STATE 2.4
 =====================

 Coefficient of reference function:   C(0) = 0.97835666 (fixed)   0.97855095 (relaxed)   0.97853645 (rotated)

 Energy contributions of configuration classes

 CLASS          SQ.NORM        ECORR1        ECORR2
 +++++++++++++++++++++++++++++++++++++++++++++++++++
 Internals    0.00002964   -0.00000802   -0.00007655
 Singles      0.02746657   -0.05966723   -0.06110290
 Pairs        0.01685359   -0.09112607   -0.08968932
 Total        1.04434979   -0.15080132   -0.15086877
 +++++++++++++++++++++++++++++++++++++++++++++++++++


 Reference energy                     -53.94740440
 Nuclear energy                         6.61471514
 Kinetic energy                        56.42592627
 One electron energy                  -83.18710529
 Two electron energy                   22.47424292
 Virial quotient                       -0.95874629
 Correlation energy                    -0.15074283
 !MRCI STATE 2.4 Energy               -54.098147233957

 Properties without orbital relaxation:

 !MRCI STATE 2.4 Dipole moment          0.00000000     0.00000000    -1.54678521
 Dipole moment /Debye                   0.00000000     0.00000000    -3.93153585

 Cluster corrected energies           -54.10483265 (Davidson, fixed reference)
 Cluster corrected energies           -54.10482798 (Davidson, relaxed reference)
 Cluster corrected energies           -54.10483265 (Davidson, rotated reference)

 Cluster corrected energies           -54.10266902 (Pople, fixed reference)
 Cluster corrected energies           -54.10266582 (Pople, relaxed reference)
 Cluster corrected energies           -54.10266902 (Pople, rotated reference)


 !MRCI trans          <2.4|DMZ|1.4>    -0.227412170366 au =    -0.578024081988 Debye


 **********************************************************************************************************************************
 DATASETS  * FILE   NREC   LENGTH (MB)   RECORD NAMES
              1      21      266.33       500      700      610      701      900      950      970     1000      129      960   
                                          VAR     GEOM    BASINP    GEOM    SYMINP    ZMAT    AOBASIS   BASIS     P2S    ABASIS    
                                         1100     1400     1410     1200     1210     1080     1600     1650     1300     1700   
                                           S        T        V       H0       H01     AOSYM     SMH    MOLCAS    ERIS     OPER   
                                         1380   
                                         JKOP   

              2       8       17.64       500      610      700     1000      520     2100     2140      701   
                                          VAR    BASINP    GEOM     BASIS   MCVARS     RHF     MCSCF    GEOM   

 PROGRAMS   *        TOTAL        CI     MULTI       INT        CI     MULTI       INT        CI     MULTI       INT        CI
 CPU TIMES  *       454.01      5.78      1.31      8.69      5.68      1.31      8.78      5.70      1.29      8.72      5.67
 REAL TIME  *       486.84 SEC
 DISK USED  *       799.66 MB
 **********************************************************************************************************************************
 SETTING E1(29)         =       -54.53799573  AU                              
 SETTING E2(29)         =       -54.09814723  AU                              

 DO I                   =        30.00000000   


 Using spherical harmonics

 Library entry N      S aug-cc-pV5Z          selected for orbital group  1
 Library entry N      P aug-cc-pV5Z          selected for orbital group  1
 Library entry N      D aug-cc-pV5Z          selected for orbital group  1
 Library entry N      F aug-cc-pV5Z          selected for orbital group  1
 Library entry N      G aug-cc-pV5Z          selected for orbital group  1
 Library entry N      H aug-cc-pV5Z          selected for orbital group  1
 Library entry H      S aug-cc-pV5Z          selected for orbital group  2
 Library entry H      P aug-cc-pV5Z          selected for orbital group  2
 Library entry H      D aug-cc-pV5Z          selected for orbital group  2
 Library entry H      F aug-cc-pV5Z          selected for orbital group  2
 Library entry H      G aug-cc-pV5Z          selected for orbital group  2


 PROGRAM * SEWARD (Integral evaluation for generally contracted gaussian basis sets)     Author: Roland Lindh, 1990

 Geometry written to block  1 of record 701

 Orientation using atomic masses  
 Molecule type: Linear
 Symmetry elements: X,Y
 Rotational constants:    1843.2068931   1843.2068931      0.0000000 GHz  (calculated with average atomic masses)

 Point group  C2v 



 ATOMIC COORDINATES

 NR  ATOM    CHARGE       X              Y              Z

   1  N       7.00    0.000000000    0.000000000   -0.068503440
   2  H       1.00    0.000000000    0.000000000    0.951948667

 Bond lengths in Bohr (Angstrom)

 1-2  1.020452107
     ( 0.540000000)

 NUCLEAR CHARGE:                    8
 NUMBER OF PRIMITIVE AOS:         307
 NUMBER OF SYMMETRY AOS:          227
 NUMBER OF CONTRACTIONS:          207   (   77A1  +   50B1  +   50B2  +   30A2  )
 NUMBER OF INNER CORE ORBITALS:     0   (    0A1  +    0B1  +    0B2  +    0A2  )
 NUMBER OF OUTER CORE ORBITALS:     1   (    1A1  +    0B1  +    0B2  +    0A2  )
 NUMBER OF VALENCE ORBITALS:        5   (    3A1  +    1B1  +    1B2  +    0A2  )


 NUCLEAR REPULSION ENERGY    6.85970459

 EXTRA SYMMETRY OF AOS IN SYMMETRY 1:   1 1 1 1 1 1 1 1 1 1   1 1 1 1 2 1 2 1 2 1   2 1 2 1 2 1 2 1 2 1   2 1 3 2 1 3 2 1 3 2
                                        2 3 1 2 3 1 1 1 1 1   1 1 1 1 1 1 1 1 2 1   2 1 2 1 2 1 2 1 2 1   2 1 3 2 1 3 2
 EXTRA SYMMETRY OF AOS IN SYMMETRY 2:   1 1 1 1 1 1 1 1 1 1   1 1 2 1 2 1 2 1 2 1   2 1 2 1 2 1 2 3 1 2   3 1 1 1 1 1 1 1 1 1
                                        1 2 1 2 1 2 1 2 1 2
 EXTRA SYMMETRY OF AOS IN SYMMETRY 3:   1 1 1 1 1 1 1 1 1 1   1 1 2 1 2 1 2 1 2 1   2 1 2 1 2 1 2 3 1 2   3 1 1 1 1 1 1 1 1 1
                                        1 2 1 2 1 2 1 2 1 2
 EXTRA SYMMETRY OF AOS IN SYMMETRY 4:   1 1 1 1 1 1 1 1 1 1   2 1 2 1 2 2 1 2 1 1   1 1 1 1 1 1 1 2 1 2

 Eigenvalues of metric

         1 0.313E-05 0.193E-04 0.381E-04 0.729E-04 0.148E-03 0.158E-03 0.205E-03 0.377E-03
         2 0.236E-04 0.137E-03 0.575E-03 0.118E-02 0.239E-02 0.347E-02 0.459E-02 0.781E-02
         3 0.236E-04 0.137E-03 0.575E-03 0.118E-02 0.239E-02 0.347E-02 0.459E-02 0.781E-02
         4 0.377E-03 0.239E-02 0.940E-02 0.129E-01 0.250E-01 0.564E-01 0.833E-01 0.834E-01


 Contracted 2-electron integrals neglected if value below      1.0D-12
 AO integral compression algorithm  1   Integral accuracy      1.0D-12

     302.776 MB (compressed) written to integral file ( 53.7%)


 NUMBER OF SORTED TWO-ELECTRON INTEGRALS:   59167011.     BUFFER LENGTH:  32768
 NUMBER OF SEGMENTS:   4  SEGMENT LENGTH:   15999984      RECORD LENGTH: 524288

 Memory used in sort:      16.56 MW

 SORT1 READ    70490039. AND WROTE    39593861. INTEGRALS IN    116 RECORDS. CPU TIME:     0.80 SEC, REAL TIME:     0.94 SEC
 SORT2 READ    39593861. AND WROTE    59167011. INTEGRALS IN   1155 RECORDS. CPU TIME:     0.64 SEC, REAL TIME:     0.77 SEC

 FILE SIZES:   FILE 1:   333.9 MBYTE,  FILE 4:   486.6 MBYTE,   TOTAL:    820.5 MBYTE

 OPERATOR DM      FOR CENTER  0  COORDINATES:    0.000000    0.000000    0.000000


 **********************************************************************************************************************************
 DATASETS  * FILE   NREC   LENGTH (MB)   RECORD NAMES
              1      20      263.85       500      700      610      701      900      950      970     1000      129      960   
                                          VAR     GEOM    BASINP    GEOM    SYMINP    ZMAT    AOBASIS   BASIS     P2S    ABASIS    
                                         1100     1400     1410     1200     1210     1080     1600     1650     1300     1700   
                                           S        T        V       H0       H01     AOSYM     SMH    MOLCAS    ERIS     OPER   

              2       8       17.64       500      610      700     1000      520     2100     2140      701   
                                          VAR    BASINP    GEOM     BASIS   MCVARS     RHF     MCSCF    GEOM   

 PROGRAMS   *        TOTAL       INT        CI     MULTI       INT        CI     MULTI       INT        CI     MULTI       INT
 CPU TIMES  *       462.74      8.72      5.78      1.31      8.69      5.68      1.31      8.78      5.70      1.29      8.72
 REAL TIME  *       496.00 SEC
 DISK USED  *       800.16 MB
 **********************************************************************************************************************************

 PROGRAM * MULTI (Direct Multiconfiguration SCF)       Authors: P.J. Knowles, H.-J. Werner (1984)
                                                                D.A. Kreplin, P.J. Knowles, H.-J. Werner (2019)

 Number of closed-shell orbitals:   1 (   1   0   0   0 )
 Number of active  orbitals:        5 (   3   1   1   0 )
 Number of external orbitals:     201 (  73  49  49  30 )

 State symmetry 1

 Number of active electrons:   6    Spin symmetry=Singlet   Space symmetry=4
 Number of states:             3
 Number of CSFs:               9   (24 determinants, 100 intermediate states)

 Molecular orbitals read from record     2140.2  Type=MCSCF/NATURAL (state averaged)

 EXTRA SYMMETRY OF MOS IN SYMMETRY 1:   1 1 1 1 1 1 1 2 1 1   1 1 2 1 2 1 1 1 2 1   2 1 1 1 2 3 1 2 1 2   1 2 1 3 1 1 2 1 1 2
                                        1 2 3 1 2 3 1 1 2 1   1 2 1 2 1 1 2 3 1 2   1 3 1 2 3 1 2 1 2 1   2 1 2 1 1 1 1
 EXTRA SYMMETRY OF MOS IN SYMMETRY 2:   1 1 1 1 1 1 2 1 1 1   2 1 1 1 2 1 1 2 1 2   1 1 1 3 2 2 1 1 2 1   1 2 1 1 1 2 3 1 1 2
                                        1 2 2 1 1 1 2 1 1 1
 EXTRA SYMMETRY OF MOS IN SYMMETRY 3:   1 1 1 1 1 1 2 1 1 1   2 1 1 1 2 1 1 2 1 2   1 1 1 3 2 2 1 1 2 1   1 2 1 1 1 2 3 1 1 2
                                        1 2 2 1 1 1 2 1 1 1
 EXTRA SYMMETRY OF MOS IN SYMMETRY 4:   1 1 1 1 1 1 2 1 1 1   2 1 1 1 2 1 2 1 1 1   1 2 1 2 1 2 1 1 1 1

 Wavefunction dump at record             2140.2

 Convergence thresholds  0.10E-04 (gradient)  0.10E-05 (energy)

 Weight factors for state symmetry  1:    0.33333   0.33333   0.33333
 
 Number of orbital rotations:  393  ( 3 closed/active, 73 closed/virtual, 0 active/active, 317 active/virtual )
 Total number of variables:    465
 
  Second-order MCSCF: L-BFGS accelerated
 
 ITER  MIC  NCI  NEG     ENERGY(VAR)    ENERGY(PROJ) ENERGY CHANGE       GRAD(0)  GRAD(ORB)   GRAD(CI)      STEP      TIME
   1    7    4    0    -53.97241340     -53.97279490   -0.00038149    0.08217104 0.00000791 0.00000000  0.87E-02      0.37
   2    9    6    0    -53.97279449     -53.97279449   -0.00000000    0.00009869 0.00000000 0.00000000  0.65E-04      0.75
   3    3    2    0    -53.97279449     -53.97279449    0.00000000    0.00000000 0.00000000 0.00000000  0.10E-08      1.10

 CONVERGENCE REACHED!  Final gradient:    0.00000000 ( 0.69E-11)
                       Final energy:    -53.97279449
 
 Results for state 1.4
 =====================
 !MCSCF STATE 1.4 Energy                       -54.245007206607
 Nuclear energy                                  6.85970459
 Kinetic energy                                 57.77756748
 One electron energy                           -87.09512775
 Two electron energy                            25.99041596
 Virial ratio                                    1.93885931
 
 !MCSCF STATE 1.4 Dipole moment                  0.00000000     0.00000000     0.72961775
 Dipole moment /Debye                            0.00000000     0.00000000     1.85450333
 
 Results for state 2.4
 =====================
 !MCSCF STATE 2.4 Energy                       -53.856335641948
 Nuclear energy                                  6.85970459
 Kinetic energy                                 56.01309871
 One electron energy                           -83.19703138
 Two electron energy                            22.48099116
 Virial ratio                                    1.96149538
 
 !MCSCF STATE 2.4 Dipole moment                  0.00000000     0.00000000    -1.56603405
 Dipole moment /Debye                            0.00000000     0.00000000    -3.98046153
 
 Results for state 3.4
 =====================
 !MCSCF STATE 3.4 Energy                       -53.817040623766
 Nuclear energy                                  6.85970459
 Kinetic energy                                 55.95221808
 One electron energy                           -83.09358253
 Two electron energy                            22.41683732
 Virial ratio                                    1.96183927
 
 !MCSCF STATE 3.4 Dipole moment                  0.00000000     0.00000000    -1.44312828
 Dipole moment /Debye                            0.00000000     0.00000000    -3.66806621
 
 State-averaged charge density matrix saved on record 2140.2 (density set 1)
 
 Expectation values: (only non-zero values are shown)
 
 !MCSCF expec                       <1.4|DMZ|1.4>     0.729617746154 au =     1.854503333067 Debye
 !MCSCF expec                       <2.4|DMZ|2.4>    -1.566034051225 au =    -3.980461526602 Debye
 !MCSCF expec                       <3.4|DMZ|3.4>    -1.443128278382 au =    -3.668066211945 Debye
 
 Transition values: (only non-zero values with the ground state are shown)
 
 !MCSCF trans                       <1.4|DMZ|2.4>    -0.041623499603 au =    -0.105796383318 Debye
 

 EXTRA SYMMETRY OF MOS IN SYMMETRY 1:   1 1 1 1 1 1 1 2 1 1   1 1 2 1 2 1 1 1 2 1   2 1 1 1 2 3 1 2 1 2   1 2 1 3 1 1 2 1 1 2
                                        1 2 3 1 2 3 1 1 2 1   1 2 1 2 1 1 2 3 1 2   1 3 1 2 3 1 2 1 2 1   2 1 1 2 1 1 1
 
 Natural orbital dump (state averaged) at molpro section 2140.2 (Orbital set 2)
 
 Reoptimze the CI vectors with natural orbitals 
 
 CI Coefficients of symmetry 4
 =============================
 
 220 b a        0.70502625      0.05096636      0.00000000
 220 a b       -0.70502625     -0.05096636     -0.00000000
 2aa b b        0.00000000     -0.00000000      0.57644402
 2bb a a        0.00000000     -0.00000000      0.57644402
 2ba a b       -0.03531623      0.49793694     -0.28822201
 2ab b a       -0.03531623      0.49793694     -0.28822201
 2ba b a        0.03531623     -0.49793694     -0.28822201
 2ab a b        0.03531623     -0.49793694     -0.28822201
 
 Energy:      -54.24500721    -53.85633564    -53.81704062
 


 **********************************************************************************************************************************
 DATASETS  * FILE   NREC   LENGTH (MB)   RECORD NAMES
              1      21      266.76       500      700      610      701      900      950      970     1000      129      960   
                                          VAR     GEOM    BASINP    GEOM    SYMINP    ZMAT    AOBASIS   BASIS     P2S    ABASIS    
                                         1100     1400     1410     1200     1210     1080     1600     1650     1300     1700   
                                           S        T        V       H0       H01     AOSYM     SMH    MOLCAS    ERIS     OPER   
                                         1380   
                                         JKOP   

              2       8       17.64       500      610      700     1000      520     2100     2140      701   
                                          VAR    BASINP    GEOM     BASIS   MCVARS     RHF     MCSCF    GEOM   

 PROGRAMS   *        TOTAL     MULTI       INT        CI     MULTI       INT        CI     MULTI       INT        CI     MULTI
 CPU TIMES  *       464.05      1.30      8.72      5.78      1.31      8.69      5.68      1.31      8.78      5.70      1.29
 REAL TIME  *       497.46 SEC
 DISK USED  *       800.16 MB
 **********************************************************************************************************************************


 PROGRAM * CI (Multireference internally contracted CI)     Authors: H.-J. Werner, P.J. Knowles, 1987


 Convergence thresholds:  THRVAR = 1.00D-08  THRDEN = 1.00D-06

 Number of optimized states: 2  Roots:    1   2
 Number of reference states: 2  Roots:    1   2

 Program parameters:       NSTATE=  2    NSTATI=  3    NSTATR=  2    NCEPA = -1    NOKOP =  0    ITRDM =  0    ITRANS=  0
                           IDIP  =200    MAXIT =250    MAXITI=250    MAXDAV=  6    MAXVI =  9    NOSING=  0    NOPAIR=  0
                           MXSHRF=  5    IKCPS =  0    IOPTGM=  2    IOPTOR=  0    REFOPT=  1    IAVDEN=  0    IDELCG=  1
                           IREST =  0    NATORB=  0    IPUNRF=  0    ISEP  =  0    OLDDEN=  0    NSTPRI=  1    GPSFLI= -1
                           CLUSTE=  0    CLOSED=  1    ILSTYP=  0    ITRLS =  0    ICCSD =  0    LOCAL =  0    IBASO =  0
                           MP    =  0    ITEDIS=  2    INCDIS=  1    MAXDIS=  6    ITYDIS=  1    BRUECK=  0    IBRSTR=  3
                           INCBRK=  1    TRIPLE=  0    ICCTYP=  1    IHPPD =  0    ICCNEW=  0    I3EXT = -1    IDEB  =  0
                           IDLEIG=  1    IDFTYP=  1    IMP3  =  0    IPROCS=  0    NOINT =  0    NOREF =  1    IMP2G =  0
                           IHINT =  0    IFDIA =  0    ISPARO=  1    JKSYM =  0    CPHF  =  0    MP2D  = -1    DKINT =  0
                           NPKEX =  1    DRVK  =  1    HLSTRA=  1    WIGNER=  1    DIIS_C=  1    MAXIT_= 50    MATEL =  0
                           SPDEG =  1    MEMCPH=  0    DISM  =  1    KDCPMA=  5    IKDCP_=  0    IREDTH=  0    USECS =  0
                           IPROCC=  0    I3SAVE=  1    IKDCP =  1    USECI =  0    OLDPAI=  0    IPROCI=  0    KEEPCL=  1
                           DISCON=  0    SHIFTE=  0    DIISIN=  0    MOLCAS=  0    MEM_PT=  0    RECORD=  0    RS2C  =  0
                           KEXT  = -1    CIPT2 =  0    DECP0S=  0    I4EXT = -1    NATCOR=  0    RIMP2 =  0    DDCI  = -1
                           IPOLAR=  0

 Reference symmetry:                   4   Singlet 
 Number of electrons:                  8
 Maximum number of shells:             4
 Maximum number of spin couplings:     5

 Reference space:        6 conf        9 CSFs
 N elec internal:       45 conf       50 CSFs
 N-1 el internal:       48 conf       72 CSFs
 N-2 el internal:       26 conf       64 CSFs

 Number of electrons in valence space:                      6
 Maximum number of open shell orbitals in reference space:  4
 Maximum number of open shell orbitals in internal spaces:  6


 Number of core orbitals:           1 (   1   0   0   0 )
 Number of active  orbitals:        5 (   3   1   1   0 )
 Number of external orbitals:     201 (  73  49  49  30 )

 Molecular orbitals read from record     2140.2  Type=MCSCF/NATURAL (state averaged)

 Valence orbitals related to previous ones by unitary transformation. Operators transformed.


 Number of p-space configurations:   3

 Reference wavefunction optimized for reference space (refopt=1)

 State     Reference Energy 
     1       -54.24500721
     2       -53.85633564
     3       -53.81704062

 Number of blocks in overlap matrix:     8   Smallest eigenvalue:  0.11D-02
 Number of N-2 electron functions:      35
 Number of N-1 electron functions:      72

 Number of internal configurations:                    9
 Number of singly external configurations:          3575
 Number of doubly external configurations:        180251
 Total number of contracted configurations:       183835
 Total number of uncontracted configurations:     332025

 Diagonal Coupling coefficients finished.               Storage:    6197 words, CPU-Time:      0.00 seconds.
 Energy denominators for pairs finished in 1 passes.    Storage:  121346 words, CPU-time:      0.00 seconds.

  ITER. STATE  ROOT     SQ.NORM     CORR.ENERGY   TOTAL ENERGY   ENERGY CHANGE       DEN1      VAR(S)    VAR(P)      TIME
    1     1     1     1.00000000     0.00000000   -54.24500721     0.00000000    -0.21561675  0.59D-01  0.20D-01     0.16
    1     2     2     1.00000000     0.00000000   -53.85633564     0.00000000    -0.14530504  0.25D-01  0.13D-01     0.16
    2     1     1     1.06417270    -0.19516972   -54.44017692    -0.19516972    -0.00788481  0.17D-02  0.91D-03     0.75
    2     2     2     1.03963754    -0.14726175   -54.00359739    -0.14726175    -0.00284251  0.38D-03  0.39D-03     0.75
    3     1     1     1.06351009    -0.20386319   -54.44887040    -0.00869347    -0.00048697  0.62D-04  0.71D-04     1.35
    3     2     2     1.04173817    -0.15058706   -54.00692270    -0.00332531    -0.00020044  0.42D-04  0.33D-04     1.35
    4     1     1     1.06567271    -0.20451215   -54.44951935    -0.00064896    -0.00004121  0.39D-05  0.62D-05     1.96
    4     2     2     1.04361693    -0.15088116   -54.00721680    -0.00029410    -0.00003398  0.60D-05  0.58D-05     1.96
    5     1     1     1.06631567    -0.20456755   -54.44957475    -0.00005540    -0.00000379  0.37D-06  0.55D-06     2.55
    5     2     2     1.04381157    -0.15092755   -54.00726320    -0.00004640    -0.00000647  0.11D-05  0.12D-05     2.55
    6     1     1     1.06633234    -0.20457254   -54.44957975    -0.00000499    -0.00000042  0.38D-07  0.58D-07     3.15
    6     2     2     1.04379219    -0.15093510   -54.00727074    -0.00000754    -0.00000129  0.31D-06  0.24D-06     3.15
    7     1     1     1.06636270    -0.20457307   -54.44958028    -0.00000053    -0.00000005  0.42D-08  0.71D-08     3.74
    7     2     2     1.04385821    -0.15093666   -54.00727230    -0.00000156    -0.00000031  0.12D-06  0.56D-07     3.74
    8     1     1     1.06636992    -0.20457313   -54.44958034    -0.00000006    -0.00000001  0.66D-09  0.11D-08     4.33
    8     2     2     1.04389509    -0.15093710   -54.00727274    -0.00000044    -0.00000011  0.69D-07  0.19D-07     4.33
    9     1     1     1.06637140    -0.20457313   -54.44958034    -0.00000000    -0.00000001  0.71D-09  0.10D-08     4.81
    9     2     2     1.04393891    -0.15093729   -54.00727293    -0.00000019    -0.00000003  0.28D-07  0.54D-08     4.81
   10     1     1     1.06637127    -0.20457313   -54.44958034    -0.00000000    -0.00000001  0.70D-09  0.10D-08     5.30
   10     2     2     1.04395203    -0.15093735   -54.00727299    -0.00000006    -0.00000002  0.20D-07  0.36D-08     5.30
   11     1     1     1.06637102    -0.20457313   -54.44958034    -0.00000000    -0.00000001  0.69D-09  0.10D-08     5.77
   11     2     2     1.04398189    -0.15093740   -54.00727304    -0.00000006    -0.00000002  0.46D-08  0.32D-08     5.77


 =====================================
 Analysis of CPU times by interactions
 =====================================

       I      S      P

 I   0.0%
 S   0.0%   0.5%
 P   0.2%   0.5%  14.4%

 Initialization:   2.6%
 Other:           81.8%

 Total CPU:        5.8 seconds
 =====================================



 gnormi=  0.93775992  gnorms=  0.03891560  gnormp=  0.02332448  gnorm=  1.00000000
 ecorri= -0.19184048  ecorrs= -0.00795942  ecorrp= -0.00477323  ecorr= -0.20457313

 gnormi=  0.95787102  gnorms=  0.02613481  gnormp=  0.01599417  gnorm=  1.00000000
 ecorri= -0.14457856  ecorrs= -0.00394619  ecorrp= -0.00241265  ecorr= -0.15093740

 Reference coefficients greater than 0.0500000
 =============================================
 2/\/\          -0.0515200   0.9758340
 220/\           0.9667582   0.0504714
 /2\/\           0.0216533  -0.0513968

 Coefficients of fixed reference functions:
 ==========================================

 State      Coefficients
 1           0.968207    0.017266
 2          -0.020133    0.978488

 Coefficients of rotated reference functions:
 ============================================

 State      Coefficients
 1           0.968360   -0.001335
 2          -0.001335    0.978694


 RESULTS FOR STATE 1.4
 =====================

 Coefficient of reference function:   C(0) = 0.96820693 (fixed)   0.96838005 (relaxed)   0.96835994 (rotated)

 Energy contributions of configuration classes

 CLASS          SQ.NORM        ECORR1        ECORR2
 +++++++++++++++++++++++++++++++++++++++++++++++++++
 Internals    0.00004153   -0.00001029   -0.11624967
 Singles      0.04150019   -0.07441856   -0.07774327
 Pairs        0.02487358   -0.00619263   -0.01058019
 Total        1.06641530   -0.08062148   -0.20457313
 +++++++++++++++++++++++++++++++++++++++++++++++++++


 Reference energy                     -54.24486381
 Nuclear energy                         6.85970459
 Kinetic energy                        57.10184462
 One electron energy                  -86.21171307
 Two electron energy                   24.90242815
 Virial quotient                       -0.95355204
 Correlation energy                    -0.20471653
 !MRCI STATE 1.4 Energy               -54.449580339229

 Properties without orbital relaxation:

 !MRCI STATE 1.4 Dipole moment          0.00000000     0.00000000     0.62001467
 Dipole moment /Debye                   0.00000000     0.00000000     1.57592009

 Cluster corrected energies           -54.46317665 (Davidson, fixed reference)
 Cluster corrected energies           -54.46316758 (Davidson, relaxed reference)
 Cluster corrected energies           -54.46317665 (Davidson, rotated reference)

 Cluster corrected energies           -54.45884027 (Pople, fixed reference)
 Cluster corrected energies           -54.45883397 (Pople, relaxed reference)
 Cluster corrected energies           -54.45884027 (Pople, rotated reference)



 RESULTS FOR STATE 2.4
 =====================

 Coefficient of reference function:   C(0) = 0.97848828 (fixed)   0.97870885 (relaxed)   0.97869447 (rotated)

 Energy contributions of configuration classes

 CLASS          SQ.NORM        ECORR1        ECORR2
 +++++++++++++++++++++++++++++++++++++++++++++++++++
 Internals    0.00002939   -0.00001018   -0.00008929
 Singles      0.02728507   -0.05957497   -0.06100965
 Pairs        0.01669811   -0.09127365   -0.08983847
 Total        1.04401258   -0.15085880   -0.15093740
 +++++++++++++++++++++++++++++++++++++++++++++++++++


 Reference energy                     -53.85647904
 Nuclear energy                         6.85970459
 Kinetic energy                        56.57635068
 One electron energy                  -83.44420585
 Two electron energy                   22.57722822
 Virial quotient                       -0.95459096
 Correlation energy                    -0.15079401
 !MRCI STATE 2.4 Energy               -54.007273044579

 Properties without orbital relaxation:

 !MRCI STATE 2.4 Dipole moment          0.00000000     0.00000000    -1.54501180
 Dipole moment /Debye                   0.00000000     0.00000000    -3.92702830

 Cluster corrected energies           -54.01390988 (Davidson, fixed reference)
 Cluster corrected energies           -54.01390525 (Davidson, relaxed reference)
 Cluster corrected energies           -54.01390988 (Davidson, rotated reference)

 Cluster corrected energies           -54.01176149 (Pople, fixed reference)
 Cluster corrected energies           -54.01175832 (Pople, relaxed reference)
 Cluster corrected energies           -54.01176149 (Pople, rotated reference)


 !MRCI trans          <2.4|DMZ|1.4>    -0.212324496852 au =    -0.539675041046 Debye


 **********************************************************************************************************************************
 DATASETS  * FILE   NREC   LENGTH (MB)   RECORD NAMES
              1      21      266.76       500      700      610      701      900      950      970     1000      129      960   
                                          VAR     GEOM    BASINP    GEOM    SYMINP    ZMAT    AOBASIS   BASIS     P2S    ABASIS    
                                         1100     1400     1410     1200     1210     1080     1600     1650     1300     1700   
                                           S        T        V       H0       H01     AOSYM     SMH    MOLCAS    ERIS     OPER   
                                         1380   
                                         JKOP   

              2       8       17.64       500      610      700     1000      520     2100     2140      701   
                                          VAR    BASINP    GEOM     BASIS   MCVARS     RHF     MCSCF    GEOM   

 PROGRAMS   *        TOTAL        CI     MULTI       INT        CI     MULTI       INT        CI     MULTI       INT        CI
 CPU TIMES  *       469.85      5.80      1.30      8.72      5.78      1.31      8.69      5.68      1.31      8.78      5.70
 REAL TIME  *       503.82 SEC
 DISK USED  *       800.16 MB
 **********************************************************************************************************************************
 SETTING E1(30)         =       -54.44958034  AU                              
 SETTING E2(30)         =       -54.00727304  AU                              

 DO I                   =        31.00000000   


 Using spherical harmonics

 Library entry N      S aug-cc-pV5Z          selected for orbital group  1
 Library entry N      P aug-cc-pV5Z          selected for orbital group  1
 Library entry N      D aug-cc-pV5Z          selected for orbital group  1
 Library entry N      F aug-cc-pV5Z          selected for orbital group  1
 Library entry N      G aug-cc-pV5Z          selected for orbital group  1
 Library entry N      H aug-cc-pV5Z          selected for orbital group  1
 Library entry H      S aug-cc-pV5Z          selected for orbital group  2
 Library entry H      P aug-cc-pV5Z          selected for orbital group  2
 Library entry H      D aug-cc-pV5Z          selected for orbital group  2
 Library entry H      F aug-cc-pV5Z          selected for orbital group  2
 Library entry H      G aug-cc-pV5Z          selected for orbital group  2


 PROGRAM * SEWARD (Integral evaluation for generally contracted gaussian basis sets)     Author: Roland Lindh, 1990

 Geometry written to block  1 of record 701

 Orientation using atomic masses  
 Molecule type: Linear
 Symmetry elements: X,Y
 Rotational constants:    1987.7186762   1987.7186762      0.0000000 GHz  (calculated with average atomic masses)

 Point group  C2v 



 ATOMIC COORDINATES

 NR  ATOM    CHARGE       X              Y              Z

   1  N       7.00    0.000000000    0.000000000   -0.065966276
   2  H       1.00    0.000000000    0.000000000    0.916691309

 Bond lengths in Bohr (Angstrom)

 1-2  0.982657585
     ( 0.520000000)

 NUCLEAR CHARGE:                    8
 NUMBER OF PRIMITIVE AOS:         307
 NUMBER OF SYMMETRY AOS:          227
 NUMBER OF CONTRACTIONS:          207   (   77A1  +   50B1  +   50B2  +   30A2  )
 NUMBER OF INNER CORE ORBITALS:     0   (    0A1  +    0B1  +    0B2  +    0A2  )
 NUMBER OF OUTER CORE ORBITALS:     1   (    1A1  +    0B1  +    0B2  +    0A2  )
 NUMBER OF VALENCE ORBITALS:        5   (    3A1  +    1B1  +    1B2  +    0A2  )


 NUCLEAR REPULSION ENERGY    7.12353938

 EXTRA SYMMETRY OF AOS IN SYMMETRY 1:   1 1 1 1 1 1 1 1 1 1   1 1 1 1 2 1 2 1 2 1   2 1 2 1 2 1 2 1 2 1   2 1 3 2 1 3 2 1 3 2
                                        2 3 1 2 3 1 1 1 1 1   1 1 1 1 1 1 1 1 2 1   2 1 2 1 2 1 2 1 2 1   2 1 3 2 1 3 2
 EXTRA SYMMETRY OF AOS IN SYMMETRY 2:   1 1 1 1 1 1 1 1 1 1   1 1 2 1 2 1 2 1 2 1   2 1 2 1 2 1 2 3 1 2   3 1 1 1 1 1 1 1 1 1
                                        1 2 1 2 1 2 1 2 1 2
 EXTRA SYMMETRY OF AOS IN SYMMETRY 3:   1 1 1 1 1 1 1 1 1 1   1 1 2 1 2 1 2 1 2 1   2 1 2 1 2 1 2 3 1 2   3 1 1 1 1 1 1 1 1 1
                                        1 2 1 2 1 2 1 2 1 2
 EXTRA SYMMETRY OF AOS IN SYMMETRY 4:   1 1 1 1 1 1 1 1 1 1   2 1 2 1 2 2 1 2 1 1   1 1 1 1 1 1 1 2 1 2

 Eigenvalues of metric

         1 0.294E-05 0.182E-04 0.357E-04 0.707E-04 0.131E-03 0.146E-03 0.195E-03 0.335E-03
         2 0.210E-04 0.120E-03 0.512E-03 0.105E-02 0.218E-02 0.325E-02 0.413E-02 0.714E-02
         3 0.210E-04 0.120E-03 0.512E-03 0.105E-02 0.218E-02 0.325E-02 0.413E-02 0.714E-02
         4 0.335E-03 0.223E-02 0.890E-02 0.119E-01 0.225E-01 0.531E-01 0.766E-01 0.774E-01


 Contracted 2-electron integrals neglected if value below      1.0D-12
 AO integral compression algorithm  1   Integral accuracy      1.0D-12

     303.301 MB (compressed) written to integral file ( 53.8%)


 NUMBER OF SORTED TWO-ELECTRON INTEGRALS:   59167011.     BUFFER LENGTH:  32768
 NUMBER OF SEGMENTS:   4  SEGMENT LENGTH:   15999984      RECORD LENGTH: 524288

 Memory used in sort:      16.56 MW

 SORT1 READ    70490039. AND WROTE    39593841. INTEGRALS IN    116 RECORDS. CPU TIME:     0.79 SEC, REAL TIME:     0.95 SEC
 SORT2 READ    39593841. AND WROTE    59167011. INTEGRALS IN   1157 RECORDS. CPU TIME:     0.65 SEC, REAL TIME:     0.77 SEC

 FILE SIZES:   FILE 1:   334.4 MBYTE,  FILE 4:   486.6 MBYTE,   TOTAL:    821.0 MBYTE

 OPERATOR DM      FOR CENTER  0  COORDINATES:    0.000000    0.000000    0.000000


 **********************************************************************************************************************************
 DATASETS  * FILE   NREC   LENGTH (MB)   RECORD NAMES
              1      20      264.21       500      700      610      701      900      950      970     1000      129      960   
                                          VAR     GEOM    BASINP    GEOM    SYMINP    ZMAT    AOBASIS   BASIS     P2S    ABASIS    
                                         1100     1400     1410     1200     1210     1080     1600     1650     1300     1700   
                                           S        T        V       H0       H01     AOSYM     SMH    MOLCAS    ERIS     OPER   

              2       8       17.64       500      610      700     1000      520     2100     2140      701   
                                          VAR    BASINP    GEOM     BASIS   MCVARS     RHF     MCSCF    GEOM   

 PROGRAMS   *        TOTAL       INT        CI     MULTI       INT        CI     MULTI       INT        CI     MULTI       INT
 CPU TIMES  *       478.57      8.72      5.80      1.30      8.72      5.78      1.31      8.69      5.68      1.31      8.78
 REAL TIME  *       512.98 SEC
 DISK USED  *       800.66 MB
 **********************************************************************************************************************************

 PROGRAM * MULTI (Direct Multiconfiguration SCF)       Authors: P.J. Knowles, H.-J. Werner (1984)
                                                                D.A. Kreplin, P.J. Knowles, H.-J. Werner (2019)

 Number of closed-shell orbitals:   1 (   1   0   0   0 )
 Number of active  orbitals:        5 (   3   1   1   0 )
 Number of external orbitals:     201 (  73  49  49  30 )

 State symmetry 1

 Number of active electrons:   6    Spin symmetry=Singlet   Space symmetry=4
 Number of states:             3
 Number of CSFs:               9   (24 determinants, 100 intermediate states)

 Molecular orbitals read from record     2140.2  Type=MCSCF/NATURAL (state averaged)

 EXTRA SYMMETRY OF MOS IN SYMMETRY 1:   1 1 1 1 1 1 1 2 1 1   1 1 2 1 2 1 1 1 2 1   2 1 1 1 2 3 1 2 1 2   1 2 1 3 1 1 2 1 1 2
                                        1 2 3 1 2 3 1 1 2 1   1 2 1 2 1 1 2 3 1 2   1 3 1 2 3 1 2 1 2 1   2 1 1 2 1 1 1
 EXTRA SYMMETRY OF MOS IN SYMMETRY 2:   1 1 1 1 1 1 2 1 1 1   2 1 1 1 2 1 1 2 1 2   1 1 1 3 2 2 1 1 2 1   1 2 1 1 1 2 3 1 1 2
                                        1 2 2 1 1 1 2 1 1 1
 EXTRA SYMMETRY OF MOS IN SYMMETRY 3:   1 1 1 1 1 1 2 1 1 1   2 1 1 1 2 1 1 2 1 2   1 1 1 3 2 2 1 1 2 1   1 2 1 1 1 2 3 1 1 2
                                        1 2 2 1 1 1 2 1 1 1
 EXTRA SYMMETRY OF MOS IN SYMMETRY 4:   1 1 1 1 1 1 2 1 1 1   2 1 1 1 2 1 2 1 1 1   1 2 1 2 1 2 1 1 1 1

 Wavefunction dump at record             2140.2

 Convergence thresholds  0.10E-04 (gradient)  0.10E-05 (energy)

 Weight factors for state symmetry  1:    0.33333   0.33333   0.33333
 
 Number of orbital rotations:  393  ( 3 closed/active, 73 closed/virtual, 0 active/active, 317 active/virtual )
 Total number of variables:    465
 
  Second-order MCSCF: L-BFGS accelerated
 
 ITER  MIC  NCI  NEG     ENERGY(VAR)    ENERGY(PROJ) ENERGY CHANGE       GRAD(0)  GRAD(ORB)   GRAD(CI)      STEP      TIME
   1    6    4    0    -53.86897562     -53.86938781   -0.00041219    0.08806489 0.00001269 0.00000000  0.88E-02      0.38
   2    6    5    0    -53.86938737     -53.86938737   -0.00000000    0.00010356 0.00000014 0.00000000  0.72E-04      0.75
   3    4    2    0    -53.86938737     -53.86938737    0.00000000    0.00000000 0.00000000 0.00000000  0.81E-08      1.09

 CONVERGENCE REACHED!  Final gradient:    0.00000000 ( 0.11E-10)
                       Final energy:    -53.86938737
 
 Results for state 1.4
 =====================
 !MCSCF STATE 1.4 Energy                       -54.143437141395
 Nuclear energy                                  7.12353938
 Kinetic energy                                 57.94682725
 One electron energy                           -87.38238297
 Two electron energy                            26.11540645
 Virial ratio                                    1.93436414
 
 !MCSCF STATE 1.4 Dipole moment                  0.00000000     0.00000000     0.72141155
 Dipole moment /Debye                            0.00000000     0.00000000     1.83364528
 
 Results for state 2.4
 =====================
 !MCSCF STATE 2.4 Energy                       -53.752371864967
 Nuclear energy                                  7.12353938
 Kinetic energy                                 56.17455024
 One electron energy                           -83.46729971
 Two electron energy                            22.59138847
 Virial ratio                                    1.95688121
 
 !MCSCF STATE 2.4 Dipole moment                  0.00000000     0.00000000    -1.55678106
 Dipole moment /Debye                            0.00000000     0.00000000    -3.95694278
 
 Results for state 3.4
 =====================
 !MCSCF STATE 3.4 Energy                       -53.712353117297
 Nuclear energy                                  7.12353938
 Kinetic energy                                 56.10433446
 One electron energy                           -83.35562008
 Two electron energy                            22.51972758
 Virial ratio                                    1.95736548
 
 !MCSCF STATE 3.4 Dipole moment                  0.00000000     0.00000000    -1.43878530
 Dipole moment /Debye                            0.00000000     0.00000000    -3.65702747
 
 State-averaged charge density matrix saved on record 2140.2 (density set 1)
 
 Expectation values: (only non-zero values are shown)
 
 !MCSCF expec                       <1.4|DMZ|1.4>     0.721411554753 au =     1.833645275014 Debye
 !MCSCF expec                       <2.4|DMZ|2.4>    -1.556781064370 au =    -3.956942779897 Debye
 !MCSCF expec                       <3.4|DMZ|3.4>    -1.438785303203 au =    -3.657027470100 Debye
 
 Transition values: (only non-zero values with the ground state are shown)
 
 !MCSCF trans                       <1.4|DMZ|2.4>    -0.025339733978 au =    -0.064407179470 Debye
 

 EXTRA SYMMETRY OF MOS IN SYMMETRY 1:   1 1 1 1 1 1 1 2 1 1   1 1 2 1 2 1 1 1 2 1   2 1 1 1 2 3 1 2 1 2   1 2 1 3 1 1 2 1 1 2
                                        1 2 3 1 2 3 1 1 2 1   1 2 1 2 1 1 2 3 1 2   1 3 1 2 3 1 2 1 2 1   1 2 1 2 1 1 1
 EXTRA SYMMETRY OF MOS IN SYMMETRY 2:   1 1 1 1 1 1 2 1 1 1   2 1 1 1 2 1 1 2 1 2   1 1 1 3 2 2 1 1 2 1   1 2 1 1 1 2 3 1 1 2
                                        1 2 1 2 1 1 2 1 1 1
 EXTRA SYMMETRY OF MOS IN SYMMETRY 3:   1 1 1 1 1 1 2 1 1 1   2 1 1 1 2 1 1 2 1 2   1 1 1 3 2 2 1 1 2 1   1 2 1 1 1 2 3 1 1 2
                                        1 2 1 2 1 1 2 1 1 1
 
 Natural orbital dump (state averaged) at molpro section 2140.2 (Orbital set 2)
 
 Reoptimze the CI vectors with natural orbitals 
 
 CI Coefficients of symmetry 4
 =============================
 
 220 b a        0.70483198      0.05371984      0.00000000
 220 a b       -0.70483198     -0.05371984     -0.00000000
 2bb a a        0.00000000     -0.00000000      0.57646003
 2aa b b        0.00000000     -0.00000000      0.57646003
 2ab b a       -0.03728008      0.49780661     -0.28823002
 2ba a b       -0.03728008      0.49780661     -0.28823002
 2ab a b        0.03728008     -0.49780661     -0.28823002
 2ba b a        0.03728008     -0.49780661     -0.28823002
 
 Energy:      -54.14343714    -53.75237186    -53.71235312
 


 **********************************************************************************************************************************
 DATASETS  * FILE   NREC   LENGTH (MB)   RECORD NAMES
              1      21      267.12       500      700      610      701      900      950      970     1000      129      960   
                                          VAR     GEOM    BASINP    GEOM    SYMINP    ZMAT    AOBASIS   BASIS     P2S    ABASIS    
                                         1100     1400     1410     1200     1210     1080     1600     1650     1300     1700   
                                           S        T        V       H0       H01     AOSYM     SMH    MOLCAS    ERIS     OPER   
                                         1380   
                                         JKOP   

              2       8       17.64       500      610      700     1000      520     2100     2140      701   
                                          VAR    BASINP    GEOM     BASIS   MCVARS     RHF     MCSCF    GEOM   

 PROGRAMS   *        TOTAL     MULTI       INT        CI     MULTI       INT        CI     MULTI       INT        CI     MULTI
 CPU TIMES  *       479.86      1.28      8.72      5.80      1.30      8.72      5.78      1.31      8.69      5.68      1.31
 REAL TIME  *       514.43 SEC
 DISK USED  *       800.66 MB
 **********************************************************************************************************************************


 PROGRAM * CI (Multireference internally contracted CI)     Authors: H.-J. Werner, P.J. Knowles, 1987


 Convergence thresholds:  THRVAR = 1.00D-08  THRDEN = 1.00D-06

 Number of optimized states: 2  Roots:    1   2
 Number of reference states: 2  Roots:    1   2

 Program parameters:       NSTATE=  2    NSTATI=  3    NSTATR=  2    NCEPA = -1    NOKOP =  0    ITRDM =  0    ITRANS=  0
                           IDIP  =200    MAXIT =250    MAXITI=250    MAXDAV=  6    MAXVI =  9    NOSING=  0    NOPAIR=  0
                           MXSHRF=  5    IKCPS =  0    IOPTGM=  2    IOPTOR=  0    REFOPT=  1    IAVDEN=  0    IDELCG=  1
                           IREST =  0    NATORB=  0    IPUNRF=  0    ISEP  =  0    OLDDEN=  0    NSTPRI=  1    GPSFLI= -1
                           CLUSTE=  0    CLOSED=  1    ILSTYP=  0    ITRLS =  0    ICCSD =  0    LOCAL =  0    IBASO =  0
                           MP    =  0    ITEDIS=  2    INCDIS=  1    MAXDIS=  6    ITYDIS=  1    BRUECK=  0    IBRSTR=  3
                           INCBRK=  1    TRIPLE=  0    ICCTYP=  1    IHPPD =  0    ICCNEW=  0    I3EXT = -1    IDEB  =  0
                           IDLEIG=  1    IDFTYP=  1    IMP3  =  0    IPROCS=  0    NOINT =  0    NOREF =  1    IMP2G =  0
                           IHINT =  0    IFDIA =  0    ISPARO=  1    JKSYM =  0    CPHF  =  0    MP2D  = -1    DKINT =  0
                           NPKEX =  1    DRVK  =  1    HLSTRA=  1    WIGNER=  1    DIIS_C=  1    MAXIT_= 50    MATEL =  0
                           SPDEG =  1    MEMCPH=  0    DISM  =  1    KDCPMA=  5    IKDCP_=  0    IREDTH=  0    USECS =  0
                           IPROCC=  0    I3SAVE=  1    IKDCP =  1    USECI =  0    OLDPAI=  0    IPROCI=  0    KEEPCL=  1
                           DISCON=  0    SHIFTE=  0    DIISIN=  0    MOLCAS=  0    MEM_PT=  0    RECORD=  0    RS2C  =  0
                           KEXT  = -1    CIPT2 =  0    DECP0S=  0    I4EXT = -1    NATCOR=  0    RIMP2 =  0    DDCI  = -1
                           IPOLAR=  0

 Reference symmetry:                   4   Singlet 
 Number of electrons:                  8
 Maximum number of shells:             4
 Maximum number of spin couplings:     5

 Reference space:        6 conf        9 CSFs
 N elec internal:       45 conf       50 CSFs
 N-1 el internal:       48 conf       72 CSFs
 N-2 el internal:       26 conf       64 CSFs

 Number of electrons in valence space:                      6
 Maximum number of open shell orbitals in reference space:  4
 Maximum number of open shell orbitals in internal spaces:  6


 Number of core orbitals:           1 (   1   0   0   0 )
 Number of active  orbitals:        5 (   3   1   1   0 )
 Number of external orbitals:     201 (  73  49  49  30 )

 Molecular orbitals read from record     2140.2  Type=MCSCF/NATURAL (state averaged)

 Valence orbitals related to previous ones by unitary transformation. Operators transformed.


 Number of p-space configurations:   3

 Reference wavefunction optimized for reference space (refopt=1)

 State     Reference Energy 
     1       -54.14343714
     2       -53.75237186
     3       -53.71235312

 Number of blocks in overlap matrix:     8   Smallest eigenvalue:  0.10D-02
 Number of N-2 electron functions:      35
 Number of N-1 electron functions:      72

 Number of internal configurations:                    9
 Number of singly external configurations:          3575
 Number of doubly external configurations:        180251
 Total number of contracted configurations:       183835
 Total number of uncontracted configurations:     332025

 Diagonal Coupling coefficients finished.               Storage:    6197 words, CPU-Time:      0.00 seconds.
 Energy denominators for pairs finished in 1 passes.    Storage:  121346 words, CPU-time:      0.00 seconds.

  ITER. STATE  ROOT     SQ.NORM     CORR.ENERGY   TOTAL ENERGY   ENERGY CHANGE       DEN1      VAR(S)    VAR(P)      TIME
    1     1     1     1.00000000     0.00000000   -54.14343714     0.00000000    -0.21566562  0.59D-01  0.19D-01     0.15
    1     2     2     1.00000000     0.00000000   -53.75237186     0.00000000    -0.14541135  0.25D-01  0.13D-01     0.15
    2     1     1     1.06395911    -0.19541194   -54.33884908    -0.19541194    -0.00788040  0.17D-02  0.90D-03     0.75
    2     2     2     1.03938983    -0.14737620   -53.89974806    -0.14737620    -0.00283398  0.38D-03  0.38D-03     0.75
    3     1     1     1.06325459    -0.20412811   -54.34756525    -0.00871617    -0.00049604  0.63D-04  0.72D-04     1.36
    3     2     2     1.04148199    -0.15069809   -53.90306995    -0.00332189    -0.00020115  0.41D-04  0.33D-04     1.36
    4     1     1     1.06542291    -0.20479205   -54.34822919    -0.00066394    -0.00004228  0.39D-05  0.64D-05     1.97
    4     2     2     1.04336055    -0.15099465   -53.90336651    -0.00029656    -0.00003407  0.60D-05  0.57D-05     1.97
    5     1     1     1.06606092    -0.20484903   -54.34828617    -0.00005699    -0.00000395  0.38D-06  0.57D-06     2.56
    5     2     2     1.04354477    -0.15104151   -53.90341337    -0.00004686    -0.00000640  0.10D-05  0.12D-05     2.56
    6     1     1     1.06607626    -0.20485426   -54.34829141    -0.00000523    -0.00000045  0.41D-07  0.60D-07     3.16
    6     2     2     1.04352146    -0.15104902   -53.90342088    -0.00000751    -0.00000126  0.25D-06  0.23D-06     3.16
    7     1     1     1.06610830    -0.20485482   -54.34829197    -0.00000056    -0.00000005  0.45D-08  0.75D-08     3.76
    7     2     2     1.04358244    -0.15105052   -53.90342239    -0.00000150    -0.00000029  0.88D-07  0.54D-07     3.76
    8     1     1     1.06611568    -0.20485489   -54.34829203    -0.00000007    -0.00000001  0.72D-09  0.11D-08     4.36
    8     2     2     1.04361408    -0.15105092   -53.90342279    -0.00000040    -0.00000010  0.46D-07  0.16D-07     4.36
    9     1     1     1.06611689    -0.20485489   -54.34829203    -0.00000000    -0.00000001  0.77D-09  0.11D-08     4.83
    9     2     2     1.04364753    -0.15105108   -53.90342294    -0.00000015    -0.00000002  0.18D-07  0.36D-08     4.83
   10     1     1     1.06611686    -0.20485489   -54.34829203    -0.00000000    -0.00000001  0.76D-09  0.11D-08     5.31
   10     2     2     1.04365649    -0.15105111   -53.90342298    -0.00000004    -0.00000001  0.13D-07  0.21D-08     5.31
   11     1     1     1.06611674    -0.20485489   -54.34829203    -0.00000000    -0.00000001  0.76D-09  0.11D-08     5.80
   11     2     2     1.04367715    -0.15105114   -53.90342301    -0.00000003    -0.00000001  0.44D-08  0.22D-08     5.80


 =====================================
 Analysis of CPU times by interactions
 =====================================

       I      S      P

 I   0.0%
 S   0.0%   0.5%
 P   0.2%   0.2%  14.1%

 Initialization:   2.4%
 Other:           82.6%

 Total CPU:        5.8 seconds
 =====================================



 gnormi=  0.93798359  gnorms=  0.03889224  gnormp=  0.02312417  gnorm=  1.00000000
 ecorri= -0.19215053  ecorrs= -0.00796549  ecorrp= -0.00473888  ecorr= -0.20485489

 gnormi=  0.95815071  gnorms=  0.02599486  gnormp=  0.01585443  gnorm=  1.00000000
 ecorri= -0.14472976  ecorrs= -0.00392776  ecorrp= -0.00239363  ecorr= -0.15105114

 Reference coefficients greater than 0.0500000
 =============================================
 2/\/\          -0.0544905   0.9758818
 220/\           0.9667150   0.0530575
 /2\/\           0.0214879  -0.0507188

 Coefficients of fixed reference functions:
 ==========================================

 State      Coefficients
 1           0.968309    0.018099
 2          -0.021368    0.978605

 Coefficients of rotated reference functions:
 ============================================

 State      Coefficients
 1           0.968477   -0.001530
 2          -0.001530    0.978837


 RESULTS FOR STATE 1.4
 =====================

 Coefficient of reference function:   C(0) = 0.96830863 (fixed)   0.96849553 (relaxed)   0.96847656 (rotated)

 Energy contributions of configuration classes

 CLASS          SQ.NORM        ECORR1        ECORR2
 +++++++++++++++++++++++++++++++++++++++++++++++++++
 Internals    0.00003918   -0.00001252   -0.11604279
 Singles      0.04146529   -0.07465369   -0.07798668
 Pairs        0.02465403   -0.00648922   -0.01082542
 Total        1.06615850   -0.08115543   -0.20485489
 +++++++++++++++++++++++++++++++++++++++++++++++++++


 Reference energy                     -54.14327650
 Nuclear energy                         7.12353938
 Kinetic energy                        57.26452817
 One electron energy                  -86.49637514
 Two electron energy                   25.02454373
 Virial quotient                       -0.94907430
 Correlation energy                    -0.20501553
 !MRCI STATE 1.4 Energy               -54.348292034797

 Properties without orbital relaxation:

 !MRCI STATE 1.4 Dipole moment          0.00000000     0.00000000     0.61537730
 Dipole moment /Debye                   0.00000000     0.00000000     1.56413308

 Cluster corrected energies           -54.36185556 (Davidson, fixed reference)
 Cluster corrected energies           -54.36184699 (Davidson, relaxed reference)
 Cluster corrected energies           -54.36185556 (Davidson, rotated reference)

 Cluster corrected energies           -54.35752890 (Pople, fixed reference)
 Cluster corrected energies           -54.35752295 (Pople, relaxed reference)
 Cluster corrected energies           -54.35752890 (Pople, rotated reference)



 RESULTS FOR STATE 2.4
 =====================

 Coefficient of reference function:   C(0) = 0.97860529 (fixed)   0.97885173 (relaxed)   0.97883736 (rotated)

 Energy contributions of configuration classes

 CLASS          SQ.NORM        ECORR1        ECORR2
 +++++++++++++++++++++++++++++++++++++++++++++++++++
 Internals    0.00002937   -0.00001239   -0.00010213
 Singles      0.02713104   -0.05951176   -0.06094732
 Pairs        0.01654739   -0.09143722   -0.09000170
 Total        1.04370780   -0.15096137   -0.15105114
 +++++++++++++++++++++++++++++++++++++++++++++++++++


 Reference energy                     -53.75253251
 Nuclear energy                         7.12353938
 Kinetic energy                        56.73668646
 One electron energy                  -83.71085113
 Two electron energy                   22.68388875
 Virial quotient                       -0.95006294
 Correlation energy                    -0.15089050
 !MRCI STATE 2.4 Energy               -53.903423009760

 Properties without orbital relaxation:

 !MRCI STATE 2.4 Dipole moment          0.00000000     0.00000000    -1.54264098
 Dipole moment /Debye                   0.00000000     0.00000000    -3.92100227

 Cluster corrected energies           -53.91001810 (Davidson, fixed reference)
 Cluster corrected energies           -53.91001348 (Davidson, relaxed reference)
 Cluster corrected energies           -53.91001810 (Davidson, rotated reference)

 Cluster corrected energies           -53.90788279 (Pople, fixed reference)
 Cluster corrected energies           -53.90787962 (Pople, relaxed reference)
 Cluster corrected energies           -53.90788279 (Pople, rotated reference)


 !MRCI trans          <2.4|DMZ|1.4>    -0.197862416521 au =    -0.502916099371 Debye


 **********************************************************************************************************************************
 DATASETS  * FILE   NREC   LENGTH (MB)   RECORD NAMES
              1      21      267.12       500      700      610      701      900      950      970     1000      129      960   
                                          VAR     GEOM    BASINP    GEOM    SYMINP    ZMAT    AOBASIS   BASIS     P2S    ABASIS    
                                         1100     1400     1410     1200     1210     1080     1600     1650     1300     1700   
                                           S        T        V       H0       H01     AOSYM     SMH    MOLCAS    ERIS     OPER   
                                         1380   
                                         JKOP   

              2       8       17.64       500      610      700     1000      520     2100     2140      701   
                                          VAR    BASINP    GEOM     BASIS   MCVARS     RHF     MCSCF    GEOM   

 PROGRAMS   *        TOTAL        CI     MULTI       INT        CI     MULTI       INT        CI     MULTI       INT        CI
 CPU TIMES  *       485.70      5.84      1.28      8.72      5.80      1.30      8.72      5.78      1.31      8.69      5.68
 REAL TIME  *       520.80 SEC
 DISK USED  *       800.66 MB
 **********************************************************************************************************************************
 SETTING E1(31)         =       -54.34829203  AU                              
 SETTING E2(31)         =       -53.90342301  AU                              

 DO I                   =        32.00000000   


 Using spherical harmonics

 Library entry N      S aug-cc-pV5Z          selected for orbital group  1
 Library entry N      P aug-cc-pV5Z          selected for orbital group  1
 Library entry N      D aug-cc-pV5Z          selected for orbital group  1
 Library entry N      F aug-cc-pV5Z          selected for orbital group  1
 Library entry N      G aug-cc-pV5Z          selected for orbital group  1
 Library entry N      H aug-cc-pV5Z          selected for orbital group  1
 Library entry H      S aug-cc-pV5Z          selected for orbital group  2
 Library entry H      P aug-cc-pV5Z          selected for orbital group  2
 Library entry H      D aug-cc-pV5Z          selected for orbital group  2
 Library entry H      F aug-cc-pV5Z          selected for orbital group  2
 Library entry H      G aug-cc-pV5Z          selected for orbital group  2


 PROGRAM * SEWARD (Integral evaluation for generally contracted gaussian basis sets)     Author: Roland Lindh, 1990

 Geometry written to block  1 of record 701

 Orientation using atomic masses  
 Molecule type: Linear
 Symmetry elements: X,Y
 Rotational constants:    2149.9165201   2149.9165201      0.0000000 GHz  (calculated with average atomic masses)

 Point group  C2v 



 ATOMIC COORDINATES

 NR  ATOM    CHARGE       X              Y              Z

   1  N       7.00    0.000000000    0.000000000   -0.063429112
   2  H       1.00    0.000000000    0.000000000    0.881433951

 Bond lengths in Bohr (Angstrom)

 1-2  0.944863062
     ( 0.500000000)

 NUCLEAR CHARGE:                    8
 NUMBER OF PRIMITIVE AOS:         307
 NUMBER OF SYMMETRY AOS:          227
 NUMBER OF CONTRACTIONS:          207   (   77A1  +   50B1  +   50B2  +   30A2  )
 NUMBER OF INNER CORE ORBITALS:     0   (    0A1  +    0B1  +    0B2  +    0A2  )
 NUMBER OF OUTER CORE ORBITALS:     1   (    1A1  +    0B1  +    0B2  +    0A2  )
 NUMBER OF VALENCE ORBITALS:        5   (    3A1  +    1B1  +    1B2  +    0A2  )


 NUCLEAR REPULSION ENERGY    7.40848095

 EXTRA SYMMETRY OF AOS IN SYMMETRY 1:   1 1 1 1 1 1 1 1 1 1   1 1 1 1 2 1 2 1 2 1   2 1 2 1 2 1 2 1 2 1   2 1 3 2 1 3 2 1 3 2
                                        2 3 1 2 3 1 1 1 1 1   1 1 1 1 1 1 1 1 2 1   2 1 2 1 2 1 2 1 2 1   2 1 3 2 1 3 2
 EXTRA SYMMETRY OF AOS IN SYMMETRY 2:   1 1 1 1 1 1 1 1 1 1   1 1 2 1 2 1 2 1 2 1   2 1 2 1 2 1 2 3 1 2   3 1 1 1 1 1 1 1 1 1
                                        1 2 1 2 1 2 1 2 1 2
 EXTRA SYMMETRY OF AOS IN SYMMETRY 3:   1 1 1 1 1 1 1 1 1 1   1 1 2 1 2 1 2 1 2 1   2 1 2 1 2 1 2 3 1 2   3 1 1 1 1 1 1 1 1 1
                                        1 2 1 2 1 2 1 2 1 2
 EXTRA SYMMETRY OF AOS IN SYMMETRY 4:   1 1 1 1 1 1 1 1 1 1   2 1 2 1 2 2 1 2 1 1   1 1 1 1 1 1 1 2 1 2

 Eigenvalues of metric

         1 0.279E-05 0.173E-04 0.333E-04 0.681E-04 0.118E-03 0.133E-03 0.184E-03 0.298E-03
         2 0.187E-04 0.106E-03 0.455E-03 0.934E-03 0.199E-02 0.301E-02 0.378E-02 0.649E-02
         3 0.187E-04 0.106E-03 0.455E-03 0.934E-03 0.199E-02 0.301E-02 0.378E-02 0.649E-02
         4 0.298E-03 0.208E-02 0.834E-02 0.109E-01 0.204E-01 0.496E-01 0.702E-01 0.720E-01


 Contracted 2-electron integrals neglected if value below      1.0D-12
 AO integral compression algorithm  1   Integral accuracy      1.0D-12

     303.563 MB (compressed) written to integral file ( 53.9%)


 NUMBER OF SORTED TWO-ELECTRON INTEGRALS:   59167011.     BUFFER LENGTH:  32768
 NUMBER OF SEGMENTS:   4  SEGMENT LENGTH:   15999984      RECORD LENGTH: 524288

 Memory used in sort:      16.56 MW

 SORT1 READ    70490039. AND WROTE    39593825. INTEGRALS IN    116 RECORDS. CPU TIME:     0.78 SEC, REAL TIME:     0.94 SEC
 SORT2 READ    39593825. AND WROTE    59167011. INTEGRALS IN   1158 RECORDS. CPU TIME:     0.66 SEC, REAL TIME:     0.78 SEC

 FILE SIZES:   FILE 1:   334.7 MBYTE,  FILE 4:   486.6 MBYTE,   TOTAL:    821.2 MBYTE

 OPERATOR DM      FOR CENTER  0  COORDINATES:    0.000000    0.000000    0.000000


 **********************************************************************************************************************************
 DATASETS  * FILE   NREC   LENGTH (MB)   RECORD NAMES
              1      20      264.51       500      700      610      701      900      950      970     1000      129      960   
                                          VAR     GEOM    BASINP    GEOM    SYMINP    ZMAT    AOBASIS   BASIS     P2S    ABASIS    
                                         1100     1400     1410     1200     1210     1080     1600     1650     1300     1700   
                                           S        T        V       H0       H01     AOSYM     SMH    MOLCAS    ERIS     OPER   

              2       8       17.64       500      610      700     1000      520     2100     2140      701   
                                          VAR    BASINP    GEOM     BASIS   MCVARS     RHF     MCSCF    GEOM   

 PROGRAMS   *        TOTAL       INT        CI     MULTI       INT        CI     MULTI       INT        CI     MULTI       INT
 CPU TIMES  *       494.42      8.72      5.84      1.28      8.72      5.80      1.30      8.72      5.78      1.31      8.69
 REAL TIME  *       529.97 SEC
 DISK USED  *       800.91 MB
 **********************************************************************************************************************************

 PROGRAM * MULTI (Direct Multiconfiguration SCF)       Authors: P.J. Knowles, H.-J. Werner (1984)
                                                                D.A. Kreplin, P.J. Knowles, H.-J. Werner (2019)

 Number of closed-shell orbitals:   1 (   1   0   0   0 )
 Number of active  orbitals:        5 (   3   1   1   0 )
 Number of external orbitals:     201 (  73  49  49  30 )

 State symmetry 1

 Number of active electrons:   6    Spin symmetry=Singlet   Space symmetry=4
 Number of states:             3
 Number of CSFs:               9   (24 determinants, 100 intermediate states)

 Molecular orbitals read from record     2140.2  Type=MCSCF/NATURAL (state averaged)

 EXTRA SYMMETRY OF MOS IN SYMMETRY 1:   1 1 1 1 1 1 1 2 1 1   1 1 2 1 2 1 1 1 2 1   2 1 1 1 2 3 1 2 1 2   1 2 1 3 1 1 2 1 1 2
                                        1 2 3 1 2 3 1 1 2 1   1 2 1 2 1 1 2 3 1 2   1 3 1 2 3 1 2 1 2 1   1 2 1 2 1 1 1
 EXTRA SYMMETRY OF MOS IN SYMMETRY 2:   1 1 1 1 1 1 2 1 1 1   2 1 1 1 2 1 1 2 1 2   1 1 1 3 2 2 1 1 2 1   1 2 1 1 1 2 3 1 1 2
                                        1 2 1 2 1 1 2 1 1 1
 EXTRA SYMMETRY OF MOS IN SYMMETRY 3:   1 1 1 1 1 1 2 1 1 1   2 1 1 1 2 1 1 2 1 2   1 1 1 3 2 2 1 1 2 1   1 2 1 1 1 2 3 1 1 2
                                        1 2 1 2 1 1 2 1 1 1
 EXTRA SYMMETRY OF MOS IN SYMMETRY 4:   1 1 1 1 1 1 2 1 1 1   2 1 1 1 2 1 2 1 1 1   1 2 1 2 1 2 1 1 1 1

 Wavefunction dump at record             2140.2

 Convergence thresholds  0.10E-04 (gradient)  0.10E-05 (energy)

 Weight factors for state symmetry  1:    0.33333   0.33333   0.33333
 
 Number of orbital rotations:  393  ( 3 closed/active, 73 closed/virtual, 0 active/active, 317 active/virtual )
 Total number of variables:    465
 
  Second-order MCSCF: L-BFGS accelerated
 
 ITER  MIC  NCI  NEG     ENERGY(VAR)    ENERGY(PROJ) ENERGY CHANGE       GRAD(0)  GRAD(ORB)   GRAD(CI)      STEP      TIME
   1    6    3    0    -53.75061797     -53.75106124   -0.00044326    0.09406611 0.00005038 0.00000000  0.91E-02      0.37
   2    9    5    0    -53.75106077     -53.75106077   -0.00000000    0.00011011 0.00000014 0.00000000  0.82E-04      0.75
   3    4    2    0    -53.75106077     -53.75106077    0.00000000    0.00000000 0.00000000 0.00000000  0.73E-08      1.10

 CONVERGENCE REACHED!  Final gradient:    0.00000000 ( 0.11E-10)
                       Final energy:    -53.75106077
 
 Results for state 1.4
 =====================
 !MCSCF STATE 1.4 Energy                       -54.027016025590
 Nuclear energy                                  7.40848095
 Kinetic energy                                 58.12646833
 One electron energy                           -87.67993889
 Two electron energy                            26.24444191
 Virial ratio                                    1.92947357
 
 !MCSCF STATE 1.4 Dipole moment                  0.00000000     0.00000000     0.71259116
 Dipole moment /Debye                            0.00000000     0.00000000     1.81122607
 
 Results for state 2.4
 =====================
 !MCSCF STATE 2.4 Energy                       -53.633424419787
 Nuclear energy                                  7.40848095
 Kinetic energy                                 56.34596294
 One electron energy                           -83.74720389
 Two electron energy                            22.70529852
 Virial ratio                                    1.95185922
 
 !MCSCF STATE 2.4 Dipole moment                  0.00000000     0.00000000    -1.54701967
 Dipole moment /Debye                            0.00000000     0.00000000    -3.93213179
 
 Results for state 3.4
 =====================
 !MCSCF STATE 3.4 Energy                       -53.592741861059
 Nuclear energy                                  7.40848095
 Kinetic energy                                 56.26644762
 One electron energy                           -83.62734873
 Two electron energy                            22.62612592
 Virial ratio                                    1.95248135
 
 !MCSCF STATE 3.4 Dipole moment                  0.00000000     0.00000000    -1.43378643
 Dipole moment /Debye                            0.00000000     0.00000000    -3.64432159
 
 State-averaged charge density matrix saved on record 2140.2 (density set 1)
 
 Expectation values: (only non-zero values are shown)
 
 !MCSCF expec                       <1.4|DMZ|1.4>     0.712591159181 au =     1.811226065677 Debye
 !MCSCF expec                       <2.4|DMZ|2.4>    -1.547019668567 au =    -3.932131786542 Debye
 !MCSCF expec                       <3.4|DMZ|3.4>    -1.433786425749 au =    -3.644321590960 Debye
 
 Transition values: (only non-zero values with the ground state are shown)
 
 !MCSCF trans                       <1.4|DMZ|2.4>    -0.010207166286 au =    -0.025944028909 Debye
 

 EXTRA SYMMETRY OF MOS IN SYMMETRY 1:   1 1 1 1 1 1 1 2 1 1   1 1 2 1 2 1 1 1 2 1   2 1 1 1 2 3 1 2 1 2   1 2 1 3 1 1 2 1 1 2
                                        2 1 3 1 2 3 1 1 2 1   1 2 1 2 1 1 2 3 1 1   2 3 1 2 3 1 2 1 2 1   1 2 1 2 1 1 1
 EXTRA SYMMETRY OF MOS IN SYMMETRY 2:   1 1 1 1 1 1 2 1 1 1   2 1 1 1 2 1 1 2 1 2   1 1 1 3 2 1 2 1 2 1   1 1 2 1 1 2 3 1 1 2
                                        1 2 1 2 1 1 2 1 1 1
 EXTRA SYMMETRY OF MOS IN SYMMETRY 3:   1 1 1 1 1 1 2 1 1 1   2 1 1 1 2 1 1 2 1 2   1 1 1 3 2 1 2 1 2 1   1 1 2 1 1 2 3 1 1 2
                                        1 2 1 2 1 1 2 1 1 1
 
 Natural orbital dump (state averaged) at molpro section 2140.2 (Orbital set 2)
 
 Reoptimze the CI vectors with natural orbitals 
 
 CI Coefficients of symmetry 4
 =============================
 
 220 a b       -0.70464127     -0.05627947     -0.00000000
 220 b a        0.70464127      0.05627947      0.00000000
 2aa b b        0.00000000     -0.00000000      0.57647308
 2bb a a        0.00000000     -0.00000000      0.57647308
 2ab b a       -0.03910462      0.49767745     -0.28823654
 2ba a b       -0.03910462      0.49767745     -0.28823654
 2ab a b        0.03910462     -0.49767745     -0.28823654
 2ba b a        0.03910462     -0.49767745     -0.28823654
 
 Energy:      -54.02701603    -53.63342442    -53.59274186
 


 **********************************************************************************************************************************
 DATASETS  * FILE   NREC   LENGTH (MB)   RECORD NAMES
              1      21      267.43       500      700      610      701      900      950      970     1000      129      960   
                                          VAR     GEOM    BASINP    GEOM    SYMINP    ZMAT    AOBASIS   BASIS     P2S    ABASIS    
                                         1100     1400     1410     1200     1210     1080     1600     1650     1300     1700   
                                           S        T        V       H0       H01     AOSYM     SMH    MOLCAS    ERIS     OPER   
                                         1380   
                                         JKOP   

              2       8       17.64       500      610      700     1000      520     2100     2140      701   
                                          VAR    BASINP    GEOM     BASIS   MCVARS     RHF     MCSCF    GEOM   

 PROGRAMS   *        TOTAL     MULTI       INT        CI     MULTI       INT        CI     MULTI       INT        CI     MULTI
 CPU TIMES  *       495.73      1.31      8.72      5.84      1.28      8.72      5.80      1.30      8.72      5.78      1.31
 REAL TIME  *       531.42 SEC
 DISK USED  *       800.91 MB
 **********************************************************************************************************************************


 PROGRAM * CI (Multireference internally contracted CI)     Authors: H.-J. Werner, P.J. Knowles, 1987


 Convergence thresholds:  THRVAR = 1.00D-08  THRDEN = 1.00D-06

 Number of optimized states: 2  Roots:    1   2
 Number of reference states: 2  Roots:    1   2

 Program parameters:       NSTATE=  2    NSTATI=  3    NSTATR=  2    NCEPA = -1    NOKOP =  0    ITRDM =  0    ITRANS=  0
                           IDIP  =200    MAXIT =250    MAXITI=250    MAXDAV=  6    MAXVI =  9    NOSING=  0    NOPAIR=  0
                           MXSHRF=  5    IKCPS =  0    IOPTGM=  2    IOPTOR=  0    REFOPT=  1    IAVDEN=  0    IDELCG=  1
                           IREST =  0    NATORB=  0    IPUNRF=  0    ISEP  =  0    OLDDEN=  0    NSTPRI=  1    GPSFLI= -1
                           CLUSTE=  0    CLOSED=  1    ILSTYP=  0    ITRLS =  0    ICCSD =  0    LOCAL =  0    IBASO =  0
                           MP    =  0    ITEDIS=  2    INCDIS=  1    MAXDIS=  6    ITYDIS=  1    BRUECK=  0    IBRSTR=  3
                           INCBRK=  1    TRIPLE=  0    ICCTYP=  1    IHPPD =  0    ICCNEW=  0    I3EXT = -1    IDEB  =  0
                           IDLEIG=  1    IDFTYP=  1    IMP3  =  0    IPROCS=  0    NOINT =  0    NOREF =  1    IMP2G =  0
                           IHINT =  0    IFDIA =  0    ISPARO=  1    JKSYM =  0    CPHF  =  0    MP2D  = -1    DKINT =  0
                           NPKEX =  1    DRVK  =  1    HLSTRA=  1    WIGNER=  1    DIIS_C=  1    MAXIT_= 50    MATEL =  0
                           SPDEG =  1    MEMCPH=  0    DISM  =  1    KDCPMA=  5    IKDCP_=  0    IREDTH=  0    USECS =  0
                           IPROCC=  0    I3SAVE=  1    IKDCP =  1    USECI =  0    OLDPAI=  0    IPROCI=  0    KEEPCL=  1
                           DISCON=  0    SHIFTE=  0    DIISIN=  0    MOLCAS=  0    MEM_PT=  0    RECORD=  0    RS2C  =  0
                           KEXT  = -1    CIPT2 =  0    DECP0S=  0    I4EXT = -1    NATCOR=  0    RIMP2 =  0    DDCI  = -1
                           IPOLAR=  0

 Reference symmetry:                   4   Singlet 
 Number of electrons:                  8
 Maximum number of shells:             4
 Maximum number of spin couplings:     5

 Reference space:        6 conf        9 CSFs
 N elec internal:       45 conf       50 CSFs
 N-1 el internal:       48 conf       72 CSFs
 N-2 el internal:       26 conf       64 CSFs

 Number of electrons in valence space:                      6
 Maximum number of open shell orbitals in reference space:  4
 Maximum number of open shell orbitals in internal spaces:  6


 Number of core orbitals:           1 (   1   0   0   0 )
 Number of active  orbitals:        5 (   3   1   1   0 )
 Number of external orbitals:     201 (  73  49  49  30 )

 Molecular orbitals read from record     2140.2  Type=MCSCF/NATURAL (state averaged)

 Valence orbitals related to previous ones by unitary transformation. Operators transformed.


 Number of p-space configurations:   3

 Reference wavefunction optimized for reference space (refopt=1)

 State     Reference Energy 
     1       -54.02701603
     2       -53.63342442
     3       -53.59274186

 Number of blocks in overlap matrix:     8   Smallest eigenvalue:  0.96D-03
 Number of N-2 electron functions:      35
 Number of N-1 electron functions:      72

 Number of internal configurations:                    9
 Number of singly external configurations:          3575
 Number of doubly external configurations:        180251
 Total number of contracted configurations:       183835
 Total number of uncontracted configurations:     332025

 Diagonal Coupling coefficients finished.               Storage:    6197 words, CPU-Time:      0.00 seconds.
 Energy denominators for pairs finished in 1 passes.    Storage:  121346 words, CPU-time:      0.00 seconds.

  ITER. STATE  ROOT     SQ.NORM     CORR.ENERGY   TOTAL ENERGY   ENERGY CHANGE       DEN1      VAR(S)    VAR(P)      TIME
    1     1     1     1.00000000     0.00000000   -54.02701603     0.00000000    -0.21578937  0.58D-01  0.19D-01     0.15
    1     2     2     1.00000000     0.00000000   -53.63342442     0.00000000    -0.14558751  0.25D-01  0.13D-01     0.15
    2     1     1     1.06374576    -0.19570474   -54.22272076    -0.19570474    -0.00787052  0.17D-02  0.89D-03     0.75
    2     2     2     1.03916278    -0.14753895   -53.78096337    -0.14753895    -0.00282444  0.38D-03  0.38D-03     0.75
    3     1     1     1.06300079    -0.20443392   -54.23144994    -0.00872918    -0.00050348  0.64D-04  0.73D-04     1.35
    3     2     2     1.04124365    -0.15085540   -53.78427982    -0.00331645    -0.00020177  0.41D-04  0.33D-04     1.35
    4     1     1     1.06517616    -0.20511042   -54.23212644    -0.00067650    -0.00004316  0.39D-05  0.65D-05     1.95
    4     2     2     1.04312177    -0.15115402   -53.78457844    -0.00029862    -0.00003414  0.60D-05  0.57D-05     1.95
    5     1     1     1.06580991    -0.20516872   -54.23218474    -0.00005830    -0.00000409  0.40D-06  0.58D-06     2.54
    5     2     2     1.04329793    -0.15120128   -53.78462570    -0.00004726    -0.00000635  0.96D-06  0.11D-05     2.54
    6     1     1     1.06582388    -0.20517415   -54.23219018    -0.00000543    -0.00000047  0.43D-07  0.62D-07     3.13
    6     2     2     1.04327181    -0.15120879   -53.78463321    -0.00000750    -0.00000123  0.20D-06  0.23D-06     3.13
    7     1     1     1.06585739    -0.20517474   -54.23219076    -0.00000059    -0.00000006  0.48D-08  0.78D-08     3.73
    7     2     2     1.04332941    -0.15121025   -53.78463467    -0.00000147    -0.00000028  0.66D-07  0.53D-07     3.73
    8     1     1     1.06586488    -0.20517481   -54.23219084    -0.00000007    -0.00000001  0.78D-09  0.12D-08     4.33
    8     2     2     1.04335734    -0.15121063   -53.78463505    -0.00000038    -0.00000008  0.30D-07  0.15D-07     4.33
    9     1     1     1.06586568    -0.20517481   -54.23219084    -0.00000000    -0.00000001  0.81D-09  0.12D-08     4.80
    9     2     2     1.04338387    -0.15121076   -53.78463518    -0.00000013    -0.00000002  0.10D-07  0.26D-08     4.80
   10     1     1     1.06586575    -0.20517481   -54.23219084    -0.00000000    -0.00000001  0.81D-09  0.12D-08     5.27
   10     2     2     1.04338967    -0.15121078   -53.78463520    -0.00000002    -0.00000001  0.78D-08  0.10D-08     5.27


 =====================================
 Analysis of CPU times by interactions
 =====================================

       I      S      P

 I   0.0%
 S   0.2%   0.2%
 P   0.6%   0.8%  14.4%

 Initialization:   2.8%
 Other:           81.0%

 Total CPU:        5.3 seconds
 =====================================



 gnormi=  0.93820446  gnorms=  0.03886184  gnormp=  0.02293370  gnorm=  1.00000000
 ecorri= -0.19249592  ecorrs= -0.00797162  ecorrp= -0.00470727  ecorr= -0.20517481

 gnormi=  0.95841471  gnorms=  0.02586669  gnormp=  0.01571861  gnorm=  1.00000000
 ecorri= -0.14492264  ecorrs= -0.00391267  ecorrp= -0.00237548  ecorr= -0.15121078

 Reference coefficients greater than 0.0500000
 =============================================
 2/\/\          -0.0572692   0.9759203
 220/\           0.9666721   0.0554640
 /2\/\           0.0213397  -0.0501215

 Coefficients of fixed reference functions:
 ==========================================

 State      Coefficients
 1           0.968409    0.018857
 2          -0.022516    0.978715

 Coefficients of rotated reference functions:
 ============================================

 State      Coefficients
 1           0.968591   -0.001720
 2          -0.001720    0.978972


 RESULTS FOR STATE 1.4
 =====================

 Coefficient of reference function:   C(0) = 0.96840944 (fixed)   0.96860955 (relaxed)   0.96859149 (rotated)

 Energy contributions of configuration classes

 CLASS          SQ.NORM        ECORR1        ECORR2
 +++++++++++++++++++++++++++++++++++++++++++++++++++
 Internals    0.00003729   -0.00001484   -0.11589011
 Singles      0.04142305   -0.07489288   -0.07823383
 Pairs        0.02444516   -0.00676167   -0.01105087
 Total        1.06590550   -0.08166939   -0.20517481
 +++++++++++++++++++++++++++++++++++++++++++++++++++


 Reference energy                     -54.02683840
 Nuclear energy                         7.40848095
 Kinetic energy                        57.43724629
 One electron energy                  -86.79114970
 Two electron energy                   25.15047791
 Virial quotient                       -0.94419901
 Correlation energy                    -0.20535244
 !MRCI STATE 1.4 Energy               -54.232190836445

 Properties without orbital relaxation:

 !MRCI STATE 1.4 Dipole moment          0.00000000     0.00000000     0.61011878
 Dipole moment /Debye                   0.00000000     0.00000000     1.55076726

 Cluster corrected energies           -54.24572469 (Davidson, fixed reference)
 Cluster corrected energies           -54.24571653 (Davidson, relaxed reference)
 Cluster corrected energies           -54.24572469 (Davidson, rotated reference)

 Cluster corrected energies           -54.24140678 (Pople, fixed reference)
 Cluster corrected energies           -54.24140111 (Pople, relaxed reference)
 Cluster corrected energies           -54.24140678 (Pople, rotated reference)



 RESULTS FOR STATE 2.4
 =====================

 Coefficient of reference function:   C(0) = 0.97871466 (fixed)   0.97898657 (relaxed)   0.97897211 (rotated)

 Energy contributions of configuration classes

 CLASS          SQ.NORM        ECORR1        ECORR2
 +++++++++++++++++++++++++++++++++++++++++++++++++++
 Internals    0.00002954   -0.00001468   -0.00011516
 Singles      0.02698983   -0.05947843   -0.06091599
 Pairs        0.01640112   -0.09161666   -0.09017964
 Total        1.04342048   -0.15110977   -0.15121078
 +++++++++++++++++++++++++++++++++++++++++++++++++++


 Reference energy                     -53.63360205
 Nuclear energy                         7.40848095
 Kinetic energy                        56.90718572
 One electron energy                  -83.98716709
 Two electron energy                   22.79405094
 Virial quotient                       -0.94512906
 Correlation energy                    -0.15103316
 !MRCI STATE 2.4 Energy               -53.784635201446

 Properties without orbital relaxation:

 !MRCI STATE 2.4 Dipole moment          0.00000000     0.00000000    -1.53933390
 Dipole moment /Debye                   0.00000000     0.00000000    -3.91259652

 Cluster corrected energies           -53.79119313 (Davidson, fixed reference)
 Cluster corrected energies           -53.79118848 (Davidson, relaxed reference)
 Cluster corrected energies           -53.79119313 (Davidson, rotated reference)

 Cluster corrected energies           -53.78906945 (Pople, fixed reference)
 Cluster corrected energies           -53.78906626 (Pople, relaxed reference)
 Cluster corrected energies           -53.78906945 (Pople, rotated reference)


 !MRCI trans          <2.4|DMZ|1.4>    -0.184062201548 au =    -0.467839451634 Debye


 **********************************************************************************************************************************
 DATASETS  * FILE   NREC   LENGTH (MB)   RECORD NAMES
              1      21      267.43       500      700      610      701      900      950      970     1000      129      960   
                                          VAR     GEOM    BASINP    GEOM    SYMINP    ZMAT    AOBASIS   BASIS     P2S    ABASIS    
                                         1100     1400     1410     1200     1210     1080     1600     1650     1300     1700   
                                           S        T        V       H0       H01     AOSYM     SMH    MOLCAS    ERIS     OPER   
                                         1380   
                                         JKOP   

              2       8       17.64       500      610      700     1000      520     2100     2140      701   
                                          VAR    BASINP    GEOM     BASIS   MCVARS     RHF     MCSCF    GEOM   

 PROGRAMS   *        TOTAL        CI     MULTI       INT        CI     MULTI       INT        CI     MULTI       INT        CI
 CPU TIMES  *       501.03      5.30      1.31      8.72      5.84      1.28      8.72      5.80      1.30      8.72      5.78
 REAL TIME  *       537.26 SEC
 DISK USED  *       800.91 MB
 **********************************************************************************************************************************
 SETTING E1(32)         =       -54.23219084  AU                              
 SETTING E2(32)         =       -53.78463520  AU                              


      R        E1             E2
    1.00   -55.08903856   -54.70162300
    0.99   -55.08840648   -54.69820964
    0.98   -55.08758900   -54.69468137
    0.97   -55.08625968   -54.69350415
    0.96   -55.08503071   -54.69102450
    0.95   -55.08357740   -54.68832626
    0.94   -55.08188521   -54.68539531
    0.93   -55.07993872   -54.68221661
    0.92   -55.07772155   -54.67877415
    0.91   -55.07521647   -54.67505089
    0.90   -55.07240507   -54.67102870
    0.88   -55.06578418   -54.66200904
    0.86   -55.05768826   -54.65154544
    0.85   -55.05302798   -54.64571305
    0.84   -55.04792497   -54.63944564
    0.82   -55.03627723   -54.62549192
    0.80   -55.02249963   -54.60943738
    0.78   -55.00631433   -54.59100194
    0.76   -54.98740627   -54.56986748
    0.74   -54.96541762   -54.54567232
    0.72   -54.93994126   -54.51800455
    0.70   -54.91051325   -54.48639457
    0.68   -54.87660391   -54.45030600
    0.66   -54.83760732   -54.40912510
    0.64   -54.79282893   -54.36214828
    0.62   -54.74147083   -54.30856719
    0.60   -54.68261423   -54.24745107
    0.58   -54.61519847   -54.17772554
    0.56   -54.53799573   -54.09814723
    0.54   -54.44958034   -54.00727304
    0.52   -54.34829203   -53.90342301
    0.50   -54.23219084   -53.78463520
                                                  

 CI/aug-cc-pV5Z energy=    -53.784635201446

              CI           MULTI              CI           MULTI              CI           MULTI              CI           MULTI
    -53.78463520    -53.59274186    -53.90342301    -53.71235312    -54.00727304    -53.81704062    -54.09814723    -53.90876573
 **********************************************************************************************************************************
 Molpro calculation terminated
